{
    "FIL-EUR": [
        {
            "time": "12.08.2021 23:54",
            "open": "57.3988",
            "high": "57.3988",
            "low": "57.3617",
            "close": "57.4029"
        },
        {
            "time": "13.08.2021 00:00",
            "open": "57.4029",
            "high": "57.4029",
            "low": "57.4029",
            "close": "57.5076"
        },
        {
            "time": "13.08.2021 00:02",
            "open": "57.5076",
            "high": "57.5076",
            "low": "57.4487",
            "close": "57.4959"
        },
        {
            "time": "13.08.2021 00:03",
            "open": "57.4959",
            "high": "57.4959",
            "low": "57.4959",
            "close": "57.0442"
        },
        {
            "time": "13.08.2021 00:08",
            "open": "57.0442",
            "high": "57.0824",
            "low": "57.0442",
            "close": "57.377"
        },
        {
            "time": "13.08.2021 00:16",
            "open": "57.377",
            "high": "57.377",
            "low": "57.377",
            "close": "57"
        },
        {
            "time": "13.08.2021 00:41",
            "open": "57",
            "high": "57",
            "low": "57",
            "close": "56.9887"
        },
        {
            "time": "13.08.2021 00:46",
            "open": "56.9887",
            "high": "56.9887",
            "low": "56.8895",
            "close": "56.85"
        },
        {
            "time": "13.08.2021 00:48",
            "open": "56.85",
            "high": "56.85",
            "low": "56.85",
            "close": "56.8775"
        },
        {
            "time": "13.08.2021 00:49",
            "open": "56.8775",
            "high": "56.8775",
            "low": "56.8775",
            "close": "56.9236"
        },
        {
            "time": "13.08.2021 00:51",
            "open": "56.9236",
            "high": "56.9238",
            "low": "56.9236",
            "close": "56.7817"
        },
        {
            "time": "13.08.2021 00:56",
            "open": "56.7817",
            "high": "56.7817",
            "low": "56.7817",
            "close": "56.8732"
        },
        {
            "time": "13.08.2021 00:57",
            "open": "56.8732",
            "high": "56.8732",
            "low": "56.8732",
            "close": "57.1981"
        },
        {
            "time": "13.08.2021 01:02",
            "open": "57.1981",
            "high": "57.1981",
            "low": "57.1981",
            "close": "57.3492"
        },
        {
            "time": "13.08.2021 01:03",
            "open": "57.3492",
            "high": "57.3492",
            "low": "57.3492",
            "close": "57.3164"
        },
        {
            "time": "13.08.2021 01:04",
            "open": "57.3164",
            "high": "57.3164",
            "low": "57.3164",
            "close": "57.4063"
        },
        {
            "time": "13.08.2021 01:07",
            "open": "57.4063",
            "high": "57.4063",
            "low": "57.3748",
            "close": "57.5383"
        },
        {
            "time": "13.08.2021 01:11",
            "open": "57.5383",
            "high": "57.6342",
            "low": "57.5383",
            "close": "57.7656"
        },
        {
            "time": "13.08.2021 01:12",
            "open": "57.7656",
            "high": "57.7656",
            "low": "57.7656",
            "close": "57.6938"
        },
        {
            "time": "13.08.2021 01:15",
            "open": "57.6938",
            "high": "57.6938",
            "low": "57.6938",
            "close": "57.47"
        },
        {
            "time": "13.08.2021 01:18",
            "open": "57.47",
            "high": "57.47",
            "low": "57.4684",
            "close": "57.6897"
        },
        {
            "time": "13.08.2021 01:27",
            "open": "57.6897",
            "high": "57.6897",
            "low": "57.6897",
            "close": "57.953"
        },
        {
            "time": "13.08.2021 01:29",
            "open": "57.953",
            "high": "58.0004",
            "low": "57.953",
            "close": "58.2463"
        },
        {
            "time": "13.08.2021 01:33",
            "open": "58.2463",
            "high": "58.2463",
            "low": "58.2463",
            "close": "58.1571"
        },
        {
            "time": "13.08.2021 01:40",
            "open": "58.1571",
            "high": "58.1571",
            "low": "58.1219",
            "close": "58.1405"
        },
        {
            "time": "13.08.2021 01:43",
            "open": "58.1405",
            "high": "58.1405",
            "low": "58.1405",
            "close": "58.1405"
        },
        {
            "time": "13.08.2021 01:44",
            "open": "58.1405",
            "high": "58.1405",
            "low": "58.0902",
            "close": "58.2821"
        },
        {
            "time": "13.08.2021 01:49",
            "open": "58.2821",
            "high": "58.2857",
            "low": "58.2439",
            "close": "58.2439"
        },
        {
            "time": "13.08.2021 01:50",
            "open": "58.2439",
            "high": "58.2439",
            "low": "58.1849",
            "close": "58.2515"
        },
        {
            "time": "13.08.2021 01:54",
            "open": "58.2515",
            "high": "58.2515",
            "low": "58.2515",
            "close": "58.2718"
        },
        {
            "time": "13.08.2021 01:57",
            "open": "58.2718",
            "high": "58.2718",
            "low": "58.2718",
            "close": "58.3433"
        },
        {
            "time": "13.08.2021 02:00",
            "open": "58.3433",
            "high": "58.3433",
            "low": "58.3433",
            "close": "58.3204"
        },
        {
            "time": "13.08.2021 02:01",
            "open": "58.3204",
            "high": "58.3204",
            "low": "58.3204",
            "close": "58.6774"
        },
        {
            "time": "13.08.2021 02:04",
            "open": "58.6774",
            "high": "58.7158",
            "low": "58.6774",
            "close": "58.6267"
        },
        {
            "time": "13.08.2021 02:05",
            "open": "58.6267",
            "high": "58.7158",
            "low": "58.6267",
            "close": "58.8571"
        },
        {
            "time": "13.08.2021 02:06",
            "open": "58.8571",
            "high": "58.883",
            "low": "58.8389",
            "close": "58.3204"
        },
        {
            "time": "13.08.2021 02:16",
            "open": "58.3204",
            "high": "58.3204",
            "low": "58.3204",
            "close": "58.3729"
        },
        {
            "time": "13.08.2021 02:17",
            "open": "58.3729",
            "high": "58.3729",
            "low": "58.3622",
            "close": "58.7239"
        },
        {
            "time": "13.08.2021 02:21",
            "open": "58.7239",
            "high": "58.7239",
            "low": "58.7239",
            "close": "59.1268"
        },
        {
            "time": "13.08.2021 02:23",
            "open": "59.1268",
            "high": "59.1467",
            "low": "59.0594",
            "close": "59.1568"
        },
        {
            "time": "13.08.2021 02:26",
            "open": "59.1568",
            "high": "59.1568",
            "low": "59.1207",
            "close": "59.122"
        },
        {
            "time": "13.08.2021 02:27",
            "open": "59.122",
            "high": "59.122",
            "low": "59.122",
            "close": "59.0793"
        },
        {
            "time": "13.08.2021 02:29",
            "open": "59.0793",
            "high": "59.0793",
            "low": "59.0793",
            "close": "58.9878"
        },
        {
            "time": "13.08.2021 02:30",
            "open": "58.9878",
            "high": "58.9878",
            "low": "58.9878",
            "close": "58.9105"
        },
        {
            "time": "13.08.2021 02:31",
            "open": "58.9105",
            "high": "58.9105",
            "low": "58.6148",
            "close": "58.945"
        },
        {
            "time": "13.08.2021 02:33",
            "open": "58.945",
            "high": "58.945",
            "low": "58.945",
            "close": "59.037"
        },
        {
            "time": "13.08.2021 02:36",
            "open": "59.037",
            "high": "59.037",
            "low": "59.037",
            "close": "59.0646"
        },
        {
            "time": "13.08.2021 02:39",
            "open": "59.0646",
            "high": "59.0987",
            "low": "59.0646",
            "close": "59.2538"
        },
        {
            "time": "13.08.2021 02:41",
            "open": "59.2538",
            "high": "59.2687",
            "low": "59.2202",
            "close": "59.3856"
        },
        {
            "time": "13.08.2021 02:45",
            "open": "59.3856",
            "high": "59.3856",
            "low": "59.3068",
            "close": "59.2977"
        },
        {
            "time": "13.08.2021 02:48",
            "open": "59.2977",
            "high": "59.4265",
            "low": "59.2977",
            "close": "59.2608"
        },
        {
            "time": "13.08.2021 02:49",
            "open": "59.2608",
            "high": "59.2608",
            "low": "59.2608",
            "close": "59.5278"
        },
        {
            "time": "13.08.2021 02:55",
            "open": "59.5278",
            "high": "59.5278",
            "low": "59.5278",
            "close": "59.2094"
        },
        {
            "time": "13.08.2021 03:02",
            "open": "59.2094",
            "high": "59.2251",
            "low": "59.2094",
            "close": "59.2887"
        },
        {
            "time": "13.08.2021 03:03",
            "open": "59.2887",
            "high": "59.2887",
            "low": "59.2887",
            "close": "59.1493"
        },
        {
            "time": "13.08.2021 03:07",
            "open": "59.1493",
            "high": "59.1493",
            "low": "59.1493",
            "close": "59.0371"
        },
        {
            "time": "13.08.2021 03:09",
            "open": "59.0371",
            "high": "59.0371",
            "low": "59.0371",
            "close": "59.431"
        },
        {
            "time": "13.08.2021 03:18",
            "open": "59.431",
            "high": "59.431",
            "low": "59.269",
            "close": "59.3444"
        },
        {
            "time": "13.08.2021 03:21",
            "open": "59.3444",
            "high": "59.3444",
            "low": "59.3444",
            "close": "59.4359"
        },
        {
            "time": "13.08.2021 03:23",
            "open": "59.4359",
            "high": "59.4359",
            "low": "59.4305",
            "close": "59.3221"
        },
        {
            "time": "13.08.2021 03:27",
            "open": "59.3221",
            "high": "59.3221",
            "low": "59.3221",
            "close": "59.227"
        },
        {
            "time": "13.08.2021 03:32",
            "open": "59.227",
            "high": "59.227",
            "low": "59.227",
            "close": "59.2292"
        },
        {
            "time": "13.08.2021 03:33",
            "open": "59.2292",
            "high": "59.2292",
            "low": "59.2292",
            "close": "59.3355"
        },
        {
            "time": "13.08.2021 03:37",
            "open": "59.3355",
            "high": "59.3355",
            "low": "59.3355",
            "close": "59.2968"
        },
        {
            "time": "13.08.2021 03:39",
            "open": "59.2968",
            "high": "59.3",
            "low": "59.2968",
            "close": "59.4569"
        },
        {
            "time": "13.08.2021 03:40",
            "open": "59.4569",
            "high": "59.4569",
            "low": "59.4569",
            "close": "59.1505"
        },
        {
            "time": "13.08.2021 03:57",
            "open": "59.1505",
            "high": "59.1505",
            "low": "59.1505",
            "close": "59.2154"
        },
        {
            "time": "13.08.2021 03:58",
            "open": "59.2154",
            "high": "59.2154",
            "low": "59.1577",
            "close": "59.1737"
        },
        {
            "time": "13.08.2021 04:01",
            "open": "59.1737",
            "high": "59.1737",
            "low": "59.1737",
            "close": "59.1737"
        },
        {
            "time": "13.08.2021 04:05",
            "open": "59.1431",
            "high": "59.1431",
            "low": "59.1431",
            "close": "59.1477"
        },
        {
            "time": "13.08.2021 04:13",
            "open": "59.1477",
            "high": "59.1477",
            "low": "59.1477",
            "close": "59.098"
        },
        {
            "time": "13.08.2021 04:17",
            "open": "59.098",
            "high": "59.098",
            "low": "59.098",
            "close": "59.0628"
        },
        {
            "time": "13.08.2021 04:18",
            "open": "59.0628",
            "high": "59.0628",
            "low": "58.9769",
            "close": "58.8892"
        },
        {
            "time": "13.08.2021 04:19",
            "open": "58.8892",
            "high": "58.8892",
            "low": "58.8393",
            "close": "58.9135"
        },
        {
            "time": "13.08.2021 04:21",
            "open": "58.9135",
            "high": "58.9135",
            "low": "58.9135",
            "close": "58.9135"
        },
        {
            "time": "13.08.2021 04:22",
            "open": "58.9135",
            "high": "58.9135",
            "low": "58.9135",
            "close": "58.9754"
        },
        {
            "time": "13.08.2021 04:24",
            "open": "58.9754",
            "high": "58.9754",
            "low": "58.9754",
            "close": "59.007"
        },
        {
            "time": "13.08.2021 04:25",
            "open": "59.007",
            "high": "59.007",
            "low": "59.007",
            "close": "59.0485"
        },
        {
            "time": "13.08.2021 04:26",
            "open": "59.0485",
            "high": "59.0686",
            "low": "59.0485",
            "close": "59.0677"
        },
        {
            "time": "13.08.2021 04:27",
            "open": "59.0677",
            "high": "59.0677",
            "low": "59.0677",
            "close": "59.0758"
        },
        {
            "time": "13.08.2021 04:33",
            "open": "59.0758",
            "high": "59.0758",
            "low": "59.0758",
            "close": "59.3961"
        },
        {
            "time": "13.08.2021 04:48",
            "open": "59.3961",
            "high": "59.3961",
            "low": "59.3961",
            "close": "59.5018"
        },
        {
            "time": "13.08.2021 04:49",
            "open": "59.5018",
            "high": "59.5677",
            "low": "59.5002",
            "close": "59.8708"
        },
        {
            "time": "13.08.2021 04:51",
            "open": "59.8708",
            "high": "59.8708",
            "low": "59.8708",
            "close": "59.8168"
        },
        {
            "time": "13.08.2021 04:52",
            "open": "59.8168",
            "high": "59.8168",
            "low": "59.8168",
            "close": "59.7865"
        },
        {
            "time": "13.08.2021 04:53",
            "open": "59.7865",
            "high": "59.7865",
            "low": "59.7129",
            "close": "59.8245"
        },
        {
            "time": "13.08.2021 05:00",
            "open": "59.8245",
            "high": "59.8245",
            "low": "59.8245",
            "close": "59.6555"
        },
        {
            "time": "13.08.2021 05:02",
            "open": "59.6555",
            "high": "59.6555",
            "low": "59.5821",
            "close": "59.7133"
        },
        {
            "time": "13.08.2021 05:03",
            "open": "59.7133",
            "high": "59.7921",
            "low": "59.7133",
            "close": "59.7714"
        },
        {
            "time": "13.08.2021 05:05",
            "open": "59.7714",
            "high": "59.7714",
            "low": "59.7714",
            "close": "59.6912"
        },
        {
            "time": "13.08.2021 05:07",
            "open": "59.6912",
            "high": "59.6912",
            "low": "59.648",
            "close": "59.6507"
        },
        {
            "time": "13.08.2021 05:09",
            "open": "59.6507",
            "high": "59.67",
            "low": "59.6507",
            "close": "59.607"
        },
        {
            "time": "13.08.2021 05:10",
            "open": "59.607",
            "high": "59.607",
            "low": "59.607",
            "close": "59.7101"
        },
        {
            "time": "13.08.2021 05:23",
            "open": "59.7101",
            "high": "59.7101",
            "low": "59.7101",
            "close": "59.5908"
        },
        {
            "time": "13.08.2021 05:28",
            "open": "59.5908",
            "high": "59.5908",
            "low": "59.5908",
            "close": "59.2317"
        },
        {
            "time": "13.08.2021 05:55",
            "open": "59.2317",
            "high": "59.2317",
            "low": "59.135",
            "close": "59.114"
        },
        {
            "time": "13.08.2021 06:01",
            "open": "59.114",
            "high": "59.114",
            "low": "59.114",
            "close": "59.1991"
        },
        {
            "time": "13.08.2021 06:06",
            "open": "59.1991",
            "high": "59.2411",
            "low": "59.1029",
            "close": "59.1035"
        },
        {
            "time": "13.08.2021 06:07",
            "open": "59.1035",
            "high": "59.1035",
            "low": "59.088",
            "close": "58.7826"
        },
        {
            "time": "13.08.2021 06:12",
            "open": "58.7826",
            "high": "58.7826",
            "low": "58.7826",
            "close": "59.1418"
        },
        {
            "time": "13.08.2021 06:33",
            "open": "59.1418",
            "high": "59.1418",
            "low": "59.1418",
            "close": "59.4871"
        },
        {
            "time": "13.08.2021 06:41",
            "open": "59.4871",
            "high": "59.4871",
            "low": "59.4871",
            "close": "59.3718"
        },
        {
            "time": "13.08.2021 06:42",
            "open": "59.3718",
            "high": "59.3718",
            "low": "59.3718",
            "close": "59.3328"
        },
        {
            "time": "13.08.2021 06:44",
            "open": "59.3328",
            "high": "59.3328",
            "low": "59.3328",
            "close": "59.2858"
        },
        {
            "time": "13.08.2021 06:46",
            "open": "59.2858",
            "high": "59.2983",
            "low": "59.2858",
            "close": "59.2672"
        },
        {
            "time": "13.08.2021 06:47",
            "open": "59.2672",
            "high": "59.2672",
            "low": "59.2672",
            "close": "59.2307"
        },
        {
            "time": "13.08.2021 06:49",
            "open": "59.2307",
            "high": "59.2307",
            "low": "59.2307",
            "close": "59.1853"
        },
        {
            "time": "13.08.2021 06:56",
            "open": "59.1853",
            "high": "59.1853",
            "low": "59.1853",
            "close": "59.2222"
        },
        {
            "time": "13.08.2021 07:11",
            "open": "59.2222",
            "high": "59.2222",
            "low": "59.2222",
            "close": "59.3819"
        },
        {
            "time": "13.08.2021 07:19",
            "open": "59.3819",
            "high": "59.3819",
            "low": "59.3819",
            "close": "59.5"
        },
        {
            "time": "13.08.2021 07:21",
            "open": "59.5",
            "high": "59.5",
            "low": "59.5",
            "close": "59.8741"
        },
        {
            "time": "13.08.2021 07:41",
            "open": "59.8741",
            "high": "59.8741",
            "low": "59.8741",
            "close": "59.7421"
        },
        {
            "time": "13.08.2021 07:45",
            "open": "59.7421",
            "high": "59.7421",
            "low": "59.7421",
            "close": "59.6471"
        },
        {
            "time": "13.08.2021 07:48",
            "open": "59.6471",
            "high": "59.6471",
            "low": "59.6471",
            "close": "59.6"
        },
        {
            "time": "13.08.2021 07:53",
            "open": "59.6",
            "high": "59.6",
            "low": "59.5008",
            "close": "59.3953"
        },
        {
            "time": "13.08.2021 07:55",
            "open": "59.3953",
            "high": "59.3953",
            "low": "59.3368",
            "close": "59.3503"
        },
        {
            "time": "13.08.2021 07:58",
            "open": "59.3503",
            "high": "59.3503",
            "low": "59.3503",
            "close": "59.4635"
        },
        {
            "time": "13.08.2021 08:00",
            "open": "59.4635",
            "high": "59.4635",
            "low": "59.4635",
            "close": "59.4454"
        },
        {
            "time": "13.08.2021 08:02",
            "open": "59.4454",
            "high": "59.4454",
            "low": "59.4454",
            "close": "59.3141"
        },
        {
            "time": "13.08.2021 08:06",
            "open": "59.3141",
            "high": "59.3221",
            "low": "59.3141",
            "close": "59.1397"
        },
        {
            "time": "13.08.2021 08:13",
            "open": "59.1397",
            "high": "59.1397",
            "low": "59.1397",
            "close": "59.2775"
        },
        {
            "time": "13.08.2021 08:17",
            "open": "59.2775",
            "high": "59.3365",
            "low": "59.2775",
            "close": "59.6486"
        },
        {
            "time": "13.08.2021 08:23",
            "open": "59.6486",
            "high": "59.7557",
            "low": "59.6472",
            "close": "59.7847"
        },
        {
            "time": "13.08.2021 08:25",
            "open": "59.7847",
            "high": "59.7847",
            "low": "59.7847",
            "close": "59.6914"
        },
        {
            "time": "13.08.2021 08:28",
            "open": "59.6914",
            "high": "59.7081",
            "low": "59.6914",
            "close": "59.6903"
        },
        {
            "time": "13.08.2021 08:29",
            "open": "59.6903",
            "high": "59.6903",
            "low": "59.6903",
            "close": "59.6696"
        },
        {
            "time": "13.08.2021 08:30",
            "open": "59.6696",
            "high": "59.7528",
            "low": "59.6378",
            "close": "59.7255"
        },
        {
            "time": "13.08.2021 08:31",
            "open": "59.7255",
            "high": "59.7995",
            "low": "59.7074",
            "close": "59.7743"
        },
        {
            "time": "13.08.2021 08:32",
            "open": "59.7743",
            "high": "59.7743",
            "low": "59.7743",
            "close": "59.93"
        },
        {
            "time": "13.08.2021 08:34",
            "open": "59.93",
            "high": "59.9543",
            "low": "59.93",
            "close": "59.9791"
        },
        {
            "time": "13.08.2021 08:35",
            "open": "59.9791",
            "high": "60",
            "low": "59.9791",
            "close": "60.0399"
        },
        {
            "time": "13.08.2021 08:37",
            "open": "60.0399",
            "high": "60.0399",
            "low": "60.0399",
            "close": "60.2387"
        },
        {
            "time": "13.08.2021 08:40",
            "open": "60.2387",
            "high": "60.2387",
            "low": "60.2387",
            "close": "60.237"
        },
        {
            "time": "13.08.2021 08:41",
            "open": "60.237",
            "high": "60.237",
            "low": "60.2034",
            "close": "60.375"
        },
        {
            "time": "13.08.2021 08:43",
            "open": "60.375",
            "high": "60.375",
            "low": "60.375",
            "close": "60.4207"
        },
        {
            "time": "13.08.2021 08:44",
            "open": "60.4207",
            "high": "60.4207",
            "low": "60.4207",
            "close": "60.44"
        },
        {
            "time": "13.08.2021 08:45",
            "open": "60.44",
            "high": "60.44",
            "low": "60.44",
            "close": "60.1146"
        },
        {
            "time": "13.08.2021 08:47",
            "open": "60.1146",
            "high": "60.125",
            "low": "60.1146",
            "close": "60.0385"
        },
        {
            "time": "13.08.2021 08:48",
            "open": "60.0385",
            "high": "60.056",
            "low": "60.0385",
            "close": "60.0562"
        },
        {
            "time": "13.08.2021 08:49",
            "open": "60.0562",
            "high": "60.0562",
            "low": "60.0562",
            "close": "60.209"
        },
        {
            "time": "13.08.2021 08:53",
            "open": "60.209",
            "high": "60.209",
            "low": "60.209",
            "close": "60.1389"
        },
        {
            "time": "13.08.2021 08:55",
            "open": "60.1389",
            "high": "60.2497",
            "low": "60.1389",
            "close": "60.5018"
        },
        {
            "time": "13.08.2021 08:58",
            "open": "60.5018",
            "high": "60.5018",
            "low": "60.5018",
            "close": "60.5"
        },
        {
            "time": "13.08.2021 09:00",
            "open": "60.5",
            "high": "60.6085",
            "low": "60.46",
            "close": "60.5641"
        },
        {
            "time": "13.08.2021 09:03",
            "open": "60.5641",
            "high": "60.5641",
            "low": "60.5641",
            "close": "60.7072"
        },
        {
            "time": "13.08.2021 09:04",
            "open": "60.7072",
            "high": "60.7845",
            "low": "60.7072",
            "close": "60.8035"
        },
        {
            "time": "13.08.2021 09:08",
            "open": "60.8035",
            "high": "60.8035",
            "low": "60.8035",
            "close": "60.9008"
        },
        {
            "time": "13.08.2021 09:10",
            "open": "60.9008",
            "high": "60.9008",
            "low": "60.9008",
            "close": "60.99"
        },
        {
            "time": "13.08.2021 09:11",
            "open": "60.99",
            "high": "61.0329",
            "low": "60.99",
            "close": "60.7928"
        },
        {
            "time": "13.08.2021 09:13",
            "open": "60.7928",
            "high": "60.7928",
            "low": "60.7928",
            "close": "60.7394"
        },
        {
            "time": "13.08.2021 09:14",
            "open": "60.7394",
            "high": "60.7394",
            "low": "60.7394",
            "close": "60.6692"
        },
        {
            "time": "13.08.2021 09:15",
            "open": "60.6692",
            "high": "60.6692",
            "low": "60.5709",
            "close": "60.848"
        },
        {
            "time": "13.08.2021 09:18",
            "open": "60.848",
            "high": "61.0036",
            "low": "60.848",
            "close": "61.0856"
        },
        {
            "time": "13.08.2021 09:19",
            "open": "61.0856",
            "high": "61.0936",
            "low": "61.0399",
            "close": "61.0683"
        },
        {
            "time": "13.08.2021 09:20",
            "open": "61.0683",
            "high": "61.0683",
            "low": "61.0108",
            "close": "61.0972"
        },
        {
            "time": "13.08.2021 09:22",
            "open": "61.0972",
            "high": "61.0972",
            "low": "61.0972",
            "close": "60.9795"
        },
        {
            "time": "13.08.2021 09:23",
            "open": "60.9795",
            "high": "60.9795",
            "low": "60.9795",
            "close": "61.0716"
        },
        {
            "time": "13.08.2021 09:25",
            "open": "61.0716",
            "high": "61.0716",
            "low": "61.0716",
            "close": "60.8473"
        },
        {
            "time": "13.08.2021 09:27",
            "open": "60.8473",
            "high": "60.8473",
            "low": "60.8473",
            "close": "60.8029"
        },
        {
            "time": "13.08.2021 09:28",
            "open": "60.8029",
            "high": "60.8029",
            "low": "60.8029",
            "close": "60.771"
        },
        {
            "time": "13.08.2021 09:37",
            "open": "60.771",
            "high": "60.771",
            "low": "60.771",
            "close": "60.7104"
        },
        {
            "time": "13.08.2021 09:38",
            "open": "60.7104",
            "high": "60.7216",
            "low": "60.7104",
            "close": "60.7216"
        },
        {
            "time": "13.08.2021 09:42",
            "open": "60.7216",
            "high": "60.7216",
            "low": "60.7216",
            "close": "60.7825"
        },
        {
            "time": "13.08.2021 09:48",
            "open": "60.7825",
            "high": "60.8069",
            "low": "60.7754",
            "close": "60.7216"
        },
        {
            "time": "13.08.2021 09:49",
            "open": "60.7216",
            "high": "60.7216",
            "low": "60.7216",
            "close": "60.7216"
        },
        {
            "time": "13.08.2021 09:50",
            "open": "60.7216",
            "high": "60.7216",
            "low": "60.7216",
            "close": "60.6798"
        },
        {
            "time": "13.08.2021 09:51",
            "open": "60.6798",
            "high": "60.6798",
            "low": "60.6798",
            "close": "60.6718"
        },
        {
            "time": "13.08.2021 09:53",
            "open": "60.6718",
            "high": "60.6718",
            "low": "60.6718",
            "close": "60.7348"
        },
        {
            "time": "13.08.2021 09:54",
            "open": "60.7348",
            "high": "60.7348",
            "low": "60.7348",
            "close": "60.642"
        },
        {
            "time": "13.08.2021 09:55",
            "open": "60.642",
            "high": "60.642",
            "low": "60.642",
            "close": "60.6505"
        },
        {
            "time": "13.08.2021 09:57",
            "open": "60.6505",
            "high": "60.6505",
            "low": "60.6505",
            "close": "60.9109"
        },
        {
            "time": "13.08.2021 10:02",
            "open": "60.9109",
            "high": "60.9109",
            "low": "60.9108",
            "close": "61.1125"
        },
        {
            "time": "13.08.2021 10:03",
            "open": "61.1125",
            "high": "61.1602",
            "low": "61.1125",
            "close": "61.028"
        },
        {
            "time": "13.08.2021 10:04",
            "open": "61.028",
            "high": "61.0617",
            "low": "61.0084",
            "close": "61.0022"
        },
        {
            "time": "13.08.2021 10:07",
            "open": "61.0022",
            "high": "61.0022",
            "low": "61.0022",
            "close": "60.9355"
        },
        {
            "time": "13.08.2021 10:08",
            "open": "60.9355",
            "high": "60.9355",
            "low": "60.9355",
            "close": "60.8933"
        },
        {
            "time": "13.08.2021 10:09",
            "open": "60.8933",
            "high": "60.8933",
            "low": "60.8622",
            "close": "60.7453"
        },
        {
            "time": "13.08.2021 10:12",
            "open": "60.7453",
            "high": "60.7491",
            "low": "60.7453",
            "close": "60.5943"
        },
        {
            "time": "13.08.2021 10:18",
            "open": "60.5943",
            "high": "60.5943",
            "low": "60.5943",
            "close": "60.2594"
        },
        {
            "time": "13.08.2021 10:24",
            "open": "60.2594",
            "high": "60.2594",
            "low": "60.2594",
            "close": "60.3547"
        },
        {
            "time": "13.08.2021 10:28",
            "open": "60.3547",
            "high": "60.3547",
            "low": "60.3547",
            "close": "60.6405"
        },
        {
            "time": "13.08.2021 10:37",
            "open": "60.6405",
            "high": "60.6405",
            "low": "60.6405",
            "close": "60.6982"
        },
        {
            "time": "13.08.2021 10:42",
            "open": "60.6982",
            "high": "60.7139",
            "low": "60.6982",
            "close": "60.698"
        },
        {
            "time": "13.08.2021 10:43",
            "open": "60.698",
            "high": "60.6994",
            "low": "60.698",
            "close": "60.5578"
        },
        {
            "time": "13.08.2021 10:44",
            "open": "60.5578",
            "high": "60.5578",
            "low": "60.5578",
            "close": "60.6684"
        },
        {
            "time": "13.08.2021 10:46",
            "open": "60.6684",
            "high": "60.6684",
            "low": "60.6571",
            "close": "60.7573"
        },
        {
            "time": "13.08.2021 10:48",
            "open": "60.7573",
            "high": "60.7573",
            "low": "60.7573",
            "close": "60.8214"
        },
        {
            "time": "13.08.2021 10:50",
            "open": "60.8214",
            "high": "60.8214",
            "low": "60.8214",
            "close": "60.8622"
        },
        {
            "time": "13.08.2021 10:51",
            "open": "60.8622",
            "high": "60.8622",
            "low": "60.8622",
            "close": "60.6168"
        },
        {
            "time": "13.08.2021 10:54",
            "open": "60.6168",
            "high": "60.7048",
            "low": "60.6168",
            "close": "61.0882"
        },
        {
            "time": "13.08.2021 11:02",
            "open": "61.0882",
            "high": "61.0882",
            "low": "61.0882",
            "close": "61.1493"
        },
        {
            "time": "13.08.2021 11:03",
            "open": "61.1493",
            "high": "61.1493",
            "low": "61.1493",
            "close": "61.0102"
        },
        {
            "time": "13.08.2021 11:05",
            "open": "61.0102",
            "high": "61.0102",
            "low": "61.0102",
            "close": "61.0479"
        },
        {
            "time": "13.08.2021 11:06",
            "open": "61.0479",
            "high": "61.0479",
            "low": "61.0479",
            "close": "61.0793"
        },
        {
            "time": "13.08.2021 11:09",
            "open": "61.0793",
            "high": "61.0793",
            "low": "61.0793",
            "close": "61.3518"
        },
        {
            "time": "13.08.2021 11:11",
            "open": "61.3518",
            "high": "61.3569",
            "low": "61.2445",
            "close": "61.1253"
        },
        {
            "time": "13.08.2021 11:13",
            "open": "61.1253",
            "high": "61.1473",
            "low": "61.1253",
            "close": "61.1613"
        },
        {
            "time": "13.08.2021 11:14",
            "open": "61.1613",
            "high": "61.1733",
            "low": "61.1613",
            "close": "61.1733"
        },
        {
            "time": "13.08.2021 11:15",
            "open": "61.1733",
            "high": "61.1733",
            "low": "61.1312",
            "close": "61.0911"
        },
        {
            "time": "13.08.2021 11:16",
            "open": "61.0911",
            "high": "61.0911",
            "low": "61.066",
            "close": "60.9796"
        },
        {
            "time": "13.08.2021 11:17",
            "open": "60.9796",
            "high": "60.9796",
            "low": "60.9332",
            "close": "60.8772"
        },
        {
            "time": "13.08.2021 11:18",
            "open": "60.8772",
            "high": "60.9879",
            "low": "60.8772",
            "close": "60.9236"
        },
        {
            "time": "13.08.2021 11:22",
            "open": "60.9236",
            "high": "60.9236",
            "low": "60.9236",
            "close": "60.8873"
        },
        {
            "time": "13.08.2021 11:26",
            "open": "60.8873",
            "high": "60.8873",
            "low": "60.8641",
            "close": "60.8854"
        },
        {
            "time": "13.08.2021 11:30",
            "open": "60.8854",
            "high": "60.8854",
            "low": "60.8854",
            "close": "60.8774"
        },
        {
            "time": "13.08.2021 11:31",
            "open": "60.8774",
            "high": "60.8774",
            "low": "60.8774",
            "close": "60.4418"
        },
        {
            "time": "13.08.2021 11:37",
            "open": "60.4418",
            "high": "60.4961",
            "low": "60.4418",
            "close": "60.4582"
        },
        {
            "time": "13.08.2021 11:38",
            "open": "60.4582",
            "high": "60.4582",
            "low": "60.4582",
            "close": "60.4783"
        },
        {
            "time": "13.08.2021 11:39",
            "open": "60.4783",
            "high": "60.4783",
            "low": "60.4783",
            "close": "60.6075"
        },
        {
            "time": "13.08.2021 11:40",
            "open": "60.6075",
            "high": "60.6075",
            "low": "60.6075",
            "close": "60.5657"
        },
        {
            "time": "13.08.2021 11:42",
            "open": "60.5657",
            "high": "60.5657",
            "low": "60.5657",
            "close": "60.6462"
        },
        {
            "time": "13.08.2021 11:43",
            "open": "60.6462",
            "high": "60.6462",
            "low": "60.6462",
            "close": "60.6604"
        },
        {
            "time": "13.08.2021 11:44",
            "open": "60.6604",
            "high": "60.6604",
            "low": "60.6604",
            "close": "60.7129"
        },
        {
            "time": "13.08.2021 11:45",
            "open": "60.7129",
            "high": "60.7129",
            "low": "60.7129",
            "close": "60.7801"
        },
        {
            "time": "13.08.2021 11:47",
            "open": "60.7801",
            "high": "60.8931",
            "low": "60.7801",
            "close": "60.8821"
        },
        {
            "time": "13.08.2021 11:49",
            "open": "60.8821",
            "high": "60.8821",
            "low": "60.8821",
            "close": "60.7085"
        },
        {
            "time": "13.08.2021 11:52",
            "open": "60.7085",
            "high": "60.7085",
            "low": "60.7084",
            "close": "60.6872"
        },
        {
            "time": "13.08.2021 11:53",
            "open": "60.6872",
            "high": "60.6872",
            "low": "60.6872",
            "close": "60.6648"
        },
        {
            "time": "13.08.2021 11:55",
            "open": "60.6648",
            "high": "60.6648",
            "low": "60.6648",
            "close": "60.6617"
        },
        {
            "time": "13.08.2021 11:59",
            "open": "60.6617",
            "high": "60.6617",
            "low": "60.5842",
            "close": "60.8001"
        },
        {
            "time": "13.08.2021 12:02",
            "open": "60.8001",
            "high": "60.8001",
            "low": "60.7469",
            "close": "60.7273"
        },
        {
            "time": "13.08.2021 12:04",
            "open": "60.7273",
            "high": "60.7273",
            "low": "60.7273",
            "close": "60.6974"
        },
        {
            "time": "13.08.2021 12:14",
            "open": "60.6974",
            "high": "60.6974",
            "low": "60.6974",
            "close": "60.8047"
        },
        {
            "time": "13.08.2021 12:18",
            "open": "60.8047",
            "high": "60.8047",
            "low": "60.748",
            "close": "60.6004"
        },
        {
            "time": "13.08.2021 12:20",
            "open": "60.6004",
            "high": "60.6945",
            "low": "60.6004",
            "close": "60.6876"
        },
        {
            "time": "13.08.2021 12:21",
            "open": "60.6876",
            "high": "60.6876",
            "low": "60.6437",
            "close": "60.7046"
        },
        {
            "time": "13.08.2021 12:22",
            "open": "60.7046",
            "high": "60.7046",
            "low": "60.7046",
            "close": "60.7516"
        },
        {
            "time": "13.08.2021 12:23",
            "open": "60.7516",
            "high": "60.7516",
            "low": "60.7516",
            "close": "60.6617"
        },
        {
            "time": "13.08.2021 12:26",
            "open": "60.6617",
            "high": "60.6617",
            "low": "60.6617",
            "close": "60.5808"
        },
        {
            "time": "13.08.2021 12:32",
            "open": "60.5808",
            "high": "60.5808",
            "low": "60.5574",
            "close": "60.6407"
        },
        {
            "time": "13.08.2021 12:38",
            "open": "60.6407",
            "high": "60.6407",
            "low": "60.6407",
            "close": "60.6784"
        },
        {
            "time": "13.08.2021 12:40",
            "open": "60.6784",
            "high": "60.6784",
            "low": "60.6169",
            "close": "60.45"
        },
        {
            "time": "13.08.2021 12:48",
            "open": "60.45",
            "high": "60.45",
            "low": "60.45",
            "close": "60.4377"
        },
        {
            "time": "13.08.2021 12:49",
            "open": "60.4377",
            "high": "60.4377",
            "low": "60.4246",
            "close": "60.3807"
        },
        {
            "time": "13.08.2021 12:51",
            "open": "60.3807",
            "high": "60.3807",
            "low": "60.3807",
            "close": "60.3241"
        },
        {
            "time": "13.08.2021 12:53",
            "open": "60.3241",
            "high": "60.3241",
            "low": "60.3241",
            "close": "60.3583"
        },
        {
            "time": "13.08.2021 12:54",
            "open": "60.3583",
            "high": "60.3583",
            "low": "60.3583",
            "close": "60.3864"
        },
        {
            "time": "13.08.2021 12:55",
            "open": "60.3864",
            "high": "60.3963",
            "low": "60.3864",
            "close": "60.4888"
        },
        {
            "time": "13.08.2021 12:56",
            "open": "60.4888",
            "high": "60.4888",
            "low": "60.4652",
            "close": "60.471"
        },
        {
            "time": "13.08.2021 12:57",
            "open": "60.471",
            "high": "60.471",
            "low": "60.471",
            "close": "60.4537"
        },
        {
            "time": "13.08.2021 12:59",
            "open": "60.4537",
            "high": "60.4537",
            "low": "60.4537",
            "close": "60.4204"
        },
        {
            "time": "13.08.2021 13:01",
            "open": "60.4204",
            "high": "60.4204",
            "low": "60.4204",
            "close": "60.4963"
        },
        {
            "time": "13.08.2021 13:02",
            "open": "60.4963",
            "high": "60.4963",
            "low": "60.4963",
            "close": "60.3982"
        },
        {
            "time": "13.08.2021 13:04",
            "open": "60.3982",
            "high": "60.3982",
            "low": "60.3982",
            "close": "60.6389"
        },
        {
            "time": "13.08.2021 13:09",
            "open": "60.6389",
            "high": "60.6389",
            "low": "60.6389",
            "close": "60.7022"
        },
        {
            "time": "13.08.2021 13:17",
            "open": "60.7022",
            "high": "60.7022",
            "low": "60.6879",
            "close": "60.7516"
        },
        {
            "time": "13.08.2021 13:22",
            "open": "60.7516",
            "high": "60.7516",
            "low": "60.7516",
            "close": "60.5719"
        },
        {
            "time": "13.08.2021 13:24",
            "open": "60.5719",
            "high": "60.6503",
            "low": "60.5707",
            "close": "60.6119"
        },
        {
            "time": "13.08.2021 13:25",
            "open": "60.6119",
            "high": "60.6119",
            "low": "60.6119",
            "close": "60.4528"
        },
        {
            "time": "13.08.2021 13:28",
            "open": "60.4528",
            "high": "60.4633",
            "low": "60.4528",
            "close": "60.6"
        },
        {
            "time": "13.08.2021 13:39",
            "open": "60.6",
            "high": "60.6",
            "low": "60.6",
            "close": "60.6"
        },
        {
            "time": "13.08.2021 13:40",
            "open": "60.6",
            "high": "60.65",
            "low": "60.6",
            "close": "60.6906"
        },
        {
            "time": "13.08.2021 13:42",
            "open": "60.6906",
            "high": "60.6906",
            "low": "60.6906",
            "close": "59.978"
        },
        {
            "time": "13.08.2021 13:45",
            "open": "59.978",
            "high": "60.2477",
            "low": "59.978",
            "close": "60.1114"
        },
        {
            "time": "13.08.2021 13:46",
            "open": "60.1114",
            "high": "60.1114",
            "low": "60.0589",
            "close": "60.2005"
        },
        {
            "time": "13.08.2021 13:47",
            "open": "60.2005",
            "high": "60.2005",
            "low": "60.2005",
            "close": "60.3578"
        },
        {
            "time": "13.08.2021 13:48",
            "open": "60.3578",
            "high": "60.3719",
            "low": "60.3578",
            "close": "60.4154"
        },
        {
            "time": "13.08.2021 13:51",
            "open": "60.4154",
            "high": "60.4154",
            "low": "60.4154",
            "close": "60.4933"
        },
        {
            "time": "13.08.2021 13:52",
            "open": "60.4933",
            "high": "60.4933",
            "low": "60.4351",
            "close": "60.3261"
        },
        {
            "time": "13.08.2021 13:54",
            "open": "60.3261",
            "high": "60.3261",
            "low": "60.2153",
            "close": "60.221"
        },
        {
            "time": "13.08.2021 13:56",
            "open": "60.221",
            "high": "60.221",
            "low": "60.221",
            "close": "60.0721"
        },
        {
            "time": "13.08.2021 13:57",
            "open": "60.0721",
            "high": "60.0721",
            "low": "59.9657",
            "close": "59.9093"
        },
        {
            "time": "13.08.2021 13:58",
            "open": "59.9093",
            "high": "59.9093",
            "low": "59.8205",
            "close": "59.7768"
        },
        {
            "time": "13.08.2021 13:59",
            "open": "59.7768",
            "high": "59.7768",
            "low": "59.7759",
            "close": "59.6914"
        },
        {
            "time": "13.08.2021 14:00",
            "open": "59.6914",
            "high": "59.6914",
            "low": "59.6914",
            "close": "60.002"
        },
        {
            "time": "13.08.2021 14:01",
            "open": "60.002",
            "high": "60.002",
            "low": "60.002",
            "close": "60.001"
        },
        {
            "time": "13.08.2021 14:02",
            "open": "60.001",
            "high": "60.001",
            "low": "60.001",
            "close": "60.001"
        },
        {
            "time": "13.08.2021 14:06",
            "open": "60.001",
            "high": "60.001",
            "low": "60.001",
            "close": "60.0758"
        },
        {
            "time": "13.08.2021 14:07",
            "open": "60.0758",
            "high": "60.0813",
            "low": "60.0758",
            "close": "60.2339"
        },
        {
            "time": "13.08.2021 14:13",
            "open": "60.2339",
            "high": "60.2339",
            "low": "60.2339",
            "close": "60.1499"
        },
        {
            "time": "13.08.2021 14:14",
            "open": "60.1499",
            "high": "60.1499",
            "low": "60.0792",
            "close": "60.2568"
        },
        {
            "time": "13.08.2021 14:17",
            "open": "60.2568",
            "high": "60.2568",
            "low": "60.2568",
            "close": "60.1544"
        },
        {
            "time": "13.08.2021 14:24",
            "open": "60.1544",
            "high": "60.1544",
            "low": "60.0354",
            "close": "59.9954"
        },
        {
            "time": "13.08.2021 14:25",
            "open": "59.9954",
            "high": "59.9954",
            "low": "59.9108",
            "close": "60.0018"
        },
        {
            "time": "13.08.2021 14:28",
            "open": "60.0018",
            "high": "60.0018",
            "low": "59.9973",
            "close": "60.0622"
        },
        {
            "time": "13.08.2021 14:30",
            "open": "60.0622",
            "high": "60.0903",
            "low": "60.0186",
            "close": "60.0357"
        },
        {
            "time": "13.08.2021 14:31",
            "open": "60.0357",
            "high": "60.0357",
            "low": "60.0357",
            "close": "59.9815"
        },
        {
            "time": "13.08.2021 14:33",
            "open": "59.9815",
            "high": "59.9815",
            "low": "59.9813",
            "close": "59.9108"
        },
        {
            "time": "13.08.2021 14:34",
            "open": "59.9108",
            "high": "59.9108",
            "low": "59.8534",
            "close": "59.9582"
        },
        {
            "time": "13.08.2021 14:35",
            "open": "59.9582",
            "high": "59.9582",
            "low": "59.9582",
            "close": "60.1896"
        },
        {
            "time": "13.08.2021 14:37",
            "open": "60.1896",
            "high": "60.2392",
            "low": "59.9544",
            "close": "60.1226"
        },
        {
            "time": "13.08.2021 14:38",
            "open": "60.1226",
            "high": "60.1226",
            "low": "60.092",
            "close": "60.3855"
        },
        {
            "time": "13.08.2021 14:42",
            "open": "60.3855",
            "high": "60.3855",
            "low": "60.3426",
            "close": "60.384"
        },
        {
            "time": "13.08.2021 14:45",
            "open": "60.384",
            "high": "60.384",
            "low": "60.384",
            "close": "60.3852"
        },
        {
            "time": "13.08.2021 14:46",
            "open": "60.3852",
            "high": "60.3852",
            "low": "60.3167",
            "close": "60.3115"
        },
        {
            "time": "13.08.2021 14:47",
            "open": "60.3115",
            "high": "60.3115",
            "low": "60.2194",
            "close": "60.4146"
        },
        {
            "time": "13.08.2021 14:48",
            "open": "60.4146",
            "high": "60.4146",
            "low": "60.4146",
            "close": "60.2468"
        },
        {
            "time": "13.08.2021 14:53",
            "open": "60.2468",
            "high": "60.2468",
            "low": "60.2468",
            "close": "60.2285"
        },
        {
            "time": "13.08.2021 14:54",
            "open": "60.2285",
            "high": "60.2285",
            "low": "60.2285",
            "close": "60.2941"
        },
        {
            "time": "13.08.2021 14:55",
            "open": "60.2941",
            "high": "60.2941",
            "low": "60.2941",
            "close": "60.2703"
        },
        {
            "time": "13.08.2021 14:58",
            "open": "60.2703",
            "high": "60.2703",
            "low": "60.2703",
            "close": "60.2565"
        },
        {
            "time": "13.08.2021 15:00",
            "open": "60.2565",
            "high": "60.2682",
            "low": "60.2565",
            "close": "60.1908"
        },
        {
            "time": "13.08.2021 15:03",
            "open": "60.1908",
            "high": "60.1908",
            "low": "60.1908",
            "close": "60.117"
        },
        {
            "time": "13.08.2021 15:05",
            "open": "60.117",
            "high": "60.1994",
            "low": "60.117",
            "close": "60.0262"
        },
        {
            "time": "13.08.2021 15:07",
            "open": "60.0262",
            "high": "60.0262",
            "low": "60.0262",
            "close": "60.1445"
        },
        {
            "time": "13.08.2021 15:10",
            "open": "60.1445",
            "high": "60.1445",
            "low": "60.1445",
            "close": "60.2451"
        },
        {
            "time": "13.08.2021 15:15",
            "open": "60.2451",
            "high": "60.3293",
            "low": "60.2451",
            "close": "60.3034"
        },
        {
            "time": "13.08.2021 15:16",
            "open": "60.3034",
            "high": "60.3034",
            "low": "60.2133",
            "close": "60.2611"
        },
        {
            "time": "13.08.2021 15:17",
            "open": "60.2611",
            "high": "60.2612",
            "low": "60.2611",
            "close": "60.4279"
        },
        {
            "time": "13.08.2021 15:18",
            "open": "60.4279",
            "high": "60.4279",
            "low": "60.4279",
            "close": "60.4392"
        },
        {
            "time": "13.08.2021 15:24",
            "open": "60.4392",
            "high": "60.4392",
            "low": "60.4392",
            "close": "60.4255"
        },
        {
            "time": "13.08.2021 15:26",
            "open": "60.4255",
            "high": "60.4256",
            "low": "60.4255",
            "close": "60.3138"
        },
        {
            "time": "13.08.2021 15:28",
            "open": "60.3138",
            "high": "60.3138",
            "low": "60.3138",
            "close": "60.2121"
        },
        {
            "time": "13.08.2021 15:33",
            "open": "60.2121",
            "high": "60.2121",
            "low": "60.2121",
            "close": "60.1696"
        },
        {
            "time": "13.08.2021 15:34",
            "open": "60.1696",
            "high": "60.1696",
            "low": "60.1696",
            "close": "59.8918"
        },
        {
            "time": "13.08.2021 15:44",
            "open": "59.8918",
            "high": "59.8918",
            "low": "59.8",
            "close": "59.9628"
        },
        {
            "time": "13.08.2021 15:45",
            "open": "59.9628",
            "high": "59.9628",
            "low": "59.9628",
            "close": "60.0334"
        },
        {
            "time": "13.08.2021 15:47",
            "open": "60.0334",
            "high": "60.0334",
            "low": "60.0334",
            "close": "60.1257"
        },
        {
            "time": "13.08.2021 15:49",
            "open": "60.1257",
            "high": "60.1257",
            "low": "60.1257",
            "close": "60.1939"
        },
        {
            "time": "13.08.2021 15:50",
            "open": "60.1939",
            "high": "60.1939",
            "low": "60.1939",
            "close": "60.2415"
        },
        {
            "time": "13.08.2021 15:52",
            "open": "60.2415",
            "high": "60.2415",
            "low": "60.2415",
            "close": "60.0967"
        },
        {
            "time": "13.08.2021 15:57",
            "open": "60.0967",
            "high": "60.0967",
            "low": "60.0967",
            "close": "60.1819"
        },
        {
            "time": "13.08.2021 16:00",
            "open": "60.1819",
            "high": "60.1819",
            "low": "60.1819",
            "close": "60.1833"
        },
        {
            "time": "13.08.2021 16:02",
            "open": "60.1833",
            "high": "60.1833",
            "low": "60.1833",
            "close": "60.338"
        },
        {
            "time": "13.08.2021 16:05",
            "open": "60.338",
            "high": "60.338",
            "low": "60.338",
            "close": "60.0418"
        },
        {
            "time": "13.08.2021 16:09",
            "open": "60.0418",
            "high": "60.1175",
            "low": "60.0278",
            "close": "59.8758"
        },
        {
            "time": "13.08.2021 16:13",
            "open": "59.8758",
            "high": "59.8758",
            "low": "59.8556",
            "close": "59.8891"
        },
        {
            "time": "13.08.2021 16:14",
            "open": "59.8891",
            "high": "59.895",
            "low": "59.8891",
            "close": "59.9884"
        },
        {
            "time": "13.08.2021 16:16",
            "open": "59.9884",
            "high": "60.063",
            "low": "59.9884",
            "close": "59.9538"
        },
        {
            "time": "13.08.2021 16:19",
            "open": "59.9538",
            "high": "59.9538",
            "low": "59.9273",
            "close": "59.9523"
        },
        {
            "time": "13.08.2021 16:24",
            "open": "59.9523",
            "high": "59.9523",
            "low": "59.9523",
            "close": "59.9523"
        },
        {
            "time": "13.08.2021 16:25",
            "open": "59.9523",
            "high": "60.0207",
            "low": "59.9523",
            "close": "59.9708"
        },
        {
            "time": "13.08.2021 16:26",
            "open": "59.9708",
            "high": "59.9708",
            "low": "59.9673",
            "close": "59.8926"
        },
        {
            "time": "13.08.2021 16:27",
            "open": "59.8926",
            "high": "59.8926",
            "low": "59.8926",
            "close": "59.8916"
        },
        {
            "time": "13.08.2021 16:29",
            "open": "59.8916",
            "high": "59.8916",
            "low": "59.7975",
            "close": "59.8462"
        },
        {
            "time": "13.08.2021 16:30",
            "open": "59.8462",
            "high": "59.8462",
            "low": "59.6861",
            "close": "59.7521"
        },
        {
            "time": "13.08.2021 16:31",
            "open": "59.7521",
            "high": "59.8067",
            "low": "59.7521",
            "close": "59.6307"
        },
        {
            "time": "13.08.2021 16:32",
            "open": "59.6307",
            "high": "59.6337",
            "low": "59.5365",
            "close": "59.4828"
        },
        {
            "time": "13.08.2021 16:33",
            "open": "59.4828",
            "high": "59.4828",
            "low": "59.4164",
            "close": "59.4321"
        },
        {
            "time": "13.08.2021 16:34",
            "open": "59.4321",
            "high": "59.4943",
            "low": "59.4321",
            "close": "59.5286"
        },
        {
            "time": "13.08.2021 16:35",
            "open": "59.5286",
            "high": "59.5286",
            "low": "59.5286",
            "close": "59.5877"
        },
        {
            "time": "13.08.2021 16:37",
            "open": "59.5877",
            "high": "59.5877",
            "low": "59.5877",
            "close": "59.4651"
        },
        {
            "time": "13.08.2021 16:38",
            "open": "59.4651",
            "high": "59.4651",
            "low": "59.4241",
            "close": "59.3115"
        },
        {
            "time": "13.08.2021 16:39",
            "open": "59.3115",
            "high": "59.3115",
            "low": "59.1672",
            "close": "59.4063"
        },
        {
            "time": "13.08.2021 16:42",
            "open": "59.4063",
            "high": "59.4063",
            "low": "59.4063",
            "close": "59.3361"
        },
        {
            "time": "13.08.2021 16:44",
            "open": "59.3361",
            "high": "59.3361",
            "low": "59.3361",
            "close": "59.4835"
        },
        {
            "time": "13.08.2021 16:46",
            "open": "59.4835",
            "high": "59.5723",
            "low": "59.4835",
            "close": "59.6119"
        },
        {
            "time": "13.08.2021 16:48",
            "open": "59.6119",
            "high": "59.6119",
            "low": "59.6119",
            "close": "59.612"
        },
        {
            "time": "13.08.2021 16:49",
            "open": "59.612",
            "high": "59.612",
            "low": "59.6087",
            "close": "59.3167"
        },
        {
            "time": "13.08.2021 16:59",
            "open": "59.3167",
            "high": "59.3167",
            "low": "59.3167",
            "close": "59.0737"
        },
        {
            "time": "13.08.2021 17:07",
            "open": "59.0737",
            "high": "59.0959",
            "low": "59",
            "close": "58.919"
        },
        {
            "time": "13.08.2021 17:08",
            "open": "58.919",
            "high": "58.919",
            "low": "58.919",
            "close": "58.99"
        },
        {
            "time": "13.08.2021 17:09",
            "open": "58.99",
            "high": "59.0058",
            "low": "58.99",
            "close": "58.951"
        },
        {
            "time": "13.08.2021 17:11",
            "open": "58.951",
            "high": "58.951",
            "low": "58.951",
            "close": "58.951"
        },
        {
            "time": "13.08.2021 17:12",
            "open": "58.951",
            "high": "58.951",
            "low": "58.951",
            "close": "58.9348"
        },
        {
            "time": "13.08.2021 17:13",
            "open": "58.9348",
            "high": "58.9348",
            "low": "58.9348",
            "close": "58.919"
        },
        {
            "time": "13.08.2021 17:15",
            "open": "58.919",
            "high": "58.919",
            "low": "58.8881",
            "close": "58.6866"
        },
        {
            "time": "13.08.2021 17:16",
            "open": "58.6866",
            "high": "58.6866",
            "low": "58.6866",
            "close": "58.6866"
        },
        {
            "time": "13.08.2021 17:17",
            "open": "58.6866",
            "high": "58.6866",
            "low": "58.6619",
            "close": "58.5854"
        },
        {
            "time": "13.08.2021 17:18",
            "open": "58.5854",
            "high": "58.5854",
            "low": "58.5854",
            "close": "58.7065"
        },
        {
            "time": "13.08.2021 17:22",
            "open": "58.7065",
            "high": "58.7065",
            "low": "58.7065",
            "close": "58.8032"
        },
        {
            "time": "13.08.2021 17:23",
            "open": "58.8032",
            "high": "58.8032",
            "low": "58.7812",
            "close": "58.6237"
        },
        {
            "time": "13.08.2021 17:29",
            "open": "58.6237",
            "high": "58.6238",
            "low": "58.6237",
            "close": "58.7302"
        },
        {
            "time": "13.08.2021 17:34",
            "open": "58.7302",
            "high": "58.7302",
            "low": "58.7302",
            "close": "58.8122"
        },
        {
            "time": "13.08.2021 17:37",
            "open": "58.8122",
            "high": "58.8122",
            "low": "58.8122",
            "close": "58.8353"
        },
        {
            "time": "13.08.2021 17:39",
            "open": "58.8353",
            "high": "58.8353",
            "low": "58.8353",
            "close": "58.7345"
        },
        {
            "time": "13.08.2021 17:45",
            "open": "58.7345",
            "high": "58.7345",
            "low": "58.7338",
            "close": "58.7629"
        },
        {
            "time": "13.08.2021 17:46",
            "open": "58.7629",
            "high": "58.7629",
            "low": "58.7629",
            "close": "58.7842"
        },
        {
            "time": "13.08.2021 17:52",
            "open": "58.7842",
            "high": "58.8286",
            "low": "58.7842",
            "close": "59.0007"
        },
        {
            "time": "13.08.2021 17:57",
            "open": "59.0007",
            "high": "59.0007",
            "low": "59.0007",
            "close": "59"
        },
        {
            "time": "13.08.2021 17:58",
            "open": "59",
            "high": "59",
            "low": "59",
            "close": "59.0209"
        },
        {
            "time": "13.08.2021 18:00",
            "open": "59.0209",
            "high": "59.021",
            "low": "58.9911",
            "close": "59"
        },
        {
            "time": "13.08.2021 18:01",
            "open": "59",
            "high": "59",
            "low": "59",
            "close": "59.176"
        },
        {
            "time": "13.08.2021 18:02",
            "open": "59.176",
            "high": "59.202",
            "low": "59.176",
            "close": "59.3066"
        },
        {
            "time": "13.08.2021 18:06",
            "open": "59.3066",
            "high": "59.3066",
            "low": "59.3066",
            "close": "59.2438"
        },
        {
            "time": "13.08.2021 18:07",
            "open": "59.2438",
            "high": "59.2438",
            "low": "59.2438",
            "close": "59.4575"
        },
        {
            "time": "13.08.2021 18:11",
            "open": "59.4575",
            "high": "59.4575",
            "low": "59.4574",
            "close": "59.5627"
        },
        {
            "time": "13.08.2021 18:14",
            "open": "59.5627",
            "high": "59.5627",
            "low": "59.5627",
            "close": "59.5218"
        },
        {
            "time": "13.08.2021 18:15",
            "open": "59.5218",
            "high": "59.5218",
            "low": "59.5218",
            "close": "59.1763"
        },
        {
            "time": "13.08.2021 18:18",
            "open": "59.1763",
            "high": "59.1763",
            "low": "59.1763",
            "close": "59.3212"
        },
        {
            "time": "13.08.2021 18:20",
            "open": "59.3212",
            "high": "59.3212",
            "low": "59.3212",
            "close": "59.8769"
        },
        {
            "time": "13.08.2021 18:23",
            "open": "59.8769",
            "high": "59.8769",
            "low": "59.8769",
            "close": "59.8477"
        },
        {
            "time": "13.08.2021 18:24",
            "open": "59.8477",
            "high": "59.8477",
            "low": "59.7174",
            "close": "59.9471"
        },
        {
            "time": "13.08.2021 18:26",
            "open": "59.9471",
            "high": "59.9471",
            "low": "59.9471",
            "close": "60.1175"
        },
        {
            "time": "13.08.2021 18:27",
            "open": "60.1175",
            "high": "60.2252",
            "low": "60.1175",
            "close": "60.313"
        },
        {
            "time": "13.08.2021 18:28",
            "open": "60.313",
            "high": "60.3394",
            "low": "60.1902",
            "close": "60.4392"
        },
        {
            "time": "13.08.2021 18:30",
            "open": "60.4392",
            "high": "60.4392",
            "low": "60.4392",
            "close": "60.5606"
        },
        {
            "time": "13.08.2021 18:31",
            "open": "60.5606",
            "high": "60.5606",
            "low": "60.553",
            "close": "60.4893"
        },
        {
            "time": "13.08.2021 18:37",
            "open": "60.4893",
            "high": "60.4893",
            "low": "60.4893",
            "close": "60.1871"
        },
        {
            "time": "13.08.2021 18:46",
            "open": "60.1871",
            "high": "60.1871",
            "low": "60.1871",
            "close": "60.2031"
        },
        {
            "time": "13.08.2021 18:49",
            "open": "60.2031",
            "high": "60.2598",
            "low": "60.2031",
            "close": "60.34"
        },
        {
            "time": "13.08.2021 18:53",
            "open": "60.34",
            "high": "60.4353",
            "low": "60.34",
            "close": "60.5735"
        },
        {
            "time": "13.08.2021 18:54",
            "open": "60.5735",
            "high": "60.5735",
            "low": "60.5735",
            "close": "60.4991"
        },
        {
            "time": "13.08.2021 18:56",
            "open": "60.4991",
            "high": "60.4991",
            "low": "60.4991",
            "close": "60.626"
        },
        {
            "time": "13.08.2021 18:58",
            "open": "60.626",
            "high": "60.626",
            "low": "60.626",
            "close": "60.6907"
        },
        {
            "time": "13.08.2021 18:59",
            "open": "60.6907",
            "high": "60.6907",
            "low": "60.6907",
            "close": "60.6584"
        },
        {
            "time": "13.08.2021 19:00",
            "open": "60.6584",
            "high": "60.6584",
            "low": "60.6584",
            "close": "60.6907"
        },
        {
            "time": "13.08.2021 19:01",
            "open": "60.6907",
            "high": "60.7516",
            "low": "60.6907",
            "close": "60.6956"
        },
        {
            "time": "13.08.2021 19:02",
            "open": "60.6956",
            "high": "60.6956",
            "low": "60.6956",
            "close": "60.6457"
        },
        {
            "time": "13.08.2021 19:03",
            "open": "60.6457",
            "high": "60.6457",
            "low": "60.6457",
            "close": "60.6265"
        },
        {
            "time": "13.08.2021 19:07",
            "open": "60.6265",
            "high": "60.6265",
            "low": "60.6265",
            "close": "60.8"
        },
        {
            "time": "13.08.2021 19:09",
            "open": "60.8",
            "high": "60.841",
            "low": "60.8",
            "close": "60.8125"
        },
        {
            "time": "13.08.2021 19:10",
            "open": "60.8125",
            "high": "60.8125",
            "low": "60.8125",
            "close": "60.8266"
        },
        {
            "time": "13.08.2021 19:14",
            "open": "60.8266",
            "high": "60.8266",
            "low": "60.8251",
            "close": "60.8163"
        },
        {
            "time": "13.08.2021 19:15",
            "open": "60.8163",
            "high": "60.8163",
            "low": "60.8163",
            "close": "60.6291"
        },
        {
            "time": "13.08.2021 19:20",
            "open": "60.6291",
            "high": "60.6291",
            "low": "60.6291",
            "close": "60.5681"
        },
        {
            "time": "13.08.2021 19:22",
            "open": "60.5681",
            "high": "60.5681",
            "low": "60.5681",
            "close": "60.5914"
        },
        {
            "time": "13.08.2021 19:23",
            "open": "60.5914",
            "high": "60.594",
            "low": "60.5914",
            "close": "60.6662"
        },
        {
            "time": "13.08.2021 19:24",
            "open": "60.6662",
            "high": "60.6662",
            "low": "60.6662",
            "close": "60.6086"
        },
        {
            "time": "13.08.2021 19:27",
            "open": "60.6086",
            "high": "60.6086",
            "low": "60.6086",
            "close": "60.7222"
        },
        {
            "time": "13.08.2021 19:30",
            "open": "60.7222",
            "high": "60.7222",
            "low": "60.7222",
            "close": "60.897"
        },
        {
            "time": "13.08.2021 19:31",
            "open": "60.897",
            "high": "60.897",
            "low": "60.897",
            "close": "60.8442"
        },
        {
            "time": "13.08.2021 19:33",
            "open": "60.8442",
            "high": "60.8442",
            "low": "60.8442",
            "close": "60.7402"
        },
        {
            "time": "13.08.2021 19:43",
            "open": "60.7402",
            "high": "60.7402",
            "low": "60.7401",
            "close": "60.8442"
        },
        {
            "time": "13.08.2021 19:44",
            "open": "60.8442",
            "high": "60.8442",
            "low": "60.8442",
            "close": "60.9"
        },
        {
            "time": "13.08.2021 19:45",
            "open": "60.9",
            "high": "60.9",
            "low": "60.9",
            "close": "60.9189"
        },
        {
            "time": "13.08.2021 19:46",
            "open": "60.9189",
            "high": "60.9379",
            "low": "60.8296",
            "close": "60.7192"
        },
        {
            "time": "13.08.2021 19:47",
            "open": "60.7192",
            "high": "60.7192",
            "low": "60.7192",
            "close": "60.7868"
        },
        {
            "time": "13.08.2021 19:49",
            "open": "60.7868",
            "high": "60.799",
            "low": "60.7868",
            "close": "61"
        },
        {
            "time": "13.08.2021 19:55",
            "open": "61",
            "high": "61",
            "low": "60.8804",
            "close": "60.6287"
        },
        {
            "time": "13.08.2021 20:00",
            "open": "60.6287",
            "high": "60.6287",
            "low": "60.6287",
            "close": "60.6287"
        },
        {
            "time": "13.08.2021 20:06",
            "open": "60.6287",
            "high": "60.6287",
            "low": "60.6287",
            "close": "60.5322"
        },
        {
            "time": "13.08.2021 20:07",
            "open": "60.5322",
            "high": "60.5322",
            "low": "60.5322",
            "close": "60.4243"
        },
        {
            "time": "13.08.2021 20:08",
            "open": "60.4243",
            "high": "60.4243",
            "low": "60.3888",
            "close": "60.5535"
        },
        {
            "time": "13.08.2021 20:26",
            "open": "60.5535",
            "high": "60.5535",
            "low": "60.5535",
            "close": "60.5229"
        },
        {
            "time": "13.08.2021 20:36",
            "open": "60.5229",
            "high": "60.5229",
            "low": "60.5229",
            "close": "60.6006"
        },
        {
            "time": "13.08.2021 20:41",
            "open": "60.6006",
            "high": "60.6006",
            "low": "60.6006",
            "close": "60.4904"
        },
        {
            "time": "13.08.2021 20:50",
            "open": "60.4904",
            "high": "60.4904",
            "low": "60.4904",
            "close": "60.2413"
        },
        {
            "time": "13.08.2021 20:51",
            "open": "60.2413",
            "high": "60.2413",
            "low": "60.2413",
            "close": "60.2497"
        },
        {
            "time": "13.08.2021 20:52",
            "open": "60.2497",
            "high": "60.2497",
            "low": "60.2439",
            "close": "60.2751"
        },
        {
            "time": "13.08.2021 20:54",
            "open": "60.2751",
            "high": "60.2751",
            "low": "60.2751",
            "close": "60.4517"
        },
        {
            "time": "13.08.2021 21:00",
            "open": "60.4517",
            "high": "60.4517",
            "low": "60.3636",
            "close": "60.284"
        },
        {
            "time": "13.08.2021 21:01",
            "open": "60.284",
            "high": "60.3123",
            "low": "60.284",
            "close": "60.2643"
        },
        {
            "time": "13.08.2021 21:05",
            "open": "60.2643",
            "high": "60.2643",
            "low": "60.2643",
            "close": "60.1898"
        },
        {
            "time": "13.08.2021 21:06",
            "open": "60.1898",
            "high": "60.1898",
            "low": "60.1898",
            "close": "60.1842"
        },
        {
            "time": "13.08.2021 21:10",
            "open": "60.1842",
            "high": "60.1842",
            "low": "60.1842",
            "close": "60.2886"
        },
        {
            "time": "13.08.2021 21:11",
            "open": "60.2886",
            "high": "60.2886",
            "low": "60.2886",
            "close": "60.3425"
        },
        {
            "time": "13.08.2021 21:12",
            "open": "60.3425",
            "high": "60.4703",
            "low": "60.3425",
            "close": "60.4705"
        },
        {
            "time": "13.08.2021 21:13",
            "open": "60.4705",
            "high": "60.4705",
            "low": "60.4173",
            "close": "60.4271"
        },
        {
            "time": "13.08.2021 21:14",
            "open": "60.4271",
            "high": "60.4271",
            "low": "60.4271",
            "close": "60.3003"
        },
        {
            "time": "13.08.2021 21:16",
            "open": "60.3003",
            "high": "60.3003",
            "low": "60.3003",
            "close": "60.302"
        },
        {
            "time": "13.08.2021 21:17",
            "open": "60.302",
            "high": "60.302",
            "low": "60.2622",
            "close": "60.289"
        },
        {
            "time": "13.08.2021 21:18",
            "open": "60.289",
            "high": "60.289",
            "low": "60.289",
            "close": "60.2138"
        },
        {
            "time": "13.08.2021 21:20",
            "open": "60.2138",
            "high": "60.2138",
            "low": "60.1959",
            "close": "60.1829"
        },
        {
            "time": "13.08.2021 21:21",
            "open": "60.1829",
            "high": "60.2208",
            "low": "60.1829",
            "close": "60.1251"
        },
        {
            "time": "13.08.2021 21:22",
            "open": "60.1251",
            "high": "60.1251",
            "low": "60.1251",
            "close": "60.1398"
        },
        {
            "time": "13.08.2021 21:32",
            "open": "60.1398",
            "high": "60.1398",
            "low": "60.1398",
            "close": "60.0893"
        },
        {
            "time": "13.08.2021 21:35",
            "open": "60.0893",
            "high": "60.0893",
            "low": "60.0893",
            "close": "60.0428"
        },
        {
            "time": "13.08.2021 21:39",
            "open": "60.0428",
            "high": "60.0428",
            "low": "60.0428",
            "close": "60.039"
        },
        {
            "time": "13.08.2021 21:46",
            "open": "60.039",
            "high": "60.0428",
            "low": "60.039",
            "close": "60.0428"
        },
        {
            "time": "13.08.2021 21:55",
            "open": "60.0428",
            "high": "60.0893",
            "low": "60.0428",
            "close": "60.1668"
        },
        {
            "time": "13.08.2021 21:56",
            "open": "60.1668",
            "high": "60.1668",
            "low": "60.1668",
            "close": "60.1046"
        },
        {
            "time": "13.08.2021 22:00",
            "open": "60.1046",
            "high": "60.1046",
            "low": "60.1046",
            "close": "60.5696"
        },
        {
            "time": "13.08.2021 22:06",
            "open": "60.5696",
            "high": "61",
            "low": "60.5696",
            "close": "60.8381"
        },
        {
            "time": "13.08.2021 22:07",
            "open": "60.8381",
            "high": "60.8381",
            "low": "60.8273",
            "close": "61.113"
        },
        {
            "time": "13.08.2021 22:08",
            "open": "61.113",
            "high": "61.1841",
            "low": "61.113",
            "close": "61.1211"
        },
        {
            "time": "13.08.2021 22:13",
            "open": "61.1211",
            "high": "61.2377",
            "low": "61.1211",
            "close": "61.1085"
        },
        {
            "time": "13.08.2021 22:14",
            "open": "61.1085",
            "high": "61.1369",
            "low": "61.0699",
            "close": "61.2042"
        },
        {
            "time": "13.08.2021 22:16",
            "open": "61.2042",
            "high": "61.2042",
            "low": "61.2042",
            "close": "61.0747"
        },
        {
            "time": "13.08.2021 22:18",
            "open": "61.0747",
            "high": "61.0747",
            "low": "61.0747",
            "close": "60.8489"
        },
        {
            "time": "13.08.2021 22:19",
            "open": "60.8489",
            "high": "60.8489",
            "low": "60.8489",
            "close": "60.77"
        },
        {
            "time": "13.08.2021 22:21",
            "open": "60.77",
            "high": "60.77",
            "low": "60.77",
            "close": "60.8355"
        },
        {
            "time": "13.08.2021 22:22",
            "open": "60.8355",
            "high": "60.8355",
            "low": "60.8355",
            "close": "60.9636"
        },
        {
            "time": "13.08.2021 22:25",
            "open": "60.9636",
            "high": "60.9636",
            "low": "60.9636",
            "close": "61.1302"
        },
        {
            "time": "13.08.2021 22:27",
            "open": "61.1302",
            "high": "61.1302",
            "low": "61.1302",
            "close": "61.066"
        },
        {
            "time": "13.08.2021 22:29",
            "open": "61.066",
            "high": "61.066",
            "low": "61.066",
            "close": "61.066"
        },
        {
            "time": "13.08.2021 22:32",
            "open": "61.066",
            "high": "61.066",
            "low": "61.066",
            "close": "60.9966"
        },
        {
            "time": "13.08.2021 22:37",
            "open": "60.9966",
            "high": "60.9966",
            "low": "60.9966",
            "close": "61.066"
        },
        {
            "time": "13.08.2021 22:38",
            "open": "61.066",
            "high": "61.066",
            "low": "61.066",
            "close": "61.1659"
        },
        {
            "time": "13.08.2021 22:44",
            "open": "61.1659",
            "high": "61.1659",
            "low": "61.1659",
            "close": "61.0881"
        },
        {
            "time": "13.08.2021 22:45",
            "open": "61.0881",
            "high": "61.0881",
            "low": "61.0881",
            "close": "61.1022"
        },
        {
            "time": "13.08.2021 22:46",
            "open": "61.1022",
            "high": "61.1022",
            "low": "61.1022",
            "close": "61.1485"
        },
        {
            "time": "13.08.2021 22:48",
            "open": "61.1485",
            "high": "61.2984",
            "low": "61.1485",
            "close": "61.4455"
        },
        {
            "time": "13.08.2021 22:50",
            "open": "61.4455",
            "high": "61.4455",
            "low": "61.4455",
            "close": "61.3576"
        },
        {
            "time": "13.08.2021 22:51",
            "open": "61.3576",
            "high": "61.3576",
            "low": "61.3576",
            "close": "61.412"
        },
        {
            "time": "13.08.2021 22:55",
            "open": "61.412",
            "high": "61.412",
            "low": "61.412",
            "close": "61.5"
        },
        {
            "time": "13.08.2021 22:59",
            "open": "61.5",
            "high": "61.5",
            "low": "61.5",
            "close": "61.4676"
        },
        {
            "time": "13.08.2021 23:02",
            "open": "61.4676",
            "high": "61.4762",
            "low": "61.4676",
            "close": "61.5231"
        },
        {
            "time": "13.08.2021 23:08",
            "open": "61.5231",
            "high": "61.5231",
            "low": "61.5231",
            "close": "61.5531"
        },
        {
            "time": "13.08.2021 23:09",
            "open": "61.5531",
            "high": "61.5531",
            "low": "61.5531",
            "close": "61.5531"
        },
        {
            "time": "13.08.2021 23:12",
            "open": "61.5531",
            "high": "61.5531",
            "low": "61.5531",
            "close": "61.581"
        },
        {
            "time": "13.08.2021 23:13",
            "open": "61.581",
            "high": "61.581",
            "low": "61.581",
            "close": "61.6008"
        },
        {
            "time": "13.08.2021 23:16",
            "open": "61.6008",
            "high": "61.64",
            "low": "61.6008",
            "close": "61.7"
        },
        {
            "time": "13.08.2021 23:17",
            "open": "61.7",
            "high": "61.7",
            "low": "61.7",
            "close": "61.6808"
        },
        {
            "time": "13.08.2021 23:18",
            "open": "61.6808",
            "high": "61.6808",
            "low": "61.6808",
            "close": "61.7912"
        },
        {
            "time": "13.08.2021 23:21",
            "open": "61.7912",
            "high": "61.8228",
            "low": "61.7912",
            "close": "61.7784"
        },
        {
            "time": "13.08.2021 23:23",
            "open": "61.7784",
            "high": "61.7784",
            "low": "61.7146",
            "close": "61.581"
        },
        {
            "time": "13.08.2021 23:25",
            "open": "61.581",
            "high": "61.5942",
            "low": "61.5238",
            "close": "61.6282"
        },
        {
            "time": "13.08.2021 23:28",
            "open": "61.6282",
            "high": "61.6282",
            "low": "61.6282",
            "close": "61.6225"
        },
        {
            "time": "13.08.2021 23:29",
            "open": "61.6225",
            "high": "61.6225",
            "low": "61.6225",
            "close": "61.5825"
        },
        {
            "time": "13.08.2021 23:30",
            "open": "61.5825",
            "high": "61.5825",
            "low": "61.5825",
            "close": "61.5598"
        },
        {
            "time": "13.08.2021 23:32",
            "open": "61.5598",
            "high": "61.5598",
            "low": "61.5598",
            "close": "61.5057"
        },
        {
            "time": "13.08.2021 23:34",
            "open": "61.5057",
            "high": "61.5057",
            "low": "61.5057",
            "close": "61.4628"
        },
        {
            "time": "13.08.2021 23:36",
            "open": "61.4628",
            "high": "61.4628",
            "low": "61.3443",
            "close": "61.3724"
        },
        {
            "time": "13.08.2021 23:40",
            "open": "61.3724",
            "high": "61.3724",
            "low": "61.3724",
            "close": "61.2631"
        },
        {
            "time": "13.08.2021 23:43",
            "open": "61.2631",
            "high": "61.2631",
            "low": "61.2631",
            "close": "61.2085"
        },
        {
            "time": "13.08.2021 23:47",
            "open": "61.2085",
            "high": "61.2222",
            "low": "61.2085",
            "close": "61.369"
        },
        {
            "time": "13.08.2021 23:49",
            "open": "61.369",
            "high": "61.369",
            "low": "61.369",
            "close": "61.3555"
        },
        {
            "time": "13.08.2021 23:52",
            "open": "61.3555",
            "high": "61.3555",
            "low": "61.3555",
            "close": "61.2018"
        },
        {
            "time": "13.08.2021 23:55",
            "open": "61.2018",
            "high": "61.2018",
            "low": "61.2018",
            "close": "61.1823"
        },
        {
            "time": "13.08.2021 23:56",
            "open": "61.1823",
            "high": "61.2184",
            "low": "61.1686",
            "close": "61.2653"
        },
        {
            "time": "13.08.2021 23:57",
            "open": "61.2653",
            "high": "61.2653",
            "low": "61.2653",
            "close": "61.1998"
        }
    ]
}