{
    "FIL-EUR": [
        {
            "time": "06.01.2021 23:58",
            "open": "17.7374",
            "high": "17.7374",
            "low": "17.7374",
            "close": "17.7138"
        },
        {
            "time": "07.01.2021 00:00",
            "open": "17.7138",
            "high": "17.7138",
            "low": "17.7138",
            "close": "17.7282"
        },
        {
            "time": "07.01.2021 00:02",
            "open": "17.7282",
            "high": "17.7282",
            "low": "17.6927",
            "close": "17.6797"
        },
        {
            "time": "07.01.2021 00:03",
            "open": "17.6797",
            "high": "17.7345",
            "low": "17.6797",
            "close": "17.7403"
        },
        {
            "time": "07.01.2021 00:04",
            "open": "17.7403",
            "high": "17.7403",
            "low": "17.7403",
            "close": "17.7434"
        },
        {
            "time": "07.01.2021 00:06",
            "open": "17.7434",
            "high": "17.7434",
            "low": "17.7106",
            "close": "17.6552"
        },
        {
            "time": "07.01.2021 00:09",
            "open": "17.675",
            "high": "17.675",
            "low": "17.675",
            "close": "17.6492"
        },
        {
            "time": "07.01.2021 00:14",
            "open": "17.6492",
            "high": "17.6492",
            "low": "17.6492",
            "close": "17.6607"
        },
        {
            "time": "07.01.2021 00:15",
            "open": "17.6607",
            "high": "17.6607",
            "low": "17.6489",
            "close": "17.6962"
        },
        {
            "time": "07.01.2021 00:16",
            "open": "17.6962",
            "high": "17.6962",
            "low": "17.6962",
            "close": "17.6782"
        },
        {
            "time": "07.01.2021 00:17",
            "open": "17.6782",
            "high": "17.6782",
            "low": "17.6782",
            "close": "17.6845"
        },
        {
            "time": "07.01.2021 00:18",
            "open": "17.6845",
            "high": "17.686",
            "low": "17.6772",
            "close": "17.6535"
        },
        {
            "time": "07.01.2021 00:20",
            "open": "17.6535",
            "high": "17.6535",
            "low": "17.6535",
            "close": "17.6619"
        },
        {
            "time": "07.01.2021 00:21",
            "open": "17.6619",
            "high": "17.6619",
            "low": "17.6619",
            "close": "17.705"
        },
        {
            "time": "07.01.2021 00:22",
            "open": "17.705",
            "high": "17.705",
            "low": "17.6964",
            "close": "17.7195"
        },
        {
            "time": "07.01.2021 00:23",
            "open": "17.7195",
            "high": "17.7347",
            "low": "17.7195",
            "close": "17.678"
        },
        {
            "time": "07.01.2021 00:25",
            "open": "17.678",
            "high": "17.678",
            "low": "17.678",
            "close": "17.7271"
        },
        {
            "time": "07.01.2021 00:27",
            "open": "17.7271",
            "high": "17.7271",
            "low": "17.7271",
            "close": "17.7127"
        },
        {
            "time": "07.01.2021 00:28",
            "open": "17.7127",
            "high": "17.7127",
            "low": "17.7127",
            "close": "17.7292"
        },
        {
            "time": "07.01.2021 00:29",
            "open": "17.7292",
            "high": "17.7724",
            "low": "17.7292",
            "close": "17.7706"
        },
        {
            "time": "07.01.2021 00:30",
            "open": "17.7706",
            "high": "17.7706",
            "low": "17.7599",
            "close": "17.7794"
        },
        {
            "time": "07.01.2021 00:34",
            "open": "17.7794",
            "high": "17.7794",
            "low": "17.7552",
            "close": "17.7763"
        },
        {
            "time": "07.01.2021 00:35",
            "open": "17.7763",
            "high": "17.7763",
            "low": "17.7763",
            "close": "17.7807"
        },
        {
            "time": "07.01.2021 00:36",
            "open": "17.7807",
            "high": "17.7831",
            "low": "17.7807",
            "close": "17.7647"
        },
        {
            "time": "07.01.2021 00:42",
            "open": "17.7647",
            "high": "17.7647",
            "low": "17.7647",
            "close": "17.7485"
        },
        {
            "time": "07.01.2021 00:43",
            "open": "17.7485",
            "high": "17.7485",
            "low": "17.7461",
            "close": "17.7526"
        },
        {
            "time": "07.01.2021 00:45",
            "open": "17.7526",
            "high": "17.7526",
            "low": "17.7526",
            "close": "17.7561"
        },
        {
            "time": "07.01.2021 00:50",
            "open": "17.7561",
            "high": "17.7561",
            "low": "17.7561",
            "close": "17.7561"
        },
        {
            "time": "07.01.2021 00:55",
            "open": "17.7561",
            "high": "17.7899",
            "low": "17.7561",
            "close": "17.756"
        },
        {
            "time": "07.01.2021 00:56",
            "open": "17.756",
            "high": "17.756",
            "low": "17.756",
            "close": "17.789"
        },
        {
            "time": "07.01.2021 00:57",
            "open": "17.789",
            "high": "17.789",
            "low": "17.789",
            "close": "17.79"
        },
        {
            "time": "07.01.2021 01:00",
            "open": "17.79",
            "high": "17.8459",
            "low": "17.79",
            "close": "17.8116"
        },
        {
            "time": "07.01.2021 01:01",
            "open": "17.8116",
            "high": "17.8116",
            "low": "17.8057",
            "close": "17.841"
        },
        {
            "time": "07.01.2021 01:02",
            "open": "17.841",
            "high": "17.8412",
            "low": "17.8133",
            "close": "17.8799"
        },
        {
            "time": "07.01.2021 01:04",
            "open": "17.8799",
            "high": "17.9059",
            "low": "17.8799",
            "close": "17.8804"
        },
        {
            "time": "07.01.2021 01:09",
            "open": "17.8804",
            "high": "17.89",
            "low": "17.8804",
            "close": "17.92"
        },
        {
            "time": "07.01.2021 01:10",
            "open": "17.92",
            "high": "17.92",
            "low": "17.92",
            "close": "17.9"
        },
        {
            "time": "07.01.2021 01:11",
            "open": "17.9",
            "high": "17.9139",
            "low": "17.9",
            "close": "17.914"
        },
        {
            "time": "07.01.2021 01:12",
            "open": "17.914",
            "high": "17.914",
            "low": "17.914",
            "close": "17.9052"
        },
        {
            "time": "07.01.2021 01:13",
            "open": "17.9052",
            "high": "17.9052",
            "low": "17.9052",
            "close": "17.8758"
        },
        {
            "time": "07.01.2021 01:14",
            "open": "17.8758",
            "high": "17.8975",
            "low": "17.8758",
            "close": "17.88"
        },
        {
            "time": "07.01.2021 01:15",
            "open": "17.88",
            "high": "17.88",
            "low": "17.8613",
            "close": "17.8577"
        },
        {
            "time": "07.01.2021 01:16",
            "open": "17.8577",
            "high": "17.8577",
            "low": "17.8478",
            "close": "17.8857"
        },
        {
            "time": "07.01.2021 01:18",
            "open": "17.8857",
            "high": "17.8857",
            "low": "17.8857",
            "close": "17.9352"
        },
        {
            "time": "07.01.2021 01:31",
            "open": "17.9352",
            "high": "17.9352",
            "low": "17.9352",
            "close": "17.9448"
        },
        {
            "time": "07.01.2021 01:32",
            "open": "17.9448",
            "high": "17.9554",
            "low": "17.9448",
            "close": "17.907"
        },
        {
            "time": "07.01.2021 01:34",
            "open": "17.907",
            "high": "17.907",
            "low": "17.907",
            "close": "17.8813"
        },
        {
            "time": "07.01.2021 01:35",
            "open": "17.8813",
            "high": "17.8813",
            "low": "17.8813",
            "close": "17.8538"
        },
        {
            "time": "07.01.2021 01:38",
            "open": "17.8538",
            "high": "17.8538",
            "low": "17.8538",
            "close": "17.8081"
        },
        {
            "time": "07.01.2021 01:40",
            "open": "17.8081",
            "high": "17.8081",
            "low": "17.8081",
            "close": "17.8"
        },
        {
            "time": "07.01.2021 01:43",
            "open": "17.8",
            "high": "17.8",
            "low": "17.8",
            "close": "17.8"
        },
        {
            "time": "07.01.2021 01:44",
            "open": "17.8",
            "high": "17.8",
            "low": "17.8",
            "close": "17.8215"
        },
        {
            "time": "07.01.2021 01:45",
            "open": "17.8215",
            "high": "17.8215",
            "low": "17.8198",
            "close": "17.7806"
        },
        {
            "time": "07.01.2021 01:46",
            "open": "17.7806",
            "high": "17.7806",
            "low": "17.7477",
            "close": "17.7258"
        },
        {
            "time": "07.01.2021 01:47",
            "open": "17.7258",
            "high": "17.7342",
            "low": "17.7258",
            "close": "17.7412"
        },
        {
            "time": "07.01.2021 01:48",
            "open": "17.7412",
            "high": "17.7412",
            "low": "17.7412",
            "close": "17.7536"
        },
        {
            "time": "07.01.2021 01:49",
            "open": "17.7536",
            "high": "17.7536",
            "low": "17.7536",
            "close": "17.7502"
        },
        {
            "time": "07.01.2021 01:50",
            "open": "17.7502",
            "high": "17.7502",
            "low": "17.738",
            "close": "17.7644"
        },
        {
            "time": "07.01.2021 01:52",
            "open": "17.7644",
            "high": "17.7644",
            "low": "17.7644",
            "close": "17.7691"
        },
        {
            "time": "07.01.2021 01:54",
            "open": "17.7691",
            "high": "17.7691",
            "low": "17.7691",
            "close": "17.757"
        },
        {
            "time": "07.01.2021 01:55",
            "open": "17.757",
            "high": "17.757",
            "low": "17.7502",
            "close": "17.7504"
        },
        {
            "time": "07.01.2021 01:58",
            "open": "17.7504",
            "high": "17.7504",
            "low": "17.7504",
            "close": "17.7502"
        },
        {
            "time": "07.01.2021 01:59",
            "open": "17.7502",
            "high": "17.7502",
            "low": "17.7502",
            "close": "17.7448"
        },
        {
            "time": "07.01.2021 02:00",
            "open": "17.7448",
            "high": "17.7448",
            "low": "17.7235",
            "close": "17.7444"
        },
        {
            "time": "07.01.2021 02:01",
            "open": "17.7444",
            "high": "17.7605",
            "low": "17.7444",
            "close": "17.7549"
        },
        {
            "time": "07.01.2021 02:02",
            "open": "17.7549",
            "high": "17.7549",
            "low": "17.7549",
            "close": "17.72"
        },
        {
            "time": "07.01.2021 02:03",
            "open": "17.72",
            "high": "17.7202",
            "low": "17.72",
            "close": "17.7261"
        },
        {
            "time": "07.01.2021 02:05",
            "open": "17.7261",
            "high": "17.7261",
            "low": "17.7261",
            "close": "17.7185"
        },
        {
            "time": "07.01.2021 02:09",
            "open": "17.7185",
            "high": "17.7261",
            "low": "17.7185",
            "close": "17.7298"
        },
        {
            "time": "07.01.2021 02:12",
            "open": "17.7298",
            "high": "17.7298",
            "low": "17.7298",
            "close": "17.7359"
        },
        {
            "time": "07.01.2021 02:14",
            "open": "17.7359",
            "high": "17.7359",
            "low": "17.7359",
            "close": "17.753"
        },
        {
            "time": "07.01.2021 02:16",
            "open": "17.753",
            "high": "17.753",
            "low": "17.753",
            "close": "17.785"
        },
        {
            "time": "07.01.2021 02:18",
            "open": "17.785",
            "high": "17.785",
            "low": "17.785",
            "close": "17.781"
        },
        {
            "time": "07.01.2021 02:20",
            "open": "17.781",
            "high": "17.781",
            "low": "17.7791",
            "close": "17.7903"
        },
        {
            "time": "07.01.2021 02:23",
            "open": "17.7903",
            "high": "17.7903",
            "low": "17.7903",
            "close": "17.7874"
        },
        {
            "time": "07.01.2021 02:24",
            "open": "17.7874",
            "high": "17.7875",
            "low": "17.7874",
            "close": "17.8151"
        },
        {
            "time": "07.01.2021 02:45",
            "open": "17.8151",
            "high": "17.8151",
            "low": "17.8151",
            "close": "17.7947"
        },
        {
            "time": "07.01.2021 02:49",
            "open": "17.7947",
            "high": "17.7947",
            "low": "17.7947",
            "close": "17.806"
        },
        {
            "time": "07.01.2021 02:50",
            "open": "17.806",
            "high": "17.806",
            "low": "17.806",
            "close": "17.7871"
        },
        {
            "time": "07.01.2021 02:52",
            "open": "17.7871",
            "high": "17.7871",
            "low": "17.7871",
            "close": "17.819"
        },
        {
            "time": "07.01.2021 03:00",
            "open": "17.819",
            "high": "17.819",
            "low": "17.819",
            "close": "17.8112"
        },
        {
            "time": "07.01.2021 03:03",
            "open": "17.8112",
            "high": "17.8195",
            "low": "17.8112",
            "close": "17.8208"
        },
        {
            "time": "07.01.2021 03:04",
            "open": "17.8208",
            "high": "17.8208",
            "low": "17.8208",
            "close": "17.8162"
        },
        {
            "time": "07.01.2021 03:07",
            "open": "17.8162",
            "high": "17.8162",
            "low": "17.8162",
            "close": "17.8101"
        },
        {
            "time": "07.01.2021 03:09",
            "open": "17.8101",
            "high": "17.8101",
            "low": "17.8101",
            "close": "17.8146"
        },
        {
            "time": "07.01.2021 03:12",
            "open": "17.8146",
            "high": "17.8146",
            "low": "17.8146",
            "close": "17.81"
        },
        {
            "time": "07.01.2021 03:17",
            "open": "17.81",
            "high": "17.8133",
            "low": "17.81",
            "close": "17.7915"
        },
        {
            "time": "07.01.2021 03:18",
            "open": "17.7915",
            "high": "17.8131",
            "low": "17.7915",
            "close": "17.7988"
        },
        {
            "time": "07.01.2021 03:19",
            "open": "17.7988",
            "high": "17.8222",
            "low": "17.7959",
            "close": "17.8229"
        },
        {
            "time": "07.01.2021 03:20",
            "open": "17.8229",
            "high": "17.8229",
            "low": "17.8229",
            "close": "17.8291"
        },
        {
            "time": "07.01.2021 03:29",
            "open": "17.8291",
            "high": "17.8291",
            "low": "17.8291",
            "close": "17.7924"
        },
        {
            "time": "07.01.2021 03:30",
            "open": "17.7924",
            "high": "17.7924",
            "low": "17.7924",
            "close": "17.7887"
        },
        {
            "time": "07.01.2021 03:31",
            "open": "17.7887",
            "high": "17.7887",
            "low": "17.7887",
            "close": "17.7897"
        },
        {
            "time": "07.01.2021 03:34",
            "open": "17.7897",
            "high": "17.7897",
            "low": "17.7897",
            "close": "17.7551"
        },
        {
            "time": "07.01.2021 03:35",
            "open": "17.7551",
            "high": "17.7551",
            "low": "17.755",
            "close": "17.8198"
        },
        {
            "time": "07.01.2021 03:41",
            "open": "17.8198",
            "high": "17.8198",
            "low": "17.8198",
            "close": "17.8522"
        },
        {
            "time": "07.01.2021 03:42",
            "open": "17.8522",
            "high": "17.8522",
            "low": "17.8522",
            "close": "17.8522"
        },
        {
            "time": "07.01.2021 03:43",
            "open": "17.8522",
            "high": "17.8522",
            "low": "17.8442",
            "close": "17.8332"
        },
        {
            "time": "07.01.2021 03:45",
            "open": "17.8332",
            "high": "17.8332",
            "low": "17.8332",
            "close": "17.9376"
        },
        {
            "time": "07.01.2021 03:59",
            "open": "17.9376",
            "high": "17.9376",
            "low": "17.9285",
            "close": "17.9276"
        },
        {
            "time": "07.01.2021 04:01",
            "open": "17.9276",
            "high": "17.9276",
            "low": "17.9276",
            "close": "17.9184"
        },
        {
            "time": "07.01.2021 04:04",
            "open": "17.9184",
            "high": "17.9184",
            "low": "17.9174",
            "close": "17.8534"
        },
        {
            "time": "07.01.2021 04:12",
            "open": "17.8534",
            "high": "17.881",
            "low": "17.8534",
            "close": "17.8651"
        },
        {
            "time": "07.01.2021 04:20",
            "open": "17.8651",
            "high": "17.8651",
            "low": "17.8651",
            "close": "17.8829"
        },
        {
            "time": "07.01.2021 04:22",
            "open": "17.8829",
            "high": "17.883",
            "low": "17.8829",
            "close": "17.8857"
        },
        {
            "time": "07.01.2021 04:25",
            "open": "17.8857",
            "high": "17.8857",
            "low": "17.8857",
            "close": "17.8899"
        },
        {
            "time": "07.01.2021 04:27",
            "open": "17.8899",
            "high": "17.8899",
            "low": "17.8852",
            "close": "17.8953"
        },
        {
            "time": "07.01.2021 04:28",
            "open": "17.8953",
            "high": "17.8953",
            "low": "17.8953",
            "close": "17.8544"
        },
        {
            "time": "07.01.2021 04:31",
            "open": "17.8544",
            "high": "17.8544",
            "low": "17.8544",
            "close": "17.8462"
        },
        {
            "time": "07.01.2021 04:32",
            "open": "17.8462",
            "high": "17.8462",
            "low": "17.8462",
            "close": "17.8778"
        },
        {
            "time": "07.01.2021 04:33",
            "open": "17.8778",
            "high": "17.8778",
            "low": "17.8778",
            "close": "17.8882"
        },
        {
            "time": "07.01.2021 04:34",
            "open": "17.8882",
            "high": "17.8882",
            "low": "17.8882",
            "close": "17.9063"
        },
        {
            "time": "07.01.2021 04:35",
            "open": "17.9063",
            "high": "17.9063",
            "low": "17.9063",
            "close": "17.8846"
        },
        {
            "time": "07.01.2021 04:38",
            "open": "17.8846",
            "high": "17.8846",
            "low": "17.8846",
            "close": "17.9596"
        },
        {
            "time": "07.01.2021 04:44",
            "open": "17.9596",
            "high": "17.9596",
            "low": "17.9596",
            "close": "17.9736"
        },
        {
            "time": "07.01.2021 04:46",
            "open": "17.9736",
            "high": "17.9753",
            "low": "17.9736",
            "close": "17.9461"
        },
        {
            "time": "07.01.2021 04:48",
            "open": "17.9461",
            "high": "17.9461",
            "low": "17.9039",
            "close": "17.9061"
        },
        {
            "time": "07.01.2021 04:54",
            "open": "17.9061",
            "high": "17.9061",
            "low": "17.9061",
            "close": "17.8854"
        },
        {
            "time": "07.01.2021 05:00",
            "open": "17.8854",
            "high": "17.8854",
            "low": "17.8854",
            "close": "17.8657"
        },
        {
            "time": "07.01.2021 05:01",
            "open": "17.8657",
            "high": "17.8657",
            "low": "17.8648",
            "close": "17.9004"
        },
        {
            "time": "07.01.2021 05:03",
            "open": "17.9004",
            "high": "17.9004",
            "low": "17.9004",
            "close": "17.9119"
        },
        {
            "time": "07.01.2021 05:08",
            "open": "17.9119",
            "high": "17.984",
            "low": "17.9119",
            "close": "17.9998"
        },
        {
            "time": "07.01.2021 05:09",
            "open": "17.9998",
            "high": "18",
            "low": "17.9998",
            "close": "18.0101"
        },
        {
            "time": "07.01.2021 05:10",
            "open": "18.0101",
            "high": "18.0101",
            "low": "18.0101",
            "close": "17.9742"
        },
        {
            "time": "07.01.2021 05:15",
            "open": "17.9742",
            "high": "17.9742",
            "low": "17.9742",
            "close": "18.0677"
        },
        {
            "time": "07.01.2021 05:21",
            "open": "18.0677",
            "high": "18.069",
            "low": "18.0677",
            "close": "18.0932"
        },
        {
            "time": "07.01.2021 05:25",
            "open": "18.0932",
            "high": "18.0932",
            "low": "18.0932",
            "close": "18.1"
        },
        {
            "time": "07.01.2021 05:26",
            "open": "18.1",
            "high": "18.1243",
            "low": "18.1",
            "close": "18.1275"
        },
        {
            "time": "07.01.2021 05:27",
            "open": "18.1275",
            "high": "18.1275",
            "low": "18.1259",
            "close": "18.1753"
        },
        {
            "time": "07.01.2021 05:28",
            "open": "18.1753",
            "high": "18.1753",
            "low": "18.1549",
            "close": "18.2"
        },
        {
            "time": "07.01.2021 05:29",
            "open": "18.2",
            "high": "18.2",
            "low": "18.1965",
            "close": "18.1256"
        },
        {
            "time": "07.01.2021 05:33",
            "open": "18.1256",
            "high": "18.1548",
            "low": "18.1256",
            "close": "18.1256"
        },
        {
            "time": "07.01.2021 05:34",
            "open": "18.1256",
            "high": "18.1395",
            "low": "18.1256",
            "close": "18.1696"
        },
        {
            "time": "07.01.2021 05:35",
            "open": "18.1696",
            "high": "18.1921",
            "low": "18.1695",
            "close": "18.2657"
        },
        {
            "time": "07.01.2021 05:36",
            "open": "18.2657",
            "high": "18.2657",
            "low": "18.2657",
            "close": "18.2989"
        },
        {
            "time": "07.01.2021 05:37",
            "open": "18.2989",
            "high": "18.4",
            "low": "18.2989",
            "close": "18.4399"
        },
        {
            "time": "07.01.2021 05:38",
            "open": "18.4399",
            "high": "18.4844",
            "low": "18.4399",
            "close": "18.5"
        },
        {
            "time": "07.01.2021 05:39",
            "open": "18.5",
            "high": "18.55",
            "low": "18.5",
            "close": "18.5936"
        },
        {
            "time": "07.01.2021 05:40",
            "open": "18.5936",
            "high": "18.5936",
            "low": "18.5936",
            "close": "18.515"
        },
        {
            "time": "07.01.2021 05:41",
            "open": "18.515",
            "high": "18.515",
            "low": "18.5066",
            "close": "18.5066"
        },
        {
            "time": "07.01.2021 05:42",
            "open": "18.5066",
            "high": "18.5217",
            "low": "18.5066",
            "close": "18.5163"
        },
        {
            "time": "07.01.2021 05:46",
            "open": "18.5163",
            "high": "18.5163",
            "low": "18.5163",
            "close": "18.4097"
        },
        {
            "time": "07.01.2021 05:48",
            "open": "18.4097",
            "high": "18.4097",
            "low": "18.4097",
            "close": "18.4152"
        },
        {
            "time": "07.01.2021 05:52",
            "open": "18.4152",
            "high": "18.4152",
            "low": "18.4152",
            "close": "18.4654"
        },
        {
            "time": "07.01.2021 05:54",
            "open": "18.4654",
            "high": "18.4654",
            "low": "18.4654",
            "close": "18.4654"
        },
        {
            "time": "07.01.2021 05:55",
            "open": "18.4654",
            "high": "18.4654",
            "low": "18.4654",
            "close": "18.4576"
        },
        {
            "time": "07.01.2021 05:57",
            "open": "18.4576",
            "high": "18.4576",
            "low": "18.4429",
            "close": "18.3771"
        },
        {
            "time": "07.01.2021 05:58",
            "open": "18.3771",
            "high": "18.3854",
            "low": "18.3771",
            "close": "18.3672"
        },
        {
            "time": "07.01.2021 05:59",
            "open": "18.3672",
            "high": "18.3672",
            "low": "18.3611",
            "close": "18.3685"
        },
        {
            "time": "07.01.2021 06:00",
            "open": "18.3685",
            "high": "18.3685",
            "low": "18.3628",
            "close": "18.3854"
        },
        {
            "time": "07.01.2021 06:01",
            "open": "18.3854",
            "high": "18.3854",
            "low": "18.3854",
            "close": "18.4527"
        },
        {
            "time": "07.01.2021 06:03",
            "open": "18.4527",
            "high": "18.4527",
            "low": "18.4527",
            "close": "18.4969"
        },
        {
            "time": "07.01.2021 06:04",
            "open": "18.4969",
            "high": "18.5426",
            "low": "18.4969",
            "close": "18.5403"
        },
        {
            "time": "07.01.2021 06:05",
            "open": "18.5403",
            "high": "18.5403",
            "low": "18.5403",
            "close": "18.4926"
        },
        {
            "time": "07.01.2021 06:06",
            "open": "18.4926",
            "high": "18.4926",
            "low": "18.4664",
            "close": "18.471"
        },
        {
            "time": "07.01.2021 06:11",
            "open": "18.471",
            "high": "18.471",
            "low": "18.471",
            "close": "18.46"
        },
        {
            "time": "07.01.2021 06:15",
            "open": "18.46",
            "high": "18.46",
            "low": "18.428",
            "close": "18.376"
        },
        {
            "time": "07.01.2021 06:16",
            "open": "18.376",
            "high": "18.3761",
            "low": "18.376",
            "close": "18.3902"
        },
        {
            "time": "07.01.2021 06:17",
            "open": "18.3902",
            "high": "18.4629",
            "low": "18.3902",
            "close": "18.4717"
        },
        {
            "time": "07.01.2021 06:18",
            "open": "18.4717",
            "high": "18.4717",
            "low": "18.4717",
            "close": "18.4674"
        },
        {
            "time": "07.01.2021 06:20",
            "open": "18.4674",
            "high": "18.4674",
            "low": "18.4674",
            "close": "18.416"
        },
        {
            "time": "07.01.2021 06:21",
            "open": "18.416",
            "high": "18.416",
            "low": "18.3949",
            "close": "18.3936"
        },
        {
            "time": "07.01.2021 06:26",
            "open": "18.3823",
            "high": "18.3823",
            "low": "18.3823",
            "close": "18.3346"
        },
        {
            "time": "07.01.2021 06:31",
            "open": "18.3346",
            "high": "18.3346",
            "low": "18.3346",
            "close": "18.3171"
        },
        {
            "time": "07.01.2021 06:33",
            "open": "18.3171",
            "high": "18.3171",
            "low": "18.3171",
            "close": "18.3177"
        },
        {
            "time": "07.01.2021 06:34",
            "open": "18.3177",
            "high": "18.3177",
            "low": "18.3177",
            "close": "18.2733"
        },
        {
            "time": "07.01.2021 06:36",
            "open": "18.2733",
            "high": "18.2733",
            "low": "18.2733",
            "close": "18.2761"
        },
        {
            "time": "07.01.2021 06:37",
            "open": "18.2761",
            "high": "18.2761",
            "low": "18.2761",
            "close": "18.3177"
        },
        {
            "time": "07.01.2021 06:39",
            "open": "18.3177",
            "high": "18.3366",
            "low": "18.3098",
            "close": "18.379"
        },
        {
            "time": "07.01.2021 06:42",
            "open": "18.379",
            "high": "18.379",
            "low": "18.379",
            "close": "18.4417"
        },
        {
            "time": "07.01.2021 06:45",
            "open": "18.4417",
            "high": "18.45",
            "low": "18.4417",
            "close": "18.4882"
        },
        {
            "time": "07.01.2021 06:47",
            "open": "18.4882",
            "high": "18.4882",
            "low": "18.4882",
            "close": "18.5426"
        },
        {
            "time": "07.01.2021 06:50",
            "open": "18.5426",
            "high": "18.5426",
            "low": "18.5141",
            "close": "18.5445"
        },
        {
            "time": "07.01.2021 06:51",
            "open": "18.5445",
            "high": "18.5541",
            "low": "18.5445",
            "close": "18.5514"
        },
        {
            "time": "07.01.2021 06:52",
            "open": "18.5514",
            "high": "18.5694",
            "low": "18.5514",
            "close": "18.4116"
        },
        {
            "time": "07.01.2021 06:59",
            "open": "18.4116",
            "high": "18.4351",
            "low": "18.4116",
            "close": "18.5416"
        },
        {
            "time": "07.01.2021 07:01",
            "open": "18.5416",
            "high": "18.5416",
            "low": "18.5405",
            "close": "18.5315"
        },
        {
            "time": "07.01.2021 07:02",
            "open": "18.5315",
            "high": "18.5315",
            "low": "18.4669",
            "close": "18.506"
        },
        {
            "time": "07.01.2021 07:03",
            "open": "18.506",
            "high": "18.5096",
            "low": "18.506",
            "close": "18.6"
        },
        {
            "time": "07.01.2021 07:04",
            "open": "18.6",
            "high": "18.6521",
            "low": "18.6",
            "close": "18.6366"
        },
        {
            "time": "07.01.2021 07:05",
            "open": "18.6366",
            "high": "18.6366",
            "low": "18.5433",
            "close": "18.5519"
        },
        {
            "time": "07.01.2021 07:06",
            "open": "18.5519",
            "high": "18.558",
            "low": "18.5479",
            "close": "18.5753"
        },
        {
            "time": "07.01.2021 07:07",
            "open": "18.5753",
            "high": "18.5753",
            "low": "18.5753",
            "close": "18.53"
        },
        {
            "time": "07.01.2021 07:08",
            "open": "18.53",
            "high": "18.53",
            "low": "18.53",
            "close": "18.5988"
        },
        {
            "time": "07.01.2021 07:09",
            "open": "18.5988",
            "high": "18.5988",
            "low": "18.5988",
            "close": "18.5984"
        },
        {
            "time": "07.01.2021 07:10",
            "open": "18.5984",
            "high": "18.5984",
            "low": "18.5873",
            "close": "18.5873"
        },
        {
            "time": "07.01.2021 07:13",
            "open": "18.5873",
            "high": "18.5873",
            "low": "18.5873",
            "close": "18.5873"
        },
        {
            "time": "07.01.2021 07:14",
            "open": "18.5873",
            "high": "18.5873",
            "low": "18.5873",
            "close": "18.5612"
        },
        {
            "time": "07.01.2021 07:15",
            "open": "18.5612",
            "high": "18.5612",
            "low": "18.5612",
            "close": "18.5818"
        },
        {
            "time": "07.01.2021 07:17",
            "open": "18.5818",
            "high": "18.5832",
            "low": "18.5818",
            "close": "18.4945"
        },
        {
            "time": "07.01.2021 07:21",
            "open": "18.4945",
            "high": "18.4945",
            "low": "18.4762",
            "close": "18.3504"
        },
        {
            "time": "07.01.2021 07:25",
            "open": "18.3504",
            "high": "18.3673",
            "low": "18.2743",
            "close": "18.3496"
        },
        {
            "time": "07.01.2021 07:26",
            "open": "18.3496",
            "high": "18.3496",
            "low": "18.3496",
            "close": "18.2666"
        },
        {
            "time": "07.01.2021 07:28",
            "open": "18.2666",
            "high": "18.2666",
            "low": "18.2058",
            "close": "18.2052"
        },
        {
            "time": "07.01.2021 07:29",
            "open": "18.2052",
            "high": "18.2052",
            "low": "18.2052",
            "close": "18.4267"
        },
        {
            "time": "07.01.2021 07:30",
            "open": "18.4267",
            "high": "18.4268",
            "low": "18.4267",
            "close": "18.4012"
        },
        {
            "time": "07.01.2021 07:31",
            "open": "18.4012",
            "high": "18.4013",
            "low": "18.387",
            "close": "18.3688"
        },
        {
            "time": "07.01.2021 07:32",
            "open": "18.3688",
            "high": "18.3689",
            "low": "18.3688",
            "close": "18.3689"
        },
        {
            "time": "07.01.2021 07:33",
            "open": "18.3689",
            "high": "18.3689",
            "low": "18.3689",
            "close": "18.3674"
        },
        {
            "time": "07.01.2021 07:34",
            "open": "18.3674",
            "high": "18.3674",
            "low": "18.3674",
            "close": "18.3317"
        },
        {
            "time": "07.01.2021 07:35",
            "open": "18.3317",
            "high": "18.3317",
            "low": "18.3293",
            "close": "18.3215"
        },
        {
            "time": "07.01.2021 07:36",
            "open": "18.3215",
            "high": "18.3391",
            "low": "18.3215",
            "close": "18.3448"
        },
        {
            "time": "07.01.2021 07:41",
            "open": "18.3448",
            "high": "18.3448",
            "low": "18.3448",
            "close": "18.3813"
        },
        {
            "time": "07.01.2021 07:42",
            "open": "18.3813",
            "high": "18.3813",
            "low": "18.3808",
            "close": "18.395"
        },
        {
            "time": "07.01.2021 07:43",
            "open": "18.395",
            "high": "18.4184",
            "low": "18.395",
            "close": "18.3877"
        },
        {
            "time": "07.01.2021 07:46",
            "open": "18.3877",
            "high": "18.3877",
            "low": "18.3877",
            "close": "18.3877"
        },
        {
            "time": "07.01.2021 07:48",
            "open": "18.3877",
            "high": "18.3877",
            "low": "18.3877",
            "close": "18.3888"
        },
        {
            "time": "07.01.2021 07:52",
            "open": "18.3888",
            "high": "18.3888",
            "low": "18.3888",
            "close": "18.4327"
        },
        {
            "time": "07.01.2021 07:55",
            "open": "18.4327",
            "high": "18.4763",
            "low": "18.4327",
            "close": "18.4763"
        },
        {
            "time": "07.01.2021 07:56",
            "open": "18.4763",
            "high": "18.4763",
            "low": "18.4762",
            "close": "18.3325"
        },
        {
            "time": "07.01.2021 08:03",
            "open": "18.3325",
            "high": "18.3325",
            "low": "18.3325",
            "close": "18.3391"
        },
        {
            "time": "07.01.2021 08:04",
            "open": "18.3391",
            "high": "18.3391",
            "low": "18.3391",
            "close": "18.5108"
        },
        {
            "time": "07.01.2021 08:07",
            "open": "18.5108",
            "high": "18.5108",
            "low": "18.431",
            "close": "18.4341"
        },
        {
            "time": "07.01.2021 08:08",
            "open": "18.4341",
            "high": "18.4341",
            "low": "18.4341",
            "close": "18.4338"
        },
        {
            "time": "07.01.2021 08:09",
            "open": "18.4338",
            "high": "18.4385",
            "low": "18.4338",
            "close": "18.5014"
        },
        {
            "time": "07.01.2021 08:10",
            "open": "18.5014",
            "high": "18.5014",
            "low": "18.5014",
            "close": "18.4854"
        },
        {
            "time": "07.01.2021 08:11",
            "open": "18.4854",
            "high": "18.5105",
            "low": "18.4854",
            "close": "18.4533"
        },
        {
            "time": "07.01.2021 08:12",
            "open": "18.4533",
            "high": "18.4533",
            "low": "18.4198",
            "close": "18.4153"
        },
        {
            "time": "07.01.2021 08:13",
            "open": "18.4153",
            "high": "18.4882",
            "low": "18.4153",
            "close": "18.5144"
        },
        {
            "time": "07.01.2021 08:14",
            "open": "18.5144",
            "high": "18.5404",
            "low": "18.4098",
            "close": "18.3936"
        },
        {
            "time": "07.01.2021 08:15",
            "open": "18.3936",
            "high": "18.4023",
            "low": "18.3936",
            "close": "18.5065"
        },
        {
            "time": "07.01.2021 08:16",
            "open": "18.5065",
            "high": "18.5065",
            "low": "18.409",
            "close": "18.445"
        },
        {
            "time": "07.01.2021 08:17",
            "open": "18.445",
            "high": "18.4951",
            "low": "18.445",
            "close": "18.4802"
        },
        {
            "time": "07.01.2021 08:19",
            "open": "18.4802",
            "high": "18.4802",
            "low": "18.4802",
            "close": "18.4279"
        },
        {
            "time": "07.01.2021 08:20",
            "open": "18.4279",
            "high": "18.4279",
            "low": "18.4279",
            "close": "18.4802"
        },
        {
            "time": "07.01.2021 08:23",
            "open": "18.4802",
            "high": "18.4802",
            "low": "18.4802",
            "close": "18.4977"
        },
        {
            "time": "07.01.2021 08:24",
            "open": "18.4977",
            "high": "18.4977",
            "low": "18.4977",
            "close": "18.4611"
        },
        {
            "time": "07.01.2021 08:25",
            "open": "18.4611",
            "high": "18.4611",
            "low": "18.4611",
            "close": "18.4611"
        },
        {
            "time": "07.01.2021 08:26",
            "open": "18.4611",
            "high": "18.4611",
            "low": "18.3622",
            "close": "18.3588"
        },
        {
            "time": "07.01.2021 08:27",
            "open": "18.3588",
            "high": "18.3818",
            "low": "18.3588",
            "close": "18.3936"
        },
        {
            "time": "07.01.2021 08:28",
            "open": "18.3936",
            "high": "18.4283",
            "low": "18.3936",
            "close": "18.3994"
        },
        {
            "time": "07.01.2021 08:29",
            "open": "18.3994",
            "high": "18.3994",
            "low": "18.3994",
            "close": "18.3812"
        },
        {
            "time": "07.01.2021 08:33",
            "open": "18.3812",
            "high": "18.3812",
            "low": "18.3812",
            "close": "18.3301"
        },
        {
            "time": "07.01.2021 08:34",
            "open": "18.3301",
            "high": "18.3301",
            "low": "18.2711",
            "close": "18.2778"
        },
        {
            "time": "07.01.2021 08:35",
            "open": "18.2778",
            "high": "18.2778",
            "low": "18.2778",
            "close": "18.2634"
        },
        {
            "time": "07.01.2021 08:36",
            "open": "18.2634",
            "high": "18.3011",
            "low": "18.2634",
            "close": "18.2831"
        },
        {
            "time": "07.01.2021 08:38",
            "open": "18.2831",
            "high": "18.2831",
            "low": "18.2215",
            "close": "18.3125"
        },
        {
            "time": "07.01.2021 08:39",
            "open": "18.3125",
            "high": "18.316",
            "low": "18.3125",
            "close": "18.3039"
        },
        {
            "time": "07.01.2021 08:40",
            "open": "18.3039",
            "high": "18.3039",
            "low": "18.2875",
            "close": "18.2933"
        },
        {
            "time": "07.01.2021 08:41",
            "open": "18.2933",
            "high": "18.2935",
            "low": "18.2933",
            "close": "18.3086"
        },
        {
            "time": "07.01.2021 08:42",
            "open": "18.3086",
            "high": "18.3237",
            "low": "18.3085",
            "close": "18.3101"
        },
        {
            "time": "07.01.2021 08:43",
            "open": "18.3101",
            "high": "18.3101",
            "low": "18.31",
            "close": "18.284"
        },
        {
            "time": "07.01.2021 08:46",
            "open": "18.284",
            "high": "18.2852",
            "low": "18.2748",
            "close": "18.2278"
        },
        {
            "time": "07.01.2021 08:47",
            "open": "18.2278",
            "high": "18.2278",
            "low": "18.2278",
            "close": "18.1946"
        },
        {
            "time": "07.01.2021 08:48",
            "open": "18.1946",
            "high": "18.2202",
            "low": "18.1946",
            "close": "18.164"
        },
        {
            "time": "07.01.2021 08:49",
            "open": "18.164",
            "high": "18.164",
            "low": "18.157",
            "close": "18.2"
        },
        {
            "time": "07.01.2021 08:50",
            "open": "18.2",
            "high": "18.2",
            "low": "18.1922",
            "close": "18.2232"
        },
        {
            "time": "07.01.2021 08:51",
            "open": "18.2232",
            "high": "18.2335",
            "low": "18.2232",
            "close": "18.2417"
        },
        {
            "time": "07.01.2021 08:53",
            "open": "18.2417",
            "high": "18.2417",
            "low": "18.2417",
            "close": "18.2435"
        },
        {
            "time": "07.01.2021 08:54",
            "open": "18.2435",
            "high": "18.2435",
            "low": "18.2435",
            "close": "18.244"
        },
        {
            "time": "07.01.2021 08:55",
            "open": "18.244",
            "high": "18.244",
            "low": "18.244",
            "close": "18.244"
        },
        {
            "time": "07.01.2021 09:00",
            "open": "18.244",
            "high": "18.2762",
            "low": "18.244",
            "close": "18.2762"
        },
        {
            "time": "07.01.2021 09:02",
            "open": "18.2762",
            "high": "18.2762",
            "low": "18.2762",
            "close": "18.248"
        },
        {
            "time": "07.01.2021 09:03",
            "open": "18.248",
            "high": "18.248",
            "low": "18.248",
            "close": "18.3064"
        },
        {
            "time": "07.01.2021 09:07",
            "open": "18.3064",
            "high": "18.3065",
            "low": "18.3064",
            "close": "18.2127"
        },
        {
            "time": "07.01.2021 09:10",
            "open": "18.2127",
            "high": "18.216",
            "low": "18.2117",
            "close": "18.3078"
        },
        {
            "time": "07.01.2021 09:12",
            "open": "18.3078",
            "high": "18.3078",
            "low": "18.2981",
            "close": "18.2661"
        },
        {
            "time": "07.01.2021 09:13",
            "open": "18.2661",
            "high": "18.2702",
            "low": "18.2661",
            "close": "18.1324"
        },
        {
            "time": "07.01.2021 09:17",
            "open": "18.1324",
            "high": "18.1324",
            "low": "18.1324",
            "close": "18.123"
        },
        {
            "time": "07.01.2021 09:19",
            "open": "18.123",
            "high": "18.1247",
            "low": "18.0932",
            "close": "18.0568"
        },
        {
            "time": "07.01.2021 09:21",
            "open": "18.0568",
            "high": "18.0568",
            "low": "18.0568",
            "close": "18.0617"
        },
        {
            "time": "07.01.2021 09:22",
            "open": "18.0617",
            "high": "18.0617",
            "low": "18.001",
            "close": "17.9177"
        },
        {
            "time": "07.01.2021 09:23",
            "open": "17.9177",
            "high": "17.9177",
            "low": "17.9156",
            "close": "17.9822"
        },
        {
            "time": "07.01.2021 09:25",
            "open": "17.9822",
            "high": "17.9877",
            "low": "17.9822",
            "close": "18.0889"
        },
        {
            "time": "07.01.2021 09:27",
            "open": "18.0889",
            "high": "18.1028",
            "low": "18.0889",
            "close": "18.1139"
        },
        {
            "time": "07.01.2021 09:28",
            "open": "18.1139",
            "high": "18.1339",
            "low": "18.1066",
            "close": "18.149"
        },
        {
            "time": "07.01.2021 09:32",
            "open": "18.149",
            "high": "18.149",
            "low": "18.149",
            "close": "18.1629"
        },
        {
            "time": "07.01.2021 09:33",
            "open": "18.1629",
            "high": "18.1835",
            "low": "18.1563",
            "close": "18.1346"
        },
        {
            "time": "07.01.2021 09:35",
            "open": "18.1346",
            "high": "18.1616",
            "low": "18.1346",
            "close": "18.1667"
        },
        {
            "time": "07.01.2021 09:38",
            "open": "18.1667",
            "high": "18.1667",
            "low": "18.1667",
            "close": "18.2001"
        },
        {
            "time": "07.01.2021 09:42",
            "open": "18.2001",
            "high": "18.2001",
            "low": "18.1691",
            "close": "18.2142"
        },
        {
            "time": "07.01.2021 09:46",
            "open": "18.2142",
            "high": "18.2142",
            "low": "18.2142",
            "close": "18.188"
        },
        {
            "time": "07.01.2021 09:48",
            "open": "18.188",
            "high": "18.188",
            "low": "18.188",
            "close": "18.2467"
        },
        {
            "time": "07.01.2021 09:49",
            "open": "18.2467",
            "high": "18.2467",
            "low": "18.2467",
            "close": "18.2145"
        },
        {
            "time": "07.01.2021 09:50",
            "open": "18.2145",
            "high": "18.2145",
            "low": "18.2145",
            "close": "18.2611"
        },
        {
            "time": "07.01.2021 09:52",
            "open": "18.2611",
            "high": "18.2611",
            "low": "18.2456",
            "close": "18.2471"
        },
        {
            "time": "07.01.2021 09:53",
            "open": "18.2471",
            "high": "18.2471",
            "low": "18.2169",
            "close": "18.2"
        },
        {
            "time": "07.01.2021 09:54",
            "open": "18.2",
            "high": "18.2605",
            "low": "18.1864",
            "close": "18.1634"
        },
        {
            "time": "07.01.2021 09:55",
            "open": "18.1634",
            "high": "18.1776",
            "low": "18.1634",
            "close": "18.1951"
        },
        {
            "time": "07.01.2021 09:56",
            "open": "18.1951",
            "high": "18.2502",
            "low": "18.1951",
            "close": "18.179"
        },
        {
            "time": "07.01.2021 09:57",
            "open": "18.179",
            "high": "18.205",
            "low": "18.1787",
            "close": "18.2192"
        },
        {
            "time": "07.01.2021 09:58",
            "open": "18.2192",
            "high": "18.228",
            "low": "18.2192",
            "close": "18.16"
        },
        {
            "time": "07.01.2021 10:00",
            "open": "18.16",
            "high": "18.16",
            "low": "18.16",
            "close": "18.158"
        },
        {
            "time": "07.01.2021 10:01",
            "open": "18.158",
            "high": "18.158",
            "low": "18.158",
            "close": "18.1369"
        },
        {
            "time": "07.01.2021 10:02",
            "open": "18.1369",
            "high": "18.1369",
            "low": "18.1369",
            "close": "18.1091"
        },
        {
            "time": "07.01.2021 10:03",
            "open": "18.1091",
            "high": "18.1091",
            "low": "18.1091",
            "close": "18.1838"
        },
        {
            "time": "07.01.2021 10:05",
            "open": "18.1838",
            "high": "18.1838",
            "low": "18.1838",
            "close": "18.1908"
        },
        {
            "time": "07.01.2021 10:06",
            "open": "18.1908",
            "high": "18.1908",
            "low": "18.1908",
            "close": "18.1682"
        },
        {
            "time": "07.01.2021 10:08",
            "open": "18.1682",
            "high": "18.1682",
            "low": "18.1676",
            "close": "18.1781"
        },
        {
            "time": "07.01.2021 10:09",
            "open": "18.1781",
            "high": "18.2434",
            "low": "18.1781",
            "close": "18.2717"
        },
        {
            "time": "07.01.2021 10:10",
            "open": "18.2717",
            "high": "18.2717",
            "low": "18.1427",
            "close": "18.1834"
        },
        {
            "time": "07.01.2021 10:11",
            "open": "18.1834",
            "high": "18.1834",
            "low": "18.1834",
            "close": "18.1841"
        },
        {
            "time": "07.01.2021 10:12",
            "open": "18.1841",
            "high": "18.1841",
            "low": "18.176",
            "close": "18.176"
        },
        {
            "time": "07.01.2021 10:13",
            "open": "18.176",
            "high": "18.176",
            "low": "18.1166",
            "close": "18.0605"
        },
        {
            "time": "07.01.2021 10:14",
            "open": "18.0605",
            "high": "18.0605",
            "low": "18.0605",
            "close": "18.1031"
        },
        {
            "time": "07.01.2021 10:15",
            "open": "18.1031",
            "high": "18.1392",
            "low": "18.1031",
            "close": "18.0824"
        },
        {
            "time": "07.01.2021 10:16",
            "open": "18.0824",
            "high": "18.0824",
            "low": "18.0824",
            "close": "18.13"
        },
        {
            "time": "07.01.2021 10:17",
            "open": "18.13",
            "high": "18.1702",
            "low": "18.13",
            "close": "18.1752"
        },
        {
            "time": "07.01.2021 10:18",
            "open": "18.1752",
            "high": "18.4535",
            "low": "18.1752",
            "close": "18.4241"
        },
        {
            "time": "07.01.2021 10:19",
            "open": "18.4241",
            "high": "18.4241",
            "low": "18.3696",
            "close": "18.4135"
        },
        {
            "time": "07.01.2021 10:20",
            "open": "18.4135",
            "high": "18.4427",
            "low": "18.3251",
            "close": "18.3975"
        },
        {
            "time": "07.01.2021 10:21",
            "open": "18.3975",
            "high": "18.4337",
            "low": "18.3307",
            "close": "18.4254"
        },
        {
            "time": "07.01.2021 10:22",
            "open": "18.4254",
            "high": "18.4544",
            "low": "18.3204",
            "close": "18.4611"
        },
        {
            "time": "07.01.2021 10:23",
            "open": "18.4611",
            "high": "18.4642",
            "low": "18.4284",
            "close": "18.4463"
        },
        {
            "time": "07.01.2021 10:24",
            "open": "18.4463",
            "high": "18.4463",
            "low": "18.429",
            "close": "18.4435"
        },
        {
            "time": "07.01.2021 10:25",
            "open": "18.4435",
            "high": "18.4498",
            "low": "18.4435",
            "close": "18.4569"
        },
        {
            "time": "07.01.2021 10:26",
            "open": "18.4569",
            "high": "18.4569",
            "low": "18.4413",
            "close": "18.4615"
        },
        {
            "time": "07.01.2021 10:27",
            "open": "18.4615",
            "high": "18.4615",
            "low": "18.3981",
            "close": "18.3996"
        },
        {
            "time": "07.01.2021 10:29",
            "open": "18.3996",
            "high": "18.3996",
            "low": "18.3996",
            "close": "18.4015"
        },
        {
            "time": "07.01.2021 10:31",
            "open": "18.4015",
            "high": "18.4015",
            "low": "18.4015",
            "close": "18.3981"
        },
        {
            "time": "07.01.2021 10:32",
            "open": "18.3981",
            "high": "18.3982",
            "low": "18.364",
            "close": "18.2959"
        },
        {
            "time": "07.01.2021 10:33",
            "open": "18.2959",
            "high": "18.2959",
            "low": "18.2941",
            "close": "18.2943"
        },
        {
            "time": "07.01.2021 10:34",
            "open": "18.2943",
            "high": "18.2943",
            "low": "18.2943",
            "close": "18.2943"
        },
        {
            "time": "07.01.2021 10:35",
            "open": "18.2943",
            "high": "18.3187",
            "low": "18.2943",
            "close": "18.3108"
        },
        {
            "time": "07.01.2021 10:36",
            "open": "18.3108",
            "high": "18.3108",
            "low": "18.3108",
            "close": "18.306"
        },
        {
            "time": "07.01.2021 10:37",
            "open": "18.306",
            "high": "18.306",
            "low": "18.306",
            "close": "18.3058"
        },
        {
            "time": "07.01.2021 10:38",
            "open": "18.3058",
            "high": "18.3058",
            "low": "18.3058",
            "close": "18.2666"
        },
        {
            "time": "07.01.2021 10:39",
            "open": "18.2666",
            "high": "18.2666",
            "low": "18.2666",
            "close": "18.2859"
        },
        {
            "time": "07.01.2021 10:40",
            "open": "18.2859",
            "high": "18.3675",
            "low": "18.2531",
            "close": "18.3865"
        },
        {
            "time": "07.01.2021 10:41",
            "open": "18.3865",
            "high": "18.3865",
            "low": "18.3185",
            "close": "18.3404"
        },
        {
            "time": "07.01.2021 10:42",
            "open": "18.3404",
            "high": "18.3404",
            "low": "18.3404",
            "close": "18.3313"
        },
        {
            "time": "07.01.2021 10:44",
            "open": "18.3313",
            "high": "18.3313",
            "low": "18.3313",
            "close": "18.3002"
        },
        {
            "time": "07.01.2021 10:47",
            "open": "18.3002",
            "high": "18.3131",
            "low": "18.3002",
            "close": "18.32"
        },
        {
            "time": "07.01.2021 10:48",
            "open": "18.32",
            "high": "18.3988",
            "low": "18.32",
            "close": "18.3211"
        },
        {
            "time": "07.01.2021 10:49",
            "open": "18.3211",
            "high": "18.3211",
            "low": "18.319",
            "close": "18.2755"
        },
        {
            "time": "07.01.2021 10:50",
            "open": "18.2755",
            "high": "18.2755",
            "low": "18.2755",
            "close": "18.2457"
        },
        {
            "time": "07.01.2021 10:52",
            "open": "18.2457",
            "high": "18.2742",
            "low": "18.2457",
            "close": "18.313"
        },
        {
            "time": "07.01.2021 10:54",
            "open": "18.313",
            "high": "18.313",
            "low": "18.313",
            "close": "18.3121"
        },
        {
            "time": "07.01.2021 10:55",
            "open": "18.3121",
            "high": "18.3121",
            "low": "18.3121",
            "close": "18.3098"
        },
        {
            "time": "07.01.2021 10:58",
            "open": "18.3098",
            "high": "18.3098",
            "low": "18.3098",
            "close": "18.376"
        },
        {
            "time": "07.01.2021 11:00",
            "open": "18.376",
            "high": "18.3761",
            "low": "18.376",
            "close": "18.373"
        },
        {
            "time": "07.01.2021 11:01",
            "open": "18.373",
            "high": "18.373",
            "low": "18.373",
            "close": "18.2985"
        },
        {
            "time": "07.01.2021 11:06",
            "open": "18.2985",
            "high": "18.2985",
            "low": "18.2985",
            "close": "18.2598"
        },
        {
            "time": "07.01.2021 11:11",
            "open": "18.2598",
            "high": "18.2613",
            "low": "18.2598",
            "close": "18.3309"
        },
        {
            "time": "07.01.2021 11:17",
            "open": "18.3309",
            "high": "18.3309",
            "low": "18.3309",
            "close": "18.2897"
        },
        {
            "time": "07.01.2021 11:18",
            "open": "18.2897",
            "high": "18.2897",
            "low": "18.2864",
            "close": "18.2877"
        },
        {
            "time": "07.01.2021 11:19",
            "open": "18.2877",
            "high": "18.2878",
            "low": "18.2877",
            "close": "18.2931"
        },
        {
            "time": "07.01.2021 11:22",
            "open": "18.2931",
            "high": "18.2931",
            "low": "18.2931",
            "close": "18.2931"
        },
        {
            "time": "07.01.2021 11:25",
            "open": "18.2931",
            "high": "18.2935",
            "low": "18.2657",
            "close": "18.253"
        },
        {
            "time": "07.01.2021 11:26",
            "open": "18.253",
            "high": "18.253",
            "low": "18.253",
            "close": "18.1894"
        },
        {
            "time": "07.01.2021 11:27",
            "open": "18.1894",
            "high": "18.1894",
            "low": "18.1894",
            "close": "18.2693"
        },
        {
            "time": "07.01.2021 11:34",
            "open": "18.2693",
            "high": "18.2717",
            "low": "18.2693",
            "close": "18.2383"
        },
        {
            "time": "07.01.2021 11:36",
            "open": "18.2383",
            "high": "18.2383",
            "low": "18.2383",
            "close": "18.2144"
        },
        {
            "time": "07.01.2021 11:37",
            "open": "18.2144",
            "high": "18.231",
            "low": "18.2144",
            "close": "18.2046"
        },
        {
            "time": "07.01.2021 11:38",
            "open": "18.2046",
            "high": "18.2236",
            "low": "18.2046",
            "close": "18.2386"
        },
        {
            "time": "07.01.2021 11:39",
            "open": "18.2386",
            "high": "18.2386",
            "low": "18.2386",
            "close": "18.2038"
        },
        {
            "time": "07.01.2021 11:40",
            "open": "18.2038",
            "high": "18.2038",
            "low": "18.2038",
            "close": "18.2433"
        },
        {
            "time": "07.01.2021 11:44",
            "open": "18.2433",
            "high": "18.2433",
            "low": "18.2433",
            "close": "18.1719"
        },
        {
            "time": "07.01.2021 11:48",
            "open": "18.1719",
            "high": "18.1719",
            "low": "18.1719",
            "close": "18.2051"
        },
        {
            "time": "07.01.2021 11:49",
            "open": "18.2051",
            "high": "18.2051",
            "low": "18.2051",
            "close": "18.162"
        },
        {
            "time": "07.01.2021 11:56",
            "open": "18.162",
            "high": "18.162",
            "low": "18.1557",
            "close": "18.2127"
        },
        {
            "time": "07.01.2021 12:08",
            "open": "18.2494",
            "high": "18.2494",
            "low": "18.2494",
            "close": "18.2876"
        },
        {
            "time": "07.01.2021 12:09",
            "open": "18.2876",
            "high": "18.2977",
            "low": "18.2876",
            "close": "18.3389"
        },
        {
            "time": "07.01.2021 12:10",
            "open": "18.3389",
            "high": "18.3437",
            "low": "18.2572",
            "close": "18.2857"
        },
        {
            "time": "07.01.2021 12:11",
            "open": "18.2857",
            "high": "18.3765",
            "low": "18.2857",
            "close": "18.3091"
        },
        {
            "time": "07.01.2021 12:12",
            "open": "18.3091",
            "high": "18.3091",
            "low": "18.3091",
            "close": "18.2991"
        },
        {
            "time": "07.01.2021 12:13",
            "open": "18.2991",
            "high": "18.2991",
            "low": "18.2991",
            "close": "18.3698"
        },
        {
            "time": "07.01.2021 12:14",
            "open": "18.3698",
            "high": "18.3698",
            "low": "18.3471",
            "close": "18.3806"
        },
        {
            "time": "07.01.2021 12:15",
            "open": "18.3806",
            "high": "18.3806",
            "low": "18.3806",
            "close": "18.3314"
        },
        {
            "time": "07.01.2021 12:16",
            "open": "18.3314",
            "high": "18.3528",
            "low": "18.3314",
            "close": "18.3736"
        },
        {
            "time": "07.01.2021 12:17",
            "open": "18.3736",
            "high": "18.3821",
            "low": "18.3699",
            "close": "18.37"
        },
        {
            "time": "07.01.2021 12:18",
            "open": "18.37",
            "high": "18.37",
            "low": "18.3699",
            "close": "18.326"
        },
        {
            "time": "07.01.2021 12:19",
            "open": "18.326",
            "high": "18.326",
            "low": "18.3129",
            "close": "18.3395"
        },
        {
            "time": "07.01.2021 12:20",
            "open": "18.3395",
            "high": "18.3395",
            "low": "18.3395",
            "close": "18.3527"
        },
        {
            "time": "07.01.2021 12:21",
            "open": "18.3527",
            "high": "18.3527",
            "low": "18.3527",
            "close": "18.3478"
        },
        {
            "time": "07.01.2021 12:24",
            "open": "18.3478",
            "high": "18.3742",
            "low": "18.3478",
            "close": "18.4709"
        },
        {
            "time": "07.01.2021 12:27",
            "open": "18.4709",
            "high": "18.4709",
            "low": "18.4643",
            "close": "18.5239"
        },
        {
            "time": "07.01.2021 12:28",
            "open": "18.5239",
            "high": "18.5687",
            "low": "18.5163",
            "close": "18.5448"
        },
        {
            "time": "07.01.2021 12:29",
            "open": "18.5448",
            "high": "18.5665",
            "low": "18.5448",
            "close": "18.5688"
        },
        {
            "time": "07.01.2021 12:30",
            "open": "18.5688",
            "high": "18.5992",
            "low": "18.5688",
            "close": "18.5993"
        },
        {
            "time": "07.01.2021 12:31",
            "open": "18.5993",
            "high": "18.645",
            "low": "18.5993",
            "close": "18.5156"
        },
        {
            "time": "07.01.2021 12:33",
            "open": "18.5156",
            "high": "18.5529",
            "low": "18.508",
            "close": "18.4945"
        },
        {
            "time": "07.01.2021 12:34",
            "open": "18.4945",
            "high": "18.4945",
            "low": "18.4925",
            "close": "18.5211"
        },
        {
            "time": "07.01.2021 12:35",
            "open": "18.5211",
            "high": "18.5211",
            "low": "18.5203",
            "close": "18.5"
        },
        {
            "time": "07.01.2021 12:38",
            "open": "18.5",
            "high": "18.5",
            "low": "18.5",
            "close": "18.48"
        },
        {
            "time": "07.01.2021 12:39",
            "open": "18.48",
            "high": "18.48",
            "low": "18.48",
            "close": "18.4622"
        },
        {
            "time": "07.01.2021 12:42",
            "open": "18.4622",
            "high": "18.4622",
            "low": "18.4622",
            "close": "18.4894"
        },
        {
            "time": "07.01.2021 12:43",
            "open": "18.4894",
            "high": "18.5408",
            "low": "18.4894",
            "close": "18.5319"
        },
        {
            "time": "07.01.2021 12:44",
            "open": "18.5319",
            "high": "18.5417",
            "low": "18.5319",
            "close": "18.5095"
        },
        {
            "time": "07.01.2021 12:45",
            "open": "18.5095",
            "high": "18.5095",
            "low": "18.5095",
            "close": "18.4557"
        },
        {
            "time": "07.01.2021 12:47",
            "open": "18.4557",
            "high": "18.4557",
            "low": "18.4557",
            "close": "18.4661"
        },
        {
            "time": "07.01.2021 12:48",
            "open": "18.4661",
            "high": "18.4661",
            "low": "18.4661",
            "close": "18.4964"
        },
        {
            "time": "07.01.2021 12:49",
            "open": "18.4964",
            "high": "18.4964",
            "low": "18.4964",
            "close": "18.4967"
        },
        {
            "time": "07.01.2021 12:50",
            "open": "18.4967",
            "high": "18.4967",
            "low": "18.4967",
            "close": "18.5152"
        },
        {
            "time": "07.01.2021 12:52",
            "open": "18.5152",
            "high": "18.5152",
            "low": "18.5152",
            "close": "18.529"
        },
        {
            "time": "07.01.2021 12:55",
            "open": "18.529",
            "high": "18.542",
            "low": "18.503",
            "close": "18.4967"
        },
        {
            "time": "07.01.2021 12:56",
            "open": "18.4967",
            "high": "18.4967",
            "low": "18.4633",
            "close": "18.4633"
        },
        {
            "time": "07.01.2021 12:57",
            "open": "18.4633",
            "high": "18.4809",
            "low": "18.4501",
            "close": "18.4998"
        },
        {
            "time": "07.01.2021 12:59",
            "open": "18.4998",
            "high": "18.4998",
            "low": "18.4787",
            "close": "18.4743"
        },
        {
            "time": "07.01.2021 13:00",
            "open": "18.4743",
            "high": "18.4743",
            "low": "18.2301",
            "close": "18.3514"
        },
        {
            "time": "07.01.2021 13:01",
            "open": "18.3514",
            "high": "18.3553",
            "low": "18.2823",
            "close": "18.2981"
        },
        {
            "time": "07.01.2021 13:02",
            "open": "18.2981",
            "high": "18.3385",
            "low": "18.2981",
            "close": "18.3424"
        },
        {
            "time": "07.01.2021 13:03",
            "open": "18.3424",
            "high": "18.3648",
            "low": "18.3397",
            "close": "18.381"
        },
        {
            "time": "07.01.2021 13:04",
            "open": "18.381",
            "high": "18.381",
            "low": "18.381",
            "close": "18.4009"
        },
        {
            "time": "07.01.2021 13:05",
            "open": "18.4009",
            "high": "18.4009",
            "low": "18.3597",
            "close": "18.352"
        },
        {
            "time": "07.01.2021 13:06",
            "open": "18.352",
            "high": "18.352",
            "low": "18.3519",
            "close": "18.33"
        },
        {
            "time": "07.01.2021 13:08",
            "open": "18.33",
            "high": "18.3329",
            "low": "18.33",
            "close": "18.3277"
        },
        {
            "time": "07.01.2021 13:09",
            "open": "18.3277",
            "high": "18.3277",
            "low": "18.3277",
            "close": "18.3392"
        },
        {
            "time": "07.01.2021 13:10",
            "open": "18.3392",
            "high": "18.3827",
            "low": "18.3392",
            "close": "18.3349"
        },
        {
            "time": "07.01.2021 13:11",
            "open": "18.3349",
            "high": "18.3548",
            "low": "18.3145",
            "close": "18.36"
        },
        {
            "time": "07.01.2021 13:12",
            "open": "18.36",
            "high": "18.36",
            "low": "18.36",
            "close": "18.3323"
        },
        {
            "time": "07.01.2021 13:14",
            "open": "18.3323",
            "high": "18.3323",
            "low": "18.2988",
            "close": "18.2988"
        },
        {
            "time": "07.01.2021 13:15",
            "open": "18.2988",
            "high": "18.2988",
            "low": "18.2855",
            "close": "18.2806"
        },
        {
            "time": "07.01.2021 13:18",
            "open": "18.2806",
            "high": "18.3192",
            "low": "18.2806",
            "close": "18.2809"
        },
        {
            "time": "07.01.2021 13:19",
            "open": "18.2809",
            "high": "18.2809",
            "low": "18.2808",
            "close": "18.374"
        },
        {
            "time": "07.01.2021 13:21",
            "open": "18.374",
            "high": "18.374",
            "low": "18.361",
            "close": "18.3553"
        },
        {
            "time": "07.01.2021 13:22",
            "open": "18.3553",
            "high": "18.3553",
            "low": "18.3553",
            "close": "18.3424"
        },
        {
            "time": "07.01.2021 13:24",
            "open": "18.3424",
            "high": "18.3424",
            "low": "18.3424",
            "close": "18.3513"
        },
        {
            "time": "07.01.2021 13:25",
            "open": "18.3513",
            "high": "18.3513",
            "low": "18.3513",
            "close": "18.3039"
        },
        {
            "time": "07.01.2021 13:26",
            "open": "18.3039",
            "high": "18.3039",
            "low": "18.3039",
            "close": "18.3302"
        },
        {
            "time": "07.01.2021 13:27",
            "open": "18.3302",
            "high": "18.3302",
            "low": "18.3165",
            "close": "18.3403"
        },
        {
            "time": "07.01.2021 13:28",
            "open": "18.3403",
            "high": "18.3403",
            "low": "18.3403",
            "close": "18.343"
        },
        {
            "time": "07.01.2021 13:29",
            "open": "18.343",
            "high": "18.343",
            "low": "18.343",
            "close": "18.3367"
        },
        {
            "time": "07.01.2021 13:30",
            "open": "18.3367",
            "high": "18.3367",
            "low": "18.3367",
            "close": "18.3512"
        },
        {
            "time": "07.01.2021 13:35",
            "open": "18.3512",
            "high": "18.3512",
            "low": "18.3512",
            "close": "18.3512"
        },
        {
            "time": "07.01.2021 13:36",
            "open": "18.3512",
            "high": "18.3769",
            "low": "18.3512",
            "close": "18.4405"
        },
        {
            "time": "07.01.2021 13:38",
            "open": "18.4405",
            "high": "18.4503",
            "low": "18.4405",
            "close": "18.4198"
        },
        {
            "time": "07.01.2021 13:39",
            "open": "18.4198",
            "high": "18.4198",
            "low": "18.4198",
            "close": "18.448"
        },
        {
            "time": "07.01.2021 13:40",
            "open": "18.448",
            "high": "18.448",
            "low": "18.448",
            "close": "18.4435"
        },
        {
            "time": "07.01.2021 13:41",
            "open": "18.4435",
            "high": "18.4435",
            "low": "18.4435",
            "close": "18.4435"
        },
        {
            "time": "07.01.2021 13:42",
            "open": "18.4435",
            "high": "18.4435",
            "low": "18.4435",
            "close": "18.4289"
        },
        {
            "time": "07.01.2021 13:44",
            "open": "18.4289",
            "high": "18.4289",
            "low": "18.4289",
            "close": "18.4346"
        },
        {
            "time": "07.01.2021 13:45",
            "open": "18.4346",
            "high": "18.4346",
            "low": "18.4346",
            "close": "18.4123"
        },
        {
            "time": "07.01.2021 13:46",
            "open": "18.4123",
            "high": "18.4123",
            "low": "18.3904",
            "close": "18.3955"
        },
        {
            "time": "07.01.2021 13:48",
            "open": "18.3955",
            "high": "18.3955",
            "low": "18.3955",
            "close": "18.4066"
        },
        {
            "time": "07.01.2021 13:49",
            "open": "18.4066",
            "high": "18.4281",
            "low": "18.4066",
            "close": "18.4255"
        },
        {
            "time": "07.01.2021 13:50",
            "open": "18.4255",
            "high": "18.4255",
            "low": "18.4255",
            "close": "18.421"
        },
        {
            "time": "07.01.2021 13:54",
            "open": "18.421",
            "high": "18.4228",
            "low": "18.421",
            "close": "18.41"
        },
        {
            "time": "07.01.2021 13:56",
            "open": "18.41",
            "high": "18.4396",
            "low": "18.41",
            "close": "18.4306"
        },
        {
            "time": "07.01.2021 13:57",
            "open": "18.4306",
            "high": "18.4306",
            "low": "18.4306",
            "close": "18.4203"
        },
        {
            "time": "07.01.2021 13:58",
            "open": "18.4203",
            "high": "18.4217",
            "low": "18.4203",
            "close": "18.4303"
        },
        {
            "time": "07.01.2021 13:59",
            "open": "18.4303",
            "high": "18.4303",
            "low": "18.4033",
            "close": "18.4361"
        },
        {
            "time": "07.01.2021 14:00",
            "open": "18.4361",
            "high": "18.4361",
            "low": "18.4361",
            "close": "18.4435"
        },
        {
            "time": "07.01.2021 14:01",
            "open": "18.4435",
            "high": "18.4435",
            "low": "18.4435",
            "close": "18.44"
        },
        {
            "time": "07.01.2021 14:03",
            "open": "18.44",
            "high": "18.4473",
            "low": "18.44",
            "close": "18.4301"
        },
        {
            "time": "07.01.2021 14:06",
            "open": "18.4301",
            "high": "18.4301",
            "low": "18.4301",
            "close": "18.4301"
        },
        {
            "time": "07.01.2021 14:07",
            "open": "18.4301",
            "high": "18.4632",
            "low": "18.43",
            "close": "18.4429"
        },
        {
            "time": "07.01.2021 14:08",
            "open": "18.4429",
            "high": "18.4429",
            "low": "18.4429",
            "close": "18.43"
        },
        {
            "time": "07.01.2021 14:09",
            "open": "18.43",
            "high": "18.4313",
            "low": "18.43",
            "close": "18.4481"
        },
        {
            "time": "07.01.2021 14:13",
            "open": "18.4481",
            "high": "18.4481",
            "low": "18.4481",
            "close": "18.4582"
        },
        {
            "time": "07.01.2021 14:14",
            "open": "18.4582",
            "high": "18.4582",
            "low": "18.4582",
            "close": "18.4306"
        },
        {
            "time": "07.01.2021 14:15",
            "open": "18.4306",
            "high": "18.4851",
            "low": "18.4306",
            "close": "18.4608"
        },
        {
            "time": "07.01.2021 14:16",
            "open": "18.4608",
            "high": "18.4608",
            "low": "18.4603",
            "close": "18.4221"
        },
        {
            "time": "07.01.2021 14:18",
            "open": "18.4221",
            "high": "18.4336",
            "low": "18.4034",
            "close": "18.4221"
        },
        {
            "time": "07.01.2021 14:20",
            "open": "18.4221",
            "high": "18.4221",
            "low": "18.4221",
            "close": "18.4"
        },
        {
            "time": "07.01.2021 14:21",
            "open": "18.4",
            "high": "18.4",
            "low": "18.3594",
            "close": "18.4305"
        },
        {
            "time": "07.01.2021 14:24",
            "open": "18.4305",
            "high": "18.4305",
            "low": "18.4281",
            "close": "18.4178"
        },
        {
            "time": "07.01.2021 14:26",
            "open": "18.4178",
            "high": "18.4178",
            "low": "18.3834",
            "close": "18.3811"
        },
        {
            "time": "07.01.2021 14:30",
            "open": "18.3811",
            "high": "18.3811",
            "low": "18.3811",
            "close": "18.3603"
        },
        {
            "time": "07.01.2021 14:31",
            "open": "18.3603",
            "high": "18.3653",
            "low": "18.3603",
            "close": "18.3658"
        },
        {
            "time": "07.01.2021 14:32",
            "open": "18.3658",
            "high": "18.3658",
            "low": "18.3412",
            "close": "18.3417"
        },
        {
            "time": "07.01.2021 14:34",
            "open": "18.3417",
            "high": "18.3417",
            "low": "18.3417",
            "close": "18.3193"
        },
        {
            "time": "07.01.2021 14:35",
            "open": "18.3193",
            "high": "18.3193",
            "low": "18.319",
            "close": "18.3342"
        },
        {
            "time": "07.01.2021 14:36",
            "open": "18.3342",
            "high": "18.3342",
            "low": "18.3342",
            "close": "18.3592"
        },
        {
            "time": "07.01.2021 14:37",
            "open": "18.3592",
            "high": "18.3592",
            "low": "18.3592",
            "close": "18.3268"
        },
        {
            "time": "07.01.2021 14:38",
            "open": "18.3268",
            "high": "18.3268",
            "low": "18.3268",
            "close": "18.3089"
        },
        {
            "time": "07.01.2021 14:40",
            "open": "18.3089",
            "high": "18.3089",
            "low": "18.3089",
            "close": "18.3406"
        },
        {
            "time": "07.01.2021 14:41",
            "open": "18.3406",
            "high": "18.3406",
            "low": "18.3089",
            "close": "18.3249"
        },
        {
            "time": "07.01.2021 14:42",
            "open": "18.3249",
            "high": "18.3249",
            "low": "18.3249",
            "close": "18.3249"
        },
        {
            "time": "07.01.2021 14:43",
            "open": "18.3249",
            "high": "18.3249",
            "low": "18.3249",
            "close": "18.3592"
        },
        {
            "time": "07.01.2021 14:45",
            "open": "18.3592",
            "high": "18.3592",
            "low": "18.3575",
            "close": "18.3925"
        },
        {
            "time": "07.01.2021 14:48",
            "open": "18.3925",
            "high": "18.3925",
            "low": "18.3606",
            "close": "18.3832"
        },
        {
            "time": "07.01.2021 14:49",
            "open": "18.3832",
            "high": "18.3832",
            "low": "18.3832",
            "close": "18.349"
        },
        {
            "time": "07.01.2021 14:52",
            "open": "18.3828",
            "high": "18.3828",
            "low": "18.3828",
            "close": "18.3811"
        },
        {
            "time": "07.01.2021 14:54",
            "open": "18.3811",
            "high": "18.3812",
            "low": "18.3811",
            "close": "18.3516"
        },
        {
            "time": "07.01.2021 14:55",
            "open": "18.3516",
            "high": "18.3516",
            "low": "18.3516",
            "close": "18.3763"
        },
        {
            "time": "07.01.2021 15:00",
            "open": "18.3763",
            "high": "18.4047",
            "low": "18.3763",
            "close": "18.3708"
        },
        {
            "time": "07.01.2021 15:01",
            "open": "18.3708",
            "high": "18.3708",
            "low": "18.3708",
            "close": "18.4091"
        },
        {
            "time": "07.01.2021 15:03",
            "open": "18.4091",
            "high": "18.4091",
            "low": "18.4091",
            "close": "18.4024"
        },
        {
            "time": "07.01.2021 15:06",
            "open": "18.4024",
            "high": "18.4026",
            "low": "18.4024",
            "close": "18.371"
        },
        {
            "time": "07.01.2021 15:07",
            "open": "18.371",
            "high": "18.371",
            "low": "18.371",
            "close": "18.3863"
        },
        {
            "time": "07.01.2021 15:09",
            "open": "18.3863",
            "high": "18.3863",
            "low": "18.3795",
            "close": "18.3708"
        },
        {
            "time": "07.01.2021 15:10",
            "open": "18.3708",
            "high": "18.3708",
            "low": "18.3505",
            "close": "18.3805"
        },
        {
            "time": "07.01.2021 15:11",
            "open": "18.3805",
            "high": "18.3805",
            "low": "18.3506",
            "close": "18.4243"
        },
        {
            "time": "07.01.2021 15:13",
            "open": "18.4243",
            "high": "18.4243",
            "low": "18.4243",
            "close": "18.4317"
        },
        {
            "time": "07.01.2021 15:14",
            "open": "18.4317",
            "high": "18.4317",
            "low": "18.4249",
            "close": "18.4598"
        },
        {
            "time": "07.01.2021 15:15",
            "open": "18.4598",
            "high": "18.4598",
            "low": "18.4598",
            "close": "18.41"
        },
        {
            "time": "07.01.2021 15:16",
            "open": "18.41",
            "high": "18.41",
            "low": "18.41",
            "close": "18.4464"
        },
        {
            "time": "07.01.2021 15:17",
            "open": "18.4464",
            "high": "18.4475",
            "low": "18.4013",
            "close": "18.4064"
        },
        {
            "time": "07.01.2021 15:23",
            "open": "18.4064",
            "high": "18.4064",
            "low": "18.4064",
            "close": "18.376"
        },
        {
            "time": "07.01.2021 15:25",
            "open": "18.376",
            "high": "18.3815",
            "low": "18.3543",
            "close": "18.4061"
        },
        {
            "time": "07.01.2021 15:26",
            "open": "18.4061",
            "high": "18.4061",
            "low": "18.335",
            "close": "18.3849"
        },
        {
            "time": "07.01.2021 15:28",
            "open": "18.3849",
            "high": "18.3863",
            "low": "18.3849",
            "close": "18.3862"
        },
        {
            "time": "07.01.2021 15:29",
            "open": "18.3862",
            "high": "18.3889",
            "low": "18.3862",
            "close": "18.3962"
        },
        {
            "time": "07.01.2021 15:34",
            "open": "18.3962",
            "high": "18.3962",
            "low": "18.3962",
            "close": "18.4071"
        },
        {
            "time": "07.01.2021 15:36",
            "open": "18.4071",
            "high": "18.4071",
            "low": "18.4071",
            "close": "18.4093"
        },
        {
            "time": "07.01.2021 15:37",
            "open": "18.4093",
            "high": "18.4093",
            "low": "18.39",
            "close": "18.4131"
        },
        {
            "time": "07.01.2021 15:38",
            "open": "18.4131",
            "high": "18.4131",
            "low": "18.4071",
            "close": "18.4294"
        },
        {
            "time": "07.01.2021 15:40",
            "open": "18.4294",
            "high": "18.4294",
            "low": "18.4294",
            "close": "18.4477"
        },
        {
            "time": "07.01.2021 15:41",
            "open": "18.4477",
            "high": "18.4477",
            "low": "18.4477",
            "close": "18.4593"
        },
        {
            "time": "07.01.2021 15:44",
            "open": "18.4593",
            "high": "18.4593",
            "low": "18.4593",
            "close": "18.4634"
        },
        {
            "time": "07.01.2021 15:45",
            "open": "18.4634",
            "high": "18.4634",
            "low": "18.4455",
            "close": "18.448"
        },
        {
            "time": "07.01.2021 15:46",
            "open": "18.448",
            "high": "18.448",
            "low": "18.3914",
            "close": "18.3188"
        },
        {
            "time": "07.01.2021 15:47",
            "open": "18.3188",
            "high": "18.3189",
            "low": "18.3188",
            "close": "18.321"
        },
        {
            "time": "07.01.2021 15:48",
            "open": "18.321",
            "high": "18.321",
            "low": "18.321",
            "close": "18.3289"
        },
        {
            "time": "07.01.2021 15:49",
            "open": "18.3289",
            "high": "18.3289",
            "low": "18.3289",
            "close": "18.3653"
        },
        {
            "time": "07.01.2021 15:52",
            "open": "18.3653",
            "high": "18.3657",
            "low": "18.3653",
            "close": "18.3771"
        },
        {
            "time": "07.01.2021 15:53",
            "open": "18.3771",
            "high": "18.3771",
            "low": "18.3456",
            "close": "18.357"
        },
        {
            "time": "07.01.2021 15:57",
            "open": "18.357",
            "high": "18.357",
            "low": "18.3",
            "close": "18.25"
        },
        {
            "time": "07.01.2021 15:58",
            "open": "18.25",
            "high": "18.267",
            "low": "18.2352",
            "close": "18.2468"
        }
    ]
}