{
    "FIL-EUR": [
        {
            "time": "01.06.2021 23:57",
            "open": "56.4979",
            "high": "56.4979",
            "low": "56.4716",
            "close": "56.6339"
        },
        {
            "time": "02.06.2021 00:07",
            "open": "56.6339",
            "high": "56.6339",
            "low": "56.6339",
            "close": "56.7988"
        },
        {
            "time": "02.06.2021 00:09",
            "open": "56.7988",
            "high": "56.7988",
            "low": "56.7988",
            "close": "56.7114"
        },
        {
            "time": "02.06.2021 00:15",
            "open": "56.7114",
            "high": "56.7114",
            "low": "56.7114",
            "close": "56.5"
        },
        {
            "time": "02.06.2021 00:17",
            "open": "56.5",
            "high": "56.5",
            "low": "56.5",
            "close": "56.5535"
        },
        {
            "time": "02.06.2021 00:18",
            "open": "56.5535",
            "high": "56.5535",
            "low": "56.5535",
            "close": "56.4716"
        },
        {
            "time": "02.06.2021 00:19",
            "open": "56.4716",
            "high": "56.4716",
            "low": "56.4663",
            "close": "56.5312"
        },
        {
            "time": "02.06.2021 00:20",
            "open": "56.5312",
            "high": "56.5312",
            "low": "56.5312",
            "close": "56.472"
        },
        {
            "time": "02.06.2021 00:23",
            "open": "56.472",
            "high": "56.472",
            "low": "56.472",
            "close": "56.3548"
        },
        {
            "time": "02.06.2021 00:29",
            "open": "56.3548",
            "high": "56.3548",
            "low": "56.3183",
            "close": "56.3317"
        },
        {
            "time": "02.06.2021 00:34",
            "open": "56.3317",
            "high": "56.3448",
            "low": "56.3317",
            "close": "56.3642"
        },
        {
            "time": "02.06.2021 00:36",
            "open": "56.3642",
            "high": "56.3642",
            "low": "56.3642",
            "close": "56.3895"
        },
        {
            "time": "02.06.2021 00:39",
            "open": "56.3895",
            "high": "56.3895",
            "low": "56.3895",
            "close": "56.3999"
        },
        {
            "time": "02.06.2021 00:40",
            "open": "56.3999",
            "high": "56.3999",
            "low": "56.381",
            "close": "56.3574"
        },
        {
            "time": "02.06.2021 00:44",
            "open": "56.3574",
            "high": "56.3574",
            "low": "56.3574",
            "close": "56.1487"
        },
        {
            "time": "02.06.2021 00:49",
            "open": "56.1487",
            "high": "56.1487",
            "low": "56.1291",
            "close": "56.2236"
        },
        {
            "time": "02.06.2021 00:58",
            "open": "56.2236",
            "high": "56.2236",
            "low": "56.0507",
            "close": "56.2337"
        },
        {
            "time": "02.06.2021 01:03",
            "open": "56.2337",
            "high": "56.369",
            "low": "56.2337",
            "close": "56.3857"
        },
        {
            "time": "02.06.2021 01:04",
            "open": "56.3857",
            "high": "56.3857",
            "low": "56.3857",
            "close": "56.4482"
        },
        {
            "time": "02.06.2021 01:06",
            "open": "56.4482",
            "high": "56.4482",
            "low": "56.377",
            "close": "56.8554"
        },
        {
            "time": "02.06.2021 01:27",
            "open": "56.8554",
            "high": "56.8554",
            "low": "56.8554",
            "close": "56.9121"
        },
        {
            "time": "02.06.2021 01:28",
            "open": "56.9121",
            "high": "56.9629",
            "low": "56.9121",
            "close": "56.9687"
        },
        {
            "time": "02.06.2021 01:31",
            "open": "56.9687",
            "high": "56.9687",
            "low": "56.9687",
            "close": "56.9629"
        },
        {
            "time": "02.06.2021 01:32",
            "open": "56.9629",
            "high": "57.0033",
            "low": "56.9197",
            "close": "56.9197"
        },
        {
            "time": "02.06.2021 01:33",
            "open": "56.9197",
            "high": "56.9197",
            "low": "56.9197",
            "close": "56.8236"
        },
        {
            "time": "02.06.2021 01:38",
            "open": "56.8236",
            "high": "56.8426",
            "low": "56.8236",
            "close": "56.8687"
        },
        {
            "time": "02.06.2021 01:44",
            "open": "56.8687",
            "high": "56.8687",
            "low": "56.8687",
            "close": "56.8133"
        },
        {
            "time": "02.06.2021 01:46",
            "open": "56.8133",
            "high": "56.8248",
            "low": "56.8133",
            "close": "56.6071"
        },
        {
            "time": "02.06.2021 01:50",
            "open": "56.6071",
            "high": "56.6071",
            "low": "56.6071",
            "close": "56.5892"
        },
        {
            "time": "02.06.2021 01:51",
            "open": "56.5892",
            "high": "56.5892",
            "low": "56.5892",
            "close": "56.5968"
        },
        {
            "time": "02.06.2021 01:54",
            "open": "56.5968",
            "high": "56.616",
            "low": "56.5968",
            "close": "56.6709"
        },
        {
            "time": "02.06.2021 01:59",
            "open": "56.6709",
            "high": "56.671",
            "low": "56.6709",
            "close": "56.6961"
        },
        {
            "time": "02.06.2021 02:01",
            "open": "56.6961",
            "high": "56.8642",
            "low": "56.6961",
            "close": "56.4179"
        },
        {
            "time": "02.06.2021 02:08",
            "open": "56.4179",
            "high": "56.4179",
            "low": "56.4179",
            "close": "56.1921"
        },
        {
            "time": "02.06.2021 02:22",
            "open": "56.1921",
            "high": "56.2339",
            "low": "56.1921",
            "close": "56.1517"
        },
        {
            "time": "02.06.2021 02:29",
            "open": "56.1517",
            "high": "56.1559",
            "low": "56.1237",
            "close": "56.1359"
        },
        {
            "time": "02.06.2021 02:32",
            "open": "56.1359",
            "high": "56.147",
            "low": "56.1158",
            "close": "56.4805"
        },
        {
            "time": "02.06.2021 02:45",
            "open": "56.4805",
            "high": "56.4805",
            "low": "56.4805",
            "close": "56.4444"
        },
        {
            "time": "02.06.2021 02:53",
            "open": "56.4444",
            "high": "56.4444",
            "low": "56.4444",
            "close": "56.4132"
        },
        {
            "time": "02.06.2021 02:55",
            "open": "56.4132",
            "high": "56.4132",
            "low": "56.4132",
            "close": "56.2946"
        },
        {
            "time": "02.06.2021 02:56",
            "open": "56.2946",
            "high": "56.2946",
            "low": "56.2783",
            "close": "56.2565"
        },
        {
            "time": "02.06.2021 03:03",
            "open": "56.2565",
            "high": "56.2567",
            "low": "56.2565",
            "close": "56.0211"
        },
        {
            "time": "02.06.2021 03:07",
            "open": "56.0211",
            "high": "56.0211",
            "low": "56.0211",
            "close": "55.9663"
        },
        {
            "time": "02.06.2021 03:09",
            "open": "55.9663",
            "high": "55.9663",
            "low": "55.9652",
            "close": "55.9771"
        },
        {
            "time": "02.06.2021 03:49",
            "open": "55.9771",
            "high": "55.9771",
            "low": "55.9771",
            "close": "56.0907"
        },
        {
            "time": "02.06.2021 03:55",
            "open": "56.0907",
            "high": "56.0907",
            "low": "56.0907",
            "close": "56.2887"
        },
        {
            "time": "02.06.2021 04:06",
            "open": "56.2887",
            "high": "56.2887",
            "low": "56.2887",
            "close": "56.4764"
        },
        {
            "time": "02.06.2021 04:12",
            "open": "56.4764",
            "high": "56.4765",
            "low": "56.4764",
            "close": "56.3494"
        },
        {
            "time": "02.06.2021 04:13",
            "open": "56.3494",
            "high": "56.4032",
            "low": "56.3494",
            "close": "56.4168"
        },
        {
            "time": "02.06.2021 04:15",
            "open": "56.4168",
            "high": "56.4168",
            "low": "56.4168",
            "close": "56.5015"
        },
        {
            "time": "02.06.2021 04:18",
            "open": "56.5015",
            "high": "56.5015",
            "low": "56.5015",
            "close": "56.7217"
        },
        {
            "time": "02.06.2021 04:20",
            "open": "56.7217",
            "high": "56.7733",
            "low": "56.7217",
            "close": "56.7271"
        },
        {
            "time": "02.06.2021 04:31",
            "open": "56.7271",
            "high": "56.7271",
            "low": "56.7271",
            "close": "56.5742"
        },
        {
            "time": "02.06.2021 04:35",
            "open": "56.5742",
            "high": "56.5742",
            "low": "56.5742",
            "close": "56.5668"
        },
        {
            "time": "02.06.2021 04:47",
            "open": "56.5668",
            "high": "56.5668",
            "low": "56.5668",
            "close": "56.3539"
        },
        {
            "time": "02.06.2021 04:56",
            "open": "56.3539",
            "high": "56.3539",
            "low": "56.3539",
            "close": "56.0697"
        },
        {
            "time": "02.06.2021 04:59",
            "open": "56.0697",
            "high": "56.0697",
            "low": "56.0481",
            "close": "56.1266"
        },
        {
            "time": "02.06.2021 05:01",
            "open": "56.1266",
            "high": "56.1266",
            "low": "56.1266",
            "close": "56.2407"
        },
        {
            "time": "02.06.2021 05:02",
            "open": "56.2407",
            "high": "56.2407",
            "low": "56.232",
            "close": "56.2966"
        },
        {
            "time": "02.06.2021 05:07",
            "open": "56.2966",
            "high": "56.2966",
            "low": "56.2966",
            "close": "56.363"
        },
        {
            "time": "02.06.2021 05:08",
            "open": "56.363",
            "high": "56.363",
            "low": "56.363",
            "close": "56.2937"
        },
        {
            "time": "02.06.2021 05:17",
            "open": "56.2937",
            "high": "56.2937",
            "low": "56.2937",
            "close": "56.3214"
        },
        {
            "time": "02.06.2021 05:26",
            "open": "56.3214",
            "high": "56.3214",
            "low": "56.3214",
            "close": "56.2662"
        },
        {
            "time": "02.06.2021 05:31",
            "open": "56.2662",
            "high": "56.2662",
            "low": "56.2662",
            "close": "56.2582"
        },
        {
            "time": "02.06.2021 05:33",
            "open": "56.2582",
            "high": "56.2582",
            "low": "56.2582",
            "close": "56.2073"
        },
        {
            "time": "02.06.2021 05:34",
            "open": "56.2073",
            "high": "56.2073",
            "low": "56.2073",
            "close": "56.3044"
        },
        {
            "time": "02.06.2021 05:43",
            "open": "56.3044",
            "high": "56.3044",
            "low": "56.3044",
            "close": "56.2341"
        },
        {
            "time": "02.06.2021 05:44",
            "open": "56.2341",
            "high": "56.2341",
            "low": "56.2341",
            "close": "56.2931"
        },
        {
            "time": "02.06.2021 05:45",
            "open": "56.2931",
            "high": "56.3005",
            "low": "56.2931",
            "close": "56.2179"
        },
        {
            "time": "02.06.2021 05:47",
            "open": "56.2179",
            "high": "56.2179",
            "low": "56.2179",
            "close": "56.2008"
        },
        {
            "time": "02.06.2021 05:49",
            "open": "56.2008",
            "high": "56.2008",
            "low": "56.2008",
            "close": "56.2231"
        },
        {
            "time": "02.06.2021 05:53",
            "open": "56.2231",
            "high": "56.2231",
            "low": "56.2231",
            "close": "56.3006"
        },
        {
            "time": "02.06.2021 05:55",
            "open": "56.3006",
            "high": "56.3006",
            "low": "56.3006",
            "close": "56.1607"
        },
        {
            "time": "02.06.2021 05:56",
            "open": "56.1607",
            "high": "56.1607",
            "low": "56.1438",
            "close": "56.2624"
        },
        {
            "time": "02.06.2021 05:57",
            "open": "56.2624",
            "high": "56.2624",
            "low": "56.2624",
            "close": "56.211"
        },
        {
            "time": "02.06.2021 05:59",
            "open": "56.211",
            "high": "56.211",
            "low": "56.211",
            "close": "56.266"
        },
        {
            "time": "02.06.2021 06:00",
            "open": "56.266",
            "high": "56.2662",
            "low": "56.266",
            "close": "56.39"
        },
        {
            "time": "02.06.2021 06:03",
            "open": "56.39",
            "high": "56.39",
            "low": "56.39",
            "close": "56.3318"
        },
        {
            "time": "02.06.2021 06:05",
            "open": "56.3318",
            "high": "56.3318",
            "low": "56.3318",
            "close": "56.4593"
        },
        {
            "time": "02.06.2021 06:09",
            "open": "56.4593",
            "high": "56.4593",
            "low": "56.4593",
            "close": "56.58"
        },
        {
            "time": "02.06.2021 06:21",
            "open": "56.58",
            "high": "56.58",
            "low": "56.58",
            "close": "56.623"
        },
        {
            "time": "02.06.2021 06:25",
            "open": "56.623",
            "high": "56.6231",
            "low": "56.623",
            "close": "56.612"
        },
        {
            "time": "02.06.2021 06:28",
            "open": "56.612",
            "high": "56.612",
            "low": "56.612",
            "close": "56.5562"
        },
        {
            "time": "02.06.2021 06:31",
            "open": "56.5562",
            "high": "56.5562",
            "low": "56.5562",
            "close": "56.5562"
        },
        {
            "time": "02.06.2021 06:39",
            "open": "56.5562",
            "high": "56.5562",
            "low": "56.5562",
            "close": "56.5848"
        },
        {
            "time": "02.06.2021 06:40",
            "open": "56.5848",
            "high": "56.5848",
            "low": "56.5125",
            "close": "56.623"
        },
        {
            "time": "02.06.2021 06:47",
            "open": "56.623",
            "high": "56.623",
            "low": "56.623",
            "close": "56.6231"
        },
        {
            "time": "02.06.2021 07:01",
            "open": "56.6231",
            "high": "56.6231",
            "low": "56.6231",
            "close": "56.6161"
        },
        {
            "time": "02.06.2021 07:04",
            "open": "56.6161",
            "high": "56.6286",
            "low": "56.6161",
            "close": "56.3344"
        },
        {
            "time": "02.06.2021 07:14",
            "open": "56.3344",
            "high": "56.3344",
            "low": "56.3344",
            "close": "56.4358"
        },
        {
            "time": "02.06.2021 07:17",
            "open": "56.4358",
            "high": "56.4438",
            "low": "56.4358",
            "close": "56.3339"
        },
        {
            "time": "02.06.2021 07:29",
            "open": "56.3339",
            "high": "56.3339",
            "low": "56.3339",
            "close": "56.3959"
        },
        {
            "time": "02.06.2021 07:31",
            "open": "56.3959",
            "high": "56.396",
            "low": "56.3959",
            "close": "56.4"
        },
        {
            "time": "02.06.2021 07:34",
            "open": "56.4",
            "high": "56.4001",
            "low": "56.4",
            "close": "56.5036"
        },
        {
            "time": "02.06.2021 07:38",
            "open": "56.5036",
            "high": "56.5036",
            "low": "56.5036",
            "close": "56.5279"
        },
        {
            "time": "02.06.2021 07:39",
            "open": "56.5279",
            "high": "56.5279",
            "low": "56.5279",
            "close": "56.56"
        },
        {
            "time": "02.06.2021 07:44",
            "open": "56.56",
            "high": "56.615",
            "low": "56.56",
            "close": "56.6164"
        },
        {
            "time": "02.06.2021 07:50",
            "open": "56.6164",
            "high": "56.7291",
            "low": "56.6164",
            "close": "56.8541"
        },
        {
            "time": "02.06.2021 07:51",
            "open": "56.8541",
            "high": "56.8541",
            "low": "56.7793",
            "close": "56.6911"
        },
        {
            "time": "02.06.2021 07:53",
            "open": "56.6911",
            "high": "56.6911",
            "low": "56.6911",
            "close": "56.6648"
        },
        {
            "time": "02.06.2021 07:55",
            "open": "56.6648",
            "high": "56.6648",
            "low": "56.6648",
            "close": "56.7666"
        },
        {
            "time": "02.06.2021 07:56",
            "open": "56.7666",
            "high": "56.7685",
            "low": "56.7504",
            "close": "56.7153"
        },
        {
            "time": "02.06.2021 08:01",
            "open": "56.7153",
            "high": "56.7921",
            "low": "56.7153",
            "close": "56.7881"
        },
        {
            "time": "02.06.2021 08:03",
            "open": "56.7881",
            "high": "56.789",
            "low": "56.7881",
            "close": "56.7647"
        },
        {
            "time": "02.06.2021 08:04",
            "open": "56.7647",
            "high": "56.7647",
            "low": "56.7301",
            "close": "56.7873"
        },
        {
            "time": "02.06.2021 08:05",
            "open": "56.7873",
            "high": "56.7873",
            "low": "56.7153",
            "close": "56.6134"
        },
        {
            "time": "02.06.2021 08:11",
            "open": "56.6134",
            "high": "56.6659",
            "low": "56.6134",
            "close": "56.6138"
        },
        {
            "time": "02.06.2021 08:15",
            "open": "56.6138",
            "high": "56.6138",
            "low": "56.6138",
            "close": "56.6221"
        },
        {
            "time": "02.06.2021 08:17",
            "open": "56.6221",
            "high": "56.6221",
            "low": "56.6221",
            "close": "56.5601"
        },
        {
            "time": "02.06.2021 08:19",
            "open": "56.5601",
            "high": "56.5601",
            "low": "56.5601",
            "close": "56.6083"
        },
        {
            "time": "02.06.2021 08:20",
            "open": "56.6083",
            "high": "56.615",
            "low": "56.6083",
            "close": "56.58"
        },
        {
            "time": "02.06.2021 08:21",
            "open": "56.58",
            "high": "56.58",
            "low": "56.58",
            "close": "56.5978"
        },
        {
            "time": "02.06.2021 08:27",
            "open": "56.5978",
            "high": "56.5978",
            "low": "56.5978",
            "close": "56.5834"
        },
        {
            "time": "02.06.2021 08:28",
            "open": "56.5834",
            "high": "56.5877",
            "low": "56.5806",
            "close": "56.5975"
        },
        {
            "time": "02.06.2021 08:29",
            "open": "56.5975",
            "high": "56.5975",
            "low": "56.5975",
            "close": "56.5896"
        },
        {
            "time": "02.06.2021 08:30",
            "open": "56.5896",
            "high": "56.5896",
            "low": "56.5896",
            "close": "56.6984"
        },
        {
            "time": "02.06.2021 08:35",
            "open": "56.6984",
            "high": "56.6984",
            "low": "56.6218",
            "close": "56.6839"
        },
        {
            "time": "02.06.2021 08:36",
            "open": "56.6839",
            "high": "56.6839",
            "low": "56.6319",
            "close": "56.6291"
        },
        {
            "time": "02.06.2021 08:37",
            "open": "56.6291",
            "high": "56.6983",
            "low": "56.6291",
            "close": "56.7378"
        },
        {
            "time": "02.06.2021 08:38",
            "open": "56.7378",
            "high": "56.7382",
            "low": "56.6645",
            "close": "56.683"
        },
        {
            "time": "02.06.2021 08:39",
            "open": "56.683",
            "high": "56.683",
            "low": "56.683",
            "close": "56.7065"
        },
        {
            "time": "02.06.2021 08:41",
            "open": "56.7065",
            "high": "56.7065",
            "low": "56.7065",
            "close": "56.6576"
        },
        {
            "time": "02.06.2021 08:45",
            "open": "56.6576",
            "high": "56.6576",
            "low": "56.6576",
            "close": "56.7248"
        },
        {
            "time": "02.06.2021 08:46",
            "open": "56.7248",
            "high": "56.7248",
            "low": "56.6597",
            "close": "56.686"
        },
        {
            "time": "02.06.2021 08:47",
            "open": "56.686",
            "high": "56.7496",
            "low": "56.686",
            "close": "56.6596"
        },
        {
            "time": "02.06.2021 08:48",
            "open": "56.6596",
            "high": "56.6596",
            "low": "56.6596",
            "close": "56.831"
        },
        {
            "time": "02.06.2021 08:56",
            "open": "56.831",
            "high": "56.831",
            "low": "56.831",
            "close": "56.9435"
        },
        {
            "time": "02.06.2021 09:00",
            "open": "56.9435",
            "high": "56.9435",
            "low": "56.9435",
            "close": "56.892"
        },
        {
            "time": "02.06.2021 09:01",
            "open": "56.823",
            "high": "56.823",
            "low": "56.823",
            "close": "57.0775"
        },
        {
            "time": "02.06.2021 09:03",
            "open": "57.0775",
            "high": "57.0775",
            "low": "57.0775",
            "close": "57.0511"
        },
        {
            "time": "02.06.2021 09:04",
            "open": "57.0511",
            "high": "57.0511",
            "low": "57.0509",
            "close": "57.0933"
        },
        {
            "time": "02.06.2021 09:06",
            "open": "57.0933",
            "high": "57.0933",
            "low": "57.0933",
            "close": "57.032"
        },
        {
            "time": "02.06.2021 09:07",
            "open": "57.032",
            "high": "57.032",
            "low": "57.032",
            "close": "56.9672"
        },
        {
            "time": "02.06.2021 09:08",
            "open": "56.9672",
            "high": "56.9672",
            "low": "56.9672",
            "close": "56.8819"
        },
        {
            "time": "02.06.2021 09:09",
            "open": "56.8819",
            "high": "56.8819",
            "low": "56.8819",
            "close": "56.8991"
        },
        {
            "time": "02.06.2021 09:11",
            "open": "56.8991",
            "high": "56.8991",
            "low": "56.8991",
            "close": "57.0716"
        },
        {
            "time": "02.06.2021 09:13",
            "open": "57.0716",
            "high": "57.0716",
            "low": "57.0716",
            "close": "57.0354"
        },
        {
            "time": "02.06.2021 09:14",
            "open": "57.0354",
            "high": "57.0354",
            "low": "57.0354",
            "close": "57.0132"
        },
        {
            "time": "02.06.2021 09:15",
            "open": "57.0132",
            "high": "57.2306",
            "low": "57.0132",
            "close": "57.2435"
        },
        {
            "time": "02.06.2021 09:21",
            "open": "57.2435",
            "high": "57.2499",
            "low": "57.2435",
            "close": "57.1299"
        },
        {
            "time": "02.06.2021 09:24",
            "open": "57.1299",
            "high": "57.1299",
            "low": "57.1295",
            "close": "57.1512"
        },
        {
            "time": "02.06.2021 09:25",
            "open": "57.1512",
            "high": "57.1512",
            "low": "57.1512",
            "close": "57.4968"
        },
        {
            "time": "02.06.2021 09:37",
            "open": "57.4968",
            "high": "57.4968",
            "low": "57.4968",
            "close": "57.4636"
        },
        {
            "time": "02.06.2021 09:38",
            "open": "57.4636",
            "high": "57.4636",
            "low": "57.4636",
            "close": "57.3841"
        },
        {
            "time": "02.06.2021 09:39",
            "open": "57.3841",
            "high": "57.3841",
            "low": "57.3841",
            "close": "57.384"
        },
        {
            "time": "02.06.2021 09:40",
            "open": "57.384",
            "high": "57.384",
            "low": "57.384",
            "close": "57.5683"
        },
        {
            "time": "02.06.2021 09:42",
            "open": "57.5683",
            "high": "57.5683",
            "low": "57.5683",
            "close": "57.5533"
        },
        {
            "time": "02.06.2021 09:46",
            "open": "57.5533",
            "high": "57.5533",
            "low": "57.5533",
            "close": "57.5038"
        },
        {
            "time": "02.06.2021 09:47",
            "open": "57.5038",
            "high": "57.5038",
            "low": "57.5038",
            "close": "57.5034"
        },
        {
            "time": "02.06.2021 09:49",
            "open": "57.5034",
            "high": "57.5034",
            "low": "57.5034",
            "close": "57.5489"
        },
        {
            "time": "02.06.2021 09:50",
            "open": "57.5489",
            "high": "57.5489",
            "low": "57.5489",
            "close": "57.3781"
        },
        {
            "time": "02.06.2021 09:53",
            "open": "57.3781",
            "high": "57.4584",
            "low": "57.3781",
            "close": "57.4583"
        },
        {
            "time": "02.06.2021 09:56",
            "open": "57.4583",
            "high": "57.4583",
            "low": "57.4583",
            "close": "57.4583"
        },
        {
            "time": "02.06.2021 10:02",
            "open": "57.4583",
            "high": "57.4583",
            "low": "57.4565",
            "close": "57.3833"
        },
        {
            "time": "02.06.2021 10:03",
            "open": "57.3833",
            "high": "57.3833",
            "low": "57.3833",
            "close": "57.2859"
        },
        {
            "time": "02.06.2021 10:05",
            "open": "57.2859",
            "high": "57.2859",
            "low": "57.2859",
            "close": "57.2398"
        },
        {
            "time": "02.06.2021 10:09",
            "open": "57.2398",
            "high": "57.2398",
            "low": "57.2398",
            "close": "57.1512"
        },
        {
            "time": "02.06.2021 10:10",
            "open": "57.1512",
            "high": "57.1512",
            "low": "57.1495",
            "close": "57.2336"
        },
        {
            "time": "02.06.2021 10:11",
            "open": "57.2336",
            "high": "57.2336",
            "low": "57.2336",
            "close": "57.113"
        },
        {
            "time": "02.06.2021 10:18",
            "open": "57.113",
            "high": "57.113",
            "low": "57.113",
            "close": "57.1994"
        },
        {
            "time": "02.06.2021 10:19",
            "open": "57.1994",
            "high": "57.2124",
            "low": "57.1994",
            "close": "57.1385"
        },
        {
            "time": "02.06.2021 10:20",
            "open": "57.1385",
            "high": "57.1385",
            "low": "57.1385",
            "close": "57.1312"
        },
        {
            "time": "02.06.2021 10:21",
            "open": "57.1312",
            "high": "57.1312",
            "low": "57.1312",
            "close": "57.1502"
        },
        {
            "time": "02.06.2021 10:24",
            "open": "57.1502",
            "high": "57.1502",
            "low": "57.1502",
            "close": "57.0622"
        },
        {
            "time": "02.06.2021 10:25",
            "open": "57.0622",
            "high": "57.1118",
            "low": "57.0622",
            "close": "57.0175"
        },
        {
            "time": "02.06.2021 10:30",
            "open": "57.0175",
            "high": "57.0175",
            "low": "57.0122",
            "close": "57.0166"
        },
        {
            "time": "02.06.2021 10:31",
            "open": "57.0166",
            "high": "57.0166",
            "low": "57.0166",
            "close": "57.1133"
        },
        {
            "time": "02.06.2021 10:32",
            "open": "57.1133",
            "high": "57.1133",
            "low": "57.0386",
            "close": "57.1191"
        },
        {
            "time": "02.06.2021 10:33",
            "open": "57.1191",
            "high": "57.1191",
            "low": "57.1191",
            "close": "57.2564"
        },
        {
            "time": "02.06.2021 10:38",
            "open": "57.2564",
            "high": "57.2564",
            "low": "57.2564",
            "close": "57.2565"
        },
        {
            "time": "02.06.2021 10:39",
            "open": "57.2565",
            "high": "57.2565",
            "low": "57.2565",
            "close": "57.1735"
        },
        {
            "time": "02.06.2021 10:40",
            "open": "57.1735",
            "high": "57.1735",
            "low": "57.1735",
            "close": "57.3835"
        },
        {
            "time": "02.06.2021 10:45",
            "open": "57.3835",
            "high": "57.4423",
            "low": "57.3835",
            "close": "57.4418"
        },
        {
            "time": "02.06.2021 10:46",
            "open": "57.4418",
            "high": "57.463",
            "low": "57.4418",
            "close": "57.5701"
        },
        {
            "time": "02.06.2021 10:53",
            "open": "57.5701",
            "high": "57.58",
            "low": "57.5701",
            "close": "57.623"
        },
        {
            "time": "02.06.2021 10:57",
            "open": "57.623",
            "high": "57.623",
            "low": "57.623",
            "close": "57.5534"
        },
        {
            "time": "02.06.2021 11:00",
            "open": "57.5534",
            "high": "57.6251",
            "low": "57.5534",
            "close": "57.5871"
        },
        {
            "time": "02.06.2021 11:01",
            "open": "57.5871",
            "high": "57.5871",
            "low": "57.5871",
            "close": "57.5257"
        },
        {
            "time": "02.06.2021 11:05",
            "open": "57.5257",
            "high": "57.5307",
            "low": "57.5257",
            "close": "57.4761"
        },
        {
            "time": "02.06.2021 11:06",
            "open": "57.4761",
            "high": "57.5539",
            "low": "57.4761",
            "close": "57.5744"
        },
        {
            "time": "02.06.2021 11:07",
            "open": "57.5744",
            "high": "57.6304",
            "low": "57.5744",
            "close": "57.7021"
        },
        {
            "time": "02.06.2021 11:08",
            "open": "57.7021",
            "high": "57.705",
            "low": "57.7021",
            "close": "57.95"
        },
        {
            "time": "02.06.2021 11:09",
            "open": "57.95",
            "high": "58.0508",
            "low": "57.95",
            "close": "58.0746"
        },
        {
            "time": "02.06.2021 11:10",
            "open": "58.0746",
            "high": "58.0746",
            "low": "58.0746",
            "close": "58.0564"
        },
        {
            "time": "02.06.2021 11:11",
            "open": "58.0564",
            "high": "58.0564",
            "low": "58.0564",
            "close": "57.8511"
        },
        {
            "time": "02.06.2021 11:12",
            "open": "57.8511",
            "high": "57.8511",
            "low": "57.8511",
            "close": "57.8747"
        },
        {
            "time": "02.06.2021 11:13",
            "open": "57.8747",
            "high": "57.8986",
            "low": "57.8747",
            "close": "57.8092"
        },
        {
            "time": "02.06.2021 11:15",
            "open": "57.8092",
            "high": "57.8092",
            "low": "57.8092",
            "close": "57.7142"
        },
        {
            "time": "02.06.2021 11:16",
            "open": "57.7142",
            "high": "57.7142",
            "low": "57.7142",
            "close": "57.7045"
        },
        {
            "time": "02.06.2021 11:17",
            "open": "57.7045",
            "high": "57.7045",
            "low": "57.7045",
            "close": "57.7974"
        },
        {
            "time": "02.06.2021 11:18",
            "open": "57.7974",
            "high": "57.8442",
            "low": "57.7974",
            "close": "57.9543"
        },
        {
            "time": "02.06.2021 11:19",
            "open": "57.9543",
            "high": "57.9543",
            "low": "57.9543",
            "close": "58.2745"
        },
        {
            "time": "02.06.2021 11:20",
            "open": "58.2745",
            "high": "58.2745",
            "low": "58.2745",
            "close": "58.1327"
        },
        {
            "time": "02.06.2021 11:21",
            "open": "58.1327",
            "high": "58.1327",
            "low": "58.1327",
            "close": "58.1504"
        },
        {
            "time": "02.06.2021 11:22",
            "open": "58.1504",
            "high": "58.1504",
            "low": "58.1143",
            "close": "58.1113"
        },
        {
            "time": "02.06.2021 11:23",
            "open": "58.1113",
            "high": "58.1113",
            "low": "58.0524",
            "close": "58.0976"
        },
        {
            "time": "02.06.2021 11:24",
            "open": "58.0976",
            "high": "58.1909",
            "low": "58.0858",
            "close": "58.2119"
        },
        {
            "time": "02.06.2021 11:25",
            "open": "58.2119",
            "high": "58.217",
            "low": "58.2119",
            "close": "58.2085"
        },
        {
            "time": "02.06.2021 11:26",
            "open": "58.2085",
            "high": "58.2487",
            "low": "58.1747",
            "close": "58.1362"
        },
        {
            "time": "02.06.2021 11:28",
            "open": "58.1362",
            "high": "58.141",
            "low": "58.1362",
            "close": "58.1062"
        },
        {
            "time": "02.06.2021 11:29",
            "open": "58.1062",
            "high": "58.1062",
            "low": "58.1062",
            "close": "58.0976"
        },
        {
            "time": "02.06.2021 11:30",
            "open": "58.0976",
            "high": "58.1273",
            "low": "58.0976",
            "close": "58.0881"
        },
        {
            "time": "02.06.2021 11:31",
            "open": "58.0881",
            "high": "58.0881",
            "low": "58.0881",
            "close": "57.9801"
        },
        {
            "time": "02.06.2021 11:35",
            "open": "57.9801",
            "high": "57.9801",
            "low": "57.9801",
            "close": "58.022"
        },
        {
            "time": "02.06.2021 11:37",
            "open": "58.022",
            "high": "58.022",
            "low": "58.022",
            "close": "58.0343"
        },
        {
            "time": "02.06.2021 11:40",
            "open": "58.0343",
            "high": "58.0343",
            "low": "58.0343",
            "close": "57.9212"
        },
        {
            "time": "02.06.2021 11:42",
            "open": "57.9212",
            "high": "57.9212",
            "low": "57.9212",
            "close": "57.8078"
        },
        {
            "time": "02.06.2021 11:45",
            "open": "57.8078",
            "high": "57.8078",
            "low": "57.8078",
            "close": "57.8078"
        },
        {
            "time": "02.06.2021 11:50",
            "open": "57.8078",
            "high": "57.8078",
            "low": "57.6985",
            "close": "57.82"
        },
        {
            "time": "02.06.2021 11:57",
            "open": "57.82",
            "high": "57.8201",
            "low": "57.82",
            "close": "57.8201"
        },
        {
            "time": "02.06.2021 12:01",
            "open": "57.8201",
            "high": "57.8201",
            "low": "57.8201",
            "close": "57.7389"
        },
        {
            "time": "02.06.2021 12:05",
            "open": "57.7389",
            "high": "57.7389",
            "low": "57.7389",
            "close": "57.4034"
        },
        {
            "time": "02.06.2021 12:07",
            "open": "57.4034",
            "high": "57.4034",
            "low": "57.4034",
            "close": "57.268"
        },
        {
            "time": "02.06.2021 12:12",
            "open": "57.268",
            "high": "57.268",
            "low": "57.268",
            "close": "57.4879"
        },
        {
            "time": "02.06.2021 12:20",
            "open": "57.4879",
            "high": "57.4879",
            "low": "57.4879",
            "close": "57.4561"
        },
        {
            "time": "02.06.2021 12:22",
            "open": "57.4561",
            "high": "57.4561",
            "low": "57.4561",
            "close": "57.4561"
        },
        {
            "time": "02.06.2021 12:23",
            "open": "57.4561",
            "high": "57.4561",
            "low": "57.4561",
            "close": "57.5899"
        },
        {
            "time": "02.06.2021 12:26",
            "open": "57.5899",
            "high": "57.5899",
            "low": "57.5899",
            "close": "57.5481"
        },
        {
            "time": "02.06.2021 12:28",
            "open": "57.5481",
            "high": "57.5481",
            "low": "57.5481",
            "close": "57.5086"
        },
        {
            "time": "02.06.2021 12:34",
            "open": "57.5086",
            "high": "57.5178",
            "low": "57.5086",
            "close": "57.4697"
        },
        {
            "time": "02.06.2021 12:41",
            "open": "57.4697",
            "high": "57.5103",
            "low": "57.4697",
            "close": "57.5625"
        },
        {
            "time": "02.06.2021 12:43",
            "open": "57.5625",
            "high": "57.5625",
            "low": "57.5625",
            "close": "57.3933"
        },
        {
            "time": "02.06.2021 12:45",
            "open": "57.3933",
            "high": "57.3933",
            "low": "57.3933",
            "close": "57.2513"
        },
        {
            "time": "02.06.2021 12:46",
            "open": "57.2513",
            "high": "57.2513",
            "low": "57.1076",
            "close": "57.3498"
        },
        {
            "time": "02.06.2021 12:50",
            "open": "57.3498",
            "high": "57.3499",
            "low": "57.3498",
            "close": "57.2425"
        },
        {
            "time": "02.06.2021 12:55",
            "open": "57.2425",
            "high": "57.2425",
            "low": "57.2425",
            "close": "57.2866"
        },
        {
            "time": "02.06.2021 12:56",
            "open": "57.2866",
            "high": "57.2866",
            "low": "57.2866",
            "close": "57.2877"
        },
        {
            "time": "02.06.2021 12:57",
            "open": "57.2877",
            "high": "57.2877",
            "low": "57.2877",
            "close": "57.2876"
        },
        {
            "time": "02.06.2021 12:58",
            "open": "57.2876",
            "high": "57.3251",
            "low": "57.2695",
            "close": "57.2637"
        },
        {
            "time": "02.06.2021 13:01",
            "open": "57.2637",
            "high": "57.2637",
            "low": "57.2637",
            "close": "57.2801"
        },
        {
            "time": "02.06.2021 13:02",
            "open": "57.2801",
            "high": "57.2801",
            "low": "57.2673",
            "close": "57.2209"
        },
        {
            "time": "02.06.2021 13:03",
            "open": "57.2209",
            "high": "57.2209",
            "low": "57.2209",
            "close": "57.1001"
        },
        {
            "time": "02.06.2021 13:05",
            "open": "57.1001",
            "high": "57.1001",
            "low": "57.1001",
            "close": "57.1132"
        },
        {
            "time": "02.06.2021 13:08",
            "open": "57.1132",
            "high": "57.1132",
            "low": "57.1132",
            "close": "57.1099"
        },
        {
            "time": "02.06.2021 13:09",
            "open": "57.1099",
            "high": "57.1099",
            "low": "57.1099",
            "close": "57.0963"
        },
        {
            "time": "02.06.2021 13:10",
            "open": "57.0963",
            "high": "57.1029",
            "low": "57.0963",
            "close": "57"
        },
        {
            "time": "02.06.2021 13:11",
            "open": "57",
            "high": "57",
            "low": "56.9099",
            "close": "57.0242"
        },
        {
            "time": "02.06.2021 13:12",
            "open": "57.0242",
            "high": "57.0242",
            "low": "57.0242",
            "close": "57.0099"
        },
        {
            "time": "02.06.2021 13:16",
            "open": "57.0099",
            "high": "57.0099",
            "low": "57.0099",
            "close": "57.0563"
        },
        {
            "time": "02.06.2021 13:18",
            "open": "57.0563",
            "high": "57.1789",
            "low": "57.0563",
            "close": "57.1691"
        },
        {
            "time": "02.06.2021 13:20",
            "open": "57.1691",
            "high": "57.1691",
            "low": "57.1691",
            "close": "57.1311"
        },
        {
            "time": "02.06.2021 13:21",
            "open": "57.1311",
            "high": "57.1508",
            "low": "57.1311",
            "close": "57.0384"
        },
        {
            "time": "02.06.2021 13:22",
            "open": "57.0384",
            "high": "57.0384",
            "low": "57.0039",
            "close": "57.0763"
        },
        {
            "time": "02.06.2021 13:23",
            "open": "57.0763",
            "high": "57.0889",
            "low": "57.0763",
            "close": "57.0789"
        },
        {
            "time": "02.06.2021 13:24",
            "open": "57.0789",
            "high": "57.0789",
            "low": "57.0738",
            "close": "57.0654"
        },
        {
            "time": "02.06.2021 13:25",
            "open": "57.0654",
            "high": "57.0654",
            "low": "57.037",
            "close": "57.2127"
        },
        {
            "time": "02.06.2021 13:27",
            "open": "57.2127",
            "high": "57.2297",
            "low": "57.2127",
            "close": "57.2686"
        },
        {
            "time": "02.06.2021 13:34",
            "open": "57.2686",
            "high": "57.2686",
            "low": "57.2686",
            "close": "57.3062"
        },
        {
            "time": "02.06.2021 13:35",
            "open": "57.3062",
            "high": "57.3062",
            "low": "57.3062",
            "close": "57.4702"
        },
        {
            "time": "02.06.2021 13:38",
            "open": "57.4702",
            "high": "57.4702",
            "low": "57.4702",
            "close": "57.3432"
        },
        {
            "time": "02.06.2021 13:50",
            "open": "57.3432",
            "high": "57.3433",
            "low": "57.3432",
            "close": "57.3383"
        },
        {
            "time": "02.06.2021 13:58",
            "open": "57.3383",
            "high": "57.3383",
            "low": "57.3383",
            "close": "57.4565"
        },
        {
            "time": "02.06.2021 14:05",
            "open": "57.4565",
            "high": "57.4696",
            "low": "57.4565",
            "close": "57.4054"
        },
        {
            "time": "02.06.2021 14:09",
            "open": "57.4054",
            "high": "57.4054",
            "low": "57.4054",
            "close": "57.519"
        },
        {
            "time": "02.06.2021 14:14",
            "open": "57.519",
            "high": "57.519",
            "low": "57.519",
            "close": "57.4578"
        },
        {
            "time": "02.06.2021 14:15",
            "open": "57.4578",
            "high": "57.4578",
            "low": "57.4578",
            "close": "57.5"
        },
        {
            "time": "02.06.2021 14:17",
            "open": "57.5",
            "high": "57.5",
            "low": "57.5",
            "close": "57.4831"
        },
        {
            "time": "02.06.2021 14:18",
            "open": "57.4831",
            "high": "57.4831",
            "low": "57.4831",
            "close": "57.5"
        },
        {
            "time": "02.06.2021 14:21",
            "open": "57.5",
            "high": "57.5666",
            "low": "57.5",
            "close": "57.6349"
        },
        {
            "time": "02.06.2021 14:23",
            "open": "57.6349",
            "high": "57.6349",
            "low": "57.6349",
            "close": "57.7992"
        },
        {
            "time": "02.06.2021 14:24",
            "open": "57.7992",
            "high": "57.8074",
            "low": "57.7992",
            "close": "57.7779"
        },
        {
            "time": "02.06.2021 14:25",
            "open": "57.7779",
            "high": "57.7779",
            "low": "57.7779",
            "close": "57.795"
        },
        {
            "time": "02.06.2021 14:26",
            "open": "57.795",
            "high": "57.795",
            "low": "57.795",
            "close": "57.795"
        },
        {
            "time": "02.06.2021 14:31",
            "open": "57.795",
            "high": "57.795",
            "low": "57.795",
            "close": "57.7471"
        },
        {
            "time": "02.06.2021 14:32",
            "open": "57.7471",
            "high": "57.7471",
            "low": "57.7471",
            "close": "57.7034"
        },
        {
            "time": "02.06.2021 14:36",
            "open": "57.7034",
            "high": "57.7034",
            "low": "57.7034",
            "close": "57.727"
        },
        {
            "time": "02.06.2021 14:42",
            "open": "57.727",
            "high": "57.727",
            "low": "57.727",
            "close": "57.7462"
        },
        {
            "time": "02.06.2021 14:48",
            "open": "57.7462",
            "high": "57.7462",
            "low": "57.7462",
            "close": "57.6731"
        },
        {
            "time": "02.06.2021 14:50",
            "open": "57.6731",
            "high": "57.6731",
            "low": "57.6731",
            "close": "57.6814"
        },
        {
            "time": "02.06.2021 14:51",
            "open": "57.6814",
            "high": "57.6814",
            "low": "57.6513",
            "close": "57.6082"
        },
        {
            "time": "02.06.2021 14:57",
            "open": "57.6082",
            "high": "57.6082",
            "low": "57.6081",
            "close": "57.6735"
        },
        {
            "time": "02.06.2021 15:00",
            "open": "57.6735",
            "high": "57.6735",
            "low": "57.6735",
            "close": "57.8853"
        },
        {
            "time": "02.06.2021 15:02",
            "open": "57.8853",
            "high": "57.8853",
            "low": "57.8853",
            "close": "57.8888"
        },
        {
            "time": "02.06.2021 15:06",
            "open": "57.8888",
            "high": "57.8888",
            "low": "57.8888",
            "close": "57.9"
        },
        {
            "time": "02.06.2021 15:09",
            "open": "57.9",
            "high": "57.9",
            "low": "57.9",
            "close": "57.8447"
        },
        {
            "time": "02.06.2021 15:15",
            "open": "57.8447",
            "high": "57.8447",
            "low": "57.8447",
            "close": "57.9"
        },
        {
            "time": "02.06.2021 15:16",
            "open": "57.9",
            "high": "57.9",
            "low": "57.9",
            "close": "57.9616"
        },
        {
            "time": "02.06.2021 15:18",
            "open": "57.9616",
            "high": "57.9616",
            "low": "57.9526",
            "close": "58.2"
        },
        {
            "time": "02.06.2021 15:20",
            "open": "58.2",
            "high": "58.2484",
            "low": "58.2",
            "close": "58.3241"
        },
        {
            "time": "02.06.2021 15:24",
            "open": "58.3241",
            "high": "58.3241",
            "low": "58.3241",
            "close": "58.2487"
        },
        {
            "time": "02.06.2021 15:25",
            "open": "58.2487",
            "high": "58.2487",
            "low": "58.2051",
            "close": "58.3316"
        },
        {
            "time": "02.06.2021 15:29",
            "open": "58.3316",
            "high": "58.4657",
            "low": "58.3316",
            "close": "58.409"
        },
        {
            "time": "02.06.2021 15:30",
            "open": "58.409",
            "high": "58.409",
            "low": "58.4018",
            "close": "58.4018"
        },
        {
            "time": "02.06.2021 15:31",
            "open": "58.4018",
            "high": "58.4018",
            "low": "58.4018",
            "close": "58.2835"
        },
        {
            "time": "02.06.2021 15:35",
            "open": "58.2835",
            "high": "58.3196",
            "low": "58.2835",
            "close": "58.129"
        },
        {
            "time": "02.06.2021 15:36",
            "open": "58.129",
            "high": "58.129",
            "low": "58.129",
            "close": "58.0991"
        },
        {
            "time": "02.06.2021 15:38",
            "open": "58.0991",
            "high": "58.1062",
            "low": "58.0991",
            "close": "58.1637"
        },
        {
            "time": "02.06.2021 15:41",
            "open": "58.1637",
            "high": "58.1637",
            "low": "58.1637",
            "close": "58.026"
        },
        {
            "time": "02.06.2021 15:46",
            "open": "58.026",
            "high": "58.0405",
            "low": "58.026",
            "close": "57.9684"
        },
        {
            "time": "02.06.2021 15:49",
            "open": "57.9684",
            "high": "57.9684",
            "low": "57.9547",
            "close": "57.8767"
        },
        {
            "time": "02.06.2021 15:55",
            "open": "57.8767",
            "high": "57.8767",
            "low": "57.8591",
            "close": "57.958"
        },
        {
            "time": "02.06.2021 16:05",
            "open": "57.958",
            "high": "57.958",
            "low": "57.958",
            "close": "57.98"
        },
        {
            "time": "02.06.2021 16:08",
            "open": "57.98",
            "high": "57.98",
            "low": "57.98",
            "close": "57.9643"
        },
        {
            "time": "02.06.2021 16:09",
            "open": "57.9643",
            "high": "57.9643",
            "low": "57.9643",
            "close": "57.9265"
        },
        {
            "time": "02.06.2021 16:11",
            "open": "57.9265",
            "high": "57.9265",
            "low": "57.9265",
            "close": "58.2017"
        },
        {
            "time": "02.06.2021 16:18",
            "open": "58.2017",
            "high": "58.2393",
            "low": "58.2017",
            "close": "58.3653"
        },
        {
            "time": "02.06.2021 16:20",
            "open": "58.3653",
            "high": "58.3678",
            "low": "58.3653",
            "close": "58.2652"
        },
        {
            "time": "02.06.2021 16:22",
            "open": "58.2652",
            "high": "58.286",
            "low": "58.2652",
            "close": "58.2491"
        },
        {
            "time": "02.06.2021 16:23",
            "open": "58.2491",
            "high": "58.2497",
            "low": "58.2491",
            "close": "58.1683"
        },
        {
            "time": "02.06.2021 16:24",
            "open": "58.1683",
            "high": "58.1683",
            "low": "58.1683",
            "close": "58.2229"
        },
        {
            "time": "02.06.2021 16:27",
            "open": "58.2229",
            "high": "58.2229",
            "low": "58.2228",
            "close": "58.293"
        },
        {
            "time": "02.06.2021 16:28",
            "open": "58.293",
            "high": "58.3062",
            "low": "58.293",
            "close": "58.3582"
        },
        {
            "time": "02.06.2021 16:30",
            "open": "58.3582",
            "high": "58.3582",
            "low": "58.3582",
            "close": "58.3582"
        },
        {
            "time": "02.06.2021 16:31",
            "open": "58.3582",
            "high": "58.3582",
            "low": "58.34",
            "close": "58.4422"
        },
        {
            "time": "02.06.2021 16:36",
            "open": "58.4422",
            "high": "58.4423",
            "low": "58.4422",
            "close": "58.5218"
        },
        {
            "time": "02.06.2021 16:37",
            "open": "58.5218",
            "high": "58.5218",
            "low": "58.5218",
            "close": "58.4394"
        },
        {
            "time": "02.06.2021 16:38",
            "open": "58.4394",
            "high": "58.4394",
            "low": "58.4017",
            "close": "58.3428"
        },
        {
            "time": "02.06.2021 16:40",
            "open": "58.3428",
            "high": "58.3428",
            "low": "58.2706",
            "close": "58.2458"
        },
        {
            "time": "02.06.2021 16:43",
            "open": "58.2458",
            "high": "58.2458",
            "low": "58.2458",
            "close": "58.3936"
        },
        {
            "time": "02.06.2021 16:46",
            "open": "58.3936",
            "high": "58.4043",
            "low": "58.2542",
            "close": "58.1971"
        },
        {
            "time": "02.06.2021 16:47",
            "open": "58.1971",
            "high": "58.2011",
            "low": "58.1971",
            "close": "58.1795"
        },
        {
            "time": "02.06.2021 16:48",
            "open": "58.1795",
            "high": "58.1795",
            "low": "58.1795",
            "close": "58.2358"
        },
        {
            "time": "02.06.2021 16:55",
            "open": "58.2358",
            "high": "58.2359",
            "low": "58.2358",
            "close": "58.097"
        },
        {
            "time": "02.06.2021 16:59",
            "open": "58.097",
            "high": "58.1768",
            "low": "58.097",
            "close": "58.2007"
        },
        {
            "time": "02.06.2021 17:00",
            "open": "58.2007",
            "high": "58.2007",
            "low": "58.1886",
            "close": "58.2873"
        },
        {
            "time": "02.06.2021 17:05",
            "open": "58.2873",
            "high": "58.2873",
            "low": "58.2873",
            "close": "58.3121"
        },
        {
            "time": "02.06.2021 17:08",
            "open": "58.3121",
            "high": "58.3925",
            "low": "58.3121",
            "close": "58.4263"
        },
        {
            "time": "02.06.2021 17:09",
            "open": "58.4263",
            "high": "58.4263",
            "low": "58.3966",
            "close": "58.4141"
        },
        {
            "time": "02.06.2021 17:13",
            "open": "58.4141",
            "high": "58.4141",
            "low": "58.4141",
            "close": "58.5781"
        },
        {
            "time": "02.06.2021 17:14",
            "open": "58.5781",
            "high": "58.81",
            "low": "58.5781",
            "close": "58.649"
        },
        {
            "time": "02.06.2021 17:16",
            "open": "58.649",
            "high": "58.649",
            "low": "58.649",
            "close": "58.6405"
        },
        {
            "time": "02.06.2021 17:19",
            "open": "58.6405",
            "high": "58.6405",
            "low": "58.6405",
            "close": "58.7064"
        },
        {
            "time": "02.06.2021 17:20",
            "open": "58.7064",
            "high": "58.7313",
            "low": "58.7064",
            "close": "58.7009"
        },
        {
            "time": "02.06.2021 17:21",
            "open": "58.7009",
            "high": "58.7009",
            "low": "58.7009",
            "close": "58.7722"
        },
        {
            "time": "02.06.2021 17:26",
            "open": "58.7722",
            "high": "58.7784",
            "low": "58.7722",
            "close": "58.7009"
        },
        {
            "time": "02.06.2021 17:28",
            "open": "58.7009",
            "high": "58.7009",
            "low": "58.7009",
            "close": "58.6855"
        },
        {
            "time": "02.06.2021 17:29",
            "open": "58.6855",
            "high": "58.6855",
            "low": "58.6855",
            "close": "58.5072"
        },
        {
            "time": "02.06.2021 17:30",
            "open": "58.5072",
            "high": "58.5072",
            "low": "58.3626",
            "close": "58.3626"
        },
        {
            "time": "02.06.2021 17:31",
            "open": "58.3626",
            "high": "58.3626",
            "low": "58.3626",
            "close": "58.3626"
        },
        {
            "time": "02.06.2021 17:32",
            "open": "58.3626",
            "high": "58.3626",
            "low": "58.3626",
            "close": "58.3506"
        },
        {
            "time": "02.06.2021 17:33",
            "open": "58.3506",
            "high": "58.3506",
            "low": "58.3506",
            "close": "58.3506"
        },
        {
            "time": "02.06.2021 17:37",
            "open": "58.3506",
            "high": "58.3806",
            "low": "58.3506",
            "close": "58.2754"
        },
        {
            "time": "02.06.2021 17:41",
            "open": "58.2754",
            "high": "58.2754",
            "low": "58.2754",
            "close": "58.4433"
        },
        {
            "time": "02.06.2021 17:42",
            "open": "58.4433",
            "high": "58.4455",
            "low": "58.4433",
            "close": "58.4413"
        },
        {
            "time": "02.06.2021 17:43",
            "open": "58.4413",
            "high": "58.4413",
            "low": "58.4413",
            "close": "58.5352"
        },
        {
            "time": "02.06.2021 17:47",
            "open": "58.5352",
            "high": "58.5352",
            "low": "58.5236",
            "close": "58.5116"
        },
        {
            "time": "02.06.2021 17:48",
            "open": "58.5116",
            "high": "58.5116",
            "low": "58.5116",
            "close": "58.5673"
        },
        {
            "time": "02.06.2021 17:52",
            "open": "58.5673",
            "high": "58.5673",
            "low": "58.5673",
            "close": "58.5673"
        },
        {
            "time": "02.06.2021 17:58",
            "open": "58.5673",
            "high": "58.5673",
            "low": "58.5638",
            "close": "58.638"
        },
        {
            "time": "02.06.2021 17:59",
            "open": "58.638",
            "high": "58.638",
            "low": "58.638",
            "close": "58.8152"
        },
        {
            "time": "02.06.2021 18:00",
            "open": "58.8152",
            "high": "58.8956",
            "low": "58.8152",
            "close": "59"
        },
        {
            "time": "02.06.2021 18:01",
            "open": "59",
            "high": "59.0851",
            "low": "59",
            "close": "58.9957"
        },
        {
            "time": "02.06.2021 18:02",
            "open": "58.9957",
            "high": "58.9957",
            "low": "58.8956",
            "close": "58.4463"
        },
        {
            "time": "02.06.2021 18:04",
            "open": "58.4463",
            "high": "58.4463",
            "low": "58.3611",
            "close": "58.2713"
        },
        {
            "time": "02.06.2021 18:05",
            "open": "58.2713",
            "high": "58.2713",
            "low": "58.2207",
            "close": "58.2394"
        },
        {
            "time": "02.06.2021 18:06",
            "open": "58.2394",
            "high": "58.2394",
            "low": "58.2394",
            "close": "58.1286"
        },
        {
            "time": "02.06.2021 18:07",
            "open": "58.1286",
            "high": "58.1286",
            "low": "58.1286",
            "close": "58.2291"
        },
        {
            "time": "02.06.2021 18:08",
            "open": "58.2291",
            "high": "58.2619",
            "low": "58.2291",
            "close": "58.2658"
        },
        {
            "time": "02.06.2021 18:09",
            "open": "58.2658",
            "high": "58.2658",
            "low": "58.2658",
            "close": "58.5197"
        },
        {
            "time": "02.06.2021 18:11",
            "open": "58.5197",
            "high": "58.5197",
            "low": "58.51",
            "close": "58.4401"
        },
        {
            "time": "02.06.2021 18:12",
            "open": "58.4401",
            "high": "58.4401",
            "low": "58.4401",
            "close": "58.4254"
        },
        {
            "time": "02.06.2021 18:13",
            "open": "58.4254",
            "high": "58.4303",
            "low": "58.4253",
            "close": "58.3957"
        },
        {
            "time": "02.06.2021 18:15",
            "open": "58.3957",
            "high": "58.3957",
            "low": "58.3957",
            "close": "58.3957"
        },
        {
            "time": "02.06.2021 18:16",
            "open": "58.3957",
            "high": "58.4272",
            "low": "58.3957",
            "close": "58.3525"
        },
        {
            "time": "02.06.2021 18:17",
            "open": "58.3525",
            "high": "58.3808",
            "low": "58.295",
            "close": "58.3415"
        },
        {
            "time": "02.06.2021 18:18",
            "open": "58.3415",
            "high": "58.3588",
            "low": "58.3368",
            "close": "58.4129"
        },
        {
            "time": "02.06.2021 18:19",
            "open": "58.4129",
            "high": "58.4129",
            "low": "58.3174",
            "close": "58.2923"
        },
        {
            "time": "02.06.2021 18:20",
            "open": "58.2923",
            "high": "58.2923",
            "low": "58.2923",
            "close": "58.0282"
        },
        {
            "time": "02.06.2021 18:23",
            "open": "58.0282",
            "high": "58.0858",
            "low": "58.0282",
            "close": "58.1712"
        },
        {
            "time": "02.06.2021 18:24",
            "open": "58.1712",
            "high": "58.1835",
            "low": "58.1712",
            "close": "58.1823"
        },
        {
            "time": "02.06.2021 18:25",
            "open": "58.1823",
            "high": "58.1823",
            "low": "58.1051",
            "close": "58.1645"
        },
        {
            "time": "02.06.2021 18:26",
            "open": "58.1645",
            "high": "58.1645",
            "low": "58.1068",
            "close": "57.9922"
        },
        {
            "time": "02.06.2021 18:29",
            "open": "57.9922",
            "high": "57.9922",
            "low": "57.9921",
            "close": "57.9382"
        },
        {
            "time": "02.06.2021 18:30",
            "open": "57.9382",
            "high": "57.9382",
            "low": "57.9382",
            "close": "57.9104"
        },
        {
            "time": "02.06.2021 18:31",
            "open": "57.9104",
            "high": "57.9188",
            "low": "57.9104",
            "close": "57.8675"
        },
        {
            "time": "02.06.2021 18:35",
            "open": "57.8675",
            "high": "57.8675",
            "low": "57.8675",
            "close": "57.8504"
        },
        {
            "time": "02.06.2021 18:36",
            "open": "57.8504",
            "high": "57.8504",
            "low": "57.8355",
            "close": "57.8685"
        },
        {
            "time": "02.06.2021 18:40",
            "open": "57.8685",
            "high": "57.8685",
            "low": "57.8685",
            "close": "58.0355"
        },
        {
            "time": "02.06.2021 18:44",
            "open": "58.0355",
            "high": "58.0355",
            "low": "58.0355",
            "close": "57.9559"
        },
        {
            "time": "02.06.2021 18:45",
            "open": "57.9559",
            "high": "57.9559",
            "low": "57.9559",
            "close": "57.7309"
        },
        {
            "time": "02.06.2021 18:50",
            "open": "57.7309",
            "high": "57.7309",
            "low": "57.7309",
            "close": "57.8842"
        },
        {
            "time": "02.06.2021 18:51",
            "open": "57.8842",
            "high": "57.8843",
            "low": "57.8842",
            "close": "57.842"
        },
        {
            "time": "02.06.2021 18:52",
            "open": "57.842",
            "high": "57.842",
            "low": "57.842",
            "close": "57.8547"
        },
        {
            "time": "02.06.2021 18:53",
            "open": "57.8547",
            "high": "57.8611",
            "low": "57.8547",
            "close": "57.7201"
        },
        {
            "time": "02.06.2021 18:54",
            "open": "57.7201",
            "high": "57.8217",
            "low": "57.7201",
            "close": "57.9"
        },
        {
            "time": "02.06.2021 18:57",
            "open": "57.9",
            "high": "57.9",
            "low": "57.9",
            "close": "58.1091"
        },
        {
            "time": "02.06.2021 19:01",
            "open": "58.1091",
            "high": "58.1091",
            "low": "58.1091",
            "close": "58.0611"
        },
        {
            "time": "02.06.2021 19:03",
            "open": "58.0611",
            "high": "58.0611",
            "low": "58.0611",
            "close": "57.9629"
        },
        {
            "time": "02.06.2021 19:05",
            "open": "57.9629",
            "high": "57.9629",
            "low": "57.9629",
            "close": "58.0762"
        },
        {
            "time": "02.06.2021 19:09",
            "open": "58.0762",
            "high": "58.0762",
            "low": "58.0762",
            "close": "58.0079"
        },
        {
            "time": "02.06.2021 19:13",
            "open": "58.0079",
            "high": "58.0079",
            "low": "58.0079",
            "close": "58.06"
        },
        {
            "time": "02.06.2021 19:18",
            "open": "58.06",
            "high": "58.06",
            "low": "58.06",
            "close": "58.0501"
        },
        {
            "time": "02.06.2021 19:22",
            "open": "58.0501",
            "high": "58.0501",
            "low": "58.0501",
            "close": "58.0614"
        },
        {
            "time": "02.06.2021 19:23",
            "open": "58.0614",
            "high": "58.063",
            "low": "58.0614",
            "close": "57.9436"
        },
        {
            "time": "02.06.2021 19:28",
            "open": "57.9436",
            "high": "57.9495",
            "low": "57.9436",
            "close": "57.9412"
        },
        {
            "time": "02.06.2021 19:29",
            "open": "57.9412",
            "high": "57.9465",
            "low": "57.9412",
            "close": "57.8798"
        },
        {
            "time": "02.06.2021 19:30",
            "open": "57.8798",
            "high": "57.8798",
            "low": "57.8647",
            "close": "57.9504"
        },
        {
            "time": "02.06.2021 19:32",
            "open": "57.9504",
            "high": "58.0227",
            "low": "57.8499",
            "close": "57.9488"
        },
        {
            "time": "02.06.2021 19:35",
            "open": "57.9488",
            "high": "57.9488",
            "low": "57.9488",
            "close": "57.8657"
        },
        {
            "time": "02.06.2021 19:36",
            "open": "57.8657",
            "high": "57.8758",
            "low": "57.8657",
            "close": "57.8655"
        },
        {
            "time": "02.06.2021 19:39",
            "open": "57.8655",
            "high": "57.8655",
            "low": "57.8655",
            "close": "57.9652"
        },
        {
            "time": "02.06.2021 19:52",
            "open": "57.9652",
            "high": "58.0262",
            "low": "57.9404",
            "close": "57.9797"
        },
        {
            "time": "02.06.2021 19:53",
            "open": "57.9797",
            "high": "57.9797",
            "low": "57.9797",
            "close": "58.0722"
        },
        {
            "time": "02.06.2021 19:58",
            "open": "58.0722",
            "high": "58.0722",
            "low": "58.0722",
            "close": "58.0163"
        },
        {
            "time": "02.06.2021 20:01",
            "open": "58.0163",
            "high": "58.0163",
            "low": "58",
            "close": "57.9309"
        },
        {
            "time": "02.06.2021 20:05",
            "open": "57.9098",
            "high": "57.9098",
            "low": "57.9098",
            "close": "57.7124"
        },
        {
            "time": "02.06.2021 20:14",
            "open": "57.7124",
            "high": "57.7292",
            "low": "57.7124",
            "close": "57.7069"
        },
        {
            "time": "02.06.2021 20:16",
            "open": "57.7069",
            "high": "57.7675",
            "low": "57.7069",
            "close": "57.7732"
        },
        {
            "time": "02.06.2021 20:19",
            "open": "57.7732",
            "high": "57.7732",
            "low": "57.7732",
            "close": "57.6813"
        },
        {
            "time": "02.06.2021 20:20",
            "open": "57.6813",
            "high": "57.6813",
            "low": "57.6813",
            "close": "57.7997"
        },
        {
            "time": "02.06.2021 20:24",
            "open": "57.7997",
            "high": "57.7997",
            "low": "57.7997",
            "close": "57.6932"
        },
        {
            "time": "02.06.2021 20:25",
            "open": "57.6932",
            "high": "57.8044",
            "low": "57.6932",
            "close": "57.8044"
        },
        {
            "time": "02.06.2021 20:26",
            "open": "57.8044",
            "high": "57.8044",
            "low": "57.8044",
            "close": "57.8044"
        },
        {
            "time": "02.06.2021 20:27",
            "open": "57.8044",
            "high": "57.8044",
            "low": "57.8",
            "close": "57.817"
        },
        {
            "time": "02.06.2021 20:36",
            "open": "57.817",
            "high": "57.817",
            "low": "57.6919",
            "close": "57.7246"
        },
        {
            "time": "02.06.2021 20:39",
            "open": "57.7246",
            "high": "57.7253",
            "low": "57.7246",
            "close": "57.7956"
        },
        {
            "time": "02.06.2021 20:40",
            "open": "57.7956",
            "high": "57.7956",
            "low": "57.7956",
            "close": "57.8598"
        },
        {
            "time": "02.06.2021 20:56",
            "open": "57.8598",
            "high": "57.8598",
            "low": "57.786",
            "close": "57.883"
        },
        {
            "time": "02.06.2021 21:06",
            "open": "57.883",
            "high": "57.883",
            "low": "57.883",
            "close": "57.8289"
        },
        {
            "time": "02.06.2021 21:08",
            "open": "57.8289",
            "high": "57.8289",
            "low": "57.8289",
            "close": "57.9161"
        },
        {
            "time": "02.06.2021 21:10",
            "open": "57.9161",
            "high": "57.9161",
            "low": "57.9161",
            "close": "57.8025"
        },
        {
            "time": "02.06.2021 21:12",
            "open": "57.8025",
            "high": "57.8025",
            "low": "57.8025",
            "close": "57.8025"
        },
        {
            "time": "02.06.2021 21:13",
            "open": "57.8025",
            "high": "57.8025",
            "low": "57.8025",
            "close": "57.7634"
        },
        {
            "time": "02.06.2021 21:16",
            "open": "57.7634",
            "high": "57.7634",
            "low": "57.7634",
            "close": "57.7562"
        },
        {
            "time": "02.06.2021 21:24",
            "open": "57.7562",
            "high": "57.7562",
            "low": "57.7562",
            "close": "57.7593"
        },
        {
            "time": "02.06.2021 21:25",
            "open": "57.7593",
            "high": "57.7593",
            "low": "57.7593",
            "close": "57.8143"
        },
        {
            "time": "02.06.2021 21:26",
            "open": "57.8143",
            "high": "57.8143",
            "low": "57.8104",
            "close": "57.6391"
        },
        {
            "time": "02.06.2021 21:30",
            "open": "57.6391",
            "high": "57.6391",
            "low": "57.6391",
            "close": "57.6394"
        },
        {
            "time": "02.06.2021 21:31",
            "open": "57.6394",
            "high": "57.6394",
            "low": "57.6394",
            "close": "57.6696"
        },
        {
            "time": "02.06.2021 21:32",
            "open": "57.6696",
            "high": "57.6696",
            "low": "57.6473",
            "close": "57.8109"
        },
        {
            "time": "02.06.2021 21:34",
            "open": "57.8109",
            "high": "57.8109",
            "low": "57.8109",
            "close": "57.8649"
        },
        {
            "time": "02.06.2021 21:35",
            "open": "57.8649",
            "high": "57.8649",
            "low": "57.8649",
            "close": "57.8026"
        },
        {
            "time": "02.06.2021 21:37",
            "open": "57.8026",
            "high": "57.8026",
            "low": "57.8026",
            "close": "57.8322"
        },
        {
            "time": "02.06.2021 21:39",
            "open": "57.8322",
            "high": "57.8322",
            "low": "57.8322",
            "close": "57.8798"
        },
        {
            "time": "02.06.2021 21:41",
            "open": "57.8798",
            "high": "57.8798",
            "low": "57.8798",
            "close": "58"
        },
        {
            "time": "02.06.2021 21:46",
            "open": "58",
            "high": "58.0747",
            "low": "58",
            "close": "57.9986"
        },
        {
            "time": "02.06.2021 21:47",
            "open": "57.9986",
            "high": "58.0156",
            "low": "57.9986",
            "close": "58.0395"
        },
        {
            "time": "02.06.2021 21:49",
            "open": "58.0395",
            "high": "58.0395",
            "low": "58.0395",
            "close": "58.01"
        },
        {
            "time": "02.06.2021 21:50",
            "open": "58.01",
            "high": "58.01",
            "low": "58.01",
            "close": "57.9994"
        },
        {
            "time": "02.06.2021 21:52",
            "open": "57.9994",
            "high": "57.9994",
            "low": "57.9994",
            "close": "58.0342"
        },
        {
            "time": "02.06.2021 21:53",
            "open": "58.0342",
            "high": "58.0857",
            "low": "58.0057",
            "close": "58.1347"
        },
        {
            "time": "02.06.2021 21:57",
            "open": "58.1347",
            "high": "58.1393",
            "low": "58.1347",
            "close": "58.1393"
        },
        {
            "time": "02.06.2021 21:58",
            "open": "58.1393",
            "high": "58.1393",
            "low": "58.1393",
            "close": "58.12"
        },
        {
            "time": "02.06.2021 21:59",
            "open": "58.12",
            "high": "58.12",
            "low": "58.12",
            "close": "58.12"
        },
        {
            "time": "02.06.2021 22:00",
            "open": "58.12",
            "high": "58.12",
            "low": "58.0163",
            "close": "58.1902"
        },
        {
            "time": "02.06.2021 22:02",
            "open": "58.1902",
            "high": "58.1902",
            "low": "58.1902",
            "close": "58.2"
        },
        {
            "time": "02.06.2021 22:03",
            "open": "58.2",
            "high": "58.2",
            "low": "58.1202",
            "close": "58.1081"
        },
        {
            "time": "02.06.2021 22:04",
            "open": "58.1081",
            "high": "58.2",
            "low": "58.1081",
            "close": "58.2761"
        },
        {
            "time": "02.06.2021 22:05",
            "open": "58.2761",
            "high": "58.2761",
            "low": "58.2761",
            "close": "58.181"
        },
        {
            "time": "02.06.2021 22:06",
            "open": "58.181",
            "high": "58.181",
            "low": "58.181",
            "close": "58.1944"
        },
        {
            "time": "02.06.2021 22:07",
            "open": "58.1944",
            "high": "58.1952",
            "low": "58.1944",
            "close": "58.1886"
        },
        {
            "time": "02.06.2021 22:13",
            "open": "58.1886",
            "high": "58.2082",
            "low": "58.1886",
            "close": "58.2082"
        },
        {
            "time": "02.06.2021 22:20",
            "open": "58.2082",
            "high": "58.2082",
            "low": "58.2082",
            "close": "58.1838"
        },
        {
            "time": "02.06.2021 22:23",
            "open": "58.1838",
            "high": "58.1838",
            "low": "58.1838",
            "close": "58.4243"
        },
        {
            "time": "02.06.2021 22:27",
            "open": "58.4243",
            "high": "58.4634",
            "low": "58.4243",
            "close": "58.5115"
        },
        {
            "time": "02.06.2021 22:28",
            "open": "58.5115",
            "high": "58.5115",
            "low": "58.5115",
            "close": "58.438"
        },
        {
            "time": "02.06.2021 22:30",
            "open": "58.438",
            "high": "58.438",
            "low": "58.438",
            "close": "58.461"
        },
        {
            "time": "02.06.2021 22:31",
            "open": "58.461",
            "high": "58.461",
            "low": "58.461",
            "close": "58.5234"
        },
        {
            "time": "02.06.2021 22:32",
            "open": "58.5234",
            "high": "58.5235",
            "low": "58.438",
            "close": "58.1988"
        },
        {
            "time": "02.06.2021 22:35",
            "open": "58.1541",
            "high": "58.1541",
            "low": "58.1541",
            "close": "58.1696"
        },
        {
            "time": "02.06.2021 22:40",
            "open": "58.1696",
            "high": "58.1727",
            "low": "58.1696",
            "close": "58.073"
        },
        {
            "time": "02.06.2021 22:41",
            "open": "58.073",
            "high": "58.073",
            "low": "58.0163",
            "close": "57.9463"
        },
        {
            "time": "02.06.2021 22:44",
            "open": "57.9463",
            "high": "57.9463",
            "low": "57.9463",
            "close": "58.1097"
        },
        {
            "time": "02.06.2021 22:45",
            "open": "58.1097",
            "high": "58.1104",
            "low": "57.9762",
            "close": "57.9328"
        },
        {
            "time": "02.06.2021 22:49",
            "open": "57.9328",
            "high": "57.9328",
            "low": "57.9328",
            "close": "57.8993"
        },
        {
            "time": "02.06.2021 22:58",
            "open": "57.8993",
            "high": "57.8993",
            "low": "57.8264",
            "close": "57.8964"
        },
        {
            "time": "02.06.2021 22:59",
            "open": "57.8964",
            "high": "57.8964",
            "low": "57.8138",
            "close": "57.9403"
        },
        {
            "time": "02.06.2021 23:01",
            "open": "57.9403",
            "high": "57.9403",
            "low": "57.9403",
            "close": "57.9681"
        },
        {
            "time": "02.06.2021 23:06",
            "open": "57.9681",
            "high": "57.974",
            "low": "57.9681",
            "close": "57.9966"
        },
        {
            "time": "02.06.2021 23:13",
            "open": "57.9966",
            "high": "57.9966",
            "low": "57.9966",
            "close": "57.8854"
        },
        {
            "time": "02.06.2021 23:19",
            "open": "57.8854",
            "high": "57.8854",
            "low": "57.8854",
            "close": "57.8883"
        },
        {
            "time": "02.06.2021 23:26",
            "open": "57.8883",
            "high": "57.8884",
            "low": "57.8883",
            "close": "57.759"
        },
        {
            "time": "02.06.2021 23:29",
            "open": "57.759",
            "high": "57.759",
            "low": "57.759",
            "close": "57.7465"
        },
        {
            "time": "02.06.2021 23:34",
            "open": "57.7465",
            "high": "57.7465",
            "low": "57.7465",
            "close": "57.6852"
        },
        {
            "time": "02.06.2021 23:37",
            "open": "57.6852",
            "high": "57.6852",
            "low": "57.6852",
            "close": "57.7225"
        },
        {
            "time": "02.06.2021 23:40",
            "open": "57.7225",
            "high": "57.7226",
            "low": "57.7225",
            "close": "57.6852"
        },
        {
            "time": "02.06.2021 23:43",
            "open": "57.6852",
            "high": "57.6852",
            "low": "57.6852",
            "close": "57.6415"
        },
        {
            "time": "02.06.2021 23:51",
            "open": "57.6415",
            "high": "57.6415",
            "low": "57.6415",
            "close": "57.6428"
        },
        {
            "time": "02.06.2021 23:52",
            "open": "57.6428",
            "high": "57.6428",
            "low": "57.6428",
            "close": "57.6279"
        }
    ]
}