{
    "FIL-EUR": [
        {
            "time": "21.07.2021 23:56",
            "open": "38.8",
            "high": "38.8",
            "low": "38.8",
            "close": "38.75"
        },
        {
            "time": "22.07.2021 00:01",
            "open": "38.75",
            "high": "38.75",
            "low": "38.75",
            "close": "38.85"
        },
        {
            "time": "22.07.2021 00:04",
            "open": "38.85",
            "high": "38.85",
            "low": "38.85",
            "close": "38.8587"
        },
        {
            "time": "22.07.2021 00:09",
            "open": "38.8587",
            "high": "38.8587",
            "low": "38.8587",
            "close": "38.9"
        },
        {
            "time": "22.07.2021 00:11",
            "open": "38.9",
            "high": "38.9",
            "low": "38.9",
            "close": "38.95"
        },
        {
            "time": "22.07.2021 00:12",
            "open": "38.95",
            "high": "38.95",
            "low": "38.95",
            "close": "39"
        },
        {
            "time": "22.07.2021 00:14",
            "open": "39",
            "high": "39",
            "low": "39",
            "close": "39.05"
        },
        {
            "time": "22.07.2021 00:18",
            "open": "39.05",
            "high": "39.1",
            "low": "39.05",
            "close": "39.15"
        },
        {
            "time": "22.07.2021 00:21",
            "open": "39.15",
            "high": "39.2",
            "low": "39.15",
            "close": "39.25"
        },
        {
            "time": "22.07.2021 00:26",
            "open": "39.25",
            "high": "39.25",
            "low": "39.25",
            "close": "39.15"
        },
        {
            "time": "22.07.2021 00:30",
            "open": "39.15",
            "high": "39.15",
            "low": "39.15",
            "close": "39.1"
        },
        {
            "time": "22.07.2021 00:33",
            "open": "39.1",
            "high": "39.1",
            "low": "39.1",
            "close": "39.1279"
        },
        {
            "time": "22.07.2021 00:37",
            "open": "39.1279",
            "high": "39.1279",
            "low": "39.1279",
            "close": "39.1337"
        },
        {
            "time": "22.07.2021 00:38",
            "open": "39.1337",
            "high": "39.1337",
            "low": "39.1337",
            "close": "39.2"
        },
        {
            "time": "22.07.2021 00:44",
            "open": "39.2",
            "high": "39.25",
            "low": "39.2",
            "close": "39.1941"
        },
        {
            "time": "22.07.2021 00:49",
            "open": "39.1941",
            "high": "39.1941",
            "low": "39.1941",
            "close": "39.3"
        },
        {
            "time": "22.07.2021 00:52",
            "open": "39.3",
            "high": "39.35",
            "low": "39.29",
            "close": "39.4"
        },
        {
            "time": "22.07.2021 00:54",
            "open": "39.4",
            "high": "39.4",
            "low": "39.4",
            "close": "39.4275"
        },
        {
            "time": "22.07.2021 00:58",
            "open": "39.4275",
            "high": "39.4275",
            "low": "39.4275",
            "close": "39.423"
        },
        {
            "time": "22.07.2021 01:00",
            "open": "39.423",
            "high": "39.423",
            "low": "39.4022",
            "close": "39.3342"
        },
        {
            "time": "22.07.2021 01:01",
            "open": "39.3342",
            "high": "39.3342",
            "low": "39.3",
            "close": "39.2774"
        },
        {
            "time": "22.07.2021 01:13",
            "open": "39.2774",
            "high": "39.2774",
            "low": "39.2774",
            "close": "39.25"
        },
        {
            "time": "22.07.2021 01:14",
            "open": "39.25",
            "high": "39.25",
            "low": "39.2399",
            "close": "39.35"
        },
        {
            "time": "22.07.2021 01:15",
            "open": "39.35",
            "high": "39.35",
            "low": "39.35",
            "close": "39.25"
        },
        {
            "time": "22.07.2021 01:19",
            "open": "39.25",
            "high": "39.25",
            "low": "39.2",
            "close": "39.15"
        },
        {
            "time": "22.07.2021 01:23",
            "open": "39.15",
            "high": "39.15",
            "low": "39.1",
            "close": "39.0716"
        },
        {
            "time": "22.07.2021 01:30",
            "open": "39.0716",
            "high": "39.0716",
            "low": "39.0716",
            "close": "39.05"
        },
        {
            "time": "22.07.2021 01:33",
            "open": "39.05",
            "high": "39.05",
            "low": "39.05",
            "close": "39"
        },
        {
            "time": "22.07.2021 01:34",
            "open": "39",
            "high": "39",
            "low": "39",
            "close": "38.95"
        },
        {
            "time": "22.07.2021 01:35",
            "open": "38.95",
            "high": "38.95",
            "low": "38.95",
            "close": "39.05"
        },
        {
            "time": "22.07.2021 01:40",
            "open": "39.05",
            "high": "39.05",
            "low": "39.05",
            "close": "39.1"
        },
        {
            "time": "22.07.2021 01:46",
            "open": "39.1",
            "high": "39.1",
            "low": "39.1",
            "close": "39.1224"
        },
        {
            "time": "22.07.2021 01:50",
            "open": "39.1224",
            "high": "39.1224",
            "low": "39.1224",
            "close": "39.15"
        },
        {
            "time": "22.07.2021 01:53",
            "open": "39.15",
            "high": "39.15",
            "low": "39.15",
            "close": "39.1895"
        },
        {
            "time": "22.07.2021 02:00",
            "open": "39.1895",
            "high": "39.1895",
            "low": "39.1895",
            "close": "39.05"
        },
        {
            "time": "22.07.2021 02:01",
            "open": "39.05",
            "high": "39.05",
            "low": "39.05",
            "close": "39"
        },
        {
            "time": "22.07.2021 02:02",
            "open": "39",
            "high": "39",
            "low": "38.95",
            "close": "39.05"
        },
        {
            "time": "22.07.2021 02:07",
            "open": "39.05",
            "high": "39.0701",
            "low": "39.05",
            "close": "39.1"
        },
        {
            "time": "22.07.2021 02:09",
            "open": "39.1",
            "high": "39.1",
            "low": "39.0985",
            "close": "39.15"
        },
        {
            "time": "22.07.2021 02:10",
            "open": "39.15",
            "high": "39.15",
            "low": "39.15",
            "close": "39.2"
        },
        {
            "time": "22.07.2021 02:11",
            "open": "39.2",
            "high": "39.25",
            "low": "39.2",
            "close": "39.2778"
        },
        {
            "time": "22.07.2021 02:12",
            "open": "39.2778",
            "high": "39.4",
            "low": "39.2778",
            "close": "39.4323"
        },
        {
            "time": "22.07.2021 02:13",
            "open": "39.4323",
            "high": "39.5491",
            "low": "39.4323",
            "close": "39.4593"
        },
        {
            "time": "22.07.2021 02:14",
            "open": "39.4593",
            "high": "39.5181",
            "low": "39.4593",
            "close": "39.4"
        },
        {
            "time": "22.07.2021 02:15",
            "open": "39.4",
            "high": "39.4",
            "low": "39.4",
            "close": "39.5"
        },
        {
            "time": "22.07.2021 02:16",
            "open": "39.5",
            "high": "39.5",
            "low": "39.5",
            "close": "39.4956"
        },
        {
            "time": "22.07.2021 02:17",
            "open": "39.4956",
            "high": "39.4956",
            "low": "39.469",
            "close": "39.5066"
        },
        {
            "time": "22.07.2021 02:18",
            "open": "39.5066",
            "high": "39.5066",
            "low": "39.5066",
            "close": "39.55"
        },
        {
            "time": "22.07.2021 02:19",
            "open": "39.55",
            "high": "39.55",
            "low": "39.55",
            "close": "39.6"
        },
        {
            "time": "22.07.2021 02:20",
            "open": "39.6",
            "high": "39.65",
            "low": "39.6",
            "close": "39.6301"
        },
        {
            "time": "22.07.2021 02:22",
            "open": "39.6301",
            "high": "39.6301",
            "low": "39.6301",
            "close": "39.7"
        },
        {
            "time": "22.07.2021 02:24",
            "open": "39.7",
            "high": "39.7",
            "low": "39.7",
            "close": "39.7152"
        },
        {
            "time": "22.07.2021 02:28",
            "open": "39.7152",
            "high": "39.7152",
            "low": "39.6909",
            "close": "39.6617"
        },
        {
            "time": "22.07.2021 02:29",
            "open": "39.6617",
            "high": "39.75",
            "low": "39.6617",
            "close": "39.8"
        },
        {
            "time": "22.07.2021 02:30",
            "open": "39.8",
            "high": "39.8",
            "low": "39.8",
            "close": "39.8095"
        },
        {
            "time": "22.07.2021 02:31",
            "open": "39.8095",
            "high": "39.8095",
            "low": "39.767",
            "close": "39.7"
        },
        {
            "time": "22.07.2021 02:32",
            "open": "39.7",
            "high": "39.7",
            "low": "39.6347",
            "close": "39.6567"
        },
        {
            "time": "22.07.2021 02:35",
            "open": "39.6567",
            "high": "39.6567",
            "low": "39.6567",
            "close": "39.6"
        },
        {
            "time": "22.07.2021 02:37",
            "open": "39.6",
            "high": "39.6",
            "low": "39.6",
            "close": "39.55"
        },
        {
            "time": "22.07.2021 02:38",
            "open": "39.55",
            "high": "39.55",
            "low": "39.55",
            "close": "39.5314"
        },
        {
            "time": "22.07.2021 02:41",
            "open": "39.5314",
            "high": "39.5314",
            "low": "39.5",
            "close": "39.4921"
        },
        {
            "time": "22.07.2021 02:42",
            "open": "39.4921",
            "high": "39.4924",
            "low": "39.4921",
            "close": "39.5508"
        },
        {
            "time": "22.07.2021 02:44",
            "open": "39.5508",
            "high": "39.5508",
            "low": "39.5508",
            "close": "39.45"
        },
        {
            "time": "22.07.2021 02:47",
            "open": "39.45",
            "high": "39.45",
            "low": "39.45",
            "close": "39.4"
        },
        {
            "time": "22.07.2021 02:50",
            "open": "39.4",
            "high": "39.4",
            "low": "39.35",
            "close": "39.3"
        },
        {
            "time": "22.07.2021 02:51",
            "open": "39.3",
            "high": "39.3",
            "low": "39.1333",
            "close": "39.1543"
        },
        {
            "time": "22.07.2021 02:52",
            "open": "39.1543",
            "high": "39.1543",
            "low": "39.1",
            "close": "39.1946"
        },
        {
            "time": "22.07.2021 02:53",
            "open": "39.1946",
            "high": "39.1946",
            "low": "39.1946",
            "close": "39.1066"
        },
        {
            "time": "22.07.2021 02:55",
            "open": "39.1066",
            "high": "39.1556",
            "low": "39.1066",
            "close": "39.2"
        },
        {
            "time": "22.07.2021 02:58",
            "open": "39.2",
            "high": "39.2",
            "low": "39.2",
            "close": "39.1935"
        },
        {
            "time": "22.07.2021 02:59",
            "open": "39.1935",
            "high": "39.1935",
            "low": "39.1935",
            "close": "39.1366"
        },
        {
            "time": "22.07.2021 03:00",
            "open": "39.1366",
            "high": "39.1366",
            "low": "39.0826",
            "close": "39.05"
        },
        {
            "time": "22.07.2021 03:03",
            "open": "39.05",
            "high": "39.05",
            "low": "38.9",
            "close": "38.85"
        },
        {
            "time": "22.07.2021 03:04",
            "open": "38.85",
            "high": "38.85",
            "low": "38.7635",
            "close": "38.775"
        },
        {
            "time": "22.07.2021 03:06",
            "open": "38.775",
            "high": "38.775",
            "low": "38.7635",
            "close": "38.7848"
        },
        {
            "time": "22.07.2021 03:07",
            "open": "38.7848",
            "high": "38.7848",
            "low": "38.7848",
            "close": "38.8068"
        },
        {
            "time": "22.07.2021 03:08",
            "open": "38.8068",
            "high": "38.8068",
            "low": "38.8068",
            "close": "38.75"
        },
        {
            "time": "22.07.2021 03:13",
            "open": "38.75",
            "high": "38.75",
            "low": "38.75",
            "close": "38.7"
        },
        {
            "time": "22.07.2021 03:15",
            "open": "38.7",
            "high": "38.7",
            "low": "38.5",
            "close": "38.4989"
        },
        {
            "time": "22.07.2021 03:16",
            "open": "38.4989",
            "high": "38.5332",
            "low": "38.4989",
            "close": "38.6"
        },
        {
            "time": "22.07.2021 03:17",
            "open": "38.6",
            "high": "38.65",
            "low": "38.6",
            "close": "38.5812"
        },
        {
            "time": "22.07.2021 03:18",
            "open": "38.5812",
            "high": "38.5812",
            "low": "38.5812",
            "close": "38.6174"
        },
        {
            "time": "22.07.2021 03:20",
            "open": "38.6174",
            "high": "38.6174",
            "low": "38.55",
            "close": "38.532"
        },
        {
            "time": "22.07.2021 03:22",
            "open": "38.532",
            "high": "38.532",
            "low": "38.532",
            "close": "38.5653"
        },
        {
            "time": "22.07.2021 03:23",
            "open": "38.5653",
            "high": "38.5653",
            "low": "38.5653",
            "close": "38.5"
        },
        {
            "time": "22.07.2021 03:25",
            "open": "38.5",
            "high": "38.5",
            "low": "38.5",
            "close": "38.6"
        },
        {
            "time": "22.07.2021 03:26",
            "open": "38.6",
            "high": "38.6",
            "low": "38.6",
            "close": "38.65"
        },
        {
            "time": "22.07.2021 03:29",
            "open": "38.65",
            "high": "38.65",
            "low": "38.65",
            "close": "38.6502"
        },
        {
            "time": "22.07.2021 03:31",
            "open": "38.6502",
            "high": "38.7",
            "low": "38.6502",
            "close": "38.75"
        },
        {
            "time": "22.07.2021 03:32",
            "open": "38.75",
            "high": "38.75",
            "low": "38.75",
            "close": "38.7106"
        },
        {
            "time": "22.07.2021 03:34",
            "open": "38.7106",
            "high": "38.7106",
            "low": "38.7106",
            "close": "38.7891"
        },
        {
            "time": "22.07.2021 03:35",
            "open": "38.7891",
            "high": "38.7891",
            "low": "38.749",
            "close": "38.65"
        },
        {
            "time": "22.07.2021 03:40",
            "open": "38.65",
            "high": "38.65",
            "low": "38.55",
            "close": "38.5"
        },
        {
            "time": "22.07.2021 03:41",
            "open": "38.5",
            "high": "38.5",
            "low": "38.4814",
            "close": "38.6"
        },
        {
            "time": "22.07.2021 03:42",
            "open": "38.6",
            "high": "38.65",
            "low": "38.6",
            "close": "38.7"
        },
        {
            "time": "22.07.2021 03:43",
            "open": "38.7",
            "high": "38.7",
            "low": "38.7",
            "close": "38.75"
        },
        {
            "time": "22.07.2021 03:45",
            "open": "38.75",
            "high": "38.8",
            "low": "38.75",
            "close": "38.79"
        },
        {
            "time": "22.07.2021 03:46",
            "open": "38.79",
            "high": "38.79",
            "low": "38.79",
            "close": "38.8037"
        },
        {
            "time": "22.07.2021 03:48",
            "open": "38.8037",
            "high": "38.8037",
            "low": "38.8037",
            "close": "38.85"
        },
        {
            "time": "22.07.2021 03:52",
            "open": "38.85",
            "high": "38.85",
            "low": "38.85",
            "close": "38.761"
        },
        {
            "time": "22.07.2021 03:53",
            "open": "38.761",
            "high": "38.761",
            "low": "38.761",
            "close": "38.75"
        },
        {
            "time": "22.07.2021 03:58",
            "open": "38.75",
            "high": "38.75",
            "low": "38.75",
            "close": "38.7356"
        },
        {
            "time": "22.07.2021 04:00",
            "open": "38.7356",
            "high": "38.7356",
            "low": "38.7",
            "close": "38.65"
        },
        {
            "time": "22.07.2021 04:01",
            "open": "38.65",
            "high": "38.65",
            "low": "38.65",
            "close": "38.6"
        },
        {
            "time": "22.07.2021 04:02",
            "open": "38.6",
            "high": "38.6",
            "low": "38.6",
            "close": "38.55"
        },
        {
            "time": "22.07.2021 04:04",
            "open": "38.55",
            "high": "38.55",
            "low": "38.5",
            "close": "38.4943"
        },
        {
            "time": "22.07.2021 04:05",
            "open": "38.4943",
            "high": "38.5678",
            "low": "38.4943",
            "close": "38.6"
        },
        {
            "time": "22.07.2021 04:06",
            "open": "38.6",
            "high": "38.6187",
            "low": "38.6",
            "close": "38.65"
        },
        {
            "time": "22.07.2021 04:09",
            "open": "38.65",
            "high": "38.65",
            "low": "38.65",
            "close": "38.55"
        },
        {
            "time": "22.07.2021 04:11",
            "open": "38.55",
            "high": "38.55",
            "low": "38.5",
            "close": "38.4634"
        },
        {
            "time": "22.07.2021 04:12",
            "open": "38.4634",
            "high": "38.4634",
            "low": "38.4634",
            "close": "38.459"
        },
        {
            "time": "22.07.2021 04:13",
            "open": "38.459",
            "high": "38.459",
            "low": "38.459",
            "close": "38.45"
        },
        {
            "time": "22.07.2021 04:14",
            "open": "38.45",
            "high": "38.45",
            "low": "38.3",
            "close": "38.3075"
        },
        {
            "time": "22.07.2021 04:15",
            "open": "38.3075",
            "high": "38.412",
            "low": "38.3075",
            "close": "38.3862"
        },
        {
            "time": "22.07.2021 04:16",
            "open": "38.3862",
            "high": "38.3862",
            "low": "38.343",
            "close": "38.45"
        },
        {
            "time": "22.07.2021 04:17",
            "open": "38.45",
            "high": "38.45",
            "low": "38.45",
            "close": "38.4759"
        },
        {
            "time": "22.07.2021 04:18",
            "open": "38.4759",
            "high": "38.4759",
            "low": "38.4759",
            "close": "38.4828"
        },
        {
            "time": "22.07.2021 04:19",
            "open": "38.4828",
            "high": "38.4828",
            "low": "38.4828",
            "close": "38.5"
        },
        {
            "time": "22.07.2021 04:20",
            "open": "38.5",
            "high": "38.5",
            "low": "38.5",
            "close": "38.55"
        },
        {
            "time": "22.07.2021 04:21",
            "open": "38.55",
            "high": "38.55",
            "low": "38.55",
            "close": "38.45"
        },
        {
            "time": "22.07.2021 04:23",
            "open": "38.45",
            "high": "38.45",
            "low": "38.4242",
            "close": "38.4306"
        },
        {
            "time": "22.07.2021 04:24",
            "open": "38.4306",
            "high": "38.4306",
            "low": "38.4306",
            "close": "38.4333"
        },
        {
            "time": "22.07.2021 04:25",
            "open": "38.4333",
            "high": "38.4333",
            "low": "38.4333",
            "close": "38.4776"
        },
        {
            "time": "22.07.2021 04:26",
            "open": "38.4776",
            "high": "38.4776",
            "low": "38.4776",
            "close": "38.4"
        },
        {
            "time": "22.07.2021 04:32",
            "open": "38.4",
            "high": "38.4",
            "low": "38.35",
            "close": "38.3595"
        },
        {
            "time": "22.07.2021 04:36",
            "open": "38.3595",
            "high": "38.3595",
            "low": "38.3",
            "close": "38.2989"
        },
        {
            "time": "22.07.2021 04:37",
            "open": "38.2989",
            "high": "38.2989",
            "low": "38.2989",
            "close": "38.4"
        },
        {
            "time": "22.07.2021 04:40",
            "open": "38.4",
            "high": "38.4",
            "low": "38.4",
            "close": "38.45"
        },
        {
            "time": "22.07.2021 04:52",
            "open": "38.45",
            "high": "38.45",
            "low": "38.45",
            "close": "38.4218"
        },
        {
            "time": "22.07.2021 04:55",
            "open": "38.4218",
            "high": "38.4218",
            "low": "38.4218",
            "close": "38.4067"
        },
        {
            "time": "22.07.2021 04:56",
            "open": "38.4067",
            "high": "38.4067",
            "low": "38.4067",
            "close": "38.35"
        },
        {
            "time": "22.07.2021 04:59",
            "open": "38.35",
            "high": "38.35",
            "low": "38.35",
            "close": "38.3"
        },
        {
            "time": "22.07.2021 05:00",
            "open": "38.3",
            "high": "38.3067",
            "low": "38.3",
            "close": "38.4"
        },
        {
            "time": "22.07.2021 05:01",
            "open": "38.4",
            "high": "38.45",
            "low": "38.4",
            "close": "38.4506"
        },
        {
            "time": "22.07.2021 05:02",
            "open": "38.4506",
            "high": "38.4506",
            "low": "38.4506",
            "close": "38.3887"
        },
        {
            "time": "22.07.2021 05:03",
            "open": "38.3887",
            "high": "38.3887",
            "low": "38.3887",
            "close": "38.3761"
        },
        {
            "time": "22.07.2021 05:04",
            "open": "38.3761",
            "high": "38.3761",
            "low": "38.3761",
            "close": "38.4039"
        },
        {
            "time": "22.07.2021 05:06",
            "open": "38.4039",
            "high": "38.4039",
            "low": "38.4039",
            "close": "38.35"
        },
        {
            "time": "22.07.2021 05:08",
            "open": "38.35",
            "high": "38.35",
            "low": "38.35",
            "close": "38.45"
        },
        {
            "time": "22.07.2021 05:12",
            "open": "38.45",
            "high": "38.55",
            "low": "38.45",
            "close": "38.6"
        },
        {
            "time": "22.07.2021 05:13",
            "open": "38.6",
            "high": "38.65",
            "low": "38.5826",
            "close": "38.5826"
        },
        {
            "time": "22.07.2021 05:14",
            "open": "38.5826",
            "high": "38.5826",
            "low": "38.5826",
            "close": "38.55"
        },
        {
            "time": "22.07.2021 05:15",
            "open": "38.55",
            "high": "38.55",
            "low": "38.5391",
            "close": "38.5"
        },
        {
            "time": "22.07.2021 05:17",
            "open": "38.5",
            "high": "38.5",
            "low": "38.5",
            "close": "38.5687"
        },
        {
            "time": "22.07.2021 05:18",
            "open": "38.5687",
            "high": "38.5687",
            "low": "38.5687",
            "close": "38.4664"
        },
        {
            "time": "22.07.2021 05:22",
            "open": "38.4664",
            "high": "38.4664",
            "low": "38.45",
            "close": "38.4"
        },
        {
            "time": "22.07.2021 05:26",
            "open": "38.4",
            "high": "38.4",
            "low": "38.4",
            "close": "38.35"
        },
        {
            "time": "22.07.2021 05:27",
            "open": "38.35",
            "high": "38.35",
            "low": "38.35",
            "close": "38.3"
        },
        {
            "time": "22.07.2021 05:30",
            "open": "38.3",
            "high": "38.3",
            "low": "38.3",
            "close": "38.4"
        },
        {
            "time": "22.07.2021 05:49",
            "open": "38.4",
            "high": "38.4",
            "low": "38.4",
            "close": "38.4385"
        },
        {
            "time": "22.07.2021 05:52",
            "open": "38.4385",
            "high": "38.5",
            "low": "38.4385",
            "close": "38.526"
        },
        {
            "time": "22.07.2021 06:04",
            "open": "38.526",
            "high": "38.5646",
            "low": "38.526",
            "close": "38.5819"
        },
        {
            "time": "22.07.2021 06:06",
            "open": "38.5819",
            "high": "38.5819",
            "low": "38.5819",
            "close": "38.6"
        },
        {
            "time": "22.07.2021 06:07",
            "open": "38.6",
            "high": "38.65",
            "low": "38.6",
            "close": "38.55"
        },
        {
            "time": "22.07.2021 06:10",
            "open": "38.55",
            "high": "38.55",
            "low": "38.55",
            "close": "38.5843"
        },
        {
            "time": "22.07.2021 06:11",
            "open": "38.5843",
            "high": "38.5843",
            "low": "38.5843",
            "close": "38.65"
        },
        {
            "time": "22.07.2021 06:16",
            "open": "38.65",
            "high": "38.65",
            "low": "38.65",
            "close": "38.7"
        },
        {
            "time": "22.07.2021 06:18",
            "open": "38.7",
            "high": "38.7",
            "low": "38.7",
            "close": "38.75"
        },
        {
            "time": "22.07.2021 06:19",
            "open": "38.75",
            "high": "38.75",
            "low": "38.75",
            "close": "38.75"
        },
        {
            "time": "22.07.2021 06:30",
            "open": "38.75",
            "high": "38.75",
            "low": "38.75",
            "close": "38.65"
        },
        {
            "time": "22.07.2021 06:37",
            "open": "38.65",
            "high": "38.65",
            "low": "38.65",
            "close": "38.6"
        },
        {
            "time": "22.07.2021 06:38",
            "open": "38.6",
            "high": "38.6",
            "low": "38.55",
            "close": "38.5"
        },
        {
            "time": "22.07.2021 06:45",
            "open": "38.5",
            "high": "38.5",
            "low": "38.45",
            "close": "38.4762"
        },
        {
            "time": "22.07.2021 06:46",
            "open": "38.4762",
            "high": "38.4762",
            "low": "38.4762",
            "close": "38.4804"
        },
        {
            "time": "22.07.2021 06:47",
            "open": "38.4804",
            "high": "38.4804",
            "low": "38.4804",
            "close": "38.4901"
        },
        {
            "time": "22.07.2021 06:52",
            "open": "38.4901",
            "high": "38.4901",
            "low": "38.4901",
            "close": "38.4"
        },
        {
            "time": "22.07.2021 06:53",
            "open": "38.4",
            "high": "38.4",
            "low": "38.4",
            "close": "38.4671"
        },
        {
            "time": "22.07.2021 07:00",
            "open": "38.4671",
            "high": "38.4671",
            "low": "38.4671",
            "close": "38.5"
        },
        {
            "time": "22.07.2021 07:01",
            "open": "38.5",
            "high": "38.5",
            "low": "38.5",
            "close": "38.4365"
        },
        {
            "time": "22.07.2021 07:04",
            "open": "38.4365",
            "high": "38.4365",
            "low": "38.4365",
            "close": "38.4"
        },
        {
            "time": "22.07.2021 07:07",
            "open": "38.4",
            "high": "38.4",
            "low": "38.35",
            "close": "38.3088"
        },
        {
            "time": "22.07.2021 07:10",
            "open": "38.3088",
            "high": "38.3088",
            "low": "38.3",
            "close": "38.25"
        },
        {
            "time": "22.07.2021 07:18",
            "open": "38.25",
            "high": "38.25",
            "low": "38.25",
            "close": "38.2247"
        },
        {
            "time": "22.07.2021 07:19",
            "open": "38.2247",
            "high": "38.2247",
            "low": "38.2247",
            "close": "38.35"
        },
        {
            "time": "22.07.2021 07:23",
            "open": "38.35",
            "high": "38.35",
            "low": "38.35",
            "close": "38.4"
        },
        {
            "time": "22.07.2021 07:25",
            "open": "38.4",
            "high": "38.4",
            "low": "38.4",
            "close": "38.3"
        },
        {
            "time": "22.07.2021 07:37",
            "open": "38.3",
            "high": "38.3",
            "low": "38.3",
            "close": "38.25"
        },
        {
            "time": "22.07.2021 07:39",
            "open": "38.25",
            "high": "38.25",
            "low": "38.25",
            "close": "38.2154"
        },
        {
            "time": "22.07.2021 07:40",
            "open": "38.2154",
            "high": "38.2154",
            "low": "38.2154",
            "close": "38.2154"
        },
        {
            "time": "22.07.2021 07:42",
            "open": "38.2154",
            "high": "38.2154",
            "low": "38.2",
            "close": "38.15"
        },
        {
            "time": "22.07.2021 07:43",
            "open": "38.15",
            "high": "38.15",
            "low": "38.15",
            "close": "38.1"
        },
        {
            "time": "22.07.2021 07:46",
            "open": "38.1",
            "high": "38.1",
            "low": "38.1",
            "close": "38.05"
        },
        {
            "time": "22.07.2021 07:47",
            "open": "38.05",
            "high": "38.05",
            "low": "37.8897",
            "close": "37.9452"
        },
        {
            "time": "22.07.2021 07:49",
            "open": "37.9452",
            "high": "37.9452",
            "low": "37.9452",
            "close": "38"
        },
        {
            "time": "22.07.2021 07:50",
            "open": "38",
            "high": "38.05",
            "low": "38",
            "close": "37.95"
        },
        {
            "time": "22.07.2021 07:52",
            "open": "37.95",
            "high": "37.95",
            "low": "37.9",
            "close": "37.968"
        },
        {
            "time": "22.07.2021 07:54",
            "open": "37.968",
            "high": "38.0246",
            "low": "37.968",
            "close": "37.9513"
        },
        {
            "time": "22.07.2021 07:55",
            "open": "37.9513",
            "high": "37.9513",
            "low": "37.9513",
            "close": "37.9"
        },
        {
            "time": "22.07.2021 08:00",
            "open": "37.9",
            "high": "37.9",
            "low": "37.9",
            "close": "38"
        },
        {
            "time": "22.07.2021 08:01",
            "open": "38",
            "high": "38.05",
            "low": "38",
            "close": "38.1"
        },
        {
            "time": "22.07.2021 08:02",
            "open": "38.1",
            "high": "38.1",
            "low": "38.1",
            "close": "38.0579"
        },
        {
            "time": "22.07.2021 08:03",
            "open": "38.0579",
            "high": "38.0579",
            "low": "38.0579",
            "close": "38.15"
        },
        {
            "time": "22.07.2021 08:05",
            "open": "38.15",
            "high": "38.15",
            "low": "38.15",
            "close": "38.2"
        },
        {
            "time": "22.07.2021 08:06",
            "open": "38.2",
            "high": "38.2",
            "low": "38.2",
            "close": "38.2415"
        },
        {
            "time": "22.07.2021 08:07",
            "open": "38.2415",
            "high": "38.2415",
            "low": "38.2415",
            "close": "38.2252"
        },
        {
            "time": "22.07.2021 08:09",
            "open": "38.2252",
            "high": "38.2252",
            "low": "38.2252",
            "close": "38.25"
        },
        {
            "time": "22.07.2021 08:12",
            "open": "38.25",
            "high": "38.25",
            "low": "38.25",
            "close": "38.2665"
        },
        {
            "time": "22.07.2021 08:17",
            "open": "38.2665",
            "high": "38.2665",
            "low": "38.2665",
            "close": "38.15"
        },
        {
            "time": "22.07.2021 08:18",
            "open": "38.15",
            "high": "38.15",
            "low": "38.15",
            "close": "38.1"
        },
        {
            "time": "22.07.2021 08:23",
            "open": "38.1",
            "high": "38.1",
            "low": "38.1",
            "close": "38.0799"
        },
        {
            "time": "22.07.2021 08:31",
            "open": "38.0799",
            "high": "38.0799",
            "low": "38.0799",
            "close": "38.0943"
        },
        {
            "time": "22.07.2021 08:36",
            "open": "38.0943",
            "high": "38.0943",
            "low": "38.0943",
            "close": "38.1408"
        },
        {
            "time": "22.07.2021 08:38",
            "open": "38.1408",
            "high": "38.1408",
            "low": "38.1408",
            "close": "38.2"
        },
        {
            "time": "22.07.2021 08:40",
            "open": "38.2",
            "high": "38.2",
            "low": "38.2",
            "close": "38.2406"
        },
        {
            "time": "22.07.2021 08:42",
            "open": "38.2406",
            "high": "38.2406",
            "low": "38.2406",
            "close": "38.25"
        },
        {
            "time": "22.07.2021 08:45",
            "open": "38.25",
            "high": "38.25",
            "low": "38.25",
            "close": "38.2082"
        },
        {
            "time": "22.07.2021 08:50",
            "open": "38.2082",
            "high": "38.2084",
            "low": "38.2082",
            "close": "38.3"
        },
        {
            "time": "22.07.2021 08:55",
            "open": "38.3",
            "high": "38.3",
            "low": "38.3",
            "close": "38.35"
        },
        {
            "time": "22.07.2021 08:58",
            "open": "38.35",
            "high": "38.35",
            "low": "38.35",
            "close": "38.4"
        },
        {
            "time": "22.07.2021 08:59",
            "open": "38.4",
            "high": "38.4",
            "low": "38.4",
            "close": "38.4346"
        },
        {
            "time": "22.07.2021 09:01",
            "open": "38.4346",
            "high": "38.4346",
            "low": "38.3677",
            "close": "38.372"
        },
        {
            "time": "22.07.2021 09:04",
            "open": "38.372",
            "high": "38.3725",
            "low": "38.372",
            "close": "38.45"
        },
        {
            "time": "22.07.2021 09:06",
            "open": "38.45",
            "high": "38.45",
            "low": "38.45",
            "close": "38.5"
        },
        {
            "time": "22.07.2021 09:07",
            "open": "38.5",
            "high": "38.6",
            "low": "38.5",
            "close": "38.628"
        },
        {
            "time": "22.07.2021 09:08",
            "open": "38.628",
            "high": "38.65",
            "low": "38.628",
            "close": "38.631"
        },
        {
            "time": "22.07.2021 09:09",
            "open": "38.631",
            "high": "38.652",
            "low": "38.631",
            "close": "38.652"
        },
        {
            "time": "22.07.2021 09:14",
            "open": "38.652",
            "high": "38.8",
            "low": "38.652",
            "close": "38.7"
        },
        {
            "time": "22.07.2021 09:16",
            "open": "38.7",
            "high": "38.7",
            "low": "38.7",
            "close": "38.65"
        },
        {
            "time": "22.07.2021 09:17",
            "open": "38.65",
            "high": "38.65",
            "low": "38.65",
            "close": "38.6463"
        },
        {
            "time": "22.07.2021 09:21",
            "open": "38.6463",
            "high": "38.6463",
            "low": "38.6463",
            "close": "38.75"
        },
        {
            "time": "22.07.2021 09:23",
            "open": "38.75",
            "high": "38.85",
            "low": "38.75",
            "close": "38.75"
        },
        {
            "time": "22.07.2021 09:24",
            "open": "38.75",
            "high": "38.75",
            "low": "38.75",
            "close": "38.836"
        },
        {
            "time": "22.07.2021 09:28",
            "open": "38.836",
            "high": "38.836",
            "low": "38.836",
            "close": "38.721"
        },
        {
            "time": "22.07.2021 09:32",
            "open": "38.721",
            "high": "38.721",
            "low": "38.721",
            "close": "38.723"
        },
        {
            "time": "22.07.2021 09:33",
            "open": "38.723",
            "high": "38.723",
            "low": "38.723",
            "close": "38.723"
        },
        {
            "time": "22.07.2021 09:35",
            "open": "38.723",
            "high": "38.723",
            "low": "38.7",
            "close": "38.7059"
        },
        {
            "time": "22.07.2021 09:41",
            "open": "38.7059",
            "high": "38.7059",
            "low": "38.7059",
            "close": "38.7478"
        },
        {
            "time": "22.07.2021 09:42",
            "open": "38.7478",
            "high": "38.7478",
            "low": "38.7478",
            "close": "38.65"
        },
        {
            "time": "22.07.2021 09:43",
            "open": "38.65",
            "high": "38.65",
            "low": "38.65",
            "close": "38.6244"
        },
        {
            "time": "22.07.2021 09:44",
            "open": "38.6244",
            "high": "38.6244",
            "low": "38.6244",
            "close": "38.6"
        },
        {
            "time": "22.07.2021 09:45",
            "open": "38.6",
            "high": "38.6",
            "low": "38.55",
            "close": "38.5"
        },
        {
            "time": "22.07.2021 09:50",
            "open": "38.5",
            "high": "38.5",
            "low": "38.45",
            "close": "38.5401"
        },
        {
            "time": "22.07.2021 09:54",
            "open": "38.5401",
            "high": "38.5401",
            "low": "38.5401",
            "close": "38.55"
        },
        {
            "time": "22.07.2021 09:55",
            "open": "38.55",
            "high": "38.6",
            "low": "38.55",
            "close": "38.65"
        },
        {
            "time": "22.07.2021 10:03",
            "open": "38.65",
            "high": "38.65",
            "low": "38.65",
            "close": "38.6256"
        },
        {
            "time": "22.07.2021 10:05",
            "open": "38.6256",
            "high": "38.6258",
            "low": "38.6256",
            "close": "38.6054"
        },
        {
            "time": "22.07.2021 10:09",
            "open": "38.6054",
            "high": "38.6054",
            "low": "38.6054",
            "close": "38.65"
        },
        {
            "time": "22.07.2021 10:11",
            "open": "38.65",
            "high": "38.65",
            "low": "38.65",
            "close": "38.7"
        },
        {
            "time": "22.07.2021 10:15",
            "open": "38.7",
            "high": "38.85",
            "low": "38.7",
            "close": "38.7839"
        },
        {
            "time": "22.07.2021 10:18",
            "open": "38.7839",
            "high": "38.7839",
            "low": "38.7839",
            "close": "38.75"
        },
        {
            "time": "22.07.2021 10:20",
            "open": "38.75",
            "high": "38.75",
            "low": "38.7",
            "close": "38.8"
        },
        {
            "time": "22.07.2021 10:26",
            "open": "38.8",
            "high": "38.8",
            "low": "38.8",
            "close": "38.7824"
        },
        {
            "time": "22.07.2021 10:27",
            "open": "38.7824",
            "high": "38.7834",
            "low": "38.7824",
            "close": "38.85"
        },
        {
            "time": "22.07.2021 10:28",
            "open": "38.85",
            "high": "38.85",
            "low": "38.85",
            "close": "38.8461"
        },
        {
            "time": "22.07.2021 10:29",
            "open": "38.8461",
            "high": "38.8461",
            "low": "38.8461",
            "close": "38.8086"
        },
        {
            "time": "22.07.2021 10:31",
            "open": "38.8086",
            "high": "38.8086",
            "low": "38.8086",
            "close": "38.7715"
        },
        {
            "time": "22.07.2021 10:32",
            "open": "38.7715",
            "high": "38.7715",
            "low": "38.75",
            "close": "38.75"
        },
        {
            "time": "22.07.2021 10:33",
            "open": "38.75",
            "high": "38.75",
            "low": "38.75",
            "close": "38.7"
        },
        {
            "time": "22.07.2021 10:34",
            "open": "38.7",
            "high": "38.7",
            "low": "38.7",
            "close": "38.7351"
        },
        {
            "time": "22.07.2021 10:50",
            "open": "38.7351",
            "high": "38.7351",
            "low": "38.7351",
            "close": "38.764"
        },
        {
            "time": "22.07.2021 10:51",
            "open": "38.764",
            "high": "38.85",
            "low": "38.764",
            "close": "38.75"
        },
        {
            "time": "22.07.2021 11:01",
            "open": "38.75",
            "high": "38.75",
            "low": "38.7",
            "close": "38.65"
        },
        {
            "time": "22.07.2021 11:03",
            "open": "38.65",
            "high": "38.65",
            "low": "38.65",
            "close": "38.6231"
        },
        {
            "time": "22.07.2021 11:04",
            "open": "38.6231",
            "high": "38.6231",
            "low": "38.6169",
            "close": "38.6"
        },
        {
            "time": "22.07.2021 11:07",
            "open": "38.6",
            "high": "38.6",
            "low": "38.6",
            "close": "38.5929"
        },
        {
            "time": "22.07.2021 11:08",
            "open": "38.5929",
            "high": "38.5929",
            "low": "38.5929",
            "close": "38.55"
        },
        {
            "time": "22.07.2021 11:11",
            "open": "38.55",
            "high": "38.55",
            "low": "38.55",
            "close": "38.5003"
        },
        {
            "time": "22.07.2021 11:12",
            "open": "38.5003",
            "high": "38.5003",
            "low": "38.5003",
            "close": "38.65"
        },
        {
            "time": "22.07.2021 11:26",
            "open": "38.65",
            "high": "38.7",
            "low": "38.65",
            "close": "38.6"
        },
        {
            "time": "22.07.2021 11:32",
            "open": "38.6",
            "high": "38.6",
            "low": "38.6",
            "close": "38.55"
        },
        {
            "time": "22.07.2021 11:33",
            "open": "38.55",
            "high": "38.55",
            "low": "38.55",
            "close": "38.5"
        },
        {
            "time": "22.07.2021 11:34",
            "open": "38.5",
            "high": "38.5",
            "low": "38.3678",
            "close": "38.3597"
        },
        {
            "time": "22.07.2021 11:35",
            "open": "38.3597",
            "high": "38.3597",
            "low": "38.2604",
            "close": "38.25"
        },
        {
            "time": "22.07.2021 11:36",
            "open": "38.25",
            "high": "38.25",
            "low": "38.2",
            "close": "38.2232"
        },
        {
            "time": "22.07.2021 11:37",
            "open": "38.2232",
            "high": "38.2232",
            "low": "38.2232",
            "close": "38.1949"
        },
        {
            "time": "22.07.2021 11:38",
            "open": "38.1949",
            "high": "38.1949",
            "low": "38.0344",
            "close": "38.15"
        },
        {
            "time": "22.07.2021 11:39",
            "open": "38.15",
            "high": "38.15",
            "low": "38.15",
            "close": "38.2"
        },
        {
            "time": "22.07.2021 11:40",
            "open": "38.2",
            "high": "38.25",
            "low": "38.2",
            "close": "38.15"
        },
        {
            "time": "22.07.2021 11:41",
            "open": "38.15",
            "high": "38.1537",
            "low": "38.1251",
            "close": "38.1"
        },
        {
            "time": "22.07.2021 11:42",
            "open": "38.1",
            "high": "38.1",
            "low": "37.95",
            "close": "37.9"
        },
        {
            "time": "22.07.2021 11:43",
            "open": "37.9",
            "high": "37.951",
            "low": "37.8797",
            "close": "38"
        },
        {
            "time": "22.07.2021 11:44",
            "open": "38",
            "high": "38",
            "low": "38",
            "close": "38.05"
        },
        {
            "time": "22.07.2021 11:45",
            "open": "38.05",
            "high": "38.05",
            "low": "38.05",
            "close": "38.1"
        },
        {
            "time": "22.07.2021 11:46",
            "open": "38.1",
            "high": "38.1",
            "low": "38.069",
            "close": "38.1472"
        },
        {
            "time": "22.07.2021 11:47",
            "open": "38.1472",
            "high": "38.15",
            "low": "38.1472",
            "close": "38.0877"
        },
        {
            "time": "22.07.2021 11:50",
            "open": "38.0877",
            "high": "38.0877",
            "low": "38.0831",
            "close": "38.1338"
        },
        {
            "time": "22.07.2021 11:51",
            "open": "38.1338",
            "high": "38.1338",
            "low": "38.1338",
            "close": "38.1662"
        },
        {
            "time": "22.07.2021 11:53",
            "open": "38.1662",
            "high": "38.1662",
            "low": "38.1662",
            "close": "38.1828"
        },
        {
            "time": "22.07.2021 11:56",
            "open": "38.1828",
            "high": "38.2",
            "low": "38.1828",
            "close": "38.25"
        },
        {
            "time": "22.07.2021 11:58",
            "open": "38.25",
            "high": "38.3",
            "low": "38.25",
            "close": "38.268"
        },
        {
            "time": "22.07.2021 11:59",
            "open": "38.268",
            "high": "38.268",
            "low": "38.268",
            "close": "38.2"
        },
        {
            "time": "22.07.2021 12:00",
            "open": "38.2",
            "high": "38.229",
            "low": "38.2",
            "close": "38.3"
        },
        {
            "time": "22.07.2021 12:01",
            "open": "38.3",
            "high": "38.3",
            "low": "38.2898",
            "close": "38.2"
        },
        {
            "time": "22.07.2021 12:04",
            "open": "38.2",
            "high": "38.2",
            "low": "38.2",
            "close": "38.3"
        },
        {
            "time": "22.07.2021 12:08",
            "open": "38.3",
            "high": "38.35",
            "low": "38.3",
            "close": "38.2869"
        },
        {
            "time": "22.07.2021 12:10",
            "open": "38.2869",
            "high": "38.2869",
            "low": "38.2869",
            "close": "38.25"
        },
        {
            "time": "22.07.2021 12:16",
            "open": "38.25",
            "high": "38.25",
            "low": "38.2",
            "close": "38.15"
        },
        {
            "time": "22.07.2021 12:23",
            "open": "38.15",
            "high": "38.15",
            "low": "38.0951",
            "close": "38.125"
        },
        {
            "time": "22.07.2021 12:25",
            "open": "38.125",
            "high": "38.125",
            "low": "38.125",
            "close": "38.2"
        },
        {
            "time": "22.07.2021 12:27",
            "open": "38.2",
            "high": "38.2009",
            "low": "38.2",
            "close": "38.2033"
        },
        {
            "time": "22.07.2021 12:32",
            "open": "38.2033",
            "high": "38.205",
            "low": "38.2033",
            "close": "38.25"
        },
        {
            "time": "22.07.2021 12:39",
            "open": "38.25",
            "high": "38.3267",
            "low": "38.25",
            "close": "38.35"
        },
        {
            "time": "22.07.2021 12:43",
            "open": "38.35",
            "high": "38.35",
            "low": "38.35",
            "close": "38.4"
        },
        {
            "time": "22.07.2021 12:44",
            "open": "38.4",
            "high": "38.4",
            "low": "38.4",
            "close": "38.4057"
        },
        {
            "time": "22.07.2021 12:47",
            "open": "38.4057",
            "high": "38.4057",
            "low": "38.4057",
            "close": "38.45"
        },
        {
            "time": "22.07.2021 12:49",
            "open": "38.45",
            "high": "38.45",
            "low": "38.45",
            "close": "38.4502"
        },
        {
            "time": "22.07.2021 12:53",
            "open": "38.4502",
            "high": "38.4502",
            "low": "38.4502",
            "close": "38.35"
        },
        {
            "time": "22.07.2021 12:58",
            "open": "38.35",
            "high": "38.35",
            "low": "38.35",
            "close": "38.3"
        },
        {
            "time": "22.07.2021 12:59",
            "open": "38.3",
            "high": "38.3",
            "low": "38.2568",
            "close": "38.2966"
        },
        {
            "time": "22.07.2021 13:00",
            "open": "38.2966",
            "high": "38.2966",
            "low": "38.2966",
            "close": "38.2966"
        },
        {
            "time": "22.07.2021 13:01",
            "open": "38.2966",
            "high": "38.2966",
            "low": "38.2966",
            "close": "38.2988"
        },
        {
            "time": "22.07.2021 13:03",
            "open": "38.2988",
            "high": "38.2988",
            "low": "38.2988",
            "close": "38.25"
        },
        {
            "time": "22.07.2021 13:06",
            "open": "38.25",
            "high": "38.25",
            "low": "38.25",
            "close": "38.2898"
        },
        {
            "time": "22.07.2021 13:09",
            "open": "38.2898",
            "high": "38.35",
            "low": "38.2898",
            "close": "38.3968"
        },
        {
            "time": "22.07.2021 13:10",
            "open": "38.3968",
            "high": "38.3968",
            "low": "38.3675",
            "close": "38.3334"
        },
        {
            "time": "22.07.2021 13:11",
            "open": "38.3334",
            "high": "38.3334",
            "low": "38.3334",
            "close": "38.25"
        },
        {
            "time": "22.07.2021 13:12",
            "open": "38.25",
            "high": "38.25",
            "low": "38.25",
            "close": "38.2"
        },
        {
            "time": "22.07.2021 13:13",
            "open": "38.2",
            "high": "38.2",
            "low": "38.15",
            "close": "38.1653"
        },
        {
            "time": "22.07.2021 13:14",
            "open": "38.1653",
            "high": "38.1653",
            "low": "38.1653",
            "close": "38.1966"
        },
        {
            "time": "22.07.2021 13:21",
            "open": "38.1966",
            "high": "38.1966",
            "low": "38.1966",
            "close": "38.1352"
        },
        {
            "time": "22.07.2021 13:23",
            "open": "38.1352",
            "high": "38.1352",
            "low": "38.1",
            "close": "38.2"
        },
        {
            "time": "22.07.2021 13:28",
            "open": "38.2",
            "high": "38.25",
            "low": "38.1932",
            "close": "38.1717"
        },
        {
            "time": "22.07.2021 13:32",
            "open": "38.212",
            "high": "38.212",
            "low": "38.212",
            "close": "38.2553"
        },
        {
            "time": "22.07.2021 13:33",
            "open": "38.2553",
            "high": "38.2553",
            "low": "38.2553",
            "close": "38.3"
        },
        {
            "time": "22.07.2021 13:41",
            "open": "38.3",
            "high": "38.3",
            "low": "38.3",
            "close": "38.2932"
        },
        {
            "time": "22.07.2021 13:48",
            "open": "38.2932",
            "high": "38.2932",
            "low": "38.2932",
            "close": "38.2874"
        },
        {
            "time": "22.07.2021 13:50",
            "open": "38.2874",
            "high": "38.2874",
            "low": "38.2874",
            "close": "38.2741"
        },
        {
            "time": "22.07.2021 13:58",
            "open": "38.2741",
            "high": "38.2824",
            "low": "38.2395",
            "close": "38.2"
        },
        {
            "time": "22.07.2021 14:05",
            "open": "38.2",
            "high": "38.2",
            "low": "38.2",
            "close": "38.2551"
        },
        {
            "time": "22.07.2021 14:10",
            "open": "38.2551",
            "high": "38.2551",
            "low": "38.2551",
            "close": "38.3"
        },
        {
            "time": "22.07.2021 14:11",
            "open": "38.3",
            "high": "38.3",
            "low": "38.3",
            "close": "38.2"
        },
        {
            "time": "22.07.2021 14:16",
            "open": "38.2",
            "high": "38.2",
            "low": "38.2",
            "close": "38.2031"
        },
        {
            "time": "22.07.2021 14:22",
            "open": "38.2031",
            "high": "38.2031",
            "low": "38.2031",
            "close": "38.15"
        },
        {
            "time": "22.07.2021 14:25",
            "open": "38.15",
            "high": "38.15",
            "low": "38.1",
            "close": "38.05"
        },
        {
            "time": "22.07.2021 14:26",
            "open": "38.05",
            "high": "38.05",
            "low": "37.9",
            "close": "37.8797"
        },
        {
            "time": "22.07.2021 14:27",
            "open": "37.8797",
            "high": "37.8797",
            "low": "37.85",
            "close": "37.95"
        },
        {
            "time": "22.07.2021 14:31",
            "open": "37.95",
            "high": "37.95",
            "low": "37.95",
            "close": "37.9999"
        },
        {
            "time": "22.07.2021 14:32",
            "open": "38.05",
            "high": "38.05",
            "low": "38.05",
            "close": "38.1"
        },
        {
            "time": "22.07.2021 14:34",
            "open": "38.1",
            "high": "38.15",
            "low": "38.1",
            "close": "38.147"
        },
        {
            "time": "22.07.2021 14:36",
            "open": "38.147",
            "high": "38.147",
            "low": "38.147",
            "close": "38.2"
        },
        {
            "time": "22.07.2021 14:37",
            "open": "38.2",
            "high": "38.2",
            "low": "38.2",
            "close": "38.25"
        },
        {
            "time": "22.07.2021 14:38",
            "open": "38.25",
            "high": "38.3818",
            "low": "38.25",
            "close": "38.4"
        },
        {
            "time": "22.07.2021 14:39",
            "open": "38.4",
            "high": "38.5",
            "low": "38.4",
            "close": "38.4"
        },
        {
            "time": "22.07.2021 14:40",
            "open": "38.4",
            "high": "38.4",
            "low": "38.4",
            "close": "38.5"
        },
        {
            "time": "22.07.2021 14:41",
            "open": "38.5",
            "high": "38.55",
            "low": "38.5",
            "close": "38.5519"
        },
        {
            "time": "22.07.2021 14:42",
            "open": "38.5519",
            "high": "38.7832",
            "low": "38.5422",
            "close": "38.6047"
        },
        {
            "time": "22.07.2021 14:43",
            "open": "38.6047",
            "high": "38.6047",
            "low": "38.6047",
            "close": "38.5"
        },
        {
            "time": "22.07.2021 14:44",
            "open": "38.5",
            "high": "38.5",
            "low": "38.5",
            "close": "38.5382"
        },
        {
            "time": "22.07.2021 14:46",
            "open": "38.5382",
            "high": "38.5382",
            "low": "38.5382",
            "close": "38.45"
        },
        {
            "time": "22.07.2021 14:52",
            "open": "38.45",
            "high": "38.45",
            "low": "38.45",
            "close": "38.55"
        },
        {
            "time": "22.07.2021 14:57",
            "open": "38.55",
            "high": "38.645",
            "low": "38.55",
            "close": "38.65"
        },
        {
            "time": "22.07.2021 14:58",
            "open": "38.65",
            "high": "38.65",
            "low": "38.65",
            "close": "38.55"
        },
        {
            "time": "22.07.2021 15:02",
            "open": "38.55",
            "high": "38.55",
            "low": "38.55",
            "close": "38.5"
        },
        {
            "time": "22.07.2021 15:05",
            "open": "38.5",
            "high": "38.5",
            "low": "38.4945",
            "close": "38.6"
        },
        {
            "time": "22.07.2021 15:13",
            "open": "38.6",
            "high": "38.65",
            "low": "38.6",
            "close": "38.55"
        },
        {
            "time": "22.07.2021 15:15",
            "open": "38.55",
            "high": "38.55",
            "low": "38.55",
            "close": "38.516"
        },
        {
            "time": "22.07.2021 15:17",
            "open": "38.516",
            "high": "38.516",
            "low": "38.5",
            "close": "38.45"
        },
        {
            "time": "22.07.2021 15:21",
            "open": "38.45",
            "high": "38.45",
            "low": "38.45",
            "close": "38.4"
        },
        {
            "time": "22.07.2021 15:22",
            "open": "38.4",
            "high": "38.4",
            "low": "38.4",
            "close": "38.4147"
        },
        {
            "time": "22.07.2021 15:29",
            "open": "38.4147",
            "high": "38.4221",
            "low": "38.4147",
            "close": "38.35"
        },
        {
            "time": "22.07.2021 15:34",
            "open": "38.35",
            "high": "38.35",
            "low": "38.35",
            "close": "38.4191"
        },
        {
            "time": "22.07.2021 15:40",
            "open": "38.4191",
            "high": "38.4251",
            "low": "38.4191",
            "close": "38.3939"
        },
        {
            "time": "22.07.2021 15:44",
            "open": "38.3939",
            "high": "38.3939",
            "low": "38.3939",
            "close": "38.3876"
        },
        {
            "time": "22.07.2021 15:49",
            "open": "38.3876",
            "high": "38.3876",
            "low": "38.3876",
            "close": "38.4434"
        },
        {
            "time": "22.07.2021 15:53",
            "open": "38.4434",
            "high": "38.4434",
            "low": "38.4434",
            "close": "38.316"
        },
        {
            "time": "22.07.2021 15:56",
            "open": "38.316",
            "high": "38.316",
            "low": "38.316",
            "close": "38.3"
        },
        {
            "time": "22.07.2021 15:57",
            "open": "38.3",
            "high": "38.3",
            "low": "38.3",
            "close": "38.2584"
        },
        {
            "time": "22.07.2021 15:58",
            "open": "38.2584",
            "high": "38.2584",
            "low": "38.2549",
            "close": "38.2737"
        },
        {
            "time": "22.07.2021 16:00",
            "open": "38.2737",
            "high": "38.2737",
            "low": "38.2737",
            "close": "38.25"
        },
        {
            "time": "22.07.2021 16:02",
            "open": "38.25",
            "high": "38.25",
            "low": "38.2",
            "close": "38.15"
        },
        {
            "time": "22.07.2021 16:03",
            "open": "38.15",
            "high": "38.15",
            "low": "38.1",
            "close": "38.0894"
        },
        {
            "time": "22.07.2021 16:04",
            "open": "38.0894",
            "high": "38.0894",
            "low": "38.0894",
            "close": "38.1256"
        },
        {
            "time": "22.07.2021 16:07",
            "open": "38.1256",
            "high": "38.1256",
            "low": "38.1256",
            "close": "38.1284"
        },
        {
            "time": "22.07.2021 16:08",
            "open": "38.1284",
            "high": "38.1284",
            "low": "38.1284",
            "close": "38.2"
        },
        {
            "time": "22.07.2021 16:11",
            "open": "38.2",
            "high": "38.2",
            "low": "38.2",
            "close": "38.1667"
        },
        {
            "time": "22.07.2021 16:12",
            "open": "38.1667",
            "high": "38.1667",
            "low": "38.1667",
            "close": "38.25"
        },
        {
            "time": "22.07.2021 16:16",
            "open": "38.25",
            "high": "38.25",
            "low": "38.25",
            "close": "38.3"
        },
        {
            "time": "22.07.2021 16:17",
            "open": "38.3",
            "high": "38.3",
            "low": "38.3",
            "close": "38.3499"
        },
        {
            "time": "22.07.2021 16:18",
            "open": "38.3499",
            "high": "38.35",
            "low": "38.3499",
            "close": "38.3957"
        },
        {
            "time": "22.07.2021 16:19",
            "open": "38.3957",
            "high": "38.3957",
            "low": "38.3957",
            "close": "38.3863"
        },
        {
            "time": "22.07.2021 16:22",
            "open": "38.3863",
            "high": "38.3863",
            "low": "38.3863",
            "close": "38.4"
        },
        {
            "time": "22.07.2021 16:23",
            "open": "38.4",
            "high": "38.4",
            "low": "38.4",
            "close": "38.45"
        },
        {
            "time": "22.07.2021 16:26",
            "open": "38.45",
            "high": "38.45",
            "low": "38.45",
            "close": "38.398"
        },
        {
            "time": "22.07.2021 16:29",
            "open": "38.398",
            "high": "38.398",
            "low": "38.398",
            "close": "38.3"
        },
        {
            "time": "22.07.2021 16:32",
            "open": "38.3",
            "high": "38.3",
            "low": "38.25",
            "close": "38.35"
        },
        {
            "time": "22.07.2021 16:35",
            "open": "38.35",
            "high": "38.35",
            "low": "38.35",
            "close": "38.4"
        },
        {
            "time": "22.07.2021 16:36",
            "open": "38.4",
            "high": "38.4",
            "low": "38.4",
            "close": "38.45"
        },
        {
            "time": "22.07.2021 16:39",
            "open": "38.45",
            "high": "38.45",
            "low": "38.45",
            "close": "38.35"
        },
        {
            "time": "22.07.2021 16:43",
            "open": "38.35",
            "high": "38.35",
            "low": "38.35",
            "close": "38.339"
        },
        {
            "time": "22.07.2021 16:46",
            "open": "38.339",
            "high": "38.3414",
            "low": "38.339",
            "close": "38.45"
        },
        {
            "time": "22.07.2021 16:50",
            "open": "38.45",
            "high": "38.4771",
            "low": "38.45",
            "close": "38.5"
        },
        {
            "time": "22.07.2021 16:56",
            "open": "38.5",
            "high": "38.5",
            "low": "38.5",
            "close": "38.55"
        },
        {
            "time": "22.07.2021 16:58",
            "open": "38.55",
            "high": "38.55",
            "low": "38.55",
            "close": "38.6"
        },
        {
            "time": "22.07.2021 17:01",
            "open": "38.6",
            "high": "38.6",
            "low": "38.6",
            "close": "38.65"
        },
        {
            "time": "22.07.2021 17:02",
            "open": "38.65",
            "high": "38.65",
            "low": "38.65",
            "close": "38.55"
        },
        {
            "time": "22.07.2021 17:06",
            "open": "38.55",
            "high": "38.55",
            "low": "38.55",
            "close": "38.5114"
        },
        {
            "time": "22.07.2021 17:10",
            "open": "38.5114",
            "high": "38.5114",
            "low": "38.5",
            "close": "38.5016"
        },
        {
            "time": "22.07.2021 17:13",
            "open": "38.5016",
            "high": "38.5016",
            "low": "38.5016",
            "close": "38.45"
        },
        {
            "time": "22.07.2021 17:14",
            "open": "38.45",
            "high": "38.45",
            "low": "38.45",
            "close": "38.4"
        },
        {
            "time": "22.07.2021 17:17",
            "open": "38.4",
            "high": "38.4",
            "low": "38.4",
            "close": "38.55"
        },
        {
            "time": "22.07.2021 17:20",
            "open": "38.55",
            "high": "38.5656",
            "low": "38.55",
            "close": "38.6"
        },
        {
            "time": "22.07.2021 17:22",
            "open": "38.6",
            "high": "38.61",
            "low": "38.6",
            "close": "38.6256"
        },
        {
            "time": "22.07.2021 17:23",
            "open": "38.6256",
            "high": "38.6256",
            "low": "38.5902",
            "close": "38.65"
        },
        {
            "time": "22.07.2021 17:25",
            "open": "38.65",
            "high": "38.65",
            "low": "38.65",
            "close": "38.7"
        },
        {
            "time": "22.07.2021 17:29",
            "open": "38.7",
            "high": "38.75",
            "low": "38.7",
            "close": "38.7057"
        },
        {
            "time": "22.07.2021 17:34",
            "open": "38.7057",
            "high": "38.7057",
            "low": "38.6225",
            "close": "38.6"
        },
        {
            "time": "22.07.2021 17:36",
            "open": "38.6",
            "high": "38.6",
            "low": "38.6",
            "close": "38.6759"
        },
        {
            "time": "22.07.2021 17:42",
            "open": "38.6759",
            "high": "38.7772",
            "low": "38.6759",
            "close": "38.7836"
        },
        {
            "time": "22.07.2021 17:43",
            "open": "38.7836",
            "high": "38.7926",
            "low": "38.7836",
            "close": "38.8"
        },
        {
            "time": "22.07.2021 17:44",
            "open": "38.8",
            "high": "38.8",
            "low": "38.8",
            "close": "38.8341"
        },
        {
            "time": "22.07.2021 17:45",
            "open": "38.8341",
            "high": "38.8341",
            "low": "38.8341",
            "close": "38.7508"
        },
        {
            "time": "22.07.2021 17:47",
            "open": "38.7508",
            "high": "38.7508",
            "low": "38.7508",
            "close": "38.85"
        },
        {
            "time": "22.07.2021 17:48",
            "open": "38.85",
            "high": "38.8919",
            "low": "38.85",
            "close": "38.8645"
        },
        {
            "time": "22.07.2021 17:49",
            "open": "38.8645",
            "high": "38.8645",
            "low": "38.8645",
            "close": "38.8533"
        },
        {
            "time": "22.07.2021 17:53",
            "open": "38.8533",
            "high": "38.9",
            "low": "38.8533",
            "close": "38.95"
        },
        {
            "time": "22.07.2021 17:54",
            "open": "38.95",
            "high": "38.95",
            "low": "38.95",
            "close": "38.9681"
        },
        {
            "time": "22.07.2021 17:56",
            "open": "38.9681",
            "high": "39.05",
            "low": "38.9681",
            "close": "39.1"
        },
        {
            "time": "22.07.2021 18:01",
            "open": "39.1",
            "high": "39.1851",
            "low": "39.1",
            "close": "39.2"
        },
        {
            "time": "22.07.2021 18:02",
            "open": "39.2",
            "high": "39.2",
            "low": "39.2",
            "close": "39.1"
        },
        {
            "time": "22.07.2021 18:03",
            "open": "39.1",
            "high": "39.1",
            "low": "39.1",
            "close": "39.1674"
        },
        {
            "time": "22.07.2021 18:04",
            "open": "39.1674",
            "high": "39.2067",
            "low": "39.1674",
            "close": "39.1653"
        },
        {
            "time": "22.07.2021 18:05",
            "open": "39.1653",
            "high": "39.1653",
            "low": "39.1",
            "close": "39.1292"
        },
        {
            "time": "22.07.2021 18:06",
            "open": "39.1292",
            "high": "39.1292",
            "low": "39.05",
            "close": "39.0544"
        },
        {
            "time": "22.07.2021 18:07",
            "open": "39.0544",
            "high": "39.0544",
            "low": "39.0411",
            "close": "39.0388"
        },
        {
            "time": "22.07.2021 18:08",
            "open": "39.0388",
            "high": "39.0388",
            "low": "39.0388",
            "close": "39"
        },
        {
            "time": "22.07.2021 18:09",
            "open": "39",
            "high": "39",
            "low": "38.95",
            "close": "38.9103"
        },
        {
            "time": "22.07.2021 18:11",
            "open": "38.9103",
            "high": "38.9519",
            "low": "38.9",
            "close": "38.8935"
        },
        {
            "time": "22.07.2021 18:15",
            "open": "38.8935",
            "high": "38.8935",
            "low": "38.8935",
            "close": "38.85"
        },
        {
            "time": "22.07.2021 18:16",
            "open": "38.85",
            "high": "38.85",
            "low": "38.85",
            "close": "38.8064"
        },
        {
            "time": "22.07.2021 18:17",
            "open": "38.8064",
            "high": "38.8064",
            "low": "38.8064",
            "close": "38.8503"
        },
        {
            "time": "22.07.2021 18:18",
            "open": "38.8503",
            "high": "38.8503",
            "low": "38.8503",
            "close": "38.8789"
        },
        {
            "time": "22.07.2021 18:20",
            "open": "38.8789",
            "high": "38.8789",
            "low": "38.8789",
            "close": "38.8"
        },
        {
            "time": "22.07.2021 18:22",
            "open": "38.8",
            "high": "38.8",
            "low": "38.8",
            "close": "38.9"
        },
        {
            "time": "22.07.2021 18:34",
            "open": "38.9",
            "high": "38.9",
            "low": "38.9",
            "close": "38.8573"
        },
        {
            "time": "22.07.2021 18:55",
            "open": "38.8573",
            "high": "38.8573",
            "low": "38.8573",
            "close": "38.9425"
        },
        {
            "time": "22.07.2021 19:00",
            "open": "38.9425",
            "high": "38.9425",
            "low": "38.9425",
            "close": "38.95"
        },
        {
            "time": "22.07.2021 19:02",
            "open": "38.95",
            "high": "38.95",
            "low": "38.95",
            "close": "38.932"
        },
        {
            "time": "22.07.2021 19:04",
            "open": "38.932",
            "high": "38.932",
            "low": "38.932",
            "close": "38.9398"
        },
        {
            "time": "22.07.2021 19:05",
            "open": "38.9398",
            "high": "38.9398",
            "low": "38.9398",
            "close": "39"
        },
        {
            "time": "22.07.2021 19:17",
            "open": "39",
            "high": "39.05",
            "low": "39",
            "close": "39.1"
        },
        {
            "time": "22.07.2021 19:18",
            "open": "39.1",
            "high": "39.2",
            "low": "39.1",
            "close": "39.25"
        },
        {
            "time": "22.07.2021 19:20",
            "open": "39.25",
            "high": "39.25",
            "low": "39.25",
            "close": "39.2002"
        },
        {
            "time": "22.07.2021 19:22",
            "open": "39.2002",
            "high": "39.2487",
            "low": "39.2002",
            "close": "39.24"
        },
        {
            "time": "22.07.2021 19:24",
            "open": "39.24",
            "high": "39.24",
            "low": "39.24",
            "close": "39.2394"
        },
        {
            "time": "22.07.2021 19:25",
            "open": "39.2394",
            "high": "39.2394",
            "low": "39.2394",
            "close": "39.1999"
        },
        {
            "time": "22.07.2021 19:26",
            "open": "39.1999",
            "high": "39.1999",
            "low": "39.1999",
            "close": "39.2714"
        },
        {
            "time": "22.07.2021 19:27",
            "open": "39.2714",
            "high": "39.2714",
            "low": "39.2714",
            "close": "39.3"
        },
        {
            "time": "22.07.2021 19:28",
            "open": "39.3",
            "high": "39.35",
            "low": "39.3",
            "close": "39.25"
        },
        {
            "time": "22.07.2021 19:30",
            "open": "39.25",
            "high": "39.25",
            "low": "39.25",
            "close": "39.2"
        },
        {
            "time": "22.07.2021 19:31",
            "open": "39.2",
            "high": "39.2",
            "low": "39.2",
            "close": "39.3"
        },
        {
            "time": "22.07.2021 19:35",
            "open": "39.3",
            "high": "39.3",
            "low": "39.3",
            "close": "39.35"
        },
        {
            "time": "22.07.2021 19:39",
            "open": "39.35",
            "high": "39.35",
            "low": "39.35",
            "close": "39.4"
        },
        {
            "time": "22.07.2021 19:46",
            "open": "39.4",
            "high": "39.4",
            "low": "39.4",
            "close": "39.45"
        },
        {
            "time": "22.07.2021 19:47",
            "open": "39.45",
            "high": "39.45",
            "low": "39.45",
            "close": "39.35"
        },
        {
            "time": "22.07.2021 19:48",
            "open": "39.35",
            "high": "39.35",
            "low": "39.35",
            "close": "39.3"
        },
        {
            "time": "22.07.2021 19:49",
            "open": "39.3",
            "high": "39.3",
            "low": "39.3",
            "close": "39.2647"
        },
        {
            "time": "22.07.2021 19:52",
            "open": "39.2647",
            "high": "39.2647",
            "low": "39.2647",
            "close": "39.25"
        },
        {
            "time": "22.07.2021 20:02",
            "open": "39.25",
            "high": "39.25",
            "low": "39.2",
            "close": "39.15"
        },
        {
            "time": "22.07.2021 20:03",
            "open": "39.15",
            "high": "39.15",
            "low": "39.15",
            "close": "39.1"
        },
        {
            "time": "22.07.2021 20:04",
            "open": "39.1",
            "high": "39.1",
            "low": "39.1",
            "close": "39.05"
        },
        {
            "time": "22.07.2021 20:05",
            "open": "39.05",
            "high": "39.05",
            "low": "39.05",
            "close": "39.15"
        },
        {
            "time": "22.07.2021 20:10",
            "open": "39.15",
            "high": "39.2",
            "low": "39.15",
            "close": "39.2302"
        },
        {
            "time": "22.07.2021 20:12",
            "open": "39.2302",
            "high": "39.2302",
            "low": "39.2302",
            "close": "39.1989"
        },
        {
            "time": "22.07.2021 20:13",
            "open": "39.1989",
            "high": "39.1989",
            "low": "39.1989",
            "close": "39.1"
        },
        {
            "time": "22.07.2021 20:16",
            "open": "39.1",
            "high": "39.1",
            "low": "39.1",
            "close": "39.05"
        },
        {
            "time": "22.07.2021 20:17",
            "open": "39.05",
            "high": "39.05",
            "low": "39.05",
            "close": "39"
        },
        {
            "time": "22.07.2021 20:22",
            "open": "39",
            "high": "39",
            "low": "38.9775",
            "close": "38.9775"
        },
        {
            "time": "22.07.2021 20:44",
            "open": "39.1",
            "high": "39.1153",
            "low": "39.1",
            "close": "39.1002"
        },
        {
            "time": "22.07.2021 20:47",
            "open": "39.1002",
            "high": "39.1002",
            "low": "39.0599",
            "close": "39.0347"
        },
        {
            "time": "22.07.2021 20:55",
            "open": "39.0347",
            "high": "39.0347",
            "low": "39.0347",
            "close": "39"
        },
        {
            "time": "22.07.2021 21:00",
            "open": "39",
            "high": "39",
            "low": "39",
            "close": "38.9775"
        },
        {
            "time": "22.07.2021 21:01",
            "open": "38.9775",
            "high": "38.9775",
            "low": "38.9775",
            "close": "39.0668"
        },
        {
            "time": "22.07.2021 21:04",
            "open": "39.0668",
            "high": "39.0671",
            "low": "39.0668",
            "close": "38.9818"
        },
        {
            "time": "22.07.2021 21:10",
            "open": "38.9818",
            "high": "38.9818",
            "low": "38.9818",
            "close": "38.9815"
        },
        {
            "time": "22.07.2021 21:12",
            "open": "38.9815",
            "high": "38.9815",
            "low": "38.9815",
            "close": "39.0005"
        },
        {
            "time": "22.07.2021 21:21",
            "open": "39.0005",
            "high": "39.0005",
            "low": "39.0005",
            "close": "39.0412"
        },
        {
            "time": "22.07.2021 21:22",
            "open": "39.0412",
            "high": "39.0412",
            "low": "39.0412",
            "close": "38.9652"
        },
        {
            "time": "22.07.2021 21:27",
            "open": "38.9652",
            "high": "38.9652",
            "low": "38.9623",
            "close": "38.95"
        },
        {
            "time": "22.07.2021 21:32",
            "open": "38.95",
            "high": "38.95",
            "low": "38.9",
            "close": "38.9"
        },
        {
            "time": "22.07.2021 21:34",
            "open": "38.9",
            "high": "38.9",
            "low": "38.9",
            "close": "39"
        },
        {
            "time": "22.07.2021 21:39",
            "open": "39",
            "high": "39.25",
            "low": "39",
            "close": "39.15"
        },
        {
            "time": "22.07.2021 21:45",
            "open": "39.15",
            "high": "39.15",
            "low": "39.15",
            "close": "39.1"
        },
        {
            "time": "22.07.2021 22:10",
            "open": "39.1",
            "high": "39.1",
            "low": "39.1",
            "close": "39.05"
        },
        {
            "time": "22.07.2021 22:13",
            "open": "39.05",
            "high": "39.0628",
            "low": "39.0228",
            "close": "39.0907"
        },
        {
            "time": "22.07.2021 22:19",
            "open": "39.0907",
            "high": "39.0907",
            "low": "39.0907",
            "close": "39.0392"
        },
        {
            "time": "22.07.2021 22:20",
            "open": "39.0392",
            "high": "39.0392",
            "low": "39.0392",
            "close": "39.0295"
        },
        {
            "time": "22.07.2021 22:21",
            "open": "39.0295",
            "high": "39.0421",
            "low": "39.0295",
            "close": "39"
        },
        {
            "time": "22.07.2021 22:24",
            "open": "39",
            "high": "39",
            "low": "39",
            "close": "38.95"
        },
        {
            "time": "22.07.2021 22:25",
            "open": "38.95",
            "high": "38.95",
            "low": "38.95",
            "close": "38.9"
        },
        {
            "time": "22.07.2021 22:34",
            "open": "38.9",
            "high": "38.9",
            "low": "38.85",
            "close": "38.9117"
        },
        {
            "time": "22.07.2021 22:35",
            "open": "38.9117",
            "high": "38.9117",
            "low": "38.9117",
            "close": "38.95"
        },
        {
            "time": "22.07.2021 22:42",
            "open": "38.95",
            "high": "38.95",
            "low": "38.95",
            "close": "38.9479"
        },
        {
            "time": "22.07.2021 22:44",
            "open": "38.9479",
            "high": "38.9479",
            "low": "38.9479",
            "close": "38.9766"
        },
        {
            "time": "22.07.2021 22:48",
            "open": "38.9766",
            "high": "38.9766",
            "low": "38.9766",
            "close": "38.85"
        },
        {
            "time": "22.07.2021 22:54",
            "open": "38.85",
            "high": "38.85",
            "low": "38.85",
            "close": "38.8081"
        },
        {
            "time": "22.07.2021 22:59",
            "open": "38.8081",
            "high": "38.8081",
            "low": "38.8071",
            "close": "38.8977"
        },
        {
            "time": "22.07.2021 23:06",
            "open": "38.8977",
            "high": "38.8977",
            "low": "38.8977",
            "close": "38.9467"
        },
        {
            "time": "22.07.2021 23:07",
            "open": "38.9467",
            "high": "38.9618",
            "low": "38.9467",
            "close": "38.85"
        },
        {
            "time": "22.07.2021 23:15",
            "open": "38.85",
            "high": "38.85",
            "low": "38.85",
            "close": "38.8689"
        },
        {
            "time": "22.07.2021 23:20",
            "open": "38.8689",
            "high": "38.8689",
            "low": "38.8689",
            "close": "38.8"
        },
        {
            "time": "22.07.2021 23:27",
            "open": "38.8",
            "high": "38.8",
            "low": "38.7912",
            "close": "38.7635"
        },
        {
            "time": "22.07.2021 23:36",
            "open": "38.7635",
            "high": "38.7635",
            "low": "38.7571",
            "close": "38.9"
        },
        {
            "time": "22.07.2021 23:41",
            "open": "38.9",
            "high": "38.9",
            "low": "38.9",
            "close": "38.95"
        },
        {
            "time": "22.07.2021 23:43",
            "open": "38.95",
            "high": "38.95",
            "low": "38.95",
            "close": "39"
        },
        {
            "time": "22.07.2021 23:45",
            "open": "39",
            "high": "39",
            "low": "39",
            "close": "38.9676"
        },
        {
            "time": "22.07.2021 23:48",
            "open": "38.9676",
            "high": "38.9676",
            "low": "38.9",
            "close": "38.85"
        },
        {
            "time": "22.07.2021 23:52",
            "open": "38.85",
            "high": "38.85",
            "low": "38.8",
            "close": "38.75"
        },
        {
            "time": "22.07.2021 23:53",
            "open": "38.75",
            "high": "38.75",
            "low": "38.65",
            "close": "38.6"
        }
    ]
}