{
    "FIL-EUR": [
        {
            "time": "09.08.2021 23:59",
            "open": "56.6812",
            "high": "56.6812",
            "low": "56.6812",
            "close": "56.6637"
        },
        {
            "time": "10.08.2021 00:00",
            "open": "56.6637",
            "high": "56.6637",
            "low": "56.6637",
            "close": "56.9545"
        },
        {
            "time": "10.08.2021 00:01",
            "open": "56.9545",
            "high": "57.0191",
            "low": "56.9545",
            "close": "56.8673"
        },
        {
            "time": "10.08.2021 00:02",
            "open": "56.8673",
            "high": "56.8673",
            "low": "56.8673",
            "close": "56.614"
        },
        {
            "time": "10.08.2021 00:09",
            "open": "56.614",
            "high": "56.6209",
            "low": "56.614",
            "close": "56.5456"
        },
        {
            "time": "10.08.2021 00:13",
            "open": "56.5456",
            "high": "56.547",
            "low": "56.5438",
            "close": "56.5101"
        },
        {
            "time": "10.08.2021 00:15",
            "open": "56.5101",
            "high": "56.5101",
            "low": "56.5101",
            "close": "56.8185"
        },
        {
            "time": "10.08.2021 00:35",
            "open": "56.8185",
            "high": "56.8359",
            "low": "56.7765",
            "close": "56.8145"
        },
        {
            "time": "10.08.2021 00:36",
            "open": "56.8145",
            "high": "56.8145",
            "low": "56.8145",
            "close": "56.9995"
        },
        {
            "time": "10.08.2021 00:42",
            "open": "56.9995",
            "high": "56.9995",
            "low": "56.9995",
            "close": "57.2254"
        },
        {
            "time": "10.08.2021 00:47",
            "open": "57.2254",
            "high": "57.3018",
            "low": "57.2254",
            "close": "57.3857"
        },
        {
            "time": "10.08.2021 00:51",
            "open": "57.3857",
            "high": "57.3857",
            "low": "57.3857",
            "close": "57.3613"
        },
        {
            "time": "10.08.2021 00:57",
            "open": "57.3613",
            "high": "57.3613",
            "low": "57.3613",
            "close": "57.4473"
        },
        {
            "time": "10.08.2021 01:19",
            "open": "57.4473",
            "high": "57.4473",
            "low": "57.4473",
            "close": "57.4587"
        },
        {
            "time": "10.08.2021 01:26",
            "open": "57.4587",
            "high": "57.4587",
            "low": "57.4587",
            "close": "57.5033"
        },
        {
            "time": "10.08.2021 01:27",
            "open": "57.5033",
            "high": "57.6116",
            "low": "57.5033",
            "close": "57.594"
        },
        {
            "time": "10.08.2021 01:32",
            "open": "57.594",
            "high": "57.594",
            "low": "57.594",
            "close": "57.5322"
        },
        {
            "time": "10.08.2021 01:38",
            "open": "57.5322",
            "high": "57.5439",
            "low": "57.5322",
            "close": "57.4462"
        },
        {
            "time": "10.08.2021 01:41",
            "open": "57.4462",
            "high": "57.4462",
            "low": "57.4462",
            "close": "57.2393"
        },
        {
            "time": "10.08.2021 01:44",
            "open": "57.2393",
            "high": "57.2393",
            "low": "57.2393",
            "close": "57.3584"
        },
        {
            "time": "10.08.2021 01:50",
            "open": "57.3584",
            "high": "57.3584",
            "low": "57.3584",
            "close": "57.5157"
        },
        {
            "time": "10.08.2021 01:51",
            "open": "57.5157",
            "high": "57.5157",
            "low": "57.5157",
            "close": "57.7669"
        },
        {
            "time": "10.08.2021 01:54",
            "open": "57.7669",
            "high": "57.7669",
            "low": "57.7299",
            "close": "57.7299"
        },
        {
            "time": "10.08.2021 01:55",
            "open": "57.7299",
            "high": "57.7299",
            "low": "57.7299",
            "close": "57.6628"
        },
        {
            "time": "10.08.2021 01:56",
            "open": "57.6628",
            "high": "57.6628",
            "low": "57.6628",
            "close": "57.6914"
        },
        {
            "time": "10.08.2021 01:58",
            "open": "57.6914",
            "high": "57.6914",
            "low": "57.6914",
            "close": "57.6007"
        },
        {
            "time": "10.08.2021 01:59",
            "open": "57.6007",
            "high": "57.6007",
            "low": "57.6007",
            "close": "57.4716"
        },
        {
            "time": "10.08.2021 02:00",
            "open": "57.4716",
            "high": "57.4716",
            "low": "57.387",
            "close": "57.4074"
        },
        {
            "time": "10.08.2021 02:01",
            "open": "57.4074",
            "high": "57.4074",
            "low": "57.3484",
            "close": "57.3946"
        },
        {
            "time": "10.08.2021 02:02",
            "open": "57.3946",
            "high": "57.3946",
            "low": "57.3946",
            "close": "57.6779"
        },
        {
            "time": "10.08.2021 02:05",
            "open": "57.6779",
            "high": "57.6779",
            "low": "57.6779",
            "close": "57.7488"
        },
        {
            "time": "10.08.2021 02:06",
            "open": "57.7488",
            "high": "57.7488",
            "low": "57.7488",
            "close": "57.5632"
        },
        {
            "time": "10.08.2021 02:08",
            "open": "57.5632",
            "high": "57.5632",
            "low": "57.5632",
            "close": "57.1641"
        },
        {
            "time": "10.08.2021 02:11",
            "open": "57.1641",
            "high": "57.1792",
            "low": "57.1641",
            "close": "57.1925"
        },
        {
            "time": "10.08.2021 02:12",
            "open": "57.1925",
            "high": "57.1925",
            "low": "57.1925",
            "close": "56.9482"
        },
        {
            "time": "10.08.2021 02:13",
            "open": "56.9482",
            "high": "56.9482",
            "low": "56.9482",
            "close": "56.9324"
        },
        {
            "time": "10.08.2021 02:14",
            "open": "56.9324",
            "high": "56.959",
            "low": "56.9324",
            "close": "57.0122"
        },
        {
            "time": "10.08.2021 02:15",
            "open": "57.0122",
            "high": "57.0122",
            "low": "57.0122",
            "close": "57.139"
        },
        {
            "time": "10.08.2021 02:16",
            "open": "57.139",
            "high": "57.139",
            "low": "57.139",
            "close": "57.0989"
        },
        {
            "time": "10.08.2021 02:17",
            "open": "57.0989",
            "high": "57.0989",
            "low": "57.0829",
            "close": "57.2177"
        },
        {
            "time": "10.08.2021 02:21",
            "open": "57.2177",
            "high": "57.2177",
            "low": "57.2177",
            "close": "57.2"
        },
        {
            "time": "10.08.2021 02:23",
            "open": "57.2",
            "high": "57.2",
            "low": "57.2",
            "close": "57.4665"
        },
        {
            "time": "10.08.2021 02:30",
            "open": "57.4665",
            "high": "57.4665",
            "low": "57.4665",
            "close": "57.0879"
        },
        {
            "time": "10.08.2021 02:36",
            "open": "57.0879",
            "high": "57.1125",
            "low": "57.0879",
            "close": "56.6227"
        },
        {
            "time": "10.08.2021 02:46",
            "open": "56.6227",
            "high": "56.6227",
            "low": "56.6073",
            "close": "56.9165"
        },
        {
            "time": "10.08.2021 02:55",
            "open": "56.9165",
            "high": "56.9165",
            "low": "56.9165",
            "close": "56.8977"
        },
        {
            "time": "10.08.2021 02:56",
            "open": "56.8977",
            "high": "56.8977",
            "low": "56.8977",
            "close": "56.8977"
        },
        {
            "time": "10.08.2021 03:02",
            "open": "56.8977",
            "high": "56.8977",
            "low": "56.8977",
            "close": "56.8342"
        },
        {
            "time": "10.08.2021 03:08",
            "open": "56.8342",
            "high": "56.8342",
            "low": "56.8342",
            "close": "56.9273"
        },
        {
            "time": "10.08.2021 03:10",
            "open": "56.9273",
            "high": "57.1324",
            "low": "56.9273",
            "close": "57.15"
        },
        {
            "time": "10.08.2021 03:11",
            "open": "57.15",
            "high": "57.15",
            "low": "57.15",
            "close": "57.2514"
        },
        {
            "time": "10.08.2021 03:19",
            "open": "57.2514",
            "high": "57.2514",
            "low": "57.2514",
            "close": "57.1828"
        },
        {
            "time": "10.08.2021 03:22",
            "open": "57.1828",
            "high": "57.1828",
            "low": "57.1828",
            "close": "57.1315"
        },
        {
            "time": "10.08.2021 03:26",
            "open": "57.1315",
            "high": "57.1315",
            "low": "57.1315",
            "close": "57.2764"
        },
        {
            "time": "10.08.2021 03:38",
            "open": "57.2764",
            "high": "57.2764",
            "low": "57.2764",
            "close": "57.3479"
        },
        {
            "time": "10.08.2021 03:40",
            "open": "57.3479",
            "high": "57.3479",
            "low": "57.3479",
            "close": "57.2646"
        },
        {
            "time": "10.08.2021 03:42",
            "open": "57.2646",
            "high": "57.2646",
            "low": "57.2646",
            "close": "57.3218"
        },
        {
            "time": "10.08.2021 03:44",
            "open": "57.3218",
            "high": "57.3353",
            "low": "57.3218",
            "close": "57.5235"
        },
        {
            "time": "10.08.2021 03:52",
            "open": "57.5235",
            "high": "57.5235",
            "low": "57.5235",
            "close": "57.5027"
        },
        {
            "time": "10.08.2021 03:53",
            "open": "57.5027",
            "high": "57.5027",
            "low": "57.5027",
            "close": "57.2558"
        },
        {
            "time": "10.08.2021 04:01",
            "open": "57.2558",
            "high": "57.2558",
            "low": "57.2558",
            "close": "57.2056"
        },
        {
            "time": "10.08.2021 04:03",
            "open": "57.2056",
            "high": "57.2056",
            "low": "57.2056",
            "close": "57.0761"
        },
        {
            "time": "10.08.2021 04:10",
            "open": "57.0761",
            "high": "57.0761",
            "low": "57.0761",
            "close": "57.2099"
        },
        {
            "time": "10.08.2021 04:11",
            "open": "57.2099",
            "high": "57.2099",
            "low": "57.2099",
            "close": "57.1345"
        },
        {
            "time": "10.08.2021 04:21",
            "open": "57.1345",
            "high": "57.1345",
            "low": "57.1345",
            "close": "57.2307"
        },
        {
            "time": "10.08.2021 04:24",
            "open": "57.2307",
            "high": "57.2307",
            "low": "57.2307",
            "close": "57.2034"
        },
        {
            "time": "10.08.2021 04:26",
            "open": "57.2034",
            "high": "57.2034",
            "low": "57.2034",
            "close": "57.0505"
        },
        {
            "time": "10.08.2021 04:33",
            "open": "57.0505",
            "high": "57.0505",
            "low": "57.0505",
            "close": "57.3173"
        },
        {
            "time": "10.08.2021 04:40",
            "open": "57.3173",
            "high": "57.3185",
            "low": "57.3173",
            "close": "57.3208"
        },
        {
            "time": "10.08.2021 04:45",
            "open": "57.3208",
            "high": "57.3208",
            "low": "57.3208",
            "close": "57.3201"
        },
        {
            "time": "10.08.2021 04:47",
            "open": "57.3201",
            "high": "57.3201",
            "low": "57.3201",
            "close": "57.7122"
        },
        {
            "time": "10.08.2021 04:56",
            "open": "57.7122",
            "high": "57.7122",
            "low": "57.7122",
            "close": "57.8273"
        },
        {
            "time": "10.08.2021 05:04",
            "open": "57.8273",
            "high": "58.2998",
            "low": "57.8273",
            "close": "58.3"
        },
        {
            "time": "10.08.2021 05:05",
            "open": "58.3",
            "high": "58.5797",
            "low": "58.3",
            "close": "58.58"
        },
        {
            "time": "10.08.2021 05:06",
            "open": "58.58",
            "high": "58.898",
            "low": "58.58",
            "close": "58.6606"
        },
        {
            "time": "10.08.2021 05:07",
            "open": "58.6606",
            "high": "58.6606",
            "low": "58.6606",
            "close": "58.8016"
        },
        {
            "time": "10.08.2021 05:08",
            "open": "58.8016",
            "high": "58.8613",
            "low": "58.8016",
            "close": "58.985"
        },
        {
            "time": "10.08.2021 05:09",
            "open": "58.985",
            "high": "59.018",
            "low": "58.9758",
            "close": "59.0735"
        },
        {
            "time": "10.08.2021 05:13",
            "open": "59.0735",
            "high": "59.1506",
            "low": "59.0735",
            "close": "59.4229"
        },
        {
            "time": "10.08.2021 05:14",
            "open": "59.4229",
            "high": "59.4229",
            "low": "59.0821",
            "close": "59.2635"
        },
        {
            "time": "10.08.2021 05:15",
            "open": "59.2635",
            "high": "59.2635",
            "low": "59.2635",
            "close": "59.0558"
        },
        {
            "time": "10.08.2021 05:16",
            "open": "59.0558",
            "high": "59.0558",
            "low": "59.0558",
            "close": "58.7753"
        },
        {
            "time": "10.08.2021 05:19",
            "open": "58.7753",
            "high": "58.8623",
            "low": "58.7753",
            "close": "58.6653"
        },
        {
            "time": "10.08.2021 05:20",
            "open": "58.6653",
            "high": "58.6653",
            "low": "58.6653",
            "close": "58.9082"
        },
        {
            "time": "10.08.2021 05:23",
            "open": "58.9082",
            "high": "59.1228",
            "low": "58.9082",
            "close": "58.7041"
        },
        {
            "time": "10.08.2021 05:25",
            "open": "58.7041",
            "high": "58.7041",
            "low": "58.6956",
            "close": "58.7558"
        },
        {
            "time": "10.08.2021 05:27",
            "open": "58.7558",
            "high": "58.7558",
            "low": "58.7558",
            "close": "58.5872"
        },
        {
            "time": "10.08.2021 05:32",
            "open": "58.5872",
            "high": "58.6814",
            "low": "58.5872",
            "close": "58.8395"
        },
        {
            "time": "10.08.2021 05:38",
            "open": "58.8395",
            "high": "58.8395",
            "low": "58.8395",
            "close": "59.0207"
        },
        {
            "time": "10.08.2021 05:40",
            "open": "59.0207",
            "high": "59.0207",
            "low": "59.0207",
            "close": "59.1624"
        },
        {
            "time": "10.08.2021 05:42",
            "open": "59.1624",
            "high": "59.1624",
            "low": "59.1085",
            "close": "59.1085"
        },
        {
            "time": "10.08.2021 05:43",
            "open": "59.1085",
            "high": "59.1085",
            "low": "59.1085",
            "close": "58.9299"
        },
        {
            "time": "10.08.2021 05:46",
            "open": "58.9299",
            "high": "58.9689",
            "low": "58.9148",
            "close": "58.8269"
        },
        {
            "time": "10.08.2021 05:47",
            "open": "58.8269",
            "high": "58.8269",
            "low": "58.6958",
            "close": "58.6"
        },
        {
            "time": "10.08.2021 05:48",
            "open": "58.6",
            "high": "58.6646",
            "low": "58.6",
            "close": "58.7873"
        },
        {
            "time": "10.08.2021 05:51",
            "open": "58.7873",
            "high": "58.7873",
            "low": "58.7439",
            "close": "58.6835"
        },
        {
            "time": "10.08.2021 05:53",
            "open": "58.6835",
            "high": "58.6835",
            "low": "58.6776",
            "close": "58.6587"
        },
        {
            "time": "10.08.2021 05:54",
            "open": "58.6587",
            "high": "58.6587",
            "low": "58.5278",
            "close": "58.6446"
        },
        {
            "time": "10.08.2021 05:56",
            "open": "58.6446",
            "high": "58.6446",
            "low": "58.6446",
            "close": "58.6567"
        },
        {
            "time": "10.08.2021 05:59",
            "open": "58.6567",
            "high": "58.6567",
            "low": "58.6567",
            "close": "58.5065"
        },
        {
            "time": "10.08.2021 06:01",
            "open": "58.5065",
            "high": "58.5065",
            "low": "58.5065",
            "close": "58.2"
        },
        {
            "time": "10.08.2021 06:04",
            "open": "58.2",
            "high": "58.2624",
            "low": "58.2",
            "close": "58.4402"
        },
        {
            "time": "10.08.2021 06:15",
            "open": "58.4402",
            "high": "58.4402",
            "low": "58.4402",
            "close": "58.5174"
        },
        {
            "time": "10.08.2021 06:19",
            "open": "58.5174",
            "high": "58.5886",
            "low": "58.5174",
            "close": "58.5733"
        },
        {
            "time": "10.08.2021 06:22",
            "open": "58.5733",
            "high": "58.7685",
            "low": "58.5733",
            "close": "58.6171"
        },
        {
            "time": "10.08.2021 06:26",
            "open": "58.6171",
            "high": "58.6308",
            "low": "58.6171",
            "close": "58.6876"
        },
        {
            "time": "10.08.2021 06:28",
            "open": "58.6876",
            "high": "58.6876",
            "low": "58.6876",
            "close": "58.3954"
        },
        {
            "time": "10.08.2021 06:32",
            "open": "58.3954",
            "high": "58.3954",
            "low": "58.3954",
            "close": "58.17"
        },
        {
            "time": "10.08.2021 06:39",
            "open": "58.17",
            "high": "58.17",
            "low": "58.17",
            "close": "58.0552"
        },
        {
            "time": "10.08.2021 06:43",
            "open": "58.0552",
            "high": "58.0552",
            "low": "57.8924",
            "close": "58.0301"
        },
        {
            "time": "10.08.2021 06:44",
            "open": "58.0301",
            "high": "58.031",
            "low": "58.0301",
            "close": "57.9485"
        },
        {
            "time": "10.08.2021 06:45",
            "open": "57.9485",
            "high": "57.9485",
            "low": "57.9485",
            "close": "57.9346"
        },
        {
            "time": "10.08.2021 06:55",
            "open": "57.9346",
            "high": "57.9346",
            "low": "57.9346",
            "close": "57.7254"
        },
        {
            "time": "10.08.2021 07:00",
            "open": "57.7254",
            "high": "57.7254",
            "low": "57.7254",
            "close": "58.1343"
        },
        {
            "time": "10.08.2021 07:07",
            "open": "58.1343",
            "high": "58.1343",
            "low": "58.1343",
            "close": "58.2246"
        },
        {
            "time": "10.08.2021 07:09",
            "open": "58.2246",
            "high": "58.3311",
            "low": "58.2246",
            "close": "58.3402"
        },
        {
            "time": "10.08.2021 07:11",
            "open": "58.3402",
            "high": "58.3402",
            "low": "58.3402",
            "close": "58.5204"
        },
        {
            "time": "10.08.2021 07:15",
            "open": "58.5204",
            "high": "58.5562",
            "low": "58.5204",
            "close": "58.539"
        },
        {
            "time": "10.08.2021 07:21",
            "open": "58.539",
            "high": "58.539",
            "low": "58.539",
            "close": "58.539"
        },
        {
            "time": "10.08.2021 07:22",
            "open": "58.539",
            "high": "58.539",
            "low": "58.539",
            "close": "58.431"
        },
        {
            "time": "10.08.2021 07:23",
            "open": "58.431",
            "high": "58.431",
            "low": "58.3935",
            "close": "58.3717"
        },
        {
            "time": "10.08.2021 07:30",
            "open": "58.3717",
            "high": "58.3915",
            "low": "58.3717",
            "close": "58.4582"
        },
        {
            "time": "10.08.2021 07:34",
            "open": "58.4582",
            "high": "58.4582",
            "low": "58.4582",
            "close": "58.4662"
        },
        {
            "time": "10.08.2021 07:36",
            "open": "58.4662",
            "high": "58.4662",
            "low": "58.4662",
            "close": "58.4288"
        },
        {
            "time": "10.08.2021 07:37",
            "open": "58.4288",
            "high": "58.4288",
            "low": "58.4288",
            "close": "58.4093"
        },
        {
            "time": "10.08.2021 07:38",
            "open": "58.4093",
            "high": "58.4093",
            "low": "58.4093",
            "close": "58.4015"
        },
        {
            "time": "10.08.2021 07:40",
            "open": "58.4015",
            "high": "58.4071",
            "low": "58.4015",
            "close": "58.3494"
        },
        {
            "time": "10.08.2021 07:42",
            "open": "58.3494",
            "high": "58.3494",
            "low": "58.3494",
            "close": "58.2918"
        },
        {
            "time": "10.08.2021 07:54",
            "open": "58.2918",
            "high": "58.2918",
            "low": "58.2918",
            "close": "58.2704"
        },
        {
            "time": "10.08.2021 07:55",
            "open": "58.2704",
            "high": "58.3709",
            "low": "58.2704",
            "close": "58.3692"
        },
        {
            "time": "10.08.2021 07:56",
            "open": "58.3692",
            "high": "58.3842",
            "low": "58.3692",
            "close": "58.5244"
        },
        {
            "time": "10.08.2021 07:58",
            "open": "58.5244",
            "high": "58.5682",
            "low": "58.5244",
            "close": "58.436"
        },
        {
            "time": "10.08.2021 08:01",
            "open": "58.436",
            "high": "58.439",
            "low": "58.3843",
            "close": "58.4722"
        },
        {
            "time": "10.08.2021 08:02",
            "open": "58.4722",
            "high": "58.4722",
            "low": "58.4722",
            "close": "58.4012"
        },
        {
            "time": "10.08.2021 08:03",
            "open": "58.4012",
            "high": "58.4012",
            "low": "58.3842",
            "close": "58.3842"
        },
        {
            "time": "10.08.2021 08:04",
            "open": "58.3842",
            "high": "58.3842",
            "low": "58.3842",
            "close": "58.273"
        },
        {
            "time": "10.08.2021 08:05",
            "open": "58.273",
            "high": "58.3",
            "low": "58.273",
            "close": "58.2005"
        },
        {
            "time": "10.08.2021 08:06",
            "open": "58.2005",
            "high": "58.2078",
            "low": "58.1814",
            "close": "58.157"
        },
        {
            "time": "10.08.2021 08:11",
            "open": "58.157",
            "high": "58.157",
            "low": "58.157",
            "close": "58.1731"
        },
        {
            "time": "10.08.2021 08:12",
            "open": "58.1731",
            "high": "58.1731",
            "low": "58.1731",
            "close": "58.222"
        },
        {
            "time": "10.08.2021 08:15",
            "open": "58.222",
            "high": "58.222",
            "low": "58.222",
            "close": "58.2372"
        },
        {
            "time": "10.08.2021 08:20",
            "open": "58.2372",
            "high": "58.2372",
            "low": "58.2372",
            "close": "57.9325"
        },
        {
            "time": "10.08.2021 08:25",
            "open": "57.9325",
            "high": "57.975",
            "low": "57.9325",
            "close": "58.0893"
        },
        {
            "time": "10.08.2021 08:27",
            "open": "58.0893",
            "high": "58.0893",
            "low": "58.0893",
            "close": "57.9857"
        },
        {
            "time": "10.08.2021 08:28",
            "open": "57.9857",
            "high": "57.9858",
            "low": "57.9857",
            "close": "58.0432"
        },
        {
            "time": "10.08.2021 08:30",
            "open": "58.0432",
            "high": "58.0432",
            "low": "58.0432",
            "close": "58.068"
        },
        {
            "time": "10.08.2021 08:35",
            "open": "58.068",
            "high": "58.068",
            "low": "58.068",
            "close": "58.0139"
        },
        {
            "time": "10.08.2021 08:37",
            "open": "58.0139",
            "high": "58.0139",
            "low": "58.0139",
            "close": "57.9335"
        },
        {
            "time": "10.08.2021 08:41",
            "open": "57.9335",
            "high": "57.9335",
            "low": "57.9335",
            "close": "58.099"
        },
        {
            "time": "10.08.2021 08:45",
            "open": "58.099",
            "high": "58.099",
            "low": "58.099",
            "close": "58.165"
        },
        {
            "time": "10.08.2021 08:49",
            "open": "58.165",
            "high": "58.165",
            "low": "58.165",
            "close": "58.17"
        },
        {
            "time": "10.08.2021 08:51",
            "open": "58.17",
            "high": "58.17",
            "low": "58.17",
            "close": "58.1562"
        },
        {
            "time": "10.08.2021 08:56",
            "open": "58.1562",
            "high": "58.1562",
            "low": "58.1562",
            "close": "58.0826"
        },
        {
            "time": "10.08.2021 08:57",
            "open": "58.0826",
            "high": "58.0826",
            "low": "58.0826",
            "close": "58.1297"
        },
        {
            "time": "10.08.2021 08:58",
            "open": "58.1297",
            "high": "58.2193",
            "low": "58.1297",
            "close": "58.2855"
        },
        {
            "time": "10.08.2021 08:59",
            "open": "58.2855",
            "high": "58.2855",
            "low": "58.2855",
            "close": "58.0157"
        },
        {
            "time": "10.08.2021 09:05",
            "open": "58.0157",
            "high": "58.0157",
            "low": "58.0157",
            "close": "57.9228"
        },
        {
            "time": "10.08.2021 09:15",
            "open": "57.9228",
            "high": "57.9349",
            "low": "57.9228",
            "close": "57.9042"
        },
        {
            "time": "10.08.2021 09:17",
            "open": "57.9042",
            "high": "57.9042",
            "low": "57.9042",
            "close": "57.9042"
        },
        {
            "time": "10.08.2021 09:20",
            "open": "57.9042",
            "high": "57.9042",
            "low": "57.9042",
            "close": "57.8602"
        },
        {
            "time": "10.08.2021 09:22",
            "open": "57.8602",
            "high": "57.8602",
            "low": "57.8602",
            "close": "57.7544"
        },
        {
            "time": "10.08.2021 09:25",
            "open": "57.7544",
            "high": "57.7631",
            "low": "57.7544",
            "close": "57.846"
        },
        {
            "time": "10.08.2021 09:30",
            "open": "57.846",
            "high": "57.846",
            "low": "57.846",
            "close": "58.0809"
        },
        {
            "time": "10.08.2021 09:35",
            "open": "58.0809",
            "high": "58.1005",
            "low": "58.0809",
            "close": "58.0713"
        },
        {
            "time": "10.08.2021 09:36",
            "open": "58.0713",
            "high": "58.0713",
            "low": "57.9723",
            "close": "58.1759"
        },
        {
            "time": "10.08.2021 09:45",
            "open": "58.1759",
            "high": "58.1759",
            "low": "58.1759",
            "close": "58.1551"
        },
        {
            "time": "10.08.2021 09:46",
            "open": "58.1551",
            "high": "58.1551",
            "low": "58.1551",
            "close": "58.4078"
        },
        {
            "time": "10.08.2021 09:53",
            "open": "58.4078",
            "high": "58.4078",
            "low": "58.4078",
            "close": "58.55"
        },
        {
            "time": "10.08.2021 09:55",
            "open": "58.55",
            "high": "58.55",
            "low": "58.5388",
            "close": "58.6772"
        },
        {
            "time": "10.08.2021 09:56",
            "open": "58.6772",
            "high": "58.6772",
            "low": "58.6772",
            "close": "58.5972"
        },
        {
            "time": "10.08.2021 09:59",
            "open": "58.5972",
            "high": "58.5972",
            "low": "58.5972",
            "close": "58.4481"
        },
        {
            "time": "10.08.2021 10:00",
            "open": "58.4481",
            "high": "58.4481",
            "low": "58.4481",
            "close": "58.4034"
        },
        {
            "time": "10.08.2021 10:01",
            "open": "58.4034",
            "high": "58.6395",
            "low": "58.3033",
            "close": "58.7052"
        },
        {
            "time": "10.08.2021 10:02",
            "open": "58.7052",
            "high": "58.7053",
            "low": "58.705",
            "close": "58.5925"
        },
        {
            "time": "10.08.2021 10:04",
            "open": "58.5925",
            "high": "58.5925",
            "low": "58.5863",
            "close": "58.5635"
        },
        {
            "time": "10.08.2021 10:06",
            "open": "58.5635",
            "high": "58.5635",
            "low": "58.4921",
            "close": "58.4851"
        },
        {
            "time": "10.08.2021 10:09",
            "open": "58.4851",
            "high": "58.4851",
            "low": "58.4851",
            "close": "58.3688"
        },
        {
            "time": "10.08.2021 10:14",
            "open": "58.3688",
            "high": "58.3688",
            "low": "58.3688",
            "close": "58.2037"
        },
        {
            "time": "10.08.2021 10:15",
            "open": "58.2037",
            "high": "58.2037",
            "low": "58.2037",
            "close": "58.2331"
        },
        {
            "time": "10.08.2021 10:19",
            "open": "58.2331",
            "high": "58.2331",
            "low": "58.2331",
            "close": "58.5692"
        },
        {
            "time": "10.08.2021 10:25",
            "open": "58.5692",
            "high": "58.5692",
            "low": "58.5692",
            "close": "58.5846"
        },
        {
            "time": "10.08.2021 10:26",
            "open": "58.5846",
            "high": "58.5846",
            "low": "58.5846",
            "close": "58.5028"
        },
        {
            "time": "10.08.2021 10:30",
            "open": "58.5028",
            "high": "58.605",
            "low": "58.485",
            "close": "58.5502"
        },
        {
            "time": "10.08.2021 10:36",
            "open": "58.5502",
            "high": "58.5609",
            "low": "58.5502",
            "close": "58.5036"
        },
        {
            "time": "10.08.2021 10:38",
            "open": "58.5036",
            "high": "58.5036",
            "low": "58.5036",
            "close": "58.5488"
        },
        {
            "time": "10.08.2021 10:39",
            "open": "58.5488",
            "high": "58.5488",
            "low": "58.5488",
            "close": "58.514"
        },
        {
            "time": "10.08.2021 10:46",
            "open": "58.514",
            "high": "58.514",
            "low": "58.514",
            "close": "58.4267"
        },
        {
            "time": "10.08.2021 10:48",
            "open": "58.4267",
            "high": "58.4267",
            "low": "58.3519",
            "close": "58.1852"
        },
        {
            "time": "10.08.2021 10:51",
            "open": "58.1852",
            "high": "58.1852",
            "low": "58.1852",
            "close": "58.2838"
        },
        {
            "time": "10.08.2021 10:52",
            "open": "58.2838",
            "high": "58.2838",
            "low": "58.2838",
            "close": "58.1801"
        },
        {
            "time": "10.08.2021 10:55",
            "open": "58.1801",
            "high": "58.1835",
            "low": "58.1801",
            "close": "58.3361"
        },
        {
            "time": "10.08.2021 10:57",
            "open": "58.3361",
            "high": "58.3361",
            "low": "58.3361",
            "close": "58.3824"
        },
        {
            "time": "10.08.2021 11:00",
            "open": "58.3824",
            "high": "58.3824",
            "low": "58.3824",
            "close": "58.3272"
        },
        {
            "time": "10.08.2021 11:03",
            "open": "58.3272",
            "high": "58.3272",
            "low": "58.3272",
            "close": "58.3785"
        },
        {
            "time": "10.08.2021 11:04",
            "open": "58.3785",
            "high": "58.3785",
            "low": "58.3713",
            "close": "58.1858"
        },
        {
            "time": "10.08.2021 11:11",
            "open": "58.1858",
            "high": "58.1858",
            "low": "58.1858",
            "close": "58.2089"
        },
        {
            "time": "10.08.2021 11:15",
            "open": "58.2089",
            "high": "58.2089",
            "low": "58.2089",
            "close": "58.1208"
        },
        {
            "time": "10.08.2021 11:18",
            "open": "58.1208",
            "high": "58.1208",
            "low": "58.1208",
            "close": "58.1021"
        },
        {
            "time": "10.08.2021 11:20",
            "open": "58.1021",
            "high": "58.1021",
            "low": "58.1021",
            "close": "58.0243"
        },
        {
            "time": "10.08.2021 11:22",
            "open": "58.0243",
            "high": "58.0243",
            "low": "58.0058",
            "close": "58.1031"
        },
        {
            "time": "10.08.2021 11:26",
            "open": "58.1031",
            "high": "58.1031",
            "low": "58.1031",
            "close": "58.053"
        },
        {
            "time": "10.08.2021 11:34",
            "open": "58.053",
            "high": "58.053",
            "low": "58.053",
            "close": "58.0821"
        },
        {
            "time": "10.08.2021 11:36",
            "open": "58.0821",
            "high": "58.0821",
            "low": "58.0821",
            "close": "58.103"
        },
        {
            "time": "10.08.2021 11:42",
            "open": "58.103",
            "high": "58.103",
            "low": "58.103",
            "close": "58.1711"
        },
        {
            "time": "10.08.2021 11:44",
            "open": "58.1711",
            "high": "58.1711",
            "low": "58.1711",
            "close": "58.1215"
        },
        {
            "time": "10.08.2021 11:47",
            "open": "58.1215",
            "high": "58.1215",
            "low": "58.1215",
            "close": "58.2349"
        },
        {
            "time": "10.08.2021 11:49",
            "open": "58.2349",
            "high": "58.2955",
            "low": "58.2349",
            "close": "58.2955"
        },
        {
            "time": "10.08.2021 11:50",
            "open": "58.2955",
            "high": "58.2987",
            "low": "58.2955",
            "close": "58.1977"
        },
        {
            "time": "10.08.2021 11:55",
            "open": "58.1977",
            "high": "58.1977",
            "low": "58.1977",
            "close": "58.1217"
        },
        {
            "time": "10.08.2021 11:58",
            "open": "58.1217",
            "high": "58.1217",
            "low": "58.1217",
            "close": "58.1217"
        },
        {
            "time": "10.08.2021 12:06",
            "open": "58.1217",
            "high": "58.1217",
            "low": "58.0461",
            "close": "57.9479"
        },
        {
            "time": "10.08.2021 12:08",
            "open": "57.9479",
            "high": "57.9479",
            "low": "57.9479",
            "close": "57.9027"
        },
        {
            "time": "10.08.2021 12:11",
            "open": "57.9027",
            "high": "57.9027",
            "low": "57.9027",
            "close": "57.9337"
        },
        {
            "time": "10.08.2021 12:13",
            "open": "57.9337",
            "high": "57.9337",
            "low": "57.9337",
            "close": "57.9027"
        },
        {
            "time": "10.08.2021 12:15",
            "open": "57.9027",
            "high": "57.9027",
            "low": "57.8154",
            "close": "57.6332"
        },
        {
            "time": "10.08.2021 12:16",
            "open": "57.6332",
            "high": "57.6332",
            "low": "57.6332",
            "close": "57.5686"
        },
        {
            "time": "10.08.2021 12:17",
            "open": "57.5686",
            "high": "57.6163",
            "low": "57.5492",
            "close": "57.6564"
        },
        {
            "time": "10.08.2021 12:18",
            "open": "57.6564",
            "high": "57.6564",
            "low": "57.6564",
            "close": "57.6485"
        },
        {
            "time": "10.08.2021 12:19",
            "open": "57.6485",
            "high": "57.6485",
            "low": "57.6485",
            "close": "57.5868"
        },
        {
            "time": "10.08.2021 12:21",
            "open": "57.5868",
            "high": "57.6199",
            "low": "57.5868",
            "close": "57.5"
        },
        {
            "time": "10.08.2021 12:22",
            "open": "57.5",
            "high": "57.5",
            "low": "57.2883",
            "close": "57.3292"
        },
        {
            "time": "10.08.2021 12:23",
            "open": "57.3292",
            "high": "57.3676",
            "low": "57.3292",
            "close": "57.3449"
        },
        {
            "time": "10.08.2021 12:25",
            "open": "57.3449",
            "high": "57.3449",
            "low": "57.3449",
            "close": "57.4428"
        },
        {
            "time": "10.08.2021 12:29",
            "open": "57.4428",
            "high": "57.4444",
            "low": "57.4261",
            "close": "57.2673"
        },
        {
            "time": "10.08.2021 12:30",
            "open": "57.2673",
            "high": "57.2673",
            "low": "57.2503",
            "close": "57.301"
        },
        {
            "time": "10.08.2021 12:31",
            "open": "57.301",
            "high": "57.301",
            "low": "57.2995",
            "close": "57.1378"
        },
        {
            "time": "10.08.2021 12:32",
            "open": "57.1378",
            "high": "57.1378",
            "low": "56.8869",
            "close": "56.9499"
        },
        {
            "time": "10.08.2021 12:33",
            "open": "56.9499",
            "high": "56.9499",
            "low": "56.8922",
            "close": "57.0413"
        },
        {
            "time": "10.08.2021 12:34",
            "open": "57.0413",
            "high": "57.0413",
            "low": "57.0413",
            "close": "57.013"
        },
        {
            "time": "10.08.2021 12:37",
            "open": "57.013",
            "high": "57.013",
            "low": "57.013",
            "close": "56.9313"
        },
        {
            "time": "10.08.2021 12:39",
            "open": "56.9313",
            "high": "56.9486",
            "low": "56.9313",
            "close": "56.8888"
        },
        {
            "time": "10.08.2021 12:41",
            "open": "56.8888",
            "high": "56.8888",
            "low": "56.6669",
            "close": "56.5456"
        },
        {
            "time": "10.08.2021 12:42",
            "open": "56.5456",
            "high": "56.5456",
            "low": "56.5",
            "close": "56.7094"
        },
        {
            "time": "10.08.2021 12:43",
            "open": "56.7094",
            "high": "56.8794",
            "low": "56.7094",
            "close": "56.9294"
        },
        {
            "time": "10.08.2021 12:45",
            "open": "56.9294",
            "high": "56.9294",
            "low": "56.9294",
            "close": "56.9177"
        },
        {
            "time": "10.08.2021 12:46",
            "open": "56.9177",
            "high": "56.9177",
            "low": "56.9177",
            "close": "56.911"
        },
        {
            "time": "10.08.2021 12:47",
            "open": "56.911",
            "high": "56.911",
            "low": "56.911",
            "close": "57.0483"
        },
        {
            "time": "10.08.2021 12:50",
            "open": "57.0483",
            "high": "57.0483",
            "low": "57.0483",
            "close": "56.7516"
        },
        {
            "time": "10.08.2021 12:53",
            "open": "56.7516",
            "high": "56.7516",
            "low": "56.7516",
            "close": "56.69"
        },
        {
            "time": "10.08.2021 12:54",
            "open": "56.69",
            "high": "56.69",
            "low": "56.69",
            "close": "56.7827"
        },
        {
            "time": "10.08.2021 12:56",
            "open": "56.7827",
            "high": "56.7827",
            "low": "56.7827",
            "close": "56.7788"
        },
        {
            "time": "10.08.2021 12:57",
            "open": "56.7788",
            "high": "56.7788",
            "low": "56.7788",
            "close": "56.7672"
        },
        {
            "time": "10.08.2021 13:00",
            "open": "56.7672",
            "high": "56.7672",
            "low": "56.7672",
            "close": "56.9189"
        },
        {
            "time": "10.08.2021 13:01",
            "open": "56.9189",
            "high": "56.9788",
            "low": "56.9189",
            "close": "57.081"
        },
        {
            "time": "10.08.2021 13:03",
            "open": "57.081",
            "high": "57.0984",
            "low": "57.081",
            "close": "57.0776"
        },
        {
            "time": "10.08.2021 13:08",
            "open": "57.0776",
            "high": "57.0851",
            "low": "57.0776",
            "close": "57.3014"
        },
        {
            "time": "10.08.2021 13:13",
            "open": "57.3014",
            "high": "57.3014",
            "low": "57.3014",
            "close": "57.2644"
        },
        {
            "time": "10.08.2021 13:15",
            "open": "57.2644",
            "high": "57.2644",
            "low": "57.2644",
            "close": "57.3924"
        },
        {
            "time": "10.08.2021 13:19",
            "open": "57.3924",
            "high": "57.3924",
            "low": "57.3924",
            "close": "57.3309"
        },
        {
            "time": "10.08.2021 13:21",
            "open": "57.3309",
            "high": "57.4268",
            "low": "57.3309",
            "close": "57.5389"
        },
        {
            "time": "10.08.2021 13:27",
            "open": "57.5389",
            "high": "57.5389",
            "low": "57.5389",
            "close": "57.3101"
        },
        {
            "time": "10.08.2021 13:34",
            "open": "57.3101",
            "high": "57.3101",
            "low": "57.3101",
            "close": "57.3217"
        },
        {
            "time": "10.08.2021 13:35",
            "open": "57.3217",
            "high": "57.3217",
            "low": "57.3217",
            "close": "57.3575"
        },
        {
            "time": "10.08.2021 13:39",
            "open": "57.3575",
            "high": "57.3575",
            "low": "57.3575",
            "close": "57.3238"
        },
        {
            "time": "10.08.2021 13:42",
            "open": "57.3238",
            "high": "57.3238",
            "low": "57.3238",
            "close": "57.2644"
        },
        {
            "time": "10.08.2021 13:43",
            "open": "57.2644",
            "high": "57.2644",
            "low": "57.2644",
            "close": "57.1257"
        },
        {
            "time": "10.08.2021 13:45",
            "open": "57.1257",
            "high": "57.1451",
            "low": "57.05",
            "close": "57.0334"
        },
        {
            "time": "10.08.2021 13:46",
            "open": "57.0334",
            "high": "57.045",
            "low": "57.0334",
            "close": "57.3068"
        },
        {
            "time": "10.08.2021 13:49",
            "open": "57.3068",
            "high": "57.3068",
            "low": "57.3068",
            "close": "57.4436"
        },
        {
            "time": "10.08.2021 14:01",
            "open": "57.4436",
            "high": "57.4618",
            "low": "57.4436",
            "close": "57.3068"
        },
        {
            "time": "10.08.2021 14:02",
            "open": "57.3068",
            "high": "57.3068",
            "low": "57.3068",
            "close": "57.1153"
        },
        {
            "time": "10.08.2021 14:06",
            "open": "57.1153",
            "high": "57.1153",
            "low": "57.1153",
            "close": "57.1041"
        },
        {
            "time": "10.08.2021 14:09",
            "open": "57.1041",
            "high": "57.1043",
            "low": "57.1041",
            "close": "57.1561"
        },
        {
            "time": "10.08.2021 14:11",
            "open": "57.1561",
            "high": "57.1561",
            "low": "57.1561",
            "close": "57.3989"
        },
        {
            "time": "10.08.2021 14:13",
            "open": "57.3989",
            "high": "57.3989",
            "low": "57.3989",
            "close": "57.3911"
        },
        {
            "time": "10.08.2021 14:14",
            "open": "57.3911",
            "high": "57.4402",
            "low": "57.3548",
            "close": "57.2838"
        },
        {
            "time": "10.08.2021 14:15",
            "open": "57.2838",
            "high": "57.2838",
            "low": "57.2838",
            "close": "57.3884"
        },
        {
            "time": "10.08.2021 14:16",
            "open": "57.3884",
            "high": "57.3884",
            "low": "57.3868",
            "close": "57.6456"
        },
        {
            "time": "10.08.2021 14:19",
            "open": "57.6456",
            "high": "57.6456",
            "low": "57.6456",
            "close": "57.718"
        },
        {
            "time": "10.08.2021 14:20",
            "open": "57.718",
            "high": "57.718",
            "low": "57.718",
            "close": "57.6591"
        },
        {
            "time": "10.08.2021 14:21",
            "open": "57.6591",
            "high": "57.6591",
            "low": "57.6591",
            "close": "57.6811"
        },
        {
            "time": "10.08.2021 14:22",
            "open": "57.6811",
            "high": "57.6811",
            "low": "57.6811",
            "close": "57.718"
        },
        {
            "time": "10.08.2021 14:24",
            "open": "57.718",
            "high": "57.718",
            "low": "57.6817",
            "close": "57.6967"
        },
        {
            "time": "10.08.2021 14:29",
            "open": "57.6967",
            "high": "57.6967",
            "low": "57.6967",
            "close": "57.8436"
        },
        {
            "time": "10.08.2021 14:31",
            "open": "57.8436",
            "high": "57.8436",
            "low": "57.8436",
            "close": "57.8245"
        },
        {
            "time": "10.08.2021 14:35",
            "open": "57.8245",
            "high": "57.8245",
            "low": "57.8245",
            "close": "57.7285"
        },
        {
            "time": "10.08.2021 14:37",
            "open": "57.7285",
            "high": "57.7285",
            "low": "57.6974",
            "close": "57.7353"
        },
        {
            "time": "10.08.2021 14:39",
            "open": "57.7353",
            "high": "57.7353",
            "low": "57.7353",
            "close": "57.8476"
        },
        {
            "time": "10.08.2021 14:40",
            "open": "57.8476",
            "high": "57.8477",
            "low": "57.8476",
            "close": "58.066"
        },
        {
            "time": "10.08.2021 14:44",
            "open": "58.066",
            "high": "58.066",
            "low": "58.066",
            "close": "58.269"
        },
        {
            "time": "10.08.2021 14:45",
            "open": "58.269",
            "high": "58.269",
            "low": "58.0367",
            "close": "58.1185"
        },
        {
            "time": "10.08.2021 14:46",
            "open": "58.1185",
            "high": "58.1185",
            "low": "58.1185",
            "close": "58.1916"
        },
        {
            "time": "10.08.2021 14:47",
            "open": "58.1916",
            "high": "58.2049",
            "low": "58.1916",
            "close": "58.2389"
        },
        {
            "time": "10.08.2021 14:48",
            "open": "58.2389",
            "high": "58.2389",
            "low": "58.2272",
            "close": "58.2184"
        },
        {
            "time": "10.08.2021 14:49",
            "open": "58.2184",
            "high": "58.2184",
            "low": "58.2184",
            "close": "58.1647"
        },
        {
            "time": "10.08.2021 14:50",
            "open": "58.1647",
            "high": "58.1905",
            "low": "58.1647",
            "close": "58.1928"
        },
        {
            "time": "10.08.2021 14:51",
            "open": "58.1928",
            "high": "58.1928",
            "low": "58.1928",
            "close": "58.3772"
        },
        {
            "time": "10.08.2021 15:00",
            "open": "58.3772",
            "high": "58.3772",
            "low": "58.3772",
            "close": "58.2465"
        },
        {
            "time": "10.08.2021 15:02",
            "open": "58.2465",
            "high": "58.2493",
            "low": "58.1704",
            "close": "58.1111"
        },
        {
            "time": "10.08.2021 15:03",
            "open": "58.1111",
            "high": "58.1111",
            "low": "58.1111",
            "close": "58.1137"
        },
        {
            "time": "10.08.2021 15:06",
            "open": "58.1137",
            "high": "58.1137",
            "low": "58.1137",
            "close": "58.0769"
        },
        {
            "time": "10.08.2021 15:07",
            "open": "58.0769",
            "high": "58.104",
            "low": "58.0769",
            "close": "57.9503"
        },
        {
            "time": "10.08.2021 15:08",
            "open": "57.9503",
            "high": "57.9503",
            "low": "57.8512",
            "close": "57.8994"
        },
        {
            "time": "10.08.2021 15:12",
            "open": "57.8994",
            "high": "57.8994",
            "low": "57.8994",
            "close": "57.9257"
        },
        {
            "time": "10.08.2021 15:13",
            "open": "57.9257",
            "high": "57.9257",
            "low": "57.9257",
            "close": "58.0128"
        },
        {
            "time": "10.08.2021 15:14",
            "open": "58.0128",
            "high": "58.0128",
            "low": "58.0128",
            "close": "58.1789"
        },
        {
            "time": "10.08.2021 15:16",
            "open": "58.1789",
            "high": "58.1789",
            "low": "58.1",
            "close": "58.1199"
        },
        {
            "time": "10.08.2021 15:17",
            "open": "58.1199",
            "high": "58.1199",
            "low": "58.0009",
            "close": "57.9707"
        },
        {
            "time": "10.08.2021 15:18",
            "open": "57.9707",
            "high": "57.9707",
            "low": "57.9707",
            "close": "57.9318"
        },
        {
            "time": "10.08.2021 15:20",
            "open": "57.9318",
            "high": "57.9318",
            "low": "57.8473",
            "close": "57.9439"
        },
        {
            "time": "10.08.2021 15:23",
            "open": "57.9439",
            "high": "57.9451",
            "low": "57.9429",
            "close": "57.9421"
        },
        {
            "time": "10.08.2021 15:25",
            "open": "57.9421",
            "high": "57.9421",
            "low": "57.9421",
            "close": "58.063"
        },
        {
            "time": "10.08.2021 15:27",
            "open": "58.063",
            "high": "58.063",
            "low": "58.063",
            "close": "58.128"
        },
        {
            "time": "10.08.2021 15:30",
            "open": "58.128",
            "high": "58.2217",
            "low": "58.128",
            "close": "58.2539"
        },
        {
            "time": "10.08.2021 15:31",
            "open": "58.2539",
            "high": "58.2704",
            "low": "58.2288",
            "close": "58.32"
        },
        {
            "time": "10.08.2021 15:33",
            "open": "58.32",
            "high": "58.32",
            "low": "58.32",
            "close": "58.3461"
        },
        {
            "time": "10.08.2021 15:35",
            "open": "58.3461",
            "high": "58.3461",
            "low": "58.3461",
            "close": "58.2733"
        },
        {
            "time": "10.08.2021 15:39",
            "open": "58.2733",
            "high": "58.2733",
            "low": "58.2733",
            "close": "58.1335"
        },
        {
            "time": "10.08.2021 15:40",
            "open": "58.1335",
            "high": "58.1348",
            "low": "58.1206",
            "close": "58.102"
        },
        {
            "time": "10.08.2021 15:41",
            "open": "58.102",
            "high": "58.102",
            "low": "58.102",
            "close": "57.5945"
        },
        {
            "time": "10.08.2021 15:42",
            "open": "57.5945",
            "high": "57.5945",
            "low": "57.3708",
            "close": "57.3421"
        },
        {
            "time": "10.08.2021 15:43",
            "open": "57.3421",
            "high": "57.5359",
            "low": "57.3421",
            "close": "57.3819"
        },
        {
            "time": "10.08.2021 15:44",
            "open": "57.3819",
            "high": "57.3819",
            "low": "57.3819",
            "close": "57.2222"
        },
        {
            "time": "10.08.2021 15:49",
            "open": "57.2222",
            "high": "57.2222",
            "low": "57.2222",
            "close": "57.4825"
        },
        {
            "time": "10.08.2021 15:54",
            "open": "57.4825",
            "high": "57.489",
            "low": "57.4825",
            "close": "57.6875"
        },
        {
            "time": "10.08.2021 15:55",
            "open": "57.6875",
            "high": "57.6875",
            "low": "57.6238",
            "close": "57.6054"
        },
        {
            "time": "10.08.2021 15:57",
            "open": "57.6054",
            "high": "57.6054",
            "low": "57.6054",
            "close": "57.6992"
        },
        {
            "time": "10.08.2021 15:59",
            "open": "57.6992",
            "high": "57.6992",
            "low": "57.6992",
            "close": "57.6091"
        },
        {
            "time": "10.08.2021 16:00",
            "open": "57.6091",
            "high": "57.6091",
            "low": "57.5974",
            "close": "57.4766"
        },
        {
            "time": "10.08.2021 16:01",
            "open": "57.4766",
            "high": "57.4766",
            "low": "57.4766",
            "close": "57.4097"
        },
        {
            "time": "10.08.2021 16:03",
            "open": "57.4097",
            "high": "57.4097",
            "low": "57.4",
            "close": "57.5363"
        },
        {
            "time": "10.08.2021 16:05",
            "open": "57.5363",
            "high": "57.5363",
            "low": "57.5363",
            "close": "57.4"
        },
        {
            "time": "10.08.2021 16:07",
            "open": "57.4",
            "high": "57.4",
            "low": "57.4",
            "close": "57.4636"
        },
        {
            "time": "10.08.2021 16:09",
            "open": "57.4636",
            "high": "57.4636",
            "low": "57.4636",
            "close": "57.512"
        },
        {
            "time": "10.08.2021 16:13",
            "open": "57.512",
            "high": "57.5431",
            "low": "57.512",
            "close": "57.7262"
        },
        {
            "time": "10.08.2021 16:15",
            "open": "57.7262",
            "high": "57.7262",
            "low": "57.7091",
            "close": "57.6287"
        },
        {
            "time": "10.08.2021 16:16",
            "open": "57.6287",
            "high": "57.6287",
            "low": "57.6287",
            "close": "57.6768"
        },
        {
            "time": "10.08.2021 16:17",
            "open": "57.6768",
            "high": "57.6768",
            "low": "57.6768",
            "close": "57.5976"
        },
        {
            "time": "10.08.2021 16:18",
            "open": "57.5976",
            "high": "57.5976",
            "low": "57.5976",
            "close": "57.5494"
        },
        {
            "time": "10.08.2021 16:20",
            "open": "57.5494",
            "high": "57.5494",
            "low": "57.5494",
            "close": "57.497"
        },
        {
            "time": "10.08.2021 16:22",
            "open": "57.497",
            "high": "57.497",
            "low": "57.497",
            "close": "57.4275"
        },
        {
            "time": "10.08.2021 16:27",
            "open": "57.4275",
            "high": "57.4275",
            "low": "57.4275",
            "close": "57.3179"
        },
        {
            "time": "10.08.2021 16:30",
            "open": "57.3179",
            "high": "57.3179",
            "low": "57.3179",
            "close": "57.2576"
        },
        {
            "time": "10.08.2021 16:31",
            "open": "57.2576",
            "high": "57.2576",
            "low": "57.2576",
            "close": "57.0679"
        },
        {
            "time": "10.08.2021 16:33",
            "open": "57.0679",
            "high": "57.0715",
            "low": "57.0679",
            "close": "57.1398"
        },
        {
            "time": "10.08.2021 16:37",
            "open": "57.1398",
            "high": "57.1402",
            "low": "57.1398",
            "close": "57.1807"
        },
        {
            "time": "10.08.2021 16:39",
            "open": "57.1807",
            "high": "57.1807",
            "low": "57.1807",
            "close": "57.1539"
        },
        {
            "time": "10.08.2021 16:40",
            "open": "57.1539",
            "high": "57.1539",
            "low": "57.1539",
            "close": "56.9833"
        },
        {
            "time": "10.08.2021 16:41",
            "open": "56.9833",
            "high": "56.9833",
            "low": "56.9833",
            "close": "56.9412"
        },
        {
            "time": "10.08.2021 16:44",
            "open": "56.9412",
            "high": "56.9412",
            "low": "56.9097",
            "close": "57.0702"
        },
        {
            "time": "10.08.2021 16:45",
            "open": "57.0702",
            "high": "57.0851",
            "low": "57.0702",
            "close": "57.0219"
        },
        {
            "time": "10.08.2021 16:47",
            "open": "57.0219",
            "high": "57.0219",
            "low": "57.0219",
            "close": "56.9339"
        },
        {
            "time": "10.08.2021 16:48",
            "open": "56.9339",
            "high": "56.9339",
            "low": "56.8576",
            "close": "56.8175"
        },
        {
            "time": "10.08.2021 16:52",
            "open": "56.8175",
            "high": "56.8175",
            "low": "56.8097",
            "close": "56.9988"
        },
        {
            "time": "10.08.2021 16:53",
            "open": "56.9988",
            "high": "56.9988",
            "low": "56.9988",
            "close": "57.0614"
        },
        {
            "time": "10.08.2021 16:57",
            "open": "57.0614",
            "high": "57.0614",
            "low": "57.0614",
            "close": "56.9191"
        },
        {
            "time": "10.08.2021 16:58",
            "open": "56.9191",
            "high": "56.9191",
            "low": "56.9191",
            "close": "56.983"
        },
        {
            "time": "10.08.2021 17:04",
            "open": "56.983",
            "high": "57.0298",
            "low": "56.983",
            "close": "57.0345"
        },
        {
            "time": "10.08.2021 17:09",
            "open": "57.0345",
            "high": "57.0345",
            "low": "57.0345",
            "close": "57.1391"
        },
        {
            "time": "10.08.2021 17:11",
            "open": "57.1391",
            "high": "57.1391",
            "low": "57.1391",
            "close": "57.2517"
        },
        {
            "time": "10.08.2021 17:13",
            "open": "57.2517",
            "high": "57.2517",
            "low": "57.1376",
            "close": "57.135"
        },
        {
            "time": "10.08.2021 17:16",
            "open": "57.135",
            "high": "57.1368",
            "low": "57.135",
            "close": "57.1024"
        },
        {
            "time": "10.08.2021 17:21",
            "open": "57.1024",
            "high": "57.1024",
            "low": "57.1024",
            "close": "56.829"
        },
        {
            "time": "10.08.2021 17:29",
            "open": "56.829",
            "high": "56.8291",
            "low": "56.7929",
            "close": "56.737"
        },
        {
            "time": "10.08.2021 17:30",
            "open": "56.737",
            "high": "56.737",
            "low": "56.6936",
            "close": "56.3721"
        },
        {
            "time": "10.08.2021 17:32",
            "open": "56.3721",
            "high": "56.47",
            "low": "56.3721",
            "close": "56.47"
        },
        {
            "time": "10.08.2021 17:33",
            "open": "56.47",
            "high": "56.47",
            "low": "56.47",
            "close": "56.455"
        },
        {
            "time": "10.08.2021 17:34",
            "open": "56.455",
            "high": "56.455",
            "low": "56.4453",
            "close": "56.6232"
        },
        {
            "time": "10.08.2021 17:35",
            "open": "56.6232",
            "high": "56.6232",
            "low": "56.6232",
            "close": "56.6936"
        },
        {
            "time": "10.08.2021 17:36",
            "open": "56.6936",
            "high": "56.6936",
            "low": "56.6936",
            "close": "56.7902"
        },
        {
            "time": "10.08.2021 17:40",
            "open": "56.7902",
            "high": "56.7902",
            "low": "56.75",
            "close": "56.8156"
        },
        {
            "time": "10.08.2021 17:42",
            "open": "56.8156",
            "high": "56.8156",
            "low": "56.8156",
            "close": "56.9843"
        },
        {
            "time": "10.08.2021 17:45",
            "open": "56.9843",
            "high": "57.0022",
            "low": "56.9843",
            "close": "57.0565"
        },
        {
            "time": "10.08.2021 17:46",
            "open": "57.0565",
            "high": "57.0565",
            "low": "57.0565",
            "close": "57.068"
        },
        {
            "time": "10.08.2021 17:48",
            "open": "57.068",
            "high": "57.068",
            "low": "57.0402",
            "close": "57.0709"
        },
        {
            "time": "10.08.2021 17:49",
            "open": "57.0709",
            "high": "57.0709",
            "low": "57.0709",
            "close": "57.0119"
        },
        {
            "time": "10.08.2021 17:50",
            "open": "57.0119",
            "high": "57.0119",
            "low": "57.0119",
            "close": "56.9381"
        },
        {
            "time": "10.08.2021 17:52",
            "open": "56.9381",
            "high": "56.9381",
            "low": "56.9381",
            "close": "56.9003"
        },
        {
            "time": "10.08.2021 17:53",
            "open": "56.9003",
            "high": "56.9003",
            "low": "56.9003",
            "close": "56.816"
        },
        {
            "time": "10.08.2021 18:00",
            "open": "56.816",
            "high": "56.816",
            "low": "56.816",
            "close": "56.574"
        },
        {
            "time": "10.08.2021 18:02",
            "open": "56.574",
            "high": "56.574",
            "low": "56.574",
            "close": "56.6666"
        },
        {
            "time": "10.08.2021 18:04",
            "open": "56.6666",
            "high": "56.6666",
            "low": "56.6666",
            "close": "56.7527"
        },
        {
            "time": "10.08.2021 18:07",
            "open": "56.7527",
            "high": "56.7527",
            "low": "56.7527",
            "close": "56.738"
        },
        {
            "time": "10.08.2021 18:08",
            "open": "56.738",
            "high": "56.738",
            "low": "56.738",
            "close": "56.6238"
        },
        {
            "time": "10.08.2021 18:09",
            "open": "56.6238",
            "high": "56.6238",
            "low": "56.6234",
            "close": "56.5339"
        },
        {
            "time": "10.08.2021 18:12",
            "open": "56.5339",
            "high": "56.5339",
            "low": "56.5339",
            "close": "56.542"
        },
        {
            "time": "10.08.2021 18:15",
            "open": "56.542",
            "high": "56.542",
            "low": "56.542",
            "close": "56.4004"
        },
        {
            "time": "10.08.2021 18:17",
            "open": "56.4004",
            "high": "56.4004",
            "low": "56.4004",
            "close": "56.3721"
        },
        {
            "time": "10.08.2021 18:19",
            "open": "56.3721",
            "high": "56.3721",
            "low": "56.3721",
            "close": "56.6217"
        },
        {
            "time": "10.08.2021 18:23",
            "open": "56.6217",
            "high": "56.6217",
            "low": "56.6217",
            "close": "56.4056"
        },
        {
            "time": "10.08.2021 18:26",
            "open": "56.4056",
            "high": "56.4056",
            "low": "56.403",
            "close": "56.363"
        },
        {
            "time": "10.08.2021 18:27",
            "open": "56.363",
            "high": "56.363",
            "low": "56.363",
            "close": "56.2491"
        },
        {
            "time": "10.08.2021 18:28",
            "open": "56.2491",
            "high": "56.2491",
            "low": "56.102",
            "close": "56.1236"
        },
        {
            "time": "10.08.2021 18:30",
            "open": "56.1236",
            "high": "56.1885",
            "low": "56.1236",
            "close": "56"
        },
        {
            "time": "10.08.2021 18:31",
            "open": "56",
            "high": "56",
            "low": "55.8177",
            "close": "55.7777"
        },
        {
            "time": "10.08.2021 18:32",
            "open": "55.7777",
            "high": "55.8227",
            "low": "55.5823",
            "close": "55.5243"
        },
        {
            "time": "10.08.2021 18:33",
            "open": "55.5243",
            "high": "55.5843",
            "low": "55.475",
            "close": "55.7202"
        },
        {
            "time": "10.08.2021 18:34",
            "open": "55.7202",
            "high": "55.7202",
            "low": "55.7202",
            "close": "55.878"
        },
        {
            "time": "10.08.2021 18:35",
            "open": "55.878",
            "high": "55.8781",
            "low": "55.878",
            "close": "56.0382"
        },
        {
            "time": "10.08.2021 18:45",
            "open": "56.0382",
            "high": "56.0382",
            "low": "56.0084",
            "close": "56.1235"
        },
        {
            "time": "10.08.2021 18:50",
            "open": "56.1235",
            "high": "56.1305",
            "low": "56.1235",
            "close": "55.9922"
        },
        {
            "time": "10.08.2021 18:53",
            "open": "55.9922",
            "high": "55.9922",
            "low": "55.9922",
            "close": "56"
        },
        {
            "time": "10.08.2021 18:56",
            "open": "56",
            "high": "56.0581",
            "low": "56",
            "close": "56.0113"
        },
        {
            "time": "10.08.2021 18:57",
            "open": "56.0113",
            "high": "56.103",
            "low": "56.0113",
            "close": "56.1895"
        },
        {
            "time": "10.08.2021 18:58",
            "open": "56.1895",
            "high": "56.1895",
            "low": "56.0415",
            "close": "56.1081"
        },
        {
            "time": "10.08.2021 19:07",
            "open": "56.1081",
            "high": "56.1081",
            "low": "56.1081",
            "close": "56.146"
        },
        {
            "time": "10.08.2021 19:08",
            "open": "56.146",
            "high": "56.1534",
            "low": "56.1389",
            "close": "56.4666"
        },
        {
            "time": "10.08.2021 19:10",
            "open": "56.4666",
            "high": "56.5428",
            "low": "56.4666",
            "close": "56.5474"
        },
        {
            "time": "10.08.2021 19:11",
            "open": "56.5474",
            "high": "56.5474",
            "low": "56.5474",
            "close": "56.483"
        },
        {
            "time": "10.08.2021 19:12",
            "open": "56.483",
            "high": "56.483",
            "low": "56.483",
            "close": "56.4301"
        },
        {
            "time": "10.08.2021 19:24",
            "open": "56.4301",
            "high": "56.4301",
            "low": "56.4301",
            "close": "56.4313"
        },
        {
            "time": "10.08.2021 19:25",
            "open": "56.4313",
            "high": "56.4313",
            "low": "56.4313",
            "close": "56.3739"
        },
        {
            "time": "10.08.2021 19:27",
            "open": "56.3739",
            "high": "56.3739",
            "low": "56.3739",
            "close": "56.2209"
        },
        {
            "time": "10.08.2021 19:39",
            "open": "56.2209",
            "high": "56.2209",
            "low": "56.2136",
            "close": "56.4309"
        },
        {
            "time": "10.08.2021 19:42",
            "open": "56.4309",
            "high": "56.4309",
            "low": "56.4309",
            "close": "56.4437"
        },
        {
            "time": "10.08.2021 19:43",
            "open": "56.4437",
            "high": "56.4437",
            "low": "56.3702",
            "close": "56.3702"
        },
        {
            "time": "10.08.2021 19:46",
            "open": "56.3702",
            "high": "56.3702",
            "low": "56.3702",
            "close": "56.3144"
        },
        {
            "time": "10.08.2021 19:47",
            "open": "56.3144",
            "high": "56.3144",
            "low": "56.3144",
            "close": "56.4139"
        },
        {
            "time": "10.08.2021 19:51",
            "open": "56.4139",
            "high": "56.4139",
            "low": "56.4139",
            "close": "56.4901"
        },
        {
            "time": "10.08.2021 19:57",
            "open": "56.4901",
            "high": "56.7285",
            "low": "56.4901",
            "close": "56.5325"
        },
        {
            "time": "10.08.2021 20:00",
            "open": "56.5325",
            "high": "56.5325",
            "low": "56.5162",
            "close": "56.4329"
        },
        {
            "time": "10.08.2021 20:23",
            "open": "56.4329",
            "high": "56.4369",
            "low": "56.4329",
            "close": "56.356"
        },
        {
            "time": "10.08.2021 20:28",
            "open": "56.356",
            "high": "56.4167",
            "low": "56.356",
            "close": "56.4319"
        },
        {
            "time": "10.08.2021 20:29",
            "open": "56.4319",
            "high": "56.4319",
            "low": "56.4319",
            "close": "56.621"
        },
        {
            "time": "10.08.2021 20:41",
            "open": "56.621",
            "high": "56.751",
            "low": "56.621",
            "close": "56.6036"
        },
        {
            "time": "10.08.2021 20:48",
            "open": "56.6036",
            "high": "56.7434",
            "low": "56.598",
            "close": "56.79"
        },
        {
            "time": "10.08.2021 20:49",
            "open": "56.79",
            "high": "56.79",
            "low": "56.79",
            "close": "56.79"
        },
        {
            "time": "10.08.2021 20:50",
            "open": "56.79",
            "high": "56.79",
            "low": "56.79",
            "close": "56.7309"
        },
        {
            "time": "10.08.2021 21:14",
            "open": "56.7309",
            "high": "56.7309",
            "low": "56.7309",
            "close": "56.7173"
        },
        {
            "time": "10.08.2021 21:15",
            "open": "56.7173",
            "high": "56.7173",
            "low": "56.712",
            "close": "56.6718"
        },
        {
            "time": "10.08.2021 21:16",
            "open": "56.6718",
            "high": "56.6718",
            "low": "56.6718",
            "close": "56.712"
        },
        {
            "time": "10.08.2021 21:17",
            "open": "56.712",
            "high": "56.7553",
            "low": "56.712",
            "close": "56.827"
        },
        {
            "time": "10.08.2021 21:19",
            "open": "56.827",
            "high": "56.827",
            "low": "56.827",
            "close": "56.8432"
        },
        {
            "time": "10.08.2021 21:21",
            "open": "56.8432",
            "high": "56.8432",
            "low": "56.7945",
            "close": "56.8334"
        },
        {
            "time": "10.08.2021 21:22",
            "open": "56.8334",
            "high": "56.8416",
            "low": "56.8334",
            "close": "56.8954"
        },
        {
            "time": "10.08.2021 21:23",
            "open": "56.8954",
            "high": "56.8954",
            "low": "56.8954",
            "close": "56.6952"
        },
        {
            "time": "10.08.2021 21:27",
            "open": "56.6952",
            "high": "56.6952",
            "low": "56.6952",
            "close": "56.6941"
        },
        {
            "time": "10.08.2021 21:29",
            "open": "56.6941",
            "high": "56.6941",
            "low": "56.6941",
            "close": "56.8229"
        },
        {
            "time": "10.08.2021 21:37",
            "open": "56.8229",
            "high": "56.8229",
            "low": "56.8229",
            "close": "56.8229"
        },
        {
            "time": "10.08.2021 21:43",
            "open": "56.8229",
            "high": "56.8229",
            "low": "56.8229",
            "close": "56.8229"
        },
        {
            "time": "10.08.2021 21:44",
            "open": "56.8229",
            "high": "56.8229",
            "low": "56.8229",
            "close": "56.7652"
        },
        {
            "time": "10.08.2021 21:52",
            "open": "56.7013",
            "high": "56.8151",
            "low": "56.7013",
            "close": "56.7829"
        },
        {
            "time": "10.08.2021 21:53",
            "open": "56.7829",
            "high": "56.7829",
            "low": "56.7829",
            "close": "56.7837"
        },
        {
            "time": "10.08.2021 21:54",
            "open": "56.7837",
            "high": "56.7837",
            "low": "56.7837",
            "close": "56.7684"
        },
        {
            "time": "10.08.2021 21:56",
            "open": "56.7684",
            "high": "56.7685",
            "low": "56.7684",
            "close": "56.7684"
        },
        {
            "time": "10.08.2021 21:57",
            "open": "56.7684",
            "high": "56.7684",
            "low": "56.7684",
            "close": "56.7968"
        },
        {
            "time": "10.08.2021 22:01",
            "open": "56.7968",
            "high": "56.7968",
            "low": "56.7968",
            "close": "56.8197"
        },
        {
            "time": "10.08.2021 22:02",
            "open": "56.8197",
            "high": "56.8197",
            "low": "56.8197",
            "close": "56.9916"
        },
        {
            "time": "10.08.2021 22:04",
            "open": "56.9916",
            "high": "56.9916",
            "low": "56.9916",
            "close": "56.9954"
        },
        {
            "time": "10.08.2021 22:06",
            "open": "56.9954",
            "high": "56.9954",
            "low": "56.9954",
            "close": "56.9323"
        },
        {
            "time": "10.08.2021 22:07",
            "open": "56.9323",
            "high": "56.9323",
            "low": "56.9211",
            "close": "56.8653"
        },
        {
            "time": "10.08.2021 22:08",
            "open": "56.8653",
            "high": "56.8712",
            "low": "56.8653",
            "close": "56.9"
        },
        {
            "time": "10.08.2021 22:30",
            "open": "56.9",
            "high": "56.9",
            "low": "56.9",
            "close": "56.9987"
        },
        {
            "time": "10.08.2021 22:33",
            "open": "56.9987",
            "high": "56.9987",
            "low": "56.9987",
            "close": "56.9897"
        },
        {
            "time": "10.08.2021 22:42",
            "open": "56.9897",
            "high": "56.9897",
            "low": "56.9897",
            "close": "57.0628"
        },
        {
            "time": "10.08.2021 22:49",
            "open": "57.0628",
            "high": "57.0628",
            "low": "57.0628",
            "close": "57.1661"
        },
        {
            "time": "10.08.2021 22:53",
            "open": "57.1661",
            "high": "57.1661",
            "low": "57.1661",
            "close": "57.1738"
        },
        {
            "time": "10.08.2021 22:54",
            "open": "57.1738",
            "high": "57.1738",
            "low": "57.1738",
            "close": "57.1411"
        },
        {
            "time": "10.08.2021 22:55",
            "open": "57.1411",
            "high": "57.1917",
            "low": "57.1411",
            "close": "57.0978"
        },
        {
            "time": "10.08.2021 22:59",
            "open": "57.0978",
            "high": "57.0978",
            "low": "57.0978",
            "close": "57.0924"
        },
        {
            "time": "10.08.2021 23:00",
            "open": "57.0924",
            "high": "57.0925",
            "low": "57.0256",
            "close": "57.1291"
        },
        {
            "time": "10.08.2021 23:01",
            "open": "57.1291",
            "high": "57.1291",
            "low": "57.1291",
            "close": "57.1171"
        },
        {
            "time": "10.08.2021 23:02",
            "open": "57.1171",
            "high": "57.1171",
            "low": "57.1171",
            "close": "57.3261"
        },
        {
            "time": "10.08.2021 23:07",
            "open": "57.3261",
            "high": "57.3261",
            "low": "57.3261",
            "close": "57.3149"
        },
        {
            "time": "10.08.2021 23:09",
            "open": "57.3149",
            "high": "57.3149",
            "low": "57.3149",
            "close": "57.3263"
        },
        {
            "time": "10.08.2021 23:11",
            "open": "57.3263",
            "high": "57.3264",
            "low": "57.3263",
            "close": "57.3167"
        },
        {
            "time": "10.08.2021 23:12",
            "open": "57.3167",
            "high": "57.3167",
            "low": "57.3167",
            "close": "57.1428"
        },
        {
            "time": "10.08.2021 23:15",
            "open": "57.1428",
            "high": "57.1428",
            "low": "57.1428",
            "close": "57.1171"
        },
        {
            "time": "10.08.2021 23:17",
            "open": "57.1171",
            "high": "57.1171",
            "low": "57.1171",
            "close": "57.0991"
        },
        {
            "time": "10.08.2021 23:18",
            "open": "57.0991",
            "high": "57.0991",
            "low": "57.0991",
            "close": "57.0541"
        },
        {
            "time": "10.08.2021 23:20",
            "open": "57.0541",
            "high": "57.0541",
            "low": "57.0541",
            "close": "57.2084"
        },
        {
            "time": "10.08.2021 23:22",
            "open": "57.2084",
            "high": "57.2084",
            "low": "57.2084",
            "close": "57.2787"
        },
        {
            "time": "10.08.2021 23:30",
            "open": "57.2787",
            "high": "57.2787",
            "low": "57.2787",
            "close": "57.4901"
        },
        {
            "time": "10.08.2021 23:38",
            "open": "57.4901",
            "high": "57.4901",
            "low": "57.4901",
            "close": "57.3329"
        },
        {
            "time": "10.08.2021 23:39",
            "open": "57.3329",
            "high": "57.343",
            "low": "57.3329",
            "close": "57.3727"
        },
        {
            "time": "10.08.2021 23:40",
            "open": "57.3727",
            "high": "57.3727",
            "low": "57.3727",
            "close": "57.279"
        },
        {
            "time": "10.08.2021 23:41",
            "open": "57.279",
            "high": "57.279",
            "low": "57.2787",
            "close": "57.2787"
        },
        {
            "time": "10.08.2021 23:44",
            "open": "57.2787",
            "high": "57.2787",
            "low": "57.2787",
            "close": "57.2787"
        },
        {
            "time": "10.08.2021 23:45",
            "open": "57.2787",
            "high": "57.2787",
            "low": "57.277",
            "close": "57.2787"
        },
        {
            "time": "10.08.2021 23:46",
            "open": "57.2787",
            "high": "57.2787",
            "low": "57.2787",
            "close": "57.2784"
        },
        {
            "time": "10.08.2021 23:54",
            "open": "57.2784",
            "high": "57.2784",
            "low": "57.2784",
            "close": "57.3776"
        }
    ]
}