{
    "FIL-EUR": [
        {
            "time": "01.07.2021 23:52",
            "open": "47.7227",
            "high": "47.7227",
            "low": "47.7227",
            "close": "47.885"
        },
        {
            "time": "02.07.2021 00:02",
            "open": "47.885",
            "high": "47.908",
            "low": "47.885",
            "close": "47.934"
        },
        {
            "time": "02.07.2021 00:03",
            "open": "47.934",
            "high": "47.934",
            "low": "47.9178",
            "close": "47.9583"
        },
        {
            "time": "02.07.2021 00:04",
            "open": "47.9583",
            "high": "47.9583",
            "low": "47.9583",
            "close": "48.1547"
        },
        {
            "time": "02.07.2021 00:10",
            "open": "48.1547",
            "high": "48.1559",
            "low": "48.1321",
            "close": "48.0065"
        },
        {
            "time": "02.07.2021 00:13",
            "open": "48.0065",
            "high": "48.0065",
            "low": "48.0065",
            "close": "47.9894"
        },
        {
            "time": "02.07.2021 00:15",
            "open": "47.9894",
            "high": "47.9894",
            "low": "47.9894",
            "close": "47.9458"
        },
        {
            "time": "02.07.2021 00:16",
            "open": "47.9458",
            "high": "47.9458",
            "low": "47.9458",
            "close": "47.9489"
        },
        {
            "time": "02.07.2021 00:17",
            "open": "47.9489",
            "high": "47.9489",
            "low": "47.9489",
            "close": "47.9575"
        },
        {
            "time": "02.07.2021 00:19",
            "open": "47.9575",
            "high": "47.9575",
            "low": "47.9575",
            "close": "47.9575"
        },
        {
            "time": "02.07.2021 00:20",
            "open": "47.9575",
            "high": "47.9575",
            "low": "47.9575",
            "close": "47.9575"
        },
        {
            "time": "02.07.2021 00:22",
            "open": "47.9575",
            "high": "47.9575",
            "low": "47.9575",
            "close": "47.9575"
        },
        {
            "time": "02.07.2021 00:24",
            "open": "47.9575",
            "high": "47.9575",
            "low": "47.9575",
            "close": "47.9575"
        },
        {
            "time": "02.07.2021 00:25",
            "open": "47.9575",
            "high": "47.9575",
            "low": "47.9575",
            "close": "47.9575"
        },
        {
            "time": "02.07.2021 00:27",
            "open": "47.9575",
            "high": "48.0239",
            "low": "47.9575",
            "close": "48.0239"
        },
        {
            "time": "02.07.2021 00:28",
            "open": "48.0239",
            "high": "48.0239",
            "low": "48.0239",
            "close": "48.0239"
        },
        {
            "time": "02.07.2021 00:29",
            "open": "48.0239",
            "high": "48.0252",
            "low": "48.0239",
            "close": "48.3896"
        },
        {
            "time": "02.07.2021 00:53",
            "open": "48.3896",
            "high": "48.3896",
            "low": "48.3896",
            "close": "48.3896"
        },
        {
            "time": "02.07.2021 00:56",
            "open": "48.3896",
            "high": "48.3896",
            "low": "48.3896",
            "close": "48.3896"
        },
        {
            "time": "02.07.2021 00:57",
            "open": "48.3896",
            "high": "48.3896",
            "low": "48.3896",
            "close": "48.3895"
        },
        {
            "time": "02.07.2021 01:00",
            "open": "48.3895",
            "high": "48.4581",
            "low": "48.3895",
            "close": "48.4037"
        },
        {
            "time": "02.07.2021 01:02",
            "open": "48.4037",
            "high": "48.4037",
            "low": "48.4037",
            "close": "48.4037"
        },
        {
            "time": "02.07.2021 01:03",
            "open": "48.4037",
            "high": "48.4037",
            "low": "48.4037",
            "close": "48.3899"
        },
        {
            "time": "02.07.2021 01:04",
            "open": "48.3899",
            "high": "48.4059",
            "low": "48.3398",
            "close": "48.2716"
        },
        {
            "time": "02.07.2021 01:06",
            "open": "48.2716",
            "high": "48.2716",
            "low": "48.2716",
            "close": "48.2716"
        },
        {
            "time": "02.07.2021 01:08",
            "open": "48.2716",
            "high": "48.2716",
            "low": "48.2716",
            "close": "48.2716"
        },
        {
            "time": "02.07.2021 01:09",
            "open": "48.2716",
            "high": "48.2716",
            "low": "48.2716",
            "close": "48.1195"
        },
        {
            "time": "02.07.2021 01:10",
            "open": "48.1195",
            "high": "48.1195",
            "low": "48.1195",
            "close": "48.0252"
        },
        {
            "time": "02.07.2021 01:13",
            "open": "48.0252",
            "high": "48.0252",
            "low": "48.0252",
            "close": "48.0252"
        },
        {
            "time": "02.07.2021 01:14",
            "open": "48.0252",
            "high": "48.029",
            "low": "48.0252",
            "close": "48.029"
        },
        {
            "time": "02.07.2021 01:15",
            "open": "48.029",
            "high": "48.029",
            "low": "48.029",
            "close": "48.029"
        },
        {
            "time": "02.07.2021 01:16",
            "open": "48.029",
            "high": "48.029",
            "low": "47.9559",
            "close": "47.9559"
        },
        {
            "time": "02.07.2021 01:21",
            "open": "47.9559",
            "high": "47.9559",
            "low": "47.9559",
            "close": "47.9559"
        },
        {
            "time": "02.07.2021 01:22",
            "open": "47.9559",
            "high": "48.0634",
            "low": "47.9559",
            "close": "48.0634"
        },
        {
            "time": "02.07.2021 01:25",
            "open": "48.0634",
            "high": "48.0634",
            "low": "48.0634",
            "close": "48.0634"
        },
        {
            "time": "02.07.2021 01:26",
            "open": "48.0634",
            "high": "48.097",
            "low": "48.0634",
            "close": "48.1285"
        },
        {
            "time": "02.07.2021 01:27",
            "open": "48.1285",
            "high": "48.1285",
            "low": "48.1285",
            "close": "48.2138"
        },
        {
            "time": "02.07.2021 01:28",
            "open": "48.2138",
            "high": "48.2138",
            "low": "48.1285",
            "close": "48.1285"
        },
        {
            "time": "02.07.2021 01:29",
            "open": "48.1285",
            "high": "48.1285",
            "low": "48.1267",
            "close": "48.1267"
        },
        {
            "time": "02.07.2021 01:30",
            "open": "48.1267",
            "high": "48.1267",
            "low": "48.1267",
            "close": "48.1382"
        },
        {
            "time": "02.07.2021 01:31",
            "open": "48.1382",
            "high": "48.2138",
            "low": "48.1382",
            "close": "48.2575"
        },
        {
            "time": "02.07.2021 01:32",
            "open": "48.2575",
            "high": "48.2575",
            "low": "48.2575",
            "close": "48.2138"
        },
        {
            "time": "02.07.2021 01:33",
            "open": "48.2138",
            "high": "48.2138",
            "low": "48.2138",
            "close": "48.2575"
        },
        {
            "time": "02.07.2021 01:36",
            "open": "48.2575",
            "high": "48.2575",
            "low": "48.2575",
            "close": "48.0137"
        },
        {
            "time": "02.07.2021 01:42",
            "open": "48.0137",
            "high": "48.0137",
            "low": "47.9936",
            "close": "47.97"
        },
        {
            "time": "02.07.2021 01:44",
            "open": "47.97",
            "high": "47.97",
            "low": "47.97",
            "close": "47.97"
        },
        {
            "time": "02.07.2021 01:45",
            "open": "47.97",
            "high": "47.97",
            "low": "47.97",
            "close": "47.97"
        },
        {
            "time": "02.07.2021 01:48",
            "open": "47.97",
            "high": "47.97",
            "low": "47.97",
            "close": "48.091"
        },
        {
            "time": "02.07.2021 01:49",
            "open": "48.091",
            "high": "48.091",
            "low": "48.0872",
            "close": "48.0872"
        },
        {
            "time": "02.07.2021 01:54",
            "open": "48.0872",
            "high": "48.0872",
            "low": "48.0775",
            "close": "48.0431"
        },
        {
            "time": "02.07.2021 01:56",
            "open": "48.0431",
            "high": "48.0431",
            "low": "48.0431",
            "close": "47.5691"
        },
        {
            "time": "02.07.2021 02:01",
            "open": "47.5691",
            "high": "47.6345",
            "low": "47.4729",
            "close": "47.551"
        },
        {
            "time": "02.07.2021 02:02",
            "open": "47.551",
            "high": "47.551",
            "low": "47.551",
            "close": "47.538"
        },
        {
            "time": "02.07.2021 02:03",
            "open": "47.538",
            "high": "47.538",
            "low": "47.538",
            "close": "47.7209"
        },
        {
            "time": "02.07.2021 02:04",
            "open": "47.7209",
            "high": "47.7209",
            "low": "47.7209",
            "close": "47.7976"
        },
        {
            "time": "02.07.2021 02:05",
            "open": "47.7976",
            "high": "47.7976",
            "low": "47.7976",
            "close": "48.1118"
        },
        {
            "time": "02.07.2021 02:07",
            "open": "48.1118",
            "high": "48.1277",
            "low": "48.0849",
            "close": "47.976"
        },
        {
            "time": "02.07.2021 02:08",
            "open": "47.976",
            "high": "48.0327",
            "low": "47.976",
            "close": "48.1304"
        },
        {
            "time": "02.07.2021 02:09",
            "open": "48.1304",
            "high": "48.1326",
            "low": "48.0849",
            "close": "48.0683"
        },
        {
            "time": "02.07.2021 02:10",
            "open": "48.0683",
            "high": "48.1155",
            "low": "48.0683",
            "close": "48.2477"
        },
        {
            "time": "02.07.2021 02:11",
            "open": "48.2477",
            "high": "48.2524",
            "low": "48.2477",
            "close": "48.3243"
        },
        {
            "time": "02.07.2021 02:12",
            "open": "48.3243",
            "high": "48.3297",
            "low": "48.3141",
            "close": "48.3091"
        },
        {
            "time": "02.07.2021 02:13",
            "open": "48.3091",
            "high": "48.3091",
            "low": "48.1709",
            "close": "48.2991"
        },
        {
            "time": "02.07.2021 02:14",
            "open": "48.2991",
            "high": "48.2991",
            "low": "48.2802",
            "close": "48.2512"
        },
        {
            "time": "02.07.2021 02:15",
            "open": "48.2512",
            "high": "48.3214",
            "low": "48.2512",
            "close": "48.2531"
        },
        {
            "time": "02.07.2021 02:16",
            "open": "48.2531",
            "high": "48.2531",
            "low": "48.2343",
            "close": "48.2219"
        },
        {
            "time": "02.07.2021 02:19",
            "open": "48.2219",
            "high": "48.2219",
            "low": "48.2219",
            "close": "48.2219"
        },
        {
            "time": "02.07.2021 02:28",
            "open": "48.2219",
            "high": "48.2219",
            "low": "48.2219",
            "close": "48.0747"
        },
        {
            "time": "02.07.2021 02:31",
            "open": "48.0747",
            "high": "48.0747",
            "low": "48.0747",
            "close": "48.0293"
        },
        {
            "time": "02.07.2021 02:32",
            "open": "48.0293",
            "high": "48.0293",
            "low": "48.0293",
            "close": "47.9845"
        },
        {
            "time": "02.07.2021 02:33",
            "open": "47.9845",
            "high": "47.9845",
            "low": "47.9845",
            "close": "47.9844"
        },
        {
            "time": "02.07.2021 02:34",
            "open": "47.9844",
            "high": "47.9844",
            "low": "47.9844",
            "close": "47.9844"
        },
        {
            "time": "02.07.2021 02:36",
            "open": "47.9844",
            "high": "47.9846",
            "low": "47.9702",
            "close": "48.0921"
        },
        {
            "time": "02.07.2021 02:39",
            "open": "48.0921",
            "high": "48.0921",
            "low": "48.0921",
            "close": "48.234"
        },
        {
            "time": "02.07.2021 02:44",
            "open": "48.234",
            "high": "48.234",
            "low": "48.234",
            "close": "48.234"
        },
        {
            "time": "02.07.2021 02:58",
            "open": "48.234",
            "high": "48.234",
            "low": "48.234",
            "close": "48.2419"
        },
        {
            "time": "02.07.2021 02:59",
            "open": "48.2419",
            "high": "48.2419",
            "low": "48.2419",
            "close": "48.2419"
        },
        {
            "time": "02.07.2021 03:04",
            "open": "48.2419",
            "high": "48.2419",
            "low": "48.2419",
            "close": "48.0482"
        },
        {
            "time": "02.07.2021 03:14",
            "open": "48.0482",
            "high": "48.0482",
            "low": "48.0482",
            "close": "47.6647"
        },
        {
            "time": "02.07.2021 03:32",
            "open": "47.6647",
            "high": "47.6844",
            "low": "47.6052",
            "close": "47.7525"
        },
        {
            "time": "02.07.2021 03:33",
            "open": "47.7525",
            "high": "47.7525",
            "low": "47.7525",
            "close": "47.6054"
        },
        {
            "time": "02.07.2021 03:37",
            "open": "47.6054",
            "high": "47.6054",
            "low": "47.5687",
            "close": "47.6078"
        },
        {
            "time": "02.07.2021 03:39",
            "open": "47.6078",
            "high": "47.6078",
            "low": "47.6078",
            "close": "47.485"
        },
        {
            "time": "02.07.2021 04:04",
            "open": "47.426",
            "high": "47.426",
            "low": "47.426",
            "close": "47.6511"
        },
        {
            "time": "02.07.2021 04:27",
            "open": "47.6511",
            "high": "47.6511",
            "low": "47.6511",
            "close": "47.73"
        },
        {
            "time": "02.07.2021 04:58",
            "open": "47.73",
            "high": "47.7301",
            "low": "47.73",
            "close": "47.4363"
        },
        {
            "time": "02.07.2021 05:12",
            "open": "47.4363",
            "high": "47.4363",
            "low": "47.4363",
            "close": "47.1124"
        },
        {
            "time": "02.07.2021 05:25",
            "open": "47.1124",
            "high": "47.1124",
            "low": "47.1101",
            "close": "47.1312"
        },
        {
            "time": "02.07.2021 05:39",
            "open": "47.1312",
            "high": "47.1312",
            "low": "47.1312",
            "close": "47.0026"
        },
        {
            "time": "02.07.2021 06:07",
            "open": "47.0026",
            "high": "47.0026",
            "low": "47.0026",
            "close": "47.275"
        },
        {
            "time": "02.07.2021 06:18",
            "open": "47.275",
            "high": "47.275",
            "low": "47.275",
            "close": "47.2004"
        },
        {
            "time": "02.07.2021 06:21",
            "open": "47.2004",
            "high": "47.2004",
            "low": "47.2003",
            "close": "47.0915"
        },
        {
            "time": "02.07.2021 06:28",
            "open": "47.0915",
            "high": "47.0915",
            "low": "47.0915",
            "close": "47.0916"
        },
        {
            "time": "02.07.2021 06:37",
            "open": "47.0916",
            "high": "47.0916",
            "low": "47.0871",
            "close": "47.2375"
        },
        {
            "time": "02.07.2021 06:59",
            "open": "47.2375",
            "high": "47.2375",
            "low": "47.2375",
            "close": "47.2397"
        },
        {
            "time": "02.07.2021 07:00",
            "open": "47.2397",
            "high": "47.2397",
            "low": "47.2397",
            "close": "47.2397"
        },
        {
            "time": "02.07.2021 07:03",
            "open": "47.2397",
            "high": "47.2397",
            "low": "47.2397",
            "close": "47.1195"
        },
        {
            "time": "02.07.2021 07:15",
            "open": "47.1195",
            "high": "47.1195",
            "low": "47.1188",
            "close": "47.2194"
        },
        {
            "time": "02.07.2021 07:24",
            "open": "47.2194",
            "high": "47.2194",
            "low": "47.2186",
            "close": "46.9869"
        },
        {
            "time": "02.07.2021 07:32",
            "open": "46.9869",
            "high": "46.9869",
            "low": "46.9869",
            "close": "47.0372"
        },
        {
            "time": "02.07.2021 07:33",
            "open": "47.0372",
            "high": "47.0372",
            "low": "47.0372",
            "close": "46.879"
        },
        {
            "time": "02.07.2021 07:41",
            "open": "46.879",
            "high": "46.879",
            "low": "46.879",
            "close": "46.8227"
        },
        {
            "time": "02.07.2021 07:45",
            "open": "46.8227",
            "high": "46.879",
            "low": "46.8227",
            "close": "46.7111"
        },
        {
            "time": "02.07.2021 07:54",
            "open": "46.7111",
            "high": "46.7111",
            "low": "46.7111",
            "close": "46.6129"
        },
        {
            "time": "02.07.2021 07:55",
            "open": "46.6129",
            "high": "46.6129",
            "low": "46.563",
            "close": "46.879"
        },
        {
            "time": "02.07.2021 08:01",
            "open": "46.879",
            "high": "46.879",
            "low": "46.879",
            "close": "46.9708"
        },
        {
            "time": "02.07.2021 08:05",
            "open": "46.9708",
            "high": "46.9708",
            "low": "46.9708",
            "close": "46.7432"
        },
        {
            "time": "02.07.2021 08:12",
            "open": "46.7432",
            "high": "46.7441",
            "low": "46.7432",
            "close": "46.5907"
        },
        {
            "time": "02.07.2021 08:15",
            "open": "46.5907",
            "high": "46.5957",
            "low": "46.5907",
            "close": "46.5692"
        },
        {
            "time": "02.07.2021 08:16",
            "open": "46.5692",
            "high": "46.5793",
            "low": "46.5692",
            "close": "46.5227"
        },
        {
            "time": "02.07.2021 08:17",
            "open": "46.5227",
            "high": "46.5227",
            "low": "46.5227",
            "close": "46.5"
        },
        {
            "time": "02.07.2021 08:19",
            "open": "46.5",
            "high": "46.5",
            "low": "46.4773",
            "close": "46.7555"
        },
        {
            "time": "02.07.2021 08:24",
            "open": "46.7555",
            "high": "46.7556",
            "low": "46.7555",
            "close": "46.6643"
        },
        {
            "time": "02.07.2021 08:25",
            "open": "46.6643",
            "high": "46.6643",
            "low": "46.664",
            "close": "46.5238"
        },
        {
            "time": "02.07.2021 08:26",
            "open": "46.5238",
            "high": "46.5747",
            "low": "46.5238",
            "close": "46.7058"
        },
        {
            "time": "02.07.2021 08:29",
            "open": "46.7058",
            "high": "46.7058",
            "low": "46.7058",
            "close": "46.7058"
        },
        {
            "time": "02.07.2021 08:36",
            "open": "46.7058",
            "high": "46.7058",
            "low": "46.7058",
            "close": "46.6054"
        },
        {
            "time": "02.07.2021 08:45",
            "open": "46.6054",
            "high": "46.6054",
            "low": "46.6054",
            "close": "46.7427"
        },
        {
            "time": "02.07.2021 08:53",
            "open": "46.7427",
            "high": "46.7427",
            "low": "46.7427",
            "close": "46.7536"
        },
        {
            "time": "02.07.2021 08:56",
            "open": "46.7536",
            "high": "46.7536",
            "low": "46.7536",
            "close": "46.8621"
        },
        {
            "time": "02.07.2021 09:02",
            "open": "46.8621",
            "high": "46.8621",
            "low": "46.8621",
            "close": "47.0761"
        },
        {
            "time": "02.07.2021 09:11",
            "open": "47.0761",
            "high": "47.0761",
            "low": "47.0761",
            "close": "47.0462"
        },
        {
            "time": "02.07.2021 09:32",
            "open": "47.0462",
            "high": "47.0462",
            "low": "47.0462",
            "close": "47.0147"
        },
        {
            "time": "02.07.2021 09:33",
            "open": "47.0147",
            "high": "47.0147",
            "low": "47.0147",
            "close": "46.9727"
        },
        {
            "time": "02.07.2021 09:35",
            "open": "46.9727",
            "high": "46.9727",
            "low": "46.9727",
            "close": "47.0018"
        },
        {
            "time": "02.07.2021 09:36",
            "open": "47.0018",
            "high": "47.0018",
            "low": "47.0018",
            "close": "46.899"
        },
        {
            "time": "02.07.2021 09:38",
            "open": "46.899",
            "high": "46.899",
            "low": "46.899",
            "close": "46.9851"
        },
        {
            "time": "02.07.2021 09:41",
            "open": "46.9851",
            "high": "46.9851",
            "low": "46.9851",
            "close": "47.0973"
        },
        {
            "time": "02.07.2021 09:43",
            "open": "47.0973",
            "high": "47.0973",
            "low": "47.0973",
            "close": "47.1545"
        },
        {
            "time": "02.07.2021 09:49",
            "open": "47.1545",
            "high": "47.1545",
            "low": "47.1485",
            "close": "47.2118"
        },
        {
            "time": "02.07.2021 09:51",
            "open": "47.2118",
            "high": "47.2118",
            "low": "47.2118",
            "close": "47.2473"
        },
        {
            "time": "02.07.2021 09:55",
            "open": "47.2473",
            "high": "47.2473",
            "low": "47.2473",
            "close": "47.1373"
        },
        {
            "time": "02.07.2021 10:01",
            "open": "47.1373",
            "high": "47.1373",
            "low": "47.1373",
            "close": "47.1373"
        },
        {
            "time": "02.07.2021 10:03",
            "open": "47.1373",
            "high": "47.1373",
            "low": "47.1373",
            "close": "47.4"
        },
        {
            "time": "02.07.2021 10:16",
            "open": "47.4",
            "high": "47.4424",
            "low": "47.4",
            "close": "47.4699"
        },
        {
            "time": "02.07.2021 10:17",
            "open": "47.4699",
            "high": "47.4699",
            "low": "47.4699",
            "close": "47.5608"
        },
        {
            "time": "02.07.2021 10:18",
            "open": "47.5608",
            "high": "47.5619",
            "low": "47.5608",
            "close": "47.5726"
        },
        {
            "time": "02.07.2021 10:19",
            "open": "47.5726",
            "high": "47.5792",
            "low": "47.5726",
            "close": "47.5626"
        },
        {
            "time": "02.07.2021 10:20",
            "open": "47.5626",
            "high": "47.5654",
            "low": "47.5626",
            "close": "47.5047"
        },
        {
            "time": "02.07.2021 10:21",
            "open": "47.5047",
            "high": "47.5095",
            "low": "47.5047",
            "close": "47.4775"
        },
        {
            "time": "02.07.2021 10:22",
            "open": "47.4775",
            "high": "47.4777",
            "low": "47.4775",
            "close": "47.4926"
        },
        {
            "time": "02.07.2021 10:23",
            "open": "47.4926",
            "high": "47.4926",
            "low": "47.4926",
            "close": "47.4504"
        },
        {
            "time": "02.07.2021 10:24",
            "open": "47.4504",
            "high": "47.4505",
            "low": "47.3806",
            "close": "47.4028"
        },
        {
            "time": "02.07.2021 10:25",
            "open": "47.4028",
            "high": "47.4137",
            "low": "47.4028",
            "close": "47.4639"
        },
        {
            "time": "02.07.2021 10:26",
            "open": "47.4639",
            "high": "47.4639",
            "low": "47.4639",
            "close": "47.3134"
        },
        {
            "time": "02.07.2021 10:29",
            "open": "47.3134",
            "high": "47.3134",
            "low": "47.3134",
            "close": "47.2535"
        },
        {
            "time": "02.07.2021 10:32",
            "open": "47.2535",
            "high": "47.2535",
            "low": "47.2535",
            "close": "47.1445"
        },
        {
            "time": "02.07.2021 10:38",
            "open": "47.1445",
            "high": "47.1445",
            "low": "47.1445",
            "close": "47.0819"
        },
        {
            "time": "02.07.2021 10:39",
            "open": "47.0819",
            "high": "47.0819",
            "low": "47.0819",
            "close": "47.0395"
        },
        {
            "time": "02.07.2021 10:40",
            "open": "47.0395",
            "high": "47.0395",
            "low": "47.0395",
            "close": "47.0499"
        },
        {
            "time": "02.07.2021 10:49",
            "open": "47.0499",
            "high": "47.0499",
            "low": "47.0193",
            "close": "47.0536"
        },
        {
            "time": "02.07.2021 11:02",
            "open": "47.0536",
            "high": "47.0536",
            "low": "47.0536",
            "close": "46.7785"
        },
        {
            "time": "02.07.2021 11:17",
            "open": "46.7785",
            "high": "46.7788",
            "low": "46.7785",
            "close": "46.6839"
        },
        {
            "time": "02.07.2021 12:05",
            "open": "46.6839",
            "high": "46.7128",
            "low": "46.6802",
            "close": "46.6581"
        },
        {
            "time": "02.07.2021 12:06",
            "open": "46.6581",
            "high": "46.6655",
            "low": "46.6581",
            "close": "46.7788"
        },
        {
            "time": "02.07.2021 12:10",
            "open": "46.7788",
            "high": "46.7788",
            "low": "46.7788",
            "close": "46.678"
        },
        {
            "time": "02.07.2021 12:15",
            "open": "46.678",
            "high": "46.678",
            "low": "46.6575",
            "close": "46.8755"
        },
        {
            "time": "02.07.2021 12:18",
            "open": "46.8755",
            "high": "46.8755",
            "low": "46.8755",
            "close": "47.1363"
        },
        {
            "time": "02.07.2021 12:31",
            "open": "47.1363",
            "high": "47.1363",
            "low": "47.1363",
            "close": "47.1363"
        },
        {
            "time": "02.07.2021 12:32",
            "open": "47.1363",
            "high": "47.1363",
            "low": "47.1363",
            "close": "47.1238"
        },
        {
            "time": "02.07.2021 12:33",
            "open": "47.1238",
            "high": "47.1238",
            "low": "47.1238",
            "close": "46.9835"
        },
        {
            "time": "02.07.2021 12:38",
            "open": "46.9835",
            "high": "46.9835",
            "low": "46.9484",
            "close": "46.8621"
        },
        {
            "time": "02.07.2021 12:42",
            "open": "46.8621",
            "high": "46.8621",
            "low": "46.8621",
            "close": "46.964"
        },
        {
            "time": "02.07.2021 12:50",
            "open": "46.964",
            "high": "46.964",
            "low": "46.964",
            "close": "46.964"
        },
        {
            "time": "02.07.2021 13:03",
            "open": "46.964",
            "high": "46.9938",
            "low": "46.964",
            "close": "47.2286"
        },
        {
            "time": "02.07.2021 13:09",
            "open": "47.2286",
            "high": "47.2286",
            "low": "47.2286",
            "close": "47.2081"
        },
        {
            "time": "02.07.2021 13:10",
            "open": "47.2081",
            "high": "47.2081",
            "low": "47.2081",
            "close": "47.0634"
        },
        {
            "time": "02.07.2021 13:23",
            "open": "47.0634",
            "high": "47.0634",
            "low": "47.0531",
            "close": "47.1063"
        },
        {
            "time": "02.07.2021 13:24",
            "open": "47.1063",
            "high": "47.1063",
            "low": "47.1063",
            "close": "46.8922"
        },
        {
            "time": "02.07.2021 13:32",
            "open": "46.8922",
            "high": "46.8922",
            "low": "46.8922",
            "close": "46.8735"
        },
        {
            "time": "02.07.2021 13:33",
            "open": "46.8735",
            "high": "46.8735",
            "low": "46.8735",
            "close": "46.8811"
        },
        {
            "time": "02.07.2021 13:54",
            "open": "46.8811",
            "high": "46.8811",
            "low": "46.8811",
            "close": "46.8811"
        },
        {
            "time": "02.07.2021 14:03",
            "open": "46.8811",
            "high": "46.8811",
            "low": "46.8811",
            "close": "46.8811"
        },
        {
            "time": "02.07.2021 14:04",
            "open": "46.8811",
            "high": "46.8811",
            "low": "46.8811",
            "close": "47.0219"
        },
        {
            "time": "02.07.2021 14:07",
            "open": "47.0219",
            "high": "47.0219",
            "low": "47.0219",
            "close": "46.8746"
        },
        {
            "time": "02.07.2021 14:10",
            "open": "46.8746",
            "high": "46.8746",
            "low": "46.859",
            "close": "46.8725"
        },
        {
            "time": "02.07.2021 14:11",
            "open": "46.8725",
            "high": "46.8727",
            "low": "46.8725",
            "close": "46.933"
        },
        {
            "time": "02.07.2021 14:21",
            "open": "46.933",
            "high": "46.933",
            "low": "46.933",
            "close": "46.8692"
        },
        {
            "time": "02.07.2021 14:23",
            "open": "46.8692",
            "high": "46.87",
            "low": "46.8692",
            "close": "47.0892"
        },
        {
            "time": "02.07.2021 14:35",
            "open": "47.0892",
            "high": "47.0892",
            "low": "47.0892",
            "close": "47.0978"
        },
        {
            "time": "02.07.2021 14:36",
            "open": "47.0978",
            "high": "47.0993",
            "low": "47.0978",
            "close": "47.0442"
        },
        {
            "time": "02.07.2021 14:45",
            "open": "47.0442",
            "high": "47.0442",
            "low": "47.0327",
            "close": "47.2296"
        },
        {
            "time": "02.07.2021 14:46",
            "open": "47.2296",
            "high": "47.2428",
            "low": "47.2296",
            "close": "47.2881"
        },
        {
            "time": "02.07.2021 14:47",
            "open": "47.2881",
            "high": "47.2883",
            "low": "47.2881",
            "close": "47.2438"
        },
        {
            "time": "02.07.2021 14:48",
            "open": "47.2438",
            "high": "47.2574",
            "low": "47.2438",
            "close": "47.2509"
        },
        {
            "time": "02.07.2021 14:49",
            "open": "47.2509",
            "high": "47.251",
            "low": "47.2509",
            "close": "47.172"
        },
        {
            "time": "02.07.2021 14:58",
            "open": "47.172",
            "high": "47.172",
            "low": "47.172",
            "close": "47.1096"
        },
        {
            "time": "02.07.2021 15:01",
            "open": "47.1096",
            "high": "47.1096",
            "low": "47.1096",
            "close": "47.0418"
        },
        {
            "time": "02.07.2021 15:02",
            "open": "47.0418",
            "high": "47.0418",
            "low": "47.0418",
            "close": "47.0092"
        },
        {
            "time": "02.07.2021 15:03",
            "open": "47.0092",
            "high": "47.0092",
            "low": "47.0092",
            "close": "47.0376"
        },
        {
            "time": "02.07.2021 15:07",
            "open": "47.0376",
            "high": "47.0376",
            "low": "47.0376",
            "close": "47.1768"
        },
        {
            "time": "02.07.2021 15:10",
            "open": "47.1768",
            "high": "47.1768",
            "low": "47.1768",
            "close": "47.2052"
        },
        {
            "time": "02.07.2021 15:11",
            "open": "47.2052",
            "high": "47.2052",
            "low": "47.2052",
            "close": "47.3798"
        },
        {
            "time": "02.07.2021 15:14",
            "open": "47.3798",
            "high": "47.3798",
            "low": "47.3521",
            "close": "47.4326"
        },
        {
            "time": "02.07.2021 15:15",
            "open": "47.4326",
            "high": "47.4326",
            "low": "47.4326",
            "close": "47.407"
        },
        {
            "time": "02.07.2021 15:16",
            "open": "47.407",
            "high": "47.4164",
            "low": "47.3456",
            "close": "47.4546"
        },
        {
            "time": "02.07.2021 15:17",
            "open": "47.4546",
            "high": "47.4546",
            "low": "47.4546",
            "close": "47.3281"
        },
        {
            "time": "02.07.2021 15:18",
            "open": "47.3281",
            "high": "47.3281",
            "low": "47.3281",
            "close": "47.1619"
        },
        {
            "time": "02.07.2021 15:31",
            "open": "47.1619",
            "high": "47.1619",
            "low": "47.1619",
            "close": "47.1619"
        },
        {
            "time": "02.07.2021 15:32",
            "open": "47.1619",
            "high": "47.1619",
            "low": "47.1619",
            "close": "47.1504"
        },
        {
            "time": "02.07.2021 15:33",
            "open": "47.1504",
            "high": "47.1504",
            "low": "47.1504",
            "close": "47.23"
        },
        {
            "time": "02.07.2021 15:39",
            "open": "47.23",
            "high": "47.23",
            "low": "47.23",
            "close": "47.23"
        },
        {
            "time": "02.07.2021 15:40",
            "open": "47.23",
            "high": "47.23",
            "low": "47.23",
            "close": "47.2856"
        },
        {
            "time": "02.07.2021 15:41",
            "open": "47.2856",
            "high": "47.2856",
            "low": "47.2856",
            "close": "47.2813"
        },
        {
            "time": "02.07.2021 15:44",
            "open": "47.2813",
            "high": "47.2813",
            "low": "47.2813",
            "close": "47.4148"
        },
        {
            "time": "02.07.2021 16:01",
            "open": "47.4148",
            "high": "47.4148",
            "low": "47.4148",
            "close": "47.4855"
        },
        {
            "time": "02.07.2021 16:02",
            "open": "47.4855",
            "high": "47.4855",
            "low": "47.4855",
            "close": "47.4855"
        },
        {
            "time": "02.07.2021 16:03",
            "open": "47.4855",
            "high": "47.4855",
            "low": "47.4855",
            "close": "47.7369"
        },
        {
            "time": "02.07.2021 16:06",
            "open": "47.7369",
            "high": "47.7659",
            "low": "47.6985",
            "close": "47.5587"
        },
        {
            "time": "02.07.2021 16:10",
            "open": "47.5587",
            "high": "47.5589",
            "low": "47.5587",
            "close": "47.4658"
        },
        {
            "time": "02.07.2021 16:19",
            "open": "47.4658",
            "high": "47.4658",
            "low": "47.4658",
            "close": "47.9312"
        },
        {
            "time": "02.07.2021 16:31",
            "open": "47.9312",
            "high": "47.9527",
            "low": "47.9309",
            "close": "47.9911"
        },
        {
            "time": "02.07.2021 16:33",
            "open": "47.9911",
            "high": "47.9911",
            "low": "47.9909",
            "close": "47.9909"
        },
        {
            "time": "02.07.2021 16:34",
            "open": "47.9909",
            "high": "47.9963",
            "low": "47.9309",
            "close": "47.8729"
        },
        {
            "time": "02.07.2021 16:37",
            "open": "47.8729",
            "high": "47.8729",
            "low": "47.8729",
            "close": "47.9226"
        },
        {
            "time": "02.07.2021 16:39",
            "open": "47.9226",
            "high": "47.9226",
            "low": "47.9226",
            "close": "48.051"
        },
        {
            "time": "02.07.2021 16:40",
            "open": "48.051",
            "high": "48.051",
            "low": "48.051",
            "close": "48.0145"
        },
        {
            "time": "02.07.2021 16:41",
            "open": "48.0145",
            "high": "48.0145",
            "low": "48.0145",
            "close": "48.042"
        },
        {
            "time": "02.07.2021 16:56",
            "open": "48.042",
            "high": "48.042",
            "low": "48.042",
            "close": "48.1275"
        },
        {
            "time": "02.07.2021 16:58",
            "open": "48.1275",
            "high": "48.1275",
            "low": "48.1275",
            "close": "48.1275"
        },
        {
            "time": "02.07.2021 17:02",
            "open": "48.1275",
            "high": "48.1275",
            "low": "48.1119",
            "close": "48.1001"
        },
        {
            "time": "02.07.2021 17:03",
            "open": "48.1001",
            "high": "48.1001",
            "low": "48.1001",
            "close": "48.0647"
        },
        {
            "time": "02.07.2021 17:07",
            "open": "48.0647",
            "high": "48.0647",
            "low": "48.0647",
            "close": "47.821"
        },
        {
            "time": "02.07.2021 17:25",
            "open": "47.821",
            "high": "47.8244",
            "low": "47.821",
            "close": "47.8244"
        },
        {
            "time": "02.07.2021 17:35",
            "open": "47.8244",
            "high": "47.8244",
            "low": "47.8244",
            "close": "47.9058"
        },
        {
            "time": "02.07.2021 17:36",
            "open": "47.9058",
            "high": "47.9058",
            "low": "47.9058",
            "close": "47.8954"
        },
        {
            "time": "02.07.2021 17:38",
            "open": "47.8954",
            "high": "47.9363",
            "low": "47.8954",
            "close": "47.9724"
        },
        {
            "time": "02.07.2021 17:41",
            "open": "47.9724",
            "high": "47.9724",
            "low": "47.9724",
            "close": "48.3446"
        },
        {
            "time": "02.07.2021 17:57",
            "open": "48.3446",
            "high": "48.3446",
            "low": "48.3445",
            "close": "48.1202"
        },
        {
            "time": "02.07.2021 18:10",
            "open": "48.1202",
            "high": "48.1202",
            "low": "48.0336",
            "close": "48.0508"
        },
        {
            "time": "02.07.2021 18:27",
            "open": "48.0508",
            "high": "48.0508",
            "low": "48.0508",
            "close": "47.9446"
        },
        {
            "time": "02.07.2021 18:28",
            "open": "47.9446",
            "high": "47.9446",
            "low": "47.9446",
            "close": "47.928"
        },
        {
            "time": "02.07.2021 18:37",
            "open": "47.928",
            "high": "47.928",
            "low": "47.928",
            "close": "47.8537"
        },
        {
            "time": "02.07.2021 18:48",
            "open": "47.8537",
            "high": "47.8537",
            "low": "47.8537",
            "close": "47.8908"
        },
        {
            "time": "02.07.2021 18:50",
            "open": "47.8908",
            "high": "47.8908",
            "low": "47.8903",
            "close": "48.0272"
        },
        {
            "time": "02.07.2021 18:56",
            "open": "48.0272",
            "high": "48.0272",
            "low": "48.0272",
            "close": "48.1446"
        },
        {
            "time": "02.07.2021 19:05",
            "open": "48.1446",
            "high": "48.1446",
            "low": "48.1446",
            "close": "47.8773"
        },
        {
            "time": "02.07.2021 19:13",
            "open": "47.8773",
            "high": "47.8796",
            "low": "47.8773",
            "close": "47.766"
        },
        {
            "time": "02.07.2021 19:25",
            "open": "47.766",
            "high": "47.766",
            "low": "47.766",
            "close": "47.7603"
        },
        {
            "time": "02.07.2021 19:27",
            "open": "47.7603",
            "high": "47.7603",
            "low": "47.7603",
            "close": "47.7546"
        },
        {
            "time": "02.07.2021 19:32",
            "open": "47.7546",
            "high": "47.7546",
            "low": "47.7546",
            "close": "47.744"
        },
        {
            "time": "02.07.2021 19:50",
            "open": "47.744",
            "high": "47.744",
            "low": "47.744",
            "close": "47.7378"
        },
        {
            "time": "02.07.2021 20:15",
            "open": "47.6682",
            "high": "47.6682",
            "low": "47.6682",
            "close": "47.8303"
        },
        {
            "time": "02.07.2021 20:36",
            "open": "47.8303",
            "high": "47.8303",
            "low": "47.775",
            "close": "47.5716"
        },
        {
            "time": "02.07.2021 20:59",
            "open": "47.5716",
            "high": "47.5716",
            "low": "47.5716",
            "close": "47.6206"
        },
        {
            "time": "02.07.2021 21:00",
            "open": "47.6206",
            "high": "47.6206",
            "low": "47.6206",
            "close": "47.6"
        },
        {
            "time": "02.07.2021 21:12",
            "open": "47.6",
            "high": "47.6",
            "low": "47.6",
            "close": "47.6531"
        },
        {
            "time": "02.07.2021 21:19",
            "open": "47.6531",
            "high": "47.6531",
            "low": "47.6531",
            "close": "47.6843"
        },
        {
            "time": "02.07.2021 21:52",
            "open": "47.6843",
            "high": "47.693",
            "low": "47.6843",
            "close": "47.5625"
        },
        {
            "time": "02.07.2021 22:22",
            "open": "47.5625",
            "high": "47.5625",
            "low": "47.5625",
            "close": "47.5412"
        },
        {
            "time": "02.07.2021 22:44",
            "open": "47.5412",
            "high": "47.5412",
            "low": "47.4549",
            "close": "47.5143"
        },
        {
            "time": "02.07.2021 22:45",
            "open": "47.5143",
            "high": "47.5143",
            "low": "47.5101",
            "close": "47.3866"
        },
        {
            "time": "02.07.2021 22:51",
            "open": "47.3866",
            "high": "47.4401",
            "low": "47.3858",
            "close": "47.3128"
        },
        {
            "time": "02.07.2021 22:53",
            "open": "47.3128",
            "high": "47.3128",
            "low": "47.3128",
            "close": "47.3274"
        },
        {
            "time": "02.07.2021 22:58",
            "open": "47.3274",
            "high": "47.3274",
            "low": "47.3274",
            "close": "47.4382"
        },
        {
            "time": "02.07.2021 23:01",
            "open": "47.4382",
            "high": "47.5083",
            "low": "47.327",
            "close": "47.5717"
        },
        {
            "time": "02.07.2021 23:11",
            "open": "47.5717",
            "high": "47.5717",
            "low": "47.5717",
            "close": "47.5751"
        },
        {
            "time": "02.07.2021 23:12",
            "open": "47.5751",
            "high": "47.5751",
            "low": "47.5751",
            "close": "47.7412"
        },
        {
            "time": "02.07.2021 23:16",
            "open": "47.7412",
            "high": "47.7412",
            "low": "47.7412",
            "close": "47.7412"
        },
        {
            "time": "02.07.2021 23:31",
            "open": "47.7412",
            "high": "47.7412",
            "low": "47.7412",
            "close": "47.7394"
        },
        {
            "time": "02.07.2021 23:32",
            "open": "47.7394",
            "high": "47.7394",
            "low": "47.7394",
            "close": "47.7394"
        },
        {
            "time": "02.07.2021 23:34",
            "open": "47.7394",
            "high": "47.7627",
            "low": "47.7394",
            "close": "47.7786"
        },
        {
            "time": "02.07.2021 23:37",
            "open": "47.7786",
            "high": "47.7786",
            "low": "47.7786",
            "close": "47.7961"
        },
        {
            "time": "02.07.2021 23:40",
            "open": "47.7961",
            "high": "47.8507",
            "low": "47.7961",
            "close": "47.8507"
        },
        {
            "time": "02.07.2021 23:43",
            "open": "47.8507",
            "high": "47.8507",
            "low": "47.8507",
            "close": "47.953"
        }
    ]
}