{
    "FIL-EUR": [
        {
            "time": "29.01.2021 23:52",
            "open": "18.3232",
            "high": "18.3232",
            "low": "18.3232",
            "close": "18.352"
        },
        {
            "time": "30.01.2021 00:06",
            "open": "18.352",
            "high": "18.352",
            "low": "18.352",
            "close": "18.3418"
        },
        {
            "time": "30.01.2021 00:10",
            "open": "18.3418",
            "high": "18.3418",
            "low": "18.3418",
            "close": "18.3088"
        },
        {
            "time": "30.01.2021 00:15",
            "open": "18.3088",
            "high": "18.3088",
            "low": "18.3088",
            "close": "18.3089"
        },
        {
            "time": "30.01.2021 00:16",
            "open": "18.3089",
            "high": "18.3089",
            "low": "18.3089",
            "close": "18.2814"
        },
        {
            "time": "30.01.2021 00:31",
            "open": "18.2814",
            "high": "18.3007",
            "low": "18.2814",
            "close": "18.2796"
        },
        {
            "time": "30.01.2021 00:33",
            "open": "18.2796",
            "high": "18.2796",
            "low": "18.2796",
            "close": "18.3077"
        },
        {
            "time": "30.01.2021 00:36",
            "open": "18.3077",
            "high": "18.3077",
            "low": "18.3077",
            "close": "18.3297"
        },
        {
            "time": "30.01.2021 00:37",
            "open": "18.3297",
            "high": "18.3452",
            "low": "18.3297",
            "close": "18.3724"
        },
        {
            "time": "30.01.2021 00:38",
            "open": "18.3724",
            "high": "18.3725",
            "low": "18.3722",
            "close": "18.4064"
        },
        {
            "time": "30.01.2021 00:39",
            "open": "18.4064",
            "high": "18.4064",
            "low": "18.4064",
            "close": "18.3745"
        },
        {
            "time": "30.01.2021 00:44",
            "open": "18.3745",
            "high": "18.3745",
            "low": "18.3745",
            "close": "18.3796"
        },
        {
            "time": "30.01.2021 00:46",
            "open": "18.3796",
            "high": "18.3796",
            "low": "18.3796",
            "close": "18.398"
        },
        {
            "time": "30.01.2021 00:50",
            "open": "18.398",
            "high": "18.398",
            "low": "18.398",
            "close": "18.3804"
        },
        {
            "time": "30.01.2021 00:55",
            "open": "18.3804",
            "high": "18.3804",
            "low": "18.3804",
            "close": "18.3766"
        },
        {
            "time": "30.01.2021 01:00",
            "open": "18.3766",
            "high": "18.3766",
            "low": "18.3766",
            "close": "18.3843"
        },
        {
            "time": "30.01.2021 01:04",
            "open": "18.3843",
            "high": "18.3843",
            "low": "18.3843",
            "close": "18.4211"
        },
        {
            "time": "30.01.2021 01:05",
            "open": "18.4211",
            "high": "18.4213",
            "low": "18.4129",
            "close": "18.4107"
        },
        {
            "time": "30.01.2021 01:07",
            "open": "18.4107",
            "high": "18.4107",
            "low": "18.4107",
            "close": "18.3696"
        },
        {
            "time": "30.01.2021 01:12",
            "open": "18.3696",
            "high": "18.3696",
            "low": "18.3696",
            "close": "18.3147"
        },
        {
            "time": "30.01.2021 01:13",
            "open": "18.3147",
            "high": "18.3147",
            "low": "18.3145",
            "close": "18.3077"
        },
        {
            "time": "30.01.2021 01:15",
            "open": "18.3077",
            "high": "18.3077",
            "low": "18.3077",
            "close": "18.3033"
        },
        {
            "time": "30.01.2021 01:38",
            "open": "18.3033",
            "high": "18.3033",
            "low": "18.3033",
            "close": "18.3011"
        },
        {
            "time": "30.01.2021 01:40",
            "open": "18.3011",
            "high": "18.3011",
            "low": "18.301",
            "close": "18.2993"
        },
        {
            "time": "30.01.2021 01:41",
            "open": "18.2993",
            "high": "18.2993",
            "low": "18.2992",
            "close": "18.3446"
        },
        {
            "time": "30.01.2021 01:48",
            "open": "18.3446",
            "high": "18.391",
            "low": "18.3446",
            "close": "18.3228"
        },
        {
            "time": "30.01.2021 01:49",
            "open": "18.3228",
            "high": "18.3228",
            "low": "18.3228",
            "close": "18.3165"
        },
        {
            "time": "30.01.2021 01:51",
            "open": "18.3165",
            "high": "18.3165",
            "low": "18.3165",
            "close": "18.3051"
        },
        {
            "time": "30.01.2021 01:56",
            "open": "18.3051",
            "high": "18.3051",
            "low": "18.3051",
            "close": "18.3136"
        },
        {
            "time": "30.01.2021 01:57",
            "open": "18.3136",
            "high": "18.3136",
            "low": "18.3136",
            "close": "18.3733"
        },
        {
            "time": "30.01.2021 02:23",
            "open": "18.3733",
            "high": "18.3733",
            "low": "18.3733",
            "close": "18.3593"
        },
        {
            "time": "30.01.2021 02:30",
            "open": "18.3593",
            "high": "18.3593",
            "low": "18.359",
            "close": "18.3902"
        },
        {
            "time": "30.01.2021 02:46",
            "open": "18.3902",
            "high": "18.3902",
            "low": "18.3902",
            "close": "18.3718"
        },
        {
            "time": "30.01.2021 03:11",
            "open": "18.3718",
            "high": "18.3718",
            "low": "18.3718",
            "close": "18.3573"
        },
        {
            "time": "30.01.2021 03:14",
            "open": "18.3573",
            "high": "18.3573",
            "low": "18.3551",
            "close": "18.3551"
        },
        {
            "time": "30.01.2021 03:24",
            "open": "18.3551",
            "high": "18.3551",
            "low": "18.3551",
            "close": "18.3894"
        },
        {
            "time": "30.01.2021 03:29",
            "open": "18.3894",
            "high": "18.4556",
            "low": "18.3894",
            "close": "18.4721"
        },
        {
            "time": "30.01.2021 03:30",
            "open": "18.4721",
            "high": "18.491",
            "low": "18.4024",
            "close": "18.4909"
        },
        {
            "time": "30.01.2021 03:31",
            "open": "18.4909",
            "high": "18.515",
            "low": "18.4909",
            "close": "18.5599"
        },
        {
            "time": "30.01.2021 03:33",
            "open": "18.5599",
            "high": "18.6075",
            "low": "18.4832",
            "close": "18.5714"
        },
        {
            "time": "30.01.2021 03:34",
            "open": "18.5714",
            "high": "18.5714",
            "low": "18.5249",
            "close": "18.5087"
        },
        {
            "time": "30.01.2021 03:35",
            "open": "18.5087",
            "high": "18.5788",
            "low": "18.5087",
            "close": "18.5692"
        },
        {
            "time": "30.01.2021 03:37",
            "open": "18.5692",
            "high": "18.5692",
            "low": "18.5692",
            "close": "18.5729"
        },
        {
            "time": "30.01.2021 03:40",
            "open": "18.5729",
            "high": "18.5778",
            "low": "18.5367",
            "close": "18.6167"
        },
        {
            "time": "30.01.2021 03:42",
            "open": "18.6167",
            "high": "18.6167",
            "low": "18.6167",
            "close": "18.6115"
        },
        {
            "time": "30.01.2021 03:44",
            "open": "18.6115",
            "high": "18.6115",
            "low": "18.5414",
            "close": "18.5167"
        },
        {
            "time": "30.01.2021 03:45",
            "open": "18.5167",
            "high": "18.5167",
            "low": "18.4952",
            "close": "18.5196"
        },
        {
            "time": "30.01.2021 03:47",
            "open": "18.5196",
            "high": "18.5196",
            "low": "18.5141",
            "close": "18.4896"
        },
        {
            "time": "30.01.2021 03:59",
            "open": "18.4896",
            "high": "18.5069",
            "low": "18.4896",
            "close": "18.5102"
        },
        {
            "time": "30.01.2021 04:00",
            "open": "18.5102",
            "high": "18.5179",
            "low": "18.5087",
            "close": "18.5179"
        },
        {
            "time": "30.01.2021 04:01",
            "open": "18.5179",
            "high": "18.5245",
            "low": "18.517",
            "close": "18.5507"
        },
        {
            "time": "30.01.2021 04:06",
            "open": "18.5507",
            "high": "18.5507",
            "low": "18.5507",
            "close": "18.5198"
        },
        {
            "time": "30.01.2021 04:07",
            "open": "18.5198",
            "high": "18.5198",
            "low": "18.5198",
            "close": "18.4624"
        },
        {
            "time": "30.01.2021 04:25",
            "open": "18.4624",
            "high": "18.4624",
            "low": "18.4624",
            "close": "18.4357"
        },
        {
            "time": "30.01.2021 04:29",
            "open": "18.4357",
            "high": "18.4357",
            "low": "18.4357",
            "close": "18.4184"
        },
        {
            "time": "30.01.2021 04:32",
            "open": "18.4184",
            "high": "18.4214",
            "low": "18.4184",
            "close": "18.3826"
        },
        {
            "time": "30.01.2021 04:34",
            "open": "18.3826",
            "high": "18.3877",
            "low": "18.3682",
            "close": "18.3655"
        },
        {
            "time": "30.01.2021 04:39",
            "open": "18.3655",
            "high": "18.3655",
            "low": "18.2118",
            "close": "18.224"
        },
        {
            "time": "30.01.2021 04:40",
            "open": "18.224",
            "high": "18.224",
            "low": "18.1817",
            "close": "18.2231"
        },
        {
            "time": "30.01.2021 04:43",
            "open": "18.2231",
            "high": "18.2231",
            "low": "18.2231",
            "close": "18.2337"
        },
        {
            "time": "30.01.2021 04:44",
            "open": "18.2337",
            "high": "18.2344",
            "low": "18.2337",
            "close": "18.2994"
        },
        {
            "time": "30.01.2021 04:47",
            "open": "18.2994",
            "high": "18.3092",
            "low": "18.2988",
            "close": "18.2679"
        },
        {
            "time": "30.01.2021 04:48",
            "open": "18.2679",
            "high": "18.2679",
            "low": "18.2647",
            "close": "18.2033"
        },
        {
            "time": "30.01.2021 04:52",
            "open": "18.2033",
            "high": "18.2093",
            "low": "18.2031",
            "close": "18.2232"
        },
        {
            "time": "30.01.2021 04:53",
            "open": "18.2232",
            "high": "18.2232",
            "low": "18.2232",
            "close": "18.2519"
        },
        {
            "time": "30.01.2021 04:59",
            "open": "18.2519",
            "high": "18.2519",
            "low": "18.2517",
            "close": "18.2581"
        },
        {
            "time": "30.01.2021 05:03",
            "open": "18.2581",
            "high": "18.2581",
            "low": "18.2581",
            "close": "18.292"
        },
        {
            "time": "30.01.2021 05:16",
            "open": "18.292",
            "high": "18.292",
            "low": "18.292",
            "close": "18.279"
        },
        {
            "time": "30.01.2021 05:23",
            "open": "18.279",
            "high": "18.279",
            "low": "18.279",
            "close": "18.2867"
        },
        {
            "time": "30.01.2021 05:25",
            "open": "18.2867",
            "high": "18.2867",
            "low": "18.2867",
            "close": "18.2887"
        },
        {
            "time": "30.01.2021 05:27",
            "open": "18.2887",
            "high": "18.29",
            "low": "18.2887",
            "close": "18.2932"
        },
        {
            "time": "30.01.2021 05:33",
            "open": "18.2932",
            "high": "18.2932",
            "low": "18.2932",
            "close": "18.2622"
        },
        {
            "time": "30.01.2021 05:39",
            "open": "18.2622",
            "high": "18.2622",
            "low": "18.2564",
            "close": "18.2564"
        },
        {
            "time": "30.01.2021 05:40",
            "open": "18.2564",
            "high": "18.2726",
            "low": "18.2564",
            "close": "18.2301"
        },
        {
            "time": "30.01.2021 05:42",
            "open": "18.2301",
            "high": "18.2325",
            "low": "18.2301",
            "close": "18.2325"
        },
        {
            "time": "30.01.2021 05:43",
            "open": "18.2325",
            "high": "18.2325",
            "low": "18.2301",
            "close": "18.2656"
        },
        {
            "time": "30.01.2021 05:45",
            "open": "18.2656",
            "high": "18.27",
            "low": "18.2647",
            "close": "18.2624"
        },
        {
            "time": "30.01.2021 05:46",
            "open": "18.2624",
            "high": "18.2736",
            "low": "18.2395",
            "close": "18.2438"
        },
        {
            "time": "30.01.2021 05:50",
            "open": "18.2438",
            "high": "18.2439",
            "low": "18.2438",
            "close": "18.2355"
        },
        {
            "time": "30.01.2021 05:52",
            "open": "18.2355",
            "high": "18.2355",
            "low": "18.2355",
            "close": "18.2383"
        },
        {
            "time": "30.01.2021 05:55",
            "open": "18.2383",
            "high": "18.2383",
            "low": "18.2383",
            "close": "18.2134"
        },
        {
            "time": "30.01.2021 05:57",
            "open": "18.2134",
            "high": "18.2134",
            "low": "18.2134",
            "close": "18.2262"
        },
        {
            "time": "30.01.2021 06:02",
            "open": "18.2262",
            "high": "18.2262",
            "low": "18.2262",
            "close": "18.1817"
        },
        {
            "time": "30.01.2021 06:05",
            "open": "18.1817",
            "high": "18.1817",
            "low": "18.1489",
            "close": "18.1386"
        },
        {
            "time": "30.01.2021 06:06",
            "open": "18.1386",
            "high": "18.1788",
            "low": "18.1386",
            "close": "18.1611"
        },
        {
            "time": "30.01.2021 06:10",
            "open": "18.1611",
            "high": "18.1611",
            "low": "18.1611",
            "close": "18.1819"
        },
        {
            "time": "30.01.2021 06:11",
            "open": "18.1819",
            "high": "18.1819",
            "low": "18.1819",
            "close": "18.1542"
        },
        {
            "time": "30.01.2021 06:12",
            "open": "18.1542",
            "high": "18.1542",
            "low": "18.1541",
            "close": "18.1704"
        },
        {
            "time": "30.01.2021 06:13",
            "open": "18.1704",
            "high": "18.1704",
            "low": "18.1704",
            "close": "18.2111"
        },
        {
            "time": "30.01.2021 06:16",
            "open": "18.2111",
            "high": "18.2112",
            "low": "18.2111",
            "close": "18.2114"
        },
        {
            "time": "30.01.2021 06:32",
            "open": "18.2114",
            "high": "18.2114",
            "low": "18.2114",
            "close": "18.2648"
        },
        {
            "time": "30.01.2021 06:42",
            "open": "18.2648",
            "high": "18.2648",
            "low": "18.2648",
            "close": "18.301"
        },
        {
            "time": "30.01.2021 06:52",
            "open": "18.301",
            "high": "18.301",
            "low": "18.301",
            "close": "18.2691"
        },
        {
            "time": "30.01.2021 07:02",
            "open": "18.2691",
            "high": "18.2691",
            "low": "18.2691",
            "close": "18.2444"
        },
        {
            "time": "30.01.2021 07:04",
            "open": "18.2444",
            "high": "18.2444",
            "low": "18.2444",
            "close": "18.2357"
        },
        {
            "time": "30.01.2021 07:06",
            "open": "18.2357",
            "high": "18.2357",
            "low": "18.2355",
            "close": "18.2428"
        },
        {
            "time": "30.01.2021 07:13",
            "open": "18.2428",
            "high": "18.2428",
            "low": "18.2428",
            "close": "18.2373"
        },
        {
            "time": "30.01.2021 07:18",
            "open": "18.2373",
            "high": "18.2394",
            "low": "18.2373",
            "close": "18.2617"
        },
        {
            "time": "30.01.2021 07:19",
            "open": "18.2617",
            "high": "18.3267",
            "low": "18.2617",
            "close": "18.327"
        },
        {
            "time": "30.01.2021 07:30",
            "open": "18.327",
            "high": "18.332",
            "low": "18.327",
            "close": "18.333"
        },
        {
            "time": "30.01.2021 07:31",
            "open": "18.333",
            "high": "18.333",
            "low": "18.333",
            "close": "18.326"
        },
        {
            "time": "30.01.2021 07:32",
            "open": "18.326",
            "high": "18.326",
            "low": "18.326",
            "close": "18.325"
        },
        {
            "time": "30.01.2021 07:33",
            "open": "18.325",
            "high": "18.3333",
            "low": "18.325",
            "close": "18.2948"
        },
        {
            "time": "30.01.2021 07:37",
            "open": "18.2948",
            "high": "18.2948",
            "low": "18.2948",
            "close": "18.3185"
        },
        {
            "time": "30.01.2021 07:55",
            "open": "18.3185",
            "high": "18.3185",
            "low": "18.317",
            "close": "18.316"
        },
        {
            "time": "30.01.2021 08:00",
            "open": "18.316",
            "high": "18.316",
            "low": "18.316",
            "close": "18.3179"
        },
        {
            "time": "30.01.2021 08:06",
            "open": "18.3179",
            "high": "18.3179",
            "low": "18.3179",
            "close": "18.3104"
        },
        {
            "time": "30.01.2021 08:10",
            "open": "18.3104",
            "high": "18.3104",
            "low": "18.3104",
            "close": "18.3105"
        },
        {
            "time": "30.01.2021 08:12",
            "open": "18.3105",
            "high": "18.34",
            "low": "18.3105",
            "close": "18.3192"
        },
        {
            "time": "30.01.2021 08:14",
            "open": "18.3192",
            "high": "18.3192",
            "low": "18.3192",
            "close": "18.2977"
        },
        {
            "time": "30.01.2021 08:18",
            "open": "18.2977",
            "high": "18.2977",
            "low": "18.2977",
            "close": "18.31"
        },
        {
            "time": "30.01.2021 08:19",
            "open": "18.31",
            "high": "18.3111",
            "low": "18.31",
            "close": "18.315"
        },
        {
            "time": "30.01.2021 08:20",
            "open": "18.315",
            "high": "18.322",
            "low": "18.315",
            "close": "18.3225"
        },
        {
            "time": "30.01.2021 08:21",
            "open": "18.3225",
            "high": "18.3229",
            "low": "18.3225",
            "close": "18.316"
        },
        {
            "time": "30.01.2021 08:23",
            "open": "18.335",
            "high": "18.335",
            "low": "18.335",
            "close": "18.338"
        },
        {
            "time": "30.01.2021 08:24",
            "open": "18.338",
            "high": "18.338",
            "low": "18.338",
            "close": "18.33"
        },
        {
            "time": "30.01.2021 08:25",
            "open": "18.33",
            "high": "18.33",
            "low": "18.33",
            "close": "18.333"
        },
        {
            "time": "30.01.2021 08:26",
            "open": "18.333",
            "high": "18.334",
            "low": "18.333",
            "close": "18.3348"
        },
        {
            "time": "30.01.2021 08:29",
            "open": "18.3348",
            "high": "18.3348",
            "low": "18.3348",
            "close": "18.3351"
        },
        {
            "time": "30.01.2021 08:30",
            "open": "18.3351",
            "high": "18.3351",
            "low": "18.3351",
            "close": "18.3351"
        },
        {
            "time": "30.01.2021 08:33",
            "open": "18.3351",
            "high": "18.3351",
            "low": "18.3351",
            "close": "18.2638"
        },
        {
            "time": "30.01.2021 08:44",
            "open": "18.2638",
            "high": "18.2638",
            "low": "18.2638",
            "close": "18.2513"
        },
        {
            "time": "30.01.2021 08:48",
            "open": "18.2513",
            "high": "18.2513",
            "low": "18.2513",
            "close": "18.2846"
        },
        {
            "time": "30.01.2021 08:54",
            "open": "18.2846",
            "high": "18.2846",
            "low": "18.2846",
            "close": "18.3171"
        },
        {
            "time": "30.01.2021 09:00",
            "open": "18.3171",
            "high": "18.329",
            "low": "18.3171",
            "close": "18.3333"
        },
        {
            "time": "30.01.2021 09:07",
            "open": "18.3333",
            "high": "18.3333",
            "low": "18.3333",
            "close": "18.3854"
        },
        {
            "time": "30.01.2021 09:21",
            "open": "18.3854",
            "high": "18.4481",
            "low": "18.3854",
            "close": "18.4401"
        },
        {
            "time": "30.01.2021 09:22",
            "open": "18.4401",
            "high": "18.4707",
            "low": "18.4329",
            "close": "18.4871"
        },
        {
            "time": "30.01.2021 09:23",
            "open": "18.4871",
            "high": "18.4871",
            "low": "18.4421",
            "close": "18.461"
        },
        {
            "time": "30.01.2021 09:28",
            "open": "18.461",
            "high": "18.461",
            "low": "18.461",
            "close": "18.4199"
        },
        {
            "time": "30.01.2021 09:29",
            "open": "18.4199",
            "high": "18.4199",
            "low": "18.4199",
            "close": "18.4357"
        },
        {
            "time": "30.01.2021 09:30",
            "open": "18.4357",
            "high": "18.4357",
            "low": "18.4357",
            "close": "18.4198"
        },
        {
            "time": "30.01.2021 09:33",
            "open": "18.4198",
            "high": "18.4198",
            "low": "18.4198",
            "close": "18.3917"
        },
        {
            "time": "30.01.2021 09:43",
            "open": "18.3626",
            "high": "18.3626",
            "low": "18.3626",
            "close": "18.35"
        },
        {
            "time": "30.01.2021 09:47",
            "open": "18.35",
            "high": "18.35",
            "low": "18.3487",
            "close": "18.3246"
        },
        {
            "time": "30.01.2021 09:52",
            "open": "18.3246",
            "high": "18.3246",
            "low": "18.3246",
            "close": "18.3943"
        },
        {
            "time": "30.01.2021 10:05",
            "open": "18.3943",
            "high": "18.3943",
            "low": "18.3891",
            "close": "18.3646"
        },
        {
            "time": "30.01.2021 10:07",
            "open": "18.3646",
            "high": "18.3646",
            "low": "18.3646",
            "close": "18.3804"
        },
        {
            "time": "30.01.2021 10:08",
            "open": "18.3804",
            "high": "18.4548",
            "low": "18.3804",
            "close": "18.4602"
        },
        {
            "time": "30.01.2021 10:10",
            "open": "18.4602",
            "high": "18.4602",
            "low": "18.4601",
            "close": "18.4393"
        },
        {
            "time": "30.01.2021 10:13",
            "open": "18.4393",
            "high": "18.4393",
            "low": "18.4393",
            "close": "18.4425"
        },
        {
            "time": "30.01.2021 10:19",
            "open": "18.4425",
            "high": "18.45",
            "low": "18.434",
            "close": "18.4157"
        },
        {
            "time": "30.01.2021 10:21",
            "open": "18.4157",
            "high": "18.4157",
            "low": "18.4154",
            "close": "18.3928"
        },
        {
            "time": "30.01.2021 10:25",
            "open": "18.3928",
            "high": "18.3928",
            "low": "18.3928",
            "close": "18.3734"
        },
        {
            "time": "30.01.2021 10:27",
            "open": "18.3734",
            "high": "18.3734",
            "low": "18.3567",
            "close": "18.34"
        },
        {
            "time": "30.01.2021 10:28",
            "open": "18.34",
            "high": "18.34",
            "low": "18.321",
            "close": "18.329"
        },
        {
            "time": "30.01.2021 10:29",
            "open": "18.329",
            "high": "18.33",
            "low": "18.3284",
            "close": "18.3313"
        },
        {
            "time": "30.01.2021 10:31",
            "open": "18.3313",
            "high": "18.3314",
            "low": "18.3313",
            "close": "18.3163"
        },
        {
            "time": "30.01.2021 10:32",
            "open": "18.3163",
            "high": "18.3163",
            "low": "18.3148",
            "close": "18.3203"
        },
        {
            "time": "30.01.2021 10:35",
            "open": "18.3203",
            "high": "18.3709",
            "low": "18.3176",
            "close": "18.3628"
        },
        {
            "time": "30.01.2021 10:37",
            "open": "18.3628",
            "high": "18.3671",
            "low": "18.3615",
            "close": "18.3803"
        },
        {
            "time": "30.01.2021 10:38",
            "open": "18.3803",
            "high": "18.3998",
            "low": "18.3766",
            "close": "18.3812"
        },
        {
            "time": "30.01.2021 10:39",
            "open": "18.3812",
            "high": "18.3812",
            "low": "18.3806",
            "close": "18.3815"
        },
        {
            "time": "30.01.2021 10:44",
            "open": "18.3815",
            "high": "18.3815",
            "low": "18.3815",
            "close": "18.3523"
        },
        {
            "time": "30.01.2021 10:50",
            "open": "18.3523",
            "high": "18.3526",
            "low": "18.3523",
            "close": "18.3488"
        },
        {
            "time": "30.01.2021 10:52",
            "open": "18.3488",
            "high": "18.3488",
            "low": "18.3441",
            "close": "18.3763"
        },
        {
            "time": "30.01.2021 10:58",
            "open": "18.3763",
            "high": "18.3763",
            "low": "18.3763",
            "close": "18.3515"
        },
        {
            "time": "30.01.2021 11:03",
            "open": "18.3515",
            "high": "18.3515",
            "low": "18.3515",
            "close": "18.3138"
        },
        {
            "time": "30.01.2021 11:04",
            "open": "18.3138",
            "high": "18.3138",
            "low": "18.3133",
            "close": "18.2538"
        },
        {
            "time": "30.01.2021 11:05",
            "open": "18.2538",
            "high": "18.2767",
            "low": "18.2538",
            "close": "18.2896"
        },
        {
            "time": "30.01.2021 11:07",
            "open": "18.2896",
            "high": "18.2896",
            "low": "18.2896",
            "close": "18.2952"
        },
        {
            "time": "30.01.2021 11:08",
            "open": "18.2952",
            "high": "18.2952",
            "low": "18.2952",
            "close": "18.3213"
        },
        {
            "time": "30.01.2021 11:09",
            "open": "18.3213",
            "high": "18.3287",
            "low": "18.3213",
            "close": "18.3161"
        },
        {
            "time": "30.01.2021 11:14",
            "open": "18.3161",
            "high": "18.3161",
            "low": "18.3161",
            "close": "18.29"
        },
        {
            "time": "30.01.2021 11:15",
            "open": "18.29",
            "high": "18.29",
            "low": "18.246",
            "close": "18.2964"
        },
        {
            "time": "30.01.2021 11:16",
            "open": "18.2964",
            "high": "18.2964",
            "low": "18.2964",
            "close": "18.2959"
        },
        {
            "time": "30.01.2021 11:17",
            "open": "18.2959",
            "high": "18.2959",
            "low": "18.2959",
            "close": "18.2959"
        },
        {
            "time": "30.01.2021 11:19",
            "open": "18.2959",
            "high": "18.2959",
            "low": "18.2959",
            "close": "18.306"
        },
        {
            "time": "30.01.2021 11:21",
            "open": "18.306",
            "high": "18.306",
            "low": "18.306",
            "close": "18.2957"
        },
        {
            "time": "30.01.2021 11:22",
            "open": "18.2957",
            "high": "18.2957",
            "low": "18.2957",
            "close": "18.3018"
        },
        {
            "time": "30.01.2021 11:23",
            "open": "18.3018",
            "high": "18.3018",
            "low": "18.3018",
            "close": "18.2839"
        },
        {
            "time": "30.01.2021 11:25",
            "open": "18.2839",
            "high": "18.2839",
            "low": "18.2839",
            "close": "18.3116"
        },
        {
            "time": "30.01.2021 11:28",
            "open": "18.3116",
            "high": "18.3116",
            "low": "18.3116",
            "close": "18.3147"
        },
        {
            "time": "30.01.2021 11:29",
            "open": "18.3147",
            "high": "18.3147",
            "low": "18.3138",
            "close": "18.345"
        },
        {
            "time": "30.01.2021 11:33",
            "open": "18.345",
            "high": "18.345",
            "low": "18.345",
            "close": "18.3161"
        },
        {
            "time": "30.01.2021 11:34",
            "open": "18.3161",
            "high": "18.3161",
            "low": "18.3161",
            "close": "18.3426"
        },
        {
            "time": "30.01.2021 11:43",
            "open": "18.3426",
            "high": "18.3426",
            "low": "18.3426",
            "close": "18.3116"
        },
        {
            "time": "30.01.2021 11:47",
            "open": "18.3116",
            "high": "18.3116",
            "low": "18.3116",
            "close": "18.3132"
        },
        {
            "time": "30.01.2021 11:51",
            "open": "18.3132",
            "high": "18.3132",
            "low": "18.3132",
            "close": "18.3192"
        },
        {
            "time": "30.01.2021 11:52",
            "open": "18.3192",
            "high": "18.3193",
            "low": "18.3192",
            "close": "18.3047"
        },
        {
            "time": "30.01.2021 12:08",
            "open": "18.3047",
            "high": "18.3047",
            "low": "18.3047",
            "close": "18.3068"
        },
        {
            "time": "30.01.2021 12:13",
            "open": "18.3068",
            "high": "18.3068",
            "low": "18.3068",
            "close": "18.3094"
        },
        {
            "time": "30.01.2021 12:14",
            "open": "18.3094",
            "high": "18.3094",
            "low": "18.3094",
            "close": "18.2786"
        },
        {
            "time": "30.01.2021 12:17",
            "open": "18.2786",
            "high": "18.2786",
            "low": "18.2521",
            "close": "18.2729"
        },
        {
            "time": "30.01.2021 12:18",
            "open": "18.2729",
            "high": "18.2729",
            "low": "18.2729",
            "close": "18.2962"
        },
        {
            "time": "30.01.2021 12:24",
            "open": "18.2962",
            "high": "18.2962",
            "low": "18.2962",
            "close": "18.2991"
        },
        {
            "time": "30.01.2021 12:34",
            "open": "18.2991",
            "high": "18.2991",
            "low": "18.2991",
            "close": "18.2546"
        },
        {
            "time": "30.01.2021 12:37",
            "open": "18.2546",
            "high": "18.2546",
            "low": "18.2545",
            "close": "18.2471"
        },
        {
            "time": "30.01.2021 12:39",
            "open": "18.2471",
            "high": "18.2471",
            "low": "18.244",
            "close": "18.2627"
        },
        {
            "time": "30.01.2021 12:40",
            "open": "18.2627",
            "high": "18.2627",
            "low": "18.2627",
            "close": "18.2672"
        },
        {
            "time": "30.01.2021 12:45",
            "open": "18.2672",
            "high": "18.2672",
            "low": "18.2672",
            "close": "18.2431"
        },
        {
            "time": "30.01.2021 12:59",
            "open": "18.2431",
            "high": "18.2446",
            "low": "18.2431",
            "close": "18.2261"
        },
        {
            "time": "30.01.2021 13:02",
            "open": "18.2261",
            "high": "18.2261",
            "low": "18.2261",
            "close": "18.2344"
        },
        {
            "time": "30.01.2021 13:03",
            "open": "18.2344",
            "high": "18.2344",
            "low": "18.2344",
            "close": "18.2738"
        },
        {
            "time": "30.01.2021 13:06",
            "open": "18.2738",
            "high": "18.2738",
            "low": "18.2738",
            "close": "18.305"
        },
        {
            "time": "30.01.2021 13:07",
            "open": "18.305",
            "high": "18.305",
            "low": "18.305",
            "close": "18.2445"
        },
        {
            "time": "30.01.2021 13:23",
            "open": "18.2445",
            "high": "18.2445",
            "low": "18.2444",
            "close": "18.2574"
        },
        {
            "time": "30.01.2021 13:26",
            "open": "18.2574",
            "high": "18.2574",
            "low": "18.2574",
            "close": "18.2546"
        },
        {
            "time": "30.01.2021 13:31",
            "open": "18.2546",
            "high": "18.2608",
            "low": "18.2546",
            "close": "18.2656"
        },
        {
            "time": "30.01.2021 13:32",
            "open": "18.2656",
            "high": "18.2656",
            "low": "18.2656",
            "close": "18.2574"
        },
        {
            "time": "30.01.2021 13:33",
            "open": "18.2574",
            "high": "18.2574",
            "low": "18.2574",
            "close": "18.261"
        },
        {
            "time": "30.01.2021 13:37",
            "open": "18.261",
            "high": "18.261",
            "low": "18.261",
            "close": "18.2425"
        },
        {
            "time": "30.01.2021 13:39",
            "open": "18.2425",
            "high": "18.2425",
            "low": "18.2405",
            "close": "18.279"
        },
        {
            "time": "30.01.2021 13:41",
            "open": "18.279",
            "high": "18.279",
            "low": "18.279",
            "close": "18.2348"
        },
        {
            "time": "30.01.2021 13:56",
            "open": "18.2348",
            "high": "18.2348",
            "low": "18.2348",
            "close": "18.2467"
        },
        {
            "time": "30.01.2021 14:00",
            "open": "18.2467",
            "high": "18.2467",
            "low": "18.2467",
            "close": "18.227"
        },
        {
            "time": "30.01.2021 14:01",
            "open": "18.227",
            "high": "18.227",
            "low": "18.227",
            "close": "18.2321"
        },
        {
            "time": "30.01.2021 14:07",
            "open": "18.2321",
            "high": "18.2331",
            "low": "18.2321",
            "close": "18.2389"
        },
        {
            "time": "30.01.2021 14:11",
            "open": "18.2389",
            "high": "18.2389",
            "low": "18.2388",
            "close": "18.2236"
        },
        {
            "time": "30.01.2021 14:14",
            "open": "18.2236",
            "high": "18.2236",
            "low": "18.2236",
            "close": "18.2455"
        },
        {
            "time": "30.01.2021 14:19",
            "open": "18.2455",
            "high": "18.2456",
            "low": "18.2278",
            "close": "18.2736"
        },
        {
            "time": "30.01.2021 14:23",
            "open": "18.2736",
            "high": "18.2759",
            "low": "18.2736",
            "close": "18.2749"
        },
        {
            "time": "30.01.2021 14:24",
            "open": "18.2749",
            "high": "18.275",
            "low": "18.2749",
            "close": "18.2867"
        },
        {
            "time": "30.01.2021 14:25",
            "open": "18.2867",
            "high": "18.2867",
            "low": "18.2867",
            "close": "18.2994"
        },
        {
            "time": "30.01.2021 14:32",
            "open": "18.2994",
            "high": "18.2994",
            "low": "18.2994",
            "close": "18.2774"
        },
        {
            "time": "30.01.2021 14:33",
            "open": "18.2774",
            "high": "18.2774",
            "low": "18.2774",
            "close": "18.2872"
        },
        {
            "time": "30.01.2021 14:38",
            "open": "18.2872",
            "high": "18.2872",
            "low": "18.2872",
            "close": "18.2811"
        },
        {
            "time": "30.01.2021 14:39",
            "open": "18.2811",
            "high": "18.3154",
            "low": "18.2502",
            "close": "18.2633"
        },
        {
            "time": "30.01.2021 14:43",
            "open": "18.2633",
            "high": "18.2648",
            "low": "18.2633",
            "close": "18.2807"
        },
        {
            "time": "30.01.2021 14:54",
            "open": "18.2807",
            "high": "18.2807",
            "low": "18.2807",
            "close": "18.2775"
        },
        {
            "time": "30.01.2021 14:55",
            "open": "18.2775",
            "high": "18.2775",
            "low": "18.2775",
            "close": "18.3128"
        },
        {
            "time": "30.01.2021 14:56",
            "open": "18.3128",
            "high": "18.3128",
            "low": "18.3128",
            "close": "18.32"
        },
        {
            "time": "30.01.2021 14:57",
            "open": "18.32",
            "high": "18.32",
            "low": "18.3198",
            "close": "18.3043"
        },
        {
            "time": "30.01.2021 14:58",
            "open": "18.3043",
            "high": "18.3043",
            "low": "18.303",
            "close": "18.32"
        },
        {
            "time": "30.01.2021 15:00",
            "open": "18.32",
            "high": "18.32",
            "low": "18.32",
            "close": "18.32"
        },
        {
            "time": "30.01.2021 15:04",
            "open": "18.32",
            "high": "18.32",
            "low": "18.32",
            "close": "18.2865"
        },
        {
            "time": "30.01.2021 15:06",
            "open": "18.2865",
            "high": "18.2865",
            "low": "18.2865",
            "close": "18.3195"
        },
        {
            "time": "30.01.2021 15:09",
            "open": "18.3195",
            "high": "18.3195",
            "low": "18.3195",
            "close": "18.3482"
        },
        {
            "time": "30.01.2021 15:14",
            "open": "18.3482",
            "high": "18.3482",
            "low": "18.3482",
            "close": "18.3405"
        },
        {
            "time": "30.01.2021 15:15",
            "open": "18.3405",
            "high": "18.3405",
            "low": "18.3405",
            "close": "18.3377"
        },
        {
            "time": "30.01.2021 15:17",
            "open": "18.3377",
            "high": "18.3405",
            "low": "18.3329",
            "close": "18.3114"
        },
        {
            "time": "30.01.2021 15:22",
            "open": "18.3114",
            "high": "18.3114",
            "low": "18.3114",
            "close": "18.3096"
        },
        {
            "time": "30.01.2021 15:23",
            "open": "18.3096",
            "high": "18.3096",
            "low": "18.3096",
            "close": "18.3215"
        },
        {
            "time": "30.01.2021 15:25",
            "open": "18.3215",
            "high": "18.3215",
            "low": "18.3215",
            "close": "18.32"
        },
        {
            "time": "30.01.2021 15:27",
            "open": "18.32",
            "high": "18.32",
            "low": "18.3034",
            "close": "18.31"
        },
        {
            "time": "30.01.2021 15:30",
            "open": "18.31",
            "high": "18.31",
            "low": "18.31",
            "close": "18.2998"
        },
        {
            "time": "30.01.2021 15:31",
            "open": "18.2998",
            "high": "18.2998",
            "low": "18.2997",
            "close": "18.3191"
        },
        {
            "time": "30.01.2021 15:32",
            "open": "18.3191",
            "high": "18.3336",
            "low": "18.3191",
            "close": "18.2877"
        },
        {
            "time": "30.01.2021 15:33",
            "open": "18.2877",
            "high": "18.2877",
            "low": "18.286",
            "close": "18.2793"
        },
        {
            "time": "30.01.2021 15:34",
            "open": "18.2793",
            "high": "18.2793",
            "low": "18.2793",
            "close": "18.2793"
        },
        {
            "time": "30.01.2021 15:36",
            "open": "18.2793",
            "high": "18.2793",
            "low": "18.2793",
            "close": "18.2793"
        },
        {
            "time": "30.01.2021 15:38",
            "open": "18.2793",
            "high": "18.2793",
            "low": "18.2793",
            "close": "18.2542"
        },
        {
            "time": "30.01.2021 15:40",
            "open": "18.2542",
            "high": "18.2764",
            "low": "18.2542",
            "close": "18.2661"
        },
        {
            "time": "30.01.2021 15:50",
            "open": "18.2661",
            "high": "18.2661",
            "low": "18.2661",
            "close": "18.2537"
        },
        {
            "time": "30.01.2021 15:51",
            "open": "18.2537",
            "high": "18.2537",
            "low": "18.2522",
            "close": "18.2749"
        },
        {
            "time": "30.01.2021 15:53",
            "open": "18.2749",
            "high": "18.275",
            "low": "18.2749",
            "close": "18.2317"
        },
        {
            "time": "30.01.2021 15:59",
            "open": "18.2317",
            "high": "18.2471",
            "low": "18.2233",
            "close": "18.3497"
        },
        {
            "time": "30.01.2021 16:04",
            "open": "18.3497",
            "high": "18.3498",
            "low": "18.3497",
            "close": "18.3234"
        },
        {
            "time": "30.01.2021 16:06",
            "open": "18.3234",
            "high": "18.3234",
            "low": "18.3234",
            "close": "18.2977"
        },
        {
            "time": "30.01.2021 16:07",
            "open": "18.2977",
            "high": "18.3314",
            "low": "18.2977",
            "close": "18.3465"
        },
        {
            "time": "30.01.2021 16:10",
            "open": "18.3465",
            "high": "18.3465",
            "low": "18.3465",
            "close": "18.3436"
        },
        {
            "time": "30.01.2021 16:17",
            "open": "18.3436",
            "high": "18.3436",
            "low": "18.3436",
            "close": "18.3341"
        },
        {
            "time": "30.01.2021 16:18",
            "open": "18.3341",
            "high": "18.3341",
            "low": "18.3341",
            "close": "18.3342"
        },
        {
            "time": "30.01.2021 16:19",
            "open": "18.3342",
            "high": "18.3342",
            "low": "18.3342",
            "close": "18.3438"
        },
        {
            "time": "30.01.2021 16:23",
            "open": "18.3438",
            "high": "18.3438",
            "low": "18.3438",
            "close": "18.3438"
        },
        {
            "time": "30.01.2021 16:25",
            "open": "18.3438",
            "high": "18.3623",
            "low": "18.3438",
            "close": "18.358"
        },
        {
            "time": "30.01.2021 16:29",
            "open": "18.358",
            "high": "18.358",
            "low": "18.358",
            "close": "18.3694"
        },
        {
            "time": "30.01.2021 16:31",
            "open": "18.3694",
            "high": "18.3694",
            "low": "18.3694",
            "close": "18.4287"
        },
        {
            "time": "30.01.2021 16:32",
            "open": "18.4287",
            "high": "18.4385",
            "low": "18.4287",
            "close": "18.4459"
        },
        {
            "time": "30.01.2021 16:33",
            "open": "18.4459",
            "high": "18.4459",
            "low": "18.4459",
            "close": "18.4907"
        },
        {
            "time": "30.01.2021 16:34",
            "open": "18.4907",
            "high": "18.4913",
            "low": "18.4907",
            "close": "18.5024"
        },
        {
            "time": "30.01.2021 16:35",
            "open": "18.5024",
            "high": "18.5024",
            "low": "18.4256",
            "close": "18.407"
        },
        {
            "time": "30.01.2021 16:36",
            "open": "18.407",
            "high": "18.407",
            "low": "18.407",
            "close": "18.4052"
        },
        {
            "time": "30.01.2021 16:37",
            "open": "18.4052",
            "high": "18.4349",
            "low": "18.4052",
            "close": "18.4044"
        },
        {
            "time": "30.01.2021 16:40",
            "open": "18.4044",
            "high": "18.4044",
            "low": "18.4044",
            "close": "18.3937"
        },
        {
            "time": "30.01.2021 16:41",
            "open": "18.3937",
            "high": "18.4074",
            "low": "18.3812",
            "close": "18.4"
        },
        {
            "time": "30.01.2021 16:42",
            "open": "18.4",
            "high": "18.438",
            "low": "18.3999",
            "close": "18.423"
        },
        {
            "time": "30.01.2021 16:45",
            "open": "18.423",
            "high": "18.423",
            "low": "18.4229",
            "close": "18.3861"
        },
        {
            "time": "30.01.2021 16:48",
            "open": "18.3861",
            "high": "18.3861",
            "low": "18.3861",
            "close": "18.3605"
        },
        {
            "time": "30.01.2021 16:52",
            "open": "18.3605",
            "high": "18.3605",
            "low": "18.3605",
            "close": "18.3684"
        },
        {
            "time": "30.01.2021 16:54",
            "open": "18.3684",
            "high": "18.3684",
            "low": "18.3684",
            "close": "18.3814"
        },
        {
            "time": "30.01.2021 16:55",
            "open": "18.3814",
            "high": "18.3947",
            "low": "18.3814",
            "close": "18.3959"
        },
        {
            "time": "30.01.2021 16:56",
            "open": "18.3959",
            "high": "18.3959",
            "low": "18.3959",
            "close": "18.3438"
        },
        {
            "time": "30.01.2021 17:03",
            "open": "18.3438",
            "high": "18.3438",
            "low": "18.3208",
            "close": "18.2897"
        },
        {
            "time": "30.01.2021 17:04",
            "open": "18.2897",
            "high": "18.2897",
            "low": "18.2897",
            "close": "18.2566"
        },
        {
            "time": "30.01.2021 17:11",
            "open": "18.2566",
            "high": "18.2717",
            "low": "18.2565",
            "close": "18.2586"
        },
        {
            "time": "30.01.2021 17:13",
            "open": "18.2586",
            "high": "18.2586",
            "low": "18.2586",
            "close": "18.297"
        },
        {
            "time": "30.01.2021 17:18",
            "open": "18.297",
            "high": "18.297",
            "low": "18.297",
            "close": "18.2828"
        },
        {
            "time": "30.01.2021 17:20",
            "open": "18.2828",
            "high": "18.2828",
            "low": "18.2828",
            "close": "18.2447"
        },
        {
            "time": "30.01.2021 17:22",
            "open": "18.2447",
            "high": "18.2447",
            "low": "18.2446",
            "close": "18.253"
        },
        {
            "time": "30.01.2021 17:23",
            "open": "18.253",
            "high": "18.253",
            "low": "18.253",
            "close": "18.2665"
        },
        {
            "time": "30.01.2021 17:27",
            "open": "18.2665",
            "high": "18.2694",
            "low": "18.2665",
            "close": "18.2869"
        },
        {
            "time": "30.01.2021 17:28",
            "open": "18.2869",
            "high": "18.2869",
            "low": "18.2869",
            "close": "18.258"
        },
        {
            "time": "30.01.2021 17:30",
            "open": "18.258",
            "high": "18.258",
            "low": "18.2579",
            "close": "18.3173"
        },
        {
            "time": "30.01.2021 17:31",
            "open": "18.3173",
            "high": "18.3173",
            "low": "18.3114",
            "close": "18.2968"
        },
        {
            "time": "30.01.2021 17:46",
            "open": "18.2968",
            "high": "18.2968",
            "low": "18.2968",
            "close": "18.3334"
        },
        {
            "time": "30.01.2021 17:54",
            "open": "18.3334",
            "high": "18.3334",
            "low": "18.3334",
            "close": "18.349"
        },
        {
            "time": "30.01.2021 17:58",
            "open": "18.349",
            "high": "18.3524",
            "low": "18.349",
            "close": "18.3463"
        },
        {
            "time": "30.01.2021 17:59",
            "open": "18.3463",
            "high": "18.3463",
            "low": "18.3463",
            "close": "18.3265"
        },
        {
            "time": "30.01.2021 18:00",
            "open": "18.3265",
            "high": "18.3265",
            "low": "18.3265",
            "close": "18.318"
        },
        {
            "time": "30.01.2021 18:02",
            "open": "18.318",
            "high": "18.318",
            "low": "18.3179",
            "close": "18.3451"
        },
        {
            "time": "30.01.2021 18:05",
            "open": "18.3451",
            "high": "18.3451",
            "low": "18.3451",
            "close": "18.2934"
        },
        {
            "time": "30.01.2021 18:07",
            "open": "18.2934",
            "high": "18.2934",
            "low": "18.2934",
            "close": "18.2709"
        },
        {
            "time": "30.01.2021 18:16",
            "open": "18.2709",
            "high": "18.2709",
            "low": "18.2709",
            "close": "18.2846"
        },
        {
            "time": "30.01.2021 18:23",
            "open": "18.2846",
            "high": "18.2846",
            "low": "18.2846",
            "close": "18.2676"
        },
        {
            "time": "30.01.2021 18:29",
            "open": "18.2676",
            "high": "18.2676",
            "low": "18.2676",
            "close": "18.2577"
        },
        {
            "time": "30.01.2021 18:30",
            "open": "18.2577",
            "high": "18.2577",
            "low": "18.2577",
            "close": "18.2577"
        },
        {
            "time": "30.01.2021 18:31",
            "open": "18.2577",
            "high": "18.284",
            "low": "18.2577",
            "close": "18.2766"
        },
        {
            "time": "30.01.2021 18:34",
            "open": "18.2766",
            "high": "18.2766",
            "low": "18.2766",
            "close": "18.327"
        },
        {
            "time": "30.01.2021 18:38",
            "open": "18.327",
            "high": "18.327",
            "low": "18.327",
            "close": "18.287"
        },
        {
            "time": "30.01.2021 18:40",
            "open": "18.287",
            "high": "18.287",
            "low": "18.2778",
            "close": "18.2649"
        },
        {
            "time": "30.01.2021 18:42",
            "open": "18.2649",
            "high": "18.2649",
            "low": "18.2649",
            "close": "18.2708"
        },
        {
            "time": "30.01.2021 18:45",
            "open": "18.2708",
            "high": "18.2708",
            "low": "18.2708",
            "close": "18.2727"
        },
        {
            "time": "30.01.2021 18:47",
            "open": "18.2727",
            "high": "18.3023",
            "low": "18.2526",
            "close": "18.3262"
        },
        {
            "time": "30.01.2021 18:48",
            "open": "18.3262",
            "high": "18.3262",
            "low": "18.3262",
            "close": "18.2797"
        },
        {
            "time": "30.01.2021 18:51",
            "open": "18.2797",
            "high": "18.2797",
            "low": "18.2748",
            "close": "18.2455"
        },
        {
            "time": "30.01.2021 18:53",
            "open": "18.2455",
            "high": "18.2455",
            "low": "18.2455",
            "close": "18.2599"
        },
        {
            "time": "30.01.2021 18:58",
            "open": "18.2599",
            "high": "18.2599",
            "low": "18.2599",
            "close": "18.2415"
        },
        {
            "time": "30.01.2021 18:59",
            "open": "18.2415",
            "high": "18.2415",
            "low": "18.2415",
            "close": "18.2663"
        },
        {
            "time": "30.01.2021 19:02",
            "open": "18.2663",
            "high": "18.2663",
            "low": "18.243",
            "close": "18.2596"
        },
        {
            "time": "30.01.2021 19:04",
            "open": "18.2596",
            "high": "18.2596",
            "low": "18.2596",
            "close": "18.2164"
        },
        {
            "time": "30.01.2021 19:09",
            "open": "18.2164",
            "high": "18.2336",
            "low": "18.2164",
            "close": "18.2473"
        },
        {
            "time": "30.01.2021 19:11",
            "open": "18.2473",
            "high": "18.2473",
            "low": "18.2473",
            "close": "18.2704"
        },
        {
            "time": "30.01.2021 19:20",
            "open": "18.2704",
            "high": "18.2704",
            "low": "18.25",
            "close": "18.2431"
        },
        {
            "time": "30.01.2021 19:22",
            "open": "18.2431",
            "high": "18.2431",
            "low": "18.2431",
            "close": "18.2609"
        },
        {
            "time": "30.01.2021 19:26",
            "open": "18.2609",
            "high": "18.2609",
            "low": "18.2609",
            "close": "18.2772"
        },
        {
            "time": "30.01.2021 19:29",
            "open": "18.2772",
            "high": "18.2772",
            "low": "18.2772",
            "close": "18.2636"
        },
        {
            "time": "30.01.2021 19:31",
            "open": "18.2636",
            "high": "18.2636",
            "low": "18.2636",
            "close": "18.2649"
        },
        {
            "time": "30.01.2021 19:41",
            "open": "18.2649",
            "high": "18.2649",
            "low": "18.2645",
            "close": "18.2661"
        },
        {
            "time": "30.01.2021 19:42",
            "open": "18.2661",
            "high": "18.2661",
            "low": "18.2661",
            "close": "18.2956"
        },
        {
            "time": "30.01.2021 19:46",
            "open": "18.2956",
            "high": "18.2956",
            "low": "18.27",
            "close": "18.2903"
        },
        {
            "time": "30.01.2021 19:47",
            "open": "18.2903",
            "high": "18.2903",
            "low": "18.2858",
            "close": "18.2963"
        },
        {
            "time": "30.01.2021 19:57",
            "open": "18.2963",
            "high": "18.3006",
            "low": "18.2963",
            "close": "18.298"
        },
        {
            "time": "30.01.2021 19:59",
            "open": "18.298",
            "high": "18.298",
            "low": "18.2931",
            "close": "18.2931"
        },
        {
            "time": "30.01.2021 20:00",
            "open": "18.2931",
            "high": "18.2931",
            "low": "18.2931",
            "close": "18.2888"
        },
        {
            "time": "30.01.2021 20:01",
            "open": "18.2888",
            "high": "18.2888",
            "low": "18.2888",
            "close": "18.2842"
        },
        {
            "time": "30.01.2021 20:04",
            "open": "18.2842",
            "high": "18.2844",
            "low": "18.2842",
            "close": "18.2647"
        },
        {
            "time": "30.01.2021 20:05",
            "open": "18.2647",
            "high": "18.2647",
            "low": "18.2647",
            "close": "18.2765"
        },
        {
            "time": "30.01.2021 20:09",
            "open": "18.2765",
            "high": "18.2765",
            "low": "18.2765",
            "close": "18.2647"
        },
        {
            "time": "30.01.2021 20:10",
            "open": "18.2647",
            "high": "18.2647",
            "low": "18.2647",
            "close": "18.2826"
        },
        {
            "time": "30.01.2021 20:11",
            "open": "18.2826",
            "high": "18.2826",
            "low": "18.265",
            "close": "18.2849"
        },
        {
            "time": "30.01.2021 20:14",
            "open": "18.2849",
            "high": "18.2849",
            "low": "18.2849",
            "close": "18.2812"
        },
        {
            "time": "30.01.2021 20:19",
            "open": "18.2812",
            "high": "18.2812",
            "low": "18.2812",
            "close": "18.2916"
        },
        {
            "time": "30.01.2021 20:26",
            "open": "18.2916",
            "high": "18.2916",
            "low": "18.2916",
            "close": "18.2761"
        },
        {
            "time": "30.01.2021 20:28",
            "open": "18.2761",
            "high": "18.2761",
            "low": "18.2618",
            "close": "18.246"
        },
        {
            "time": "30.01.2021 20:35",
            "open": "18.246",
            "high": "18.246",
            "low": "18.246",
            "close": "18.2461"
        },
        {
            "time": "30.01.2021 20:37",
            "open": "18.2461",
            "high": "18.2461",
            "low": "18.2461",
            "close": "18.2532"
        },
        {
            "time": "30.01.2021 20:38",
            "open": "18.2532",
            "high": "18.2532",
            "low": "18.2532",
            "close": "18.2585"
        },
        {
            "time": "30.01.2021 20:42",
            "open": "18.2585",
            "high": "18.2585",
            "low": "18.2585",
            "close": "18.2709"
        },
        {
            "time": "30.01.2021 20:46",
            "open": "18.2709",
            "high": "18.2709",
            "low": "18.2532",
            "close": "18.2533"
        },
        {
            "time": "30.01.2021 20:47",
            "open": "18.2533",
            "high": "18.2533",
            "low": "18.2533",
            "close": "18.2533"
        },
        {
            "time": "30.01.2021 20:51",
            "open": "18.2533",
            "high": "18.2541",
            "low": "18.2533",
            "close": "18.2534"
        },
        {
            "time": "30.01.2021 20:52",
            "open": "18.2534",
            "high": "18.2612",
            "low": "18.2534",
            "close": "18.2533"
        },
        {
            "time": "30.01.2021 20:54",
            "open": "18.2533",
            "high": "18.2533",
            "low": "18.246",
            "close": "18.2164"
        },
        {
            "time": "30.01.2021 20:58",
            "open": "18.2164",
            "high": "18.2164",
            "low": "18.2108",
            "close": "18.2255"
        },
        {
            "time": "30.01.2021 20:59",
            "open": "18.2255",
            "high": "18.2255",
            "low": "18.2255",
            "close": "18.216"
        },
        {
            "time": "30.01.2021 21:06",
            "open": "18.216",
            "high": "18.216",
            "low": "18.216",
            "close": "18.2315"
        },
        {
            "time": "30.01.2021 21:09",
            "open": "18.2315",
            "high": "18.2315",
            "low": "18.2315",
            "close": "18.2325"
        },
        {
            "time": "30.01.2021 21:10",
            "open": "18.2325",
            "high": "18.2325",
            "low": "18.2325",
            "close": "18.2328"
        },
        {
            "time": "30.01.2021 21:11",
            "open": "18.2328",
            "high": "18.2328",
            "low": "18.2328",
            "close": "18.2381"
        },
        {
            "time": "30.01.2021 21:12",
            "open": "18.2381",
            "high": "18.2381",
            "low": "18.2381",
            "close": "18.2295"
        },
        {
            "time": "30.01.2021 21:13",
            "open": "18.2295",
            "high": "18.2295",
            "low": "18.2233",
            "close": "18.1955"
        },
        {
            "time": "30.01.2021 21:15",
            "open": "18.1955",
            "high": "18.1955",
            "low": "18.1955",
            "close": "18.2146"
        },
        {
            "time": "30.01.2021 21:17",
            "open": "18.2146",
            "high": "18.2146",
            "low": "18.2146",
            "close": "18.2278"
        },
        {
            "time": "30.01.2021 21:18",
            "open": "18.2278",
            "high": "18.2278",
            "low": "18.2278",
            "close": "18.2369"
        },
        {
            "time": "30.01.2021 21:19",
            "open": "18.2369",
            "high": "18.237",
            "low": "18.2369",
            "close": "18.2148"
        },
        {
            "time": "30.01.2021 21:21",
            "open": "18.2148",
            "high": "18.2208",
            "low": "18.2148",
            "close": "18.2187"
        },
        {
            "time": "30.01.2021 21:22",
            "open": "18.2187",
            "high": "18.2189",
            "low": "18.2146",
            "close": "18.2408"
        },
        {
            "time": "30.01.2021 21:24",
            "open": "18.2408",
            "high": "18.2408",
            "low": "18.2408",
            "close": "18.2458"
        },
        {
            "time": "30.01.2021 21:26",
            "open": "18.2458",
            "high": "18.2458",
            "low": "18.2431",
            "close": "18.2456"
        },
        {
            "time": "30.01.2021 21:29",
            "open": "18.2456",
            "high": "18.2456",
            "low": "18.2456",
            "close": "18.2455"
        },
        {
            "time": "30.01.2021 21:30",
            "open": "18.2455",
            "high": "18.2455",
            "low": "18.2455",
            "close": "18.2459"
        },
        {
            "time": "30.01.2021 21:31",
            "open": "18.2459",
            "high": "18.2459",
            "low": "18.2459",
            "close": "18.2528"
        },
        {
            "time": "30.01.2021 21:34",
            "open": "18.2528",
            "high": "18.2528",
            "low": "18.2528",
            "close": "18.2528"
        },
        {
            "time": "30.01.2021 21:35",
            "open": "18.2528",
            "high": "18.2529",
            "low": "18.2528",
            "close": "18.287"
        },
        {
            "time": "30.01.2021 21:36",
            "open": "18.287",
            "high": "18.288",
            "low": "18.287",
            "close": "18.2881"
        },
        {
            "time": "30.01.2021 21:37",
            "open": "18.2881",
            "high": "18.2881",
            "low": "18.288",
            "close": "18.281"
        },
        {
            "time": "30.01.2021 21:38",
            "open": "18.281",
            "high": "18.281",
            "low": "18.281",
            "close": "18.2731"
        },
        {
            "time": "30.01.2021 21:39",
            "open": "18.2731",
            "high": "18.2731",
            "low": "18.2731",
            "close": "18.2782"
        },
        {
            "time": "30.01.2021 21:40",
            "open": "18.2782",
            "high": "18.2782",
            "low": "18.2546",
            "close": "18.2248"
        },
        {
            "time": "30.01.2021 21:41",
            "open": "18.2248",
            "high": "18.2248",
            "low": "18.2243",
            "close": "18.2163"
        },
        {
            "time": "30.01.2021 21:44",
            "open": "18.2163",
            "high": "18.2163",
            "low": "18.2163",
            "close": "18.2235"
        },
        {
            "time": "30.01.2021 21:46",
            "open": "18.2235",
            "high": "18.2235",
            "low": "18.2235",
            "close": "18.2181"
        },
        {
            "time": "30.01.2021 21:50",
            "open": "18.2181",
            "high": "18.2181",
            "low": "18.2016",
            "close": "18.213"
        },
        {
            "time": "30.01.2021 21:51",
            "open": "18.213",
            "high": "18.2207",
            "low": "18.213",
            "close": "18.2029"
        },
        {
            "time": "30.01.2021 21:52",
            "open": "18.2029",
            "high": "18.2103",
            "low": "18.2029",
            "close": "18.2364"
        },
        {
            "time": "30.01.2021 21:57",
            "open": "18.2364",
            "high": "18.2384",
            "low": "18.2364",
            "close": "18.2352"
        },
        {
            "time": "30.01.2021 21:58",
            "open": "18.2352",
            "high": "18.2352",
            "low": "18.2352",
            "close": "18.2479"
        },
        {
            "time": "30.01.2021 21:59",
            "open": "18.2479",
            "high": "18.2479",
            "low": "18.227",
            "close": "18.2154"
        },
        {
            "time": "30.01.2021 22:01",
            "open": "18.2154",
            "high": "18.2477",
            "low": "18.2154",
            "close": "18.2765"
        },
        {
            "time": "30.01.2021 22:09",
            "open": "18.2765",
            "high": "18.2765",
            "low": "18.2765",
            "close": "18.2675"
        },
        {
            "time": "30.01.2021 22:15",
            "open": "18.2675",
            "high": "18.2676",
            "low": "18.2675",
            "close": "18.2679"
        },
        {
            "time": "30.01.2021 22:16",
            "open": "18.2679",
            "high": "18.2681",
            "low": "18.2678",
            "close": "18.2679"
        },
        {
            "time": "30.01.2021 22:20",
            "open": "18.2679",
            "high": "18.2706",
            "low": "18.2679",
            "close": "18.2781"
        },
        {
            "time": "30.01.2021 22:23",
            "open": "18.2781",
            "high": "18.2781",
            "low": "18.2781",
            "close": "18.2756"
        },
        {
            "time": "30.01.2021 22:31",
            "open": "18.2756",
            "high": "18.2756",
            "low": "18.2756",
            "close": "18.2474"
        },
        {
            "time": "30.01.2021 22:36",
            "open": "18.2474",
            "high": "18.2474",
            "low": "18.2474",
            "close": "18.2693"
        },
        {
            "time": "30.01.2021 22:38",
            "open": "18.2693",
            "high": "18.2693",
            "low": "18.2693",
            "close": "18.2674"
        },
        {
            "time": "30.01.2021 22:41",
            "open": "18.2674",
            "high": "18.2674",
            "low": "18.2674",
            "close": "18.224"
        },
        {
            "time": "30.01.2021 22:42",
            "open": "18.224",
            "high": "18.2241",
            "low": "18.224",
            "close": "18.2242"
        },
        {
            "time": "30.01.2021 22:45",
            "open": "18.2242",
            "high": "18.2242",
            "low": "18.2242",
            "close": "18.2441"
        },
        {
            "time": "30.01.2021 22:46",
            "open": "18.2441",
            "high": "18.2598",
            "low": "18.2341",
            "close": "18.2407"
        },
        {
            "time": "30.01.2021 22:50",
            "open": "18.2407",
            "high": "18.2525",
            "low": "18.2407",
            "close": "18.2367"
        },
        {
            "time": "30.01.2021 22:51",
            "open": "18.2367",
            "high": "18.2367",
            "low": "18.19",
            "close": "18.19"
        },
        {
            "time": "30.01.2021 22:52",
            "open": "18.19",
            "high": "18.19",
            "low": "18.1522",
            "close": "18.1563"
        },
        {
            "time": "30.01.2021 22:53",
            "open": "18.1563",
            "high": "18.158",
            "low": "18.1557",
            "close": "18.1521"
        },
        {
            "time": "30.01.2021 22:54",
            "open": "18.1521",
            "high": "18.1521",
            "low": "18.1511",
            "close": "18.1595"
        },
        {
            "time": "30.01.2021 22:55",
            "open": "18.1595",
            "high": "18.1595",
            "low": "18.1595",
            "close": "18.1802"
        },
        {
            "time": "30.01.2021 22:57",
            "open": "18.1802",
            "high": "18.1802",
            "low": "18.1802",
            "close": "18.1575"
        },
        {
            "time": "30.01.2021 22:59",
            "open": "18.1575",
            "high": "18.1895",
            "low": "18.1468",
            "close": "18.1685"
        },
        {
            "time": "30.01.2021 23:00",
            "open": "18.1685",
            "high": "18.1685",
            "low": "18.1685",
            "close": "18.1802"
        },
        {
            "time": "30.01.2021 23:01",
            "open": "18.1802",
            "high": "18.1803",
            "low": "18.1802",
            "close": "18.1644"
        },
        {
            "time": "30.01.2021 23:03",
            "open": "18.1644",
            "high": "18.1657",
            "low": "18.1448",
            "close": "18.1779"
        },
        {
            "time": "30.01.2021 23:05",
            "open": "18.1779",
            "high": "18.1779",
            "low": "18.1779",
            "close": "18.183"
        },
        {
            "time": "30.01.2021 23:06",
            "open": "18.183",
            "high": "18.183",
            "low": "18.183",
            "close": "18.1869"
        },
        {
            "time": "30.01.2021 23:07",
            "open": "18.1869",
            "high": "18.1869",
            "low": "18.1869",
            "close": "18.1711"
        },
        {
            "time": "30.01.2021 23:08",
            "open": "18.1711",
            "high": "18.1711",
            "low": "18.171",
            "close": "18.1851"
        },
        {
            "time": "30.01.2021 23:09",
            "open": "18.1851",
            "high": "18.1851",
            "low": "18.1851",
            "close": "18.1908"
        },
        {
            "time": "30.01.2021 23:15",
            "open": "18.1908",
            "high": "18.195",
            "low": "18.1908",
            "close": "18.2189"
        },
        {
            "time": "30.01.2021 23:16",
            "open": "18.2189",
            "high": "18.2189",
            "low": "18.2189",
            "close": "18.2167"
        },
        {
            "time": "30.01.2021 23:17",
            "open": "18.2167",
            "high": "18.2217",
            "low": "18.2167",
            "close": "18.2144"
        },
        {
            "time": "30.01.2021 23:24",
            "open": "18.2144",
            "high": "18.2144",
            "low": "18.2144",
            "close": "18.2104"
        },
        {
            "time": "30.01.2021 23:25",
            "open": "18.2104",
            "high": "18.2104",
            "low": "18.2104",
            "close": "18.2212"
        },
        {
            "time": "30.01.2021 23:26",
            "open": "18.2212",
            "high": "18.2212",
            "low": "18.2212",
            "close": "18.2212"
        },
        {
            "time": "30.01.2021 23:31",
            "open": "18.2212",
            "high": "18.2212",
            "low": "18.2212",
            "close": "18.2222"
        },
        {
            "time": "30.01.2021 23:34",
            "open": "18.2222",
            "high": "18.225",
            "low": "18.2222",
            "close": "18.2212"
        },
        {
            "time": "30.01.2021 23:35",
            "open": "18.2212",
            "high": "18.2212",
            "low": "18.211",
            "close": "18.2105"
        },
        {
            "time": "30.01.2021 23:43",
            "open": "18.2105",
            "high": "18.2105",
            "low": "18.21",
            "close": "18.2068"
        },
        {
            "time": "30.01.2021 23:44",
            "open": "18.2068",
            "high": "18.216",
            "low": "18.2068",
            "close": "18.2159"
        },
        {
            "time": "30.01.2021 23:48",
            "open": "18.2159",
            "high": "18.2252",
            "low": "18.2159",
            "close": "18.2252"
        },
        {
            "time": "30.01.2021 23:49",
            "open": "18.2252",
            "high": "18.2252",
            "low": "18.2252",
            "close": "18.2245"
        },
        {
            "time": "30.01.2021 23:51",
            "open": "18.2245",
            "high": "18.2245",
            "low": "18.2245",
            "close": "18.2221"
        },
        {
            "time": "30.01.2021 23:52",
            "open": "18.2221",
            "high": "18.2221",
            "low": "18.2221",
            "close": "18.2087"
        },
        {
            "time": "30.01.2021 23:53",
            "open": "18.2087",
            "high": "18.2087",
            "low": "18.2087",
            "close": "18.2101"
        },
        {
            "time": "30.01.2021 23:57",
            "open": "18.2101",
            "high": "18.2101",
            "low": "18.2099",
            "close": "18.2234"
        },
        {
            "time": "30.01.2021 23:58",
            "open": "18.2234",
            "high": "18.2234",
            "low": "18.2234",
            "close": "18.2349"
        }
    ]
}