{
    "FIL-EUR": [
        {
            "time": "27.07.2021 23:58",
            "open": "41.4115",
            "high": "41.4115",
            "low": "41.4115",
            "close": "41.36"
        },
        {
            "time": "28.07.2021 00:00",
            "open": "41.36",
            "high": "41.36",
            "low": "41.36",
            "close": "41.25"
        },
        {
            "time": "28.07.2021 00:01",
            "open": "41.25",
            "high": "41.25",
            "low": "41.2388",
            "close": "41.2"
        },
        {
            "time": "28.07.2021 00:02",
            "open": "41.2",
            "high": "41.2",
            "low": "41.2",
            "close": "41.15"
        },
        {
            "time": "28.07.2021 00:03",
            "open": "41.15",
            "high": "41.15",
            "low": "41.15",
            "close": "41.1924"
        },
        {
            "time": "28.07.2021 00:07",
            "open": "41.1924",
            "high": "41.1924",
            "low": "41.1924",
            "close": "41.2401"
        },
        {
            "time": "28.07.2021 00:09",
            "open": "41.2401",
            "high": "41.2401",
            "low": "41.2401",
            "close": "41.272"
        },
        {
            "time": "28.07.2021 00:21",
            "open": "41.272",
            "high": "41.272",
            "low": "41.272",
            "close": "41.35"
        },
        {
            "time": "28.07.2021 00:37",
            "open": "41.35",
            "high": "41.35",
            "low": "41.35",
            "close": "41.4"
        },
        {
            "time": "28.07.2021 00:38",
            "open": "41.4",
            "high": "41.4",
            "low": "41.4",
            "close": "41.45"
        },
        {
            "time": "28.07.2021 00:39",
            "open": "41.45",
            "high": "41.45",
            "low": "41.45",
            "close": "41.5"
        },
        {
            "time": "28.07.2021 00:40",
            "open": "41.5",
            "high": "41.6",
            "low": "41.5",
            "close": "41.65"
        },
        {
            "time": "28.07.2021 00:42",
            "open": "41.65",
            "high": "41.65",
            "low": "41.65",
            "close": "41.7"
        },
        {
            "time": "28.07.2021 00:45",
            "open": "41.7",
            "high": "41.7",
            "low": "41.7",
            "close": "41.75"
        },
        {
            "time": "28.07.2021 00:46",
            "open": "41.75",
            "high": "41.8",
            "low": "41.75",
            "close": "41.7727"
        },
        {
            "time": "28.07.2021 00:54",
            "open": "41.7727",
            "high": "41.7843",
            "low": "41.7727",
            "close": "41.85"
        },
        {
            "time": "28.07.2021 00:55",
            "open": "41.85",
            "high": "41.85",
            "low": "41.85",
            "close": "41.8352"
        },
        {
            "time": "28.07.2021 00:57",
            "open": "41.8352",
            "high": "41.8352",
            "low": "41.8352",
            "close": "41.8352"
        },
        {
            "time": "28.07.2021 00:58",
            "open": "41.8352",
            "high": "41.8352",
            "low": "41.7702",
            "close": "41.6994"
        },
        {
            "time": "28.07.2021 01:01",
            "open": "41.6994",
            "high": "41.6994",
            "low": "41.6994",
            "close": "41.65"
        },
        {
            "time": "28.07.2021 01:02",
            "open": "41.65",
            "high": "41.65",
            "low": "41.6",
            "close": "41.55"
        },
        {
            "time": "28.07.2021 01:03",
            "open": "41.55",
            "high": "41.55",
            "low": "41.45",
            "close": "41.65"
        },
        {
            "time": "28.07.2021 01:06",
            "open": "41.65",
            "high": "41.7",
            "low": "41.65",
            "close": "41.75"
        },
        {
            "time": "28.07.2021 01:09",
            "open": "41.75",
            "high": "41.75",
            "low": "41.75",
            "close": "41.75"
        },
        {
            "time": "28.07.2021 01:12",
            "open": "41.75",
            "high": "41.75",
            "low": "41.75",
            "close": "41.7702"
        },
        {
            "time": "28.07.2021 01:13",
            "open": "41.7702",
            "high": "41.7702",
            "low": "41.7702",
            "close": "41.6542"
        },
        {
            "time": "28.07.2021 01:20",
            "open": "41.6542",
            "high": "41.6542",
            "low": "41.6542",
            "close": "41.71"
        },
        {
            "time": "28.07.2021 01:24",
            "open": "41.71",
            "high": "41.7102",
            "low": "41.71",
            "close": "41.5904"
        },
        {
            "time": "28.07.2021 01:25",
            "open": "41.5904",
            "high": "41.5904",
            "low": "41.5904",
            "close": "41.7023"
        },
        {
            "time": "28.07.2021 01:27",
            "open": "41.7023",
            "high": "41.7096",
            "low": "41.7023",
            "close": "41.7915"
        },
        {
            "time": "28.07.2021 01:28",
            "open": "41.7915",
            "high": "41.9",
            "low": "41.7915",
            "close": "41.95"
        },
        {
            "time": "28.07.2021 01:29",
            "open": "41.95",
            "high": "41.95",
            "low": "41.95",
            "close": "41.9038"
        },
        {
            "time": "28.07.2021 01:32",
            "open": "41.9038",
            "high": "41.9038",
            "low": "41.903",
            "close": "42"
        },
        {
            "time": "28.07.2021 01:33",
            "open": "42",
            "high": "42.0197",
            "low": "41.9642",
            "close": "41.8292"
        },
        {
            "time": "28.07.2021 01:34",
            "open": "41.8292",
            "high": "41.8292",
            "low": "41.7869",
            "close": "41.75"
        },
        {
            "time": "28.07.2021 01:36",
            "open": "41.75",
            "high": "41.75",
            "low": "41.75",
            "close": "41.8765"
        },
        {
            "time": "28.07.2021 01:45",
            "open": "41.8765",
            "high": "41.8765",
            "low": "41.8353",
            "close": "41.8352"
        },
        {
            "time": "28.07.2021 01:52",
            "open": "41.8352",
            "high": "41.8352",
            "low": "41.8352",
            "close": "41.95"
        },
        {
            "time": "28.07.2021 01:54",
            "open": "41.95",
            "high": "42",
            "low": "41.95",
            "close": "42.05"
        },
        {
            "time": "28.07.2021 01:57",
            "open": "42.05",
            "high": "42.05",
            "low": "42.05",
            "close": "41.9874"
        },
        {
            "time": "28.07.2021 02:03",
            "open": "41.9874",
            "high": "41.9874",
            "low": "41.9874",
            "close": "41.85"
        },
        {
            "time": "28.07.2021 02:05",
            "open": "41.85",
            "high": "41.85",
            "low": "41.85",
            "close": "41.8"
        },
        {
            "time": "28.07.2021 02:06",
            "open": "41.8",
            "high": "41.8",
            "low": "41.8",
            "close": "41.75"
        },
        {
            "time": "28.07.2021 02:07",
            "open": "41.75",
            "high": "41.75",
            "low": "41.65",
            "close": "41.6386"
        },
        {
            "time": "28.07.2021 02:09",
            "open": "41.6386",
            "high": "41.6386",
            "low": "41.6",
            "close": "41.6"
        },
        {
            "time": "28.07.2021 02:10",
            "open": "41.6",
            "high": "41.6464",
            "low": "41.6",
            "close": "41.5973"
        },
        {
            "time": "28.07.2021 02:11",
            "open": "41.5973",
            "high": "41.5973",
            "low": "41.5973",
            "close": "41.7277"
        },
        {
            "time": "28.07.2021 02:17",
            "open": "41.7277",
            "high": "41.7277",
            "low": "41.7277",
            "close": "41.8"
        },
        {
            "time": "28.07.2021 02:22",
            "open": "41.8",
            "high": "41.8",
            "low": "41.8",
            "close": "41.791"
        },
        {
            "time": "28.07.2021 02:26",
            "open": "41.791",
            "high": "41.791",
            "low": "41.791",
            "close": "41.6"
        },
        {
            "time": "28.07.2021 02:29",
            "open": "41.6",
            "high": "41.6",
            "low": "41.6",
            "close": "41.55"
        },
        {
            "time": "28.07.2021 02:30",
            "open": "41.55",
            "high": "41.55",
            "low": "41.55",
            "close": "41.5697"
        },
        {
            "time": "28.07.2021 02:31",
            "open": "41.5697",
            "high": "41.5697",
            "low": "41.5697",
            "close": "41.6195"
        },
        {
            "time": "28.07.2021 02:32",
            "open": "41.6195",
            "high": "41.6195",
            "low": "41.6195",
            "close": "41.5"
        },
        {
            "time": "28.07.2021 02:39",
            "open": "41.5",
            "high": "41.5",
            "low": "41.5",
            "close": "41.45"
        },
        {
            "time": "28.07.2021 02:41",
            "open": "41.45",
            "high": "41.45",
            "low": "41.45",
            "close": "41.4"
        },
        {
            "time": "28.07.2021 02:47",
            "open": "41.4",
            "high": "41.4",
            "low": "41.4",
            "close": "41.4411"
        },
        {
            "time": "28.07.2021 02:48",
            "open": "41.4411",
            "high": "41.4411",
            "low": "41.4411",
            "close": "41.5604"
        },
        {
            "time": "28.07.2021 02:56",
            "open": "41.5604",
            "high": "41.5605",
            "low": "41.5604",
            "close": "41.4611"
        },
        {
            "time": "28.07.2021 03:00",
            "open": "41.4611",
            "high": "41.4611",
            "low": "41.4611",
            "close": "41.35"
        },
        {
            "time": "28.07.2021 03:02",
            "open": "41.35",
            "high": "41.35",
            "low": "41.35",
            "close": "41.3"
        },
        {
            "time": "28.07.2021 03:03",
            "open": "41.3",
            "high": "41.3",
            "low": "41.2",
            "close": "41.3082"
        },
        {
            "time": "28.07.2021 03:06",
            "open": "41.3082",
            "high": "41.3082",
            "low": "41.3082",
            "close": "41.4"
        },
        {
            "time": "28.07.2021 03:10",
            "open": "41.4",
            "high": "41.45",
            "low": "41.4",
            "close": "41.5"
        },
        {
            "time": "28.07.2021 03:11",
            "open": "41.5",
            "high": "41.5",
            "low": "41.5",
            "close": "41.55"
        },
        {
            "time": "28.07.2021 03:13",
            "open": "41.55",
            "high": "41.55",
            "low": "41.55",
            "close": "41.6"
        },
        {
            "time": "28.07.2021 03:15",
            "open": "41.6",
            "high": "41.6",
            "low": "41.6",
            "close": "41.65"
        },
        {
            "time": "28.07.2021 03:16",
            "open": "41.65",
            "high": "41.65",
            "low": "41.65",
            "close": "41.7"
        },
        {
            "time": "28.07.2021 03:20",
            "open": "41.7",
            "high": "41.7",
            "low": "41.7",
            "close": "41.75"
        },
        {
            "time": "28.07.2021 03:34",
            "open": "41.75",
            "high": "41.75",
            "low": "41.75",
            "close": "41.7139"
        },
        {
            "time": "28.07.2021 03:38",
            "open": "41.7139",
            "high": "41.7139",
            "low": "41.6882",
            "close": "41.8"
        },
        {
            "time": "28.07.2021 03:42",
            "open": "41.8",
            "high": "41.85",
            "low": "41.8",
            "close": "41.9"
        },
        {
            "time": "28.07.2021 03:51",
            "open": "41.9",
            "high": "41.9",
            "low": "41.9",
            "close": "41.95"
        },
        {
            "time": "28.07.2021 03:52",
            "open": "41.95",
            "high": "42",
            "low": "41.95",
            "close": "42.05"
        },
        {
            "time": "28.07.2021 03:53",
            "open": "42.05",
            "high": "42.05",
            "low": "42.05",
            "close": "42.0194"
        },
        {
            "time": "28.07.2021 03:55",
            "open": "42.0194",
            "high": "42.0194",
            "low": "42.0194",
            "close": "42.0048"
        },
        {
            "time": "28.07.2021 03:56",
            "open": "42.0048",
            "high": "42.0048",
            "low": "41.999",
            "close": "42.1"
        },
        {
            "time": "28.07.2021 03:57",
            "open": "42.1",
            "high": "42.1443",
            "low": "42.1",
            "close": "42.15"
        },
        {
            "time": "28.07.2021 03:58",
            "open": "42.15",
            "high": "42.1547",
            "low": "42.15",
            "close": "42.2"
        },
        {
            "time": "28.07.2021 03:59",
            "open": "42.2",
            "high": "42.2",
            "low": "42.2",
            "close": "42.2482"
        },
        {
            "time": "28.07.2021 04:01",
            "open": "42.2482",
            "high": "42.2562",
            "low": "42.2482",
            "close": "42.3"
        },
        {
            "time": "28.07.2021 04:06",
            "open": "42.3",
            "high": "42.4",
            "low": "42.3",
            "close": "42.3837"
        },
        {
            "time": "28.07.2021 04:07",
            "open": "42.3837",
            "high": "42.4133",
            "low": "42.3837",
            "close": "42.4123"
        },
        {
            "time": "28.07.2021 04:08",
            "open": "42.4123",
            "high": "42.4124",
            "low": "42.4123",
            "close": "42.45"
        },
        {
            "time": "28.07.2021 04:09",
            "open": "42.45",
            "high": "42.45",
            "low": "42.45",
            "close": "42.4763"
        },
        {
            "time": "28.07.2021 04:12",
            "open": "42.4763",
            "high": "42.7",
            "low": "42.4531",
            "close": "42.75"
        },
        {
            "time": "28.07.2021 04:13",
            "open": "42.75",
            "high": "42.85",
            "low": "42.75",
            "close": "42.8602"
        },
        {
            "time": "28.07.2021 04:14",
            "open": "42.8602",
            "high": "42.8602",
            "low": "42.7786",
            "close": "42.7611"
        },
        {
            "time": "28.07.2021 04:15",
            "open": "42.7611",
            "high": "42.7611",
            "low": "42.65",
            "close": "42.7047"
        },
        {
            "time": "28.07.2021 04:20",
            "open": "42.7047",
            "high": "42.7047",
            "low": "42.7047",
            "close": "42.6183"
        },
        {
            "time": "28.07.2021 04:22",
            "open": "42.6183",
            "high": "42.6183",
            "low": "42.5",
            "close": "42.5458"
        },
        {
            "time": "28.07.2021 04:23",
            "open": "42.5458",
            "high": "42.5458",
            "low": "42.5458",
            "close": "42.45"
        },
        {
            "time": "28.07.2021 04:26",
            "open": "42.45",
            "high": "42.45",
            "low": "42.45",
            "close": "42.4"
        },
        {
            "time": "28.07.2021 04:27",
            "open": "42.4",
            "high": "42.4029",
            "low": "42.35",
            "close": "42.3"
        },
        {
            "time": "28.07.2021 04:35",
            "open": "42.3",
            "high": "42.3",
            "low": "42.3",
            "close": "42.25"
        },
        {
            "time": "28.07.2021 04:36",
            "open": "42.25",
            "high": "42.25",
            "low": "42.25",
            "close": "42.45"
        },
        {
            "time": "28.07.2021 04:39",
            "open": "42.45",
            "high": "42.45",
            "low": "42.45",
            "close": "42.5"
        },
        {
            "time": "28.07.2021 04:42",
            "open": "42.5",
            "high": "42.5",
            "low": "42.5",
            "close": "42.55"
        },
        {
            "time": "28.07.2021 04:43",
            "open": "42.55",
            "high": "42.5669",
            "low": "42.55",
            "close": "42.4197"
        },
        {
            "time": "28.07.2021 04:52",
            "open": "42.4197",
            "high": "42.4197",
            "low": "42.4197",
            "close": "42.35"
        },
        {
            "time": "28.07.2021 04:53",
            "open": "42.35",
            "high": "42.35",
            "low": "42.35",
            "close": "42.3722"
        },
        {
            "time": "28.07.2021 04:55",
            "open": "42.3722",
            "high": "42.4032",
            "low": "42.3722",
            "close": "42.3"
        },
        {
            "time": "28.07.2021 04:57",
            "open": "42.3",
            "high": "42.3",
            "low": "42.3",
            "close": "42.25"
        },
        {
            "time": "28.07.2021 04:58",
            "open": "42.25",
            "high": "42.25",
            "low": "42.2",
            "close": "42.15"
        },
        {
            "time": "28.07.2021 05:01",
            "open": "42.15",
            "high": "42.15",
            "low": "42",
            "close": "41.9782"
        },
        {
            "time": "28.07.2021 05:02",
            "open": "41.9782",
            "high": "42.0379",
            "low": "41.9692",
            "close": "41.95"
        },
        {
            "time": "28.07.2021 05:04",
            "open": "41.95",
            "high": "41.95",
            "low": "41.95",
            "close": "41.9"
        },
        {
            "time": "28.07.2021 05:05",
            "open": "41.9",
            "high": "41.9",
            "low": "41.85",
            "close": "41.9318"
        },
        {
            "time": "28.07.2021 05:07",
            "open": "41.9318",
            "high": "41.9318",
            "low": "41.9318",
            "close": "41.8"
        },
        {
            "time": "28.07.2021 05:09",
            "open": "41.8",
            "high": "41.8",
            "low": "41.8",
            "close": "41.8462"
        },
        {
            "time": "28.07.2021 05:10",
            "open": "41.8462",
            "high": "41.8462",
            "low": "41.8462",
            "close": "41.8758"
        },
        {
            "time": "28.07.2021 05:11",
            "open": "41.8758",
            "high": "41.8758",
            "low": "41.8758",
            "close": "42"
        },
        {
            "time": "28.07.2021 05:15",
            "open": "42",
            "high": "42",
            "low": "42",
            "close": "42.05"
        },
        {
            "time": "28.07.2021 05:16",
            "open": "42.05",
            "high": "42.05",
            "low": "42.05",
            "close": "42.1"
        },
        {
            "time": "28.07.2021 05:20",
            "open": "42.1",
            "high": "42.15",
            "low": "42.1",
            "close": "42.1719"
        },
        {
            "time": "28.07.2021 05:21",
            "open": "42.1719",
            "high": "42.1719",
            "low": "42.1416",
            "close": "42.1707"
        },
        {
            "time": "28.07.2021 05:22",
            "open": "42.1707",
            "high": "42.1842",
            "low": "42.1707",
            "close": "42.1912"
        },
        {
            "time": "28.07.2021 05:27",
            "open": "42.1912",
            "high": "42.2348",
            "low": "42.1912",
            "close": "42.25"
        },
        {
            "time": "28.07.2021 05:30",
            "open": "42.25",
            "high": "42.25",
            "low": "42.25",
            "close": "42.3"
        },
        {
            "time": "28.07.2021 05:31",
            "open": "42.3",
            "high": "42.35",
            "low": "42.3",
            "close": "42.4"
        },
        {
            "time": "28.07.2021 05:33",
            "open": "42.4",
            "high": "42.45",
            "low": "42.3982",
            "close": "42.5"
        },
        {
            "time": "28.07.2021 05:35",
            "open": "42.5",
            "high": "42.5",
            "low": "42.5",
            "close": "42.3"
        },
        {
            "time": "28.07.2021 05:41",
            "open": "42.3",
            "high": "42.3",
            "low": "42.3",
            "close": "42.25"
        },
        {
            "time": "28.07.2021 05:44",
            "open": "42.25",
            "high": "42.25",
            "low": "42.25",
            "close": "42.3005"
        },
        {
            "time": "28.07.2021 05:46",
            "open": "42.3005",
            "high": "42.3005",
            "low": "42.3005",
            "close": "42.2"
        },
        {
            "time": "28.07.2021 05:47",
            "open": "42.2",
            "high": "42.2",
            "low": "42.2",
            "close": "42.15"
        },
        {
            "time": "28.07.2021 05:48",
            "open": "42.15",
            "high": "42.15",
            "low": "42.15",
            "close": "42.1043"
        },
        {
            "time": "28.07.2021 05:52",
            "open": "42.1043",
            "high": "42.1043",
            "low": "42.1043",
            "close": "42.1013"
        },
        {
            "time": "28.07.2021 05:54",
            "open": "42.1013",
            "high": "42.1013",
            "low": "42.1",
            "close": "42.05"
        },
        {
            "time": "28.07.2021 05:55",
            "open": "42.05",
            "high": "42.05",
            "low": "42",
            "close": "42.0295"
        },
        {
            "time": "28.07.2021 05:58",
            "open": "42.0295",
            "high": "42.0295",
            "low": "42.0295",
            "close": "42.1245"
        },
        {
            "time": "28.07.2021 06:01",
            "open": "42.1245",
            "high": "42.252",
            "low": "42.1245",
            "close": "42.2123"
        },
        {
            "time": "28.07.2021 06:02",
            "open": "42.2123",
            "high": "42.2123",
            "low": "42.1878",
            "close": "42.2174"
        },
        {
            "time": "28.07.2021 06:03",
            "open": "42.2174",
            "high": "42.2174",
            "low": "42.2174",
            "close": "42.1327"
        },
        {
            "time": "28.07.2021 06:04",
            "open": "42.1327",
            "high": "42.1327",
            "low": "42.1327",
            "close": "42.05"
        },
        {
            "time": "28.07.2021 06:05",
            "open": "42.05",
            "high": "42.05",
            "low": "41.95",
            "close": "42.0143"
        },
        {
            "time": "28.07.2021 06:06",
            "open": "42.0143",
            "high": "42.0143",
            "low": "42.0143",
            "close": "41.9337"
        },
        {
            "time": "28.07.2021 06:07",
            "open": "41.9337",
            "high": "41.9444",
            "low": "41.9273",
            "close": "41.9646"
        },
        {
            "time": "28.07.2021 06:08",
            "open": "41.9646",
            "high": "41.9646",
            "low": "41.9646",
            "close": "41.9"
        },
        {
            "time": "28.07.2021 06:10",
            "open": "41.9",
            "high": "41.9",
            "low": "41.9",
            "close": "41.85"
        },
        {
            "time": "28.07.2021 06:11",
            "open": "41.85",
            "high": "41.85",
            "low": "41.85",
            "close": "41.9695"
        },
        {
            "time": "28.07.2021 06:18",
            "open": "41.9695",
            "high": "41.9695",
            "low": "41.9695",
            "close": "41.9438"
        },
        {
            "time": "28.07.2021 06:21",
            "open": "41.9438",
            "high": "41.9438",
            "low": "41.9438",
            "close": "41.9163"
        },
        {
            "time": "28.07.2021 06:25",
            "open": "41.9163",
            "high": "41.9163",
            "low": "41.9163",
            "close": "41.9581"
        },
        {
            "time": "28.07.2021 06:29",
            "open": "41.9581",
            "high": "41.9581",
            "low": "41.9581",
            "close": "41.9143"
        },
        {
            "time": "28.07.2021 06:40",
            "open": "41.9143",
            "high": "41.9143",
            "low": "41.9143",
            "close": "41.8659"
        },
        {
            "time": "28.07.2021 06:45",
            "open": "41.8659",
            "high": "41.866",
            "low": "41.8659",
            "close": "42.05"
        },
        {
            "time": "28.07.2021 07:01",
            "open": "42.05",
            "high": "42.05",
            "low": "42.05",
            "close": "42.032"
        },
        {
            "time": "28.07.2021 07:02",
            "open": "42.032",
            "high": "42.032",
            "low": "42.0225",
            "close": "41.9835"
        },
        {
            "time": "28.07.2021 07:03",
            "open": "41.9835",
            "high": "41.9835",
            "low": "41.9835",
            "close": "41.9025"
        },
        {
            "time": "28.07.2021 07:08",
            "open": "41.9025",
            "high": "41.9025",
            "low": "41.9023",
            "close": "42.1"
        },
        {
            "time": "28.07.2021 07:12",
            "open": "42.1",
            "high": "42.1579",
            "low": "42.1",
            "close": "42.2"
        },
        {
            "time": "28.07.2021 07:13",
            "open": "42.2",
            "high": "42.25",
            "low": "42.2",
            "close": "42.3"
        },
        {
            "time": "28.07.2021 07:14",
            "open": "42.3",
            "high": "42.3",
            "low": "42.3",
            "close": "42.35"
        },
        {
            "time": "28.07.2021 07:20",
            "open": "42.35",
            "high": "42.4",
            "low": "42.35",
            "close": "42.4"
        },
        {
            "time": "28.07.2021 07:23",
            "open": "42.4",
            "high": "42.4",
            "low": "42.4",
            "close": "42.45"
        },
        {
            "time": "28.07.2021 07:25",
            "open": "42.45",
            "high": "42.6",
            "low": "42.45",
            "close": "42.5986"
        },
        {
            "time": "28.07.2021 07:26",
            "open": "42.5986",
            "high": "42.6414",
            "low": "42.5986",
            "close": "42.61"
        },
        {
            "time": "28.07.2021 07:27",
            "open": "42.61",
            "high": "42.61",
            "low": "42.61",
            "close": "42.65"
        },
        {
            "time": "28.07.2021 07:28",
            "open": "42.65",
            "high": "42.65",
            "low": "42.5609",
            "close": "42.5543"
        },
        {
            "time": "28.07.2021 07:30",
            "open": "42.5543",
            "high": "42.5631",
            "low": "42.5543",
            "close": "42.45"
        },
        {
            "time": "28.07.2021 07:34",
            "open": "42.45",
            "high": "42.45",
            "low": "42.4",
            "close": "42.4378"
        },
        {
            "time": "28.07.2021 07:35",
            "open": "42.4378",
            "high": "42.4378",
            "low": "42.4378",
            "close": "42.4754"
        },
        {
            "time": "28.07.2021 07:40",
            "open": "42.4754",
            "high": "42.4754",
            "low": "42.4754",
            "close": "42.4532"
        },
        {
            "time": "28.07.2021 07:43",
            "open": "42.4532",
            "high": "42.4532",
            "low": "42.4532",
            "close": "42.4749"
        },
        {
            "time": "28.07.2021 07:45",
            "open": "42.4749",
            "high": "42.4749",
            "low": "42.4749",
            "close": "42.3945"
        },
        {
            "time": "28.07.2021 07:46",
            "open": "42.3945",
            "high": "42.3957",
            "low": "42.35",
            "close": "42.4143"
        },
        {
            "time": "28.07.2021 07:50",
            "open": "42.4143",
            "high": "42.4143",
            "low": "42.4143",
            "close": "42.4048"
        },
        {
            "time": "28.07.2021 07:52",
            "open": "42.4048",
            "high": "42.411",
            "low": "42.4048",
            "close": "42.3"
        },
        {
            "time": "28.07.2021 08:06",
            "open": "42.3",
            "high": "42.3",
            "low": "42.3",
            "close": "42.25"
        },
        {
            "time": "28.07.2021 08:08",
            "open": "42.25",
            "high": "42.25",
            "low": "42.236",
            "close": "42.3035"
        },
        {
            "time": "28.07.2021 08:09",
            "open": "42.3035",
            "high": "42.3035",
            "low": "42.3035",
            "close": "42.2"
        },
        {
            "time": "28.07.2021 08:17",
            "open": "42.2",
            "high": "42.2",
            "low": "42.15",
            "close": "42.1"
        },
        {
            "time": "28.07.2021 08:18",
            "open": "42.1",
            "high": "42.1144",
            "low": "42.1",
            "close": "42.1504"
        },
        {
            "time": "28.07.2021 08:24",
            "open": "42.1504",
            "high": "42.1504",
            "low": "42.1504",
            "close": "42.1577"
        },
        {
            "time": "28.07.2021 08:28",
            "open": "42.1577",
            "high": "42.1577",
            "low": "42.1577",
            "close": "42.2886"
        },
        {
            "time": "28.07.2021 08:37",
            "open": "42.2886",
            "high": "42.2886",
            "low": "42.2886",
            "close": "42.2394"
        },
        {
            "time": "28.07.2021 08:40",
            "open": "42.2394",
            "high": "42.3",
            "low": "42.2064",
            "close": "42.1"
        },
        {
            "time": "28.07.2021 08:41",
            "open": "42.1",
            "high": "42.1",
            "low": "42.05",
            "close": "42"
        },
        {
            "time": "28.07.2021 08:42",
            "open": "42",
            "high": "42",
            "low": "42",
            "close": "41.95"
        },
        {
            "time": "28.07.2021 08:43",
            "open": "41.95",
            "high": "41.95",
            "low": "41.7",
            "close": "41.7909"
        },
        {
            "time": "28.07.2021 08:44",
            "open": "41.7909",
            "high": "41.8746",
            "low": "41.7909",
            "close": "41.9"
        },
        {
            "time": "28.07.2021 08:45",
            "open": "41.9",
            "high": "41.9",
            "low": "41.9",
            "close": "41.95"
        },
        {
            "time": "28.07.2021 08:47",
            "open": "41.95",
            "high": "41.95",
            "low": "41.95",
            "close": "42"
        },
        {
            "time": "28.07.2021 09:01",
            "open": "42",
            "high": "42.0296",
            "low": "42",
            "close": "42.05"
        },
        {
            "time": "28.07.2021 09:02",
            "open": "42.05",
            "high": "42.15",
            "low": "42.05",
            "close": "42.1377"
        },
        {
            "time": "28.07.2021 09:03",
            "open": "42.1377",
            "high": "42.1377",
            "low": "42.1377",
            "close": "42.1054"
        },
        {
            "time": "28.07.2021 09:05",
            "open": "42.1054",
            "high": "42.1055",
            "low": "42.1054",
            "close": "42.0852"
        },
        {
            "time": "28.07.2021 09:06",
            "open": "42.0852",
            "high": "42.0852",
            "low": "42.0852",
            "close": "42.1536"
        },
        {
            "time": "28.07.2021 09:07",
            "open": "42.1536",
            "high": "42.1536",
            "low": "42.1536",
            "close": "42.1817"
        },
        {
            "time": "28.07.2021 09:08",
            "open": "42.1817",
            "high": "42.1818",
            "low": "42.1817",
            "close": "42.0242"
        },
        {
            "time": "28.07.2021 09:22",
            "open": "42.0242",
            "high": "42.0283",
            "low": "42.0236",
            "close": "42.0355"
        },
        {
            "time": "28.07.2021 09:23",
            "open": "42.0355",
            "high": "42.0355",
            "low": "42.0355",
            "close": "42.0888"
        },
        {
            "time": "28.07.2021 09:26",
            "open": "42.0888",
            "high": "42.0888",
            "low": "42.0888",
            "close": "41.95"
        },
        {
            "time": "28.07.2021 09:31",
            "open": "41.95",
            "high": "41.95",
            "low": "41.95",
            "close": "42.15"
        },
        {
            "time": "28.07.2021 09:37",
            "open": "42.15",
            "high": "42.15",
            "low": "42.15",
            "close": "42.1763"
        },
        {
            "time": "28.07.2021 09:38",
            "open": "42.1763",
            "high": "42.2",
            "low": "42.1692",
            "close": "42.25"
        },
        {
            "time": "28.07.2021 09:39",
            "open": "42.25",
            "high": "42.3",
            "low": "42.25",
            "close": "42.35"
        },
        {
            "time": "28.07.2021 09:40",
            "open": "42.35",
            "high": "42.35",
            "low": "42.35",
            "close": "42.4"
        },
        {
            "time": "28.07.2021 09:41",
            "open": "42.4",
            "high": "42.45",
            "low": "42.4",
            "close": "42.5"
        },
        {
            "time": "28.07.2021 09:42",
            "open": "42.5",
            "high": "42.6",
            "low": "42.5",
            "close": "42.5601"
        },
        {
            "time": "28.07.2021 09:45",
            "open": "42.5601",
            "high": "42.5601",
            "low": "42.5601",
            "close": "42.5398"
        },
        {
            "time": "28.07.2021 09:46",
            "open": "42.5398",
            "high": "42.5398",
            "low": "42.5398",
            "close": "42.5043"
        },
        {
            "time": "28.07.2021 09:47",
            "open": "42.5043",
            "high": "42.5043",
            "low": "42.5043",
            "close": "42.4"
        },
        {
            "time": "28.07.2021 09:49",
            "open": "42.4",
            "high": "42.4",
            "low": "42.4",
            "close": "42.4372"
        },
        {
            "time": "28.07.2021 09:51",
            "open": "42.4372",
            "high": "42.4372",
            "low": "42.4259",
            "close": "42.4381"
        },
        {
            "time": "28.07.2021 09:57",
            "open": "42.4381",
            "high": "42.4381",
            "low": "42.4381",
            "close": "42.5096"
        },
        {
            "time": "28.07.2021 09:59",
            "open": "42.5096",
            "high": "42.5096",
            "low": "42.4946",
            "close": "42.6"
        },
        {
            "time": "28.07.2021 10:00",
            "open": "42.6",
            "high": "42.65",
            "low": "42.6",
            "close": "42.6869"
        },
        {
            "time": "28.07.2021 10:01",
            "open": "42.6869",
            "high": "42.6869",
            "low": "42.6869",
            "close": "42.4961"
        },
        {
            "time": "28.07.2021 10:02",
            "open": "42.4961",
            "high": "42.4961",
            "low": "42.4961",
            "close": "42.4961"
        },
        {
            "time": "28.07.2021 10:03",
            "open": "42.4961",
            "high": "42.4961",
            "low": "42.4459",
            "close": "42.4"
        },
        {
            "time": "28.07.2021 10:04",
            "open": "42.4",
            "high": "42.4",
            "low": "42.4",
            "close": "42.357"
        },
        {
            "time": "28.07.2021 10:05",
            "open": "42.357",
            "high": "42.357",
            "low": "42.357",
            "close": "42.4623"
        },
        {
            "time": "28.07.2021 10:07",
            "open": "42.4623",
            "high": "42.4623",
            "low": "42.4623",
            "close": "42.5068"
        },
        {
            "time": "28.07.2021 10:10",
            "open": "42.5068",
            "high": "42.5068",
            "low": "42.5068",
            "close": "42.6"
        },
        {
            "time": "28.07.2021 10:11",
            "open": "42.6",
            "high": "42.6",
            "low": "42.6",
            "close": "42.65"
        },
        {
            "time": "28.07.2021 10:12",
            "open": "42.65",
            "high": "42.7006",
            "low": "42.65",
            "close": "42.75"
        },
        {
            "time": "28.07.2021 10:13",
            "open": "42.75",
            "high": "42.75",
            "low": "42.75",
            "close": "42.7267"
        },
        {
            "time": "28.07.2021 10:14",
            "open": "42.7267",
            "high": "42.7267",
            "low": "42.7267",
            "close": "42.5673"
        },
        {
            "time": "28.07.2021 10:17",
            "open": "42.5673",
            "high": "42.8",
            "low": "42.5673",
            "close": "42.7914"
        },
        {
            "time": "28.07.2021 10:18",
            "open": "42.7914",
            "high": "42.7955",
            "low": "42.7914",
            "close": "42.606"
        },
        {
            "time": "28.07.2021 10:19",
            "open": "42.606",
            "high": "42.606",
            "low": "42.55",
            "close": "42.5482"
        },
        {
            "time": "28.07.2021 10:20",
            "open": "42.5482",
            "high": "42.75",
            "low": "42.5482",
            "close": "42.7243"
        },
        {
            "time": "28.07.2021 10:21",
            "open": "42.7243",
            "high": "42.7243",
            "low": "42.6772",
            "close": "42.7008"
        },
        {
            "time": "28.07.2021 10:26",
            "open": "42.7008",
            "high": "42.7008",
            "low": "42.7008",
            "close": "42.55"
        },
        {
            "time": "28.07.2021 10:31",
            "open": "42.55",
            "high": "42.55",
            "low": "42.45",
            "close": "42.5127"
        },
        {
            "time": "28.07.2021 10:32",
            "open": "42.5127",
            "high": "42.5127",
            "low": "42.5079",
            "close": "42.5184"
        },
        {
            "time": "28.07.2021 10:34",
            "open": "42.5184",
            "high": "42.5405",
            "low": "42.5184",
            "close": "42.4319"
        },
        {
            "time": "28.07.2021 10:37",
            "open": "42.4319",
            "high": "42.4319",
            "low": "42.4319",
            "close": "42.4014"
        },
        {
            "time": "28.07.2021 10:39",
            "open": "42.4014",
            "high": "42.4014",
            "low": "42.25",
            "close": "42.2"
        },
        {
            "time": "28.07.2021 10:40",
            "open": "42.2",
            "high": "42.2",
            "low": "42.2",
            "close": "42.1769"
        },
        {
            "time": "28.07.2021 10:41",
            "open": "42.1769",
            "high": "42.1769",
            "low": "42.1769",
            "close": "42.2248"
        },
        {
            "time": "28.07.2021 10:45",
            "open": "42.2248",
            "high": "42.2296",
            "low": "42.2248",
            "close": "42.4"
        },
        {
            "time": "28.07.2021 10:48",
            "open": "42.4",
            "high": "42.5509",
            "low": "42.4",
            "close": "42.5468"
        },
        {
            "time": "28.07.2021 10:49",
            "open": "42.5468",
            "high": "42.5468",
            "low": "42.4157",
            "close": "42.4927"
        },
        {
            "time": "28.07.2021 10:50",
            "open": "42.4927",
            "high": "42.4927",
            "low": "42.4927",
            "close": "42.5341"
        },
        {
            "time": "28.07.2021 10:52",
            "open": "42.5341",
            "high": "42.5341",
            "low": "42.5341",
            "close": "42.464"
        },
        {
            "time": "28.07.2021 10:54",
            "open": "42.464",
            "high": "42.4857",
            "low": "42.4348",
            "close": "42.35"
        },
        {
            "time": "28.07.2021 10:57",
            "open": "42.35",
            "high": "42.35",
            "low": "42.35",
            "close": "42.3"
        },
        {
            "time": "28.07.2021 11:00",
            "open": "42.3",
            "high": "42.3",
            "low": "42.3",
            "close": "42.284"
        },
        {
            "time": "28.07.2021 11:02",
            "open": "42.284",
            "high": "42.284",
            "low": "42.1587",
            "close": "42.2944"
        },
        {
            "time": "28.07.2021 11:06",
            "open": "42.2944",
            "high": "42.2944",
            "low": "42.2912",
            "close": "42.3166"
        },
        {
            "time": "28.07.2021 11:08",
            "open": "42.3166",
            "high": "42.3166",
            "low": "42.3166",
            "close": "42.3051"
        },
        {
            "time": "28.07.2021 11:12",
            "open": "42.3051",
            "high": "42.3051",
            "low": "42.3051",
            "close": "42.3495"
        },
        {
            "time": "28.07.2021 11:19",
            "open": "42.3495",
            "high": "42.3495",
            "low": "42.3495",
            "close": "42.2941"
        },
        {
            "time": "28.07.2021 11:20",
            "open": "42.2941",
            "high": "42.2941",
            "low": "42.2941",
            "close": "42.4"
        },
        {
            "time": "28.07.2021 11:26",
            "open": "42.4",
            "high": "42.4",
            "low": "42.4",
            "close": "42.4157"
        },
        {
            "time": "28.07.2021 11:27",
            "open": "42.4157",
            "high": "42.4157",
            "low": "42.4157",
            "close": "42.3005"
        },
        {
            "time": "28.07.2021 11:31",
            "open": "42.3005",
            "high": "42.3005",
            "low": "42.3005",
            "close": "42.4117"
        },
        {
            "time": "28.07.2021 11:41",
            "open": "42.4117",
            "high": "42.4117",
            "low": "42.4117",
            "close": "42.3676"
        },
        {
            "time": "28.07.2021 11:46",
            "open": "42.3676",
            "high": "42.3676",
            "low": "42.3676",
            "close": "42.4041"
        },
        {
            "time": "28.07.2021 11:52",
            "open": "42.4041",
            "high": "42.4072",
            "low": "42.4041",
            "close": "42.4151"
        },
        {
            "time": "28.07.2021 12:03",
            "open": "42.4151",
            "high": "42.6",
            "low": "42.4151",
            "close": "42.5668"
        },
        {
            "time": "28.07.2021 12:04",
            "open": "42.5668",
            "high": "42.65",
            "low": "42.5668",
            "close": "42.7"
        },
        {
            "time": "28.07.2021 12:05",
            "open": "42.7",
            "high": "42.7",
            "low": "42.7",
            "close": "42.6474"
        },
        {
            "time": "28.07.2021 12:07",
            "open": "42.6474",
            "high": "42.6474",
            "low": "42.6474",
            "close": "42.7"
        },
        {
            "time": "28.07.2021 12:09",
            "open": "42.7",
            "high": "42.7",
            "low": "42.7",
            "close": "42.75"
        },
        {
            "time": "28.07.2021 12:14",
            "open": "42.75",
            "high": "42.75",
            "low": "42.7488",
            "close": "42.7433"
        },
        {
            "time": "28.07.2021 12:17",
            "open": "42.7433",
            "high": "42.7433",
            "low": "42.6604",
            "close": "42.55"
        },
        {
            "time": "28.07.2021 12:18",
            "open": "42.55",
            "high": "42.55",
            "low": "42.45",
            "close": "42.594"
        },
        {
            "time": "28.07.2021 12:32",
            "open": "42.594",
            "high": "42.6018",
            "low": "42.5837",
            "close": "42.4886"
        },
        {
            "time": "28.07.2021 12:33",
            "open": "42.4886",
            "high": "42.4886",
            "low": "42.4885",
            "close": "42.5456"
        },
        {
            "time": "28.07.2021 12:34",
            "open": "42.5456",
            "high": "42.5456",
            "low": "42.5456",
            "close": "42.5829"
        },
        {
            "time": "28.07.2021 12:37",
            "open": "42.5829",
            "high": "42.5829",
            "low": "42.529",
            "close": "42.6091"
        },
        {
            "time": "28.07.2021 12:38",
            "open": "42.6091",
            "high": "42.614",
            "low": "42.6091",
            "close": "42.5399"
        },
        {
            "time": "28.07.2021 12:39",
            "open": "42.5399",
            "high": "42.5399",
            "low": "42.5399",
            "close": "42.5805"
        },
        {
            "time": "28.07.2021 12:40",
            "open": "42.5805",
            "high": "42.5806",
            "low": "42.5805",
            "close": "42.4953"
        },
        {
            "time": "28.07.2021 12:43",
            "open": "42.4953",
            "high": "42.4953",
            "low": "42.4952",
            "close": "42.65"
        },
        {
            "time": "28.07.2021 12:49",
            "open": "42.65",
            "high": "42.65",
            "low": "42.65",
            "close": "42.5932"
        },
        {
            "time": "28.07.2021 12:50",
            "open": "42.5932",
            "high": "42.6661",
            "low": "42.5908",
            "close": "42.6636"
        },
        {
            "time": "28.07.2021 12:52",
            "open": "42.6636",
            "high": "42.6636",
            "low": "42.6636",
            "close": "42.6732"
        },
        {
            "time": "28.07.2021 12:53",
            "open": "42.6732",
            "high": "42.6732",
            "low": "42.6732",
            "close": "42.6271"
        },
        {
            "time": "28.07.2021 12:54",
            "open": "42.6271",
            "high": "42.6271",
            "low": "42.6271",
            "close": "42.5905"
        },
        {
            "time": "28.07.2021 12:55",
            "open": "42.5905",
            "high": "42.5905",
            "low": "42.5774",
            "close": "42.6521"
        },
        {
            "time": "28.07.2021 12:56",
            "open": "42.6521",
            "high": "42.6521",
            "low": "42.6521",
            "close": "42.6626"
        },
        {
            "time": "28.07.2021 12:57",
            "open": "42.6626",
            "high": "42.6626",
            "low": "42.6626",
            "close": "42.6436"
        },
        {
            "time": "28.07.2021 12:58",
            "open": "42.6436",
            "high": "42.6436",
            "low": "42.6436",
            "close": "42.5793"
        },
        {
            "time": "28.07.2021 13:03",
            "open": "42.5793",
            "high": "42.5793",
            "low": "42.5793",
            "close": "42.6443"
        },
        {
            "time": "28.07.2021 13:05",
            "open": "42.6443",
            "high": "42.6443",
            "low": "42.6443",
            "close": "42.665"
        },
        {
            "time": "28.07.2021 13:07",
            "open": "42.665",
            "high": "42.665",
            "low": "42.665",
            "close": "42.5846"
        },
        {
            "time": "28.07.2021 13:10",
            "open": "42.5846",
            "high": "42.5846",
            "low": "42.5746",
            "close": "42.5698"
        },
        {
            "time": "28.07.2021 13:13",
            "open": "42.5698",
            "high": "42.5843",
            "low": "42.5698",
            "close": "42.5873"
        },
        {
            "time": "28.07.2021 13:15",
            "open": "42.5873",
            "high": "42.645",
            "low": "42.5873",
            "close": "42.7"
        },
        {
            "time": "28.07.2021 13:18",
            "open": "42.7",
            "high": "42.7",
            "low": "42.7",
            "close": "42.7124"
        },
        {
            "time": "28.07.2021 13:19",
            "open": "42.7124",
            "high": "42.7133",
            "low": "42.7124",
            "close": "42.75"
        },
        {
            "time": "28.07.2021 13:25",
            "open": "42.75",
            "high": "42.7538",
            "low": "42.75",
            "close": "42.8"
        },
        {
            "time": "28.07.2021 13:27",
            "open": "42.8",
            "high": "42.8",
            "low": "42.8",
            "close": "42.85"
        },
        {
            "time": "28.07.2021 13:29",
            "open": "42.85",
            "high": "42.85",
            "low": "42.85",
            "close": "42.8586"
        },
        {
            "time": "28.07.2021 13:31",
            "open": "42.8586",
            "high": "43.0937",
            "low": "42.8586",
            "close": "43.1"
        },
        {
            "time": "28.07.2021 13:32",
            "open": "43.1",
            "high": "43.1433",
            "low": "43.1",
            "close": "43.1433"
        },
        {
            "time": "28.07.2021 13:33",
            "open": "43.1433",
            "high": "43.1433",
            "low": "43.0906",
            "close": "43.0372"
        },
        {
            "time": "28.07.2021 13:34",
            "open": "43.0372",
            "high": "43.0541",
            "low": "43.0372",
            "close": "43.15"
        },
        {
            "time": "28.07.2021 13:41",
            "open": "43.15",
            "high": "43.2",
            "low": "43.15",
            "close": "43.1051"
        },
        {
            "time": "28.07.2021 13:43",
            "open": "43.1051",
            "high": "43.1051",
            "low": "43.1051",
            "close": "43.078"
        },
        {
            "time": "28.07.2021 13:44",
            "open": "43.078",
            "high": "43.0869",
            "low": "43.078",
            "close": "43"
        },
        {
            "time": "28.07.2021 13:47",
            "open": "43",
            "high": "43",
            "low": "43",
            "close": "43.0055"
        },
        {
            "time": "28.07.2021 13:49",
            "open": "43.0055",
            "high": "43.0107",
            "low": "43.0055",
            "close": "43.0859"
        },
        {
            "time": "28.07.2021 13:50",
            "open": "43.0859",
            "high": "43.0859",
            "low": "43.0745",
            "close": "43.1243"
        },
        {
            "time": "28.07.2021 13:51",
            "open": "43.1243",
            "high": "43.1252",
            "low": "43.1243",
            "close": "43.0433"
        },
        {
            "time": "28.07.2021 13:52",
            "open": "43.0433",
            "high": "43.0433",
            "low": "43.0433",
            "close": "42.95"
        },
        {
            "time": "28.07.2021 13:55",
            "open": "42.95",
            "high": "42.95",
            "low": "42.95",
            "close": "42.9"
        },
        {
            "time": "28.07.2021 13:58",
            "open": "42.9",
            "high": "42.9",
            "low": "42.85",
            "close": "42.9329"
        },
        {
            "time": "28.07.2021 14:00",
            "open": "42.9329",
            "high": "42.9329",
            "low": "42.9303",
            "close": "42.9038"
        },
        {
            "time": "28.07.2021 14:01",
            "open": "42.9038",
            "high": "42.9425",
            "low": "42.9038",
            "close": "42.8"
        },
        {
            "time": "28.07.2021 14:03",
            "open": "42.8",
            "high": "42.8",
            "low": "42.7",
            "close": "42.8036"
        },
        {
            "time": "28.07.2021 14:07",
            "open": "42.8036",
            "high": "42.8147",
            "low": "42.8036",
            "close": "42.8338"
        },
        {
            "time": "28.07.2021 14:08",
            "open": "42.8338",
            "high": "42.8732",
            "low": "42.8338",
            "close": "42.7448"
        },
        {
            "time": "28.07.2021 14:09",
            "open": "42.7448",
            "high": "42.7448",
            "low": "42.7242",
            "close": "42.8062"
        },
        {
            "time": "28.07.2021 14:15",
            "open": "42.8062",
            "high": "42.8062",
            "low": "42.8062",
            "close": "42.8996"
        },
        {
            "time": "28.07.2021 14:18",
            "open": "42.8996",
            "high": "42.95",
            "low": "42.8996",
            "close": "42.8386"
        },
        {
            "time": "28.07.2021 14:20",
            "open": "42.8386",
            "high": "42.8386",
            "low": "42.75",
            "close": "42.8144"
        },
        {
            "time": "28.07.2021 14:28",
            "open": "42.8144",
            "high": "42.8152",
            "low": "42.8144",
            "close": "42.7759"
        },
        {
            "time": "28.07.2021 14:36",
            "open": "42.7759",
            "high": "42.7759",
            "low": "42.6223",
            "close": "42.6"
        },
        {
            "time": "28.07.2021 14:37",
            "open": "42.6",
            "high": "42.6",
            "low": "42.55",
            "close": "42.617"
        },
        {
            "time": "28.07.2021 14:38",
            "open": "42.617",
            "high": "42.617",
            "low": "42.617",
            "close": "42.5"
        },
        {
            "time": "28.07.2021 14:40",
            "open": "42.5",
            "high": "42.5",
            "low": "42.5",
            "close": "42.486"
        },
        {
            "time": "28.07.2021 14:41",
            "open": "42.486",
            "high": "42.5251",
            "low": "42.486",
            "close": "42.45"
        },
        {
            "time": "28.07.2021 14:42",
            "open": "42.45",
            "high": "42.45",
            "low": "42.3",
            "close": "42.25"
        },
        {
            "time": "28.07.2021 14:43",
            "open": "42.25",
            "high": "42.25",
            "low": "42.1958",
            "close": "42.2564"
        },
        {
            "time": "28.07.2021 14:48",
            "open": "42.2564",
            "high": "42.2564",
            "low": "42.2564",
            "close": "42.15"
        },
        {
            "time": "28.07.2021 14:50",
            "open": "42.15",
            "high": "42.1881",
            "low": "42.1",
            "close": "42.05"
        },
        {
            "time": "28.07.2021 14:58",
            "open": "42.05",
            "high": "42.05",
            "low": "42.05",
            "close": "42.0703"
        },
        {
            "time": "28.07.2021 15:00",
            "open": "42.0703",
            "high": "42.083",
            "low": "42",
            "close": "42.2"
        },
        {
            "time": "28.07.2021 15:03",
            "open": "42.2",
            "high": "42.2",
            "low": "42.2",
            "close": "42.25"
        },
        {
            "time": "28.07.2021 15:05",
            "open": "42.25",
            "high": "42.25",
            "low": "42.25",
            "close": "42.2487"
        },
        {
            "time": "28.07.2021 15:08",
            "open": "42.2487",
            "high": "42.3",
            "low": "42.2487",
            "close": "42.2804"
        },
        {
            "time": "28.07.2021 15:10",
            "open": "42.2804",
            "high": "42.2804",
            "low": "42.2248",
            "close": "42.1806"
        },
        {
            "time": "28.07.2021 15:11",
            "open": "42.1806",
            "high": "42.1806",
            "low": "42.1293",
            "close": "42.1549"
        },
        {
            "time": "28.07.2021 15:12",
            "open": "42.1549",
            "high": "42.1549",
            "low": "42.1549",
            "close": "42.1818"
        },
        {
            "time": "28.07.2021 15:15",
            "open": "42.1818",
            "high": "42.1818",
            "low": "42.1818",
            "close": "42.2316"
        },
        {
            "time": "28.07.2021 15:16",
            "open": "42.2316",
            "high": "42.2316",
            "low": "42.2316",
            "close": "42.1821"
        },
        {
            "time": "28.07.2021 15:17",
            "open": "42.1821",
            "high": "42.1821",
            "low": "42.1821",
            "close": "42.1"
        },
        {
            "time": "28.07.2021 15:29",
            "open": "42.1",
            "high": "42.1",
            "low": "42.1",
            "close": "42.1029"
        },
        {
            "time": "28.07.2021 15:30",
            "open": "42.1029",
            "high": "42.1055",
            "low": "42.05",
            "close": "42.0149"
        },
        {
            "time": "28.07.2021 15:32",
            "open": "42.0149",
            "high": "42.0149",
            "low": "41.9",
            "close": "41.866"
        },
        {
            "time": "28.07.2021 15:33",
            "open": "41.866",
            "high": "41.9322",
            "low": "41.866",
            "close": "41.986"
        },
        {
            "time": "28.07.2021 15:36",
            "open": "41.986",
            "high": "41.986",
            "low": "41.986",
            "close": "42.0337"
        },
        {
            "time": "28.07.2021 15:48",
            "open": "42.0337",
            "high": "42.2415",
            "low": "41.9666",
            "close": "42.0975"
        },
        {
            "time": "28.07.2021 15:53",
            "open": "42.0975",
            "high": "42.0975",
            "low": "42.0975",
            "close": "42.1992"
        },
        {
            "time": "28.07.2021 16:00",
            "open": "42.1992",
            "high": "42.2",
            "low": "42.1992",
            "close": "42.0284"
        },
        {
            "time": "28.07.2021 16:01",
            "open": "42.0284",
            "high": "42.0284",
            "low": "41.55",
            "close": "41.6242"
        },
        {
            "time": "28.07.2021 16:02",
            "open": "41.6242",
            "high": "41.75",
            "low": "41.6129",
            "close": "41.6448"
        },
        {
            "time": "28.07.2021 16:03",
            "open": "41.6448",
            "high": "41.6878",
            "low": "41.6448",
            "close": "41.6845"
        },
        {
            "time": "28.07.2021 16:04",
            "open": "41.6845",
            "high": "41.7365",
            "low": "41.6845",
            "close": "41.7668"
        },
        {
            "time": "28.07.2021 16:05",
            "open": "41.7668",
            "high": "41.7668",
            "low": "41.7399",
            "close": "41.6801"
        },
        {
            "time": "28.07.2021 16:06",
            "open": "41.6801",
            "high": "41.6801",
            "low": "41.6743",
            "close": "41.8"
        },
        {
            "time": "28.07.2021 16:09",
            "open": "41.8",
            "high": "41.8697",
            "low": "41.8",
            "close": "41.9"
        },
        {
            "time": "28.07.2021 16:10",
            "open": "41.9",
            "high": "41.9",
            "low": "41.9",
            "close": "41.8908"
        },
        {
            "time": "28.07.2021 16:11",
            "open": "41.8908",
            "high": "41.8908",
            "low": "41.8908",
            "close": "41.95"
        },
        {
            "time": "28.07.2021 16:13",
            "open": "41.95",
            "high": "41.95",
            "low": "41.95",
            "close": "41.964"
        },
        {
            "time": "28.07.2021 16:16",
            "open": "41.964",
            "high": "41.964",
            "low": "41.964",
            "close": "41.9804"
        },
        {
            "time": "28.07.2021 16:18",
            "open": "41.9804",
            "high": "41.9804",
            "low": "41.9804",
            "close": "42"
        },
        {
            "time": "28.07.2021 16:19",
            "open": "42",
            "high": "42",
            "low": "42",
            "close": "41.9687"
        },
        {
            "time": "28.07.2021 16:21",
            "open": "41.9687",
            "high": "41.972",
            "low": "41.9687",
            "close": "41.901"
        },
        {
            "time": "28.07.2021 16:22",
            "open": "41.901",
            "high": "41.901",
            "low": "41.901",
            "close": "41.8645"
        },
        {
            "time": "28.07.2021 16:23",
            "open": "41.8645",
            "high": "41.8645",
            "low": "41.8645",
            "close": "41.8"
        },
        {
            "time": "28.07.2021 16:30",
            "open": "41.8",
            "high": "41.8",
            "low": "41.8",
            "close": "41.7826"
        },
        {
            "time": "28.07.2021 16:31",
            "open": "41.7826",
            "high": "41.7999",
            "low": "41.7826",
            "close": "41.8323"
        },
        {
            "time": "28.07.2021 16:33",
            "open": "41.8323",
            "high": "41.8323",
            "low": "41.8323",
            "close": "41.7814"
        },
        {
            "time": "28.07.2021 16:41",
            "open": "41.7814",
            "high": "41.7814",
            "low": "41.7814",
            "close": "41.7934"
        },
        {
            "time": "28.07.2021 16:42",
            "open": "41.7934",
            "high": "41.7934",
            "low": "41.7934",
            "close": "41.8335"
        },
        {
            "time": "28.07.2021 16:44",
            "open": "41.8335",
            "high": "41.8335",
            "low": "41.7445",
            "close": "41.7901"
        },
        {
            "time": "28.07.2021 16:45",
            "open": "41.7901",
            "high": "41.7901",
            "low": "41.7901",
            "close": "41.8934"
        },
        {
            "time": "28.07.2021 16:48",
            "open": "41.8934",
            "high": "41.8934",
            "low": "41.8934",
            "close": "41.8618"
        },
        {
            "time": "28.07.2021 16:49",
            "open": "41.8618",
            "high": "41.925",
            "low": "41.8618",
            "close": "41.95"
        },
        {
            "time": "28.07.2021 16:50",
            "open": "41.95",
            "high": "41.95",
            "low": "41.9162",
            "close": "41.75"
        },
        {
            "time": "28.07.2021 16:53",
            "open": "41.75",
            "high": "41.75",
            "low": "41.6956",
            "close": "41.65"
        },
        {
            "time": "28.07.2021 16:54",
            "open": "41.65",
            "high": "41.65",
            "low": "41.6059",
            "close": "41.6673"
        },
        {
            "time": "28.07.2021 16:55",
            "open": "41.6673",
            "high": "41.6673",
            "low": "41.6673",
            "close": "41.7512"
        },
        {
            "time": "28.07.2021 16:56",
            "open": "41.7512",
            "high": "41.7512",
            "low": "41.7512",
            "close": "41.712"
        },
        {
            "time": "28.07.2021 16:58",
            "open": "41.712",
            "high": "41.712",
            "low": "41.712",
            "close": "41.7084"
        },
        {
            "time": "28.07.2021 17:00",
            "open": "41.7084",
            "high": "41.7084",
            "low": "41.7084",
            "close": "41.672"
        },
        {
            "time": "28.07.2021 17:01",
            "open": "41.672",
            "high": "41.6851",
            "low": "41.672",
            "close": "41.7957"
        },
        {
            "time": "28.07.2021 17:03",
            "open": "41.7957",
            "high": "41.7957",
            "low": "41.7957",
            "close": "41.7291"
        },
        {
            "time": "28.07.2021 17:04",
            "open": "41.7291",
            "high": "41.7291",
            "low": "41.7291",
            "close": "41.7032"
        },
        {
            "time": "28.07.2021 17:08",
            "open": "41.7032",
            "high": "41.7032",
            "low": "41.7032",
            "close": "41.7385"
        },
        {
            "time": "28.07.2021 17:11",
            "open": "41.7385",
            "high": "41.758",
            "low": "41.7385",
            "close": "41.7437"
        },
        {
            "time": "28.07.2021 17:16",
            "open": "41.7437",
            "high": "41.7437",
            "low": "41.7003",
            "close": "41.6059"
        },
        {
            "time": "28.07.2021 17:17",
            "open": "41.6059",
            "high": "41.6059",
            "low": "41.6",
            "close": "41.699"
        },
        {
            "time": "28.07.2021 17:20",
            "open": "41.699",
            "high": "41.699",
            "low": "41.699",
            "close": "41.7067"
        },
        {
            "time": "28.07.2021 17:23",
            "open": "41.7067",
            "high": "41.7067",
            "low": "41.7067",
            "close": "41.7394"
        },
        {
            "time": "28.07.2021 17:26",
            "open": "41.7394",
            "high": "41.7505",
            "low": "41.7394",
            "close": "41.8"
        },
        {
            "time": "28.07.2021 17:33",
            "open": "41.8",
            "high": "41.8201",
            "low": "41.7969",
            "close": "41.85"
        },
        {
            "time": "28.07.2021 17:34",
            "open": "41.85",
            "high": "41.8505",
            "low": "41.8189",
            "close": "41.9"
        },
        {
            "time": "28.07.2021 17:35",
            "open": "41.9",
            "high": "41.9",
            "low": "41.9",
            "close": "41.9484"
        },
        {
            "time": "28.07.2021 17:39",
            "open": "41.9484",
            "high": "41.9484",
            "low": "41.9484",
            "close": "41.8905"
        },
        {
            "time": "28.07.2021 17:40",
            "open": "41.8905",
            "high": "41.947",
            "low": "41.8905",
            "close": "41.9157"
        },
        {
            "time": "28.07.2021 17:41",
            "open": "41.9157",
            "high": "41.95",
            "low": "41.9157",
            "close": "42"
        },
        {
            "time": "28.07.2021 17:43",
            "open": "42",
            "high": "42",
            "low": "42",
            "close": "42.05"
        },
        {
            "time": "28.07.2021 17:46",
            "open": "42.05",
            "high": "42.05",
            "low": "42.05",
            "close": "42.0374"
        },
        {
            "time": "28.07.2021 17:47",
            "open": "42.0374",
            "high": "42.0374",
            "low": "42.0374",
            "close": "41.971"
        },
        {
            "time": "28.07.2021 17:55",
            "open": "41.971",
            "high": "41.971",
            "low": "41.971",
            "close": "41.9405"
        },
        {
            "time": "28.07.2021 18:00",
            "open": "41.9405",
            "high": "41.9405",
            "low": "41.9405",
            "close": "41.85"
        },
        {
            "time": "28.07.2021 18:01",
            "open": "41.85",
            "high": "41.85",
            "low": "41.85",
            "close": "41.8"
        },
        {
            "time": "28.07.2021 18:02",
            "open": "41.8",
            "high": "41.8",
            "low": "41.8",
            "close": "41.7694"
        },
        {
            "time": "28.07.2021 18:03",
            "open": "41.7694",
            "high": "41.7694",
            "low": "41.7694",
            "close": "42"
        },
        {
            "time": "28.07.2021 18:08",
            "open": "42",
            "high": "42.0077",
            "low": "42",
            "close": "42.05"
        },
        {
            "time": "28.07.2021 18:14",
            "open": "42.05",
            "high": "42.05",
            "low": "42.05",
            "close": "41.9965"
        },
        {
            "time": "28.07.2021 18:16",
            "open": "41.9965",
            "high": "42.083",
            "low": "41.9965",
            "close": "42.092"
        },
        {
            "time": "28.07.2021 18:17",
            "open": "42.092",
            "high": "42.092",
            "low": "42.092",
            "close": "42.1"
        },
        {
            "time": "28.07.2021 18:18",
            "open": "42.1",
            "high": "42.1",
            "low": "42.1",
            "close": "42.0678"
        },
        {
            "time": "28.07.2021 18:21",
            "open": "42.0678",
            "high": "42.0678",
            "low": "42.0678",
            "close": "41.9977"
        },
        {
            "time": "28.07.2021 18:29",
            "open": "41.9977",
            "high": "41.9977",
            "low": "41.9977",
            "close": "41.9"
        },
        {
            "time": "28.07.2021 18:32",
            "open": "41.9",
            "high": "41.9",
            "low": "41.9",
            "close": "41.9221"
        },
        {
            "time": "28.07.2021 18:33",
            "open": "41.9221",
            "high": "41.9221",
            "low": "41.9221",
            "close": "41.85"
        },
        {
            "time": "28.07.2021 18:34",
            "open": "41.85",
            "high": "41.8919",
            "low": "41.85",
            "close": "41.8552"
        },
        {
            "time": "28.07.2021 18:35",
            "open": "41.8552",
            "high": "41.8552",
            "low": "41.8538",
            "close": "41.9087"
        },
        {
            "time": "28.07.2021 18:38",
            "open": "41.9087",
            "high": "41.9087",
            "low": "41.9087",
            "close": "41.9569"
        },
        {
            "time": "28.07.2021 18:39",
            "open": "41.9569",
            "high": "41.9569",
            "low": "41.9569",
            "close": "42.05"
        },
        {
            "time": "28.07.2021 18:46",
            "open": "42.05",
            "high": "42.05",
            "low": "42.05",
            "close": "42.067"
        },
        {
            "time": "28.07.2021 18:49",
            "open": "42.067",
            "high": "42.1",
            "low": "42.067",
            "close": "42.15"
        },
        {
            "time": "28.07.2021 18:50",
            "open": "42.15",
            "high": "42.15",
            "low": "42.15",
            "close": "42.2"
        },
        {
            "time": "28.07.2021 18:51",
            "open": "42.2",
            "high": "42.3",
            "low": "42.2",
            "close": "42.2846"
        },
        {
            "time": "28.07.2021 18:52",
            "open": "42.2846",
            "high": "42.2846",
            "low": "42.2846",
            "close": "42.3402"
        },
        {
            "time": "28.07.2021 18:53",
            "open": "42.3402",
            "high": "42.3402",
            "low": "42.3402",
            "close": "42.2548"
        },
        {
            "time": "28.07.2021 18:58",
            "open": "42.2548",
            "high": "42.2548",
            "low": "42.2548",
            "close": "42.2413"
        },
        {
            "time": "28.07.2021 19:01",
            "open": "42.2413",
            "high": "42.2413",
            "low": "42.2413",
            "close": "42.2413"
        },
        {
            "time": "28.07.2021 19:03",
            "open": "42.2413",
            "high": "42.2413",
            "low": "42.2413",
            "close": "42.1781"
        },
        {
            "time": "28.07.2021 19:05",
            "open": "42.1781",
            "high": "42.1784",
            "low": "42.1493",
            "close": "42.2054"
        },
        {
            "time": "28.07.2021 19:11",
            "open": "42.2054",
            "high": "42.2054",
            "low": "42.2054",
            "close": "42.2543"
        },
        {
            "time": "28.07.2021 19:17",
            "open": "42.2543",
            "high": "42.318",
            "low": "42.2543",
            "close": "42.2646"
        },
        {
            "time": "28.07.2021 19:19",
            "open": "42.2646",
            "high": "42.2646",
            "low": "42.2646",
            "close": "42.1"
        },
        {
            "time": "28.07.2021 19:27",
            "open": "42.1",
            "high": "42.1",
            "low": "42",
            "close": "41.95"
        },
        {
            "time": "28.07.2021 19:28",
            "open": "41.95",
            "high": "41.95",
            "low": "41.9",
            "close": "41.85"
        },
        {
            "time": "28.07.2021 19:29",
            "open": "41.85",
            "high": "41.85",
            "low": "41.85",
            "close": "41.8"
        },
        {
            "time": "28.07.2021 19:31",
            "open": "41.8",
            "high": "41.8",
            "low": "41.75",
            "close": "41.7"
        },
        {
            "time": "28.07.2021 19:32",
            "open": "41.7",
            "high": "41.7",
            "low": "41.7",
            "close": "41.65"
        },
        {
            "time": "28.07.2021 19:34",
            "open": "41.65",
            "high": "41.65",
            "low": "41.65",
            "close": "41.6"
        },
        {
            "time": "28.07.2021 19:36",
            "open": "41.6",
            "high": "41.6",
            "low": "41.6",
            "close": "41.6452"
        },
        {
            "time": "28.07.2021 19:37",
            "open": "41.6452",
            "high": "41.6452",
            "low": "41.6452",
            "close": "41.55"
        },
        {
            "time": "28.07.2021 19:38",
            "open": "41.55",
            "high": "41.5743",
            "low": "41.55",
            "close": "41.5"
        },
        {
            "time": "28.07.2021 19:41",
            "open": "41.5",
            "high": "41.5",
            "low": "41.45",
            "close": "41.4"
        },
        {
            "time": "28.07.2021 19:42",
            "open": "41.4",
            "high": "41.4",
            "low": "41.3261",
            "close": "41.3227"
        },
        {
            "time": "28.07.2021 19:43",
            "open": "41.3227",
            "high": "41.325",
            "low": "41.316",
            "close": "41.4352"
        },
        {
            "time": "28.07.2021 19:44",
            "open": "41.4352",
            "high": "41.4352",
            "low": "41.4352",
            "close": "41.4185"
        },
        {
            "time": "28.07.2021 19:45",
            "open": "41.4185",
            "high": "41.4185",
            "low": "41.4185",
            "close": "41.4318"
        },
        {
            "time": "28.07.2021 19:46",
            "open": "41.4318",
            "high": "41.4318",
            "low": "41.4318",
            "close": "41.5181"
        },
        {
            "time": "28.07.2021 19:49",
            "open": "41.5181",
            "high": "41.5181",
            "low": "41.5181",
            "close": "41.3468"
        },
        {
            "time": "28.07.2021 19:50",
            "open": "41.3468",
            "high": "41.3468",
            "low": "41.3",
            "close": "41.25"
        },
        {
            "time": "28.07.2021 19:51",
            "open": "41.25",
            "high": "41.25",
            "low": "41.1467",
            "close": "41.2122"
        },
        {
            "time": "28.07.2021 19:53",
            "open": "41.2122",
            "high": "41.2122",
            "low": "41.1576",
            "close": "41.2294"
        },
        {
            "time": "28.07.2021 19:54",
            "open": "41.2294",
            "high": "41.2893",
            "low": "41.2294",
            "close": "41.2376"
        },
        {
            "time": "28.07.2021 19:55",
            "open": "41.2376",
            "high": "41.2376",
            "low": "41.2119",
            "close": "41.1"
        },
        {
            "time": "28.07.2021 20:00",
            "open": "41.1",
            "high": "41.1",
            "low": "41",
            "close": "41.1615"
        },
        {
            "time": "28.07.2021 20:01",
            "open": "41.1615",
            "high": "41.25",
            "low": "41.1615",
            "close": "41.25"
        },
        {
            "time": "28.07.2021 20:02",
            "open": "41.25",
            "high": "41.35",
            "low": "41.25",
            "close": "41.35"
        },
        {
            "time": "28.07.2021 20:03",
            "open": "41.35",
            "high": "41.35",
            "low": "41.35",
            "close": "41.3802"
        },
        {
            "time": "28.07.2021 20:04",
            "open": "41.3802",
            "high": "41.4389",
            "low": "41.3802",
            "close": "41.3662"
        },
        {
            "time": "28.07.2021 20:05",
            "open": "41.3662",
            "high": "41.3662",
            "low": "41.3662",
            "close": "41.45"
        },
        {
            "time": "28.07.2021 20:06",
            "open": "41.45",
            "high": "41.45",
            "low": "41.45",
            "close": "41.4188"
        },
        {
            "time": "28.07.2021 20:08",
            "open": "41.4188",
            "high": "41.4188",
            "low": "41.4188",
            "close": "41.5"
        },
        {
            "time": "28.07.2021 20:10",
            "open": "41.5",
            "high": "41.55",
            "low": "41.5",
            "close": "41.4625"
        },
        {
            "time": "28.07.2021 20:12",
            "open": "41.4625",
            "high": "41.4625",
            "low": "41.4625",
            "close": "41.6"
        },
        {
            "time": "28.07.2021 20:15",
            "open": "41.6",
            "high": "41.65",
            "low": "41.6",
            "close": "41.7"
        },
        {
            "time": "28.07.2021 20:17",
            "open": "41.7",
            "high": "41.7",
            "low": "41.7",
            "close": "41.75"
        },
        {
            "time": "28.07.2021 20:18",
            "open": "41.75",
            "high": "41.75",
            "low": "41.75",
            "close": "41.6717"
        },
        {
            "time": "28.07.2021 20:21",
            "open": "41.6717",
            "high": "41.6717",
            "low": "41.6717",
            "close": "41.5774"
        },
        {
            "time": "28.07.2021 20:29",
            "open": "41.5774",
            "high": "41.5774",
            "low": "41.5774",
            "close": "41.55"
        },
        {
            "time": "28.07.2021 20:30",
            "open": "41.55",
            "high": "41.55",
            "low": "41.5",
            "close": "41.7"
        },
        {
            "time": "28.07.2021 20:34",
            "open": "41.7",
            "high": "41.75",
            "low": "41.7",
            "close": "41.6443"
        },
        {
            "time": "28.07.2021 20:38",
            "open": "41.6443",
            "high": "41.6443",
            "low": "41.6443",
            "close": "41.7375"
        },
        {
            "time": "28.07.2021 20:39",
            "open": "41.7375",
            "high": "41.7375",
            "low": "41.7375",
            "close": "41.8"
        },
        {
            "time": "28.07.2021 20:42",
            "open": "41.8",
            "high": "41.8",
            "low": "41.7931",
            "close": "41.7504"
        },
        {
            "time": "28.07.2021 20:43",
            "open": "41.7504",
            "high": "41.9",
            "low": "41.7504",
            "close": "41.95"
        },
        {
            "time": "28.07.2021 20:47",
            "open": "41.95",
            "high": "42",
            "low": "41.95",
            "close": "41.9778"
        },
        {
            "time": "28.07.2021 20:50",
            "open": "41.9778",
            "high": "41.9778",
            "low": "41.9778",
            "close": "41.9015"
        },
        {
            "time": "28.07.2021 20:55",
            "open": "41.9015",
            "high": "41.9015",
            "low": "41.9015",
            "close": "41.8754"
        },
        {
            "time": "28.07.2021 20:58",
            "open": "41.8754",
            "high": "41.9038",
            "low": "41.8754",
            "close": "42.0253"
        },
        {
            "time": "28.07.2021 21:03",
            "open": "42.0253",
            "high": "42.0253",
            "low": "42.0231",
            "close": "41.9832"
        },
        {
            "time": "28.07.2021 21:05",
            "open": "41.9832",
            "high": "41.9832",
            "low": "41.9832",
            "close": "41.9576"
        },
        {
            "time": "28.07.2021 21:11",
            "open": "41.9576",
            "high": "41.9576",
            "low": "41.9561",
            "close": "41.891"
        },
        {
            "time": "28.07.2021 21:16",
            "open": "41.8763",
            "high": "41.8763",
            "low": "41.8763",
            "close": "41.8"
        },
        {
            "time": "28.07.2021 21:20",
            "open": "41.8",
            "high": "41.8",
            "low": "41.8",
            "close": "41.77"
        },
        {
            "time": "28.07.2021 21:21",
            "open": "41.77",
            "high": "41.77",
            "low": "41.77",
            "close": "41.75"
        },
        {
            "time": "28.07.2021 21:22",
            "open": "41.75",
            "high": "41.75",
            "low": "41.75",
            "close": "41.8295"
        },
        {
            "time": "28.07.2021 21:23",
            "open": "41.8295",
            "high": "41.8295",
            "low": "41.8295",
            "close": "41.7"
        },
        {
            "time": "28.07.2021 21:25",
            "open": "41.7",
            "high": "41.7",
            "low": "41.7",
            "close": "41.65"
        },
        {
            "time": "28.07.2021 21:27",
            "open": "41.65",
            "high": "41.65",
            "low": "41.6",
            "close": "41.6408"
        },
        {
            "time": "28.07.2021 21:28",
            "open": "41.6408",
            "high": "41.6408",
            "low": "41.55",
            "close": "41.5897"
        },
        {
            "time": "28.07.2021 21:29",
            "open": "41.5897",
            "high": "41.5897",
            "low": "41.5897",
            "close": "41.75"
        },
        {
            "time": "28.07.2021 21:31",
            "open": "41.75",
            "high": "41.75",
            "low": "41.75",
            "close": "41.7054"
        },
        {
            "time": "28.07.2021 21:34",
            "open": "41.7054",
            "high": "41.7054",
            "low": "41.7054",
            "close": "41.8"
        },
        {
            "time": "28.07.2021 21:35",
            "open": "41.8",
            "high": "41.8",
            "low": "41.8",
            "close": "41.6874"
        },
        {
            "time": "28.07.2021 21:38",
            "open": "41.6874",
            "high": "41.6874",
            "low": "41.6874",
            "close": "41.657"
        },
        {
            "time": "28.07.2021 21:39",
            "open": "41.657",
            "high": "41.657",
            "low": "41.657",
            "close": "41.6763"
        },
        {
            "time": "28.07.2021 21:40",
            "open": "41.6428",
            "high": "41.6428",
            "low": "41.6428",
            "close": "41.6798"
        },
        {
            "time": "28.07.2021 21:45",
            "open": "41.6798",
            "high": "41.6798",
            "low": "41.6798",
            "close": "41.6599"
        },
        {
            "time": "28.07.2021 21:46",
            "open": "41.6599",
            "high": "41.6599",
            "low": "41.6599",
            "close": "41.6725"
        },
        {
            "time": "28.07.2021 21:47",
            "open": "41.6725",
            "high": "41.6725",
            "low": "41.6034",
            "close": "41.7004"
        },
        {
            "time": "28.07.2021 21:48",
            "open": "41.7004",
            "high": "41.7004",
            "low": "41.5905",
            "close": "41.6515"
        },
        {
            "time": "28.07.2021 21:56",
            "open": "41.6515",
            "high": "41.6515",
            "low": "41.6515",
            "close": "41.6625"
        },
        {
            "time": "28.07.2021 21:57",
            "open": "41.6625",
            "high": "41.6625",
            "low": "41.6625",
            "close": "41.55"
        },
        {
            "time": "28.07.2021 21:58",
            "open": "41.55",
            "high": "41.55",
            "low": "41.5436",
            "close": "41.5677"
        },
        {
            "time": "28.07.2021 21:59",
            "open": "41.5677",
            "high": "41.5677",
            "low": "41.5677",
            "close": "41.5997"
        },
        {
            "time": "28.07.2021 22:00",
            "open": "41.5997",
            "high": "41.5997",
            "low": "41.5",
            "close": "41.45"
        },
        {
            "time": "28.07.2021 22:01",
            "open": "41.45",
            "high": "41.5499",
            "low": "41.45",
            "close": "41.4947"
        },
        {
            "time": "28.07.2021 22:02",
            "open": "41.4947",
            "high": "41.4947",
            "low": "41.4876",
            "close": "41.5812"
        },
        {
            "time": "28.07.2021 22:03",
            "open": "41.5812",
            "high": "41.5905",
            "low": "41.518",
            "close": "41.5256"
        },
        {
            "time": "28.07.2021 22:04",
            "open": "41.5256",
            "high": "41.5256",
            "low": "41.5256",
            "close": "41.4441"
        },
        {
            "time": "28.07.2021 22:08",
            "open": "41.4441",
            "high": "41.4441",
            "low": "41.4",
            "close": "41.4609"
        },
        {
            "time": "28.07.2021 22:09",
            "open": "41.4609",
            "high": "41.4609",
            "low": "41.4609",
            "close": "41.472"
        },
        {
            "time": "28.07.2021 22:10",
            "open": "41.472",
            "high": "41.4838",
            "low": "41.472",
            "close": "41.398"
        },
        {
            "time": "28.07.2021 22:11",
            "open": "41.398",
            "high": "41.398",
            "low": "41.35",
            "close": "41.3852"
        },
        {
            "time": "28.07.2021 22:15",
            "open": "41.3852",
            "high": "41.3852",
            "low": "41.3852",
            "close": "41.3664"
        },
        {
            "time": "28.07.2021 22:18",
            "open": "41.3664",
            "high": "41.3664",
            "low": "41.3664",
            "close": "41.3117"
        },
        {
            "time": "28.07.2021 22:22",
            "open": "41.3117",
            "high": "41.3117",
            "low": "41.3",
            "close": "41.25"
        },
        {
            "time": "28.07.2021 22:30",
            "open": "41.25",
            "high": "41.25",
            "low": "41.25",
            "close": "41.2302"
        },
        {
            "time": "28.07.2021 22:32",
            "open": "41.2302",
            "high": "41.2302",
            "low": "41.2",
            "close": "41.4"
        },
        {
            "time": "28.07.2021 22:46",
            "open": "41.4",
            "high": "41.45",
            "low": "41.4",
            "close": "41.4528"
        },
        {
            "time": "28.07.2021 22:47",
            "open": "41.4528",
            "high": "41.4528",
            "low": "41.4361",
            "close": "41.4718"
        },
        {
            "time": "28.07.2021 22:53",
            "open": "41.4718",
            "high": "41.4718",
            "low": "41.4718",
            "close": "41.4386"
        },
        {
            "time": "28.07.2021 22:55",
            "open": "41.4386",
            "high": "41.4425",
            "low": "41.4386",
            "close": "41.3191"
        },
        {
            "time": "28.07.2021 23:03",
            "open": "41.3191",
            "high": "41.3191",
            "low": "41.3191",
            "close": "41.4143"
        },
        {
            "time": "28.07.2021 23:05",
            "open": "41.4143",
            "high": "41.4143",
            "low": "41.4143",
            "close": "41.3209"
        },
        {
            "time": "28.07.2021 23:16",
            "open": "41.3209",
            "high": "41.3209",
            "low": "41.3172",
            "close": "41.3338"
        },
        {
            "time": "28.07.2021 23:20",
            "open": "41.3338",
            "high": "41.3338",
            "low": "41.3337",
            "close": "41.25"
        },
        {
            "time": "28.07.2021 23:26",
            "open": "41.25",
            "high": "41.25",
            "low": "41.2439",
            "close": "41.289"
        },
        {
            "time": "28.07.2021 23:31",
            "open": "41.289",
            "high": "41.289",
            "low": "41.289",
            "close": "41.2"
        },
        {
            "time": "28.07.2021 23:32",
            "open": "41.2",
            "high": "41.2",
            "low": "41.15",
            "close": "41.1"
        },
        {
            "time": "28.07.2021 23:33",
            "open": "41.1",
            "high": "41.1221",
            "low": "41.1",
            "close": "41.2507"
        },
        {
            "time": "28.07.2021 23:46",
            "open": "41.2507",
            "high": "41.2507",
            "low": "41.2507",
            "close": "41.3"
        },
        {
            "time": "28.07.2021 23:47",
            "open": "41.3",
            "high": "41.3",
            "low": "41.3",
            "close": "41.3196"
        },
        {
            "time": "28.07.2021 23:49",
            "open": "41.35",
            "high": "41.35",
            "low": "41.35",
            "close": "41.4"
        },
        {
            "time": "28.07.2021 23:54",
            "open": "41.4",
            "high": "41.4",
            "low": "41.4",
            "close": "41.45"
        }
    ]
}