{
    "FIL-EUR": [
        {
            "time": "23.01.2021 23:52",
            "open": "18.681",
            "high": "18.681",
            "low": "18.681",
            "close": "18.7085"
        },
        {
            "time": "24.01.2021 00:01",
            "open": "18.7085",
            "high": "18.7085",
            "low": "18.7085",
            "close": "18.6698"
        },
        {
            "time": "24.01.2021 00:06",
            "open": "18.6698",
            "high": "18.6698",
            "low": "18.6387",
            "close": "18.6514"
        },
        {
            "time": "24.01.2021 00:11",
            "open": "18.6514",
            "high": "18.6636",
            "low": "18.6514",
            "close": "18.7093"
        },
        {
            "time": "24.01.2021 00:12",
            "open": "18.7093",
            "high": "18.7637",
            "low": "18.6976",
            "close": "18.6895"
        },
        {
            "time": "24.01.2021 00:17",
            "open": "18.6895",
            "high": "18.6896",
            "low": "18.6895",
            "close": "18.6518"
        },
        {
            "time": "24.01.2021 00:30",
            "open": "18.6518",
            "high": "18.6518",
            "low": "18.6518",
            "close": "18.6639"
        },
        {
            "time": "24.01.2021 00:31",
            "open": "18.6639",
            "high": "18.6639",
            "low": "18.6639",
            "close": "18.6639"
        },
        {
            "time": "24.01.2021 00:33",
            "open": "18.6639",
            "high": "18.6673",
            "low": "18.6639",
            "close": "18.6559"
        },
        {
            "time": "24.01.2021 00:34",
            "open": "18.6559",
            "high": "18.6559",
            "low": "18.6559",
            "close": "18.6537"
        },
        {
            "time": "24.01.2021 00:36",
            "open": "18.6537",
            "high": "18.6537",
            "low": "18.6469",
            "close": "18.61"
        },
        {
            "time": "24.01.2021 00:37",
            "open": "18.61",
            "high": "18.61",
            "low": "18.5822",
            "close": "18.6182"
        },
        {
            "time": "24.01.2021 00:42",
            "open": "18.6182",
            "high": "18.6192",
            "low": "18.6182",
            "close": "18.6827"
        },
        {
            "time": "24.01.2021 00:44",
            "open": "18.6827",
            "high": "18.6827",
            "low": "18.6827",
            "close": "18.6573"
        },
        {
            "time": "24.01.2021 00:45",
            "open": "18.6573",
            "high": "18.6573",
            "low": "18.6573",
            "close": "18.5883"
        },
        {
            "time": "24.01.2021 00:47",
            "open": "18.5883",
            "high": "18.5883",
            "low": "18.5883",
            "close": "18.6364"
        },
        {
            "time": "24.01.2021 00:52",
            "open": "18.6364",
            "high": "18.6364",
            "low": "18.6364",
            "close": "18.6213"
        },
        {
            "time": "24.01.2021 01:02",
            "open": "18.6213",
            "high": "18.6213",
            "low": "18.6213",
            "close": "18.5748"
        },
        {
            "time": "24.01.2021 01:03",
            "open": "18.5748",
            "high": "18.5759",
            "low": "18.5748",
            "close": "18.5646"
        },
        {
            "time": "24.01.2021 01:04",
            "open": "18.5646",
            "high": "18.599",
            "low": "18.5646",
            "close": "18.6629"
        },
        {
            "time": "24.01.2021 01:08",
            "open": "18.6629",
            "high": "18.6629",
            "low": "18.6629",
            "close": "18.6438"
        },
        {
            "time": "24.01.2021 01:14",
            "open": "18.6438",
            "high": "18.6438",
            "low": "18.6438",
            "close": "18.6294"
        },
        {
            "time": "24.01.2021 01:15",
            "open": "18.6294",
            "high": "18.6669",
            "low": "18.6294",
            "close": "18.6114"
        },
        {
            "time": "24.01.2021 01:16",
            "open": "18.6114",
            "high": "18.6174",
            "low": "18.6114",
            "close": "18.6067"
        },
        {
            "time": "24.01.2021 01:17",
            "open": "18.6067",
            "high": "18.6067",
            "low": "18.5762",
            "close": "18.5678"
        },
        {
            "time": "24.01.2021 01:19",
            "open": "18.5678",
            "high": "18.5678",
            "low": "18.5678",
            "close": "18.5609"
        },
        {
            "time": "24.01.2021 01:25",
            "open": "18.5609",
            "high": "18.5609",
            "low": "18.5395",
            "close": "18.5079"
        },
        {
            "time": "24.01.2021 01:27",
            "open": "18.5079",
            "high": "18.5079",
            "low": "18.4901",
            "close": "18.49"
        },
        {
            "time": "24.01.2021 01:28",
            "open": "18.49",
            "high": "18.49",
            "low": "18.4452",
            "close": "18.4444"
        },
        {
            "time": "24.01.2021 01:29",
            "open": "18.4444",
            "high": "18.4444",
            "low": "18.4444",
            "close": "18.4711"
        },
        {
            "time": "24.01.2021 01:30",
            "open": "18.4711",
            "high": "18.6231",
            "low": "18.4711",
            "close": "18.6479"
        },
        {
            "time": "24.01.2021 01:31",
            "open": "18.6479",
            "high": "18.6766",
            "low": "18.6292",
            "close": "18.6326"
        },
        {
            "time": "24.01.2021 01:32",
            "open": "18.6326",
            "high": "18.6326",
            "low": "18.6326",
            "close": "18.6647"
        },
        {
            "time": "24.01.2021 01:34",
            "open": "18.6647",
            "high": "18.6742",
            "low": "18.6606",
            "close": "18.6412"
        },
        {
            "time": "24.01.2021 01:35",
            "open": "18.6412",
            "high": "18.6412",
            "low": "18.6382",
            "close": "18.6658"
        },
        {
            "time": "24.01.2021 01:36",
            "open": "18.6658",
            "high": "18.6658",
            "low": "18.6658",
            "close": "18.7058"
        },
        {
            "time": "24.01.2021 01:37",
            "open": "18.7058",
            "high": "18.7416",
            "low": "18.7058",
            "close": "18.6637"
        },
        {
            "time": "24.01.2021 01:38",
            "open": "18.6637",
            "high": "18.6949",
            "low": "18.6637",
            "close": "18.7275"
        },
        {
            "time": "24.01.2021 01:40",
            "open": "18.7275",
            "high": "18.7275",
            "low": "18.7275",
            "close": "18.6859"
        },
        {
            "time": "24.01.2021 01:41",
            "open": "18.6859",
            "high": "18.6859",
            "low": "18.6859",
            "close": "18.6689"
        },
        {
            "time": "24.01.2021 01:42",
            "open": "18.6689",
            "high": "18.6689",
            "low": "18.6689",
            "close": "18.7038"
        },
        {
            "time": "24.01.2021 01:43",
            "open": "18.7038",
            "high": "18.7066",
            "low": "18.7038",
            "close": "18.7383"
        },
        {
            "time": "24.01.2021 01:45",
            "open": "18.7383",
            "high": "18.7383",
            "low": "18.7382",
            "close": "18.7538"
        },
        {
            "time": "24.01.2021 01:46",
            "open": "18.7538",
            "high": "18.7579",
            "low": "18.7471",
            "close": "18.7311"
        },
        {
            "time": "24.01.2021 01:47",
            "open": "18.7311",
            "high": "18.7311",
            "low": "18.7306",
            "close": "18.6877"
        },
        {
            "time": "24.01.2021 01:51",
            "open": "18.6877",
            "high": "18.6921",
            "low": "18.6877",
            "close": "18.6841"
        },
        {
            "time": "24.01.2021 01:53",
            "open": "18.6841",
            "high": "18.6841",
            "low": "18.6841",
            "close": "18.7103"
        },
        {
            "time": "24.01.2021 01:55",
            "open": "18.7103",
            "high": "18.7105",
            "low": "18.7102",
            "close": "18.7298"
        },
        {
            "time": "24.01.2021 01:56",
            "open": "18.7298",
            "high": "18.7298",
            "low": "18.7231",
            "close": "18.6775"
        },
        {
            "time": "24.01.2021 02:00",
            "open": "18.6775",
            "high": "18.6775",
            "low": "18.6775",
            "close": "18.7094"
        },
        {
            "time": "24.01.2021 02:05",
            "open": "18.7094",
            "high": "18.7104",
            "low": "18.7094",
            "close": "18.7524"
        },
        {
            "time": "24.01.2021 02:10",
            "open": "18.7524",
            "high": "18.7524",
            "low": "18.7524",
            "close": "18.7743"
        },
        {
            "time": "24.01.2021 02:12",
            "open": "18.7743",
            "high": "18.7743",
            "low": "18.7743",
            "close": "18.7722"
        },
        {
            "time": "24.01.2021 02:13",
            "open": "18.7722",
            "high": "18.7722",
            "low": "18.7645",
            "close": "18.7645"
        },
        {
            "time": "24.01.2021 02:19",
            "open": "18.7645",
            "high": "18.7645",
            "low": "18.7411",
            "close": "18.7613"
        },
        {
            "time": "24.01.2021 02:20",
            "open": "18.7613",
            "high": "18.7614",
            "low": "18.7613",
            "close": "18.781"
        },
        {
            "time": "24.01.2021 02:38",
            "open": "18.781",
            "high": "18.781",
            "low": "18.781",
            "close": "18.7913"
        },
        {
            "time": "24.01.2021 02:39",
            "open": "18.7913",
            "high": "18.7913",
            "low": "18.7913",
            "close": "18.794"
        },
        {
            "time": "24.01.2021 02:54",
            "open": "18.794",
            "high": "18.8137",
            "low": "18.794",
            "close": "18.8159"
        },
        {
            "time": "24.01.2021 02:55",
            "open": "18.8159",
            "high": "18.829",
            "low": "18.8159",
            "close": "18.8891"
        },
        {
            "time": "24.01.2021 02:56",
            "open": "18.8891",
            "high": "18.8891",
            "low": "18.849",
            "close": "18.845"
        },
        {
            "time": "24.01.2021 02:57",
            "open": "18.845",
            "high": "18.845",
            "low": "18.845",
            "close": "18.8396"
        },
        {
            "time": "24.01.2021 03:00",
            "open": "18.8396",
            "high": "18.8449",
            "low": "18.8396",
            "close": "18.8433"
        },
        {
            "time": "24.01.2021 03:01",
            "open": "18.8433",
            "high": "18.8433",
            "low": "18.8433",
            "close": "18.7761"
        },
        {
            "time": "24.01.2021 03:02",
            "open": "18.7761",
            "high": "18.7761",
            "low": "18.7733",
            "close": "18.7832"
        },
        {
            "time": "24.01.2021 03:03",
            "open": "18.7832",
            "high": "18.7832",
            "low": "18.7832",
            "close": "18.8414"
        },
        {
            "time": "24.01.2021 03:17",
            "open": "18.8414",
            "high": "18.8414",
            "low": "18.8414",
            "close": "18.8148"
        },
        {
            "time": "24.01.2021 03:18",
            "open": "18.8148",
            "high": "18.8148",
            "low": "18.8148",
            "close": "18.7454"
        },
        {
            "time": "24.01.2021 03:39",
            "open": "18.7454",
            "high": "18.7454",
            "low": "18.7454",
            "close": "18.7844"
        },
        {
            "time": "24.01.2021 03:49",
            "open": "18.7844",
            "high": "18.821",
            "low": "18.7844",
            "close": "18.8381"
        },
        {
            "time": "24.01.2021 03:50",
            "open": "18.8381",
            "high": "18.8461",
            "low": "18.838",
            "close": "18.8381"
        },
        {
            "time": "24.01.2021 03:51",
            "open": "18.8381",
            "high": "18.8381",
            "low": "18.8381",
            "close": "18.8057"
        },
        {
            "time": "24.01.2021 03:59",
            "open": "18.8057",
            "high": "18.8057",
            "low": "18.8057",
            "close": "18.8241"
        },
        {
            "time": "24.01.2021 04:00",
            "open": "18.8241",
            "high": "18.8241",
            "low": "18.8241",
            "close": "18.8479"
        },
        {
            "time": "24.01.2021 04:03",
            "open": "18.8479",
            "high": "18.8479",
            "low": "18.8479",
            "close": "18.8469"
        },
        {
            "time": "24.01.2021 04:11",
            "open": "18.8469",
            "high": "18.8469",
            "low": "18.8469",
            "close": "18.7962"
        },
        {
            "time": "24.01.2021 04:22",
            "open": "18.7962",
            "high": "18.7962",
            "low": "18.7962",
            "close": "18.831"
        },
        {
            "time": "24.01.2021 04:26",
            "open": "18.831",
            "high": "18.831",
            "low": "18.831",
            "close": "18.847"
        },
        {
            "time": "24.01.2021 04:27",
            "open": "18.847",
            "high": "18.847",
            "low": "18.847",
            "close": "18.7959"
        },
        {
            "time": "24.01.2021 04:32",
            "open": "18.7959",
            "high": "18.7959",
            "low": "18.7959",
            "close": "18.8001"
        },
        {
            "time": "24.01.2021 04:35",
            "open": "18.8001",
            "high": "18.8001",
            "low": "18.7901",
            "close": "18.8146"
        },
        {
            "time": "24.01.2021 04:42",
            "open": "18.8146",
            "high": "18.847",
            "low": "18.8146",
            "close": "18.8469"
        },
        {
            "time": "24.01.2021 04:43",
            "open": "18.8469",
            "high": "18.8469",
            "low": "18.8447",
            "close": "18.8665"
        },
        {
            "time": "24.01.2021 04:45",
            "open": "18.8665",
            "high": "18.8665",
            "low": "18.8665",
            "close": "18.8493"
        },
        {
            "time": "24.01.2021 04:51",
            "open": "18.8493",
            "high": "18.8493",
            "low": "18.8493",
            "close": "18.8762"
        },
        {
            "time": "24.01.2021 04:59",
            "open": "18.8762",
            "high": "18.8762",
            "low": "18.8762",
            "close": "18.8837"
        },
        {
            "time": "24.01.2021 05:03",
            "open": "18.8837",
            "high": "18.8837",
            "low": "18.8837",
            "close": "18.8232"
        },
        {
            "time": "24.01.2021 05:07",
            "open": "18.8232",
            "high": "18.8275",
            "low": "18.8232",
            "close": "18.8121"
        },
        {
            "time": "24.01.2021 05:33",
            "open": "18.8121",
            "high": "18.8121",
            "low": "18.8121",
            "close": "18.8176"
        },
        {
            "time": "24.01.2021 05:45",
            "open": "18.8176",
            "high": "18.8176",
            "low": "18.8176",
            "close": "18.8062"
        },
        {
            "time": "24.01.2021 05:52",
            "open": "18.8062",
            "high": "18.8062",
            "low": "18.8062",
            "close": "18.7808"
        },
        {
            "time": "24.01.2021 05:55",
            "open": "18.7808",
            "high": "18.7965",
            "low": "18.7808",
            "close": "18.7051"
        },
        {
            "time": "24.01.2021 06:05",
            "open": "18.7051",
            "high": "18.7051",
            "low": "18.6587",
            "close": "18.6997"
        },
        {
            "time": "24.01.2021 06:10",
            "open": "18.6997",
            "high": "18.6997",
            "low": "18.6997",
            "close": "18.7505"
        },
        {
            "time": "24.01.2021 06:16",
            "open": "18.7505",
            "high": "18.7505",
            "low": "18.7505",
            "close": "18.7471"
        },
        {
            "time": "24.01.2021 06:25",
            "open": "18.7471",
            "high": "18.7612",
            "low": "18.7471",
            "close": "18.8089"
        },
        {
            "time": "24.01.2021 06:26",
            "open": "18.8089",
            "high": "18.8089",
            "low": "18.8089",
            "close": "18.804"
        },
        {
            "time": "24.01.2021 06:27",
            "open": "18.804",
            "high": "18.804",
            "low": "18.7844",
            "close": "18.7554"
        },
        {
            "time": "24.01.2021 06:28",
            "open": "18.7554",
            "high": "18.7554",
            "low": "18.7554",
            "close": "18.7836"
        },
        {
            "time": "24.01.2021 06:34",
            "open": "18.7836",
            "high": "18.7836",
            "low": "18.7619",
            "close": "18.7915"
        },
        {
            "time": "24.01.2021 06:37",
            "open": "18.7915",
            "high": "18.7915",
            "low": "18.7915",
            "close": "18.7551"
        },
        {
            "time": "24.01.2021 06:39",
            "open": "18.7551",
            "high": "18.7551",
            "low": "18.7551",
            "close": "18.7644"
        },
        {
            "time": "24.01.2021 06:45",
            "open": "18.7644",
            "high": "18.7644",
            "low": "18.7644",
            "close": "18.7637"
        },
        {
            "time": "24.01.2021 06:46",
            "open": "18.7637",
            "high": "18.7637",
            "low": "18.7635",
            "close": "18.7976"
        },
        {
            "time": "24.01.2021 06:54",
            "open": "18.7976",
            "high": "18.7976",
            "low": "18.7976",
            "close": "18.816"
        },
        {
            "time": "24.01.2021 06:57",
            "open": "18.816",
            "high": "18.8181",
            "low": "18.816",
            "close": "18.856"
        },
        {
            "time": "24.01.2021 06:58",
            "open": "18.856",
            "high": "18.856",
            "low": "18.856",
            "close": "18.8551"
        },
        {
            "time": "24.01.2021 06:59",
            "open": "18.8551",
            "high": "18.8551",
            "low": "18.8551",
            "close": "18.8567"
        },
        {
            "time": "24.01.2021 07:07",
            "open": "18.8567",
            "high": "18.8567",
            "low": "18.8567",
            "close": "18.8166"
        },
        {
            "time": "24.01.2021 07:15",
            "open": "18.8166",
            "high": "18.8166",
            "low": "18.8166",
            "close": "18.8463"
        },
        {
            "time": "24.01.2021 07:35",
            "open": "18.8463",
            "high": "18.8463",
            "low": "18.8463",
            "close": "18.8218"
        },
        {
            "time": "24.01.2021 07:37",
            "open": "18.8218",
            "high": "18.8218",
            "low": "18.8218",
            "close": "18.7832"
        },
        {
            "time": "24.01.2021 07:43",
            "open": "18.7832",
            "high": "18.7832",
            "low": "18.7832",
            "close": "18.7827"
        },
        {
            "time": "24.01.2021 07:49",
            "open": "18.7827",
            "high": "18.7827",
            "low": "18.7827",
            "close": "18.8117"
        },
        {
            "time": "24.01.2021 07:53",
            "open": "18.8117",
            "high": "18.8117",
            "low": "18.8117",
            "close": "18.7968"
        },
        {
            "time": "24.01.2021 08:10",
            "open": "18.7968",
            "high": "18.7968",
            "low": "18.7968",
            "close": "18.7319"
        },
        {
            "time": "24.01.2021 08:17",
            "open": "18.7319",
            "high": "18.7319",
            "low": "18.7319",
            "close": "18.7528"
        },
        {
            "time": "24.01.2021 08:23",
            "open": "18.7307",
            "high": "18.7307",
            "low": "18.7307",
            "close": "18.6871"
        },
        {
            "time": "24.01.2021 08:33",
            "open": "18.6871",
            "high": "18.6871",
            "low": "18.6392",
            "close": "18.6623"
        },
        {
            "time": "24.01.2021 08:37",
            "open": "18.6623",
            "high": "18.6679",
            "low": "18.6623",
            "close": "18.6858"
        },
        {
            "time": "24.01.2021 08:38",
            "open": "18.6858",
            "high": "18.6858",
            "low": "18.6858",
            "close": "18.6734"
        },
        {
            "time": "24.01.2021 08:39",
            "open": "18.6734",
            "high": "18.6734",
            "low": "18.6734",
            "close": "18.6736"
        },
        {
            "time": "24.01.2021 08:46",
            "open": "18.6958",
            "high": "18.6958",
            "low": "18.6958",
            "close": "18.7397"
        },
        {
            "time": "24.01.2021 09:08",
            "open": "18.7397",
            "high": "18.7397",
            "low": "18.7397",
            "close": "18.7563"
        },
        {
            "time": "24.01.2021 09:12",
            "open": "18.7563",
            "high": "18.7563",
            "low": "18.7563",
            "close": "18.7468"
        },
        {
            "time": "24.01.2021 09:16",
            "open": "18.7468",
            "high": "18.7468",
            "low": "18.7468",
            "close": "18.739"
        },
        {
            "time": "24.01.2021 09:17",
            "open": "18.739",
            "high": "18.739",
            "low": "18.739",
            "close": "18.7284"
        },
        {
            "time": "24.01.2021 09:20",
            "open": "18.7284",
            "high": "18.7284",
            "low": "18.7284",
            "close": "18.7008"
        },
        {
            "time": "24.01.2021 09:31",
            "open": "18.7008",
            "high": "18.7008",
            "low": "18.7008",
            "close": "18.6829"
        },
        {
            "time": "24.01.2021 09:36",
            "open": "18.6829",
            "high": "18.6829",
            "low": "18.6829",
            "close": "18.6698"
        },
        {
            "time": "24.01.2021 09:51",
            "open": "18.6698",
            "high": "18.6698",
            "low": "18.6698",
            "close": "18.6962"
        },
        {
            "time": "24.01.2021 09:55",
            "open": "18.6962",
            "high": "18.6962",
            "low": "18.6962",
            "close": "18.7176"
        },
        {
            "time": "24.01.2021 09:57",
            "open": "18.7176",
            "high": "18.7176",
            "low": "18.7176",
            "close": "18.7013"
        },
        {
            "time": "24.01.2021 10:01",
            "open": "18.7013",
            "high": "18.7013",
            "low": "18.7",
            "close": "18.7042"
        },
        {
            "time": "24.01.2021 10:03",
            "open": "18.7042",
            "high": "18.705",
            "low": "18.7042",
            "close": "18.6964"
        },
        {
            "time": "24.01.2021 10:08",
            "open": "18.6964",
            "high": "18.6964",
            "low": "18.6964",
            "close": "18.7384"
        },
        {
            "time": "24.01.2021 10:13",
            "open": "18.7384",
            "high": "18.7384",
            "low": "18.7384",
            "close": "18.7689"
        },
        {
            "time": "24.01.2021 10:19",
            "open": "18.7689",
            "high": "18.7689",
            "low": "18.7689",
            "close": "18.7457"
        },
        {
            "time": "24.01.2021 10:20",
            "open": "18.7457",
            "high": "18.7457",
            "low": "18.7416",
            "close": "18.8018"
        },
        {
            "time": "24.01.2021 10:30",
            "open": "18.8018",
            "high": "18.8018",
            "low": "18.8018",
            "close": "18.8018"
        },
        {
            "time": "24.01.2021 10:35",
            "open": "18.8018",
            "high": "18.8099",
            "low": "18.8018",
            "close": "18.8099"
        },
        {
            "time": "24.01.2021 10:36",
            "open": "18.8099",
            "high": "18.8099",
            "low": "18.8099",
            "close": "18.8101"
        },
        {
            "time": "24.01.2021 10:37",
            "open": "18.8101",
            "high": "18.8101",
            "low": "18.8097",
            "close": "18.802"
        },
        {
            "time": "24.01.2021 10:42",
            "open": "18.802",
            "high": "18.8073",
            "low": "18.7926",
            "close": "18.7942"
        },
        {
            "time": "24.01.2021 10:43",
            "open": "18.7942",
            "high": "18.7987",
            "low": "18.7942",
            "close": "18.7741"
        },
        {
            "time": "24.01.2021 10:44",
            "open": "18.7741",
            "high": "18.7741",
            "low": "18.7741",
            "close": "18.7992"
        },
        {
            "time": "24.01.2021 10:49",
            "open": "18.7992",
            "high": "18.7992",
            "low": "18.7992",
            "close": "18.7969"
        },
        {
            "time": "24.01.2021 10:50",
            "open": "18.7969",
            "high": "18.7969",
            "low": "18.7969",
            "close": "18.7951"
        },
        {
            "time": "24.01.2021 10:51",
            "open": "18.7951",
            "high": "18.7951",
            "low": "18.7951",
            "close": "18.7801"
        },
        {
            "time": "24.01.2021 10:53",
            "open": "18.7801",
            "high": "18.7801",
            "low": "18.7801",
            "close": "18.78"
        },
        {
            "time": "24.01.2021 10:54",
            "open": "18.78",
            "high": "18.78",
            "low": "18.78",
            "close": "18.785"
        },
        {
            "time": "24.01.2021 10:56",
            "open": "18.785",
            "high": "18.785",
            "low": "18.785",
            "close": "18.8108"
        },
        {
            "time": "24.01.2021 10:59",
            "open": "18.8108",
            "high": "18.8108",
            "low": "18.8108",
            "close": "18.7897"
        },
        {
            "time": "24.01.2021 11:00",
            "open": "18.7897",
            "high": "18.7897",
            "low": "18.7897",
            "close": "18.8221"
        },
        {
            "time": "24.01.2021 11:01",
            "open": "18.8221",
            "high": "18.8222",
            "low": "18.8219",
            "close": "18.8222"
        },
        {
            "time": "24.01.2021 11:04",
            "open": "18.8222",
            "high": "18.8428",
            "low": "18.8222",
            "close": "18.8351"
        },
        {
            "time": "24.01.2021 11:06",
            "open": "18.8351",
            "high": "18.8351",
            "low": "18.8351",
            "close": "18.85"
        },
        {
            "time": "24.01.2021 11:07",
            "open": "18.85",
            "high": "18.85",
            "low": "18.85",
            "close": "18.9019"
        },
        {
            "time": "24.01.2021 11:11",
            "open": "18.9019",
            "high": "18.9019",
            "low": "18.9019",
            "close": "18.8752"
        },
        {
            "time": "24.01.2021 11:15",
            "open": "18.8752",
            "high": "18.8752",
            "low": "18.8752",
            "close": "18.8355"
        },
        {
            "time": "24.01.2021 11:18",
            "open": "18.8355",
            "high": "18.8355",
            "low": "18.8355",
            "close": "18.7859"
        },
        {
            "time": "24.01.2021 11:20",
            "open": "18.7737",
            "high": "18.7737",
            "low": "18.7737",
            "close": "18.7935"
        },
        {
            "time": "24.01.2021 11:24",
            "open": "18.7935",
            "high": "18.7936",
            "low": "18.7935",
            "close": "18.794"
        },
        {
            "time": "24.01.2021 11:27",
            "open": "18.794",
            "high": "18.8031",
            "low": "18.7777",
            "close": "18.7802"
        },
        {
            "time": "24.01.2021 11:30",
            "open": "18.7802",
            "high": "18.7802",
            "low": "18.7802",
            "close": "18.8456"
        },
        {
            "time": "24.01.2021 11:35",
            "open": "18.8456",
            "high": "18.8457",
            "low": "18.8456",
            "close": "18.8649"
        },
        {
            "time": "24.01.2021 11:37",
            "open": "18.8649",
            "high": "18.8649",
            "low": "18.8649",
            "close": "18.8809"
        },
        {
            "time": "24.01.2021 11:40",
            "open": "18.8809",
            "high": "18.8878",
            "low": "18.8809",
            "close": "18.8873"
        },
        {
            "time": "24.01.2021 11:42",
            "open": "18.8873",
            "high": "18.8873",
            "low": "18.8729",
            "close": "18.8663"
        },
        {
            "time": "24.01.2021 11:43",
            "open": "18.8663",
            "high": "18.8663",
            "low": "18.8663",
            "close": "18.8663"
        },
        {
            "time": "24.01.2021 11:44",
            "open": "18.8663",
            "high": "18.8664",
            "low": "18.8663",
            "close": "18.8676"
        },
        {
            "time": "24.01.2021 11:48",
            "open": "18.8676",
            "high": "18.8676",
            "low": "18.8676",
            "close": "18.8783"
        },
        {
            "time": "24.01.2021 11:49",
            "open": "18.8783",
            "high": "18.8783",
            "low": "18.8783",
            "close": "18.8821"
        },
        {
            "time": "24.01.2021 11:55",
            "open": "18.8821",
            "high": "18.8821",
            "low": "18.8821",
            "close": "18.8836"
        },
        {
            "time": "24.01.2021 11:57",
            "open": "18.8836",
            "high": "18.8836",
            "low": "18.8836",
            "close": "18.8836"
        },
        {
            "time": "24.01.2021 11:58",
            "open": "18.8836",
            "high": "18.8836",
            "low": "18.8836",
            "close": "18.8838"
        },
        {
            "time": "24.01.2021 11:59",
            "open": "18.8838",
            "high": "18.8838",
            "low": "18.8838",
            "close": "18.8868"
        },
        {
            "time": "24.01.2021 12:00",
            "open": "18.8868",
            "high": "18.8868",
            "low": "18.8868",
            "close": "18.8866"
        },
        {
            "time": "24.01.2021 12:01",
            "open": "18.8866",
            "high": "18.8866",
            "low": "18.8866",
            "close": "18.8872"
        },
        {
            "time": "24.01.2021 12:05",
            "open": "18.8872",
            "high": "18.8872",
            "low": "18.8839",
            "close": "18.8838"
        },
        {
            "time": "24.01.2021 12:09",
            "open": "18.8838",
            "high": "18.8838",
            "low": "18.8838",
            "close": "18.8615"
        },
        {
            "time": "24.01.2021 12:11",
            "open": "18.8615",
            "high": "18.8785",
            "low": "18.8615",
            "close": "18.8905"
        },
        {
            "time": "24.01.2021 12:16",
            "open": "18.8905",
            "high": "18.8905",
            "low": "18.8905",
            "close": "18.9161"
        },
        {
            "time": "24.01.2021 12:25",
            "open": "18.9161",
            "high": "18.9161",
            "low": "18.9161",
            "close": "18.9224"
        },
        {
            "time": "24.01.2021 12:26",
            "open": "18.9224",
            "high": "18.9224",
            "low": "18.9224",
            "close": "18.9224"
        },
        {
            "time": "24.01.2021 12:27",
            "open": "18.9224",
            "high": "18.9224",
            "low": "18.9224",
            "close": "18.99"
        },
        {
            "time": "24.01.2021 12:30",
            "open": "18.99",
            "high": "18.9917",
            "low": "18.99",
            "close": "18.9748"
        },
        {
            "time": "24.01.2021 12:31",
            "open": "18.9748",
            "high": "18.9748",
            "low": "18.9748",
            "close": "18.9421"
        },
        {
            "time": "24.01.2021 12:38",
            "open": "18.9421",
            "high": "18.9421",
            "low": "18.9421",
            "close": "18.9122"
        },
        {
            "time": "24.01.2021 12:41",
            "open": "18.9122",
            "high": "18.9122",
            "low": "18.9122",
            "close": "18.9122"
        },
        {
            "time": "24.01.2021 12:45",
            "open": "18.9122",
            "high": "18.9122",
            "low": "18.9122",
            "close": "18.9251"
        },
        {
            "time": "24.01.2021 12:49",
            "open": "18.9251",
            "high": "18.9251",
            "low": "18.9251",
            "close": "18.9592"
        },
        {
            "time": "24.01.2021 12:51",
            "open": "18.9592",
            "high": "18.9592",
            "low": "18.9592",
            "close": "18.9642"
        },
        {
            "time": "24.01.2021 12:53",
            "open": "18.9642",
            "high": "18.9646",
            "low": "18.9642",
            "close": "18.9682"
        },
        {
            "time": "24.01.2021 12:54",
            "open": "18.9682",
            "high": "18.9682",
            "low": "18.9593",
            "close": "19"
        },
        {
            "time": "24.01.2021 12:58",
            "open": "19",
            "high": "19",
            "low": "19",
            "close": "19.01"
        },
        {
            "time": "24.01.2021 12:59",
            "open": "19.01",
            "high": "19.0194",
            "low": "19.01",
            "close": "19.0646"
        },
        {
            "time": "24.01.2021 13:01",
            "open": "19.0646",
            "high": "19.0668",
            "low": "19.0646",
            "close": "19.049"
        },
        {
            "time": "24.01.2021 13:02",
            "open": "19.049",
            "high": "19.049",
            "low": "19.049",
            "close": "19.0619"
        },
        {
            "time": "24.01.2021 13:03",
            "open": "19.0619",
            "high": "19.0619",
            "low": "19.0619",
            "close": "18.9251"
        },
        {
            "time": "24.01.2021 13:06",
            "open": "18.9251",
            "high": "18.9251",
            "low": "18.9243",
            "close": "18.9186"
        },
        {
            "time": "24.01.2021 13:10",
            "open": "18.9186",
            "high": "18.9186",
            "low": "18.9186",
            "close": "18.8937"
        },
        {
            "time": "24.01.2021 13:11",
            "open": "18.8937",
            "high": "18.8937",
            "low": "18.8937",
            "close": "18.8564"
        },
        {
            "time": "24.01.2021 13:14",
            "open": "18.8564",
            "high": "18.8564",
            "low": "18.8564",
            "close": "18.897"
        },
        {
            "time": "24.01.2021 13:15",
            "open": "18.897",
            "high": "18.897",
            "low": "18.897",
            "close": "18.9038"
        },
        {
            "time": "24.01.2021 13:16",
            "open": "18.9038",
            "high": "18.9041",
            "low": "18.9004",
            "close": "18.8767"
        },
        {
            "time": "24.01.2021 13:21",
            "open": "18.8767",
            "high": "18.8767",
            "low": "18.8767",
            "close": "18.9001"
        },
        {
            "time": "24.01.2021 13:25",
            "open": "18.9001",
            "high": "18.9001",
            "low": "18.9001",
            "close": "18.9"
        },
        {
            "time": "24.01.2021 13:26",
            "open": "18.9",
            "high": "18.9",
            "low": "18.9",
            "close": "18.9"
        },
        {
            "time": "24.01.2021 13:27",
            "open": "18.9",
            "high": "18.9",
            "low": "18.9",
            "close": "18.7827"
        },
        {
            "time": "24.01.2021 13:32",
            "open": "18.7827",
            "high": "18.7827",
            "low": "18.7827",
            "close": "18.7817"
        },
        {
            "time": "24.01.2021 13:33",
            "open": "18.7817",
            "high": "18.7839",
            "low": "18.7534",
            "close": "18.7668"
        },
        {
            "time": "24.01.2021 13:34",
            "open": "18.7668",
            "high": "18.773",
            "low": "18.7668",
            "close": "18.7695"
        },
        {
            "time": "24.01.2021 13:35",
            "open": "18.7695",
            "high": "18.7713",
            "low": "18.7695",
            "close": "18.8201"
        },
        {
            "time": "24.01.2021 13:36",
            "open": "18.8201",
            "high": "18.8412",
            "low": "18.8201",
            "close": "18.8357"
        },
        {
            "time": "24.01.2021 13:37",
            "open": "18.8357",
            "high": "18.8357",
            "low": "18.826",
            "close": "18.8254"
        },
        {
            "time": "24.01.2021 13:39",
            "open": "18.8254",
            "high": "18.8254",
            "low": "18.8254",
            "close": "18.8305"
        },
        {
            "time": "24.01.2021 13:40",
            "open": "18.8305",
            "high": "18.8305",
            "low": "18.8279",
            "close": "18.8144"
        },
        {
            "time": "24.01.2021 13:41",
            "open": "18.8144",
            "high": "18.8156",
            "low": "18.8144",
            "close": "18.8367"
        },
        {
            "time": "24.01.2021 13:42",
            "open": "18.8367",
            "high": "18.8367",
            "low": "18.8367",
            "close": "18.8929"
        },
        {
            "time": "24.01.2021 13:45",
            "open": "18.8929",
            "high": "18.8929",
            "low": "18.8929",
            "close": "18.9138"
        },
        {
            "time": "24.01.2021 13:46",
            "open": "18.9138",
            "high": "18.9185",
            "low": "18.9138",
            "close": "18.9314"
        },
        {
            "time": "24.01.2021 13:48",
            "open": "18.9314",
            "high": "18.9314",
            "low": "18.8736",
            "close": "18.9023"
        },
        {
            "time": "24.01.2021 13:49",
            "open": "18.9023",
            "high": "18.9096",
            "low": "18.9023",
            "close": "18.875"
        },
        {
            "time": "24.01.2021 13:50",
            "open": "18.875",
            "high": "18.875",
            "low": "18.875",
            "close": "18.8496"
        },
        {
            "time": "24.01.2021 13:54",
            "open": "18.8496",
            "high": "18.8496",
            "low": "18.8453",
            "close": "18.8312"
        },
        {
            "time": "24.01.2021 14:02",
            "open": "18.8312",
            "high": "18.8312",
            "low": "18.8298",
            "close": "18.8643"
        },
        {
            "time": "24.01.2021 14:04",
            "open": "18.8643",
            "high": "18.8643",
            "low": "18.8643",
            "close": "18.8476"
        },
        {
            "time": "24.01.2021 14:07",
            "open": "18.8476",
            "high": "18.8476",
            "low": "18.8476",
            "close": "18.8657"
        },
        {
            "time": "24.01.2021 14:10",
            "open": "18.8657",
            "high": "18.8657",
            "low": "18.8657",
            "close": "18.8436"
        },
        {
            "time": "24.01.2021 14:20",
            "open": "18.8436",
            "high": "18.8812",
            "low": "18.8436",
            "close": "18.8686"
        },
        {
            "time": "24.01.2021 14:21",
            "open": "18.8686",
            "high": "18.8686",
            "low": "18.8686",
            "close": "18.8886"
        },
        {
            "time": "24.01.2021 14:31",
            "open": "18.8886",
            "high": "18.8887",
            "low": "18.8886",
            "close": "18.8663"
        },
        {
            "time": "24.01.2021 14:32",
            "open": "18.8663",
            "high": "18.8663",
            "low": "18.8663",
            "close": "18.8622"
        },
        {
            "time": "24.01.2021 14:41",
            "open": "18.8622",
            "high": "18.8622",
            "low": "18.8622",
            "close": "18.8668"
        },
        {
            "time": "24.01.2021 14:44",
            "open": "18.8668",
            "high": "18.8668",
            "low": "18.8668",
            "close": "18.8272"
        },
        {
            "time": "24.01.2021 14:47",
            "open": "18.8272",
            "high": "18.8272",
            "low": "18.8058",
            "close": "18.7486"
        },
        {
            "time": "24.01.2021 14:48",
            "open": "18.7486",
            "high": "18.7801",
            "low": "18.7459",
            "close": "18.7776"
        },
        {
            "time": "24.01.2021 14:49",
            "open": "18.7776",
            "high": "18.7777",
            "low": "18.7776",
            "close": "18.8171"
        },
        {
            "time": "24.01.2021 14:56",
            "open": "18.8171",
            "high": "18.8201",
            "low": "18.8171",
            "close": "18.8234"
        },
        {
            "time": "24.01.2021 14:57",
            "open": "18.8234",
            "high": "18.8234",
            "low": "18.8154",
            "close": "18.8388"
        },
        {
            "time": "24.01.2021 15:05",
            "open": "18.8388",
            "high": "18.8388",
            "low": "18.8075",
            "close": "18.8576"
        },
        {
            "time": "24.01.2021 15:11",
            "open": "18.8576",
            "high": "18.8576",
            "low": "18.8576",
            "close": "18.85"
        },
        {
            "time": "24.01.2021 15:14",
            "open": "18.85",
            "high": "18.85",
            "low": "18.8382",
            "close": "18.839"
        },
        {
            "time": "24.01.2021 15:15",
            "open": "18.839",
            "high": "18.84",
            "low": "18.839",
            "close": "18.838"
        },
        {
            "time": "24.01.2021 15:17",
            "open": "18.838",
            "high": "18.838",
            "low": "18.838",
            "close": "18.8615"
        },
        {
            "time": "24.01.2021 15:18",
            "open": "18.8615",
            "high": "18.8615",
            "low": "18.8615",
            "close": "18.8692"
        },
        {
            "time": "24.01.2021 15:19",
            "open": "18.8692",
            "high": "18.8692",
            "low": "18.8692",
            "close": "18.8177"
        },
        {
            "time": "24.01.2021 15:26",
            "open": "18.8177",
            "high": "18.8301",
            "low": "18.8095",
            "close": "18.8348"
        },
        {
            "time": "24.01.2021 15:27",
            "open": "18.8348",
            "high": "18.8348",
            "low": "18.8348",
            "close": "18.8611"
        },
        {
            "time": "24.01.2021 15:29",
            "open": "18.8611",
            "high": "18.8611",
            "low": "18.8611",
            "close": "18.862"
        },
        {
            "time": "24.01.2021 15:31",
            "open": "18.862",
            "high": "18.8673",
            "low": "18.862",
            "close": "18.8901"
        },
        {
            "time": "24.01.2021 15:32",
            "open": "18.8901",
            "high": "18.8905",
            "low": "18.8901",
            "close": "18.9263"
        },
        {
            "time": "24.01.2021 15:34",
            "open": "18.9263",
            "high": "18.9263",
            "low": "18.9263",
            "close": "18.8933"
        },
        {
            "time": "24.01.2021 15:38",
            "open": "18.8933",
            "high": "18.8933",
            "low": "18.8933",
            "close": "18.8707"
        },
        {
            "time": "24.01.2021 15:41",
            "open": "18.8707",
            "high": "18.8707",
            "low": "18.8707",
            "close": "18.8945"
        },
        {
            "time": "24.01.2021 15:42",
            "open": "18.8945",
            "high": "18.8945",
            "low": "18.8809",
            "close": "18.8423"
        },
        {
            "time": "24.01.2021 15:43",
            "open": "18.8423",
            "high": "18.8424",
            "low": "18.8423",
            "close": "18.832"
        },
        {
            "time": "24.01.2021 15:45",
            "open": "18.832",
            "high": "18.832",
            "low": "18.832",
            "close": "18.839"
        },
        {
            "time": "24.01.2021 15:46",
            "open": "18.839",
            "high": "18.839",
            "low": "18.839",
            "close": "18.7967"
        },
        {
            "time": "24.01.2021 15:47",
            "open": "18.7967",
            "high": "18.7967",
            "low": "18.7967",
            "close": "18.8031"
        },
        {
            "time": "24.01.2021 15:51",
            "open": "18.8031",
            "high": "18.8031",
            "low": "18.797",
            "close": "18.8005"
        },
        {
            "time": "24.01.2021 15:57",
            "open": "18.8005",
            "high": "18.8005",
            "low": "18.7992",
            "close": "18.7572"
        },
        {
            "time": "24.01.2021 15:58",
            "open": "18.7572",
            "high": "18.7589",
            "low": "18.7572",
            "close": "18.7986"
        },
        {
            "time": "24.01.2021 15:59",
            "open": "18.7986",
            "high": "18.8137",
            "low": "18.7986",
            "close": "18.8075"
        },
        {
            "time": "24.01.2021 16:00",
            "open": "18.8075",
            "high": "18.8075",
            "low": "18.8075",
            "close": "18.85"
        },
        {
            "time": "24.01.2021 16:04",
            "open": "18.85",
            "high": "18.85",
            "low": "18.85",
            "close": "18.8666"
        },
        {
            "time": "24.01.2021 16:08",
            "open": "18.8666",
            "high": "18.8666",
            "low": "18.8666",
            "close": "18.8896"
        },
        {
            "time": "24.01.2021 16:10",
            "open": "18.8896",
            "high": "18.8896",
            "low": "18.8896",
            "close": "18.8812"
        },
        {
            "time": "24.01.2021 16:12",
            "open": "18.8812",
            "high": "18.8812",
            "low": "18.8812",
            "close": "18.8503"
        },
        {
            "time": "24.01.2021 16:15",
            "open": "18.8503",
            "high": "18.8503",
            "low": "18.8503",
            "close": "18.8595"
        },
        {
            "time": "24.01.2021 16:16",
            "open": "18.8595",
            "high": "18.867",
            "low": "18.8595",
            "close": "18.8871"
        },
        {
            "time": "24.01.2021 16:20",
            "open": "18.8871",
            "high": "18.8927",
            "low": "18.8871",
            "close": "18.8944"
        },
        {
            "time": "24.01.2021 16:24",
            "open": "18.8944",
            "high": "18.8944",
            "low": "18.8944",
            "close": "18.9195"
        },
        {
            "time": "24.01.2021 16:29",
            "open": "18.9195",
            "high": "18.9195",
            "low": "18.9077",
            "close": "18.9143"
        },
        {
            "time": "24.01.2021 16:31",
            "open": "18.9143",
            "high": "18.9143",
            "low": "18.9143",
            "close": "18.949"
        },
        {
            "time": "24.01.2021 16:36",
            "open": "18.949",
            "high": "18.949",
            "low": "18.949",
            "close": "18.9635"
        },
        {
            "time": "24.01.2021 16:38",
            "open": "18.9635",
            "high": "18.9635",
            "low": "18.9635",
            "close": "18.9343"
        },
        {
            "time": "24.01.2021 16:42",
            "open": "18.9343",
            "high": "18.9357",
            "low": "18.9343",
            "close": "18.92"
        },
        {
            "time": "24.01.2021 16:46",
            "open": "18.92",
            "high": "18.9201",
            "low": "18.92",
            "close": "18.8801"
        },
        {
            "time": "24.01.2021 16:52",
            "open": "18.8801",
            "high": "18.8801",
            "low": "18.88",
            "close": "18.8652"
        },
        {
            "time": "24.01.2021 16:53",
            "open": "18.8652",
            "high": "18.8652",
            "low": "18.8652",
            "close": "18.9053"
        },
        {
            "time": "24.01.2021 16:57",
            "open": "18.9053",
            "high": "18.9053",
            "low": "18.9053",
            "close": "18.9"
        },
        {
            "time": "24.01.2021 16:58",
            "open": "18.9",
            "high": "18.9",
            "low": "18.9",
            "close": "18.9353"
        },
        {
            "time": "24.01.2021 16:59",
            "open": "18.9353",
            "high": "18.9353",
            "low": "18.915",
            "close": "18.8869"
        },
        {
            "time": "24.01.2021 17:01",
            "open": "18.8869",
            "high": "18.8913",
            "low": "18.8869",
            "close": "18.9285"
        },
        {
            "time": "24.01.2021 17:02",
            "open": "18.9285",
            "high": "18.9285",
            "low": "18.9285",
            "close": "18.9177"
        },
        {
            "time": "24.01.2021 17:03",
            "open": "18.9177",
            "high": "18.9508",
            "low": "18.9177",
            "close": "18.9645"
        },
        {
            "time": "24.01.2021 17:04",
            "open": "18.9645",
            "high": "18.9645",
            "low": "18.9645",
            "close": "18.9292"
        },
        {
            "time": "24.01.2021 17:06",
            "open": "18.9292",
            "high": "18.9292",
            "low": "18.8738",
            "close": "18.7889"
        },
        {
            "time": "24.01.2021 17:10",
            "open": "18.7889",
            "high": "18.7889",
            "low": "18.7889",
            "close": "18.81"
        },
        {
            "time": "24.01.2021 17:12",
            "open": "18.81",
            "high": "18.81",
            "low": "18.81",
            "close": "18.813"
        },
        {
            "time": "24.01.2021 17:15",
            "open": "18.813",
            "high": "18.813",
            "low": "18.813",
            "close": "18.8154"
        },
        {
            "time": "24.01.2021 17:19",
            "open": "18.8154",
            "high": "18.8155",
            "low": "18.8154",
            "close": "18.78"
        },
        {
            "time": "24.01.2021 17:20",
            "open": "18.78",
            "high": "18.78",
            "low": "18.78",
            "close": "18.74"
        },
        {
            "time": "24.01.2021 17:30",
            "open": "18.74",
            "high": "18.74",
            "low": "18.74",
            "close": "18.7682"
        },
        {
            "time": "24.01.2021 17:31",
            "open": "18.7682",
            "high": "18.7682",
            "low": "18.7403",
            "close": "18.7498"
        },
        {
            "time": "24.01.2021 17:32",
            "open": "18.7498",
            "high": "18.7498",
            "low": "18.7498",
            "close": "18.7541"
        },
        {
            "time": "24.01.2021 17:34",
            "open": "18.7541",
            "high": "18.7542",
            "low": "18.7541",
            "close": "18.775"
        },
        {
            "time": "24.01.2021 17:35",
            "open": "18.775",
            "high": "18.7761",
            "low": "18.775",
            "close": "18.8114"
        },
        {
            "time": "24.01.2021 17:36",
            "open": "18.8114",
            "high": "18.8114",
            "low": "18.8114",
            "close": "18.8154"
        },
        {
            "time": "24.01.2021 17:38",
            "open": "18.8154",
            "high": "18.8154",
            "low": "18.8154",
            "close": "18.8163"
        },
        {
            "time": "24.01.2021 17:42",
            "open": "18.8163",
            "high": "18.8163",
            "low": "18.8163",
            "close": "18.8049"
        },
        {
            "time": "24.01.2021 17:43",
            "open": "18.8049",
            "high": "18.8051",
            "low": "18.8049",
            "close": "18.7811"
        },
        {
            "time": "24.01.2021 17:47",
            "open": "18.7811",
            "high": "18.7811",
            "low": "18.7792",
            "close": "18.7612"
        },
        {
            "time": "24.01.2021 17:48",
            "open": "18.7612",
            "high": "18.7635",
            "low": "18.7284",
            "close": "18.7286"
        },
        {
            "time": "24.01.2021 17:49",
            "open": "18.7286",
            "high": "18.7286",
            "low": "18.72",
            "close": "18.7458"
        },
        {
            "time": "24.01.2021 17:50",
            "open": "18.7458",
            "high": "18.7657",
            "low": "18.7458",
            "close": "18.7273"
        },
        {
            "time": "24.01.2021 17:51",
            "open": "18.7273",
            "high": "18.7273",
            "low": "18.7273",
            "close": "18.736"
        },
        {
            "time": "24.01.2021 17:53",
            "open": "18.736",
            "high": "18.7372",
            "low": "18.736",
            "close": "18.7514"
        },
        {
            "time": "24.01.2021 17:56",
            "open": "18.7514",
            "high": "18.7514",
            "low": "18.7514",
            "close": "18.7911"
        },
        {
            "time": "24.01.2021 18:04",
            "open": "18.7911",
            "high": "18.7911",
            "low": "18.7911",
            "close": "18.7489"
        },
        {
            "time": "24.01.2021 18:08",
            "open": "18.7489",
            "high": "18.7489",
            "low": "18.7489",
            "close": "18.7463"
        },
        {
            "time": "24.01.2021 18:13",
            "open": "18.7463",
            "high": "18.7829",
            "low": "18.7463",
            "close": "18.7756"
        },
        {
            "time": "24.01.2021 18:14",
            "open": "18.7756",
            "high": "18.7756",
            "low": "18.7328",
            "close": "18.7338"
        },
        {
            "time": "24.01.2021 18:16",
            "open": "18.7338",
            "high": "18.7339",
            "low": "18.7338",
            "close": "18.7564"
        },
        {
            "time": "24.01.2021 18:19",
            "open": "18.7564",
            "high": "18.7564",
            "low": "18.7564",
            "close": "18.7547"
        },
        {
            "time": "24.01.2021 18:20",
            "open": "18.7547",
            "high": "18.7547",
            "low": "18.7351",
            "close": "18.7418"
        },
        {
            "time": "24.01.2021 18:21",
            "open": "18.7418",
            "high": "18.7418",
            "low": "18.7418",
            "close": "18.7277"
        },
        {
            "time": "24.01.2021 18:22",
            "open": "18.7277",
            "high": "18.7436",
            "low": "18.7277",
            "close": "18.7317"
        },
        {
            "time": "24.01.2021 18:32",
            "open": "18.7317",
            "high": "18.7432",
            "low": "18.7317",
            "close": "18.7657"
        },
        {
            "time": "24.01.2021 18:33",
            "open": "18.7657",
            "high": "18.7657",
            "low": "18.7657",
            "close": "18.7651"
        },
        {
            "time": "24.01.2021 18:38",
            "open": "18.7651",
            "high": "18.7651",
            "low": "18.7651",
            "close": "18.74"
        },
        {
            "time": "24.01.2021 18:39",
            "open": "18.74",
            "high": "18.74",
            "low": "18.74",
            "close": "18.7399"
        },
        {
            "time": "24.01.2021 18:43",
            "open": "18.7399",
            "high": "18.7399",
            "low": "18.7399",
            "close": "18.7399"
        },
        {
            "time": "24.01.2021 18:45",
            "open": "18.7399",
            "high": "18.7399",
            "low": "18.724",
            "close": "18.7753"
        },
        {
            "time": "24.01.2021 18:46",
            "open": "18.7753",
            "high": "18.7753",
            "low": "18.7753",
            "close": "18.7643"
        },
        {
            "time": "24.01.2021 18:47",
            "open": "18.7643",
            "high": "18.7643",
            "low": "18.7643",
            "close": "18.7488"
        },
        {
            "time": "24.01.2021 18:50",
            "open": "18.7488",
            "high": "18.7488",
            "low": "18.7447",
            "close": "18.7763"
        },
        {
            "time": "24.01.2021 18:53",
            "open": "18.7763",
            "high": "18.7763",
            "low": "18.7763",
            "close": "18.7797"
        },
        {
            "time": "24.01.2021 18:55",
            "open": "18.7797",
            "high": "18.7808",
            "low": "18.7797",
            "close": "18.744"
        },
        {
            "time": "24.01.2021 18:56",
            "open": "18.744",
            "high": "18.744",
            "low": "18.744",
            "close": "18.7704"
        },
        {
            "time": "24.01.2021 19:00",
            "open": "18.7704",
            "high": "18.7704",
            "low": "18.7704",
            "close": "18.7098"
        },
        {
            "time": "24.01.2021 19:14",
            "open": "18.7098",
            "high": "18.7098",
            "low": "18.7098",
            "close": "18.7428"
        },
        {
            "time": "24.01.2021 19:15",
            "open": "18.7428",
            "high": "18.7428",
            "low": "18.7428",
            "close": "18.6894"
        },
        {
            "time": "24.01.2021 19:17",
            "open": "18.6894",
            "high": "18.6894",
            "low": "18.6894",
            "close": "18.6853"
        },
        {
            "time": "24.01.2021 19:18",
            "open": "18.6853",
            "high": "18.6853",
            "low": "18.6853",
            "close": "18.687"
        },
        {
            "time": "24.01.2021 19:19",
            "open": "18.687",
            "high": "18.6967",
            "low": "18.687",
            "close": "18.6874"
        },
        {
            "time": "24.01.2021 19:20",
            "open": "18.6874",
            "high": "18.7158",
            "low": "18.6831",
            "close": "18.6868"
        },
        {
            "time": "24.01.2021 19:21",
            "open": "18.6868",
            "high": "18.6868",
            "low": "18.6868",
            "close": "18.6677"
        },
        {
            "time": "24.01.2021 19:24",
            "open": "18.6677",
            "high": "18.6677",
            "low": "18.6677",
            "close": "18.7089"
        },
        {
            "time": "24.01.2021 19:32",
            "open": "18.7089",
            "high": "18.7089",
            "low": "18.7089",
            "close": "18.7088"
        },
        {
            "time": "24.01.2021 19:33",
            "open": "18.7088",
            "high": "18.7088",
            "low": "18.7088",
            "close": "18.7243"
        },
        {
            "time": "24.01.2021 19:42",
            "open": "18.7243",
            "high": "18.7243",
            "low": "18.7243",
            "close": "18.7252"
        },
        {
            "time": "24.01.2021 19:46",
            "open": "18.7252",
            "high": "18.7252",
            "low": "18.7252",
            "close": "18.7045"
        },
        {
            "time": "24.01.2021 19:53",
            "open": "18.7045",
            "high": "18.7045",
            "low": "18.7045",
            "close": "18.7008"
        },
        {
            "time": "24.01.2021 20:12",
            "open": "18.6601",
            "high": "18.6601",
            "low": "18.6601",
            "close": "18.66"
        },
        {
            "time": "24.01.2021 20:13",
            "open": "18.66",
            "high": "18.66",
            "low": "18.6255",
            "close": "18.6255"
        },
        {
            "time": "24.01.2021 20:14",
            "open": "18.6255",
            "high": "18.6255",
            "low": "18.616",
            "close": "18.61"
        },
        {
            "time": "24.01.2021 20:15",
            "open": "18.61",
            "high": "18.61",
            "low": "18.6",
            "close": "18.6098"
        },
        {
            "time": "24.01.2021 20:16",
            "open": "18.6098",
            "high": "18.6098",
            "low": "18.6098",
            "close": "18.6164"
        },
        {
            "time": "24.01.2021 20:19",
            "open": "18.6164",
            "high": "18.6187",
            "low": "18.5815",
            "close": "18.5667"
        },
        {
            "time": "24.01.2021 20:20",
            "open": "18.5667",
            "high": "18.5855",
            "low": "18.565",
            "close": "18.5787"
        },
        {
            "time": "24.01.2021 20:21",
            "open": "18.5787",
            "high": "18.5787",
            "low": "18.5589",
            "close": "18.6011"
        },
        {
            "time": "24.01.2021 20:22",
            "open": "18.6011",
            "high": "18.6016",
            "low": "18.6011",
            "close": "18.5988"
        },
        {
            "time": "24.01.2021 20:23",
            "open": "18.5988",
            "high": "18.6033",
            "low": "18.5988",
            "close": "18.5982"
        },
        {
            "time": "24.01.2021 20:25",
            "open": "18.5982",
            "high": "18.5982",
            "low": "18.5982",
            "close": "18.5933"
        },
        {
            "time": "24.01.2021 20:26",
            "open": "18.5933",
            "high": "18.5933",
            "low": "18.591",
            "close": "18.6083"
        },
        {
            "time": "24.01.2021 20:29",
            "open": "18.6083",
            "high": "18.6083",
            "low": "18.5834",
            "close": "18.5633"
        },
        {
            "time": "24.01.2021 20:30",
            "open": "18.5633",
            "high": "18.5633",
            "low": "18.5459",
            "close": "18.5404"
        },
        {
            "time": "24.01.2021 20:32",
            "open": "18.5404",
            "high": "18.5404",
            "low": "18.5327",
            "close": "18.549"
        },
        {
            "time": "24.01.2021 20:34",
            "open": "18.549",
            "high": "18.5561",
            "low": "18.549",
            "close": "18.5494"
        },
        {
            "time": "24.01.2021 20:36",
            "open": "18.5494",
            "high": "18.5494",
            "low": "18.5492",
            "close": "18.5619"
        },
        {
            "time": "24.01.2021 20:42",
            "open": "18.5619",
            "high": "18.5619",
            "low": "18.5573",
            "close": "18.5658"
        },
        {
            "time": "24.01.2021 20:45",
            "open": "18.5658",
            "high": "18.5658",
            "low": "18.5658",
            "close": "18.5424"
        },
        {
            "time": "24.01.2021 20:46",
            "open": "18.5424",
            "high": "18.5657",
            "low": "18.5424",
            "close": "18.5368"
        },
        {
            "time": "24.01.2021 20:49",
            "open": "18.5368",
            "high": "18.5368",
            "low": "18.5368",
            "close": "18.5145"
        },
        {
            "time": "24.01.2021 20:50",
            "open": "18.5145",
            "high": "18.5145",
            "low": "18.5145",
            "close": "18.5519"
        },
        {
            "time": "24.01.2021 20:54",
            "open": "18.5519",
            "high": "18.5519",
            "low": "18.5519",
            "close": "18.5739"
        },
        {
            "time": "24.01.2021 20:55",
            "open": "18.5739",
            "high": "18.5739",
            "low": "18.5311",
            "close": "18.5632"
        },
        {
            "time": "24.01.2021 20:56",
            "open": "18.5632",
            "high": "18.5632",
            "low": "18.5632",
            "close": "18.5708"
        },
        {
            "time": "24.01.2021 21:00",
            "open": "18.5708",
            "high": "18.5708",
            "low": "18.5708",
            "close": "18.5739"
        },
        {
            "time": "24.01.2021 21:01",
            "open": "18.5739",
            "high": "18.5739",
            "low": "18.5739",
            "close": "18.6289"
        },
        {
            "time": "24.01.2021 21:03",
            "open": "18.6289",
            "high": "18.6289",
            "low": "18.6289",
            "close": "18.5502"
        },
        {
            "time": "24.01.2021 21:04",
            "open": "18.5502",
            "high": "18.5502",
            "low": "18.5476",
            "close": "18.554"
        },
        {
            "time": "24.01.2021 21:06",
            "open": "18.554",
            "high": "18.554",
            "low": "18.554",
            "close": "18.554"
        },
        {
            "time": "24.01.2021 21:09",
            "open": "18.554",
            "high": "18.554",
            "low": "18.554",
            "close": "18.5723"
        },
        {
            "time": "24.01.2021 21:10",
            "open": "18.5723",
            "high": "18.5723",
            "low": "18.5723",
            "close": "18.6"
        },
        {
            "time": "24.01.2021 21:11",
            "open": "18.6",
            "high": "18.6",
            "low": "18.6",
            "close": "18.6104"
        },
        {
            "time": "24.01.2021 21:13",
            "open": "18.6104",
            "high": "18.6104",
            "low": "18.6088",
            "close": "18.6216"
        },
        {
            "time": "24.01.2021 21:15",
            "open": "18.6216",
            "high": "18.6216",
            "low": "18.6216",
            "close": "18.5933"
        },
        {
            "time": "24.01.2021 21:16",
            "open": "18.5933",
            "high": "18.5933",
            "low": "18.5933",
            "close": "18.59"
        },
        {
            "time": "24.01.2021 21:18",
            "open": "18.59",
            "high": "18.59",
            "low": "18.59",
            "close": "18.5887"
        },
        {
            "time": "24.01.2021 21:20",
            "open": "18.5887",
            "high": "18.5887",
            "low": "18.5887",
            "close": "18.6144"
        },
        {
            "time": "24.01.2021 21:25",
            "open": "18.6144",
            "high": "18.6191",
            "low": "18.6144",
            "close": "18.5824"
        },
        {
            "time": "24.01.2021 21:26",
            "open": "18.5824",
            "high": "18.5824",
            "low": "18.5824",
            "close": "18.6224"
        },
        {
            "time": "24.01.2021 21:37",
            "open": "18.6224",
            "high": "18.6224",
            "low": "18.6224",
            "close": "18.6313"
        },
        {
            "time": "24.01.2021 21:38",
            "open": "18.6313",
            "high": "18.6313",
            "low": "18.6313",
            "close": "18.622"
        },
        {
            "time": "24.01.2021 21:42",
            "open": "18.622",
            "high": "18.622",
            "low": "18.622",
            "close": "18.6502"
        },
        {
            "time": "24.01.2021 21:44",
            "open": "18.6502",
            "high": "18.6502",
            "low": "18.6502",
            "close": "18.6186"
        },
        {
            "time": "24.01.2021 21:58",
            "open": "18.6186",
            "high": "18.6186",
            "low": "18.6186",
            "close": "18.6114"
        },
        {
            "time": "24.01.2021 22:00",
            "open": "18.6114",
            "high": "18.6114",
            "low": "18.6114",
            "close": "18.65"
        },
        {
            "time": "24.01.2021 22:01",
            "open": "18.65",
            "high": "18.6501",
            "low": "18.65",
            "close": "18.7194"
        },
        {
            "time": "24.01.2021 22:02",
            "open": "18.7194",
            "high": "18.7194",
            "low": "18.7194",
            "close": "18.6769"
        },
        {
            "time": "24.01.2021 22:07",
            "open": "18.6769",
            "high": "18.6769",
            "low": "18.6554",
            "close": "18.6792"
        },
        {
            "time": "24.01.2021 22:09",
            "open": "18.6792",
            "high": "18.6955",
            "low": "18.6792",
            "close": "18.6741"
        },
        {
            "time": "24.01.2021 22:10",
            "open": "18.6741",
            "high": "18.6741",
            "low": "18.6741",
            "close": "18.6809"
        },
        {
            "time": "24.01.2021 22:11",
            "open": "18.6809",
            "high": "18.6809",
            "low": "18.6809",
            "close": "18.6618"
        },
        {
            "time": "24.01.2021 22:16",
            "open": "18.6618",
            "high": "18.6618",
            "low": "18.6618",
            "close": "18.619"
        },
        {
            "time": "24.01.2021 22:17",
            "open": "18.619",
            "high": "18.6421",
            "low": "18.619",
            "close": "18.7129"
        },
        {
            "time": "24.01.2021 22:20",
            "open": "18.7129",
            "high": "18.7129",
            "low": "18.7129",
            "close": "18.6217"
        },
        {
            "time": "24.01.2021 22:28",
            "open": "18.6217",
            "high": "18.6217",
            "low": "18.6217",
            "close": "18.5908"
        },
        {
            "time": "24.01.2021 22:31",
            "open": "18.5908",
            "high": "18.5909",
            "low": "18.5908",
            "close": "18.5362"
        },
        {
            "time": "24.01.2021 22:36",
            "open": "18.5362",
            "high": "18.5362",
            "low": "18.5362",
            "close": "18.5363"
        },
        {
            "time": "24.01.2021 22:37",
            "open": "18.5363",
            "high": "18.5363",
            "low": "18.5363",
            "close": "18.5357"
        },
        {
            "time": "24.01.2021 22:40",
            "open": "18.5357",
            "high": "18.5357",
            "low": "18.5357",
            "close": "18.5367"
        },
        {
            "time": "24.01.2021 22:43",
            "open": "18.5367",
            "high": "18.5367",
            "low": "18.5367",
            "close": "18.5463"
        },
        {
            "time": "24.01.2021 22:47",
            "open": "18.5463",
            "high": "18.5463",
            "low": "18.5463",
            "close": "18.5589"
        },
        {
            "time": "24.01.2021 22:51",
            "open": "18.5589",
            "high": "18.5589",
            "low": "18.5573",
            "close": "18.5629"
        },
        {
            "time": "24.01.2021 22:53",
            "open": "18.5629",
            "high": "18.5629",
            "low": "18.5629",
            "close": "18.5629"
        },
        {
            "time": "24.01.2021 22:58",
            "open": "18.5629",
            "high": "18.5629",
            "low": "18.5629",
            "close": "18.5628"
        },
        {
            "time": "24.01.2021 22:59",
            "open": "18.5628",
            "high": "18.5628",
            "low": "18.5628",
            "close": "18.5764"
        },
        {
            "time": "24.01.2021 23:04",
            "open": "18.5764",
            "high": "18.5765",
            "low": "18.5764",
            "close": "18.5517"
        },
        {
            "time": "24.01.2021 23:05",
            "open": "18.5517",
            "high": "18.5517",
            "low": "18.5373",
            "close": "18.5637"
        },
        {
            "time": "24.01.2021 23:06",
            "open": "18.5637",
            "high": "18.5637",
            "low": "18.5637",
            "close": "18.5638"
        },
        {
            "time": "24.01.2021 23:09",
            "open": "18.5638",
            "high": "18.5638",
            "low": "18.5638",
            "close": "18.5609"
        },
        {
            "time": "24.01.2021 23:10",
            "open": "18.5609",
            "high": "18.5764",
            "low": "18.5609",
            "close": "18.5967"
        },
        {
            "time": "24.01.2021 23:15",
            "open": "18.5967",
            "high": "18.5967",
            "low": "18.5967",
            "close": "18.5982"
        },
        {
            "time": "24.01.2021 23:16",
            "open": "18.5982",
            "high": "18.5982",
            "low": "18.5982",
            "close": "18.5794"
        },
        {
            "time": "24.01.2021 23:19",
            "open": "18.5794",
            "high": "18.5794",
            "low": "18.5794",
            "close": "18.5912"
        },
        {
            "time": "24.01.2021 23:21",
            "open": "18.5912",
            "high": "18.5912",
            "low": "18.5912",
            "close": "18.6322"
        },
        {
            "time": "24.01.2021 23:29",
            "open": "18.6322",
            "high": "18.6425",
            "low": "18.6322",
            "close": "18.6214"
        },
        {
            "time": "24.01.2021 23:33",
            "open": "18.6214",
            "high": "18.6245",
            "low": "18.6214",
            "close": "18.5989"
        },
        {
            "time": "24.01.2021 23:35",
            "open": "18.5989",
            "high": "18.5989",
            "low": "18.5989",
            "close": "18.6593"
        },
        {
            "time": "24.01.2021 23:38",
            "open": "18.6593",
            "high": "18.6593",
            "low": "18.6593",
            "close": "18.6765"
        },
        {
            "time": "24.01.2021 23:40",
            "open": "18.6765",
            "high": "18.6765",
            "low": "18.6765",
            "close": "18.6603"
        },
        {
            "time": "24.01.2021 23:42",
            "open": "18.6603",
            "high": "18.6614",
            "low": "18.6592",
            "close": "18.6442"
        },
        {
            "time": "24.01.2021 23:43",
            "open": "18.6442",
            "high": "18.6442",
            "low": "18.6442",
            "close": "18.6392"
        },
        {
            "time": "24.01.2021 23:47",
            "open": "18.6392",
            "high": "18.6392",
            "low": "18.6392",
            "close": "18.6616"
        },
        {
            "time": "24.01.2021 23:48",
            "open": "18.6616",
            "high": "18.6616",
            "low": "18.6616",
            "close": "18.6216"
        },
        {
            "time": "24.01.2021 23:53",
            "open": "18.6216",
            "high": "18.6216",
            "low": "18.6216",
            "close": "18.598"
        }
    ]
}