{
    "FIL-EUR": [
        {
            "time": "08.07.2021 23:59",
            "open": "45.4268",
            "high": "45.4268",
            "low": "45.415",
            "close": "45.3377"
        },
        {
            "time": "09.07.2021 00:00",
            "open": "45.3377",
            "high": "45.3377",
            "low": "45.3377",
            "close": "45.2765"
        },
        {
            "time": "09.07.2021 00:01",
            "open": "45.2765",
            "high": "45.2765",
            "low": "45.2765",
            "close": "45.5149"
        },
        {
            "time": "09.07.2021 00:02",
            "open": "45.5149",
            "high": "45.5349",
            "low": "45.5149",
            "close": "45.5349"
        },
        {
            "time": "09.07.2021 00:03",
            "open": "45.5349",
            "high": "45.5349",
            "low": "45.5349",
            "close": "45.465"
        },
        {
            "time": "09.07.2021 00:04",
            "open": "45.465",
            "high": "45.465",
            "low": "45.465",
            "close": "45.3719"
        },
        {
            "time": "09.07.2021 00:05",
            "open": "45.3719",
            "high": "45.425",
            "low": "45.3719",
            "close": "45.3295"
        },
        {
            "time": "09.07.2021 00:07",
            "open": "45.3295",
            "high": "45.3295",
            "low": "45.3117",
            "close": "45.2186"
        },
        {
            "time": "09.07.2021 00:09",
            "open": "45.2186",
            "high": "45.2186",
            "low": "45.2186",
            "close": "45.202"
        },
        {
            "time": "09.07.2021 00:10",
            "open": "45.202",
            "high": "45.202",
            "low": "45.202",
            "close": "45.122"
        },
        {
            "time": "09.07.2021 00:11",
            "open": "45.122",
            "high": "45.122",
            "low": "45.03",
            "close": "45"
        },
        {
            "time": "09.07.2021 00:12",
            "open": "45",
            "high": "45",
            "low": "45",
            "close": "45"
        },
        {
            "time": "09.07.2021 00:13",
            "open": "45",
            "high": "45",
            "low": "45",
            "close": "44.9453"
        },
        {
            "time": "09.07.2021 00:15",
            "open": "44.9453",
            "high": "44.9453",
            "low": "44.9453",
            "close": "44.9229"
        },
        {
            "time": "09.07.2021 00:19",
            "open": "44.9229",
            "high": "44.9926",
            "low": "44.9229",
            "close": "45.0037"
        },
        {
            "time": "09.07.2021 00:20",
            "open": "45.0037",
            "high": "45.0037",
            "low": "45.0037",
            "close": "44.9891"
        },
        {
            "time": "09.07.2021 00:21",
            "open": "44.9891",
            "high": "44.9891",
            "low": "44.9297",
            "close": "45.0897"
        },
        {
            "time": "09.07.2021 00:23",
            "open": "45.0897",
            "high": "45.092",
            "low": "45.0897",
            "close": "45.0348"
        },
        {
            "time": "09.07.2021 00:25",
            "open": "45.0348",
            "high": "45.0348",
            "low": "45.0333",
            "close": "45.008"
        },
        {
            "time": "09.07.2021 00:26",
            "open": "45.008",
            "high": "45.008",
            "low": "44.9999",
            "close": "44.9296"
        },
        {
            "time": "09.07.2021 00:29",
            "open": "44.9296",
            "high": "44.9296",
            "low": "44.6402",
            "close": "44.7783"
        },
        {
            "time": "09.07.2021 00:33",
            "open": "44.7783",
            "high": "44.7783",
            "low": "44.7257",
            "close": "44.7445"
        },
        {
            "time": "09.07.2021 00:40",
            "open": "44.7445",
            "high": "44.7445",
            "low": "44.7445",
            "close": "44.9097"
        },
        {
            "time": "09.07.2021 01:01",
            "open": "44.9097",
            "high": "44.9097",
            "low": "44.9097",
            "close": "45.0473"
        },
        {
            "time": "09.07.2021 01:02",
            "open": "45.0473",
            "high": "45.0473",
            "low": "45.0473",
            "close": "45.0472"
        },
        {
            "time": "09.07.2021 01:10",
            "open": "45.0472",
            "high": "45.0472",
            "low": "45.0472",
            "close": "45.2413"
        },
        {
            "time": "09.07.2021 01:12",
            "open": "45.2413",
            "high": "45.2413",
            "low": "45.2413",
            "close": "45.3026"
        },
        {
            "time": "09.07.2021 01:18",
            "open": "45.3026",
            "high": "45.3026",
            "low": "45.3026",
            "close": "45.4769"
        },
        {
            "time": "09.07.2021 01:31",
            "open": "45.4769",
            "high": "45.4856",
            "low": "45.4769",
            "close": "45.5117"
        },
        {
            "time": "09.07.2021 01:36",
            "open": "45.5117",
            "high": "45.5117",
            "low": "45.5117",
            "close": "45.5202"
        },
        {
            "time": "09.07.2021 01:38",
            "open": "45.5202",
            "high": "45.5257",
            "low": "45.5202",
            "close": "45.572"
        },
        {
            "time": "09.07.2021 01:39",
            "open": "45.572",
            "high": "45.572",
            "low": "45.572",
            "close": "45.572"
        },
        {
            "time": "09.07.2021 01:40",
            "open": "45.572",
            "high": "45.572",
            "low": "45.572",
            "close": "45.572"
        },
        {
            "time": "09.07.2021 01:47",
            "open": "45.572",
            "high": "45.572",
            "low": "45.572",
            "close": "45.572"
        },
        {
            "time": "09.07.2021 01:50",
            "open": "45.572",
            "high": "45.572",
            "low": "45.572",
            "close": "45.5575"
        },
        {
            "time": "09.07.2021 01:55",
            "open": "45.5575",
            "high": "45.5575",
            "low": "45.5575",
            "close": "45.5732"
        },
        {
            "time": "09.07.2021 01:58",
            "open": "45.5732",
            "high": "45.5732",
            "low": "45.5732",
            "close": "45.5317"
        },
        {
            "time": "09.07.2021 02:00",
            "open": "45.5317",
            "high": "45.5317",
            "low": "45.5317",
            "close": "45.5317"
        },
        {
            "time": "09.07.2021 02:01",
            "open": "45.5317",
            "high": "45.5317",
            "low": "45.5317",
            "close": "45.3801"
        },
        {
            "time": "09.07.2021 02:05",
            "open": "45.3801",
            "high": "45.3993",
            "low": "45.3801",
            "close": "45.303"
        },
        {
            "time": "09.07.2021 02:07",
            "open": "45.303",
            "high": "45.303",
            "low": "45.303",
            "close": "45.2603"
        },
        {
            "time": "09.07.2021 02:08",
            "open": "45.2603",
            "high": "45.2603",
            "low": "45.2413",
            "close": "45.1883"
        },
        {
            "time": "09.07.2021 02:10",
            "open": "45.1883",
            "high": "45.1883",
            "low": "45.0473",
            "close": "45.2637"
        },
        {
            "time": "09.07.2021 02:16",
            "open": "45.2637",
            "high": "45.2637",
            "low": "45.2637",
            "close": "45.2403"
        },
        {
            "time": "09.07.2021 02:20",
            "open": "45.2403",
            "high": "45.2403",
            "low": "45.2403",
            "close": "45.1014"
        },
        {
            "time": "09.07.2021 02:23",
            "open": "45.1014",
            "high": "45.1014",
            "low": "45.1014",
            "close": "44.7692"
        },
        {
            "time": "09.07.2021 02:41",
            "open": "44.7692",
            "high": "44.7692",
            "low": "44.7692",
            "close": "44.7514"
        },
        {
            "time": "09.07.2021 02:43",
            "open": "44.7514",
            "high": "44.7514",
            "low": "44.7514",
            "close": "44.6763"
        },
        {
            "time": "09.07.2021 02:46",
            "open": "44.6763",
            "high": "44.6763",
            "low": "44.6763",
            "close": "44.7969"
        },
        {
            "time": "09.07.2021 03:01",
            "open": "44.7969",
            "high": "44.7969",
            "low": "44.7969",
            "close": "44.9251"
        },
        {
            "time": "09.07.2021 03:05",
            "open": "44.9251",
            "high": "44.9251",
            "low": "44.9251",
            "close": "44.8679"
        },
        {
            "time": "09.07.2021 03:07",
            "open": "44.8679",
            "high": "44.8679",
            "low": "44.8679",
            "close": "45.0244"
        },
        {
            "time": "09.07.2021 03:26",
            "open": "45.0244",
            "high": "45.0244",
            "low": "45.0244",
            "close": "45.0429"
        },
        {
            "time": "09.07.2021 03:31",
            "open": "45.0429",
            "high": "45.0429",
            "low": "45.0429",
            "close": "44.9033"
        },
        {
            "time": "09.07.2021 03:44",
            "open": "44.9033",
            "high": "44.9033",
            "low": "44.9033",
            "close": "44.9033"
        },
        {
            "time": "09.07.2021 03:50",
            "open": "44.9033",
            "high": "44.9033",
            "low": "44.9033",
            "close": "45.024"
        },
        {
            "time": "09.07.2021 03:53",
            "open": "45.024",
            "high": "45.024",
            "low": "44.7306",
            "close": "45.0575"
        },
        {
            "time": "09.07.2021 03:56",
            "open": "45.0575",
            "high": "45.0575",
            "low": "45.0575",
            "close": "45.2668"
        },
        {
            "time": "09.07.2021 04:43",
            "open": "45.2668",
            "high": "45.2668",
            "low": "45.2668",
            "close": "45.3546"
        },
        {
            "time": "09.07.2021 04:58",
            "open": "45.3546",
            "high": "45.3729",
            "low": "45.3546",
            "close": "45.447"
        },
        {
            "time": "09.07.2021 05:01",
            "open": "45.447",
            "high": "45.447",
            "low": "45.447",
            "close": "45.4317"
        },
        {
            "time": "09.07.2021 05:02",
            "open": "45.4317",
            "high": "45.4584",
            "low": "45.4317",
            "close": "45.5267"
        },
        {
            "time": "09.07.2021 05:13",
            "open": "45.5267",
            "high": "45.5267",
            "low": "45.5267",
            "close": "45.6718"
        },
        {
            "time": "09.07.2021 05:29",
            "open": "45.6718",
            "high": "45.6718",
            "low": "45.6718",
            "close": "45.4037"
        },
        {
            "time": "09.07.2021 05:46",
            "open": "45.4037",
            "high": "45.4037",
            "low": "45.4037",
            "close": "45.3065"
        },
        {
            "time": "09.07.2021 05:48",
            "open": "45.3065",
            "high": "45.3065",
            "low": "45.3065",
            "close": "45.2951"
        },
        {
            "time": "09.07.2021 05:49",
            "open": "45.2951",
            "high": "45.2951",
            "low": "45.2951",
            "close": "45.3566"
        },
        {
            "time": "09.07.2021 05:51",
            "open": "45.3566",
            "high": "45.3566",
            "low": "45.3566",
            "close": "45.5512"
        },
        {
            "time": "09.07.2021 06:05",
            "open": "45.5512",
            "high": "45.6529",
            "low": "45.5512",
            "close": "45.6455"
        },
        {
            "time": "09.07.2021 06:06",
            "open": "45.6455",
            "high": "45.7968",
            "low": "45.6455",
            "close": "45.7792"
        },
        {
            "time": "09.07.2021 06:07",
            "open": "45.7792",
            "high": "45.7792",
            "low": "45.7792",
            "close": "45.6489"
        },
        {
            "time": "09.07.2021 06:09",
            "open": "45.6489",
            "high": "45.6489",
            "low": "45.6489",
            "close": "45.675"
        },
        {
            "time": "09.07.2021 06:11",
            "open": "45.675",
            "high": "45.675",
            "low": "45.675",
            "close": "45.7375"
        },
        {
            "time": "09.07.2021 06:14",
            "open": "45.7375",
            "high": "45.7375",
            "low": "45.7375",
            "close": "45.7041"
        },
        {
            "time": "09.07.2021 06:39",
            "open": "45.7041",
            "high": "45.7041",
            "low": "45.7041",
            "close": "45.7273"
        },
        {
            "time": "09.07.2021 06:53",
            "open": "45.7273",
            "high": "45.7273",
            "low": "45.7273",
            "close": "45.87"
        },
        {
            "time": "09.07.2021 07:01",
            "open": "45.87",
            "high": "45.87",
            "low": "45.87",
            "close": "45.9154"
        },
        {
            "time": "09.07.2021 07:02",
            "open": "45.9154",
            "high": "45.9557",
            "low": "45.9154",
            "close": "46.0291"
        },
        {
            "time": "09.07.2021 07:03",
            "open": "46.0291",
            "high": "46.0291",
            "low": "45.9557",
            "close": "45.8774"
        },
        {
            "time": "09.07.2021 07:08",
            "open": "45.8774",
            "high": "45.8774",
            "low": "45.8774",
            "close": "45.8868"
        },
        {
            "time": "09.07.2021 07:13",
            "open": "45.8868",
            "high": "45.8868",
            "low": "45.8868",
            "close": "45.9022"
        },
        {
            "time": "09.07.2021 07:15",
            "open": "45.9022",
            "high": "45.9022",
            "low": "45.9022",
            "close": "45.8557"
        },
        {
            "time": "09.07.2021 07:25",
            "open": "45.8557",
            "high": "45.8557",
            "low": "45.85",
            "close": "45.7726"
        },
        {
            "time": "09.07.2021 07:31",
            "open": "45.7726",
            "high": "45.7726",
            "low": "45.7567",
            "close": "45.7938"
        },
        {
            "time": "09.07.2021 07:46",
            "open": "45.7938",
            "high": "45.7938",
            "low": "45.7938",
            "close": "45.7925"
        },
        {
            "time": "09.07.2021 07:48",
            "open": "45.7925",
            "high": "45.7938",
            "low": "45.7925",
            "close": "45.7181"
        },
        {
            "time": "09.07.2021 07:55",
            "open": "45.7181",
            "high": "45.7181",
            "low": "45.7181",
            "close": "45.4733"
        },
        {
            "time": "09.07.2021 08:05",
            "open": "45.4733",
            "high": "45.4733",
            "low": "45.4733",
            "close": "45.4941"
        },
        {
            "time": "09.07.2021 08:24",
            "open": "45.4941",
            "high": "45.4941",
            "low": "45.4939",
            "close": "45.5741"
        },
        {
            "time": "09.07.2021 08:26",
            "open": "45.5741",
            "high": "45.5741",
            "low": "45.5741",
            "close": "45.4735"
        },
        {
            "time": "09.07.2021 08:36",
            "open": "45.4735",
            "high": "45.478",
            "low": "45.4735",
            "close": "45.4155"
        },
        {
            "time": "09.07.2021 08:37",
            "open": "45.4155",
            "high": "45.4155",
            "low": "45.3692",
            "close": "45.5146"
        },
        {
            "time": "09.07.2021 08:49",
            "open": "45.5146",
            "high": "45.5146",
            "low": "45.5146",
            "close": "45.4922"
        },
        {
            "time": "09.07.2021 08:57",
            "open": "45.4922",
            "high": "45.4922",
            "low": "45.4922",
            "close": "45.5018"
        },
        {
            "time": "09.07.2021 09:03",
            "open": "45.5018",
            "high": "45.5018",
            "low": "45.5018",
            "close": "45.4763"
        },
        {
            "time": "09.07.2021 09:04",
            "open": "45.4763",
            "high": "45.4763",
            "low": "45.4763",
            "close": "45.5452"
        },
        {
            "time": "09.07.2021 09:06",
            "open": "45.5452",
            "high": "45.5452",
            "low": "45.5452",
            "close": "45.4425"
        },
        {
            "time": "09.07.2021 09:10",
            "open": "45.4425",
            "high": "45.4426",
            "low": "45.4425",
            "close": "45.6891"
        },
        {
            "time": "09.07.2021 09:45",
            "open": "45.6891",
            "high": "45.6891",
            "low": "45.6891",
            "close": "45.4744"
        },
        {
            "time": "09.07.2021 10:02",
            "open": "45.4744",
            "high": "45.4744",
            "low": "45.4744",
            "close": "45.4625"
        },
        {
            "time": "09.07.2021 10:03",
            "open": "45.4625",
            "high": "45.4625",
            "low": "45.4625",
            "close": "45.4115"
        },
        {
            "time": "09.07.2021 10:04",
            "open": "45.4115",
            "high": "45.4115",
            "low": "45.4115",
            "close": "45.4115"
        },
        {
            "time": "09.07.2021 10:06",
            "open": "45.4115",
            "high": "45.4115",
            "low": "45.4115",
            "close": "45.3788"
        },
        {
            "time": "09.07.2021 10:07",
            "open": "45.3788",
            "high": "45.4079",
            "low": "45.3788",
            "close": "45.4606"
        },
        {
            "time": "09.07.2021 10:12",
            "open": "45.4606",
            "high": "45.4701",
            "low": "45.4606",
            "close": "45.4301"
        },
        {
            "time": "09.07.2021 10:16",
            "open": "45.4301",
            "high": "45.4301",
            "low": "45.4027",
            "close": "45.6893"
        },
        {
            "time": "09.07.2021 10:33",
            "open": "45.6893",
            "high": "45.6893",
            "low": "45.6893",
            "close": "45.7506"
        },
        {
            "time": "09.07.2021 10:34",
            "open": "45.7506",
            "high": "45.7506",
            "low": "45.7506",
            "close": "45.7381"
        },
        {
            "time": "09.07.2021 10:35",
            "open": "45.7381",
            "high": "45.7381",
            "low": "45.7381",
            "close": "45.8106"
        },
        {
            "time": "09.07.2021 10:51",
            "open": "45.8106",
            "high": "45.8106",
            "low": "45.8106",
            "close": "45.7881"
        },
        {
            "time": "09.07.2021 10:56",
            "open": "45.7881",
            "high": "45.7893",
            "low": "45.7881",
            "close": "45.7383"
        },
        {
            "time": "09.07.2021 11:00",
            "open": "45.7383",
            "high": "45.7383",
            "low": "45.7383",
            "close": "45.7383"
        },
        {
            "time": "09.07.2021 11:02",
            "open": "45.7383",
            "high": "45.7383",
            "low": "45.7383",
            "close": "45.7383"
        },
        {
            "time": "09.07.2021 11:03",
            "open": "45.7383",
            "high": "45.7383",
            "low": "45.7383",
            "close": "45.6589"
        },
        {
            "time": "09.07.2021 11:06",
            "open": "45.6589",
            "high": "45.6589",
            "low": "45.6589",
            "close": "45.9706"
        },
        {
            "time": "09.07.2021 11:26",
            "open": "45.9706",
            "high": "45.9706",
            "low": "45.9706",
            "close": "46.1591"
        },
        {
            "time": "09.07.2021 11:29",
            "open": "46.1591",
            "high": "46.316",
            "low": "46.1591",
            "close": "46.3814"
        },
        {
            "time": "09.07.2021 11:32",
            "open": "46.3814",
            "high": "46.3814",
            "low": "46.3814",
            "close": "46.273"
        },
        {
            "time": "09.07.2021 11:34",
            "open": "46.273",
            "high": "46.273",
            "low": "46.273",
            "close": "46.2535"
        },
        {
            "time": "09.07.2021 11:38",
            "open": "46.2535",
            "high": "46.2535",
            "low": "46.2535",
            "close": "46.2144"
        },
        {
            "time": "09.07.2021 11:39",
            "open": "46.2144",
            "high": "46.2144",
            "low": "46.2144",
            "close": "46.0894"
        },
        {
            "time": "09.07.2021 11:52",
            "open": "46.0894",
            "high": "46.0894",
            "low": "46.0894",
            "close": "46.112"
        },
        {
            "time": "09.07.2021 11:58",
            "open": "46.112",
            "high": "46.112",
            "low": "46.112",
            "close": "46.08"
        },
        {
            "time": "09.07.2021 12:00",
            "open": "46.08",
            "high": "46.08",
            "low": "46.08",
            "close": "45.9837"
        },
        {
            "time": "09.07.2021 12:11",
            "open": "45.9837",
            "high": "45.9837",
            "low": "45.9837",
            "close": "46.1093"
        },
        {
            "time": "09.07.2021 12:23",
            "open": "46.1093",
            "high": "46.1093",
            "low": "46.1093",
            "close": "45.9016"
        },
        {
            "time": "09.07.2021 12:36",
            "open": "45.9016",
            "high": "45.9016",
            "low": "45.9016",
            "close": "45.7883"
        },
        {
            "time": "09.07.2021 12:51",
            "open": "45.7883",
            "high": "45.7883",
            "low": "45.7883",
            "close": "45.9126"
        },
        {
            "time": "09.07.2021 12:59",
            "open": "45.9126",
            "high": "45.9126",
            "low": "45.9126",
            "close": "45.8188"
        },
        {
            "time": "09.07.2021 13:03",
            "open": "45.8188",
            "high": "45.8214",
            "low": "45.8188",
            "close": "45.8011"
        },
        {
            "time": "09.07.2021 13:04",
            "open": "45.8011",
            "high": "45.8011",
            "low": "45.8011",
            "close": "45.7266"
        },
        {
            "time": "09.07.2021 13:05",
            "open": "45.7266",
            "high": "45.7266",
            "low": "45.6889",
            "close": "45.7227"
        },
        {
            "time": "09.07.2021 13:09",
            "open": "45.7227",
            "high": "45.7227",
            "low": "45.6439",
            "close": "45.6576"
        },
        {
            "time": "09.07.2021 13:18",
            "open": "45.6576",
            "high": "45.6576",
            "low": "45.6576",
            "close": "45.6176"
        },
        {
            "time": "09.07.2021 13:19",
            "open": "45.6176",
            "high": "45.6176",
            "low": "45.6176",
            "close": "45.629"
        },
        {
            "time": "09.07.2021 13:20",
            "open": "45.629",
            "high": "45.629",
            "low": "45.629",
            "close": "45.5619"
        },
        {
            "time": "09.07.2021 13:23",
            "open": "45.5619",
            "high": "45.5649",
            "low": "45.5619",
            "close": "45.5"
        },
        {
            "time": "09.07.2021 13:25",
            "open": "45.5",
            "high": "45.5",
            "low": "45.5",
            "close": "45.5382"
        },
        {
            "time": "09.07.2021 13:27",
            "open": "45.5382",
            "high": "45.5382",
            "low": "45.5382",
            "close": "45.5288"
        },
        {
            "time": "09.07.2021 13:29",
            "open": "45.5288",
            "high": "45.5288",
            "low": "45.5288",
            "close": "45.5328"
        },
        {
            "time": "09.07.2021 13:32",
            "open": "45.5328",
            "high": "45.5455",
            "low": "45.5328",
            "close": "45.5586"
        },
        {
            "time": "09.07.2021 13:34",
            "open": "45.5586",
            "high": "45.5676",
            "low": "45.5586",
            "close": "45.5627"
        },
        {
            "time": "09.07.2021 13:39",
            "open": "45.5627",
            "high": "45.5627",
            "low": "45.5627",
            "close": "45.5724"
        },
        {
            "time": "09.07.2021 13:56",
            "open": "45.5724",
            "high": "45.5724",
            "low": "45.5724",
            "close": "45.6576"
        },
        {
            "time": "09.07.2021 14:01",
            "open": "45.6576",
            "high": "45.6576",
            "low": "45.6576",
            "close": "45.5915"
        },
        {
            "time": "09.07.2021 14:03",
            "open": "45.5915",
            "high": "45.5924",
            "low": "45.5915",
            "close": "45.532"
        },
        {
            "time": "09.07.2021 14:04",
            "open": "45.532",
            "high": "45.532",
            "low": "45.532",
            "close": "45.4757"
        },
        {
            "time": "09.07.2021 14:09",
            "open": "45.4757",
            "high": "45.4757",
            "low": "45.4757",
            "close": "45.5156"
        },
        {
            "time": "09.07.2021 14:26",
            "open": "45.5156",
            "high": "45.5156",
            "low": "45.5156",
            "close": "45.6663"
        },
        {
            "time": "09.07.2021 14:30",
            "open": "45.6663",
            "high": "45.6663",
            "low": "45.6663",
            "close": "46.1139"
        },
        {
            "time": "09.07.2021 15:03",
            "open": "46.1139",
            "high": "46.1139",
            "low": "46.1139",
            "close": "46.1139"
        },
        {
            "time": "09.07.2021 15:06",
            "open": "46.1139",
            "high": "46.1139",
            "low": "46.1139",
            "close": "46.1601"
        },
        {
            "time": "09.07.2021 15:07",
            "open": "46.1601",
            "high": "46.2651",
            "low": "46.1601",
            "close": "46.3"
        },
        {
            "time": "09.07.2021 15:35",
            "open": "46.3",
            "high": "46.3152",
            "low": "46.3",
            "close": "46.3484"
        },
        {
            "time": "09.07.2021 15:44",
            "open": "46.3484",
            "high": "46.3484",
            "low": "46.3484",
            "close": "46.3484"
        },
        {
            "time": "09.07.2021 15:45",
            "open": "46.3484",
            "high": "46.3484",
            "low": "46.3484",
            "close": "46.3058"
        },
        {
            "time": "09.07.2021 15:52",
            "open": "46.3058",
            "high": "46.3058",
            "low": "46.3058",
            "close": "46.232"
        },
        {
            "time": "09.07.2021 15:59",
            "open": "46.232",
            "high": "46.232",
            "low": "46.2279",
            "close": "46.2732"
        },
        {
            "time": "09.07.2021 16:00",
            "open": "46.2732",
            "high": "46.2732",
            "low": "46.2732",
            "close": "46.2084"
        },
        {
            "time": "09.07.2021 16:03",
            "open": "46.2084",
            "high": "46.2084",
            "low": "46.2084",
            "close": "46.1366"
        },
        {
            "time": "09.07.2021 16:10",
            "open": "46.1366",
            "high": "46.1366",
            "low": "46.1366",
            "close": "46.0699"
        },
        {
            "time": "09.07.2021 16:15",
            "open": "46.0699",
            "high": "46.09",
            "low": "46.0699",
            "close": "46.4319"
        },
        {
            "time": "09.07.2021 16:24",
            "open": "46.4319",
            "high": "46.4319",
            "low": "46.4317",
            "close": "46.426"
        },
        {
            "time": "09.07.2021 16:25",
            "open": "46.426",
            "high": "46.426",
            "low": "46.426",
            "close": "46.426"
        },
        {
            "time": "09.07.2021 16:27",
            "open": "46.426",
            "high": "46.426",
            "low": "46.426",
            "close": "46.3531"
        },
        {
            "time": "09.07.2021 16:33",
            "open": "46.3531",
            "high": "46.3531",
            "low": "46.3531",
            "close": "46.4514"
        },
        {
            "time": "09.07.2021 16:36",
            "open": "46.4514",
            "high": "46.4514",
            "low": "46.4514",
            "close": "46.3948"
        },
        {
            "time": "09.07.2021 16:47",
            "open": "46.3948",
            "high": "46.3948",
            "low": "46.3502",
            "close": "46.6214"
        },
        {
            "time": "09.07.2021 16:59",
            "open": "46.6214",
            "high": "46.6214",
            "low": "46.6214",
            "close": "46.6088"
        },
        {
            "time": "09.07.2021 17:00",
            "open": "46.6088",
            "high": "46.6088",
            "low": "46.56",
            "close": "46.5234"
        },
        {
            "time": "09.07.2021 17:01",
            "open": "46.5234",
            "high": "46.5234",
            "low": "46.5234",
            "close": "46.5044"
        },
        {
            "time": "09.07.2021 17:03",
            "open": "46.5044",
            "high": "46.5044",
            "low": "46.5044",
            "close": "46.7885"
        },
        {
            "time": "09.07.2021 17:25",
            "open": "46.7885",
            "high": "46.7889",
            "low": "46.7885",
            "close": "46.8486"
        },
        {
            "time": "09.07.2021 17:26",
            "open": "46.8486",
            "high": "46.8486",
            "low": "46.8486",
            "close": "46.707"
        },
        {
            "time": "09.07.2021 17:35",
            "open": "46.707",
            "high": "46.707",
            "low": "46.6858",
            "close": "46.7034"
        },
        {
            "time": "09.07.2021 17:40",
            "open": "46.7034",
            "high": "46.7144",
            "low": "46.7002",
            "close": "46.6394"
        },
        {
            "time": "09.07.2021 17:45",
            "open": "46.6394",
            "high": "46.6394",
            "low": "46.6379",
            "close": "46.6558"
        },
        {
            "time": "09.07.2021 17:56",
            "open": "46.6558",
            "high": "46.6558",
            "low": "46.6558",
            "close": "46.7135"
        },
        {
            "time": "09.07.2021 18:01",
            "open": "46.7135",
            "high": "46.7575",
            "low": "46.7135",
            "close": "46.775"
        },
        {
            "time": "09.07.2021 18:02",
            "open": "46.775",
            "high": "46.775",
            "low": "46.775",
            "close": "46.5261"
        },
        {
            "time": "09.07.2021 18:16",
            "open": "46.5261",
            "high": "46.5261",
            "low": "46.5261",
            "close": "46.4786"
        },
        {
            "time": "09.07.2021 18:22",
            "open": "46.4786",
            "high": "46.4786",
            "low": "46.4786",
            "close": "46.4591"
        },
        {
            "time": "09.07.2021 18:31",
            "open": "46.4591",
            "high": "46.4591",
            "low": "46.4591",
            "close": "46.5272"
        },
        {
            "time": "09.07.2021 18:37",
            "open": "46.5272",
            "high": "46.5272",
            "low": "46.5272",
            "close": "46.4591"
        },
        {
            "time": "09.07.2021 18:41",
            "open": "46.4591",
            "high": "46.4591",
            "low": "46.4591",
            "close": "46.4551"
        },
        {
            "time": "09.07.2021 18:51",
            "open": "46.4551",
            "high": "46.4551",
            "low": "46.4551",
            "close": "46.4052"
        },
        {
            "time": "09.07.2021 18:58",
            "open": "46.4052",
            "high": "46.4052",
            "low": "46.4052",
            "close": "46.4168"
        },
        {
            "time": "09.07.2021 19:06",
            "open": "46.4168",
            "high": "46.5081",
            "low": "46.4168",
            "close": "46.5314"
        },
        {
            "time": "09.07.2021 19:07",
            "open": "46.5314",
            "high": "46.5452",
            "low": "46.5314",
            "close": "46.4899"
        },
        {
            "time": "09.07.2021 19:11",
            "open": "46.4899",
            "high": "46.4899",
            "low": "46.4899",
            "close": "46.4978"
        },
        {
            "time": "09.07.2021 19:15",
            "open": "46.4978",
            "high": "46.4978",
            "low": "46.4978",
            "close": "46.4778"
        },
        {
            "time": "09.07.2021 19:17",
            "open": "46.4778",
            "high": "46.4778",
            "low": "46.4778",
            "close": "46.4778"
        },
        {
            "time": "09.07.2021 19:28",
            "open": "46.4778",
            "high": "46.4778",
            "low": "46.4632",
            "close": "46.4743"
        },
        {
            "time": "09.07.2021 19:30",
            "open": "46.4743",
            "high": "46.4743",
            "low": "46.4743",
            "close": "46.4103"
        },
        {
            "time": "09.07.2021 19:42",
            "open": "46.4103",
            "high": "46.4103",
            "low": "46.4103",
            "close": "46.3925"
        },
        {
            "time": "09.07.2021 19:43",
            "open": "46.3925",
            "high": "46.3925",
            "low": "46.3925",
            "close": "46.3575"
        },
        {
            "time": "09.07.2021 19:44",
            "open": "46.3575",
            "high": "46.3575",
            "low": "46.3575",
            "close": "46.4197"
        },
        {
            "time": "09.07.2021 19:49",
            "open": "46.4197",
            "high": "46.4197",
            "low": "46.4197",
            "close": "46.3837"
        },
        {
            "time": "09.07.2021 19:55",
            "open": "46.3837",
            "high": "46.3837",
            "low": "46.3837",
            "close": "46.399"
        },
        {
            "time": "09.07.2021 19:58",
            "open": "46.399",
            "high": "46.399",
            "low": "46.399",
            "close": "46.3587"
        },
        {
            "time": "09.07.2021 20:16",
            "open": "46.3587",
            "high": "46.3587",
            "low": "46.3587",
            "close": "46.372"
        },
        {
            "time": "09.07.2021 20:44",
            "open": "46.372",
            "high": "46.372",
            "low": "46.372",
            "close": "46.1743"
        },
        {
            "time": "09.07.2021 20:47",
            "open": "46.1743",
            "high": "46.1743",
            "low": "46.1743",
            "close": "46.1712"
        },
        {
            "time": "09.07.2021 21:08",
            "open": "46.1712",
            "high": "46.1712",
            "low": "46.1712",
            "close": "46.1558"
        },
        {
            "time": "09.07.2021 21:09",
            "open": "46.1558",
            "high": "46.1558",
            "low": "46.1558",
            "close": "46.1777"
        },
        {
            "time": "09.07.2021 21:16",
            "open": "46.1777",
            "high": "46.1777",
            "low": "46.1777",
            "close": "46.1262"
        },
        {
            "time": "09.07.2021 21:27",
            "open": "46.1262",
            "high": "46.1262",
            "low": "46.1262",
            "close": "46.1634"
        },
        {
            "time": "09.07.2021 21:41",
            "open": "46.1634",
            "high": "46.167",
            "low": "46.1634",
            "close": "46.1144"
        },
        {
            "time": "09.07.2021 21:45",
            "open": "46.1144",
            "high": "46.1144",
            "low": "46.1144",
            "close": "46.1569"
        },
        {
            "time": "09.07.2021 22:24",
            "open": "46.1569",
            "high": "46.1569",
            "low": "46.1569",
            "close": "46.0948"
        },
        {
            "time": "09.07.2021 22:28",
            "open": "46.0948",
            "high": "46.0948",
            "low": "46.0948",
            "close": "46.2059"
        },
        {
            "time": "09.07.2021 22:40",
            "open": "46.2059",
            "high": "46.2059",
            "low": "46.2059",
            "close": "46.2005"
        },
        {
            "time": "09.07.2021 22:41",
            "open": "46.2005",
            "high": "46.2118",
            "low": "46.2005",
            "close": "46.2479"
        },
        {
            "time": "09.07.2021 22:57",
            "open": "46.2479",
            "high": "46.2479",
            "low": "46.2479",
            "close": "46.2252"
        },
        {
            "time": "09.07.2021 23:01",
            "open": "46.2252",
            "high": "46.2252",
            "low": "46.2252",
            "close": "46.2712"
        },
        {
            "time": "09.07.2021 23:06",
            "open": "46.2712",
            "high": "46.2963",
            "low": "46.2712",
            "close": "46.2618"
        },
        {
            "time": "09.07.2021 23:12",
            "open": "46.2618",
            "high": "46.2741",
            "low": "46.2618",
            "close": "46.2252"
        },
        {
            "time": "09.07.2021 23:17",
            "open": "46.2252",
            "high": "46.2252",
            "low": "46.2252",
            "close": "46.1598"
        },
        {
            "time": "09.07.2021 23:19",
            "open": "46.1598",
            "high": "46.1598",
            "low": "46.1598",
            "close": "46.0722"
        },
        {
            "time": "09.07.2021 23:22",
            "open": "46.0722",
            "high": "46.0722",
            "low": "46.0646",
            "close": "46.3361"
        },
        {
            "time": "09.07.2021 23:35",
            "open": "46.3361",
            "high": "46.3361",
            "low": "46.3361",
            "close": "46.3885"
        },
        {
            "time": "09.07.2021 23:36",
            "open": "46.3885",
            "high": "46.6264",
            "low": "46.3885",
            "close": "46.5067"
        },
        {
            "time": "09.07.2021 23:37",
            "open": "46.5067",
            "high": "46.5854",
            "low": "46.5067",
            "close": "46.5859"
        },
        {
            "time": "09.07.2021 23:38",
            "open": "46.5859",
            "high": "46.5859",
            "low": "46.5859",
            "close": "46.6608"
        },
        {
            "time": "09.07.2021 23:41",
            "open": "46.6608",
            "high": "46.6608",
            "low": "46.6608",
            "close": "46.7081"
        },
        {
            "time": "09.07.2021 23:43",
            "open": "46.7081",
            "high": "46.7081",
            "low": "46.708",
            "close": "46.7331"
        },
        {
            "time": "09.07.2021 23:44",
            "open": "46.7331",
            "high": "46.7331",
            "low": "46.7276",
            "close": "46.4954"
        },
        {
            "time": "09.07.2021 23:53",
            "open": "46.4954",
            "high": "46.5035",
            "low": "46.4954",
            "close": "46.5318"
        },
        {
            "time": "09.07.2021 23:54",
            "open": "46.5318",
            "high": "46.5318",
            "low": "46.5318",
            "close": "46.4929"
        }
    ]
}