{
    "FIL-EUR": [
        {
            "time": "11.07.2021 23:48",
            "open": "46.9661",
            "high": "46.9778",
            "low": "46.9661",
            "close": "46.9463"
        },
        {
            "time": "12.07.2021 00:00",
            "open": "46.9463",
            "high": "46.9463",
            "low": "46.9463",
            "close": "46.8505"
        },
        {
            "time": "12.07.2021 00:08",
            "open": "46.8505",
            "high": "46.8741",
            "low": "46.8505",
            "close": "46.838"
        },
        {
            "time": "12.07.2021 00:10",
            "open": "46.838",
            "high": "46.838",
            "low": "46.838",
            "close": "46.7779"
        },
        {
            "time": "12.07.2021 00:15",
            "open": "46.7779",
            "high": "46.7779",
            "low": "46.7779",
            "close": "46.65"
        },
        {
            "time": "12.07.2021 00:27",
            "open": "46.65",
            "high": "46.65",
            "low": "46.65",
            "close": "46.6"
        },
        {
            "time": "12.07.2021 00:34",
            "open": "46.6",
            "high": "46.6",
            "low": "46.6",
            "close": "46.55"
        },
        {
            "time": "12.07.2021 00:35",
            "open": "46.55",
            "high": "46.55",
            "low": "46.55",
            "close": "46.5"
        },
        {
            "time": "12.07.2021 00:37",
            "open": "46.5",
            "high": "46.5",
            "low": "46.5",
            "close": "46.5128"
        },
        {
            "time": "12.07.2021 00:42",
            "open": "46.5128",
            "high": "46.5128",
            "low": "46.5128",
            "close": "46.5"
        },
        {
            "time": "12.07.2021 00:46",
            "open": "46.5",
            "high": "46.5",
            "low": "46.5",
            "close": "46.4634"
        },
        {
            "time": "12.07.2021 00:55",
            "open": "46.4634",
            "high": "46.4634",
            "low": "46.4634",
            "close": "46.45"
        },
        {
            "time": "12.07.2021 01:11",
            "open": "46.45",
            "high": "46.45",
            "low": "46.45",
            "close": "46.4"
        },
        {
            "time": "12.07.2021 01:12",
            "open": "46.4",
            "high": "46.4",
            "low": "46.4",
            "close": "46.4707"
        },
        {
            "time": "12.07.2021 01:21",
            "open": "46.4707",
            "high": "46.4707",
            "low": "46.4707",
            "close": "46.4206"
        },
        {
            "time": "12.07.2021 01:22",
            "open": "46.4206",
            "high": "46.4206",
            "low": "46.4206",
            "close": "46.4206"
        },
        {
            "time": "12.07.2021 01:32",
            "open": "46.4206",
            "high": "46.4206",
            "low": "46.4206",
            "close": "46.4679"
        },
        {
            "time": "12.07.2021 01:33",
            "open": "46.4679",
            "high": "46.4679",
            "low": "46.4679",
            "close": "46.4679"
        },
        {
            "time": "12.07.2021 01:35",
            "open": "46.4679",
            "high": "46.4679",
            "low": "46.4679",
            "close": "46.4546"
        },
        {
            "time": "12.07.2021 01:40",
            "open": "46.4546",
            "high": "46.4546",
            "low": "46.4546",
            "close": "46.4568"
        },
        {
            "time": "12.07.2021 01:42",
            "open": "46.4568",
            "high": "46.4568",
            "low": "46.4567",
            "close": "46.4508"
        },
        {
            "time": "12.07.2021 01:47",
            "open": "46.4508",
            "high": "46.4508",
            "low": "46.4428",
            "close": "46.35"
        },
        {
            "time": "12.07.2021 02:02",
            "open": "46.35",
            "high": "46.35",
            "low": "46.35",
            "close": "46.4428"
        },
        {
            "time": "12.07.2021 02:04",
            "open": "46.4428",
            "high": "46.4428",
            "low": "46.4428",
            "close": "46.35"
        },
        {
            "time": "12.07.2021 02:06",
            "open": "46.35",
            "high": "46.35",
            "low": "46.3362",
            "close": "46.3"
        },
        {
            "time": "12.07.2021 02:10",
            "open": "46.3",
            "high": "46.3",
            "low": "46.25",
            "close": "46.2453"
        },
        {
            "time": "12.07.2021 02:11",
            "open": "46.2453",
            "high": "46.2476",
            "low": "46.2453",
            "close": "46.2"
        },
        {
            "time": "12.07.2021 02:15",
            "open": "46.2",
            "high": "46.2",
            "low": "46.1944",
            "close": "46.4127"
        },
        {
            "time": "12.07.2021 02:43",
            "open": "46.4127",
            "high": "46.4127",
            "low": "46.4127",
            "close": "46.2629"
        },
        {
            "time": "12.07.2021 03:02",
            "open": "46.2629",
            "high": "46.2629",
            "low": "46.242",
            "close": "46.2084"
        },
        {
            "time": "12.07.2021 03:04",
            "open": "46.2084",
            "high": "46.2084",
            "low": "46.1639",
            "close": "46.2113"
        },
        {
            "time": "12.07.2021 03:06",
            "open": "46.2113",
            "high": "46.2113",
            "low": "46.2113",
            "close": "46.1987"
        },
        {
            "time": "12.07.2021 03:07",
            "open": "46.1987",
            "high": "46.1987",
            "low": "46.15",
            "close": "46.15"
        },
        {
            "time": "12.07.2021 03:09",
            "open": "46.15",
            "high": "46.15",
            "low": "46.1",
            "close": "46.1532"
        },
        {
            "time": "12.07.2021 03:15",
            "open": "46.1532",
            "high": "46.1535",
            "low": "46.1532",
            "close": "46.0679"
        },
        {
            "time": "12.07.2021 03:20",
            "open": "46.0679",
            "high": "46.0679",
            "low": "46.0679",
            "close": "46.1132"
        },
        {
            "time": "12.07.2021 03:39",
            "open": "46.1132",
            "high": "46.1132",
            "low": "46.1132",
            "close": "46.251"
        },
        {
            "time": "12.07.2021 04:16",
            "open": "46.251",
            "high": "46.251",
            "low": "46.251",
            "close": "46.389"
        },
        {
            "time": "12.07.2021 04:27",
            "open": "46.389",
            "high": "46.389",
            "low": "46.389",
            "close": "46.3573"
        },
        {
            "time": "12.07.2021 04:44",
            "open": "46.3573",
            "high": "46.3573",
            "low": "46.3573",
            "close": "46.4"
        },
        {
            "time": "12.07.2021 04:58",
            "open": "46.4",
            "high": "46.4",
            "low": "46.4",
            "close": "46.45"
        },
        {
            "time": "12.07.2021 05:05",
            "open": "46.45",
            "high": "46.49",
            "low": "46.45",
            "close": "46.5"
        },
        {
            "time": "12.07.2021 05:13",
            "open": "46.5",
            "high": "46.5462",
            "low": "46.5",
            "close": "46.55"
        },
        {
            "time": "12.07.2021 05:14",
            "open": "46.55",
            "high": "46.7",
            "low": "46.55",
            "close": "46.6285"
        },
        {
            "time": "12.07.2021 05:17",
            "open": "46.6285",
            "high": "46.6356",
            "low": "46.6285",
            "close": "46.6744"
        },
        {
            "time": "12.07.2021 05:27",
            "open": "46.6744",
            "high": "46.6801",
            "low": "46.6744",
            "close": "46.6703"
        },
        {
            "time": "12.07.2021 05:28",
            "open": "46.6703",
            "high": "46.6704",
            "low": "46.6703",
            "close": "46.5611"
        },
        {
            "time": "12.07.2021 05:32",
            "open": "46.5611",
            "high": "46.5611",
            "low": "46.5342",
            "close": "46.5811"
        },
        {
            "time": "12.07.2021 05:36",
            "open": "46.5811",
            "high": "46.5811",
            "low": "46.5811",
            "close": "46.5948"
        },
        {
            "time": "12.07.2021 05:52",
            "open": "46.5948",
            "high": "46.5948",
            "low": "46.5948",
            "close": "46.5524"
        },
        {
            "time": "12.07.2021 05:53",
            "open": "46.5524",
            "high": "46.5524",
            "low": "46.5419",
            "close": "46.5844"
        },
        {
            "time": "12.07.2021 06:27",
            "open": "46.5844",
            "high": "46.5844",
            "low": "46.5844",
            "close": "46.4386"
        },
        {
            "time": "12.07.2021 06:40",
            "open": "46.4386",
            "high": "46.4386",
            "low": "46.3815",
            "close": "46.4754"
        },
        {
            "time": "12.07.2021 06:57",
            "open": "46.4754",
            "high": "46.481",
            "low": "46.4754",
            "close": "46.35"
        },
        {
            "time": "12.07.2021 07:06",
            "open": "46.35",
            "high": "46.35",
            "low": "46.35",
            "close": "46.3"
        },
        {
            "time": "12.07.2021 07:09",
            "open": "46.3",
            "high": "46.3",
            "low": "46.3",
            "close": "46.5"
        },
        {
            "time": "12.07.2021 08:25",
            "open": "46.5",
            "high": "46.5",
            "low": "46.5",
            "close": "46.6"
        },
        {
            "time": "12.07.2021 08:28",
            "open": "46.6",
            "high": "46.6",
            "low": "46.6",
            "close": "46.65"
        },
        {
            "time": "12.07.2021 08:42",
            "open": "46.65",
            "high": "46.7",
            "low": "46.65",
            "close": "46.6882"
        },
        {
            "time": "12.07.2021 08:50",
            "open": "46.6882",
            "high": "46.6882",
            "low": "46.6882",
            "close": "46.69"
        },
        {
            "time": "12.07.2021 09:05",
            "open": "46.69",
            "high": "46.69",
            "low": "46.69",
            "close": "46.6464"
        },
        {
            "time": "12.07.2021 09:09",
            "open": "46.6464",
            "high": "46.6464",
            "low": "46.6464",
            "close": "46.6815"
        },
        {
            "time": "12.07.2021 09:11",
            "open": "46.6815",
            "high": "46.6815",
            "low": "46.6815",
            "close": "46.6984"
        },
        {
            "time": "12.07.2021 09:13",
            "open": "46.6984",
            "high": "46.6984",
            "low": "46.6984",
            "close": "46.7001"
        },
        {
            "time": "12.07.2021 09:14",
            "open": "46.7001",
            "high": "46.7001",
            "low": "46.7001",
            "close": "46.62"
        },
        {
            "time": "12.07.2021 09:30",
            "open": "46.62",
            "high": "46.62",
            "low": "46.62",
            "close": "46.4675"
        },
        {
            "time": "12.07.2021 09:47",
            "open": "46.4675",
            "high": "46.4675",
            "low": "46.4675",
            "close": "46.4385"
        },
        {
            "time": "12.07.2021 10:05",
            "open": "46.4385",
            "high": "46.4385",
            "low": "46.4385",
            "close": "46.4627"
        },
        {
            "time": "12.07.2021 10:06",
            "open": "46.4627",
            "high": "46.4627",
            "low": "46.4627",
            "close": "46.5232"
        },
        {
            "time": "12.07.2021 10:16",
            "open": "46.5232",
            "high": "46.5232",
            "low": "46.5232",
            "close": "46.6124"
        },
        {
            "time": "12.07.2021 10:18",
            "open": "46.6124",
            "high": "46.6124",
            "low": "46.6124",
            "close": "46.5575"
        },
        {
            "time": "12.07.2021 10:20",
            "open": "46.5575",
            "high": "46.5575",
            "low": "46.5575",
            "close": "46.4897"
        },
        {
            "time": "12.07.2021 10:22",
            "open": "46.4897",
            "high": "46.4897",
            "low": "46.4893",
            "close": "46.5208"
        },
        {
            "time": "12.07.2021 10:23",
            "open": "46.5208",
            "high": "46.5208",
            "low": "46.5208",
            "close": "46.4"
        },
        {
            "time": "12.07.2021 10:31",
            "open": "46.4",
            "high": "46.4",
            "low": "46.4",
            "close": "46.4464"
        },
        {
            "time": "12.07.2021 10:34",
            "open": "46.4464",
            "high": "46.4464",
            "low": "46.4464",
            "close": "46.4978"
        },
        {
            "time": "12.07.2021 11:06",
            "open": "46.4978",
            "high": "46.4978",
            "low": "46.4978",
            "close": "46.4855"
        },
        {
            "time": "12.07.2021 11:09",
            "open": "46.4855",
            "high": "46.486",
            "low": "46.4855",
            "close": "46.4837"
        },
        {
            "time": "12.07.2021 11:10",
            "open": "46.4837",
            "high": "46.4837",
            "low": "46.4837",
            "close": "46.35"
        },
        {
            "time": "12.07.2021 11:18",
            "open": "46.35",
            "high": "46.35",
            "low": "46.35",
            "close": "46.35"
        },
        {
            "time": "12.07.2021 11:22",
            "open": "46.35",
            "high": "46.35",
            "low": "46.35",
            "close": "46.3"
        },
        {
            "time": "12.07.2021 11:23",
            "open": "46.3",
            "high": "46.3",
            "low": "46.3",
            "close": "46.3441"
        },
        {
            "time": "12.07.2021 11:42",
            "open": "46.3441",
            "high": "46.3441",
            "low": "46.3441",
            "close": "46.3746"
        },
        {
            "time": "12.07.2021 11:52",
            "open": "46.3746",
            "high": "46.3746",
            "low": "46.3746",
            "close": "46.3379"
        },
        {
            "time": "12.07.2021 11:56",
            "open": "46.3379",
            "high": "46.3379",
            "low": "46.3379",
            "close": "46.2772"
        },
        {
            "time": "12.07.2021 11:58",
            "open": "46.2772",
            "high": "46.2772",
            "low": "46.2772",
            "close": "46.25"
        },
        {
            "time": "12.07.2021 12:00",
            "open": "46.25",
            "high": "46.25",
            "low": "46.2",
            "close": "46.15"
        },
        {
            "time": "12.07.2021 12:01",
            "open": "46.15",
            "high": "46.15",
            "low": "46.15",
            "close": "46.1445"
        },
        {
            "time": "12.07.2021 12:02",
            "open": "46.1445",
            "high": "46.1445",
            "low": "46.1445",
            "close": "46.1023"
        },
        {
            "time": "12.07.2021 12:05",
            "open": "46.1023",
            "high": "46.1023",
            "low": "46.1021",
            "close": "46.1"
        },
        {
            "time": "12.07.2021 12:07",
            "open": "46.1",
            "high": "46.1",
            "low": "46.05",
            "close": "46.0401"
        },
        {
            "time": "12.07.2021 12:10",
            "open": "46.0401",
            "high": "46.0401",
            "low": "46.0401",
            "close": "46"
        },
        {
            "time": "12.07.2021 12:15",
            "open": "46",
            "high": "46",
            "low": "46",
            "close": "45.95"
        },
        {
            "time": "12.07.2021 12:31",
            "open": "45.95",
            "high": "45.95",
            "low": "45.95",
            "close": "45.9839"
        },
        {
            "time": "12.07.2021 12:32",
            "open": "45.9839",
            "high": "45.9839",
            "low": "45.9839",
            "close": "46.0451"
        },
        {
            "time": "12.07.2021 12:33",
            "open": "46.0451",
            "high": "46.0451",
            "low": "46.0164",
            "close": "46.0475"
        },
        {
            "time": "12.07.2021 12:53",
            "open": "46.0475",
            "high": "46.0475",
            "low": "46.0475",
            "close": "46.0668"
        },
        {
            "time": "12.07.2021 12:56",
            "open": "46.0668",
            "high": "46.0668",
            "low": "46.0668",
            "close": "46.0322"
        },
        {
            "time": "12.07.2021 12:57",
            "open": "46.0322",
            "high": "46.0681",
            "low": "46.0322",
            "close": "46.079"
        },
        {
            "time": "12.07.2021 12:59",
            "open": "46.079",
            "high": "46.079",
            "low": "46.079",
            "close": "46.0255"
        },
        {
            "time": "12.07.2021 13:00",
            "open": "46.0255",
            "high": "46.0255",
            "low": "46.0255",
            "close": "46.0499"
        },
        {
            "time": "12.07.2021 13:02",
            "open": "46.0499",
            "high": "46.0499",
            "low": "46.0499",
            "close": "46.0789"
        },
        {
            "time": "12.07.2021 13:07",
            "open": "46.0789",
            "high": "46.0789",
            "low": "46.0619",
            "close": "46.0073"
        },
        {
            "time": "12.07.2021 13:09",
            "open": "46.0073",
            "high": "46.0075",
            "low": "46.0073",
            "close": "45.9497"
        },
        {
            "time": "12.07.2021 13:14",
            "open": "45.9497",
            "high": "45.9497",
            "low": "45.9497",
            "close": "46.0445"
        },
        {
            "time": "12.07.2021 13:17",
            "open": "46.0445",
            "high": "46.0445",
            "low": "46.0445",
            "close": "46.0931"
        },
        {
            "time": "12.07.2021 13:23",
            "open": "46.0931",
            "high": "46.0931",
            "low": "46.0565",
            "close": "46.0578"
        },
        {
            "time": "12.07.2021 13:31",
            "open": "46.0578",
            "high": "46.0578",
            "low": "46.0578",
            "close": "45.9"
        },
        {
            "time": "12.07.2021 13:59",
            "open": "45.9",
            "high": "45.9",
            "low": "45.9",
            "close": "45.9"
        },
        {
            "time": "12.07.2021 14:00",
            "open": "45.9",
            "high": "45.9",
            "low": "45.9",
            "close": "45.9315"
        },
        {
            "time": "12.07.2021 14:15",
            "open": "45.9315",
            "high": "45.9315",
            "low": "45.9315",
            "close": "45.8776"
        },
        {
            "time": "12.07.2021 14:26",
            "open": "45.8776",
            "high": "45.8776",
            "low": "45.85",
            "close": "45.8"
        },
        {
            "time": "12.07.2021 14:27",
            "open": "45.8",
            "high": "45.8",
            "low": "45.7774",
            "close": "45.7576"
        },
        {
            "time": "12.07.2021 14:31",
            "open": "45.7576",
            "high": "45.7576",
            "low": "45.7576",
            "close": "45.7645"
        },
        {
            "time": "12.07.2021 14:32",
            "open": "45.7645",
            "high": "45.766",
            "low": "45.7645",
            "close": "45.8918"
        },
        {
            "time": "12.07.2021 14:47",
            "open": "45.8918",
            "high": "45.8918",
            "low": "45.8918",
            "close": "45.9077"
        },
        {
            "time": "12.07.2021 14:49",
            "open": "45.9077",
            "high": "45.908",
            "low": "45.9077",
            "close": "45.9051"
        },
        {
            "time": "12.07.2021 15:07",
            "open": "45.9051",
            "high": "45.9051",
            "low": "45.8988",
            "close": "45.8487"
        },
        {
            "time": "12.07.2021 15:12",
            "open": "45.8487",
            "high": "45.8487",
            "low": "45.8487",
            "close": "45.8154"
        },
        {
            "time": "12.07.2021 15:19",
            "open": "45.8154",
            "high": "45.8154",
            "low": "45.7958",
            "close": "45.7822"
        },
        {
            "time": "12.07.2021 15:20",
            "open": "45.7822",
            "high": "45.7822",
            "low": "45.7822",
            "close": "45.7542"
        },
        {
            "time": "12.07.2021 15:22",
            "open": "45.7542",
            "high": "45.7542",
            "low": "45.7542",
            "close": "45.9231"
        },
        {
            "time": "12.07.2021 15:35",
            "open": "45.9231",
            "high": "45.9231",
            "low": "45.9231",
            "close": "45.9295"
        },
        {
            "time": "12.07.2021 15:40",
            "open": "45.9295",
            "high": "45.9295",
            "low": "45.9295",
            "close": "45.8345"
        },
        {
            "time": "12.07.2021 15:42",
            "open": "45.8345",
            "high": "45.8345",
            "low": "45.8345",
            "close": "45.8498"
        },
        {
            "time": "12.07.2021 15:47",
            "open": "45.8498",
            "high": "45.8498",
            "low": "45.8498",
            "close": "45.8595"
        },
        {
            "time": "12.07.2021 15:53",
            "open": "45.8595",
            "high": "45.8595",
            "low": "45.8322",
            "close": "45.8817"
        },
        {
            "time": "12.07.2021 15:54",
            "open": "45.8817",
            "high": "45.8817",
            "low": "45.8817",
            "close": "45.8094"
        },
        {
            "time": "12.07.2021 16:05",
            "open": "45.8094",
            "high": "45.8094",
            "low": "45.8062",
            "close": "45.8501"
        },
        {
            "time": "12.07.2021 16:06",
            "open": "45.8501",
            "high": "45.8501",
            "low": "45.8501",
            "close": "45.762"
        },
        {
            "time": "12.07.2021 16:16",
            "open": "45.762",
            "high": "45.762",
            "low": "45.762",
            "close": "45.7758"
        },
        {
            "time": "12.07.2021 16:19",
            "open": "45.7758",
            "high": "45.7758",
            "low": "45.7758",
            "close": "45.7878"
        },
        {
            "time": "12.07.2021 16:21",
            "open": "45.7878",
            "high": "45.7878",
            "low": "45.7878",
            "close": "45.794"
        },
        {
            "time": "12.07.2021 16:22",
            "open": "45.794",
            "high": "45.794",
            "low": "45.7913",
            "close": "45.8915"
        },
        {
            "time": "12.07.2021 16:45",
            "open": "45.8915",
            "high": "45.8917",
            "low": "45.8816",
            "close": "45.9031"
        },
        {
            "time": "12.07.2021 16:46",
            "open": "45.9031",
            "high": "45.9031",
            "low": "45.9031",
            "close": "45.7672"
        },
        {
            "time": "12.07.2021 16:56",
            "open": "45.7672",
            "high": "45.7672",
            "low": "45.7672",
            "close": "45.7995"
        },
        {
            "time": "12.07.2021 16:58",
            "open": "45.7995",
            "high": "45.7995",
            "low": "45.7995",
            "close": "45.8"
        },
        {
            "time": "12.07.2021 17:14",
            "open": "45.8",
            "high": "45.8",
            "low": "45.8",
            "close": "45.8204"
        },
        {
            "time": "12.07.2021 17:23",
            "open": "45.8204",
            "high": "45.8249",
            "low": "45.8204",
            "close": "45.7786"
        },
        {
            "time": "12.07.2021 17:26",
            "open": "45.7786",
            "high": "45.7786",
            "low": "45.7786",
            "close": "45.8917"
        },
        {
            "time": "12.07.2021 17:33",
            "open": "45.8917",
            "high": "45.8917",
            "low": "45.8917",
            "close": "45.8436"
        },
        {
            "time": "12.07.2021 17:37",
            "open": "45.8436",
            "high": "45.8436",
            "low": "45.8436",
            "close": "45.8236"
        },
        {
            "time": "12.07.2021 17:38",
            "open": "45.8236",
            "high": "45.8236",
            "low": "45.8236",
            "close": "45.7251"
        },
        {
            "time": "12.07.2021 17:45",
            "open": "45.7251",
            "high": "45.7251",
            "low": "45.7251",
            "close": "45.7368"
        },
        {
            "time": "12.07.2021 17:46",
            "open": "45.7368",
            "high": "45.7368",
            "low": "45.7368",
            "close": "45.714"
        },
        {
            "time": "12.07.2021 17:55",
            "open": "45.714",
            "high": "45.714",
            "low": "45.714",
            "close": "45.641"
        },
        {
            "time": "12.07.2021 18:00",
            "open": "45.641",
            "high": "45.641",
            "low": "45.641",
            "close": "45.6607"
        },
        {
            "time": "12.07.2021 18:01",
            "open": "45.6607",
            "high": "45.6607",
            "low": "45.6607",
            "close": "45.8356"
        },
        {
            "time": "12.07.2021 18:02",
            "open": "45.8356",
            "high": "45.8356",
            "low": "45.8356",
            "close": "45.5746"
        },
        {
            "time": "12.07.2021 18:10",
            "open": "45.5746",
            "high": "45.5746",
            "low": "45.4855",
            "close": "45.5829"
        },
        {
            "time": "12.07.2021 18:11",
            "open": "45.5829",
            "high": "45.5829",
            "low": "45.5829",
            "close": "45.1929"
        },
        {
            "time": "12.07.2021 18:18",
            "open": "45.1929",
            "high": "45.1929",
            "low": "45.1929",
            "close": "45.2734"
        },
        {
            "time": "12.07.2021 18:43",
            "open": "45.2734",
            "high": "45.2734",
            "low": "45.2734",
            "close": "45.1"
        },
        {
            "time": "12.07.2021 18:46",
            "open": "45.1",
            "high": "45.1",
            "low": "45.1",
            "close": "45.1769"
        },
        {
            "time": "12.07.2021 18:49",
            "open": "45.1769",
            "high": "45.225",
            "low": "45.1769",
            "close": "45.2766"
        },
        {
            "time": "12.07.2021 18:53",
            "open": "45.2766",
            "high": "45.2766",
            "low": "45.2766",
            "close": "45.25"
        },
        {
            "time": "12.07.2021 18:54",
            "open": "45.25",
            "high": "45.3",
            "low": "45.25",
            "close": "45.281"
        },
        {
            "time": "12.07.2021 18:58",
            "open": "45.281",
            "high": "45.281",
            "low": "45.281",
            "close": "45.1335"
        },
        {
            "time": "12.07.2021 19:19",
            "open": "45.1335",
            "high": "45.1335",
            "low": "45.1335",
            "close": "45.2126"
        },
        {
            "time": "12.07.2021 19:26",
            "open": "45.2126",
            "high": "45.2126",
            "low": "45.2126",
            "close": "45.2964"
        },
        {
            "time": "12.07.2021 19:29",
            "open": "45.2964",
            "high": "45.3258",
            "low": "45.2964",
            "close": "45.1017"
        },
        {
            "time": "12.07.2021 19:36",
            "open": "45.1017",
            "high": "45.1017",
            "low": "45.1017",
            "close": "45.1386"
        },
        {
            "time": "12.07.2021 19:37",
            "open": "45.1386",
            "high": "45.1386",
            "low": "45.1386",
            "close": "45.0988"
        },
        {
            "time": "12.07.2021 19:58",
            "open": "45.0988",
            "high": "45.0988",
            "low": "45.0988",
            "close": "45"
        },
        {
            "time": "12.07.2021 20:00",
            "open": "45",
            "high": "45",
            "low": "44.95",
            "close": "45"
        },
        {
            "time": "12.07.2021 20:01",
            "open": "45",
            "high": "45",
            "low": "45",
            "close": "45.05"
        },
        {
            "time": "12.07.2021 20:03",
            "open": "45.05",
            "high": "45.05",
            "low": "45.05",
            "close": "44.9144"
        },
        {
            "time": "12.07.2021 20:16",
            "open": "44.9144",
            "high": "44.9144",
            "low": "44.9144",
            "close": "44.94"
        },
        {
            "time": "12.07.2021 20:23",
            "open": "44.94",
            "high": "44.94",
            "low": "44.94",
            "close": "44.9186"
        },
        {
            "time": "12.07.2021 20:47",
            "open": "44.9186",
            "high": "44.9186",
            "low": "44.9186",
            "close": "44.9366"
        },
        {
            "time": "12.07.2021 20:49",
            "open": "44.9366",
            "high": "44.9366",
            "low": "44.9366",
            "close": "44.8551"
        },
        {
            "time": "12.07.2021 20:55",
            "open": "44.8551",
            "high": "44.8551",
            "low": "44.8551",
            "close": "44.7692"
        },
        {
            "time": "12.07.2021 20:56",
            "open": "44.7692",
            "high": "44.7692",
            "low": "44.7374",
            "close": "44.7716"
        },
        {
            "time": "12.07.2021 20:57",
            "open": "44.7716",
            "high": "44.7716",
            "low": "44.7716",
            "close": "44.7768"
        },
        {
            "time": "12.07.2021 20:58",
            "open": "44.7768",
            "high": "44.7768",
            "low": "44.7768",
            "close": "44.8039"
        },
        {
            "time": "12.07.2021 21:00",
            "open": "44.8039",
            "high": "44.8039",
            "low": "44.8039",
            "close": "44.9"
        },
        {
            "time": "12.07.2021 21:01",
            "open": "44.9",
            "high": "44.9",
            "low": "44.9",
            "close": "44.937"
        },
        {
            "time": "12.07.2021 21:04",
            "open": "44.937",
            "high": "44.937",
            "low": "44.937",
            "close": "45.05"
        },
        {
            "time": "12.07.2021 21:08",
            "open": "45.05",
            "high": "45.05",
            "low": "45.05",
            "close": "45.0923"
        },
        {
            "time": "12.07.2021 21:10",
            "open": "45.0923",
            "high": "45.0923",
            "low": "45.0923",
            "close": "44.9758"
        },
        {
            "time": "12.07.2021 21:14",
            "open": "44.9758",
            "high": "44.9758",
            "low": "44.9758",
            "close": "44.844"
        },
        {
            "time": "12.07.2021 21:20",
            "open": "44.844",
            "high": "44.844",
            "low": "44.844",
            "close": "44.75"
        },
        {
            "time": "12.07.2021 21:23",
            "open": "44.75",
            "high": "44.75",
            "low": "44.75",
            "close": "44.7418"
        },
        {
            "time": "12.07.2021 21:24",
            "open": "44.7418",
            "high": "44.7418",
            "low": "44.7418",
            "close": "44.7"
        },
        {
            "time": "12.07.2021 21:30",
            "open": "44.7",
            "high": "44.7",
            "low": "44.6756",
            "close": "44.7398"
        },
        {
            "time": "12.07.2021 21:31",
            "open": "44.7398",
            "high": "44.7398",
            "low": "44.7398",
            "close": "44.7"
        },
        {
            "time": "12.07.2021 21:32",
            "open": "44.7",
            "high": "44.7",
            "low": "44.7",
            "close": "44.6246"
        },
        {
            "time": "12.07.2021 21:33",
            "open": "44.6246",
            "high": "44.6246",
            "low": "44.6229",
            "close": "44.6526"
        },
        {
            "time": "12.07.2021 21:34",
            "open": "44.6526",
            "high": "44.6526",
            "low": "44.6526",
            "close": "44.6319"
        },
        {
            "time": "12.07.2021 21:44",
            "open": "44.6319",
            "high": "44.6319",
            "low": "44.6319",
            "close": "44.673"
        },
        {
            "time": "12.07.2021 21:58",
            "open": "44.673",
            "high": "44.673",
            "low": "44.673",
            "close": "44.6472"
        },
        {
            "time": "12.07.2021 22:00",
            "open": "44.6472",
            "high": "44.6474",
            "low": "44.6472",
            "close": "44.5"
        },
        {
            "time": "12.07.2021 22:03",
            "open": "44.5",
            "high": "44.5",
            "low": "44.4607",
            "close": "44.4"
        },
        {
            "time": "12.07.2021 22:04",
            "open": "44.4",
            "high": "44.4",
            "low": "44.4",
            "close": "44.35"
        },
        {
            "time": "12.07.2021 22:06",
            "open": "44.35",
            "high": "44.35",
            "low": "44.35",
            "close": "44.4"
        },
        {
            "time": "12.07.2021 22:09",
            "open": "44.4",
            "high": "44.4",
            "low": "44.4",
            "close": "44.45"
        },
        {
            "time": "12.07.2021 22:11",
            "open": "44.45",
            "high": "44.45",
            "low": "44.45",
            "close": "44.5"
        },
        {
            "time": "12.07.2021 22:12",
            "open": "44.5",
            "high": "44.55",
            "low": "44.5",
            "close": "44.6"
        },
        {
            "time": "12.07.2021 22:14",
            "open": "44.6",
            "high": "44.637",
            "low": "44.6",
            "close": "44.65"
        },
        {
            "time": "12.07.2021 22:16",
            "open": "44.65",
            "high": "44.7",
            "low": "44.65",
            "close": "44.6839"
        },
        {
            "time": "12.07.2021 22:18",
            "open": "44.6839",
            "high": "44.6839",
            "low": "44.6839",
            "close": "44.4607"
        },
        {
            "time": "12.07.2021 22:24",
            "open": "44.4607",
            "high": "44.4607",
            "low": "44.4607",
            "close": "44.4"
        },
        {
            "time": "12.07.2021 22:28",
            "open": "44.4",
            "high": "44.4",
            "low": "44.4",
            "close": "44.4138"
        },
        {
            "time": "12.07.2021 22:40",
            "open": "44.4138",
            "high": "44.4138",
            "low": "44.4138",
            "close": "44.4"
        },
        {
            "time": "12.07.2021 22:41",
            "open": "44.4",
            "high": "44.4",
            "low": "44.2643",
            "close": "44.306"
        },
        {
            "time": "12.07.2021 22:42",
            "open": "44.306",
            "high": "44.3183",
            "low": "44.2927",
            "close": "44.2869"
        },
        {
            "time": "12.07.2021 22:44",
            "open": "44.2869",
            "high": "44.2869",
            "low": "44.2826",
            "close": "44.2826"
        },
        {
            "time": "12.07.2021 22:45",
            "open": "44.2826",
            "high": "44.2826",
            "low": "44.2",
            "close": "44.3004"
        },
        {
            "time": "12.07.2021 22:46",
            "open": "44.3004",
            "high": "44.3004",
            "low": "44.3004",
            "close": "44.3446"
        },
        {
            "time": "12.07.2021 22:49",
            "open": "44.3446",
            "high": "44.3446",
            "low": "44.3446",
            "close": "44.3124"
        },
        {
            "time": "12.07.2021 22:50",
            "open": "44.3124",
            "high": "44.3337",
            "low": "44.3124",
            "close": "44.2926"
        },
        {
            "time": "12.07.2021 22:52",
            "open": "44.2926",
            "high": "44.2927",
            "low": "44.2926",
            "close": "44.2615"
        },
        {
            "time": "12.07.2021 22:55",
            "open": "44.2615",
            "high": "44.2615",
            "low": "44.1",
            "close": "44.1185"
        },
        {
            "time": "12.07.2021 22:56",
            "open": "44.1185",
            "high": "44.1185",
            "low": "44.1185",
            "close": "44.194"
        },
        {
            "time": "12.07.2021 23:03",
            "open": "44.194",
            "high": "44.2107",
            "low": "44.194",
            "close": "44.1519"
        },
        {
            "time": "12.07.2021 23:10",
            "open": "44.1519",
            "high": "44.1519",
            "low": "44.1519",
            "close": "44.2214"
        },
        {
            "time": "12.07.2021 23:14",
            "open": "44.2214",
            "high": "44.2214",
            "low": "44.2214",
            "close": "44.2208"
        },
        {
            "time": "12.07.2021 23:24",
            "open": "44.2208",
            "high": "44.2208",
            "low": "44.2208",
            "close": "44.1672"
        },
        {
            "time": "12.07.2021 23:26",
            "open": "44.1672",
            "high": "44.1672",
            "low": "44.1672",
            "close": "44.1"
        },
        {
            "time": "12.07.2021 23:30",
            "open": "44.1",
            "high": "44.1",
            "low": "44.0917",
            "close": "44.0958"
        },
        {
            "time": "12.07.2021 23:33",
            "open": "44.0958",
            "high": "44.0958",
            "low": "44.0958",
            "close": "44.05"
        },
        {
            "time": "12.07.2021 23:44",
            "open": "44.05",
            "high": "44.05",
            "low": "44.05",
            "close": "44.05"
        },
        {
            "time": "12.07.2021 23:47",
            "open": "44.05",
            "high": "44.1",
            "low": "44.05",
            "close": "44.15"
        },
        {
            "time": "12.07.2021 23:48",
            "open": "44.15",
            "high": "44.2",
            "low": "44.15",
            "close": "44.25"
        },
        {
            "time": "12.07.2021 23:54",
            "open": "44.25",
            "high": "44.25",
            "low": "44.25",
            "close": "44.1525"
        }
    ]
}