{
    "FIL-EUR": [
        {
            "time": "19.08.2021 23:58",
            "open": "59.8967",
            "high": "59.8967",
            "low": "59.8963",
            "close": "59.9385"
        },
        {
            "time": "20.08.2021 00:00",
            "open": "59.9385",
            "high": "59.9385",
            "low": "59.9385",
            "close": "60"
        },
        {
            "time": "20.08.2021 00:01",
            "open": "60",
            "high": "60.091",
            "low": "60",
            "close": "60.1248"
        },
        {
            "time": "20.08.2021 00:02",
            "open": "60.1248",
            "high": "60.1248",
            "low": "60.1248",
            "close": "60.2016"
        },
        {
            "time": "20.08.2021 00:03",
            "open": "60.2016",
            "high": "60.3001",
            "low": "60.1221",
            "close": "60.0188"
        },
        {
            "time": "20.08.2021 00:04",
            "open": "60.0188",
            "high": "60.0188",
            "low": "59.9689",
            "close": "59.8993"
        },
        {
            "time": "20.08.2021 00:05",
            "open": "59.8993",
            "high": "59.8993",
            "low": "59.8993",
            "close": "59.8926"
        },
        {
            "time": "20.08.2021 00:07",
            "open": "59.8926",
            "high": "59.975",
            "low": "59.8926",
            "close": "59.9116"
        },
        {
            "time": "20.08.2021 00:13",
            "open": "59.9116",
            "high": "60.0608",
            "low": "59.9116",
            "close": "59.8197"
        },
        {
            "time": "20.08.2021 00:16",
            "open": "59.8197",
            "high": "59.8197",
            "low": "59.8197",
            "close": "59.8197"
        },
        {
            "time": "20.08.2021 00:17",
            "open": "59.8197",
            "high": "59.8197",
            "low": "59.8197",
            "close": "59.6959"
        },
        {
            "time": "20.08.2021 00:18",
            "open": "59.6959",
            "high": "59.6959",
            "low": "59.6959",
            "close": "59.5963"
        },
        {
            "time": "20.08.2021 00:20",
            "open": "59.5963",
            "high": "59.6222",
            "low": "59.5963",
            "close": "59.7704"
        },
        {
            "time": "20.08.2021 00:21",
            "open": "59.7704",
            "high": "59.7704",
            "low": "59.7704",
            "close": "59.7869"
        },
        {
            "time": "20.08.2021 00:23",
            "open": "59.7869",
            "high": "59.7869",
            "low": "59.7869",
            "close": "59.795"
        },
        {
            "time": "20.08.2021 00:24",
            "open": "59.795",
            "high": "59.795",
            "low": "59.7903",
            "close": "59.6898"
        },
        {
            "time": "20.08.2021 00:32",
            "open": "59.6898",
            "high": "59.6898",
            "low": "59.6795",
            "close": "59.6795"
        },
        {
            "time": "20.08.2021 00:34",
            "open": "59.6795",
            "high": "59.6795",
            "low": "59.6795",
            "close": "59.7776"
        },
        {
            "time": "20.08.2021 00:37",
            "open": "59.7776",
            "high": "59.7776",
            "low": "59.7687",
            "close": "59.7179"
        },
        {
            "time": "20.08.2021 00:38",
            "open": "59.7179",
            "high": "59.7179",
            "low": "59.683",
            "close": "59.5909"
        },
        {
            "time": "20.08.2021 00:44",
            "open": "59.5909",
            "high": "59.5909",
            "low": "59.5909",
            "close": "59.7343"
        },
        {
            "time": "20.08.2021 00:47",
            "open": "59.7343",
            "high": "59.7343",
            "low": "59.7343",
            "close": "59.6101"
        },
        {
            "time": "20.08.2021 00:48",
            "open": "59.6101",
            "high": "59.6101",
            "low": "59.6101",
            "close": "59.6013"
        },
        {
            "time": "20.08.2021 00:49",
            "open": "59.6013",
            "high": "59.6013",
            "low": "59.6013",
            "close": "59.853"
        },
        {
            "time": "20.08.2021 00:55",
            "open": "59.853",
            "high": "59.8749",
            "low": "59.853",
            "close": "60"
        },
        {
            "time": "20.08.2021 00:57",
            "open": "60",
            "high": "60",
            "low": "60",
            "close": "60.1925"
        },
        {
            "time": "20.08.2021 01:00",
            "open": "60.1925",
            "high": "60.1925",
            "low": "60.1925",
            "close": "60.2251"
        },
        {
            "time": "20.08.2021 01:02",
            "open": "60.2251",
            "high": "60.2251",
            "low": "60.2251",
            "close": "60.1661"
        },
        {
            "time": "20.08.2021 01:04",
            "open": "60.1661",
            "high": "60.1661",
            "low": "60.1661",
            "close": "60"
        },
        {
            "time": "20.08.2021 01:06",
            "open": "60",
            "high": "60",
            "low": "60",
            "close": "59.8761"
        },
        {
            "time": "20.08.2021 01:09",
            "open": "59.8761",
            "high": "59.8761",
            "low": "59.8761",
            "close": "60.0291"
        },
        {
            "time": "20.08.2021 01:19",
            "open": "60.0291",
            "high": "60.0291",
            "low": "60.0291",
            "close": "59.9912"
        },
        {
            "time": "20.08.2021 01:23",
            "open": "59.9912",
            "high": "59.9912",
            "low": "59.9912",
            "close": "60.0245"
        },
        {
            "time": "20.08.2021 01:25",
            "open": "60.0245",
            "high": "60.0245",
            "low": "59.9439",
            "close": "60.0407"
        },
        {
            "time": "20.08.2021 01:31",
            "open": "60.0407",
            "high": "60.0407",
            "low": "60.0407",
            "close": "60.2281"
        },
        {
            "time": "20.08.2021 01:40",
            "open": "60.2281",
            "high": "60.2281",
            "low": "60.2281",
            "close": "60.2686"
        },
        {
            "time": "20.08.2021 01:44",
            "open": "60.2686",
            "high": "60.2686",
            "low": "60.2686",
            "close": "60.1883"
        },
        {
            "time": "20.08.2021 01:45",
            "open": "60.1883",
            "high": "60.1883",
            "low": "60.1655",
            "close": "60.2293"
        },
        {
            "time": "20.08.2021 01:46",
            "open": "60.2293",
            "high": "60.2293",
            "low": "60.2293",
            "close": "60.375"
        },
        {
            "time": "20.08.2021 02:00",
            "open": "60.375",
            "high": "60.4247",
            "low": "60.2428",
            "close": "60.1107"
        },
        {
            "time": "20.08.2021 02:02",
            "open": "60.1107",
            "high": "60.1107",
            "low": "60.1107",
            "close": "59.991"
        },
        {
            "time": "20.08.2021 02:08",
            "open": "59.991",
            "high": "59.991",
            "low": "59.991",
            "close": "60.1933"
        },
        {
            "time": "20.08.2021 02:17",
            "open": "60.1933",
            "high": "60.1933",
            "low": "60.187",
            "close": "60.1721"
        },
        {
            "time": "20.08.2021 02:19",
            "open": "60.1721",
            "high": "60.1721",
            "low": "60.1504",
            "close": "60.4047"
        },
        {
            "time": "20.08.2021 02:23",
            "open": "60.4047",
            "high": "60.4047",
            "low": "60.4047",
            "close": "60.2915"
        },
        {
            "time": "20.08.2021 02:25",
            "open": "60.2915",
            "high": "60.4722",
            "low": "60.2915",
            "close": "60.6287"
        },
        {
            "time": "20.08.2021 02:26",
            "open": "60.6287",
            "high": "60.6653",
            "low": "60.6287",
            "close": "60.6653"
        },
        {
            "time": "20.08.2021 02:27",
            "open": "60.6653",
            "high": "60.6653",
            "low": "60.6653",
            "close": "60.7017"
        },
        {
            "time": "20.08.2021 02:28",
            "open": "60.7017",
            "high": "60.7112",
            "low": "60.7017",
            "close": "60.5783"
        },
        {
            "time": "20.08.2021 02:30",
            "open": "60.5783",
            "high": "60.5783",
            "low": "60.5718",
            "close": "60.77"
        },
        {
            "time": "20.08.2021 02:32",
            "open": "60.77",
            "high": "60.77",
            "low": "60.7328",
            "close": "60.737"
        },
        {
            "time": "20.08.2021 02:33",
            "open": "60.737",
            "high": "60.737",
            "low": "60.737",
            "close": "60.6795"
        },
        {
            "time": "20.08.2021 02:35",
            "open": "60.6795",
            "high": "60.6795",
            "low": "60.6366",
            "close": "60.6278"
        },
        {
            "time": "20.08.2021 02:36",
            "open": "60.6278",
            "high": "60.6278",
            "low": "60.6278",
            "close": "60.6838"
        },
        {
            "time": "20.08.2021 02:41",
            "open": "60.6838",
            "high": "60.7186",
            "low": "60.6838",
            "close": "60.9848"
        },
        {
            "time": "20.08.2021 02:43",
            "open": "60.9848",
            "high": "61.027",
            "low": "60.9751",
            "close": "60.9734"
        },
        {
            "time": "20.08.2021 02:44",
            "open": "60.9734",
            "high": "60.9734",
            "low": "60.9303",
            "close": "60.9404"
        },
        {
            "time": "20.08.2021 02:46",
            "open": "60.9404",
            "high": "60.9646",
            "low": "60.9404",
            "close": "60.9646"
        },
        {
            "time": "20.08.2021 02:47",
            "open": "60.9646",
            "high": "60.9646",
            "low": "60.9646",
            "close": "60.7229"
        },
        {
            "time": "20.08.2021 02:53",
            "open": "60.7229",
            "high": "60.7229",
            "low": "60.7229",
            "close": "60.6954"
        },
        {
            "time": "20.08.2021 02:54",
            "open": "60.6954",
            "high": "60.6954",
            "low": "60.6954",
            "close": "60.6759"
        },
        {
            "time": "20.08.2021 02:55",
            "open": "60.6759",
            "high": "60.7199",
            "low": "60.6759",
            "close": "60.7058"
        },
        {
            "time": "20.08.2021 02:56",
            "open": "60.7058",
            "high": "60.7058",
            "low": "60.7058",
            "close": "60.825"
        },
        {
            "time": "20.08.2021 03:00",
            "open": "60.825",
            "high": "60.825",
            "low": "60.825",
            "close": "60.9137"
        },
        {
            "time": "20.08.2021 03:01",
            "open": "60.9137",
            "high": "60.9137",
            "low": "60.9137",
            "close": "60.8669"
        },
        {
            "time": "20.08.2021 03:02",
            "open": "60.8669",
            "high": "60.8669",
            "low": "60.8382",
            "close": "60.6905"
        },
        {
            "time": "20.08.2021 03:03",
            "open": "60.6905",
            "high": "60.6905",
            "low": "60.6905",
            "close": "60.637"
        },
        {
            "time": "20.08.2021 03:05",
            "open": "60.637",
            "high": "60.637",
            "low": "60.6369",
            "close": "60.654"
        },
        {
            "time": "20.08.2021 03:07",
            "open": "60.654",
            "high": "60.654",
            "low": "60.654",
            "close": "60.6212"
        },
        {
            "time": "20.08.2021 03:10",
            "open": "60.6212",
            "high": "60.6212",
            "low": "60.6212",
            "close": "60.5735"
        },
        {
            "time": "20.08.2021 03:11",
            "open": "60.5735",
            "high": "60.5735",
            "low": "60.5735",
            "close": "60.7288"
        },
        {
            "time": "20.08.2021 03:14",
            "open": "60.7288",
            "high": "60.7288",
            "low": "60.6771",
            "close": "60.973"
        },
        {
            "time": "20.08.2021 03:26",
            "open": "60.973",
            "high": "60.973",
            "low": "60.9338",
            "close": "60.8139"
        },
        {
            "time": "20.08.2021 03:27",
            "open": "60.8139",
            "high": "60.8139",
            "low": "60.8139",
            "close": "61.0422"
        },
        {
            "time": "20.08.2021 03:31",
            "open": "61.0422",
            "high": "61.0422",
            "low": "61.0422",
            "close": "61.0554"
        },
        {
            "time": "20.08.2021 03:32",
            "open": "61.0554",
            "high": "61.1938",
            "low": "61.0554",
            "close": "61.1386"
        },
        {
            "time": "20.08.2021 03:33",
            "open": "61.1386",
            "high": "61.1386",
            "low": "61.0777",
            "close": "61.1317"
        },
        {
            "time": "20.08.2021 03:34",
            "open": "61.1317",
            "high": "61.1317",
            "low": "61.1317",
            "close": "61.1142"
        },
        {
            "time": "20.08.2021 03:35",
            "open": "61.1142",
            "high": "61.1143",
            "low": "61.1142",
            "close": "60.9649"
        },
        {
            "time": "20.08.2021 03:37",
            "open": "60.9649",
            "high": "60.9649",
            "low": "60.957",
            "close": "61.1004"
        },
        {
            "time": "20.08.2021 03:38",
            "open": "61.1004",
            "high": "61.1347",
            "low": "61.1004",
            "close": "60.9715"
        },
        {
            "time": "20.08.2021 03:42",
            "open": "60.9715",
            "high": "60.9716",
            "low": "60.9715",
            "close": "60.8677"
        },
        {
            "time": "20.08.2021 03:47",
            "open": "60.8677",
            "high": "60.8677",
            "low": "60.811",
            "close": "61.0024"
        },
        {
            "time": "20.08.2021 03:54",
            "open": "61.0024",
            "high": "61.0043",
            "low": "61.0024",
            "close": "61.0043"
        },
        {
            "time": "20.08.2021 03:56",
            "open": "61.0043",
            "high": "61.0043",
            "low": "61.0043",
            "close": "61.0193"
        },
        {
            "time": "20.08.2021 03:58",
            "open": "61.0193",
            "high": "61.0193",
            "low": "61.0193",
            "close": "60.8465"
        },
        {
            "time": "20.08.2021 04:01",
            "open": "60.8465",
            "high": "60.8465",
            "low": "60.8266",
            "close": "60.6195"
        },
        {
            "time": "20.08.2021 04:02",
            "open": "60.6195",
            "high": "60.6347",
            "low": "60.6195",
            "close": "60.4881"
        },
        {
            "time": "20.08.2021 04:04",
            "open": "60.4881",
            "high": "60.4881",
            "low": "60.4881",
            "close": "60.5076"
        },
        {
            "time": "20.08.2021 04:05",
            "open": "60.5076",
            "high": "60.5076",
            "low": "60.5076",
            "close": "60.5522"
        },
        {
            "time": "20.08.2021 04:10",
            "open": "60.5522",
            "high": "60.5522",
            "low": "60.5522",
            "close": "60.6177"
        },
        {
            "time": "20.08.2021 04:16",
            "open": "60.6177",
            "high": "60.6177",
            "low": "60.6177",
            "close": "60.724"
        },
        {
            "time": "20.08.2021 04:18",
            "open": "60.724",
            "high": "60.724",
            "low": "60.724",
            "close": "60.6967"
        },
        {
            "time": "20.08.2021 04:20",
            "open": "60.6967",
            "high": "60.6967",
            "low": "60.6967",
            "close": "60.9292"
        },
        {
            "time": "20.08.2021 04:30",
            "open": "60.9292",
            "high": "60.9461",
            "low": "60.9292",
            "close": "60.9941"
        },
        {
            "time": "20.08.2021 04:36",
            "open": "60.9941",
            "high": "60.9941",
            "low": "60.9941",
            "close": "61.0209"
        },
        {
            "time": "20.08.2021 04:37",
            "open": "61.0209",
            "high": "61.0209",
            "low": "61.0209",
            "close": "61.0078"
        },
        {
            "time": "20.08.2021 04:39",
            "open": "61.0078",
            "high": "61.0078",
            "low": "61.0078",
            "close": "60.9623"
        },
        {
            "time": "20.08.2021 04:40",
            "open": "60.9623",
            "high": "60.9623",
            "low": "60.9623",
            "close": "61.038"
        },
        {
            "time": "20.08.2021 04:44",
            "open": "61.038",
            "high": "61.0653",
            "low": "61.038",
            "close": "61.0891"
        },
        {
            "time": "20.08.2021 04:48",
            "open": "61.0891",
            "high": "61.0891",
            "low": "61.0891",
            "close": "61.0308"
        },
        {
            "time": "20.08.2021 04:49",
            "open": "61.0308",
            "high": "61.0308",
            "low": "61.0291",
            "close": "60.9216"
        },
        {
            "time": "20.08.2021 04:51",
            "open": "60.9216",
            "high": "60.9216",
            "low": "60.9216",
            "close": "60.9018"
        },
        {
            "time": "20.08.2021 04:56",
            "open": "60.9018",
            "high": "60.9018",
            "low": "60.9018",
            "close": "60.7277"
        },
        {
            "time": "20.08.2021 05:03",
            "open": "60.7277",
            "high": "60.7277",
            "low": "60.7277",
            "close": "60.6617"
        },
        {
            "time": "20.08.2021 05:22",
            "open": "60.6001",
            "high": "60.6001",
            "low": "60.6001",
            "close": "60.7567"
        },
        {
            "time": "20.08.2021 05:41",
            "open": "60.7567",
            "high": "60.7567",
            "low": "60.7567",
            "close": "60.8174"
        },
        {
            "time": "20.08.2021 05:48",
            "open": "60.8174",
            "high": "60.8304",
            "low": "60.8174",
            "close": "60.8185"
        },
        {
            "time": "20.08.2021 05:50",
            "open": "60.8185",
            "high": "60.8185",
            "low": "60.8185",
            "close": "60.7801"
        },
        {
            "time": "20.08.2021 05:52",
            "open": "60.7801",
            "high": "60.7801",
            "low": "60.78",
            "close": "60.7051"
        },
        {
            "time": "20.08.2021 05:53",
            "open": "60.7051",
            "high": "60.7051",
            "low": "60.7051",
            "close": "60.6647"
        },
        {
            "time": "20.08.2021 05:55",
            "open": "60.6647",
            "high": "60.6647",
            "low": "60.6647",
            "close": "60.8823"
        },
        {
            "time": "20.08.2021 06:00",
            "open": "60.8823",
            "high": "60.8824",
            "low": "60.8823",
            "close": "60.8329"
        },
        {
            "time": "20.08.2021 06:01",
            "open": "60.8329",
            "high": "60.8329",
            "low": "60.8329",
            "close": "60.6187"
        },
        {
            "time": "20.08.2021 06:04",
            "open": "60.6187",
            "high": "60.6187",
            "low": "60.6187",
            "close": "60.5305"
        },
        {
            "time": "20.08.2021 06:05",
            "open": "60.5305",
            "high": "60.5305",
            "low": "60.5305",
            "close": "60.6565"
        },
        {
            "time": "20.08.2021 06:14",
            "open": "60.6565",
            "high": "60.6565",
            "low": "60.6565",
            "close": "60.7857"
        },
        {
            "time": "20.08.2021 06:19",
            "open": "60.7857",
            "high": "60.8026",
            "low": "60.7857",
            "close": "60.7249"
        },
        {
            "time": "20.08.2021 06:21",
            "open": "60.7249",
            "high": "60.7249",
            "low": "60.7249",
            "close": "60.7249"
        },
        {
            "time": "20.08.2021 06:25",
            "open": "60.7249",
            "high": "60.7249",
            "low": "60.7249",
            "close": "60.7249"
        },
        {
            "time": "20.08.2021 06:32",
            "open": "60.7249",
            "high": "60.725",
            "low": "60.7249",
            "close": "60.5689"
        },
        {
            "time": "20.08.2021 06:37",
            "open": "60.5689",
            "high": "60.5689",
            "low": "60.52",
            "close": "60.6561"
        },
        {
            "time": "20.08.2021 06:39",
            "open": "60.6561",
            "high": "60.6561",
            "low": "60.6561",
            "close": "60.6527"
        },
        {
            "time": "20.08.2021 06:41",
            "open": "60.6527",
            "high": "60.6986",
            "low": "60.6527",
            "close": "60.67"
        },
        {
            "time": "20.08.2021 06:45",
            "open": "60.67",
            "high": "60.67",
            "low": "60.67",
            "close": "60.7368"
        },
        {
            "time": "20.08.2021 06:49",
            "open": "60.7368",
            "high": "60.7368",
            "low": "60.7368",
            "close": "60.748"
        },
        {
            "time": "20.08.2021 06:50",
            "open": "60.748",
            "high": "60.748",
            "low": "60.748",
            "close": "60.793"
        },
        {
            "time": "20.08.2021 07:00",
            "open": "60.793",
            "high": "60.793",
            "low": "60.793",
            "close": "60.6196"
        },
        {
            "time": "20.08.2021 07:07",
            "open": "60.6196",
            "high": "60.6196",
            "low": "60.6196",
            "close": "60.5267"
        },
        {
            "time": "20.08.2021 07:09",
            "open": "60.5267",
            "high": "60.5267",
            "low": "60.5248",
            "close": "60.4961"
        },
        {
            "time": "20.08.2021 07:10",
            "open": "60.4961",
            "high": "60.4961",
            "low": "60.4961",
            "close": "60.3775"
        },
        {
            "time": "20.08.2021 07:13",
            "open": "60.3775",
            "high": "60.3775",
            "low": "60.3775",
            "close": "60.4345"
        },
        {
            "time": "20.08.2021 07:25",
            "open": "60.4345",
            "high": "60.4345",
            "low": "60.4345",
            "close": "60.4162"
        },
        {
            "time": "20.08.2021 07:26",
            "open": "60.4162",
            "high": "60.4162",
            "low": "60.4162",
            "close": "60.5608"
        },
        {
            "time": "20.08.2021 07:29",
            "open": "60.5608",
            "high": "60.5608",
            "low": "60.5608",
            "close": "60.7108"
        },
        {
            "time": "20.08.2021 07:35",
            "open": "60.7108",
            "high": "60.7108",
            "low": "60.7108",
            "close": "60.6048"
        },
        {
            "time": "20.08.2021 07:38",
            "open": "60.6048",
            "high": "60.6049",
            "low": "60.6048",
            "close": "60.5824"
        },
        {
            "time": "20.08.2021 07:40",
            "open": "60.5824",
            "high": "60.5824",
            "low": "60.5824",
            "close": "60.5824"
        },
        {
            "time": "20.08.2021 07:43",
            "open": "60.5824",
            "high": "60.5824",
            "low": "60.5824",
            "close": "60.5499"
        },
        {
            "time": "20.08.2021 07:44",
            "open": "60.5499",
            "high": "60.5674",
            "low": "60.5499",
            "close": "60.52"
        },
        {
            "time": "20.08.2021 07:47",
            "open": "60.52",
            "high": "60.5242",
            "low": "60.52",
            "close": "60.55"
        },
        {
            "time": "20.08.2021 08:03",
            "open": "60.55",
            "high": "60.55",
            "low": "60.55",
            "close": "60.5242"
        },
        {
            "time": "20.08.2021 08:04",
            "open": "60.5242",
            "high": "60.5242",
            "low": "60.5242",
            "close": "60.6317"
        },
        {
            "time": "20.08.2021 08:05",
            "open": "60.6317",
            "high": "60.6317",
            "low": "60.6317",
            "close": "60.5999"
        },
        {
            "time": "20.08.2021 08:07",
            "open": "60.5999",
            "high": "60.5999",
            "low": "60.5785",
            "close": "60.555"
        },
        {
            "time": "20.08.2021 08:08",
            "open": "60.555",
            "high": "60.555",
            "low": "60.555",
            "close": "60.5602"
        },
        {
            "time": "20.08.2021 08:09",
            "open": "60.5602",
            "high": "60.5602",
            "low": "60.5602",
            "close": "60.5648"
        },
        {
            "time": "20.08.2021 08:17",
            "open": "60.5648",
            "high": "60.5648",
            "low": "60.5648",
            "close": "60.4578"
        },
        {
            "time": "20.08.2021 08:25",
            "open": "60.4578",
            "high": "60.4578",
            "low": "60.4578",
            "close": "60.3785"
        },
        {
            "time": "20.08.2021 08:27",
            "open": "60.3785",
            "high": "60.3785",
            "low": "60.3785",
            "close": "60.3309"
        },
        {
            "time": "20.08.2021 08:28",
            "open": "60.3309",
            "high": "60.3309",
            "low": "60.3309",
            "close": "60.2683"
        },
        {
            "time": "20.08.2021 08:31",
            "open": "60.2683",
            "high": "60.2683",
            "low": "60.2683",
            "close": "60.2004"
        },
        {
            "time": "20.08.2021 08:32",
            "open": "60.2004",
            "high": "60.208",
            "low": "60.1963",
            "close": "60.2003"
        },
        {
            "time": "20.08.2021 08:36",
            "open": "60.2003",
            "high": "60.2003",
            "low": "60.2003",
            "close": "60.1274"
        },
        {
            "time": "20.08.2021 08:37",
            "open": "60.1274",
            "high": "60.1274",
            "low": "60.1274",
            "close": "60.0177"
        },
        {
            "time": "20.08.2021 08:40",
            "open": "60.0177",
            "high": "60.0177",
            "low": "60.0177",
            "close": "60.2163"
        },
        {
            "time": "20.08.2021 08:47",
            "open": "60.2163",
            "high": "60.2402",
            "low": "60.2108",
            "close": "60.2137"
        },
        {
            "time": "20.08.2021 08:49",
            "open": "60.2137",
            "high": "60.2137",
            "low": "60.2136",
            "close": "60.2855"
        },
        {
            "time": "20.08.2021 08:54",
            "open": "60.2855",
            "high": "60.4087",
            "low": "60.2855",
            "close": "60.3816"
        },
        {
            "time": "20.08.2021 08:55",
            "open": "60.3816",
            "high": "60.3816",
            "low": "60.3816",
            "close": "60.4278"
        },
        {
            "time": "20.08.2021 08:56",
            "open": "60.4278",
            "high": "60.4278",
            "low": "60.4278",
            "close": "60.4137"
        },
        {
            "time": "20.08.2021 08:59",
            "open": "60.4137",
            "high": "60.4137",
            "low": "60.4137",
            "close": "60.3442"
        },
        {
            "time": "20.08.2021 09:05",
            "open": "60.3442",
            "high": "60.3442",
            "low": "60.3442",
            "close": "60.3371"
        },
        {
            "time": "20.08.2021 09:09",
            "open": "60.3371",
            "high": "60.3374",
            "low": "60.3371",
            "close": "60.3785"
        },
        {
            "time": "20.08.2021 09:13",
            "open": "60.3785",
            "high": "60.3785",
            "low": "60.3785",
            "close": "60.2866"
        },
        {
            "time": "20.08.2021 09:14",
            "open": "60.2866",
            "high": "60.2866",
            "low": "60.2866",
            "close": "60.2443"
        },
        {
            "time": "20.08.2021 09:15",
            "open": "60.2443",
            "high": "60.2443",
            "low": "60.2443",
            "close": "60.3656"
        },
        {
            "time": "20.08.2021 09:27",
            "open": "60.3656",
            "high": "60.3656",
            "low": "60.3656",
            "close": "60.2636"
        },
        {
            "time": "20.08.2021 09:30",
            "open": "60.2636",
            "high": "60.2636",
            "low": "60.2237",
            "close": "60.0984"
        },
        {
            "time": "20.08.2021 09:32",
            "open": "60.0984",
            "high": "60.0984",
            "low": "60.0549",
            "close": "59.9559"
        },
        {
            "time": "20.08.2021 09:34",
            "open": "59.9559",
            "high": "59.9559",
            "low": "59.909",
            "close": "59.9809"
        },
        {
            "time": "20.08.2021 09:41",
            "open": "59.9809",
            "high": "59.9809",
            "low": "59.9809",
            "close": "60.0376"
        },
        {
            "time": "20.08.2021 09:43",
            "open": "60.0376",
            "high": "60.0376",
            "low": "60.0376",
            "close": "60.0408"
        },
        {
            "time": "20.08.2021 09:46",
            "open": "60.0408",
            "high": "60.0438",
            "low": "60.0408",
            "close": "60.1054"
        },
        {
            "time": "20.08.2021 09:47",
            "open": "60.1054",
            "high": "60.1054",
            "low": "60.0615",
            "close": "60.0552"
        },
        {
            "time": "20.08.2021 09:48",
            "open": "60.0552",
            "high": "60.0555",
            "low": "59.9776",
            "close": "59.9484"
        },
        {
            "time": "20.08.2021 09:49",
            "open": "59.9484",
            "high": "59.9484",
            "low": "59.9484",
            "close": "59.9717"
        },
        {
            "time": "20.08.2021 09:50",
            "open": "59.9717",
            "high": "60",
            "low": "59.9717",
            "close": "59.9258"
        },
        {
            "time": "20.08.2021 09:52",
            "open": "59.9258",
            "high": "60.0458",
            "low": "59.9202",
            "close": "59.9524"
        },
        {
            "time": "20.08.2021 09:53",
            "open": "59.9524",
            "high": "59.9524",
            "low": "59.9202",
            "close": "59.9694"
        },
        {
            "time": "20.08.2021 09:54",
            "open": "59.9694",
            "high": "59.9694",
            "low": "59.9694",
            "close": "60.0316"
        },
        {
            "time": "20.08.2021 10:06",
            "open": "60.0316",
            "high": "60.0316",
            "low": "60.0316",
            "close": "59.9747"
        },
        {
            "time": "20.08.2021 10:07",
            "open": "59.9747",
            "high": "59.9898",
            "low": "59.9567",
            "close": "59.9442"
        },
        {
            "time": "20.08.2021 10:08",
            "open": "59.9442",
            "high": "59.9469",
            "low": "59.9442",
            "close": "59.8395"
        },
        {
            "time": "20.08.2021 10:10",
            "open": "59.8395",
            "high": "59.8395",
            "low": "59.8395",
            "close": "59.8395"
        },
        {
            "time": "20.08.2021 10:12",
            "open": "59.8395",
            "high": "59.8395",
            "low": "59.8395",
            "close": "59.8395"
        },
        {
            "time": "20.08.2021 10:16",
            "open": "59.8395",
            "high": "59.8395",
            "low": "59.8395",
            "close": "59.8638"
        },
        {
            "time": "20.08.2021 10:24",
            "open": "59.8638",
            "high": "59.8638",
            "low": "59.8458",
            "close": "59.8738"
        },
        {
            "time": "20.08.2021 10:25",
            "open": "59.8738",
            "high": "59.8738",
            "low": "59.8738",
            "close": "59.9696"
        },
        {
            "time": "20.08.2021 10:29",
            "open": "59.9696",
            "high": "59.9696",
            "low": "59.9696",
            "close": "59.8912"
        },
        {
            "time": "20.08.2021 10:31",
            "open": "59.8912",
            "high": "59.8912",
            "low": "59.8912",
            "close": "60"
        },
        {
            "time": "20.08.2021 10:32",
            "open": "60",
            "high": "60",
            "low": "60",
            "close": "59.9999"
        },
        {
            "time": "20.08.2021 10:33",
            "open": "59.9999",
            "high": "59.9999",
            "low": "59.9999",
            "close": "59.9586"
        },
        {
            "time": "20.08.2021 10:36",
            "open": "59.9586",
            "high": "59.9678",
            "low": "59.9586",
            "close": "60"
        },
        {
            "time": "20.08.2021 10:38",
            "open": "60",
            "high": "60",
            "low": "60",
            "close": "59.9025"
        },
        {
            "time": "20.08.2021 10:40",
            "open": "59.9025",
            "high": "59.9025",
            "low": "59.9025",
            "close": "59.8632"
        },
        {
            "time": "20.08.2021 10:43",
            "open": "59.8632",
            "high": "59.8632",
            "low": "59.8632",
            "close": "59.8753"
        },
        {
            "time": "20.08.2021 10:46",
            "open": "59.8753",
            "high": "59.8753",
            "low": "59.8753",
            "close": "60.11"
        },
        {
            "time": "20.08.2021 10:52",
            "open": "60.11",
            "high": "60.11",
            "low": "60.11",
            "close": "60.1541"
        },
        {
            "time": "20.08.2021 10:53",
            "open": "60.1541",
            "high": "60.1541",
            "low": "60.1541",
            "close": "60.3"
        },
        {
            "time": "20.08.2021 11:02",
            "open": "60.3",
            "high": "60.3",
            "low": "60.3",
            "close": "60.3603"
        },
        {
            "time": "20.08.2021 11:03",
            "open": "60.3603",
            "high": "60.3739",
            "low": "60.3603",
            "close": "60.3967"
        },
        {
            "time": "20.08.2021 11:05",
            "open": "60.3967",
            "high": "60.3967",
            "low": "60.3967",
            "close": "60.411"
        },
        {
            "time": "20.08.2021 11:06",
            "open": "60.411",
            "high": "60.411",
            "low": "60.411",
            "close": "60.4253"
        },
        {
            "time": "20.08.2021 11:08",
            "open": "60.4253",
            "high": "60.4253",
            "low": "60.4253",
            "close": "60.4253"
        },
        {
            "time": "20.08.2021 11:09",
            "open": "60.4253",
            "high": "60.437",
            "low": "60.402",
            "close": "60.454"
        },
        {
            "time": "20.08.2021 11:10",
            "open": "60.454",
            "high": "60.483",
            "low": "60.43",
            "close": "60.43"
        },
        {
            "time": "20.08.2021 11:11",
            "open": "60.43",
            "high": "60.43",
            "low": "60.3739",
            "close": "60.354"
        },
        {
            "time": "20.08.2021 11:12",
            "open": "60.354",
            "high": "60.395",
            "low": "60.354",
            "close": "60.399"
        },
        {
            "time": "20.08.2021 11:13",
            "open": "60.399",
            "high": "60.399",
            "low": "60.397",
            "close": "60.384"
        },
        {
            "time": "20.08.2021 11:14",
            "open": "60.384",
            "high": "60.384",
            "low": "60.384",
            "close": "60.356"
        },
        {
            "time": "20.08.2021 11:15",
            "open": "60.356",
            "high": "60.356",
            "low": "60.356",
            "close": "60.24"
        },
        {
            "time": "20.08.2021 11:18",
            "open": "60.24",
            "high": "60.24",
            "low": "60.24",
            "close": "60.3048"
        },
        {
            "time": "20.08.2021 11:21",
            "open": "60.3048",
            "high": "60.3157",
            "low": "60.3048",
            "close": "60.3974"
        },
        {
            "time": "20.08.2021 11:27",
            "open": "60.3513",
            "high": "60.3513",
            "low": "60.3513",
            "close": "60.3264"
        },
        {
            "time": "20.08.2021 11:28",
            "open": "60.3264",
            "high": "60.3264",
            "low": "60.3264",
            "close": "60.2952"
        },
        {
            "time": "20.08.2021 11:32",
            "open": "60.2952",
            "high": "60.2952",
            "low": "60.2952",
            "close": "60.4817"
        },
        {
            "time": "20.08.2021 11:34",
            "open": "60.4817",
            "high": "60.4817",
            "low": "60.4817",
            "close": "60.4419"
        },
        {
            "time": "20.08.2021 11:37",
            "open": "60.4419",
            "high": "60.4419",
            "low": "60.4414",
            "close": "60.4088"
        },
        {
            "time": "20.08.2021 11:51",
            "open": "60.4088",
            "high": "60.4088",
            "low": "60.4088",
            "close": "60.4312"
        },
        {
            "time": "20.08.2021 11:54",
            "open": "60.4312",
            "high": "60.4312",
            "low": "60.4312",
            "close": "60.4899"
        },
        {
            "time": "20.08.2021 11:55",
            "open": "60.4899",
            "high": "60.4953",
            "low": "60.4899",
            "close": "60.4954"
        },
        {
            "time": "20.08.2021 11:56",
            "open": "60.4954",
            "high": "60.5382",
            "low": "60.4954",
            "close": "60.5638"
        },
        {
            "time": "20.08.2021 11:57",
            "open": "60.5638",
            "high": "60.5638",
            "low": "60.5638",
            "close": "60.4249"
        },
        {
            "time": "20.08.2021 12:00",
            "open": "60.4249",
            "high": "60.4249",
            "low": "60.4249",
            "close": "60.7949"
        },
        {
            "time": "20.08.2021 12:25",
            "open": "60.7949",
            "high": "60.7949",
            "low": "60.7949",
            "close": "60.8616"
        },
        {
            "time": "20.08.2021 12:27",
            "open": "60.8616",
            "high": "60.9055",
            "low": "60.8616",
            "close": "60.7848"
        },
        {
            "time": "20.08.2021 12:29",
            "open": "60.7848",
            "high": "60.8365",
            "low": "60.7848",
            "close": "60.6938"
        },
        {
            "time": "20.08.2021 12:32",
            "open": "60.6938",
            "high": "60.6938",
            "low": "60.6938",
            "close": "60.7132"
        },
        {
            "time": "20.08.2021 12:33",
            "open": "60.7132",
            "high": "60.7132",
            "low": "60.7132",
            "close": "60.7964"
        },
        {
            "time": "20.08.2021 12:40",
            "open": "60.7964",
            "high": "60.7964",
            "low": "60.7964",
            "close": "60.763"
        },
        {
            "time": "20.08.2021 12:43",
            "open": "60.763",
            "high": "60.763",
            "low": "60.763",
            "close": "60.7009"
        },
        {
            "time": "20.08.2021 12:45",
            "open": "60.7009",
            "high": "60.7009",
            "low": "60.7009",
            "close": "60.6611"
        },
        {
            "time": "20.08.2021 12:48",
            "open": "60.6611",
            "high": "60.6611",
            "low": "60.6523",
            "close": "60.6545"
        },
        {
            "time": "20.08.2021 12:49",
            "open": "60.6545",
            "high": "60.6545",
            "low": "60.6545",
            "close": "60.6089"
        },
        {
            "time": "20.08.2021 13:00",
            "open": "60.6089",
            "high": "60.6089",
            "low": "60.6089",
            "close": "60.5734"
        },
        {
            "time": "20.08.2021 13:02",
            "open": "60.5734",
            "high": "60.5734",
            "low": "60.5734",
            "close": "60.4263"
        },
        {
            "time": "20.08.2021 13:08",
            "open": "60.4263",
            "high": "60.4263",
            "low": "60.4263",
            "close": "60.5183"
        },
        {
            "time": "20.08.2021 13:10",
            "open": "60.5183",
            "high": "60.5183",
            "low": "60.5183",
            "close": "60.4939"
        },
        {
            "time": "20.08.2021 13:11",
            "open": "60.4939",
            "high": "60.4939",
            "low": "60.4806",
            "close": "60.3151"
        },
        {
            "time": "20.08.2021 13:16",
            "open": "60.3151",
            "high": "60.3151",
            "low": "60.3151",
            "close": "60.4379"
        },
        {
            "time": "20.08.2021 13:20",
            "open": "60.4379",
            "high": "60.4379",
            "low": "60.4379",
            "close": "60.5468"
        },
        {
            "time": "20.08.2021 13:24",
            "open": "60.5468",
            "high": "60.5468",
            "low": "60.5468",
            "close": "60.5044"
        },
        {
            "time": "20.08.2021 13:28",
            "open": "60.5044",
            "high": "60.5044",
            "low": "60.5044",
            "close": "60.418"
        },
        {
            "time": "20.08.2021 13:33",
            "open": "60.418",
            "high": "60.4363",
            "low": "60.418",
            "close": "60.3352"
        },
        {
            "time": "20.08.2021 13:51",
            "open": "60.3352",
            "high": "60.3352",
            "low": "60.3263",
            "close": "60.273"
        },
        {
            "time": "20.08.2021 13:53",
            "open": "60.273",
            "high": "60.273",
            "low": "60.273",
            "close": "60.4144"
        },
        {
            "time": "20.08.2021 13:55",
            "open": "60.4144",
            "high": "60.4144",
            "low": "60.4144",
            "close": "60.3881"
        },
        {
            "time": "20.08.2021 14:00",
            "open": "60.3881",
            "high": "60.3881",
            "low": "60.3881",
            "close": "60.5398"
        },
        {
            "time": "20.08.2021 14:04",
            "open": "60.5398",
            "high": "60.5398",
            "low": "60.5398",
            "close": "60.3881"
        },
        {
            "time": "20.08.2021 14:05",
            "open": "60.3881",
            "high": "60.3881",
            "low": "60.3881",
            "close": "60.3929"
        },
        {
            "time": "20.08.2021 14:08",
            "open": "60.3929",
            "high": "60.3929",
            "low": "60.3929",
            "close": "60.5803"
        },
        {
            "time": "20.08.2021 14:11",
            "open": "60.5803",
            "high": "60.5803",
            "low": "60.5803",
            "close": "60.6118"
        },
        {
            "time": "20.08.2021 14:14",
            "open": "60.6118",
            "high": "60.6118",
            "low": "60.563",
            "close": "60.58"
        },
        {
            "time": "20.08.2021 14:15",
            "open": "60.58",
            "high": "60.58",
            "low": "60.58",
            "close": "60.6651"
        },
        {
            "time": "20.08.2021 14:30",
            "open": "60.6651",
            "high": "60.6651",
            "low": "60.6651",
            "close": "60.5819"
        },
        {
            "time": "20.08.2021 14:36",
            "open": "60.5819",
            "high": "60.5819",
            "low": "60.5819",
            "close": "60.624"
        },
        {
            "time": "20.08.2021 14:48",
            "open": "60.624",
            "high": "60.624",
            "low": "60.624",
            "close": "60.8381"
        },
        {
            "time": "20.08.2021 14:56",
            "open": "60.8381",
            "high": "60.8381",
            "low": "60.8381",
            "close": "60.8295"
        },
        {
            "time": "20.08.2021 14:57",
            "open": "60.8295",
            "high": "60.8295",
            "low": "60.8295",
            "close": "60.8295"
        },
        {
            "time": "20.08.2021 14:58",
            "open": "60.8295",
            "high": "60.8295",
            "low": "60.8295",
            "close": "60.8934"
        },
        {
            "time": "20.08.2021 14:59",
            "open": "60.8934",
            "high": "60.8934",
            "low": "60.8934",
            "close": "60.7676"
        },
        {
            "time": "20.08.2021 15:04",
            "open": "60.7676",
            "high": "60.7676",
            "low": "60.7675",
            "close": "60.7134"
        },
        {
            "time": "20.08.2021 15:14",
            "open": "60.7721",
            "high": "60.7722",
            "low": "60.7721",
            "close": "60.6777"
        },
        {
            "time": "20.08.2021 15:17",
            "open": "60.6777",
            "high": "60.6777",
            "low": "60.6777",
            "close": "60.8436"
        },
        {
            "time": "20.08.2021 15:24",
            "open": "60.8436",
            "high": "60.8436",
            "low": "60.8436",
            "close": "60.9161"
        },
        {
            "time": "20.08.2021 15:27",
            "open": "60.9161",
            "high": "60.9161",
            "low": "60.9161",
            "close": "60.9318"
        },
        {
            "time": "20.08.2021 15:30",
            "open": "60.9318",
            "high": "60.9318",
            "low": "60.853",
            "close": "60.9718"
        },
        {
            "time": "20.08.2021 15:33",
            "open": "60.9718",
            "high": "60.9718",
            "low": "60.9718",
            "close": "60.9335"
        },
        {
            "time": "20.08.2021 15:35",
            "open": "60.9335",
            "high": "61",
            "low": "60.9335",
            "close": "61.0694"
        },
        {
            "time": "20.08.2021 15:37",
            "open": "61.0694",
            "high": "61.082",
            "low": "61.0694",
            "close": "61.0912"
        },
        {
            "time": "20.08.2021 15:39",
            "open": "61.0912",
            "high": "61.0912",
            "low": "61.0719",
            "close": "61.1196"
        },
        {
            "time": "20.08.2021 15:41",
            "open": "61.1196",
            "high": "61.1196",
            "low": "61.1196",
            "close": "61.055"
        },
        {
            "time": "20.08.2021 15:42",
            "open": "61.055",
            "high": "61.055",
            "low": "61.055",
            "close": "61.0575"
        },
        {
            "time": "20.08.2021 15:43",
            "open": "61.0575",
            "high": "61.0575",
            "low": "61.0575",
            "close": "61.0381"
        },
        {
            "time": "20.08.2021 15:45",
            "open": "61.0381",
            "high": "61.0381",
            "low": "61",
            "close": "61.0167"
        },
        {
            "time": "20.08.2021 15:46",
            "open": "61.0167",
            "high": "61.1",
            "low": "60.9347",
            "close": "61.0609"
        },
        {
            "time": "20.08.2021 15:47",
            "open": "61.0609",
            "high": "61.0609",
            "low": "61.0444",
            "close": "61.0618"
        },
        {
            "time": "20.08.2021 15:48",
            "open": "61.0618",
            "high": "61.0618",
            "low": "61.0618",
            "close": "61.1609"
        },
        {
            "time": "20.08.2021 15:49",
            "open": "61.1609",
            "high": "61.1609",
            "low": "61.1609",
            "close": "61.0618"
        },
        {
            "time": "20.08.2021 15:50",
            "open": "61.0618",
            "high": "61.0618",
            "low": "61.0618",
            "close": "61.0635"
        },
        {
            "time": "20.08.2021 15:54",
            "open": "61.0635",
            "high": "61.0635",
            "low": "61.0635",
            "close": "61.1487"
        },
        {
            "time": "20.08.2021 15:55",
            "open": "61.1487",
            "high": "61.1487",
            "low": "61.0762",
            "close": "61.1918"
        },
        {
            "time": "20.08.2021 15:57",
            "open": "61.1918",
            "high": "61.1918",
            "low": "61.1454",
            "close": "61.2806"
        },
        {
            "time": "20.08.2021 15:58",
            "open": "61.2806",
            "high": "61.4483",
            "low": "61.2806",
            "close": "61.2866"
        },
        {
            "time": "20.08.2021 15:59",
            "open": "61.2866",
            "high": "61.3124",
            "low": "61.2866",
            "close": "61.3562"
        },
        {
            "time": "20.08.2021 16:00",
            "open": "61.3562",
            "high": "61.3873",
            "low": "61.3462",
            "close": "61.322"
        },
        {
            "time": "20.08.2021 16:01",
            "open": "61.322",
            "high": "61.322",
            "low": "61.3122",
            "close": "61.2164"
        },
        {
            "time": "20.08.2021 16:02",
            "open": "61.2164",
            "high": "61.2593",
            "low": "61.2164",
            "close": "61.2225"
        },
        {
            "time": "20.08.2021 16:03",
            "open": "61.2225",
            "high": "61.2225",
            "low": "61.2225",
            "close": "61.2755"
        },
        {
            "time": "20.08.2021 16:04",
            "open": "61.2755",
            "high": "61.2971",
            "low": "61.2734",
            "close": "61.2225"
        },
        {
            "time": "20.08.2021 16:06",
            "open": "61.2225",
            "high": "61.2225",
            "low": "61.2225",
            "close": "61.2331"
        },
        {
            "time": "20.08.2021 16:07",
            "open": "61.2331",
            "high": "61.2331",
            "low": "61.2331",
            "close": "61.1266"
        },
        {
            "time": "20.08.2021 16:09",
            "open": "61.1266",
            "high": "61.1689",
            "low": "61.1266",
            "close": "61.2339"
        },
        {
            "time": "20.08.2021 16:12",
            "open": "61.2339",
            "high": "61.2339",
            "low": "61.2339",
            "close": "61.4097"
        },
        {
            "time": "20.08.2021 16:13",
            "open": "61.4097",
            "high": "61.4781",
            "low": "61.4097",
            "close": "61.4897"
        },
        {
            "time": "20.08.2021 16:15",
            "open": "61.4897",
            "high": "61.4897",
            "low": "61.4447",
            "close": "61.4174"
        },
        {
            "time": "20.08.2021 16:16",
            "open": "61.4174",
            "high": "61.4175",
            "low": "61.4174",
            "close": "61.5496"
        },
        {
            "time": "20.08.2021 16:19",
            "open": "61.5496",
            "high": "61.5914",
            "low": "61.5241",
            "close": "61.5453"
        },
        {
            "time": "20.08.2021 16:20",
            "open": "61.5453",
            "high": "61.5453",
            "low": "61.4801",
            "close": "61.439"
        },
        {
            "time": "20.08.2021 16:21",
            "open": "61.439",
            "high": "61.5229",
            "low": "61.439",
            "close": "61.5751"
        },
        {
            "time": "20.08.2021 16:23",
            "open": "61.5751",
            "high": "61.6129",
            "low": "61.5751",
            "close": "61.5483"
        },
        {
            "time": "20.08.2021 16:24",
            "open": "61.5483",
            "high": "61.581",
            "low": "61.5483",
            "close": "61.4818"
        },
        {
            "time": "20.08.2021 16:25",
            "open": "61.4818",
            "high": "61.4818",
            "low": "61.4818",
            "close": "61.5894"
        },
        {
            "time": "20.08.2021 16:27",
            "open": "61.5894",
            "high": "61.6364",
            "low": "61.5894",
            "close": "61.535"
        },
        {
            "time": "20.08.2021 16:29",
            "open": "61.535",
            "high": "61.5636",
            "low": "61.535",
            "close": "61.5096"
        },
        {
            "time": "20.08.2021 16:30",
            "open": "61.5096",
            "high": "61.5096",
            "low": "61.4704",
            "close": "61.461"
        },
        {
            "time": "20.08.2021 16:31",
            "open": "61.461",
            "high": "61.4667",
            "low": "61.4598",
            "close": "61.373"
        },
        {
            "time": "20.08.2021 16:32",
            "open": "61.373",
            "high": "61.373",
            "low": "61.3658",
            "close": "61.3767"
        },
        {
            "time": "20.08.2021 16:33",
            "open": "61.3767",
            "high": "61.4409",
            "low": "61.3767",
            "close": "61.3563"
        },
        {
            "time": "20.08.2021 16:36",
            "open": "61.3563",
            "high": "61.3563",
            "low": "61.3141",
            "close": "61.3762"
        },
        {
            "time": "20.08.2021 16:39",
            "open": "61.3762",
            "high": "61.3762",
            "low": "61.3336",
            "close": "61.3204"
        },
        {
            "time": "20.08.2021 16:40",
            "open": "61.3204",
            "high": "61.3204",
            "low": "61.3142",
            "close": "61.322"
        },
        {
            "time": "20.08.2021 16:41",
            "open": "61.322",
            "high": "61.3246",
            "low": "61.322",
            "close": "61.3584"
        },
        {
            "time": "20.08.2021 16:42",
            "open": "61.3584",
            "high": "61.4235",
            "low": "61.3584",
            "close": "61.3897"
        },
        {
            "time": "20.08.2021 16:43",
            "open": "61.3897",
            "high": "61.3897",
            "low": "61.3897",
            "close": "61.4205"
        },
        {
            "time": "20.08.2021 16:44",
            "open": "61.4205",
            "high": "61.5641",
            "low": "61.4205",
            "close": "61.5639"
        },
        {
            "time": "20.08.2021 16:45",
            "open": "61.5639",
            "high": "61.5639",
            "low": "61.5542",
            "close": "61.509"
        },
        {
            "time": "20.08.2021 16:47",
            "open": "61.509",
            "high": "61.509",
            "low": "61.5089",
            "close": "61.5352"
        },
        {
            "time": "20.08.2021 16:56",
            "open": "61.5352",
            "high": "61.5352",
            "low": "61.5241",
            "close": "61.589"
        },
        {
            "time": "20.08.2021 16:57",
            "open": "61.589",
            "high": "61.6065",
            "low": "61.5073",
            "close": "61.3931"
        },
        {
            "time": "20.08.2021 16:58",
            "open": "61.3931",
            "high": "61.3931",
            "low": "61.34",
            "close": "61.4385"
        },
        {
            "time": "20.08.2021 17:00",
            "open": "61.4385",
            "high": "61.4385",
            "low": "61.3033",
            "close": "61.3778"
        },
        {
            "time": "20.08.2021 17:01",
            "open": "61.3778",
            "high": "61.5532",
            "low": "61.3763",
            "close": "61.3689"
        },
        {
            "time": "20.08.2021 17:03",
            "open": "61.3689",
            "high": "61.3689",
            "low": "61.3689",
            "close": "61.2953"
        },
        {
            "time": "20.08.2021 17:05",
            "open": "61.2953",
            "high": "61.3246",
            "low": "61.2953",
            "close": "61.2809"
        },
        {
            "time": "20.08.2021 17:06",
            "open": "61.2809",
            "high": "61.2809",
            "low": "61.2809",
            "close": "61.0995"
        },
        {
            "time": "20.08.2021 17:11",
            "open": "61.0995",
            "high": "61.0995",
            "low": "61.0661",
            "close": "61.2203"
        },
        {
            "time": "20.08.2021 17:13",
            "open": "61.2203",
            "high": "61.2274",
            "low": "61.2203",
            "close": "61.2072"
        },
        {
            "time": "20.08.2021 17:14",
            "open": "61.2072",
            "high": "61.2072",
            "low": "61.2072",
            "close": "61.2072"
        },
        {
            "time": "20.08.2021 17:16",
            "open": "61.2072",
            "high": "61.2072",
            "low": "61.2072",
            "close": "61.3336"
        },
        {
            "time": "20.08.2021 17:18",
            "open": "61.3336",
            "high": "61.3336",
            "low": "61.3336",
            "close": "61.3374"
        },
        {
            "time": "20.08.2021 17:20",
            "open": "61.3374",
            "high": "61.3374",
            "low": "61.3374",
            "close": "61.3109"
        },
        {
            "time": "20.08.2021 17:23",
            "open": "61.3109",
            "high": "61.3109",
            "low": "61.289",
            "close": "61.3165"
        },
        {
            "time": "20.08.2021 17:24",
            "open": "61.3165",
            "high": "61.3165",
            "low": "61.3165",
            "close": "61.3691"
        },
        {
            "time": "20.08.2021 17:30",
            "open": "61.3691",
            "high": "61.3691",
            "low": "61.3691",
            "close": "61.3656"
        },
        {
            "time": "20.08.2021 17:31",
            "open": "61.3656",
            "high": "61.3656",
            "low": "61.3656",
            "close": "61.4054"
        },
        {
            "time": "20.08.2021 17:32",
            "open": "61.4054",
            "high": "61.4054",
            "low": "61.4054",
            "close": "61.4747"
        },
        {
            "time": "20.08.2021 17:37",
            "open": "61.4747",
            "high": "61.4747",
            "low": "61.4747",
            "close": "61.4211"
        },
        {
            "time": "20.08.2021 17:41",
            "open": "61.4211",
            "high": "61.4302",
            "low": "61.4211",
            "close": "61.4636"
        },
        {
            "time": "20.08.2021 17:42",
            "open": "61.4636",
            "high": "61.4636",
            "low": "61.4636",
            "close": "61.4847"
        },
        {
            "time": "20.08.2021 17:43",
            "open": "61.4847",
            "high": "61.4966",
            "low": "61.4847",
            "close": "61.5825"
        },
        {
            "time": "20.08.2021 17:46",
            "open": "61.5825",
            "high": "61.5829",
            "low": "61.5825",
            "close": "61.6295"
        },
        {
            "time": "20.08.2021 17:47",
            "open": "61.6295",
            "high": "61.6295",
            "low": "61.6295",
            "close": "61.7999"
        },
        {
            "time": "20.08.2021 17:48",
            "open": "61.7999",
            "high": "61.8304",
            "low": "61.7999",
            "close": "61.8083"
        },
        {
            "time": "20.08.2021 17:49",
            "open": "61.8083",
            "high": "61.8083",
            "low": "61.8083",
            "close": "61.8086"
        },
        {
            "time": "20.08.2021 17:50",
            "open": "61.8086",
            "high": "62.4102",
            "low": "61.8086",
            "close": "62.4678"
        },
        {
            "time": "20.08.2021 17:51",
            "open": "62.4678",
            "high": "62.4678",
            "low": "62.4317",
            "close": "62.281"
        },
        {
            "time": "20.08.2021 17:52",
            "open": "62.281",
            "high": "62.2876",
            "low": "62.0912",
            "close": "62.2145"
        },
        {
            "time": "20.08.2021 17:53",
            "open": "62.2145",
            "high": "62.2145",
            "low": "62.1443",
            "close": "62.3587"
        },
        {
            "time": "20.08.2021 17:54",
            "open": "62.3587",
            "high": "62.3626",
            "low": "62.3587",
            "close": "62.3791"
        },
        {
            "time": "20.08.2021 17:55",
            "open": "62.3791",
            "high": "62.3791",
            "low": "62.3791",
            "close": "62.2242"
        },
        {
            "time": "20.08.2021 17:56",
            "open": "62.2242",
            "high": "62.5",
            "low": "62.2242",
            "close": "62.4511"
        },
        {
            "time": "20.08.2021 17:58",
            "open": "62.4511",
            "high": "62.544",
            "low": "62.4511",
            "close": "62.5637"
        },
        {
            "time": "20.08.2021 18:00",
            "open": "62.5637",
            "high": "63",
            "low": "62.5637",
            "close": "62.6975"
        },
        {
            "time": "20.08.2021 18:01",
            "open": "62.6975",
            "high": "62.812",
            "low": "62.6284",
            "close": "62.6287"
        },
        {
            "time": "20.08.2021 18:02",
            "open": "62.6287",
            "high": "62.6476",
            "low": "62.5944",
            "close": "62.5944"
        },
        {
            "time": "20.08.2021 18:03",
            "open": "62.5944",
            "high": "62.5944",
            "low": "62.2063",
            "close": "62.2063"
        },
        {
            "time": "20.08.2021 18:04",
            "open": "62.2063",
            "high": "62.2063",
            "low": "62.2063",
            "close": "62.3081"
        },
        {
            "time": "20.08.2021 18:06",
            "open": "62.3081",
            "high": "62.3081",
            "low": "62.3081",
            "close": "62.4014"
        },
        {
            "time": "20.08.2021 18:07",
            "open": "62.4014",
            "high": "62.4014",
            "low": "62.4014",
            "close": "62.5319"
        },
        {
            "time": "20.08.2021 18:10",
            "open": "62.5319",
            "high": "62.5319",
            "low": "62.5319",
            "close": "62.4619"
        },
        {
            "time": "20.08.2021 18:12",
            "open": "62.4619",
            "high": "62.4619",
            "low": "62.4619",
            "close": "62.5052"
        },
        {
            "time": "20.08.2021 18:14",
            "open": "62.5052",
            "high": "62.5052",
            "low": "62.5052",
            "close": "62.5671"
        },
        {
            "time": "20.08.2021 18:16",
            "open": "62.5671",
            "high": "62.6346",
            "low": "62.5671",
            "close": "62.5329"
        },
        {
            "time": "20.08.2021 18:19",
            "open": "62.5329",
            "high": "62.5329",
            "low": "62.5329",
            "close": "62.531"
        },
        {
            "time": "20.08.2021 18:20",
            "open": "62.531",
            "high": "62.531",
            "low": "62.531",
            "close": "62.5441"
        },
        {
            "time": "20.08.2021 18:21",
            "open": "62.5441",
            "high": "62.5441",
            "low": "62.455",
            "close": "62.4131"
        },
        {
            "time": "20.08.2021 18:22",
            "open": "62.4131",
            "high": "62.4139",
            "low": "62.4131",
            "close": "62.3539"
        },
        {
            "time": "20.08.2021 18:23",
            "open": "62.3539",
            "high": "62.3539",
            "low": "62.302",
            "close": "62.3267"
        },
        {
            "time": "20.08.2021 18:24",
            "open": "62.3267",
            "high": "62.3267",
            "low": "62.3267",
            "close": "62.2863"
        },
        {
            "time": "20.08.2021 18:25",
            "open": "62.2863",
            "high": "62.2863",
            "low": "62.2744",
            "close": "62.2934"
        },
        {
            "time": "20.08.2021 18:26",
            "open": "62.2934",
            "high": "62.2934",
            "low": "62.2932",
            "close": "62.2052"
        },
        {
            "time": "20.08.2021 18:27",
            "open": "62.2052",
            "high": "62.2052",
            "low": "62.2052",
            "close": "62.1797"
        },
        {
            "time": "20.08.2021 18:28",
            "open": "62.1797",
            "high": "62.1797",
            "low": "62.1797",
            "close": "62.2715"
        },
        {
            "time": "20.08.2021 18:29",
            "open": "62.2715",
            "high": "62.3354",
            "low": "62.2715",
            "close": "62.0596"
        },
        {
            "time": "20.08.2021 18:30",
            "open": "62.0596",
            "high": "62.0596",
            "low": "61.9803",
            "close": "61.9982"
        },
        {
            "time": "20.08.2021 18:31",
            "open": "61.9982",
            "high": "62.02",
            "low": "61.9982",
            "close": "61.9112"
        },
        {
            "time": "20.08.2021 18:32",
            "open": "61.9112",
            "high": "61.9112",
            "low": "61.8644",
            "close": "61.8644"
        },
        {
            "time": "20.08.2021 18:33",
            "open": "61.8644",
            "high": "61.8644",
            "low": "61.8056",
            "close": "61.8494"
        },
        {
            "time": "20.08.2021 18:34",
            "open": "61.8494",
            "high": "61.8494",
            "low": "61.84",
            "close": "61.9056"
        },
        {
            "time": "20.08.2021 18:35",
            "open": "61.9056",
            "high": "61.9128",
            "low": "61.8209",
            "close": "61.8613"
        },
        {
            "time": "20.08.2021 18:36",
            "open": "61.8613",
            "high": "61.8613",
            "low": "61.8613",
            "close": "61.7762"
        },
        {
            "time": "20.08.2021 18:37",
            "open": "61.7762",
            "high": "61.7762",
            "low": "61.7762",
            "close": "61.7457"
        },
        {
            "time": "20.08.2021 18:38",
            "open": "61.7457",
            "high": "61.7457",
            "low": "61.6263",
            "close": "61.7763"
        },
        {
            "time": "20.08.2021 18:40",
            "open": "61.7763",
            "high": "61.7819",
            "low": "61.7763",
            "close": "61.8467"
        },
        {
            "time": "20.08.2021 18:41",
            "open": "61.8467",
            "high": "61.8467",
            "low": "61.8467",
            "close": "61.8576"
        },
        {
            "time": "20.08.2021 18:43",
            "open": "61.8576",
            "high": "61.8576",
            "low": "61.8496",
            "close": "61.8806"
        },
        {
            "time": "20.08.2021 18:45",
            "open": "61.8806",
            "high": "61.8806",
            "low": "61.7121",
            "close": "61.6953"
        },
        {
            "time": "20.08.2021 18:46",
            "open": "61.6953",
            "high": "61.6953",
            "low": "61.6953",
            "close": "61.5674"
        },
        {
            "time": "20.08.2021 18:49",
            "open": "61.5674",
            "high": "61.5674",
            "low": "61.464",
            "close": "61.4094"
        },
        {
            "time": "20.08.2021 18:50",
            "open": "61.4094",
            "high": "61.4463",
            "low": "61.3629",
            "close": "61.4545"
        },
        {
            "time": "20.08.2021 18:53",
            "open": "61.4545",
            "high": "61.4545",
            "low": "61.4545",
            "close": "61.7308"
        },
        {
            "time": "20.08.2021 18:57",
            "open": "61.7308",
            "high": "61.7928",
            "low": "61.6777",
            "close": "61.7545"
        },
        {
            "time": "20.08.2021 19:00",
            "open": "61.7545",
            "high": "61.7545",
            "low": "61.7237",
            "close": "61.7162"
        },
        {
            "time": "20.08.2021 19:01",
            "open": "61.7162",
            "high": "61.7162",
            "low": "61.7162",
            "close": "61.69"
        },
        {
            "time": "20.08.2021 19:03",
            "open": "61.69",
            "high": "61.69",
            "low": "61.6875",
            "close": "61.6893"
        },
        {
            "time": "20.08.2021 19:05",
            "open": "61.6893",
            "high": "61.7886",
            "low": "61.6835",
            "close": "61.7891"
        },
        {
            "time": "20.08.2021 19:06",
            "open": "61.7891",
            "high": "61.83",
            "low": "61.7891",
            "close": "61.8017"
        },
        {
            "time": "20.08.2021 19:09",
            "open": "61.8017",
            "high": "61.826",
            "low": "61.8017",
            "close": "61.85"
        },
        {
            "time": "20.08.2021 19:13",
            "open": "61.85",
            "high": "61.85",
            "low": "61.85",
            "close": "62"
        },
        {
            "time": "20.08.2021 19:15",
            "open": "62",
            "high": "62",
            "low": "62",
            "close": "62.2866"
        },
        {
            "time": "20.08.2021 19:20",
            "open": "62.2866",
            "high": "62.2866",
            "low": "62.2864",
            "close": "62.1611"
        },
        {
            "time": "20.08.2021 19:22",
            "open": "62.1611",
            "high": "62.1611",
            "low": "62.1611",
            "close": "62.0157"
        },
        {
            "time": "20.08.2021 19:23",
            "open": "62.0157",
            "high": "62.0157",
            "low": "61.9808",
            "close": "62.0909"
        },
        {
            "time": "20.08.2021 19:24",
            "open": "62.0909",
            "high": "62.356",
            "low": "62.0909",
            "close": "62.2374"
        },
        {
            "time": "20.08.2021 19:28",
            "open": "62.2374",
            "high": "62.2374",
            "low": "62.2374",
            "close": "62.1352"
        },
        {
            "time": "20.08.2021 19:33",
            "open": "62.1352",
            "high": "62.1383",
            "low": "62.1352",
            "close": "61.9369"
        },
        {
            "time": "20.08.2021 19:37",
            "open": "61.9369",
            "high": "61.9369",
            "low": "61.9369",
            "close": "61.8565"
        },
        {
            "time": "20.08.2021 19:39",
            "open": "61.8565",
            "high": "61.8565",
            "low": "61.8565",
            "close": "61.9318"
        },
        {
            "time": "20.08.2021 19:40",
            "open": "61.9318",
            "high": "61.9486",
            "low": "61.9318",
            "close": "61.7981"
        },
        {
            "time": "20.08.2021 19:49",
            "open": "61.7981",
            "high": "61.7981",
            "low": "61.7981",
            "close": "61.915"
        },
        {
            "time": "20.08.2021 19:50",
            "open": "61.915",
            "high": "61.9169",
            "low": "61.915",
            "close": "61.9137"
        },
        {
            "time": "20.08.2021 19:52",
            "open": "61.9137",
            "high": "61.9137",
            "low": "61.9092",
            "close": "61.8476"
        },
        {
            "time": "20.08.2021 19:56",
            "open": "61.8476",
            "high": "61.8476",
            "low": "61.8476",
            "close": "61.719"
        },
        {
            "time": "20.08.2021 20:00",
            "open": "61.719",
            "high": "61.8613",
            "low": "61.719",
            "close": "61.8439"
        },
        {
            "time": "20.08.2021 20:01",
            "open": "61.8439",
            "high": "61.8439",
            "low": "61.8439",
            "close": "61.7315"
        },
        {
            "time": "20.08.2021 20:02",
            "open": "61.7315",
            "high": "61.7315",
            "low": "61.7315",
            "close": "61.7055"
        },
        {
            "time": "20.08.2021 20:03",
            "open": "61.7055",
            "high": "61.7055",
            "low": "61.654",
            "close": "61.6448"
        },
        {
            "time": "20.08.2021 20:04",
            "open": "61.6448",
            "high": "61.7628",
            "low": "61.6448",
            "close": "61.619"
        },
        {
            "time": "20.08.2021 20:16",
            "open": "61.619",
            "high": "61.619",
            "low": "61.619",
            "close": "61.6549"
        },
        {
            "time": "20.08.2021 20:19",
            "open": "61.6549",
            "high": "61.6549",
            "low": "61.6549",
            "close": "61.6093"
        },
        {
            "time": "20.08.2021 20:22",
            "open": "61.6093",
            "high": "61.6093",
            "low": "61.6093",
            "close": "61.5741"
        },
        {
            "time": "20.08.2021 20:23",
            "open": "61.5741",
            "high": "61.6178",
            "low": "61.5741",
            "close": "61.7314"
        },
        {
            "time": "20.08.2021 20:26",
            "open": "61.7314",
            "high": "61.7314",
            "low": "61.7314",
            "close": "61.5729"
        },
        {
            "time": "20.08.2021 20:28",
            "open": "61.5729",
            "high": "61.5729",
            "low": "61.5729",
            "close": "61.3165"
        },
        {
            "time": "20.08.2021 20:31",
            "open": "61.3165",
            "high": "61.3165",
            "low": "61.2631",
            "close": "61.397"
        },
        {
            "time": "20.08.2021 20:32",
            "open": "61.397",
            "high": "61.397",
            "low": "61.397",
            "close": "61.0927"
        },
        {
            "time": "20.08.2021 20:35",
            "open": "61.0927",
            "high": "61.1674",
            "low": "61.0733",
            "close": "61.1129"
        },
        {
            "time": "20.08.2021 20:36",
            "open": "61.1129",
            "high": "61.1129",
            "low": "61.0312",
            "close": "61.1094"
        },
        {
            "time": "20.08.2021 20:37",
            "open": "61.1094",
            "high": "61.1094",
            "low": "61.1094",
            "close": "61.0844"
        },
        {
            "time": "20.08.2021 20:42",
            "open": "61.0844",
            "high": "61.0844",
            "low": "61.0844",
            "close": "61.168"
        },
        {
            "time": "20.08.2021 20:43",
            "open": "61.168",
            "high": "61.168",
            "low": "61.0592",
            "close": "61.234"
        },
        {
            "time": "20.08.2021 20:51",
            "open": "61.3183",
            "high": "61.3183",
            "low": "61.3183",
            "close": "61.3183"
        },
        {
            "time": "20.08.2021 20:52",
            "open": "61.3183",
            "high": "61.3183",
            "low": "61.3183",
            "close": "61.245"
        },
        {
            "time": "20.08.2021 20:54",
            "open": "61.245",
            "high": "61.245",
            "low": "61.245",
            "close": "61.4131"
        },
        {
            "time": "20.08.2021 21:02",
            "open": "61.4131",
            "high": "61.5352",
            "low": "61.4131",
            "close": "61.4526"
        },
        {
            "time": "20.08.2021 21:08",
            "open": "61.4526",
            "high": "61.4526",
            "low": "61.4526",
            "close": "61.5105"
        },
        {
            "time": "20.08.2021 21:11",
            "open": "61.5105",
            "high": "61.5105",
            "low": "61.5105",
            "close": "61.5613"
        },
        {
            "time": "20.08.2021 21:12",
            "open": "61.5613",
            "high": "61.5925",
            "low": "61.5613",
            "close": "61.5655"
        },
        {
            "time": "20.08.2021 21:13",
            "open": "61.5655",
            "high": "61.5655",
            "low": "61.5655",
            "close": "61.5024"
        },
        {
            "time": "20.08.2021 21:16",
            "open": "61.5024",
            "high": "61.5024",
            "low": "61.5024",
            "close": "61.7999"
        },
        {
            "time": "20.08.2021 21:21",
            "open": "61.7999",
            "high": "61.86",
            "low": "61.7999",
            "close": "61.6551"
        },
        {
            "time": "20.08.2021 21:30",
            "open": "61.6551",
            "high": "61.6551",
            "low": "61.6551",
            "close": "61.7713"
        },
        {
            "time": "20.08.2021 21:34",
            "open": "61.7713",
            "high": "61.7713",
            "low": "61.7713",
            "close": "61.7681"
        },
        {
            "time": "20.08.2021 21:39",
            "open": "61.7681",
            "high": "61.7681",
            "low": "61.7681",
            "close": "61.7362"
        },
        {
            "time": "20.08.2021 21:41",
            "open": "61.7362",
            "high": "61.7579",
            "low": "61.7362",
            "close": "61.6491"
        },
        {
            "time": "20.08.2021 21:46",
            "open": "61.6491",
            "high": "61.6491",
            "low": "61.6491",
            "close": "61.6203"
        },
        {
            "time": "20.08.2021 21:48",
            "open": "61.6203",
            "high": "61.6203",
            "low": "61.6203",
            "close": "61.7005"
        },
        {
            "time": "20.08.2021 21:49",
            "open": "61.7005",
            "high": "61.7155",
            "low": "61.7005",
            "close": "61.6868"
        },
        {
            "time": "20.08.2021 21:50",
            "open": "61.6868",
            "high": "61.6868",
            "low": "61.6644",
            "close": "61.6229"
        },
        {
            "time": "20.08.2021 21:53",
            "open": "61.6229",
            "high": "61.6387",
            "low": "61.6229",
            "close": "61.6387"
        },
        {
            "time": "20.08.2021 21:57",
            "open": "61.6387",
            "high": "61.6387",
            "low": "61.6387",
            "close": "61.618"
        },
        {
            "time": "20.08.2021 21:58",
            "open": "61.618",
            "high": "61.618",
            "low": "61.618",
            "close": "61.5195"
        },
        {
            "time": "20.08.2021 21:59",
            "open": "61.5195",
            "high": "61.5758",
            "low": "61.5195",
            "close": "61.6193"
        },
        {
            "time": "20.08.2021 22:00",
            "open": "61.6193",
            "high": "61.6194",
            "low": "61.5572",
            "close": "61.6673"
        },
        {
            "time": "20.08.2021 22:02",
            "open": "61.6673",
            "high": "61.67",
            "low": "61.6673",
            "close": "61.67"
        },
        {
            "time": "20.08.2021 22:03",
            "open": "61.67",
            "high": "61.67",
            "low": "61.67",
            "close": "61.9235"
        },
        {
            "time": "20.08.2021 22:04",
            "open": "61.9235",
            "high": "61.9235",
            "low": "61.9235",
            "close": "61.9065"
        },
        {
            "time": "20.08.2021 22:05",
            "open": "61.9065",
            "high": "61.9065",
            "low": "61.9065",
            "close": "62.0982"
        },
        {
            "time": "20.08.2021 22:08",
            "open": "62.0982",
            "high": "62.0982",
            "low": "62.0982",
            "close": "62.2082"
        },
        {
            "time": "20.08.2021 22:11",
            "open": "62.2082",
            "high": "62.2082",
            "low": "62.1113",
            "close": "62.127"
        },
        {
            "time": "20.08.2021 22:12",
            "open": "62.127",
            "high": "62.127",
            "low": "62.127",
            "close": "62.2361"
        },
        {
            "time": "20.08.2021 22:14",
            "open": "62.2361",
            "high": "62.241",
            "low": "62.2361",
            "close": "62.2605"
        },
        {
            "time": "20.08.2021 22:15",
            "open": "62.2605",
            "high": "62.2754",
            "low": "62.2605",
            "close": "62.2683"
        },
        {
            "time": "20.08.2021 22:16",
            "open": "62.2683",
            "high": "62.2683",
            "low": "62.2683",
            "close": "62.3198"
        },
        {
            "time": "20.08.2021 22:18",
            "open": "62.3198",
            "high": "62.3198",
            "low": "62.3198",
            "close": "62.4273"
        },
        {
            "time": "20.08.2021 22:20",
            "open": "62.4273",
            "high": "62.4273",
            "low": "62.3649",
            "close": "62.3466"
        },
        {
            "time": "20.08.2021 22:22",
            "open": "62.3466",
            "high": "62.3466",
            "low": "62.3466",
            "close": "62.2888"
        },
        {
            "time": "20.08.2021 22:27",
            "open": "62.2888",
            "high": "62.2888",
            "low": "62.2888",
            "close": "62.372"
        },
        {
            "time": "20.08.2021 22:28",
            "open": "62.372",
            "high": "62.4366",
            "low": "62.372",
            "close": "62.4438"
        },
        {
            "time": "20.08.2021 22:29",
            "open": "62.4438",
            "high": "62.4438",
            "low": "62.3845",
            "close": "62.3403"
        },
        {
            "time": "20.08.2021 22:31",
            "open": "62.3403",
            "high": "62.3403",
            "low": "62.3403",
            "close": "62.3403"
        },
        {
            "time": "20.08.2021 22:34",
            "open": "62.3403",
            "high": "62.3403",
            "low": "62.3403",
            "close": "62.3528"
        },
        {
            "time": "20.08.2021 22:37",
            "open": "62.3528",
            "high": "62.3528",
            "low": "62.3528",
            "close": "62.3775"
        },
        {
            "time": "20.08.2021 22:38",
            "open": "62.3775",
            "high": "62.4806",
            "low": "62.3775",
            "close": "62.3953"
        },
        {
            "time": "20.08.2021 22:40",
            "open": "62.3953",
            "high": "62.3953",
            "low": "62.3953",
            "close": "62.4845"
        },
        {
            "time": "20.08.2021 22:41",
            "open": "62.4845",
            "high": "62.4845",
            "low": "62.4637",
            "close": "62.4784"
        },
        {
            "time": "20.08.2021 22:42",
            "open": "62.4784",
            "high": "62.4784",
            "low": "62.4784",
            "close": "62.4914"
        },
        {
            "time": "20.08.2021 22:43",
            "open": "62.4914",
            "high": "62.4914",
            "low": "62.4429",
            "close": "62.4723"
        },
        {
            "time": "20.08.2021 22:44",
            "open": "62.4723",
            "high": "62.4723",
            "low": "62.4723",
            "close": "62.411"
        },
        {
            "time": "20.08.2021 22:45",
            "open": "62.411",
            "high": "62.411",
            "low": "62.411",
            "close": "62.4116"
        },
        {
            "time": "20.08.2021 22:47",
            "open": "62.4116",
            "high": "62.4117",
            "low": "62.4116",
            "close": "62.4117"
        },
        {
            "time": "20.08.2021 22:49",
            "open": "62.4117",
            "high": "62.4117",
            "low": "62.4117",
            "close": "62.2384"
        },
        {
            "time": "20.08.2021 22:56",
            "open": "62.2384",
            "high": "62.2384",
            "low": "62.2384",
            "close": "62.2657"
        },
        {
            "time": "20.08.2021 22:57",
            "open": "62.2657",
            "high": "62.2658",
            "low": "62.2657",
            "close": "62.2634"
        },
        {
            "time": "20.08.2021 22:58",
            "open": "62.2634",
            "high": "62.2634",
            "low": "62.2634",
            "close": "62.3112"
        },
        {
            "time": "20.08.2021 23:02",
            "open": "62.3112",
            "high": "62.3112",
            "low": "62.3112",
            "close": "62.3733"
        },
        {
            "time": "20.08.2021 23:04",
            "open": "62.3733",
            "high": "62.3733",
            "low": "62.3733",
            "close": "62.4351"
        },
        {
            "time": "20.08.2021 23:07",
            "open": "62.4351",
            "high": "62.4351",
            "low": "62.4351",
            "close": "62.3941"
        },
        {
            "time": "20.08.2021 23:08",
            "open": "62.3941",
            "high": "62.3941",
            "low": "62.3941",
            "close": "62.3814"
        },
        {
            "time": "20.08.2021 23:09",
            "open": "62.3814",
            "high": "62.3913",
            "low": "62.3646",
            "close": "62.4127"
        },
        {
            "time": "20.08.2021 23:16",
            "open": "62.4127",
            "high": "62.4127",
            "low": "62.4127",
            "close": "62.5203"
        },
        {
            "time": "20.08.2021 23:21",
            "open": "62.5203",
            "high": "62.5203",
            "low": "62.5203",
            "close": "62.3964"
        },
        {
            "time": "20.08.2021 23:27",
            "open": "62.3964",
            "high": "62.3964",
            "low": "62.3964",
            "close": "62.5333"
        },
        {
            "time": "20.08.2021 23:35",
            "open": "62.5333",
            "high": "62.5333",
            "low": "62.4703",
            "close": "62.5452"
        },
        {
            "time": "20.08.2021 23:38",
            "open": "62.5452",
            "high": "62.5452",
            "low": "62.5452",
            "close": "62.5975"
        },
        {
            "time": "20.08.2021 23:39",
            "open": "62.5975",
            "high": "62.6",
            "low": "62.5975",
            "close": "62.5699"
        },
        {
            "time": "20.08.2021 23:41",
            "open": "62.5699",
            "high": "62.5699",
            "low": "62.5699",
            "close": "62.5507"
        },
        {
            "time": "20.08.2021 23:46",
            "open": "62.5507",
            "high": "62.5508",
            "low": "62.5507",
            "close": "62.7358"
        },
        {
            "time": "20.08.2021 23:49",
            "open": "62.7358",
            "high": "62.7358",
            "low": "62.7358",
            "close": "62.802"
        },
        {
            "time": "20.08.2021 23:50",
            "open": "62.802",
            "high": "62.802",
            "low": "62.802",
            "close": "62.7762"
        },
        {
            "time": "20.08.2021 23:53",
            "open": "62.7762",
            "high": "62.7762",
            "low": "62.7762",
            "close": "62.7151"
        },
        {
            "time": "20.08.2021 23:55",
            "open": "62.7151",
            "high": "62.7151",
            "low": "62.7151",
            "close": "62.8455"
        },
        {
            "time": "20.08.2021 23:57",
            "open": "62.8455",
            "high": "62.8455",
            "low": "62.8455",
            "close": "62.7754"
        },
        {
            "time": "20.08.2021 23:58",
            "open": "62.7754",
            "high": "62.7754",
            "low": "62.7669",
            "close": "62.7835"
        }
    ]
}