{
    "FIL-EUR": [
        {
            "time": "26.08.2021 23:59",
            "open": "62.055",
            "high": "62.055",
            "low": "62.055",
            "close": "62.055"
        },
        {
            "time": "27.08.2021 00:00",
            "open": "62.055",
            "high": "62.055",
            "low": "62.055",
            "close": "62.0392"
        },
        {
            "time": "27.08.2021 00:01",
            "open": "62.0392",
            "high": "62.0392",
            "low": "62.0392",
            "close": "61.9332"
        },
        {
            "time": "27.08.2021 00:06",
            "open": "61.9332",
            "high": "61.9332",
            "low": "61.9332",
            "close": "62.0742"
        },
        {
            "time": "27.08.2021 00:13",
            "open": "62.0742",
            "high": "62.0742",
            "low": "62.0742",
            "close": "62.3074"
        },
        {
            "time": "27.08.2021 00:23",
            "open": "62.3074",
            "high": "62.3074",
            "low": "62.3026",
            "close": "62.2963"
        },
        {
            "time": "27.08.2021 00:25",
            "open": "62.2963",
            "high": "62.2963",
            "low": "62.2963",
            "close": "62.2471"
        },
        {
            "time": "27.08.2021 00:26",
            "open": "62.2471",
            "high": "62.2471",
            "low": "62.2471",
            "close": "62.3773"
        },
        {
            "time": "27.08.2021 00:33",
            "open": "62.3773",
            "high": "62.3773",
            "low": "62.3773",
            "close": "62.2829"
        },
        {
            "time": "27.08.2021 00:35",
            "open": "62.2829",
            "high": "62.2829",
            "low": "62.2782",
            "close": "62.1649"
        },
        {
            "time": "27.08.2021 00:37",
            "open": "62.1649",
            "high": "62.1649",
            "low": "62.1649",
            "close": "62.1962"
        },
        {
            "time": "27.08.2021 00:38",
            "open": "62.1962",
            "high": "62.1962",
            "low": "62.1962",
            "close": "61.9555"
        },
        {
            "time": "27.08.2021 00:52",
            "open": "61.9555",
            "high": "61.9555",
            "low": "61.9555",
            "close": "62.0211"
        },
        {
            "time": "27.08.2021 01:01",
            "open": "62.0211",
            "high": "62.0211",
            "low": "62.0211",
            "close": "61.8519"
        },
        {
            "time": "27.08.2021 01:24",
            "open": "61.8519",
            "high": "61.8519",
            "low": "61.8519",
            "close": "62.1756"
        },
        {
            "time": "27.08.2021 01:43",
            "open": "62.1756",
            "high": "62.1758",
            "low": "62.1756",
            "close": "62.1211"
        },
        {
            "time": "27.08.2021 01:44",
            "open": "62.1211",
            "high": "62.1211",
            "low": "62.0939",
            "close": "62.3444"
        },
        {
            "time": "27.08.2021 01:48",
            "open": "62.3444",
            "high": "62.3444",
            "low": "62.3444",
            "close": "62.2528"
        },
        {
            "time": "27.08.2021 01:51",
            "open": "62.2528",
            "high": "62.2528",
            "low": "62.2528",
            "close": "61.5179"
        },
        {
            "time": "27.08.2021 01:59",
            "open": "61.5179",
            "high": "61.5179",
            "low": "61.482",
            "close": "61.6253"
        },
        {
            "time": "27.08.2021 02:02",
            "open": "61.6253",
            "high": "61.6253",
            "low": "61.6253",
            "close": "61.7726"
        },
        {
            "time": "27.08.2021 02:04",
            "open": "61.7726",
            "high": "61.7726",
            "low": "61.7726",
            "close": "62.3078"
        },
        {
            "time": "27.08.2021 02:06",
            "open": "62.3078",
            "high": "62.3078",
            "low": "62.3078",
            "close": "62.1888"
        },
        {
            "time": "27.08.2021 02:07",
            "open": "62.1888",
            "high": "62.1888",
            "low": "62.0362",
            "close": "61.7195"
        },
        {
            "time": "27.08.2021 02:11",
            "open": "61.7195",
            "high": "61.7195",
            "low": "61.7195",
            "close": "61.5734"
        },
        {
            "time": "27.08.2021 02:13",
            "open": "61.5734",
            "high": "61.5734",
            "low": "61.542",
            "close": "61.2631"
        },
        {
            "time": "27.08.2021 02:16",
            "open": "61.2631",
            "high": "61.2631",
            "low": "61.2631",
            "close": "61.1688"
        },
        {
            "time": "27.08.2021 02:18",
            "open": "61.1688",
            "high": "61.1688",
            "low": "61.1688",
            "close": "60.771"
        },
        {
            "time": "27.08.2021 02:20",
            "open": "60.771",
            "high": "60.771",
            "low": "60.771",
            "close": "60.8066"
        },
        {
            "time": "27.08.2021 02:21",
            "open": "60.8066",
            "high": "60.8066",
            "low": "60.8066",
            "close": "60.75"
        },
        {
            "time": "27.08.2021 02:23",
            "open": "60.75",
            "high": "60.75",
            "low": "60.6287",
            "close": "60.4425"
        },
        {
            "time": "27.08.2021 02:24",
            "open": "60.4425",
            "high": "60.4752",
            "low": "60.3531",
            "close": "60.1831"
        },
        {
            "time": "27.08.2021 02:25",
            "open": "60.1831",
            "high": "60.1876",
            "low": "60",
            "close": "60.5148"
        },
        {
            "time": "27.08.2021 02:28",
            "open": "60.5148",
            "high": "60.5948",
            "low": "60.4248",
            "close": "60.424"
        },
        {
            "time": "27.08.2021 02:29",
            "open": "60.424",
            "high": "60.424",
            "low": "60.424",
            "close": "60.2706"
        },
        {
            "time": "27.08.2021 02:30",
            "open": "60.2706",
            "high": "60.2736",
            "low": "60.2706",
            "close": "60.2642"
        },
        {
            "time": "27.08.2021 02:32",
            "open": "60.2642",
            "high": "60.2642",
            "low": "60.2642",
            "close": "60.2642"
        },
        {
            "time": "27.08.2021 02:33",
            "open": "60.2642",
            "high": "60.448",
            "low": "60.2642",
            "close": "60.605"
        },
        {
            "time": "27.08.2021 02:35",
            "open": "60.605",
            "high": "60.8862",
            "low": "60.605",
            "close": "60.8373"
        },
        {
            "time": "27.08.2021 02:37",
            "open": "60.8373",
            "high": "60.8583",
            "low": "60.8373",
            "close": "60.719"
        },
        {
            "time": "27.08.2021 02:39",
            "open": "60.719",
            "high": "60.719",
            "low": "60.719",
            "close": "60.7704"
        },
        {
            "time": "27.08.2021 02:41",
            "open": "60.7704",
            "high": "60.7704",
            "low": "60.7704",
            "close": "60.5707"
        },
        {
            "time": "27.08.2021 02:42",
            "open": "60.5707",
            "high": "60.6104",
            "low": "60.5707",
            "close": "60.5874"
        },
        {
            "time": "27.08.2021 02:45",
            "open": "60.5874",
            "high": "60.5874",
            "low": "60.5874",
            "close": "61.2698"
        },
        {
            "time": "27.08.2021 02:56",
            "open": "61.2698",
            "high": "61.2698",
            "low": "61.2698",
            "close": "61.2813"
        },
        {
            "time": "27.08.2021 02:57",
            "open": "61.2813",
            "high": "61.2813",
            "low": "61.2813",
            "close": "61.2469"
        },
        {
            "time": "27.08.2021 02:58",
            "open": "61.2469",
            "high": "61.2469",
            "low": "61.2345",
            "close": "61.4113"
        },
        {
            "time": "27.08.2021 02:59",
            "open": "61.4113",
            "high": "61.4113",
            "low": "61.4113",
            "close": "61.6259"
        },
        {
            "time": "27.08.2021 03:04",
            "open": "61.6259",
            "high": "61.6259",
            "low": "61.6259",
            "close": "61.7667"
        },
        {
            "time": "27.08.2021 03:05",
            "open": "61.7667",
            "high": "61.8139",
            "low": "61.7667",
            "close": "61.9161"
        },
        {
            "time": "27.08.2021 03:06",
            "open": "61.9161",
            "high": "61.9912",
            "low": "61.9161",
            "close": "62.2494"
        },
        {
            "time": "27.08.2021 03:07",
            "open": "62.2494",
            "high": "62.2494",
            "low": "62.2494",
            "close": "61.9654"
        },
        {
            "time": "27.08.2021 03:11",
            "open": "61.9654",
            "high": "61.9654",
            "low": "61.9654",
            "close": "62.3676"
        },
        {
            "time": "27.08.2021 03:35",
            "open": "62.3676",
            "high": "62.3676",
            "low": "62.3676",
            "close": "62.239"
        },
        {
            "time": "27.08.2021 03:37",
            "open": "62.239",
            "high": "62.239",
            "low": "62.239",
            "close": "62.0914"
        },
        {
            "time": "27.08.2021 03:39",
            "open": "62.0914",
            "high": "62.0914",
            "low": "62.0914",
            "close": "61.4562"
        },
        {
            "time": "27.08.2021 03:55",
            "open": "61.4562",
            "high": "61.4621",
            "low": "61.4562",
            "close": "61.8977"
        },
        {
            "time": "27.08.2021 04:01",
            "open": "61.8977",
            "high": "61.8977",
            "low": "61.8977",
            "close": "61.7369"
        },
        {
            "time": "27.08.2021 04:08",
            "open": "61.7369",
            "high": "61.7369",
            "low": "61.7369",
            "close": "61.7217"
        },
        {
            "time": "27.08.2021 04:09",
            "open": "61.7217",
            "high": "61.7217",
            "low": "61.7217",
            "close": "61.7824"
        },
        {
            "time": "27.08.2021 04:10",
            "open": "61.7824",
            "high": "61.7824",
            "low": "61.7824",
            "close": "61.8018"
        },
        {
            "time": "27.08.2021 04:25",
            "open": "61.8018",
            "high": "61.8018",
            "low": "61.8018",
            "close": "61.5973"
        },
        {
            "time": "27.08.2021 04:51",
            "open": "61.5973",
            "high": "61.5973",
            "low": "61.5973",
            "close": "61.2631"
        },
        {
            "time": "27.08.2021 05:02",
            "open": "61.2631",
            "high": "61.2631",
            "low": "61.2631",
            "close": "61.0079"
        },
        {
            "time": "27.08.2021 05:06",
            "open": "61.0079",
            "high": "61.0079",
            "low": "61.0079",
            "close": "61.1193"
        },
        {
            "time": "27.08.2021 05:11",
            "open": "61.1193",
            "high": "61.1193",
            "low": "61.1192",
            "close": "61.0802"
        },
        {
            "time": "27.08.2021 05:12",
            "open": "61.0802",
            "high": "61.0802",
            "low": "61.0802",
            "close": "61.1449"
        },
        {
            "time": "27.08.2021 05:14",
            "open": "61.1449",
            "high": "61.1449",
            "low": "61.1449",
            "close": "61.0091"
        },
        {
            "time": "27.08.2021 05:16",
            "open": "61.0091",
            "high": "61.0091",
            "low": "61.0091",
            "close": "60.9275"
        },
        {
            "time": "27.08.2021 05:18",
            "open": "60.9275",
            "high": "60.9275",
            "low": "60.9275",
            "close": "60.7712"
        },
        {
            "time": "27.08.2021 05:20",
            "open": "60.7712",
            "high": "60.8774",
            "low": "60.7712",
            "close": "60.8941"
        },
        {
            "time": "27.08.2021 05:34",
            "open": "60.8941",
            "high": "60.8941",
            "low": "60.8941",
            "close": "60.8041"
        },
        {
            "time": "27.08.2021 05:40",
            "open": "60.8041",
            "high": "60.8041",
            "low": "60.8041",
            "close": "60.5521"
        },
        {
            "time": "27.08.2021 05:46",
            "open": "60.5521",
            "high": "60.5521",
            "low": "60.5521",
            "close": "60.7528"
        },
        {
            "time": "27.08.2021 05:47",
            "open": "60.7528",
            "high": "60.7528",
            "low": "60.7528",
            "close": "60.605"
        },
        {
            "time": "27.08.2021 06:00",
            "open": "60.605",
            "high": "60.605",
            "low": "60.605",
            "close": "60.4901"
        },
        {
            "time": "27.08.2021 06:03",
            "open": "60.4901",
            "high": "60.4901",
            "low": "60.4901",
            "close": "60.5329"
        },
        {
            "time": "27.08.2021 06:05",
            "open": "60.5329",
            "high": "60.5329",
            "low": "60.5329",
            "close": "60.5706"
        },
        {
            "time": "27.08.2021 06:06",
            "open": "60.5706",
            "high": "60.5706",
            "low": "60.5706",
            "close": "60.4817"
        },
        {
            "time": "27.08.2021 06:08",
            "open": "60.4817",
            "high": "60.4817",
            "low": "60.3989",
            "close": "60.405"
        },
        {
            "time": "27.08.2021 06:09",
            "open": "60.405",
            "high": "60.405",
            "low": "60.405",
            "close": "60.5007"
        },
        {
            "time": "27.08.2021 06:11",
            "open": "60.5007",
            "high": "60.5007",
            "low": "60.5007",
            "close": "60.4345"
        },
        {
            "time": "27.08.2021 06:12",
            "open": "60.4345",
            "high": "60.4345",
            "low": "60.4345",
            "close": "60.2726"
        },
        {
            "time": "27.08.2021 06:15",
            "open": "60.2726",
            "high": "60.2726",
            "low": "60.2726",
            "close": "60.2492"
        },
        {
            "time": "27.08.2021 06:16",
            "open": "60.2492",
            "high": "60.2492",
            "low": "60.2492",
            "close": "60.2513"
        },
        {
            "time": "27.08.2021 06:18",
            "open": "60.2513",
            "high": "60.2516",
            "low": "60.2513",
            "close": "60.1894"
        },
        {
            "time": "27.08.2021 06:19",
            "open": "60.1894",
            "high": "60.1894",
            "low": "60.1894",
            "close": "60.2202"
        },
        {
            "time": "27.08.2021 06:20",
            "open": "60.2202",
            "high": "60.2202",
            "low": "60.2202",
            "close": "60.0984"
        },
        {
            "time": "27.08.2021 06:25",
            "open": "60.0984",
            "high": "60.0984",
            "low": "60.0984",
            "close": "60.338"
        },
        {
            "time": "27.08.2021 06:36",
            "open": "60.338",
            "high": "60.338",
            "low": "60.338",
            "close": "60.4553"
        },
        {
            "time": "27.08.2021 06:39",
            "open": "60.4553",
            "high": "60.4553",
            "low": "60.3626",
            "close": "60.3536"
        },
        {
            "time": "27.08.2021 06:41",
            "open": "60.3536",
            "high": "60.3536",
            "low": "60.3536",
            "close": "60.5353"
        },
        {
            "time": "27.08.2021 06:44",
            "open": "60.5353",
            "high": "60.5353",
            "low": "60.5353",
            "close": "60.6714"
        },
        {
            "time": "27.08.2021 06:48",
            "open": "60.6714",
            "high": "60.7243",
            "low": "60.6714",
            "close": "60.5186"
        },
        {
            "time": "27.08.2021 06:52",
            "open": "60.5186",
            "high": "60.528",
            "low": "60.5186",
            "close": "60.674"
        },
        {
            "time": "27.08.2021 06:57",
            "open": "60.674",
            "high": "60.674",
            "low": "60.674",
            "close": "60.7245"
        },
        {
            "time": "27.08.2021 07:01",
            "open": "60.7245",
            "high": "60.7245",
            "low": "60.7245",
            "close": "61.2209"
        },
        {
            "time": "27.08.2021 07:28",
            "open": "61.2209",
            "high": "61.2209",
            "low": "61.2209",
            "close": "61.1138"
        },
        {
            "time": "27.08.2021 07:34",
            "open": "61.1138",
            "high": "61.1268",
            "low": "61.1138",
            "close": "61.1185"
        },
        {
            "time": "27.08.2021 07:35",
            "open": "61.1185",
            "high": "61.1185",
            "low": "61.1185",
            "close": "61.155"
        },
        {
            "time": "27.08.2021 07:38",
            "open": "61.155",
            "high": "61.155",
            "low": "61.155",
            "close": "61.2997"
        },
        {
            "time": "27.08.2021 07:40",
            "open": "61.2997",
            "high": "61.2997",
            "low": "61.2997",
            "close": "61.1467"
        },
        {
            "time": "27.08.2021 07:42",
            "open": "61.1467",
            "high": "61.1467",
            "low": "61.1467",
            "close": "60.9887"
        },
        {
            "time": "27.08.2021 07:51",
            "open": "60.9887",
            "high": "60.9887",
            "low": "60.9887",
            "close": "60.9751"
        },
        {
            "time": "27.08.2021 07:53",
            "open": "60.9751",
            "high": "60.9751",
            "low": "60.9751",
            "close": "60.9931"
        },
        {
            "time": "27.08.2021 07:56",
            "open": "60.9931",
            "high": "60.9931",
            "low": "60.9921",
            "close": "60.9765"
        },
        {
            "time": "27.08.2021 07:57",
            "open": "60.9765",
            "high": "60.9765",
            "low": "60.9765",
            "close": "61.1052"
        },
        {
            "time": "27.08.2021 08:00",
            "open": "61.1052",
            "high": "61.1052",
            "low": "61.1052",
            "close": "60.943"
        },
        {
            "time": "27.08.2021 08:03",
            "open": "60.943",
            "high": "60.943",
            "low": "60.943",
            "close": "61.0266"
        },
        {
            "time": "27.08.2021 08:07",
            "open": "61.0266",
            "high": "61.0266",
            "low": "61.0266",
            "close": "61.0741"
        },
        {
            "time": "27.08.2021 08:08",
            "open": "61.0741",
            "high": "61.0741",
            "low": "61.0741",
            "close": "61.1195"
        },
        {
            "time": "27.08.2021 08:13",
            "open": "61.1195",
            "high": "61.1195",
            "low": "61.1195",
            "close": "61.0271"
        },
        {
            "time": "27.08.2021 08:15",
            "open": "61.0271",
            "high": "61.0271",
            "low": "61.0271",
            "close": "60.9474"
        },
        {
            "time": "27.08.2021 08:17",
            "open": "60.9474",
            "high": "60.9474",
            "low": "60.9474",
            "close": "61.0638"
        },
        {
            "time": "27.08.2021 08:20",
            "open": "61.0638",
            "high": "61.1394",
            "low": "61.0638",
            "close": "61.0451"
        },
        {
            "time": "27.08.2021 08:21",
            "open": "61.0451",
            "high": "61.1729",
            "low": "61.0451",
            "close": "61.1528"
        },
        {
            "time": "27.08.2021 08:26",
            "open": "61.1528",
            "high": "61.1528",
            "low": "61.1528",
            "close": "61.2275"
        },
        {
            "time": "27.08.2021 08:30",
            "open": "61.2275",
            "high": "61.2275",
            "low": "61.2275",
            "close": "61.0222"
        },
        {
            "time": "27.08.2021 08:40",
            "open": "61.0222",
            "high": "61.0222",
            "low": "61.0212",
            "close": "61.038"
        },
        {
            "time": "27.08.2021 08:41",
            "open": "61.038",
            "high": "61.038",
            "low": "61.038",
            "close": "61.0754"
        },
        {
            "time": "27.08.2021 08:43",
            "open": "61.0754",
            "high": "61.0754",
            "low": "61.0754",
            "close": "61.1417"
        },
        {
            "time": "27.08.2021 08:44",
            "open": "61.1417",
            "high": "61.1417",
            "low": "61.1417",
            "close": "61.2558"
        },
        {
            "time": "27.08.2021 08:48",
            "open": "61.2558",
            "high": "61.2558",
            "low": "61.2558",
            "close": "61.3243"
        },
        {
            "time": "27.08.2021 08:49",
            "open": "61.3243",
            "high": "61.3819",
            "low": "61.3118",
            "close": "61.3261"
        },
        {
            "time": "27.08.2021 08:50",
            "open": "61.3261",
            "high": "61.375",
            "low": "61.3261",
            "close": "61.3318"
        },
        {
            "time": "27.08.2021 08:54",
            "open": "61.3318",
            "high": "61.3318",
            "low": "61.3279",
            "close": "61.4389"
        },
        {
            "time": "27.08.2021 08:55",
            "open": "61.4389",
            "high": "61.4389",
            "low": "61.4389",
            "close": "61.4055"
        },
        {
            "time": "27.08.2021 08:57",
            "open": "61.4055",
            "high": "61.4055",
            "low": "61.4055",
            "close": "61.5283"
        },
        {
            "time": "27.08.2021 08:59",
            "open": "61.5283",
            "high": "61.5283",
            "low": "61.4701",
            "close": "61.4615"
        },
        {
            "time": "27.08.2021 09:00",
            "open": "61.4615",
            "high": "61.4615",
            "low": "61.4615",
            "close": "61.4082"
        },
        {
            "time": "27.08.2021 09:05",
            "open": "61.3922",
            "high": "61.3922",
            "low": "61.3922",
            "close": "61.3792"
        },
        {
            "time": "27.08.2021 09:08",
            "open": "61.3792",
            "high": "61.4",
            "low": "61.3792",
            "close": "61.3788"
        },
        {
            "time": "27.08.2021 09:10",
            "open": "61.3788",
            "high": "61.3788",
            "low": "61.3788",
            "close": "61.3236"
        },
        {
            "time": "27.08.2021 09:13",
            "open": "61.3236",
            "high": "61.3237",
            "low": "61.3236",
            "close": "61.0087"
        },
        {
            "time": "27.08.2021 09:20",
            "open": "61.0087",
            "high": "61.0087",
            "low": "61.0087",
            "close": "60.9696"
        },
        {
            "time": "27.08.2021 09:21",
            "open": "60.9696",
            "high": "60.9696",
            "low": "60.9696",
            "close": "61.0264"
        },
        {
            "time": "27.08.2021 09:22",
            "open": "61.0264",
            "high": "61.0264",
            "low": "61.0264",
            "close": "61.2969"
        },
        {
            "time": "27.08.2021 09:24",
            "open": "61.2969",
            "high": "61.2969",
            "low": "61.2969",
            "close": "61.484"
        },
        {
            "time": "27.08.2021 09:25",
            "open": "61.484",
            "high": "61.5075",
            "low": "61.484",
            "close": "61.1909"
        },
        {
            "time": "27.08.2021 09:29",
            "open": "61.1909",
            "high": "61.1909",
            "low": "61.1909",
            "close": "61.3584"
        },
        {
            "time": "27.08.2021 09:31",
            "open": "61.3584",
            "high": "61.3584",
            "low": "61.3584",
            "close": "61.2317"
        },
        {
            "time": "27.08.2021 09:32",
            "open": "61.2317",
            "high": "61.2385",
            "low": "61.2317",
            "close": "61.23"
        },
        {
            "time": "27.08.2021 09:33",
            "open": "61.23",
            "high": "61.23",
            "low": "61.23",
            "close": "61.4711"
        },
        {
            "time": "27.08.2021 09:36",
            "open": "61.4711",
            "high": "61.4711",
            "low": "61.4711",
            "close": "61.4657"
        },
        {
            "time": "27.08.2021 09:39",
            "open": "61.4657",
            "high": "61.4657",
            "low": "61.4657",
            "close": "61.4844"
        },
        {
            "time": "27.08.2021 09:40",
            "open": "61.4844",
            "high": "61.5377",
            "low": "61.478",
            "close": "61.5822"
        },
        {
            "time": "27.08.2021 09:41",
            "open": "61.5822",
            "high": "61.5822",
            "low": "61.5382",
            "close": "61.3852"
        },
        {
            "time": "27.08.2021 09:44",
            "open": "61.3852",
            "high": "61.3852",
            "low": "61.3852",
            "close": "61.3697"
        },
        {
            "time": "27.08.2021 09:46",
            "open": "61.3697",
            "high": "61.3697",
            "low": "61.3697",
            "close": "61.4222"
        },
        {
            "time": "27.08.2021 09:50",
            "open": "61.4222",
            "high": "61.4222",
            "low": "61.4222",
            "close": "61.3409"
        },
        {
            "time": "27.08.2021 09:52",
            "open": "61.3409",
            "high": "61.4172",
            "low": "61.3409",
            "close": "61.7999"
        },
        {
            "time": "27.08.2021 09:57",
            "open": "61.815",
            "high": "61.815",
            "low": "61.815",
            "close": "61.908"
        },
        {
            "time": "27.08.2021 09:59",
            "open": "61.908",
            "high": "61.908",
            "low": "61.908",
            "close": "61.9734"
        },
        {
            "time": "27.08.2021 10:02",
            "open": "61.9734",
            "high": "61.9734",
            "low": "61.9734",
            "close": "61.9526"
        },
        {
            "time": "27.08.2021 10:04",
            "open": "61.9526",
            "high": "61.9905",
            "low": "61.9526",
            "close": "62.0837"
        },
        {
            "time": "27.08.2021 10:06",
            "open": "62.0837",
            "high": "62.0844",
            "low": "62.0241",
            "close": "62.0535"
        },
        {
            "time": "27.08.2021 10:07",
            "open": "62.0535",
            "high": "62.0535",
            "low": "62.0535",
            "close": "62.0362"
        },
        {
            "time": "27.08.2021 10:08",
            "open": "62.0362",
            "high": "62.0362",
            "low": "62.0362",
            "close": "61.9673"
        },
        {
            "time": "27.08.2021 10:09",
            "open": "61.9673",
            "high": "61.9673",
            "low": "61.9673",
            "close": "61.679"
        },
        {
            "time": "27.08.2021 10:19",
            "open": "61.679",
            "high": "61.679",
            "low": "61.679",
            "close": "61.7092"
        },
        {
            "time": "27.08.2021 10:20",
            "open": "61.7092",
            "high": "61.7092",
            "low": "61.7092",
            "close": "61.6464"
        },
        {
            "time": "27.08.2021 10:21",
            "open": "61.6464",
            "high": "61.6464",
            "low": "61.6464",
            "close": "61.6412"
        },
        {
            "time": "27.08.2021 10:28",
            "open": "61.6412",
            "high": "61.6412",
            "low": "61.6412",
            "close": "61.5455"
        },
        {
            "time": "27.08.2021 10:29",
            "open": "61.5455",
            "high": "61.5944",
            "low": "61.5455",
            "close": "61.5949"
        },
        {
            "time": "27.08.2021 10:31",
            "open": "61.5949",
            "high": "61.5949",
            "low": "61.5949",
            "close": "61.7347"
        },
        {
            "time": "27.08.2021 10:35",
            "open": "61.7347",
            "high": "61.7348",
            "low": "61.7347",
            "close": "61.8284"
        },
        {
            "time": "27.08.2021 10:38",
            "open": "61.8284",
            "high": "61.8284",
            "low": "61.8284",
            "close": "61.7146"
        },
        {
            "time": "27.08.2021 10:39",
            "open": "61.7146",
            "high": "61.7146",
            "low": "61.7146",
            "close": "61.5725"
        },
        {
            "time": "27.08.2021 10:47",
            "open": "61.5725",
            "high": "61.5779",
            "low": "61.5725",
            "close": "61.5175"
        },
        {
            "time": "27.08.2021 10:49",
            "open": "61.5175",
            "high": "61.5175",
            "low": "61.5175",
            "close": "61.4938"
        },
        {
            "time": "27.08.2021 10:55",
            "open": "61.4938",
            "high": "61.4938",
            "low": "61.4938",
            "close": "61.3274"
        },
        {
            "time": "27.08.2021 10:57",
            "open": "61.3274",
            "high": "61.3274",
            "low": "61.2631",
            "close": "61.2743"
        },
        {
            "time": "27.08.2021 10:58",
            "open": "61.2743",
            "high": "61.2743",
            "low": "61.2743",
            "close": "60.912"
        },
        {
            "time": "27.08.2021 11:03",
            "open": "60.912",
            "high": "60.912",
            "low": "60.912",
            "close": "61.0566"
        },
        {
            "time": "27.08.2021 11:09",
            "open": "61.0566",
            "high": "61.0566",
            "low": "61.0543",
            "close": "61.0413"
        },
        {
            "time": "27.08.2021 11:12",
            "open": "61.0413",
            "high": "61.0473",
            "low": "61.0413",
            "close": "61.1753"
        },
        {
            "time": "27.08.2021 11:17",
            "open": "61.1753",
            "high": "61.1905",
            "low": "61.1551",
            "close": "61.3904"
        },
        {
            "time": "27.08.2021 11:20",
            "open": "61.3904",
            "high": "61.3904",
            "low": "61.3042",
            "close": "61.1298"
        },
        {
            "time": "27.08.2021 11:26",
            "open": "61.1298",
            "high": "61.1298",
            "low": "61.1298",
            "close": "60.9414"
        },
        {
            "time": "27.08.2021 11:28",
            "open": "60.9414",
            "high": "60.9414",
            "low": "60.9414",
            "close": "61.1098"
        },
        {
            "time": "27.08.2021 11:29",
            "open": "61.1098",
            "high": "61.1098",
            "low": "61.1098",
            "close": "61.1228"
        },
        {
            "time": "27.08.2021 11:33",
            "open": "61.1228",
            "high": "61.1228",
            "low": "61.1228",
            "close": "61.518"
        },
        {
            "time": "27.08.2021 11:48",
            "open": "61.518",
            "high": "61.5508",
            "low": "61.518",
            "close": "61.3925"
        },
        {
            "time": "27.08.2021 11:51",
            "open": "61.3925",
            "high": "61.3925",
            "low": "61.3925",
            "close": "61.3684"
        },
        {
            "time": "27.08.2021 11:53",
            "open": "61.3684",
            "high": "61.3684",
            "low": "61.3684",
            "close": "61.5366"
        },
        {
            "time": "27.08.2021 12:11",
            "open": "61.5366",
            "high": "61.5366",
            "low": "61.5366",
            "close": "61.4624"
        },
        {
            "time": "27.08.2021 12:12",
            "open": "61.4624",
            "high": "61.4624",
            "low": "61.4493",
            "close": "61.2485"
        },
        {
            "time": "27.08.2021 12:25",
            "open": "61.2485",
            "high": "61.2485",
            "low": "61.2485",
            "close": "61.4189"
        },
        {
            "time": "27.08.2021 12:31",
            "open": "61.4189",
            "high": "61.4189",
            "low": "61.4189",
            "close": "61.4397"
        },
        {
            "time": "27.08.2021 12:38",
            "open": "61.4397",
            "high": "61.4397",
            "low": "61.4397",
            "close": "61.5082"
        },
        {
            "time": "27.08.2021 12:39",
            "open": "61.5082",
            "high": "61.5082",
            "low": "61.5082",
            "close": "61.3887"
        },
        {
            "time": "27.08.2021 12:41",
            "open": "61.3887",
            "high": "61.4004",
            "low": "61.3887",
            "close": "61.7999"
        },
        {
            "time": "27.08.2021 12:50",
            "open": "61.7999",
            "high": "61.7999",
            "low": "61.7999",
            "close": "61.7661"
        },
        {
            "time": "27.08.2021 12:53",
            "open": "61.7661",
            "high": "61.7661",
            "low": "61.7661",
            "close": "61.7197"
        },
        {
            "time": "27.08.2021 12:55",
            "open": "61.7197",
            "high": "61.7725",
            "low": "61.7087",
            "close": "61.8458"
        },
        {
            "time": "27.08.2021 12:59",
            "open": "61.8458",
            "high": "61.8458",
            "low": "61.8458",
            "close": "61.9357"
        },
        {
            "time": "27.08.2021 13:07",
            "open": "61.9357",
            "high": "61.9357",
            "low": "61.9357",
            "close": "61.9222"
        },
        {
            "time": "27.08.2021 13:08",
            "open": "61.9222",
            "high": "61.9222",
            "low": "61.9222",
            "close": "61.9126"
        },
        {
            "time": "27.08.2021 13:16",
            "open": "61.9126",
            "high": "61.9126",
            "low": "61.9126",
            "close": "61.9545"
        },
        {
            "time": "27.08.2021 13:20",
            "open": "61.9545",
            "high": "61.9545",
            "low": "61.9545",
            "close": "61.9484"
        },
        {
            "time": "27.08.2021 13:22",
            "open": "61.9484",
            "high": "61.9484",
            "low": "61.9484",
            "close": "62.0688"
        },
        {
            "time": "27.08.2021 13:24",
            "open": "62.0688",
            "high": "62.0688",
            "low": "62.0688",
            "close": "62.1131"
        },
        {
            "time": "27.08.2021 13:25",
            "open": "62.1131",
            "high": "62.1131",
            "low": "62.1121",
            "close": "62.1504"
        },
        {
            "time": "27.08.2021 13:26",
            "open": "62.1504",
            "high": "62.1504",
            "low": "62.1504",
            "close": "62.2437"
        },
        {
            "time": "27.08.2021 13:27",
            "open": "62.2437",
            "high": "62.2572",
            "low": "62.2437",
            "close": "62.1799"
        },
        {
            "time": "27.08.2021 13:28",
            "open": "62.1799",
            "high": "62.1799",
            "low": "62.1179",
            "close": "62.3347"
        },
        {
            "time": "27.08.2021 13:33",
            "open": "62.3347",
            "high": "62.3347",
            "low": "62.328",
            "close": "62.375"
        },
        {
            "time": "27.08.2021 13:34",
            "open": "62.375",
            "high": "62.375",
            "low": "62.375",
            "close": "62.2917"
        },
        {
            "time": "27.08.2021 13:35",
            "open": "62.2917",
            "high": "62.2917",
            "low": "62.2917",
            "close": "62.2792"
        },
        {
            "time": "27.08.2021 13:40",
            "open": "62.2792",
            "high": "62.2792",
            "low": "62.2792",
            "close": "62.2237"
        },
        {
            "time": "27.08.2021 13:45",
            "open": "62.2237",
            "high": "62.2237",
            "low": "62.2237",
            "close": "61.935"
        },
        {
            "time": "27.08.2021 13:59",
            "open": "61.935",
            "high": "61.935",
            "low": "61.935",
            "close": "61.8682"
        },
        {
            "time": "27.08.2021 14:01",
            "open": "61.8682",
            "high": "61.8682",
            "low": "61.8682",
            "close": "62.0634"
        },
        {
            "time": "27.08.2021 14:05",
            "open": "62.0634",
            "high": "62.1101",
            "low": "62.0634",
            "close": "62.3102"
        },
        {
            "time": "27.08.2021 14:17",
            "open": "62.3102",
            "high": "62.3102",
            "low": "62.3102",
            "close": "62.2083"
        },
        {
            "time": "27.08.2021 14:18",
            "open": "62.2083",
            "high": "62.2083",
            "low": "62.2035",
            "close": "62.0898"
        },
        {
            "time": "27.08.2021 14:20",
            "open": "62.0898",
            "high": "62.1002",
            "low": "62.0898",
            "close": "62.1886"
        },
        {
            "time": "27.08.2021 14:21",
            "open": "62.1886",
            "high": "62.1915",
            "low": "62.1886",
            "close": "62.1933"
        },
        {
            "time": "27.08.2021 14:22",
            "open": "62.1933",
            "high": "62.1933",
            "low": "62.1933",
            "close": "62.2132"
        },
        {
            "time": "27.08.2021 14:25",
            "open": "62.2132",
            "high": "62.2133",
            "low": "62.2132",
            "close": "62.2274"
        },
        {
            "time": "27.08.2021 14:26",
            "open": "62.2274",
            "high": "62.2274",
            "low": "62.2261",
            "close": "62.0555"
        },
        {
            "time": "27.08.2021 14:37",
            "open": "62.0555",
            "high": "62.0555",
            "low": "62.0555",
            "close": "61.8658"
        },
        {
            "time": "27.08.2021 14:40",
            "open": "61.8658",
            "high": "61.8658",
            "low": "61.8658",
            "close": "61.8855"
        },
        {
            "time": "27.08.2021 14:41",
            "open": "61.8855",
            "high": "61.9042",
            "low": "61.8855",
            "close": "61.9348"
        },
        {
            "time": "27.08.2021 14:42",
            "open": "61.9348",
            "high": "61.9348",
            "low": "61.9348",
            "close": "62.0233"
        },
        {
            "time": "27.08.2021 14:46",
            "open": "62.0233",
            "high": "62.0233",
            "low": "62.0233",
            "close": "62.1177"
        },
        {
            "time": "27.08.2021 14:51",
            "open": "62.1177",
            "high": "62.1728",
            "low": "62.1177",
            "close": "62.1482"
        },
        {
            "time": "27.08.2021 14:53",
            "open": "62.1482",
            "high": "62.1482",
            "low": "62.1482",
            "close": "62.1174"
        },
        {
            "time": "27.08.2021 14:58",
            "open": "62.1174",
            "high": "62.1174",
            "low": "62.1174",
            "close": "62.1153"
        },
        {
            "time": "27.08.2021 15:04",
            "open": "62.1153",
            "high": "62.1153",
            "low": "62.1153",
            "close": "61.9989"
        },
        {
            "time": "27.08.2021 15:07",
            "open": "61.9989",
            "high": "61.9989",
            "low": "61.9989",
            "close": "61.7883"
        },
        {
            "time": "27.08.2021 15:10",
            "open": "61.7883",
            "high": "61.7883",
            "low": "61.7883",
            "close": "61.847"
        },
        {
            "time": "27.08.2021 15:14",
            "open": "61.847",
            "high": "61.847",
            "low": "61.847",
            "close": "61.814"
        },
        {
            "time": "27.08.2021 15:15",
            "open": "61.814",
            "high": "61.814",
            "low": "61.814",
            "close": "61.6499"
        },
        {
            "time": "27.08.2021 15:17",
            "open": "61.6499",
            "high": "61.6811",
            "low": "61.6499",
            "close": "61.6769"
        },
        {
            "time": "27.08.2021 15:19",
            "open": "61.6769",
            "high": "61.6769",
            "low": "61.6769",
            "close": "61.7892"
        },
        {
            "time": "27.08.2021 15:25",
            "open": "61.7892",
            "high": "61.7892",
            "low": "61.7273",
            "close": "61.6333"
        },
        {
            "time": "27.08.2021 15:28",
            "open": "61.6333",
            "high": "61.6333",
            "low": "61.6333",
            "close": "61.6728"
        },
        {
            "time": "27.08.2021 15:29",
            "open": "61.6728",
            "high": "61.6728",
            "low": "61.6728",
            "close": "61.7615"
        },
        {
            "time": "27.08.2021 15:31",
            "open": "61.7615",
            "high": "61.7815",
            "low": "61.7615",
            "close": "61.8249"
        },
        {
            "time": "27.08.2021 15:34",
            "open": "61.8249",
            "high": "61.8249",
            "low": "61.8249",
            "close": "61.7449"
        },
        {
            "time": "27.08.2021 15:44",
            "open": "61.7449",
            "high": "61.7449",
            "low": "61.7449",
            "close": "61.8585"
        },
        {
            "time": "27.08.2021 15:49",
            "open": "61.8585",
            "high": "61.8585",
            "low": "61.8583",
            "close": "61.7871"
        },
        {
            "time": "27.08.2021 15:54",
            "open": "61.7871",
            "high": "61.7871",
            "low": "61.7871",
            "close": "61.7576"
        },
        {
            "time": "27.08.2021 15:55",
            "open": "61.7576",
            "high": "61.7576",
            "low": "61.7576",
            "close": "61.7631"
        },
        {
            "time": "27.08.2021 16:00",
            "open": "61.7631",
            "high": "61.7631",
            "low": "61.7154",
            "close": "61.9039"
        },
        {
            "time": "27.08.2021 16:01",
            "open": "61.9039",
            "high": "62.0194",
            "low": "61.9039",
            "close": "62.225"
        },
        {
            "time": "27.08.2021 16:08",
            "open": "62.225",
            "high": "62.225",
            "low": "62.225",
            "close": "62.2091"
        },
        {
            "time": "27.08.2021 16:10",
            "open": "62.2091",
            "high": "62.2091",
            "low": "62.2091",
            "close": "62.3156"
        },
        {
            "time": "27.08.2021 16:11",
            "open": "62.3156",
            "high": "62.3156",
            "low": "62.3156",
            "close": "62.3887"
        },
        {
            "time": "27.08.2021 16:13",
            "open": "62.3887",
            "high": "62.4569",
            "low": "62.3887",
            "close": "62.3878"
        },
        {
            "time": "27.08.2021 16:14",
            "open": "62.3878",
            "high": "62.3878",
            "low": "62.33",
            "close": "62.5677"
        },
        {
            "time": "27.08.2021 16:17",
            "open": "62.5677",
            "high": "62.5677",
            "low": "62.5677",
            "close": "62.627"
        },
        {
            "time": "27.08.2021 16:18",
            "open": "62.627",
            "high": "62.627",
            "low": "62.5965",
            "close": "62.39"
        },
        {
            "time": "27.08.2021 16:19",
            "open": "62.39",
            "high": "62.39",
            "low": "62.39",
            "close": "62.6661"
        },
        {
            "time": "27.08.2021 16:22",
            "open": "62.6661",
            "high": "62.6661",
            "low": "62.5864",
            "close": "62.7258"
        },
        {
            "time": "27.08.2021 16:23",
            "open": "62.7258",
            "high": "62.7258",
            "low": "62.7258",
            "close": "62.8647"
        },
        {
            "time": "27.08.2021 16:24",
            "open": "62.8647",
            "high": "62.872",
            "low": "62.8647",
            "close": "62.9408"
        },
        {
            "time": "27.08.2021 16:26",
            "open": "62.9408",
            "high": "63.0346",
            "low": "62.9408",
            "close": "63.0272"
        },
        {
            "time": "27.08.2021 16:28",
            "open": "63.0272",
            "high": "63.0272",
            "low": "63.0272",
            "close": "62.9642"
        },
        {
            "time": "27.08.2021 16:29",
            "open": "62.9642",
            "high": "62.9642",
            "low": "62.9642",
            "close": "63.2329"
        },
        {
            "time": "27.08.2021 16:30",
            "open": "63.2329",
            "high": "63.272",
            "low": "63.1584",
            "close": "63.1727"
        },
        {
            "time": "27.08.2021 16:31",
            "open": "63.1727",
            "high": "63.3825",
            "low": "63.1427",
            "close": "63.4184"
        },
        {
            "time": "27.08.2021 16:32",
            "open": "63.4184",
            "high": "63.4357",
            "low": "63.3649",
            "close": "63.3022"
        },
        {
            "time": "27.08.2021 16:33",
            "open": "63.3022",
            "high": "63.3697",
            "low": "63.1913",
            "close": "63.1432"
        },
        {
            "time": "27.08.2021 16:34",
            "open": "63.1432",
            "high": "63.1762",
            "low": "63.1432",
            "close": "63.2109"
        },
        {
            "time": "27.08.2021 16:36",
            "open": "63.2109",
            "high": "63.2251",
            "low": "63.084",
            "close": "62.864"
        },
        {
            "time": "27.08.2021 16:38",
            "open": "62.864",
            "high": "62.864",
            "low": "62.8515",
            "close": "62.7548"
        },
        {
            "time": "27.08.2021 16:39",
            "open": "62.7548",
            "high": "62.7548",
            "low": "62.7548",
            "close": "62.9106"
        },
        {
            "time": "27.08.2021 16:45",
            "open": "62.9106",
            "high": "62.9152",
            "low": "62.9106",
            "close": "62.9259"
        },
        {
            "time": "27.08.2021 16:58",
            "open": "62.9259",
            "high": "62.9259",
            "low": "62.9259",
            "close": "63.0052"
        },
        {
            "time": "27.08.2021 16:59",
            "open": "63.0052",
            "high": "63.0052",
            "low": "63.0052",
            "close": "63.2"
        },
        {
            "time": "27.08.2021 17:03",
            "open": "63.2",
            "high": "63.2",
            "low": "63.2",
            "close": "63.421"
        },
        {
            "time": "27.08.2021 17:08",
            "open": "63.421",
            "high": "63.421",
            "low": "63.421",
            "close": "63.1749"
        },
        {
            "time": "27.08.2021 17:11",
            "open": "63.1749",
            "high": "63.1749",
            "low": "63.1749",
            "close": "63.1962"
        },
        {
            "time": "27.08.2021 17:16",
            "open": "63.1962",
            "high": "63.1962",
            "low": "63.1962",
            "close": "62.9348"
        },
        {
            "time": "27.08.2021 17:19",
            "open": "62.9348",
            "high": "62.9348",
            "low": "62.9348",
            "close": "62.9739"
        },
        {
            "time": "27.08.2021 17:20",
            "open": "62.9739",
            "high": "63.0184",
            "low": "62.9739",
            "close": "63.0412"
        },
        {
            "time": "27.08.2021 17:21",
            "open": "63.0412",
            "high": "63.0412",
            "low": "63.0412",
            "close": "62.9297"
        },
        {
            "time": "27.08.2021 17:27",
            "open": "62.9297",
            "high": "62.9297",
            "low": "62.9297",
            "close": "62.902"
        },
        {
            "time": "27.08.2021 17:29",
            "open": "62.902",
            "high": "62.902",
            "low": "62.902",
            "close": "62.9439"
        },
        {
            "time": "27.08.2021 17:32",
            "open": "62.9439",
            "high": "62.9439",
            "low": "62.9439",
            "close": "62.8398"
        },
        {
            "time": "27.08.2021 17:37",
            "open": "62.8398",
            "high": "62.8398",
            "low": "62.8398",
            "close": "62.7493"
        },
        {
            "time": "27.08.2021 17:43",
            "open": "62.7493",
            "high": "62.902",
            "low": "62.7463",
            "close": "62.8057"
        },
        {
            "time": "27.08.2021 17:44",
            "open": "62.8057",
            "high": "62.8057",
            "low": "62.8057",
            "close": "62.9301"
        },
        {
            "time": "27.08.2021 17:46",
            "open": "62.9301",
            "high": "62.9301",
            "low": "62.9301",
            "close": "63.0366"
        },
        {
            "time": "27.08.2021 17:47",
            "open": "63.0366",
            "high": "63.0366",
            "low": "63.0366",
            "close": "63.0618"
        },
        {
            "time": "27.08.2021 17:58",
            "open": "63.0618",
            "high": "63.0619",
            "low": "63.0618",
            "close": "63.0702"
        },
        {
            "time": "27.08.2021 18:00",
            "open": "63.0702",
            "high": "63.135",
            "low": "63.0702",
            "close": "63.2219"
        },
        {
            "time": "27.08.2021 18:02",
            "open": "63.2219",
            "high": "63.2219",
            "low": "63.1493",
            "close": "63.1154"
        },
        {
            "time": "27.08.2021 18:03",
            "open": "63.1154",
            "high": "63.1154",
            "low": "63.1154",
            "close": "63.0714"
        },
        {
            "time": "27.08.2021 18:04",
            "open": "63.0714",
            "high": "63.0714",
            "low": "63.0714",
            "close": "63.048"
        },
        {
            "time": "27.08.2021 18:06",
            "open": "63.048",
            "high": "63.0482",
            "low": "63.048",
            "close": "62.8844"
        },
        {
            "time": "27.08.2021 18:07",
            "open": "62.8844",
            "high": "62.9872",
            "low": "62.8844",
            "close": "62.885"
        },
        {
            "time": "27.08.2021 18:09",
            "open": "62.885",
            "high": "62.885",
            "low": "62.885",
            "close": "62.9269"
        },
        {
            "time": "27.08.2021 18:10",
            "open": "62.9269",
            "high": "62.9269",
            "low": "62.9269",
            "close": "62.8926"
        },
        {
            "time": "27.08.2021 18:11",
            "open": "62.8926",
            "high": "62.8926",
            "low": "62.85",
            "close": "62.7963"
        },
        {
            "time": "27.08.2021 18:12",
            "open": "62.7963",
            "high": "62.8252",
            "low": "62.7685",
            "close": "62.6062"
        },
        {
            "time": "27.08.2021 18:15",
            "open": "62.6062",
            "high": "62.6062",
            "low": "62.6062",
            "close": "62.6071"
        },
        {
            "time": "27.08.2021 18:17",
            "open": "62.6071",
            "high": "62.6071",
            "low": "62.5353",
            "close": "62.5005"
        },
        {
            "time": "27.08.2021 18:22",
            "open": "62.5005",
            "high": "62.5005",
            "low": "62.5005",
            "close": "62.3874"
        },
        {
            "time": "27.08.2021 18:24",
            "open": "62.3874",
            "high": "62.3874",
            "low": "62.3874",
            "close": "62.4499"
        },
        {
            "time": "27.08.2021 18:30",
            "open": "62.4499",
            "high": "62.4499",
            "low": "62.4499",
            "close": "62.4846"
        },
        {
            "time": "27.08.2021 18:34",
            "open": "62.4846",
            "high": "62.4846",
            "low": "62.4846",
            "close": "62.6148"
        },
        {
            "time": "27.08.2021 18:40",
            "open": "62.6148",
            "high": "62.6148",
            "low": "62.5991",
            "close": "62.6326"
        },
        {
            "time": "27.08.2021 18:41",
            "open": "62.6326",
            "high": "62.6327",
            "low": "62.6326",
            "close": "62.7521"
        },
        {
            "time": "27.08.2021 18:45",
            "open": "62.7521",
            "high": "62.8196",
            "low": "62.7521",
            "close": "62.8246"
        },
        {
            "time": "27.08.2021 18:46",
            "open": "62.8246",
            "high": "62.8426",
            "low": "62.8246",
            "close": "62.8325"
        },
        {
            "time": "27.08.2021 18:47",
            "open": "62.8325",
            "high": "62.8325",
            "low": "62.7963",
            "close": "62.9183"
        },
        {
            "time": "27.08.2021 18:53",
            "open": "62.9183",
            "high": "62.9183",
            "low": "62.9183",
            "close": "63.0236"
        },
        {
            "time": "27.08.2021 18:57",
            "open": "63.0236",
            "high": "63.0236",
            "low": "63.0236",
            "close": "63.0462"
        },
        {
            "time": "27.08.2021 19:00",
            "open": "63.0462",
            "high": "63.0463",
            "low": "63.0462",
            "close": "62.9939"
        },
        {
            "time": "27.08.2021 19:02",
            "open": "62.9939",
            "high": "62.9939",
            "low": "62.9939",
            "close": "63.0003"
        },
        {
            "time": "27.08.2021 19:08",
            "open": "63.0003",
            "high": "63.0003",
            "low": "63.0003",
            "close": "62.8952"
        },
        {
            "time": "27.08.2021 19:13",
            "open": "62.8952",
            "high": "62.8952",
            "low": "62.8952",
            "close": "62.938"
        },
        {
            "time": "27.08.2021 19:15",
            "open": "62.938",
            "high": "62.9381",
            "low": "62.938",
            "close": "62.8238"
        },
        {
            "time": "27.08.2021 19:26",
            "open": "62.8238",
            "high": "62.8239",
            "low": "62.8238",
            "close": "62.7705"
        },
        {
            "time": "27.08.2021 19:35",
            "open": "62.7705",
            "high": "62.7733",
            "low": "62.7705",
            "close": "62.843"
        },
        {
            "time": "27.08.2021 19:40",
            "open": "62.843",
            "high": "62.843",
            "low": "62.843",
            "close": "62.8058"
        },
        {
            "time": "27.08.2021 19:48",
            "open": "62.8058",
            "high": "62.8058",
            "low": "62.8058",
            "close": "62.744"
        },
        {
            "time": "27.08.2021 19:54",
            "open": "62.744",
            "high": "62.744",
            "low": "62.744",
            "close": "62.612"
        },
        {
            "time": "27.08.2021 19:57",
            "open": "62.612",
            "high": "62.612",
            "low": "62.612",
            "close": "62.7306"
        },
        {
            "time": "27.08.2021 20:01",
            "open": "62.7306",
            "high": "62.7306",
            "low": "62.7306",
            "close": "62.6931"
        },
        {
            "time": "27.08.2021 20:03",
            "open": "62.6931",
            "high": "62.6931",
            "low": "62.6931",
            "close": "62.6738"
        },
        {
            "time": "27.08.2021 20:05",
            "open": "62.6738",
            "high": "62.6738",
            "low": "62.6738",
            "close": "62.7043"
        },
        {
            "time": "27.08.2021 20:12",
            "open": "62.7043",
            "high": "62.7094",
            "low": "62.6926",
            "close": "62.7189"
        },
        {
            "time": "27.08.2021 20:19",
            "open": "62.7189",
            "high": "62.7189",
            "low": "62.7189",
            "close": "62.7395"
        },
        {
            "time": "27.08.2021 20:20",
            "open": "62.7395",
            "high": "62.7395",
            "low": "62.7395",
            "close": "63.0086"
        },
        {
            "time": "27.08.2021 20:30",
            "open": "63.0086",
            "high": "63.0086",
            "low": "63.0086",
            "close": "63.0386"
        },
        {
            "time": "27.08.2021 20:32",
            "open": "63.0386",
            "high": "63.0386",
            "low": "63.0386",
            "close": "63.049"
        },
        {
            "time": "27.08.2021 20:35",
            "open": "63.049",
            "high": "63.0522",
            "low": "63.0438",
            "close": "63.0591"
        },
        {
            "time": "27.08.2021 20:36",
            "open": "63.0591",
            "high": "63.0591",
            "low": "63.0591",
            "close": "63.0639"
        },
        {
            "time": "27.08.2021 20:37",
            "open": "63.0639",
            "high": "63.0639",
            "low": "63.0639",
            "close": "63.0278"
        },
        {
            "time": "27.08.2021 20:41",
            "open": "63.0278",
            "high": "63.0744",
            "low": "63.0278",
            "close": "63.055"
        },
        {
            "time": "27.08.2021 20:43",
            "open": "63.055",
            "high": "63.0863",
            "low": "63.049",
            "close": "63.2251"
        },
        {
            "time": "27.08.2021 20:46",
            "open": "63.2251",
            "high": "63.2251",
            "low": "63.2251",
            "close": "63.0698"
        },
        {
            "time": "27.08.2021 20:48",
            "open": "63.0698",
            "high": "63.0698",
            "low": "63.0698",
            "close": "62.9691"
        },
        {
            "time": "27.08.2021 20:50",
            "open": "62.9691",
            "high": "62.9691",
            "low": "62.9691",
            "close": "63.0246"
        },
        {
            "time": "27.08.2021 20:52",
            "open": "63.0246",
            "high": "63.0246",
            "low": "63.0246",
            "close": "62.9535"
        },
        {
            "time": "27.08.2021 20:57",
            "open": "62.9535",
            "high": "62.9535",
            "low": "62.9535",
            "close": "62.9535"
        },
        {
            "time": "27.08.2021 21:08",
            "open": "62.9535",
            "high": "62.9672",
            "low": "62.9535",
            "close": "62.9425"
        },
        {
            "time": "27.08.2021 21:09",
            "open": "62.9425",
            "high": "62.9425",
            "low": "62.9425",
            "close": "63.022"
        },
        {
            "time": "27.08.2021 21:10",
            "open": "63.022",
            "high": "63.0239",
            "low": "63.022",
            "close": "62.9502"
        },
        {
            "time": "27.08.2021 21:11",
            "open": "62.9502",
            "high": "62.9502",
            "low": "62.9383",
            "close": "62.9495"
        },
        {
            "time": "27.08.2021 21:14",
            "open": "62.9495",
            "high": "62.9495",
            "low": "62.9495",
            "close": "62.866"
        },
        {
            "time": "27.08.2021 21:15",
            "open": "62.866",
            "high": "62.866",
            "low": "62.866",
            "close": "62.9232"
        },
        {
            "time": "27.08.2021 21:21",
            "open": "62.9232",
            "high": "62.9232",
            "low": "62.9232",
            "close": "62.9069"
        },
        {
            "time": "27.08.2021 21:23",
            "open": "62.9069",
            "high": "62.9069",
            "low": "62.9069",
            "close": "62.8301"
        },
        {
            "time": "27.08.2021 21:36",
            "open": "62.8301",
            "high": "62.8302",
            "low": "62.8301",
            "close": "62.7814"
        },
        {
            "time": "27.08.2021 21:44",
            "open": "62.7814",
            "high": "62.7814",
            "low": "62.7814",
            "close": "62.8039"
        },
        {
            "time": "27.08.2021 21:49",
            "open": "62.8039",
            "high": "62.8039",
            "low": "62.8039",
            "close": "62.6219"
        },
        {
            "time": "27.08.2021 21:55",
            "open": "62.6219",
            "high": "62.6219",
            "low": "62.6219",
            "close": "62.7461"
        },
        {
            "time": "27.08.2021 21:57",
            "open": "62.7461",
            "high": "62.7461",
            "low": "62.7461",
            "close": "62.673"
        },
        {
            "time": "27.08.2021 21:58",
            "open": "62.673",
            "high": "62.673",
            "low": "62.673",
            "close": "62.6532"
        },
        {
            "time": "27.08.2021 22:00",
            "open": "62.6532",
            "high": "62.6532",
            "low": "62.6532",
            "close": "62.7148"
        },
        {
            "time": "27.08.2021 22:01",
            "open": "62.7148",
            "high": "62.7148",
            "low": "62.7148",
            "close": "62.4881"
        },
        {
            "time": "27.08.2021 22:03",
            "open": "62.4881",
            "high": "62.4881",
            "low": "62.4881",
            "close": "62.4724"
        },
        {
            "time": "27.08.2021 22:04",
            "open": "62.4724",
            "high": "62.4724",
            "low": "62.4724",
            "close": "62.6887"
        },
        {
            "time": "27.08.2021 22:08",
            "open": "62.6887",
            "high": "62.6887",
            "low": "62.6887",
            "close": "62.794"
        },
        {
            "time": "27.08.2021 22:15",
            "open": "62.794",
            "high": "62.794",
            "low": "62.7081",
            "close": "62.7692"
        },
        {
            "time": "27.08.2021 22:16",
            "open": "62.7692",
            "high": "62.7692",
            "low": "62.7692",
            "close": "62.6295"
        },
        {
            "time": "27.08.2021 22:20",
            "open": "62.6295",
            "high": "62.6295",
            "low": "62.575",
            "close": "62.8478"
        },
        {
            "time": "27.08.2021 22:29",
            "open": "62.8478",
            "high": "63.0132",
            "low": "62.8478",
            "close": "63.1026"
        },
        {
            "time": "27.08.2021 22:33",
            "open": "63.1026",
            "high": "63.1026",
            "low": "63.1026",
            "close": "63.1869"
        },
        {
            "time": "27.08.2021 22:36",
            "open": "63.1869",
            "high": "63.1869",
            "low": "63.1869",
            "close": "63.2461"
        },
        {
            "time": "27.08.2021 22:37",
            "open": "63.2461",
            "high": "63.2461",
            "low": "63.2118",
            "close": "63.2195"
        },
        {
            "time": "27.08.2021 22:39",
            "open": "63.2195",
            "high": "63.2195",
            "low": "63.2195",
            "close": "63.2285"
        },
        {
            "time": "27.08.2021 22:41",
            "open": "63.2285",
            "high": "63.2285",
            "low": "63.2285",
            "close": "63.245"
        },
        {
            "time": "27.08.2021 22:42",
            "open": "63.245",
            "high": "63.245",
            "low": "63.245",
            "close": "63.1658"
        },
        {
            "time": "27.08.2021 22:44",
            "open": "63.1658",
            "high": "63.1658",
            "low": "63.1658",
            "close": "63.2871"
        },
        {
            "time": "27.08.2021 22:45",
            "open": "63.2871",
            "high": "63.2871",
            "low": "63.1673",
            "close": "63.2625"
        },
        {
            "time": "27.08.2021 22:46",
            "open": "63.2625",
            "high": "63.2625",
            "low": "63.2625",
            "close": "63.1898"
        },
        {
            "time": "27.08.2021 22:54",
            "open": "63.1898",
            "high": "63.1898",
            "low": "63.1898",
            "close": "63.2948"
        },
        {
            "time": "27.08.2021 23:06",
            "open": "63.2948",
            "high": "63.2948",
            "low": "63.2948",
            "close": "63.2794"
        },
        {
            "time": "27.08.2021 23:07",
            "open": "63.2794",
            "high": "63.2795",
            "low": "63.2794",
            "close": "63.2499"
        },
        {
            "time": "27.08.2021 23:08",
            "open": "63.2499",
            "high": "63.2499",
            "low": "63.2499",
            "close": "63.3697"
        },
        {
            "time": "27.08.2021 23:14",
            "open": "63.3697",
            "high": "63.42",
            "low": "63.3424",
            "close": "63.4961"
        },
        {
            "time": "27.08.2021 23:29",
            "open": "63.4961",
            "high": "63.548",
            "low": "63.4961",
            "close": "63.6083"
        },
        {
            "time": "27.08.2021 23:36",
            "open": "63.6083",
            "high": "63.6083",
            "low": "63.6083",
            "close": "63.6424"
        },
        {
            "time": "27.08.2021 23:40",
            "open": "63.6424",
            "high": "63.6424",
            "low": "63.6424",
            "close": "63.55"
        },
        {
            "time": "27.08.2021 23:43",
            "open": "63.55",
            "high": "63.55",
            "low": "63.55",
            "close": "63.55"
        },
        {
            "time": "27.08.2021 23:46",
            "open": "63.55",
            "high": "63.55",
            "low": "63.55",
            "close": "63.55"
        },
        {
            "time": "27.08.2021 23:47",
            "open": "63.55",
            "high": "63.55",
            "low": "63.55",
            "close": "63.6201"
        },
        {
            "time": "27.08.2021 23:55",
            "open": "63.6201",
            "high": "63.6904",
            "low": "63.6201",
            "close": "63.6609"
        }
    ]
}