{
    "FIL-EUR": [
        {
            "time": "05.03.2021 23:59",
            "open": "33.9512",
            "high": "33.9512",
            "low": "33.9512",
            "close": "33.99"
        },
        {
            "time": "06.03.2021 00:01",
            "open": "33.99",
            "high": "33.994",
            "low": "33.99",
            "close": "33.9836"
        },
        {
            "time": "06.03.2021 00:05",
            "open": "33.9836",
            "high": "34.0201",
            "low": "33.9836",
            "close": "33.9638"
        },
        {
            "time": "06.03.2021 00:09",
            "open": "33.9638",
            "high": "33.9638",
            "low": "33.9638",
            "close": "33.9904"
        },
        {
            "time": "06.03.2021 00:11",
            "open": "33.9904",
            "high": "33.9904",
            "low": "33.9405",
            "close": "34"
        },
        {
            "time": "06.03.2021 00:13",
            "open": "34",
            "high": "34",
            "low": "34",
            "close": "33.9587"
        },
        {
            "time": "06.03.2021 00:14",
            "open": "33.9587",
            "high": "33.9587",
            "low": "33.9587",
            "close": "33.9561"
        },
        {
            "time": "06.03.2021 00:15",
            "open": "33.9561",
            "high": "33.9561",
            "low": "33.9561",
            "close": "33.927"
        },
        {
            "time": "06.03.2021 00:25",
            "open": "33.927",
            "high": "33.9271",
            "low": "33.927",
            "close": "33.953"
        },
        {
            "time": "06.03.2021 00:28",
            "open": "33.953",
            "high": "33.953",
            "low": "33.953",
            "close": "33.9329"
        },
        {
            "time": "06.03.2021 00:33",
            "open": "33.9329",
            "high": "33.9329",
            "low": "33.9329",
            "close": "33.9387"
        },
        {
            "time": "06.03.2021 00:38",
            "open": "33.9387",
            "high": "33.9542",
            "low": "33.9387",
            "close": "33.9013"
        },
        {
            "time": "06.03.2021 00:40",
            "open": "33.9013",
            "high": "33.9013",
            "low": "33.815",
            "close": "33.8111"
        },
        {
            "time": "06.03.2021 00:42",
            "open": "33.8111",
            "high": "33.8426",
            "low": "33.8111",
            "close": "33.8953"
        },
        {
            "time": "06.03.2021 00:44",
            "open": "33.8953",
            "high": "33.8953",
            "low": "33.8953",
            "close": "33.9354"
        },
        {
            "time": "06.03.2021 00:58",
            "open": "33.9354",
            "high": "33.9354",
            "low": "33.9353",
            "close": "34.0585"
        },
        {
            "time": "06.03.2021 01:03",
            "open": "34.0585",
            "high": "34.0585",
            "low": "34.0585",
            "close": "34.0757"
        },
        {
            "time": "06.03.2021 01:05",
            "open": "34.0757",
            "high": "34.125",
            "low": "34.0757",
            "close": "34.0603"
        },
        {
            "time": "06.03.2021 01:07",
            "open": "34.0603",
            "high": "34.0603",
            "low": "34.0603",
            "close": "34.1517"
        },
        {
            "time": "06.03.2021 01:09",
            "open": "34.1517",
            "high": "34.1517",
            "low": "34.1517",
            "close": "34.17"
        },
        {
            "time": "06.03.2021 01:11",
            "open": "34.17",
            "high": "34.17",
            "low": "34.17",
            "close": "34.18"
        },
        {
            "time": "06.03.2021 01:12",
            "open": "34.18",
            "high": "34.2304",
            "low": "34.1323",
            "close": "34.11"
        },
        {
            "time": "06.03.2021 01:18",
            "open": "34.11",
            "high": "34.11",
            "low": "34.11",
            "close": "33.9995"
        },
        {
            "time": "06.03.2021 01:39",
            "open": "33.9995",
            "high": "33.9995",
            "low": "33.9995",
            "close": "33.9722"
        },
        {
            "time": "06.03.2021 01:45",
            "open": "33.9722",
            "high": "33.9722",
            "low": "33.9608",
            "close": "33.841"
        },
        {
            "time": "06.03.2021 01:48",
            "open": "33.841",
            "high": "33.841",
            "low": "33.8382",
            "close": "33.9692"
        },
        {
            "time": "06.03.2021 01:50",
            "open": "33.9692",
            "high": "33.9692",
            "low": "33.9692",
            "close": "33.984"
        },
        {
            "time": "06.03.2021 01:56",
            "open": "33.984",
            "high": "34.0061",
            "low": "33.984",
            "close": "34.0454"
        },
        {
            "time": "06.03.2021 01:57",
            "open": "34.0454",
            "high": "34.0454",
            "low": "34.0454",
            "close": "34.0208"
        },
        {
            "time": "06.03.2021 01:58",
            "open": "34.0208",
            "high": "34.0208",
            "low": "34.0208",
            "close": "34.0675"
        },
        {
            "time": "06.03.2021 02:04",
            "open": "34.0675",
            "high": "34.0675",
            "low": "34.0675",
            "close": "34.0257"
        },
        {
            "time": "06.03.2021 02:06",
            "open": "34.0257",
            "high": "34.0257",
            "low": "34.0257",
            "close": "34.0005"
        },
        {
            "time": "06.03.2021 02:10",
            "open": "34.0005",
            "high": "34.0005",
            "low": "34.0005",
            "close": "34.0008"
        },
        {
            "time": "06.03.2021 02:19",
            "open": "34.0008",
            "high": "34.0008",
            "low": "34.0008",
            "close": "33.9847"
        },
        {
            "time": "06.03.2021 02:22",
            "open": "33.9847",
            "high": "33.9847",
            "low": "33.9847",
            "close": "33.9512"
        },
        {
            "time": "06.03.2021 02:26",
            "open": "33.9512",
            "high": "33.9512",
            "low": "33.8935",
            "close": "33.8644"
        },
        {
            "time": "06.03.2021 02:27",
            "open": "33.8644",
            "high": "33.8757",
            "low": "33.8493",
            "close": "33.8922"
        },
        {
            "time": "06.03.2021 02:28",
            "open": "33.8922",
            "high": "33.899",
            "low": "33.8922",
            "close": "33.8862"
        },
        {
            "time": "06.03.2021 02:32",
            "open": "33.8862",
            "high": "33.8862",
            "low": "33.8862",
            "close": "33.8862"
        },
        {
            "time": "06.03.2021 02:34",
            "open": "33.8862",
            "high": "33.8862",
            "low": "33.8862",
            "close": "33.9042"
        },
        {
            "time": "06.03.2021 02:38",
            "open": "33.9042",
            "high": "33.9042",
            "low": "33.9042",
            "close": "33.9894"
        },
        {
            "time": "06.03.2021 02:45",
            "open": "33.9894",
            "high": "34",
            "low": "33.9894",
            "close": "34.05"
        },
        {
            "time": "06.03.2021 02:48",
            "open": "34.05",
            "high": "34.05",
            "low": "34.05",
            "close": "34.0795"
        },
        {
            "time": "06.03.2021 02:58",
            "open": "34.0795",
            "high": "34.0795",
            "low": "34.0701",
            "close": "34.1295"
        },
        {
            "time": "06.03.2021 02:59",
            "open": "34.1295",
            "high": "34.1295",
            "low": "34.1295",
            "close": "34.1789"
        },
        {
            "time": "06.03.2021 03:00",
            "open": "34.1789",
            "high": "34.1789",
            "low": "34.1624",
            "close": "34.1953"
        },
        {
            "time": "06.03.2021 03:01",
            "open": "34.1953",
            "high": "34.3107",
            "low": "34.1953",
            "close": "34.2493"
        },
        {
            "time": "06.03.2021 03:06",
            "open": "34.2493",
            "high": "34.2493",
            "low": "34.1148",
            "close": "34.1044"
        },
        {
            "time": "06.03.2021 03:10",
            "open": "34.1044",
            "high": "34.1044",
            "low": "34.1038",
            "close": "34.1829"
        },
        {
            "time": "06.03.2021 03:23",
            "open": "34.1829",
            "high": "34.1829",
            "low": "34.1829",
            "close": "34.2406"
        },
        {
            "time": "06.03.2021 03:26",
            "open": "34.2406",
            "high": "34.2406",
            "low": "34.2406",
            "close": "34.2642"
        },
        {
            "time": "06.03.2021 03:29",
            "open": "34.2642",
            "high": "34.2642",
            "low": "34.2642",
            "close": "34.3114"
        },
        {
            "time": "06.03.2021 03:38",
            "open": "34.3114",
            "high": "34.3114",
            "low": "34.2552",
            "close": "34.2376"
        },
        {
            "time": "06.03.2021 03:39",
            "open": "34.2376",
            "high": "34.2376",
            "low": "34.2187",
            "close": "34.2016"
        },
        {
            "time": "06.03.2021 03:41",
            "open": "34.2016",
            "high": "34.2016",
            "low": "34.2016",
            "close": "34.1763"
        },
        {
            "time": "06.03.2021 03:45",
            "open": "34.1763",
            "high": "34.1763",
            "low": "34.1763",
            "close": "34.1851"
        },
        {
            "time": "06.03.2021 03:52",
            "open": "34.1851",
            "high": "34.1851",
            "low": "34.1851",
            "close": "34.2066"
        },
        {
            "time": "06.03.2021 04:10",
            "open": "34.2066",
            "high": "34.2066",
            "low": "34.2066",
            "close": "34.1025"
        },
        {
            "time": "06.03.2021 04:16",
            "open": "34.1025",
            "high": "34.1025",
            "low": "34.0796",
            "close": "34.0886"
        },
        {
            "time": "06.03.2021 04:22",
            "open": "34.0886",
            "high": "34.0886",
            "low": "34.0886",
            "close": "34.0793"
        },
        {
            "time": "06.03.2021 04:25",
            "open": "34.0793",
            "high": "34.0799",
            "low": "34.0793",
            "close": "34.0379"
        },
        {
            "time": "06.03.2021 04:31",
            "open": "34.0379",
            "high": "34.0867",
            "low": "34.0379",
            "close": "34.0135"
        },
        {
            "time": "06.03.2021 04:32",
            "open": "34.0135",
            "high": "34.0135",
            "low": "33.9713",
            "close": "33.9576"
        },
        {
            "time": "06.03.2021 04:33",
            "open": "33.9576",
            "high": "33.9912",
            "low": "33.9576",
            "close": "33.8835"
        },
        {
            "time": "06.03.2021 04:37",
            "open": "33.8835",
            "high": "33.9268",
            "low": "33.8835",
            "close": "33.9753"
        },
        {
            "time": "06.03.2021 04:38",
            "open": "33.9753",
            "high": "33.9753",
            "low": "33.872",
            "close": "33.8747"
        },
        {
            "time": "06.03.2021 04:39",
            "open": "33.8747",
            "high": "33.9505",
            "low": "33.8747",
            "close": "33.8829"
        },
        {
            "time": "06.03.2021 04:40",
            "open": "33.8829",
            "high": "33.9955",
            "low": "33.8829",
            "close": "33.9407"
        },
        {
            "time": "06.03.2021 04:41",
            "open": "33.9407",
            "high": "34.0214",
            "low": "33.9391",
            "close": "33.9622"
        },
        {
            "time": "06.03.2021 04:42",
            "open": "33.9622",
            "high": "34.0183",
            "low": "33.9562",
            "close": "33.9862"
        },
        {
            "time": "06.03.2021 04:43",
            "open": "33.9862",
            "high": "33.9862",
            "low": "33.9862",
            "close": "33.9424"
        },
        {
            "time": "06.03.2021 04:44",
            "open": "33.9424",
            "high": "33.9424",
            "low": "33.9383",
            "close": "34.0084"
        },
        {
            "time": "06.03.2021 04:45",
            "open": "34.0084",
            "high": "34.0264",
            "low": "34.0083",
            "close": "34.0027"
        },
        {
            "time": "06.03.2021 04:49",
            "open": "34.0027",
            "high": "34.0027",
            "low": "33.9965",
            "close": "33.9907"
        },
        {
            "time": "06.03.2021 04:51",
            "open": "33.9907",
            "high": "34.0088",
            "low": "33.9659",
            "close": "33.9569"
        },
        {
            "time": "06.03.2021 04:56",
            "open": "33.9569",
            "high": "33.9571",
            "low": "33.9569",
            "close": "33.9644"
        },
        {
            "time": "06.03.2021 04:57",
            "open": "33.9644",
            "high": "33.9644",
            "low": "33.9471",
            "close": "33.934"
        },
        {
            "time": "06.03.2021 04:58",
            "open": "33.934",
            "high": "33.934",
            "low": "33.9285",
            "close": "33.9802"
        },
        {
            "time": "06.03.2021 05:00",
            "open": "33.9802",
            "high": "33.9802",
            "low": "33.9388",
            "close": "33.9272"
        },
        {
            "time": "06.03.2021 05:02",
            "open": "33.9272",
            "high": "33.9879",
            "low": "33.9272",
            "close": "34.0171"
        },
        {
            "time": "06.03.2021 05:03",
            "open": "34.0171",
            "high": "34.0171",
            "low": "33.9785",
            "close": "33.9789"
        },
        {
            "time": "06.03.2021 05:05",
            "open": "33.9789",
            "high": "33.979",
            "low": "33.9523",
            "close": "33.9567"
        },
        {
            "time": "06.03.2021 05:06",
            "open": "33.9567",
            "high": "33.9567",
            "low": "33.9567",
            "close": "33.9525"
        },
        {
            "time": "06.03.2021 05:07",
            "open": "33.9525",
            "high": "33.9525",
            "low": "33.915",
            "close": "33.9746"
        },
        {
            "time": "06.03.2021 05:09",
            "open": "33.9746",
            "high": "34.0094",
            "low": "33.9746",
            "close": "33.9833"
        },
        {
            "time": "06.03.2021 05:11",
            "open": "33.9833",
            "high": "33.9833",
            "low": "33.9831",
            "close": "33.9057"
        },
        {
            "time": "06.03.2021 05:14",
            "open": "33.9057",
            "high": "33.9456",
            "low": "33.9057",
            "close": "33.9092"
        },
        {
            "time": "06.03.2021 05:15",
            "open": "33.9092",
            "high": "33.9092",
            "low": "33.9092",
            "close": "33.928"
        },
        {
            "time": "06.03.2021 05:16",
            "open": "33.928",
            "high": "33.928",
            "low": "33.928",
            "close": "33.9326"
        },
        {
            "time": "06.03.2021 05:17",
            "open": "33.9326",
            "high": "33.9487",
            "low": "33.9027",
            "close": "33.9313"
        },
        {
            "time": "06.03.2021 05:18",
            "open": "33.9313",
            "high": "33.9469",
            "low": "33.9313",
            "close": "33.9923"
        },
        {
            "time": "06.03.2021 05:19",
            "open": "33.9923",
            "high": "34.0316",
            "low": "33.9923",
            "close": "33.9903"
        },
        {
            "time": "06.03.2021 05:20",
            "open": "33.9903",
            "high": "34.0196",
            "low": "33.9903",
            "close": "34.0185"
        },
        {
            "time": "06.03.2021 05:21",
            "open": "34.0185",
            "high": "34.0187",
            "low": "34.0184",
            "close": "33.9564"
        },
        {
            "time": "06.03.2021 05:22",
            "open": "33.9564",
            "high": "33.9564",
            "low": "33.9178",
            "close": "33.9197"
        },
        {
            "time": "06.03.2021 05:26",
            "open": "33.9197",
            "high": "33.9197",
            "low": "33.9183",
            "close": "33.9788"
        },
        {
            "time": "06.03.2021 05:27",
            "open": "33.9788",
            "high": "33.9788",
            "low": "33.9688",
            "close": "33.942"
        },
        {
            "time": "06.03.2021 05:31",
            "open": "33.942",
            "high": "33.942",
            "low": "33.942",
            "close": "33.9206"
        },
        {
            "time": "06.03.2021 05:34",
            "open": "33.9206",
            "high": "33.9206",
            "low": "33.9206",
            "close": "33.7079"
        },
        {
            "time": "06.03.2021 05:35",
            "open": "33.7079",
            "high": "33.7728",
            "low": "33.6843",
            "close": "33.7993"
        },
        {
            "time": "06.03.2021 05:36",
            "open": "33.7993",
            "high": "33.8331",
            "low": "33.7281",
            "close": "33.6962"
        },
        {
            "time": "06.03.2021 05:38",
            "open": "33.6962",
            "high": "33.6962",
            "low": "33.6595",
            "close": "33.6703"
        },
        {
            "time": "06.03.2021 05:39",
            "open": "33.6703",
            "high": "33.6703",
            "low": "33.6703",
            "close": "33.6494"
        },
        {
            "time": "06.03.2021 05:40",
            "open": "33.6494",
            "high": "33.7252",
            "low": "33.6494",
            "close": "33.7304"
        },
        {
            "time": "06.03.2021 05:41",
            "open": "33.7304",
            "high": "33.7438",
            "low": "33.69",
            "close": "33.65"
        },
        {
            "time": "06.03.2021 05:45",
            "open": "33.65",
            "high": "33.7764",
            "low": "33.65",
            "close": "33.8255"
        },
        {
            "time": "06.03.2021 05:46",
            "open": "33.8255",
            "high": "33.8513",
            "low": "33.7706",
            "close": "33.8087"
        },
        {
            "time": "06.03.2021 05:47",
            "open": "33.8087",
            "high": "33.845",
            "low": "33.7804",
            "close": "33.8437"
        },
        {
            "time": "06.03.2021 05:51",
            "open": "33.8437",
            "high": "33.8437",
            "low": "33.8365",
            "close": "33.8315"
        },
        {
            "time": "06.03.2021 05:52",
            "open": "33.8315",
            "high": "33.832",
            "low": "33.8315",
            "close": "33.9083"
        },
        {
            "time": "06.03.2021 05:55",
            "open": "33.9083",
            "high": "33.9333",
            "low": "33.9083",
            "close": "33.8992"
        },
        {
            "time": "06.03.2021 06:04",
            "open": "33.8992",
            "high": "33.8992",
            "low": "33.8988",
            "close": "33.8456"
        },
        {
            "time": "06.03.2021 06:16",
            "open": "33.8456",
            "high": "33.8456",
            "low": "33.8456",
            "close": "33.8203"
        },
        {
            "time": "06.03.2021 06:19",
            "open": "33.8203",
            "high": "33.8203",
            "low": "33.8203",
            "close": "33.8195"
        },
        {
            "time": "06.03.2021 06:22",
            "open": "33.8195",
            "high": "33.8195",
            "low": "33.8195",
            "close": "33.8311"
        },
        {
            "time": "06.03.2021 06:24",
            "open": "33.8311",
            "high": "33.8312",
            "low": "33.8311",
            "close": "33.8498"
        },
        {
            "time": "06.03.2021 06:25",
            "open": "33.8498",
            "high": "33.8554",
            "low": "33.8498",
            "close": "33.8308"
        },
        {
            "time": "06.03.2021 06:29",
            "open": "33.8308",
            "high": "33.8308",
            "low": "33.8308",
            "close": "33.8813"
        },
        {
            "time": "06.03.2021 06:30",
            "open": "33.8813",
            "high": "33.8813",
            "low": "33.8813",
            "close": "33.842"
        },
        {
            "time": "06.03.2021 06:31",
            "open": "33.842",
            "high": "33.8813",
            "low": "33.8397",
            "close": "33.9138"
        },
        {
            "time": "06.03.2021 06:32",
            "open": "33.9138",
            "high": "33.9143",
            "low": "33.9138",
            "close": "33.9294"
        },
        {
            "time": "06.03.2021 06:36",
            "open": "33.9294",
            "high": "33.9294",
            "low": "33.9294",
            "close": "33.975"
        },
        {
            "time": "06.03.2021 06:42",
            "open": "33.975",
            "high": "33.975",
            "low": "33.975",
            "close": "33.9905"
        },
        {
            "time": "06.03.2021 06:47",
            "open": "33.9905",
            "high": "33.9905",
            "low": "33.9905",
            "close": "33.8655"
        },
        {
            "time": "06.03.2021 06:53",
            "open": "33.8655",
            "high": "33.8655",
            "low": "33.8655",
            "close": "33.9008"
        },
        {
            "time": "06.03.2021 06:57",
            "open": "33.9008",
            "high": "33.901",
            "low": "33.9008",
            "close": "33.9008"
        },
        {
            "time": "06.03.2021 07:00",
            "open": "33.9008",
            "high": "33.9008",
            "low": "33.9008",
            "close": "33.9317"
        },
        {
            "time": "06.03.2021 07:01",
            "open": "33.9317",
            "high": "33.9318",
            "low": "33.9317",
            "close": "33.9452"
        },
        {
            "time": "06.03.2021 07:03",
            "open": "33.9452",
            "high": "33.9777",
            "low": "33.9452",
            "close": "34.0119"
        },
        {
            "time": "06.03.2021 07:04",
            "open": "34.0119",
            "high": "34.0119",
            "low": "34.0119",
            "close": "33.9986"
        },
        {
            "time": "06.03.2021 07:09",
            "open": "33.9986",
            "high": "34.0327",
            "low": "33.9986",
            "close": "34.0639"
        },
        {
            "time": "06.03.2021 07:11",
            "open": "34.0639",
            "high": "34.0649",
            "low": "34.0639",
            "close": "34.0428"
        },
        {
            "time": "06.03.2021 07:27",
            "open": "34.0428",
            "high": "34.0428",
            "low": "34.0428",
            "close": "34.0711"
        },
        {
            "time": "06.03.2021 07:28",
            "open": "34.0711",
            "high": "34.0823",
            "low": "34.0612",
            "close": "34.0891"
        },
        {
            "time": "06.03.2021 07:30",
            "open": "34.0891",
            "high": "34.0891",
            "low": "34.0891",
            "close": "34.0722"
        },
        {
            "time": "06.03.2021 07:33",
            "open": "34.0722",
            "high": "34.0722",
            "low": "34.0722",
            "close": "34.109"
        },
        {
            "time": "06.03.2021 07:43",
            "open": "34.109",
            "high": "34.109",
            "low": "34.0855",
            "close": "34.0764"
        },
        {
            "time": "06.03.2021 07:44",
            "open": "34.0764",
            "high": "34.0929",
            "low": "34.0764",
            "close": "34.1469"
        },
        {
            "time": "06.03.2021 07:45",
            "open": "34.1469",
            "high": "34.1686",
            "low": "34.1372",
            "close": "34.1743"
        },
        {
            "time": "06.03.2021 07:51",
            "open": "34.1743",
            "high": "34.1743",
            "low": "34.1743",
            "close": "34.1871"
        },
        {
            "time": "06.03.2021 07:52",
            "open": "34.1871",
            "high": "34.1871",
            "low": "34.1871",
            "close": "34.1984"
        },
        {
            "time": "06.03.2021 07:59",
            "open": "34.1984",
            "high": "34.1984",
            "low": "34.1984",
            "close": "34.1292"
        },
        {
            "time": "06.03.2021 08:06",
            "open": "34.1292",
            "high": "34.131",
            "low": "34.1292",
            "close": "34.0513"
        },
        {
            "time": "06.03.2021 08:10",
            "open": "34.0513",
            "high": "34.0514",
            "low": "34.051",
            "close": "34.0503"
        },
        {
            "time": "06.03.2021 08:15",
            "open": "34.0954",
            "high": "34.0954",
            "low": "34.0954",
            "close": "34.1206"
        },
        {
            "time": "06.03.2021 08:27",
            "open": "34.1206",
            "high": "34.1206",
            "low": "34.1206",
            "close": "34.1723"
        },
        {
            "time": "06.03.2021 08:31",
            "open": "34.1723",
            "high": "34.1723",
            "low": "34.15",
            "close": "34.1068"
        },
        {
            "time": "06.03.2021 08:32",
            "open": "34.1068",
            "high": "34.1068",
            "low": "34.1068",
            "close": "34.0751"
        },
        {
            "time": "06.03.2021 08:40",
            "open": "34.0751",
            "high": "34.0751",
            "low": "34.075",
            "close": "34.0413"
        },
        {
            "time": "06.03.2021 08:43",
            "open": "34.0413",
            "high": "34.0413",
            "low": "34.0413",
            "close": "34.0423"
        },
        {
            "time": "06.03.2021 08:49",
            "open": "34.0423",
            "high": "34.0595",
            "low": "34.0423",
            "close": "34.0604"
        },
        {
            "time": "06.03.2021 08:54",
            "open": "34.0604",
            "high": "34.0604",
            "low": "34.0604",
            "close": "34.0258"
        },
        {
            "time": "06.03.2021 08:55",
            "open": "34.0258",
            "high": "34.0267",
            "low": "34.0258",
            "close": "34.0409"
        },
        {
            "time": "06.03.2021 08:56",
            "open": "34.0409",
            "high": "34.0409",
            "low": "34.0409",
            "close": "33.9813"
        },
        {
            "time": "06.03.2021 08:59",
            "open": "33.9813",
            "high": "33.9813",
            "low": "33.9813",
            "close": "34.0283"
        },
        {
            "time": "06.03.2021 09:01",
            "open": "34.0283",
            "high": "34.0761",
            "low": "34.0283",
            "close": "34.061"
        },
        {
            "time": "06.03.2021 09:03",
            "open": "34.061",
            "high": "34.061",
            "low": "34.0237",
            "close": "34.0658"
        },
        {
            "time": "06.03.2021 09:04",
            "open": "34.0658",
            "high": "34.0658",
            "low": "34.0658",
            "close": "34.0613"
        },
        {
            "time": "06.03.2021 09:10",
            "open": "34.0613",
            "high": "34.0613",
            "low": "34.0613",
            "close": "34.0263"
        },
        {
            "time": "06.03.2021 09:16",
            "open": "34.0263",
            "high": "34.0266",
            "low": "34.0108",
            "close": "34"
        },
        {
            "time": "06.03.2021 09:17",
            "open": "34",
            "high": "34",
            "low": "34",
            "close": "34.0397"
        },
        {
            "time": "06.03.2021 09:21",
            "open": "34.0397",
            "high": "34.0397",
            "low": "34.0397",
            "close": "34.0573"
        },
        {
            "time": "06.03.2021 09:25",
            "open": "34.0573",
            "high": "34.0573",
            "low": "34.0573",
            "close": "33.987"
        },
        {
            "time": "06.03.2021 09:32",
            "open": "33.987",
            "high": "33.9871",
            "low": "33.987",
            "close": "33.9941"
        },
        {
            "time": "06.03.2021 09:37",
            "open": "33.9941",
            "high": "33.9941",
            "low": "33.9941",
            "close": "33.9452"
        },
        {
            "time": "06.03.2021 09:39",
            "open": "33.9452",
            "high": "33.9452",
            "low": "33.9452",
            "close": "33.9261"
        },
        {
            "time": "06.03.2021 09:42",
            "open": "33.9261",
            "high": "33.9261",
            "low": "33.9261",
            "close": "33.8633"
        },
        {
            "time": "06.03.2021 09:45",
            "open": "33.8633",
            "high": "33.884",
            "low": "33.8633",
            "close": "33.8998"
        },
        {
            "time": "06.03.2021 09:47",
            "open": "33.8998",
            "high": "33.8998",
            "low": "33.8998",
            "close": "33.8934"
        },
        {
            "time": "06.03.2021 09:48",
            "open": "33.8934",
            "high": "33.8934",
            "low": "33.8934",
            "close": "33.8728"
        },
        {
            "time": "06.03.2021 09:50",
            "open": "33.8728",
            "high": "33.8728",
            "low": "33.8725",
            "close": "33.8995"
        },
        {
            "time": "06.03.2021 09:51",
            "open": "33.8995",
            "high": "33.8998",
            "low": "33.8995",
            "close": "33.8243"
        },
        {
            "time": "06.03.2021 09:53",
            "open": "33.8243",
            "high": "33.8243",
            "low": "33.8243",
            "close": "33.8243"
        },
        {
            "time": "06.03.2021 09:56",
            "open": "33.8243",
            "high": "33.8243",
            "low": "33.8243",
            "close": "33.8243"
        },
        {
            "time": "06.03.2021 09:59",
            "open": "33.8243",
            "high": "33.8243",
            "low": "33.8243",
            "close": "33.8369"
        },
        {
            "time": "06.03.2021 10:02",
            "open": "33.8369",
            "high": "33.8369",
            "low": "33.8369",
            "close": "33.8073"
        },
        {
            "time": "06.03.2021 10:04",
            "open": "33.8073",
            "high": "33.8073",
            "low": "33.8073",
            "close": "33.8511"
        },
        {
            "time": "06.03.2021 10:05",
            "open": "33.8511",
            "high": "33.8525",
            "low": "33.8511",
            "close": "33.8583"
        },
        {
            "time": "06.03.2021 10:10",
            "open": "33.8583",
            "high": "33.8583",
            "low": "33.8583",
            "close": "33.809"
        },
        {
            "time": "06.03.2021 10:12",
            "open": "33.809",
            "high": "33.809",
            "low": "33.8003",
            "close": "33.82"
        },
        {
            "time": "06.03.2021 10:18",
            "open": "33.82",
            "high": "33.82",
            "low": "33.82",
            "close": "33.8249"
        },
        {
            "time": "06.03.2021 10:19",
            "open": "33.8249",
            "high": "33.8249",
            "low": "33.8249",
            "close": "33.8249"
        },
        {
            "time": "06.03.2021 10:20",
            "open": "33.8249",
            "high": "33.8482",
            "low": "33.8249",
            "close": "33.7966"
        },
        {
            "time": "06.03.2021 10:24",
            "open": "33.7966",
            "high": "33.7966",
            "low": "33.7966",
            "close": "33.7873"
        },
        {
            "time": "06.03.2021 10:26",
            "open": "33.7873",
            "high": "33.832",
            "low": "33.7873",
            "close": "33.7533"
        },
        {
            "time": "06.03.2021 10:27",
            "open": "33.7533",
            "high": "33.7533",
            "low": "33.7533",
            "close": "33.7397"
        },
        {
            "time": "06.03.2021 10:39",
            "open": "33.7397",
            "high": "33.7397",
            "low": "33.7397",
            "close": "33.7342"
        },
        {
            "time": "06.03.2021 10:40",
            "open": "33.7342",
            "high": "33.7342",
            "low": "33.7342",
            "close": "33.6966"
        },
        {
            "time": "06.03.2021 10:45",
            "open": "33.6966",
            "high": "33.6966",
            "low": "33.6966",
            "close": "33.6221"
        },
        {
            "time": "06.03.2021 10:50",
            "open": "33.6221",
            "high": "33.6221",
            "low": "33.6221",
            "close": "33.6534"
        },
        {
            "time": "06.03.2021 10:52",
            "open": "33.6534",
            "high": "33.6534",
            "low": "33.6185",
            "close": "33.6248"
        },
        {
            "time": "06.03.2021 11:01",
            "open": "33.6248",
            "high": "33.6248",
            "low": "33.6248",
            "close": "33.7038"
        },
        {
            "time": "06.03.2021 11:13",
            "open": "33.7038",
            "high": "33.7038",
            "low": "33.7038",
            "close": "33.6915"
        },
        {
            "time": "06.03.2021 11:14",
            "open": "33.6915",
            "high": "33.6915",
            "low": "33.6915",
            "close": "33.6849"
        },
        {
            "time": "06.03.2021 11:15",
            "open": "33.6849",
            "high": "33.7137",
            "low": "33.6846",
            "close": "33.6002"
        },
        {
            "time": "06.03.2021 11:16",
            "open": "33.6002",
            "high": "33.6002",
            "low": "33.6",
            "close": "33.5851"
        },
        {
            "time": "06.03.2021 11:18",
            "open": "33.5851",
            "high": "33.5851",
            "low": "33.585",
            "close": "33.6034"
        },
        {
            "time": "06.03.2021 11:20",
            "open": "33.6034",
            "high": "33.6273",
            "low": "33.6034",
            "close": "33.645"
        },
        {
            "time": "06.03.2021 11:23",
            "open": "33.645",
            "high": "33.645",
            "low": "33.645",
            "close": "33.5983"
        },
        {
            "time": "06.03.2021 11:26",
            "open": "33.5983",
            "high": "33.5983",
            "low": "33.5983",
            "close": "33.6225"
        },
        {
            "time": "06.03.2021 11:29",
            "open": "33.6225",
            "high": "33.6266",
            "low": "33.6225",
            "close": "33.6205"
        },
        {
            "time": "06.03.2021 11:30",
            "open": "33.6205",
            "high": "33.6205",
            "low": "33.5613",
            "close": "33.5353"
        },
        {
            "time": "06.03.2021 11:34",
            "open": "33.5353",
            "high": "33.545",
            "low": "33.5353",
            "close": "33.5889"
        },
        {
            "time": "06.03.2021 11:37",
            "open": "33.5889",
            "high": "33.5889",
            "low": "33.5883",
            "close": "33.6013"
        },
        {
            "time": "06.03.2021 11:42",
            "open": "33.6013",
            "high": "33.6086",
            "low": "33.6013",
            "close": "33.56"
        },
        {
            "time": "06.03.2021 11:47",
            "open": "33.56",
            "high": "33.5768",
            "low": "33.56",
            "close": "33.5284"
        },
        {
            "time": "06.03.2021 11:49",
            "open": "33.5284",
            "high": "33.5285",
            "low": "33.5284",
            "close": "33.486"
        },
        {
            "time": "06.03.2021 11:54",
            "open": "33.486",
            "high": "33.486",
            "low": "33.4186",
            "close": "33.3907"
        },
        {
            "time": "06.03.2021 11:58",
            "open": "33.3907",
            "high": "33.4007",
            "low": "33.3907",
            "close": "33.4779"
        },
        {
            "time": "06.03.2021 11:59",
            "open": "33.4779",
            "high": "33.4779",
            "low": "33.4357",
            "close": "33.4073"
        },
        {
            "time": "06.03.2021 12:00",
            "open": "33.4073",
            "high": "33.4136",
            "low": "33.3984",
            "close": "33.5061"
        },
        {
            "time": "06.03.2021 12:02",
            "open": "33.5061",
            "high": "33.5061",
            "low": "33.5061",
            "close": "33.5586"
        },
        {
            "time": "06.03.2021 12:03",
            "open": "33.5586",
            "high": "33.5744",
            "low": "33.5585",
            "close": "33.6171"
        },
        {
            "time": "06.03.2021 12:04",
            "open": "33.6171",
            "high": "33.6171",
            "low": "33.6171",
            "close": "33.6242"
        },
        {
            "time": "06.03.2021 12:05",
            "open": "33.6242",
            "high": "33.6242",
            "low": "33.6242",
            "close": "33.6354"
        },
        {
            "time": "06.03.2021 12:06",
            "open": "33.6354",
            "high": "33.7174",
            "low": "33.6354",
            "close": "33.6905"
        },
        {
            "time": "06.03.2021 12:08",
            "open": "33.6905",
            "high": "33.6905",
            "low": "33.6902",
            "close": "33.573"
        },
        {
            "time": "06.03.2021 12:16",
            "open": "33.573",
            "high": "33.573",
            "low": "33.573",
            "close": "33.6608"
        },
        {
            "time": "06.03.2021 12:34",
            "open": "33.6608",
            "high": "33.6608",
            "low": "33.6608",
            "close": "33.6703"
        },
        {
            "time": "06.03.2021 12:40",
            "open": "33.6703",
            "high": "33.7495",
            "low": "33.6703",
            "close": "33.6735"
        },
        {
            "time": "06.03.2021 12:41",
            "open": "33.6735",
            "high": "33.7343",
            "low": "33.6735",
            "close": "33.7425"
        },
        {
            "time": "06.03.2021 12:43",
            "open": "33.7425",
            "high": "33.7425",
            "low": "33.7425",
            "close": "33.8026"
        },
        {
            "time": "06.03.2021 12:44",
            "open": "33.8026",
            "high": "33.8026",
            "low": "33.8026",
            "close": "33.7654"
        },
        {
            "time": "06.03.2021 12:47",
            "open": "33.7654",
            "high": "33.7654",
            "low": "33.7654",
            "close": "33.8276"
        },
        {
            "time": "06.03.2021 12:52",
            "open": "33.8276",
            "high": "33.8276",
            "low": "33.8155",
            "close": "33.8565"
        },
        {
            "time": "06.03.2021 12:55",
            "open": "33.8565",
            "high": "33.8565",
            "low": "33.8314",
            "close": "33.5227"
        },
        {
            "time": "06.03.2021 13:07",
            "open": "33.5227",
            "high": "33.5227",
            "low": "33.5227",
            "close": "33.4634"
        },
        {
            "time": "06.03.2021 13:09",
            "open": "33.4634",
            "high": "33.4634",
            "low": "33.46",
            "close": "33.356"
        },
        {
            "time": "06.03.2021 13:10",
            "open": "33.356",
            "high": "33.356",
            "low": "33.3227",
            "close": "33.3758"
        },
        {
            "time": "06.03.2021 13:11",
            "open": "33.3758",
            "high": "33.3763",
            "low": "33.3758",
            "close": "33.4297"
        },
        {
            "time": "06.03.2021 13:12",
            "open": "33.4297",
            "high": "33.4539",
            "low": "33.4297",
            "close": "33.3654"
        },
        {
            "time": "06.03.2021 13:13",
            "open": "33.3654",
            "high": "33.3654",
            "low": "33.3654",
            "close": "33.3174"
        },
        {
            "time": "06.03.2021 13:14",
            "open": "33.3174",
            "high": "33.3175",
            "low": "33.3174",
            "close": "33.2681"
        },
        {
            "time": "06.03.2021 13:18",
            "open": "33.2681",
            "high": "33.2681",
            "low": "33.2572",
            "close": "33.2853"
        },
        {
            "time": "06.03.2021 13:19",
            "open": "33.2853",
            "high": "33.294",
            "low": "33.2853",
            "close": "33.3028"
        },
        {
            "time": "06.03.2021 13:20",
            "open": "33.3028",
            "high": "33.3028",
            "low": "33.2795",
            "close": "33.2795"
        },
        {
            "time": "06.03.2021 13:21",
            "open": "33.2795",
            "high": "33.2795",
            "low": "33.238",
            "close": "33.2302"
        },
        {
            "time": "06.03.2021 13:22",
            "open": "33.2302",
            "high": "33.3067",
            "low": "33.2302",
            "close": "33.275"
        },
        {
            "time": "06.03.2021 13:23",
            "open": "33.275",
            "high": "33.275",
            "low": "33.275",
            "close": "33.3007"
        },
        {
            "time": "06.03.2021 13:25",
            "open": "33.3007",
            "high": "33.3857",
            "low": "33.3007",
            "close": "33.3791"
        },
        {
            "time": "06.03.2021 13:26",
            "open": "33.3791",
            "high": "33.3791",
            "low": "33.362",
            "close": "33.3419"
        },
        {
            "time": "06.03.2021 13:28",
            "open": "33.3419",
            "high": "33.3419",
            "low": "33.3395",
            "close": "33.2963"
        },
        {
            "time": "06.03.2021 13:32",
            "open": "33.2963",
            "high": "33.2963",
            "low": "33.2963",
            "close": "33.4286"
        },
        {
            "time": "06.03.2021 13:35",
            "open": "33.4286",
            "high": "33.4286",
            "low": "33.4286",
            "close": "33.38"
        },
        {
            "time": "06.03.2021 13:45",
            "open": "33.38",
            "high": "33.38",
            "low": "33.372",
            "close": "33.3314"
        },
        {
            "time": "06.03.2021 13:46",
            "open": "33.3314",
            "high": "33.3314",
            "low": "33.3314",
            "close": "33.3288"
        },
        {
            "time": "06.03.2021 13:48",
            "open": "33.3288",
            "high": "33.3288",
            "low": "33.3288",
            "close": "33.3308"
        },
        {
            "time": "06.03.2021 13:49",
            "open": "33.3308",
            "high": "33.3308",
            "low": "33.2969",
            "close": "33.192"
        },
        {
            "time": "06.03.2021 13:50",
            "open": "33.192",
            "high": "33.3054",
            "low": "33.1872",
            "close": "33.2843"
        },
        {
            "time": "06.03.2021 13:51",
            "open": "33.2843",
            "high": "33.3417",
            "low": "33.2761",
            "close": "33.3411"
        },
        {
            "time": "06.03.2021 13:52",
            "open": "33.3411",
            "high": "33.3411",
            "low": "33.3411",
            "close": "33.1444"
        },
        {
            "time": "06.03.2021 13:55",
            "open": "33.1444",
            "high": "33.1444",
            "low": "33.1357",
            "close": "33.1162"
        },
        {
            "time": "06.03.2021 13:56",
            "open": "33.1162",
            "high": "33.1162",
            "low": "33.0022",
            "close": "33.05"
        },
        {
            "time": "06.03.2021 13:57",
            "open": "33.05",
            "high": "33.1484",
            "low": "33.05",
            "close": "33.1854"
        },
        {
            "time": "06.03.2021 13:58",
            "open": "33.1854",
            "high": "33.1854",
            "low": "33.1854",
            "close": "33.1456"
        },
        {
            "time": "06.03.2021 13:59",
            "open": "33.1456",
            "high": "33.17",
            "low": "33.0824",
            "close": "33.085"
        },
        {
            "time": "06.03.2021 14:00",
            "open": "33.085",
            "high": "33.085",
            "low": "33.0847",
            "close": "33.1"
        },
        {
            "time": "06.03.2021 14:01",
            "open": "33.1",
            "high": "33.1",
            "low": "33.1",
            "close": "33.0775"
        },
        {
            "time": "06.03.2021 14:02",
            "open": "33.0775",
            "high": "33.0976",
            "low": "33.0775",
            "close": "33.2225"
        },
        {
            "time": "06.03.2021 14:03",
            "open": "33.2225",
            "high": "33.2225",
            "low": "33.2225",
            "close": "33.2171"
        },
        {
            "time": "06.03.2021 14:05",
            "open": "33.2171",
            "high": "33.2172",
            "low": "33.143",
            "close": "33.0541"
        },
        {
            "time": "06.03.2021 14:11",
            "open": "33.0541",
            "high": "33.0644",
            "low": "33.0541",
            "close": "33.078"
        },
        {
            "time": "06.03.2021 14:12",
            "open": "33.078",
            "high": "33.078",
            "low": "33.0453",
            "close": "33.0574"
        },
        {
            "time": "06.03.2021 14:13",
            "open": "33.0574",
            "high": "33.0626",
            "low": "33.0574",
            "close": "33.058"
        },
        {
            "time": "06.03.2021 14:14",
            "open": "33.058",
            "high": "33.058",
            "low": "33.0067",
            "close": "33.0012"
        },
        {
            "time": "06.03.2021 14:15",
            "open": "33.0012",
            "high": "33.0012",
            "low": "33",
            "close": "32.9183"
        },
        {
            "time": "06.03.2021 14:16",
            "open": "32.9183",
            "high": "32.9183",
            "low": "32.9183",
            "close": "32.8679"
        },
        {
            "time": "06.03.2021 14:17",
            "open": "32.8679",
            "high": "32.928",
            "low": "32.8584",
            "close": "32.9979"
        },
        {
            "time": "06.03.2021 14:18",
            "open": "32.9979",
            "high": "32.9979",
            "low": "32.9875",
            "close": "32.8944"
        },
        {
            "time": "06.03.2021 14:20",
            "open": "32.8944",
            "high": "32.9067",
            "low": "32.8944",
            "close": "32.8604"
        },
        {
            "time": "06.03.2021 14:24",
            "open": "32.8604",
            "high": "32.8604",
            "low": "32.86",
            "close": "32.8309"
        },
        {
            "time": "06.03.2021 14:27",
            "open": "32.8309",
            "high": "32.8309",
            "low": "32.8309",
            "close": "32.8092"
        },
        {
            "time": "06.03.2021 14:29",
            "open": "32.8092",
            "high": "32.8092",
            "low": "32.8079",
            "close": "33.0261"
        },
        {
            "time": "06.03.2021 14:36",
            "open": "33.0261",
            "high": "33.0261",
            "low": "33.0261",
            "close": "33.1829"
        },
        {
            "time": "06.03.2021 14:37",
            "open": "33.1829",
            "high": "33.1938",
            "low": "33.0701",
            "close": "33.1408"
        },
        {
            "time": "06.03.2021 14:41",
            "open": "33.1408",
            "high": "33.16",
            "low": "33.1408",
            "close": "33.1705"
        },
        {
            "time": "06.03.2021 14:42",
            "open": "33.1705",
            "high": "33.1705",
            "low": "33.1705",
            "close": "33.1185"
        },
        {
            "time": "06.03.2021 14:43",
            "open": "33.1185",
            "high": "33.1461",
            "low": "33.1185",
            "close": "33.299"
        },
        {
            "time": "06.03.2021 14:45",
            "open": "33.299",
            "high": "33.299",
            "low": "33.2838",
            "close": "33.3076"
        },
        {
            "time": "06.03.2021 14:46",
            "open": "33.3076",
            "high": "33.4982",
            "low": "33.3076",
            "close": "33.4929"
        },
        {
            "time": "06.03.2021 14:47",
            "open": "33.4929",
            "high": "33.4982",
            "low": "33.4305",
            "close": "33.4076"
        },
        {
            "time": "06.03.2021 14:48",
            "open": "33.4076",
            "high": "33.4371",
            "low": "33.4076",
            "close": "33.5119"
        },
        {
            "time": "06.03.2021 14:50",
            "open": "33.5119",
            "high": "33.5654",
            "low": "33.4679",
            "close": "33.4998"
        },
        {
            "time": "06.03.2021 14:51",
            "open": "33.4998",
            "high": "33.4998",
            "low": "33.4998",
            "close": "33.4737"
        },
        {
            "time": "06.03.2021 14:52",
            "open": "33.4737",
            "high": "33.4737",
            "low": "33.4737",
            "close": "33.5011"
        },
        {
            "time": "06.03.2021 14:53",
            "open": "33.5011",
            "high": "33.5625",
            "low": "33.501",
            "close": "33.5892"
        },
        {
            "time": "06.03.2021 14:54",
            "open": "33.5892",
            "high": "33.5892",
            "low": "33.5892",
            "close": "33.6109"
        },
        {
            "time": "06.03.2021 14:55",
            "open": "33.6109",
            "high": "33.6109",
            "low": "33.5932",
            "close": "33.5533"
        },
        {
            "time": "06.03.2021 14:56",
            "open": "33.5533",
            "high": "33.5533",
            "low": "33.504",
            "close": "33.5524"
        },
        {
            "time": "06.03.2021 14:57",
            "open": "33.5524",
            "high": "33.6121",
            "low": "33.5524",
            "close": "33.5912"
        },
        {
            "time": "06.03.2021 14:58",
            "open": "33.5912",
            "high": "33.5912",
            "low": "33.5799",
            "close": "33.5934"
        },
        {
            "time": "06.03.2021 14:59",
            "open": "33.5934",
            "high": "33.5934",
            "low": "33.5211",
            "close": "33.5133"
        },
        {
            "time": "06.03.2021 15:00",
            "open": "33.5133",
            "high": "33.5543",
            "low": "33.5133",
            "close": "33.557"
        },
        {
            "time": "06.03.2021 15:01",
            "open": "33.557",
            "high": "33.557",
            "low": "33.552",
            "close": "33.596"
        },
        {
            "time": "06.03.2021 15:03",
            "open": "33.596",
            "high": "33.6305",
            "low": "33.596",
            "close": "33.6141"
        },
        {
            "time": "06.03.2021 15:04",
            "open": "33.6141",
            "high": "33.6141",
            "low": "33.614",
            "close": "33.6347"
        },
        {
            "time": "06.03.2021 15:05",
            "open": "33.6347",
            "high": "33.6347",
            "low": "33.6347",
            "close": "33.743"
        },
        {
            "time": "06.03.2021 15:08",
            "open": "33.743",
            "high": "33.7432",
            "low": "33.743",
            "close": "33.7238"
        },
        {
            "time": "06.03.2021 15:09",
            "open": "33.7238",
            "high": "33.7238",
            "low": "33.7034",
            "close": "33.6924"
        },
        {
            "time": "06.03.2021 15:10",
            "open": "33.6924",
            "high": "33.6924",
            "low": "33.6479",
            "close": "33.6046"
        },
        {
            "time": "06.03.2021 15:11",
            "open": "33.6046",
            "high": "33.6046",
            "low": "33.4864",
            "close": "33.4848"
        },
        {
            "time": "06.03.2021 15:12",
            "open": "33.4848",
            "high": "33.5425",
            "low": "33.4848",
            "close": "33.6148"
        },
        {
            "time": "06.03.2021 15:13",
            "open": "33.6148",
            "high": "33.6299",
            "low": "33.5867",
            "close": "33.5275"
        },
        {
            "time": "06.03.2021 15:14",
            "open": "33.5275",
            "high": "33.5451",
            "low": "33.5238",
            "close": "33.593"
        },
        {
            "time": "06.03.2021 15:15",
            "open": "33.593",
            "high": "33.593",
            "low": "33.5928",
            "close": "33.6576"
        },
        {
            "time": "06.03.2021 15:16",
            "open": "33.6576",
            "high": "33.7092",
            "low": "33.6576",
            "close": "33.7431"
        },
        {
            "time": "06.03.2021 15:17",
            "open": "33.7431",
            "high": "33.7431",
            "low": "33.743",
            "close": "33.7015"
        },
        {
            "time": "06.03.2021 15:18",
            "open": "33.7015",
            "high": "33.7027",
            "low": "33.7015",
            "close": "33.6914"
        },
        {
            "time": "06.03.2021 15:19",
            "open": "33.6914",
            "high": "33.6914",
            "low": "33.6914",
            "close": "33.6787"
        },
        {
            "time": "06.03.2021 15:20",
            "open": "33.6787",
            "high": "33.6787",
            "low": "33.6778",
            "close": "33.6608"
        },
        {
            "time": "06.03.2021 15:21",
            "open": "33.6608",
            "high": "33.6608",
            "low": "33.6607",
            "close": "33.6665"
        },
        {
            "time": "06.03.2021 15:23",
            "open": "33.6665",
            "high": "33.6665",
            "low": "33.6664",
            "close": "33.6748"
        },
        {
            "time": "06.03.2021 15:26",
            "open": "33.6748",
            "high": "33.6748",
            "low": "33.6748",
            "close": "33.6856"
        },
        {
            "time": "06.03.2021 15:27",
            "open": "33.6856",
            "high": "33.6856",
            "low": "33.6856",
            "close": "33.7214"
        },
        {
            "time": "06.03.2021 15:29",
            "open": "33.7214",
            "high": "33.7222",
            "low": "33.7192",
            "close": "33.5451"
        },
        {
            "time": "06.03.2021 15:30",
            "open": "33.5451",
            "high": "33.5451",
            "low": "33.5077",
            "close": "33.4824"
        },
        {
            "time": "06.03.2021 15:31",
            "open": "33.4824",
            "high": "33.4824",
            "low": "33.479",
            "close": "33.4001"
        },
        {
            "time": "06.03.2021 15:32",
            "open": "33.4001",
            "high": "33.4954",
            "low": "33.4001",
            "close": "33.5056"
        },
        {
            "time": "06.03.2021 15:33",
            "open": "33.5056",
            "high": "33.5129",
            "low": "33.5056",
            "close": "33.6852"
        },
        {
            "time": "06.03.2021 15:36",
            "open": "33.6852",
            "high": "33.6852",
            "low": "33.6286",
            "close": "33.5841"
        },
        {
            "time": "06.03.2021 15:37",
            "open": "33.5841",
            "high": "33.617",
            "low": "33.5841",
            "close": "33.617"
        },
        {
            "time": "06.03.2021 15:39",
            "open": "33.617",
            "high": "33.6597",
            "low": "33.617",
            "close": "33.6285"
        },
        {
            "time": "06.03.2021 15:41",
            "open": "33.6285",
            "high": "33.6285",
            "low": "33.6284",
            "close": "33.539"
        },
        {
            "time": "06.03.2021 15:42",
            "open": "33.539",
            "high": "33.539",
            "low": "33.539",
            "close": "33.5041"
        },
        {
            "time": "06.03.2021 15:43",
            "open": "33.5041",
            "high": "33.6395",
            "low": "33.5041",
            "close": "33.5978"
        },
        {
            "time": "06.03.2021 15:44",
            "open": "33.5978",
            "high": "33.7123",
            "low": "33.5859",
            "close": "33.6774"
        },
        {
            "time": "06.03.2021 15:45",
            "open": "33.6774",
            "high": "33.734",
            "low": "33.6774",
            "close": "33.7644"
        },
        {
            "time": "06.03.2021 15:46",
            "open": "33.7644",
            "high": "33.7644",
            "low": "33.7242",
            "close": "33.7068"
        },
        {
            "time": "06.03.2021 15:47",
            "open": "33.7068",
            "high": "33.7068",
            "low": "33.7068",
            "close": "33.6688"
        },
        {
            "time": "06.03.2021 15:50",
            "open": "33.6688",
            "high": "33.6688",
            "low": "33.6688",
            "close": "33.7018"
        },
        {
            "time": "06.03.2021 15:56",
            "open": "33.7018",
            "high": "33.7018",
            "low": "33.7018",
            "close": "33.6986"
        },
        {
            "time": "06.03.2021 15:59",
            "open": "33.6986",
            "high": "33.6986",
            "low": "33.6986",
            "close": "33.7403"
        },
        {
            "time": "06.03.2021 16:02",
            "open": "33.7403",
            "high": "33.7403",
            "low": "33.7403",
            "close": "33.7541"
        },
        {
            "time": "06.03.2021 16:05",
            "open": "33.7541",
            "high": "33.7541",
            "low": "33.7541",
            "close": "33.7241"
        },
        {
            "time": "06.03.2021 16:07",
            "open": "33.7241",
            "high": "33.7241",
            "low": "33.7241",
            "close": "33.7241"
        },
        {
            "time": "06.03.2021 16:09",
            "open": "33.7241",
            "high": "33.7241",
            "low": "33.7241",
            "close": "33.6598"
        },
        {
            "time": "06.03.2021 16:13",
            "open": "33.6598",
            "high": "33.7383",
            "low": "33.6598",
            "close": "33.6788"
        },
        {
            "time": "06.03.2021 16:18",
            "open": "33.6788",
            "high": "33.6788",
            "low": "33.6788",
            "close": "33.6036"
        },
        {
            "time": "06.03.2021 16:24",
            "open": "33.6036",
            "high": "33.6036",
            "low": "33.6036",
            "close": "33.5899"
        },
        {
            "time": "06.03.2021 16:28",
            "open": "33.5899",
            "high": "33.5998",
            "low": "33.5899",
            "close": "33.5766"
        },
        {
            "time": "06.03.2021 16:31",
            "open": "33.5766",
            "high": "33.5783",
            "low": "33.5665",
            "close": "33.6301"
        },
        {
            "time": "06.03.2021 16:39",
            "open": "33.6301",
            "high": "33.6301",
            "low": "33.6301",
            "close": "33.6458"
        },
        {
            "time": "06.03.2021 16:41",
            "open": "33.6458",
            "high": "33.7317",
            "low": "33.6457",
            "close": "33.7248"
        },
        {
            "time": "06.03.2021 16:42",
            "open": "33.7248",
            "high": "33.7248",
            "low": "33.6807",
            "close": "33.7169"
        },
        {
            "time": "06.03.2021 16:43",
            "open": "33.7169",
            "high": "33.7169",
            "low": "33.7169",
            "close": "33.7059"
        },
        {
            "time": "06.03.2021 16:45",
            "open": "33.7059",
            "high": "33.7059",
            "low": "33.7059",
            "close": "33.6585"
        },
        {
            "time": "06.03.2021 16:48",
            "open": "33.6585",
            "high": "33.6585",
            "low": "33.6585",
            "close": "33.6462"
        },
        {
            "time": "06.03.2021 16:50",
            "open": "33.6462",
            "high": "33.7066",
            "low": "33.6462",
            "close": "33.6449"
        },
        {
            "time": "06.03.2021 16:54",
            "open": "33.6449",
            "high": "33.6449",
            "low": "33.6449",
            "close": "33.6575"
        },
        {
            "time": "06.03.2021 16:56",
            "open": "33.6575",
            "high": "33.6846",
            "low": "33.6575",
            "close": "33.6662"
        },
        {
            "time": "06.03.2021 16:57",
            "open": "33.6662",
            "high": "33.6673",
            "low": "33.6662",
            "close": "33.6096"
        },
        {
            "time": "06.03.2021 16:59",
            "open": "33.6096",
            "high": "33.6776",
            "low": "33.6096",
            "close": "33.7005"
        },
        {
            "time": "06.03.2021 17:00",
            "open": "33.7005",
            "high": "33.7005",
            "low": "33.7002",
            "close": "33.752"
        },
        {
            "time": "06.03.2021 17:01",
            "open": "33.752",
            "high": "33.752",
            "low": "33.671",
            "close": "33.7292"
        },
        {
            "time": "06.03.2021 17:02",
            "open": "33.7292",
            "high": "33.7292",
            "low": "33.7178",
            "close": "33.7176"
        },
        {
            "time": "06.03.2021 17:03",
            "open": "33.7176",
            "high": "33.7252",
            "low": "33.698",
            "close": "33.7086"
        },
        {
            "time": "06.03.2021 17:04",
            "open": "33.7086",
            "high": "33.7252",
            "low": "33.7086",
            "close": "33.6986"
        },
        {
            "time": "06.03.2021 17:05",
            "open": "33.6986",
            "high": "33.6986",
            "low": "33.6986",
            "close": "33.71"
        },
        {
            "time": "06.03.2021 17:08",
            "open": "33.71",
            "high": "33.7345",
            "low": "33.71",
            "close": "33.743"
        },
        {
            "time": "06.03.2021 17:11",
            "open": "33.743",
            "high": "33.743",
            "low": "33.7427",
            "close": "33.7841"
        },
        {
            "time": "06.03.2021 17:12",
            "open": "33.7841",
            "high": "33.789",
            "low": "33.7841",
            "close": "33.7746"
        },
        {
            "time": "06.03.2021 17:13",
            "open": "33.7746",
            "high": "33.7746",
            "low": "33.7746",
            "close": "33.8049"
        },
        {
            "time": "06.03.2021 17:14",
            "open": "33.8049",
            "high": "33.8873",
            "low": "33.8049",
            "close": "33.973"
        },
        {
            "time": "06.03.2021 17:15",
            "open": "33.973",
            "high": "34",
            "low": "33.973",
            "close": "34"
        },
        {
            "time": "06.03.2021 17:16",
            "open": "34",
            "high": "34.0227",
            "low": "34",
            "close": "34.0653"
        },
        {
            "time": "06.03.2021 17:17",
            "open": "34.0653",
            "high": "34.0653",
            "low": "33.9972",
            "close": "33.9572"
        },
        {
            "time": "06.03.2021 17:18",
            "open": "33.9572",
            "high": "33.9572",
            "low": "33.9572",
            "close": "33.9544"
        },
        {
            "time": "06.03.2021 17:19",
            "open": "33.9544",
            "high": "33.9656",
            "low": "33.9544",
            "close": "33.8538"
        },
        {
            "time": "06.03.2021 17:25",
            "open": "33.8538",
            "high": "33.9254",
            "low": "33.8538",
            "close": "33.8719"
        },
        {
            "time": "06.03.2021 17:27",
            "open": "33.8719",
            "high": "33.946",
            "low": "33.8719",
            "close": "33.9265"
        },
        {
            "time": "06.03.2021 17:29",
            "open": "33.9265",
            "high": "34.0719",
            "low": "33.9265",
            "close": "34.0719"
        },
        {
            "time": "06.03.2021 17:30",
            "open": "34.0719",
            "high": "34.0973",
            "low": "34.0483",
            "close": "34.1278"
        },
        {
            "time": "06.03.2021 17:31",
            "open": "34.1278",
            "high": "34.1278",
            "low": "34.0848",
            "close": "34.0943"
        },
        {
            "time": "06.03.2021 17:32",
            "open": "34.0943",
            "high": "34.1623",
            "low": "34.0943",
            "close": "34.0742"
        },
        {
            "time": "06.03.2021 17:33",
            "open": "34.0742",
            "high": "34.1483",
            "low": "34.0513",
            "close": "34.1249"
        },
        {
            "time": "06.03.2021 17:34",
            "open": "34.1249",
            "high": "34.1463",
            "low": "34.1033",
            "close": "34.149"
        },
        {
            "time": "06.03.2021 17:35",
            "open": "34.149",
            "high": "34.1949",
            "low": "34.149",
            "close": "34.146"
        },
        {
            "time": "06.03.2021 17:37",
            "open": "34.146",
            "high": "34.3331",
            "low": "34.146",
            "close": "34.3257"
        },
        {
            "time": "06.03.2021 17:38",
            "open": "34.3257",
            "high": "34.3258",
            "low": "34.1133",
            "close": "34.1156"
        },
        {
            "time": "06.03.2021 17:39",
            "open": "34.1156",
            "high": "34.1815",
            "low": "34.0559",
            "close": "34.191"
        },
        {
            "time": "06.03.2021 17:40",
            "open": "34.191",
            "high": "34.191",
            "low": "34.1907",
            "close": "34.1847"
        },
        {
            "time": "06.03.2021 17:41",
            "open": "34.1847",
            "high": "34.1857",
            "low": "34.1846",
            "close": "34.2417"
        },
        {
            "time": "06.03.2021 17:43",
            "open": "34.2417",
            "high": "34.2485",
            "low": "34.2417",
            "close": "34.2076"
        },
        {
            "time": "06.03.2021 17:45",
            "open": "34.2076",
            "high": "34.2109",
            "low": "34.2076",
            "close": "34.1641"
        },
        {
            "time": "06.03.2021 17:47",
            "open": "34.1641",
            "high": "34.2376",
            "low": "34.1641",
            "close": "34.262"
        },
        {
            "time": "06.03.2021 17:48",
            "open": "34.262",
            "high": "34.2621",
            "low": "34.2467",
            "close": "34.2467"
        },
        {
            "time": "06.03.2021 17:49",
            "open": "34.2467",
            "high": "34.2467",
            "low": "34.1985",
            "close": "34.1529"
        },
        {
            "time": "06.03.2021 17:50",
            "open": "34.1529",
            "high": "34.1726",
            "low": "34.1292",
            "close": "34.1843"
        },
        {
            "time": "06.03.2021 17:52",
            "open": "34.1843",
            "high": "34.1843",
            "low": "34.1487",
            "close": "34.0997"
        },
        {
            "time": "06.03.2021 17:57",
            "open": "34.0997",
            "high": "34.0997",
            "low": "34.096",
            "close": "34.1264"
        },
        {
            "time": "06.03.2021 17:58",
            "open": "34.1264",
            "high": "34.1265",
            "low": "34.0825",
            "close": "34.0642"
        },
        {
            "time": "06.03.2021 17:59",
            "open": "34.0642",
            "high": "34.0642",
            "low": "34.0642",
            "close": "34.114"
        },
        {
            "time": "06.03.2021 18:01",
            "open": "34.114",
            "high": "34.1219",
            "low": "34.114",
            "close": "34.1911"
        },
        {
            "time": "06.03.2021 18:02",
            "open": "34.1911",
            "high": "34.1911",
            "low": "34.1906",
            "close": "34.1458"
        },
        {
            "time": "06.03.2021 18:03",
            "open": "34.1458",
            "high": "34.1458",
            "low": "34.1185",
            "close": "34.0842"
        },
        {
            "time": "06.03.2021 18:04",
            "open": "34.0842",
            "high": "34.154",
            "low": "34.0842",
            "close": "34.2225"
        },
        {
            "time": "06.03.2021 18:06",
            "open": "34.2225",
            "high": "34.2225",
            "low": "34.2225",
            "close": "34.2118"
        },
        {
            "time": "06.03.2021 18:07",
            "open": "34.2118",
            "high": "34.2118",
            "low": "34.2118",
            "close": "34.1913"
        },
        {
            "time": "06.03.2021 18:08",
            "open": "34.1913",
            "high": "34.1913",
            "low": "34.1741",
            "close": "34.1583"
        },
        {
            "time": "06.03.2021 18:11",
            "open": "34.1583",
            "high": "34.1679",
            "low": "34.1583",
            "close": "34.2417"
        },
        {
            "time": "06.03.2021 18:12",
            "open": "34.2417",
            "high": "34.2417",
            "low": "34.2417",
            "close": "34.2126"
        },
        {
            "time": "06.03.2021 18:17",
            "open": "34.2126",
            "high": "34.2126",
            "low": "34.2098",
            "close": "34.2295"
        },
        {
            "time": "06.03.2021 18:18",
            "open": "34.2295",
            "high": "34.2295",
            "low": "34.2284",
            "close": "34.204"
        },
        {
            "time": "06.03.2021 18:20",
            "open": "34.204",
            "high": "34.204",
            "low": "34.1797",
            "close": "34.2125"
        },
        {
            "time": "06.03.2021 18:21",
            "open": "34.2125",
            "high": "34.2125",
            "low": "34.2125",
            "close": "34.207"
        },
        {
            "time": "06.03.2021 18:22",
            "open": "34.207",
            "high": "34.207",
            "low": "34.207",
            "close": "34.1967"
        },
        {
            "time": "06.03.2021 18:23",
            "open": "34.1967",
            "high": "34.1967",
            "low": "34.191",
            "close": "34.159"
        },
        {
            "time": "06.03.2021 18:24",
            "open": "34.159",
            "high": "34.159",
            "low": "34.1589",
            "close": "34.2027"
        },
        {
            "time": "06.03.2021 18:27",
            "open": "34.2027",
            "high": "34.2027",
            "low": "34.2027",
            "close": "34.1954"
        },
        {
            "time": "06.03.2021 18:29",
            "open": "34.1954",
            "high": "34.1954",
            "low": "34.1954",
            "close": "34.2504"
        },
        {
            "time": "06.03.2021 18:30",
            "open": "34.2504",
            "high": "34.2504",
            "low": "34.2504",
            "close": "34.2543"
        },
        {
            "time": "06.03.2021 18:31",
            "open": "34.2543",
            "high": "34.2543",
            "low": "34.2543",
            "close": "34.303"
        },
        {
            "time": "06.03.2021 18:34",
            "open": "34.303",
            "high": "34.303",
            "low": "34.303",
            "close": "34.2824"
        },
        {
            "time": "06.03.2021 18:35",
            "open": "34.2824",
            "high": "34.2824",
            "low": "34.2824",
            "close": "34.2828"
        },
        {
            "time": "06.03.2021 18:37",
            "open": "34.2828",
            "high": "34.2828",
            "low": "34.248",
            "close": "34.2156"
        },
        {
            "time": "06.03.2021 18:38",
            "open": "34.2156",
            "high": "34.2342",
            "low": "34.2156",
            "close": "34.253"
        },
        {
            "time": "06.03.2021 18:42",
            "open": "34.253",
            "high": "34.2566",
            "low": "34.253",
            "close": "34.2847"
        },
        {
            "time": "06.03.2021 18:43",
            "open": "34.2847",
            "high": "34.2918",
            "low": "34.2847",
            "close": "34.2347"
        },
        {
            "time": "06.03.2021 18:45",
            "open": "34.2347",
            "high": "34.2347",
            "low": "34.2257",
            "close": "34.179"
        },
        {
            "time": "06.03.2021 18:46",
            "open": "34.179",
            "high": "34.1791",
            "low": "34.1252",
            "close": "34.1031"
        },
        {
            "time": "06.03.2021 18:47",
            "open": "34.1031",
            "high": "34.1618",
            "low": "34.1031",
            "close": "34.1248"
        },
        {
            "time": "06.03.2021 18:48",
            "open": "34.1248",
            "high": "34.1248",
            "low": "34.0599",
            "close": "34.0067"
        },
        {
            "time": "06.03.2021 18:49",
            "open": "34.0067",
            "high": "34.0075",
            "low": "34.0066",
            "close": "34.04"
        },
        {
            "time": "06.03.2021 18:50",
            "open": "34.04",
            "high": "34.04",
            "low": "34.04",
            "close": "34.0345"
        },
        {
            "time": "06.03.2021 18:51",
            "open": "34.0345",
            "high": "34.0345",
            "low": "34.0345",
            "close": "34.0685"
        },
        {
            "time": "06.03.2021 18:52",
            "open": "34.0685",
            "high": "34.0698",
            "low": "34.0685",
            "close": "34.0214"
        },
        {
            "time": "06.03.2021 18:54",
            "open": "34.0214",
            "high": "34.0214",
            "low": "34.0146",
            "close": "34.0669"
        },
        {
            "time": "06.03.2021 18:56",
            "open": "34.0669",
            "high": "34.1015",
            "low": "34.0669",
            "close": "34.1368"
        },
        {
            "time": "06.03.2021 18:57",
            "open": "34.1368",
            "high": "34.1368",
            "low": "34.1368",
            "close": "34.1239"
        },
        {
            "time": "06.03.2021 18:59",
            "open": "34.1239",
            "high": "34.1239",
            "low": "34.1239",
            "close": "34.1076"
        },
        {
            "time": "06.03.2021 19:01",
            "open": "34.1076",
            "high": "34.1238",
            "low": "34.1076",
            "close": "34.091"
        },
        {
            "time": "06.03.2021 19:09",
            "open": "34.091",
            "high": "34.091",
            "low": "34.091",
            "close": "34.0132"
        },
        {
            "time": "06.03.2021 19:15",
            "open": "34.0132",
            "high": "34.0132",
            "low": "34.0101",
            "close": "34.0303"
        },
        {
            "time": "06.03.2021 19:19",
            "open": "34.0303",
            "high": "34.0451",
            "low": "34.0303",
            "close": "34.0977"
        },
        {
            "time": "06.03.2021 19:24",
            "open": "34.0977",
            "high": "34.0977",
            "low": "34.0977",
            "close": "34.1153"
        },
        {
            "time": "06.03.2021 19:29",
            "open": "34.1153",
            "high": "34.1781",
            "low": "34.1153",
            "close": "34.1249"
        },
        {
            "time": "06.03.2021 19:39",
            "open": "34.1249",
            "high": "34.1249",
            "low": "34.1249",
            "close": "34.1379"
        },
        {
            "time": "06.03.2021 19:40",
            "open": "34.1379",
            "high": "34.1518",
            "low": "34.1379",
            "close": "34.2216"
        },
        {
            "time": "06.03.2021 19:41",
            "open": "34.2216",
            "high": "34.2216",
            "low": "34.2215",
            "close": "34.176"
        },
        {
            "time": "06.03.2021 19:44",
            "open": "34.176",
            "high": "34.176",
            "low": "34.1759",
            "close": "34.2454"
        },
        {
            "time": "06.03.2021 19:46",
            "open": "34.2454",
            "high": "34.2454",
            "low": "34.2454",
            "close": "34.207"
        },
        {
            "time": "06.03.2021 19:47",
            "open": "34.207",
            "high": "34.2425",
            "low": "34.1998",
            "close": "34.2567"
        },
        {
            "time": "06.03.2021 19:53",
            "open": "34.2567",
            "high": "34.2567",
            "low": "34.2198",
            "close": "34.2502"
        },
        {
            "time": "06.03.2021 20:00",
            "open": "34.2502",
            "high": "34.2502",
            "low": "34.2225",
            "close": "34.2086"
        },
        {
            "time": "06.03.2021 20:01",
            "open": "34.2086",
            "high": "34.2086",
            "low": "34.2086",
            "close": "34.1139"
        },
        {
            "time": "06.03.2021 20:03",
            "open": "34.1139",
            "high": "34.1139",
            "low": "34.1139",
            "close": "34.0982"
        },
        {
            "time": "06.03.2021 20:06",
            "open": "34.0982",
            "high": "34.0982",
            "low": "34.0982",
            "close": "34.125"
        },
        {
            "time": "06.03.2021 20:07",
            "open": "34.125",
            "high": "34.125",
            "low": "34.125",
            "close": "34.011"
        },
        {
            "time": "06.03.2021 20:18",
            "open": "34.011",
            "high": "34.0113",
            "low": "34.0042",
            "close": "34.0119"
        },
        {
            "time": "06.03.2021 20:19",
            "open": "34.0119",
            "high": "34.0119",
            "low": "34.0119",
            "close": "33.9895"
        },
        {
            "time": "06.03.2021 20:22",
            "open": "33.9895",
            "high": "34",
            "low": "33.9895",
            "close": "33.9859"
        },
        {
            "time": "06.03.2021 20:23",
            "open": "33.9859",
            "high": "33.9859",
            "low": "33.9859",
            "close": "34.0115"
        },
        {
            "time": "06.03.2021 20:25",
            "open": "34.0115",
            "high": "34.0115",
            "low": "34.0115",
            "close": "34.0672"
        },
        {
            "time": "06.03.2021 20:26",
            "open": "34.0672",
            "high": "34.0672",
            "low": "34.0672",
            "close": "34.0439"
        },
        {
            "time": "06.03.2021 20:27",
            "open": "34.0439",
            "high": "34.0439",
            "low": "33.9925",
            "close": "34.0863"
        },
        {
            "time": "06.03.2021 20:33",
            "open": "34.0863",
            "high": "34.0863",
            "low": "34.0863",
            "close": "34.0322"
        },
        {
            "time": "06.03.2021 20:35",
            "open": "34.0322",
            "high": "34.0478",
            "low": "34.0322",
            "close": "34.0518"
        },
        {
            "time": "06.03.2021 20:39",
            "open": "34.0518",
            "high": "34.0518",
            "low": "34.0518",
            "close": "34.0293"
        },
        {
            "time": "06.03.2021 20:44",
            "open": "34.0293",
            "high": "34.0293",
            "low": "34.0293",
            "close": "34.0871"
        },
        {
            "time": "06.03.2021 20:49",
            "open": "34.0871",
            "high": "34.1019",
            "low": "34.0871",
            "close": "34.1039"
        },
        {
            "time": "06.03.2021 20:51",
            "open": "34.1039",
            "high": "34.1039",
            "low": "34.0584",
            "close": "34.082"
        },
        {
            "time": "06.03.2021 20:52",
            "open": "34.082",
            "high": "34.082",
            "low": "34.082",
            "close": "34.104"
        },
        {
            "time": "06.03.2021 20:53",
            "open": "34.104",
            "high": "34.104",
            "low": "34.0898",
            "close": "34.073"
        },
        {
            "time": "06.03.2021 20:56",
            "open": "34.073",
            "high": "34.073",
            "low": "34.073",
            "close": "34.159"
        },
        {
            "time": "06.03.2021 20:58",
            "open": "34.159",
            "high": "34.159",
            "low": "34.159",
            "close": "34.14"
        },
        {
            "time": "06.03.2021 21:04",
            "open": "34.14",
            "high": "34.14",
            "low": "34.14",
            "close": "34.14"
        },
        {
            "time": "06.03.2021 21:05",
            "open": "34.14",
            "high": "34.14",
            "low": "34.14",
            "close": "34.0636"
        },
        {
            "time": "06.03.2021 21:12",
            "open": "34.0636",
            "high": "34.0636",
            "low": "34.0636",
            "close": "34.1219"
        },
        {
            "time": "06.03.2021 21:14",
            "open": "34.1219",
            "high": "34.122",
            "low": "34.1219",
            "close": "34.122"
        },
        {
            "time": "06.03.2021 21:19",
            "open": "34.122",
            "high": "34.122",
            "low": "34.122",
            "close": "34.0642"
        },
        {
            "time": "06.03.2021 21:28",
            "open": "34.0642",
            "high": "34.0643",
            "low": "33.9866",
            "close": "33.9523"
        },
        {
            "time": "06.03.2021 21:30",
            "open": "33.9523",
            "high": "33.9523",
            "low": "33.9523",
            "close": "33.9188"
        },
        {
            "time": "06.03.2021 21:32",
            "open": "33.9188",
            "high": "33.9188",
            "low": "33.894",
            "close": "33.8943"
        },
        {
            "time": "06.03.2021 21:33",
            "open": "33.8943",
            "high": "33.9204",
            "low": "33.8943",
            "close": "33.9105"
        },
        {
            "time": "06.03.2021 21:37",
            "open": "33.9105",
            "high": "33.9105",
            "low": "33.9105",
            "close": "33.8694"
        },
        {
            "time": "06.03.2021 21:38",
            "open": "33.8694",
            "high": "33.8953",
            "low": "33.8694",
            "close": "33.7767"
        },
        {
            "time": "06.03.2021 21:47",
            "open": "33.7767",
            "high": "33.7833",
            "low": "33.7767",
            "close": "33.8313"
        },
        {
            "time": "06.03.2021 21:49",
            "open": "33.8313",
            "high": "33.8313",
            "low": "33.8313",
            "close": "33.7832"
        },
        {
            "time": "06.03.2021 21:51",
            "open": "33.7832",
            "high": "33.7832",
            "low": "33.7832",
            "close": "33.8359"
        },
        {
            "time": "06.03.2021 21:58",
            "open": "33.8359",
            "high": "33.8359",
            "low": "33.8359",
            "close": "33.9052"
        },
        {
            "time": "06.03.2021 22:02",
            "open": "33.9052",
            "high": "33.9052",
            "low": "33.9052",
            "close": "33.8735"
        },
        {
            "time": "06.03.2021 22:03",
            "open": "33.8735",
            "high": "33.8971",
            "low": "33.8735",
            "close": "33.837"
        },
        {
            "time": "06.03.2021 22:05",
            "open": "33.837",
            "high": "33.8754",
            "low": "33.837",
            "close": "33.9135"
        },
        {
            "time": "06.03.2021 22:06",
            "open": "33.9135",
            "high": "33.9135",
            "low": "33.9135",
            "close": "33.9147"
        },
        {
            "time": "06.03.2021 22:07",
            "open": "33.9147",
            "high": "33.9147",
            "low": "33.9147",
            "close": "33.8847"
        },
        {
            "time": "06.03.2021 22:08",
            "open": "33.8847",
            "high": "33.9433",
            "low": "33.8847",
            "close": "33.9126"
        },
        {
            "time": "06.03.2021 22:11",
            "open": "33.9126",
            "high": "33.9296",
            "low": "33.9126",
            "close": "33.9433"
        },
        {
            "time": "06.03.2021 22:12",
            "open": "33.9433",
            "high": "33.9612",
            "low": "33.9433",
            "close": "33.9296"
        },
        {
            "time": "06.03.2021 22:13",
            "open": "33.9296",
            "high": "33.9296",
            "low": "33.9296",
            "close": "33.9147"
        },
        {
            "time": "06.03.2021 22:14",
            "open": "33.9147",
            "high": "33.9147",
            "low": "33.8792",
            "close": "33.8647"
        },
        {
            "time": "06.03.2021 22:15",
            "open": "33.8647",
            "high": "33.8647",
            "low": "33.8647",
            "close": "33.8638"
        },
        {
            "time": "06.03.2021 22:17",
            "open": "33.8638",
            "high": "33.8639",
            "low": "33.8638",
            "close": "33.839"
        },
        {
            "time": "06.03.2021 22:18",
            "open": "33.839",
            "high": "33.839",
            "low": "33.839",
            "close": "33.762"
        },
        {
            "time": "06.03.2021 22:20",
            "open": "33.762",
            "high": "33.762",
            "low": "33.762",
            "close": "33.8388"
        },
        {
            "time": "06.03.2021 22:23",
            "open": "33.8388",
            "high": "33.8388",
            "low": "33.8388",
            "close": "33.8553"
        },
        {
            "time": "06.03.2021 22:24",
            "open": "33.8553",
            "high": "33.8553",
            "low": "33.8553",
            "close": "33.8001"
        },
        {
            "time": "06.03.2021 22:27",
            "open": "33.8001",
            "high": "33.8052",
            "low": "33.8001",
            "close": "33.8177"
        },
        {
            "time": "06.03.2021 22:28",
            "open": "33.8177",
            "high": "33.8177",
            "low": "33.8177",
            "close": "33.8159"
        },
        {
            "time": "06.03.2021 22:38",
            "open": "33.8159",
            "high": "33.8159",
            "low": "33.8159",
            "close": "33.8038"
        },
        {
            "time": "06.03.2021 22:40",
            "open": "33.8038",
            "high": "33.8038",
            "low": "33.8038",
            "close": "33.8015"
        },
        {
            "time": "06.03.2021 22:41",
            "open": "33.8015",
            "high": "33.8086",
            "low": "33.8015",
            "close": "33.7681"
        },
        {
            "time": "06.03.2021 22:48",
            "open": "33.7681",
            "high": "33.7681",
            "low": "33.7681",
            "close": "33.7186"
        },
        {
            "time": "06.03.2021 22:51",
            "open": "33.7186",
            "high": "33.7186",
            "low": "33.7186",
            "close": "33.7623"
        },
        {
            "time": "06.03.2021 22:53",
            "open": "33.7623",
            "high": "33.7623",
            "low": "33.7623",
            "close": "33.7345"
        },
        {
            "time": "06.03.2021 22:54",
            "open": "33.7345",
            "high": "33.7358",
            "low": "33.7345",
            "close": "33.7818"
        },
        {
            "time": "06.03.2021 23:06",
            "open": "33.7818",
            "high": "33.7818",
            "low": "33.7818",
            "close": "33.7678"
        },
        {
            "time": "06.03.2021 23:09",
            "open": "33.7678",
            "high": "33.7678",
            "low": "33.7678",
            "close": "33.7799"
        },
        {
            "time": "06.03.2021 23:19",
            "open": "33.7799",
            "high": "33.78",
            "low": "33.7799",
            "close": "33.7739"
        },
        {
            "time": "06.03.2021 23:29",
            "open": "33.7739",
            "high": "33.7957",
            "low": "33.7739",
            "close": "33.8589"
        },
        {
            "time": "06.03.2021 23:30",
            "open": "33.8589",
            "high": "33.9084",
            "low": "33.8589",
            "close": "33.9321"
        },
        {
            "time": "06.03.2021 23:31",
            "open": "33.9321",
            "high": "33.9321",
            "low": "33.8895",
            "close": "33.8978"
        },
        {
            "time": "06.03.2021 23:34",
            "open": "33.8978",
            "high": "33.8978",
            "low": "33.8978",
            "close": "33.8851"
        },
        {
            "time": "06.03.2021 23:36",
            "open": "33.8851",
            "high": "33.8851",
            "low": "33.8851",
            "close": "33.9762"
        },
        {
            "time": "06.03.2021 23:41",
            "open": "33.9762",
            "high": "33.9762",
            "low": "33.9762",
            "close": "33.979"
        },
        {
            "time": "06.03.2021 23:51",
            "open": "33.979",
            "high": "34.1084",
            "low": "33.979",
            "close": "34.0851"
        },
        {
            "time": "06.03.2021 23:53",
            "open": "34.0851",
            "high": "34.0851",
            "low": "34.0457",
            "close": "34.0308"
        }
    ]
}