{
    "FIL-EUR": [
        {
            "time": "27.12.2020 23:59",
            "open": "18.1779",
            "high": "18.178",
            "low": "18.1776",
            "close": "18.1826"
        },
        {
            "time": "28.12.2020 00:00",
            "open": "18.1826",
            "high": "18.1826",
            "low": "18.1001",
            "close": "18.1813"
        },
        {
            "time": "28.12.2020 00:01",
            "open": "18.1813",
            "high": "18.1819",
            "low": "18.1812",
            "close": "18.1818"
        },
        {
            "time": "28.12.2020 00:02",
            "open": "18.1818",
            "high": "18.2455",
            "low": "18.1022",
            "close": "18.2455"
        },
        {
            "time": "28.12.2020 00:03",
            "open": "18.2455",
            "high": "18.2456",
            "low": "18.2455",
            "close": "18.2456"
        },
        {
            "time": "28.12.2020 00:04",
            "open": "18.2456",
            "high": "18.2457",
            "low": "18.2455",
            "close": "18.2456"
        },
        {
            "time": "28.12.2020 00:05",
            "open": "18.2456",
            "high": "18.2816",
            "low": "18.2455",
            "close": "18.2813"
        },
        {
            "time": "28.12.2020 00:06",
            "open": "18.2813",
            "high": "18.2815",
            "low": "18.2813",
            "close": "18.2814"
        },
        {
            "time": "28.12.2020 00:07",
            "open": "18.2814",
            "high": "18.2866",
            "low": "18.2814",
            "close": "18.2867"
        },
        {
            "time": "28.12.2020 00:08",
            "open": "18.2867",
            "high": "18.2867",
            "low": "18.2866",
            "close": "18.2867"
        },
        {
            "time": "28.12.2020 00:09",
            "open": "18.2867",
            "high": "18.2933",
            "low": "18.2867",
            "close": "18.3066"
        },
        {
            "time": "28.12.2020 00:10",
            "open": "18.3066",
            "high": "18.3102",
            "low": "18.3066",
            "close": "18.3084"
        },
        {
            "time": "28.12.2020 00:11",
            "open": "18.3084",
            "high": "18.3137",
            "low": "18.3083",
            "close": "18.3114"
        },
        {
            "time": "28.12.2020 00:12",
            "open": "18.3114",
            "high": "18.3221",
            "low": "18.3114",
            "close": "18.3156"
        },
        {
            "time": "28.12.2020 00:14",
            "open": "18.3156",
            "high": "18.3156",
            "low": "18.3155",
            "close": "18.3144"
        },
        {
            "time": "28.12.2020 00:15",
            "open": "18.3144",
            "high": "18.3144",
            "low": "18.3144",
            "close": "18.3044"
        },
        {
            "time": "28.12.2020 00:16",
            "open": "18.3044",
            "high": "18.3044",
            "low": "18.3044",
            "close": "18.3188"
        },
        {
            "time": "28.12.2020 00:17",
            "open": "18.3188",
            "high": "18.3189",
            "low": "18.3077",
            "close": "18.3008"
        },
        {
            "time": "28.12.2020 00:19",
            "open": "18.3008",
            "high": "18.3008",
            "low": "18.3007",
            "close": "18.2992"
        },
        {
            "time": "28.12.2020 00:20",
            "open": "18.2992",
            "high": "18.2992",
            "low": "18.2992",
            "close": "18.2961"
        },
        {
            "time": "28.12.2020 00:21",
            "open": "18.2961",
            "high": "18.2961",
            "low": "18.2961",
            "close": "18.3043"
        },
        {
            "time": "28.12.2020 00:22",
            "open": "18.3043",
            "high": "18.3043",
            "low": "18.2981",
            "close": "18.2988"
        },
        {
            "time": "28.12.2020 00:23",
            "open": "18.2988",
            "high": "18.3049",
            "low": "18.282",
            "close": "18.3048"
        },
        {
            "time": "28.12.2020 00:24",
            "open": "18.3048",
            "high": "18.3063",
            "low": "18.3016",
            "close": "18.2997"
        },
        {
            "time": "28.12.2020 00:25",
            "open": "18.2997",
            "high": "18.3392",
            "low": "18.2997",
            "close": "18.2987"
        },
        {
            "time": "28.12.2020 00:26",
            "open": "18.2987",
            "high": "18.2987",
            "low": "18.2912",
            "close": "18.2764"
        },
        {
            "time": "28.12.2020 00:28",
            "open": "18.2764",
            "high": "18.2764",
            "low": "18.2764",
            "close": "18.2792"
        },
        {
            "time": "28.12.2020 00:29",
            "open": "18.2792",
            "high": "18.2792",
            "low": "18.2792",
            "close": "18.2827"
        },
        {
            "time": "28.12.2020 00:31",
            "open": "18.2827",
            "high": "18.286",
            "low": "18.2773",
            "close": "18.2726"
        },
        {
            "time": "28.12.2020 00:32",
            "open": "18.2726",
            "high": "18.2783",
            "low": "18.2724",
            "close": "18.2632"
        },
        {
            "time": "28.12.2020 00:33",
            "open": "18.2632",
            "high": "18.2632",
            "low": "18.2622",
            "close": "18.2235"
        },
        {
            "time": "28.12.2020 00:34",
            "open": "18.2235",
            "high": "18.2235",
            "low": "18.2235",
            "close": "18.213"
        },
        {
            "time": "28.12.2020 00:35",
            "open": "18.213",
            "high": "18.2185",
            "low": "18.213",
            "close": "18.2178"
        },
        {
            "time": "28.12.2020 00:40",
            "open": "18.2178",
            "high": "18.2178",
            "low": "18.2178",
            "close": "18.2195"
        },
        {
            "time": "28.12.2020 00:42",
            "open": "18.2195",
            "high": "18.2195",
            "low": "18.1728",
            "close": "18.1733"
        },
        {
            "time": "28.12.2020 00:43",
            "open": "18.1733",
            "high": "18.1733",
            "low": "18.1733",
            "close": "18.1869"
        },
        {
            "time": "28.12.2020 00:44",
            "open": "18.1869",
            "high": "18.1874",
            "low": "18.162",
            "close": "18.2004"
        },
        {
            "time": "28.12.2020 00:49",
            "open": "18.2004",
            "high": "18.2004",
            "low": "18.2004",
            "close": "18.1986"
        },
        {
            "time": "28.12.2020 00:51",
            "open": "18.1986",
            "high": "18.1986",
            "low": "18.1986",
            "close": "18.1618"
        },
        {
            "time": "28.12.2020 00:53",
            "open": "18.1618",
            "high": "18.1618",
            "low": "18.1618",
            "close": "18.1419"
        },
        {
            "time": "28.12.2020 00:55",
            "open": "18.1419",
            "high": "18.1419",
            "low": "18.136",
            "close": "18.1699"
        },
        {
            "time": "28.12.2020 01:01",
            "open": "18.1699",
            "high": "18.1699",
            "low": "18.1661",
            "close": "18.1842"
        },
        {
            "time": "28.12.2020 01:02",
            "open": "18.1842",
            "high": "18.1842",
            "low": "18.1842",
            "close": "18.1"
        },
        {
            "time": "28.12.2020 01:03",
            "open": "18.1",
            "high": "18.139",
            "low": "18.1",
            "close": "18.0989"
        },
        {
            "time": "28.12.2020 01:04",
            "open": "18.0989",
            "high": "18.0989",
            "low": "18.0989",
            "close": "18.1968"
        },
        {
            "time": "28.12.2020 01:05",
            "open": "18.1968",
            "high": "18.2884",
            "low": "18.1968",
            "close": "18.2684"
        },
        {
            "time": "28.12.2020 01:07",
            "open": "18.2684",
            "high": "18.2684",
            "low": "18.2684",
            "close": "18.271"
        },
        {
            "time": "28.12.2020 01:08",
            "open": "18.271",
            "high": "18.2879",
            "low": "18.2654",
            "close": "18.249"
        },
        {
            "time": "28.12.2020 01:10",
            "open": "18.249",
            "high": "18.2883",
            "low": "18.249",
            "close": "18.241"
        },
        {
            "time": "28.12.2020 01:11",
            "open": "18.241",
            "high": "18.241",
            "low": "18.241",
            "close": "18.2651"
        },
        {
            "time": "28.12.2020 01:13",
            "open": "18.2651",
            "high": "18.2651",
            "low": "18.2651",
            "close": "18.2571"
        },
        {
            "time": "28.12.2020 01:14",
            "open": "18.2571",
            "high": "18.2753",
            "low": "18.1229",
            "close": "18.2492"
        },
        {
            "time": "28.12.2020 01:16",
            "open": "18.2492",
            "high": "18.2492",
            "low": "18.2385",
            "close": "18.2929"
        },
        {
            "time": "28.12.2020 01:17",
            "open": "18.2929",
            "high": "18.2929",
            "low": "18.2929",
            "close": "18.3014"
        },
        {
            "time": "28.12.2020 01:19",
            "open": "18.3014",
            "high": "18.3359",
            "low": "18.3014",
            "close": "18.3166"
        },
        {
            "time": "28.12.2020 01:20",
            "open": "18.3166",
            "high": "18.3166",
            "low": "18.2355",
            "close": "18.2811"
        },
        {
            "time": "28.12.2020 01:21",
            "open": "18.2811",
            "high": "18.2911",
            "low": "18.2811",
            "close": "18.295"
        },
        {
            "time": "28.12.2020 01:23",
            "open": "18.295",
            "high": "18.321",
            "low": "18.295",
            "close": "18.3036"
        },
        {
            "time": "28.12.2020 01:25",
            "open": "18.3036",
            "high": "18.312",
            "low": "18.3036",
            "close": "18.307"
        },
        {
            "time": "28.12.2020 01:26",
            "open": "18.307",
            "high": "18.307",
            "low": "18.307",
            "close": "18.3312"
        },
        {
            "time": "28.12.2020 01:28",
            "open": "18.3312",
            "high": "18.3312",
            "low": "18.2435",
            "close": "18.2982"
        },
        {
            "time": "28.12.2020 01:29",
            "open": "18.2982",
            "high": "18.3255",
            "low": "18.2982",
            "close": "18.298"
        },
        {
            "time": "28.12.2020 01:30",
            "open": "18.298",
            "high": "18.298",
            "low": "18.2947",
            "close": "18.2866"
        },
        {
            "time": "28.12.2020 01:31",
            "open": "18.2866",
            "high": "18.2866",
            "low": "18.2866",
            "close": "18.2485"
        },
        {
            "time": "28.12.2020 01:32",
            "open": "18.2485",
            "high": "18.2485",
            "low": "18.2485",
            "close": "18.3228"
        },
        {
            "time": "28.12.2020 01:33",
            "open": "18.3228",
            "high": "18.3301",
            "low": "18.3228",
            "close": "18.2932"
        },
        {
            "time": "28.12.2020 01:38",
            "open": "18.2932",
            "high": "18.2932",
            "low": "18.2932",
            "close": "18.2916"
        },
        {
            "time": "28.12.2020 01:41",
            "open": "18.2916",
            "high": "18.2916",
            "low": "18.2916",
            "close": "18.3172"
        },
        {
            "time": "28.12.2020 01:43",
            "open": "18.3172",
            "high": "18.3172",
            "low": "18.3172",
            "close": "18.3141"
        },
        {
            "time": "28.12.2020 01:44",
            "open": "18.3141",
            "high": "18.3312",
            "low": "18.3141",
            "close": "18.3113"
        },
        {
            "time": "28.12.2020 01:48",
            "open": "18.3113",
            "high": "18.3113",
            "low": "18.3113",
            "close": "18.3197"
        },
        {
            "time": "28.12.2020 01:50",
            "open": "18.3197",
            "high": "18.3314",
            "low": "18.3197",
            "close": "18.3314"
        },
        {
            "time": "28.12.2020 01:51",
            "open": "18.3314",
            "high": "18.3314",
            "low": "18.3313",
            "close": "18.3314"
        },
        {
            "time": "28.12.2020 01:53",
            "open": "18.3314",
            "high": "18.3314",
            "low": "18.3314",
            "close": "18.4244"
        },
        {
            "time": "28.12.2020 01:54",
            "open": "18.4244",
            "high": "18.4244",
            "low": "18.4244",
            "close": "18.4661"
        },
        {
            "time": "28.12.2020 01:56",
            "open": "18.4661",
            "high": "18.4661",
            "low": "18.3865",
            "close": "18.4046"
        },
        {
            "time": "28.12.2020 01:58",
            "open": "18.4046",
            "high": "18.4046",
            "low": "18.4046",
            "close": "18.4586"
        },
        {
            "time": "28.12.2020 02:00",
            "open": "18.4586",
            "high": "18.4586",
            "low": "18.4586",
            "close": "18.5224"
        },
        {
            "time": "28.12.2020 02:02",
            "open": "18.5224",
            "high": "18.5224",
            "low": "18.5224",
            "close": "18.5306"
        },
        {
            "time": "28.12.2020 02:03",
            "open": "18.5306",
            "high": "18.5919",
            "low": "18.5306",
            "close": "18.5815"
        },
        {
            "time": "28.12.2020 02:04",
            "open": "18.5815",
            "high": "18.5815",
            "low": "18.5812",
            "close": "18.5682"
        },
        {
            "time": "28.12.2020 02:05",
            "open": "18.5682",
            "high": "18.5799",
            "low": "18.5682",
            "close": "18.5659"
        },
        {
            "time": "28.12.2020 02:06",
            "open": "18.5659",
            "high": "18.5659",
            "low": "18.5659",
            "close": "18.5637"
        },
        {
            "time": "28.12.2020 02:09",
            "open": "18.5637",
            "high": "18.5637",
            "low": "18.5637",
            "close": "18.5127"
        },
        {
            "time": "28.12.2020 02:10",
            "open": "18.5127",
            "high": "18.5127",
            "low": "18.5127",
            "close": "18.5216"
        },
        {
            "time": "28.12.2020 02:14",
            "open": "18.5216",
            "high": "18.5216",
            "low": "18.5216",
            "close": "18.5221"
        },
        {
            "time": "28.12.2020 02:15",
            "open": "18.5221",
            "high": "18.5221",
            "low": "18.5221",
            "close": "18.5334"
        },
        {
            "time": "28.12.2020 02:16",
            "open": "18.5334",
            "high": "18.5334",
            "low": "18.5333",
            "close": "18.5365"
        },
        {
            "time": "28.12.2020 02:18",
            "open": "18.5365",
            "high": "18.5365",
            "low": "18.5365",
            "close": "18.4594"
        },
        {
            "time": "28.12.2020 02:21",
            "open": "18.4594",
            "high": "18.4594",
            "low": "18.4594",
            "close": "18.5061"
        },
        {
            "time": "28.12.2020 02:28",
            "open": "18.5061",
            "high": "18.5061",
            "low": "18.5061",
            "close": "18.5664"
        },
        {
            "time": "28.12.2020 02:34",
            "open": "18.5664",
            "high": "18.5664",
            "low": "18.5481",
            "close": "18.5321"
        },
        {
            "time": "28.12.2020 02:37",
            "open": "18.5321",
            "high": "18.5321",
            "low": "18.5321",
            "close": "18.5156"
        },
        {
            "time": "28.12.2020 02:39",
            "open": "18.5156",
            "high": "18.5156",
            "low": "18.5156",
            "close": "18.4856"
        },
        {
            "time": "28.12.2020 02:45",
            "open": "18.4856",
            "high": "18.4857",
            "low": "18.4856",
            "close": "18.3882"
        },
        {
            "time": "28.12.2020 02:48",
            "open": "18.3882",
            "high": "18.3882",
            "low": "18.3882",
            "close": "18.4182"
        },
        {
            "time": "28.12.2020 02:52",
            "open": "18.4182",
            "high": "18.4182",
            "low": "18.4179",
            "close": "18.395"
        },
        {
            "time": "28.12.2020 02:54",
            "open": "18.395",
            "high": "18.395",
            "low": "18.395",
            "close": "18.4455"
        },
        {
            "time": "28.12.2020 03:02",
            "open": "18.4455",
            "high": "18.4455",
            "low": "18.4455",
            "close": "18.3815"
        },
        {
            "time": "28.12.2020 03:09",
            "open": "18.3815",
            "high": "18.3815",
            "low": "18.3815",
            "close": "18.4077"
        },
        {
            "time": "28.12.2020 03:15",
            "open": "18.4077",
            "high": "18.4077",
            "low": "18.3531",
            "close": "18.3499"
        },
        {
            "time": "28.12.2020 03:17",
            "open": "18.3499",
            "high": "18.3499",
            "low": "18.3499",
            "close": "18.3474"
        },
        {
            "time": "28.12.2020 03:18",
            "open": "18.3474",
            "high": "18.3474",
            "low": "18.3474",
            "close": "18.328"
        },
        {
            "time": "28.12.2020 03:23",
            "open": "18.328",
            "high": "18.3691",
            "low": "18.328",
            "close": "18.3495"
        },
        {
            "time": "28.12.2020 03:44",
            "open": "18.3495",
            "high": "18.3495",
            "low": "18.3495",
            "close": "18.3962"
        },
        {
            "time": "28.12.2020 03:57",
            "open": "18.3962",
            "high": "18.3962",
            "low": "18.3962",
            "close": "18.3726"
        },
        {
            "time": "28.12.2020 04:00",
            "open": "18.3726",
            "high": "18.3726",
            "low": "18.3726",
            "close": "18.322"
        },
        {
            "time": "28.12.2020 04:20",
            "open": "18.322",
            "high": "18.322",
            "low": "18.3219",
            "close": "18.4446"
        },
        {
            "time": "28.12.2020 04:53",
            "open": "18.4446",
            "high": "18.4446",
            "low": "18.4446",
            "close": "18.4565"
        },
        {
            "time": "28.12.2020 05:07",
            "open": "18.4565",
            "high": "18.4695",
            "low": "18.4563",
            "close": "18.4891"
        },
        {
            "time": "28.12.2020 05:14",
            "open": "18.4891",
            "high": "18.4891",
            "low": "18.4891",
            "close": "18.4771"
        },
        {
            "time": "28.12.2020 05:20",
            "open": "18.4771",
            "high": "18.4771",
            "low": "18.4771",
            "close": "18.4959"
        },
        {
            "time": "28.12.2020 05:25",
            "open": "18.4959",
            "high": "18.496",
            "low": "18.4959",
            "close": "18.5257"
        },
        {
            "time": "28.12.2020 05:34",
            "open": "18.5257",
            "high": "18.5257",
            "low": "18.5241",
            "close": "18.5292"
        },
        {
            "time": "28.12.2020 05:51",
            "open": "18.5292",
            "high": "18.5292",
            "low": "18.5291",
            "close": "18.625"
        },
        {
            "time": "28.12.2020 06:24",
            "open": "18.625",
            "high": "18.625",
            "low": "18.625",
            "close": "18.6718"
        },
        {
            "time": "28.12.2020 06:28",
            "open": "18.6718",
            "high": "18.6718",
            "low": "18.6718",
            "close": "18.6863"
        },
        {
            "time": "28.12.2020 06:29",
            "open": "18.6863",
            "high": "18.6863",
            "low": "18.6863",
            "close": "18.6866"
        },
        {
            "time": "28.12.2020 06:30",
            "open": "18.6866",
            "high": "18.6866",
            "low": "18.6866",
            "close": "18.6935"
        },
        {
            "time": "28.12.2020 06:31",
            "open": "18.6935",
            "high": "18.7191",
            "low": "18.6935",
            "close": "18.7534"
        },
        {
            "time": "28.12.2020 06:32",
            "open": "18.7534",
            "high": "18.7534",
            "low": "18.7534",
            "close": "18.79"
        },
        {
            "time": "28.12.2020 06:35",
            "open": "18.79",
            "high": "18.8263",
            "low": "18.78",
            "close": "18.7751"
        },
        {
            "time": "28.12.2020 06:36",
            "open": "18.7751",
            "high": "18.7854",
            "low": "18.7751",
            "close": "18.7358"
        },
        {
            "time": "28.12.2020 06:44",
            "open": "18.7358",
            "high": "18.7358",
            "low": "18.7358",
            "close": "18.705"
        },
        {
            "time": "28.12.2020 06:46",
            "open": "18.705",
            "high": "18.705",
            "low": "18.7049",
            "close": "18.6818"
        },
        {
            "time": "28.12.2020 06:47",
            "open": "18.6818",
            "high": "18.6818",
            "low": "18.6818",
            "close": "18.7112"
        },
        {
            "time": "28.12.2020 06:50",
            "open": "18.7112",
            "high": "18.7112",
            "low": "18.6963",
            "close": "18.7032"
        },
        {
            "time": "28.12.2020 06:51",
            "open": "18.7032",
            "high": "18.7102",
            "low": "18.7032",
            "close": "18.7019"
        },
        {
            "time": "28.12.2020 06:52",
            "open": "18.7019",
            "high": "18.702",
            "low": "18.7019",
            "close": "18.7112"
        },
        {
            "time": "28.12.2020 06:54",
            "open": "18.7112",
            "high": "18.7112",
            "low": "18.7112",
            "close": "18.7884"
        },
        {
            "time": "28.12.2020 07:08",
            "open": "18.7884",
            "high": "18.7884",
            "low": "18.7884",
            "close": "18.8085"
        },
        {
            "time": "28.12.2020 07:10",
            "open": "18.8085",
            "high": "18.8086",
            "low": "18.8085",
            "close": "18.807"
        },
        {
            "time": "28.12.2020 07:14",
            "open": "18.807",
            "high": "18.807",
            "low": "18.807",
            "close": "18.8142"
        },
        {
            "time": "28.12.2020 07:37",
            "open": "18.8142",
            "high": "18.8142",
            "low": "18.8142",
            "close": "18.7871"
        },
        {
            "time": "28.12.2020 07:39",
            "open": "18.7871",
            "high": "18.7871",
            "low": "18.7858",
            "close": "18.7574"
        },
        {
            "time": "28.12.2020 07:50",
            "open": "18.7574",
            "high": "18.7574",
            "low": "18.7574",
            "close": "18.7632"
        },
        {
            "time": "28.12.2020 07:56",
            "open": "18.7632",
            "high": "18.7662",
            "low": "18.7632",
            "close": "18.7539"
        },
        {
            "time": "28.12.2020 08:03",
            "open": "18.7539",
            "high": "18.7539",
            "low": "18.7539",
            "close": "18.8182"
        },
        {
            "time": "28.12.2020 08:10",
            "open": "18.8182",
            "high": "18.8182",
            "low": "18.8182",
            "close": "18.834"
        },
        {
            "time": "28.12.2020 08:12",
            "open": "18.834",
            "high": "18.834",
            "low": "18.834",
            "close": "18.7895"
        },
        {
            "time": "28.12.2020 08:19",
            "open": "18.7895",
            "high": "18.7895",
            "low": "18.7895",
            "close": "18.8177"
        },
        {
            "time": "28.12.2020 08:21",
            "open": "18.8177",
            "high": "18.8177",
            "low": "18.8177",
            "close": "18.8125"
        },
        {
            "time": "28.12.2020 08:22",
            "open": "18.8125",
            "high": "18.8159",
            "low": "18.8125",
            "close": "18.7485"
        },
        {
            "time": "28.12.2020 08:27",
            "open": "18.7485",
            "high": "18.7485",
            "low": "18.7485",
            "close": "18.6898"
        },
        {
            "time": "28.12.2020 08:32",
            "open": "18.6898",
            "high": "18.6898",
            "low": "18.6898",
            "close": "18.6536"
        },
        {
            "time": "28.12.2020 08:34",
            "open": "18.6536",
            "high": "18.6536",
            "low": "18.6536",
            "close": "18.629"
        },
        {
            "time": "28.12.2020 08:40",
            "open": "18.629",
            "high": "18.629",
            "low": "18.6006",
            "close": "18.6006"
        },
        {
            "time": "28.12.2020 08:41",
            "open": "18.6006",
            "high": "18.6274",
            "low": "18.6006",
            "close": "18.6586"
        },
        {
            "time": "28.12.2020 08:48",
            "open": "18.6586",
            "high": "18.6586",
            "low": "18.6585",
            "close": "18.6811"
        },
        {
            "time": "28.12.2020 08:58",
            "open": "18.6811",
            "high": "18.6811",
            "low": "18.6811",
            "close": "18.6915"
        },
        {
            "time": "28.12.2020 09:00",
            "open": "18.6915",
            "high": "18.6915",
            "low": "18.6915",
            "close": "18.6585"
        },
        {
            "time": "28.12.2020 09:01",
            "open": "18.6585",
            "high": "18.6585",
            "low": "18.6585",
            "close": "18.6844"
        },
        {
            "time": "28.12.2020 09:06",
            "open": "18.6844",
            "high": "18.6844",
            "low": "18.6844",
            "close": "18.6844"
        },
        {
            "time": "28.12.2020 09:13",
            "open": "18.6844",
            "high": "18.6844",
            "low": "18.6523",
            "close": "18.5933"
        },
        {
            "time": "28.12.2020 09:17",
            "open": "18.5933",
            "high": "18.5979",
            "low": "18.5933",
            "close": "18.6418"
        },
        {
            "time": "28.12.2020 09:36",
            "open": "18.6418",
            "high": "18.6418",
            "low": "18.6418",
            "close": "18.6503"
        },
        {
            "time": "28.12.2020 09:40",
            "open": "18.6503",
            "high": "18.6503",
            "low": "18.6503",
            "close": "18.6011"
        },
        {
            "time": "28.12.2020 09:47",
            "open": "18.6011",
            "high": "18.6011",
            "low": "18.6011",
            "close": "18.5947"
        },
        {
            "time": "28.12.2020 09:51",
            "open": "18.5947",
            "high": "18.5947",
            "low": "18.5947",
            "close": "18.5862"
        },
        {
            "time": "28.12.2020 09:59",
            "open": "18.5862",
            "high": "18.5862",
            "low": "18.5862",
            "close": "18.5563"
        },
        {
            "time": "28.12.2020 10:02",
            "open": "18.5563",
            "high": "18.5563",
            "low": "18.5563",
            "close": "18.5949"
        },
        {
            "time": "28.12.2020 10:05",
            "open": "18.5949",
            "high": "18.5949",
            "low": "18.5922",
            "close": "18.577"
        },
        {
            "time": "28.12.2020 10:06",
            "open": "18.577",
            "high": "18.6041",
            "low": "18.577",
            "close": "18.6454"
        },
        {
            "time": "28.12.2020 10:13",
            "open": "18.6454",
            "high": "18.6454",
            "low": "18.6421",
            "close": "18.6521"
        },
        {
            "time": "28.12.2020 10:14",
            "open": "18.6521",
            "high": "18.6521",
            "low": "18.652",
            "close": "18.6924"
        },
        {
            "time": "28.12.2020 10:17",
            "open": "18.6924",
            "high": "18.6924",
            "low": "18.6924",
            "close": "18.8091"
        },
        {
            "time": "28.12.2020 10:20",
            "open": "18.8091",
            "high": "18.8091",
            "low": "18.8025",
            "close": "18.7837"
        },
        {
            "time": "28.12.2020 10:22",
            "open": "18.7837",
            "high": "18.7837",
            "low": "18.7574",
            "close": "18.7195"
        },
        {
            "time": "28.12.2020 10:23",
            "open": "18.7195",
            "high": "18.7195",
            "low": "18.7195",
            "close": "18.7195"
        },
        {
            "time": "28.12.2020 10:24",
            "open": "18.7195",
            "high": "18.7195",
            "low": "18.7195",
            "close": "18.7013"
        },
        {
            "time": "28.12.2020 10:27",
            "open": "18.7013",
            "high": "18.7013",
            "low": "18.7013",
            "close": "18.7238"
        },
        {
            "time": "28.12.2020 10:30",
            "open": "18.7238",
            "high": "18.7238",
            "low": "18.7238",
            "close": "18.7037"
        },
        {
            "time": "28.12.2020 10:32",
            "open": "18.7037",
            "high": "18.7238",
            "low": "18.7037",
            "close": "18.7078"
        },
        {
            "time": "28.12.2020 10:33",
            "open": "18.7078",
            "high": "18.7239",
            "low": "18.7078",
            "close": "18.7656"
        },
        {
            "time": "28.12.2020 10:36",
            "open": "18.7656",
            "high": "18.7656",
            "low": "18.7656",
            "close": "18.815"
        },
        {
            "time": "28.12.2020 10:43",
            "open": "18.815",
            "high": "18.815",
            "low": "18.815",
            "close": "18.7477"
        },
        {
            "time": "28.12.2020 10:47",
            "open": "18.7477",
            "high": "18.7477",
            "low": "18.7477",
            "close": "18.7"
        },
        {
            "time": "28.12.2020 10:51",
            "open": "18.7",
            "high": "18.7",
            "low": "18.6537",
            "close": "18.6319"
        },
        {
            "time": "28.12.2020 10:58",
            "open": "18.6319",
            "high": "18.6319",
            "low": "18.6319",
            "close": "18.5944"
        },
        {
            "time": "28.12.2020 11:06",
            "open": "18.5944",
            "high": "18.6003",
            "low": "18.585",
            "close": "18.5388"
        },
        {
            "time": "28.12.2020 11:07",
            "open": "18.5388",
            "high": "18.5388",
            "low": "18.5388",
            "close": "18.5648"
        },
        {
            "time": "28.12.2020 11:08",
            "open": "18.5648",
            "high": "18.5721",
            "low": "18.5648",
            "close": "18.5747"
        },
        {
            "time": "28.12.2020 11:09",
            "open": "18.5747",
            "high": "18.5747",
            "low": "18.5747",
            "close": "18.5881"
        },
        {
            "time": "28.12.2020 11:10",
            "open": "18.5881",
            "high": "18.5882",
            "low": "18.5881",
            "close": "18.5583"
        },
        {
            "time": "28.12.2020 11:11",
            "open": "18.5583",
            "high": "18.573",
            "low": "18.5583",
            "close": "18.5457"
        },
        {
            "time": "28.12.2020 11:12",
            "open": "18.5457",
            "high": "18.5711",
            "low": "18.5456",
            "close": "18.5597"
        },
        {
            "time": "28.12.2020 11:13",
            "open": "18.5597",
            "high": "18.5597",
            "low": "18.5597",
            "close": "18.5663"
        },
        {
            "time": "28.12.2020 11:15",
            "open": "18.5663",
            "high": "18.5663",
            "low": "18.5663",
            "close": "18.5988"
        },
        {
            "time": "28.12.2020 11:17",
            "open": "18.5988",
            "high": "18.5988",
            "low": "18.5988",
            "close": "18.5114"
        },
        {
            "time": "28.12.2020 11:20",
            "open": "18.5114",
            "high": "18.5114",
            "low": "18.5",
            "close": "18.4528"
        },
        {
            "time": "28.12.2020 11:24",
            "open": "18.4528",
            "high": "18.4528",
            "low": "18.4528",
            "close": "18.4566"
        },
        {
            "time": "28.12.2020 11:25",
            "open": "18.4566",
            "high": "18.4566",
            "low": "18.4566",
            "close": "18.4798"
        },
        {
            "time": "28.12.2020 11:28",
            "open": "18.4798",
            "high": "18.4798",
            "low": "18.4798",
            "close": "18.4893"
        },
        {
            "time": "28.12.2020 11:29",
            "open": "18.4893",
            "high": "18.4893",
            "low": "18.4893",
            "close": "18.4914"
        },
        {
            "time": "28.12.2020 11:32",
            "open": "18.4914",
            "high": "18.4916",
            "low": "18.4914",
            "close": "18.4928"
        },
        {
            "time": "28.12.2020 11:33",
            "open": "18.4928",
            "high": "18.4928",
            "low": "18.4928",
            "close": "18.4669"
        },
        {
            "time": "28.12.2020 11:36",
            "open": "18.4669",
            "high": "18.4762",
            "low": "18.4669",
            "close": "18.4355"
        },
        {
            "time": "28.12.2020 11:37",
            "open": "18.4355",
            "high": "18.4355",
            "low": "18.4355",
            "close": "18.4153"
        },
        {
            "time": "28.12.2020 11:40",
            "open": "18.4153",
            "high": "18.4154",
            "low": "18.4153",
            "close": "18.3905"
        },
        {
            "time": "28.12.2020 11:43",
            "open": "18.3905",
            "high": "18.3906",
            "low": "18.3905",
            "close": "18.4232"
        },
        {
            "time": "28.12.2020 11:45",
            "open": "18.4232",
            "high": "18.452",
            "low": "18.4232",
            "close": "18.5"
        },
        {
            "time": "28.12.2020 11:47",
            "open": "18.5",
            "high": "18.536",
            "low": "18.5",
            "close": "18.5218"
        },
        {
            "time": "28.12.2020 11:49",
            "open": "18.5218",
            "high": "18.5218",
            "low": "18.5001",
            "close": "18.4613"
        },
        {
            "time": "28.12.2020 11:53",
            "open": "18.4613",
            "high": "18.4613",
            "low": "18.4613",
            "close": "18.4795"
        },
        {
            "time": "28.12.2020 11:54",
            "open": "18.4795",
            "high": "18.4795",
            "low": "18.4795",
            "close": "18.45"
        },
        {
            "time": "28.12.2020 11:55",
            "open": "18.45",
            "high": "18.45",
            "low": "18.45",
            "close": "18.4612"
        },
        {
            "time": "28.12.2020 11:58",
            "open": "18.4612",
            "high": "18.4612",
            "low": "18.4612",
            "close": "18.4749"
        },
        {
            "time": "28.12.2020 12:02",
            "open": "18.4749",
            "high": "18.4749",
            "low": "18.4749",
            "close": "18.4749"
        },
        {
            "time": "28.12.2020 12:05",
            "open": "18.4749",
            "high": "18.475",
            "low": "18.4749",
            "close": "18.48"
        },
        {
            "time": "28.12.2020 12:06",
            "open": "18.48",
            "high": "18.5099",
            "low": "18.48",
            "close": "18.51"
        },
        {
            "time": "28.12.2020 12:07",
            "open": "18.51",
            "high": "18.51",
            "low": "18.51",
            "close": "18.5214"
        },
        {
            "time": "28.12.2020 12:08",
            "open": "18.5214",
            "high": "18.5221",
            "low": "18.5214",
            "close": "18.52"
        },
        {
            "time": "28.12.2020 12:09",
            "open": "18.52",
            "high": "18.55",
            "low": "18.52",
            "close": "18.5832"
        },
        {
            "time": "28.12.2020 12:10",
            "open": "18.5832",
            "high": "18.6099",
            "low": "18.5832",
            "close": "18.5564"
        },
        {
            "time": "28.12.2020 12:13",
            "open": "18.5564",
            "high": "18.5564",
            "low": "18.5564",
            "close": "18.5592"
        },
        {
            "time": "28.12.2020 12:15",
            "open": "18.5592",
            "high": "18.5592",
            "low": "18.5592",
            "close": "18.5643"
        },
        {
            "time": "28.12.2020 12:22",
            "open": "18.5643",
            "high": "18.5643",
            "low": "18.5643",
            "close": "18.5639"
        },
        {
            "time": "28.12.2020 12:27",
            "open": "18.5639",
            "high": "18.57",
            "low": "18.5639",
            "close": "18.57"
        },
        {
            "time": "28.12.2020 12:28",
            "open": "18.57",
            "high": "18.57",
            "low": "18.57",
            "close": "18.5638"
        },
        {
            "time": "28.12.2020 12:31",
            "open": "18.5638",
            "high": "18.5638",
            "low": "18.5638",
            "close": "18.535"
        },
        {
            "time": "28.12.2020 12:32",
            "open": "18.535",
            "high": "18.535",
            "low": "18.535",
            "close": "18.5119"
        },
        {
            "time": "28.12.2020 12:36",
            "open": "18.5119",
            "high": "18.5119",
            "low": "18.5119",
            "close": "18.5535"
        },
        {
            "time": "28.12.2020 12:37",
            "open": "18.5535",
            "high": "18.5535",
            "low": "18.5535",
            "close": "18.57"
        },
        {
            "time": "28.12.2020 12:41",
            "open": "18.57",
            "high": "18.57",
            "low": "18.57",
            "close": "18.57"
        },
        {
            "time": "28.12.2020 12:42",
            "open": "18.57",
            "high": "18.594",
            "low": "18.57",
            "close": "18.5822"
        },
        {
            "time": "28.12.2020 12:44",
            "open": "18.5822",
            "high": "18.5822",
            "low": "18.5822",
            "close": "18.5954"
        },
        {
            "time": "28.12.2020 12:46",
            "open": "18.5954",
            "high": "18.5954",
            "low": "18.5954",
            "close": "18.61"
        },
        {
            "time": "28.12.2020 12:47",
            "open": "18.61",
            "high": "18.61",
            "low": "18.61",
            "close": "18.61"
        },
        {
            "time": "28.12.2020 12:49",
            "open": "18.61",
            "high": "18.61",
            "low": "18.61",
            "close": "18.61"
        },
        {
            "time": "28.12.2020 12:53",
            "open": "18.61",
            "high": "18.61",
            "low": "18.61",
            "close": "18.5913"
        },
        {
            "time": "28.12.2020 12:57",
            "open": "18.5913",
            "high": "18.5913",
            "low": "18.5913",
            "close": "18.5926"
        },
        {
            "time": "28.12.2020 13:00",
            "open": "18.5926",
            "high": "18.5926",
            "low": "18.5926",
            "close": "18.53"
        },
        {
            "time": "28.12.2020 13:05",
            "open": "18.53",
            "high": "18.53",
            "low": "18.53",
            "close": "18.5285"
        },
        {
            "time": "28.12.2020 13:06",
            "open": "18.5285",
            "high": "18.5285",
            "low": "18.5285",
            "close": "18.524"
        },
        {
            "time": "28.12.2020 13:08",
            "open": "18.524",
            "high": "18.5241",
            "low": "18.524",
            "close": "18.5"
        },
        {
            "time": "28.12.2020 13:10",
            "open": "18.5",
            "high": "18.5001",
            "low": "18.477",
            "close": "18.4617"
        },
        {
            "time": "28.12.2020 13:11",
            "open": "18.4617",
            "high": "18.4617",
            "low": "18.4617",
            "close": "18.475"
        },
        {
            "time": "28.12.2020 13:22",
            "open": "18.475",
            "high": "18.475",
            "low": "18.475",
            "close": "18.4708"
        },
        {
            "time": "28.12.2020 13:24",
            "open": "18.4708",
            "high": "18.4708",
            "low": "18.4708",
            "close": "18.465"
        },
        {
            "time": "28.12.2020 13:27",
            "open": "18.465",
            "high": "18.4766",
            "low": "18.465",
            "close": "18.4749"
        },
        {
            "time": "28.12.2020 13:31",
            "open": "18.4749",
            "high": "18.4749",
            "low": "18.4517",
            "close": "18.4517"
        },
        {
            "time": "28.12.2020 13:32",
            "open": "18.4517",
            "high": "18.4517",
            "low": "18.45",
            "close": "18.4659"
        },
        {
            "time": "28.12.2020 13:33",
            "open": "18.4659",
            "high": "18.466",
            "low": "18.4659",
            "close": "18.45"
        },
        {
            "time": "28.12.2020 13:34",
            "open": "18.45",
            "high": "18.45",
            "low": "18.45",
            "close": "18.44"
        },
        {
            "time": "28.12.2020 13:35",
            "open": "18.44",
            "high": "18.44",
            "low": "18.44",
            "close": "18.4307"
        },
        {
            "time": "28.12.2020 13:36",
            "open": "18.4307",
            "high": "18.4458",
            "low": "18.4307",
            "close": "18.4549"
        },
        {
            "time": "28.12.2020 13:41",
            "open": "18.4549",
            "high": "18.4551",
            "low": "18.4549",
            "close": "18.4639"
        },
        {
            "time": "28.12.2020 13:42",
            "open": "18.4639",
            "high": "18.4639",
            "low": "18.4639",
            "close": "18.4247"
        },
        {
            "time": "28.12.2020 13:43",
            "open": "18.4247",
            "high": "18.4247",
            "low": "18.4247",
            "close": "18.3838"
        },
        {
            "time": "28.12.2020 13:45",
            "open": "18.3838",
            "high": "18.4058",
            "low": "18.3838",
            "close": "18.4354"
        },
        {
            "time": "28.12.2020 13:49",
            "open": "18.4354",
            "high": "18.4354",
            "low": "18.4354",
            "close": "18.4353"
        },
        {
            "time": "28.12.2020 13:50",
            "open": "18.4353",
            "high": "18.4353",
            "low": "18.4353",
            "close": "18.4353"
        },
        {
            "time": "28.12.2020 13:51",
            "open": "18.4353",
            "high": "18.4353",
            "low": "18.4353",
            "close": "18.4376"
        },
        {
            "time": "28.12.2020 13:55",
            "open": "18.4376",
            "high": "18.4376",
            "low": "18.4376",
            "close": "18.4748"
        },
        {
            "time": "28.12.2020 13:57",
            "open": "18.4748",
            "high": "18.4748",
            "low": "18.4748",
            "close": "18.475"
        },
        {
            "time": "28.12.2020 14:00",
            "open": "18.475",
            "high": "18.48",
            "low": "18.475",
            "close": "18.5"
        },
        {
            "time": "28.12.2020 14:01",
            "open": "18.5",
            "high": "18.5",
            "low": "18.5",
            "close": "18.5027"
        },
        {
            "time": "28.12.2020 14:04",
            "open": "18.5027",
            "high": "18.5027",
            "low": "18.5027",
            "close": "18.4723"
        },
        {
            "time": "28.12.2020 14:05",
            "open": "18.4723",
            "high": "18.4723",
            "low": "18.4723",
            "close": "18.4685"
        },
        {
            "time": "28.12.2020 14:06",
            "open": "18.4685",
            "high": "18.4685",
            "low": "18.4685",
            "close": "18.4347"
        },
        {
            "time": "28.12.2020 14:10",
            "open": "18.4347",
            "high": "18.4347",
            "low": "18.4347",
            "close": "18.4567"
        },
        {
            "time": "28.12.2020 14:16",
            "open": "18.4567",
            "high": "18.4756",
            "low": "18.4567",
            "close": "18.5184"
        },
        {
            "time": "28.12.2020 14:19",
            "open": "18.5184",
            "high": "18.5184",
            "low": "18.5184",
            "close": "18.5333"
        },
        {
            "time": "28.12.2020 14:25",
            "open": "18.5333",
            "high": "18.5333",
            "low": "18.5108",
            "close": "18.5207"
        },
        {
            "time": "28.12.2020 14:28",
            "open": "18.5207",
            "high": "18.5207",
            "low": "18.5207",
            "close": "18.5224"
        },
        {
            "time": "28.12.2020 14:29",
            "open": "18.5224",
            "high": "18.5225",
            "low": "18.5224",
            "close": "18.5018"
        },
        {
            "time": "28.12.2020 14:31",
            "open": "18.5018",
            "high": "18.5018",
            "low": "18.5018",
            "close": "18.5171"
        },
        {
            "time": "28.12.2020 14:33",
            "open": "18.5171",
            "high": "18.5171",
            "low": "18.5142",
            "close": "18.5391"
        },
        {
            "time": "28.12.2020 14:35",
            "open": "18.5391",
            "high": "18.5391",
            "low": "18.5391",
            "close": "18.55"
        },
        {
            "time": "28.12.2020 14:36",
            "open": "18.55",
            "high": "18.55",
            "low": "18.55",
            "close": "18.5519"
        },
        {
            "time": "28.12.2020 14:38",
            "open": "18.5519",
            "high": "18.5519",
            "low": "18.5519",
            "close": "18.5463"
        },
        {
            "time": "28.12.2020 14:39",
            "open": "18.5463",
            "high": "18.5463",
            "low": "18.5463",
            "close": "18.5741"
        },
        {
            "time": "28.12.2020 14:41",
            "open": "18.5741",
            "high": "18.5741",
            "low": "18.5741",
            "close": "18.5645"
        },
        {
            "time": "28.12.2020 14:46",
            "open": "18.5645",
            "high": "18.5645",
            "low": "18.5365",
            "close": "18.5592"
        },
        {
            "time": "28.12.2020 14:48",
            "open": "18.5592",
            "high": "18.5592",
            "low": "18.5592",
            "close": "18.5592"
        },
        {
            "time": "28.12.2020 14:50",
            "open": "18.5592",
            "high": "18.5592",
            "low": "18.5592",
            "close": "18.5376"
        },
        {
            "time": "28.12.2020 14:54",
            "open": "18.5376",
            "high": "18.5376",
            "low": "18.5376",
            "close": "18.5612"
        },
        {
            "time": "28.12.2020 14:57",
            "open": "18.5612",
            "high": "18.5612",
            "low": "18.5425",
            "close": "18.5859"
        },
        {
            "time": "28.12.2020 15:07",
            "open": "18.5859",
            "high": "18.5859",
            "low": "18.5859",
            "close": "18.586"
        },
        {
            "time": "28.12.2020 15:08",
            "open": "18.586",
            "high": "18.586",
            "low": "18.586",
            "close": "18.586"
        },
        {
            "time": "28.12.2020 15:09",
            "open": "18.586",
            "high": "18.586",
            "low": "18.586",
            "close": "18.567"
        },
        {
            "time": "28.12.2020 15:10",
            "open": "18.567",
            "high": "18.567",
            "low": "18.567",
            "close": "18.5859"
        },
        {
            "time": "28.12.2020 15:11",
            "open": "18.5859",
            "high": "18.5859",
            "low": "18.5859",
            "close": "18.5317"
        },
        {
            "time": "28.12.2020 15:15",
            "open": "18.5317",
            "high": "18.5317",
            "low": "18.5317",
            "close": "18.5556"
        },
        {
            "time": "28.12.2020 15:23",
            "open": "18.5556",
            "high": "18.5556",
            "low": "18.5556",
            "close": "18.5461"
        },
        {
            "time": "28.12.2020 15:25",
            "open": "18.5461",
            "high": "18.5461",
            "low": "18.5461",
            "close": "18.5642"
        },
        {
            "time": "28.12.2020 15:44",
            "open": "18.5642",
            "high": "18.5642",
            "low": "18.5627",
            "close": "18.5715"
        },
        {
            "time": "28.12.2020 15:45",
            "open": "18.5715",
            "high": "18.5715",
            "low": "18.5715",
            "close": "18.6031"
        },
        {
            "time": "28.12.2020 15:52",
            "open": "18.6031",
            "high": "18.6035",
            "low": "18.6031",
            "close": "18.5899"
        },
        {
            "time": "28.12.2020 15:53",
            "open": "18.5899",
            "high": "18.5899",
            "low": "18.5899",
            "close": "18.575"
        },
        {
            "time": "28.12.2020 15:54",
            "open": "18.575",
            "high": "18.575",
            "low": "18.575",
            "close": "18.5811"
        },
        {
            "time": "28.12.2020 15:55",
            "open": "18.5811",
            "high": "18.5811",
            "low": "18.5811",
            "close": "18.5818"
        },
        {
            "time": "28.12.2020 15:57",
            "open": "18.5818",
            "high": "18.5818",
            "low": "18.5818",
            "close": "18.5889"
        },
        {
            "time": "28.12.2020 15:59",
            "open": "18.5889",
            "high": "18.6",
            "low": "18.5889",
            "close": "18.6"
        },
        {
            "time": "28.12.2020 16:00",
            "open": "18.6",
            "high": "18.6",
            "low": "18.6",
            "close": "18.5773"
        },
        {
            "time": "28.12.2020 16:03",
            "open": "18.5773",
            "high": "18.5773",
            "low": "18.5773",
            "close": "18.553"
        },
        {
            "time": "28.12.2020 16:04",
            "open": "18.553",
            "high": "18.553",
            "low": "18.553",
            "close": "18.569"
        },
        {
            "time": "28.12.2020 16:05",
            "open": "18.569",
            "high": "18.569",
            "low": "18.569",
            "close": "18.5766"
        },
        {
            "time": "28.12.2020 16:07",
            "open": "18.5766",
            "high": "18.5766",
            "low": "18.5766",
            "close": "18.5684"
        },
        {
            "time": "28.12.2020 16:08",
            "open": "18.5684",
            "high": "18.6033",
            "low": "18.5684",
            "close": "18.61"
        },
        {
            "time": "28.12.2020 16:13",
            "open": "18.61",
            "high": "18.61",
            "low": "18.61",
            "close": "18.591"
        },
        {
            "time": "28.12.2020 16:16",
            "open": "18.591",
            "high": "18.591",
            "low": "18.591",
            "close": "18.6099"
        },
        {
            "time": "28.12.2020 16:18",
            "open": "18.6099",
            "high": "18.6099",
            "low": "18.6099",
            "close": "18.5534"
        },
        {
            "time": "28.12.2020 16:25",
            "open": "18.5534",
            "high": "18.5575",
            "low": "18.5534",
            "close": "18.5671"
        },
        {
            "time": "28.12.2020 16:27",
            "open": "18.5671",
            "high": "18.5671",
            "low": "18.5671",
            "close": "18.5337"
        },
        {
            "time": "28.12.2020 16:30",
            "open": "18.5337",
            "high": "18.5337",
            "low": "18.5337",
            "close": "18.5123"
        },
        {
            "time": "28.12.2020 16:35",
            "open": "18.5123",
            "high": "18.5123",
            "low": "18.4982",
            "close": "18.4618"
        },
        {
            "time": "28.12.2020 16:37",
            "open": "18.4618",
            "high": "18.4618",
            "low": "18.4618",
            "close": "18.511"
        },
        {
            "time": "28.12.2020 16:39",
            "open": "18.511",
            "high": "18.5278",
            "low": "18.511",
            "close": "18.5253"
        },
        {
            "time": "28.12.2020 16:40",
            "open": "18.5253",
            "high": "18.5253",
            "low": "18.5253",
            "close": "18.487"
        },
        {
            "time": "28.12.2020 16:41",
            "open": "18.487",
            "high": "18.487",
            "low": "18.487",
            "close": "18.5504"
        },
        {
            "time": "28.12.2020 16:46",
            "open": "18.5504",
            "high": "18.5504",
            "low": "18.5504",
            "close": "18.5217"
        },
        {
            "time": "28.12.2020 16:47",
            "open": "18.5217",
            "high": "18.5279",
            "low": "18.5217",
            "close": "18.5484"
        },
        {
            "time": "28.12.2020 16:48",
            "open": "18.5484",
            "high": "18.5484",
            "low": "18.5484",
            "close": "18.5197"
        },
        {
            "time": "28.12.2020 16:49",
            "open": "18.5197",
            "high": "18.5197",
            "low": "18.5197",
            "close": "18.506"
        },
        {
            "time": "28.12.2020 16:52",
            "open": "18.506",
            "high": "18.5061",
            "low": "18.506",
            "close": "18.5352"
        },
        {
            "time": "28.12.2020 16:55",
            "open": "18.5352",
            "high": "18.5352",
            "low": "18.5352",
            "close": "18.4731"
        },
        {
            "time": "28.12.2020 17:00",
            "open": "18.4731",
            "high": "18.4731",
            "low": "18.45",
            "close": "18.531"
        },
        {
            "time": "28.12.2020 17:08",
            "open": "18.531",
            "high": "18.531",
            "low": "18.531",
            "close": "18.5"
        },
        {
            "time": "28.12.2020 17:12",
            "open": "18.5",
            "high": "18.5",
            "low": "18.5",
            "close": "18.5276"
        },
        {
            "time": "28.12.2020 17:15",
            "open": "18.5276",
            "high": "18.5276",
            "low": "18.5276",
            "close": "18.5104"
        },
        {
            "time": "28.12.2020 17:29",
            "open": "18.5104",
            "high": "18.5104",
            "low": "18.5104",
            "close": "18.4572"
        },
        {
            "time": "28.12.2020 17:36",
            "open": "18.4572",
            "high": "18.4572",
            "low": "18.4572",
            "close": "18.4292"
        },
        {
            "time": "28.12.2020 17:45",
            "open": "18.4292",
            "high": "18.4292",
            "low": "18.4292",
            "close": "18.4519"
        },
        {
            "time": "28.12.2020 17:46",
            "open": "18.4519",
            "high": "18.4519",
            "low": "18.4519",
            "close": "18.4342"
        },
        {
            "time": "28.12.2020 17:48",
            "open": "18.4342",
            "high": "18.4342",
            "low": "18.4342",
            "close": "18.4306"
        },
        {
            "time": "28.12.2020 17:49",
            "open": "18.4306",
            "high": "18.4306",
            "low": "18.4306",
            "close": "18.4698"
        },
        {
            "time": "28.12.2020 17:53",
            "open": "18.4698",
            "high": "18.4698",
            "low": "18.4698",
            "close": "18.4564"
        },
        {
            "time": "28.12.2020 17:58",
            "open": "18.4564",
            "high": "18.4564",
            "low": "18.4564",
            "close": "18.4325"
        },
        {
            "time": "28.12.2020 17:59",
            "open": "18.4325",
            "high": "18.4325",
            "low": "18.4316",
            "close": "18.4451"
        },
        {
            "time": "28.12.2020 18:04",
            "open": "18.4451",
            "high": "18.4451",
            "low": "18.4451",
            "close": "18.4676"
        },
        {
            "time": "28.12.2020 18:07",
            "open": "18.4676",
            "high": "18.4676",
            "low": "18.4676",
            "close": "18.4762"
        },
        {
            "time": "28.12.2020 18:12",
            "open": "18.4762",
            "high": "18.4762",
            "low": "18.4762",
            "close": "18.4585"
        },
        {
            "time": "28.12.2020 18:15",
            "open": "18.4585",
            "high": "18.4585",
            "low": "18.4585",
            "close": "18.4444"
        },
        {
            "time": "28.12.2020 18:16",
            "open": "18.4444",
            "high": "18.4444",
            "low": "18.4248",
            "close": "18.4799"
        },
        {
            "time": "28.12.2020 18:21",
            "open": "18.4799",
            "high": "18.4799",
            "low": "18.4799",
            "close": "18.4731"
        },
        {
            "time": "28.12.2020 18:25",
            "open": "18.4731",
            "high": "18.4731",
            "low": "18.4731",
            "close": "18.4492"
        },
        {
            "time": "28.12.2020 18:26",
            "open": "18.4492",
            "high": "18.4492",
            "low": "18.4492",
            "close": "18.4314"
        },
        {
            "time": "28.12.2020 18:30",
            "open": "18.4314",
            "high": "18.4314",
            "low": "18.4314",
            "close": "18.4314"
        },
        {
            "time": "28.12.2020 18:34",
            "open": "18.4314",
            "high": "18.4314",
            "low": "18.4314",
            "close": "18.4314"
        },
        {
            "time": "28.12.2020 18:36",
            "open": "18.4314",
            "high": "18.4536",
            "low": "18.4314",
            "close": "18.4196"
        },
        {
            "time": "28.12.2020 18:40",
            "open": "18.4196",
            "high": "18.4413",
            "low": "18.4196",
            "close": "18.4155"
        },
        {
            "time": "28.12.2020 18:43",
            "open": "18.4155",
            "high": "18.4155",
            "low": "18.4145",
            "close": "18.4205"
        },
        {
            "time": "28.12.2020 18:47",
            "open": "18.4205",
            "high": "18.4205",
            "low": "18.4205",
            "close": "18.4221"
        },
        {
            "time": "28.12.2020 18:49",
            "open": "18.4221",
            "high": "18.4221",
            "low": "18.4221",
            "close": "18.4061"
        },
        {
            "time": "28.12.2020 18:51",
            "open": "18.4061",
            "high": "18.4061",
            "low": "18.406",
            "close": "18.4069"
        },
        {
            "time": "28.12.2020 18:53",
            "open": "18.4069",
            "high": "18.4069",
            "low": "18.4069",
            "close": "18.3897"
        },
        {
            "time": "28.12.2020 18:54",
            "open": "18.3897",
            "high": "18.4097",
            "low": "18.3897",
            "close": "18.4059"
        },
        {
            "time": "28.12.2020 18:56",
            "open": "18.4059",
            "high": "18.4059",
            "low": "18.4059",
            "close": "18.4233"
        },
        {
            "time": "28.12.2020 18:59",
            "open": "18.4233",
            "high": "18.4233",
            "low": "18.4233",
            "close": "18.4252"
        },
        {
            "time": "28.12.2020 19:01",
            "open": "18.4252",
            "high": "18.4252",
            "low": "18.4252",
            "close": "18.4023"
        },
        {
            "time": "28.12.2020 19:15",
            "open": "18.4023",
            "high": "18.4023",
            "low": "18.4002",
            "close": "18.4271"
        },
        {
            "time": "28.12.2020 19:18",
            "open": "18.4271",
            "high": "18.4271",
            "low": "18.4271",
            "close": "18.4044"
        },
        {
            "time": "28.12.2020 19:19",
            "open": "18.4044",
            "high": "18.4044",
            "low": "18.4044",
            "close": "18.4219"
        },
        {
            "time": "28.12.2020 19:21",
            "open": "18.4219",
            "high": "18.4219",
            "low": "18.4219",
            "close": "18.4044"
        },
        {
            "time": "28.12.2020 19:22",
            "open": "18.4044",
            "high": "18.4044",
            "low": "18.4044",
            "close": "18.403"
        },
        {
            "time": "28.12.2020 19:25",
            "open": "18.403",
            "high": "18.403",
            "low": "18.403",
            "close": "18.403"
        },
        {
            "time": "28.12.2020 19:34",
            "open": "18.403",
            "high": "18.403",
            "low": "18.403",
            "close": "18.39"
        },
        {
            "time": "28.12.2020 19:35",
            "open": "18.39",
            "high": "18.39",
            "low": "18.3794",
            "close": "18.3794"
        },
        {
            "time": "28.12.2020 19:37",
            "open": "18.3794",
            "high": "18.3794",
            "low": "18.3794",
            "close": "18.3794"
        },
        {
            "time": "28.12.2020 19:38",
            "open": "18.3794",
            "high": "18.3794",
            "low": "18.3794",
            "close": "18.3813"
        },
        {
            "time": "28.12.2020 19:39",
            "open": "18.3813",
            "high": "18.3813",
            "low": "18.3813",
            "close": "18.3658"
        },
        {
            "time": "28.12.2020 19:40",
            "open": "18.3658",
            "high": "18.3658",
            "low": "18.3658",
            "close": "18.3712"
        },
        {
            "time": "28.12.2020 19:45",
            "open": "18.3712",
            "high": "18.3714",
            "low": "18.3462",
            "close": "18.3462"
        },
        {
            "time": "28.12.2020 19:46",
            "open": "18.3462",
            "high": "18.3462",
            "low": "18.3461",
            "close": "18.339"
        },
        {
            "time": "28.12.2020 19:47",
            "open": "18.339",
            "high": "18.339",
            "low": "18.339",
            "close": "18.3001"
        },
        {
            "time": "28.12.2020 19:49",
            "open": "18.3001",
            "high": "18.3001",
            "low": "18.3001",
            "close": "18.3086"
        },
        {
            "time": "28.12.2020 19:52",
            "open": "18.3086",
            "high": "18.3086",
            "low": "18.3086",
            "close": "18.3"
        },
        {
            "time": "28.12.2020 19:53",
            "open": "18.3",
            "high": "18.3",
            "low": "18.3",
            "close": "18.3429"
        },
        {
            "time": "28.12.2020 20:03",
            "open": "18.3429",
            "high": "18.3429",
            "low": "18.3429",
            "close": "18.3424"
        },
        {
            "time": "28.12.2020 20:05",
            "open": "18.3424",
            "high": "18.3424",
            "low": "18.3424",
            "close": "18.3204"
        },
        {
            "time": "28.12.2020 20:07",
            "open": "18.3204",
            "high": "18.3233",
            "low": "18.3203",
            "close": "18.3457"
        },
        {
            "time": "28.12.2020 20:08",
            "open": "18.3457",
            "high": "18.3457",
            "low": "18.3457",
            "close": "18.3055"
        },
        {
            "time": "28.12.2020 20:14",
            "open": "18.3055",
            "high": "18.3055",
            "low": "18.3055",
            "close": "18.3"
        },
        {
            "time": "28.12.2020 20:15",
            "open": "18.3",
            "high": "18.3",
            "low": "18.3",
            "close": "18.3"
        },
        {
            "time": "28.12.2020 20:16",
            "open": "18.3",
            "high": "18.3",
            "low": "18.3",
            "close": "18.3"
        },
        {
            "time": "28.12.2020 20:19",
            "open": "18.3",
            "high": "18.3",
            "low": "18.2948",
            "close": "18.2948"
        },
        {
            "time": "28.12.2020 20:21",
            "open": "18.2948",
            "high": "18.2948",
            "low": "18.2874",
            "close": "18.272"
        },
        {
            "time": "28.12.2020 20:26",
            "open": "18.272",
            "high": "18.272",
            "low": "18.272",
            "close": "18.2821"
        },
        {
            "time": "28.12.2020 20:27",
            "open": "18.2821",
            "high": "18.2866",
            "low": "18.2821",
            "close": "18.2918"
        },
        {
            "time": "28.12.2020 20:29",
            "open": "18.2918",
            "high": "18.2918",
            "low": "18.2918",
            "close": "18.2706"
        },
        {
            "time": "28.12.2020 20:31",
            "open": "18.2706",
            "high": "18.2706",
            "low": "18.2706",
            "close": "18.2862"
        },
        {
            "time": "28.12.2020 20:32",
            "open": "18.2862",
            "high": "18.2862",
            "low": "18.2862",
            "close": "18.2557"
        },
        {
            "time": "28.12.2020 20:38",
            "open": "18.2557",
            "high": "18.2557",
            "low": "18.2557",
            "close": "18.2557"
        },
        {
            "time": "28.12.2020 20:39",
            "open": "18.2557",
            "high": "18.2557",
            "low": "18.2557",
            "close": "18.225"
        },
        {
            "time": "28.12.2020 20:42",
            "open": "18.225",
            "high": "18.225",
            "low": "18.225",
            "close": "18.2259"
        },
        {
            "time": "28.12.2020 20:43",
            "open": "18.2259",
            "high": "18.2259",
            "low": "18.2259",
            "close": "18.224"
        },
        {
            "time": "28.12.2020 20:46",
            "open": "18.224",
            "high": "18.224",
            "low": "18.224",
            "close": "18.2183"
        },
        {
            "time": "28.12.2020 20:48",
            "open": "18.2183",
            "high": "18.2183",
            "low": "18.2183",
            "close": "18.2193"
        },
        {
            "time": "28.12.2020 20:52",
            "open": "18.2193",
            "high": "18.2193",
            "low": "18.2193",
            "close": "18.228"
        },
        {
            "time": "28.12.2020 20:54",
            "open": "18.228",
            "high": "18.228",
            "low": "18.2122",
            "close": "18.1834"
        },
        {
            "time": "28.12.2020 21:00",
            "open": "18.1834",
            "high": "18.1834",
            "low": "18.1834",
            "close": "18.1906"
        },
        {
            "time": "28.12.2020 21:02",
            "open": "18.1906",
            "high": "18.1906",
            "low": "18.1906",
            "close": "18.2303"
        },
        {
            "time": "28.12.2020 21:05",
            "open": "18.2303",
            "high": "18.2303",
            "low": "18.2303",
            "close": "18.2171"
        },
        {
            "time": "28.12.2020 21:08",
            "open": "18.2171",
            "high": "18.2171",
            "low": "18.2171",
            "close": "18.2244"
        },
        {
            "time": "28.12.2020 21:09",
            "open": "18.2244",
            "high": "18.2245",
            "low": "18.2055",
            "close": "18.2146"
        },
        {
            "time": "28.12.2020 21:10",
            "open": "18.2146",
            "high": "18.2146",
            "low": "18.2146",
            "close": "18.2785"
        },
        {
            "time": "28.12.2020 21:14",
            "open": "18.2785",
            "high": "18.3105",
            "low": "18.2785",
            "close": "18.2881"
        },
        {
            "time": "28.12.2020 21:15",
            "open": "18.2881",
            "high": "18.2881",
            "low": "18.2881",
            "close": "18.2942"
        },
        {
            "time": "28.12.2020 21:16",
            "open": "18.2942",
            "high": "18.2942",
            "low": "18.2942",
            "close": "18.2146"
        },
        {
            "time": "28.12.2020 21:25",
            "open": "18.2146",
            "high": "18.2146",
            "low": "18.2001",
            "close": "18.1964"
        },
        {
            "time": "28.12.2020 21:30",
            "open": "18.1964",
            "high": "18.1964",
            "low": "18.1964",
            "close": "18.1929"
        },
        {
            "time": "28.12.2020 21:34",
            "open": "18.1929",
            "high": "18.1929",
            "low": "18.1801",
            "close": "18.2079"
        },
        {
            "time": "28.12.2020 21:35",
            "open": "18.2079",
            "high": "18.2079",
            "low": "18.2079",
            "close": "18.2459"
        },
        {
            "time": "28.12.2020 21:38",
            "open": "18.2459",
            "high": "18.2459",
            "low": "18.1849",
            "close": "18.1939"
        },
        {
            "time": "28.12.2020 21:40",
            "open": "18.1939",
            "high": "18.1939",
            "low": "18.1939",
            "close": "18.1968"
        },
        {
            "time": "28.12.2020 21:41",
            "open": "18.1968",
            "high": "18.1969",
            "low": "18.1968",
            "close": "18.1803"
        },
        {
            "time": "28.12.2020 21:44",
            "open": "18.1803",
            "high": "18.1803",
            "low": "18.1803",
            "close": "18.1802"
        },
        {
            "time": "28.12.2020 21:46",
            "open": "18.1802",
            "high": "18.1988",
            "low": "18.1802",
            "close": "18.1801"
        },
        {
            "time": "28.12.2020 21:49",
            "open": "18.1801",
            "high": "18.1801",
            "low": "18.172",
            "close": "18.18"
        },
        {
            "time": "28.12.2020 21:52",
            "open": "18.18",
            "high": "18.18",
            "low": "18.18",
            "close": "18.1596"
        },
        {
            "time": "28.12.2020 21:53",
            "open": "18.1596",
            "high": "18.1596",
            "low": "18.1453",
            "close": "18.1697"
        },
        {
            "time": "28.12.2020 21:59",
            "open": "18.1697",
            "high": "18.1697",
            "low": "18.1697",
            "close": "18.1489"
        },
        {
            "time": "28.12.2020 22:00",
            "open": "18.1489",
            "high": "18.1489",
            "low": "18.1489",
            "close": "18.18"
        },
        {
            "time": "28.12.2020 22:04",
            "open": "18.18",
            "high": "18.18",
            "low": "18.18",
            "close": "18.1715"
        },
        {
            "time": "28.12.2020 22:06",
            "open": "18.1715",
            "high": "18.1715",
            "low": "18.1715",
            "close": "18.155"
        },
        {
            "time": "28.12.2020 22:07",
            "open": "18.155",
            "high": "18.155",
            "low": "18.155",
            "close": "18.132"
        },
        {
            "time": "28.12.2020 22:08",
            "open": "18.132",
            "high": "18.132",
            "low": "18.132",
            "close": "18.155"
        },
        {
            "time": "28.12.2020 22:12",
            "open": "18.155",
            "high": "18.155",
            "low": "18.155",
            "close": "18.155"
        },
        {
            "time": "28.12.2020 22:13",
            "open": "18.155",
            "high": "18.155",
            "low": "18.144",
            "close": "18.1235"
        },
        {
            "time": "28.12.2020 22:15",
            "open": "18.1235",
            "high": "18.1402",
            "low": "18.1235",
            "close": "18.1158"
        },
        {
            "time": "28.12.2020 22:16",
            "open": "18.1158",
            "high": "18.1158",
            "low": "18.1158",
            "close": "18.127"
        },
        {
            "time": "28.12.2020 22:17",
            "open": "18.127",
            "high": "18.127",
            "low": "18.127",
            "close": "18.1156"
        },
        {
            "time": "28.12.2020 22:21",
            "open": "18.1156",
            "high": "18.1156",
            "low": "18.1156",
            "close": "18.1287"
        },
        {
            "time": "28.12.2020 22:23",
            "open": "18.1287",
            "high": "18.1287",
            "low": "18.1097",
            "close": "18.1192"
        },
        {
            "time": "28.12.2020 22:24",
            "open": "18.1192",
            "high": "18.1192",
            "low": "18.1192",
            "close": "18.1192"
        },
        {
            "time": "28.12.2020 22:26",
            "open": "18.1192",
            "high": "18.1192",
            "low": "18.1147",
            "close": "18.11"
        },
        {
            "time": "28.12.2020 22:27",
            "open": "18.11",
            "high": "18.1191",
            "low": "18.11",
            "close": "18.1101"
        },
        {
            "time": "28.12.2020 22:29",
            "open": "18.1101",
            "high": "18.1101",
            "low": "18.11",
            "close": "18.09"
        },
        {
            "time": "28.12.2020 22:36",
            "open": "18.09",
            "high": "18.09",
            "low": "18.09",
            "close": "18.091"
        },
        {
            "time": "28.12.2020 22:38",
            "open": "18.0841",
            "high": "18.0841",
            "low": "18.0841",
            "close": "18.0924"
        },
        {
            "time": "28.12.2020 22:41",
            "open": "18.0924",
            "high": "18.0924",
            "low": "18.0689",
            "close": "18.0689"
        },
        {
            "time": "28.12.2020 22:47",
            "open": "18.0689",
            "high": "18.0689",
            "low": "18.0689",
            "close": "18.0665"
        },
        {
            "time": "28.12.2020 22:49",
            "open": "18.0665",
            "high": "18.0666",
            "low": "18.0665",
            "close": "18.0668"
        },
        {
            "time": "28.12.2020 22:54",
            "open": "18.0668",
            "high": "18.0668",
            "low": "18.0668",
            "close": "18.043"
        },
        {
            "time": "28.12.2020 22:55",
            "open": "18.043",
            "high": "18.043",
            "low": "18.043",
            "close": "18.0631"
        },
        {
            "time": "28.12.2020 22:56",
            "open": "18.0631",
            "high": "18.0631",
            "low": "18.0631",
            "close": "18.0337"
        },
        {
            "time": "28.12.2020 22:58",
            "open": "18.0337",
            "high": "18.0337",
            "low": "18.0337",
            "close": "18.0295"
        },
        {
            "time": "28.12.2020 22:59",
            "open": "18.0295",
            "high": "18.0295",
            "low": "18.0245",
            "close": "18.0002"
        },
        {
            "time": "28.12.2020 23:01",
            "open": "18.0002",
            "high": "18.0066",
            "low": "18.0002",
            "close": "18.0377"
        },
        {
            "time": "28.12.2020 23:02",
            "open": "18.0377",
            "high": "18.0454",
            "low": "18.0377",
            "close": "18.0056"
        },
        {
            "time": "28.12.2020 23:03",
            "open": "18.0056",
            "high": "18.0056",
            "low": "18.0056",
            "close": "18.0349"
        },
        {
            "time": "28.12.2020 23:05",
            "open": "18.0349",
            "high": "18.0418",
            "low": "18.0349",
            "close": "18.1075"
        },
        {
            "time": "28.12.2020 23:08",
            "open": "18.1075",
            "high": "18.1075",
            "low": "18.1075",
            "close": "18.1321"
        },
        {
            "time": "28.12.2020 23:10",
            "open": "18.1321",
            "high": "18.1476",
            "low": "18.1321",
            "close": "18.1"
        },
        {
            "time": "28.12.2020 23:13",
            "open": "18.1",
            "high": "18.1",
            "low": "18.1",
            "close": "18.0449"
        },
        {
            "time": "28.12.2020 23:17",
            "open": "18.0449",
            "high": "18.0449",
            "low": "18.0449",
            "close": "18.033"
        },
        {
            "time": "28.12.2020 23:18",
            "open": "18.033",
            "high": "18.033",
            "low": "18.033",
            "close": "18.033"
        },
        {
            "time": "28.12.2020 23:19",
            "open": "18.033",
            "high": "18.033",
            "low": "18.033",
            "close": "18.0203"
        },
        {
            "time": "28.12.2020 23:23",
            "open": "18.0203",
            "high": "18.0203",
            "low": "18.0203",
            "close": "18.0203"
        },
        {
            "time": "28.12.2020 23:24",
            "open": "18.0203",
            "high": "18.0203",
            "low": "18.0203",
            "close": "18.0203"
        },
        {
            "time": "28.12.2020 23:25",
            "open": "18.0203",
            "high": "18.0203",
            "low": "18.0203",
            "close": "18.0001"
        },
        {
            "time": "28.12.2020 23:31",
            "open": "18.0001",
            "high": "18.0001",
            "low": "17.9973",
            "close": "17.9973"
        },
        {
            "time": "28.12.2020 23:32",
            "open": "17.9973",
            "high": "17.9973",
            "low": "17.9973",
            "close": "17.9967"
        },
        {
            "time": "28.12.2020 23:33",
            "open": "17.9967",
            "high": "17.9967",
            "low": "17.9917",
            "close": "17.9886"
        },
        {
            "time": "28.12.2020 23:34",
            "open": "17.9886",
            "high": "17.9886",
            "low": "17.96",
            "close": "17.96"
        },
        {
            "time": "28.12.2020 23:35",
            "open": "17.96",
            "high": "17.9886",
            "low": "17.96",
            "close": "17.9886"
        },
        {
            "time": "28.12.2020 23:36",
            "open": "17.9886",
            "high": "17.9886",
            "low": "17.9749",
            "close": "17.9886"
        },
        {
            "time": "28.12.2020 23:37",
            "open": "17.9886",
            "high": "17.9886",
            "low": "17.9886",
            "close": "17.9886"
        },
        {
            "time": "28.12.2020 23:39",
            "open": "17.9886",
            "high": "17.9886",
            "low": "17.9886",
            "close": "17.9886"
        },
        {
            "time": "28.12.2020 23:40",
            "open": "17.9886",
            "high": "17.9886",
            "low": "17.9886",
            "close": "17.9886"
        },
        {
            "time": "28.12.2020 23:41",
            "open": "17.9886",
            "high": "17.9886",
            "low": "17.9886",
            "close": "17.9886"
        },
        {
            "time": "28.12.2020 23:42",
            "open": "17.9886",
            "high": "17.998",
            "low": "17.9886",
            "close": "18.0206"
        },
        {
            "time": "28.12.2020 23:43",
            "open": "18.0206",
            "high": "18.0206",
            "low": "18.0206",
            "close": "17.9644"
        },
        {
            "time": "28.12.2020 23:44",
            "open": "17.9644",
            "high": "17.9644",
            "low": "17.9644",
            "close": "18.0637"
        },
        {
            "time": "28.12.2020 23:45",
            "open": "18.0637",
            "high": "18.0637",
            "low": "18.0597",
            "close": "18.017"
        },
        {
            "time": "28.12.2020 23:46",
            "open": "18.017",
            "high": "18.017",
            "low": "18.017",
            "close": "18.0003"
        },
        {
            "time": "28.12.2020 23:47",
            "open": "18.0003",
            "high": "18.0003",
            "low": "18.0003",
            "close": "18.0016"
        },
        {
            "time": "28.12.2020 23:48",
            "open": "18.0016",
            "high": "18.0016",
            "low": "18.0016",
            "close": "18.0061"
        },
        {
            "time": "28.12.2020 23:49",
            "open": "18.0061",
            "high": "18.0061",
            "low": "18.0061",
            "close": "17.9805"
        },
        {
            "time": "28.12.2020 23:50",
            "open": "17.9805",
            "high": "17.9981",
            "low": "17.9805",
            "close": "18.021"
        },
        {
            "time": "28.12.2020 23:54",
            "open": "18.021",
            "high": "18.0657",
            "low": "18.0035",
            "close": "18.0401"
        },
        {
            "time": "28.12.2020 23:55",
            "open": "18.0401",
            "high": "18.0402",
            "low": "18.0401",
            "close": "18.0047"
        }
    ]
}