{
    "FIL-EUR": [
        {
            "time": "01.02.2021 23:53",
            "open": "18.6016",
            "high": "18.6016",
            "low": "18.6016",
            "close": "18.577"
        },
        {
            "time": "02.02.2021 00:02",
            "open": "18.577",
            "high": "18.6191",
            "low": "18.577",
            "close": "18.62"
        },
        {
            "time": "02.02.2021 00:08",
            "open": "18.62",
            "high": "18.62",
            "low": "18.62",
            "close": "18.6861"
        },
        {
            "time": "02.02.2021 00:11",
            "open": "18.6861",
            "high": "18.6947",
            "low": "18.6861",
            "close": "18.7207"
        },
        {
            "time": "02.02.2021 00:16",
            "open": "18.7207",
            "high": "18.7275",
            "low": "18.7207",
            "close": "18.7018"
        },
        {
            "time": "02.02.2021 00:17",
            "open": "18.7018",
            "high": "18.7018",
            "low": "18.6807",
            "close": "18.6368"
        },
        {
            "time": "02.02.2021 00:19",
            "open": "18.6368",
            "high": "18.6368",
            "low": "18.6262",
            "close": "18.7006"
        },
        {
            "time": "02.02.2021 00:23",
            "open": "18.7006",
            "high": "18.7006",
            "low": "18.7006",
            "close": "18.6865"
        },
        {
            "time": "02.02.2021 00:28",
            "open": "18.6865",
            "high": "18.6865",
            "low": "18.6865",
            "close": "18.685"
        },
        {
            "time": "02.02.2021 00:31",
            "open": "18.685",
            "high": "18.685",
            "low": "18.685",
            "close": "18.7062"
        },
        {
            "time": "02.02.2021 00:32",
            "open": "18.7062",
            "high": "18.7062",
            "low": "18.7062",
            "close": "18.7029"
        },
        {
            "time": "02.02.2021 00:36",
            "open": "18.7029",
            "high": "18.7029",
            "low": "18.7029",
            "close": "18.7149"
        },
        {
            "time": "02.02.2021 00:41",
            "open": "18.7149",
            "high": "18.7149",
            "low": "18.7149",
            "close": "18.7126"
        },
        {
            "time": "02.02.2021 00:47",
            "open": "18.7126",
            "high": "18.7126",
            "low": "18.7124",
            "close": "18.8041"
        },
        {
            "time": "02.02.2021 01:01",
            "open": "18.8041",
            "high": "18.8108",
            "low": "18.8041",
            "close": "18.8284"
        },
        {
            "time": "02.02.2021 01:03",
            "open": "18.8284",
            "high": "18.8284",
            "low": "18.7665",
            "close": "18.7484"
        },
        {
            "time": "02.02.2021 01:05",
            "open": "18.7484",
            "high": "18.7484",
            "low": "18.7484",
            "close": "18.6771"
        },
        {
            "time": "02.02.2021 01:17",
            "open": "18.6771",
            "high": "18.6771",
            "low": "18.677",
            "close": "18.6298"
        },
        {
            "time": "02.02.2021 01:30",
            "open": "18.6298",
            "high": "18.6335",
            "low": "18.6298",
            "close": "18.65"
        },
        {
            "time": "02.02.2021 01:31",
            "open": "18.65",
            "high": "18.6518",
            "low": "18.65",
            "close": "18.6325"
        },
        {
            "time": "02.02.2021 01:32",
            "open": "18.6325",
            "high": "18.6325",
            "low": "18.6221",
            "close": "18.5842"
        },
        {
            "time": "02.02.2021 01:39",
            "open": "18.5842",
            "high": "18.5842",
            "low": "18.5842",
            "close": "18.5815"
        },
        {
            "time": "02.02.2021 01:40",
            "open": "18.5815",
            "high": "18.5815",
            "low": "18.5777",
            "close": "18.5858"
        },
        {
            "time": "02.02.2021 01:46",
            "open": "18.5858",
            "high": "18.5858",
            "low": "18.5858",
            "close": "18.6065"
        },
        {
            "time": "02.02.2021 01:47",
            "open": "18.6065",
            "high": "18.6065",
            "low": "18.6005",
            "close": "18.6009"
        },
        {
            "time": "02.02.2021 01:52",
            "open": "18.6009",
            "high": "18.6009",
            "low": "18.6009",
            "close": "18.6155"
        },
        {
            "time": "02.02.2021 01:58",
            "open": "18.6155",
            "high": "18.6211",
            "low": "18.6155",
            "close": "18.5765"
        },
        {
            "time": "02.02.2021 02:11",
            "open": "18.5765",
            "high": "18.5765",
            "low": "18.5",
            "close": "18.5071"
        },
        {
            "time": "02.02.2021 02:13",
            "open": "18.5071",
            "high": "18.5071",
            "low": "18.5071",
            "close": "18.4823"
        },
        {
            "time": "02.02.2021 02:18",
            "open": "18.4823",
            "high": "18.4823",
            "low": "18.4823",
            "close": "18.5162"
        },
        {
            "time": "02.02.2021 02:26",
            "open": "18.5162",
            "high": "18.5162",
            "low": "18.5162",
            "close": "18.5196"
        },
        {
            "time": "02.02.2021 02:32",
            "open": "18.5196",
            "high": "18.5196",
            "low": "18.5196",
            "close": "18.5727"
        },
        {
            "time": "02.02.2021 02:34",
            "open": "18.5727",
            "high": "18.5727",
            "low": "18.5727",
            "close": "18.5518"
        },
        {
            "time": "02.02.2021 02:45",
            "open": "18.5518",
            "high": "18.5518",
            "low": "18.5518",
            "close": "18.536"
        },
        {
            "time": "02.02.2021 02:48",
            "open": "18.536",
            "high": "18.5361",
            "low": "18.5357",
            "close": "18.5397"
        },
        {
            "time": "02.02.2021 02:49",
            "open": "18.5397",
            "high": "18.5397",
            "low": "18.5397",
            "close": "18.5589"
        },
        {
            "time": "02.02.2021 02:57",
            "open": "18.5589",
            "high": "18.5626",
            "low": "18.5589",
            "close": "18.5603"
        },
        {
            "time": "02.02.2021 03:00",
            "open": "18.5603",
            "high": "18.5603",
            "low": "18.5603",
            "close": "18.5483"
        },
        {
            "time": "02.02.2021 03:04",
            "open": "18.5483",
            "high": "18.5483",
            "low": "18.5483",
            "close": "18.5215"
        },
        {
            "time": "02.02.2021 03:16",
            "open": "18.5215",
            "high": "18.5215",
            "low": "18.5215",
            "close": "18.5348"
        },
        {
            "time": "02.02.2021 03:26",
            "open": "18.5348",
            "high": "18.5348",
            "low": "18.5348",
            "close": "18.6134"
        },
        {
            "time": "02.02.2021 03:52",
            "open": "18.6134",
            "high": "18.6134",
            "low": "18.5812",
            "close": "18.6074"
        },
        {
            "time": "02.02.2021 03:53",
            "open": "18.6074",
            "high": "18.6074",
            "low": "18.6074",
            "close": "18.5821"
        },
        {
            "time": "02.02.2021 03:54",
            "open": "18.5821",
            "high": "18.5821",
            "low": "18.5821",
            "close": "18.6265"
        },
        {
            "time": "02.02.2021 03:56",
            "open": "18.6265",
            "high": "18.6265",
            "low": "18.5894",
            "close": "18.5903"
        },
        {
            "time": "02.02.2021 04:08",
            "open": "18.5903",
            "high": "18.5903",
            "low": "18.5903",
            "close": "18.599"
        },
        {
            "time": "02.02.2021 04:09",
            "open": "18.599",
            "high": "18.599",
            "low": "18.599",
            "close": "18.608"
        },
        {
            "time": "02.02.2021 04:11",
            "open": "18.608",
            "high": "18.608",
            "low": "18.5918",
            "close": "18.6865"
        },
        {
            "time": "02.02.2021 04:22",
            "open": "18.6865",
            "high": "18.6865",
            "low": "18.6865",
            "close": "18.6925"
        },
        {
            "time": "02.02.2021 04:28",
            "open": "18.6925",
            "high": "18.6925",
            "low": "18.6925",
            "close": "18.6898"
        },
        {
            "time": "02.02.2021 04:34",
            "open": "18.6898",
            "high": "18.6898",
            "low": "18.6898",
            "close": "18.703"
        },
        {
            "time": "02.02.2021 04:44",
            "open": "18.703",
            "high": "18.7548",
            "low": "18.703",
            "close": "18.7374"
        },
        {
            "time": "02.02.2021 04:45",
            "open": "18.7374",
            "high": "18.7652",
            "low": "18.7374",
            "close": "18.6877"
        },
        {
            "time": "02.02.2021 04:58",
            "open": "18.6877",
            "high": "18.6877",
            "low": "18.6743",
            "close": "18.6758"
        },
        {
            "time": "02.02.2021 05:02",
            "open": "18.6758",
            "high": "18.6758",
            "low": "18.6758",
            "close": "18.6887"
        },
        {
            "time": "02.02.2021 05:14",
            "open": "18.6887",
            "high": "18.6887",
            "low": "18.6857",
            "close": "18.6964"
        },
        {
            "time": "02.02.2021 05:15",
            "open": "18.6964",
            "high": "18.6964",
            "low": "18.6964",
            "close": "18.7074"
        },
        {
            "time": "02.02.2021 05:24",
            "open": "18.7074",
            "high": "18.7074",
            "low": "18.7069",
            "close": "18.6984"
        },
        {
            "time": "02.02.2021 05:29",
            "open": "18.6984",
            "high": "18.6984",
            "low": "18.6984",
            "close": "18.6713"
        },
        {
            "time": "02.02.2021 05:40",
            "open": "18.6713",
            "high": "18.755",
            "low": "18.6713",
            "close": "18.7241"
        },
        {
            "time": "02.02.2021 05:41",
            "open": "18.7241",
            "high": "18.7335",
            "low": "18.7241",
            "close": "18.741"
        },
        {
            "time": "02.02.2021 05:43",
            "open": "18.741",
            "high": "18.741",
            "low": "18.741",
            "close": "18.7323"
        },
        {
            "time": "02.02.2021 05:45",
            "open": "18.7323",
            "high": "18.7323",
            "low": "18.7323",
            "close": "18.7315"
        },
        {
            "time": "02.02.2021 05:48",
            "open": "18.7315",
            "high": "18.7315",
            "low": "18.7002",
            "close": "18.7481"
        },
        {
            "time": "02.02.2021 06:05",
            "open": "18.7481",
            "high": "18.7481",
            "low": "18.7481",
            "close": "18.7134"
        },
        {
            "time": "02.02.2021 06:17",
            "open": "18.7134",
            "high": "18.715",
            "low": "18.7134",
            "close": "18.6961"
        },
        {
            "time": "02.02.2021 06:29",
            "open": "18.6961",
            "high": "18.6961",
            "low": "18.6959",
            "close": "18.6673"
        },
        {
            "time": "02.02.2021 06:45",
            "open": "18.6673",
            "high": "18.6673",
            "low": "18.6673",
            "close": "18.66"
        },
        {
            "time": "02.02.2021 06:50",
            "open": "18.66",
            "high": "18.66",
            "low": "18.66",
            "close": "18.6509"
        },
        {
            "time": "02.02.2021 06:51",
            "open": "18.6509",
            "high": "18.6509",
            "low": "18.6509",
            "close": "18.6812"
        },
        {
            "time": "02.02.2021 06:54",
            "open": "18.6812",
            "high": "18.6812",
            "low": "18.6812",
            "close": "18.6827"
        },
        {
            "time": "02.02.2021 07:05",
            "open": "18.6827",
            "high": "18.685",
            "low": "18.6825",
            "close": "18.682"
        },
        {
            "time": "02.02.2021 07:10",
            "open": "18.682",
            "high": "18.682",
            "low": "18.682",
            "close": "18.6783"
        },
        {
            "time": "02.02.2021 07:11",
            "open": "18.6783",
            "high": "18.6783",
            "low": "18.6783",
            "close": "18.6652"
        },
        {
            "time": "02.02.2021 07:15",
            "open": "18.6652",
            "high": "18.6652",
            "low": "18.6652",
            "close": "18.6693"
        },
        {
            "time": "02.02.2021 07:19",
            "open": "18.6693",
            "high": "18.6693",
            "low": "18.6677",
            "close": "18.6967"
        },
        {
            "time": "02.02.2021 07:21",
            "open": "18.6967",
            "high": "18.6967",
            "low": "18.6967",
            "close": "18.6967"
        },
        {
            "time": "02.02.2021 08:07",
            "open": "18.6967",
            "high": "18.6967",
            "low": "18.6967",
            "close": "18.7034"
        },
        {
            "time": "02.02.2021 08:08",
            "open": "18.7034",
            "high": "18.7034",
            "low": "18.7034",
            "close": "18.7113"
        },
        {
            "time": "02.02.2021 08:10",
            "open": "18.7113",
            "high": "18.7113",
            "low": "18.7113",
            "close": "18.7217"
        },
        {
            "time": "02.02.2021 08:12",
            "open": "18.7217",
            "high": "18.7247",
            "low": "18.7217",
            "close": "18.7288"
        },
        {
            "time": "02.02.2021 08:17",
            "open": "18.7288",
            "high": "18.7335",
            "low": "18.7288",
            "close": "18.736"
        },
        {
            "time": "02.02.2021 08:21",
            "open": "18.736",
            "high": "18.736",
            "low": "18.736",
            "close": "18.7362"
        },
        {
            "time": "02.02.2021 08:24",
            "open": "18.7362",
            "high": "18.7363",
            "low": "18.7362",
            "close": "18.7591"
        },
        {
            "time": "02.02.2021 08:29",
            "open": "18.7591",
            "high": "18.7591",
            "low": "18.7591",
            "close": "18.7363"
        },
        {
            "time": "02.02.2021 08:30",
            "open": "18.7363",
            "high": "18.7363",
            "low": "18.7363",
            "close": "18.7464"
        },
        {
            "time": "02.02.2021 08:32",
            "open": "18.7464",
            "high": "18.7464",
            "low": "18.7464",
            "close": "18.7489"
        },
        {
            "time": "02.02.2021 08:33",
            "open": "18.7489",
            "high": "18.7489",
            "low": "18.7489",
            "close": "18.7502"
        },
        {
            "time": "02.02.2021 08:44",
            "open": "18.7502",
            "high": "18.7502",
            "low": "18.7502",
            "close": "18.7485"
        },
        {
            "time": "02.02.2021 08:52",
            "open": "18.7485",
            "high": "18.7485",
            "low": "18.7485",
            "close": "18.7591"
        },
        {
            "time": "02.02.2021 08:59",
            "open": "18.7591",
            "high": "18.7591",
            "low": "18.7591",
            "close": "18.7614"
        },
        {
            "time": "02.02.2021 09:00",
            "open": "18.7614",
            "high": "18.7614",
            "low": "18.7599",
            "close": "18.7965"
        },
        {
            "time": "02.02.2021 09:01",
            "open": "18.7965",
            "high": "18.7965",
            "low": "18.7965",
            "close": "18.7453"
        },
        {
            "time": "02.02.2021 09:07",
            "open": "18.7453",
            "high": "18.7453",
            "low": "18.7453",
            "close": "18.7509"
        },
        {
            "time": "02.02.2021 09:09",
            "open": "18.7509",
            "high": "18.7509",
            "low": "18.7509",
            "close": "18.747"
        },
        {
            "time": "02.02.2021 09:15",
            "open": "18.747",
            "high": "18.747",
            "low": "18.747",
            "close": "18.7283"
        },
        {
            "time": "02.02.2021 09:19",
            "open": "18.7283",
            "high": "18.7283",
            "low": "18.7283",
            "close": "18.7272"
        },
        {
            "time": "02.02.2021 09:20",
            "open": "18.7272",
            "high": "18.7272",
            "low": "18.7272",
            "close": "18.7272"
        },
        {
            "time": "02.02.2021 09:21",
            "open": "18.7272",
            "high": "18.7272",
            "low": "18.7272",
            "close": "18.732"
        },
        {
            "time": "02.02.2021 09:25",
            "open": "18.732",
            "high": "18.732",
            "low": "18.732",
            "close": "18.7493"
        },
        {
            "time": "02.02.2021 09:26",
            "open": "18.7493",
            "high": "18.7493",
            "low": "18.7493",
            "close": "18.7034"
        },
        {
            "time": "02.02.2021 09:34",
            "open": "18.7034",
            "high": "18.7034",
            "low": "18.7034",
            "close": "18.703"
        },
        {
            "time": "02.02.2021 09:35",
            "open": "18.703",
            "high": "18.703",
            "low": "18.703",
            "close": "18.6967"
        },
        {
            "time": "02.02.2021 09:36",
            "open": "18.6967",
            "high": "18.6967",
            "low": "18.6967",
            "close": "18.6776"
        },
        {
            "time": "02.02.2021 09:42",
            "open": "18.6776",
            "high": "18.6791",
            "low": "18.6776",
            "close": "18.6868"
        },
        {
            "time": "02.02.2021 09:43",
            "open": "18.6868",
            "high": "18.6868",
            "low": "18.6868",
            "close": "18.6749"
        },
        {
            "time": "02.02.2021 09:45",
            "open": "18.6749",
            "high": "18.6804",
            "low": "18.6748",
            "close": "18.6747"
        },
        {
            "time": "02.02.2021 09:46",
            "open": "18.6747",
            "high": "18.6747",
            "low": "18.6747",
            "close": "18.6547"
        },
        {
            "time": "02.02.2021 09:48",
            "open": "18.6547",
            "high": "18.6547",
            "low": "18.6547",
            "close": "18.6408"
        },
        {
            "time": "02.02.2021 09:49",
            "open": "18.6408",
            "high": "18.683",
            "low": "18.6408",
            "close": "18.668"
        },
        {
            "time": "02.02.2021 09:59",
            "open": "18.668",
            "high": "18.668",
            "low": "18.668",
            "close": "18.6807"
        },
        {
            "time": "02.02.2021 10:01",
            "open": "18.6807",
            "high": "18.7044",
            "low": "18.6807",
            "close": "18.6591"
        },
        {
            "time": "02.02.2021 10:05",
            "open": "18.6591",
            "high": "18.6591",
            "low": "18.655",
            "close": "18.6656"
        },
        {
            "time": "02.02.2021 10:14",
            "open": "18.6656",
            "high": "18.6656",
            "low": "18.6627",
            "close": "18.6853"
        },
        {
            "time": "02.02.2021 10:18",
            "open": "18.6853",
            "high": "18.6853",
            "low": "18.6853",
            "close": "18.7"
        },
        {
            "time": "02.02.2021 10:22",
            "open": "18.7",
            "high": "18.7",
            "low": "18.7",
            "close": "18.7503"
        },
        {
            "time": "02.02.2021 10:23",
            "open": "18.7503",
            "high": "18.7503",
            "low": "18.7503",
            "close": "18.7304"
        },
        {
            "time": "02.02.2021 10:24",
            "open": "18.7304",
            "high": "18.7304",
            "low": "18.7304",
            "close": "18.7135"
        },
        {
            "time": "02.02.2021 10:26",
            "open": "18.7135",
            "high": "18.7135",
            "low": "18.7135",
            "close": "18.7114"
        },
        {
            "time": "02.02.2021 10:27",
            "open": "18.7114",
            "high": "18.7114",
            "low": "18.7",
            "close": "18.7"
        },
        {
            "time": "02.02.2021 10:28",
            "open": "18.7",
            "high": "18.7",
            "low": "18.7",
            "close": "18.6916"
        },
        {
            "time": "02.02.2021 10:30",
            "open": "18.6916",
            "high": "18.6916",
            "low": "18.6916",
            "close": "18.6775"
        },
        {
            "time": "02.02.2021 10:31",
            "open": "18.6775",
            "high": "18.6775",
            "low": "18.6775",
            "close": "18.6862"
        },
        {
            "time": "02.02.2021 10:34",
            "open": "18.6862",
            "high": "18.6862",
            "low": "18.6862",
            "close": "18.7004"
        },
        {
            "time": "02.02.2021 10:35",
            "open": "18.7004",
            "high": "18.7138",
            "low": "18.695",
            "close": "18.7197"
        },
        {
            "time": "02.02.2021 10:37",
            "open": "18.7197",
            "high": "18.7197",
            "low": "18.7197",
            "close": "18.6704"
        },
        {
            "time": "02.02.2021 10:38",
            "open": "18.6704",
            "high": "18.6704",
            "low": "18.6704",
            "close": "18.689"
        },
        {
            "time": "02.02.2021 10:41",
            "open": "18.689",
            "high": "18.689",
            "low": "18.689",
            "close": "18.6704"
        },
        {
            "time": "02.02.2021 10:42",
            "open": "18.6704",
            "high": "18.6704",
            "low": "18.6704",
            "close": "18.6861"
        },
        {
            "time": "02.02.2021 10:46",
            "open": "18.6861",
            "high": "18.6861",
            "low": "18.6861",
            "close": "18.6857"
        },
        {
            "time": "02.02.2021 10:50",
            "open": "18.6857",
            "high": "18.6857",
            "low": "18.6857",
            "close": "18.6861"
        },
        {
            "time": "02.02.2021 10:51",
            "open": "18.6861",
            "high": "18.6924",
            "low": "18.6861",
            "close": "18.72"
        },
        {
            "time": "02.02.2021 10:52",
            "open": "18.72",
            "high": "18.72",
            "low": "18.72",
            "close": "18.7439"
        },
        {
            "time": "02.02.2021 10:57",
            "open": "18.7439",
            "high": "18.7439",
            "low": "18.7439",
            "close": "18.7479"
        },
        {
            "time": "02.02.2021 10:59",
            "open": "18.7479",
            "high": "18.7479",
            "low": "18.7479",
            "close": "18.7577"
        },
        {
            "time": "02.02.2021 11:00",
            "open": "18.7577",
            "high": "18.7577",
            "low": "18.7577",
            "close": "18.7478"
        },
        {
            "time": "02.02.2021 11:02",
            "open": "18.7478",
            "high": "18.7478",
            "low": "18.7478",
            "close": "18.7294"
        },
        {
            "time": "02.02.2021 11:03",
            "open": "18.7294",
            "high": "18.7294",
            "low": "18.7294",
            "close": "18.7528"
        },
        {
            "time": "02.02.2021 11:06",
            "open": "18.7528",
            "high": "18.7528",
            "low": "18.7528",
            "close": "18.7826"
        },
        {
            "time": "02.02.2021 11:16",
            "open": "18.7826",
            "high": "18.7826",
            "low": "18.7826",
            "close": "18.8363"
        },
        {
            "time": "02.02.2021 11:21",
            "open": "18.8363",
            "high": "18.8363",
            "low": "18.8363",
            "close": "18.869"
        },
        {
            "time": "02.02.2021 11:26",
            "open": "18.869",
            "high": "18.869",
            "low": "18.869",
            "close": "18.8597"
        },
        {
            "time": "02.02.2021 11:27",
            "open": "18.8597",
            "high": "18.8597",
            "low": "18.8597",
            "close": "18.8469"
        },
        {
            "time": "02.02.2021 11:30",
            "open": "18.8469",
            "high": "18.8469",
            "low": "18.8469",
            "close": "18.8313"
        },
        {
            "time": "02.02.2021 11:35",
            "open": "18.8313",
            "high": "18.8313",
            "low": "18.8313",
            "close": "18.8672"
        },
        {
            "time": "02.02.2021 11:39",
            "open": "18.8672",
            "high": "18.8672",
            "low": "18.8672",
            "close": "18.8592"
        },
        {
            "time": "02.02.2021 11:42",
            "open": "18.8592",
            "high": "18.8592",
            "low": "18.8592",
            "close": "18.8653"
        },
        {
            "time": "02.02.2021 11:43",
            "open": "18.8653",
            "high": "18.8653",
            "low": "18.8653",
            "close": "18.8596"
        },
        {
            "time": "02.02.2021 11:52",
            "open": "18.8596",
            "high": "18.8596",
            "low": "18.8596",
            "close": "18.8759"
        },
        {
            "time": "02.02.2021 11:55",
            "open": "18.8759",
            "high": "18.8759",
            "low": "18.8511",
            "close": "18.8476"
        },
        {
            "time": "02.02.2021 12:04",
            "open": "18.8476",
            "high": "18.8476",
            "low": "18.8265",
            "close": "18.8031"
        },
        {
            "time": "02.02.2021 12:09",
            "open": "18.8031",
            "high": "18.8031",
            "low": "18.8031",
            "close": "18.774"
        },
        {
            "time": "02.02.2021 12:16",
            "open": "18.774",
            "high": "18.774",
            "low": "18.7739",
            "close": "18.79"
        },
        {
            "time": "02.02.2021 12:18",
            "open": "18.79",
            "high": "18.79",
            "low": "18.79",
            "close": "18.79"
        },
        {
            "time": "02.02.2021 12:19",
            "open": "18.79",
            "high": "18.79",
            "low": "18.79",
            "close": "18.7887"
        },
        {
            "time": "02.02.2021 12:22",
            "open": "18.7887",
            "high": "18.7909",
            "low": "18.7887",
            "close": "18.7914"
        },
        {
            "time": "02.02.2021 12:25",
            "open": "18.7914",
            "high": "18.7935",
            "low": "18.7914",
            "close": "18.7877"
        },
        {
            "time": "02.02.2021 12:27",
            "open": "18.7877",
            "high": "18.7964",
            "low": "18.7877",
            "close": "18.7684"
        },
        {
            "time": "02.02.2021 12:34",
            "open": "18.7684",
            "high": "18.7684",
            "low": "18.7684",
            "close": "18.74"
        },
        {
            "time": "02.02.2021 12:37",
            "open": "18.74",
            "high": "18.74",
            "low": "18.74",
            "close": "18.7882"
        },
        {
            "time": "02.02.2021 12:42",
            "open": "18.7882",
            "high": "18.7882",
            "low": "18.7882",
            "close": "18.7816"
        },
        {
            "time": "02.02.2021 12:43",
            "open": "18.7816",
            "high": "18.7816",
            "low": "18.7816",
            "close": "18.7558"
        },
        {
            "time": "02.02.2021 12:50",
            "open": "18.7558",
            "high": "18.7558",
            "low": "18.7558",
            "close": "18.7797"
        },
        {
            "time": "02.02.2021 12:52",
            "open": "18.7797",
            "high": "18.7797",
            "low": "18.7797",
            "close": "18.7275"
        },
        {
            "time": "02.02.2021 12:53",
            "open": "18.7275",
            "high": "18.7275",
            "low": "18.7272",
            "close": "18.7295"
        },
        {
            "time": "02.02.2021 12:59",
            "open": "18.7295",
            "high": "18.7295",
            "low": "18.7295",
            "close": "18.7355"
        },
        {
            "time": "02.02.2021 13:00",
            "open": "18.7355",
            "high": "18.7355",
            "low": "18.7355",
            "close": "18.713"
        },
        {
            "time": "02.02.2021 13:01",
            "open": "18.713",
            "high": "18.713",
            "low": "18.713",
            "close": "18.713"
        },
        {
            "time": "02.02.2021 13:02",
            "open": "18.713",
            "high": "18.713",
            "low": "18.713",
            "close": "18.713"
        },
        {
            "time": "02.02.2021 13:03",
            "open": "18.713",
            "high": "18.713",
            "low": "18.713",
            "close": "18.7729"
        },
        {
            "time": "02.02.2021 13:04",
            "open": "18.7729",
            "high": "18.7996",
            "low": "18.7729",
            "close": "18.8401"
        },
        {
            "time": "02.02.2021 13:05",
            "open": "18.8401",
            "high": "18.8599",
            "low": "18.8401",
            "close": "18.8663"
        },
        {
            "time": "02.02.2021 13:09",
            "open": "18.8663",
            "high": "18.935",
            "low": "18.8662",
            "close": "18.9144"
        },
        {
            "time": "02.02.2021 13:10",
            "open": "18.9144",
            "high": "19.0212",
            "low": "18.9142",
            "close": "19.0131"
        },
        {
            "time": "02.02.2021 13:11",
            "open": "19.0131",
            "high": "19.0131",
            "low": "18.9687",
            "close": "18.9687"
        },
        {
            "time": "02.02.2021 13:12",
            "open": "18.9687",
            "high": "18.9687",
            "low": "18.909",
            "close": "19.0092"
        },
        {
            "time": "02.02.2021 13:13",
            "open": "19.0092",
            "high": "19.0092",
            "low": "19.0092",
            "close": "18.998"
        },
        {
            "time": "02.02.2021 13:14",
            "open": "18.998",
            "high": "19.0382",
            "low": "18.998",
            "close": "19.0025"
        },
        {
            "time": "02.02.2021 13:17",
            "open": "19.0025",
            "high": "19.0025",
            "low": "18.9716",
            "close": "18.9853"
        },
        {
            "time": "02.02.2021 13:19",
            "open": "18.9853",
            "high": "18.9853",
            "low": "18.9853",
            "close": "18.976"
        },
        {
            "time": "02.02.2021 13:22",
            "open": "18.976",
            "high": "18.976",
            "low": "18.976",
            "close": "18.9552"
        },
        {
            "time": "02.02.2021 13:24",
            "open": "18.9552",
            "high": "18.9552",
            "low": "18.9",
            "close": "18.9122"
        },
        {
            "time": "02.02.2021 13:27",
            "open": "18.9122",
            "high": "18.9122",
            "low": "18.9122",
            "close": "18.9262"
        },
        {
            "time": "02.02.2021 13:28",
            "open": "18.9262",
            "high": "18.9411",
            "low": "18.9262",
            "close": "18.9366"
        },
        {
            "time": "02.02.2021 13:29",
            "open": "18.9366",
            "high": "18.9644",
            "low": "18.9366",
            "close": "18.9412"
        },
        {
            "time": "02.02.2021 13:32",
            "open": "18.9412",
            "high": "18.9412",
            "low": "18.9412",
            "close": "18.9298"
        },
        {
            "time": "02.02.2021 13:37",
            "open": "18.9298",
            "high": "18.9327",
            "low": "18.9298",
            "close": "18.9433"
        },
        {
            "time": "02.02.2021 13:38",
            "open": "18.9433",
            "high": "18.9774",
            "low": "18.9433",
            "close": "19.003"
        },
        {
            "time": "02.02.2021 13:41",
            "open": "19.003",
            "high": "19.003",
            "low": "19.003",
            "close": "18.9688"
        },
        {
            "time": "02.02.2021 13:52",
            "open": "18.9688",
            "high": "18.9688",
            "low": "18.9516",
            "close": "18.9568"
        },
        {
            "time": "02.02.2021 13:53",
            "open": "18.9568",
            "high": "18.9568",
            "low": "18.9568",
            "close": "18.9954"
        },
        {
            "time": "02.02.2021 13:54",
            "open": "18.9954",
            "high": "18.9954",
            "low": "18.9954",
            "close": "19.0039"
        },
        {
            "time": "02.02.2021 13:55",
            "open": "19.0039",
            "high": "19.0039",
            "low": "19.0039",
            "close": "18.965"
        },
        {
            "time": "02.02.2021 13:58",
            "open": "18.965",
            "high": "18.965",
            "low": "18.965",
            "close": "18.9189"
        },
        {
            "time": "02.02.2021 14:06",
            "open": "18.9189",
            "high": "18.9189",
            "low": "18.9189",
            "close": "18.9"
        },
        {
            "time": "02.02.2021 14:09",
            "open": "18.9",
            "high": "18.9",
            "low": "18.8924",
            "close": "18.9188"
        },
        {
            "time": "02.02.2021 14:16",
            "open": "18.9188",
            "high": "18.9188",
            "low": "18.9123",
            "close": "18.9438"
        },
        {
            "time": "02.02.2021 14:17",
            "open": "18.9438",
            "high": "18.9438",
            "low": "18.9123",
            "close": "18.9101"
        },
        {
            "time": "02.02.2021 14:19",
            "open": "18.9101",
            "high": "18.9101",
            "low": "18.9101",
            "close": "18.934"
        },
        {
            "time": "02.02.2021 14:20",
            "open": "18.934",
            "high": "18.934",
            "low": "18.934",
            "close": "18.955"
        },
        {
            "time": "02.02.2021 14:24",
            "open": "18.955",
            "high": "18.955",
            "low": "18.955",
            "close": "18.9153"
        },
        {
            "time": "02.02.2021 14:27",
            "open": "18.9153",
            "high": "18.9153",
            "low": "18.9153",
            "close": "18.9153"
        },
        {
            "time": "02.02.2021 14:29",
            "open": "18.9153",
            "high": "18.9153",
            "low": "18.9153",
            "close": "18.8742"
        },
        {
            "time": "02.02.2021 14:31",
            "open": "18.8742",
            "high": "18.8768",
            "low": "18.8742",
            "close": "18.9077"
        },
        {
            "time": "02.02.2021 14:33",
            "open": "18.9077",
            "high": "18.9077",
            "low": "18.9077",
            "close": "18.9163"
        },
        {
            "time": "02.02.2021 14:34",
            "open": "18.9163",
            "high": "18.9164",
            "low": "18.9163",
            "close": "18.8932"
        },
        {
            "time": "02.02.2021 14:40",
            "open": "18.8932",
            "high": "18.8932",
            "low": "18.8932",
            "close": "18.8552"
        },
        {
            "time": "02.02.2021 14:43",
            "open": "18.8552",
            "high": "18.8552",
            "low": "18.8552",
            "close": "18.8813"
        },
        {
            "time": "02.02.2021 14:44",
            "open": "18.8813",
            "high": "18.8813",
            "low": "18.8813",
            "close": "18.8502"
        },
        {
            "time": "02.02.2021 14:45",
            "open": "18.8502",
            "high": "18.8502",
            "low": "18.8502",
            "close": "18.8823"
        },
        {
            "time": "02.02.2021 14:49",
            "open": "18.8823",
            "high": "18.8853",
            "low": "18.8823",
            "close": "18.8502"
        },
        {
            "time": "02.02.2021 14:52",
            "open": "18.8502",
            "high": "18.8502",
            "low": "18.8502",
            "close": "18.8546"
        },
        {
            "time": "02.02.2021 14:55",
            "open": "18.8546",
            "high": "18.8546",
            "low": "18.8546",
            "close": "18.8546"
        },
        {
            "time": "02.02.2021 14:58",
            "open": "18.8546",
            "high": "18.8546",
            "low": "18.8546",
            "close": "18.9052"
        },
        {
            "time": "02.02.2021 15:04",
            "open": "18.9052",
            "high": "18.9052",
            "low": "18.9052",
            "close": "18.8851"
        },
        {
            "time": "02.02.2021 15:10",
            "open": "18.8851",
            "high": "18.8851",
            "low": "18.8851",
            "close": "18.8808"
        },
        {
            "time": "02.02.2021 15:13",
            "open": "18.8808",
            "high": "18.8808",
            "low": "18.8808",
            "close": "18.8914"
        },
        {
            "time": "02.02.2021 15:16",
            "open": "18.8914",
            "high": "18.8914",
            "low": "18.8914",
            "close": "18.8546"
        },
        {
            "time": "02.02.2021 15:20",
            "open": "18.8546",
            "high": "18.8546",
            "low": "18.8546",
            "close": "18.8546"
        },
        {
            "time": "02.02.2021 15:22",
            "open": "18.8546",
            "high": "18.8546",
            "low": "18.8546",
            "close": "18.8546"
        },
        {
            "time": "02.02.2021 15:23",
            "open": "18.8546",
            "high": "18.8583",
            "low": "18.8546",
            "close": "18.8587"
        },
        {
            "time": "02.02.2021 15:26",
            "open": "18.8587",
            "high": "18.8587",
            "low": "18.8587",
            "close": "18.858"
        },
        {
            "time": "02.02.2021 15:27",
            "open": "18.858",
            "high": "18.858",
            "low": "18.858",
            "close": "18.858"
        },
        {
            "time": "02.02.2021 15:28",
            "open": "18.858",
            "high": "18.858",
            "low": "18.858",
            "close": "18.8314"
        },
        {
            "time": "02.02.2021 15:29",
            "open": "18.8314",
            "high": "18.8314",
            "low": "18.8314",
            "close": "18.855"
        },
        {
            "time": "02.02.2021 15:31",
            "open": "18.855",
            "high": "18.855",
            "low": "18.855",
            "close": "18.8365"
        },
        {
            "time": "02.02.2021 15:37",
            "open": "18.8365",
            "high": "18.8365",
            "low": "18.8365",
            "close": "18.8557"
        },
        {
            "time": "02.02.2021 15:39",
            "open": "18.8557",
            "high": "18.8557",
            "low": "18.8557",
            "close": "18.837"
        },
        {
            "time": "02.02.2021 15:40",
            "open": "18.837",
            "high": "18.837",
            "low": "18.837",
            "close": "18.8567"
        },
        {
            "time": "02.02.2021 15:44",
            "open": "18.8567",
            "high": "18.8568",
            "low": "18.8567",
            "close": "18.8497"
        },
        {
            "time": "02.02.2021 15:54",
            "open": "18.8497",
            "high": "18.8497",
            "low": "18.8497",
            "close": "18.8354"
        },
        {
            "time": "02.02.2021 15:57",
            "open": "18.8354",
            "high": "18.8354",
            "low": "18.8308",
            "close": "18.7507"
        },
        {
            "time": "02.02.2021 15:58",
            "open": "18.7507",
            "high": "18.7612",
            "low": "18.7507",
            "close": "18.7487"
        },
        {
            "time": "02.02.2021 15:59",
            "open": "18.7487",
            "high": "18.8131",
            "low": "18.7487",
            "close": "18.845"
        },
        {
            "time": "02.02.2021 16:03",
            "open": "18.845",
            "high": "18.8738",
            "low": "18.845",
            "close": "18.884"
        },
        {
            "time": "02.02.2021 16:04",
            "open": "18.884",
            "high": "18.8902",
            "low": "18.8813",
            "close": "18.9317"
        },
        {
            "time": "02.02.2021 16:05",
            "open": "18.9317",
            "high": "18.9404",
            "low": "18.9317",
            "close": "18.9369"
        },
        {
            "time": "02.02.2021 16:06",
            "open": "18.9369",
            "high": "18.9369",
            "low": "18.9369",
            "close": "18.9369"
        },
        {
            "time": "02.02.2021 16:08",
            "open": "18.9369",
            "high": "18.9369",
            "low": "18.9109",
            "close": "18.902"
        },
        {
            "time": "02.02.2021 16:09",
            "open": "18.902",
            "high": "18.902",
            "low": "18.902",
            "close": "18.8489"
        },
        {
            "time": "02.02.2021 16:10",
            "open": "18.8489",
            "high": "18.8489",
            "low": "18.8489",
            "close": "18.8372"
        },
        {
            "time": "02.02.2021 16:12",
            "open": "18.8372",
            "high": "18.84",
            "low": "18.8372",
            "close": "18.7949"
        },
        {
            "time": "02.02.2021 16:13",
            "open": "18.7949",
            "high": "18.7949",
            "low": "18.7949",
            "close": "18.7955"
        },
        {
            "time": "02.02.2021 16:14",
            "open": "18.7955",
            "high": "18.7955",
            "low": "18.781",
            "close": "18.7852"
        },
        {
            "time": "02.02.2021 16:16",
            "open": "18.7852",
            "high": "18.7852",
            "low": "18.7852",
            "close": "18.8173"
        },
        {
            "time": "02.02.2021 16:19",
            "open": "18.8173",
            "high": "18.8175",
            "low": "18.8173",
            "close": "18.7919"
        },
        {
            "time": "02.02.2021 16:21",
            "open": "18.7919",
            "high": "18.7919",
            "low": "18.7772",
            "close": "18.8101"
        },
        {
            "time": "02.02.2021 16:22",
            "open": "18.8101",
            "high": "18.8117",
            "low": "18.8017",
            "close": "18.7906"
        },
        {
            "time": "02.02.2021 16:25",
            "open": "18.7906",
            "high": "18.7968",
            "low": "18.7712",
            "close": "18.7942"
        },
        {
            "time": "02.02.2021 16:26",
            "open": "18.7942",
            "high": "18.7968",
            "low": "18.7942",
            "close": "18.8111"
        },
        {
            "time": "02.02.2021 16:28",
            "open": "18.8111",
            "high": "18.8111",
            "low": "18.8091",
            "close": "18.8222"
        },
        {
            "time": "02.02.2021 16:29",
            "open": "18.8222",
            "high": "18.8222",
            "low": "18.8222",
            "close": "18.7991"
        },
        {
            "time": "02.02.2021 16:30",
            "open": "18.7991",
            "high": "18.7991",
            "low": "18.7968",
            "close": "18.8333"
        },
        {
            "time": "02.02.2021 16:35",
            "open": "18.8333",
            "high": "18.8333",
            "low": "18.8108",
            "close": "18.8158"
        },
        {
            "time": "02.02.2021 16:36",
            "open": "18.8158",
            "high": "18.8158",
            "low": "18.8158",
            "close": "18.8352"
        },
        {
            "time": "02.02.2021 16:39",
            "open": "18.8352",
            "high": "18.8352",
            "low": "18.8117",
            "close": "18.8655"
        },
        {
            "time": "02.02.2021 16:41",
            "open": "18.8655",
            "high": "18.8655",
            "low": "18.8655",
            "close": "18.8348"
        },
        {
            "time": "02.02.2021 16:45",
            "open": "18.8348",
            "high": "18.8348",
            "low": "18.8348",
            "close": "18.8692"
        },
        {
            "time": "02.02.2021 16:48",
            "open": "18.8692",
            "high": "18.8692",
            "low": "18.8692",
            "close": "18.8607"
        },
        {
            "time": "02.02.2021 16:49",
            "open": "18.8607",
            "high": "18.8607",
            "low": "18.8607",
            "close": "18.8586"
        },
        {
            "time": "02.02.2021 16:52",
            "open": "18.8586",
            "high": "18.8586",
            "low": "18.8586",
            "close": "18.8854"
        },
        {
            "time": "02.02.2021 17:00",
            "open": "18.8854",
            "high": "18.8854",
            "low": "18.8854",
            "close": "18.8898"
        },
        {
            "time": "02.02.2021 17:02",
            "open": "18.8898",
            "high": "18.8898",
            "low": "18.8898",
            "close": "18.8666"
        },
        {
            "time": "02.02.2021 17:03",
            "open": "18.8666",
            "high": "18.8666",
            "low": "18.855",
            "close": "18.855"
        },
        {
            "time": "02.02.2021 17:05",
            "open": "18.855",
            "high": "18.855",
            "low": "18.8521",
            "close": "18.8474"
        },
        {
            "time": "02.02.2021 17:08",
            "open": "18.8474",
            "high": "18.8623",
            "low": "18.8474",
            "close": "18.8345"
        },
        {
            "time": "02.02.2021 17:10",
            "open": "18.8345",
            "high": "18.8345",
            "low": "18.8345",
            "close": "18.8315"
        },
        {
            "time": "02.02.2021 17:12",
            "open": "18.8315",
            "high": "18.8347",
            "low": "18.8315",
            "close": "18.8259"
        },
        {
            "time": "02.02.2021 17:17",
            "open": "18.8259",
            "high": "18.8259",
            "low": "18.8259",
            "close": "18.8397"
        },
        {
            "time": "02.02.2021 17:21",
            "open": "18.8397",
            "high": "18.8397",
            "low": "18.8397",
            "close": "18.8564"
        },
        {
            "time": "02.02.2021 17:31",
            "open": "18.8564",
            "high": "18.8564",
            "low": "18.8253",
            "close": "18.8197"
        },
        {
            "time": "02.02.2021 17:32",
            "open": "18.8197",
            "high": "18.8197",
            "low": "18.8197",
            "close": "18.78"
        },
        {
            "time": "02.02.2021 17:33",
            "open": "18.78",
            "high": "18.78",
            "low": "18.78",
            "close": "18.7604"
        },
        {
            "time": "02.02.2021 17:37",
            "open": "18.7604",
            "high": "18.7604",
            "low": "18.7425",
            "close": "18.7369"
        },
        {
            "time": "02.02.2021 17:39",
            "open": "18.7369",
            "high": "18.7432",
            "low": "18.7288",
            "close": "18.7524"
        },
        {
            "time": "02.02.2021 17:49",
            "open": "18.7524",
            "high": "18.7525",
            "low": "18.7513",
            "close": "18.7489"
        },
        {
            "time": "02.02.2021 17:50",
            "open": "18.7489",
            "high": "18.7489",
            "low": "18.7489",
            "close": "18.7457"
        },
        {
            "time": "02.02.2021 17:54",
            "open": "18.7457",
            "high": "18.7457",
            "low": "18.7457",
            "close": "18.7757"
        },
        {
            "time": "02.02.2021 17:55",
            "open": "18.7757",
            "high": "18.7758",
            "low": "18.7757",
            "close": "18.7861"
        },
        {
            "time": "02.02.2021 17:57",
            "open": "18.7861",
            "high": "18.7861",
            "low": "18.7861",
            "close": "18.786"
        },
        {
            "time": "02.02.2021 17:58",
            "open": "18.786",
            "high": "18.786",
            "low": "18.786",
            "close": "18.78"
        },
        {
            "time": "02.02.2021 17:59",
            "open": "18.78",
            "high": "18.78",
            "low": "18.78",
            "close": "18.7592"
        },
        {
            "time": "02.02.2021 18:05",
            "open": "18.7592",
            "high": "18.7592",
            "low": "18.7592",
            "close": "18.7526"
        },
        {
            "time": "02.02.2021 18:07",
            "open": "18.7526",
            "high": "18.7526",
            "low": "18.7526",
            "close": "18.7672"
        },
        {
            "time": "02.02.2021 18:09",
            "open": "18.7672",
            "high": "18.7777",
            "low": "18.7672",
            "close": "18.7615"
        },
        {
            "time": "02.02.2021 18:11",
            "open": "18.7615",
            "high": "18.7615",
            "low": "18.7615",
            "close": "18.7846"
        },
        {
            "time": "02.02.2021 18:25",
            "open": "18.7846",
            "high": "18.7846",
            "low": "18.7834",
            "close": "18.7744"
        },
        {
            "time": "02.02.2021 18:30",
            "open": "18.7744",
            "high": "18.7744",
            "low": "18.7744",
            "close": "18.7927"
        },
        {
            "time": "02.02.2021 18:35",
            "open": "18.7927",
            "high": "18.7927",
            "low": "18.7927",
            "close": "18.8082"
        },
        {
            "time": "02.02.2021 18:37",
            "open": "18.8082",
            "high": "18.8082",
            "low": "18.8082",
            "close": "18.7922"
        },
        {
            "time": "02.02.2021 18:39",
            "open": "18.7922",
            "high": "18.7922",
            "low": "18.7922",
            "close": "18.8158"
        },
        {
            "time": "02.02.2021 18:40",
            "open": "18.8158",
            "high": "18.8158",
            "low": "18.8158",
            "close": "18.8002"
        },
        {
            "time": "02.02.2021 18:44",
            "open": "18.8002",
            "high": "18.8002",
            "low": "18.8002",
            "close": "18.7968"
        },
        {
            "time": "02.02.2021 18:50",
            "open": "18.7968",
            "high": "18.7968",
            "low": "18.7968",
            "close": "18.7746"
        },
        {
            "time": "02.02.2021 18:52",
            "open": "18.7746",
            "high": "18.7746",
            "low": "18.7746",
            "close": "18.7873"
        },
        {
            "time": "02.02.2021 18:55",
            "open": "18.7873",
            "high": "18.7873",
            "low": "18.7873",
            "close": "18.7989"
        },
        {
            "time": "02.02.2021 19:00",
            "open": "18.7989",
            "high": "18.8252",
            "low": "18.7989",
            "close": "18.8432"
        },
        {
            "time": "02.02.2021 19:03",
            "open": "18.8432",
            "high": "18.8432",
            "low": "18.8432",
            "close": "18.8314"
        },
        {
            "time": "02.02.2021 19:07",
            "open": "18.8314",
            "high": "18.8314",
            "low": "18.8314",
            "close": "18.8314"
        },
        {
            "time": "02.02.2021 19:08",
            "open": "18.8314",
            "high": "18.8383",
            "low": "18.8314",
            "close": "18.8187"
        },
        {
            "time": "02.02.2021 19:10",
            "open": "18.8187",
            "high": "18.8187",
            "low": "18.8187",
            "close": "18.8364"
        },
        {
            "time": "02.02.2021 19:12",
            "open": "18.8364",
            "high": "18.8364",
            "low": "18.8364",
            "close": "18.8381"
        },
        {
            "time": "02.02.2021 19:14",
            "open": "18.8381",
            "high": "18.8381",
            "low": "18.8381",
            "close": "18.8275"
        },
        {
            "time": "02.02.2021 19:20",
            "open": "18.8275",
            "high": "18.8305",
            "low": "18.8275",
            "close": "18.8336"
        },
        {
            "time": "02.02.2021 19:21",
            "open": "18.8336",
            "high": "18.8336",
            "low": "18.8336",
            "close": "18.8277"
        },
        {
            "time": "02.02.2021 19:22",
            "open": "18.8277",
            "high": "18.8277",
            "low": "18.82",
            "close": "18.8324"
        },
        {
            "time": "02.02.2021 19:23",
            "open": "18.8324",
            "high": "18.8324",
            "low": "18.8324",
            "close": "18.8351"
        },
        {
            "time": "02.02.2021 19:24",
            "open": "18.8351",
            "high": "18.8351",
            "low": "18.8351",
            "close": "18.817"
        },
        {
            "time": "02.02.2021 19:25",
            "open": "18.817",
            "high": "18.8402",
            "low": "18.8169",
            "close": "18.836"
        },
        {
            "time": "02.02.2021 19:26",
            "open": "18.836",
            "high": "18.836",
            "low": "18.836",
            "close": "18.836"
        },
        {
            "time": "02.02.2021 19:27",
            "open": "18.836",
            "high": "18.836",
            "low": "18.8201",
            "close": "18.82"
        },
        {
            "time": "02.02.2021 19:28",
            "open": "18.82",
            "high": "18.82",
            "low": "18.82",
            "close": "18.8216"
        },
        {
            "time": "02.02.2021 19:30",
            "open": "18.8216",
            "high": "18.8555",
            "low": "18.8216",
            "close": "18.8521"
        },
        {
            "time": "02.02.2021 19:31",
            "open": "18.8521",
            "high": "18.8521",
            "low": "18.8521",
            "close": "18.833"
        },
        {
            "time": "02.02.2021 19:37",
            "open": "18.833",
            "high": "18.833",
            "low": "18.8008",
            "close": "18.8262"
        },
        {
            "time": "02.02.2021 19:40",
            "open": "18.8262",
            "high": "18.8279",
            "low": "18.8262",
            "close": "18.8283"
        },
        {
            "time": "02.02.2021 19:41",
            "open": "18.8283",
            "high": "18.8284",
            "low": "18.8283",
            "close": "18.8386"
        },
        {
            "time": "02.02.2021 19:42",
            "open": "18.8386",
            "high": "18.8386",
            "low": "18.8386",
            "close": "18.7864"
        },
        {
            "time": "02.02.2021 19:55",
            "open": "18.7864",
            "high": "18.8104",
            "low": "18.7864",
            "close": "18.8115"
        },
        {
            "time": "02.02.2021 19:56",
            "open": "18.8115",
            "high": "18.8115",
            "low": "18.8115",
            "close": "18.7703"
        },
        {
            "time": "02.02.2021 20:01",
            "open": "18.7703",
            "high": "18.7719",
            "low": "18.7703",
            "close": "18.785"
        },
        {
            "time": "02.02.2021 20:04",
            "open": "18.785",
            "high": "18.785",
            "low": "18.785",
            "close": "18.7713"
        },
        {
            "time": "02.02.2021 20:05",
            "open": "18.7713",
            "high": "18.7713",
            "low": "18.7713",
            "close": "18.7817"
        },
        {
            "time": "02.02.2021 20:07",
            "open": "18.7817",
            "high": "18.7817",
            "low": "18.7701",
            "close": "18.7701"
        },
        {
            "time": "02.02.2021 20:08",
            "open": "18.7701",
            "high": "18.7701",
            "low": "18.7701",
            "close": "18.77"
        },
        {
            "time": "02.02.2021 20:09",
            "open": "18.77",
            "high": "18.77",
            "low": "18.77",
            "close": "18.76"
        },
        {
            "time": "02.02.2021 20:10",
            "open": "18.76",
            "high": "18.76",
            "low": "18.76",
            "close": "18.72"
        },
        {
            "time": "02.02.2021 20:11",
            "open": "18.72",
            "high": "18.72",
            "low": "18.72",
            "close": "18.7287"
        },
        {
            "time": "02.02.2021 20:13",
            "open": "18.7287",
            "high": "18.7287",
            "low": "18.7287",
            "close": "18.707"
        },
        {
            "time": "02.02.2021 20:15",
            "open": "18.707",
            "high": "18.7287",
            "low": "18.707",
            "close": "18.7287"
        },
        {
            "time": "02.02.2021 20:17",
            "open": "18.7287",
            "high": "18.7287",
            "low": "18.7287",
            "close": "18.7287"
        },
        {
            "time": "02.02.2021 20:20",
            "open": "18.7287",
            "high": "18.7287",
            "low": "18.7287",
            "close": "18.6913"
        },
        {
            "time": "02.02.2021 20:30",
            "open": "18.6913",
            "high": "18.6913",
            "low": "18.6913",
            "close": "18.7004"
        },
        {
            "time": "02.02.2021 20:31",
            "open": "18.7004",
            "high": "18.7004",
            "low": "18.7004",
            "close": "18.7175"
        },
        {
            "time": "02.02.2021 20:32",
            "open": "18.7175",
            "high": "18.7176",
            "low": "18.7175",
            "close": "18.7045"
        },
        {
            "time": "02.02.2021 20:40",
            "open": "18.7045",
            "high": "18.7045",
            "low": "18.7045",
            "close": "18.716"
        },
        {
            "time": "02.02.2021 20:42",
            "open": "18.716",
            "high": "18.716",
            "low": "18.7044",
            "close": "18.716"
        },
        {
            "time": "02.02.2021 20:43",
            "open": "18.716",
            "high": "18.716",
            "low": "18.716",
            "close": "18.7044"
        },
        {
            "time": "02.02.2021 20:44",
            "open": "18.7044",
            "high": "18.7044",
            "low": "18.7044",
            "close": "18.716"
        },
        {
            "time": "02.02.2021 20:50",
            "open": "18.716",
            "high": "18.716",
            "low": "18.716",
            "close": "18.716"
        },
        {
            "time": "02.02.2021 20:51",
            "open": "18.716",
            "high": "18.716",
            "low": "18.716",
            "close": "18.716"
        },
        {
            "time": "02.02.2021 20:58",
            "open": "18.716",
            "high": "18.716",
            "low": "18.716",
            "close": "18.716"
        },
        {
            "time": "02.02.2021 21:00",
            "open": "18.716",
            "high": "18.716",
            "low": "18.716",
            "close": "18.683"
        },
        {
            "time": "02.02.2021 21:02",
            "open": "18.683",
            "high": "18.683",
            "low": "18.683",
            "close": "18.6886"
        },
        {
            "time": "02.02.2021 21:04",
            "open": "18.6886",
            "high": "18.6886",
            "low": "18.6886",
            "close": "18.716"
        },
        {
            "time": "02.02.2021 21:06",
            "open": "18.716",
            "high": "18.7243",
            "low": "18.716",
            "close": "18.728"
        },
        {
            "time": "02.02.2021 21:09",
            "open": "18.728",
            "high": "18.728",
            "low": "18.728",
            "close": "18.6931"
        },
        {
            "time": "02.02.2021 21:17",
            "open": "18.6931",
            "high": "18.6931",
            "low": "18.673",
            "close": "18.7046"
        },
        {
            "time": "02.02.2021 21:21",
            "open": "18.7046",
            "high": "18.7046",
            "low": "18.7046",
            "close": "18.7106"
        },
        {
            "time": "02.02.2021 21:22",
            "open": "18.7106",
            "high": "18.7106",
            "low": "18.7106",
            "close": "18.7049"
        },
        {
            "time": "02.02.2021 21:24",
            "open": "18.7049",
            "high": "18.7049",
            "low": "18.7049",
            "close": "18.7002"
        },
        {
            "time": "02.02.2021 21:25",
            "open": "18.7002",
            "high": "18.7002",
            "low": "18.7002",
            "close": "18.6672"
        },
        {
            "time": "02.02.2021 21:28",
            "open": "18.6672",
            "high": "18.6861",
            "low": "18.6672",
            "close": "18.6686"
        },
        {
            "time": "02.02.2021 21:31",
            "open": "18.6686",
            "high": "18.669",
            "low": "18.6686",
            "close": "18.7052"
        },
        {
            "time": "02.02.2021 21:34",
            "open": "18.7052",
            "high": "18.7052",
            "low": "18.7052",
            "close": "18.7073"
        },
        {
            "time": "02.02.2021 21:39",
            "open": "18.7073",
            "high": "18.7073",
            "low": "18.6783",
            "close": "18.682"
        },
        {
            "time": "02.02.2021 21:40",
            "open": "18.682",
            "high": "18.6979",
            "low": "18.6753",
            "close": "18.6848"
        },
        {
            "time": "02.02.2021 21:44",
            "open": "18.6848",
            "high": "18.691",
            "low": "18.6848",
            "close": "18.6854"
        },
        {
            "time": "02.02.2021 21:48",
            "open": "18.6854",
            "high": "18.6854",
            "low": "18.6854",
            "close": "18.669"
        },
        {
            "time": "02.02.2021 21:50",
            "open": "18.669",
            "high": "18.669",
            "low": "18.669",
            "close": "18.6691"
        },
        {
            "time": "02.02.2021 21:51",
            "open": "18.6691",
            "high": "18.6692",
            "low": "18.6534",
            "close": "18.6677"
        },
        {
            "time": "02.02.2021 21:52",
            "open": "18.6677",
            "high": "18.6677",
            "low": "18.6677",
            "close": "18.6343"
        },
        {
            "time": "02.02.2021 21:53",
            "open": "18.6343",
            "high": "18.6343",
            "low": "18.6343",
            "close": "18.6515"
        },
        {
            "time": "02.02.2021 21:54",
            "open": "18.6515",
            "high": "18.6515",
            "low": "18.6515",
            "close": "18.649"
        },
        {
            "time": "02.02.2021 21:55",
            "open": "18.649",
            "high": "18.649",
            "low": "18.649",
            "close": "18.6495"
        },
        {
            "time": "02.02.2021 21:56",
            "open": "18.6495",
            "high": "18.6495",
            "low": "18.6122",
            "close": "18.6254"
        },
        {
            "time": "02.02.2021 21:57",
            "open": "18.6254",
            "high": "18.6254",
            "low": "18.6254",
            "close": "18.6545"
        },
        {
            "time": "02.02.2021 21:58",
            "open": "18.6545",
            "high": "18.6545",
            "low": "18.6494",
            "close": "18.6959"
        },
        {
            "time": "02.02.2021 22:05",
            "open": "18.6959",
            "high": "18.7002",
            "low": "18.6959",
            "close": "18.6795"
        },
        {
            "time": "02.02.2021 22:08",
            "open": "18.6795",
            "high": "18.6795",
            "low": "18.6795",
            "close": "18.6936"
        },
        {
            "time": "02.02.2021 22:10",
            "open": "18.6936",
            "high": "18.6936",
            "low": "18.6936",
            "close": "18.697"
        },
        {
            "time": "02.02.2021 22:11",
            "open": "18.697",
            "high": "18.697",
            "low": "18.697",
            "close": "18.6922"
        },
        {
            "time": "02.02.2021 22:12",
            "open": "18.6922",
            "high": "18.6929",
            "low": "18.6922",
            "close": "18.6692"
        },
        {
            "time": "02.02.2021 22:13",
            "open": "18.6692",
            "high": "18.6692",
            "low": "18.6692",
            "close": "18.6917"
        },
        {
            "time": "02.02.2021 22:15",
            "open": "18.6917",
            "high": "18.6917",
            "low": "18.6917",
            "close": "18.6856"
        },
        {
            "time": "02.02.2021 22:20",
            "open": "18.6856",
            "high": "18.6856",
            "low": "18.6856",
            "close": "18.6801"
        },
        {
            "time": "02.02.2021 22:21",
            "open": "18.6801",
            "high": "18.6801",
            "low": "18.6801",
            "close": "18.6797"
        },
        {
            "time": "02.02.2021 22:28",
            "open": "18.6797",
            "high": "18.6797",
            "low": "18.6797",
            "close": "18.691"
        },
        {
            "time": "02.02.2021 22:31",
            "open": "18.691",
            "high": "18.6934",
            "low": "18.691",
            "close": "18.6934"
        },
        {
            "time": "02.02.2021 22:32",
            "open": "18.6934",
            "high": "18.6934",
            "low": "18.6934",
            "close": "18.6908"
        },
        {
            "time": "02.02.2021 22:34",
            "open": "18.6908",
            "high": "18.6908",
            "low": "18.6908",
            "close": "18.673"
        },
        {
            "time": "02.02.2021 22:40",
            "open": "18.673",
            "high": "18.673",
            "low": "18.673",
            "close": "18.6904"
        },
        {
            "time": "02.02.2021 22:42",
            "open": "18.6904",
            "high": "18.6914",
            "low": "18.6704",
            "close": "18.6926"
        },
        {
            "time": "02.02.2021 22:45",
            "open": "18.6926",
            "high": "18.6929",
            "low": "18.6926",
            "close": "18.6932"
        },
        {
            "time": "02.02.2021 22:46",
            "open": "18.6932",
            "high": "18.6932",
            "low": "18.6932",
            "close": "18.6934"
        },
        {
            "time": "02.02.2021 22:50",
            "open": "18.6934",
            "high": "18.7076",
            "low": "18.6934",
            "close": "18.7119"
        },
        {
            "time": "02.02.2021 22:52",
            "open": "18.7119",
            "high": "18.7119",
            "low": "18.7119",
            "close": "18.7065"
        },
        {
            "time": "02.02.2021 22:53",
            "open": "18.7065",
            "high": "18.7065",
            "low": "18.7062",
            "close": "18.7321"
        },
        {
            "time": "02.02.2021 22:59",
            "open": "18.7321",
            "high": "18.7322",
            "low": "18.7115",
            "close": "18.753"
        },
        {
            "time": "02.02.2021 23:01",
            "open": "18.753",
            "high": "18.7535",
            "low": "18.753",
            "close": "18.7537"
        },
        {
            "time": "02.02.2021 23:02",
            "open": "18.7537",
            "high": "18.7537",
            "low": "18.7511",
            "close": "18.7373"
        },
        {
            "time": "02.02.2021 23:03",
            "open": "18.7373",
            "high": "18.7373",
            "low": "18.7334",
            "close": "18.7369"
        },
        {
            "time": "02.02.2021 23:04",
            "open": "18.7369",
            "high": "18.757",
            "low": "18.7369",
            "close": "18.7629"
        },
        {
            "time": "02.02.2021 23:12",
            "open": "18.7629",
            "high": "18.7629",
            "low": "18.7629",
            "close": "18.7193"
        },
        {
            "time": "02.02.2021 23:17",
            "open": "18.7193",
            "high": "18.7194",
            "low": "18.6982",
            "close": "18.7241"
        },
        {
            "time": "02.02.2021 23:18",
            "open": "18.7241",
            "high": "18.7242",
            "low": "18.6989",
            "close": "18.705"
        },
        {
            "time": "02.02.2021 23:19",
            "open": "18.705",
            "high": "18.705",
            "low": "18.705",
            "close": "18.7225"
        },
        {
            "time": "02.02.2021 23:22",
            "open": "18.7225",
            "high": "18.7225",
            "low": "18.7225",
            "close": "18.7224"
        },
        {
            "time": "02.02.2021 23:23",
            "open": "18.7224",
            "high": "18.7224",
            "low": "18.7224",
            "close": "18.729"
        },
        {
            "time": "02.02.2021 23:24",
            "open": "18.729",
            "high": "18.7293",
            "low": "18.729",
            "close": "18.766"
        },
        {
            "time": "02.02.2021 23:27",
            "open": "18.766",
            "high": "18.7692",
            "low": "18.766",
            "close": "18.7555"
        },
        {
            "time": "02.02.2021 23:30",
            "open": "18.7555",
            "high": "18.7555",
            "low": "18.7555",
            "close": "18.7517"
        },
        {
            "time": "02.02.2021 23:31",
            "open": "18.7517",
            "high": "18.7518",
            "low": "18.7517",
            "close": "18.756"
        },
        {
            "time": "02.02.2021 23:33",
            "open": "18.756",
            "high": "18.756",
            "low": "18.756",
            "close": "18.7633"
        },
        {
            "time": "02.02.2021 23:34",
            "open": "18.7633",
            "high": "18.7633",
            "low": "18.7633",
            "close": "18.7468"
        },
        {
            "time": "02.02.2021 23:35",
            "open": "18.7468",
            "high": "18.7468",
            "low": "18.746",
            "close": "18.7385"
        },
        {
            "time": "02.02.2021 23:37",
            "open": "18.7385",
            "high": "18.7385",
            "low": "18.7138",
            "close": "18.6749"
        },
        {
            "time": "02.02.2021 23:39",
            "open": "18.6749",
            "high": "18.6749",
            "low": "18.6749",
            "close": "18.6827"
        },
        {
            "time": "02.02.2021 23:40",
            "open": "18.6827",
            "high": "18.6827",
            "low": "18.6827",
            "close": "18.6816"
        },
        {
            "time": "02.02.2021 23:41",
            "open": "18.6816",
            "high": "18.6816",
            "low": "18.6816",
            "close": "18.7032"
        },
        {
            "time": "02.02.2021 23:42",
            "open": "18.7032",
            "high": "18.7032",
            "low": "18.7032",
            "close": "18.7532"
        },
        {
            "time": "02.02.2021 23:46",
            "open": "18.7532",
            "high": "18.7532",
            "low": "18.7532",
            "close": "18.7174"
        },
        {
            "time": "02.02.2021 23:49",
            "open": "18.7174",
            "high": "18.7174",
            "low": "18.7174",
            "close": "18.7503"
        },
        {
            "time": "02.02.2021 23:53",
            "open": "18.7503",
            "high": "18.7503",
            "low": "18.7259",
            "close": "18.668"
        }
    ]
}