{
    "FIL-EUR": [
        {
            "time": "05.06.2021 23:54",
            "open": "71.2148",
            "high": "71.2148",
            "low": "71.2148",
            "close": "71.2495"
        },
        {
            "time": "06.06.2021 00:00",
            "open": "71.2495",
            "high": "71.4736",
            "low": "71.2495",
            "close": "71.6695"
        },
        {
            "time": "06.06.2021 00:01",
            "open": "71.6695",
            "high": "71.779",
            "low": "71.6695",
            "close": "71.879"
        },
        {
            "time": "06.06.2021 00:02",
            "open": "71.879",
            "high": "71.9251",
            "low": "71.879",
            "close": "71.7823"
        },
        {
            "time": "06.06.2021 00:05",
            "open": "71.7823",
            "high": "71.7823",
            "low": "71.7823",
            "close": "71.49"
        },
        {
            "time": "06.06.2021 00:07",
            "open": "71.49",
            "high": "71.49",
            "low": "71.49",
            "close": "71.8638"
        },
        {
            "time": "06.06.2021 00:10",
            "open": "71.8638",
            "high": "71.8638",
            "low": "71.8638",
            "close": "71.7282"
        },
        {
            "time": "06.06.2021 00:11",
            "open": "71.7282",
            "high": "71.7282",
            "low": "71.7282",
            "close": "71.9198"
        },
        {
            "time": "06.06.2021 00:15",
            "open": "71.9198",
            "high": "71.9198",
            "low": "71.9198",
            "close": "71.9679"
        },
        {
            "time": "06.06.2021 00:16",
            "open": "71.9679",
            "high": "71.9679",
            "low": "71.9679",
            "close": "71.9213"
        },
        {
            "time": "06.06.2021 00:17",
            "open": "71.9213",
            "high": "71.9213",
            "low": "71.9213",
            "close": "72.1572"
        },
        {
            "time": "06.06.2021 00:18",
            "open": "72.1572",
            "high": "72.1697",
            "low": "72.1359",
            "close": "72.2807"
        },
        {
            "time": "06.06.2021 00:19",
            "open": "72.2807",
            "high": "72.3057",
            "low": "72.1898",
            "close": "72.1103"
        },
        {
            "time": "06.06.2021 00:20",
            "open": "72.1103",
            "high": "72.1103",
            "low": "72.1103",
            "close": "72.3016"
        },
        {
            "time": "06.06.2021 00:25",
            "open": "72.3016",
            "high": "72.3016",
            "low": "72.3016",
            "close": "72.1878"
        },
        {
            "time": "06.06.2021 00:30",
            "open": "72.1878",
            "high": "72.1878",
            "low": "72.1878",
            "close": "72.1624"
        },
        {
            "time": "06.06.2021 00:34",
            "open": "72.1624",
            "high": "72.3706",
            "low": "72.1624",
            "close": "72.3705"
        },
        {
            "time": "06.06.2021 00:35",
            "open": "72.3705",
            "high": "72.3705",
            "low": "72.3705",
            "close": "72.399"
        },
        {
            "time": "06.06.2021 00:36",
            "open": "72.399",
            "high": "72.4837",
            "low": "72.3989",
            "close": "72.5374"
        },
        {
            "time": "06.06.2021 00:37",
            "open": "72.5374",
            "high": "72.5374",
            "low": "72.5374",
            "close": "72.4581"
        },
        {
            "time": "06.06.2021 00:39",
            "open": "72.4581",
            "high": "72.4581",
            "low": "72.4543",
            "close": "72.2981"
        },
        {
            "time": "06.06.2021 00:40",
            "open": "72.2981",
            "high": "72.3111",
            "low": "72.2352",
            "close": "72.3413"
        },
        {
            "time": "06.06.2021 00:41",
            "open": "72.3413",
            "high": "72.3544",
            "low": "72.3413",
            "close": "71.9091"
        },
        {
            "time": "06.06.2021 00:42",
            "open": "71.9091",
            "high": "71.9091",
            "low": "71.8387",
            "close": "71.8092"
        },
        {
            "time": "06.06.2021 00:43",
            "open": "71.8092",
            "high": "71.8092",
            "low": "71.8026",
            "close": "71.8037"
        },
        {
            "time": "06.06.2021 00:44",
            "open": "71.8037",
            "high": "71.8037",
            "low": "71.8037",
            "close": "71.8606"
        },
        {
            "time": "06.06.2021 00:45",
            "open": "71.8606",
            "high": "71.8606",
            "low": "71.854",
            "close": "72.0863"
        },
        {
            "time": "06.06.2021 00:49",
            "open": "72.0863",
            "high": "72.0863",
            "low": "72.0863",
            "close": "72.0451"
        },
        {
            "time": "06.06.2021 00:50",
            "open": "72.0451",
            "high": "72.0451",
            "low": "72.0451",
            "close": "72.0012"
        },
        {
            "time": "06.06.2021 00:51",
            "open": "72.0012",
            "high": "72.0012",
            "low": "72.0012",
            "close": "71.9403"
        },
        {
            "time": "06.06.2021 00:53",
            "open": "71.9403",
            "high": "71.9403",
            "low": "71.9403",
            "close": "71.88"
        },
        {
            "time": "06.06.2021 00:54",
            "open": "71.88",
            "high": "71.88",
            "low": "71.88",
            "close": "72.1093"
        },
        {
            "time": "06.06.2021 00:56",
            "open": "72.1093",
            "high": "72.1093",
            "low": "72.1093",
            "close": "72.1267"
        },
        {
            "time": "06.06.2021 01:00",
            "open": "72.1267",
            "high": "72.1267",
            "low": "72.1267",
            "close": "72.2807"
        },
        {
            "time": "06.06.2021 01:02",
            "open": "72.2807",
            "high": "72.2969",
            "low": "72.2807",
            "close": "72.6032"
        },
        {
            "time": "06.06.2021 01:05",
            "open": "72.6032",
            "high": "72.7282",
            "low": "72.5882",
            "close": "72.8617"
        },
        {
            "time": "06.06.2021 01:07",
            "open": "72.8617",
            "high": "72.8618",
            "low": "72.8617",
            "close": "72.6462"
        },
        {
            "time": "06.06.2021 01:18",
            "open": "72.6462",
            "high": "72.6462",
            "low": "72.5945",
            "close": "72.41"
        },
        {
            "time": "06.06.2021 01:27",
            "open": "72.41",
            "high": "72.41",
            "low": "72.41",
            "close": "72.2981"
        },
        {
            "time": "06.06.2021 01:30",
            "open": "72.2981",
            "high": "72.2981",
            "low": "72.2688",
            "close": "72.3801"
        },
        {
            "time": "06.06.2021 01:35",
            "open": "72.3801",
            "high": "72.3801",
            "low": "72.3801",
            "close": "72.6698"
        },
        {
            "time": "06.06.2021 01:49",
            "open": "72.6698",
            "high": "72.6698",
            "low": "72.6698",
            "close": "72.7144"
        },
        {
            "time": "06.06.2021 01:50",
            "open": "72.7144",
            "high": "72.7144",
            "low": "72.7093",
            "close": "72.9196"
        },
        {
            "time": "06.06.2021 01:54",
            "open": "72.9196",
            "high": "72.9196",
            "low": "72.9196",
            "close": "72.7632"
        },
        {
            "time": "06.06.2021 01:56",
            "open": "72.7632",
            "high": "72.7632",
            "low": "72.7626",
            "close": "72.7817"
        },
        {
            "time": "06.06.2021 01:57",
            "open": "72.7817",
            "high": "72.7894",
            "low": "72.7817",
            "close": "72.6688"
        },
        {
            "time": "06.06.2021 02:00",
            "open": "72.6688",
            "high": "72.6688",
            "low": "72.6688",
            "close": "72.4825"
        },
        {
            "time": "06.06.2021 02:02",
            "open": "72.4825",
            "high": "72.4825",
            "low": "72.4825",
            "close": "72.4962"
        },
        {
            "time": "06.06.2021 02:04",
            "open": "72.4962",
            "high": "72.4962",
            "low": "72.4962",
            "close": "72.4838"
        },
        {
            "time": "06.06.2021 02:05",
            "open": "72.4838",
            "high": "72.5027",
            "low": "72.4838",
            "close": "72.4377"
        },
        {
            "time": "06.06.2021 02:10",
            "open": "72.4377",
            "high": "72.4377",
            "low": "72.4377",
            "close": "72.2981"
        },
        {
            "time": "06.06.2021 02:11",
            "open": "72.2981",
            "high": "72.2981",
            "low": "72.2981",
            "close": "72.2456"
        },
        {
            "time": "06.06.2021 02:13",
            "open": "72.2456",
            "high": "72.2502",
            "low": "72.2456",
            "close": "72.2807"
        },
        {
            "time": "06.06.2021 02:15",
            "open": "72.2807",
            "high": "72.3525",
            "low": "72.2807",
            "close": "72.4422"
        },
        {
            "time": "06.06.2021 02:16",
            "open": "72.4422",
            "high": "72.4422",
            "low": "72.4422",
            "close": "72.7204"
        },
        {
            "time": "06.06.2021 02:17",
            "open": "72.7204",
            "high": "72.7204",
            "low": "72.6343",
            "close": "72.477"
        },
        {
            "time": "06.06.2021 02:24",
            "open": "72.477",
            "high": "72.502",
            "low": "72.477",
            "close": "72.6951"
        },
        {
            "time": "06.06.2021 02:26",
            "open": "72.6951",
            "high": "72.6951",
            "low": "72.6951",
            "close": "72.7194"
        },
        {
            "time": "06.06.2021 02:32",
            "open": "72.7194",
            "high": "72.7194",
            "low": "72.7194",
            "close": "72.7411"
        },
        {
            "time": "06.06.2021 02:35",
            "open": "72.7411",
            "high": "72.7411",
            "low": "72.7411",
            "close": "72.6984"
        },
        {
            "time": "06.06.2021 02:38",
            "open": "72.6984",
            "high": "72.6984",
            "low": "72.6984",
            "close": "72.2981"
        },
        {
            "time": "06.06.2021 02:46",
            "open": "72.2981",
            "high": "72.2981",
            "low": "72.2981",
            "close": "72.4603"
        },
        {
            "time": "06.06.2021 02:50",
            "open": "72.4603",
            "high": "72.5312",
            "low": "72.4603",
            "close": "72.5322"
        },
        {
            "time": "06.06.2021 02:51",
            "open": "72.5322",
            "high": "72.5322",
            "low": "72.5322",
            "close": "72.6005"
        },
        {
            "time": "06.06.2021 02:55",
            "open": "72.6005",
            "high": "72.6005",
            "low": "72.6005",
            "close": "72.838"
        },
        {
            "time": "06.06.2021 03:07",
            "open": "72.838",
            "high": "72.838",
            "low": "72.838",
            "close": "72.6637"
        },
        {
            "time": "06.06.2021 03:11",
            "open": "72.6637",
            "high": "72.6637",
            "low": "72.6637",
            "close": "72.6338"
        },
        {
            "time": "06.06.2021 03:16",
            "open": "72.6338",
            "high": "72.6338",
            "low": "72.6338",
            "close": "72.9468"
        },
        {
            "time": "06.06.2021 03:18",
            "open": "72.9468",
            "high": "72.9468",
            "low": "72.9468",
            "close": "72.9668"
        },
        {
            "time": "06.06.2021 03:20",
            "open": "72.9668",
            "high": "72.9668",
            "low": "72.9668",
            "close": "73.0129"
        },
        {
            "time": "06.06.2021 03:21",
            "open": "73.0129",
            "high": "73.0394",
            "low": "72.9976",
            "close": "73.1114"
        },
        {
            "time": "06.06.2021 03:22",
            "open": "73.1114",
            "high": "73.1114",
            "low": "73.1114",
            "close": "73.3038"
        },
        {
            "time": "06.06.2021 03:23",
            "open": "73.3038",
            "high": "73.3878",
            "low": "73.3038",
            "close": "73.1441"
        },
        {
            "time": "06.06.2021 03:25",
            "open": "73.1441",
            "high": "73.1441",
            "low": "73.1441",
            "close": "73.0759"
        },
        {
            "time": "06.06.2021 03:28",
            "open": "73.0759",
            "high": "73.0759",
            "low": "73.0544",
            "close": "72.9462"
        },
        {
            "time": "06.06.2021 03:30",
            "open": "72.9462",
            "high": "72.9462",
            "low": "72.9462",
            "close": "73.1373"
        },
        {
            "time": "06.06.2021 03:31",
            "open": "73.1373",
            "high": "73.1373",
            "low": "73.1373",
            "close": "73.1724"
        },
        {
            "time": "06.06.2021 03:33",
            "open": "73.1724",
            "high": "73.1724",
            "low": "73.1724",
            "close": "73.2072"
        },
        {
            "time": "06.06.2021 03:37",
            "open": "73.2072",
            "high": "73.2072",
            "low": "73.2072",
            "close": "72.7977"
        },
        {
            "time": "06.06.2021 03:48",
            "open": "72.7977",
            "high": "72.7977",
            "low": "72.7977",
            "close": "72.9048"
        },
        {
            "time": "06.06.2021 03:49",
            "open": "72.9048",
            "high": "72.9048",
            "low": "72.9048",
            "close": "72.8797"
        },
        {
            "time": "06.06.2021 03:54",
            "open": "72.8797",
            "high": "72.8797",
            "low": "72.8797",
            "close": "72.7992"
        },
        {
            "time": "06.06.2021 03:55",
            "open": "72.7992",
            "high": "72.7992",
            "low": "72.7992",
            "close": "72.8881"
        },
        {
            "time": "06.06.2021 03:59",
            "open": "72.8881",
            "high": "72.933",
            "low": "72.8881",
            "close": "72.7775"
        },
        {
            "time": "06.06.2021 04:00",
            "open": "72.7775",
            "high": "72.7775",
            "low": "72.7775",
            "close": "72.7891"
        },
        {
            "time": "06.06.2021 04:03",
            "open": "72.7891",
            "high": "72.7891",
            "low": "72.7891",
            "close": "72.7468"
        },
        {
            "time": "06.06.2021 04:08",
            "open": "72.7468",
            "high": "72.7468",
            "low": "72.7468",
            "close": "72.9243"
        },
        {
            "time": "06.06.2021 04:18",
            "open": "72.9243",
            "high": "72.9243",
            "low": "72.9243",
            "close": "72.4966"
        },
        {
            "time": "06.06.2021 04:25",
            "open": "72.4966",
            "high": "72.4966",
            "low": "72.4966",
            "close": "72.5956"
        },
        {
            "time": "06.06.2021 04:27",
            "open": "72.5956",
            "high": "72.5957",
            "low": "72.5956",
            "close": "72.5815"
        },
        {
            "time": "06.06.2021 04:29",
            "open": "72.5815",
            "high": "72.5815",
            "low": "72.5815",
            "close": "72.7273"
        },
        {
            "time": "06.06.2021 04:31",
            "open": "72.7273",
            "high": "72.7273",
            "low": "72.7273",
            "close": "72.5989"
        },
        {
            "time": "06.06.2021 04:34",
            "open": "72.5989",
            "high": "72.5989",
            "low": "72.5989",
            "close": "72.3849"
        },
        {
            "time": "06.06.2021 04:42",
            "open": "72.3849",
            "high": "72.4658",
            "low": "72.2694",
            "close": "72.3159"
        },
        {
            "time": "06.06.2021 04:45",
            "open": "72.3159",
            "high": "72.3159",
            "low": "72.3158",
            "close": "72.2981"
        },
        {
            "time": "06.06.2021 04:52",
            "open": "72.2981",
            "high": "72.3687",
            "low": "72.2981",
            "close": "72.3687"
        },
        {
            "time": "06.06.2021 04:55",
            "open": "72.3687",
            "high": "72.3687",
            "low": "72.3687",
            "close": "72.2981"
        },
        {
            "time": "06.06.2021 05:05",
            "open": "72.2981",
            "high": "72.2981",
            "low": "72.2981",
            "close": "72.2981"
        },
        {
            "time": "06.06.2021 05:11",
            "open": "72.2981",
            "high": "72.2981",
            "low": "72.2981",
            "close": "72.2973"
        },
        {
            "time": "06.06.2021 05:15",
            "open": "72.2973",
            "high": "72.2973",
            "low": "72.2973",
            "close": "72.2234"
        },
        {
            "time": "06.06.2021 05:17",
            "open": "72.2234",
            "high": "72.2234",
            "low": "72.1949",
            "close": "72.0144"
        },
        {
            "time": "06.06.2021 05:18",
            "open": "72.0144",
            "high": "72.0144",
            "low": "71.6281",
            "close": "71.7062"
        },
        {
            "time": "06.06.2021 05:19",
            "open": "71.7062",
            "high": "71.8441",
            "low": "71.7062",
            "close": "71.7151"
        },
        {
            "time": "06.06.2021 05:20",
            "open": "71.7151",
            "high": "71.7151",
            "low": "71.7148",
            "close": "71.5"
        },
        {
            "time": "06.06.2021 05:24",
            "open": "71.5",
            "high": "71.5438",
            "low": "71.4541",
            "close": "71.6167"
        },
        {
            "time": "06.06.2021 05:25",
            "open": "71.6167",
            "high": "71.6418",
            "low": "71.6167",
            "close": "71.8289"
        },
        {
            "time": "06.06.2021 05:30",
            "open": "71.8289",
            "high": "71.8289",
            "low": "71.8289",
            "close": "71.8569"
        },
        {
            "time": "06.06.2021 05:31",
            "open": "71.8569",
            "high": "71.8569",
            "low": "71.8123",
            "close": "71.8123"
        },
        {
            "time": "06.06.2021 05:36",
            "open": "71.8123",
            "high": "71.8123",
            "low": "71.8123",
            "close": "71.6251"
        },
        {
            "time": "06.06.2021 05:37",
            "open": "71.6251",
            "high": "71.6251",
            "low": "71.6251",
            "close": "71.4401"
        },
        {
            "time": "06.06.2021 05:38",
            "open": "71.4401",
            "high": "71.4401",
            "low": "71.4201",
            "close": "71.2527"
        },
        {
            "time": "06.06.2021 05:39",
            "open": "71.2527",
            "high": "71.281",
            "low": "71.2527",
            "close": "71.281"
        },
        {
            "time": "06.06.2021 05:40",
            "open": "71.281",
            "high": "71.281",
            "low": "71.281",
            "close": "71.3921"
        },
        {
            "time": "06.06.2021 05:42",
            "open": "71.3921",
            "high": "71.3921",
            "low": "71.3921",
            "close": "71.4585"
        },
        {
            "time": "06.06.2021 05:45",
            "open": "71.4585",
            "high": "71.4585",
            "low": "71.4585",
            "close": "71.5366"
        },
        {
            "time": "06.06.2021 05:47",
            "open": "71.5366",
            "high": "71.5366",
            "low": "71.5366",
            "close": "71.4484"
        },
        {
            "time": "06.06.2021 05:56",
            "open": "71.4484",
            "high": "71.4484",
            "low": "71.4442",
            "close": "71.5926"
        },
        {
            "time": "06.06.2021 05:57",
            "open": "71.5926",
            "high": "71.5926",
            "low": "71.5555",
            "close": "71.7065"
        },
        {
            "time": "06.06.2021 05:59",
            "open": "71.7065",
            "high": "71.7065",
            "low": "71.7065",
            "close": "71.8011"
        },
        {
            "time": "06.06.2021 06:00",
            "open": "71.8011",
            "high": "71.8784",
            "low": "71.8011",
            "close": "71.9462"
        },
        {
            "time": "06.06.2021 06:03",
            "open": "71.9462",
            "high": "71.9462",
            "low": "71.9462",
            "close": "71.9473"
        },
        {
            "time": "06.06.2021 06:04",
            "open": "71.9473",
            "high": "71.9473",
            "low": "71.9473",
            "close": "71.7474"
        },
        {
            "time": "06.06.2021 06:10",
            "open": "71.7474",
            "high": "71.7474",
            "low": "71.7474",
            "close": "71.71"
        },
        {
            "time": "06.06.2021 06:14",
            "open": "71.71",
            "high": "71.71",
            "low": "71.71",
            "close": "71.6025"
        },
        {
            "time": "06.06.2021 06:21",
            "open": "71.6025",
            "high": "71.6025",
            "low": "71.6025",
            "close": "71.6"
        },
        {
            "time": "06.06.2021 06:23",
            "open": "71.6",
            "high": "71.6",
            "low": "71.6",
            "close": "71.8518"
        },
        {
            "time": "06.06.2021 06:31",
            "open": "71.8518",
            "high": "71.8531",
            "low": "71.8518",
            "close": "71.8436"
        },
        {
            "time": "06.06.2021 06:34",
            "open": "71.8436",
            "high": "71.8436",
            "low": "71.8436",
            "close": "71.9547"
        },
        {
            "time": "06.06.2021 06:45",
            "open": "71.9547",
            "high": "71.9547",
            "low": "71.9547",
            "close": "72.0281"
        },
        {
            "time": "06.06.2021 06:47",
            "open": "72.0281",
            "high": "72.0281",
            "low": "72.0281",
            "close": "72.0597"
        },
        {
            "time": "06.06.2021 06:57",
            "open": "72.0597",
            "high": "72.0597",
            "low": "72.0192",
            "close": "72.0954"
        },
        {
            "time": "06.06.2021 06:59",
            "open": "72.0954",
            "high": "72.1639",
            "low": "72.0954",
            "close": "72.2277"
        },
        {
            "time": "06.06.2021 07:00",
            "open": "72.2277",
            "high": "72.2277",
            "low": "72.2277",
            "close": "72.151"
        },
        {
            "time": "06.06.2021 07:01",
            "open": "72.151",
            "high": "72.151",
            "low": "72.151",
            "close": "72.0377"
        },
        {
            "time": "06.06.2021 07:10",
            "open": "72.0377",
            "high": "72.0377",
            "low": "72.0377",
            "close": "72.0377"
        },
        {
            "time": "06.06.2021 07:11",
            "open": "72.0377",
            "high": "72.0377",
            "low": "72.0377",
            "close": "72.2807"
        },
        {
            "time": "06.06.2021 07:22",
            "open": "72.2807",
            "high": "72.347",
            "low": "72.2807",
            "close": "72.2651"
        },
        {
            "time": "06.06.2021 07:23",
            "open": "72.2651",
            "high": "72.2651",
            "low": "72.2651",
            "close": "72.2651"
        },
        {
            "time": "06.06.2021 07:25",
            "open": "72.2651",
            "high": "72.284",
            "low": "72.2651",
            "close": "72.3261"
        },
        {
            "time": "06.06.2021 07:30",
            "open": "72.3261",
            "high": "72.3261",
            "low": "72.3261",
            "close": "72.3467"
        },
        {
            "time": "06.06.2021 07:31",
            "open": "72.3467",
            "high": "72.3467",
            "low": "72.3467",
            "close": "72.4361"
        },
        {
            "time": "06.06.2021 07:32",
            "open": "72.4361",
            "high": "72.4361",
            "low": "72.436",
            "close": "72.2981"
        },
        {
            "time": "06.06.2021 07:36",
            "open": "72.2981",
            "high": "72.2981",
            "low": "72.2981",
            "close": "72.4051"
        },
        {
            "time": "06.06.2021 07:38",
            "open": "72.4051",
            "high": "72.4051",
            "low": "72.4051",
            "close": "72.4051"
        },
        {
            "time": "06.06.2021 07:39",
            "open": "72.4051",
            "high": "72.4051",
            "low": "72.3832",
            "close": "72.3351"
        },
        {
            "time": "06.06.2021 07:41",
            "open": "72.3351",
            "high": "72.3351",
            "low": "72.3351",
            "close": "72.3832"
        },
        {
            "time": "06.06.2021 07:42",
            "open": "72.3832",
            "high": "72.3832",
            "low": "72.3832",
            "close": "72.3747"
        },
        {
            "time": "06.06.2021 07:43",
            "open": "72.3747",
            "high": "72.3747",
            "low": "72.2948",
            "close": "72.3743"
        },
        {
            "time": "06.06.2021 07:44",
            "open": "72.3743",
            "high": "72.3743",
            "low": "72.3743",
            "close": "72.2981"
        },
        {
            "time": "06.06.2021 07:46",
            "open": "72.2981",
            "high": "72.2981",
            "low": "72.2981",
            "close": "72.2981"
        },
        {
            "time": "06.06.2021 07:52",
            "open": "72.2981",
            "high": "72.3019",
            "low": "72.2981",
            "close": "72.2754"
        },
        {
            "time": "06.06.2021 07:53",
            "open": "72.2754",
            "high": "72.2784",
            "low": "72.2754",
            "close": "72.3787"
        },
        {
            "time": "06.06.2021 07:55",
            "open": "72.3787",
            "high": "72.3787",
            "low": "72.3787",
            "close": "72.2784"
        },
        {
            "time": "06.06.2021 07:56",
            "open": "72.2784",
            "high": "72.2784",
            "low": "72.2784",
            "close": "72.3747"
        },
        {
            "time": "06.06.2021 07:57",
            "open": "72.3747",
            "high": "72.3747",
            "low": "72.3747",
            "close": "72.4862"
        },
        {
            "time": "06.06.2021 08:00",
            "open": "72.4862",
            "high": "72.6456",
            "low": "72.4862",
            "close": "72.6919"
        },
        {
            "time": "06.06.2021 08:01",
            "open": "72.6919",
            "high": "72.9317",
            "low": "72.6919",
            "close": "72.7317"
        },
        {
            "time": "06.06.2021 08:02",
            "open": "72.7317",
            "high": "72.8612",
            "low": "72.7317",
            "close": "72.6011"
        },
        {
            "time": "06.06.2021 08:10",
            "open": "72.6011",
            "high": "72.6011",
            "low": "72.6011",
            "close": "72.6358"
        },
        {
            "time": "06.06.2021 08:11",
            "open": "72.6358",
            "high": "72.6358",
            "low": "72.6358",
            "close": "72.63"
        },
        {
            "time": "06.06.2021 08:12",
            "open": "72.63",
            "high": "72.6358",
            "low": "72.63",
            "close": "72.3456"
        },
        {
            "time": "06.06.2021 08:13",
            "open": "72.3456",
            "high": "72.3456",
            "low": "72.2981",
            "close": "72.2628"
        },
        {
            "time": "06.06.2021 08:14",
            "open": "72.2628",
            "high": "72.2628",
            "low": "72.2628",
            "close": "72.2842"
        },
        {
            "time": "06.06.2021 08:15",
            "open": "72.2842",
            "high": "72.2842",
            "low": "71.9589",
            "close": "72.0515"
        },
        {
            "time": "06.06.2021 08:16",
            "open": "72.0515",
            "high": "72.0515",
            "low": "72.0515",
            "close": "72.0383"
        },
        {
            "time": "06.06.2021 08:18",
            "open": "72.0383",
            "high": "72.0383",
            "low": "72.0383",
            "close": "72.0383"
        },
        {
            "time": "06.06.2021 08:20",
            "open": "72.0383",
            "high": "72.0402",
            "low": "71.9753",
            "close": "71.9505"
        },
        {
            "time": "06.06.2021 08:23",
            "open": "71.9505",
            "high": "71.9505",
            "low": "71.9505",
            "close": "71.8165"
        },
        {
            "time": "06.06.2021 08:24",
            "open": "71.8165",
            "high": "71.8836",
            "low": "71.8165",
            "close": "71.814"
        },
        {
            "time": "06.06.2021 08:25",
            "open": "71.814",
            "high": "71.814",
            "low": "71.814",
            "close": "71.6281"
        },
        {
            "time": "06.06.2021 08:26",
            "open": "71.6281",
            "high": "71.6281",
            "low": "71.6281",
            "close": "71.729"
        },
        {
            "time": "06.06.2021 08:27",
            "open": "71.729",
            "high": "71.729",
            "low": "71.729",
            "close": "71.6085"
        },
        {
            "time": "06.06.2021 08:28",
            "open": "71.6085",
            "high": "71.6085",
            "low": "71.4641",
            "close": "71.5476"
        },
        {
            "time": "06.06.2021 08:29",
            "open": "71.5476",
            "high": "71.7078",
            "low": "71.5476",
            "close": "71.7486"
        },
        {
            "time": "06.06.2021 08:30",
            "open": "71.7486",
            "high": "71.7486",
            "low": "71.7071",
            "close": "71.5049"
        },
        {
            "time": "06.06.2021 08:32",
            "open": "71.5049",
            "high": "71.601",
            "low": "71.5049",
            "close": "71.6882"
        },
        {
            "time": "06.06.2021 08:33",
            "open": "71.6882",
            "high": "71.6882",
            "low": "71.6881",
            "close": "71.6881"
        },
        {
            "time": "06.06.2021 08:40",
            "open": "71.6881",
            "high": "71.6881",
            "low": "71.6881",
            "close": "71.8946"
        },
        {
            "time": "06.06.2021 08:44",
            "open": "71.8946",
            "high": "71.8946",
            "low": "71.8946",
            "close": "71.9563"
        },
        {
            "time": "06.06.2021 08:48",
            "open": "71.9563",
            "high": "71.9563",
            "low": "71.9126",
            "close": "71.8984"
        },
        {
            "time": "06.06.2021 08:49",
            "open": "71.8984",
            "high": "71.8984",
            "low": "71.8984",
            "close": "71.9451"
        },
        {
            "time": "06.06.2021 08:52",
            "open": "71.9451",
            "high": "71.9457",
            "low": "71.9451",
            "close": "71.6577"
        },
        {
            "time": "06.06.2021 08:56",
            "open": "71.6577",
            "high": "71.6577",
            "low": "71.6577",
            "close": "71.803"
        },
        {
            "time": "06.06.2021 08:57",
            "open": "71.803",
            "high": "71.803",
            "low": "71.803",
            "close": "71.8925"
        },
        {
            "time": "06.06.2021 09:00",
            "open": "71.8925",
            "high": "71.8925",
            "low": "71.8925",
            "close": "71.8393"
        },
        {
            "time": "06.06.2021 09:08",
            "open": "71.8393",
            "high": "71.8393",
            "low": "71.8393",
            "close": "71.9336"
        },
        {
            "time": "06.06.2021 09:13",
            "open": "71.9336",
            "high": "71.9394",
            "low": "71.9336",
            "close": "71.8872"
        },
        {
            "time": "06.06.2021 09:17",
            "open": "71.8872",
            "high": "71.8872",
            "low": "71.7529",
            "close": "71.6976"
        },
        {
            "time": "06.06.2021 09:18",
            "open": "71.6976",
            "high": "71.6976",
            "low": "71.6976",
            "close": "71.8577"
        },
        {
            "time": "06.06.2021 09:20",
            "open": "71.8577",
            "high": "71.8577",
            "low": "71.8577",
            "close": "72.2247"
        },
        {
            "time": "06.06.2021 09:30",
            "open": "72.2247",
            "high": "72.2247",
            "low": "72.2247",
            "close": "72.2631"
        },
        {
            "time": "06.06.2021 09:31",
            "open": "72.2631",
            "high": "72.2631",
            "low": "72.2631",
            "close": "72.1885"
        },
        {
            "time": "06.06.2021 09:32",
            "open": "72.1885",
            "high": "72.1885",
            "low": "72.1885",
            "close": "72.0917"
        },
        {
            "time": "06.06.2021 09:33",
            "open": "72.0917",
            "high": "72.0917",
            "low": "72.0917",
            "close": "72.2807"
        },
        {
            "time": "06.06.2021 09:35",
            "open": "72.2807",
            "high": "72.3417",
            "low": "72.2807",
            "close": "72.2981"
        },
        {
            "time": "06.06.2021 09:40",
            "open": "72.2981",
            "high": "72.2981",
            "low": "72.2981",
            "close": "72.2981"
        },
        {
            "time": "06.06.2021 09:45",
            "open": "72.2981",
            "high": "72.2981",
            "low": "72.2981",
            "close": "72.2973"
        },
        {
            "time": "06.06.2021 09:46",
            "open": "72.2973",
            "high": "72.2973",
            "low": "72.2973",
            "close": "72.2363"
        },
        {
            "time": "06.06.2021 09:48",
            "open": "72.2363",
            "high": "72.2363",
            "low": "72.2363",
            "close": "72.308"
        },
        {
            "time": "06.06.2021 09:54",
            "open": "72.308",
            "high": "72.308",
            "low": "72.2827",
            "close": "72.4458"
        },
        {
            "time": "06.06.2021 10:00",
            "open": "72.4458",
            "high": "72.4498",
            "low": "72.4458",
            "close": "72.4046"
        },
        {
            "time": "06.06.2021 10:01",
            "open": "72.4046",
            "high": "72.6013",
            "low": "72.4046",
            "close": "72.5963"
        },
        {
            "time": "06.06.2021 10:03",
            "open": "72.5963",
            "high": "72.5963",
            "low": "72.5963",
            "close": "72.5152"
        },
        {
            "time": "06.06.2021 10:06",
            "open": "72.5152",
            "high": "72.5152",
            "low": "72.5129",
            "close": "72.6589"
        },
        {
            "time": "06.06.2021 10:07",
            "open": "72.6589",
            "high": "72.6589",
            "low": "72.6589",
            "close": "72.6329"
        },
        {
            "time": "06.06.2021 10:09",
            "open": "72.6329",
            "high": "72.6329",
            "low": "72.5158",
            "close": "72.7282"
        },
        {
            "time": "06.06.2021 10:12",
            "open": "72.7282",
            "high": "72.7282",
            "low": "72.7282",
            "close": "72.7673"
        },
        {
            "time": "06.06.2021 10:13",
            "open": "72.7673",
            "high": "72.7673",
            "low": "72.6882",
            "close": "72.8099"
        },
        {
            "time": "06.06.2021 10:18",
            "open": "72.8099",
            "high": "72.8099",
            "low": "72.8099",
            "close": "72.4687"
        },
        {
            "time": "06.06.2021 10:22",
            "open": "72.4687",
            "high": "72.4687",
            "low": "72.4687",
            "close": "72.3474"
        },
        {
            "time": "06.06.2021 10:23",
            "open": "72.3474",
            "high": "72.3474",
            "low": "72.2981",
            "close": "72.338"
        },
        {
            "time": "06.06.2021 10:25",
            "open": "72.338",
            "high": "72.338",
            "low": "72.338",
            "close": "72.4863"
        },
        {
            "time": "06.06.2021 10:28",
            "open": "72.4863",
            "high": "72.4863",
            "low": "72.4863",
            "close": "72.4357"
        },
        {
            "time": "06.06.2021 10:42",
            "open": "72.4357",
            "high": "72.4357",
            "low": "72.4357",
            "close": "72.2981"
        },
        {
            "time": "06.06.2021 10:44",
            "open": "72.2981",
            "high": "72.2981",
            "low": "72.2981",
            "close": "72.0544"
        },
        {
            "time": "06.06.2021 10:45",
            "open": "72.0544",
            "high": "72.1082",
            "low": "72.0544",
            "close": "72.1111"
        },
        {
            "time": "06.06.2021 10:48",
            "open": "72.1111",
            "high": "72.1111",
            "low": "72.1111",
            "close": "72.2807"
        },
        {
            "time": "06.06.2021 10:50",
            "open": "72.2807",
            "high": "72.2807",
            "low": "72.2807",
            "close": "72.3"
        },
        {
            "time": "06.06.2021 10:51",
            "open": "72.3",
            "high": "72.3",
            "low": "72.25",
            "close": "72.4863"
        },
        {
            "time": "06.06.2021 10:56",
            "open": "72.4863",
            "high": "72.4927",
            "low": "72.4863",
            "close": "72.5526"
        },
        {
            "time": "06.06.2021 10:57",
            "open": "72.5526",
            "high": "72.5526",
            "low": "72.5526",
            "close": "72.7888"
        },
        {
            "time": "06.06.2021 11:02",
            "open": "72.7888",
            "high": "72.7888",
            "low": "72.7888",
            "close": "72.4776"
        },
        {
            "time": "06.06.2021 11:04",
            "open": "72.4776",
            "high": "72.4776",
            "low": "72.4776",
            "close": "72.3895"
        },
        {
            "time": "06.06.2021 11:09",
            "open": "72.3895",
            "high": "72.3895",
            "low": "72.2981",
            "close": "72.3751"
        },
        {
            "time": "06.06.2021 11:10",
            "open": "72.3751",
            "high": "72.3751",
            "low": "72.3751",
            "close": "72.4208"
        },
        {
            "time": "06.06.2021 11:14",
            "open": "72.4208",
            "high": "72.5163",
            "low": "72.4208",
            "close": "72.5738"
        },
        {
            "time": "06.06.2021 11:18",
            "open": "72.5738",
            "high": "72.5738",
            "low": "72.5738",
            "close": "72.6258"
        },
        {
            "time": "06.06.2021 11:34",
            "open": "72.6258",
            "high": "72.6481",
            "low": "72.6258",
            "close": "72.8167"
        },
        {
            "time": "06.06.2021 11:35",
            "open": "72.8167",
            "high": "72.8167",
            "low": "72.8167",
            "close": "72.6192"
        },
        {
            "time": "06.06.2021 11:39",
            "open": "72.6192",
            "high": "72.6192",
            "low": "72.5434",
            "close": "72.9196"
        },
        {
            "time": "06.06.2021 11:44",
            "open": "72.9196",
            "high": "72.9827",
            "low": "72.9196",
            "close": "72.6249"
        },
        {
            "time": "06.06.2021 11:47",
            "open": "72.6249",
            "high": "72.6249",
            "low": "72.6249",
            "close": "72.5582"
        },
        {
            "time": "06.06.2021 11:49",
            "open": "72.5582",
            "high": "72.5974",
            "low": "72.5582",
            "close": "72.7087"
        },
        {
            "time": "06.06.2021 11:52",
            "open": "72.7087",
            "high": "72.7087",
            "low": "72.7087",
            "close": "72.6582"
        },
        {
            "time": "06.06.2021 11:58",
            "open": "72.6582",
            "high": "72.6582",
            "low": "72.6582",
            "close": "72.6116"
        },
        {
            "time": "06.06.2021 12:00",
            "open": "72.6116",
            "high": "72.6116",
            "low": "72.5362",
            "close": "72.4549"
        },
        {
            "time": "06.06.2021 12:02",
            "open": "72.4549",
            "high": "72.4804",
            "low": "72.3784",
            "close": "72.5092"
        },
        {
            "time": "06.06.2021 12:05",
            "open": "72.5092",
            "high": "72.5092",
            "low": "72.5092",
            "close": "72.52"
        },
        {
            "time": "06.06.2021 12:06",
            "open": "72.52",
            "high": "72.52",
            "low": "72.52",
            "close": "72.2981"
        },
        {
            "time": "06.06.2021 12:17",
            "open": "72.2981",
            "high": "72.2981",
            "low": "72.1157",
            "close": "72.2131"
        },
        {
            "time": "06.06.2021 12:18",
            "open": "72.2131",
            "high": "72.2131",
            "low": "72.2131",
            "close": "72.2224"
        },
        {
            "time": "06.06.2021 12:20",
            "open": "72.2224",
            "high": "72.2224",
            "low": "72.1424",
            "close": "72.2807"
        },
        {
            "time": "06.06.2021 12:22",
            "open": "72.2807",
            "high": "72.2807",
            "low": "72.2807",
            "close": "72.3525"
        },
        {
            "time": "06.06.2021 12:24",
            "open": "72.3525",
            "high": "72.355",
            "low": "72.3525",
            "close": "72.2981"
        },
        {
            "time": "06.06.2021 12:25",
            "open": "72.2981",
            "high": "72.2981",
            "low": "72.2411",
            "close": "72.2356"
        },
        {
            "time": "06.06.2021 12:28",
            "open": "72.2356",
            "high": "72.2356",
            "low": "72.2356",
            "close": "72.2105"
        },
        {
            "time": "06.06.2021 12:31",
            "open": "72.2105",
            "high": "72.2105",
            "low": "72.2105",
            "close": "72.1416"
        },
        {
            "time": "06.06.2021 12:37",
            "open": "72.1416",
            "high": "72.1446",
            "low": "72.1416",
            "close": "72.0055"
        },
        {
            "time": "06.06.2021 12:39",
            "open": "72.0055",
            "high": "72.0055",
            "low": "71.7823",
            "close": "71.9865"
        },
        {
            "time": "06.06.2021 12:40",
            "open": "71.9865",
            "high": "71.9865",
            "low": "71.8533",
            "close": "71.96"
        },
        {
            "time": "06.06.2021 12:41",
            "open": "71.96",
            "high": "71.96",
            "low": "71.96",
            "close": "71.9724"
        },
        {
            "time": "06.06.2021 12:42",
            "open": "71.9724",
            "high": "71.9724",
            "low": "71.97",
            "close": "72.0662"
        },
        {
            "time": "06.06.2021 12:53",
            "open": "72.0662",
            "high": "72.0662",
            "low": "72.0662",
            "close": "72.0243"
        },
        {
            "time": "06.06.2021 12:54",
            "open": "72.0243",
            "high": "72.0281",
            "low": "72.0243",
            "close": "71.8865"
        },
        {
            "time": "06.06.2021 12:55",
            "open": "71.8865",
            "high": "71.8865",
            "low": "71.8552",
            "close": "72.0221"
        },
        {
            "time": "06.06.2021 12:57",
            "open": "72.0221",
            "high": "72.0221",
            "low": "72.0221",
            "close": "71.9452"
        },
        {
            "time": "06.06.2021 12:59",
            "open": "71.9452",
            "high": "71.9452",
            "low": "71.8025",
            "close": "71.998"
        },
        {
            "time": "06.06.2021 13:01",
            "open": "71.998",
            "high": "71.998",
            "low": "71.998",
            "close": "72.0122"
        },
        {
            "time": "06.06.2021 13:02",
            "open": "72.0122",
            "high": "72.0122",
            "low": "72.0122",
            "close": "71.8339"
        },
        {
            "time": "06.06.2021 13:08",
            "open": "71.8339",
            "high": "71.8339",
            "low": "71.8339",
            "close": "71.9178"
        },
        {
            "time": "06.06.2021 13:11",
            "open": "71.9178",
            "high": "71.9178",
            "low": "71.9178",
            "close": "71.9111"
        },
        {
            "time": "06.06.2021 13:16",
            "open": "71.9111",
            "high": "71.9111",
            "low": "71.9111",
            "close": "71.8676"
        },
        {
            "time": "06.06.2021 13:17",
            "open": "71.8676",
            "high": "71.8676",
            "low": "71.8676",
            "close": "71.6281"
        },
        {
            "time": "06.06.2021 13:20",
            "open": "71.6281",
            "high": "71.6281",
            "low": "71.6279",
            "close": "71.7218"
        },
        {
            "time": "06.06.2021 13:21",
            "open": "71.7218",
            "high": "71.7218",
            "low": "71.7218",
            "close": "72.0112"
        },
        {
            "time": "06.06.2021 13:25",
            "open": "72.0112",
            "high": "72.0112",
            "low": "72.0112",
            "close": "71.9997"
        },
        {
            "time": "06.06.2021 13:27",
            "open": "71.9997",
            "high": "71.9997",
            "low": "71.9997",
            "close": "72.0253"
        },
        {
            "time": "06.06.2021 13:30",
            "open": "72.0253",
            "high": "72.0377",
            "low": "72.0253",
            "close": "71.8935"
        },
        {
            "time": "06.06.2021 13:33",
            "open": "71.8935",
            "high": "71.8935",
            "low": "71.8935",
            "close": "71.9083"
        },
        {
            "time": "06.06.2021 13:35",
            "open": "71.9083",
            "high": "71.9083",
            "low": "71.9083",
            "close": "71.9752"
        },
        {
            "time": "06.06.2021 13:40",
            "open": "71.9752",
            "high": "71.9752",
            "low": "71.9752",
            "close": "72.2807"
        },
        {
            "time": "06.06.2021 13:45",
            "open": "72.2807",
            "high": "72.2807",
            "low": "72.2807",
            "close": "72.2884"
        },
        {
            "time": "06.06.2021 13:46",
            "open": "72.2884",
            "high": "72.2884",
            "low": "72.2884",
            "close": "72.4248"
        },
        {
            "time": "06.06.2021 13:47",
            "open": "72.4248",
            "high": "72.4248",
            "low": "72.4223",
            "close": "72.2128"
        },
        {
            "time": "06.06.2021 13:50",
            "open": "72.2128",
            "high": "72.2571",
            "low": "72.2128",
            "close": "72.347"
        },
        {
            "time": "06.06.2021 13:54",
            "open": "72.347",
            "high": "72.3471",
            "low": "72.2533",
            "close": "72.0415"
        },
        {
            "time": "06.06.2021 13:57",
            "open": "72.0415",
            "high": "72.0415",
            "low": "72.0407",
            "close": "71.9653"
        },
        {
            "time": "06.06.2021 14:02",
            "open": "71.9653",
            "high": "71.9653",
            "low": "71.9653",
            "close": "72.0199"
        },
        {
            "time": "06.06.2021 14:03",
            "open": "72.0199",
            "high": "72.0199",
            "low": "72.0199",
            "close": "72.1086"
        },
        {
            "time": "06.06.2021 14:08",
            "open": "72.1086",
            "high": "72.1086",
            "low": "72.1086",
            "close": "72.2807"
        },
        {
            "time": "06.06.2021 14:14",
            "open": "72.2807",
            "high": "72.2807",
            "low": "72.2807",
            "close": "72.2806"
        },
        {
            "time": "06.06.2021 14:15",
            "open": "72.2806",
            "high": "72.2806",
            "low": "72.2806",
            "close": "72.206"
        },
        {
            "time": "06.06.2021 14:17",
            "open": "72.206",
            "high": "72.206",
            "low": "72.206",
            "close": "72.1882"
        },
        {
            "time": "06.06.2021 14:23",
            "open": "72.1882",
            "high": "72.1882",
            "low": "72.0917",
            "close": "72.2807"
        },
        {
            "time": "06.06.2021 14:24",
            "open": "72.2807",
            "high": "72.3004",
            "low": "72.2807",
            "close": "72.2981"
        },
        {
            "time": "06.06.2021 14:25",
            "open": "72.2981",
            "high": "72.3562",
            "low": "72.2981",
            "close": "72.5374"
        },
        {
            "time": "06.06.2021 14:29",
            "open": "72.5374",
            "high": "72.5374",
            "low": "72.5374",
            "close": "72.1004"
        },
        {
            "time": "06.06.2021 14:40",
            "open": "72.1004",
            "high": "72.1004",
            "low": "72.1004",
            "close": "72.2542"
        },
        {
            "time": "06.06.2021 14:43",
            "open": "72.2542",
            "high": "72.2542",
            "low": "72.2542",
            "close": "72.204"
        },
        {
            "time": "06.06.2021 14:46",
            "open": "72.204",
            "high": "72.2807",
            "low": "72.204",
            "close": "72.2335"
        },
        {
            "time": "06.06.2021 14:53",
            "open": "72",
            "high": "72",
            "low": "72",
            "close": "72.0026"
        },
        {
            "time": "06.06.2021 14:55",
            "open": "72.0026",
            "high": "72.0026",
            "low": "72.0026",
            "close": "72.0213"
        },
        {
            "time": "06.06.2021 14:56",
            "open": "72.0213",
            "high": "72.0735",
            "low": "72.0213",
            "close": "72.2807"
        },
        {
            "time": "06.06.2021 15:04",
            "open": "72.2807",
            "high": "72.2807",
            "low": "72.2807",
            "close": "72.4697"
        },
        {
            "time": "06.06.2021 15:06",
            "open": "72.4697",
            "high": "72.4697",
            "low": "72.4697",
            "close": "72.5265"
        },
        {
            "time": "06.06.2021 15:08",
            "open": "72.5265",
            "high": "72.5265",
            "low": "72.5265",
            "close": "72.2981"
        },
        {
            "time": "06.06.2021 15:15",
            "open": "72.2981",
            "high": "72.2981",
            "low": "72.2981",
            "close": "72.0524"
        },
        {
            "time": "06.06.2021 15:17",
            "open": "72.0524",
            "high": "72.1035",
            "low": "72.0228",
            "close": "72.0238"
        },
        {
            "time": "06.06.2021 15:18",
            "open": "72.0238",
            "high": "72.0238",
            "low": "72.0238",
            "close": "71.9663"
        },
        {
            "time": "06.06.2021 15:20",
            "open": "71.9663",
            "high": "71.9663",
            "low": "71.9663",
            "close": "71.906"
        },
        {
            "time": "06.06.2021 15:24",
            "open": "71.906",
            "high": "71.906",
            "low": "71.906",
            "close": "72.0383"
        },
        {
            "time": "06.06.2021 15:43",
            "open": "72.0383",
            "high": "72.0525",
            "low": "71.9903",
            "close": "71.7685"
        },
        {
            "time": "06.06.2021 15:49",
            "open": "71.7685",
            "high": "71.8044",
            "low": "71.7685",
            "close": "71.6281"
        },
        {
            "time": "06.06.2021 15:50",
            "open": "71.6281",
            "high": "71.6281",
            "low": "71.6281",
            "close": "71.8295"
        },
        {
            "time": "06.06.2021 15:54",
            "open": "71.8295",
            "high": "71.8295",
            "low": "71.8295",
            "close": "71.8052"
        },
        {
            "time": "06.06.2021 15:55",
            "open": "71.8052",
            "high": "71.8053",
            "low": "71.8052",
            "close": "71.5595"
        },
        {
            "time": "06.06.2021 15:57",
            "open": "71.5595",
            "high": "71.5595",
            "low": "71.5595",
            "close": "71.5434"
        },
        {
            "time": "06.06.2021 16:00",
            "open": "71.5434",
            "high": "71.5434",
            "low": "71.5434",
            "close": "71.6762"
        },
        {
            "time": "06.06.2021 16:01",
            "open": "71.6762",
            "high": "71.6762",
            "low": "71.6623",
            "close": "71.4541"
        },
        {
            "time": "06.06.2021 16:05",
            "open": "71.4541",
            "high": "71.4541",
            "low": "71.4367",
            "close": "71.527"
        },
        {
            "time": "06.06.2021 16:06",
            "open": "71.527",
            "high": "71.527",
            "low": "71.527",
            "close": "71.5056"
        },
        {
            "time": "06.06.2021 16:08",
            "open": "71.5056",
            "high": "71.5056",
            "low": "71.5056",
            "close": "71.4793"
        },
        {
            "time": "06.06.2021 16:09",
            "open": "71.4793",
            "high": "71.4793",
            "low": "71.4793",
            "close": "71.4544"
        },
        {
            "time": "06.06.2021 16:11",
            "open": "71.4544",
            "high": "71.4544",
            "low": "71.4544",
            "close": "71.3934"
        },
        {
            "time": "06.06.2021 16:16",
            "open": "71.3934",
            "high": "71.3934",
            "low": "71.3934",
            "close": "71.6936"
        },
        {
            "time": "06.06.2021 16:33",
            "open": "71.6936",
            "high": "71.6936",
            "low": "71.6936",
            "close": "71.7297"
        },
        {
            "time": "06.06.2021 16:36",
            "open": "71.7297",
            "high": "71.7297",
            "low": "71.7297",
            "close": "71.8205"
        },
        {
            "time": "06.06.2021 16:40",
            "open": "71.8205",
            "high": "71.8321",
            "low": "71.8205",
            "close": "71.7558"
        },
        {
            "time": "06.06.2021 16:43",
            "open": "71.7558",
            "high": "71.7558",
            "low": "71.7558",
            "close": "72.2807"
        },
        {
            "time": "06.06.2021 16:51",
            "open": "72.2807",
            "high": "72.2807",
            "low": "72.2807",
            "close": "72.0522"
        },
        {
            "time": "06.06.2021 16:53",
            "open": "72.0522",
            "high": "72.0522",
            "low": "72.0522",
            "close": "72.3092"
        },
        {
            "time": "06.06.2021 16:55",
            "open": "72.3092",
            "high": "72.3092",
            "low": "72.3044",
            "close": "72.1799"
        },
        {
            "time": "06.06.2021 16:59",
            "open": "72.1799",
            "high": "72.1799",
            "low": "72.1799",
            "close": "72.1683"
        },
        {
            "time": "06.06.2021 17:00",
            "open": "72.1683",
            "high": "72.1683",
            "low": "72.1683",
            "close": "72.1682"
        },
        {
            "time": "06.06.2021 17:01",
            "open": "72.1682",
            "high": "72.1682",
            "low": "72.1682",
            "close": "72.1682"
        },
        {
            "time": "06.06.2021 17:02",
            "open": "72.1682",
            "high": "72.347",
            "low": "72.1682",
            "close": "72.4266"
        },
        {
            "time": "06.06.2021 17:03",
            "open": "72.4266",
            "high": "72.6032",
            "low": "72.4266",
            "close": "72.4694"
        },
        {
            "time": "06.06.2021 17:08",
            "open": "72.4694",
            "high": "72.4694",
            "low": "72.4694",
            "close": "72.4693"
        },
        {
            "time": "06.06.2021 17:10",
            "open": "72.4693",
            "high": "72.4809",
            "low": "72.4693",
            "close": "72.4437"
        },
        {
            "time": "06.06.2021 17:11",
            "open": "72.4437",
            "high": "72.4437",
            "low": "72.4437",
            "close": "72.4732"
        },
        {
            "time": "06.06.2021 17:14",
            "open": "72.4732",
            "high": "72.4732",
            "low": "72.4732",
            "close": "72.2981"
        },
        {
            "time": "06.06.2021 17:15",
            "open": "72.2981",
            "high": "72.2981",
            "low": "72.2758",
            "close": "72.1165"
        },
        {
            "time": "06.06.2021 17:18",
            "open": "72.1165",
            "high": "72.1165",
            "low": "72.1165",
            "close": "72.2516"
        },
        {
            "time": "06.06.2021 17:21",
            "open": "72.2516",
            "high": "72.2704",
            "low": "72.2516",
            "close": "72.2446"
        },
        {
            "time": "06.06.2021 17:24",
            "open": "72.2446",
            "high": "72.2446",
            "low": "72.2446",
            "close": "72.2807"
        },
        {
            "time": "06.06.2021 17:27",
            "open": "72.2807",
            "high": "72.2814",
            "low": "72.2807",
            "close": "72.1438"
        },
        {
            "time": "06.06.2021 17:29",
            "open": "72.1438",
            "high": "72.1438",
            "low": "72.1438",
            "close": "72.1437"
        },
        {
            "time": "06.06.2021 17:33",
            "open": "72.1437",
            "high": "72.201",
            "low": "72.0175",
            "close": "72.1195"
        },
        {
            "time": "06.06.2021 17:37",
            "open": "72.1195",
            "high": "72.1195",
            "low": "72.1195",
            "close": "72.0579"
        },
        {
            "time": "06.06.2021 17:38",
            "open": "72.0579",
            "high": "72.0579",
            "low": "72.0579",
            "close": "72.0341"
        },
        {
            "time": "06.06.2021 17:40",
            "open": "72.0341",
            "high": "72.0341",
            "low": "72.0341",
            "close": "72.1121"
        },
        {
            "time": "06.06.2021 17:47",
            "open": "72.1121",
            "high": "72.1173",
            "low": "72.1121",
            "close": "72.1157"
        },
        {
            "time": "06.06.2021 17:48",
            "open": "72.1157",
            "high": "72.1157",
            "low": "72.1157",
            "close": "72.2309"
        },
        {
            "time": "06.06.2021 17:52",
            "open": "72.2309",
            "high": "72.2989",
            "low": "72.2309",
            "close": "72.4359"
        },
        {
            "time": "06.06.2021 17:53",
            "open": "72.4359",
            "high": "72.4359",
            "low": "72.4359",
            "close": "72.4242"
        },
        {
            "time": "06.06.2021 18:00",
            "open": "72.4242",
            "high": "72.4242",
            "low": "72.2289",
            "close": "72.2807"
        },
        {
            "time": "06.06.2021 18:05",
            "open": "72.2807",
            "high": "72.3469",
            "low": "72.2807",
            "close": "72.549"
        },
        {
            "time": "06.06.2021 18:06",
            "open": "72.549",
            "high": "72.6682",
            "low": "72.5489",
            "close": "72.2897"
        },
        {
            "time": "06.06.2021 18:09",
            "open": "72.2897",
            "high": "72.2897",
            "low": "72.2355",
            "close": "72.1934"
        },
        {
            "time": "06.06.2021 18:10",
            "open": "72.1934",
            "high": "72.1934",
            "low": "72.1934",
            "close": "72.086"
        },
        {
            "time": "06.06.2021 18:15",
            "open": "72.086",
            "high": "72.086",
            "low": "72.086",
            "close": "71.9703"
        },
        {
            "time": "06.06.2021 18:16",
            "open": "71.9703",
            "high": "72.0436",
            "low": "71.9703",
            "close": "72.0063"
        },
        {
            "time": "06.06.2021 18:17",
            "open": "72.0063",
            "high": "72.0063",
            "low": "72.0063",
            "close": "71.8009"
        },
        {
            "time": "06.06.2021 18:20",
            "open": "71.8009",
            "high": "71.8009",
            "low": "71.8009",
            "close": "71.8348"
        },
        {
            "time": "06.06.2021 18:21",
            "open": "71.8348",
            "high": "71.8348",
            "low": "71.8348",
            "close": "71.8351"
        },
        {
            "time": "06.06.2021 18:27",
            "open": "71.8351",
            "high": "71.8407",
            "low": "71.8351",
            "close": "71.8584"
        },
        {
            "time": "06.06.2021 18:29",
            "open": "71.8584",
            "high": "71.8584",
            "low": "71.8584",
            "close": "71.9852"
        },
        {
            "time": "06.06.2021 18:32",
            "open": "71.9852",
            "high": "71.9852",
            "low": "71.9852",
            "close": "72.0977"
        },
        {
            "time": "06.06.2021 18:36",
            "open": "72.0977",
            "high": "72.0977",
            "low": "72.0977",
            "close": "72.1776"
        },
        {
            "time": "06.06.2021 18:38",
            "open": "72.1776",
            "high": "72.1777",
            "low": "72.1776",
            "close": "72.0048"
        },
        {
            "time": "06.06.2021 18:47",
            "open": "72.0048",
            "high": "72.0049",
            "low": "72.0048",
            "close": "71.9385"
        },
        {
            "time": "06.06.2021 18:48",
            "open": "71.9385",
            "high": "72.0429",
            "low": "71.9385",
            "close": "72.0286"
        },
        {
            "time": "06.06.2021 18:49",
            "open": "72.0286",
            "high": "72.6874",
            "low": "71.9446",
            "close": "72.0837"
        },
        {
            "time": "06.06.2021 18:50",
            "open": "72.0837",
            "high": "72.0837",
            "low": "72.0837",
            "close": "72.0472"
        },
        {
            "time": "06.06.2021 18:51",
            "open": "72.0472",
            "high": "72.0472",
            "low": "72.0472",
            "close": "71.8864"
        },
        {
            "time": "06.06.2021 18:52",
            "open": "71.8864",
            "high": "71.8864",
            "low": "71.8864",
            "close": "72.0456"
        },
        {
            "time": "06.06.2021 18:54",
            "open": "72.0456",
            "high": "72.0741",
            "low": "72.0456",
            "close": "72.0893"
        },
        {
            "time": "06.06.2021 18:58",
            "open": "72.0893",
            "high": "72.0893",
            "low": "72.0893",
            "close": "71.9931"
        },
        {
            "time": "06.06.2021 18:59",
            "open": "71.9931",
            "high": "71.9931",
            "low": "71.9931",
            "close": "71.9982"
        },
        {
            "time": "06.06.2021 19:02",
            "open": "71.9982",
            "high": "71.9982",
            "low": "71.9982",
            "close": "71.9703"
        },
        {
            "time": "06.06.2021 19:03",
            "open": "71.9703",
            "high": "71.9703",
            "low": "71.8739",
            "close": "71.7871"
        },
        {
            "time": "06.06.2021 19:05",
            "open": "71.7871",
            "high": "71.7871",
            "low": "71.7749",
            "close": "71.7939"
        },
        {
            "time": "06.06.2021 19:14",
            "open": "71.7939",
            "high": "71.7939",
            "low": "71.7939",
            "close": "71.7674"
        },
        {
            "time": "06.06.2021 19:16",
            "open": "71.7674",
            "high": "71.7674",
            "low": "71.7674",
            "close": "71.7351"
        },
        {
            "time": "06.06.2021 19:22",
            "open": "71.7351",
            "high": "71.8216",
            "low": "71.7351",
            "close": "71.6685"
        },
        {
            "time": "06.06.2021 19:23",
            "open": "71.6685",
            "high": "71.6685",
            "low": "71.6685",
            "close": "71.6281"
        },
        {
            "time": "06.06.2021 19:24",
            "open": "71.6281",
            "high": "71.6281",
            "low": "71.6281",
            "close": "71.711"
        },
        {
            "time": "06.06.2021 19:28",
            "open": "71.711",
            "high": "71.711",
            "low": "71.711",
            "close": "71.6575"
        },
        {
            "time": "06.06.2021 19:29",
            "open": "71.6575",
            "high": "71.6578",
            "low": "71.6575",
            "close": "71.7082"
        },
        {
            "time": "06.06.2021 19:31",
            "open": "71.7082",
            "high": "71.7082",
            "low": "71.7082",
            "close": "71.683"
        },
        {
            "time": "06.06.2021 19:34",
            "open": "71.683",
            "high": "71.683",
            "low": "71.683",
            "close": "71.5988"
        },
        {
            "time": "06.06.2021 19:42",
            "open": "71.5988",
            "high": "71.5988",
            "low": "71.5988",
            "close": "71.6476"
        },
        {
            "time": "06.06.2021 19:47",
            "open": "71.6476",
            "high": "71.6476",
            "low": "71.6476",
            "close": "71.5298"
        },
        {
            "time": "06.06.2021 19:48",
            "open": "71.5298",
            "high": "71.5298",
            "low": "71.5142",
            "close": "71.6381"
        },
        {
            "time": "06.06.2021 19:53",
            "open": "71.6381",
            "high": "71.6381",
            "low": "71.6381",
            "close": "71.53"
        },
        {
            "time": "06.06.2021 20:04",
            "open": "71.53",
            "high": "71.53",
            "low": "71.53",
            "close": "71.5929"
        },
        {
            "time": "06.06.2021 20:24",
            "open": "71.5929",
            "high": "71.5929",
            "low": "71.5929",
            "close": "71.5676"
        },
        {
            "time": "06.06.2021 20:44",
            "open": "71.5676",
            "high": "71.5676",
            "low": "71.5676",
            "close": "71.6598"
        },
        {
            "time": "06.06.2021 20:47",
            "open": "71.6598",
            "high": "71.6653",
            "low": "71.6304",
            "close": "71.6086"
        },
        {
            "time": "06.06.2021 20:50",
            "open": "71.6086",
            "high": "71.6086",
            "low": "71.6086",
            "close": "71.575"
        },
        {
            "time": "06.06.2021 20:51",
            "open": "71.575",
            "high": "71.575",
            "low": "71.575",
            "close": "71.5321"
        },
        {
            "time": "06.06.2021 20:53",
            "open": "71.5321",
            "high": "71.6216",
            "low": "71.5321",
            "close": "71.6213"
        },
        {
            "time": "06.06.2021 20:54",
            "open": "71.6213",
            "high": "71.6213",
            "low": "71.6213",
            "close": "71.464"
        },
        {
            "time": "06.06.2021 21:10",
            "open": "71.464",
            "high": "71.464",
            "low": "71.464",
            "close": "71.4544"
        },
        {
            "time": "06.06.2021 21:11",
            "open": "71.4544",
            "high": "71.4544",
            "low": "71.4544",
            "close": "71.5066"
        },
        {
            "time": "06.06.2021 21:12",
            "open": "71.5066",
            "high": "71.5066",
            "low": "71.5066",
            "close": "71.4541"
        },
        {
            "time": "06.06.2021 21:13",
            "open": "71.4541",
            "high": "71.4541",
            "low": "71.4401",
            "close": "71.4401"
        },
        {
            "time": "06.06.2021 21:18",
            "open": "71.4401",
            "high": "71.4401",
            "low": "71.4401",
            "close": "71.3373"
        },
        {
            "time": "06.06.2021 21:22",
            "open": "71.3373",
            "high": "71.3373",
            "low": "71.3373",
            "close": "71.3373"
        },
        {
            "time": "06.06.2021 21:31",
            "open": "71.3373",
            "high": "71.3373",
            "low": "71.0921",
            "close": "71.0657"
        },
        {
            "time": "06.06.2021 21:33",
            "open": "71.0657",
            "high": "71.0807",
            "low": "71.0657",
            "close": "71.0274"
        },
        {
            "time": "06.06.2021 21:34",
            "open": "71.0274",
            "high": "71.0274",
            "low": "71.0274",
            "close": "71.0065"
        },
        {
            "time": "06.06.2021 21:36",
            "open": "71.0065",
            "high": "71.0129",
            "low": "71.0065",
            "close": "71.0293"
        },
        {
            "time": "06.06.2021 21:42",
            "open": "71.0293",
            "high": "71.0293",
            "low": "71.0293",
            "close": "70.9173"
        },
        {
            "time": "06.06.2021 21:45",
            "open": "70.9173",
            "high": "70.9173",
            "low": "70.9",
            "close": "70.948"
        },
        {
            "time": "06.06.2021 21:46",
            "open": "70.948",
            "high": "70.9889",
            "low": "70.9084",
            "close": "71.0003"
        },
        {
            "time": "06.06.2021 21:50",
            "open": "71.0003",
            "high": "71.0003",
            "low": "71.0003",
            "close": "70.9138"
        },
        {
            "time": "06.06.2021 21:54",
            "open": "70.9138",
            "high": "70.9138",
            "low": "70.9138",
            "close": "70.8792"
        },
        {
            "time": "06.06.2021 21:56",
            "open": "70.8792",
            "high": "70.8792",
            "low": "70.8792",
            "close": "71.0596"
        },
        {
            "time": "06.06.2021 21:58",
            "open": "71.0596",
            "high": "71.0596",
            "low": "71.0596",
            "close": "70.8812"
        },
        {
            "time": "06.06.2021 22:08",
            "open": "70.8812",
            "high": "70.8897",
            "low": "70.8812",
            "close": "70.9749"
        },
        {
            "time": "06.06.2021 22:11",
            "open": "70.9749",
            "high": "70.9749",
            "low": "70.9749",
            "close": "70.9481"
        },
        {
            "time": "06.06.2021 22:16",
            "open": "70.9481",
            "high": "70.9481",
            "low": "70.9481",
            "close": "70.9209"
        },
        {
            "time": "06.06.2021 22:18",
            "open": "70.9209",
            "high": "70.9209",
            "low": "70.9209",
            "close": "70.9209"
        },
        {
            "time": "06.06.2021 22:19",
            "open": "70.9209",
            "high": "70.9209",
            "low": "70.9209",
            "close": "70.9075"
        },
        {
            "time": "06.06.2021 22:20",
            "open": "70.9075",
            "high": "70.9075",
            "low": "70.9075",
            "close": "71.1137"
        },
        {
            "time": "06.06.2021 22:24",
            "open": "71.1137",
            "high": "71.1137",
            "low": "71.1137",
            "close": "71.082"
        },
        {
            "time": "06.06.2021 22:28",
            "open": "71.082",
            "high": "71.082",
            "low": "71.082",
            "close": "71.0152"
        },
        {
            "time": "06.06.2021 22:30",
            "open": "71.0152",
            "high": "71.1104",
            "low": "71.0152",
            "close": "70.9916"
        },
        {
            "time": "06.06.2021 22:33",
            "open": "70.9916",
            "high": "70.9916",
            "low": "70.9916",
            "close": "70.9619"
        },
        {
            "time": "06.06.2021 22:40",
            "open": "70.9619",
            "high": "70.9619",
            "low": "70.9619",
            "close": "70.9272"
        },
        {
            "time": "06.06.2021 22:43",
            "open": "70.9272",
            "high": "71.0003",
            "low": "70.9272",
            "close": "70.9109"
        },
        {
            "time": "06.06.2021 22:45",
            "open": "70.9109",
            "high": "70.9109",
            "low": "70.9109",
            "close": "70.96"
        },
        {
            "time": "06.06.2021 22:46",
            "open": "70.96",
            "high": "70.96",
            "low": "70.96",
            "close": "70.9985"
        },
        {
            "time": "06.06.2021 22:49",
            "open": "70.9985",
            "high": "70.9985",
            "low": "70.9985",
            "close": "71.0298"
        },
        {
            "time": "06.06.2021 22:52",
            "open": "71.0298",
            "high": "71.0298",
            "low": "71.0298",
            "close": "71.2277"
        },
        {
            "time": "06.06.2021 23:00",
            "open": "71.2277",
            "high": "71.2385",
            "low": "71.2277",
            "close": "71.1931"
        },
        {
            "time": "06.06.2021 23:01",
            "open": "71.1931",
            "high": "71.1931",
            "low": "71.1931",
            "close": "71.2559"
        },
        {
            "time": "06.06.2021 23:03",
            "open": "71.2559",
            "high": "71.2559",
            "low": "71.2559",
            "close": "71.221"
        },
        {
            "time": "06.06.2021 23:04",
            "open": "71.221",
            "high": "71.2441",
            "low": "71.221",
            "close": "71.1205"
        },
        {
            "time": "06.06.2021 23:05",
            "open": "71.1205",
            "high": "71.1205",
            "low": "71.0942",
            "close": "71.1951"
        },
        {
            "time": "06.06.2021 23:09",
            "open": "71.1951",
            "high": "71.2106",
            "low": "71.1951",
            "close": "71.2493"
        },
        {
            "time": "06.06.2021 23:10",
            "open": "71.2493",
            "high": "71.2863",
            "low": "71.2493",
            "close": "71.3048"
        },
        {
            "time": "06.06.2021 23:12",
            "open": "71.3048",
            "high": "71.3558",
            "low": "71.3048",
            "close": "71.3566"
        },
        {
            "time": "06.06.2021 23:13",
            "open": "71.3566",
            "high": "71.3566",
            "low": "71.3418",
            "close": "71.3521"
        },
        {
            "time": "06.06.2021 23:14",
            "open": "71.3521",
            "high": "71.3521",
            "low": "71.3521",
            "close": "71.2628"
        },
        {
            "time": "06.06.2021 23:15",
            "open": "71.2628",
            "high": "71.2628",
            "low": "71.2611",
            "close": "71.3052"
        },
        {
            "time": "06.06.2021 23:24",
            "open": "71.3052",
            "high": "71.3052",
            "low": "71.3052",
            "close": "71.4079"
        },
        {
            "time": "06.06.2021 23:27",
            "open": "71.4079",
            "high": "71.4079",
            "low": "71.4079",
            "close": "71.4079"
        },
        {
            "time": "06.06.2021 23:30",
            "open": "71.4079",
            "high": "71.4079",
            "low": "71.4079",
            "close": "71.4886"
        },
        {
            "time": "06.06.2021 23:35",
            "open": "71.4886",
            "high": "71.4886",
            "low": "71.4886",
            "close": "71.5717"
        },
        {
            "time": "06.06.2021 23:38",
            "open": "71.5717",
            "high": "71.5717",
            "low": "71.5717",
            "close": "71.5379"
        },
        {
            "time": "06.06.2021 23:41",
            "open": "71.5379",
            "high": "71.5379",
            "low": "71.4678",
            "close": "71.3739"
        },
        {
            "time": "06.06.2021 23:50",
            "open": "71.3739",
            "high": "71.3739",
            "low": "71.3739",
            "close": "71.2585"
        },
        {
            "time": "06.06.2021 23:51",
            "open": "71.2585",
            "high": "71.2585",
            "low": "71.2585",
            "close": "71.3965"
        }
    ]
}