{
    "FIL-EUR": [
        {
            "time": "13.07.2021 23:39",
            "open": "42.7684",
            "high": "42.7684",
            "low": "42.7684",
            "close": "43.05"
        },
        {
            "time": "14.07.2021 00:14",
            "open": "43.05",
            "high": "43.05",
            "low": "43.05",
            "close": "43.1"
        },
        {
            "time": "14.07.2021 00:21",
            "open": "43.1",
            "high": "43.1",
            "low": "43.1",
            "close": "43.15"
        },
        {
            "time": "14.07.2021 00:24",
            "open": "43.15",
            "high": "43.15",
            "low": "43.15",
            "close": "43.15"
        },
        {
            "time": "14.07.2021 00:33",
            "open": "43.15",
            "high": "43.15",
            "low": "43.15",
            "close": "43.1425"
        },
        {
            "time": "14.07.2021 00:34",
            "open": "43.1425",
            "high": "43.1425",
            "low": "43.1425",
            "close": "43.1352"
        },
        {
            "time": "14.07.2021 00:36",
            "open": "43.1352",
            "high": "43.1352",
            "low": "43.1308",
            "close": "43.0119"
        },
        {
            "time": "14.07.2021 00:45",
            "open": "43.0119",
            "high": "43.0119",
            "low": "43.0119",
            "close": "42.85"
        },
        {
            "time": "14.07.2021 00:50",
            "open": "42.85",
            "high": "42.85",
            "low": "42.85",
            "close": "42.85"
        },
        {
            "time": "14.07.2021 00:52",
            "open": "42.85",
            "high": "42.85",
            "low": "42.85",
            "close": "42.8"
        },
        {
            "time": "14.07.2021 00:53",
            "open": "42.8",
            "high": "42.8",
            "low": "42.8",
            "close": "43.0358"
        },
        {
            "time": "14.07.2021 01:01",
            "open": "43.0358",
            "high": "43.0358",
            "low": "43.0358",
            "close": "42.9505"
        },
        {
            "time": "14.07.2021 01:03",
            "open": "42.9505",
            "high": "42.9505",
            "low": "42.9505",
            "close": "43.1"
        },
        {
            "time": "14.07.2021 01:10",
            "open": "43.1",
            "high": "43.1",
            "low": "43.1",
            "close": "43.15"
        },
        {
            "time": "14.07.2021 01:13",
            "open": "43.15",
            "high": "43.15",
            "low": "43.15",
            "close": "43.2"
        },
        {
            "time": "14.07.2021 01:16",
            "open": "43.2",
            "high": "43.2",
            "low": "43.2",
            "close": "43.25"
        },
        {
            "time": "14.07.2021 01:17",
            "open": "43.25",
            "high": "43.25",
            "low": "43.25",
            "close": "43.2479"
        },
        {
            "time": "14.07.2021 01:22",
            "open": "43.2479",
            "high": "43.2479",
            "low": "43.2479",
            "close": "43.1448"
        },
        {
            "time": "14.07.2021 01:28",
            "open": "43.1448",
            "high": "43.1448",
            "low": "43.1448",
            "close": "43.1448"
        },
        {
            "time": "14.07.2021 01:38",
            "open": "43.1448",
            "high": "43.1448",
            "low": "43.1448",
            "close": "43.3"
        },
        {
            "time": "14.07.2021 02:04",
            "open": "43.3",
            "high": "43.3",
            "low": "43.3",
            "close": "43.348"
        },
        {
            "time": "14.07.2021 02:05",
            "open": "43.348",
            "high": "43.348",
            "low": "43.348",
            "close": "43.3249"
        },
        {
            "time": "14.07.2021 02:06",
            "open": "43.3249",
            "high": "43.3249",
            "low": "43.3249",
            "close": "43.35"
        },
        {
            "time": "14.07.2021 02:07",
            "open": "43.35",
            "high": "43.35",
            "low": "43.35",
            "close": "43.4"
        },
        {
            "time": "14.07.2021 02:10",
            "open": "43.4",
            "high": "43.45",
            "low": "43.4",
            "close": "43.15"
        },
        {
            "time": "14.07.2021 02:21",
            "open": "43.15",
            "high": "43.15",
            "low": "43.15",
            "close": "43.1"
        },
        {
            "time": "14.07.2021 02:25",
            "open": "43.1",
            "high": "43.1",
            "low": "43.05",
            "close": "43"
        },
        {
            "time": "14.07.2021 02:28",
            "open": "43",
            "high": "43",
            "low": "42.95",
            "close": "42.9"
        },
        {
            "time": "14.07.2021 02:32",
            "open": "42.9",
            "high": "42.9",
            "low": "42.9",
            "close": "42.85"
        },
        {
            "time": "14.07.2021 02:33",
            "open": "42.85",
            "high": "42.85",
            "low": "42.6564",
            "close": "42.65"
        },
        {
            "time": "14.07.2021 02:34",
            "open": "42.65",
            "high": "42.65",
            "low": "42.6006",
            "close": "42.6309"
        },
        {
            "time": "14.07.2021 02:36",
            "open": "42.6309",
            "high": "42.6309",
            "low": "42.6",
            "close": "42.589"
        },
        {
            "time": "14.07.2021 02:37",
            "open": "42.589",
            "high": "42.589",
            "low": "42.589",
            "close": "42.55"
        },
        {
            "time": "14.07.2021 02:39",
            "open": "42.55",
            "high": "42.55",
            "low": "42.45",
            "close": "42.4"
        },
        {
            "time": "14.07.2021 02:43",
            "open": "42.4",
            "high": "42.468",
            "low": "42.4",
            "close": "42.4414"
        },
        {
            "time": "14.07.2021 02:45",
            "open": "42.4414",
            "high": "42.4414",
            "low": "42.4414",
            "close": "42.35"
        },
        {
            "time": "14.07.2021 02:46",
            "open": "42.35",
            "high": "42.35",
            "low": "41.7206",
            "close": "41.9463"
        },
        {
            "time": "14.07.2021 02:47",
            "open": "41.9463",
            "high": "42.15",
            "low": "41.8322",
            "close": "42.2"
        },
        {
            "time": "14.07.2021 02:48",
            "open": "42.2",
            "high": "42.2",
            "low": "42.2",
            "close": "41.9986"
        },
        {
            "time": "14.07.2021 02:54",
            "open": "41.9986",
            "high": "41.9986",
            "low": "41.9986",
            "close": "41.9"
        },
        {
            "time": "14.07.2021 02:55",
            "open": "41.9",
            "high": "41.9",
            "low": "41.8803",
            "close": "42.0121"
        },
        {
            "time": "14.07.2021 02:57",
            "open": "42.0121",
            "high": "42.0121",
            "low": "42.0121",
            "close": "42.012"
        },
        {
            "time": "14.07.2021 03:00",
            "open": "42.012",
            "high": "42.012",
            "low": "42.012",
            "close": "42.012"
        },
        {
            "time": "14.07.2021 03:01",
            "open": "42.012",
            "high": "42.012",
            "low": "42.012",
            "close": "42.012"
        },
        {
            "time": "14.07.2021 03:03",
            "open": "42.012",
            "high": "42.0121",
            "low": "42.012",
            "close": "41.85"
        },
        {
            "time": "14.07.2021 03:12",
            "open": "41.85",
            "high": "41.85",
            "low": "41.8",
            "close": "41.5714"
        },
        {
            "time": "14.07.2021 03:14",
            "open": "41.5714",
            "high": "41.617",
            "low": "41.5714",
            "close": "41.75"
        },
        {
            "time": "14.07.2021 03:15",
            "open": "41.75",
            "high": "41.8",
            "low": "41.75",
            "close": "41.85"
        },
        {
            "time": "14.07.2021 03:18",
            "open": "41.85",
            "high": "41.85",
            "low": "41.85",
            "close": "41.9"
        },
        {
            "time": "14.07.2021 03:19",
            "open": "41.9",
            "high": "41.9",
            "low": "41.9",
            "close": "41.95"
        },
        {
            "time": "14.07.2021 03:20",
            "open": "41.95",
            "high": "42.05",
            "low": "41.95",
            "close": "42.1"
        },
        {
            "time": "14.07.2021 03:38",
            "open": "42.1",
            "high": "42.1",
            "low": "42.1",
            "close": "42.15"
        },
        {
            "time": "14.07.2021 03:39",
            "open": "42.15",
            "high": "42.25",
            "low": "42.15",
            "close": "42.2707"
        },
        {
            "time": "14.07.2021 03:40",
            "open": "42.2707",
            "high": "42.2707",
            "low": "42.2017",
            "close": "42.3"
        },
        {
            "time": "14.07.2021 03:48",
            "open": "42.3",
            "high": "42.3",
            "low": "42.3",
            "close": "42.2722"
        },
        {
            "time": "14.07.2021 04:15",
            "open": "42.2722",
            "high": "42.2722",
            "low": "42.2722",
            "close": "42.35"
        },
        {
            "time": "14.07.2021 04:23",
            "open": "42.35",
            "high": "42.35",
            "low": "42.35",
            "close": "42.2786"
        },
        {
            "time": "14.07.2021 04:31",
            "open": "42.2786",
            "high": "42.2786",
            "low": "42.2786",
            "close": "42.2"
        },
        {
            "time": "14.07.2021 05:07",
            "open": "42.2",
            "high": "42.2",
            "low": "42.2",
            "close": "42.05"
        },
        {
            "time": "14.07.2021 05:17",
            "open": "42.05",
            "high": "42.05",
            "low": "42.05",
            "close": "42"
        },
        {
            "time": "14.07.2021 05:18",
            "open": "42",
            "high": "42",
            "low": "42",
            "close": "42"
        },
        {
            "time": "14.07.2021 05:20",
            "open": "42",
            "high": "42",
            "low": "41.95",
            "close": "41.95"
        },
        {
            "time": "14.07.2021 05:21",
            "open": "41.95",
            "high": "41.95",
            "low": "41.9",
            "close": "41.85"
        },
        {
            "time": "14.07.2021 05:22",
            "open": "41.85",
            "high": "41.85",
            "low": "41.8311",
            "close": "41.8"
        },
        {
            "time": "14.07.2021 05:23",
            "open": "41.8",
            "high": "41.8",
            "low": "41.8",
            "close": "41.75"
        },
        {
            "time": "14.07.2021 05:24",
            "open": "41.75",
            "high": "41.75",
            "low": "41.4982",
            "close": "41.45"
        },
        {
            "time": "14.07.2021 05:25",
            "open": "41.45",
            "high": "41.45",
            "low": "41.0593",
            "close": "41.1088"
        },
        {
            "time": "14.07.2021 05:26",
            "open": "41.1088",
            "high": "41.1088",
            "low": "40.9843",
            "close": "41.1729"
        },
        {
            "time": "14.07.2021 05:30",
            "open": "41.1729",
            "high": "41.1729",
            "low": "41.1729",
            "close": "41.05"
        },
        {
            "time": "14.07.2021 05:31",
            "open": "41.05",
            "high": "41.05",
            "low": "40.9984",
            "close": "40.9395"
        },
        {
            "time": "14.07.2021 05:32",
            "open": "40.9395",
            "high": "40.9395",
            "low": "40.9395",
            "close": "41.0999"
        },
        {
            "time": "14.07.2021 05:33",
            "open": "41.0999",
            "high": "41.1",
            "low": "41.0966",
            "close": "41.134"
        },
        {
            "time": "14.07.2021 05:37",
            "open": "41.134",
            "high": "41.134",
            "low": "41.134",
            "close": "41.15"
        },
        {
            "time": "14.07.2021 05:38",
            "open": "41.15",
            "high": "41.15",
            "low": "41.15",
            "close": "41.2"
        },
        {
            "time": "14.07.2021 05:39",
            "open": "41.2",
            "high": "41.35",
            "low": "41.2",
            "close": "41.2817"
        },
        {
            "time": "14.07.2021 05:41",
            "open": "41.2817",
            "high": "41.2817",
            "low": "41.2817",
            "close": "41.3082"
        },
        {
            "time": "14.07.2021 05:46",
            "open": "41.3082",
            "high": "41.3082",
            "low": "41.3082",
            "close": "41.2485"
        },
        {
            "time": "14.07.2021 05:50",
            "open": "41.2485",
            "high": "41.2485",
            "low": "41.2485",
            "close": "41.209"
        },
        {
            "time": "14.07.2021 05:53",
            "open": "41.209",
            "high": "41.209",
            "low": "41.209",
            "close": "41.2945"
        },
        {
            "time": "14.07.2021 05:56",
            "open": "41.2945",
            "high": "41.2945",
            "low": "41.2945",
            "close": "41.2824"
        },
        {
            "time": "14.07.2021 05:57",
            "open": "41.2824",
            "high": "41.2824",
            "low": "41.2602",
            "close": "41.3046"
        },
        {
            "time": "14.07.2021 05:59",
            "open": "41.3046",
            "high": "41.3046",
            "low": "41.3046",
            "close": "41.2786"
        },
        {
            "time": "14.07.2021 06:00",
            "open": "41.2786",
            "high": "41.2786",
            "low": "41.2786",
            "close": "41.2602"
        },
        {
            "time": "14.07.2021 06:03",
            "open": "41.2602",
            "high": "41.2602",
            "low": "41.2602",
            "close": "41.4"
        },
        {
            "time": "14.07.2021 06:07",
            "open": "41.4",
            "high": "41.4",
            "low": "41.4",
            "close": "41.45"
        },
        {
            "time": "14.07.2021 06:08",
            "open": "41.45",
            "high": "41.5",
            "low": "41.45",
            "close": "41.55"
        },
        {
            "time": "14.07.2021 06:10",
            "open": "41.55",
            "high": "41.55",
            "low": "41.55",
            "close": "41.6"
        },
        {
            "time": "14.07.2021 06:12",
            "open": "41.6",
            "high": "41.65",
            "low": "41.6",
            "close": "41.6429"
        },
        {
            "time": "14.07.2021 06:14",
            "open": "41.6429",
            "high": "41.6429",
            "low": "41.6429",
            "close": "41.7"
        },
        {
            "time": "14.07.2021 06:18",
            "open": "41.7",
            "high": "41.7",
            "low": "41.7",
            "close": "41.75"
        },
        {
            "time": "14.07.2021 06:20",
            "open": "41.75",
            "high": "41.75",
            "low": "41.75",
            "close": "41.8"
        },
        {
            "time": "14.07.2021 06:28",
            "open": "41.8",
            "high": "41.8",
            "low": "41.8",
            "close": "41.8262"
        },
        {
            "time": "14.07.2021 06:52",
            "open": "41.8262",
            "high": "41.8262",
            "low": "41.8262",
            "close": "41.7853"
        },
        {
            "time": "14.07.2021 06:54",
            "open": "41.7853",
            "high": "41.7853",
            "low": "41.7853",
            "close": "41.5"
        },
        {
            "time": "14.07.2021 07:23",
            "open": "41.5",
            "high": "41.5",
            "low": "41.5",
            "close": "41.5"
        },
        {
            "time": "14.07.2021 07:33",
            "open": "41.5",
            "high": "41.5",
            "low": "41.45",
            "close": "41.45"
        },
        {
            "time": "14.07.2021 07:34",
            "open": "41.45",
            "high": "41.45",
            "low": "41.4",
            "close": "41.4"
        },
        {
            "time": "14.07.2021 07:37",
            "open": "41.4",
            "high": "41.4",
            "low": "41.4",
            "close": "41.35"
        },
        {
            "time": "14.07.2021 07:38",
            "open": "41.35",
            "high": "41.35",
            "low": "41.35",
            "close": "41.35"
        },
        {
            "time": "14.07.2021 07:39",
            "open": "41.35",
            "high": "41.35",
            "low": "41.3",
            "close": "41.34"
        },
        {
            "time": "14.07.2021 07:40",
            "open": "41.34",
            "high": "41.34",
            "low": "41.34",
            "close": "41.3278"
        },
        {
            "time": "14.07.2021 07:41",
            "open": "41.3278",
            "high": "41.3278",
            "low": "41.3243",
            "close": "41.25"
        },
        {
            "time": "14.07.2021 07:44",
            "open": "41.25",
            "high": "41.25",
            "low": "41.25",
            "close": "41.4711"
        },
        {
            "time": "14.07.2021 07:47",
            "open": "41.4711",
            "high": "41.4711",
            "low": "41.4711",
            "close": "41.55"
        },
        {
            "time": "14.07.2021 07:49",
            "open": "41.55",
            "high": "41.55",
            "low": "41.55",
            "close": "41.281"
        },
        {
            "time": "14.07.2021 07:55",
            "open": "41.281",
            "high": "41.281",
            "low": "41.281",
            "close": "41.25"
        },
        {
            "time": "14.07.2021 07:56",
            "open": "41.25",
            "high": "41.25",
            "low": "41.25",
            "close": "41.2"
        },
        {
            "time": "14.07.2021 08:13",
            "open": "41.2",
            "high": "41.2",
            "low": "41.2",
            "close": "41.2"
        },
        {
            "time": "14.07.2021 08:15",
            "open": "41.2",
            "high": "41.2284",
            "low": "41.0757",
            "close": "41.3172"
        },
        {
            "time": "14.07.2021 08:17",
            "open": "41.3172",
            "high": "41.3172",
            "low": "41.3172",
            "close": "41.4"
        },
        {
            "time": "14.07.2021 08:19",
            "open": "41.4",
            "high": "41.4092",
            "low": "41.4",
            "close": "41.3448"
        },
        {
            "time": "14.07.2021 08:28",
            "open": "41.3448",
            "high": "41.3448",
            "low": "41.3448",
            "close": "41.45"
        },
        {
            "time": "14.07.2021 08:31",
            "open": "41.45",
            "high": "41.45",
            "low": "41.45",
            "close": "41.5"
        },
        {
            "time": "14.07.2021 08:32",
            "open": "41.5",
            "high": "41.5",
            "low": "41.5",
            "close": "41.55"
        },
        {
            "time": "14.07.2021 08:34",
            "open": "41.55",
            "high": "41.55",
            "low": "41.55",
            "close": "41.6"
        },
        {
            "time": "14.07.2021 08:37",
            "open": "41.6",
            "high": "41.6",
            "low": "41.6",
            "close": "41.65"
        },
        {
            "time": "14.07.2021 08:40",
            "open": "41.65",
            "high": "41.65",
            "low": "41.65",
            "close": "41.5398"
        },
        {
            "time": "14.07.2021 08:55",
            "open": "41.5398",
            "high": "41.5398",
            "low": "41.5398",
            "close": "41.4277"
        },
        {
            "time": "14.07.2021 08:58",
            "open": "41.4277",
            "high": "41.4307",
            "low": "41.4277",
            "close": "41.5725"
        },
        {
            "time": "14.07.2021 09:19",
            "open": "41.5725",
            "high": "41.5725",
            "low": "41.5725",
            "close": "41.5007"
        },
        {
            "time": "14.07.2021 09:27",
            "open": "41.5007",
            "high": "41.5007",
            "low": "41.5007",
            "close": "41.4247"
        },
        {
            "time": "14.07.2021 09:32",
            "open": "41.4247",
            "high": "41.4247",
            "low": "41.4247",
            "close": "41.5332"
        },
        {
            "time": "14.07.2021 09:34",
            "open": "41.5332",
            "high": "41.5332",
            "low": "41.5332",
            "close": "41.5332"
        },
        {
            "time": "14.07.2021 09:35",
            "open": "41.5332",
            "high": "41.5332",
            "low": "41.5332",
            "close": "41.6147"
        },
        {
            "time": "14.07.2021 09:39",
            "open": "41.6147",
            "high": "41.6147",
            "low": "41.6147",
            "close": "41.6038"
        },
        {
            "time": "14.07.2021 09:41",
            "open": "41.6038",
            "high": "41.6038",
            "low": "41.6038",
            "close": "41.7"
        },
        {
            "time": "14.07.2021 10:00",
            "open": "41.7",
            "high": "41.7",
            "low": "41.7",
            "close": "41.6301"
        },
        {
            "time": "14.07.2021 10:05",
            "open": "41.6301",
            "high": "41.6378",
            "low": "41.6301",
            "close": "41.59"
        },
        {
            "time": "14.07.2021 10:06",
            "open": "41.59",
            "high": "41.59",
            "low": "41.59",
            "close": "41.6446"
        },
        {
            "time": "14.07.2021 10:12",
            "open": "41.6446",
            "high": "41.6446",
            "low": "41.6446",
            "close": "41.5724"
        },
        {
            "time": "14.07.2021 10:13",
            "open": "41.5724",
            "high": "41.6357",
            "low": "41.5724",
            "close": "41.5757"
        },
        {
            "time": "14.07.2021 10:16",
            "open": "41.5757",
            "high": "41.5757",
            "low": "41.5757",
            "close": "41.5659"
        },
        {
            "time": "14.07.2021 10:25",
            "open": "41.5659",
            "high": "41.5659",
            "low": "41.5659",
            "close": "41.5804"
        },
        {
            "time": "14.07.2021 10:26",
            "open": "41.5804",
            "high": "41.5804",
            "low": "41.5804",
            "close": "41.5992"
        },
        {
            "time": "14.07.2021 10:28",
            "open": "41.5992",
            "high": "41.5992",
            "low": "41.5992",
            "close": "41.4"
        },
        {
            "time": "14.07.2021 10:44",
            "open": "41.4",
            "high": "41.4",
            "low": "41.3964",
            "close": "41.35"
        },
        {
            "time": "14.07.2021 10:49",
            "open": "41.35",
            "high": "41.35",
            "low": "41.35",
            "close": "41.3"
        },
        {
            "time": "14.07.2021 10:54",
            "open": "41.3",
            "high": "41.3",
            "low": "41.2",
            "close": "41.2"
        },
        {
            "time": "14.07.2021 10:55",
            "open": "41.2",
            "high": "41.2",
            "low": "41.2",
            "close": "41.15"
        },
        {
            "time": "14.07.2021 11:00",
            "open": "41.15",
            "high": "41.15",
            "low": "41.1",
            "close": "41.1547"
        },
        {
            "time": "14.07.2021 11:01",
            "open": "41.1547",
            "high": "41.1549",
            "low": "41.1204",
            "close": "41.4"
        },
        {
            "time": "14.07.2021 11:02",
            "open": "41.4",
            "high": "41.4438",
            "low": "41.4",
            "close": "41.45"
        },
        {
            "time": "14.07.2021 11:03",
            "open": "41.45",
            "high": "41.75",
            "low": "41.45",
            "close": "41.733"
        },
        {
            "time": "14.07.2021 11:04",
            "open": "41.733",
            "high": "42",
            "low": "41.733",
            "close": "42.05"
        },
        {
            "time": "14.07.2021 11:05",
            "open": "42.05",
            "high": "42.1",
            "low": "42.05",
            "close": "42.15"
        },
        {
            "time": "14.07.2021 11:06",
            "open": "42.15",
            "high": "42.2",
            "low": "42.15",
            "close": "42.1766"
        },
        {
            "time": "14.07.2021 11:07",
            "open": "42.1766",
            "high": "42.25",
            "low": "42.1766",
            "close": "42.1861"
        },
        {
            "time": "14.07.2021 11:08",
            "open": "42.1861",
            "high": "42.2075",
            "low": "42.1861",
            "close": "42.2917"
        },
        {
            "time": "14.07.2021 11:16",
            "open": "42.2917",
            "high": "42.65",
            "low": "42.2917",
            "close": "42.7"
        },
        {
            "time": "14.07.2021 11:17",
            "open": "42.7",
            "high": "42.85",
            "low": "42.7",
            "close": "42.7839"
        },
        {
            "time": "14.07.2021 11:18",
            "open": "42.7839",
            "high": "42.7839",
            "low": "42.7839",
            "close": "42.55"
        },
        {
            "time": "14.07.2021 11:23",
            "open": "42.55",
            "high": "42.55",
            "low": "42.55",
            "close": "42.5"
        },
        {
            "time": "14.07.2021 11:26",
            "open": "42.5",
            "high": "42.5",
            "low": "42.45",
            "close": "42.45"
        },
        {
            "time": "14.07.2021 11:28",
            "open": "42.45",
            "high": "42.6167",
            "low": "42.45",
            "close": "42.5762"
        },
        {
            "time": "14.07.2021 11:30",
            "open": "42.5762",
            "high": "42.5762",
            "low": "42.5762",
            "close": "42.4246"
        },
        {
            "time": "14.07.2021 11:33",
            "open": "42.4246",
            "high": "42.4246",
            "low": "42.4246",
            "close": "42.4"
        },
        {
            "time": "14.07.2021 11:36",
            "open": "42.4",
            "high": "42.4",
            "low": "42.3835",
            "close": "42.35"
        },
        {
            "time": "14.07.2021 11:38",
            "open": "42.35",
            "high": "42.35",
            "low": "42.35",
            "close": "42.35"
        },
        {
            "time": "14.07.2021 11:40",
            "open": "42.35",
            "high": "42.35",
            "low": "42.35",
            "close": "42.3"
        },
        {
            "time": "14.07.2021 11:41",
            "open": "42.3",
            "high": "42.3",
            "low": "42.3",
            "close": "42.25"
        },
        {
            "time": "14.07.2021 11:45",
            "open": "42.25",
            "high": "42.25",
            "low": "42.25",
            "close": "42.25"
        },
        {
            "time": "14.07.2021 11:47",
            "open": "42.25",
            "high": "42.25",
            "low": "42.2",
            "close": "42.2"
        },
        {
            "time": "14.07.2021 11:48",
            "open": "42.2",
            "high": "42.2019",
            "low": "42.2",
            "close": "42.1503"
        },
        {
            "time": "14.07.2021 11:49",
            "open": "42.1503",
            "high": "42.1503",
            "low": "42.1503",
            "close": "42.1866"
        },
        {
            "time": "14.07.2021 11:54",
            "open": "42.1866",
            "high": "42.1866",
            "low": "42.1866",
            "close": "42.323"
        },
        {
            "time": "14.07.2021 12:07",
            "open": "42.323",
            "high": "42.323",
            "low": "42.323",
            "close": "42.5"
        },
        {
            "time": "14.07.2021 12:15",
            "open": "42.5",
            "high": "42.5",
            "low": "42.5",
            "close": "42.55"
        },
        {
            "time": "14.07.2021 12:17",
            "open": "42.55",
            "high": "42.6411",
            "low": "42.55",
            "close": "42.58"
        },
        {
            "time": "14.07.2021 12:23",
            "open": "42.58",
            "high": "42.58",
            "low": "42.58",
            "close": "42.65"
        },
        {
            "time": "14.07.2021 12:26",
            "open": "42.65",
            "high": "42.75",
            "low": "42.65",
            "close": "42.6421"
        },
        {
            "time": "14.07.2021 12:31",
            "open": "42.6421",
            "high": "42.6421",
            "low": "42.6421",
            "close": "42.5755"
        },
        {
            "time": "14.07.2021 12:35",
            "open": "42.5755",
            "high": "42.5755",
            "low": "42.5755",
            "close": "42.5839"
        },
        {
            "time": "14.07.2021 12:43",
            "open": "42.5839",
            "high": "42.5839",
            "low": "42.5839",
            "close": "42.5856"
        },
        {
            "time": "14.07.2021 13:06",
            "open": "42.5856",
            "high": "42.5856",
            "low": "42.5856",
            "close": "42.5342"
        },
        {
            "time": "14.07.2021 13:10",
            "open": "42.5342",
            "high": "42.5342",
            "low": "42.5342",
            "close": "42.5317"
        },
        {
            "time": "14.07.2021 13:13",
            "open": "42.5317",
            "high": "42.5317",
            "low": "42.5317",
            "close": "42.45"
        },
        {
            "time": "14.07.2021 13:14",
            "open": "42.45",
            "high": "42.45",
            "low": "42.45",
            "close": "42.4"
        },
        {
            "time": "14.07.2021 13:16",
            "open": "42.4",
            "high": "42.4",
            "low": "42.4",
            "close": "42.4"
        },
        {
            "time": "14.07.2021 13:19",
            "open": "42.4",
            "high": "42.4",
            "low": "42.4",
            "close": "42.3779"
        },
        {
            "time": "14.07.2021 13:21",
            "open": "42.3779",
            "high": "42.3779",
            "low": "42.35",
            "close": "42.3"
        },
        {
            "time": "14.07.2021 13:23",
            "open": "42.3",
            "high": "42.3",
            "low": "42.3",
            "close": "42.3954"
        },
        {
            "time": "14.07.2021 13:25",
            "open": "42.3954",
            "high": "42.4017",
            "low": "42.3954",
            "close": "42.3277"
        },
        {
            "time": "14.07.2021 13:26",
            "open": "42.3277",
            "high": "42.3277",
            "low": "42.3268",
            "close": "42.3"
        },
        {
            "time": "14.07.2021 13:32",
            "open": "42.3",
            "high": "42.3",
            "low": "42.3",
            "close": "42.25"
        },
        {
            "time": "14.07.2021 13:38",
            "open": "42.25",
            "high": "42.25",
            "low": "42.25",
            "close": "42.299"
        },
        {
            "time": "14.07.2021 13:50",
            "open": "42.299",
            "high": "42.299",
            "low": "42.299",
            "close": "42.25"
        },
        {
            "time": "14.07.2021 14:05",
            "open": "42.25",
            "high": "42.25",
            "low": "42.25",
            "close": "42.2"
        },
        {
            "time": "14.07.2021 14:06",
            "open": "42.2",
            "high": "42.2",
            "low": "42.2",
            "close": "42.15"
        },
        {
            "time": "14.07.2021 14:16",
            "open": "42.15",
            "high": "42.15",
            "low": "42.15",
            "close": "42.15"
        },
        {
            "time": "14.07.2021 14:17",
            "open": "42.15",
            "high": "42.15",
            "low": "42.05",
            "close": "42"
        },
        {
            "time": "14.07.2021 14:18",
            "open": "42",
            "high": "42",
            "low": "42",
            "close": "41.9702"
        },
        {
            "time": "14.07.2021 14:24",
            "open": "41.9702",
            "high": "41.9702",
            "low": "41.95",
            "close": "41.9739"
        },
        {
            "time": "14.07.2021 14:44",
            "open": "41.9739",
            "high": "41.9739",
            "low": "41.9739",
            "close": "41.9647"
        },
        {
            "time": "14.07.2021 14:58",
            "open": "41.9647",
            "high": "41.9713",
            "low": "41.9647",
            "close": "42.0665"
        },
        {
            "time": "14.07.2021 15:05",
            "open": "42.0665",
            "high": "42.0665",
            "low": "42.0646",
            "close": "42.078"
        },
        {
            "time": "14.07.2021 15:06",
            "open": "42.078",
            "high": "42.078",
            "low": "42.078",
            "close": "42.1606"
        },
        {
            "time": "14.07.2021 15:10",
            "open": "42.1606",
            "high": "42.1606",
            "low": "42.1505",
            "close": "42.1842"
        },
        {
            "time": "14.07.2021 15:11",
            "open": "42.1842",
            "high": "42.1988",
            "low": "42.1842",
            "close": "42.3"
        },
        {
            "time": "14.07.2021 15:12",
            "open": "42.3",
            "high": "42.3",
            "low": "42.3",
            "close": "42.35"
        },
        {
            "time": "14.07.2021 15:13",
            "open": "42.35",
            "high": "42.4588",
            "low": "42.35",
            "close": "42.5"
        },
        {
            "time": "14.07.2021 15:14",
            "open": "42.5",
            "high": "42.5",
            "low": "42.5",
            "close": "42.4842"
        },
        {
            "time": "14.07.2021 15:29",
            "open": "42.4842",
            "high": "42.4842",
            "low": "42.4842",
            "close": "42.4701"
        },
        {
            "time": "14.07.2021 15:30",
            "open": "42.4701",
            "high": "42.4756",
            "low": "42.4701",
            "close": "42.4445"
        },
        {
            "time": "14.07.2021 15:31",
            "open": "42.4445",
            "high": "42.4445",
            "low": "42.4445",
            "close": "42.4557"
        },
        {
            "time": "14.07.2021 15:33",
            "open": "42.4557",
            "high": "42.4557",
            "low": "42.4557",
            "close": "42.4463"
        },
        {
            "time": "14.07.2021 15:34",
            "open": "42.4463",
            "high": "42.4463",
            "low": "42.4463",
            "close": "42.525"
        },
        {
            "time": "14.07.2021 15:44",
            "open": "42.525",
            "high": "42.525",
            "low": "42.525",
            "close": "42.5015"
        },
        {
            "time": "14.07.2021 15:46",
            "open": "42.5015",
            "high": "42.5039",
            "low": "42.5015",
            "close": "42.55"
        },
        {
            "time": "14.07.2021 15:47",
            "open": "42.55",
            "high": "42.55",
            "low": "42.55",
            "close": "42.5645"
        },
        {
            "time": "14.07.2021 15:48",
            "open": "42.5645",
            "high": "42.5645",
            "low": "42.5645",
            "close": "42.5671"
        },
        {
            "time": "14.07.2021 15:49",
            "open": "42.5671",
            "high": "42.5671",
            "low": "42.5645",
            "close": "42.6"
        },
        {
            "time": "14.07.2021 15:50",
            "open": "42.6",
            "high": "42.65",
            "low": "42.6",
            "close": "42.6775"
        },
        {
            "time": "14.07.2021 15:51",
            "open": "42.6775",
            "high": "42.6775",
            "low": "42.6775",
            "close": "42.6806"
        },
        {
            "time": "14.07.2021 15:52",
            "open": "42.6806",
            "high": "42.7",
            "low": "42.6806",
            "close": "42.6677"
        },
        {
            "time": "14.07.2021 15:53",
            "open": "42.6677",
            "high": "42.6677",
            "low": "42.6677",
            "close": "42.6339"
        },
        {
            "time": "14.07.2021 15:57",
            "open": "42.6339",
            "high": "42.6339",
            "low": "42.6339",
            "close": "42.6838"
        },
        {
            "time": "14.07.2021 15:58",
            "open": "42.6838",
            "high": "42.6838",
            "low": "42.6838",
            "close": "42.7456"
        },
        {
            "time": "14.07.2021 15:59",
            "open": "42.7456",
            "high": "42.8621",
            "low": "42.7456",
            "close": "42.9"
        },
        {
            "time": "14.07.2021 16:00",
            "open": "42.9",
            "high": "42.95",
            "low": "42.9",
            "close": "42.8753"
        },
        {
            "time": "14.07.2021 16:01",
            "open": "42.8753",
            "high": "42.8753",
            "low": "42.8753",
            "close": "42.8373"
        },
        {
            "time": "14.07.2021 16:02",
            "open": "42.8373",
            "high": "42.8373",
            "low": "42.8373",
            "close": "42.8952"
        },
        {
            "time": "14.07.2021 16:03",
            "open": "42.8952",
            "high": "42.8952",
            "low": "42.8373",
            "close": "42.8567"
        },
        {
            "time": "14.07.2021 16:04",
            "open": "42.8567",
            "high": "42.8567",
            "low": "42.8567",
            "close": "42.7882"
        },
        {
            "time": "14.07.2021 16:08",
            "open": "42.7882",
            "high": "42.7882",
            "low": "42.7882",
            "close": "42.8743"
        },
        {
            "time": "14.07.2021 16:10",
            "open": "42.8743",
            "high": "42.8743",
            "low": "42.8743",
            "close": "42.8231"
        },
        {
            "time": "14.07.2021 16:11",
            "open": "42.8231",
            "high": "42.8231",
            "low": "42.8226",
            "close": "42.8983"
        },
        {
            "time": "14.07.2021 16:15",
            "open": "42.8983",
            "high": "42.8983",
            "low": "42.8983",
            "close": "42.6638"
        },
        {
            "time": "14.07.2021 16:19",
            "open": "42.6638",
            "high": "42.6638",
            "low": "42.6638",
            "close": "42.7049"
        },
        {
            "time": "14.07.2021 16:25",
            "open": "42.7049",
            "high": "42.7049",
            "low": "42.65",
            "close": "42.6"
        },
        {
            "time": "14.07.2021 16:27",
            "open": "42.6",
            "high": "42.6",
            "low": "42.55",
            "close": "42.6143"
        },
        {
            "time": "14.07.2021 16:32",
            "open": "42.6143",
            "high": "42.6143",
            "low": "42.6143",
            "close": "42.6143"
        },
        {
            "time": "14.07.2021 16:34",
            "open": "42.6143",
            "high": "42.6143",
            "low": "42.6143",
            "close": "42.5153"
        },
        {
            "time": "14.07.2021 16:40",
            "open": "42.5153",
            "high": "42.5153",
            "low": "42.5153",
            "close": "42.5449"
        },
        {
            "time": "14.07.2021 16:48",
            "open": "42.5449",
            "high": "42.5449",
            "low": "42.5449",
            "close": "42.5659"
        },
        {
            "time": "14.07.2021 16:50",
            "open": "42.5659",
            "high": "42.5659",
            "low": "42.5659",
            "close": "42.6697"
        },
        {
            "time": "14.07.2021 16:51",
            "open": "42.6697",
            "high": "42.6697",
            "low": "42.6697",
            "close": "42.6592"
        },
        {
            "time": "14.07.2021 16:53",
            "open": "42.6592",
            "high": "42.6592",
            "low": "42.6592",
            "close": "42.7576"
        },
        {
            "time": "14.07.2021 17:15",
            "open": "42.7576",
            "high": "42.7577",
            "low": "42.7576",
            "close": "42.7223"
        },
        {
            "time": "14.07.2021 17:20",
            "open": "42.7223",
            "high": "42.7223",
            "low": "42.6592",
            "close": "42.5225"
        },
        {
            "time": "14.07.2021 17:42",
            "open": "42.5225",
            "high": "42.5225",
            "low": "42.5142",
            "close": "42.5"
        },
        {
            "time": "14.07.2021 17:43",
            "open": "42.5",
            "high": "42.5",
            "low": "42.5",
            "close": "42.45"
        },
        {
            "time": "14.07.2021 17:44",
            "open": "42.45",
            "high": "42.45",
            "low": "42.4",
            "close": "42.4515"
        },
        {
            "time": "14.07.2021 17:45",
            "open": "42.4515",
            "high": "42.4515",
            "low": "42.4515",
            "close": "42.5078"
        },
        {
            "time": "14.07.2021 17:49",
            "open": "42.5078",
            "high": "42.5078",
            "low": "42.5078",
            "close": "42.4401"
        },
        {
            "time": "14.07.2021 17:50",
            "open": "42.4401",
            "high": "42.4401",
            "low": "42.4401",
            "close": "42.4721"
        },
        {
            "time": "14.07.2021 18:00",
            "open": "42.4721",
            "high": "42.4721",
            "low": "42.4721",
            "close": "42.6717"
        },
        {
            "time": "14.07.2021 18:01",
            "open": "42.6717",
            "high": "42.6717",
            "low": "42.6717",
            "close": "42.6423"
        },
        {
            "time": "14.07.2021 18:05",
            "open": "42.6423",
            "high": "42.6423",
            "low": "42.6423",
            "close": "42.6685"
        },
        {
            "time": "14.07.2021 18:09",
            "open": "42.6685",
            "high": "42.6685",
            "low": "42.6685",
            "close": "42.5"
        },
        {
            "time": "14.07.2021 18:15",
            "open": "42.5",
            "high": "42.5",
            "low": "42.5",
            "close": "42.4885"
        },
        {
            "time": "14.07.2021 18:20",
            "open": "42.4885",
            "high": "42.4885",
            "low": "42.4885",
            "close": "42.5571"
        },
        {
            "time": "14.07.2021 18:28",
            "open": "42.5571",
            "high": "42.5571",
            "low": "42.5571",
            "close": "42.6059"
        },
        {
            "time": "14.07.2021 18:29",
            "open": "42.6059",
            "high": "42.6059",
            "low": "42.6059",
            "close": "42.5835"
        },
        {
            "time": "14.07.2021 18:35",
            "open": "42.5835",
            "high": "42.5836",
            "low": "42.4853",
            "close": "42.6263"
        },
        {
            "time": "14.07.2021 18:45",
            "open": "42.6263",
            "high": "42.6263",
            "low": "42.6263",
            "close": "42.5313"
        },
        {
            "time": "14.07.2021 18:53",
            "open": "42.5313",
            "high": "42.5313",
            "low": "42.5313",
            "close": "42.5127"
        },
        {
            "time": "14.07.2021 19:02",
            "open": "42.5127",
            "high": "42.5127",
            "low": "42.5127",
            "close": "42.5344"
        },
        {
            "time": "14.07.2021 19:04",
            "open": "42.5344",
            "high": "42.5344",
            "low": "42.5344",
            "close": "42.4808"
        },
        {
            "time": "14.07.2021 19:11",
            "open": "42.4808",
            "high": "42.4808",
            "low": "42.4808",
            "close": "42.5142"
        },
        {
            "time": "14.07.2021 19:47",
            "open": "42.5142",
            "high": "42.5142",
            "low": "42.5142",
            "close": "42.4822"
        },
        {
            "time": "14.07.2021 19:50",
            "open": "42.4822",
            "high": "42.4822",
            "low": "42.4822",
            "close": "42.4159"
        },
        {
            "time": "14.07.2021 20:05",
            "open": "42.4159",
            "high": "42.4159",
            "low": "42.4115",
            "close": "42.4433"
        },
        {
            "time": "14.07.2021 20:06",
            "open": "42.4433",
            "high": "42.4433",
            "low": "42.4433",
            "close": "42.4"
        },
        {
            "time": "14.07.2021 20:07",
            "open": "42.4",
            "high": "42.4",
            "low": "42.35",
            "close": "42.3"
        },
        {
            "time": "14.07.2021 20:10",
            "open": "42.3",
            "high": "42.3",
            "low": "42.2859",
            "close": "42.3643"
        },
        {
            "time": "14.07.2021 20:13",
            "open": "42.3643",
            "high": "42.3643",
            "low": "42.3643",
            "close": "42.307"
        },
        {
            "time": "14.07.2021 20:37",
            "open": "42.307",
            "high": "42.307",
            "low": "42.307",
            "close": "42.3907"
        },
        {
            "time": "14.07.2021 20:38",
            "open": "42.3907",
            "high": "42.3907",
            "low": "42.3907",
            "close": "42.3065"
        },
        {
            "time": "14.07.2021 20:40",
            "open": "42.3065",
            "high": "42.3065",
            "low": "42.3065",
            "close": "42.3856"
        },
        {
            "time": "14.07.2021 20:42",
            "open": "42.3856",
            "high": "42.3856",
            "low": "42.3856",
            "close": "42.3298"
        },
        {
            "time": "14.07.2021 20:46",
            "open": "42.3298",
            "high": "42.3298",
            "low": "42.3298",
            "close": "42.25"
        },
        {
            "time": "14.07.2021 20:48",
            "open": "42.25",
            "high": "42.25",
            "low": "42.15",
            "close": "42.1"
        },
        {
            "time": "14.07.2021 20:49",
            "open": "42.1",
            "high": "42.1",
            "low": "41.95",
            "close": "42.027"
        },
        {
            "time": "14.07.2021 20:50",
            "open": "42.027",
            "high": "42.027",
            "low": "42.027",
            "close": "41.9"
        },
        {
            "time": "14.07.2021 20:52",
            "open": "41.9",
            "high": "41.9",
            "low": "41.9",
            "close": "41.85"
        },
        {
            "time": "14.07.2021 20:54",
            "open": "41.85",
            "high": "41.85",
            "low": "41.8",
            "close": "41.75"
        },
        {
            "time": "14.07.2021 21:01",
            "open": "41.75",
            "high": "41.75",
            "low": "41.74",
            "close": "41.8115"
        },
        {
            "time": "14.07.2021 21:07",
            "open": "41.8115",
            "high": "41.8115",
            "low": "41.8115",
            "close": "41.7"
        },
        {
            "time": "14.07.2021 21:09",
            "open": "41.7",
            "high": "41.7",
            "low": "41.7",
            "close": "41.6982"
        },
        {
            "time": "14.07.2021 21:10",
            "open": "41.6982",
            "high": "41.6982",
            "low": "41.65",
            "close": "41.6"
        },
        {
            "time": "14.07.2021 21:11",
            "open": "41.6",
            "high": "41.6",
            "low": "41.6",
            "close": "41.7188"
        },
        {
            "time": "14.07.2021 21:18",
            "open": "41.7188",
            "high": "41.7188",
            "low": "41.7188",
            "close": "41.6854"
        },
        {
            "time": "14.07.2021 21:20",
            "open": "41.6854",
            "high": "41.6854",
            "low": "41.6854",
            "close": "41.6854"
        },
        {
            "time": "14.07.2021 21:22",
            "open": "41.6854",
            "high": "41.6854",
            "low": "41.6854",
            "close": "41.671"
        },
        {
            "time": "14.07.2021 21:23",
            "open": "41.671",
            "high": "41.671",
            "low": "41.671",
            "close": "41.6682"
        },
        {
            "time": "14.07.2021 21:24",
            "open": "41.6682",
            "high": "41.6682",
            "low": "41.6573",
            "close": "41.6573"
        },
        {
            "time": "14.07.2021 21:25",
            "open": "41.6573",
            "high": "41.6573",
            "low": "41.6573",
            "close": "41.6293"
        },
        {
            "time": "14.07.2021 21:28",
            "open": "41.6293",
            "high": "41.6293",
            "low": "41.5714",
            "close": "41.5713"
        },
        {
            "time": "14.07.2021 21:29",
            "open": "41.5713",
            "high": "41.5713",
            "low": "41.55",
            "close": "41.6307"
        },
        {
            "time": "14.07.2021 21:32",
            "open": "41.6307",
            "high": "41.6307",
            "low": "41.6307",
            "close": "41.606"
        },
        {
            "time": "14.07.2021 21:33",
            "open": "41.606",
            "high": "41.606",
            "low": "41.584",
            "close": "41.6806"
        },
        {
            "time": "14.07.2021 21:36",
            "open": "41.6806",
            "high": "41.6806",
            "low": "41.6806",
            "close": "41.701"
        },
        {
            "time": "14.07.2021 21:39",
            "open": "41.701",
            "high": "41.7515",
            "low": "41.701",
            "close": "41.7515"
        },
        {
            "time": "14.07.2021 21:46",
            "open": "41.7515",
            "high": "41.7953",
            "low": "41.7515",
            "close": "41.6724"
        },
        {
            "time": "14.07.2021 21:53",
            "open": "41.6724",
            "high": "41.6724",
            "low": "41.6724",
            "close": "41.6724"
        },
        {
            "time": "14.07.2021 21:54",
            "open": "41.6724",
            "high": "41.6724",
            "low": "41.6724",
            "close": "41.6724"
        },
        {
            "time": "14.07.2021 22:01",
            "open": "41.6724",
            "high": "41.6724",
            "low": "41.6724",
            "close": "41.697"
        },
        {
            "time": "14.07.2021 22:04",
            "open": "41.697",
            "high": "41.697",
            "low": "41.697",
            "close": "41.7178"
        },
        {
            "time": "14.07.2021 22:10",
            "open": "41.7178",
            "high": "41.7178",
            "low": "41.7178",
            "close": "41.7587"
        },
        {
            "time": "14.07.2021 22:11",
            "open": "41.7587",
            "high": "41.7587",
            "low": "41.7587",
            "close": "41.7854"
        },
        {
            "time": "14.07.2021 22:13",
            "open": "41.7854",
            "high": "41.7854",
            "low": "41.7854",
            "close": "41.7926"
        },
        {
            "time": "14.07.2021 22:15",
            "open": "41.7926",
            "high": "41.7926",
            "low": "41.7926",
            "close": "41.8412"
        },
        {
            "time": "14.07.2021 22:18",
            "open": "41.8412",
            "high": "41.8412",
            "low": "41.8412",
            "close": "41.85"
        },
        {
            "time": "14.07.2021 22:25",
            "open": "41.85",
            "high": "41.85",
            "low": "41.85",
            "close": "41.8757"
        },
        {
            "time": "14.07.2021 22:36",
            "open": "41.8757",
            "high": "41.8757",
            "low": "41.8757",
            "close": "41.8461"
        },
        {
            "time": "14.07.2021 22:39",
            "open": "41.8461",
            "high": "41.8461",
            "low": "41.8461",
            "close": "41.8461"
        },
        {
            "time": "14.07.2021 22:45",
            "open": "41.8461",
            "high": "41.8461",
            "low": "41.8461",
            "close": "41.9"
        },
        {
            "time": "14.07.2021 22:46",
            "open": "41.9",
            "high": "41.9",
            "low": "41.9",
            "close": "41.9387"
        },
        {
            "time": "14.07.2021 22:53",
            "open": "41.9387",
            "high": "41.9387",
            "low": "41.8936",
            "close": "41.8811"
        },
        {
            "time": "14.07.2021 23:00",
            "open": "41.8811",
            "high": "41.8811",
            "low": "41.8811",
            "close": "41.8969"
        },
        {
            "time": "14.07.2021 23:03",
            "open": "41.8969",
            "high": "41.8969",
            "low": "41.8969",
            "close": "41.8782"
        },
        {
            "time": "14.07.2021 23:09",
            "open": "41.8782",
            "high": "41.8782",
            "low": "41.8782",
            "close": "41.95"
        },
        {
            "time": "14.07.2021 23:17",
            "open": "41.95",
            "high": "41.95",
            "low": "41.95",
            "close": "41.889"
        },
        {
            "time": "14.07.2021 23:26",
            "open": "41.889",
            "high": "41.889",
            "low": "41.889",
            "close": "42"
        },
        {
            "time": "14.07.2021 23:32",
            "open": "42",
            "high": "42",
            "low": "42",
            "close": "42.0347"
        },
        {
            "time": "14.07.2021 23:36",
            "open": "42.0347",
            "high": "42.0347",
            "low": "42.0347",
            "close": "42.0347"
        },
        {
            "time": "14.07.2021 23:37",
            "open": "42.0347",
            "high": "42.0347",
            "low": "42.0347",
            "close": "42.0378"
        },
        {
            "time": "14.07.2021 23:38",
            "open": "42.0378",
            "high": "42.0378",
            "low": "42.0378",
            "close": "42.0439"
        },
        {
            "time": "14.07.2021 23:41",
            "open": "42.0439",
            "high": "42.0439",
            "low": "42.0439",
            "close": "41.9958"
        }
    ]
}