{
    "FIL-EUR": [
        {
            "time": "20.01.2021 23:56",
            "open": "18.465",
            "high": "18.465",
            "low": "18.465",
            "close": "18.4857"
        },
        {
            "time": "21.01.2021 00:00",
            "open": "18.4857",
            "high": "18.4857",
            "low": "18.4857",
            "close": "18.4668"
        },
        {
            "time": "21.01.2021 00:02",
            "open": "18.4668",
            "high": "18.4668",
            "low": "18.4668",
            "close": "18.4424"
        },
        {
            "time": "21.01.2021 00:05",
            "open": "18.4424",
            "high": "18.4552",
            "low": "18.4422",
            "close": "18.4552"
        },
        {
            "time": "21.01.2021 00:06",
            "open": "18.4385",
            "high": "18.4385",
            "low": "18.4385",
            "close": "18.4557"
        },
        {
            "time": "21.01.2021 00:08",
            "open": "18.4557",
            "high": "18.4557",
            "low": "18.4557",
            "close": "18.4522"
        },
        {
            "time": "21.01.2021 00:11",
            "open": "18.4522",
            "high": "18.4522",
            "low": "18.4522",
            "close": "18.4507"
        },
        {
            "time": "21.01.2021 00:12",
            "open": "18.4507",
            "high": "18.4507",
            "low": "18.4507",
            "close": "18.4797"
        },
        {
            "time": "21.01.2021 00:17",
            "open": "18.4797",
            "high": "18.4797",
            "low": "18.4797",
            "close": "18.5059"
        },
        {
            "time": "21.01.2021 00:20",
            "open": "18.5059",
            "high": "18.5059",
            "low": "18.5059",
            "close": "18.4704"
        },
        {
            "time": "21.01.2021 00:26",
            "open": "18.4704",
            "high": "18.4704",
            "low": "18.4704",
            "close": "18.5268"
        },
        {
            "time": "21.01.2021 00:28",
            "open": "18.5268",
            "high": "18.5268",
            "low": "18.5268",
            "close": "18.5157"
        },
        {
            "time": "21.01.2021 00:32",
            "open": "18.5157",
            "high": "18.5157",
            "low": "18.5157",
            "close": "18.4616"
        },
        {
            "time": "21.01.2021 00:40",
            "open": "18.4616",
            "high": "18.4616",
            "low": "18.4616",
            "close": "18.5055"
        },
        {
            "time": "21.01.2021 00:41",
            "open": "18.5055",
            "high": "18.5055",
            "low": "18.5055",
            "close": "18.5144"
        },
        {
            "time": "21.01.2021 00:42",
            "open": "18.5144",
            "high": "18.5144",
            "low": "18.5144",
            "close": "18.4335"
        },
        {
            "time": "21.01.2021 00:47",
            "open": "18.4335",
            "high": "18.4335",
            "low": "18.4335",
            "close": "18.399"
        },
        {
            "time": "21.01.2021 00:49",
            "open": "18.399",
            "high": "18.4262",
            "low": "18.399",
            "close": "18.4205"
        },
        {
            "time": "21.01.2021 00:50",
            "open": "18.4205",
            "high": "18.4205",
            "low": "18.4203",
            "close": "18.4498"
        },
        {
            "time": "21.01.2021 00:59",
            "open": "18.4498",
            "high": "18.4498",
            "low": "18.4498",
            "close": "18.5266"
        },
        {
            "time": "21.01.2021 01:02",
            "open": "18.5266",
            "high": "18.5291",
            "low": "18.5193",
            "close": "18.5193"
        },
        {
            "time": "21.01.2021 01:03",
            "open": "18.5193",
            "high": "18.5193",
            "low": "18.5193",
            "close": "18.4735"
        },
        {
            "time": "21.01.2021 01:06",
            "open": "18.4735",
            "high": "18.4735",
            "low": "18.4735",
            "close": "18.4735"
        },
        {
            "time": "21.01.2021 01:07",
            "open": "18.4735",
            "high": "18.4735",
            "low": "18.4735",
            "close": "18.4954"
        },
        {
            "time": "21.01.2021 01:08",
            "open": "18.4954",
            "high": "18.4954",
            "low": "18.4954",
            "close": "18.687"
        },
        {
            "time": "21.01.2021 01:14",
            "open": "18.687",
            "high": "18.687",
            "low": "18.687",
            "close": "18.6922"
        },
        {
            "time": "21.01.2021 01:24",
            "open": "18.6922",
            "high": "18.6922",
            "low": "18.6922",
            "close": "18.7369"
        },
        {
            "time": "21.01.2021 01:27",
            "open": "18.7369",
            "high": "18.7369",
            "low": "18.7369",
            "close": "18.7416"
        },
        {
            "time": "21.01.2021 01:30",
            "open": "18.7416",
            "high": "18.7416",
            "low": "18.7416",
            "close": "18.6653"
        },
        {
            "time": "21.01.2021 01:31",
            "open": "18.6653",
            "high": "18.6653",
            "low": "18.6653",
            "close": "18.6566"
        },
        {
            "time": "21.01.2021 01:32",
            "open": "18.6566",
            "high": "18.6946",
            "low": "18.6566",
            "close": "18.6811"
        },
        {
            "time": "21.01.2021 01:36",
            "open": "18.6811",
            "high": "18.6811",
            "low": "18.6811",
            "close": "18.6614"
        },
        {
            "time": "21.01.2021 01:41",
            "open": "18.6614",
            "high": "18.727",
            "low": "18.6614",
            "close": "18.6727"
        },
        {
            "time": "21.01.2021 01:42",
            "open": "18.6727",
            "high": "18.6727",
            "low": "18.6727",
            "close": "18.6876"
        },
        {
            "time": "21.01.2021 01:43",
            "open": "18.6876",
            "high": "18.6876",
            "low": "18.6727",
            "close": "18.6727"
        },
        {
            "time": "21.01.2021 01:45",
            "open": "18.6727",
            "high": "18.6727",
            "low": "18.6727",
            "close": "18.6727"
        },
        {
            "time": "21.01.2021 01:47",
            "open": "18.6727",
            "high": "18.6727",
            "low": "18.6727",
            "close": "18.6701"
        },
        {
            "time": "21.01.2021 01:50",
            "open": "18.6701",
            "high": "18.6701",
            "low": "18.6674",
            "close": "18.6399"
        },
        {
            "time": "21.01.2021 01:51",
            "open": "18.6399",
            "high": "18.6399",
            "low": "18.63",
            "close": "18.655"
        },
        {
            "time": "21.01.2021 01:58",
            "open": "18.655",
            "high": "18.66",
            "low": "18.6345",
            "close": "18.6429"
        },
        {
            "time": "21.01.2021 02:00",
            "open": "18.6429",
            "high": "18.6429",
            "low": "18.6429",
            "close": "18.5846"
        },
        {
            "time": "21.01.2021 02:03",
            "open": "18.5846",
            "high": "18.5846",
            "low": "18.5846",
            "close": "18.5518"
        },
        {
            "time": "21.01.2021 02:11",
            "open": "18.5518",
            "high": "18.5518",
            "low": "18.5518",
            "close": "18.5098"
        },
        {
            "time": "21.01.2021 02:28",
            "open": "18.5098",
            "high": "18.5098",
            "low": "18.5098",
            "close": "18.4505"
        },
        {
            "time": "21.01.2021 02:34",
            "open": "18.4505",
            "high": "18.4529",
            "low": "18.4505",
            "close": "18.4516"
        },
        {
            "time": "21.01.2021 02:41",
            "open": "18.4516",
            "high": "18.4516",
            "low": "18.4516",
            "close": "18.4201"
        },
        {
            "time": "21.01.2021 02:46",
            "open": "18.4201",
            "high": "18.4434",
            "low": "18.4201",
            "close": "18.4145"
        },
        {
            "time": "21.01.2021 02:47",
            "open": "18.4145",
            "high": "18.4145",
            "low": "18.4145",
            "close": "18.4213"
        },
        {
            "time": "21.01.2021 02:51",
            "open": "18.4213",
            "high": "18.4213",
            "low": "18.4213",
            "close": "18.4292"
        },
        {
            "time": "21.01.2021 03:20",
            "open": "18.4292",
            "high": "18.4292",
            "low": "18.4292",
            "close": "18.4196"
        },
        {
            "time": "21.01.2021 03:37",
            "open": "18.4196",
            "high": "18.4196",
            "low": "18.4196",
            "close": "18.4171"
        },
        {
            "time": "21.01.2021 03:42",
            "open": "18.4171",
            "high": "18.4171",
            "low": "18.4171",
            "close": "18.4292"
        },
        {
            "time": "21.01.2021 03:50",
            "open": "18.4292",
            "high": "18.4292",
            "low": "18.4292",
            "close": "18.4133"
        },
        {
            "time": "21.01.2021 04:01",
            "open": "18.4133",
            "high": "18.4318",
            "low": "18.4133",
            "close": "18.4258"
        },
        {
            "time": "21.01.2021 04:06",
            "open": "18.4258",
            "high": "18.4258",
            "low": "18.4258",
            "close": "18.4601"
        },
        {
            "time": "21.01.2021 04:12",
            "open": "18.4601",
            "high": "18.4601",
            "low": "18.4601",
            "close": "18.4475"
        },
        {
            "time": "21.01.2021 04:27",
            "open": "18.4475",
            "high": "18.4475",
            "low": "18.4475",
            "close": "18.4445"
        },
        {
            "time": "21.01.2021 04:34",
            "open": "18.4445",
            "high": "18.4445",
            "low": "18.4445",
            "close": "18.4629"
        },
        {
            "time": "21.01.2021 04:45",
            "open": "18.4629",
            "high": "18.4892",
            "low": "18.4629",
            "close": "18.4927"
        },
        {
            "time": "21.01.2021 05:03",
            "open": "18.4927",
            "high": "18.4927",
            "low": "18.4927",
            "close": "18.4926"
        },
        {
            "time": "21.01.2021 05:04",
            "open": "18.4926",
            "high": "18.4926",
            "low": "18.4926",
            "close": "18.4924"
        },
        {
            "time": "21.01.2021 05:05",
            "open": "18.4924",
            "high": "18.4924",
            "low": "18.4895",
            "close": "18.4927"
        },
        {
            "time": "21.01.2021 05:06",
            "open": "18.4927",
            "high": "18.5074",
            "low": "18.4927",
            "close": "18.5021"
        },
        {
            "time": "21.01.2021 05:12",
            "open": "18.5021",
            "high": "18.5021",
            "low": "18.4963",
            "close": "18.5009"
        },
        {
            "time": "21.01.2021 05:17",
            "open": "18.5009",
            "high": "18.5009",
            "low": "18.5009",
            "close": "18.4753"
        },
        {
            "time": "21.01.2021 05:20",
            "open": "18.4753",
            "high": "18.4753",
            "low": "18.4753",
            "close": "18.4543"
        },
        {
            "time": "21.01.2021 05:36",
            "open": "18.4543",
            "high": "18.4543",
            "low": "18.4543",
            "close": "18.4417"
        },
        {
            "time": "21.01.2021 05:38",
            "open": "18.4417",
            "high": "18.4417",
            "low": "18.4417",
            "close": "18.4409"
        },
        {
            "time": "21.01.2021 05:43",
            "open": "18.4409",
            "high": "18.4409",
            "low": "18.4409",
            "close": "18.3712"
        },
        {
            "time": "21.01.2021 05:51",
            "open": "18.3712",
            "high": "18.3712",
            "low": "18.3709",
            "close": "18.338"
        },
        {
            "time": "21.01.2021 05:53",
            "open": "18.338",
            "high": "18.338",
            "low": "18.338",
            "close": "18.3"
        },
        {
            "time": "21.01.2021 05:54",
            "open": "18.3",
            "high": "18.3",
            "low": "18.3",
            "close": "18.3178"
        },
        {
            "time": "21.01.2021 06:04",
            "open": "18.3178",
            "high": "18.3178",
            "low": "18.3",
            "close": "18.2662"
        },
        {
            "time": "21.01.2021 06:06",
            "open": "18.2662",
            "high": "18.2662",
            "low": "18.2662",
            "close": "18.2662"
        },
        {
            "time": "21.01.2021 06:08",
            "open": "18.2662",
            "high": "18.2662",
            "low": "18.2662",
            "close": "18.336"
        },
        {
            "time": "21.01.2021 06:15",
            "open": "18.336",
            "high": "18.336",
            "low": "18.336",
            "close": "18.3381"
        },
        {
            "time": "21.01.2021 06:35",
            "open": "18.3381",
            "high": "18.3381",
            "low": "18.3381",
            "close": "18.3639"
        },
        {
            "time": "21.01.2021 06:40",
            "open": "18.3639",
            "high": "18.3639",
            "low": "18.3639",
            "close": "18.3736"
        },
        {
            "time": "21.01.2021 06:42",
            "open": "18.3736",
            "high": "18.3736",
            "low": "18.3736",
            "close": "18.3571"
        },
        {
            "time": "21.01.2021 06:45",
            "open": "18.3571",
            "high": "18.3571",
            "low": "18.3571",
            "close": "18.4062"
        },
        {
            "time": "21.01.2021 06:55",
            "open": "18.4062",
            "high": "18.4418",
            "low": "18.4062",
            "close": "18.4555"
        },
        {
            "time": "21.01.2021 06:56",
            "open": "18.4555",
            "high": "18.5293",
            "low": "18.4555",
            "close": "18.5574"
        },
        {
            "time": "21.01.2021 06:57",
            "open": "18.5574",
            "high": "18.5746",
            "low": "18.5574",
            "close": "18.5743"
        },
        {
            "time": "21.01.2021 06:58",
            "open": "18.5743",
            "high": "18.5743",
            "low": "18.574",
            "close": "18.4753"
        },
        {
            "time": "21.01.2021 07:02",
            "open": "18.4753",
            "high": "18.5146",
            "low": "18.4753",
            "close": "18.5425"
        },
        {
            "time": "21.01.2021 07:06",
            "open": "18.5425",
            "high": "18.5694",
            "low": "18.5425",
            "close": "18.5666"
        },
        {
            "time": "21.01.2021 07:09",
            "open": "18.5666",
            "high": "18.5666",
            "low": "18.5666",
            "close": "18.5227"
        },
        {
            "time": "21.01.2021 07:11",
            "open": "18.5227",
            "high": "18.5227",
            "low": "18.5227",
            "close": "18.5346"
        },
        {
            "time": "21.01.2021 07:18",
            "open": "18.5346",
            "high": "18.5346",
            "low": "18.5346",
            "close": "18.5199"
        },
        {
            "time": "21.01.2021 07:19",
            "open": "18.5199",
            "high": "18.5199",
            "low": "18.5199",
            "close": "18.4966"
        },
        {
            "time": "21.01.2021 07:23",
            "open": "18.4966",
            "high": "18.4968",
            "low": "18.4966",
            "close": "18.4767"
        },
        {
            "time": "21.01.2021 07:32",
            "open": "18.4767",
            "high": "18.4767",
            "low": "18.4718",
            "close": "18.4564"
        },
        {
            "time": "21.01.2021 07:34",
            "open": "18.4564",
            "high": "18.4696",
            "low": "18.4564",
            "close": "18.468"
        },
        {
            "time": "21.01.2021 07:36",
            "open": "18.468",
            "high": "18.468",
            "low": "18.468",
            "close": "18.468"
        },
        {
            "time": "21.01.2021 07:37",
            "open": "18.468",
            "high": "18.468",
            "low": "18.468",
            "close": "18.4428"
        },
        {
            "time": "21.01.2021 07:42",
            "open": "18.4428",
            "high": "18.4428",
            "low": "18.4259",
            "close": "18.3822"
        },
        {
            "time": "21.01.2021 07:46",
            "open": "18.3822",
            "high": "18.3984",
            "low": "18.3822",
            "close": "18.4412"
        },
        {
            "time": "21.01.2021 07:50",
            "open": "18.4412",
            "high": "18.4412",
            "low": "18.4412",
            "close": "18.4238"
        },
        {
            "time": "21.01.2021 07:55",
            "open": "18.4238",
            "high": "18.4239",
            "low": "18.4238",
            "close": "18.4477"
        },
        {
            "time": "21.01.2021 07:56",
            "open": "18.4477",
            "high": "18.4478",
            "low": "18.4477",
            "close": "18.4575"
        },
        {
            "time": "21.01.2021 08:00",
            "open": "18.4575",
            "high": "18.4575",
            "low": "18.4461",
            "close": "18.4226"
        },
        {
            "time": "21.01.2021 08:01",
            "open": "18.4226",
            "high": "18.4251",
            "low": "18.4226",
            "close": "18.4325"
        },
        {
            "time": "21.01.2021 08:02",
            "open": "18.4325",
            "high": "18.4378",
            "low": "18.4325",
            "close": "18.503"
        },
        {
            "time": "21.01.2021 08:12",
            "open": "18.503",
            "high": "18.5046",
            "low": "18.462",
            "close": "18.426"
        },
        {
            "time": "21.01.2021 08:20",
            "open": "18.426",
            "high": "18.426",
            "low": "18.426",
            "close": "18.3934"
        },
        {
            "time": "21.01.2021 08:22",
            "open": "18.3934",
            "high": "18.3934",
            "low": "18.3934",
            "close": "18.4578"
        },
        {
            "time": "21.01.2021 08:25",
            "open": "18.4578",
            "high": "18.4578",
            "low": "18.4578",
            "close": "18.4262"
        },
        {
            "time": "21.01.2021 08:28",
            "open": "18.4262",
            "high": "18.4262",
            "low": "18.3748",
            "close": "18.3839"
        },
        {
            "time": "21.01.2021 08:30",
            "open": "18.3839",
            "high": "18.3839",
            "low": "18.3839",
            "close": "18.4624"
        },
        {
            "time": "21.01.2021 08:42",
            "open": "18.4624",
            "high": "18.4624",
            "low": "18.4523",
            "close": "18.3808"
        },
        {
            "time": "21.01.2021 08:45",
            "open": "18.3808",
            "high": "18.3808",
            "low": "18.3808",
            "close": "18.3972"
        },
        {
            "time": "21.01.2021 08:46",
            "open": "18.3972",
            "high": "18.4026",
            "low": "18.3972",
            "close": "18.3722"
        },
        {
            "time": "21.01.2021 08:47",
            "open": "18.3722",
            "high": "18.3722",
            "low": "18.3722",
            "close": "18.3856"
        },
        {
            "time": "21.01.2021 08:49",
            "open": "18.3856",
            "high": "18.3857",
            "low": "18.3543",
            "close": "18.3552"
        },
        {
            "time": "21.01.2021 08:51",
            "open": "18.3552",
            "high": "18.3552",
            "low": "18.3443",
            "close": "18.3455"
        },
        {
            "time": "21.01.2021 08:53",
            "open": "18.3455",
            "high": "18.3455",
            "low": "18.3455",
            "close": "18.3786"
        },
        {
            "time": "21.01.2021 08:56",
            "open": "18.3786",
            "high": "18.3786",
            "low": "18.3786",
            "close": "18.3747"
        },
        {
            "time": "21.01.2021 08:58",
            "open": "18.3747",
            "high": "18.3747",
            "low": "18.3585",
            "close": "18.3826"
        },
        {
            "time": "21.01.2021 09:14",
            "open": "18.3826",
            "high": "18.3961",
            "low": "18.3826",
            "close": "18.394"
        },
        {
            "time": "21.01.2021 09:15",
            "open": "18.394",
            "high": "18.394",
            "low": "18.394",
            "close": "18.3863"
        },
        {
            "time": "21.01.2021 09:17",
            "open": "18.3863",
            "high": "18.3872",
            "low": "18.3863",
            "close": "18.3983"
        },
        {
            "time": "21.01.2021 09:20",
            "open": "18.3983",
            "high": "18.3997",
            "low": "18.3983",
            "close": "18.3608"
        },
        {
            "time": "21.01.2021 09:24",
            "open": "18.3608",
            "high": "18.3608",
            "low": "18.3471",
            "close": "18.336"
        },
        {
            "time": "21.01.2021 09:35",
            "open": "18.336",
            "high": "18.336",
            "low": "18.336",
            "close": "18.355"
        },
        {
            "time": "21.01.2021 09:36",
            "open": "18.355",
            "high": "18.355",
            "low": "18.3473",
            "close": "18.3321"
        },
        {
            "time": "21.01.2021 09:37",
            "open": "18.3321",
            "high": "18.3321",
            "low": "18.3321",
            "close": "18.3267"
        },
        {
            "time": "21.01.2021 09:41",
            "open": "18.3267",
            "high": "18.3267",
            "low": "18.3267",
            "close": "18.3049"
        },
        {
            "time": "21.01.2021 09:42",
            "open": "18.3049",
            "high": "18.3049",
            "low": "18.3",
            "close": "18.2843"
        },
        {
            "time": "21.01.2021 09:46",
            "open": "18.2843",
            "high": "18.2843",
            "low": "18.2843",
            "close": "18.3034"
        },
        {
            "time": "21.01.2021 09:47",
            "open": "18.3034",
            "high": "18.3391",
            "low": "18.3034",
            "close": "18.2845"
        },
        {
            "time": "21.01.2021 09:49",
            "open": "18.2845",
            "high": "18.3042",
            "low": "18.2845",
            "close": "18.2843"
        },
        {
            "time": "21.01.2021 09:50",
            "open": "18.2843",
            "high": "18.2843",
            "low": "18.2843",
            "close": "18.25"
        },
        {
            "time": "21.01.2021 09:53",
            "open": "18.25",
            "high": "18.25",
            "low": "18.25",
            "close": "18.2432"
        },
        {
            "time": "21.01.2021 09:55",
            "open": "18.2432",
            "high": "18.2432",
            "low": "18.2432",
            "close": "18.21"
        },
        {
            "time": "21.01.2021 09:56",
            "open": "18.21",
            "high": "18.21",
            "low": "18.2085",
            "close": "18.201"
        },
        {
            "time": "21.01.2021 09:58",
            "open": "18.201",
            "high": "18.201",
            "low": "18.201",
            "close": "18.201"
        },
        {
            "time": "21.01.2021 09:59",
            "open": "18.201",
            "high": "18.201",
            "low": "18.2",
            "close": "18.2023"
        },
        {
            "time": "21.01.2021 10:00",
            "open": "18.2023",
            "high": "18.2023",
            "low": "18.2023",
            "close": "18.2267"
        },
        {
            "time": "21.01.2021 10:01",
            "open": "18.2267",
            "high": "18.2573",
            "low": "18.1949",
            "close": "18.2216"
        },
        {
            "time": "21.01.2021 10:02",
            "open": "18.2216",
            "high": "18.2285",
            "low": "18.2216",
            "close": "18.1837"
        },
        {
            "time": "21.01.2021 10:04",
            "open": "18.1837",
            "high": "18.1837",
            "low": "18.1549",
            "close": "18.1343"
        },
        {
            "time": "21.01.2021 10:07",
            "open": "18.1343",
            "high": "18.1343",
            "low": "18.1343",
            "close": "18.134"
        },
        {
            "time": "21.01.2021 10:10",
            "open": "18.134",
            "high": "18.134",
            "low": "18.134",
            "close": "18.1223"
        },
        {
            "time": "21.01.2021 10:13",
            "open": "18.1223",
            "high": "18.1223",
            "low": "18.1223",
            "close": "18.1073"
        },
        {
            "time": "21.01.2021 10:14",
            "open": "18.1073",
            "high": "18.1073",
            "low": "18.0965",
            "close": "18.085"
        },
        {
            "time": "21.01.2021 10:17",
            "open": "18.085",
            "high": "18.085",
            "low": "18.0397",
            "close": "18.0965"
        },
        {
            "time": "21.01.2021 10:20",
            "open": "18.0965",
            "high": "18.0965",
            "low": "18.085",
            "close": "18.1525"
        },
        {
            "time": "21.01.2021 10:25",
            "open": "18.1525",
            "high": "18.1525",
            "low": "18.1525",
            "close": "18.1377"
        },
        {
            "time": "21.01.2021 10:28",
            "open": "18.1402",
            "high": "18.1402",
            "low": "18.0944",
            "close": "18.086"
        },
        {
            "time": "21.01.2021 10:29",
            "open": "18.086",
            "high": "18.086",
            "low": "18.056",
            "close": "18.0854"
        },
        {
            "time": "21.01.2021 10:30",
            "open": "18.0854",
            "high": "18.0854",
            "low": "18.0451",
            "close": "18.0688"
        },
        {
            "time": "21.01.2021 10:31",
            "open": "18.0688",
            "high": "18.0688",
            "low": "18.0688",
            "close": "18.0449"
        },
        {
            "time": "21.01.2021 10:32",
            "open": "18.0449",
            "high": "18.0449",
            "low": "18.0436",
            "close": "18.0678"
        },
        {
            "time": "21.01.2021 10:33",
            "open": "18.0678",
            "high": "18.0678",
            "low": "18.0678",
            "close": "18.0416"
        },
        {
            "time": "21.01.2021 10:35",
            "open": "18.0416",
            "high": "18.0416",
            "low": "18.0416",
            "close": "18.0304"
        },
        {
            "time": "21.01.2021 10:36",
            "open": "18.0304",
            "high": "18.0304",
            "low": "18.0289",
            "close": "18.02"
        },
        {
            "time": "21.01.2021 10:37",
            "open": "18.02",
            "high": "18.02",
            "low": "18.0186",
            "close": "18.06"
        },
        {
            "time": "21.01.2021 10:39",
            "open": "18.06",
            "high": "18.0601",
            "low": "18.06",
            "close": "18.0425"
        },
        {
            "time": "21.01.2021 10:40",
            "open": "18.0425",
            "high": "18.0516",
            "low": "18.0425",
            "close": "18.0207"
        },
        {
            "time": "21.01.2021 10:45",
            "open": "18.0207",
            "high": "18.0207",
            "low": "18.0206",
            "close": "18.0686"
        },
        {
            "time": "21.01.2021 10:50",
            "open": "18.0686",
            "high": "18.0686",
            "low": "18.0686",
            "close": "18.0894"
        },
        {
            "time": "21.01.2021 10:53",
            "open": "18.0894",
            "high": "18.0894",
            "low": "18.0894",
            "close": "18.059"
        },
        {
            "time": "21.01.2021 10:56",
            "open": "18.059",
            "high": "18.059",
            "low": "18.059",
            "close": "18.059"
        },
        {
            "time": "21.01.2021 11:00",
            "open": "18.059",
            "high": "18.0693",
            "low": "18.059",
            "close": "18.0731"
        },
        {
            "time": "21.01.2021 11:02",
            "open": "18.0731",
            "high": "18.0731",
            "low": "18.0731",
            "close": "18.0417"
        },
        {
            "time": "21.01.2021 11:04",
            "open": "18.0417",
            "high": "18.0417",
            "low": "18.0417",
            "close": "18.053"
        },
        {
            "time": "21.01.2021 11:08",
            "open": "18.053",
            "high": "18.053",
            "low": "18.053",
            "close": "18.0777"
        },
        {
            "time": "21.01.2021 11:10",
            "open": "18.0777",
            "high": "18.0777",
            "low": "18.0777",
            "close": "18.0662"
        },
        {
            "time": "21.01.2021 11:12",
            "open": "18.0662",
            "high": "18.0662",
            "low": "18.0662",
            "close": "18.0462"
        },
        {
            "time": "21.01.2021 11:13",
            "open": "18.0462",
            "high": "18.0462",
            "low": "18.0462",
            "close": "18.0206"
        },
        {
            "time": "21.01.2021 11:16",
            "open": "18.0206",
            "high": "18.0206",
            "low": "18.0206",
            "close": "18"
        },
        {
            "time": "21.01.2021 11:17",
            "open": "18",
            "high": "18",
            "low": "18",
            "close": "18"
        },
        {
            "time": "21.01.2021 11:18",
            "open": "18",
            "high": "18",
            "low": "18",
            "close": "18"
        },
        {
            "time": "21.01.2021 11:19",
            "open": "18",
            "high": "18",
            "low": "18",
            "close": "18"
        },
        {
            "time": "21.01.2021 11:20",
            "open": "18",
            "high": "18.0035",
            "low": "18",
            "close": "18.0001"
        },
        {
            "time": "21.01.2021 11:21",
            "open": "18.0001",
            "high": "18.0105",
            "low": "18.0001",
            "close": "18.0106"
        },
        {
            "time": "21.01.2021 11:23",
            "open": "18.0106",
            "high": "18.0106",
            "low": "18.0106",
            "close": "18.0106"
        },
        {
            "time": "21.01.2021 11:24",
            "open": "18.0106",
            "high": "18.0106",
            "low": "18.0004",
            "close": "18.0104"
        },
        {
            "time": "21.01.2021 11:27",
            "open": "18.0104",
            "high": "18.0104",
            "low": "18.0104",
            "close": "18.0106"
        },
        {
            "time": "21.01.2021 11:28",
            "open": "18.0106",
            "high": "18.0106",
            "low": "18.0065",
            "close": "18.0106"
        },
        {
            "time": "21.01.2021 11:29",
            "open": "18.0106",
            "high": "18.0106",
            "low": "18.0106",
            "close": "18.1548"
        },
        {
            "time": "21.01.2021 11:30",
            "open": "18.1548",
            "high": "18.1572",
            "low": "18.1548",
            "close": "18.1936"
        },
        {
            "time": "21.01.2021 11:31",
            "open": "18.1936",
            "high": "18.1936",
            "low": "18.1936",
            "close": "18.2081"
        },
        {
            "time": "21.01.2021 11:32",
            "open": "18.2081",
            "high": "18.2081",
            "low": "18.194",
            "close": "18.1916"
        },
        {
            "time": "21.01.2021 11:33",
            "open": "18.1916",
            "high": "18.1916",
            "low": "18.1916",
            "close": "18.1774"
        },
        {
            "time": "21.01.2021 11:34",
            "open": "18.1774",
            "high": "18.2081",
            "low": "18.169",
            "close": "18.1574"
        },
        {
            "time": "21.01.2021 11:35",
            "open": "18.1574",
            "high": "18.1574",
            "low": "18.1574",
            "close": "18.1548"
        },
        {
            "time": "21.01.2021 11:36",
            "open": "18.1548",
            "high": "18.1548",
            "low": "18.1548",
            "close": "18.1681"
        },
        {
            "time": "21.01.2021 11:40",
            "open": "18.1681",
            "high": "18.1828",
            "low": "18.1681",
            "close": "18.0864"
        },
        {
            "time": "21.01.2021 11:44",
            "open": "18.0864",
            "high": "18.1087",
            "low": "18.0864",
            "close": "18.1205"
        },
        {
            "time": "21.01.2021 11:47",
            "open": "18.1205",
            "high": "18.1237",
            "low": "18.1205",
            "close": "18.1311"
        },
        {
            "time": "21.01.2021 11:50",
            "open": "18.1311",
            "high": "18.1311",
            "low": "18.1311",
            "close": "18.1244"
        },
        {
            "time": "21.01.2021 11:52",
            "open": "18.1244",
            "high": "18.1244",
            "low": "18.1243",
            "close": "18.1071"
        },
        {
            "time": "21.01.2021 12:00",
            "open": "18.1071",
            "high": "18.1071",
            "low": "18.1071",
            "close": "18.0789"
        },
        {
            "time": "21.01.2021 12:01",
            "open": "18.0789",
            "high": "18.0789",
            "low": "18.0789",
            "close": "18.0851"
        },
        {
            "time": "21.01.2021 12:02",
            "open": "18.0851",
            "high": "18.0851",
            "low": "18.0851",
            "close": "18.0361"
        },
        {
            "time": "21.01.2021 12:03",
            "open": "18.0361",
            "high": "18.0772",
            "low": "18.0361",
            "close": "18.1008"
        },
        {
            "time": "21.01.2021 12:04",
            "open": "18.1008",
            "high": "18.1008",
            "low": "18.1008",
            "close": "18.1305"
        },
        {
            "time": "21.01.2021 12:05",
            "open": "18.1305",
            "high": "18.1305",
            "low": "18.1305",
            "close": "18.1534"
        },
        {
            "time": "21.01.2021 12:09",
            "open": "18.1534",
            "high": "18.1545",
            "low": "18.1534",
            "close": "18.1543"
        },
        {
            "time": "21.01.2021 12:11",
            "open": "18.1543",
            "high": "18.1545",
            "low": "18.1543",
            "close": "18.1545"
        },
        {
            "time": "21.01.2021 12:12",
            "open": "18.1545",
            "high": "18.1545",
            "low": "18.1545",
            "close": "18.1313"
        },
        {
            "time": "21.01.2021 12:22",
            "open": "18.1313",
            "high": "18.1313",
            "low": "18.1313",
            "close": "18.1362"
        },
        {
            "time": "21.01.2021 12:23",
            "open": "18.1362",
            "high": "18.1362",
            "low": "18.1362",
            "close": "18.0361"
        },
        {
            "time": "21.01.2021 12:29",
            "open": "18.0361",
            "high": "18.0361",
            "low": "18.0361",
            "close": "18.0487"
        },
        {
            "time": "21.01.2021 12:31",
            "open": "18.0487",
            "high": "18.0581",
            "low": "18.0487",
            "close": "18.0703"
        },
        {
            "time": "21.01.2021 12:36",
            "open": "18.0703",
            "high": "18.0703",
            "low": "18.0623",
            "close": "18.0525"
        },
        {
            "time": "21.01.2021 12:38",
            "open": "18.0525",
            "high": "18.054",
            "low": "18.0525",
            "close": "18.0361"
        },
        {
            "time": "21.01.2021 12:39",
            "open": "18.0361",
            "high": "18.0361",
            "low": "18.0361",
            "close": "18.0362"
        },
        {
            "time": "21.01.2021 12:40",
            "open": "18.0362",
            "high": "18.0471",
            "low": "18.0362",
            "close": "18.0361"
        },
        {
            "time": "21.01.2021 12:41",
            "open": "18.0361",
            "high": "18.0361",
            "low": "17.99",
            "close": "18.0037"
        },
        {
            "time": "21.01.2021 12:42",
            "open": "18.0037",
            "high": "18.0037",
            "low": "18.0037",
            "close": "17.9855"
        },
        {
            "time": "21.01.2021 12:43",
            "open": "17.9855",
            "high": "17.9855",
            "low": "17.9855",
            "close": "18.0246"
        },
        {
            "time": "21.01.2021 12:44",
            "open": "18.0246",
            "high": "18.0246",
            "low": "18.0246",
            "close": "18.044"
        },
        {
            "time": "21.01.2021 12:45",
            "open": "18.044",
            "high": "18.0442",
            "low": "18.044",
            "close": "18.0114"
        },
        {
            "time": "21.01.2021 12:48",
            "open": "18.0114",
            "high": "18.0324",
            "low": "18.0097",
            "close": "18.0815"
        },
        {
            "time": "21.01.2021 12:51",
            "open": "18.0815",
            "high": "18.0815",
            "low": "18.0815",
            "close": "18.0312"
        },
        {
            "time": "21.01.2021 12:52",
            "open": "18.0312",
            "high": "18.0312",
            "low": "18.0312",
            "close": "17.9854"
        },
        {
            "time": "21.01.2021 12:58",
            "open": "17.9854",
            "high": "17.9854",
            "low": "17.9854",
            "close": "17.9694"
        },
        {
            "time": "21.01.2021 12:59",
            "open": "17.9694",
            "high": "17.9694",
            "low": "17.939",
            "close": "17.9678"
        },
        {
            "time": "21.01.2021 13:00",
            "open": "17.9678",
            "high": "17.9678",
            "low": "17.9678",
            "close": "17.9436"
        },
        {
            "time": "21.01.2021 13:05",
            "open": "17.9436",
            "high": "17.9923",
            "low": "17.9436",
            "close": "17.9264"
        },
        {
            "time": "21.01.2021 13:08",
            "open": "17.9264",
            "high": "17.9264",
            "low": "17.9219",
            "close": "17.9203"
        },
        {
            "time": "21.01.2021 13:10",
            "open": "17.9203",
            "high": "17.9203",
            "low": "17.9203",
            "close": "17.922"
        },
        {
            "time": "21.01.2021 13:11",
            "open": "17.922",
            "high": "17.922",
            "low": "17.9203",
            "close": "17.9002"
        },
        {
            "time": "21.01.2021 13:13",
            "open": "17.9002",
            "high": "17.9002",
            "low": "17.9",
            "close": "17.8958"
        },
        {
            "time": "21.01.2021 13:14",
            "open": "17.8958",
            "high": "17.8992",
            "low": "17.8335",
            "close": "17.8599"
        },
        {
            "time": "21.01.2021 13:15",
            "open": "17.8599",
            "high": "17.869",
            "low": "17.8399",
            "close": "17.8725"
        },
        {
            "time": "21.01.2021 13:16",
            "open": "17.8725",
            "high": "17.8833",
            "low": "17.7935",
            "close": "17.8938"
        },
        {
            "time": "21.01.2021 13:20",
            "open": "17.8938",
            "high": "17.8938",
            "low": "17.882",
            "close": "17.9048"
        },
        {
            "time": "21.01.2021 13:22",
            "open": "17.9048",
            "high": "17.9048",
            "low": "17.8947",
            "close": "17.939"
        },
        {
            "time": "21.01.2021 13:25",
            "open": "17.939",
            "high": "17.939",
            "low": "17.939",
            "close": "17.9664"
        },
        {
            "time": "21.01.2021 13:26",
            "open": "17.9664",
            "high": "17.9664",
            "low": "17.9636",
            "close": "17.9191"
        },
        {
            "time": "21.01.2021 13:32",
            "open": "17.9191",
            "high": "17.9191",
            "low": "17.9191",
            "close": "17.9695"
        },
        {
            "time": "21.01.2021 13:37",
            "open": "17.9695",
            "high": "17.9695",
            "low": "17.9695",
            "close": "17.9437"
        },
        {
            "time": "21.01.2021 13:39",
            "open": "17.9437",
            "high": "17.9437",
            "low": "17.9436",
            "close": "17.9191"
        },
        {
            "time": "21.01.2021 13:40",
            "open": "17.9191",
            "high": "17.9338",
            "low": "17.9191",
            "close": "17.9662"
        },
        {
            "time": "21.01.2021 13:41",
            "open": "17.9662",
            "high": "17.9663",
            "low": "17.9662",
            "close": "18.0134"
        },
        {
            "time": "21.01.2021 13:44",
            "open": "18.0134",
            "high": "18.0134",
            "low": "18.0134",
            "close": "18.0209"
        },
        {
            "time": "21.01.2021 13:45",
            "open": "18.0209",
            "high": "18.0209",
            "low": "18.0209",
            "close": "18.0269"
        },
        {
            "time": "21.01.2021 13:47",
            "open": "18.0269",
            "high": "18.0269",
            "low": "18.0269",
            "close": "18.0359"
        },
        {
            "time": "21.01.2021 13:50",
            "open": "18.0359",
            "high": "18.0359",
            "low": "18.0128",
            "close": "18.0229"
        },
        {
            "time": "21.01.2021 13:51",
            "open": "18.0229",
            "high": "18.0229",
            "low": "18.0229",
            "close": "18.047"
        },
        {
            "time": "21.01.2021 13:55",
            "open": "18.047",
            "high": "18.047",
            "low": "18.047",
            "close": "18.0508"
        },
        {
            "time": "21.01.2021 13:56",
            "open": "18.0508",
            "high": "18.0508",
            "low": "18.0508",
            "close": "18.0507"
        },
        {
            "time": "21.01.2021 13:59",
            "open": "18.0507",
            "high": "18.0636",
            "low": "18.0507",
            "close": "18.0607"
        },
        {
            "time": "21.01.2021 14:00",
            "open": "18.0607",
            "high": "18.0607",
            "low": "18.0607",
            "close": "17.9853"
        },
        {
            "time": "21.01.2021 14:02",
            "open": "17.9853",
            "high": "17.9853",
            "low": "17.9853",
            "close": "18.0141"
        },
        {
            "time": "21.01.2021 14:03",
            "open": "18.0141",
            "high": "18.0141",
            "low": "18.0141",
            "close": "18.0345"
        },
        {
            "time": "21.01.2021 14:04",
            "open": "18.0345",
            "high": "18.0345",
            "low": "18.0345",
            "close": "18.0043"
        },
        {
            "time": "21.01.2021 14:05",
            "open": "18.0043",
            "high": "18.0043",
            "low": "18.0043",
            "close": "17.9966"
        },
        {
            "time": "21.01.2021 14:06",
            "open": "17.9966",
            "high": "18.0262",
            "low": "17.9966",
            "close": "18.0478"
        },
        {
            "time": "21.01.2021 14:07",
            "open": "18.0478",
            "high": "18.0478",
            "low": "18.0478",
            "close": "17.9927"
        },
        {
            "time": "21.01.2021 14:10",
            "open": "17.9927",
            "high": "17.9927",
            "low": "17.9927",
            "close": "18.0361"
        },
        {
            "time": "21.01.2021 14:15",
            "open": "18.0361",
            "high": "18.0361",
            "low": "18.0361",
            "close": "18.0375"
        },
        {
            "time": "21.01.2021 14:16",
            "open": "18.0375",
            "high": "18.0375",
            "low": "18.0105",
            "close": "18.0192"
        },
        {
            "time": "21.01.2021 14:27",
            "open": "18.0192",
            "high": "18.0192",
            "low": "18.0184",
            "close": "18.0508"
        },
        {
            "time": "21.01.2021 14:28",
            "open": "18.0508",
            "high": "18.0509",
            "low": "18.0109",
            "close": "18.0078"
        },
        {
            "time": "21.01.2021 14:31",
            "open": "18.0078",
            "high": "18.0257",
            "low": "18.0078",
            "close": "18.0379"
        },
        {
            "time": "21.01.2021 14:34",
            "open": "18.0379",
            "high": "18.0711",
            "low": "18.0379",
            "close": "18.0781"
        },
        {
            "time": "21.01.2021 14:38",
            "open": "18.0781",
            "high": "18.0781",
            "low": "18.0638",
            "close": "18.0616"
        },
        {
            "time": "21.01.2021 14:41",
            "open": "18.0616",
            "high": "18.0616",
            "low": "18.0616",
            "close": "18.0729"
        },
        {
            "time": "21.01.2021 14:50",
            "open": "18.0729",
            "high": "18.0729",
            "low": "18.0729",
            "close": "18.0616"
        },
        {
            "time": "21.01.2021 14:52",
            "open": "18.0616",
            "high": "18.0616",
            "low": "18.0616",
            "close": "18.0127"
        },
        {
            "time": "21.01.2021 14:56",
            "open": "18.0127",
            "high": "18.0127",
            "low": "18.0127",
            "close": "18.0621"
        },
        {
            "time": "21.01.2021 15:03",
            "open": "18.0621",
            "high": "18.0785",
            "low": "18.0621",
            "close": "17.9936"
        },
        {
            "time": "21.01.2021 15:11",
            "open": "17.9936",
            "high": "17.9936",
            "low": "17.9936",
            "close": "17.97"
        },
        {
            "time": "21.01.2021 15:28",
            "open": "17.97",
            "high": "17.97",
            "low": "17.97",
            "close": "17.894"
        },
        {
            "time": "21.01.2021 15:29",
            "open": "17.894",
            "high": "17.894",
            "low": "17.8895",
            "close": "17.9482"
        },
        {
            "time": "21.01.2021 15:30",
            "open": "17.9482",
            "high": "17.9616",
            "low": "17.9482",
            "close": "18.0018"
        },
        {
            "time": "21.01.2021 15:31",
            "open": "18.0018",
            "high": "18.0044",
            "low": "18.0017",
            "close": "17.9652"
        },
        {
            "time": "21.01.2021 15:33",
            "open": "17.9652",
            "high": "17.9652",
            "low": "17.9652",
            "close": "17.9672"
        },
        {
            "time": "21.01.2021 15:37",
            "open": "17.9672",
            "high": "17.9672",
            "low": "17.9224",
            "close": "17.9095"
        },
        {
            "time": "21.01.2021 15:39",
            "open": "17.9095",
            "high": "17.9095",
            "low": "17.9095",
            "close": "17.9128"
        },
        {
            "time": "21.01.2021 15:40",
            "open": "17.9128",
            "high": "17.9183",
            "low": "17.8917",
            "close": "17.8944"
        },
        {
            "time": "21.01.2021 15:41",
            "open": "17.8944",
            "high": "17.8944",
            "low": "17.8944",
            "close": "17.8944"
        },
        {
            "time": "21.01.2021 15:42",
            "open": "17.8944",
            "high": "17.8944",
            "low": "17.8748",
            "close": "17.8662"
        },
        {
            "time": "21.01.2021 15:43",
            "open": "17.8662",
            "high": "17.8662",
            "low": "17.8581",
            "close": "17.8222"
        },
        {
            "time": "21.01.2021 15:44",
            "open": "17.8222",
            "high": "17.8377",
            "low": "17.7604",
            "close": "17.8557"
        },
        {
            "time": "21.01.2021 15:45",
            "open": "17.8557",
            "high": "17.8577",
            "low": "17.8557",
            "close": "17.8451"
        },
        {
            "time": "21.01.2021 15:46",
            "open": "17.8451",
            "high": "17.8451",
            "low": "17.8451",
            "close": "17.8621"
        },
        {
            "time": "21.01.2021 15:47",
            "open": "17.8621",
            "high": "17.8622",
            "low": "17.8621",
            "close": "17.8246"
        },
        {
            "time": "21.01.2021 15:56",
            "open": "17.8246",
            "high": "17.8246",
            "low": "17.7929",
            "close": "17.7836"
        },
        {
            "time": "21.01.2021 15:57",
            "open": "17.7836",
            "high": "17.7836",
            "low": "17.7603",
            "close": "17.7603"
        },
        {
            "time": "21.01.2021 15:58",
            "open": "17.7603",
            "high": "17.7791",
            "low": "17.7603",
            "close": "17.7669"
        },
        {
            "time": "21.01.2021 15:59",
            "open": "17.7669",
            "high": "17.791",
            "low": "17.7456",
            "close": "17.7909"
        },
        {
            "time": "21.01.2021 16:00",
            "open": "17.7909",
            "high": "17.809",
            "low": "17.7909",
            "close": "17.8008"
        },
        {
            "time": "21.01.2021 16:02",
            "open": "17.8008",
            "high": "17.8008",
            "low": "17.8008",
            "close": "17.7813"
        },
        {
            "time": "21.01.2021 16:03",
            "open": "17.7813",
            "high": "17.7813",
            "low": "17.7713",
            "close": "17.7659"
        },
        {
            "time": "21.01.2021 16:04",
            "open": "17.7659",
            "high": "17.7659",
            "low": "17.7543",
            "close": "17.7925"
        },
        {
            "time": "21.01.2021 16:05",
            "open": "17.7925",
            "high": "17.7925",
            "low": "17.7925",
            "close": "17.7939"
        },
        {
            "time": "21.01.2021 16:06",
            "open": "17.7939",
            "high": "17.7939",
            "low": "17.7733",
            "close": "17.8007"
        },
        {
            "time": "21.01.2021 16:07",
            "open": "17.8007",
            "high": "17.8008",
            "low": "17.7957",
            "close": "17.8113"
        },
        {
            "time": "21.01.2021 16:09",
            "open": "17.8113",
            "high": "17.813",
            "low": "17.8113",
            "close": "17.8185"
        },
        {
            "time": "21.01.2021 16:10",
            "open": "17.8185",
            "high": "17.8346",
            "low": "17.8185",
            "close": "17.8622"
        },
        {
            "time": "21.01.2021 16:11",
            "open": "17.8622",
            "high": "17.8622",
            "low": "17.8622",
            "close": "17.8622"
        },
        {
            "time": "21.01.2021 16:12",
            "open": "17.8622",
            "high": "17.8716",
            "low": "17.8622",
            "close": "17.8697"
        },
        {
            "time": "21.01.2021 16:13",
            "open": "17.8697",
            "high": "18.1944",
            "low": "17.8697",
            "close": "17.8619"
        },
        {
            "time": "21.01.2021 16:14",
            "open": "17.8619",
            "high": "17.8619",
            "low": "17.8619",
            "close": "17.8921"
        },
        {
            "time": "21.01.2021 16:15",
            "open": "17.8921",
            "high": "17.8921",
            "low": "17.8921",
            "close": "17.8887"
        },
        {
            "time": "21.01.2021 16:16",
            "open": "17.8887",
            "high": "17.9469",
            "low": "17.8887",
            "close": "17.8866"
        },
        {
            "time": "21.01.2021 16:17",
            "open": "17.8866",
            "high": "17.8866",
            "low": "17.8816",
            "close": "17.8533"
        },
        {
            "time": "21.01.2021 16:20",
            "open": "17.8533",
            "high": "17.8533",
            "low": "17.8533",
            "close": "17.8721"
        },
        {
            "time": "21.01.2021 16:21",
            "open": "17.8721",
            "high": "17.8721",
            "low": "17.8596",
            "close": "17.8669"
        },
        {
            "time": "21.01.2021 16:22",
            "open": "17.8669",
            "high": "17.8669",
            "low": "17.8669",
            "close": "17.8752"
        },
        {
            "time": "21.01.2021 16:24",
            "open": "17.8752",
            "high": "17.8752",
            "low": "17.8752",
            "close": "17.8658"
        },
        {
            "time": "21.01.2021 16:25",
            "open": "17.8658",
            "high": "17.8658",
            "low": "17.8652",
            "close": "17.8421"
        },
        {
            "time": "21.01.2021 16:28",
            "open": "17.8421",
            "high": "17.8421",
            "low": "17.8421",
            "close": "17.8357"
        },
        {
            "time": "21.01.2021 16:29",
            "open": "17.8357",
            "high": "17.8357",
            "low": "17.8357",
            "close": "17.8031"
        },
        {
            "time": "21.01.2021 16:30",
            "open": "17.8031",
            "high": "17.8108",
            "low": "17.8031",
            "close": "17.8285"
        },
        {
            "time": "21.01.2021 16:32",
            "open": "17.8285",
            "high": "17.8285",
            "low": "17.757",
            "close": "17.7582"
        },
        {
            "time": "21.01.2021 16:33",
            "open": "17.7582",
            "high": "17.7582",
            "low": "17.7532",
            "close": "17.7616"
        },
        {
            "time": "21.01.2021 16:34",
            "open": "17.7616",
            "high": "17.7616",
            "low": "17.7616",
            "close": "17.7755"
        },
        {
            "time": "21.01.2021 16:35",
            "open": "17.7755",
            "high": "17.7755",
            "low": "17.772",
            "close": "17.7652"
        },
        {
            "time": "21.01.2021 16:37",
            "open": "17.7652",
            "high": "17.7652",
            "low": "17.7652",
            "close": "17.7652"
        },
        {
            "time": "21.01.2021 16:42",
            "open": "17.7652",
            "high": "17.7652",
            "low": "17.7652",
            "close": "17.7652"
        },
        {
            "time": "21.01.2021 16:45",
            "open": "17.7652",
            "high": "17.7652",
            "low": "17.7652",
            "close": "17.7553"
        },
        {
            "time": "21.01.2021 16:54",
            "open": "17.7553",
            "high": "17.7553",
            "low": "17.7553",
            "close": "17.7763"
        },
        {
            "time": "21.01.2021 16:56",
            "open": "17.7763",
            "high": "17.7763",
            "low": "17.7763",
            "close": "17.7938"
        },
        {
            "time": "21.01.2021 16:57",
            "open": "17.7938",
            "high": "17.7941",
            "low": "17.7938",
            "close": "17.8912"
        },
        {
            "time": "21.01.2021 17:07",
            "open": "17.8912",
            "high": "17.8912",
            "low": "17.8912",
            "close": "17.8755"
        },
        {
            "time": "21.01.2021 17:12",
            "open": "17.8755",
            "high": "17.8755",
            "low": "17.8621",
            "close": "17.8724"
        },
        {
            "time": "21.01.2021 17:16",
            "open": "17.8724",
            "high": "17.8724",
            "low": "17.8724",
            "close": "17.8867"
        },
        {
            "time": "21.01.2021 17:17",
            "open": "17.8867",
            "high": "17.8867",
            "low": "17.8867",
            "close": "17.8458"
        },
        {
            "time": "21.01.2021 17:20",
            "open": "17.8458",
            "high": "17.8458",
            "low": "17.8458",
            "close": "17.8458"
        },
        {
            "time": "21.01.2021 17:26",
            "open": "17.8458",
            "high": "17.8458",
            "low": "17.8458",
            "close": "17.8317"
        },
        {
            "time": "21.01.2021 17:30",
            "open": "17.8317",
            "high": "17.871",
            "low": "17.8317",
            "close": "17.8769"
        },
        {
            "time": "21.01.2021 17:31",
            "open": "17.8769",
            "high": "17.8769",
            "low": "17.8769",
            "close": "17.8421"
        },
        {
            "time": "21.01.2021 17:34",
            "open": "17.8421",
            "high": "17.8421",
            "low": "17.8421",
            "close": "17.8348"
        },
        {
            "time": "21.01.2021 17:35",
            "open": "17.8348",
            "high": "17.8348",
            "low": "17.8348",
            "close": "17.7936"
        },
        {
            "time": "21.01.2021 17:40",
            "open": "17.7936",
            "high": "17.7936",
            "low": "17.7936",
            "close": "17.7611"
        },
        {
            "time": "21.01.2021 17:44",
            "open": "17.7611",
            "high": "17.7611",
            "low": "17.7466",
            "close": "17.7655"
        },
        {
            "time": "21.01.2021 17:46",
            "open": "17.7655",
            "high": "17.7655",
            "low": "17.7655",
            "close": "17.7345"
        },
        {
            "time": "21.01.2021 17:52",
            "open": "17.7345",
            "high": "17.7345",
            "low": "17.7213",
            "close": "17.718"
        },
        {
            "time": "21.01.2021 17:53",
            "open": "17.718",
            "high": "17.7354",
            "low": "17.718",
            "close": "17.71"
        },
        {
            "time": "21.01.2021 17:54",
            "open": "17.71",
            "high": "17.71",
            "low": "17.6999",
            "close": "17.7262"
        },
        {
            "time": "21.01.2021 17:57",
            "open": "17.7262",
            "high": "17.7262",
            "low": "17.7262",
            "close": "17.6931"
        },
        {
            "time": "21.01.2021 17:58",
            "open": "17.6931",
            "high": "17.6931",
            "low": "17.6931",
            "close": "17.7307"
        },
        {
            "time": "21.01.2021 18:01",
            "open": "17.7307",
            "high": "17.7325",
            "low": "17.7307",
            "close": "17.6963"
        },
        {
            "time": "21.01.2021 18:02",
            "open": "17.6963",
            "high": "17.6963",
            "low": "17.6944",
            "close": "17.7194"
        },
        {
            "time": "21.01.2021 18:04",
            "open": "17.7194",
            "high": "17.7194",
            "low": "17.7167",
            "close": "17.7122"
        },
        {
            "time": "21.01.2021 18:10",
            "open": "17.7122",
            "high": "17.7122",
            "low": "17.7122",
            "close": "17.7106"
        },
        {
            "time": "21.01.2021 18:12",
            "open": "17.7106",
            "high": "17.7106",
            "low": "17.6911",
            "close": "17.6922"
        },
        {
            "time": "21.01.2021 18:13",
            "open": "17.6922",
            "high": "17.6922",
            "low": "17.6922",
            "close": "17.7079"
        },
        {
            "time": "21.01.2021 18:14",
            "open": "17.7079",
            "high": "17.7079",
            "low": "17.7079",
            "close": "17.7023"
        },
        {
            "time": "21.01.2021 18:15",
            "open": "17.7023",
            "high": "17.7023",
            "low": "17.6948",
            "close": "17.6795"
        },
        {
            "time": "21.01.2021 18:16",
            "open": "17.6795",
            "high": "17.7048",
            "low": "17.678",
            "close": "17.6723"
        },
        {
            "time": "21.01.2021 18:17",
            "open": "17.6723",
            "high": "17.6723",
            "low": "17.6701",
            "close": "17.6832"
        },
        {
            "time": "21.01.2021 18:22",
            "open": "17.6832",
            "high": "17.6832",
            "low": "17.6717",
            "close": "17.6832"
        },
        {
            "time": "21.01.2021 18:23",
            "open": "17.6832",
            "high": "17.6832",
            "low": "17.6832",
            "close": "17.6852"
        },
        {
            "time": "21.01.2021 18:24",
            "open": "17.6852",
            "high": "17.6876",
            "low": "17.6852",
            "close": "17.706"
        },
        {
            "time": "21.01.2021 18:26",
            "open": "17.706",
            "high": "17.706",
            "low": "17.706",
            "close": "17.7265"
        },
        {
            "time": "21.01.2021 18:27",
            "open": "17.7265",
            "high": "17.7265",
            "low": "17.7251",
            "close": "17.7772"
        },
        {
            "time": "21.01.2021 18:29",
            "open": "17.7772",
            "high": "17.7772",
            "low": "17.7772",
            "close": "17.7688"
        },
        {
            "time": "21.01.2021 18:30",
            "open": "17.7688",
            "high": "17.7688",
            "low": "17.7688",
            "close": "17.7401"
        },
        {
            "time": "21.01.2021 18:36",
            "open": "17.7401",
            "high": "17.7402",
            "low": "17.7401",
            "close": "17.7444"
        },
        {
            "time": "21.01.2021 18:37",
            "open": "17.7444",
            "high": "17.7444",
            "low": "17.7421",
            "close": "17.7552"
        },
        {
            "time": "21.01.2021 18:40",
            "open": "17.7552",
            "high": "17.7552",
            "low": "17.7551",
            "close": "17.7693"
        },
        {
            "time": "21.01.2021 18:41",
            "open": "17.7693",
            "high": "17.799",
            "low": "17.7693",
            "close": "17.8045"
        },
        {
            "time": "21.01.2021 18:42",
            "open": "17.8045",
            "high": "17.8046",
            "low": "17.8045",
            "close": "17.8106"
        },
        {
            "time": "21.01.2021 18:46",
            "open": "17.8106",
            "high": "17.812",
            "low": "17.781",
            "close": "17.801"
        },
        {
            "time": "21.01.2021 18:50",
            "open": "17.801",
            "high": "17.801",
            "low": "17.801",
            "close": "17.7718"
        },
        {
            "time": "21.01.2021 18:51",
            "open": "17.7718",
            "high": "17.7718",
            "low": "17.7639",
            "close": "17.7952"
        },
        {
            "time": "21.01.2021 18:56",
            "open": "17.7952",
            "high": "17.7952",
            "low": "17.7952",
            "close": "17.7952"
        },
        {
            "time": "21.01.2021 18:57",
            "open": "17.7952",
            "high": "17.7952",
            "low": "17.7952",
            "close": "17.7421"
        },
        {
            "time": "21.01.2021 19:01",
            "open": "17.7421",
            "high": "17.7421",
            "low": "17.7421",
            "close": "17.7588"
        },
        {
            "time": "21.01.2021 19:12",
            "open": "17.7588",
            "high": "17.7588",
            "low": "17.7588",
            "close": "17.7553"
        },
        {
            "time": "21.01.2021 19:14",
            "open": "17.7553",
            "high": "17.7553",
            "low": "17.7553",
            "close": "17.7667"
        },
        {
            "time": "21.01.2021 19:16",
            "open": "17.7667",
            "high": "17.7667",
            "low": "17.7581",
            "close": "17.7257"
        },
        {
            "time": "21.01.2021 19:17",
            "open": "17.7257",
            "high": "17.7437",
            "low": "17.7257",
            "close": "17.7311"
        },
        {
            "time": "21.01.2021 19:19",
            "open": "17.7311",
            "high": "17.7317",
            "low": "17.7311",
            "close": "17.7358"
        },
        {
            "time": "21.01.2021 19:23",
            "open": "17.7358",
            "high": "17.7418",
            "low": "17.7358",
            "close": "17.7685"
        },
        {
            "time": "21.01.2021 19:24",
            "open": "17.7685",
            "high": "17.7685",
            "low": "17.7685",
            "close": "17.7685"
        },
        {
            "time": "21.01.2021 19:27",
            "open": "17.7685",
            "high": "17.7685",
            "low": "17.7685",
            "close": "17.7883"
        },
        {
            "time": "21.01.2021 19:28",
            "open": "17.7883",
            "high": "17.7883",
            "low": "17.7883",
            "close": "17.7565"
        },
        {
            "time": "21.01.2021 19:31",
            "open": "17.7565",
            "high": "17.7565",
            "low": "17.7565",
            "close": "17.7316"
        },
        {
            "time": "21.01.2021 19:32",
            "open": "17.7316",
            "high": "17.7316",
            "low": "17.7105",
            "close": "17.7137"
        },
        {
            "time": "21.01.2021 19:36",
            "open": "17.7137",
            "high": "17.7137",
            "low": "17.7137",
            "close": "17.7546"
        },
        {
            "time": "21.01.2021 19:43",
            "open": "17.7546",
            "high": "17.7546",
            "low": "17.7546",
            "close": "17.7759"
        },
        {
            "time": "21.01.2021 19:46",
            "open": "17.7759",
            "high": "17.7759",
            "low": "17.7759",
            "close": "17.7107"
        },
        {
            "time": "21.01.2021 19:52",
            "open": "17.7107",
            "high": "17.7107",
            "low": "17.71",
            "close": "17.7416"
        },
        {
            "time": "21.01.2021 19:53",
            "open": "17.7416",
            "high": "17.7416",
            "low": "17.7416",
            "close": "17.7325"
        },
        {
            "time": "21.01.2021 19:56",
            "open": "17.7325",
            "high": "17.7325",
            "low": "17.7325",
            "close": "17.8275"
        },
        {
            "time": "21.01.2021 20:07",
            "open": "17.8275",
            "high": "17.8275",
            "low": "17.8228",
            "close": "17.8463"
        },
        {
            "time": "21.01.2021 20:08",
            "open": "17.8463",
            "high": "17.8463",
            "low": "17.8463",
            "close": "17.8442"
        },
        {
            "time": "21.01.2021 20:19",
            "open": "17.8442",
            "high": "17.8442",
            "low": "17.8442",
            "close": "17.8503"
        },
        {
            "time": "21.01.2021 20:23",
            "open": "17.8503",
            "high": "17.8503",
            "low": "17.8348",
            "close": "17.8888"
        },
        {
            "time": "21.01.2021 20:27",
            "open": "17.8888",
            "high": "17.89",
            "low": "17.8888",
            "close": "17.8866"
        },
        {
            "time": "21.01.2021 20:29",
            "open": "17.8866",
            "high": "17.892",
            "low": "17.8858",
            "close": "17.8773"
        },
        {
            "time": "21.01.2021 20:33",
            "open": "17.8773",
            "high": "17.8781",
            "low": "17.8773",
            "close": "17.9291"
        },
        {
            "time": "21.01.2021 20:42",
            "open": "17.9291",
            "high": "17.9291",
            "low": "17.9291",
            "close": "17.929"
        },
        {
            "time": "21.01.2021 20:43",
            "open": "17.929",
            "high": "17.929",
            "low": "17.9066",
            "close": "17.9631"
        },
        {
            "time": "21.01.2021 20:45",
            "open": "17.9631",
            "high": "17.968",
            "low": "17.9631",
            "close": "17.964"
        },
        {
            "time": "21.01.2021 20:46",
            "open": "17.964",
            "high": "17.964",
            "low": "17.9326",
            "close": "18.023"
        },
        {
            "time": "21.01.2021 20:51",
            "open": "18.023",
            "high": "18.023",
            "low": "18.023",
            "close": "18.036"
        },
        {
            "time": "21.01.2021 20:54",
            "open": "18.036",
            "high": "18.0361",
            "low": "18.036",
            "close": "18.0371"
        },
        {
            "time": "21.01.2021 20:55",
            "open": "18.0371",
            "high": "18.0371",
            "low": "18.0371",
            "close": "18.0564"
        },
        {
            "time": "21.01.2021 20:58",
            "open": "18.0564",
            "high": "18.0598",
            "low": "18.0564",
            "close": "17.9919"
        },
        {
            "time": "21.01.2021 21:03",
            "open": "17.9919",
            "high": "17.9919",
            "low": "17.9919",
            "close": "17.9925"
        },
        {
            "time": "21.01.2021 21:04",
            "open": "17.9925",
            "high": "17.9926",
            "low": "17.9668",
            "close": "17.9702"
        },
        {
            "time": "21.01.2021 21:14",
            "open": "17.9702",
            "high": "17.9702",
            "low": "17.9702",
            "close": "17.9716"
        },
        {
            "time": "21.01.2021 21:15",
            "open": "17.9716",
            "high": "17.9716",
            "low": "17.9671",
            "close": "17.9583"
        },
        {
            "time": "21.01.2021 21:16",
            "open": "17.9583",
            "high": "17.9583",
            "low": "17.9583",
            "close": "17.9684"
        },
        {
            "time": "21.01.2021 21:20",
            "open": "17.9684",
            "high": "17.9684",
            "low": "17.9684",
            "close": "17.947"
        },
        {
            "time": "21.01.2021 21:21",
            "open": "17.947",
            "high": "17.947",
            "low": "17.947",
            "close": "17.9598"
        },
        {
            "time": "21.01.2021 21:23",
            "open": "17.9598",
            "high": "17.9598",
            "low": "17.9598",
            "close": "17.93"
        },
        {
            "time": "21.01.2021 21:27",
            "open": "17.93",
            "high": "17.93",
            "low": "17.93",
            "close": "17.9446"
        },
        {
            "time": "21.01.2021 21:30",
            "open": "17.9446",
            "high": "17.9837",
            "low": "17.9445",
            "close": "17.9533"
        },
        {
            "time": "21.01.2021 21:31",
            "open": "17.9533",
            "high": "17.9533",
            "low": "17.9533",
            "close": "17.9655"
        },
        {
            "time": "21.01.2021 21:32",
            "open": "17.9655",
            "high": "17.9655",
            "low": "17.9641",
            "close": "17.8767"
        },
        {
            "time": "21.01.2021 21:45",
            "open": "17.8767",
            "high": "17.8767",
            "low": "17.8767",
            "close": "17.8714"
        },
        {
            "time": "21.01.2021 21:50",
            "open": "17.8714",
            "high": "17.8714",
            "low": "17.8714",
            "close": "17.8301"
        },
        {
            "time": "21.01.2021 21:56",
            "open": "17.8301",
            "high": "17.8301",
            "low": "17.8301",
            "close": "17.8"
        },
        {
            "time": "21.01.2021 21:57",
            "open": "17.8",
            "high": "17.8",
            "low": "17.7912",
            "close": "17.7912"
        },
        {
            "time": "21.01.2021 21:59",
            "open": "17.7912",
            "high": "17.7912",
            "low": "17.7912",
            "close": "17.8262"
        },
        {
            "time": "21.01.2021 22:03",
            "open": "17.8262",
            "high": "17.8274",
            "low": "17.8262",
            "close": "17.7305"
        },
        {
            "time": "21.01.2021 22:05",
            "open": "17.7305",
            "high": "17.767",
            "low": "17.7305",
            "close": "17.7573"
        },
        {
            "time": "21.01.2021 22:06",
            "open": "17.7573",
            "high": "17.7688",
            "low": "17.7572",
            "close": "17.7064"
        },
        {
            "time": "21.01.2021 22:07",
            "open": "17.7064",
            "high": "17.7064",
            "low": "17.7016",
            "close": "17.7068"
        },
        {
            "time": "21.01.2021 22:09",
            "open": "17.7068",
            "high": "17.7068",
            "low": "17.7068",
            "close": "17.7097"
        },
        {
            "time": "21.01.2021 22:10",
            "open": "17.7097",
            "high": "17.7126",
            "low": "17.7097",
            "close": "17.6712"
        },
        {
            "time": "21.01.2021 22:11",
            "open": "17.6712",
            "high": "17.6712",
            "low": "17.6712",
            "close": "17.712"
        },
        {
            "time": "21.01.2021 22:12",
            "open": "17.712",
            "high": "17.712",
            "low": "17.712",
            "close": "17.7116"
        },
        {
            "time": "21.01.2021 22:14",
            "open": "17.7116",
            "high": "17.716",
            "low": "17.7116",
            "close": "17.7038"
        },
        {
            "time": "21.01.2021 22:17",
            "open": "17.7038",
            "high": "17.7038",
            "low": "17.7038",
            "close": "17.7673"
        },
        {
            "time": "21.01.2021 22:21",
            "open": "17.7673",
            "high": "17.7883",
            "low": "17.7673",
            "close": "17.7677"
        },
        {
            "time": "21.01.2021 22:22",
            "open": "17.7679",
            "high": "17.7679",
            "low": "17.7679",
            "close": "17.7667"
        },
        {
            "time": "21.01.2021 22:26",
            "open": "17.7667",
            "high": "17.7667",
            "low": "17.7667",
            "close": "17.7168"
        },
        {
            "time": "21.01.2021 22:39",
            "open": "17.7168",
            "high": "17.7168",
            "low": "17.7168",
            "close": "17.7255"
        },
        {
            "time": "21.01.2021 22:42",
            "open": "17.7255",
            "high": "17.7255",
            "low": "17.7255",
            "close": "17.7181"
        },
        {
            "time": "21.01.2021 22:46",
            "open": "17.7181",
            "high": "17.7197",
            "low": "17.7138",
            "close": "17.7141"
        },
        {
            "time": "21.01.2021 22:47",
            "open": "17.7141",
            "high": "17.7141",
            "low": "17.7141",
            "close": "17.6701"
        },
        {
            "time": "21.01.2021 22:48",
            "open": "17.6701",
            "high": "17.6929",
            "low": "17.67",
            "close": "17.6891"
        },
        {
            "time": "21.01.2021 22:50",
            "open": "17.6891",
            "high": "17.6891",
            "low": "17.6891",
            "close": "17.6598"
        },
        {
            "time": "21.01.2021 22:54",
            "open": "17.6598",
            "high": "17.6598",
            "low": "17.6598",
            "close": "17.6506"
        },
        {
            "time": "21.01.2021 22:55",
            "open": "17.6506",
            "high": "17.6506",
            "low": "17.6408",
            "close": "17.6381"
        },
        {
            "time": "21.01.2021 22:56",
            "open": "17.6381",
            "high": "17.6381",
            "low": "17.6381",
            "close": "17.6605"
        },
        {
            "time": "21.01.2021 22:57",
            "open": "17.6605",
            "high": "17.6639",
            "low": "17.6605",
            "close": "17.6423"
        },
        {
            "time": "21.01.2021 22:58",
            "open": "17.6423",
            "high": "17.6715",
            "low": "17.6423",
            "close": "17.6671"
        },
        {
            "time": "21.01.2021 22:59",
            "open": "17.6671",
            "high": "17.6671",
            "low": "17.6599",
            "close": "17.6685"
        },
        {
            "time": "21.01.2021 23:00",
            "open": "17.6685",
            "high": "17.6688",
            "low": "17.6685",
            "close": "17.6373"
        },
        {
            "time": "21.01.2021 23:01",
            "open": "17.6373",
            "high": "17.6373",
            "low": "17.6373",
            "close": "17.678"
        },
        {
            "time": "21.01.2021 23:03",
            "open": "17.678",
            "high": "17.678",
            "low": "17.678",
            "close": "17.6373"
        },
        {
            "time": "21.01.2021 23:04",
            "open": "17.6373",
            "high": "17.6373",
            "low": "17.6275",
            "close": "17.6273"
        },
        {
            "time": "21.01.2021 23:05",
            "open": "17.6273",
            "high": "17.6273",
            "low": "17.6273",
            "close": "17.6445"
        },
        {
            "time": "21.01.2021 23:06",
            "open": "17.6445",
            "high": "17.6445",
            "low": "17.6445",
            "close": "17.652"
        },
        {
            "time": "21.01.2021 23:07",
            "open": "17.652",
            "high": "17.652",
            "low": "17.652",
            "close": "17.6525"
        },
        {
            "time": "21.01.2021 23:08",
            "open": "17.6525",
            "high": "17.6525",
            "low": "17.636",
            "close": "17.6263"
        },
        {
            "time": "21.01.2021 23:09",
            "open": "17.6263",
            "high": "17.6263",
            "low": "17.6263",
            "close": "17.6327"
        },
        {
            "time": "21.01.2021 23:10",
            "open": "17.6327",
            "high": "17.6327",
            "low": "17.6258",
            "close": "17.6006"
        },
        {
            "time": "21.01.2021 23:11",
            "open": "17.6006",
            "high": "17.6006",
            "low": "17.6006",
            "close": "17.6"
        },
        {
            "time": "21.01.2021 23:12",
            "open": "17.6",
            "high": "17.6078",
            "low": "17.5879",
            "close": "17.586"
        },
        {
            "time": "21.01.2021 23:13",
            "open": "17.586",
            "high": "17.586",
            "low": "17.5751",
            "close": "17.5943"
        },
        {
            "time": "21.01.2021 23:20",
            "open": "17.5943",
            "high": "17.5943",
            "low": "17.5943",
            "close": "17.5605"
        },
        {
            "time": "21.01.2021 23:22",
            "open": "17.5605",
            "high": "17.5605",
            "low": "17.5605",
            "close": "17.5402"
        },
        {
            "time": "21.01.2021 23:25",
            "open": "17.5402",
            "high": "17.5498",
            "low": "17.5314",
            "close": "17.5314"
        },
        {
            "time": "21.01.2021 23:26",
            "open": "17.5314",
            "high": "17.5314",
            "low": "17.5205",
            "close": "17.5369"
        },
        {
            "time": "21.01.2021 23:27",
            "open": "17.5369",
            "high": "17.5426",
            "low": "17.5369",
            "close": "17.5446"
        },
        {
            "time": "21.01.2021 23:28",
            "open": "17.5446",
            "high": "17.5446",
            "low": "17.5114",
            "close": "17.51"
        },
        {
            "time": "21.01.2021 23:29",
            "open": "17.51",
            "high": "17.51",
            "low": "17.48",
            "close": "17.453"
        },
        {
            "time": "21.01.2021 23:30",
            "open": "17.453",
            "high": "17.4805",
            "low": "17.4475",
            "close": "17.4155"
        },
        {
            "time": "21.01.2021 23:31",
            "open": "17.4155",
            "high": "17.4443",
            "low": "17.3821",
            "close": "17.3771"
        },
        {
            "time": "21.01.2021 23:32",
            "open": "17.3771",
            "high": "17.3771",
            "low": "17.3221",
            "close": "17.3605"
        },
        {
            "time": "21.01.2021 23:33",
            "open": "17.3605",
            "high": "17.3605",
            "low": "17.3",
            "close": "17.2741"
        },
        {
            "time": "21.01.2021 23:34",
            "open": "17.2741",
            "high": "17.2915",
            "low": "17.2433",
            "close": "17.2885"
        },
        {
            "time": "21.01.2021 23:35",
            "open": "17.2885",
            "high": "17.3658",
            "low": "17.2885",
            "close": "17.2758"
        },
        {
            "time": "21.01.2021 23:36",
            "open": "17.2758",
            "high": "17.2758",
            "low": "17.256",
            "close": "17.2707"
        },
        {
            "time": "21.01.2021 23:37",
            "open": "17.2707",
            "high": "17.338",
            "low": "17.2191",
            "close": "17.2816"
        },
        {
            "time": "21.01.2021 23:38",
            "open": "17.2816",
            "high": "17.3575",
            "low": "17.2816",
            "close": "17.3393"
        },
        {
            "time": "21.01.2021 23:39",
            "open": "17.3393",
            "high": "17.3587",
            "low": "17.3391",
            "close": "17.3825"
        },
        {
            "time": "21.01.2021 23:40",
            "open": "17.3825",
            "high": "17.425",
            "low": "17.3825",
            "close": "17.3999"
        },
        {
            "time": "21.01.2021 23:41",
            "open": "17.3999",
            "high": "17.4455",
            "low": "17.3945",
            "close": "17.4316"
        },
        {
            "time": "21.01.2021 23:42",
            "open": "17.4316",
            "high": "17.4316",
            "low": "17.3873",
            "close": "17.4175"
        },
        {
            "time": "21.01.2021 23:43",
            "open": "17.4175",
            "high": "17.4193",
            "low": "17.4088",
            "close": "17.4511"
        },
        {
            "time": "21.01.2021 23:44",
            "open": "17.4511",
            "high": "17.4512",
            "low": "17.386",
            "close": "17.4074"
        },
        {
            "time": "21.01.2021 23:45",
            "open": "17.4074",
            "high": "17.4377",
            "low": "17.4074",
            "close": "17.4496"
        },
        {
            "time": "21.01.2021 23:46",
            "open": "17.4496",
            "high": "17.4499",
            "low": "17.4161",
            "close": "17.416"
        },
        {
            "time": "21.01.2021 23:47",
            "open": "17.416",
            "high": "17.4468",
            "low": "17.4157",
            "close": "17.4514"
        },
        {
            "time": "21.01.2021 23:48",
            "open": "17.4514",
            "high": "17.4514",
            "low": "17.437",
            "close": "17.441"
        },
        {
            "time": "21.01.2021 23:49",
            "open": "17.441",
            "high": "17.4653",
            "low": "17.4304",
            "close": "17.4809"
        },
        {
            "time": "21.01.2021 23:50",
            "open": "17.4809",
            "high": "17.4809",
            "low": "17.4806",
            "close": "17.438"
        },
        {
            "time": "21.01.2021 23:51",
            "open": "17.438",
            "high": "17.4549",
            "low": "17.438",
            "close": "17.4687"
        },
        {
            "time": "21.01.2021 23:52",
            "open": "17.4687",
            "high": "17.4687",
            "low": "17.4594",
            "close": "17.4343"
        },
        {
            "time": "21.01.2021 23:53",
            "open": "17.4343",
            "high": "17.4343",
            "low": "17.4286",
            "close": "17.4294"
        },
        {
            "time": "21.01.2021 23:54",
            "open": "17.4294",
            "high": "17.4296",
            "low": "17.4252",
            "close": "17.4563"
        },
        {
            "time": "21.01.2021 23:55",
            "open": "17.4563",
            "high": "17.4583",
            "low": "17.4382",
            "close": "17.4424"
        },
        {
            "time": "21.01.2021 23:56",
            "open": "17.4424",
            "high": "17.4424",
            "low": "17.4422",
            "close": "17.465"
        },
        {
            "time": "21.01.2021 23:57",
            "open": "17.465",
            "high": "17.4652",
            "low": "17.4083",
            "close": "17.4208"
        }
    ]
}