{
    "FIL-EUR": [
        {
            "time": "04.08.2021 23:58",
            "open": "48",
            "high": "48",
            "low": "48",
            "close": "48.05"
        },
        {
            "time": "05.08.2021 00:00",
            "open": "48.05",
            "high": "48.05",
            "low": "48.05",
            "close": "48.1"
        },
        {
            "time": "05.08.2021 00:01",
            "open": "48.1",
            "high": "48.1",
            "low": "48.1",
            "close": "48.15"
        },
        {
            "time": "05.08.2021 00:02",
            "open": "48.15",
            "high": "48.2",
            "low": "48.15",
            "close": "48.1981"
        },
        {
            "time": "05.08.2021 00:05",
            "open": "48.1981",
            "high": "48.1981",
            "low": "48.1981",
            "close": "48.1401"
        },
        {
            "time": "05.08.2021 00:13",
            "open": "48.1401",
            "high": "48.1401",
            "low": "48.1401",
            "close": "48"
        },
        {
            "time": "05.08.2021 00:16",
            "open": "48",
            "high": "48",
            "low": "48",
            "close": "47.95"
        },
        {
            "time": "05.08.2021 00:18",
            "open": "47.95",
            "high": "47.95",
            "low": "47.95",
            "close": "48.0699"
        },
        {
            "time": "05.08.2021 00:20",
            "open": "48.0699",
            "high": "48.0699",
            "low": "48.0699",
            "close": "48.0943"
        },
        {
            "time": "05.08.2021 00:30",
            "open": "48.0943",
            "high": "48.0943",
            "low": "48.0943",
            "close": "48.0259"
        },
        {
            "time": "05.08.2021 00:31",
            "open": "48.0259",
            "high": "48.0259",
            "low": "48.0167",
            "close": "48.0212"
        },
        {
            "time": "05.08.2021 00:33",
            "open": "48.0212",
            "high": "48.0212",
            "low": "48.0185",
            "close": "47.9"
        },
        {
            "time": "05.08.2021 00:37",
            "open": "47.9",
            "high": "47.9",
            "low": "47.9",
            "close": "47.85"
        },
        {
            "time": "05.08.2021 00:38",
            "open": "47.8",
            "high": "47.8",
            "low": "47.8",
            "close": "47.8334"
        },
        {
            "time": "05.08.2021 00:43",
            "open": "47.8334",
            "high": "47.8334",
            "low": "47.8334",
            "close": "47.75"
        },
        {
            "time": "05.08.2021 00:49",
            "open": "47.75",
            "high": "47.75",
            "low": "47.6",
            "close": "47.6386"
        },
        {
            "time": "05.08.2021 00:52",
            "open": "47.6386",
            "high": "47.6386",
            "low": "47.6386",
            "close": "47.55"
        },
        {
            "time": "05.08.2021 00:53",
            "open": "47.55",
            "high": "47.55",
            "low": "47.55",
            "close": "47.716"
        },
        {
            "time": "05.08.2021 00:57",
            "open": "47.716",
            "high": "47.716",
            "low": "47.716",
            "close": "47.75"
        },
        {
            "time": "05.08.2021 00:58",
            "open": "47.75",
            "high": "47.769",
            "low": "47.75",
            "close": "47.55"
        },
        {
            "time": "05.08.2021 01:05",
            "open": "47.55",
            "high": "47.55",
            "low": "47.5126",
            "close": "47.6471"
        },
        {
            "time": "05.08.2021 01:10",
            "open": "47.6471",
            "high": "47.6473",
            "low": "47.6471",
            "close": "47.75"
        },
        {
            "time": "05.08.2021 01:21",
            "open": "47.75",
            "high": "47.75",
            "low": "47.75",
            "close": "47.7658"
        },
        {
            "time": "05.08.2021 01:23",
            "open": "47.7658",
            "high": "47.7658",
            "low": "47.7658",
            "close": "47.8"
        },
        {
            "time": "05.08.2021 01:27",
            "open": "47.8",
            "high": "47.8",
            "low": "47.8",
            "close": "47.85"
        },
        {
            "time": "05.08.2021 01:30",
            "open": "47.85",
            "high": "47.85",
            "low": "47.85",
            "close": "47.9"
        },
        {
            "time": "05.08.2021 01:31",
            "open": "47.9",
            "high": "47.9",
            "low": "47.9",
            "close": "47.95"
        },
        {
            "time": "05.08.2021 01:34",
            "open": "47.95",
            "high": "47.95",
            "low": "47.95",
            "close": "47.8443"
        },
        {
            "time": "05.08.2021 01:41",
            "open": "47.8443",
            "high": "47.8443",
            "low": "47.8443",
            "close": "47.84"
        },
        {
            "time": "05.08.2021 01:42",
            "open": "47.84",
            "high": "47.84",
            "low": "47.84",
            "close": "47.8076"
        },
        {
            "time": "05.08.2021 01:43",
            "open": "47.8076",
            "high": "47.8076",
            "low": "47.8076",
            "close": "47.75"
        },
        {
            "time": "05.08.2021 01:45",
            "open": "47.75",
            "high": "47.75",
            "low": "47.75",
            "close": "47.7"
        },
        {
            "time": "05.08.2021 01:46",
            "open": "47.7",
            "high": "47.7",
            "low": "47.7",
            "close": "47.7192"
        },
        {
            "time": "05.08.2021 01:48",
            "open": "47.7192",
            "high": "47.7192",
            "low": "47.7192",
            "close": "47.65"
        },
        {
            "time": "05.08.2021 02:01",
            "open": "47.65",
            "high": "47.65",
            "low": "47.55",
            "close": "47.5889"
        },
        {
            "time": "05.08.2021 02:02",
            "open": "47.5889",
            "high": "47.5889",
            "low": "47.5679",
            "close": "47.75"
        },
        {
            "time": "05.08.2021 02:06",
            "open": "47.75",
            "high": "47.75",
            "low": "47.75",
            "close": "47.8"
        },
        {
            "time": "05.08.2021 02:09",
            "open": "47.8",
            "high": "47.8",
            "low": "47.8",
            "close": "47.85"
        },
        {
            "time": "05.08.2021 02:10",
            "open": "47.85",
            "high": "47.9",
            "low": "47.85",
            "close": "47.95"
        },
        {
            "time": "05.08.2021 02:12",
            "open": "47.95",
            "high": "47.95",
            "low": "47.95",
            "close": "47.9618"
        },
        {
            "time": "05.08.2021 02:13",
            "open": "47.9618",
            "high": "48.05",
            "low": "47.9618",
            "close": "47.9175"
        },
        {
            "time": "05.08.2021 02:16",
            "open": "47.9175",
            "high": "47.9175",
            "low": "47.9175",
            "close": "47.85"
        },
        {
            "time": "05.08.2021 02:19",
            "open": "47.85",
            "high": "47.85",
            "low": "47.85",
            "close": "47.8158"
        },
        {
            "time": "05.08.2021 02:23",
            "open": "47.8158",
            "high": "47.8158",
            "low": "47.8158",
            "close": "47.8"
        },
        {
            "time": "05.08.2021 02:24",
            "open": "47.8",
            "high": "47.8",
            "low": "47.75",
            "close": "47.7"
        },
        {
            "time": "05.08.2021 02:26",
            "open": "47.7",
            "high": "47.7",
            "low": "47.7",
            "close": "47.7362"
        },
        {
            "time": "05.08.2021 02:27",
            "open": "47.7362",
            "high": "47.7405",
            "low": "47.7362",
            "close": "47.6583"
        },
        {
            "time": "05.08.2021 02:29",
            "open": "47.6583",
            "high": "47.6583",
            "low": "47.6",
            "close": "47.6164"
        },
        {
            "time": "05.08.2021 02:30",
            "open": "47.6164",
            "high": "47.6212",
            "low": "47.6164",
            "close": "47.5625"
        },
        {
            "time": "05.08.2021 02:33",
            "open": "47.5625",
            "high": "47.5625",
            "low": "47.55",
            "close": "47.5"
        },
        {
            "time": "05.08.2021 02:34",
            "open": "47.5",
            "high": "47.5",
            "low": "47.45",
            "close": "47.4735"
        },
        {
            "time": "05.08.2021 02:45",
            "open": "47.4735",
            "high": "47.4735",
            "low": "47.4735",
            "close": "47.4624"
        },
        {
            "time": "05.08.2021 02:46",
            "open": "47.4624",
            "high": "47.4624",
            "low": "47.4624",
            "close": "47.4298"
        },
        {
            "time": "05.08.2021 02:48",
            "open": "47.4298",
            "high": "47.4298",
            "low": "47.4298",
            "close": "47.4558"
        },
        {
            "time": "05.08.2021 02:49",
            "open": "47.4558",
            "high": "47.4558",
            "low": "47.35",
            "close": "47.3716"
        },
        {
            "time": "05.08.2021 02:52",
            "open": "47.3716",
            "high": "47.3716",
            "low": "47.3716",
            "close": "47.3001"
        },
        {
            "time": "05.08.2021 02:55",
            "open": "47.3001",
            "high": "47.3001",
            "low": "47.15",
            "close": "47.1942"
        },
        {
            "time": "05.08.2021 02:56",
            "open": "47.1942",
            "high": "47.1942",
            "low": "47.1942",
            "close": "47.1"
        },
        {
            "time": "05.08.2021 02:57",
            "open": "47.05",
            "high": "47.05",
            "low": "47.05",
            "close": "47"
        },
        {
            "time": "05.08.2021 03:03",
            "open": "47",
            "high": "47",
            "low": "47",
            "close": "47.0356"
        },
        {
            "time": "05.08.2021 03:09",
            "open": "47.0356",
            "high": "47.0363",
            "low": "47.0356",
            "close": "47.1027"
        },
        {
            "time": "05.08.2021 03:30",
            "open": "47.1027",
            "high": "47.1027",
            "low": "47.1027",
            "close": "47.1952"
        },
        {
            "time": "05.08.2021 03:53",
            "open": "47.1952",
            "high": "47.1952",
            "low": "47.1952",
            "close": "47.2"
        },
        {
            "time": "05.08.2021 03:54",
            "open": "47.2",
            "high": "47.4453",
            "low": "47.2",
            "close": "47.45"
        },
        {
            "time": "05.08.2021 03:56",
            "open": "47.45",
            "high": "47.5",
            "low": "47.4465",
            "close": "47.4583"
        },
        {
            "time": "05.08.2021 03:57",
            "open": "47.4583",
            "high": "47.4583",
            "low": "47.4583",
            "close": "47.3"
        },
        {
            "time": "05.08.2021 04:01",
            "open": "47.3",
            "high": "47.3",
            "low": "47.3",
            "close": "47.3199"
        },
        {
            "time": "05.08.2021 04:03",
            "open": "47.3199",
            "high": "47.3199",
            "low": "47.3199",
            "close": "47.3789"
        },
        {
            "time": "05.08.2021 04:06",
            "open": "47.3789",
            "high": "47.3959",
            "low": "47.3569",
            "close": "47.4779"
        },
        {
            "time": "05.08.2021 04:09",
            "open": "47.5",
            "high": "47.5",
            "low": "47.5",
            "close": "47.55"
        },
        {
            "time": "05.08.2021 04:10",
            "open": "47.55",
            "high": "47.55",
            "low": "47.55",
            "close": "47.6"
        },
        {
            "time": "05.08.2021 04:11",
            "open": "47.6",
            "high": "47.6",
            "low": "47.6",
            "close": "47.65"
        },
        {
            "time": "05.08.2021 04:12",
            "open": "47.65",
            "high": "47.65",
            "low": "47.65",
            "close": "47.7"
        },
        {
            "time": "05.08.2021 04:13",
            "open": "47.7",
            "high": "47.7",
            "low": "47.7",
            "close": "47.695"
        },
        {
            "time": "05.08.2021 04:15",
            "open": "47.695",
            "high": "47.695",
            "low": "47.695",
            "close": "47.7112"
        },
        {
            "time": "05.08.2021 04:16",
            "open": "47.7112",
            "high": "47.7883",
            "low": "47.7112",
            "close": "47.7932"
        },
        {
            "time": "05.08.2021 04:17",
            "open": "47.7932",
            "high": "47.7996",
            "low": "47.7932",
            "close": "47.55"
        },
        {
            "time": "05.08.2021 04:27",
            "open": "47.55",
            "high": "47.55",
            "low": "47.5315",
            "close": "47.6293"
        },
        {
            "time": "05.08.2021 04:31",
            "open": "47.6293",
            "high": "47.6433",
            "low": "47.6293",
            "close": "47.6581"
        },
        {
            "time": "05.08.2021 04:33",
            "open": "47.6581",
            "high": "47.6581",
            "low": "47.6581",
            "close": "47.6473"
        },
        {
            "time": "05.08.2021 04:34",
            "open": "47.6473",
            "high": "47.6473",
            "low": "47.6473",
            "close": "47.565"
        },
        {
            "time": "05.08.2021 04:39",
            "open": "47.565",
            "high": "47.565",
            "low": "47.565",
            "close": "47.5998"
        },
        {
            "time": "05.08.2021 04:47",
            "open": "47.5998",
            "high": "47.5998",
            "low": "47.5",
            "close": "47.5487"
        },
        {
            "time": "05.08.2021 04:58",
            "open": "47.5487",
            "high": "47.5488",
            "low": "47.5487",
            "close": "47.5834"
        },
        {
            "time": "05.08.2021 05:02",
            "open": "47.5834",
            "high": "47.5834",
            "low": "47.5834",
            "close": "47.7"
        },
        {
            "time": "05.08.2021 05:04",
            "open": "47.7",
            "high": "47.7",
            "low": "47.7",
            "close": "47.75"
        },
        {
            "time": "05.08.2021 05:05",
            "open": "47.75",
            "high": "47.75",
            "low": "47.75",
            "close": "47.8"
        },
        {
            "time": "05.08.2021 05:07",
            "open": "47.8",
            "high": "47.8",
            "low": "47.8",
            "close": "47.7236"
        },
        {
            "time": "05.08.2021 05:11",
            "open": "47.7236",
            "high": "47.7236",
            "low": "47.7236",
            "close": "47.6"
        },
        {
            "time": "05.08.2021 05:18",
            "open": "47.6",
            "high": "47.6589",
            "low": "47.6",
            "close": "47.5882"
        },
        {
            "time": "05.08.2021 05:19",
            "open": "47.5882",
            "high": "47.5882",
            "low": "47.5882",
            "close": "47.5592"
        },
        {
            "time": "05.08.2021 05:22",
            "open": "47.5592",
            "high": "47.5592",
            "low": "47.5536",
            "close": "47.55"
        },
        {
            "time": "05.08.2021 05:33",
            "open": "47.55",
            "high": "47.55",
            "low": "47.55",
            "close": "47.7409"
        },
        {
            "time": "05.08.2021 05:52",
            "open": "47.7409",
            "high": "47.75",
            "low": "47.7409",
            "close": "47.8"
        },
        {
            "time": "05.08.2021 05:55",
            "open": "47.8",
            "high": "47.8",
            "low": "47.8",
            "close": "47.85"
        },
        {
            "time": "05.08.2021 05:58",
            "open": "47.85",
            "high": "47.8615",
            "low": "47.85",
            "close": "47.7822"
        },
        {
            "time": "05.08.2021 06:02",
            "open": "47.7822",
            "high": "47.7822",
            "low": "47.7822",
            "close": "47.7468"
        },
        {
            "time": "05.08.2021 06:13",
            "open": "47.7468",
            "high": "47.7468",
            "low": "47.7468",
            "close": "47.6988"
        },
        {
            "time": "05.08.2021 06:24",
            "open": "47.6988",
            "high": "47.6989",
            "low": "47.6988",
            "close": "47.699"
        },
        {
            "time": "05.08.2021 06:27",
            "open": "47.699",
            "high": "47.699",
            "low": "47.699",
            "close": "47.65"
        },
        {
            "time": "05.08.2021 06:28",
            "open": "47.65",
            "high": "47.65",
            "low": "47.65",
            "close": "47.6"
        },
        {
            "time": "05.08.2021 06:31",
            "open": "47.6",
            "high": "47.6",
            "low": "47.6",
            "close": "47.55"
        },
        {
            "time": "05.08.2021 06:33",
            "open": "47.55",
            "high": "47.55",
            "low": "47.55",
            "close": "47.5159"
        },
        {
            "time": "05.08.2021 06:35",
            "open": "47.5159",
            "high": "47.5159",
            "low": "47.4",
            "close": "47.5058"
        },
        {
            "time": "05.08.2021 06:43",
            "open": "47.5058",
            "high": "47.5058",
            "low": "47.5058",
            "close": "47.4"
        },
        {
            "time": "05.08.2021 06:46",
            "open": "47.4",
            "high": "47.4",
            "low": "47.4",
            "close": "47.35"
        },
        {
            "time": "05.08.2021 06:49",
            "open": "47.35",
            "high": "47.35",
            "low": "47.35",
            "close": "47.3538"
        },
        {
            "time": "05.08.2021 06:51",
            "open": "47.3538",
            "high": "47.3538",
            "low": "47.3538",
            "close": "47.3762"
        },
        {
            "time": "05.08.2021 07:02",
            "open": "47.3762",
            "high": "47.3762",
            "low": "47.3762",
            "close": "47.3281"
        },
        {
            "time": "05.08.2021 07:03",
            "open": "47.3281",
            "high": "47.3281",
            "low": "47.3281",
            "close": "47.4083"
        },
        {
            "time": "05.08.2021 07:05",
            "open": "47.4083",
            "high": "47.4083",
            "low": "47.4083",
            "close": "47.4727"
        },
        {
            "time": "05.08.2021 07:06",
            "open": "47.4727",
            "high": "47.4727",
            "low": "47.4727",
            "close": "47.55"
        },
        {
            "time": "05.08.2021 07:12",
            "open": "47.55",
            "high": "47.5588",
            "low": "47.55",
            "close": "47.6"
        },
        {
            "time": "05.08.2021 07:18",
            "open": "47.6",
            "high": "47.6",
            "low": "47.6",
            "close": "47.5874"
        },
        {
            "time": "05.08.2021 07:20",
            "open": "47.5874",
            "high": "47.5874",
            "low": "47.5874",
            "close": "47.5977"
        },
        {
            "time": "05.08.2021 07:22",
            "open": "47.5977",
            "high": "47.5977",
            "low": "47.5332",
            "close": "47.5983"
        },
        {
            "time": "05.08.2021 07:28",
            "open": "47.5983",
            "high": "47.5983",
            "low": "47.5983",
            "close": "47.6031"
        },
        {
            "time": "05.08.2021 07:29",
            "open": "47.6031",
            "high": "47.6031",
            "low": "47.6031",
            "close": "47.5437"
        },
        {
            "time": "05.08.2021 07:34",
            "open": "47.5437",
            "high": "47.5437",
            "low": "47.5437",
            "close": "47.6298"
        },
        {
            "time": "05.08.2021 07:40",
            "open": "47.6298",
            "high": "47.7",
            "low": "47.6298",
            "close": "47.75"
        },
        {
            "time": "05.08.2021 07:43",
            "open": "47.75",
            "high": "47.75",
            "low": "47.7317",
            "close": "47.6703"
        },
        {
            "time": "05.08.2021 08:01",
            "open": "47.6703",
            "high": "47.6703",
            "low": "47.6703",
            "close": "47.6777"
        },
        {
            "time": "05.08.2021 08:02",
            "open": "47.6777",
            "high": "47.6779",
            "low": "47.612",
            "close": "47.5652"
        },
        {
            "time": "05.08.2021 08:03",
            "open": "47.5652",
            "high": "47.5652",
            "low": "47.55",
            "close": "47.5"
        },
        {
            "time": "05.08.2021 08:16",
            "open": "47.5",
            "high": "47.5",
            "low": "47.5",
            "close": "47.45"
        },
        {
            "time": "05.08.2021 08:19",
            "open": "47.45",
            "high": "47.45",
            "low": "47.45",
            "close": "47.4"
        },
        {
            "time": "05.08.2021 08:20",
            "open": "47.4",
            "high": "47.4",
            "low": "47.3848",
            "close": "47.4876"
        },
        {
            "time": "05.08.2021 08:24",
            "open": "47.4876",
            "high": "47.4876",
            "low": "47.4876",
            "close": "47.468"
        },
        {
            "time": "05.08.2021 08:32",
            "open": "47.468",
            "high": "47.468",
            "low": "47.468",
            "close": "47.4"
        },
        {
            "time": "05.08.2021 08:33",
            "open": "47.4",
            "high": "47.4",
            "low": "47.4",
            "close": "47.4427"
        },
        {
            "time": "05.08.2021 08:40",
            "open": "47.4427",
            "high": "47.4427",
            "low": "47.4427",
            "close": "47.4051"
        },
        {
            "time": "05.08.2021 08:42",
            "open": "47.4051",
            "high": "47.4051",
            "low": "47.4051",
            "close": "47.3783"
        },
        {
            "time": "05.08.2021 08:44",
            "open": "47.3783",
            "high": "47.3783",
            "low": "47.35",
            "close": "47.3711"
        },
        {
            "time": "05.08.2021 08:45",
            "open": "47.3711",
            "high": "47.3855",
            "low": "47.3117",
            "close": "47.3312"
        },
        {
            "time": "05.08.2021 08:46",
            "open": "47.3312",
            "high": "47.3855",
            "low": "47.3312",
            "close": "47.3422"
        },
        {
            "time": "05.08.2021 08:47",
            "open": "47.3422",
            "high": "47.3422",
            "low": "47.3421",
            "close": "47.453"
        },
        {
            "time": "05.08.2021 08:50",
            "open": "47.453",
            "high": "47.453",
            "low": "47.453",
            "close": "47.5233"
        },
        {
            "time": "05.08.2021 08:59",
            "open": "47.5233",
            "high": "47.5233",
            "low": "47.4438",
            "close": "47.4902"
        },
        {
            "time": "05.08.2021 09:07",
            "open": "47.4902",
            "high": "47.4903",
            "low": "47.4902",
            "close": "47.3227"
        },
        {
            "time": "05.08.2021 09:15",
            "open": "47.3227",
            "high": "47.3227",
            "low": "47.3227",
            "close": "47.3129"
        },
        {
            "time": "05.08.2021 09:22",
            "open": "47.3129",
            "high": "47.3129",
            "low": "47.3129",
            "close": "47.3"
        },
        {
            "time": "05.08.2021 09:23",
            "open": "47.3",
            "high": "47.3",
            "low": "47.3",
            "close": "47.25"
        },
        {
            "time": "05.08.2021 09:25",
            "open": "47.25",
            "high": "47.25",
            "low": "47.2",
            "close": "47.15"
        },
        {
            "time": "05.08.2021 09:26",
            "open": "47.15",
            "high": "47.15",
            "low": "47.1",
            "close": "47.05"
        },
        {
            "time": "05.08.2021 09:28",
            "open": "47.05",
            "high": "47.05",
            "low": "47.05",
            "close": "47.0707"
        },
        {
            "time": "05.08.2021 09:29",
            "open": "47.0707",
            "high": "47.0707",
            "low": "47.0707",
            "close": "47.1373"
        },
        {
            "time": "05.08.2021 09:33",
            "open": "47.1373",
            "high": "47.1373",
            "low": "47.1373",
            "close": "47.25"
        },
        {
            "time": "05.08.2021 09:36",
            "open": "47.25",
            "high": "47.25",
            "low": "47.25",
            "close": "47.3"
        },
        {
            "time": "05.08.2021 09:37",
            "open": "47.3",
            "high": "47.3",
            "low": "47.3",
            "close": "47.2984"
        },
        {
            "time": "05.08.2021 09:39",
            "open": "47.2984",
            "high": "47.2984",
            "low": "47.2984",
            "close": "47.2619"
        },
        {
            "time": "05.08.2021 09:41",
            "open": "47.2619",
            "high": "47.2619",
            "low": "47.2619",
            "close": "47.1"
        },
        {
            "time": "05.08.2021 09:47",
            "open": "47.1",
            "high": "47.1",
            "low": "47.1",
            "close": "47.3"
        },
        {
            "time": "05.08.2021 09:56",
            "open": "47.3",
            "high": "47.301",
            "low": "47.3",
            "close": "47.35"
        },
        {
            "time": "05.08.2021 10:01",
            "open": "47.35",
            "high": "47.45",
            "low": "47.35",
            "close": "47.5"
        },
        {
            "time": "05.08.2021 10:02",
            "open": "47.5",
            "high": "47.5052",
            "low": "47.5",
            "close": "47.3408"
        },
        {
            "time": "05.08.2021 10:06",
            "open": "47.3408",
            "high": "47.3408",
            "low": "47.3408",
            "close": "47.4833"
        },
        {
            "time": "05.08.2021 10:10",
            "open": "47.4833",
            "high": "47.55",
            "low": "47.4833",
            "close": "47.5233"
        },
        {
            "time": "05.08.2021 10:13",
            "open": "47.5233",
            "high": "47.5254",
            "low": "47.5198",
            "close": "47.5263"
        },
        {
            "time": "05.08.2021 10:19",
            "open": "47.5263",
            "high": "47.5425",
            "low": "47.5263",
            "close": "47.4895"
        },
        {
            "time": "05.08.2021 10:25",
            "open": "47.4895",
            "high": "47.4895",
            "low": "47.4895",
            "close": "47.4796"
        },
        {
            "time": "05.08.2021 10:35",
            "open": "47.4796",
            "high": "47.4796",
            "low": "47.4796",
            "close": "47.432"
        },
        {
            "time": "05.08.2021 10:41",
            "open": "47.432",
            "high": "47.432",
            "low": "47.432",
            "close": "47.4426"
        },
        {
            "time": "05.08.2021 10:42",
            "open": "47.4426",
            "high": "47.4426",
            "low": "47.4426",
            "close": "47.35"
        },
        {
            "time": "05.08.2021 10:51",
            "open": "47.35",
            "high": "47.35",
            "low": "47.3",
            "close": "47.3037"
        },
        {
            "time": "05.08.2021 10:52",
            "open": "47.3037",
            "high": "47.3037",
            "low": "47.3037",
            "close": "47.25"
        },
        {
            "time": "05.08.2021 10:53",
            "open": "47.25",
            "high": "47.25",
            "low": "47.15",
            "close": "47.1"
        },
        {
            "time": "05.08.2021 10:54",
            "open": "47.1",
            "high": "47.1",
            "low": "47.1",
            "close": "47.1054"
        },
        {
            "time": "05.08.2021 10:55",
            "open": "47.1054",
            "high": "47.1054",
            "low": "47.1054",
            "close": "47.1092"
        },
        {
            "time": "05.08.2021 10:56",
            "open": "47.1092",
            "high": "47.1092",
            "low": "47.1089",
            "close": "47.05"
        },
        {
            "time": "05.08.2021 10:59",
            "open": "47.05",
            "high": "47.05",
            "low": "47.0258",
            "close": "47"
        },
        {
            "time": "05.08.2021 11:00",
            "open": "47",
            "high": "47",
            "low": "46.9401",
            "close": "47.1031"
        },
        {
            "time": "05.08.2021 11:02",
            "open": "47.1031",
            "high": "47.124",
            "low": "46.9998",
            "close": "47.025"
        },
        {
            "time": "05.08.2021 11:03",
            "open": "47.025",
            "high": "47.0299",
            "low": "46.9989",
            "close": "47.0057"
        },
        {
            "time": "05.08.2021 11:04",
            "open": "47.0057",
            "high": "47.0057",
            "low": "47.0057",
            "close": "47.0818"
        },
        {
            "time": "05.08.2021 11:08",
            "open": "47.0818",
            "high": "47.0819",
            "low": "47.0818",
            "close": "47.0877"
        },
        {
            "time": "05.08.2021 11:09",
            "open": "47.0877",
            "high": "47.0877",
            "low": "47.0877",
            "close": "47.15"
        },
        {
            "time": "05.08.2021 11:13",
            "open": "47.15",
            "high": "47.15",
            "low": "47.15",
            "close": "46.95"
        },
        {
            "time": "05.08.2021 11:19",
            "open": "46.95",
            "high": "46.95",
            "low": "46.7719",
            "close": "46.793"
        },
        {
            "time": "05.08.2021 11:21",
            "open": "46.793",
            "high": "46.8158",
            "low": "46.793",
            "close": "46.75"
        },
        {
            "time": "05.08.2021 11:22",
            "open": "46.75",
            "high": "46.75",
            "low": "46.7",
            "close": "46.7367"
        },
        {
            "time": "05.08.2021 11:24",
            "open": "46.7367",
            "high": "46.7507",
            "low": "46.7367",
            "close": "46.8211"
        },
        {
            "time": "05.08.2021 11:25",
            "open": "46.8211",
            "high": "46.8211",
            "low": "46.7894",
            "close": "46.7691"
        },
        {
            "time": "05.08.2021 11:27",
            "open": "46.7691",
            "high": "46.9",
            "low": "46.7654",
            "close": "46.8332"
        },
        {
            "time": "05.08.2021 11:29",
            "open": "46.8332",
            "high": "46.8332",
            "low": "46.8332",
            "close": "46.7899"
        },
        {
            "time": "05.08.2021 11:32",
            "open": "46.7899",
            "high": "46.7899",
            "low": "46.7899",
            "close": "46.7543"
        },
        {
            "time": "05.08.2021 11:33",
            "open": "46.7543",
            "high": "46.7543",
            "low": "46.7543",
            "close": "46.7582"
        },
        {
            "time": "05.08.2021 11:35",
            "open": "46.7582",
            "high": "46.7582",
            "low": "46.7582",
            "close": "46.7"
        },
        {
            "time": "05.08.2021 11:37",
            "open": "46.7",
            "high": "46.7",
            "low": "46.7",
            "close": "46.65"
        },
        {
            "time": "05.08.2021 11:39",
            "open": "46.65",
            "high": "46.65",
            "low": "46.6045",
            "close": "46.6"
        },
        {
            "time": "05.08.2021 11:40",
            "open": "46.6",
            "high": "46.6",
            "low": "46.6",
            "close": "46.7564"
        },
        {
            "time": "05.08.2021 11:44",
            "open": "46.7564",
            "high": "46.85",
            "low": "46.7564",
            "close": "46.8184"
        },
        {
            "time": "05.08.2021 11:45",
            "open": "46.8184",
            "high": "46.8184",
            "low": "46.8184",
            "close": "46.7098"
        },
        {
            "time": "05.08.2021 11:46",
            "open": "46.7098",
            "high": "46.7098",
            "low": "46.7098",
            "close": "46.7655"
        },
        {
            "time": "05.08.2021 11:47",
            "open": "46.7655",
            "high": "46.7882",
            "low": "46.7655",
            "close": "46.65"
        },
        {
            "time": "05.08.2021 11:50",
            "open": "46.65",
            "high": "46.65",
            "low": "46.65",
            "close": "46.6"
        },
        {
            "time": "05.08.2021 11:51",
            "open": "46.6",
            "high": "46.6",
            "low": "46.581",
            "close": "46.7209"
        },
        {
            "time": "05.08.2021 11:52",
            "open": "46.7209",
            "high": "46.7209",
            "low": "46.7209",
            "close": "46.581"
        },
        {
            "time": "05.08.2021 11:56",
            "open": "46.581",
            "high": "46.581",
            "low": "46.581",
            "close": "46.7358"
        },
        {
            "time": "05.08.2021 12:00",
            "open": "46.7358",
            "high": "46.7374",
            "low": "46.7358",
            "close": "46.6716"
        },
        {
            "time": "05.08.2021 12:02",
            "open": "46.6716",
            "high": "46.85",
            "low": "46.6716",
            "close": "46.8065"
        },
        {
            "time": "05.08.2021 12:03",
            "open": "46.8065",
            "high": "46.8065",
            "low": "46.8065",
            "close": "46.9"
        },
        {
            "time": "05.08.2021 12:04",
            "open": "46.9",
            "high": "46.9",
            "low": "46.9",
            "close": "46.8831"
        },
        {
            "time": "05.08.2021 12:05",
            "open": "46.8831",
            "high": "46.95",
            "low": "46.8831",
            "close": "46.9509"
        },
        {
            "time": "05.08.2021 12:07",
            "open": "46.9509",
            "high": "46.9509",
            "low": "46.9509",
            "close": "46.8772"
        },
        {
            "time": "05.08.2021 12:24",
            "open": "46.8772",
            "high": "46.8772",
            "low": "46.8772",
            "close": "46.8772"
        },
        {
            "time": "05.08.2021 12:25",
            "open": "46.8772",
            "high": "46.8772",
            "low": "46.8684",
            "close": "46.8072"
        },
        {
            "time": "05.08.2021 12:27",
            "open": "46.8072",
            "high": "46.8072",
            "low": "46.8072",
            "close": "46.75"
        },
        {
            "time": "05.08.2021 12:31",
            "open": "46.75",
            "high": "46.75",
            "low": "46.7",
            "close": "46.65"
        },
        {
            "time": "05.08.2021 12:32",
            "open": "46.65",
            "high": "46.65",
            "low": "46.65",
            "close": "46.688"
        },
        {
            "time": "05.08.2021 12:33",
            "open": "46.688",
            "high": "46.688",
            "low": "46.688",
            "close": "46.65"
        },
        {
            "time": "05.08.2021 12:36",
            "open": "46.65",
            "high": "46.65",
            "low": "46.6",
            "close": "46.6708"
        },
        {
            "time": "05.08.2021 12:37",
            "open": "46.6708",
            "high": "46.6876",
            "low": "46.6708",
            "close": "46.7618"
        },
        {
            "time": "05.08.2021 12:39",
            "open": "46.7618",
            "high": "46.7618",
            "low": "46.7618",
            "close": "46.7838"
        },
        {
            "time": "05.08.2021 12:42",
            "open": "46.7838",
            "high": "46.7855",
            "low": "46.7838",
            "close": "46.85"
        },
        {
            "time": "05.08.2021 12:49",
            "open": "46.85",
            "high": "46.85",
            "low": "46.85",
            "close": "46.6579"
        },
        {
            "time": "05.08.2021 12:55",
            "open": "46.6579",
            "high": "46.6579",
            "low": "46.6579",
            "close": "46.6982"
        },
        {
            "time": "05.08.2021 12:58",
            "open": "46.6982",
            "high": "46.6982",
            "low": "46.6981",
            "close": "46.8816"
        },
        {
            "time": "05.08.2021 13:09",
            "open": "46.8816",
            "high": "47.1",
            "low": "46.8816",
            "close": "47.15"
        },
        {
            "time": "05.08.2021 13:12",
            "open": "47.15",
            "high": "47.15",
            "low": "47.15",
            "close": "47.15"
        },
        {
            "time": "05.08.2021 13:13",
            "open": "47.15",
            "high": "47.15",
            "low": "47.15",
            "close": "47.0822"
        },
        {
            "time": "05.08.2021 13:17",
            "open": "47.0822",
            "high": "47.0822",
            "low": "47.0822",
            "close": "47.0185"
        },
        {
            "time": "05.08.2021 13:22",
            "open": "47.0185",
            "high": "47.0185",
            "low": "47.0185",
            "close": "47.0114"
        },
        {
            "time": "05.08.2021 13:33",
            "open": "47.0114",
            "high": "47.0114",
            "low": "47.0114",
            "close": "47.0365"
        },
        {
            "time": "05.08.2021 13:40",
            "open": "47.0365",
            "high": "47.0365",
            "low": "47.0365",
            "close": "47.0557"
        },
        {
            "time": "05.08.2021 13:41",
            "open": "47.0557",
            "high": "47.0557",
            "low": "47.0225",
            "close": "47.0754"
        },
        {
            "time": "05.08.2021 13:42",
            "open": "47.0754",
            "high": "47.0754",
            "low": "47.0157",
            "close": "46.95"
        },
        {
            "time": "05.08.2021 13:43",
            "open": "46.95",
            "high": "46.95",
            "low": "46.9",
            "close": "46.873"
        },
        {
            "time": "05.08.2021 13:44",
            "open": "46.873",
            "high": "46.873",
            "low": "46.85",
            "close": "46.9233"
        },
        {
            "time": "05.08.2021 13:45",
            "open": "46.9233",
            "high": "46.9233",
            "low": "46.9233",
            "close": "46.8953"
        },
        {
            "time": "05.08.2021 13:50",
            "open": "46.8953",
            "high": "46.8953",
            "low": "46.8953",
            "close": "46.8"
        },
        {
            "time": "05.08.2021 13:56",
            "open": "46.8",
            "high": "46.8105",
            "low": "46.8",
            "close": "46.75"
        },
        {
            "time": "05.08.2021 14:01",
            "open": "46.75",
            "high": "46.75",
            "low": "46.75",
            "close": "46.95"
        },
        {
            "time": "05.08.2021 14:04",
            "open": "46.95",
            "high": "46.95",
            "low": "46.95",
            "close": "47"
        },
        {
            "time": "05.08.2021 14:05",
            "open": "47",
            "high": "47",
            "low": "47",
            "close": "47.0252"
        },
        {
            "time": "05.08.2021 14:07",
            "open": "47.0252",
            "high": "47.0356",
            "low": "47.0252",
            "close": "46.9291"
        },
        {
            "time": "05.08.2021 14:09",
            "open": "46.9291",
            "high": "46.9291",
            "low": "46.9291",
            "close": "46.8"
        },
        {
            "time": "05.08.2021 14:16",
            "open": "46.8",
            "high": "46.8",
            "low": "46.75",
            "close": "46.7"
        },
        {
            "time": "05.08.2021 14:28",
            "open": "46.7",
            "high": "46.7",
            "low": "46.7",
            "close": "46.65"
        },
        {
            "time": "05.08.2021 14:29",
            "open": "46.65",
            "high": "46.65",
            "low": "46.65",
            "close": "46.7324"
        },
        {
            "time": "05.08.2021 14:30",
            "open": "46.7324",
            "high": "46.7448",
            "low": "46.7324",
            "close": "46.85"
        },
        {
            "time": "05.08.2021 14:32",
            "open": "46.85",
            "high": "46.85",
            "low": "46.85",
            "close": "46.8286"
        },
        {
            "time": "05.08.2021 14:33",
            "open": "46.8286",
            "high": "46.8286",
            "low": "46.8286",
            "close": "46.872"
        },
        {
            "time": "05.08.2021 14:36",
            "open": "46.872",
            "high": "46.872",
            "low": "46.8573",
            "close": "46.65"
        },
        {
            "time": "05.08.2021 14:44",
            "open": "46.65",
            "high": "46.65",
            "low": "46.65",
            "close": "46.6"
        },
        {
            "time": "05.08.2021 14:45",
            "open": "46.6",
            "high": "46.6",
            "low": "46.55",
            "close": "46.75"
        },
        {
            "time": "05.08.2021 14:47",
            "open": "46.75",
            "high": "46.8",
            "low": "46.75",
            "close": "46.85"
        },
        {
            "time": "05.08.2021 14:48",
            "open": "46.85",
            "high": "46.85",
            "low": "46.85",
            "close": "46.9"
        },
        {
            "time": "05.08.2021 14:50",
            "open": "46.9",
            "high": "46.9",
            "low": "46.9",
            "close": "46.95"
        },
        {
            "time": "05.08.2021 14:57",
            "open": "46.95",
            "high": "47.05",
            "low": "46.95",
            "close": "47.1"
        },
        {
            "time": "05.08.2021 14:58",
            "open": "47.1",
            "high": "47.15",
            "low": "47.1",
            "close": "47.2"
        },
        {
            "time": "05.08.2021 15:01",
            "open": "47.2",
            "high": "47.2",
            "low": "47.2",
            "close": "47.25"
        },
        {
            "time": "05.08.2021 15:02",
            "open": "47.25",
            "high": "47.25",
            "low": "47.25",
            "close": "47.05"
        },
        {
            "time": "05.08.2021 15:10",
            "open": "47.05",
            "high": "47.05",
            "low": "47.05",
            "close": "47.0195"
        },
        {
            "time": "05.08.2021 15:12",
            "open": "47.0195",
            "high": "47.0195",
            "low": "47.0195",
            "close": "47"
        },
        {
            "time": "05.08.2021 15:13",
            "open": "47",
            "high": "47",
            "low": "47",
            "close": "46.95"
        },
        {
            "time": "05.08.2021 15:14",
            "open": "46.95",
            "high": "46.95",
            "low": "46.95",
            "close": "46.9"
        },
        {
            "time": "05.08.2021 15:18",
            "open": "46.9",
            "high": "46.9",
            "low": "46.85",
            "close": "46.8661"
        },
        {
            "time": "05.08.2021 15:20",
            "open": "46.8661",
            "high": "46.8661",
            "low": "46.8661",
            "close": "47.05"
        },
        {
            "time": "05.08.2021 15:28",
            "open": "47.05",
            "high": "47.0713",
            "low": "47.05",
            "close": "47.1"
        },
        {
            "time": "05.08.2021 15:31",
            "open": "47.1",
            "high": "47.1",
            "low": "47.1",
            "close": "47.1298"
        },
        {
            "time": "05.08.2021 15:33",
            "open": "47.1298",
            "high": "47.2",
            "low": "47.1298",
            "close": "47.1561"
        },
        {
            "time": "05.08.2021 15:42",
            "open": "47.1561",
            "high": "47.1561",
            "low": "47.1124",
            "close": "47"
        },
        {
            "time": "05.08.2021 15:46",
            "open": "47",
            "high": "47",
            "low": "47",
            "close": "47.0216"
        },
        {
            "time": "05.08.2021 15:50",
            "open": "47.0216",
            "high": "47.0216",
            "low": "47.0215",
            "close": "46.9675"
        },
        {
            "time": "05.08.2021 15:54",
            "open": "46.9675",
            "high": "46.9689",
            "low": "46.95",
            "close": "47.1084"
        },
        {
            "time": "05.08.2021 15:55",
            "open": "47.1084",
            "high": "47.1084",
            "low": "47.0934",
            "close": "47.15"
        },
        {
            "time": "05.08.2021 15:56",
            "open": "47.15",
            "high": "47.15",
            "low": "47.15",
            "close": "47.2"
        },
        {
            "time": "05.08.2021 15:57",
            "open": "47.2",
            "high": "47.2494",
            "low": "47.2",
            "close": "47.25"
        },
        {
            "time": "05.08.2021 15:58",
            "open": "47.25",
            "high": "47.25",
            "low": "47.25",
            "close": "47.3"
        },
        {
            "time": "05.08.2021 16:00",
            "open": "47.3",
            "high": "47.3",
            "low": "47.3",
            "close": "47.2121"
        },
        {
            "time": "05.08.2021 16:01",
            "open": "47.2121",
            "high": "47.2121",
            "low": "47.05",
            "close": "47.25"
        },
        {
            "time": "05.08.2021 16:05",
            "open": "47.25",
            "high": "47.4",
            "low": "47.25",
            "close": "47.4075"
        },
        {
            "time": "05.08.2021 16:06",
            "open": "47.4075",
            "high": "47.45",
            "low": "47.4075",
            "close": "47.5"
        },
        {
            "time": "05.08.2021 16:07",
            "open": "47.5",
            "high": "47.55",
            "low": "47.5",
            "close": "47.35"
        },
        {
            "time": "05.08.2021 16:09",
            "open": "47.4175",
            "high": "47.4175",
            "low": "47.4175",
            "close": "47.4145"
        },
        {
            "time": "05.08.2021 16:10",
            "open": "47.4145",
            "high": "47.4666",
            "low": "47.4145",
            "close": "47.55"
        },
        {
            "time": "05.08.2021 16:12",
            "open": "47.55",
            "high": "47.6248",
            "low": "47.55",
            "close": "47.5983"
        },
        {
            "time": "05.08.2021 16:13",
            "open": "47.5983",
            "high": "47.6257",
            "low": "47.5458",
            "close": "47.5657"
        },
        {
            "time": "05.08.2021 16:14",
            "open": "47.5657",
            "high": "47.5657",
            "low": "47.5657",
            "close": "47.65"
        },
        {
            "time": "05.08.2021 16:15",
            "open": "47.65",
            "high": "47.65",
            "low": "47.5843",
            "close": "47.5843"
        },
        {
            "time": "05.08.2021 16:16",
            "open": "47.5843",
            "high": "47.5843",
            "low": "47.5843",
            "close": "47.5801"
        },
        {
            "time": "05.08.2021 16:17",
            "open": "47.5801",
            "high": "47.5801",
            "low": "47.5801",
            "close": "47.4708"
        },
        {
            "time": "05.08.2021 16:21",
            "open": "47.4708",
            "high": "47.4708",
            "low": "47.4708",
            "close": "47.4345"
        },
        {
            "time": "05.08.2021 16:22",
            "open": "47.4345",
            "high": "47.4345",
            "low": "47.35",
            "close": "47.3546"
        },
        {
            "time": "05.08.2021 16:26",
            "open": "47.3546",
            "high": "47.3546",
            "low": "47.3546",
            "close": "47.4519"
        },
        {
            "time": "05.08.2021 16:28",
            "open": "47.4519",
            "high": "47.4519",
            "low": "47.4519",
            "close": "47.42"
        },
        {
            "time": "05.08.2021 16:32",
            "open": "47.42",
            "high": "47.42",
            "low": "47.42",
            "close": "47.5345"
        },
        {
            "time": "05.08.2021 16:35",
            "open": "47.5345",
            "high": "47.5345",
            "low": "47.5345",
            "close": "47.55"
        },
        {
            "time": "05.08.2021 16:38",
            "open": "47.55",
            "high": "47.55",
            "low": "47.55",
            "close": "47.6"
        },
        {
            "time": "05.08.2021 16:39",
            "open": "47.6",
            "high": "47.6",
            "low": "47.6",
            "close": "47.6014"
        },
        {
            "time": "05.08.2021 16:40",
            "open": "47.6014",
            "high": "47.65",
            "low": "47.5935",
            "close": "47.682"
        },
        {
            "time": "05.08.2021 16:41",
            "open": "47.682",
            "high": "47.7",
            "low": "47.682",
            "close": "47.7376"
        },
        {
            "time": "05.08.2021 16:42",
            "open": "47.7376",
            "high": "47.7376",
            "low": "47.7376",
            "close": "47.75"
        },
        {
            "time": "05.08.2021 16:43",
            "open": "47.75",
            "high": "47.7731",
            "low": "47.75",
            "close": "47.676"
        },
        {
            "time": "05.08.2021 16:44",
            "open": "47.676",
            "high": "47.6781",
            "low": "47.676",
            "close": "47.7111"
        },
        {
            "time": "05.08.2021 16:45",
            "open": "47.7111",
            "high": "47.726",
            "low": "47.6401",
            "close": "47.5587"
        },
        {
            "time": "05.08.2021 16:46",
            "open": "47.5587",
            "high": "47.5587",
            "low": "47.5587",
            "close": "47.735"
        },
        {
            "time": "05.08.2021 16:49",
            "open": "47.735",
            "high": "47.735",
            "low": "47.735",
            "close": "47.8"
        },
        {
            "time": "05.08.2021 16:50",
            "open": "47.8",
            "high": "47.8",
            "low": "47.8",
            "close": "47.7261"
        },
        {
            "time": "05.08.2021 16:52",
            "open": "47.7261",
            "high": "47.7261",
            "low": "47.7261",
            "close": "47.7592"
        },
        {
            "time": "05.08.2021 17:00",
            "open": "47.7592",
            "high": "47.85",
            "low": "47.7592",
            "close": "47.65"
        },
        {
            "time": "05.08.2021 17:02",
            "open": "47.65",
            "high": "47.65",
            "low": "47.65",
            "close": "47.6317"
        },
        {
            "time": "05.08.2021 17:03",
            "open": "47.6317",
            "high": "47.7358",
            "low": "47.6",
            "close": "47.6442"
        },
        {
            "time": "05.08.2021 17:05",
            "open": "47.6442",
            "high": "47.6541",
            "low": "47.6442",
            "close": "47.6541"
        },
        {
            "time": "05.08.2021 17:09",
            "open": "47.6541",
            "high": "47.6541",
            "low": "47.6541",
            "close": "47.6541"
        },
        {
            "time": "05.08.2021 17:10",
            "open": "47.6541",
            "high": "47.6997",
            "low": "47.6541",
            "close": "47.7342"
        },
        {
            "time": "05.08.2021 17:11",
            "open": "47.7342",
            "high": "47.7343",
            "low": "47.7341",
            "close": "47.7624"
        },
        {
            "time": "05.08.2021 17:13",
            "open": "47.7624",
            "high": "47.7624",
            "low": "47.7366",
            "close": "47.6"
        },
        {
            "time": "05.08.2021 17:21",
            "open": "47.6",
            "high": "47.6",
            "low": "47.6",
            "close": "47.55"
        },
        {
            "time": "05.08.2021 17:22",
            "open": "47.55",
            "high": "47.55",
            "low": "47.55",
            "close": "47.5646"
        },
        {
            "time": "05.08.2021 17:24",
            "open": "47.5646",
            "high": "47.5646",
            "low": "47.5646",
            "close": "47.578"
        },
        {
            "time": "05.08.2021 17:25",
            "open": "47.578",
            "high": "47.578",
            "low": "47.578",
            "close": "47.6068"
        },
        {
            "time": "05.08.2021 17:27",
            "open": "47.6068",
            "high": "47.6068",
            "low": "47.6049",
            "close": "47.75"
        },
        {
            "time": "05.08.2021 17:30",
            "open": "47.75",
            "high": "47.7517",
            "low": "47.7391",
            "close": "47.7539"
        },
        {
            "time": "05.08.2021 17:31",
            "open": "47.7539",
            "high": "47.7539",
            "low": "47.7018",
            "close": "47.7437"
        },
        {
            "time": "05.08.2021 17:33",
            "open": "47.7437",
            "high": "47.7437",
            "low": "47.7437",
            "close": "47.7734"
        },
        {
            "time": "05.08.2021 17:36",
            "open": "47.7734",
            "high": "47.9",
            "low": "47.7734",
            "close": "47.8743"
        },
        {
            "time": "05.08.2021 17:37",
            "open": "47.8743",
            "high": "47.9398",
            "low": "47.8743",
            "close": "47.9135"
        },
        {
            "time": "05.08.2021 17:38",
            "open": "47.9135",
            "high": "47.9135",
            "low": "47.9135",
            "close": "47.9346"
        },
        {
            "time": "05.08.2021 17:41",
            "open": "47.9346",
            "high": "47.9346",
            "low": "47.9346",
            "close": "47.7"
        },
        {
            "time": "05.08.2021 17:42",
            "open": "47.7",
            "high": "47.7",
            "low": "47.65",
            "close": "47.7022"
        },
        {
            "time": "05.08.2021 17:47",
            "open": "47.7022",
            "high": "47.7022",
            "low": "47.7022",
            "close": "47.7029"
        },
        {
            "time": "05.08.2021 17:48",
            "open": "47.7029",
            "high": "47.7029",
            "low": "47.7029",
            "close": "47.65"
        },
        {
            "time": "05.08.2021 17:49",
            "open": "47.65",
            "high": "47.65",
            "low": "47.45",
            "close": "47.45"
        },
        {
            "time": "05.08.2021 17:51",
            "open": "47.45",
            "high": "47.45",
            "low": "47.4",
            "close": "47.5051"
        },
        {
            "time": "05.08.2021 17:52",
            "open": "47.5051",
            "high": "47.5051",
            "low": "47.5051",
            "close": "47.4849"
        },
        {
            "time": "05.08.2021 17:53",
            "open": "47.4849",
            "high": "47.4849",
            "low": "47.4849",
            "close": "47.65"
        },
        {
            "time": "05.08.2021 17:56",
            "open": "47.65",
            "high": "47.65",
            "low": "47.65",
            "close": "47.5504"
        },
        {
            "time": "05.08.2021 18:02",
            "open": "47.5504",
            "high": "47.5504",
            "low": "47.5504",
            "close": "47.7"
        },
        {
            "time": "05.08.2021 18:04",
            "open": "47.7",
            "high": "47.7",
            "low": "47.7",
            "close": "47.75"
        },
        {
            "time": "05.08.2021 18:05",
            "open": "47.75",
            "high": "47.8498",
            "low": "47.75",
            "close": "47.6"
        },
        {
            "time": "05.08.2021 18:07",
            "open": "47.6",
            "high": "47.6",
            "low": "47.6",
            "close": "47.5504"
        },
        {
            "time": "05.08.2021 18:12",
            "open": "47.5504",
            "high": "47.5504",
            "low": "47.55",
            "close": "47.5"
        },
        {
            "time": "05.08.2021 18:14",
            "open": "47.5",
            "high": "47.5128",
            "low": "47.5",
            "close": "47.45"
        },
        {
            "time": "05.08.2021 18:15",
            "open": "47.45",
            "high": "47.4721",
            "low": "47.45",
            "close": "47.65"
        },
        {
            "time": "05.08.2021 18:26",
            "open": "47.65",
            "high": "47.7",
            "low": "47.65",
            "close": "47.6851"
        },
        {
            "time": "05.08.2021 18:27",
            "open": "47.6851",
            "high": "47.6851",
            "low": "47.6733",
            "close": "47.5"
        },
        {
            "time": "05.08.2021 18:33",
            "open": "47.5",
            "high": "47.5",
            "low": "47.5",
            "close": "47.7287"
        },
        {
            "time": "05.08.2021 18:49",
            "open": "47.7287",
            "high": "47.7287",
            "low": "47.7287",
            "close": "47.75"
        },
        {
            "time": "05.08.2021 18:50",
            "open": "47.75",
            "high": "47.75",
            "low": "47.75",
            "close": "47.7617"
        },
        {
            "time": "05.08.2021 18:51",
            "open": "47.7617",
            "high": "47.7779",
            "low": "47.748",
            "close": "47.8"
        },
        {
            "time": "05.08.2021 18:52",
            "open": "47.8",
            "high": "47.8128",
            "low": "47.8",
            "close": "47.85"
        },
        {
            "time": "05.08.2021 18:53",
            "open": "47.85",
            "high": "47.85",
            "low": "47.85",
            "close": "47.9"
        },
        {
            "time": "05.08.2021 18:54",
            "open": "47.9",
            "high": "47.9397",
            "low": "47.9",
            "close": "47.8456"
        },
        {
            "time": "05.08.2021 18:55",
            "open": "47.8456",
            "high": "47.8456",
            "low": "47.8456",
            "close": "47.9497"
        },
        {
            "time": "05.08.2021 18:56",
            "open": "47.9497",
            "high": "47.9497",
            "low": "47.9497",
            "close": "47.95"
        },
        {
            "time": "05.08.2021 18:58",
            "open": "47.95",
            "high": "47.9628",
            "low": "47.95",
            "close": "47.9646"
        },
        {
            "time": "05.08.2021 19:01",
            "open": "47.9646",
            "high": "47.9646",
            "low": "47.9646",
            "close": "48"
        },
        {
            "time": "05.08.2021 19:02",
            "open": "48",
            "high": "48",
            "low": "48",
            "close": "48.0403"
        },
        {
            "time": "05.08.2021 19:03",
            "open": "48.0403",
            "high": "48.0403",
            "low": "48.0263",
            "close": "47.9509"
        },
        {
            "time": "05.08.2021 19:08",
            "open": "47.9509",
            "high": "47.9509",
            "low": "47.9509",
            "close": "47.9393"
        },
        {
            "time": "05.08.2021 19:09",
            "open": "47.9393",
            "high": "47.9393",
            "low": "47.9393",
            "close": "48.0464"
        },
        {
            "time": "05.08.2021 19:10",
            "open": "48.0464",
            "high": "48.1",
            "low": "48.0321",
            "close": "48.0816"
        },
        {
            "time": "05.08.2021 19:11",
            "open": "48.0816",
            "high": "48.0816",
            "low": "48.0816",
            "close": "48.1116"
        },
        {
            "time": "05.08.2021 19:15",
            "open": "48.1116",
            "high": "48.1116",
            "low": "48.1116",
            "close": "48.0873"
        },
        {
            "time": "05.08.2021 19:16",
            "open": "48.0873",
            "high": "48.0873",
            "low": "48.0873",
            "close": "48.15"
        },
        {
            "time": "05.08.2021 19:19",
            "open": "48.15",
            "high": "48.1672",
            "low": "48.0967",
            "close": "48.0998"
        },
        {
            "time": "05.08.2021 19:20",
            "open": "48.0998",
            "high": "48.1414",
            "low": "48.0998",
            "close": "48.0885"
        },
        {
            "time": "05.08.2021 19:21",
            "open": "48.0885",
            "high": "48.0886",
            "low": "48.077",
            "close": "48.0517"
        },
        {
            "time": "05.08.2021 19:24",
            "open": "48.0517",
            "high": "48.0526",
            "low": "48.0517",
            "close": "48.1549"
        },
        {
            "time": "05.08.2021 19:27",
            "open": "48.1549",
            "high": "48.1605",
            "low": "48.1549",
            "close": "48.1991"
        },
        {
            "time": "05.08.2021 19:30",
            "open": "48.1991",
            "high": "48.2156",
            "low": "48.1991",
            "close": "48.1898"
        },
        {
            "time": "05.08.2021 19:32",
            "open": "48.1898",
            "high": "48.2005",
            "low": "48.1463",
            "close": "48.2313"
        },
        {
            "time": "05.08.2021 19:36",
            "open": "48.2313",
            "high": "48.2313",
            "low": "48.2313",
            "close": "48.25"
        },
        {
            "time": "05.08.2021 19:41",
            "open": "48.25",
            "high": "48.4",
            "low": "48.2",
            "close": "48.1891"
        },
        {
            "time": "05.08.2021 19:42",
            "open": "48.1891",
            "high": "48.2208",
            "low": "48.15",
            "close": "48.3013"
        },
        {
            "time": "05.08.2021 19:43",
            "open": "48.3013",
            "high": "48.3013",
            "low": "48.3013",
            "close": "48.2813"
        },
        {
            "time": "05.08.2021 19:45",
            "open": "48.2813",
            "high": "48.2813",
            "low": "48.2047",
            "close": "48.3404"
        },
        {
            "time": "05.08.2021 19:46",
            "open": "48.3404",
            "high": "48.3404",
            "low": "48.3404",
            "close": "48.182"
        },
        {
            "time": "05.08.2021 19:48",
            "open": "48.182",
            "high": "48.1821",
            "low": "48.182",
            "close": "48.1593"
        },
        {
            "time": "05.08.2021 19:49",
            "open": "48.1593",
            "high": "48.1593",
            "low": "48.1593",
            "close": "48.1593"
        },
        {
            "time": "05.08.2021 19:50",
            "open": "48.1593",
            "high": "48.2108",
            "low": "48.1593",
            "close": "48.298"
        },
        {
            "time": "05.08.2021 19:54",
            "open": "48.298",
            "high": "48.298",
            "low": "48.298",
            "close": "48.3172"
        },
        {
            "time": "05.08.2021 19:56",
            "open": "48.3172",
            "high": "48.3173",
            "low": "48.3172",
            "close": "48.2789"
        },
        {
            "time": "05.08.2021 19:58",
            "open": "48.2789",
            "high": "48.2789",
            "low": "48.2487",
            "close": "48.2487"
        },
        {
            "time": "05.08.2021 20:03",
            "open": "48.2487",
            "high": "48.2487",
            "low": "48.2487",
            "close": "48.2083"
        },
        {
            "time": "05.08.2021 20:05",
            "open": "48.2083",
            "high": "48.2339",
            "low": "48.1829",
            "close": "48.1522"
        },
        {
            "time": "05.08.2021 20:06",
            "open": "48.1522",
            "high": "48.1522",
            "low": "48.1522",
            "close": "48.1522"
        },
        {
            "time": "05.08.2021 20:07",
            "open": "48.1522",
            "high": "48.1522",
            "low": "48.1",
            "close": "48.132"
        },
        {
            "time": "05.08.2021 20:08",
            "open": "48.132",
            "high": "48.132",
            "low": "48.05",
            "close": "48.057"
        },
        {
            "time": "05.08.2021 20:11",
            "open": "48.057",
            "high": "48.057",
            "low": "48.0567",
            "close": "48.0344"
        },
        {
            "time": "05.08.2021 20:14",
            "open": "48.0344",
            "high": "48.0344",
            "low": "48.0328",
            "close": "48"
        },
        {
            "time": "05.08.2021 20:17",
            "open": "48",
            "high": "48",
            "low": "47.975",
            "close": "48.2"
        },
        {
            "time": "05.08.2021 20:22",
            "open": "48.2",
            "high": "48.2",
            "low": "48.2",
            "close": "48.25"
        },
        {
            "time": "05.08.2021 20:27",
            "open": "48.25",
            "high": "48.25",
            "low": "48.25",
            "close": "48.3"
        },
        {
            "time": "05.08.2021 20:31",
            "open": "48.3",
            "high": "48.3",
            "low": "48.3",
            "close": "48.35"
        },
        {
            "time": "05.08.2021 20:34",
            "open": "48.35",
            "high": "48.35",
            "low": "48.35",
            "close": "48.3755"
        },
        {
            "time": "05.08.2021 20:38",
            "open": "48.3755",
            "high": "48.3755",
            "low": "48.3755",
            "close": "48.39"
        },
        {
            "time": "05.08.2021 20:39",
            "open": "48.39",
            "high": "48.39",
            "low": "48.39",
            "close": "48.3948"
        },
        {
            "time": "05.08.2021 20:42",
            "open": "48.3948",
            "high": "48.3948",
            "low": "48.3948",
            "close": "48.3062"
        },
        {
            "time": "05.08.2021 20:47",
            "open": "48.3062",
            "high": "48.3062",
            "low": "48.3062",
            "close": "48.2916"
        },
        {
            "time": "05.08.2021 20:48",
            "open": "48.2916",
            "high": "48.2916",
            "low": "48.2916",
            "close": "48.1955"
        },
        {
            "time": "05.08.2021 20:49",
            "open": "48.1955",
            "high": "48.1955",
            "low": "48.1955",
            "close": "48.15"
        },
        {
            "time": "05.08.2021 20:50",
            "open": "48.15",
            "high": "48.15",
            "low": "48.1",
            "close": "48.1443"
        },
        {
            "time": "05.08.2021 20:54",
            "open": "48.1443",
            "high": "48.1443",
            "low": "48.1443",
            "close": "48.1929"
        },
        {
            "time": "05.08.2021 20:55",
            "open": "48.1929",
            "high": "48.1929",
            "low": "48.1929",
            "close": "48.1908"
        },
        {
            "time": "05.08.2021 20:56",
            "open": "48.1908",
            "high": "48.3186",
            "low": "48.1908",
            "close": "48.35"
        },
        {
            "time": "05.08.2021 20:57",
            "open": "48.35",
            "high": "48.4612",
            "low": "48.3231",
            "close": "48.4424"
        },
        {
            "time": "05.08.2021 20:58",
            "open": "48.4424",
            "high": "48.4424",
            "low": "48.3679",
            "close": "48.4051"
        },
        {
            "time": "05.08.2021 20:59",
            "open": "48.4051",
            "high": "48.4051",
            "low": "48.4051",
            "close": "48.3153"
        },
        {
            "time": "05.08.2021 21:00",
            "open": "48.3153",
            "high": "48.4116",
            "low": "48.3153",
            "close": "48.3617"
        },
        {
            "time": "05.08.2021 21:01",
            "open": "48.3617",
            "high": "48.3617",
            "low": "48.3617",
            "close": "48.3662"
        },
        {
            "time": "05.08.2021 21:03",
            "open": "48.3662",
            "high": "48.3662",
            "low": "48.3662",
            "close": "48.25"
        },
        {
            "time": "05.08.2021 21:06",
            "open": "48.25",
            "high": "48.25",
            "low": "48.25",
            "close": "48.366"
        },
        {
            "time": "05.08.2021 21:07",
            "open": "48.366",
            "high": "48.3705",
            "low": "48.366",
            "close": "48.4184"
        },
        {
            "time": "05.08.2021 21:08",
            "open": "48.4184",
            "high": "48.4272",
            "low": "48.4184",
            "close": "48.4493"
        },
        {
            "time": "05.08.2021 21:12",
            "open": "48.4493",
            "high": "48.5048",
            "low": "48.4493",
            "close": "48.5048"
        },
        {
            "time": "05.08.2021 21:13",
            "open": "48.5048",
            "high": "48.5048",
            "low": "48.5048",
            "close": "48.4252"
        },
        {
            "time": "05.08.2021 21:17",
            "open": "48.4252",
            "high": "48.4252",
            "low": "48.4252",
            "close": "48.4393"
        },
        {
            "time": "05.08.2021 21:21",
            "open": "48.4393",
            "high": "48.4393",
            "low": "48.4393",
            "close": "48.4505"
        },
        {
            "time": "05.08.2021 21:24",
            "open": "48.4505",
            "high": "48.4505",
            "low": "48.4505",
            "close": "48.3696"
        },
        {
            "time": "05.08.2021 21:31",
            "open": "48.3696",
            "high": "48.3905",
            "low": "48.3696",
            "close": "48.3"
        },
        {
            "time": "05.08.2021 21:32",
            "open": "48.3",
            "high": "48.3",
            "low": "48.2869",
            "close": "48.25"
        },
        {
            "time": "05.08.2021 21:34",
            "open": "48.25",
            "high": "48.25",
            "low": "48.25",
            "close": "48.2"
        },
        {
            "time": "05.08.2021 21:37",
            "open": "48.2",
            "high": "48.2",
            "low": "48.05",
            "close": "48.1218"
        },
        {
            "time": "05.08.2021 21:40",
            "open": "48.1218",
            "high": "48.1218",
            "low": "48.1218",
            "close": "48.1522"
        },
        {
            "time": "05.08.2021 21:44",
            "open": "48.1522",
            "high": "48.1522",
            "low": "48.1522",
            "close": "48.0933"
        },
        {
            "time": "05.08.2021 21:46",
            "open": "48.0933",
            "high": "48.0933",
            "low": "48.0933",
            "close": "48.0933"
        },
        {
            "time": "05.08.2021 21:47",
            "open": "48.0933",
            "high": "48.0933",
            "low": "48.0933",
            "close": "48.0933"
        },
        {
            "time": "05.08.2021 21:48",
            "open": "48.0933",
            "high": "48.0933",
            "low": "48",
            "close": "47.95"
        },
        {
            "time": "05.08.2021 21:49",
            "open": "47.95",
            "high": "47.95",
            "low": "47.95",
            "close": "48.0701"
        },
        {
            "time": "05.08.2021 21:51",
            "open": "48.0701",
            "high": "48.0701",
            "low": "48.0701",
            "close": "48.065"
        },
        {
            "time": "05.08.2021 21:53",
            "open": "48.065",
            "high": "48.065",
            "low": "48.065",
            "close": "47.9524"
        },
        {
            "time": "05.08.2021 21:55",
            "open": "47.9524",
            "high": "47.9524",
            "low": "47.9524",
            "close": "47.9958"
        },
        {
            "time": "05.08.2021 21:59",
            "open": "47.9958",
            "high": "47.9958",
            "low": "47.9958",
            "close": "48.0327"
        },
        {
            "time": "05.08.2021 22:01",
            "open": "48.0327",
            "high": "48.0327",
            "low": "48.0327",
            "close": "48.0096"
        },
        {
            "time": "05.08.2021 22:02",
            "open": "48.0096",
            "high": "48.0096",
            "low": "48.0096",
            "close": "48.15"
        },
        {
            "time": "05.08.2021 22:03",
            "open": "48.15",
            "high": "48.2",
            "low": "48.15",
            "close": "48.0734"
        },
        {
            "time": "05.08.2021 22:13",
            "open": "48.0734",
            "high": "48.0734",
            "low": "48.0734",
            "close": "48.131"
        },
        {
            "time": "05.08.2021 22:15",
            "open": "48.131",
            "high": "48.131",
            "low": "48.131",
            "close": "48.1"
        },
        {
            "time": "05.08.2021 22:28",
            "open": "48.1",
            "high": "48.1",
            "low": "48.1",
            "close": "48.0557"
        },
        {
            "time": "05.08.2021 22:29",
            "open": "48.0557",
            "high": "48.0557",
            "low": "48.0557",
            "close": "48.0158"
        },
        {
            "time": "05.08.2021 22:40",
            "open": "48.0158",
            "high": "48.0158",
            "low": "48.0158",
            "close": "48"
        },
        {
            "time": "05.08.2021 22:42",
            "open": "48",
            "high": "48",
            "low": "47.95",
            "close": "47.9341"
        },
        {
            "time": "05.08.2021 22:44",
            "open": "47.9341",
            "high": "47.9341",
            "low": "47.9341",
            "close": "48.0186"
        },
        {
            "time": "05.08.2021 22:47",
            "open": "48.0186",
            "high": "48.0186",
            "low": "47.9695",
            "close": "47.9609"
        },
        {
            "time": "05.08.2021 22:48",
            "open": "47.9549",
            "high": "47.9549",
            "low": "47.9549",
            "close": "48.0319"
        },
        {
            "time": "05.08.2021 22:55",
            "open": "48.0319",
            "high": "48.0438",
            "low": "48.0319",
            "close": "48.0225"
        },
        {
            "time": "05.08.2021 23:12",
            "open": "48.0225",
            "high": "48.0225",
            "low": "48.0225",
            "close": "47.9"
        },
        {
            "time": "05.08.2021 23:18",
            "open": "47.9",
            "high": "47.9",
            "low": "47.9",
            "close": "47.8516"
        },
        {
            "time": "05.08.2021 23:19",
            "open": "47.8516",
            "high": "47.8516",
            "low": "47.85",
            "close": "47.9069"
        },
        {
            "time": "05.08.2021 23:24",
            "open": "47.9069",
            "high": "47.9589",
            "low": "47.9069",
            "close": "48.0004"
        },
        {
            "time": "05.08.2021 23:26",
            "open": "48.0004",
            "high": "48.0004",
            "low": "48.0004",
            "close": "48.0004"
        },
        {
            "time": "05.08.2021 23:29",
            "open": "48.0004",
            "high": "48.0004",
            "low": "48.0004",
            "close": "48.05"
        },
        {
            "time": "05.08.2021 23:34",
            "open": "48.05",
            "high": "48.1",
            "low": "48.05",
            "close": "48.0745"
        },
        {
            "time": "05.08.2021 23:37",
            "open": "48.0745",
            "high": "48.0745",
            "low": "48.0745",
            "close": "48.0872"
        },
        {
            "time": "05.08.2021 23:38",
            "open": "48.0872",
            "high": "48.0915",
            "low": "48.0872",
            "close": "48.15"
        },
        {
            "time": "05.08.2021 23:41",
            "open": "48.15",
            "high": "48.1941",
            "low": "48.15",
            "close": "48.2"
        },
        {
            "time": "05.08.2021 23:43",
            "open": "48.2",
            "high": "48.2",
            "low": "48.2",
            "close": "48.2045"
        },
        {
            "time": "05.08.2021 23:44",
            "open": "48.2045",
            "high": "48.2401",
            "low": "48.2045",
            "close": "48.1632"
        },
        {
            "time": "05.08.2021 23:45",
            "open": "48.1632",
            "high": "48.1632",
            "low": "48.1632",
            "close": "48.0549"
        },
        {
            "time": "05.08.2021 23:47",
            "open": "48.0549",
            "high": "48.055",
            "low": "48.0549",
            "close": "48.0994"
        },
        {
            "time": "05.08.2021 23:49",
            "open": "48.0994",
            "high": "48.1117",
            "low": "48.0994",
            "close": "48.0097"
        },
        {
            "time": "05.08.2021 23:53",
            "open": "48.0097",
            "high": "48.0097",
            "low": "48.0097",
            "close": "48.0275"
        },
        {
            "time": "05.08.2021 23:55",
            "open": "48.0275",
            "high": "48.0275",
            "low": "48.0215",
            "close": "48.0652"
        },
        {
            "time": "05.08.2021 23:56",
            "open": "48.0652",
            "high": "48.0652",
            "low": "48.0652",
            "close": "48.1227"
        }
    ]
}