{
    "FIL-EUR": [
        {
            "time": "18.07.2021 23:59",
            "open": "39.9725",
            "high": "39.9725",
            "low": "39.9725",
            "close": "40.1"
        },
        {
            "time": "19.07.2021 00:05",
            "open": "40.1",
            "high": "40.15",
            "low": "40.1",
            "close": "40.0685"
        },
        {
            "time": "19.07.2021 00:06",
            "open": "40.0685",
            "high": "40.0685",
            "low": "40.0685",
            "close": "39.9075"
        },
        {
            "time": "19.07.2021 00:13",
            "open": "39.9075",
            "high": "39.9075",
            "low": "39.9075",
            "close": "39.85"
        },
        {
            "time": "19.07.2021 00:16",
            "open": "39.85",
            "high": "39.85",
            "low": "39.8",
            "close": "39.7521"
        },
        {
            "time": "19.07.2021 00:17",
            "open": "39.7521",
            "high": "39.8026",
            "low": "39.65",
            "close": "39.6"
        },
        {
            "time": "19.07.2021 00:22",
            "open": "39.6",
            "high": "39.6",
            "low": "39.5915",
            "close": "39.55"
        },
        {
            "time": "19.07.2021 00:23",
            "open": "39.55",
            "high": "39.55",
            "low": "39.55",
            "close": "39.5978"
        },
        {
            "time": "19.07.2021 00:38",
            "open": "39.5978",
            "high": "39.5978",
            "low": "39.5971",
            "close": "39.5"
        },
        {
            "time": "19.07.2021 00:52",
            "open": "39.5",
            "high": "39.5",
            "low": "39.45",
            "close": "39.4"
        },
        {
            "time": "19.07.2021 00:54",
            "open": "39.4",
            "high": "39.4",
            "low": "39.4",
            "close": "39.4806"
        },
        {
            "time": "19.07.2021 00:56",
            "open": "39.4806",
            "high": "39.4806",
            "low": "39.4806",
            "close": "39.4924"
        },
        {
            "time": "19.07.2021 00:57",
            "open": "39.4924",
            "high": "39.4924",
            "low": "39.4924",
            "close": "39.4056"
        },
        {
            "time": "19.07.2021 01:00",
            "open": "39.4056",
            "high": "39.4056",
            "low": "39.4056",
            "close": "39.4985"
        },
        {
            "time": "19.07.2021 01:14",
            "open": "39.4985",
            "high": "39.4985",
            "low": "39.4985",
            "close": "39.4251"
        },
        {
            "time": "19.07.2021 01:26",
            "open": "39.4251",
            "high": "39.4251",
            "low": "39.4251",
            "close": "39.7"
        },
        {
            "time": "19.07.2021 01:45",
            "open": "39.7",
            "high": "39.7095",
            "low": "39.7",
            "close": "39.75"
        },
        {
            "time": "19.07.2021 01:46",
            "open": "39.75",
            "high": "39.75",
            "low": "39.75",
            "close": "39.8"
        },
        {
            "time": "19.07.2021 01:49",
            "open": "39.8",
            "high": "39.8",
            "low": "39.8",
            "close": "39.7812"
        },
        {
            "time": "19.07.2021 01:50",
            "open": "39.7812",
            "high": "39.85",
            "low": "39.7812",
            "close": "39.8097"
        },
        {
            "time": "19.07.2021 01:52",
            "open": "39.8097",
            "high": "39.8097",
            "low": "39.8097",
            "close": "39.734"
        },
        {
            "time": "19.07.2021 01:58",
            "open": "39.734",
            "high": "39.734",
            "low": "39.734",
            "close": "39.9"
        },
        {
            "time": "19.07.2021 02:06",
            "open": "39.9",
            "high": "39.9",
            "low": "39.9",
            "close": "39.7336"
        },
        {
            "time": "19.07.2021 02:20",
            "open": "39.7336",
            "high": "39.7336",
            "low": "39.7336",
            "close": "39.6"
        },
        {
            "time": "19.07.2021 02:33",
            "open": "39.6",
            "high": "39.6",
            "low": "39.6",
            "close": "39.55"
        },
        {
            "time": "19.07.2021 02:34",
            "open": "39.55",
            "high": "39.55",
            "low": "39.55",
            "close": "39.55"
        },
        {
            "time": "19.07.2021 02:39",
            "open": "39.55",
            "high": "39.55",
            "low": "39.55",
            "close": "39.5"
        },
        {
            "time": "19.07.2021 02:40",
            "open": "39.5",
            "high": "39.5",
            "low": "39.5",
            "close": "39.45"
        },
        {
            "time": "19.07.2021 02:46",
            "open": "39.45",
            "high": "39.45",
            "low": "39.45",
            "close": "39.4"
        },
        {
            "time": "19.07.2021 02:47",
            "open": "39.4",
            "high": "39.4",
            "low": "39.4",
            "close": "39.35"
        },
        {
            "time": "19.07.2021 02:48",
            "open": "39.35",
            "high": "39.3633",
            "low": "39.35",
            "close": "39.35"
        },
        {
            "time": "19.07.2021 02:49",
            "open": "39.35",
            "high": "39.35",
            "low": "39.3464",
            "close": "39.3"
        },
        {
            "time": "19.07.2021 02:51",
            "open": "39.3",
            "high": "39.3",
            "low": "39.3",
            "close": "39.3192"
        },
        {
            "time": "19.07.2021 02:56",
            "open": "39.3192",
            "high": "39.3192",
            "low": "39.3191",
            "close": "39.25"
        },
        {
            "time": "19.07.2021 03:04",
            "open": "39.25",
            "high": "39.25",
            "low": "39.25",
            "close": "39.2"
        },
        {
            "time": "19.07.2021 03:05",
            "open": "39.2",
            "high": "39.2",
            "low": "39.2",
            "close": "39.1884"
        },
        {
            "time": "19.07.2021 03:08",
            "open": "39.1884",
            "high": "39.1884",
            "low": "39.1884",
            "close": "39.15"
        },
        {
            "time": "19.07.2021 03:14",
            "open": "39.15",
            "high": "39.15",
            "low": "39.15",
            "close": "39.15"
        },
        {
            "time": "19.07.2021 03:16",
            "open": "39.15",
            "high": "39.15",
            "low": "39.15",
            "close": "39.1"
        },
        {
            "time": "19.07.2021 03:18",
            "open": "39.1",
            "high": "39.1",
            "low": "39.1",
            "close": "39.05"
        },
        {
            "time": "19.07.2021 03:19",
            "open": "39.05",
            "high": "39.05",
            "low": "39.05",
            "close": "39.35"
        },
        {
            "time": "19.07.2021 03:46",
            "open": "39.35",
            "high": "39.3882",
            "low": "39.35",
            "close": "39.295"
        },
        {
            "time": "19.07.2021 04:03",
            "open": "39.295",
            "high": "39.295",
            "low": "39.295",
            "close": "39.2418"
        },
        {
            "time": "19.07.2021 06:05",
            "open": "39.2418",
            "high": "39.2418",
            "low": "39.2418",
            "close": "39.3266"
        },
        {
            "time": "19.07.2021 06:18",
            "open": "39.3266",
            "high": "39.3266",
            "low": "39.3266",
            "close": "39.4"
        },
        {
            "time": "19.07.2021 06:27",
            "open": "39.4",
            "high": "39.4",
            "low": "39.4",
            "close": "39.4178"
        },
        {
            "time": "19.07.2021 06:28",
            "open": "39.4178",
            "high": "39.4178",
            "low": "39.4178",
            "close": "39.45"
        },
        {
            "time": "19.07.2021 06:49",
            "open": "39.45",
            "high": "39.4524",
            "low": "39.45",
            "close": "39.4539"
        },
        {
            "time": "19.07.2021 06:51",
            "open": "39.4539",
            "high": "39.4622",
            "low": "39.4539",
            "close": "39.4146"
        },
        {
            "time": "19.07.2021 07:33",
            "open": "39.4146",
            "high": "39.4563",
            "low": "39.4146",
            "close": "39.5"
        },
        {
            "time": "19.07.2021 07:45",
            "open": "39.5",
            "high": "39.55",
            "low": "39.5",
            "close": "39.6"
        },
        {
            "time": "19.07.2021 07:46",
            "open": "39.6",
            "high": "39.6",
            "low": "39.6",
            "close": "39.65"
        },
        {
            "time": "19.07.2021 07:47",
            "open": "39.65",
            "high": "39.65",
            "low": "39.65",
            "close": "39.7"
        },
        {
            "time": "19.07.2021 07:48",
            "open": "39.7",
            "high": "39.7",
            "low": "39.7",
            "close": "39.6687"
        },
        {
            "time": "19.07.2021 08:02",
            "open": "39.6687",
            "high": "39.6687",
            "low": "39.6687",
            "close": "39.6451"
        },
        {
            "time": "19.07.2021 08:21",
            "open": "39.6451",
            "high": "39.6451",
            "low": "39.6451",
            "close": "39.6505"
        },
        {
            "time": "19.07.2021 13:17",
            "open": "39.3074",
            "high": "39.3074",
            "low": "39.3074",
            "close": "39.25"
        },
        {
            "time": "19.07.2021 13:20",
            "open": "39.25",
            "high": "39.25",
            "low": "39.25",
            "close": "39.2"
        },
        {
            "time": "19.07.2021 13:31",
            "open": "39.2",
            "high": "39.2",
            "low": "39.2",
            "close": "39.3"
        },
        {
            "time": "19.07.2021 13:39",
            "open": "39.3",
            "high": "39.3",
            "low": "39.3",
            "close": "39.2"
        },
        {
            "time": "19.07.2021 13:48",
            "open": "39.2",
            "high": "39.2",
            "low": "39.2",
            "close": "39.1876"
        },
        {
            "time": "19.07.2021 13:55",
            "open": "39.1876",
            "high": "39.1876",
            "low": "39.1462",
            "close": "39.1"
        },
        {
            "time": "19.07.2021 14:00",
            "open": "39.1",
            "high": "39.1",
            "low": "39.1",
            "close": "39.05"
        },
        {
            "time": "19.07.2021 14:15",
            "open": "39.05",
            "high": "39.05",
            "low": "39.05",
            "close": "39"
        },
        {
            "time": "19.07.2021 14:16",
            "open": "39",
            "high": "39",
            "low": "38.965",
            "close": "38.95"
        },
        {
            "time": "19.07.2021 14:18",
            "open": "38.95",
            "high": "38.95",
            "low": "38.95",
            "close": "38.9"
        },
        {
            "time": "19.07.2021 14:30",
            "open": "38.9",
            "high": "38.9",
            "low": "38.84",
            "close": "38.8"
        },
        {
            "time": "19.07.2021 14:31",
            "open": "38.8",
            "high": "38.8",
            "low": "38.75",
            "close": "38.7"
        },
        {
            "time": "19.07.2021 14:34",
            "open": "38.7",
            "high": "38.7",
            "low": "38.5372",
            "close": "38.5"
        },
        {
            "time": "19.07.2021 14:35",
            "open": "38.5",
            "high": "38.5",
            "low": "38.5",
            "close": "38.45"
        },
        {
            "time": "19.07.2021 14:36",
            "open": "38.45",
            "high": "38.45",
            "low": "38.4",
            "close": "38.35"
        },
        {
            "time": "19.07.2021 14:37",
            "open": "38.35",
            "high": "38.35",
            "low": "38.3",
            "close": "38.25"
        },
        {
            "time": "19.07.2021 14:38",
            "open": "38.25",
            "high": "38.2879",
            "low": "38.23",
            "close": "38.35"
        },
        {
            "time": "19.07.2021 14:39",
            "open": "38.35",
            "high": "38.5005",
            "low": "38.35",
            "close": "38.4"
        },
        {
            "time": "19.07.2021 14:40",
            "open": "38.4",
            "high": "38.4642",
            "low": "38.4",
            "close": "38.4193"
        },
        {
            "time": "19.07.2021 14:44",
            "open": "38.4193",
            "high": "38.4193",
            "low": "38.4193",
            "close": "38.35"
        },
        {
            "time": "19.07.2021 14:46",
            "open": "38.35",
            "high": "38.35",
            "low": "38.35",
            "close": "38.3739"
        },
        {
            "time": "19.07.2021 14:53",
            "open": "38.3739",
            "high": "38.3739",
            "low": "38.3739",
            "close": "38.3545"
        },
        {
            "time": "19.07.2021 14:55",
            "open": "38.3545",
            "high": "38.3545",
            "low": "38.3545",
            "close": "38.3891"
        },
        {
            "time": "19.07.2021 14:57",
            "open": "38.3891",
            "high": "38.3949",
            "low": "38.3891",
            "close": "38.3"
        },
        {
            "time": "19.07.2021 15:00",
            "open": "38.3",
            "high": "38.3",
            "low": "38.2935",
            "close": "38.25"
        },
        {
            "time": "19.07.2021 15:01",
            "open": "38.25",
            "high": "38.25",
            "low": "38.1906",
            "close": "38.2294"
        },
        {
            "time": "19.07.2021 15:02",
            "open": "38.2294",
            "high": "38.2294",
            "low": "38.2294",
            "close": "38.3"
        },
        {
            "time": "19.07.2021 15:03",
            "open": "38.3",
            "high": "38.3",
            "low": "38.3",
            "close": "38.35"
        },
        {
            "time": "19.07.2021 15:04",
            "open": "38.35",
            "high": "38.35",
            "low": "38.35",
            "close": "38.4"
        },
        {
            "time": "19.07.2021 15:06",
            "open": "38.4",
            "high": "38.4",
            "low": "38.4",
            "close": "38.332"
        },
        {
            "time": "19.07.2021 15:09",
            "open": "38.332",
            "high": "38.3895",
            "low": "38.3",
            "close": "38.25"
        },
        {
            "time": "19.07.2021 15:10",
            "open": "38.25",
            "high": "38.25",
            "low": "38.25",
            "close": "38.2643"
        },
        {
            "time": "19.07.2021 15:11",
            "open": "38.2643",
            "high": "38.2643",
            "low": "38.2643",
            "close": "38.2798"
        },
        {
            "time": "19.07.2021 15:12",
            "open": "38.2798",
            "high": "38.2798",
            "low": "38.2798",
            "close": "38.2841"
        },
        {
            "time": "19.07.2021 15:13",
            "open": "38.2841",
            "high": "38.2841",
            "low": "38.2821",
            "close": "38.335"
        },
        {
            "time": "19.07.2021 15:14",
            "open": "38.335",
            "high": "38.335",
            "low": "38.335",
            "close": "38.345"
        },
        {
            "time": "19.07.2021 15:16",
            "open": "38.345",
            "high": "38.345",
            "low": "38.345",
            "close": "38.35"
        },
        {
            "time": "19.07.2021 15:17",
            "open": "38.35",
            "high": "38.4",
            "low": "38.35",
            "close": "38.3306"
        },
        {
            "time": "19.07.2021 15:20",
            "open": "38.3306",
            "high": "38.3346",
            "low": "38.3",
            "close": "38.2665"
        },
        {
            "time": "19.07.2021 15:22",
            "open": "38.2665",
            "high": "38.2665",
            "low": "38.25",
            "close": "38.2837"
        },
        {
            "time": "19.07.2021 15:23",
            "open": "38.2837",
            "high": "38.2837",
            "low": "38.2837",
            "close": "38.271"
        },
        {
            "time": "19.07.2021 15:25",
            "open": "38.271",
            "high": "38.2737",
            "low": "38.271",
            "close": "38.2156"
        },
        {
            "time": "19.07.2021 15:26",
            "open": "38.2156",
            "high": "38.2156",
            "low": "38.2156",
            "close": "38.2"
        },
        {
            "time": "19.07.2021 15:27",
            "open": "38.2",
            "high": "38.2",
            "low": "38.2",
            "close": "38.15"
        },
        {
            "time": "19.07.2021 15:29",
            "open": "38.15",
            "high": "38.15",
            "low": "38.15",
            "close": "38.11"
        },
        {
            "time": "19.07.2021 15:30",
            "open": "38.11",
            "high": "38.11",
            "low": "38.1",
            "close": "38.0762"
        },
        {
            "time": "19.07.2021 15:31",
            "open": "38.0762",
            "high": "38.0762",
            "low": "38.0699",
            "close": "38.2"
        },
        {
            "time": "19.07.2021 15:36",
            "open": "38.2",
            "high": "38.2",
            "low": "38.2",
            "close": "38.1"
        },
        {
            "time": "19.07.2021 15:38",
            "open": "38.1",
            "high": "38.1",
            "low": "38.1",
            "close": "38.0948"
        },
        {
            "time": "19.07.2021 15:40",
            "open": "38.0948",
            "high": "38.0948",
            "low": "38.0948",
            "close": "38.1104"
        },
        {
            "time": "19.07.2021 15:44",
            "open": "38.1104",
            "high": "38.1104",
            "low": "38.1104",
            "close": "38.1209"
        },
        {
            "time": "19.07.2021 15:45",
            "open": "38.1209",
            "high": "38.1209",
            "low": "38.118",
            "close": "38.2"
        },
        {
            "time": "19.07.2021 15:51",
            "open": "38.2",
            "high": "38.25",
            "low": "38.2",
            "close": "38.25"
        },
        {
            "time": "19.07.2021 15:56",
            "open": "38.25",
            "high": "38.25",
            "low": "38.25",
            "close": "38.289"
        },
        {
            "time": "19.07.2021 15:58",
            "open": "38.289",
            "high": "38.289",
            "low": "38.2385",
            "close": "38.3"
        },
        {
            "time": "19.07.2021 16:02",
            "open": "38.3",
            "high": "38.3",
            "low": "38.3",
            "close": "38.2429"
        },
        {
            "time": "19.07.2021 16:03",
            "open": "38.2429",
            "high": "38.2429",
            "low": "38.2429",
            "close": "38.2227"
        },
        {
            "time": "19.07.2021 16:04",
            "open": "38.2227",
            "high": "38.2227",
            "low": "38.2",
            "close": "38.2579"
        },
        {
            "time": "19.07.2021 16:09",
            "open": "38.2579",
            "high": "38.2579",
            "low": "38.2521",
            "close": "38.3"
        },
        {
            "time": "19.07.2021 16:10",
            "open": "38.3",
            "high": "38.35",
            "low": "38.3",
            "close": "38.35"
        },
        {
            "time": "19.07.2021 16:11",
            "open": "38.35",
            "high": "38.35",
            "low": "38.35",
            "close": "38.2823"
        },
        {
            "time": "19.07.2021 16:12",
            "open": "38.2823",
            "high": "38.2823",
            "low": "38.2823",
            "close": "38.25"
        },
        {
            "time": "19.07.2021 16:13",
            "open": "38.25",
            "high": "38.25",
            "low": "38.2471",
            "close": "38.2"
        },
        {
            "time": "19.07.2021 16:20",
            "open": "38.2",
            "high": "38.35",
            "low": "38.15",
            "close": "38.3746"
        },
        {
            "time": "19.07.2021 16:21",
            "open": "38.3746",
            "high": "38.3746",
            "low": "38.3746",
            "close": "38.3293"
        },
        {
            "time": "19.07.2021 16:24",
            "open": "38.3293",
            "high": "38.3293",
            "low": "38.3293",
            "close": "38.3145"
        },
        {
            "time": "19.07.2021 16:26",
            "open": "38.3145",
            "high": "38.325",
            "low": "38.2888",
            "close": "38.341"
        },
        {
            "time": "19.07.2021 16:31",
            "open": "38.341",
            "high": "38.341",
            "low": "38.3364",
            "close": "38.4"
        },
        {
            "time": "19.07.2021 16:33",
            "open": "38.4",
            "high": "38.6",
            "low": "38.4",
            "close": "38.65"
        },
        {
            "time": "19.07.2021 16:34",
            "open": "38.65",
            "high": "38.8999",
            "low": "38.65",
            "close": "38.7"
        },
        {
            "time": "19.07.2021 16:35",
            "open": "38.7",
            "high": "38.7",
            "low": "38.6645",
            "close": "38.65"
        },
        {
            "time": "19.07.2021 16:36",
            "open": "38.65",
            "high": "38.65",
            "low": "38.65",
            "close": "38.665"
        },
        {
            "time": "19.07.2021 16:37",
            "open": "38.665",
            "high": "38.665",
            "low": "38.665",
            "close": "38.75"
        },
        {
            "time": "19.07.2021 16:40",
            "open": "38.75",
            "high": "38.75",
            "low": "38.75",
            "close": "38.7029"
        },
        {
            "time": "19.07.2021 16:41",
            "open": "38.7029",
            "high": "38.7029",
            "low": "38.65",
            "close": "38.6"
        },
        {
            "time": "19.07.2021 16:43",
            "open": "38.6",
            "high": "38.6",
            "low": "38.55",
            "close": "38.537"
        },
        {
            "time": "19.07.2021 16:44",
            "open": "38.537",
            "high": "38.537",
            "low": "38.5",
            "close": "38.6"
        },
        {
            "time": "19.07.2021 16:49",
            "open": "38.6",
            "high": "38.65",
            "low": "38.6",
            "close": "38.6254"
        },
        {
            "time": "19.07.2021 16:54",
            "open": "38.6254",
            "high": "38.6442",
            "low": "38.6254",
            "close": "38.55"
        },
        {
            "time": "19.07.2021 16:57",
            "open": "38.55",
            "high": "38.55",
            "low": "38.55",
            "close": "38.65"
        },
        {
            "time": "19.07.2021 16:59",
            "open": "38.65",
            "high": "38.65",
            "low": "38.65",
            "close": "38.576"
        },
        {
            "time": "19.07.2021 17:02",
            "open": "38.576",
            "high": "38.576",
            "low": "38.576",
            "close": "38.6191"
        },
        {
            "time": "19.07.2021 17:05",
            "open": "38.6191",
            "high": "38.6624",
            "low": "38.6191",
            "close": "38.6882"
        },
        {
            "time": "19.07.2021 17:06",
            "open": "38.6882",
            "high": "38.75",
            "low": "38.6882",
            "close": "38.7496"
        },
        {
            "time": "19.07.2021 17:08",
            "open": "38.7496",
            "high": "38.7496",
            "low": "38.7496",
            "close": "38.766"
        },
        {
            "time": "19.07.2021 17:10",
            "open": "38.766",
            "high": "38.766",
            "low": "38.766",
            "close": "38.8"
        },
        {
            "time": "19.07.2021 17:11",
            "open": "38.8",
            "high": "38.8745",
            "low": "38.8",
            "close": "38.8631"
        },
        {
            "time": "19.07.2021 17:14",
            "open": "38.8631",
            "high": "38.8631",
            "low": "38.8631",
            "close": "38.7936"
        },
        {
            "time": "19.07.2021 17:18",
            "open": "38.7936",
            "high": "38.7936",
            "low": "38.7936",
            "close": "38.7548"
        },
        {
            "time": "19.07.2021 17:19",
            "open": "38.7548",
            "high": "38.7548",
            "low": "38.7548",
            "close": "38.8057"
        },
        {
            "time": "19.07.2021 17:20",
            "open": "38.8057",
            "high": "38.8057",
            "low": "38.8057",
            "close": "38.7718"
        },
        {
            "time": "19.07.2021 17:24",
            "open": "38.7718",
            "high": "38.7718",
            "low": "38.7618",
            "close": "38.75"
        },
        {
            "time": "19.07.2021 17:26",
            "open": "38.75",
            "high": "38.75",
            "low": "38.75",
            "close": "38.7"
        },
        {
            "time": "19.07.2021 17:28",
            "open": "38.7",
            "high": "38.71",
            "low": "38.7",
            "close": "38.6662"
        },
        {
            "time": "19.07.2021 17:30",
            "open": "38.6662",
            "high": "38.7176",
            "low": "38.6652",
            "close": "38.78"
        },
        {
            "time": "19.07.2021 17:31",
            "open": "38.78",
            "high": "38.8",
            "low": "38.78",
            "close": "38.85"
        },
        {
            "time": "19.07.2021 17:33",
            "open": "38.85",
            "high": "38.85",
            "low": "38.85",
            "close": "38.7851"
        },
        {
            "time": "19.07.2021 17:37",
            "open": "38.7851",
            "high": "38.82",
            "low": "38.7851",
            "close": "38.8595"
        },
        {
            "time": "19.07.2021 17:48",
            "open": "38.8595",
            "high": "38.8595",
            "low": "38.8595",
            "close": "38.9"
        },
        {
            "time": "19.07.2021 17:50",
            "open": "38.9",
            "high": "38.9",
            "low": "38.9",
            "close": "38.8642"
        },
        {
            "time": "19.07.2021 17:54",
            "open": "38.8642",
            "high": "38.8642",
            "low": "38.8642",
            "close": "38.8301"
        },
        {
            "time": "19.07.2021 17:55",
            "open": "38.8301",
            "high": "38.8381",
            "low": "38.8301",
            "close": "38.8577"
        },
        {
            "time": "19.07.2021 17:57",
            "open": "38.8577",
            "high": "38.8577",
            "low": "38.8577",
            "close": "38.8"
        },
        {
            "time": "19.07.2021 17:58",
            "open": "38.8",
            "high": "38.8",
            "low": "38.8",
            "close": "38.75"
        },
        {
            "time": "19.07.2021 18:00",
            "open": "38.75",
            "high": "38.75",
            "low": "38.7382",
            "close": "38.7241"
        },
        {
            "time": "19.07.2021 18:01",
            "open": "38.7241",
            "high": "38.7241",
            "low": "38.7241",
            "close": "38.7713"
        },
        {
            "time": "19.07.2021 18:02",
            "open": "38.7713",
            "high": "38.7713",
            "low": "38.7",
            "close": "38.66"
        },
        {
            "time": "19.07.2021 18:03",
            "open": "38.66",
            "high": "38.6635",
            "low": "38.65",
            "close": "38.6427"
        },
        {
            "time": "19.07.2021 18:04",
            "open": "38.6427",
            "high": "38.6427",
            "low": "38.6427",
            "close": "38.716"
        },
        {
            "time": "19.07.2021 18:07",
            "open": "38.716",
            "high": "38.7207",
            "low": "38.7139",
            "close": "38.6509"
        },
        {
            "time": "19.07.2021 18:11",
            "open": "38.6509",
            "high": "38.6509",
            "low": "38.6509",
            "close": "38.6"
        },
        {
            "time": "19.07.2021 18:12",
            "open": "38.6",
            "high": "38.6",
            "low": "38.6",
            "close": "38.55"
        },
        {
            "time": "19.07.2021 18:14",
            "open": "38.55",
            "high": "38.55",
            "low": "38.55",
            "close": "38.65"
        },
        {
            "time": "19.07.2021 18:20",
            "open": "38.65",
            "high": "38.666",
            "low": "38.65",
            "close": "38.6775"
        },
        {
            "time": "19.07.2021 18:21",
            "open": "38.6775",
            "high": "38.6775",
            "low": "38.6775",
            "close": "38.55"
        },
        {
            "time": "19.07.2021 18:26",
            "open": "38.55",
            "high": "38.553",
            "low": "38.55",
            "close": "38.5456"
        },
        {
            "time": "19.07.2021 18:29",
            "open": "38.5456",
            "high": "38.5456",
            "low": "38.5",
            "close": "38.45"
        },
        {
            "time": "19.07.2021 18:31",
            "open": "38.45",
            "high": "38.45",
            "low": "38.4274",
            "close": "38.4308"
        },
        {
            "time": "19.07.2021 18:32",
            "open": "38.4308",
            "high": "38.4308",
            "low": "38.4308",
            "close": "38.4"
        },
        {
            "time": "19.07.2021 18:33",
            "open": "38.4",
            "high": "38.4",
            "low": "38.35",
            "close": "38.4169"
        },
        {
            "time": "19.07.2021 18:35",
            "open": "38.4169",
            "high": "38.4169",
            "low": "38.4169",
            "close": "38.45"
        },
        {
            "time": "19.07.2021 18:37",
            "open": "38.45",
            "high": "38.45",
            "low": "38.45",
            "close": "38.3841"
        },
        {
            "time": "19.07.2021 18:39",
            "open": "38.3841",
            "high": "38.3841",
            "low": "38.3841",
            "close": "38.4027"
        },
        {
            "time": "19.07.2021 18:40",
            "open": "38.4027",
            "high": "38.4027",
            "low": "38.3884",
            "close": "38.4579"
        },
        {
            "time": "19.07.2021 18:42",
            "open": "38.4579",
            "high": "38.4579",
            "low": "38.4579",
            "close": "38.4153"
        },
        {
            "time": "19.07.2021 18:43",
            "open": "38.4153",
            "high": "38.4153",
            "low": "38.4153",
            "close": "38.35"
        },
        {
            "time": "19.07.2021 18:45",
            "open": "38.35",
            "high": "38.3656",
            "low": "38.35",
            "close": "38.3531"
        },
        {
            "time": "19.07.2021 18:47",
            "open": "38.3531",
            "high": "38.4009",
            "low": "38.3531",
            "close": "38.45"
        },
        {
            "time": "19.07.2021 18:48",
            "open": "38.45",
            "high": "38.45",
            "low": "38.45",
            "close": "38.5"
        },
        {
            "time": "19.07.2021 18:49",
            "open": "38.5",
            "high": "38.5161",
            "low": "38.5",
            "close": "38.5213"
        },
        {
            "time": "19.07.2021 18:50",
            "open": "38.5213",
            "high": "38.55",
            "low": "38.5213",
            "close": "38.54"
        },
        {
            "time": "19.07.2021 18:58",
            "open": "38.54",
            "high": "38.54",
            "low": "38.54",
            "close": "38.5413"
        },
        {
            "time": "19.07.2021 18:59",
            "open": "38.5413",
            "high": "38.5413",
            "low": "38.5413",
            "close": "38.5425"
        },
        {
            "time": "19.07.2021 19:01",
            "open": "38.5425",
            "high": "38.5425",
            "low": "38.5425",
            "close": "38.5308"
        },
        {
            "time": "19.07.2021 19:02",
            "open": "38.5308",
            "high": "38.5308",
            "low": "38.5308",
            "close": "38.5156"
        },
        {
            "time": "19.07.2021 19:03",
            "open": "38.5156",
            "high": "38.5226",
            "low": "38.5156",
            "close": "38.4806"
        },
        {
            "time": "19.07.2021 19:06",
            "open": "38.4806",
            "high": "38.4806",
            "low": "38.4806",
            "close": "38.5931"
        },
        {
            "time": "19.07.2021 19:13",
            "open": "38.5931",
            "high": "38.6082",
            "low": "38.576",
            "close": "38.5478"
        },
        {
            "time": "19.07.2021 19:14",
            "open": "38.5478",
            "high": "38.5478",
            "low": "38.5478",
            "close": "38.549"
        },
        {
            "time": "19.07.2021 19:15",
            "open": "38.549",
            "high": "38.549",
            "low": "38.5",
            "close": "38.518"
        },
        {
            "time": "19.07.2021 19:16",
            "open": "38.518",
            "high": "38.518",
            "low": "38.5152",
            "close": "38.5097"
        },
        {
            "time": "19.07.2021 19:18",
            "open": "38.5097",
            "high": "38.5097",
            "low": "38.5097",
            "close": "38.5655"
        },
        {
            "time": "19.07.2021 19:19",
            "open": "38.5655",
            "high": "38.5655",
            "low": "38.5655",
            "close": "38.5323"
        },
        {
            "time": "19.07.2021 19:20",
            "open": "38.5323",
            "high": "38.5323",
            "low": "38.5323",
            "close": "38.5311"
        },
        {
            "time": "19.07.2021 19:24",
            "open": "38.5311",
            "high": "38.5311",
            "low": "38.5311",
            "close": "38.5404"
        },
        {
            "time": "19.07.2021 19:27",
            "open": "38.5404",
            "high": "38.5404",
            "low": "38.5404",
            "close": "38.557"
        },
        {
            "time": "19.07.2021 19:36",
            "open": "38.557",
            "high": "38.557",
            "low": "38.557",
            "close": "38.45"
        },
        {
            "time": "19.07.2021 19:41",
            "open": "38.45",
            "high": "38.45",
            "low": "38.45",
            "close": "38.4"
        },
        {
            "time": "19.07.2021 19:49",
            "open": "38.4",
            "high": "38.4",
            "low": "38.4",
            "close": "38.35"
        },
        {
            "time": "19.07.2021 19:54",
            "open": "38.35",
            "high": "38.35",
            "low": "38.35",
            "close": "38.3816"
        },
        {
            "time": "19.07.2021 20:04",
            "open": "38.3816",
            "high": "38.3816",
            "low": "38.3816",
            "close": "38.3991"
        },
        {
            "time": "19.07.2021 20:09",
            "open": "38.3991",
            "high": "38.3991",
            "low": "38.3991",
            "close": "38.45"
        },
        {
            "time": "19.07.2021 20:12",
            "open": "38.45",
            "high": "38.45",
            "low": "38.45",
            "close": "38.4132"
        },
        {
            "time": "19.07.2021 20:14",
            "open": "38.4132",
            "high": "38.4132",
            "low": "38.4132",
            "close": "38.3761"
        },
        {
            "time": "19.07.2021 20:16",
            "open": "38.3761",
            "high": "38.3761",
            "low": "38.3761",
            "close": "38.3581"
        },
        {
            "time": "19.07.2021 20:17",
            "open": "38.3581",
            "high": "38.3581",
            "low": "38.3581",
            "close": "38.3613"
        },
        {
            "time": "19.07.2021 20:18",
            "open": "38.3613",
            "high": "38.3613",
            "low": "38.3613",
            "close": "38.3557"
        },
        {
            "time": "19.07.2021 20:19",
            "open": "38.3557",
            "high": "38.3557",
            "low": "38.3557",
            "close": "38.4204"
        },
        {
            "time": "19.07.2021 20:28",
            "open": "38.4204",
            "high": "38.4207",
            "low": "38.4204",
            "close": "38.35"
        },
        {
            "time": "19.07.2021 20:30",
            "open": "38.35",
            "high": "38.35",
            "low": "38.35",
            "close": "38.3582"
        },
        {
            "time": "19.07.2021 20:31",
            "open": "38.3582",
            "high": "38.3582",
            "low": "38.3582",
            "close": "38.45"
        },
        {
            "time": "19.07.2021 20:35",
            "open": "38.45",
            "high": "38.45",
            "low": "38.438",
            "close": "38.4016"
        },
        {
            "time": "19.07.2021 20:42",
            "open": "38.4016",
            "high": "38.4016",
            "low": "38.4015",
            "close": "38.35"
        },
        {
            "time": "19.07.2021 20:44",
            "open": "38.35",
            "high": "38.35",
            "low": "38.35",
            "close": "38.3"
        },
        {
            "time": "19.07.2021 20:47",
            "open": "38.3",
            "high": "38.3",
            "low": "38.2811",
            "close": "38.25"
        },
        {
            "time": "19.07.2021 20:51",
            "open": "38.25",
            "high": "38.25",
            "low": "38.25",
            "close": "38.206"
        },
        {
            "time": "19.07.2021 20:55",
            "open": "38.206",
            "high": "38.206",
            "low": "38.206",
            "close": "38.2"
        },
        {
            "time": "19.07.2021 20:57",
            "open": "38.2",
            "high": "38.2",
            "low": "38.2",
            "close": "38.2002"
        },
        {
            "time": "19.07.2021 21:02",
            "open": "38.2002",
            "high": "38.2002",
            "low": "38.2",
            "close": "38.1988"
        },
        {
            "time": "19.07.2021 21:05",
            "open": "38.1988",
            "high": "38.2083",
            "low": "38.1988",
            "close": "38.193"
        },
        {
            "time": "19.07.2021 21:14",
            "open": "38.193",
            "high": "38.193",
            "low": "38.193",
            "close": "38.173"
        },
        {
            "time": "19.07.2021 21:17",
            "open": "38.173",
            "high": "38.1818",
            "low": "38.173",
            "close": "38.15"
        },
        {
            "time": "19.07.2021 21:19",
            "open": "38.15",
            "high": "38.15",
            "low": "38.15",
            "close": "38.129"
        },
        {
            "time": "19.07.2021 21:25",
            "open": "38.129",
            "high": "38.129",
            "low": "38.129",
            "close": "38.2283"
        },
        {
            "time": "19.07.2021 21:29",
            "open": "38.2283",
            "high": "38.2283",
            "low": "38.2281",
            "close": "38.2278"
        },
        {
            "time": "19.07.2021 21:34",
            "open": "38.2278",
            "high": "38.2278",
            "low": "38.2278",
            "close": "38.153"
        },
        {
            "time": "19.07.2021 21:47",
            "open": "38.153",
            "high": "38.153",
            "low": "38.153",
            "close": "38.2052"
        },
        {
            "time": "19.07.2021 21:59",
            "open": "38.2052",
            "high": "38.2052",
            "low": "38.2052",
            "close": "38.1817"
        },
        {
            "time": "19.07.2021 22:03",
            "open": "38.1817",
            "high": "38.1874",
            "low": "38.1817",
            "close": "38.1263"
        },
        {
            "time": "19.07.2021 22:05",
            "open": "38.1263",
            "high": "38.1263",
            "low": "38.1263",
            "close": "38.1972"
        },
        {
            "time": "19.07.2021 22:15",
            "open": "38.1972",
            "high": "38.1972",
            "low": "38.1972",
            "close": "38.1573"
        },
        {
            "time": "19.07.2021 22:18",
            "open": "38.1573",
            "high": "38.1573",
            "low": "38.1573",
            "close": "38.1066"
        },
        {
            "time": "19.07.2021 22:25",
            "open": "38.1066",
            "high": "38.1066",
            "low": "38.1066",
            "close": "38.1361"
        },
        {
            "time": "19.07.2021 22:28",
            "open": "38.1361",
            "high": "38.1405",
            "low": "38.1361",
            "close": "38.17"
        },
        {
            "time": "19.07.2021 22:31",
            "open": "38.17",
            "high": "38.17",
            "low": "38.17",
            "close": "38.1"
        },
        {
            "time": "19.07.2021 22:34",
            "open": "38.1",
            "high": "38.1",
            "low": "38.1",
            "close": "38.1287"
        },
        {
            "time": "19.07.2021 22:41",
            "open": "38.1287",
            "high": "38.1287",
            "low": "38.1287",
            "close": "38.0724"
        },
        {
            "time": "19.07.2021 23:02",
            "open": "38.0724",
            "high": "38.0724",
            "low": "38.0724",
            "close": "38.1211"
        },
        {
            "time": "19.07.2021 23:06",
            "open": "38.1211",
            "high": "38.1211",
            "low": "38.121",
            "close": "38.1391"
        },
        {
            "time": "19.07.2021 23:08",
            "open": "38.1391",
            "high": "38.1391",
            "low": "38.1391",
            "close": "38.1717"
        },
        {
            "time": "19.07.2021 23:14",
            "open": "38.1717",
            "high": "38.1717",
            "low": "38.1717",
            "close": "38.2"
        },
        {
            "time": "19.07.2021 23:16",
            "open": "38.2",
            "high": "38.2435",
            "low": "38.2",
            "close": "38.25"
        },
        {
            "time": "19.07.2021 23:20",
            "open": "38.25",
            "high": "38.25",
            "low": "38.25",
            "close": "38.1739"
        },
        {
            "time": "19.07.2021 23:32",
            "open": "38.1739",
            "high": "38.1739",
            "low": "38.1739",
            "close": "38.1725"
        },
        {
            "time": "19.07.2021 23:33",
            "open": "38.1725",
            "high": "38.1725",
            "low": "38.1725",
            "close": "38.15"
        },
        {
            "time": "19.07.2021 23:36",
            "open": "38.15",
            "high": "38.15",
            "low": "38.15",
            "close": "38.1261"
        },
        {
            "time": "19.07.2021 23:44",
            "open": "38.1261",
            "high": "38.1261",
            "low": "38.1261",
            "close": "38.1126"
        },
        {
            "time": "19.07.2021 23:45",
            "open": "38.1126",
            "high": "38.1126",
            "low": "38.1",
            "close": "38.05"
        },
        {
            "time": "19.07.2021 23:46",
            "open": "38.05",
            "high": "38.05",
            "low": "38.05",
            "close": "38.0291"
        },
        {
            "time": "19.07.2021 23:47",
            "open": "38.0291",
            "high": "38.0291",
            "low": "38.0291",
            "close": "38.0417"
        },
        {
            "time": "19.07.2021 23:48",
            "open": "38.0417",
            "high": "38.0435",
            "low": "38.0417",
            "close": "38"
        },
        {
            "time": "19.07.2021 23:53",
            "open": "38",
            "high": "38",
            "low": "37.9634",
            "close": "37.95"
        },
        {
            "time": "19.07.2021 23:54",
            "open": "37.95",
            "high": "37.95",
            "low": "37.9448",
            "close": "37.9448"
        }
    ]
}