{
    "FIL-EUR": [
        {
            "time": "30.07.2021 23:56",
            "open": "42.4386",
            "high": "42.4386",
            "low": "42.4386",
            "close": "42.5804"
        },
        {
            "time": "31.07.2021 00:03",
            "open": "42.5804",
            "high": "42.989",
            "low": "42.5804",
            "close": "42.8433"
        },
        {
            "time": "31.07.2021 00:04",
            "open": "42.8433",
            "high": "43.2",
            "low": "42.8433",
            "close": "43.1754"
        },
        {
            "time": "31.07.2021 00:05",
            "open": "43.1754",
            "high": "43.1754",
            "low": "42.9192",
            "close": "42.948"
        },
        {
            "time": "31.07.2021 00:06",
            "open": "42.948",
            "high": "42.948",
            "low": "42.7818",
            "close": "42.793"
        },
        {
            "time": "31.07.2021 00:07",
            "open": "42.793",
            "high": "42.793",
            "low": "42.793",
            "close": "42.8743"
        },
        {
            "time": "31.07.2021 00:09",
            "open": "42.8743",
            "high": "42.8743",
            "low": "42.8742",
            "close": "42.9863"
        },
        {
            "time": "31.07.2021 00:10",
            "open": "42.9863",
            "high": "43.1",
            "low": "42.9863",
            "close": "43.067"
        },
        {
            "time": "31.07.2021 00:11",
            "open": "43.067",
            "high": "43.1232",
            "low": "43.067",
            "close": "43.0828"
        },
        {
            "time": "31.07.2021 00:12",
            "open": "43.0828",
            "high": "43.0828",
            "low": "43.0828",
            "close": "42.9"
        },
        {
            "time": "31.07.2021 00:15",
            "open": "42.9",
            "high": "42.9",
            "low": "42.8",
            "close": "42.75"
        },
        {
            "time": "31.07.2021 00:16",
            "open": "42.75",
            "high": "42.75",
            "low": "42.65",
            "close": "42.7731"
        },
        {
            "time": "31.07.2021 00:19",
            "open": "42.7731",
            "high": "42.7914",
            "low": "42.7731",
            "close": "42.8203"
        },
        {
            "time": "31.07.2021 00:22",
            "open": "42.8203",
            "high": "42.8218",
            "low": "42.7745",
            "close": "42.7757"
        },
        {
            "time": "31.07.2021 00:25",
            "open": "42.7757",
            "high": "42.85",
            "low": "42.7757",
            "close": "42.7712"
        },
        {
            "time": "31.07.2021 00:26",
            "open": "42.7712",
            "high": "42.7712",
            "low": "42.7712",
            "close": "42.7875"
        },
        {
            "time": "31.07.2021 00:27",
            "open": "42.7875",
            "high": "42.7875",
            "low": "42.7875",
            "close": "42.8138"
        },
        {
            "time": "31.07.2021 00:29",
            "open": "42.8138",
            "high": "42.8138",
            "low": "42.8072",
            "close": "42.8125"
        },
        {
            "time": "31.07.2021 00:33",
            "open": "42.8125",
            "high": "42.8125",
            "low": "42.778",
            "close": "42.8049"
        },
        {
            "time": "31.07.2021 00:35",
            "open": "42.8049",
            "high": "42.8049",
            "low": "42.8049",
            "close": "42.8568"
        },
        {
            "time": "31.07.2021 00:36",
            "open": "42.8568",
            "high": "42.8568",
            "low": "42.8568",
            "close": "42.8569"
        },
        {
            "time": "31.07.2021 00:38",
            "open": "42.8569",
            "high": "42.8569",
            "low": "42.8569",
            "close": "42.9"
        },
        {
            "time": "31.07.2021 00:39",
            "open": "42.9",
            "high": "42.9",
            "low": "42.9",
            "close": "42.95"
        },
        {
            "time": "31.07.2021 00:40",
            "open": "42.95",
            "high": "42.95",
            "low": "42.95",
            "close": "43"
        },
        {
            "time": "31.07.2021 00:41",
            "open": "43",
            "high": "43.0086",
            "low": "42.9582",
            "close": "42.9461"
        },
        {
            "time": "31.07.2021 00:45",
            "open": "42.9461",
            "high": "42.9461",
            "low": "42.9461",
            "close": "42.9461"
        },
        {
            "time": "31.07.2021 00:47",
            "open": "42.9461",
            "high": "42.9461",
            "low": "42.9461",
            "close": "42.8943"
        },
        {
            "time": "31.07.2021 00:49",
            "open": "42.8943",
            "high": "42.8943",
            "low": "42.8854",
            "close": "42.9492"
        },
        {
            "time": "31.07.2021 00:50",
            "open": "42.9492",
            "high": "42.9492",
            "low": "42.9492",
            "close": "42.9537"
        },
        {
            "time": "31.07.2021 00:51",
            "open": "42.9537",
            "high": "42.9543",
            "low": "42.9537",
            "close": "43.05"
        },
        {
            "time": "31.07.2021 00:52",
            "open": "43.05",
            "high": "43.05",
            "low": "43.05",
            "close": "43.0639"
        },
        {
            "time": "31.07.2021 00:53",
            "open": "43.0639",
            "high": "43.0639",
            "low": "43.0639",
            "close": "43.1"
        },
        {
            "time": "31.07.2021 00:56",
            "open": "43.1",
            "high": "43.1",
            "low": "43.1",
            "close": "43.0014"
        },
        {
            "time": "31.07.2021 00:59",
            "open": "43.0014",
            "high": "43.0014",
            "low": "43.0014",
            "close": "43.0204"
        },
        {
            "time": "31.07.2021 01:00",
            "open": "43.0204",
            "high": "43.0238",
            "low": "43.0204",
            "close": "43.0367"
        },
        {
            "time": "31.07.2021 01:02",
            "open": "43.0367",
            "high": "43.0368",
            "low": "43.0367",
            "close": "43.0825"
        },
        {
            "time": "31.07.2021 01:07",
            "open": "43.0825",
            "high": "43.0825",
            "low": "43.0825",
            "close": "43.0815"
        },
        {
            "time": "31.07.2021 01:08",
            "open": "43.0815",
            "high": "43.0815",
            "low": "43.0801",
            "close": "43.15"
        },
        {
            "time": "31.07.2021 01:13",
            "open": "43.15",
            "high": "43.15",
            "low": "43.15",
            "close": "43.2"
        },
        {
            "time": "31.07.2021 01:14",
            "open": "43.2",
            "high": "43.25",
            "low": "43.2",
            "close": "43.05"
        },
        {
            "time": "31.07.2021 01:25",
            "open": "43.05",
            "high": "43.05",
            "low": "43.05",
            "close": "43"
        },
        {
            "time": "31.07.2021 01:27",
            "open": "43",
            "high": "43.0185",
            "low": "42.9965",
            "close": "43.0593"
        },
        {
            "time": "31.07.2021 01:34",
            "open": "43.0593",
            "high": "43.0594",
            "low": "43.023",
            "close": "43.1142"
        },
        {
            "time": "31.07.2021 01:35",
            "open": "43.1142",
            "high": "43.1142",
            "low": "43.1142",
            "close": "43.1152"
        },
        {
            "time": "31.07.2021 01:38",
            "open": "43.1152",
            "high": "43.1152",
            "low": "43.1152",
            "close": "43.0513"
        },
        {
            "time": "31.07.2021 01:42",
            "open": "43.0513",
            "high": "43.0513",
            "low": "43.0513",
            "close": "43.0031"
        },
        {
            "time": "31.07.2021 01:43",
            "open": "43.0031",
            "high": "43.0031",
            "low": "43.003",
            "close": "43.0047"
        },
        {
            "time": "31.07.2021 01:44",
            "open": "43.0047",
            "high": "43.056",
            "low": "43.0047",
            "close": "43.0875"
        },
        {
            "time": "31.07.2021 01:45",
            "open": "43.0875",
            "high": "43.0875",
            "low": "43.0361",
            "close": "43.1136"
        },
        {
            "time": "31.07.2021 01:47",
            "open": "43.1136",
            "high": "43.1136",
            "low": "43.1136",
            "close": "43.1183"
        },
        {
            "time": "31.07.2021 01:48",
            "open": "43.1183",
            "high": "43.1284",
            "low": "43.1183",
            "close": "43.1585"
        },
        {
            "time": "31.07.2021 01:50",
            "open": "43.1585",
            "high": "43.2",
            "low": "43.1585",
            "close": "43.13"
        },
        {
            "time": "31.07.2021 01:53",
            "open": "43.13",
            "high": "43.13",
            "low": "43.0975",
            "close": "43.1851"
        },
        {
            "time": "31.07.2021 01:57",
            "open": "43.1851",
            "high": "43.1851",
            "low": "43.1851",
            "close": "43.1693"
        },
        {
            "time": "31.07.2021 01:58",
            "open": "43.1693",
            "high": "43.1693",
            "low": "43.162",
            "close": "43.2174"
        },
        {
            "time": "31.07.2021 01:59",
            "open": "43.2174",
            "high": "43.2174",
            "low": "43.2174",
            "close": "43.25"
        },
        {
            "time": "31.07.2021 02:00",
            "open": "43.25",
            "high": "43.3246",
            "low": "43.25",
            "close": "43.2992"
        },
        {
            "time": "31.07.2021 02:01",
            "open": "43.2992",
            "high": "43.2992",
            "low": "43.2301",
            "close": "43.1455"
        },
        {
            "time": "31.07.2021 02:02",
            "open": "43.1455",
            "high": "43.1455",
            "low": "43",
            "close": "42.9777"
        },
        {
            "time": "31.07.2021 02:04",
            "open": "42.9777",
            "high": "42.9777",
            "low": "42.8473",
            "close": "42.8485"
        },
        {
            "time": "31.07.2021 02:05",
            "open": "42.8485",
            "high": "42.8485",
            "low": "42.65",
            "close": "42.698"
        },
        {
            "time": "31.07.2021 02:06",
            "open": "42.698",
            "high": "42.698",
            "low": "42.698",
            "close": "42.85"
        },
        {
            "time": "31.07.2021 02:10",
            "open": "42.85",
            "high": "42.8537",
            "low": "42.85",
            "close": "42.9"
        },
        {
            "time": "31.07.2021 02:11",
            "open": "42.9",
            "high": "42.9",
            "low": "42.9",
            "close": "42.9091"
        },
        {
            "time": "31.07.2021 02:15",
            "open": "42.9091",
            "high": "42.95",
            "low": "42.9091",
            "close": "42.8865"
        },
        {
            "time": "31.07.2021 02:17",
            "open": "42.8865",
            "high": "42.8974",
            "low": "42.8419",
            "close": "42.9949"
        },
        {
            "time": "31.07.2021 02:18",
            "open": "42.9949",
            "high": "43",
            "low": "42.9949",
            "close": "42.9746"
        },
        {
            "time": "31.07.2021 02:19",
            "open": "42.9746",
            "high": "42.9746",
            "low": "42.9746",
            "close": "43.05"
        },
        {
            "time": "31.07.2021 02:22",
            "open": "43.05",
            "high": "43.05",
            "low": "43.05",
            "close": "43.0106"
        },
        {
            "time": "31.07.2021 02:29",
            "open": "43.0106",
            "high": "43.0106",
            "low": "43.0106",
            "close": "43.1"
        },
        {
            "time": "31.07.2021 02:31",
            "open": "43.1",
            "high": "43.15",
            "low": "43.1",
            "close": "43.2"
        },
        {
            "time": "31.07.2021 02:32",
            "open": "43.2",
            "high": "43.2",
            "low": "43.2",
            "close": "43.0697"
        },
        {
            "time": "31.07.2021 02:34",
            "open": "43.0697",
            "high": "43.0697",
            "low": "43",
            "close": "42.95"
        },
        {
            "time": "31.07.2021 02:36",
            "open": "42.95",
            "high": "42.95",
            "low": "42.9263",
            "close": "42.9"
        },
        {
            "time": "31.07.2021 02:37",
            "open": "42.9",
            "high": "42.9255",
            "low": "42.9",
            "close": "42.85"
        },
        {
            "time": "31.07.2021 02:39",
            "open": "42.85",
            "high": "42.85",
            "low": "42.8463",
            "close": "42.8941"
        },
        {
            "time": "31.07.2021 02:41",
            "open": "42.8941",
            "high": "42.8941",
            "low": "42.8941",
            "close": "42.8941"
        },
        {
            "time": "31.07.2021 02:44",
            "open": "42.8941",
            "high": "42.8988",
            "low": "42.862",
            "close": "42.9196"
        },
        {
            "time": "31.07.2021 02:57",
            "open": "42.9196",
            "high": "42.9207",
            "low": "42.9196",
            "close": "42.8547"
        },
        {
            "time": "31.07.2021 03:16",
            "open": "42.8547",
            "high": "42.8606",
            "low": "42.8547",
            "close": "42.9262"
        },
        {
            "time": "31.07.2021 03:27",
            "open": "42.9262",
            "high": "42.9454",
            "low": "42.9262",
            "close": "42.8481"
        },
        {
            "time": "31.07.2021 03:31",
            "open": "42.8481",
            "high": "42.8481",
            "low": "42.8481",
            "close": "42.8563"
        },
        {
            "time": "31.07.2021 03:34",
            "open": "42.8563",
            "high": "42.8563",
            "low": "42.8563",
            "close": "42.8746"
        },
        {
            "time": "31.07.2021 03:35",
            "open": "42.8746",
            "high": "42.8822",
            "low": "42.8746",
            "close": "43.05"
        },
        {
            "time": "31.07.2021 03:46",
            "open": "43.05",
            "high": "43.074",
            "low": "43.05",
            "close": "43.012"
        },
        {
            "time": "31.07.2021 03:47",
            "open": "43.012",
            "high": "43.012",
            "low": "43.0074",
            "close": "43.1"
        },
        {
            "time": "31.07.2021 03:51",
            "open": "43.1",
            "high": "43.1",
            "low": "43.1",
            "close": "43.0994"
        },
        {
            "time": "31.07.2021 03:52",
            "open": "43.0994",
            "high": "43.0994",
            "low": "43.0994",
            "close": "43.0236"
        },
        {
            "time": "31.07.2021 04:03",
            "open": "43.0236",
            "high": "43.0345",
            "low": "43.0236",
            "close": "43.0814"
        },
        {
            "time": "31.07.2021 04:04",
            "open": "43.0814",
            "high": "43.0814",
            "low": "43.0814",
            "close": "43.1389"
        },
        {
            "time": "31.07.2021 04:05",
            "open": "43.1389",
            "high": "43.1389",
            "low": "43.1389",
            "close": "43.0141"
        },
        {
            "time": "31.07.2021 04:15",
            "open": "43.0141",
            "high": "43.0141",
            "low": "43.0141",
            "close": "43.15"
        },
        {
            "time": "31.07.2021 04:23",
            "open": "43.15",
            "high": "43.15",
            "low": "43.15",
            "close": "43.2"
        },
        {
            "time": "31.07.2021 04:25",
            "open": "43.2",
            "high": "43.2",
            "low": "43.2",
            "close": "43.1151"
        },
        {
            "time": "31.07.2021 04:41",
            "open": "43.1151",
            "high": "43.1151",
            "low": "43.1151",
            "close": "43"
        },
        {
            "time": "31.07.2021 04:46",
            "open": "43",
            "high": "43",
            "low": "43",
            "close": "43.0116"
        },
        {
            "time": "31.07.2021 04:54",
            "open": "43.0116",
            "high": "43.0129",
            "low": "43.0116",
            "close": "43.0142"
        },
        {
            "time": "31.07.2021 04:57",
            "open": "43.0142",
            "high": "43.0142",
            "low": "43.0142",
            "close": "42.9967"
        },
        {
            "time": "31.07.2021 05:14",
            "open": "42.9967",
            "high": "42.9967",
            "low": "42.9967",
            "close": "42.9683"
        },
        {
            "time": "31.07.2021 05:15",
            "open": "42.9683",
            "high": "42.9683",
            "low": "42.9683",
            "close": "42.9841"
        },
        {
            "time": "31.07.2021 05:16",
            "open": "42.9841",
            "high": "42.9841",
            "low": "42.9841",
            "close": "42.9845"
        },
        {
            "time": "31.07.2021 05:20",
            "open": "42.9845",
            "high": "42.9845",
            "low": "42.9845",
            "close": "42.95"
        },
        {
            "time": "31.07.2021 05:34",
            "open": "42.95",
            "high": "42.95",
            "low": "42.95",
            "close": "42.9256"
        },
        {
            "time": "31.07.2021 05:36",
            "open": "42.9256",
            "high": "42.9256",
            "low": "42.9",
            "close": "42.85"
        },
        {
            "time": "31.07.2021 05:40",
            "open": "42.85",
            "high": "42.85",
            "low": "42.85",
            "close": "42.961"
        },
        {
            "time": "31.07.2021 05:48",
            "open": "42.961",
            "high": "42.961",
            "low": "42.961",
            "close": "42.8855"
        },
        {
            "time": "31.07.2021 05:59",
            "open": "42.8855",
            "high": "42.8855",
            "low": "42.8855",
            "close": "42.9074"
        },
        {
            "time": "31.07.2021 06:02",
            "open": "42.9074",
            "high": "42.9074",
            "low": "42.9074",
            "close": "42.8003"
        },
        {
            "time": "31.07.2021 06:04",
            "open": "42.8003",
            "high": "42.8003",
            "low": "42.8",
            "close": "42.75"
        },
        {
            "time": "31.07.2021 06:06",
            "open": "42.75",
            "high": "42.75",
            "low": "42.7",
            "close": "42.65"
        },
        {
            "time": "31.07.2021 06:08",
            "open": "42.65",
            "high": "42.65",
            "low": "42.65",
            "close": "42.6"
        },
        {
            "time": "31.07.2021 06:09",
            "open": "42.6",
            "high": "42.6",
            "low": "42.55",
            "close": "42.6653"
        },
        {
            "time": "31.07.2021 06:12",
            "open": "42.6653",
            "high": "42.6653",
            "low": "42.6653",
            "close": "42.6777"
        },
        {
            "time": "31.07.2021 06:17",
            "open": "42.6777",
            "high": "42.75",
            "low": "42.6777",
            "close": "42.6799"
        },
        {
            "time": "31.07.2021 06:19",
            "open": "42.6799",
            "high": "42.6799",
            "low": "42.6799",
            "close": "42.6666"
        },
        {
            "time": "31.07.2021 06:23",
            "open": "42.6666",
            "high": "42.6666",
            "low": "42.6666",
            "close": "42.7094"
        },
        {
            "time": "31.07.2021 06:29",
            "open": "42.7094",
            "high": "42.7094",
            "low": "42.7094",
            "close": "42.75"
        },
        {
            "time": "31.07.2021 06:35",
            "open": "42.75",
            "high": "42.75",
            "low": "42.75",
            "close": "42.7056"
        },
        {
            "time": "31.07.2021 06:42",
            "open": "42.7056",
            "high": "42.95",
            "low": "42.7",
            "close": "42.6944"
        },
        {
            "time": "31.07.2021 06:43",
            "open": "42.6944",
            "high": "42.6944",
            "low": "42.6944",
            "close": "42.6957"
        },
        {
            "time": "31.07.2021 06:44",
            "open": "42.6957",
            "high": "42.6957",
            "low": "42.6957",
            "close": "42.6941"
        },
        {
            "time": "31.07.2021 06:49",
            "open": "42.6941",
            "high": "43.0154",
            "low": "42.6941",
            "close": "42.9953"
        },
        {
            "time": "31.07.2021 06:50",
            "open": "42.9953",
            "high": "43.0115",
            "low": "42.9953",
            "close": "43.0289"
        },
        {
            "time": "31.07.2021 06:51",
            "open": "43.0289",
            "high": "43.0637",
            "low": "43.0289",
            "close": "43.0933"
        },
        {
            "time": "31.07.2021 06:52",
            "open": "43.0933",
            "high": "43.2",
            "low": "43.0932",
            "close": "43.25"
        },
        {
            "time": "31.07.2021 06:53",
            "open": "43.25",
            "high": "43.25",
            "low": "43.25",
            "close": "43.3"
        },
        {
            "time": "31.07.2021 06:55",
            "open": "43.3",
            "high": "43.3466",
            "low": "43.3",
            "close": "43.35"
        },
        {
            "time": "31.07.2021 06:56",
            "open": "43.35",
            "high": "43.4349",
            "low": "43.35",
            "close": "43.45"
        },
        {
            "time": "31.07.2021 06:57",
            "open": "43.45",
            "high": "43.5095",
            "low": "43.45",
            "close": "43.5192"
        },
        {
            "time": "31.07.2021 06:58",
            "open": "43.5192",
            "high": "43.55",
            "low": "43.4831",
            "close": "43.6"
        },
        {
            "time": "31.07.2021 06:59",
            "open": "43.6",
            "high": "43.6",
            "low": "43.6",
            "close": "43.65"
        },
        {
            "time": "31.07.2021 07:00",
            "open": "43.65",
            "high": "43.7142",
            "low": "43.65",
            "close": "43.7244"
        },
        {
            "time": "31.07.2021 07:02",
            "open": "43.7244",
            "high": "43.7244",
            "low": "43.7244",
            "close": "43.7165"
        },
        {
            "time": "31.07.2021 07:03",
            "open": "43.7165",
            "high": "43.7165",
            "low": "43.711",
            "close": "43.6475"
        },
        {
            "time": "31.07.2021 07:04",
            "open": "43.6475",
            "high": "43.6902",
            "low": "43.6475",
            "close": "43.5814"
        },
        {
            "time": "31.07.2021 07:05",
            "open": "43.5814",
            "high": "43.5814",
            "low": "43.5814",
            "close": "43.6373"
        },
        {
            "time": "31.07.2021 07:06",
            "open": "43.6373",
            "high": "43.6454",
            "low": "43.6373",
            "close": "43.5453"
        },
        {
            "time": "31.07.2021 07:07",
            "open": "43.5453",
            "high": "43.5453",
            "low": "43.5453",
            "close": "43.5"
        },
        {
            "time": "31.07.2021 07:08",
            "open": "43.5",
            "high": "43.5",
            "low": "43.5",
            "close": "43.4869"
        },
        {
            "time": "31.07.2021 07:09",
            "open": "43.4869",
            "high": "43.4869",
            "low": "43.4869",
            "close": "43.4876"
        },
        {
            "time": "31.07.2021 07:10",
            "open": "43.4876",
            "high": "43.4876",
            "low": "43.4876",
            "close": "43.4638"
        },
        {
            "time": "31.07.2021 07:13",
            "open": "43.4638",
            "high": "43.4638",
            "low": "43.35",
            "close": "43.3318"
        },
        {
            "time": "31.07.2021 07:14",
            "open": "43.3318",
            "high": "43.3318",
            "low": "43.3",
            "close": "43.3159"
        },
        {
            "time": "31.07.2021 07:15",
            "open": "43.3159",
            "high": "43.3159",
            "low": "43.3159",
            "close": "43.3725"
        },
        {
            "time": "31.07.2021 07:23",
            "open": "43.3725",
            "high": "43.3725",
            "low": "43.3581",
            "close": "43.2972"
        },
        {
            "time": "31.07.2021 07:28",
            "open": "43.2972",
            "high": "43.2972",
            "low": "43.25",
            "close": "43.2"
        },
        {
            "time": "31.07.2021 07:29",
            "open": "43.2",
            "high": "43.2",
            "low": "42.85",
            "close": "42.8"
        },
        {
            "time": "31.07.2021 07:30",
            "open": "42.8",
            "high": "42.8884",
            "low": "42.8",
            "close": "42.7531"
        },
        {
            "time": "31.07.2021 07:31",
            "open": "42.7531",
            "high": "42.7531",
            "low": "42.45",
            "close": "42.4497"
        },
        {
            "time": "31.07.2021 07:32",
            "open": "42.4497",
            "high": "42.568",
            "low": "42.4497",
            "close": "42.5526"
        },
        {
            "time": "31.07.2021 07:33",
            "open": "42.5526",
            "high": "42.5526",
            "low": "42.5526",
            "close": "42.65"
        },
        {
            "time": "31.07.2021 07:34",
            "open": "42.65",
            "high": "42.7",
            "low": "42.65",
            "close": "42.7"
        },
        {
            "time": "31.07.2021 07:35",
            "open": "42.7",
            "high": "42.75",
            "low": "42.7",
            "close": "42.7381"
        },
        {
            "time": "31.07.2021 07:38",
            "open": "42.7381",
            "high": "42.7381",
            "low": "42.7381",
            "close": "42.6187"
        },
        {
            "time": "31.07.2021 07:40",
            "open": "42.6187",
            "high": "42.6432",
            "low": "42.5",
            "close": "42.5092"
        },
        {
            "time": "31.07.2021 07:41",
            "open": "42.5092",
            "high": "42.5333",
            "low": "42.45",
            "close": "42.4587"
        },
        {
            "time": "31.07.2021 07:44",
            "open": "42.4587",
            "high": "42.4587",
            "low": "42.4587",
            "close": "42.5647"
        },
        {
            "time": "31.07.2021 07:46",
            "open": "42.5647",
            "high": "42.5697",
            "low": "42.5613",
            "close": "42.593"
        },
        {
            "time": "31.07.2021 07:48",
            "open": "42.593",
            "high": "42.593",
            "low": "42.593",
            "close": "42.4678"
        },
        {
            "time": "31.07.2021 07:49",
            "open": "42.4678",
            "high": "42.4776",
            "low": "42.4678",
            "close": "42.4"
        },
        {
            "time": "31.07.2021 07:50",
            "open": "42.4",
            "high": "42.4617",
            "low": "42.4",
            "close": "42.5393"
        },
        {
            "time": "31.07.2021 07:51",
            "open": "42.5393",
            "high": "42.6",
            "low": "42.5393",
            "close": "42.65"
        },
        {
            "time": "31.07.2021 07:52",
            "open": "42.65",
            "high": "42.65",
            "low": "42.637",
            "close": "42.7"
        },
        {
            "time": "31.07.2021 07:55",
            "open": "42.7",
            "high": "42.7041",
            "low": "42.6743",
            "close": "42.75"
        },
        {
            "time": "31.07.2021 08:07",
            "open": "42.75",
            "high": "42.7609",
            "low": "42.75",
            "close": "42.6118"
        },
        {
            "time": "31.07.2021 08:14",
            "open": "42.6118",
            "high": "42.6118",
            "low": "42.611",
            "close": "42.6683"
        },
        {
            "time": "31.07.2021 08:16",
            "open": "42.6683",
            "high": "42.6707",
            "low": "42.6683",
            "close": "42.55"
        },
        {
            "time": "31.07.2021 08:17",
            "open": "42.55",
            "high": "42.55",
            "low": "42.5",
            "close": "42.5757"
        },
        {
            "time": "31.07.2021 08:19",
            "open": "42.5757",
            "high": "42.5757",
            "low": "42.5757",
            "close": "42.5"
        },
        {
            "time": "31.07.2021 08:21",
            "open": "42.5",
            "high": "42.5",
            "low": "42.5",
            "close": "42.4504"
        },
        {
            "time": "31.07.2021 08:36",
            "open": "42.4504",
            "high": "42.4504",
            "low": "42.45",
            "close": "42.55"
        },
        {
            "time": "31.07.2021 08:45",
            "open": "42.55",
            "high": "42.55",
            "low": "42.55",
            "close": "42.5539"
        },
        {
            "time": "31.07.2021 08:47",
            "open": "42.5539",
            "high": "42.5539",
            "low": "42.5539",
            "close": "42.5315"
        },
        {
            "time": "31.07.2021 08:49",
            "open": "42.5315",
            "high": "42.5315",
            "low": "42.5315",
            "close": "42.65"
        },
        {
            "time": "31.07.2021 08:59",
            "open": "42.65",
            "high": "42.75",
            "low": "42.65",
            "close": "42.7026"
        },
        {
            "time": "31.07.2021 09:01",
            "open": "42.7026",
            "high": "42.7026",
            "low": "42.7026",
            "close": "42.7254"
        },
        {
            "time": "31.07.2021 09:09",
            "open": "42.7254",
            "high": "42.7254",
            "low": "42.7013",
            "close": "42.7139"
        },
        {
            "time": "31.07.2021 09:23",
            "open": "42.7139",
            "high": "42.7152",
            "low": "42.7139",
            "close": "42.7335"
        },
        {
            "time": "31.07.2021 09:46",
            "open": "42.7335",
            "high": "42.7335",
            "low": "42.7275",
            "close": "42.7522"
        },
        {
            "time": "31.07.2021 10:02",
            "open": "42.7522",
            "high": "42.7522",
            "low": "42.7522",
            "close": "42.8"
        },
        {
            "time": "31.07.2021 10:05",
            "open": "42.8",
            "high": "42.85",
            "low": "42.8",
            "close": "42.9"
        },
        {
            "time": "31.07.2021 10:07",
            "open": "42.9",
            "high": "42.9133",
            "low": "42.9",
            "close": "42.9082"
        },
        {
            "time": "31.07.2021 10:08",
            "open": "42.9082",
            "high": "42.9252",
            "low": "42.9082",
            "close": "42.95"
        },
        {
            "time": "31.07.2021 10:09",
            "open": "42.95",
            "high": "43",
            "low": "42.95",
            "close": "42.9461"
        },
        {
            "time": "31.07.2021 10:12",
            "open": "42.9461",
            "high": "42.9461",
            "low": "42.9461",
            "close": "42.9465"
        },
        {
            "time": "31.07.2021 10:13",
            "open": "42.9465",
            "high": "42.9465",
            "low": "42.9465",
            "close": "42.9642"
        },
        {
            "time": "31.07.2021 10:16",
            "open": "42.9642",
            "high": "42.9642",
            "low": "42.9642",
            "close": "43.0129"
        },
        {
            "time": "31.07.2021 10:17",
            "open": "43.0129",
            "high": "43.0129",
            "low": "43.0129",
            "close": "43.0169"
        },
        {
            "time": "31.07.2021 10:18",
            "open": "43.0169",
            "high": "43.0169",
            "low": "43.0169",
            "close": "42.993"
        },
        {
            "time": "31.07.2021 10:21",
            "open": "42.993",
            "high": "42.993",
            "low": "42.993",
            "close": "42.993"
        },
        {
            "time": "31.07.2021 10:24",
            "open": "42.993",
            "high": "42.993",
            "low": "42.993",
            "close": "43.05"
        },
        {
            "time": "31.07.2021 10:30",
            "open": "43.05",
            "high": "43.0902",
            "low": "43.05",
            "close": "43.1"
        },
        {
            "time": "31.07.2021 10:31",
            "open": "43.1",
            "high": "43.142",
            "low": "43.1",
            "close": "43.0941"
        },
        {
            "time": "31.07.2021 10:32",
            "open": "43.0941",
            "high": "43.0941",
            "low": "43.0941",
            "close": "43.15"
        },
        {
            "time": "31.07.2021 10:34",
            "open": "43.15",
            "high": "43.154",
            "low": "43.15",
            "close": "43.0841"
        },
        {
            "time": "31.07.2021 10:45",
            "open": "43.0841",
            "high": "43.0841",
            "low": "43.0841",
            "close": "43.18"
        },
        {
            "time": "31.07.2021 10:48",
            "open": "43.18",
            "high": "43.18",
            "low": "43.18",
            "close": "43.18"
        },
        {
            "time": "31.07.2021 10:49",
            "open": "43.18",
            "high": "43.18",
            "low": "43.18",
            "close": "43.1425"
        },
        {
            "time": "31.07.2021 10:50",
            "open": "43.1425",
            "high": "43.1425",
            "low": "43.1425",
            "close": "43.0908"
        },
        {
            "time": "31.07.2021 10:54",
            "open": "43.0908",
            "high": "43.0908",
            "low": "43.0908",
            "close": "43.1095"
        },
        {
            "time": "31.07.2021 10:56",
            "open": "43.1095",
            "high": "43.1095",
            "low": "43.1095",
            "close": "43.1056"
        },
        {
            "time": "31.07.2021 11:00",
            "open": "43.1056",
            "high": "43.1125",
            "low": "43.1056",
            "close": "43.0958"
        },
        {
            "time": "31.07.2021 11:03",
            "open": "43.0958",
            "high": "43.0958",
            "low": "43.0958",
            "close": "43.1458"
        },
        {
            "time": "31.07.2021 11:04",
            "open": "43.1458",
            "high": "43.1458",
            "low": "43.1458",
            "close": "43.0705"
        },
        {
            "time": "31.07.2021 11:07",
            "open": "43.0705",
            "high": "43.0774",
            "low": "43.0699",
            "close": "43.0293"
        },
        {
            "time": "31.07.2021 11:08",
            "open": "43.0293",
            "high": "43.0293",
            "low": "43.0293",
            "close": "43.0527"
        },
        {
            "time": "31.07.2021 11:14",
            "open": "43.0527",
            "high": "43.0527",
            "low": "43.0457",
            "close": "43.1026"
        },
        {
            "time": "31.07.2021 11:16",
            "open": "43.1026",
            "high": "43.1149",
            "low": "43.1026",
            "close": "42.95"
        },
        {
            "time": "31.07.2021 11:17",
            "open": "42.95",
            "high": "42.9597",
            "low": "42.8946",
            "close": "42.8719"
        },
        {
            "time": "31.07.2021 11:22",
            "open": "42.8719",
            "high": "42.8719",
            "low": "42.8719",
            "close": "42.9663"
        },
        {
            "time": "31.07.2021 11:26",
            "open": "42.9663",
            "high": "42.9663",
            "low": "42.9663",
            "close": "43.022"
        },
        {
            "time": "31.07.2021 11:27",
            "open": "43.022",
            "high": "43.022",
            "low": "43.022",
            "close": "42.9325"
        },
        {
            "time": "31.07.2021 11:31",
            "open": "42.9325",
            "high": "42.947",
            "low": "42.9202",
            "close": "42.9495"
        },
        {
            "time": "31.07.2021 11:38",
            "open": "42.9495",
            "high": "42.9569",
            "low": "42.9495",
            "close": "42.9151"
        },
        {
            "time": "31.07.2021 11:39",
            "open": "42.9151",
            "high": "42.9151",
            "low": "42.9151",
            "close": "42.9853"
        },
        {
            "time": "31.07.2021 11:42",
            "open": "42.9853",
            "high": "42.9853",
            "low": "42.9853",
            "close": "43.0215"
        },
        {
            "time": "31.07.2021 11:47",
            "open": "43.0215",
            "high": "43.25",
            "low": "43.0215",
            "close": "43.1808"
        },
        {
            "time": "31.07.2021 11:48",
            "open": "43.1808",
            "high": "43.1808",
            "low": "43.166",
            "close": "43.1185"
        },
        {
            "time": "31.07.2021 11:49",
            "open": "43.1185",
            "high": "43.1185",
            "low": "43.1185",
            "close": "43.1629"
        },
        {
            "time": "31.07.2021 11:51",
            "open": "43.1629",
            "high": "43.1629",
            "low": "43.1537",
            "close": "43.1443"
        },
        {
            "time": "31.07.2021 11:52",
            "open": "43.1443",
            "high": "43.1443",
            "low": "43.1443",
            "close": "43.2107"
        },
        {
            "time": "31.07.2021 11:53",
            "open": "43.2107",
            "high": "43.2504",
            "low": "43.2107",
            "close": "43.2611"
        },
        {
            "time": "31.07.2021 11:54",
            "open": "43.2611",
            "high": "43.2611",
            "low": "43.2435",
            "close": "43.1698"
        },
        {
            "time": "31.07.2021 11:56",
            "open": "43.1698",
            "high": "43.1698",
            "low": "43.1698",
            "close": "43.2939"
        },
        {
            "time": "31.07.2021 11:59",
            "open": "43.2939",
            "high": "43.35",
            "low": "43.2939",
            "close": "43.2997"
        },
        {
            "time": "31.07.2021 12:00",
            "open": "43.2997",
            "high": "43.2997",
            "low": "43.2279",
            "close": "43.1777"
        },
        {
            "time": "31.07.2021 12:06",
            "open": "43.1777",
            "high": "43.1777",
            "low": "43.15",
            "close": "43.1858"
        },
        {
            "time": "31.07.2021 12:07",
            "open": "43.1858",
            "high": "43.1896",
            "low": "43.1858",
            "close": "43.291"
        },
        {
            "time": "31.07.2021 12:09",
            "open": "43.291",
            "high": "43.3062",
            "low": "43.2123",
            "close": "43.35"
        },
        {
            "time": "31.07.2021 12:10",
            "open": "43.35",
            "high": "43.4",
            "low": "43.3454",
            "close": "43.3327"
        },
        {
            "time": "31.07.2021 12:11",
            "open": "43.3327",
            "high": "43.3327",
            "low": "43.3327",
            "close": "43.4224"
        },
        {
            "time": "31.07.2021 12:12",
            "open": "43.4224",
            "high": "43.567",
            "low": "43.4224",
            "close": "43.6"
        },
        {
            "time": "31.07.2021 12:13",
            "open": "43.6",
            "high": "43.6217",
            "low": "43.5676",
            "close": "43.5483"
        },
        {
            "time": "31.07.2021 12:14",
            "open": "43.5483",
            "high": "43.5483",
            "low": "43.5483",
            "close": "43.4693"
        },
        {
            "time": "31.07.2021 12:15",
            "open": "43.4693",
            "high": "43.5137",
            "low": "43.4693",
            "close": "43.65"
        },
        {
            "time": "31.07.2021 12:17",
            "open": "43.65",
            "high": "43.65",
            "low": "43.6481",
            "close": "43.6524"
        },
        {
            "time": "31.07.2021 12:18",
            "open": "43.6524",
            "high": "43.6524",
            "low": "43.6304",
            "close": "43.6709"
        },
        {
            "time": "31.07.2021 12:19",
            "open": "43.6709",
            "high": "43.6709",
            "low": "43.6709",
            "close": "43.7"
        },
        {
            "time": "31.07.2021 12:20",
            "open": "43.7",
            "high": "43.7",
            "low": "43.7",
            "close": "43.683"
        },
        {
            "time": "31.07.2021 12:22",
            "open": "43.683",
            "high": "43.683",
            "low": "43.683",
            "close": "43.7047"
        },
        {
            "time": "31.07.2021 12:25",
            "open": "43.7047",
            "high": "43.7047",
            "low": "43.7047",
            "close": "43.6751"
        },
        {
            "time": "31.07.2021 12:27",
            "open": "43.6751",
            "high": "43.6751",
            "low": "43.6713",
            "close": "43.7497"
        },
        {
            "time": "31.07.2021 12:30",
            "open": "43.7497",
            "high": "43.7497",
            "low": "43.7278",
            "close": "43.75"
        },
        {
            "time": "31.07.2021 12:31",
            "open": "43.75",
            "high": "43.8294",
            "low": "43.7498",
            "close": "43.85"
        },
        {
            "time": "31.07.2021 12:32",
            "open": "43.85",
            "high": "43.8964",
            "low": "43.85",
            "close": "43.9"
        },
        {
            "time": "31.07.2021 12:33",
            "open": "43.9",
            "high": "44.0016",
            "low": "43.9",
            "close": "44.05"
        },
        {
            "time": "31.07.2021 12:34",
            "open": "44.05",
            "high": "44.1",
            "low": "43.9475",
            "close": "44.0723"
        },
        {
            "time": "31.07.2021 12:35",
            "open": "44.0723",
            "high": "44.2434",
            "low": "44.0722",
            "close": "44.25"
        },
        {
            "time": "31.07.2021 12:36",
            "open": "44.25",
            "high": "44.2739",
            "low": "44.25",
            "close": "44.2763"
        },
        {
            "time": "31.07.2021 12:37",
            "open": "44.2763",
            "high": "44.2763",
            "low": "44.1794",
            "close": "44.1478"
        },
        {
            "time": "31.07.2021 12:38",
            "open": "44.1478",
            "high": "44.1505",
            "low": "43.9836",
            "close": "44.0808"
        },
        {
            "time": "31.07.2021 12:39",
            "open": "44.0808",
            "high": "44.3",
            "low": "44.0578",
            "close": "44.268"
        },
        {
            "time": "31.07.2021 12:40",
            "open": "44.268",
            "high": "44.268",
            "low": "44.2289",
            "close": "44.2793"
        },
        {
            "time": "31.07.2021 12:41",
            "open": "44.2793",
            "high": "44.2793",
            "low": "44.2609",
            "close": "44.2796"
        },
        {
            "time": "31.07.2021 12:42",
            "open": "44.2796",
            "high": "44.2796",
            "low": "44.2796",
            "close": "44.2601"
        },
        {
            "time": "31.07.2021 12:43",
            "open": "44.2601",
            "high": "44.292",
            "low": "44.2601",
            "close": "44.2187"
        },
        {
            "time": "31.07.2021 12:44",
            "open": "44.2187",
            "high": "44.2187",
            "low": "44.2187",
            "close": "44.1"
        },
        {
            "time": "31.07.2021 12:45",
            "open": "44.1",
            "high": "44.1",
            "low": "44.1",
            "close": "44.05"
        },
        {
            "time": "31.07.2021 12:46",
            "open": "44.05",
            "high": "44.05",
            "low": "44",
            "close": "44.0074"
        },
        {
            "time": "31.07.2021 12:47",
            "open": "44.0074",
            "high": "44.0074",
            "low": "43.9608",
            "close": "43.9641"
        },
        {
            "time": "31.07.2021 12:48",
            "open": "43.9641",
            "high": "43.9824",
            "low": "43.95",
            "close": "44.1076"
        },
        {
            "time": "31.07.2021 12:51",
            "open": "44.1076",
            "high": "44.2",
            "low": "44.1076",
            "close": "44.25"
        },
        {
            "time": "31.07.2021 12:52",
            "open": "44.25",
            "high": "44.25",
            "low": "44.0959",
            "close": "44.05"
        },
        {
            "time": "31.07.2021 12:53",
            "open": "44.05",
            "high": "44.05",
            "low": "44",
            "close": "43.95"
        },
        {
            "time": "31.07.2021 12:54",
            "open": "43.95",
            "high": "43.95",
            "low": "43.85",
            "close": "43.979"
        },
        {
            "time": "31.07.2021 12:56",
            "open": "43.979",
            "high": "43.979",
            "low": "43.979",
            "close": "44.0316"
        },
        {
            "time": "31.07.2021 12:57",
            "open": "44.0316",
            "high": "44.2",
            "low": "44.0315",
            "close": "44.1847"
        },
        {
            "time": "31.07.2021 12:58",
            "open": "44.1847",
            "high": "44.1847",
            "low": "44",
            "close": "44.0104"
        },
        {
            "time": "31.07.2021 12:59",
            "open": "44.0104",
            "high": "44.0516",
            "low": "43.95",
            "close": "43.9"
        },
        {
            "time": "31.07.2021 13:00",
            "open": "43.9",
            "high": "43.9",
            "low": "43.85",
            "close": "43.85"
        },
        {
            "time": "31.07.2021 13:01",
            "open": "43.85",
            "high": "43.9015",
            "low": "43.85",
            "close": "43.8924"
        },
        {
            "time": "31.07.2021 13:04",
            "open": "43.8924",
            "high": "43.8924",
            "low": "43.8924",
            "close": "43.9017"
        },
        {
            "time": "31.07.2021 13:05",
            "open": "43.9017",
            "high": "43.9468",
            "low": "43.9017",
            "close": "44.05"
        },
        {
            "time": "31.07.2021 13:06",
            "open": "44.05",
            "high": "44.25",
            "low": "44.05",
            "close": "44.2257"
        },
        {
            "time": "31.07.2021 13:07",
            "open": "44.2257",
            "high": "44.2257",
            "low": "44.1067",
            "close": "44.2146"
        },
        {
            "time": "31.07.2021 13:08",
            "open": "44.2146",
            "high": "44.3",
            "low": "44.2011",
            "close": "44.1895"
        },
        {
            "time": "31.07.2021 13:09",
            "open": "44.1895",
            "high": "44.5",
            "low": "44.1895",
            "close": "44.3935"
        },
        {
            "time": "31.07.2021 13:10",
            "open": "44.3935",
            "high": "44.3935",
            "low": "44.2948",
            "close": "44.25"
        },
        {
            "time": "31.07.2021 13:11",
            "open": "44.25",
            "high": "44.25",
            "low": "44.1773",
            "close": "44.2122"
        },
        {
            "time": "31.07.2021 13:13",
            "open": "44.2122",
            "high": "44.2206",
            "low": "44.2122",
            "close": "44.15"
        },
        {
            "time": "31.07.2021 13:14",
            "open": "44.15",
            "high": "44.15",
            "low": "44.1",
            "close": "44.0575"
        },
        {
            "time": "31.07.2021 13:15",
            "open": "44.0575",
            "high": "44.0575",
            "low": "44.05",
            "close": "44.0368"
        },
        {
            "time": "31.07.2021 13:16",
            "open": "44.0368",
            "high": "44.0368",
            "low": "43.95",
            "close": "43.9"
        },
        {
            "time": "31.07.2021 13:17",
            "open": "43.9",
            "high": "43.9058",
            "low": "43.5809",
            "close": "43.7289"
        },
        {
            "time": "31.07.2021 13:18",
            "open": "43.7289",
            "high": "43.743",
            "low": "43.4501",
            "close": "43.5319"
        },
        {
            "time": "31.07.2021 13:19",
            "open": "43.5319",
            "high": "43.5319",
            "low": "43.45",
            "close": "43.4697"
        },
        {
            "time": "31.07.2021 13:20",
            "open": "43.4697",
            "high": "43.5525",
            "low": "43.4",
            "close": "43.5948"
        },
        {
            "time": "31.07.2021 13:21",
            "open": "43.5948",
            "high": "43.65",
            "low": "43.5871",
            "close": "43.6013"
        },
        {
            "time": "31.07.2021 13:22",
            "open": "43.6013",
            "high": "43.674",
            "low": "43.6013",
            "close": "43.6446"
        },
        {
            "time": "31.07.2021 13:23",
            "open": "43.6446",
            "high": "43.6446",
            "low": "43.5988",
            "close": "43.5674"
        },
        {
            "time": "31.07.2021 13:26",
            "open": "43.5674",
            "high": "43.5674",
            "low": "43.5674",
            "close": "43.5973"
        },
        {
            "time": "31.07.2021 13:30",
            "open": "43.5973",
            "high": "43.5973",
            "low": "43.5973",
            "close": "43.633"
        },
        {
            "time": "31.07.2021 13:34",
            "open": "43.633",
            "high": "43.633",
            "low": "43.633",
            "close": "43.5756"
        },
        {
            "time": "31.07.2021 13:35",
            "open": "43.5756",
            "high": "43.5756",
            "low": "43.556",
            "close": "43.4533"
        },
        {
            "time": "31.07.2021 13:36",
            "open": "43.4533",
            "high": "43.4533",
            "low": "43.45",
            "close": "43.4297"
        },
        {
            "time": "31.07.2021 13:37",
            "open": "43.4297",
            "high": "43.4297",
            "low": "43.3676",
            "close": "43.4471"
        },
        {
            "time": "31.07.2021 13:38",
            "open": "43.4471",
            "high": "43.4472",
            "low": "43.4471",
            "close": "43.4799"
        },
        {
            "time": "31.07.2021 13:42",
            "open": "43.4799",
            "high": "43.4799",
            "low": "43.4799",
            "close": "43.4394"
        },
        {
            "time": "31.07.2021 13:45",
            "open": "43.4394",
            "high": "43.4394",
            "low": "43.4394",
            "close": "43.4412"
        },
        {
            "time": "31.07.2021 13:47",
            "open": "43.4412",
            "high": "43.4412",
            "low": "43.4412",
            "close": "43.3847"
        },
        {
            "time": "31.07.2021 13:52",
            "open": "43.3847",
            "high": "43.4634",
            "low": "43.3847",
            "close": "43.5145"
        },
        {
            "time": "31.07.2021 13:53",
            "open": "43.5145",
            "high": "43.5145",
            "low": "43.4897",
            "close": "43.4974"
        },
        {
            "time": "31.07.2021 13:59",
            "open": "43.4974",
            "high": "43.4974",
            "low": "43.4974",
            "close": "43.35"
        },
        {
            "time": "31.07.2021 14:01",
            "open": "43.35",
            "high": "43.3697",
            "low": "43.3",
            "close": "43.5"
        },
        {
            "time": "31.07.2021 14:13",
            "open": "43.5",
            "high": "43.5",
            "low": "43.4856",
            "close": "43.5476"
        },
        {
            "time": "31.07.2021 14:14",
            "open": "43.5476",
            "high": "43.5476",
            "low": "43.5476",
            "close": "43.55"
        },
        {
            "time": "31.07.2021 14:15",
            "open": "43.55",
            "high": "43.55",
            "low": "43.55",
            "close": "43.6"
        },
        {
            "time": "31.07.2021 14:18",
            "open": "43.6",
            "high": "43.6",
            "low": "43.6",
            "close": "43.65"
        },
        {
            "time": "31.07.2021 14:19",
            "open": "43.65",
            "high": "43.6863",
            "low": "43.65",
            "close": "43.5477"
        },
        {
            "time": "31.07.2021 14:21",
            "open": "43.5477",
            "high": "43.5477",
            "low": "43.5477",
            "close": "43.5932"
        },
        {
            "time": "31.07.2021 14:24",
            "open": "43.5932",
            "high": "43.5983",
            "low": "43.5932",
            "close": "43.5393"
        },
        {
            "time": "31.07.2021 14:26",
            "open": "43.5393",
            "high": "43.5393",
            "low": "43.5393",
            "close": "43.5611"
        },
        {
            "time": "31.07.2021 14:27",
            "open": "43.5611",
            "high": "43.5611",
            "low": "43.5611",
            "close": "43.45"
        },
        {
            "time": "31.07.2021 14:39",
            "open": "43.45",
            "high": "43.45",
            "low": "43.45",
            "close": "43.4735"
        },
        {
            "time": "31.07.2021 14:41",
            "open": "43.4735",
            "high": "43.4735",
            "low": "43.4735",
            "close": "43.4647"
        },
        {
            "time": "31.07.2021 14:43",
            "open": "43.4647",
            "high": "43.4689",
            "low": "43.4647",
            "close": "43.5268"
        },
        {
            "time": "31.07.2021 14:45",
            "open": "43.5268",
            "high": "43.5268",
            "low": "43.5268",
            "close": "43.5278"
        },
        {
            "time": "31.07.2021 14:49",
            "open": "43.5278",
            "high": "43.5278",
            "low": "43.5278",
            "close": "43.6"
        },
        {
            "time": "31.07.2021 14:56",
            "open": "43.6",
            "high": "43.6369",
            "low": "43.6",
            "close": "43.614"
        },
        {
            "time": "31.07.2021 14:57",
            "open": "43.614",
            "high": "43.614",
            "low": "43.614",
            "close": "43.5932"
        },
        {
            "time": "31.07.2021 15:00",
            "open": "43.5932",
            "high": "43.5932",
            "low": "43.5932",
            "close": "43.65"
        },
        {
            "time": "31.07.2021 15:01",
            "open": "43.65",
            "high": "43.6616",
            "low": "43.65",
            "close": "43.6816"
        },
        {
            "time": "31.07.2021 15:03",
            "open": "43.6816",
            "high": "43.6816",
            "low": "43.6696",
            "close": "43.7"
        },
        {
            "time": "31.07.2021 15:05",
            "open": "43.7",
            "high": "43.7",
            "low": "43.7",
            "close": "43.75"
        },
        {
            "time": "31.07.2021 15:06",
            "open": "43.75",
            "high": "43.75",
            "low": "43.75",
            "close": "43.55"
        },
        {
            "time": "31.07.2021 15:16",
            "open": "43.55",
            "high": "43.55",
            "low": "43.55",
            "close": "43.5"
        },
        {
            "time": "31.07.2021 15:17",
            "open": "43.5",
            "high": "43.5",
            "low": "43.5",
            "close": "43.4907"
        },
        {
            "time": "31.07.2021 15:19",
            "open": "43.4907",
            "high": "43.4974",
            "low": "43.4907",
            "close": "43.45"
        },
        {
            "time": "31.07.2021 15:20",
            "open": "43.45",
            "high": "43.45",
            "low": "43.45",
            "close": "43.4552"
        },
        {
            "time": "31.07.2021 15:21",
            "open": "43.4552",
            "high": "43.4552",
            "low": "43.4552",
            "close": "43.4"
        },
        {
            "time": "31.07.2021 15:23",
            "open": "43.4",
            "high": "43.4",
            "low": "43.3789",
            "close": "43.35"
        },
        {
            "time": "31.07.2021 15:24",
            "open": "43.35",
            "high": "43.35",
            "low": "43.35",
            "close": "43.4158"
        },
        {
            "time": "31.07.2021 15:25",
            "open": "43.4158",
            "high": "43.4158",
            "low": "43.4158",
            "close": "43.3757"
        },
        {
            "time": "31.07.2021 15:37",
            "open": "43.3757",
            "high": "43.4327",
            "low": "43.3757",
            "close": "43.3"
        },
        {
            "time": "31.07.2021 15:38",
            "open": "43.3",
            "high": "43.3112",
            "low": "43.3",
            "close": "43.3706"
        },
        {
            "time": "31.07.2021 15:52",
            "open": "43.3706",
            "high": "43.3706",
            "low": "43.3706",
            "close": "43.3112"
        },
        {
            "time": "31.07.2021 15:54",
            "open": "43.3112",
            "high": "43.3167",
            "low": "43.3112",
            "close": "43.25"
        },
        {
            "time": "31.07.2021 15:55",
            "open": "43.25",
            "high": "43.25",
            "low": "43.2",
            "close": "43.15"
        },
        {
            "time": "31.07.2021 16:01",
            "open": "43.15",
            "high": "43.15",
            "low": "43.15",
            "close": "43.2216"
        },
        {
            "time": "31.07.2021 16:02",
            "open": "43.2216",
            "high": "43.2216",
            "low": "43.2216",
            "close": "43.1111"
        },
        {
            "time": "31.07.2021 16:05",
            "open": "43.1111",
            "high": "43.1111",
            "low": "43.05",
            "close": "43"
        },
        {
            "time": "31.07.2021 16:06",
            "open": "43",
            "high": "43.1",
            "low": "42.9",
            "close": "43.0962"
        },
        {
            "time": "31.07.2021 16:10",
            "open": "43.0962",
            "high": "43.2",
            "low": "43.0962",
            "close": "43.25"
        },
        {
            "time": "31.07.2021 16:11",
            "open": "43.25",
            "high": "43.2877",
            "low": "43.25",
            "close": "43.3"
        },
        {
            "time": "31.07.2021 16:12",
            "open": "43.3",
            "high": "43.3",
            "low": "43.3",
            "close": "43.3243"
        },
        {
            "time": "31.07.2021 16:15",
            "open": "43.3243",
            "high": "43.3243",
            "low": "43.3243",
            "close": "43.229"
        },
        {
            "time": "31.07.2021 16:16",
            "open": "43.229",
            "high": "43.35",
            "low": "43.229",
            "close": "43.4"
        },
        {
            "time": "31.07.2021 16:17",
            "open": "43.4",
            "high": "43.4",
            "low": "43.4",
            "close": "43.45"
        },
        {
            "time": "31.07.2021 16:19",
            "open": "43.45",
            "high": "43.45",
            "low": "43.45",
            "close": "43.4271"
        },
        {
            "time": "31.07.2021 16:21",
            "open": "43.4271",
            "high": "43.4271",
            "low": "43.4271",
            "close": "43.3765"
        },
        {
            "time": "31.07.2021 16:22",
            "open": "43.3765",
            "high": "43.3765",
            "low": "43.3765",
            "close": "43.3877"
        },
        {
            "time": "31.07.2021 16:27",
            "open": "43.3877",
            "high": "43.3877",
            "low": "43.3877",
            "close": "43.25"
        },
        {
            "time": "31.07.2021 16:36",
            "open": "43.25",
            "high": "43.25",
            "low": "43.2",
            "close": "43.15"
        },
        {
            "time": "31.07.2021 16:39",
            "open": "43.15",
            "high": "43.15",
            "low": "43.1245",
            "close": "43.1"
        },
        {
            "time": "31.07.2021 16:43",
            "open": "43.1",
            "high": "43.1",
            "low": "43.1",
            "close": "43.1777"
        },
        {
            "time": "31.07.2021 16:52",
            "open": "43.1777",
            "high": "43.1777",
            "low": "43.1777",
            "close": "43.1276"
        },
        {
            "time": "31.07.2021 16:56",
            "open": "43.1276",
            "high": "43.1276",
            "low": "43.1253",
            "close": "43.1898"
        },
        {
            "time": "31.07.2021 16:59",
            "open": "43.1898",
            "high": "43.1898",
            "low": "43.1898",
            "close": "43.2018"
        },
        {
            "time": "31.07.2021 17:00",
            "open": "43.2018",
            "high": "43.2018",
            "low": "43.2018",
            "close": "43.2018"
        },
        {
            "time": "31.07.2021 17:01",
            "open": "43.2018",
            "high": "43.2018",
            "low": "43.2018",
            "close": "43.1832"
        },
        {
            "time": "31.07.2021 17:02",
            "open": "43.1832",
            "high": "43.1832",
            "low": "43.1832",
            "close": "43.3"
        },
        {
            "time": "31.07.2021 17:10",
            "open": "43.3",
            "high": "43.3",
            "low": "43.3",
            "close": "43.35"
        },
        {
            "time": "31.07.2021 17:11",
            "open": "43.35",
            "high": "43.35",
            "low": "43.35",
            "close": "43.3701"
        },
        {
            "time": "31.07.2021 17:12",
            "open": "43.3701",
            "high": "43.3701",
            "low": "43.3701",
            "close": "43.4"
        },
        {
            "time": "31.07.2021 17:13",
            "open": "43.4",
            "high": "43.4464",
            "low": "43.4",
            "close": "43.4059"
        },
        {
            "time": "31.07.2021 17:15",
            "open": "43.4059",
            "high": "43.4059",
            "low": "43.354",
            "close": "43.41"
        },
        {
            "time": "31.07.2021 17:19",
            "open": "43.41",
            "high": "43.41",
            "low": "43.41",
            "close": "43.3643"
        },
        {
            "time": "31.07.2021 17:22",
            "open": "43.3643",
            "high": "43.3643",
            "low": "43.3643",
            "close": "43.2999"
        },
        {
            "time": "31.07.2021 17:30",
            "open": "43.2999",
            "high": "43.3055",
            "low": "43.2999",
            "close": "43.3758"
        },
        {
            "time": "31.07.2021 17:37",
            "open": "43.3758",
            "high": "43.3758",
            "low": "43.3758",
            "close": "43.401"
        },
        {
            "time": "31.07.2021 17:40",
            "open": "43.401",
            "high": "43.401",
            "low": "43.401",
            "close": "43.45"
        },
        {
            "time": "31.07.2021 17:42",
            "open": "43.45",
            "high": "43.45",
            "low": "43.45",
            "close": "43.4022"
        },
        {
            "time": "31.07.2021 17:46",
            "open": "43.4022",
            "high": "43.4022",
            "low": "43.3469",
            "close": "43.4562"
        },
        {
            "time": "31.07.2021 17:48",
            "open": "43.4562",
            "high": "43.5",
            "low": "43.4562",
            "close": "43.4974"
        },
        {
            "time": "31.07.2021 17:51",
            "open": "43.4974",
            "high": "43.55",
            "low": "43.4974",
            "close": "43.5521"
        },
        {
            "time": "31.07.2021 17:52",
            "open": "43.5521",
            "high": "43.5521",
            "low": "43.5521",
            "close": "43.6"
        },
        {
            "time": "31.07.2021 17:53",
            "open": "43.6",
            "high": "43.6",
            "low": "43.5772",
            "close": "43.65"
        },
        {
            "time": "31.07.2021 18:00",
            "open": "43.65",
            "high": "43.9",
            "low": "43.65",
            "close": "43.8653"
        },
        {
            "time": "31.07.2021 18:01",
            "open": "43.8653",
            "high": "43.8653",
            "low": "43.6",
            "close": "43.6657"
        },
        {
            "time": "31.07.2021 18:02",
            "open": "43.6657",
            "high": "43.6657",
            "low": "43.6296",
            "close": "43.7397"
        },
        {
            "time": "31.07.2021 18:04",
            "open": "43.7397",
            "high": "43.8",
            "low": "43.7283",
            "close": "43.7513"
        },
        {
            "time": "31.07.2021 18:07",
            "open": "43.7513",
            "high": "43.7557",
            "low": "43.7513",
            "close": "43.6671"
        },
        {
            "time": "31.07.2021 18:11",
            "open": "43.6671",
            "high": "43.6671",
            "low": "43.6671",
            "close": "43.7504"
        },
        {
            "time": "31.07.2021 18:15",
            "open": "43.7504",
            "high": "43.7612",
            "low": "43.7345",
            "close": "43.8051"
        },
        {
            "time": "31.07.2021 18:17",
            "open": "43.8051",
            "high": "43.8051",
            "low": "43.7781",
            "close": "43.7592"
        },
        {
            "time": "31.07.2021 18:18",
            "open": "43.7592",
            "high": "43.7592",
            "low": "43.7592",
            "close": "43.6"
        },
        {
            "time": "31.07.2021 18:21",
            "open": "43.6",
            "high": "43.6",
            "low": "43.5",
            "close": "43.6118"
        },
        {
            "time": "31.07.2021 18:23",
            "open": "43.6118",
            "high": "43.6118",
            "low": "43.6118",
            "close": "43.5234"
        },
        {
            "time": "31.07.2021 18:25",
            "open": "43.5234",
            "high": "43.5272",
            "low": "43.5234",
            "close": "43.45"
        },
        {
            "time": "31.07.2021 18:27",
            "open": "43.45",
            "high": "43.45",
            "low": "43.45",
            "close": "43.4003"
        },
        {
            "time": "31.07.2021 18:28",
            "open": "43.4003",
            "high": "43.4003",
            "low": "43.3",
            "close": "43.3442"
        },
        {
            "time": "31.07.2021 18:29",
            "open": "43.3442",
            "high": "43.3627",
            "low": "43.3442",
            "close": "43.3197"
        },
        {
            "time": "31.07.2021 18:30",
            "open": "43.3197",
            "high": "43.3197",
            "low": "43.3196",
            "close": "43.3027"
        },
        {
            "time": "31.07.2021 18:31",
            "open": "43.3027",
            "high": "43.3027",
            "low": "43.3027",
            "close": "43.2856"
        },
        {
            "time": "31.07.2021 18:33",
            "open": "43.2856",
            "high": "43.2856",
            "low": "43.2",
            "close": "43.221"
        },
        {
            "time": "31.07.2021 18:35",
            "open": "43.221",
            "high": "43.221",
            "low": "43.221",
            "close": "43.2886"
        },
        {
            "time": "31.07.2021 18:36",
            "open": "43.2886",
            "high": "43.2886",
            "low": "43.2886",
            "close": "43.2318"
        },
        {
            "time": "31.07.2021 18:40",
            "open": "43.2318",
            "high": "43.2318",
            "low": "43.2318",
            "close": "43.2324"
        },
        {
            "time": "31.07.2021 18:41",
            "open": "43.2324",
            "high": "43.2324",
            "low": "43.1",
            "close": "43.05"
        },
        {
            "time": "31.07.2021 18:50",
            "open": "43.05",
            "high": "43.05",
            "low": "43.05",
            "close": "43"
        },
        {
            "time": "31.07.2021 18:54",
            "open": "43",
            "high": "43",
            "low": "43",
            "close": "43.1009"
        },
        {
            "time": "31.07.2021 18:57",
            "open": "43.1009",
            "high": "43.1092",
            "low": "43.1009",
            "close": "43.1615"
        },
        {
            "time": "31.07.2021 19:02",
            "open": "43.1615",
            "high": "43.1615",
            "low": "43.1615",
            "close": "43.2"
        },
        {
            "time": "31.07.2021 19:04",
            "open": "43.2",
            "high": "43.2",
            "low": "43.2",
            "close": "43.25"
        },
        {
            "time": "31.07.2021 19:07",
            "open": "43.25",
            "high": "43.25",
            "low": "43.25",
            "close": "43.2594"
        },
        {
            "time": "31.07.2021 19:08",
            "open": "43.2594",
            "high": "43.2594",
            "low": "43.2594",
            "close": "43.124"
        },
        {
            "time": "31.07.2021 19:20",
            "open": "43.124",
            "high": "43.124",
            "low": "43.124",
            "close": "43.1096"
        },
        {
            "time": "31.07.2021 19:22",
            "open": "43.1096",
            "high": "43.1096",
            "low": "43.1096",
            "close": "43.1092"
        },
        {
            "time": "31.07.2021 19:26",
            "open": "43.1092",
            "high": "43.1092",
            "low": "43.1092",
            "close": "43.1142"
        },
        {
            "time": "31.07.2021 19:28",
            "open": "43.1142",
            "high": "43.1142",
            "low": "43.1142",
            "close": "43.2208"
        },
        {
            "time": "31.07.2021 19:31",
            "open": "43.2208",
            "high": "43.2208",
            "low": "43.2208",
            "close": "43.2207"
        },
        {
            "time": "31.07.2021 19:39",
            "open": "43.2207",
            "high": "43.2277",
            "low": "43.2207",
            "close": "43.1803"
        },
        {
            "time": "31.07.2021 19:44",
            "open": "43.1803",
            "high": "43.1803",
            "low": "43.1786",
            "close": "43.1874"
        },
        {
            "time": "31.07.2021 19:46",
            "open": "43.1874",
            "high": "43.1874",
            "low": "43.1874",
            "close": "43.1974"
        },
        {
            "time": "31.07.2021 19:48",
            "open": "43.1974",
            "high": "43.1974",
            "low": "43.169",
            "close": "43.1749"
        },
        {
            "time": "31.07.2021 19:51",
            "open": "43.1749",
            "high": "43.1761",
            "low": "43.1749",
            "close": "43.2137"
        },
        {
            "time": "31.07.2021 19:55",
            "open": "43.2137",
            "high": "43.35",
            "low": "43.2137",
            "close": "43.285"
        },
        {
            "time": "31.07.2021 19:56",
            "open": "43.285",
            "high": "43.285",
            "low": "43.2659",
            "close": "43.3"
        },
        {
            "time": "31.07.2021 19:58",
            "open": "43.3",
            "high": "43.3",
            "low": "43.3",
            "close": "43.4"
        },
        {
            "time": "31.07.2021 20:04",
            "open": "43.4",
            "high": "43.4",
            "low": "43.4",
            "close": "43.4261"
        },
        {
            "time": "31.07.2021 20:16",
            "open": "43.4261",
            "high": "43.5",
            "low": "43.4261",
            "close": "43.55"
        },
        {
            "time": "31.07.2021 20:17",
            "open": "43.55",
            "high": "43.6",
            "low": "43.55",
            "close": "43.65"
        },
        {
            "time": "31.07.2021 20:18",
            "open": "43.65",
            "high": "43.6709",
            "low": "43.65",
            "close": "43.6481"
        },
        {
            "time": "31.07.2021 20:19",
            "open": "43.6481",
            "high": "43.6481",
            "low": "43.6397",
            "close": "43.6451"
        },
        {
            "time": "31.07.2021 20:24",
            "open": "43.6451",
            "high": "43.6451",
            "low": "43.6451",
            "close": "43.5678"
        },
        {
            "time": "31.07.2021 20:31",
            "open": "43.5678",
            "high": "43.5678",
            "low": "43.5678",
            "close": "43.5593"
        },
        {
            "time": "31.07.2021 20:42",
            "open": "43.5593",
            "high": "43.5609",
            "low": "43.5593",
            "close": "43.6205"
        },
        {
            "time": "31.07.2021 20:51",
            "open": "43.6205",
            "high": "43.6209",
            "low": "43.6205",
            "close": "43.5899"
        },
        {
            "time": "31.07.2021 20:52",
            "open": "43.5899",
            "high": "43.5899",
            "low": "43.5591",
            "close": "43.6112"
        },
        {
            "time": "31.07.2021 20:58",
            "open": "43.6112",
            "high": "43.6112",
            "low": "43.6112",
            "close": "43.6112"
        },
        {
            "time": "31.07.2021 21:03",
            "open": "43.6112",
            "high": "43.6112",
            "low": "43.6112",
            "close": "43.5"
        },
        {
            "time": "31.07.2021 21:09",
            "open": "43.5",
            "high": "43.5",
            "low": "43.45",
            "close": "43.549"
        },
        {
            "time": "31.07.2021 21:11",
            "open": "43.549",
            "high": "43.549",
            "low": "43.549",
            "close": "43.5327"
        },
        {
            "time": "31.07.2021 21:15",
            "open": "43.5327",
            "high": "43.5327",
            "low": "43.4",
            "close": "43.35"
        },
        {
            "time": "31.07.2021 21:16",
            "open": "43.35",
            "high": "43.3878",
            "low": "43.35",
            "close": "43.406"
        },
        {
            "time": "31.07.2021 21:17",
            "open": "43.406",
            "high": "43.406",
            "low": "43.406",
            "close": "43.372"
        },
        {
            "time": "31.07.2021 21:18",
            "open": "43.372",
            "high": "43.372",
            "low": "43.372",
            "close": "43.4431"
        },
        {
            "time": "31.07.2021 21:21",
            "open": "43.4431",
            "high": "43.4432",
            "low": "43.4431",
            "close": "43.4208"
        },
        {
            "time": "31.07.2021 21:24",
            "open": "43.4208",
            "high": "43.4208",
            "low": "43.4208",
            "close": "43.4414"
        },
        {
            "time": "31.07.2021 21:31",
            "open": "43.4414",
            "high": "43.4414",
            "low": "43.4414",
            "close": "43.4428"
        },
        {
            "time": "31.07.2021 21:34",
            "open": "43.4428",
            "high": "43.4428",
            "low": "43.4428",
            "close": "43.4665"
        },
        {
            "time": "31.07.2021 21:36",
            "open": "43.4665",
            "high": "43.4665",
            "low": "43.4665",
            "close": "43.4174"
        },
        {
            "time": "31.07.2021 21:37",
            "open": "43.4174",
            "high": "43.4174",
            "low": "43.4174",
            "close": "43.4251"
        },
        {
            "time": "31.07.2021 21:47",
            "open": "43.4251",
            "high": "43.4251",
            "low": "43.4251",
            "close": "43.336"
        },
        {
            "time": "31.07.2021 21:50",
            "open": "43.336",
            "high": "43.336",
            "low": "43.336",
            "close": "43.3097"
        },
        {
            "time": "31.07.2021 21:54",
            "open": "43.3097",
            "high": "43.3097",
            "low": "43.3097",
            "close": "43.3"
        },
        {
            "time": "31.07.2021 22:04",
            "open": "43.3",
            "high": "43.3",
            "low": "43.2765",
            "close": "43.25"
        },
        {
            "time": "31.07.2021 22:05",
            "open": "43.25",
            "high": "43.25",
            "low": "43.25",
            "close": "43.2"
        },
        {
            "time": "31.07.2021 22:11",
            "open": "43.2",
            "high": "43.2",
            "low": "43.2",
            "close": "43.2148"
        },
        {
            "time": "31.07.2021 22:13",
            "open": "43.2148",
            "high": "43.2148",
            "low": "43.2148",
            "close": "43.2775"
        },
        {
            "time": "31.07.2021 22:21",
            "open": "43.2775",
            "high": "43.2775",
            "low": "43.2775",
            "close": "43.4"
        },
        {
            "time": "31.07.2021 22:25",
            "open": "43.4",
            "high": "43.4",
            "low": "43.4",
            "close": "43.45"
        },
        {
            "time": "31.07.2021 22:27",
            "open": "43.45",
            "high": "43.45",
            "low": "43.45",
            "close": "43.45"
        },
        {
            "time": "31.07.2021 22:32",
            "open": "43.45",
            "high": "43.45",
            "low": "43.45",
            "close": "43.5"
        },
        {
            "time": "31.07.2021 22:33",
            "open": "43.5",
            "high": "43.5316",
            "low": "43.5",
            "close": "43.5393"
        },
        {
            "time": "31.07.2021 22:34",
            "open": "43.5393",
            "high": "43.5393",
            "low": "43.4784",
            "close": "43.55"
        },
        {
            "time": "31.07.2021 22:35",
            "open": "43.55",
            "high": "43.55",
            "low": "43.55",
            "close": "43.6"
        },
        {
            "time": "31.07.2021 22:36",
            "open": "43.6",
            "high": "43.6",
            "low": "43.6",
            "close": "43.65"
        },
        {
            "time": "31.07.2021 22:38",
            "open": "43.65",
            "high": "43.65",
            "low": "43.6223",
            "close": "43.6134"
        },
        {
            "time": "31.07.2021 22:41",
            "open": "43.6134",
            "high": "43.6134",
            "low": "43.6134",
            "close": "43.6709"
        },
        {
            "time": "31.07.2021 22:42",
            "open": "43.6709",
            "high": "43.6709",
            "low": "43.6709",
            "close": "43.6843"
        },
        {
            "time": "31.07.2021 22:43",
            "open": "43.6843",
            "high": "43.6843",
            "low": "43.6843",
            "close": "43.5527"
        },
        {
            "time": "31.07.2021 22:46",
            "open": "43.5527",
            "high": "43.5527",
            "low": "43.5527",
            "close": "43.6136"
        },
        {
            "time": "31.07.2021 22:51",
            "open": "43.6136",
            "high": "43.6136",
            "low": "43.6136",
            "close": "43.6715"
        },
        {
            "time": "31.07.2021 22:55",
            "open": "43.6715",
            "high": "43.6715",
            "low": "43.6715",
            "close": "43.6534"
        },
        {
            "time": "31.07.2021 23:01",
            "open": "43.6534",
            "high": "43.6534",
            "low": "43.6534",
            "close": "43.6535"
        },
        {
            "time": "31.07.2021 23:02",
            "open": "43.6535",
            "high": "43.6535",
            "low": "43.6535",
            "close": "43.6713"
        },
        {
            "time": "31.07.2021 23:03",
            "open": "43.6713",
            "high": "43.6713",
            "low": "43.6619",
            "close": "43.7"
        },
        {
            "time": "31.07.2021 23:05",
            "open": "43.7",
            "high": "43.7",
            "low": "43.7",
            "close": "43.6687"
        },
        {
            "time": "31.07.2021 23:11",
            "open": "43.6687",
            "high": "43.6687",
            "low": "43.6687",
            "close": "43.6727"
        },
        {
            "time": "31.07.2021 23:15",
            "open": "43.6727",
            "high": "43.6727",
            "low": "43.6726",
            "close": "43.681"
        },
        {
            "time": "31.07.2021 23:16",
            "open": "43.681",
            "high": "43.681",
            "low": "43.681",
            "close": "43.75"
        },
        {
            "time": "31.07.2021 23:22",
            "open": "43.75",
            "high": "43.7676",
            "low": "43.75",
            "close": "43.8"
        },
        {
            "time": "31.07.2021 23:26",
            "open": "43.8",
            "high": "43.8",
            "low": "43.8",
            "close": "43.85"
        },
        {
            "time": "31.07.2021 23:28",
            "open": "43.85",
            "high": "43.85",
            "low": "43.85",
            "close": "43.85"
        },
        {
            "time": "31.07.2021 23:30",
            "open": "43.85",
            "high": "43.85",
            "low": "43.85",
            "close": "43.85"
        },
        {
            "time": "31.07.2021 23:31",
            "open": "43.85",
            "high": "43.8746",
            "low": "43.85",
            "close": "43.8305"
        },
        {
            "time": "31.07.2021 23:32",
            "open": "43.8305",
            "high": "43.8305",
            "low": "43.8267",
            "close": "43.8617"
        },
        {
            "time": "31.07.2021 23:33",
            "open": "43.8617",
            "high": "43.867",
            "low": "43.8617",
            "close": "43.8645"
        },
        {
            "time": "31.07.2021 23:34",
            "open": "43.8645",
            "high": "43.8645",
            "low": "43.8407",
            "close": "43.8407"
        },
        {
            "time": "31.07.2021 23:35",
            "open": "43.8407",
            "high": "43.8407",
            "low": "43.8407",
            "close": "43.9"
        },
        {
            "time": "31.07.2021 23:36",
            "open": "43.9",
            "high": "43.9",
            "low": "43.9",
            "close": "43.8759"
        },
        {
            "time": "31.07.2021 23:37",
            "open": "43.8759",
            "high": "44.0016",
            "low": "43.8759",
            "close": "44.05"
        },
        {
            "time": "31.07.2021 23:38",
            "open": "44.05",
            "high": "44.05",
            "low": "44.05",
            "close": "44.1"
        },
        {
            "time": "31.07.2021 23:39",
            "open": "44.1",
            "high": "44.1",
            "low": "44.1",
            "close": "44.1105"
        },
        {
            "time": "31.07.2021 23:40",
            "open": "44.1105",
            "high": "44.131",
            "low": "44.1105",
            "close": "44.1144"
        },
        {
            "time": "31.07.2021 23:43",
            "open": "44.1144",
            "high": "44.1184",
            "low": "44.1144",
            "close": "44.0568"
        },
        {
            "time": "31.07.2021 23:44",
            "open": "44.0568",
            "high": "44.0568",
            "low": "44.0502",
            "close": "43.9"
        },
        {
            "time": "31.07.2021 23:46",
            "open": "43.9",
            "high": "43.9",
            "low": "43.8813",
            "close": "43.8659"
        },
        {
            "time": "31.07.2021 23:48",
            "open": "43.8659",
            "high": "43.8659",
            "low": "43.85",
            "close": "43.8"
        },
        {
            "time": "31.07.2021 23:49",
            "open": "43.8",
            "high": "43.8",
            "low": "43.798",
            "close": "43.8703"
        },
        {
            "time": "31.07.2021 23:51",
            "open": "43.8703",
            "high": "43.8703",
            "low": "43.8703",
            "close": "43.8776"
        }
    ]
}