{
    "FIL-EUR": [
        {
            "time": "25.01.2021 23:59",
            "open": "18.5554",
            "high": "18.5554",
            "low": "18.5554",
            "close": "18.5134"
        },
        {
            "time": "26.01.2021 00:04",
            "open": "18.5134",
            "high": "18.5158",
            "low": "18.5132",
            "close": "18.5409"
        },
        {
            "time": "26.01.2021 00:07",
            "open": "18.5409",
            "high": "18.5583",
            "low": "18.5409",
            "close": "18.5725"
        },
        {
            "time": "26.01.2021 00:11",
            "open": "18.5725",
            "high": "18.5725",
            "low": "18.5725",
            "close": "18.6082"
        },
        {
            "time": "26.01.2021 00:12",
            "open": "18.6082",
            "high": "18.6082",
            "low": "18.6082",
            "close": "18.5542"
        },
        {
            "time": "26.01.2021 00:15",
            "open": "18.5542",
            "high": "18.5542",
            "low": "18.5542",
            "close": "18.5742"
        },
        {
            "time": "26.01.2021 00:17",
            "open": "18.5742",
            "high": "18.5742",
            "low": "18.5742",
            "close": "18.5448"
        },
        {
            "time": "26.01.2021 00:23",
            "open": "18.5448",
            "high": "18.5448",
            "low": "18.5347",
            "close": "18.5079"
        },
        {
            "time": "26.01.2021 00:25",
            "open": "18.5079",
            "high": "18.5079",
            "low": "18.4686",
            "close": "18.5054"
        },
        {
            "time": "26.01.2021 00:28",
            "open": "18.5054",
            "high": "18.5225",
            "low": "18.5054",
            "close": "18.4535"
        },
        {
            "time": "26.01.2021 00:36",
            "open": "18.4535",
            "high": "18.4535",
            "low": "18.4535",
            "close": "18.491"
        },
        {
            "time": "26.01.2021 00:37",
            "open": "18.491",
            "high": "18.491",
            "low": "18.491",
            "close": "18.506"
        },
        {
            "time": "26.01.2021 00:45",
            "open": "18.506",
            "high": "18.506",
            "low": "18.506",
            "close": "18.498"
        },
        {
            "time": "26.01.2021 00:58",
            "open": "18.498",
            "high": "18.4983",
            "low": "18.498",
            "close": "18.479"
        },
        {
            "time": "26.01.2021 01:01",
            "open": "18.479",
            "high": "18.479",
            "low": "18.4638",
            "close": "18.5014"
        },
        {
            "time": "26.01.2021 01:18",
            "open": "18.5014",
            "high": "18.5014",
            "low": "18.5014",
            "close": "18.5347"
        },
        {
            "time": "26.01.2021 01:25",
            "open": "18.5347",
            "high": "18.5347",
            "low": "18.5347",
            "close": "18.5711"
        },
        {
            "time": "26.01.2021 01:30",
            "open": "18.5711",
            "high": "18.5723",
            "low": "18.5711",
            "close": "18.5601"
        },
        {
            "time": "26.01.2021 01:39",
            "open": "18.5601",
            "high": "18.5601",
            "low": "18.5601",
            "close": "18.5601"
        },
        {
            "time": "26.01.2021 01:40",
            "open": "18.5601",
            "high": "18.5601",
            "low": "18.5474",
            "close": "18.5696"
        },
        {
            "time": "26.01.2021 01:42",
            "open": "18.5696",
            "high": "18.5696",
            "low": "18.5696",
            "close": "18.5878"
        },
        {
            "time": "26.01.2021 01:44",
            "open": "18.5878",
            "high": "18.5878",
            "low": "18.5876",
            "close": "18.5308"
        },
        {
            "time": "26.01.2021 02:05",
            "open": "18.5308",
            "high": "18.5308",
            "low": "18.5308",
            "close": "18.4933"
        },
        {
            "time": "26.01.2021 02:10",
            "open": "18.4933",
            "high": "18.4933",
            "low": "18.4841",
            "close": "18.5279"
        },
        {
            "time": "26.01.2021 02:24",
            "open": "18.5279",
            "high": "18.5279",
            "low": "18.5279",
            "close": "18.5289"
        },
        {
            "time": "26.01.2021 02:31",
            "open": "18.5289",
            "high": "18.5291",
            "low": "18.5289",
            "close": "18.5263"
        },
        {
            "time": "26.01.2021 02:37",
            "open": "18.5263",
            "high": "18.5263",
            "low": "18.5263",
            "close": "18.5083"
        },
        {
            "time": "26.01.2021 02:46",
            "open": "18.5083",
            "high": "18.5083",
            "low": "18.5083",
            "close": "18.5108"
        },
        {
            "time": "26.01.2021 02:59",
            "open": "18.5108",
            "high": "18.5108",
            "low": "18.5107",
            "close": "18.4846"
        },
        {
            "time": "26.01.2021 03:04",
            "open": "18.4846",
            "high": "18.4846",
            "low": "18.4846",
            "close": "18.4902"
        },
        {
            "time": "26.01.2021 03:05",
            "open": "18.4902",
            "high": "18.5115",
            "low": "18.4902",
            "close": "18.5179"
        },
        {
            "time": "26.01.2021 03:07",
            "open": "18.5179",
            "high": "18.5179",
            "low": "18.5179",
            "close": "18.5092"
        },
        {
            "time": "26.01.2021 03:19",
            "open": "18.5092",
            "high": "18.5092",
            "low": "18.5092",
            "close": "18.5023"
        },
        {
            "time": "26.01.2021 03:20",
            "open": "18.5023",
            "high": "18.5023",
            "low": "18.501",
            "close": "18.4991"
        },
        {
            "time": "26.01.2021 03:21",
            "open": "18.4991",
            "high": "18.4991",
            "low": "18.4991",
            "close": "18.7133"
        },
        {
            "time": "26.01.2021 03:25",
            "open": "18.7133",
            "high": "18.7133",
            "low": "18.7133",
            "close": "18.6557"
        },
        {
            "time": "26.01.2021 03:26",
            "open": "18.6557",
            "high": "18.6557",
            "low": "18.6557",
            "close": "18.6192"
        },
        {
            "time": "26.01.2021 03:28",
            "open": "18.6192",
            "high": "18.6193",
            "low": "18.6192",
            "close": "18.6115"
        },
        {
            "time": "26.01.2021 03:30",
            "open": "18.6115",
            "high": "18.6115",
            "low": "18.6115",
            "close": "18.5264"
        },
        {
            "time": "26.01.2021 03:40",
            "open": "18.5264",
            "high": "18.5264",
            "low": "18.5264",
            "close": "18.5275"
        },
        {
            "time": "26.01.2021 03:49",
            "open": "18.5275",
            "high": "18.5275",
            "low": "18.5275",
            "close": "18.5063"
        },
        {
            "time": "26.01.2021 04:01",
            "open": "18.5063",
            "high": "18.5063",
            "low": "18.5063",
            "close": "18.4296"
        },
        {
            "time": "26.01.2021 04:36",
            "open": "18.4296",
            "high": "18.4296",
            "low": "18.4295",
            "close": "18.4463"
        },
        {
            "time": "26.01.2021 04:40",
            "open": "18.4463",
            "high": "18.4657",
            "low": "18.4463",
            "close": "18.4"
        },
        {
            "time": "26.01.2021 04:44",
            "open": "18.4",
            "high": "18.4",
            "low": "18.3844",
            "close": "18.3844"
        },
        {
            "time": "26.01.2021 04:46",
            "open": "18.3844",
            "high": "18.3844",
            "low": "18.3844",
            "close": "18.3318"
        },
        {
            "time": "26.01.2021 04:48",
            "open": "18.3318",
            "high": "18.3571",
            "low": "18.3318",
            "close": "18.3584"
        },
        {
            "time": "26.01.2021 04:51",
            "open": "18.3584",
            "high": "18.3584",
            "low": "18.3584",
            "close": "18.4111"
        },
        {
            "time": "26.01.2021 05:05",
            "open": "18.4111",
            "high": "18.4111",
            "low": "18.3937",
            "close": "18.3867"
        },
        {
            "time": "26.01.2021 05:06",
            "open": "18.3867",
            "high": "18.3947",
            "low": "18.3867",
            "close": "18.4037"
        },
        {
            "time": "26.01.2021 05:14",
            "open": "18.4037",
            "high": "18.4037",
            "low": "18.4037",
            "close": "18.3842"
        },
        {
            "time": "26.01.2021 05:16",
            "open": "18.3842",
            "high": "18.3842",
            "low": "18.3842",
            "close": "18.3815"
        },
        {
            "time": "26.01.2021 05:20",
            "open": "18.3815",
            "high": "18.3815",
            "low": "18.3815",
            "close": "18.4081"
        },
        {
            "time": "26.01.2021 05:44",
            "open": "18.4081",
            "high": "18.4081",
            "low": "18.4081",
            "close": "18.441"
        },
        {
            "time": "26.01.2021 05:49",
            "open": "18.441",
            "high": "18.441",
            "low": "18.441",
            "close": "18.4465"
        },
        {
            "time": "26.01.2021 05:55",
            "open": "18.4465",
            "high": "18.4465",
            "low": "18.4464",
            "close": "18.4404"
        },
        {
            "time": "26.01.2021 06:14",
            "open": "18.4404",
            "high": "18.4404",
            "low": "18.4404",
            "close": "18.4699"
        },
        {
            "time": "26.01.2021 06:16",
            "open": "18.4699",
            "high": "18.4699",
            "low": "18.4699",
            "close": "18.4383"
        },
        {
            "time": "26.01.2021 06:24",
            "open": "18.4383",
            "high": "18.4383",
            "low": "18.4383",
            "close": "18.4579"
        },
        {
            "time": "26.01.2021 06:37",
            "open": "18.4579",
            "high": "18.4579",
            "low": "18.4579",
            "close": "18.4799"
        },
        {
            "time": "26.01.2021 06:39",
            "open": "18.4799",
            "high": "18.4799",
            "low": "18.4798",
            "close": "18.4571"
        },
        {
            "time": "26.01.2021 06:40",
            "open": "18.4571",
            "high": "18.4571",
            "low": "18.4571",
            "close": "18.442"
        },
        {
            "time": "26.01.2021 07:01",
            "open": "18.442",
            "high": "18.4458",
            "low": "18.442",
            "close": "18.4268"
        },
        {
            "time": "26.01.2021 07:07",
            "open": "18.4268",
            "high": "18.4268",
            "low": "18.4268",
            "close": "18.4029"
        },
        {
            "time": "26.01.2021 07:10",
            "open": "18.4029",
            "high": "18.4029",
            "low": "18.4029",
            "close": "18.4009"
        },
        {
            "time": "26.01.2021 07:16",
            "open": "18.4009",
            "high": "18.401",
            "low": "18.4009",
            "close": "18.3497"
        },
        {
            "time": "26.01.2021 07:23",
            "open": "18.3497",
            "high": "18.3497",
            "low": "18.3497",
            "close": "18.4358"
        },
        {
            "time": "26.01.2021 07:38",
            "open": "18.4358",
            "high": "18.4373",
            "low": "18.4358",
            "close": "18.4383"
        },
        {
            "time": "26.01.2021 07:40",
            "open": "18.4383",
            "high": "18.4383",
            "low": "18.4383",
            "close": "18.4404"
        },
        {
            "time": "26.01.2021 07:41",
            "open": "18.4404",
            "high": "18.4404",
            "low": "18.4404",
            "close": "18.4406"
        },
        {
            "time": "26.01.2021 07:42",
            "open": "18.4406",
            "high": "18.4406",
            "low": "18.4197",
            "close": "18.4079"
        },
        {
            "time": "26.01.2021 07:43",
            "open": "18.4079",
            "high": "18.4079",
            "low": "18.4079",
            "close": "18.4009"
        },
        {
            "time": "26.01.2021 07:44",
            "open": "18.4009",
            "high": "18.4009",
            "low": "18.3966",
            "close": "18.3919"
        },
        {
            "time": "26.01.2021 07:46",
            "open": "18.3919",
            "high": "18.4073",
            "low": "18.3889",
            "close": "18.4126"
        },
        {
            "time": "26.01.2021 07:48",
            "open": "18.4126",
            "high": "18.4126",
            "low": "18.4126",
            "close": "18.4199"
        },
        {
            "time": "26.01.2021 07:49",
            "open": "18.4199",
            "high": "18.4244",
            "low": "18.4199",
            "close": "18.45"
        },
        {
            "time": "26.01.2021 07:52",
            "open": "18.45",
            "high": "18.45",
            "low": "18.45",
            "close": "18.4527"
        },
        {
            "time": "26.01.2021 07:59",
            "open": "18.4527",
            "high": "18.4527",
            "low": "18.4527",
            "close": "18.4467"
        },
        {
            "time": "26.01.2021 08:03",
            "open": "18.4467",
            "high": "18.4467",
            "low": "18.4466",
            "close": "18.3946"
        },
        {
            "time": "26.01.2021 08:07",
            "open": "18.3946",
            "high": "18.3946",
            "low": "18.3946",
            "close": "18.4118"
        },
        {
            "time": "26.01.2021 08:10",
            "open": "18.4118",
            "high": "18.4118",
            "low": "18.4118",
            "close": "18.4081"
        },
        {
            "time": "26.01.2021 08:12",
            "open": "18.4081",
            "high": "18.4081",
            "low": "18.4081",
            "close": "18.4103"
        },
        {
            "time": "26.01.2021 08:14",
            "open": "18.4103",
            "high": "18.4103",
            "low": "18.4103",
            "close": "18.3955"
        },
        {
            "time": "26.01.2021 08:20",
            "open": "18.3955",
            "high": "18.3955",
            "low": "18.3913",
            "close": "18.3742"
        },
        {
            "time": "26.01.2021 08:21",
            "open": "18.3742",
            "high": "18.3742",
            "low": "18.3736",
            "close": "18.3813"
        },
        {
            "time": "26.01.2021 08:22",
            "open": "18.3813",
            "high": "18.3813",
            "low": "18.3792",
            "close": "18.3774"
        },
        {
            "time": "26.01.2021 08:24",
            "open": "18.3774",
            "high": "18.3774",
            "low": "18.3728",
            "close": "18.3851"
        },
        {
            "time": "26.01.2021 08:25",
            "open": "18.3851",
            "high": "18.3851",
            "low": "18.3847",
            "close": "18.3935"
        },
        {
            "time": "26.01.2021 08:26",
            "open": "18.3935",
            "high": "18.3935",
            "low": "18.3899",
            "close": "18.4008"
        },
        {
            "time": "26.01.2021 08:27",
            "open": "18.4008",
            "high": "18.4008",
            "low": "18.3959",
            "close": "18.3858"
        },
        {
            "time": "26.01.2021 08:28",
            "open": "18.3858",
            "high": "18.3858",
            "low": "18.3858",
            "close": "18.4259"
        },
        {
            "time": "26.01.2021 08:29",
            "open": "18.4259",
            "high": "18.4259",
            "low": "18.4259",
            "close": "18.3968"
        },
        {
            "time": "26.01.2021 08:31",
            "open": "18.3968",
            "high": "18.3968",
            "low": "18.3968",
            "close": "18.3965"
        },
        {
            "time": "26.01.2021 08:32",
            "open": "18.3965",
            "high": "18.3965",
            "low": "18.3946",
            "close": "18.4214"
        },
        {
            "time": "26.01.2021 08:37",
            "open": "18.4214",
            "high": "18.4214",
            "low": "18.4214",
            "close": "18.4358"
        },
        {
            "time": "26.01.2021 08:38",
            "open": "18.4358",
            "high": "18.4358",
            "low": "18.4357",
            "close": "18.4209"
        },
        {
            "time": "26.01.2021 08:39",
            "open": "18.4209",
            "high": "18.4209",
            "low": "18.4208",
            "close": "18.4359"
        },
        {
            "time": "26.01.2021 08:41",
            "open": "18.4359",
            "high": "18.4359",
            "low": "18.4359",
            "close": "18.4506"
        },
        {
            "time": "26.01.2021 08:43",
            "open": "18.4506",
            "high": "18.4506",
            "low": "18.4506",
            "close": "18.4759"
        },
        {
            "time": "26.01.2021 08:44",
            "open": "18.4759",
            "high": "18.4759",
            "low": "18.4759",
            "close": "18.4797"
        },
        {
            "time": "26.01.2021 08:49",
            "open": "18.4797",
            "high": "18.4797",
            "low": "18.4793",
            "close": "18.5045"
        },
        {
            "time": "26.01.2021 08:51",
            "open": "18.5045",
            "high": "18.5045",
            "low": "18.5045",
            "close": "18.4971"
        },
        {
            "time": "26.01.2021 08:53",
            "open": "18.4971",
            "high": "18.5009",
            "low": "18.4971",
            "close": "18.519"
        },
        {
            "time": "26.01.2021 08:54",
            "open": "18.519",
            "high": "18.5201",
            "low": "18.519",
            "close": "18.5315"
        },
        {
            "time": "26.01.2021 08:56",
            "open": "18.5315",
            "high": "18.5325",
            "low": "18.5315",
            "close": "18.5686"
        },
        {
            "time": "26.01.2021 08:58",
            "open": "18.5686",
            "high": "18.5686",
            "low": "18.5686",
            "close": "18.5751"
        },
        {
            "time": "26.01.2021 09:01",
            "open": "18.5751",
            "high": "18.5751",
            "low": "18.5751",
            "close": "18.4986"
        },
        {
            "time": "26.01.2021 09:05",
            "open": "18.4986",
            "high": "18.4986",
            "low": "18.4986",
            "close": "18.4986"
        },
        {
            "time": "26.01.2021 09:06",
            "open": "18.4986",
            "high": "18.4986",
            "low": "18.4986",
            "close": "18.532"
        },
        {
            "time": "26.01.2021 09:07",
            "open": "18.532",
            "high": "18.532",
            "low": "18.532",
            "close": "18.5335"
        },
        {
            "time": "26.01.2021 09:08",
            "open": "18.5335",
            "high": "18.5335",
            "low": "18.5335",
            "close": "18.5157"
        },
        {
            "time": "26.01.2021 09:12",
            "open": "18.5157",
            "high": "18.5157",
            "low": "18.5142",
            "close": "18.5062"
        },
        {
            "time": "26.01.2021 09:14",
            "open": "18.5062",
            "high": "18.5062",
            "low": "18.5062",
            "close": "18.5128"
        },
        {
            "time": "26.01.2021 09:15",
            "open": "18.5128",
            "high": "18.5128",
            "low": "18.5123",
            "close": "18.5374"
        },
        {
            "time": "26.01.2021 09:20",
            "open": "18.5374",
            "high": "18.5377",
            "low": "18.5374",
            "close": "18.5495"
        },
        {
            "time": "26.01.2021 09:21",
            "open": "18.5495",
            "high": "18.5503",
            "low": "18.5495",
            "close": "18.5525"
        },
        {
            "time": "26.01.2021 09:23",
            "open": "18.5525",
            "high": "18.5525",
            "low": "18.5409",
            "close": "18.533"
        },
        {
            "time": "26.01.2021 09:24",
            "open": "18.533",
            "high": "18.533",
            "low": "18.533",
            "close": "18.5123"
        },
        {
            "time": "26.01.2021 09:25",
            "open": "18.5123",
            "high": "18.5123",
            "low": "18.5122",
            "close": "18.5007"
        },
        {
            "time": "26.01.2021 09:30",
            "open": "18.5007",
            "high": "18.5022",
            "low": "18.5006",
            "close": "18.5037"
        },
        {
            "time": "26.01.2021 09:33",
            "open": "18.5037",
            "high": "18.5214",
            "low": "18.5037",
            "close": "18.4638"
        },
        {
            "time": "26.01.2021 09:34",
            "open": "18.4638",
            "high": "18.4638",
            "low": "18.4638",
            "close": "18.4462"
        },
        {
            "time": "26.01.2021 09:35",
            "open": "18.4462",
            "high": "18.4526",
            "low": "18.4462",
            "close": "18.439"
        },
        {
            "time": "26.01.2021 09:37",
            "open": "18.439",
            "high": "18.439",
            "low": "18.439",
            "close": "18.4731"
        },
        {
            "time": "26.01.2021 09:39",
            "open": "18.4731",
            "high": "18.4732",
            "low": "18.4731",
            "close": "18.4793"
        },
        {
            "time": "26.01.2021 09:40",
            "open": "18.4793",
            "high": "18.4908",
            "low": "18.4792",
            "close": "18.5094"
        },
        {
            "time": "26.01.2021 09:43",
            "open": "18.5094",
            "high": "18.5094",
            "low": "18.4864",
            "close": "18.4891"
        },
        {
            "time": "26.01.2021 09:44",
            "open": "18.4891",
            "high": "18.4952",
            "low": "18.4889",
            "close": "18.4978"
        },
        {
            "time": "26.01.2021 09:46",
            "open": "18.4978",
            "high": "18.4978",
            "low": "18.4977",
            "close": "18.4966"
        },
        {
            "time": "26.01.2021 09:47",
            "open": "18.4966",
            "high": "18.4966",
            "low": "18.4966",
            "close": "18.4898"
        },
        {
            "time": "26.01.2021 09:50",
            "open": "18.4898",
            "high": "18.4898",
            "low": "18.4898",
            "close": "18.4886"
        },
        {
            "time": "26.01.2021 09:53",
            "open": "18.4886",
            "high": "18.4886",
            "low": "18.4886",
            "close": "18.4793"
        },
        {
            "time": "26.01.2021 09:54",
            "open": "18.4793",
            "high": "18.4793",
            "low": "18.4792",
            "close": "18.4829"
        },
        {
            "time": "26.01.2021 09:57",
            "open": "18.4829",
            "high": "18.4886",
            "low": "18.4829",
            "close": "18.4671"
        },
        {
            "time": "26.01.2021 10:01",
            "open": "18.4671",
            "high": "18.4671",
            "low": "18.4592",
            "close": "18.4606"
        },
        {
            "time": "26.01.2021 10:02",
            "open": "18.4606",
            "high": "18.4606",
            "low": "18.4606",
            "close": "18.4313"
        },
        {
            "time": "26.01.2021 10:03",
            "open": "18.4313",
            "high": "18.4413",
            "low": "18.4313",
            "close": "18.4525"
        },
        {
            "time": "26.01.2021 10:04",
            "open": "18.4525",
            "high": "18.4738",
            "low": "18.4525",
            "close": "18.4558"
        },
        {
            "time": "26.01.2021 10:06",
            "open": "18.4558",
            "high": "18.4604",
            "low": "18.4544",
            "close": "18.4636"
        },
        {
            "time": "26.01.2021 10:07",
            "open": "18.4636",
            "high": "18.4636",
            "low": "18.4591",
            "close": "18.4563"
        },
        {
            "time": "26.01.2021 10:08",
            "open": "18.4563",
            "high": "18.4563",
            "low": "18.4562",
            "close": "18.4561"
        },
        {
            "time": "26.01.2021 10:09",
            "open": "18.4561",
            "high": "18.4562",
            "low": "18.4394",
            "close": "18.4523"
        },
        {
            "time": "26.01.2021 10:10",
            "open": "18.4523",
            "high": "18.4524",
            "low": "18.4523",
            "close": "18.4505"
        },
        {
            "time": "26.01.2021 10:12",
            "open": "18.4505",
            "high": "18.4516",
            "low": "18.44",
            "close": "18.4105"
        },
        {
            "time": "26.01.2021 10:14",
            "open": "18.4105",
            "high": "18.4105",
            "low": "18.4105",
            "close": "18.4011"
        },
        {
            "time": "26.01.2021 10:18",
            "open": "18.4011",
            "high": "18.4011",
            "low": "18.4011",
            "close": "18.4184"
        },
        {
            "time": "26.01.2021 10:20",
            "open": "18.4184",
            "high": "18.4184",
            "low": "18.4183",
            "close": "18.3965"
        },
        {
            "time": "26.01.2021 10:22",
            "open": "18.3965",
            "high": "18.3965",
            "low": "18.382",
            "close": "18.4047"
        },
        {
            "time": "26.01.2021 10:23",
            "open": "18.4047",
            "high": "18.4047",
            "low": "18.4047",
            "close": "18.395"
        },
        {
            "time": "26.01.2021 10:24",
            "open": "18.395",
            "high": "18.395",
            "low": "18.395",
            "close": "18.3752"
        },
        {
            "time": "26.01.2021 10:28",
            "open": "18.3752",
            "high": "18.3753",
            "low": "18.3752",
            "close": "18.4037"
        },
        {
            "time": "26.01.2021 10:29",
            "open": "18.4037",
            "high": "18.4037",
            "low": "18.4037",
            "close": "18.3912"
        },
        {
            "time": "26.01.2021 10:32",
            "open": "18.3912",
            "high": "18.3912",
            "low": "18.3911",
            "close": "18.3756"
        },
        {
            "time": "26.01.2021 10:35",
            "open": "18.3756",
            "high": "18.3756",
            "low": "18.3708",
            "close": "18.4142"
        },
        {
            "time": "26.01.2021 10:42",
            "open": "18.4142",
            "high": "18.4208",
            "low": "18.4142",
            "close": "18.4015"
        },
        {
            "time": "26.01.2021 10:43",
            "open": "18.4015",
            "high": "18.4015",
            "low": "18.4014",
            "close": "18.4025"
        },
        {
            "time": "26.01.2021 10:45",
            "open": "18.4025",
            "high": "18.4081",
            "low": "18.4025",
            "close": "18.3803"
        },
        {
            "time": "26.01.2021 10:47",
            "open": "18.3803",
            "high": "18.3803",
            "low": "18.3798",
            "close": "18.3746"
        },
        {
            "time": "26.01.2021 10:48",
            "open": "18.3746",
            "high": "18.3746",
            "low": "18.3746",
            "close": "18.3808"
        },
        {
            "time": "26.01.2021 10:50",
            "open": "18.3808",
            "high": "18.3808",
            "low": "18.3808",
            "close": "18.3934"
        },
        {
            "time": "26.01.2021 10:51",
            "open": "18.3934",
            "high": "18.3934",
            "low": "18.393",
            "close": "18.3793"
        },
        {
            "time": "26.01.2021 10:52",
            "open": "18.3793",
            "high": "18.3793",
            "low": "18.3793",
            "close": "18.4113"
        },
        {
            "time": "26.01.2021 10:56",
            "open": "18.4113",
            "high": "18.4197",
            "low": "18.4113",
            "close": "18.4352"
        },
        {
            "time": "26.01.2021 10:57",
            "open": "18.4352",
            "high": "18.4352",
            "low": "18.4232",
            "close": "18.3895"
        },
        {
            "time": "26.01.2021 11:00",
            "open": "18.3895",
            "high": "18.4244",
            "low": "18.3895",
            "close": "18.4054"
        },
        {
            "time": "26.01.2021 11:01",
            "open": "18.4054",
            "high": "18.4054",
            "low": "18.4054",
            "close": "18.3948"
        },
        {
            "time": "26.01.2021 11:02",
            "open": "18.3948",
            "high": "18.3948",
            "low": "18.3887",
            "close": "18.4286"
        },
        {
            "time": "26.01.2021 11:04",
            "open": "18.4286",
            "high": "18.4291",
            "low": "18.4286",
            "close": "18.4366"
        },
        {
            "time": "26.01.2021 11:05",
            "open": "18.4366",
            "high": "18.4366",
            "low": "18.4366",
            "close": "18.4339"
        },
        {
            "time": "26.01.2021 11:07",
            "open": "18.4339",
            "high": "18.4339",
            "low": "18.4339",
            "close": "18.4198"
        },
        {
            "time": "26.01.2021 11:11",
            "open": "18.4198",
            "high": "18.4198",
            "low": "18.4198",
            "close": "18.4556"
        },
        {
            "time": "26.01.2021 11:18",
            "open": "18.4556",
            "high": "18.4556",
            "low": "18.4555",
            "close": "18.476"
        },
        {
            "time": "26.01.2021 11:19",
            "open": "18.476",
            "high": "18.4761",
            "low": "18.476",
            "close": "18.4661"
        },
        {
            "time": "26.01.2021 11:22",
            "open": "18.4661",
            "high": "18.4661",
            "low": "18.466",
            "close": "18.5089"
        },
        {
            "time": "26.01.2021 11:25",
            "open": "18.5089",
            "high": "18.531",
            "low": "18.4947",
            "close": "18.5015"
        },
        {
            "time": "26.01.2021 11:26",
            "open": "18.5015",
            "high": "18.5015",
            "low": "18.5015",
            "close": "18.4841"
        },
        {
            "time": "26.01.2021 11:28",
            "open": "18.4841",
            "high": "18.4867",
            "low": "18.4841",
            "close": "18.4713"
        },
        {
            "time": "26.01.2021 11:29",
            "open": "18.4713",
            "high": "18.5251",
            "low": "18.4713",
            "close": "18.5075"
        },
        {
            "time": "26.01.2021 11:32",
            "open": "18.5075",
            "high": "18.5075",
            "low": "18.4765",
            "close": "18.5138"
        },
        {
            "time": "26.01.2021 11:36",
            "open": "18.5138",
            "high": "18.5138",
            "low": "18.5138",
            "close": "18.4727"
        },
        {
            "time": "26.01.2021 11:38",
            "open": "18.4727",
            "high": "18.4727",
            "low": "18.4727",
            "close": "18.4646"
        },
        {
            "time": "26.01.2021 11:40",
            "open": "18.4646",
            "high": "18.4652",
            "low": "18.4646",
            "close": "18.4744"
        },
        {
            "time": "26.01.2021 11:43",
            "open": "18.4744",
            "high": "18.4744",
            "low": "18.4744",
            "close": "18.475"
        },
        {
            "time": "26.01.2021 11:45",
            "open": "18.475",
            "high": "18.4811",
            "low": "18.4749",
            "close": "18.4898"
        },
        {
            "time": "26.01.2021 11:47",
            "open": "18.4898",
            "high": "18.4898",
            "low": "18.4822",
            "close": "18.4673"
        },
        {
            "time": "26.01.2021 11:49",
            "open": "18.4673",
            "high": "18.4673",
            "low": "18.4673",
            "close": "18.5019"
        },
        {
            "time": "26.01.2021 11:52",
            "open": "18.5019",
            "high": "18.5019",
            "low": "18.5005",
            "close": "18.4969"
        },
        {
            "time": "26.01.2021 11:54",
            "open": "18.4969",
            "high": "18.5098",
            "low": "18.4969",
            "close": "18.4731"
        },
        {
            "time": "26.01.2021 12:05",
            "open": "18.4731",
            "high": "18.4731",
            "low": "18.4731",
            "close": "18.4773"
        },
        {
            "time": "26.01.2021 12:08",
            "open": "18.4773",
            "high": "18.4774",
            "low": "18.4769",
            "close": "18.4509"
        },
        {
            "time": "26.01.2021 12:10",
            "open": "18.4509",
            "high": "18.4704",
            "low": "18.4403",
            "close": "18.4381"
        },
        {
            "time": "26.01.2021 12:15",
            "open": "18.4381",
            "high": "18.4381",
            "low": "18.4381",
            "close": "18.4217"
        },
        {
            "time": "26.01.2021 12:20",
            "open": "18.4217",
            "high": "18.4217",
            "low": "18.4214",
            "close": "18.4217"
        },
        {
            "time": "26.01.2021 12:22",
            "open": "18.4217",
            "high": "18.4217",
            "low": "18.4217",
            "close": "18.4206"
        },
        {
            "time": "26.01.2021 12:23",
            "open": "18.4206",
            "high": "18.4217",
            "low": "18.4206",
            "close": "18.4225"
        },
        {
            "time": "26.01.2021 12:24",
            "open": "18.4225",
            "high": "18.4225",
            "low": "18.4205",
            "close": "18.4276"
        },
        {
            "time": "26.01.2021 12:25",
            "open": "18.4276",
            "high": "18.4276",
            "low": "18.4276",
            "close": "18.4361"
        },
        {
            "time": "26.01.2021 12:26",
            "open": "18.4361",
            "high": "18.4361",
            "low": "18.4361",
            "close": "18.4166"
        },
        {
            "time": "26.01.2021 12:27",
            "open": "18.4166",
            "high": "18.4166",
            "low": "18.4166",
            "close": "18.429"
        },
        {
            "time": "26.01.2021 12:29",
            "open": "18.429",
            "high": "18.429",
            "low": "18.4285",
            "close": "18.4307"
        },
        {
            "time": "26.01.2021 12:30",
            "open": "18.4307",
            "high": "18.4325",
            "low": "18.4307",
            "close": "18.4275"
        },
        {
            "time": "26.01.2021 12:34",
            "open": "18.4275",
            "high": "18.4275",
            "low": "18.4139",
            "close": "18.4417"
        },
        {
            "time": "26.01.2021 12:40",
            "open": "18.4417",
            "high": "18.4418",
            "low": "18.4417",
            "close": "18.4424"
        },
        {
            "time": "26.01.2021 12:47",
            "open": "18.4424",
            "high": "18.4424",
            "low": "18.4422",
            "close": "18.4287"
        },
        {
            "time": "26.01.2021 12:51",
            "open": "18.4287",
            "high": "18.4287",
            "low": "18.4287",
            "close": "18.4267"
        },
        {
            "time": "26.01.2021 12:52",
            "open": "18.4267",
            "high": "18.4267",
            "low": "18.4267",
            "close": "18.437"
        },
        {
            "time": "26.01.2021 12:53",
            "open": "18.437",
            "high": "18.4371",
            "low": "18.437",
            "close": "18.4406"
        },
        {
            "time": "26.01.2021 12:55",
            "open": "18.4406",
            "high": "18.4406",
            "low": "18.4406",
            "close": "18.4286"
        },
        {
            "time": "26.01.2021 12:56",
            "open": "18.4286",
            "high": "18.4286",
            "low": "18.4262",
            "close": "18.4316"
        },
        {
            "time": "26.01.2021 12:59",
            "open": "18.4316",
            "high": "18.4316",
            "low": "18.4298",
            "close": "18.4182"
        },
        {
            "time": "26.01.2021 13:01",
            "open": "18.4182",
            "high": "18.4182",
            "low": "18.4024",
            "close": "18.4141"
        },
        {
            "time": "26.01.2021 13:02",
            "open": "18.4141",
            "high": "18.4498",
            "low": "18.4141",
            "close": "18.41"
        },
        {
            "time": "26.01.2021 13:05",
            "open": "18.41",
            "high": "18.411",
            "low": "18.4099",
            "close": "18.3955"
        },
        {
            "time": "26.01.2021 13:06",
            "open": "18.3955",
            "high": "18.3974",
            "low": "18.3955",
            "close": "18.3843"
        },
        {
            "time": "26.01.2021 13:09",
            "open": "18.3843",
            "high": "18.3843",
            "low": "18.3843",
            "close": "18.3894"
        },
        {
            "time": "26.01.2021 13:10",
            "open": "18.3894",
            "high": "18.3894",
            "low": "18.3894",
            "close": "18.4395"
        },
        {
            "time": "26.01.2021 13:11",
            "open": "18.4395",
            "high": "18.4395",
            "low": "18.4139",
            "close": "18.3969"
        },
        {
            "time": "26.01.2021 13:16",
            "open": "18.3969",
            "high": "18.3973",
            "low": "18.3969",
            "close": "18.4237"
        },
        {
            "time": "26.01.2021 13:17",
            "open": "18.4237",
            "high": "18.4237",
            "low": "18.4237",
            "close": "18.3677"
        },
        {
            "time": "26.01.2021 13:18",
            "open": "18.3677",
            "high": "18.3679",
            "low": "18.3677",
            "close": "18.3413"
        },
        {
            "time": "26.01.2021 13:19",
            "open": "18.3413",
            "high": "18.3413",
            "low": "18.3407",
            "close": "18.3595"
        },
        {
            "time": "26.01.2021 13:20",
            "open": "18.3595",
            "high": "18.3595",
            "low": "18.3595",
            "close": "18.3535"
        },
        {
            "time": "26.01.2021 13:23",
            "open": "18.3535",
            "high": "18.3536",
            "low": "18.3535",
            "close": "18.3224"
        },
        {
            "time": "26.01.2021 13:24",
            "open": "18.3224",
            "high": "18.3224",
            "low": "18.3224",
            "close": "18.3176"
        },
        {
            "time": "26.01.2021 13:25",
            "open": "18.3176",
            "high": "18.3286",
            "low": "18.3176",
            "close": "18.3762"
        },
        {
            "time": "26.01.2021 13:28",
            "open": "18.3762",
            "high": "18.3762",
            "low": "18.3762",
            "close": "18.3665"
        },
        {
            "time": "26.01.2021 13:29",
            "open": "18.3665",
            "high": "18.3665",
            "low": "18.3665",
            "close": "18.3717"
        },
        {
            "time": "26.01.2021 13:30",
            "open": "18.3717",
            "high": "18.3717",
            "low": "18.3706",
            "close": "18.3861"
        },
        {
            "time": "26.01.2021 13:38",
            "open": "18.3861",
            "high": "18.3861",
            "low": "18.3858",
            "close": "18.3881"
        },
        {
            "time": "26.01.2021 13:40",
            "open": "18.3881",
            "high": "18.3881",
            "low": "18.3881",
            "close": "18.4029"
        },
        {
            "time": "26.01.2021 13:41",
            "open": "18.4029",
            "high": "18.4029",
            "low": "18.4029",
            "close": "18.3971"
        },
        {
            "time": "26.01.2021 13:43",
            "open": "18.3971",
            "high": "18.3971",
            "low": "18.3969",
            "close": "18.4013"
        },
        {
            "time": "26.01.2021 13:45",
            "open": "18.4013",
            "high": "18.4013",
            "low": "18.4013",
            "close": "18.385"
        },
        {
            "time": "26.01.2021 13:47",
            "open": "18.385",
            "high": "18.385",
            "low": "18.345",
            "close": "18.365"
        },
        {
            "time": "26.01.2021 13:49",
            "open": "18.365",
            "high": "18.365",
            "low": "18.3649",
            "close": "18.3307"
        },
        {
            "time": "26.01.2021 13:55",
            "open": "18.3307",
            "high": "18.3307",
            "low": "18.3305",
            "close": "18.31"
        },
        {
            "time": "26.01.2021 13:57",
            "open": "18.31",
            "high": "18.31",
            "low": "18.31",
            "close": "18.3"
        },
        {
            "time": "26.01.2021 13:58",
            "open": "18.3",
            "high": "18.3234",
            "low": "18.3",
            "close": "18.3313"
        },
        {
            "time": "26.01.2021 13:59",
            "open": "18.3313",
            "high": "18.3313",
            "low": "18.3272",
            "close": "18.3184"
        },
        {
            "time": "26.01.2021 14:00",
            "open": "18.3184",
            "high": "18.3184",
            "low": "18.3183",
            "close": "18.3006"
        },
        {
            "time": "26.01.2021 14:01",
            "open": "18.3006",
            "high": "18.3006",
            "low": "18.3005",
            "close": "18.2984"
        },
        {
            "time": "26.01.2021 14:02",
            "open": "18.2984",
            "high": "18.2984",
            "low": "18.2984",
            "close": "18.2746"
        },
        {
            "time": "26.01.2021 14:03",
            "open": "18.2746",
            "high": "18.2746",
            "low": "18.2745",
            "close": "18.2708"
        },
        {
            "time": "26.01.2021 14:05",
            "open": "18.2708",
            "high": "18.2708",
            "low": "18.2708",
            "close": "18.2654"
        },
        {
            "time": "26.01.2021 14:06",
            "open": "18.2654",
            "high": "18.2691",
            "low": "18.2654",
            "close": "18.2995"
        },
        {
            "time": "26.01.2021 14:11",
            "open": "18.2995",
            "high": "18.2995",
            "low": "18.2995",
            "close": "18.2856"
        },
        {
            "time": "26.01.2021 14:13",
            "open": "18.2856",
            "high": "18.2856",
            "low": "18.2856",
            "close": "18.283"
        },
        {
            "time": "26.01.2021 14:15",
            "open": "18.283",
            "high": "18.283",
            "low": "18.283",
            "close": "18.2733"
        },
        {
            "time": "26.01.2021 14:17",
            "open": "18.2733",
            "high": "18.2733",
            "low": "18.2731",
            "close": "18.2919"
        },
        {
            "time": "26.01.2021 14:20",
            "open": "18.2919",
            "high": "18.2919",
            "low": "18.2919",
            "close": "18.2715"
        },
        {
            "time": "26.01.2021 14:23",
            "open": "18.2715",
            "high": "18.2715",
            "low": "18.2715",
            "close": "18.2902"
        },
        {
            "time": "26.01.2021 14:24",
            "open": "18.2902",
            "high": "18.2902",
            "low": "18.2902",
            "close": "18.247"
        },
        {
            "time": "26.01.2021 14:36",
            "open": "18.247",
            "high": "18.247",
            "low": "18.247",
            "close": "18.2329"
        },
        {
            "time": "26.01.2021 14:39",
            "open": "18.2329",
            "high": "18.2329",
            "low": "18.2329",
            "close": "18.24"
        },
        {
            "time": "26.01.2021 14:40",
            "open": "18.24",
            "high": "18.24",
            "low": "18.24",
            "close": "18.2619"
        },
        {
            "time": "26.01.2021 14:44",
            "open": "18.2619",
            "high": "18.2619",
            "low": "18.2619",
            "close": "18.2658"
        },
        {
            "time": "26.01.2021 14:49",
            "open": "18.2658",
            "high": "18.2658",
            "low": "18.2658",
            "close": "18.2762"
        },
        {
            "time": "26.01.2021 14:52",
            "open": "18.2762",
            "high": "18.2933",
            "low": "18.2762",
            "close": "18.2933"
        },
        {
            "time": "26.01.2021 14:53",
            "open": "18.2933",
            "high": "18.2933",
            "low": "18.2933",
            "close": "18.2993"
        },
        {
            "time": "26.01.2021 14:58",
            "open": "18.2993",
            "high": "18.2993",
            "low": "18.2993",
            "close": "18.2902"
        },
        {
            "time": "26.01.2021 15:04",
            "open": "18.2902",
            "high": "18.2902",
            "low": "18.2902",
            "close": "18.2902"
        },
        {
            "time": "26.01.2021 15:07",
            "open": "18.2902",
            "high": "18.2902",
            "low": "18.2902",
            "close": "18.2505"
        },
        {
            "time": "26.01.2021 15:10",
            "open": "18.2505",
            "high": "18.261",
            "low": "18.2505",
            "close": "18.2576"
        },
        {
            "time": "26.01.2021 15:12",
            "open": "18.2576",
            "high": "18.2576",
            "low": "18.2576",
            "close": "18.249"
        },
        {
            "time": "26.01.2021 15:15",
            "open": "18.249",
            "high": "18.249",
            "low": "18.249",
            "close": "18.2547"
        },
        {
            "time": "26.01.2021 15:16",
            "open": "18.2547",
            "high": "18.2547",
            "low": "18.2547",
            "close": "18.2484"
        },
        {
            "time": "26.01.2021 15:23",
            "open": "18.2484",
            "high": "18.2484",
            "low": "18.2484",
            "close": "18.2399"
        },
        {
            "time": "26.01.2021 15:26",
            "open": "18.2399",
            "high": "18.2399",
            "low": "18.2399",
            "close": "18.22"
        },
        {
            "time": "26.01.2021 15:30",
            "open": "18.22",
            "high": "18.22",
            "low": "18.22",
            "close": "18.2216"
        },
        {
            "time": "26.01.2021 15:31",
            "open": "18.2216",
            "high": "18.2216",
            "low": "18.2216",
            "close": "18.2057"
        },
        {
            "time": "26.01.2021 15:33",
            "open": "18.2057",
            "high": "18.2057",
            "low": "18.2057",
            "close": "18.2"
        },
        {
            "time": "26.01.2021 15:34",
            "open": "18.2",
            "high": "18.2",
            "low": "18.2",
            "close": "18.1643"
        },
        {
            "time": "26.01.2021 15:35",
            "open": "18.1643",
            "high": "18.1686",
            "low": "18.1643",
            "close": "18.155"
        },
        {
            "time": "26.01.2021 15:39",
            "open": "18.155",
            "high": "18.155",
            "low": "18.146",
            "close": "18.1386"
        },
        {
            "time": "26.01.2021 15:40",
            "open": "18.1386",
            "high": "18.1386",
            "low": "18.1386",
            "close": "18.135"
        },
        {
            "time": "26.01.2021 15:43",
            "open": "18.135",
            "high": "18.135",
            "low": "18.1246",
            "close": "18.1117"
        },
        {
            "time": "26.01.2021 15:44",
            "open": "18.1117",
            "high": "18.119",
            "low": "18.1095",
            "close": "18.1148"
        },
        {
            "time": "26.01.2021 15:45",
            "open": "18.1148",
            "high": "18.1156",
            "low": "18.1115",
            "close": "18.1058"
        },
        {
            "time": "26.01.2021 15:46",
            "open": "18.1058",
            "high": "18.1058",
            "low": "18.0939",
            "close": "18.128"
        },
        {
            "time": "26.01.2021 15:49",
            "open": "18.128",
            "high": "18.1493",
            "low": "18.1276",
            "close": "18.1529"
        },
        {
            "time": "26.01.2021 15:50",
            "open": "18.1529",
            "high": "18.1529",
            "low": "18.1529",
            "close": "18.1556"
        },
        {
            "time": "26.01.2021 15:51",
            "open": "18.1556",
            "high": "18.1556",
            "low": "18.1556",
            "close": "18.1875"
        },
        {
            "time": "26.01.2021 15:54",
            "open": "18.1875",
            "high": "18.212",
            "low": "18.1875",
            "close": "18.202"
        },
        {
            "time": "26.01.2021 15:57",
            "open": "18.202",
            "high": "18.202",
            "low": "18.1493",
            "close": "18.1493"
        },
        {
            "time": "26.01.2021 15:58",
            "open": "18.1493",
            "high": "18.1493",
            "low": "18.1253",
            "close": "18.1333"
        },
        {
            "time": "26.01.2021 15:59",
            "open": "18.1333",
            "high": "18.152",
            "low": "18.1333",
            "close": "18.1576"
        },
        {
            "time": "26.01.2021 16:00",
            "open": "18.1576",
            "high": "18.1762",
            "low": "18.1576",
            "close": "18.1913"
        },
        {
            "time": "26.01.2021 16:01",
            "open": "18.1913",
            "high": "18.1913",
            "low": "18.1864",
            "close": "18.1813"
        },
        {
            "time": "26.01.2021 16:02",
            "open": "18.1813",
            "high": "18.1813",
            "low": "18.1813",
            "close": "18.2065"
        },
        {
            "time": "26.01.2021 16:07",
            "open": "18.2065",
            "high": "18.2069",
            "low": "18.2065",
            "close": "18.1918"
        },
        {
            "time": "26.01.2021 16:12",
            "open": "18.1918",
            "high": "18.1918",
            "low": "18.1918",
            "close": "18.1924"
        },
        {
            "time": "26.01.2021 16:14",
            "open": "18.1924",
            "high": "18.1924",
            "low": "18.1924",
            "close": "18.1941"
        },
        {
            "time": "26.01.2021 16:17",
            "open": "18.1941",
            "high": "18.1941",
            "low": "18.1939",
            "close": "18.1667"
        },
        {
            "time": "26.01.2021 16:25",
            "open": "18.1667",
            "high": "18.1667",
            "low": "18.1667",
            "close": "18.2163"
        },
        {
            "time": "26.01.2021 16:29",
            "open": "18.2163",
            "high": "18.2163",
            "low": "18.2163",
            "close": "18.2221"
        },
        {
            "time": "26.01.2021 16:30",
            "open": "18.2221",
            "high": "18.2234",
            "low": "18.2221",
            "close": "18.215"
        },
        {
            "time": "26.01.2021 16:31",
            "open": "18.215",
            "high": "18.215",
            "low": "18.215",
            "close": "18.2264"
        },
        {
            "time": "26.01.2021 16:33",
            "open": "18.2264",
            "high": "18.2264",
            "low": "18.2264",
            "close": "18.2428"
        },
        {
            "time": "26.01.2021 16:46",
            "open": "18.2428",
            "high": "18.2429",
            "low": "18.2428",
            "close": "18.239"
        },
        {
            "time": "26.01.2021 16:47",
            "open": "18.239",
            "high": "18.2411",
            "low": "18.239",
            "close": "18.1868"
        },
        {
            "time": "26.01.2021 17:00",
            "open": "18.1868",
            "high": "18.1868",
            "low": "18.1639",
            "close": "18.1597"
        },
        {
            "time": "26.01.2021 17:02",
            "open": "18.1597",
            "high": "18.2052",
            "low": "18.1597",
            "close": "18.2153"
        },
        {
            "time": "26.01.2021 17:03",
            "open": "18.2153",
            "high": "18.2153",
            "low": "18.2153",
            "close": "18.2311"
        },
        {
            "time": "26.01.2021 17:05",
            "open": "18.2311",
            "high": "18.2448",
            "low": "18.2311",
            "close": "18.212"
        },
        {
            "time": "26.01.2021 17:07",
            "open": "18.212",
            "high": "18.212",
            "low": "18.2113",
            "close": "18.2136"
        },
        {
            "time": "26.01.2021 17:08",
            "open": "18.2136",
            "high": "18.2136",
            "low": "18.2135",
            "close": "18.241"
        },
        {
            "time": "26.01.2021 17:09",
            "open": "18.241",
            "high": "18.2421",
            "low": "18.241",
            "close": "18.1693"
        },
        {
            "time": "26.01.2021 17:11",
            "open": "18.1693",
            "high": "18.1693",
            "low": "18.1688",
            "close": "18.1687"
        },
        {
            "time": "26.01.2021 17:12",
            "open": "18.1687",
            "high": "18.1687",
            "low": "18.1687",
            "close": "18.1422"
        },
        {
            "time": "26.01.2021 17:13",
            "open": "18.1422",
            "high": "18.1422",
            "low": "18.1422",
            "close": "18.1472"
        },
        {
            "time": "26.01.2021 17:14",
            "open": "18.1472",
            "high": "18.1472",
            "low": "18.1472",
            "close": "18.1241"
        },
        {
            "time": "26.01.2021 17:15",
            "open": "18.1241",
            "high": "18.1241",
            "low": "18.1241",
            "close": "18.1252"
        },
        {
            "time": "26.01.2021 17:17",
            "open": "18.1252",
            "high": "18.1252",
            "low": "18.1252",
            "close": "18.1313"
        },
        {
            "time": "26.01.2021 17:18",
            "open": "18.1313",
            "high": "18.1313",
            "low": "18.1093",
            "close": "18.13"
        },
        {
            "time": "26.01.2021 17:19",
            "open": "18.13",
            "high": "18.13",
            "low": "18.13",
            "close": "18.1253"
        },
        {
            "time": "26.01.2021 17:20",
            "open": "18.1253",
            "high": "18.1253",
            "low": "18.1253",
            "close": "18.1375"
        },
        {
            "time": "26.01.2021 17:21",
            "open": "18.1375",
            "high": "18.1375",
            "low": "18.1375",
            "close": "18.1763"
        },
        {
            "time": "26.01.2021 17:23",
            "open": "18.1763",
            "high": "18.1935",
            "low": "18.1763",
            "close": "18.189"
        },
        {
            "time": "26.01.2021 17:24",
            "open": "18.189",
            "high": "18.189",
            "low": "18.1889",
            "close": "18.189"
        },
        {
            "time": "26.01.2021 17:26",
            "open": "18.189",
            "high": "18.189",
            "low": "18.189",
            "close": "18.2138"
        },
        {
            "time": "26.01.2021 17:28",
            "open": "18.2138",
            "high": "18.22",
            "low": "18.2136",
            "close": "18.2356"
        },
        {
            "time": "26.01.2021 17:29",
            "open": "18.2356",
            "high": "18.2356",
            "low": "18.2355",
            "close": "18.2333"
        },
        {
            "time": "26.01.2021 17:30",
            "open": "18.2333",
            "high": "18.2334",
            "low": "18.2333",
            "close": "18.3"
        },
        {
            "time": "26.01.2021 17:32",
            "open": "18.3",
            "high": "18.3",
            "low": "18.3",
            "close": "18.2514"
        },
        {
            "time": "26.01.2021 17:33",
            "open": "18.2514",
            "high": "18.2514",
            "low": "18.2244",
            "close": "18.1932"
        },
        {
            "time": "26.01.2021 17:34",
            "open": "18.1932",
            "high": "18.1937",
            "low": "18.1932",
            "close": "18.193"
        },
        {
            "time": "26.01.2021 17:37",
            "open": "18.193",
            "high": "18.193",
            "low": "18.193",
            "close": "18.1938"
        },
        {
            "time": "26.01.2021 17:38",
            "open": "18.1938",
            "high": "18.2001",
            "low": "18.1938",
            "close": "18.2292"
        },
        {
            "time": "26.01.2021 17:46",
            "open": "18.2292",
            "high": "18.2292",
            "low": "18.1839",
            "close": "18.1515"
        },
        {
            "time": "26.01.2021 17:47",
            "open": "18.1515",
            "high": "18.1688",
            "low": "18.1492",
            "close": "18.271"
        },
        {
            "time": "26.01.2021 17:55",
            "open": "18.271",
            "high": "18.271",
            "low": "18.271",
            "close": "18.2717"
        },
        {
            "time": "26.01.2021 18:00",
            "open": "18.2717",
            "high": "18.2721",
            "low": "18.2717",
            "close": "18.2385"
        },
        {
            "time": "26.01.2021 18:01",
            "open": "18.2385",
            "high": "18.2385",
            "low": "18.2382",
            "close": "18.2253"
        },
        {
            "time": "26.01.2021 18:04",
            "open": "18.2253",
            "high": "18.2253",
            "low": "18.2253",
            "close": "18.214"
        },
        {
            "time": "26.01.2021 18:06",
            "open": "18.214",
            "high": "18.214",
            "low": "18.2136",
            "close": "18.2029"
        },
        {
            "time": "26.01.2021 18:08",
            "open": "18.2029",
            "high": "18.2029",
            "low": "18.2029",
            "close": "18.2359"
        },
        {
            "time": "26.01.2021 18:11",
            "open": "18.2359",
            "high": "18.2359",
            "low": "18.2359",
            "close": "18.2329"
        },
        {
            "time": "26.01.2021 18:13",
            "open": "18.2329",
            "high": "18.2329",
            "low": "18.2329",
            "close": "18.2375"
        },
        {
            "time": "26.01.2021 18:15",
            "open": "18.2375",
            "high": "18.2375",
            "low": "18.2375",
            "close": "18.2297"
        },
        {
            "time": "26.01.2021 18:32",
            "open": "18.2297",
            "high": "18.2397",
            "low": "18.2297",
            "close": "18.2418"
        },
        {
            "time": "26.01.2021 18:34",
            "open": "18.2418",
            "high": "18.2418",
            "low": "18.2418",
            "close": "18.2444"
        },
        {
            "time": "26.01.2021 18:36",
            "open": "18.2444",
            "high": "18.2444",
            "low": "18.2444",
            "close": "18.227"
        },
        {
            "time": "26.01.2021 18:39",
            "open": "18.227",
            "high": "18.227",
            "low": "18.227",
            "close": "18.1875"
        },
        {
            "time": "26.01.2021 18:41",
            "open": "18.1875",
            "high": "18.1876",
            "low": "18.1779",
            "close": "18.1532"
        },
        {
            "time": "26.01.2021 18:42",
            "open": "18.1532",
            "high": "18.1602",
            "low": "18.1532",
            "close": "18.1532"
        },
        {
            "time": "26.01.2021 18:43",
            "open": "18.1532",
            "high": "18.1532",
            "low": "18.1532",
            "close": "18.1531"
        },
        {
            "time": "26.01.2021 18:46",
            "open": "18.1531",
            "high": "18.1531",
            "low": "18.1531",
            "close": "18.1611"
        },
        {
            "time": "26.01.2021 18:47",
            "open": "18.1611",
            "high": "18.1628",
            "low": "18.1611",
            "close": "18.1531"
        },
        {
            "time": "26.01.2021 18:48",
            "open": "18.1531",
            "high": "18.1531",
            "low": "18.1531",
            "close": "18.1568"
        },
        {
            "time": "26.01.2021 18:49",
            "open": "18.1568",
            "high": "18.1573",
            "low": "18.1568",
            "close": "18.1601"
        },
        {
            "time": "26.01.2021 18:50",
            "open": "18.1601",
            "high": "18.1601",
            "low": "18.1601",
            "close": "18.1914"
        },
        {
            "time": "26.01.2021 18:51",
            "open": "18.1914",
            "high": "18.1933",
            "low": "18.1914",
            "close": "18.1801"
        },
        {
            "time": "26.01.2021 18:52",
            "open": "18.1801",
            "high": "18.1841",
            "low": "18.1801",
            "close": "18.166"
        },
        {
            "time": "26.01.2021 18:53",
            "open": "18.166",
            "high": "18.166",
            "low": "18.166",
            "close": "18.1713"
        },
        {
            "time": "26.01.2021 18:54",
            "open": "18.1713",
            "high": "18.1713",
            "low": "18.1713",
            "close": "18.2258"
        },
        {
            "time": "26.01.2021 18:59",
            "open": "18.2258",
            "high": "18.2259",
            "low": "18.2258",
            "close": "18.2188"
        },
        {
            "time": "26.01.2021 19:09",
            "open": "18.2188",
            "high": "18.2188",
            "low": "18.2084",
            "close": "18.219"
        },
        {
            "time": "26.01.2021 19:10",
            "open": "18.219",
            "high": "18.219",
            "low": "18.1953",
            "close": "18.1551"
        },
        {
            "time": "26.01.2021 19:11",
            "open": "18.1551",
            "high": "18.1551",
            "low": "18.1549",
            "close": "18.1754"
        },
        {
            "time": "26.01.2021 19:14",
            "open": "18.1754",
            "high": "18.1754",
            "low": "18.1625",
            "close": "18.2146"
        },
        {
            "time": "26.01.2021 19:20",
            "open": "18.2146",
            "high": "18.2146",
            "low": "18.2146",
            "close": "18.2445"
        },
        {
            "time": "26.01.2021 19:21",
            "open": "18.2445",
            "high": "18.2445",
            "low": "18.2445",
            "close": "18.2139"
        },
        {
            "time": "26.01.2021 19:22",
            "open": "18.2139",
            "high": "18.2139",
            "low": "18.2082",
            "close": "18.2188"
        },
        {
            "time": "26.01.2021 19:23",
            "open": "18.2188",
            "high": "18.2188",
            "low": "18.1875",
            "close": "18.1632"
        },
        {
            "time": "26.01.2021 19:27",
            "open": "18.1632",
            "high": "18.1632",
            "low": "18.1632",
            "close": "18.1707"
        },
        {
            "time": "26.01.2021 19:28",
            "open": "18.1707",
            "high": "18.1707",
            "low": "18.1626",
            "close": "18.1626"
        },
        {
            "time": "26.01.2021 19:29",
            "open": "18.1626",
            "high": "18.1657",
            "low": "18.1626",
            "close": "18.1875"
        },
        {
            "time": "26.01.2021 19:30",
            "open": "18.1875",
            "high": "18.1967",
            "low": "18.1875",
            "close": "18.2305"
        },
        {
            "time": "26.01.2021 19:33",
            "open": "18.2305",
            "high": "18.2305",
            "low": "18.2052",
            "close": "18.1859"
        },
        {
            "time": "26.01.2021 19:36",
            "open": "18.1859",
            "high": "18.1859",
            "low": "18.1859",
            "close": "18.1672"
        },
        {
            "time": "26.01.2021 19:39",
            "open": "18.1672",
            "high": "18.1739",
            "low": "18.1625",
            "close": "18.1739"
        },
        {
            "time": "26.01.2021 19:40",
            "open": "18.1739",
            "high": "18.1739",
            "low": "18.1739",
            "close": "18.1626"
        },
        {
            "time": "26.01.2021 19:41",
            "open": "18.1626",
            "high": "18.1626",
            "low": "18.1532",
            "close": "18.14"
        },
        {
            "time": "26.01.2021 19:42",
            "open": "18.14",
            "high": "18.14",
            "low": "18.129",
            "close": "18.1374"
        },
        {
            "time": "26.01.2021 19:43",
            "open": "18.1374",
            "high": "18.1374",
            "low": "18.1374",
            "close": "18.1132"
        },
        {
            "time": "26.01.2021 19:44",
            "open": "18.1132",
            "high": "18.1139",
            "low": "18.1131",
            "close": "18.11"
        },
        {
            "time": "26.01.2021 19:45",
            "open": "18.11",
            "high": "18.11",
            "low": "18.11",
            "close": "18.1"
        },
        {
            "time": "26.01.2021 19:48",
            "open": "18.1",
            "high": "18.1",
            "low": "18.1",
            "close": "18.0999"
        },
        {
            "time": "26.01.2021 19:51",
            "open": "18.0999",
            "high": "18.1",
            "low": "18.0999",
            "close": "18.1"
        },
        {
            "time": "26.01.2021 19:52",
            "open": "18.1",
            "high": "18.1",
            "low": "18.1",
            "close": "18.1113"
        },
        {
            "time": "26.01.2021 19:54",
            "open": "18.1113",
            "high": "18.1113",
            "low": "18.1113",
            "close": "18.0908"
        },
        {
            "time": "26.01.2021 19:55",
            "open": "18.0908",
            "high": "18.0955",
            "low": "18.0741",
            "close": "18.1521"
        },
        {
            "time": "26.01.2021 19:58",
            "open": "18.1603",
            "high": "18.1603",
            "low": "18.1603",
            "close": "18.1839"
        },
        {
            "time": "26.01.2021 20:07",
            "open": "18.1839",
            "high": "18.1839",
            "low": "18.1839",
            "close": "18.207"
        },
        {
            "time": "26.01.2021 20:08",
            "open": "18.207",
            "high": "18.207",
            "low": "18.1809",
            "close": "18.1286"
        },
        {
            "time": "26.01.2021 20:12",
            "open": "18.1286",
            "high": "18.1286",
            "low": "18.1286",
            "close": "18.124"
        },
        {
            "time": "26.01.2021 20:14",
            "open": "18.124",
            "high": "18.124",
            "low": "18.124",
            "close": "18.1135"
        },
        {
            "time": "26.01.2021 20:15",
            "open": "18.1135",
            "high": "18.1135",
            "low": "18.1135",
            "close": "18.124"
        },
        {
            "time": "26.01.2021 20:18",
            "open": "18.124",
            "high": "18.124",
            "low": "18.124",
            "close": "18.08"
        },
        {
            "time": "26.01.2021 20:28",
            "open": "18.08",
            "high": "18.08",
            "low": "18.08",
            "close": "18.08"
        },
        {
            "time": "26.01.2021 20:29",
            "open": "18.08",
            "high": "18.08",
            "low": "18.08",
            "close": "18.0921"
        },
        {
            "time": "26.01.2021 20:31",
            "open": "18.0921",
            "high": "18.0921",
            "low": "18.0921",
            "close": "18.0912"
        },
        {
            "time": "26.01.2021 20:32",
            "open": "18.0912",
            "high": "18.092",
            "low": "18.0912",
            "close": "18.0904"
        },
        {
            "time": "26.01.2021 20:33",
            "open": "18.0904",
            "high": "18.0947",
            "low": "18.0904",
            "close": "18.0831"
        },
        {
            "time": "26.01.2021 20:35",
            "open": "18.0831",
            "high": "18.0831",
            "low": "18.0831",
            "close": "18.0831"
        },
        {
            "time": "26.01.2021 20:36",
            "open": "18.0831",
            "high": "18.0831",
            "low": "18.0831",
            "close": "18.0981"
        },
        {
            "time": "26.01.2021 20:37",
            "open": "18.0981",
            "high": "18.0981",
            "low": "18.0981",
            "close": "18.1022"
        },
        {
            "time": "26.01.2021 20:46",
            "open": "18.1022",
            "high": "18.1022",
            "low": "18.1022",
            "close": "18.0965"
        },
        {
            "time": "26.01.2021 20:51",
            "open": "18.0965",
            "high": "18.0965",
            "low": "18.0965",
            "close": "18.0833"
        },
        {
            "time": "26.01.2021 20:53",
            "open": "18.0833",
            "high": "18.0833",
            "low": "18.0833",
            "close": "18.1108"
        },
        {
            "time": "26.01.2021 20:56",
            "open": "18.1108",
            "high": "18.1108",
            "low": "18.1108",
            "close": "18.1125"
        },
        {
            "time": "26.01.2021 21:00",
            "open": "18.1125",
            "high": "18.1125",
            "low": "18.1125",
            "close": "18.1218"
        },
        {
            "time": "26.01.2021 21:01",
            "open": "18.1218",
            "high": "18.1218",
            "low": "18.1218",
            "close": "18.1161"
        },
        {
            "time": "26.01.2021 21:03",
            "open": "18.1161",
            "high": "18.1161",
            "low": "18.1161",
            "close": "18.1326"
        },
        {
            "time": "26.01.2021 21:06",
            "open": "18.1326",
            "high": "18.1364",
            "low": "18.1326",
            "close": "18.1271"
        },
        {
            "time": "26.01.2021 21:13",
            "open": "18.1271",
            "high": "18.1271",
            "low": "18.1271",
            "close": "18.1177"
        },
        {
            "time": "26.01.2021 21:15",
            "open": "18.1177",
            "high": "18.1177",
            "low": "18.1177",
            "close": "18.1226"
        },
        {
            "time": "26.01.2021 21:19",
            "open": "18.1226",
            "high": "18.1226",
            "low": "18.1226",
            "close": "18.1226"
        },
        {
            "time": "26.01.2021 21:20",
            "open": "18.1226",
            "high": "18.1226",
            "low": "18.1226",
            "close": "18.102"
        },
        {
            "time": "26.01.2021 21:21",
            "open": "18.102",
            "high": "18.102",
            "low": "18.102",
            "close": "18.096"
        },
        {
            "time": "26.01.2021 21:23",
            "open": "18.096",
            "high": "18.1194",
            "low": "18.096",
            "close": "18.1105"
        },
        {
            "time": "26.01.2021 21:24",
            "open": "18.1105",
            "high": "18.1134",
            "low": "18.1105",
            "close": "18.0832"
        },
        {
            "time": "26.01.2021 21:34",
            "open": "18.0832",
            "high": "18.0832",
            "low": "18.0677",
            "close": "18.0887"
        },
        {
            "time": "26.01.2021 21:36",
            "open": "18.0887",
            "high": "18.0887",
            "low": "18.0867",
            "close": "18.0902"
        },
        {
            "time": "26.01.2021 21:39",
            "open": "18.0902",
            "high": "18.0902",
            "low": "18.0902",
            "close": "18.0869"
        },
        {
            "time": "26.01.2021 21:41",
            "open": "18.0869",
            "high": "18.0872",
            "low": "18.0869",
            "close": "18.0876"
        },
        {
            "time": "26.01.2021 21:48",
            "open": "18.0876",
            "high": "18.0876",
            "low": "18.0876",
            "close": "18.0677"
        },
        {
            "time": "26.01.2021 21:51",
            "open": "18.0677",
            "high": "18.0677",
            "low": "18.0677",
            "close": "18.0883"
        },
        {
            "time": "26.01.2021 21:52",
            "open": "18.0883",
            "high": "18.0883",
            "low": "18.0882",
            "close": "18.0882"
        },
        {
            "time": "26.01.2021 21:53",
            "open": "18.0882",
            "high": "18.0882",
            "low": "18.0704",
            "close": "18.0652"
        },
        {
            "time": "26.01.2021 21:54",
            "open": "18.0652",
            "high": "18.0652",
            "low": "18.0652",
            "close": "18.0732"
        },
        {
            "time": "26.01.2021 21:55",
            "open": "18.0732",
            "high": "18.0795",
            "low": "18.0732",
            "close": "18.0843"
        },
        {
            "time": "26.01.2021 21:58",
            "open": "18.0843",
            "high": "18.0843",
            "low": "18.0795",
            "close": "18.076"
        },
        {
            "time": "26.01.2021 22:00",
            "open": "18.076",
            "high": "18.076",
            "low": "18.076",
            "close": "18.0834"
        },
        {
            "time": "26.01.2021 22:21",
            "open": "18.0834",
            "high": "18.0834",
            "low": "18.0834",
            "close": "18.058"
        },
        {
            "time": "26.01.2021 22:22",
            "open": "18.058",
            "high": "18.058",
            "low": "18.058",
            "close": "18.0938"
        },
        {
            "time": "26.01.2021 22:27",
            "open": "18.0938",
            "high": "18.0938",
            "low": "18.0938",
            "close": "18.0962"
        },
        {
            "time": "26.01.2021 22:28",
            "open": "18.0962",
            "high": "18.0962",
            "low": "18.0962",
            "close": "18.0902"
        },
        {
            "time": "26.01.2021 22:30",
            "open": "18.0902",
            "high": "18.0903",
            "low": "18.0902",
            "close": "18.1026"
        },
        {
            "time": "26.01.2021 22:33",
            "open": "18.1026",
            "high": "18.1026",
            "low": "18.1026",
            "close": "18.0728"
        },
        {
            "time": "26.01.2021 22:36",
            "open": "18.0728",
            "high": "18.0959",
            "low": "18.0728",
            "close": "18.0875"
        },
        {
            "time": "26.01.2021 22:37",
            "open": "18.0875",
            "high": "18.0878",
            "low": "18.0875",
            "close": "18.0951"
        },
        {
            "time": "26.01.2021 22:38",
            "open": "18.0951",
            "high": "18.0951",
            "low": "18.0951",
            "close": "18.0942"
        },
        {
            "time": "26.01.2021 22:42",
            "open": "18.0942",
            "high": "18.0942",
            "low": "18.0942",
            "close": "18.0805"
        },
        {
            "time": "26.01.2021 22:45",
            "open": "18.0805",
            "high": "18.0805",
            "low": "18.0805",
            "close": "18.0886"
        },
        {
            "time": "26.01.2021 22:50",
            "open": "18.0886",
            "high": "18.0892",
            "low": "17.952",
            "close": "17.9939"
        },
        {
            "time": "26.01.2021 22:51",
            "open": "17.9939",
            "high": "17.9939",
            "low": "17.9939",
            "close": "17.9882"
        },
        {
            "time": "26.01.2021 22:55",
            "open": "17.9882",
            "high": "17.9882",
            "low": "17.9804",
            "close": "17.988"
        },
        {
            "time": "26.01.2021 22:59",
            "open": "17.988",
            "high": "17.988",
            "low": "17.988",
            "close": "17.9807"
        },
        {
            "time": "26.01.2021 23:00",
            "open": "17.9807",
            "high": "17.9807",
            "low": "17.9807",
            "close": "17.9688"
        },
        {
            "time": "26.01.2021 23:01",
            "open": "17.9688",
            "high": "17.9739",
            "low": "17.9687",
            "close": "17.9866"
        },
        {
            "time": "26.01.2021 23:08",
            "open": "17.9866",
            "high": "18.0888",
            "low": "17.9865",
            "close": "17.9785"
        },
        {
            "time": "26.01.2021 23:09",
            "open": "17.9785",
            "high": "18.0009",
            "low": "17.9739",
            "close": "18.028"
        },
        {
            "time": "26.01.2021 23:13",
            "open": "18.028",
            "high": "18.028",
            "low": "18.0225",
            "close": "18.0297"
        },
        {
            "time": "26.01.2021 23:21",
            "open": "18.0297",
            "high": "18.0297",
            "low": "18.0297",
            "close": "18.0426"
        },
        {
            "time": "26.01.2021 23:28",
            "open": "18.0426",
            "high": "18.0426",
            "low": "18.0425",
            "close": "18.063"
        },
        {
            "time": "26.01.2021 23:29",
            "open": "18.063",
            "high": "18.0708",
            "low": "18.063",
            "close": "18.0685"
        },
        {
            "time": "26.01.2021 23:30",
            "open": "18.0685",
            "high": "18.0685",
            "low": "18.0266",
            "close": "18"
        },
        {
            "time": "26.01.2021 23:35",
            "open": "18",
            "high": "18",
            "low": "17.9863",
            "close": "18.0252"
        },
        {
            "time": "26.01.2021 23:37",
            "open": "18.0252",
            "high": "18.0252",
            "low": "18.0252",
            "close": "18.0406"
        },
        {
            "time": "26.01.2021 23:42",
            "open": "18.0406",
            "high": "18.0407",
            "low": "18.0406",
            "close": "18.0358"
        },
        {
            "time": "26.01.2021 23:43",
            "open": "18.0358",
            "high": "18.0358",
            "low": "18.0358",
            "close": "18.0278"
        },
        {
            "time": "26.01.2021 23:45",
            "open": "18.0278",
            "high": "18.0278",
            "low": "18.0277",
            "close": "18.0244"
        },
        {
            "time": "26.01.2021 23:53",
            "open": "18.0244",
            "high": "18.0244",
            "low": "18.0244",
            "close": "18.0509"
        },
        {
            "time": "26.01.2021 23:56",
            "open": "18.0509",
            "high": "18.0525",
            "low": "18.0509",
            "close": "18.0929"
        },
        {
            "time": "26.01.2021 23:58",
            "open": "18.0929",
            "high": "18.0947",
            "low": "18.0929",
            "close": "18.0843"
        }
    ]
}