{
    "FIL-EUR": [
        {
            "time": "16.08.2021 23:53",
            "open": "63.0347",
            "high": "63.0347",
            "low": "63.0347",
            "close": "62.7584"
        },
        {
            "time": "17.08.2021 00:00",
            "open": "62.7584",
            "high": "62.7584",
            "low": "62.7584",
            "close": "62.9716"
        },
        {
            "time": "17.08.2021 00:03",
            "open": "62.9716",
            "high": "62.9716",
            "low": "62.9716",
            "close": "63.2538"
        },
        {
            "time": "17.08.2021 00:06",
            "open": "63.2538",
            "high": "63.2538",
            "low": "63.2104",
            "close": "63.0168"
        },
        {
            "time": "17.08.2021 00:11",
            "open": "63.0168",
            "high": "63.0168",
            "low": "63.0168",
            "close": "63.0723"
        },
        {
            "time": "17.08.2021 00:12",
            "open": "63.0723",
            "high": "63.0723",
            "low": "63.0723",
            "close": "63.1105"
        },
        {
            "time": "17.08.2021 00:15",
            "open": "63.1105",
            "high": "63.1139",
            "low": "63.1105",
            "close": "63.3474"
        },
        {
            "time": "17.08.2021 00:16",
            "open": "63.3474",
            "high": "63.3575",
            "low": "63.3474",
            "close": "63.3877"
        },
        {
            "time": "17.08.2021 00:17",
            "open": "63.3877",
            "high": "63.3877",
            "low": "63.3819",
            "close": "63.1415"
        },
        {
            "time": "17.08.2021 00:31",
            "open": "63.1415",
            "high": "63.1549",
            "low": "63.1415",
            "close": "63.1687"
        },
        {
            "time": "17.08.2021 00:32",
            "open": "63.1687",
            "high": "63.1687",
            "low": "63.1687",
            "close": "63.2328"
        },
        {
            "time": "17.08.2021 00:33",
            "open": "63.2328",
            "high": "63.2328",
            "low": "63.2328",
            "close": "63.2716"
        },
        {
            "time": "17.08.2021 00:34",
            "open": "63.2716",
            "high": "63.2716",
            "low": "63.2714",
            "close": "63.2828"
        },
        {
            "time": "17.08.2021 00:36",
            "open": "63.2828",
            "high": "63.2828",
            "low": "63.2828",
            "close": "63.2665"
        },
        {
            "time": "17.08.2021 00:37",
            "open": "63.2665",
            "high": "63.2665",
            "low": "63.2505",
            "close": "63.2991"
        },
        {
            "time": "17.08.2021 00:39",
            "open": "63.2991",
            "high": "63.2991",
            "low": "63.2991",
            "close": "63.347"
        },
        {
            "time": "17.08.2021 00:42",
            "open": "63.347",
            "high": "63.347",
            "low": "63.347",
            "close": "63.326"
        },
        {
            "time": "17.08.2021 00:44",
            "open": "63.326",
            "high": "63.326",
            "low": "63.326",
            "close": "63.2543"
        },
        {
            "time": "17.08.2021 00:45",
            "open": "63.2543",
            "high": "63.2543",
            "low": "63.2543",
            "close": "63.2806"
        },
        {
            "time": "17.08.2021 00:47",
            "open": "63.2806",
            "high": "63.2806",
            "low": "63.2806",
            "close": "63.1928"
        },
        {
            "time": "17.08.2021 00:48",
            "open": "63.1928",
            "high": "63.1928",
            "low": "63.1928",
            "close": "63.0234"
        },
        {
            "time": "17.08.2021 00:49",
            "open": "63.0234",
            "high": "63.0234",
            "low": "62.9808",
            "close": "63.0568"
        },
        {
            "time": "17.08.2021 00:50",
            "open": "63.0568",
            "high": "63.0568",
            "low": "63.0568",
            "close": "63.1862"
        },
        {
            "time": "17.08.2021 00:55",
            "open": "63.1862",
            "high": "63.1862",
            "low": "63.1862",
            "close": "63.1041"
        },
        {
            "time": "17.08.2021 00:57",
            "open": "63.1041",
            "high": "63.1041",
            "low": "63.1041",
            "close": "63.0672"
        },
        {
            "time": "17.08.2021 00:59",
            "open": "63.0672",
            "high": "63.0808",
            "low": "63.0672",
            "close": "62.9838"
        },
        {
            "time": "17.08.2021 01:00",
            "open": "62.9838",
            "high": "62.9838",
            "low": "62.9838",
            "close": "63.0489"
        },
        {
            "time": "17.08.2021 01:01",
            "open": "63.0489",
            "high": "63.0489",
            "low": "63.0489",
            "close": "62.5799"
        },
        {
            "time": "17.08.2021 01:08",
            "open": "62.5799",
            "high": "62.5834",
            "low": "62.1704",
            "close": "62.3211"
        },
        {
            "time": "17.08.2021 01:09",
            "open": "62.3211",
            "high": "62.3211",
            "low": "62.1704",
            "close": "62.4019"
        },
        {
            "time": "17.08.2021 01:12",
            "open": "62.4019",
            "high": "62.4019",
            "low": "62.285",
            "close": "62.0318"
        },
        {
            "time": "17.08.2021 01:15",
            "open": "62.0318",
            "high": "62.0318",
            "low": "62.0318",
            "close": "62.0383"
        },
        {
            "time": "17.08.2021 01:16",
            "open": "62.0383",
            "high": "62.0383",
            "low": "62.0383",
            "close": "62"
        },
        {
            "time": "17.08.2021 01:17",
            "open": "62",
            "high": "62",
            "low": "62",
            "close": "61.8567"
        },
        {
            "time": "17.08.2021 01:20",
            "open": "61.8567",
            "high": "61.8567",
            "low": "61.8567",
            "close": "62.0191"
        },
        {
            "time": "17.08.2021 01:22",
            "open": "62.0191",
            "high": "62.0191",
            "low": "62.0191",
            "close": "62.3557"
        },
        {
            "time": "17.08.2021 01:30",
            "open": "62.3557",
            "high": "62.3557",
            "low": "62.3557",
            "close": "62.3076"
        },
        {
            "time": "17.08.2021 01:31",
            "open": "62.3076",
            "high": "62.3076",
            "low": "62.3076",
            "close": "62.304"
        },
        {
            "time": "17.08.2021 01:36",
            "open": "62.304",
            "high": "62.304",
            "low": "62.2378",
            "close": "62.6207"
        },
        {
            "time": "17.08.2021 01:45",
            "open": "62.6207",
            "high": "62.6207",
            "low": "62.6207",
            "close": "62.5164"
        },
        {
            "time": "17.08.2021 01:46",
            "open": "62.5164",
            "high": "62.5344",
            "low": "62.5164",
            "close": "62.2378"
        },
        {
            "time": "17.08.2021 01:50",
            "open": "62.2378",
            "high": "62.2378",
            "low": "62.2378",
            "close": "62.3211"
        },
        {
            "time": "17.08.2021 01:55",
            "open": "62.3211",
            "high": "62.3211",
            "low": "62.3123",
            "close": "62.5513"
        },
        {
            "time": "17.08.2021 01:57",
            "open": "62.5513",
            "high": "62.5513",
            "low": "62.5513",
            "close": "62.2982"
        },
        {
            "time": "17.08.2021 01:59",
            "open": "62.2982",
            "high": "62.2982",
            "low": "62.2982",
            "close": "62.5347"
        },
        {
            "time": "17.08.2021 02:03",
            "open": "62.5347",
            "high": "62.5347",
            "low": "62.5347",
            "close": "62.1747"
        },
        {
            "time": "17.08.2021 02:09",
            "open": "62.1747",
            "high": "62.1747",
            "low": "62.1747",
            "close": "61.8996"
        },
        {
            "time": "17.08.2021 02:13",
            "open": "61.8996",
            "high": "61.8996",
            "low": "61.8996",
            "close": "61.5508"
        },
        {
            "time": "17.08.2021 02:18",
            "open": "61.5508",
            "high": "61.5508",
            "low": "61.0001",
            "close": "61.2353"
        },
        {
            "time": "17.08.2021 02:19",
            "open": "61.2353",
            "high": "61.2353",
            "low": "61.2318",
            "close": "61.2307"
        },
        {
            "time": "17.08.2021 02:22",
            "open": "61.2307",
            "high": "61.2307",
            "low": "61.2017",
            "close": "61"
        },
        {
            "time": "17.08.2021 02:23",
            "open": "61",
            "high": "61",
            "low": "61",
            "close": "60.9427"
        },
        {
            "time": "17.08.2021 02:24",
            "open": "60.9427",
            "high": "60.9427",
            "low": "60.8",
            "close": "60.7832"
        },
        {
            "time": "17.08.2021 02:25",
            "open": "60.7832",
            "high": "60.7832",
            "low": "60.7129",
            "close": "60.7516"
        },
        {
            "time": "17.08.2021 02:26",
            "open": "60.7516",
            "high": "60.7516",
            "low": "60.7516",
            "close": "61.0973"
        },
        {
            "time": "17.08.2021 02:27",
            "open": "61.0973",
            "high": "61.0973",
            "low": "60.9886",
            "close": "61.0746"
        },
        {
            "time": "17.08.2021 02:30",
            "open": "61.0746",
            "high": "61.0746",
            "low": "61.0746",
            "close": "61.373"
        },
        {
            "time": "17.08.2021 02:32",
            "open": "61.373",
            "high": "61.4315",
            "low": "61.373",
            "close": "60.7923"
        },
        {
            "time": "17.08.2021 02:38",
            "open": "60.7923",
            "high": "60.7923",
            "low": "60.6287",
            "close": "60.6"
        },
        {
            "time": "17.08.2021 02:39",
            "open": "60.6",
            "high": "60.6",
            "low": "60.6",
            "close": "60.7438"
        },
        {
            "time": "17.08.2021 02:40",
            "open": "60.7438",
            "high": "60.7826",
            "low": "60.7438",
            "close": "60.9823"
        },
        {
            "time": "17.08.2021 02:55",
            "open": "60.9823",
            "high": "60.9823",
            "low": "60.896",
            "close": "60.9044"
        },
        {
            "time": "17.08.2021 02:57",
            "open": "60.9044",
            "high": "61.0232",
            "low": "60.9044",
            "close": "60.8423"
        },
        {
            "time": "17.08.2021 02:58",
            "open": "60.8423",
            "high": "60.8423",
            "low": "60.8423",
            "close": "60.7848"
        },
        {
            "time": "17.08.2021 03:00",
            "open": "60.7848",
            "high": "60.7848",
            "low": "60.7848",
            "close": "61.0427"
        },
        {
            "time": "17.08.2021 03:02",
            "open": "61.0427",
            "high": "61.0427",
            "low": "61.0427",
            "close": "61.0497"
        },
        {
            "time": "17.08.2021 03:03",
            "open": "61.0497",
            "high": "61.0825",
            "low": "60.9474",
            "close": "61.0339"
        },
        {
            "time": "17.08.2021 03:04",
            "open": "61.0339",
            "high": "61.0458",
            "low": "61.0339",
            "close": "61.1312"
        },
        {
            "time": "17.08.2021 03:05",
            "open": "61.1312",
            "high": "61.1312",
            "low": "61.1312",
            "close": "61.2104"
        },
        {
            "time": "17.08.2021 03:06",
            "open": "61.2104",
            "high": "61.2292",
            "low": "61.2104",
            "close": "61.2348"
        },
        {
            "time": "17.08.2021 03:07",
            "open": "61.2348",
            "high": "61.2348",
            "low": "61.2348",
            "close": "61.5165"
        },
        {
            "time": "17.08.2021 03:08",
            "open": "61.5165",
            "high": "61.5165",
            "low": "61.5165",
            "close": "61.6601"
        },
        {
            "time": "17.08.2021 03:09",
            "open": "61.6601",
            "high": "61.7024",
            "low": "61.6601",
            "close": "61.5227"
        },
        {
            "time": "17.08.2021 03:11",
            "open": "61.5227",
            "high": "61.5491",
            "low": "61.4558",
            "close": "61.3822"
        },
        {
            "time": "17.08.2021 03:12",
            "open": "61.3822",
            "high": "61.4121",
            "low": "61.3822",
            "close": "61.4364"
        },
        {
            "time": "17.08.2021 03:21",
            "open": "61.4364",
            "high": "61.4365",
            "low": "61.4364",
            "close": "61.7999"
        },
        {
            "time": "17.08.2021 03:26",
            "open": "61.7999",
            "high": "61.7999",
            "low": "61.7999",
            "close": "61.8953"
        },
        {
            "time": "17.08.2021 03:30",
            "open": "61.8953",
            "high": "61.8953",
            "low": "61.8953",
            "close": "61.6738"
        },
        {
            "time": "17.08.2021 03:37",
            "open": "61.6738",
            "high": "61.6738",
            "low": "61.6738",
            "close": "61.8544"
        },
        {
            "time": "17.08.2021 03:40",
            "open": "61.8544",
            "high": "61.8544",
            "low": "61.8345",
            "close": "62"
        },
        {
            "time": "17.08.2021 03:42",
            "open": "62",
            "high": "62",
            "low": "62",
            "close": "62.2165"
        },
        {
            "time": "17.08.2021 03:45",
            "open": "62.2165",
            "high": "62.2165",
            "low": "62.1702",
            "close": "62.4137"
        },
        {
            "time": "17.08.2021 03:47",
            "open": "62.4137",
            "high": "62.4137",
            "low": "62.4137",
            "close": "62.5728"
        },
        {
            "time": "17.08.2021 03:48",
            "open": "62.5728",
            "high": "62.6097",
            "low": "62.5586",
            "close": "62.6202"
        },
        {
            "time": "17.08.2021 03:49",
            "open": "62.6202",
            "high": "62.6202",
            "low": "62.6202",
            "close": "62.3435"
        },
        {
            "time": "17.08.2021 03:51",
            "open": "62.3435",
            "high": "62.3435",
            "low": "62.3435",
            "close": "62.3245"
        },
        {
            "time": "17.08.2021 04:03",
            "open": "62.3245",
            "high": "62.3245",
            "low": "62.3245",
            "close": "62.3091"
        },
        {
            "time": "17.08.2021 04:09",
            "open": "62.3091",
            "high": "62.3091",
            "low": "62.3091",
            "close": "62.4756"
        },
        {
            "time": "17.08.2021 04:12",
            "open": "62.4756",
            "high": "62.4756",
            "low": "62.4537",
            "close": "62.5152"
        },
        {
            "time": "17.08.2021 04:14",
            "open": "62.5152",
            "high": "62.5152",
            "low": "62.4856",
            "close": "62.4575"
        },
        {
            "time": "17.08.2021 04:16",
            "open": "62.4575",
            "high": "62.4575",
            "low": "62.4575",
            "close": "62.2358"
        },
        {
            "time": "17.08.2021 04:21",
            "open": "62.2358",
            "high": "62.2358",
            "low": "62.2358",
            "close": "62.2346"
        },
        {
            "time": "17.08.2021 04:27",
            "open": "62.2346",
            "high": "62.2347",
            "low": "62.2346",
            "close": "62.3806"
        },
        {
            "time": "17.08.2021 04:34",
            "open": "62.3806",
            "high": "62.3806",
            "low": "62.3806",
            "close": "62.3554"
        },
        {
            "time": "17.08.2021 04:35",
            "open": "62.3554",
            "high": "62.4489",
            "low": "62.3554",
            "close": "62.5033"
        },
        {
            "time": "17.08.2021 04:38",
            "open": "62.5033",
            "high": "62.5033",
            "low": "62.5033",
            "close": "62.5857"
        },
        {
            "time": "17.08.2021 04:41",
            "open": "62.5857",
            "high": "62.5857",
            "low": "62.5857",
            "close": "62.7541"
        },
        {
            "time": "17.08.2021 04:45",
            "open": "62.7541",
            "high": "62.7542",
            "low": "62.6405",
            "close": "62.6358"
        },
        {
            "time": "17.08.2021 04:49",
            "open": "62.6358",
            "high": "62.6358",
            "low": "62.6358",
            "close": "62.6236"
        },
        {
            "time": "17.08.2021 04:51",
            "open": "62.6236",
            "high": "62.6236",
            "low": "62.6236",
            "close": "62.7101"
        },
        {
            "time": "17.08.2021 04:58",
            "open": "62.7101",
            "high": "62.7101",
            "low": "62.7101",
            "close": "62.7219"
        },
        {
            "time": "17.08.2021 05:00",
            "open": "62.7219",
            "high": "62.7219",
            "low": "62.7219",
            "close": "62.4829"
        },
        {
            "time": "17.08.2021 05:10",
            "open": "62.4829",
            "high": "62.4829",
            "low": "62.4829",
            "close": "62.5325"
        },
        {
            "time": "17.08.2021 05:11",
            "open": "62.5325",
            "high": "62.5325",
            "low": "62.5325",
            "close": "62.5085"
        },
        {
            "time": "17.08.2021 05:14",
            "open": "62.5085",
            "high": "62.5275",
            "low": "62.5085",
            "close": "62.7999"
        },
        {
            "time": "17.08.2021 05:16",
            "open": "62.7999",
            "high": "62.7999",
            "low": "62.7999",
            "close": "62.8256"
        },
        {
            "time": "17.08.2021 05:22",
            "open": "62.8256",
            "high": "62.8934",
            "low": "62.8256",
            "close": "62.6618"
        },
        {
            "time": "17.08.2021 05:30",
            "open": "62.6618",
            "high": "62.6618",
            "low": "62.6618",
            "close": "62.7974"
        },
        {
            "time": "17.08.2021 05:33",
            "open": "62.7974",
            "high": "62.7974",
            "low": "62.7974",
            "close": "62.7927"
        },
        {
            "time": "17.08.2021 05:36",
            "open": "62.7927",
            "high": "62.7927",
            "low": "62.7927",
            "close": "62.8517"
        },
        {
            "time": "17.08.2021 05:43",
            "open": "62.8517",
            "high": "62.8517",
            "low": "62.8517",
            "close": "62.7621"
        },
        {
            "time": "17.08.2021 05:49",
            "open": "62.7621",
            "high": "62.7621",
            "low": "62.7621",
            "close": "62.6781"
        },
        {
            "time": "17.08.2021 05:50",
            "open": "62.6781",
            "high": "62.6781",
            "low": "62.6781",
            "close": "62.5307"
        },
        {
            "time": "17.08.2021 05:51",
            "open": "62.5307",
            "high": "62.5307",
            "low": "62.5307",
            "close": "62.6769"
        },
        {
            "time": "17.08.2021 06:01",
            "open": "62.6769",
            "high": "62.6847",
            "low": "62.6111",
            "close": "62.709"
        },
        {
            "time": "17.08.2021 06:02",
            "open": "62.709",
            "high": "62.709",
            "low": "62.709",
            "close": "62.9595"
        },
        {
            "time": "17.08.2021 06:05",
            "open": "62.9595",
            "high": "62.9595",
            "low": "62.9595",
            "close": "63.0238"
        },
        {
            "time": "17.08.2021 06:12",
            "open": "63.0238",
            "high": "63.0603",
            "low": "63.0238",
            "close": "62.3968"
        },
        {
            "time": "17.08.2021 06:25",
            "open": "62.3968",
            "high": "62.3969",
            "low": "62.3968",
            "close": "62.4857"
        },
        {
            "time": "17.08.2021 06:28",
            "open": "62.4857",
            "high": "62.4857",
            "low": "62.4857",
            "close": "62.5409"
        },
        {
            "time": "17.08.2021 06:29",
            "open": "62.5409",
            "high": "62.541",
            "low": "62.5409",
            "close": "62.541"
        },
        {
            "time": "17.08.2021 06:37",
            "open": "62.541",
            "high": "62.541",
            "low": "62.541",
            "close": "62.6549"
        },
        {
            "time": "17.08.2021 06:39",
            "open": "62.6549",
            "high": "62.6549",
            "low": "62.6549",
            "close": "62.5119"
        },
        {
            "time": "17.08.2021 06:44",
            "open": "62.5119",
            "high": "62.5119",
            "low": "62.5119",
            "close": "62.5954"
        },
        {
            "time": "17.08.2021 06:47",
            "open": "62.5954",
            "high": "62.5954",
            "low": "62.5954",
            "close": "62.7857"
        },
        {
            "time": "17.08.2021 06:51",
            "open": "62.7857",
            "high": "62.798",
            "low": "62.7857",
            "close": "62.8067"
        },
        {
            "time": "17.08.2021 06:52",
            "open": "62.8067",
            "high": "62.8088",
            "low": "62.8044",
            "close": "62.648"
        },
        {
            "time": "17.08.2021 07:03",
            "open": "62.648",
            "high": "62.648",
            "low": "62.648",
            "close": "62.648"
        },
        {
            "time": "17.08.2021 07:04",
            "open": "62.648",
            "high": "62.648",
            "low": "62.648",
            "close": "62.5091"
        },
        {
            "time": "17.08.2021 07:08",
            "open": "62.5091",
            "high": "62.5091",
            "low": "62.5091",
            "close": "62.3494"
        },
        {
            "time": "17.08.2021 07:14",
            "open": "62.3494",
            "high": "62.3494",
            "low": "62.3494",
            "close": "62.0215"
        },
        {
            "time": "17.08.2021 07:15",
            "open": "62.0215",
            "high": "62.0215",
            "low": "61.8917",
            "close": "62.27"
        },
        {
            "time": "17.08.2021 07:19",
            "open": "62.27",
            "high": "62.27",
            "low": "62.27",
            "close": "62.3321"
        },
        {
            "time": "17.08.2021 07:21",
            "open": "62.3321",
            "high": "62.3942",
            "low": "62.3321",
            "close": "62.3892"
        },
        {
            "time": "17.08.2021 07:22",
            "open": "62.3892",
            "high": "62.3892",
            "low": "62.3892",
            "close": "62.4437"
        },
        {
            "time": "17.08.2021 07:25",
            "open": "62.4437",
            "high": "62.4563",
            "low": "62.4437",
            "close": "62.5184"
        },
        {
            "time": "17.08.2021 07:26",
            "open": "62.5184",
            "high": "62.5184",
            "low": "62.5184",
            "close": "62.244"
        },
        {
            "time": "17.08.2021 07:34",
            "open": "62.244",
            "high": "62.244",
            "low": "62.244",
            "close": "62.1554"
        },
        {
            "time": "17.08.2021 07:36",
            "open": "62.1554",
            "high": "62.1554",
            "low": "62.1554",
            "close": "62.3464"
        },
        {
            "time": "17.08.2021 07:39",
            "open": "62.3464",
            "high": "62.3464",
            "low": "62.3464",
            "close": "62.2891"
        },
        {
            "time": "17.08.2021 07:41",
            "open": "62.2891",
            "high": "62.2891",
            "low": "62.2891",
            "close": "62.2944"
        },
        {
            "time": "17.08.2021 07:43",
            "open": "62.2944",
            "high": "62.3091",
            "low": "62.2944",
            "close": "62.1013"
        },
        {
            "time": "17.08.2021 07:49",
            "open": "62.1013",
            "high": "62.134",
            "low": "62.1013",
            "close": "61.8941"
        },
        {
            "time": "17.08.2021 07:53",
            "open": "61.8941",
            "high": "61.8941",
            "low": "61.7884",
            "close": "61.6972"
        },
        {
            "time": "17.08.2021 08:11",
            "open": "61.6972",
            "high": "61.6972",
            "low": "61.6972",
            "close": "61.6523"
        },
        {
            "time": "17.08.2021 08:13",
            "open": "61.6523",
            "high": "61.6523",
            "low": "61.6523",
            "close": "61.7393"
        },
        {
            "time": "17.08.2021 08:22",
            "open": "61.7393",
            "high": "61.7393",
            "low": "61.7393",
            "close": "61.7168"
        },
        {
            "time": "17.08.2021 08:26",
            "open": "61.7168",
            "high": "61.7168",
            "low": "61.7168",
            "close": "61.8217"
        },
        {
            "time": "17.08.2021 08:29",
            "open": "61.8217",
            "high": "61.8217",
            "low": "61.81",
            "close": "61.858"
        },
        {
            "time": "17.08.2021 08:30",
            "open": "61.858",
            "high": "61.858",
            "low": "61.858",
            "close": "61.6798"
        },
        {
            "time": "17.08.2021 08:34",
            "open": "61.6798",
            "high": "61.6798",
            "low": "61.6798",
            "close": "61.7025"
        },
        {
            "time": "17.08.2021 08:40",
            "open": "61.7025",
            "high": "62.0089",
            "low": "61.6487",
            "close": "61.3499"
        },
        {
            "time": "17.08.2021 08:44",
            "open": "61.3499",
            "high": "61.3499",
            "low": "61.3499",
            "close": "61.4935"
        },
        {
            "time": "17.08.2021 08:45",
            "open": "61.4935",
            "high": "61.4935",
            "low": "61.4935",
            "close": "61.4646"
        },
        {
            "time": "17.08.2021 08:46",
            "open": "61.4646",
            "high": "61.4646",
            "low": "61.4646",
            "close": "61.4909"
        },
        {
            "time": "17.08.2021 08:47",
            "open": "61.4909",
            "high": "61.4909",
            "low": "61.4909",
            "close": "61.6402"
        },
        {
            "time": "17.08.2021 08:50",
            "open": "61.6402",
            "high": "61.6402",
            "low": "61.6402",
            "close": "61.5942"
        },
        {
            "time": "17.08.2021 08:51",
            "open": "61.5942",
            "high": "61.5942",
            "low": "61.5942",
            "close": "61.5686"
        },
        {
            "time": "17.08.2021 08:53",
            "open": "61.5686",
            "high": "61.5777",
            "low": "61.5686",
            "close": "61.6106"
        },
        {
            "time": "17.08.2021 08:54",
            "open": "61.6106",
            "high": "61.6106",
            "low": "61.6101",
            "close": "61.532"
        },
        {
            "time": "17.08.2021 08:58",
            "open": "61.532",
            "high": "61.532",
            "low": "61.4565",
            "close": "61.3971"
        },
        {
            "time": "17.08.2021 08:59",
            "open": "61.3971",
            "high": "61.3971",
            "low": "61.3736",
            "close": "61.491"
        },
        {
            "time": "17.08.2021 09:00",
            "open": "61.491",
            "high": "61.491",
            "low": "61.4039",
            "close": "61.2631"
        },
        {
            "time": "17.08.2021 09:03",
            "open": "61.2631",
            "high": "61.2631",
            "low": "61.247",
            "close": "61.1863"
        },
        {
            "time": "17.08.2021 09:10",
            "open": "61.1863",
            "high": "61.1863",
            "low": "61.1845",
            "close": "61.2679"
        },
        {
            "time": "17.08.2021 09:12",
            "open": "61.2679",
            "high": "61.2679",
            "low": "61.2585",
            "close": "61.4641"
        },
        {
            "time": "17.08.2021 09:13",
            "open": "61.4641",
            "high": "61.4641",
            "low": "61.4641",
            "close": "61.7015"
        },
        {
            "time": "17.08.2021 09:20",
            "open": "61.7015",
            "high": "61.7015",
            "low": "61.7015",
            "close": "61.4"
        },
        {
            "time": "17.08.2021 09:22",
            "open": "61.4",
            "high": "61.5029",
            "low": "61.4",
            "close": "61.5356"
        },
        {
            "time": "17.08.2021 09:23",
            "open": "61.5356",
            "high": "61.5356",
            "low": "61.5356",
            "close": "61.5507"
        },
        {
            "time": "17.08.2021 09:27",
            "open": "61.5507",
            "high": "61.5507",
            "low": "61.5507",
            "close": "61.6889"
        },
        {
            "time": "17.08.2021 09:35",
            "open": "61.6889",
            "high": "61.6889",
            "low": "61.6639",
            "close": "61.4834"
        },
        {
            "time": "17.08.2021 09:39",
            "open": "61.4834",
            "high": "61.4834",
            "low": "61.4834",
            "close": "61.6381"
        },
        {
            "time": "17.08.2021 09:41",
            "open": "61.6381",
            "high": "61.7172",
            "low": "61.6381",
            "close": "61.6902"
        },
        {
            "time": "17.08.2021 09:43",
            "open": "61.6902",
            "high": "61.6902",
            "low": "61.6902",
            "close": "61.7999"
        },
        {
            "time": "17.08.2021 09:45",
            "open": "61.7999",
            "high": "61.7999",
            "low": "61.7999",
            "close": "61.8008"
        },
        {
            "time": "17.08.2021 09:46",
            "open": "61.8008",
            "high": "61.8008",
            "low": "61.7876",
            "close": "61.7185"
        },
        {
            "time": "17.08.2021 09:51",
            "open": "61.7185",
            "high": "61.7185",
            "low": "61.7036",
            "close": "61.8627"
        },
        {
            "time": "17.08.2021 09:59",
            "open": "61.8627",
            "high": "61.8627",
            "low": "61.8627",
            "close": "61.8627"
        },
        {
            "time": "17.08.2021 10:00",
            "open": "61.8627",
            "high": "61.8627",
            "low": "61.8627",
            "close": "62.0316"
        },
        {
            "time": "17.08.2021 10:04",
            "open": "62.0316",
            "high": "62.0316",
            "low": "62.0316",
            "close": "62.1003"
        },
        {
            "time": "17.08.2021 10:09",
            "open": "62.1003",
            "high": "62.1003",
            "low": "62.1003",
            "close": "62.0176"
        },
        {
            "time": "17.08.2021 10:20",
            "open": "62.0176",
            "high": "62.0315",
            "low": "62.0176",
            "close": "62.1985"
        },
        {
            "time": "17.08.2021 10:24",
            "open": "62.1985",
            "high": "62.1985",
            "low": "62.1985",
            "close": "62.1632"
        },
        {
            "time": "17.08.2021 10:25",
            "open": "62.1632",
            "high": "62.1632",
            "low": "62.1511",
            "close": "62.241"
        },
        {
            "time": "17.08.2021 10:26",
            "open": "62.241",
            "high": "62.255",
            "low": "62.215",
            "close": "62.2078"
        },
        {
            "time": "17.08.2021 10:29",
            "open": "62.2078",
            "high": "62.2078",
            "low": "62.2077",
            "close": "62.1415"
        },
        {
            "time": "17.08.2021 10:31",
            "open": "62.1415",
            "high": "62.1416",
            "low": "62.1415",
            "close": "62.2464"
        },
        {
            "time": "17.08.2021 10:35",
            "open": "62.2464",
            "high": "62.2464",
            "low": "62.2464",
            "close": "62.3375"
        },
        {
            "time": "17.08.2021 10:40",
            "open": "62.3375",
            "high": "62.3511",
            "low": "62.3375",
            "close": "62.1156"
        },
        {
            "time": "17.08.2021 10:53",
            "open": "62.1156",
            "high": "62.1156",
            "low": "62.1156",
            "close": "62.282"
        },
        {
            "time": "17.08.2021 11:12",
            "open": "62.282",
            "high": "62.282",
            "low": "62.282",
            "close": "62.4081"
        },
        {
            "time": "17.08.2021 11:16",
            "open": "62.4081",
            "high": "62.4081",
            "low": "62.4081",
            "close": "62.5119"
        },
        {
            "time": "17.08.2021 11:24",
            "open": "62.5119",
            "high": "62.638",
            "low": "62.5119",
            "close": "62.6393"
        },
        {
            "time": "17.08.2021 11:25",
            "open": "62.6393",
            "high": "62.693",
            "low": "62.6393",
            "close": "62.7499"
        },
        {
            "time": "17.08.2021 11:26",
            "open": "62.7499",
            "high": "62.8057",
            "low": "62.7499",
            "close": "62.6341"
        },
        {
            "time": "17.08.2021 11:28",
            "open": "62.6341",
            "high": "62.6341",
            "low": "62.6341",
            "close": "62.7906"
        },
        {
            "time": "17.08.2021 11:33",
            "open": "62.7906",
            "high": "62.7906",
            "low": "62.7906",
            "close": "62.8191"
        },
        {
            "time": "17.08.2021 11:36",
            "open": "62.8191",
            "high": "62.8191",
            "low": "62.8191",
            "close": "62.75"
        },
        {
            "time": "17.08.2021 11:37",
            "open": "62.75",
            "high": "62.7619",
            "low": "62.75",
            "close": "62.8086"
        },
        {
            "time": "17.08.2021 11:39",
            "open": "62.8086",
            "high": "62.8086",
            "low": "62.8086",
            "close": "62.7704"
        },
        {
            "time": "17.08.2021 11:40",
            "open": "62.7704",
            "high": "62.7704",
            "low": "62.7704",
            "close": "62.7901"
        },
        {
            "time": "17.08.2021 11:41",
            "open": "62.7901",
            "high": "62.7901",
            "low": "62.7901",
            "close": "62.7032"
        },
        {
            "time": "17.08.2021 11:47",
            "open": "62.7032",
            "high": "62.7191",
            "low": "62.7032",
            "close": "62.6597"
        },
        {
            "time": "17.08.2021 11:50",
            "open": "62.6597",
            "high": "62.7841",
            "low": "62.6597",
            "close": "62.7568"
        },
        {
            "time": "17.08.2021 11:51",
            "open": "62.7568",
            "high": "62.7568",
            "low": "62.7567",
            "close": "62.899"
        },
        {
            "time": "17.08.2021 11:55",
            "open": "62.899",
            "high": "62.899",
            "low": "62.899",
            "close": "62.899"
        },
        {
            "time": "17.08.2021 11:57",
            "open": "62.899",
            "high": "62.899",
            "low": "62.899",
            "close": "62.9133"
        },
        {
            "time": "17.08.2021 12:00",
            "open": "62.9133",
            "high": "62.9133",
            "low": "62.9133",
            "close": "62.9617"
        },
        {
            "time": "17.08.2021 12:02",
            "open": "62.9617",
            "high": "62.9617",
            "low": "62.958",
            "close": "62.9616"
        },
        {
            "time": "17.08.2021 12:04",
            "open": "62.9616",
            "high": "62.9616",
            "low": "62.9616",
            "close": "62.9617"
        },
        {
            "time": "17.08.2021 12:05",
            "open": "63.0245",
            "high": "63.0245",
            "low": "63.0245",
            "close": "62.8526"
        },
        {
            "time": "17.08.2021 12:15",
            "open": "62.8526",
            "high": "62.8526",
            "low": "62.8526",
            "close": "62.8431"
        },
        {
            "time": "17.08.2021 12:17",
            "open": "62.8431",
            "high": "62.8431",
            "low": "62.8431",
            "close": "62.7687"
        },
        {
            "time": "17.08.2021 12:19",
            "open": "62.7687",
            "high": "62.7687",
            "low": "62.7687",
            "close": "62.818"
        },
        {
            "time": "17.08.2021 12:20",
            "open": "62.818",
            "high": "62.8423",
            "low": "62.818",
            "close": "62.9921"
        },
        {
            "time": "17.08.2021 12:22",
            "open": "62.9921",
            "high": "63.1945",
            "low": "62.9921",
            "close": "63.1798"
        },
        {
            "time": "17.08.2021 12:23",
            "open": "63.1798",
            "high": "63.1798",
            "low": "63.1798",
            "close": "63.3441"
        },
        {
            "time": "17.08.2021 12:24",
            "open": "63.3441",
            "high": "63.4038",
            "low": "63.3207",
            "close": "63.3704"
        },
        {
            "time": "17.08.2021 12:25",
            "open": "63.3704",
            "high": "63.3704",
            "low": "63.3704",
            "close": "63.4327"
        },
        {
            "time": "17.08.2021 12:26",
            "open": "63.4327",
            "high": "63.4327",
            "low": "63.4327",
            "close": "63.2865"
        },
        {
            "time": "17.08.2021 12:29",
            "open": "63.2865",
            "high": "63.2865",
            "low": "63.2613",
            "close": "63.1927"
        },
        {
            "time": "17.08.2021 12:30",
            "open": "63.1927",
            "high": "63.1927",
            "low": "63.1927",
            "close": "63.3949"
        },
        {
            "time": "17.08.2021 12:31",
            "open": "63.3949",
            "high": "63.3949",
            "low": "63.3949",
            "close": "63.2011"
        },
        {
            "time": "17.08.2021 12:32",
            "open": "63.2011",
            "high": "63.2011",
            "low": "63.2011",
            "close": "63.2246"
        },
        {
            "time": "17.08.2021 12:34",
            "open": "63.2246",
            "high": "63.2246",
            "low": "63.2246",
            "close": "63.0794"
        },
        {
            "time": "17.08.2021 12:38",
            "open": "63.0794",
            "high": "63.0794",
            "low": "63.0232",
            "close": "62.9684"
        },
        {
            "time": "17.08.2021 12:40",
            "open": "62.9684",
            "high": "62.9684",
            "low": "62.9684",
            "close": "63.043"
        },
        {
            "time": "17.08.2021 12:43",
            "open": "63.043",
            "high": "63.043",
            "low": "62.9009",
            "close": "63.0228"
        },
        {
            "time": "17.08.2021 12:45",
            "open": "63.0228",
            "high": "63.0228",
            "low": "63.0228",
            "close": "63.013"
        },
        {
            "time": "17.08.2021 12:49",
            "open": "63.013",
            "high": "63.013",
            "low": "62.9078",
            "close": "62.7583"
        },
        {
            "time": "17.08.2021 12:50",
            "open": "62.7583",
            "high": "62.7583",
            "low": "62.6857",
            "close": "62.7437"
        },
        {
            "time": "17.08.2021 12:51",
            "open": "62.7437",
            "high": "62.75",
            "low": "62.7437",
            "close": "62.8487"
        },
        {
            "time": "17.08.2021 12:53",
            "open": "62.8487",
            "high": "62.8487",
            "low": "62.8487",
            "close": "62.8096"
        },
        {
            "time": "17.08.2021 12:54",
            "open": "62.8096",
            "high": "62.8548",
            "low": "62.8096",
            "close": "62.762"
        },
        {
            "time": "17.08.2021 12:55",
            "open": "62.762",
            "high": "62.762",
            "low": "62.762",
            "close": "62.6"
        },
        {
            "time": "17.08.2021 12:56",
            "open": "62.6",
            "high": "62.6",
            "low": "62.5997",
            "close": "62.9665"
        },
        {
            "time": "17.08.2021 13:04",
            "open": "62.9665",
            "high": "62.9665",
            "low": "62.9665",
            "close": "62.8082"
        },
        {
            "time": "17.08.2021 13:08",
            "open": "62.8046",
            "high": "62.8046",
            "low": "62.8046",
            "close": "62.8615"
        },
        {
            "time": "17.08.2021 13:15",
            "open": "62.8615",
            "high": "62.8615",
            "low": "62.8615",
            "close": "62.8615"
        },
        {
            "time": "17.08.2021 13:16",
            "open": "62.8615",
            "high": "62.8615",
            "low": "62.8615",
            "close": "62.8379"
        },
        {
            "time": "17.08.2021 13:17",
            "open": "62.8379",
            "high": "62.8379",
            "low": "62.8379",
            "close": "62.7425"
        },
        {
            "time": "17.08.2021 13:19",
            "open": "62.7425",
            "high": "62.7425",
            "low": "62.7425",
            "close": "62.8379"
        },
        {
            "time": "17.08.2021 13:22",
            "open": "62.8379",
            "high": "62.8379",
            "low": "62.8379",
            "close": "62.8615"
        },
        {
            "time": "17.08.2021 13:23",
            "open": "62.8615",
            "high": "62.8677",
            "low": "62.8615",
            "close": "62.8288"
        },
        {
            "time": "17.08.2021 13:24",
            "open": "62.8288",
            "high": "62.8288",
            "low": "62.8288",
            "close": "62.9323"
        },
        {
            "time": "17.08.2021 13:27",
            "open": "62.9323",
            "high": "62.9323",
            "low": "62.9323",
            "close": "63.1036"
        },
        {
            "time": "17.08.2021 13:33",
            "open": "63.1036",
            "high": "63.2094",
            "low": "63.1036",
            "close": "63.1546"
        },
        {
            "time": "17.08.2021 13:34",
            "open": "63.1546",
            "high": "63.1546",
            "low": "63.1546",
            "close": "63.1546"
        },
        {
            "time": "17.08.2021 13:35",
            "open": "63.1546",
            "high": "63.1546",
            "low": "63.1546",
            "close": "63.3384"
        },
        {
            "time": "17.08.2021 13:38",
            "open": "63.3384",
            "high": "63.4",
            "low": "63.3384",
            "close": "63.3151"
        },
        {
            "time": "17.08.2021 13:39",
            "open": "63.3151",
            "high": "63.3151",
            "low": "63.2953",
            "close": "63.1936"
        },
        {
            "time": "17.08.2021 13:40",
            "open": "63.1936",
            "high": "63.1936",
            "low": "63.1936",
            "close": "63.3137"
        },
        {
            "time": "17.08.2021 13:44",
            "open": "63.3137",
            "high": "63.3203",
            "low": "63.3137",
            "close": "63.4671"
        },
        {
            "time": "17.08.2021 13:45",
            "open": "63.4671",
            "high": "63.4671",
            "low": "63.4033",
            "close": "63.4445"
        },
        {
            "time": "17.08.2021 13:46",
            "open": "63.4445",
            "high": "63.4445",
            "low": "63.3684",
            "close": "63.2087"
        },
        {
            "time": "17.08.2021 13:50",
            "open": "63.2087",
            "high": "63.2087",
            "low": "63.2087",
            "close": "62.9692"
        },
        {
            "time": "17.08.2021 13:56",
            "open": "62.9692",
            "high": "62.9692",
            "low": "62.9692",
            "close": "63.0389"
        },
        {
            "time": "17.08.2021 13:57",
            "open": "63.0389",
            "high": "63.0389",
            "low": "63.0378",
            "close": "63.1939"
        },
        {
            "time": "17.08.2021 14:03",
            "open": "63.1939",
            "high": "63.1939",
            "low": "63.1939",
            "close": "63.0927"
        },
        {
            "time": "17.08.2021 14:04",
            "open": "63.0927",
            "high": "63.0927",
            "low": "63.0378",
            "close": "63.1221"
        },
        {
            "time": "17.08.2021 14:05",
            "open": "63.1221",
            "high": "63.1221",
            "low": "63.1221",
            "close": "63.2859"
        },
        {
            "time": "17.08.2021 14:12",
            "open": "63.2859",
            "high": "63.2859",
            "low": "63.2859",
            "close": "63.142"
        },
        {
            "time": "17.08.2021 14:17",
            "open": "63.142",
            "high": "63.142",
            "low": "63.1248",
            "close": "63.167"
        },
        {
            "time": "17.08.2021 14:21",
            "open": "63.167",
            "high": "63.167",
            "low": "63.167",
            "close": "63.2486"
        },
        {
            "time": "17.08.2021 14:22",
            "open": "63.2486",
            "high": "63.2486",
            "low": "63.2486",
            "close": "63.1709"
        },
        {
            "time": "17.08.2021 14:32",
            "open": "63.1709",
            "high": "63.1709",
            "low": "63.1709",
            "close": "62.9947"
        },
        {
            "time": "17.08.2021 14:36",
            "open": "62.9947",
            "high": "62.9947",
            "low": "62.5875",
            "close": "62.7821"
        },
        {
            "time": "17.08.2021 14:37",
            "open": "62.7821",
            "high": "62.7821",
            "low": "62.7821",
            "close": "62.7023"
        },
        {
            "time": "17.08.2021 14:38",
            "open": "62.7023",
            "high": "62.7035",
            "low": "62.7023",
            "close": "62.8163"
        },
        {
            "time": "17.08.2021 14:41",
            "open": "62.8163",
            "high": "62.8163",
            "low": "62.8163",
            "close": "62.909"
        },
        {
            "time": "17.08.2021 14:43",
            "open": "62.909",
            "high": "62.9091",
            "low": "62.909",
            "close": "62.9384"
        },
        {
            "time": "17.08.2021 14:46",
            "open": "62.9384",
            "high": "62.9699",
            "low": "62.9384",
            "close": "62.6572"
        },
        {
            "time": "17.08.2021 14:48",
            "open": "62.6572",
            "high": "62.6572",
            "low": "62.6572",
            "close": "62.6428"
        },
        {
            "time": "17.08.2021 14:49",
            "open": "62.6428",
            "high": "62.6428",
            "low": "62.6428",
            "close": "62.6295"
        },
        {
            "time": "17.08.2021 14:50",
            "open": "62.6295",
            "high": "62.6295",
            "low": "62.6295",
            "close": "62.5955"
        },
        {
            "time": "17.08.2021 14:51",
            "open": "62.5955",
            "high": "62.5955",
            "low": "62.5955",
            "close": "62.7606"
        },
        {
            "time": "17.08.2021 15:00",
            "open": "62.7606",
            "high": "62.7606",
            "low": "62.7606",
            "close": "62.8688"
        },
        {
            "time": "17.08.2021 15:01",
            "open": "62.8688",
            "high": "62.8688",
            "low": "62.8596",
            "close": "62.8139"
        },
        {
            "time": "17.08.2021 15:03",
            "open": "62.8139",
            "high": "62.8449",
            "low": "62.8139",
            "close": "62.8449"
        },
        {
            "time": "17.08.2021 15:04",
            "open": "62.8449",
            "high": "62.8449",
            "low": "62.8449",
            "close": "62.8612"
        },
        {
            "time": "17.08.2021 15:05",
            "open": "62.8612",
            "high": "62.8612",
            "low": "62.8612",
            "close": "62.9162"
        },
        {
            "time": "17.08.2021 15:08",
            "open": "62.9162",
            "high": "62.9162",
            "low": "62.9162",
            "close": "62.3194"
        },
        {
            "time": "17.08.2021 15:14",
            "open": "62.3194",
            "high": "62.3827",
            "low": "62.3123",
            "close": "62.4887"
        },
        {
            "time": "17.08.2021 15:15",
            "open": "62.4887",
            "high": "62.4887",
            "low": "62.4887",
            "close": "62.3336"
        },
        {
            "time": "17.08.2021 15:19",
            "open": "62.3336",
            "high": "62.3336",
            "low": "62.3336",
            "close": "62.48"
        },
        {
            "time": "17.08.2021 15:20",
            "open": "62.48",
            "high": "62.5237",
            "low": "62.48",
            "close": "62.3701"
        },
        {
            "time": "17.08.2021 15:21",
            "open": "62.3701",
            "high": "62.3701",
            "low": "62.3701",
            "close": "62.5169"
        },
        {
            "time": "17.08.2021 15:26",
            "open": "62.5169",
            "high": "62.5169",
            "low": "62.5169",
            "close": "62.6434"
        },
        {
            "time": "17.08.2021 15:30",
            "open": "62.6434",
            "high": "62.6434",
            "low": "62.6434",
            "close": "62.6308"
        },
        {
            "time": "17.08.2021 15:34",
            "open": "62.6308",
            "high": "62.6308",
            "low": "62.6308",
            "close": "62.6175"
        },
        {
            "time": "17.08.2021 15:35",
            "open": "62.6175",
            "high": "62.6175",
            "low": "62.6175",
            "close": "62.6979"
        },
        {
            "time": "17.08.2021 15:38",
            "open": "62.6979",
            "high": "62.7234",
            "low": "62.6979",
            "close": "62.9219"
        },
        {
            "time": "17.08.2021 15:45",
            "open": "62.9219",
            "high": "62.9219",
            "low": "62.9219",
            "close": "62.8165"
        },
        {
            "time": "17.08.2021 15:50",
            "open": "62.8165",
            "high": "62.8166",
            "low": "62.7611",
            "close": "62.7557"
        },
        {
            "time": "17.08.2021 15:52",
            "open": "62.7557",
            "high": "62.7557",
            "low": "62.7557",
            "close": "62.745"
        },
        {
            "time": "17.08.2021 16:04",
            "open": "62.745",
            "high": "62.745",
            "low": "62.745",
            "close": "62.6519"
        },
        {
            "time": "17.08.2021 16:07",
            "open": "62.6519",
            "high": "62.6519",
            "low": "62.6519",
            "close": "62.4246"
        },
        {
            "time": "17.08.2021 16:12",
            "open": "62.4246",
            "high": "62.4246",
            "low": "62.4246",
            "close": "62.3778"
        },
        {
            "time": "17.08.2021 16:13",
            "open": "62.3778",
            "high": "62.3778",
            "low": "62.3778",
            "close": "62.4597"
        },
        {
            "time": "17.08.2021 16:21",
            "open": "62.4597",
            "high": "62.5502",
            "low": "62.4515",
            "close": "62.5271"
        },
        {
            "time": "17.08.2021 16:22",
            "open": "62.5271",
            "high": "62.5271",
            "low": "62.5271",
            "close": "62.543"
        },
        {
            "time": "17.08.2021 16:23",
            "open": "62.543",
            "high": "62.543",
            "low": "62.543",
            "close": "62.5672"
        },
        {
            "time": "17.08.2021 16:25",
            "open": "62.5672",
            "high": "62.5672",
            "low": "62.5165",
            "close": "62.4362"
        },
        {
            "time": "17.08.2021 16:26",
            "open": "62.4362",
            "high": "62.4362",
            "low": "62.4356",
            "close": "62.2942"
        },
        {
            "time": "17.08.2021 16:27",
            "open": "62.2942",
            "high": "62.2942",
            "low": "62.1255",
            "close": "62"
        },
        {
            "time": "17.08.2021 16:28",
            "open": "62",
            "high": "62.1099",
            "low": "62",
            "close": "62.1866"
        },
        {
            "time": "17.08.2021 16:30",
            "open": "62.1866",
            "high": "62.1866",
            "low": "62.1866",
            "close": "62.2092"
        },
        {
            "time": "17.08.2021 16:33",
            "open": "62.2092",
            "high": "62.2366",
            "low": "62.2092",
            "close": "62.2255"
        },
        {
            "time": "17.08.2021 16:34",
            "open": "62.2255",
            "high": "62.2255",
            "low": "62.1653",
            "close": "62.2555"
        },
        {
            "time": "17.08.2021 16:36",
            "open": "62.2555",
            "high": "62.2555",
            "low": "62.2555",
            "close": "62.3289"
        },
        {
            "time": "17.08.2021 16:37",
            "open": "62.3289",
            "high": "62.3289",
            "low": "62.3289",
            "close": "62.3356"
        },
        {
            "time": "17.08.2021 16:39",
            "open": "62.3356",
            "high": "62.3356",
            "low": "62.2253",
            "close": "62.2869"
        },
        {
            "time": "17.08.2021 16:43",
            "open": "62.2869",
            "high": "62.3954",
            "low": "62.2869",
            "close": "62.1685"
        },
        {
            "time": "17.08.2021 16:44",
            "open": "62.1685",
            "high": "62.1685",
            "low": "62.1685",
            "close": "62.3762"
        },
        {
            "time": "17.08.2021 16:45",
            "open": "62.3762",
            "high": "62.3866",
            "low": "62.3762",
            "close": "62.4102"
        },
        {
            "time": "17.08.2021 16:46",
            "open": "62.4102",
            "high": "62.4102",
            "low": "62.4102",
            "close": "62.3547"
        },
        {
            "time": "17.08.2021 16:47",
            "open": "62.3547",
            "high": "62.3547",
            "low": "62.3547",
            "close": "62.5509"
        },
        {
            "time": "17.08.2021 16:49",
            "open": "62.5509",
            "high": "62.5509",
            "low": "62.5509",
            "close": "62.4096"
        },
        {
            "time": "17.08.2021 16:53",
            "open": "62.4096",
            "high": "62.4096",
            "low": "62.4096",
            "close": "62.4139"
        },
        {
            "time": "17.08.2021 16:57",
            "open": "62.4139",
            "high": "62.4139",
            "low": "62.2856",
            "close": "62.5086"
        },
        {
            "time": "17.08.2021 17:05",
            "open": "62.5086",
            "high": "62.55",
            "low": "62.5086",
            "close": "62.4919"
        },
        {
            "time": "17.08.2021 17:06",
            "open": "62.4919",
            "high": "62.5005",
            "low": "62.4247",
            "close": "62.2188"
        },
        {
            "time": "17.08.2021 17:11",
            "open": "62.2188",
            "high": "62.2188",
            "low": "62.2188",
            "close": "62.0338"
        },
        {
            "time": "17.08.2021 17:13",
            "open": "62.0338",
            "high": "62.0338",
            "low": "61.9539",
            "close": "62.1443"
        },
        {
            "time": "17.08.2021 17:14",
            "open": "62.1443",
            "high": "62.1443",
            "low": "62.1443",
            "close": "62.143"
        },
        {
            "time": "17.08.2021 17:17",
            "open": "62.143",
            "high": "62.143",
            "low": "62.143",
            "close": "61.9815"
        },
        {
            "time": "17.08.2021 17:21",
            "open": "61.9815",
            "high": "61.9815",
            "low": "61.9815",
            "close": "62"
        },
        {
            "time": "17.08.2021 17:27",
            "open": "62",
            "high": "62",
            "low": "62",
            "close": "62.05"
        },
        {
            "time": "17.08.2021 17:29",
            "open": "62.05",
            "high": "62.05",
            "low": "62.05",
            "close": "62.05"
        },
        {
            "time": "17.08.2021 17:30",
            "open": "62.05",
            "high": "62.05",
            "low": "62.05",
            "close": "62.15"
        },
        {
            "time": "17.08.2021 17:31",
            "open": "62.15",
            "high": "62.15",
            "low": "62.15",
            "close": "62.0952"
        },
        {
            "time": "17.08.2021 17:32",
            "open": "62.0952",
            "high": "62.0952",
            "low": "62.0952",
            "close": "61.8697"
        },
        {
            "time": "17.08.2021 17:36",
            "open": "61.8697",
            "high": "61.8697",
            "low": "61.8697",
            "close": "62.0091"
        },
        {
            "time": "17.08.2021 17:37",
            "open": "62.0091",
            "high": "62.4417",
            "low": "62.0091",
            "close": "62.4283"
        },
        {
            "time": "17.08.2021 17:38",
            "open": "62.4283",
            "high": "62.4283",
            "low": "62.4283",
            "close": "62.1684"
        },
        {
            "time": "17.08.2021 17:42",
            "open": "62.1684",
            "high": "62.1684",
            "low": "62.1684",
            "close": "62.0754"
        },
        {
            "time": "17.08.2021 17:43",
            "open": "62.0754",
            "high": "62.0754",
            "low": "61.9796",
            "close": "62.0207"
        },
        {
            "time": "17.08.2021 17:45",
            "open": "62.0207",
            "high": "62.0207",
            "low": "62.0207",
            "close": "61.9807"
        },
        {
            "time": "17.08.2021 17:46",
            "open": "61.9807",
            "high": "62.2249",
            "low": "61.9807",
            "close": "62.2062"
        },
        {
            "time": "17.08.2021 17:48",
            "open": "62.2062",
            "high": "62.2062",
            "low": "62.1763",
            "close": "62.1988"
        },
        {
            "time": "17.08.2021 17:50",
            "open": "62.1988",
            "high": "62.3324",
            "low": "62.1988",
            "close": "62.2156"
        },
        {
            "time": "17.08.2021 17:54",
            "open": "62.2156",
            "high": "62.2156",
            "low": "62.1864",
            "close": "62.148"
        },
        {
            "time": "17.08.2021 17:55",
            "open": "62.148",
            "high": "62.148",
            "low": "62.148",
            "close": "62.02"
        },
        {
            "time": "17.08.2021 17:57",
            "open": "62.02",
            "high": "62.02",
            "low": "62.02",
            "close": "61.9148"
        },
        {
            "time": "17.08.2021 17:58",
            "open": "61.9148",
            "high": "62.0217",
            "low": "61.9148",
            "close": "61.9294"
        },
        {
            "time": "17.08.2021 18:00",
            "open": "61.9294",
            "high": "61.9294",
            "low": "61.9294",
            "close": "61.9355"
        },
        {
            "time": "17.08.2021 18:04",
            "open": "61.9355",
            "high": "61.9355",
            "low": "61.8097",
            "close": "62.5027"
        },
        {
            "time": "17.08.2021 18:06",
            "open": "62.5027",
            "high": "62.6891",
            "low": "62.4826",
            "close": "62.5419"
        },
        {
            "time": "17.08.2021 18:09",
            "open": "62.5419",
            "high": "62.5419",
            "low": "62.4445",
            "close": "62.4669"
        },
        {
            "time": "17.08.2021 18:11",
            "open": "62.4669",
            "high": "62.4669",
            "low": "62.4669",
            "close": "62.5318"
        },
        {
            "time": "17.08.2021 18:19",
            "open": "62.5318",
            "high": "62.5318",
            "low": "62.5318",
            "close": "62.503"
        },
        {
            "time": "17.08.2021 18:20",
            "open": "62.503",
            "high": "62.503",
            "low": "62.4583",
            "close": "62.522"
        },
        {
            "time": "17.08.2021 18:21",
            "open": "62.522",
            "high": "62.522",
            "low": "62.522",
            "close": "62.5981"
        },
        {
            "time": "17.08.2021 18:24",
            "open": "62.5981",
            "high": "62.5981",
            "low": "62.5981",
            "close": "62.4762"
        },
        {
            "time": "17.08.2021 18:27",
            "open": "62.4762",
            "high": "62.4762",
            "low": "62.4059",
            "close": "62.496"
        },
        {
            "time": "17.08.2021 18:33",
            "open": "62.496",
            "high": "62.496",
            "low": "62.496",
            "close": "62.599"
        },
        {
            "time": "17.08.2021 18:34",
            "open": "62.599",
            "high": "62.599",
            "low": "62.599",
            "close": "62.4608"
        },
        {
            "time": "17.08.2021 18:35",
            "open": "62.4608",
            "high": "62.4608",
            "low": "62.4608",
            "close": "62.3988"
        },
        {
            "time": "17.08.2021 18:37",
            "open": "62.3988",
            "high": "62.3988",
            "low": "62.3988",
            "close": "62.3486"
        },
        {
            "time": "17.08.2021 18:43",
            "open": "62.3486",
            "high": "62.3486",
            "low": "62.3085",
            "close": "62.1123"
        },
        {
            "time": "17.08.2021 18:44",
            "open": "62.1123",
            "high": "62.1123",
            "low": "62.1123",
            "close": "62.1348"
        },
        {
            "time": "17.08.2021 18:53",
            "open": "62.1348",
            "high": "62.1348",
            "low": "62.0696",
            "close": "62"
        },
        {
            "time": "17.08.2021 18:59",
            "open": "62",
            "high": "62",
            "low": "62",
            "close": "62.2071"
        },
        {
            "time": "17.08.2021 19:05",
            "open": "62.2071",
            "high": "62.2071",
            "low": "62.2071",
            "close": "61.9307"
        },
        {
            "time": "17.08.2021 19:12",
            "open": "61.9307",
            "high": "61.9307",
            "low": "61.9307",
            "close": "61.8938"
        },
        {
            "time": "17.08.2021 19:19",
            "open": "61.8938",
            "high": "61.8938",
            "low": "61.8938",
            "close": "61.9657"
        },
        {
            "time": "17.08.2021 19:21",
            "open": "61.9657",
            "high": "61.9657",
            "low": "61.9657",
            "close": "61.9274"
        },
        {
            "time": "17.08.2021 19:26",
            "open": "61.9274",
            "high": "61.9274",
            "low": "61.8944",
            "close": "61.9657"
        },
        {
            "time": "17.08.2021 19:28",
            "open": "61.9657",
            "high": "61.9657",
            "low": "61.9657",
            "close": "61.9447"
        },
        {
            "time": "17.08.2021 19:30",
            "open": "61.9447",
            "high": "61.9447",
            "low": "61.9447",
            "close": "61.9267"
        },
        {
            "time": "17.08.2021 19:33",
            "open": "61.9267",
            "high": "61.9267",
            "low": "61.9267",
            "close": "62.246"
        },
        {
            "time": "17.08.2021 19:44",
            "open": "62.246",
            "high": "62.2472",
            "low": "62.246",
            "close": "62.0918"
        },
        {
            "time": "17.08.2021 19:48",
            "open": "62.0918",
            "high": "62.0918",
            "low": "62.0918",
            "close": "62.32"
        },
        {
            "time": "17.08.2021 19:49",
            "open": "62.32",
            "high": "62.32",
            "low": "62.32",
            "close": "62.2502"
        },
        {
            "time": "17.08.2021 19:50",
            "open": "62.2502",
            "high": "62.2502",
            "low": "62.2502",
            "close": "62.3059"
        },
        {
            "time": "17.08.2021 19:53",
            "open": "62.3059",
            "high": "62.3059",
            "low": "62.3059",
            "close": "62.1835"
        },
        {
            "time": "17.08.2021 19:57",
            "open": "62.1835",
            "high": "62.1835",
            "low": "62.1835",
            "close": "62.1589"
        },
        {
            "time": "17.08.2021 19:58",
            "open": "62.1589",
            "high": "62.1589",
            "low": "62.1589",
            "close": "62.2991"
        },
        {
            "time": "17.08.2021 20:05",
            "open": "62.2991",
            "high": "62.2991",
            "low": "62.2991",
            "close": "62.5691"
        },
        {
            "time": "17.08.2021 20:09",
            "open": "62.5691",
            "high": "62.5691",
            "low": "62.5691",
            "close": "62.5934"
        },
        {
            "time": "17.08.2021 20:10",
            "open": "62.5934",
            "high": "62.5934",
            "low": "62.5933",
            "close": "62.6193"
        },
        {
            "time": "17.08.2021 20:11",
            "open": "62.6193",
            "high": "62.6193",
            "low": "62.6193",
            "close": "62.6038"
        },
        {
            "time": "17.08.2021 20:15",
            "open": "62.6038",
            "high": "62.6038",
            "low": "62.6038",
            "close": "62.6714"
        },
        {
            "time": "17.08.2021 20:16",
            "open": "62.6714",
            "high": "62.6714",
            "low": "62.5986",
            "close": "62.8257"
        },
        {
            "time": "17.08.2021 20:29",
            "open": "62.8257",
            "high": "62.8257",
            "low": "62.8257",
            "close": "62.6715"
        },
        {
            "time": "17.08.2021 20:31",
            "open": "62.6715",
            "high": "62.6715",
            "low": "62.6715",
            "close": "62.7694"
        },
        {
            "time": "17.08.2021 20:33",
            "open": "62.7694",
            "high": "62.9283",
            "low": "62.7694",
            "close": "62.5456"
        },
        {
            "time": "17.08.2021 20:39",
            "open": "62.5456",
            "high": "62.5456",
            "low": "62.5392",
            "close": "62.4166"
        },
        {
            "time": "17.08.2021 20:41",
            "open": "62.4166",
            "high": "62.4166",
            "low": "62.4166",
            "close": "62.3236"
        },
        {
            "time": "17.08.2021 20:50",
            "open": "62.3236",
            "high": "62.3538",
            "low": "62.3236",
            "close": "62.478"
        },
        {
            "time": "17.08.2021 20:55",
            "open": "62.478",
            "high": "62.478",
            "low": "62.478",
            "close": "62.4232"
        },
        {
            "time": "17.08.2021 20:56",
            "open": "62.4232",
            "high": "62.4232",
            "low": "62.4232",
            "close": "62.1404"
        },
        {
            "time": "17.08.2021 21:06",
            "open": "62.1404",
            "high": "62.1552",
            "low": "62.0579",
            "close": "62.1041"
        },
        {
            "time": "17.08.2021 21:07",
            "open": "62.1041",
            "high": "62.1041",
            "low": "62.1041",
            "close": "62.0042"
        },
        {
            "time": "17.08.2021 21:20",
            "open": "62.0042",
            "high": "62.0043",
            "low": "62.0042",
            "close": "62.008"
        },
        {
            "time": "17.08.2021 21:25",
            "open": "62.008",
            "high": "62.008",
            "low": "62.008",
            "close": "61.9858"
        },
        {
            "time": "17.08.2021 21:35",
            "open": "61.9858",
            "high": "61.9858",
            "low": "61.9858",
            "close": "61.8851"
        },
        {
            "time": "17.08.2021 21:36",
            "open": "61.8851",
            "high": "61.8851",
            "low": "61.8851",
            "close": "62.0431"
        },
        {
            "time": "17.08.2021 21:38",
            "open": "62.0431",
            "high": "62.0431",
            "low": "62.0431",
            "close": "62.1224"
        },
        {
            "time": "17.08.2021 21:41",
            "open": "62.1224",
            "high": "62.1224",
            "low": "62.1224",
            "close": "62.0537"
        },
        {
            "time": "17.08.2021 21:47",
            "open": "62.0537",
            "high": "62.0582",
            "low": "62.0464",
            "close": "61.9772"
        },
        {
            "time": "17.08.2021 21:49",
            "open": "61.9772",
            "high": "61.9772",
            "low": "61.9772",
            "close": "62.0511"
        },
        {
            "time": "17.08.2021 21:50",
            "open": "62.0511",
            "high": "62.0511",
            "low": "62.0511",
            "close": "61.9174"
        },
        {
            "time": "17.08.2021 21:52",
            "open": "61.9174",
            "high": "61.9364",
            "low": "61.9174",
            "close": "61.8671"
        },
        {
            "time": "17.08.2021 21:54",
            "open": "61.8671",
            "high": "61.8671",
            "low": "61.8442",
            "close": "61.9798"
        },
        {
            "time": "17.08.2021 21:56",
            "open": "61.9798",
            "high": "61.9798",
            "low": "61.9798",
            "close": "61.9675"
        },
        {
            "time": "17.08.2021 21:58",
            "open": "61.9675",
            "high": "62",
            "low": "61.9675",
            "close": "62.054"
        },
        {
            "time": "17.08.2021 22:01",
            "open": "62.054",
            "high": "62.054",
            "low": "62.054",
            "close": "62.1177"
        },
        {
            "time": "17.08.2021 22:02",
            "open": "62.1177",
            "high": "62.1177",
            "low": "61.8892",
            "close": "61.7748"
        },
        {
            "time": "17.08.2021 22:03",
            "open": "61.7748",
            "high": "61.7748",
            "low": "61.7748",
            "close": "61.9076"
        },
        {
            "time": "17.08.2021 22:04",
            "open": "61.9076",
            "high": "61.9076",
            "low": "61.9076",
            "close": "61.657"
        },
        {
            "time": "17.08.2021 22:05",
            "open": "61.657",
            "high": "61.657",
            "low": "61.5614",
            "close": "61.6396"
        },
        {
            "time": "17.08.2021 22:06",
            "open": "61.6396",
            "high": "61.6396",
            "low": "61.6396",
            "close": "61.5644"
        },
        {
            "time": "17.08.2021 22:07",
            "open": "61.5644",
            "high": "61.5644",
            "low": "61.5644",
            "close": "61.7239"
        },
        {
            "time": "17.08.2021 22:08",
            "open": "61.7239",
            "high": "61.7239",
            "low": "61.6974",
            "close": "61.5123"
        },
        {
            "time": "17.08.2021 22:11",
            "open": "61.5123",
            "high": "61.5256",
            "low": "61.5123",
            "close": "61.4548"
        },
        {
            "time": "17.08.2021 22:14",
            "open": "61.4548",
            "high": "61.4548",
            "low": "61.4288",
            "close": "61.2971"
        },
        {
            "time": "17.08.2021 22:16",
            "open": "61.2971",
            "high": "61.2971",
            "low": "61.2631",
            "close": "61.3005"
        },
        {
            "time": "17.08.2021 22:17",
            "open": "61.3005",
            "high": "61.3041",
            "low": "61.2324",
            "close": "61.2246"
        },
        {
            "time": "17.08.2021 22:18",
            "open": "61.2246",
            "high": "61.2246",
            "low": "61.2246",
            "close": "61.1649"
        },
        {
            "time": "17.08.2021 22:19",
            "open": "61.1649",
            "high": "61.1649",
            "low": "61.1623",
            "close": "61.2204"
        },
        {
            "time": "17.08.2021 22:20",
            "open": "61.2204",
            "high": "61.2204",
            "low": "61.2093",
            "close": "61.1477"
        },
        {
            "time": "17.08.2021 22:21",
            "open": "61.1477",
            "high": "61.1477",
            "low": "61.1457",
            "close": "61.1457"
        },
        {
            "time": "17.08.2021 22:22",
            "open": "61.1457",
            "high": "61.2737",
            "low": "61.1457",
            "close": "61.0483"
        },
        {
            "time": "17.08.2021 22:26",
            "open": "61.0483",
            "high": "61.1642",
            "low": "61.0476",
            "close": "61.0559"
        },
        {
            "time": "17.08.2021 22:27",
            "open": "61.0559",
            "high": "61.0559",
            "low": "60.991",
            "close": "60.974"
        },
        {
            "time": "17.08.2021 22:28",
            "open": "60.974",
            "high": "60.974",
            "low": "60.9508",
            "close": "60.9809"
        },
        {
            "time": "17.08.2021 22:29",
            "open": "60.9809",
            "high": "61.0189",
            "low": "60.9097",
            "close": "60.854"
        },
        {
            "time": "17.08.2021 22:30",
            "open": "60.854",
            "high": "60.854",
            "low": "60.8305",
            "close": "60.7893"
        },
        {
            "time": "17.08.2021 22:31",
            "open": "60.7893",
            "high": "60.7893",
            "low": "60.6947",
            "close": "60.6585"
        },
        {
            "time": "17.08.2021 22:32",
            "open": "60.6585",
            "high": "60.6585",
            "low": "60.6",
            "close": "60.64"
        },
        {
            "time": "17.08.2021 22:33",
            "open": "60.64",
            "high": "60.7065",
            "low": "60.64",
            "close": "60.7889"
        },
        {
            "time": "17.08.2021 22:34",
            "open": "60.7889",
            "high": "60.852",
            "low": "60.7889",
            "close": "60.8288"
        },
        {
            "time": "17.08.2021 22:35",
            "open": "60.8288",
            "high": "60.9543",
            "low": "60.8216",
            "close": "61.0168"
        },
        {
            "time": "17.08.2021 22:36",
            "open": "61.0168",
            "high": "61.0168",
            "low": "61.0168",
            "close": "61.0942"
        },
        {
            "time": "17.08.2021 22:37",
            "open": "61.0942",
            "high": "61.0942",
            "low": "61.0942",
            "close": "61.0455"
        },
        {
            "time": "17.08.2021 22:38",
            "open": "61.0455",
            "high": "61.0942",
            "low": "60.8183",
            "close": "61.034"
        },
        {
            "time": "17.08.2021 22:39",
            "open": "61.034",
            "high": "61.2",
            "low": "60.4365",
            "close": "61.0611"
        },
        {
            "time": "17.08.2021 22:40",
            "open": "61.0611",
            "high": "61.1008",
            "low": "61.0318",
            "close": "61.1055"
        },
        {
            "time": "17.08.2021 22:41",
            "open": "61.1055",
            "high": "61.123",
            "low": "61.1055",
            "close": "61.0997"
        },
        {
            "time": "17.08.2021 22:42",
            "open": "61.0997",
            "high": "61.1203",
            "low": "61.0997",
            "close": "61.1076"
        },
        {
            "time": "17.08.2021 22:44",
            "open": "61.1076",
            "high": "61.1076",
            "low": "61.0836",
            "close": "61.0611"
        },
        {
            "time": "17.08.2021 22:45",
            "open": "61.0611",
            "high": "61.1466",
            "low": "61.0611",
            "close": "61.2593"
        },
        {
            "time": "17.08.2021 22:46",
            "open": "61.2593",
            "high": "61.361",
            "low": "61.2593",
            "close": "61.3135"
        },
        {
            "time": "17.08.2021 22:47",
            "open": "61.3135",
            "high": "61.3135",
            "low": "61.3135",
            "close": "61.3747"
        },
        {
            "time": "17.08.2021 22:48",
            "open": "61.3747",
            "high": "61.3747",
            "low": "61.3747",
            "close": "61.5059"
        },
        {
            "time": "17.08.2021 22:51",
            "open": "61.5059",
            "high": "61.5117",
            "low": "61.5059",
            "close": "61.5099"
        },
        {
            "time": "17.08.2021 22:52",
            "open": "61.5099",
            "high": "61.5099",
            "low": "61.5099",
            "close": "61.4364"
        },
        {
            "time": "17.08.2021 22:53",
            "open": "61.4364",
            "high": "61.4935",
            "low": "61.4364",
            "close": "61.4122"
        },
        {
            "time": "17.08.2021 22:54",
            "open": "61.4122",
            "high": "61.4122",
            "low": "61.41",
            "close": "61.3832"
        },
        {
            "time": "17.08.2021 22:56",
            "open": "61.3832",
            "high": "61.3832",
            "low": "61.3832",
            "close": "61.4695"
        },
        {
            "time": "17.08.2021 22:57",
            "open": "61.4695",
            "high": "61.4695",
            "low": "61.4695",
            "close": "61.4102"
        },
        {
            "time": "17.08.2021 23:00",
            "open": "61.4102",
            "high": "61.4102",
            "low": "61.3474",
            "close": "61.3712"
        },
        {
            "time": "17.08.2021 23:01",
            "open": "61.3712",
            "high": "61.3712",
            "low": "61.3712",
            "close": "61.2301"
        },
        {
            "time": "17.08.2021 23:03",
            "open": "61.2301",
            "high": "61.2301",
            "low": "61.2301",
            "close": "61.3401"
        },
        {
            "time": "17.08.2021 23:04",
            "open": "61.3401",
            "high": "61.3401",
            "low": "61.3053",
            "close": "61.3056"
        },
        {
            "time": "17.08.2021 23:05",
            "open": "61.3056",
            "high": "61.3056",
            "low": "61.3056",
            "close": "61.1296"
        },
        {
            "time": "17.08.2021 23:06",
            "open": "61.1296",
            "high": "61.1296",
            "low": "61.1216",
            "close": "61.0645"
        },
        {
            "time": "17.08.2021 23:07",
            "open": "61.0645",
            "high": "61.0645",
            "low": "61.0532",
            "close": "61.0409"
        },
        {
            "time": "17.08.2021 23:08",
            "open": "61.0409",
            "high": "61.0409",
            "low": "60.9888",
            "close": "60.9922"
        },
        {
            "time": "17.08.2021 23:10",
            "open": "60.9922",
            "high": "60.9922",
            "low": "60.9922",
            "close": "60.9841"
        },
        {
            "time": "17.08.2021 23:11",
            "open": "60.9841",
            "high": "60.9841",
            "low": "60.9841",
            "close": "60.7079"
        },
        {
            "time": "17.08.2021 23:20",
            "open": "60.7079",
            "high": "60.7079",
            "low": "60.7079",
            "close": "60.5483"
        },
        {
            "time": "17.08.2021 23:21",
            "open": "60.5483",
            "high": "60.5483",
            "low": "60.5483",
            "close": "60.5181"
        },
        {
            "time": "17.08.2021 23:22",
            "open": "60.5181",
            "high": "60.5181",
            "low": "60.4703",
            "close": "60.5835"
        },
        {
            "time": "17.08.2021 23:23",
            "open": "60.5835",
            "high": "60.5886",
            "low": "60.5835",
            "close": "60.7448"
        },
        {
            "time": "17.08.2021 23:26",
            "open": "60.7448",
            "high": "60.7448",
            "low": "60.7448",
            "close": "60.6705"
        },
        {
            "time": "17.08.2021 23:27",
            "open": "60.6705",
            "high": "60.6705",
            "low": "60.6705",
            "close": "60.7515"
        },
        {
            "time": "17.08.2021 23:32",
            "open": "60.7515",
            "high": "60.7515",
            "low": "60.7515",
            "close": "60.6608"
        },
        {
            "time": "17.08.2021 23:35",
            "open": "60.6608",
            "high": "60.6608",
            "low": "60.6608",
            "close": "60.6271"
        },
        {
            "time": "17.08.2021 23:37",
            "open": "60.6271",
            "high": "60.6271",
            "low": "60.6271",
            "close": "60.6176"
        },
        {
            "time": "17.08.2021 23:38",
            "open": "60.6176",
            "high": "60.6176",
            "low": "60.6176",
            "close": "60.6773"
        },
        {
            "time": "17.08.2021 23:39",
            "open": "60.6773",
            "high": "60.6773",
            "low": "60.6773",
            "close": "60.6773"
        },
        {
            "time": "17.08.2021 23:40",
            "open": "60.6773",
            "high": "60.736",
            "low": "60.6773",
            "close": "60.8079"
        },
        {
            "time": "17.08.2021 23:41",
            "open": "60.8079",
            "high": "60.8079",
            "low": "60.8078",
            "close": "60.9426"
        },
        {
            "time": "17.08.2021 23:49",
            "open": "60.9426",
            "high": "60.9552",
            "low": "60.9426",
            "close": "60.6532"
        },
        {
            "time": "17.08.2021 23:53",
            "open": "60.6532",
            "high": "60.6532",
            "low": "60.6532",
            "close": "60.6087"
        }
    ]
}