{
    "FIL-EUR": [
        {
            "time": "15.06.2021 23:59",
            "open": "59.8492",
            "high": "59.8492",
            "low": "59.8492",
            "close": "59.835"
        },
        {
            "time": "16.06.2021 00:00",
            "open": "59.835",
            "high": "59.835",
            "low": "59.835",
            "close": "59.9091"
        },
        {
            "time": "16.06.2021 00:02",
            "open": "59.9091",
            "high": "59.9091",
            "low": "59.9091",
            "close": "60.0288"
        },
        {
            "time": "16.06.2021 00:03",
            "open": "60.0288",
            "high": "60.0288",
            "low": "60.0288",
            "close": "59.9644"
        },
        {
            "time": "16.06.2021 00:04",
            "open": "59.9644",
            "high": "59.9644",
            "low": "59.9644",
            "close": "60.0324"
        },
        {
            "time": "16.06.2021 00:11",
            "open": "60.0324",
            "high": "60.0324",
            "low": "60.0324",
            "close": "60.1367"
        },
        {
            "time": "16.06.2021 00:14",
            "open": "60.1367",
            "high": "60.1367",
            "low": "60.1367",
            "close": "60.1367"
        },
        {
            "time": "16.06.2021 00:25",
            "open": "60.1367",
            "high": "60.1367",
            "low": "60.1367",
            "close": "60.0834"
        },
        {
            "time": "16.06.2021 00:31",
            "open": "60.0834",
            "high": "60.0834",
            "low": "60.0834",
            "close": "60.0022"
        },
        {
            "time": "16.06.2021 00:34",
            "open": "60.0022",
            "high": "60.0022",
            "low": "60.0022",
            "close": "59.946"
        },
        {
            "time": "16.06.2021 00:40",
            "open": "59.946",
            "high": "59.946",
            "low": "59.946",
            "close": "59.8885"
        },
        {
            "time": "16.06.2021 00:48",
            "open": "59.8885",
            "high": "59.8885",
            "low": "59.8885",
            "close": "59.9042"
        },
        {
            "time": "16.06.2021 00:54",
            "open": "59.9042",
            "high": "59.9042",
            "low": "59.9042",
            "close": "59.94"
        },
        {
            "time": "16.06.2021 01:08",
            "open": "59.94",
            "high": "59.94",
            "low": "59.94",
            "close": "60.2362"
        },
        {
            "time": "16.06.2021 01:29",
            "open": "60.2362",
            "high": "60.2362",
            "low": "60.2362",
            "close": "60.2362"
        },
        {
            "time": "16.06.2021 01:31",
            "open": "60.2362",
            "high": "60.2362",
            "low": "60.2362",
            "close": "60.0773"
        },
        {
            "time": "16.06.2021 01:51",
            "open": "60.0773",
            "high": "60.0773",
            "low": "60.0773",
            "close": "60.0301"
        },
        {
            "time": "16.06.2021 01:56",
            "open": "60.0301",
            "high": "60.0301",
            "low": "59.9666",
            "close": "59.754"
        },
        {
            "time": "16.06.2021 02:01",
            "open": "59.754",
            "high": "59.754",
            "low": "59.754",
            "close": "59.6691"
        },
        {
            "time": "16.06.2021 02:02",
            "open": "59.6691",
            "high": "59.6691",
            "low": "59.5163",
            "close": "59.5345"
        },
        {
            "time": "16.06.2021 02:03",
            "open": "59.5345",
            "high": "59.5345",
            "low": "59.5345",
            "close": "59.5341"
        },
        {
            "time": "16.06.2021 02:04",
            "open": "59.5341",
            "high": "59.5341",
            "low": "59.5341",
            "close": "59.6357"
        },
        {
            "time": "16.06.2021 02:05",
            "open": "59.6357",
            "high": "59.6751",
            "low": "59.6096",
            "close": "59.5866"
        },
        {
            "time": "16.06.2021 02:10",
            "open": "59.5866",
            "high": "59.5866",
            "low": "59.5866",
            "close": "59.4835"
        },
        {
            "time": "16.06.2021 02:27",
            "open": "59.4835",
            "high": "59.4835",
            "low": "59.4305",
            "close": "59.3901"
        },
        {
            "time": "16.06.2021 02:29",
            "open": "59.3901",
            "high": "59.3901",
            "low": "59.3901",
            "close": "59.4223"
        },
        {
            "time": "16.06.2021 02:30",
            "open": "59.4223",
            "high": "59.4223",
            "low": "59.4223",
            "close": "59.4223"
        },
        {
            "time": "16.06.2021 02:32",
            "open": "59.4223",
            "high": "59.4223",
            "low": "59.4223",
            "close": "59.4504"
        },
        {
            "time": "16.06.2021 02:42",
            "open": "59.4504",
            "high": "59.4504",
            "low": "59.4504",
            "close": "59.4083"
        },
        {
            "time": "16.06.2021 02:45",
            "open": "59.4083",
            "high": "59.4083",
            "low": "59.4083",
            "close": "59.4159"
        },
        {
            "time": "16.06.2021 02:48",
            "open": "59.4159",
            "high": "59.4159",
            "low": "59.4159",
            "close": "59.2909"
        },
        {
            "time": "16.06.2021 02:56",
            "open": "59.2909",
            "high": "59.2931",
            "low": "59.2909",
            "close": "59.2285"
        },
        {
            "time": "16.06.2021 02:57",
            "open": "59.2285",
            "high": "59.2285",
            "low": "59.2285",
            "close": "59.2088"
        },
        {
            "time": "16.06.2021 02:58",
            "open": "59.2088",
            "high": "59.2088",
            "low": "59.2088",
            "close": "59.131"
        },
        {
            "time": "16.06.2021 03:00",
            "open": "59.131",
            "high": "59.131",
            "low": "58.991",
            "close": "58.6613"
        },
        {
            "time": "16.06.2021 03:01",
            "open": "58.6613",
            "high": "58.7539",
            "low": "58.6516",
            "close": "58.6387"
        },
        {
            "time": "16.06.2021 03:03",
            "open": "58.6387",
            "high": "58.6387",
            "low": "58.574",
            "close": "58.6625"
        },
        {
            "time": "16.06.2021 03:05",
            "open": "58.6625",
            "high": "58.6625",
            "low": "58.4759",
            "close": "58.4759"
        },
        {
            "time": "16.06.2021 03:06",
            "open": "58.4759",
            "high": "58.4759",
            "low": "58.4759",
            "close": "58.5078"
        },
        {
            "time": "16.06.2021 03:07",
            "open": "58.5078",
            "high": "58.5078",
            "low": "58.5078",
            "close": "58.2886"
        },
        {
            "time": "16.06.2021 03:08",
            "open": "58.2886",
            "high": "58.3885",
            "low": "58.2886",
            "close": "58.2228"
        },
        {
            "time": "16.06.2021 03:10",
            "open": "58.2228",
            "high": "58.2228",
            "low": "58.2",
            "close": "58"
        },
        {
            "time": "16.06.2021 03:11",
            "open": "58",
            "high": "58",
            "low": "57.9359",
            "close": "58.1313"
        },
        {
            "time": "16.06.2021 03:12",
            "open": "58.1313",
            "high": "58.1313",
            "low": "58.0773",
            "close": "58.2035"
        },
        {
            "time": "16.06.2021 03:13",
            "open": "58.2035",
            "high": "58.2035",
            "low": "58.2035",
            "close": "58.3114"
        },
        {
            "time": "16.06.2021 03:21",
            "open": "58.3114",
            "high": "58.3114",
            "low": "58.3114",
            "close": "58.2035"
        },
        {
            "time": "16.06.2021 03:22",
            "open": "58.2035",
            "high": "58.2035",
            "low": "58.2035",
            "close": "58.5312"
        },
        {
            "time": "16.06.2021 03:36",
            "open": "58.5312",
            "high": "58.5313",
            "low": "58.5312",
            "close": "58.4831"
        },
        {
            "time": "16.06.2021 03:38",
            "open": "58.4831",
            "high": "58.4831",
            "low": "58.4831",
            "close": "58.7753"
        },
        {
            "time": "16.06.2021 03:51",
            "open": "58.7753",
            "high": "58.7753",
            "low": "58.7753",
            "close": "58.7667"
        },
        {
            "time": "16.06.2021 03:53",
            "open": "58.7667",
            "high": "58.7667",
            "low": "58.7667",
            "close": "58.8571"
        },
        {
            "time": "16.06.2021 03:57",
            "open": "58.8571",
            "high": "58.8571",
            "low": "58.8571",
            "close": "58.8723"
        },
        {
            "time": "16.06.2021 03:59",
            "open": "58.8723",
            "high": "58.8723",
            "low": "58.8723",
            "close": "58.8744"
        },
        {
            "time": "16.06.2021 04:01",
            "open": "58.8744",
            "high": "58.8814",
            "low": "58.8744",
            "close": "58.9237"
        },
        {
            "time": "16.06.2021 04:02",
            "open": "58.9237",
            "high": "58.9237",
            "low": "58.8953",
            "close": "58.9149"
        },
        {
            "time": "16.06.2021 04:05",
            "open": "58.9149",
            "high": "58.9149",
            "low": "58.9149",
            "close": "58.8343"
        },
        {
            "time": "16.06.2021 04:09",
            "open": "58.8343",
            "high": "58.8343",
            "low": "58.8343",
            "close": "58.5504"
        },
        {
            "time": "16.06.2021 04:21",
            "open": "58.5504",
            "high": "58.666",
            "low": "58.5504",
            "close": "58.7643"
        },
        {
            "time": "16.06.2021 04:23",
            "open": "58.7643",
            "high": "58.7643",
            "low": "58.7643",
            "close": "58.8042"
        },
        {
            "time": "16.06.2021 04:26",
            "open": "58.8042",
            "high": "58.8042",
            "low": "58.8042",
            "close": "58.7358"
        },
        {
            "time": "16.06.2021 04:29",
            "open": "58.7358",
            "high": "58.7358",
            "low": "58.7358",
            "close": "58.7175"
        },
        {
            "time": "16.06.2021 04:36",
            "open": "58.7175",
            "high": "58.7175",
            "low": "58.7175",
            "close": "58.7449"
        },
        {
            "time": "16.06.2021 04:37",
            "open": "58.7449",
            "high": "58.7449",
            "low": "58.7449",
            "close": "58.7175"
        },
        {
            "time": "16.06.2021 04:38",
            "open": "58.7175",
            "high": "58.7175",
            "low": "58.7175",
            "close": "58.7175"
        },
        {
            "time": "16.06.2021 04:43",
            "open": "58.7175",
            "high": "58.7175",
            "low": "58.7175",
            "close": "58.5632"
        },
        {
            "time": "16.06.2021 04:47",
            "open": "58.5632",
            "high": "58.5632",
            "low": "58.5632",
            "close": "58.5632"
        },
        {
            "time": "16.06.2021 05:00",
            "open": "58.5632",
            "high": "58.5632",
            "low": "58.5253",
            "close": "58.3603"
        },
        {
            "time": "16.06.2021 05:05",
            "open": "58.3603",
            "high": "58.3603",
            "low": "58.3603",
            "close": "58.3926"
        },
        {
            "time": "16.06.2021 05:07",
            "open": "58.3926",
            "high": "58.3926",
            "low": "58.3926",
            "close": "58.6927"
        },
        {
            "time": "16.06.2021 05:22",
            "open": "58.6927",
            "high": "58.6927",
            "low": "58.6927",
            "close": "58.8823"
        },
        {
            "time": "16.06.2021 05:23",
            "open": "58.8823",
            "high": "58.8823",
            "low": "58.8823",
            "close": "58.5701"
        },
        {
            "time": "16.06.2021 05:29",
            "open": "58.5701",
            "high": "58.5701",
            "low": "58.5701",
            "close": "58.3926"
        },
        {
            "time": "16.06.2021 05:30",
            "open": "58.3926",
            "high": "58.3926",
            "low": "58.3926",
            "close": "58.6616"
        },
        {
            "time": "16.06.2021 05:35",
            "open": "58.6616",
            "high": "58.7339",
            "low": "58.6616",
            "close": "58.7978"
        },
        {
            "time": "16.06.2021 05:45",
            "open": "58.7978",
            "high": "58.7978",
            "low": "58.7978",
            "close": "58.8223"
        },
        {
            "time": "16.06.2021 05:50",
            "open": "58.8223",
            "high": "58.8223",
            "low": "58.8223",
            "close": "58.7681"
        },
        {
            "time": "16.06.2021 05:53",
            "open": "58.7681",
            "high": "58.7681",
            "low": "58.7193",
            "close": "58.7005"
        },
        {
            "time": "16.06.2021 06:09",
            "open": "58.7005",
            "high": "58.7132",
            "low": "58.7005",
            "close": "58.7163"
        },
        {
            "time": "16.06.2021 06:12",
            "open": "58.7163",
            "high": "58.7163",
            "low": "58.7163",
            "close": "58.6452"
        },
        {
            "time": "16.06.2021 06:26",
            "open": "58.6452",
            "high": "58.6452",
            "low": "58.6452",
            "close": "58.7572"
        },
        {
            "time": "16.06.2021 06:28",
            "open": "58.7572",
            "high": "58.7572",
            "low": "58.7572",
            "close": "59.226"
        },
        {
            "time": "16.06.2021 06:33",
            "open": "59.226",
            "high": "59.226",
            "low": "59.226",
            "close": "59.0759"
        },
        {
            "time": "16.06.2021 06:45",
            "open": "59.0759",
            "high": "59.0759",
            "low": "59.0759",
            "close": "59.058"
        },
        {
            "time": "16.06.2021 06:47",
            "open": "59.058",
            "high": "59.058",
            "low": "59.058",
            "close": "59.1432"
        },
        {
            "time": "16.06.2021 06:48",
            "open": "59.1432",
            "high": "59.1432",
            "low": "59.1432",
            "close": "59.1329"
        },
        {
            "time": "16.06.2021 06:51",
            "open": "59.1329",
            "high": "59.1329",
            "low": "59.1329",
            "close": "58.9492"
        },
        {
            "time": "16.06.2021 06:59",
            "open": "58.9492",
            "high": "58.9492",
            "low": "58.9492",
            "close": "59.0222"
        },
        {
            "time": "16.06.2021 07:05",
            "open": "59.0222",
            "high": "59.0222",
            "low": "59.0222",
            "close": "59.0045"
        },
        {
            "time": "16.06.2021 07:12",
            "open": "59.0045",
            "high": "59.0045",
            "low": "59.0045",
            "close": "58.941"
        },
        {
            "time": "16.06.2021 07:14",
            "open": "58.941",
            "high": "58.941",
            "low": "58.941",
            "close": "58.9103"
        },
        {
            "time": "16.06.2021 07:21",
            "open": "58.9103",
            "high": "58.9103",
            "low": "58.9085",
            "close": "58.8261"
        },
        {
            "time": "16.06.2021 07:25",
            "open": "58.8261",
            "high": "58.8261",
            "low": "58.8261",
            "close": "58.9013"
        },
        {
            "time": "16.06.2021 07:31",
            "open": "58.9013",
            "high": "58.9013",
            "low": "58.9013",
            "close": "58.7949"
        },
        {
            "time": "16.06.2021 07:33",
            "open": "58.7949",
            "high": "58.7949",
            "low": "58.7949",
            "close": "58.9455"
        },
        {
            "time": "16.06.2021 07:34",
            "open": "58.9455",
            "high": "58.9457",
            "low": "58.9455",
            "close": "58.9546"
        },
        {
            "time": "16.06.2021 07:40",
            "open": "58.9546",
            "high": "58.9546",
            "low": "58.9546",
            "close": "58.9852"
        },
        {
            "time": "16.06.2021 07:41",
            "open": "58.9852",
            "high": "58.9852",
            "low": "58.9852",
            "close": "58.9546"
        },
        {
            "time": "16.06.2021 07:42",
            "open": "58.9546",
            "high": "58.9611",
            "low": "58.9546",
            "close": "59.0057"
        },
        {
            "time": "16.06.2021 07:43",
            "open": "59.0057",
            "high": "59.0057",
            "low": "59.0057",
            "close": "59.054"
        },
        {
            "time": "16.06.2021 08:04",
            "open": "59.054",
            "high": "59.054",
            "low": "59.054",
            "close": "59.1351"
        },
        {
            "time": "16.06.2021 08:11",
            "open": "59.1351",
            "high": "59.1351",
            "low": "59.1351",
            "close": "59.0123"
        },
        {
            "time": "16.06.2021 08:15",
            "open": "59.0123",
            "high": "59.0123",
            "low": "59.0123",
            "close": "59.0096"
        },
        {
            "time": "16.06.2021 08:19",
            "open": "59.0096",
            "high": "59.0096",
            "low": "59.0096",
            "close": "59.0221"
        },
        {
            "time": "16.06.2021 08:22",
            "open": "59.0221",
            "high": "59.0221",
            "low": "58.9745",
            "close": "59.1927"
        },
        {
            "time": "16.06.2021 08:41",
            "open": "59.1927",
            "high": "59.2393",
            "low": "59.1896",
            "close": "59.3479"
        },
        {
            "time": "16.06.2021 08:47",
            "open": "59.3479",
            "high": "59.3479",
            "low": "59.3479",
            "close": "59.2342"
        },
        {
            "time": "16.06.2021 08:58",
            "open": "59.2342",
            "high": "59.2342",
            "low": "59.2342",
            "close": "59.4522"
        },
        {
            "time": "16.06.2021 09:04",
            "open": "59.4522",
            "high": "59.4522",
            "low": "59.4522",
            "close": "59.4551"
        },
        {
            "time": "16.06.2021 09:06",
            "open": "59.4551",
            "high": "59.4551",
            "low": "59.4551",
            "close": "59.4266"
        },
        {
            "time": "16.06.2021 09:08",
            "open": "59.4266",
            "high": "59.4266",
            "low": "59.4266",
            "close": "59.4231"
        },
        {
            "time": "16.06.2021 09:10",
            "open": "59.4231",
            "high": "59.4231",
            "low": "59.4231",
            "close": "59.4888"
        },
        {
            "time": "16.06.2021 09:13",
            "open": "59.4888",
            "high": "59.4888",
            "low": "59.4888",
            "close": "59.2497"
        },
        {
            "time": "16.06.2021 09:21",
            "open": "59.2497",
            "high": "59.2497",
            "low": "59.2497",
            "close": "59.3117"
        },
        {
            "time": "16.06.2021 09:24",
            "open": "59.3117",
            "high": "59.3117",
            "low": "59.3117",
            "close": "59.2547"
        },
        {
            "time": "16.06.2021 09:29",
            "open": "59.2547",
            "high": "59.2954",
            "low": "59.2547",
            "close": "59.2009"
        },
        {
            "time": "16.06.2021 09:32",
            "open": "59.2009",
            "high": "59.2009",
            "low": "59.1698",
            "close": "59.2134"
        },
        {
            "time": "16.06.2021 09:38",
            "open": "59.2134",
            "high": "59.2134",
            "low": "59.2134",
            "close": "59.3304"
        },
        {
            "time": "16.06.2021 09:55",
            "open": "59.3304",
            "high": "59.3304",
            "low": "59.3304",
            "close": "59.1385"
        },
        {
            "time": "16.06.2021 09:57",
            "open": "59.1385",
            "high": "59.1385",
            "low": "59.1385",
            "close": "59.5817"
        },
        {
            "time": "16.06.2021 10:14",
            "open": "59.5817",
            "high": "59.5817",
            "low": "59.5817",
            "close": "59.373"
        },
        {
            "time": "16.06.2021 10:22",
            "open": "59.373",
            "high": "59.373",
            "low": "59.373",
            "close": "59.2441"
        },
        {
            "time": "16.06.2021 10:26",
            "open": "59.2441",
            "high": "59.2441",
            "low": "58.96",
            "close": "58.9811"
        },
        {
            "time": "16.06.2021 10:27",
            "open": "58.9811",
            "high": "58.9811",
            "low": "58.8051",
            "close": "58.7861"
        },
        {
            "time": "16.06.2021 10:33",
            "open": "58.7861",
            "high": "58.7861",
            "low": "58.7861",
            "close": "58.969"
        },
        {
            "time": "16.06.2021 10:44",
            "open": "58.969",
            "high": "58.9802",
            "low": "58.969",
            "close": "59.0156"
        },
        {
            "time": "16.06.2021 10:46",
            "open": "59.0156",
            "high": "59.0284",
            "low": "59.0156",
            "close": "59.027"
        },
        {
            "time": "16.06.2021 11:00",
            "open": "59.027",
            "high": "59.027",
            "low": "59.027",
            "close": "58.9465"
        },
        {
            "time": "16.06.2021 11:01",
            "open": "58.9465",
            "high": "58.9465",
            "low": "58.9465",
            "close": "58.9691"
        },
        {
            "time": "16.06.2021 11:12",
            "open": "58.9691",
            "high": "58.9691",
            "low": "58.9691",
            "close": "58.7672"
        },
        {
            "time": "16.06.2021 11:16",
            "open": "58.7672",
            "high": "58.7672",
            "low": "58.7672",
            "close": "58.7562"
        },
        {
            "time": "16.06.2021 11:17",
            "open": "58.7562",
            "high": "58.7567",
            "low": "58.7562",
            "close": "58.896"
        },
        {
            "time": "16.06.2021 11:26",
            "open": "58.896",
            "high": "58.896",
            "low": "58.896",
            "close": "58.7554"
        },
        {
            "time": "16.06.2021 11:32",
            "open": "58.7554",
            "high": "58.7554",
            "low": "58.7549",
            "close": "58.7308"
        },
        {
            "time": "16.06.2021 11:33",
            "open": "58.7308",
            "high": "58.7308",
            "low": "58.7308",
            "close": "58.8552"
        },
        {
            "time": "16.06.2021 11:39",
            "open": "58.8552",
            "high": "58.8552",
            "low": "58.8552",
            "close": "58.9561"
        },
        {
            "time": "16.06.2021 11:51",
            "open": "58.9561",
            "high": "58.9628",
            "low": "58.9561",
            "close": "58.9661"
        },
        {
            "time": "16.06.2021 11:52",
            "open": "58.9661",
            "high": "58.9661",
            "low": "58.9025",
            "close": "58.6387"
        },
        {
            "time": "16.06.2021 12:00",
            "open": "58.6387",
            "high": "58.6387",
            "low": "58.5235",
            "close": "58.4472"
        },
        {
            "time": "16.06.2021 12:01",
            "open": "58.4472",
            "high": "58.4472",
            "low": "58.4472",
            "close": "58.6205"
        },
        {
            "time": "16.06.2021 12:06",
            "open": "58.6205",
            "high": "58.6205",
            "low": "58.6205",
            "close": "58.676"
        },
        {
            "time": "16.06.2021 12:13",
            "open": "58.676",
            "high": "58.676",
            "low": "58.676",
            "close": "58.676"
        },
        {
            "time": "16.06.2021 12:15",
            "open": "58.676",
            "high": "58.676",
            "low": "58.676",
            "close": "58.6403"
        },
        {
            "time": "16.06.2021 12:27",
            "open": "58.6403",
            "high": "58.6403",
            "low": "58.6403",
            "close": "58.5606"
        },
        {
            "time": "16.06.2021 12:28",
            "open": "58.5606",
            "high": "58.5606",
            "low": "58.5606",
            "close": "58.5486"
        },
        {
            "time": "16.06.2021 12:35",
            "open": "58.5486",
            "high": "58.5486",
            "low": "58.5486",
            "close": "58.5783"
        },
        {
            "time": "16.06.2021 12:36",
            "open": "58.5783",
            "high": "58.5783",
            "low": "58.5783",
            "close": "58.6044"
        },
        {
            "time": "16.06.2021 12:38",
            "open": "58.6044",
            "high": "58.6044",
            "low": "58.6044",
            "close": "58.4642"
        },
        {
            "time": "16.06.2021 12:40",
            "open": "58.4642",
            "high": "58.4642",
            "low": "58.3934",
            "close": "58.2886"
        },
        {
            "time": "16.06.2021 12:41",
            "open": "58.2886",
            "high": "58.2907",
            "low": "58.2886",
            "close": "58.2"
        },
        {
            "time": "16.06.2021 12:42",
            "open": "58.2",
            "high": "58.2552",
            "low": "58.1929",
            "close": "58.2071"
        },
        {
            "time": "16.06.2021 12:43",
            "open": "58.2071",
            "high": "58.2071",
            "low": "58.2071",
            "close": "58.4122"
        },
        {
            "time": "16.06.2021 12:58",
            "open": "58.4122",
            "high": "58.4122",
            "low": "58.4122",
            "close": "58.4667"
        },
        {
            "time": "16.06.2021 12:59",
            "open": "58.4667",
            "high": "58.4667",
            "low": "58.4667",
            "close": "58.1697"
        },
        {
            "time": "16.06.2021 13:04",
            "open": "58.1697",
            "high": "58.1697",
            "low": "57.946",
            "close": "58.2223"
        },
        {
            "time": "16.06.2021 13:06",
            "open": "58.2223",
            "high": "58.2223",
            "low": "58.2223",
            "close": "58.2411"
        },
        {
            "time": "16.06.2021 13:07",
            "open": "58.2411",
            "high": "58.2411",
            "low": "58.2411",
            "close": "58.1416"
        },
        {
            "time": "16.06.2021 13:08",
            "open": "58.1416",
            "high": "58.1416",
            "low": "58.1416",
            "close": "58.2449"
        },
        {
            "time": "16.06.2021 13:10",
            "open": "58.2449",
            "high": "58.2449",
            "low": "58.2449",
            "close": "58.2809"
        },
        {
            "time": "16.06.2021 13:12",
            "open": "58.2809",
            "high": "58.2809",
            "low": "58.2809",
            "close": "58.2261"
        },
        {
            "time": "16.06.2021 13:14",
            "open": "58.2261",
            "high": "58.2261",
            "low": "58.2261",
            "close": "57.9405"
        },
        {
            "time": "16.06.2021 13:18",
            "open": "57.9405",
            "high": "57.9682",
            "low": "57.9405",
            "close": "58.0353"
        },
        {
            "time": "16.06.2021 13:22",
            "open": "58.0353",
            "high": "58.0353",
            "low": "58.0353",
            "close": "57.5945"
        },
        {
            "time": "16.06.2021 13:31",
            "open": "57.5945",
            "high": "57.5945",
            "low": "57.4993",
            "close": "57.5162"
        },
        {
            "time": "16.06.2021 13:32",
            "open": "57.5162",
            "high": "57.7572",
            "low": "57.5162",
            "close": "57.7572"
        },
        {
            "time": "16.06.2021 13:36",
            "open": "57.7572",
            "high": "57.7572",
            "low": "57.7572",
            "close": "57.8802"
        },
        {
            "time": "16.06.2021 13:37",
            "open": "57.8802",
            "high": "57.8802",
            "low": "57.8012",
            "close": "57.802"
        },
        {
            "time": "16.06.2021 13:38",
            "open": "57.802",
            "high": "57.8176",
            "low": "57.802",
            "close": "57.6855"
        },
        {
            "time": "16.06.2021 13:40",
            "open": "57.6855",
            "high": "57.6855",
            "low": "57.6855",
            "close": "57.5529"
        },
        {
            "time": "16.06.2021 13:41",
            "open": "57.5529",
            "high": "57.5529",
            "low": "57.5529",
            "close": "57.5961"
        },
        {
            "time": "16.06.2021 13:42",
            "open": "57.5961",
            "high": "57.5961",
            "low": "57.5917",
            "close": "57.6792"
        },
        {
            "time": "16.06.2021 13:44",
            "open": "57.6792",
            "high": "57.6792",
            "low": "57.6792",
            "close": "57.6875"
        },
        {
            "time": "16.06.2021 13:45",
            "open": "57.6875",
            "high": "57.6875",
            "low": "57.5604",
            "close": "57.5722"
        },
        {
            "time": "16.06.2021 14:02",
            "open": "57.5722",
            "high": "57.5722",
            "low": "57.5722",
            "close": "57.6424"
        },
        {
            "time": "16.06.2021 14:03",
            "open": "57.6424",
            "high": "57.6424",
            "low": "57.6424",
            "close": "57.5722"
        },
        {
            "time": "16.06.2021 14:04",
            "open": "57.5722",
            "high": "57.5722",
            "low": "57.5722",
            "close": "57.7893"
        },
        {
            "time": "16.06.2021 14:14",
            "open": "57.7893",
            "high": "57.7893",
            "low": "57.7893",
            "close": "57.6951"
        },
        {
            "time": "16.06.2021 14:15",
            "open": "57.6951",
            "high": "57.6951",
            "low": "57.6265",
            "close": "57.2922"
        },
        {
            "time": "16.06.2021 14:18",
            "open": "57.2922",
            "high": "57.2922",
            "low": "57.2505",
            "close": "57.2507"
        },
        {
            "time": "16.06.2021 14:19",
            "open": "57.2507",
            "high": "57.2507",
            "low": "57.2507",
            "close": "57.2937"
        },
        {
            "time": "16.06.2021 14:21",
            "open": "57.2937",
            "high": "57.2937",
            "low": "57.2521",
            "close": "57.4468"
        },
        {
            "time": "16.06.2021 14:25",
            "open": "57.4468",
            "high": "57.4468",
            "low": "57.4468",
            "close": "57.4468"
        },
        {
            "time": "16.06.2021 14:26",
            "open": "57.4468",
            "high": "57.4468",
            "low": "57.4468",
            "close": "57.3588"
        },
        {
            "time": "16.06.2021 14:31",
            "open": "57.3588",
            "high": "57.4424",
            "low": "57.2936",
            "close": "57.4115"
        },
        {
            "time": "16.06.2021 14:41",
            "open": "57.4115",
            "high": "57.4434",
            "low": "57.4115",
            "close": "57.412"
        },
        {
            "time": "16.06.2021 14:42",
            "open": "57.412",
            "high": "57.412",
            "low": "57.412",
            "close": "57.6402"
        },
        {
            "time": "16.06.2021 14:49",
            "open": "57.6402",
            "high": "57.6402",
            "low": "57.5365",
            "close": "57.6066"
        },
        {
            "time": "16.06.2021 14:54",
            "open": "57.6066",
            "high": "57.6193",
            "low": "57.6043",
            "close": "57.4393"
        },
        {
            "time": "16.06.2021 14:58",
            "open": "57.4393",
            "high": "57.4393",
            "low": "57.4393",
            "close": "57.5152"
        },
        {
            "time": "16.06.2021 14:59",
            "open": "57.5152",
            "high": "57.5152",
            "low": "57.5152",
            "close": "57.4485"
        },
        {
            "time": "16.06.2021 15:00",
            "open": "57.4485",
            "high": "57.5416",
            "low": "57.4407",
            "close": "57.5634"
        },
        {
            "time": "16.06.2021 15:03",
            "open": "57.5634",
            "high": "57.5634",
            "low": "57.5634",
            "close": "57.6078"
        },
        {
            "time": "16.06.2021 15:06",
            "open": "57.6078",
            "high": "57.6078",
            "low": "57.6078",
            "close": "57.55"
        },
        {
            "time": "16.06.2021 15:11",
            "open": "57.55",
            "high": "57.55",
            "low": "57.55",
            "close": "57.5"
        },
        {
            "time": "16.06.2021 15:15",
            "open": "57.5",
            "high": "57.5",
            "low": "57.5",
            "close": "57.6211"
        },
        {
            "time": "16.06.2021 15:18",
            "open": "57.6211",
            "high": "57.6211",
            "low": "57.6211",
            "close": "57.5762"
        },
        {
            "time": "16.06.2021 15:19",
            "open": "57.5762",
            "high": "57.5762",
            "low": "57.5762",
            "close": "57.5792"
        },
        {
            "time": "16.06.2021 15:21",
            "open": "57.5792",
            "high": "57.6979",
            "low": "57.5792",
            "close": "57.6794"
        },
        {
            "time": "16.06.2021 15:22",
            "open": "57.6794",
            "high": "57.6794",
            "low": "57.6794",
            "close": "58.0508"
        },
        {
            "time": "16.06.2021 15:25",
            "open": "58.0508",
            "high": "58.1159",
            "low": "58.0308",
            "close": "58.0462"
        },
        {
            "time": "16.06.2021 15:26",
            "open": "58.0462",
            "high": "58.0462",
            "low": "58.0462",
            "close": "57.9607"
        },
        {
            "time": "16.06.2021 15:28",
            "open": "57.9607",
            "high": "57.9607",
            "low": "57.9027",
            "close": "57.864"
        },
        {
            "time": "16.06.2021 15:29",
            "open": "57.864",
            "high": "57.864",
            "low": "57.864",
            "close": "57.7917"
        },
        {
            "time": "16.06.2021 15:31",
            "open": "57.7917",
            "high": "57.8751",
            "low": "57.7917",
            "close": "57.7513"
        },
        {
            "time": "16.06.2021 15:33",
            "open": "57.7513",
            "high": "57.7513",
            "low": "57.7513",
            "close": "57.7636"
        },
        {
            "time": "16.06.2021 15:35",
            "open": "57.7636",
            "high": "57.7636",
            "low": "57.7636",
            "close": "57.9836"
        },
        {
            "time": "16.06.2021 15:37",
            "open": "57.9836",
            "high": "57.9836",
            "low": "57.9836",
            "close": "57.9937"
        },
        {
            "time": "16.06.2021 15:38",
            "open": "57.9937",
            "high": "57.9937",
            "low": "57.9799",
            "close": "57.9357"
        },
        {
            "time": "16.06.2021 15:39",
            "open": "57.9357",
            "high": "57.9357",
            "low": "57.9357",
            "close": "57.945"
        },
        {
            "time": "16.06.2021 15:40",
            "open": "57.945",
            "high": "57.945",
            "low": "57.945",
            "close": "57.8973"
        },
        {
            "time": "16.06.2021 15:46",
            "open": "57.8973",
            "high": "57.8973",
            "low": "57.8973",
            "close": "57.7457"
        },
        {
            "time": "16.06.2021 15:48",
            "open": "57.7457",
            "high": "57.7457",
            "low": "57.7333",
            "close": "57.8777"
        },
        {
            "time": "16.06.2021 15:54",
            "open": "57.8777",
            "high": "57.8777",
            "low": "57.8777",
            "close": "57.7525"
        },
        {
            "time": "16.06.2021 16:00",
            "open": "57.7525",
            "high": "57.7525",
            "low": "57.6756",
            "close": "57.6756"
        },
        {
            "time": "16.06.2021 16:01",
            "open": "57.6756",
            "high": "57.6756",
            "low": "57.6756",
            "close": "57.6713"
        },
        {
            "time": "16.06.2021 16:02",
            "open": "57.6713",
            "high": "57.6713",
            "low": "57.6713",
            "close": "57.8267"
        },
        {
            "time": "16.06.2021 16:04",
            "open": "57.8267",
            "high": "57.8267",
            "low": "57.8267",
            "close": "57.7845"
        },
        {
            "time": "16.06.2021 16:07",
            "open": "57.7845",
            "high": "57.7845",
            "low": "57.7845",
            "close": "57.8405"
        },
        {
            "time": "16.06.2021 16:17",
            "open": "57.8405",
            "high": "57.8907",
            "low": "57.8405",
            "close": "57.813"
        },
        {
            "time": "16.06.2021 16:22",
            "open": "57.813",
            "high": "57.813",
            "low": "57.813",
            "close": "57.715"
        },
        {
            "time": "16.06.2021 16:24",
            "open": "57.715",
            "high": "57.715",
            "low": "57.715",
            "close": "57.6701"
        },
        {
            "time": "16.06.2021 16:25",
            "open": "57.6701",
            "high": "57.6701",
            "low": "57.6701",
            "close": "57.7125"
        },
        {
            "time": "16.06.2021 16:28",
            "open": "57.7125",
            "high": "57.7125",
            "low": "57.7125",
            "close": "57.7764"
        },
        {
            "time": "16.06.2021 16:33",
            "open": "57.7764",
            "high": "57.7768",
            "low": "57.7764",
            "close": "57.3567"
        },
        {
            "time": "16.06.2021 16:53",
            "open": "57.3567",
            "high": "57.3567",
            "low": "57.3567",
            "close": "57.2982"
        },
        {
            "time": "16.06.2021 16:54",
            "open": "57.2982",
            "high": "57.2982",
            "low": "57.2982",
            "close": "57.2732"
        },
        {
            "time": "16.06.2021 16:56",
            "open": "57.2732",
            "high": "57.3007",
            "low": "57.2732",
            "close": "57.4981"
        },
        {
            "time": "16.06.2021 16:58",
            "open": "57.4981",
            "high": "57.4981",
            "low": "57.4981",
            "close": "57.5037"
        },
        {
            "time": "16.06.2021 16:59",
            "open": "57.5037",
            "high": "57.5043",
            "low": "57.5037",
            "close": "57.4281"
        },
        {
            "time": "16.06.2021 17:00",
            "open": "57.4281",
            "high": "57.4281",
            "low": "57.4281",
            "close": "57.4867"
        },
        {
            "time": "16.06.2021 17:01",
            "open": "57.4867",
            "high": "57.4867",
            "low": "57.4611",
            "close": "57.2982"
        },
        {
            "time": "16.06.2021 17:11",
            "open": "57.2982",
            "high": "57.2982",
            "low": "57.2982",
            "close": "57.1844"
        },
        {
            "time": "16.06.2021 17:12",
            "open": "57.1844",
            "high": "57.1844",
            "low": "57.1844",
            "close": "57.1064"
        },
        {
            "time": "16.06.2021 17:14",
            "open": "57.1064",
            "high": "57.1064",
            "low": "57.1064",
            "close": "57.2013"
        },
        {
            "time": "16.06.2021 17:15",
            "open": "57.2013",
            "high": "57.2013",
            "low": "57.2013",
            "close": "57.2775"
        },
        {
            "time": "16.06.2021 17:19",
            "open": "57.2775",
            "high": "57.2775",
            "low": "57.2775",
            "close": "57.2514"
        },
        {
            "time": "16.06.2021 17:20",
            "open": "57.2514",
            "high": "57.3232",
            "low": "57.2398",
            "close": "57.5097"
        },
        {
            "time": "16.06.2021 17:37",
            "open": "57.5097",
            "high": "57.5216",
            "low": "57.5097",
            "close": "57.3684"
        },
        {
            "time": "16.06.2021 17:52",
            "open": "57.3684",
            "high": "57.3684",
            "low": "57.3684",
            "close": "57.3447"
        },
        {
            "time": "16.06.2021 17:59",
            "open": "57.3447",
            "high": "57.3463",
            "low": "57.3331",
            "close": "57.334"
        },
        {
            "time": "16.06.2021 18:00",
            "open": "57.334",
            "high": "57.334",
            "low": "57.1526",
            "close": "57.1636"
        },
        {
            "time": "16.06.2021 18:01",
            "open": "57.1636",
            "high": "57.433",
            "low": "57.1636",
            "close": "57.3667"
        },
        {
            "time": "16.06.2021 18:02",
            "open": "57.3667",
            "high": "57.458",
            "low": "57.3244",
            "close": "57.4204"
        },
        {
            "time": "16.06.2021 18:03",
            "open": "57.4204",
            "high": "57.4749",
            "low": "57.4204",
            "close": "57.5254"
        },
        {
            "time": "16.06.2021 18:04",
            "open": "57.5254",
            "high": "57.5373",
            "low": "57.5254",
            "close": "57.8095"
        },
        {
            "time": "16.06.2021 18:06",
            "open": "57.8095",
            "high": "57.8095",
            "low": "57.8095",
            "close": "57.7402"
        },
        {
            "time": "16.06.2021 18:14",
            "open": "57.7402",
            "high": "57.7402",
            "low": "57.7402",
            "close": "57.7139"
        },
        {
            "time": "16.06.2021 18:16",
            "open": "57.7139",
            "high": "57.7139",
            "low": "57.7139",
            "close": "57.7687"
        },
        {
            "time": "16.06.2021 18:18",
            "open": "57.7687",
            "high": "57.7687",
            "low": "57.7687",
            "close": "57.7056"
        },
        {
            "time": "16.06.2021 18:19",
            "open": "57.7056",
            "high": "57.7056",
            "low": "57.7056",
            "close": "57.5487"
        },
        {
            "time": "16.06.2021 18:23",
            "open": "57.5487",
            "high": "57.5487",
            "low": "57.5487",
            "close": "57.3978"
        },
        {
            "time": "16.06.2021 18:36",
            "open": "57.3978",
            "high": "57.3978",
            "low": "57.3978",
            "close": "57.21"
        },
        {
            "time": "16.06.2021 18:40",
            "open": "57.21",
            "high": "57.21",
            "low": "57.21",
            "close": "57.21"
        },
        {
            "time": "16.06.2021 18:46",
            "open": "57.21",
            "high": "57.21",
            "low": "57.21",
            "close": "57"
        },
        {
            "time": "16.06.2021 18:52",
            "open": "57",
            "high": "57",
            "low": "56.7229",
            "close": "56.874"
        },
        {
            "time": "16.06.2021 18:58",
            "open": "56.874",
            "high": "56.874",
            "low": "56.874",
            "close": "56.7873"
        },
        {
            "time": "16.06.2021 19:02",
            "open": "56.7873",
            "high": "56.7873",
            "low": "56.7873",
            "close": "56.8386"
        },
        {
            "time": "16.06.2021 19:06",
            "open": "56.8386",
            "high": "56.8387",
            "low": "56.8386",
            "close": "56.9529"
        },
        {
            "time": "16.06.2021 19:10",
            "open": "56.9529",
            "high": "56.9529",
            "low": "56.9529",
            "close": "56.9085"
        },
        {
            "time": "16.06.2021 19:11",
            "open": "56.9085",
            "high": "56.9085",
            "low": "56.9085",
            "close": "57.0738"
        },
        {
            "time": "16.06.2021 19:13",
            "open": "57.0738",
            "high": "57.1303",
            "low": "57.0738",
            "close": "57.2004"
        },
        {
            "time": "16.06.2021 19:15",
            "open": "57.2004",
            "high": "57.2004",
            "low": "57.2004",
            "close": "56.9949"
        },
        {
            "time": "16.06.2021 19:22",
            "open": "56.9949",
            "high": "56.9949",
            "low": "56.9949",
            "close": "57.0138"
        },
        {
            "time": "16.06.2021 19:26",
            "open": "57.0138",
            "high": "57.0138",
            "low": "57.0138",
            "close": "56.981"
        },
        {
            "time": "16.06.2021 19:29",
            "open": "56.981",
            "high": "56.981",
            "low": "56.981",
            "close": "57.5252"
        },
        {
            "time": "16.06.2021 19:37",
            "open": "57.5252",
            "high": "57.5252",
            "low": "57.4286",
            "close": "57.4286"
        },
        {
            "time": "16.06.2021 19:39",
            "open": "57.4286",
            "high": "57.4286",
            "low": "57.4286",
            "close": "57.4463"
        },
        {
            "time": "16.06.2021 19:41",
            "open": "57.4463",
            "high": "57.4463",
            "low": "57.4463",
            "close": "57.3878"
        },
        {
            "time": "16.06.2021 19:45",
            "open": "57.3878",
            "high": "57.3878",
            "low": "57.3878",
            "close": "57.3878"
        },
        {
            "time": "16.06.2021 19:53",
            "open": "57.3878",
            "high": "57.3895",
            "low": "57.3878",
            "close": "57.3524"
        },
        {
            "time": "16.06.2021 19:54",
            "open": "57.3524",
            "high": "57.363",
            "low": "57.2833",
            "close": "57.3815"
        },
        {
            "time": "16.06.2021 19:55",
            "open": "57.3815",
            "high": "57.3815",
            "low": "57.3815",
            "close": "57.5117"
        },
        {
            "time": "16.06.2021 19:58",
            "open": "57.5117",
            "high": "57.5117",
            "low": "57.5117",
            "close": "57.4673"
        },
        {
            "time": "16.06.2021 20:00",
            "open": "57.4673",
            "high": "57.4673",
            "low": "57.148",
            "close": "57.1709"
        },
        {
            "time": "16.06.2021 20:01",
            "open": "57.1709",
            "high": "57.4617",
            "low": "57.1709",
            "close": "57.5207"
        },
        {
            "time": "16.06.2021 20:02",
            "open": "57.5207",
            "high": "58.1096",
            "low": "57.5207",
            "close": "57.912"
        },
        {
            "time": "16.06.2021 20:03",
            "open": "57.912",
            "high": "58.389",
            "low": "57.912",
            "close": "58.3027"
        },
        {
            "time": "16.06.2021 20:04",
            "open": "58.3027",
            "high": "58.3027",
            "low": "58.2801",
            "close": "58.3446"
        },
        {
            "time": "16.06.2021 20:05",
            "open": "58.3446",
            "high": "58.3802",
            "low": "58.3446",
            "close": "58.4153"
        },
        {
            "time": "16.06.2021 20:06",
            "open": "58.4153",
            "high": "58.4153",
            "low": "58.2623",
            "close": "58.4376"
        },
        {
            "time": "16.06.2021 20:07",
            "open": "58.4376",
            "high": "58.4579",
            "low": "58.3149",
            "close": "58.3307"
        },
        {
            "time": "16.06.2021 20:08",
            "open": "58.3307",
            "high": "58.3307",
            "low": "58.3307",
            "close": "58.1239"
        },
        {
            "time": "16.06.2021 20:09",
            "open": "58.1239",
            "high": "58.1239",
            "low": "58.1239",
            "close": "57.9821"
        },
        {
            "time": "16.06.2021 20:10",
            "open": "57.9821",
            "high": "57.9821",
            "low": "57.5324",
            "close": "57.7063"
        },
        {
            "time": "16.06.2021 20:11",
            "open": "57.7063",
            "high": "57.943",
            "low": "57.7063",
            "close": "57.9393"
        },
        {
            "time": "16.06.2021 20:12",
            "open": "57.9393",
            "high": "57.9393",
            "low": "57.8892",
            "close": "58.0072"
        },
        {
            "time": "16.06.2021 20:16",
            "open": "58.0072",
            "high": "58.0988",
            "low": "57.9405",
            "close": "57.8919"
        },
        {
            "time": "16.06.2021 20:20",
            "open": "57.8919",
            "high": "57.8919",
            "low": "57.8919",
            "close": "57.9025"
        },
        {
            "time": "16.06.2021 20:21",
            "open": "57.9025",
            "high": "57.9025",
            "low": "57.9025",
            "close": "57.8435"
        },
        {
            "time": "16.06.2021 20:22",
            "open": "57.8435",
            "high": "57.8922",
            "low": "57.8435",
            "close": "58.0399"
        },
        {
            "time": "16.06.2021 20:27",
            "open": "58.0399",
            "high": "58.0399",
            "low": "58.0399",
            "close": "58.0319"
        },
        {
            "time": "16.06.2021 20:29",
            "open": "58.0319",
            "high": "58.0319",
            "low": "58.0319",
            "close": "58.2664"
        },
        {
            "time": "16.06.2021 20:33",
            "open": "58.2664",
            "high": "58.4298",
            "low": "58.2664",
            "close": "58.276"
        },
        {
            "time": "16.06.2021 20:34",
            "open": "58.276",
            "high": "58.276",
            "low": "58.276",
            "close": "58.2255"
        },
        {
            "time": "16.06.2021 20:37",
            "open": "58.2255",
            "high": "58.2255",
            "low": "58.0275",
            "close": "58.2218"
        },
        {
            "time": "16.06.2021 20:44",
            "open": "58.2218",
            "high": "58.2218",
            "low": "58.2218",
            "close": "58.4121"
        },
        {
            "time": "16.06.2021 20:47",
            "open": "58.4121",
            "high": "58.4121",
            "low": "58.4121",
            "close": "58.4007"
        },
        {
            "time": "16.06.2021 20:48",
            "open": "58.4007",
            "high": "58.5207",
            "low": "58.4007",
            "close": "58.4849"
        },
        {
            "time": "16.06.2021 20:51",
            "open": "58.4849",
            "high": "58.4849",
            "low": "58.4849",
            "close": "58.5128"
        },
        {
            "time": "16.06.2021 20:52",
            "open": "58.5128",
            "high": "58.5128",
            "low": "58.5128",
            "close": "58.4253"
        },
        {
            "time": "16.06.2021 20:53",
            "open": "58.4253",
            "high": "58.4253",
            "low": "58.4253",
            "close": "58.3406"
        },
        {
            "time": "16.06.2021 20:54",
            "open": "58.3406",
            "high": "58.4481",
            "low": "58.3406",
            "close": "58.3214"
        },
        {
            "time": "16.06.2021 20:55",
            "open": "58.3214",
            "high": "58.3648",
            "low": "58.3214",
            "close": "58.4699"
        },
        {
            "time": "16.06.2021 20:58",
            "open": "58.4699",
            "high": "58.4699",
            "low": "58.4699",
            "close": "58.5535"
        },
        {
            "time": "16.06.2021 21:16",
            "open": "58.5535",
            "high": "58.5535",
            "low": "58.5535",
            "close": "58.5908"
        },
        {
            "time": "16.06.2021 21:24",
            "open": "58.5908",
            "high": "58.5908",
            "low": "58.5908",
            "close": "58.5705"
        },
        {
            "time": "16.06.2021 21:25",
            "open": "58.5705",
            "high": "58.5705",
            "low": "58.5705",
            "close": "58.4673"
        },
        {
            "time": "16.06.2021 21:27",
            "open": "58.4673",
            "high": "58.4673",
            "low": "58.4673",
            "close": "58.4173"
        },
        {
            "time": "16.06.2021 21:33",
            "open": "58.4173",
            "high": "58.4173",
            "low": "58.3692",
            "close": "58.3692"
        },
        {
            "time": "16.06.2021 21:34",
            "open": "58.3692",
            "high": "58.3692",
            "low": "58.3692",
            "close": "58.2776"
        },
        {
            "time": "16.06.2021 21:47",
            "open": "58.2776",
            "high": "58.2776",
            "low": "58.2686",
            "close": "58.1277"
        },
        {
            "time": "16.06.2021 22:00",
            "open": "58.1277",
            "high": "58.1277",
            "low": "58.1277",
            "close": "58.0386"
        },
        {
            "time": "16.06.2021 22:10",
            "open": "58.0386",
            "high": "58.1149",
            "low": "58.0386",
            "close": "58.0478"
        },
        {
            "time": "16.06.2021 22:11",
            "open": "58.0478",
            "high": "58.0478",
            "low": "58.0478",
            "close": "58.0374"
        },
        {
            "time": "16.06.2021 22:12",
            "open": "58.0374",
            "high": "58.0374",
            "low": "58.0374",
            "close": "58.1773"
        },
        {
            "time": "16.06.2021 22:15",
            "open": "58.1773",
            "high": "58.1773",
            "low": "58.1773",
            "close": "58.2034"
        },
        {
            "time": "16.06.2021 22:17",
            "open": "58.2034",
            "high": "58.2198",
            "low": "58.1909",
            "close": "57.9907"
        },
        {
            "time": "16.06.2021 22:19",
            "open": "57.9907",
            "high": "57.9907",
            "low": "57.9305",
            "close": "57.9653"
        },
        {
            "time": "16.06.2021 22:20",
            "open": "57.9653",
            "high": "57.9653",
            "low": "57.9487",
            "close": "57.9544"
        },
        {
            "time": "16.06.2021 22:21",
            "open": "57.9544",
            "high": "57.9656",
            "low": "57.9544",
            "close": "57.9186"
        },
        {
            "time": "16.06.2021 22:22",
            "open": "57.9186",
            "high": "57.931",
            "low": "57.8501",
            "close": "57.9104"
        },
        {
            "time": "16.06.2021 22:23",
            "open": "57.9104",
            "high": "57.9104",
            "low": "57.8623",
            "close": "57.8706"
        },
        {
            "time": "16.06.2021 22:24",
            "open": "57.8706",
            "high": "57.8706",
            "low": "57.8182",
            "close": "57.7664"
        },
        {
            "time": "16.06.2021 22:25",
            "open": "57.7664",
            "high": "57.7896",
            "low": "57.7115",
            "close": "57.7837"
        },
        {
            "time": "16.06.2021 22:26",
            "open": "57.7837",
            "high": "57.8112",
            "low": "57.7837",
            "close": "57.8112"
        },
        {
            "time": "16.06.2021 22:27",
            "open": "57.8112",
            "high": "57.8633",
            "low": "57.7796",
            "close": "57.7582"
        },
        {
            "time": "16.06.2021 22:28",
            "open": "57.7582",
            "high": "57.7616",
            "low": "57.6701",
            "close": "57.7401"
        },
        {
            "time": "16.06.2021 22:29",
            "open": "57.7401",
            "high": "57.8169",
            "low": "57.7293",
            "close": "57.7294"
        },
        {
            "time": "16.06.2021 22:30",
            "open": "57.7294",
            "high": "57.7294",
            "low": "57.7294",
            "close": "57.7733"
        },
        {
            "time": "16.06.2021 22:31",
            "open": "57.7733",
            "high": "57.7733",
            "low": "57.7238",
            "close": "57.7478"
        },
        {
            "time": "16.06.2021 22:32",
            "open": "57.7478",
            "high": "57.7931",
            "low": "57.7478",
            "close": "57.75"
        },
        {
            "time": "16.06.2021 22:33",
            "open": "57.75",
            "high": "57.7525",
            "low": "57.75",
            "close": "57.6808"
        },
        {
            "time": "16.06.2021 22:34",
            "open": "57.6808",
            "high": "57.681",
            "low": "57.6808",
            "close": "57.6648"
        },
        {
            "time": "16.06.2021 22:35",
            "open": "57.6648",
            "high": "57.6693",
            "low": "57.6648",
            "close": "57.5945"
        },
        {
            "time": "16.06.2021 22:36",
            "open": "57.5945",
            "high": "57.6218",
            "low": "57.5945",
            "close": "57.547"
        },
        {
            "time": "16.06.2021 22:37",
            "open": "57.547",
            "high": "57.5876",
            "low": "57.547",
            "close": "57.632"
        },
        {
            "time": "16.06.2021 22:38",
            "open": "57.632",
            "high": "57.632",
            "low": "57.5826",
            "close": "57.5865"
        },
        {
            "time": "16.06.2021 22:39",
            "open": "57.5865",
            "high": "57.5865",
            "low": "57.492",
            "close": "57.6285"
        },
        {
            "time": "16.06.2021 22:40",
            "open": "57.6285",
            "high": "57.6285",
            "low": "57.5982",
            "close": "57.6081"
        },
        {
            "time": "16.06.2021 22:41",
            "open": "57.6081",
            "high": "57.6259",
            "low": "57.6081",
            "close": "57.6573"
        },
        {
            "time": "16.06.2021 22:43",
            "open": "57.6573",
            "high": "57.6573",
            "low": "57.6573",
            "close": "57.7465"
        },
        {
            "time": "16.06.2021 22:46",
            "open": "57.7465",
            "high": "57.7629",
            "low": "57.726",
            "close": "57.7409"
        },
        {
            "time": "16.06.2021 22:52",
            "open": "57.7409",
            "high": "57.7895",
            "low": "57.7409",
            "close": "57.677"
        },
        {
            "time": "16.06.2021 22:55",
            "open": "57.677",
            "high": "57.7977",
            "low": "57.677",
            "close": "57.7136"
        },
        {
            "time": "16.06.2021 22:56",
            "open": "57.7136",
            "high": "57.7136",
            "low": "57.7136",
            "close": "57.5941"
        },
        {
            "time": "16.06.2021 23:01",
            "open": "57.5941",
            "high": "57.7011",
            "low": "57.5941",
            "close": "57.6451"
        },
        {
            "time": "16.06.2021 23:04",
            "open": "57.6451",
            "high": "57.6451",
            "low": "57.6446",
            "close": "57.9597"
        },
        {
            "time": "16.06.2021 23:33",
            "open": "57.9597",
            "high": "57.9597",
            "low": "57.9597",
            "close": "58.0708"
        },
        {
            "time": "16.06.2021 23:36",
            "open": "58.0708",
            "high": "58.0708",
            "low": "58.0708",
            "close": "58.0614"
        },
        {
            "time": "16.06.2021 23:42",
            "open": "58.0614",
            "high": "58.0614",
            "low": "58.0614",
            "close": "58.319"
        },
        {
            "time": "16.06.2021 23:55",
            "open": "58.319",
            "high": "58.319",
            "low": "58.319",
            "close": "58.3033"
        }
    ]
}