{
    "FIL-EUR": [
        {
            "time": "26.01.2021 23:59",
            "open": "18.0843",
            "high": "18.0849",
            "low": "18.0843",
            "close": "18.1302"
        },
        {
            "time": "27.01.2021 00:04",
            "open": "18.1302",
            "high": "18.1437",
            "low": "18.1302",
            "close": "18.2"
        },
        {
            "time": "27.01.2021 00:05",
            "open": "18.2",
            "high": "18.236",
            "low": "18.2",
            "close": "18.2741"
        },
        {
            "time": "27.01.2021 00:06",
            "open": "18.2741",
            "high": "18.2799",
            "low": "18.2741",
            "close": "18.3443"
        },
        {
            "time": "27.01.2021 00:07",
            "open": "18.3443",
            "high": "18.3537",
            "low": "18.3443",
            "close": "18.3593"
        },
        {
            "time": "27.01.2021 00:08",
            "open": "18.3593",
            "high": "18.3594",
            "low": "18.2798",
            "close": "18.2355"
        },
        {
            "time": "27.01.2021 00:12",
            "open": "18.2355",
            "high": "18.2355",
            "low": "18.2355",
            "close": "18.221"
        },
        {
            "time": "27.01.2021 00:14",
            "open": "18.221",
            "high": "18.221",
            "low": "18.2052",
            "close": "18.2145"
        },
        {
            "time": "27.01.2021 00:22",
            "open": "18.2145",
            "high": "18.2145",
            "low": "18.2145",
            "close": "18.2489"
        },
        {
            "time": "27.01.2021 00:31",
            "open": "18.2489",
            "high": "18.2632",
            "low": "18.2488",
            "close": "18.2392"
        },
        {
            "time": "27.01.2021 00:43",
            "open": "18.2392",
            "high": "18.2392",
            "low": "18.2392",
            "close": "18.2392"
        },
        {
            "time": "27.01.2021 00:45",
            "open": "18.2392",
            "high": "18.2392",
            "low": "18.2392",
            "close": "18.2448"
        },
        {
            "time": "27.01.2021 00:46",
            "open": "18.2448",
            "high": "18.2448",
            "low": "18.2448",
            "close": "18.2498"
        },
        {
            "time": "27.01.2021 00:57",
            "open": "18.2498",
            "high": "18.2498",
            "low": "18.2498",
            "close": "18.1493"
        },
        {
            "time": "27.01.2021 01:10",
            "open": "18.1493",
            "high": "18.2",
            "low": "18.1493",
            "close": "18.1255"
        },
        {
            "time": "27.01.2021 01:22",
            "open": "18.1255",
            "high": "18.1255",
            "low": "18.1226",
            "close": "18.125"
        },
        {
            "time": "27.01.2021 01:23",
            "open": "18.125",
            "high": "18.125",
            "low": "18.1152",
            "close": "18.1583"
        },
        {
            "time": "27.01.2021 01:25",
            "open": "18.1583",
            "high": "18.1584",
            "low": "18.1583",
            "close": "18.1646"
        },
        {
            "time": "27.01.2021 01:26",
            "open": "18.1646",
            "high": "18.1652",
            "low": "18.1646",
            "close": "18.1924"
        },
        {
            "time": "27.01.2021 01:27",
            "open": "18.1924",
            "high": "18.1924",
            "low": "18.1924",
            "close": "18.1916"
        },
        {
            "time": "27.01.2021 01:28",
            "open": "18.1916",
            "high": "18.1916",
            "low": "18.1916",
            "close": "18.2155"
        },
        {
            "time": "27.01.2021 01:30",
            "open": "18.2155",
            "high": "18.2155",
            "low": "18.2155",
            "close": "18.1778"
        },
        {
            "time": "27.01.2021 01:33",
            "open": "18.1778",
            "high": "18.1778",
            "low": "18.1778",
            "close": "18.1829"
        },
        {
            "time": "27.01.2021 01:45",
            "open": "18.1829",
            "high": "18.1829",
            "low": "18.1553",
            "close": "18.1736"
        },
        {
            "time": "27.01.2021 01:48",
            "open": "18.1736",
            "high": "18.1736",
            "low": "18.1736",
            "close": "18.1658"
        },
        {
            "time": "27.01.2021 01:49",
            "open": "18.1658",
            "high": "18.1658",
            "low": "18.1658",
            "close": "18.1618"
        },
        {
            "time": "27.01.2021 01:56",
            "open": "18.1618",
            "high": "18.1618",
            "low": "18.1618",
            "close": "18.081"
        },
        {
            "time": "27.01.2021 02:16",
            "open": "18.081",
            "high": "18.081",
            "low": "18.0809",
            "close": "18.0885"
        },
        {
            "time": "27.01.2021 02:17",
            "open": "18.0885",
            "high": "18.0886",
            "low": "18.0885",
            "close": "18.0927"
        },
        {
            "time": "27.01.2021 02:24",
            "open": "18.0927",
            "high": "18.0927",
            "low": "18.0927",
            "close": "18.0935"
        },
        {
            "time": "27.01.2021 02:29",
            "open": "18.0935",
            "high": "18.0935",
            "low": "18.0935",
            "close": "18.1555"
        },
        {
            "time": "27.01.2021 02:33",
            "open": "18.1555",
            "high": "18.22",
            "low": "18.1555",
            "close": "18.2186"
        },
        {
            "time": "27.01.2021 02:34",
            "open": "18.2186",
            "high": "18.2186",
            "low": "18.195",
            "close": "18.1481"
        },
        {
            "time": "27.01.2021 02:36",
            "open": "18.1481",
            "high": "18.1526",
            "low": "18.1481",
            "close": "18.1909"
        },
        {
            "time": "27.01.2021 02:38",
            "open": "18.1909",
            "high": "18.2047",
            "low": "18.1909",
            "close": "18.1567"
        },
        {
            "time": "27.01.2021 03:09",
            "open": "18.1567",
            "high": "18.1567",
            "low": "18.1567",
            "close": "18.1836"
        },
        {
            "time": "27.01.2021 03:20",
            "open": "18.1836",
            "high": "18.2008",
            "low": "18.1836",
            "close": "18.2205"
        },
        {
            "time": "27.01.2021 03:22",
            "open": "18.2205",
            "high": "18.2205",
            "low": "18.2205",
            "close": "18.1538"
        },
        {
            "time": "27.01.2021 03:26",
            "open": "18.1538",
            "high": "18.1538",
            "low": "18.1526",
            "close": "18.1549"
        },
        {
            "time": "27.01.2021 03:29",
            "open": "18.1549",
            "high": "18.1549",
            "low": "18.1549",
            "close": "18.1519"
        },
        {
            "time": "27.01.2021 03:30",
            "open": "18.1519",
            "high": "18.1519",
            "low": "18.1519",
            "close": "18.1463"
        },
        {
            "time": "27.01.2021 03:32",
            "open": "18.1463",
            "high": "18.1463",
            "low": "18.1463",
            "close": "18.1258"
        },
        {
            "time": "27.01.2021 03:38",
            "open": "18.1258",
            "high": "18.1258",
            "low": "18.1207",
            "close": "18.1463"
        },
        {
            "time": "27.01.2021 03:42",
            "open": "18.1463",
            "high": "18.1463",
            "low": "18.1463",
            "close": "18.1364"
        },
        {
            "time": "27.01.2021 04:10",
            "open": "18.1364",
            "high": "18.1364",
            "low": "18.1364",
            "close": "18.1177"
        },
        {
            "time": "27.01.2021 04:28",
            "open": "18.1177",
            "high": "18.1177",
            "low": "18.0931",
            "close": "18.0758"
        },
        {
            "time": "27.01.2021 04:29",
            "open": "18.0758",
            "high": "18.0758",
            "low": "18.0758",
            "close": "18.0836"
        },
        {
            "time": "27.01.2021 04:31",
            "open": "18.0836",
            "high": "18.0836",
            "low": "18.0748",
            "close": "18.0149"
        },
        {
            "time": "27.01.2021 04:34",
            "open": "18.0149",
            "high": "18.0149",
            "low": "18.0149",
            "close": "18.0309"
        },
        {
            "time": "27.01.2021 04:35",
            "open": "18.0309",
            "high": "18.0434",
            "low": "18.0309",
            "close": "18.0147"
        },
        {
            "time": "27.01.2021 04:38",
            "open": "18.0147",
            "high": "18.0174",
            "low": "18.0147",
            "close": "17.9883"
        },
        {
            "time": "27.01.2021 04:43",
            "open": "17.9883",
            "high": "18.0206",
            "low": "17.9883",
            "close": "18.0057"
        },
        {
            "time": "27.01.2021 04:45",
            "open": "18.0057",
            "high": "18.0057",
            "low": "18.0057",
            "close": "18.0139"
        },
        {
            "time": "27.01.2021 04:46",
            "open": "18.0139",
            "high": "18.0139",
            "low": "18.0139",
            "close": "18.0503"
        },
        {
            "time": "27.01.2021 04:48",
            "open": "18.0503",
            "high": "18.0503",
            "low": "18.0503",
            "close": "18.0294"
        },
        {
            "time": "27.01.2021 04:54",
            "open": "18.0294",
            "high": "18.0305",
            "low": "18.0284",
            "close": "18.0533"
        },
        {
            "time": "27.01.2021 04:55",
            "open": "18.0533",
            "high": "18.0533",
            "low": "18.0533",
            "close": "18.0138"
        },
        {
            "time": "27.01.2021 05:12",
            "open": "18.0138",
            "high": "18.0138",
            "low": "18.0138",
            "close": "18.0372"
        },
        {
            "time": "27.01.2021 05:19",
            "open": "18.0372",
            "high": "18.0372",
            "low": "18.0372",
            "close": "18.0598"
        },
        {
            "time": "27.01.2021 05:23",
            "open": "18.0598",
            "high": "18.1157",
            "low": "18.0598",
            "close": "18.0275"
        },
        {
            "time": "27.01.2021 05:43",
            "open": "18.0275",
            "high": "18.0275",
            "low": "18.0275",
            "close": "18"
        },
        {
            "time": "27.01.2021 05:51",
            "open": "18",
            "high": "18",
            "low": "18",
            "close": "18"
        },
        {
            "time": "27.01.2021 05:52",
            "open": "18",
            "high": "18",
            "low": "18",
            "close": "18.0085"
        },
        {
            "time": "27.01.2021 06:05",
            "open": "18.0085",
            "high": "18.0085",
            "low": "18.0085",
            "close": "18.0201"
        },
        {
            "time": "27.01.2021 06:16",
            "open": "18.0201",
            "high": "18.0201",
            "low": "18.0201",
            "close": "18.0218"
        },
        {
            "time": "27.01.2021 06:23",
            "open": "18.0218",
            "high": "18.0218",
            "low": "18.0217",
            "close": "17.9665"
        },
        {
            "time": "27.01.2021 06:38",
            "open": "17.9665",
            "high": "17.9665",
            "low": "17.9455",
            "close": "17.9086"
        },
        {
            "time": "27.01.2021 06:53",
            "open": "17.9086",
            "high": "17.9086",
            "low": "17.9086",
            "close": "17.9261"
        },
        {
            "time": "27.01.2021 06:55",
            "open": "17.9261",
            "high": "17.9261",
            "low": "17.9055",
            "close": "17.9016"
        },
        {
            "time": "27.01.2021 06:58",
            "open": "17.9016",
            "high": "17.9016",
            "low": "17.9016",
            "close": "17.9054"
        },
        {
            "time": "27.01.2021 07:03",
            "open": "17.9054",
            "high": "17.9054",
            "low": "17.9054",
            "close": "17.9183"
        },
        {
            "time": "27.01.2021 07:07",
            "open": "17.9183",
            "high": "17.9183",
            "low": "17.9183",
            "close": "17.9163"
        },
        {
            "time": "27.01.2021 07:10",
            "open": "17.9163",
            "high": "17.9165",
            "low": "17.9163",
            "close": "17.8812"
        },
        {
            "time": "27.01.2021 07:14",
            "open": "17.8812",
            "high": "17.8812",
            "low": "17.8641",
            "close": "17.8325"
        },
        {
            "time": "27.01.2021 07:15",
            "open": "17.8325",
            "high": "17.8325",
            "low": "17.7961",
            "close": "17.9346"
        },
        {
            "time": "27.01.2021 07:39",
            "open": "17.9346",
            "high": "17.9346",
            "low": "17.9346",
            "close": "17.9275"
        },
        {
            "time": "27.01.2021 07:47",
            "open": "17.9275",
            "high": "17.9275",
            "low": "17.9275",
            "close": "17.9406"
        },
        {
            "time": "27.01.2021 07:50",
            "open": "17.9406",
            "high": "17.9406",
            "low": "17.9406",
            "close": "17.9397"
        },
        {
            "time": "27.01.2021 08:00",
            "open": "17.9397",
            "high": "17.9397",
            "low": "17.9397",
            "close": "17.9739"
        },
        {
            "time": "27.01.2021 08:03",
            "open": "17.9739",
            "high": "17.9739",
            "low": "17.9739",
            "close": "17.9538"
        },
        {
            "time": "27.01.2021 08:05",
            "open": "17.9538",
            "high": "17.9538",
            "low": "17.9538",
            "close": "17.9408"
        },
        {
            "time": "27.01.2021 08:11",
            "open": "17.9408",
            "high": "17.9408",
            "low": "17.9408",
            "close": "17.9612"
        },
        {
            "time": "27.01.2021 08:18",
            "open": "17.9612",
            "high": "17.9612",
            "low": "17.9612",
            "close": "17.986"
        },
        {
            "time": "27.01.2021 08:19",
            "open": "17.986",
            "high": "17.986",
            "low": "17.986",
            "close": "17.9893"
        },
        {
            "time": "27.01.2021 08:21",
            "open": "17.9893",
            "high": "17.9893",
            "low": "17.9893",
            "close": "17.9959"
        },
        {
            "time": "27.01.2021 08:27",
            "open": "17.9959",
            "high": "17.9959",
            "low": "17.9959",
            "close": "18.0177"
        },
        {
            "time": "27.01.2021 08:28",
            "open": "18.0177",
            "high": "18.0177",
            "low": "18.0177",
            "close": "18.0222"
        },
        {
            "time": "27.01.2021 08:34",
            "open": "18.0222",
            "high": "18.0222",
            "low": "18.0222",
            "close": "18.0158"
        },
        {
            "time": "27.01.2021 08:40",
            "open": "18.0158",
            "high": "18.0173",
            "low": "18.0158",
            "close": "18.0318"
        },
        {
            "time": "27.01.2021 08:41",
            "open": "18.0318",
            "high": "18.0318",
            "low": "18.0318",
            "close": "18.0432"
        },
        {
            "time": "27.01.2021 08:49",
            "open": "18.0432",
            "high": "18.0433",
            "low": "18.0432",
            "close": "17.982"
        },
        {
            "time": "27.01.2021 09:01",
            "open": "17.982",
            "high": "17.982",
            "low": "17.982",
            "close": "17.986"
        },
        {
            "time": "27.01.2021 09:02",
            "open": "17.986",
            "high": "17.9862",
            "low": "17.986",
            "close": "17.9745"
        },
        {
            "time": "27.01.2021 09:06",
            "open": "17.9745",
            "high": "17.9745",
            "low": "17.9745",
            "close": "17.9734"
        },
        {
            "time": "27.01.2021 09:11",
            "open": "17.9734",
            "high": "17.9734",
            "low": "17.9734",
            "close": "17.95"
        },
        {
            "time": "27.01.2021 09:17",
            "open": "17.95",
            "high": "17.95",
            "low": "17.95",
            "close": "17.9569"
        },
        {
            "time": "27.01.2021 09:18",
            "open": "17.9569",
            "high": "17.9569",
            "low": "17.933",
            "close": "17.9849"
        },
        {
            "time": "27.01.2021 09:20",
            "open": "17.9849",
            "high": "17.9961",
            "low": "17.9849",
            "close": "18.002"
        },
        {
            "time": "27.01.2021 09:31",
            "open": "18.002",
            "high": "18.002",
            "low": "18.002",
            "close": "17.9465"
        },
        {
            "time": "27.01.2021 09:36",
            "open": "17.9465",
            "high": "17.9465",
            "low": "17.9465",
            "close": "17.9348"
        },
        {
            "time": "27.01.2021 09:41",
            "open": "17.9348",
            "high": "17.9348",
            "low": "17.9348",
            "close": "17.9074"
        },
        {
            "time": "27.01.2021 09:46",
            "open": "17.9074",
            "high": "17.9074",
            "low": "17.9074",
            "close": "17.8602"
        },
        {
            "time": "27.01.2021 09:52",
            "open": "17.8602",
            "high": "17.8788",
            "low": "17.8536",
            "close": "17.8721"
        },
        {
            "time": "27.01.2021 09:54",
            "open": "17.8721",
            "high": "17.8721",
            "low": "17.8721",
            "close": "17.8608"
        },
        {
            "time": "27.01.2021 09:55",
            "open": "17.8608",
            "high": "17.8608",
            "low": "17.8569",
            "close": "17.8546"
        },
        {
            "time": "27.01.2021 09:59",
            "open": "17.8546",
            "high": "17.8561",
            "low": "17.8546",
            "close": "17.8717"
        },
        {
            "time": "27.01.2021 10:04",
            "open": "17.8717",
            "high": "17.8717",
            "low": "17.8717",
            "close": "17.8394"
        },
        {
            "time": "27.01.2021 10:06",
            "open": "17.8394",
            "high": "17.8394",
            "low": "17.8394",
            "close": "17.8402"
        },
        {
            "time": "27.01.2021 10:07",
            "open": "17.8402",
            "high": "17.8402",
            "low": "17.8402",
            "close": "17.8347"
        },
        {
            "time": "27.01.2021 10:08",
            "open": "17.8347",
            "high": "17.8347",
            "low": "17.8347",
            "close": "17.8425"
        },
        {
            "time": "27.01.2021 10:14",
            "open": "17.8425",
            "high": "17.8425",
            "low": "17.8425",
            "close": "17.8463"
        },
        {
            "time": "27.01.2021 10:15",
            "open": "17.8463",
            "high": "17.8463",
            "low": "17.7205",
            "close": "17.7211"
        },
        {
            "time": "27.01.2021 10:16",
            "open": "17.7211",
            "high": "17.7246",
            "low": "17.6599",
            "close": "17.7039"
        },
        {
            "time": "27.01.2021 10:17",
            "open": "17.7039",
            "high": "17.7068",
            "low": "17.7039",
            "close": "17.7093"
        },
        {
            "time": "27.01.2021 10:18",
            "open": "17.7093",
            "high": "17.7245",
            "low": "17.7093",
            "close": "17.7405"
        },
        {
            "time": "27.01.2021 10:19",
            "open": "17.7405",
            "high": "17.7405",
            "low": "17.7251",
            "close": "17.763"
        },
        {
            "time": "27.01.2021 10:22",
            "open": "17.763",
            "high": "17.763",
            "low": "17.763",
            "close": "17.7249"
        },
        {
            "time": "27.01.2021 10:24",
            "open": "17.7249",
            "high": "17.7249",
            "low": "17.7249",
            "close": "17.754"
        },
        {
            "time": "27.01.2021 10:25",
            "open": "17.754",
            "high": "17.782",
            "low": "17.754",
            "close": "17.7876"
        },
        {
            "time": "27.01.2021 10:26",
            "open": "17.7876",
            "high": "17.7881",
            "low": "17.7841",
            "close": "17.7627"
        },
        {
            "time": "27.01.2021 10:28",
            "open": "17.7627",
            "high": "17.7912",
            "low": "17.7627",
            "close": "17.8177"
        },
        {
            "time": "27.01.2021 10:29",
            "open": "17.8177",
            "high": "17.8177",
            "low": "17.8177",
            "close": "17.7648"
        },
        {
            "time": "27.01.2021 10:30",
            "open": "17.7648",
            "high": "17.7648",
            "low": "17.7648",
            "close": "17.7895"
        },
        {
            "time": "27.01.2021 10:31",
            "open": "17.7895",
            "high": "17.7895",
            "low": "17.7895",
            "close": "17.8094"
        },
        {
            "time": "27.01.2021 10:34",
            "open": "17.8094",
            "high": "17.8094",
            "low": "17.8044",
            "close": "17.7597"
        },
        {
            "time": "27.01.2021 10:36",
            "open": "17.7597",
            "high": "17.7597",
            "low": "17.7596",
            "close": "17.7659"
        },
        {
            "time": "27.01.2021 10:38",
            "open": "17.7659",
            "high": "17.7809",
            "low": "17.7659",
            "close": "17.7813"
        },
        {
            "time": "27.01.2021 10:40",
            "open": "17.7813",
            "high": "17.7821",
            "low": "17.7813",
            "close": "17.8086"
        },
        {
            "time": "27.01.2021 10:42",
            "open": "17.8086",
            "high": "17.818",
            "low": "17.8086",
            "close": "17.8185"
        },
        {
            "time": "27.01.2021 10:43",
            "open": "17.8185",
            "high": "17.8185",
            "low": "17.8185",
            "close": "17.8269"
        },
        {
            "time": "27.01.2021 11:00",
            "open": "17.8269",
            "high": "17.8269",
            "low": "17.8269",
            "close": "17.8247"
        },
        {
            "time": "27.01.2021 11:01",
            "open": "17.8247",
            "high": "17.8247",
            "low": "17.8247",
            "close": "17.7759"
        },
        {
            "time": "27.01.2021 11:08",
            "open": "17.7759",
            "high": "17.7759",
            "low": "17.7758",
            "close": "17.8014"
        },
        {
            "time": "27.01.2021 11:12",
            "open": "17.8014",
            "high": "17.8181",
            "low": "17.8014",
            "close": "17.7801"
        },
        {
            "time": "27.01.2021 11:13",
            "open": "17.7801",
            "high": "17.7801",
            "low": "17.7752",
            "close": "17.8026"
        },
        {
            "time": "27.01.2021 11:14",
            "open": "17.8026",
            "high": "17.8115",
            "low": "17.8026",
            "close": "17.7961"
        },
        {
            "time": "27.01.2021 11:15",
            "open": "17.7961",
            "high": "17.7961",
            "low": "17.7957",
            "close": "17.8412"
        },
        {
            "time": "27.01.2021 11:18",
            "open": "17.8412",
            "high": "17.8412",
            "low": "17.8412",
            "close": "17.8181"
        },
        {
            "time": "27.01.2021 11:20",
            "open": "17.8181",
            "high": "17.8225",
            "low": "17.7894",
            "close": "17.8152"
        },
        {
            "time": "27.01.2021 11:21",
            "open": "17.8152",
            "high": "17.83",
            "low": "17.8152",
            "close": "17.8451"
        },
        {
            "time": "27.01.2021 11:28",
            "open": "17.8451",
            "high": "17.8451",
            "low": "17.8451",
            "close": "17.8572"
        },
        {
            "time": "27.01.2021 11:41",
            "open": "17.8572",
            "high": "17.8572",
            "low": "17.8572",
            "close": "17.8403"
        },
        {
            "time": "27.01.2021 11:43",
            "open": "17.8403",
            "high": "17.8403",
            "low": "17.8403",
            "close": "17.8611"
        },
        {
            "time": "27.01.2021 11:46",
            "open": "17.8611",
            "high": "17.8611",
            "low": "17.8611",
            "close": "17.9472"
        },
        {
            "time": "27.01.2021 12:06",
            "open": "17.9472",
            "high": "17.9472",
            "low": "17.9461",
            "close": "17.9369"
        },
        {
            "time": "27.01.2021 12:13",
            "open": "17.9369",
            "high": "17.9369",
            "low": "17.9303",
            "close": "17.9005"
        },
        {
            "time": "27.01.2021 12:16",
            "open": "17.9005",
            "high": "17.9009",
            "low": "17.9005",
            "close": "17.9243"
        },
        {
            "time": "27.01.2021 12:19",
            "open": "17.9243",
            "high": "17.9243",
            "low": "17.9243",
            "close": "17.9146"
        },
        {
            "time": "27.01.2021 12:30",
            "open": "17.9146",
            "high": "17.9157",
            "low": "17.9146",
            "close": "17.9201"
        },
        {
            "time": "27.01.2021 12:38",
            "open": "17.9201",
            "high": "17.9388",
            "low": "17.9201",
            "close": "17.9563"
        },
        {
            "time": "27.01.2021 12:39",
            "open": "17.9563",
            "high": "17.9563",
            "low": "17.9543",
            "close": "17.9309"
        },
        {
            "time": "27.01.2021 12:40",
            "open": "17.9309",
            "high": "17.9309",
            "low": "17.9221",
            "close": "17.8569"
        },
        {
            "time": "27.01.2021 12:43",
            "open": "17.8569",
            "high": "17.8569",
            "low": "17.8569",
            "close": "17.8988"
        },
        {
            "time": "27.01.2021 12:48",
            "open": "17.8988",
            "high": "17.8988",
            "low": "17.8988",
            "close": "17.8385"
        },
        {
            "time": "27.01.2021 12:50",
            "open": "17.8385",
            "high": "17.8385",
            "low": "17.8043",
            "close": "17.8037"
        },
        {
            "time": "27.01.2021 12:52",
            "open": "17.8037",
            "high": "17.8037",
            "low": "17.8037",
            "close": "17.7989"
        },
        {
            "time": "27.01.2021 12:54",
            "open": "17.7989",
            "high": "17.8096",
            "low": "17.7888",
            "close": "17.7812"
        },
        {
            "time": "27.01.2021 12:55",
            "open": "17.7812",
            "high": "17.7812",
            "low": "17.7812",
            "close": "17.7689"
        },
        {
            "time": "27.01.2021 12:58",
            "open": "17.7689",
            "high": "17.7689",
            "low": "17.7689",
            "close": "17.7955"
        },
        {
            "time": "27.01.2021 13:03",
            "open": "17.7955",
            "high": "17.7955",
            "low": "17.7819",
            "close": "17.8284"
        },
        {
            "time": "27.01.2021 13:06",
            "open": "17.8284",
            "high": "17.8284",
            "low": "17.8284",
            "close": "17.8632"
        },
        {
            "time": "27.01.2021 13:08",
            "open": "17.8632",
            "high": "17.8632",
            "low": "17.8632",
            "close": "17.85"
        },
        {
            "time": "27.01.2021 13:10",
            "open": "17.85",
            "high": "17.85",
            "low": "17.85",
            "close": "17.8006"
        },
        {
            "time": "27.01.2021 13:18",
            "open": "17.8006",
            "high": "17.8128",
            "low": "17.8006",
            "close": "17.8289"
        },
        {
            "time": "27.01.2021 13:28",
            "open": "17.8289",
            "high": "17.8289",
            "low": "17.8289",
            "close": "17.8397"
        },
        {
            "time": "27.01.2021 13:30",
            "open": "17.8397",
            "high": "17.8397",
            "low": "17.8397",
            "close": "17.8133"
        },
        {
            "time": "27.01.2021 13:36",
            "open": "17.8133",
            "high": "17.8133",
            "low": "17.8133",
            "close": "17.8107"
        },
        {
            "time": "27.01.2021 13:39",
            "open": "17.8107",
            "high": "17.8107",
            "low": "17.8107",
            "close": "17.821"
        },
        {
            "time": "27.01.2021 13:40",
            "open": "17.821",
            "high": "17.821",
            "low": "17.821",
            "close": "17.8006"
        },
        {
            "time": "27.01.2021 13:44",
            "open": "17.8006",
            "high": "17.8006",
            "low": "17.8006",
            "close": "17.8483"
        },
        {
            "time": "27.01.2021 13:54",
            "open": "17.8483",
            "high": "17.8809",
            "low": "17.831",
            "close": "17.8321"
        },
        {
            "time": "27.01.2021 13:56",
            "open": "17.8321",
            "high": "17.8434",
            "low": "17.8321",
            "close": "17.8583"
        },
        {
            "time": "27.01.2021 13:57",
            "open": "17.8583",
            "high": "17.8583",
            "low": "17.8583",
            "close": "17.8381"
        },
        {
            "time": "27.01.2021 13:58",
            "open": "17.8381",
            "high": "17.8383",
            "low": "17.8381",
            "close": "17.8621"
        },
        {
            "time": "27.01.2021 13:59",
            "open": "17.8621",
            "high": "17.8621",
            "low": "17.8621",
            "close": "17.8466"
        },
        {
            "time": "27.01.2021 14:08",
            "open": "17.8466",
            "high": "17.8466",
            "low": "17.8466",
            "close": "17.8572"
        },
        {
            "time": "27.01.2021 14:16",
            "open": "17.8572",
            "high": "17.8572",
            "low": "17.8572",
            "close": "17.8295"
        },
        {
            "time": "27.01.2021 14:18",
            "open": "17.8295",
            "high": "17.8295",
            "low": "17.8295",
            "close": "17.8205"
        },
        {
            "time": "27.01.2021 14:20",
            "open": "17.8205",
            "high": "17.8205",
            "low": "17.805",
            "close": "17.8076"
        },
        {
            "time": "27.01.2021 14:21",
            "open": "17.8076",
            "high": "17.8076",
            "low": "17.8076",
            "close": "17.8315"
        },
        {
            "time": "27.01.2021 14:24",
            "open": "17.8315",
            "high": "17.8315",
            "low": "17.8315",
            "close": "17.8379"
        },
        {
            "time": "27.01.2021 14:26",
            "open": "17.8379",
            "high": "17.8379",
            "low": "17.8078",
            "close": "17.8167"
        },
        {
            "time": "27.01.2021 14:27",
            "open": "17.8167",
            "high": "17.8209",
            "low": "17.8167",
            "close": "17.8567"
        },
        {
            "time": "27.01.2021 14:30",
            "open": "17.8567",
            "high": "17.8567",
            "low": "17.8567",
            "close": "17.8822"
        },
        {
            "time": "27.01.2021 14:49",
            "open": "17.8822",
            "high": "17.8822",
            "low": "17.8822",
            "close": "17.8465"
        },
        {
            "time": "27.01.2021 14:50",
            "open": "17.8465",
            "high": "17.8465",
            "low": "17.8465",
            "close": "17.8147"
        },
        {
            "time": "27.01.2021 14:51",
            "open": "17.8147",
            "high": "17.8147",
            "low": "17.8147",
            "close": "17.8148"
        },
        {
            "time": "27.01.2021 14:52",
            "open": "17.8148",
            "high": "17.8148",
            "low": "17.8148",
            "close": "17.7233"
        },
        {
            "time": "27.01.2021 15:03",
            "open": "17.7233",
            "high": "17.7233",
            "low": "17.7228",
            "close": "17.711"
        },
        {
            "time": "27.01.2021 15:04",
            "open": "17.711",
            "high": "17.7111",
            "low": "17.711",
            "close": "17.7376"
        },
        {
            "time": "27.01.2021 15:05",
            "open": "17.7376",
            "high": "17.7409",
            "low": "17.7286",
            "close": "17.7686"
        },
        {
            "time": "27.01.2021 15:06",
            "open": "17.7686",
            "high": "17.7686",
            "low": "17.7669",
            "close": "17.7417"
        },
        {
            "time": "27.01.2021 15:07",
            "open": "17.7417",
            "high": "17.7417",
            "low": "17.7417",
            "close": "17.754"
        },
        {
            "time": "27.01.2021 15:09",
            "open": "17.754",
            "high": "17.754",
            "low": "17.754",
            "close": "17.7304"
        },
        {
            "time": "27.01.2021 15:10",
            "open": "17.7304",
            "high": "17.7517",
            "low": "17.7303",
            "close": "17.7639"
        },
        {
            "time": "27.01.2021 15:14",
            "open": "17.7403",
            "high": "17.7403",
            "low": "17.7403",
            "close": "17.7541"
        },
        {
            "time": "27.01.2021 15:21",
            "open": "17.7541",
            "high": "17.7541",
            "low": "17.7541",
            "close": "17.7243"
        },
        {
            "time": "27.01.2021 15:30",
            "open": "17.7243",
            "high": "17.7243",
            "low": "17.7243",
            "close": "17.7205"
        },
        {
            "time": "27.01.2021 15:31",
            "open": "17.7205",
            "high": "17.7362",
            "low": "17.7205",
            "close": "17.7039"
        },
        {
            "time": "27.01.2021 15:36",
            "open": "17.7039",
            "high": "17.7039",
            "low": "17.7038",
            "close": "17.6678"
        },
        {
            "time": "27.01.2021 15:43",
            "open": "17.6678",
            "high": "17.6678",
            "low": "17.6678",
            "close": "17.6878"
        },
        {
            "time": "27.01.2021 15:44",
            "open": "17.6878",
            "high": "17.6878",
            "low": "17.6878",
            "close": "17.6359"
        },
        {
            "time": "27.01.2021 15:48",
            "open": "17.6359",
            "high": "17.6359",
            "low": "17.6358",
            "close": "17.6315"
        },
        {
            "time": "27.01.2021 15:50",
            "open": "17.6315",
            "high": "17.6485",
            "low": "17.6087",
            "close": "17.6184"
        },
        {
            "time": "27.01.2021 15:51",
            "open": "17.6184",
            "high": "17.6184",
            "low": "17.6062",
            "close": "17.6137"
        },
        {
            "time": "27.01.2021 15:52",
            "open": "17.6137",
            "high": "17.6137",
            "low": "17.6137",
            "close": "17.6"
        },
        {
            "time": "27.01.2021 15:54",
            "open": "17.6",
            "high": "17.6",
            "low": "17.6",
            "close": "17.6164"
        },
        {
            "time": "27.01.2021 15:56",
            "open": "17.6164",
            "high": "17.6164",
            "low": "17.6164",
            "close": "17.6"
        },
        {
            "time": "27.01.2021 15:58",
            "open": "17.6",
            "high": "17.6",
            "low": "17.5721",
            "close": "17.5918"
        },
        {
            "time": "27.01.2021 15:59",
            "open": "17.5918",
            "high": "17.6387",
            "low": "17.5918",
            "close": "17.6484"
        },
        {
            "time": "27.01.2021 16:01",
            "open": "17.6484",
            "high": "17.6484",
            "low": "17.6452",
            "close": "17.6737"
        },
        {
            "time": "27.01.2021 16:02",
            "open": "17.6737",
            "high": "17.6737",
            "low": "17.6737",
            "close": "17.7472"
        },
        {
            "time": "27.01.2021 16:08",
            "open": "17.7472",
            "high": "17.7473",
            "low": "17.7472",
            "close": "17.7259"
        },
        {
            "time": "27.01.2021 16:12",
            "open": "17.7259",
            "high": "17.7259",
            "low": "17.7259",
            "close": "17.7086"
        },
        {
            "time": "27.01.2021 16:15",
            "open": "17.7086",
            "high": "17.7086",
            "low": "17.7085",
            "close": "17.7375"
        },
        {
            "time": "27.01.2021 16:17",
            "open": "17.7375",
            "high": "17.7376",
            "low": "17.7375",
            "close": "17.7588"
        },
        {
            "time": "27.01.2021 16:19",
            "open": "17.7588",
            "high": "17.7626",
            "low": "17.7462",
            "close": "17.7359"
        },
        {
            "time": "27.01.2021 16:20",
            "open": "17.7359",
            "high": "17.7359",
            "low": "17.7359",
            "close": "17.7272"
        },
        {
            "time": "27.01.2021 16:21",
            "open": "17.7272",
            "high": "17.7272",
            "low": "17.7272",
            "close": "17.7593"
        },
        {
            "time": "27.01.2021 16:22",
            "open": "17.7593",
            "high": "17.7593",
            "low": "17.7593",
            "close": "17.7682"
        },
        {
            "time": "27.01.2021 16:25",
            "open": "17.7682",
            "high": "17.7682",
            "low": "17.7682",
            "close": "17.7462"
        },
        {
            "time": "27.01.2021 16:34",
            "open": "17.7462",
            "high": "17.7462",
            "low": "17.7442",
            "close": "17.7764"
        },
        {
            "time": "27.01.2021 16:41",
            "open": "17.7764",
            "high": "17.784",
            "low": "17.7764",
            "close": "17.7918"
        },
        {
            "time": "27.01.2021 16:45",
            "open": "17.7918",
            "high": "17.7918",
            "low": "17.7918",
            "close": "17.8483"
        },
        {
            "time": "27.01.2021 16:47",
            "open": "17.8483",
            "high": "17.8483",
            "low": "17.8483",
            "close": "17.8615"
        },
        {
            "time": "27.01.2021 16:48",
            "open": "17.8615",
            "high": "17.8632",
            "low": "17.8499",
            "close": "17.821"
        },
        {
            "time": "27.01.2021 16:50",
            "open": "17.821",
            "high": "17.821",
            "low": "17.821",
            "close": "17.8379"
        },
        {
            "time": "27.01.2021 16:52",
            "open": "17.8379",
            "high": "17.838",
            "low": "17.8379",
            "close": "17.8462"
        },
        {
            "time": "27.01.2021 16:56",
            "open": "17.8462",
            "high": "17.8462",
            "low": "17.8462",
            "close": "17.7817"
        },
        {
            "time": "27.01.2021 17:00",
            "open": "17.7817",
            "high": "17.8366",
            "low": "17.7817",
            "close": "17.7784"
        },
        {
            "time": "27.01.2021 17:01",
            "open": "17.7784",
            "high": "17.7784",
            "low": "17.7209",
            "close": "17.7374"
        },
        {
            "time": "27.01.2021 17:02",
            "open": "17.7378",
            "high": "17.7378",
            "low": "17.7378",
            "close": "17.7221"
        },
        {
            "time": "27.01.2021 17:03",
            "open": "17.7221",
            "high": "17.7311",
            "low": "17.7221",
            "close": "17.7108"
        },
        {
            "time": "27.01.2021 17:04",
            "open": "17.7108",
            "high": "17.7108",
            "low": "17.7108",
            "close": "17.7734"
        },
        {
            "time": "27.01.2021 17:05",
            "open": "17.7734",
            "high": "17.7734",
            "low": "17.7715",
            "close": "17.7842"
        },
        {
            "time": "27.01.2021 17:07",
            "open": "17.7842",
            "high": "17.8232",
            "low": "17.7842",
            "close": "17.8122"
        },
        {
            "time": "27.01.2021 17:08",
            "open": "17.8122",
            "high": "17.8122",
            "low": "17.8047",
            "close": "17.8157"
        },
        {
            "time": "27.01.2021 17:11",
            "open": "17.8157",
            "high": "17.8209",
            "low": "17.8157",
            "close": "17.7986"
        },
        {
            "time": "27.01.2021 17:14",
            "open": "17.7986",
            "high": "17.7986",
            "low": "17.7861",
            "close": "17.7941"
        },
        {
            "time": "27.01.2021 17:15",
            "open": "17.7941",
            "high": "17.7941",
            "low": "17.7941",
            "close": "17.7941"
        },
        {
            "time": "27.01.2021 17:16",
            "open": "17.7941",
            "high": "17.7941",
            "low": "17.7941",
            "close": "17.7861"
        },
        {
            "time": "27.01.2021 17:17",
            "open": "17.7861",
            "high": "17.7904",
            "low": "17.7792",
            "close": "17.7858"
        },
        {
            "time": "27.01.2021 17:18",
            "open": "17.7858",
            "high": "17.7858",
            "low": "17.7858",
            "close": "17.8149"
        },
        {
            "time": "27.01.2021 17:21",
            "open": "17.8149",
            "high": "17.8149",
            "low": "17.8149",
            "close": "17.8055"
        },
        {
            "time": "27.01.2021 17:22",
            "open": "17.8055",
            "high": "17.8055",
            "low": "17.8055",
            "close": "17.788"
        },
        {
            "time": "27.01.2021 17:24",
            "open": "17.788",
            "high": "17.788",
            "low": "17.788",
            "close": "17.801"
        },
        {
            "time": "27.01.2021 17:28",
            "open": "17.801",
            "high": "17.8272",
            "low": "17.801",
            "close": "17.8527"
        },
        {
            "time": "27.01.2021 17:29",
            "open": "17.8527",
            "high": "17.8527",
            "low": "17.84",
            "close": "17.8129"
        },
        {
            "time": "27.01.2021 17:30",
            "open": "17.8129",
            "high": "17.8129",
            "low": "17.8129",
            "close": "17.7927"
        },
        {
            "time": "27.01.2021 17:33",
            "open": "17.7927",
            "high": "17.7985",
            "low": "17.7837",
            "close": "17.7818"
        },
        {
            "time": "27.01.2021 17:34",
            "open": "17.7818",
            "high": "17.7821",
            "low": "17.7818",
            "close": "17.7785"
        },
        {
            "time": "27.01.2021 17:35",
            "open": "17.7785",
            "high": "17.7785",
            "low": "17.7784",
            "close": "17.7757"
        },
        {
            "time": "27.01.2021 17:38",
            "open": "17.7757",
            "high": "17.7998",
            "low": "17.7757",
            "close": "17.7993"
        },
        {
            "time": "27.01.2021 17:39",
            "open": "17.7993",
            "high": "17.7993",
            "low": "17.7993",
            "close": "17.7717"
        },
        {
            "time": "27.01.2021 17:40",
            "open": "17.7717",
            "high": "17.7717",
            "low": "17.7717",
            "close": "17.791"
        },
        {
            "time": "27.01.2021 17:47",
            "open": "17.791",
            "high": "17.791",
            "low": "17.7692",
            "close": "17.7277"
        },
        {
            "time": "27.01.2021 17:48",
            "open": "17.7277",
            "high": "17.7277",
            "low": "17.723",
            "close": "17.734"
        },
        {
            "time": "27.01.2021 17:49",
            "open": "17.734",
            "high": "17.734",
            "low": "17.734",
            "close": "17.7608"
        },
        {
            "time": "27.01.2021 17:50",
            "open": "17.7608",
            "high": "17.7611",
            "low": "17.7607",
            "close": "17.8035"
        },
        {
            "time": "27.01.2021 17:51",
            "open": "17.8035",
            "high": "17.8035",
            "low": "17.8033",
            "close": "17.8091"
        },
        {
            "time": "27.01.2021 17:52",
            "open": "17.8091",
            "high": "17.8091",
            "low": "17.8091",
            "close": "17.7991"
        },
        {
            "time": "27.01.2021 17:53",
            "open": "17.7991",
            "high": "17.7991",
            "low": "17.7991",
            "close": "17.7681"
        },
        {
            "time": "27.01.2021 17:54",
            "open": "17.7681",
            "high": "17.7681",
            "low": "17.7681",
            "close": "17.7558"
        },
        {
            "time": "27.01.2021 17:56",
            "open": "17.7558",
            "high": "17.7566",
            "low": "17.7558",
            "close": "17.7698"
        },
        {
            "time": "27.01.2021 17:57",
            "open": "17.7698",
            "high": "17.7698",
            "low": "17.7698",
            "close": "17.7603"
        },
        {
            "time": "27.01.2021 18:01",
            "open": "17.7603",
            "high": "17.7603",
            "low": "17.7603",
            "close": "17.7592"
        },
        {
            "time": "27.01.2021 18:03",
            "open": "17.7592",
            "high": "17.7767",
            "low": "17.7592",
            "close": "17.7622"
        },
        {
            "time": "27.01.2021 18:04",
            "open": "17.7622",
            "high": "17.7622",
            "low": "17.7622",
            "close": "17.7942"
        },
        {
            "time": "27.01.2021 18:05",
            "open": "17.7942",
            "high": "17.7942",
            "low": "17.7942",
            "close": "17.8265"
        },
        {
            "time": "27.01.2021 18:07",
            "open": "17.8265",
            "high": "17.8265",
            "low": "17.8265",
            "close": "17.8055"
        },
        {
            "time": "27.01.2021 18:09",
            "open": "17.8055",
            "high": "17.8055",
            "low": "17.8055",
            "close": "17.8098"
        },
        {
            "time": "27.01.2021 18:11",
            "open": "17.8098",
            "high": "17.8098",
            "low": "17.8098",
            "close": "17.7985"
        },
        {
            "time": "27.01.2021 18:12",
            "open": "17.7985",
            "high": "17.7985",
            "low": "17.7937",
            "close": "17.8296"
        },
        {
            "time": "27.01.2021 18:13",
            "open": "17.8296",
            "high": "17.831",
            "low": "17.8296",
            "close": "17.8311"
        },
        {
            "time": "27.01.2021 18:14",
            "open": "17.8311",
            "high": "17.8311",
            "low": "17.8311",
            "close": "17.8262"
        },
        {
            "time": "27.01.2021 18:15",
            "open": "17.8262",
            "high": "17.8262",
            "low": "17.8262",
            "close": "17.8544"
        },
        {
            "time": "27.01.2021 18:21",
            "open": "17.8544",
            "high": "17.8544",
            "low": "17.8544",
            "close": "17.8445"
        },
        {
            "time": "27.01.2021 18:23",
            "open": "17.8445",
            "high": "17.8445",
            "low": "17.8445",
            "close": "17.8413"
        },
        {
            "time": "27.01.2021 18:24",
            "open": "17.8413",
            "high": "17.8476",
            "low": "17.8413",
            "close": "17.7569"
        },
        {
            "time": "27.01.2021 18:36",
            "open": "17.7569",
            "high": "17.7569",
            "low": "17.7569",
            "close": "17.758"
        },
        {
            "time": "27.01.2021 18:37",
            "open": "17.758",
            "high": "17.758",
            "low": "17.7579",
            "close": "17.7251"
        },
        {
            "time": "27.01.2021 18:38",
            "open": "17.7251",
            "high": "17.7251",
            "low": "17.7251",
            "close": "17.762"
        },
        {
            "time": "27.01.2021 18:47",
            "open": "17.762",
            "high": "17.762",
            "low": "17.762",
            "close": "17.7513"
        },
        {
            "time": "27.01.2021 18:52",
            "open": "17.7513",
            "high": "17.7513",
            "low": "17.7513",
            "close": "17.7894"
        },
        {
            "time": "27.01.2021 18:57",
            "open": "17.7894",
            "high": "17.7894",
            "low": "17.7894",
            "close": "17.766"
        },
        {
            "time": "27.01.2021 19:15",
            "open": "17.766",
            "high": "17.766",
            "low": "17.766",
            "close": "17.7605"
        },
        {
            "time": "27.01.2021 19:17",
            "open": "17.7605",
            "high": "17.7841",
            "low": "17.7605",
            "close": "17.7411"
        },
        {
            "time": "27.01.2021 19:28",
            "open": "17.7411",
            "high": "17.7751",
            "low": "17.7408",
            "close": "17.7292"
        },
        {
            "time": "27.01.2021 19:30",
            "open": "17.7292",
            "high": "17.7292",
            "low": "17.7292",
            "close": "17.7572"
        },
        {
            "time": "27.01.2021 19:31",
            "open": "17.7572",
            "high": "17.7572",
            "low": "17.7572",
            "close": "17.7"
        },
        {
            "time": "27.01.2021 19:38",
            "open": "17.7",
            "high": "17.7",
            "low": "17.7",
            "close": "17.7032"
        },
        {
            "time": "27.01.2021 19:39",
            "open": "17.7032",
            "high": "17.7032",
            "low": "17.7032",
            "close": "17.6385"
        },
        {
            "time": "27.01.2021 19:47",
            "open": "17.6385",
            "high": "17.6385",
            "low": "17.6385",
            "close": "17.6844"
        },
        {
            "time": "27.01.2021 19:49",
            "open": "17.6844",
            "high": "17.6844",
            "low": "17.6844",
            "close": "17.6755"
        },
        {
            "time": "27.01.2021 19:51",
            "open": "17.6755",
            "high": "17.6823",
            "low": "17.6755",
            "close": "17.6366"
        },
        {
            "time": "27.01.2021 19:54",
            "open": "17.6366",
            "high": "17.6366",
            "low": "17.6366",
            "close": "17.6582"
        },
        {
            "time": "27.01.2021 19:56",
            "open": "17.6582",
            "high": "17.6582",
            "low": "17.6582",
            "close": "17.6609"
        },
        {
            "time": "27.01.2021 20:00",
            "open": "17.6609",
            "high": "17.6609",
            "low": "17.6609",
            "close": "17.6723"
        },
        {
            "time": "27.01.2021 20:01",
            "open": "17.6723",
            "high": "17.6723",
            "low": "17.6723",
            "close": "17.7143"
        },
        {
            "time": "27.01.2021 20:08",
            "open": "17.7143",
            "high": "17.7143",
            "low": "17.7132",
            "close": "17.7369"
        },
        {
            "time": "27.01.2021 20:11",
            "open": "17.7369",
            "high": "17.7372",
            "low": "17.7369",
            "close": "17.7722"
        },
        {
            "time": "27.01.2021 20:12",
            "open": "17.7722",
            "high": "17.7722",
            "low": "17.7722",
            "close": "17.7409"
        },
        {
            "time": "27.01.2021 20:13",
            "open": "17.7409",
            "high": "17.7409",
            "low": "17.7409",
            "close": "17.729"
        },
        {
            "time": "27.01.2021 20:16",
            "open": "17.729",
            "high": "17.743",
            "low": "17.7289",
            "close": "17.7344"
        },
        {
            "time": "27.01.2021 20:21",
            "open": "17.7344",
            "high": "17.7449",
            "low": "17.7344",
            "close": "17.7055"
        },
        {
            "time": "27.01.2021 20:31",
            "open": "17.7055",
            "high": "17.7129",
            "low": "17.7055",
            "close": "17.7225"
        },
        {
            "time": "27.01.2021 20:32",
            "open": "17.7225",
            "high": "17.7225",
            "low": "17.7225",
            "close": "17.6725"
        },
        {
            "time": "27.01.2021 20:36",
            "open": "17.6725",
            "high": "17.6725",
            "low": "17.6725",
            "close": "17.6877"
        },
        {
            "time": "27.01.2021 20:37",
            "open": "17.6877",
            "high": "17.6991",
            "low": "17.6877",
            "close": "17.6991"
        },
        {
            "time": "27.01.2021 20:38",
            "open": "17.6991",
            "high": "17.6991",
            "low": "17.6991",
            "close": "17.6834"
        },
        {
            "time": "27.01.2021 20:43",
            "open": "17.6834",
            "high": "17.6834",
            "low": "17.6834",
            "close": "17.6871"
        },
        {
            "time": "27.01.2021 20:44",
            "open": "17.6871",
            "high": "17.6871",
            "low": "17.6871",
            "close": "17.7075"
        },
        {
            "time": "27.01.2021 20:46",
            "open": "17.7075",
            "high": "17.7142",
            "low": "17.7075",
            "close": "17.6588"
        },
        {
            "time": "27.01.2021 20:51",
            "open": "17.6588",
            "high": "17.6588",
            "low": "17.636",
            "close": "17.6513"
        },
        {
            "time": "27.01.2021 20:54",
            "open": "17.6513",
            "high": "17.6513",
            "low": "17.6513",
            "close": "17.6777"
        },
        {
            "time": "27.01.2021 20:55",
            "open": "17.6777",
            "high": "17.6786",
            "low": "17.6777",
            "close": "17.6991"
        },
        {
            "time": "27.01.2021 20:56",
            "open": "17.6991",
            "high": "17.7024",
            "low": "17.6991",
            "close": "17.677"
        },
        {
            "time": "27.01.2021 21:00",
            "open": "17.677",
            "high": "17.677",
            "low": "17.677",
            "close": "17.6539"
        },
        {
            "time": "27.01.2021 21:02",
            "open": "17.6539",
            "high": "17.6543",
            "low": "17.6539",
            "close": "17.6781"
        },
        {
            "time": "27.01.2021 21:03",
            "open": "17.6781",
            "high": "17.6848",
            "low": "17.6781",
            "close": "17.6804"
        },
        {
            "time": "27.01.2021 21:04",
            "open": "17.6804",
            "high": "17.7442",
            "low": "17.6678",
            "close": "17.74"
        },
        {
            "time": "27.01.2021 21:05",
            "open": "17.74",
            "high": "17.74",
            "low": "17.7319",
            "close": "17.7346"
        },
        {
            "time": "27.01.2021 21:06",
            "open": "17.7346",
            "high": "17.7536",
            "low": "17.733",
            "close": "17.7773"
        },
        {
            "time": "27.01.2021 21:07",
            "open": "17.7773",
            "high": "17.7773",
            "low": "17.7773",
            "close": "17.7557"
        },
        {
            "time": "27.01.2021 21:10",
            "open": "17.7557",
            "high": "17.7557",
            "low": "17.7557",
            "close": "17.7513"
        },
        {
            "time": "27.01.2021 21:14",
            "open": "17.7513",
            "high": "17.7513",
            "low": "17.7513",
            "close": "17.7515"
        },
        {
            "time": "27.01.2021 21:15",
            "open": "17.7515",
            "high": "17.7515",
            "low": "17.7515",
            "close": "17.7998"
        },
        {
            "time": "27.01.2021 21:17",
            "open": "17.7998",
            "high": "17.7998",
            "low": "17.7998",
            "close": "17.7952"
        },
        {
            "time": "27.01.2021 21:19",
            "open": "17.7952",
            "high": "17.7952",
            "low": "17.7952",
            "close": "17.7623"
        },
        {
            "time": "27.01.2021 21:22",
            "open": "17.7623",
            "high": "17.7827",
            "low": "17.7623",
            "close": "17.793"
        },
        {
            "time": "27.01.2021 21:23",
            "open": "17.793",
            "high": "17.793",
            "low": "17.7745",
            "close": "17.7963"
        },
        {
            "time": "27.01.2021 21:24",
            "open": "17.7963",
            "high": "17.7988",
            "low": "17.7963",
            "close": "17.7716"
        },
        {
            "time": "27.01.2021 21:26",
            "open": "17.7716",
            "high": "17.7841",
            "low": "17.7697",
            "close": "17.751"
        },
        {
            "time": "27.01.2021 21:31",
            "open": "17.751",
            "high": "17.751",
            "low": "17.751",
            "close": "17.7717"
        },
        {
            "time": "27.01.2021 21:47",
            "open": "17.7717",
            "high": "17.7717",
            "low": "17.7717",
            "close": "17.7595"
        },
        {
            "time": "27.01.2021 21:48",
            "open": "17.7595",
            "high": "17.7614",
            "low": "17.7595",
            "close": "17.7547"
        },
        {
            "time": "27.01.2021 21:49",
            "open": "17.7547",
            "high": "17.7559",
            "low": "17.7547",
            "close": "17.7446"
        },
        {
            "time": "27.01.2021 21:50",
            "open": "17.7446",
            "high": "17.7578",
            "low": "17.7446",
            "close": "17.7999"
        },
        {
            "time": "27.01.2021 21:53",
            "open": "17.7999",
            "high": "17.8",
            "low": "17.7999",
            "close": "17.8077"
        },
        {
            "time": "27.01.2021 21:54",
            "open": "17.8077",
            "high": "17.8077",
            "low": "17.8076",
            "close": "17.7681"
        },
        {
            "time": "27.01.2021 22:23",
            "open": "17.7681",
            "high": "17.7681",
            "low": "17.7681",
            "close": "17.7729"
        },
        {
            "time": "27.01.2021 22:29",
            "open": "17.7729",
            "high": "17.7827",
            "low": "17.7524",
            "close": "17.7851"
        },
        {
            "time": "27.01.2021 22:31",
            "open": "17.7851",
            "high": "17.7851",
            "low": "17.7851",
            "close": "17.7446"
        },
        {
            "time": "27.01.2021 22:36",
            "open": "17.7446",
            "high": "17.7446",
            "low": "17.7446",
            "close": "17.7136"
        },
        {
            "time": "27.01.2021 22:45",
            "open": "17.7136",
            "high": "17.7136",
            "low": "17.7136",
            "close": "17.7373"
        },
        {
            "time": "27.01.2021 22:46",
            "open": "17.7373",
            "high": "17.7373",
            "low": "17.7373",
            "close": "17.7439"
        },
        {
            "time": "27.01.2021 22:47",
            "open": "17.7439",
            "high": "17.7439",
            "low": "17.7394",
            "close": "17.7046"
        },
        {
            "time": "27.01.2021 22:51",
            "open": "17.7046",
            "high": "17.7046",
            "low": "17.7046",
            "close": "17.7293"
        },
        {
            "time": "27.01.2021 22:52",
            "open": "17.7293",
            "high": "17.7293",
            "low": "17.7293",
            "close": "17.7502"
        },
        {
            "time": "27.01.2021 23:07",
            "open": "17.7502",
            "high": "17.7502",
            "low": "17.7502",
            "close": "17.8011"
        },
        {
            "time": "27.01.2021 23:14",
            "open": "17.8011",
            "high": "17.8011",
            "low": "17.8011",
            "close": "17.7993"
        },
        {
            "time": "27.01.2021 23:19",
            "open": "17.7993",
            "high": "17.7994",
            "low": "17.7993",
            "close": "17.7966"
        },
        {
            "time": "27.01.2021 23:23",
            "open": "17.7966",
            "high": "17.7966",
            "low": "17.7966",
            "close": "17.7803"
        },
        {
            "time": "27.01.2021 23:35",
            "open": "17.7803",
            "high": "17.7803",
            "low": "17.7803",
            "close": "17.7635"
        },
        {
            "time": "27.01.2021 23:37",
            "open": "17.7635",
            "high": "17.7635",
            "low": "17.7635",
            "close": "17.7418"
        },
        {
            "time": "27.01.2021 23:41",
            "open": "17.7418",
            "high": "17.7431",
            "low": "17.7418",
            "close": "17.7863"
        }
    ]
}