{
    "FIL-EUR": [
        {
            "time": "03.07.2021 23:55",
            "open": "49.8488",
            "high": "49.8488",
            "low": "49.8488",
            "close": "49.4136"
        },
        {
            "time": "04.07.2021 00:01",
            "open": "49.4136",
            "high": "49.4136",
            "low": "49.4136",
            "close": "49.1744"
        },
        {
            "time": "04.07.2021 00:10",
            "open": "49.1744",
            "high": "49.1744",
            "low": "49.1488",
            "close": "49.3459"
        },
        {
            "time": "04.07.2021 00:16",
            "open": "49.3459",
            "high": "49.3459",
            "low": "49.2948",
            "close": "49.0462"
        },
        {
            "time": "04.07.2021 00:31",
            "open": "49.0462",
            "high": "49.0462",
            "low": "49.0462",
            "close": "48.9923"
        },
        {
            "time": "04.07.2021 00:32",
            "open": "48.9923",
            "high": "48.9923",
            "low": "48.9923",
            "close": "48.8385"
        },
        {
            "time": "04.07.2021 00:34",
            "open": "48.8385",
            "high": "48.8385",
            "low": "48.8385",
            "close": "49.0979"
        },
        {
            "time": "04.07.2021 00:46",
            "open": "49.0979",
            "high": "49.0979",
            "low": "49.0979",
            "close": "49.2948"
        },
        {
            "time": "04.07.2021 00:55",
            "open": "49.2948",
            "high": "49.2948",
            "low": "49.2948",
            "close": "49.2948"
        },
        {
            "time": "04.07.2021 00:57",
            "open": "49.2948",
            "high": "49.2948",
            "low": "49.2948",
            "close": "49"
        },
        {
            "time": "04.07.2021 01:17",
            "open": "49",
            "high": "49",
            "low": "49",
            "close": "49.0348"
        },
        {
            "time": "04.07.2021 01:20",
            "open": "49.0348",
            "high": "49.0348",
            "low": "49.0347",
            "close": "49.1813"
        },
        {
            "time": "04.07.2021 01:36",
            "open": "49.1813",
            "high": "49.1813",
            "low": "49.1813",
            "close": "49.2948"
        },
        {
            "time": "04.07.2021 01:39",
            "open": "49.2948",
            "high": "49.2948",
            "low": "49.2948",
            "close": "49.5643"
        },
        {
            "time": "04.07.2021 01:58",
            "open": "49.5643",
            "high": "49.5643",
            "low": "49.5643",
            "close": "49.4992"
        },
        {
            "time": "04.07.2021 02:01",
            "open": "49.4992",
            "high": "49.5202",
            "low": "49.4992",
            "close": "49.467"
        },
        {
            "time": "04.07.2021 02:04",
            "open": "49.467",
            "high": "49.467",
            "low": "49.467",
            "close": "49.4273"
        },
        {
            "time": "04.07.2021 02:06",
            "open": "49.4273",
            "high": "49.4273",
            "low": "49.4273",
            "close": "49.3204"
        },
        {
            "time": "04.07.2021 02:08",
            "open": "49.3204",
            "high": "49.3204",
            "low": "49.3204",
            "close": "49.5"
        },
        {
            "time": "04.07.2021 02:20",
            "open": "49.5",
            "high": "49.5",
            "low": "49.5",
            "close": "49.4331"
        },
        {
            "time": "04.07.2021 02:24",
            "open": "49.4331",
            "high": "49.4331",
            "low": "49.4331",
            "close": "49.549"
        },
        {
            "time": "04.07.2021 02:31",
            "open": "49.549",
            "high": "49.549",
            "low": "49.549",
            "close": "49.6588"
        },
        {
            "time": "04.07.2021 02:33",
            "open": "49.6588",
            "high": "49.6588",
            "low": "49.6588",
            "close": "49.4537"
        },
        {
            "time": "04.07.2021 02:36",
            "open": "49.4537",
            "high": "49.4537",
            "low": "49.4537",
            "close": "49.2279"
        },
        {
            "time": "04.07.2021 02:50",
            "open": "49.2279",
            "high": "49.2279",
            "low": "49.2279",
            "close": "49.0937"
        },
        {
            "time": "04.07.2021 02:59",
            "open": "49.0937",
            "high": "49.0937",
            "low": "49.0937",
            "close": "49.0551"
        },
        {
            "time": "04.07.2021 03:06",
            "open": "49.0551",
            "high": "49.0551",
            "low": "49.0398",
            "close": "48.946"
        },
        {
            "time": "04.07.2021 03:08",
            "open": "48.946",
            "high": "48.946",
            "low": "48.9459",
            "close": "48.9374"
        },
        {
            "time": "04.07.2021 03:09",
            "open": "48.9374",
            "high": "49.0028",
            "low": "48.9277",
            "close": "49.0212"
        },
        {
            "time": "04.07.2021 03:13",
            "open": "49.0212",
            "high": "49.0212",
            "low": "49.0212",
            "close": "49.0485"
        },
        {
            "time": "04.07.2021 03:25",
            "open": "49.0485",
            "high": "49.0485",
            "low": "49.0485",
            "close": "49.1261"
        },
        {
            "time": "04.07.2021 03:30",
            "open": "49.1261",
            "high": "49.1302",
            "low": "49.056",
            "close": "49.0442"
        },
        {
            "time": "04.07.2021 03:31",
            "open": "49.0442",
            "high": "49.0442",
            "low": "49.0442",
            "close": "49.0851"
        },
        {
            "time": "04.07.2021 03:42",
            "open": "49.0851",
            "high": "49.0851",
            "low": "49.0851",
            "close": "48.9441"
        },
        {
            "time": "04.07.2021 04:00",
            "open": "48.9441",
            "high": "48.9441",
            "low": "48.9441",
            "close": "49.1112"
        },
        {
            "time": "04.07.2021 04:12",
            "open": "49.1112",
            "high": "49.1112",
            "low": "49.1112",
            "close": "49.1964"
        },
        {
            "time": "04.07.2021 04:13",
            "open": "49.1964",
            "high": "49.1964",
            "low": "49.1964",
            "close": "49.3926"
        },
        {
            "time": "04.07.2021 04:36",
            "open": "49.3926",
            "high": "49.3927",
            "low": "49.3926",
            "close": "49.3755"
        },
        {
            "time": "04.07.2021 04:43",
            "open": "49.3755",
            "high": "49.4003",
            "low": "49.3755",
            "close": "49.3897"
        },
        {
            "time": "04.07.2021 05:01",
            "open": "49.3897",
            "high": "49.3897",
            "low": "49.3897",
            "close": "49.5076"
        },
        {
            "time": "04.07.2021 05:26",
            "open": "49.5076",
            "high": "49.5076",
            "low": "49.5076",
            "close": "49.5076"
        },
        {
            "time": "04.07.2021 05:32",
            "open": "49.5076",
            "high": "49.5076",
            "low": "49.5076",
            "close": "49.5026"
        },
        {
            "time": "04.07.2021 05:33",
            "open": "49.5026",
            "high": "49.5026",
            "low": "49.5026",
            "close": "49.5323"
        },
        {
            "time": "04.07.2021 05:47",
            "open": "49.5323",
            "high": "49.5323",
            "low": "49.5323",
            "close": "49.4361"
        },
        {
            "time": "04.07.2021 05:55",
            "open": "49.4361",
            "high": "49.4361",
            "low": "49.4361",
            "close": "49.6181"
        },
        {
            "time": "04.07.2021 06:06",
            "open": "49.6181",
            "high": "49.6181",
            "low": "49.6181",
            "close": "49.6445"
        },
        {
            "time": "04.07.2021 06:07",
            "open": "49.6445",
            "high": "49.7151",
            "low": "49.6445",
            "close": "49.6675"
        },
        {
            "time": "04.07.2021 06:08",
            "open": "49.6675",
            "high": "49.669",
            "low": "49.6675",
            "close": "49.6576"
        },
        {
            "time": "04.07.2021 06:09",
            "open": "49.6576",
            "high": "49.6577",
            "low": "49.6576",
            "close": "49.6338"
        },
        {
            "time": "04.07.2021 06:10",
            "open": "49.6338",
            "high": "49.6338",
            "low": "49.6338",
            "close": "49.5878"
        },
        {
            "time": "04.07.2021 06:11",
            "open": "49.5878",
            "high": "49.6288",
            "low": "49.5878",
            "close": "49.6265"
        },
        {
            "time": "04.07.2021 06:12",
            "open": "49.6265",
            "high": "49.6265",
            "low": "49.6265",
            "close": "49.6174"
        },
        {
            "time": "04.07.2021 06:13",
            "open": "49.6174",
            "high": "49.6174",
            "low": "49.6174",
            "close": "49.6277"
        },
        {
            "time": "04.07.2021 06:14",
            "open": "49.6277",
            "high": "49.6277",
            "low": "49.6277",
            "close": "49.6574"
        },
        {
            "time": "04.07.2021 06:16",
            "open": "49.6574",
            "high": "49.6575",
            "low": "49.6574",
            "close": "49.6956"
        },
        {
            "time": "04.07.2021 06:17",
            "open": "49.6956",
            "high": "49.6956",
            "low": "49.6956",
            "close": "49.6633"
        },
        {
            "time": "04.07.2021 06:18",
            "open": "49.6633",
            "high": "49.6633",
            "low": "49.6633",
            "close": "49.6646"
        },
        {
            "time": "04.07.2021 06:19",
            "open": "49.6646",
            "high": "49.6648",
            "low": "49.6646",
            "close": "49.6871"
        },
        {
            "time": "04.07.2021 06:20",
            "open": "49.6871",
            "high": "49.6872",
            "low": "49.6871",
            "close": "49.6814"
        },
        {
            "time": "04.07.2021 06:21",
            "open": "49.6814",
            "high": "49.6817",
            "low": "49.6814",
            "close": "49.6567"
        },
        {
            "time": "04.07.2021 06:22",
            "open": "49.6567",
            "high": "49.6584",
            "low": "49.6567",
            "close": "49.6631"
        },
        {
            "time": "04.07.2021 06:23",
            "open": "49.6631",
            "high": "49.6632",
            "low": "49.6631",
            "close": "49.6489"
        },
        {
            "time": "04.07.2021 06:31",
            "open": "49.6489",
            "high": "49.6489",
            "low": "49.6489",
            "close": "49.6489"
        },
        {
            "time": "04.07.2021 06:32",
            "open": "49.6489",
            "high": "49.6489",
            "low": "49.6489",
            "close": "49.6489"
        },
        {
            "time": "04.07.2021 06:34",
            "open": "49.6489",
            "high": "49.6489",
            "low": "49.6489",
            "close": "49.7253"
        },
        {
            "time": "04.07.2021 06:41",
            "open": "49.7253",
            "high": "49.7264",
            "low": "49.7253",
            "close": "49.9102"
        },
        {
            "time": "04.07.2021 07:41",
            "open": "49.9102",
            "high": "49.9102",
            "low": "49.9102",
            "close": "50.0836"
        },
        {
            "time": "04.07.2021 07:43",
            "open": "50.0836",
            "high": "50.0836",
            "low": "50.0836",
            "close": "50.0999"
        },
        {
            "time": "04.07.2021 07:58",
            "open": "50.0999",
            "high": "50.0999",
            "low": "50.0999",
            "close": "50.0998"
        },
        {
            "time": "04.07.2021 08:03",
            "open": "50.0998",
            "high": "50.0998",
            "low": "50.0491",
            "close": "50.0017"
        },
        {
            "time": "04.07.2021 08:08",
            "open": "50.0017",
            "high": "50.0017",
            "low": "50.0017",
            "close": "50.102"
        },
        {
            "time": "04.07.2021 08:20",
            "open": "50.102",
            "high": "50.102",
            "low": "50.102",
            "close": "50.1679"
        },
        {
            "time": "04.07.2021 08:28",
            "open": "50.1679",
            "high": "50.1679",
            "low": "50.1679",
            "close": "50.1302"
        },
        {
            "time": "04.07.2021 08:31",
            "open": "50.1302",
            "high": "50.1302",
            "low": "50.1302",
            "close": "50.1805"
        },
        {
            "time": "04.07.2021 08:38",
            "open": "50.1805",
            "high": "50.1805",
            "low": "50.1805",
            "close": "50.1302"
        },
        {
            "time": "04.07.2021 08:39",
            "open": "50.1302",
            "high": "50.1302",
            "low": "50.1302",
            "close": "50.2445"
        },
        {
            "time": "04.07.2021 08:43",
            "open": "50.2445",
            "high": "50.2445",
            "low": "50.2445",
            "close": "50.3005"
        },
        {
            "time": "04.07.2021 08:52",
            "open": "50.3005",
            "high": "50.4009",
            "low": "50.3005",
            "close": "50.3793"
        },
        {
            "time": "04.07.2021 08:53",
            "open": "50.3793",
            "high": "50.3793",
            "low": "50.3116",
            "close": "50.4024"
        },
        {
            "time": "04.07.2021 08:54",
            "open": "50.4024",
            "high": "50.4024",
            "low": "50.4024",
            "close": "50.451"
        },
        {
            "time": "04.07.2021 08:55",
            "open": "50.451",
            "high": "50.5012",
            "low": "50.451",
            "close": "50.3794"
        },
        {
            "time": "04.07.2021 09:06",
            "open": "50.3794",
            "high": "50.4106",
            "low": "50.3794",
            "close": "50.4373"
        },
        {
            "time": "04.07.2021 09:07",
            "open": "50.4373",
            "high": "50.4373",
            "low": "50.4373",
            "close": "50.5479"
        },
        {
            "time": "04.07.2021 09:18",
            "open": "50.5479",
            "high": "50.5481",
            "low": "50.5479",
            "close": "50.55"
        },
        {
            "time": "04.07.2021 09:22",
            "open": "50.55",
            "high": "50.55",
            "low": "50.55",
            "close": "50.7843"
        },
        {
            "time": "04.07.2021 09:24",
            "open": "50.7843",
            "high": "50.7843",
            "low": "50.7843",
            "close": "50.8338"
        },
        {
            "time": "04.07.2021 09:25",
            "open": "50.8338",
            "high": "50.968",
            "low": "50.8338",
            "close": "50.95"
        },
        {
            "time": "04.07.2021 09:26",
            "open": "50.95",
            "high": "50.95",
            "low": "50.95",
            "close": "50.8338"
        },
        {
            "time": "04.07.2021 09:29",
            "open": "50.8338",
            "high": "50.8338",
            "low": "50.8338",
            "close": "50.8223"
        },
        {
            "time": "04.07.2021 09:31",
            "open": "50.8223",
            "high": "50.8223",
            "low": "50.8223",
            "close": "50.8072"
        },
        {
            "time": "04.07.2021 09:32",
            "open": "50.8072",
            "high": "50.8072",
            "low": "50.8072",
            "close": "50.8072"
        },
        {
            "time": "04.07.2021 09:33",
            "open": "50.8072",
            "high": "50.8072",
            "low": "50.783",
            "close": "50.7795"
        },
        {
            "time": "04.07.2021 09:35",
            "open": "50.7795",
            "high": "50.7795",
            "low": "50.7795",
            "close": "50.9747"
        },
        {
            "time": "04.07.2021 09:40",
            "open": "50.9747",
            "high": "50.9747",
            "low": "50.9747",
            "close": "50.8438"
        },
        {
            "time": "04.07.2021 09:41",
            "open": "50.8438",
            "high": "50.8438",
            "low": "50.8438",
            "close": "50.7999"
        },
        {
            "time": "04.07.2021 09:45",
            "open": "50.7999",
            "high": "50.7999",
            "low": "50.7999",
            "close": "50.8258"
        },
        {
            "time": "04.07.2021 09:50",
            "open": "50.8258",
            "high": "50.8894",
            "low": "50.8258",
            "close": "50.8044"
        },
        {
            "time": "04.07.2021 09:51",
            "open": "50.8044",
            "high": "50.8044",
            "low": "50.8044",
            "close": "50.7729"
        },
        {
            "time": "04.07.2021 09:53",
            "open": "50.7729",
            "high": "50.7729",
            "low": "50.7729",
            "close": "51.002"
        },
        {
            "time": "04.07.2021 09:55",
            "open": "51.002",
            "high": "51.002",
            "low": "50.9892",
            "close": "50.8548"
        },
        {
            "time": "04.07.2021 10:01",
            "open": "50.8548",
            "high": "50.8548",
            "low": "50.8548",
            "close": "50.8548"
        },
        {
            "time": "04.07.2021 10:02",
            "open": "50.8548",
            "high": "50.8548",
            "low": "50.8548",
            "close": "50.803"
        },
        {
            "time": "04.07.2021 10:03",
            "open": "50.803",
            "high": "50.803",
            "low": "50.803",
            "close": "50.803"
        },
        {
            "time": "04.07.2021 10:04",
            "open": "50.803",
            "high": "50.803",
            "low": "50.7792",
            "close": "50.7669"
        },
        {
            "time": "04.07.2021 10:10",
            "open": "50.7669",
            "high": "50.7669",
            "low": "50.7669",
            "close": "50.7087"
        },
        {
            "time": "04.07.2021 10:11",
            "open": "50.7087",
            "high": "50.7087",
            "low": "50.6796",
            "close": "50.6108"
        },
        {
            "time": "04.07.2021 10:13",
            "open": "50.6108",
            "high": "50.6108",
            "low": "50.6108",
            "close": "50.5905"
        },
        {
            "time": "04.07.2021 10:14",
            "open": "50.5905",
            "high": "50.5905",
            "low": "50.5759",
            "close": "50.5345"
        },
        {
            "time": "04.07.2021 10:15",
            "open": "50.5345",
            "high": "50.5345",
            "low": "50.5345",
            "close": "50.3657"
        },
        {
            "time": "04.07.2021 10:18",
            "open": "50.3657",
            "high": "50.3712",
            "low": "50.3657",
            "close": "50.3175"
        },
        {
            "time": "04.07.2021 10:25",
            "open": "50.3175",
            "high": "50.3175",
            "low": "50.3175",
            "close": "50.2729"
        },
        {
            "time": "04.07.2021 10:30",
            "open": "50.2729",
            "high": "50.2729",
            "low": "50.2729",
            "close": "50.2814"
        },
        {
            "time": "04.07.2021 10:32",
            "open": "50.2814",
            "high": "50.2814",
            "low": "50.2814",
            "close": "50.3744"
        },
        {
            "time": "04.07.2021 10:37",
            "open": "50.3744",
            "high": "50.4184",
            "low": "50.3744",
            "close": "50.3625"
        },
        {
            "time": "04.07.2021 10:38",
            "open": "50.3625",
            "high": "50.3625",
            "low": "50.3574",
            "close": "50.4128"
        },
        {
            "time": "04.07.2021 10:39",
            "open": "50.4128",
            "high": "50.4128",
            "low": "50.4128",
            "close": "50.4221"
        },
        {
            "time": "04.07.2021 10:41",
            "open": "50.4221",
            "high": "50.4221",
            "low": "50.4221",
            "close": "50.3645"
        },
        {
            "time": "04.07.2021 10:43",
            "open": "50.3645",
            "high": "50.3645",
            "low": "50.3645",
            "close": "50.3977"
        },
        {
            "time": "04.07.2021 10:59",
            "open": "50.3977",
            "high": "50.3977",
            "low": "50.3977",
            "close": "50.3995"
        },
        {
            "time": "04.07.2021 11:01",
            "open": "50.3995",
            "high": "50.3995",
            "low": "50.3995",
            "close": "50.3995"
        },
        {
            "time": "04.07.2021 11:02",
            "open": "50.3995",
            "high": "50.4474",
            "low": "50.3995",
            "close": "50.2814"
        },
        {
            "time": "04.07.2021 11:06",
            "open": "50.2814",
            "high": "50.2814",
            "low": "50.2814",
            "close": "50.2729"
        },
        {
            "time": "04.07.2021 11:07",
            "open": "50.2729",
            "high": "50.2729",
            "low": "50.2729",
            "close": "50.113"
        },
        {
            "time": "04.07.2021 11:18",
            "open": "50.113",
            "high": "50.113",
            "low": "50.113",
            "close": "50.0929"
        },
        {
            "time": "04.07.2021 11:19",
            "open": "50.0929",
            "high": "50.0929",
            "low": "50.0929",
            "close": "50.0328"
        },
        {
            "time": "04.07.2021 11:20",
            "open": "50.0328",
            "high": "50.0328",
            "low": "49.9911",
            "close": "49.9624"
        },
        {
            "time": "04.07.2021 11:21",
            "open": "49.9624",
            "high": "49.9624",
            "low": "49.9624",
            "close": "50.0083"
        },
        {
            "time": "04.07.2021 11:27",
            "open": "50.0083",
            "high": "50.0083",
            "low": "50.0083",
            "close": "50.0083"
        },
        {
            "time": "04.07.2021 11:32",
            "open": "50.0083",
            "high": "50.0083",
            "low": "49.9953",
            "close": "49.9299"
        },
        {
            "time": "04.07.2021 11:33",
            "open": "49.9299",
            "high": "49.9299",
            "low": "49.9283",
            "close": "50.0187"
        },
        {
            "time": "04.07.2021 11:34",
            "open": "50.0187",
            "high": "50.0187",
            "low": "50.0187",
            "close": "50.0115"
        },
        {
            "time": "04.07.2021 11:36",
            "open": "50.0115",
            "high": "50.0115",
            "low": "50.0115",
            "close": "50.0577"
        },
        {
            "time": "04.07.2021 11:39",
            "open": "50.0577",
            "high": "50.0577",
            "low": "50.0577",
            "close": "50.0702"
        },
        {
            "time": "04.07.2021 11:49",
            "open": "50.0702",
            "high": "50.0702",
            "low": "50.0702",
            "close": "50.1206"
        },
        {
            "time": "04.07.2021 11:57",
            "open": "50.1206",
            "high": "50.137",
            "low": "50.1206",
            "close": "50.1347"
        },
        {
            "time": "04.07.2021 12:01",
            "open": "50.1347",
            "high": "50.1347",
            "low": "50.1347",
            "close": "50.2247"
        },
        {
            "time": "04.07.2021 12:03",
            "open": "50.2247",
            "high": "50.2248",
            "low": "50.2247",
            "close": "50.1347"
        },
        {
            "time": "04.07.2021 12:06",
            "open": "50.1347",
            "high": "50.1347",
            "low": "50.1347",
            "close": "50.0482"
        },
        {
            "time": "04.07.2021 12:07",
            "open": "50.0482",
            "high": "50.0482",
            "low": "50.0481",
            "close": "50.2679"
        },
        {
            "time": "04.07.2021 12:33",
            "open": "50.2679",
            "high": "50.2679",
            "low": "50.2679",
            "close": "50.247"
        },
        {
            "time": "04.07.2021 12:36",
            "open": "50.247",
            "high": "50.2561",
            "low": "50.247",
            "close": "50.4108"
        },
        {
            "time": "04.07.2021 12:58",
            "open": "50.4108",
            "high": "50.4108",
            "low": "50.4108",
            "close": "50.1344"
        },
        {
            "time": "04.07.2021 13:33",
            "open": "50.1344",
            "high": "50.1344",
            "low": "50.1344",
            "close": "50.1825"
        },
        {
            "time": "04.07.2021 13:49",
            "open": "50.1825",
            "high": "50.1825",
            "low": "50.1646",
            "close": "50.1615"
        },
        {
            "time": "04.07.2021 13:52",
            "open": "50.1615",
            "high": "50.1615",
            "low": "50.1615",
            "close": "50.1474"
        },
        {
            "time": "04.07.2021 13:57",
            "open": "50.1474",
            "high": "50.1474",
            "low": "50.1474",
            "close": "50.0774"
        },
        {
            "time": "04.07.2021 14:00",
            "open": "50.0774",
            "high": "50.0774",
            "low": "50.0774",
            "close": "50.0844"
        },
        {
            "time": "04.07.2021 14:01",
            "open": "50.0844",
            "high": "50.0856",
            "low": "50.0655",
            "close": "50.0186"
        },
        {
            "time": "04.07.2021 14:02",
            "open": "50.0186",
            "high": "50.0186",
            "low": "50.0186",
            "close": "50.0186"
        },
        {
            "time": "04.07.2021 14:06",
            "open": "50.0186",
            "high": "50.0215",
            "low": "50.0186",
            "close": "50"
        },
        {
            "time": "04.07.2021 14:13",
            "open": "50",
            "high": "50",
            "low": "49.9596",
            "close": "50.0776"
        },
        {
            "time": "04.07.2021 14:27",
            "open": "50.0776",
            "high": "50.0776",
            "low": "50.0744",
            "close": "50.02"
        },
        {
            "time": "04.07.2021 14:30",
            "open": "50.02",
            "high": "50.02",
            "low": "50.02",
            "close": "50.107"
        },
        {
            "time": "04.07.2021 14:31",
            "open": "50.107",
            "high": "50.107",
            "low": "50.107",
            "close": "50.0589"
        },
        {
            "time": "04.07.2021 14:36",
            "open": "50.0589",
            "high": "50.0589",
            "low": "50.0589",
            "close": "49.724"
        },
        {
            "time": "04.07.2021 14:55",
            "open": "49.724",
            "high": "49.724",
            "low": "49.724",
            "close": "49.6832"
        },
        {
            "time": "04.07.2021 14:57",
            "open": "49.6832",
            "high": "49.6832",
            "low": "49.5846",
            "close": "49.5906"
        },
        {
            "time": "04.07.2021 14:59",
            "open": "49.5906",
            "high": "49.5906",
            "low": "49.5895",
            "close": "49.6684"
        },
        {
            "time": "04.07.2021 15:01",
            "open": "49.6684",
            "high": "49.6684",
            "low": "49.6684",
            "close": "49.7917"
        },
        {
            "time": "04.07.2021 15:03",
            "open": "49.7917",
            "high": "49.7917",
            "low": "49.7917",
            "close": "49.7554"
        },
        {
            "time": "04.07.2021 15:12",
            "open": "49.7554",
            "high": "49.7554",
            "low": "49.7554",
            "close": "49.6961"
        },
        {
            "time": "04.07.2021 15:16",
            "open": "49.6961",
            "high": "49.6961",
            "low": "49.6684",
            "close": "49.6696"
        },
        {
            "time": "04.07.2021 15:20",
            "open": "49.6696",
            "high": "49.6696",
            "low": "49.6696",
            "close": "49.7746"
        },
        {
            "time": "04.07.2021 15:21",
            "open": "49.7746",
            "high": "49.7746",
            "low": "49.7745",
            "close": "49.8116"
        },
        {
            "time": "04.07.2021 15:24",
            "open": "49.8116",
            "high": "49.8116",
            "low": "49.8116",
            "close": "49.7873"
        },
        {
            "time": "04.07.2021 15:26",
            "open": "49.7873",
            "high": "49.7873",
            "low": "49.7873",
            "close": "49.78"
        },
        {
            "time": "04.07.2021 15:30",
            "open": "49.78",
            "high": "49.78",
            "low": "49.78",
            "close": "49.8604"
        },
        {
            "time": "04.07.2021 15:35",
            "open": "49.8604",
            "high": "49.8604",
            "low": "49.8604",
            "close": "49.8434"
        },
        {
            "time": "04.07.2021 15:37",
            "open": "49.8434",
            "high": "49.8434",
            "low": "49.8434",
            "close": "49.9115"
        },
        {
            "time": "04.07.2021 15:38",
            "open": "49.9115",
            "high": "49.9115",
            "low": "49.9115",
            "close": "49.7813"
        },
        {
            "time": "04.07.2021 15:45",
            "open": "49.7813",
            "high": "49.7952",
            "low": "49.7813",
            "close": "49.78"
        },
        {
            "time": "04.07.2021 15:46",
            "open": "49.78",
            "high": "49.78",
            "low": "49.78",
            "close": "49.8209"
        },
        {
            "time": "04.07.2021 15:49",
            "open": "49.8209",
            "high": "49.8209",
            "low": "49.8209",
            "close": "49.8169"
        },
        {
            "time": "04.07.2021 15:58",
            "open": "49.8169",
            "high": "49.8169",
            "low": "49.8169",
            "close": "49.8168"
        },
        {
            "time": "04.07.2021 16:03",
            "open": "49.8168",
            "high": "49.8168",
            "low": "49.8168",
            "close": "49.8191"
        },
        {
            "time": "04.07.2021 16:04",
            "open": "49.8191",
            "high": "49.8191",
            "low": "49.8191",
            "close": "49.9307"
        },
        {
            "time": "04.07.2021 16:20",
            "open": "49.9307",
            "high": "49.9307",
            "low": "49.9307",
            "close": "49.8786"
        },
        {
            "time": "04.07.2021 16:21",
            "open": "49.8786",
            "high": "49.8786",
            "low": "49.8786",
            "close": "49.8052"
        },
        {
            "time": "04.07.2021 16:22",
            "open": "49.8052",
            "high": "49.8052",
            "low": "49.8052",
            "close": "49.7768"
        },
        {
            "time": "04.07.2021 16:25",
            "open": "49.7768",
            "high": "49.7768",
            "low": "49.7768",
            "close": "49.778"
        },
        {
            "time": "04.07.2021 16:26",
            "open": "49.778",
            "high": "49.778",
            "low": "49.778",
            "close": "49.778"
        },
        {
            "time": "04.07.2021 16:31",
            "open": "49.778",
            "high": "49.8052",
            "low": "49.778",
            "close": "49.8323"
        },
        {
            "time": "04.07.2021 16:50",
            "open": "49.8323",
            "high": "49.8323",
            "low": "49.8323",
            "close": "50.0747"
        },
        {
            "time": "04.07.2021 16:58",
            "open": "50.0747",
            "high": "50.0747",
            "low": "50.0265",
            "close": "50.0348"
        },
        {
            "time": "04.07.2021 17:11",
            "open": "50.0348",
            "high": "50.0348",
            "low": "50.0348",
            "close": "49.938"
        },
        {
            "time": "04.07.2021 17:12",
            "open": "49.938",
            "high": "49.938",
            "low": "49.938",
            "close": "49.8799"
        },
        {
            "time": "04.07.2021 17:15",
            "open": "49.8799",
            "high": "49.8799",
            "low": "49.8799",
            "close": "50.0825"
        },
        {
            "time": "04.07.2021 17:32",
            "open": "50.0825",
            "high": "50.0825",
            "low": "50.0184",
            "close": "50.1109"
        },
        {
            "time": "04.07.2021 17:40",
            "open": "50.1109",
            "high": "50.1169",
            "low": "50.1109",
            "close": "50.1136"
        },
        {
            "time": "04.07.2021 17:51",
            "open": "50.1136",
            "high": "50.1238",
            "low": "50.1136",
            "close": "50.1477"
        },
        {
            "time": "04.07.2021 18:01",
            "open": "50.1477",
            "high": "50.1477",
            "low": "50.0957",
            "close": "50.0755"
        },
        {
            "time": "04.07.2021 18:02",
            "open": "50.0755",
            "high": "50.0755",
            "low": "50.0755",
            "close": "49.8992"
        },
        {
            "time": "04.07.2021 18:07",
            "open": "49.8992",
            "high": "49.8992",
            "low": "49.8992",
            "close": "50.0755"
        },
        {
            "time": "04.07.2021 18:16",
            "open": "50.0755",
            "high": "50.1267",
            "low": "50.0755",
            "close": "50.082"
        },
        {
            "time": "04.07.2021 18:18",
            "open": "50.082",
            "high": "50.0821",
            "low": "50.082",
            "close": "50.0821"
        },
        {
            "time": "04.07.2021 18:31",
            "open": "50.0821",
            "high": "50.0821",
            "low": "50.0821",
            "close": "49.8636"
        },
        {
            "time": "04.07.2021 18:51",
            "open": "49.8636",
            "high": "49.8636",
            "low": "49.8636",
            "close": "49.8412"
        },
        {
            "time": "04.07.2021 18:55",
            "open": "49.8412",
            "high": "49.8412",
            "low": "49.8412",
            "close": "49.7929"
        },
        {
            "time": "04.07.2021 18:58",
            "open": "49.7929",
            "high": "49.7929",
            "low": "49.7929",
            "close": "49.7929"
        },
        {
            "time": "04.07.2021 19:01",
            "open": "49.7929",
            "high": "49.7929",
            "low": "49.7929",
            "close": "49.7929"
        },
        {
            "time": "04.07.2021 19:02",
            "open": "49.7929",
            "high": "49.7929",
            "low": "49.7929",
            "close": "49.7776"
        },
        {
            "time": "04.07.2021 19:03",
            "open": "49.7776",
            "high": "49.7776",
            "low": "49.7548",
            "close": "49.7548"
        },
        {
            "time": "04.07.2021 19:06",
            "open": "49.7548",
            "high": "49.7548",
            "low": "49.7548",
            "close": "49.7731"
        },
        {
            "time": "04.07.2021 19:11",
            "open": "49.7731",
            "high": "49.7731",
            "low": "49.7731",
            "close": "49.7176"
        },
        {
            "time": "04.07.2021 19:15",
            "open": "49.7176",
            "high": "49.7176",
            "low": "49.7176",
            "close": "49.8151"
        },
        {
            "time": "04.07.2021 19:17",
            "open": "49.8151",
            "high": "49.8151",
            "low": "49.8151",
            "close": "49.8032"
        },
        {
            "time": "04.07.2021 19:19",
            "open": "49.8032",
            "high": "49.8032",
            "low": "49.8032",
            "close": "50.1111"
        },
        {
            "time": "04.07.2021 19:43",
            "open": "50.1111",
            "high": "50.1111",
            "low": "50.1111",
            "close": "50.1399"
        },
        {
            "time": "04.07.2021 19:48",
            "open": "50.1399",
            "high": "50.1431",
            "low": "50.1399",
            "close": "50.1797"
        },
        {
            "time": "04.07.2021 19:53",
            "open": "50.1797",
            "high": "50.1821",
            "low": "50.1797",
            "close": "50.0737"
        },
        {
            "time": "04.07.2021 19:58",
            "open": "50.0737",
            "high": "50.0737",
            "low": "50.0737",
            "close": "50.0069"
        },
        {
            "time": "04.07.2021 20:01",
            "open": "50.0069",
            "high": "50.0069",
            "low": "50.0069",
            "close": "50.0129"
        },
        {
            "time": "04.07.2021 20:02",
            "open": "50.0129",
            "high": "50.0129",
            "low": "50.0129",
            "close": "50.0129"
        },
        {
            "time": "04.07.2021 20:04",
            "open": "50.0129",
            "high": "50.0129",
            "low": "50.0129",
            "close": "49.8729"
        },
        {
            "time": "04.07.2021 20:13",
            "open": "49.8729",
            "high": "49.8729",
            "low": "49.8729",
            "close": "49.857"
        },
        {
            "time": "04.07.2021 20:25",
            "open": "49.857",
            "high": "49.857",
            "low": "49.857",
            "close": "49.857"
        },
        {
            "time": "04.07.2021 20:32",
            "open": "49.857",
            "high": "49.857",
            "low": "49.857",
            "close": "49.857"
        },
        {
            "time": "04.07.2021 20:42",
            "open": "49.857",
            "high": "49.857",
            "low": "49.857",
            "close": "49.9712"
        },
        {
            "time": "04.07.2021 21:00",
            "open": "49.9712",
            "high": "49.9712",
            "low": "49.9712",
            "close": "49.9712"
        },
        {
            "time": "04.07.2021 21:02",
            "open": "49.9712",
            "high": "49.9712",
            "low": "49.9712",
            "close": "50.0351"
        },
        {
            "time": "04.07.2021 21:20",
            "open": "50.0351",
            "high": "50.0351",
            "low": "50.0351",
            "close": "50.0351"
        },
        {
            "time": "04.07.2021 21:32",
            "open": "50.0351",
            "high": "50.0351",
            "low": "50.0351",
            "close": "50.0387"
        },
        {
            "time": "04.07.2021 21:33",
            "open": "50.0387",
            "high": "50.0387",
            "low": "50.0387",
            "close": "50.1021"
        },
        {
            "time": "04.07.2021 21:44",
            "open": "50.1021",
            "high": "50.1021",
            "low": "50.1021",
            "close": "50.0728"
        },
        {
            "time": "04.07.2021 21:50",
            "open": "50.0728",
            "high": "50.0728",
            "low": "50.0728",
            "close": "50.15"
        },
        {
            "time": "04.07.2021 21:55",
            "open": "50.15",
            "high": "50.15",
            "low": "50.15",
            "close": "50.1409"
        },
        {
            "time": "04.07.2021 21:56",
            "open": "50.1409",
            "high": "50.1409",
            "low": "50.1154",
            "close": "50.0312"
        },
        {
            "time": "04.07.2021 22:01",
            "open": "50.0312",
            "high": "50.0312",
            "low": "50.0312",
            "close": "49.9701"
        },
        {
            "time": "04.07.2021 22:12",
            "open": "49.9701",
            "high": "49.9701",
            "low": "49.9701",
            "close": "49.9628"
        },
        {
            "time": "04.07.2021 22:16",
            "open": "49.9628",
            "high": "49.9628",
            "low": "49.9628",
            "close": "49.8894"
        },
        {
            "time": "04.07.2021 22:26",
            "open": "49.8894",
            "high": "49.8894",
            "low": "49.8582",
            "close": "49.8545"
        },
        {
            "time": "04.07.2021 22:27",
            "open": "49.8545",
            "high": "49.8545",
            "low": "49.8544",
            "close": "49.9154"
        },
        {
            "time": "04.07.2021 22:32",
            "open": "49.9154",
            "high": "49.9154",
            "low": "49.9154",
            "close": "49.959"
        },
        {
            "time": "04.07.2021 22:43",
            "open": "49.959",
            "high": "49.959",
            "low": "49.959",
            "close": "49.94"
        },
        {
            "time": "04.07.2021 22:46",
            "open": "49.94",
            "high": "49.94",
            "low": "49.94",
            "close": "50"
        },
        {
            "time": "04.07.2021 22:51",
            "open": "50",
            "high": "50",
            "low": "50",
            "close": "50.0278"
        },
        {
            "time": "04.07.2021 22:53",
            "open": "50.0278",
            "high": "50.0278",
            "low": "50.0216",
            "close": "50.1154"
        },
        {
            "time": "04.07.2021 23:03",
            "open": "50.1154",
            "high": "50.1171",
            "low": "50.1154",
            "close": "50.0252"
        },
        {
            "time": "04.07.2021 23:08",
            "open": "50.0252",
            "high": "50.0252",
            "low": "50.0252",
            "close": "49.9504"
        },
        {
            "time": "04.07.2021 23:13",
            "open": "49.9504",
            "high": "49.9504",
            "low": "49.9504",
            "close": "50.1597"
        },
        {
            "time": "04.07.2021 23:19",
            "open": "50.1597",
            "high": "50.1597",
            "low": "50.1597",
            "close": "50.1546"
        },
        {
            "time": "04.07.2021 23:31",
            "open": "50.1546",
            "high": "50.1546",
            "low": "50.1301",
            "close": "50.2669"
        },
        {
            "time": "04.07.2021 23:39",
            "open": "50.2669",
            "high": "50.2669",
            "low": "50.2669",
            "close": "50.35"
        },
        {
            "time": "04.07.2021 23:43",
            "open": "50.35",
            "high": "50.375",
            "low": "50.35",
            "close": "50.4172"
        },
        {
            "time": "04.07.2021 23:46",
            "open": "50.4172",
            "high": "50.4172",
            "low": "50.4172",
            "close": "50.4523"
        },
        {
            "time": "04.07.2021 23:50",
            "open": "50.4523",
            "high": "50.457",
            "low": "50.4523",
            "close": "50.457"
        },
        {
            "time": "04.07.2021 23:51",
            "open": "50.457",
            "high": "50.457",
            "low": "50.457",
            "close": "50.457"
        },
        {
            "time": "04.07.2021 23:52",
            "open": "50.457",
            "high": "50.457",
            "low": "50.457",
            "close": "50.5499"
        }
    ]
}