{
    "FIL-EUR": [
        {
            "time": "15.07.2021 23:57",
            "open": "39.7151",
            "high": "39.7151",
            "low": "39.7151",
            "close": "39.7151"
        },
        {
            "time": "16.07.2021 00:07",
            "open": "39.7151",
            "high": "39.7151",
            "low": "39.7151",
            "close": "39.9"
        },
        {
            "time": "16.07.2021 00:19",
            "open": "39.9",
            "high": "39.9",
            "low": "39.9",
            "close": "39.8297"
        },
        {
            "time": "16.07.2021 00:35",
            "open": "39.8297",
            "high": "39.8297",
            "low": "39.8297",
            "close": "39.9"
        },
        {
            "time": "16.07.2021 00:37",
            "open": "39.9",
            "high": "39.9",
            "low": "39.8891",
            "close": "39.8891"
        },
        {
            "time": "16.07.2021 01:01",
            "open": "39.8891",
            "high": "39.8891",
            "low": "39.8891",
            "close": "39.95"
        },
        {
            "time": "16.07.2021 01:12",
            "open": "39.95",
            "high": "39.95",
            "low": "39.95",
            "close": "39.9761"
        },
        {
            "time": "16.07.2021 01:14",
            "open": "39.9761",
            "high": "39.9762",
            "low": "39.9761",
            "close": "40"
        },
        {
            "time": "16.07.2021 01:17",
            "open": "40",
            "high": "40",
            "low": "40",
            "close": "40.05"
        },
        {
            "time": "16.07.2021 01:19",
            "open": "40.05",
            "high": "40.05",
            "low": "40.05",
            "close": "40.1"
        },
        {
            "time": "16.07.2021 01:21",
            "open": "40.1",
            "high": "40.1226",
            "low": "40.1",
            "close": "40.129"
        },
        {
            "time": "16.07.2021 01:24",
            "open": "40.129",
            "high": "40.15",
            "low": "40.129",
            "close": "40.2"
        },
        {
            "time": "16.07.2021 01:25",
            "open": "40.2",
            "high": "40.2",
            "low": "40.2",
            "close": "40.1811"
        },
        {
            "time": "16.07.2021 01:32",
            "open": "40.1811",
            "high": "40.1811",
            "low": "40.1811",
            "close": "39.9"
        },
        {
            "time": "16.07.2021 01:41",
            "open": "39.9",
            "high": "39.9",
            "low": "39.9",
            "close": "39.85"
        },
        {
            "time": "16.07.2021 01:42",
            "open": "39.85",
            "high": "39.85",
            "low": "39.85",
            "close": "39.8"
        },
        {
            "time": "16.07.2021 01:43",
            "open": "39.8",
            "high": "39.8",
            "low": "39.8",
            "close": "39.75"
        },
        {
            "time": "16.07.2021 01:44",
            "open": "39.75",
            "high": "39.75",
            "low": "39.75",
            "close": "39.75"
        },
        {
            "time": "16.07.2021 01:45",
            "open": "39.75",
            "high": "39.7644",
            "low": "39.75",
            "close": "39.7875"
        },
        {
            "time": "16.07.2021 01:46",
            "open": "39.7875",
            "high": "39.7875",
            "low": "39.7875",
            "close": "39.7875"
        },
        {
            "time": "16.07.2021 01:47",
            "open": "39.7875",
            "high": "39.7875",
            "low": "39.7875",
            "close": "39.802"
        },
        {
            "time": "16.07.2021 01:48",
            "open": "39.802",
            "high": "39.802",
            "low": "39.802",
            "close": "39.7753"
        },
        {
            "time": "16.07.2021 01:53",
            "open": "39.7753",
            "high": "39.7753",
            "low": "39.7753",
            "close": "39.802"
        },
        {
            "time": "16.07.2021 01:54",
            "open": "39.802",
            "high": "39.802",
            "low": "39.802",
            "close": "40.05"
        },
        {
            "time": "16.07.2021 02:00",
            "open": "40.05",
            "high": "40.05",
            "low": "40.05",
            "close": "40.0698"
        },
        {
            "time": "16.07.2021 02:01",
            "open": "40.0698",
            "high": "40.0698",
            "low": "40.0148",
            "close": "39.9897"
        },
        {
            "time": "16.07.2021 02:02",
            "open": "39.9897",
            "high": "39.9897",
            "low": "39.9897",
            "close": "39.9119"
        },
        {
            "time": "16.07.2021 02:04",
            "open": "39.9119",
            "high": "39.9119",
            "low": "39.9119",
            "close": "39.8276"
        },
        {
            "time": "16.07.2021 02:09",
            "open": "39.8276",
            "high": "39.8276",
            "low": "39.8276",
            "close": "40.078"
        },
        {
            "time": "16.07.2021 02:12",
            "open": "40.078",
            "high": "40.078",
            "low": "40.078",
            "close": "40.1"
        },
        {
            "time": "16.07.2021 02:13",
            "open": "40.1",
            "high": "40.15",
            "low": "40.1",
            "close": "40.2"
        },
        {
            "time": "16.07.2021 02:14",
            "open": "40.2",
            "high": "40.2046",
            "low": "40.2",
            "close": "40.1588"
        },
        {
            "time": "16.07.2021 02:16",
            "open": "40.1588",
            "high": "40.1588",
            "low": "40.1588",
            "close": "39.9"
        },
        {
            "time": "16.07.2021 02:32",
            "open": "39.9",
            "high": "39.9",
            "low": "39.9",
            "close": "39.85"
        },
        {
            "time": "16.07.2021 02:34",
            "open": "39.85",
            "high": "39.85",
            "low": "39.85",
            "close": "39.8"
        },
        {
            "time": "16.07.2021 02:36",
            "open": "39.8",
            "high": "39.8",
            "low": "39.8",
            "close": "39.75"
        },
        {
            "time": "16.07.2021 02:48",
            "open": "39.75",
            "high": "39.75",
            "low": "39.75",
            "close": "39.7935"
        },
        {
            "time": "16.07.2021 02:50",
            "open": "39.7935",
            "high": "39.7935",
            "low": "39.7935",
            "close": "40.05"
        },
        {
            "time": "16.07.2021 02:59",
            "open": "40.05",
            "high": "40.05",
            "low": "40.05",
            "close": "40.1"
        },
        {
            "time": "16.07.2021 03:00",
            "open": "40.1",
            "high": "40.1",
            "low": "40.1",
            "close": "40.15"
        },
        {
            "time": "16.07.2021 03:01",
            "open": "40.15",
            "high": "40.1849",
            "low": "40.15",
            "close": "40.1419"
        },
        {
            "time": "16.07.2021 03:02",
            "open": "40.1419",
            "high": "40.1419",
            "low": "40.104",
            "close": "40.1165"
        },
        {
            "time": "16.07.2021 03:03",
            "open": "40.1165",
            "high": "40.1165",
            "low": "40.0877",
            "close": "40.0875"
        },
        {
            "time": "16.07.2021 03:04",
            "open": "40.0875",
            "high": "40.0876",
            "low": "40.0864",
            "close": "40.1164"
        },
        {
            "time": "16.07.2021 03:05",
            "open": "40.1164",
            "high": "40.1164",
            "low": "40.1164",
            "close": "40.2"
        },
        {
            "time": "16.07.2021 03:07",
            "open": "40.2",
            "high": "40.2",
            "low": "40.1828",
            "close": "40.1357"
        },
        {
            "time": "16.07.2021 03:08",
            "open": "40.1357",
            "high": "40.1357",
            "low": "40.1357",
            "close": "40.25"
        },
        {
            "time": "16.07.2021 03:20",
            "open": "40.25",
            "high": "40.3",
            "low": "40.25",
            "close": "40.35"
        },
        {
            "time": "16.07.2021 03:21",
            "open": "40.35",
            "high": "40.3928",
            "low": "40.35",
            "close": "40.4"
        },
        {
            "time": "16.07.2021 03:22",
            "open": "40.4",
            "high": "40.4",
            "low": "40.4",
            "close": "40.45"
        },
        {
            "time": "16.07.2021 03:37",
            "open": "40.45",
            "high": "40.45",
            "low": "40.45",
            "close": "40.5"
        },
        {
            "time": "16.07.2021 03:38",
            "open": "40.5",
            "high": "40.55",
            "low": "40.5",
            "close": "40.5412"
        },
        {
            "time": "16.07.2021 03:53",
            "open": "40.5412",
            "high": "40.5456",
            "low": "40.5412",
            "close": "40.57"
        },
        {
            "time": "16.07.2021 04:06",
            "open": "40.57",
            "high": "40.6",
            "low": "40.57",
            "close": "40.65"
        },
        {
            "time": "16.07.2021 04:08",
            "open": "40.6556",
            "high": "40.6556",
            "low": "40.6556",
            "close": "40.7"
        },
        {
            "time": "16.07.2021 04:10",
            "open": "40.7",
            "high": "40.7",
            "low": "40.7",
            "close": "40.75"
        },
        {
            "time": "16.07.2021 04:28",
            "open": "40.75",
            "high": "40.75",
            "low": "40.75",
            "close": "40.7929"
        },
        {
            "time": "16.07.2021 04:29",
            "open": "40.7929",
            "high": "40.7929",
            "low": "40.7929",
            "close": "40.6983"
        },
        {
            "time": "16.07.2021 04:48",
            "open": "40.6983",
            "high": "40.6983",
            "low": "40.6983",
            "close": "40.7297"
        },
        {
            "time": "16.07.2021 04:52",
            "open": "40.7297",
            "high": "40.8",
            "low": "40.7297",
            "close": "40.8063"
        },
        {
            "time": "16.07.2021 04:55",
            "open": "40.8063",
            "high": "40.8133",
            "low": "40.8063",
            "close": "40.85"
        },
        {
            "time": "16.07.2021 04:57",
            "open": "40.85",
            "high": "40.85",
            "low": "40.85",
            "close": "40.852"
        },
        {
            "time": "16.07.2021 05:02",
            "open": "40.852",
            "high": "40.852",
            "low": "40.852",
            "close": "40.9"
        },
        {
            "time": "16.07.2021 05:03",
            "open": "40.9",
            "high": "40.9",
            "low": "40.9",
            "close": "40.8971"
        },
        {
            "time": "16.07.2021 05:12",
            "open": "40.8971",
            "high": "40.8971",
            "low": "40.8971",
            "close": "40.7618"
        },
        {
            "time": "16.07.2021 05:25",
            "open": "40.7618",
            "high": "40.7618",
            "low": "40.7618",
            "close": "40.8008"
        },
        {
            "time": "16.07.2021 05:36",
            "open": "40.8008",
            "high": "40.8008",
            "low": "40.8008",
            "close": "40.6"
        },
        {
            "time": "16.07.2021 05:52",
            "open": "40.6",
            "high": "40.6",
            "low": "40.6",
            "close": "40.55"
        },
        {
            "time": "16.07.2021 06:18",
            "open": "40.55",
            "high": "40.55",
            "low": "40.55",
            "close": "40.5"
        },
        {
            "time": "16.07.2021 06:26",
            "open": "40.5",
            "high": "40.5",
            "low": "40.5",
            "close": "40.45"
        },
        {
            "time": "16.07.2021 06:27",
            "open": "40.45",
            "high": "40.45",
            "low": "40.45",
            "close": "40.4613"
        },
        {
            "time": "16.07.2021 06:31",
            "open": "40.4613",
            "high": "40.4613",
            "low": "40.4613",
            "close": "40.4226"
        },
        {
            "time": "16.07.2021 06:37",
            "open": "40.4226",
            "high": "40.4226",
            "low": "40.4226",
            "close": "40.4505"
        },
        {
            "time": "16.07.2021 06:43",
            "open": "40.4505",
            "high": "40.4505",
            "low": "40.4505",
            "close": "40.4"
        },
        {
            "time": "16.07.2021 06:49",
            "open": "40.4",
            "high": "40.4",
            "low": "40.4",
            "close": "40.35"
        },
        {
            "time": "16.07.2021 06:54",
            "open": "40.35",
            "high": "40.35",
            "low": "40.3",
            "close": "40.25"
        },
        {
            "time": "16.07.2021 06:56",
            "open": "40.25",
            "high": "40.25",
            "low": "40.25",
            "close": "40.2815"
        },
        {
            "time": "16.07.2021 07:08",
            "open": "40.2815",
            "high": "40.2815",
            "low": "40.2815",
            "close": "40.4252"
        },
        {
            "time": "16.07.2021 07:12",
            "open": "40.4252",
            "high": "40.4252",
            "low": "40.4252",
            "close": "40.4191"
        },
        {
            "time": "16.07.2021 07:14",
            "open": "40.4191",
            "high": "40.4191",
            "low": "40.4191",
            "close": "40.2"
        },
        {
            "time": "16.07.2021 07:29",
            "open": "40.2",
            "high": "40.2",
            "low": "40.2",
            "close": "40.18"
        },
        {
            "time": "16.07.2021 07:30",
            "open": "40.18",
            "high": "40.18",
            "low": "40.18",
            "close": "40.2395"
        },
        {
            "time": "16.07.2021 07:35",
            "open": "40.2395",
            "high": "40.2395",
            "low": "40.2395",
            "close": "40.1805"
        },
        {
            "time": "16.07.2021 07:50",
            "open": "40.1805",
            "high": "40.1805",
            "low": "40.1736",
            "close": "40.15"
        },
        {
            "time": "16.07.2021 07:52",
            "open": "40.15",
            "high": "40.15",
            "low": "40.15",
            "close": "40.1"
        },
        {
            "time": "16.07.2021 08:12",
            "open": "40.1",
            "high": "40.1",
            "low": "40.1",
            "close": "40.05"
        },
        {
            "time": "16.07.2021 08:16",
            "open": "40.05",
            "high": "40.05",
            "low": "40.05",
            "close": "40"
        },
        {
            "time": "16.07.2021 08:19",
            "open": "40",
            "high": "40",
            "low": "40",
            "close": "39.95"
        },
        {
            "time": "16.07.2021 08:25",
            "open": "39.95",
            "high": "39.95",
            "low": "39.95",
            "close": "39.9"
        },
        {
            "time": "16.07.2021 08:28",
            "open": "39.9",
            "high": "39.9",
            "low": "39.9",
            "close": "39.9039"
        },
        {
            "time": "16.07.2021 08:33",
            "open": "39.9039",
            "high": "39.9147",
            "low": "39.8284",
            "close": "39.8815"
        },
        {
            "time": "16.07.2021 08:37",
            "open": "39.8815",
            "high": "39.8815",
            "low": "39.8815",
            "close": "39.8888"
        },
        {
            "time": "16.07.2021 08:53",
            "open": "39.8888",
            "high": "39.8888",
            "low": "39.8888",
            "close": "39.9214"
        },
        {
            "time": "16.07.2021 08:56",
            "open": "39.9214",
            "high": "39.9214",
            "low": "39.9214",
            "close": "39.9224"
        },
        {
            "time": "16.07.2021 09:18",
            "open": "39.9224",
            "high": "39.9224",
            "low": "39.9224",
            "close": "39.9502"
        },
        {
            "time": "16.07.2021 09:25",
            "open": "39.9502",
            "high": "39.9502",
            "low": "39.9502",
            "close": "39.9214"
        },
        {
            "time": "16.07.2021 09:27",
            "open": "39.9214",
            "high": "39.9214",
            "low": "39.9214",
            "close": "39.8787"
        },
        {
            "time": "16.07.2021 09:36",
            "open": "39.8787",
            "high": "39.8787",
            "low": "39.8787",
            "close": "39.8718"
        },
        {
            "time": "16.07.2021 09:37",
            "open": "39.8718",
            "high": "39.8718",
            "low": "39.8659",
            "close": "39.8"
        },
        {
            "time": "16.07.2021 09:44",
            "open": "39.8",
            "high": "39.8",
            "low": "39.8",
            "close": "39.8706"
        },
        {
            "time": "16.07.2021 09:46",
            "open": "39.8706",
            "high": "39.8706",
            "low": "39.8706",
            "close": "39.8753"
        },
        {
            "time": "16.07.2021 09:49",
            "open": "39.8753",
            "high": "39.8753",
            "low": "39.8753",
            "close": "39.8344"
        },
        {
            "time": "16.07.2021 09:51",
            "open": "39.8344",
            "high": "39.8344",
            "low": "39.8344",
            "close": "39.92"
        },
        {
            "time": "16.07.2021 09:55",
            "open": "39.92",
            "high": "39.92",
            "low": "39.92",
            "close": "39.9731"
        },
        {
            "time": "16.07.2021 09:56",
            "open": "39.9731",
            "high": "39.9731",
            "low": "39.9731",
            "close": "40.1325"
        },
        {
            "time": "16.07.2021 09:59",
            "open": "40.1325",
            "high": "40.15",
            "low": "40.1325",
            "close": "39.918"
        },
        {
            "time": "16.07.2021 10:04",
            "open": "39.918",
            "high": "39.918",
            "low": "39.918",
            "close": "39.9006"
        },
        {
            "time": "16.07.2021 10:06",
            "open": "39.9006",
            "high": "39.9006",
            "low": "39.9006",
            "close": "39.8587"
        },
        {
            "time": "16.07.2021 10:07",
            "open": "39.8587",
            "high": "39.8587",
            "low": "39.8586",
            "close": "39.85"
        },
        {
            "time": "16.07.2021 10:08",
            "open": "39.85",
            "high": "39.85",
            "low": "39.85",
            "close": "39.8"
        },
        {
            "time": "16.07.2021 10:10",
            "open": "39.8",
            "high": "39.8",
            "low": "39.8",
            "close": "39.75"
        },
        {
            "time": "16.07.2021 10:11",
            "open": "39.75",
            "high": "39.75",
            "low": "39.7",
            "close": "39.801"
        },
        {
            "time": "16.07.2021 10:21",
            "open": "39.801",
            "high": "39.801",
            "low": "39.801",
            "close": "39.7557"
        },
        {
            "time": "16.07.2021 10:25",
            "open": "39.7557",
            "high": "39.7599",
            "low": "39.7557",
            "close": "39.6651"
        },
        {
            "time": "16.07.2021 10:35",
            "open": "39.6651",
            "high": "39.6651",
            "low": "39.6651",
            "close": "39.65"
        },
        {
            "time": "16.07.2021 10:39",
            "open": "39.65",
            "high": "39.65",
            "low": "39.65",
            "close": "39.6"
        },
        {
            "time": "16.07.2021 10:40",
            "open": "39.6",
            "high": "39.6",
            "low": "39.5436",
            "close": "39.5661"
        },
        {
            "time": "16.07.2021 10:41",
            "open": "39.5661",
            "high": "39.5719",
            "low": "39.4",
            "close": "39.394"
        },
        {
            "time": "16.07.2021 10:45",
            "open": "39.394",
            "high": "39.394",
            "low": "39.35",
            "close": "39.3"
        },
        {
            "time": "16.07.2021 10:47",
            "open": "39.3",
            "high": "39.3",
            "low": "39.3",
            "close": "39.4376"
        },
        {
            "time": "16.07.2021 10:54",
            "open": "39.4376",
            "high": "39.4376",
            "low": "39.4376",
            "close": "39.4661"
        },
        {
            "time": "16.07.2021 11:01",
            "open": "39.4661",
            "high": "39.4661",
            "low": "39.4661",
            "close": "39.5334"
        },
        {
            "time": "16.07.2021 11:09",
            "open": "39.5334",
            "high": "39.5334",
            "low": "39.5334",
            "close": "39.4354"
        },
        {
            "time": "16.07.2021 11:13",
            "open": "39.4354",
            "high": "39.4354",
            "low": "39.4354",
            "close": "39.5885"
        },
        {
            "time": "16.07.2021 11:35",
            "open": "39.5885",
            "high": "39.5927",
            "low": "39.5885",
            "close": "39.65"
        },
        {
            "time": "16.07.2021 11:53",
            "open": "39.65",
            "high": "39.65",
            "low": "39.65",
            "close": "39.5287"
        },
        {
            "time": "16.07.2021 11:59",
            "open": "39.5287",
            "high": "39.5287",
            "low": "39.4788",
            "close": "39.5675"
        },
        {
            "time": "16.07.2021 12:07",
            "open": "39.5675",
            "high": "39.5675",
            "low": "39.5675",
            "close": "39.4653"
        },
        {
            "time": "16.07.2021 12:11",
            "open": "39.4653",
            "high": "39.4653",
            "low": "39.4653",
            "close": "39.4826"
        },
        {
            "time": "16.07.2021 12:19",
            "open": "39.4826",
            "high": "39.4826",
            "low": "39.4826",
            "close": "39.35"
        },
        {
            "time": "16.07.2021 12:26",
            "open": "39.35",
            "high": "39.35",
            "low": "39.3212",
            "close": "39.3832"
        },
        {
            "time": "16.07.2021 12:33",
            "open": "39.3832",
            "high": "39.3832",
            "low": "39.3737",
            "close": "39.3"
        },
        {
            "time": "16.07.2021 12:35",
            "open": "39.3",
            "high": "39.3",
            "low": "39.2949",
            "close": "39.328"
        },
        {
            "time": "16.07.2021 12:42",
            "open": "39.328",
            "high": "39.328",
            "low": "39.328",
            "close": "39.4383"
        },
        {
            "time": "16.07.2021 12:47",
            "open": "39.4383",
            "high": "39.4383",
            "low": "39.4383",
            "close": "39.3249"
        },
        {
            "time": "16.07.2021 12:49",
            "open": "39.3249",
            "high": "39.3249",
            "low": "39.3249",
            "close": "39.25"
        },
        {
            "time": "16.07.2021 12:50",
            "open": "39.25",
            "high": "39.25",
            "low": "39.25",
            "close": "39.3141"
        },
        {
            "time": "16.07.2021 12:53",
            "open": "39.3141",
            "high": "39.3141",
            "low": "39.2959",
            "close": "39.218"
        },
        {
            "time": "16.07.2021 13:04",
            "open": "39.218",
            "high": "39.2204",
            "low": "39.218",
            "close": "39.2575"
        },
        {
            "time": "16.07.2021 13:08",
            "open": "39.2575",
            "high": "39.2575",
            "low": "39.2572",
            "close": "39.3035"
        },
        {
            "time": "16.07.2021 13:16",
            "open": "39.3035",
            "high": "39.3035",
            "low": "39.3035",
            "close": "39.2551"
        },
        {
            "time": "16.07.2021 13:24",
            "open": "39.2551",
            "high": "39.2551",
            "low": "39.2551",
            "close": "39.22"
        },
        {
            "time": "16.07.2021 13:27",
            "open": "39.22",
            "high": "39.22",
            "low": "39.22",
            "close": "39.2572"
        },
        {
            "time": "16.07.2021 13:29",
            "open": "39.2572",
            "high": "39.2572",
            "low": "39.2572",
            "close": "39.3811"
        },
        {
            "time": "16.07.2021 13:34",
            "open": "39.3811",
            "high": "39.3886",
            "low": "39.3811",
            "close": "39.2527"
        },
        {
            "time": "16.07.2021 13:39",
            "open": "39.2527",
            "high": "39.2527",
            "low": "39.2527",
            "close": "39.2"
        },
        {
            "time": "16.07.2021 13:45",
            "open": "39.2",
            "high": "39.2",
            "low": "39.2",
            "close": "39.2778"
        },
        {
            "time": "16.07.2021 13:47",
            "open": "39.2778",
            "high": "39.2778",
            "low": "39.2778",
            "close": "39.2062"
        },
        {
            "time": "16.07.2021 13:58",
            "open": "39.2062",
            "high": "39.2062",
            "low": "39.2062",
            "close": "39.15"
        },
        {
            "time": "16.07.2021 13:59",
            "open": "39.15",
            "high": "39.15",
            "low": "39.0937",
            "close": "39.15"
        },
        {
            "time": "16.07.2021 14:03",
            "open": "39.15",
            "high": "39.15",
            "low": "39.15",
            "close": "39.2"
        },
        {
            "time": "16.07.2021 14:05",
            "open": "39.2",
            "high": "39.2",
            "low": "39.2",
            "close": "39.25"
        },
        {
            "time": "16.07.2021 14:07",
            "open": "39.25",
            "high": "39.25",
            "low": "39.25",
            "close": "39.3"
        },
        {
            "time": "16.07.2021 14:09",
            "open": "39.3",
            "high": "39.3",
            "low": "39.3",
            "close": "39.35"
        },
        {
            "time": "16.07.2021 14:10",
            "open": "39.35",
            "high": "39.35",
            "low": "39.35",
            "close": "39.3549"
        },
        {
            "time": "16.07.2021 14:11",
            "open": "39.3549",
            "high": "39.3549",
            "low": "39.3549",
            "close": "39.4"
        },
        {
            "time": "16.07.2021 14:17",
            "open": "39.4",
            "high": "39.4",
            "low": "39.4",
            "close": "39.45"
        },
        {
            "time": "16.07.2021 14:18",
            "open": "39.45",
            "high": "39.45",
            "low": "39.45",
            "close": "39.5"
        },
        {
            "time": "16.07.2021 14:19",
            "open": "39.5",
            "high": "39.55",
            "low": "39.5",
            "close": "39.6"
        },
        {
            "time": "16.07.2021 14:20",
            "open": "39.6",
            "high": "39.6615",
            "low": "39.6",
            "close": "39.6986"
        },
        {
            "time": "16.07.2021 14:21",
            "open": "39.6986",
            "high": "39.6986",
            "low": "39.6986",
            "close": "39.3748"
        },
        {
            "time": "16.07.2021 14:38",
            "open": "39.3748",
            "high": "39.3748",
            "low": "39.3748",
            "close": "39.35"
        },
        {
            "time": "16.07.2021 14:39",
            "open": "39.35",
            "high": "39.35",
            "low": "39.35",
            "close": "39.3"
        },
        {
            "time": "16.07.2021 14:42",
            "open": "39.3",
            "high": "39.3",
            "low": "39.2794",
            "close": "39.25"
        },
        {
            "time": "16.07.2021 14:43",
            "open": "39.25",
            "high": "39.25",
            "low": "39.25",
            "close": "39.2"
        },
        {
            "time": "16.07.2021 14:44",
            "open": "39.2",
            "high": "39.2",
            "low": "39.2",
            "close": "39.15"
        },
        {
            "time": "16.07.2021 14:46",
            "open": "39.15",
            "high": "39.15",
            "low": "39.15",
            "close": "39.2973"
        },
        {
            "time": "16.07.2021 14:51",
            "open": "39.2973",
            "high": "39.2973",
            "low": "39.2973",
            "close": "39.45"
        },
        {
            "time": "16.07.2021 14:53",
            "open": "39.45",
            "high": "39.5",
            "low": "39.45",
            "close": "39.5312"
        },
        {
            "time": "16.07.2021 14:54",
            "open": "39.5312",
            "high": "39.6",
            "low": "39.5312",
            "close": "39.65"
        },
        {
            "time": "16.07.2021 14:56",
            "open": "39.65",
            "high": "39.7",
            "low": "39.65",
            "close": "39.7498"
        },
        {
            "time": "16.07.2021 14:57",
            "open": "39.7498",
            "high": "39.7498",
            "low": "39.7498",
            "close": "39.75"
        },
        {
            "time": "16.07.2021 14:58",
            "open": "39.75",
            "high": "39.8",
            "low": "39.75",
            "close": "39.85"
        },
        {
            "time": "16.07.2021 14:59",
            "open": "39.85",
            "high": "39.85",
            "low": "39.85",
            "close": "39.9"
        },
        {
            "time": "16.07.2021 15:00",
            "open": "39.9",
            "high": "40.05",
            "low": "39.9",
            "close": "39.7"
        },
        {
            "time": "16.07.2021 15:17",
            "open": "39.7",
            "high": "39.7",
            "low": "39.65",
            "close": "39.7849"
        },
        {
            "time": "16.07.2021 15:20",
            "open": "39.7849",
            "high": "39.8008",
            "low": "39.7849",
            "close": "39.8196"
        },
        {
            "time": "16.07.2021 15:29",
            "open": "39.8196",
            "high": "39.8681",
            "low": "39.8196",
            "close": "39.8695"
        },
        {
            "time": "16.07.2021 15:34",
            "open": "39.8695",
            "high": "39.8695",
            "low": "39.8695",
            "close": "39.8668"
        },
        {
            "time": "16.07.2021 15:35",
            "open": "39.8668",
            "high": "39.8668",
            "low": "39.8668",
            "close": "39.8722"
        },
        {
            "time": "16.07.2021 15:45",
            "open": "39.8722",
            "high": "39.8722",
            "low": "39.8722",
            "close": "39.7957"
        },
        {
            "time": "16.07.2021 15:46",
            "open": "39.7957",
            "high": "39.7957",
            "low": "39.7957",
            "close": "39.8513"
        },
        {
            "time": "16.07.2021 15:47",
            "open": "39.8513",
            "high": "39.8513",
            "low": "39.8513",
            "close": "39.8052"
        },
        {
            "time": "16.07.2021 15:49",
            "open": "39.8052",
            "high": "39.8052",
            "low": "39.8052",
            "close": "39.7449"
        },
        {
            "time": "16.07.2021 15:50",
            "open": "39.7449",
            "high": "39.7449",
            "low": "39.7449",
            "close": "39.6591"
        },
        {
            "time": "16.07.2021 15:54",
            "open": "39.6591",
            "high": "39.6591",
            "low": "39.6591",
            "close": "39.6198"
        },
        {
            "time": "16.07.2021 15:56",
            "open": "39.6198",
            "high": "39.6198",
            "low": "39.617",
            "close": "39.6"
        },
        {
            "time": "16.07.2021 16:03",
            "open": "39.6",
            "high": "39.6",
            "low": "39.5719",
            "close": "39.6663"
        },
        {
            "time": "16.07.2021 16:04",
            "open": "39.6663",
            "high": "39.6663",
            "low": "39.6663",
            "close": "39.6319"
        },
        {
            "time": "16.07.2021 16:05",
            "open": "39.6319",
            "high": "39.6319",
            "low": "39.6268",
            "close": "39.7178"
        },
        {
            "time": "16.07.2021 16:16",
            "open": "39.7178",
            "high": "39.7178",
            "low": "39.7175",
            "close": "39.6823"
        },
        {
            "time": "16.07.2021 16:17",
            "open": "39.6823",
            "high": "39.6823",
            "low": "39.6823",
            "close": "39.55"
        },
        {
            "time": "16.07.2021 16:22",
            "open": "39.55",
            "high": "39.55",
            "low": "39.55",
            "close": "39.5796"
        },
        {
            "time": "16.07.2021 16:28",
            "open": "39.5796",
            "high": "39.5796",
            "low": "39.5796",
            "close": "39.6166"
        },
        {
            "time": "16.07.2021 16:30",
            "open": "39.6166",
            "high": "39.6166",
            "low": "39.6166",
            "close": "39.5"
        },
        {
            "time": "16.07.2021 16:38",
            "open": "39.5",
            "high": "39.5",
            "low": "39.5",
            "close": "39.5396"
        },
        {
            "time": "16.07.2021 16:40",
            "open": "39.5396",
            "high": "39.5396",
            "low": "39.5396",
            "close": "39.5712"
        },
        {
            "time": "16.07.2021 16:42",
            "open": "39.5712",
            "high": "39.5712",
            "low": "39.5712",
            "close": "39.6135"
        },
        {
            "time": "16.07.2021 16:51",
            "open": "39.6135",
            "high": "39.6135",
            "low": "39.6135",
            "close": "39.5854"
        },
        {
            "time": "16.07.2021 16:53",
            "open": "39.5854",
            "high": "39.5854",
            "low": "39.5854",
            "close": "39.5918"
        },
        {
            "time": "16.07.2021 17:10",
            "open": "39.5918",
            "high": "39.5918",
            "low": "39.5918",
            "close": "39.707"
        },
        {
            "time": "16.07.2021 17:13",
            "open": "39.707",
            "high": "39.707",
            "low": "39.707",
            "close": "39.8"
        },
        {
            "time": "16.07.2021 17:26",
            "open": "39.8",
            "high": "39.832",
            "low": "39.8",
            "close": "39.85"
        },
        {
            "time": "16.07.2021 17:30",
            "open": "39.85",
            "high": "39.85",
            "low": "39.85",
            "close": "39.9"
        },
        {
            "time": "16.07.2021 17:32",
            "open": "39.9",
            "high": "39.9",
            "low": "39.9",
            "close": "39.877"
        },
        {
            "time": "16.07.2021 17:33",
            "open": "39.877",
            "high": "39.877",
            "low": "39.877",
            "close": "39.9484"
        },
        {
            "time": "16.07.2021 17:35",
            "open": "39.9484",
            "high": "39.9484",
            "low": "39.9484",
            "close": "39.95"
        },
        {
            "time": "16.07.2021 17:39",
            "open": "39.95",
            "high": "40.0161",
            "low": "39.95",
            "close": "40.0306"
        },
        {
            "time": "16.07.2021 17:48",
            "open": "40.0306",
            "high": "40.0374",
            "low": "40.0306",
            "close": "40.05"
        },
        {
            "time": "16.07.2021 18:01",
            "open": "40.05",
            "high": "40.05",
            "low": "40.05",
            "close": "40.0547"
        },
        {
            "time": "16.07.2021 18:03",
            "open": "40.0547",
            "high": "40.0549",
            "low": "40.0547",
            "close": "40.0162"
        },
        {
            "time": "16.07.2021 18:04",
            "open": "40.0162",
            "high": "40.0162",
            "low": "40.0162",
            "close": "39.9139"
        },
        {
            "time": "16.07.2021 18:05",
            "open": "39.9139",
            "high": "39.9139",
            "low": "39.9067",
            "close": "39.7"
        },
        {
            "time": "16.07.2021 18:12",
            "open": "39.7",
            "high": "39.7",
            "low": "39.65",
            "close": "39.6"
        },
        {
            "time": "16.07.2021 18:13",
            "open": "39.6",
            "high": "39.6",
            "low": "39.6",
            "close": "39.6721"
        },
        {
            "time": "16.07.2021 18:14",
            "open": "39.6721",
            "high": "39.6721",
            "low": "39.6721",
            "close": "39.9"
        },
        {
            "time": "16.07.2021 18:18",
            "open": "39.9",
            "high": "39.9",
            "low": "39.9",
            "close": "39.9451"
        },
        {
            "time": "16.07.2021 18:19",
            "open": "39.9451",
            "high": "39.9451",
            "low": "39.9451",
            "close": "39.89"
        },
        {
            "time": "16.07.2021 18:20",
            "open": "39.89",
            "high": "39.89",
            "low": "39.89",
            "close": "39.7458"
        },
        {
            "time": "16.07.2021 18:26",
            "open": "39.7458",
            "high": "39.7458",
            "low": "39.7458",
            "close": "39.7678"
        },
        {
            "time": "16.07.2021 18:54",
            "open": "39.7678",
            "high": "39.7678",
            "low": "39.7678",
            "close": "39.7788"
        },
        {
            "time": "16.07.2021 18:56",
            "open": "39.7788",
            "high": "39.7788",
            "low": "39.7788",
            "close": "39.7082"
        },
        {
            "time": "16.07.2021 19:20",
            "open": "39.7082",
            "high": "39.7082",
            "low": "39.6583",
            "close": "39.6939"
        },
        {
            "time": "16.07.2021 19:21",
            "open": "39.6939",
            "high": "39.6939",
            "low": "39.6606",
            "close": "39.6"
        },
        {
            "time": "16.07.2021 19:29",
            "open": "39.6",
            "high": "39.6",
            "low": "39.6",
            "close": "39.5868"
        },
        {
            "time": "16.07.2021 19:31",
            "open": "39.5868",
            "high": "39.5868",
            "low": "39.5868",
            "close": "39.55"
        },
        {
            "time": "16.07.2021 19:33",
            "open": "39.55",
            "high": "39.55",
            "low": "39.55",
            "close": "39.5"
        },
        {
            "time": "16.07.2021 19:34",
            "open": "39.5",
            "high": "39.5",
            "low": "39.5",
            "close": "39.569"
        },
        {
            "time": "16.07.2021 19:41",
            "open": "39.569",
            "high": "39.569",
            "low": "39.569",
            "close": "39.5878"
        },
        {
            "time": "16.07.2021 19:47",
            "open": "39.5878",
            "high": "39.5878",
            "low": "39.5878",
            "close": "39.4921"
        },
        {
            "time": "16.07.2021 20:24",
            "open": "39.4921",
            "high": "39.4921",
            "low": "39.4921",
            "close": "39.5789"
        },
        {
            "time": "16.07.2021 20:37",
            "open": "39.5789",
            "high": "39.5789",
            "low": "39.5789",
            "close": "39.5278"
        },
        {
            "time": "16.07.2021 20:40",
            "open": "39.5278",
            "high": "39.5278",
            "low": "39.5278",
            "close": "39.5244"
        },
        {
            "time": "16.07.2021 20:50",
            "open": "39.5244",
            "high": "39.5244",
            "low": "39.5244",
            "close": "39.4598"
        },
        {
            "time": "16.07.2021 20:53",
            "open": "39.4598",
            "high": "39.4598",
            "low": "39.4207",
            "close": "39.4558"
        },
        {
            "time": "16.07.2021 20:56",
            "open": "39.4558",
            "high": "39.4558",
            "low": "39.453",
            "close": "39.5292"
        },
        {
            "time": "16.07.2021 21:01",
            "open": "39.5292",
            "high": "39.5292",
            "low": "39.5292",
            "close": "39.4976"
        },
        {
            "time": "16.07.2021 21:13",
            "open": "39.4976",
            "high": "39.4976",
            "low": "39.4976",
            "close": "39.5883"
        },
        {
            "time": "16.07.2021 21:16",
            "open": "39.5883",
            "high": "39.5883",
            "low": "39.5883",
            "close": "39.65"
        },
        {
            "time": "16.07.2021 21:19",
            "open": "39.65",
            "high": "39.65",
            "low": "39.65",
            "close": "39.4"
        },
        {
            "time": "16.07.2021 21:31",
            "open": "39.4",
            "high": "39.4",
            "low": "39.4",
            "close": "39.374"
        },
        {
            "time": "16.07.2021 21:32",
            "open": "39.374",
            "high": "39.374",
            "low": "39.374",
            "close": "39.35"
        },
        {
            "time": "16.07.2021 21:33",
            "open": "39.35",
            "high": "39.35",
            "low": "39.35",
            "close": "39.35"
        },
        {
            "time": "16.07.2021 21:38",
            "open": "39.35",
            "high": "39.35",
            "low": "39.319",
            "close": "39.366"
        },
        {
            "time": "16.07.2021 21:41",
            "open": "39.366",
            "high": "39.366",
            "low": "39.366",
            "close": "39.3"
        },
        {
            "time": "16.07.2021 21:43",
            "open": "39.3",
            "high": "39.3",
            "low": "39.3",
            "close": "39.2873"
        },
        {
            "time": "16.07.2021 21:47",
            "open": "39.2873",
            "high": "39.2873",
            "low": "39.2873",
            "close": "39.4004"
        },
        {
            "time": "16.07.2021 22:13",
            "open": "39.4004",
            "high": "39.4004",
            "low": "39.4004",
            "close": "39.4128"
        },
        {
            "time": "16.07.2021 22:28",
            "open": "39.4128",
            "high": "39.4128",
            "low": "39.4128",
            "close": "39.41"
        },
        {
            "time": "16.07.2021 22:40",
            "open": "39.41",
            "high": "39.41",
            "low": "39.41",
            "close": "39.3256"
        },
        {
            "time": "16.07.2021 23:06",
            "open": "39.3256",
            "high": "39.3256",
            "low": "39.3256",
            "close": "39.3255"
        },
        {
            "time": "16.07.2021 23:11",
            "open": "39.3255",
            "high": "39.3255",
            "low": "39.3255",
            "close": "39.25"
        },
        {
            "time": "16.07.2021 23:18",
            "open": "39.25",
            "high": "39.25",
            "low": "39.25",
            "close": "39.241"
        },
        {
            "time": "16.07.2021 23:19",
            "open": "39.241",
            "high": "39.241",
            "low": "39.241",
            "close": "39.2491"
        },
        {
            "time": "16.07.2021 23:43",
            "open": "39.2491",
            "high": "39.2491",
            "low": "39.2491",
            "close": "39.3855"
        }
    ]
}