{
    "FIL-EUR": [
        {
            "time": "17.12.2020 23:57",
            "open": "23.1336",
            "high": "23.1336",
            "low": "23.1336",
            "close": "23.1595"
        },
        {
            "time": "18.12.2020 00:00",
            "open": "23.1595",
            "high": "23.1598",
            "low": "23.1595",
            "close": "23.2207"
        },
        {
            "time": "18.12.2020 00:01",
            "open": "23.2207",
            "high": "23.2207",
            "low": "23.1672",
            "close": "23.1227"
        },
        {
            "time": "18.12.2020 00:14",
            "open": "23.1227",
            "high": "23.1227",
            "low": "23.1227",
            "close": "23.127"
        },
        {
            "time": "18.12.2020 00:15",
            "open": "23.127",
            "high": "23.127",
            "low": "23.127",
            "close": "23.1857"
        },
        {
            "time": "18.12.2020 00:16",
            "open": "23.1857",
            "high": "23.1857",
            "low": "23.1857",
            "close": "23.1306"
        },
        {
            "time": "18.12.2020 00:23",
            "open": "23.1306",
            "high": "23.1306",
            "low": "23.1306",
            "close": "23.1336"
        },
        {
            "time": "18.12.2020 00:27",
            "open": "23.1336",
            "high": "23.1336",
            "low": "23.1336",
            "close": "23.1447"
        },
        {
            "time": "18.12.2020 00:28",
            "open": "23.1447",
            "high": "23.1447",
            "low": "23.1447",
            "close": "23.1656"
        },
        {
            "time": "18.12.2020 00:30",
            "open": "23.1656",
            "high": "23.1657",
            "low": "23.1656",
            "close": "23.1549"
        },
        {
            "time": "18.12.2020 00:31",
            "open": "23.1549",
            "high": "23.1549",
            "low": "23.1549",
            "close": "23.1578"
        },
        {
            "time": "18.12.2020 00:33",
            "open": "23.1578",
            "high": "23.1578",
            "low": "23.1578",
            "close": "23.1584"
        },
        {
            "time": "18.12.2020 00:34",
            "open": "23.1584",
            "high": "23.1584",
            "low": "23.1232",
            "close": "23.145"
        },
        {
            "time": "18.12.2020 00:43",
            "open": "23.145",
            "high": "23.145",
            "low": "23.145",
            "close": "23.0826"
        },
        {
            "time": "18.12.2020 00:46",
            "open": "23.0826",
            "high": "23.0826",
            "low": "23.0826",
            "close": "23.1599"
        },
        {
            "time": "18.12.2020 00:47",
            "open": "23.1599",
            "high": "23.1599",
            "low": "23.1599",
            "close": "23.1599"
        },
        {
            "time": "18.12.2020 00:55",
            "open": "23.1599",
            "high": "23.1599",
            "low": "23.1599",
            "close": "23.1096"
        },
        {
            "time": "18.12.2020 00:57",
            "open": "23.1096",
            "high": "23.1096",
            "low": "23.1096",
            "close": "23.1599"
        },
        {
            "time": "18.12.2020 00:59",
            "open": "23.1599",
            "high": "23.1599",
            "low": "23.1599",
            "close": "23.1599"
        },
        {
            "time": "18.12.2020 01:00",
            "open": "23.1599",
            "high": "23.1599",
            "low": "23.1599",
            "close": "23.1599"
        },
        {
            "time": "18.12.2020 01:05",
            "open": "23.1599",
            "high": "23.16",
            "low": "23.1599",
            "close": "23.1074"
        },
        {
            "time": "18.12.2020 01:10",
            "open": "23.1074",
            "high": "23.1074",
            "low": "23.1074",
            "close": "23.0857"
        },
        {
            "time": "18.12.2020 01:12",
            "open": "23.0857",
            "high": "23.0857",
            "low": "23.0857",
            "close": "23.0857"
        },
        {
            "time": "18.12.2020 01:14",
            "open": "23.0857",
            "high": "23.0857",
            "low": "23.0857",
            "close": "23.0467"
        },
        {
            "time": "18.12.2020 01:20",
            "open": "23.0467",
            "high": "23.0741",
            "low": "23.0467",
            "close": "23.0668"
        },
        {
            "time": "18.12.2020 01:22",
            "open": "23.0668",
            "high": "23.0668",
            "low": "23.0668",
            "close": "23.0855"
        },
        {
            "time": "18.12.2020 01:23",
            "open": "23.0855",
            "high": "23.0855",
            "low": "23.0855",
            "close": "23.103"
        },
        {
            "time": "18.12.2020 01:24",
            "open": "23.103",
            "high": "23.103",
            "low": "23.103",
            "close": "23.0995"
        },
        {
            "time": "18.12.2020 01:25",
            "open": "23.0995",
            "high": "23.1104",
            "low": "23.0995",
            "close": "23.1043"
        },
        {
            "time": "18.12.2020 01:26",
            "open": "23.1043",
            "high": "23.1043",
            "low": "23.1043",
            "close": "23.1022"
        },
        {
            "time": "18.12.2020 01:29",
            "open": "23.1022",
            "high": "23.1022",
            "low": "23.0999",
            "close": "23.1293"
        },
        {
            "time": "18.12.2020 01:30",
            "open": "23.1293",
            "high": "23.1293",
            "low": "23.1293",
            "close": "23.096"
        },
        {
            "time": "18.12.2020 01:32",
            "open": "23.096",
            "high": "23.096",
            "low": "23.096",
            "close": "23.096"
        },
        {
            "time": "18.12.2020 01:35",
            "open": "23.096",
            "high": "23.096",
            "low": "23.0604",
            "close": "23.1221"
        },
        {
            "time": "18.12.2020 01:37",
            "open": "23.1221",
            "high": "23.1229",
            "low": "23.0642",
            "close": "23.0911"
        },
        {
            "time": "18.12.2020 01:40",
            "open": "23.0911",
            "high": "23.0911",
            "low": "23.0911",
            "close": "23.1814"
        },
        {
            "time": "18.12.2020 01:45",
            "open": "23.1814",
            "high": "23.1814",
            "low": "23.1814",
            "close": "23.0981"
        },
        {
            "time": "18.12.2020 01:46",
            "open": "23.0981",
            "high": "23.0981",
            "low": "23.0937",
            "close": "23.1032"
        },
        {
            "time": "18.12.2020 02:02",
            "open": "23.1032",
            "high": "23.1032",
            "low": "23.1032",
            "close": "23.2286"
        },
        {
            "time": "18.12.2020 02:16",
            "open": "23.2286",
            "high": "23.2286",
            "low": "23.2286",
            "close": "23.1526"
        },
        {
            "time": "18.12.2020 02:43",
            "open": "23.1526",
            "high": "23.1526",
            "low": "23.1526",
            "close": "23.2676"
        },
        {
            "time": "18.12.2020 03:01",
            "open": "23.2676",
            "high": "23.2676",
            "low": "23.2676",
            "close": "23.2705"
        },
        {
            "time": "18.12.2020 03:06",
            "open": "23.2705",
            "high": "23.2705",
            "low": "23.2705",
            "close": "23.3048"
        },
        {
            "time": "18.12.2020 03:17",
            "open": "23.3048",
            "high": "23.3048",
            "low": "23.3047",
            "close": "23.4176"
        },
        {
            "time": "18.12.2020 03:20",
            "open": "23.4176",
            "high": "23.4176",
            "low": "23.4176",
            "close": "23.4176"
        },
        {
            "time": "18.12.2020 03:22",
            "open": "23.4176",
            "high": "23.4176",
            "low": "23.4176",
            "close": "23.4176"
        },
        {
            "time": "18.12.2020 03:23",
            "open": "23.4176",
            "high": "23.4336",
            "low": "23.4176",
            "close": "23.4039"
        },
        {
            "time": "18.12.2020 03:32",
            "open": "23.4039",
            "high": "23.4039",
            "low": "23.4039",
            "close": "23.42"
        },
        {
            "time": "18.12.2020 03:33",
            "open": "23.42",
            "high": "23.42",
            "low": "23.42",
            "close": "23.4055"
        },
        {
            "time": "18.12.2020 03:36",
            "open": "23.4055",
            "high": "23.4055",
            "low": "23.4055",
            "close": "23.4521"
        },
        {
            "time": "18.12.2020 03:41",
            "open": "23.4521",
            "high": "23.4522",
            "low": "23.4521",
            "close": "23.4899"
        },
        {
            "time": "18.12.2020 03:51",
            "open": "23.4899",
            "high": "23.496",
            "low": "23.4899",
            "close": "23.4309"
        },
        {
            "time": "18.12.2020 03:57",
            "open": "23.4309",
            "high": "23.4309",
            "low": "23.4309",
            "close": "23.4211"
        },
        {
            "time": "18.12.2020 03:58",
            "open": "23.4211",
            "high": "23.4211",
            "low": "23.4211",
            "close": "23.4209"
        },
        {
            "time": "18.12.2020 04:03",
            "open": "23.4209",
            "high": "23.4209",
            "low": "23.4209",
            "close": "23.4207"
        },
        {
            "time": "18.12.2020 04:08",
            "open": "23.4207",
            "high": "23.4207",
            "low": "23.4207",
            "close": "23.3642"
        },
        {
            "time": "18.12.2020 04:30",
            "open": "23.3642",
            "high": "23.3642",
            "low": "23.3354",
            "close": "23.3356"
        },
        {
            "time": "18.12.2020 04:31",
            "open": "23.3356",
            "high": "23.3356",
            "low": "23.3356",
            "close": "23.4207"
        },
        {
            "time": "18.12.2020 04:48",
            "open": "23.4207",
            "high": "23.4207",
            "low": "23.4207",
            "close": "23.454"
        },
        {
            "time": "18.12.2020 04:53",
            "open": "23.454",
            "high": "23.454",
            "low": "23.454",
            "close": "23.3973"
        },
        {
            "time": "18.12.2020 05:10",
            "open": "23.3973",
            "high": "23.3973",
            "low": "23.3973",
            "close": "23.4"
        },
        {
            "time": "18.12.2020 05:13",
            "open": "23.4",
            "high": "23.4",
            "low": "23.4",
            "close": "23.3888"
        },
        {
            "time": "18.12.2020 05:16",
            "open": "23.3888",
            "high": "23.3888",
            "low": "23.3888",
            "close": "23.4"
        },
        {
            "time": "18.12.2020 05:18",
            "open": "23.4",
            "high": "23.4",
            "low": "23.4",
            "close": "23.4073"
        },
        {
            "time": "18.12.2020 05:19",
            "open": "23.4073",
            "high": "23.4073",
            "low": "23.4073",
            "close": "23.4"
        },
        {
            "time": "18.12.2020 05:20",
            "open": "23.4",
            "high": "23.4",
            "low": "23.3879",
            "close": "23.3809"
        },
        {
            "time": "18.12.2020 05:23",
            "open": "23.3809",
            "high": "23.3809",
            "low": "23.3809",
            "close": "23.3849"
        },
        {
            "time": "18.12.2020 05:24",
            "open": "23.3849",
            "high": "23.3849",
            "low": "23.3849",
            "close": "23.4293"
        },
        {
            "time": "18.12.2020 05:34",
            "open": "23.4293",
            "high": "23.4293",
            "low": "23.4293",
            "close": "23.4295"
        },
        {
            "time": "18.12.2020 05:40",
            "open": "23.4295",
            "high": "23.4295",
            "low": "23.4295",
            "close": "23.4295"
        },
        {
            "time": "18.12.2020 05:41",
            "open": "23.4295",
            "high": "23.43",
            "low": "23.4295",
            "close": "23.4299"
        },
        {
            "time": "18.12.2020 05:42",
            "open": "23.4299",
            "high": "23.43",
            "low": "23.4297",
            "close": "23.427"
        },
        {
            "time": "18.12.2020 05:43",
            "open": "23.427",
            "high": "23.427",
            "low": "23.427",
            "close": "23.3326"
        },
        {
            "time": "18.12.2020 05:53",
            "open": "23.3326",
            "high": "23.3326",
            "low": "23.3326",
            "close": "23.3477"
        },
        {
            "time": "18.12.2020 05:57",
            "open": "23.3477",
            "high": "23.3477",
            "low": "23.3477",
            "close": "23.4197"
        },
        {
            "time": "18.12.2020 06:04",
            "open": "23.4197",
            "high": "23.4198",
            "low": "23.4197",
            "close": "23.42"
        },
        {
            "time": "18.12.2020 06:07",
            "open": "23.42",
            "high": "23.42",
            "low": "23.42",
            "close": "23.42"
        },
        {
            "time": "18.12.2020 06:09",
            "open": "23.42",
            "high": "23.42",
            "low": "23.42",
            "close": "23.42"
        },
        {
            "time": "18.12.2020 06:10",
            "open": "23.42",
            "high": "23.42",
            "low": "23.42",
            "close": "23.42"
        },
        {
            "time": "18.12.2020 06:11",
            "open": "23.42",
            "high": "23.42",
            "low": "23.3589",
            "close": "23.3516"
        },
        {
            "time": "18.12.2020 06:12",
            "open": "23.3516",
            "high": "23.3525",
            "low": "23.3516",
            "close": "23.3548"
        },
        {
            "time": "18.12.2020 06:13",
            "open": "23.3548",
            "high": "23.4197",
            "low": "23.3547",
            "close": "23.3588"
        },
        {
            "time": "18.12.2020 06:14",
            "open": "23.3588",
            "high": "23.374",
            "low": "23.3588",
            "close": "23.3717"
        },
        {
            "time": "18.12.2020 06:15",
            "open": "23.3717",
            "high": "23.3718",
            "low": "23.3589",
            "close": "23.373"
        },
        {
            "time": "18.12.2020 06:17",
            "open": "23.373",
            "high": "23.373",
            "low": "23.373",
            "close": "23.4192"
        },
        {
            "time": "18.12.2020 06:18",
            "open": "23.4192",
            "high": "23.4193",
            "low": "23.3735",
            "close": "23.3741"
        },
        {
            "time": "18.12.2020 06:19",
            "open": "23.3741",
            "high": "23.3954",
            "low": "23.3741",
            "close": "23.4196"
        },
        {
            "time": "18.12.2020 06:20",
            "open": "23.4196",
            "high": "23.4196",
            "low": "23.3963",
            "close": "23.3946"
        },
        {
            "time": "18.12.2020 06:21",
            "open": "23.3946",
            "high": "23.4192",
            "low": "23.3784",
            "close": "23.3827"
        },
        {
            "time": "18.12.2020 06:22",
            "open": "23.3827",
            "high": "23.4189",
            "low": "23.3827",
            "close": "23.4189"
        },
        {
            "time": "18.12.2020 06:23",
            "open": "23.4189",
            "high": "23.4189",
            "low": "23.3971",
            "close": "23.397"
        },
        {
            "time": "18.12.2020 06:24",
            "open": "23.397",
            "high": "23.397",
            "low": "23.3875",
            "close": "23.3971"
        },
        {
            "time": "18.12.2020 06:25",
            "open": "23.3971",
            "high": "23.3971",
            "low": "23.3881",
            "close": "23.4147"
        },
        {
            "time": "18.12.2020 06:26",
            "open": "23.4147",
            "high": "23.4147",
            "low": "23.4147",
            "close": "23.415"
        },
        {
            "time": "18.12.2020 06:28",
            "open": "23.415",
            "high": "23.4299",
            "low": "23.415",
            "close": "23.4299"
        },
        {
            "time": "18.12.2020 06:29",
            "open": "23.4299",
            "high": "23.4299",
            "low": "23.3875",
            "close": "23.4278"
        },
        {
            "time": "18.12.2020 06:30",
            "open": "23.4278",
            "high": "23.4278",
            "low": "23.4278",
            "close": "23.4278"
        },
        {
            "time": "18.12.2020 06:31",
            "open": "23.4278",
            "high": "23.4278",
            "low": "23.4278",
            "close": "23.4093"
        },
        {
            "time": "18.12.2020 06:32",
            "open": "23.4093",
            "high": "23.4093",
            "low": "23.4083",
            "close": "23.406"
        },
        {
            "time": "18.12.2020 06:33",
            "open": "23.406",
            "high": "23.406",
            "low": "23.3978",
            "close": "23.3978"
        },
        {
            "time": "18.12.2020 06:34",
            "open": "23.3978",
            "high": "23.3978",
            "low": "23.3938",
            "close": "23.3978"
        },
        {
            "time": "18.12.2020 06:35",
            "open": "23.3978",
            "high": "23.3978",
            "low": "23.3978",
            "close": "23.4126"
        },
        {
            "time": "18.12.2020 06:37",
            "open": "23.4126",
            "high": "23.4212",
            "low": "23.4126",
            "close": "23.3844"
        },
        {
            "time": "18.12.2020 06:38",
            "open": "23.3844",
            "high": "23.3844",
            "low": "23.3844",
            "close": "23.4059"
        },
        {
            "time": "18.12.2020 06:48",
            "open": "23.4059",
            "high": "23.4059",
            "low": "23.4059",
            "close": "23.4268"
        },
        {
            "time": "18.12.2020 06:49",
            "open": "23.4268",
            "high": "23.4268",
            "low": "23.4268",
            "close": "23.4474"
        },
        {
            "time": "18.12.2020 06:55",
            "open": "23.4474",
            "high": "23.4474",
            "low": "23.4474",
            "close": "23.4443"
        },
        {
            "time": "18.12.2020 06:58",
            "open": "23.4443",
            "high": "23.4443",
            "low": "23.4443",
            "close": "23.4187"
        },
        {
            "time": "18.12.2020 07:01",
            "open": "23.4187",
            "high": "23.4447",
            "low": "23.4187",
            "close": "23.4477"
        },
        {
            "time": "18.12.2020 07:04",
            "open": "23.4477",
            "high": "23.4477",
            "low": "23.4477",
            "close": "23.464"
        },
        {
            "time": "18.12.2020 07:08",
            "open": "23.464",
            "high": "23.464",
            "low": "23.4212",
            "close": "23.4742"
        },
        {
            "time": "18.12.2020 07:17",
            "open": "23.4742",
            "high": "23.4742",
            "low": "23.4742",
            "close": "23.4661"
        },
        {
            "time": "18.12.2020 07:18",
            "open": "23.4661",
            "high": "23.4661",
            "low": "23.4378",
            "close": "23.4705"
        },
        {
            "time": "18.12.2020 07:29",
            "open": "23.4705",
            "high": "23.4705",
            "low": "23.4705",
            "close": "23.3901"
        },
        {
            "time": "18.12.2020 07:32",
            "open": "23.3901",
            "high": "23.3901",
            "low": "23.3901",
            "close": "23.4624"
        },
        {
            "time": "18.12.2020 07:34",
            "open": "23.4624",
            "high": "23.4625",
            "low": "23.4624",
            "close": "23.4266"
        },
        {
            "time": "18.12.2020 07:35",
            "open": "23.4266",
            "high": "23.4266",
            "low": "23.4266",
            "close": "23.4267"
        },
        {
            "time": "18.12.2020 07:37",
            "open": "23.4267",
            "high": "23.4626",
            "low": "23.4267",
            "close": "23.4278"
        },
        {
            "time": "18.12.2020 07:38",
            "open": "23.4278",
            "high": "23.4278",
            "low": "23.4278",
            "close": "23.4625"
        },
        {
            "time": "18.12.2020 07:39",
            "open": "23.4625",
            "high": "23.4625",
            "low": "23.4625",
            "close": "23.4278"
        },
        {
            "time": "18.12.2020 07:40",
            "open": "23.4278",
            "high": "23.4278",
            "low": "23.4278",
            "close": "23.4625"
        },
        {
            "time": "18.12.2020 07:43",
            "open": "23.4625",
            "high": "23.4625",
            "low": "23.4625",
            "close": "23.473"
        },
        {
            "time": "18.12.2020 07:44",
            "open": "23.473",
            "high": "23.473",
            "low": "23.4681",
            "close": "23.4708"
        },
        {
            "time": "18.12.2020 07:55",
            "open": "23.4708",
            "high": "23.4708",
            "low": "23.4708",
            "close": "23.4438"
        },
        {
            "time": "18.12.2020 07:56",
            "open": "23.4438",
            "high": "23.4438",
            "low": "23.4438",
            "close": "23.4478"
        },
        {
            "time": "18.12.2020 08:00",
            "open": "23.4478",
            "high": "23.4478",
            "low": "23.4398",
            "close": "23.4894"
        },
        {
            "time": "18.12.2020 08:01",
            "open": "23.4894",
            "high": "23.4975",
            "low": "23.4588",
            "close": "23.4975"
        },
        {
            "time": "18.12.2020 08:02",
            "open": "23.4975",
            "high": "23.4977",
            "low": "23.4975",
            "close": "23.4977"
        },
        {
            "time": "18.12.2020 08:03",
            "open": "23.4977",
            "high": "23.4977",
            "low": "23.4977",
            "close": "23.4977"
        },
        {
            "time": "18.12.2020 08:04",
            "open": "23.4977",
            "high": "23.4977",
            "low": "23.4975",
            "close": "23.4975"
        },
        {
            "time": "18.12.2020 08:05",
            "open": "23.4975",
            "high": "23.4994",
            "low": "23.4975",
            "close": "23.4987"
        },
        {
            "time": "18.12.2020 08:06",
            "open": "23.4987",
            "high": "23.4988",
            "low": "23.4987",
            "close": "23.4988"
        },
        {
            "time": "18.12.2020 08:07",
            "open": "23.4988",
            "high": "23.4988",
            "low": "23.4619",
            "close": "23.4983"
        },
        {
            "time": "18.12.2020 08:08",
            "open": "23.4983",
            "high": "23.4984",
            "low": "23.4982",
            "close": "23.4976"
        },
        {
            "time": "18.12.2020 08:09",
            "open": "23.4976",
            "high": "23.4976",
            "low": "23.4896",
            "close": "23.4897"
        },
        {
            "time": "18.12.2020 08:10",
            "open": "23.4897",
            "high": "23.4897",
            "low": "23.4805",
            "close": "23.4805"
        },
        {
            "time": "18.12.2020 08:11",
            "open": "23.4805",
            "high": "23.4805",
            "low": "23.4424",
            "close": "23.4805"
        },
        {
            "time": "18.12.2020 08:12",
            "open": "23.4805",
            "high": "23.4805",
            "low": "23.4804",
            "close": "23.4804"
        },
        {
            "time": "18.12.2020 08:13",
            "open": "23.4804",
            "high": "23.4805",
            "low": "23.4804",
            "close": "23.4805"
        },
        {
            "time": "18.12.2020 08:14",
            "open": "23.4805",
            "high": "23.4805",
            "low": "23.4804",
            "close": "23.4804"
        },
        {
            "time": "18.12.2020 08:15",
            "open": "23.4804",
            "high": "23.4806",
            "low": "23.4622",
            "close": "23.4622"
        },
        {
            "time": "18.12.2020 08:16",
            "open": "23.4622",
            "high": "23.4622",
            "low": "23.4448",
            "close": "23.4621"
        },
        {
            "time": "18.12.2020 08:17",
            "open": "23.4621",
            "high": "23.4621",
            "low": "23.4448",
            "close": "23.4533"
        },
        {
            "time": "18.12.2020 08:18",
            "open": "23.4533",
            "high": "23.4533",
            "low": "23.4533",
            "close": "23.4534"
        },
        {
            "time": "18.12.2020 08:19",
            "open": "23.4534",
            "high": "23.4534",
            "low": "23.4444",
            "close": "23.4445"
        },
        {
            "time": "18.12.2020 08:20",
            "open": "23.4445",
            "high": "23.4445",
            "low": "23.4277",
            "close": "23.4445"
        },
        {
            "time": "18.12.2020 08:21",
            "open": "23.4445",
            "high": "23.4445",
            "low": "23.4445",
            "close": "23.4445"
        },
        {
            "time": "18.12.2020 08:22",
            "open": "23.4445",
            "high": "23.4445",
            "low": "23.4291",
            "close": "23.4296"
        },
        {
            "time": "18.12.2020 08:23",
            "open": "23.4296",
            "high": "23.4324",
            "low": "23.4296",
            "close": "23.428"
        },
        {
            "time": "18.12.2020 08:24",
            "open": "23.428",
            "high": "23.4341",
            "low": "23.428",
            "close": "23.4341"
        },
        {
            "time": "18.12.2020 08:25",
            "open": "23.4341",
            "high": "23.4341",
            "low": "23.3982",
            "close": "23.4341"
        },
        {
            "time": "18.12.2020 08:26",
            "open": "23.4341",
            "high": "23.4341",
            "low": "23.3982",
            "close": "23.4341"
        },
        {
            "time": "18.12.2020 08:27",
            "open": "23.4341",
            "high": "23.4341",
            "low": "23.4341",
            "close": "23.4341"
        },
        {
            "time": "18.12.2020 08:28",
            "open": "23.4341",
            "high": "23.4341",
            "low": "23.4341",
            "close": "23.434"
        },
        {
            "time": "18.12.2020 08:31",
            "open": "23.434",
            "high": "23.434",
            "low": "23.434",
            "close": "23.3981"
        },
        {
            "time": "18.12.2020 08:33",
            "open": "23.3981",
            "high": "23.3981",
            "low": "23.3981",
            "close": "23.3981"
        },
        {
            "time": "18.12.2020 08:34",
            "open": "23.3981",
            "high": "23.3981",
            "low": "23.3981",
            "close": "23.3982"
        },
        {
            "time": "18.12.2020 08:35",
            "open": "23.3982",
            "high": "23.4338",
            "low": "23.3982",
            "close": "23.4096"
        },
        {
            "time": "18.12.2020 08:37",
            "open": "23.4096",
            "high": "23.4096",
            "low": "23.4096",
            "close": "23.4"
        },
        {
            "time": "18.12.2020 08:38",
            "open": "23.4",
            "high": "23.4",
            "low": "23.4",
            "close": "23.4314"
        },
        {
            "time": "18.12.2020 08:47",
            "open": "23.4314",
            "high": "23.4314",
            "low": "23.4314",
            "close": "23.4161"
        },
        {
            "time": "18.12.2020 08:53",
            "open": "23.4161",
            "high": "23.4161",
            "low": "23.416",
            "close": "23.43"
        },
        {
            "time": "18.12.2020 08:55",
            "open": "23.43",
            "high": "23.43",
            "low": "23.43",
            "close": "23.43"
        },
        {
            "time": "18.12.2020 08:57",
            "open": "23.43",
            "high": "23.43",
            "low": "23.43",
            "close": "23.43"
        },
        {
            "time": "18.12.2020 08:58",
            "open": "23.43",
            "high": "23.43",
            "low": "23.43",
            "close": "23.43"
        },
        {
            "time": "18.12.2020 08:59",
            "open": "23.43",
            "high": "23.43",
            "low": "23.43",
            "close": "23.4193"
        },
        {
            "time": "18.12.2020 09:00",
            "open": "23.4193",
            "high": "23.4338",
            "low": "23.4176",
            "close": "23.4338"
        },
        {
            "time": "18.12.2020 09:01",
            "open": "23.4338",
            "high": "23.4372",
            "low": "23.4338",
            "close": "23.4233"
        },
        {
            "time": "18.12.2020 09:02",
            "open": "23.4233",
            "high": "23.4233",
            "low": "23.4233",
            "close": "23.445"
        },
        {
            "time": "18.12.2020 09:04",
            "open": "23.445",
            "high": "23.445",
            "low": "23.445",
            "close": "23.4445"
        },
        {
            "time": "18.12.2020 09:05",
            "open": "23.4445",
            "high": "23.4445",
            "low": "23.4445",
            "close": "23.4228"
        },
        {
            "time": "18.12.2020 09:07",
            "open": "23.4228",
            "high": "23.4228",
            "low": "23.4228",
            "close": "23.4228"
        },
        {
            "time": "18.12.2020 09:08",
            "open": "23.4228",
            "high": "23.4228",
            "low": "23.4228",
            "close": "23.4315"
        },
        {
            "time": "18.12.2020 09:11",
            "open": "23.4315",
            "high": "23.4315",
            "low": "23.4314",
            "close": "23.4315"
        },
        {
            "time": "18.12.2020 09:12",
            "open": "23.4315",
            "high": "23.4315",
            "low": "23.4315",
            "close": "23.4227"
        },
        {
            "time": "18.12.2020 09:15",
            "open": "23.4227",
            "high": "23.4227",
            "low": "23.4227",
            "close": "23.4399"
        },
        {
            "time": "18.12.2020 09:17",
            "open": "23.4399",
            "high": "23.4444",
            "low": "23.4399",
            "close": "23.4445"
        },
        {
            "time": "18.12.2020 09:18",
            "open": "23.4445",
            "high": "23.4445",
            "low": "23.4445",
            "close": "23.4326"
        },
        {
            "time": "18.12.2020 09:19",
            "open": "23.4326",
            "high": "23.4326",
            "low": "23.4325",
            "close": "23.4445"
        },
        {
            "time": "18.12.2020 09:20",
            "open": "23.4445",
            "high": "23.45",
            "low": "23.4445",
            "close": "23.45"
        },
        {
            "time": "18.12.2020 09:21",
            "open": "23.45",
            "high": "23.45",
            "low": "23.45",
            "close": "23.45"
        },
        {
            "time": "18.12.2020 09:23",
            "open": "23.45",
            "high": "23.45",
            "low": "23.45",
            "close": "23.4559"
        },
        {
            "time": "18.12.2020 09:24",
            "open": "23.4559",
            "high": "23.4559",
            "low": "23.4544",
            "close": "23.4534"
        },
        {
            "time": "18.12.2020 09:26",
            "open": "23.4534",
            "high": "23.4534",
            "low": "23.4534",
            "close": "23.4835"
        },
        {
            "time": "18.12.2020 09:27",
            "open": "23.4835",
            "high": "23.4835",
            "low": "23.4835",
            "close": "23.49"
        },
        {
            "time": "18.12.2020 09:28",
            "open": "23.49",
            "high": "23.49",
            "low": "23.4644",
            "close": "23.4811"
        },
        {
            "time": "18.12.2020 09:31",
            "open": "23.4811",
            "high": "23.4811",
            "low": "23.4811",
            "close": "23.4416"
        },
        {
            "time": "18.12.2020 09:32",
            "open": "23.4416",
            "high": "23.4416",
            "low": "23.4416",
            "close": "23.444"
        },
        {
            "time": "18.12.2020 09:33",
            "open": "23.444",
            "high": "23.444",
            "low": "23.444",
            "close": "23.4415"
        },
        {
            "time": "18.12.2020 09:34",
            "open": "23.4415",
            "high": "23.4415",
            "low": "23.4415",
            "close": "23.433"
        },
        {
            "time": "18.12.2020 09:36",
            "open": "23.433",
            "high": "23.433",
            "low": "23.433",
            "close": "23.4752"
        },
        {
            "time": "18.12.2020 09:37",
            "open": "23.4752",
            "high": "23.4761",
            "low": "23.4751",
            "close": "23.4408"
        },
        {
            "time": "18.12.2020 09:38",
            "open": "23.4408",
            "high": "23.4408",
            "low": "23.4408",
            "close": "23.4429"
        },
        {
            "time": "18.12.2020 09:40",
            "open": "23.4429",
            "high": "23.4429",
            "low": "23.4429",
            "close": "23.454"
        },
        {
            "time": "18.12.2020 09:41",
            "open": "23.454",
            "high": "23.4882",
            "low": "23.454",
            "close": "23.49"
        },
        {
            "time": "18.12.2020 09:46",
            "open": "23.49",
            "high": "23.49",
            "low": "23.49",
            "close": "23.4511"
        },
        {
            "time": "18.12.2020 09:49",
            "open": "23.4511",
            "high": "23.4511",
            "low": "23.4511",
            "close": "23.4752"
        },
        {
            "time": "18.12.2020 09:51",
            "open": "23.4752",
            "high": "23.4752",
            "low": "23.4752",
            "close": "23.4751"
        },
        {
            "time": "18.12.2020 09:53",
            "open": "23.4751",
            "high": "23.4751",
            "low": "23.4363",
            "close": "23.4753"
        },
        {
            "time": "18.12.2020 09:54",
            "open": "23.4753",
            "high": "23.4753",
            "low": "23.4753",
            "close": "23.49"
        },
        {
            "time": "18.12.2020 09:55",
            "open": "23.49",
            "high": "23.491",
            "low": "23.49",
            "close": "23.4912"
        },
        {
            "time": "18.12.2020 09:56",
            "open": "23.4912",
            "high": "23.4912",
            "low": "23.4912",
            "close": "23.5"
        },
        {
            "time": "18.12.2020 09:58",
            "open": "23.5",
            "high": "23.5",
            "low": "23.5",
            "close": "23.4921"
        },
        {
            "time": "18.12.2020 09:59",
            "open": "23.4921",
            "high": "23.5",
            "low": "23.4921",
            "close": "23.5"
        },
        {
            "time": "18.12.2020 10:01",
            "open": "23.5",
            "high": "23.5",
            "low": "23.4921",
            "close": "23.4812"
        },
        {
            "time": "18.12.2020 10:05",
            "open": "23.4812",
            "high": "23.4812",
            "low": "23.4812",
            "close": "23.455"
        },
        {
            "time": "18.12.2020 10:07",
            "open": "23.455",
            "high": "23.455",
            "low": "23.455",
            "close": "23.4455"
        },
        {
            "time": "18.12.2020 10:10",
            "open": "23.4455",
            "high": "23.4455",
            "low": "23.4455",
            "close": "23.4821"
        },
        {
            "time": "18.12.2020 10:16",
            "open": "23.4821",
            "high": "23.4821",
            "low": "23.4821",
            "close": "23.4784"
        },
        {
            "time": "18.12.2020 10:22",
            "open": "23.4784",
            "high": "23.4784",
            "low": "23.4784",
            "close": "23.5"
        },
        {
            "time": "18.12.2020 10:25",
            "open": "23.5",
            "high": "23.5",
            "low": "23.5",
            "close": "23.4332"
        },
        {
            "time": "18.12.2020 10:29",
            "open": "23.4332",
            "high": "23.4332",
            "low": "23.4332",
            "close": "23.4919"
        },
        {
            "time": "18.12.2020 10:31",
            "open": "23.4919",
            "high": "23.4925",
            "low": "23.4919",
            "close": "23.4877"
        },
        {
            "time": "18.12.2020 10:33",
            "open": "23.4877",
            "high": "23.4877",
            "low": "23.4877",
            "close": "23.5"
        },
        {
            "time": "18.12.2020 10:34",
            "open": "23.5",
            "high": "23.501",
            "low": "23.5",
            "close": "23.4883"
        },
        {
            "time": "18.12.2020 10:40",
            "open": "23.4883",
            "high": "23.4883",
            "low": "23.4883",
            "close": "23.4884"
        },
        {
            "time": "18.12.2020 10:41",
            "open": "23.4884",
            "high": "23.4884",
            "low": "23.4884",
            "close": "23.5003"
        },
        {
            "time": "18.12.2020 10:44",
            "open": "23.5003",
            "high": "23.5003",
            "low": "23.5003",
            "close": "23.455"
        },
        {
            "time": "18.12.2020 10:45",
            "open": "23.455",
            "high": "23.4884",
            "low": "23.4545",
            "close": "23.469"
        },
        {
            "time": "18.12.2020 10:47",
            "open": "23.469",
            "high": "23.469",
            "low": "23.469",
            "close": "23.4688"
        },
        {
            "time": "18.12.2020 10:48",
            "open": "23.4688",
            "high": "23.4688",
            "low": "23.4688",
            "close": "23.5351"
        },
        {
            "time": "18.12.2020 10:51",
            "open": "23.5351",
            "high": "23.5354",
            "low": "23.5351",
            "close": "23.4864"
        },
        {
            "time": "18.12.2020 10:54",
            "open": "23.4864",
            "high": "23.4864",
            "low": "23.4864",
            "close": "23.4864"
        },
        {
            "time": "18.12.2020 10:58",
            "open": "23.4864",
            "high": "23.4864",
            "low": "23.4864",
            "close": "23.4899"
        },
        {
            "time": "18.12.2020 11:00",
            "open": "23.4899",
            "high": "23.4899",
            "low": "23.4899",
            "close": "23.4858"
        },
        {
            "time": "18.12.2020 11:02",
            "open": "23.4858",
            "high": "23.4858",
            "low": "23.4858",
            "close": "23.4858"
        },
        {
            "time": "18.12.2020 11:03",
            "open": "23.4858",
            "high": "23.4858",
            "low": "23.4858",
            "close": "23.5"
        },
        {
            "time": "18.12.2020 11:05",
            "open": "23.5",
            "high": "23.5",
            "low": "23.5",
            "close": "23.5"
        },
        {
            "time": "18.12.2020 11:06",
            "open": "23.5",
            "high": "23.5",
            "low": "23.5",
            "close": "23.5"
        },
        {
            "time": "18.12.2020 11:08",
            "open": "23.5",
            "high": "23.5",
            "low": "23.5",
            "close": "23.4833"
        },
        {
            "time": "18.12.2020 11:09",
            "open": "23.4833",
            "high": "23.4833",
            "low": "23.4833",
            "close": "23.4549"
        },
        {
            "time": "18.12.2020 11:10",
            "open": "23.4549",
            "high": "23.4549",
            "low": "23.4549",
            "close": "23.4754"
        },
        {
            "time": "18.12.2020 11:16",
            "open": "23.4754",
            "high": "23.4817",
            "low": "23.4754",
            "close": "23.4823"
        },
        {
            "time": "18.12.2020 11:17",
            "open": "23.4823",
            "high": "23.4823",
            "low": "23.4818",
            "close": "23.4818"
        },
        {
            "time": "18.12.2020 11:18",
            "open": "23.4818",
            "high": "23.4818",
            "low": "23.4818",
            "close": "23.5"
        },
        {
            "time": "18.12.2020 11:19",
            "open": "23.5",
            "high": "23.5",
            "low": "23.5",
            "close": "23.5"
        },
        {
            "time": "18.12.2020 11:21",
            "open": "23.5",
            "high": "23.5",
            "low": "23.5",
            "close": "23.5362"
        },
        {
            "time": "18.12.2020 11:22",
            "open": "23.5362",
            "high": "23.5362",
            "low": "23.5362",
            "close": "23.5091"
        },
        {
            "time": "18.12.2020 11:24",
            "open": "23.5091",
            "high": "23.5091",
            "low": "23.5089",
            "close": "23.4936"
        },
        {
            "time": "18.12.2020 11:30",
            "open": "23.4936",
            "high": "23.4936",
            "low": "23.4936",
            "close": "23.521"
        },
        {
            "time": "18.12.2020 11:31",
            "open": "23.521",
            "high": "23.521",
            "low": "23.5205",
            "close": "23.4936"
        },
        {
            "time": "18.12.2020 11:35",
            "open": "23.4936",
            "high": "23.5109",
            "low": "23.4553",
            "close": "23.5096"
        },
        {
            "time": "18.12.2020 11:36",
            "open": "23.5096",
            "high": "23.5113",
            "low": "23.5076",
            "close": "23.5112"
        },
        {
            "time": "18.12.2020 11:37",
            "open": "23.5112",
            "high": "23.5212",
            "low": "23.5112",
            "close": "23.5206"
        },
        {
            "time": "18.12.2020 11:38",
            "open": "23.5206",
            "high": "23.5218",
            "low": "23.5181",
            "close": "23.511"
        },
        {
            "time": "18.12.2020 11:39",
            "open": "23.511",
            "high": "23.5135",
            "low": "23.5101",
            "close": "23.5117"
        },
        {
            "time": "18.12.2020 11:40",
            "open": "23.5117",
            "high": "23.5135",
            "low": "23.501",
            "close": "23.4668"
        },
        {
            "time": "18.12.2020 11:41",
            "open": "23.4668",
            "high": "23.5032",
            "low": "23.4668",
            "close": "23.5"
        },
        {
            "time": "18.12.2020 11:42",
            "open": "23.5",
            "high": "23.5",
            "low": "23.4917",
            "close": "23.4923"
        },
        {
            "time": "18.12.2020 11:43",
            "open": "23.4923",
            "high": "23.4942",
            "low": "23.492",
            "close": "23.522"
        },
        {
            "time": "18.12.2020 11:44",
            "open": "23.522",
            "high": "23.522",
            "low": "23.4947",
            "close": "23.4953"
        },
        {
            "time": "18.12.2020 11:45",
            "open": "23.4953",
            "high": "23.4953",
            "low": "23.4544",
            "close": "23.4862"
        },
        {
            "time": "18.12.2020 11:46",
            "open": "23.4862",
            "high": "23.4862",
            "low": "23.4776",
            "close": "23.4911"
        },
        {
            "time": "18.12.2020 11:47",
            "open": "23.4911",
            "high": "23.4951",
            "low": "23.4881",
            "close": "23.4853"
        },
        {
            "time": "18.12.2020 11:48",
            "open": "23.4853",
            "high": "23.4859",
            "low": "23.4829",
            "close": "23.4837"
        },
        {
            "time": "18.12.2020 11:49",
            "open": "23.4837",
            "high": "23.4853",
            "low": "23.4828",
            "close": "23.4852"
        },
        {
            "time": "18.12.2020 11:50",
            "open": "23.4852",
            "high": "23.4855",
            "low": "23.4831",
            "close": "23.4851"
        },
        {
            "time": "18.12.2020 11:51",
            "open": "23.4851",
            "high": "23.4851",
            "low": "23.4749",
            "close": "23.4749"
        },
        {
            "time": "18.12.2020 11:52",
            "open": "23.4749",
            "high": "23.4749",
            "low": "23.467",
            "close": "23.467"
        },
        {
            "time": "18.12.2020 11:53",
            "open": "23.467",
            "high": "23.467",
            "low": "23.4315",
            "close": "23.467"
        },
        {
            "time": "18.12.2020 11:54",
            "open": "23.467",
            "high": "23.467",
            "low": "23.4312",
            "close": "23.466"
        },
        {
            "time": "18.12.2020 11:55",
            "open": "23.466",
            "high": "23.4668",
            "low": "23.4314",
            "close": "23.4667"
        },
        {
            "time": "18.12.2020 11:56",
            "open": "23.4667",
            "high": "23.4668",
            "low": "23.4657",
            "close": "23.4668"
        },
        {
            "time": "18.12.2020 11:57",
            "open": "23.4668",
            "high": "23.4668",
            "low": "23.4414",
            "close": "23.4668"
        },
        {
            "time": "18.12.2020 11:58",
            "open": "23.4668",
            "high": "23.4668",
            "low": "23.463",
            "close": "23.4664"
        },
        {
            "time": "18.12.2020 11:59",
            "open": "23.4664",
            "high": "23.4664",
            "low": "23.4311",
            "close": "23.4628"
        },
        {
            "time": "18.12.2020 12:00",
            "open": "23.4628",
            "high": "23.4628",
            "low": "23.4342",
            "close": "23.4554"
        },
        {
            "time": "18.12.2020 12:01",
            "open": "23.4554",
            "high": "23.4554",
            "low": "23.4343",
            "close": "23.425"
        },
        {
            "time": "18.12.2020 12:02",
            "open": "23.425",
            "high": "23.4252",
            "low": "23.4248",
            "close": "23.3917"
        },
        {
            "time": "18.12.2020 12:03",
            "open": "23.3917",
            "high": "23.4252",
            "low": "23.3917",
            "close": "23.3902"
        },
        {
            "time": "18.12.2020 12:04",
            "open": "23.3902",
            "high": "23.3902",
            "low": "23.3902",
            "close": "23.3867"
        },
        {
            "time": "18.12.2020 12:06",
            "open": "23.3867",
            "high": "23.3867",
            "low": "23.3867",
            "close": "23.3356"
        },
        {
            "time": "18.12.2020 12:16",
            "open": "23.3356",
            "high": "23.3356",
            "low": "23.3356",
            "close": "23.342"
        },
        {
            "time": "18.12.2020 12:17",
            "open": "23.342",
            "high": "23.342",
            "low": "23.3393",
            "close": "23.4059"
        },
        {
            "time": "18.12.2020 12:22",
            "open": "23.4059",
            "high": "23.4059",
            "low": "23.4058",
            "close": "23.3862"
        },
        {
            "time": "18.12.2020 12:24",
            "open": "23.3862",
            "high": "23.3868",
            "low": "23.3862",
            "close": "23.3924"
        },
        {
            "time": "18.12.2020 12:27",
            "open": "23.3924",
            "high": "23.3924",
            "low": "23.3916",
            "close": "23.4585"
        },
        {
            "time": "18.12.2020 12:34",
            "open": "23.4585",
            "high": "23.4585",
            "low": "23.4212",
            "close": "23.4239"
        },
        {
            "time": "18.12.2020 12:43",
            "open": "23.4239",
            "high": "23.4239",
            "low": "23.4239",
            "close": "23.4238"
        },
        {
            "time": "18.12.2020 12:44",
            "open": "23.4238",
            "high": "23.4238",
            "low": "23.4238",
            "close": "23.3802"
        },
        {
            "time": "18.12.2020 12:48",
            "open": "23.3802",
            "high": "23.3802",
            "low": "23.379",
            "close": "23.3683"
        },
        {
            "time": "18.12.2020 12:54",
            "open": "23.3683",
            "high": "23.4017",
            "low": "23.3683",
            "close": "23.3695"
        },
        {
            "time": "18.12.2020 12:56",
            "open": "23.3695",
            "high": "23.3716",
            "low": "23.3695",
            "close": "23.4009"
        },
        {
            "time": "18.12.2020 12:58",
            "open": "23.4009",
            "high": "23.4009",
            "low": "23.4009",
            "close": "23.377"
        },
        {
            "time": "18.12.2020 12:59",
            "open": "23.377",
            "high": "23.377",
            "low": "23.377",
            "close": "23.3773"
        },
        {
            "time": "18.12.2020 13:00",
            "open": "23.3773",
            "high": "23.3869",
            "low": "23.3773",
            "close": "23.4107"
        },
        {
            "time": "18.12.2020 13:01",
            "open": "23.4107",
            "high": "23.418",
            "low": "23.4107",
            "close": "23.4123"
        },
        {
            "time": "18.12.2020 13:02",
            "open": "23.4123",
            "high": "23.4123",
            "low": "23.4123",
            "close": "23.4094"
        },
        {
            "time": "18.12.2020 13:04",
            "open": "23.4094",
            "high": "23.4094",
            "low": "23.4094",
            "close": "23.3852"
        },
        {
            "time": "18.12.2020 13:08",
            "open": "23.3852",
            "high": "23.3853",
            "low": "23.3852",
            "close": "23.3951"
        },
        {
            "time": "18.12.2020 13:10",
            "open": "23.3951",
            "high": "23.4366",
            "low": "23.3951",
            "close": "23.4366"
        },
        {
            "time": "18.12.2020 13:11",
            "open": "23.4366",
            "high": "23.4366",
            "low": "23.4366",
            "close": "23.479"
        },
        {
            "time": "18.12.2020 13:12",
            "open": "23.479",
            "high": "23.4796",
            "low": "23.4293",
            "close": "23.4687"
        },
        {
            "time": "18.12.2020 13:13",
            "open": "23.4687",
            "high": "23.4687",
            "low": "23.4643",
            "close": "23.4222"
        },
        {
            "time": "18.12.2020 13:15",
            "open": "23.4222",
            "high": "23.4222",
            "low": "23.4222",
            "close": "23.421"
        },
        {
            "time": "18.12.2020 13:17",
            "open": "23.421",
            "high": "23.421",
            "low": "23.421",
            "close": "23.4208"
        },
        {
            "time": "18.12.2020 13:18",
            "open": "23.4208",
            "high": "23.4208",
            "low": "23.4182",
            "close": "23.4551"
        },
        {
            "time": "18.12.2020 13:19",
            "open": "23.4551",
            "high": "23.4551",
            "low": "23.455",
            "close": "23.3969"
        },
        {
            "time": "18.12.2020 13:23",
            "open": "23.3969",
            "high": "23.3969",
            "low": "23.3969",
            "close": "23.3754"
        },
        {
            "time": "18.12.2020 13:25",
            "open": "23.3754",
            "high": "23.3754",
            "low": "23.3754",
            "close": "23.3789"
        },
        {
            "time": "18.12.2020 13:26",
            "open": "23.3789",
            "high": "23.3796",
            "low": "23.3789",
            "close": "23.3586"
        },
        {
            "time": "18.12.2020 13:28",
            "open": "23.3586",
            "high": "23.3586",
            "low": "23.3586",
            "close": "23.3893"
        },
        {
            "time": "18.12.2020 13:30",
            "open": "23.3893",
            "high": "23.3893",
            "low": "23.3893",
            "close": "23.3809"
        },
        {
            "time": "18.12.2020 13:31",
            "open": "23.3809",
            "high": "23.3809",
            "low": "23.3556",
            "close": "23.3639"
        },
        {
            "time": "18.12.2020 13:32",
            "open": "23.3639",
            "high": "23.3639",
            "low": "23.3639",
            "close": "23.3608"
        },
        {
            "time": "18.12.2020 13:33",
            "open": "23.3608",
            "high": "23.361",
            "low": "23.3571",
            "close": "23.3562"
        },
        {
            "time": "18.12.2020 13:34",
            "open": "23.3562",
            "high": "23.3562",
            "low": "23.3562",
            "close": "23.3595"
        },
        {
            "time": "18.12.2020 13:35",
            "open": "23.3595",
            "high": "23.3595",
            "low": "23.3584",
            "close": "23.3575"
        },
        {
            "time": "18.12.2020 13:37",
            "open": "23.3575",
            "high": "23.3733",
            "low": "23.3575",
            "close": "23.3734"
        },
        {
            "time": "18.12.2020 13:42",
            "open": "23.3734",
            "high": "23.3734",
            "low": "23.3734",
            "close": "23.3734"
        },
        {
            "time": "18.12.2020 13:48",
            "open": "23.3734",
            "high": "23.3734",
            "low": "23.3734",
            "close": "23.3429"
        },
        {
            "time": "18.12.2020 13:50",
            "open": "23.3429",
            "high": "23.3429",
            "low": "23.3429",
            "close": "23.3734"
        },
        {
            "time": "18.12.2020 13:55",
            "open": "23.3734",
            "high": "23.3734",
            "low": "23.3734",
            "close": "23.4087"
        },
        {
            "time": "18.12.2020 13:56",
            "open": "23.4087",
            "high": "23.4088",
            "low": "23.3681",
            "close": "23.3672"
        },
        {
            "time": "18.12.2020 13:57",
            "open": "23.3672",
            "high": "23.3672",
            "low": "23.3672",
            "close": "23.3859"
        },
        {
            "time": "18.12.2020 13:58",
            "open": "23.3859",
            "high": "23.4089",
            "low": "23.3859",
            "close": "23.4089"
        },
        {
            "time": "18.12.2020 14:00",
            "open": "23.4089",
            "high": "23.4089",
            "low": "23.4089",
            "close": "23.4089"
        },
        {
            "time": "18.12.2020 14:01",
            "open": "23.4089",
            "high": "23.4089",
            "low": "23.4089",
            "close": "23.4089"
        },
        {
            "time": "18.12.2020 14:02",
            "open": "23.4089",
            "high": "23.4089",
            "low": "23.4089",
            "close": "23.3896"
        },
        {
            "time": "18.12.2020 14:04",
            "open": "23.3896",
            "high": "23.3896",
            "low": "23.3896",
            "close": "23.4063"
        },
        {
            "time": "18.12.2020 14:08",
            "open": "23.4063",
            "high": "23.4161",
            "low": "23.4063",
            "close": "23.3921"
        },
        {
            "time": "18.12.2020 14:09",
            "open": "23.3921",
            "high": "23.3921",
            "low": "23.3921",
            "close": "23.4935"
        },
        {
            "time": "18.12.2020 14:10",
            "open": "23.4935",
            "high": "23.4935",
            "low": "23.4674",
            "close": "23.4674"
        },
        {
            "time": "18.12.2020 14:15",
            "open": "23.4674",
            "high": "23.4674",
            "low": "23.4674",
            "close": "23.4132"
        },
        {
            "time": "18.12.2020 14:16",
            "open": "23.4132",
            "high": "23.4132",
            "low": "23.4132",
            "close": "23.4092"
        },
        {
            "time": "18.12.2020 14:18",
            "open": "23.4092",
            "high": "23.4092",
            "low": "23.4048",
            "close": "23.4422"
        },
        {
            "time": "18.12.2020 14:25",
            "open": "23.4422",
            "high": "23.4422",
            "low": "23.4422",
            "close": "23.4424"
        },
        {
            "time": "18.12.2020 14:26",
            "open": "23.4424",
            "high": "23.4424",
            "low": "23.4424",
            "close": "23.4572"
        },
        {
            "time": "18.12.2020 14:29",
            "open": "23.4572",
            "high": "23.4572",
            "low": "23.4572",
            "close": "23.4571"
        },
        {
            "time": "18.12.2020 14:33",
            "open": "23.4571",
            "high": "23.4572",
            "low": "23.4571",
            "close": "23.4572"
        },
        {
            "time": "18.12.2020 14:34",
            "open": "23.4572",
            "high": "23.4572",
            "low": "23.4163",
            "close": "23.436"
        },
        {
            "time": "18.12.2020 14:40",
            "open": "23.436",
            "high": "23.436",
            "low": "23.436",
            "close": "23.426"
        },
        {
            "time": "18.12.2020 14:44",
            "open": "23.426",
            "high": "23.426",
            "low": "23.426",
            "close": "23.4261"
        },
        {
            "time": "18.12.2020 14:46",
            "open": "23.4261",
            "high": "23.4261",
            "low": "23.3983",
            "close": "23.397"
        },
        {
            "time": "18.12.2020 14:51",
            "open": "23.397",
            "high": "23.4305",
            "low": "23.397",
            "close": "23.3948"
        },
        {
            "time": "18.12.2020 14:52",
            "open": "23.3948",
            "high": "23.3948",
            "low": "23.3938",
            "close": "23.4299"
        },
        {
            "time": "18.12.2020 14:57",
            "open": "23.4299",
            "high": "23.4299",
            "low": "23.4299",
            "close": "23.3697"
        },
        {
            "time": "18.12.2020 15:00",
            "open": "23.3697",
            "high": "23.4109",
            "low": "23.3697",
            "close": "23.3719"
        },
        {
            "time": "18.12.2020 15:01",
            "open": "23.3719",
            "high": "23.3719",
            "low": "23.3719",
            "close": "23.3681"
        },
        {
            "time": "18.12.2020 15:02",
            "open": "23.3681",
            "high": "23.3681",
            "low": "23.3681",
            "close": "23.3666"
        },
        {
            "time": "18.12.2020 15:03",
            "open": "23.3666",
            "high": "23.4027",
            "low": "23.3666",
            "close": "23.373"
        },
        {
            "time": "18.12.2020 15:06",
            "open": "23.373",
            "high": "23.373",
            "low": "23.373",
            "close": "23.402"
        },
        {
            "time": "18.12.2020 15:07",
            "open": "23.402",
            "high": "23.4021",
            "low": "23.402",
            "close": "23.3933"
        },
        {
            "time": "18.12.2020 15:09",
            "open": "23.3933",
            "high": "23.3933",
            "low": "23.3933",
            "close": "23.4044"
        },
        {
            "time": "18.12.2020 15:11",
            "open": "23.4044",
            "high": "23.4044",
            "low": "23.4044",
            "close": "23.4344"
        },
        {
            "time": "18.12.2020 15:13",
            "open": "23.4344",
            "high": "23.4344",
            "low": "23.4344",
            "close": "23.3631"
        },
        {
            "time": "18.12.2020 15:16",
            "open": "23.3631",
            "high": "23.3631",
            "low": "23.3587",
            "close": "23.3545"
        },
        {
            "time": "18.12.2020 15:17",
            "open": "23.3545",
            "high": "23.3545",
            "low": "23.3545",
            "close": "23.36"
        },
        {
            "time": "18.12.2020 15:25",
            "open": "23.36",
            "high": "23.3758",
            "low": "23.36",
            "close": "23.36"
        },
        {
            "time": "18.12.2020 15:30",
            "open": "23.36",
            "high": "23.36",
            "low": "23.36",
            "close": "23.36"
        },
        {
            "time": "18.12.2020 15:31",
            "open": "23.36",
            "high": "23.36",
            "low": "23.36",
            "close": "23.3156"
        },
        {
            "time": "18.12.2020 15:32",
            "open": "23.3156",
            "high": "23.3156",
            "low": "23.3156",
            "close": "23.3617"
        },
        {
            "time": "18.12.2020 15:33",
            "open": "23.3617",
            "high": "23.3617",
            "low": "23.3156",
            "close": "23.3709"
        },
        {
            "time": "18.12.2020 15:34",
            "open": "23.3709",
            "high": "23.3716",
            "low": "23.3709",
            "close": "23.3613"
        },
        {
            "time": "18.12.2020 15:35",
            "open": "23.3613",
            "high": "23.3613",
            "low": "23.3613",
            "close": "23.3136"
        },
        {
            "time": "18.12.2020 15:38",
            "open": "23.3136",
            "high": "23.3136",
            "low": "23.3136",
            "close": "23.3137"
        },
        {
            "time": "18.12.2020 15:39",
            "open": "23.3137",
            "high": "23.3137",
            "low": "23.3137",
            "close": "23.3235"
        },
        {
            "time": "18.12.2020 15:40",
            "open": "23.3235",
            "high": "23.3235",
            "low": "23.3234",
            "close": "23.303"
        },
        {
            "time": "18.12.2020 15:46",
            "open": "23.303",
            "high": "23.303",
            "low": "23.303",
            "close": "23.3364"
        },
        {
            "time": "18.12.2020 15:47",
            "open": "23.3364",
            "high": "23.3364",
            "low": "23.3364",
            "close": "23.3366"
        },
        {
            "time": "18.12.2020 15:48",
            "open": "23.3366",
            "high": "23.3366",
            "low": "23.3366",
            "close": "23.32"
        },
        {
            "time": "18.12.2020 15:49",
            "open": "23.32",
            "high": "23.32",
            "low": "23.32",
            "close": "23.32"
        },
        {
            "time": "18.12.2020 15:50",
            "open": "23.32",
            "high": "23.32",
            "low": "23.32",
            "close": "23.3366"
        },
        {
            "time": "18.12.2020 15:54",
            "open": "23.3366",
            "high": "23.3366",
            "low": "23.3366",
            "close": "23.3312"
        },
        {
            "time": "18.12.2020 15:58",
            "open": "23.3312",
            "high": "23.3312",
            "low": "23.3312",
            "close": "23.3638"
        },
        {
            "time": "18.12.2020 16:00",
            "open": "23.3638",
            "high": "23.3638",
            "low": "23.3638",
            "close": "23.3311"
        },
        {
            "time": "18.12.2020 16:05",
            "open": "23.3311",
            "high": "23.3311",
            "low": "23.3311",
            "close": "23.283"
        },
        {
            "time": "18.12.2020 16:12",
            "open": "23.283",
            "high": "23.283",
            "low": "23.283",
            "close": "23.2326"
        },
        {
            "time": "18.12.2020 16:14",
            "open": "23.2326",
            "high": "23.2326",
            "low": "23.2326",
            "close": "23.2326"
        },
        {
            "time": "18.12.2020 16:15",
            "open": "23.2326",
            "high": "23.2326",
            "low": "23.2197",
            "close": "23.2439"
        },
        {
            "time": "18.12.2020 16:16",
            "open": "23.2439",
            "high": "23.2439",
            "low": "23.2325",
            "close": "23.2708"
        },
        {
            "time": "18.12.2020 16:19",
            "open": "23.2708",
            "high": "23.2708",
            "low": "23.2708",
            "close": "23.2341"
        },
        {
            "time": "18.12.2020 16:22",
            "open": "23.2341",
            "high": "23.2341",
            "low": "23.2341",
            "close": "23.2341"
        },
        {
            "time": "18.12.2020 16:23",
            "open": "23.2341",
            "high": "23.2341",
            "low": "23.2341",
            "close": "23.239"
        },
        {
            "time": "18.12.2020 16:26",
            "open": "23.239",
            "high": "23.239",
            "low": "23.239",
            "close": "23.2395"
        },
        {
            "time": "18.12.2020 16:28",
            "open": "23.2395",
            "high": "23.247",
            "low": "23.2395",
            "close": "23.2373"
        },
        {
            "time": "18.12.2020 16:31",
            "open": "23.2373",
            "high": "23.2373",
            "low": "23.237",
            "close": "23.2357"
        },
        {
            "time": "18.12.2020 16:34",
            "open": "23.2357",
            "high": "23.2357",
            "low": "23.2357",
            "close": "23.2577"
        },
        {
            "time": "18.12.2020 16:42",
            "open": "23.2577",
            "high": "23.2577",
            "low": "23.2577",
            "close": "23.2577"
        },
        {
            "time": "18.12.2020 16:46",
            "open": "23.2577",
            "high": "23.2577",
            "low": "23.2577",
            "close": "23.2683"
        },
        {
            "time": "18.12.2020 16:47",
            "open": "23.2683",
            "high": "23.2683",
            "low": "23.2683",
            "close": "23.2684"
        },
        {
            "time": "18.12.2020 16:49",
            "open": "23.2684",
            "high": "23.2684",
            "low": "23.2684",
            "close": "23.2436"
        },
        {
            "time": "18.12.2020 16:51",
            "open": "23.2436",
            "high": "23.2436",
            "low": "23.2436",
            "close": "23.2495"
        },
        {
            "time": "18.12.2020 16:53",
            "open": "23.2495",
            "high": "23.2495",
            "low": "23.2495",
            "close": "23.2344"
        },
        {
            "time": "18.12.2020 16:55",
            "open": "23.2344",
            "high": "23.2344",
            "low": "23.2344",
            "close": "23.2344"
        },
        {
            "time": "18.12.2020 17:01",
            "open": "23.2344",
            "high": "23.2344",
            "low": "23.2344",
            "close": "23.2363"
        },
        {
            "time": "18.12.2020 17:06",
            "open": "23.2363",
            "high": "23.2363",
            "low": "23.2363",
            "close": "23.2367"
        },
        {
            "time": "18.12.2020 17:07",
            "open": "23.2367",
            "high": "23.2367",
            "low": "23.2367",
            "close": "23.2444"
        },
        {
            "time": "18.12.2020 17:09",
            "open": "23.2444",
            "high": "23.2444",
            "low": "23.2444",
            "close": "23.2701"
        },
        {
            "time": "18.12.2020 17:11",
            "open": "23.2701",
            "high": "23.2701",
            "low": "23.2701",
            "close": "23.2594"
        },
        {
            "time": "18.12.2020 17:15",
            "open": "23.2594",
            "high": "23.2594",
            "low": "23.2594",
            "close": "23.2683"
        },
        {
            "time": "18.12.2020 17:20",
            "open": "23.2683",
            "high": "23.2963",
            "low": "23.2683",
            "close": "23.2965"
        },
        {
            "time": "18.12.2020 17:21",
            "open": "23.2965",
            "high": "23.2965",
            "low": "23.2965",
            "close": "23.2715"
        },
        {
            "time": "18.12.2020 17:23",
            "open": "23.2715",
            "high": "23.2715",
            "low": "23.2715",
            "close": "23.2967"
        },
        {
            "time": "18.12.2020 17:24",
            "open": "23.2967",
            "high": "23.2967",
            "low": "23.2967",
            "close": "23.2712"
        },
        {
            "time": "18.12.2020 17:29",
            "open": "23.2712",
            "high": "23.2712",
            "low": "23.2712",
            "close": "23.2712"
        },
        {
            "time": "18.12.2020 17:31",
            "open": "23.2712",
            "high": "23.2712",
            "low": "23.2712",
            "close": "23.278"
        },
        {
            "time": "18.12.2020 17:36",
            "open": "23.278",
            "high": "23.278",
            "low": "23.2741",
            "close": "23.2743"
        },
        {
            "time": "18.12.2020 17:38",
            "open": "23.2743",
            "high": "23.2755",
            "low": "23.2743",
            "close": "23.2755"
        },
        {
            "time": "18.12.2020 17:39",
            "open": "23.2755",
            "high": "23.2755",
            "low": "23.2755",
            "close": "23.2939"
        },
        {
            "time": "18.12.2020 17:40",
            "open": "23.2939",
            "high": "23.2939",
            "low": "23.2939",
            "close": "23.2621"
        },
        {
            "time": "18.12.2020 17:45",
            "open": "23.2621",
            "high": "23.2621",
            "low": "23.2621",
            "close": "23.2899"
        },
        {
            "time": "18.12.2020 17:46",
            "open": "23.2899",
            "high": "23.2899",
            "low": "23.2899",
            "close": "23.2466"
        },
        {
            "time": "18.12.2020 17:49",
            "open": "23.2466",
            "high": "23.2466",
            "low": "23.2466",
            "close": "23.2544"
        },
        {
            "time": "18.12.2020 17:51",
            "open": "23.2544",
            "high": "23.2544",
            "low": "23.2543",
            "close": "23.2557"
        },
        {
            "time": "18.12.2020 17:52",
            "open": "23.2557",
            "high": "23.2557",
            "low": "23.2557",
            "close": "23.2557"
        },
        {
            "time": "18.12.2020 17:53",
            "open": "23.2557",
            "high": "23.2557",
            "low": "23.2557",
            "close": "23.2545"
        },
        {
            "time": "18.12.2020 17:57",
            "open": "23.2545",
            "high": "23.2545",
            "low": "23.2545",
            "close": "23.2545"
        },
        {
            "time": "18.12.2020 18:00",
            "open": "23.2545",
            "high": "23.2545",
            "low": "23.2544",
            "close": "23.2696"
        },
        {
            "time": "18.12.2020 18:10",
            "open": "23.2696",
            "high": "23.2696",
            "low": "23.2696",
            "close": "23.2693"
        },
        {
            "time": "18.12.2020 18:11",
            "open": "23.2693",
            "high": "23.2693",
            "low": "23.2693",
            "close": "23.3001"
        },
        {
            "time": "18.12.2020 18:14",
            "open": "23.3001",
            "high": "23.3001",
            "low": "23.3001",
            "close": "23.316"
        },
        {
            "time": "18.12.2020 18:27",
            "open": "23.316",
            "high": "23.3164",
            "low": "23.2802",
            "close": "23.2947"
        },
        {
            "time": "18.12.2020 18:29",
            "open": "23.2947",
            "high": "23.2947",
            "low": "23.2856",
            "close": "23.2802"
        },
        {
            "time": "18.12.2020 18:30",
            "open": "23.2802",
            "high": "23.2802",
            "low": "23.2802",
            "close": "23.2636"
        },
        {
            "time": "18.12.2020 18:33",
            "open": "23.2636",
            "high": "23.2907",
            "low": "23.2636",
            "close": "23.2602"
        },
        {
            "time": "18.12.2020 18:34",
            "open": "23.2602",
            "high": "23.2907",
            "low": "23.2602",
            "close": "23.2272"
        },
        {
            "time": "18.12.2020 18:39",
            "open": "23.2272",
            "high": "23.2272",
            "low": "23.2272",
            "close": "23.2307"
        },
        {
            "time": "18.12.2020 18:45",
            "open": "23.2307",
            "high": "23.2307",
            "low": "23.2307",
            "close": "23.232"
        },
        {
            "time": "18.12.2020 18:46",
            "open": "23.232",
            "high": "23.2346",
            "low": "23.232",
            "close": "23.2342"
        },
        {
            "time": "18.12.2020 18:52",
            "open": "23.2342",
            "high": "23.2344",
            "low": "23.2342",
            "close": "23.236"
        },
        {
            "time": "18.12.2020 18:53",
            "open": "23.236",
            "high": "23.236",
            "low": "23.236",
            "close": "23.2442"
        },
        {
            "time": "18.12.2020 18:56",
            "open": "23.2442",
            "high": "23.2442",
            "low": "23.2442",
            "close": "23.2462"
        },
        {
            "time": "18.12.2020 18:58",
            "open": "23.2462",
            "high": "23.2462",
            "low": "23.2462",
            "close": "23.2892"
        },
        {
            "time": "18.12.2020 19:04",
            "open": "23.2892",
            "high": "23.2892",
            "low": "23.2892",
            "close": "23.2766"
        },
        {
            "time": "18.12.2020 19:05",
            "open": "23.2766",
            "high": "23.2766",
            "low": "23.2766",
            "close": "23.2766"
        },
        {
            "time": "18.12.2020 19:07",
            "open": "23.2766",
            "high": "23.2766",
            "low": "23.2766",
            "close": "23.2681"
        },
        {
            "time": "18.12.2020 19:08",
            "open": "23.2681",
            "high": "23.2681",
            "low": "23.2681",
            "close": "23.2729"
        },
        {
            "time": "18.12.2020 19:13",
            "open": "23.2729",
            "high": "23.2729",
            "low": "23.2729",
            "close": "23.2862"
        },
        {
            "time": "18.12.2020 19:15",
            "open": "23.2862",
            "high": "23.2862",
            "low": "23.2862",
            "close": "23.2875"
        },
        {
            "time": "18.12.2020 19:16",
            "open": "23.2875",
            "high": "23.2875",
            "low": "23.2862",
            "close": "23.2862"
        },
        {
            "time": "18.12.2020 19:17",
            "open": "23.2862",
            "high": "23.2862",
            "low": "23.2862",
            "close": "23.2862"
        },
        {
            "time": "18.12.2020 19:18",
            "open": "23.2862",
            "high": "23.2862",
            "low": "23.2862",
            "close": "23.2777"
        },
        {
            "time": "18.12.2020 19:22",
            "open": "23.2777",
            "high": "23.2777",
            "low": "23.258",
            "close": "23.2702"
        },
        {
            "time": "18.12.2020 19:23",
            "open": "23.2702",
            "high": "23.2702",
            "low": "23.2702",
            "close": "23.2702"
        },
        {
            "time": "18.12.2020 19:26",
            "open": "23.2702",
            "high": "23.2702",
            "low": "23.246",
            "close": "23.2359"
        },
        {
            "time": "18.12.2020 19:27",
            "open": "23.2359",
            "high": "23.2359",
            "low": "23.2359",
            "close": "23.2359"
        },
        {
            "time": "18.12.2020 19:30",
            "open": "23.2359",
            "high": "23.2359",
            "low": "23.2359",
            "close": "23.2359"
        },
        {
            "time": "18.12.2020 19:31",
            "open": "23.2359",
            "high": "23.2359",
            "low": "23.2359",
            "close": "23.2359"
        },
        {
            "time": "18.12.2020 19:32",
            "open": "23.2359",
            "high": "23.2359",
            "low": "23.2359",
            "close": "23.2359"
        },
        {
            "time": "18.12.2020 19:33",
            "open": "23.2359",
            "high": "23.2359",
            "low": "23.2359",
            "close": "23.2726"
        },
        {
            "time": "18.12.2020 19:38",
            "open": "23.2726",
            "high": "23.2726",
            "low": "23.2726",
            "close": "23.2726"
        },
        {
            "time": "18.12.2020 19:43",
            "open": "23.2726",
            "high": "23.2726",
            "low": "23.2726",
            "close": "23.2725"
        },
        {
            "time": "18.12.2020 19:44",
            "open": "23.2725",
            "high": "23.2725",
            "low": "23.2515",
            "close": "23.2515"
        },
        {
            "time": "18.12.2020 19:46",
            "open": "23.2515",
            "high": "23.2605",
            "low": "23.2515",
            "close": "23.272"
        },
        {
            "time": "18.12.2020 19:49",
            "open": "23.272",
            "high": "23.272",
            "low": "23.272",
            "close": "23.2468"
        },
        {
            "time": "18.12.2020 19:56",
            "open": "23.2468",
            "high": "23.2468",
            "low": "23.2468",
            "close": "23.2468"
        },
        {
            "time": "18.12.2020 19:57",
            "open": "23.2468",
            "high": "23.272",
            "low": "23.2468",
            "close": "23.2468"
        },
        {
            "time": "18.12.2020 19:58",
            "open": "23.2468",
            "high": "23.2468",
            "low": "23.2468",
            "close": "23.2719"
        },
        {
            "time": "18.12.2020 20:01",
            "open": "23.2719",
            "high": "23.2719",
            "low": "23.2719",
            "close": "23.2444"
        },
        {
            "time": "18.12.2020 20:02",
            "open": "23.2444",
            "high": "23.2719",
            "low": "23.2444",
            "close": "23.2446"
        },
        {
            "time": "18.12.2020 20:03",
            "open": "23.2446",
            "high": "23.2446",
            "low": "23.2446",
            "close": "23.2446"
        },
        {
            "time": "18.12.2020 20:04",
            "open": "23.2446",
            "high": "23.2446",
            "low": "23.2446",
            "close": "23.2446"
        },
        {
            "time": "18.12.2020 20:05",
            "open": "23.2446",
            "high": "23.2446",
            "low": "23.2446",
            "close": "23.2446"
        },
        {
            "time": "18.12.2020 20:06",
            "open": "23.2446",
            "high": "23.2446",
            "low": "23.2446",
            "close": "23.2446"
        },
        {
            "time": "18.12.2020 20:07",
            "open": "23.2446",
            "high": "23.2549",
            "low": "23.2446",
            "close": "23.2719"
        },
        {
            "time": "18.12.2020 20:08",
            "open": "23.2719",
            "high": "23.2719",
            "low": "23.2719",
            "close": "23.2719"
        },
        {
            "time": "18.12.2020 20:09",
            "open": "23.2719",
            "high": "23.2719",
            "low": "23.2719",
            "close": "23.2549"
        },
        {
            "time": "18.12.2020 20:10",
            "open": "23.2549",
            "high": "23.2549",
            "low": "23.2549",
            "close": "23.2446"
        },
        {
            "time": "18.12.2020 20:13",
            "open": "23.2446",
            "high": "23.2446",
            "low": "23.2446",
            "close": "23.2446"
        },
        {
            "time": "18.12.2020 20:18",
            "open": "23.2446",
            "high": "23.2446",
            "low": "23.2446",
            "close": "23.2446"
        },
        {
            "time": "18.12.2020 20:22",
            "open": "23.2446",
            "high": "23.2446",
            "low": "23.2446",
            "close": "23.2446"
        },
        {
            "time": "18.12.2020 20:24",
            "open": "23.2446",
            "high": "23.2446",
            "low": "23.2446",
            "close": "23.2446"
        },
        {
            "time": "18.12.2020 20:25",
            "open": "23.2446",
            "high": "23.2446",
            "low": "23.2446",
            "close": "23.2446"
        },
        {
            "time": "18.12.2020 20:26",
            "open": "23.2446",
            "high": "23.2446",
            "low": "23.2446",
            "close": "23.268"
        },
        {
            "time": "18.12.2020 20:32",
            "open": "23.268",
            "high": "23.268",
            "low": "23.268",
            "close": "23.2449"
        },
        {
            "time": "18.12.2020 20:42",
            "open": "23.2449",
            "high": "23.2449",
            "low": "23.2449",
            "close": "23.2449"
        },
        {
            "time": "18.12.2020 20:44",
            "open": "23.2449",
            "high": "23.2449",
            "low": "23.2449",
            "close": "23.2449"
        },
        {
            "time": "18.12.2020 20:50",
            "open": "23.2449",
            "high": "23.2449",
            "low": "23.2449",
            "close": "23.2449"
        },
        {
            "time": "18.12.2020 20:55",
            "open": "23.2449",
            "high": "23.2449",
            "low": "23.2449",
            "close": "23.2368"
        },
        {
            "time": "18.12.2020 21:01",
            "open": "23.2368",
            "high": "23.2368",
            "low": "23.2368",
            "close": "23.2397"
        },
        {
            "time": "18.12.2020 21:04",
            "open": "23.2397",
            "high": "23.2397",
            "low": "23.2397",
            "close": "23.2726"
        },
        {
            "time": "18.12.2020 21:11",
            "open": "23.2726",
            "high": "23.2726",
            "low": "23.2726",
            "close": "23.2442"
        },
        {
            "time": "18.12.2020 21:17",
            "open": "23.2442",
            "high": "23.2442",
            "low": "23.2442",
            "close": "23.2442"
        },
        {
            "time": "18.12.2020 21:20",
            "open": "23.2442",
            "high": "23.2442",
            "low": "23.2442",
            "close": "23.2732"
        },
        {
            "time": "18.12.2020 21:21",
            "open": "23.2732",
            "high": "23.2732",
            "low": "23.2732",
            "close": "23.2443"
        },
        {
            "time": "18.12.2020 21:23",
            "open": "23.2443",
            "high": "23.2443",
            "low": "23.2443",
            "close": "23.1887"
        },
        {
            "time": "18.12.2020 21:37",
            "open": "23.1887",
            "high": "23.1887",
            "low": "23.1887",
            "close": "23.1878"
        },
        {
            "time": "18.12.2020 21:43",
            "open": "23.1878",
            "high": "23.1878",
            "low": "23.1878",
            "close": "23.1665"
        },
        {
            "time": "18.12.2020 21:44",
            "open": "23.1665",
            "high": "23.1665",
            "low": "23.1665",
            "close": "23.17"
        },
        {
            "time": "18.12.2020 21:51",
            "open": "23.17",
            "high": "23.17",
            "low": "23.17",
            "close": "23.2065"
        },
        {
            "time": "18.12.2020 21:55",
            "open": "23.2065",
            "high": "23.2065",
            "low": "23.2065",
            "close": "23.2066"
        },
        {
            "time": "18.12.2020 22:00",
            "open": "23.2066",
            "high": "23.2066",
            "low": "23.2066",
            "close": "23.1757"
        },
        {
            "time": "18.12.2020 22:01",
            "open": "23.1757",
            "high": "23.1757",
            "low": "23.1757",
            "close": "23.1669"
        },
        {
            "time": "18.12.2020 22:08",
            "open": "23.1669",
            "high": "23.1669",
            "low": "23.1669",
            "close": "23.1669"
        },
        {
            "time": "18.12.2020 22:10",
            "open": "23.1669",
            "high": "23.1669",
            "low": "23.1669",
            "close": "23.1665"
        },
        {
            "time": "18.12.2020 22:14",
            "open": "23.1665",
            "high": "23.1665",
            "low": "23.1665",
            "close": "23.1713"
        },
        {
            "time": "18.12.2020 22:18",
            "open": "23.1713",
            "high": "23.1713",
            "low": "23.1713",
            "close": "23.1666"
        },
        {
            "time": "18.12.2020 22:25",
            "open": "23.1666",
            "high": "23.2047",
            "low": "23.1666",
            "close": "23.1667"
        },
        {
            "time": "18.12.2020 22:26",
            "open": "23.1667",
            "high": "23.1667",
            "low": "23.1667",
            "close": "23.1665"
        },
        {
            "time": "18.12.2020 22:27",
            "open": "23.1665",
            "high": "23.1665",
            "low": "23.1663",
            "close": "23.166"
        },
        {
            "time": "18.12.2020 22:29",
            "open": "23.166",
            "high": "23.2028",
            "low": "23.166",
            "close": "23.1898"
        },
        {
            "time": "18.12.2020 22:36",
            "open": "23.1898",
            "high": "23.1898",
            "low": "23.1898",
            "close": "23.2079"
        },
        {
            "time": "18.12.2020 22:38",
            "open": "23.2079",
            "high": "23.2079",
            "low": "23.2079",
            "close": "23.2078"
        },
        {
            "time": "18.12.2020 22:39",
            "open": "23.2078",
            "high": "23.2078",
            "low": "23.2078",
            "close": "23.2075"
        },
        {
            "time": "18.12.2020 22:40",
            "open": "23.2075",
            "high": "23.2075",
            "low": "23.2075",
            "close": "23.2075"
        },
        {
            "time": "18.12.2020 22:41",
            "open": "23.2075",
            "high": "23.2075",
            "low": "23.2075",
            "close": "23.2904"
        },
        {
            "time": "18.12.2020 22:45",
            "open": "23.2904",
            "high": "23.2904",
            "low": "23.2904",
            "close": "23.2904"
        },
        {
            "time": "18.12.2020 22:47",
            "open": "23.2904",
            "high": "23.2904",
            "low": "23.2904",
            "close": "23.2904"
        },
        {
            "time": "18.12.2020 22:48",
            "open": "23.2904",
            "high": "23.2904",
            "low": "23.2904",
            "close": "23.2878"
        },
        {
            "time": "18.12.2020 22:56",
            "open": "23.2878",
            "high": "23.2878",
            "low": "23.2878",
            "close": "23.3197"
        },
        {
            "time": "18.12.2020 23:03",
            "open": "23.3197",
            "high": "23.3197",
            "low": "23.3197",
            "close": "23.3027"
        },
        {
            "time": "18.12.2020 23:07",
            "open": "23.3027",
            "high": "23.3027",
            "low": "23.3026",
            "close": "23.3192"
        },
        {
            "time": "18.12.2020 23:08",
            "open": "23.3192",
            "high": "23.3192",
            "low": "23.3192",
            "close": "23.3197"
        },
        {
            "time": "18.12.2020 23:09",
            "open": "23.3197",
            "high": "23.3197",
            "low": "23.3197",
            "close": "23.3204"
        },
        {
            "time": "18.12.2020 23:10",
            "open": "23.3204",
            "high": "23.3204",
            "low": "23.3204",
            "close": "23.3211"
        },
        {
            "time": "18.12.2020 23:12",
            "open": "23.3211",
            "high": "23.3211",
            "low": "23.3211",
            "close": "23.3211"
        },
        {
            "time": "18.12.2020 23:13",
            "open": "23.3211",
            "high": "23.3211",
            "low": "23.3211",
            "close": "23.2803"
        },
        {
            "time": "18.12.2020 23:14",
            "open": "23.2803",
            "high": "23.2803",
            "low": "23.2803",
            "close": "23.3311"
        },
        {
            "time": "18.12.2020 23:15",
            "open": "23.3311",
            "high": "23.3311",
            "low": "23.3311",
            "close": "23.3278"
        },
        {
            "time": "18.12.2020 23:17",
            "open": "23.3278",
            "high": "23.3278",
            "low": "23.2765",
            "close": "23.2536"
        },
        {
            "time": "18.12.2020 23:19",
            "open": "23.2536",
            "high": "23.2536",
            "low": "23.2536",
            "close": "23.2702"
        },
        {
            "time": "18.12.2020 23:25",
            "open": "23.2702",
            "high": "23.2702",
            "low": "23.2702",
            "close": "23.2717"
        },
        {
            "time": "18.12.2020 23:27",
            "open": "23.2717",
            "high": "23.2717",
            "low": "23.2708",
            "close": "23.311"
        },
        {
            "time": "18.12.2020 23:28",
            "open": "23.311",
            "high": "23.311",
            "low": "23.311",
            "close": "23.2532"
        },
        {
            "time": "18.12.2020 23:33",
            "open": "23.2532",
            "high": "23.2532",
            "low": "23.2532",
            "close": "23.2942"
        },
        {
            "time": "18.12.2020 23:34",
            "open": "23.2942",
            "high": "23.2944",
            "low": "23.2942",
            "close": "23.2519"
        },
        {
            "time": "18.12.2020 23:35",
            "open": "23.2519",
            "high": "23.2519",
            "low": "23.2519",
            "close": "23.2934"
        },
        {
            "time": "18.12.2020 23:36",
            "open": "23.2934",
            "high": "23.2934",
            "low": "23.2934",
            "close": "23.2835"
        },
        {
            "time": "18.12.2020 23:38",
            "open": "23.2835",
            "high": "23.2835",
            "low": "23.2835",
            "close": "23.2746"
        },
        {
            "time": "18.12.2020 23:47",
            "open": "23.2746",
            "high": "23.2828",
            "low": "23.2746",
            "close": "23.2288"
        },
        {
            "time": "18.12.2020 23:49",
            "open": "23.2288",
            "high": "23.2288",
            "low": "23.2288",
            "close": "23.2195"
        },
        {
            "time": "18.12.2020 23:54",
            "open": "23.2195",
            "high": "23.2195",
            "low": "23.2195",
            "close": "23.2625"
        }
    ]
}