{
    "FIL-EUR": [
        {
            "time": "19.12.2020 23:59",
            "open": "22.923",
            "high": "22.923",
            "low": "22.9176",
            "close": "22.923"
        },
        {
            "time": "20.12.2020 00:00",
            "open": "22.923",
            "high": "22.9231",
            "low": "22.923",
            "close": "22.9329"
        },
        {
            "time": "20.12.2020 00:05",
            "open": "22.9329",
            "high": "22.9329",
            "low": "22.9329",
            "close": "22.9221"
        },
        {
            "time": "20.12.2020 00:06",
            "open": "22.9221",
            "high": "22.9221",
            "low": "22.9221",
            "close": "22.9221"
        },
        {
            "time": "20.12.2020 00:07",
            "open": "22.9221",
            "high": "22.9221",
            "low": "22.9221",
            "close": "22.9221"
        },
        {
            "time": "20.12.2020 00:08",
            "open": "22.9221",
            "high": "22.9221",
            "low": "22.9221",
            "close": "22.9246"
        },
        {
            "time": "20.12.2020 00:15",
            "open": "22.9246",
            "high": "22.9246",
            "low": "22.9149",
            "close": "22.9351"
        },
        {
            "time": "20.12.2020 12:50",
            "open": "23",
            "high": "23",
            "low": "23",
            "close": "23"
        },
        {
            "time": "20.12.2020 12:54",
            "open": "23",
            "high": "23",
            "low": "23",
            "close": "23"
        },
        {
            "time": "20.12.2020 12:55",
            "open": "23",
            "high": "23",
            "low": "23",
            "close": "23"
        },
        {
            "time": "20.12.2020 12:56",
            "open": "23",
            "high": "23",
            "low": "23",
            "close": "23"
        },
        {
            "time": "20.12.2020 12:57",
            "open": "23",
            "high": "23",
            "low": "23",
            "close": "23.0177"
        },
        {
            "time": "20.12.2020 12:59",
            "open": "23.0177",
            "high": "23.0179",
            "low": "23.0177",
            "close": "23.0179"
        },
        {
            "time": "20.12.2020 13:02",
            "open": "23.0179",
            "high": "23.0179",
            "low": "23.0179",
            "close": "23.0179"
        },
        {
            "time": "20.12.2020 13:04",
            "open": "23.0179",
            "high": "23.0179",
            "low": "23.0179",
            "close": "23.0178"
        },
        {
            "time": "20.12.2020 13:05",
            "open": "23.0178",
            "high": "23.0178",
            "low": "23.013",
            "close": "23.0161"
        },
        {
            "time": "20.12.2020 13:10",
            "open": "23.0161",
            "high": "23.0161",
            "low": "23.016",
            "close": "23.0173"
        },
        {
            "time": "20.12.2020 13:12",
            "open": "23.0173",
            "high": "23.0173",
            "low": "23.0172",
            "close": "23.0175"
        },
        {
            "time": "20.12.2020 13:15",
            "open": "23.0175",
            "high": "23.0175",
            "low": "23.0172",
            "close": "23.0179"
        },
        {
            "time": "20.12.2020 13:17",
            "open": "23.0179",
            "high": "23.0179",
            "low": "23.0179",
            "close": "23.0178"
        },
        {
            "time": "20.12.2020 13:19",
            "open": "23.0178",
            "high": "23.0178",
            "low": "23.0178",
            "close": "23.0179"
        },
        {
            "time": "20.12.2020 13:39",
            "open": "23.0097",
            "high": "23.0097",
            "low": "23.0097",
            "close": "23.0127"
        },
        {
            "time": "20.12.2020 13:42",
            "open": "23.0127",
            "high": "23.0127",
            "low": "23.0002",
            "close": "23"
        },
        {
            "time": "20.12.2020 13:44",
            "open": "23",
            "high": "23",
            "low": "23",
            "close": "23"
        },
        {
            "time": "20.12.2020 13:45",
            "open": "23",
            "high": "23",
            "low": "22.98",
            "close": "22.98"
        },
        {
            "time": "20.12.2020 13:46",
            "open": "22.98",
            "high": "22.9801",
            "low": "22.98",
            "close": "22.9801"
        },
        {
            "time": "20.12.2020 13:50",
            "open": "22.9801",
            "high": "22.9801",
            "low": "22.9397",
            "close": "22.9726"
        },
        {
            "time": "20.12.2020 13:54",
            "open": "22.9726",
            "high": "22.9726",
            "low": "22.9726",
            "close": "22.9392"
        },
        {
            "time": "20.12.2020 13:55",
            "open": "22.9392",
            "high": "22.9392",
            "low": "22.9392",
            "close": "23.0052"
        },
        {
            "time": "20.12.2020 14:03",
            "open": "23.0052",
            "high": "23.0179",
            "low": "23.0052",
            "close": "22.9981"
        },
        {
            "time": "20.12.2020 14:05",
            "open": "22.9981",
            "high": "22.9981",
            "low": "22.9981",
            "close": "22.931"
        },
        {
            "time": "20.12.2020 14:17",
            "open": "22.931",
            "high": "22.931",
            "low": "22.931",
            "close": "22.8967"
        },
        {
            "time": "20.12.2020 14:18",
            "open": "22.8967",
            "high": "22.8967",
            "low": "22.8967",
            "close": "22.901"
        },
        {
            "time": "20.12.2020 14:24",
            "open": "22.901",
            "high": "22.901",
            "low": "22.901",
            "close": "22.9296"
        },
        {
            "time": "20.12.2020 14:28",
            "open": "22.9151",
            "high": "22.9151",
            "low": "22.9151",
            "close": "22.9402"
        },
        {
            "time": "20.12.2020 14:37",
            "open": "22.9402",
            "high": "22.9402",
            "low": "22.9402",
            "close": "22.9017"
        },
        {
            "time": "20.12.2020 14:39",
            "open": "22.9017",
            "high": "22.9017",
            "low": "22.9017",
            "close": "22.8566"
        },
        {
            "time": "20.12.2020 14:46",
            "open": "22.8566",
            "high": "22.8566",
            "low": "22.8566",
            "close": "22.8861"
        },
        {
            "time": "20.12.2020 14:47",
            "open": "22.8861",
            "high": "22.8861",
            "low": "22.8861",
            "close": "22.8587"
        },
        {
            "time": "20.12.2020 14:48",
            "open": "22.8587",
            "high": "22.897",
            "low": "22.8587",
            "close": "22.897"
        },
        {
            "time": "20.12.2020 14:49",
            "open": "22.897",
            "high": "22.897",
            "low": "22.897",
            "close": "22.9054"
        },
        {
            "time": "20.12.2020 14:54",
            "open": "22.9054",
            "high": "22.9054",
            "low": "22.8848",
            "close": "22.8844"
        },
        {
            "time": "20.12.2020 15:02",
            "open": "22.8844",
            "high": "22.8845",
            "low": "22.8844",
            "close": "22.8546"
        },
        {
            "time": "20.12.2020 15:07",
            "open": "22.8546",
            "high": "22.8546",
            "low": "22.8546",
            "close": "22.8854"
        },
        {
            "time": "20.12.2020 15:11",
            "open": "22.8854",
            "high": "22.8854",
            "low": "22.8854",
            "close": "22.8873"
        },
        {
            "time": "20.12.2020 15:12",
            "open": "22.8873",
            "high": "22.8873",
            "low": "22.87",
            "close": "22.8872"
        },
        {
            "time": "20.12.2020 15:13",
            "open": "22.8872",
            "high": "22.8873",
            "low": "22.8702",
            "close": "22.8786"
        },
        {
            "time": "20.12.2020 15:17",
            "open": "22.8786",
            "high": "22.8786",
            "low": "22.8786",
            "close": "22.8786"
        },
        {
            "time": "20.12.2020 15:18",
            "open": "22.8786",
            "high": "22.8786",
            "low": "22.8786",
            "close": "22.8921"
        },
        {
            "time": "20.12.2020 15:20",
            "open": "22.8921",
            "high": "22.8921",
            "low": "22.8921",
            "close": "22.8972"
        },
        {
            "time": "20.12.2020 15:24",
            "open": "22.8972",
            "high": "22.8972",
            "low": "22.8972",
            "close": "22.8845"
        },
        {
            "time": "20.12.2020 15:26",
            "open": "22.8845",
            "high": "22.8845",
            "low": "22.8845",
            "close": "22.8841"
        },
        {
            "time": "20.12.2020 15:29",
            "open": "22.8841",
            "high": "22.8841",
            "low": "22.8841",
            "close": "22.8841"
        },
        {
            "time": "20.12.2020 15:30",
            "open": "22.8841",
            "high": "22.9025",
            "low": "22.8841",
            "close": "22.9162"
        },
        {
            "time": "20.12.2020 15:37",
            "open": "22.9162",
            "high": "22.9294",
            "low": "22.9162",
            "close": "22.8953"
        },
        {
            "time": "20.12.2020 15:41",
            "open": "22.8953",
            "high": "22.8953",
            "low": "22.8951",
            "close": "22.9087"
        },
        {
            "time": "20.12.2020 15:57",
            "open": "22.9087",
            "high": "22.9088",
            "low": "22.9087",
            "close": "22.8938"
        },
        {
            "time": "20.12.2020 16:03",
            "open": "22.8938",
            "high": "22.8938",
            "low": "22.8938",
            "close": "22.9004"
        },
        {
            "time": "20.12.2020 16:08",
            "open": "22.9004",
            "high": "22.9004",
            "low": "22.9004",
            "close": "22.9072"
        },
        {
            "time": "20.12.2020 16:16",
            "open": "22.9072",
            "high": "22.9072",
            "low": "22.9072",
            "close": "22.9308"
        },
        {
            "time": "20.12.2020 16:17",
            "open": "22.9308",
            "high": "22.9309",
            "low": "22.9074",
            "close": "22.9074"
        },
        {
            "time": "20.12.2020 16:19",
            "open": "22.9074",
            "high": "22.9074",
            "low": "22.9074",
            "close": "22.9103"
        },
        {
            "time": "20.12.2020 16:20",
            "open": "22.9103",
            "high": "22.9103",
            "low": "22.9103",
            "close": "22.9193"
        },
        {
            "time": "20.12.2020 16:22",
            "open": "22.9193",
            "high": "22.9193",
            "low": "22.9193",
            "close": "22.9074"
        },
        {
            "time": "20.12.2020 16:23",
            "open": "22.9074",
            "high": "22.9074",
            "low": "22.9074",
            "close": "22.8887"
        },
        {
            "time": "20.12.2020 16:31",
            "open": "22.8887",
            "high": "22.8887",
            "low": "22.8887",
            "close": "22.9143"
        },
        {
            "time": "20.12.2020 16:35",
            "open": "22.9143",
            "high": "22.9143",
            "low": "22.8914",
            "close": "22.8887"
        },
        {
            "time": "20.12.2020 16:36",
            "open": "22.8887",
            "high": "22.8887",
            "low": "22.8887",
            "close": "22.8536"
        },
        {
            "time": "20.12.2020 16:38",
            "open": "22.8536",
            "high": "22.8536",
            "low": "22.8536",
            "close": "22.8824"
        },
        {
            "time": "20.12.2020 16:39",
            "open": "22.8824",
            "high": "22.8824",
            "low": "22.8824",
            "close": "22.8501"
        },
        {
            "time": "20.12.2020 16:50",
            "open": "22.8501",
            "high": "22.8501",
            "low": "22.8501",
            "close": "22.8501"
        },
        {
            "time": "20.12.2020 16:51",
            "open": "22.8501",
            "high": "22.8501",
            "low": "22.8501",
            "close": "22.8728"
        },
        {
            "time": "20.12.2020 16:53",
            "open": "22.8728",
            "high": "22.8745",
            "low": "22.8728",
            "close": "22.851"
        },
        {
            "time": "20.12.2020 16:59",
            "open": "22.851",
            "high": "22.851",
            "low": "22.851",
            "close": "22.8873"
        },
        {
            "time": "20.12.2020 17:08",
            "open": "22.8873",
            "high": "22.8874",
            "low": "22.8703",
            "close": "22.8875"
        },
        {
            "time": "20.12.2020 17:09",
            "open": "22.8875",
            "high": "22.8875",
            "low": "22.8782",
            "close": "22.8505"
        },
        {
            "time": "20.12.2020 17:12",
            "open": "22.8505",
            "high": "22.8505",
            "low": "22.8416",
            "close": "22.8694"
        },
        {
            "time": "20.12.2020 17:17",
            "open": "22.8694",
            "high": "22.8694",
            "low": "22.8694",
            "close": "22.8378"
        },
        {
            "time": "20.12.2020 17:18",
            "open": "22.8378",
            "high": "22.8386",
            "low": "22.8378",
            "close": "22.8386"
        },
        {
            "time": "20.12.2020 17:22",
            "open": "22.8386",
            "high": "22.8441",
            "low": "22.8287",
            "close": "22.833"
        },
        {
            "time": "20.12.2020 17:25",
            "open": "22.833",
            "high": "22.833",
            "low": "22.833",
            "close": "22.8279"
        },
        {
            "time": "20.12.2020 17:26",
            "open": "22.8279",
            "high": "22.8279",
            "low": "22.8279",
            "close": "22.8417"
        },
        {
            "time": "20.12.2020 17:32",
            "open": "22.8417",
            "high": "22.8417",
            "low": "22.8126",
            "close": "22.8477"
        },
        {
            "time": "20.12.2020 17:36",
            "open": "22.8477",
            "high": "22.8516",
            "low": "22.8477",
            "close": "22.8272"
        },
        {
            "time": "20.12.2020 17:37",
            "open": "22.8272",
            "high": "22.8272",
            "low": "22.8225",
            "close": "22.8512"
        },
        {
            "time": "20.12.2020 17:38",
            "open": "22.8512",
            "high": "22.8512",
            "low": "22.8512",
            "close": "22.8513"
        },
        {
            "time": "20.12.2020 17:41",
            "open": "22.8513",
            "high": "22.8513",
            "low": "22.8513",
            "close": "22.81"
        },
        {
            "time": "20.12.2020 17:43",
            "open": "22.81",
            "high": "22.8191",
            "low": "22.81",
            "close": "22.8182"
        },
        {
            "time": "20.12.2020 17:44",
            "open": "22.8182",
            "high": "22.8182",
            "low": "22.8138",
            "close": "22.8142"
        },
        {
            "time": "20.12.2020 17:52",
            "open": "22.8142",
            "high": "22.8142",
            "low": "22.8074",
            "close": "22.8143"
        },
        {
            "time": "20.12.2020 17:54",
            "open": "22.8143",
            "high": "22.8143",
            "low": "22.8143",
            "close": "22.8206"
        },
        {
            "time": "20.12.2020 17:57",
            "open": "22.8206",
            "high": "22.8402",
            "low": "22.8206",
            "close": "22.8399"
        },
        {
            "time": "20.12.2020 17:58",
            "open": "22.8399",
            "high": "22.8399",
            "low": "22.8399",
            "close": "22.8118"
        },
        {
            "time": "20.12.2020 18:00",
            "open": "22.8118",
            "high": "22.8347",
            "low": "22.8118",
            "close": "22.8292"
        },
        {
            "time": "20.12.2020 18:01",
            "open": "22.8292",
            "high": "22.84",
            "low": "22.8292",
            "close": "22.8379"
        },
        {
            "time": "20.12.2020 18:02",
            "open": "22.8379",
            "high": "22.8379",
            "low": "22.8379",
            "close": "22.8155"
        },
        {
            "time": "20.12.2020 18:09",
            "open": "22.8155",
            "high": "22.8155",
            "low": "22.8155",
            "close": "22.8401"
        },
        {
            "time": "20.12.2020 18:13",
            "open": "22.8401",
            "high": "22.8401",
            "low": "22.8401",
            "close": "22.8122"
        },
        {
            "time": "20.12.2020 18:18",
            "open": "22.8122",
            "high": "22.8122",
            "low": "22.8122",
            "close": "22.8285"
        },
        {
            "time": "20.12.2020 18:24",
            "open": "22.8285",
            "high": "22.8285",
            "low": "22.8285",
            "close": "22.8285"
        },
        {
            "time": "20.12.2020 18:25",
            "open": "22.8285",
            "high": "22.8285",
            "low": "22.8147",
            "close": "22.8128"
        },
        {
            "time": "20.12.2020 18:28",
            "open": "22.8128",
            "high": "22.8128",
            "low": "22.8128",
            "close": "22.8127"
        },
        {
            "time": "20.12.2020 18:32",
            "open": "22.8127",
            "high": "22.8127",
            "low": "22.8127",
            "close": "22.8436"
        },
        {
            "time": "20.12.2020 18:34",
            "open": "22.8436",
            "high": "22.8436",
            "low": "22.8436",
            "close": "22.8198"
        },
        {
            "time": "20.12.2020 18:35",
            "open": "22.8198",
            "high": "22.8198",
            "low": "22.8198",
            "close": "22.8336"
        },
        {
            "time": "20.12.2020 18:48",
            "open": "22.8336",
            "high": "22.8336",
            "low": "22.8336",
            "close": "22.8322"
        },
        {
            "time": "20.12.2020 18:52",
            "open": "22.8322",
            "high": "22.8322",
            "low": "22.8189",
            "close": "22.8127"
        },
        {
            "time": "20.12.2020 18:55",
            "open": "22.8127",
            "high": "22.8127",
            "low": "22.8127",
            "close": "22.8324"
        },
        {
            "time": "20.12.2020 18:59",
            "open": "22.8324",
            "high": "22.8324",
            "low": "22.8127",
            "close": "22.8183"
        },
        {
            "time": "20.12.2020 19:02",
            "open": "22.8183",
            "high": "22.8183",
            "low": "22.8183",
            "close": "22.8156"
        },
        {
            "time": "20.12.2020 19:03",
            "open": "22.8156",
            "high": "22.8156",
            "low": "22.8156",
            "close": "22.8125"
        },
        {
            "time": "20.12.2020 19:06",
            "open": "22.8125",
            "high": "22.8125",
            "low": "22.8125",
            "close": "22.8198"
        },
        {
            "time": "20.12.2020 19:07",
            "open": "22.8198",
            "high": "22.82",
            "low": "22.8198",
            "close": "22.8125"
        },
        {
            "time": "20.12.2020 19:10",
            "open": "22.8125",
            "high": "22.8125",
            "low": "22.8001",
            "close": "22.8048"
        },
        {
            "time": "20.12.2020 19:12",
            "open": "22.8048",
            "high": "22.805",
            "low": "22.8048",
            "close": "22.8047"
        },
        {
            "time": "20.12.2020 19:19",
            "open": "22.8047",
            "high": "22.8047",
            "low": "22.8047",
            "close": "22.8003"
        },
        {
            "time": "20.12.2020 19:20",
            "open": "22.8003",
            "high": "22.8003",
            "low": "22.8001",
            "close": "22.8174"
        },
        {
            "time": "20.12.2020 19:30",
            "open": "22.8174",
            "high": "22.8174",
            "low": "22.8174",
            "close": "22.8066"
        },
        {
            "time": "20.12.2020 19:33",
            "open": "22.8066",
            "high": "22.8066",
            "low": "22.8066",
            "close": "22.8"
        },
        {
            "time": "20.12.2020 19:36",
            "open": "22.8",
            "high": "22.8158",
            "low": "22.7802",
            "close": "22.846"
        },
        {
            "time": "20.12.2020 19:38",
            "open": "22.846",
            "high": "22.846",
            "low": "22.846",
            "close": "22.8293"
        },
        {
            "time": "20.12.2020 19:40",
            "open": "22.8293",
            "high": "22.8293",
            "low": "22.8293",
            "close": "22.8048"
        },
        {
            "time": "20.12.2020 19:41",
            "open": "22.8048",
            "high": "22.8048",
            "low": "22.8048",
            "close": "22.8251"
        },
        {
            "time": "20.12.2020 19:47",
            "open": "22.8251",
            "high": "22.8251",
            "low": "22.8251",
            "close": "22.8261"
        },
        {
            "time": "20.12.2020 19:49",
            "open": "22.8261",
            "high": "22.8261",
            "low": "22.8261",
            "close": "22.8251"
        },
        {
            "time": "20.12.2020 19:50",
            "open": "22.8251",
            "high": "22.8251",
            "low": "22.8251",
            "close": "22.8251"
        },
        {
            "time": "20.12.2020 19:55",
            "open": "22.8251",
            "high": "22.8251",
            "low": "22.8251",
            "close": "22.8251"
        },
        {
            "time": "20.12.2020 19:57",
            "open": "22.8251",
            "high": "22.8251",
            "low": "22.8251",
            "close": "22.8219"
        },
        {
            "time": "20.12.2020 20:04",
            "open": "22.8219",
            "high": "22.8221",
            "low": "22.8047",
            "close": "22.8049"
        },
        {
            "time": "20.12.2020 20:05",
            "open": "22.8049",
            "high": "22.8211",
            "low": "22.7917",
            "close": "22.8218"
        },
        {
            "time": "20.12.2020 20:06",
            "open": "22.8218",
            "high": "22.8222",
            "low": "22.8218",
            "close": "22.8064"
        },
        {
            "time": "20.12.2020 20:07",
            "open": "22.8064",
            "high": "22.8254",
            "low": "22.806",
            "close": "22.8085"
        },
        {
            "time": "20.12.2020 20:08",
            "open": "22.8085",
            "high": "22.8085",
            "low": "22.8061",
            "close": "22.806"
        },
        {
            "time": "20.12.2020 20:10",
            "open": "22.806",
            "high": "22.8331",
            "low": "22.806",
            "close": "22.829"
        },
        {
            "time": "20.12.2020 20:11",
            "open": "22.829",
            "high": "22.829",
            "low": "22.829",
            "close": "22.8244"
        },
        {
            "time": "20.12.2020 20:13",
            "open": "22.8244",
            "high": "22.8244",
            "low": "22.8244",
            "close": "22.8084"
        },
        {
            "time": "20.12.2020 20:14",
            "open": "22.8084",
            "high": "22.8084",
            "low": "22.8084",
            "close": "22.8075"
        },
        {
            "time": "20.12.2020 20:16",
            "open": "22.8075",
            "high": "22.8075",
            "low": "22.8075",
            "close": "22.8063"
        },
        {
            "time": "20.12.2020 20:17",
            "open": "22.8063",
            "high": "22.8063",
            "low": "22.8063",
            "close": "22.8083"
        },
        {
            "time": "20.12.2020 20:18",
            "open": "22.8083",
            "high": "22.8083",
            "low": "22.8083",
            "close": "22.8099"
        },
        {
            "time": "20.12.2020 20:19",
            "open": "22.8099",
            "high": "22.811",
            "low": "22.8061",
            "close": "22.8059"
        },
        {
            "time": "20.12.2020 20:21",
            "open": "22.8059",
            "high": "22.8059",
            "low": "22.8059",
            "close": "22.8076"
        },
        {
            "time": "20.12.2020 20:23",
            "open": "22.8076",
            "high": "22.8076",
            "low": "22.8076",
            "close": "22.8031"
        },
        {
            "time": "20.12.2020 20:24",
            "open": "22.8031",
            "high": "22.8292",
            "low": "22.8031",
            "close": "22.8319"
        },
        {
            "time": "20.12.2020 20:25",
            "open": "22.8319",
            "high": "22.8319",
            "low": "22.8317",
            "close": "22.8281"
        },
        {
            "time": "20.12.2020 20:27",
            "open": "22.8281",
            "high": "22.8281",
            "low": "22.8281",
            "close": "22.8332"
        },
        {
            "time": "20.12.2020 20:28",
            "open": "22.8332",
            "high": "22.852",
            "low": "22.8332",
            "close": "22.8113"
        },
        {
            "time": "20.12.2020 20:29",
            "open": "22.8113",
            "high": "22.8556",
            "low": "22.8113",
            "close": "22.8157"
        },
        {
            "time": "20.12.2020 20:31",
            "open": "22.8157",
            "high": "22.8157",
            "low": "22.8157",
            "close": "22.8202"
        },
        {
            "time": "20.12.2020 20:33",
            "open": "22.8202",
            "high": "22.8202",
            "low": "22.8202",
            "close": "22.8156"
        },
        {
            "time": "20.12.2020 20:34",
            "open": "22.8156",
            "high": "22.8156",
            "low": "22.8156",
            "close": "22.8426"
        },
        {
            "time": "20.12.2020 20:35",
            "open": "22.8426",
            "high": "22.8426",
            "low": "22.8426",
            "close": "22.8152"
        },
        {
            "time": "20.12.2020 20:38",
            "open": "22.8152",
            "high": "22.8152",
            "low": "22.8152",
            "close": "22.8146"
        },
        {
            "time": "20.12.2020 20:40",
            "open": "22.8146",
            "high": "22.8146",
            "low": "22.8146",
            "close": "22.8192"
        },
        {
            "time": "20.12.2020 20:44",
            "open": "22.8192",
            "high": "22.8192",
            "low": "22.8132",
            "close": "22.8653"
        },
        {
            "time": "20.12.2020 20:48",
            "open": "22.8653",
            "high": "22.8653",
            "low": "22.8341",
            "close": "22.8758"
        },
        {
            "time": "20.12.2020 20:54",
            "open": "22.8758",
            "high": "22.8758",
            "low": "22.8301",
            "close": "22.8664"
        },
        {
            "time": "20.12.2020 20:57",
            "open": "22.8664",
            "high": "22.8664",
            "low": "22.8664",
            "close": "22.8344"
        },
        {
            "time": "20.12.2020 21:00",
            "open": "22.8344",
            "high": "22.8344",
            "low": "22.8344",
            "close": "22.8302"
        },
        {
            "time": "20.12.2020 21:01",
            "open": "22.8302",
            "high": "22.8347",
            "low": "22.8302",
            "close": "22.8482"
        },
        {
            "time": "20.12.2020 21:03",
            "open": "22.8482",
            "high": "22.8482",
            "low": "22.8482",
            "close": "22.855"
        },
        {
            "time": "20.12.2020 21:04",
            "open": "22.855",
            "high": "22.855",
            "low": "22.8542",
            "close": "22.8539"
        },
        {
            "time": "20.12.2020 21:05",
            "open": "22.8539",
            "high": "22.8539",
            "low": "22.8539",
            "close": "22.8732"
        },
        {
            "time": "20.12.2020 21:06",
            "open": "22.8732",
            "high": "22.8732",
            "low": "22.8732",
            "close": "22.854"
        },
        {
            "time": "20.12.2020 21:07",
            "open": "22.854",
            "high": "22.854",
            "low": "22.854",
            "close": "22.8732"
        },
        {
            "time": "20.12.2020 21:08",
            "open": "22.8732",
            "high": "22.8732",
            "low": "22.8732",
            "close": "22.8731"
        },
        {
            "time": "20.12.2020 21:09",
            "open": "22.8731",
            "high": "22.8732",
            "low": "22.8731",
            "close": "22.9"
        },
        {
            "time": "20.12.2020 21:10",
            "open": "22.9",
            "high": "22.9144",
            "low": "22.9",
            "close": "22.8913"
        },
        {
            "time": "20.12.2020 21:14",
            "open": "22.8913",
            "high": "22.8974",
            "low": "22.8913",
            "close": "22.8662"
        },
        {
            "time": "20.12.2020 21:16",
            "open": "22.8662",
            "high": "22.8662",
            "low": "22.8662",
            "close": "22.8662"
        },
        {
            "time": "20.12.2020 21:17",
            "open": "22.8662",
            "high": "22.8664",
            "low": "22.8662",
            "close": "22.8796"
        },
        {
            "time": "20.12.2020 21:18",
            "open": "22.8796",
            "high": "22.8796",
            "low": "22.8796",
            "close": "22.8797"
        },
        {
            "time": "20.12.2020 21:19",
            "open": "22.8797",
            "high": "22.8797",
            "low": "22.8797",
            "close": "22.8423"
        },
        {
            "time": "20.12.2020 21:21",
            "open": "22.8423",
            "high": "22.8423",
            "low": "22.8423",
            "close": "22.8463"
        },
        {
            "time": "20.12.2020 21:23",
            "open": "22.8463",
            "high": "22.8463",
            "low": "22.8463",
            "close": "22.8274"
        },
        {
            "time": "20.12.2020 21:30",
            "open": "22.8274",
            "high": "22.8274",
            "low": "22.8274",
            "close": "22.8532"
        },
        {
            "time": "20.12.2020 21:31",
            "open": "22.8532",
            "high": "22.8562",
            "low": "22.8532",
            "close": "22.8474"
        },
        {
            "time": "20.12.2020 21:33",
            "open": "22.8474",
            "high": "22.849",
            "low": "22.839",
            "close": "22.8275"
        },
        {
            "time": "20.12.2020 21:34",
            "open": "22.8275",
            "high": "22.8275",
            "low": "22.8275",
            "close": "22.8273"
        },
        {
            "time": "20.12.2020 21:35",
            "open": "22.8273",
            "high": "22.8273",
            "low": "22.8273",
            "close": "22.8089"
        },
        {
            "time": "20.12.2020 21:39",
            "open": "22.8089",
            "high": "22.8186",
            "low": "22.8089",
            "close": "22.8163"
        },
        {
            "time": "20.12.2020 21:40",
            "open": "22.8163",
            "high": "22.8163",
            "low": "22.6661",
            "close": "22.8275"
        },
        {
            "time": "20.12.2020 21:43",
            "open": "22.8275",
            "high": "22.8275",
            "low": "22.8275",
            "close": "22.8086"
        },
        {
            "time": "20.12.2020 21:45",
            "open": "22.8086",
            "high": "22.8086",
            "low": "22.8086",
            "close": "22.8402"
        },
        {
            "time": "20.12.2020 21:49",
            "open": "22.8402",
            "high": "22.8402",
            "low": "22.811",
            "close": "22.8112"
        },
        {
            "time": "20.12.2020 21:50",
            "open": "22.8112",
            "high": "22.8112",
            "low": "22.8112",
            "close": "22.8266"
        },
        {
            "time": "20.12.2020 21:53",
            "open": "22.8266",
            "high": "22.8266",
            "low": "22.8266",
            "close": "22.8237"
        },
        {
            "time": "20.12.2020 21:54",
            "open": "22.8237",
            "high": "22.8394",
            "low": "22.8236",
            "close": "22.8396"
        },
        {
            "time": "20.12.2020 21:55",
            "open": "22.8396",
            "high": "22.8396",
            "low": "22.8396",
            "close": "22.8352"
        },
        {
            "time": "20.12.2020 21:57",
            "open": "22.8352",
            "high": "22.8613",
            "low": "22.8352",
            "close": "22.825"
        },
        {
            "time": "20.12.2020 22:02",
            "open": "22.825",
            "high": "22.825",
            "low": "22.825",
            "close": "22.83"
        },
        {
            "time": "20.12.2020 22:03",
            "open": "22.83",
            "high": "22.8572",
            "low": "22.83",
            "close": "22.828"
        },
        {
            "time": "20.12.2020 22:06",
            "open": "22.828",
            "high": "22.828",
            "low": "22.828",
            "close": "22.8276"
        },
        {
            "time": "20.12.2020 22:10",
            "open": "22.8276",
            "high": "22.8276",
            "low": "22.8276",
            "close": "22.8271"
        },
        {
            "time": "20.12.2020 22:13",
            "open": "22.8271",
            "high": "22.8271",
            "low": "22.8271",
            "close": "22.8587"
        },
        {
            "time": "20.12.2020 22:15",
            "open": "22.8587",
            "high": "22.8587",
            "low": "22.8264",
            "close": "22.8264"
        },
        {
            "time": "20.12.2020 22:17",
            "open": "22.8264",
            "high": "22.8264",
            "low": "22.8264",
            "close": "22.8361"
        },
        {
            "time": "20.12.2020 22:20",
            "open": "22.8361",
            "high": "22.8361",
            "low": "22.8361",
            "close": "22.8613"
        },
        {
            "time": "20.12.2020 22:21",
            "open": "22.8613",
            "high": "22.8613",
            "low": "22.8329",
            "close": "22.8609"
        },
        {
            "time": "20.12.2020 22:22",
            "open": "22.8609",
            "high": "22.8609",
            "low": "22.8609",
            "close": "22.8437"
        },
        {
            "time": "20.12.2020 22:29",
            "open": "22.8437",
            "high": "22.8519",
            "low": "22.8437",
            "close": "22.8524"
        },
        {
            "time": "20.12.2020 22:31",
            "open": "22.8524",
            "high": "22.8524",
            "low": "22.8524",
            "close": "22.8613"
        },
        {
            "time": "20.12.2020 22:35",
            "open": "22.8613",
            "high": "22.8737",
            "low": "22.8613",
            "close": "22.8507"
        },
        {
            "time": "20.12.2020 22:36",
            "open": "22.8507",
            "high": "22.8955",
            "low": "22.8507",
            "close": "22.8715"
        },
        {
            "time": "20.12.2020 22:37",
            "open": "22.8715",
            "high": "22.8715",
            "low": "22.8715",
            "close": "22.8264"
        },
        {
            "time": "20.12.2020 22:39",
            "open": "22.8264",
            "high": "22.8264",
            "low": "22.8264",
            "close": "22.853"
        },
        {
            "time": "20.12.2020 22:45",
            "open": "22.853",
            "high": "22.853",
            "low": "22.853",
            "close": "22.8436"
        },
        {
            "time": "20.12.2020 22:48",
            "open": "22.8436",
            "high": "22.8436",
            "low": "22.8436",
            "close": "22.8642"
        },
        {
            "time": "20.12.2020 22:50",
            "open": "22.8642",
            "high": "22.8865",
            "low": "22.8641",
            "close": "22.8592"
        },
        {
            "time": "20.12.2020 22:51",
            "open": "22.8592",
            "high": "22.881",
            "low": "22.8592",
            "close": "22.8531"
        },
        {
            "time": "20.12.2020 22:52",
            "open": "22.8531",
            "high": "22.8531",
            "low": "22.8531",
            "close": "22.8455"
        },
        {
            "time": "20.12.2020 22:55",
            "open": "22.8455",
            "high": "22.8455",
            "low": "22.8455",
            "close": "22.8216"
        },
        {
            "time": "20.12.2020 23:02",
            "open": "22.8216",
            "high": "22.8216",
            "low": "22.7844",
            "close": "22.7913"
        },
        {
            "time": "20.12.2020 23:04",
            "open": "22.7913",
            "high": "22.7913",
            "low": "22.7785",
            "close": "22.8242"
        },
        {
            "time": "20.12.2020 23:05",
            "open": "22.8242",
            "high": "22.8489",
            "low": "22.8242",
            "close": "22.8286"
        },
        {
            "time": "20.12.2020 23:06",
            "open": "22.8286",
            "high": "22.8443",
            "low": "22.8254",
            "close": "22.8444"
        },
        {
            "time": "20.12.2020 23:07",
            "open": "22.8444",
            "high": "22.8587",
            "low": "22.8119",
            "close": "22.8145"
        },
        {
            "time": "20.12.2020 23:08",
            "open": "22.8145",
            "high": "22.8324",
            "low": "22.8145",
            "close": "22.8257"
        },
        {
            "time": "20.12.2020 23:09",
            "open": "22.8257",
            "high": "22.8259",
            "low": "22.822",
            "close": "22.8119"
        },
        {
            "time": "20.12.2020 23:10",
            "open": "22.8119",
            "high": "22.8119",
            "low": "22.8119",
            "close": "22.8118"
        },
        {
            "time": "20.12.2020 23:11",
            "open": "22.8118",
            "high": "22.8118",
            "low": "22.8118",
            "close": "22.8275"
        },
        {
            "time": "20.12.2020 23:12",
            "open": "22.8275",
            "high": "22.8296",
            "low": "22.8275",
            "close": "22.8739"
        },
        {
            "time": "20.12.2020 23:13",
            "open": "22.8739",
            "high": "22.8868",
            "low": "22.8739",
            "close": "22.9176"
        },
        {
            "time": "20.12.2020 23:14",
            "open": "22.9176",
            "high": "22.9176",
            "low": "22.9176",
            "close": "22.8933"
        },
        {
            "time": "20.12.2020 23:15",
            "open": "22.8933",
            "high": "22.9295",
            "low": "22.8869",
            "close": "22.9263"
        },
        {
            "time": "20.12.2020 23:16",
            "open": "22.9263",
            "high": "22.9263",
            "low": "22.9263",
            "close": "22.886"
        },
        {
            "time": "20.12.2020 23:17",
            "open": "22.886",
            "high": "22.886",
            "low": "22.886",
            "close": "22.8532"
        },
        {
            "time": "20.12.2020 23:18",
            "open": "22.8532",
            "high": "22.8532",
            "low": "22.8399",
            "close": "22.841"
        },
        {
            "time": "20.12.2020 23:19",
            "open": "22.841",
            "high": "22.8879",
            "low": "22.8399",
            "close": "22.8724"
        },
        {
            "time": "20.12.2020 23:20",
            "open": "22.8724",
            "high": "22.8724",
            "low": "22.837",
            "close": "22.8243"
        },
        {
            "time": "20.12.2020 23:24",
            "open": "22.8243",
            "high": "22.8243",
            "low": "22.8243",
            "close": "22.8243"
        },
        {
            "time": "20.12.2020 23:25",
            "open": "22.8243",
            "high": "22.8243",
            "low": "22.8243",
            "close": "22.8243"
        },
        {
            "time": "20.12.2020 23:26",
            "open": "22.8243",
            "high": "22.8243",
            "low": "22.8243",
            "close": "22.822"
        },
        {
            "time": "20.12.2020 23:28",
            "open": "22.822",
            "high": "22.822",
            "low": "22.822",
            "close": "22.8279"
        },
        {
            "time": "20.12.2020 23:29",
            "open": "22.8279",
            "high": "22.8279",
            "low": "22.8279",
            "close": "22.7993"
        },
        {
            "time": "20.12.2020 23:34",
            "open": "22.7993",
            "high": "22.7993",
            "low": "22.7993",
            "close": "22.7895"
        },
        {
            "time": "20.12.2020 23:35",
            "open": "22.7895",
            "high": "22.8058",
            "low": "22.7876",
            "close": "22.8128"
        },
        {
            "time": "20.12.2020 23:36",
            "open": "22.8128",
            "high": "22.8128",
            "low": "22.8128",
            "close": "22.8299"
        },
        {
            "time": "20.12.2020 23:37",
            "open": "22.8299",
            "high": "22.8299",
            "low": "22.8299",
            "close": "22.8041"
        },
        {
            "time": "20.12.2020 23:40",
            "open": "22.8041",
            "high": "22.8356",
            "low": "22.8041",
            "close": "22.8106"
        },
        {
            "time": "20.12.2020 23:41",
            "open": "22.8106",
            "high": "22.8112",
            "low": "22.8106",
            "close": "22.8076"
        },
        {
            "time": "20.12.2020 23:42",
            "open": "22.8076",
            "high": "22.8076",
            "low": "22.7902",
            "close": "22.8285"
        },
        {
            "time": "20.12.2020 23:44",
            "open": "22.8285",
            "high": "22.8285",
            "low": "22.8285",
            "close": "22.8015"
        },
        {
            "time": "20.12.2020 23:45",
            "open": "22.8015",
            "high": "22.8449",
            "low": "22.8015",
            "close": "22.8563"
        },
        {
            "time": "20.12.2020 23:46",
            "open": "22.8563",
            "high": "22.8563",
            "low": "22.8525",
            "close": "22.8598"
        },
        {
            "time": "20.12.2020 23:47",
            "open": "22.8598",
            "high": "22.8598",
            "low": "22.8598",
            "close": "22.8142"
        },
        {
            "time": "20.12.2020 23:48",
            "open": "22.8142",
            "high": "22.8142",
            "low": "22.8142",
            "close": "22.8028"
        },
        {
            "time": "20.12.2020 23:53",
            "open": "22.8028",
            "high": "22.8028",
            "low": "22.8028",
            "close": "22.8028"
        },
        {
            "time": "20.12.2020 23:54",
            "open": "22.8028",
            "high": "22.8058",
            "low": "22.8028",
            "close": "22.8295"
        },
        {
            "time": "20.12.2020 23:57",
            "open": "22.8295",
            "high": "22.8295",
            "low": "22.798",
            "close": "22.8269"
        },
        {
            "time": "20.12.2020 23:58",
            "open": "22.8269",
            "high": "22.831",
            "low": "22.8197",
            "close": "22.8112"
        }
    ]
}