{
    "FIL-EUR": [
        {
            "time": "04.07.2021 23:53",
            "open": "50.5499",
            "high": "50.5613",
            "low": "50.5499",
            "close": "50.5509"
        },
        {
            "time": "05.07.2021 00:05",
            "open": "50.5509",
            "high": "50.5533",
            "low": "50.5509",
            "close": "50.5257"
        },
        {
            "time": "05.07.2021 00:13",
            "open": "50.5257",
            "high": "50.5257",
            "low": "50.5257",
            "close": "50.5374"
        },
        {
            "time": "05.07.2021 00:14",
            "open": "50.5374",
            "high": "50.5374",
            "low": "50.4638",
            "close": "50.4019"
        },
        {
            "time": "05.07.2021 00:20",
            "open": "50.4019",
            "high": "50.4019",
            "low": "50.4019",
            "close": "50.3637"
        },
        {
            "time": "05.07.2021 00:29",
            "open": "50.3637",
            "high": "50.3637",
            "low": "50.3633",
            "close": "50.13"
        },
        {
            "time": "05.07.2021 00:46",
            "open": "50.13",
            "high": "50.13",
            "low": "50.13",
            "close": "49.88"
        },
        {
            "time": "05.07.2021 00:49",
            "open": "49.88",
            "high": "49.88",
            "low": "49.88",
            "close": "49.923"
        },
        {
            "time": "05.07.2021 00:50",
            "open": "49.923",
            "high": "49.923",
            "low": "49.912",
            "close": "49.9602"
        },
        {
            "time": "05.07.2021 00:55",
            "open": "49.9602",
            "high": "49.9602",
            "low": "49.9602",
            "close": "49.705"
        },
        {
            "time": "05.07.2021 01:00",
            "open": "49.705",
            "high": "49.705",
            "low": "49.705",
            "close": "49.705"
        },
        {
            "time": "05.07.2021 01:01",
            "open": "49.705",
            "high": "49.705",
            "low": "49.705",
            "close": "49.8058"
        },
        {
            "time": "05.07.2021 01:05",
            "open": "49.8058",
            "high": "49.8058",
            "low": "49.8058",
            "close": "49.8016"
        },
        {
            "time": "05.07.2021 01:06",
            "open": "49.8016",
            "high": "49.8016",
            "low": "49.8016",
            "close": "49.7443"
        },
        {
            "time": "05.07.2021 01:08",
            "open": "49.7443",
            "high": "49.7443",
            "low": "49.7443",
            "close": "49.8758"
        },
        {
            "time": "05.07.2021 01:14",
            "open": "49.8758",
            "high": "49.8758",
            "low": "49.8758",
            "close": "49.9004"
        },
        {
            "time": "05.07.2021 01:16",
            "open": "49.9004",
            "high": "49.9004",
            "low": "49.9004",
            "close": "49.9004"
        },
        {
            "time": "05.07.2021 01:41",
            "open": "49.9004",
            "high": "49.9004",
            "low": "49.9004",
            "close": "49.8933"
        },
        {
            "time": "05.07.2021 01:43",
            "open": "49.8933",
            "high": "49.8933",
            "low": "49.8933",
            "close": "49.922"
        },
        {
            "time": "05.07.2021 01:46",
            "open": "49.922",
            "high": "49.922",
            "low": "49.922",
            "close": "49.7449"
        },
        {
            "time": "05.07.2021 01:51",
            "open": "49.7449",
            "high": "49.7449",
            "low": "49.705",
            "close": "49.2374"
        },
        {
            "time": "05.07.2021 01:52",
            "open": "49.2374",
            "high": "49.2374",
            "low": "49.1876",
            "close": "49.4223"
        },
        {
            "time": "05.07.2021 01:53",
            "open": "49.4223",
            "high": "49.4223",
            "low": "49.4163",
            "close": "49.2223"
        },
        {
            "time": "05.07.2021 02:01",
            "open": "49.2223",
            "high": "49.2429",
            "low": "49.2223",
            "close": "49.1704"
        },
        {
            "time": "05.07.2021 02:02",
            "open": "49.1704",
            "high": "49.1903",
            "low": "49.0886",
            "close": "49.3067"
        },
        {
            "time": "05.07.2021 02:04",
            "open": "49.3067",
            "high": "49.3379",
            "low": "49.2727",
            "close": "49.3331"
        },
        {
            "time": "05.07.2021 02:05",
            "open": "49.3331",
            "high": "49.3331",
            "low": "49.3331",
            "close": "49.3102"
        },
        {
            "time": "05.07.2021 02:16",
            "open": "49.3102",
            "high": "49.3102",
            "low": "49.3102",
            "close": "49.1758"
        },
        {
            "time": "05.07.2021 02:19",
            "open": "49.1758",
            "high": "49.1885",
            "low": "49.1758",
            "close": "49.2531"
        },
        {
            "time": "05.07.2021 02:26",
            "open": "49.2531",
            "high": "49.2622",
            "low": "49.2531",
            "close": "49.2613"
        },
        {
            "time": "05.07.2021 02:33",
            "open": "49.2613",
            "high": "49.2613",
            "low": "49.2613",
            "close": "49.0886"
        },
        {
            "time": "05.07.2021 02:39",
            "open": "49.0886",
            "high": "49.1011",
            "low": "49.0886",
            "close": "49"
        },
        {
            "time": "05.07.2021 02:43",
            "open": "49",
            "high": "49",
            "low": "48.9797",
            "close": "48.9062"
        },
        {
            "time": "05.07.2021 02:47",
            "open": "48.9062",
            "high": "48.9062",
            "low": "48.9062",
            "close": "48.8527"
        },
        {
            "time": "05.07.2021 02:49",
            "open": "48.8527",
            "high": "48.8527",
            "low": "48.8524",
            "close": "48.7942"
        },
        {
            "time": "05.07.2021 02:50",
            "open": "48.7942",
            "high": "48.7942",
            "low": "48.7942",
            "close": "48.9436"
        },
        {
            "time": "05.07.2021 03:02",
            "open": "48.9436",
            "high": "48.9436",
            "low": "48.9436",
            "close": "48.9436"
        },
        {
            "time": "05.07.2021 03:04",
            "open": "48.9436",
            "high": "48.9436",
            "low": "48.9436",
            "close": "49.0614"
        },
        {
            "time": "05.07.2021 03:13",
            "open": "49.0614",
            "high": "49.0614",
            "low": "49.0614",
            "close": "49.0635"
        },
        {
            "time": "05.07.2021 03:20",
            "open": "49.0635",
            "high": "49.0635",
            "low": "49.0635",
            "close": "48.8159"
        },
        {
            "time": "05.07.2021 03:23",
            "open": "48.8159",
            "high": "48.8159",
            "low": "48.8159",
            "close": "48.8494"
        },
        {
            "time": "05.07.2021 03:26",
            "open": "48.8494",
            "high": "48.8494",
            "low": "48.8282",
            "close": "48.5"
        },
        {
            "time": "05.07.2021 03:44",
            "open": "48.5",
            "high": "48.5",
            "low": "48.5",
            "close": "49.0315"
        },
        {
            "time": "05.07.2021 04:11",
            "open": "49.0315",
            "high": "49.0361",
            "low": "49.0315",
            "close": "48.7745"
        },
        {
            "time": "05.07.2021 04:54",
            "open": "48.7745",
            "high": "48.7745",
            "low": "48.7744",
            "close": "49.0117"
        },
        {
            "time": "05.07.2021 05:10",
            "open": "49.0117",
            "high": "49.0117",
            "low": "49.0117",
            "close": "48.946"
        },
        {
            "time": "05.07.2021 05:25",
            "open": "48.946",
            "high": "48.946",
            "low": "48.946",
            "close": "48.6198"
        },
        {
            "time": "05.07.2021 05:37",
            "open": "48.6198",
            "high": "48.6198",
            "low": "48.6198",
            "close": "48.6103"
        },
        {
            "time": "05.07.2021 05:45",
            "open": "48.6103",
            "high": "48.6103",
            "low": "48.6103",
            "close": "48.4701"
        },
        {
            "time": "05.07.2021 05:48",
            "open": "48.4701",
            "high": "48.4701",
            "low": "48.4701",
            "close": "48.4353"
        },
        {
            "time": "05.07.2021 05:49",
            "open": "48.4353",
            "high": "48.4837",
            "low": "48.4353",
            "close": "48.3604"
        },
        {
            "time": "05.07.2021 05:50",
            "open": "48.3604",
            "high": "48.3604",
            "low": "48.3133",
            "close": "48.3579"
        },
        {
            "time": "05.07.2021 05:51",
            "open": "48.3579",
            "high": "48.3579",
            "low": "48.3579",
            "close": "48.3328"
        },
        {
            "time": "05.07.2021 05:55",
            "open": "48.3328",
            "high": "48.3328",
            "low": "48.3328",
            "close": "48.3769"
        },
        {
            "time": "05.07.2021 05:59",
            "open": "48.3769",
            "high": "48.3769",
            "low": "48.3769",
            "close": "48.3244"
        },
        {
            "time": "05.07.2021 06:01",
            "open": "48.3244",
            "high": "48.3244",
            "low": "48.3243",
            "close": "48.3243"
        },
        {
            "time": "05.07.2021 06:03",
            "open": "48.3243",
            "high": "48.3243",
            "low": "48.2862",
            "close": "48.1517"
        },
        {
            "time": "05.07.2021 06:05",
            "open": "48.1517",
            "high": "48.1517",
            "low": "48.1517",
            "close": "48.0574"
        },
        {
            "time": "05.07.2021 06:07",
            "open": "48.0574",
            "high": "48.0574",
            "low": "48.0574",
            "close": "48.3447"
        },
        {
            "time": "05.07.2021 06:26",
            "open": "48.3447",
            "high": "48.36",
            "low": "48.3447",
            "close": "48.4176"
        },
        {
            "time": "05.07.2021 06:56",
            "open": "48.4176",
            "high": "48.4227",
            "low": "48.4176",
            "close": "48.3302"
        },
        {
            "time": "05.07.2021 07:10",
            "open": "48.3302",
            "high": "48.3302",
            "low": "48.3302",
            "close": "48.3286"
        },
        {
            "time": "05.07.2021 07:11",
            "open": "48.3286",
            "high": "48.3286",
            "low": "48.3286",
            "close": "48.2314"
        },
        {
            "time": "05.07.2021 07:13",
            "open": "48.2314",
            "high": "48.2403",
            "low": "48.2314",
            "close": "48.1371"
        },
        {
            "time": "05.07.2021 07:18",
            "open": "48.1371",
            "high": "48.1371",
            "low": "48.1371",
            "close": "48.3246"
        },
        {
            "time": "05.07.2021 07:49",
            "open": "48.3246",
            "high": "48.3246",
            "low": "48.3246",
            "close": "48.4812"
        },
        {
            "time": "05.07.2021 07:56",
            "open": "48.4812",
            "high": "48.4971",
            "low": "48.4812",
            "close": "48.4764"
        },
        {
            "time": "05.07.2021 07:59",
            "open": "48.4764",
            "high": "48.4764",
            "low": "48.4764",
            "close": "48.5422"
        },
        {
            "time": "05.07.2021 08:09",
            "open": "48.5422",
            "high": "48.5422",
            "low": "48.5422",
            "close": "48.6689"
        },
        {
            "time": "05.07.2021 08:19",
            "open": "48.6689",
            "high": "48.6747",
            "low": "48.6689",
            "close": "48.654"
        },
        {
            "time": "05.07.2021 08:20",
            "open": "48.654",
            "high": "48.654",
            "low": "48.654",
            "close": "48.6306"
        },
        {
            "time": "05.07.2021 08:22",
            "open": "48.6306",
            "high": "48.6306",
            "low": "48.6306",
            "close": "48.6463"
        },
        {
            "time": "05.07.2021 08:23",
            "open": "48.6463",
            "high": "48.6463",
            "low": "48.6463",
            "close": "48.5734"
        },
        {
            "time": "05.07.2021 08:29",
            "open": "48.5734",
            "high": "48.5734",
            "low": "48.5734",
            "close": "48.5317"
        },
        {
            "time": "05.07.2021 08:31",
            "open": "48.5317",
            "high": "48.5317",
            "low": "48.5317",
            "close": "48.5379"
        },
        {
            "time": "05.07.2021 08:42",
            "open": "48.5379",
            "high": "48.5379",
            "low": "48.5379",
            "close": "48.5257"
        },
        {
            "time": "05.07.2021 08:53",
            "open": "48.5257",
            "high": "48.5257",
            "low": "48.5257",
            "close": "48.5592"
        },
        {
            "time": "05.07.2021 08:56",
            "open": "48.5592",
            "high": "48.5592",
            "low": "48.5592",
            "close": "48.5"
        },
        {
            "time": "05.07.2021 09:00",
            "open": "48.5",
            "high": "48.5",
            "low": "48.5",
            "close": "48.4535"
        },
        {
            "time": "05.07.2021 09:03",
            "open": "48.4535",
            "high": "48.4535",
            "low": "48.4535",
            "close": "48.3767"
        },
        {
            "time": "05.07.2021 09:10",
            "open": "48.3767",
            "high": "48.7439",
            "low": "48.3503",
            "close": "48.3691"
        },
        {
            "time": "05.07.2021 09:21",
            "open": "48.3691",
            "high": "48.3696",
            "low": "48.3691",
            "close": "48.3608"
        },
        {
            "time": "05.07.2021 09:23",
            "open": "48.3608",
            "high": "48.3608",
            "low": "48.3608",
            "close": "48.3225"
        },
        {
            "time": "05.07.2021 09:26",
            "open": "48.3225",
            "high": "48.3225",
            "low": "48.3225",
            "close": "48.3712"
        },
        {
            "time": "05.07.2021 09:28",
            "open": "48.3712",
            "high": "48.3712",
            "low": "48.3712",
            "close": "48.4308"
        },
        {
            "time": "05.07.2021 09:30",
            "open": "48.4308",
            "high": "48.4308",
            "low": "48.4308",
            "close": "48.4627"
        },
        {
            "time": "05.07.2021 09:34",
            "open": "48.4627",
            "high": "48.4627",
            "low": "48.4627",
            "close": "48.54"
        },
        {
            "time": "05.07.2021 09:39",
            "open": "48.54",
            "high": "48.5472",
            "low": "48.54",
            "close": "48.45"
        },
        {
            "time": "05.07.2021 09:44",
            "open": "48.45",
            "high": "48.45",
            "low": "48.45",
            "close": "48.4625"
        },
        {
            "time": "05.07.2021 09:51",
            "open": "48.4625",
            "high": "48.4625",
            "low": "48.4625",
            "close": "48.5345"
        },
        {
            "time": "05.07.2021 10:01",
            "open": "48.5345",
            "high": "48.5345",
            "low": "48.5345",
            "close": "48.4255"
        },
        {
            "time": "05.07.2021 10:03",
            "open": "48.4255",
            "high": "48.4255",
            "low": "48.4255",
            "close": "48.441"
        },
        {
            "time": "05.07.2021 10:07",
            "open": "48.441",
            "high": "48.4411",
            "low": "48.441",
            "close": "48.3754"
        },
        {
            "time": "05.07.2021 10:14",
            "open": "48.3754",
            "high": "48.3754",
            "low": "48.3754",
            "close": "48.3536"
        },
        {
            "time": "05.07.2021 10:21",
            "open": "48.3536",
            "high": "48.3536",
            "low": "48.3536",
            "close": "48.366"
        },
        {
            "time": "05.07.2021 10:28",
            "open": "48.366",
            "high": "48.366",
            "low": "48.366",
            "close": "48.4251"
        },
        {
            "time": "05.07.2021 10:33",
            "open": "48.4251",
            "high": "48.4251",
            "low": "48.4251",
            "close": "48.3809"
        },
        {
            "time": "05.07.2021 10:38",
            "open": "48.3809",
            "high": "48.3809",
            "low": "48.3809",
            "close": "48.3"
        },
        {
            "time": "05.07.2021 10:42",
            "open": "48.3",
            "high": "48.3",
            "low": "48.3",
            "close": "48.3457"
        },
        {
            "time": "05.07.2021 10:47",
            "open": "48.3457",
            "high": "48.3458",
            "low": "48.3336",
            "close": "48.2842"
        },
        {
            "time": "05.07.2021 10:48",
            "open": "48.2842",
            "high": "48.2872",
            "low": "48.2842",
            "close": "48.2316"
        },
        {
            "time": "05.07.2021 10:55",
            "open": "48.2316",
            "high": "48.2316",
            "low": "48.2316",
            "close": "48.3547"
        },
        {
            "time": "05.07.2021 11:06",
            "open": "48.3547",
            "high": "48.3547",
            "low": "48.3547",
            "close": "48.4672"
        },
        {
            "time": "05.07.2021 11:24",
            "open": "48.4672",
            "high": "48.4672",
            "low": "48.4672",
            "close": "48.6335"
        },
        {
            "time": "05.07.2021 11:28",
            "open": "48.6335",
            "high": "48.6337",
            "low": "48.6335",
            "close": "48.6221"
        },
        {
            "time": "05.07.2021 11:29",
            "open": "48.6221",
            "high": "48.6221",
            "low": "48.6221",
            "close": "48.5094"
        },
        {
            "time": "05.07.2021 11:30",
            "open": "48.5094",
            "high": "48.5094",
            "low": "48.4845",
            "close": "48.4497"
        },
        {
            "time": "05.07.2021 11:34",
            "open": "48.4497",
            "high": "48.4844",
            "low": "48.4497",
            "close": "48.4402"
        },
        {
            "time": "05.07.2021 11:37",
            "open": "48.4402",
            "high": "48.4405",
            "low": "48.4402",
            "close": "48.4756"
        },
        {
            "time": "05.07.2021 11:41",
            "open": "48.4756",
            "high": "48.4756",
            "low": "48.4756",
            "close": "48.4179"
        },
        {
            "time": "05.07.2021 11:42",
            "open": "48.4179",
            "high": "48.4258",
            "low": "48.4178",
            "close": "48.4156"
        },
        {
            "time": "05.07.2021 11:45",
            "open": "48.4156",
            "high": "48.4156",
            "low": "48.4144",
            "close": "48.4319"
        },
        {
            "time": "05.07.2021 11:46",
            "open": "48.4319",
            "high": "48.4319",
            "low": "48.4319",
            "close": "48.353"
        },
        {
            "time": "05.07.2021 11:49",
            "open": "48.353",
            "high": "48.353",
            "low": "48.353",
            "close": "48.3425"
        },
        {
            "time": "05.07.2021 11:53",
            "open": "48.3425",
            "high": "48.3584",
            "low": "48.3425",
            "close": "48.3352"
        },
        {
            "time": "05.07.2021 11:55",
            "open": "48.3352",
            "high": "48.3352",
            "low": "48.2918",
            "close": "48.3131"
        },
        {
            "time": "05.07.2021 11:59",
            "open": "48.3131",
            "high": "48.3131",
            "low": "48.3131",
            "close": "48.3131"
        },
        {
            "time": "05.07.2021 12:01",
            "open": "48.3131",
            "high": "48.3131",
            "low": "48.3131",
            "close": "48.4144"
        },
        {
            "time": "05.07.2021 12:02",
            "open": "48.4144",
            "high": "48.4187",
            "low": "48.4144",
            "close": "48.4141"
        },
        {
            "time": "05.07.2021 12:03",
            "open": "48.4141",
            "high": "48.4141",
            "low": "48.4141",
            "close": "48.4532"
        },
        {
            "time": "05.07.2021 12:06",
            "open": "48.4532",
            "high": "48.4533",
            "low": "48.4532",
            "close": "48.7602"
        },
        {
            "time": "05.07.2021 12:24",
            "open": "48.7602",
            "high": "48.7602",
            "low": "48.7602",
            "close": "48.712"
        },
        {
            "time": "05.07.2021 12:26",
            "open": "48.712",
            "high": "48.712",
            "low": "48.712",
            "close": "48.712"
        },
        {
            "time": "05.07.2021 12:27",
            "open": "48.712",
            "high": "48.712",
            "low": "48.712",
            "close": "48.7853"
        },
        {
            "time": "05.07.2021 12:28",
            "open": "48.7853",
            "high": "48.7863",
            "low": "48.7853",
            "close": "48.8069"
        },
        {
            "time": "05.07.2021 12:29",
            "open": "48.8069",
            "high": "48.8069",
            "low": "48.8069",
            "close": "48.767"
        },
        {
            "time": "05.07.2021 12:36",
            "open": "48.767",
            "high": "48.767",
            "low": "48.767",
            "close": "48.8967"
        },
        {
            "time": "05.07.2021 12:44",
            "open": "48.8967",
            "high": "48.8967",
            "low": "48.8967",
            "close": "48.9"
        },
        {
            "time": "05.07.2021 12:48",
            "open": "48.9",
            "high": "48.9086",
            "low": "48.9",
            "close": "48.9541"
        },
        {
            "time": "05.07.2021 12:55",
            "open": "48.9541",
            "high": "48.9541",
            "low": "48.9541",
            "close": "48.8885"
        },
        {
            "time": "05.07.2021 12:59",
            "open": "48.8885",
            "high": "48.8885",
            "low": "48.8885",
            "close": "48.8189"
        },
        {
            "time": "05.07.2021 13:02",
            "open": "48.8189",
            "high": "48.819",
            "low": "48.8189",
            "close": "48.7656"
        },
        {
            "time": "05.07.2021 13:07",
            "open": "48.7656",
            "high": "48.7656",
            "low": "48.7656",
            "close": "48.6841"
        },
        {
            "time": "05.07.2021 13:10",
            "open": "48.6841",
            "high": "48.6841",
            "low": "48.6841",
            "close": "48.2957"
        },
        {
            "time": "05.07.2021 13:24",
            "open": "48.2957",
            "high": "48.2957",
            "low": "48.2926",
            "close": "48.139"
        },
        {
            "time": "05.07.2021 13:25",
            "open": "48.139",
            "high": "48.139",
            "low": "47.8004",
            "close": "47.8"
        },
        {
            "time": "05.07.2021 13:26",
            "open": "47.8",
            "high": "47.8928",
            "low": "47.7164",
            "close": "47.8344"
        },
        {
            "time": "05.07.2021 13:27",
            "open": "47.8344",
            "high": "47.8344",
            "low": "47.8344",
            "close": "47.7157"
        },
        {
            "time": "05.07.2021 13:30",
            "open": "47.7157",
            "high": "47.7157",
            "low": "47.7157",
            "close": "47.7157"
        },
        {
            "time": "05.07.2021 13:31",
            "open": "47.7157",
            "high": "47.7157",
            "low": "47.4315",
            "close": "47.5657"
        },
        {
            "time": "05.07.2021 13:32",
            "open": "47.5657",
            "high": "47.5657",
            "low": "47.5657",
            "close": "47.5048"
        },
        {
            "time": "05.07.2021 13:33",
            "open": "47.5048",
            "high": "47.5048",
            "low": "47.5048",
            "close": "47.3761"
        },
        {
            "time": "05.07.2021 13:34",
            "open": "47.3761",
            "high": "47.3761",
            "low": "47.3517",
            "close": "47.2844"
        },
        {
            "time": "05.07.2021 13:35",
            "open": "47.2844",
            "high": "47.454",
            "low": "47.2819",
            "close": "47.4609"
        },
        {
            "time": "05.07.2021 13:38",
            "open": "47.4609",
            "high": "47.461",
            "low": "47.4609",
            "close": "47.4902"
        },
        {
            "time": "05.07.2021 13:40",
            "open": "47.4902",
            "high": "47.4902",
            "low": "47.4902",
            "close": "47.4222"
        },
        {
            "time": "05.07.2021 13:51",
            "open": "47.4222",
            "high": "47.4222",
            "low": "47.4219",
            "close": "47.4761"
        },
        {
            "time": "05.07.2021 13:54",
            "open": "47.4761",
            "high": "47.4761",
            "low": "47.4761",
            "close": "47.2657"
        },
        {
            "time": "05.07.2021 13:55",
            "open": "47.2657",
            "high": "47.2657",
            "low": "47.1581",
            "close": "47.0915"
        },
        {
            "time": "05.07.2021 13:56",
            "open": "47.0915",
            "high": "47.1251",
            "low": "47.0272",
            "close": "47.0912"
        },
        {
            "time": "05.07.2021 13:57",
            "open": "47.0912",
            "high": "47.1049",
            "low": "47.0912",
            "close": "47.3304"
        },
        {
            "time": "05.07.2021 13:58",
            "open": "47.3304",
            "high": "47.3304",
            "low": "47.3304",
            "close": "47.2932"
        },
        {
            "time": "05.07.2021 14:00",
            "open": "47.2932",
            "high": "47.3684",
            "low": "47.2932",
            "close": "47.5239"
        },
        {
            "time": "05.07.2021 14:04",
            "open": "47.5239",
            "high": "47.5239",
            "low": "47.5239",
            "close": "47.3684"
        },
        {
            "time": "05.07.2021 14:05",
            "open": "47.3684",
            "high": "47.3684",
            "low": "47.3684",
            "close": "47.3928"
        },
        {
            "time": "05.07.2021 14:06",
            "open": "47.3928",
            "high": "47.3928",
            "low": "47.3928",
            "close": "47.7183"
        },
        {
            "time": "05.07.2021 14:17",
            "open": "47.7183",
            "high": "47.7183",
            "low": "47.7183",
            "close": "47.6703"
        },
        {
            "time": "05.07.2021 14:19",
            "open": "47.6703",
            "high": "47.6703",
            "low": "47.6703",
            "close": "47.6703"
        },
        {
            "time": "05.07.2021 14:27",
            "open": "47.6703",
            "high": "47.6703",
            "low": "47.6703",
            "close": "47.6492"
        },
        {
            "time": "05.07.2021 14:29",
            "open": "47.6492",
            "high": "47.6492",
            "low": "47.6492",
            "close": "47.7627"
        },
        {
            "time": "05.07.2021 14:32",
            "open": "47.7627",
            "high": "47.7639",
            "low": "47.7627",
            "close": "47.7639"
        },
        {
            "time": "05.07.2021 14:33",
            "open": "47.7639",
            "high": "47.7639",
            "low": "47.7639",
            "close": "47.7213"
        },
        {
            "time": "05.07.2021 14:40",
            "open": "47.7213",
            "high": "47.7213",
            "low": "47.7213",
            "close": "47.7002"
        },
        {
            "time": "05.07.2021 14:45",
            "open": "47.7002",
            "high": "47.7084",
            "low": "47.65",
            "close": "47.6492"
        },
        {
            "time": "05.07.2021 14:46",
            "open": "47.6492",
            "high": "47.6492",
            "low": "47.6492",
            "close": "47.622"
        },
        {
            "time": "05.07.2021 14:47",
            "open": "47.622",
            "high": "47.622",
            "low": "47.622",
            "close": "47.6923"
        },
        {
            "time": "05.07.2021 14:48",
            "open": "47.6923",
            "high": "47.6923",
            "low": "47.6923",
            "close": "47.6487"
        },
        {
            "time": "05.07.2021 14:51",
            "open": "47.6487",
            "high": "47.6487",
            "low": "47.6487",
            "close": "47.585"
        },
        {
            "time": "05.07.2021 14:52",
            "open": "47.585",
            "high": "47.585",
            "low": "47.585",
            "close": "47.5929"
        },
        {
            "time": "05.07.2021 14:55",
            "open": "47.5929",
            "high": "47.5929",
            "low": "47.5929",
            "close": "47.6779"
        },
        {
            "time": "05.07.2021 14:56",
            "open": "47.6779",
            "high": "47.6779",
            "low": "47.6779",
            "close": "47.6649"
        },
        {
            "time": "05.07.2021 14:57",
            "open": "47.6649",
            "high": "47.6649",
            "low": "47.6649",
            "close": "47.612"
        },
        {
            "time": "05.07.2021 15:00",
            "open": "47.612",
            "high": "47.612",
            "low": "47.612",
            "close": "47.6622"
        },
        {
            "time": "05.07.2021 15:03",
            "open": "47.6622",
            "high": "47.6622",
            "low": "47.6622",
            "close": "47.639"
        },
        {
            "time": "05.07.2021 15:04",
            "open": "47.639",
            "high": "47.639",
            "low": "47.5892",
            "close": "47.6622"
        },
        {
            "time": "05.07.2021 15:06",
            "open": "47.6622",
            "high": "47.6622",
            "low": "47.6622",
            "close": "47.6956"
        },
        {
            "time": "05.07.2021 15:07",
            "open": "47.6956",
            "high": "47.6988",
            "low": "47.695",
            "close": "47.576"
        },
        {
            "time": "05.07.2021 15:11",
            "open": "47.576",
            "high": "47.576",
            "low": "47.3966",
            "close": "47.3551"
        },
        {
            "time": "05.07.2021 15:12",
            "open": "47.3551",
            "high": "47.4384",
            "low": "47.3551",
            "close": "47.4967"
        },
        {
            "time": "05.07.2021 15:13",
            "open": "47.4967",
            "high": "47.5699",
            "low": "47.4967",
            "close": "47.5699"
        },
        {
            "time": "05.07.2021 15:15",
            "open": "47.5699",
            "high": "47.5699",
            "low": "47.5699",
            "close": "47.639"
        },
        {
            "time": "05.07.2021 15:16",
            "open": "47.639",
            "high": "47.639",
            "low": "47.639",
            "close": "47.6441"
        },
        {
            "time": "05.07.2021 15:22",
            "open": "47.6441",
            "high": "47.6441",
            "low": "47.6441",
            "close": "47.5774"
        },
        {
            "time": "05.07.2021 15:24",
            "open": "47.5774",
            "high": "47.5774",
            "low": "47.5774",
            "close": "47.6245"
        },
        {
            "time": "05.07.2021 15:30",
            "open": "47.6245",
            "high": "47.6245",
            "low": "47.6245",
            "close": "47.6765"
        },
        {
            "time": "05.07.2021 15:39",
            "open": "47.6765",
            "high": "47.6765",
            "low": "47.6765",
            "close": "47.7772"
        },
        {
            "time": "05.07.2021 15:41",
            "open": "47.7772",
            "high": "47.78",
            "low": "47.7772",
            "close": "47.643"
        },
        {
            "time": "05.07.2021 15:56",
            "open": "47.643",
            "high": "47.643",
            "low": "47.643",
            "close": "47.6136"
        },
        {
            "time": "05.07.2021 15:59",
            "open": "47.6136",
            "high": "47.6136",
            "low": "47.6136",
            "close": "47.7871"
        },
        {
            "time": "05.07.2021 16:16",
            "open": "47.7871",
            "high": "47.7871",
            "low": "47.7871",
            "close": "47.787"
        },
        {
            "time": "05.07.2021 16:17",
            "open": "47.787",
            "high": "47.7871",
            "low": "47.787",
            "close": "47.5725"
        },
        {
            "time": "05.07.2021 16:31",
            "open": "47.5725",
            "high": "47.5725",
            "low": "47.5725",
            "close": "47.5725"
        },
        {
            "time": "05.07.2021 16:32",
            "open": "47.5725",
            "high": "47.5725",
            "low": "47.5725",
            "close": "47.6545"
        },
        {
            "time": "05.07.2021 16:44",
            "open": "47.6545",
            "high": "47.6545",
            "low": "47.6545",
            "close": "47.6647"
        },
        {
            "time": "05.07.2021 16:53",
            "open": "47.6647",
            "high": "47.6647",
            "low": "47.6647",
            "close": "47.616"
        },
        {
            "time": "05.07.2021 17:03",
            "open": "47.616",
            "high": "47.616",
            "low": "47.616",
            "close": "47.6647"
        },
        {
            "time": "05.07.2021 17:05",
            "open": "47.6647",
            "high": "47.6647",
            "low": "47.6647",
            "close": "47.7613"
        },
        {
            "time": "05.07.2021 17:08",
            "open": "47.7613",
            "high": "47.7613",
            "low": "47.7613",
            "close": "47.7127"
        },
        {
            "time": "05.07.2021 17:18",
            "open": "47.7127",
            "high": "47.7129",
            "low": "47.7127",
            "close": "47.6701"
        },
        {
            "time": "05.07.2021 17:21",
            "open": "47.6701",
            "high": "47.6701",
            "low": "47.6701",
            "close": "47.6061"
        },
        {
            "time": "05.07.2021 17:23",
            "open": "47.6061",
            "high": "47.6061",
            "low": "47.6061",
            "close": "47.6401"
        },
        {
            "time": "05.07.2021 17:25",
            "open": "47.6401",
            "high": "47.6401",
            "low": "47.6401",
            "close": "47.512"
        },
        {
            "time": "05.07.2021 17:32",
            "open": "47.512",
            "high": "47.512",
            "low": "47.512",
            "close": "47.4803"
        },
        {
            "time": "05.07.2021 17:39",
            "open": "47.4803",
            "high": "47.4803",
            "low": "47.4803",
            "close": "47.5055"
        },
        {
            "time": "05.07.2021 17:41",
            "open": "47.5055",
            "high": "47.5199",
            "low": "47.5055",
            "close": "47.6462"
        },
        {
            "time": "05.07.2021 17:48",
            "open": "47.6462",
            "high": "47.6462",
            "low": "47.6462",
            "close": "47.607"
        },
        {
            "time": "05.07.2021 17:51",
            "open": "47.607",
            "high": "47.6141",
            "low": "47.607",
            "close": "47.2586"
        },
        {
            "time": "05.07.2021 17:59",
            "open": "47.2586",
            "high": "47.2586",
            "low": "47.0482",
            "close": "46.9694"
        },
        {
            "time": "05.07.2021 18:00",
            "open": "46.9694",
            "high": "47.2313",
            "low": "46.8802",
            "close": "47.3208"
        },
        {
            "time": "05.07.2021 18:01",
            "open": "47.3208",
            "high": "47.5361",
            "low": "47.3208",
            "close": "47.2949"
        },
        {
            "time": "05.07.2021 18:02",
            "open": "47.2949",
            "high": "47.422",
            "low": "47.2949",
            "close": "47.3232"
        },
        {
            "time": "05.07.2021 18:03",
            "open": "47.3232",
            "high": "47.3232",
            "low": "47.2891",
            "close": "47.3481"
        },
        {
            "time": "05.07.2021 18:06",
            "open": "47.3481",
            "high": "47.3481",
            "low": "47.3481",
            "close": "47.3823"
        },
        {
            "time": "05.07.2021 18:07",
            "open": "47.3823",
            "high": "47.3823",
            "low": "47.3823",
            "close": "47.5339"
        },
        {
            "time": "05.07.2021 18:16",
            "open": "47.5339",
            "high": "47.5387",
            "low": "47.5339",
            "close": "47.4287"
        },
        {
            "time": "05.07.2021 18:17",
            "open": "47.4287",
            "high": "47.4287",
            "low": "47.4287",
            "close": "47.4881"
        },
        {
            "time": "05.07.2021 18:22",
            "open": "47.4881",
            "high": "47.4986",
            "low": "47.4881",
            "close": "47.615"
        },
        {
            "time": "05.07.2021 18:23",
            "open": "47.615",
            "high": "47.615",
            "low": "47.615",
            "close": "47.6266"
        },
        {
            "time": "05.07.2021 18:25",
            "open": "47.6266",
            "high": "47.6266",
            "low": "47.6266",
            "close": "47.5524"
        },
        {
            "time": "05.07.2021 18:26",
            "open": "47.5524",
            "high": "47.5524",
            "low": "47.5162",
            "close": "47.3821"
        },
        {
            "time": "05.07.2021 18:38",
            "open": "47.3821",
            "high": "47.3821",
            "low": "47.3821",
            "close": "47.4018"
        },
        {
            "time": "05.07.2021 18:39",
            "open": "47.4018",
            "high": "47.4047",
            "low": "47.4018",
            "close": "47.2891"
        },
        {
            "time": "05.07.2021 18:42",
            "open": "47.2891",
            "high": "47.2891",
            "low": "47.2891",
            "close": "47.3857"
        },
        {
            "time": "05.07.2021 18:54",
            "open": "47.3857",
            "high": "47.3857",
            "low": "47.3768",
            "close": "47.3052"
        },
        {
            "time": "05.07.2021 19:12",
            "open": "47.3052",
            "high": "47.3052",
            "low": "47.3052",
            "close": "47.2081"
        },
        {
            "time": "05.07.2021 19:25",
            "open": "47.2081",
            "high": "47.2081",
            "low": "47.2081",
            "close": "46.7509"
        },
        {
            "time": "05.07.2021 19:35",
            "open": "46.7509",
            "high": "46.8485",
            "low": "46.7509",
            "close": "46.6199"
        },
        {
            "time": "05.07.2021 19:43",
            "open": "46.6199",
            "high": "46.6199",
            "low": "46.4424",
            "close": "46.3179"
        },
        {
            "time": "05.07.2021 19:44",
            "open": "46.3179",
            "high": "46.3179",
            "low": "46.2484",
            "close": "46.5272"
        },
        {
            "time": "05.07.2021 19:45",
            "open": "46.5272",
            "high": "46.5585",
            "low": "46.5272",
            "close": "46.7013"
        },
        {
            "time": "05.07.2021 19:50",
            "open": "46.7013",
            "high": "46.7013",
            "low": "46.7013",
            "close": "46.7681"
        },
        {
            "time": "05.07.2021 19:53",
            "open": "46.7681",
            "high": "46.7681",
            "low": "46.7681",
            "close": "46.7691"
        },
        {
            "time": "05.07.2021 19:54",
            "open": "46.7691",
            "high": "46.7691",
            "low": "46.7667",
            "close": "46.9821"
        },
        {
            "time": "05.07.2021 19:56",
            "open": "46.9821",
            "high": "47.003",
            "low": "46.9821",
            "close": "47.0869"
        },
        {
            "time": "05.07.2021 19:58",
            "open": "47.0869",
            "high": "47.0869",
            "low": "47.0869",
            "close": "47.3395"
        },
        {
            "time": "05.07.2021 20:07",
            "open": "47.3395",
            "high": "47.3496",
            "low": "47.3336",
            "close": "47.292"
        },
        {
            "time": "05.07.2021 20:08",
            "open": "47.292",
            "high": "47.292",
            "low": "47.292",
            "close": "47.3666"
        },
        {
            "time": "05.07.2021 20:14",
            "open": "47.3666",
            "high": "47.3666",
            "low": "47.3666",
            "close": "47.3324"
        },
        {
            "time": "05.07.2021 20:22",
            "open": "47.3324",
            "high": "47.3423",
            "low": "47.3324",
            "close": "47.4771"
        },
        {
            "time": "05.07.2021 20:25",
            "open": "47.4771",
            "high": "47.4868",
            "low": "47.4771",
            "close": "47.3333"
        },
        {
            "time": "05.07.2021 20:30",
            "open": "47.3333",
            "high": "47.3333",
            "low": "47.3147",
            "close": "47.3147"
        },
        {
            "time": "05.07.2021 20:32",
            "open": "47.3147",
            "high": "47.3147",
            "low": "47.3147",
            "close": "47.3"
        },
        {
            "time": "05.07.2021 20:33",
            "open": "47.3",
            "high": "47.3",
            "low": "47.3",
            "close": "47.3368"
        },
        {
            "time": "05.07.2021 20:34",
            "open": "47.3368",
            "high": "47.3368",
            "low": "47.3368",
            "close": "47.25"
        },
        {
            "time": "05.07.2021 20:47",
            "open": "47.25",
            "high": "47.25",
            "low": "47.25",
            "close": "47.3493"
        },
        {
            "time": "05.07.2021 20:50",
            "open": "47.3493",
            "high": "47.3742",
            "low": "47.3493",
            "close": "47.3589"
        },
        {
            "time": "05.07.2021 20:52",
            "open": "47.3589",
            "high": "47.3589",
            "low": "47.3589",
            "close": "47.3195"
        },
        {
            "time": "05.07.2021 20:54",
            "open": "47.3195",
            "high": "47.3195",
            "low": "47.3195",
            "close": "47.4404"
        },
        {
            "time": "05.07.2021 21:10",
            "open": "47.4404",
            "high": "47.4404",
            "low": "47.4313",
            "close": "47.5039"
        },
        {
            "time": "05.07.2021 21:13",
            "open": "47.5039",
            "high": "47.5039",
            "low": "47.5039",
            "close": "47.5164"
        },
        {
            "time": "05.07.2021 21:27",
            "open": "47.5164",
            "high": "47.5164",
            "low": "47.5164",
            "close": "47.4584"
        },
        {
            "time": "05.07.2021 21:28",
            "open": "47.4584",
            "high": "47.4584",
            "low": "47.4584",
            "close": "47.4657"
        },
        {
            "time": "05.07.2021 21:30",
            "open": "47.4657",
            "high": "47.4657",
            "low": "47.4657",
            "close": "47.4658"
        },
        {
            "time": "05.07.2021 21:31",
            "open": "47.4658",
            "high": "47.4658",
            "low": "47.4658",
            "close": "47.4657"
        },
        {
            "time": "05.07.2021 21:32",
            "open": "47.4657",
            "high": "47.4657",
            "low": "47.4657",
            "close": "47.4657"
        },
        {
            "time": "05.07.2021 21:33",
            "open": "47.4657",
            "high": "47.4657",
            "low": "47.4657",
            "close": "47.5081"
        },
        {
            "time": "05.07.2021 21:38",
            "open": "47.5081",
            "high": "47.5747",
            "low": "47.5081",
            "close": "47.5614"
        },
        {
            "time": "05.07.2021 21:44",
            "open": "47.5614",
            "high": "47.5614",
            "low": "47.5614",
            "close": "47.4984"
        },
        {
            "time": "05.07.2021 21:56",
            "open": "47.4984",
            "high": "47.4984",
            "low": "47.4984",
            "close": "47.4838"
        },
        {
            "time": "05.07.2021 21:57",
            "open": "47.4838",
            "high": "47.4838",
            "low": "47.4838",
            "close": "47.5947"
        },
        {
            "time": "05.07.2021 22:00",
            "open": "47.5947",
            "high": "47.6604",
            "low": "47.5947",
            "close": "47.6224"
        },
        {
            "time": "05.07.2021 22:12",
            "open": "47.6224",
            "high": "47.928",
            "low": "47.6224",
            "close": "47.8117"
        },
        {
            "time": "05.07.2021 22:13",
            "open": "47.8117",
            "high": "47.8117",
            "low": "47.8117",
            "close": "47.7594"
        },
        {
            "time": "05.07.2021 22:14",
            "open": "47.7594",
            "high": "47.8644",
            "low": "47.7593",
            "close": "47.9011"
        },
        {
            "time": "05.07.2021 22:15",
            "open": "47.9011",
            "high": "47.9011",
            "low": "47.9011",
            "close": "47.891"
        },
        {
            "time": "05.07.2021 22:16",
            "open": "47.891",
            "high": "47.891",
            "low": "47.891",
            "close": "47.9011"
        },
        {
            "time": "05.07.2021 22:17",
            "open": "47.9011",
            "high": "47.9011",
            "low": "47.9011",
            "close": "47.8"
        },
        {
            "time": "05.07.2021 22:19",
            "open": "47.8",
            "high": "47.8001",
            "low": "47.8",
            "close": "47.7716"
        },
        {
            "time": "05.07.2021 22:20",
            "open": "47.7716",
            "high": "47.7717",
            "low": "47.7716",
            "close": "47.7284"
        },
        {
            "time": "05.07.2021 22:31",
            "open": "47.7284",
            "high": "47.7679",
            "low": "47.7208",
            "close": "47.4978"
        },
        {
            "time": "05.07.2021 22:39",
            "open": "47.4978",
            "high": "47.4978",
            "low": "47.4978",
            "close": "47.5346"
        },
        {
            "time": "05.07.2021 22:40",
            "open": "47.5346",
            "high": "47.5346",
            "low": "47.5346",
            "close": "47.5158"
        },
        {
            "time": "05.07.2021 22:43",
            "open": "47.5158",
            "high": "47.5158",
            "low": "47.5158",
            "close": "47.5869"
        },
        {
            "time": "05.07.2021 22:45",
            "open": "47.5869",
            "high": "47.5869",
            "low": "47.5869",
            "close": "47.5869"
        },
        {
            "time": "05.07.2021 22:46",
            "open": "47.5869",
            "high": "47.5869",
            "low": "47.5869",
            "close": "47.5251"
        },
        {
            "time": "05.07.2021 22:49",
            "open": "47.5251",
            "high": "47.5251",
            "low": "47.5251",
            "close": "47.7208"
        },
        {
            "time": "05.07.2021 23:09",
            "open": "47.7208",
            "high": "47.7208",
            "low": "47.7208",
            "close": "47.7819"
        },
        {
            "time": "05.07.2021 23:11",
            "open": "47.7819",
            "high": "47.7819",
            "low": "47.7819",
            "close": "47.899"
        },
        {
            "time": "05.07.2021 23:16",
            "open": "47.899",
            "high": "47.9091",
            "low": "47.899",
            "close": "47.9395"
        },
        {
            "time": "05.07.2021 23:23",
            "open": "47.9395",
            "high": "47.9395",
            "low": "47.9395",
            "close": "48.0841"
        },
        {
            "time": "05.07.2021 23:53",
            "open": "48.0841",
            "high": "48.1052",
            "low": "48.0841",
            "close": "48.1052"
        },
        {
            "time": "05.07.2021 23:54",
            "open": "48.1052",
            "high": "48.1052",
            "low": "48.0779",
            "close": "47.9955"
        }
    ]
}