{
    "FIL-EUR": [
        {
            "time": "25.12.2020 23:52",
            "open": "19.3414",
            "high": "19.3414",
            "low": "19.3414",
            "close": "19.3416"
        },
        {
            "time": "26.12.2020 00:06",
            "open": "19.3416",
            "high": "19.3416",
            "low": "19.3416",
            "close": "19.3786"
        },
        {
            "time": "26.12.2020 00:07",
            "open": "19.3786",
            "high": "19.3786",
            "low": "19.3786",
            "close": "19.2946"
        },
        {
            "time": "26.12.2020 00:12",
            "open": "19.2946",
            "high": "19.2946",
            "low": "19.2946",
            "close": "19.2915"
        },
        {
            "time": "26.12.2020 00:15",
            "open": "19.2915",
            "high": "19.2915",
            "low": "19.2915",
            "close": "19.3278"
        },
        {
            "time": "26.12.2020 00:19",
            "open": "19.3278",
            "high": "19.3278",
            "low": "19.3278",
            "close": "19.36"
        },
        {
            "time": "26.12.2020 00:21",
            "open": "19.36",
            "high": "19.36",
            "low": "19.36",
            "close": "19.377"
        },
        {
            "time": "26.12.2020 00:22",
            "open": "19.377",
            "high": "19.377",
            "low": "19.377",
            "close": "19.4179"
        },
        {
            "time": "26.12.2020 00:23",
            "open": "19.4179",
            "high": "19.475",
            "low": "19.4179",
            "close": "19.4808"
        },
        {
            "time": "26.12.2020 00:25",
            "open": "19.4808",
            "high": "19.4808",
            "low": "19.4808",
            "close": "19.4811"
        },
        {
            "time": "26.12.2020 00:29",
            "open": "19.4811",
            "high": "19.4811",
            "low": "19.481",
            "close": "19.5984"
        },
        {
            "time": "26.12.2020 00:51",
            "open": "19.5984",
            "high": "19.5984",
            "low": "19.5984",
            "close": "19.591"
        },
        {
            "time": "26.12.2020 00:54",
            "open": "19.591",
            "high": "19.8215",
            "low": "19.591",
            "close": "19.7469"
        },
        {
            "time": "26.12.2020 00:55",
            "open": "19.7469",
            "high": "19.8834",
            "low": "19.7433",
            "close": "19.8846"
        },
        {
            "time": "26.12.2020 00:56",
            "open": "19.8846",
            "high": "20.003",
            "low": "19.8846",
            "close": "19.987"
        },
        {
            "time": "26.12.2020 00:57",
            "open": "19.987",
            "high": "20.0238",
            "low": "19.9717",
            "close": "19.964"
        },
        {
            "time": "26.12.2020 00:58",
            "open": "19.964",
            "high": "19.964",
            "low": "19.964",
            "close": "19.9426"
        },
        {
            "time": "26.12.2020 01:02",
            "open": "19.9426",
            "high": "19.9426",
            "low": "19.9426",
            "close": "19.8393"
        },
        {
            "time": "26.12.2020 01:03",
            "open": "19.8393",
            "high": "19.8393",
            "low": "19.8393",
            "close": "19.763"
        },
        {
            "time": "26.12.2020 01:05",
            "open": "19.763",
            "high": "19.763",
            "low": "19.763",
            "close": "19.7627"
        },
        {
            "time": "26.12.2020 01:06",
            "open": "19.7627",
            "high": "19.7627",
            "low": "19.7627",
            "close": "19.75"
        },
        {
            "time": "26.12.2020 01:08",
            "open": "19.75",
            "high": "19.763",
            "low": "19.75",
            "close": "19.7414"
        },
        {
            "time": "26.12.2020 01:14",
            "open": "19.7414",
            "high": "19.7414",
            "low": "19.7147",
            "close": "19.6552"
        },
        {
            "time": "26.12.2020 01:15",
            "open": "19.6552",
            "high": "19.6552",
            "low": "19.6552",
            "close": "19.6102"
        },
        {
            "time": "26.12.2020 01:16",
            "open": "19.6102",
            "high": "19.6102",
            "low": "19.6102",
            "close": "19.6485"
        },
        {
            "time": "26.12.2020 01:17",
            "open": "19.6485",
            "high": "19.6485",
            "low": "19.6468",
            "close": "19.5127"
        },
        {
            "time": "26.12.2020 01:18",
            "open": "19.5127",
            "high": "19.5127",
            "low": "19.4897",
            "close": "19.5809"
        },
        {
            "time": "26.12.2020 01:19",
            "open": "19.5809",
            "high": "19.5967",
            "low": "19.5809",
            "close": "19.6125"
        },
        {
            "time": "26.12.2020 01:23",
            "open": "19.6125",
            "high": "19.6125",
            "low": "19.6092",
            "close": "19.6093"
        },
        {
            "time": "26.12.2020 01:24",
            "open": "19.6093",
            "high": "19.6107",
            "low": "19.6093",
            "close": "19.6662"
        },
        {
            "time": "26.12.2020 01:28",
            "open": "19.6662",
            "high": "19.6662",
            "low": "19.6662",
            "close": "19.6662"
        },
        {
            "time": "26.12.2020 01:30",
            "open": "19.6662",
            "high": "19.6662",
            "low": "19.6662",
            "close": "19.6662"
        },
        {
            "time": "26.12.2020 01:33",
            "open": "19.6662",
            "high": "19.6662",
            "low": "19.6662",
            "close": "19.7634"
        },
        {
            "time": "26.12.2020 01:40",
            "open": "19.7634",
            "high": "19.7634",
            "low": "19.7497",
            "close": "19.7633"
        },
        {
            "time": "26.12.2020 01:43",
            "open": "19.7633",
            "high": "19.7633",
            "low": "19.7633",
            "close": "19.6664"
        },
        {
            "time": "26.12.2020 01:48",
            "open": "19.6664",
            "high": "19.6664",
            "low": "19.6664",
            "close": "19.6605"
        },
        {
            "time": "26.12.2020 01:54",
            "open": "19.6605",
            "high": "19.6605",
            "low": "19.6605",
            "close": "19.6871"
        },
        {
            "time": "26.12.2020 01:57",
            "open": "19.6871",
            "high": "19.6871",
            "low": "19.6871",
            "close": "19.6897"
        },
        {
            "time": "26.12.2020 02:04",
            "open": "19.6897",
            "high": "19.6897",
            "low": "19.6897",
            "close": "19.6131"
        },
        {
            "time": "26.12.2020 02:18",
            "open": "19.6131",
            "high": "19.6131",
            "low": "19.6131",
            "close": "19.6177"
        },
        {
            "time": "26.12.2020 02:27",
            "open": "19.6177",
            "high": "19.6177",
            "low": "19.6177",
            "close": "19.6582"
        },
        {
            "time": "26.12.2020 02:40",
            "open": "19.6582",
            "high": "19.6582",
            "low": "19.6582",
            "close": "19.6336"
        },
        {
            "time": "26.12.2020 03:08",
            "open": "19.6336",
            "high": "19.6336",
            "low": "19.6336",
            "close": "19.5514"
        },
        {
            "time": "26.12.2020 03:29",
            "open": "19.5514",
            "high": "19.5514",
            "low": "19.5514",
            "close": "19.5483"
        },
        {
            "time": "26.12.2020 03:33",
            "open": "19.5483",
            "high": "19.5483",
            "low": "19.5483",
            "close": "19.5586"
        },
        {
            "time": "26.12.2020 03:38",
            "open": "19.5586",
            "high": "19.5586",
            "low": "19.5585",
            "close": "19.5724"
        },
        {
            "time": "26.12.2020 03:45",
            "open": "19.5724",
            "high": "19.5724",
            "low": "19.5724",
            "close": "19.6739"
        },
        {
            "time": "26.12.2020 04:44",
            "open": "19.6739",
            "high": "19.6739",
            "low": "19.6739",
            "close": "19.6723"
        },
        {
            "time": "26.12.2020 04:52",
            "open": "19.6723",
            "high": "19.6723",
            "low": "19.5083",
            "close": "19.5394"
        },
        {
            "time": "26.12.2020 04:53",
            "open": "19.5394",
            "high": "19.5429",
            "low": "19.5393",
            "close": "19.5215"
        },
        {
            "time": "26.12.2020 05:15",
            "open": "19.5215",
            "high": "19.5215",
            "low": "19.5215",
            "close": "19.4726"
        },
        {
            "time": "26.12.2020 05:34",
            "open": "19.4726",
            "high": "19.4726",
            "low": "19.4726",
            "close": "19.4726"
        },
        {
            "time": "26.12.2020 05:51",
            "open": "19.4726",
            "high": "19.4726",
            "low": "19.3724",
            "close": "19.3874"
        },
        {
            "time": "26.12.2020 05:52",
            "open": "19.3874",
            "high": "19.3926",
            "low": "19.3874",
            "close": "19.4002"
        },
        {
            "time": "26.12.2020 05:54",
            "open": "19.4002",
            "high": "19.4002",
            "low": "19.4002",
            "close": "19.3836"
        },
        {
            "time": "26.12.2020 05:55",
            "open": "19.3836",
            "high": "19.3836",
            "low": "19.3836",
            "close": "19.3624"
        },
        {
            "time": "26.12.2020 05:58",
            "open": "19.3624",
            "high": "19.3624",
            "low": "19.3624",
            "close": "19.358"
        },
        {
            "time": "26.12.2020 06:01",
            "open": "19.358",
            "high": "19.358",
            "low": "19.358",
            "close": "19.3495"
        },
        {
            "time": "26.12.2020 06:03",
            "open": "19.3495",
            "high": "19.3676",
            "low": "19.3495",
            "close": "19.4056"
        },
        {
            "time": "26.12.2020 06:31",
            "open": "19.4056",
            "high": "19.4056",
            "low": "19.4042",
            "close": "19.4056"
        },
        {
            "time": "26.12.2020 06:32",
            "open": "19.4056",
            "high": "19.4056",
            "low": "19.4042",
            "close": "19.3943"
        },
        {
            "time": "26.12.2020 06:33",
            "open": "19.3943",
            "high": "19.3953",
            "low": "19.3915",
            "close": "19.3943"
        },
        {
            "time": "26.12.2020 06:34",
            "open": "19.3943",
            "high": "19.3943",
            "low": "19.3814",
            "close": "19.3874"
        },
        {
            "time": "26.12.2020 06:35",
            "open": "19.3874",
            "high": "19.3874",
            "low": "19.3814",
            "close": "19.3874"
        },
        {
            "time": "26.12.2020 06:36",
            "open": "19.3874",
            "high": "19.3874",
            "low": "19.3792",
            "close": "19.3818"
        },
        {
            "time": "26.12.2020 06:47",
            "open": "19.3818",
            "high": "19.3818",
            "low": "19.3701",
            "close": "19.3816"
        },
        {
            "time": "26.12.2020 06:48",
            "open": "19.3816",
            "high": "19.4016",
            "low": "19.3765",
            "close": "19.4016"
        },
        {
            "time": "26.12.2020 06:49",
            "open": "19.4016",
            "high": "19.4016",
            "low": "19.3877",
            "close": "19.4118"
        },
        {
            "time": "26.12.2020 06:54",
            "open": "19.4118",
            "high": "19.4123",
            "low": "19.4046",
            "close": "19.4123"
        },
        {
            "time": "26.12.2020 06:55",
            "open": "19.4123",
            "high": "19.4123",
            "low": "19.4045",
            "close": "19.5063"
        },
        {
            "time": "26.12.2020 07:21",
            "open": "19.5063",
            "high": "19.5063",
            "low": "19.5063",
            "close": "19.4772"
        },
        {
            "time": "26.12.2020 07:29",
            "open": "19.4772",
            "high": "19.4772",
            "low": "19.4722",
            "close": "19.4679"
        },
        {
            "time": "26.12.2020 07:39",
            "open": "19.4679",
            "high": "19.4679",
            "low": "19.4679",
            "close": "19.5255"
        },
        {
            "time": "26.12.2020 07:41",
            "open": "19.5255",
            "high": "19.5255",
            "low": "19.5255",
            "close": "19.5094"
        },
        {
            "time": "26.12.2020 07:48",
            "open": "19.5094",
            "high": "19.5094",
            "low": "19.5094",
            "close": "19.5255"
        },
        {
            "time": "26.12.2020 07:49",
            "open": "19.5255",
            "high": "19.5255",
            "low": "19.5255",
            "close": "19.5255"
        },
        {
            "time": "26.12.2020 08:00",
            "open": "19.5255",
            "high": "19.5255",
            "low": "19.5255",
            "close": "19.5428"
        },
        {
            "time": "26.12.2020 08:06",
            "open": "19.5428",
            "high": "19.5428",
            "low": "19.5428",
            "close": "19.6479"
        },
        {
            "time": "26.12.2020 08:35",
            "open": "19.6479",
            "high": "19.6479",
            "low": "19.624",
            "close": "19.6595"
        },
        {
            "time": "26.12.2020 09:12",
            "open": "19.6595",
            "high": "19.6595",
            "low": "19.6595",
            "close": "19.7051"
        },
        {
            "time": "26.12.2020 09:23",
            "open": "19.7051",
            "high": "19.7065",
            "low": "19.7051",
            "close": "19.7328"
        },
        {
            "time": "26.12.2020 09:24",
            "open": "19.7328",
            "high": "19.7328",
            "low": "19.7328",
            "close": "19.7083"
        },
        {
            "time": "26.12.2020 09:48",
            "open": "19.7083",
            "high": "19.7083",
            "low": "19.7083",
            "close": "19.7211"
        },
        {
            "time": "26.12.2020 09:56",
            "open": "19.7211",
            "high": "19.7211",
            "low": "19.7211",
            "close": "19.6932"
        },
        {
            "time": "26.12.2020 09:59",
            "open": "19.6932",
            "high": "19.6932",
            "low": "19.6932",
            "close": "19.7035"
        },
        {
            "time": "26.12.2020 10:04",
            "open": "19.7035",
            "high": "19.7036",
            "low": "19.7035",
            "close": "19.6608"
        },
        {
            "time": "26.12.2020 10:18",
            "open": "19.6608",
            "high": "19.6608",
            "low": "19.6608",
            "close": "19.6609"
        },
        {
            "time": "26.12.2020 10:20",
            "open": "19.6609",
            "high": "19.6609",
            "low": "19.6608",
            "close": "19.6608"
        },
        {
            "time": "26.12.2020 10:21",
            "open": "19.6608",
            "high": "19.6608",
            "low": "19.6608",
            "close": "19.612"
        },
        {
            "time": "26.12.2020 10:35",
            "open": "19.612",
            "high": "19.612",
            "low": "19.612",
            "close": "19.6493"
        },
        {
            "time": "26.12.2020 10:37",
            "open": "19.6493",
            "high": "19.6493",
            "low": "19.6493",
            "close": "19.6053"
        },
        {
            "time": "26.12.2020 10:41",
            "open": "19.6053",
            "high": "19.6053",
            "low": "19.6053",
            "close": "19.61"
        },
        {
            "time": "26.12.2020 10:49",
            "open": "19.61",
            "high": "19.61",
            "low": "19.61",
            "close": "19.6548"
        },
        {
            "time": "26.12.2020 10:56",
            "open": "19.6548",
            "high": "19.6548",
            "low": "19.6547",
            "close": "19.6547"
        },
        {
            "time": "26.12.2020 10:57",
            "open": "19.6547",
            "high": "19.6555",
            "low": "19.6459",
            "close": "19.6547"
        },
        {
            "time": "26.12.2020 10:58",
            "open": "19.6547",
            "high": "19.6552",
            "low": "19.6547",
            "close": "19.655"
        },
        {
            "time": "26.12.2020 10:59",
            "open": "19.655",
            "high": "19.655",
            "low": "19.655",
            "close": "19.607"
        },
        {
            "time": "26.12.2020 11:13",
            "open": "19.607",
            "high": "19.607",
            "low": "19.607",
            "close": "19.6261"
        },
        {
            "time": "26.12.2020 11:25",
            "open": "19.6261",
            "high": "19.6261",
            "low": "19.6261",
            "close": "19.5824"
        },
        {
            "time": "26.12.2020 11:43",
            "open": "19.5824",
            "high": "19.5824",
            "low": "19.5824",
            "close": "19.5917"
        },
        {
            "time": "26.12.2020 11:48",
            "open": "19.5917",
            "high": "19.5917",
            "low": "19.5917",
            "close": "19.5642"
        },
        {
            "time": "26.12.2020 11:49",
            "open": "19.5642",
            "high": "19.5642",
            "low": "19.5642",
            "close": "19.5855"
        },
        {
            "time": "26.12.2020 11:52",
            "open": "19.5855",
            "high": "19.5855",
            "low": "19.5855",
            "close": "19.5608"
        },
        {
            "time": "26.12.2020 11:59",
            "open": "19.5608",
            "high": "19.5608",
            "low": "19.5608",
            "close": "19.5678"
        },
        {
            "time": "26.12.2020 12:01",
            "open": "19.5678",
            "high": "19.5678",
            "low": "19.5678",
            "close": "19.5701"
        },
        {
            "time": "26.12.2020 12:06",
            "open": "19.5701",
            "high": "19.5701",
            "low": "19.5701",
            "close": "19.5143"
        },
        {
            "time": "26.12.2020 12:19",
            "open": "19.5143",
            "high": "19.5143",
            "low": "19.5143",
            "close": "19.5414"
        },
        {
            "time": "26.12.2020 12:20",
            "open": "19.5414",
            "high": "19.5414",
            "low": "19.5414",
            "close": "19.5612"
        },
        {
            "time": "26.12.2020 12:31",
            "open": "19.5612",
            "high": "19.5612",
            "low": "19.5612",
            "close": "19.5416"
        },
        {
            "time": "26.12.2020 12:33",
            "open": "19.5416",
            "high": "19.5416",
            "low": "19.5416",
            "close": "19.5747"
        },
        {
            "time": "26.12.2020 12:40",
            "open": "19.5747",
            "high": "19.5747",
            "low": "19.5747",
            "close": "19.5747"
        },
        {
            "time": "26.12.2020 12:43",
            "open": "19.5747",
            "high": "19.5747",
            "low": "19.5747",
            "close": "19.6254"
        },
        {
            "time": "26.12.2020 13:01",
            "open": "19.6254",
            "high": "19.6254",
            "low": "19.6254",
            "close": "19.5001"
        },
        {
            "time": "26.12.2020 13:21",
            "open": "19.5001",
            "high": "19.5001",
            "low": "19.5001",
            "close": "19.4425"
        },
        {
            "time": "26.12.2020 13:34",
            "open": "19.4425",
            "high": "19.4425",
            "low": "19.4425",
            "close": "19.6019"
        },
        {
            "time": "26.12.2020 13:51",
            "open": "19.6019",
            "high": "19.6019",
            "low": "19.5592",
            "close": "19.5441"
        },
        {
            "time": "26.12.2020 13:56",
            "open": "19.5441",
            "high": "19.5441",
            "low": "19.5441",
            "close": "19.4494"
        },
        {
            "time": "26.12.2020 14:17",
            "open": "19.4494",
            "high": "19.4494",
            "low": "19.4494",
            "close": "19.4764"
        },
        {
            "time": "26.12.2020 14:21",
            "open": "19.4764",
            "high": "19.4764",
            "low": "19.4764",
            "close": "19.4764"
        },
        {
            "time": "26.12.2020 14:22",
            "open": "19.4764",
            "high": "19.4764",
            "low": "19.4764",
            "close": "19.4324"
        },
        {
            "time": "26.12.2020 14:25",
            "open": "19.4324",
            "high": "19.4324",
            "low": "19.4324",
            "close": "19.4277"
        },
        {
            "time": "26.12.2020 14:39",
            "open": "19.4277",
            "high": "19.4562",
            "low": "19.4275",
            "close": "19.4231"
        },
        {
            "time": "26.12.2020 14:45",
            "open": "19.4231",
            "high": "19.4231",
            "low": "19.4231",
            "close": "19.4539"
        },
        {
            "time": "26.12.2020 14:54",
            "open": "19.4539",
            "high": "19.4539",
            "low": "19.4539",
            "close": "19.4539"
        },
        {
            "time": "26.12.2020 14:55",
            "open": "19.4539",
            "high": "19.4539",
            "low": "19.4539",
            "close": "19.4538"
        },
        {
            "time": "26.12.2020 14:56",
            "open": "19.4538",
            "high": "19.4539",
            "low": "19.4538",
            "close": "19.4146"
        },
        {
            "time": "26.12.2020 15:07",
            "open": "19.4146",
            "high": "19.4146",
            "low": "19.4146",
            "close": "19.4234"
        },
        {
            "time": "26.12.2020 15:08",
            "open": "19.4234",
            "high": "19.4234",
            "low": "19.4234",
            "close": "19.4505"
        },
        {
            "time": "26.12.2020 15:10",
            "open": "19.4505",
            "high": "19.467",
            "low": "19.4505",
            "close": "19.4657"
        },
        {
            "time": "26.12.2020 15:13",
            "open": "19.4657",
            "high": "19.4657",
            "low": "19.4538",
            "close": "19.4133"
        },
        {
            "time": "26.12.2020 15:34",
            "open": "19.4133",
            "high": "19.4133",
            "low": "19.4133",
            "close": "19.42"
        },
        {
            "time": "26.12.2020 15:45",
            "open": "19.42",
            "high": "19.42",
            "low": "19.42",
            "close": "19.4057"
        },
        {
            "time": "26.12.2020 15:51",
            "open": "19.4057",
            "high": "19.4057",
            "low": "19.4057",
            "close": "19.4044"
        },
        {
            "time": "26.12.2020 15:54",
            "open": "19.4044",
            "high": "19.4044",
            "low": "19.4044",
            "close": "19.4059"
        },
        {
            "time": "26.12.2020 15:56",
            "open": "19.4059",
            "high": "19.4059",
            "low": "19.4059",
            "close": "19.4059"
        },
        {
            "time": "26.12.2020 15:57",
            "open": "19.4059",
            "high": "19.4059",
            "low": "19.4059",
            "close": "19.3613"
        },
        {
            "time": "26.12.2020 15:59",
            "open": "19.3613",
            "high": "19.3613",
            "low": "19.3613",
            "close": "19.3108"
        },
        {
            "time": "26.12.2020 16:00",
            "open": "19.3108",
            "high": "19.3108",
            "low": "19.3108",
            "close": "19.3069"
        },
        {
            "time": "26.12.2020 16:05",
            "open": "19.3069",
            "high": "19.3069",
            "low": "19.3069",
            "close": "19.3058"
        },
        {
            "time": "26.12.2020 16:06",
            "open": "19.3058",
            "high": "19.3058",
            "low": "19.2984",
            "close": "19.3569"
        },
        {
            "time": "26.12.2020 16:10",
            "open": "19.3569",
            "high": "19.3569",
            "low": "19.3569",
            "close": "19.4818"
        },
        {
            "time": "26.12.2020 16:15",
            "open": "19.4818",
            "high": "19.4818",
            "low": "19.4818",
            "close": "19.5046"
        },
        {
            "time": "26.12.2020 16:17",
            "open": "19.5046",
            "high": "19.5046",
            "low": "19.5046",
            "close": "19.4049"
        },
        {
            "time": "26.12.2020 16:20",
            "open": "19.4049",
            "high": "19.4049",
            "low": "19.4049",
            "close": "19.3976"
        },
        {
            "time": "26.12.2020 16:21",
            "open": "19.3976",
            "high": "19.3976",
            "low": "19.3976",
            "close": "19.3886"
        },
        {
            "time": "26.12.2020 16:23",
            "open": "19.3886",
            "high": "19.3886",
            "low": "19.3886",
            "close": "19.3748"
        },
        {
            "time": "26.12.2020 16:29",
            "open": "19.3748",
            "high": "19.3748",
            "low": "19.3748",
            "close": "19.3996"
        },
        {
            "time": "26.12.2020 16:30",
            "open": "19.3996",
            "high": "19.4",
            "low": "19.3996",
            "close": "19.3963"
        },
        {
            "time": "26.12.2020 16:35",
            "open": "19.3963",
            "high": "19.3963",
            "low": "19.3963",
            "close": "19.3714"
        },
        {
            "time": "26.12.2020 16:39",
            "open": "19.3714",
            "high": "19.3714",
            "low": "19.3714",
            "close": "19.3714"
        },
        {
            "time": "26.12.2020 16:42",
            "open": "19.3714",
            "high": "19.3714",
            "low": "19.3714",
            "close": "19.3714"
        },
        {
            "time": "26.12.2020 16:47",
            "open": "19.3714",
            "high": "19.3714",
            "low": "19.3714",
            "close": "19.4249"
        },
        {
            "time": "26.12.2020 16:52",
            "open": "19.4249",
            "high": "19.4249",
            "low": "19.3834",
            "close": "19.4039"
        },
        {
            "time": "26.12.2020 16:54",
            "open": "19.4039",
            "high": "19.4062",
            "low": "19.4039",
            "close": "19.3391"
        },
        {
            "time": "26.12.2020 16:55",
            "open": "19.3391",
            "high": "19.3391",
            "low": "19.3391",
            "close": "19.3514"
        },
        {
            "time": "26.12.2020 16:58",
            "open": "19.3514",
            "high": "19.3514",
            "low": "19.3514",
            "close": "19.3512"
        },
        {
            "time": "26.12.2020 16:59",
            "open": "19.3512",
            "high": "19.3512",
            "low": "19.3512",
            "close": "19.3763"
        },
        {
            "time": "26.12.2020 17:01",
            "open": "19.3763",
            "high": "19.3763",
            "low": "19.3763",
            "close": "19.3672"
        },
        {
            "time": "26.12.2020 17:03",
            "open": "19.3672",
            "high": "19.3672",
            "low": "19.3672",
            "close": "19.3615"
        },
        {
            "time": "26.12.2020 17:05",
            "open": "19.3615",
            "high": "19.3615",
            "low": "19.3612",
            "close": "19.5864"
        },
        {
            "time": "26.12.2020 17:06",
            "open": "19.5864",
            "high": "19.5864",
            "low": "19.3667",
            "close": "19.3817"
        },
        {
            "time": "26.12.2020 17:10",
            "open": "19.3817",
            "high": "19.3817",
            "low": "19.3817",
            "close": "19.3527"
        },
        {
            "time": "26.12.2020 17:11",
            "open": "19.3527",
            "high": "19.3529",
            "low": "19.3527",
            "close": "19.377"
        },
        {
            "time": "26.12.2020 17:12",
            "open": "19.377",
            "high": "19.377",
            "low": "19.3328",
            "close": "19.333"
        },
        {
            "time": "26.12.2020 17:13",
            "open": "19.333",
            "high": "19.333",
            "low": "19.333",
            "close": "19.4485"
        },
        {
            "time": "26.12.2020 17:16",
            "open": "19.4485",
            "high": "19.4578",
            "low": "19.4485",
            "close": "19.4361"
        },
        {
            "time": "26.12.2020 17:17",
            "open": "19.4361",
            "high": "19.4361",
            "low": "19.4361",
            "close": "19.412"
        },
        {
            "time": "26.12.2020 17:18",
            "open": "19.412",
            "high": "19.412",
            "low": "19.412",
            "close": "19.5139"
        },
        {
            "time": "26.12.2020 17:23",
            "open": "19.5139",
            "high": "19.514",
            "low": "19.5139",
            "close": "19.514"
        },
        {
            "time": "26.12.2020 17:27",
            "open": "19.514",
            "high": "19.514",
            "low": "19.514",
            "close": "19.514"
        },
        {
            "time": "26.12.2020 17:28",
            "open": "19.514",
            "high": "19.514",
            "low": "19.5066",
            "close": "19.4872"
        },
        {
            "time": "26.12.2020 17:31",
            "open": "19.4872",
            "high": "19.4872",
            "low": "19.479",
            "close": "19.5097"
        },
        {
            "time": "26.12.2020 17:33",
            "open": "19.5097",
            "high": "19.5097",
            "low": "19.5097",
            "close": "19.5058"
        },
        {
            "time": "26.12.2020 17:34",
            "open": "19.5058",
            "high": "19.5058",
            "low": "19.5058",
            "close": "19.6032"
        },
        {
            "time": "26.12.2020 17:38",
            "open": "19.6032",
            "high": "19.6032",
            "low": "19.6032",
            "close": "19.5686"
        },
        {
            "time": "26.12.2020 17:41",
            "open": "19.5686",
            "high": "19.5704",
            "low": "19.5686",
            "close": "19.5464"
        },
        {
            "time": "26.12.2020 17:43",
            "open": "19.5464",
            "high": "19.5468",
            "low": "19.5073",
            "close": "19.5375"
        },
        {
            "time": "26.12.2020 17:47",
            "open": "19.5375",
            "high": "19.5375",
            "low": "19.5375",
            "close": "19.5593"
        },
        {
            "time": "26.12.2020 17:53",
            "open": "19.5593",
            "high": "19.5593",
            "low": "19.5593",
            "close": "19.5376"
        },
        {
            "time": "26.12.2020 17:57",
            "open": "19.5376",
            "high": "19.5376",
            "low": "19.5376",
            "close": "19.5376"
        },
        {
            "time": "26.12.2020 17:58",
            "open": "19.5376",
            "high": "19.5376",
            "low": "19.5376",
            "close": "19.5376"
        },
        {
            "time": "26.12.2020 17:59",
            "open": "19.5376",
            "high": "19.5376",
            "low": "19.5375",
            "close": "19.5329"
        },
        {
            "time": "26.12.2020 18:02",
            "open": "19.5329",
            "high": "19.5329",
            "low": "19.5329",
            "close": "19.5027"
        },
        {
            "time": "26.12.2020 18:05",
            "open": "19.5027",
            "high": "19.5322",
            "low": "19.5027",
            "close": "19.4917"
        },
        {
            "time": "26.12.2020 18:10",
            "open": "19.4917",
            "high": "19.4917",
            "low": "19.4917",
            "close": "19.5229"
        },
        {
            "time": "26.12.2020 18:13",
            "open": "19.5229",
            "high": "19.5229",
            "low": "19.5229",
            "close": "19.491"
        },
        {
            "time": "26.12.2020 18:17",
            "open": "19.491",
            "high": "19.491",
            "low": "19.491",
            "close": "19.448"
        },
        {
            "time": "26.12.2020 18:21",
            "open": "19.448",
            "high": "19.448",
            "low": "19.448",
            "close": "19.4378"
        },
        {
            "time": "26.12.2020 18:22",
            "open": "19.4378",
            "high": "19.4378",
            "low": "19.4378",
            "close": "19.451"
        },
        {
            "time": "26.12.2020 18:27",
            "open": "19.451",
            "high": "19.451",
            "low": "19.451",
            "close": "19.4601"
        },
        {
            "time": "26.12.2020 18:32",
            "open": "19.4601",
            "high": "19.4601",
            "low": "19.4601",
            "close": "19.4599"
        },
        {
            "time": "26.12.2020 18:43",
            "open": "19.4599",
            "high": "19.4599",
            "low": "19.4599",
            "close": "19.4681"
        },
        {
            "time": "26.12.2020 18:45",
            "open": "19.4681",
            "high": "19.4682",
            "low": "19.4681",
            "close": "19.4501"
        },
        {
            "time": "26.12.2020 18:52",
            "open": "19.4501",
            "high": "19.4514",
            "low": "19.4501",
            "close": "19.431"
        },
        {
            "time": "26.12.2020 18:55",
            "open": "19.431",
            "high": "19.4514",
            "low": "19.4303",
            "close": "19.4649"
        },
        {
            "time": "26.12.2020 18:59",
            "open": "19.4649",
            "high": "19.4649",
            "low": "19.4649",
            "close": "19.4574"
        },
        {
            "time": "26.12.2020 19:02",
            "open": "19.4574",
            "high": "19.4574",
            "low": "19.4574",
            "close": "19.5144"
        },
        {
            "time": "26.12.2020 19:06",
            "open": "19.5144",
            "high": "19.5531",
            "low": "19.5144",
            "close": "19.5795"
        },
        {
            "time": "26.12.2020 19:07",
            "open": "19.5795",
            "high": "19.5823",
            "low": "19.5795",
            "close": "19.5938"
        },
        {
            "time": "26.12.2020 19:08",
            "open": "19.5938",
            "high": "19.5938",
            "low": "19.5919",
            "close": "19.5663"
        },
        {
            "time": "26.12.2020 19:13",
            "open": "19.5663",
            "high": "19.5663",
            "low": "19.5663",
            "close": "19.5738"
        },
        {
            "time": "26.12.2020 19:14",
            "open": "19.5738",
            "high": "19.5817",
            "low": "19.5738",
            "close": "19.5756"
        },
        {
            "time": "26.12.2020 19:16",
            "open": "19.5756",
            "high": "19.5756",
            "low": "19.5448",
            "close": "19.5301"
        },
        {
            "time": "26.12.2020 19:17",
            "open": "19.5301",
            "high": "19.5301",
            "low": "19.5301",
            "close": "19.5389"
        },
        {
            "time": "26.12.2020 19:18",
            "open": "19.5389",
            "high": "19.5389",
            "low": "19.5389",
            "close": "19.5255"
        },
        {
            "time": "26.12.2020 19:19",
            "open": "19.5255",
            "high": "19.5255",
            "low": "19.5255",
            "close": "19.4836"
        },
        {
            "time": "26.12.2020 19:26",
            "open": "19.4836",
            "high": "19.4836",
            "low": "19.4836",
            "close": "19.4967"
        },
        {
            "time": "26.12.2020 19:30",
            "open": "19.4967",
            "high": "19.4967",
            "low": "19.4967",
            "close": "19.5338"
        },
        {
            "time": "26.12.2020 19:32",
            "open": "19.5338",
            "high": "19.5338",
            "low": "19.5338",
            "close": "19.545"
        },
        {
            "time": "26.12.2020 19:35",
            "open": "19.545",
            "high": "19.545",
            "low": "19.545",
            "close": "19.5654"
        },
        {
            "time": "26.12.2020 19:36",
            "open": "19.5654",
            "high": "19.5654",
            "low": "19.5654",
            "close": "19.5467"
        },
        {
            "time": "26.12.2020 19:41",
            "open": "19.5467",
            "high": "19.5467",
            "low": "19.5467",
            "close": "19.5721"
        },
        {
            "time": "26.12.2020 19:50",
            "open": "19.5721",
            "high": "19.5727",
            "low": "19.5629",
            "close": "19.5319"
        },
        {
            "time": "26.12.2020 19:52",
            "open": "19.5319",
            "high": "19.5319",
            "low": "19.5319",
            "close": "19.5282"
        },
        {
            "time": "26.12.2020 19:53",
            "open": "19.5282",
            "high": "19.5282",
            "low": "19.5282",
            "close": "19.5286"
        },
        {
            "time": "26.12.2020 19:54",
            "open": "19.5286",
            "high": "19.5287",
            "low": "19.5286",
            "close": "19.5502"
        },
        {
            "time": "26.12.2020 19:55",
            "open": "19.5502",
            "high": "19.566",
            "low": "19.5502",
            "close": "19.5076"
        },
        {
            "time": "26.12.2020 19:59",
            "open": "19.5076",
            "high": "19.5076",
            "low": "19.5076",
            "close": "19.502"
        },
        {
            "time": "26.12.2020 20:04",
            "open": "19.502",
            "high": "19.502",
            "low": "19.502",
            "close": "19.5065"
        },
        {
            "time": "26.12.2020 20:08",
            "open": "19.5065",
            "high": "19.5065",
            "low": "19.5065",
            "close": "19.4801"
        },
        {
            "time": "26.12.2020 20:16",
            "open": "19.4801",
            "high": "19.4801",
            "low": "19.4801",
            "close": "19.481"
        },
        {
            "time": "26.12.2020 20:18",
            "open": "19.481",
            "high": "19.481",
            "low": "19.481",
            "close": "19.5036"
        },
        {
            "time": "26.12.2020 20:19",
            "open": "19.5036",
            "high": "19.5036",
            "low": "19.5036",
            "close": "19.5024"
        },
        {
            "time": "26.12.2020 20:24",
            "open": "19.5024",
            "high": "19.5025",
            "low": "19.5024",
            "close": "19.4869"
        },
        {
            "time": "26.12.2020 20:31",
            "open": "19.4869",
            "high": "19.4905",
            "low": "19.4806",
            "close": "19.4811"
        },
        {
            "time": "26.12.2020 20:32",
            "open": "19.4811",
            "high": "19.4811",
            "low": "19.4811",
            "close": "19.4951"
        },
        {
            "time": "26.12.2020 20:37",
            "open": "19.4951",
            "high": "19.4951",
            "low": "19.4951",
            "close": "19.4999"
        },
        {
            "time": "26.12.2020 20:41",
            "open": "19.4999",
            "high": "19.4999",
            "low": "19.4999",
            "close": "19.4916"
        },
        {
            "time": "26.12.2020 20:46",
            "open": "19.4916",
            "high": "19.4916",
            "low": "19.4691",
            "close": "19.4721"
        },
        {
            "time": "26.12.2020 20:50",
            "open": "19.4721",
            "high": "19.4721",
            "low": "19.47",
            "close": "19.4765"
        },
        {
            "time": "26.12.2020 20:59",
            "open": "19.4765",
            "high": "19.4765",
            "low": "19.4765",
            "close": "19.4637"
        },
        {
            "time": "26.12.2020 21:00",
            "open": "19.4637",
            "high": "19.4637",
            "low": "19.4637",
            "close": "19.4691"
        },
        {
            "time": "26.12.2020 21:02",
            "open": "19.4691",
            "high": "19.4691",
            "low": "19.4691",
            "close": "19.4294"
        },
        {
            "time": "26.12.2020 21:08",
            "open": "19.4294",
            "high": "19.4559",
            "low": "19.4294",
            "close": "19.426"
        },
        {
            "time": "26.12.2020 21:10",
            "open": "19.426",
            "high": "19.426",
            "low": "19.426",
            "close": "19.4035"
        },
        {
            "time": "26.12.2020 21:14",
            "open": "19.4035",
            "high": "19.4035",
            "low": "19.4035",
            "close": "19.3956"
        },
        {
            "time": "26.12.2020 21:17",
            "open": "19.3956",
            "high": "19.3956",
            "low": "19.3956",
            "close": "19.388"
        },
        {
            "time": "26.12.2020 21:20",
            "open": "19.388",
            "high": "19.388",
            "low": "19.388",
            "close": "19.4261"
        },
        {
            "time": "26.12.2020 21:22",
            "open": "19.4261",
            "high": "19.4261",
            "low": "19.4261",
            "close": "19.4365"
        },
        {
            "time": "26.12.2020 21:32",
            "open": "19.4365",
            "high": "19.4365",
            "low": "19.4365",
            "close": "19.436"
        },
        {
            "time": "26.12.2020 21:33",
            "open": "19.436",
            "high": "19.436",
            "low": "19.436",
            "close": "19.3981"
        },
        {
            "time": "26.12.2020 21:36",
            "open": "19.3981",
            "high": "19.3981",
            "low": "19.3981",
            "close": "19.4139"
        },
        {
            "time": "26.12.2020 21:38",
            "open": "19.4139",
            "high": "19.4139",
            "low": "19.4139",
            "close": "19.3981"
        },
        {
            "time": "26.12.2020 21:51",
            "open": "19.3981",
            "high": "19.3981",
            "low": "19.3981",
            "close": "19.3983"
        },
        {
            "time": "26.12.2020 21:53",
            "open": "19.3983",
            "high": "19.3983",
            "low": "19.3983",
            "close": "19.3981"
        },
        {
            "time": "26.12.2020 21:56",
            "open": "19.3981",
            "high": "19.3981",
            "low": "19.3956",
            "close": "19.3783"
        },
        {
            "time": "26.12.2020 22:05",
            "open": "19.3783",
            "high": "19.3783",
            "low": "19.3783",
            "close": "19.4018"
        },
        {
            "time": "26.12.2020 22:15",
            "open": "19.4018",
            "high": "19.4288",
            "low": "19.4018",
            "close": "19.4"
        },
        {
            "time": "26.12.2020 22:16",
            "open": "19.4",
            "high": "19.4",
            "low": "19.4",
            "close": "19.3783"
        },
        {
            "time": "26.12.2020 22:17",
            "open": "19.3783",
            "high": "19.3783",
            "low": "19.3783",
            "close": "19.3475"
        },
        {
            "time": "26.12.2020 22:20",
            "open": "19.3475",
            "high": "19.3475",
            "low": "19.3475",
            "close": "19.3935"
        },
        {
            "time": "26.12.2020 22:23",
            "open": "19.3935",
            "high": "19.3935",
            "low": "19.3935",
            "close": "19.4187"
        },
        {
            "time": "26.12.2020 22:26",
            "open": "19.4187",
            "high": "19.4187",
            "low": "19.4187",
            "close": "19.421"
        },
        {
            "time": "26.12.2020 22:30",
            "open": "19.421",
            "high": "19.421",
            "low": "19.421",
            "close": "19.3948"
        },
        {
            "time": "26.12.2020 22:32",
            "open": "19.3948",
            "high": "19.3948",
            "low": "19.3948",
            "close": "19.3829"
        },
        {
            "time": "26.12.2020 22:35",
            "open": "19.3829",
            "high": "19.3924",
            "low": "19.3829",
            "close": "19.3778"
        },
        {
            "time": "26.12.2020 22:37",
            "open": "19.3778",
            "high": "19.3778",
            "low": "19.3778",
            "close": "19.3977"
        },
        {
            "time": "26.12.2020 22:44",
            "open": "19.3977",
            "high": "19.3977",
            "low": "19.3861",
            "close": "19.3377"
        },
        {
            "time": "26.12.2020 22:52",
            "open": "19.3377",
            "high": "19.3377",
            "low": "19.3377",
            "close": "19.3464"
        },
        {
            "time": "26.12.2020 22:54",
            "open": "19.3464",
            "high": "19.3464",
            "low": "19.3464",
            "close": "19.317"
        },
        {
            "time": "26.12.2020 22:57",
            "open": "19.317",
            "high": "19.317",
            "low": "19.317",
            "close": "19.3021"
        },
        {
            "time": "26.12.2020 23:00",
            "open": "19.3021",
            "high": "19.3021",
            "low": "19.3001",
            "close": "19.326"
        },
        {
            "time": "26.12.2020 23:01",
            "open": "19.326",
            "high": "19.326",
            "low": "19.326",
            "close": "19.3076"
        },
        {
            "time": "26.12.2020 23:07",
            "open": "19.3076",
            "high": "19.3076",
            "low": "19.3076",
            "close": "19.3138"
        },
        {
            "time": "26.12.2020 23:10",
            "open": "19.3138",
            "high": "19.3138",
            "low": "19.3138",
            "close": "19.3001"
        },
        {
            "time": "26.12.2020 23:12",
            "open": "19.3001",
            "high": "19.3001",
            "low": "19.3001",
            "close": "19.3288"
        },
        {
            "time": "26.12.2020 23:13",
            "open": "19.3288",
            "high": "19.3288",
            "low": "19.2803",
            "close": "19.28"
        },
        {
            "time": "26.12.2020 23:14",
            "open": "19.28",
            "high": "19.28",
            "low": "19.28",
            "close": "19.237"
        },
        {
            "time": "26.12.2020 23:17",
            "open": "19.237",
            "high": "19.237",
            "low": "19.237",
            "close": "19.1832"
        },
        {
            "time": "26.12.2020 23:22",
            "open": "19.1832",
            "high": "19.1832",
            "low": "19.1826",
            "close": "19.1935"
        },
        {
            "time": "26.12.2020 23:23",
            "open": "19.1935",
            "high": "19.1935",
            "low": "19.1934",
            "close": "19.1934"
        },
        {
            "time": "26.12.2020 23:24",
            "open": "19.1934",
            "high": "19.1934",
            "low": "19.1934",
            "close": "19.2006"
        },
        {
            "time": "26.12.2020 23:36",
            "open": "19.2006",
            "high": "19.2006",
            "low": "19.2006",
            "close": "19.1886"
        },
        {
            "time": "26.12.2020 23:45",
            "open": "19.1886",
            "high": "19.1886",
            "low": "19.1886",
            "close": "19.2081"
        },
        {
            "time": "26.12.2020 23:48",
            "open": "19.2081",
            "high": "19.2081",
            "low": "19.2081",
            "close": "19.1923"
        },
        {
            "time": "26.12.2020 23:51",
            "open": "19.1923",
            "high": "19.1923",
            "low": "19.1923",
            "close": "19.2127"
        }
    ]
}