{
    "FIL-EUR": [
        {
            "time": "29.08.2021 23:57",
            "open": "63.2655",
            "high": "63.2655",
            "low": "63.2655",
            "close": "63.2167"
        },
        {
            "time": "30.08.2021 00:09",
            "open": "63.2167",
            "high": "63.2168",
            "low": "63.2167",
            "close": "63.3635"
        },
        {
            "time": "30.08.2021 00:32",
            "open": "63.3635",
            "high": "63.3753",
            "low": "63.3635",
            "close": "63.2866"
        },
        {
            "time": "30.08.2021 00:37",
            "open": "63.2866",
            "high": "63.2866",
            "low": "63.2112",
            "close": "62.8919"
        },
        {
            "time": "30.08.2021 00:47",
            "open": "62.8919",
            "high": "62.8919",
            "low": "62.8416",
            "close": "62.8122"
        },
        {
            "time": "30.08.2021 00:48",
            "open": "62.8122",
            "high": "62.8122",
            "low": "62.8122",
            "close": "62.8905"
        },
        {
            "time": "30.08.2021 00:49",
            "open": "62.8905",
            "high": "62.8905",
            "low": "62.8905",
            "close": "62.8905"
        },
        {
            "time": "30.08.2021 00:53",
            "open": "62.8905",
            "high": "62.8905",
            "low": "62.8631",
            "close": "62.8903"
        },
        {
            "time": "30.08.2021 01:03",
            "open": "62.8903",
            "high": "62.8903",
            "low": "62.8903",
            "close": "62.8967"
        },
        {
            "time": "30.08.2021 01:06",
            "open": "62.8967",
            "high": "62.8967",
            "low": "62.8168",
            "close": "62.7554"
        },
        {
            "time": "30.08.2021 01:21",
            "open": "62.7554",
            "high": "62.7554",
            "low": "62.7554",
            "close": "62.6707"
        },
        {
            "time": "30.08.2021 01:43",
            "open": "62.6707",
            "high": "62.6707",
            "low": "62.6707",
            "close": "62.6481"
        },
        {
            "time": "30.08.2021 01:47",
            "open": "62.6481",
            "high": "62.6481",
            "low": "62.6481",
            "close": "62.4749"
        },
        {
            "time": "30.08.2021 02:02",
            "open": "62.4749",
            "high": "62.4749",
            "low": "62.4514",
            "close": "62.3603"
        },
        {
            "time": "30.08.2021 02:07",
            "open": "62.3603",
            "high": "62.3603",
            "low": "62.3603",
            "close": "62.479"
        },
        {
            "time": "30.08.2021 02:09",
            "open": "62.479",
            "high": "62.479",
            "low": "62.479",
            "close": "62.4308"
        },
        {
            "time": "30.08.2021 02:20",
            "open": "62.4308",
            "high": "62.4308",
            "low": "62.4308",
            "close": "62.1859"
        },
        {
            "time": "30.08.2021 02:31",
            "open": "62.1859",
            "high": "62.1859",
            "low": "62.1859",
            "close": "62.3366"
        },
        {
            "time": "30.08.2021 02:32",
            "open": "62.3366",
            "high": "62.3366",
            "low": "62.3366",
            "close": "62.3791"
        },
        {
            "time": "30.08.2021 02:57",
            "open": "62.3791",
            "high": "62.3955",
            "low": "62.3791",
            "close": "62.3341"
        },
        {
            "time": "30.08.2021 03:00",
            "open": "62.3341",
            "high": "62.3341",
            "low": "62.3341",
            "close": "62.5621"
        },
        {
            "time": "30.08.2021 03:06",
            "open": "62.5621",
            "high": "62.5621",
            "low": "62.5621",
            "close": "62.5685"
        },
        {
            "time": "30.08.2021 03:17",
            "open": "62.5685",
            "high": "62.5685",
            "low": "62.5685",
            "close": "62.7554"
        },
        {
            "time": "30.08.2021 03:31",
            "open": "62.7554",
            "high": "62.7554",
            "low": "62.7554",
            "close": "62.6226"
        },
        {
            "time": "30.08.2021 03:44",
            "open": "62.6226",
            "high": "62.6226",
            "low": "62.6226",
            "close": "62.4121"
        },
        {
            "time": "30.08.2021 04:02",
            "open": "62.4121",
            "high": "62.4121",
            "low": "62.4121",
            "close": "62.407"
        },
        {
            "time": "30.08.2021 04:21",
            "open": "62.407",
            "high": "62.407",
            "low": "62.4069",
            "close": "62.3523"
        },
        {
            "time": "30.08.2021 04:25",
            "open": "62.3523",
            "high": "62.3523",
            "low": "62.3523",
            "close": "62.4256"
        },
        {
            "time": "30.08.2021 04:44",
            "open": "62.4256",
            "high": "62.4256",
            "low": "62.4256",
            "close": "62.2924"
        },
        {
            "time": "30.08.2021 04:49",
            "open": "62.2924",
            "high": "62.2924",
            "low": "62.2924",
            "close": "62.3187"
        },
        {
            "time": "30.08.2021 04:55",
            "open": "62.3187",
            "high": "62.3187",
            "low": "62.3187",
            "close": "62.2655"
        },
        {
            "time": "30.08.2021 05:01",
            "open": "62.2655",
            "high": "62.2655",
            "low": "62.2655",
            "close": "62.3488"
        },
        {
            "time": "30.08.2021 05:06",
            "open": "62.3488",
            "high": "62.3488",
            "low": "62.3488",
            "close": "61.9686"
        },
        {
            "time": "30.08.2021 05:30",
            "open": "61.9686",
            "high": "62.0048",
            "low": "61.9686",
            "close": "62.0048"
        },
        {
            "time": "30.08.2021 06:07",
            "open": "62.0048",
            "high": "62.0048",
            "low": "62.0048",
            "close": "62.0106"
        },
        {
            "time": "30.08.2021 06:16",
            "open": "62.0106",
            "high": "62.0106",
            "low": "62.0106",
            "close": "61.7983"
        },
        {
            "time": "30.08.2021 06:26",
            "open": "61.7983",
            "high": "61.7983",
            "low": "61.7983",
            "close": "61.655"
        },
        {
            "time": "30.08.2021 06:33",
            "open": "61.655",
            "high": "61.655",
            "low": "61.655",
            "close": "61.6841"
        },
        {
            "time": "30.08.2021 06:35",
            "open": "61.6841",
            "high": "61.6841",
            "low": "61.6841",
            "close": "61.7115"
        },
        {
            "time": "30.08.2021 06:37",
            "open": "61.7115",
            "high": "61.7115",
            "low": "61.7115",
            "close": "61.6647"
        },
        {
            "time": "30.08.2021 06:41",
            "open": "61.6647",
            "high": "61.6647",
            "low": "61.6647",
            "close": "61.6272"
        },
        {
            "time": "30.08.2021 06:43",
            "open": "61.6272",
            "high": "61.6272",
            "low": "61.6272",
            "close": "61.7473"
        },
        {
            "time": "30.08.2021 06:49",
            "open": "61.7473",
            "high": "61.7473",
            "low": "61.7467",
            "close": "61.6898"
        },
        {
            "time": "30.08.2021 07:01",
            "open": "61.6898",
            "high": "61.6898",
            "low": "61.6898",
            "close": "61.7205"
        },
        {
            "time": "30.08.2021 07:32",
            "open": "61.7205",
            "high": "61.7205",
            "low": "61.7205",
            "close": "61.7815"
        },
        {
            "time": "30.08.2021 07:34",
            "open": "61.7815",
            "high": "61.7815",
            "low": "61.7815",
            "close": "61.7356"
        },
        {
            "time": "30.08.2021 07:36",
            "open": "61.7356",
            "high": "61.7621",
            "low": "61.7356",
            "close": "61.8386"
        },
        {
            "time": "30.08.2021 07:50",
            "open": "61.8386",
            "high": "61.8386",
            "low": "61.8386",
            "close": "61.9281"
        },
        {
            "time": "30.08.2021 07:52",
            "open": "61.9281",
            "high": "61.9281",
            "low": "61.9281",
            "close": "61.8835"
        },
        {
            "time": "30.08.2021 07:58",
            "open": "61.8835",
            "high": "61.8835",
            "low": "61.8835",
            "close": "61.7856"
        },
        {
            "time": "30.08.2021 08:08",
            "open": "61.7856",
            "high": "61.7856",
            "low": "61.7147",
            "close": "61.6915"
        },
        {
            "time": "30.08.2021 08:14",
            "open": "61.6915",
            "high": "61.6915",
            "low": "61.6915",
            "close": "61.7896"
        },
        {
            "time": "30.08.2021 08:23",
            "open": "61.7896",
            "high": "61.7896",
            "low": "61.752",
            "close": "61.7307"
        },
        {
            "time": "30.08.2021 08:24",
            "open": "61.7307",
            "high": "61.7307",
            "low": "61.7307",
            "close": "61.7179"
        },
        {
            "time": "30.08.2021 08:33",
            "open": "61.7179",
            "high": "61.7179",
            "low": "61.7179",
            "close": "62.0141"
        },
        {
            "time": "30.08.2021 08:36",
            "open": "62.0141",
            "high": "62.0141",
            "low": "61.9658",
            "close": "61.9031"
        },
        {
            "time": "30.08.2021 08:37",
            "open": "61.9031",
            "high": "61.9031",
            "low": "61.9031",
            "close": "61.9854"
        },
        {
            "time": "30.08.2021 08:38",
            "open": "61.9854",
            "high": "61.9854",
            "low": "61.9854",
            "close": "61.9138"
        },
        {
            "time": "30.08.2021 08:42",
            "open": "61.9138",
            "high": "61.9138",
            "low": "61.9138",
            "close": "61.9243"
        },
        {
            "time": "30.08.2021 08:46",
            "open": "61.9243",
            "high": "61.9243",
            "low": "61.9243",
            "close": "62.1187"
        },
        {
            "time": "30.08.2021 08:53",
            "open": "62.1187",
            "high": "62.1187",
            "low": "62.1187",
            "close": "62.0306"
        },
        {
            "time": "30.08.2021 08:59",
            "open": "62.0306",
            "high": "62.0306",
            "low": "62.0306",
            "close": "61.9864"
        },
        {
            "time": "30.08.2021 09:02",
            "open": "61.9864",
            "high": "61.9864",
            "low": "61.9864",
            "close": "61.9249"
        },
        {
            "time": "30.08.2021 09:05",
            "open": "61.9249",
            "high": "62.0027",
            "low": "61.9249",
            "close": "61.8685"
        },
        {
            "time": "30.08.2021 09:07",
            "open": "61.8685",
            "high": "61.8685",
            "low": "61.8684",
            "close": "61.9134"
        },
        {
            "time": "30.08.2021 09:08",
            "open": "61.9134",
            "high": "61.9134",
            "low": "61.9134",
            "close": "62.0164"
        },
        {
            "time": "30.08.2021 09:23",
            "open": "62.0164",
            "high": "62.0164",
            "low": "62.0164",
            "close": "62.0976"
        },
        {
            "time": "30.08.2021 09:24",
            "open": "62.0976",
            "high": "62.0976",
            "low": "62.0976",
            "close": "62.1547"
        },
        {
            "time": "30.08.2021 09:34",
            "open": "62.1547",
            "high": "62.1652",
            "low": "62.1547",
            "close": "62.096"
        },
        {
            "time": "30.08.2021 09:35",
            "open": "62.096",
            "high": "62.1186",
            "low": "62.0582",
            "close": "62.1356"
        },
        {
            "time": "30.08.2021 09:39",
            "open": "62.1356",
            "high": "62.1443",
            "low": "62.1356",
            "close": "62.2127"
        },
        {
            "time": "30.08.2021 09:42",
            "open": "62.2127",
            "high": "62.2127",
            "low": "62.1523",
            "close": "62.055"
        },
        {
            "time": "30.08.2021 09:46",
            "open": "62.055",
            "high": "62.055",
            "low": "62.055",
            "close": "62.1386"
        },
        {
            "time": "30.08.2021 09:55",
            "open": "62.1386",
            "high": "62.1386",
            "low": "62.1386",
            "close": "62.0803"
        },
        {
            "time": "30.08.2021 09:57",
            "open": "62.0803",
            "high": "62.1088",
            "low": "62.0803",
            "close": "62.0565"
        },
        {
            "time": "30.08.2021 10:02",
            "open": "62.0565",
            "high": "62.0565",
            "low": "62.0529",
            "close": "62.1"
        },
        {
            "time": "30.08.2021 10:04",
            "open": "62.1",
            "high": "62.1204",
            "low": "62.1",
            "close": "62"
        },
        {
            "time": "30.08.2021 10:16",
            "open": "62",
            "high": "62",
            "low": "62",
            "close": "62.0524"
        },
        {
            "time": "30.08.2021 10:19",
            "open": "62.0524",
            "high": "62.0524",
            "low": "62.0524",
            "close": "62.1771"
        },
        {
            "time": "30.08.2021 10:24",
            "open": "62.1771",
            "high": "62.1771",
            "low": "62.1704",
            "close": "62.4026"
        },
        {
            "time": "30.08.2021 10:41",
            "open": "62.4026",
            "high": "62.4026",
            "low": "62.308",
            "close": "62.4482"
        },
        {
            "time": "30.08.2021 10:44",
            "open": "62.4482",
            "high": "62.4482",
            "low": "62.4482",
            "close": "62.4665"
        },
        {
            "time": "30.08.2021 10:47",
            "open": "62.4665",
            "high": "62.4665",
            "low": "62.4665",
            "close": "62.4585"
        },
        {
            "time": "30.08.2021 10:48",
            "open": "62.4585",
            "high": "62.4585",
            "low": "62.4585",
            "close": "62.2837"
        },
        {
            "time": "30.08.2021 11:02",
            "open": "62.2837",
            "high": "62.2837",
            "low": "62.2837",
            "close": "62.2158"
        },
        {
            "time": "30.08.2021 11:06",
            "open": "62.2158",
            "high": "62.2158",
            "low": "62.2158",
            "close": "62.1971"
        },
        {
            "time": "30.08.2021 11:10",
            "open": "62.1971",
            "high": "62.1971",
            "low": "62.1971",
            "close": "62.2284"
        },
        {
            "time": "30.08.2021 11:13",
            "open": "62.2284",
            "high": "62.2284",
            "low": "62.2284",
            "close": "62.2284"
        },
        {
            "time": "30.08.2021 11:14",
            "open": "62.2284",
            "high": "62.2284",
            "low": "62.2284",
            "close": "62.2219"
        },
        {
            "time": "30.08.2021 11:15",
            "open": "62.2219",
            "high": "62.2219",
            "low": "62.2219",
            "close": "62.2316"
        },
        {
            "time": "30.08.2021 11:24",
            "open": "62.2316",
            "high": "62.2316",
            "low": "62.2316",
            "close": "62.2726"
        },
        {
            "time": "30.08.2021 11:28",
            "open": "62.2726",
            "high": "62.2726",
            "low": "62.2726",
            "close": "62.2713"
        },
        {
            "time": "30.08.2021 11:33",
            "open": "62.2713",
            "high": "62.2713",
            "low": "62.2713",
            "close": "62.1187"
        },
        {
            "time": "30.08.2021 11:45",
            "open": "62.1187",
            "high": "62.1187",
            "low": "62.1187",
            "close": "62.0382"
        },
        {
            "time": "30.08.2021 11:49",
            "open": "62.0382",
            "high": "62.0382",
            "low": "62.0382",
            "close": "62.0412"
        },
        {
            "time": "30.08.2021 11:56",
            "open": "62.0412",
            "high": "62.0412",
            "low": "62.0412",
            "close": "62.0214"
        },
        {
            "time": "30.08.2021 12:08",
            "open": "62.0214",
            "high": "62.0218",
            "low": "62.0214",
            "close": "62.0713"
        },
        {
            "time": "30.08.2021 12:24",
            "open": "62.0713",
            "high": "62.0713",
            "low": "62.0713",
            "close": "61.9846"
        },
        {
            "time": "30.08.2021 12:27",
            "open": "61.9846",
            "high": "61.9846",
            "low": "61.9526",
            "close": "61.979"
        },
        {
            "time": "30.08.2021 12:34",
            "open": "61.979",
            "high": "61.9863",
            "low": "61.979",
            "close": "61.9459"
        },
        {
            "time": "30.08.2021 12:37",
            "open": "61.9459",
            "high": "61.9459",
            "low": "61.9423",
            "close": "62.1336"
        },
        {
            "time": "30.08.2021 12:45",
            "open": "62.1336",
            "high": "62.1336",
            "low": "61.9925",
            "close": "62.2378"
        },
        {
            "time": "30.08.2021 12:52",
            "open": "62.2378",
            "high": "62.2378",
            "low": "62.2378",
            "close": "62.2158"
        },
        {
            "time": "30.08.2021 12:55",
            "open": "62.2158",
            "high": "62.2158",
            "low": "62.2158",
            "close": "62.273"
        },
        {
            "time": "30.08.2021 12:57",
            "open": "62.273",
            "high": "62.273",
            "low": "62.273",
            "close": "62.2349"
        },
        {
            "time": "30.08.2021 13:03",
            "open": "62.2349",
            "high": "62.2349",
            "low": "62.2349",
            "close": "61.9925"
        },
        {
            "time": "30.08.2021 13:27",
            "open": "61.9925",
            "high": "61.9925",
            "low": "61.9925",
            "close": "61.7519"
        },
        {
            "time": "30.08.2021 13:36",
            "open": "61.7519",
            "high": "61.7519",
            "low": "61.7519",
            "close": "61.8741"
        },
        {
            "time": "30.08.2021 13:48",
            "open": "61.8741",
            "high": "61.8741",
            "low": "61.8741",
            "close": "61.8899"
        },
        {
            "time": "30.08.2021 13:49",
            "open": "61.8899",
            "high": "61.8899",
            "low": "61.8899",
            "close": "61.7007"
        },
        {
            "time": "30.08.2021 13:56",
            "open": "61.7007",
            "high": "61.7007",
            "low": "61.7007",
            "close": "61.7"
        },
        {
            "time": "30.08.2021 14:03",
            "open": "61.7",
            "high": "61.7",
            "low": "61.7",
            "close": "61.7"
        },
        {
            "time": "30.08.2021 14:04",
            "open": "61.7",
            "high": "61.7",
            "low": "61.7",
            "close": "61.6092"
        },
        {
            "time": "30.08.2021 14:05",
            "open": "61.6092",
            "high": "61.6092",
            "low": "61.6058",
            "close": "61.6537"
        },
        {
            "time": "30.08.2021 14:08",
            "open": "61.6537",
            "high": "61.6537",
            "low": "61.6537",
            "close": "61.5488"
        },
        {
            "time": "30.08.2021 14:15",
            "open": "61.5488",
            "high": "61.5488",
            "low": "61.5488",
            "close": "61.4224"
        },
        {
            "time": "30.08.2021 14:22",
            "open": "61.4224",
            "high": "61.4224",
            "low": "61.4224",
            "close": "61.383"
        },
        {
            "time": "30.08.2021 14:23",
            "open": "61.383",
            "high": "61.383",
            "low": "61.383",
            "close": "61.2631"
        },
        {
            "time": "30.08.2021 14:24",
            "open": "61.2631",
            "high": "61.2631",
            "low": "61.2631",
            "close": "61.1684"
        },
        {
            "time": "30.08.2021 14:27",
            "open": "61.1684",
            "high": "61.1684",
            "low": "61.1684",
            "close": "61.0924"
        },
        {
            "time": "30.08.2021 14:28",
            "open": "61.0924",
            "high": "61.1575",
            "low": "61.0924",
            "close": "61.3322"
        },
        {
            "time": "30.08.2021 14:34",
            "open": "61.3322",
            "high": "61.3322",
            "low": "61.3322",
            "close": "61.2283"
        },
        {
            "time": "30.08.2021 14:41",
            "open": "61.2283",
            "high": "61.2283",
            "low": "61.2283",
            "close": "61.1689"
        },
        {
            "time": "30.08.2021 14:42",
            "open": "61.1689",
            "high": "61.1689",
            "low": "61.1689",
            "close": "61.2829"
        },
        {
            "time": "30.08.2021 14:52",
            "open": "61.2829",
            "high": "61.2829",
            "low": "61.2829",
            "close": "61.2999"
        },
        {
            "time": "30.08.2021 14:56",
            "open": "61.2999",
            "high": "61.2999",
            "low": "61.2997",
            "close": "61.196"
        },
        {
            "time": "30.08.2021 15:07",
            "open": "61.196",
            "high": "61.196",
            "low": "61.196",
            "close": "61.0903"
        },
        {
            "time": "30.08.2021 15:14",
            "open": "61.0903",
            "high": "61.0903",
            "low": "61.0903",
            "close": "61.1209"
        },
        {
            "time": "30.08.2021 15:15",
            "open": "61.1209",
            "high": "61.121",
            "low": "61.1209",
            "close": "61.1711"
        },
        {
            "time": "30.08.2021 15:16",
            "open": "61.1711",
            "high": "61.1711",
            "low": "61.1709",
            "close": "61.1325"
        },
        {
            "time": "30.08.2021 15:18",
            "open": "61.1325",
            "high": "61.1325",
            "low": "61.1325",
            "close": "61.2721"
        },
        {
            "time": "30.08.2021 15:21",
            "open": "61.2721",
            "high": "61.2721",
            "low": "61.2721",
            "close": "61.2929"
        },
        {
            "time": "30.08.2021 15:27",
            "open": "61.2929",
            "high": "61.2929",
            "low": "61.2223",
            "close": "60.8784"
        },
        {
            "time": "30.08.2021 15:34",
            "open": "60.8784",
            "high": "60.8784",
            "low": "60.8784",
            "close": "60.9987"
        },
        {
            "time": "30.08.2021 15:35",
            "open": "60.9987",
            "high": "61.0095",
            "low": "60.9987",
            "close": "61.1671"
        },
        {
            "time": "30.08.2021 15:36",
            "open": "61.1671",
            "high": "61.1806",
            "low": "61.1671",
            "close": "61.1432"
        },
        {
            "time": "30.08.2021 15:37",
            "open": "61.1432",
            "high": "61.1432",
            "low": "61.0163",
            "close": "61.1134"
        },
        {
            "time": "30.08.2021 15:40",
            "open": "61.1134",
            "high": "61.1134",
            "low": "61.0683",
            "close": "61.053"
        },
        {
            "time": "30.08.2021 15:41",
            "open": "61.053",
            "high": "61.053",
            "low": "60.8784",
            "close": "60.8633"
        },
        {
            "time": "30.08.2021 15:42",
            "open": "60.8633",
            "high": "60.8782",
            "low": "60.8467",
            "close": "61.0215"
        },
        {
            "time": "30.08.2021 15:47",
            "open": "61.0215",
            "high": "61.0215",
            "low": "61.0215",
            "close": "60.9631"
        },
        {
            "time": "30.08.2021 15:48",
            "open": "60.9631",
            "high": "60.9631",
            "low": "60.9631",
            "close": "61.0584"
        },
        {
            "time": "30.08.2021 15:50",
            "open": "61.0584",
            "high": "61.0584",
            "low": "61.0584",
            "close": "61.1217"
        },
        {
            "time": "30.08.2021 15:54",
            "open": "61.1217",
            "high": "61.1242",
            "low": "61.1217",
            "close": "61.089"
        },
        {
            "time": "30.08.2021 15:55",
            "open": "61.089",
            "high": "61.089",
            "low": "61.089",
            "close": "61.1157"
        },
        {
            "time": "30.08.2021 15:56",
            "open": "61.1157",
            "high": "61.1194",
            "low": "61.1157",
            "close": "61.0213"
        },
        {
            "time": "30.08.2021 15:57",
            "open": "61.0213",
            "high": "61.0213",
            "low": "61.0213",
            "close": "61.1821"
        },
        {
            "time": "30.08.2021 16:00",
            "open": "61.1821",
            "high": "61.1821",
            "low": "61.1609",
            "close": "61.3469"
        },
        {
            "time": "30.08.2021 16:03",
            "open": "61.3469",
            "high": "61.3469",
            "low": "61.3469",
            "close": "61.3181"
        },
        {
            "time": "30.08.2021 16:11",
            "open": "61.3181",
            "high": "61.3181",
            "low": "61.3181",
            "close": "61.29"
        },
        {
            "time": "30.08.2021 16:13",
            "open": "61.29",
            "high": "61.29",
            "low": "61.2318",
            "close": "61.2986"
        },
        {
            "time": "30.08.2021 16:15",
            "open": "61.2986",
            "high": "61.2986",
            "low": "61.2986",
            "close": "61.298"
        },
        {
            "time": "30.08.2021 16:18",
            "open": "61.298",
            "high": "61.3137",
            "low": "61.2924",
            "close": "61.3959"
        },
        {
            "time": "30.08.2021 16:19",
            "open": "61.3959",
            "high": "61.3959",
            "low": "61.3959",
            "close": "61.4289"
        },
        {
            "time": "30.08.2021 16:25",
            "open": "61.4289",
            "high": "61.4362",
            "low": "61.4289",
            "close": "61.4159"
        },
        {
            "time": "30.08.2021 16:26",
            "open": "61.4159",
            "high": "61.4159",
            "low": "61.4159",
            "close": "61.4159"
        },
        {
            "time": "30.08.2021 16:27",
            "open": "61.4159",
            "high": "61.4159",
            "low": "61.4159",
            "close": "61.3697"
        },
        {
            "time": "30.08.2021 16:32",
            "open": "61.3697",
            "high": "61.3697",
            "low": "61.3696",
            "close": "61.3314"
        },
        {
            "time": "30.08.2021 16:33",
            "open": "61.3314",
            "high": "61.3314",
            "low": "61.3314",
            "close": "61.3978"
        },
        {
            "time": "30.08.2021 16:35",
            "open": "61.3978",
            "high": "61.3978",
            "low": "61.3978",
            "close": "61.3315"
        },
        {
            "time": "30.08.2021 16:37",
            "open": "61.3315",
            "high": "61.3315",
            "low": "61.3315",
            "close": "61.2604"
        },
        {
            "time": "30.08.2021 16:42",
            "open": "61.2604",
            "high": "61.2604",
            "low": "61.2604",
            "close": "61.2836"
        },
        {
            "time": "30.08.2021 16:43",
            "open": "61.2836",
            "high": "61.2836",
            "low": "61.2836",
            "close": "61.2207"
        },
        {
            "time": "30.08.2021 16:44",
            "open": "61.2207",
            "high": "61.2207",
            "low": "61.2207",
            "close": "61.3"
        },
        {
            "time": "30.08.2021 16:49",
            "open": "61.3",
            "high": "61.3",
            "low": "61.3",
            "close": "61.2961"
        },
        {
            "time": "30.08.2021 16:50",
            "open": "61.2961",
            "high": "61.2961",
            "low": "61.2418",
            "close": "61.2093"
        },
        {
            "time": "30.08.2021 16:51",
            "open": "61.2093",
            "high": "61.2101",
            "low": "61.2093",
            "close": "61.1818"
        },
        {
            "time": "30.08.2021 16:53",
            "open": "61.1818",
            "high": "61.1923",
            "low": "61.1173",
            "close": "61.1759"
        },
        {
            "time": "30.08.2021 16:55",
            "open": "61.1759",
            "high": "61.1759",
            "low": "61.1759",
            "close": "61.1865"
        },
        {
            "time": "30.08.2021 17:01",
            "open": "61.1865",
            "high": "61.1865",
            "low": "61.1865",
            "close": "61.2946"
        },
        {
            "time": "30.08.2021 17:07",
            "open": "61.2946",
            "high": "61.2946",
            "low": "61.2946",
            "close": "61.18"
        },
        {
            "time": "30.08.2021 17:09",
            "open": "61.18",
            "high": "61.18",
            "low": "61.18",
            "close": "61.0765"
        },
        {
            "time": "30.08.2021 17:12",
            "open": "61.0765",
            "high": "61.0765",
            "low": "61.0765",
            "close": "61.1114"
        },
        {
            "time": "30.08.2021 17:14",
            "open": "61.1114",
            "high": "61.1141",
            "low": "61.0667",
            "close": "61.0823"
        },
        {
            "time": "30.08.2021 17:21",
            "open": "61.0823",
            "high": "61.0823",
            "low": "61.0823",
            "close": "61.0189"
        },
        {
            "time": "30.08.2021 17:23",
            "open": "61.0189",
            "high": "61.0284",
            "low": "61.0189",
            "close": "61.0284"
        },
        {
            "time": "30.08.2021 17:28",
            "open": "61.0284",
            "high": "61.0284",
            "low": "61.0284",
            "close": "61.1245"
        },
        {
            "time": "30.08.2021 17:29",
            "open": "61.1245",
            "high": "61.1245",
            "low": "61.1245",
            "close": "61.2601"
        },
        {
            "time": "30.08.2021 17:31",
            "open": "61.2601",
            "high": "61.2602",
            "low": "61.2195",
            "close": "61.4586"
        },
        {
            "time": "30.08.2021 17:36",
            "open": "61.4586",
            "high": "61.4586",
            "low": "61.4586",
            "close": "61.3867"
        },
        {
            "time": "30.08.2021 17:45",
            "open": "61.3867",
            "high": "61.3867",
            "low": "61.3867",
            "close": "61.522"
        },
        {
            "time": "30.08.2021 18:00",
            "open": "61.522",
            "high": "61.546",
            "low": "61.522",
            "close": "61.3867"
        },
        {
            "time": "30.08.2021 18:01",
            "open": "61.3867",
            "high": "61.3867",
            "low": "61.3867",
            "close": "61.3765"
        },
        {
            "time": "30.08.2021 18:02",
            "open": "61.3765",
            "high": "61.3765",
            "low": "61.3765",
            "close": "61.2576"
        },
        {
            "time": "30.08.2021 18:03",
            "open": "61.2576",
            "high": "61.2576",
            "low": "61.2576",
            "close": "61.4461"
        },
        {
            "time": "30.08.2021 18:11",
            "open": "61.4461",
            "high": "61.4461",
            "low": "61.4461",
            "close": "61.4643"
        },
        {
            "time": "30.08.2021 18:12",
            "open": "61.4643",
            "high": "61.5498",
            "low": "61.4643",
            "close": "61.5997"
        },
        {
            "time": "30.08.2021 18:14",
            "open": "61.5997",
            "high": "61.5997",
            "low": "61.5997",
            "close": "61.6287"
        },
        {
            "time": "30.08.2021 18:16",
            "open": "61.6287",
            "high": "61.7971",
            "low": "61.6287",
            "close": "61.7691"
        },
        {
            "time": "30.08.2021 18:17",
            "open": "61.7691",
            "high": "61.7691",
            "low": "61.6549",
            "close": "61.6837"
        },
        {
            "time": "30.08.2021 18:18",
            "open": "61.6837",
            "high": "61.6837",
            "low": "61.6274",
            "close": "61.6182"
        },
        {
            "time": "30.08.2021 18:19",
            "open": "61.6182",
            "high": "61.6279",
            "low": "61.6069",
            "close": "61.7999"
        },
        {
            "time": "30.08.2021 18:29",
            "open": "61.7999",
            "high": "61.8249",
            "low": "61.7999",
            "close": "61.6597"
        },
        {
            "time": "30.08.2021 18:32",
            "open": "61.6597",
            "high": "61.673",
            "low": "61.6597",
            "close": "61.7333"
        },
        {
            "time": "30.08.2021 18:33",
            "open": "61.7333",
            "high": "61.7333",
            "low": "61.7091",
            "close": "61.7883"
        },
        {
            "time": "30.08.2021 18:34",
            "open": "61.7883",
            "high": "61.7883",
            "low": "61.7436",
            "close": "61.7045"
        },
        {
            "time": "30.08.2021 18:36",
            "open": "61.7045",
            "high": "61.7265",
            "low": "61.7045",
            "close": "61.671"
        },
        {
            "time": "30.08.2021 18:38",
            "open": "61.671",
            "high": "61.671",
            "low": "61.6709",
            "close": "61.7872"
        },
        {
            "time": "30.08.2021 18:42",
            "open": "61.7872",
            "high": "61.7872",
            "low": "61.7872",
            "close": "61.8277"
        },
        {
            "time": "30.08.2021 18:43",
            "open": "61.8277",
            "high": "61.8277",
            "low": "61.8277",
            "close": "61.8742"
        },
        {
            "time": "30.08.2021 18:47",
            "open": "61.8742",
            "high": "61.8742",
            "low": "61.8742",
            "close": "61.8742"
        },
        {
            "time": "30.08.2021 18:49",
            "open": "61.8742",
            "high": "61.8742",
            "low": "61.8742",
            "close": "61.9378"
        },
        {
            "time": "30.08.2021 18:52",
            "open": "61.9378",
            "high": "61.9379",
            "low": "61.9378",
            "close": "61.99"
        },
        {
            "time": "30.08.2021 18:54",
            "open": "61.99",
            "high": "61.99",
            "low": "61.99",
            "close": "61.9494"
        },
        {
            "time": "30.08.2021 18:56",
            "open": "61.9494",
            "high": "61.9494",
            "low": "61.9494",
            "close": "61.7906"
        },
        {
            "time": "30.08.2021 19:04",
            "open": "61.7906",
            "high": "61.7906",
            "low": "61.7906",
            "close": "61.7906"
        },
        {
            "time": "30.08.2021 19:05",
            "open": "61.7906",
            "high": "61.8",
            "low": "61.7906",
            "close": "61.8589"
        },
        {
            "time": "30.08.2021 19:06",
            "open": "61.8589",
            "high": "61.8589",
            "low": "61.8589",
            "close": "61.713"
        },
        {
            "time": "30.08.2021 19:09",
            "open": "61.713",
            "high": "61.713",
            "low": "61.7053",
            "close": "61.7163"
        },
        {
            "time": "30.08.2021 19:13",
            "open": "61.7163",
            "high": "61.7163",
            "low": "61.7163",
            "close": "61.7776"
        },
        {
            "time": "30.08.2021 19:20",
            "open": "61.7776",
            "high": "61.7776",
            "low": "61.7776",
            "close": "61.7018"
        },
        {
            "time": "30.08.2021 19:23",
            "open": "61.7018",
            "high": "61.7655",
            "low": "61.7018",
            "close": "61.6218"
        },
        {
            "time": "30.08.2021 19:25",
            "open": "61.6218",
            "high": "61.7344",
            "low": "61.6218",
            "close": "61.7413"
        },
        {
            "time": "30.08.2021 19:43",
            "open": "61.7413",
            "high": "61.7413",
            "low": "61.7413",
            "close": "61.7333"
        },
        {
            "time": "30.08.2021 19:44",
            "open": "61.7333",
            "high": "61.7333",
            "low": "61.7333",
            "close": "61.6628"
        },
        {
            "time": "30.08.2021 19:45",
            "open": "61.6628",
            "high": "61.6628",
            "low": "61.6628",
            "close": "61.7385"
        },
        {
            "time": "30.08.2021 19:47",
            "open": "61.7385",
            "high": "61.7385",
            "low": "61.7385",
            "close": "61.7914"
        },
        {
            "time": "30.08.2021 19:48",
            "open": "61.7914",
            "high": "61.7914",
            "low": "61.7914",
            "close": "61.8286"
        },
        {
            "time": "30.08.2021 19:52",
            "open": "61.8286",
            "high": "61.8286",
            "low": "61.8286",
            "close": "61.907"
        },
        {
            "time": "30.08.2021 19:58",
            "open": "61.907",
            "high": "61.907",
            "low": "61.907",
            "close": "61.9803"
        },
        {
            "time": "30.08.2021 20:00",
            "open": "61.9803",
            "high": "61.9803",
            "low": "61.9803",
            "close": "61.9433"
        },
        {
            "time": "30.08.2021 20:05",
            "open": "61.9433",
            "high": "61.9433",
            "low": "61.9433",
            "close": "61.9829"
        },
        {
            "time": "30.08.2021 20:09",
            "open": "61.9829",
            "high": "61.9829",
            "low": "61.9829",
            "close": "62.0044"
        },
        {
            "time": "30.08.2021 20:14",
            "open": "62.0044",
            "high": "62.0044",
            "low": "62.0044",
            "close": "61.8908"
        },
        {
            "time": "30.08.2021 20:20",
            "open": "61.8908",
            "high": "61.8908",
            "low": "61.8908",
            "close": "61.9431"
        },
        {
            "time": "30.08.2021 20:29",
            "open": "61.9431",
            "high": "61.9431",
            "low": "61.9431",
            "close": "61.9137"
        },
        {
            "time": "30.08.2021 20:32",
            "open": "61.9137",
            "high": "61.9138",
            "low": "61.9137",
            "close": "61.8923"
        },
        {
            "time": "30.08.2021 20:34",
            "open": "61.8923",
            "high": "61.9404",
            "low": "61.8923",
            "close": "62"
        },
        {
            "time": "30.08.2021 20:49",
            "open": "62",
            "high": "62",
            "low": "62",
            "close": "62.0598"
        },
        {
            "time": "30.08.2021 20:51",
            "open": "62.0598",
            "high": "62.0598",
            "low": "62.0598",
            "close": "62.1115"
        },
        {
            "time": "30.08.2021 20:54",
            "open": "62.1115",
            "high": "62.1115",
            "low": "62.1115",
            "close": "62.1031"
        },
        {
            "time": "30.08.2021 21:04",
            "open": "62.1031",
            "high": "62.2212",
            "low": "62.1031",
            "close": "61.9765"
        },
        {
            "time": "30.08.2021 21:05",
            "open": "61.9765",
            "high": "61.9765",
            "low": "61.9765",
            "close": "61.9399"
        },
        {
            "time": "30.08.2021 21:10",
            "open": "61.9399",
            "high": "61.9399",
            "low": "61.9399",
            "close": "61.8468"
        },
        {
            "time": "30.08.2021 21:14",
            "open": "61.8468",
            "high": "61.8468",
            "low": "61.8468",
            "close": "61.812"
        },
        {
            "time": "30.08.2021 21:16",
            "open": "61.812",
            "high": "61.812",
            "low": "61.812",
            "close": "61.7597"
        },
        {
            "time": "30.08.2021 21:17",
            "open": "61.7597",
            "high": "61.7597",
            "low": "61.7597",
            "close": "61.7975"
        },
        {
            "time": "30.08.2021 21:21",
            "open": "61.7975",
            "high": "61.7975",
            "low": "61.7776",
            "close": "61.9003"
        },
        {
            "time": "30.08.2021 21:23",
            "open": "61.9003",
            "high": "61.9003",
            "low": "61.9003",
            "close": "61.8554"
        },
        {
            "time": "30.08.2021 21:24",
            "open": "61.8554",
            "high": "61.8554",
            "low": "61.8554",
            "close": "61.8912"
        },
        {
            "time": "30.08.2021 21:26",
            "open": "61.8912",
            "high": "61.8912",
            "low": "61.8912",
            "close": "61.9576"
        },
        {
            "time": "30.08.2021 21:31",
            "open": "61.9576",
            "high": "61.9576",
            "low": "61.9574",
            "close": "61.9718"
        },
        {
            "time": "30.08.2021 21:33",
            "open": "61.9718",
            "high": "61.9718",
            "low": "61.9718",
            "close": "61.9511"
        },
        {
            "time": "30.08.2021 21:37",
            "open": "61.9511",
            "high": "61.9511",
            "low": "61.9511",
            "close": "62.0131"
        },
        {
            "time": "30.08.2021 21:40",
            "open": "62.0131",
            "high": "62.0131",
            "low": "62.0131",
            "close": "61.9956"
        },
        {
            "time": "30.08.2021 21:41",
            "open": "61.9956",
            "high": "61.9956",
            "low": "61.9956",
            "close": "62.0248"
        },
        {
            "time": "30.08.2021 21:44",
            "open": "62.0248",
            "high": "62.0932",
            "low": "62.0017",
            "close": "62.0593"
        },
        {
            "time": "30.08.2021 21:45",
            "open": "62.0593",
            "high": "62.0705",
            "low": "62.0084",
            "close": "62.1309"
        },
        {
            "time": "30.08.2021 21:47",
            "open": "62.1309",
            "high": "62.1309",
            "low": "62.1046",
            "close": "62.1427"
        },
        {
            "time": "30.08.2021 21:48",
            "open": "62.1427",
            "high": "62.1427",
            "low": "62.1427",
            "close": "62.2402"
        },
        {
            "time": "30.08.2021 21:50",
            "open": "62.2402",
            "high": "62.2402",
            "low": "62.2402",
            "close": "62.1156"
        },
        {
            "time": "30.08.2021 21:51",
            "open": "62.1156",
            "high": "62.1789",
            "low": "62.103",
            "close": "62.1144"
        },
        {
            "time": "30.08.2021 21:52",
            "open": "62.1144",
            "high": "62.1431",
            "low": "62.0749",
            "close": "62.0648"
        },
        {
            "time": "30.08.2021 21:53",
            "open": "62.0648",
            "high": "62.0703",
            "low": "62.0648",
            "close": "62.1193"
        },
        {
            "time": "30.08.2021 21:58",
            "open": "62.1193",
            "high": "62.1316",
            "low": "62.1193",
            "close": "62.0788"
        },
        {
            "time": "30.08.2021 21:59",
            "open": "62.0788",
            "high": "62.0788",
            "low": "62.0788",
            "close": "62.215"
        },
        {
            "time": "30.08.2021 22:01",
            "open": "62.215",
            "high": "62.215",
            "low": "62.215",
            "close": "62.18"
        },
        {
            "time": "30.08.2021 22:03",
            "open": "62.18",
            "high": "62.18",
            "low": "62.18",
            "close": "62.0952"
        },
        {
            "time": "30.08.2021 22:06",
            "open": "62.0952",
            "high": "62.0952",
            "low": "62.0859",
            "close": "62.1501"
        },
        {
            "time": "30.08.2021 22:07",
            "open": "62.1501",
            "high": "62.1501",
            "low": "62.1501",
            "close": "62.2773"
        },
        {
            "time": "30.08.2021 22:12",
            "open": "62.2773",
            "high": "62.2841",
            "low": "62.2773",
            "close": "62.1965"
        },
        {
            "time": "30.08.2021 22:18",
            "open": "62.1965",
            "high": "62.1965",
            "low": "62.1964",
            "close": "62.3722"
        },
        {
            "time": "30.08.2021 22:51",
            "open": "62.3722",
            "high": "62.3724",
            "low": "62.3722",
            "close": "62.3462"
        },
        {
            "time": "30.08.2021 22:52",
            "open": "62.3462",
            "high": "62.3462",
            "low": "62.3382",
            "close": "62.3674"
        },
        {
            "time": "30.08.2021 22:53",
            "open": "62.3674",
            "high": "62.3674",
            "low": "62.3674",
            "close": "62.31"
        },
        {
            "time": "30.08.2021 22:55",
            "open": "62.31",
            "high": "62.31",
            "low": "62.3022",
            "close": "62.4115"
        },
        {
            "time": "30.08.2021 22:59",
            "open": "62.4115",
            "high": "62.4115",
            "low": "62.3625",
            "close": "62.0637"
        },
        {
            "time": "30.08.2021 23:08",
            "open": "62.0637",
            "high": "62.0637",
            "low": "62.0637",
            "close": "62.0322"
        },
        {
            "time": "30.08.2021 23:11",
            "open": "62.0322",
            "high": "62.0322",
            "low": "61.9729",
            "close": "62.0388"
        },
        {
            "time": "30.08.2021 23:13",
            "open": "62.0388",
            "high": "62.0388",
            "low": "62.0247",
            "close": "62.1543"
        },
        {
            "time": "30.08.2021 23:17",
            "open": "62.1543",
            "high": "62.1543",
            "low": "62.1543",
            "close": "62.0839"
        },
        {
            "time": "30.08.2021 23:18",
            "open": "62.0839",
            "high": "62.11",
            "low": "62.063",
            "close": "61.7523"
        },
        {
            "time": "30.08.2021 23:25",
            "open": "61.7523",
            "high": "61.7523",
            "low": "61.7523",
            "close": "61.7523"
        },
        {
            "time": "30.08.2021 23:31",
            "open": "61.7523",
            "high": "61.7523",
            "low": "61.7523",
            "close": "61.832"
        },
        {
            "time": "30.08.2021 23:34",
            "open": "61.832",
            "high": "61.8469",
            "low": "61.832",
            "close": "61.9147"
        },
        {
            "time": "30.08.2021 23:40",
            "open": "61.9147",
            "high": "61.9147",
            "low": "61.9147",
            "close": "61.9478"
        },
        {
            "time": "30.08.2021 23:46",
            "open": "61.9478",
            "high": "61.9534",
            "low": "61.9478",
            "close": "61.956"
        }
    ]
}