{
    "UMA-EUR": [
        {
            "time": "20.01.2021 23:53",
            "open": "9.266",
            "high": "9.267",
            "low": "9.266",
            "close": "9.284"
        },
        {
            "time": "21.01.2021 00:03",
            "open": "9.284",
            "high": "9.303",
            "low": "9.284",
            "close": "9.3"
        },
        {
            "time": "21.01.2021 00:04",
            "open": "9.3",
            "high": "9.3",
            "low": "9.3",
            "close": "9.3"
        },
        {
            "time": "21.01.2021 00:05",
            "open": "9.3",
            "high": "9.3",
            "low": "9.3",
            "close": "9.267"
        },
        {
            "time": "21.01.2021 00:08",
            "open": "9.267",
            "high": "9.267",
            "low": "9.267",
            "close": "9.27"
        },
        {
            "time": "21.01.2021 00:12",
            "open": "9.27",
            "high": "9.27",
            "low": "9.27",
            "close": "9.27"
        },
        {
            "time": "21.01.2021 00:15",
            "open": "9.27",
            "high": "9.27",
            "low": "9.27",
            "close": "9.304"
        },
        {
            "time": "21.01.2021 00:19",
            "open": "9.304",
            "high": "9.304",
            "low": "9.304",
            "close": "9.308"
        },
        {
            "time": "21.01.2021 00:28",
            "open": "9.308",
            "high": "9.335",
            "low": "9.308",
            "close": "9.34"
        },
        {
            "time": "21.01.2021 00:33",
            "open": "9.34",
            "high": "9.392",
            "low": "9.34",
            "close": "9.352"
        },
        {
            "time": "21.01.2021 00:40",
            "open": "9.352",
            "high": "9.352",
            "low": "9.352",
            "close": "9.393"
        },
        {
            "time": "21.01.2021 00:41",
            "open": "9.393",
            "high": "9.393",
            "low": "9.393",
            "close": "9.402"
        },
        {
            "time": "21.01.2021 00:43",
            "open": "9.402",
            "high": "9.402",
            "low": "9.402",
            "close": "9.353"
        },
        {
            "time": "21.01.2021 00:44",
            "open": "9.353",
            "high": "9.353",
            "low": "9.353",
            "close": "9.401"
        },
        {
            "time": "21.01.2021 00:48",
            "open": "9.401",
            "high": "9.401",
            "low": "9.401",
            "close": "9.388"
        },
        {
            "time": "21.01.2021 00:49",
            "open": "9.388",
            "high": "9.388",
            "low": "9.388",
            "close": "9.401"
        },
        {
            "time": "21.01.2021 00:56",
            "open": "9.401",
            "high": "9.401",
            "low": "9.401",
            "close": "9.33"
        },
        {
            "time": "21.01.2021 00:58",
            "open": "9.33",
            "high": "9.33",
            "low": "9.292",
            "close": "9.373"
        },
        {
            "time": "21.01.2021 00:59",
            "open": "9.373",
            "high": "9.373",
            "low": "9.373",
            "close": "9.427"
        },
        {
            "time": "21.01.2021 01:08",
            "open": "9.427",
            "high": "9.427",
            "low": "9.427",
            "close": "9.427"
        },
        {
            "time": "21.01.2021 01:09",
            "open": "9.427",
            "high": "9.433",
            "low": "9.395",
            "close": "9.449"
        },
        {
            "time": "21.01.2021 01:12",
            "open": "9.449",
            "high": "9.45",
            "low": "9.449",
            "close": "9.463"
        },
        {
            "time": "21.01.2021 01:14",
            "open": "9.463",
            "high": "9.568",
            "low": "9.392",
            "close": "9.441"
        },
        {
            "time": "21.01.2021 01:17",
            "open": "9.441",
            "high": "9.441",
            "low": "9.441",
            "close": "9.468"
        },
        {
            "time": "21.01.2021 01:18",
            "open": "9.468",
            "high": "9.468",
            "low": "9.468",
            "close": "9.486"
        },
        {
            "time": "21.01.2021 01:19",
            "open": "9.486",
            "high": "9.486",
            "low": "9.486",
            "close": "9.453"
        },
        {
            "time": "21.01.2021 01:24",
            "open": "9.453",
            "high": "9.453",
            "low": "9.453",
            "close": "9.477"
        },
        {
            "time": "21.01.2021 01:30",
            "open": "9.477",
            "high": "9.477",
            "low": "9.477",
            "close": "9.416"
        },
        {
            "time": "21.01.2021 01:32",
            "open": "9.416",
            "high": "9.416",
            "low": "9.416",
            "close": "9.385"
        },
        {
            "time": "21.01.2021 01:35",
            "open": "9.385",
            "high": "9.385",
            "low": "9.385",
            "close": "9.491"
        },
        {
            "time": "21.01.2021 01:43",
            "open": "9.491",
            "high": "9.491",
            "low": "9.491",
            "close": "9.47"
        },
        {
            "time": "21.01.2021 01:53",
            "open": "9.47",
            "high": "9.47",
            "low": "9.47",
            "close": "9.513"
        },
        {
            "time": "21.01.2021 02:03",
            "open": "9.513",
            "high": "9.513",
            "low": "9.513",
            "close": "9.461"
        },
        {
            "time": "21.01.2021 02:06",
            "open": "9.461",
            "high": "9.461",
            "low": "9.461",
            "close": "9.441"
        },
        {
            "time": "21.01.2021 02:14",
            "open": "9.441",
            "high": "9.441",
            "low": "9.436",
            "close": "9.387"
        },
        {
            "time": "21.01.2021 02:34",
            "open": "9.387",
            "high": "9.387",
            "low": "9.387",
            "close": "9.384"
        },
        {
            "time": "21.01.2021 02:38",
            "open": "9.384",
            "high": "9.384",
            "low": "9.384",
            "close": "9.397"
        },
        {
            "time": "21.01.2021 02:41",
            "open": "9.397",
            "high": "9.397",
            "low": "9.397",
            "close": "9.371"
        },
        {
            "time": "21.01.2021 02:42",
            "open": "9.371",
            "high": "9.371",
            "low": "9.371",
            "close": "9.355"
        },
        {
            "time": "21.01.2021 02:47",
            "open": "9.355",
            "high": "9.355",
            "low": "9.355",
            "close": "9.329"
        },
        {
            "time": "21.01.2021 02:52",
            "open": "9.329",
            "high": "9.329",
            "low": "9.329",
            "close": "9.268"
        },
        {
            "time": "21.01.2021 02:55",
            "open": "9.268",
            "high": "9.268",
            "low": "9.267",
            "close": "9.254"
        },
        {
            "time": "21.01.2021 02:57",
            "open": "9.254",
            "high": "9.254",
            "low": "9.254",
            "close": "9.243"
        },
        {
            "time": "21.01.2021 03:01",
            "open": "9.243",
            "high": "9.243",
            "low": "9.243",
            "close": "9.235"
        },
        {
            "time": "21.01.2021 03:08",
            "open": "9.235",
            "high": "9.235",
            "low": "9.235",
            "close": "9.213"
        },
        {
            "time": "21.01.2021 04:05",
            "open": "9.213",
            "high": "9.213",
            "low": "9.213",
            "close": "9.14"
        },
        {
            "time": "21.01.2021 04:33",
            "open": "9.14",
            "high": "9.14",
            "low": "9.125",
            "close": "9.211"
        },
        {
            "time": "21.01.2021 04:42",
            "open": "9.211",
            "high": "9.211",
            "low": "9.211",
            "close": "9.188"
        },
        {
            "time": "21.01.2021 04:44",
            "open": "9.188",
            "high": "9.188",
            "low": "9.188",
            "close": "9.188"
        },
        {
            "time": "21.01.2021 05:04",
            "open": "9.188",
            "high": "9.188",
            "low": "9.188",
            "close": "9.1"
        },
        {
            "time": "21.01.2021 05:47",
            "open": "9.1",
            "high": "9.1",
            "low": "9.095",
            "close": "9.095"
        },
        {
            "time": "21.01.2021 05:53",
            "open": "9.095",
            "high": "9.095",
            "low": "9.095",
            "close": "9.078"
        },
        {
            "time": "21.01.2021 05:56",
            "open": "9.078",
            "high": "9.078",
            "low": "9.078",
            "close": "9.07"
        },
        {
            "time": "21.01.2021 05:57",
            "open": "9.07",
            "high": "9.07",
            "low": "9.07",
            "close": "9.028"
        },
        {
            "time": "21.01.2021 05:59",
            "open": "9.028",
            "high": "9.028",
            "low": "9.024",
            "close": "9.001"
        },
        {
            "time": "21.01.2021 06:00",
            "open": "9.001",
            "high": "9.001",
            "low": "9",
            "close": "8.97"
        },
        {
            "time": "21.01.2021 06:04",
            "open": "8.97",
            "high": "8.97",
            "low": "8.97",
            "close": "8.959"
        },
        {
            "time": "21.01.2021 06:05",
            "open": "8.959",
            "high": "8.959",
            "low": "8.959",
            "close": "8.937"
        },
        {
            "time": "21.01.2021 06:10",
            "open": "8.937",
            "high": "8.937",
            "low": "8.937",
            "close": "8.937"
        },
        {
            "time": "21.01.2021 06:12",
            "open": "8.937",
            "high": "8.937",
            "low": "8.937",
            "close": "8.935"
        },
        {
            "time": "21.01.2021 06:14",
            "open": "8.935",
            "high": "8.935",
            "low": "8.935",
            "close": "8.917"
        },
        {
            "time": "21.01.2021 06:17",
            "open": "8.917",
            "high": "8.917",
            "low": "8.917",
            "close": "8.881"
        },
        {
            "time": "21.01.2021 06:20",
            "open": "8.881",
            "high": "8.881",
            "low": "8.881",
            "close": "8.874"
        },
        {
            "time": "21.01.2021 06:22",
            "open": "8.874",
            "high": "8.874",
            "low": "8.874",
            "close": "8.876"
        },
        {
            "time": "21.01.2021 06:23",
            "open": "8.876",
            "high": "8.876",
            "low": "8.876",
            "close": "8.872"
        },
        {
            "time": "21.01.2021 06:24",
            "open": "8.872",
            "high": "8.872",
            "low": "8.872",
            "close": "8.891"
        },
        {
            "time": "21.01.2021 06:25",
            "open": "8.891",
            "high": "8.891",
            "low": "8.891",
            "close": "8.899"
        },
        {
            "time": "21.01.2021 06:31",
            "open": "8.899",
            "high": "8.899",
            "low": "8.899",
            "close": "8.919"
        },
        {
            "time": "21.01.2021 06:32",
            "open": "8.919",
            "high": "8.919",
            "low": "8.916",
            "close": "8.916"
        },
        {
            "time": "21.01.2021 06:33",
            "open": "8.916",
            "high": "8.916",
            "low": "8.916",
            "close": "8.939"
        },
        {
            "time": "21.01.2021 06:34",
            "open": "8.939",
            "high": "8.948",
            "low": "8.925",
            "close": "9.038"
        },
        {
            "time": "21.01.2021 06:37",
            "open": "9.038",
            "high": "9.038",
            "low": "9.038",
            "close": "9.008"
        },
        {
            "time": "21.01.2021 06:40",
            "open": "9.008",
            "high": "9.008",
            "low": "9.008",
            "close": "9.01"
        },
        {
            "time": "21.01.2021 06:41",
            "open": "9.01",
            "high": "9.01",
            "low": "9.01",
            "close": "8.9"
        },
        {
            "time": "21.01.2021 07:47",
            "open": "8.9",
            "high": "8.9",
            "low": "8.894",
            "close": "8.895"
        },
        {
            "time": "21.01.2021 08:02",
            "open": "8.895",
            "high": "8.907",
            "low": "8.895",
            "close": "8.891"
        },
        {
            "time": "21.01.2021 08:08",
            "open": "8.891",
            "high": "8.891",
            "low": "8.891",
            "close": "8.911"
        },
        {
            "time": "21.01.2021 08:09",
            "open": "8.911",
            "high": "9.118",
            "low": "8.911",
            "close": "8.93"
        },
        {
            "time": "21.01.2021 08:10",
            "open": "8.93",
            "high": "8.942",
            "low": "8.903",
            "close": "8.927"
        },
        {
            "time": "21.01.2021 08:12",
            "open": "8.927",
            "high": "8.927",
            "low": "8.927",
            "close": "8.955"
        },
        {
            "time": "21.01.2021 08:13",
            "open": "8.955",
            "high": "8.955",
            "low": "8.954",
            "close": "8.955"
        },
        {
            "time": "21.01.2021 08:16",
            "open": "8.955",
            "high": "8.955",
            "low": "8.953",
            "close": "8.909"
        },
        {
            "time": "21.01.2021 08:17",
            "open": "8.909",
            "high": "8.909",
            "low": "8.909",
            "close": "8.93"
        },
        {
            "time": "21.01.2021 08:19",
            "open": "8.93",
            "high": "8.93",
            "low": "8.93",
            "close": "8.93"
        },
        {
            "time": "21.01.2021 08:20",
            "open": "8.93",
            "high": "8.93",
            "low": "8.93",
            "close": "8.893"
        },
        {
            "time": "21.01.2021 08:27",
            "open": "8.893",
            "high": "8.893",
            "low": "8.893",
            "close": "8.901"
        },
        {
            "time": "21.01.2021 08:35",
            "open": "8.901",
            "high": "8.901",
            "low": "8.9",
            "close": "8.922"
        },
        {
            "time": "21.01.2021 08:47",
            "open": "8.922",
            "high": "8.923",
            "low": "8.922",
            "close": "8.914"
        },
        {
            "time": "21.01.2021 08:53",
            "open": "8.914",
            "high": "8.914",
            "low": "8.914",
            "close": "8.895"
        },
        {
            "time": "21.01.2021 08:54",
            "open": "8.895",
            "high": "8.895",
            "low": "8.895",
            "close": "8.893"
        },
        {
            "time": "21.01.2021 09:00",
            "open": "8.893",
            "high": "8.893",
            "low": "8.893",
            "close": "8.918"
        },
        {
            "time": "21.01.2021 09:02",
            "open": "8.918",
            "high": "8.918",
            "low": "8.893",
            "close": "8.893"
        },
        {
            "time": "21.01.2021 09:03",
            "open": "8.893",
            "high": "8.893",
            "low": "8.893",
            "close": "8.893"
        },
        {
            "time": "21.01.2021 09:04",
            "open": "8.893",
            "high": "8.893",
            "low": "8.893",
            "close": "8.894"
        },
        {
            "time": "21.01.2021 09:06",
            "open": "8.894",
            "high": "8.895",
            "low": "8.894",
            "close": "8.893"
        },
        {
            "time": "21.01.2021 09:07",
            "open": "8.893",
            "high": "8.894",
            "low": "8.893",
            "close": "8.893"
        },
        {
            "time": "21.01.2021 09:09",
            "open": "8.893",
            "high": "8.893",
            "low": "8.893",
            "close": "8.807"
        },
        {
            "time": "21.01.2021 09:17",
            "open": "8.807",
            "high": "8.807",
            "low": "8.807",
            "close": "8.801"
        },
        {
            "time": "21.01.2021 09:19",
            "open": "8.801",
            "high": "8.801",
            "low": "8.801",
            "close": "8.814"
        },
        {
            "time": "21.01.2021 09:23",
            "open": "8.814",
            "high": "8.814",
            "low": "8.814",
            "close": "8.838"
        },
        {
            "time": "21.01.2021 09:24",
            "open": "8.838",
            "high": "8.838",
            "low": "8.838",
            "close": "8.822"
        },
        {
            "time": "21.01.2021 09:29",
            "open": "8.822",
            "high": "8.822",
            "low": "8.822",
            "close": "8.8"
        },
        {
            "time": "21.01.2021 09:30",
            "open": "8.8",
            "high": "8.8",
            "low": "8.8",
            "close": "8.757"
        },
        {
            "time": "21.01.2021 09:32",
            "open": "8.757",
            "high": "8.757",
            "low": "8.75",
            "close": "8.741"
        },
        {
            "time": "21.01.2021 09:33",
            "open": "8.741",
            "high": "8.742",
            "low": "8.616",
            "close": "8.67"
        },
        {
            "time": "21.01.2021 09:34",
            "open": "8.67",
            "high": "8.671",
            "low": "8.584",
            "close": "8.604"
        },
        {
            "time": "21.01.2021 09:35",
            "open": "8.604",
            "high": "8.604",
            "low": "8.59",
            "close": "8.561"
        },
        {
            "time": "21.01.2021 09:36",
            "open": "8.561",
            "high": "8.561",
            "low": "8.528",
            "close": "8.601"
        },
        {
            "time": "21.01.2021 09:37",
            "open": "8.601",
            "high": "8.603",
            "low": "8.601",
            "close": "8.543"
        },
        {
            "time": "21.01.2021 09:38",
            "open": "8.543",
            "high": "8.587",
            "low": "8.542",
            "close": "8.581"
        },
        {
            "time": "21.01.2021 09:39",
            "open": "8.581",
            "high": "8.581",
            "low": "8.564",
            "close": "8.645"
        },
        {
            "time": "21.01.2021 09:40",
            "open": "8.645",
            "high": "8.645",
            "low": "8.645",
            "close": "8.539"
        },
        {
            "time": "21.01.2021 09:41",
            "open": "8.539",
            "high": "8.618",
            "low": "8.539",
            "close": "8.617"
        },
        {
            "time": "21.01.2021 09:43",
            "open": "8.617",
            "high": "8.617",
            "low": "8.617",
            "close": "8.608"
        },
        {
            "time": "21.01.2021 09:45",
            "open": "8.608",
            "high": "8.608",
            "low": "8.605",
            "close": "8.624"
        },
        {
            "time": "21.01.2021 09:47",
            "open": "8.624",
            "high": "8.624",
            "low": "8.624",
            "close": "8.626"
        },
        {
            "time": "21.01.2021 09:48",
            "open": "8.626",
            "high": "8.626",
            "low": "8.626",
            "close": "8.619"
        },
        {
            "time": "21.01.2021 09:49",
            "open": "8.619",
            "high": "8.641",
            "low": "8.619",
            "close": "8.63"
        },
        {
            "time": "21.01.2021 09:50",
            "open": "8.63",
            "high": "8.63",
            "low": "8.63",
            "close": "8.554"
        },
        {
            "time": "21.01.2021 09:51",
            "open": "8.554",
            "high": "8.554",
            "low": "8.554",
            "close": "8.526"
        },
        {
            "time": "21.01.2021 09:52",
            "open": "8.526",
            "high": "8.526",
            "low": "8.526",
            "close": "8.51"
        },
        {
            "time": "21.01.2021 09:55",
            "open": "8.51",
            "high": "8.51",
            "low": "8.5",
            "close": "8.5"
        },
        {
            "time": "21.01.2021 09:56",
            "open": "8.5",
            "high": "8.5",
            "low": "8.461",
            "close": "8.486"
        },
        {
            "time": "21.01.2021 09:58",
            "open": "8.486",
            "high": "8.493",
            "low": "8.486",
            "close": "8.492"
        },
        {
            "time": "21.01.2021 09:59",
            "open": "8.492",
            "high": "8.492",
            "low": "8.492",
            "close": "8.503"
        },
        {
            "time": "21.01.2021 10:00",
            "open": "8.503",
            "high": "8.503",
            "low": "8.503",
            "close": "8.491"
        },
        {
            "time": "21.01.2021 10:01",
            "open": "8.491",
            "high": "8.491",
            "low": "8.454",
            "close": "8.513"
        },
        {
            "time": "21.01.2021 10:02",
            "open": "8.513",
            "high": "8.513",
            "low": "8.513",
            "close": "8.522"
        },
        {
            "time": "21.01.2021 10:04",
            "open": "8.522",
            "high": "8.522",
            "low": "8.522",
            "close": "8.486"
        },
        {
            "time": "21.01.2021 10:10",
            "open": "8.486",
            "high": "8.486",
            "low": "8.486",
            "close": "8.47"
        },
        {
            "time": "21.01.2021 10:11",
            "open": "8.47",
            "high": "8.47",
            "low": "8.47",
            "close": "8.472"
        },
        {
            "time": "21.01.2021 10:12",
            "open": "8.472",
            "high": "8.472",
            "low": "8.472",
            "close": "8.45"
        },
        {
            "time": "21.01.2021 10:13",
            "open": "8.45",
            "high": "8.45",
            "low": "8.45",
            "close": "8.463"
        },
        {
            "time": "21.01.2021 10:14",
            "open": "8.463",
            "high": "8.463",
            "low": "8.457",
            "close": "8.451"
        },
        {
            "time": "21.01.2021 10:16",
            "open": "8.451",
            "high": "8.451",
            "low": "8.451",
            "close": "8.41"
        },
        {
            "time": "21.01.2021 10:17",
            "open": "8.41",
            "high": "8.41",
            "low": "8.281",
            "close": "8.36"
        },
        {
            "time": "21.01.2021 10:18",
            "open": "8.36",
            "high": "8.469",
            "low": "8.325",
            "close": "8.359"
        },
        {
            "time": "21.01.2021 10:19",
            "open": "8.359",
            "high": "8.359",
            "low": "8.359",
            "close": "8.415"
        },
        {
            "time": "21.01.2021 10:21",
            "open": "8.415",
            "high": "8.415",
            "low": "8.415",
            "close": "8.447"
        },
        {
            "time": "21.01.2021 10:22",
            "open": "8.447",
            "high": "8.447",
            "low": "8.411",
            "close": "8.439"
        },
        {
            "time": "21.01.2021 10:25",
            "open": "8.439",
            "high": "8.439",
            "low": "8.439",
            "close": "8.472"
        },
        {
            "time": "21.01.2021 10:27",
            "open": "8.472",
            "high": "8.472",
            "low": "8.472",
            "close": "8.403"
        },
        {
            "time": "21.01.2021 10:28",
            "open": "8.403",
            "high": "8.403",
            "low": "8.331",
            "close": "8.41"
        },
        {
            "time": "21.01.2021 10:30",
            "open": "8.41",
            "high": "8.41",
            "low": "8.397",
            "close": "8.363"
        },
        {
            "time": "21.01.2021 10:33",
            "open": "8.363",
            "high": "8.374",
            "low": "8.357",
            "close": "8.281"
        },
        {
            "time": "21.01.2021 10:36",
            "open": "8.281",
            "high": "8.281",
            "low": "8.28",
            "close": "8.278"
        },
        {
            "time": "21.01.2021 10:37",
            "open": "8.278",
            "high": "8.278",
            "low": "8.25",
            "close": "8.25"
        },
        {
            "time": "21.01.2021 10:39",
            "open": "8.25",
            "high": "8.25",
            "low": "8.25",
            "close": "8.289"
        },
        {
            "time": "21.01.2021 10:40",
            "open": "8.289",
            "high": "8.289",
            "low": "8.289",
            "close": "8.33"
        },
        {
            "time": "21.01.2021 10:44",
            "open": "8.33",
            "high": "8.33",
            "low": "8.33",
            "close": "8.315"
        },
        {
            "time": "21.01.2021 10:46",
            "open": "8.315",
            "high": "8.316",
            "low": "8.315",
            "close": "8.336"
        },
        {
            "time": "21.01.2021 10:47",
            "open": "8.336",
            "high": "8.336",
            "low": "8.336",
            "close": "8.332"
        },
        {
            "time": "21.01.2021 10:49",
            "open": "8.332",
            "high": "8.332",
            "low": "8.289",
            "close": "8.323"
        },
        {
            "time": "21.01.2021 10:51",
            "open": "8.323",
            "high": "8.323",
            "low": "8.323",
            "close": "8.332"
        },
        {
            "time": "21.01.2021 10:53",
            "open": "8.332",
            "high": "8.332",
            "low": "8.332",
            "close": "8.426"
        },
        {
            "time": "21.01.2021 10:56",
            "open": "8.426",
            "high": "8.427",
            "low": "8.426",
            "close": "8.419"
        },
        {
            "time": "21.01.2021 10:57",
            "open": "8.419",
            "high": "8.419",
            "low": "8.419",
            "close": "8.424"
        },
        {
            "time": "21.01.2021 10:58",
            "open": "8.424",
            "high": "8.424",
            "low": "8.424",
            "close": "8.444"
        },
        {
            "time": "21.01.2021 10:59",
            "open": "8.444",
            "high": "8.444",
            "low": "8.444",
            "close": "8.432"
        },
        {
            "time": "21.01.2021 11:00",
            "open": "8.432",
            "high": "8.432",
            "low": "8.432",
            "close": "8.381"
        },
        {
            "time": "21.01.2021 11:01",
            "open": "8.381",
            "high": "8.395",
            "low": "8.368",
            "close": "8.398"
        },
        {
            "time": "21.01.2021 11:03",
            "open": "8.398",
            "high": "8.399",
            "low": "8.395",
            "close": "8.404"
        },
        {
            "time": "21.01.2021 11:04",
            "open": "8.404",
            "high": "8.404",
            "low": "8.404",
            "close": "8.424"
        },
        {
            "time": "21.01.2021 11:08",
            "open": "8.424",
            "high": "8.424",
            "low": "8.424",
            "close": "8.377"
        },
        {
            "time": "21.01.2021 11:09",
            "open": "8.377",
            "high": "8.377",
            "low": "8.377",
            "close": "8.364"
        },
        {
            "time": "21.01.2021 11:13",
            "open": "8.364",
            "high": "8.368",
            "low": "8.364",
            "close": "8.332"
        },
        {
            "time": "21.01.2021 11:16",
            "open": "8.332",
            "high": "8.332",
            "low": "8.332",
            "close": "8.289"
        },
        {
            "time": "21.01.2021 11:18",
            "open": "8.289",
            "high": "8.289",
            "low": "8.289",
            "close": "8.272"
        },
        {
            "time": "21.01.2021 11:19",
            "open": "8.272",
            "high": "8.272",
            "low": "8.271",
            "close": "8.282"
        },
        {
            "time": "21.01.2021 11:22",
            "open": "8.282",
            "high": "8.287",
            "low": "8.27",
            "close": "8.247"
        },
        {
            "time": "21.01.2021 11:27",
            "open": "8.247",
            "high": "8.247",
            "low": "8.247",
            "close": "8.25"
        },
        {
            "time": "21.01.2021 11:28",
            "open": "8.25",
            "high": "8.25",
            "low": "8.249",
            "close": "8.297"
        },
        {
            "time": "21.01.2021 11:32",
            "open": "8.297",
            "high": "8.297",
            "low": "8.293",
            "close": "8.406"
        },
        {
            "time": "21.01.2021 11:33",
            "open": "8.406",
            "high": "8.406",
            "low": "8.406",
            "close": "8.291"
        },
        {
            "time": "21.01.2021 11:34",
            "open": "8.291",
            "high": "8.291",
            "low": "8.27",
            "close": "8.34"
        },
        {
            "time": "21.01.2021 11:36",
            "open": "8.34",
            "high": "8.34",
            "low": "8.301",
            "close": "8.332"
        },
        {
            "time": "21.01.2021 11:41",
            "open": "8.332",
            "high": "8.391",
            "low": "8.332",
            "close": "8.33"
        },
        {
            "time": "21.01.2021 11:46",
            "open": "8.33",
            "high": "8.386",
            "low": "8.315",
            "close": "8.389"
        },
        {
            "time": "21.01.2021 11:49",
            "open": "8.389",
            "high": "8.389",
            "low": "8.389",
            "close": "8.42"
        },
        {
            "time": "21.01.2021 11:57",
            "open": "8.42",
            "high": "8.42",
            "low": "8.42",
            "close": "8.347"
        },
        {
            "time": "21.01.2021 12:01",
            "open": "8.347",
            "high": "8.347",
            "low": "8.347",
            "close": "8.46"
        },
        {
            "time": "21.01.2021 12:08",
            "open": "8.46",
            "high": "8.46",
            "low": "8.46",
            "close": "8.411"
        },
        {
            "time": "21.01.2021 12:16",
            "open": "8.411",
            "high": "8.411",
            "low": "8.411",
            "close": "8.452"
        },
        {
            "time": "21.01.2021 12:19",
            "open": "8.452",
            "high": "8.453",
            "low": "8.452",
            "close": "8.465"
        },
        {
            "time": "21.01.2021 12:20",
            "open": "8.465",
            "high": "8.475",
            "low": "8.465",
            "close": "8.404"
        },
        {
            "time": "21.01.2021 12:21",
            "open": "8.404",
            "high": "8.404",
            "low": "8.404",
            "close": "8.395"
        },
        {
            "time": "21.01.2021 12:24",
            "open": "8.395",
            "high": "8.397",
            "low": "8.395",
            "close": "8.35"
        },
        {
            "time": "21.01.2021 12:27",
            "open": "8.35",
            "high": "8.35",
            "low": "8.35",
            "close": "8.316"
        },
        {
            "time": "21.01.2021 12:35",
            "open": "8.316",
            "high": "8.316",
            "low": "8.316",
            "close": "8.28"
        },
        {
            "time": "21.01.2021 12:39",
            "open": "8.28",
            "high": "8.28",
            "low": "8.242",
            "close": "8.306"
        },
        {
            "time": "21.01.2021 12:45",
            "open": "8.306",
            "high": "8.306",
            "low": "8.306",
            "close": "8.312"
        },
        {
            "time": "21.01.2021 12:58",
            "open": "8.312",
            "high": "8.312",
            "low": "8.311",
            "close": "8.242"
        },
        {
            "time": "21.01.2021 13:01",
            "open": "8.242",
            "high": "8.242",
            "low": "8.242",
            "close": "8.247"
        },
        {
            "time": "21.01.2021 13:02",
            "open": "8.247",
            "high": "8.247",
            "low": "8.235",
            "close": "8.247"
        },
        {
            "time": "21.01.2021 13:04",
            "open": "8.247",
            "high": "8.247",
            "low": "8.247",
            "close": "8.23"
        },
        {
            "time": "21.01.2021 13:05",
            "open": "8.23",
            "high": "8.23",
            "low": "8.2",
            "close": "8.2"
        },
        {
            "time": "21.01.2021 13:06",
            "open": "8.2",
            "high": "8.2",
            "low": "8.174",
            "close": "8.15"
        },
        {
            "time": "21.01.2021 13:08",
            "open": "8.15",
            "high": "8.15",
            "low": "8.132",
            "close": "8.12"
        },
        {
            "time": "21.01.2021 13:09",
            "open": "8.12",
            "high": "8.12",
            "low": "8.12",
            "close": "8.112"
        },
        {
            "time": "21.01.2021 13:10",
            "open": "8.112",
            "high": "8.112",
            "low": "8.112",
            "close": "8.118"
        },
        {
            "time": "21.01.2021 13:11",
            "open": "8.118",
            "high": "8.136",
            "low": "8.116",
            "close": "8.111"
        },
        {
            "time": "21.01.2021 13:13",
            "open": "8.111",
            "high": "8.111",
            "low": "8.046",
            "close": "8.1"
        },
        {
            "time": "21.01.2021 13:14",
            "open": "8.1",
            "high": "8.1",
            "low": "8.021",
            "close": "8.093"
        },
        {
            "time": "21.01.2021 13:18",
            "open": "8.093",
            "high": "8.221",
            "low": "8.093",
            "close": "8.081"
        },
        {
            "time": "21.01.2021 13:19",
            "open": "8.081",
            "high": "8.081",
            "low": "8.081",
            "close": "8.126"
        },
        {
            "time": "21.01.2021 13:20",
            "open": "8.126",
            "high": "8.126",
            "low": "8.126",
            "close": "8.101"
        },
        {
            "time": "21.01.2021 13:21",
            "open": "8.101",
            "high": "8.101",
            "low": "8.101",
            "close": "8.1"
        },
        {
            "time": "21.01.2021 13:22",
            "open": "8.1",
            "high": "8.1",
            "low": "8.094",
            "close": "8.108"
        },
        {
            "time": "21.01.2021 13:23",
            "open": "8.108",
            "high": "8.108",
            "low": "8.108",
            "close": "8.121"
        },
        {
            "time": "21.01.2021 13:25",
            "open": "8.121",
            "high": "8.121",
            "low": "8.1",
            "close": "8.094"
        },
        {
            "time": "21.01.2021 13:28",
            "open": "8.094",
            "high": "8.094",
            "low": "8.094",
            "close": "8.177"
        },
        {
            "time": "21.01.2021 13:32",
            "open": "8.177",
            "high": "8.177",
            "low": "8.177",
            "close": "8.178"
        },
        {
            "time": "21.01.2021 13:33",
            "open": "8.178",
            "high": "8.178",
            "low": "8.178",
            "close": "8.235"
        },
        {
            "time": "21.01.2021 13:34",
            "open": "8.235",
            "high": "8.241",
            "low": "8.234",
            "close": "8.234"
        },
        {
            "time": "21.01.2021 13:35",
            "open": "8.234",
            "high": "8.242",
            "low": "8.234",
            "close": "8.254"
        },
        {
            "time": "21.01.2021 13:36",
            "open": "8.254",
            "high": "8.286",
            "low": "8.254",
            "close": "8.288"
        },
        {
            "time": "21.01.2021 13:38",
            "open": "8.288",
            "high": "8.289",
            "low": "8.288",
            "close": "8.312"
        },
        {
            "time": "21.01.2021 13:40",
            "open": "8.312",
            "high": "8.312",
            "low": "8.312",
            "close": "8.315"
        },
        {
            "time": "21.01.2021 13:46",
            "open": "8.315",
            "high": "8.356",
            "low": "8.315",
            "close": "8.359"
        },
        {
            "time": "21.01.2021 13:47",
            "open": "8.359",
            "high": "8.391",
            "low": "8.359",
            "close": "8.396"
        },
        {
            "time": "21.01.2021 13:50",
            "open": "8.396",
            "high": "8.396",
            "low": "8.396",
            "close": "8.394"
        },
        {
            "time": "21.01.2021 13:52",
            "open": "8.394",
            "high": "8.394",
            "low": "8.394",
            "close": "8.393"
        },
        {
            "time": "21.01.2021 13:53",
            "open": "8.393",
            "high": "8.393",
            "low": "8.393",
            "close": "8.391"
        },
        {
            "time": "21.01.2021 13:55",
            "open": "8.391",
            "high": "8.391",
            "low": "8.391",
            "close": "8.402"
        },
        {
            "time": "21.01.2021 13:59",
            "open": "8.402",
            "high": "8.402",
            "low": "8.402",
            "close": "8.364"
        },
        {
            "time": "21.01.2021 14:01",
            "open": "8.364",
            "high": "8.364",
            "low": "8.364",
            "close": "8.345"
        },
        {
            "time": "21.01.2021 14:06",
            "open": "8.345",
            "high": "8.345",
            "low": "8.345",
            "close": "8.367"
        },
        {
            "time": "21.01.2021 14:16",
            "open": "8.367",
            "high": "8.367",
            "low": "8.367",
            "close": "8.361"
        },
        {
            "time": "21.01.2021 14:17",
            "open": "8.361",
            "high": "8.361",
            "low": "8.361",
            "close": "8.373"
        },
        {
            "time": "21.01.2021 14:30",
            "open": "8.373",
            "high": "8.392",
            "low": "8.373",
            "close": "8.39"
        },
        {
            "time": "21.01.2021 14:32",
            "open": "8.39",
            "high": "8.39",
            "low": "8.39",
            "close": "8.354"
        },
        {
            "time": "21.01.2021 14:34",
            "open": "8.354",
            "high": "8.354",
            "low": "8.347",
            "close": "8.345"
        },
        {
            "time": "21.01.2021 14:37",
            "open": "8.345",
            "high": "8.345",
            "low": "8.345",
            "close": "8.345"
        },
        {
            "time": "21.01.2021 14:52",
            "open": "8.345",
            "high": "8.345",
            "low": "8.345",
            "close": "8.28"
        },
        {
            "time": "21.01.2021 14:55",
            "open": "8.28",
            "high": "8.28",
            "low": "8.28",
            "close": "8.295"
        },
        {
            "time": "21.01.2021 14:56",
            "open": "8.295",
            "high": "8.295",
            "low": "8.295",
            "close": "8.378"
        },
        {
            "time": "21.01.2021 15:15",
            "open": "8.378",
            "high": "8.378",
            "low": "8.378",
            "close": "8.291"
        },
        {
            "time": "21.01.2021 15:18",
            "open": "8.291",
            "high": "8.291",
            "low": "8.291",
            "close": "8.221"
        },
        {
            "time": "21.01.2021 15:27",
            "open": "8.221",
            "high": "8.221",
            "low": "8.221",
            "close": "8.174"
        },
        {
            "time": "21.01.2021 15:29",
            "open": "8.174",
            "high": "8.2",
            "low": "8.172",
            "close": "8.224"
        },
        {
            "time": "21.01.2021 15:36",
            "open": "8.224",
            "high": "8.224",
            "low": "8.224",
            "close": "8.159"
        },
        {
            "time": "21.01.2021 15:37",
            "open": "8.159",
            "high": "8.159",
            "low": "8.159",
            "close": "8.167"
        },
        {
            "time": "21.01.2021 15:42",
            "open": "8.167",
            "high": "8.167",
            "low": "8.15",
            "close": "8.15"
        },
        {
            "time": "21.01.2021 15:43",
            "open": "8.15",
            "high": "8.15",
            "low": "8.15",
            "close": "8.119"
        },
        {
            "time": "21.01.2021 15:44",
            "open": "8.119",
            "high": "8.119",
            "low": "8.118",
            "close": "8.136"
        },
        {
            "time": "21.01.2021 15:45",
            "open": "8.136",
            "high": "8.157",
            "low": "8.136",
            "close": "8.213"
        },
        {
            "time": "21.01.2021 15:47",
            "open": "8.213",
            "high": "8.299",
            "low": "8.213",
            "close": "8.25"
        },
        {
            "time": "21.01.2021 15:48",
            "open": "8.25",
            "high": "8.25",
            "low": "8.25",
            "close": "8.254"
        },
        {
            "time": "21.01.2021 15:49",
            "open": "8.254",
            "high": "8.254",
            "low": "8.254",
            "close": "8.243"
        },
        {
            "time": "21.01.2021 15:50",
            "open": "8.243",
            "high": "8.243",
            "low": "8.243",
            "close": "8.22"
        },
        {
            "time": "21.01.2021 15:52",
            "open": "8.22",
            "high": "8.222",
            "low": "8.22",
            "close": "8.232"
        },
        {
            "time": "21.01.2021 15:54",
            "open": "8.232",
            "high": "8.232",
            "low": "8.232",
            "close": "8.124"
        },
        {
            "time": "21.01.2021 15:57",
            "open": "8.124",
            "high": "8.124",
            "low": "8.044",
            "close": "8.148"
        },
        {
            "time": "21.01.2021 16:01",
            "open": "8.148",
            "high": "8.148",
            "low": "8.148",
            "close": "8.354"
        },
        {
            "time": "21.01.2021 16:03",
            "open": "8.354",
            "high": "8.445",
            "low": "8.354",
            "close": "8.465"
        },
        {
            "time": "21.01.2021 16:04",
            "open": "8.465",
            "high": "8.99",
            "low": "8.414",
            "close": "8.952"
        },
        {
            "time": "21.01.2021 16:05",
            "open": "8.952",
            "high": "9.006",
            "low": "8.772",
            "close": "9.024"
        },
        {
            "time": "21.01.2021 16:06",
            "open": "9.024",
            "high": "9.95",
            "low": "9.024",
            "close": "9.301"
        },
        {
            "time": "21.01.2021 16:07",
            "open": "9.301",
            "high": "9.652",
            "low": "9.246",
            "close": "9.257"
        },
        {
            "time": "21.01.2021 16:08",
            "open": "9.257",
            "high": "9.728",
            "low": "9.159",
            "close": "9.728"
        },
        {
            "time": "21.01.2021 16:09",
            "open": "9.728",
            "high": "9.95",
            "low": "9.4",
            "close": "9.947"
        },
        {
            "time": "21.01.2021 16:10",
            "open": "9.947",
            "high": "9.949",
            "low": "9.641",
            "close": "9.681"
        },
        {
            "time": "21.01.2021 16:11",
            "open": "9.681",
            "high": "9.828",
            "low": "9.681",
            "close": "9.938"
        },
        {
            "time": "21.01.2021 16:12",
            "open": "9.938",
            "high": "9.95",
            "low": "9.7",
            "close": "9.948"
        },
        {
            "time": "21.01.2021 16:13",
            "open": "9.948",
            "high": "9.957",
            "low": "9.549",
            "close": "9.975"
        },
        {
            "time": "21.01.2021 16:14",
            "open": "9.975",
            "high": "9.996",
            "low": "10",
            "close": "9.811"
        },
        {
            "time": "21.01.2021 16:15",
            "open": "9.811",
            "high": "9.813",
            "low": "9.486",
            "close": "9.7"
        },
        {
            "time": "21.01.2021 16:16",
            "open": "9.7",
            "high": "9.737",
            "low": "9.7",
            "close": "9.821"
        },
        {
            "time": "21.01.2021 16:17",
            "open": "9.821",
            "high": "9.821",
            "low": "9.821",
            "close": "9.716"
        },
        {
            "time": "21.01.2021 16:18",
            "open": "9.716",
            "high": "9.944",
            "low": "9.716",
            "close": "9.726"
        },
        {
            "time": "21.01.2021 16:19",
            "open": "9.726",
            "high": "9.822",
            "low": "9.697",
            "close": "9.704"
        },
        {
            "time": "21.01.2021 16:20",
            "open": "9.704",
            "high": "9.704",
            "low": "9.704",
            "close": "9.604"
        },
        {
            "time": "21.01.2021 16:21",
            "open": "9.604",
            "high": "9.644",
            "low": "9.584",
            "close": "9.724"
        },
        {
            "time": "21.01.2021 16:22",
            "open": "9.724",
            "high": "9.724",
            "low": "9.724",
            "close": "9.821"
        },
        {
            "time": "21.01.2021 16:23",
            "open": "9.821",
            "high": "9.843",
            "low": "9.821",
            "close": "9.551"
        },
        {
            "time": "21.01.2021 16:24",
            "open": "9.551",
            "high": "9.759",
            "low": "9.551",
            "close": "9.605"
        },
        {
            "time": "21.01.2021 16:25",
            "open": "9.605",
            "high": "9.605",
            "low": "9.491",
            "close": "9.49"
        },
        {
            "time": "21.01.2021 16:26",
            "open": "9.49",
            "high": "9.498",
            "low": "9.437",
            "close": "9.431"
        },
        {
            "time": "21.01.2021 16:27",
            "open": "9.431",
            "high": "9.52",
            "low": "9.431",
            "close": "9.369"
        },
        {
            "time": "21.01.2021 16:29",
            "open": "9.369",
            "high": "9.369",
            "low": "9.266",
            "close": "9.488"
        },
        {
            "time": "21.01.2021 16:30",
            "open": "9.488",
            "high": "9.543",
            "low": "9.457",
            "close": "9.543"
        },
        {
            "time": "21.01.2021 16:31",
            "open": "9.543",
            "high": "9.8",
            "low": "9.543",
            "close": "9.838"
        },
        {
            "time": "21.01.2021 16:32",
            "open": "9.838",
            "high": "9.981",
            "low": "10.05",
            "close": "9.911"
        },
        {
            "time": "21.01.2021 16:33",
            "open": "9.911",
            "high": "9.911",
            "low": "9.688",
            "close": "9.735"
        },
        {
            "time": "21.01.2021 16:34",
            "open": "9.735",
            "high": "9.735",
            "low": "9.735",
            "close": "9.96"
        },
        {
            "time": "21.01.2021 16:35",
            "open": "9.96",
            "high": "9.96",
            "low": "10.031",
            "close": "9.96"
        },
        {
            "time": "21.01.2021 16:36",
            "open": "9.96",
            "high": "9.96",
            "low": "9.809",
            "close": "9.758"
        },
        {
            "time": "21.01.2021 16:37",
            "open": "9.758",
            "high": "9.758",
            "low": "9.758",
            "close": "9.833"
        },
        {
            "time": "21.01.2021 16:38",
            "open": "9.833",
            "high": "9.833",
            "low": "9.816",
            "close": "9.816"
        },
        {
            "time": "21.01.2021 16:39",
            "open": "9.816",
            "high": "9.87",
            "low": "9.814",
            "close": "9.814"
        },
        {
            "time": "21.01.2021 16:40",
            "open": "9.814",
            "high": "9.87",
            "low": "9.814",
            "close": "9.922"
        },
        {
            "time": "21.01.2021 16:41",
            "open": "9.922",
            "high": "9.979",
            "low": "9.922",
            "close": "9.882"
        },
        {
            "time": "21.01.2021 16:42",
            "open": "9.882",
            "high": "9.963",
            "low": "9.882",
            "close": "9.87"
        },
        {
            "time": "21.01.2021 16:44",
            "open": "9.87",
            "high": "9.878",
            "low": "9.87",
            "close": "9.868"
        },
        {
            "time": "21.01.2021 16:45",
            "open": "9.868",
            "high": "9.868",
            "low": "9.538",
            "close": "9.821"
        },
        {
            "time": "21.01.2021 16:46",
            "open": "9.821",
            "high": "9.869",
            "low": "9.821",
            "close": "9.881"
        },
        {
            "time": "21.01.2021 16:47",
            "open": "9.881",
            "high": "9.882",
            "low": "9.844",
            "close": "9.884"
        },
        {
            "time": "21.01.2021 16:48",
            "open": "9.884",
            "high": "9.884",
            "low": "9.884",
            "close": "9.838"
        },
        {
            "time": "21.01.2021 16:49",
            "open": "9.838",
            "high": "9.857",
            "low": "9.838",
            "close": "9.859"
        },
        {
            "time": "21.01.2021 16:50",
            "open": "9.859",
            "high": "9.859",
            "low": "9.835",
            "close": "9.835"
        },
        {
            "time": "21.01.2021 16:51",
            "open": "9.835",
            "high": "9.835",
            "low": "9.835",
            "close": "9.776"
        },
        {
            "time": "21.01.2021 16:52",
            "open": "9.776",
            "high": "9.776",
            "low": "9.776",
            "close": "9.76"
        },
        {
            "time": "21.01.2021 16:53",
            "open": "9.76",
            "high": "9.876",
            "low": "9.76",
            "close": "9.8"
        },
        {
            "time": "21.01.2021 16:54",
            "open": "9.8",
            "high": "9.801",
            "low": "9.8",
            "close": "9.807"
        },
        {
            "time": "21.01.2021 16:55",
            "open": "9.807",
            "high": "9.808",
            "low": "9.807",
            "close": "9.864"
        },
        {
            "time": "21.01.2021 16:56",
            "open": "9.864",
            "high": "9.864",
            "low": "9.864",
            "close": "9.753"
        },
        {
            "time": "21.01.2021 16:57",
            "open": "9.753",
            "high": "9.831",
            "low": "9.753",
            "close": "9.773"
        },
        {
            "time": "21.01.2021 16:59",
            "open": "9.773",
            "high": "9.774",
            "low": "9.773",
            "close": "9.604"
        },
        {
            "time": "21.01.2021 17:02",
            "open": "9.604",
            "high": "9.604",
            "low": "9.524",
            "close": "9.53"
        },
        {
            "time": "21.01.2021 17:03",
            "open": "9.53",
            "high": "9.682",
            "low": "9.53",
            "close": "9.511"
        },
        {
            "time": "21.01.2021 17:05",
            "open": "9.511",
            "high": "9.524",
            "low": "9.511",
            "close": "9.549"
        },
        {
            "time": "21.01.2021 17:06",
            "open": "9.549",
            "high": "9.549",
            "low": "9.549",
            "close": "9.571"
        },
        {
            "time": "21.01.2021 17:07",
            "open": "9.571",
            "high": "9.571",
            "low": "9.551",
            "close": "9.549"
        },
        {
            "time": "21.01.2021 17:09",
            "open": "9.549",
            "high": "9.566",
            "low": "9.549",
            "close": "9.788"
        },
        {
            "time": "21.01.2021 17:10",
            "open": "9.788",
            "high": "9.797",
            "low": "9.788",
            "close": "9.516"
        },
        {
            "time": "21.01.2021 17:11",
            "open": "9.516",
            "high": "9.52",
            "low": "9.501",
            "close": "9.542"
        },
        {
            "time": "21.01.2021 17:12",
            "open": "9.542",
            "high": "9.542",
            "low": "9.542",
            "close": "9.501"
        },
        {
            "time": "21.01.2021 17:13",
            "open": "9.501",
            "high": "9.501",
            "low": "9.486",
            "close": "9.467"
        },
        {
            "time": "21.01.2021 17:14",
            "open": "9.467",
            "high": "9.467",
            "low": "9.466",
            "close": "9.484"
        },
        {
            "time": "21.01.2021 17:15",
            "open": "9.484",
            "high": "9.484",
            "low": "9.48",
            "close": "9.464"
        },
        {
            "time": "21.01.2021 17:18",
            "open": "9.464",
            "high": "9.464",
            "low": "9.464",
            "close": "9.369"
        },
        {
            "time": "21.01.2021 17:20",
            "open": "9.369",
            "high": "9.369",
            "low": "9.316",
            "close": "9.372"
        },
        {
            "time": "21.01.2021 17:23",
            "open": "9.372",
            "high": "9.372",
            "low": "9.339",
            "close": "9.405"
        },
        {
            "time": "21.01.2021 17:24",
            "open": "9.405",
            "high": "9.405",
            "low": "9.405",
            "close": "9.463"
        },
        {
            "time": "21.01.2021 17:26",
            "open": "9.463",
            "high": "9.463",
            "low": "9.463",
            "close": "9.5"
        },
        {
            "time": "21.01.2021 17:28",
            "open": "9.5",
            "high": "9.5",
            "low": "9.5",
            "close": "9.569"
        },
        {
            "time": "21.01.2021 17:29",
            "open": "9.569",
            "high": "9.593",
            "low": "9.569",
            "close": "9.7"
        },
        {
            "time": "21.01.2021 17:30",
            "open": "9.7",
            "high": "9.7",
            "low": "9.7",
            "close": "9.76"
        },
        {
            "time": "21.01.2021 17:31",
            "open": "9.76",
            "high": "9.799",
            "low": "9.76",
            "close": "9.801"
        },
        {
            "time": "21.01.2021 17:32",
            "open": "9.801",
            "high": "9.832",
            "low": "9.801",
            "close": "9.867"
        },
        {
            "time": "21.01.2021 17:33",
            "open": "9.867",
            "high": "9.867",
            "low": "9.867",
            "close": "9.868"
        },
        {
            "time": "21.01.2021 17:34",
            "open": "9.868",
            "high": "9.868",
            "low": "9.868",
            "close": "9.867"
        },
        {
            "time": "21.01.2021 17:35",
            "open": "9.867",
            "high": "9.867",
            "low": "9.867",
            "close": "9.76"
        },
        {
            "time": "21.01.2021 17:36",
            "open": "9.76",
            "high": "9.76",
            "low": "9.76",
            "close": "9.699"
        },
        {
            "time": "21.01.2021 17:37",
            "open": "9.699",
            "high": "9.734",
            "low": "9.696",
            "close": "9.604"
        },
        {
            "time": "21.01.2021 17:38",
            "open": "9.604",
            "high": "9.604",
            "low": "9.604",
            "close": "9.486"
        },
        {
            "time": "21.01.2021 17:40",
            "open": "9.486",
            "high": "9.486",
            "low": "9.464",
            "close": "9.464"
        },
        {
            "time": "21.01.2021 17:41",
            "open": "9.464",
            "high": "9.464",
            "low": "9.464",
            "close": "9.463"
        },
        {
            "time": "21.01.2021 17:43",
            "open": "9.463",
            "high": "9.463",
            "low": "9.463",
            "close": "9.43"
        },
        {
            "time": "21.01.2021 17:44",
            "open": "9.43",
            "high": "9.43",
            "low": "9.43",
            "close": "9.43"
        },
        {
            "time": "21.01.2021 17:46",
            "open": "9.43",
            "high": "9.451",
            "low": "9.43",
            "close": "9.464"
        },
        {
            "time": "21.01.2021 17:49",
            "open": "9.464",
            "high": "9.464",
            "low": "9.464",
            "close": "9.487"
        },
        {
            "time": "21.01.2021 17:50",
            "open": "9.487",
            "high": "9.487",
            "low": "9.487",
            "close": "9.451"
        },
        {
            "time": "21.01.2021 17:51",
            "open": "9.451",
            "high": "9.451",
            "low": "9.451",
            "close": "9.379"
        },
        {
            "time": "21.01.2021 17:52",
            "open": "9.379",
            "high": "9.423",
            "low": "9.31",
            "close": "9.446"
        },
        {
            "time": "21.01.2021 17:53",
            "open": "9.446",
            "high": "9.446",
            "low": "9.446",
            "close": "9.483"
        },
        {
            "time": "21.01.2021 17:55",
            "open": "9.483",
            "high": "9.484",
            "low": "9.395",
            "close": "9.387"
        },
        {
            "time": "21.01.2021 17:56",
            "open": "9.387",
            "high": "9.387",
            "low": "9.387",
            "close": "9.387"
        },
        {
            "time": "21.01.2021 17:57",
            "open": "9.387",
            "high": "9.46",
            "low": "9.387",
            "close": "9.341"
        },
        {
            "time": "21.01.2021 18:00",
            "open": "9.341",
            "high": "9.342",
            "low": "9.341",
            "close": "9.387"
        },
        {
            "time": "21.01.2021 18:01",
            "open": "9.387",
            "high": "9.387",
            "low": "9.387",
            "close": "9.398"
        },
        {
            "time": "21.01.2021 18:02",
            "open": "9.398",
            "high": "9.417",
            "low": "9.388",
            "close": "9.402"
        },
        {
            "time": "21.01.2021 18:04",
            "open": "9.402",
            "high": "9.432",
            "low": "9.402",
            "close": "9.389"
        },
        {
            "time": "21.01.2021 18:06",
            "open": "9.389",
            "high": "9.389",
            "low": "9.387",
            "close": "9.384"
        },
        {
            "time": "21.01.2021 18:07",
            "open": "9.384",
            "high": "9.384",
            "low": "9.384",
            "close": "9.373"
        },
        {
            "time": "21.01.2021 18:08",
            "open": "9.373",
            "high": "9.38",
            "low": "9.373",
            "close": "9.386"
        },
        {
            "time": "21.01.2021 18:09",
            "open": "9.386",
            "high": "9.386",
            "low": "9.38",
            "close": "9.387"
        },
        {
            "time": "21.01.2021 18:10",
            "open": "9.387",
            "high": "9.4",
            "low": "9.387",
            "close": "9.5"
        },
        {
            "time": "21.01.2021 18:11",
            "open": "9.5",
            "high": "9.51",
            "low": "9.462",
            "close": "9.468"
        },
        {
            "time": "21.01.2021 18:12",
            "open": "9.468",
            "high": "9.479",
            "low": "9.468",
            "close": "9.483"
        },
        {
            "time": "21.01.2021 18:13",
            "open": "9.483",
            "high": "9.483",
            "low": "9.483",
            "close": "9.473"
        },
        {
            "time": "21.01.2021 18:14",
            "open": "9.473",
            "high": "9.473",
            "low": "9.465",
            "close": "9.482"
        },
        {
            "time": "21.01.2021 18:15",
            "open": "9.482",
            "high": "9.515",
            "low": "9.482",
            "close": "9.455"
        },
        {
            "time": "21.01.2021 18:19",
            "open": "9.455",
            "high": "9.517",
            "low": "9.455",
            "close": "9.506"
        },
        {
            "time": "21.01.2021 18:20",
            "open": "9.506",
            "high": "9.565",
            "low": "9.506",
            "close": "9.58"
        },
        {
            "time": "21.01.2021 18:21",
            "open": "9.58",
            "high": "9.58",
            "low": "9.58",
            "close": "9.581"
        },
        {
            "time": "21.01.2021 18:23",
            "open": "9.581",
            "high": "9.682",
            "low": "9.581",
            "close": "9.638"
        },
        {
            "time": "21.01.2021 18:26",
            "open": "9.638",
            "high": "9.638",
            "low": "9.637",
            "close": "9.668"
        },
        {
            "time": "21.01.2021 18:28",
            "open": "9.668",
            "high": "9.668",
            "low": "9.668",
            "close": "9.573"
        },
        {
            "time": "21.01.2021 18:32",
            "open": "9.573",
            "high": "9.573",
            "low": "9.56",
            "close": "9.5"
        },
        {
            "time": "21.01.2021 18:33",
            "open": "9.5",
            "high": "9.501",
            "low": "9.5",
            "close": "9.427"
        },
        {
            "time": "21.01.2021 18:35",
            "open": "9.427",
            "high": "9.447",
            "low": "9.427",
            "close": "9.403"
        },
        {
            "time": "21.01.2021 18:36",
            "open": "9.403",
            "high": "9.447",
            "low": "9.401",
            "close": "9.402"
        },
        {
            "time": "21.01.2021 18:37",
            "open": "9.402",
            "high": "9.402",
            "low": "9.372",
            "close": "9.401"
        },
        {
            "time": "21.01.2021 18:45",
            "open": "9.401",
            "high": "9.401",
            "low": "9.378",
            "close": "9.4"
        },
        {
            "time": "21.01.2021 18:46",
            "open": "9.4",
            "high": "9.4",
            "low": "9.4",
            "close": "9.389"
        },
        {
            "time": "21.01.2021 18:49",
            "open": "9.389",
            "high": "9.389",
            "low": "9.389",
            "close": "9.39"
        },
        {
            "time": "21.01.2021 18:50",
            "open": "9.39",
            "high": "9.44",
            "low": "9.39",
            "close": "9.374"
        },
        {
            "time": "21.01.2021 18:54",
            "open": "9.374",
            "high": "9.402",
            "low": "9.374",
            "close": "9.372"
        },
        {
            "time": "21.01.2021 18:55",
            "open": "9.372",
            "high": "9.372",
            "low": "9.369",
            "close": "9.372"
        },
        {
            "time": "21.01.2021 18:56",
            "open": "9.372",
            "high": "9.372",
            "low": "9.369",
            "close": "9.35"
        },
        {
            "time": "21.01.2021 19:03",
            "open": "9.35",
            "high": "9.35",
            "low": "9.35",
            "close": "9.325"
        },
        {
            "time": "21.01.2021 19:04",
            "open": "9.325",
            "high": "9.325",
            "low": "9.325",
            "close": "9.369"
        },
        {
            "time": "21.01.2021 19:06",
            "open": "9.369",
            "high": "9.369",
            "low": "9.369",
            "close": "9.377"
        },
        {
            "time": "21.01.2021 19:09",
            "open": "9.377",
            "high": "9.377",
            "low": "9.368",
            "close": "9.445"
        },
        {
            "time": "21.01.2021 19:24",
            "open": "9.445",
            "high": "9.447",
            "low": "9.445",
            "close": "9.552"
        },
        {
            "time": "21.01.2021 19:26",
            "open": "9.552",
            "high": "9.558",
            "low": "9.552",
            "close": "9.553"
        },
        {
            "time": "21.01.2021 19:30",
            "open": "9.553",
            "high": "9.553",
            "low": "9.553",
            "close": "9.54"
        },
        {
            "time": "21.01.2021 19:31",
            "open": "9.54",
            "high": "9.54",
            "low": "9.494",
            "close": "9.559"
        },
        {
            "time": "21.01.2021 19:35",
            "open": "9.559",
            "high": "9.578",
            "low": "9.559",
            "close": "9.58"
        },
        {
            "time": "21.01.2021 19:37",
            "open": "9.58",
            "high": "9.58",
            "low": "9.58",
            "close": "9.58"
        },
        {
            "time": "21.01.2021 19:38",
            "open": "9.58",
            "high": "9.581",
            "low": "9.579",
            "close": "9.669"
        },
        {
            "time": "21.01.2021 19:39",
            "open": "9.669",
            "high": "9.669",
            "low": "9.634",
            "close": "9.7"
        },
        {
            "time": "21.01.2021 19:41",
            "open": "9.7",
            "high": "9.7",
            "low": "9.7",
            "close": "9.755"
        },
        {
            "time": "21.01.2021 19:43",
            "open": "9.755",
            "high": "9.755",
            "low": "9.755",
            "close": "9.715"
        },
        {
            "time": "21.01.2021 19:44",
            "open": "9.715",
            "high": "9.715",
            "low": "9.659",
            "close": "9.708"
        },
        {
            "time": "21.01.2021 19:47",
            "open": "9.708",
            "high": "9.708",
            "low": "9.708",
            "close": "9.696"
        },
        {
            "time": "21.01.2021 19:48",
            "open": "9.696",
            "high": "9.696",
            "low": "9.696",
            "close": "9.659"
        },
        {
            "time": "21.01.2021 19:49",
            "open": "9.659",
            "high": "9.659",
            "low": "9.658",
            "close": "9.585"
        },
        {
            "time": "21.01.2021 19:50",
            "open": "9.585",
            "high": "9.585",
            "low": "9.584",
            "close": "9.496"
        },
        {
            "time": "21.01.2021 19:51",
            "open": "9.496",
            "high": "9.496",
            "low": "9.453",
            "close": "9.453"
        },
        {
            "time": "21.01.2021 19:52",
            "open": "9.453",
            "high": "9.453",
            "low": "9.453",
            "close": "9.491"
        },
        {
            "time": "21.01.2021 19:53",
            "open": "9.491",
            "high": "9.491",
            "low": "9.491",
            "close": "9.502"
        },
        {
            "time": "21.01.2021 19:54",
            "open": "9.502",
            "high": "9.502",
            "low": "9.472",
            "close": "9.529"
        },
        {
            "time": "21.01.2021 19:55",
            "open": "9.529",
            "high": "9.529",
            "low": "9.529",
            "close": "9.508"
        },
        {
            "time": "21.01.2021 19:58",
            "open": "9.508",
            "high": "9.508",
            "low": "9.508",
            "close": "9.555"
        },
        {
            "time": "21.01.2021 20:00",
            "open": "9.555",
            "high": "9.594",
            "low": "9.555",
            "close": "9.584"
        },
        {
            "time": "21.01.2021 20:01",
            "open": "9.584",
            "high": "9.604",
            "low": "9.584",
            "close": "9.634"
        },
        {
            "time": "21.01.2021 20:02",
            "open": "9.634",
            "high": "9.634",
            "low": "9.634",
            "close": "9.634"
        },
        {
            "time": "21.01.2021 20:03",
            "open": "9.634",
            "high": "9.634",
            "low": "9.634",
            "close": "9.634"
        },
        {
            "time": "21.01.2021 20:04",
            "open": "9.634",
            "high": "9.634",
            "low": "9.634",
            "close": "9.694"
        },
        {
            "time": "21.01.2021 20:06",
            "open": "9.694",
            "high": "9.696",
            "low": "9.694",
            "close": "9.694"
        },
        {
            "time": "21.01.2021 20:07",
            "open": "9.694",
            "high": "9.694",
            "low": "9.694",
            "close": "9.7"
        },
        {
            "time": "21.01.2021 20:08",
            "open": "9.7",
            "high": "9.733",
            "low": "9.7",
            "close": "9.78"
        },
        {
            "time": "21.01.2021 20:10",
            "open": "9.78",
            "high": "9.78",
            "low": "9.78",
            "close": "9.78"
        },
        {
            "time": "21.01.2021 20:11",
            "open": "9.78",
            "high": "9.78",
            "low": "9.78",
            "close": "9.78"
        },
        {
            "time": "21.01.2021 20:12",
            "open": "9.78",
            "high": "9.78",
            "low": "9.78",
            "close": "9.78"
        },
        {
            "time": "21.01.2021 20:14",
            "open": "9.78",
            "high": "9.78",
            "low": "9.78",
            "close": "9.78"
        },
        {
            "time": "21.01.2021 20:15",
            "open": "9.78",
            "high": "9.78",
            "low": "9.78",
            "close": "9.78"
        },
        {
            "time": "21.01.2021 20:16",
            "open": "9.78",
            "high": "9.8",
            "low": "9.78",
            "close": "9.821"
        },
        {
            "time": "21.01.2021 20:17",
            "open": "9.821",
            "high": "9.868",
            "low": "9.821",
            "close": "9.84"
        },
        {
            "time": "21.01.2021 20:19",
            "open": "9.84",
            "high": "9.87",
            "low": "9.84",
            "close": "9.9"
        },
        {
            "time": "21.01.2021 20:20",
            "open": "9.9",
            "high": "9.944",
            "low": "9.9",
            "close": "9.975"
        },
        {
            "time": "21.01.2021 20:21",
            "open": "9.975",
            "high": "9.98",
            "low": "10",
            "close": "10.028"
        },
        {
            "time": "21.01.2021 20:22",
            "open": "10.028",
            "high": "10.066",
            "low": "10.027",
            "close": "10.065"
        },
        {
            "time": "21.01.2021 20:24",
            "open": "10.065",
            "high": "10.066",
            "low": "10.013",
            "close": "10.022"
        },
        {
            "time": "21.01.2021 20:25",
            "open": "10.022",
            "high": "10.063",
            "low": "10.022",
            "close": "10.015"
        },
        {
            "time": "21.01.2021 20:26",
            "open": "10.015",
            "high": "10.015",
            "low": "10.015",
            "close": "10.039"
        },
        {
            "time": "21.01.2021 20:27",
            "open": "10.039",
            "high": "10.039",
            "low": "10.013",
            "close": "9.995"
        },
        {
            "time": "21.01.2021 20:28",
            "open": "9.995",
            "high": "9.995",
            "low": "9.995",
            "close": "10.039"
        },
        {
            "time": "21.01.2021 20:29",
            "open": "10.039",
            "high": "10.065",
            "low": "10.039",
            "close": "10.027"
        },
        {
            "time": "21.01.2021 20:30",
            "open": "10.027",
            "high": "10.027",
            "low": "10.026",
            "close": "10.048"
        },
        {
            "time": "21.01.2021 20:31",
            "open": "10.048",
            "high": "10.092",
            "low": "10.045",
            "close": "10.071"
        },
        {
            "time": "21.01.2021 20:32",
            "open": "10.071",
            "high": "10.071",
            "low": "10.071",
            "close": "10.041"
        },
        {
            "time": "21.01.2021 20:34",
            "open": "10.041",
            "high": "9.982",
            "low": "10.026",
            "close": "9.96"
        },
        {
            "time": "21.01.2021 20:35",
            "open": "9.96",
            "high": "9.963",
            "low": "10.012",
            "close": "9.962"
        },
        {
            "time": "21.01.2021 20:36",
            "open": "9.962",
            "high": "9.962",
            "low": "9.852",
            "close": "9.84"
        },
        {
            "time": "21.01.2021 20:37",
            "open": "9.84",
            "high": "9.84",
            "low": "9.84",
            "close": "9.868"
        },
        {
            "time": "21.01.2021 20:38",
            "open": "9.868",
            "high": "9.868",
            "low": "9.865",
            "close": "9.84"
        },
        {
            "time": "21.01.2021 20:40",
            "open": "9.84",
            "high": "9.84",
            "low": "9.84",
            "close": "9.898"
        },
        {
            "time": "21.01.2021 20:44",
            "open": "9.898",
            "high": "9.899",
            "low": "9.893",
            "close": "9.899"
        },
        {
            "time": "21.01.2021 20:45",
            "open": "9.899",
            "high": "9.899",
            "low": "9.885",
            "close": "9.856"
        },
        {
            "time": "21.01.2021 20:46",
            "open": "9.856",
            "high": "9.856",
            "low": "9.856",
            "close": "9.845"
        },
        {
            "time": "21.01.2021 20:47",
            "open": "9.845",
            "high": "9.845",
            "low": "9.84",
            "close": "9.724"
        },
        {
            "time": "21.01.2021 20:49",
            "open": "9.724",
            "high": "9.757",
            "low": "9.712",
            "close": "9.738"
        },
        {
            "time": "21.01.2021 20:50",
            "open": "9.738",
            "high": "9.738",
            "low": "9.738",
            "close": "9.734"
        },
        {
            "time": "21.01.2021 20:51",
            "open": "9.734",
            "high": "9.734",
            "low": "9.734",
            "close": "9.708"
        },
        {
            "time": "21.01.2021 20:52",
            "open": "9.708",
            "high": "9.708",
            "low": "9.708",
            "close": "9.835"
        },
        {
            "time": "21.01.2021 20:55",
            "open": "9.835",
            "high": "9.835",
            "low": "9.835",
            "close": "9.821"
        },
        {
            "time": "21.01.2021 20:56",
            "open": "9.821",
            "high": "9.856",
            "low": "9.821",
            "close": "9.837"
        },
        {
            "time": "21.01.2021 20:57",
            "open": "9.837",
            "high": "9.837",
            "low": "9.837",
            "close": "9.901"
        },
        {
            "time": "21.01.2021 20:59",
            "open": "9.901",
            "high": "9.903",
            "low": "9.901",
            "close": "9.943"
        },
        {
            "time": "21.01.2021 21:00",
            "open": "9.943",
            "high": "9.977",
            "low": "10",
            "close": "10.066"
        },
        {
            "time": "21.01.2021 21:01",
            "open": "10.066",
            "high": "10.087",
            "low": "10.066",
            "close": "10.1"
        },
        {
            "time": "21.01.2021 21:02",
            "open": "10.1",
            "high": "10.149",
            "low": "10.1",
            "close": "10.112"
        },
        {
            "time": "21.01.2021 21:03",
            "open": "10.112",
            "high": "10.142",
            "low": "10.092",
            "close": "10.051"
        },
        {
            "time": "21.01.2021 21:05",
            "open": "10.051",
            "high": "10.111",
            "low": "10.051",
            "close": "9.996"
        },
        {
            "time": "21.01.2021 21:06",
            "open": "9.996",
            "high": "9.996",
            "low": "9.994",
            "close": "9.994"
        },
        {
            "time": "21.01.2021 21:07",
            "open": "9.994",
            "high": "9.994",
            "low": "9.872",
            "close": "9.914"
        },
        {
            "time": "21.01.2021 21:09",
            "open": "9.914",
            "high": "9.914",
            "low": "9.914",
            "close": "9.894"
        },
        {
            "time": "21.01.2021 21:11",
            "open": "9.894",
            "high": "9.914",
            "low": "9.872",
            "close": "9.84"
        },
        {
            "time": "21.01.2021 21:14",
            "open": "9.84",
            "high": "9.876",
            "low": "9.84",
            "close": "9.84"
        },
        {
            "time": "21.01.2021 21:15",
            "open": "9.84",
            "high": "9.84",
            "low": "9.84",
            "close": "9.841"
        },
        {
            "time": "21.01.2021 21:16",
            "open": "9.841",
            "high": "9.841",
            "low": "10.167",
            "close": "9.889"
        },
        {
            "time": "21.01.2021 21:17",
            "open": "9.889",
            "high": "9.889",
            "low": "9.848",
            "close": "9.861"
        },
        {
            "time": "21.01.2021 21:18",
            "open": "9.861",
            "high": "9.861",
            "low": "9.861",
            "close": "9.882"
        },
        {
            "time": "21.01.2021 21:19",
            "open": "9.882",
            "high": "9.882",
            "low": "9.882",
            "close": "9.918"
        },
        {
            "time": "21.01.2021 21:20",
            "open": "9.918",
            "high": "9.918",
            "low": "9.918",
            "close": "9.894"
        },
        {
            "time": "21.01.2021 21:21",
            "open": "9.894",
            "high": "9.894",
            "low": "9.894",
            "close": "9.997"
        },
        {
            "time": "21.01.2021 21:22",
            "open": "9.997",
            "high": "9.997",
            "low": "10.018",
            "close": "9.934"
        },
        {
            "time": "21.01.2021 21:23",
            "open": "9.934",
            "high": "9.977",
            "low": "9.934",
            "close": "9.965"
        },
        {
            "time": "21.01.2021 21:24",
            "open": "9.965",
            "high": "9.965",
            "low": "9.891",
            "close": "9.897"
        },
        {
            "time": "21.01.2021 21:26",
            "open": "9.897",
            "high": "9.917",
            "low": "9.897",
            "close": "9.935"
        },
        {
            "time": "21.01.2021 21:28",
            "open": "9.935",
            "high": "9.935",
            "low": "9.865",
            "close": "9.913"
        },
        {
            "time": "21.01.2021 21:31",
            "open": "9.913",
            "high": "9.913",
            "low": "9.913",
            "close": "9.929"
        },
        {
            "time": "21.01.2021 21:34",
            "open": "9.929",
            "high": "9.929",
            "low": "9.929",
            "close": "9.913"
        },
        {
            "time": "21.01.2021 21:36",
            "open": "9.913",
            "high": "9.913",
            "low": "9.883",
            "close": "9.896"
        },
        {
            "time": "21.01.2021 21:37",
            "open": "9.896",
            "high": "9.896",
            "low": "9.896",
            "close": "9.853"
        },
        {
            "time": "21.01.2021 21:38",
            "open": "9.853",
            "high": "9.853",
            "low": "9.846",
            "close": "9.845"
        },
        {
            "time": "21.01.2021 21:40",
            "open": "9.845",
            "high": "9.845",
            "low": "9.84",
            "close": "9.84"
        },
        {
            "time": "21.01.2021 21:41",
            "open": "9.84",
            "high": "9.84",
            "low": "9.84",
            "close": "9.84"
        },
        {
            "time": "21.01.2021 21:42",
            "open": "9.84",
            "high": "9.841",
            "low": "9.84",
            "close": "9.911"
        },
        {
            "time": "21.01.2021 21:49",
            "open": "9.911",
            "high": "9.912",
            "low": "9.911",
            "close": "9.947"
        },
        {
            "time": "21.01.2021 21:51",
            "open": "9.947",
            "high": "9.948",
            "low": "9.947",
            "close": "9.953"
        },
        {
            "time": "21.01.2021 21:52",
            "open": "9.953",
            "high": "9.953",
            "low": "9.953",
            "close": "9.952"
        },
        {
            "time": "21.01.2021 21:53",
            "open": "9.952",
            "high": "9.952",
            "low": "9.952",
            "close": "9.916"
        },
        {
            "time": "21.01.2021 21:55",
            "open": "9.916",
            "high": "9.917",
            "low": "9.916",
            "close": "9.879"
        },
        {
            "time": "21.01.2021 21:56",
            "open": "9.879",
            "high": "9.879",
            "low": "9.854",
            "close": "9.876"
        },
        {
            "time": "21.01.2021 21:57",
            "open": "9.876",
            "high": "9.876",
            "low": "9.876",
            "close": "9.842"
        },
        {
            "time": "21.01.2021 21:59",
            "open": "9.842",
            "high": "9.909",
            "low": "9.842",
            "close": "9.84"
        },
        {
            "time": "21.01.2021 22:00",
            "open": "9.84",
            "high": "9.84",
            "low": "9.84",
            "close": "9.84"
        },
        {
            "time": "21.01.2021 22:01",
            "open": "9.84",
            "high": "9.882",
            "low": "9.84",
            "close": "9.859"
        },
        {
            "time": "21.01.2021 22:02",
            "open": "9.859",
            "high": "9.859",
            "low": "9.859",
            "close": "9.86"
        },
        {
            "time": "21.01.2021 22:04",
            "open": "9.86",
            "high": "9.86",
            "low": "9.859",
            "close": "9.866"
        },
        {
            "time": "21.01.2021 22:07",
            "open": "9.866",
            "high": "9.866",
            "low": "9.866",
            "close": "9.859"
        },
        {
            "time": "21.01.2021 22:08",
            "open": "9.859",
            "high": "9.86",
            "low": "9.859",
            "close": "9.859"
        },
        {
            "time": "21.01.2021 22:15",
            "open": "9.859",
            "high": "9.859",
            "low": "9.859",
            "close": "9.876"
        },
        {
            "time": "21.01.2021 22:16",
            "open": "9.876",
            "high": "9.876",
            "low": "9.876",
            "close": "9.882"
        },
        {
            "time": "21.01.2021 22:17",
            "open": "9.882",
            "high": "9.882",
            "low": "9.882",
            "close": "9.929"
        },
        {
            "time": "21.01.2021 22:18",
            "open": "9.929",
            "high": "9.929",
            "low": "9.929",
            "close": "9.954"
        },
        {
            "time": "21.01.2021 22:19",
            "open": "9.954",
            "high": "9.954",
            "low": "9.922",
            "close": "9.983"
        },
        {
            "time": "21.01.2021 22:20",
            "open": "9.983",
            "high": "9.983",
            "low": "9.983",
            "close": "9.963"
        },
        {
            "time": "21.01.2021 22:26",
            "open": "9.998",
            "high": "9.998",
            "low": "9.998",
            "close": "9.96"
        },
        {
            "time": "21.01.2021 22:32",
            "open": "9.96",
            "high": "9.96",
            "low": "9.96",
            "close": "9.86"
        },
        {
            "time": "21.01.2021 22:34",
            "open": "9.86",
            "high": "9.914",
            "low": "9.86",
            "close": "9.859"
        },
        {
            "time": "21.01.2021 22:36",
            "open": "9.859",
            "high": "9.859",
            "low": "9.84",
            "close": "9.84"
        },
        {
            "time": "21.01.2021 22:37",
            "open": "9.84",
            "high": "9.898",
            "low": "9.84",
            "close": "9.841"
        },
        {
            "time": "21.01.2021 22:40",
            "open": "9.841",
            "high": "9.916",
            "low": "9.84",
            "close": "9.84"
        },
        {
            "time": "21.01.2021 22:41",
            "open": "9.84",
            "high": "9.84",
            "low": "9.84",
            "close": "9.84"
        },
        {
            "time": "21.01.2021 22:42",
            "open": "9.84",
            "high": "9.84",
            "low": "9.84",
            "close": "9.878"
        },
        {
            "time": "21.01.2021 22:43",
            "open": "9.878",
            "high": "9.878",
            "low": "9.84",
            "close": "9.84"
        },
        {
            "time": "21.01.2021 22:44",
            "open": "9.84",
            "high": "9.84",
            "low": "9.84",
            "close": "9.84"
        },
        {
            "time": "21.01.2021 22:45",
            "open": "9.84",
            "high": "9.84",
            "low": "9.84",
            "close": "9.84"
        },
        {
            "time": "21.01.2021 22:46",
            "open": "9.84",
            "high": "9.84",
            "low": "9.84",
            "close": "9.84"
        },
        {
            "time": "21.01.2021 22:47",
            "open": "9.84",
            "high": "9.84",
            "low": "9.825",
            "close": "9.78"
        },
        {
            "time": "21.01.2021 22:48",
            "open": "9.78",
            "high": "9.78",
            "low": "9.724",
            "close": "9.612"
        },
        {
            "time": "21.01.2021 22:50",
            "open": "9.612",
            "high": "9.612",
            "low": "9.604",
            "close": "9.507"
        },
        {
            "time": "21.01.2021 22:51",
            "open": "9.507",
            "high": "9.507",
            "low": "9.507",
            "close": "9.536"
        },
        {
            "time": "21.01.2021 22:52",
            "open": "9.536",
            "high": "9.536",
            "low": "9.536",
            "close": "9.527"
        },
        {
            "time": "21.01.2021 22:55",
            "open": "9.527",
            "high": "9.527",
            "low": "9.527",
            "close": "9.523"
        },
        {
            "time": "21.01.2021 22:57",
            "open": "9.523",
            "high": "9.523",
            "low": "9.45",
            "close": "9.45"
        },
        {
            "time": "21.01.2021 22:58",
            "open": "9.45",
            "high": "9.498",
            "low": "9.45",
            "close": "9.425"
        },
        {
            "time": "21.01.2021 23:01",
            "open": "9.425",
            "high": "9.465",
            "low": "9.377",
            "close": "9.369"
        },
        {
            "time": "21.01.2021 23:03",
            "open": "9.369",
            "high": "9.387",
            "low": "9.358",
            "close": "9.257"
        },
        {
            "time": "21.01.2021 23:05",
            "open": "9.257",
            "high": "9.257",
            "low": "9.217",
            "close": "9.354"
        },
        {
            "time": "21.01.2021 23:08",
            "open": "9.354",
            "high": "9.354",
            "low": "9.354",
            "close": "9.372"
        },
        {
            "time": "21.01.2021 23:10",
            "open": "9.372",
            "high": "9.372",
            "low": "9.372",
            "close": "9.212"
        },
        {
            "time": "21.01.2021 23:14",
            "open": "9.212",
            "high": "9.212",
            "low": "9.212",
            "close": "9.209"
        },
        {
            "time": "21.01.2021 23:15",
            "open": "9.209",
            "high": "9.209",
            "low": "9.209",
            "close": "9.2"
        },
        {
            "time": "21.01.2021 23:16",
            "open": "9.2",
            "high": "9.208",
            "low": "9.182",
            "close": "9.164"
        },
        {
            "time": "21.01.2021 23:18",
            "open": "9.164",
            "high": "9.164",
            "low": "9.164",
            "close": "9.14"
        },
        {
            "time": "21.01.2021 23:20",
            "open": "9.14",
            "high": "9.14",
            "low": "9.14",
            "close": "9.078"
        },
        {
            "time": "21.01.2021 23:21",
            "open": "9.078",
            "high": "9.078",
            "low": "9.078",
            "close": "9.078"
        },
        {
            "time": "21.01.2021 23:22",
            "open": "9.078",
            "high": "9.078",
            "low": "9.029",
            "close": "9.09"
        },
        {
            "time": "21.01.2021 23:24",
            "open": "9.09",
            "high": "9.092",
            "low": "9.09",
            "close": "9.141"
        },
        {
            "time": "21.01.2021 23:25",
            "open": "9.141",
            "high": "9.141",
            "low": "9.141",
            "close": "9.144"
        },
        {
            "time": "21.01.2021 23:26",
            "open": "9.144",
            "high": "9.144",
            "low": "9.115",
            "close": "9.063"
        },
        {
            "time": "21.01.2021 23:27",
            "open": "9.063",
            "high": "9.063",
            "low": "9.06",
            "close": "9.09"
        },
        {
            "time": "21.01.2021 23:28",
            "open": "9.09",
            "high": "9.118",
            "low": "9.09",
            "close": "9.028"
        },
        {
            "time": "21.01.2021 23:29",
            "open": "9.028",
            "high": "9.028",
            "low": "9.028",
            "close": "9.024"
        },
        {
            "time": "21.01.2021 23:30",
            "open": "9.024",
            "high": "9.024",
            "low": "8.927",
            "close": "8.931"
        },
        {
            "time": "21.01.2021 23:31",
            "open": "8.931",
            "high": "8.934",
            "low": "8.931",
            "close": "8.999"
        },
        {
            "time": "21.01.2021 23:32",
            "open": "8.999",
            "high": "9.016",
            "low": "8.981",
            "close": "9.058"
        },
        {
            "time": "21.01.2021 23:33",
            "open": "9.058",
            "high": "9.223",
            "low": "9.019",
            "close": "8.92"
        },
        {
            "time": "21.01.2021 23:35",
            "open": "8.92",
            "high": "8.971",
            "low": "8.92",
            "close": "8.92"
        },
        {
            "time": "21.01.2021 23:36",
            "open": "8.92",
            "high": "8.92",
            "low": "8.813",
            "close": "8.811"
        },
        {
            "time": "21.01.2021 23:37",
            "open": "8.811",
            "high": "9.055",
            "low": "8.808",
            "close": "8.807"
        },
        {
            "time": "21.01.2021 23:38",
            "open": "8.807",
            "high": "8.807",
            "low": "8.807",
            "close": "8.755"
        },
        {
            "time": "21.01.2021 23:39",
            "open": "8.755",
            "high": "8.755",
            "low": "8.755",
            "close": "8.792"
        },
        {
            "time": "21.01.2021 23:42",
            "open": "8.792",
            "high": "8.792",
            "low": "8.792",
            "close": "8.778"
        },
        {
            "time": "21.01.2021 23:43",
            "open": "8.778",
            "high": "8.871",
            "low": "8.778",
            "close": "8.775"
        },
        {
            "time": "21.01.2021 23:44",
            "open": "8.775",
            "high": "8.833",
            "low": "8.775",
            "close": "8.851"
        },
        {
            "time": "21.01.2021 23:45",
            "open": "8.851",
            "high": "8.851",
            "low": "8.848",
            "close": "8.949"
        },
        {
            "time": "21.01.2021 23:48",
            "open": "8.949",
            "high": "8.978",
            "low": "8.946",
            "close": "8.967"
        },
        {
            "time": "21.01.2021 23:51",
            "open": "8.967",
            "high": "8.967",
            "low": "8.967",
            "close": "8.944"
        },
        {
            "time": "21.01.2021 23:54",
            "open": "8.944",
            "high": "8.944",
            "low": "8.943",
            "close": "8.947"
        },
        {
            "time": "21.01.2021 23:55",
            "open": "8.947",
            "high": "8.947",
            "low": "8.947",
            "close": "9.006"
        },
        {
            "time": "21.01.2021 23:56",
            "open": "9.006",
            "high": "9.011",
            "low": "9.006",
            "close": "9.025"
        }
    ]
}