{
    "UMA-EUR": [
        {
            "time": "31.01.2021 23:58",
            "open": "8.947",
            "high": "8.947",
            "low": "8.947",
            "close": "8.955"
        },
        {
            "time": "01.02.2021 00:02",
            "open": "8.955",
            "high": "8.955",
            "low": "8.955",
            "close": "9.042"
        },
        {
            "time": "01.02.2021 00:09",
            "open": "9.042",
            "high": "9.042",
            "low": "9.042",
            "close": "9"
        },
        {
            "time": "01.02.2021 00:15",
            "open": "9",
            "high": "9",
            "low": "8.916",
            "close": "9.071"
        },
        {
            "time": "01.02.2021 00:30",
            "open": "9.071",
            "high": "9.104",
            "low": "9.071",
            "close": "9.097"
        },
        {
            "time": "01.02.2021 00:38",
            "open": "9.097",
            "high": "9.097",
            "low": "9.097",
            "close": "9.087"
        },
        {
            "time": "01.02.2021 00:41",
            "open": "9.087",
            "high": "9.087",
            "low": "9.087",
            "close": "9.058"
        },
        {
            "time": "01.02.2021 00:42",
            "open": "9.058",
            "high": "9.058",
            "low": "9.058",
            "close": "9.119"
        },
        {
            "time": "01.02.2021 00:52",
            "open": "9.119",
            "high": "9.119",
            "low": "9.119",
            "close": "9.133"
        },
        {
            "time": "01.02.2021 00:55",
            "open": "9.133",
            "high": "9.133",
            "low": "9.133",
            "close": "9.179"
        },
        {
            "time": "01.02.2021 01:00",
            "open": "9.179",
            "high": "9.191",
            "low": "9.179",
            "close": "9.157"
        },
        {
            "time": "01.02.2021 01:02",
            "open": "9.157",
            "high": "9.157",
            "low": "9.157",
            "close": "9.114"
        },
        {
            "time": "01.02.2021 01:04",
            "open": "9.114",
            "high": "9.114",
            "low": "9.114",
            "close": "9.032"
        },
        {
            "time": "01.02.2021 01:08",
            "open": "9.032",
            "high": "9.032",
            "low": "9.032",
            "close": "8.982"
        },
        {
            "time": "01.02.2021 01:18",
            "open": "8.982",
            "high": "8.982",
            "low": "8.925",
            "close": "8.986"
        },
        {
            "time": "01.02.2021 01:22",
            "open": "8.986",
            "high": "8.986",
            "low": "8.986",
            "close": "8.95"
        },
        {
            "time": "01.02.2021 01:35",
            "open": "8.95",
            "high": "8.95",
            "low": "8.95",
            "close": "8.95"
        },
        {
            "time": "01.02.2021 01:36",
            "open": "8.95",
            "high": "8.95",
            "low": "8.95",
            "close": "8.95"
        },
        {
            "time": "01.02.2021 01:37",
            "open": "8.95",
            "high": "8.95",
            "low": "8.95",
            "close": "8.95"
        },
        {
            "time": "01.02.2021 01:42",
            "open": "8.95",
            "high": "8.95",
            "low": "8.95",
            "close": "8.943"
        },
        {
            "time": "01.02.2021 01:47",
            "open": "8.943",
            "high": "8.945",
            "low": "8.943",
            "close": "8.961"
        },
        {
            "time": "01.02.2021 02:18",
            "open": "8.961",
            "high": "8.965",
            "low": "8.961",
            "close": "9.091"
        },
        {
            "time": "01.02.2021 03:08",
            "open": "9.091",
            "high": "9.091",
            "low": "9.091",
            "close": "9.133"
        },
        {
            "time": "01.02.2021 03:17",
            "open": "9.133",
            "high": "9.133",
            "low": "9.133",
            "close": "9.196"
        },
        {
            "time": "01.02.2021 03:48",
            "open": "9.196",
            "high": "9.196",
            "low": "9.196",
            "close": "9.23"
        },
        {
            "time": "01.02.2021 03:55",
            "open": "9.23",
            "high": "9.23",
            "low": "9.23",
            "close": "9.231"
        },
        {
            "time": "01.02.2021 03:58",
            "open": "9.231",
            "high": "9.238",
            "low": "9.215",
            "close": "9.254"
        },
        {
            "time": "01.02.2021 04:05",
            "open": "9.254",
            "high": "9.256",
            "low": "9.254",
            "close": "9.256"
        },
        {
            "time": "01.02.2021 04:06",
            "open": "9.256",
            "high": "9.256",
            "low": "9.256",
            "close": "9.259"
        },
        {
            "time": "01.02.2021 04:10",
            "open": "9.259",
            "high": "9.259",
            "low": "9.259",
            "close": "9.155"
        },
        {
            "time": "01.02.2021 04:35",
            "open": "9.155",
            "high": "9.155",
            "low": "9.155",
            "close": "9.174"
        },
        {
            "time": "01.02.2021 04:54",
            "open": "9.174",
            "high": "9.174",
            "low": "9.128",
            "close": "9.183"
        },
        {
            "time": "01.02.2021 05:19",
            "open": "9.183",
            "high": "9.183",
            "low": "9.183",
            "close": "9.183"
        },
        {
            "time": "01.02.2021 05:23",
            "open": "9.183",
            "high": "9.183",
            "low": "9.183",
            "close": "9.174"
        },
        {
            "time": "01.02.2021 05:56",
            "open": "9.174",
            "high": "9.174",
            "low": "9.174",
            "close": "9.142"
        },
        {
            "time": "01.02.2021 05:57",
            "open": "9.142",
            "high": "9.142",
            "low": "9.141",
            "close": "9.092"
        },
        {
            "time": "01.02.2021 06:00",
            "open": "9.092",
            "high": "9.092",
            "low": "9.092",
            "close": "9.084"
        },
        {
            "time": "01.02.2021 06:06",
            "open": "9.084",
            "high": "9.084",
            "low": "9.084",
            "close": "9.045"
        },
        {
            "time": "01.02.2021 06:11",
            "open": "9.045",
            "high": "9.045",
            "low": "9.045",
            "close": "9.044"
        },
        {
            "time": "01.02.2021 06:12",
            "open": "9.044",
            "high": "9.044",
            "low": "9.028",
            "close": "9.054"
        },
        {
            "time": "01.02.2021 06:15",
            "open": "9.054",
            "high": "9.054",
            "low": "9.054",
            "close": "8.982"
        },
        {
            "time": "01.02.2021 06:19",
            "open": "8.982",
            "high": "8.982",
            "low": "8.982",
            "close": "8.968"
        },
        {
            "time": "01.02.2021 06:20",
            "open": "8.968",
            "high": "8.968",
            "low": "8.968",
            "close": "8.986"
        },
        {
            "time": "01.02.2021 06:21",
            "open": "8.986",
            "high": "8.986",
            "low": "8.986",
            "close": "9.02"
        },
        {
            "time": "01.02.2021 06:23",
            "open": "9.02",
            "high": "9.05",
            "low": "9.02",
            "close": "8.985"
        },
        {
            "time": "01.02.2021 06:24",
            "open": "8.985",
            "high": "8.985",
            "low": "8.973",
            "close": "9.003"
        },
        {
            "time": "01.02.2021 06:30",
            "open": "9.003",
            "high": "9.003",
            "low": "9.003",
            "close": "8.992"
        },
        {
            "time": "01.02.2021 06:32",
            "open": "8.992",
            "high": "9.084",
            "low": "8.992",
            "close": "9.001"
        },
        {
            "time": "01.02.2021 06:35",
            "open": "9.001",
            "high": "9.125",
            "low": "8.987",
            "close": "9.02"
        },
        {
            "time": "01.02.2021 06:37",
            "open": "9.02",
            "high": "9.024",
            "low": "8.985",
            "close": "9.013"
        },
        {
            "time": "01.02.2021 06:39",
            "open": "9.013",
            "high": "9.128",
            "low": "9.013",
            "close": "9.009"
        },
        {
            "time": "01.02.2021 06:41",
            "open": "9.009",
            "high": "9.014",
            "low": "9.009",
            "close": "9.114"
        },
        {
            "time": "01.02.2021 06:43",
            "open": "9.114",
            "high": "9.116",
            "low": "9.114",
            "close": "9.01"
        },
        {
            "time": "01.02.2021 06:44",
            "open": "9.01",
            "high": "9.104",
            "low": "9.01",
            "close": "9.054"
        },
        {
            "time": "01.02.2021 06:46",
            "open": "9.054",
            "high": "9.054",
            "low": "9.054",
            "close": "9.056"
        },
        {
            "time": "01.02.2021 06:47",
            "open": "9.056",
            "high": "9.056",
            "low": "9.056",
            "close": "9.049"
        },
        {
            "time": "01.02.2021 06:48",
            "open": "9.049",
            "high": "9.049",
            "low": "9.049",
            "close": "9.086"
        },
        {
            "time": "01.02.2021 06:50",
            "open": "9.086",
            "high": "9.086",
            "low": "9.086",
            "close": "9.068"
        },
        {
            "time": "01.02.2021 06:56",
            "open": "9.068",
            "high": "9.172",
            "low": "9.068",
            "close": "9.085"
        },
        {
            "time": "01.02.2021 07:03",
            "open": "9.085",
            "high": "9.085",
            "low": "9.085",
            "close": "9.079"
        },
        {
            "time": "01.02.2021 07:13",
            "open": "9.079",
            "high": "9.079",
            "low": "9.079",
            "close": "9.106"
        },
        {
            "time": "01.02.2021 07:23",
            "open": "9.106",
            "high": "9.106",
            "low": "9.106",
            "close": "9.108"
        },
        {
            "time": "01.02.2021 07:24",
            "open": "9.108",
            "high": "9.108",
            "low": "9.107",
            "close": "9.16"
        },
        {
            "time": "01.02.2021 07:39",
            "open": "9.16",
            "high": "9.16",
            "low": "9.16",
            "close": "9.108"
        },
        {
            "time": "01.02.2021 07:45",
            "open": "9.108",
            "high": "9.108",
            "low": "9.108",
            "close": "9.033"
        },
        {
            "time": "01.02.2021 07:53",
            "open": "9.033",
            "high": "9.033",
            "low": "9.033",
            "close": "9.008"
        },
        {
            "time": "01.02.2021 08:07",
            "open": "9.008",
            "high": "9.008",
            "low": "9.008",
            "close": "9.046"
        },
        {
            "time": "01.02.2021 08:14",
            "open": "9.046",
            "high": "9.046",
            "low": "9.046",
            "close": "9.056"
        },
        {
            "time": "01.02.2021 08:18",
            "open": "9.056",
            "high": "9.056",
            "low": "9.056",
            "close": "8.996"
        },
        {
            "time": "01.02.2021 08:22",
            "open": "8.996",
            "high": "8.996",
            "low": "8.996",
            "close": "9.081"
        },
        {
            "time": "01.02.2021 08:27",
            "open": "9.081",
            "high": "9.081",
            "low": "9.081",
            "close": "9.054"
        },
        {
            "time": "01.02.2021 08:43",
            "open": "9.054",
            "high": "9.054",
            "low": "9.054",
            "close": "9.069"
        },
        {
            "time": "01.02.2021 08:54",
            "open": "9.069",
            "high": "9.069",
            "low": "9.069",
            "close": "9.069"
        },
        {
            "time": "01.02.2021 09:10",
            "open": "9.069",
            "high": "9.069",
            "low": "9.069",
            "close": "9.111"
        },
        {
            "time": "01.02.2021 09:11",
            "open": "9.111",
            "high": "9.111",
            "low": "9.111",
            "close": "9.111"
        },
        {
            "time": "01.02.2021 09:15",
            "open": "9.111",
            "high": "9.111",
            "low": "9.111",
            "close": "9.125"
        },
        {
            "time": "01.02.2021 09:21",
            "open": "9.125",
            "high": "9.125",
            "low": "9.125",
            "close": "9.079"
        },
        {
            "time": "01.02.2021 09:28",
            "open": "9.079",
            "high": "9.079",
            "low": "9.078",
            "close": "9.115"
        },
        {
            "time": "01.02.2021 09:30",
            "open": "9.115",
            "high": "9.115",
            "low": "9.115",
            "close": "9.107"
        },
        {
            "time": "01.02.2021 09:44",
            "open": "9.107",
            "high": "9.107",
            "low": "9.107",
            "close": "9.164"
        },
        {
            "time": "01.02.2021 09:49",
            "open": "9.164",
            "high": "9.164",
            "low": "9.164",
            "close": "9.196"
        },
        {
            "time": "01.02.2021 09:57",
            "open": "9.196",
            "high": "9.231",
            "low": "9.196",
            "close": "9.232"
        },
        {
            "time": "01.02.2021 10:00",
            "open": "9.232",
            "high": "9.25",
            "low": "9.232",
            "close": "9.259"
        },
        {
            "time": "01.02.2021 10:01",
            "open": "9.259",
            "high": "9.297",
            "low": "9.259",
            "close": "9.298"
        },
        {
            "time": "01.02.2021 10:02",
            "open": "9.298",
            "high": "9.298",
            "low": "9.291",
            "close": "9.299"
        },
        {
            "time": "01.02.2021 10:08",
            "open": "9.299",
            "high": "9.299",
            "low": "9.299",
            "close": "9.299"
        },
        {
            "time": "01.02.2021 10:11",
            "open": "9.299",
            "high": "9.299",
            "low": "9.293",
            "close": "9.291"
        },
        {
            "time": "01.02.2021 10:12",
            "open": "9.291",
            "high": "9.291",
            "low": "9.272",
            "close": "9.253"
        },
        {
            "time": "01.02.2021 10:13",
            "open": "9.253",
            "high": "9.28",
            "low": "9.238",
            "close": "9.221"
        },
        {
            "time": "01.02.2021 10:15",
            "open": "9.221",
            "high": "9.221",
            "low": "9.221",
            "close": "9.255"
        },
        {
            "time": "01.02.2021 10:21",
            "open": "9.255",
            "high": "9.255",
            "low": "9.255",
            "close": "9.245"
        },
        {
            "time": "01.02.2021 10:26",
            "open": "9.245",
            "high": "9.245",
            "low": "9.245",
            "close": "9.245"
        },
        {
            "time": "01.02.2021 10:27",
            "open": "9.245",
            "high": "9.347",
            "low": "9.245",
            "close": "9.234"
        },
        {
            "time": "01.02.2021 10:28",
            "open": "9.234",
            "high": "9.234",
            "low": "9.234",
            "close": "9.334"
        },
        {
            "time": "01.02.2021 10:30",
            "open": "9.334",
            "high": "9.334",
            "low": "9.334",
            "close": "9.26"
        },
        {
            "time": "01.02.2021 10:33",
            "open": "9.26",
            "high": "9.261",
            "low": "9.26",
            "close": "9.257"
        },
        {
            "time": "01.02.2021 10:39",
            "open": "9.257",
            "high": "9.258",
            "low": "9.257",
            "close": "9.301"
        },
        {
            "time": "01.02.2021 10:46",
            "open": "9.301",
            "high": "9.301",
            "low": "9.301",
            "close": "9.223"
        },
        {
            "time": "01.02.2021 10:53",
            "open": "9.223",
            "high": "9.223",
            "low": "9.223",
            "close": "9.186"
        },
        {
            "time": "01.02.2021 10:54",
            "open": "9.186",
            "high": "9.186",
            "low": "9.186",
            "close": "9.183"
        },
        {
            "time": "01.02.2021 10:55",
            "open": "9.183",
            "high": "9.183",
            "low": "9.183",
            "close": "9.189"
        },
        {
            "time": "01.02.2021 10:56",
            "open": "9.189",
            "high": "9.189",
            "low": "9.189",
            "close": "9.266"
        },
        {
            "time": "01.02.2021 11:01",
            "open": "9.266",
            "high": "9.266",
            "low": "9.266",
            "close": "9.275"
        },
        {
            "time": "01.02.2021 11:04",
            "open": "9.275",
            "high": "9.275",
            "low": "9.275",
            "close": "9.273"
        },
        {
            "time": "01.02.2021 11:08",
            "open": "9.273",
            "high": "9.273",
            "low": "9.273",
            "close": "9.256"
        },
        {
            "time": "01.02.2021 11:19",
            "open": "9.256",
            "high": "9.347",
            "low": "9.256",
            "close": "9.286"
        },
        {
            "time": "01.02.2021 11:26",
            "open": "9.286",
            "high": "9.287",
            "low": "9.286",
            "close": "9.272"
        },
        {
            "time": "01.02.2021 11:42",
            "open": "9.272",
            "high": "9.272",
            "low": "9.272",
            "close": "9.27"
        },
        {
            "time": "01.02.2021 11:43",
            "open": "9.27",
            "high": "9.27",
            "low": "9.235",
            "close": "9.251"
        },
        {
            "time": "01.02.2021 11:49",
            "open": "9.251",
            "high": "9.281",
            "low": "9.251",
            "close": "9.306"
        },
        {
            "time": "01.02.2021 11:52",
            "open": "9.306",
            "high": "9.307",
            "low": "9.306",
            "close": "9.3"
        },
        {
            "time": "01.02.2021 11:58",
            "open": "9.3",
            "high": "9.3",
            "low": "9.3",
            "close": "9.259"
        },
        {
            "time": "01.02.2021 12:02",
            "open": "9.259",
            "high": "9.26",
            "low": "9.259",
            "close": "9.236"
        },
        {
            "time": "01.02.2021 12:09",
            "open": "9.236",
            "high": "9.236",
            "low": "9.215",
            "close": "9.184"
        },
        {
            "time": "01.02.2021 12:15",
            "open": "9.184",
            "high": "9.184",
            "low": "9.177",
            "close": "9.169"
        },
        {
            "time": "01.02.2021 12:20",
            "open": "9.169",
            "high": "9.169",
            "low": "9.122",
            "close": "9.163"
        },
        {
            "time": "01.02.2021 12:21",
            "open": "9.163",
            "high": "9.168",
            "low": "9.135",
            "close": "9.122"
        },
        {
            "time": "01.02.2021 12:22",
            "open": "9.122",
            "high": "9.124",
            "low": "9.071",
            "close": "9.104"
        },
        {
            "time": "01.02.2021 12:23",
            "open": "9.104",
            "high": "9.134",
            "low": "9.104",
            "close": "9.145"
        },
        {
            "time": "01.02.2021 12:25",
            "open": "9.145",
            "high": "9.145",
            "low": "9.145",
            "close": "9.103"
        },
        {
            "time": "01.02.2021 12:30",
            "open": "9.103",
            "high": "9.13",
            "low": "9.103",
            "close": "9.102"
        },
        {
            "time": "01.02.2021 12:38",
            "open": "9.102",
            "high": "9.188",
            "low": "9.1",
            "close": "9.16"
        },
        {
            "time": "01.02.2021 12:39",
            "open": "9.16",
            "high": "9.161",
            "low": "9.16",
            "close": "9.136"
        },
        {
            "time": "01.02.2021 12:40",
            "open": "9.136",
            "high": "9.136",
            "low": "9.136",
            "close": "9.178"
        },
        {
            "time": "01.02.2021 12:46",
            "open": "9.178",
            "high": "9.179",
            "low": "9.178",
            "close": "9.176"
        },
        {
            "time": "01.02.2021 12:47",
            "open": "9.176",
            "high": "9.176",
            "low": "9.176",
            "close": "9.199"
        },
        {
            "time": "01.02.2021 12:49",
            "open": "9.199",
            "high": "9.199",
            "low": "9.199",
            "close": "9.118"
        },
        {
            "time": "01.02.2021 12:51",
            "open": "9.118",
            "high": "9.118",
            "low": "9.115",
            "close": "9.206"
        },
        {
            "time": "01.02.2021 12:54",
            "open": "9.206",
            "high": "9.206",
            "low": "9.206",
            "close": "9.183"
        },
        {
            "time": "01.02.2021 12:55",
            "open": "9.183",
            "high": "9.346",
            "low": "9.183",
            "close": "9.17"
        },
        {
            "time": "01.02.2021 12:57",
            "open": "9.17",
            "high": "9.172",
            "low": "9.17",
            "close": "9.224"
        },
        {
            "time": "01.02.2021 13:01",
            "open": "9.224",
            "high": "9.224",
            "low": "9.224",
            "close": "9.182"
        },
        {
            "time": "01.02.2021 13:02",
            "open": "9.182",
            "high": "9.182",
            "low": "9.182",
            "close": "9.194"
        },
        {
            "time": "01.02.2021 13:05",
            "open": "9.194",
            "high": "9.194",
            "low": "9.194",
            "close": "9.169"
        },
        {
            "time": "01.02.2021 13:06",
            "open": "9.169",
            "high": "9.169",
            "low": "9.169",
            "close": "9.146"
        },
        {
            "time": "01.02.2021 13:07",
            "open": "9.146",
            "high": "9.147",
            "low": "9.146",
            "close": "9.145"
        },
        {
            "time": "01.02.2021 13:09",
            "open": "9.145",
            "high": "9.145",
            "low": "9.132",
            "close": "9.132"
        },
        {
            "time": "01.02.2021 13:10",
            "open": "9.132",
            "high": "9.132",
            "low": "9.132",
            "close": "9.122"
        },
        {
            "time": "01.02.2021 13:21",
            "open": "9.122",
            "high": "9.122",
            "low": "9.122",
            "close": "9.106"
        },
        {
            "time": "01.02.2021 13:24",
            "open": "9.106",
            "high": "9.106",
            "low": "9.106",
            "close": "9.114"
        },
        {
            "time": "01.02.2021 13:27",
            "open": "9.114",
            "high": "9.114",
            "low": "9.114",
            "close": "9.114"
        },
        {
            "time": "01.02.2021 13:31",
            "open": "9.114",
            "high": "9.114",
            "low": "9.114",
            "close": "9.172"
        },
        {
            "time": "01.02.2021 13:42",
            "open": "9.172",
            "high": "9.183",
            "low": "9.172",
            "close": "9.19"
        },
        {
            "time": "01.02.2021 13:43",
            "open": "9.19",
            "high": "9.19",
            "low": "9.19",
            "close": "9.237"
        },
        {
            "time": "01.02.2021 13:53",
            "open": "9.237",
            "high": "9.237",
            "low": "9.237",
            "close": "9.221"
        },
        {
            "time": "01.02.2021 13:55",
            "open": "9.221",
            "high": "9.222",
            "low": "9.221",
            "close": "9.259"
        },
        {
            "time": "01.02.2021 14:00",
            "open": "9.259",
            "high": "9.259",
            "low": "9.259",
            "close": "9.281"
        },
        {
            "time": "01.02.2021 14:01",
            "open": "9.281",
            "high": "9.314",
            "low": "9.281",
            "close": "9.313"
        },
        {
            "time": "01.02.2021 14:02",
            "open": "9.313",
            "high": "9.313",
            "low": "9.313",
            "close": "9.323"
        },
        {
            "time": "01.02.2021 14:04",
            "open": "9.323",
            "high": "9.333",
            "low": "9.323",
            "close": "9.334"
        },
        {
            "time": "01.02.2021 14:07",
            "open": "9.334",
            "high": "9.334",
            "low": "9.331",
            "close": "9.313"
        },
        {
            "time": "01.02.2021 14:09",
            "open": "9.313",
            "high": "9.313",
            "low": "9.269",
            "close": "9.255"
        },
        {
            "time": "01.02.2021 14:16",
            "open": "9.255",
            "high": "9.255",
            "low": "9.199",
            "close": "9.169"
        },
        {
            "time": "01.02.2021 14:20",
            "open": "9.169",
            "high": "9.169",
            "low": "9.146",
            "close": "9.134"
        },
        {
            "time": "01.02.2021 14:21",
            "open": "9.134",
            "high": "9.134",
            "low": "9.126",
            "close": "9.114"
        },
        {
            "time": "01.02.2021 14:35",
            "open": "9.114",
            "high": "9.114",
            "low": "9.114",
            "close": "9.21"
        },
        {
            "time": "01.02.2021 14:36",
            "open": "9.21",
            "high": "9.21",
            "low": "9.21",
            "close": "9.172"
        },
        {
            "time": "01.02.2021 14:38",
            "open": "9.172",
            "high": "9.172",
            "low": "9.172",
            "close": "9.106"
        },
        {
            "time": "01.02.2021 14:45",
            "open": "9.106",
            "high": "9.106",
            "low": "9.061",
            "close": "9.061"
        },
        {
            "time": "01.02.2021 14:49",
            "open": "9.061",
            "high": "9.061",
            "low": "9.061",
            "close": "9.061"
        },
        {
            "time": "01.02.2021 14:50",
            "open": "9.061",
            "high": "9.112",
            "low": "9.061",
            "close": "9.108"
        },
        {
            "time": "01.02.2021 14:52",
            "open": "9.108",
            "high": "9.108",
            "low": "9.108",
            "close": "9.106"
        },
        {
            "time": "01.02.2021 14:53",
            "open": "9.106",
            "high": "9.106",
            "low": "9.106",
            "close": "9.12"
        },
        {
            "time": "01.02.2021 14:54",
            "open": "9.12",
            "high": "9.12",
            "low": "9.12",
            "close": "9.112"
        },
        {
            "time": "01.02.2021 14:56",
            "open": "9.112",
            "high": "9.113",
            "low": "9.112",
            "close": "9.116"
        },
        {
            "time": "01.02.2021 14:57",
            "open": "9.116",
            "high": "9.122",
            "low": "9.084",
            "close": "9.121"
        },
        {
            "time": "01.02.2021 15:00",
            "open": "9.121",
            "high": "9.181",
            "low": "9.121",
            "close": "9.149"
        },
        {
            "time": "01.02.2021 15:07",
            "open": "9.149",
            "high": "9.149",
            "low": "9.149",
            "close": "9.122"
        },
        {
            "time": "01.02.2021 15:08",
            "open": "9.122",
            "high": "9.141",
            "low": "9.122",
            "close": "9.109"
        },
        {
            "time": "01.02.2021 15:10",
            "open": "9.109",
            "high": "9.109",
            "low": "9.109",
            "close": "9.109"
        },
        {
            "time": "01.02.2021 15:12",
            "open": "9.109",
            "high": "9.109",
            "low": "9.109",
            "close": "9.155"
        },
        {
            "time": "01.02.2021 15:13",
            "open": "9.155",
            "high": "9.155",
            "low": "9.155",
            "close": "9.111"
        },
        {
            "time": "01.02.2021 15:14",
            "open": "9.111",
            "high": "9.111",
            "low": "9.11",
            "close": "9.111"
        },
        {
            "time": "01.02.2021 15:15",
            "open": "9.111",
            "high": "9.111",
            "low": "9.11",
            "close": "9.109"
        },
        {
            "time": "01.02.2021 15:16",
            "open": "9.109",
            "high": "9.109",
            "low": "9.109",
            "close": "9.058"
        },
        {
            "time": "01.02.2021 15:19",
            "open": "9.058",
            "high": "9.058",
            "low": "9.058",
            "close": "9.044"
        },
        {
            "time": "01.02.2021 15:25",
            "open": "9.044",
            "high": "9.044",
            "low": "9.019",
            "close": "9.02"
        },
        {
            "time": "01.02.2021 15:27",
            "open": "9.02",
            "high": "9.02",
            "low": "9.02",
            "close": "9.022"
        },
        {
            "time": "01.02.2021 15:30",
            "open": "9.022",
            "high": "9.112",
            "low": "9.021",
            "close": "9.055"
        },
        {
            "time": "01.02.2021 15:39",
            "open": "9.055",
            "high": "9.055",
            "low": "9.055",
            "close": "9.113"
        },
        {
            "time": "01.02.2021 15:43",
            "open": "9.113",
            "high": "9.113",
            "low": "9.113",
            "close": "9.037"
        },
        {
            "time": "01.02.2021 15:53",
            "open": "9.037",
            "high": "9.037",
            "low": "9.033",
            "close": "9.038"
        },
        {
            "time": "01.02.2021 15:54",
            "open": "9.038",
            "high": "9.038",
            "low": "9.038",
            "close": "9.044"
        },
        {
            "time": "01.02.2021 15:56",
            "open": "9.044",
            "high": "9.044",
            "low": "9.044",
            "close": "9.045"
        },
        {
            "time": "01.02.2021 16:00",
            "open": "9.045",
            "high": "9.188",
            "low": "9.045",
            "close": "9.047"
        },
        {
            "time": "01.02.2021 16:01",
            "open": "9.047",
            "high": "9.047",
            "low": "9.047",
            "close": "9.024"
        },
        {
            "time": "01.02.2021 16:03",
            "open": "9.024",
            "high": "9.029",
            "low": "9.024",
            "close": "9.071"
        },
        {
            "time": "01.02.2021 16:07",
            "open": "9.071",
            "high": "9.213",
            "low": "9.048",
            "close": "9.05"
        },
        {
            "time": "01.02.2021 16:09",
            "open": "9.05",
            "high": "9.051",
            "low": "9.05",
            "close": "9.053"
        },
        {
            "time": "01.02.2021 16:10",
            "open": "9.053",
            "high": "9.053",
            "low": "9.017",
            "close": "9.02"
        },
        {
            "time": "01.02.2021 16:13",
            "open": "9.02",
            "high": "9.02",
            "low": "9.02",
            "close": "9.005"
        },
        {
            "time": "01.02.2021 16:15",
            "open": "9.005",
            "high": "9.005",
            "low": "9.004",
            "close": "9.001"
        },
        {
            "time": "01.02.2021 16:16",
            "open": "9.001",
            "high": "9.001",
            "low": "9",
            "close": "8.982"
        },
        {
            "time": "01.02.2021 16:17",
            "open": "8.982",
            "high": "8.982",
            "low": "8.982",
            "close": "8.969"
        },
        {
            "time": "01.02.2021 16:21",
            "open": "8.969",
            "high": "8.969",
            "low": "8.969",
            "close": "8.948"
        },
        {
            "time": "01.02.2021 16:22",
            "open": "8.948",
            "high": "8.948",
            "low": "8.907",
            "close": "9"
        },
        {
            "time": "01.02.2021 16:25",
            "open": "9",
            "high": "9.065",
            "low": "9",
            "close": "9.018"
        },
        {
            "time": "01.02.2021 16:35",
            "open": "9.018",
            "high": "9.018",
            "low": "9.018",
            "close": "9.027"
        },
        {
            "time": "01.02.2021 16:37",
            "open": "9.027",
            "high": "9.027",
            "low": "9.027",
            "close": "9.032"
        },
        {
            "time": "01.02.2021 16:52",
            "open": "9.032",
            "high": "9.032",
            "low": "9.032",
            "close": "9.067"
        },
        {
            "time": "01.02.2021 16:59",
            "open": "9.067",
            "high": "9.067",
            "low": "9.067",
            "close": "9.016"
        },
        {
            "time": "01.02.2021 17:16",
            "open": "9.016",
            "high": "9.016",
            "low": "9.016",
            "close": "9.017"
        },
        {
            "time": "01.02.2021 17:20",
            "open": "9.017",
            "high": "9.017",
            "low": "9.017",
            "close": "9.016"
        },
        {
            "time": "01.02.2021 17:22",
            "open": "9.016",
            "high": "9.062",
            "low": "9.016",
            "close": "9.041"
        },
        {
            "time": "01.02.2021 17:28",
            "open": "9.041",
            "high": "9.041",
            "low": "9.041",
            "close": "9.065"
        },
        {
            "time": "01.02.2021 17:35",
            "open": "9.065",
            "high": "9.065",
            "low": "9.065",
            "close": "9.071"
        },
        {
            "time": "01.02.2021 17:53",
            "open": "9.071",
            "high": "9.185",
            "low": "9.071",
            "close": "9.161"
        },
        {
            "time": "01.02.2021 17:54",
            "open": "9.161",
            "high": "9.162",
            "low": "9.161",
            "close": "9.107"
        },
        {
            "time": "01.02.2021 18:03",
            "open": "9.107",
            "high": "9.107",
            "low": "9.089",
            "close": "9.1"
        },
        {
            "time": "01.02.2021 18:20",
            "open": "9.1",
            "high": "9.1",
            "low": "9.1",
            "close": "9.067"
        },
        {
            "time": "01.02.2021 18:21",
            "open": "9.067",
            "high": "9.067",
            "low": "9.067",
            "close": "9.081"
        },
        {
            "time": "01.02.2021 18:27",
            "open": "9.081",
            "high": "9.081",
            "low": "9.081",
            "close": "9.153"
        },
        {
            "time": "01.02.2021 18:28",
            "open": "9.153",
            "high": "9.153",
            "low": "9.153",
            "close": "9.18"
        },
        {
            "time": "01.02.2021 18:41",
            "open": "9.18",
            "high": "9.18",
            "low": "9.18",
            "close": "9.185"
        },
        {
            "time": "01.02.2021 18:42",
            "open": "9.185",
            "high": "9.185",
            "low": "9.185",
            "close": "9.124"
        },
        {
            "time": "01.02.2021 18:53",
            "open": "9.124",
            "high": "9.124",
            "low": "9.123",
            "close": "9.183"
        },
        {
            "time": "01.02.2021 18:54",
            "open": "9.183",
            "high": "9.183",
            "low": "9.183",
            "close": "9.149"
        },
        {
            "time": "01.02.2021 19:11",
            "open": "9.149",
            "high": "9.16",
            "low": "9.149",
            "close": "9.194"
        },
        {
            "time": "01.02.2021 19:27",
            "open": "9.194",
            "high": "9.194",
            "low": "9.19",
            "close": "9.196"
        },
        {
            "time": "01.02.2021 19:41",
            "open": "9.196",
            "high": "9.22",
            "low": "9.196",
            "close": "9.205"
        },
        {
            "time": "01.02.2021 19:46",
            "open": "9.205",
            "high": "9.205",
            "low": "9.205",
            "close": "9.215"
        },
        {
            "time": "01.02.2021 19:49",
            "open": "9.215",
            "high": "9.322",
            "low": "9.215",
            "close": "9.175"
        },
        {
            "time": "01.02.2021 19:50",
            "open": "9.175",
            "high": "9.175",
            "low": "9.174",
            "close": "9.205"
        },
        {
            "time": "01.02.2021 19:54",
            "open": "9.205",
            "high": "9.241",
            "low": "9.205",
            "close": "9.198"
        },
        {
            "time": "01.02.2021 19:55",
            "open": "9.198",
            "high": "9.347",
            "low": "9.196",
            "close": "9.207"
        },
        {
            "time": "01.02.2021 19:58",
            "open": "9.207",
            "high": "9.207",
            "low": "9.207",
            "close": "9.32"
        },
        {
            "time": "01.02.2021 20:06",
            "open": "9.32",
            "high": "9.346",
            "low": "9.32",
            "close": "9.346"
        },
        {
            "time": "01.02.2021 20:07",
            "open": "9.346",
            "high": "9.347",
            "low": "9.346",
            "close": "9.347"
        },
        {
            "time": "01.02.2021 20:08",
            "open": "9.347",
            "high": "9.41",
            "low": "9.347",
            "close": "9.386"
        },
        {
            "time": "01.02.2021 20:09",
            "open": "9.386",
            "high": "9.386",
            "low": "9.373",
            "close": "9.406"
        },
        {
            "time": "01.02.2021 20:10",
            "open": "9.406",
            "high": "9.408",
            "low": "9.387",
            "close": "9.378"
        },
        {
            "time": "01.02.2021 20:13",
            "open": "9.378",
            "high": "9.399",
            "low": "9.343",
            "close": "9.386"
        },
        {
            "time": "01.02.2021 20:14",
            "open": "9.386",
            "high": "9.386",
            "low": "9.321",
            "close": "9.362"
        },
        {
            "time": "01.02.2021 20:17",
            "open": "9.362",
            "high": "9.362",
            "low": "9.322",
            "close": "9.331"
        },
        {
            "time": "01.02.2021 20:20",
            "open": "9.331",
            "high": "9.331",
            "low": "9.331",
            "close": "9.332"
        },
        {
            "time": "01.02.2021 20:21",
            "open": "9.332",
            "high": "9.332",
            "low": "9.332",
            "close": "9.316"
        },
        {
            "time": "01.02.2021 20:23",
            "open": "9.316",
            "high": "9.316",
            "low": "9.316",
            "close": "9.324"
        },
        {
            "time": "01.02.2021 20:27",
            "open": "9.324",
            "high": "9.324",
            "low": "9.324",
            "close": "9.279"
        },
        {
            "time": "01.02.2021 20:31",
            "open": "9.279",
            "high": "9.279",
            "low": "9.279",
            "close": "9.256"
        },
        {
            "time": "01.02.2021 20:41",
            "open": "9.256",
            "high": "9.256",
            "low": "9.256",
            "close": "9.256"
        },
        {
            "time": "01.02.2021 20:42",
            "open": "9.256",
            "high": "9.256",
            "low": "9.256",
            "close": "9.232"
        },
        {
            "time": "01.02.2021 20:50",
            "open": "9.232",
            "high": "9.253",
            "low": "9.23",
            "close": "9.233"
        },
        {
            "time": "01.02.2021 20:52",
            "open": "9.233",
            "high": "9.233",
            "low": "9.233",
            "close": "9.242"
        },
        {
            "time": "01.02.2021 20:53",
            "open": "9.242",
            "high": "9.242",
            "low": "9.242",
            "close": "9.23"
        },
        {
            "time": "01.02.2021 20:54",
            "open": "9.23",
            "high": "9.23",
            "low": "9.229",
            "close": "9.253"
        },
        {
            "time": "01.02.2021 20:55",
            "open": "9.253",
            "high": "9.253",
            "low": "9.253",
            "close": "9.269"
        },
        {
            "time": "01.02.2021 20:56",
            "open": "9.269",
            "high": "9.269",
            "low": "9.269",
            "close": "9.264"
        },
        {
            "time": "01.02.2021 21:03",
            "open": "9.264",
            "high": "9.264",
            "low": "9.264",
            "close": "9.252"
        },
        {
            "time": "01.02.2021 21:05",
            "open": "9.252",
            "high": "9.252",
            "low": "9.252",
            "close": "9.236"
        },
        {
            "time": "01.02.2021 21:07",
            "open": "9.236",
            "high": "9.236",
            "low": "9.236",
            "close": "9.185"
        },
        {
            "time": "01.02.2021 21:08",
            "open": "9.185",
            "high": "9.185",
            "low": "9.143",
            "close": "9.143"
        },
        {
            "time": "01.02.2021 21:09",
            "open": "9.143",
            "high": "9.143",
            "low": "9.143",
            "close": "9.145"
        },
        {
            "time": "01.02.2021 21:10",
            "open": "9.145",
            "high": "9.145",
            "low": "9.145",
            "close": "9.146"
        },
        {
            "time": "01.02.2021 21:15",
            "open": "9.146",
            "high": "9.146",
            "low": "9.144",
            "close": "9.203"
        },
        {
            "time": "01.02.2021 21:19",
            "open": "9.203",
            "high": "9.204",
            "low": "9.203",
            "close": "9.205"
        },
        {
            "time": "01.02.2021 21:23",
            "open": "9.205",
            "high": "9.206",
            "low": "9.205",
            "close": "9.297"
        },
        {
            "time": "01.02.2021 21:26",
            "open": "9.297",
            "high": "9.297",
            "low": "9.297",
            "close": "9.25"
        },
        {
            "time": "01.02.2021 21:36",
            "open": "9.25",
            "high": "9.25",
            "low": "9.25",
            "close": "9.226"
        },
        {
            "time": "01.02.2021 21:41",
            "open": "9.226",
            "high": "9.226",
            "low": "9.226",
            "close": "9.234"
        },
        {
            "time": "01.02.2021 21:42",
            "open": "9.234",
            "high": "9.234",
            "low": "9.234",
            "close": "9.205"
        },
        {
            "time": "01.02.2021 21:43",
            "open": "9.204",
            "high": "9.204",
            "low": "9.204",
            "close": "9.226"
        },
        {
            "time": "01.02.2021 21:50",
            "open": "9.226",
            "high": "9.226",
            "low": "9.226",
            "close": "9.159"
        },
        {
            "time": "01.02.2021 21:51",
            "open": "9.159",
            "high": "9.159",
            "low": "9.159",
            "close": "9.196"
        },
        {
            "time": "01.02.2021 21:52",
            "open": "9.196",
            "high": "9.196",
            "low": "9.169",
            "close": "9.166"
        },
        {
            "time": "01.02.2021 21:53",
            "open": "9.166",
            "high": "9.171",
            "low": "9.166",
            "close": "9.146"
        },
        {
            "time": "01.02.2021 21:54",
            "open": "9.146",
            "high": "9.146",
            "low": "9.145",
            "close": "9.155"
        },
        {
            "time": "01.02.2021 21:55",
            "open": "9.155",
            "high": "9.156",
            "low": "9.155",
            "close": "9.166"
        },
        {
            "time": "01.02.2021 22:02",
            "open": "9.166",
            "high": "9.166",
            "low": "9.166",
            "close": "9.174"
        },
        {
            "time": "01.02.2021 22:09",
            "open": "9.174",
            "high": "9.174",
            "low": "9.174",
            "close": "9.14"
        },
        {
            "time": "01.02.2021 22:10",
            "open": "9.14",
            "high": "9.14",
            "low": "9.135",
            "close": "9.177"
        },
        {
            "time": "01.02.2021 22:14",
            "open": "9.177",
            "high": "9.177",
            "low": "9.177",
            "close": "9.171"
        },
        {
            "time": "01.02.2021 22:15",
            "open": "9.171",
            "high": "9.172",
            "low": "9.171",
            "close": "9.251"
        },
        {
            "time": "01.02.2021 22:16",
            "open": "9.251",
            "high": "9.251",
            "low": "9.251",
            "close": "9.18"
        },
        {
            "time": "01.02.2021 22:19",
            "open": "9.18",
            "high": "9.18",
            "low": "9.18",
            "close": "9.175"
        },
        {
            "time": "01.02.2021 22:26",
            "open": "9.175",
            "high": "9.175",
            "low": "9.175",
            "close": "9.165"
        },
        {
            "time": "01.02.2021 22:32",
            "open": "9.165",
            "high": "9.165",
            "low": "9.165",
            "close": "9.174"
        },
        {
            "time": "01.02.2021 22:35",
            "open": "9.174",
            "high": "9.175",
            "low": "9.174",
            "close": "9.161"
        },
        {
            "time": "01.02.2021 22:45",
            "open": "9.161",
            "high": "9.161",
            "low": "9.114",
            "close": "9.183"
        },
        {
            "time": "01.02.2021 22:52",
            "open": "9.183",
            "high": "9.183",
            "low": "9.143",
            "close": "9.132"
        },
        {
            "time": "01.02.2021 22:53",
            "open": "9.132",
            "high": "9.132",
            "low": "9.132",
            "close": "9.136"
        },
        {
            "time": "01.02.2021 22:54",
            "open": "9.136",
            "high": "9.136",
            "low": "9.136",
            "close": "9.134"
        },
        {
            "time": "01.02.2021 22:56",
            "open": "9.134",
            "high": "9.134",
            "low": "9.133",
            "close": "9.137"
        },
        {
            "time": "01.02.2021 22:58",
            "open": "9.137",
            "high": "9.137",
            "low": "9.137",
            "close": "9.132"
        },
        {
            "time": "01.02.2021 23:01",
            "open": "9.132",
            "high": "9.132",
            "low": "9.109",
            "close": "9.159"
        },
        {
            "time": "01.02.2021 23:10",
            "open": "9.159",
            "high": "9.159",
            "low": "9.159",
            "close": "9.22"
        },
        {
            "time": "01.02.2021 23:18",
            "open": "9.22",
            "high": "9.22",
            "low": "9.22",
            "close": "9.194"
        },
        {
            "time": "01.02.2021 23:20",
            "open": "9.194",
            "high": "9.261",
            "low": "9.194",
            "close": "9.195"
        },
        {
            "time": "01.02.2021 23:22",
            "open": "9.195",
            "high": "9.195",
            "low": "9.195",
            "close": "9.254"
        },
        {
            "time": "01.02.2021 23:29",
            "open": "9.254",
            "high": "9.254",
            "low": "9.254",
            "close": "9.253"
        },
        {
            "time": "01.02.2021 23:44",
            "open": "9.253",
            "high": "9.253",
            "low": "9.253",
            "close": "9.253"
        },
        {
            "time": "01.02.2021 23:50",
            "open": "9.253",
            "high": "9.253",
            "low": "9.253",
            "close": "9.272"
        }
    ]
}