{
    "UMA-EUR": [
        {
            "time": "18.06.2021 23:44",
            "open": "9.013",
            "high": "9.034",
            "low": "9.013",
            "close": "9.028"
        },
        {
            "time": "19.06.2021 00:01",
            "open": "9.028",
            "high": "9.028",
            "low": "9.028",
            "close": "9.011"
        },
        {
            "time": "19.06.2021 00:06",
            "open": "9.011",
            "high": "9.011",
            "low": "9.003",
            "close": "9.009"
        },
        {
            "time": "19.06.2021 00:12",
            "open": "9.009",
            "high": "9.009",
            "low": "9.009",
            "close": "9.011"
        },
        {
            "time": "19.06.2021 00:13",
            "open": "9.011",
            "high": "9.011",
            "low": "9.011",
            "close": "9.015"
        },
        {
            "time": "19.06.2021 00:29",
            "open": "9.015",
            "high": "9.015",
            "low": "9.015",
            "close": "9.021"
        },
        {
            "time": "19.06.2021 00:30",
            "open": "9.026",
            "high": "9.026",
            "low": "9.026",
            "close": "9.032"
        },
        {
            "time": "19.06.2021 00:58",
            "open": "9.032",
            "high": "9.035",
            "low": "9.032",
            "close": "9.025"
        },
        {
            "time": "19.06.2021 01:06",
            "open": "9.025",
            "high": "9.027",
            "low": "9.025",
            "close": "9.006"
        },
        {
            "time": "19.06.2021 01:10",
            "open": "9.002",
            "high": "9.002",
            "low": "9.002",
            "close": "9.027"
        },
        {
            "time": "19.06.2021 01:23",
            "open": "9.027",
            "high": "9.034",
            "low": "9.027",
            "close": "9.025"
        },
        {
            "time": "19.06.2021 01:25",
            "open": "9.025",
            "high": "9.025",
            "low": "9.024",
            "close": "9.04"
        },
        {
            "time": "19.06.2021 01:27",
            "open": "9.04",
            "high": "9.04",
            "low": "9.04",
            "close": "9.06"
        },
        {
            "time": "19.06.2021 01:32",
            "open": "9.06",
            "high": "9.1",
            "low": "9.06",
            "close": "9.12"
        },
        {
            "time": "19.06.2021 01:33",
            "open": "9.12",
            "high": "9.12",
            "low": "9.12",
            "close": "9.12"
        },
        {
            "time": "19.06.2021 01:36",
            "open": "9.12",
            "high": "9.12",
            "low": "9.12",
            "close": "9.108"
        },
        {
            "time": "19.06.2021 01:41",
            "open": "9.108",
            "high": "9.108",
            "low": "9.101",
            "close": "9.122"
        },
        {
            "time": "19.06.2021 01:43",
            "open": "9.122",
            "high": "9.152",
            "low": "9.122",
            "close": "9.114"
        },
        {
            "time": "19.06.2021 01:48",
            "open": "9.114",
            "high": "9.114",
            "low": "9.114",
            "close": "9.082"
        },
        {
            "time": "19.06.2021 01:51",
            "open": "9.082",
            "high": "9.082",
            "low": "9.082",
            "close": "9.094"
        },
        {
            "time": "19.06.2021 01:56",
            "open": "9.094",
            "high": "9.094",
            "low": "9.094",
            "close": "9.132"
        },
        {
            "time": "19.06.2021 01:59",
            "open": "9.132",
            "high": "9.137",
            "low": "9.132",
            "close": "9.152"
        },
        {
            "time": "19.06.2021 02:00",
            "open": "9.152",
            "high": "9.152",
            "low": "9.148",
            "close": "9.138"
        },
        {
            "time": "19.06.2021 02:01",
            "open": "9.138",
            "high": "9.138",
            "low": "9.138",
            "close": "9.16"
        },
        {
            "time": "19.06.2021 02:07",
            "open": "9.16",
            "high": "9.16",
            "low": "9.16",
            "close": "9.18"
        },
        {
            "time": "19.06.2021 02:08",
            "open": "9.18",
            "high": "9.2",
            "low": "9.18",
            "close": "9.22"
        },
        {
            "time": "19.06.2021 02:09",
            "open": "9.22",
            "high": "9.24",
            "low": "9.22",
            "close": "9.238"
        },
        {
            "time": "19.06.2021 02:10",
            "open": "9.238",
            "high": "9.267",
            "low": "9.238",
            "close": "9.268"
        },
        {
            "time": "19.06.2021 02:11",
            "open": "9.268",
            "high": "9.283",
            "low": "9.268",
            "close": "9.245"
        },
        {
            "time": "19.06.2021 02:12",
            "open": "9.245",
            "high": "9.248",
            "low": "9.245",
            "close": "9.283"
        },
        {
            "time": "19.06.2021 02:13",
            "open": "9.283",
            "high": "9.283",
            "low": "9.283",
            "close": "9.257"
        },
        {
            "time": "19.06.2021 02:27",
            "open": "9.257",
            "high": "9.257",
            "low": "9.257",
            "close": "9.249"
        },
        {
            "time": "19.06.2021 02:29",
            "open": "9.249",
            "high": "9.274",
            "low": "9.249",
            "close": "9.252"
        },
        {
            "time": "19.06.2021 02:30",
            "open": "9.252",
            "high": "9.252",
            "low": "9.252",
            "close": "9.237"
        },
        {
            "time": "19.06.2021 02:31",
            "open": "9.237",
            "high": "9.237",
            "low": "9.214",
            "close": "9.22"
        },
        {
            "time": "19.06.2021 02:32",
            "open": "9.22",
            "high": "9.22",
            "low": "9.22",
            "close": "9.212"
        },
        {
            "time": "19.06.2021 02:39",
            "open": "9.212",
            "high": "9.212",
            "low": "9.212",
            "close": "9.217"
        },
        {
            "time": "19.06.2021 02:41",
            "open": "9.217",
            "high": "9.217",
            "low": "9.217",
            "close": "9.217"
        },
        {
            "time": "19.06.2021 02:50",
            "open": "9.217",
            "high": "9.217",
            "low": "9.217",
            "close": "9.23"
        },
        {
            "time": "19.06.2021 03:05",
            "open": "9.23",
            "high": "9.23",
            "low": "9.23",
            "close": "9.241"
        },
        {
            "time": "19.06.2021 03:07",
            "open": "9.241",
            "high": "9.249",
            "low": "9.241",
            "close": "9.248"
        },
        {
            "time": "19.06.2021 03:08",
            "open": "9.248",
            "high": "9.256",
            "low": "9.248",
            "close": "9.263"
        },
        {
            "time": "19.06.2021 03:12",
            "open": "9.263",
            "high": "9.263",
            "low": "9.263",
            "close": "9.242"
        },
        {
            "time": "19.06.2021 03:13",
            "open": "9.242",
            "high": "9.242",
            "low": "9.242",
            "close": "9.285"
        },
        {
            "time": "19.06.2021 03:20",
            "open": "9.285",
            "high": "9.285",
            "low": "9.285",
            "close": "9.3"
        },
        {
            "time": "19.06.2021 03:21",
            "open": "9.3",
            "high": "9.3",
            "low": "9.3",
            "close": "9.301"
        },
        {
            "time": "19.06.2021 03:23",
            "open": "9.301",
            "high": "9.301",
            "low": "9.278",
            "close": "9.287"
        },
        {
            "time": "19.06.2021 03:24",
            "open": "9.287",
            "high": "9.287",
            "low": "9.282",
            "close": "9.282"
        },
        {
            "time": "19.06.2021 03:37",
            "open": "9.282",
            "high": "9.282",
            "low": "9.282",
            "close": "9.26"
        },
        {
            "time": "19.06.2021 03:41",
            "open": "9.26",
            "high": "9.26",
            "low": "9.26",
            "close": "9.283"
        },
        {
            "time": "19.06.2021 03:45",
            "open": "9.283",
            "high": "9.283",
            "low": "9.283",
            "close": "9.312"
        },
        {
            "time": "19.06.2021 03:49",
            "open": "9.312",
            "high": "9.312",
            "low": "9.298",
            "close": "9.282"
        },
        {
            "time": "19.06.2021 03:55",
            "open": "9.282",
            "high": "9.282",
            "low": "9.254",
            "close": "9.274"
        },
        {
            "time": "19.06.2021 03:57",
            "open": "9.274",
            "high": "9.274",
            "low": "9.274",
            "close": "9.271"
        },
        {
            "time": "19.06.2021 04:03",
            "open": "9.271",
            "high": "9.271",
            "low": "9.261",
            "close": "9.276"
        },
        {
            "time": "19.06.2021 04:04",
            "open": "9.276",
            "high": "9.276",
            "low": "9.274",
            "close": "9.272"
        },
        {
            "time": "19.06.2021 04:07",
            "open": "9.272",
            "high": "9.272",
            "low": "9.272",
            "close": "9.269"
        },
        {
            "time": "19.06.2021 04:14",
            "open": "9.269",
            "high": "9.271",
            "low": "9.269",
            "close": "9.303"
        },
        {
            "time": "19.06.2021 04:15",
            "open": "9.303",
            "high": "9.303",
            "low": "9.301",
            "close": "9.258"
        },
        {
            "time": "19.06.2021 04:16",
            "open": "9.258",
            "high": "9.258",
            "low": "9.258",
            "close": "9.282"
        },
        {
            "time": "19.06.2021 04:17",
            "open": "9.282",
            "high": "9.284",
            "low": "9.282",
            "close": "9.29"
        },
        {
            "time": "19.06.2021 04:21",
            "open": "9.29",
            "high": "9.29",
            "low": "9.29",
            "close": "9.286"
        },
        {
            "time": "19.06.2021 04:22",
            "open": "9.286",
            "high": "9.286",
            "low": "9.262",
            "close": "9.259"
        },
        {
            "time": "19.06.2021 04:31",
            "open": "9.259",
            "high": "9.259",
            "low": "9.246",
            "close": "9.234"
        },
        {
            "time": "19.06.2021 04:32",
            "open": "9.234",
            "high": "9.234",
            "low": "9.234",
            "close": "9.173"
        },
        {
            "time": "19.06.2021 04:35",
            "open": "9.173",
            "high": "9.192",
            "low": "9.173",
            "close": "9.156"
        },
        {
            "time": "19.06.2021 04:50",
            "open": "9.156",
            "high": "9.156",
            "low": "9.156",
            "close": "9.176"
        },
        {
            "time": "19.06.2021 04:55",
            "open": "9.176",
            "high": "9.176",
            "low": "9.176",
            "close": "9.191"
        },
        {
            "time": "19.06.2021 04:58",
            "open": "9.191",
            "high": "9.191",
            "low": "9.191",
            "close": "9.167"
        },
        {
            "time": "19.06.2021 05:03",
            "open": "9.167",
            "high": "9.167",
            "low": "9.167",
            "close": "9.202"
        },
        {
            "time": "19.06.2021 05:11",
            "open": "9.202",
            "high": "9.202",
            "low": "9.202",
            "close": "9.201"
        },
        {
            "time": "19.06.2021 05:19",
            "open": "9.201",
            "high": "9.201",
            "low": "9.201",
            "close": "9.196"
        },
        {
            "time": "19.06.2021 05:22",
            "open": "9.196",
            "high": "9.196",
            "low": "9.196",
            "close": "9.133"
        },
        {
            "time": "19.06.2021 05:29",
            "open": "9.133",
            "high": "9.133",
            "low": "9.133",
            "close": "9.126"
        },
        {
            "time": "19.06.2021 05:30",
            "open": "9.126",
            "high": "9.136",
            "low": "9.126",
            "close": "9.164"
        },
        {
            "time": "19.06.2021 05:31",
            "open": "9.164",
            "high": "9.164",
            "low": "9.164",
            "close": "9.188"
        },
        {
            "time": "19.06.2021 05:34",
            "open": "9.188",
            "high": "9.192",
            "low": "9.188",
            "close": "9.15"
        },
        {
            "time": "19.06.2021 05:40",
            "open": "9.15",
            "high": "9.15",
            "low": "9.15",
            "close": "9.103"
        },
        {
            "time": "19.06.2021 05:43",
            "open": "9.103",
            "high": "9.103",
            "low": "9.096",
            "close": "9.093"
        },
        {
            "time": "19.06.2021 05:44",
            "open": "9.093",
            "high": "9.097",
            "low": "9.093",
            "close": "9.055"
        },
        {
            "time": "19.06.2021 05:48",
            "open": "9.055",
            "high": "9.055",
            "low": "9.045",
            "close": "9.046"
        },
        {
            "time": "19.06.2021 05:49",
            "open": "9.046",
            "high": "9.046",
            "low": "9.044",
            "close": "9.076"
        },
        {
            "time": "19.06.2021 05:50",
            "open": "9.076",
            "high": "9.076",
            "low": "9.076",
            "close": "9.06"
        },
        {
            "time": "19.06.2021 05:52",
            "open": "9.06",
            "high": "9.081",
            "low": "9.06",
            "close": "9.082"
        },
        {
            "time": "19.06.2021 05:53",
            "open": "9.082",
            "high": "9.082",
            "low": "9.082",
            "close": "9.06"
        },
        {
            "time": "19.06.2021 05:54",
            "open": "9.06",
            "high": "9.06",
            "low": "9.059",
            "close": "9.052"
        },
        {
            "time": "19.06.2021 05:55",
            "open": "9.052",
            "high": "9.053",
            "low": "9.052",
            "close": "9.078"
        },
        {
            "time": "19.06.2021 06:07",
            "open": "9.078",
            "high": "9.078",
            "low": "9.074",
            "close": "9.036"
        },
        {
            "time": "19.06.2021 06:10",
            "open": "9.036",
            "high": "9.036",
            "low": "9.036",
            "close": "9.048"
        },
        {
            "time": "19.06.2021 06:11",
            "open": "9.048",
            "high": "9.048",
            "low": "9.032",
            "close": "9.021"
        },
        {
            "time": "19.06.2021 06:16",
            "open": "9.021",
            "high": "9.021",
            "low": "9",
            "close": "9.024"
        },
        {
            "time": "19.06.2021 06:23",
            "open": "9.024",
            "high": "9.037",
            "low": "9.024",
            "close": "9.1"
        },
        {
            "time": "19.06.2021 06:30",
            "open": "9.1",
            "high": "9.1",
            "low": "9.099",
            "close": "9.137"
        },
        {
            "time": "19.06.2021 06:31",
            "open": "9.137",
            "high": "9.137",
            "low": "9.137",
            "close": "9.141"
        },
        {
            "time": "19.06.2021 06:32",
            "open": "9.141",
            "high": "9.141",
            "low": "9.127",
            "close": "9.126"
        },
        {
            "time": "19.06.2021 06:36",
            "open": "9.126",
            "high": "9.126",
            "low": "9.083",
            "close": "9.128"
        },
        {
            "time": "19.06.2021 06:40",
            "open": "9.128",
            "high": "9.128",
            "low": "9.128",
            "close": "9.126"
        },
        {
            "time": "19.06.2021 06:43",
            "open": "9.126",
            "high": "9.126",
            "low": "9.126",
            "close": "9.064"
        },
        {
            "time": "19.06.2021 06:50",
            "open": "9.064",
            "high": "9.064",
            "low": "9.064",
            "close": "9.103"
        },
        {
            "time": "19.06.2021 06:55",
            "open": "9.103",
            "high": "9.103",
            "low": "9.103",
            "close": "9.123"
        },
        {
            "time": "19.06.2021 06:56",
            "open": "9.123",
            "high": "9.123",
            "low": "9.123",
            "close": "9.117"
        },
        {
            "time": "19.06.2021 06:57",
            "open": "9.117",
            "high": "9.117",
            "low": "9.117",
            "close": "9.108"
        },
        {
            "time": "19.06.2021 07:02",
            "open": "9.108",
            "high": "9.108",
            "low": "9.108",
            "close": "9.155"
        },
        {
            "time": "19.06.2021 07:16",
            "open": "9.155",
            "high": "9.157",
            "low": "9.155",
            "close": "9.182"
        },
        {
            "time": "19.06.2021 07:23",
            "open": "9.182",
            "high": "9.182",
            "low": "9.182",
            "close": "9.18"
        },
        {
            "time": "19.06.2021 07:24",
            "open": "9.18",
            "high": "9.18",
            "low": "9.168",
            "close": "9.188"
        },
        {
            "time": "19.06.2021 07:27",
            "open": "9.188",
            "high": "9.188",
            "low": "9.188",
            "close": "9.231"
        },
        {
            "time": "19.06.2021 07:33",
            "open": "9.231",
            "high": "9.231",
            "low": "9.231",
            "close": "9.23"
        },
        {
            "time": "19.06.2021 07:36",
            "open": "9.23",
            "high": "9.23",
            "low": "9.229",
            "close": "9.21"
        },
        {
            "time": "19.06.2021 07:46",
            "open": "9.21",
            "high": "9.21",
            "low": "9.209",
            "close": "9.209"
        },
        {
            "time": "19.06.2021 07:47",
            "open": "9.209",
            "high": "9.209",
            "low": "9.209",
            "close": "9.213"
        },
        {
            "time": "19.06.2021 07:53",
            "open": "9.213",
            "high": "9.216",
            "low": "9.213",
            "close": "9.243"
        },
        {
            "time": "19.06.2021 08:01",
            "open": "9.243",
            "high": "9.244",
            "low": "9.234",
            "close": "9.248"
        },
        {
            "time": "19.06.2021 08:03",
            "open": "9.248",
            "high": "9.253",
            "low": "9.248",
            "close": "9.261"
        },
        {
            "time": "19.06.2021 08:04",
            "open": "9.261",
            "high": "9.261",
            "low": "9.261",
            "close": "9.26"
        },
        {
            "time": "19.06.2021 08:16",
            "open": "9.26",
            "high": "9.26",
            "low": "9.26",
            "close": "9.237"
        },
        {
            "time": "19.06.2021 08:18",
            "open": "9.237",
            "high": "9.237",
            "low": "9.223",
            "close": "9.217"
        },
        {
            "time": "19.06.2021 08:24",
            "open": "9.217",
            "high": "9.217",
            "low": "9.217",
            "close": "9.201"
        },
        {
            "time": "19.06.2021 08:29",
            "open": "9.201",
            "high": "9.214",
            "low": "9.201",
            "close": "9.253"
        },
        {
            "time": "19.06.2021 08:31",
            "open": "9.253",
            "high": "9.253",
            "low": "9.253",
            "close": "9.253"
        },
        {
            "time": "19.06.2021 08:32",
            "open": "9.253",
            "high": "9.253",
            "low": "9.253",
            "close": "9.242"
        },
        {
            "time": "19.06.2021 08:35",
            "open": "9.242",
            "high": "9.242",
            "low": "9.234",
            "close": "9.237"
        },
        {
            "time": "19.06.2021 08:36",
            "open": "9.237",
            "high": "9.244",
            "low": "9.237",
            "close": "9.237"
        },
        {
            "time": "19.06.2021 08:37",
            "open": "9.237",
            "high": "9.237",
            "low": "9.233",
            "close": "9.23"
        },
        {
            "time": "19.06.2021 08:38",
            "open": "9.23",
            "high": "9.23",
            "low": "9.229",
            "close": "9.23"
        },
        {
            "time": "19.06.2021 08:39",
            "open": "9.23",
            "high": "9.249",
            "low": "9.23",
            "close": "9.243"
        },
        {
            "time": "19.06.2021 08:42",
            "open": "9.243",
            "high": "9.26",
            "low": "9.243",
            "close": "9.235"
        },
        {
            "time": "19.06.2021 08:56",
            "open": "9.235",
            "high": "9.235",
            "low": "9.235",
            "close": "9.226"
        },
        {
            "time": "19.06.2021 08:57",
            "open": "9.226",
            "high": "9.226",
            "low": "9.226",
            "close": "9.227"
        },
        {
            "time": "19.06.2021 09:03",
            "open": "9.227",
            "high": "9.227",
            "low": "9.226",
            "close": "9.226"
        },
        {
            "time": "19.06.2021 09:05",
            "open": "9.226",
            "high": "9.226",
            "low": "9.226",
            "close": "9.226"
        },
        {
            "time": "19.06.2021 09:06",
            "open": "9.226",
            "high": "9.226",
            "low": "9.226",
            "close": "9.203"
        },
        {
            "time": "19.06.2021 09:11",
            "open": "9.203",
            "high": "9.203",
            "low": "9.203",
            "close": "9.178"
        },
        {
            "time": "19.06.2021 09:18",
            "open": "9.178",
            "high": "9.178",
            "low": "9.178",
            "close": "9.159"
        },
        {
            "time": "19.06.2021 09:19",
            "open": "9.159",
            "high": "9.159",
            "low": "9.124",
            "close": "9.127"
        },
        {
            "time": "19.06.2021 09:25",
            "open": "9.127",
            "high": "9.127",
            "low": "9.127",
            "close": "9.127"
        },
        {
            "time": "19.06.2021 09:30",
            "open": "9.127",
            "high": "9.127",
            "low": "9.127",
            "close": "9.144"
        },
        {
            "time": "19.06.2021 09:36",
            "open": "9.144",
            "high": "9.152",
            "low": "9.144",
            "close": "9.158"
        },
        {
            "time": "19.06.2021 09:37",
            "open": "9.158",
            "high": "9.158",
            "low": "9.158",
            "close": "9.161"
        },
        {
            "time": "19.06.2021 09:42",
            "open": "9.161",
            "high": "9.161",
            "low": "9.161",
            "close": "9.175"
        },
        {
            "time": "19.06.2021 09:46",
            "open": "9.175",
            "high": "9.175",
            "low": "9.175",
            "close": "9.173"
        },
        {
            "time": "19.06.2021 09:48",
            "open": "9.173",
            "high": "9.173",
            "low": "9.172",
            "close": "9.157"
        },
        {
            "time": "19.06.2021 09:49",
            "open": "9.157",
            "high": "9.165",
            "low": "9.157",
            "close": "9.137"
        },
        {
            "time": "19.06.2021 09:52",
            "open": "9.137",
            "high": "9.137",
            "low": "9.137",
            "close": "9.174"
        },
        {
            "time": "19.06.2021 10:00",
            "open": "9.174",
            "high": "9.174",
            "low": "9.174",
            "close": "9.174"
        },
        {
            "time": "19.06.2021 10:01",
            "open": "9.174",
            "high": "9.174",
            "low": "9.171",
            "close": "9.135"
        },
        {
            "time": "19.06.2021 10:14",
            "open": "9.135",
            "high": "9.135",
            "low": "9.135",
            "close": "9.146"
        },
        {
            "time": "19.06.2021 10:16",
            "open": "9.146",
            "high": "9.146",
            "low": "9.146",
            "close": "9.192"
        },
        {
            "time": "19.06.2021 10:33",
            "open": "9.192",
            "high": "9.23",
            "low": "9.192",
            "close": "9.23"
        },
        {
            "time": "19.06.2021 10:41",
            "open": "9.23",
            "high": "9.23",
            "low": "9.23",
            "close": "9.229"
        },
        {
            "time": "19.06.2021 10:49",
            "open": "9.229",
            "high": "9.229",
            "low": "9.229",
            "close": "9.227"
        },
        {
            "time": "19.06.2021 10:50",
            "open": "9.227",
            "high": "9.227",
            "low": "9.223",
            "close": "9.233"
        },
        {
            "time": "19.06.2021 10:55",
            "open": "9.233",
            "high": "9.235",
            "low": "9.233",
            "close": "9.226"
        },
        {
            "time": "19.06.2021 11:01",
            "open": "9.226",
            "high": "9.226",
            "low": "9.226",
            "close": "9.222"
        },
        {
            "time": "19.06.2021 11:02",
            "open": "9.222",
            "high": "9.23",
            "low": "9.222",
            "close": "9.196"
        },
        {
            "time": "19.06.2021 11:18",
            "open": "9.196",
            "high": "9.196",
            "low": "9.196",
            "close": "9.199"
        },
        {
            "time": "19.06.2021 11:22",
            "open": "9.199",
            "high": "9.199",
            "low": "9.199",
            "close": "9.213"
        },
        {
            "time": "19.06.2021 11:36",
            "open": "9.213",
            "high": "9.213",
            "low": "9.213",
            "close": "9.226"
        },
        {
            "time": "19.06.2021 11:44",
            "open": "9.226",
            "high": "9.226",
            "low": "9.226",
            "close": "9.2"
        },
        {
            "time": "19.06.2021 11:50",
            "open": "9.2",
            "high": "9.2",
            "low": "9.2",
            "close": "9.204"
        },
        {
            "time": "19.06.2021 12:09",
            "open": "9.204",
            "high": "9.204",
            "low": "9.204",
            "close": "9.191"
        },
        {
            "time": "19.06.2021 12:14",
            "open": "9.191",
            "high": "9.191",
            "low": "9.176",
            "close": "9.166"
        },
        {
            "time": "19.06.2021 12:21",
            "open": "9.166",
            "high": "9.183",
            "low": "9.166",
            "close": "9.173"
        },
        {
            "time": "19.06.2021 12:22",
            "open": "9.173",
            "high": "9.173",
            "low": "9.173",
            "close": "9.18"
        },
        {
            "time": "19.06.2021 12:25",
            "open": "9.18",
            "high": "9.18",
            "low": "9.18",
            "close": "9.193"
        },
        {
            "time": "19.06.2021 12:27",
            "open": "9.193",
            "high": "9.193",
            "low": "9.168",
            "close": "9.159"
        },
        {
            "time": "19.06.2021 12:28",
            "open": "9.159",
            "high": "9.166",
            "low": "9.159",
            "close": "9.205"
        },
        {
            "time": "19.06.2021 12:30",
            "open": "9.205",
            "high": "9.205",
            "low": "9.205",
            "close": "9.221"
        },
        {
            "time": "19.06.2021 12:31",
            "open": "9.221",
            "high": "9.221",
            "low": "9.206",
            "close": "9.178"
        },
        {
            "time": "19.06.2021 12:33",
            "open": "9.178",
            "high": "9.178",
            "low": "9.178",
            "close": "9.175"
        },
        {
            "time": "19.06.2021 12:37",
            "open": "9.175",
            "high": "9.175",
            "low": "9.175",
            "close": "9.194"
        },
        {
            "time": "19.06.2021 12:45",
            "open": "9.194",
            "high": "9.194",
            "low": "9.194",
            "close": "9.206"
        },
        {
            "time": "19.06.2021 12:46",
            "open": "9.206",
            "high": "9.209",
            "low": "9.206",
            "close": "9.193"
        },
        {
            "time": "19.06.2021 12:51",
            "open": "9.193",
            "high": "9.193",
            "low": "9.193",
            "close": "9.164"
        },
        {
            "time": "19.06.2021 13:06",
            "open": "9.164",
            "high": "9.164",
            "low": "9.164",
            "close": "9.182"
        },
        {
            "time": "19.06.2021 13:12",
            "open": "9.182",
            "high": "9.182",
            "low": "9.182",
            "close": "9.215"
        },
        {
            "time": "19.06.2021 13:31",
            "open": "9.215",
            "high": "9.215",
            "low": "9.215",
            "close": "9.215"
        },
        {
            "time": "19.06.2021 13:33",
            "open": "9.215",
            "high": "9.215",
            "low": "9.215",
            "close": "9.205"
        },
        {
            "time": "19.06.2021 13:41",
            "open": "9.205",
            "high": "9.205",
            "low": "9.205",
            "close": "9.194"
        },
        {
            "time": "19.06.2021 13:45",
            "open": "9.194",
            "high": "9.194",
            "low": "9.17",
            "close": "9.187"
        },
        {
            "time": "19.06.2021 13:46",
            "open": "9.187",
            "high": "9.187",
            "low": "9.185",
            "close": "9.183"
        },
        {
            "time": "19.06.2021 14:00",
            "open": "9.183",
            "high": "9.188",
            "low": "9.183",
            "close": "9.175"
        },
        {
            "time": "19.06.2021 14:03",
            "open": "9.175",
            "high": "9.175",
            "low": "9.173",
            "close": "9.185"
        },
        {
            "time": "19.06.2021 14:04",
            "open": "9.185",
            "high": "9.23",
            "low": "9.185",
            "close": "9.24"
        },
        {
            "time": "19.06.2021 14:07",
            "open": "9.24",
            "high": "9.24",
            "low": "9.239",
            "close": "9.269"
        },
        {
            "time": "19.06.2021 14:15",
            "open": "9.269",
            "high": "9.32",
            "low": "9.269",
            "close": "9.315"
        },
        {
            "time": "19.06.2021 14:16",
            "open": "9.315",
            "high": "9.315",
            "low": "9.315",
            "close": "9.309"
        },
        {
            "time": "19.06.2021 14:17",
            "open": "9.309",
            "high": "9.315",
            "low": "9.309",
            "close": "9.283"
        },
        {
            "time": "19.06.2021 14:19",
            "open": "9.283",
            "high": "9.283",
            "low": "9.264",
            "close": "9.281"
        },
        {
            "time": "19.06.2021 14:22",
            "open": "9.281",
            "high": "9.281",
            "low": "9.281",
            "close": "9.3"
        },
        {
            "time": "19.06.2021 14:23",
            "open": "9.3",
            "high": "9.3",
            "low": "9.3",
            "close": "9.29"
        },
        {
            "time": "19.06.2021 14:25",
            "open": "9.29",
            "high": "9.295",
            "low": "9.29",
            "close": "9.3"
        },
        {
            "time": "19.06.2021 14:27",
            "open": "9.3",
            "high": "9.3",
            "low": "9.3",
            "close": "9.301"
        },
        {
            "time": "19.06.2021 14:30",
            "open": "9.301",
            "high": "9.301",
            "low": "9.301",
            "close": "9.282"
        },
        {
            "time": "19.06.2021 14:31",
            "open": "9.282",
            "high": "9.282",
            "low": "9.28",
            "close": "9.3"
        },
        {
            "time": "19.06.2021 14:38",
            "open": "9.3",
            "high": "9.305",
            "low": "9.284",
            "close": "9.281"
        },
        {
            "time": "19.06.2021 14:40",
            "open": "9.281",
            "high": "9.281",
            "low": "9.281",
            "close": "9.217"
        },
        {
            "time": "19.06.2021 14:48",
            "open": "9.217",
            "high": "9.217",
            "low": "9.214",
            "close": "9.18"
        },
        {
            "time": "19.06.2021 14:50",
            "open": "9.18",
            "high": "9.18",
            "low": "9.164",
            "close": "9.162"
        },
        {
            "time": "19.06.2021 14:51",
            "open": "9.162",
            "high": "9.162",
            "low": "9.162",
            "close": "9.177"
        },
        {
            "time": "19.06.2021 14:53",
            "open": "9.177",
            "high": "9.177",
            "low": "9.177",
            "close": "9.182"
        },
        {
            "time": "19.06.2021 14:56",
            "open": "9.182",
            "high": "9.182",
            "low": "9.182",
            "close": "9.173"
        },
        {
            "time": "19.06.2021 15:15",
            "open": "9.173",
            "high": "9.173",
            "low": "9.173",
            "close": "9.184"
        },
        {
            "time": "19.06.2021 15:16",
            "open": "9.184",
            "high": "9.184",
            "low": "9.184",
            "close": "9.191"
        },
        {
            "time": "19.06.2021 15:20",
            "open": "9.191",
            "high": "9.191",
            "low": "9.191",
            "close": "9.21"
        },
        {
            "time": "19.06.2021 15:31",
            "open": "9.21",
            "high": "9.21",
            "low": "9.21",
            "close": "9.21"
        },
        {
            "time": "19.06.2021 15:32",
            "open": "9.21",
            "high": "9.21",
            "low": "9.21",
            "close": "9.189"
        },
        {
            "time": "19.06.2021 15:33",
            "open": "9.189",
            "high": "9.199",
            "low": "9.189",
            "close": "9.167"
        },
        {
            "time": "19.06.2021 15:47",
            "open": "9.167",
            "high": "9.18",
            "low": "9.167",
            "close": "9.195"
        },
        {
            "time": "19.06.2021 15:48",
            "open": "9.195",
            "high": "9.195",
            "low": "9.195",
            "close": "9.161"
        },
        {
            "time": "19.06.2021 15:55",
            "open": "9.161",
            "high": "9.161",
            "low": "9.161",
            "close": "9.183"
        },
        {
            "time": "19.06.2021 15:59",
            "open": "9.183",
            "high": "9.195",
            "low": "9.183",
            "close": "9.199"
        },
        {
            "time": "19.06.2021 16:00",
            "open": "9.199",
            "high": "9.22",
            "low": "9.199",
            "close": "9.218"
        },
        {
            "time": "19.06.2021 16:01",
            "open": "9.218",
            "high": "9.221",
            "low": "9.218",
            "close": "9.223"
        },
        {
            "time": "19.06.2021 16:04",
            "open": "9.223",
            "high": "9.223",
            "low": "9.216",
            "close": "9.238"
        },
        {
            "time": "19.06.2021 16:16",
            "open": "9.238",
            "high": "9.239",
            "low": "9.238",
            "close": "9.24"
        },
        {
            "time": "19.06.2021 16:17",
            "open": "9.24",
            "high": "9.24",
            "low": "9.24",
            "close": "9.254"
        },
        {
            "time": "19.06.2021 16:19",
            "open": "9.254",
            "high": "9.256",
            "low": "9.254",
            "close": "9.252"
        },
        {
            "time": "19.06.2021 16:21",
            "open": "9.252",
            "high": "9.252",
            "low": "9.252",
            "close": "9.257"
        },
        {
            "time": "19.06.2021 16:22",
            "open": "9.257",
            "high": "9.257",
            "low": "9.257",
            "close": "9.283"
        },
        {
            "time": "19.06.2021 16:32",
            "open": "9.283",
            "high": "9.283",
            "low": "9.262",
            "close": "9.304"
        },
        {
            "time": "19.06.2021 16:34",
            "open": "9.304",
            "high": "9.304",
            "low": "9.304",
            "close": "9.295"
        },
        {
            "time": "19.06.2021 16:35",
            "open": "9.295",
            "high": "9.295",
            "low": "9.295",
            "close": "9.308"
        },
        {
            "time": "19.06.2021 16:36",
            "open": "9.308",
            "high": "9.319",
            "low": "9.308",
            "close": "9.314"
        },
        {
            "time": "19.06.2021 16:37",
            "open": "9.314",
            "high": "9.314",
            "low": "9.314",
            "close": "9.285"
        },
        {
            "time": "19.06.2021 16:40",
            "open": "9.285",
            "high": "9.285",
            "low": "9.285",
            "close": "9.297"
        },
        {
            "time": "19.06.2021 16:50",
            "open": "9.297",
            "high": "9.297",
            "low": "9.297",
            "close": "9.283"
        },
        {
            "time": "19.06.2021 16:51",
            "open": "9.283",
            "high": "9.283",
            "low": "9.283",
            "close": "9.32"
        },
        {
            "time": "19.06.2021 16:58",
            "open": "9.32",
            "high": "9.32",
            "low": "9.32",
            "close": "9.318"
        },
        {
            "time": "19.06.2021 17:00",
            "open": "9.318",
            "high": "9.318",
            "low": "9.317",
            "close": "9.317"
        },
        {
            "time": "19.06.2021 17:04",
            "open": "9.317",
            "high": "9.317",
            "low": "9.317",
            "close": "9.309"
        },
        {
            "time": "19.06.2021 17:16",
            "open": "9.309",
            "high": "9.309",
            "low": "9.309",
            "close": "9.302"
        },
        {
            "time": "19.06.2021 17:17",
            "open": "9.302",
            "high": "9.302",
            "low": "9.302",
            "close": "9.317"
        },
        {
            "time": "19.06.2021 17:19",
            "open": "9.317",
            "high": "9.317",
            "low": "9.317",
            "close": "9.305"
        },
        {
            "time": "19.06.2021 17:20",
            "open": "9.305",
            "high": "9.305",
            "low": "9.305",
            "close": "9.31"
        },
        {
            "time": "19.06.2021 17:23",
            "open": "9.31",
            "high": "9.31",
            "low": "9.305",
            "close": "9.282"
        },
        {
            "time": "19.06.2021 17:24",
            "open": "9.282",
            "high": "9.282",
            "low": "9.282",
            "close": "9.308"
        },
        {
            "time": "19.06.2021 17:27",
            "open": "9.308",
            "high": "9.308",
            "low": "9.307",
            "close": "9.257"
        },
        {
            "time": "19.06.2021 17:30",
            "open": "9.257",
            "high": "9.257",
            "low": "9.248",
            "close": "9.264"
        },
        {
            "time": "19.06.2021 17:31",
            "open": "9.264",
            "high": "9.264",
            "low": "9.264",
            "close": "9.27"
        },
        {
            "time": "19.06.2021 17:33",
            "open": "9.27",
            "high": "9.27",
            "low": "9.27",
            "close": "9.276"
        },
        {
            "time": "19.06.2021 17:34",
            "open": "9.276",
            "high": "9.28",
            "low": "9.275",
            "close": "9.275"
        },
        {
            "time": "19.06.2021 17:35",
            "open": "9.275",
            "high": "9.277",
            "low": "9.275",
            "close": "9.27"
        },
        {
            "time": "19.06.2021 17:46",
            "open": "9.27",
            "high": "9.27",
            "low": "9.27",
            "close": "9.294"
        },
        {
            "time": "19.06.2021 17:47",
            "open": "9.294",
            "high": "9.294",
            "low": "9.294",
            "close": "9.311"
        },
        {
            "time": "19.06.2021 17:50",
            "open": "9.311",
            "high": "9.311",
            "low": "9.311",
            "close": "9.328"
        },
        {
            "time": "19.06.2021 17:52",
            "open": "9.328",
            "high": "9.334",
            "low": "9.328",
            "close": "9.296"
        },
        {
            "time": "19.06.2021 17:55",
            "open": "9.296",
            "high": "9.309",
            "low": "9.296",
            "close": "9.34"
        },
        {
            "time": "19.06.2021 17:56",
            "open": "9.34",
            "high": "9.35",
            "low": "9.34",
            "close": "9.301"
        },
        {
            "time": "19.06.2021 18:00",
            "open": "9.301",
            "high": "9.311",
            "low": "9.296",
            "close": "9.311"
        },
        {
            "time": "19.06.2021 18:01",
            "open": "9.311",
            "high": "9.311",
            "low": "9.311",
            "close": "9.303"
        },
        {
            "time": "19.06.2021 18:05",
            "open": "9.303",
            "high": "9.303",
            "low": "9.25",
            "close": "9.256"
        },
        {
            "time": "19.06.2021 18:08",
            "open": "9.256",
            "high": "9.26",
            "low": "9.256",
            "close": "9.267"
        },
        {
            "time": "19.06.2021 18:09",
            "open": "9.267",
            "high": "9.267",
            "low": "9.262",
            "close": "9.256"
        },
        {
            "time": "19.06.2021 18:10",
            "open": "9.256",
            "high": "9.256",
            "low": "9.256",
            "close": "9.274"
        },
        {
            "time": "19.06.2021 18:16",
            "open": "9.274",
            "high": "9.274",
            "low": "9.274",
            "close": "9.253"
        },
        {
            "time": "19.06.2021 18:17",
            "open": "9.253",
            "high": "9.253",
            "low": "9.253",
            "close": "9.247"
        },
        {
            "time": "19.06.2021 18:18",
            "open": "9.247",
            "high": "9.247",
            "low": "9.238",
            "close": "9.226"
        },
        {
            "time": "19.06.2021 18:19",
            "open": "9.226",
            "high": "9.226",
            "low": "9.226",
            "close": "9.228"
        },
        {
            "time": "19.06.2021 18:20",
            "open": "9.228",
            "high": "9.228",
            "low": "9.218",
            "close": "9.209"
        },
        {
            "time": "19.06.2021 18:22",
            "open": "9.209",
            "high": "9.209",
            "low": "9.209",
            "close": "9.225"
        },
        {
            "time": "19.06.2021 18:23",
            "open": "9.225",
            "high": "9.226",
            "low": "9.225",
            "close": "9.23"
        },
        {
            "time": "19.06.2021 18:24",
            "open": "9.23",
            "high": "9.239",
            "low": "9.216",
            "close": "9.2"
        },
        {
            "time": "19.06.2021 18:26",
            "open": "9.2",
            "high": "9.2",
            "low": "9.2",
            "close": "9.192"
        },
        {
            "time": "19.06.2021 18:27",
            "open": "9.192",
            "high": "9.192",
            "low": "9.192",
            "close": "9.205"
        },
        {
            "time": "19.06.2021 18:28",
            "open": "9.205",
            "high": "9.209",
            "low": "9.205",
            "close": "9.232"
        },
        {
            "time": "19.06.2021 18:31",
            "open": "9.232",
            "high": "9.233",
            "low": "9.232",
            "close": "9.242"
        },
        {
            "time": "19.06.2021 18:32",
            "open": "9.242",
            "high": "9.249",
            "low": "9.242",
            "close": "9.254"
        },
        {
            "time": "19.06.2021 18:33",
            "open": "9.254",
            "high": "9.267",
            "low": "9.254",
            "close": "9.242"
        },
        {
            "time": "19.06.2021 18:34",
            "open": "9.242",
            "high": "9.242",
            "low": "9.242",
            "close": "9.206"
        },
        {
            "time": "19.06.2021 18:43",
            "open": "9.206",
            "high": "9.206",
            "low": "9.203",
            "close": "9.221"
        },
        {
            "time": "19.06.2021 18:45",
            "open": "9.221",
            "high": "9.221",
            "low": "9.221",
            "close": "9.25"
        },
        {
            "time": "19.06.2021 18:46",
            "open": "9.25",
            "high": "9.253",
            "low": "9.25",
            "close": "9.177"
        },
        {
            "time": "19.06.2021 18:47",
            "open": "9.177",
            "high": "9.177",
            "low": "9.177",
            "close": "9.184"
        },
        {
            "time": "19.06.2021 18:50",
            "open": "9.184",
            "high": "9.204",
            "low": "9.184",
            "close": "9.206"
        },
        {
            "time": "19.06.2021 18:59",
            "open": "9.206",
            "high": "9.206",
            "low": "9.206",
            "close": "9.188"
        },
        {
            "time": "19.06.2021 19:05",
            "open": "9.188",
            "high": "9.188",
            "low": "9.161",
            "close": "9.139"
        },
        {
            "time": "19.06.2021 19:06",
            "open": "9.139",
            "high": "9.146",
            "low": "9.139",
            "close": "9.135"
        },
        {
            "time": "19.06.2021 19:12",
            "open": "9.135",
            "high": "9.135",
            "low": "9.135",
            "close": "9.139"
        },
        {
            "time": "19.06.2021 19:18",
            "open": "9.139",
            "high": "9.139",
            "low": "9.139",
            "close": "9.137"
        },
        {
            "time": "19.06.2021 19:19",
            "open": "9.137",
            "high": "9.137",
            "low": "9.136",
            "close": "9.143"
        },
        {
            "time": "19.06.2021 19:23",
            "open": "9.143",
            "high": "9.145",
            "low": "9.143",
            "close": "9.178"
        },
        {
            "time": "19.06.2021 19:27",
            "open": "9.178",
            "high": "9.178",
            "low": "9.178",
            "close": "9.171"
        },
        {
            "time": "19.06.2021 19:29",
            "open": "9.171",
            "high": "9.171",
            "low": "9.152",
            "close": "9.14"
        },
        {
            "time": "19.06.2021 19:30",
            "open": "9.14",
            "high": "9.172",
            "low": "9.14",
            "close": "9.187"
        },
        {
            "time": "19.06.2021 19:40",
            "open": "9.187",
            "high": "9.187",
            "low": "9.187",
            "close": "9.146"
        },
        {
            "time": "19.06.2021 19:49",
            "open": "9.146",
            "high": "9.146",
            "low": "9.142",
            "close": "9.164"
        },
        {
            "time": "19.06.2021 19:55",
            "open": "9.164",
            "high": "9.177",
            "low": "9.164",
            "close": "9.165"
        },
        {
            "time": "19.06.2021 19:57",
            "open": "9.165",
            "high": "9.165",
            "low": "9.145",
            "close": "9.143"
        },
        {
            "time": "19.06.2021 19:58",
            "open": "9.143",
            "high": "9.143",
            "low": "9.143",
            "close": "9.128"
        },
        {
            "time": "19.06.2021 20:04",
            "open": "9.128",
            "high": "9.133",
            "low": "9.128",
            "close": "9.153"
        },
        {
            "time": "19.06.2021 20:07",
            "open": "9.153",
            "high": "9.153",
            "low": "9.153",
            "close": "9.145"
        },
        {
            "time": "19.06.2021 20:08",
            "open": "9.145",
            "high": "9.145",
            "low": "9.136",
            "close": "9.133"
        },
        {
            "time": "19.06.2021 20:11",
            "open": "9.133",
            "high": "9.133",
            "low": "9.133",
            "close": "9.156"
        },
        {
            "time": "19.06.2021 20:14",
            "open": "9.156",
            "high": "9.156",
            "low": "9.156",
            "close": "9.177"
        },
        {
            "time": "19.06.2021 20:15",
            "open": "9.177",
            "high": "9.177",
            "low": "9.147",
            "close": "9.11"
        },
        {
            "time": "19.06.2021 20:18",
            "open": "9.11",
            "high": "9.11",
            "low": "9.094",
            "close": "9.098"
        },
        {
            "time": "19.06.2021 20:20",
            "open": "9.098",
            "high": "9.115",
            "low": "9.098",
            "close": "9.082"
        },
        {
            "time": "19.06.2021 20:25",
            "open": "9.082",
            "high": "9.088",
            "low": "9.082",
            "close": "9.086"
        },
        {
            "time": "19.06.2021 20:26",
            "open": "9.086",
            "high": "9.086",
            "low": "9.086",
            "close": "9.074"
        },
        {
            "time": "19.06.2021 20:32",
            "open": "9.074",
            "high": "9.076",
            "low": "9.074",
            "close": "9.084"
        },
        {
            "time": "19.06.2021 20:34",
            "open": "9.084",
            "high": "9.084",
            "low": "9.084",
            "close": "9.073"
        },
        {
            "time": "19.06.2021 20:35",
            "open": "9.073",
            "high": "9.095",
            "low": "9.073",
            "close": "9.089"
        },
        {
            "time": "19.06.2021 20:41",
            "open": "9.089",
            "high": "9.089",
            "low": "9.089",
            "close": "9.084"
        },
        {
            "time": "19.06.2021 20:44",
            "open": "9.084",
            "high": "9.084",
            "low": "9.083",
            "close": "9.127"
        },
        {
            "time": "19.06.2021 20:51",
            "open": "9.127",
            "high": "9.153",
            "low": "9.127",
            "close": "9.125"
        },
        {
            "time": "19.06.2021 20:58",
            "open": "9.125",
            "high": "9.127",
            "low": "9.125",
            "close": "9.136"
        },
        {
            "time": "19.06.2021 21:00",
            "open": "9.136",
            "high": "9.136",
            "low": "9.127",
            "close": "9.128"
        },
        {
            "time": "19.06.2021 21:12",
            "open": "9.128",
            "high": "9.128",
            "low": "9.127",
            "close": "9.14"
        },
        {
            "time": "19.06.2021 21:13",
            "open": "9.14",
            "high": "9.14",
            "low": "9.126",
            "close": "9.126"
        },
        {
            "time": "19.06.2021 21:14",
            "open": "9.126",
            "high": "9.126",
            "low": "9.126",
            "close": "9.128"
        },
        {
            "time": "19.06.2021 21:15",
            "open": "9.128",
            "high": "9.128",
            "low": "9.126",
            "close": "9.137"
        },
        {
            "time": "19.06.2021 21:16",
            "open": "9.137",
            "high": "9.149",
            "low": "9.137",
            "close": "9.119"
        },
        {
            "time": "19.06.2021 21:17",
            "open": "9.119",
            "high": "9.119",
            "low": "9.117",
            "close": "9.135"
        },
        {
            "time": "19.06.2021 21:21",
            "open": "9.135",
            "high": "9.144",
            "low": "9.135",
            "close": "9.162"
        },
        {
            "time": "19.06.2021 21:24",
            "open": "9.162",
            "high": "9.162",
            "low": "9.162",
            "close": "9.153"
        },
        {
            "time": "19.06.2021 21:27",
            "open": "9.153",
            "high": "9.153",
            "low": "9.153",
            "close": "9.149"
        },
        {
            "time": "19.06.2021 21:28",
            "open": "9.149",
            "high": "9.157",
            "low": "9.149",
            "close": "9.14"
        },
        {
            "time": "19.06.2021 21:30",
            "open": "9.14",
            "high": "9.14",
            "low": "9.138",
            "close": "9.129"
        },
        {
            "time": "19.06.2021 21:31",
            "open": "9.129",
            "high": "9.129",
            "low": "9.095",
            "close": "9.126"
        },
        {
            "time": "19.06.2021 21:39",
            "open": "9.126",
            "high": "9.126",
            "low": "9.126",
            "close": "9.163"
        },
        {
            "time": "19.06.2021 21:45",
            "open": "9.163",
            "high": "9.163",
            "low": "9.144",
            "close": "9.135"
        },
        {
            "time": "19.06.2021 21:51",
            "open": "9.135",
            "high": "9.158",
            "low": "9.135",
            "close": "9.139"
        },
        {
            "time": "19.06.2021 21:52",
            "open": "9.139",
            "high": "9.139",
            "low": "9.138",
            "close": "9.12"
        },
        {
            "time": "19.06.2021 21:58",
            "open": "9.12",
            "high": "9.12",
            "low": "9.12",
            "close": "9.123"
        },
        {
            "time": "19.06.2021 21:59",
            "open": "9.123",
            "high": "9.154",
            "low": "9.123",
            "close": "9.154"
        },
        {
            "time": "19.06.2021 22:05",
            "open": "9.154",
            "high": "9.159",
            "low": "9.154",
            "close": "9.151"
        },
        {
            "time": "19.06.2021 22:11",
            "open": "9.151",
            "high": "9.154",
            "low": "9.151",
            "close": "9.086"
        },
        {
            "time": "19.06.2021 22:28",
            "open": "9.086",
            "high": "9.099",
            "low": "9.086",
            "close": "9.099"
        },
        {
            "time": "19.06.2021 22:32",
            "open": "9.099",
            "high": "9.099",
            "low": "9.099",
            "close": "9.106"
        },
        {
            "time": "19.06.2021 22:44",
            "open": "9.106",
            "high": "9.106",
            "low": "9.106",
            "close": "9.116"
        },
        {
            "time": "19.06.2021 22:45",
            "open": "9.116",
            "high": "9.119",
            "low": "9.116",
            "close": "9.137"
        },
        {
            "time": "19.06.2021 22:46",
            "open": "9.137",
            "high": "9.144",
            "low": "9.136",
            "close": "9.153"
        },
        {
            "time": "19.06.2021 22:48",
            "open": "9.153",
            "high": "9.153",
            "low": "9.153",
            "close": "9.167"
        },
        {
            "time": "19.06.2021 22:49",
            "open": "9.167",
            "high": "9.178",
            "low": "9.167",
            "close": "9.138"
        },
        {
            "time": "19.06.2021 22:53",
            "open": "9.138",
            "high": "9.157",
            "low": "9.138",
            "close": "9.172"
        },
        {
            "time": "19.06.2021 22:55",
            "open": "9.172",
            "high": "9.179",
            "low": "9.172",
            "close": "9.186"
        },
        {
            "time": "19.06.2021 22:57",
            "open": "9.186",
            "high": "9.186",
            "low": "9.186",
            "close": "9.176"
        },
        {
            "time": "19.06.2021 22:59",
            "open": "9.176",
            "high": "9.176",
            "low": "9.158",
            "close": "9.159"
        },
        {
            "time": "19.06.2021 23:02",
            "open": "9.159",
            "high": "9.159",
            "low": "9.158",
            "close": "9.17"
        },
        {
            "time": "19.06.2021 23:07",
            "open": "9.17",
            "high": "9.17",
            "low": "9.164",
            "close": "9.163"
        },
        {
            "time": "19.06.2021 23:12",
            "open": "9.163",
            "high": "9.163",
            "low": "9.163",
            "close": "9.172"
        },
        {
            "time": "19.06.2021 23:17",
            "open": "9.172",
            "high": "9.172",
            "low": "9.172",
            "close": "9.186"
        },
        {
            "time": "19.06.2021 23:27",
            "open": "9.186",
            "high": "9.186",
            "low": "9.186",
            "close": "9.182"
        },
        {
            "time": "19.06.2021 23:31",
            "open": "9.182",
            "high": "9.182",
            "low": "9.18",
            "close": "9.18"
        },
        {
            "time": "19.06.2021 23:33",
            "open": "9.18",
            "high": "9.18",
            "low": "9.18",
            "close": "9.166"
        },
        {
            "time": "19.06.2021 23:36",
            "open": "9.166",
            "high": "9.166",
            "low": "9.166",
            "close": "9.175"
        },
        {
            "time": "19.06.2021 23:42",
            "open": "9.175",
            "high": "9.175",
            "low": "9.175",
            "close": "9.147"
        },
        {
            "time": "19.06.2021 23:43",
            "open": "9.147",
            "high": "9.147",
            "low": "9.125",
            "close": "9.119"
        },
        {
            "time": "19.06.2021 23:46",
            "open": "9.119",
            "high": "9.131",
            "low": "9.119",
            "close": "9.119"
        }
    ]
}