{
    "UMA-EUR": [
        {
            "time": "16.03.2021 23:58",
            "open": "20.275",
            "high": "20.275",
            "low": "20.275",
            "close": "20.256"
        },
        {
            "time": "17.03.2021 00:06",
            "open": "20.256",
            "high": "20.256",
            "low": "20.256",
            "close": "20.265"
        },
        {
            "time": "17.03.2021 00:14",
            "open": "20.265",
            "high": "20.265",
            "low": "20.265",
            "close": "20.256"
        },
        {
            "time": "17.03.2021 00:15",
            "open": "20.256",
            "high": "20.256",
            "low": "20.247",
            "close": "20.265"
        },
        {
            "time": "17.03.2021 00:17",
            "open": "20.265",
            "high": "20.305",
            "low": "20.265",
            "close": "20.344"
        },
        {
            "time": "17.03.2021 00:19",
            "open": "20.344",
            "high": "20.344",
            "low": "20.344",
            "close": "20.345"
        },
        {
            "time": "17.03.2021 00:20",
            "open": "20.345",
            "high": "20.345",
            "low": "20.345",
            "close": "20.267"
        },
        {
            "time": "17.03.2021 00:29",
            "open": "20.267",
            "high": "20.267",
            "low": "20.267",
            "close": "20.251"
        },
        {
            "time": "17.03.2021 00:30",
            "open": "20.251",
            "high": "20.251",
            "low": "20.251",
            "close": "20.251"
        },
        {
            "time": "17.03.2021 00:45",
            "open": "20.251",
            "high": "20.251",
            "low": "20.251",
            "close": "20.229"
        },
        {
            "time": "17.03.2021 00:55",
            "open": "20.229",
            "high": "20.229",
            "low": "20.229",
            "close": "20.055"
        },
        {
            "time": "17.03.2021 01:26",
            "open": "20.055",
            "high": "20.061",
            "low": "20.055",
            "close": "20.112"
        },
        {
            "time": "17.03.2021 01:30",
            "open": "20.112",
            "high": "20.113",
            "low": "20.112",
            "close": "20.096"
        },
        {
            "time": "17.03.2021 01:31",
            "open": "20.096",
            "high": "20.096",
            "low": "20.096",
            "close": "20.071"
        },
        {
            "time": "17.03.2021 01:36",
            "open": "20.071",
            "high": "20.071",
            "low": "20.071",
            "close": "20.024"
        },
        {
            "time": "17.03.2021 01:44",
            "open": "20.024",
            "high": "20.024",
            "low": "19.957",
            "close": "19.968"
        },
        {
            "time": "17.03.2021 01:55",
            "open": "19.968",
            "high": "19.968",
            "low": "19.968",
            "close": "19.978"
        },
        {
            "time": "17.03.2021 01:56",
            "open": "19.978",
            "high": "19.978",
            "low": "19.978",
            "close": "19.98"
        },
        {
            "time": "17.03.2021 02:08",
            "open": "19.98",
            "high": "19.98",
            "low": "19.98",
            "close": "19.904"
        },
        {
            "time": "17.03.2021 02:18",
            "open": "19.904",
            "high": "19.904",
            "low": "19.904",
            "close": "19.866"
        },
        {
            "time": "17.03.2021 02:19",
            "open": "19.866",
            "high": "19.866",
            "low": "19.866",
            "close": "19.872"
        },
        {
            "time": "17.03.2021 02:23",
            "open": "19.872",
            "high": "19.872",
            "low": "19.871",
            "close": "19.877"
        },
        {
            "time": "17.03.2021 02:30",
            "open": "19.877",
            "high": "19.885",
            "low": "19.877",
            "close": "19.875"
        },
        {
            "time": "17.03.2021 02:31",
            "open": "19.875",
            "high": "19.875",
            "low": "19.875",
            "close": "19.906"
        },
        {
            "time": "17.03.2021 02:36",
            "open": "19.906",
            "high": "19.915",
            "low": "19.906",
            "close": "19.88"
        },
        {
            "time": "17.03.2021 02:42",
            "open": "19.88",
            "high": "20.032",
            "low": "19.88",
            "close": "20.032"
        },
        {
            "time": "17.03.2021 02:46",
            "open": "20.032",
            "high": "20.032",
            "low": "20.032",
            "close": "19.801"
        },
        {
            "time": "17.03.2021 03:40",
            "open": "19.801",
            "high": "19.801",
            "low": "19.801",
            "close": "19.801"
        },
        {
            "time": "17.03.2021 03:42",
            "open": "19.801",
            "high": "19.801",
            "low": "19.801",
            "close": "19.801"
        },
        {
            "time": "17.03.2021 03:45",
            "open": "19.801",
            "high": "19.801",
            "low": "19.801",
            "close": "19.803"
        },
        {
            "time": "17.03.2021 03:47",
            "open": "19.803",
            "high": "19.803",
            "low": "19.803",
            "close": "19.807"
        },
        {
            "time": "17.03.2021 03:50",
            "open": "19.807",
            "high": "19.807",
            "low": "19.807",
            "close": "19.764"
        },
        {
            "time": "17.03.2021 03:52",
            "open": "19.752",
            "high": "19.752",
            "low": "19.752",
            "close": "19.852"
        },
        {
            "time": "17.03.2021 04:32",
            "open": "19.852",
            "high": "19.852",
            "low": "19.852",
            "close": "19.826"
        },
        {
            "time": "17.03.2021 04:33",
            "open": "19.826",
            "high": "19.826",
            "low": "19.826",
            "close": "19.879"
        },
        {
            "time": "17.03.2021 04:41",
            "open": "19.879",
            "high": "19.879",
            "low": "19.879",
            "close": "19.756"
        },
        {
            "time": "17.03.2021 05:00",
            "open": "19.756",
            "high": "19.756",
            "low": "19.756",
            "close": "19.722"
        },
        {
            "time": "17.03.2021 05:12",
            "open": "19.722",
            "high": "19.722",
            "low": "19.717",
            "close": "19.747"
        },
        {
            "time": "17.03.2021 05:14",
            "open": "19.747",
            "high": "19.747",
            "low": "19.747",
            "close": "19.816"
        },
        {
            "time": "17.03.2021 05:19",
            "open": "19.816",
            "high": "19.816",
            "low": "19.747",
            "close": "19.747"
        },
        {
            "time": "17.03.2021 05:20",
            "open": "19.747",
            "high": "19.747",
            "low": "19.747",
            "close": "19.719"
        },
        {
            "time": "17.03.2021 05:26",
            "open": "19.719",
            "high": "19.719",
            "low": "19.705",
            "close": "19.676"
        },
        {
            "time": "17.03.2021 05:29",
            "open": "19.676",
            "high": "19.676",
            "low": "19.645",
            "close": "19.625"
        },
        {
            "time": "17.03.2021 05:54",
            "open": "19.625",
            "high": "19.625",
            "low": "19.625",
            "close": "19.574"
        },
        {
            "time": "17.03.2021 06:01",
            "open": "19.574",
            "high": "19.574",
            "low": "19.574",
            "close": "19.58"
        },
        {
            "time": "17.03.2021 06:09",
            "open": "19.58",
            "high": "19.64",
            "low": "19.58",
            "close": "19.633"
        },
        {
            "time": "17.03.2021 06:33",
            "open": "19.633",
            "high": "19.633",
            "low": "19.633",
            "close": "19.69"
        },
        {
            "time": "17.03.2021 06:41",
            "open": "19.69",
            "high": "19.694",
            "low": "19.69",
            "close": "19.729"
        },
        {
            "time": "17.03.2021 06:42",
            "open": "19.729",
            "high": "19.729",
            "low": "19.718",
            "close": "19.694"
        },
        {
            "time": "17.03.2021 06:53",
            "open": "19.694",
            "high": "19.694",
            "low": "19.69",
            "close": "19.702"
        },
        {
            "time": "17.03.2021 06:56",
            "open": "19.702",
            "high": "19.702",
            "low": "19.702",
            "close": "19.702"
        },
        {
            "time": "17.03.2021 06:59",
            "open": "19.702",
            "high": "19.707",
            "low": "19.702",
            "close": "19.71"
        },
        {
            "time": "17.03.2021 07:05",
            "open": "19.71",
            "high": "19.71",
            "low": "19.71",
            "close": "19.67"
        },
        {
            "time": "17.03.2021 07:07",
            "open": "19.67",
            "high": "19.67",
            "low": "19.67",
            "close": "19.546"
        },
        {
            "time": "17.03.2021 07:10",
            "open": "19.546",
            "high": "19.546",
            "low": "19.546",
            "close": "19.497"
        },
        {
            "time": "17.03.2021 07:12",
            "open": "19.497",
            "high": "19.497",
            "low": "19.497",
            "close": "19.548"
        },
        {
            "time": "17.03.2021 07:13",
            "open": "19.548",
            "high": "19.549",
            "low": "19.548",
            "close": "19.687"
        },
        {
            "time": "17.03.2021 07:18",
            "open": "19.687",
            "high": "19.713",
            "low": "19.687",
            "close": "19.775"
        },
        {
            "time": "17.03.2021 07:23",
            "open": "19.775",
            "high": "19.775",
            "low": "19.774",
            "close": "19.756"
        },
        {
            "time": "17.03.2021 07:35",
            "open": "19.756",
            "high": "19.756",
            "low": "19.74",
            "close": "19.733"
        },
        {
            "time": "17.03.2021 07:41",
            "open": "19.733",
            "high": "19.733",
            "low": "19.733",
            "close": "19.774"
        },
        {
            "time": "17.03.2021 07:46",
            "open": "19.774",
            "high": "19.774",
            "low": "19.774",
            "close": "19.798"
        },
        {
            "time": "17.03.2021 07:49",
            "open": "19.798",
            "high": "19.798",
            "low": "19.798",
            "close": "19.837"
        },
        {
            "time": "17.03.2021 07:51",
            "open": "19.837",
            "high": "19.852",
            "low": "19.837",
            "close": "19.85"
        },
        {
            "time": "17.03.2021 07:52",
            "open": "19.85",
            "high": "19.85",
            "low": "19.85",
            "close": "19.821"
        },
        {
            "time": "17.03.2021 07:54",
            "open": "19.821",
            "high": "19.821",
            "low": "19.821",
            "close": "19.832"
        },
        {
            "time": "17.03.2021 07:56",
            "open": "19.832",
            "high": "19.832",
            "low": "19.832",
            "close": "19.829"
        },
        {
            "time": "17.03.2021 07:57",
            "open": "19.829",
            "high": "19.829",
            "low": "19.829",
            "close": "19.829"
        },
        {
            "time": "17.03.2021 07:59",
            "open": "19.829",
            "high": "19.829",
            "low": "19.829",
            "close": "19.829"
        },
        {
            "time": "17.03.2021 08:01",
            "open": "19.829",
            "high": "19.829",
            "low": "19.829",
            "close": "19.829"
        },
        {
            "time": "17.03.2021 08:02",
            "open": "19.829",
            "high": "19.829",
            "low": "19.829",
            "close": "19.876"
        },
        {
            "time": "17.03.2021 08:07",
            "open": "19.876",
            "high": "19.876",
            "low": "19.876",
            "close": "19.821"
        },
        {
            "time": "17.03.2021 08:12",
            "open": "19.821",
            "high": "19.821",
            "low": "19.821",
            "close": "19.794"
        },
        {
            "time": "17.03.2021 08:14",
            "open": "19.794",
            "high": "19.794",
            "low": "19.794",
            "close": "19.762"
        },
        {
            "time": "17.03.2021 08:19",
            "open": "19.762",
            "high": "19.762",
            "low": "19.762",
            "close": "19.757"
        },
        {
            "time": "17.03.2021 08:21",
            "open": "19.757",
            "high": "19.757",
            "low": "19.757",
            "close": "19.804"
        },
        {
            "time": "17.03.2021 08:25",
            "open": "19.804",
            "high": "19.805",
            "low": "19.804",
            "close": "19.721"
        },
        {
            "time": "17.03.2021 08:35",
            "open": "19.721",
            "high": "19.721",
            "low": "19.721",
            "close": "19.729"
        },
        {
            "time": "17.03.2021 08:39",
            "open": "19.729",
            "high": "19.738",
            "low": "19.729",
            "close": "19.771"
        },
        {
            "time": "17.03.2021 08:43",
            "open": "19.771",
            "high": "19.771",
            "low": "19.771",
            "close": "19.775"
        },
        {
            "time": "17.03.2021 08:44",
            "open": "19.775",
            "high": "19.775",
            "low": "19.775",
            "close": "19.793"
        },
        {
            "time": "17.03.2021 08:49",
            "open": "19.793",
            "high": "19.793",
            "low": "19.793",
            "close": "19.778"
        },
        {
            "time": "17.03.2021 08:55",
            "open": "19.778",
            "high": "19.778",
            "low": "19.778",
            "close": "19.74"
        },
        {
            "time": "17.03.2021 08:57",
            "open": "19.74",
            "high": "19.74",
            "low": "19.74",
            "close": "19.74"
        },
        {
            "time": "17.03.2021 08:59",
            "open": "19.74",
            "high": "19.74",
            "low": "19.74",
            "close": "19.74"
        },
        {
            "time": "17.03.2021 09:08",
            "open": "19.74",
            "high": "19.74",
            "low": "19.74",
            "close": "19.84"
        },
        {
            "time": "17.03.2021 09:14",
            "open": "19.84",
            "high": "19.877",
            "low": "19.84",
            "close": "19.897"
        },
        {
            "time": "17.03.2021 09:16",
            "open": "19.897",
            "high": "19.939",
            "low": "19.897",
            "close": "19.956"
        },
        {
            "time": "17.03.2021 09:17",
            "open": "19.956",
            "high": "19.961",
            "low": "19.956",
            "close": "19.993"
        },
        {
            "time": "17.03.2021 09:18",
            "open": "19.993",
            "high": "19.993",
            "low": "19.992",
            "close": "19.995"
        },
        {
            "time": "17.03.2021 09:19",
            "open": "19.995",
            "high": "20.154",
            "low": "19.995",
            "close": "20.006"
        },
        {
            "time": "17.03.2021 09:20",
            "open": "20.006",
            "high": "20.043",
            "low": "20.004",
            "close": "20.042"
        },
        {
            "time": "17.03.2021 09:22",
            "open": "20.042",
            "high": "20.226",
            "low": "20.017",
            "close": "20.226"
        },
        {
            "time": "17.03.2021 09:23",
            "open": "20.226",
            "high": "20.3",
            "low": "20.226",
            "close": "20.3"
        },
        {
            "time": "17.03.2021 09:24",
            "open": "20.3",
            "high": "20.328",
            "low": "20.3",
            "close": "20.369"
        },
        {
            "time": "17.03.2021 09:25",
            "open": "20.369",
            "high": "20.477",
            "low": "20.369",
            "close": "20.461"
        },
        {
            "time": "17.03.2021 09:26",
            "open": "20.461",
            "high": "20.541",
            "low": "20.447",
            "close": "20.53"
        },
        {
            "time": "17.03.2021 09:27",
            "open": "20.53",
            "high": "20.6",
            "low": "20.502",
            "close": "20.6"
        },
        {
            "time": "17.03.2021 09:28",
            "open": "20.6",
            "high": "20.65",
            "low": "20.554",
            "close": "20.421"
        },
        {
            "time": "17.03.2021 09:29",
            "open": "20.421",
            "high": "20.472",
            "low": "20.337",
            "close": "20.338"
        },
        {
            "time": "17.03.2021 09:30",
            "open": "20.338",
            "high": "20.338",
            "low": "20.288",
            "close": "20.256"
        },
        {
            "time": "17.03.2021 09:33",
            "open": "20.256",
            "high": "20.256",
            "low": "20.256",
            "close": "20.191"
        },
        {
            "time": "17.03.2021 09:34",
            "open": "20.191",
            "high": "20.191",
            "low": "20.185",
            "close": "20.145"
        },
        {
            "time": "17.03.2021 09:35",
            "open": "20.145",
            "high": "20.145",
            "low": "20.145",
            "close": "20.171"
        },
        {
            "time": "17.03.2021 09:36",
            "open": "20.171",
            "high": "20.189",
            "low": "20.171",
            "close": "20.198"
        },
        {
            "time": "17.03.2021 09:37",
            "open": "20.198",
            "high": "20.198",
            "low": "20.198",
            "close": "20.142"
        },
        {
            "time": "17.03.2021 09:45",
            "open": "20.142",
            "high": "20.142",
            "low": "20.141",
            "close": "20.162"
        },
        {
            "time": "17.03.2021 09:46",
            "open": "20.162",
            "high": "20.162",
            "low": "20.162",
            "close": "20.141"
        },
        {
            "time": "17.03.2021 09:48",
            "open": "20.141",
            "high": "20.141",
            "low": "20.141",
            "close": "20.122"
        },
        {
            "time": "17.03.2021 09:52",
            "open": "20.122",
            "high": "20.122",
            "low": "19.963",
            "close": "19.953"
        },
        {
            "time": "17.03.2021 09:53",
            "open": "19.953",
            "high": "19.953",
            "low": "19.953",
            "close": "19.925"
        },
        {
            "time": "17.03.2021 09:54",
            "open": "19.925",
            "high": "19.925",
            "low": "19.904",
            "close": "19.913"
        },
        {
            "time": "17.03.2021 09:55",
            "open": "19.913",
            "high": "19.913",
            "low": "19.913",
            "close": "19.917"
        },
        {
            "time": "17.03.2021 10:00",
            "open": "19.917",
            "high": "19.917",
            "low": "19.917",
            "close": "19.952"
        },
        {
            "time": "17.03.2021 10:01",
            "open": "19.952",
            "high": "19.952",
            "low": "19.952",
            "close": "19.971"
        },
        {
            "time": "17.03.2021 10:07",
            "open": "19.971",
            "high": "19.972",
            "low": "19.971",
            "close": "19.947"
        },
        {
            "time": "17.03.2021 10:08",
            "open": "19.947",
            "high": "19.948",
            "low": "19.947",
            "close": "20.167"
        },
        {
            "time": "17.03.2021 10:13",
            "open": "20.167",
            "high": "20.167",
            "low": "20.167",
            "close": "20.146"
        },
        {
            "time": "17.03.2021 10:18",
            "open": "20.146",
            "high": "20.146",
            "low": "20.146",
            "close": "20.16"
        },
        {
            "time": "17.03.2021 10:19",
            "open": "20.16",
            "high": "20.16",
            "low": "20.16",
            "close": "20.156"
        },
        {
            "time": "17.03.2021 10:20",
            "open": "20.156",
            "high": "20.156",
            "low": "20.156",
            "close": "20.149"
        },
        {
            "time": "17.03.2021 10:26",
            "open": "20.149",
            "high": "20.152",
            "low": "20.149",
            "close": "20.148"
        },
        {
            "time": "17.03.2021 10:27",
            "open": "20.148",
            "high": "20.156",
            "low": "20.147",
            "close": "20.157"
        },
        {
            "time": "17.03.2021 10:30",
            "open": "20.157",
            "high": "20.157",
            "low": "20.157",
            "close": "20.18"
        },
        {
            "time": "17.03.2021 10:31",
            "open": "20.18",
            "high": "20.18",
            "low": "20.18",
            "close": "20.19"
        },
        {
            "time": "17.03.2021 10:33",
            "open": "20.19",
            "high": "20.199",
            "low": "20.151",
            "close": "20.159"
        },
        {
            "time": "17.03.2021 10:36",
            "open": "20.159",
            "high": "20.159",
            "low": "20.159",
            "close": "20.146"
        },
        {
            "time": "17.03.2021 10:38",
            "open": "20.146",
            "high": "20.146",
            "low": "20.061",
            "close": "20.076"
        },
        {
            "time": "17.03.2021 10:43",
            "open": "20.076",
            "high": "20.076",
            "low": "20.076",
            "close": "19.91"
        },
        {
            "time": "17.03.2021 10:45",
            "open": "19.91",
            "high": "19.91",
            "low": "19.89",
            "close": "19.866"
        },
        {
            "time": "17.03.2021 10:46",
            "open": "19.866",
            "high": "19.866",
            "low": "19.764",
            "close": "19.722"
        },
        {
            "time": "17.03.2021 10:47",
            "open": "19.722",
            "high": "19.722",
            "low": "19.676",
            "close": "19.659"
        },
        {
            "time": "17.03.2021 10:48",
            "open": "19.659",
            "high": "19.673",
            "low": "19.659",
            "close": "19.634"
        },
        {
            "time": "17.03.2021 10:50",
            "open": "19.634",
            "high": "19.635",
            "low": "19.634",
            "close": "19.655"
        },
        {
            "time": "17.03.2021 10:51",
            "open": "19.655",
            "high": "19.655",
            "low": "19.655",
            "close": "19.646"
        },
        {
            "time": "17.03.2021 10:54",
            "open": "19.646",
            "high": "19.646",
            "low": "19.646",
            "close": "19.65"
        },
        {
            "time": "17.03.2021 10:55",
            "open": "19.65",
            "high": "19.65",
            "low": "19.546",
            "close": "19.55"
        },
        {
            "time": "17.03.2021 10:59",
            "open": "19.55",
            "high": "19.554",
            "low": "19.55",
            "close": "19.552"
        },
        {
            "time": "17.03.2021 11:01",
            "open": "19.552",
            "high": "19.559",
            "low": "19.552",
            "close": "19.637"
        },
        {
            "time": "17.03.2021 11:02",
            "open": "19.637",
            "high": "19.637",
            "low": "19.637",
            "close": "19.753"
        },
        {
            "time": "17.03.2021 11:03",
            "open": "19.753",
            "high": "19.753",
            "low": "19.753",
            "close": "19.75"
        },
        {
            "time": "17.03.2021 11:04",
            "open": "19.75",
            "high": "19.767",
            "low": "19.75",
            "close": "19.703"
        },
        {
            "time": "17.03.2021 11:05",
            "open": "19.703",
            "high": "19.703",
            "low": "19.703",
            "close": "19.621"
        },
        {
            "time": "17.03.2021 11:13",
            "open": "19.621",
            "high": "19.621",
            "low": "19.62",
            "close": "19.689"
        },
        {
            "time": "17.03.2021 11:15",
            "open": "19.689",
            "high": "19.71",
            "low": "19.689",
            "close": "19.697"
        },
        {
            "time": "17.03.2021 11:16",
            "open": "19.697",
            "high": "19.729",
            "low": "19.691",
            "close": "19.692"
        },
        {
            "time": "17.03.2021 11:17",
            "open": "19.692",
            "high": "19.732",
            "low": "19.692",
            "close": "19.709"
        },
        {
            "time": "17.03.2021 11:20",
            "open": "19.709",
            "high": "19.73",
            "low": "19.709",
            "close": "19.655"
        },
        {
            "time": "17.03.2021 11:21",
            "open": "19.655",
            "high": "19.693",
            "low": "19.655",
            "close": "19.701"
        },
        {
            "time": "17.03.2021 11:22",
            "open": "19.701",
            "high": "19.774",
            "low": "19.624",
            "close": "19.718"
        },
        {
            "time": "17.03.2021 11:23",
            "open": "19.718",
            "high": "19.745",
            "low": "19.702",
            "close": "19.727"
        },
        {
            "time": "17.03.2021 11:25",
            "open": "19.727",
            "high": "19.756",
            "low": "19.727",
            "close": "19.747"
        },
        {
            "time": "17.03.2021 11:26",
            "open": "19.747",
            "high": "19.756",
            "low": "19.746",
            "close": "19.839"
        },
        {
            "time": "17.03.2021 11:43",
            "open": "19.839",
            "high": "19.852",
            "low": "19.839",
            "close": "19.849"
        },
        {
            "time": "17.03.2021 11:44",
            "open": "19.849",
            "high": "19.849",
            "low": "19.849",
            "close": "19.841"
        },
        {
            "time": "17.03.2021 11:49",
            "open": "19.841",
            "high": "19.845",
            "low": "19.841",
            "close": "19.796"
        },
        {
            "time": "17.03.2021 12:06",
            "open": "19.796",
            "high": "19.796",
            "low": "19.792",
            "close": "19.871"
        },
        {
            "time": "17.03.2021 12:21",
            "open": "19.871",
            "high": "19.871",
            "low": "19.871",
            "close": "19.861"
        },
        {
            "time": "17.03.2021 12:23",
            "open": "19.861",
            "high": "19.861",
            "low": "19.861",
            "close": "19.825"
        },
        {
            "time": "17.03.2021 12:29",
            "open": "19.825",
            "high": "19.826",
            "low": "19.825",
            "close": "19.784"
        },
        {
            "time": "17.03.2021 12:32",
            "open": "19.784",
            "high": "19.784",
            "low": "19.784",
            "close": "19.829"
        },
        {
            "time": "17.03.2021 12:40",
            "open": "19.829",
            "high": "19.829",
            "low": "19.829",
            "close": "19.835"
        },
        {
            "time": "17.03.2021 12:41",
            "open": "19.835",
            "high": "19.835",
            "low": "19.835",
            "close": "19.834"
        },
        {
            "time": "17.03.2021 12:45",
            "open": "19.834",
            "high": "19.834",
            "low": "19.834",
            "close": "19.756"
        },
        {
            "time": "17.03.2021 12:53",
            "open": "19.756",
            "high": "19.756",
            "low": "19.756",
            "close": "19.5"
        },
        {
            "time": "17.03.2021 13:12",
            "open": "19.5",
            "high": "19.5",
            "low": "19.5",
            "close": "19.501"
        },
        {
            "time": "17.03.2021 13:13",
            "open": "19.501",
            "high": "19.537",
            "low": "19.501",
            "close": "19.5"
        },
        {
            "time": "17.03.2021 13:15",
            "open": "19.5",
            "high": "19.55",
            "low": "19.5",
            "close": "19.561"
        },
        {
            "time": "17.03.2021 13:16",
            "open": "19.561",
            "high": "19.562",
            "low": "19.561",
            "close": "19.648"
        },
        {
            "time": "17.03.2021 13:20",
            "open": "19.648",
            "high": "19.648",
            "low": "19.648",
            "close": "19.615"
        },
        {
            "time": "17.03.2021 13:25",
            "open": "19.615",
            "high": "19.615",
            "low": "19.615",
            "close": "19.686"
        },
        {
            "time": "17.03.2021 13:28",
            "open": "19.686",
            "high": "19.686",
            "low": "19.686",
            "close": "19.69"
        },
        {
            "time": "17.03.2021 13:29",
            "open": "19.69",
            "high": "19.69",
            "low": "19.69",
            "close": "19.688"
        },
        {
            "time": "17.03.2021 13:30",
            "open": "19.688",
            "high": "19.688",
            "low": "19.68",
            "close": "19.69"
        },
        {
            "time": "17.03.2021 13:32",
            "open": "19.69",
            "high": "19.69",
            "low": "19.69",
            "close": "19.696"
        },
        {
            "time": "17.03.2021 13:38",
            "open": "19.696",
            "high": "19.696",
            "low": "19.688",
            "close": "19.592"
        },
        {
            "time": "17.03.2021 13:40",
            "open": "19.592",
            "high": "19.592",
            "low": "19.592",
            "close": "19.5"
        },
        {
            "time": "17.03.2021 13:41",
            "open": "19.5",
            "high": "19.5",
            "low": "19.488",
            "close": "19.515"
        },
        {
            "time": "17.03.2021 13:49",
            "open": "19.515",
            "high": "19.515",
            "low": "19.515",
            "close": "19.592"
        },
        {
            "time": "17.03.2021 13:50",
            "open": "19.592",
            "high": "19.592",
            "low": "19.592",
            "close": "19.548"
        },
        {
            "time": "17.03.2021 13:57",
            "open": "19.548",
            "high": "19.548",
            "low": "19.548",
            "close": "19.53"
        },
        {
            "time": "17.03.2021 14:00",
            "open": "19.53",
            "high": "19.53",
            "low": "19.526",
            "close": "19.516"
        },
        {
            "time": "17.03.2021 14:01",
            "open": "19.516",
            "high": "19.516",
            "low": "19.487",
            "close": "19.489"
        },
        {
            "time": "17.03.2021 14:02",
            "open": "19.489",
            "high": "19.518",
            "low": "19.489",
            "close": "19.5"
        },
        {
            "time": "17.03.2021 14:12",
            "open": "19.5",
            "high": "19.5",
            "low": "19.5",
            "close": "19.482"
        },
        {
            "time": "17.03.2021 14:13",
            "open": "19.482",
            "high": "19.482",
            "low": "19.482",
            "close": "19.507"
        },
        {
            "time": "17.03.2021 14:16",
            "open": "19.507",
            "high": "19.507",
            "low": "19.507",
            "close": "19.507"
        },
        {
            "time": "17.03.2021 14:17",
            "open": "19.507",
            "high": "19.508",
            "low": "19.507",
            "close": "19.517"
        },
        {
            "time": "17.03.2021 14:18",
            "open": "19.517",
            "high": "19.517",
            "low": "19.517",
            "close": "19.577"
        },
        {
            "time": "17.03.2021 14:26",
            "open": "19.577",
            "high": "19.577",
            "low": "19.577",
            "close": "19.508"
        },
        {
            "time": "17.03.2021 14:42",
            "open": "19.508",
            "high": "19.508",
            "low": "19.508",
            "close": "19.458"
        },
        {
            "time": "17.03.2021 14:44",
            "open": "19.458",
            "high": "19.458",
            "low": "19.458",
            "close": "19.477"
        },
        {
            "time": "17.03.2021 14:45",
            "open": "19.477",
            "high": "19.511",
            "low": "19.477",
            "close": "19.485"
        },
        {
            "time": "17.03.2021 14:46",
            "open": "19.473",
            "high": "19.473",
            "low": "19.473",
            "close": "19.515"
        },
        {
            "time": "17.03.2021 14:53",
            "open": "19.515",
            "high": "19.515",
            "low": "19.515",
            "close": "19.577"
        },
        {
            "time": "17.03.2021 14:57",
            "open": "19.577",
            "high": "19.577",
            "low": "19.577",
            "close": "19.606"
        },
        {
            "time": "17.03.2021 14:58",
            "open": "19.606",
            "high": "19.606",
            "low": "19.605",
            "close": "19.577"
        },
        {
            "time": "17.03.2021 15:00",
            "open": "19.577",
            "high": "19.577",
            "low": "19.577",
            "close": "19.523"
        },
        {
            "time": "17.03.2021 15:02",
            "open": "19.523",
            "high": "19.523",
            "low": "19.523",
            "close": "19.517"
        },
        {
            "time": "17.03.2021 15:15",
            "open": "19.517",
            "high": "19.517",
            "low": "19.517",
            "close": "19.517"
        },
        {
            "time": "17.03.2021 15:16",
            "open": "19.517",
            "high": "19.517",
            "low": "19.517",
            "close": "19.522"
        },
        {
            "time": "17.03.2021 15:21",
            "open": "19.522",
            "high": "19.546",
            "low": "19.522",
            "close": "19.55"
        },
        {
            "time": "17.03.2021 15:23",
            "open": "19.55",
            "high": "19.55",
            "low": "19.55",
            "close": "19.517"
        },
        {
            "time": "17.03.2021 15:26",
            "open": "19.517",
            "high": "19.517",
            "low": "19.5",
            "close": "19.5"
        },
        {
            "time": "17.03.2021 15:27",
            "open": "19.5",
            "high": "19.5",
            "low": "19.5",
            "close": "19.5"
        },
        {
            "time": "17.03.2021 15:28",
            "open": "19.5",
            "high": "19.5",
            "low": "19.5",
            "close": "19.5"
        },
        {
            "time": "17.03.2021 15:31",
            "open": "19.5",
            "high": "19.5",
            "low": "19.5",
            "close": "19.568"
        },
        {
            "time": "17.03.2021 15:34",
            "open": "19.568",
            "high": "19.568",
            "low": "19.568",
            "close": "19.566"
        },
        {
            "time": "17.03.2021 15:35",
            "open": "19.566",
            "high": "19.566",
            "low": "19.562",
            "close": "19.574"
        },
        {
            "time": "17.03.2021 15:37",
            "open": "19.574",
            "high": "19.574",
            "low": "19.571",
            "close": "19.545"
        },
        {
            "time": "17.03.2021 15:42",
            "open": "19.545",
            "high": "19.554",
            "low": "19.545",
            "close": "19.557"
        },
        {
            "time": "17.03.2021 15:44",
            "open": "19.557",
            "high": "19.557",
            "low": "19.557",
            "close": "19.523"
        },
        {
            "time": "17.03.2021 15:45",
            "open": "19.523",
            "high": "19.523",
            "low": "19.522",
            "close": "19.577"
        },
        {
            "time": "17.03.2021 15:51",
            "open": "19.577",
            "high": "19.577",
            "low": "19.577",
            "close": "19.632"
        },
        {
            "time": "17.03.2021 15:55",
            "open": "19.632",
            "high": "19.632",
            "low": "19.632",
            "close": "19.546"
        },
        {
            "time": "17.03.2021 16:00",
            "open": "19.546",
            "high": "19.546",
            "low": "19.5",
            "close": "19.5"
        },
        {
            "time": "17.03.2021 16:01",
            "open": "19.5",
            "high": "19.5",
            "low": "19.388",
            "close": "19.369"
        },
        {
            "time": "17.03.2021 16:03",
            "open": "19.369",
            "high": "19.369",
            "low": "19.369",
            "close": "19.379"
        },
        {
            "time": "17.03.2021 16:05",
            "open": "19.379",
            "high": "19.4",
            "low": "19.358",
            "close": "19.378"
        },
        {
            "time": "17.03.2021 16:06",
            "open": "19.378",
            "high": "19.41",
            "low": "19.378",
            "close": "19.39"
        },
        {
            "time": "17.03.2021 16:07",
            "open": "19.39",
            "high": "19.422",
            "low": "19.39",
            "close": "19.432"
        },
        {
            "time": "17.03.2021 16:08",
            "open": "19.432",
            "high": "19.585",
            "low": "19.417",
            "close": "19.542"
        },
        {
            "time": "17.03.2021 16:09",
            "open": "19.542",
            "high": "19.542",
            "low": "19.512",
            "close": "19.587"
        },
        {
            "time": "17.03.2021 16:17",
            "open": "19.587",
            "high": "19.587",
            "low": "19.587",
            "close": "19.58"
        },
        {
            "time": "17.03.2021 16:21",
            "open": "19.58",
            "high": "19.58",
            "low": "19.58",
            "close": "19.588"
        },
        {
            "time": "17.03.2021 16:25",
            "open": "19.588",
            "high": "19.589",
            "low": "19.588",
            "close": "19.584"
        },
        {
            "time": "17.03.2021 16:30",
            "open": "19.584",
            "high": "19.587",
            "low": "19.584",
            "close": "19.473"
        },
        {
            "time": "17.03.2021 16:37",
            "open": "19.473",
            "high": "19.473",
            "low": "19.473",
            "close": "19.515"
        },
        {
            "time": "17.03.2021 16:38",
            "open": "19.515",
            "high": "19.515",
            "low": "19.515",
            "close": "19.504"
        },
        {
            "time": "17.03.2021 16:41",
            "open": "19.504",
            "high": "19.504",
            "low": "19.504",
            "close": "19.534"
        },
        {
            "time": "17.03.2021 16:42",
            "open": "19.534",
            "high": "19.534",
            "low": "19.534",
            "close": "19.546"
        },
        {
            "time": "17.03.2021 16:44",
            "open": "19.546",
            "high": "19.546",
            "low": "19.546",
            "close": "19.5"
        },
        {
            "time": "17.03.2021 16:46",
            "open": "19.5",
            "high": "19.5",
            "low": "19.5",
            "close": "19.502"
        },
        {
            "time": "17.03.2021 16:47",
            "open": "19.502",
            "high": "19.502",
            "low": "19.502",
            "close": "19.536"
        },
        {
            "time": "17.03.2021 16:48",
            "open": "19.536",
            "high": "19.536",
            "low": "19.536",
            "close": "19.49"
        },
        {
            "time": "17.03.2021 16:51",
            "open": "19.49",
            "high": "19.49",
            "low": "19.49",
            "close": "19.447"
        },
        {
            "time": "17.03.2021 16:53",
            "open": "19.447",
            "high": "19.447",
            "low": "19.447",
            "close": "19.45"
        },
        {
            "time": "17.03.2021 16:54",
            "open": "19.45",
            "high": "19.45",
            "low": "19.45",
            "close": "19.492"
        },
        {
            "time": "17.03.2021 16:55",
            "open": "19.492",
            "high": "19.492",
            "low": "19.492",
            "close": "19.492"
        },
        {
            "time": "17.03.2021 16:57",
            "open": "19.492",
            "high": "19.516",
            "low": "19.492",
            "close": "19.504"
        },
        {
            "time": "17.03.2021 16:58",
            "open": "19.504",
            "high": "19.504",
            "low": "19.504",
            "close": "19.521"
        },
        {
            "time": "17.03.2021 16:59",
            "open": "19.521",
            "high": "19.521",
            "low": "19.521",
            "close": "19.489"
        },
        {
            "time": "17.03.2021 17:00",
            "open": "19.489",
            "high": "19.489",
            "low": "19.485",
            "close": "19.449"
        },
        {
            "time": "17.03.2021 17:02",
            "open": "19.449",
            "high": "19.449",
            "low": "19.449",
            "close": "19.529"
        },
        {
            "time": "17.03.2021 17:08",
            "open": "19.529",
            "high": "19.529",
            "low": "19.493",
            "close": "19.415"
        },
        {
            "time": "17.03.2021 17:14",
            "open": "19.415",
            "high": "19.415",
            "low": "19.415",
            "close": "19.434"
        },
        {
            "time": "17.03.2021 17:19",
            "open": "19.434",
            "high": "19.434",
            "low": "19.434",
            "close": "19.508"
        },
        {
            "time": "17.03.2021 17:21",
            "open": "19.508",
            "high": "19.508",
            "low": "19.493",
            "close": "19.536"
        },
        {
            "time": "17.03.2021 17:24",
            "open": "19.536",
            "high": "19.56",
            "low": "19.536",
            "close": "19.599"
        },
        {
            "time": "17.03.2021 17:28",
            "open": "19.599",
            "high": "19.599",
            "low": "19.599",
            "close": "19.613"
        },
        {
            "time": "17.03.2021 17:29",
            "open": "19.613",
            "high": "19.614",
            "low": "19.585",
            "close": "19.585"
        },
        {
            "time": "17.03.2021 17:33",
            "open": "19.585",
            "high": "19.585",
            "low": "19.585",
            "close": "19.585"
        },
        {
            "time": "17.03.2021 17:35",
            "open": "19.585",
            "high": "19.585",
            "low": "19.585",
            "close": "19.551"
        },
        {
            "time": "17.03.2021 17:36",
            "open": "19.551",
            "high": "19.551",
            "low": "19.55",
            "close": "19.49"
        },
        {
            "time": "17.03.2021 17:40",
            "open": "19.49",
            "high": "19.49",
            "low": "19.49",
            "close": "19.495"
        },
        {
            "time": "17.03.2021 17:42",
            "open": "19.495",
            "high": "19.495",
            "low": "19.495",
            "close": "19.444"
        },
        {
            "time": "17.03.2021 17:48",
            "open": "19.444",
            "high": "19.444",
            "low": "19.444",
            "close": "19.439"
        },
        {
            "time": "17.03.2021 17:50",
            "open": "19.439",
            "high": "19.439",
            "low": "19.439",
            "close": "19.47"
        },
        {
            "time": "17.03.2021 17:52",
            "open": "19.47",
            "high": "19.477",
            "low": "19.47",
            "close": "19.494"
        },
        {
            "time": "17.03.2021 17:53",
            "open": "19.494",
            "high": "19.494",
            "low": "19.494",
            "close": "19.505"
        },
        {
            "time": "17.03.2021 17:55",
            "open": "19.505",
            "high": "19.505",
            "low": "19.505",
            "close": "19.492"
        },
        {
            "time": "17.03.2021 18:01",
            "open": "19.492",
            "high": "19.492",
            "low": "19.492",
            "close": "19.485"
        },
        {
            "time": "17.03.2021 18:05",
            "open": "19.485",
            "high": "19.485",
            "low": "19.485",
            "close": "19.519"
        },
        {
            "time": "17.03.2021 18:06",
            "open": "19.519",
            "high": "19.519",
            "low": "19.519",
            "close": "19.516"
        },
        {
            "time": "17.03.2021 18:07",
            "open": "19.516",
            "high": "19.53",
            "low": "19.516",
            "close": "19.477"
        },
        {
            "time": "17.03.2021 18:10",
            "open": "19.477",
            "high": "19.477",
            "low": "19.432",
            "close": "19.449"
        },
        {
            "time": "17.03.2021 18:14",
            "open": "19.449",
            "high": "19.449",
            "low": "19.449",
            "close": "19.449"
        },
        {
            "time": "17.03.2021 18:22",
            "open": "19.449",
            "high": "19.449",
            "low": "19.433",
            "close": "19.453"
        },
        {
            "time": "17.03.2021 18:25",
            "open": "19.453",
            "high": "19.454",
            "low": "19.453",
            "close": "19.527"
        },
        {
            "time": "17.03.2021 18:28",
            "open": "19.527",
            "high": "19.527",
            "low": "19.527",
            "close": "19.564"
        },
        {
            "time": "17.03.2021 18:31",
            "open": "19.564",
            "high": "19.564",
            "low": "19.535",
            "close": "19.59"
        },
        {
            "time": "17.03.2021 18:38",
            "open": "19.59",
            "high": "19.59",
            "low": "19.557",
            "close": "19.539"
        },
        {
            "time": "17.03.2021 18:39",
            "open": "19.539",
            "high": "19.539",
            "low": "19.539",
            "close": "19.474"
        },
        {
            "time": "17.03.2021 18:48",
            "open": "19.474",
            "high": "19.474",
            "low": "19.474",
            "close": "19.478"
        },
        {
            "time": "17.03.2021 18:49",
            "open": "19.478",
            "high": "19.498",
            "low": "19.477",
            "close": "19.463"
        },
        {
            "time": "17.03.2021 18:51",
            "open": "19.463",
            "high": "19.463",
            "low": "19.463",
            "close": "19.492"
        },
        {
            "time": "17.03.2021 18:55",
            "open": "19.492",
            "high": "19.499",
            "low": "19.492",
            "close": "19.494"
        },
        {
            "time": "17.03.2021 18:58",
            "open": "19.494",
            "high": "19.503",
            "low": "19.494",
            "close": "19.488"
        },
        {
            "time": "17.03.2021 18:59",
            "open": "19.488",
            "high": "19.488",
            "low": "19.488",
            "close": "19.562"
        },
        {
            "time": "17.03.2021 19:01",
            "open": "19.562",
            "high": "19.646",
            "low": "19.562",
            "close": "19.589"
        },
        {
            "time": "17.03.2021 19:04",
            "open": "19.589",
            "high": "19.622",
            "low": "19.589",
            "close": "19.62"
        },
        {
            "time": "17.03.2021 19:07",
            "open": "19.62",
            "high": "19.629",
            "low": "19.62",
            "close": "19.664"
        },
        {
            "time": "17.03.2021 19:10",
            "open": "19.664",
            "high": "19.664",
            "low": "19.664",
            "close": "19.677"
        },
        {
            "time": "17.03.2021 19:12",
            "open": "19.677",
            "high": "19.716",
            "low": "19.677",
            "close": "19.722"
        },
        {
            "time": "17.03.2021 19:14",
            "open": "19.722",
            "high": "19.761",
            "low": "19.722",
            "close": "19.765"
        },
        {
            "time": "17.03.2021 19:15",
            "open": "19.765",
            "high": "19.771",
            "low": "19.765",
            "close": "19.795"
        },
        {
            "time": "17.03.2021 19:16",
            "open": "19.795",
            "high": "19.83",
            "low": "19.795",
            "close": "19.83"
        },
        {
            "time": "17.03.2021 19:17",
            "open": "19.83",
            "high": "19.839",
            "low": "19.83",
            "close": "19.873"
        },
        {
            "time": "17.03.2021 19:19",
            "open": "19.873",
            "high": "19.896",
            "low": "19.87",
            "close": "19.87"
        },
        {
            "time": "17.03.2021 19:20",
            "open": "19.87",
            "high": "19.87",
            "low": "19.835",
            "close": "19.87"
        },
        {
            "time": "17.03.2021 19:21",
            "open": "19.87",
            "high": "19.87",
            "low": "19.868",
            "close": "19.87"
        },
        {
            "time": "17.03.2021 19:22",
            "open": "19.87",
            "high": "19.87",
            "low": "19.863",
            "close": "19.869"
        },
        {
            "time": "17.03.2021 19:23",
            "open": "19.869",
            "high": "19.87",
            "low": "19.869",
            "close": "19.87"
        },
        {
            "time": "17.03.2021 19:24",
            "open": "19.87",
            "high": "19.87",
            "low": "19.782",
            "close": "19.719"
        },
        {
            "time": "17.03.2021 19:25",
            "open": "19.719",
            "high": "19.72",
            "low": "19.654",
            "close": "19.578"
        },
        {
            "time": "17.03.2021 19:27",
            "open": "19.578",
            "high": "19.578",
            "low": "19.578",
            "close": "19.595"
        },
        {
            "time": "17.03.2021 19:28",
            "open": "19.595",
            "high": "19.597",
            "low": "19.595",
            "close": "19.603"
        },
        {
            "time": "17.03.2021 19:29",
            "open": "19.603",
            "high": "19.603",
            "low": "19.603",
            "close": "19.639"
        },
        {
            "time": "17.03.2021 19:30",
            "open": "19.639",
            "high": "19.639",
            "low": "19.639",
            "close": "19.631"
        },
        {
            "time": "17.03.2021 19:31",
            "open": "19.631",
            "high": "19.631",
            "low": "19.631",
            "close": "19.635"
        },
        {
            "time": "17.03.2021 19:34",
            "open": "19.635",
            "high": "19.635",
            "low": "19.624",
            "close": "19.838"
        },
        {
            "time": "17.03.2021 19:41",
            "open": "19.838",
            "high": "19.838",
            "low": "19.838",
            "close": "19.812"
        },
        {
            "time": "17.03.2021 19:42",
            "open": "19.812",
            "high": "19.841",
            "low": "19.812",
            "close": "19.87"
        },
        {
            "time": "17.03.2021 19:43",
            "open": "19.87",
            "high": "19.882",
            "low": "19.87",
            "close": "19.847"
        },
        {
            "time": "17.03.2021 19:44",
            "open": "19.847",
            "high": "19.847",
            "low": "19.845",
            "close": "19.841"
        },
        {
            "time": "17.03.2021 19:45",
            "open": "19.841",
            "high": "19.841",
            "low": "19.841",
            "close": "19.835"
        },
        {
            "time": "17.03.2021 19:48",
            "open": "19.835",
            "high": "19.835",
            "low": "19.835",
            "close": "19.759"
        },
        {
            "time": "17.03.2021 19:49",
            "open": "19.759",
            "high": "19.759",
            "low": "19.759",
            "close": "19.728"
        },
        {
            "time": "17.03.2021 19:51",
            "open": "19.728",
            "high": "19.728",
            "low": "19.728",
            "close": "19.728"
        },
        {
            "time": "17.03.2021 19:52",
            "open": "19.728",
            "high": "19.728",
            "low": "19.728",
            "close": "19.693"
        },
        {
            "time": "17.03.2021 19:55",
            "open": "19.693",
            "high": "19.72",
            "low": "19.624",
            "close": "19.666"
        },
        {
            "time": "17.03.2021 19:56",
            "open": "19.666",
            "high": "19.666",
            "low": "19.666",
            "close": "19.633"
        },
        {
            "time": "17.03.2021 19:58",
            "open": "19.633",
            "high": "19.633",
            "low": "19.632",
            "close": "19.849"
        },
        {
            "time": "17.03.2021 20:05",
            "open": "19.849",
            "high": "19.874",
            "low": "19.841",
            "close": "19.82"
        },
        {
            "time": "17.03.2021 20:06",
            "open": "19.82",
            "high": "19.82",
            "low": "19.772",
            "close": "19.69"
        },
        {
            "time": "17.03.2021 20:07",
            "open": "19.69",
            "high": "19.69",
            "low": "19.69",
            "close": "19.632"
        },
        {
            "time": "17.03.2021 20:08",
            "open": "19.632",
            "high": "19.632",
            "low": "19.632",
            "close": "19.65"
        },
        {
            "time": "17.03.2021 20:09",
            "open": "19.65",
            "high": "19.71",
            "low": "19.65",
            "close": "19.823"
        },
        {
            "time": "17.03.2021 20:13",
            "open": "19.823",
            "high": "19.823",
            "low": "19.823",
            "close": "19.842"
        },
        {
            "time": "17.03.2021 20:14",
            "open": "19.842",
            "high": "19.842",
            "low": "19.842",
            "close": "19.81"
        },
        {
            "time": "17.03.2021 20:15",
            "open": "19.81",
            "high": "19.81",
            "low": "19.799",
            "close": "19.841"
        },
        {
            "time": "17.03.2021 20:16",
            "open": "19.841",
            "high": "19.841",
            "low": "19.841",
            "close": "19.863"
        },
        {
            "time": "17.03.2021 20:18",
            "open": "19.863",
            "high": "19.863",
            "low": "19.742",
            "close": "19.776"
        },
        {
            "time": "17.03.2021 20:19",
            "open": "19.776",
            "high": "19.776",
            "low": "19.776",
            "close": "19.76"
        },
        {
            "time": "17.03.2021 20:20",
            "open": "19.76",
            "high": "19.76",
            "low": "19.76",
            "close": "19.819"
        },
        {
            "time": "17.03.2021 20:21",
            "open": "19.819",
            "high": "19.819",
            "low": "19.816",
            "close": "19.823"
        },
        {
            "time": "17.03.2021 20:24",
            "open": "19.823",
            "high": "19.823",
            "low": "19.815",
            "close": "19.832"
        },
        {
            "time": "17.03.2021 20:25",
            "open": "19.832",
            "high": "19.832",
            "low": "19.748",
            "close": "19.789"
        },
        {
            "time": "17.03.2021 20:28",
            "open": "19.789",
            "high": "19.798",
            "low": "19.789",
            "close": "19.823"
        },
        {
            "time": "17.03.2021 20:30",
            "open": "19.823",
            "high": "19.897",
            "low": "19.823",
            "close": "19.912"
        },
        {
            "time": "17.03.2021 20:32",
            "open": "19.912",
            "high": "19.913",
            "low": "19.909",
            "close": "19.939"
        },
        {
            "time": "17.03.2021 20:33",
            "open": "19.939",
            "high": "19.975",
            "low": "19.939",
            "close": "19.991"
        },
        {
            "time": "17.03.2021 20:34",
            "open": "19.991",
            "high": "19.991",
            "low": "19.922",
            "close": "19.992"
        },
        {
            "time": "17.03.2021 20:35",
            "open": "19.992",
            "high": "19.992",
            "low": "19.842",
            "close": "19.842"
        },
        {
            "time": "17.03.2021 20:37",
            "open": "19.842",
            "high": "19.842",
            "low": "19.842",
            "close": "19.798"
        },
        {
            "time": "17.03.2021 20:39",
            "open": "19.798",
            "high": "19.798",
            "low": "19.798",
            "close": "19.79"
        },
        {
            "time": "17.03.2021 20:41",
            "open": "19.79",
            "high": "19.81",
            "low": "19.79",
            "close": "19.755"
        },
        {
            "time": "17.03.2021 20:44",
            "open": "19.755",
            "high": "19.756",
            "low": "19.755",
            "close": "19.749"
        },
        {
            "time": "17.03.2021 20:45",
            "open": "19.749",
            "high": "19.781",
            "low": "19.748",
            "close": "19.812"
        },
        {
            "time": "17.03.2021 20:48",
            "open": "19.812",
            "high": "19.812",
            "low": "19.795",
            "close": "19.75"
        },
        {
            "time": "17.03.2021 20:49",
            "open": "19.75",
            "high": "19.75",
            "low": "19.75",
            "close": "19.707"
        },
        {
            "time": "17.03.2021 20:50",
            "open": "19.707",
            "high": "19.707",
            "low": "19.704",
            "close": "19.736"
        },
        {
            "time": "17.03.2021 20:51",
            "open": "19.736",
            "high": "19.736",
            "low": "19.684",
            "close": "19.684"
        },
        {
            "time": "17.03.2021 20:52",
            "open": "19.684",
            "high": "19.684",
            "low": "19.584",
            "close": "19.556"
        },
        {
            "time": "17.03.2021 20:53",
            "open": "19.556",
            "high": "19.575",
            "low": "19.539",
            "close": "19.559"
        },
        {
            "time": "17.03.2021 20:54",
            "open": "19.559",
            "high": "19.559",
            "low": "19.559",
            "close": "19.615"
        },
        {
            "time": "17.03.2021 20:55",
            "open": "19.615",
            "high": "19.645",
            "low": "19.615",
            "close": "19.85"
        },
        {
            "time": "17.03.2021 20:56",
            "open": "19.85",
            "high": "20.059",
            "low": "19.85",
            "close": "20.044"
        },
        {
            "time": "17.03.2021 20:58",
            "open": "20.044",
            "high": "20.044",
            "low": "20.044",
            "close": "20.027"
        },
        {
            "time": "17.03.2021 21:01",
            "open": "20.027",
            "high": "20.027",
            "low": "20.022",
            "close": "20.031"
        },
        {
            "time": "17.03.2021 21:03",
            "open": "20.031",
            "high": "20.031",
            "low": "20.031",
            "close": "19.939"
        },
        {
            "time": "17.03.2021 21:04",
            "open": "19.939",
            "high": "19.939",
            "low": "19.939",
            "close": "19.926"
        },
        {
            "time": "17.03.2021 21:05",
            "open": "19.926",
            "high": "19.926",
            "low": "19.926",
            "close": "19.901"
        },
        {
            "time": "17.03.2021 21:06",
            "open": "19.901",
            "high": "19.901",
            "low": "19.901",
            "close": "19.931"
        },
        {
            "time": "17.03.2021 21:07",
            "open": "19.931",
            "high": "19.931",
            "low": "19.931",
            "close": "19.924"
        },
        {
            "time": "17.03.2021 21:09",
            "open": "19.924",
            "high": "19.93",
            "low": "19.924",
            "close": "19.938"
        },
        {
            "time": "17.03.2021 21:11",
            "open": "19.938",
            "high": "19.943",
            "low": "19.938",
            "close": "19.984"
        },
        {
            "time": "17.03.2021 21:13",
            "open": "19.984",
            "high": "19.984",
            "low": "19.984",
            "close": "19.984"
        },
        {
            "time": "17.03.2021 21:14",
            "open": "19.984",
            "high": "19.984",
            "low": "19.984",
            "close": "19.975"
        },
        {
            "time": "17.03.2021 21:19",
            "open": "19.975",
            "high": "20.014",
            "low": "19.975",
            "close": "20.059"
        },
        {
            "time": "17.03.2021 21:21",
            "open": "20.059",
            "high": "20.059",
            "low": "20.059",
            "close": "20.063"
        },
        {
            "time": "17.03.2021 21:23",
            "open": "20.063",
            "high": "20.063",
            "low": "20.042",
            "close": "20.014"
        },
        {
            "time": "17.03.2021 21:25",
            "open": "20.014",
            "high": "20.014",
            "low": "20.014",
            "close": "19.991"
        },
        {
            "time": "17.03.2021 21:30",
            "open": "19.991",
            "high": "20.012",
            "low": "19.991",
            "close": "20.072"
        },
        {
            "time": "17.03.2021 21:32",
            "open": "20.072",
            "high": "20.072",
            "low": "20.072",
            "close": "20.08"
        },
        {
            "time": "17.03.2021 21:33",
            "open": "20.08",
            "high": "20.24",
            "low": "20.08",
            "close": "20.143"
        },
        {
            "time": "17.03.2021 21:35",
            "open": "20.143",
            "high": "20.143",
            "low": "20.143",
            "close": "20.229"
        },
        {
            "time": "17.03.2021 21:36",
            "open": "20.229",
            "high": "20.244",
            "low": "20.195",
            "close": "20.106"
        },
        {
            "time": "17.03.2021 21:37",
            "open": "20.106",
            "high": "20.106",
            "low": "20.106",
            "close": "20.096"
        },
        {
            "time": "17.03.2021 21:38",
            "open": "20.096",
            "high": "20.097",
            "low": "20.096",
            "close": "20.166"
        },
        {
            "time": "17.03.2021 21:41",
            "open": "20.166",
            "high": "20.166",
            "low": "20.14",
            "close": "20.179"
        },
        {
            "time": "17.03.2021 21:45",
            "open": "20.179",
            "high": "20.179",
            "low": "20.081",
            "close": "20.066"
        },
        {
            "time": "17.03.2021 21:46",
            "open": "20.066",
            "high": "20.066",
            "low": "20.066",
            "close": "19.904"
        },
        {
            "time": "17.03.2021 21:51",
            "open": "19.904",
            "high": "19.904",
            "low": "19.866",
            "close": "19.814"
        },
        {
            "time": "17.03.2021 21:57",
            "open": "19.814",
            "high": "19.871",
            "low": "19.805",
            "close": "19.86"
        },
        {
            "time": "17.03.2021 21:58",
            "open": "19.86",
            "high": "19.896",
            "low": "19.856",
            "close": "19.896"
        },
        {
            "time": "17.03.2021 22:02",
            "open": "19.896",
            "high": "19.896",
            "low": "19.896",
            "close": "19.867"
        },
        {
            "time": "17.03.2021 22:05",
            "open": "19.867",
            "high": "19.867",
            "low": "19.867",
            "close": "19.893"
        },
        {
            "time": "17.03.2021 22:06",
            "open": "19.893",
            "high": "19.914",
            "low": "19.893",
            "close": "19.972"
        },
        {
            "time": "17.03.2021 22:08",
            "open": "19.972",
            "high": "19.973",
            "low": "19.972",
            "close": "19.888"
        },
        {
            "time": "17.03.2021 22:09",
            "open": "19.888",
            "high": "19.888",
            "low": "19.888",
            "close": "19.895"
        },
        {
            "time": "17.03.2021 22:10",
            "open": "19.895",
            "high": "19.895",
            "low": "19.895",
            "close": "19.945"
        },
        {
            "time": "17.03.2021 22:11",
            "open": "19.945",
            "high": "19.945",
            "low": "19.945",
            "close": "19.995"
        },
        {
            "time": "17.03.2021 22:13",
            "open": "19.995",
            "high": "19.996",
            "low": "19.973",
            "close": "19.913"
        },
        {
            "time": "17.03.2021 22:14",
            "open": "19.913",
            "high": "19.913",
            "low": "19.913",
            "close": "19.916"
        },
        {
            "time": "17.03.2021 22:15",
            "open": "19.916",
            "high": "19.918",
            "low": "19.916",
            "close": "19.99"
        },
        {
            "time": "17.03.2021 22:17",
            "open": "19.99",
            "high": "19.99",
            "low": "19.957",
            "close": "19.988"
        },
        {
            "time": "17.03.2021 22:19",
            "open": "19.988",
            "high": "19.988",
            "low": "19.988",
            "close": "19.935"
        },
        {
            "time": "17.03.2021 22:20",
            "open": "19.935",
            "high": "19.97",
            "low": "19.935",
            "close": "19.936"
        },
        {
            "time": "17.03.2021 22:21",
            "open": "19.936",
            "high": "19.936",
            "low": "19.936",
            "close": "19.937"
        },
        {
            "time": "17.03.2021 22:22",
            "open": "19.937",
            "high": "19.963",
            "low": "19.937",
            "close": "19.959"
        },
        {
            "time": "17.03.2021 22:24",
            "open": "19.959",
            "high": "19.959",
            "low": "19.959",
            "close": "19.963"
        },
        {
            "time": "17.03.2021 22:26",
            "open": "19.963",
            "high": "19.99",
            "low": "19.963",
            "close": "20.16"
        },
        {
            "time": "17.03.2021 22:35",
            "open": "20.16",
            "high": "20.16",
            "low": "20.16",
            "close": "20.076"
        },
        {
            "time": "17.03.2021 22:36",
            "open": "20.076",
            "high": "20.076",
            "low": "20.076",
            "close": "20.123"
        },
        {
            "time": "17.03.2021 22:37",
            "open": "20.123",
            "high": "20.143",
            "low": "20.123",
            "close": "20.043"
        },
        {
            "time": "17.03.2021 22:42",
            "open": "20.043",
            "high": "20.043",
            "low": "20.043",
            "close": "20.013"
        },
        {
            "time": "17.03.2021 22:45",
            "open": "20.013",
            "high": "20.013",
            "low": "20.013",
            "close": "19.98"
        },
        {
            "time": "17.03.2021 22:46",
            "open": "19.98",
            "high": "19.98",
            "low": "19.98",
            "close": "20.023"
        },
        {
            "time": "17.03.2021 22:47",
            "open": "20.023",
            "high": "20.023",
            "low": "20.023",
            "close": "19.971"
        },
        {
            "time": "17.03.2021 22:52",
            "open": "19.971",
            "high": "19.987",
            "low": "19.969",
            "close": "19.959"
        },
        {
            "time": "17.03.2021 22:53",
            "open": "19.959",
            "high": "19.959",
            "low": "19.959",
            "close": "19.996"
        },
        {
            "time": "17.03.2021 22:54",
            "open": "19.996",
            "high": "19.996",
            "low": "19.996",
            "close": "19.99"
        },
        {
            "time": "17.03.2021 22:58",
            "open": "19.99",
            "high": "19.99",
            "low": "19.99",
            "close": "20.081"
        },
        {
            "time": "17.03.2021 23:03",
            "open": "20.081",
            "high": "20.081",
            "low": "20.075",
            "close": "19.994"
        },
        {
            "time": "17.03.2021 23:06",
            "open": "19.994",
            "high": "20",
            "low": "19.994",
            "close": "20.024"
        },
        {
            "time": "17.03.2021 23:20",
            "open": "20.024",
            "high": "20.065",
            "low": "20.024",
            "close": "20.064"
        },
        {
            "time": "17.03.2021 23:24",
            "open": "20.064",
            "high": "20.064",
            "low": "20.064",
            "close": "20.071"
        },
        {
            "time": "17.03.2021 23:25",
            "open": "20.071",
            "high": "20.071",
            "low": "20.071",
            "close": "20.064"
        },
        {
            "time": "17.03.2021 23:30",
            "open": "20.064",
            "high": "20.064",
            "low": "20.064",
            "close": "20.064"
        },
        {
            "time": "17.03.2021 23:33",
            "open": "20.064",
            "high": "20.064",
            "low": "20.064",
            "close": "20.037"
        },
        {
            "time": "17.03.2021 23:36",
            "open": "20.037",
            "high": "20.037",
            "low": "20.037",
            "close": "19.988"
        },
        {
            "time": "17.03.2021 23:37",
            "open": "19.988",
            "high": "20.013",
            "low": "19.986",
            "close": "19.959"
        },
        {
            "time": "17.03.2021 23:40",
            "open": "19.959",
            "high": "19.959",
            "low": "19.959",
            "close": "19.959"
        },
        {
            "time": "17.03.2021 23:42",
            "open": "19.959",
            "high": "19.959",
            "low": "19.959",
            "close": "20.062"
        },
        {
            "time": "17.03.2021 23:45",
            "open": "20.062",
            "high": "20.064",
            "low": "20.062",
            "close": "19.958"
        },
        {
            "time": "17.03.2021 23:47",
            "open": "19.958",
            "high": "19.958",
            "low": "19.958",
            "close": "19.968"
        }
    ]
}