{
    "UMA-EUR": [
        {
            "time": "22.11.2020 23:57",
            "open": "7.024",
            "high": "7.024",
            "low": "7.024",
            "close": "7.004"
        },
        {
            "time": "23.11.2020 00:04",
            "open": "7.004",
            "high": "7.004",
            "low": "7.004",
            "close": "7.003"
        },
        {
            "time": "23.11.2020 00:08",
            "open": "7.003",
            "high": "7.003",
            "low": "7.003",
            "close": "6.931"
        },
        {
            "time": "23.11.2020 00:10",
            "open": "6.931",
            "high": "6.931",
            "low": "6.931",
            "close": "6.907"
        },
        {
            "time": "23.11.2020 00:14",
            "open": "6.907",
            "high": "6.907",
            "low": "6.897",
            "close": "6.904"
        },
        {
            "time": "23.11.2020 00:15",
            "open": "6.904",
            "high": "6.904",
            "low": "6.904",
            "close": "6.893"
        },
        {
            "time": "23.11.2020 00:18",
            "open": "6.893",
            "high": "6.894",
            "low": "6.862",
            "close": "6.885"
        },
        {
            "time": "23.11.2020 00:20",
            "open": "6.885",
            "high": "6.885",
            "low": "6.874",
            "close": "6.877"
        },
        {
            "time": "23.11.2020 00:22",
            "open": "6.877",
            "high": "6.877",
            "low": "6.877",
            "close": "6.86"
        },
        {
            "time": "23.11.2020 00:23",
            "open": "6.86",
            "high": "6.86",
            "low": "6.86",
            "close": "6.847"
        },
        {
            "time": "23.11.2020 00:24",
            "open": "6.847",
            "high": "6.847",
            "low": "6.773",
            "close": "6.792"
        },
        {
            "time": "23.11.2020 00:25",
            "open": "6.792",
            "high": "6.792",
            "low": "6.759",
            "close": "6.798"
        },
        {
            "time": "23.11.2020 00:26",
            "open": "6.798",
            "high": "6.798",
            "low": "6.796",
            "close": "6.798"
        },
        {
            "time": "23.11.2020 00:27",
            "open": "6.798",
            "high": "6.798",
            "low": "6.798",
            "close": "6.868"
        },
        {
            "time": "23.11.2020 00:32",
            "open": "6.868",
            "high": "6.868",
            "low": "6.868",
            "close": "6.869"
        },
        {
            "time": "23.11.2020 00:36",
            "open": "6.869",
            "high": "6.869",
            "low": "6.854",
            "close": "6.868"
        },
        {
            "time": "23.11.2020 00:42",
            "open": "6.868",
            "high": "6.868",
            "low": "6.857",
            "close": "6.861"
        },
        {
            "time": "23.11.2020 00:46",
            "open": "6.861",
            "high": "6.861",
            "low": "6.861",
            "close": "6.861"
        },
        {
            "time": "23.11.2020 00:47",
            "open": "6.861",
            "high": "6.863",
            "low": "6.861",
            "close": "6.868"
        },
        {
            "time": "23.11.2020 00:51",
            "open": "6.868",
            "high": "6.868",
            "low": "6.855",
            "close": "6.858"
        },
        {
            "time": "23.11.2020 00:56",
            "open": "6.858",
            "high": "6.858",
            "low": "6.854",
            "close": "6.835"
        },
        {
            "time": "23.11.2020 00:57",
            "open": "6.835",
            "high": "6.835",
            "low": "6.835",
            "close": "6.847"
        },
        {
            "time": "23.11.2020 00:58",
            "open": "6.847",
            "high": "6.847",
            "low": "6.847",
            "close": "6.853"
        },
        {
            "time": "23.11.2020 00:59",
            "open": "6.853",
            "high": "6.853",
            "low": "6.853",
            "close": "6.842"
        },
        {
            "time": "23.11.2020 01:05",
            "open": "6.842",
            "high": "6.842",
            "low": "6.842",
            "close": "6.851"
        },
        {
            "time": "23.11.2020 01:09",
            "open": "6.851",
            "high": "6.852",
            "low": "6.851",
            "close": "6.852"
        },
        {
            "time": "23.11.2020 01:14",
            "open": "6.852",
            "high": "6.876",
            "low": "6.852",
            "close": "6.864"
        },
        {
            "time": "23.11.2020 01:15",
            "open": "6.864",
            "high": "6.864",
            "low": "6.864",
            "close": "6.879"
        },
        {
            "time": "23.11.2020 01:17",
            "open": "6.879",
            "high": "6.879",
            "low": "6.879",
            "close": "6.855"
        },
        {
            "time": "23.11.2020 01:28",
            "open": "6.855",
            "high": "6.855",
            "low": "6.855",
            "close": "6.842"
        },
        {
            "time": "23.11.2020 01:33",
            "open": "6.842",
            "high": "6.842",
            "low": "6.842",
            "close": "6.778"
        },
        {
            "time": "23.11.2020 02:04",
            "open": "6.778",
            "high": "6.778",
            "low": "6.759",
            "close": "6.786"
        },
        {
            "time": "23.11.2020 02:05",
            "open": "6.786",
            "high": "6.786",
            "low": "6.786",
            "close": "6.785"
        },
        {
            "time": "23.11.2020 02:10",
            "open": "6.785",
            "high": "6.785",
            "low": "6.785",
            "close": "6.78"
        },
        {
            "time": "23.11.2020 02:13",
            "open": "6.78",
            "high": "6.78",
            "low": "6.743",
            "close": "6.782"
        },
        {
            "time": "23.11.2020 02:14",
            "open": "6.782",
            "high": "6.782",
            "low": "6.782",
            "close": "6.792"
        },
        {
            "time": "23.11.2020 02:26",
            "open": "6.792",
            "high": "6.792",
            "low": "6.792",
            "close": "6.769"
        },
        {
            "time": "23.11.2020 02:31",
            "open": "6.769",
            "high": "6.769",
            "low": "6.769",
            "close": "6.766"
        },
        {
            "time": "23.11.2020 02:33",
            "open": "6.766",
            "high": "6.766",
            "low": "6.766",
            "close": "6.795"
        },
        {
            "time": "23.11.2020 02:56",
            "open": "6.795",
            "high": "6.795",
            "low": "6.795",
            "close": "6.827"
        },
        {
            "time": "23.11.2020 03:08",
            "open": "6.827",
            "high": "6.827",
            "low": "6.827",
            "close": "6.848"
        },
        {
            "time": "23.11.2020 03:26",
            "open": "6.848",
            "high": "6.848",
            "low": "6.848",
            "close": "6.816"
        },
        {
            "time": "23.11.2020 03:56",
            "open": "6.816",
            "high": "6.816",
            "low": "6.81",
            "close": "6.811"
        },
        {
            "time": "23.11.2020 04:02",
            "open": "6.811",
            "high": "6.811",
            "low": "6.81",
            "close": "6.842"
        },
        {
            "time": "23.11.2020 04:09",
            "open": "6.842",
            "high": "6.842",
            "low": "6.842",
            "close": "6.891"
        },
        {
            "time": "23.11.2020 04:36",
            "open": "6.891",
            "high": "6.891",
            "low": "6.891",
            "close": "6.884"
        },
        {
            "time": "23.11.2020 04:41",
            "open": "6.884",
            "high": "6.884",
            "low": "6.884",
            "close": "6.885"
        },
        {
            "time": "23.11.2020 04:44",
            "open": "6.885",
            "high": "6.885",
            "low": "6.885",
            "close": "6.92"
        },
        {
            "time": "23.11.2020 05:09",
            "open": "6.92",
            "high": "6.92",
            "low": "6.92",
            "close": "6.95"
        },
        {
            "time": "23.11.2020 05:12",
            "open": "6.95",
            "high": "6.974",
            "low": "6.95",
            "close": "6.994"
        },
        {
            "time": "23.11.2020 05:24",
            "open": "6.994",
            "high": "7.011",
            "low": "6.994",
            "close": "6.993"
        },
        {
            "time": "23.11.2020 05:31",
            "open": "6.993",
            "high": "6.993",
            "low": "6.993",
            "close": "6.993"
        },
        {
            "time": "23.11.2020 05:33",
            "open": "6.993",
            "high": "6.993",
            "low": "6.993",
            "close": "7.013"
        },
        {
            "time": "23.11.2020 05:53",
            "open": "7.013",
            "high": "7.013",
            "low": "7.013",
            "close": "6.952"
        },
        {
            "time": "23.11.2020 06:19",
            "open": "6.952",
            "high": "6.952",
            "low": "6.952",
            "close": "6.963"
        },
        {
            "time": "23.11.2020 06:20",
            "open": "6.963",
            "high": "6.966",
            "low": "6.963",
            "close": "6.971"
        },
        {
            "time": "23.11.2020 06:30",
            "open": "6.971",
            "high": "6.971",
            "low": "6.971",
            "close": "6.99"
        },
        {
            "time": "23.11.2020 06:47",
            "open": "6.99",
            "high": "6.99",
            "low": "6.99",
            "close": "6.99"
        },
        {
            "time": "23.11.2020 06:48",
            "open": "6.99",
            "high": "6.99",
            "low": "6.99",
            "close": "6.984"
        },
        {
            "time": "23.11.2020 06:52",
            "open": "6.984",
            "high": "6.984",
            "low": "6.984",
            "close": "6.991"
        },
        {
            "time": "23.11.2020 06:55",
            "open": "6.991",
            "high": "6.991",
            "low": "6.988",
            "close": "6.967"
        },
        {
            "time": "23.11.2020 07:11",
            "open": "6.967",
            "high": "6.983",
            "low": "6.967",
            "close": "6.965"
        },
        {
            "time": "23.11.2020 07:18",
            "open": "6.965",
            "high": "6.965",
            "low": "6.965",
            "close": "6.936"
        },
        {
            "time": "23.11.2020 07:24",
            "open": "6.936",
            "high": "6.938",
            "low": "6.936",
            "close": "6.925"
        },
        {
            "time": "23.11.2020 07:35",
            "open": "6.925",
            "high": "6.925",
            "low": "6.925",
            "close": "6.946"
        },
        {
            "time": "23.11.2020 07:43",
            "open": "6.946",
            "high": "6.946",
            "low": "6.946",
            "close": "6.946"
        },
        {
            "time": "23.11.2020 07:48",
            "open": "6.946",
            "high": "6.946",
            "low": "6.946",
            "close": "6.929"
        },
        {
            "time": "23.11.2020 07:49",
            "open": "6.929",
            "high": "6.929",
            "low": "6.926",
            "close": "6.965"
        },
        {
            "time": "23.11.2020 07:58",
            "open": "6.965",
            "high": "6.965",
            "low": "6.965",
            "close": "7.001"
        },
        {
            "time": "23.11.2020 08:10",
            "open": "7.001",
            "high": "7.001",
            "low": "7.001",
            "close": "7.001"
        },
        {
            "time": "23.11.2020 08:11",
            "open": "7.001",
            "high": "7.001",
            "low": "7.001",
            "close": "7.024"
        },
        {
            "time": "23.11.2020 08:14",
            "open": "7.024",
            "high": "7.024",
            "low": "7.024",
            "close": "7.023"
        },
        {
            "time": "23.11.2020 08:15",
            "open": "7.023",
            "high": "7.023",
            "low": "7.023",
            "close": "7.022"
        },
        {
            "time": "23.11.2020 08:17",
            "open": "7.022",
            "high": "7.022",
            "low": "7.022",
            "close": "7.023"
        },
        {
            "time": "23.11.2020 08:18",
            "open": "7.023",
            "high": "7.023",
            "low": "7.022",
            "close": "7.027"
        },
        {
            "time": "23.11.2020 08:34",
            "open": "7.027",
            "high": "7.027",
            "low": "7.027",
            "close": "7.028"
        },
        {
            "time": "23.11.2020 08:39",
            "open": "7.028",
            "high": "7.028",
            "low": "7.028",
            "close": "7.028"
        },
        {
            "time": "23.11.2020 08:44",
            "open": "7.028",
            "high": "7.028",
            "low": "7.028",
            "close": "7.029"
        },
        {
            "time": "23.11.2020 08:45",
            "open": "7.029",
            "high": "7.029",
            "low": "7.029",
            "close": "7.05"
        },
        {
            "time": "23.11.2020 08:51",
            "open": "7.05",
            "high": "7.05",
            "low": "7.05",
            "close": "7.05"
        },
        {
            "time": "23.11.2020 08:54",
            "open": "7.05",
            "high": "7.05",
            "low": "7.05",
            "close": "7.05"
        },
        {
            "time": "23.11.2020 08:57",
            "open": "7.05",
            "high": "7.05",
            "low": "7.05",
            "close": "7.05"
        },
        {
            "time": "23.11.2020 09:01",
            "open": "7.05",
            "high": "7.05",
            "low": "7.05",
            "close": "7.061"
        },
        {
            "time": "23.11.2020 09:19",
            "open": "7.061",
            "high": "7.061",
            "low": "7.061",
            "close": "7.069"
        },
        {
            "time": "23.11.2020 09:20",
            "open": "7.069",
            "high": "7.07",
            "low": "7.069",
            "close": "7.079"
        },
        {
            "time": "23.11.2020 09:23",
            "open": "7.079",
            "high": "7.079",
            "low": "7.079",
            "close": "7.079"
        },
        {
            "time": "23.11.2020 09:26",
            "open": "7.079",
            "high": "7.079",
            "low": "7.079",
            "close": "7.079"
        },
        {
            "time": "23.11.2020 09:29",
            "open": "7.079",
            "high": "7.087",
            "low": "7.079",
            "close": "7.088"
        },
        {
            "time": "23.11.2020 09:30",
            "open": "7.088",
            "high": "7.09",
            "low": "7.088",
            "close": "7.088"
        },
        {
            "time": "23.11.2020 09:41",
            "open": "7.088",
            "high": "7.088",
            "low": "7.088",
            "close": "7.071"
        },
        {
            "time": "23.11.2020 09:46",
            "open": "7.071",
            "high": "7.071",
            "low": "7.049",
            "close": "7.056"
        },
        {
            "time": "23.11.2020 09:48",
            "open": "7.056",
            "high": "7.056",
            "low": "7.056",
            "close": "7.065"
        },
        {
            "time": "23.11.2020 09:52",
            "open": "7.065",
            "high": "7.065",
            "low": "7.065",
            "close": "7.056"
        },
        {
            "time": "23.11.2020 09:55",
            "open": "7.056",
            "high": "7.056",
            "low": "7.011",
            "close": "7.059"
        },
        {
            "time": "23.11.2020 09:56",
            "open": "7.059",
            "high": "7.059",
            "low": "7.048",
            "close": "7.049"
        },
        {
            "time": "23.11.2020 09:57",
            "open": "7.049",
            "high": "7.049",
            "low": "7.046",
            "close": "7.053"
        },
        {
            "time": "23.11.2020 09:59",
            "open": "7.053",
            "high": "7.053",
            "low": "7.053",
            "close": "7.041"
        },
        {
            "time": "23.11.2020 10:01",
            "open": "7.041",
            "high": "7.041",
            "low": "7.041",
            "close": "7.073"
        },
        {
            "time": "23.11.2020 10:03",
            "open": "7.073",
            "high": "7.073",
            "low": "7.073",
            "close": "7.073"
        },
        {
            "time": "23.11.2020 10:04",
            "open": "7.073",
            "high": "7.073",
            "low": "7.073",
            "close": "7.073"
        },
        {
            "time": "23.11.2020 10:06",
            "open": "7.073",
            "high": "7.073",
            "low": "7.073",
            "close": "7.066"
        },
        {
            "time": "23.11.2020 10:23",
            "open": "7.066",
            "high": "7.066",
            "low": "7.066",
            "close": "7.056"
        },
        {
            "time": "23.11.2020 10:29",
            "open": "7.056",
            "high": "7.056",
            "low": "7.056",
            "close": "7.07"
        },
        {
            "time": "23.11.2020 10:35",
            "open": "7.07",
            "high": "7.07",
            "low": "7.07",
            "close": "7.07"
        },
        {
            "time": "23.11.2020 10:36",
            "open": "7.07",
            "high": "7.07",
            "low": "7.07",
            "close": "7.069"
        },
        {
            "time": "23.11.2020 10:39",
            "open": "7.069",
            "high": "7.069",
            "low": "7.069",
            "close": "7.079"
        },
        {
            "time": "23.11.2020 10:50",
            "open": "7.079",
            "high": "7.079",
            "low": "7.079",
            "close": "7.058"
        },
        {
            "time": "23.11.2020 11:12",
            "open": "7.058",
            "high": "7.058",
            "low": "7.058",
            "close": "7.037"
        },
        {
            "time": "23.11.2020 11:15",
            "open": "7.037",
            "high": "7.058",
            "low": "7.035",
            "close": "7.038"
        },
        {
            "time": "23.11.2020 11:16",
            "open": "7.038",
            "high": "7.038",
            "low": "7.033",
            "close": "7.034"
        },
        {
            "time": "23.11.2020 11:17",
            "open": "7.034",
            "high": "7.034",
            "low": "7.034",
            "close": "7.043"
        },
        {
            "time": "23.11.2020 11:18",
            "open": "7.043",
            "high": "7.043",
            "low": "7.043",
            "close": "7.039"
        },
        {
            "time": "23.11.2020 11:33",
            "open": "7.039",
            "high": "7.039",
            "low": "7.039",
            "close": "7.043"
        },
        {
            "time": "23.11.2020 11:34",
            "open": "7.043",
            "high": "7.072",
            "low": "7.043",
            "close": "7.062"
        },
        {
            "time": "23.11.2020 11:37",
            "open": "7.062",
            "high": "7.062",
            "low": "7.062",
            "close": "7.078"
        },
        {
            "time": "23.11.2020 11:42",
            "open": "7.078",
            "high": "7.078",
            "low": "7.078",
            "close": "7.078"
        },
        {
            "time": "23.11.2020 11:45",
            "open": "7.078",
            "high": "7.09",
            "low": "7.078",
            "close": "7.09"
        },
        {
            "time": "23.11.2020 11:46",
            "open": "7.09",
            "high": "7.09",
            "low": "7.09",
            "close": "7.099"
        },
        {
            "time": "23.11.2020 11:48",
            "open": "7.099",
            "high": "7.099",
            "low": "7.099",
            "close": "7.1"
        },
        {
            "time": "23.11.2020 11:50",
            "open": "7.1",
            "high": "7.1",
            "low": "7.1",
            "close": "7.099"
        },
        {
            "time": "23.11.2020 11:54",
            "open": "7.099",
            "high": "7.099",
            "low": "7.099",
            "close": "7.069"
        },
        {
            "time": "23.11.2020 12:01",
            "open": "7.069",
            "high": "7.096",
            "low": "7.069",
            "close": "7.092"
        },
        {
            "time": "23.11.2020 12:04",
            "open": "7.092",
            "high": "7.092",
            "low": "7.092",
            "close": "7.063"
        },
        {
            "time": "23.11.2020 12:14",
            "open": "7.063",
            "high": "7.063",
            "low": "7.063",
            "close": "7.049"
        },
        {
            "time": "23.11.2020 12:16",
            "open": "7.049",
            "high": "7.049",
            "low": "7.049",
            "close": "7.055"
        },
        {
            "time": "23.11.2020 12:26",
            "open": "7.055",
            "high": "7.055",
            "low": "7.055",
            "close": "7.052"
        },
        {
            "time": "23.11.2020 12:36",
            "open": "7.052",
            "high": "7.052",
            "low": "7.052",
            "close": "7.053"
        },
        {
            "time": "23.11.2020 12:39",
            "open": "7.053",
            "high": "7.053",
            "low": "7.053",
            "close": "7.075"
        },
        {
            "time": "23.11.2020 12:49",
            "open": "7.075",
            "high": "7.077",
            "low": "7.075",
            "close": "7.072"
        },
        {
            "time": "23.11.2020 12:54",
            "open": "7.072",
            "high": "7.072",
            "low": "7.072",
            "close": "7.094"
        },
        {
            "time": "23.11.2020 12:55",
            "open": "7.094",
            "high": "7.094",
            "low": "7.094",
            "close": "7.094"
        },
        {
            "time": "23.11.2020 12:57",
            "open": "7.094",
            "high": "7.094",
            "low": "7.094",
            "close": "7.064"
        },
        {
            "time": "23.11.2020 12:58",
            "open": "7.064",
            "high": "7.064",
            "low": "7.064",
            "close": "7.068"
        },
        {
            "time": "23.11.2020 13:01",
            "open": "7.068",
            "high": "7.068",
            "low": "7.068",
            "close": "7.062"
        },
        {
            "time": "23.11.2020 13:02",
            "open": "7.062",
            "high": "7.062",
            "low": "7.048",
            "close": "7.061"
        },
        {
            "time": "23.11.2020 13:06",
            "open": "7.061",
            "high": "7.061",
            "low": "7.061",
            "close": "7.069"
        },
        {
            "time": "23.11.2020 13:09",
            "open": "7.069",
            "high": "7.069",
            "low": "7.069",
            "close": "7.04"
        },
        {
            "time": "23.11.2020 13:15",
            "open": "7.04",
            "high": "7.04",
            "low": "7.04",
            "close": "7.031"
        },
        {
            "time": "23.11.2020 13:29",
            "open": "7.031",
            "high": "7.031",
            "low": "7.031",
            "close": "7.053"
        },
        {
            "time": "23.11.2020 13:33",
            "open": "7.053",
            "high": "7.053",
            "low": "7.053",
            "close": "7.071"
        },
        {
            "time": "23.11.2020 13:37",
            "open": "7.071",
            "high": "7.071",
            "low": "7.071",
            "close": "7.08"
        },
        {
            "time": "23.11.2020 13:54",
            "open": "7.08",
            "high": "7.08",
            "low": "7.08",
            "close": "7.077"
        },
        {
            "time": "23.11.2020 13:56",
            "open": "7.077",
            "high": "7.077",
            "low": "7.077",
            "close": "7.06"
        },
        {
            "time": "23.11.2020 14:07",
            "open": "7.06",
            "high": "7.06",
            "low": "7.044",
            "close": "7.076"
        },
        {
            "time": "23.11.2020 14:09",
            "open": "7.076",
            "high": "7.076",
            "low": "7.076",
            "close": "7.045"
        },
        {
            "time": "23.11.2020 14:16",
            "open": "7.045",
            "high": "7.045",
            "low": "7.044",
            "close": "7.012"
        },
        {
            "time": "23.11.2020 14:19",
            "open": "7.012",
            "high": "7.012",
            "low": "7.012",
            "close": "7.001"
        },
        {
            "time": "23.11.2020 14:20",
            "open": "7.001",
            "high": "7.001",
            "low": "7",
            "close": "6.973"
        },
        {
            "time": "23.11.2020 14:24",
            "open": "6.973",
            "high": "6.973",
            "low": "6.961",
            "close": "6.974"
        },
        {
            "time": "23.11.2020 14:25",
            "open": "6.974",
            "high": "6.974",
            "low": "6.973",
            "close": "7.006"
        },
        {
            "time": "23.11.2020 14:39",
            "open": "7.006",
            "high": "7.006",
            "low": "7.006",
            "close": "7.004"
        },
        {
            "time": "23.11.2020 14:40",
            "open": "7.004",
            "high": "7.004",
            "low": "7.004",
            "close": "7.02"
        },
        {
            "time": "23.11.2020 14:44",
            "open": "7.02",
            "high": "7.02",
            "low": "7.009",
            "close": "7.041"
        },
        {
            "time": "23.11.2020 14:47",
            "open": "7.041",
            "high": "7.041",
            "low": "7.041",
            "close": "7.042"
        },
        {
            "time": "23.11.2020 14:48",
            "open": "7.042",
            "high": "7.043",
            "low": "7.042",
            "close": "7.075"
        },
        {
            "time": "23.11.2020 14:57",
            "open": "7.075",
            "high": "7.08",
            "low": "7.075",
            "close": "7.1"
        },
        {
            "time": "23.11.2020 15:06",
            "open": "7.1",
            "high": "7.1",
            "low": "7.1",
            "close": "7.12"
        },
        {
            "time": "23.11.2020 15:08",
            "open": "7.12",
            "high": "7.12",
            "low": "7.12",
            "close": "7.14"
        },
        {
            "time": "23.11.2020 15:09",
            "open": "7.14",
            "high": "7.14",
            "low": "7.138",
            "close": "7.139"
        },
        {
            "time": "23.11.2020 15:10",
            "open": "7.139",
            "high": "7.139",
            "low": "7.139",
            "close": "7.137"
        },
        {
            "time": "23.11.2020 15:12",
            "open": "7.137",
            "high": "7.143",
            "low": "7.137",
            "close": "7.134"
        },
        {
            "time": "23.11.2020 15:13",
            "open": "7.134",
            "high": "7.14",
            "low": "7.134",
            "close": "7.144"
        },
        {
            "time": "23.11.2020 15:14",
            "open": "7.144",
            "high": "7.148",
            "low": "7.141",
            "close": "7.141"
        },
        {
            "time": "23.11.2020 15:15",
            "open": "7.141",
            "high": "7.15",
            "low": "7.141",
            "close": "7.105"
        },
        {
            "time": "23.11.2020 15:20",
            "open": "7.105",
            "high": "7.148",
            "low": "7.105",
            "close": "7.113"
        },
        {
            "time": "23.11.2020 15:24",
            "open": "7.113",
            "high": "7.113",
            "low": "7.113",
            "close": "7.133"
        },
        {
            "time": "23.11.2020 15:29",
            "open": "7.133",
            "high": "7.133",
            "low": "7.133",
            "close": "7.111"
        },
        {
            "time": "23.11.2020 15:30",
            "open": "7.111",
            "high": "7.111",
            "low": "7.111",
            "close": "7.133"
        },
        {
            "time": "23.11.2020 15:31",
            "open": "7.133",
            "high": "7.133",
            "low": "7.133",
            "close": "7.117"
        },
        {
            "time": "23.11.2020 15:38",
            "open": "7.117",
            "high": "7.117",
            "low": "7.117",
            "close": "7.1"
        },
        {
            "time": "23.11.2020 15:51",
            "open": "7.1",
            "high": "7.1",
            "low": "7.1",
            "close": "7.1"
        },
        {
            "time": "23.11.2020 15:52",
            "open": "7.1",
            "high": "7.1",
            "low": "7.1",
            "close": "7.101"
        },
        {
            "time": "23.11.2020 15:53",
            "open": "7.101",
            "high": "7.101",
            "low": "7.089",
            "close": "7.101"
        },
        {
            "time": "23.11.2020 16:09",
            "open": "7.101",
            "high": "7.128",
            "low": "7.101",
            "close": "7.139"
        },
        {
            "time": "23.11.2020 16:22",
            "open": "7.139",
            "high": "7.14",
            "low": "7.139",
            "close": "7.104"
        },
        {
            "time": "23.11.2020 16:26",
            "open": "7.104",
            "high": "7.104",
            "low": "7.104",
            "close": "7.106"
        },
        {
            "time": "23.11.2020 16:28",
            "open": "7.106",
            "high": "7.106",
            "low": "7.09",
            "close": "7.077"
        },
        {
            "time": "23.11.2020 16:31",
            "open": "7.077",
            "high": "7.077",
            "low": "7.077",
            "close": "7.064"
        },
        {
            "time": "23.11.2020 16:55",
            "open": "7.064",
            "high": "7.064",
            "low": "6.993",
            "close": "7.03"
        },
        {
            "time": "23.11.2020 16:57",
            "open": "7.03",
            "high": "7.03",
            "low": "7.029",
            "close": "7.03"
        },
        {
            "time": "23.11.2020 16:58",
            "open": "7.03",
            "high": "7.03",
            "low": "7.03",
            "close": "7.03"
        },
        {
            "time": "23.11.2020 16:59",
            "open": "7.03",
            "high": "7.03",
            "low": "7.03",
            "close": "7.03"
        },
        {
            "time": "23.11.2020 17:00",
            "open": "7.03",
            "high": "7.03",
            "low": "7.03",
            "close": "7.03"
        },
        {
            "time": "23.11.2020 17:01",
            "open": "7.03",
            "high": "7.03",
            "low": "7.03",
            "close": "7.03"
        },
        {
            "time": "23.11.2020 17:02",
            "open": "7.03",
            "high": "7.03",
            "low": "7.03",
            "close": "7.022"
        },
        {
            "time": "23.11.2020 17:04",
            "open": "7.022",
            "high": "7.03",
            "low": "7.021",
            "close": "7.03"
        },
        {
            "time": "23.11.2020 17:05",
            "open": "7.03",
            "high": "7.03",
            "low": "7.03",
            "close": "7.042"
        },
        {
            "time": "23.11.2020 17:12",
            "open": "7.042",
            "high": "7.042",
            "low": "7.042",
            "close": "7.038"
        },
        {
            "time": "23.11.2020 17:15",
            "open": "7.038",
            "high": "7.038",
            "low": "7.038",
            "close": "7.044"
        },
        {
            "time": "23.11.2020 17:18",
            "open": "7.044",
            "high": "7.044",
            "low": "7.044",
            "close": "7.06"
        },
        {
            "time": "23.11.2020 17:22",
            "open": "7.06",
            "high": "7.06",
            "low": "7.06",
            "close": "7.017"
        },
        {
            "time": "23.11.2020 17:32",
            "open": "7.017",
            "high": "7.017",
            "low": "7.017",
            "close": "6.976"
        },
        {
            "time": "23.11.2020 17:40",
            "open": "6.976",
            "high": "6.976",
            "low": "6.976",
            "close": "6.954"
        },
        {
            "time": "23.11.2020 17:45",
            "open": "6.954",
            "high": "6.958",
            "low": "6.954",
            "close": "6.958"
        },
        {
            "time": "23.11.2020 17:47",
            "open": "6.958",
            "high": "6.958",
            "low": "6.94",
            "close": "6.94"
        },
        {
            "time": "23.11.2020 17:48",
            "open": "6.94",
            "high": "6.94",
            "low": "6.94",
            "close": "6.971"
        },
        {
            "time": "23.11.2020 17:52",
            "open": "6.971",
            "high": "6.972",
            "low": "6.971",
            "close": "7.046"
        },
        {
            "time": "23.11.2020 17:55",
            "open": "7.046",
            "high": "7.046",
            "low": "7.046",
            "close": "7.056"
        },
        {
            "time": "23.11.2020 18:01",
            "open": "7.056",
            "high": "7.056",
            "low": "7.056",
            "close": "7.055"
        },
        {
            "time": "23.11.2020 18:03",
            "open": "7.055",
            "high": "7.055",
            "low": "7.055",
            "close": "7.014"
        },
        {
            "time": "23.11.2020 18:22",
            "open": "7.014",
            "high": "7.021",
            "low": "7.014",
            "close": "7.06"
        },
        {
            "time": "23.11.2020 18:31",
            "open": "7.06",
            "high": "7.06",
            "low": "7.06",
            "close": "7.022"
        },
        {
            "time": "23.11.2020 18:40",
            "open": "7.022",
            "high": "7.022",
            "low": "7.022",
            "close": "7.01"
        },
        {
            "time": "23.11.2020 18:42",
            "open": "7.01",
            "high": "7.01",
            "low": "7.01",
            "close": "7.044"
        },
        {
            "time": "23.11.2020 18:43",
            "open": "7.044",
            "high": "7.044",
            "low": "7.044",
            "close": "7.02"
        },
        {
            "time": "23.11.2020 18:44",
            "open": "7.02",
            "high": "7.02",
            "low": "7.02",
            "close": "7.008"
        },
        {
            "time": "23.11.2020 18:54",
            "open": "7.008",
            "high": "7.008",
            "low": "7.008",
            "close": "7.004"
        },
        {
            "time": "23.11.2020 18:55",
            "open": "7.004",
            "high": "7.006",
            "low": "7.004",
            "close": "7.005"
        },
        {
            "time": "23.11.2020 19:00",
            "open": "7.005",
            "high": "7.005",
            "low": "7.001",
            "close": "7"
        },
        {
            "time": "23.11.2020 19:17",
            "open": "7",
            "high": "7",
            "low": "7",
            "close": "6.997"
        },
        {
            "time": "23.11.2020 19:22",
            "open": "6.997",
            "high": "6.997",
            "low": "6.997",
            "close": "6.994"
        },
        {
            "time": "23.11.2020 19:23",
            "open": "6.994",
            "high": "6.994",
            "low": "6.994",
            "close": "6.983"
        },
        {
            "time": "23.11.2020 19:27",
            "open": "6.983",
            "high": "6.983",
            "low": "6.983",
            "close": "6.983"
        },
        {
            "time": "23.11.2020 19:29",
            "open": "6.983",
            "high": "6.983",
            "low": "6.983",
            "close": "6.982"
        },
        {
            "time": "23.11.2020 19:36",
            "open": "6.982",
            "high": "6.982",
            "low": "6.982",
            "close": "6.985"
        },
        {
            "time": "23.11.2020 19:38",
            "open": "6.985",
            "high": "6.985",
            "low": "6.985",
            "close": "6.996"
        },
        {
            "time": "23.11.2020 19:49",
            "open": "6.996",
            "high": "6.996",
            "low": "6.996",
            "close": "6.994"
        },
        {
            "time": "23.11.2020 19:52",
            "open": "6.994",
            "high": "6.994",
            "low": "6.965",
            "close": "6.959"
        },
        {
            "time": "23.11.2020 19:59",
            "open": "6.959",
            "high": "6.959",
            "low": "6.957",
            "close": "6.966"
        },
        {
            "time": "23.11.2020 20:02",
            "open": "6.966",
            "high": "6.966",
            "low": "6.966",
            "close": "6.959"
        },
        {
            "time": "23.11.2020 20:07",
            "open": "6.959",
            "high": "6.959",
            "low": "6.959",
            "close": "6.959"
        },
        {
            "time": "23.11.2020 20:14",
            "open": "6.959",
            "high": "6.959",
            "low": "6.959",
            "close": "6.959"
        },
        {
            "time": "23.11.2020 20:15",
            "open": "6.959",
            "high": "6.959",
            "low": "6.956",
            "close": "6.937"
        },
        {
            "time": "23.11.2020 20:16",
            "open": "6.937",
            "high": "6.937",
            "low": "6.937",
            "close": "6.961"
        },
        {
            "time": "23.11.2020 20:22",
            "open": "6.961",
            "high": "6.961",
            "low": "6.96",
            "close": "6.961"
        },
        {
            "time": "23.11.2020 20:43",
            "open": "6.961",
            "high": "6.964",
            "low": "6.961",
            "close": "6.962"
        },
        {
            "time": "23.11.2020 20:47",
            "open": "6.962",
            "high": "6.978",
            "low": "6.962",
            "close": "6.951"
        },
        {
            "time": "23.11.2020 20:49",
            "open": "6.951",
            "high": "6.951",
            "low": "6.951",
            "close": "6.946"
        },
        {
            "time": "23.11.2020 20:50",
            "open": "6.946",
            "high": "6.946",
            "low": "6.946",
            "close": "6.951"
        },
        {
            "time": "23.11.2020 20:53",
            "open": "6.951",
            "high": "6.951",
            "low": "6.949",
            "close": "6.965"
        },
        {
            "time": "23.11.2020 20:56",
            "open": "6.965",
            "high": "6.967",
            "low": "6.965",
            "close": "6.963"
        },
        {
            "time": "23.11.2020 20:58",
            "open": "6.963",
            "high": "6.967",
            "low": "6.963",
            "close": "7.042"
        },
        {
            "time": "23.11.2020 21:04",
            "open": "7.042",
            "high": "7.046",
            "low": "7.042",
            "close": "7.09"
        },
        {
            "time": "23.11.2020 21:05",
            "open": "7.09",
            "high": "7.091",
            "low": "7.09",
            "close": "7.11"
        },
        {
            "time": "23.11.2020 21:06",
            "open": "7.11",
            "high": "7.11",
            "low": "7.104",
            "close": "7.091"
        },
        {
            "time": "23.11.2020 21:07",
            "open": "7.091",
            "high": "7.091",
            "low": "7.089",
            "close": "7.029"
        },
        {
            "time": "23.11.2020 21:10",
            "open": "7.029",
            "high": "7.037",
            "low": "7.029",
            "close": "7.009"
        },
        {
            "time": "23.11.2020 21:17",
            "open": "7.009",
            "high": "7.009",
            "low": "7.009",
            "close": "6.983"
        },
        {
            "time": "23.11.2020 21:22",
            "open": "6.983",
            "high": "6.983",
            "low": "6.982",
            "close": "6.998"
        },
        {
            "time": "23.11.2020 21:23",
            "open": "6.998",
            "high": "7",
            "low": "6.998",
            "close": "7.001"
        },
        {
            "time": "23.11.2020 21:25",
            "open": "7.001",
            "high": "7.001",
            "low": "7.001",
            "close": "7.017"
        },
        {
            "time": "23.11.2020 21:27",
            "open": "7.017",
            "high": "7.017",
            "low": "7.017",
            "close": "7.007"
        },
        {
            "time": "23.11.2020 21:39",
            "open": "7.007",
            "high": "7.007",
            "low": "7.007",
            "close": "7.006"
        },
        {
            "time": "23.11.2020 21:41",
            "open": "7.006",
            "high": "7.006",
            "low": "7.006",
            "close": "7"
        },
        {
            "time": "23.11.2020 21:43",
            "open": "7",
            "high": "7",
            "low": "7",
            "close": "6.959"
        },
        {
            "time": "23.11.2020 21:45",
            "open": "6.959",
            "high": "6.959",
            "low": "6.949",
            "close": "6.956"
        },
        {
            "time": "23.11.2020 21:46",
            "open": "6.956",
            "high": "6.956",
            "low": "6.956",
            "close": "6.954"
        },
        {
            "time": "23.11.2020 21:50",
            "open": "6.954",
            "high": "6.954",
            "low": "6.954",
            "close": "6.961"
        },
        {
            "time": "23.11.2020 22:01",
            "open": "6.961",
            "high": "6.961",
            "low": "6.961",
            "close": "6.965"
        },
        {
            "time": "23.11.2020 22:02",
            "open": "6.965",
            "high": "6.965",
            "low": "6.965",
            "close": "6.98"
        },
        {
            "time": "23.11.2020 22:05",
            "open": "6.98",
            "high": "6.98",
            "low": "6.98",
            "close": "6.965"
        },
        {
            "time": "23.11.2020 22:11",
            "open": "6.965",
            "high": "6.965",
            "low": "6.965",
            "close": "6.931"
        },
        {
            "time": "23.11.2020 22:12",
            "open": "6.931",
            "high": "6.931",
            "low": "6.931",
            "close": "6.948"
        },
        {
            "time": "23.11.2020 22:13",
            "open": "6.948",
            "high": "6.948",
            "low": "6.948",
            "close": "6.992"
        },
        {
            "time": "23.11.2020 22:21",
            "open": "6.992",
            "high": "6.992",
            "low": "6.992",
            "close": "6.991"
        },
        {
            "time": "23.11.2020 22:32",
            "open": "6.991",
            "high": "6.991",
            "low": "6.991",
            "close": "7.003"
        },
        {
            "time": "23.11.2020 22:34",
            "open": "7.003",
            "high": "7.003",
            "low": "7.003",
            "close": "6.991"
        },
        {
            "time": "23.11.2020 22:36",
            "open": "6.991",
            "high": "7.002",
            "low": "6.991",
            "close": "7.04"
        },
        {
            "time": "23.11.2020 22:40",
            "open": "7.04",
            "high": "7.04",
            "low": "7.04",
            "close": "7.036"
        },
        {
            "time": "23.11.2020 22:41",
            "open": "7.036",
            "high": "7.036",
            "low": "7.036",
            "close": "7.032"
        },
        {
            "time": "23.11.2020 22:42",
            "open": "7.032",
            "high": "7.032",
            "low": "7.003",
            "close": "7.03"
        },
        {
            "time": "23.11.2020 22:46",
            "open": "7.03",
            "high": "7.03",
            "low": "7.03",
            "close": "7.051"
        },
        {
            "time": "23.11.2020 22:49",
            "open": "7.051",
            "high": "7.051",
            "low": "7.051",
            "close": "7.073"
        },
        {
            "time": "23.11.2020 22:51",
            "open": "7.073",
            "high": "7.085",
            "low": "7.072",
            "close": "7.079"
        },
        {
            "time": "23.11.2020 22:52",
            "open": "7.079",
            "high": "7.079",
            "low": "7.079",
            "close": "7.076"
        },
        {
            "time": "23.11.2020 22:53",
            "open": "7.076",
            "high": "7.081",
            "low": "7.076",
            "close": "7.05"
        },
        {
            "time": "23.11.2020 22:59",
            "open": "7.05",
            "high": "7.05",
            "low": "7.05",
            "close": "7.107"
        },
        {
            "time": "23.11.2020 23:02",
            "open": "7.107",
            "high": "7.13",
            "low": "7.107",
            "close": "7.117"
        },
        {
            "time": "23.11.2020 23:04",
            "open": "7.117",
            "high": "7.117",
            "low": "7.117",
            "close": "7.117"
        },
        {
            "time": "23.11.2020 23:05",
            "open": "7.117",
            "high": "7.117",
            "low": "7.117",
            "close": "7.119"
        },
        {
            "time": "23.11.2020 23:08",
            "open": "7.12",
            "high": "7.12",
            "low": "7.12",
            "close": "7.125"
        },
        {
            "time": "23.11.2020 23:16",
            "open": "7.125",
            "high": "7.125",
            "low": "7.125",
            "close": "7.113"
        },
        {
            "time": "23.11.2020 23:20",
            "open": "7.113",
            "high": "7.113",
            "low": "7.113",
            "close": "7.107"
        },
        {
            "time": "23.11.2020 23:21",
            "open": "7.107",
            "high": "7.107",
            "low": "7.106",
            "close": "7.116"
        },
        {
            "time": "23.11.2020 23:22",
            "open": "7.116",
            "high": "7.116",
            "low": "7.115",
            "close": "7.113"
        },
        {
            "time": "23.11.2020 23:23",
            "open": "7.113",
            "high": "7.114",
            "low": "7.113",
            "close": "7.109"
        },
        {
            "time": "23.11.2020 23:24",
            "open": "7.109",
            "high": "7.112",
            "low": "7.107",
            "close": "7.109"
        },
        {
            "time": "23.11.2020 23:25",
            "open": "7.109",
            "high": "7.113",
            "low": "7.109",
            "close": "7.112"
        },
        {
            "time": "23.11.2020 23:26",
            "open": "7.112",
            "high": "7.112",
            "low": "7.112",
            "close": "7.113"
        },
        {
            "time": "23.11.2020 23:27",
            "open": "7.113",
            "high": "7.115",
            "low": "7.113",
            "close": "7.117"
        },
        {
            "time": "23.11.2020 23:28",
            "open": "7.117",
            "high": "7.121",
            "low": "7.117",
            "close": "7.121"
        },
        {
            "time": "23.11.2020 23:31",
            "open": "7.121",
            "high": "7.124",
            "low": "7.121",
            "close": "7.125"
        },
        {
            "time": "23.11.2020 23:37",
            "open": "7.125",
            "high": "7.146",
            "low": "7.125",
            "close": "7.148"
        },
        {
            "time": "23.11.2020 23:43",
            "open": "7.148",
            "high": "7.148",
            "low": "7.148",
            "close": "7.15"
        },
        {
            "time": "23.11.2020 23:47",
            "open": "7.15",
            "high": "7.191",
            "low": "7.149",
            "close": "7.182"
        },
        {
            "time": "23.11.2020 23:49",
            "open": "7.182",
            "high": "7.182",
            "low": "7.181",
            "close": "7.193"
        }
    ]
}