{
    "UMA-EUR": [
        {
            "time": "04.07.2021 23:55",
            "open": "8.472",
            "high": "8.472",
            "low": "8.472",
            "close": "8.472"
        },
        {
            "time": "05.07.2021 00:04",
            "open": "8.472",
            "high": "8.472",
            "low": "8.472",
            "close": "8.469"
        },
        {
            "time": "05.07.2021 00:19",
            "open": "8.469",
            "high": "8.469",
            "low": "8.469",
            "close": "8.454"
        },
        {
            "time": "05.07.2021 00:26",
            "open": "8.454",
            "high": "8.454",
            "low": "8.454",
            "close": "8.467"
        },
        {
            "time": "05.07.2021 00:28",
            "open": "8.467",
            "high": "8.467",
            "low": "8.467",
            "close": "8.45"
        },
        {
            "time": "05.07.2021 00:30",
            "open": "8.45",
            "high": "8.45",
            "low": "8.45",
            "close": "8.393"
        },
        {
            "time": "05.07.2021 00:31",
            "open": "8.393",
            "high": "8.409",
            "low": "8.393",
            "close": "8.394"
        },
        {
            "time": "05.07.2021 00:32",
            "open": "8.394",
            "high": "8.394",
            "low": "8.394",
            "close": "8.41"
        },
        {
            "time": "05.07.2021 00:44",
            "open": "8.41",
            "high": "8.41",
            "low": "8.41",
            "close": "8.394"
        },
        {
            "time": "05.07.2021 00:46",
            "open": "8.394",
            "high": "8.394",
            "low": "8.394",
            "close": "8.376"
        },
        {
            "time": "05.07.2021 00:48",
            "open": "8.376",
            "high": "8.376",
            "low": "8.376",
            "close": "8.319"
        },
        {
            "time": "05.07.2021 00:57",
            "open": "8.319",
            "high": "8.319",
            "low": "8.319",
            "close": "8.319"
        },
        {
            "time": "05.07.2021 00:59",
            "open": "8.319",
            "high": "8.319",
            "low": "8.277",
            "close": "8.283"
        },
        {
            "time": "05.07.2021 01:00",
            "open": "8.283",
            "high": "8.283",
            "low": "8.265",
            "close": "8.257"
        },
        {
            "time": "05.07.2021 01:01",
            "open": "8.257",
            "high": "8.263",
            "low": "8.257",
            "close": "8.263"
        },
        {
            "time": "05.07.2021 01:02",
            "open": "8.263",
            "high": "8.276",
            "low": "8.263",
            "close": "8.275"
        },
        {
            "time": "05.07.2021 01:03",
            "open": "8.275",
            "high": "8.275",
            "low": "8.275",
            "close": "8.285"
        },
        {
            "time": "05.07.2021 01:07",
            "open": "8.285",
            "high": "8.285",
            "low": "8.282",
            "close": "8.304"
        },
        {
            "time": "05.07.2021 01:10",
            "open": "8.304",
            "high": "8.304",
            "low": "8.304",
            "close": "8.292"
        },
        {
            "time": "05.07.2021 01:11",
            "open": "8.292",
            "high": "8.292",
            "low": "8.292",
            "close": "8.335"
        },
        {
            "time": "05.07.2021 01:16",
            "open": "8.335",
            "high": "8.335",
            "low": "8.335",
            "close": "8.354"
        },
        {
            "time": "05.07.2021 01:22",
            "open": "8.354",
            "high": "8.354",
            "low": "8.354",
            "close": "8.346"
        },
        {
            "time": "05.07.2021 01:23",
            "open": "8.346",
            "high": "8.346",
            "low": "8.346",
            "close": "8.352"
        },
        {
            "time": "05.07.2021 01:29",
            "open": "8.352",
            "high": "8.352",
            "low": "8.348",
            "close": "8.362"
        },
        {
            "time": "05.07.2021 01:34",
            "open": "8.362",
            "high": "8.362",
            "low": "8.348",
            "close": "8.351"
        },
        {
            "time": "05.07.2021 01:35",
            "open": "8.351",
            "high": "8.387",
            "low": "8.351",
            "close": "8.385"
        },
        {
            "time": "05.07.2021 01:36",
            "open": "8.385",
            "high": "8.385",
            "low": "8.347",
            "close": "8.352"
        },
        {
            "time": "05.07.2021 01:39",
            "open": "8.352",
            "high": "8.352",
            "low": "8.335",
            "close": "8.302"
        },
        {
            "time": "05.07.2021 02:00",
            "open": "8.302",
            "high": "8.302",
            "low": "8.302",
            "close": "8.245"
        },
        {
            "time": "05.07.2021 02:02",
            "open": "8.245",
            "high": "8.245",
            "low": "8.245",
            "close": "8.239"
        },
        {
            "time": "05.07.2021 02:03",
            "open": "8.239",
            "high": "8.239",
            "low": "8.239",
            "close": "8.266"
        },
        {
            "time": "05.07.2021 02:04",
            "open": "8.266",
            "high": "8.269",
            "low": "8.266",
            "close": "8.273"
        },
        {
            "time": "05.07.2021 02:05",
            "open": "8.273",
            "high": "8.273",
            "low": "8.273",
            "close": "8.251"
        },
        {
            "time": "05.07.2021 02:06",
            "open": "8.251",
            "high": "8.251",
            "low": "8.251",
            "close": "8.239"
        },
        {
            "time": "05.07.2021 02:07",
            "open": "8.239",
            "high": "8.239",
            "low": "8.239",
            "close": "8.216"
        },
        {
            "time": "05.07.2021 02:16",
            "open": "8.216",
            "high": "8.216",
            "low": "8.212",
            "close": "8.178"
        },
        {
            "time": "05.07.2021 02:19",
            "open": "8.178",
            "high": "8.178",
            "low": "8.178",
            "close": "8.18"
        },
        {
            "time": "05.07.2021 02:20",
            "open": "8.18",
            "high": "8.18",
            "low": "8.18",
            "close": "8.173"
        },
        {
            "time": "05.07.2021 02:22",
            "open": "8.173",
            "high": "8.173",
            "low": "8.173",
            "close": "8.243"
        },
        {
            "time": "05.07.2021 03:11",
            "open": "8.243",
            "high": "8.243",
            "low": "8.243",
            "close": "8.25"
        },
        {
            "time": "05.07.2021 03:12",
            "open": "8.25",
            "high": "8.25",
            "low": "8.25",
            "close": "8.221"
        },
        {
            "time": "05.07.2021 03:26",
            "open": "8.221",
            "high": "8.221",
            "low": "8.221",
            "close": "8.224"
        },
        {
            "time": "05.07.2021 03:27",
            "open": "8.224",
            "high": "8.224",
            "low": "8.201",
            "close": "8.155"
        },
        {
            "time": "05.07.2021 03:44",
            "open": "8.155",
            "high": "8.155",
            "low": "8.148",
            "close": "8.157"
        },
        {
            "time": "05.07.2021 04:00",
            "open": "8.157",
            "high": "8.159",
            "low": "8.157",
            "close": "8.159"
        },
        {
            "time": "05.07.2021 04:04",
            "open": "8.159",
            "high": "8.159",
            "low": "8.157",
            "close": "8.141"
        },
        {
            "time": "05.07.2021 04:05",
            "open": "8.141",
            "high": "8.141",
            "low": "8.141",
            "close": "8.142"
        },
        {
            "time": "05.07.2021 04:14",
            "open": "8.142",
            "high": "8.142",
            "low": "8.142",
            "close": "8.141"
        },
        {
            "time": "05.07.2021 04:15",
            "open": "8.141",
            "high": "8.141",
            "low": "8.139",
            "close": "8.145"
        },
        {
            "time": "05.07.2021 04:19",
            "open": "8.145",
            "high": "8.145",
            "low": "8.145",
            "close": "8.146"
        },
        {
            "time": "05.07.2021 04:20",
            "open": "8.146",
            "high": "8.146",
            "low": "8.146",
            "close": "8.137"
        },
        {
            "time": "05.07.2021 04:21",
            "open": "8.137",
            "high": "8.137",
            "low": "8.137",
            "close": "8.112"
        },
        {
            "time": "05.07.2021 04:25",
            "open": "8.112",
            "high": "8.112",
            "low": "8.106",
            "close": "8.103"
        },
        {
            "time": "05.07.2021 04:26",
            "open": "8.103",
            "high": "8.107",
            "low": "8.103",
            "close": "8.117"
        },
        {
            "time": "05.07.2021 04:27",
            "open": "8.117",
            "high": "8.117",
            "low": "8.117",
            "close": "8.111"
        },
        {
            "time": "05.07.2021 04:28",
            "open": "8.111",
            "high": "8.111",
            "low": "8.111",
            "close": "8.11"
        },
        {
            "time": "05.07.2021 04:31",
            "open": "8.11",
            "high": "8.11",
            "low": "8.11",
            "close": "8.105"
        },
        {
            "time": "05.07.2021 04:32",
            "open": "8.105",
            "high": "8.105",
            "low": "8.105",
            "close": "8.105"
        },
        {
            "time": "05.07.2021 04:33",
            "open": "8.105",
            "high": "8.105",
            "low": "8.105",
            "close": "8.099"
        },
        {
            "time": "05.07.2021 04:38",
            "open": "8.099",
            "high": "8.099",
            "low": "8.099",
            "close": "8.109"
        },
        {
            "time": "05.07.2021 04:42",
            "open": "8.109",
            "high": "8.109",
            "low": "8.096",
            "close": "8.091"
        },
        {
            "time": "05.07.2021 04:46",
            "open": "8.091",
            "high": "8.091",
            "low": "8.091",
            "close": "8.09"
        },
        {
            "time": "05.07.2021 05:01",
            "open": "8.09",
            "high": "8.09",
            "low": "8.09",
            "close": "8.09"
        },
        {
            "time": "05.07.2021 05:06",
            "open": "8.09",
            "high": "8.103",
            "low": "8.09",
            "close": "8.094"
        },
        {
            "time": "05.07.2021 05:20",
            "open": "8.094",
            "high": "8.094",
            "low": "8.094",
            "close": "8.053"
        },
        {
            "time": "05.07.2021 05:37",
            "open": "8.053",
            "high": "8.053",
            "low": "8.053",
            "close": "8.052"
        },
        {
            "time": "05.07.2021 05:41",
            "open": "8.052",
            "high": "8.052",
            "low": "8.052",
            "close": "8.053"
        },
        {
            "time": "05.07.2021 06:00",
            "open": "8.053",
            "high": "8.054",
            "low": "8.05",
            "close": "8.05"
        },
        {
            "time": "05.07.2021 06:01",
            "open": "8.05",
            "high": "8.05",
            "low": "8.05",
            "close": "8.05"
        },
        {
            "time": "05.07.2021 06:02",
            "open": "8.05",
            "high": "8.05",
            "low": "8.05",
            "close": "8.05"
        },
        {
            "time": "05.07.2021 06:03",
            "open": "8.05",
            "high": "8.05",
            "low": "8.05",
            "close": "8.026"
        },
        {
            "time": "05.07.2021 06:09",
            "open": "8.026",
            "high": "8.026",
            "low": "8.022",
            "close": "8.011"
        },
        {
            "time": "05.07.2021 06:11",
            "open": "8.011",
            "high": "8.011",
            "low": "8",
            "close": "7.969"
        },
        {
            "time": "05.07.2021 06:18",
            "open": "7.969",
            "high": "7.969",
            "low": "7.969",
            "close": "7.974"
        },
        {
            "time": "05.07.2021 06:26",
            "open": "7.974",
            "high": "7.974",
            "low": "7.974",
            "close": "7.973"
        },
        {
            "time": "05.07.2021 06:27",
            "open": "7.973",
            "high": "7.973",
            "low": "7.973",
            "close": "7.973"
        },
        {
            "time": "05.07.2021 06:28",
            "open": "7.973",
            "high": "7.98",
            "low": "7.973",
            "close": "8.03"
        },
        {
            "time": "05.07.2021 06:33",
            "open": "8.03",
            "high": "8.046",
            "low": "8.03",
            "close": "8.035"
        },
        {
            "time": "05.07.2021 06:34",
            "open": "8.035",
            "high": "8.035",
            "low": "8.035",
            "close": "8.045"
        },
        {
            "time": "05.07.2021 06:37",
            "open": "8.045",
            "high": "8.074",
            "low": "8.045",
            "close": "8.073"
        },
        {
            "time": "05.07.2021 06:38",
            "open": "8.073",
            "high": "8.074",
            "low": "8.073",
            "close": "8.082"
        },
        {
            "time": "05.07.2021 06:39",
            "open": "8.082",
            "high": "8.082",
            "low": "8.082",
            "close": "8.081"
        },
        {
            "time": "05.07.2021 06:52",
            "open": "8.081",
            "high": "8.082",
            "low": "8.081",
            "close": "8.082"
        },
        {
            "time": "05.07.2021 06:53",
            "open": "8.082",
            "high": "8.082",
            "low": "8.081",
            "close": "8.074"
        },
        {
            "time": "05.07.2021 07:01",
            "open": "8.074",
            "high": "8.074",
            "low": "8.074",
            "close": "8.074"
        },
        {
            "time": "05.07.2021 07:02",
            "open": "8.074",
            "high": "8.074",
            "low": "8.074",
            "close": "8.074"
        },
        {
            "time": "05.07.2021 07:06",
            "open": "8.074",
            "high": "8.074",
            "low": "8.074",
            "close": "8.056"
        },
        {
            "time": "05.07.2021 07:16",
            "open": "8.056",
            "high": "8.056",
            "low": "8.056",
            "close": "8.038"
        },
        {
            "time": "05.07.2021 07:25",
            "open": "8.038",
            "high": "8.038",
            "low": "8.038",
            "close": "8.037"
        },
        {
            "time": "05.07.2021 07:31",
            "open": "8.037",
            "high": "8.037",
            "low": "8.033",
            "close": "8.049"
        },
        {
            "time": "05.07.2021 07:44",
            "open": "8.049",
            "high": "8.049",
            "low": "8.049",
            "close": "8.067"
        },
        {
            "time": "05.07.2021 07:53",
            "open": "8.067",
            "high": "8.067",
            "low": "8.067",
            "close": "8.084"
        },
        {
            "time": "05.07.2021 08:01",
            "open": "8.084",
            "high": "8.084",
            "low": "8.084",
            "close": "8.085"
        },
        {
            "time": "05.07.2021 08:02",
            "open": "8.085",
            "high": "8.085",
            "low": "8.085",
            "close": "8.138"
        },
        {
            "time": "05.07.2021 08:05",
            "open": "8.138",
            "high": "8.14",
            "low": "8.138",
            "close": "8.161"
        },
        {
            "time": "05.07.2021 08:07",
            "open": "8.161",
            "high": "8.186",
            "low": "8.161",
            "close": "8.186"
        },
        {
            "time": "05.07.2021 08:08",
            "open": "8.186",
            "high": "8.289",
            "low": "8.186",
            "close": "8.233"
        },
        {
            "time": "05.07.2021 08:09",
            "open": "8.233",
            "high": "8.246",
            "low": "8.229",
            "close": "8.29"
        },
        {
            "time": "05.07.2021 08:10",
            "open": "8.29",
            "high": "8.29",
            "low": "8.29",
            "close": "8.268"
        },
        {
            "time": "05.07.2021 08:11",
            "open": "8.268",
            "high": "8.268",
            "low": "8.255",
            "close": "8.237"
        },
        {
            "time": "05.07.2021 08:12",
            "open": "8.237",
            "high": "8.237",
            "low": "8.235",
            "close": "8.232"
        },
        {
            "time": "05.07.2021 08:13",
            "open": "8.232",
            "high": "8.232",
            "low": "8.232",
            "close": "8.257"
        },
        {
            "time": "05.07.2021 08:15",
            "open": "8.257",
            "high": "8.257",
            "low": "8.242",
            "close": "8.289"
        },
        {
            "time": "05.07.2021 08:18",
            "open": "8.289",
            "high": "8.293",
            "low": "8.289",
            "close": "8.293"
        },
        {
            "time": "05.07.2021 08:21",
            "open": "8.293",
            "high": "8.293",
            "low": "8.293",
            "close": "8.294"
        },
        {
            "time": "05.07.2021 08:22",
            "open": "8.294",
            "high": "8.294",
            "low": "8.294",
            "close": "8.294"
        },
        {
            "time": "05.07.2021 08:23",
            "open": "8.294",
            "high": "8.303",
            "low": "8.294",
            "close": "8.279"
        },
        {
            "time": "05.07.2021 08:28",
            "open": "8.279",
            "high": "8.294",
            "low": "8.279",
            "close": "8.272"
        },
        {
            "time": "05.07.2021 08:31",
            "open": "8.272",
            "high": "8.272",
            "low": "8.272",
            "close": "8.263"
        },
        {
            "time": "05.07.2021 08:32",
            "open": "8.263",
            "high": "8.263",
            "low": "8.263",
            "close": "8.258"
        },
        {
            "time": "05.07.2021 08:33",
            "open": "8.258",
            "high": "8.258",
            "low": "8.258",
            "close": "8.263"
        },
        {
            "time": "05.07.2021 08:34",
            "open": "8.263",
            "high": "8.263",
            "low": "8.263",
            "close": "8.27"
        },
        {
            "time": "05.07.2021 08:37",
            "open": "8.27",
            "high": "8.285",
            "low": "8.27",
            "close": "8.293"
        },
        {
            "time": "05.07.2021 08:45",
            "open": "8.293",
            "high": "8.293",
            "low": "8.292",
            "close": "8.276"
        },
        {
            "time": "05.07.2021 08:50",
            "open": "8.276",
            "high": "8.276",
            "low": "8.274",
            "close": "8.242"
        },
        {
            "time": "05.07.2021 08:56",
            "open": "8.242",
            "high": "8.242",
            "low": "8.242",
            "close": "8.25"
        },
        {
            "time": "05.07.2021 08:57",
            "open": "8.25",
            "high": "8.25",
            "low": "8.25",
            "close": "8.244"
        },
        {
            "time": "05.07.2021 08:58",
            "open": "8.244",
            "high": "8.244",
            "low": "8.244",
            "close": "8.237"
        },
        {
            "time": "05.07.2021 09:06",
            "open": "8.237",
            "high": "8.237",
            "low": "8.237",
            "close": "8.217"
        },
        {
            "time": "05.07.2021 09:18",
            "open": "8.217",
            "high": "8.217",
            "low": "8.217",
            "close": "8.202"
        },
        {
            "time": "05.07.2021 09:22",
            "open": "8.202",
            "high": "8.205",
            "low": "8.202",
            "close": "8.188"
        },
        {
            "time": "05.07.2021 09:27",
            "open": "8.188",
            "high": "8.188",
            "low": "8.188",
            "close": "8.159"
        },
        {
            "time": "05.07.2021 09:47",
            "open": "8.159",
            "high": "8.16",
            "low": "8.159",
            "close": "8.157"
        },
        {
            "time": "05.07.2021 09:55",
            "open": "8.157",
            "high": "8.157",
            "low": "8.157",
            "close": "8.158"
        },
        {
            "time": "05.07.2021 10:01",
            "open": "8.158",
            "high": "8.158",
            "low": "8.158",
            "close": "8.154"
        },
        {
            "time": "05.07.2021 10:03",
            "open": "8.154",
            "high": "8.154",
            "low": "8.154",
            "close": "8.164"
        },
        {
            "time": "05.07.2021 10:04",
            "open": "8.164",
            "high": "8.164",
            "low": "8.164",
            "close": "8.169"
        },
        {
            "time": "05.07.2021 10:06",
            "open": "8.169",
            "high": "8.169",
            "low": "8.169",
            "close": "8.159"
        },
        {
            "time": "05.07.2021 10:16",
            "open": "8.159",
            "high": "8.159",
            "low": "8.159",
            "close": "8.162"
        },
        {
            "time": "05.07.2021 10:20",
            "open": "8.162",
            "high": "8.162",
            "low": "8.162",
            "close": "8.186"
        },
        {
            "time": "05.07.2021 10:34",
            "open": "8.186",
            "high": "8.186",
            "low": "8.186",
            "close": "8.186"
        },
        {
            "time": "05.07.2021 10:36",
            "open": "8.186",
            "high": "8.186",
            "low": "8.186",
            "close": "8.161"
        },
        {
            "time": "05.07.2021 10:46",
            "open": "8.161",
            "high": "8.161",
            "low": "8.15",
            "close": "8.176"
        },
        {
            "time": "05.07.2021 10:54",
            "open": "8.176",
            "high": "8.176",
            "low": "8.176",
            "close": "8.184"
        },
        {
            "time": "05.07.2021 11:02",
            "open": "8.184",
            "high": "8.184",
            "low": "8.184",
            "close": "8.207"
        },
        {
            "time": "05.07.2021 11:10",
            "open": "8.207",
            "high": "8.233",
            "low": "8.207",
            "close": "8.219"
        },
        {
            "time": "05.07.2021 11:31",
            "open": "8.219",
            "high": "8.219",
            "low": "8.219",
            "close": "8.219"
        },
        {
            "time": "05.07.2021 11:32",
            "open": "8.219",
            "high": "8.219",
            "low": "8.219",
            "close": "8.217"
        },
        {
            "time": "05.07.2021 11:34",
            "open": "8.217",
            "high": "8.217",
            "low": "8.217",
            "close": "8.232"
        },
        {
            "time": "05.07.2021 11:55",
            "open": "8.232",
            "high": "8.232",
            "low": "8.232",
            "close": "8.237"
        },
        {
            "time": "05.07.2021 12:02",
            "open": "8.237",
            "high": "8.237",
            "low": "8.237",
            "close": "8.239"
        },
        {
            "time": "05.07.2021 12:03",
            "open": "8.239",
            "high": "8.239",
            "low": "8.239",
            "close": "8.25"
        },
        {
            "time": "05.07.2021 12:04",
            "open": "8.25",
            "high": "8.253",
            "low": "8.25",
            "close": "8.256"
        },
        {
            "time": "05.07.2021 12:06",
            "open": "8.256",
            "high": "8.258",
            "low": "8.256",
            "close": "8.266"
        },
        {
            "time": "05.07.2021 12:08",
            "open": "8.266",
            "high": "8.271",
            "low": "8.266",
            "close": "8.28"
        },
        {
            "time": "05.07.2021 12:10",
            "open": "8.28",
            "high": "8.392",
            "low": "8.28",
            "close": "8.307"
        },
        {
            "time": "05.07.2021 12:11",
            "open": "8.307",
            "high": "8.307",
            "low": "8.307",
            "close": "8.304"
        },
        {
            "time": "05.07.2021 12:14",
            "open": "8.304",
            "high": "8.304",
            "low": "8.304",
            "close": "8.305"
        },
        {
            "time": "05.07.2021 12:19",
            "open": "8.305",
            "high": "8.305",
            "low": "8.305",
            "close": "8.317"
        },
        {
            "time": "05.07.2021 12:23",
            "open": "8.317",
            "high": "8.317",
            "low": "8.317",
            "close": "8.332"
        },
        {
            "time": "05.07.2021 12:35",
            "open": "8.332",
            "high": "8.333",
            "low": "8.332",
            "close": "8.334"
        },
        {
            "time": "05.07.2021 12:39",
            "open": "8.334",
            "high": "8.354",
            "low": "8.334",
            "close": "8.322"
        },
        {
            "time": "05.07.2021 12:44",
            "open": "8.322",
            "high": "8.322",
            "low": "8.302",
            "close": "8.34"
        },
        {
            "time": "05.07.2021 12:49",
            "open": "8.34",
            "high": "8.34",
            "low": "8.34",
            "close": "8.333"
        },
        {
            "time": "05.07.2021 12:55",
            "open": "8.333",
            "high": "8.333",
            "low": "8.333",
            "close": "8.346"
        },
        {
            "time": "05.07.2021 13:08",
            "open": "8.346",
            "high": "8.346",
            "low": "8.346",
            "close": "8.333"
        },
        {
            "time": "05.07.2021 13:10",
            "open": "8.333",
            "high": "8.333",
            "low": "8.323",
            "close": "8.305"
        },
        {
            "time": "05.07.2021 13:15",
            "open": "8.305",
            "high": "8.305",
            "low": "8.305",
            "close": "8.305"
        },
        {
            "time": "05.07.2021 13:16",
            "open": "8.305",
            "high": "8.305",
            "low": "8.305",
            "close": "8.269"
        },
        {
            "time": "05.07.2021 13:24",
            "open": "8.269",
            "high": "8.269",
            "low": "8.2",
            "close": "8.152"
        },
        {
            "time": "05.07.2021 13:26",
            "open": "8.152",
            "high": "8.153",
            "low": "8.134",
            "close": "8.134"
        },
        {
            "time": "05.07.2021 13:27",
            "open": "8.134",
            "high": "8.134",
            "low": "8.1",
            "close": "8.12"
        },
        {
            "time": "05.07.2021 13:32",
            "open": "8.12",
            "high": "8.12",
            "low": "8.12",
            "close": "8.1"
        },
        {
            "time": "05.07.2021 13:33",
            "open": "8.1",
            "high": "8.1",
            "low": "8.1",
            "close": "8.062"
        },
        {
            "time": "05.07.2021 13:34",
            "open": "8.062",
            "high": "8.062",
            "low": "8.015",
            "close": "8.04"
        },
        {
            "time": "05.07.2021 13:35",
            "open": "8.04",
            "high": "8.04",
            "low": "8.04",
            "close": "8.028"
        },
        {
            "time": "05.07.2021 13:36",
            "open": "8.028",
            "high": "8.028",
            "low": "8.002",
            "close": "8.002"
        },
        {
            "time": "05.07.2021 13:37",
            "open": "8.002",
            "high": "8.002",
            "low": "8.002",
            "close": "7.98"
        },
        {
            "time": "05.07.2021 13:38",
            "open": "7.98",
            "high": "7.987",
            "low": "7.979",
            "close": "7.967"
        },
        {
            "time": "05.07.2021 13:40",
            "open": "7.967",
            "high": "7.971",
            "low": "7.967",
            "close": "7.98"
        },
        {
            "time": "05.07.2021 13:41",
            "open": "7.98",
            "high": "7.983",
            "low": "7.969",
            "close": "7.973"
        },
        {
            "time": "05.07.2021 13:43",
            "open": "7.973",
            "high": "7.973",
            "low": "7.973",
            "close": "7.958"
        },
        {
            "time": "05.07.2021 13:44",
            "open": "7.958",
            "high": "7.958",
            "low": "7.958",
            "close": "7.96"
        },
        {
            "time": "05.07.2021 13:46",
            "open": "7.96",
            "high": "7.96",
            "low": "7.959",
            "close": "7.958"
        },
        {
            "time": "05.07.2021 13:47",
            "open": "7.958",
            "high": "7.958",
            "low": "7.931",
            "close": "7.917"
        },
        {
            "time": "05.07.2021 13:50",
            "open": "7.917",
            "high": "7.917",
            "low": "7.889",
            "close": "7.9"
        },
        {
            "time": "05.07.2021 13:51",
            "open": "7.9",
            "high": "7.9",
            "low": "7.9",
            "close": "7.923"
        },
        {
            "time": "05.07.2021 13:52",
            "open": "7.923",
            "high": "7.923",
            "low": "7.904",
            "close": "7.914"
        },
        {
            "time": "05.07.2021 13:53",
            "open": "7.914",
            "high": "7.914",
            "low": "7.914",
            "close": "7.903"
        },
        {
            "time": "05.07.2021 13:54",
            "open": "7.903",
            "high": "7.906",
            "low": "7.886",
            "close": "7.859"
        },
        {
            "time": "05.07.2021 13:55",
            "open": "7.859",
            "high": "7.859",
            "low": "7.83",
            "close": "7.826"
        },
        {
            "time": "05.07.2021 13:58",
            "open": "7.826",
            "high": "7.829",
            "low": "7.826",
            "close": "7.82"
        },
        {
            "time": "05.07.2021 13:59",
            "open": "7.82",
            "high": "7.824",
            "low": "7.801",
            "close": "7.8"
        },
        {
            "time": "05.07.2021 14:00",
            "open": "7.8",
            "high": "7.8",
            "low": "7.796",
            "close": "7.8"
        },
        {
            "time": "05.07.2021 14:01",
            "open": "7.8",
            "high": "7.815",
            "low": "7.8",
            "close": "7.838"
        },
        {
            "time": "05.07.2021 14:02",
            "open": "7.838",
            "high": "7.842",
            "low": "7.836",
            "close": "7.836"
        },
        {
            "time": "05.07.2021 14:04",
            "open": "7.836",
            "high": "7.836",
            "low": "7.836",
            "close": "7.85"
        },
        {
            "time": "05.07.2021 14:08",
            "open": "7.85",
            "high": "7.85",
            "low": "7.85",
            "close": "7.863"
        },
        {
            "time": "05.07.2021 14:10",
            "open": "7.863",
            "high": "7.863",
            "low": "7.863",
            "close": "7.878"
        },
        {
            "time": "05.07.2021 14:11",
            "open": "7.878",
            "high": "7.878",
            "low": "7.878",
            "close": "7.878"
        },
        {
            "time": "05.07.2021 14:12",
            "open": "7.878",
            "high": "7.878",
            "low": "7.878",
            "close": "7.886"
        },
        {
            "time": "05.07.2021 14:15",
            "open": "7.886",
            "high": "7.902",
            "low": "7.886",
            "close": "7.906"
        },
        {
            "time": "05.07.2021 14:17",
            "open": "7.906",
            "high": "7.912",
            "low": "7.906",
            "close": "7.902"
        },
        {
            "time": "05.07.2021 14:24",
            "open": "7.902",
            "high": "7.902",
            "low": "7.902",
            "close": "7.903"
        },
        {
            "time": "05.07.2021 14:26",
            "open": "7.903",
            "high": "7.903",
            "low": "7.903",
            "close": "7.906"
        },
        {
            "time": "05.07.2021 14:29",
            "open": "7.906",
            "high": "7.907",
            "low": "7.906",
            "close": "7.889"
        },
        {
            "time": "05.07.2021 14:31",
            "open": "7.889",
            "high": "7.889",
            "low": "7.889",
            "close": "7.902"
        },
        {
            "time": "05.07.2021 14:32",
            "open": "7.902",
            "high": "7.902",
            "low": "7.902",
            "close": "7.92"
        },
        {
            "time": "05.07.2021 14:38",
            "open": "7.92",
            "high": "7.922",
            "low": "7.92",
            "close": "7.93"
        },
        {
            "time": "05.07.2021 14:41",
            "open": "7.93",
            "high": "7.933",
            "low": "7.93",
            "close": "7.923"
        },
        {
            "time": "05.07.2021 14:47",
            "open": "7.923",
            "high": "7.923",
            "low": "7.923",
            "close": "7.911"
        },
        {
            "time": "05.07.2021 14:48",
            "open": "7.911",
            "high": "7.911",
            "low": "7.911",
            "close": "7.918"
        },
        {
            "time": "05.07.2021 14:55",
            "open": "7.918",
            "high": "7.935",
            "low": "7.918",
            "close": "7.935"
        },
        {
            "time": "05.07.2021 15:00",
            "open": "7.935",
            "high": "7.959",
            "low": "7.935",
            "close": "7.957"
        },
        {
            "time": "05.07.2021 15:01",
            "open": "7.957",
            "high": "7.957",
            "low": "7.957",
            "close": "7.957"
        },
        {
            "time": "05.07.2021 15:02",
            "open": "7.957",
            "high": "7.957",
            "low": "7.957",
            "close": "7.96"
        },
        {
            "time": "05.07.2021 15:03",
            "open": "7.96",
            "high": "7.96",
            "low": "7.96",
            "close": "7.953"
        },
        {
            "time": "05.07.2021 15:07",
            "open": "7.953",
            "high": "7.953",
            "low": "7.953",
            "close": "7.977"
        },
        {
            "time": "05.07.2021 15:12",
            "open": "7.977",
            "high": "7.977",
            "low": "7.977",
            "close": "7.977"
        },
        {
            "time": "05.07.2021 15:13",
            "open": "7.977",
            "high": "7.977",
            "low": "7.977",
            "close": "7.98"
        },
        {
            "time": "05.07.2021 15:14",
            "open": "7.98",
            "high": "7.98",
            "low": "7.98",
            "close": "8"
        },
        {
            "time": "05.07.2021 15:28",
            "open": "8",
            "high": "8",
            "low": "8",
            "close": "8.008"
        },
        {
            "time": "05.07.2021 15:35",
            "open": "8.008",
            "high": "8.008",
            "low": "7.987",
            "close": "7.951"
        },
        {
            "time": "05.07.2021 15:36",
            "open": "7.951",
            "high": "7.951",
            "low": "7.941",
            "close": "7.975"
        },
        {
            "time": "05.07.2021 15:41",
            "open": "7.975",
            "high": "7.981",
            "low": "7.975",
            "close": "8.006"
        },
        {
            "time": "05.07.2021 15:46",
            "open": "8.006",
            "high": "8.006",
            "low": "8.006",
            "close": "8.005"
        },
        {
            "time": "05.07.2021 15:47",
            "open": "8.005",
            "high": "8.016",
            "low": "8.005",
            "close": "8.02"
        },
        {
            "time": "05.07.2021 15:48",
            "open": "8.02",
            "high": "8.031",
            "low": "8.02",
            "close": "8.02"
        },
        {
            "time": "05.07.2021 15:50",
            "open": "8.02",
            "high": "8.02",
            "low": "8.02",
            "close": "8.015"
        },
        {
            "time": "05.07.2021 15:53",
            "open": "8.015",
            "high": "8.015",
            "low": "8.015",
            "close": "8.032"
        },
        {
            "time": "05.07.2021 15:54",
            "open": "8.032",
            "high": "8.032",
            "low": "8.032",
            "close": "8.002"
        },
        {
            "time": "05.07.2021 15:56",
            "open": "8.002",
            "high": "8.002",
            "low": "7.958",
            "close": "7.979"
        },
        {
            "time": "05.07.2021 15:58",
            "open": "7.979",
            "high": "7.989",
            "low": "7.918",
            "close": "7.97"
        },
        {
            "time": "05.07.2021 15:59",
            "open": "7.97",
            "high": "7.97",
            "low": "7.97",
            "close": "7.971"
        },
        {
            "time": "05.07.2021 16:00",
            "open": "7.971",
            "high": "7.971",
            "low": "7.97",
            "close": "7.97"
        },
        {
            "time": "05.07.2021 16:01",
            "open": "7.97",
            "high": "7.97",
            "low": "7.97",
            "close": "7.966"
        },
        {
            "time": "05.07.2021 16:02",
            "open": "7.966",
            "high": "7.966",
            "low": "7.965",
            "close": "7.973"
        },
        {
            "time": "05.07.2021 16:03",
            "open": "7.973",
            "high": "7.973",
            "low": "7.967",
            "close": "7.978"
        },
        {
            "time": "05.07.2021 16:04",
            "open": "7.978",
            "high": "7.987",
            "low": "7.974",
            "close": "7.979"
        },
        {
            "time": "05.07.2021 16:05",
            "open": "7.979",
            "high": "7.981",
            "low": "7.978",
            "close": "7.984"
        },
        {
            "time": "05.07.2021 16:09",
            "open": "7.984",
            "high": "7.984",
            "low": "7.984",
            "close": "7.988"
        },
        {
            "time": "05.07.2021 16:10",
            "open": "7.988",
            "high": "7.988",
            "low": "7.988",
            "close": "7.988"
        },
        {
            "time": "05.07.2021 16:13",
            "open": "7.988",
            "high": "7.988",
            "low": "7.988",
            "close": "7.989"
        },
        {
            "time": "05.07.2021 16:15",
            "open": "7.989",
            "high": "7.991",
            "low": "7.988",
            "close": "7.99"
        },
        {
            "time": "05.07.2021 16:16",
            "open": "7.99",
            "high": "7.993",
            "low": "7.986",
            "close": "7.988"
        },
        {
            "time": "05.07.2021 16:17",
            "open": "7.988",
            "high": "7.988",
            "low": "7.988",
            "close": "8"
        },
        {
            "time": "05.07.2021 16:21",
            "open": "8",
            "high": "8",
            "low": "8",
            "close": "7.999"
        },
        {
            "time": "05.07.2021 16:22",
            "open": "7.999",
            "high": "8",
            "low": "7.999",
            "close": "8"
        },
        {
            "time": "05.07.2021 16:23",
            "open": "8",
            "high": "8",
            "low": "8",
            "close": "8"
        },
        {
            "time": "05.07.2021 16:24",
            "open": "8",
            "high": "8",
            "low": "8",
            "close": "8.003"
        },
        {
            "time": "05.07.2021 16:25",
            "open": "8.003",
            "high": "8.003",
            "low": "8",
            "close": "7.967"
        },
        {
            "time": "05.07.2021 16:30",
            "open": "7.967",
            "high": "7.967",
            "low": "7.967",
            "close": "7.967"
        },
        {
            "time": "05.07.2021 16:32",
            "open": "7.967",
            "high": "7.967",
            "low": "7.965",
            "close": "7.927"
        },
        {
            "time": "05.07.2021 16:42",
            "open": "7.927",
            "high": "7.927",
            "low": "7.912",
            "close": "7.906"
        },
        {
            "time": "05.07.2021 16:46",
            "open": "7.906",
            "high": "7.906",
            "low": "7.904",
            "close": "7.904"
        },
        {
            "time": "05.07.2021 16:50",
            "open": "7.904",
            "high": "7.904",
            "low": "7.904",
            "close": "7.906"
        },
        {
            "time": "05.07.2021 16:57",
            "open": "7.906",
            "high": "7.906",
            "low": "7.906",
            "close": "7.906"
        },
        {
            "time": "05.07.2021 16:58",
            "open": "7.906",
            "high": "7.91",
            "low": "7.906",
            "close": "7.91"
        },
        {
            "time": "05.07.2021 17:01",
            "open": "7.91",
            "high": "7.91",
            "low": "7.91",
            "close": "7.909"
        },
        {
            "time": "05.07.2021 17:02",
            "open": "7.909",
            "high": "7.909",
            "low": "7.909",
            "close": "7.908"
        },
        {
            "time": "05.07.2021 17:03",
            "open": "7.908",
            "high": "7.908",
            "low": "7.908",
            "close": "7.895"
        },
        {
            "time": "05.07.2021 17:05",
            "open": "7.895",
            "high": "7.895",
            "low": "7.895",
            "close": "7.904"
        },
        {
            "time": "05.07.2021 17:09",
            "open": "7.904",
            "high": "7.904",
            "low": "7.904",
            "close": "7.926"
        },
        {
            "time": "05.07.2021 17:10",
            "open": "7.926",
            "high": "7.926",
            "low": "7.926",
            "close": "7.913"
        },
        {
            "time": "05.07.2021 17:15",
            "open": "7.913",
            "high": "7.914",
            "low": "7.913",
            "close": "7.89"
        },
        {
            "time": "05.07.2021 17:23",
            "open": "7.89",
            "high": "7.89",
            "low": "7.889",
            "close": "7.898"
        },
        {
            "time": "05.07.2021 17:28",
            "open": "7.898",
            "high": "7.898",
            "low": "7.898",
            "close": "7.83"
        },
        {
            "time": "05.07.2021 17:34",
            "open": "7.83",
            "high": "7.83",
            "low": "7.814",
            "close": "7.845"
        },
        {
            "time": "05.07.2021 17:46",
            "open": "7.845",
            "high": "7.849",
            "low": "7.845",
            "close": "7.854"
        },
        {
            "time": "05.07.2021 17:47",
            "open": "7.854",
            "high": "7.87",
            "low": "7.854",
            "close": "7.881"
        },
        {
            "time": "05.07.2021 17:49",
            "open": "7.881",
            "high": "7.881",
            "low": "7.881",
            "close": "7.83"
        },
        {
            "time": "05.07.2021 17:59",
            "open": "7.83",
            "high": "7.83",
            "low": "7.83",
            "close": "7.833"
        },
        {
            "time": "05.07.2021 18:01",
            "open": "7.833",
            "high": "7.833",
            "low": "7.833",
            "close": "7.858"
        },
        {
            "time": "05.07.2021 18:11",
            "open": "7.858",
            "high": "7.858",
            "low": "7.858",
            "close": "7.848"
        },
        {
            "time": "05.07.2021 18:18",
            "open": "7.848",
            "high": "7.848",
            "low": "7.848",
            "close": "7.855"
        },
        {
            "time": "05.07.2021 18:21",
            "open": "7.855",
            "high": "7.855",
            "low": "7.852",
            "close": "7.86"
        },
        {
            "time": "05.07.2021 18:23",
            "open": "7.86",
            "high": "7.86",
            "low": "7.86",
            "close": "7.865"
        },
        {
            "time": "05.07.2021 18:25",
            "open": "7.865",
            "high": "7.869",
            "low": "7.865",
            "close": "7.869"
        },
        {
            "time": "05.07.2021 18:35",
            "open": "7.869",
            "high": "7.869",
            "low": "7.868",
            "close": "7.87"
        },
        {
            "time": "05.07.2021 18:44",
            "open": "7.87",
            "high": "7.87",
            "low": "7.87",
            "close": "7.869"
        },
        {
            "time": "05.07.2021 18:46",
            "open": "7.869",
            "high": "7.871",
            "low": "7.867",
            "close": "7.879"
        },
        {
            "time": "05.07.2021 18:50",
            "open": "7.879",
            "high": "7.879",
            "low": "7.879",
            "close": "7.87"
        },
        {
            "time": "05.07.2021 18:52",
            "open": "7.87",
            "high": "7.87",
            "low": "7.87",
            "close": "7.87"
        },
        {
            "time": "05.07.2021 19:10",
            "open": "7.87",
            "high": "7.87",
            "low": "7.87",
            "close": "7.864"
        },
        {
            "time": "05.07.2021 19:20",
            "open": "7.864",
            "high": "7.864",
            "low": "7.861",
            "close": "7.867"
        },
        {
            "time": "05.07.2021 19:29",
            "open": "7.867",
            "high": "7.867",
            "low": "7.867",
            "close": "7.8"
        },
        {
            "time": "05.07.2021 19:35",
            "open": "7.8",
            "high": "7.8",
            "low": "7.793",
            "close": "7.787"
        },
        {
            "time": "05.07.2021 19:36",
            "open": "7.787",
            "high": "7.787",
            "low": "7.787",
            "close": "7.766"
        },
        {
            "time": "05.07.2021 19:37",
            "open": "7.766",
            "high": "7.772",
            "low": "7.753",
            "close": "7.773"
        },
        {
            "time": "05.07.2021 19:38",
            "open": "7.773",
            "high": "7.813",
            "low": "7.773",
            "close": "7.791"
        },
        {
            "time": "05.07.2021 19:39",
            "open": "7.791",
            "high": "7.791",
            "low": "7.791",
            "close": "7.762"
        },
        {
            "time": "05.07.2021 19:43",
            "open": "7.762",
            "high": "7.762",
            "low": "7.752",
            "close": "7.749"
        },
        {
            "time": "05.07.2021 19:44",
            "open": "7.749",
            "high": "7.767",
            "low": "7.749",
            "close": "7.741"
        },
        {
            "time": "05.07.2021 19:49",
            "open": "7.741",
            "high": "7.741",
            "low": "7.741",
            "close": "7.767"
        },
        {
            "time": "05.07.2021 19:53",
            "open": "7.767",
            "high": "7.767",
            "low": "7.763",
            "close": "7.801"
        },
        {
            "time": "05.07.2021 19:54",
            "open": "7.801",
            "high": "7.833",
            "low": "7.801",
            "close": "7.817"
        },
        {
            "time": "05.07.2021 19:55",
            "open": "7.817",
            "high": "7.834",
            "low": "7.817",
            "close": "7.834"
        },
        {
            "time": "05.07.2021 19:57",
            "open": "7.834",
            "high": "7.834",
            "low": "7.834",
            "close": "7.845"
        },
        {
            "time": "05.07.2021 19:59",
            "open": "7.845",
            "high": "7.845",
            "low": "7.837",
            "close": "7.856"
        },
        {
            "time": "05.07.2021 20:00",
            "open": "7.856",
            "high": "7.902",
            "low": "7.856",
            "close": "7.896"
        },
        {
            "time": "05.07.2021 20:01",
            "open": "7.896",
            "high": "7.896",
            "low": "7.894",
            "close": "7.895"
        },
        {
            "time": "05.07.2021 20:02",
            "open": "7.895",
            "high": "7.895",
            "low": "7.895",
            "close": "7.901"
        },
        {
            "time": "05.07.2021 20:03",
            "open": "7.901",
            "high": "7.901",
            "low": "7.894",
            "close": "7.89"
        },
        {
            "time": "05.07.2021 20:05",
            "open": "7.89",
            "high": "7.89",
            "low": "7.89",
            "close": "7.902"
        },
        {
            "time": "05.07.2021 20:06",
            "open": "7.902",
            "high": "7.912",
            "low": "7.902",
            "close": "7.887"
        },
        {
            "time": "05.07.2021 20:08",
            "open": "7.887",
            "high": "7.89",
            "low": "7.886",
            "close": "7.89"
        },
        {
            "time": "05.07.2021 20:09",
            "open": "7.89",
            "high": "7.89",
            "low": "7.89",
            "close": "7.881"
        },
        {
            "time": "05.07.2021 20:12",
            "open": "7.881",
            "high": "7.881",
            "low": "7.881",
            "close": "7.889"
        },
        {
            "time": "05.07.2021 20:17",
            "open": "7.889",
            "high": "7.899",
            "low": "7.889",
            "close": "7.889"
        },
        {
            "time": "05.07.2021 20:18",
            "open": "7.889",
            "high": "7.898",
            "low": "7.886",
            "close": "7.899"
        },
        {
            "time": "05.07.2021 20:25",
            "open": "7.899",
            "high": "7.899",
            "low": "7.899",
            "close": "7.927"
        },
        {
            "time": "05.07.2021 20:31",
            "open": "7.927",
            "high": "7.927",
            "low": "7.927",
            "close": "7.924"
        },
        {
            "time": "05.07.2021 20:32",
            "open": "7.924",
            "high": "7.924",
            "low": "7.924",
            "close": "7.896"
        },
        {
            "time": "05.07.2021 20:33",
            "open": "7.896",
            "high": "7.924",
            "low": "7.896",
            "close": "7.924"
        },
        {
            "time": "05.07.2021 20:40",
            "open": "7.924",
            "high": "7.947",
            "low": "7.924",
            "close": "7.941"
        },
        {
            "time": "05.07.2021 20:42",
            "open": "7.941",
            "high": "7.941",
            "low": "7.918",
            "close": "7.936"
        },
        {
            "time": "05.07.2021 20:43",
            "open": "7.936",
            "high": "7.936",
            "low": "7.936",
            "close": "7.924"
        },
        {
            "time": "05.07.2021 20:44",
            "open": "7.924",
            "high": "7.924",
            "low": "7.924",
            "close": "7.921"
        },
        {
            "time": "05.07.2021 20:45",
            "open": "7.921",
            "high": "7.921",
            "low": "7.921",
            "close": "7.933"
        },
        {
            "time": "05.07.2021 20:49",
            "open": "7.933",
            "high": "7.933",
            "low": "7.933",
            "close": "7.928"
        },
        {
            "time": "05.07.2021 20:51",
            "open": "7.928",
            "high": "7.928",
            "low": "7.928",
            "close": "7.948"
        },
        {
            "time": "05.07.2021 20:53",
            "open": "7.948",
            "high": "7.95",
            "low": "7.948",
            "close": "7.94"
        },
        {
            "time": "05.07.2021 20:55",
            "open": "7.94",
            "high": "7.94",
            "low": "7.94",
            "close": "7.929"
        },
        {
            "time": "05.07.2021 20:56",
            "open": "7.929",
            "high": "7.929",
            "low": "7.922",
            "close": "7.946"
        },
        {
            "time": "05.07.2021 21:00",
            "open": "7.946",
            "high": "7.946",
            "low": "7.946",
            "close": "7.954"
        },
        {
            "time": "05.07.2021 21:03",
            "open": "7.954",
            "high": "7.959",
            "low": "7.954",
            "close": "7.957"
        },
        {
            "time": "05.07.2021 21:04",
            "open": "7.957",
            "high": "7.957",
            "low": "7.957",
            "close": "7.962"
        },
        {
            "time": "05.07.2021 21:05",
            "open": "7.962",
            "high": "7.962",
            "low": "7.962",
            "close": "7.962"
        },
        {
            "time": "05.07.2021 21:07",
            "open": "7.962",
            "high": "7.962",
            "low": "7.962",
            "close": "7.966"
        },
        {
            "time": "05.07.2021 21:10",
            "open": "7.966",
            "high": "7.973",
            "low": "7.966",
            "close": "7.977"
        },
        {
            "time": "05.07.2021 21:13",
            "open": "7.977",
            "high": "7.977",
            "low": "7.977",
            "close": "8"
        },
        {
            "time": "05.07.2021 21:17",
            "open": "8",
            "high": "8.027",
            "low": "8",
            "close": "8.039"
        },
        {
            "time": "05.07.2021 21:18",
            "open": "8.039",
            "high": "8.12",
            "low": "8.038",
            "close": "8.108"
        },
        {
            "time": "05.07.2021 21:24",
            "open": "8.108",
            "high": "8.108",
            "low": "8.108",
            "close": "8.094"
        },
        {
            "time": "05.07.2021 21:28",
            "open": "8.094",
            "high": "8.1",
            "low": "8.084",
            "close": "8.118"
        },
        {
            "time": "05.07.2021 21:34",
            "open": "8.118",
            "high": "8.119",
            "low": "8.118",
            "close": "8.115"
        },
        {
            "time": "05.07.2021 21:35",
            "open": "8.115",
            "high": "8.115",
            "low": "8.115",
            "close": "8.124"
        },
        {
            "time": "05.07.2021 21:36",
            "open": "8.124",
            "high": "8.124",
            "low": "8.124",
            "close": "8.124"
        },
        {
            "time": "05.07.2021 21:38",
            "open": "8.124",
            "high": "8.124",
            "low": "8.124",
            "close": "8.14"
        },
        {
            "time": "05.07.2021 21:40",
            "open": "8.14",
            "high": "8.14",
            "low": "8.14",
            "close": "8.136"
        },
        {
            "time": "05.07.2021 21:47",
            "open": "8.136",
            "high": "8.14",
            "low": "8.136",
            "close": "8.123"
        },
        {
            "time": "05.07.2021 21:53",
            "open": "8.123",
            "high": "8.123",
            "low": "8.122",
            "close": "8.123"
        },
        {
            "time": "05.07.2021 21:54",
            "open": "8.123",
            "high": "8.128",
            "low": "8.123",
            "close": "8.096"
        },
        {
            "time": "05.07.2021 22:07",
            "open": "8.096",
            "high": "8.096",
            "low": "8.096",
            "close": "8.1"
        },
        {
            "time": "05.07.2021 22:08",
            "open": "8.1",
            "high": "8.1",
            "low": "8.097",
            "close": "8.092"
        },
        {
            "time": "05.07.2021 22:14",
            "open": "8.092",
            "high": "8.092",
            "low": "8.092",
            "close": "8.091"
        },
        {
            "time": "05.07.2021 22:16",
            "open": "8.091",
            "high": "8.091",
            "low": "8.091",
            "close": "8.096"
        },
        {
            "time": "05.07.2021 22:22",
            "open": "8.096",
            "high": "8.096",
            "low": "8.096",
            "close": "8.082"
        },
        {
            "time": "05.07.2021 22:23",
            "open": "8.082",
            "high": "8.082",
            "low": "8.073",
            "close": "8.045"
        },
        {
            "time": "05.07.2021 22:34",
            "open": "8.045",
            "high": "8.045",
            "low": "8.021",
            "close": "8.02"
        },
        {
            "time": "05.07.2021 22:37",
            "open": "8.02",
            "high": "8.02",
            "low": "7.997",
            "close": "8.001"
        },
        {
            "time": "05.07.2021 22:55",
            "open": "8.001",
            "high": "8.001",
            "low": "8.001",
            "close": "8.05"
        },
        {
            "time": "05.07.2021 23:02",
            "open": "8.05",
            "high": "8.05",
            "low": "8.05",
            "close": "8.073"
        },
        {
            "time": "05.07.2021 23:15",
            "open": "8.073",
            "high": "8.073",
            "low": "8.073",
            "close": "8.089"
        },
        {
            "time": "05.07.2021 23:16",
            "open": "8.089",
            "high": "8.094",
            "low": "8.089",
            "close": "8.064"
        },
        {
            "time": "05.07.2021 23:46",
            "open": "8.064",
            "high": "8.064",
            "low": "8.052",
            "close": "8.035"
        }
    ]
}