{
    "UMA-EUR": [
        {
            "time": "05.12.2020 23:53",
            "open": "6.462",
            "high": "6.462",
            "low": "6.443",
            "close": "6.449"
        },
        {
            "time": "06.12.2020 00:03",
            "open": "6.449",
            "high": "6.449",
            "low": "6.448",
            "close": "6.463"
        },
        {
            "time": "06.12.2020 00:04",
            "open": "6.463",
            "high": "6.463",
            "low": "6.463",
            "close": "6.463"
        },
        {
            "time": "06.12.2020 00:37",
            "open": "6.463",
            "high": "6.463",
            "low": "6.463",
            "close": "6.478"
        },
        {
            "time": "06.12.2020 00:46",
            "open": "6.478",
            "high": "6.478",
            "low": "6.478",
            "close": "6.48"
        },
        {
            "time": "06.12.2020 00:48",
            "open": "6.48",
            "high": "6.48",
            "low": "6.48",
            "close": "6.483"
        },
        {
            "time": "06.12.2020 01:00",
            "open": "6.483",
            "high": "6.483",
            "low": "6.482",
            "close": "6.514"
        },
        {
            "time": "06.12.2020 01:03",
            "open": "6.514",
            "high": "6.514",
            "low": "6.514",
            "close": "6.521"
        },
        {
            "time": "06.12.2020 01:06",
            "open": "6.521",
            "high": "6.521",
            "low": "6.521",
            "close": "6.52"
        },
        {
            "time": "06.12.2020 01:07",
            "open": "6.52",
            "high": "6.524",
            "low": "6.52",
            "close": "6.515"
        },
        {
            "time": "06.12.2020 01:08",
            "open": "6.515",
            "high": "6.515",
            "low": "6.514",
            "close": "6.515"
        },
        {
            "time": "06.12.2020 01:09",
            "open": "6.515",
            "high": "6.515",
            "low": "6.515",
            "close": "6.515"
        },
        {
            "time": "06.12.2020 01:41",
            "open": "6.515",
            "high": "6.515",
            "low": "6.515",
            "close": "6.515"
        },
        {
            "time": "06.12.2020 02:02",
            "open": "6.515",
            "high": "6.515",
            "low": "6.515",
            "close": "6.537"
        },
        {
            "time": "06.12.2020 02:17",
            "open": "6.537",
            "high": "6.537",
            "low": "6.537",
            "close": "6.549"
        },
        {
            "time": "06.12.2020 02:21",
            "open": "6.549",
            "high": "6.55",
            "low": "6.549",
            "close": "6.56"
        },
        {
            "time": "06.12.2020 02:29",
            "open": "6.56",
            "high": "6.56",
            "low": "6.56",
            "close": "6.571"
        },
        {
            "time": "06.12.2020 02:36",
            "open": "6.571",
            "high": "6.571",
            "low": "6.571",
            "close": "6.571"
        },
        {
            "time": "06.12.2020 02:37",
            "open": "6.571",
            "high": "6.571",
            "low": "6.571",
            "close": "6.576"
        },
        {
            "time": "06.12.2020 02:47",
            "open": "6.576",
            "high": "6.576",
            "low": "6.576",
            "close": "6.577"
        },
        {
            "time": "06.12.2020 02:58",
            "open": "6.577",
            "high": "6.577",
            "low": "6.564",
            "close": "6.564"
        },
        {
            "time": "06.12.2020 03:17",
            "open": "6.564",
            "high": "6.564",
            "low": "6.564",
            "close": "6.576"
        },
        {
            "time": "06.12.2020 03:29",
            "open": "6.576",
            "high": "6.577",
            "low": "6.576",
            "close": "6.544"
        },
        {
            "time": "06.12.2020 03:55",
            "open": "6.544",
            "high": "6.544",
            "low": "6.544",
            "close": "6.556"
        },
        {
            "time": "06.12.2020 03:58",
            "open": "6.556",
            "high": "6.556",
            "low": "6.556",
            "close": "6.556"
        },
        {
            "time": "06.12.2020 04:02",
            "open": "6.556",
            "high": "6.556",
            "low": "6.556",
            "close": "6.556"
        },
        {
            "time": "06.12.2020 04:04",
            "open": "6.556",
            "high": "6.556",
            "low": "6.556",
            "close": "6.547"
        },
        {
            "time": "06.12.2020 04:11",
            "open": "6.547",
            "high": "6.547",
            "low": "6.547",
            "close": "6.52"
        },
        {
            "time": "06.12.2020 04:22",
            "open": "6.52",
            "high": "6.526",
            "low": "6.519",
            "close": "6.517"
        },
        {
            "time": "06.12.2020 04:29",
            "open": "6.517",
            "high": "6.517",
            "low": "6.516",
            "close": "6.517"
        },
        {
            "time": "06.12.2020 04:38",
            "open": "6.517",
            "high": "6.517",
            "low": "6.517",
            "close": "6.504"
        },
        {
            "time": "06.12.2020 04:43",
            "open": "6.504",
            "high": "6.504",
            "low": "6.504",
            "close": "6.508"
        },
        {
            "time": "06.12.2020 04:45",
            "open": "6.508",
            "high": "6.508",
            "low": "6.508",
            "close": "6.507"
        },
        {
            "time": "06.12.2020 04:46",
            "open": "6.507",
            "high": "6.507",
            "low": "6.506",
            "close": "6.511"
        },
        {
            "time": "06.12.2020 04:56",
            "open": "6.511",
            "high": "6.511",
            "low": "6.511",
            "close": "6.545"
        },
        {
            "time": "06.12.2020 04:58",
            "open": "6.545",
            "high": "6.545",
            "low": "6.545",
            "close": "6.526"
        },
        {
            "time": "06.12.2020 05:23",
            "open": "6.526",
            "high": "6.526",
            "low": "6.526",
            "close": "6.539"
        },
        {
            "time": "06.12.2020 05:28",
            "open": "6.539",
            "high": "6.539",
            "low": "6.539",
            "close": "6.558"
        },
        {
            "time": "06.12.2020 06:37",
            "open": "6.558",
            "high": "6.558",
            "low": "6.558",
            "close": "6.542"
        },
        {
            "time": "06.12.2020 06:56",
            "open": "6.542",
            "high": "6.542",
            "low": "6.542",
            "close": "6.522"
        },
        {
            "time": "06.12.2020 07:22",
            "open": "6.522",
            "high": "6.522",
            "low": "6.522",
            "close": "6.521"
        },
        {
            "time": "06.12.2020 07:27",
            "open": "6.521",
            "high": "6.521",
            "low": "6.521",
            "close": "6.529"
        },
        {
            "time": "06.12.2020 07:34",
            "open": "6.529",
            "high": "6.529",
            "low": "6.529",
            "close": "6.511"
        },
        {
            "time": "06.12.2020 07:59",
            "open": "6.511",
            "high": "6.511",
            "low": "6.511",
            "close": "6.515"
        },
        {
            "time": "06.12.2020 08:05",
            "open": "6.515",
            "high": "6.515",
            "low": "6.515",
            "close": "6.512"
        },
        {
            "time": "06.12.2020 08:10",
            "open": "6.512",
            "high": "6.512",
            "low": "6.512",
            "close": "6.512"
        },
        {
            "time": "06.12.2020 08:12",
            "open": "6.512",
            "high": "6.512",
            "low": "6.512",
            "close": "6.511"
        },
        {
            "time": "06.12.2020 08:13",
            "open": "6.511",
            "high": "6.511",
            "low": "6.511",
            "close": "6.508"
        },
        {
            "time": "06.12.2020 08:14",
            "open": "6.508",
            "high": "6.508",
            "low": "6.508",
            "close": "6.491"
        },
        {
            "time": "06.12.2020 08:26",
            "open": "6.491",
            "high": "6.491",
            "low": "6.491",
            "close": "6.51"
        },
        {
            "time": "06.12.2020 08:28",
            "open": "6.51",
            "high": "6.511",
            "low": "6.51",
            "close": "6.515"
        },
        {
            "time": "06.12.2020 08:29",
            "open": "6.515",
            "high": "6.515",
            "low": "6.511",
            "close": "6.509"
        },
        {
            "time": "06.12.2020 08:31",
            "open": "6.509",
            "high": "6.509",
            "low": "6.509",
            "close": "6.509"
        },
        {
            "time": "06.12.2020 08:34",
            "open": "6.509",
            "high": "6.51",
            "low": "6.509",
            "close": "6.52"
        },
        {
            "time": "06.12.2020 08:37",
            "open": "6.52",
            "high": "6.52",
            "low": "6.52",
            "close": "6.521"
        },
        {
            "time": "06.12.2020 08:51",
            "open": "6.521",
            "high": "6.521",
            "low": "6.521",
            "close": "6.523"
        },
        {
            "time": "06.12.2020 08:53",
            "open": "6.523",
            "high": "6.523",
            "low": "6.523",
            "close": "6.525"
        },
        {
            "time": "06.12.2020 08:54",
            "open": "6.525",
            "high": "6.525",
            "low": "6.525",
            "close": "6.529"
        },
        {
            "time": "06.12.2020 09:07",
            "open": "6.529",
            "high": "6.529",
            "low": "6.529",
            "close": "6.528"
        },
        {
            "time": "06.12.2020 09:12",
            "open": "6.528",
            "high": "6.528",
            "low": "6.522",
            "close": "6.527"
        },
        {
            "time": "06.12.2020 09:13",
            "open": "6.527",
            "high": "6.527",
            "low": "6.521",
            "close": "6.527"
        },
        {
            "time": "06.12.2020 09:14",
            "open": "6.527",
            "high": "6.527",
            "low": "6.527",
            "close": "6.52"
        },
        {
            "time": "06.12.2020 09:18",
            "open": "6.52",
            "high": "6.52",
            "low": "6.514",
            "close": "6.513"
        },
        {
            "time": "06.12.2020 09:19",
            "open": "6.513",
            "high": "6.513",
            "low": "6.513",
            "close": "6.512"
        },
        {
            "time": "06.12.2020 09:26",
            "open": "6.512",
            "high": "6.512",
            "low": "6.509",
            "close": "6.51"
        },
        {
            "time": "06.12.2020 09:31",
            "open": "6.51",
            "high": "6.528",
            "low": "6.51",
            "close": "6.495"
        },
        {
            "time": "06.12.2020 09:34",
            "open": "6.495",
            "high": "6.495",
            "low": "6.487",
            "close": "6.488"
        },
        {
            "time": "06.12.2020 09:35",
            "open": "6.488",
            "high": "6.488",
            "low": "6.487",
            "close": "6.469"
        },
        {
            "time": "06.12.2020 09:42",
            "open": "6.469",
            "high": "6.469",
            "low": "6.469",
            "close": "6.478"
        },
        {
            "time": "06.12.2020 10:07",
            "open": "6.478",
            "high": "6.478",
            "low": "6.478",
            "close": "6.463"
        },
        {
            "time": "06.12.2020 10:34",
            "open": "6.463",
            "high": "6.463",
            "low": "6.463",
            "close": "6.461"
        },
        {
            "time": "06.12.2020 10:36",
            "open": "6.461",
            "high": "6.461",
            "low": "6.461",
            "close": "6.438"
        },
        {
            "time": "06.12.2020 10:38",
            "open": "6.438",
            "high": "6.438",
            "low": "6.438",
            "close": "6.457"
        },
        {
            "time": "06.12.2020 10:42",
            "open": "6.457",
            "high": "6.457",
            "low": "6.457",
            "close": "6.463"
        },
        {
            "time": "06.12.2020 10:52",
            "open": "6.463",
            "high": "6.463",
            "low": "6.455",
            "close": "6.449"
        },
        {
            "time": "06.12.2020 11:00",
            "open": "6.449",
            "high": "6.468",
            "low": "6.445",
            "close": "6.442"
        },
        {
            "time": "06.12.2020 11:02",
            "open": "6.442",
            "high": "6.442",
            "low": "6.442",
            "close": "6.433"
        },
        {
            "time": "06.12.2020 11:07",
            "open": "6.433",
            "high": "6.433",
            "low": "6.433",
            "close": "6.451"
        },
        {
            "time": "06.12.2020 11:12",
            "open": "6.451",
            "high": "6.451",
            "low": "6.451",
            "close": "6.445"
        },
        {
            "time": "06.12.2020 11:13",
            "open": "6.445",
            "high": "6.445",
            "low": "6.445",
            "close": "6.428"
        },
        {
            "time": "06.12.2020 11:19",
            "open": "6.428",
            "high": "6.428",
            "low": "6.427",
            "close": "6.418"
        },
        {
            "time": "06.12.2020 11:30",
            "open": "6.418",
            "high": "6.418",
            "low": "6.418",
            "close": "6.433"
        },
        {
            "time": "06.12.2020 11:32",
            "open": "6.433",
            "high": "6.433",
            "low": "6.431",
            "close": "6.43"
        },
        {
            "time": "06.12.2020 11:33",
            "open": "6.43",
            "high": "6.432",
            "low": "6.43",
            "close": "6.433"
        },
        {
            "time": "06.12.2020 11:34",
            "open": "6.433",
            "high": "6.433",
            "low": "6.433",
            "close": "6.426"
        },
        {
            "time": "06.12.2020 11:35",
            "open": "6.426",
            "high": "6.426",
            "low": "6.426",
            "close": "6.433"
        },
        {
            "time": "06.12.2020 11:40",
            "open": "6.433",
            "high": "6.433",
            "low": "6.433",
            "close": "6.437"
        },
        {
            "time": "06.12.2020 11:49",
            "open": "6.437",
            "high": "6.437",
            "low": "6.436",
            "close": "6.436"
        },
        {
            "time": "06.12.2020 11:50",
            "open": "6.436",
            "high": "6.436",
            "low": "6.436",
            "close": "6.455"
        },
        {
            "time": "06.12.2020 12:07",
            "open": "6.455",
            "high": "6.455",
            "low": "6.455",
            "close": "6.444"
        },
        {
            "time": "06.12.2020 12:27",
            "open": "6.444",
            "high": "6.444",
            "low": "6.444",
            "close": "6.449"
        },
        {
            "time": "06.12.2020 12:49",
            "open": "6.449",
            "high": "6.45",
            "low": "6.449",
            "close": "6.48"
        },
        {
            "time": "06.12.2020 12:57",
            "open": "6.48",
            "high": "6.48",
            "low": "6.48",
            "close": "6.477"
        },
        {
            "time": "06.12.2020 13:07",
            "open": "6.477",
            "high": "6.477",
            "low": "6.477",
            "close": "6.474"
        },
        {
            "time": "06.12.2020 13:20",
            "open": "6.474",
            "high": "6.474",
            "low": "6.474",
            "close": "6.478"
        },
        {
            "time": "06.12.2020 14:20",
            "open": "6.478",
            "high": "6.478",
            "low": "6.478",
            "close": "6.474"
        },
        {
            "time": "06.12.2020 14:28",
            "open": "6.474",
            "high": "6.474",
            "low": "6.455",
            "close": "6.45"
        },
        {
            "time": "06.12.2020 14:39",
            "open": "6.45",
            "high": "6.45",
            "low": "6.45",
            "close": "6.447"
        },
        {
            "time": "06.12.2020 14:44",
            "open": "6.447",
            "high": "6.455",
            "low": "6.447",
            "close": "6.448"
        },
        {
            "time": "06.12.2020 14:46",
            "open": "6.448",
            "high": "6.448",
            "low": "6.448",
            "close": "6.444"
        },
        {
            "time": "06.12.2020 14:51",
            "open": "6.444",
            "high": "6.444",
            "low": "6.444",
            "close": "6.439"
        },
        {
            "time": "06.12.2020 15:02",
            "open": "6.439",
            "high": "6.469",
            "low": "6.403",
            "close": "6.423"
        },
        {
            "time": "06.12.2020 15:08",
            "open": "6.423",
            "high": "6.423",
            "low": "6.423",
            "close": "6.39"
        },
        {
            "time": "06.12.2020 15:22",
            "open": "6.39",
            "high": "6.39",
            "low": "6.389",
            "close": "6.429"
        },
        {
            "time": "06.12.2020 15:23",
            "open": "6.429",
            "high": "6.429",
            "low": "6.429",
            "close": "6.445"
        },
        {
            "time": "06.12.2020 15:33",
            "open": "6.445",
            "high": "6.445",
            "low": "6.441",
            "close": "6.463"
        },
        {
            "time": "06.12.2020 15:36",
            "open": "6.463",
            "high": "6.464",
            "low": "6.463",
            "close": "6.463"
        },
        {
            "time": "06.12.2020 15:48",
            "open": "6.463",
            "high": "6.463",
            "low": "6.463",
            "close": "6.489"
        },
        {
            "time": "06.12.2020 16:05",
            "open": "6.489",
            "high": "6.489",
            "low": "6.489",
            "close": "6.474"
        },
        {
            "time": "06.12.2020 17:02",
            "open": "6.474",
            "high": "6.474",
            "low": "6.474",
            "close": "6.46"
        },
        {
            "time": "06.12.2020 17:13",
            "open": "6.46",
            "high": "6.46",
            "low": "6.447",
            "close": "6.455"
        },
        {
            "time": "06.12.2020 17:27",
            "open": "6.455",
            "high": "6.455",
            "low": "6.455",
            "close": "6.455"
        },
        {
            "time": "06.12.2020 17:29",
            "open": "6.455",
            "high": "6.455",
            "low": "6.455",
            "close": "6.453"
        },
        {
            "time": "06.12.2020 17:30",
            "open": "6.453",
            "high": "6.456",
            "low": "6.453",
            "close": "6.47"
        },
        {
            "time": "06.12.2020 17:41",
            "open": "6.47",
            "high": "6.488",
            "low": "6.47",
            "close": "6.452"
        },
        {
            "time": "06.12.2020 17:45",
            "open": "6.452",
            "high": "6.452",
            "low": "6.452",
            "close": "6.454"
        },
        {
            "time": "06.12.2020 17:50",
            "open": "6.454",
            "high": "6.455",
            "low": "6.454",
            "close": "6.47"
        },
        {
            "time": "06.12.2020 18:18",
            "open": "6.47",
            "high": "6.47",
            "low": "6.47",
            "close": "6.471"
        },
        {
            "time": "06.12.2020 18:20",
            "open": "6.471",
            "high": "6.471",
            "low": "6.471",
            "close": "6.466"
        },
        {
            "time": "06.12.2020 18:22",
            "open": "6.466",
            "high": "6.466",
            "low": "6.466",
            "close": "6.449"
        },
        {
            "time": "06.12.2020 18:30",
            "open": "6.449",
            "high": "6.449",
            "low": "6.449",
            "close": "6.448"
        },
        {
            "time": "06.12.2020 18:40",
            "open": "6.448",
            "high": "6.448",
            "low": "6.448",
            "close": "6.468"
        },
        {
            "time": "06.12.2020 18:44",
            "open": "6.468",
            "high": "6.468",
            "low": "6.468",
            "close": "6.436"
        },
        {
            "time": "06.12.2020 18:55",
            "open": "6.436",
            "high": "6.436",
            "low": "6.436",
            "close": "6.441"
        },
        {
            "time": "06.12.2020 19:23",
            "open": "6.441",
            "high": "6.441",
            "low": "6.441",
            "close": "6.487"
        },
        {
            "time": "06.12.2020 19:48",
            "open": "6.487",
            "high": "6.487",
            "low": "6.487",
            "close": "6.458"
        },
        {
            "time": "06.12.2020 19:53",
            "open": "6.458",
            "high": "6.458",
            "low": "6.458",
            "close": "6.461"
        },
        {
            "time": "06.12.2020 19:56",
            "open": "6.461",
            "high": "6.461",
            "low": "6.461",
            "close": "6.471"
        },
        {
            "time": "06.12.2020 20:12",
            "open": "6.471",
            "high": "6.471",
            "low": "6.471",
            "close": "6.487"
        },
        {
            "time": "06.12.2020 20:13",
            "open": "6.487",
            "high": "6.487",
            "low": "6.487",
            "close": "6.489"
        },
        {
            "time": "06.12.2020 20:18",
            "open": "6.489",
            "high": "6.489",
            "low": "6.489",
            "close": "6.489"
        },
        {
            "time": "06.12.2020 20:34",
            "open": "6.489",
            "high": "6.489",
            "low": "6.489",
            "close": "6.48"
        },
        {
            "time": "06.12.2020 20:36",
            "open": "6.48",
            "high": "6.504",
            "low": "6.48",
            "close": "6.487"
        },
        {
            "time": "06.12.2020 20:37",
            "open": "6.487",
            "high": "6.487",
            "low": "6.487",
            "close": "6.514"
        },
        {
            "time": "06.12.2020 21:07",
            "open": "6.514",
            "high": "6.514",
            "low": "6.514",
            "close": "6.529"
        },
        {
            "time": "06.12.2020 21:10",
            "open": "6.529",
            "high": "6.529",
            "low": "6.529",
            "close": "6.507"
        },
        {
            "time": "06.12.2020 21:36",
            "open": "6.507",
            "high": "6.507",
            "low": "6.507",
            "close": "6.517"
        },
        {
            "time": "06.12.2020 21:49",
            "open": "6.517",
            "high": "6.517",
            "low": "6.517",
            "close": "6.488"
        },
        {
            "time": "06.12.2020 21:50",
            "open": "6.488",
            "high": "6.488",
            "low": "6.488",
            "close": "6.509"
        },
        {
            "time": "06.12.2020 21:55",
            "open": "6.509",
            "high": "6.509",
            "low": "6.509",
            "close": "6.486"
        },
        {
            "time": "06.12.2020 21:56",
            "open": "6.486",
            "high": "6.486",
            "low": "6.486",
            "close": "6.493"
        },
        {
            "time": "06.12.2020 21:59",
            "open": "6.493",
            "high": "6.493",
            "low": "6.492",
            "close": "6.496"
        },
        {
            "time": "06.12.2020 22:09",
            "open": "6.496",
            "high": "6.496",
            "low": "6.496",
            "close": "6.481"
        },
        {
            "time": "06.12.2020 22:22",
            "open": "6.481",
            "high": "6.481",
            "low": "6.481",
            "close": "6.48"
        },
        {
            "time": "06.12.2020 22:36",
            "open": "6.48",
            "high": "6.48",
            "low": "6.48",
            "close": "6.471"
        }
    ]
}