{
    "UMA-EUR": [
        {
            "time": "03.11.2020 23:53",
            "open": "5.671",
            "high": "5.671",
            "low": "5.671",
            "close": "5.666"
        },
        {
            "time": "04.11.2020 00:16",
            "open": "5.666",
            "high": "5.666",
            "low": "5.666",
            "close": "5.664"
        },
        {
            "time": "04.11.2020 00:28",
            "open": "5.664",
            "high": "5.664",
            "low": "5.664",
            "close": "5.653"
        },
        {
            "time": "04.11.2020 00:37",
            "open": "5.653",
            "high": "5.653",
            "low": "5.653",
            "close": "5.64"
        },
        {
            "time": "04.11.2020 00:43",
            "open": "5.64",
            "high": "5.64",
            "low": "5.617",
            "close": "5.637"
        },
        {
            "time": "04.11.2020 00:45",
            "open": "5.637",
            "high": "5.637",
            "low": "5.637",
            "close": "5.622"
        },
        {
            "time": "04.11.2020 00:46",
            "open": "5.622",
            "high": "5.622",
            "low": "5.622",
            "close": "5.626"
        },
        {
            "time": "04.11.2020 00:49",
            "open": "5.626",
            "high": "5.626",
            "low": "5.626",
            "close": "5.64"
        },
        {
            "time": "04.11.2020 01:18",
            "open": "5.64",
            "high": "5.64",
            "low": "5.64",
            "close": "5.684"
        },
        {
            "time": "04.11.2020 02:00",
            "open": "5.684",
            "high": "5.685",
            "low": "5.684",
            "close": "5.613"
        },
        {
            "time": "04.11.2020 02:09",
            "open": "5.613",
            "high": "5.613",
            "low": "5.613",
            "close": "5.617"
        },
        {
            "time": "04.11.2020 02:22",
            "open": "5.617",
            "high": "5.617",
            "low": "5.617",
            "close": "5.6"
        },
        {
            "time": "04.11.2020 02:23",
            "open": "5.6",
            "high": "5.6",
            "low": "5.6",
            "close": "5.6"
        },
        {
            "time": "04.11.2020 02:27",
            "open": "5.6",
            "high": "5.6",
            "low": "5.6",
            "close": "5.6"
        },
        {
            "time": "04.11.2020 02:43",
            "open": "5.6",
            "high": "5.6",
            "low": "5.6",
            "close": "5.626"
        },
        {
            "time": "04.11.2020 03:21",
            "open": "5.626",
            "high": "5.626",
            "low": "5.626",
            "close": "5.643"
        },
        {
            "time": "04.11.2020 03:36",
            "open": "5.643",
            "high": "5.643",
            "low": "5.643",
            "close": "5.64"
        },
        {
            "time": "04.11.2020 04:08",
            "open": "5.64",
            "high": "5.64",
            "low": "5.64",
            "close": "5.65"
        },
        {
            "time": "04.11.2020 04:15",
            "open": "5.65",
            "high": "5.65",
            "low": "5.65",
            "close": "5.66"
        },
        {
            "time": "04.11.2020 04:37",
            "open": "5.66",
            "high": "5.66",
            "low": "5.659",
            "close": "5.656"
        },
        {
            "time": "04.11.2020 05:06",
            "open": "5.656",
            "high": "5.656",
            "low": "5.656",
            "close": "5.619"
        },
        {
            "time": "04.11.2020 05:33",
            "open": "5.619",
            "high": "5.619",
            "low": "5.619",
            "close": "5.6"
        },
        {
            "time": "04.11.2020 05:49",
            "open": "5.6",
            "high": "5.6",
            "low": "5.6",
            "close": "5.587"
        },
        {
            "time": "04.11.2020 06:16",
            "open": "5.587",
            "high": "5.587",
            "low": "5.587",
            "close": "5.577"
        },
        {
            "time": "04.11.2020 06:22",
            "open": "5.577",
            "high": "5.578",
            "low": "5.577",
            "close": "5.574"
        },
        {
            "time": "04.11.2020 06:51",
            "open": "5.574",
            "high": "5.574",
            "low": "5.565",
            "close": "5.561"
        },
        {
            "time": "04.11.2020 06:52",
            "open": "5.561",
            "high": "5.561",
            "low": "5.538",
            "close": "5.535"
        },
        {
            "time": "04.11.2020 07:15",
            "open": "5.535",
            "high": "5.535",
            "low": "5.528",
            "close": "5.545"
        },
        {
            "time": "04.11.2020 07:21",
            "open": "5.545",
            "high": "5.545",
            "low": "5.545",
            "close": "5.549"
        },
        {
            "time": "04.11.2020 07:37",
            "open": "5.549",
            "high": "5.549",
            "low": "5.549",
            "close": "5.552"
        },
        {
            "time": "04.11.2020 07:52",
            "open": "5.552",
            "high": "5.552",
            "low": "5.552",
            "close": "5.549"
        },
        {
            "time": "04.11.2020 08:05",
            "open": "5.549",
            "high": "5.549",
            "low": "5.549",
            "close": "5.534"
        },
        {
            "time": "04.11.2020 08:10",
            "open": "5.534",
            "high": "5.534",
            "low": "5.534",
            "close": "5.551"
        },
        {
            "time": "04.11.2020 08:15",
            "open": "5.551",
            "high": "5.559",
            "low": "5.551",
            "close": "5.54"
        },
        {
            "time": "04.11.2020 08:25",
            "open": "5.54",
            "high": "5.54",
            "low": "5.54",
            "close": "5.539"
        },
        {
            "time": "04.11.2020 08:30",
            "open": "5.539",
            "high": "5.539",
            "low": "5.539",
            "close": "5.53"
        },
        {
            "time": "04.11.2020 08:33",
            "open": "5.53",
            "high": "5.53",
            "low": "5.53",
            "close": "5.525"
        },
        {
            "time": "04.11.2020 08:35",
            "open": "5.525",
            "high": "5.541",
            "low": "5.525",
            "close": "5.523"
        },
        {
            "time": "04.11.2020 08:43",
            "open": "5.523",
            "high": "5.523",
            "low": "5.523",
            "close": "5.522"
        },
        {
            "time": "04.11.2020 08:45",
            "open": "5.522",
            "high": "5.522",
            "low": "5.522",
            "close": "5.509"
        },
        {
            "time": "04.11.2020 08:46",
            "open": "5.509",
            "high": "5.509",
            "low": "5.509",
            "close": "5.506"
        },
        {
            "time": "04.11.2020 08:47",
            "open": "5.506",
            "high": "5.506",
            "low": "5.5",
            "close": "5.483"
        },
        {
            "time": "04.11.2020 09:02",
            "open": "5.483",
            "high": "5.483",
            "low": "5.482",
            "close": "5.457"
        },
        {
            "time": "04.11.2020 09:08",
            "open": "5.457",
            "high": "5.457",
            "low": "5.457",
            "close": "5.462"
        },
        {
            "time": "04.11.2020 09:10",
            "open": "5.462",
            "high": "5.462",
            "low": "5.462",
            "close": "5.458"
        },
        {
            "time": "04.11.2020 09:11",
            "open": "5.458",
            "high": "5.458",
            "low": "5.458",
            "close": "5.466"
        },
        {
            "time": "04.11.2020 09:21",
            "open": "5.466",
            "high": "5.466",
            "low": "5.466",
            "close": "5.467"
        },
        {
            "time": "04.11.2020 09:22",
            "open": "5.467",
            "high": "5.467",
            "low": "5.467",
            "close": "5.466"
        },
        {
            "time": "04.11.2020 09:23",
            "open": "5.466",
            "high": "5.466",
            "low": "5.466",
            "close": "5.458"
        },
        {
            "time": "04.11.2020 09:26",
            "open": "5.458",
            "high": "5.458",
            "low": "5.458",
            "close": "5.472"
        },
        {
            "time": "04.11.2020 10:02",
            "open": "5.472",
            "high": "5.497",
            "low": "5.472",
            "close": "5.497"
        },
        {
            "time": "04.11.2020 10:51",
            "open": "5.497",
            "high": "5.497",
            "low": "5.497",
            "close": "5.49"
        },
        {
            "time": "04.11.2020 11:01",
            "open": "5.49",
            "high": "5.49",
            "low": "5.49",
            "close": "5.49"
        },
        {
            "time": "04.11.2020 11:10",
            "open": "5.49",
            "high": "5.49",
            "low": "5.49",
            "close": "5.477"
        },
        {
            "time": "04.11.2020 11:13",
            "open": "5.477",
            "high": "5.477",
            "low": "5.477",
            "close": "5.479"
        },
        {
            "time": "04.11.2020 11:14",
            "open": "5.479",
            "high": "5.479",
            "low": "5.479",
            "close": "5.486"
        },
        {
            "time": "04.11.2020 11:32",
            "open": "5.486",
            "high": "5.486",
            "low": "5.486",
            "close": "5.484"
        },
        {
            "time": "04.11.2020 11:42",
            "open": "5.484",
            "high": "5.484",
            "low": "5.484",
            "close": "5.477"
        },
        {
            "time": "04.11.2020 11:58",
            "open": "5.477",
            "high": "5.477",
            "low": "5.477",
            "close": "5.476"
        },
        {
            "time": "04.11.2020 12:04",
            "open": "5.476",
            "high": "5.476",
            "low": "5.476",
            "close": "5.477"
        },
        {
            "time": "04.11.2020 12:25",
            "open": "5.488",
            "high": "5.488",
            "low": "5.488",
            "close": "5.479"
        },
        {
            "time": "04.11.2020 12:31",
            "open": "5.479",
            "high": "5.479",
            "low": "5.479",
            "close": "5.492"
        },
        {
            "time": "04.11.2020 12:32",
            "open": "5.492",
            "high": "5.492",
            "low": "5.492",
            "close": "5.509"
        },
        {
            "time": "04.11.2020 12:39",
            "open": "5.509",
            "high": "5.509",
            "low": "5.509",
            "close": "5.5"
        },
        {
            "time": "04.11.2020 12:49",
            "open": "5.5",
            "high": "5.5",
            "low": "5.5",
            "close": "5.499"
        },
        {
            "time": "04.11.2020 12:50",
            "open": "5.499",
            "high": "5.499",
            "low": "5.472",
            "close": "5.494"
        },
        {
            "time": "04.11.2020 13:17",
            "open": "5.494",
            "high": "5.494",
            "low": "5.494",
            "close": "5.501"
        },
        {
            "time": "04.11.2020 13:20",
            "open": "5.501",
            "high": "5.504",
            "low": "5.501",
            "close": "5.493"
        },
        {
            "time": "04.11.2020 14:20",
            "open": "5.493",
            "high": "5.493",
            "low": "5.493",
            "close": "5.496"
        },
        {
            "time": "04.11.2020 15:02",
            "open": "5.496",
            "high": "5.498",
            "low": "5.496",
            "close": "5.493"
        },
        {
            "time": "04.11.2020 15:04",
            "open": "5.493",
            "high": "5.493",
            "low": "5.493",
            "close": "5.494"
        },
        {
            "time": "04.11.2020 15:07",
            "open": "5.494",
            "high": "5.494",
            "low": "5.493",
            "close": "5.493"
        },
        {
            "time": "04.11.2020 15:11",
            "open": "5.493",
            "high": "5.493",
            "low": "5.493",
            "close": "5.493"
        },
        {
            "time": "04.11.2020 15:12",
            "open": "5.493",
            "high": "5.493",
            "low": "5.493",
            "close": "5.493"
        },
        {
            "time": "04.11.2020 15:13",
            "open": "5.493",
            "high": "5.493",
            "low": "5.493",
            "close": "5.493"
        },
        {
            "time": "04.11.2020 15:17",
            "open": "5.493",
            "high": "5.493",
            "low": "5.493",
            "close": "5.465"
        },
        {
            "time": "04.11.2020 15:21",
            "open": "5.465",
            "high": "5.465",
            "low": "5.465",
            "close": "5.466"
        },
        {
            "time": "04.11.2020 15:51",
            "open": "5.466",
            "high": "5.466",
            "low": "5.466",
            "close": "5.469"
        },
        {
            "time": "04.11.2020 15:52",
            "open": "5.469",
            "high": "5.469",
            "low": "5.469",
            "close": "5.47"
        },
        {
            "time": "04.11.2020 16:02",
            "open": "5.47",
            "high": "5.471",
            "low": "5.47",
            "close": "5.471"
        },
        {
            "time": "04.11.2020 16:03",
            "open": "5.471",
            "high": "5.471",
            "low": "5.469",
            "close": "5.486"
        },
        {
            "time": "04.11.2020 16:10",
            "open": "5.486",
            "high": "5.486",
            "low": "5.486",
            "close": "5.501"
        },
        {
            "time": "04.11.2020 16:27",
            "open": "5.501",
            "high": "5.502",
            "low": "5.501",
            "close": "5.481"
        },
        {
            "time": "04.11.2020 16:31",
            "open": "5.481",
            "high": "5.481",
            "low": "5.481",
            "close": "5.475"
        },
        {
            "time": "04.11.2020 16:56",
            "open": "5.475",
            "high": "5.479",
            "low": "5.474",
            "close": "5.475"
        },
        {
            "time": "04.11.2020 16:57",
            "open": "5.475",
            "high": "5.475",
            "low": "5.475",
            "close": "5.476"
        },
        {
            "time": "04.11.2020 16:58",
            "open": "5.476",
            "high": "5.477",
            "low": "5.476",
            "close": "5.487"
        },
        {
            "time": "04.11.2020 17:04",
            "open": "5.487",
            "high": "5.488",
            "low": "5.487",
            "close": "5.489"
        },
        {
            "time": "04.11.2020 17:07",
            "open": "5.489",
            "high": "5.489",
            "low": "5.489",
            "close": "5.506"
        },
        {
            "time": "04.11.2020 17:12",
            "open": "5.506",
            "high": "5.506",
            "low": "5.506",
            "close": "5.515"
        },
        {
            "time": "04.11.2020 17:14",
            "open": "5.515",
            "high": "5.517",
            "low": "5.515",
            "close": "5.523"
        },
        {
            "time": "04.11.2020 17:15",
            "open": "5.523",
            "high": "5.523",
            "low": "5.523",
            "close": "5.528"
        },
        {
            "time": "04.11.2020 17:17",
            "open": "5.528",
            "high": "5.529",
            "low": "5.528",
            "close": "5.553"
        },
        {
            "time": "04.11.2020 17:22",
            "open": "5.553",
            "high": "5.586",
            "low": "5.553",
            "close": "5.591"
        },
        {
            "time": "04.11.2020 17:23",
            "open": "5.591",
            "high": "5.592",
            "low": "5.591",
            "close": "5.575"
        },
        {
            "time": "04.11.2020 17:24",
            "open": "5.575",
            "high": "5.582",
            "low": "5.575",
            "close": "5.576"
        },
        {
            "time": "04.11.2020 17:28",
            "open": "5.576",
            "high": "5.576",
            "low": "5.576",
            "close": "5.564"
        },
        {
            "time": "04.11.2020 17:29",
            "open": "5.564",
            "high": "5.564",
            "low": "5.548",
            "close": "5.591"
        },
        {
            "time": "04.11.2020 17:31",
            "open": "5.591",
            "high": "5.592",
            "low": "5.591",
            "close": "5.593"
        },
        {
            "time": "04.11.2020 17:40",
            "open": "5.593",
            "high": "5.646",
            "low": "5.593",
            "close": "5.58"
        },
        {
            "time": "04.11.2020 17:42",
            "open": "5.58",
            "high": "5.621",
            "low": "5.58",
            "close": "5.604"
        },
        {
            "time": "04.11.2020 17:44",
            "open": "5.604",
            "high": "5.604",
            "low": "5.604",
            "close": "5.601"
        },
        {
            "time": "04.11.2020 17:52",
            "open": "5.601",
            "high": "5.604",
            "low": "5.601",
            "close": "5.6"
        },
        {
            "time": "04.11.2020 17:53",
            "open": "5.6",
            "high": "5.6",
            "low": "5.6",
            "close": "5.596"
        },
        {
            "time": "04.11.2020 17:58",
            "open": "5.596",
            "high": "5.596",
            "low": "5.596",
            "close": "5.645"
        },
        {
            "time": "04.11.2020 18:05",
            "open": "5.645",
            "high": "5.645",
            "low": "5.645",
            "close": "5.655"
        },
        {
            "time": "04.11.2020 18:06",
            "open": "5.655",
            "high": "5.655",
            "low": "5.655",
            "close": "5.658"
        },
        {
            "time": "04.11.2020 18:13",
            "open": "5.658",
            "high": "5.697",
            "low": "5.658",
            "close": "5.689"
        },
        {
            "time": "04.11.2020 18:14",
            "open": "5.689",
            "high": "5.689",
            "low": "5.689",
            "close": "5.687"
        },
        {
            "time": "04.11.2020 18:16",
            "open": "5.687",
            "high": "5.697",
            "low": "5.687",
            "close": "5.7"
        },
        {
            "time": "04.11.2020 18:17",
            "open": "5.7",
            "high": "5.768",
            "low": "5.7",
            "close": "5.716"
        },
        {
            "time": "04.11.2020 18:18",
            "open": "5.716",
            "high": "5.716",
            "low": "5.716",
            "close": "5.715"
        },
        {
            "time": "04.11.2020 18:21",
            "open": "5.715",
            "high": "5.715",
            "low": "5.715",
            "close": "5.72"
        },
        {
            "time": "04.11.2020 18:24",
            "open": "5.72",
            "high": "5.72",
            "low": "5.72",
            "close": "5.736"
        },
        {
            "time": "04.11.2020 18:26",
            "open": "5.736",
            "high": "5.736",
            "low": "5.736",
            "close": "5.752"
        },
        {
            "time": "04.11.2020 18:28",
            "open": "5.752",
            "high": "5.752",
            "low": "5.752",
            "close": "5.759"
        },
        {
            "time": "04.11.2020 18:30",
            "open": "5.775",
            "high": "5.775",
            "low": "5.775",
            "close": "5.725"
        },
        {
            "time": "04.11.2020 18:44",
            "open": "5.725",
            "high": "5.725",
            "low": "5.724",
            "close": "5.717"
        },
        {
            "time": "04.11.2020 18:49",
            "open": "5.717",
            "high": "5.717",
            "low": "5.704",
            "close": "5.736"
        },
        {
            "time": "04.11.2020 18:57",
            "open": "5.736",
            "high": "5.736",
            "low": "5.736",
            "close": "5.742"
        },
        {
            "time": "04.11.2020 19:03",
            "open": "5.742",
            "high": "5.742",
            "low": "5.742",
            "close": "5.716"
        },
        {
            "time": "04.11.2020 19:14",
            "open": "5.716",
            "high": "5.716",
            "low": "5.716",
            "close": "5.7"
        },
        {
            "time": "04.11.2020 19:16",
            "open": "5.7",
            "high": "5.7",
            "low": "5.7",
            "close": "5.716"
        },
        {
            "time": "04.11.2020 19:18",
            "open": "5.716",
            "high": "5.716",
            "low": "5.716",
            "close": "5.705"
        },
        {
            "time": "04.11.2020 19:20",
            "open": "5.705",
            "high": "5.705",
            "low": "5.705",
            "close": "5.705"
        },
        {
            "time": "04.11.2020 19:23",
            "open": "5.728",
            "high": "5.728",
            "low": "5.728",
            "close": "5.697"
        },
        {
            "time": "04.11.2020 19:44",
            "open": "5.697",
            "high": "5.697",
            "low": "5.697",
            "close": "5.697"
        },
        {
            "time": "04.11.2020 20:02",
            "open": "5.697",
            "high": "5.697",
            "low": "5.697",
            "close": "5.697"
        },
        {
            "time": "04.11.2020 20:07",
            "open": "5.697",
            "high": "5.697",
            "low": "5.697",
            "close": "5.696"
        },
        {
            "time": "04.11.2020 20:14",
            "open": "5.696",
            "high": "5.696",
            "low": "5.696",
            "close": "5.687"
        },
        {
            "time": "04.11.2020 20:22",
            "open": "5.687",
            "high": "5.687",
            "low": "5.68",
            "close": "5.683"
        },
        {
            "time": "04.11.2020 20:39",
            "open": "5.683",
            "high": "5.683",
            "low": "5.683",
            "close": "5.679"
        },
        {
            "time": "04.11.2020 20:56",
            "open": "5.679",
            "high": "5.679",
            "low": "5.679",
            "close": "5.695"
        },
        {
            "time": "04.11.2020 21:10",
            "open": "5.695",
            "high": "5.695",
            "low": "5.695",
            "close": "5.679"
        },
        {
            "time": "04.11.2020 21:19",
            "open": "5.679",
            "high": "5.679",
            "low": "5.679",
            "close": "5.617"
        },
        {
            "time": "04.11.2020 21:23",
            "open": "5.617",
            "high": "5.617",
            "low": "5.564",
            "close": "5.59"
        },
        {
            "time": "04.11.2020 21:49",
            "open": "5.59",
            "high": "5.59",
            "low": "5.59",
            "close": "5.574"
        },
        {
            "time": "04.11.2020 21:55",
            "open": "5.574",
            "high": "5.574",
            "low": "5.574",
            "close": "5.6"
        },
        {
            "time": "04.11.2020 22:24",
            "open": "5.6",
            "high": "5.6",
            "low": "5.6",
            "close": "5.644"
        },
        {
            "time": "04.11.2020 22:51",
            "open": "5.644",
            "high": "5.644",
            "low": "5.644",
            "close": "5.645"
        },
        {
            "time": "04.11.2020 22:54",
            "open": "5.645",
            "high": "5.645",
            "low": "5.645",
            "close": "5.646"
        },
        {
            "time": "04.11.2020 23:00",
            "open": "5.646",
            "high": "5.646",
            "low": "5.646",
            "close": "5.674"
        },
        {
            "time": "04.11.2020 23:14",
            "open": "5.674",
            "high": "5.684",
            "low": "5.652",
            "close": "5.656"
        },
        {
            "time": "04.11.2020 23:16",
            "open": "5.656",
            "high": "5.656",
            "low": "5.656",
            "close": "5.66"
        },
        {
            "time": "04.11.2020 23:27",
            "open": "5.66",
            "high": "5.66",
            "low": "5.66",
            "close": "5.669"
        }
    ]
}