{
    "UMA-EUR": [
        {
            "time": "29.05.2021 23:58",
            "open": "10.072",
            "high": "10.072",
            "low": "10.072",
            "close": "10.069"
        },
        {
            "time": "30.05.2021 00:00",
            "open": "10.069",
            "high": "10.072",
            "low": "10.069",
            "close": "10.081"
        },
        {
            "time": "30.05.2021 00:01",
            "open": "10.081",
            "high": "10.081",
            "low": "10.081",
            "close": "10.066"
        },
        {
            "time": "30.05.2021 00:02",
            "open": "10.066",
            "high": "10.079",
            "low": "10.064",
            "close": "10.117"
        },
        {
            "time": "30.05.2021 00:05",
            "open": "10.117",
            "high": "10.117",
            "low": "10.117",
            "close": "10.127"
        },
        {
            "time": "30.05.2021 00:07",
            "open": "10.127",
            "high": "10.132",
            "low": "10.127",
            "close": "10.173"
        },
        {
            "time": "30.05.2021 00:08",
            "open": "10.173",
            "high": "10.193",
            "low": "10.157",
            "close": "10.195"
        },
        {
            "time": "30.05.2021 00:10",
            "open": "10.195",
            "high": "10.196",
            "low": "10.182",
            "close": "10.187"
        },
        {
            "time": "30.05.2021 00:11",
            "open": "10.187",
            "high": "10.187",
            "low": "10.126",
            "close": "10.108"
        },
        {
            "time": "30.05.2021 00:13",
            "open": "10.108",
            "high": "10.109",
            "low": "10.108",
            "close": "10.119"
        },
        {
            "time": "30.05.2021 00:15",
            "open": "10.119",
            "high": "10.119",
            "low": "10.119",
            "close": "10.116"
        },
        {
            "time": "30.05.2021 00:16",
            "open": "10.116",
            "high": "10.116",
            "low": "10.116",
            "close": "10.105"
        },
        {
            "time": "30.05.2021 00:17",
            "open": "10.105",
            "high": "10.105",
            "low": "10.105",
            "close": "10.082"
        },
        {
            "time": "30.05.2021 00:18",
            "open": "10.082",
            "high": "10.082",
            "low": "10.046",
            "close": "10.086"
        },
        {
            "time": "30.05.2021 00:23",
            "open": "10.086",
            "high": "10.086",
            "low": "10.086",
            "close": "10.065"
        },
        {
            "time": "30.05.2021 00:25",
            "open": "10.065",
            "high": "10.065",
            "low": "10.062",
            "close": "10.066"
        },
        {
            "time": "30.05.2021 00:26",
            "open": "10.066",
            "high": "10.066",
            "low": "10.06",
            "close": "10.022"
        },
        {
            "time": "30.05.2021 00:27",
            "open": "10.022",
            "high": "10.022",
            "low": "10.022",
            "close": "10.012"
        },
        {
            "time": "30.05.2021 00:31",
            "open": "10.012",
            "high": "10.012",
            "low": "10.012",
            "close": "10.037"
        },
        {
            "time": "30.05.2021 00:33",
            "open": "10.037",
            "high": "10.037",
            "low": "10.037",
            "close": "10.038"
        },
        {
            "time": "30.05.2021 00:37",
            "open": "10.038",
            "high": "10.038",
            "low": "10.038",
            "close": "10.053"
        },
        {
            "time": "30.05.2021 00:38",
            "open": "10.053",
            "high": "10.053",
            "low": "10.053",
            "close": "10.054"
        },
        {
            "time": "30.05.2021 00:40",
            "open": "10.054",
            "high": "10.054",
            "low": "10.048",
            "close": "10.048"
        },
        {
            "time": "30.05.2021 00:41",
            "open": "10.048",
            "high": "10.048",
            "low": "10.039",
            "close": "10.037"
        },
        {
            "time": "30.05.2021 00:51",
            "open": "10.037",
            "high": "10.037",
            "low": "10.014",
            "close": "10.012"
        },
        {
            "time": "30.05.2021 00:58",
            "open": "10.012",
            "high": "10.012",
            "low": "10.012",
            "close": "9.992"
        },
        {
            "time": "30.05.2021 01:01",
            "open": "9.992",
            "high": "9.992",
            "low": "9.982",
            "close": "9.949"
        },
        {
            "time": "30.05.2021 01:02",
            "open": "9.949",
            "high": "9.949",
            "low": "9.949",
            "close": "9.995"
        },
        {
            "time": "30.05.2021 01:04",
            "open": "9.995",
            "high": "9.995",
            "low": "9.995",
            "close": "10.027"
        },
        {
            "time": "30.05.2021 01:14",
            "open": "10.027",
            "high": "10.027",
            "low": "10.027",
            "close": "10.018"
        },
        {
            "time": "30.05.2021 01:15",
            "open": "10.018",
            "high": "10.04",
            "low": "10.018",
            "close": "10.08"
        },
        {
            "time": "30.05.2021 01:22",
            "open": "10.08",
            "high": "10.134",
            "low": "10.08",
            "close": "10.154"
        },
        {
            "time": "30.05.2021 01:23",
            "open": "10.154",
            "high": "10.2",
            "low": "10.15",
            "close": "10.178"
        },
        {
            "time": "30.05.2021 01:24",
            "open": "10.178",
            "high": "10.178",
            "low": "10.178",
            "close": "10.179"
        },
        {
            "time": "30.05.2021 01:26",
            "open": "10.179",
            "high": "10.179",
            "low": "10.179",
            "close": "10.206"
        },
        {
            "time": "30.05.2021 01:29",
            "open": "10.206",
            "high": "10.282",
            "low": "10.205",
            "close": "10.3"
        },
        {
            "time": "30.05.2021 01:30",
            "open": "10.3",
            "high": "10.384",
            "low": "10.3",
            "close": "10.4"
        },
        {
            "time": "30.05.2021 01:31",
            "open": "10.4",
            "high": "10.458",
            "low": "10.378",
            "close": "10.358"
        },
        {
            "time": "30.05.2021 01:32",
            "open": "10.358",
            "high": "10.358",
            "low": "10.28",
            "close": "10.229"
        },
        {
            "time": "30.05.2021 01:33",
            "open": "10.229",
            "high": "10.229",
            "low": "10.159",
            "close": "10.124"
        },
        {
            "time": "30.05.2021 01:34",
            "open": "10.124",
            "high": "10.124",
            "low": "10.124",
            "close": "10.111"
        },
        {
            "time": "30.05.2021 01:35",
            "open": "10.111",
            "high": "10.111",
            "low": "10.106",
            "close": "10.075"
        },
        {
            "time": "30.05.2021 01:36",
            "open": "10.075",
            "high": "10.075",
            "low": "10.075",
            "close": "10.053"
        },
        {
            "time": "30.05.2021 01:39",
            "open": "10.053",
            "high": "10.093",
            "low": "10.053",
            "close": "10.096"
        },
        {
            "time": "30.05.2021 01:40",
            "open": "10.096",
            "high": "10.096",
            "low": "10.096",
            "close": "10.018"
        },
        {
            "time": "30.05.2021 01:49",
            "open": "10.018",
            "high": "10.018",
            "low": "10.018",
            "close": "9.976"
        },
        {
            "time": "30.05.2021 02:02",
            "open": "9.976",
            "high": "9.976",
            "low": "9.975",
            "close": "9.882"
        },
        {
            "time": "30.05.2021 02:06",
            "open": "9.882",
            "high": "9.882",
            "low": "9.882",
            "close": "9.927"
        },
        {
            "time": "30.05.2021 02:10",
            "open": "9.927",
            "high": "9.927",
            "low": "9.927",
            "close": "9.882"
        },
        {
            "time": "30.05.2021 02:11",
            "open": "9.882",
            "high": "9.882",
            "low": "9.874",
            "close": "9.859"
        },
        {
            "time": "30.05.2021 02:13",
            "open": "9.859",
            "high": "9.859",
            "low": "9.853",
            "close": "9.884"
        },
        {
            "time": "30.05.2021 02:15",
            "open": "9.884",
            "high": "9.884",
            "low": "9.884",
            "close": "9.856"
        },
        {
            "time": "30.05.2021 02:17",
            "open": "9.856",
            "high": "9.856",
            "low": "9.847",
            "close": "9.818"
        },
        {
            "time": "30.05.2021 02:18",
            "open": "9.818",
            "high": "9.818",
            "low": "9.818",
            "close": "9.8"
        },
        {
            "time": "30.05.2021 02:19",
            "open": "9.8",
            "high": "9.8",
            "low": "9.773",
            "close": "9.785"
        },
        {
            "time": "30.05.2021 02:20",
            "open": "9.785",
            "high": "9.785",
            "low": "9.759",
            "close": "9.746"
        },
        {
            "time": "30.05.2021 02:21",
            "open": "9.746",
            "high": "9.746",
            "low": "9.745",
            "close": "9.739"
        },
        {
            "time": "30.05.2021 02:23",
            "open": "9.739",
            "high": "9.739",
            "low": "9.731",
            "close": "9.732"
        },
        {
            "time": "30.05.2021 02:24",
            "open": "9.732",
            "high": "9.732",
            "low": "9.732",
            "close": "9.731"
        },
        {
            "time": "30.05.2021 02:25",
            "open": "9.731",
            "high": "9.731",
            "low": "9.721",
            "close": "9.721"
        },
        {
            "time": "30.05.2021 02:26",
            "open": "9.721",
            "high": "9.721",
            "low": "9.707",
            "close": "9.697"
        },
        {
            "time": "30.05.2021 02:30",
            "open": "9.697",
            "high": "9.697",
            "low": "9.697",
            "close": "9.691"
        },
        {
            "time": "30.05.2021 02:31",
            "open": "9.691",
            "high": "9.692",
            "low": "9.691",
            "close": "9.691"
        },
        {
            "time": "30.05.2021 02:32",
            "open": "9.691",
            "high": "9.691",
            "low": "9.691",
            "close": "9.677"
        },
        {
            "time": "30.05.2021 02:33",
            "open": "9.677",
            "high": "9.677",
            "low": "9.677",
            "close": "9.654"
        },
        {
            "time": "30.05.2021 02:35",
            "open": "9.654",
            "high": "9.654",
            "low": "9.652",
            "close": "9.602"
        },
        {
            "time": "30.05.2021 02:36",
            "open": "9.602",
            "high": "9.602",
            "low": "9.58",
            "close": "9.58"
        },
        {
            "time": "30.05.2021 02:37",
            "open": "9.58",
            "high": "9.58",
            "low": "9.545",
            "close": "9.555"
        },
        {
            "time": "30.05.2021 02:38",
            "open": "9.555",
            "high": "9.581",
            "low": "9.555",
            "close": "9.569"
        },
        {
            "time": "30.05.2021 02:40",
            "open": "9.569",
            "high": "9.569",
            "low": "9.569",
            "close": "9.565"
        },
        {
            "time": "30.05.2021 02:42",
            "open": "9.565",
            "high": "9.565",
            "low": "9.565",
            "close": "9.562"
        },
        {
            "time": "30.05.2021 02:45",
            "open": "9.562",
            "high": "9.562",
            "low": "9.562",
            "close": "9.565"
        },
        {
            "time": "30.05.2021 02:46",
            "open": "9.565",
            "high": "9.565",
            "low": "9.565",
            "close": "9.573"
        },
        {
            "time": "30.05.2021 02:49",
            "open": "9.573",
            "high": "9.581",
            "low": "9.573",
            "close": "9.571"
        },
        {
            "time": "30.05.2021 02:50",
            "open": "9.571",
            "high": "9.574",
            "low": "9.571",
            "close": "9.585"
        },
        {
            "time": "30.05.2021 02:54",
            "open": "9.585",
            "high": "9.585",
            "low": "9.585",
            "close": "9.599"
        },
        {
            "time": "30.05.2021 02:55",
            "open": "9.599",
            "high": "9.602",
            "low": "9.599",
            "close": "9.614"
        },
        {
            "time": "30.05.2021 02:56",
            "open": "9.614",
            "high": "9.635",
            "low": "9.614",
            "close": "9.641"
        },
        {
            "time": "30.05.2021 02:57",
            "open": "9.641",
            "high": "9.641",
            "low": "9.641",
            "close": "9.668"
        },
        {
            "time": "30.05.2021 03:01",
            "open": "9.668",
            "high": "9.668",
            "low": "9.668",
            "close": "9.675"
        },
        {
            "time": "30.05.2021 03:04",
            "open": "9.675",
            "high": "9.675",
            "low": "9.675",
            "close": "9.711"
        },
        {
            "time": "30.05.2021 03:06",
            "open": "9.711",
            "high": "9.712",
            "low": "9.711",
            "close": "9.718"
        },
        {
            "time": "30.05.2021 03:08",
            "open": "9.718",
            "high": "9.718",
            "low": "9.708",
            "close": "9.705"
        },
        {
            "time": "30.05.2021 03:14",
            "open": "9.705",
            "high": "9.705",
            "low": "9.705",
            "close": "9.722"
        },
        {
            "time": "30.05.2021 03:16",
            "open": "9.722",
            "high": "9.724",
            "low": "9.717",
            "close": "9.687"
        },
        {
            "time": "30.05.2021 03:18",
            "open": "9.687",
            "high": "9.69",
            "low": "9.687",
            "close": "9.685"
        },
        {
            "time": "30.05.2021 03:19",
            "open": "9.685",
            "high": "9.685",
            "low": "9.684",
            "close": "9.631"
        },
        {
            "time": "30.05.2021 03:31",
            "open": "9.631",
            "high": "9.633",
            "low": "9.629",
            "close": "9.646"
        },
        {
            "time": "30.05.2021 03:34",
            "open": "9.646",
            "high": "9.646",
            "low": "9.646",
            "close": "9.629"
        },
        {
            "time": "30.05.2021 03:43",
            "open": "9.629",
            "high": "9.629",
            "low": "9.629",
            "close": "9.625"
        },
        {
            "time": "30.05.2021 03:55",
            "open": "9.667",
            "high": "9.667",
            "low": "9.667",
            "close": "9.77"
        },
        {
            "time": "30.05.2021 04:17",
            "open": "9.77",
            "high": "9.772",
            "low": "9.768",
            "close": "9.772"
        },
        {
            "time": "30.05.2021 04:18",
            "open": "9.772",
            "high": "9.772",
            "low": "9.772",
            "close": "9.816"
        },
        {
            "time": "30.05.2021 04:20",
            "open": "9.816",
            "high": "9.834",
            "low": "9.816",
            "close": "9.871"
        },
        {
            "time": "30.05.2021 04:21",
            "open": "9.871",
            "high": "9.871",
            "low": "9.871",
            "close": "9.9"
        },
        {
            "time": "30.05.2021 04:22",
            "open": "9.9",
            "high": "9.9",
            "low": "9.9",
            "close": "9.889"
        },
        {
            "time": "30.05.2021 04:23",
            "open": "9.889",
            "high": "9.889",
            "low": "9.889",
            "close": "9.873"
        },
        {
            "time": "30.05.2021 04:25",
            "open": "9.873",
            "high": "9.873",
            "low": "9.873",
            "close": "9.906"
        },
        {
            "time": "30.05.2021 04:29",
            "open": "9.906",
            "high": "9.906",
            "low": "9.906",
            "close": "9.945"
        },
        {
            "time": "30.05.2021 04:30",
            "open": "9.945",
            "high": "9.945",
            "low": "9.945",
            "close": "9.968"
        },
        {
            "time": "30.05.2021 04:31",
            "open": "9.968",
            "high": "9.974",
            "low": "9.968",
            "close": "10"
        },
        {
            "time": "30.05.2021 04:32",
            "open": "10",
            "high": "10",
            "low": "10",
            "close": "9.99"
        },
        {
            "time": "30.05.2021 04:33",
            "open": "9.99",
            "high": "9.99",
            "low": "10.008",
            "close": "10.015"
        },
        {
            "time": "30.05.2021 04:34",
            "open": "10.015",
            "high": "10.017",
            "low": "10.015",
            "close": "10.039"
        },
        {
            "time": "30.05.2021 04:39",
            "open": "10.039",
            "high": "10.039",
            "low": "10.025",
            "close": "10.035"
        },
        {
            "time": "30.05.2021 04:41",
            "open": "10.035",
            "high": "10.035",
            "low": "10.035",
            "close": "10.021"
        },
        {
            "time": "30.05.2021 04:43",
            "open": "10.021",
            "high": "10.021",
            "low": "10.021",
            "close": "9.991"
        },
        {
            "time": "30.05.2021 04:45",
            "open": "9.991",
            "high": "9.991",
            "low": "9.991",
            "close": "10.028"
        },
        {
            "time": "30.05.2021 04:47",
            "open": "10.028",
            "high": "10.074",
            "low": "10.028",
            "close": "10.074"
        },
        {
            "time": "30.05.2021 04:48",
            "open": "10.074",
            "high": "10.074",
            "low": "10.074",
            "close": "10.1"
        },
        {
            "time": "30.05.2021 04:50",
            "open": "10.1",
            "high": "10.1",
            "low": "10.1",
            "close": "10.117"
        },
        {
            "time": "30.05.2021 04:51",
            "open": "10.117",
            "high": "10.117",
            "low": "10.117",
            "close": "10.169"
        },
        {
            "time": "30.05.2021 04:59",
            "open": "10.169",
            "high": "10.177",
            "low": "10.169",
            "close": "10.2"
        },
        {
            "time": "30.05.2021 05:02",
            "open": "10.2",
            "high": "10.2",
            "low": "10.177",
            "close": "10.189"
        },
        {
            "time": "30.05.2021 05:07",
            "open": "10.189",
            "high": "10.189",
            "low": "10.189",
            "close": "10.206"
        },
        {
            "time": "30.05.2021 05:12",
            "open": "10.206",
            "high": "10.206",
            "low": "10.206",
            "close": "10.215"
        },
        {
            "time": "30.05.2021 05:25",
            "open": "10.215",
            "high": "10.215",
            "low": "10.198",
            "close": "10.191"
        },
        {
            "time": "30.05.2021 05:26",
            "open": "10.191",
            "high": "10.191",
            "low": "10.191",
            "close": "10.18"
        },
        {
            "time": "30.05.2021 05:27",
            "open": "10.18",
            "high": "10.18",
            "low": "10.171",
            "close": "10.109"
        },
        {
            "time": "30.05.2021 05:30",
            "open": "10.109",
            "high": "10.109",
            "low": "10.109",
            "close": "10.12"
        },
        {
            "time": "30.05.2021 05:34",
            "open": "10.12",
            "high": "10.121",
            "low": "10.12",
            "close": "10.125"
        },
        {
            "time": "30.05.2021 05:35",
            "open": "10.125",
            "high": "10.125",
            "low": "10.125",
            "close": "10.119"
        },
        {
            "time": "30.05.2021 05:38",
            "open": "10.119",
            "high": "10.125",
            "low": "10.119",
            "close": "10.215"
        },
        {
            "time": "30.05.2021 05:54",
            "open": "10.215",
            "high": "10.215",
            "low": "10.215",
            "close": "10.17"
        },
        {
            "time": "30.05.2021 05:56",
            "open": "10.17",
            "high": "10.17",
            "low": "10.156",
            "close": "10.181"
        },
        {
            "time": "30.05.2021 05:57",
            "open": "10.181",
            "high": "10.181",
            "low": "10.181",
            "close": "10.182"
        },
        {
            "time": "30.05.2021 05:59",
            "open": "10.182",
            "high": "10.193",
            "low": "10.182",
            "close": "10.236"
        },
        {
            "time": "30.05.2021 06:11",
            "open": "10.236",
            "high": "10.236",
            "low": "10.236",
            "close": "10.219"
        },
        {
            "time": "30.05.2021 06:31",
            "open": "10.219",
            "high": "10.271",
            "low": "10.219",
            "close": "10.3"
        },
        {
            "time": "30.05.2021 06:32",
            "open": "10.3",
            "high": "10.3",
            "low": "10.3",
            "close": "10.339"
        },
        {
            "time": "30.05.2021 06:33",
            "open": "10.339",
            "high": "10.339",
            "low": "10.339",
            "close": "10.288"
        },
        {
            "time": "30.05.2021 06:37",
            "open": "10.288",
            "high": "10.292",
            "low": "10.288",
            "close": "10.219"
        },
        {
            "time": "30.05.2021 06:40",
            "open": "10.219",
            "high": "10.219",
            "low": "10.219",
            "close": "10.261"
        },
        {
            "time": "30.05.2021 07:06",
            "open": "10.261",
            "high": "10.263",
            "low": "10.261",
            "close": "10.261"
        },
        {
            "time": "30.05.2021 07:07",
            "open": "10.261",
            "high": "10.266",
            "low": "10.261",
            "close": "10.322"
        },
        {
            "time": "30.05.2021 07:11",
            "open": "10.322",
            "high": "10.327",
            "low": "10.322",
            "close": "10.306"
        },
        {
            "time": "30.05.2021 07:18",
            "open": "10.306",
            "high": "10.306",
            "low": "10.301",
            "close": "10.317"
        },
        {
            "time": "30.05.2021 07:25",
            "open": "10.317",
            "high": "10.365",
            "low": "10.317",
            "close": "10.368"
        },
        {
            "time": "30.05.2021 07:26",
            "open": "10.368",
            "high": "10.373",
            "low": "10.368",
            "close": "10.4"
        },
        {
            "time": "30.05.2021 07:46",
            "open": "10.4",
            "high": "10.431",
            "low": "10.4",
            "close": "10.474"
        },
        {
            "time": "30.05.2021 07:56",
            "open": "10.474",
            "high": "10.5",
            "low": "10.474",
            "close": "10.499"
        },
        {
            "time": "30.05.2021 07:57",
            "open": "10.499",
            "high": "10.499",
            "low": "10.499",
            "close": "10.5"
        },
        {
            "time": "30.05.2021 08:00",
            "open": "10.5",
            "high": "10.5",
            "low": "10.5",
            "close": "10.5"
        },
        {
            "time": "30.05.2021 08:01",
            "open": "10.5",
            "high": "10.5",
            "low": "10.5",
            "close": "10.5"
        },
        {
            "time": "30.05.2021 08:02",
            "open": "10.5",
            "high": "10.5",
            "low": "10.5",
            "close": "10.55"
        },
        {
            "time": "30.05.2021 08:03",
            "open": "10.55",
            "high": "10.611",
            "low": "10.55",
            "close": "10.598"
        },
        {
            "time": "30.05.2021 08:05",
            "open": "10.598",
            "high": "10.598",
            "low": "10.598",
            "close": "10.598"
        },
        {
            "time": "30.05.2021 08:13",
            "open": "10.598",
            "high": "10.598",
            "low": "10.501",
            "close": "10.495"
        },
        {
            "time": "30.05.2021 08:15",
            "open": "10.495",
            "high": "10.506",
            "low": "10.495",
            "close": "10.511"
        },
        {
            "time": "30.05.2021 08:16",
            "open": "10.511",
            "high": "10.511",
            "low": "10.511",
            "close": "10.517"
        },
        {
            "time": "30.05.2021 08:19",
            "open": "10.517",
            "high": "10.517",
            "low": "10.517",
            "close": "10.568"
        },
        {
            "time": "30.05.2021 08:20",
            "open": "10.568",
            "high": "10.568",
            "low": "10.563",
            "close": "10.545"
        },
        {
            "time": "30.05.2021 08:21",
            "open": "10.545",
            "high": "10.611",
            "low": "10.545",
            "close": "10.656"
        },
        {
            "time": "30.05.2021 08:22",
            "open": "10.656",
            "high": "10.656",
            "low": "10.656",
            "close": "10.659"
        },
        {
            "time": "30.05.2021 08:29",
            "open": "10.659",
            "high": "10.662",
            "low": "10.659",
            "close": "10.607"
        },
        {
            "time": "30.05.2021 08:31",
            "open": "10.607",
            "high": "10.612",
            "low": "10.532",
            "close": "10.532"
        },
        {
            "time": "30.05.2021 08:32",
            "open": "10.532",
            "high": "10.532",
            "low": "10.449",
            "close": "10.455"
        },
        {
            "time": "30.05.2021 08:36",
            "open": "10.455",
            "high": "10.456",
            "low": "10.455",
            "close": "10.526"
        },
        {
            "time": "30.05.2021 08:40",
            "open": "10.526",
            "high": "10.526",
            "low": "10.526",
            "close": "10.582"
        },
        {
            "time": "30.05.2021 08:47",
            "open": "10.582",
            "high": "10.582",
            "low": "10.582",
            "close": "10.605"
        },
        {
            "time": "30.05.2021 08:48",
            "open": "10.605",
            "high": "10.61",
            "low": "10.605",
            "close": "10.607"
        },
        {
            "time": "30.05.2021 08:52",
            "open": "10.607",
            "high": "10.607",
            "low": "10.607",
            "close": "10.684"
        },
        {
            "time": "30.05.2021 09:02",
            "open": "10.684",
            "high": "10.695",
            "low": "10.673",
            "close": "10.673"
        },
        {
            "time": "30.05.2021 09:04",
            "open": "10.673",
            "high": "10.695",
            "low": "10.671",
            "close": "10.663"
        },
        {
            "time": "30.05.2021 09:07",
            "open": "10.663",
            "high": "10.663",
            "low": "10.63",
            "close": "10.65"
        },
        {
            "time": "30.05.2021 09:09",
            "open": "10.65",
            "high": "10.652",
            "low": "10.65",
            "close": "10.673"
        },
        {
            "time": "30.05.2021 09:12",
            "open": "10.673",
            "high": "10.68",
            "low": "10.673",
            "close": "10.676"
        },
        {
            "time": "30.05.2021 09:15",
            "open": "10.676",
            "high": "10.676",
            "low": "10.615",
            "close": "10.675"
        },
        {
            "time": "30.05.2021 09:16",
            "open": "10.675",
            "high": "10.748",
            "low": "10.675",
            "close": "10.683"
        },
        {
            "time": "30.05.2021 09:25",
            "open": "10.683",
            "high": "10.683",
            "low": "10.673",
            "close": "10.661"
        },
        {
            "time": "30.05.2021 09:30",
            "open": "10.661",
            "high": "10.661",
            "low": "10.661",
            "close": "10.628"
        },
        {
            "time": "30.05.2021 09:31",
            "open": "10.628",
            "high": "10.702",
            "low": "10.628",
            "close": "10.749"
        },
        {
            "time": "30.05.2021 09:34",
            "open": "10.749",
            "high": "10.774",
            "low": "10.749",
            "close": "10.75"
        },
        {
            "time": "30.05.2021 09:36",
            "open": "10.75",
            "high": "10.75",
            "low": "10.75",
            "close": "10.79"
        },
        {
            "time": "30.05.2021 09:37",
            "open": "10.79",
            "high": "10.79",
            "low": "10.79",
            "close": "10.795"
        },
        {
            "time": "30.05.2021 09:38",
            "open": "10.795",
            "high": "10.808",
            "low": "10.795",
            "close": "10.808"
        },
        {
            "time": "30.05.2021 09:40",
            "open": "10.808",
            "high": "10.808",
            "low": "10.808",
            "close": "10.805"
        },
        {
            "time": "30.05.2021 09:49",
            "open": "10.805",
            "high": "10.861",
            "low": "10.805",
            "close": "10.805"
        },
        {
            "time": "30.05.2021 09:52",
            "open": "10.805",
            "high": "10.805",
            "low": "10.805",
            "close": "10.8"
        },
        {
            "time": "30.05.2021 09:58",
            "open": "10.8",
            "high": "10.807",
            "low": "10.794",
            "close": "10.856"
        },
        {
            "time": "30.05.2021 10:02",
            "open": "10.856",
            "high": "10.861",
            "low": "10.856",
            "close": "10.804"
        },
        {
            "time": "30.05.2021 10:04",
            "open": "10.804",
            "high": "10.804",
            "low": "10.791",
            "close": "10.783"
        },
        {
            "time": "30.05.2021 10:05",
            "open": "10.783",
            "high": "10.783",
            "low": "10.783",
            "close": "10.722"
        },
        {
            "time": "30.05.2021 10:06",
            "open": "10.722",
            "high": "10.733",
            "low": "10.722",
            "close": "10.76"
        },
        {
            "time": "30.05.2021 10:17",
            "open": "10.76",
            "high": "10.76",
            "low": "10.76",
            "close": "10.745"
        },
        {
            "time": "30.05.2021 10:19",
            "open": "10.745",
            "high": "10.752",
            "low": "10.745",
            "close": "10.702"
        },
        {
            "time": "30.05.2021 10:21",
            "open": "10.702",
            "high": "10.702",
            "low": "10.702",
            "close": "10.697"
        },
        {
            "time": "30.05.2021 10:23",
            "open": "10.697",
            "high": "10.713",
            "low": "10.697",
            "close": "10.696"
        },
        {
            "time": "30.05.2021 10:28",
            "open": "10.696",
            "high": "10.696",
            "low": "10.696",
            "close": "10.696"
        },
        {
            "time": "30.05.2021 10:32",
            "open": "10.696",
            "high": "10.734",
            "low": "10.696",
            "close": "10.708"
        },
        {
            "time": "30.05.2021 10:38",
            "open": "10.708",
            "high": "10.708",
            "low": "10.708",
            "close": "10.694"
        },
        {
            "time": "30.05.2021 10:41",
            "open": "10.694",
            "high": "10.694",
            "low": "10.694",
            "close": "10.689"
        },
        {
            "time": "30.05.2021 10:44",
            "open": "10.689",
            "high": "10.689",
            "low": "10.686",
            "close": "10.682"
        },
        {
            "time": "30.05.2021 10:46",
            "open": "10.682",
            "high": "10.682",
            "low": "10.682",
            "close": "10.652"
        },
        {
            "time": "30.05.2021 10:47",
            "open": "10.652",
            "high": "10.652",
            "low": "10.652",
            "close": "10.638"
        },
        {
            "time": "30.05.2021 10:49",
            "open": "10.638",
            "high": "10.638",
            "low": "10.638",
            "close": "10.623"
        },
        {
            "time": "30.05.2021 10:50",
            "open": "10.623",
            "high": "10.641",
            "low": "10.623",
            "close": "10.646"
        },
        {
            "time": "30.05.2021 10:55",
            "open": "10.646",
            "high": "10.646",
            "low": "10.646",
            "close": "10.602"
        },
        {
            "time": "30.05.2021 10:58",
            "open": "10.602",
            "high": "10.602",
            "low": "10.579",
            "close": "10.516"
        },
        {
            "time": "30.05.2021 11:00",
            "open": "10.516",
            "high": "10.516",
            "low": "10.516",
            "close": "10.631"
        },
        {
            "time": "30.05.2021 11:05",
            "open": "10.631",
            "high": "10.631",
            "low": "10.631",
            "close": "10.594"
        },
        {
            "time": "30.05.2021 11:08",
            "open": "10.594",
            "high": "10.594",
            "low": "10.581",
            "close": "10.626"
        },
        {
            "time": "30.05.2021 11:09",
            "open": "10.626",
            "high": "10.629",
            "low": "10.626",
            "close": "10.661"
        },
        {
            "time": "30.05.2021 11:27",
            "open": "10.661",
            "high": "10.661",
            "low": "10.661",
            "close": "10.666"
        },
        {
            "time": "30.05.2021 11:28",
            "open": "10.666",
            "high": "10.666",
            "low": "10.662",
            "close": "10.68"
        },
        {
            "time": "30.05.2021 11:31",
            "open": "10.68",
            "high": "10.683",
            "low": "10.68",
            "close": "10.645"
        },
        {
            "time": "30.05.2021 11:40",
            "open": "10.645",
            "high": "10.646",
            "low": "10.645",
            "close": "10.656"
        },
        {
            "time": "30.05.2021 11:44",
            "open": "10.656",
            "high": "10.656",
            "low": "10.656",
            "close": "10.628"
        },
        {
            "time": "30.05.2021 11:49",
            "open": "10.628",
            "high": "10.628",
            "low": "10.628",
            "close": "10.685"
        },
        {
            "time": "30.05.2021 11:51",
            "open": "10.685",
            "high": "10.775",
            "low": "10.685",
            "close": "10.762"
        },
        {
            "time": "30.05.2021 11:52",
            "open": "10.762",
            "high": "10.785",
            "low": "10.762",
            "close": "10.785"
        },
        {
            "time": "30.05.2021 12:00",
            "open": "10.785",
            "high": "10.785",
            "low": "10.785",
            "close": "10.791"
        },
        {
            "time": "30.05.2021 12:02",
            "open": "10.791",
            "high": "10.796",
            "low": "10.791",
            "close": "10.807"
        },
        {
            "time": "30.05.2021 12:03",
            "open": "10.807",
            "high": "10.807",
            "low": "10.807",
            "close": "10.793"
        },
        {
            "time": "30.05.2021 12:13",
            "open": "10.793",
            "high": "10.793",
            "low": "10.788",
            "close": "10.79"
        },
        {
            "time": "30.05.2021 12:14",
            "open": "10.79",
            "high": "10.79",
            "low": "10.715",
            "close": "10.751"
        },
        {
            "time": "30.05.2021 12:16",
            "open": "10.751",
            "high": "10.752",
            "low": "10.751",
            "close": "10.768"
        },
        {
            "time": "30.05.2021 12:21",
            "open": "10.768",
            "high": "10.768",
            "low": "10.768",
            "close": "10.774"
        },
        {
            "time": "30.05.2021 12:22",
            "open": "10.774",
            "high": "10.774",
            "low": "10.772",
            "close": "10.754"
        },
        {
            "time": "30.05.2021 12:24",
            "open": "10.754",
            "high": "10.754",
            "low": "10.754",
            "close": "10.777"
        },
        {
            "time": "30.05.2021 12:28",
            "open": "10.777",
            "high": "10.777",
            "low": "10.777",
            "close": "10.792"
        },
        {
            "time": "30.05.2021 12:39",
            "open": "10.792",
            "high": "10.792",
            "low": "10.792",
            "close": "10.775"
        },
        {
            "time": "30.05.2021 12:43",
            "open": "10.775",
            "high": "10.775",
            "low": "10.775",
            "close": "10.786"
        },
        {
            "time": "30.05.2021 12:52",
            "open": "10.786",
            "high": "10.791",
            "low": "10.786",
            "close": "10.755"
        },
        {
            "time": "30.05.2021 13:03",
            "open": "10.755",
            "high": "10.755",
            "low": "10.755",
            "close": "10.777"
        },
        {
            "time": "30.05.2021 13:10",
            "open": "10.777",
            "high": "10.777",
            "low": "10.777",
            "close": "10.745"
        },
        {
            "time": "30.05.2021 13:20",
            "open": "10.745",
            "high": "10.745",
            "low": "10.694",
            "close": "10.695"
        },
        {
            "time": "30.05.2021 13:21",
            "open": "10.695",
            "high": "10.695",
            "low": "10.689",
            "close": "10.698"
        },
        {
            "time": "30.05.2021 13:25",
            "open": "10.698",
            "high": "10.698",
            "low": "10.698",
            "close": "10.682"
        },
        {
            "time": "30.05.2021 13:31",
            "open": "10.682",
            "high": "10.691",
            "low": "10.679",
            "close": "10.68"
        },
        {
            "time": "30.05.2021 13:37",
            "open": "10.68",
            "high": "10.692",
            "low": "10.68",
            "close": "10.692"
        },
        {
            "time": "30.05.2021 13:38",
            "open": "10.692",
            "high": "10.694",
            "low": "10.691",
            "close": "10.774"
        },
        {
            "time": "30.05.2021 13:39",
            "open": "10.774",
            "high": "10.774",
            "low": "10.774",
            "close": "10.714"
        },
        {
            "time": "30.05.2021 13:42",
            "open": "10.714",
            "high": "10.715",
            "low": "10.708",
            "close": "10.708"
        },
        {
            "time": "30.05.2021 13:43",
            "open": "10.708",
            "high": "10.708",
            "low": "10.708",
            "close": "10.653"
        },
        {
            "time": "30.05.2021 13:45",
            "open": "10.653",
            "high": "10.653",
            "low": "10.644",
            "close": "10.705"
        },
        {
            "time": "30.05.2021 13:47",
            "open": "10.705",
            "high": "10.706",
            "low": "10.701",
            "close": "10.701"
        },
        {
            "time": "30.05.2021 13:48",
            "open": "10.701",
            "high": "10.706",
            "low": "10.701",
            "close": "10.708"
        },
        {
            "time": "30.05.2021 13:50",
            "open": "10.708",
            "high": "10.708",
            "low": "10.708",
            "close": "10.765"
        },
        {
            "time": "30.05.2021 13:51",
            "open": "10.765",
            "high": "10.765",
            "low": "10.765",
            "close": "10.789"
        },
        {
            "time": "30.05.2021 13:52",
            "open": "10.789",
            "high": "10.792",
            "low": "10.789",
            "close": "10.792"
        },
        {
            "time": "30.05.2021 13:53",
            "open": "10.792",
            "high": "10.806",
            "low": "10.792",
            "close": "10.794"
        },
        {
            "time": "30.05.2021 13:55",
            "open": "10.794",
            "high": "10.794",
            "low": "10.794",
            "close": "10.817"
        },
        {
            "time": "30.05.2021 13:57",
            "open": "10.817",
            "high": "10.837",
            "low": "10.817",
            "close": "10.839"
        },
        {
            "time": "30.05.2021 13:59",
            "open": "10.839",
            "high": "10.849",
            "low": "10.839",
            "close": "10.858"
        },
        {
            "time": "30.05.2021 14:00",
            "open": "10.858",
            "high": "10.882",
            "low": "10.858",
            "close": "10.879"
        },
        {
            "time": "30.05.2021 14:01",
            "open": "10.879",
            "high": "10.879",
            "low": "10.879",
            "close": "10.863"
        },
        {
            "time": "30.05.2021 14:02",
            "open": "10.863",
            "high": "10.863",
            "low": "10.852",
            "close": "10.847"
        },
        {
            "time": "30.05.2021 14:03",
            "open": "10.847",
            "high": "10.868",
            "low": "10.847",
            "close": "10.83"
        },
        {
            "time": "30.05.2021 14:04",
            "open": "10.83",
            "high": "10.83",
            "low": "10.83",
            "close": "10.825"
        },
        {
            "time": "30.05.2021 14:05",
            "open": "10.825",
            "high": "10.825",
            "low": "10.825",
            "close": "10.729"
        },
        {
            "time": "30.05.2021 14:08",
            "open": "10.729",
            "high": "10.729",
            "low": "10.729",
            "close": "10.709"
        },
        {
            "time": "30.05.2021 14:09",
            "open": "10.709",
            "high": "10.709",
            "low": "10.709",
            "close": "10.68"
        },
        {
            "time": "30.05.2021 14:14",
            "open": "10.68",
            "high": "10.68",
            "low": "10.68",
            "close": "10.653"
        },
        {
            "time": "30.05.2021 14:23",
            "open": "10.653",
            "high": "10.653",
            "low": "10.653",
            "close": "10.662"
        },
        {
            "time": "30.05.2021 14:31",
            "open": "10.662",
            "high": "10.662",
            "low": "10.662",
            "close": "10.658"
        },
        {
            "time": "30.05.2021 14:36",
            "open": "10.658",
            "high": "10.658",
            "low": "10.646",
            "close": "10.636"
        },
        {
            "time": "30.05.2021 14:40",
            "open": "10.636",
            "high": "10.636",
            "low": "10.636",
            "close": "10.628"
        },
        {
            "time": "30.05.2021 14:42",
            "open": "10.628",
            "high": "10.628",
            "low": "10.623",
            "close": "10.602"
        },
        {
            "time": "30.05.2021 14:43",
            "open": "10.602",
            "high": "10.602",
            "low": "10.602",
            "close": "10.573"
        },
        {
            "time": "30.05.2021 14:45",
            "open": "10.573",
            "high": "10.587",
            "low": "10.573",
            "close": "10.546"
        },
        {
            "time": "30.05.2021 14:46",
            "open": "10.546",
            "high": "10.571",
            "low": "10.507",
            "close": "10.507"
        },
        {
            "time": "30.05.2021 14:48",
            "open": "10.507",
            "high": "10.507",
            "low": "10.5",
            "close": "10.467"
        },
        {
            "time": "30.05.2021 14:49",
            "open": "10.467",
            "high": "10.467",
            "low": "10.452",
            "close": "10.405"
        },
        {
            "time": "30.05.2021 14:52",
            "open": "10.405",
            "high": "10.405",
            "low": "10.388",
            "close": "10.372"
        },
        {
            "time": "30.05.2021 14:54",
            "open": "10.372",
            "high": "10.372",
            "low": "10.365",
            "close": "10.392"
        },
        {
            "time": "30.05.2021 14:58",
            "open": "10.392",
            "high": "10.393",
            "low": "10.392",
            "close": "10.441"
        },
        {
            "time": "30.05.2021 15:00",
            "open": "10.441",
            "high": "10.441",
            "low": "10.441",
            "close": "10.455"
        },
        {
            "time": "30.05.2021 15:01",
            "open": "10.455",
            "high": "10.467",
            "low": "10.402",
            "close": "10.454"
        },
        {
            "time": "30.05.2021 15:03",
            "open": "10.454",
            "high": "10.454",
            "low": "10.454",
            "close": "10.445"
        },
        {
            "time": "30.05.2021 15:07",
            "open": "10.445",
            "high": "10.445",
            "low": "10.445",
            "close": "10.441"
        },
        {
            "time": "30.05.2021 15:14",
            "open": "10.441",
            "high": "10.441",
            "low": "10.441",
            "close": "10.476"
        },
        {
            "time": "30.05.2021 15:17",
            "open": "10.476",
            "high": "10.572",
            "low": "10.471",
            "close": "10.611"
        },
        {
            "time": "30.05.2021 15:18",
            "open": "10.611",
            "high": "10.615",
            "low": "10.611",
            "close": "10.674"
        },
        {
            "time": "30.05.2021 15:21",
            "open": "10.674",
            "high": "10.679",
            "low": "10.674",
            "close": "10.676"
        },
        {
            "time": "30.05.2021 15:23",
            "open": "10.676",
            "high": "10.676",
            "low": "10.659",
            "close": "10.659"
        },
        {
            "time": "30.05.2021 15:24",
            "open": "10.659",
            "high": "10.659",
            "low": "10.638",
            "close": "10.615"
        },
        {
            "time": "30.05.2021 15:25",
            "open": "10.615",
            "high": "10.615",
            "low": "10.615",
            "close": "10.576"
        },
        {
            "time": "30.05.2021 15:27",
            "open": "10.576",
            "high": "10.576",
            "low": "10.576",
            "close": "10.472"
        },
        {
            "time": "30.05.2021 15:34",
            "open": "10.472",
            "high": "10.472",
            "low": "10.467",
            "close": "10.447"
        },
        {
            "time": "30.05.2021 15:35",
            "open": "10.447",
            "high": "10.447",
            "low": "10.447",
            "close": "10.419"
        },
        {
            "time": "30.05.2021 15:44",
            "open": "10.419",
            "high": "10.42",
            "low": "10.415",
            "close": "10.462"
        },
        {
            "time": "30.05.2021 15:47",
            "open": "10.462",
            "high": "10.498",
            "low": "10.462",
            "close": "10.448"
        },
        {
            "time": "30.05.2021 15:51",
            "open": "10.448",
            "high": "10.448",
            "low": "10.448",
            "close": "10.468"
        },
        {
            "time": "30.05.2021 15:53",
            "open": "10.468",
            "high": "10.468",
            "low": "10.468",
            "close": "10.47"
        },
        {
            "time": "30.05.2021 16:06",
            "open": "10.47",
            "high": "10.47",
            "low": "10.47",
            "close": "10.474"
        },
        {
            "time": "30.05.2021 16:15",
            "open": "10.474",
            "high": "10.474",
            "low": "10.474",
            "close": "10.429"
        },
        {
            "time": "30.05.2021 16:24",
            "open": "10.429",
            "high": "10.494",
            "low": "10.427",
            "close": "10.405"
        },
        {
            "time": "30.05.2021 16:25",
            "open": "10.405",
            "high": "10.405",
            "low": "10.404",
            "close": "10.372"
        },
        {
            "time": "30.05.2021 16:29",
            "open": "10.372",
            "high": "10.372",
            "low": "10.306",
            "close": "10.261"
        },
        {
            "time": "30.05.2021 16:33",
            "open": "10.261",
            "high": "10.261",
            "low": "10.242",
            "close": "10.29"
        },
        {
            "time": "30.05.2021 16:35",
            "open": "10.29",
            "high": "10.294",
            "low": "10.29",
            "close": "10.356"
        },
        {
            "time": "30.05.2021 17:14",
            "open": "10.356",
            "high": "10.356",
            "low": "10.356",
            "close": "10.332"
        },
        {
            "time": "30.05.2021 17:30",
            "open": "10.332",
            "high": "10.332",
            "low": "10.332",
            "close": "10.319"
        },
        {
            "time": "30.05.2021 17:31",
            "open": "10.319",
            "high": "10.319",
            "low": "10.319",
            "close": "10.334"
        },
        {
            "time": "30.05.2021 17:34",
            "open": "10.334",
            "high": "10.336",
            "low": "10.327",
            "close": "10.353"
        },
        {
            "time": "30.05.2021 17:37",
            "open": "10.353",
            "high": "10.353",
            "low": "10.353",
            "close": "10.394"
        },
        {
            "time": "30.05.2021 17:38",
            "open": "10.394",
            "high": "10.394",
            "low": "10.394",
            "close": "10.415"
        },
        {
            "time": "30.05.2021 17:40",
            "open": "10.415",
            "high": "10.415",
            "low": "10.415",
            "close": "10.397"
        },
        {
            "time": "30.05.2021 17:46",
            "open": "10.397",
            "high": "10.397",
            "low": "10.397",
            "close": "10.396"
        },
        {
            "time": "30.05.2021 17:53",
            "open": "10.396",
            "high": "10.396",
            "low": "10.396",
            "close": "10.445"
        },
        {
            "time": "30.05.2021 18:20",
            "open": "10.445",
            "high": "10.475",
            "low": "10.445",
            "close": "10.508"
        },
        {
            "time": "30.05.2021 18:21",
            "open": "10.508",
            "high": "10.555",
            "low": "10.508",
            "close": "10.6"
        },
        {
            "time": "30.05.2021 18:22",
            "open": "10.6",
            "high": "10.611",
            "low": "10.6",
            "close": "10.656"
        },
        {
            "time": "30.05.2021 18:23",
            "open": "10.656",
            "high": "10.656",
            "low": "10.656",
            "close": "10.661"
        },
        {
            "time": "30.05.2021 18:28",
            "open": "10.661",
            "high": "10.661",
            "low": "10.661",
            "close": "10.688"
        },
        {
            "time": "30.05.2021 18:29",
            "open": "10.688",
            "high": "10.697",
            "low": "10.688",
            "close": "10.697"
        },
        {
            "time": "30.05.2021 18:31",
            "open": "10.697",
            "high": "10.697",
            "low": "10.697",
            "close": "10.586"
        },
        {
            "time": "30.05.2021 18:38",
            "open": "10.586",
            "high": "10.587",
            "low": "10.497",
            "close": "10.532"
        },
        {
            "time": "30.05.2021 18:39",
            "open": "10.532",
            "high": "10.532",
            "low": "10.524",
            "close": "10.518"
        },
        {
            "time": "30.05.2021 18:41",
            "open": "10.518",
            "high": "10.518",
            "low": "10.518",
            "close": "10.525"
        },
        {
            "time": "30.05.2021 18:48",
            "open": "10.525",
            "high": "10.525",
            "low": "10.525",
            "close": "10.505"
        },
        {
            "time": "30.05.2021 18:52",
            "open": "10.505",
            "high": "10.505",
            "low": "10.505",
            "close": "10.549"
        },
        {
            "time": "30.05.2021 18:53",
            "open": "10.549",
            "high": "10.551",
            "low": "10.549",
            "close": "10.534"
        },
        {
            "time": "30.05.2021 18:56",
            "open": "10.534",
            "high": "10.534",
            "low": "10.534",
            "close": "10.537"
        },
        {
            "time": "30.05.2021 19:01",
            "open": "10.537",
            "high": "10.537",
            "low": "10.537",
            "close": "10.568"
        },
        {
            "time": "30.05.2021 19:05",
            "open": "10.568",
            "high": "10.568",
            "low": "10.568",
            "close": "10.654"
        },
        {
            "time": "30.05.2021 19:13",
            "open": "10.654",
            "high": "10.654",
            "low": "10.654",
            "close": "10.635"
        },
        {
            "time": "30.05.2021 19:14",
            "open": "10.635",
            "high": "10.635",
            "low": "10.635",
            "close": "10.656"
        },
        {
            "time": "30.05.2021 19:19",
            "open": "10.656",
            "high": "10.656",
            "low": "10.656",
            "close": "10.7"
        },
        {
            "time": "30.05.2021 19:21",
            "open": "10.7",
            "high": "10.728",
            "low": "10.7",
            "close": "10.736"
        },
        {
            "time": "30.05.2021 19:29",
            "open": "10.736",
            "high": "10.736",
            "low": "10.736",
            "close": "10.735"
        },
        {
            "time": "30.05.2021 19:31",
            "open": "10.735",
            "high": "10.735",
            "low": "10.735",
            "close": "10.748"
        },
        {
            "time": "30.05.2021 19:33",
            "open": "10.748",
            "high": "10.748",
            "low": "10.748",
            "close": "10.74"
        },
        {
            "time": "30.05.2021 19:35",
            "open": "10.74",
            "high": "10.749",
            "low": "10.731",
            "close": "10.749"
        },
        {
            "time": "30.05.2021 19:36",
            "open": "10.749",
            "high": "10.76",
            "low": "10.749",
            "close": "10.8"
        },
        {
            "time": "30.05.2021 19:38",
            "open": "10.8",
            "high": "10.8",
            "low": "10.8",
            "close": "10.786"
        },
        {
            "time": "30.05.2021 19:40",
            "open": "10.786",
            "high": "10.786",
            "low": "10.78",
            "close": "10.78"
        },
        {
            "time": "30.05.2021 19:41",
            "open": "10.78",
            "high": "10.78",
            "low": "10.78",
            "close": "10.725"
        },
        {
            "time": "30.05.2021 19:42",
            "open": "10.725",
            "high": "10.725",
            "low": "10.69",
            "close": "10.69"
        },
        {
            "time": "30.05.2021 19:44",
            "open": "10.69",
            "high": "10.69",
            "low": "10.671",
            "close": "10.666"
        },
        {
            "time": "30.05.2021 19:45",
            "open": "10.666",
            "high": "10.666",
            "low": "10.665",
            "close": "10.666"
        },
        {
            "time": "30.05.2021 19:46",
            "open": "10.666",
            "high": "10.667",
            "low": "10.666",
            "close": "10.671"
        },
        {
            "time": "30.05.2021 19:47",
            "open": "10.671",
            "high": "10.703",
            "low": "10.657",
            "close": "10.681"
        },
        {
            "time": "30.05.2021 19:51",
            "open": "10.681",
            "high": "10.681",
            "low": "10.681",
            "close": "10.738"
        },
        {
            "time": "30.05.2021 20:01",
            "open": "10.738",
            "high": "10.738",
            "low": "10.738",
            "close": "10.761"
        },
        {
            "time": "30.05.2021 20:07",
            "open": "10.761",
            "high": "10.761",
            "low": "10.761",
            "close": "10.708"
        },
        {
            "time": "30.05.2021 20:11",
            "open": "10.708",
            "high": "10.708",
            "low": "10.708",
            "close": "10.775"
        },
        {
            "time": "30.05.2021 20:17",
            "open": "10.775",
            "high": "10.867",
            "low": "10.775",
            "close": "10.837"
        },
        {
            "time": "30.05.2021 20:18",
            "open": "10.837",
            "high": "10.882",
            "low": "10.837",
            "close": "10.887"
        },
        {
            "time": "30.05.2021 20:19",
            "open": "10.887",
            "high": "10.889",
            "low": "10.887",
            "close": "10.889"
        },
        {
            "time": "30.05.2021 20:20",
            "open": "10.889",
            "high": "10.889",
            "low": "10.889",
            "close": "10.893"
        },
        {
            "time": "30.05.2021 20:21",
            "open": "10.893",
            "high": "10.893",
            "low": "10.893",
            "close": "10.88"
        },
        {
            "time": "30.05.2021 20:26",
            "open": "10.88",
            "high": "10.88",
            "low": "10.877",
            "close": "10.898"
        },
        {
            "time": "30.05.2021 20:27",
            "open": "10.898",
            "high": "10.898",
            "low": "10.898",
            "close": "10.886"
        },
        {
            "time": "30.05.2021 20:31",
            "open": "10.886",
            "high": "10.886",
            "low": "10.886",
            "close": "10.88"
        },
        {
            "time": "30.05.2021 20:33",
            "open": "10.88",
            "high": "10.937",
            "low": "10.88",
            "close": "10.871"
        },
        {
            "time": "30.05.2021 20:55",
            "open": "10.871",
            "high": "10.871",
            "low": "10.871",
            "close": "10.873"
        },
        {
            "time": "30.05.2021 20:58",
            "open": "10.873",
            "high": "10.873",
            "low": "10.873",
            "close": "10.887"
        },
        {
            "time": "30.05.2021 21:00",
            "open": "10.887",
            "high": "10.887",
            "low": "10.887",
            "close": "10.882"
        },
        {
            "time": "30.05.2021 21:05",
            "open": "10.882",
            "high": "10.882",
            "low": "10.882",
            "close": "10.871"
        },
        {
            "time": "30.05.2021 21:07",
            "open": "10.871",
            "high": "10.871",
            "low": "10.871",
            "close": "10.872"
        },
        {
            "time": "30.05.2021 21:15",
            "open": "10.872",
            "high": "10.872",
            "low": "10.872",
            "close": "10.865"
        },
        {
            "time": "30.05.2021 21:17",
            "open": "10.865",
            "high": "10.865",
            "low": "10.865",
            "close": "10.865"
        },
        {
            "time": "30.05.2021 21:18",
            "open": "10.865",
            "high": "10.865",
            "low": "10.838",
            "close": "10.842"
        },
        {
            "time": "30.05.2021 21:19",
            "open": "10.842",
            "high": "10.846",
            "low": "10.8",
            "close": "10.794"
        },
        {
            "time": "30.05.2021 21:20",
            "open": "10.794",
            "high": "10.794",
            "low": "10.772",
            "close": "10.758"
        },
        {
            "time": "30.05.2021 21:22",
            "open": "10.758",
            "high": "10.758",
            "low": "10.757",
            "close": "10.773"
        },
        {
            "time": "30.05.2021 21:25",
            "open": "10.773",
            "high": "10.773",
            "low": "10.773",
            "close": "10.777"
        },
        {
            "time": "30.05.2021 21:31",
            "open": "10.777",
            "high": "10.777",
            "low": "10.777",
            "close": "10.798"
        },
        {
            "time": "30.05.2021 21:33",
            "open": "10.798",
            "high": "10.798",
            "low": "10.798",
            "close": "10.794"
        },
        {
            "time": "30.05.2021 21:38",
            "open": "10.794",
            "high": "10.794",
            "low": "10.794",
            "close": "10.865"
        },
        {
            "time": "30.05.2021 21:47",
            "open": "10.865",
            "high": "10.919",
            "low": "10.865",
            "close": "10.872"
        },
        {
            "time": "30.05.2021 21:48",
            "open": "10.872",
            "high": "11.032",
            "low": "10.872",
            "close": "10.933"
        },
        {
            "time": "30.05.2021 21:49",
            "open": "10.933",
            "high": "10.998",
            "low": "10.933",
            "close": "10.962"
        },
        {
            "time": "30.05.2021 21:50",
            "open": "10.962",
            "high": "10.966",
            "low": "10.898",
            "close": "10.906"
        },
        {
            "time": "30.05.2021 21:51",
            "open": "10.906",
            "high": "10.906",
            "low": "10.86",
            "close": "10.811"
        },
        {
            "time": "30.05.2021 21:52",
            "open": "10.811",
            "high": "10.832",
            "low": "10.81",
            "close": "10.814"
        },
        {
            "time": "30.05.2021 21:58",
            "open": "10.814",
            "high": "10.814",
            "low": "10.801",
            "close": "10.756"
        },
        {
            "time": "30.05.2021 22:02",
            "open": "10.756",
            "high": "10.756",
            "low": "10.743",
            "close": "10.705"
        },
        {
            "time": "30.05.2021 22:03",
            "open": "10.705",
            "high": "10.725",
            "low": "10.7",
            "close": "10.681"
        },
        {
            "time": "30.05.2021 22:07",
            "open": "10.681",
            "high": "10.681",
            "low": "10.681",
            "close": "10.679"
        },
        {
            "time": "30.05.2021 22:08",
            "open": "10.679",
            "high": "10.679",
            "low": "10.679",
            "close": "10.648"
        },
        {
            "time": "30.05.2021 22:10",
            "open": "10.648",
            "high": "10.648",
            "low": "10.648",
            "close": "10.663"
        },
        {
            "time": "30.05.2021 22:14",
            "open": "10.663",
            "high": "10.67",
            "low": "10.663",
            "close": "10.681"
        },
        {
            "time": "30.05.2021 22:16",
            "open": "10.681",
            "high": "10.72",
            "low": "10.681",
            "close": "10.749"
        },
        {
            "time": "30.05.2021 22:17",
            "open": "10.749",
            "high": "10.753",
            "low": "10.749",
            "close": "10.743"
        },
        {
            "time": "30.05.2021 22:18",
            "open": "10.743",
            "high": "10.743",
            "low": "10.743",
            "close": "10.726"
        },
        {
            "time": "30.05.2021 22:21",
            "open": "10.726",
            "high": "10.726",
            "low": "10.726",
            "close": "10.72"
        },
        {
            "time": "30.05.2021 22:25",
            "open": "10.72",
            "high": "10.72",
            "low": "10.72",
            "close": "10.725"
        },
        {
            "time": "30.05.2021 22:26",
            "open": "10.725",
            "high": "10.725",
            "low": "10.725",
            "close": "10.706"
        },
        {
            "time": "30.05.2021 22:29",
            "open": "10.706",
            "high": "10.706",
            "low": "10.706",
            "close": "10.672"
        },
        {
            "time": "30.05.2021 22:36",
            "open": "10.672",
            "high": "10.672",
            "low": "10.672",
            "close": "10.656"
        },
        {
            "time": "30.05.2021 22:41",
            "open": "10.656",
            "high": "10.656",
            "low": "10.656",
            "close": "10.644"
        },
        {
            "time": "30.05.2021 22:44",
            "open": "10.644",
            "high": "10.644",
            "low": "10.644",
            "close": "10.644"
        },
        {
            "time": "30.05.2021 22:47",
            "open": "10.644",
            "high": "10.644",
            "low": "10.644",
            "close": "10.607"
        },
        {
            "time": "30.05.2021 22:48",
            "open": "10.607",
            "high": "10.607",
            "low": "10.607",
            "close": "10.602"
        },
        {
            "time": "30.05.2021 22:49",
            "open": "10.602",
            "high": "10.602",
            "low": "10.602",
            "close": "10.673"
        },
        {
            "time": "30.05.2021 22:53",
            "open": "10.673",
            "high": "10.727",
            "low": "10.673",
            "close": "10.65"
        },
        {
            "time": "30.05.2021 23:00",
            "open": "10.65",
            "high": "10.65",
            "low": "10.625",
            "close": "10.645"
        },
        {
            "time": "30.05.2021 23:05",
            "open": "10.645",
            "high": "10.65",
            "low": "10.645",
            "close": "10.65"
        },
        {
            "time": "30.05.2021 23:09",
            "open": "10.65",
            "high": "10.658",
            "low": "10.65",
            "close": "10.647"
        },
        {
            "time": "30.05.2021 23:32",
            "open": "10.647",
            "high": "10.647",
            "low": "10.642",
            "close": "10.664"
        }
    ]
}