{
    "UMA-EUR": [
        {
            "time": "08.07.2021 23:54",
            "open": "7.739",
            "high": "7.739",
            "low": "7.739",
            "close": "7.739"
        },
        {
            "time": "09.07.2021 00:00",
            "open": "7.739",
            "high": "7.739",
            "low": "7.739",
            "close": "7.736"
        },
        {
            "time": "09.07.2021 00:02",
            "open": "7.736",
            "high": "7.736",
            "low": "7.736",
            "close": "7.736"
        },
        {
            "time": "09.07.2021 00:05",
            "open": "7.736",
            "high": "7.736",
            "low": "7.735",
            "close": "7.735"
        },
        {
            "time": "09.07.2021 00:07",
            "open": "7.735",
            "high": "7.735",
            "low": "7.735",
            "close": "7.735"
        },
        {
            "time": "09.07.2021 00:10",
            "open": "7.735",
            "high": "7.735",
            "low": "7.735",
            "close": "7.724"
        },
        {
            "time": "09.07.2021 00:13",
            "open": "7.724",
            "high": "7.724",
            "low": "7.717",
            "close": "7.729"
        },
        {
            "time": "09.07.2021 00:29",
            "open": "7.729",
            "high": "7.729",
            "low": "7.729",
            "close": "7.73"
        },
        {
            "time": "09.07.2021 00:30",
            "open": "7.73",
            "high": "7.732",
            "low": "7.73",
            "close": "7.735"
        },
        {
            "time": "09.07.2021 00:35",
            "open": "7.735",
            "high": "7.735",
            "low": "7.735",
            "close": "7.755"
        },
        {
            "time": "09.07.2021 00:51",
            "open": "7.755",
            "high": "7.755",
            "low": "7.755",
            "close": "7.759"
        },
        {
            "time": "09.07.2021 01:01",
            "open": "7.759",
            "high": "7.759",
            "low": "7.759",
            "close": "7.784"
        },
        {
            "time": "09.07.2021 01:19",
            "open": "7.784",
            "high": "7.784",
            "low": "7.784",
            "close": "7.846"
        },
        {
            "time": "09.07.2021 01:25",
            "open": "7.846",
            "high": "7.851",
            "low": "7.846",
            "close": "7.875"
        },
        {
            "time": "09.07.2021 01:31",
            "open": "7.875",
            "high": "7.875",
            "low": "7.875",
            "close": "7.9"
        },
        {
            "time": "09.07.2021 01:33",
            "open": "7.9",
            "high": "7.9",
            "low": "7.9",
            "close": "7.916"
        },
        {
            "time": "09.07.2021 01:34",
            "open": "7.916",
            "high": "7.922",
            "low": "7.916",
            "close": "7.935"
        },
        {
            "time": "09.07.2021 01:36",
            "open": "7.935",
            "high": "7.935",
            "low": "7.909",
            "close": "7.891"
        },
        {
            "time": "09.07.2021 01:47",
            "open": "7.891",
            "high": "7.891",
            "low": "7.891",
            "close": "7.881"
        },
        {
            "time": "09.07.2021 02:01",
            "open": "7.881",
            "high": "7.881",
            "low": "7.879",
            "close": "7.879"
        },
        {
            "time": "09.07.2021 02:02",
            "open": "7.879",
            "high": "7.879",
            "low": "7.879",
            "close": "7.863"
        },
        {
            "time": "09.07.2021 02:03",
            "open": "7.863",
            "high": "7.863",
            "low": "7.863",
            "close": "7.839"
        },
        {
            "time": "09.07.2021 02:16",
            "open": "7.839",
            "high": "7.839",
            "low": "7.839",
            "close": "7.847"
        },
        {
            "time": "09.07.2021 02:17",
            "open": "7.847",
            "high": "7.847",
            "low": "7.847",
            "close": "7.783"
        },
        {
            "time": "09.07.2021 02:32",
            "open": "7.783",
            "high": "7.783",
            "low": "7.783",
            "close": "7.792"
        },
        {
            "time": "09.07.2021 02:33",
            "open": "7.792",
            "high": "7.792",
            "low": "7.792",
            "close": "7.767"
        },
        {
            "time": "09.07.2021 02:40",
            "open": "7.767",
            "high": "7.767",
            "low": "7.733",
            "close": "7.721"
        },
        {
            "time": "09.07.2021 02:44",
            "open": "7.721",
            "high": "7.721",
            "low": "7.721",
            "close": "7.7"
        },
        {
            "time": "09.07.2021 02:47",
            "open": "7.7",
            "high": "7.7",
            "low": "7.696",
            "close": "7.694"
        },
        {
            "time": "09.07.2021 02:48",
            "open": "7.694",
            "high": "7.694",
            "low": "7.689",
            "close": "7.688"
        },
        {
            "time": "09.07.2021 02:49",
            "open": "7.688",
            "high": "7.688",
            "low": "7.688",
            "close": "7.689"
        },
        {
            "time": "09.07.2021 02:51",
            "open": "7.689",
            "high": "7.732",
            "low": "7.689",
            "close": "7.679"
        },
        {
            "time": "09.07.2021 02:55",
            "open": "7.679",
            "high": "7.679",
            "low": "7.673",
            "close": "7.686"
        },
        {
            "time": "09.07.2021 03:01",
            "open": "7.686",
            "high": "7.694",
            "low": "7.685",
            "close": "7.697"
        },
        {
            "time": "09.07.2021 03:02",
            "open": "7.697",
            "high": "7.726",
            "low": "7.697",
            "close": "7.69"
        },
        {
            "time": "09.07.2021 03:07",
            "open": "7.69",
            "high": "7.726",
            "low": "7.69",
            "close": "7.732"
        },
        {
            "time": "09.07.2021 03:10",
            "open": "7.732",
            "high": "7.745",
            "low": "7.717",
            "close": "7.673"
        },
        {
            "time": "09.07.2021 03:11",
            "open": "7.673",
            "high": "7.673",
            "low": "7.673",
            "close": "7.63"
        },
        {
            "time": "09.07.2021 03:12",
            "open": "7.63",
            "high": "7.631",
            "low": "7.6",
            "close": "7.616"
        },
        {
            "time": "09.07.2021 03:14",
            "open": "7.616",
            "high": "7.636",
            "low": "7.615",
            "close": "7.69"
        },
        {
            "time": "09.07.2021 03:18",
            "open": "7.69",
            "high": "7.69",
            "low": "7.646",
            "close": "7.655"
        },
        {
            "time": "09.07.2021 03:19",
            "open": "7.655",
            "high": "7.655",
            "low": "7.651",
            "close": "7.6"
        },
        {
            "time": "09.07.2021 03:20",
            "open": "7.6",
            "high": "7.6",
            "low": "7.58",
            "close": "7.657"
        },
        {
            "time": "09.07.2021 03:36",
            "open": "7.657",
            "high": "7.662",
            "low": "7.657",
            "close": "7.651"
        },
        {
            "time": "09.07.2021 03:39",
            "open": "7.651",
            "high": "7.651",
            "low": "7.651",
            "close": "7.649"
        },
        {
            "time": "09.07.2021 04:00",
            "open": "7.649",
            "high": "7.649",
            "low": "7.649",
            "close": "7.7"
        },
        {
            "time": "09.07.2021 04:27",
            "open": "7.7",
            "high": "7.7",
            "low": "7.7",
            "close": "7.708"
        },
        {
            "time": "09.07.2021 04:30",
            "open": "7.708",
            "high": "7.708",
            "low": "7.708",
            "close": "7.713"
        },
        {
            "time": "09.07.2021 04:33",
            "open": "7.713",
            "high": "7.713",
            "low": "7.713",
            "close": "7.702"
        },
        {
            "time": "09.07.2021 04:35",
            "open": "7.702",
            "high": "7.702",
            "low": "7.702",
            "close": "7.72"
        },
        {
            "time": "09.07.2021 04:46",
            "open": "7.72",
            "high": "7.75",
            "low": "7.72",
            "close": "7.76"
        },
        {
            "time": "09.07.2021 04:49",
            "open": "7.76",
            "high": "7.76",
            "low": "7.76",
            "close": "7.77"
        },
        {
            "time": "09.07.2021 04:50",
            "open": "7.77",
            "high": "7.78",
            "low": "7.77",
            "close": "7.79"
        },
        {
            "time": "09.07.2021 04:51",
            "open": "7.79",
            "high": "7.8",
            "low": "7.79",
            "close": "7.81"
        },
        {
            "time": "09.07.2021 04:54",
            "open": "7.81",
            "high": "7.81",
            "low": "7.81",
            "close": "7.82"
        },
        {
            "time": "09.07.2021 04:55",
            "open": "7.82",
            "high": "7.83",
            "low": "7.82",
            "close": "7.84"
        },
        {
            "time": "09.07.2021 04:57",
            "open": "7.84",
            "high": "7.84",
            "low": "7.84",
            "close": "7.831"
        },
        {
            "time": "09.07.2021 05:00",
            "open": "7.831",
            "high": "7.831",
            "low": "7.829",
            "close": "7.829"
        },
        {
            "time": "09.07.2021 05:01",
            "open": "7.829",
            "high": "7.829",
            "low": "7.829",
            "close": "7.829"
        },
        {
            "time": "09.07.2021 05:02",
            "open": "7.829",
            "high": "7.829",
            "low": "7.804",
            "close": "7.806"
        },
        {
            "time": "09.07.2021 05:03",
            "open": "7.806",
            "high": "7.809",
            "low": "7.806",
            "close": "7.821"
        },
        {
            "time": "09.07.2021 05:07",
            "open": "7.821",
            "high": "7.821",
            "low": "7.821",
            "close": "7.819"
        },
        {
            "time": "09.07.2021 05:08",
            "open": "7.819",
            "high": "7.854",
            "low": "7.807",
            "close": "7.804"
        },
        {
            "time": "09.07.2021 05:13",
            "open": "7.804",
            "high": "7.804",
            "low": "7.804",
            "close": "7.794"
        },
        {
            "time": "09.07.2021 05:31",
            "open": "7.794",
            "high": "7.794",
            "low": "7.792",
            "close": "7.788"
        },
        {
            "time": "09.07.2021 05:32",
            "open": "7.788",
            "high": "7.788",
            "low": "7.788",
            "close": "7.793"
        },
        {
            "time": "09.07.2021 05:36",
            "open": "7.793",
            "high": "7.793",
            "low": "7.793",
            "close": "7.78"
        },
        {
            "time": "09.07.2021 05:46",
            "open": "7.78",
            "high": "7.78",
            "low": "7.767",
            "close": "7.781"
        },
        {
            "time": "09.07.2021 05:47",
            "open": "7.781",
            "high": "7.781",
            "low": "7.781",
            "close": "7.86"
        },
        {
            "time": "09.07.2021 06:16",
            "open": "7.86",
            "high": "7.86",
            "low": "7.86",
            "close": "7.868"
        },
        {
            "time": "09.07.2021 07:03",
            "open": "7.868",
            "high": "7.88",
            "low": "7.859",
            "close": "7.89"
        },
        {
            "time": "09.07.2021 07:04",
            "open": "7.89",
            "high": "7.957",
            "low": "7.89",
            "close": "7.943"
        },
        {
            "time": "09.07.2021 07:05",
            "open": "7.943",
            "high": "7.943",
            "low": "7.943",
            "close": "7.927"
        },
        {
            "time": "09.07.2021 07:10",
            "open": "7.927",
            "high": "7.927",
            "low": "7.924",
            "close": "7.954"
        },
        {
            "time": "09.07.2021 07:17",
            "open": "7.954",
            "high": "7.954",
            "low": "7.954",
            "close": "7.96"
        },
        {
            "time": "09.07.2021 07:18",
            "open": "7.96",
            "high": "7.96",
            "low": "7.96",
            "close": "7.96"
        },
        {
            "time": "09.07.2021 07:31",
            "open": "7.96",
            "high": "7.96",
            "low": "7.96",
            "close": "7.97"
        },
        {
            "time": "09.07.2021 07:32",
            "open": "7.97",
            "high": "7.973",
            "low": "7.97",
            "close": "7.975"
        },
        {
            "time": "09.07.2021 07:33",
            "open": "7.975",
            "high": "8.008",
            "low": "7.975",
            "close": "8.009"
        },
        {
            "time": "09.07.2021 07:34",
            "open": "8.009",
            "high": "8.01",
            "low": "8.009",
            "close": "8.009"
        },
        {
            "time": "09.07.2021 07:41",
            "open": "8.009",
            "high": "8.009",
            "low": "8.009",
            "close": "8.011"
        },
        {
            "time": "09.07.2021 07:43",
            "open": "8.011",
            "high": "8.012",
            "low": "8.011",
            "close": "8.003"
        },
        {
            "time": "09.07.2021 07:46",
            "open": "8.003",
            "high": "8.003",
            "low": "8.003",
            "close": "8.002"
        },
        {
            "time": "09.07.2021 07:52",
            "open": "8.002",
            "high": "8.002",
            "low": "8.002",
            "close": "7.978"
        },
        {
            "time": "09.07.2021 08:00",
            "open": "7.978",
            "high": "7.978",
            "low": "7.978",
            "close": "7.969"
        },
        {
            "time": "09.07.2021 08:02",
            "open": "7.969",
            "high": "7.969",
            "low": "7.969",
            "close": "7.924"
        },
        {
            "time": "09.07.2021 08:03",
            "open": "7.924",
            "high": "7.924",
            "low": "7.905",
            "close": "7.915"
        },
        {
            "time": "09.07.2021 08:06",
            "open": "7.915",
            "high": "7.915",
            "low": "7.915",
            "close": "7.943"
        },
        {
            "time": "09.07.2021 08:12",
            "open": "7.943",
            "high": "7.943",
            "low": "7.943",
            "close": "7.906"
        },
        {
            "time": "09.07.2021 08:30",
            "open": "7.906",
            "high": "7.906",
            "low": "7.906",
            "close": "7.848"
        },
        {
            "time": "09.07.2021 08:37",
            "open": "7.848",
            "high": "7.848",
            "low": "7.797",
            "close": "7.839"
        },
        {
            "time": "09.07.2021 08:38",
            "open": "7.839",
            "high": "7.843",
            "low": "7.839",
            "close": "7.838"
        },
        {
            "time": "09.07.2021 08:45",
            "open": "7.838",
            "high": "7.838",
            "low": "7.838",
            "close": "7.838"
        },
        {
            "time": "09.07.2021 09:03",
            "open": "7.838",
            "high": "7.844",
            "low": "7.838",
            "close": "7.797"
        },
        {
            "time": "09.07.2021 09:30",
            "open": "7.797",
            "high": "7.797",
            "low": "7.793",
            "close": "7.802"
        },
        {
            "time": "09.07.2021 09:35",
            "open": "7.802",
            "high": "7.853",
            "low": "7.802",
            "close": "7.842"
        },
        {
            "time": "09.07.2021 09:36",
            "open": "7.842",
            "high": "7.842",
            "low": "7.842",
            "close": "7.887"
        },
        {
            "time": "09.07.2021 09:44",
            "open": "7.887",
            "high": "7.888",
            "low": "7.885",
            "close": "7.839"
        },
        {
            "time": "09.07.2021 09:51",
            "open": "7.839",
            "high": "7.839",
            "low": "7.808",
            "close": "7.841"
        },
        {
            "time": "09.07.2021 09:55",
            "open": "7.841",
            "high": "7.841",
            "low": "7.821",
            "close": "7.851"
        },
        {
            "time": "09.07.2021 09:57",
            "open": "7.851",
            "high": "7.851",
            "low": "7.851",
            "close": "7.886"
        },
        {
            "time": "09.07.2021 10:00",
            "open": "7.886",
            "high": "7.904",
            "low": "7.886",
            "close": "7.829"
        },
        {
            "time": "09.07.2021 10:02",
            "open": "7.829",
            "high": "7.829",
            "low": "7.824",
            "close": "7.823"
        },
        {
            "time": "09.07.2021 10:03",
            "open": "7.823",
            "high": "7.823",
            "low": "7.823",
            "close": "7.818"
        },
        {
            "time": "09.07.2021 10:05",
            "open": "7.818",
            "high": "7.818",
            "low": "7.818",
            "close": "7.783"
        },
        {
            "time": "09.07.2021 10:10",
            "open": "7.783",
            "high": "7.783",
            "low": "7.783",
            "close": "7.766"
        },
        {
            "time": "09.07.2021 10:13",
            "open": "7.766",
            "high": "7.772",
            "low": "7.766",
            "close": "7.732"
        },
        {
            "time": "09.07.2021 10:16",
            "open": "7.732",
            "high": "7.732",
            "low": "7.723",
            "close": "7.7"
        },
        {
            "time": "09.07.2021 10:19",
            "open": "7.7",
            "high": "7.7",
            "low": "7.7",
            "close": "7.697"
        },
        {
            "time": "09.07.2021 10:20",
            "open": "7.697",
            "high": "7.698",
            "low": "7.697",
            "close": "7.697"
        },
        {
            "time": "09.07.2021 10:21",
            "open": "7.697",
            "high": "7.697",
            "low": "7.697",
            "close": "7.696"
        },
        {
            "time": "09.07.2021 10:22",
            "open": "7.696",
            "high": "7.71",
            "low": "7.696",
            "close": "7.698"
        },
        {
            "time": "09.07.2021 10:23",
            "open": "7.698",
            "high": "7.7",
            "low": "7.698",
            "close": "7.677"
        },
        {
            "time": "09.07.2021 10:24",
            "open": "7.677",
            "high": "7.677",
            "low": "7.645",
            "close": "7.687"
        },
        {
            "time": "09.07.2021 10:25",
            "open": "7.687",
            "high": "7.687",
            "low": "7.687",
            "close": "7.703"
        },
        {
            "time": "09.07.2021 10:32",
            "open": "7.703",
            "high": "7.703",
            "low": "7.703",
            "close": "7.709"
        },
        {
            "time": "09.07.2021 10:34",
            "open": "7.709",
            "high": "7.709",
            "low": "7.709",
            "close": "7.725"
        },
        {
            "time": "09.07.2021 10:36",
            "open": "7.725",
            "high": "7.725",
            "low": "7.725",
            "close": "7.72"
        },
        {
            "time": "09.07.2021 10:39",
            "open": "7.72",
            "high": "7.72",
            "low": "7.72",
            "close": "7.69"
        },
        {
            "time": "09.07.2021 10:54",
            "open": "7.69",
            "high": "7.69",
            "low": "7.69",
            "close": "7.7"
        },
        {
            "time": "09.07.2021 10:55",
            "open": "7.7",
            "high": "7.7",
            "low": "7.7",
            "close": "7.646"
        },
        {
            "time": "09.07.2021 11:04",
            "open": "7.646",
            "high": "7.65",
            "low": "7.646",
            "close": "7.65"
        },
        {
            "time": "09.07.2021 11:10",
            "open": "7.65",
            "high": "7.657",
            "low": "7.65",
            "close": "7.647"
        },
        {
            "time": "09.07.2021 11:18",
            "open": "7.647",
            "high": "7.647",
            "low": "7.647",
            "close": "7.654"
        },
        {
            "time": "09.07.2021 11:21",
            "open": "7.654",
            "high": "7.654",
            "low": "7.654",
            "close": "7.722"
        },
        {
            "time": "09.07.2021 11:30",
            "open": "7.722",
            "high": "7.722",
            "low": "7.722",
            "close": "7.698"
        },
        {
            "time": "09.07.2021 11:36",
            "open": "7.698",
            "high": "7.698",
            "low": "7.698",
            "close": "7.695"
        },
        {
            "time": "09.07.2021 11:39",
            "open": "7.695",
            "high": "7.695",
            "low": "7.665",
            "close": "7.631"
        },
        {
            "time": "09.07.2021 11:40",
            "open": "7.631",
            "high": "7.631",
            "low": "7.623",
            "close": "7.623"
        },
        {
            "time": "09.07.2021 11:41",
            "open": "7.623",
            "high": "7.623",
            "low": "7.623",
            "close": "7.608"
        },
        {
            "time": "09.07.2021 11:46",
            "open": "7.608",
            "high": "7.608",
            "low": "7.608",
            "close": "7.618"
        },
        {
            "time": "09.07.2021 12:00",
            "open": "7.618",
            "high": "7.618",
            "low": "7.618",
            "close": "7.624"
        },
        {
            "time": "09.07.2021 12:23",
            "open": "7.624",
            "high": "7.624",
            "low": "7.624",
            "close": "7.614"
        },
        {
            "time": "09.07.2021 12:40",
            "open": "7.614",
            "high": "7.614",
            "low": "7.614",
            "close": "7.609"
        },
        {
            "time": "09.07.2021 12:47",
            "open": "7.609",
            "high": "7.61",
            "low": "7.609",
            "close": "7.607"
        },
        {
            "time": "09.07.2021 12:49",
            "open": "7.607",
            "high": "7.607",
            "low": "7.607",
            "close": "7.599"
        },
        {
            "time": "09.07.2021 12:50",
            "open": "7.599",
            "high": "7.599",
            "low": "7.599",
            "close": "7.597"
        },
        {
            "time": "09.07.2021 13:03",
            "open": "7.597",
            "high": "7.597",
            "low": "7.597",
            "close": "7.6"
        },
        {
            "time": "09.07.2021 13:14",
            "open": "7.6",
            "high": "7.601",
            "low": "7.6",
            "close": "7.584"
        },
        {
            "time": "09.07.2021 13:23",
            "open": "7.584",
            "high": "7.584",
            "low": "7.584",
            "close": "7.561"
        },
        {
            "time": "09.07.2021 13:51",
            "open": "7.561",
            "high": "7.561",
            "low": "7.553",
            "close": "7.554"
        },
        {
            "time": "09.07.2021 13:54",
            "open": "7.554",
            "high": "7.555",
            "low": "7.554",
            "close": "7.554"
        },
        {
            "time": "09.07.2021 13:57",
            "open": "7.554",
            "high": "7.56",
            "low": "7.554",
            "close": "7.576"
        },
        {
            "time": "09.07.2021 14:01",
            "open": "7.576",
            "high": "7.576",
            "low": "7.576",
            "close": "7.546"
        },
        {
            "time": "09.07.2021 14:05",
            "open": "7.546",
            "high": "7.546",
            "low": "7.546",
            "close": "7.54"
        },
        {
            "time": "09.07.2021 14:09",
            "open": "7.54",
            "high": "7.54",
            "low": "7.54",
            "close": "7.581"
        },
        {
            "time": "09.07.2021 14:41",
            "open": "7.581",
            "high": "7.581",
            "low": "7.581",
            "close": "7.621"
        },
        {
            "time": "09.07.2021 14:52",
            "open": "7.621",
            "high": "7.621",
            "low": "7.621",
            "close": "7.621"
        },
        {
            "time": "09.07.2021 14:53",
            "open": "7.621",
            "high": "7.621",
            "low": "7.621",
            "close": "7.65"
        },
        {
            "time": "09.07.2021 14:58",
            "open": "7.65",
            "high": "7.65",
            "low": "7.65",
            "close": "7.66"
        },
        {
            "time": "09.07.2021 15:03",
            "open": "7.66",
            "high": "7.67",
            "low": "7.66",
            "close": "7.658"
        },
        {
            "time": "09.07.2021 15:04",
            "open": "7.658",
            "high": "7.658",
            "low": "7.658",
            "close": "7.68"
        },
        {
            "time": "09.07.2021 15:07",
            "open": "7.68",
            "high": "7.69",
            "low": "7.68",
            "close": "7.7"
        },
        {
            "time": "09.07.2021 15:08",
            "open": "7.7",
            "high": "7.7",
            "low": "7.7",
            "close": "7.71"
        },
        {
            "time": "09.07.2021 15:09",
            "open": "7.71",
            "high": "7.71",
            "low": "7.71",
            "close": "7.72"
        },
        {
            "time": "09.07.2021 15:12",
            "open": "7.72",
            "high": "7.73",
            "low": "7.72",
            "close": "7.74"
        },
        {
            "time": "09.07.2021 15:13",
            "open": "7.74",
            "high": "7.75",
            "low": "7.74",
            "close": "7.76"
        },
        {
            "time": "09.07.2021 15:14",
            "open": "7.76",
            "high": "7.78",
            "low": "7.76",
            "close": "7.757"
        },
        {
            "time": "09.07.2021 15:16",
            "open": "7.757",
            "high": "7.757",
            "low": "7.753",
            "close": "7.757"
        },
        {
            "time": "09.07.2021 15:27",
            "open": "7.757",
            "high": "7.757",
            "low": "7.757",
            "close": "7.79"
        },
        {
            "time": "09.07.2021 15:31",
            "open": "7.79",
            "high": "7.79",
            "low": "7.79",
            "close": "7.8"
        },
        {
            "time": "09.07.2021 15:33",
            "open": "7.8",
            "high": "7.81",
            "low": "7.8",
            "close": "7.817"
        },
        {
            "time": "09.07.2021 15:40",
            "open": "7.817",
            "high": "7.82",
            "low": "7.817",
            "close": "7.811"
        },
        {
            "time": "09.07.2021 15:45",
            "open": "7.811",
            "high": "7.811",
            "low": "7.811",
            "close": "7.824"
        },
        {
            "time": "09.07.2021 15:46",
            "open": "7.824",
            "high": "7.824",
            "low": "7.802",
            "close": "7.819"
        },
        {
            "time": "09.07.2021 15:49",
            "open": "7.819",
            "high": "7.819",
            "low": "7.819",
            "close": "7.804"
        },
        {
            "time": "09.07.2021 16:02",
            "open": "7.804",
            "high": "7.804",
            "low": "7.804",
            "close": "7.804"
        },
        {
            "time": "09.07.2021 16:03",
            "open": "7.804",
            "high": "7.804",
            "low": "7.804",
            "close": "7.794"
        },
        {
            "time": "09.07.2021 16:12",
            "open": "7.794",
            "high": "7.794",
            "low": "7.794",
            "close": "7.83"
        },
        {
            "time": "09.07.2021 16:20",
            "open": "7.83",
            "high": "7.86",
            "low": "7.83",
            "close": "7.87"
        },
        {
            "time": "09.07.2021 16:21",
            "open": "7.87",
            "high": "7.88",
            "low": "7.87",
            "close": "7.864"
        },
        {
            "time": "09.07.2021 16:25",
            "open": "7.864",
            "high": "7.864",
            "low": "7.864",
            "close": "7.867"
        },
        {
            "time": "09.07.2021 16:26",
            "open": "7.867",
            "high": "7.867",
            "low": "7.867",
            "close": "7.867"
        },
        {
            "time": "09.07.2021 16:27",
            "open": "7.867",
            "high": "7.867",
            "low": "7.766",
            "close": "7.806"
        },
        {
            "time": "09.07.2021 16:28",
            "open": "7.806",
            "high": "7.808",
            "low": "7.806",
            "close": "7.815"
        },
        {
            "time": "09.07.2021 16:31",
            "open": "7.815",
            "high": "7.815",
            "low": "7.815",
            "close": "7.824"
        },
        {
            "time": "09.07.2021 16:46",
            "open": "7.824",
            "high": "7.824",
            "low": "7.824",
            "close": "7.89"
        },
        {
            "time": "09.07.2021 17:06",
            "open": "7.89",
            "high": "7.892",
            "low": "7.89",
            "close": "7.9"
        },
        {
            "time": "09.07.2021 17:15",
            "open": "7.9",
            "high": "7.9",
            "low": "7.9",
            "close": "7.882"
        },
        {
            "time": "09.07.2021 17:21",
            "open": "7.882",
            "high": "7.882",
            "low": "7.882",
            "close": "7.873"
        },
        {
            "time": "09.07.2021 17:22",
            "open": "7.873",
            "high": "7.873",
            "low": "7.873",
            "close": "7.899"
        },
        {
            "time": "09.07.2021 17:27",
            "open": "7.899",
            "high": "7.899",
            "low": "7.899",
            "close": "7.89"
        },
        {
            "time": "09.07.2021 17:33",
            "open": "7.89",
            "high": "7.89",
            "low": "7.89",
            "close": "7.876"
        },
        {
            "time": "09.07.2021 17:38",
            "open": "7.876",
            "high": "7.876",
            "low": "7.876",
            "close": "7.893"
        },
        {
            "time": "09.07.2021 17:59",
            "open": "7.893",
            "high": "7.893",
            "low": "7.887",
            "close": "7.872"
        },
        {
            "time": "09.07.2021 18:00",
            "open": "7.872",
            "high": "7.872",
            "low": "7.872",
            "close": "7.901"
        },
        {
            "time": "09.07.2021 18:01",
            "open": "7.901",
            "high": "7.91",
            "low": "7.901",
            "close": "7.92"
        },
        {
            "time": "09.07.2021 18:02",
            "open": "7.92",
            "high": "7.932",
            "low": "7.92",
            "close": "7.899"
        },
        {
            "time": "09.07.2021 18:04",
            "open": "7.899",
            "high": "7.899",
            "low": "7.899",
            "close": "7.887"
        },
        {
            "time": "09.07.2021 18:05",
            "open": "7.887",
            "high": "7.887",
            "low": "7.887",
            "close": "7.894"
        },
        {
            "time": "09.07.2021 18:07",
            "open": "7.894",
            "high": "7.898",
            "low": "7.894",
            "close": "7.878"
        },
        {
            "time": "09.07.2021 18:11",
            "open": "7.878",
            "high": "7.878",
            "low": "7.878",
            "close": "7.869"
        },
        {
            "time": "09.07.2021 18:16",
            "open": "7.869",
            "high": "7.869",
            "low": "7.869",
            "close": "7.882"
        },
        {
            "time": "09.07.2021 18:45",
            "open": "7.882",
            "high": "7.882",
            "low": "7.882",
            "close": "7.89"
        },
        {
            "time": "09.07.2021 18:49",
            "open": "7.89",
            "high": "7.89",
            "low": "7.89",
            "close": "7.862"
        },
        {
            "time": "09.07.2021 19:01",
            "open": "7.862",
            "high": "7.862",
            "low": "7.858",
            "close": "7.84"
        },
        {
            "time": "09.07.2021 19:02",
            "open": "7.84",
            "high": "7.84",
            "low": "7.84",
            "close": "7.838"
        },
        {
            "time": "09.07.2021 19:10",
            "open": "7.838",
            "high": "7.838",
            "low": "7.838",
            "close": "7.808"
        },
        {
            "time": "09.07.2021 19:40",
            "open": "7.808",
            "high": "7.808",
            "low": "7.808",
            "close": "7.828"
        },
        {
            "time": "09.07.2021 19:51",
            "open": "7.828",
            "high": "7.828",
            "low": "7.828",
            "close": "7.783"
        },
        {
            "time": "09.07.2021 20:15",
            "open": "7.783",
            "high": "7.783",
            "low": "7.783",
            "close": "7.794"
        },
        {
            "time": "09.07.2021 20:21",
            "open": "7.794",
            "high": "7.794",
            "low": "7.794",
            "close": "7.779"
        },
        {
            "time": "09.07.2021 20:24",
            "open": "7.779",
            "high": "7.779",
            "low": "7.779",
            "close": "7.775"
        },
        {
            "time": "09.07.2021 20:32",
            "open": "7.775",
            "high": "7.775",
            "low": "7.775",
            "close": "7.784"
        },
        {
            "time": "09.07.2021 20:45",
            "open": "7.784",
            "high": "7.784",
            "low": "7.784",
            "close": "7.762"
        },
        {
            "time": "09.07.2021 20:54",
            "open": "7.762",
            "high": "7.762",
            "low": "7.762",
            "close": "7.741"
        },
        {
            "time": "09.07.2021 21:03",
            "open": "7.741",
            "high": "7.741",
            "low": "7.72",
            "close": "7.743"
        },
        {
            "time": "09.07.2021 21:08",
            "open": "7.743",
            "high": "7.746",
            "low": "7.743",
            "close": "7.742"
        },
        {
            "time": "09.07.2021 21:12",
            "open": "7.742",
            "high": "7.755",
            "low": "7.735",
            "close": "7.762"
        },
        {
            "time": "09.07.2021 21:16",
            "open": "7.762",
            "high": "7.762",
            "low": "7.762",
            "close": "7.801"
        },
        {
            "time": "09.07.2021 21:18",
            "open": "7.801",
            "high": "7.817",
            "low": "7.801",
            "close": "7.789"
        },
        {
            "time": "09.07.2021 21:21",
            "open": "7.789",
            "high": "7.789",
            "low": "7.789",
            "close": "7.793"
        },
        {
            "time": "09.07.2021 21:22",
            "open": "7.793",
            "high": "7.793",
            "low": "7.775",
            "close": "7.739"
        },
        {
            "time": "09.07.2021 21:33",
            "open": "7.739",
            "high": "7.739",
            "low": "7.739",
            "close": "7.754"
        },
        {
            "time": "09.07.2021 21:34",
            "open": "7.754",
            "high": "7.758",
            "low": "7.754",
            "close": "7.752"
        },
        {
            "time": "09.07.2021 21:40",
            "open": "7.752",
            "high": "7.752",
            "low": "7.752",
            "close": "7.75"
        },
        {
            "time": "09.07.2021 21:41",
            "open": "7.75",
            "high": "7.75",
            "low": "7.75",
            "close": "7.73"
        },
        {
            "time": "09.07.2021 22:26",
            "open": "7.73",
            "high": "7.745",
            "low": "7.728",
            "close": "7.761"
        },
        {
            "time": "09.07.2021 22:37",
            "open": "7.761",
            "high": "7.761",
            "low": "7.761",
            "close": "7.763"
        },
        {
            "time": "09.07.2021 22:42",
            "open": "7.763",
            "high": "7.763",
            "low": "7.763",
            "close": "7.776"
        },
        {
            "time": "09.07.2021 22:51",
            "open": "7.776",
            "high": "7.776",
            "low": "7.776",
            "close": "7.765"
        },
        {
            "time": "09.07.2021 23:02",
            "open": "7.765",
            "high": "7.765",
            "low": "7.765",
            "close": "7.762"
        },
        {
            "time": "09.07.2021 23:03",
            "open": "7.762",
            "high": "7.762",
            "low": "7.762",
            "close": "7.748"
        },
        {
            "time": "09.07.2021 23:04",
            "open": "7.748",
            "high": "7.748",
            "low": "7.748",
            "close": "7.741"
        },
        {
            "time": "09.07.2021 23:05",
            "open": "7.741",
            "high": "7.741",
            "low": "7.741",
            "close": "7.836"
        },
        {
            "time": "09.07.2021 23:44",
            "open": "7.836",
            "high": "7.84",
            "low": "7.836",
            "close": "7.861"
        }
    ]
}