{
    "UMA-EUR": [
        {
            "time": "04.04.2021 23:56",
            "open": "21.565",
            "high": "21.565",
            "low": "21.561",
            "close": "21.561"
        },
        {
            "time": "05.04.2021 00:00",
            "open": "21.561",
            "high": "21.561",
            "low": "21.561",
            "close": "21.561"
        },
        {
            "time": "05.04.2021 00:05",
            "open": "21.561",
            "high": "21.561",
            "low": "21.55",
            "close": "21.55"
        },
        {
            "time": "05.04.2021 00:06",
            "open": "21.55",
            "high": "21.55",
            "low": "21.55",
            "close": "21.548"
        },
        {
            "time": "05.04.2021 00:07",
            "open": "21.548",
            "high": "21.548",
            "low": "21.548",
            "close": "21.547"
        },
        {
            "time": "05.04.2021 00:09",
            "open": "21.547",
            "high": "21.547",
            "low": "21.547",
            "close": "21.555"
        },
        {
            "time": "05.04.2021 00:12",
            "open": "21.555",
            "high": "21.555",
            "low": "21.555",
            "close": "21.54"
        },
        {
            "time": "05.04.2021 00:13",
            "open": "21.54",
            "high": "21.54",
            "low": "21.54",
            "close": "21.531"
        },
        {
            "time": "05.04.2021 00:23",
            "open": "21.531",
            "high": "21.531",
            "low": "21.531",
            "close": "21.56"
        },
        {
            "time": "05.04.2021 00:27",
            "open": "21.56",
            "high": "21.561",
            "low": "21.56",
            "close": "21.526"
        },
        {
            "time": "05.04.2021 00:28",
            "open": "21.526",
            "high": "21.526",
            "low": "21.526",
            "close": "21.524"
        },
        {
            "time": "05.04.2021 00:29",
            "open": "21.524",
            "high": "21.524",
            "low": "21.524",
            "close": "21.542"
        },
        {
            "time": "05.04.2021 00:30",
            "open": "21.542",
            "high": "21.576",
            "low": "21.542",
            "close": "21.538"
        },
        {
            "time": "05.04.2021 00:31",
            "open": "21.538",
            "high": "21.577",
            "low": "21.535",
            "close": "21.57"
        },
        {
            "time": "05.04.2021 00:32",
            "open": "21.57",
            "high": "21.571",
            "low": "21.532",
            "close": "21.537"
        },
        {
            "time": "05.04.2021 00:33",
            "open": "21.537",
            "high": "21.569",
            "low": "21.537",
            "close": "21.612"
        },
        {
            "time": "05.04.2021 00:36",
            "open": "21.612",
            "high": "21.613",
            "low": "21.612",
            "close": "21.576"
        },
        {
            "time": "05.04.2021 00:40",
            "open": "21.576",
            "high": "21.576",
            "low": "21.576",
            "close": "21.584"
        },
        {
            "time": "05.04.2021 00:41",
            "open": "21.584",
            "high": "21.584",
            "low": "21.584",
            "close": "21.607"
        },
        {
            "time": "05.04.2021 00:42",
            "open": "21.607",
            "high": "21.607",
            "low": "21.607",
            "close": "21.752"
        },
        {
            "time": "05.04.2021 00:44",
            "open": "21.752",
            "high": "21.765",
            "low": "21.744",
            "close": "21.778"
        },
        {
            "time": "05.04.2021 00:47",
            "open": "21.778",
            "high": "21.778",
            "low": "21.778",
            "close": "21.614"
        },
        {
            "time": "05.04.2021 00:53",
            "open": "21.614",
            "high": "21.614",
            "low": "21.604",
            "close": "21.642"
        },
        {
            "time": "05.04.2021 00:56",
            "open": "21.642",
            "high": "21.642",
            "low": "21.642",
            "close": "21.662"
        },
        {
            "time": "05.04.2021 00:58",
            "open": "21.662",
            "high": "21.668",
            "low": "21.662",
            "close": "21.777"
        },
        {
            "time": "05.04.2021 01:05",
            "open": "21.777",
            "high": "21.796",
            "low": "21.777",
            "close": "21.791"
        },
        {
            "time": "05.04.2021 01:07",
            "open": "21.791",
            "high": "21.795",
            "low": "21.791",
            "close": "21.727"
        },
        {
            "time": "05.04.2021 01:10",
            "open": "21.727",
            "high": "21.727",
            "low": "21.727",
            "close": "21.621"
        },
        {
            "time": "05.04.2021 01:26",
            "open": "21.621",
            "high": "21.621",
            "low": "21.621",
            "close": "21.74"
        },
        {
            "time": "05.04.2021 01:30",
            "open": "21.74",
            "high": "21.74",
            "low": "21.74",
            "close": "21.716"
        },
        {
            "time": "05.04.2021 01:32",
            "open": "21.716",
            "high": "21.716",
            "low": "21.716",
            "close": "21.694"
        },
        {
            "time": "05.04.2021 01:37",
            "open": "21.694",
            "high": "21.694",
            "low": "21.694",
            "close": "21.691"
        },
        {
            "time": "05.04.2021 01:41",
            "open": "21.691",
            "high": "21.691",
            "low": "21.691",
            "close": "21.739"
        },
        {
            "time": "05.04.2021 01:48",
            "open": "21.739",
            "high": "21.739",
            "low": "21.739",
            "close": "21.737"
        },
        {
            "time": "05.04.2021 01:54",
            "open": "21.737",
            "high": "21.737",
            "low": "21.737",
            "close": "21.669"
        },
        {
            "time": "05.04.2021 01:58",
            "open": "21.669",
            "high": "21.669",
            "low": "21.669",
            "close": "21.669"
        },
        {
            "time": "05.04.2021 01:59",
            "open": "21.669",
            "high": "21.669",
            "low": "21.669",
            "close": "21.691"
        },
        {
            "time": "05.04.2021 02:01",
            "open": "21.691",
            "high": "21.694",
            "low": "21.691",
            "close": "21.631"
        },
        {
            "time": "05.04.2021 02:08",
            "open": "21.631",
            "high": "21.631",
            "low": "21.631",
            "close": "21.631"
        },
        {
            "time": "05.04.2021 02:16",
            "open": "21.631",
            "high": "21.631",
            "low": "21.631",
            "close": "21.649"
        },
        {
            "time": "05.04.2021 02:25",
            "open": "21.649",
            "high": "21.649",
            "low": "21.649",
            "close": "21.631"
        },
        {
            "time": "05.04.2021 02:31",
            "open": "21.631",
            "high": "21.631",
            "low": "21.631",
            "close": "21.6"
        },
        {
            "time": "05.04.2021 02:41",
            "open": "21.6",
            "high": "21.6",
            "low": "21.6",
            "close": "21.6"
        },
        {
            "time": "05.04.2021 02:42",
            "open": "21.6",
            "high": "21.6",
            "low": "21.6",
            "close": "21.619"
        },
        {
            "time": "05.04.2021 02:56",
            "open": "21.619",
            "high": "21.619",
            "low": "21.618",
            "close": "21.6"
        },
        {
            "time": "05.04.2021 03:00",
            "open": "21.6",
            "high": "21.6",
            "low": "21.569",
            "close": "21.532"
        },
        {
            "time": "05.04.2021 03:01",
            "open": "21.532",
            "high": "21.532",
            "low": "21.511",
            "close": "21.484"
        },
        {
            "time": "05.04.2021 03:02",
            "open": "21.484",
            "high": "21.484",
            "low": "21.484",
            "close": "21.458"
        },
        {
            "time": "05.04.2021 03:03",
            "open": "21.458",
            "high": "21.458",
            "low": "21.458",
            "close": "21.413"
        },
        {
            "time": "05.04.2021 03:07",
            "open": "21.413",
            "high": "21.413",
            "low": "21.413",
            "close": "21.395"
        },
        {
            "time": "05.04.2021 03:08",
            "open": "21.395",
            "high": "21.395",
            "low": "21.395",
            "close": "21.355"
        },
        {
            "time": "05.04.2021 03:12",
            "open": "21.355",
            "high": "21.355",
            "low": "21.355",
            "close": "21.344"
        },
        {
            "time": "05.04.2021 03:14",
            "open": "21.344",
            "high": "21.344",
            "low": "21.344",
            "close": "21.41"
        },
        {
            "time": "05.04.2021 03:15",
            "open": "21.41",
            "high": "21.41",
            "low": "21.41",
            "close": "21.492"
        },
        {
            "time": "05.04.2021 03:17",
            "open": "21.492",
            "high": "21.492",
            "low": "21.492",
            "close": "21.47"
        },
        {
            "time": "05.04.2021 03:30",
            "open": "21.47",
            "high": "21.47",
            "low": "21.47",
            "close": "21.344"
        },
        {
            "time": "05.04.2021 04:02",
            "open": "21.344",
            "high": "21.344",
            "low": "21.307",
            "close": "21.363"
        },
        {
            "time": "05.04.2021 04:04",
            "open": "21.363",
            "high": "21.363",
            "low": "21.362",
            "close": "21.39"
        },
        {
            "time": "05.04.2021 04:06",
            "open": "21.39",
            "high": "21.39",
            "low": "21.39",
            "close": "21.526"
        },
        {
            "time": "05.04.2021 04:17",
            "open": "21.526",
            "high": "21.566",
            "low": "21.526",
            "close": "21.512"
        },
        {
            "time": "05.04.2021 04:28",
            "open": "21.512",
            "high": "21.512",
            "low": "21.512",
            "close": "21.518"
        },
        {
            "time": "05.04.2021 04:30",
            "open": "21.518",
            "high": "21.518",
            "low": "21.516",
            "close": "21.54"
        },
        {
            "time": "05.04.2021 04:39",
            "open": "21.54",
            "high": "21.54",
            "low": "21.54",
            "close": "21.569"
        },
        {
            "time": "05.04.2021 04:54",
            "open": "21.569",
            "high": "21.569",
            "low": "21.569",
            "close": "21.548"
        },
        {
            "time": "05.04.2021 04:56",
            "open": "21.548",
            "high": "21.548",
            "low": "21.548",
            "close": "21.413"
        },
        {
            "time": "05.04.2021 05:17",
            "open": "21.413",
            "high": "21.413",
            "low": "21.391",
            "close": "21.46"
        },
        {
            "time": "05.04.2021 05:28",
            "open": "21.46",
            "high": "21.46",
            "low": "21.46",
            "close": "21.489"
        },
        {
            "time": "05.04.2021 05:37",
            "open": "21.489",
            "high": "21.489",
            "low": "21.489",
            "close": "21.431"
        },
        {
            "time": "05.04.2021 05:46",
            "open": "21.431",
            "high": "21.431",
            "low": "21.431",
            "close": "21.363"
        },
        {
            "time": "05.04.2021 05:49",
            "open": "21.363",
            "high": "21.363",
            "low": "21.363",
            "close": "21.341"
        },
        {
            "time": "05.04.2021 06:07",
            "open": "21.341",
            "high": "21.341",
            "low": "21.341",
            "close": "21.29"
        },
        {
            "time": "05.04.2021 06:15",
            "open": "21.29",
            "high": "21.29",
            "low": "21.29",
            "close": "21.283"
        },
        {
            "time": "05.04.2021 06:16",
            "open": "21.283",
            "high": "21.283",
            "low": "21.276",
            "close": "21.35"
        },
        {
            "time": "05.04.2021 06:18",
            "open": "21.35",
            "high": "21.35",
            "low": "21.35",
            "close": "21.327"
        },
        {
            "time": "05.04.2021 06:19",
            "open": "21.327",
            "high": "21.327",
            "low": "21.322",
            "close": "21.323"
        },
        {
            "time": "05.04.2021 06:23",
            "open": "21.323",
            "high": "21.323",
            "low": "21.323",
            "close": "21.294"
        },
        {
            "time": "05.04.2021 06:43",
            "open": "21.294",
            "high": "21.294",
            "low": "21.294",
            "close": "21.269"
        },
        {
            "time": "05.04.2021 06:46",
            "open": "21.269",
            "high": "21.269",
            "low": "21.269",
            "close": "21.23"
        },
        {
            "time": "05.04.2021 06:47",
            "open": "21.23",
            "high": "21.23",
            "low": "21.219",
            "close": "21.243"
        },
        {
            "time": "05.04.2021 06:52",
            "open": "21.243",
            "high": "21.362",
            "low": "21.243",
            "close": "21.334"
        },
        {
            "time": "05.04.2021 06:53",
            "open": "21.334",
            "high": "21.334",
            "low": "21.329",
            "close": "21.24"
        },
        {
            "time": "05.04.2021 06:56",
            "open": "21.24",
            "high": "21.24",
            "low": "21.24",
            "close": "21.218"
        },
        {
            "time": "05.04.2021 07:07",
            "open": "21.218",
            "high": "21.248",
            "low": "21.206",
            "close": "21.24"
        },
        {
            "time": "05.04.2021 07:08",
            "open": "21.24",
            "high": "21.245",
            "low": "21.24",
            "close": "21.201"
        },
        {
            "time": "05.04.2021 07:15",
            "open": "21.201",
            "high": "21.201",
            "low": "21.1",
            "close": "21.081"
        },
        {
            "time": "05.04.2021 07:17",
            "open": "21.081",
            "high": "21.081",
            "low": "21.081",
            "close": "21.045"
        },
        {
            "time": "05.04.2021 07:19",
            "open": "21.045",
            "high": "21.045",
            "low": "21",
            "close": "21"
        },
        {
            "time": "05.04.2021 07:20",
            "open": "21",
            "high": "21",
            "low": "20.959",
            "close": "20.959"
        },
        {
            "time": "05.04.2021 07:22",
            "open": "20.959",
            "high": "20.959",
            "low": "20.959",
            "close": "20.97"
        },
        {
            "time": "05.04.2021 07:24",
            "open": "20.97",
            "high": "20.995",
            "low": "20.97",
            "close": "21.04"
        },
        {
            "time": "05.04.2021 07:25",
            "open": "21.04",
            "high": "21.068",
            "low": "21.04",
            "close": "21.068"
        },
        {
            "time": "05.04.2021 07:26",
            "open": "21.068",
            "high": "21.068",
            "low": "21.04",
            "close": "21.049"
        },
        {
            "time": "05.04.2021 07:28",
            "open": "21.049",
            "high": "21.049",
            "low": "21.049",
            "close": "21.006"
        },
        {
            "time": "05.04.2021 07:30",
            "open": "21.006",
            "high": "21.007",
            "low": "20.986",
            "close": "20.986"
        },
        {
            "time": "05.04.2021 07:31",
            "open": "20.986",
            "high": "20.986",
            "low": "20.986",
            "close": "21.093"
        },
        {
            "time": "05.04.2021 07:33",
            "open": "21.093",
            "high": "21.093",
            "low": "21.093",
            "close": "21.074"
        },
        {
            "time": "05.04.2021 07:35",
            "open": "21.074",
            "high": "21.074",
            "low": "21.074",
            "close": "21.083"
        },
        {
            "time": "05.04.2021 07:36",
            "open": "21.083",
            "high": "21.083",
            "low": "21.083",
            "close": "21.1"
        },
        {
            "time": "05.04.2021 07:37",
            "open": "21.1",
            "high": "21.1",
            "low": "21.1",
            "close": "21.169"
        },
        {
            "time": "05.04.2021 07:44",
            "open": "21.169",
            "high": "21.169",
            "low": "21.169",
            "close": "21.108"
        },
        {
            "time": "05.04.2021 08:05",
            "open": "21.108",
            "high": "21.108",
            "low": "21.108",
            "close": "21.083"
        },
        {
            "time": "05.04.2021 08:12",
            "open": "21.083",
            "high": "21.083",
            "low": "21.083",
            "close": "21.023"
        },
        {
            "time": "05.04.2021 08:25",
            "open": "21.023",
            "high": "21.023",
            "low": "21.006",
            "close": "21.093"
        },
        {
            "time": "05.04.2021 08:32",
            "open": "21.093",
            "high": "21.094",
            "low": "21.093",
            "close": "21.113"
        },
        {
            "time": "05.04.2021 08:35",
            "open": "21.113",
            "high": "21.113",
            "low": "21.113",
            "close": "21.125"
        },
        {
            "time": "05.04.2021 08:36",
            "open": "21.125",
            "high": "21.125",
            "low": "21.125",
            "close": "21.246"
        },
        {
            "time": "05.04.2021 08:45",
            "open": "21.246",
            "high": "21.246",
            "low": "21.246",
            "close": "21.243"
        },
        {
            "time": "05.04.2021 08:51",
            "open": "21.243",
            "high": "21.243",
            "low": "21.243",
            "close": "21.228"
        },
        {
            "time": "05.04.2021 08:54",
            "open": "21.228",
            "high": "21.228",
            "low": "21.228",
            "close": "21.032"
        },
        {
            "time": "05.04.2021 09:01",
            "open": "21.032",
            "high": "21.071",
            "low": "21.032",
            "close": "21.192"
        },
        {
            "time": "05.04.2021 09:11",
            "open": "21.192",
            "high": "21.192",
            "low": "21.192",
            "close": "21.235"
        },
        {
            "time": "05.04.2021 09:13",
            "open": "21.235",
            "high": "21.235",
            "low": "21.235",
            "close": "21.212"
        },
        {
            "time": "05.04.2021 09:15",
            "open": "21.212",
            "high": "21.212",
            "low": "21.212",
            "close": "21.183"
        },
        {
            "time": "05.04.2021 09:21",
            "open": "21.183",
            "high": "21.183",
            "low": "21.183",
            "close": "21.195"
        },
        {
            "time": "05.04.2021 09:36",
            "open": "21.195",
            "high": "21.195",
            "low": "21.195",
            "close": "21.183"
        },
        {
            "time": "05.04.2021 09:40",
            "open": "21.183",
            "high": "21.183",
            "low": "21.183",
            "close": "21.183"
        },
        {
            "time": "05.04.2021 09:43",
            "open": "21.183",
            "high": "21.183",
            "low": "21.183",
            "close": "21.22"
        },
        {
            "time": "05.04.2021 09:44",
            "open": "21.22",
            "high": "21.22",
            "low": "21.22",
            "close": "21.256"
        },
        {
            "time": "05.04.2021 09:46",
            "open": "21.256",
            "high": "21.256",
            "low": "21.256",
            "close": "21.292"
        },
        {
            "time": "05.04.2021 09:51",
            "open": "21.292",
            "high": "21.293",
            "low": "21.286",
            "close": "21.309"
        },
        {
            "time": "05.04.2021 09:55",
            "open": "21.309",
            "high": "21.343",
            "low": "21.309",
            "close": "21.343"
        },
        {
            "time": "05.04.2021 10:04",
            "open": "21.343",
            "high": "21.343",
            "low": "21.343",
            "close": "21.343"
        },
        {
            "time": "05.04.2021 10:05",
            "open": "21.343",
            "high": "21.343",
            "low": "21.343",
            "close": "21.283"
        },
        {
            "time": "05.04.2021 10:06",
            "open": "21.283",
            "high": "21.283",
            "low": "21.283",
            "close": "21.297"
        },
        {
            "time": "05.04.2021 10:10",
            "open": "21.297",
            "high": "21.297",
            "low": "21.291",
            "close": "21.219"
        },
        {
            "time": "05.04.2021 10:13",
            "open": "21.219",
            "high": "21.219",
            "low": "21.219",
            "close": "21.261"
        },
        {
            "time": "05.04.2021 10:21",
            "open": "21.261",
            "high": "21.261",
            "low": "21.261",
            "close": "21.267"
        },
        {
            "time": "05.04.2021 10:22",
            "open": "21.267",
            "high": "21.267",
            "low": "21.267",
            "close": "21.219"
        },
        {
            "time": "05.04.2021 10:23",
            "open": "21.219",
            "high": "21.219",
            "low": "21.219",
            "close": "21.183"
        },
        {
            "time": "05.04.2021 10:28",
            "open": "21.183",
            "high": "21.189",
            "low": "21.183",
            "close": "21.207"
        },
        {
            "time": "05.04.2021 10:29",
            "open": "21.207",
            "high": "21.207",
            "low": "21.207",
            "close": "21.285"
        },
        {
            "time": "05.04.2021 10:36",
            "open": "21.285",
            "high": "21.285",
            "low": "21.285",
            "close": "21.286"
        },
        {
            "time": "05.04.2021 10:37",
            "open": "21.286",
            "high": "21.304",
            "low": "21.286",
            "close": "21.296"
        },
        {
            "time": "05.04.2021 10:40",
            "open": "21.296",
            "high": "21.298",
            "low": "21.296",
            "close": "21.398"
        },
        {
            "time": "05.04.2021 10:49",
            "open": "21.398",
            "high": "21.458",
            "low": "21.398",
            "close": "21.46"
        },
        {
            "time": "05.04.2021 10:50",
            "open": "21.46",
            "high": "21.485",
            "low": "21.441",
            "close": "21.459"
        },
        {
            "time": "05.04.2021 10:51",
            "open": "21.459",
            "high": "21.527",
            "low": "21.455",
            "close": "21.486"
        },
        {
            "time": "05.04.2021 10:55",
            "open": "21.486",
            "high": "21.51",
            "low": "21.486",
            "close": "21.488"
        },
        {
            "time": "05.04.2021 11:00",
            "open": "21.488",
            "high": "21.488",
            "low": "21.35",
            "close": "21.395"
        },
        {
            "time": "05.04.2021 11:02",
            "open": "21.395",
            "high": "21.395",
            "low": "21.395",
            "close": "21.487"
        },
        {
            "time": "05.04.2021 11:03",
            "open": "21.487",
            "high": "21.487",
            "low": "21.424",
            "close": "21.375"
        },
        {
            "time": "05.04.2021 11:09",
            "open": "21.375",
            "high": "21.375",
            "low": "21.375",
            "close": "21.432"
        },
        {
            "time": "05.04.2021 11:17",
            "open": "21.432",
            "high": "21.432",
            "low": "21.432",
            "close": "21.429"
        },
        {
            "time": "05.04.2021 11:19",
            "open": "21.429",
            "high": "21.43",
            "low": "21.429",
            "close": "21.424"
        },
        {
            "time": "05.04.2021 11:21",
            "open": "21.424",
            "high": "21.425",
            "low": "21.424",
            "close": "21.493"
        },
        {
            "time": "05.04.2021 11:32",
            "open": "21.493",
            "high": "21.493",
            "low": "21.493",
            "close": "21.482"
        },
        {
            "time": "05.04.2021 11:33",
            "open": "21.482",
            "high": "21.482",
            "low": "21.479",
            "close": "21.511"
        },
        {
            "time": "05.04.2021 11:40",
            "open": "21.511",
            "high": "21.511",
            "low": "21.511",
            "close": "21.533"
        },
        {
            "time": "05.04.2021 11:42",
            "open": "21.533",
            "high": "21.533",
            "low": "21.533",
            "close": "21.546"
        },
        {
            "time": "05.04.2021 11:43",
            "open": "21.546",
            "high": "21.552",
            "low": "21.546",
            "close": "21.553"
        },
        {
            "time": "05.04.2021 11:46",
            "open": "21.553",
            "high": "21.565",
            "low": "21.553",
            "close": "21.52"
        },
        {
            "time": "05.04.2021 11:47",
            "open": "21.52",
            "high": "21.52",
            "low": "21.52",
            "close": "21.529"
        },
        {
            "time": "05.04.2021 11:48",
            "open": "21.529",
            "high": "21.529",
            "low": "21.529",
            "close": "21.512"
        },
        {
            "time": "05.04.2021 11:52",
            "open": "21.512",
            "high": "21.537",
            "low": "21.512",
            "close": "21.511"
        },
        {
            "time": "05.04.2021 11:55",
            "open": "21.511",
            "high": "21.511",
            "low": "21.511",
            "close": "21.511"
        },
        {
            "time": "05.04.2021 12:01",
            "open": "21.511",
            "high": "21.511",
            "low": "21.511",
            "close": "21.486"
        },
        {
            "time": "05.04.2021 12:02",
            "open": "21.486",
            "high": "21.486",
            "low": "21.486",
            "close": "21.425"
        },
        {
            "time": "05.04.2021 12:03",
            "open": "21.425",
            "high": "21.425",
            "low": "21.395",
            "close": "21.385"
        },
        {
            "time": "05.04.2021 12:04",
            "open": "21.385",
            "high": "21.385",
            "low": "21.385",
            "close": "21.437"
        },
        {
            "time": "05.04.2021 12:05",
            "open": "21.437",
            "high": "21.437",
            "low": "21.437",
            "close": "21.519"
        },
        {
            "time": "05.04.2021 12:07",
            "open": "21.519",
            "high": "21.519",
            "low": "21.519",
            "close": "21.47"
        },
        {
            "time": "05.04.2021 12:11",
            "open": "21.47",
            "high": "21.472",
            "low": "21.47",
            "close": "21.461"
        },
        {
            "time": "05.04.2021 12:12",
            "open": "21.461",
            "high": "21.461",
            "low": "21.461",
            "close": "21.509"
        },
        {
            "time": "05.04.2021 12:16",
            "open": "21.509",
            "high": "21.509",
            "low": "21.509",
            "close": "21.509"
        },
        {
            "time": "05.04.2021 12:22",
            "open": "21.509",
            "high": "21.509",
            "low": "21.509",
            "close": "21.509"
        },
        {
            "time": "05.04.2021 12:24",
            "open": "21.509",
            "high": "21.509",
            "low": "21.509",
            "close": "21.573"
        },
        {
            "time": "05.04.2021 12:26",
            "open": "21.573",
            "high": "21.573",
            "low": "21.562",
            "close": "21.529"
        },
        {
            "time": "05.04.2021 12:30",
            "open": "21.529",
            "high": "21.529",
            "low": "21.529",
            "close": "21.488"
        },
        {
            "time": "05.04.2021 12:32",
            "open": "21.488",
            "high": "21.488",
            "low": "21.488",
            "close": "21.532"
        },
        {
            "time": "05.04.2021 12:34",
            "open": "21.532",
            "high": "21.536",
            "low": "21.532",
            "close": "21.546"
        },
        {
            "time": "05.04.2021 12:41",
            "open": "21.546",
            "high": "21.546",
            "low": "21.546",
            "close": "21.536"
        },
        {
            "time": "05.04.2021 12:43",
            "open": "21.536",
            "high": "21.536",
            "low": "21.536",
            "close": "21.556"
        },
        {
            "time": "05.04.2021 12:47",
            "open": "21.556",
            "high": "21.556",
            "low": "21.518",
            "close": "21.515"
        },
        {
            "time": "05.04.2021 12:51",
            "open": "21.515",
            "high": "21.515",
            "low": "21.511",
            "close": "21.597"
        },
        {
            "time": "05.04.2021 12:52",
            "open": "21.597",
            "high": "21.597",
            "low": "21.597",
            "close": "21.608"
        },
        {
            "time": "05.04.2021 12:59",
            "open": "21.608",
            "high": "21.608",
            "low": "21.608",
            "close": "21.609"
        },
        {
            "time": "05.04.2021 13:01",
            "open": "21.609",
            "high": "21.61",
            "low": "21.609",
            "close": "21.599"
        },
        {
            "time": "05.04.2021 13:03",
            "open": "21.599",
            "high": "21.599",
            "low": "21.599",
            "close": "21.573"
        },
        {
            "time": "05.04.2021 13:05",
            "open": "21.573",
            "high": "21.588",
            "low": "21.573",
            "close": "21.61"
        },
        {
            "time": "05.04.2021 13:11",
            "open": "21.61",
            "high": "21.62",
            "low": "21.61",
            "close": "21.61"
        },
        {
            "time": "05.04.2021 13:12",
            "open": "21.61",
            "high": "21.611",
            "low": "21.61",
            "close": "21.63"
        },
        {
            "time": "05.04.2021 13:13",
            "open": "21.63",
            "high": "21.64",
            "low": "21.63",
            "close": "21.621"
        },
        {
            "time": "05.04.2021 13:15",
            "open": "21.621",
            "high": "21.621",
            "low": "21.621",
            "close": "21.614"
        },
        {
            "time": "05.04.2021 13:17",
            "open": "21.614",
            "high": "21.614",
            "low": "21.591",
            "close": "21.601"
        },
        {
            "time": "05.04.2021 13:18",
            "open": "21.601",
            "high": "21.601",
            "low": "21.601",
            "close": "21.673"
        },
        {
            "time": "05.04.2021 13:19",
            "open": "21.673",
            "high": "21.673",
            "low": "21.643",
            "close": "21.633"
        },
        {
            "time": "05.04.2021 13:26",
            "open": "21.633",
            "high": "21.634",
            "low": "21.633",
            "close": "21.617"
        },
        {
            "time": "05.04.2021 13:28",
            "open": "21.617",
            "high": "21.617",
            "low": "21.617",
            "close": "21.614"
        },
        {
            "time": "05.04.2021 13:29",
            "open": "21.614",
            "high": "21.614",
            "low": "21.614",
            "close": "21.662"
        },
        {
            "time": "05.04.2021 13:30",
            "open": "21.662",
            "high": "21.662",
            "low": "21.662",
            "close": "21.591"
        },
        {
            "time": "05.04.2021 13:33",
            "open": "21.591",
            "high": "21.591",
            "low": "21.591",
            "close": "21.623"
        },
        {
            "time": "05.04.2021 13:35",
            "open": "21.623",
            "high": "21.623",
            "low": "21.591",
            "close": "21.592"
        },
        {
            "time": "05.04.2021 13:36",
            "open": "21.592",
            "high": "21.592",
            "low": "21.592",
            "close": "21.637"
        },
        {
            "time": "05.04.2021 13:40",
            "open": "21.637",
            "high": "21.637",
            "low": "21.637",
            "close": "21.675"
        },
        {
            "time": "05.04.2021 13:43",
            "open": "21.675",
            "high": "21.675",
            "low": "21.675",
            "close": "21.698"
        },
        {
            "time": "05.04.2021 13:44",
            "open": "21.698",
            "high": "21.698",
            "low": "21.698",
            "close": "21.71"
        },
        {
            "time": "05.04.2021 13:46",
            "open": "21.71",
            "high": "21.71",
            "low": "21.7",
            "close": "21.711"
        },
        {
            "time": "05.04.2021 13:47",
            "open": "21.711",
            "high": "21.728",
            "low": "21.711",
            "close": "21.728"
        },
        {
            "time": "05.04.2021 13:49",
            "open": "21.728",
            "high": "21.769",
            "low": "21.727",
            "close": "21.706"
        },
        {
            "time": "05.04.2021 13:50",
            "open": "21.706",
            "high": "21.737",
            "low": "21.706",
            "close": "21.684"
        },
        {
            "time": "05.04.2021 13:52",
            "open": "21.684",
            "high": "21.684",
            "low": "21.684",
            "close": "21.684"
        },
        {
            "time": "05.04.2021 13:53",
            "open": "21.684",
            "high": "21.712",
            "low": "21.684",
            "close": "21.732"
        },
        {
            "time": "05.04.2021 13:54",
            "open": "21.732",
            "high": "21.732",
            "low": "21.732",
            "close": "21.718"
        },
        {
            "time": "05.04.2021 13:56",
            "open": "21.718",
            "high": "21.718",
            "low": "21.716",
            "close": "21.77"
        },
        {
            "time": "05.04.2021 13:58",
            "open": "21.77",
            "high": "21.786",
            "low": "21.77",
            "close": "21.782"
        },
        {
            "time": "05.04.2021 13:59",
            "open": "21.782",
            "high": "21.782",
            "low": "21.782",
            "close": "21.78"
        },
        {
            "time": "05.04.2021 14:01",
            "open": "21.78",
            "high": "21.78",
            "low": "21.738",
            "close": "21.686"
        },
        {
            "time": "05.04.2021 14:02",
            "open": "21.686",
            "high": "21.686",
            "low": "21.658",
            "close": "21.665"
        },
        {
            "time": "05.04.2021 14:03",
            "open": "21.665",
            "high": "21.665",
            "low": "21.665",
            "close": "21.704"
        },
        {
            "time": "05.04.2021 14:04",
            "open": "21.704",
            "high": "21.704",
            "low": "21.698",
            "close": "21.663"
        },
        {
            "time": "05.04.2021 14:05",
            "open": "21.663",
            "high": "21.663",
            "low": "21.656",
            "close": "21.591"
        },
        {
            "time": "05.04.2021 14:06",
            "open": "21.591",
            "high": "21.591",
            "low": "21.577",
            "close": "21.614"
        },
        {
            "time": "05.04.2021 14:08",
            "open": "21.614",
            "high": "21.614",
            "low": "21.59",
            "close": "21.596"
        },
        {
            "time": "05.04.2021 14:09",
            "open": "21.596",
            "high": "21.667",
            "low": "21.596",
            "close": "21.656"
        },
        {
            "time": "05.04.2021 14:10",
            "open": "21.656",
            "high": "21.656",
            "low": "21.651",
            "close": "21.554"
        },
        {
            "time": "05.04.2021 14:13",
            "open": "21.554",
            "high": "21.621",
            "low": "21.554",
            "close": "21.666"
        },
        {
            "time": "05.04.2021 14:18",
            "open": "21.666",
            "high": "21.666",
            "low": "21.666",
            "close": "21.667"
        },
        {
            "time": "05.04.2021 14:19",
            "open": "21.667",
            "high": "21.667",
            "low": "21.666",
            "close": "21.557"
        },
        {
            "time": "05.04.2021 14:21",
            "open": "21.557",
            "high": "21.562",
            "low": "21.557",
            "close": "21.63"
        },
        {
            "time": "05.04.2021 14:22",
            "open": "21.63",
            "high": "21.63",
            "low": "21.63",
            "close": "21.691"
        },
        {
            "time": "05.04.2021 14:23",
            "open": "21.691",
            "high": "21.691",
            "low": "21.67",
            "close": "21.663"
        },
        {
            "time": "05.04.2021 14:24",
            "open": "21.663",
            "high": "21.663",
            "low": "21.591",
            "close": "21.598"
        },
        {
            "time": "05.04.2021 14:25",
            "open": "21.598",
            "high": "21.598",
            "low": "21.596",
            "close": "21.598"
        },
        {
            "time": "05.04.2021 14:26",
            "open": "21.598",
            "high": "21.598",
            "low": "21.598",
            "close": "21.607"
        },
        {
            "time": "05.04.2021 14:28",
            "open": "21.607",
            "high": "21.609",
            "low": "21.607",
            "close": "21.609"
        },
        {
            "time": "05.04.2021 14:29",
            "open": "21.609",
            "high": "21.609",
            "low": "21.609",
            "close": "21.611"
        },
        {
            "time": "05.04.2021 14:34",
            "open": "21.611",
            "high": "21.611",
            "low": "21.611",
            "close": "21.61"
        },
        {
            "time": "05.04.2021 14:36",
            "open": "21.61",
            "high": "21.61",
            "low": "21.61",
            "close": "21.559"
        },
        {
            "time": "05.04.2021 14:37",
            "open": "21.559",
            "high": "21.559",
            "low": "21.559",
            "close": "21.559"
        },
        {
            "time": "05.04.2021 14:38",
            "open": "21.559",
            "high": "21.559",
            "low": "21.559",
            "close": "21.549"
        },
        {
            "time": "05.04.2021 14:40",
            "open": "21.549",
            "high": "21.559",
            "low": "21.549",
            "close": "21.582"
        },
        {
            "time": "05.04.2021 14:41",
            "open": "21.582",
            "high": "21.582",
            "low": "21.582",
            "close": "21.621"
        },
        {
            "time": "05.04.2021 14:44",
            "open": "21.621",
            "high": "21.621",
            "low": "21.621",
            "close": "21.608"
        },
        {
            "time": "05.04.2021 14:45",
            "open": "21.608",
            "high": "21.608",
            "low": "21.608",
            "close": "21.577"
        },
        {
            "time": "05.04.2021 14:46",
            "open": "21.577",
            "high": "21.577",
            "low": "21.577",
            "close": "21.577"
        },
        {
            "time": "05.04.2021 14:49",
            "open": "21.577",
            "high": "21.577",
            "low": "21.577",
            "close": "21.577"
        },
        {
            "time": "05.04.2021 14:51",
            "open": "21.577",
            "high": "21.577",
            "low": "21.527",
            "close": "21.52"
        },
        {
            "time": "05.04.2021 14:54",
            "open": "21.52",
            "high": "21.52",
            "low": "21.52",
            "close": "21.53"
        },
        {
            "time": "05.04.2021 14:55",
            "open": "21.53",
            "high": "21.53",
            "low": "21.53",
            "close": "21.53"
        },
        {
            "time": "05.04.2021 14:56",
            "open": "21.53",
            "high": "21.53",
            "low": "21.53",
            "close": "21.53"
        },
        {
            "time": "05.04.2021 14:57",
            "open": "21.53",
            "high": "21.53",
            "low": "21.53",
            "close": "21.484"
        },
        {
            "time": "05.04.2021 14:58",
            "open": "21.484",
            "high": "21.484",
            "low": "21.484",
            "close": "21.48"
        },
        {
            "time": "05.04.2021 14:59",
            "open": "21.48",
            "high": "21.48",
            "low": "21.48",
            "close": "21.48"
        },
        {
            "time": "05.04.2021 15:00",
            "open": "21.48",
            "high": "21.48",
            "low": "21.48",
            "close": "21.516"
        },
        {
            "time": "05.04.2021 15:01",
            "open": "21.516",
            "high": "21.516",
            "low": "21.516",
            "close": "21.505"
        },
        {
            "time": "05.04.2021 15:03",
            "open": "21.505",
            "high": "21.51",
            "low": "21.505",
            "close": "21.509"
        },
        {
            "time": "05.04.2021 15:04",
            "open": "21.509",
            "high": "21.509",
            "low": "21.509",
            "close": "21.509"
        },
        {
            "time": "05.04.2021 15:05",
            "open": "21.509",
            "high": "21.52",
            "low": "21.509",
            "close": "21.52"
        },
        {
            "time": "05.04.2021 15:06",
            "open": "21.52",
            "high": "21.52",
            "low": "21.52",
            "close": "21.49"
        },
        {
            "time": "05.04.2021 15:07",
            "open": "21.49",
            "high": "21.49",
            "low": "21.49",
            "close": "21.48"
        },
        {
            "time": "05.04.2021 15:08",
            "open": "21.48",
            "high": "21.48",
            "low": "21.48",
            "close": "21.442"
        },
        {
            "time": "05.04.2021 15:14",
            "open": "21.442",
            "high": "21.442",
            "low": "21.442",
            "close": "21.447"
        },
        {
            "time": "05.04.2021 15:16",
            "open": "21.447",
            "high": "21.463",
            "low": "21.447",
            "close": "21.46"
        },
        {
            "time": "05.04.2021 15:18",
            "open": "21.46",
            "high": "21.46",
            "low": "21.46",
            "close": "21.437"
        },
        {
            "time": "05.04.2021 15:20",
            "open": "21.437",
            "high": "21.437",
            "low": "21.437",
            "close": "21.42"
        },
        {
            "time": "05.04.2021 15:21",
            "open": "21.42",
            "high": "21.42",
            "low": "21.42",
            "close": "21.42"
        },
        {
            "time": "05.04.2021 15:22",
            "open": "21.42",
            "high": "21.42",
            "low": "21.42",
            "close": "21.41"
        },
        {
            "time": "05.04.2021 15:23",
            "open": "21.41",
            "high": "21.41",
            "low": "21.41",
            "close": "21.409"
        },
        {
            "time": "05.04.2021 15:24",
            "open": "21.409",
            "high": "21.409",
            "low": "21.409",
            "close": "21.395"
        },
        {
            "time": "05.04.2021 15:25",
            "open": "21.395",
            "high": "21.395",
            "low": "21.395",
            "close": "21.344"
        },
        {
            "time": "05.04.2021 15:28",
            "open": "21.344",
            "high": "21.344",
            "low": "21.331",
            "close": "21.33"
        },
        {
            "time": "05.04.2021 15:31",
            "open": "21.33",
            "high": "21.331",
            "low": "21.33",
            "close": "21.389"
        },
        {
            "time": "05.04.2021 15:32",
            "open": "21.389",
            "high": "21.487",
            "low": "21.389",
            "close": "21.489"
        },
        {
            "time": "05.04.2021 15:33",
            "open": "21.489",
            "high": "21.489",
            "low": "21.489",
            "close": "21.533"
        },
        {
            "time": "05.04.2021 15:38",
            "open": "21.533",
            "high": "21.533",
            "low": "21.533",
            "close": "21.541"
        },
        {
            "time": "05.04.2021 15:39",
            "open": "21.541",
            "high": "21.541",
            "low": "21.521",
            "close": "21.484"
        },
        {
            "time": "05.04.2021 15:40",
            "open": "21.484",
            "high": "21.484",
            "low": "21.484",
            "close": "21.466"
        },
        {
            "time": "05.04.2021 15:41",
            "open": "21.466",
            "high": "21.468",
            "low": "21.466",
            "close": "21.515"
        },
        {
            "time": "05.04.2021 15:44",
            "open": "21.515",
            "high": "21.515",
            "low": "21.515",
            "close": "21.469"
        },
        {
            "time": "05.04.2021 15:46",
            "open": "21.469",
            "high": "21.469",
            "low": "21.469",
            "close": "21.494"
        },
        {
            "time": "05.04.2021 15:52",
            "open": "21.494",
            "high": "21.495",
            "low": "21.494",
            "close": "21.475"
        },
        {
            "time": "05.04.2021 15:57",
            "open": "21.475",
            "high": "21.475",
            "low": "21.475",
            "close": "21.511"
        },
        {
            "time": "05.04.2021 16:03",
            "open": "21.511",
            "high": "21.55",
            "low": "21.491",
            "close": "21.474"
        },
        {
            "time": "05.04.2021 16:05",
            "open": "21.474",
            "high": "21.474",
            "low": "21.474",
            "close": "21.441"
        },
        {
            "time": "05.04.2021 16:07",
            "open": "21.441",
            "high": "21.441",
            "low": "21.441",
            "close": "21.427"
        },
        {
            "time": "05.04.2021 16:08",
            "open": "21.427",
            "high": "21.427",
            "low": "21.427",
            "close": "21.392"
        },
        {
            "time": "05.04.2021 16:09",
            "open": "21.392",
            "high": "21.419",
            "low": "21.39",
            "close": "21.379"
        },
        {
            "time": "05.04.2021 16:10",
            "open": "21.379",
            "high": "21.472",
            "low": "21.379",
            "close": "21.433"
        },
        {
            "time": "05.04.2021 16:12",
            "open": "21.433",
            "high": "21.433",
            "low": "21.433",
            "close": "21.432"
        },
        {
            "time": "05.04.2021 16:19",
            "open": "21.432",
            "high": "21.432",
            "low": "21.428",
            "close": "21.408"
        },
        {
            "time": "05.04.2021 16:20",
            "open": "21.408",
            "high": "21.408",
            "low": "21.408",
            "close": "21.359"
        },
        {
            "time": "05.04.2021 16:21",
            "open": "21.359",
            "high": "21.386",
            "low": "21.359",
            "close": "21.375"
        },
        {
            "time": "05.04.2021 16:22",
            "open": "21.375",
            "high": "21.386",
            "low": "21.375",
            "close": "21.341"
        },
        {
            "time": "05.04.2021 16:25",
            "open": "21.341",
            "high": "21.341",
            "low": "21.307",
            "close": "21.332"
        },
        {
            "time": "05.04.2021 16:27",
            "open": "21.332",
            "high": "21.332",
            "low": "21.332",
            "close": "21.344"
        },
        {
            "time": "05.04.2021 16:28",
            "open": "21.344",
            "high": "21.43",
            "low": "21.344",
            "close": "21.397"
        },
        {
            "time": "05.04.2021 16:30",
            "open": "21.397",
            "high": "21.397",
            "low": "21.397",
            "close": "21.486"
        },
        {
            "time": "05.04.2021 16:31",
            "open": "21.486",
            "high": "21.514",
            "low": "21.486",
            "close": "21.45"
        },
        {
            "time": "05.04.2021 16:32",
            "open": "21.45",
            "high": "21.45",
            "low": "21.435",
            "close": "21.46"
        },
        {
            "time": "05.04.2021 16:33",
            "open": "21.46",
            "high": "21.46",
            "low": "21.417",
            "close": "21.468"
        },
        {
            "time": "05.04.2021 16:34",
            "open": "21.468",
            "high": "21.468",
            "low": "21.428",
            "close": "21.401"
        },
        {
            "time": "05.04.2021 16:35",
            "open": "21.401",
            "high": "21.401",
            "low": "21.401",
            "close": "21.419"
        },
        {
            "time": "05.04.2021 16:37",
            "open": "21.419",
            "high": "21.419",
            "low": "21.419",
            "close": "21.478"
        },
        {
            "time": "05.04.2021 16:40",
            "open": "21.478",
            "high": "21.483",
            "low": "21.478",
            "close": "21.496"
        },
        {
            "time": "05.04.2021 16:41",
            "open": "21.496",
            "high": "21.523",
            "low": "21.496",
            "close": "21.477"
        },
        {
            "time": "05.04.2021 16:42",
            "open": "21.477",
            "high": "21.477",
            "low": "21.477",
            "close": "21.461"
        },
        {
            "time": "05.04.2021 16:48",
            "open": "21.461",
            "high": "21.461",
            "low": "21.461",
            "close": "21.431"
        },
        {
            "time": "05.04.2021 16:49",
            "open": "21.431",
            "high": "21.432",
            "low": "21.427",
            "close": "21.355"
        },
        {
            "time": "05.04.2021 16:51",
            "open": "21.355",
            "high": "21.355",
            "low": "21.355",
            "close": "21.402"
        },
        {
            "time": "05.04.2021 16:55",
            "open": "21.402",
            "high": "21.402",
            "low": "21.402",
            "close": "21.391"
        },
        {
            "time": "05.04.2021 16:56",
            "open": "21.391",
            "high": "21.391",
            "low": "21.391",
            "close": "21.391"
        },
        {
            "time": "05.04.2021 16:58",
            "open": "21.391",
            "high": "21.391",
            "low": "21.391",
            "close": "21.421"
        },
        {
            "time": "05.04.2021 16:59",
            "open": "21.421",
            "high": "21.421",
            "low": "21.421",
            "close": "21.409"
        },
        {
            "time": "05.04.2021 17:00",
            "open": "21.409",
            "high": "21.426",
            "low": "21.409",
            "close": "21.451"
        },
        {
            "time": "05.04.2021 17:01",
            "open": "21.451",
            "high": "21.451",
            "low": "21.451",
            "close": "21.451"
        },
        {
            "time": "05.04.2021 17:02",
            "open": "21.451",
            "high": "21.451",
            "low": "21.451",
            "close": "21.451"
        },
        {
            "time": "05.04.2021 17:03",
            "open": "21.451",
            "high": "21.451",
            "low": "21.352",
            "close": "21.36"
        },
        {
            "time": "05.04.2021 17:04",
            "open": "21.36",
            "high": "21.36",
            "low": "21.36",
            "close": "21.352"
        },
        {
            "time": "05.04.2021 17:06",
            "open": "21.352",
            "high": "21.352",
            "low": "21.352",
            "close": "21.389"
        },
        {
            "time": "05.04.2021 17:08",
            "open": "21.389",
            "high": "21.402",
            "low": "21.388",
            "close": "21.35"
        },
        {
            "time": "05.04.2021 17:09",
            "open": "21.35",
            "high": "21.375",
            "low": "21.35",
            "close": "21.35"
        },
        {
            "time": "05.04.2021 17:10",
            "open": "21.35",
            "high": "21.35",
            "low": "21.35",
            "close": "21.416"
        },
        {
            "time": "05.04.2021 17:12",
            "open": "21.416",
            "high": "21.416",
            "low": "21.416",
            "close": "21.428"
        },
        {
            "time": "05.04.2021 17:13",
            "open": "21.428",
            "high": "21.428",
            "low": "21.428",
            "close": "21.462"
        },
        {
            "time": "05.04.2021 17:14",
            "open": "21.462",
            "high": "21.462",
            "low": "21.462",
            "close": "21.461"
        },
        {
            "time": "05.04.2021 17:15",
            "open": "21.461",
            "high": "21.461",
            "low": "21.461",
            "close": "21.461"
        },
        {
            "time": "05.04.2021 17:16",
            "open": "21.461",
            "high": "21.461",
            "low": "21.461",
            "close": "21.447"
        },
        {
            "time": "05.04.2021 17:18",
            "open": "21.447",
            "high": "21.464",
            "low": "21.447",
            "close": "21.441"
        },
        {
            "time": "05.04.2021 17:20",
            "open": "21.441",
            "high": "21.481",
            "low": "21.441",
            "close": "21.447"
        },
        {
            "time": "05.04.2021 17:21",
            "open": "21.447",
            "high": "21.447",
            "low": "21.447",
            "close": "21.416"
        },
        {
            "time": "05.04.2021 17:23",
            "open": "21.416",
            "high": "21.416",
            "low": "21.416",
            "close": "21.547"
        },
        {
            "time": "05.04.2021 17:24",
            "open": "21.547",
            "high": "21.547",
            "low": "21.547",
            "close": "21.532"
        },
        {
            "time": "05.04.2021 17:25",
            "open": "21.532",
            "high": "21.609",
            "low": "21.532",
            "close": "21.594"
        },
        {
            "time": "05.04.2021 17:27",
            "open": "21.594",
            "high": "21.594",
            "low": "21.594",
            "close": "21.643"
        },
        {
            "time": "05.04.2021 17:28",
            "open": "21.643",
            "high": "21.643",
            "low": "21.643",
            "close": "21.596"
        },
        {
            "time": "05.04.2021 17:30",
            "open": "21.596",
            "high": "21.596",
            "low": "21.596",
            "close": "21.643"
        },
        {
            "time": "05.04.2021 17:32",
            "open": "21.643",
            "high": "21.643",
            "low": "21.639",
            "close": "21.643"
        },
        {
            "time": "05.04.2021 17:33",
            "open": "21.643",
            "high": "21.643",
            "low": "21.643",
            "close": "21.643"
        },
        {
            "time": "05.04.2021 17:34",
            "open": "21.643",
            "high": "21.643",
            "low": "21.643",
            "close": "21.643"
        },
        {
            "time": "05.04.2021 17:38",
            "open": "21.643",
            "high": "21.643",
            "low": "21.643",
            "close": "21.638"
        },
        {
            "time": "05.04.2021 17:39",
            "open": "21.638",
            "high": "21.638",
            "low": "21.617",
            "close": "21.599"
        },
        {
            "time": "05.04.2021 17:40",
            "open": "21.599",
            "high": "21.599",
            "low": "21.598",
            "close": "21.591"
        },
        {
            "time": "05.04.2021 17:41",
            "open": "21.591",
            "high": "21.591",
            "low": "21.588",
            "close": "21.549"
        },
        {
            "time": "05.04.2021 17:43",
            "open": "21.549",
            "high": "21.549",
            "low": "21.549",
            "close": "21.537"
        },
        {
            "time": "05.04.2021 17:44",
            "open": "21.537",
            "high": "21.593",
            "low": "21.532",
            "close": "21.538"
        },
        {
            "time": "05.04.2021 17:45",
            "open": "21.538",
            "high": "21.567",
            "low": "21.538",
            "close": "21.514"
        },
        {
            "time": "05.04.2021 17:48",
            "open": "21.514",
            "high": "21.514",
            "low": "21.514",
            "close": "21.491"
        },
        {
            "time": "05.04.2021 17:49",
            "open": "21.491",
            "high": "21.491",
            "low": "21.491",
            "close": "21.509"
        },
        {
            "time": "05.04.2021 17:50",
            "open": "21.509",
            "high": "21.509",
            "low": "21.509",
            "close": "21.44"
        },
        {
            "time": "05.04.2021 17:51",
            "open": "21.44",
            "high": "21.447",
            "low": "21.44",
            "close": "21.479"
        },
        {
            "time": "05.04.2021 17:52",
            "open": "21.479",
            "high": "21.479",
            "low": "21.479",
            "close": "21.566"
        },
        {
            "time": "05.04.2021 17:56",
            "open": "21.566",
            "high": "21.566",
            "low": "21.526",
            "close": "21.499"
        },
        {
            "time": "05.04.2021 18:00",
            "open": "21.499",
            "high": "21.724",
            "low": "21.499",
            "close": "21.755"
        },
        {
            "time": "05.04.2021 18:01",
            "open": "21.755",
            "high": "21.769",
            "low": "21.751",
            "close": "21.764"
        },
        {
            "time": "05.04.2021 18:02",
            "open": "21.764",
            "high": "21.764",
            "low": "21.751",
            "close": "21.736"
        },
        {
            "time": "05.04.2021 18:03",
            "open": "21.736",
            "high": "21.736",
            "low": "21.736",
            "close": "21.77"
        },
        {
            "time": "05.04.2021 18:04",
            "open": "21.77",
            "high": "21.77",
            "low": "21.77",
            "close": "21.767"
        },
        {
            "time": "05.04.2021 18:05",
            "open": "21.767",
            "high": "21.788",
            "low": "21.747",
            "close": "21.698"
        },
        {
            "time": "05.04.2021 18:06",
            "open": "21.698",
            "high": "21.698",
            "low": "21.698",
            "close": "21.698"
        },
        {
            "time": "05.04.2021 18:08",
            "open": "21.698",
            "high": "21.698",
            "low": "21.698",
            "close": "21.698"
        },
        {
            "time": "05.04.2021 18:09",
            "open": "21.698",
            "high": "21.768",
            "low": "21.698",
            "close": "21.809"
        },
        {
            "time": "05.04.2021 18:10",
            "open": "21.809",
            "high": "21.862",
            "low": "21.809",
            "close": "21.835"
        },
        {
            "time": "05.04.2021 18:11",
            "open": "21.835",
            "high": "21.857",
            "low": "21.819",
            "close": "21.834"
        },
        {
            "time": "05.04.2021 18:12",
            "open": "21.834",
            "high": "21.834",
            "low": "21.834",
            "close": "21.84"
        },
        {
            "time": "05.04.2021 18:13",
            "open": "21.84",
            "high": "21.84",
            "low": "21.839",
            "close": "21.8"
        },
        {
            "time": "05.04.2021 18:14",
            "open": "21.8",
            "high": "21.8",
            "low": "21.8",
            "close": "21.819"
        },
        {
            "time": "05.04.2021 18:15",
            "open": "21.819",
            "high": "21.84",
            "low": "21.819",
            "close": "21.862"
        },
        {
            "time": "05.04.2021 18:16",
            "open": "21.862",
            "high": "21.862",
            "low": "21.862",
            "close": "21.848"
        },
        {
            "time": "05.04.2021 18:17",
            "open": "21.848",
            "high": "21.848",
            "low": "21.817",
            "close": "21.863"
        },
        {
            "time": "05.04.2021 18:18",
            "open": "21.863",
            "high": "21.863",
            "low": "21.77",
            "close": "21.844"
        },
        {
            "time": "05.04.2021 18:19",
            "open": "21.844",
            "high": "21.844",
            "low": "21.806",
            "close": "21.775"
        },
        {
            "time": "05.04.2021 18:24",
            "open": "21.775",
            "high": "21.82",
            "low": "21.775",
            "close": "21.78"
        },
        {
            "time": "05.04.2021 18:25",
            "open": "21.78",
            "high": "21.807",
            "low": "21.78",
            "close": "21.826"
        },
        {
            "time": "05.04.2021 18:26",
            "open": "21.826",
            "high": "22.04",
            "low": "21.824",
            "close": "22.05"
        },
        {
            "time": "05.04.2021 18:27",
            "open": "22.05",
            "high": "22.089",
            "low": "21.985",
            "close": "21.995"
        },
        {
            "time": "05.04.2021 18:28",
            "open": "21.995",
            "high": "22.001",
            "low": "21.995",
            "close": "22.015"
        },
        {
            "time": "05.04.2021 18:29",
            "open": "22.015",
            "high": "22.086",
            "low": "22.015",
            "close": "22.04"
        },
        {
            "time": "05.04.2021 18:31",
            "open": "22.04",
            "high": "22.04",
            "low": "22.035",
            "close": "22.099"
        },
        {
            "time": "05.04.2021 18:32",
            "open": "22.099",
            "high": "22.162",
            "low": "22.099",
            "close": "22.162"
        },
        {
            "time": "05.04.2021 18:33",
            "open": "22.162",
            "high": "22.164",
            "low": "22.161",
            "close": "22.132"
        },
        {
            "time": "05.04.2021 18:36",
            "open": "22.132",
            "high": "22.132",
            "low": "22.132",
            "close": "22.135"
        },
        {
            "time": "05.04.2021 18:37",
            "open": "22.135",
            "high": "22.135",
            "low": "22.135",
            "close": "22.141"
        },
        {
            "time": "05.04.2021 18:38",
            "open": "22.141",
            "high": "22.164",
            "low": "22.141",
            "close": "22.176"
        },
        {
            "time": "05.04.2021 18:39",
            "open": "22.176",
            "high": "22.313",
            "low": "22.176",
            "close": "22.301"
        },
        {
            "time": "05.04.2021 18:40",
            "open": "22.301",
            "high": "22.32",
            "low": "22.301",
            "close": "22.289"
        },
        {
            "time": "05.04.2021 18:41",
            "open": "22.289",
            "high": "22.323",
            "low": "22.289",
            "close": "22.323"
        },
        {
            "time": "05.04.2021 18:42",
            "open": "22.323",
            "high": "22.323",
            "low": "22.309",
            "close": "22.3"
        },
        {
            "time": "05.04.2021 18:43",
            "open": "22.3",
            "high": "22.347",
            "low": "22.3",
            "close": "22.338"
        },
        {
            "time": "05.04.2021 18:44",
            "open": "22.338",
            "high": "22.338",
            "low": "22.338",
            "close": "22.337"
        },
        {
            "time": "05.04.2021 18:45",
            "open": "22.337",
            "high": "22.377",
            "low": "22.329",
            "close": "22.197"
        },
        {
            "time": "05.04.2021 18:48",
            "open": "22.197",
            "high": "22.197",
            "low": "22.156",
            "close": "22.199"
        },
        {
            "time": "05.04.2021 18:50",
            "open": "22.199",
            "high": "22.199",
            "low": "22.199",
            "close": "22.137"
        },
        {
            "time": "05.04.2021 18:51",
            "open": "22.137",
            "high": "22.137",
            "low": "22.121",
            "close": "22.04"
        },
        {
            "time": "05.04.2021 18:52",
            "open": "22.04",
            "high": "22.04",
            "low": "22",
            "close": "22.001"
        },
        {
            "time": "05.04.2021 18:54",
            "open": "22.001",
            "high": "22.001",
            "low": "22",
            "close": "22"
        },
        {
            "time": "05.04.2021 18:55",
            "open": "22",
            "high": "22",
            "low": "21.955",
            "close": "21.955"
        },
        {
            "time": "05.04.2021 18:56",
            "open": "21.955",
            "high": "21.955",
            "low": "21.955",
            "close": "22.011"
        },
        {
            "time": "05.04.2021 18:57",
            "open": "22.011",
            "high": "22.066",
            "low": "22.011",
            "close": "22.014"
        },
        {
            "time": "05.04.2021 18:59",
            "open": "22.014",
            "high": "22.014",
            "low": "22.003",
            "close": "22.011"
        },
        {
            "time": "05.04.2021 19:00",
            "open": "22.011",
            "high": "22.011",
            "low": "22.011",
            "close": "22.037"
        },
        {
            "time": "05.04.2021 19:01",
            "open": "22.037",
            "high": "22.042",
            "low": "22.037",
            "close": "22.03"
        },
        {
            "time": "05.04.2021 19:02",
            "open": "22.03",
            "high": "22.03",
            "low": "22.012",
            "close": "22.013"
        },
        {
            "time": "05.04.2021 19:03",
            "open": "22.013",
            "high": "22.013",
            "low": "22",
            "close": "22.02"
        },
        {
            "time": "05.04.2021 19:04",
            "open": "22.02",
            "high": "22.02",
            "low": "22.02",
            "close": "22.021"
        },
        {
            "time": "05.04.2021 19:06",
            "open": "22.021",
            "high": "22.021",
            "low": "22.021",
            "close": "22.021"
        },
        {
            "time": "05.04.2021 19:07",
            "open": "22.021",
            "high": "22.021",
            "low": "22.021",
            "close": "22.02"
        },
        {
            "time": "05.04.2021 19:08",
            "open": "22.02",
            "high": "22.121",
            "low": "22.02",
            "close": "22.136"
        },
        {
            "time": "05.04.2021 19:09",
            "open": "22.136",
            "high": "22.224",
            "low": "22.136",
            "close": "22.204"
        },
        {
            "time": "05.04.2021 19:10",
            "open": "22.204",
            "high": "22.207",
            "low": "22.191",
            "close": "22.183"
        },
        {
            "time": "05.04.2021 19:14",
            "open": "22.183",
            "high": "22.215",
            "low": "22.183",
            "close": "22.216"
        },
        {
            "time": "05.04.2021 19:15",
            "open": "22.216",
            "high": "22.216",
            "low": "22.184",
            "close": "22.25"
        },
        {
            "time": "05.04.2021 19:16",
            "open": "22.25",
            "high": "22.25",
            "low": "22.25",
            "close": "22.174"
        },
        {
            "time": "05.04.2021 19:18",
            "open": "22.174",
            "high": "22.265",
            "low": "22.174",
            "close": "22.197"
        },
        {
            "time": "05.04.2021 19:19",
            "open": "22.197",
            "high": "22.242",
            "low": "22.197",
            "close": "22.162"
        },
        {
            "time": "05.04.2021 19:21",
            "open": "22.162",
            "high": "22.162",
            "low": "22.162",
            "close": "22.132"
        },
        {
            "time": "05.04.2021 19:22",
            "open": "22.132",
            "high": "22.132",
            "low": "22.128",
            "close": "22.151"
        },
        {
            "time": "05.04.2021 19:23",
            "open": "22.151",
            "high": "22.184",
            "low": "22.141",
            "close": "22.169"
        },
        {
            "time": "05.04.2021 19:24",
            "open": "22.169",
            "high": "22.169",
            "low": "22.124",
            "close": "21.99"
        },
        {
            "time": "05.04.2021 19:26",
            "open": "21.99",
            "high": "21.999",
            "low": "21.902",
            "close": "21.961"
        },
        {
            "time": "05.04.2021 19:27",
            "open": "21.961",
            "high": "21.961",
            "low": "21.961",
            "close": "21.897"
        },
        {
            "time": "05.04.2021 19:28",
            "open": "21.897",
            "high": "21.897",
            "low": "21.816",
            "close": "21.825"
        },
        {
            "time": "05.04.2021 19:29",
            "open": "21.825",
            "high": "21.825",
            "low": "21.825",
            "close": "21.83"
        },
        {
            "time": "05.04.2021 19:31",
            "open": "21.83",
            "high": "21.83",
            "low": "21.806",
            "close": "21.796"
        },
        {
            "time": "05.04.2021 19:32",
            "open": "21.796",
            "high": "21.826",
            "low": "21.692",
            "close": "21.811"
        },
        {
            "time": "05.04.2021 19:33",
            "open": "21.811",
            "high": "21.811",
            "low": "21.811",
            "close": "21.813"
        },
        {
            "time": "05.04.2021 19:35",
            "open": "21.813",
            "high": "21.813",
            "low": "21.762",
            "close": "21.765"
        },
        {
            "time": "05.04.2021 19:36",
            "open": "21.765",
            "high": "21.765",
            "low": "21.765",
            "close": "21.884"
        },
        {
            "time": "05.04.2021 19:38",
            "open": "21.884",
            "high": "21.899",
            "low": "21.884",
            "close": "21.855"
        },
        {
            "time": "05.04.2021 19:40",
            "open": "21.855",
            "high": "21.855",
            "low": "21.855",
            "close": "21.832"
        },
        {
            "time": "05.04.2021 19:41",
            "open": "21.832",
            "high": "21.836",
            "low": "21.832",
            "close": "21.908"
        },
        {
            "time": "05.04.2021 19:44",
            "open": "21.908",
            "high": "21.908",
            "low": "21.871",
            "close": "21.907"
        },
        {
            "time": "05.04.2021 19:45",
            "open": "21.907",
            "high": "21.907",
            "low": "21.907",
            "close": "21.878"
        },
        {
            "time": "05.04.2021 19:46",
            "open": "21.878",
            "high": "21.878",
            "low": "21.877",
            "close": "21.895"
        },
        {
            "time": "05.04.2021 19:48",
            "open": "21.895",
            "high": "21.895",
            "low": "21.895",
            "close": "21.891"
        },
        {
            "time": "05.04.2021 19:49",
            "open": "21.891",
            "high": "21.891",
            "low": "21.891",
            "close": "21.887"
        },
        {
            "time": "05.04.2021 19:54",
            "open": "21.887",
            "high": "21.887",
            "low": "21.887",
            "close": "21.915"
        },
        {
            "time": "05.04.2021 19:57",
            "open": "21.915",
            "high": "22.001",
            "low": "21.915",
            "close": "22"
        },
        {
            "time": "05.04.2021 19:58",
            "open": "22",
            "high": "22.072",
            "low": "22",
            "close": "22.097"
        },
        {
            "time": "05.04.2021 19:59",
            "open": "22.097",
            "high": "22.1",
            "low": "22.097",
            "close": "22.109"
        },
        {
            "time": "05.04.2021 20:00",
            "open": "22.109",
            "high": "22.123",
            "low": "22.109",
            "close": "22.131"
        },
        {
            "time": "05.04.2021 20:02",
            "open": "22.131",
            "high": "22.196",
            "low": "22.131",
            "close": "22.21"
        },
        {
            "time": "05.04.2021 20:03",
            "open": "22.21",
            "high": "22.274",
            "low": "22.21",
            "close": "22.178"
        },
        {
            "time": "05.04.2021 20:06",
            "open": "22.178",
            "high": "22.182",
            "low": "22.178",
            "close": "22.168"
        },
        {
            "time": "05.04.2021 20:08",
            "open": "22.168",
            "high": "22.168",
            "low": "22.168",
            "close": "22.147"
        },
        {
            "time": "05.04.2021 20:09",
            "open": "22.147",
            "high": "22.176",
            "low": "22.14",
            "close": "22.144"
        },
        {
            "time": "05.04.2021 20:10",
            "open": "22.144",
            "high": "22.144",
            "low": "22.144",
            "close": "22.142"
        },
        {
            "time": "05.04.2021 20:12",
            "open": "22.142",
            "high": "22.142",
            "low": "22.134",
            "close": "22.154"
        },
        {
            "time": "05.04.2021 20:13",
            "open": "22.154",
            "high": "22.154",
            "low": "22.154",
            "close": "22.154"
        },
        {
            "time": "05.04.2021 20:14",
            "open": "22.154",
            "high": "22.157",
            "low": "22.119",
            "close": "22.08"
        },
        {
            "time": "05.04.2021 20:16",
            "open": "22.08",
            "high": "22.08",
            "low": "22.069",
            "close": "22.05"
        },
        {
            "time": "05.04.2021 20:17",
            "open": "22.05",
            "high": "22.05",
            "low": "22.038",
            "close": "22.002"
        },
        {
            "time": "05.04.2021 20:20",
            "open": "22.002",
            "high": "22.002",
            "low": "22.002",
            "close": "21.953"
        },
        {
            "time": "05.04.2021 20:24",
            "open": "21.953",
            "high": "21.964",
            "low": "21.953",
            "close": "21.943"
        },
        {
            "time": "05.04.2021 20:29",
            "open": "21.943",
            "high": "21.943",
            "low": "21.842",
            "close": "21.841"
        },
        {
            "time": "05.04.2021 20:30",
            "open": "21.841",
            "high": "21.876",
            "low": "21.838",
            "close": "21.885"
        },
        {
            "time": "05.04.2021 20:31",
            "open": "21.885",
            "high": "21.885",
            "low": "21.877",
            "close": "21.839"
        },
        {
            "time": "05.04.2021 20:32",
            "open": "21.839",
            "high": "21.869",
            "low": "21.831",
            "close": "21.821"
        },
        {
            "time": "05.04.2021 20:35",
            "open": "21.821",
            "high": "21.821",
            "low": "21.805",
            "close": "21.803"
        },
        {
            "time": "05.04.2021 20:39",
            "open": "21.803",
            "high": "21.856",
            "low": "21.803",
            "close": "21.893"
        },
        {
            "time": "05.04.2021 20:40",
            "open": "21.893",
            "high": "21.893",
            "low": "21.893",
            "close": "21.886"
        },
        {
            "time": "05.04.2021 20:42",
            "open": "21.886",
            "high": "21.887",
            "low": "21.886",
            "close": "21.877"
        },
        {
            "time": "05.04.2021 20:43",
            "open": "21.877",
            "high": "21.877",
            "low": "21.84",
            "close": "21.977"
        },
        {
            "time": "05.04.2021 20:47",
            "open": "21.977",
            "high": "21.977",
            "low": "21.977",
            "close": "21.974"
        },
        {
            "time": "05.04.2021 20:53",
            "open": "21.974",
            "high": "21.974",
            "low": "21.925",
            "close": "21.927"
        },
        {
            "time": "05.04.2021 20:57",
            "open": "21.927",
            "high": "21.927",
            "low": "21.927",
            "close": "21.968"
        },
        {
            "time": "05.04.2021 20:58",
            "open": "21.968",
            "high": "21.974",
            "low": "21.848",
            "close": "21.88"
        },
        {
            "time": "05.04.2021 20:59",
            "open": "21.88",
            "high": "21.89",
            "low": "21.88",
            "close": "21.888"
        },
        {
            "time": "05.04.2021 21:00",
            "open": "21.888",
            "high": "21.888",
            "low": "21.88",
            "close": "21.88"
        },
        {
            "time": "05.04.2021 21:01",
            "open": "21.88",
            "high": "21.886",
            "low": "21.88",
            "close": "21.89"
        },
        {
            "time": "05.04.2021 21:02",
            "open": "21.89",
            "high": "21.9",
            "low": "21.864",
            "close": "21.858"
        },
        {
            "time": "05.04.2021 21:05",
            "open": "21.858",
            "high": "21.858",
            "low": "21.858",
            "close": "21.864"
        },
        {
            "time": "05.04.2021 21:08",
            "open": "21.864",
            "high": "21.864",
            "low": "21.864",
            "close": "21.827"
        },
        {
            "time": "05.04.2021 21:10",
            "open": "21.827",
            "high": "21.827",
            "low": "21.789",
            "close": "21.789"
        },
        {
            "time": "05.04.2021 21:13",
            "open": "21.789",
            "high": "21.789",
            "low": "21.789",
            "close": "21.789"
        },
        {
            "time": "05.04.2021 21:15",
            "open": "21.789",
            "high": "21.789",
            "low": "21.764",
            "close": "21.763"
        },
        {
            "time": "05.04.2021 21:16",
            "open": "21.763",
            "high": "21.763",
            "low": "21.741",
            "close": "21.761"
        },
        {
            "time": "05.04.2021 21:19",
            "open": "21.761",
            "high": "21.761",
            "low": "21.761",
            "close": "21.76"
        },
        {
            "time": "05.04.2021 21:21",
            "open": "21.76",
            "high": "21.76",
            "low": "21.76",
            "close": "21.764"
        },
        {
            "time": "05.04.2021 21:22",
            "open": "21.764",
            "high": "21.802",
            "low": "21.764",
            "close": "21.813"
        },
        {
            "time": "05.04.2021 21:23",
            "open": "21.813",
            "high": "21.815",
            "low": "21.811",
            "close": "21.739"
        },
        {
            "time": "05.04.2021 21:24",
            "open": "21.739",
            "high": "21.739",
            "low": "21.735",
            "close": "21.744"
        },
        {
            "time": "05.04.2021 21:26",
            "open": "21.744",
            "high": "21.744",
            "low": "21.744",
            "close": "21.738"
        },
        {
            "time": "05.04.2021 21:28",
            "open": "21.738",
            "high": "21.769",
            "low": "21.738",
            "close": "21.732"
        },
        {
            "time": "05.04.2021 21:29",
            "open": "21.732",
            "high": "21.732",
            "low": "21.732",
            "close": "21.75"
        },
        {
            "time": "05.04.2021 21:30",
            "open": "21.75",
            "high": "21.75",
            "low": "21.75",
            "close": "21.778"
        },
        {
            "time": "05.04.2021 21:34",
            "open": "21.778",
            "high": "21.778",
            "low": "21.742",
            "close": "21.718"
        },
        {
            "time": "05.04.2021 21:36",
            "open": "21.718",
            "high": "21.718",
            "low": "21.718",
            "close": "21.714"
        },
        {
            "time": "05.04.2021 21:37",
            "open": "21.714",
            "high": "21.732",
            "low": "21.714",
            "close": "21.714"
        },
        {
            "time": "05.04.2021 21:38",
            "open": "21.714",
            "high": "21.714",
            "low": "21.714",
            "close": "21.674"
        },
        {
            "time": "05.04.2021 21:41",
            "open": "21.674",
            "high": "21.674",
            "low": "21.674",
            "close": "21.681"
        },
        {
            "time": "05.04.2021 21:42",
            "open": "21.681",
            "high": "21.681",
            "low": "21.681",
            "close": "21.684"
        },
        {
            "time": "05.04.2021 21:43",
            "open": "21.684",
            "high": "21.684",
            "low": "21.684",
            "close": "21.697"
        },
        {
            "time": "05.04.2021 21:44",
            "open": "21.697",
            "high": "21.697",
            "low": "21.671",
            "close": "21.7"
        },
        {
            "time": "05.04.2021 21:45",
            "open": "21.7",
            "high": "21.7",
            "low": "21.7",
            "close": "21.7"
        },
        {
            "time": "05.04.2021 21:50",
            "open": "21.7",
            "high": "21.7",
            "low": "21.7",
            "close": "21.7"
        },
        {
            "time": "05.04.2021 21:52",
            "open": "21.7",
            "high": "21.74",
            "low": "21.698",
            "close": "21.711"
        },
        {
            "time": "05.04.2021 21:54",
            "open": "21.711",
            "high": "21.711",
            "low": "21.711",
            "close": "21.698"
        },
        {
            "time": "05.04.2021 21:57",
            "open": "21.698",
            "high": "21.698",
            "low": "21.698",
            "close": "21.698"
        },
        {
            "time": "05.04.2021 22:00",
            "open": "21.698",
            "high": "21.698",
            "low": "21.69",
            "close": "21.689"
        },
        {
            "time": "05.04.2021 22:02",
            "open": "21.689",
            "high": "21.689",
            "low": "21.689",
            "close": "21.72"
        },
        {
            "time": "05.04.2021 22:04",
            "open": "21.72",
            "high": "21.736",
            "low": "21.72",
            "close": "21.705"
        },
        {
            "time": "05.04.2021 22:06",
            "open": "21.705",
            "high": "21.705",
            "low": "21.705",
            "close": "21.733"
        },
        {
            "time": "05.04.2021 22:07",
            "open": "21.733",
            "high": "21.733",
            "low": "21.733",
            "close": "21.741"
        },
        {
            "time": "05.04.2021 22:10",
            "open": "21.741",
            "high": "21.741",
            "low": "21.741",
            "close": "21.703"
        },
        {
            "time": "05.04.2021 22:11",
            "open": "21.703",
            "high": "21.703",
            "low": "21.703",
            "close": "21.704"
        },
        {
            "time": "05.04.2021 22:18",
            "open": "21.704",
            "high": "21.704",
            "low": "21.704",
            "close": "21.737"
        },
        {
            "time": "05.04.2021 22:19",
            "open": "21.737",
            "high": "21.737",
            "low": "21.704",
            "close": "21.721"
        },
        {
            "time": "05.04.2021 22:23",
            "open": "21.721",
            "high": "21.721",
            "low": "21.721",
            "close": "21.71"
        },
        {
            "time": "05.04.2021 22:25",
            "open": "21.71",
            "high": "21.71",
            "low": "21.71",
            "close": "21.73"
        },
        {
            "time": "05.04.2021 22:27",
            "open": "21.73",
            "high": "21.73",
            "low": "21.73",
            "close": "21.739"
        },
        {
            "time": "05.04.2021 22:28",
            "open": "21.739",
            "high": "21.74",
            "low": "21.739",
            "close": "21.708"
        },
        {
            "time": "05.04.2021 22:29",
            "open": "21.708",
            "high": "21.737",
            "low": "21.708",
            "close": "21.737"
        },
        {
            "time": "05.04.2021 22:30",
            "open": "21.737",
            "high": "21.746",
            "low": "21.737",
            "close": "21.74"
        },
        {
            "time": "05.04.2021 22:31",
            "open": "21.74",
            "high": "21.74",
            "low": "21.731",
            "close": "21.74"
        },
        {
            "time": "05.04.2021 22:32",
            "open": "21.74",
            "high": "21.74",
            "low": "21.74",
            "close": "21.758"
        },
        {
            "time": "05.04.2021 22:35",
            "open": "21.758",
            "high": "21.758",
            "low": "21.758",
            "close": "21.769"
        },
        {
            "time": "05.04.2021 22:37",
            "open": "21.769",
            "high": "21.769",
            "low": "21.769",
            "close": "21.794"
        },
        {
            "time": "05.04.2021 22:40",
            "open": "21.794",
            "high": "21.794",
            "low": "21.794",
            "close": "21.795"
        },
        {
            "time": "05.04.2021 22:42",
            "open": "21.795",
            "high": "21.795",
            "low": "21.795",
            "close": "21.796"
        },
        {
            "time": "05.04.2021 22:43",
            "open": "21.796",
            "high": "21.845",
            "low": "21.796",
            "close": "21.848"
        },
        {
            "time": "05.04.2021 22:44",
            "open": "21.848",
            "high": "21.89",
            "low": "21.848",
            "close": "21.9"
        },
        {
            "time": "05.04.2021 22:45",
            "open": "21.9",
            "high": "21.9",
            "low": "21.9",
            "close": "21.925"
        },
        {
            "time": "05.04.2021 22:46",
            "open": "21.925",
            "high": "21.955",
            "low": "21.925",
            "close": "21.905"
        },
        {
            "time": "05.04.2021 22:47",
            "open": "21.905",
            "high": "21.905",
            "low": "21.901",
            "close": "21.89"
        },
        {
            "time": "05.04.2021 22:48",
            "open": "21.89",
            "high": "21.89",
            "low": "21.89",
            "close": "21.863"
        },
        {
            "time": "05.04.2021 22:49",
            "open": "21.863",
            "high": "21.863",
            "low": "21.863",
            "close": "21.857"
        },
        {
            "time": "05.04.2021 22:55",
            "open": "21.857",
            "high": "21.857",
            "low": "21.857",
            "close": "21.827"
        },
        {
            "time": "05.04.2021 22:56",
            "open": "21.827",
            "high": "21.827",
            "low": "21.827",
            "close": "21.892"
        },
        {
            "time": "05.04.2021 23:01",
            "open": "21.892",
            "high": "21.892",
            "low": "21.892",
            "close": "21.893"
        },
        {
            "time": "05.04.2021 23:02",
            "open": "21.893",
            "high": "21.893",
            "low": "21.893",
            "close": "21.935"
        },
        {
            "time": "05.04.2021 23:04",
            "open": "21.935",
            "high": "21.935",
            "low": "21.935",
            "close": "21.892"
        },
        {
            "time": "05.04.2021 23:05",
            "open": "21.892",
            "high": "21.895",
            "low": "21.892",
            "close": "21.887"
        },
        {
            "time": "05.04.2021 23:07",
            "open": "21.887",
            "high": "21.927",
            "low": "21.887",
            "close": "21.885"
        },
        {
            "time": "05.04.2021 23:10",
            "open": "21.885",
            "high": "21.885",
            "low": "21.885",
            "close": "21.918"
        },
        {
            "time": "05.04.2021 23:13",
            "open": "21.918",
            "high": "21.918",
            "low": "21.918",
            "close": "21.903"
        },
        {
            "time": "05.04.2021 23:18",
            "open": "21.903",
            "high": "21.903",
            "low": "21.901",
            "close": "21.92"
        },
        {
            "time": "05.04.2021 23:19",
            "open": "21.92",
            "high": "21.92",
            "low": "21.92",
            "close": "21.897"
        },
        {
            "time": "05.04.2021 23:21",
            "open": "21.897",
            "high": "21.897",
            "low": "21.896",
            "close": "21.824"
        },
        {
            "time": "05.04.2021 23:34",
            "open": "21.824",
            "high": "21.824",
            "low": "21.824",
            "close": "21.864"
        },
        {
            "time": "05.04.2021 23:35",
            "open": "21.864",
            "high": "21.864",
            "low": "21.864",
            "close": "21.825"
        },
        {
            "time": "05.04.2021 23:36",
            "open": "21.825",
            "high": "21.825",
            "low": "21.822",
            "close": "21.85"
        },
        {
            "time": "05.04.2021 23:37",
            "open": "21.85",
            "high": "21.853",
            "low": "21.85",
            "close": "21.884"
        },
        {
            "time": "05.04.2021 23:40",
            "open": "21.884",
            "high": "21.895",
            "low": "21.884",
            "close": "21.896"
        },
        {
            "time": "05.04.2021 23:41",
            "open": "21.896",
            "high": "21.896",
            "low": "21.896",
            "close": "21.919"
        },
        {
            "time": "05.04.2021 23:42",
            "open": "21.919",
            "high": "21.919",
            "low": "21.919",
            "close": "21.891"
        },
        {
            "time": "05.04.2021 23:44",
            "open": "21.891",
            "high": "21.891",
            "low": "21.891",
            "close": "21.867"
        },
        {
            "time": "05.04.2021 23:45",
            "open": "21.867",
            "high": "21.867",
            "low": "21.867",
            "close": "21.883"
        },
        {
            "time": "05.04.2021 23:50",
            "open": "21.883",
            "high": "21.898",
            "low": "21.883",
            "close": "21.892"
        },
        {
            "time": "05.04.2021 23:51",
            "open": "21.892",
            "high": "21.892",
            "low": "21.891",
            "close": "21.89"
        },
        {
            "time": "05.04.2021 23:53",
            "open": "21.89",
            "high": "21.89",
            "low": "21.89",
            "close": "21.89"
        },
        {
            "time": "05.04.2021 23:55",
            "open": "21.89",
            "high": "21.89",
            "low": "21.827",
            "close": "21.73"
        },
        {
            "time": "05.04.2021 23:56",
            "open": "21.73",
            "high": "21.73",
            "low": "21.704",
            "close": "21.704"
        },
        {
            "time": "05.04.2021 23:57",
            "open": "21.704",
            "high": "21.704",
            "low": "21.704",
            "close": "21.664"
        }
    ]
}