{
    "UMA-EUR": [
        {
            "time": "23.03.2021 23:59",
            "open": "19.526",
            "high": "19.526",
            "low": "19.516",
            "close": "19.505"
        },
        {
            "time": "24.03.2021 00:02",
            "open": "19.505",
            "high": "19.505",
            "low": "19.505",
            "close": "19.513"
        },
        {
            "time": "24.03.2021 00:03",
            "open": "19.513",
            "high": "19.513",
            "low": "19.513",
            "close": "19.508"
        },
        {
            "time": "24.03.2021 00:07",
            "open": "19.508",
            "high": "19.508",
            "low": "19.508",
            "close": "19.517"
        },
        {
            "time": "24.03.2021 00:15",
            "open": "19.517",
            "high": "19.517",
            "low": "19.517",
            "close": "19.535"
        },
        {
            "time": "24.03.2021 00:18",
            "open": "19.535",
            "high": "19.585",
            "low": "19.535",
            "close": "19.6"
        },
        {
            "time": "24.03.2021 00:19",
            "open": "19.6",
            "high": "19.601",
            "low": "19.596",
            "close": "19.592"
        },
        {
            "time": "24.03.2021 00:21",
            "open": "19.592",
            "high": "19.592",
            "low": "19.587",
            "close": "19.581"
        },
        {
            "time": "24.03.2021 00:26",
            "open": "19.581",
            "high": "19.581",
            "low": "19.581",
            "close": "19.491"
        },
        {
            "time": "24.03.2021 00:35",
            "open": "19.491",
            "high": "19.491",
            "low": "19.491",
            "close": "19.451"
        },
        {
            "time": "24.03.2021 00:49",
            "open": "19.451",
            "high": "19.451",
            "low": "19.451",
            "close": "19.418"
        },
        {
            "time": "24.03.2021 01:03",
            "open": "19.418",
            "high": "19.483",
            "low": "19.418",
            "close": "19.371"
        },
        {
            "time": "24.03.2021 01:14",
            "open": "19.371",
            "high": "19.371",
            "low": "19.371",
            "close": "19.35"
        },
        {
            "time": "24.03.2021 01:15",
            "open": "19.35",
            "high": "19.35",
            "low": "19.25",
            "close": "19.214"
        },
        {
            "time": "24.03.2021 01:16",
            "open": "19.214",
            "high": "19.214",
            "low": "19.214",
            "close": "19.207"
        },
        {
            "time": "24.03.2021 01:17",
            "open": "19.207",
            "high": "19.207",
            "low": "19.192",
            "close": "19.209"
        },
        {
            "time": "24.03.2021 01:19",
            "open": "19.209",
            "high": "19.233",
            "low": "19.209",
            "close": "19.204"
        },
        {
            "time": "24.03.2021 01:23",
            "open": "19.204",
            "high": "19.204",
            "low": "19.204",
            "close": "19.17"
        },
        {
            "time": "24.03.2021 01:27",
            "open": "19.17",
            "high": "19.17",
            "low": "19.17",
            "close": "19.145"
        },
        {
            "time": "24.03.2021 01:30",
            "open": "19.145",
            "high": "19.145",
            "low": "19.145",
            "close": "19.178"
        },
        {
            "time": "24.03.2021 01:35",
            "open": "19.178",
            "high": "19.179",
            "low": "19.178",
            "close": "19.115"
        },
        {
            "time": "24.03.2021 01:56",
            "open": "19.115",
            "high": "19.115",
            "low": "19.026",
            "close": "19.029"
        },
        {
            "time": "24.03.2021 01:58",
            "open": "19.029",
            "high": "19.029",
            "low": "19.029",
            "close": "19.13"
        },
        {
            "time": "24.03.2021 02:11",
            "open": "19.13",
            "high": "19.369",
            "low": "19.13",
            "close": "19.371"
        },
        {
            "time": "24.03.2021 02:13",
            "open": "19.371",
            "high": "19.371",
            "low": "19.371",
            "close": "19.395"
        },
        {
            "time": "24.03.2021 02:21",
            "open": "19.395",
            "high": "19.405",
            "low": "19.395",
            "close": "19.479"
        },
        {
            "time": "24.03.2021 02:33",
            "open": "19.479",
            "high": "19.479",
            "low": "19.405",
            "close": "19.412"
        },
        {
            "time": "24.03.2021 02:44",
            "open": "19.412",
            "high": "19.412",
            "low": "19.412",
            "close": "19.379"
        },
        {
            "time": "24.03.2021 03:00",
            "open": "19.379",
            "high": "19.379",
            "low": "19.378",
            "close": "19.415"
        },
        {
            "time": "24.03.2021 03:31",
            "open": "19.415",
            "high": "19.415",
            "low": "19.415",
            "close": "19.415"
        },
        {
            "time": "24.03.2021 03:51",
            "open": "19.415",
            "high": "19.415",
            "low": "19.415",
            "close": "19.37"
        },
        {
            "time": "24.03.2021 04:02",
            "open": "19.37",
            "high": "19.37",
            "low": "19.37",
            "close": "19.316"
        },
        {
            "time": "24.03.2021 04:15",
            "open": "19.316",
            "high": "19.316",
            "low": "19.316",
            "close": "19.298"
        },
        {
            "time": "24.03.2021 04:16",
            "open": "19.298",
            "high": "19.298",
            "low": "19.293",
            "close": "19.24"
        },
        {
            "time": "24.03.2021 04:23",
            "open": "19.24",
            "high": "19.24",
            "low": "19.24",
            "close": "19.459"
        },
        {
            "time": "24.03.2021 04:29",
            "open": "19.459",
            "high": "19.459",
            "low": "19.459",
            "close": "19.488"
        },
        {
            "time": "24.03.2021 04:30",
            "open": "19.488",
            "high": "19.488",
            "low": "19.488",
            "close": "19.543"
        },
        {
            "time": "24.03.2021 04:34",
            "open": "19.543",
            "high": "19.543",
            "low": "19.543",
            "close": "19.554"
        },
        {
            "time": "24.03.2021 04:35",
            "open": "19.554",
            "high": "19.554",
            "low": "19.554",
            "close": "19.453"
        },
        {
            "time": "24.03.2021 04:38",
            "open": "19.453",
            "high": "19.453",
            "low": "19.453",
            "close": "19.335"
        },
        {
            "time": "24.03.2021 04:51",
            "open": "19.335",
            "high": "19.336",
            "low": "19.335",
            "close": "19.311"
        },
        {
            "time": "24.03.2021 04:53",
            "open": "19.311",
            "high": "19.318",
            "low": "19.311",
            "close": "19.29"
        },
        {
            "time": "24.03.2021 04:57",
            "open": "19.29",
            "high": "19.312",
            "low": "19.288",
            "close": "19.288"
        },
        {
            "time": "24.03.2021 04:58",
            "open": "19.288",
            "high": "19.326",
            "low": "19.288",
            "close": "19.28"
        },
        {
            "time": "24.03.2021 05:04",
            "open": "19.28",
            "high": "19.28",
            "low": "19.28",
            "close": "19.324"
        },
        {
            "time": "24.03.2021 05:21",
            "open": "19.324",
            "high": "19.324",
            "low": "19.324",
            "close": "19.253"
        },
        {
            "time": "24.03.2021 05:24",
            "open": "19.253",
            "high": "19.253",
            "low": "19.253",
            "close": "19.248"
        },
        {
            "time": "24.03.2021 05:48",
            "open": "19.248",
            "high": "19.34",
            "low": "19.248",
            "close": "19.263"
        },
        {
            "time": "24.03.2021 06:00",
            "open": "19.263",
            "high": "19.263",
            "low": "19.263",
            "close": "19.214"
        },
        {
            "time": "24.03.2021 06:12",
            "open": "19.214",
            "high": "19.214",
            "low": "19.214",
            "close": "19.14"
        },
        {
            "time": "24.03.2021 06:24",
            "open": "19.14",
            "high": "19.14",
            "low": "19.14",
            "close": "19.322"
        },
        {
            "time": "24.03.2021 06:34",
            "open": "19.322",
            "high": "19.322",
            "low": "19.317",
            "close": "19.271"
        },
        {
            "time": "24.03.2021 06:38",
            "open": "19.271",
            "high": "19.271",
            "low": "19.27",
            "close": "19.286"
        },
        {
            "time": "24.03.2021 06:43",
            "open": "19.286",
            "high": "19.286",
            "low": "19.286",
            "close": "19.26"
        },
        {
            "time": "24.03.2021 06:46",
            "open": "19.26",
            "high": "19.26",
            "low": "19.26",
            "close": "19.2"
        },
        {
            "time": "24.03.2021 07:01",
            "open": "19.2",
            "high": "19.201",
            "low": "19.2",
            "close": "19.154"
        },
        {
            "time": "24.03.2021 07:03",
            "open": "19.154",
            "high": "19.154",
            "low": "19.154",
            "close": "19.14"
        },
        {
            "time": "24.03.2021 07:09",
            "open": "19.14",
            "high": "19.14",
            "low": "19.14",
            "close": "19.123"
        },
        {
            "time": "24.03.2021 07:10",
            "open": "19.123",
            "high": "19.123",
            "low": "19.123",
            "close": "19.108"
        },
        {
            "time": "24.03.2021 07:15",
            "open": "19.108",
            "high": "19.108",
            "low": "18.98",
            "close": "18.95"
        },
        {
            "time": "24.03.2021 07:16",
            "open": "18.95",
            "high": "18.95",
            "low": "18.932",
            "close": "19.01"
        },
        {
            "time": "24.03.2021 07:24",
            "open": "19.01",
            "high": "19.01",
            "low": "19.004",
            "close": "18.978"
        },
        {
            "time": "24.03.2021 07:26",
            "open": "18.978",
            "high": "18.978",
            "low": "18.978",
            "close": "18.963"
        },
        {
            "time": "24.03.2021 07:27",
            "open": "18.963",
            "high": "18.963",
            "low": "18.963",
            "close": "18.999"
        },
        {
            "time": "24.03.2021 07:29",
            "open": "18.999",
            "high": "18.999",
            "low": "18.999",
            "close": "19.2"
        },
        {
            "time": "24.03.2021 07:32",
            "open": "19.2",
            "high": "19.212",
            "low": "19.2",
            "close": "19.263"
        },
        {
            "time": "24.03.2021 07:34",
            "open": "19.263",
            "high": "19.263",
            "low": "19.263",
            "close": "19.269"
        },
        {
            "time": "24.03.2021 07:35",
            "open": "19.269",
            "high": "19.269",
            "low": "19.269",
            "close": "19.356"
        },
        {
            "time": "24.03.2021 07:36",
            "open": "19.356",
            "high": "19.356",
            "low": "19.356",
            "close": "19.24"
        },
        {
            "time": "24.03.2021 07:37",
            "open": "19.24",
            "high": "19.24",
            "low": "19.213",
            "close": "19.139"
        },
        {
            "time": "24.03.2021 07:38",
            "open": "19.139",
            "high": "19.243",
            "low": "19.139",
            "close": "19.304"
        },
        {
            "time": "24.03.2021 07:42",
            "open": "19.304",
            "high": "19.304",
            "low": "19.304",
            "close": "19.38"
        },
        {
            "time": "24.03.2021 07:45",
            "open": "19.38",
            "high": "19.38",
            "low": "19.38",
            "close": "19.305"
        },
        {
            "time": "24.03.2021 07:48",
            "open": "19.305",
            "high": "19.33",
            "low": "19.305",
            "close": "19.33"
        },
        {
            "time": "24.03.2021 07:49",
            "open": "19.33",
            "high": "19.33",
            "low": "19.33",
            "close": "19.33"
        },
        {
            "time": "24.03.2021 07:50",
            "open": "19.33",
            "high": "19.33",
            "low": "19.303",
            "close": "19.33"
        },
        {
            "time": "24.03.2021 07:51",
            "open": "19.33",
            "high": "19.33",
            "low": "19.328",
            "close": "19.329"
        },
        {
            "time": "24.03.2021 07:54",
            "open": "19.329",
            "high": "19.329",
            "low": "19.329",
            "close": "19.4"
        },
        {
            "time": "24.03.2021 08:03",
            "open": "19.4",
            "high": "19.45",
            "low": "19.4",
            "close": "19.524"
        },
        {
            "time": "24.03.2021 08:05",
            "open": "19.524",
            "high": "19.524",
            "low": "19.523",
            "close": "19.421"
        },
        {
            "time": "24.03.2021 08:07",
            "open": "19.421",
            "high": "19.422",
            "low": "19.421",
            "close": "19.471"
        },
        {
            "time": "24.03.2021 08:08",
            "open": "19.471",
            "high": "19.471",
            "low": "19.387",
            "close": "19.412"
        },
        {
            "time": "24.03.2021 08:10",
            "open": "19.412",
            "high": "19.412",
            "low": "19.412",
            "close": "19.543"
        },
        {
            "time": "24.03.2021 08:13",
            "open": "19.543",
            "high": "19.56",
            "low": "19.543",
            "close": "19.56"
        },
        {
            "time": "24.03.2021 08:14",
            "open": "19.56",
            "high": "19.6",
            "low": "19.56",
            "close": "19.583"
        },
        {
            "time": "24.03.2021 08:15",
            "open": "19.583",
            "high": "19.583",
            "low": "19.555",
            "close": "19.584"
        },
        {
            "time": "24.03.2021 08:16",
            "open": "19.584",
            "high": "19.609",
            "low": "19.583",
            "close": "19.607"
        },
        {
            "time": "24.03.2021 08:17",
            "open": "19.607",
            "high": "19.607",
            "low": "19.607",
            "close": "19.609"
        },
        {
            "time": "24.03.2021 08:18",
            "open": "19.609",
            "high": "19.61",
            "low": "19.609",
            "close": "19.606"
        },
        {
            "time": "24.03.2021 08:19",
            "open": "19.606",
            "high": "19.606",
            "low": "19.606",
            "close": "19.61"
        },
        {
            "time": "24.03.2021 08:23",
            "open": "19.61",
            "high": "19.61",
            "low": "19.61",
            "close": "19.603"
        },
        {
            "time": "24.03.2021 08:30",
            "open": "19.603",
            "high": "19.605",
            "low": "19.603",
            "close": "19.596"
        },
        {
            "time": "24.03.2021 08:33",
            "open": "19.596",
            "high": "19.596",
            "low": "19.596",
            "close": "19.652"
        },
        {
            "time": "24.03.2021 08:37",
            "open": "19.652",
            "high": "19.654",
            "low": "19.652",
            "close": "19.635"
        },
        {
            "time": "24.03.2021 08:40",
            "open": "19.635",
            "high": "19.635",
            "low": "19.635",
            "close": "19.635"
        },
        {
            "time": "24.03.2021 08:47",
            "open": "19.635",
            "high": "19.635",
            "low": "19.635",
            "close": "19.681"
        },
        {
            "time": "24.03.2021 08:56",
            "open": "19.681",
            "high": "19.695",
            "low": "19.681",
            "close": "19.697"
        },
        {
            "time": "24.03.2021 08:58",
            "open": "19.697",
            "high": "19.697",
            "low": "19.695",
            "close": "19.757"
        },
        {
            "time": "24.03.2021 08:59",
            "open": "19.757",
            "high": "19.772",
            "low": "19.757",
            "close": "19.78"
        },
        {
            "time": "24.03.2021 09:06",
            "open": "19.851",
            "high": "19.851",
            "low": "19.851",
            "close": "19.874"
        },
        {
            "time": "24.03.2021 09:13",
            "open": "19.874",
            "high": "19.874",
            "low": "19.874",
            "close": "19.838"
        },
        {
            "time": "24.03.2021 09:19",
            "open": "19.838",
            "high": "19.847",
            "low": "19.838",
            "close": "19.861"
        },
        {
            "time": "24.03.2021 09:20",
            "open": "19.861",
            "high": "19.861",
            "low": "19.861",
            "close": "19.847"
        },
        {
            "time": "24.03.2021 09:22",
            "open": "19.847",
            "high": "19.847",
            "low": "19.825",
            "close": "19.733"
        },
        {
            "time": "24.03.2021 09:24",
            "open": "19.733",
            "high": "19.733",
            "low": "19.733",
            "close": "19.821"
        },
        {
            "time": "24.03.2021 09:25",
            "open": "19.821",
            "high": "19.888",
            "low": "19.821",
            "close": "19.87"
        },
        {
            "time": "24.03.2021 09:26",
            "open": "19.87",
            "high": "19.883",
            "low": "19.87",
            "close": "19.868"
        },
        {
            "time": "24.03.2021 09:27",
            "open": "19.868",
            "high": "19.868",
            "low": "19.868",
            "close": "19.868"
        },
        {
            "time": "24.03.2021 09:28",
            "open": "19.868",
            "high": "19.868",
            "low": "19.868",
            "close": "19.871"
        },
        {
            "time": "24.03.2021 09:30",
            "open": "19.871",
            "high": "19.871",
            "low": "19.864",
            "close": "19.862"
        },
        {
            "time": "24.03.2021 09:32",
            "open": "19.862",
            "high": "19.862",
            "low": "19.862",
            "close": "19.866"
        },
        {
            "time": "24.03.2021 09:35",
            "open": "19.866",
            "high": "19.866",
            "low": "19.866",
            "close": "19.87"
        },
        {
            "time": "24.03.2021 09:36",
            "open": "19.87",
            "high": "19.87",
            "low": "19.87",
            "close": "19.878"
        },
        {
            "time": "24.03.2021 09:39",
            "open": "19.878",
            "high": "19.878",
            "low": "19.878",
            "close": "19.902"
        },
        {
            "time": "24.03.2021 09:43",
            "open": "19.902",
            "high": "19.902",
            "low": "19.902",
            "close": "19.941"
        },
        {
            "time": "24.03.2021 09:44",
            "open": "19.941",
            "high": "19.941",
            "low": "19.941",
            "close": "19.949"
        },
        {
            "time": "24.03.2021 09:46",
            "open": "19.949",
            "high": "19.949",
            "low": "19.949",
            "close": "19.917"
        },
        {
            "time": "24.03.2021 09:48",
            "open": "19.917",
            "high": "19.917",
            "low": "19.917",
            "close": "19.917"
        },
        {
            "time": "24.03.2021 10:00",
            "open": "19.917",
            "high": "19.95",
            "low": "19.917",
            "close": "19.961"
        },
        {
            "time": "24.03.2021 10:01",
            "open": "19.961",
            "high": "19.961",
            "low": "19.961",
            "close": "19.946"
        },
        {
            "time": "24.03.2021 10:03",
            "open": "19.946",
            "high": "19.946",
            "low": "19.946",
            "close": "19.928"
        },
        {
            "time": "24.03.2021 10:05",
            "open": "19.928",
            "high": "19.928",
            "low": "19.913",
            "close": "19.93"
        },
        {
            "time": "24.03.2021 10:06",
            "open": "19.93",
            "high": "19.93",
            "low": "19.93",
            "close": "19.917"
        },
        {
            "time": "24.03.2021 10:09",
            "open": "19.917",
            "high": "19.917",
            "low": "19.917",
            "close": "19.922"
        },
        {
            "time": "24.03.2021 10:10",
            "open": "19.922",
            "high": "19.922",
            "low": "19.922",
            "close": "19.898"
        },
        {
            "time": "24.03.2021 10:14",
            "open": "19.898",
            "high": "19.898",
            "low": "19.896",
            "close": "19.93"
        },
        {
            "time": "24.03.2021 10:16",
            "open": "19.93",
            "high": "19.93",
            "low": "19.93",
            "close": "19.868"
        },
        {
            "time": "24.03.2021 10:29",
            "open": "19.868",
            "high": "19.868",
            "low": "19.868",
            "close": "19.862"
        },
        {
            "time": "24.03.2021 10:30",
            "open": "19.862",
            "high": "19.862",
            "low": "19.86",
            "close": "19.935"
        },
        {
            "time": "24.03.2021 10:40",
            "open": "19.935",
            "high": "19.935",
            "low": "19.935",
            "close": "19.935"
        },
        {
            "time": "24.03.2021 10:45",
            "open": "19.935",
            "high": "19.935",
            "low": "19.935",
            "close": "19.966"
        },
        {
            "time": "24.03.2021 10:49",
            "open": "19.966",
            "high": "19.985",
            "low": "19.958",
            "close": "19.936"
        },
        {
            "time": "24.03.2021 11:00",
            "open": "19.936",
            "high": "19.936",
            "low": "19.936",
            "close": "19.935"
        },
        {
            "time": "24.03.2021 11:01",
            "open": "19.935",
            "high": "19.935",
            "low": "19.935",
            "close": "19.936"
        },
        {
            "time": "24.03.2021 11:03",
            "open": "19.936",
            "high": "19.936",
            "low": "19.936",
            "close": "19.945"
        },
        {
            "time": "24.03.2021 11:13",
            "open": "19.945",
            "high": "19.945",
            "low": "19.945",
            "close": "19.936"
        },
        {
            "time": "24.03.2021 11:16",
            "open": "19.936",
            "high": "19.936",
            "low": "19.936",
            "close": "19.935"
        },
        {
            "time": "24.03.2021 11:19",
            "open": "19.935",
            "high": "19.935",
            "low": "19.935",
            "close": "19.896"
        },
        {
            "time": "24.03.2021 11:20",
            "open": "19.896",
            "high": "19.896",
            "low": "19.75",
            "close": "19.75"
        },
        {
            "time": "24.03.2021 11:21",
            "open": "19.75",
            "high": "19.792",
            "low": "19.726",
            "close": "19.775"
        },
        {
            "time": "24.03.2021 11:22",
            "open": "19.775",
            "high": "19.775",
            "low": "19.775",
            "close": "19.812"
        },
        {
            "time": "24.03.2021 11:38",
            "open": "19.812",
            "high": "19.812",
            "low": "19.776",
            "close": "19.805"
        },
        {
            "time": "24.03.2021 11:42",
            "open": "19.805",
            "high": "19.805",
            "low": "19.805",
            "close": "19.783"
        },
        {
            "time": "24.03.2021 11:53",
            "open": "19.783",
            "high": "19.783",
            "low": "19.783",
            "close": "19.752"
        },
        {
            "time": "24.03.2021 11:58",
            "open": "19.752",
            "high": "19.752",
            "low": "19.752",
            "close": "19.748"
        },
        {
            "time": "24.03.2021 12:04",
            "open": "19.748",
            "high": "19.748",
            "low": "19.748",
            "close": "19.723"
        },
        {
            "time": "24.03.2021 12:06",
            "open": "19.723",
            "high": "19.723",
            "low": "19.72",
            "close": "19.802"
        },
        {
            "time": "24.03.2021 12:12",
            "open": "19.802",
            "high": "19.802",
            "low": "19.802",
            "close": "19.802"
        },
        {
            "time": "24.03.2021 12:14",
            "open": "19.802",
            "high": "19.802",
            "low": "19.777",
            "close": "19.797"
        },
        {
            "time": "24.03.2021 12:15",
            "open": "19.797",
            "high": "19.797",
            "low": "19.797",
            "close": "19.781"
        },
        {
            "time": "24.03.2021 12:19",
            "open": "19.781",
            "high": "19.784",
            "low": "19.781",
            "close": "19.721"
        },
        {
            "time": "24.03.2021 12:20",
            "open": "19.721",
            "high": "19.721",
            "low": "19.721",
            "close": "19.676"
        },
        {
            "time": "24.03.2021 12:22",
            "open": "19.676",
            "high": "19.676",
            "low": "19.676",
            "close": "19.648"
        },
        {
            "time": "24.03.2021 12:25",
            "open": "19.648",
            "high": "19.648",
            "low": "19.648",
            "close": "19.695"
        },
        {
            "time": "24.03.2021 12:28",
            "open": "19.695",
            "high": "19.714",
            "low": "19.695",
            "close": "19.754"
        },
        {
            "time": "24.03.2021 12:31",
            "open": "19.754",
            "high": "19.754",
            "low": "19.754",
            "close": "19.781"
        },
        {
            "time": "24.03.2021 12:33",
            "open": "19.781",
            "high": "19.781",
            "low": "19.781",
            "close": "19.774"
        },
        {
            "time": "24.03.2021 12:35",
            "open": "19.774",
            "high": "19.779",
            "low": "19.774",
            "close": "19.714"
        },
        {
            "time": "24.03.2021 12:38",
            "open": "19.714",
            "high": "19.714",
            "low": "19.714",
            "close": "19.729"
        },
        {
            "time": "24.03.2021 12:41",
            "open": "19.729",
            "high": "19.729",
            "low": "19.729",
            "close": "19.733"
        },
        {
            "time": "24.03.2021 12:47",
            "open": "19.733",
            "high": "19.733",
            "low": "19.729",
            "close": "19.765"
        },
        {
            "time": "24.03.2021 12:52",
            "open": "19.765",
            "high": "19.766",
            "low": "19.765",
            "close": "19.753"
        },
        {
            "time": "24.03.2021 12:53",
            "open": "19.753",
            "high": "19.753",
            "low": "19.753",
            "close": "19.89"
        },
        {
            "time": "24.03.2021 13:00",
            "open": "19.89",
            "high": "19.89",
            "low": "19.89",
            "close": "19.988"
        },
        {
            "time": "24.03.2021 13:13",
            "open": "19.988",
            "high": "19.988",
            "low": "19.988",
            "close": "19.941"
        },
        {
            "time": "24.03.2021 13:14",
            "open": "19.941",
            "high": "19.941",
            "low": "19.941",
            "close": "19.89"
        },
        {
            "time": "24.03.2021 13:19",
            "open": "19.89",
            "high": "19.89",
            "low": "19.89",
            "close": "19.882"
        },
        {
            "time": "24.03.2021 13:20",
            "open": "19.882",
            "high": "19.882",
            "low": "19.882",
            "close": "19.857"
        },
        {
            "time": "24.03.2021 13:26",
            "open": "19.857",
            "high": "19.857",
            "low": "19.857",
            "close": "19.979"
        },
        {
            "time": "24.03.2021 13:33",
            "open": "19.979",
            "high": "19.98",
            "low": "19.979",
            "close": "19.974"
        },
        {
            "time": "24.03.2021 13:45",
            "open": "19.974",
            "high": "19.974",
            "low": "19.974",
            "close": "19.943"
        },
        {
            "time": "24.03.2021 13:49",
            "open": "19.943",
            "high": "19.943",
            "low": "19.903",
            "close": "19.96"
        },
        {
            "time": "24.03.2021 13:55",
            "open": "19.96",
            "high": "19.96",
            "low": "19.96",
            "close": "19.753"
        },
        {
            "time": "24.03.2021 14:04",
            "open": "19.753",
            "high": "19.753",
            "low": "19.753",
            "close": "19.842"
        },
        {
            "time": "24.03.2021 14:29",
            "open": "19.842",
            "high": "19.842",
            "low": "19.842",
            "close": "19.892"
        },
        {
            "time": "24.03.2021 14:30",
            "open": "19.892",
            "high": "19.897",
            "low": "19.892",
            "close": "19.939"
        },
        {
            "time": "24.03.2021 14:35",
            "open": "19.939",
            "high": "19.939",
            "low": "19.939",
            "close": "19.953"
        },
        {
            "time": "24.03.2021 14:40",
            "open": "19.953",
            "high": "19.953",
            "low": "19.952",
            "close": "19.897"
        },
        {
            "time": "24.03.2021 14:47",
            "open": "19.897",
            "high": "19.897",
            "low": "19.842",
            "close": "19.753"
        },
        {
            "time": "24.03.2021 14:50",
            "open": "19.753",
            "high": "19.753",
            "low": "19.753",
            "close": "19.742"
        },
        {
            "time": "24.03.2021 14:51",
            "open": "19.742",
            "high": "19.742",
            "low": "19.742",
            "close": "19.806"
        },
        {
            "time": "24.03.2021 14:53",
            "open": "19.806",
            "high": "19.806",
            "low": "19.806",
            "close": "19.809"
        },
        {
            "time": "24.03.2021 14:55",
            "open": "19.809",
            "high": "19.809",
            "low": "19.809",
            "close": "19.705"
        },
        {
            "time": "24.03.2021 15:04",
            "open": "19.705",
            "high": "19.705",
            "low": "19.705",
            "close": "19.701"
        },
        {
            "time": "24.03.2021 15:05",
            "open": "19.701",
            "high": "19.701",
            "low": "19.701",
            "close": "19.721"
        },
        {
            "time": "24.03.2021 15:12",
            "open": "19.721",
            "high": "19.721",
            "low": "19.721",
            "close": "19.706"
        },
        {
            "time": "24.03.2021 15:17",
            "open": "19.706",
            "high": "19.706",
            "low": "19.706",
            "close": "19.761"
        },
        {
            "time": "24.03.2021 15:38",
            "open": "19.761",
            "high": "19.765",
            "low": "19.761",
            "close": "19.904"
        },
        {
            "time": "24.03.2021 15:57",
            "open": "19.904",
            "high": "19.904",
            "low": "19.904",
            "close": "19.977"
        },
        {
            "time": "24.03.2021 16:04",
            "open": "19.977",
            "high": "19.977",
            "low": "19.977",
            "close": "19.94"
        },
        {
            "time": "24.03.2021 16:07",
            "open": "19.94",
            "high": "19.94",
            "low": "19.94",
            "close": "19.905"
        },
        {
            "time": "24.03.2021 16:08",
            "open": "19.905",
            "high": "19.905",
            "low": "19.905",
            "close": "19.906"
        },
        {
            "time": "24.03.2021 16:09",
            "open": "19.906",
            "high": "19.906",
            "low": "19.906",
            "close": "19.889"
        },
        {
            "time": "24.03.2021 16:15",
            "open": "19.889",
            "high": "19.889",
            "low": "19.87",
            "close": "19.883"
        },
        {
            "time": "24.03.2021 16:32",
            "open": "19.883",
            "high": "19.883",
            "low": "19.883",
            "close": "19.871"
        },
        {
            "time": "24.03.2021 16:36",
            "open": "19.871",
            "high": "19.871",
            "low": "19.811",
            "close": "19.71"
        },
        {
            "time": "24.03.2021 16:44",
            "open": "19.71",
            "high": "19.71",
            "low": "19.71",
            "close": "19.635"
        },
        {
            "time": "24.03.2021 16:45",
            "open": "19.635",
            "high": "19.635",
            "low": "19.635",
            "close": "19.625"
        },
        {
            "time": "24.03.2021 16:51",
            "open": "19.625",
            "high": "19.625",
            "low": "19.608",
            "close": "19.621"
        },
        {
            "time": "24.03.2021 16:59",
            "open": "19.621",
            "high": "19.621",
            "low": "19.621",
            "close": "19.626"
        },
        {
            "time": "24.03.2021 17:01",
            "open": "19.626",
            "high": "19.626",
            "low": "19.623",
            "close": "19.599"
        },
        {
            "time": "24.03.2021 17:03",
            "open": "19.599",
            "high": "19.599",
            "low": "19.59",
            "close": "19.591"
        },
        {
            "time": "24.03.2021 17:36",
            "open": "19.591",
            "high": "19.591",
            "low": "19.591",
            "close": "19.568"
        },
        {
            "time": "24.03.2021 17:47",
            "open": "19.568",
            "high": "19.577",
            "low": "19.568",
            "close": "19.579"
        },
        {
            "time": "24.03.2021 17:50",
            "open": "19.579",
            "high": "19.579",
            "low": "19.579",
            "close": "19.542"
        },
        {
            "time": "24.03.2021 17:54",
            "open": "19.542",
            "high": "19.542",
            "low": "19.542",
            "close": "19.506"
        },
        {
            "time": "24.03.2021 17:57",
            "open": "19.506",
            "high": "19.506",
            "low": "19.506",
            "close": "19.525"
        },
        {
            "time": "24.03.2021 18:01",
            "open": "19.525",
            "high": "19.527",
            "low": "19.525",
            "close": "19.549"
        },
        {
            "time": "24.03.2021 18:12",
            "open": "19.549",
            "high": "19.549",
            "low": "19.549",
            "close": "19.487"
        },
        {
            "time": "24.03.2021 18:15",
            "open": "19.487",
            "high": "19.487",
            "low": "19.449",
            "close": "19.469"
        },
        {
            "time": "24.03.2021 18:22",
            "open": "19.469",
            "high": "19.469",
            "low": "19.462",
            "close": "19.591"
        },
        {
            "time": "24.03.2021 18:33",
            "open": "19.591",
            "high": "19.591",
            "low": "19.591",
            "close": "19.615"
        },
        {
            "time": "24.03.2021 18:35",
            "open": "19.615",
            "high": "19.615",
            "low": "19.615",
            "close": "19.612"
        },
        {
            "time": "24.03.2021 18:54",
            "open": "19.612",
            "high": "19.612",
            "low": "19.612",
            "close": "19.531"
        },
        {
            "time": "24.03.2021 19:10",
            "open": "19.531",
            "high": "19.531",
            "low": "19.506",
            "close": "19.447"
        },
        {
            "time": "24.03.2021 19:11",
            "open": "19.447",
            "high": "19.447",
            "low": "19.447",
            "close": "19.447"
        },
        {
            "time": "24.03.2021 19:12",
            "open": "19.447",
            "high": "19.447",
            "low": "19.412",
            "close": "19.393"
        },
        {
            "time": "24.03.2021 19:13",
            "open": "19.393",
            "high": "19.393",
            "low": "19.388",
            "close": "19.412"
        },
        {
            "time": "24.03.2021 19:16",
            "open": "19.412",
            "high": "19.412",
            "low": "19.412",
            "close": "19.444"
        },
        {
            "time": "24.03.2021 19:20",
            "open": "19.444",
            "high": "19.444",
            "low": "19.444",
            "close": "19.437"
        },
        {
            "time": "24.03.2021 19:23",
            "open": "19.437",
            "high": "19.437",
            "low": "19.437",
            "close": "19.466"
        },
        {
            "time": "24.03.2021 19:26",
            "open": "19.466",
            "high": "19.466",
            "low": "19.466",
            "close": "19.409"
        },
        {
            "time": "24.03.2021 19:36",
            "open": "19.409",
            "high": "19.409",
            "low": "19.409",
            "close": "19.354"
        },
        {
            "time": "24.03.2021 19:40",
            "open": "19.354",
            "high": "19.354",
            "low": "19.35",
            "close": "19.305"
        },
        {
            "time": "24.03.2021 19:43",
            "open": "19.305",
            "high": "19.305",
            "low": "19.289",
            "close": "19.281"
        },
        {
            "time": "24.03.2021 19:45",
            "open": "19.281",
            "high": "19.281",
            "low": "19.281",
            "close": "19.267"
        },
        {
            "time": "24.03.2021 19:51",
            "open": "19.267",
            "high": "19.274",
            "low": "19.267",
            "close": "19.266"
        },
        {
            "time": "24.03.2021 19:55",
            "open": "19.266",
            "high": "19.266",
            "low": "19.266",
            "close": "19.229"
        },
        {
            "time": "24.03.2021 19:58",
            "open": "19.229",
            "high": "19.229",
            "low": "19.229",
            "close": "19.214"
        },
        {
            "time": "24.03.2021 19:59",
            "open": "19.214",
            "high": "19.214",
            "low": "19.214",
            "close": "19.228"
        },
        {
            "time": "24.03.2021 20:02",
            "open": "19.228",
            "high": "19.256",
            "low": "19.228",
            "close": "19.209"
        },
        {
            "time": "24.03.2021 20:13",
            "open": "19.209",
            "high": "19.209",
            "low": "19.204",
            "close": "19.226"
        },
        {
            "time": "24.03.2021 20:15",
            "open": "19.226",
            "high": "19.226",
            "low": "19.226",
            "close": "19.204"
        },
        {
            "time": "24.03.2021 20:16",
            "open": "19.204",
            "high": "19.204",
            "low": "19.204",
            "close": "19.184"
        },
        {
            "time": "24.03.2021 20:18",
            "open": "19.184",
            "high": "19.184",
            "low": "19.184",
            "close": "19.173"
        },
        {
            "time": "24.03.2021 20:20",
            "open": "19.173",
            "high": "19.173",
            "low": "19.173",
            "close": "19.165"
        },
        {
            "time": "24.03.2021 20:21",
            "open": "19.165",
            "high": "19.165",
            "low": "19.165",
            "close": "19.119"
        },
        {
            "time": "24.03.2021 20:22",
            "open": "19.119",
            "high": "19.119",
            "low": "19.106",
            "close": "19.181"
        },
        {
            "time": "24.03.2021 20:23",
            "open": "19.181",
            "high": "19.181",
            "low": "19.181",
            "close": "19.1"
        },
        {
            "time": "24.03.2021 20:30",
            "open": "19.1",
            "high": "19.1",
            "low": "19.061",
            "close": "19.025"
        },
        {
            "time": "24.03.2021 20:31",
            "open": "19.025",
            "high": "19.025",
            "low": "18.982",
            "close": "18.945"
        },
        {
            "time": "24.03.2021 20:33",
            "open": "18.945",
            "high": "18.945",
            "low": "18.937",
            "close": "18.902"
        },
        {
            "time": "24.03.2021 20:35",
            "open": "18.902",
            "high": "18.902",
            "low": "18.896",
            "close": "18.878"
        },
        {
            "time": "24.03.2021 20:36",
            "open": "18.878",
            "high": "18.878",
            "low": "18.877",
            "close": "18.867"
        },
        {
            "time": "24.03.2021 20:37",
            "open": "18.867",
            "high": "18.868",
            "low": "18.867",
            "close": "18.85"
        },
        {
            "time": "24.03.2021 20:38",
            "open": "18.85",
            "high": "18.85",
            "low": "18.812",
            "close": "18.818"
        },
        {
            "time": "24.03.2021 20:39",
            "open": "18.818",
            "high": "18.818",
            "low": "18.818",
            "close": "18.812"
        },
        {
            "time": "24.03.2021 20:40",
            "open": "18.812",
            "high": "18.812",
            "low": "18.809",
            "close": "18.808"
        },
        {
            "time": "24.03.2021 20:41",
            "open": "18.808",
            "high": "18.808",
            "low": "18.701",
            "close": "18.692"
        },
        {
            "time": "24.03.2021 20:42",
            "open": "18.692",
            "high": "18.692",
            "low": "18.663",
            "close": "18.633"
        },
        {
            "time": "24.03.2021 20:43",
            "open": "18.633",
            "high": "18.633",
            "low": "18.539",
            "close": "18.546"
        },
        {
            "time": "24.03.2021 20:44",
            "open": "18.546",
            "high": "18.546",
            "low": "18.49",
            "close": "18.504"
        },
        {
            "time": "24.03.2021 20:45",
            "open": "18.504",
            "high": "18.556",
            "low": "18.503",
            "close": "18.516"
        },
        {
            "time": "24.03.2021 20:46",
            "open": "18.516",
            "high": "18.529",
            "low": "18.504",
            "close": "18.565"
        },
        {
            "time": "24.03.2021 20:47",
            "open": "18.565",
            "high": "18.565",
            "low": "18.533",
            "close": "18.578"
        },
        {
            "time": "24.03.2021 20:48",
            "open": "18.578",
            "high": "18.578",
            "low": "18.578",
            "close": "18.614"
        },
        {
            "time": "24.03.2021 20:51",
            "open": "18.614",
            "high": "18.619",
            "low": "18.614",
            "close": "18.599"
        },
        {
            "time": "24.03.2021 20:52",
            "open": "18.599",
            "high": "18.599",
            "low": "18.59",
            "close": "18.567"
        },
        {
            "time": "24.03.2021 20:53",
            "open": "18.567",
            "high": "18.567",
            "low": "18.567",
            "close": "18.552"
        },
        {
            "time": "24.03.2021 20:55",
            "open": "18.552",
            "high": "18.552",
            "low": "18.531",
            "close": "18.564"
        },
        {
            "time": "24.03.2021 20:57",
            "open": "18.564",
            "high": "18.565",
            "low": "18.564",
            "close": "18.53"
        },
        {
            "time": "24.03.2021 21:00",
            "open": "18.53",
            "high": "18.53",
            "low": "18.5",
            "close": "18.5"
        },
        {
            "time": "24.03.2021 21:01",
            "open": "18.5",
            "high": "18.503",
            "low": "18.5",
            "close": "18.532"
        },
        {
            "time": "24.03.2021 21:02",
            "open": "18.532",
            "high": "18.532",
            "low": "18.532",
            "close": "18.506"
        },
        {
            "time": "24.03.2021 21:03",
            "open": "18.506",
            "high": "18.506",
            "low": "18.506",
            "close": "18.509"
        },
        {
            "time": "24.03.2021 21:06",
            "open": "18.509",
            "high": "18.509",
            "low": "18.509",
            "close": "18.506"
        },
        {
            "time": "24.03.2021 21:07",
            "open": "18.506",
            "high": "18.506",
            "low": "18.457",
            "close": "18.446"
        },
        {
            "time": "24.03.2021 21:08",
            "open": "18.446",
            "high": "18.447",
            "low": "18.41",
            "close": "18.378"
        },
        {
            "time": "24.03.2021 21:09",
            "open": "18.378",
            "high": "18.387",
            "low": "18.378",
            "close": "18.418"
        },
        {
            "time": "24.03.2021 21:10",
            "open": "18.418",
            "high": "18.418",
            "low": "18.418",
            "close": "18.413"
        },
        {
            "time": "24.03.2021 21:11",
            "open": "18.413",
            "high": "18.413",
            "low": "18",
            "close": "18.093"
        },
        {
            "time": "24.03.2021 21:12",
            "open": "18.093",
            "high": "18.093",
            "low": "18.048",
            "close": "18"
        },
        {
            "time": "24.03.2021 21:13",
            "open": "18",
            "high": "18.024",
            "low": "18",
            "close": "18.047"
        },
        {
            "time": "24.03.2021 21:14",
            "open": "18.047",
            "high": "18.089",
            "low": "18.046",
            "close": "18.088"
        },
        {
            "time": "24.03.2021 21:15",
            "open": "18.088",
            "high": "18.113",
            "low": "18.088",
            "close": "18.116"
        },
        {
            "time": "24.03.2021 21:16",
            "open": "18.116",
            "high": "18.184",
            "low": "18.116",
            "close": "18.231"
        },
        {
            "time": "24.03.2021 21:17",
            "open": "18.231",
            "high": "18.231",
            "low": "18.092",
            "close": "18.037"
        },
        {
            "time": "24.03.2021 21:18",
            "open": "18.037",
            "high": "18.13",
            "low": "18.037",
            "close": "18.213"
        },
        {
            "time": "24.03.2021 21:20",
            "open": "18.213",
            "high": "18.213",
            "low": "18.213",
            "close": "18.235"
        },
        {
            "time": "24.03.2021 21:22",
            "open": "18.235",
            "high": "18.236",
            "low": "18.224",
            "close": "18.21"
        },
        {
            "time": "24.03.2021 21:23",
            "open": "18.21",
            "high": "18.21",
            "low": "18.203",
            "close": "18.192"
        },
        {
            "time": "24.03.2021 21:24",
            "open": "18.192",
            "high": "18.192",
            "low": "18.192",
            "close": "18.194"
        },
        {
            "time": "24.03.2021 21:25",
            "open": "18.194",
            "high": "18.197",
            "low": "18.193",
            "close": "18.192"
        },
        {
            "time": "24.03.2021 21:26",
            "open": "18.192",
            "high": "18.192",
            "low": "18.182",
            "close": "18.13"
        },
        {
            "time": "24.03.2021 21:27",
            "open": "18.13",
            "high": "18.13",
            "low": "18.114",
            "close": "18"
        },
        {
            "time": "24.03.2021 21:28",
            "open": "18",
            "high": "18",
            "low": "18",
            "close": "18.034"
        },
        {
            "time": "24.03.2021 21:29",
            "open": "18.034",
            "high": "18.063",
            "low": "18.034",
            "close": "18.083"
        },
        {
            "time": "24.03.2021 21:30",
            "open": "18.083",
            "high": "18.083",
            "low": "17.99",
            "close": "17.916"
        },
        {
            "time": "24.03.2021 21:31",
            "open": "17.916",
            "high": "17.93",
            "low": "17.916",
            "close": "17.945"
        },
        {
            "time": "24.03.2021 21:32",
            "open": "17.945",
            "high": "18.01",
            "low": "17.945",
            "close": "17.995"
        },
        {
            "time": "24.03.2021 21:33",
            "open": "17.995",
            "high": "17.995",
            "low": "17.995",
            "close": "17.943"
        },
        {
            "time": "24.03.2021 21:34",
            "open": "17.943",
            "high": "17.943",
            "low": "17.899",
            "close": "17.9"
        },
        {
            "time": "24.03.2021 21:35",
            "open": "17.9",
            "high": "17.934",
            "low": "17.9",
            "close": "17.932"
        },
        {
            "time": "24.03.2021 21:36",
            "open": "17.932",
            "high": "17.932",
            "low": "17.915",
            "close": "17.966"
        },
        {
            "time": "24.03.2021 21:37",
            "open": "17.966",
            "high": "17.968",
            "low": "17.966",
            "close": "18.001"
        },
        {
            "time": "24.03.2021 21:38",
            "open": "18.001",
            "high": "18.131",
            "low": "18.001",
            "close": "18.131"
        },
        {
            "time": "24.03.2021 21:39",
            "open": "18.131",
            "high": "18.131",
            "low": "18.131",
            "close": "18.026"
        },
        {
            "time": "24.03.2021 21:40",
            "open": "18.026",
            "high": "18.026",
            "low": "18.026",
            "close": "18.067"
        },
        {
            "time": "24.03.2021 21:42",
            "open": "18.067",
            "high": "18.067",
            "low": "18.063",
            "close": "18.054"
        },
        {
            "time": "24.03.2021 21:43",
            "open": "18.054",
            "high": "18.054",
            "low": "18.054",
            "close": "18.046"
        },
        {
            "time": "24.03.2021 21:44",
            "open": "18.046",
            "high": "18.133",
            "low": "18.046",
            "close": "18.212"
        },
        {
            "time": "24.03.2021 21:45",
            "open": "18.212",
            "high": "18.224",
            "low": "18.212",
            "close": "18.254"
        },
        {
            "time": "24.03.2021 21:46",
            "open": "18.254",
            "high": "18.254",
            "low": "18.252",
            "close": "18.238"
        },
        {
            "time": "24.03.2021 21:47",
            "open": "18.238",
            "high": "18.251",
            "low": "18.224",
            "close": "18.179"
        },
        {
            "time": "24.03.2021 21:48",
            "open": "18.179",
            "high": "18.185",
            "low": "18.179",
            "close": "18.183"
        },
        {
            "time": "24.03.2021 21:49",
            "open": "18.183",
            "high": "18.2",
            "low": "18.183",
            "close": "18.302"
        },
        {
            "time": "24.03.2021 21:50",
            "open": "18.302",
            "high": "18.332",
            "low": "18.281",
            "close": "18.271"
        },
        {
            "time": "24.03.2021 21:51",
            "open": "18.271",
            "high": "18.271",
            "low": "18.254",
            "close": "18.22"
        },
        {
            "time": "24.03.2021 21:52",
            "open": "18.22",
            "high": "18.263",
            "low": "18.22",
            "close": "18.291"
        },
        {
            "time": "24.03.2021 21:53",
            "open": "18.291",
            "high": "18.295",
            "low": "18.291",
            "close": "18.291"
        },
        {
            "time": "24.03.2021 21:54",
            "open": "18.291",
            "high": "18.324",
            "low": "18.291",
            "close": "18.319"
        },
        {
            "time": "24.03.2021 21:55",
            "open": "18.319",
            "high": "18.335",
            "low": "18.3",
            "close": "18.328"
        },
        {
            "time": "24.03.2021 21:57",
            "open": "18.328",
            "high": "18.334",
            "low": "18.328",
            "close": "18.282"
        },
        {
            "time": "24.03.2021 22:00",
            "open": "18.282",
            "high": "18.282",
            "low": "18.152",
            "close": "18.108"
        },
        {
            "time": "24.03.2021 22:01",
            "open": "18.108",
            "high": "18.108",
            "low": "18.108",
            "close": "18.106"
        },
        {
            "time": "24.03.2021 22:03",
            "open": "18.106",
            "high": "18.121",
            "low": "18.106",
            "close": "18.14"
        },
        {
            "time": "24.03.2021 22:04",
            "open": "18.14",
            "high": "18.14",
            "low": "18.14",
            "close": "18.301"
        },
        {
            "time": "24.03.2021 22:06",
            "open": "18.301",
            "high": "18.311",
            "low": "18.301",
            "close": "18.331"
        },
        {
            "time": "24.03.2021 22:07",
            "open": "18.331",
            "high": "18.337",
            "low": "18.331",
            "close": "18.306"
        },
        {
            "time": "24.03.2021 22:08",
            "open": "18.306",
            "high": "18.319",
            "low": "18.296",
            "close": "18.273"
        },
        {
            "time": "24.03.2021 22:11",
            "open": "18.273",
            "high": "18.273",
            "low": "18.273",
            "close": "18.33"
        },
        {
            "time": "24.03.2021 22:15",
            "open": "18.33",
            "high": "18.33",
            "low": "18.33",
            "close": "18.258"
        },
        {
            "time": "24.03.2021 22:16",
            "open": "18.258",
            "high": "18.26",
            "low": "18.258",
            "close": "18.303"
        },
        {
            "time": "24.03.2021 22:20",
            "open": "18.303",
            "high": "18.303",
            "low": "18.303",
            "close": "18.341"
        },
        {
            "time": "24.03.2021 22:23",
            "open": "18.341",
            "high": "18.342",
            "low": "18.341",
            "close": "18.351"
        },
        {
            "time": "24.03.2021 22:24",
            "open": "18.351",
            "high": "18.354",
            "low": "18.351",
            "close": "18.358"
        },
        {
            "time": "24.03.2021 22:29",
            "open": "18.358",
            "high": "18.358",
            "low": "18.358",
            "close": "18.331"
        },
        {
            "time": "24.03.2021 22:30",
            "open": "18.331",
            "high": "18.351",
            "low": "18.331",
            "close": "18.331"
        },
        {
            "time": "24.03.2021 22:31",
            "open": "18.331",
            "high": "18.331",
            "low": "18.331",
            "close": "18.331"
        },
        {
            "time": "24.03.2021 22:32",
            "open": "18.331",
            "high": "18.331",
            "low": "18.314",
            "close": "18.306"
        },
        {
            "time": "24.03.2021 22:33",
            "open": "18.306",
            "high": "18.306",
            "low": "18.306",
            "close": "18.306"
        },
        {
            "time": "24.03.2021 22:34",
            "open": "18.306",
            "high": "18.306",
            "low": "18.306",
            "close": "18.285"
        },
        {
            "time": "24.03.2021 22:35",
            "open": "18.285",
            "high": "18.285",
            "low": "18.285",
            "close": "18.21"
        },
        {
            "time": "24.03.2021 22:40",
            "open": "18.21",
            "high": "18.21",
            "low": "18.186",
            "close": "18.211"
        },
        {
            "time": "24.03.2021 22:43",
            "open": "18.211",
            "high": "18.211",
            "low": "18.14",
            "close": "18.289"
        },
        {
            "time": "24.03.2021 22:45",
            "open": "18.289",
            "high": "18.289",
            "low": "18.289",
            "close": "18.28"
        },
        {
            "time": "24.03.2021 22:46",
            "open": "18.28",
            "high": "18.28",
            "low": "18.275",
            "close": "18.242"
        },
        {
            "time": "24.03.2021 22:48",
            "open": "18.242",
            "high": "18.242",
            "low": "18.242",
            "close": "18.241"
        },
        {
            "time": "24.03.2021 22:49",
            "open": "18.241",
            "high": "18.241",
            "low": "18.241",
            "close": "18.106"
        },
        {
            "time": "24.03.2021 22:52",
            "open": "18.106",
            "high": "18.106",
            "low": "18.106",
            "close": "18.062"
        },
        {
            "time": "24.03.2021 22:53",
            "open": "18.062",
            "high": "18.062",
            "low": "18.062",
            "close": "18.07"
        },
        {
            "time": "24.03.2021 22:55",
            "open": "18.07",
            "high": "18.07",
            "low": "18.07",
            "close": "18.061"
        },
        {
            "time": "24.03.2021 22:57",
            "open": "18.061",
            "high": "18.074",
            "low": "18.061",
            "close": "18.052"
        },
        {
            "time": "24.03.2021 22:58",
            "open": "18.052",
            "high": "18.052",
            "low": "18.052",
            "close": "18.053"
        },
        {
            "time": "24.03.2021 22:59",
            "open": "18.053",
            "high": "18.055",
            "low": "18.053",
            "close": "18.05"
        },
        {
            "time": "24.03.2021 23:00",
            "open": "18.05",
            "high": "18.05",
            "low": "18.012",
            "close": "18.001"
        },
        {
            "time": "24.03.2021 23:01",
            "open": "18.001",
            "high": "18.002",
            "low": "18",
            "close": "17.982"
        },
        {
            "time": "24.03.2021 23:03",
            "open": "17.982",
            "high": "17.982",
            "low": "17.982",
            "close": "17.999"
        },
        {
            "time": "24.03.2021 23:05",
            "open": "17.999",
            "high": "17.999",
            "low": "17.999",
            "close": "18.022"
        },
        {
            "time": "24.03.2021 23:11",
            "open": "18.022",
            "high": "18.022",
            "low": "18.022",
            "close": "17.957"
        },
        {
            "time": "24.03.2021 23:13",
            "open": "17.957",
            "high": "17.957",
            "low": "17.849",
            "close": "17.848"
        },
        {
            "time": "24.03.2021 23:15",
            "open": "17.848",
            "high": "17.848",
            "low": "17.819",
            "close": "17.781"
        },
        {
            "time": "24.03.2021 23:16",
            "open": "17.781",
            "high": "17.781",
            "low": "17.717",
            "close": "17.686"
        },
        {
            "time": "24.03.2021 23:17",
            "open": "17.686",
            "high": "17.686",
            "low": "17.656",
            "close": "17.626"
        },
        {
            "time": "24.03.2021 23:18",
            "open": "17.626",
            "high": "17.626",
            "low": "17.626",
            "close": "17.558"
        },
        {
            "time": "24.03.2021 23:20",
            "open": "17.558",
            "high": "17.582",
            "low": "17.558",
            "close": "17.532"
        },
        {
            "time": "24.03.2021 23:22",
            "open": "17.532",
            "high": "17.532",
            "low": "17.532",
            "close": "17.524"
        },
        {
            "time": "24.03.2021 23:23",
            "open": "17.524",
            "high": "17.524",
            "low": "17.5",
            "close": "17.419"
        },
        {
            "time": "24.03.2021 23:24",
            "open": "17.419",
            "high": "17.419",
            "low": "17.389",
            "close": "17.373"
        },
        {
            "time": "24.03.2021 23:25",
            "open": "17.373",
            "high": "17.373",
            "low": "17.303",
            "close": "17.332"
        },
        {
            "time": "24.03.2021 23:26",
            "open": "17.332",
            "high": "17.332",
            "low": "17.289",
            "close": "17.346"
        },
        {
            "time": "24.03.2021 23:27",
            "open": "17.346",
            "high": "17.347",
            "low": "17.28",
            "close": "17.289"
        },
        {
            "time": "24.03.2021 23:29",
            "open": "17.289",
            "high": "17.314",
            "low": "17.289",
            "close": "17.353"
        },
        {
            "time": "24.03.2021 23:30",
            "open": "17.353",
            "high": "17.494",
            "low": "17.353",
            "close": "17.459"
        },
        {
            "time": "24.03.2021 23:31",
            "open": "17.459",
            "high": "17.459",
            "low": "17.459",
            "close": "17.432"
        },
        {
            "time": "24.03.2021 23:33",
            "open": "17.432",
            "high": "17.432",
            "low": "17.432",
            "close": "17.535"
        },
        {
            "time": "24.03.2021 23:35",
            "open": "17.535",
            "high": "17.535",
            "low": "17.517",
            "close": "17.581"
        },
        {
            "time": "24.03.2021 23:37",
            "open": "17.581",
            "high": "17.615",
            "low": "17.581",
            "close": "17.647"
        },
        {
            "time": "24.03.2021 23:38",
            "open": "17.647",
            "high": "17.667",
            "low": "17.605",
            "close": "17.577"
        },
        {
            "time": "24.03.2021 23:39",
            "open": "17.577",
            "high": "17.58",
            "low": "17.576",
            "close": "17.593"
        },
        {
            "time": "24.03.2021 23:40",
            "open": "17.593",
            "high": "17.604",
            "low": "17.593",
            "close": "17.643"
        },
        {
            "time": "24.03.2021 23:41",
            "open": "17.643",
            "high": "17.646",
            "low": "17.643",
            "close": "17.644"
        },
        {
            "time": "24.03.2021 23:42",
            "open": "17.644",
            "high": "17.644",
            "low": "17.644",
            "close": "17.647"
        },
        {
            "time": "24.03.2021 23:43",
            "open": "17.647",
            "high": "17.658",
            "low": "17.647",
            "close": "17.643"
        },
        {
            "time": "24.03.2021 23:44",
            "open": "17.643",
            "high": "17.674",
            "low": "17.643",
            "close": "17.672"
        },
        {
            "time": "24.03.2021 23:46",
            "open": "17.672",
            "high": "17.672",
            "low": "17.658",
            "close": "17.671"
        },
        {
            "time": "24.03.2021 23:48",
            "open": "17.671",
            "high": "17.76",
            "low": "17.671",
            "close": "17.729"
        },
        {
            "time": "24.03.2021 23:50",
            "open": "17.729",
            "high": "17.746",
            "low": "17.729",
            "close": "17.714"
        },
        {
            "time": "24.03.2021 23:51",
            "open": "17.714",
            "high": "17.745",
            "low": "17.714",
            "close": "17.706"
        },
        {
            "time": "24.03.2021 23:52",
            "open": "17.706",
            "high": "17.706",
            "low": "17.706",
            "close": "17.733"
        },
        {
            "time": "24.03.2021 23:53",
            "open": "17.733",
            "high": "17.786",
            "low": "17.733",
            "close": "17.832"
        },
        {
            "time": "24.03.2021 23:54",
            "open": "17.832",
            "high": "17.895",
            "low": "17.832",
            "close": "17.892"
        },
        {
            "time": "24.03.2021 23:55",
            "open": "17.892",
            "high": "17.893",
            "low": "17.892",
            "close": "17.919"
        },
        {
            "time": "24.03.2021 23:57",
            "open": "17.919",
            "high": "17.92",
            "low": "17.846",
            "close": "17.851"
        }
    ]
}