{
    "UMA-EUR": [
        {
            "time": "04.11.2020 23:31",
            "open": "5.669",
            "high": "5.669",
            "low": "5.664",
            "close": "5.66"
        },
        {
            "time": "05.11.2020 00:01",
            "open": "5.66",
            "high": "5.66",
            "low": "5.635",
            "close": "5.634"
        },
        {
            "time": "05.11.2020 01:05",
            "open": "5.634",
            "high": "5.634",
            "low": "5.634",
            "close": "5.621"
        },
        {
            "time": "05.11.2020 01:18",
            "open": "5.621",
            "high": "5.621",
            "low": "5.621",
            "close": "5.619"
        },
        {
            "time": "05.11.2020 01:56",
            "open": "5.619",
            "high": "5.619",
            "low": "5.619",
            "close": "5.628"
        },
        {
            "time": "05.11.2020 02:09",
            "open": "5.628",
            "high": "5.628",
            "low": "5.628",
            "close": "5.662"
        },
        {
            "time": "05.11.2020 03:36",
            "open": "5.662",
            "high": "5.662",
            "low": "5.662",
            "close": "5.662"
        },
        {
            "time": "05.11.2020 03:37",
            "open": "5.662",
            "high": "5.662",
            "low": "5.662",
            "close": "5.663"
        },
        {
            "time": "05.11.2020 03:40",
            "open": "5.663",
            "high": "5.663",
            "low": "5.663",
            "close": "5.676"
        },
        {
            "time": "05.11.2020 04:11",
            "open": "5.676",
            "high": "5.677",
            "low": "5.676",
            "close": "5.622"
        },
        {
            "time": "05.11.2020 05:20",
            "open": "5.622",
            "high": "5.622",
            "low": "5.622",
            "close": "5.614"
        },
        {
            "time": "05.11.2020 05:25",
            "open": "5.614",
            "high": "5.614",
            "low": "5.614",
            "close": "5.601"
        },
        {
            "time": "05.11.2020 05:45",
            "open": "5.601",
            "high": "5.601",
            "low": "5.601",
            "close": "5.596"
        },
        {
            "time": "05.11.2020 06:10",
            "open": "5.596",
            "high": "5.596",
            "low": "5.592",
            "close": "5.575"
        },
        {
            "time": "05.11.2020 06:17",
            "open": "5.575",
            "high": "5.575",
            "low": "5.575",
            "close": "5.557"
        },
        {
            "time": "05.11.2020 06:52",
            "open": "5.557",
            "high": "5.557",
            "low": "5.557",
            "close": "5.554"
        },
        {
            "time": "05.11.2020 06:56",
            "open": "5.554",
            "high": "5.554",
            "low": "5.551",
            "close": "5.55"
        },
        {
            "time": "05.11.2020 06:57",
            "open": "5.55",
            "high": "5.55",
            "low": "5.55",
            "close": "5.531"
        },
        {
            "time": "05.11.2020 07:00",
            "open": "5.531",
            "high": "5.531",
            "low": "5.531",
            "close": "5.524"
        },
        {
            "time": "05.11.2020 07:02",
            "open": "5.524",
            "high": "5.524",
            "low": "5.524",
            "close": "5.503"
        },
        {
            "time": "05.11.2020 07:22",
            "open": "5.503",
            "high": "5.503",
            "low": "5.503",
            "close": "5.501"
        },
        {
            "time": "05.11.2020 07:23",
            "open": "5.501",
            "high": "5.501",
            "low": "5.462",
            "close": "5.508"
        },
        {
            "time": "05.11.2020 07:43",
            "open": "5.508",
            "high": "5.51",
            "low": "5.508",
            "close": "5.519"
        },
        {
            "time": "05.11.2020 07:44",
            "open": "5.519",
            "high": "5.52",
            "low": "5.519",
            "close": "5.492"
        },
        {
            "time": "05.11.2020 07:47",
            "open": "5.492",
            "high": "5.492",
            "low": "5.49",
            "close": "5.506"
        },
        {
            "time": "05.11.2020 08:25",
            "open": "5.506",
            "high": "5.506",
            "low": "5.506",
            "close": "5.511"
        },
        {
            "time": "05.11.2020 08:38",
            "open": "5.511",
            "high": "5.511",
            "low": "5.511",
            "close": "5.508"
        },
        {
            "time": "05.11.2020 08:41",
            "open": "5.508",
            "high": "5.524",
            "low": "5.461",
            "close": "5.519"
        },
        {
            "time": "05.11.2020 08:48",
            "open": "5.519",
            "high": "5.519",
            "low": "5.519",
            "close": "5.506"
        },
        {
            "time": "05.11.2020 09:07",
            "open": "5.506",
            "high": "5.506",
            "low": "5.506",
            "close": "5.51"
        },
        {
            "time": "05.11.2020 09:17",
            "open": "5.51",
            "high": "5.51",
            "low": "5.51",
            "close": "5.529"
        },
        {
            "time": "05.11.2020 09:19",
            "open": "5.529",
            "high": "5.531",
            "low": "5.529",
            "close": "5.506"
        },
        {
            "time": "05.11.2020 09:22",
            "open": "5.506",
            "high": "5.517",
            "low": "5.506",
            "close": "5.539"
        },
        {
            "time": "05.11.2020 09:24",
            "open": "5.539",
            "high": "5.539",
            "low": "5.539",
            "close": "5.541"
        },
        {
            "time": "05.11.2020 09:39",
            "open": "5.588",
            "high": "5.588",
            "low": "5.535",
            "close": "5.534"
        },
        {
            "time": "05.11.2020 09:47",
            "open": "5.534",
            "high": "5.534",
            "low": "5.534",
            "close": "5.517"
        },
        {
            "time": "05.11.2020 10:36",
            "open": "5.517",
            "high": "5.517",
            "low": "5.517",
            "close": "5.531"
        },
        {
            "time": "05.11.2020 10:50",
            "open": "5.531",
            "high": "5.531",
            "low": "5.531",
            "close": "5.53"
        },
        {
            "time": "05.11.2020 10:59",
            "open": "5.53",
            "high": "5.53",
            "low": "5.53",
            "close": "5.512"
        },
        {
            "time": "05.11.2020 11:11",
            "open": "5.512",
            "high": "5.512",
            "low": "5.512",
            "close": "5.518"
        },
        {
            "time": "05.11.2020 11:16",
            "open": "5.518",
            "high": "5.518",
            "low": "5.518",
            "close": "5.535"
        },
        {
            "time": "05.11.2020 11:21",
            "open": "5.535",
            "high": "5.539",
            "low": "5.535",
            "close": "5.534"
        },
        {
            "time": "05.11.2020 11:22",
            "open": "5.534",
            "high": "5.534",
            "low": "5.534",
            "close": "5.512"
        },
        {
            "time": "05.11.2020 11:39",
            "open": "5.512",
            "high": "5.512",
            "low": "5.512",
            "close": "5.536"
        },
        {
            "time": "05.11.2020 11:46",
            "open": "5.536",
            "high": "5.539",
            "low": "5.536",
            "close": "5.509"
        },
        {
            "time": "05.11.2020 11:53",
            "open": "5.509",
            "high": "5.547",
            "low": "5.509",
            "close": "5.53"
        },
        {
            "time": "05.11.2020 12:02",
            "open": "5.53",
            "high": "5.53",
            "low": "5.53",
            "close": "5.531"
        },
        {
            "time": "05.11.2020 12:03",
            "open": "5.531",
            "high": "5.531",
            "low": "5.531",
            "close": "5.495"
        },
        {
            "time": "05.11.2020 13:15",
            "open": "5.495",
            "high": "5.495",
            "low": "5.495",
            "close": "5.48"
        },
        {
            "time": "05.11.2020 13:22",
            "open": "5.48",
            "high": "5.48",
            "low": "5.479",
            "close": "5.482"
        },
        {
            "time": "05.11.2020 13:27",
            "open": "5.482",
            "high": "5.498",
            "low": "5.482",
            "close": "5.481"
        },
        {
            "time": "05.11.2020 13:39",
            "open": "5.481",
            "high": "5.481",
            "low": "5.481",
            "close": "5.481"
        },
        {
            "time": "05.11.2020 13:47",
            "open": "5.481",
            "high": "5.481",
            "low": "5.481",
            "close": "5.48"
        },
        {
            "time": "05.11.2020 13:52",
            "open": "5.48",
            "high": "5.48",
            "low": "5.48",
            "close": "5.499"
        },
        {
            "time": "05.11.2020 14:00",
            "open": "5.499",
            "high": "5.499",
            "low": "5.499",
            "close": "5.49"
        },
        {
            "time": "05.11.2020 14:01",
            "open": "5.49",
            "high": "5.496",
            "low": "5.49",
            "close": "5.487"
        },
        {
            "time": "05.11.2020 14:07",
            "open": "5.487",
            "high": "5.487",
            "low": "5.461",
            "close": "5.462"
        },
        {
            "time": "05.11.2020 14:08",
            "open": "5.462",
            "high": "5.462",
            "low": "5.462",
            "close": "5.484"
        },
        {
            "time": "05.11.2020 14:20",
            "open": "5.484",
            "high": "5.484",
            "low": "5.478",
            "close": "5.503"
        },
        {
            "time": "05.11.2020 14:42",
            "open": "5.503",
            "high": "5.503",
            "low": "5.503",
            "close": "5.532"
        },
        {
            "time": "05.11.2020 14:57",
            "open": "5.532",
            "high": "5.643",
            "low": "5.532",
            "close": "5.643"
        },
        {
            "time": "05.11.2020 14:58",
            "open": "5.643",
            "high": "5.686",
            "low": "5.643",
            "close": "5.686"
        },
        {
            "time": "05.11.2020 14:59",
            "open": "5.686",
            "high": "5.687",
            "low": "5.661",
            "close": "5.688"
        },
        {
            "time": "05.11.2020 15:02",
            "open": "5.688",
            "high": "5.69",
            "low": "5.688",
            "close": "5.693"
        },
        {
            "time": "05.11.2020 15:03",
            "open": "5.693",
            "high": "5.7",
            "low": "5.662",
            "close": "5.72"
        },
        {
            "time": "05.11.2020 15:06",
            "open": "5.72",
            "high": "5.726",
            "low": "5.72",
            "close": "5.679"
        },
        {
            "time": "05.11.2020 15:10",
            "open": "5.679",
            "high": "5.679",
            "low": "5.679",
            "close": "5.729"
        },
        {
            "time": "05.11.2020 15:20",
            "open": "5.729",
            "high": "5.729",
            "low": "5.729",
            "close": "5.682"
        },
        {
            "time": "05.11.2020 15:22",
            "open": "5.682",
            "high": "5.682",
            "low": "5.682",
            "close": "5.684"
        },
        {
            "time": "05.11.2020 15:26",
            "open": "5.684",
            "high": "5.684",
            "low": "5.684",
            "close": "5.699"
        },
        {
            "time": "05.11.2020 15:33",
            "open": "5.699",
            "high": "5.699",
            "low": "5.697",
            "close": "5.7"
        },
        {
            "time": "05.11.2020 15:41",
            "open": "5.7",
            "high": "5.7",
            "low": "5.7",
            "close": "5.7"
        },
        {
            "time": "05.11.2020 15:43",
            "open": "5.7",
            "high": "5.7",
            "low": "5.7",
            "close": "5.7"
        },
        {
            "time": "05.11.2020 15:52",
            "open": "5.7",
            "high": "5.7",
            "low": "5.7",
            "close": "5.726"
        },
        {
            "time": "05.11.2020 15:54",
            "open": "5.726",
            "high": "5.726",
            "low": "5.726",
            "close": "5.72"
        },
        {
            "time": "05.11.2020 15:56",
            "open": "5.72",
            "high": "5.72",
            "low": "5.719",
            "close": "5.717"
        },
        {
            "time": "05.11.2020 15:59",
            "open": "5.717",
            "high": "5.717",
            "low": "5.717",
            "close": "5.729"
        },
        {
            "time": "05.11.2020 16:15",
            "open": "5.729",
            "high": "5.729",
            "low": "5.729",
            "close": "5.73"
        },
        {
            "time": "05.11.2020 16:18",
            "open": "5.73",
            "high": "5.73",
            "low": "5.73",
            "close": "5.74"
        },
        {
            "time": "05.11.2020 16:19",
            "open": "5.74",
            "high": "5.74",
            "low": "5.74",
            "close": "5.751"
        },
        {
            "time": "05.11.2020 16:20",
            "open": "5.751",
            "high": "5.751",
            "low": "5.729",
            "close": "5.717"
        },
        {
            "time": "05.11.2020 16:21",
            "open": "5.717",
            "high": "5.717",
            "low": "5.703",
            "close": "5.723"
        },
        {
            "time": "05.11.2020 16:25",
            "open": "5.723",
            "high": "5.723",
            "low": "5.723",
            "close": "5.733"
        },
        {
            "time": "05.11.2020 16:34",
            "open": "5.733",
            "high": "5.733",
            "low": "5.705",
            "close": "5.724"
        },
        {
            "time": "05.11.2020 16:35",
            "open": "5.724",
            "high": "5.724",
            "low": "5.724",
            "close": "5.722"
        },
        {
            "time": "05.11.2020 16:36",
            "open": "5.722",
            "high": "5.727",
            "low": "5.722",
            "close": "5.741"
        },
        {
            "time": "05.11.2020 16:39",
            "open": "5.741",
            "high": "5.741",
            "low": "5.741",
            "close": "5.747"
        },
        {
            "time": "05.11.2020 16:47",
            "open": "5.747",
            "high": "5.747",
            "low": "5.747",
            "close": "5.759"
        },
        {
            "time": "05.11.2020 16:49",
            "open": "5.759",
            "high": "5.759",
            "low": "5.759",
            "close": "5.76"
        },
        {
            "time": "05.11.2020 16:50",
            "open": "5.76",
            "high": "5.76",
            "low": "5.76",
            "close": "5.76"
        },
        {
            "time": "05.11.2020 16:51",
            "open": "5.76",
            "high": "5.762",
            "low": "5.76",
            "close": "5.77"
        },
        {
            "time": "05.11.2020 16:52",
            "open": "5.77",
            "high": "5.774",
            "low": "5.77",
            "close": "5.774"
        },
        {
            "time": "05.11.2020 16:54",
            "open": "5.774",
            "high": "5.775",
            "low": "5.773",
            "close": "5.777"
        },
        {
            "time": "05.11.2020 16:55",
            "open": "5.777",
            "high": "5.777",
            "low": "5.777",
            "close": "5.77"
        },
        {
            "time": "05.11.2020 16:58",
            "open": "5.77",
            "high": "5.77",
            "low": "5.77",
            "close": "5.764"
        },
        {
            "time": "05.11.2020 16:59",
            "open": "5.764",
            "high": "5.764",
            "low": "5.764",
            "close": "5.782"
        },
        {
            "time": "05.11.2020 17:00",
            "open": "5.782",
            "high": "5.782",
            "low": "5.782",
            "close": "5.781"
        },
        {
            "time": "05.11.2020 17:03",
            "open": "5.781",
            "high": "5.781",
            "low": "5.781",
            "close": "5.77"
        },
        {
            "time": "05.11.2020 17:04",
            "open": "5.77",
            "high": "5.77",
            "low": "5.77",
            "close": "5.75"
        },
        {
            "time": "05.11.2020 17:07",
            "open": "5.75",
            "high": "5.75",
            "low": "5.75",
            "close": "5.754"
        },
        {
            "time": "05.11.2020 17:24",
            "open": "5.754",
            "high": "5.754",
            "low": "5.754",
            "close": "5.768"
        },
        {
            "time": "05.11.2020 17:26",
            "open": "5.768",
            "high": "5.768",
            "low": "5.768",
            "close": "5.768"
        },
        {
            "time": "05.11.2020 17:38",
            "open": "5.768",
            "high": "5.768",
            "low": "5.768",
            "close": "5.768"
        },
        {
            "time": "05.11.2020 17:42",
            "open": "5.768",
            "high": "5.768",
            "low": "5.757",
            "close": "5.781"
        },
        {
            "time": "05.11.2020 17:43",
            "open": "5.781",
            "high": "5.781",
            "low": "5.781",
            "close": "5.787"
        },
        {
            "time": "05.11.2020 18:07",
            "open": "5.787",
            "high": "5.787",
            "low": "5.787",
            "close": "5.8"
        },
        {
            "time": "05.11.2020 18:15",
            "open": "5.8",
            "high": "5.82",
            "low": "5.8",
            "close": "5.818"
        },
        {
            "time": "05.11.2020 18:18",
            "open": "5.818",
            "high": "5.819",
            "low": "5.816",
            "close": "5.816"
        },
        {
            "time": "05.11.2020 18:19",
            "open": "5.816",
            "high": "5.816",
            "low": "5.816",
            "close": "5.803"
        },
        {
            "time": "05.11.2020 18:25",
            "open": "5.803",
            "high": "5.803",
            "low": "5.803",
            "close": "5.756"
        },
        {
            "time": "05.11.2020 18:31",
            "open": "5.756",
            "high": "5.756",
            "low": "5.747",
            "close": "5.811"
        },
        {
            "time": "05.11.2020 18:32",
            "open": "5.811",
            "high": "5.812",
            "low": "5.728",
            "close": "5.726"
        },
        {
            "time": "05.11.2020 18:33",
            "open": "5.726",
            "high": "5.73",
            "low": "5.623",
            "close": "5.717"
        },
        {
            "time": "05.11.2020 18:34",
            "open": "5.717",
            "high": "5.717",
            "low": "5.678",
            "close": "5.69"
        },
        {
            "time": "05.11.2020 18:35",
            "open": "5.69",
            "high": "5.69",
            "low": "5.665",
            "close": "5.704"
        },
        {
            "time": "05.11.2020 18:36",
            "open": "5.704",
            "high": "5.746",
            "low": "5.704",
            "close": "5.736"
        },
        {
            "time": "05.11.2020 18:39",
            "open": "5.737",
            "high": "5.737",
            "low": "5.737",
            "close": "5.747"
        },
        {
            "time": "05.11.2020 18:50",
            "open": "5.747",
            "high": "5.747",
            "low": "5.747",
            "close": "5.745"
        },
        {
            "time": "05.11.2020 19:06",
            "open": "5.745",
            "high": "5.745",
            "low": "5.745",
            "close": "5.737"
        },
        {
            "time": "05.11.2020 19:07",
            "open": "5.737",
            "high": "5.737",
            "low": "5.7",
            "close": "5.719"
        },
        {
            "time": "05.11.2020 19:13",
            "open": "5.719",
            "high": "5.719",
            "low": "5.719",
            "close": "5.721"
        },
        {
            "time": "05.11.2020 19:22",
            "open": "5.721",
            "high": "5.721",
            "low": "5.721",
            "close": "5.724"
        },
        {
            "time": "05.11.2020 19:23",
            "open": "5.724",
            "high": "5.724",
            "low": "5.724",
            "close": "5.699"
        },
        {
            "time": "05.11.2020 20:08",
            "open": "5.699",
            "high": "5.699",
            "low": "5.699",
            "close": "5.682"
        },
        {
            "time": "05.11.2020 20:34",
            "open": "5.682",
            "high": "5.682",
            "low": "5.682",
            "close": "5.7"
        },
        {
            "time": "05.11.2020 20:38",
            "open": "5.7",
            "high": "5.7",
            "low": "5.7",
            "close": "5.713"
        },
        {
            "time": "05.11.2020 21:24",
            "open": "5.713",
            "high": "5.716",
            "low": "5.713",
            "close": "5.694"
        },
        {
            "time": "05.11.2020 21:36",
            "open": "5.694",
            "high": "5.694",
            "low": "5.694",
            "close": "5.683"
        },
        {
            "time": "05.11.2020 21:53",
            "open": "5.683",
            "high": "5.695",
            "low": "5.683",
            "close": "5.695"
        },
        {
            "time": "05.11.2020 21:54",
            "open": "5.695",
            "high": "5.695",
            "low": "5.695",
            "close": "5.695"
        },
        {
            "time": "05.11.2020 22:00",
            "open": "5.695",
            "high": "5.695",
            "low": "5.695",
            "close": "5.706"
        },
        {
            "time": "05.11.2020 22:01",
            "open": "5.706",
            "high": "5.706",
            "low": "5.706",
            "close": "5.695"
        },
        {
            "time": "05.11.2020 22:07",
            "open": "5.695",
            "high": "5.695",
            "low": "5.694",
            "close": "5.694"
        },
        {
            "time": "05.11.2020 22:08",
            "open": "5.694",
            "high": "5.694",
            "low": "5.694",
            "close": "5.694"
        },
        {
            "time": "05.11.2020 22:09",
            "open": "5.694",
            "high": "5.695",
            "low": "5.694",
            "close": "5.713"
        },
        {
            "time": "05.11.2020 22:11",
            "open": "5.713",
            "high": "5.785",
            "low": "5.713",
            "close": "5.706"
        },
        {
            "time": "05.11.2020 22:13",
            "open": "5.706",
            "high": "5.706",
            "low": "5.704",
            "close": "5.73"
        },
        {
            "time": "05.11.2020 22:17",
            "open": "5.73",
            "high": "5.73",
            "low": "5.723",
            "close": "5.716"
        },
        {
            "time": "05.11.2020 22:21",
            "open": "5.716",
            "high": "5.719",
            "low": "5.716",
            "close": "5.716"
        },
        {
            "time": "05.11.2020 22:25",
            "open": "5.716",
            "high": "5.716",
            "low": "5.716",
            "close": "5.725"
        },
        {
            "time": "05.11.2020 22:28",
            "open": "5.725",
            "high": "5.725",
            "low": "5.725",
            "close": "5.714"
        },
        {
            "time": "05.11.2020 22:50",
            "open": "5.714",
            "high": "5.714",
            "low": "5.696",
            "close": "5.696"
        },
        {
            "time": "05.11.2020 23:27",
            "open": "5.696",
            "high": "5.696",
            "low": "5.696",
            "close": "5.688"
        },
        {
            "time": "05.11.2020 23:40",
            "open": "5.688",
            "high": "5.688",
            "low": "5.688",
            "close": "5.688"
        }
    ]
}