{
    "UMA-EUR": [
        {
            "time": "03.04.2021 23:58",
            "open": "21.665",
            "high": "21.673",
            "low": "21.653",
            "close": "21.654"
        },
        {
            "time": "04.04.2021 00:01",
            "open": "21.654",
            "high": "21.654",
            "low": "21.565",
            "close": "21.509"
        },
        {
            "time": "04.04.2021 00:02",
            "open": "21.509",
            "high": "21.509",
            "low": "21.458",
            "close": "21.431"
        },
        {
            "time": "04.04.2021 00:03",
            "open": "21.431",
            "high": "21.431",
            "low": "21.311",
            "close": "21.307"
        },
        {
            "time": "04.04.2021 00:04",
            "open": "21.307",
            "high": "21.307",
            "low": "21.284",
            "close": "21.304"
        },
        {
            "time": "04.04.2021 00:05",
            "open": "21.304",
            "high": "21.304",
            "low": "21.302",
            "close": "21.27"
        },
        {
            "time": "04.04.2021 00:06",
            "open": "21.27",
            "high": "21.27",
            "low": "21.25",
            "close": "21.258"
        },
        {
            "time": "04.04.2021 00:07",
            "open": "21.258",
            "high": "21.258",
            "low": "21.246",
            "close": "21.23"
        },
        {
            "time": "04.04.2021 00:08",
            "open": "21.23",
            "high": "21.23",
            "low": "21.221",
            "close": "21.221"
        },
        {
            "time": "04.04.2021 00:09",
            "open": "21.221",
            "high": "21.231",
            "low": "21.221",
            "close": "21.22"
        },
        {
            "time": "04.04.2021 00:10",
            "open": "21.22",
            "high": "21.22",
            "low": "21.21",
            "close": "21.267"
        },
        {
            "time": "04.04.2021 00:11",
            "open": "21.267",
            "high": "21.267",
            "low": "21.267",
            "close": "21.267"
        },
        {
            "time": "04.04.2021 00:12",
            "open": "21.267",
            "high": "21.34",
            "low": "21.267",
            "close": "21.412"
        },
        {
            "time": "04.04.2021 00:14",
            "open": "21.412",
            "high": "21.573",
            "low": "21.412",
            "close": "21.563"
        },
        {
            "time": "04.04.2021 00:15",
            "open": "21.563",
            "high": "21.61",
            "low": "21.563",
            "close": "21.599"
        },
        {
            "time": "04.04.2021 00:16",
            "open": "21.599",
            "high": "21.599",
            "low": "21.598",
            "close": "21.676"
        },
        {
            "time": "04.04.2021 00:18",
            "open": "21.676",
            "high": "21.721",
            "low": "21.676",
            "close": "21.758"
        },
        {
            "time": "04.04.2021 00:19",
            "open": "21.758",
            "high": "21.794",
            "low": "21.758",
            "close": "21.806"
        },
        {
            "time": "04.04.2021 00:20",
            "open": "21.806",
            "high": "21.806",
            "low": "21.783",
            "close": "21.69"
        },
        {
            "time": "04.04.2021 00:21",
            "open": "21.69",
            "high": "21.69",
            "low": "21.69",
            "close": "21.727"
        },
        {
            "time": "04.04.2021 00:23",
            "open": "21.727",
            "high": "21.727",
            "low": "21.726",
            "close": "21.716"
        },
        {
            "time": "04.04.2021 00:25",
            "open": "21.716",
            "high": "21.716",
            "low": "21.716",
            "close": "21.726"
        },
        {
            "time": "04.04.2021 00:26",
            "open": "21.726",
            "high": "21.726",
            "low": "21.716",
            "close": "21.484"
        },
        {
            "time": "04.04.2021 00:28",
            "open": "21.484",
            "high": "21.484",
            "low": "21.482",
            "close": "21.571"
        },
        {
            "time": "04.04.2021 00:29",
            "open": "21.571",
            "high": "21.572",
            "low": "21.57",
            "close": "21.47"
        },
        {
            "time": "04.04.2021 00:30",
            "open": "21.47",
            "high": "21.47",
            "low": "21.459",
            "close": "21.434"
        },
        {
            "time": "04.04.2021 00:31",
            "open": "21.434",
            "high": "21.434",
            "low": "21.429",
            "close": "21.395"
        },
        {
            "time": "04.04.2021 00:32",
            "open": "21.395",
            "high": "21.395",
            "low": "21.395",
            "close": "21.366"
        },
        {
            "time": "04.04.2021 00:33",
            "open": "21.366",
            "high": "21.366",
            "low": "21.366",
            "close": "21.467"
        },
        {
            "time": "04.04.2021 00:37",
            "open": "21.467",
            "high": "21.467",
            "low": "21.467",
            "close": "21.476"
        },
        {
            "time": "04.04.2021 00:38",
            "open": "21.476",
            "high": "21.476",
            "low": "21.475",
            "close": "21.436"
        },
        {
            "time": "04.04.2021 00:42",
            "open": "21.436",
            "high": "21.436",
            "low": "21.435",
            "close": "21.412"
        },
        {
            "time": "04.04.2021 00:46",
            "open": "21.412",
            "high": "21.412",
            "low": "21.412",
            "close": "21.435"
        },
        {
            "time": "04.04.2021 00:47",
            "open": "21.435",
            "high": "21.435",
            "low": "21.435",
            "close": "21.494"
        },
        {
            "time": "04.04.2021 00:48",
            "open": "21.494",
            "high": "21.5",
            "low": "21.494",
            "close": "21.589"
        },
        {
            "time": "04.04.2021 00:56",
            "open": "21.589",
            "high": "21.589",
            "low": "21.589",
            "close": "21.439"
        },
        {
            "time": "04.04.2021 01:01",
            "open": "21.439",
            "high": "21.439",
            "low": "21.439",
            "close": "21.439"
        },
        {
            "time": "04.04.2021 01:04",
            "open": "21.439",
            "high": "21.498",
            "low": "21.439",
            "close": "21.522"
        },
        {
            "time": "04.04.2021 01:08",
            "open": "21.522",
            "high": "21.522",
            "low": "21.522",
            "close": "21.55"
        },
        {
            "time": "04.04.2021 01:09",
            "open": "21.55",
            "high": "21.55",
            "low": "21.55",
            "close": "21.479"
        },
        {
            "time": "04.04.2021 01:15",
            "open": "21.479",
            "high": "21.479",
            "low": "21.479",
            "close": "21.573"
        },
        {
            "time": "04.04.2021 01:16",
            "open": "21.573",
            "high": "21.573",
            "low": "21.573",
            "close": "21.58"
        },
        {
            "time": "04.04.2021 01:19",
            "open": "21.58",
            "high": "21.58",
            "low": "21.58",
            "close": "21.698"
        },
        {
            "time": "04.04.2021 01:30",
            "open": "21.698",
            "high": "21.703",
            "low": "21.698",
            "close": "21.617"
        },
        {
            "time": "04.04.2021 01:33",
            "open": "21.617",
            "high": "21.617",
            "low": "21.617",
            "close": "21.395"
        },
        {
            "time": "04.04.2021 01:34",
            "open": "21.395",
            "high": "21.395",
            "low": "21.381",
            "close": "21.368"
        },
        {
            "time": "04.04.2021 01:35",
            "open": "21.368",
            "high": "21.368",
            "low": "21.368",
            "close": "21.344"
        },
        {
            "time": "04.04.2021 01:36",
            "open": "21.344",
            "high": "21.344",
            "low": "21.29",
            "close": "21.307"
        },
        {
            "time": "04.04.2021 01:38",
            "open": "21.307",
            "high": "21.317",
            "low": "21.307",
            "close": "21.279"
        },
        {
            "time": "04.04.2021 01:45",
            "open": "21.279",
            "high": "21.279",
            "low": "21.253",
            "close": "21.23"
        },
        {
            "time": "04.04.2021 01:46",
            "open": "21.23",
            "high": "21.23",
            "low": "21.23",
            "close": "21.22"
        },
        {
            "time": "04.04.2021 01:48",
            "open": "21.22",
            "high": "21.22",
            "low": "21.22",
            "close": "21.217"
        },
        {
            "time": "04.04.2021 01:49",
            "open": "21.217",
            "high": "21.217",
            "low": "21.184",
            "close": "21.189"
        },
        {
            "time": "04.04.2021 01:50",
            "open": "21.189",
            "high": "21.189",
            "low": "21.189",
            "close": "21.151"
        },
        {
            "time": "04.04.2021 01:52",
            "open": "21.151",
            "high": "21.151",
            "low": "21.15",
            "close": "21.132"
        },
        {
            "time": "04.04.2021 01:54",
            "open": "21.132",
            "high": "21.132",
            "low": "21.124",
            "close": "21.081"
        },
        {
            "time": "04.04.2021 01:56",
            "open": "21.081",
            "high": "21.081",
            "low": "21.074",
            "close": "21.074"
        },
        {
            "time": "04.04.2021 01:57",
            "open": "21.074",
            "high": "21.074",
            "low": "21.074",
            "close": "21.074"
        },
        {
            "time": "04.04.2021 01:58",
            "open": "21.074",
            "high": "21.074",
            "low": "21.074",
            "close": "21.074"
        },
        {
            "time": "04.04.2021 01:59",
            "open": "21.074",
            "high": "21.074",
            "low": "21.011",
            "close": "21.031"
        },
        {
            "time": "04.04.2021 02:00",
            "open": "21.031",
            "high": "21.031",
            "low": "20.968",
            "close": "20.959"
        },
        {
            "time": "04.04.2021 02:01",
            "open": "20.959",
            "high": "20.959",
            "low": "20.92",
            "close": "20.907"
        },
        {
            "time": "04.04.2021 02:02",
            "open": "20.907",
            "high": "20.907",
            "low": "20.907",
            "close": "20.894"
        },
        {
            "time": "04.04.2021 02:03",
            "open": "20.894",
            "high": "20.894",
            "low": "20.874",
            "close": "20.875"
        },
        {
            "time": "04.04.2021 02:04",
            "open": "20.875",
            "high": "20.98",
            "low": "20.875",
            "close": "20.979"
        },
        {
            "time": "04.04.2021 02:05",
            "open": "20.979",
            "high": "20.979",
            "low": "20.979",
            "close": "20.98"
        },
        {
            "time": "04.04.2021 02:06",
            "open": "20.98",
            "high": "20.98",
            "low": "20.98",
            "close": "20.992"
        },
        {
            "time": "04.04.2021 02:07",
            "open": "20.992",
            "high": "21",
            "low": "20.992",
            "close": "21.089"
        },
        {
            "time": "04.04.2021 02:08",
            "open": "21.089",
            "high": "21.09",
            "low": "21.089",
            "close": "21.188"
        },
        {
            "time": "04.04.2021 02:14",
            "open": "21.188",
            "high": "21.19",
            "low": "21.188",
            "close": "21.132"
        },
        {
            "time": "04.04.2021 02:15",
            "open": "21.132",
            "high": "21.132",
            "low": "21.132",
            "close": "21.142"
        },
        {
            "time": "04.04.2021 02:19",
            "open": "21.142",
            "high": "21.142",
            "low": "21.132",
            "close": "21.256"
        },
        {
            "time": "04.04.2021 02:22",
            "open": "21.256",
            "high": "21.275",
            "low": "21.238",
            "close": "21.285"
        },
        {
            "time": "04.04.2021 02:23",
            "open": "21.285",
            "high": "21.285",
            "low": "21.282",
            "close": "21.231"
        },
        {
            "time": "04.04.2021 02:24",
            "open": "21.231",
            "high": "21.281",
            "low": "21.231",
            "close": "21.29"
        },
        {
            "time": "04.04.2021 02:25",
            "open": "21.29",
            "high": "21.3",
            "low": "21.29",
            "close": "21.32"
        },
        {
            "time": "04.04.2021 02:27",
            "open": "21.32",
            "high": "21.32",
            "low": "21.282",
            "close": "21.325"
        },
        {
            "time": "04.04.2021 02:30",
            "open": "21.325",
            "high": "21.325",
            "low": "21.325",
            "close": "21.304"
        },
        {
            "time": "04.04.2021 02:31",
            "open": "21.304",
            "high": "21.304",
            "low": "21.304",
            "close": "21.33"
        },
        {
            "time": "04.04.2021 02:34",
            "open": "21.33",
            "high": "21.33",
            "low": "21.33",
            "close": "21.277"
        },
        {
            "time": "04.04.2021 02:39",
            "open": "21.277",
            "high": "21.289",
            "low": "21.277",
            "close": "21.277"
        },
        {
            "time": "04.04.2021 02:40",
            "open": "21.277",
            "high": "21.277",
            "low": "21.25",
            "close": "21.297"
        },
        {
            "time": "04.04.2021 02:42",
            "open": "21.297",
            "high": "21.297",
            "low": "21.297",
            "close": "21.286"
        },
        {
            "time": "04.04.2021 02:43",
            "open": "21.286",
            "high": "21.286",
            "low": "21.286",
            "close": "21.323"
        },
        {
            "time": "04.04.2021 02:45",
            "open": "21.323",
            "high": "21.323",
            "low": "21.323",
            "close": "21.323"
        },
        {
            "time": "04.04.2021 02:50",
            "open": "21.323",
            "high": "21.323",
            "low": "21.323",
            "close": "21.312"
        },
        {
            "time": "04.04.2021 02:51",
            "open": "21.312",
            "high": "21.312",
            "low": "21.312",
            "close": "21.313"
        },
        {
            "time": "04.04.2021 02:52",
            "open": "21.313",
            "high": "21.313",
            "low": "21.265",
            "close": "21.255"
        },
        {
            "time": "04.04.2021 02:53",
            "open": "21.255",
            "high": "21.255",
            "low": "21.198",
            "close": "21.057"
        },
        {
            "time": "04.04.2021 02:55",
            "open": "21.057",
            "high": "21.057",
            "low": "21.057",
            "close": "21.105"
        },
        {
            "time": "04.04.2021 02:58",
            "open": "21.105",
            "high": "21.132",
            "low": "21.105",
            "close": "21"
        },
        {
            "time": "04.04.2021 03:00",
            "open": "21",
            "high": "21",
            "low": "20.977",
            "close": "20.959"
        },
        {
            "time": "04.04.2021 03:01",
            "open": "20.959",
            "high": "20.959",
            "low": "20.959",
            "close": "20.907"
        },
        {
            "time": "04.04.2021 03:03",
            "open": "20.907",
            "high": "20.907",
            "low": "20.907",
            "close": "21.068"
        },
        {
            "time": "04.04.2021 03:16",
            "open": "21.068",
            "high": "21.068",
            "low": "21.068",
            "close": "21.057"
        },
        {
            "time": "04.04.2021 03:29",
            "open": "21.057",
            "high": "21.057",
            "low": "21.057",
            "close": "21.06"
        },
        {
            "time": "04.04.2021 03:34",
            "open": "21.06",
            "high": "21.06",
            "low": "21.06",
            "close": "21.134"
        },
        {
            "time": "04.04.2021 03:39",
            "open": "21.134",
            "high": "21.135",
            "low": "21.134",
            "close": "21.188"
        },
        {
            "time": "04.04.2021 03:50",
            "open": "21.188",
            "high": "21.188",
            "low": "21.188",
            "close": "21.19"
        },
        {
            "time": "04.04.2021 03:56",
            "open": "21.19",
            "high": "21.19",
            "low": "21.19",
            "close": "21.188"
        },
        {
            "time": "04.04.2021 03:57",
            "open": "21.188",
            "high": "21.188",
            "low": "21.188",
            "close": "21.256"
        },
        {
            "time": "04.04.2021 04:08",
            "open": "21.27",
            "high": "21.27",
            "low": "21.27",
            "close": "21.292"
        },
        {
            "time": "04.04.2021 04:14",
            "open": "21.292",
            "high": "21.31",
            "low": "21.292",
            "close": "21.283"
        },
        {
            "time": "04.04.2021 04:17",
            "open": "21.283",
            "high": "21.283",
            "low": "21.283",
            "close": "21.324"
        },
        {
            "time": "04.04.2021 04:18",
            "open": "21.324",
            "high": "21.324",
            "low": "21.324",
            "close": "21.325"
        },
        {
            "time": "04.04.2021 04:25",
            "open": "21.325",
            "high": "21.342",
            "low": "21.325",
            "close": "21.343"
        },
        {
            "time": "04.04.2021 04:26",
            "open": "21.343",
            "high": "21.356",
            "low": "21.343",
            "close": "21.355"
        },
        {
            "time": "04.04.2021 04:34",
            "open": "21.355",
            "high": "21.355",
            "low": "21.355",
            "close": "21.398"
        },
        {
            "time": "04.04.2021 04:44",
            "open": "21.398",
            "high": "21.398",
            "low": "21.359",
            "close": "21.352"
        },
        {
            "time": "04.04.2021 04:46",
            "open": "21.352",
            "high": "21.352",
            "low": "21.349",
            "close": "21.328"
        },
        {
            "time": "04.04.2021 04:57",
            "open": "21.328",
            "high": "21.328",
            "low": "21.328",
            "close": "21.352"
        },
        {
            "time": "04.04.2021 05:06",
            "open": "21.352",
            "high": "21.397",
            "low": "21.352",
            "close": "21.127"
        },
        {
            "time": "04.04.2021 05:23",
            "open": "21.127",
            "high": "21.127",
            "low": "21.127",
            "close": "21.155"
        },
        {
            "time": "04.04.2021 05:39",
            "open": "21.155",
            "high": "21.155",
            "low": "21.155",
            "close": "21.3"
        },
        {
            "time": "04.04.2021 05:46",
            "open": "21.3",
            "high": "21.3",
            "low": "21.3",
            "close": "21.398"
        },
        {
            "time": "04.04.2021 05:56",
            "open": "21.398",
            "high": "21.398",
            "low": "21.398",
            "close": "21.426"
        },
        {
            "time": "04.04.2021 05:58",
            "open": "21.426",
            "high": "21.431",
            "low": "21.426",
            "close": "21.443"
        },
        {
            "time": "04.04.2021 06:00",
            "open": "21.443",
            "high": "21.443",
            "low": "21.443",
            "close": "21.39"
        },
        {
            "time": "04.04.2021 06:10",
            "open": "21.39",
            "high": "21.39",
            "low": "21.39",
            "close": "21.426"
        },
        {
            "time": "04.04.2021 06:21",
            "open": "21.426",
            "high": "21.426",
            "low": "21.426",
            "close": "21.272"
        },
        {
            "time": "04.04.2021 06:27",
            "open": "21.272",
            "high": "21.46",
            "low": "21.272",
            "close": "21.337"
        },
        {
            "time": "04.04.2021 06:43",
            "open": "21.337",
            "high": "21.337",
            "low": "21.337",
            "close": "21.337"
        },
        {
            "time": "04.04.2021 06:46",
            "open": "21.337",
            "high": "21.337",
            "low": "21.302",
            "close": "21.304"
        },
        {
            "time": "04.04.2021 06:57",
            "open": "21.304",
            "high": "21.304",
            "low": "21.302",
            "close": "21.302"
        },
        {
            "time": "04.04.2021 06:58",
            "open": "21.302",
            "high": "21.302",
            "low": "21.302",
            "close": "21.349"
        },
        {
            "time": "04.04.2021 07:02",
            "open": "21.349",
            "high": "21.349",
            "low": "21.349",
            "close": "21.442"
        },
        {
            "time": "04.04.2021 07:06",
            "open": "21.442",
            "high": "21.443",
            "low": "21.442",
            "close": "21.418"
        },
        {
            "time": "04.04.2021 07:47",
            "open": "21.418",
            "high": "21.418",
            "low": "21.418",
            "close": "21.39"
        },
        {
            "time": "04.04.2021 07:49",
            "open": "21.39",
            "high": "21.39",
            "low": "21.39",
            "close": "21.338"
        },
        {
            "time": "04.04.2021 07:55",
            "open": "21.338",
            "high": "21.338",
            "low": "21.338",
            "close": "21.25"
        },
        {
            "time": "04.04.2021 07:56",
            "open": "21.25",
            "high": "21.25",
            "low": "21.25",
            "close": "21.25"
        },
        {
            "time": "04.04.2021 07:57",
            "open": "21.25",
            "high": "21.25",
            "low": "21.246",
            "close": "21.252"
        },
        {
            "time": "04.04.2021 07:58",
            "open": "21.252",
            "high": "21.252",
            "low": "21.252",
            "close": "21.199"
        },
        {
            "time": "04.04.2021 08:05",
            "open": "21.199",
            "high": "21.199",
            "low": "21.199",
            "close": "21.232"
        },
        {
            "time": "04.04.2021 08:07",
            "open": "21.232",
            "high": "21.232",
            "low": "21.232",
            "close": "21.159"
        },
        {
            "time": "04.04.2021 08:12",
            "open": "21.159",
            "high": "21.159",
            "low": "21.159",
            "close": "21.14"
        },
        {
            "time": "04.04.2021 08:14",
            "open": "21.14",
            "high": "21.14",
            "low": "21.085",
            "close": "21.081"
        },
        {
            "time": "04.04.2021 08:15",
            "open": "21.081",
            "high": "21.081",
            "low": "20.848",
            "close": "20.904"
        },
        {
            "time": "04.04.2021 08:16",
            "open": "20.904",
            "high": "20.913",
            "low": "20.788",
            "close": "20.821"
        },
        {
            "time": "04.04.2021 08:17",
            "open": "20.821",
            "high": "20.822",
            "low": "20.821",
            "close": "20.796"
        },
        {
            "time": "04.04.2021 08:19",
            "open": "20.796",
            "high": "20.796",
            "low": "20.796",
            "close": "20.788"
        },
        {
            "time": "04.04.2021 08:21",
            "open": "20.788",
            "high": "20.788",
            "low": "20.771",
            "close": "20.791"
        },
        {
            "time": "04.04.2021 08:22",
            "open": "20.791",
            "high": "20.791",
            "low": "20.791",
            "close": "20.779"
        },
        {
            "time": "04.04.2021 08:23",
            "open": "20.779",
            "high": "20.779",
            "low": "20.779",
            "close": "20.799"
        },
        {
            "time": "04.04.2021 08:25",
            "open": "20.799",
            "high": "20.844",
            "low": "20.799",
            "close": "20.886"
        },
        {
            "time": "04.04.2021 08:31",
            "open": "20.886",
            "high": "20.887",
            "low": "20.886",
            "close": "20.916"
        },
        {
            "time": "04.04.2021 08:34",
            "open": "20.916",
            "high": "20.916",
            "low": "20.916",
            "close": "20.93"
        },
        {
            "time": "04.04.2021 08:41",
            "open": "20.93",
            "high": "20.93",
            "low": "20.93",
            "close": "20.916"
        },
        {
            "time": "04.04.2021 08:42",
            "open": "20.916",
            "high": "20.916",
            "low": "20.898",
            "close": "20.91"
        },
        {
            "time": "04.04.2021 08:48",
            "open": "20.91",
            "high": "20.91",
            "low": "20.91",
            "close": "20.91"
        },
        {
            "time": "04.04.2021 08:54",
            "open": "20.91",
            "high": "20.91",
            "low": "20.91",
            "close": "20.943"
        },
        {
            "time": "04.04.2021 09:06",
            "open": "20.943",
            "high": "20.943",
            "low": "20.943",
            "close": "21"
        },
        {
            "time": "04.04.2021 09:10",
            "open": "21",
            "high": "21",
            "low": "21",
            "close": "21.013"
        },
        {
            "time": "04.04.2021 09:13",
            "open": "21.013",
            "high": "21.027",
            "low": "21.009",
            "close": "21.018"
        },
        {
            "time": "04.04.2021 09:15",
            "open": "21.018",
            "high": "21.024",
            "low": "21.018",
            "close": "21.017"
        },
        {
            "time": "04.04.2021 09:17",
            "open": "21.017",
            "high": "21.017",
            "low": "21.017",
            "close": "20.976"
        },
        {
            "time": "04.04.2021 09:18",
            "open": "20.976",
            "high": "20.976",
            "low": "20.976",
            "close": "20.96"
        },
        {
            "time": "04.04.2021 09:20",
            "open": "20.96",
            "high": "20.96",
            "low": "20.943",
            "close": "20.943"
        },
        {
            "time": "04.04.2021 09:23",
            "open": "20.943",
            "high": "20.943",
            "low": "20.943",
            "close": "20.943"
        },
        {
            "time": "04.04.2021 09:24",
            "open": "20.943",
            "high": "20.943",
            "low": "20.915",
            "close": "20.899"
        },
        {
            "time": "04.04.2021 09:25",
            "open": "20.899",
            "high": "20.899",
            "low": "20.898",
            "close": "20.967"
        },
        {
            "time": "04.04.2021 09:28",
            "open": "20.967",
            "high": "20.967",
            "low": "20.967",
            "close": "20.931"
        },
        {
            "time": "04.04.2021 09:32",
            "open": "20.931",
            "high": "20.931",
            "low": "20.931",
            "close": "20.939"
        },
        {
            "time": "04.04.2021 09:33",
            "open": "20.939",
            "high": "20.939",
            "low": "20.939",
            "close": "20.937"
        },
        {
            "time": "04.04.2021 09:35",
            "open": "20.937",
            "high": "20.939",
            "low": "20.937",
            "close": "20.939"
        },
        {
            "time": "04.04.2021 09:36",
            "open": "20.939",
            "high": "20.939",
            "low": "20.939",
            "close": "20.907"
        },
        {
            "time": "04.04.2021 09:39",
            "open": "20.907",
            "high": "20.907",
            "low": "20.874",
            "close": "20.903"
        },
        {
            "time": "04.04.2021 09:41",
            "open": "20.903",
            "high": "20.907",
            "low": "20.881",
            "close": "20.917"
        },
        {
            "time": "04.04.2021 09:42",
            "open": "20.917",
            "high": "20.917",
            "low": "20.917",
            "close": "20.899"
        },
        {
            "time": "04.04.2021 09:44",
            "open": "20.899",
            "high": "20.899",
            "low": "20.899",
            "close": "20.89"
        },
        {
            "time": "04.04.2021 09:46",
            "open": "20.89",
            "high": "20.89",
            "low": "20.89",
            "close": "20.89"
        },
        {
            "time": "04.04.2021 09:47",
            "open": "20.89",
            "high": "20.89",
            "low": "20.89",
            "close": "20.871"
        },
        {
            "time": "04.04.2021 09:52",
            "open": "20.871",
            "high": "20.871",
            "low": "20.871",
            "close": "21"
        },
        {
            "time": "04.04.2021 10:05",
            "open": "21",
            "high": "21",
            "low": "21",
            "close": "20.964"
        },
        {
            "time": "04.04.2021 10:09",
            "open": "20.964",
            "high": "20.964",
            "low": "20.964",
            "close": "20.965"
        },
        {
            "time": "04.04.2021 10:11",
            "open": "20.965",
            "high": "20.978",
            "low": "20.952",
            "close": "20.978"
        },
        {
            "time": "04.04.2021 10:13",
            "open": "20.978",
            "high": "20.978",
            "low": "20.951",
            "close": "20.971"
        },
        {
            "time": "04.04.2021 10:17",
            "open": "20.971",
            "high": "20.971",
            "low": "20.971",
            "close": "20.98"
        },
        {
            "time": "04.04.2021 10:18",
            "open": "20.98",
            "high": "20.98",
            "low": "20.98",
            "close": "21.036"
        },
        {
            "time": "04.04.2021 10:21",
            "open": "21.036",
            "high": "21.077",
            "low": "21.031",
            "close": "21.081"
        },
        {
            "time": "04.04.2021 10:26",
            "open": "21.081",
            "high": "21.083",
            "low": "21.081",
            "close": "21.091"
        },
        {
            "time": "04.04.2021 10:27",
            "open": "21.091",
            "high": "21.091",
            "low": "21.091",
            "close": "21.15"
        },
        {
            "time": "04.04.2021 10:30",
            "open": "21.15",
            "high": "21.15",
            "low": "21.15",
            "close": "21.169"
        },
        {
            "time": "04.04.2021 10:32",
            "open": "21.169",
            "high": "21.559",
            "low": "21.169",
            "close": "21.269"
        },
        {
            "time": "04.04.2021 10:33",
            "open": "21.269",
            "high": "21.269",
            "low": "21.269",
            "close": "21.406"
        },
        {
            "time": "04.04.2021 10:34",
            "open": "21.406",
            "high": "21.418",
            "low": "21.406",
            "close": "21.44"
        },
        {
            "time": "04.04.2021 10:37",
            "open": "21.44",
            "high": "21.457",
            "low": "21.429",
            "close": "21.44"
        },
        {
            "time": "04.04.2021 10:38",
            "open": "21.44",
            "high": "21.44",
            "low": "21.44",
            "close": "21.433"
        },
        {
            "time": "04.04.2021 10:40",
            "open": "21.433",
            "high": "21.433",
            "low": "21.433",
            "close": "21.38"
        },
        {
            "time": "04.04.2021 10:41",
            "open": "21.38",
            "high": "21.38",
            "low": "21.376",
            "close": "21.392"
        },
        {
            "time": "04.04.2021 10:42",
            "open": "21.392",
            "high": "21.392",
            "low": "21.391",
            "close": "21.452"
        },
        {
            "time": "04.04.2021 10:47",
            "open": "21.452",
            "high": "21.488",
            "low": "21.452",
            "close": "21.439"
        },
        {
            "time": "04.04.2021 10:51",
            "open": "21.439",
            "high": "21.439",
            "low": "21.439",
            "close": "21.436"
        },
        {
            "time": "04.04.2021 10:54",
            "open": "21.436",
            "high": "21.436",
            "low": "21.436",
            "close": "21.44"
        },
        {
            "time": "04.04.2021 10:58",
            "open": "21.44",
            "high": "21.44",
            "low": "21.427",
            "close": "21.421"
        },
        {
            "time": "04.04.2021 11:01",
            "open": "21.421",
            "high": "21.421",
            "low": "21.418",
            "close": "21.422"
        },
        {
            "time": "04.04.2021 11:04",
            "open": "21.422",
            "high": "21.422",
            "low": "21.389",
            "close": "21.452"
        },
        {
            "time": "04.04.2021 11:05",
            "open": "21.452",
            "high": "21.452",
            "low": "21.452",
            "close": "21.437"
        },
        {
            "time": "04.04.2021 11:06",
            "open": "21.437",
            "high": "21.437",
            "low": "21.437",
            "close": "21.436"
        },
        {
            "time": "04.04.2021 11:07",
            "open": "21.436",
            "high": "21.444",
            "low": "21.394",
            "close": "21.442"
        },
        {
            "time": "04.04.2021 11:08",
            "open": "21.442",
            "high": "21.45",
            "low": "21.442",
            "close": "21.446"
        },
        {
            "time": "04.04.2021 11:09",
            "open": "21.446",
            "high": "21.446",
            "low": "21.446",
            "close": "21.58"
        },
        {
            "time": "04.04.2021 11:17",
            "open": "21.58",
            "high": "21.58",
            "low": "21.58",
            "close": "21.573"
        },
        {
            "time": "04.04.2021 11:20",
            "open": "21.573",
            "high": "21.573",
            "low": "21.573",
            "close": "21.55"
        },
        {
            "time": "04.04.2021 11:21",
            "open": "21.55",
            "high": "21.55",
            "low": "21.55",
            "close": "21.519"
        },
        {
            "time": "04.04.2021 11:23",
            "open": "21.519",
            "high": "21.519",
            "low": "21.519",
            "close": "21.58"
        },
        {
            "time": "04.04.2021 11:27",
            "open": "21.58",
            "high": "21.58",
            "low": "21.58",
            "close": "21.585"
        },
        {
            "time": "04.04.2021 11:31",
            "open": "21.585",
            "high": "21.585",
            "low": "21.585",
            "close": "21.6"
        },
        {
            "time": "04.04.2021 11:32",
            "open": "21.6",
            "high": "21.601",
            "low": "21.6",
            "close": "21.609"
        },
        {
            "time": "04.04.2021 11:33",
            "open": "21.609",
            "high": "21.612",
            "low": "21.609",
            "close": "21.65"
        },
        {
            "time": "04.04.2021 11:36",
            "open": "21.65",
            "high": "21.65",
            "low": "21.65",
            "close": "21.65"
        },
        {
            "time": "04.04.2021 11:37",
            "open": "21.65",
            "high": "21.65",
            "low": "21.65",
            "close": "21.657"
        },
        {
            "time": "04.04.2021 11:38",
            "open": "21.657",
            "high": "21.657",
            "low": "21.657",
            "close": "21.64"
        },
        {
            "time": "04.04.2021 11:41",
            "open": "21.64",
            "high": "21.64",
            "low": "21.64",
            "close": "21.58"
        },
        {
            "time": "04.04.2021 11:42",
            "open": "21.58",
            "high": "21.58",
            "low": "21.58",
            "close": "21.447"
        },
        {
            "time": "04.04.2021 11:49",
            "open": "21.447",
            "high": "21.447",
            "low": "21.447",
            "close": "21.447"
        },
        {
            "time": "04.04.2021 11:50",
            "open": "21.447",
            "high": "21.458",
            "low": "21.447",
            "close": "21.496"
        },
        {
            "time": "04.04.2021 11:54",
            "open": "21.496",
            "high": "21.496",
            "low": "21.487",
            "close": "21.546"
        },
        {
            "time": "04.04.2021 11:56",
            "open": "21.546",
            "high": "21.546",
            "low": "21.546",
            "close": "21.607"
        },
        {
            "time": "04.04.2021 12:01",
            "open": "21.607",
            "high": "21.607",
            "low": "21.607",
            "close": "21.608"
        },
        {
            "time": "04.04.2021 12:04",
            "open": "21.608",
            "high": "21.614",
            "low": "21.608",
            "close": "21.639"
        },
        {
            "time": "04.04.2021 12:07",
            "open": "21.639",
            "high": "21.639",
            "low": "21.639",
            "close": "21.634"
        },
        {
            "time": "04.04.2021 12:08",
            "open": "21.634",
            "high": "21.634",
            "low": "21.598",
            "close": "21.624"
        },
        {
            "time": "04.04.2021 12:09",
            "open": "21.624",
            "high": "21.649",
            "low": "21.624",
            "close": "21.584"
        },
        {
            "time": "04.04.2021 12:12",
            "open": "21.584",
            "high": "21.584",
            "low": "21.584",
            "close": "21.609"
        },
        {
            "time": "04.04.2021 12:13",
            "open": "21.609",
            "high": "21.609",
            "low": "21.609",
            "close": "21.608"
        },
        {
            "time": "04.04.2021 12:15",
            "open": "21.608",
            "high": "21.608",
            "low": "21.608",
            "close": "21.573"
        },
        {
            "time": "04.04.2021 12:16",
            "open": "21.573",
            "high": "21.573",
            "low": "21.573",
            "close": "21.609"
        },
        {
            "time": "04.04.2021 12:17",
            "open": "21.609",
            "high": "21.61",
            "low": "21.609",
            "close": "21.568"
        },
        {
            "time": "04.04.2021 12:20",
            "open": "21.568",
            "high": "21.568",
            "low": "21.568",
            "close": "21.57"
        },
        {
            "time": "04.04.2021 12:21",
            "open": "21.57",
            "high": "21.57",
            "low": "21.565",
            "close": "21.488"
        },
        {
            "time": "04.04.2021 12:24",
            "open": "21.488",
            "high": "21.512",
            "low": "21.488",
            "close": "21.44"
        },
        {
            "time": "04.04.2021 12:25",
            "open": "21.44",
            "high": "21.44",
            "low": "21.44",
            "close": "21.48"
        },
        {
            "time": "04.04.2021 12:26",
            "open": "21.48",
            "high": "21.48",
            "low": "21.48",
            "close": "21.452"
        },
        {
            "time": "04.04.2021 12:27",
            "open": "21.452",
            "high": "21.485",
            "low": "21.452",
            "close": "21.493"
        },
        {
            "time": "04.04.2021 12:32",
            "open": "21.493",
            "high": "21.493",
            "low": "21.493",
            "close": "21.549"
        },
        {
            "time": "04.04.2021 12:39",
            "open": "21.549",
            "high": "21.549",
            "low": "21.549",
            "close": "21.58"
        },
        {
            "time": "04.04.2021 12:46",
            "open": "21.58",
            "high": "21.58",
            "low": "21.58",
            "close": "21.649"
        },
        {
            "time": "04.04.2021 12:53",
            "open": "21.649",
            "high": "21.712",
            "low": "21.649",
            "close": "21.631"
        },
        {
            "time": "04.04.2021 12:54",
            "open": "21.631",
            "high": "21.631",
            "low": "21.631",
            "close": "21.682"
        },
        {
            "time": "04.04.2021 12:55",
            "open": "21.682",
            "high": "21.682",
            "low": "21.682",
            "close": "21.679"
        },
        {
            "time": "04.04.2021 12:56",
            "open": "21.679",
            "high": "21.679",
            "low": "21.679",
            "close": "21.647"
        },
        {
            "time": "04.04.2021 12:58",
            "open": "21.647",
            "high": "21.647",
            "low": "21.647",
            "close": "21.665"
        },
        {
            "time": "04.04.2021 13:00",
            "open": "21.665",
            "high": "21.665",
            "low": "21.665",
            "close": "21.704"
        },
        {
            "time": "04.04.2021 13:01",
            "open": "21.704",
            "high": "21.704",
            "low": "21.704",
            "close": "21.659"
        },
        {
            "time": "04.04.2021 13:02",
            "open": "21.659",
            "high": "21.703",
            "low": "21.659",
            "close": "21.659"
        },
        {
            "time": "04.04.2021 13:03",
            "open": "21.659",
            "high": "21.659",
            "low": "21.657",
            "close": "21.655"
        },
        {
            "time": "04.04.2021 13:05",
            "open": "21.655",
            "high": "21.655",
            "low": "21.653",
            "close": "21.694"
        },
        {
            "time": "04.04.2021 13:06",
            "open": "21.694",
            "high": "21.694",
            "low": "21.694",
            "close": "21.651"
        },
        {
            "time": "04.04.2021 13:10",
            "open": "21.651",
            "high": "21.651",
            "low": "21.651",
            "close": "21.654"
        },
        {
            "time": "04.04.2021 13:11",
            "open": "21.654",
            "high": "21.654",
            "low": "21.654",
            "close": "21.667"
        },
        {
            "time": "04.04.2021 13:15",
            "open": "21.667",
            "high": "21.667",
            "low": "21.667",
            "close": "21.678"
        },
        {
            "time": "04.04.2021 13:16",
            "open": "21.678",
            "high": "21.678",
            "low": "21.656",
            "close": "21.678"
        },
        {
            "time": "04.04.2021 13:20",
            "open": "21.678",
            "high": "21.71",
            "low": "21.678",
            "close": "21.717"
        },
        {
            "time": "04.04.2021 13:21",
            "open": "21.717",
            "high": "21.729",
            "low": "21.717",
            "close": "21.718"
        },
        {
            "time": "04.04.2021 13:25",
            "open": "21.718",
            "high": "21.718",
            "low": "21.718",
            "close": "21.739"
        },
        {
            "time": "04.04.2021 13:33",
            "open": "21.739",
            "high": "21.739",
            "low": "21.73",
            "close": "21.736"
        },
        {
            "time": "04.04.2021 13:34",
            "open": "21.736",
            "high": "21.736",
            "low": "21.736",
            "close": "21.77"
        },
        {
            "time": "04.04.2021 13:37",
            "open": "21.77",
            "high": "21.787",
            "low": "21.77",
            "close": "21.787"
        },
        {
            "time": "04.04.2021 13:39",
            "open": "21.787",
            "high": "21.787",
            "low": "21.787",
            "close": "21.755"
        },
        {
            "time": "04.04.2021 13:41",
            "open": "21.755",
            "high": "21.755",
            "low": "21.745",
            "close": "21.718"
        },
        {
            "time": "04.04.2021 13:42",
            "open": "21.718",
            "high": "21.718",
            "low": "21.686",
            "close": "21.658"
        },
        {
            "time": "04.04.2021 13:43",
            "open": "21.658",
            "high": "21.671",
            "low": "21.622",
            "close": "21.622"
        },
        {
            "time": "04.04.2021 13:45",
            "open": "21.622",
            "high": "21.622",
            "low": "21.622",
            "close": "21.625"
        },
        {
            "time": "04.04.2021 13:46",
            "open": "21.625",
            "high": "21.625",
            "low": "21.612",
            "close": "21.612"
        },
        {
            "time": "04.04.2021 13:47",
            "open": "21.612",
            "high": "21.646",
            "low": "21.612",
            "close": "21.613"
        },
        {
            "time": "04.04.2021 13:49",
            "open": "21.613",
            "high": "21.613",
            "low": "21.613",
            "close": "21.637"
        },
        {
            "time": "04.04.2021 13:50",
            "open": "21.637",
            "high": "21.638",
            "low": "21.637",
            "close": "21.601"
        },
        {
            "time": "04.04.2021 13:53",
            "open": "21.601",
            "high": "21.601",
            "low": "21.6",
            "close": "21.481"
        },
        {
            "time": "04.04.2021 14:02",
            "open": "21.481",
            "high": "21.481",
            "low": "21.481",
            "close": "21.395"
        },
        {
            "time": "04.04.2021 14:03",
            "open": "21.395",
            "high": "21.395",
            "low": "21.395",
            "close": "21.441"
        },
        {
            "time": "04.04.2021 14:04",
            "open": "21.441",
            "high": "21.464",
            "low": "21.441",
            "close": "21.422"
        },
        {
            "time": "04.04.2021 14:08",
            "open": "21.422",
            "high": "21.422",
            "low": "21.422",
            "close": "21.476"
        },
        {
            "time": "04.04.2021 14:09",
            "open": "21.476",
            "high": "21.51",
            "low": "21.476",
            "close": "21.569"
        },
        {
            "time": "04.04.2021 14:12",
            "open": "21.569",
            "high": "21.569",
            "low": "21.569",
            "close": "21.6"
        },
        {
            "time": "04.04.2021 14:13",
            "open": "21.6",
            "high": "21.638",
            "low": "21.6",
            "close": "21.638"
        },
        {
            "time": "04.04.2021 14:14",
            "open": "21.638",
            "high": "21.714",
            "low": "21.638",
            "close": "21.716"
        },
        {
            "time": "04.04.2021 14:18",
            "open": "21.716",
            "high": "21.716",
            "low": "21.716",
            "close": "21.717"
        },
        {
            "time": "04.04.2021 14:20",
            "open": "21.717",
            "high": "21.742",
            "low": "21.717",
            "close": "21.714"
        },
        {
            "time": "04.04.2021 14:21",
            "open": "21.714",
            "high": "21.714",
            "low": "21.714",
            "close": "21.715"
        },
        {
            "time": "04.04.2021 14:22",
            "open": "21.715",
            "high": "21.715",
            "low": "21.715",
            "close": "21.622"
        },
        {
            "time": "04.04.2021 14:24",
            "open": "21.622",
            "high": "21.622",
            "low": "21.622",
            "close": "21.605"
        },
        {
            "time": "04.04.2021 14:25",
            "open": "21.605",
            "high": "21.605",
            "low": "21.605",
            "close": "21.676"
        },
        {
            "time": "04.04.2021 14:26",
            "open": "21.676",
            "high": "21.676",
            "low": "21.676",
            "close": "21.656"
        },
        {
            "time": "04.04.2021 14:27",
            "open": "21.656",
            "high": "21.656",
            "low": "21.656",
            "close": "21.656"
        },
        {
            "time": "04.04.2021 14:28",
            "open": "21.656",
            "high": "21.656",
            "low": "21.656",
            "close": "21.664"
        },
        {
            "time": "04.04.2021 14:31",
            "open": "21.664",
            "high": "21.664",
            "low": "21.664",
            "close": "21.659"
        },
        {
            "time": "04.04.2021 14:32",
            "open": "21.659",
            "high": "21.71",
            "low": "21.611",
            "close": "21.707"
        },
        {
            "time": "04.04.2021 14:33",
            "open": "21.707",
            "high": "21.707",
            "low": "21.595",
            "close": "21.576"
        },
        {
            "time": "04.04.2021 14:35",
            "open": "21.576",
            "high": "21.576",
            "low": "21.504",
            "close": "21.554"
        },
        {
            "time": "04.04.2021 14:38",
            "open": "21.554",
            "high": "21.555",
            "low": "21.554",
            "close": "21.514"
        },
        {
            "time": "04.04.2021 14:42",
            "open": "21.514",
            "high": "21.514",
            "low": "21.484",
            "close": "21.57"
        },
        {
            "time": "04.04.2021 14:48",
            "open": "21.57",
            "high": "21.57",
            "low": "21.57",
            "close": "21.57"
        },
        {
            "time": "04.04.2021 14:50",
            "open": "21.57",
            "high": "21.57",
            "low": "21.564",
            "close": "21.609"
        },
        {
            "time": "04.04.2021 14:51",
            "open": "21.609",
            "high": "21.609",
            "low": "21.609",
            "close": "21.605"
        },
        {
            "time": "04.04.2021 14:57",
            "open": "21.605",
            "high": "21.605",
            "low": "21.605",
            "close": "21.639"
        },
        {
            "time": "04.04.2021 14:58",
            "open": "21.639",
            "high": "21.643",
            "low": "21.639",
            "close": "21.695"
        },
        {
            "time": "04.04.2021 15:03",
            "open": "21.695",
            "high": "21.695",
            "low": "21.695",
            "close": "21.687"
        },
        {
            "time": "04.04.2021 15:08",
            "open": "21.687",
            "high": "21.706",
            "low": "21.687",
            "close": "21.709"
        },
        {
            "time": "04.04.2021 15:09",
            "open": "21.709",
            "high": "21.71",
            "low": "21.709",
            "close": "21.687"
        },
        {
            "time": "04.04.2021 15:10",
            "open": "21.687",
            "high": "21.687",
            "low": "21.687",
            "close": "21.706"
        },
        {
            "time": "04.04.2021 15:15",
            "open": "21.706",
            "high": "21.706",
            "low": "21.706",
            "close": "21.77"
        },
        {
            "time": "04.04.2021 15:19",
            "open": "21.77",
            "high": "21.77",
            "low": "21.77",
            "close": "21.77"
        },
        {
            "time": "04.04.2021 15:20",
            "open": "21.77",
            "high": "21.77",
            "low": "21.758",
            "close": "21.758"
        },
        {
            "time": "04.04.2021 15:26",
            "open": "21.758",
            "high": "21.758",
            "low": "21.758",
            "close": "21.758"
        },
        {
            "time": "04.04.2021 15:27",
            "open": "21.758",
            "high": "21.758",
            "low": "21.758",
            "close": "21.758"
        },
        {
            "time": "04.04.2021 15:28",
            "open": "21.758",
            "high": "21.758",
            "low": "21.758",
            "close": "21.759"
        },
        {
            "time": "04.04.2021 15:29",
            "open": "21.759",
            "high": "21.759",
            "low": "21.758",
            "close": "21.729"
        },
        {
            "time": "04.04.2021 15:32",
            "open": "21.729",
            "high": "21.737",
            "low": "21.685",
            "close": "21.723"
        },
        {
            "time": "04.04.2021 15:33",
            "open": "21.723",
            "high": "21.723",
            "low": "21.719",
            "close": "21.719"
        },
        {
            "time": "04.04.2021 15:34",
            "open": "21.719",
            "high": "21.719",
            "low": "21.719",
            "close": "21.674"
        },
        {
            "time": "04.04.2021 15:36",
            "open": "21.674",
            "high": "21.68",
            "low": "21.674",
            "close": "21.682"
        },
        {
            "time": "04.04.2021 15:37",
            "open": "21.682",
            "high": "21.682",
            "low": "21.682",
            "close": "21.694"
        },
        {
            "time": "04.04.2021 15:41",
            "open": "21.694",
            "high": "21.694",
            "low": "21.691",
            "close": "21.66"
        },
        {
            "time": "04.04.2021 15:42",
            "open": "21.66",
            "high": "21.66",
            "low": "21.66",
            "close": "21.748"
        },
        {
            "time": "04.04.2021 15:44",
            "open": "21.748",
            "high": "21.748",
            "low": "21.748",
            "close": "21.734"
        },
        {
            "time": "04.04.2021 15:45",
            "open": "21.734",
            "high": "21.783",
            "low": "21.734",
            "close": "21.788"
        },
        {
            "time": "04.04.2021 15:47",
            "open": "21.788",
            "high": "21.788",
            "low": "21.788",
            "close": "21.791"
        },
        {
            "time": "04.04.2021 15:48",
            "open": "21.791",
            "high": "21.791",
            "low": "21.78",
            "close": "21.819"
        },
        {
            "time": "04.04.2021 15:50",
            "open": "21.819",
            "high": "21.865",
            "low": "21.819",
            "close": "21.871"
        },
        {
            "time": "04.04.2021 15:53",
            "open": "21.871",
            "high": "21.932",
            "low": "21.871",
            "close": "21.969"
        },
        {
            "time": "04.04.2021 15:54",
            "open": "21.969",
            "high": "22.053",
            "low": "21.969",
            "close": "22.013"
        },
        {
            "time": "04.04.2021 15:55",
            "open": "22.013",
            "high": "22.013",
            "low": "22.006",
            "close": "22.028"
        },
        {
            "time": "04.04.2021 15:57",
            "open": "22.028",
            "high": "22.031",
            "low": "22.028",
            "close": "21.997"
        },
        {
            "time": "04.04.2021 15:59",
            "open": "21.997",
            "high": "21.997",
            "low": "21.997",
            "close": "22.058"
        },
        {
            "time": "04.04.2021 16:01",
            "open": "22.058",
            "high": "22.092",
            "low": "22.058",
            "close": "21.98"
        },
        {
            "time": "04.04.2021 16:02",
            "open": "21.98",
            "high": "21.98",
            "low": "21.885",
            "close": "21.885"
        },
        {
            "time": "04.04.2021 16:04",
            "open": "21.885",
            "high": "21.885",
            "low": "21.869",
            "close": "21.91"
        },
        {
            "time": "04.04.2021 16:05",
            "open": "21.91",
            "high": "21.91",
            "low": "21.875",
            "close": "21.958"
        },
        {
            "time": "04.04.2021 16:08",
            "open": "21.958",
            "high": "21.958",
            "low": "21.958",
            "close": "21.943"
        },
        {
            "time": "04.04.2021 16:10",
            "open": "21.943",
            "high": "21.943",
            "low": "21.943",
            "close": "21.901"
        },
        {
            "time": "04.04.2021 16:11",
            "open": "21.901",
            "high": "21.901",
            "low": "21.901",
            "close": "21.855"
        },
        {
            "time": "04.04.2021 16:13",
            "open": "21.855",
            "high": "21.855",
            "low": "21.855",
            "close": "21.844"
        },
        {
            "time": "04.04.2021 16:14",
            "open": "21.844",
            "high": "21.844",
            "low": "21.844",
            "close": "21.752"
        },
        {
            "time": "04.04.2021 16:16",
            "open": "21.752",
            "high": "21.752",
            "low": "21.752",
            "close": "21.768"
        },
        {
            "time": "04.04.2021 16:18",
            "open": "21.768",
            "high": "21.768",
            "low": "21.762",
            "close": "21.752"
        },
        {
            "time": "04.04.2021 16:19",
            "open": "21.752",
            "high": "21.752",
            "low": "21.752",
            "close": "21.804"
        },
        {
            "time": "04.04.2021 16:20",
            "open": "21.804",
            "high": "21.804",
            "low": "21.804",
            "close": "21.822"
        },
        {
            "time": "04.04.2021 16:22",
            "open": "21.822",
            "high": "21.822",
            "low": "21.822",
            "close": "21.804"
        },
        {
            "time": "04.04.2021 16:26",
            "open": "21.804",
            "high": "21.804",
            "low": "21.804",
            "close": "21.765"
        },
        {
            "time": "04.04.2021 16:27",
            "open": "21.765",
            "high": "21.808",
            "low": "21.765",
            "close": "21.78"
        },
        {
            "time": "04.04.2021 16:28",
            "open": "21.78",
            "high": "21.78",
            "low": "21.78",
            "close": "21.825"
        },
        {
            "time": "04.04.2021 16:30",
            "open": "21.825",
            "high": "21.825",
            "low": "21.825",
            "close": "21.855"
        },
        {
            "time": "04.04.2021 16:32",
            "open": "21.855",
            "high": "21.855",
            "low": "21.855",
            "close": "21.826"
        },
        {
            "time": "04.04.2021 16:35",
            "open": "21.826",
            "high": "21.826",
            "low": "21.826",
            "close": "21.83"
        },
        {
            "time": "04.04.2021 16:36",
            "open": "21.83",
            "high": "21.83",
            "low": "21.83",
            "close": "21.8"
        },
        {
            "time": "04.04.2021 16:37",
            "open": "21.8",
            "high": "21.821",
            "low": "21.799",
            "close": "21.82"
        },
        {
            "time": "04.04.2021 16:39",
            "open": "21.82",
            "high": "21.82",
            "low": "21.662",
            "close": "21.657"
        },
        {
            "time": "04.04.2021 16:40",
            "open": "21.657",
            "high": "21.783",
            "low": "21.657",
            "close": "21.795"
        },
        {
            "time": "04.04.2021 16:41",
            "open": "21.795",
            "high": "21.797",
            "low": "21.795",
            "close": "21.874"
        },
        {
            "time": "04.04.2021 16:42",
            "open": "21.874",
            "high": "21.874",
            "low": "21.874",
            "close": "21.915"
        },
        {
            "time": "04.04.2021 16:45",
            "open": "21.915",
            "high": "21.928",
            "low": "21.915",
            "close": "21.934"
        },
        {
            "time": "04.04.2021 16:46",
            "open": "21.934",
            "high": "21.934",
            "low": "21.934",
            "close": "21.969"
        },
        {
            "time": "04.04.2021 16:47",
            "open": "21.969",
            "high": "21.982",
            "low": "21.969",
            "close": "21.952"
        },
        {
            "time": "04.04.2021 16:48",
            "open": "21.952",
            "high": "21.992",
            "low": "21.952",
            "close": "21.999"
        },
        {
            "time": "04.04.2021 16:49",
            "open": "21.999",
            "high": "22.059",
            "low": "21.995",
            "close": "22.1"
        },
        {
            "time": "04.04.2021 16:50",
            "open": "22.1",
            "high": "22.188",
            "low": "22.1",
            "close": "22.131"
        },
        {
            "time": "04.04.2021 16:51",
            "open": "22.131",
            "high": "22.131",
            "low": "22.129",
            "close": "22.124"
        },
        {
            "time": "04.04.2021 16:52",
            "open": "22.124",
            "high": "22.124",
            "low": "22.124",
            "close": "22.162"
        },
        {
            "time": "04.04.2021 16:53",
            "open": "22.162",
            "high": "22.166",
            "low": "22.162",
            "close": "22.154"
        },
        {
            "time": "04.04.2021 16:54",
            "open": "22.154",
            "high": "22.16",
            "low": "22.154",
            "close": "22.16"
        },
        {
            "time": "04.04.2021 16:59",
            "open": "22.16",
            "high": "22.16",
            "low": "22.16",
            "close": "22.16"
        },
        {
            "time": "04.04.2021 17:01",
            "open": "22.16",
            "high": "22.16",
            "low": "22.16",
            "close": "22.146"
        },
        {
            "time": "04.04.2021 17:02",
            "open": "22.146",
            "high": "22.146",
            "low": "22.146",
            "close": "22.159"
        },
        {
            "time": "04.04.2021 17:09",
            "open": "22.159",
            "high": "22.159",
            "low": "22.159",
            "close": "22.115"
        },
        {
            "time": "04.04.2021 17:11",
            "open": "22.115",
            "high": "22.115",
            "low": "22.115",
            "close": "22.053"
        },
        {
            "time": "04.04.2021 17:13",
            "open": "22.053",
            "high": "22.053",
            "low": "22.053",
            "close": "22.057"
        },
        {
            "time": "04.04.2021 17:14",
            "open": "22.057",
            "high": "22.057",
            "low": "22.057",
            "close": "22.053"
        },
        {
            "time": "04.04.2021 17:15",
            "open": "22.053",
            "high": "22.057",
            "low": "22.034",
            "close": "22.025"
        },
        {
            "time": "04.04.2021 17:16",
            "open": "22.025",
            "high": "22.025",
            "low": "22.025",
            "close": "22.038"
        },
        {
            "time": "04.04.2021 17:17",
            "open": "22.038",
            "high": "22.038",
            "low": "22.038",
            "close": "21.947"
        },
        {
            "time": "04.04.2021 17:26",
            "open": "21.947",
            "high": "21.947",
            "low": "21.947",
            "close": "21.966"
        },
        {
            "time": "04.04.2021 17:27",
            "open": "21.966",
            "high": "21.966",
            "low": "21.966",
            "close": "22.011"
        },
        {
            "time": "04.04.2021 17:30",
            "open": "22.011",
            "high": "22.011",
            "low": "22.011",
            "close": "21.974"
        },
        {
            "time": "04.04.2021 17:31",
            "open": "21.974",
            "high": "21.974",
            "low": "21.974",
            "close": "21.974"
        },
        {
            "time": "04.04.2021 17:32",
            "open": "21.974",
            "high": "21.974",
            "low": "21.974",
            "close": "22.01"
        },
        {
            "time": "04.04.2021 17:33",
            "open": "22.01",
            "high": "22.01",
            "low": "22.01",
            "close": "21.952"
        },
        {
            "time": "04.04.2021 17:36",
            "open": "21.952",
            "high": "21.952",
            "low": "21.952",
            "close": "21.952"
        },
        {
            "time": "04.04.2021 17:38",
            "open": "21.952",
            "high": "21.993",
            "low": "21.952",
            "close": "21.982"
        },
        {
            "time": "04.04.2021 17:41",
            "open": "21.982",
            "high": "21.982",
            "low": "21.982",
            "close": "21.952"
        },
        {
            "time": "04.04.2021 17:42",
            "open": "21.952",
            "high": "21.952",
            "low": "21.931",
            "close": "21.949"
        },
        {
            "time": "04.04.2021 17:43",
            "open": "21.949",
            "high": "21.949",
            "low": "21.949",
            "close": "21.905"
        },
        {
            "time": "04.04.2021 17:49",
            "open": "21.905",
            "high": "21.905",
            "low": "21.905",
            "close": "21.876"
        },
        {
            "time": "04.04.2021 17:50",
            "open": "21.876",
            "high": "21.876",
            "low": "21.876",
            "close": "21.841"
        },
        {
            "time": "04.04.2021 17:58",
            "open": "21.841",
            "high": "21.841",
            "low": "21.79",
            "close": "21.76"
        },
        {
            "time": "04.04.2021 17:59",
            "open": "21.76",
            "high": "21.76",
            "low": "21.76",
            "close": "21.838"
        },
        {
            "time": "04.04.2021 18:00",
            "open": "21.838",
            "high": "21.838",
            "low": "21.82",
            "close": "21.821"
        },
        {
            "time": "04.04.2021 18:02",
            "open": "21.821",
            "high": "21.821",
            "low": "21.821",
            "close": "21.862"
        },
        {
            "time": "04.04.2021 18:03",
            "open": "21.862",
            "high": "21.862",
            "low": "21.862",
            "close": "21.916"
        },
        {
            "time": "04.04.2021 18:04",
            "open": "21.916",
            "high": "21.916",
            "low": "21.916",
            "close": "21.794"
        },
        {
            "time": "04.04.2021 18:08",
            "open": "21.794",
            "high": "21.794",
            "low": "21.794",
            "close": "21.793"
        },
        {
            "time": "04.04.2021 18:09",
            "open": "21.793",
            "high": "21.793",
            "low": "21.793",
            "close": "21.792"
        },
        {
            "time": "04.04.2021 18:10",
            "open": "21.792",
            "high": "21.792",
            "low": "21.792",
            "close": "21.751"
        },
        {
            "time": "04.04.2021 18:16",
            "open": "21.751",
            "high": "21.751",
            "low": "21.748",
            "close": "21.726"
        },
        {
            "time": "04.04.2021 18:18",
            "open": "21.726",
            "high": "21.726",
            "low": "21.726",
            "close": "21.714"
        },
        {
            "time": "04.04.2021 18:19",
            "open": "21.714",
            "high": "21.714",
            "low": "21.709",
            "close": "21.71"
        },
        {
            "time": "04.04.2021 18:20",
            "open": "21.71",
            "high": "21.71",
            "low": "21.71",
            "close": "21.671"
        },
        {
            "time": "04.04.2021 18:21",
            "open": "21.671",
            "high": "21.711",
            "low": "21.671",
            "close": "21.745"
        },
        {
            "time": "04.04.2021 18:22",
            "open": "21.745",
            "high": "21.745",
            "low": "21.745",
            "close": "21.662"
        },
        {
            "time": "04.04.2021 18:25",
            "open": "21.662",
            "high": "21.662",
            "low": "21.649",
            "close": "21.677"
        },
        {
            "time": "04.04.2021 18:26",
            "open": "21.677",
            "high": "21.677",
            "low": "21.677",
            "close": "21.674"
        },
        {
            "time": "04.04.2021 18:27",
            "open": "21.674",
            "high": "21.674",
            "low": "21.674",
            "close": "21.719"
        },
        {
            "time": "04.04.2021 18:31",
            "open": "21.719",
            "high": "21.726",
            "low": "21.719",
            "close": "21.689"
        },
        {
            "time": "04.04.2021 18:35",
            "open": "21.689",
            "high": "21.689",
            "low": "21.689",
            "close": "21.705"
        },
        {
            "time": "04.04.2021 18:39",
            "open": "21.705",
            "high": "21.705",
            "low": "21.705",
            "close": "21.696"
        },
        {
            "time": "04.04.2021 18:40",
            "open": "21.696",
            "high": "21.855",
            "low": "21.696",
            "close": "21.848"
        },
        {
            "time": "04.04.2021 18:42",
            "open": "21.848",
            "high": "21.848",
            "low": "21.848",
            "close": "21.85"
        },
        {
            "time": "04.04.2021 18:43",
            "open": "21.85",
            "high": "21.85",
            "low": "21.85",
            "close": "21.905"
        },
        {
            "time": "04.04.2021 18:44",
            "open": "21.905",
            "high": "21.905",
            "low": "21.905",
            "close": "21.86"
        },
        {
            "time": "04.04.2021 18:45",
            "open": "21.86",
            "high": "21.86",
            "low": "21.859",
            "close": "21.905"
        },
        {
            "time": "04.04.2021 18:47",
            "open": "21.905",
            "high": "21.905",
            "low": "21.905",
            "close": "21.917"
        },
        {
            "time": "04.04.2021 18:48",
            "open": "21.917",
            "high": "21.917",
            "low": "21.917",
            "close": "21.938"
        },
        {
            "time": "04.04.2021 18:50",
            "open": "21.938",
            "high": "21.938",
            "low": "21.938",
            "close": "21.952"
        },
        {
            "time": "04.04.2021 18:51",
            "open": "21.952",
            "high": "21.952",
            "low": "21.925",
            "close": "21.952"
        },
        {
            "time": "04.04.2021 18:52",
            "open": "21.952",
            "high": "21.952",
            "low": "21.952",
            "close": "21.925"
        },
        {
            "time": "04.04.2021 18:54",
            "open": "21.925",
            "high": "21.925",
            "low": "21.925",
            "close": "21.922"
        },
        {
            "time": "04.04.2021 18:55",
            "open": "21.922",
            "high": "21.926",
            "low": "21.922",
            "close": "21.911"
        },
        {
            "time": "04.04.2021 19:00",
            "open": "21.911",
            "high": "21.911",
            "low": "21.911",
            "close": "21.915"
        },
        {
            "time": "04.04.2021 19:08",
            "open": "21.915",
            "high": "21.915",
            "low": "21.915",
            "close": "21.956"
        },
        {
            "time": "04.04.2021 19:09",
            "open": "21.956",
            "high": "21.956",
            "low": "21.956",
            "close": "21.958"
        },
        {
            "time": "04.04.2021 19:10",
            "open": "21.958",
            "high": "21.961",
            "low": "21.958",
            "close": "21.969"
        },
        {
            "time": "04.04.2021 19:11",
            "open": "21.969",
            "high": "21.977",
            "low": "21.969",
            "close": "21.935"
        },
        {
            "time": "04.04.2021 19:12",
            "open": "21.935",
            "high": "21.935",
            "low": "21.935",
            "close": "21.921"
        },
        {
            "time": "04.04.2021 19:13",
            "open": "21.921",
            "high": "21.921",
            "low": "21.921",
            "close": "21.924"
        },
        {
            "time": "04.04.2021 19:14",
            "open": "21.924",
            "high": "21.967",
            "low": "21.924",
            "close": "21.946"
        },
        {
            "time": "04.04.2021 19:15",
            "open": "21.946",
            "high": "21.946",
            "low": "21.946",
            "close": "21.945"
        },
        {
            "time": "04.04.2021 19:25",
            "open": "21.945",
            "high": "21.945",
            "low": "21.945",
            "close": "21.945"
        },
        {
            "time": "04.04.2021 19:26",
            "open": "21.945",
            "high": "21.945",
            "low": "21.93",
            "close": "21.97"
        },
        {
            "time": "04.04.2021 19:28",
            "open": "21.97",
            "high": "21.97",
            "low": "21.97",
            "close": "21.844"
        },
        {
            "time": "04.04.2021 19:29",
            "open": "21.844",
            "high": "21.844",
            "low": "21.841",
            "close": "21.742"
        },
        {
            "time": "04.04.2021 19:32",
            "open": "21.742",
            "high": "21.742",
            "low": "21.742",
            "close": "21.77"
        },
        {
            "time": "04.04.2021 19:35",
            "open": "21.77",
            "high": "21.77",
            "low": "21.77",
            "close": "21.741"
        },
        {
            "time": "04.04.2021 19:36",
            "open": "21.741",
            "high": "21.741",
            "low": "21.741",
            "close": "21.687"
        },
        {
            "time": "04.04.2021 19:39",
            "open": "21.687",
            "high": "21.687",
            "low": "21.663",
            "close": "21.662"
        },
        {
            "time": "04.04.2021 19:42",
            "open": "21.662",
            "high": "21.662",
            "low": "21.662",
            "close": "21.607"
        },
        {
            "time": "04.04.2021 19:43",
            "open": "21.607",
            "high": "21.607",
            "low": "21.565",
            "close": "21.588"
        },
        {
            "time": "04.04.2021 19:44",
            "open": "21.588",
            "high": "21.588",
            "low": "21.588",
            "close": "21.597"
        },
        {
            "time": "04.04.2021 19:49",
            "open": "21.597",
            "high": "21.693",
            "low": "21.574",
            "close": "21.663"
        },
        {
            "time": "04.04.2021 19:50",
            "open": "21.663",
            "high": "21.663",
            "low": "21.663",
            "close": "21.693"
        },
        {
            "time": "04.04.2021 19:51",
            "open": "21.693",
            "high": "21.693",
            "low": "21.693",
            "close": "21.677"
        },
        {
            "time": "04.04.2021 19:52",
            "open": "21.677",
            "high": "21.687",
            "low": "21.677",
            "close": "21.75"
        },
        {
            "time": "04.04.2021 19:55",
            "open": "21.75",
            "high": "21.755",
            "low": "21.723",
            "close": "21.723"
        },
        {
            "time": "04.04.2021 19:56",
            "open": "21.723",
            "high": "21.724",
            "low": "21.695",
            "close": "21.73"
        },
        {
            "time": "04.04.2021 19:58",
            "open": "21.73",
            "high": "21.741",
            "low": "21.717",
            "close": "21.778"
        },
        {
            "time": "04.04.2021 20:00",
            "open": "21.778",
            "high": "21.778",
            "low": "21.778",
            "close": "21.828"
        },
        {
            "time": "04.04.2021 20:03",
            "open": "21.828",
            "high": "21.828",
            "low": "21.828",
            "close": "21.841"
        },
        {
            "time": "04.04.2021 20:06",
            "open": "21.841",
            "high": "21.89",
            "low": "21.841",
            "close": "21.915"
        },
        {
            "time": "04.04.2021 20:08",
            "open": "21.915",
            "high": "21.961",
            "low": "21.915",
            "close": "21.951"
        },
        {
            "time": "04.04.2021 20:12",
            "open": "21.951",
            "high": "21.951",
            "low": "21.951",
            "close": "21.844"
        },
        {
            "time": "04.04.2021 20:14",
            "open": "21.844",
            "high": "21.844",
            "low": "21.844",
            "close": "21.901"
        },
        {
            "time": "04.04.2021 20:16",
            "open": "21.901",
            "high": "21.901",
            "low": "21.901",
            "close": "21.863"
        },
        {
            "time": "04.04.2021 20:17",
            "open": "21.863",
            "high": "21.863",
            "low": "21.863",
            "close": "21.901"
        },
        {
            "time": "04.04.2021 20:18",
            "open": "21.901",
            "high": "21.901",
            "low": "21.901",
            "close": "21.894"
        },
        {
            "time": "04.04.2021 20:21",
            "open": "21.894",
            "high": "21.895",
            "low": "21.894",
            "close": "21.892"
        },
        {
            "time": "04.04.2021 20:22",
            "open": "21.892",
            "high": "21.892",
            "low": "21.892",
            "close": "21.892"
        },
        {
            "time": "04.04.2021 20:24",
            "open": "21.892",
            "high": "21.926",
            "low": "21.892",
            "close": "21.946"
        },
        {
            "time": "04.04.2021 20:26",
            "open": "21.946",
            "high": "21.977",
            "low": "21.946",
            "close": "21.927"
        },
        {
            "time": "04.04.2021 20:28",
            "open": "21.927",
            "high": "21.927",
            "low": "21.927",
            "close": "21.938"
        },
        {
            "time": "04.04.2021 20:29",
            "open": "21.938",
            "high": "22.016",
            "low": "21.938",
            "close": "22.002"
        },
        {
            "time": "04.04.2021 20:31",
            "open": "22.002",
            "high": "22.002",
            "low": "22.002",
            "close": "21.998"
        },
        {
            "time": "04.04.2021 20:32",
            "open": "21.998",
            "high": "22.04",
            "low": "21.998",
            "close": "22.046"
        },
        {
            "time": "04.04.2021 20:33",
            "open": "22.046",
            "high": "22.06",
            "low": "21.917",
            "close": "21.884"
        },
        {
            "time": "04.04.2021 20:34",
            "open": "21.884",
            "high": "21.884",
            "low": "21.884",
            "close": "21.866"
        },
        {
            "time": "04.04.2021 20:35",
            "open": "21.866",
            "high": "21.928",
            "low": "21.866",
            "close": "21.877"
        },
        {
            "time": "04.04.2021 20:38",
            "open": "21.877",
            "high": "21.877",
            "low": "21.877",
            "close": "21.892"
        },
        {
            "time": "04.04.2021 20:40",
            "open": "21.892",
            "high": "21.892",
            "low": "21.892",
            "close": "21.859"
        },
        {
            "time": "04.04.2021 20:41",
            "open": "21.859",
            "high": "21.9",
            "low": "21.859",
            "close": "21.893"
        },
        {
            "time": "04.04.2021 20:45",
            "open": "21.893",
            "high": "21.893",
            "low": "21.893",
            "close": "21.894"
        },
        {
            "time": "04.04.2021 20:46",
            "open": "21.894",
            "high": "21.897",
            "low": "21.894",
            "close": "21.865"
        },
        {
            "time": "04.04.2021 20:48",
            "open": "21.865",
            "high": "21.865",
            "low": "21.865",
            "close": "21.832"
        },
        {
            "time": "04.04.2021 20:49",
            "open": "21.832",
            "high": "21.832",
            "low": "21.832",
            "close": "21.834"
        },
        {
            "time": "04.04.2021 20:50",
            "open": "21.834",
            "high": "21.834",
            "low": "21.834",
            "close": "21.837"
        },
        {
            "time": "04.04.2021 20:51",
            "open": "21.837",
            "high": "21.837",
            "low": "21.837",
            "close": "21.88"
        },
        {
            "time": "04.04.2021 20:53",
            "open": "21.88",
            "high": "21.88",
            "low": "21.842",
            "close": "21.882"
        },
        {
            "time": "04.04.2021 21:04",
            "open": "21.882",
            "high": "21.882",
            "low": "21.882",
            "close": "21.869"
        },
        {
            "time": "04.04.2021 21:07",
            "open": "21.869",
            "high": "21.875",
            "low": "21.869",
            "close": "21.872"
        },
        {
            "time": "04.04.2021 21:08",
            "open": "21.872",
            "high": "21.872",
            "low": "21.872",
            "close": "21.884"
        },
        {
            "time": "04.04.2021 21:10",
            "open": "21.884",
            "high": "21.885",
            "low": "21.884",
            "close": "21.839"
        },
        {
            "time": "04.04.2021 21:11",
            "open": "21.839",
            "high": "21.839",
            "low": "21.829",
            "close": "21.839"
        },
        {
            "time": "04.04.2021 21:12",
            "open": "21.839",
            "high": "21.839",
            "low": "21.839",
            "close": "21.828"
        },
        {
            "time": "04.04.2021 21:13",
            "open": "21.828",
            "high": "21.828",
            "low": "21.751",
            "close": "21.714"
        },
        {
            "time": "04.04.2021 21:15",
            "open": "21.714",
            "high": "21.714",
            "low": "21.714",
            "close": "21.715"
        },
        {
            "time": "04.04.2021 21:16",
            "open": "21.715",
            "high": "21.715",
            "low": "21.715",
            "close": "21.748"
        },
        {
            "time": "04.04.2021 21:17",
            "open": "21.748",
            "high": "21.748",
            "low": "21.748",
            "close": "21.746"
        },
        {
            "time": "04.04.2021 21:18",
            "open": "21.746",
            "high": "21.746",
            "low": "21.66",
            "close": "21.65"
        },
        {
            "time": "04.04.2021 21:20",
            "open": "21.65",
            "high": "21.65",
            "low": "21.65",
            "close": "21.673"
        },
        {
            "time": "04.04.2021 21:21",
            "open": "21.673",
            "high": "21.673",
            "low": "21.673",
            "close": "21.607"
        },
        {
            "time": "04.04.2021 21:23",
            "open": "21.607",
            "high": "21.607",
            "low": "21.602",
            "close": "21.621"
        },
        {
            "time": "04.04.2021 21:25",
            "open": "21.621",
            "high": "21.668",
            "low": "21.621",
            "close": "21.7"
        },
        {
            "time": "04.04.2021 21:26",
            "open": "21.7",
            "high": "21.705",
            "low": "21.658",
            "close": "21.675"
        },
        {
            "time": "04.04.2021 21:29",
            "open": "21.675",
            "high": "21.675",
            "low": "21.675",
            "close": "21.718"
        },
        {
            "time": "04.04.2021 21:30",
            "open": "21.718",
            "high": "21.721",
            "low": "21.716",
            "close": "21.774"
        },
        {
            "time": "04.04.2021 21:33",
            "open": "21.774",
            "high": "21.774",
            "low": "21.774",
            "close": "21.773"
        },
        {
            "time": "04.04.2021 21:41",
            "open": "21.773",
            "high": "21.773",
            "low": "21.773",
            "close": "21.75"
        },
        {
            "time": "04.04.2021 21:44",
            "open": "21.75",
            "high": "21.75",
            "low": "21.75",
            "close": "21.8"
        },
        {
            "time": "04.04.2021 21:48",
            "open": "21.8",
            "high": "21.8",
            "low": "21.8",
            "close": "21.932"
        },
        {
            "time": "04.04.2021 21:52",
            "open": "21.932",
            "high": "21.932",
            "low": "21.932",
            "close": "21.932"
        },
        {
            "time": "04.04.2021 21:53",
            "open": "21.932",
            "high": "21.932",
            "low": "21.932",
            "close": "21.962"
        },
        {
            "time": "04.04.2021 21:58",
            "open": "21.962",
            "high": "21.962",
            "low": "21.962",
            "close": "21.838"
        },
        {
            "time": "04.04.2021 22:00",
            "open": "21.838",
            "high": "21.838",
            "low": "21.838",
            "close": "21.836"
        },
        {
            "time": "04.04.2021 22:01",
            "open": "21.836",
            "high": "21.836",
            "low": "21.836",
            "close": "21.839"
        },
        {
            "time": "04.04.2021 22:02",
            "open": "21.839",
            "high": "21.883",
            "low": "21.839",
            "close": "21.844"
        },
        {
            "time": "04.04.2021 22:07",
            "open": "21.844",
            "high": "21.844",
            "low": "21.844",
            "close": "21.879"
        },
        {
            "time": "04.04.2021 22:09",
            "open": "21.879",
            "high": "21.879",
            "low": "21.879",
            "close": "21.896"
        },
        {
            "time": "04.04.2021 22:10",
            "open": "21.896",
            "high": "21.896",
            "low": "21.896",
            "close": "21.868"
        },
        {
            "time": "04.04.2021 22:13",
            "open": "21.868",
            "high": "21.868",
            "low": "21.868",
            "close": "21.881"
        },
        {
            "time": "04.04.2021 22:14",
            "open": "21.881",
            "high": "21.881",
            "low": "21.881",
            "close": "21.926"
        },
        {
            "time": "04.04.2021 22:17",
            "open": "21.926",
            "high": "21.926",
            "low": "21.886",
            "close": "21.882"
        },
        {
            "time": "04.04.2021 22:18",
            "open": "21.882",
            "high": "21.882",
            "low": "21.882",
            "close": "21.888"
        },
        {
            "time": "04.04.2021 22:20",
            "open": "21.888",
            "high": "21.888",
            "low": "21.888",
            "close": "21.836"
        },
        {
            "time": "04.04.2021 22:21",
            "open": "21.836",
            "high": "21.836",
            "low": "21.836",
            "close": "21.786"
        },
        {
            "time": "04.04.2021 22:22",
            "open": "21.786",
            "high": "21.79",
            "low": "21.785",
            "close": "21.81"
        },
        {
            "time": "04.04.2021 22:23",
            "open": "21.81",
            "high": "21.81",
            "low": "21.675",
            "close": "21.675"
        },
        {
            "time": "04.04.2021 22:30",
            "open": "21.675",
            "high": "21.675",
            "low": "21.585",
            "close": "21.596"
        },
        {
            "time": "04.04.2021 22:31",
            "open": "21.596",
            "high": "21.596",
            "low": "21.567",
            "close": "21.614"
        },
        {
            "time": "04.04.2021 22:32",
            "open": "21.614",
            "high": "21.614",
            "low": "21.614",
            "close": "21.573"
        },
        {
            "time": "04.04.2021 22:35",
            "open": "21.573",
            "high": "21.573",
            "low": "21.573",
            "close": "21.572"
        },
        {
            "time": "04.04.2021 22:37",
            "open": "21.572",
            "high": "21.572",
            "low": "21.572",
            "close": "21.6"
        },
        {
            "time": "04.04.2021 22:38",
            "open": "21.6",
            "high": "21.6",
            "low": "21.6",
            "close": "21.573"
        },
        {
            "time": "04.04.2021 22:40",
            "open": "21.573",
            "high": "21.574",
            "low": "21.573",
            "close": "21.565"
        },
        {
            "time": "04.04.2021 22:42",
            "open": "21.565",
            "high": "21.565",
            "low": "21.565",
            "close": "21.571"
        },
        {
            "time": "04.04.2021 22:43",
            "open": "21.571",
            "high": "21.571",
            "low": "21.565",
            "close": "21.551"
        },
        {
            "time": "04.04.2021 22:46",
            "open": "21.551",
            "high": "21.551",
            "low": "21.551",
            "close": "21.563"
        },
        {
            "time": "04.04.2021 22:48",
            "open": "21.563",
            "high": "21.563",
            "low": "21.551",
            "close": "21.552"
        },
        {
            "time": "04.04.2021 22:49",
            "open": "21.552",
            "high": "21.552",
            "low": "21.551",
            "close": "21.524"
        },
        {
            "time": "04.04.2021 22:50",
            "open": "21.524",
            "high": "21.526",
            "low": "21.513",
            "close": "21.513"
        },
        {
            "time": "04.04.2021 22:52",
            "open": "21.513",
            "high": "21.513",
            "low": "21.513",
            "close": "21.536"
        },
        {
            "time": "04.04.2021 22:53",
            "open": "21.536",
            "high": "21.536",
            "low": "21.532",
            "close": "21.511"
        },
        {
            "time": "04.04.2021 22:55",
            "open": "21.511",
            "high": "21.511",
            "low": "21.511",
            "close": "21.518"
        },
        {
            "time": "04.04.2021 22:58",
            "open": "21.518",
            "high": "21.518",
            "low": "21.518",
            "close": "21.507"
        },
        {
            "time": "04.04.2021 22:59",
            "open": "21.507",
            "high": "21.507",
            "low": "21.507",
            "close": "21.523"
        },
        {
            "time": "04.04.2021 23:02",
            "open": "21.523",
            "high": "21.523",
            "low": "21.523",
            "close": "21.536"
        },
        {
            "time": "04.04.2021 23:03",
            "open": "21.536",
            "high": "21.536",
            "low": "21.536",
            "close": "21.501"
        },
        {
            "time": "04.04.2021 23:04",
            "open": "21.501",
            "high": "21.501",
            "low": "21.478",
            "close": "21.484"
        },
        {
            "time": "04.04.2021 23:05",
            "open": "21.484",
            "high": "21.484",
            "low": "21.484",
            "close": "21.484"
        },
        {
            "time": "04.04.2021 23:06",
            "open": "21.484",
            "high": "21.515",
            "low": "21.484",
            "close": "21.558"
        },
        {
            "time": "04.04.2021 23:07",
            "open": "21.558",
            "high": "21.56",
            "low": "21.504",
            "close": "21.572"
        },
        {
            "time": "04.04.2021 23:09",
            "open": "21.572",
            "high": "21.572",
            "low": "21.572",
            "close": "21.668"
        },
        {
            "time": "04.04.2021 23:10",
            "open": "21.668",
            "high": "21.668",
            "low": "21.668",
            "close": "21.706"
        },
        {
            "time": "04.04.2021 23:16",
            "open": "21.706",
            "high": "21.706",
            "low": "21.671",
            "close": "21.72"
        },
        {
            "time": "04.04.2021 23:17",
            "open": "21.72",
            "high": "21.72",
            "low": "21.674",
            "close": "21.567"
        },
        {
            "time": "04.04.2021 23:20",
            "open": "21.567",
            "high": "21.567",
            "low": "21.566",
            "close": "21.585"
        },
        {
            "time": "04.04.2021 23:22",
            "open": "21.585",
            "high": "21.585",
            "low": "21.561",
            "close": "21.487"
        },
        {
            "time": "04.04.2021 23:25",
            "open": "21.487",
            "high": "21.487",
            "low": "21.487",
            "close": "21.478"
        },
        {
            "time": "04.04.2021 23:28",
            "open": "21.478",
            "high": "21.478",
            "low": "21.478",
            "close": "21.496"
        },
        {
            "time": "04.04.2021 23:32",
            "open": "21.496",
            "high": "21.51",
            "low": "21.496",
            "close": "21.515"
        },
        {
            "time": "04.04.2021 23:37",
            "open": "21.515",
            "high": "21.515",
            "low": "21.514",
            "close": "21.54"
        },
        {
            "time": "04.04.2021 23:38",
            "open": "21.54",
            "high": "21.54",
            "low": "21.54",
            "close": "21.514"
        },
        {
            "time": "04.04.2021 23:40",
            "open": "21.514",
            "high": "21.514",
            "low": "21.514",
            "close": "21.544"
        },
        {
            "time": "04.04.2021 23:41",
            "open": "21.544",
            "high": "21.544",
            "low": "21.544",
            "close": "21.53"
        },
        {
            "time": "04.04.2021 23:42",
            "open": "21.53",
            "high": "21.53",
            "low": "21.508",
            "close": "21.507"
        },
        {
            "time": "04.04.2021 23:43",
            "open": "21.507",
            "high": "21.507",
            "low": "21.507",
            "close": "21.516"
        },
        {
            "time": "04.04.2021 23:47",
            "open": "21.516",
            "high": "21.516",
            "low": "21.516",
            "close": "21.516"
        },
        {
            "time": "04.04.2021 23:49",
            "open": "21.516",
            "high": "21.516",
            "low": "21.491",
            "close": "21.516"
        },
        {
            "time": "04.04.2021 23:51",
            "open": "21.516",
            "high": "21.517",
            "low": "21.511",
            "close": "21.511"
        },
        {
            "time": "04.04.2021 23:53",
            "open": "21.511",
            "high": "21.511",
            "low": "21.511",
            "close": "21.542"
        },
        {
            "time": "04.04.2021 23:55",
            "open": "21.542",
            "high": "21.542",
            "low": "21.542",
            "close": "21.565"
        }
    ]
}