{
    "UMA-EUR": [
        {
            "time": "23.07.2021 23:49",
            "open": "6.974",
            "high": "6.974",
            "low": "6.974",
            "close": "6.985"
        },
        {
            "time": "24.07.2021 00:14",
            "open": "6.985",
            "high": "6.99",
            "low": "6.985",
            "close": "6.995"
        },
        {
            "time": "24.07.2021 00:19",
            "open": "6.995",
            "high": "7.002",
            "low": "6.995",
            "close": "7.005"
        },
        {
            "time": "24.07.2021 00:20",
            "open": "7.005",
            "high": "7.012",
            "low": "7.005",
            "close": "7.012"
        },
        {
            "time": "24.07.2021 00:24",
            "open": "7.012",
            "high": "7.03",
            "low": "7.012",
            "close": "7.035"
        },
        {
            "time": "24.07.2021 00:26",
            "open": "7.035",
            "high": "7.035",
            "low": "7.035",
            "close": "7.015"
        },
        {
            "time": "24.07.2021 00:29",
            "open": "7.015",
            "high": "7.015",
            "low": "7.015",
            "close": "7.024"
        },
        {
            "time": "24.07.2021 00:30",
            "open": "7.024",
            "high": "7.024",
            "low": "7.024",
            "close": "7.04"
        },
        {
            "time": "24.07.2021 00:31",
            "open": "7.04",
            "high": "7.045",
            "low": "7.04",
            "close": "7.038"
        },
        {
            "time": "24.07.2021 00:32",
            "open": "7.038",
            "high": "7.038",
            "low": "7.038",
            "close": "7.05"
        },
        {
            "time": "24.07.2021 00:35",
            "open": "7.05",
            "high": "7.065",
            "low": "7.05",
            "close": "7.065"
        },
        {
            "time": "24.07.2021 00:36",
            "open": "7.065",
            "high": "7.075",
            "low": "7.065",
            "close": "7.08"
        },
        {
            "time": "24.07.2021 00:37",
            "open": "7.08",
            "high": "7.097",
            "low": "7.08",
            "close": "7.075"
        },
        {
            "time": "24.07.2021 00:38",
            "open": "7.075",
            "high": "7.075",
            "low": "7.065",
            "close": "7.09"
        },
        {
            "time": "24.07.2021 00:40",
            "open": "7.09",
            "high": "7.105",
            "low": "7.09",
            "close": "7.11"
        },
        {
            "time": "24.07.2021 00:41",
            "open": "7.11",
            "high": "7.122",
            "low": "7.095",
            "close": "7.09"
        },
        {
            "time": "24.07.2021 00:42",
            "open": "7.09",
            "high": "7.09",
            "low": "7.085",
            "close": "7.105"
        },
        {
            "time": "24.07.2021 00:44",
            "open": "7.105",
            "high": "7.105",
            "low": "7.105",
            "close": "7.11"
        },
        {
            "time": "24.07.2021 00:45",
            "open": "7.11",
            "high": "7.114",
            "low": "7.11",
            "close": "7.09"
        },
        {
            "time": "24.07.2021 00:46",
            "open": "7.09",
            "high": "7.09",
            "low": "7.085",
            "close": "7.085"
        },
        {
            "time": "24.07.2021 00:48",
            "open": "7.085",
            "high": "7.085",
            "low": "7.08",
            "close": "7.095"
        },
        {
            "time": "24.07.2021 00:53",
            "open": "7.095",
            "high": "7.107",
            "low": "7.095",
            "close": "7.11"
        },
        {
            "time": "24.07.2021 00:55",
            "open": "7.11",
            "high": "7.11",
            "low": "7.11",
            "close": "7.115"
        },
        {
            "time": "24.07.2021 00:56",
            "open": "7.115",
            "high": "7.12",
            "low": "7.115",
            "close": "7.12"
        },
        {
            "time": "24.07.2021 00:58",
            "open": "7.12",
            "high": "7.12",
            "low": "7.12",
            "close": "7.1"
        },
        {
            "time": "24.07.2021 01:00",
            "open": "7.1",
            "high": "7.1",
            "low": "7.1",
            "close": "7.1"
        },
        {
            "time": "24.07.2021 01:01",
            "open": "7.1",
            "high": "7.1",
            "low": "7.09",
            "close": "7.115"
        },
        {
            "time": "24.07.2021 01:03",
            "open": "7.115",
            "high": "7.115",
            "low": "7.109",
            "close": "7.12"
        },
        {
            "time": "24.07.2021 01:10",
            "open": "7.12",
            "high": "7.122",
            "low": "7.12",
            "close": "7.125"
        },
        {
            "time": "24.07.2021 01:15",
            "open": "7.125",
            "high": "7.135",
            "low": "7.125",
            "close": "7.132"
        },
        {
            "time": "24.07.2021 01:20",
            "open": "7.132",
            "high": "7.14",
            "low": "7.132",
            "close": "7.128"
        },
        {
            "time": "24.07.2021 01:24",
            "open": "7.128",
            "high": "7.128",
            "low": "7.128",
            "close": "7.145"
        },
        {
            "time": "24.07.2021 01:25",
            "open": "7.145",
            "high": "7.145",
            "low": "7.145",
            "close": "7.15"
        },
        {
            "time": "24.07.2021 01:26",
            "open": "7.15",
            "high": "7.15",
            "low": "7.15",
            "close": "7.155"
        },
        {
            "time": "24.07.2021 01:33",
            "open": "7.155",
            "high": "7.186",
            "low": "7.155",
            "close": "7.19"
        },
        {
            "time": "24.07.2021 01:35",
            "open": "7.19",
            "high": "7.19",
            "low": "7.19",
            "close": "7.195"
        },
        {
            "time": "24.07.2021 01:39",
            "open": "7.195",
            "high": "7.195",
            "low": "7.195",
            "close": "7.19"
        },
        {
            "time": "24.07.2021 01:41",
            "open": "7.19",
            "high": "7.19",
            "low": "7.19",
            "close": "7.184"
        },
        {
            "time": "24.07.2021 01:42",
            "open": "7.184",
            "high": "7.184",
            "low": "7.184",
            "close": "7.193"
        },
        {
            "time": "24.07.2021 01:44",
            "open": "7.193",
            "high": "7.193",
            "low": "7.193",
            "close": "7.191"
        },
        {
            "time": "24.07.2021 01:45",
            "open": "7.191",
            "high": "7.191",
            "low": "7.191",
            "close": "7.188"
        },
        {
            "time": "24.07.2021 01:49",
            "open": "7.188",
            "high": "7.188",
            "low": "7.188",
            "close": "7.195"
        },
        {
            "time": "24.07.2021 01:56",
            "open": "7.195",
            "high": "7.195",
            "low": "7.195",
            "close": "7.2"
        },
        {
            "time": "24.07.2021 02:00",
            "open": "7.2",
            "high": "7.207",
            "low": "7.2",
            "close": "7.207"
        },
        {
            "time": "24.07.2021 02:01",
            "open": "7.207",
            "high": "7.207",
            "low": "7.206",
            "close": "7.185"
        },
        {
            "time": "24.07.2021 02:03",
            "open": "7.185",
            "high": "7.185",
            "low": "7.185",
            "close": "7.185"
        },
        {
            "time": "24.07.2021 02:04",
            "open": "7.185",
            "high": "7.185",
            "low": "7.18",
            "close": "7.18"
        },
        {
            "time": "24.07.2021 02:05",
            "open": "7.18",
            "high": "7.18",
            "low": "7.18",
            "close": "7.2"
        },
        {
            "time": "24.07.2021 02:32",
            "open": "7.2",
            "high": "7.2",
            "low": "7.2",
            "close": "7.205"
        },
        {
            "time": "24.07.2021 02:41",
            "open": "7.205",
            "high": "7.216",
            "low": "7.205",
            "close": "7.22"
        },
        {
            "time": "24.07.2021 02:42",
            "open": "7.22",
            "high": "7.225",
            "low": "7.22",
            "close": "7.206"
        },
        {
            "time": "24.07.2021 02:47",
            "open": "7.206",
            "high": "7.206",
            "low": "7.195",
            "close": "7.195"
        },
        {
            "time": "24.07.2021 02:48",
            "open": "7.195",
            "high": "7.195",
            "low": "7.195",
            "close": "7.19"
        },
        {
            "time": "24.07.2021 02:49",
            "open": "7.19",
            "high": "7.193",
            "low": "7.19",
            "close": "7.19"
        },
        {
            "time": "24.07.2021 02:50",
            "open": "7.19",
            "high": "7.19",
            "low": "7.18",
            "close": "7.188"
        },
        {
            "time": "24.07.2021 02:58",
            "open": "7.188",
            "high": "7.188",
            "low": "7.188",
            "close": "7.188"
        },
        {
            "time": "24.07.2021 03:02",
            "open": "7.188",
            "high": "7.188",
            "low": "7.17",
            "close": "7.165"
        },
        {
            "time": "24.07.2021 03:03",
            "open": "7.165",
            "high": "7.165",
            "low": "7.16",
            "close": "7.155"
        },
        {
            "time": "24.07.2021 03:04",
            "open": "7.155",
            "high": "7.155",
            "low": "7.144",
            "close": "7.159"
        },
        {
            "time": "24.07.2021 03:20",
            "open": "7.159",
            "high": "7.159",
            "low": "7.159",
            "close": "7.14"
        },
        {
            "time": "24.07.2021 03:26",
            "open": "7.14",
            "high": "7.14",
            "low": "7.14",
            "close": "7.14"
        },
        {
            "time": "24.07.2021 03:28",
            "open": "7.14",
            "high": "7.14",
            "low": "7.13",
            "close": "7.13"
        },
        {
            "time": "24.07.2021 03:38",
            "open": "7.13",
            "high": "7.13",
            "low": "7.125",
            "close": "7.15"
        },
        {
            "time": "24.07.2021 03:50",
            "open": "7.15",
            "high": "7.15",
            "low": "7.15",
            "close": "7.155"
        },
        {
            "time": "24.07.2021 03:51",
            "open": "7.155",
            "high": "7.16",
            "low": "7.155",
            "close": "7.165"
        },
        {
            "time": "24.07.2021 03:54",
            "open": "7.165",
            "high": "7.165",
            "low": "7.165",
            "close": "7.17"
        },
        {
            "time": "24.07.2021 03:55",
            "open": "7.17",
            "high": "7.17",
            "low": "7.17",
            "close": "7.171"
        },
        {
            "time": "24.07.2021 04:11",
            "open": "7.171",
            "high": "7.178",
            "low": "7.171",
            "close": "7.18"
        },
        {
            "time": "24.07.2021 04:12",
            "open": "7.18",
            "high": "7.185",
            "low": "7.18",
            "close": "7.168"
        },
        {
            "time": "24.07.2021 04:17",
            "open": "7.168",
            "high": "7.169",
            "low": "7.168",
            "close": "7.18"
        },
        {
            "time": "24.07.2021 04:18",
            "open": "7.18",
            "high": "7.18",
            "low": "7.18",
            "close": "7.177"
        },
        {
            "time": "24.07.2021 04:22",
            "open": "7.177",
            "high": "7.177",
            "low": "7.177",
            "close": "7.185"
        },
        {
            "time": "24.07.2021 04:25",
            "open": "7.185",
            "high": "7.185",
            "low": "7.185",
            "close": "7.19"
        },
        {
            "time": "24.07.2021 04:27",
            "open": "7.19",
            "high": "7.195",
            "low": "7.19",
            "close": "7.2"
        },
        {
            "time": "24.07.2021 04:30",
            "open": "7.2",
            "high": "7.2",
            "low": "7.2",
            "close": "7.195"
        },
        {
            "time": "24.07.2021 04:41",
            "open": "7.195",
            "high": "7.195",
            "low": "7.195",
            "close": "7.205"
        },
        {
            "time": "24.07.2021 04:48",
            "open": "7.205",
            "high": "7.21",
            "low": "7.205",
            "close": "7.21"
        },
        {
            "time": "24.07.2021 04:49",
            "open": "7.21",
            "high": "7.22",
            "low": "7.21",
            "close": "7.21"
        },
        {
            "time": "24.07.2021 04:53",
            "open": "7.21",
            "high": "7.211",
            "low": "7.21",
            "close": "7.225"
        },
        {
            "time": "24.07.2021 05:00",
            "open": "7.225",
            "high": "7.225",
            "low": "7.225",
            "close": "7.225"
        },
        {
            "time": "24.07.2021 05:01",
            "open": "7.225",
            "high": "7.225",
            "low": "7.222",
            "close": "7.205"
        },
        {
            "time": "24.07.2021 05:02",
            "open": "7.205",
            "high": "7.205",
            "low": "7.205",
            "close": "7.229"
        },
        {
            "time": "24.07.2021 05:28",
            "open": "7.229",
            "high": "7.229",
            "low": "7.229",
            "close": "7.229"
        },
        {
            "time": "24.07.2021 05:29",
            "open": "7.229",
            "high": "7.229",
            "low": "7.229",
            "close": "7.23"
        },
        {
            "time": "24.07.2021 05:32",
            "open": "7.23",
            "high": "7.23",
            "low": "7.23",
            "close": "7.235"
        },
        {
            "time": "24.07.2021 05:33",
            "open": "7.235",
            "high": "7.235",
            "low": "7.235",
            "close": "7.236"
        },
        {
            "time": "24.07.2021 05:47",
            "open": "7.236",
            "high": "7.236",
            "low": "7.236",
            "close": "7.233"
        },
        {
            "time": "24.07.2021 05:48",
            "open": "7.233",
            "high": "7.24",
            "low": "7.232",
            "close": "7.243"
        },
        {
            "time": "24.07.2021 05:49",
            "open": "7.243",
            "high": "7.249",
            "low": "7.243",
            "close": "7.248"
        },
        {
            "time": "24.07.2021 05:50",
            "open": "7.248",
            "high": "7.248",
            "low": "7.245",
            "close": "7.25"
        },
        {
            "time": "24.07.2021 05:57",
            "open": "7.25",
            "high": "7.26",
            "low": "7.25",
            "close": "7.263"
        },
        {
            "time": "24.07.2021 05:58",
            "open": "7.263",
            "high": "7.263",
            "low": "7.263",
            "close": "7.264"
        },
        {
            "time": "24.07.2021 06:04",
            "open": "7.264",
            "high": "7.265",
            "low": "7.264",
            "close": "7.27"
        },
        {
            "time": "24.07.2021 06:05",
            "open": "7.27",
            "high": "7.27",
            "low": "7.27",
            "close": "7.27"
        },
        {
            "time": "24.07.2021 06:07",
            "open": "7.27",
            "high": "7.276",
            "low": "7.27",
            "close": "7.268"
        },
        {
            "time": "24.07.2021 06:09",
            "open": "7.268",
            "high": "7.268",
            "low": "7.267",
            "close": "7.255"
        },
        {
            "time": "24.07.2021 06:27",
            "open": "7.255",
            "high": "7.255",
            "low": "7.255",
            "close": "7.255"
        },
        {
            "time": "24.07.2021 06:29",
            "open": "7.255",
            "high": "7.285",
            "low": "7.255",
            "close": "7.285"
        },
        {
            "time": "24.07.2021 06:38",
            "open": "7.285",
            "high": "7.286",
            "low": "7.285",
            "close": "7.29"
        },
        {
            "time": "24.07.2021 06:39",
            "open": "7.29",
            "high": "7.293",
            "low": "7.29",
            "close": "7.295"
        },
        {
            "time": "24.07.2021 06:44",
            "open": "7.295",
            "high": "7.295",
            "low": "7.295",
            "close": "7.299"
        },
        {
            "time": "24.07.2021 06:47",
            "open": "7.299",
            "high": "7.312",
            "low": "7.299",
            "close": "7.314"
        },
        {
            "time": "24.07.2021 06:48",
            "open": "7.314",
            "high": "7.324",
            "low": "7.311",
            "close": "7.3"
        },
        {
            "time": "24.07.2021 06:49",
            "open": "7.3",
            "high": "7.3",
            "low": "7.29",
            "close": "7.29"
        },
        {
            "time": "24.07.2021 06:50",
            "open": "7.29",
            "high": "7.29",
            "low": "7.27",
            "close": "7.27"
        },
        {
            "time": "24.07.2021 06:51",
            "open": "7.27",
            "high": "7.27",
            "low": "7.27",
            "close": "7.27"
        },
        {
            "time": "24.07.2021 06:59",
            "open": "7.27",
            "high": "7.27",
            "low": "7.26",
            "close": "7.255"
        },
        {
            "time": "24.07.2021 07:00",
            "open": "7.255",
            "high": "7.255",
            "low": "7.255",
            "close": "7.25"
        },
        {
            "time": "24.07.2021 07:01",
            "open": "7.25",
            "high": "7.25",
            "low": "7.235",
            "close": "7.236"
        },
        {
            "time": "24.07.2021 07:02",
            "open": "7.236",
            "high": "7.236",
            "low": "7.236",
            "close": "7.235"
        },
        {
            "time": "24.07.2021 07:03",
            "open": "7.235",
            "high": "7.235",
            "low": "7.235",
            "close": "7.23"
        },
        {
            "time": "24.07.2021 07:04",
            "open": "7.23",
            "high": "7.23",
            "low": "7.23",
            "close": "7.23"
        },
        {
            "time": "24.07.2021 07:05",
            "open": "7.23",
            "high": "7.23",
            "low": "7.224",
            "close": "7.22"
        },
        {
            "time": "24.07.2021 07:12",
            "open": "7.22",
            "high": "7.22",
            "low": "7.217",
            "close": "7.22"
        },
        {
            "time": "24.07.2021 07:19",
            "open": "7.22",
            "high": "7.22",
            "low": "7.219",
            "close": "7.216"
        },
        {
            "time": "24.07.2021 07:30",
            "open": "7.216",
            "high": "7.216",
            "low": "7.216",
            "close": "7.231"
        },
        {
            "time": "24.07.2021 07:32",
            "open": "7.231",
            "high": "7.238",
            "low": "7.231",
            "close": "7.233"
        },
        {
            "time": "24.07.2021 07:33",
            "open": "7.233",
            "high": "7.233",
            "low": "7.233",
            "close": "7.22"
        },
        {
            "time": "24.07.2021 07:41",
            "open": "7.22",
            "high": "7.22",
            "low": "7.2",
            "close": "7.208"
        },
        {
            "time": "24.07.2021 07:43",
            "open": "7.208",
            "high": "7.208",
            "low": "7.208",
            "close": "7.224"
        },
        {
            "time": "24.07.2021 07:51",
            "open": "7.224",
            "high": "7.224",
            "low": "7.209",
            "close": "7.209"
        },
        {
            "time": "24.07.2021 07:57",
            "open": "7.209",
            "high": "7.209",
            "low": "7.209",
            "close": "7.211"
        },
        {
            "time": "24.07.2021 08:01",
            "open": "7.211",
            "high": "7.211",
            "low": "7.211",
            "close": "7.224"
        },
        {
            "time": "24.07.2021 08:08",
            "open": "7.224",
            "high": "7.224",
            "low": "7.224",
            "close": "7.225"
        },
        {
            "time": "24.07.2021 08:09",
            "open": "7.225",
            "high": "7.225",
            "low": "7.225",
            "close": "7.23"
        },
        {
            "time": "24.07.2021 08:10",
            "open": "7.23",
            "high": "7.23",
            "low": "7.23",
            "close": "7.235"
        },
        {
            "time": "24.07.2021 08:12",
            "open": "7.235",
            "high": "7.243",
            "low": "7.235",
            "close": "7.245"
        },
        {
            "time": "24.07.2021 08:27",
            "open": "7.245",
            "high": "7.25",
            "low": "7.245",
            "close": "7.255"
        },
        {
            "time": "24.07.2021 08:29",
            "open": "7.255",
            "high": "7.255",
            "low": "7.255",
            "close": "7.26"
        },
        {
            "time": "24.07.2021 08:30",
            "open": "7.26",
            "high": "7.27",
            "low": "7.26",
            "close": "7.275"
        },
        {
            "time": "24.07.2021 08:49",
            "open": "7.275",
            "high": "7.275",
            "low": "7.275",
            "close": "7.28"
        },
        {
            "time": "24.07.2021 08:51",
            "open": "7.28",
            "high": "7.288",
            "low": "7.28",
            "close": "7.288"
        },
        {
            "time": "24.07.2021 09:01",
            "open": "7.288",
            "high": "7.288",
            "low": "7.288",
            "close": "7.289"
        },
        {
            "time": "24.07.2021 09:02",
            "open": "7.289",
            "high": "7.289",
            "low": "7.289",
            "close": "7.278"
        },
        {
            "time": "24.07.2021 09:11",
            "open": "7.278",
            "high": "7.278",
            "low": "7.278",
            "close": "7.278"
        },
        {
            "time": "24.07.2021 09:17",
            "open": "7.278",
            "high": "7.278",
            "low": "7.278",
            "close": "7.278"
        },
        {
            "time": "24.07.2021 09:23",
            "open": "7.278",
            "high": "7.278",
            "low": "7.278",
            "close": "7.278"
        },
        {
            "time": "24.07.2021 09:28",
            "open": "7.278",
            "high": "7.278",
            "low": "7.278",
            "close": "7.271"
        },
        {
            "time": "24.07.2021 09:30",
            "open": "7.271",
            "high": "7.271",
            "low": "7.271",
            "close": "7.265"
        },
        {
            "time": "24.07.2021 09:35",
            "open": "7.265",
            "high": "7.265",
            "low": "7.265",
            "close": "7.26"
        },
        {
            "time": "24.07.2021 09:37",
            "open": "7.26",
            "high": "7.26",
            "low": "7.26",
            "close": "7.26"
        },
        {
            "time": "24.07.2021 09:42",
            "open": "7.26",
            "high": "7.26",
            "low": "7.255",
            "close": "7.255"
        },
        {
            "time": "24.07.2021 09:45",
            "open": "7.255",
            "high": "7.255",
            "low": "7.255",
            "close": "7.257"
        },
        {
            "time": "24.07.2021 09:59",
            "open": "7.257",
            "high": "7.257",
            "low": "7.257",
            "close": "7.275"
        },
        {
            "time": "24.07.2021 10:05",
            "open": "7.275",
            "high": "7.28",
            "low": "7.275",
            "close": "7.255"
        },
        {
            "time": "24.07.2021 10:08",
            "open": "7.255",
            "high": "7.255",
            "low": "7.251",
            "close": "7.251"
        },
        {
            "time": "24.07.2021 10:09",
            "open": "7.251",
            "high": "7.251",
            "low": "7.245",
            "close": "7.245"
        },
        {
            "time": "24.07.2021 10:11",
            "open": "7.245",
            "high": "7.245",
            "low": "7.245",
            "close": "7.24"
        },
        {
            "time": "24.07.2021 10:12",
            "open": "7.24",
            "high": "7.24",
            "low": "7.232",
            "close": "7.23"
        },
        {
            "time": "24.07.2021 10:14",
            "open": "7.23",
            "high": "7.23",
            "low": "7.225",
            "close": "7.228"
        },
        {
            "time": "24.07.2021 10:15",
            "open": "7.228",
            "high": "7.228",
            "low": "7.215",
            "close": "7.215"
        },
        {
            "time": "24.07.2021 10:18",
            "open": "7.215",
            "high": "7.215",
            "low": "7.21",
            "close": "7.21"
        },
        {
            "time": "24.07.2021 10:19",
            "open": "7.21",
            "high": "7.21",
            "low": "7.21",
            "close": "7.214"
        },
        {
            "time": "24.07.2021 10:33",
            "open": "7.214",
            "high": "7.214",
            "low": "7.214",
            "close": "7.218"
        },
        {
            "time": "24.07.2021 10:38",
            "open": "7.218",
            "high": "7.218",
            "low": "7.218",
            "close": "7.21"
        },
        {
            "time": "24.07.2021 10:43",
            "open": "7.21",
            "high": "7.21",
            "low": "7.21",
            "close": "7.205"
        },
        {
            "time": "24.07.2021 10:50",
            "open": "7.205",
            "high": "7.205",
            "low": "7.2",
            "close": "7.2"
        },
        {
            "time": "24.07.2021 10:56",
            "open": "7.2",
            "high": "7.2",
            "low": "7.197",
            "close": "7.22"
        },
        {
            "time": "24.07.2021 11:33",
            "open": "7.22",
            "high": "7.22",
            "low": "7.22",
            "close": "7.225"
        },
        {
            "time": "24.07.2021 11:34",
            "open": "7.225",
            "high": "7.245",
            "low": "7.225",
            "close": "7.245"
        },
        {
            "time": "24.07.2021 11:35",
            "open": "7.245",
            "high": "7.245",
            "low": "7.245",
            "close": "7.25"
        },
        {
            "time": "24.07.2021 11:41",
            "open": "7.25",
            "high": "7.25",
            "low": "7.25",
            "close": "7.25"
        },
        {
            "time": "24.07.2021 11:46",
            "open": "7.25",
            "high": "7.25",
            "low": "7.25",
            "close": "7.255"
        },
        {
            "time": "24.07.2021 11:49",
            "open": "7.255",
            "high": "7.255",
            "low": "7.255",
            "close": "7.26"
        },
        {
            "time": "24.07.2021 11:52",
            "open": "7.26",
            "high": "7.26",
            "low": "7.26",
            "close": "7.265"
        },
        {
            "time": "24.07.2021 11:53",
            "open": "7.265",
            "high": "7.265",
            "low": "7.265",
            "close": "7.27"
        },
        {
            "time": "24.07.2021 11:54",
            "open": "7.27",
            "high": "7.27",
            "low": "7.27",
            "close": "7.275"
        },
        {
            "time": "24.07.2021 11:59",
            "open": "7.275",
            "high": "7.275",
            "low": "7.275",
            "close": "7.255"
        },
        {
            "time": "24.07.2021 12:13",
            "open": "7.255",
            "high": "7.255",
            "low": "7.251",
            "close": "7.275"
        },
        {
            "time": "24.07.2021 12:30",
            "open": "7.275",
            "high": "7.275",
            "low": "7.275",
            "close": "7.28"
        },
        {
            "time": "24.07.2021 12:31",
            "open": "7.28",
            "high": "7.28",
            "low": "7.28",
            "close": "7.285"
        },
        {
            "time": "24.07.2021 12:33",
            "open": "7.285",
            "high": "7.285",
            "low": "7.285",
            "close": "7.29"
        },
        {
            "time": "24.07.2021 12:35",
            "open": "7.29",
            "high": "7.29",
            "low": "7.29",
            "close": "7.29"
        },
        {
            "time": "24.07.2021 12:36",
            "open": "7.29",
            "high": "7.29",
            "low": "7.29",
            "close": "7.295"
        },
        {
            "time": "24.07.2021 12:40",
            "open": "7.295",
            "high": "7.295",
            "low": "7.295",
            "close": "7.3"
        },
        {
            "time": "24.07.2021 12:42",
            "open": "7.3",
            "high": "7.3",
            "low": "7.3",
            "close": "7.296"
        },
        {
            "time": "24.07.2021 12:57",
            "open": "7.296",
            "high": "7.296",
            "low": "7.296",
            "close": "7.28"
        },
        {
            "time": "24.07.2021 13:00",
            "open": "7.28",
            "high": "7.28",
            "low": "7.28",
            "close": "7.28"
        },
        {
            "time": "24.07.2021 13:01",
            "open": "7.28",
            "high": "7.28",
            "low": "7.27",
            "close": "7.27"
        },
        {
            "time": "24.07.2021 13:05",
            "open": "7.27",
            "high": "7.27",
            "low": "7.265",
            "close": "7.265"
        },
        {
            "time": "24.07.2021 13:06",
            "open": "7.265",
            "high": "7.265",
            "low": "7.26",
            "close": "7.26"
        },
        {
            "time": "24.07.2021 13:07",
            "open": "7.26",
            "high": "7.26",
            "low": "7.26",
            "close": "7.28"
        },
        {
            "time": "24.07.2021 13:11",
            "open": "7.28",
            "high": "7.28",
            "low": "7.28",
            "close": "7.285"
        },
        {
            "time": "24.07.2021 13:13",
            "open": "7.285",
            "high": "7.285",
            "low": "7.285",
            "close": "7.29"
        },
        {
            "time": "24.07.2021 13:15",
            "open": "7.29",
            "high": "7.295",
            "low": "7.29",
            "close": "7.3"
        },
        {
            "time": "24.07.2021 13:16",
            "open": "7.3",
            "high": "7.31",
            "low": "7.299",
            "close": "7.29"
        },
        {
            "time": "24.07.2021 13:17",
            "open": "7.29",
            "high": "7.29",
            "low": "7.28",
            "close": "7.28"
        },
        {
            "time": "24.07.2021 13:18",
            "open": "7.28",
            "high": "7.28",
            "low": "7.275",
            "close": "7.275"
        },
        {
            "time": "24.07.2021 13:19",
            "open": "7.275",
            "high": "7.275",
            "low": "7.255",
            "close": "7.25"
        },
        {
            "time": "24.07.2021 13:21",
            "open": "7.25",
            "high": "7.25",
            "low": "7.25",
            "close": "7.25"
        },
        {
            "time": "24.07.2021 13:22",
            "open": "7.25",
            "high": "7.25",
            "low": "7.235",
            "close": "7.235"
        },
        {
            "time": "24.07.2021 13:23",
            "open": "7.235",
            "high": "7.235",
            "low": "7.23",
            "close": "7.23"
        },
        {
            "time": "24.07.2021 13:25",
            "open": "7.23",
            "high": "7.23",
            "low": "7.225",
            "close": "7.225"
        },
        {
            "time": "24.07.2021 13:26",
            "open": "7.225",
            "high": "7.225",
            "low": "7.215",
            "close": "7.215"
        },
        {
            "time": "24.07.2021 13:27",
            "open": "7.215",
            "high": "7.215",
            "low": "7.21",
            "close": "7.21"
        },
        {
            "time": "24.07.2021 13:30",
            "open": "7.21",
            "high": "7.21",
            "low": "7.2",
            "close": "7.201"
        },
        {
            "time": "24.07.2021 13:31",
            "open": "7.201",
            "high": "7.207",
            "low": "7.201",
            "close": "7.2"
        },
        {
            "time": "24.07.2021 13:33",
            "open": "7.2",
            "high": "7.2",
            "low": "7.197",
            "close": "7.195"
        },
        {
            "time": "24.07.2021 13:38",
            "open": "7.195",
            "high": "7.195",
            "low": "7.195",
            "close": "7.191"
        },
        {
            "time": "24.07.2021 13:41",
            "open": "7.191",
            "high": "7.191",
            "low": "7.191",
            "close": "7.215"
        },
        {
            "time": "24.07.2021 13:53",
            "open": "7.215",
            "high": "7.22",
            "low": "7.215",
            "close": "7.22"
        },
        {
            "time": "24.07.2021 13:54",
            "open": "7.22",
            "high": "7.22",
            "low": "7.22",
            "close": "7.225"
        },
        {
            "time": "24.07.2021 13:55",
            "open": "7.225",
            "high": "7.225",
            "low": "7.225",
            "close": "7.23"
        },
        {
            "time": "24.07.2021 13:56",
            "open": "7.23",
            "high": "7.23",
            "low": "7.23",
            "close": "7.235"
        },
        {
            "time": "24.07.2021 13:57",
            "open": "7.235",
            "high": "7.235",
            "low": "7.235",
            "close": "7.24"
        },
        {
            "time": "24.07.2021 14:00",
            "open": "7.24",
            "high": "7.24",
            "low": "7.24",
            "close": "7.245"
        },
        {
            "time": "24.07.2021 14:04",
            "open": "7.245",
            "high": "7.245",
            "low": "7.245",
            "close": "7.237"
        },
        {
            "time": "24.07.2021 14:17",
            "open": "7.237",
            "high": "7.237",
            "low": "7.237",
            "close": "7.248"
        },
        {
            "time": "24.07.2021 14:27",
            "open": "7.248",
            "high": "7.248",
            "low": "7.248",
            "close": "7.232"
        },
        {
            "time": "24.07.2021 14:29",
            "open": "7.232",
            "high": "7.232",
            "low": "7.232",
            "close": "7.238"
        },
        {
            "time": "24.07.2021 14:48",
            "open": "7.238",
            "high": "7.238",
            "low": "7.238",
            "close": "7.231"
        },
        {
            "time": "24.07.2021 14:55",
            "open": "7.231",
            "high": "7.231",
            "low": "7.231",
            "close": "7.231"
        },
        {
            "time": "24.07.2021 15:03",
            "open": "7.231",
            "high": "7.231",
            "low": "7.231",
            "close": "7.225"
        },
        {
            "time": "24.07.2021 15:04",
            "open": "7.225",
            "high": "7.229",
            "low": "7.225",
            "close": "7.24"
        },
        {
            "time": "24.07.2021 15:08",
            "open": "7.24",
            "high": "7.24",
            "low": "7.24",
            "close": "7.25"
        },
        {
            "time": "24.07.2021 15:09",
            "open": "7.25",
            "high": "7.255",
            "low": "7.25",
            "close": "7.247"
        },
        {
            "time": "24.07.2021 15:13",
            "open": "7.247",
            "high": "7.247",
            "low": "7.247",
            "close": "7.26"
        },
        {
            "time": "24.07.2021 15:14",
            "open": "7.26",
            "high": "7.264",
            "low": "7.26",
            "close": "7.265"
        },
        {
            "time": "24.07.2021 15:19",
            "open": "7.265",
            "high": "7.265",
            "low": "7.265",
            "close": "7.269"
        },
        {
            "time": "24.07.2021 15:20",
            "open": "7.269",
            "high": "7.27",
            "low": "7.269",
            "close": "7.258"
        },
        {
            "time": "24.07.2021 15:29",
            "open": "7.258",
            "high": "7.258",
            "low": "7.258",
            "close": "7.252"
        },
        {
            "time": "24.07.2021 15:36",
            "open": "7.252",
            "high": "7.252",
            "low": "7.251",
            "close": "7.254"
        },
        {
            "time": "24.07.2021 15:41",
            "open": "7.254",
            "high": "7.255",
            "low": "7.245",
            "close": "7.245"
        },
        {
            "time": "24.07.2021 15:44",
            "open": "7.245",
            "high": "7.245",
            "low": "7.235",
            "close": "7.235"
        },
        {
            "time": "24.07.2021 15:45",
            "open": "7.235",
            "high": "7.235",
            "low": "7.235",
            "close": "7.23"
        },
        {
            "time": "24.07.2021 15:47",
            "open": "7.23",
            "high": "7.23",
            "low": "7.22",
            "close": "7.22"
        },
        {
            "time": "24.07.2021 15:48",
            "open": "7.22",
            "high": "7.22",
            "low": "7.22",
            "close": "7.215"
        },
        {
            "time": "24.07.2021 15:49",
            "open": "7.215",
            "high": "7.215",
            "low": "7.215",
            "close": "7.21"
        },
        {
            "time": "24.07.2021 15:51",
            "open": "7.21",
            "high": "7.21",
            "low": "7.21",
            "close": "7.21"
        },
        {
            "time": "24.07.2021 15:56",
            "open": "7.21",
            "high": "7.21",
            "low": "7.21",
            "close": "7.213"
        },
        {
            "time": "24.07.2021 15:57",
            "open": "7.213",
            "high": "7.259",
            "low": "7.213",
            "close": "7.235"
        },
        {
            "time": "24.07.2021 16:00",
            "open": "7.235",
            "high": "7.235",
            "low": "7.23",
            "close": "7.23"
        },
        {
            "time": "24.07.2021 16:01",
            "open": "7.23",
            "high": "7.233",
            "low": "7.23",
            "close": "7.225"
        },
        {
            "time": "24.07.2021 16:03",
            "open": "7.225",
            "high": "7.225",
            "low": "7.225",
            "close": "7.225"
        },
        {
            "time": "24.07.2021 16:04",
            "open": "7.225",
            "high": "7.225",
            "low": "7.225",
            "close": "7.22"
        },
        {
            "time": "24.07.2021 16:05",
            "open": "7.22",
            "high": "7.22",
            "low": "7.22",
            "close": "7.217"
        },
        {
            "time": "24.07.2021 16:06",
            "open": "7.217",
            "high": "7.217",
            "low": "7.217",
            "close": "7.22"
        },
        {
            "time": "24.07.2021 16:08",
            "open": "7.22",
            "high": "7.22",
            "low": "7.22",
            "close": "7.215"
        },
        {
            "time": "24.07.2021 16:09",
            "open": "7.215",
            "high": "7.215",
            "low": "7.21",
            "close": "7.205"
        },
        {
            "time": "24.07.2021 16:12",
            "open": "7.205",
            "high": "7.205",
            "low": "7.2",
            "close": "7.195"
        },
        {
            "time": "24.07.2021 16:14",
            "open": "7.195",
            "high": "7.195",
            "low": "7.19",
            "close": "7.185"
        },
        {
            "time": "24.07.2021 16:15",
            "open": "7.185",
            "high": "7.185",
            "low": "7.185",
            "close": "7.18"
        },
        {
            "time": "24.07.2021 16:16",
            "open": "7.18",
            "high": "7.18",
            "low": "7.18",
            "close": "7.188"
        },
        {
            "time": "24.07.2021 16:36",
            "open": "7.188",
            "high": "7.188",
            "low": "7.188",
            "close": "7.2"
        },
        {
            "time": "24.07.2021 16:47",
            "open": "7.2",
            "high": "7.2",
            "low": "7.2",
            "close": "7.205"
        },
        {
            "time": "24.07.2021 16:51",
            "open": "7.205",
            "high": "7.205",
            "low": "7.205",
            "close": "7.205"
        },
        {
            "time": "24.07.2021 16:56",
            "open": "7.205",
            "high": "7.205",
            "low": "7.205",
            "close": "7.205"
        },
        {
            "time": "24.07.2021 16:57",
            "open": "7.205",
            "high": "7.205",
            "low": "7.205",
            "close": "7.21"
        },
        {
            "time": "24.07.2021 17:05",
            "open": "7.21",
            "high": "7.22",
            "low": "7.21",
            "close": "7.225"
        },
        {
            "time": "24.07.2021 17:16",
            "open": "7.225",
            "high": "7.24",
            "low": "7.225",
            "close": "7.243"
        },
        {
            "time": "24.07.2021 17:18",
            "open": "7.243",
            "high": "7.243",
            "low": "7.242",
            "close": "7.244"
        },
        {
            "time": "24.07.2021 17:22",
            "open": "7.244",
            "high": "7.245",
            "low": "7.244",
            "close": "7.245"
        },
        {
            "time": "24.07.2021 17:24",
            "open": "7.245",
            "high": "7.265",
            "low": "7.245",
            "close": "7.27"
        },
        {
            "time": "24.07.2021 17:25",
            "open": "7.27",
            "high": "7.275",
            "low": "7.27",
            "close": "7.28"
        },
        {
            "time": "24.07.2021 17:26",
            "open": "7.28",
            "high": "7.28",
            "low": "7.28",
            "close": "7.278"
        },
        {
            "time": "24.07.2021 17:35",
            "open": "7.278",
            "high": "7.278",
            "low": "7.278",
            "close": "7.278"
        },
        {
            "time": "24.07.2021 17:36",
            "open": "7.278",
            "high": "7.278",
            "low": "7.278",
            "close": "7.278"
        },
        {
            "time": "24.07.2021 17:48",
            "open": "7.278",
            "high": "7.281",
            "low": "7.278",
            "close": "7.285"
        },
        {
            "time": "24.07.2021 17:49",
            "open": "7.285",
            "high": "7.285",
            "low": "7.285",
            "close": "7.265"
        },
        {
            "time": "24.07.2021 18:12",
            "open": "7.265",
            "high": "7.265",
            "low": "7.26",
            "close": "7.26"
        },
        {
            "time": "24.07.2021 18:13",
            "open": "7.26",
            "high": "7.262",
            "low": "7.26",
            "close": "7.28"
        },
        {
            "time": "24.07.2021 18:15",
            "open": "7.28",
            "high": "7.285",
            "low": "7.28",
            "close": "7.29"
        },
        {
            "time": "24.07.2021 18:18",
            "open": "7.29",
            "high": "7.31",
            "low": "7.29",
            "close": "7.311"
        },
        {
            "time": "24.07.2021 18:19",
            "open": "7.311",
            "high": "7.311",
            "low": "7.31",
            "close": "7.315"
        },
        {
            "time": "24.07.2021 18:21",
            "open": "7.315",
            "high": "7.315",
            "low": "7.315",
            "close": "7.32"
        },
        {
            "time": "24.07.2021 18:23",
            "open": "7.32",
            "high": "7.32",
            "low": "7.32",
            "close": "7.32"
        },
        {
            "time": "24.07.2021 18:24",
            "open": "7.32",
            "high": "7.325",
            "low": "7.32",
            "close": "7.33"
        },
        {
            "time": "24.07.2021 18:27",
            "open": "7.33",
            "high": "7.332",
            "low": "7.33",
            "close": "7.332"
        },
        {
            "time": "24.07.2021 18:28",
            "open": "7.332",
            "high": "7.347",
            "low": "7.332",
            "close": "7.337"
        },
        {
            "time": "24.07.2021 18:32",
            "open": "7.337",
            "high": "7.337",
            "low": "7.337",
            "close": "7.338"
        },
        {
            "time": "24.07.2021 18:38",
            "open": "7.338",
            "high": "7.338",
            "low": "7.338",
            "close": "7.339"
        },
        {
            "time": "24.07.2021 18:45",
            "open": "7.339",
            "high": "7.339",
            "low": "7.335",
            "close": "7.342"
        },
        {
            "time": "24.07.2021 18:52",
            "open": "7.342",
            "high": "7.342",
            "low": "7.342",
            "close": "7.347"
        },
        {
            "time": "24.07.2021 18:55",
            "open": "7.347",
            "high": "7.347",
            "low": "7.347",
            "close": "7.331"
        },
        {
            "time": "24.07.2021 19:01",
            "open": "7.331",
            "high": "7.331",
            "low": "7.331",
            "close": "7.325"
        },
        {
            "time": "24.07.2021 19:08",
            "open": "7.325",
            "high": "7.325",
            "low": "7.325",
            "close": "7.325"
        },
        {
            "time": "24.07.2021 19:14",
            "open": "7.325",
            "high": "7.325",
            "low": "7.325",
            "close": "7.327"
        },
        {
            "time": "24.07.2021 19:18",
            "open": "7.327",
            "high": "7.327",
            "low": "7.327",
            "close": "7.335"
        },
        {
            "time": "24.07.2021 19:23",
            "open": "7.335",
            "high": "7.336",
            "low": "7.335",
            "close": "7.323"
        },
        {
            "time": "24.07.2021 19:27",
            "open": "7.323",
            "high": "7.323",
            "low": "7.32",
            "close": "7.315"
        },
        {
            "time": "24.07.2021 19:28",
            "open": "7.315",
            "high": "7.315",
            "low": "7.3",
            "close": "7.3"
        },
        {
            "time": "24.07.2021 19:29",
            "open": "7.3",
            "high": "7.3",
            "low": "7.295",
            "close": "7.29"
        },
        {
            "time": "24.07.2021 19:30",
            "open": "7.29",
            "high": "7.29",
            "low": "7.29",
            "close": "7.31"
        },
        {
            "time": "24.07.2021 19:40",
            "open": "7.31",
            "high": "7.312",
            "low": "7.31",
            "close": "7.29"
        },
        {
            "time": "24.07.2021 19:44",
            "open": "7.29",
            "high": "7.29",
            "low": "7.28",
            "close": "7.29"
        },
        {
            "time": "24.07.2021 19:45",
            "open": "7.29",
            "high": "7.29",
            "low": "7.276",
            "close": "7.288"
        },
        {
            "time": "24.07.2021 19:49",
            "open": "7.288",
            "high": "7.288",
            "low": "7.288",
            "close": "7.275"
        },
        {
            "time": "24.07.2021 19:52",
            "open": "7.275",
            "high": "7.275",
            "low": "7.275",
            "close": "7.282"
        },
        {
            "time": "24.07.2021 20:05",
            "open": "7.282",
            "high": "7.282",
            "low": "7.282",
            "close": "7.299"
        },
        {
            "time": "24.07.2021 20:13",
            "open": "7.299",
            "high": "7.3",
            "low": "7.299",
            "close": "7.281"
        },
        {
            "time": "24.07.2021 20:23",
            "open": "7.281",
            "high": "7.281",
            "low": "7.281",
            "close": "7.295"
        },
        {
            "time": "24.07.2021 20:25",
            "open": "7.295",
            "high": "7.297",
            "low": "7.295",
            "close": "7.28"
        },
        {
            "time": "24.07.2021 20:30",
            "open": "7.28",
            "high": "7.28",
            "low": "7.276",
            "close": "7.276"
        },
        {
            "time": "24.07.2021 20:39",
            "open": "7.276",
            "high": "7.276",
            "low": "7.276",
            "close": "7.276"
        },
        {
            "time": "24.07.2021 20:40",
            "open": "7.276",
            "high": "7.276",
            "low": "7.276",
            "close": "7.275"
        },
        {
            "time": "24.07.2021 20:48",
            "open": "7.275",
            "high": "7.275",
            "low": "7.275",
            "close": "7.275"
        },
        {
            "time": "24.07.2021 20:52",
            "open": "7.275",
            "high": "7.275",
            "low": "7.275",
            "close": "7.287"
        },
        {
            "time": "24.07.2021 20:54",
            "open": "7.287",
            "high": "7.287",
            "low": "7.287",
            "close": "7.293"
        },
        {
            "time": "24.07.2021 20:55",
            "open": "7.293",
            "high": "7.293",
            "low": "7.288",
            "close": "7.287"
        },
        {
            "time": "24.07.2021 21:01",
            "open": "7.287",
            "high": "7.287",
            "low": "7.287",
            "close": "7.27"
        },
        {
            "time": "24.07.2021 21:03",
            "open": "7.27",
            "high": "7.27",
            "low": "7.27",
            "close": "7.271"
        },
        {
            "time": "24.07.2021 21:04",
            "open": "7.271",
            "high": "7.271",
            "low": "7.27",
            "close": "7.265"
        },
        {
            "time": "24.07.2021 21:05",
            "open": "7.265",
            "high": "7.265",
            "low": "7.265",
            "close": "7.267"
        },
        {
            "time": "24.07.2021 21:15",
            "open": "7.267",
            "high": "7.267",
            "low": "7.265",
            "close": "7.273"
        },
        {
            "time": "24.07.2021 21:20",
            "open": "7.273",
            "high": "7.273",
            "low": "7.273",
            "close": "7.26"
        },
        {
            "time": "24.07.2021 21:21",
            "open": "7.26",
            "high": "7.26",
            "low": "7.26",
            "close": "7.26"
        },
        {
            "time": "24.07.2021 21:22",
            "open": "7.26",
            "high": "7.26",
            "low": "7.24",
            "close": "7.24"
        },
        {
            "time": "24.07.2021 21:23",
            "open": "7.24",
            "high": "7.24",
            "low": "7.235",
            "close": "7.235"
        },
        {
            "time": "24.07.2021 21:24",
            "open": "7.235",
            "high": "7.235",
            "low": "7.23",
            "close": "7.23"
        },
        {
            "time": "24.07.2021 21:25",
            "open": "7.23",
            "high": "7.23",
            "low": "7.217",
            "close": "7.24"
        },
        {
            "time": "24.07.2021 21:34",
            "open": "7.24",
            "high": "7.252",
            "low": "7.24",
            "close": "7.23"
        },
        {
            "time": "24.07.2021 21:45",
            "open": "7.23",
            "high": "7.23",
            "low": "7.22",
            "close": "7.22"
        },
        {
            "time": "24.07.2021 21:46",
            "open": "7.22",
            "high": "7.22",
            "low": "7.202",
            "close": "7.202"
        },
        {
            "time": "24.07.2021 21:47",
            "open": "7.202",
            "high": "7.202",
            "low": "7.195",
            "close": "7.195"
        },
        {
            "time": "24.07.2021 21:48",
            "open": "7.195",
            "high": "7.195",
            "low": "7.195",
            "close": "7.19"
        },
        {
            "time": "24.07.2021 21:49",
            "open": "7.19",
            "high": "7.19",
            "low": "7.172",
            "close": "7.195"
        },
        {
            "time": "24.07.2021 21:55",
            "open": "7.195",
            "high": "7.195",
            "low": "7.195",
            "close": "7.177"
        },
        {
            "time": "24.07.2021 21:58",
            "open": "7.177",
            "high": "7.178",
            "low": "7.155",
            "close": "7.173"
        },
        {
            "time": "24.07.2021 22:05",
            "open": "7.173",
            "high": "7.173",
            "low": "7.167",
            "close": "7.155"
        },
        {
            "time": "24.07.2021 22:17",
            "open": "7.155",
            "high": "7.155",
            "low": "7.145",
            "close": "7.145"
        },
        {
            "time": "24.07.2021 22:18",
            "open": "7.145",
            "high": "7.145",
            "low": "7.14",
            "close": "7.136"
        },
        {
            "time": "24.07.2021 22:19",
            "open": "7.136",
            "high": "7.136",
            "low": "7.135",
            "close": "7.13"
        },
        {
            "time": "24.07.2021 22:21",
            "open": "7.13",
            "high": "7.13",
            "low": "7.1",
            "close": "7.1"
        },
        {
            "time": "24.07.2021 22:22",
            "open": "7.1",
            "high": "7.1",
            "low": "7.095",
            "close": "7.09"
        },
        {
            "time": "24.07.2021 22:23",
            "open": "7.09",
            "high": "7.09",
            "low": "7.081",
            "close": "7.081"
        },
        {
            "time": "24.07.2021 22:24",
            "open": "7.081",
            "high": "7.081",
            "low": "7.077",
            "close": "7.075"
        },
        {
            "time": "24.07.2021 22:25",
            "open": "7.075",
            "high": "7.077",
            "low": "7.07",
            "close": "7.065"
        },
        {
            "time": "24.07.2021 22:27",
            "open": "7.065",
            "high": "7.067",
            "low": "7.06",
            "close": "7.073"
        },
        {
            "time": "24.07.2021 22:28",
            "open": "7.073",
            "high": "7.073",
            "low": "7.073",
            "close": "7.09"
        },
        {
            "time": "24.07.2021 22:31",
            "open": "7.09",
            "high": "7.09",
            "low": "7.09",
            "close": "7.095"
        },
        {
            "time": "24.07.2021 22:32",
            "open": "7.095",
            "high": "7.095",
            "low": "7.095",
            "close": "7.1"
        },
        {
            "time": "24.07.2021 22:34",
            "open": "7.1",
            "high": "7.105",
            "low": "7.1",
            "close": "7.091"
        },
        {
            "time": "24.07.2021 22:38",
            "open": "7.091",
            "high": "7.091",
            "low": "7.085",
            "close": "7.085"
        },
        {
            "time": "24.07.2021 22:39",
            "open": "7.085",
            "high": "7.085",
            "low": "7.071",
            "close": "7.084"
        },
        {
            "time": "24.07.2021 22:42",
            "open": "7.084",
            "high": "7.084",
            "low": "7.084",
            "close": "7.07"
        },
        {
            "time": "24.07.2021 22:43",
            "open": "7.07",
            "high": "7.07",
            "low": "7.068",
            "close": "7.09"
        },
        {
            "time": "24.07.2021 22:45",
            "open": "7.09",
            "high": "7.09",
            "low": "7.09",
            "close": "7.09"
        },
        {
            "time": "24.07.2021 22:46",
            "open": "7.09",
            "high": "7.094",
            "low": "7.09",
            "close": "7.085"
        },
        {
            "time": "24.07.2021 22:55",
            "open": "7.085",
            "high": "7.095",
            "low": "7.081",
            "close": "7.092"
        },
        {
            "time": "24.07.2021 23:00",
            "open": "7.092",
            "high": "7.092",
            "low": "7.07",
            "close": "7.07"
        },
        {
            "time": "24.07.2021 23:01",
            "open": "7.07",
            "high": "7.07",
            "low": "7.07",
            "close": "7.09"
        },
        {
            "time": "24.07.2021 23:04",
            "open": "7.09",
            "high": "7.095",
            "low": "7.09",
            "close": "7.094"
        },
        {
            "time": "24.07.2021 23:07",
            "open": "7.094",
            "high": "7.094",
            "low": "7.094",
            "close": "7.1"
        },
        {
            "time": "24.07.2021 23:11",
            "open": "7.1",
            "high": "7.1",
            "low": "7.1",
            "close": "7.097"
        },
        {
            "time": "24.07.2021 23:16",
            "open": "7.097",
            "high": "7.097",
            "low": "7.097",
            "close": "7.1"
        },
        {
            "time": "24.07.2021 23:27",
            "open": "7.1",
            "high": "7.101",
            "low": "7.1",
            "close": "7.101"
        },
        {
            "time": "24.07.2021 23:45",
            "open": "7.101",
            "high": "7.105",
            "low": "7.101",
            "close": "7.11"
        },
        {
            "time": "24.07.2021 23:46",
            "open": "7.11",
            "high": "7.12",
            "low": "7.11",
            "close": "7.125"
        }
    ]
}