{
    "UMA-EUR": [
        {
            "time": "19.06.2021 23:55",
            "open": "9.119",
            "high": "9.119",
            "low": "9.11",
            "close": "9.094"
        },
        {
            "time": "20.06.2021 00:08",
            "open": "9.094",
            "high": "9.094",
            "low": "9.094",
            "close": "9.065"
        },
        {
            "time": "20.06.2021 00:10",
            "open": "9.065",
            "high": "9.065",
            "low": "9.065",
            "close": "9.076"
        },
        {
            "time": "20.06.2021 00:12",
            "open": "9.076",
            "high": "9.087",
            "low": "9.076",
            "close": "9.072"
        },
        {
            "time": "20.06.2021 00:19",
            "open": "9.072",
            "high": "9.072",
            "low": "9.072",
            "close": "9.068"
        },
        {
            "time": "20.06.2021 00:25",
            "open": "9.068",
            "high": "9.068",
            "low": "9.068",
            "close": "9.062"
        },
        {
            "time": "20.06.2021 00:33",
            "open": "9.062",
            "high": "9.063",
            "low": "9.062",
            "close": "9.081"
        },
        {
            "time": "20.06.2021 00:34",
            "open": "9.081",
            "high": "9.081",
            "low": "9.081",
            "close": "9.073"
        },
        {
            "time": "20.06.2021 00:43",
            "open": "9.073",
            "high": "9.073",
            "low": "9.073",
            "close": "9.073"
        },
        {
            "time": "20.06.2021 00:52",
            "open": "9.073",
            "high": "9.073",
            "low": "9.073",
            "close": "9.072"
        },
        {
            "time": "20.06.2021 00:54",
            "open": "9.072",
            "high": "9.078",
            "low": "9.072",
            "close": "9.068"
        },
        {
            "time": "20.06.2021 01:08",
            "open": "9.068",
            "high": "9.068",
            "low": "9.068",
            "close": "9.082"
        },
        {
            "time": "20.06.2021 01:15",
            "open": "9.082",
            "high": "9.119",
            "low": "9.082",
            "close": "9.067"
        },
        {
            "time": "20.06.2021 01:31",
            "open": "9.067",
            "high": "9.067",
            "low": "9.065",
            "close": "9.063"
        },
        {
            "time": "20.06.2021 01:32",
            "open": "9.063",
            "high": "9.07",
            "low": "9.063",
            "close": "9.085"
        },
        {
            "time": "20.06.2021 01:38",
            "open": "9.085",
            "high": "9.085",
            "low": "9.085",
            "close": "9.075"
        },
        {
            "time": "20.06.2021 01:39",
            "open": "9.075",
            "high": "9.075",
            "low": "9.068",
            "close": "9.066"
        },
        {
            "time": "20.06.2021 01:40",
            "open": "9.066",
            "high": "9.084",
            "low": "9.066",
            "close": "9.048"
        },
        {
            "time": "20.06.2021 01:46",
            "open": "9.048",
            "high": "9.06",
            "low": "9.033",
            "close": "9.067"
        },
        {
            "time": "20.06.2021 01:51",
            "open": "9.067",
            "high": "9.067",
            "low": "9.067",
            "close": "9.036"
        },
        {
            "time": "20.06.2021 02:02",
            "open": "9.036",
            "high": "9.036",
            "low": "9.034",
            "close": "9.046"
        },
        {
            "time": "20.06.2021 02:03",
            "open": "9.046",
            "high": "9.056",
            "low": "9.046",
            "close": "9.035"
        },
        {
            "time": "20.06.2021 02:05",
            "open": "9.035",
            "high": "9.035",
            "low": "9.035",
            "close": "9.018"
        },
        {
            "time": "20.06.2021 02:06",
            "open": "9.018",
            "high": "9.018",
            "low": "9.016",
            "close": "9.002"
        },
        {
            "time": "20.06.2021 02:07",
            "open": "9.002",
            "high": "9.002",
            "low": "9.001",
            "close": "9.009"
        },
        {
            "time": "20.06.2021 02:09",
            "open": "9.009",
            "high": "9.009",
            "low": "9.002",
            "close": "9.002"
        },
        {
            "time": "20.06.2021 02:10",
            "open": "9.002",
            "high": "9.006",
            "low": "9.001",
            "close": "8.993"
        },
        {
            "time": "20.06.2021 02:13",
            "open": "8.993",
            "high": "8.993",
            "low": "8.993",
            "close": "9.007"
        },
        {
            "time": "20.06.2021 02:14",
            "open": "9.007",
            "high": "9.008",
            "low": "9.007",
            "close": "8.975"
        },
        {
            "time": "20.06.2021 02:16",
            "open": "8.975",
            "high": "8.975",
            "low": "8.961",
            "close": "8.939"
        },
        {
            "time": "20.06.2021 02:25",
            "open": "8.939",
            "high": "8.939",
            "low": "8.939",
            "close": "8.957"
        },
        {
            "time": "20.06.2021 02:29",
            "open": "8.957",
            "high": "8.957",
            "low": "8.957",
            "close": "8.955"
        },
        {
            "time": "20.06.2021 02:34",
            "open": "8.955",
            "high": "8.955",
            "low": "8.955",
            "close": "8.934"
        },
        {
            "time": "20.06.2021 02:36",
            "open": "8.934",
            "high": "8.934",
            "low": "8.911",
            "close": "8.912"
        },
        {
            "time": "20.06.2021 02:37",
            "open": "8.912",
            "high": "8.916",
            "low": "8.832",
            "close": "8.828"
        },
        {
            "time": "20.06.2021 02:38",
            "open": "8.828",
            "high": "8.862",
            "low": "8.817",
            "close": "8.853"
        },
        {
            "time": "20.06.2021 02:39",
            "open": "8.853",
            "high": "8.871",
            "low": "8.813",
            "close": "8.852"
        },
        {
            "time": "20.06.2021 02:40",
            "open": "8.852",
            "high": "8.852",
            "low": "8.841",
            "close": "8.835"
        },
        {
            "time": "20.06.2021 02:41",
            "open": "8.835",
            "high": "8.835",
            "low": "8.835",
            "close": "8.825"
        },
        {
            "time": "20.06.2021 02:44",
            "open": "8.825",
            "high": "8.825",
            "low": "8.81",
            "close": "8.815"
        },
        {
            "time": "20.06.2021 02:45",
            "open": "8.815",
            "high": "8.815",
            "low": "8.813",
            "close": "8.803"
        },
        {
            "time": "20.06.2021 02:46",
            "open": "8.803",
            "high": "8.808",
            "low": "8.802",
            "close": "8.802"
        },
        {
            "time": "20.06.2021 02:47",
            "open": "8.802",
            "high": "8.811",
            "low": "8.8",
            "close": "8.813"
        },
        {
            "time": "20.06.2021 02:48",
            "open": "8.813",
            "high": "8.819",
            "low": "8.813",
            "close": "8.827"
        },
        {
            "time": "20.06.2021 02:50",
            "open": "8.827",
            "high": "8.831",
            "low": "8.827",
            "close": "8.819"
        },
        {
            "time": "20.06.2021 02:51",
            "open": "8.819",
            "high": "8.831",
            "low": "8.819",
            "close": "8.809"
        },
        {
            "time": "20.06.2021 02:55",
            "open": "8.809",
            "high": "8.809",
            "low": "8.803",
            "close": "8.796"
        },
        {
            "time": "20.06.2021 02:57",
            "open": "8.796",
            "high": "8.796",
            "low": "8.787",
            "close": "8.82"
        },
        {
            "time": "20.06.2021 02:59",
            "open": "8.82",
            "high": "8.835",
            "low": "8.82",
            "close": "8.811"
        },
        {
            "time": "20.06.2021 03:00",
            "open": "8.811",
            "high": "8.811",
            "low": "8.806",
            "close": "8.825"
        },
        {
            "time": "20.06.2021 03:02",
            "open": "8.825",
            "high": "8.825",
            "low": "8.825",
            "close": "8.854"
        },
        {
            "time": "20.06.2021 03:04",
            "open": "8.854",
            "high": "8.854",
            "low": "8.854",
            "close": "8.869"
        },
        {
            "time": "20.06.2021 03:06",
            "open": "8.869",
            "high": "8.869",
            "low": "8.869",
            "close": "8.87"
        },
        {
            "time": "20.06.2021 03:07",
            "open": "8.87",
            "high": "8.87",
            "low": "8.87",
            "close": "8.865"
        },
        {
            "time": "20.06.2021 03:10",
            "open": "8.865",
            "high": "8.878",
            "low": "8.865",
            "close": "8.826"
        },
        {
            "time": "20.06.2021 03:19",
            "open": "8.826",
            "high": "8.827",
            "low": "8.811",
            "close": "8.824"
        },
        {
            "time": "20.06.2021 03:20",
            "open": "8.824",
            "high": "8.824",
            "low": "8.824",
            "close": "8.837"
        },
        {
            "time": "20.06.2021 03:21",
            "open": "8.837",
            "high": "8.837",
            "low": "8.837",
            "close": "8.867"
        },
        {
            "time": "20.06.2021 03:24",
            "open": "8.867",
            "high": "8.884",
            "low": "8.867",
            "close": "8.874"
        },
        {
            "time": "20.06.2021 03:26",
            "open": "8.874",
            "high": "8.874",
            "low": "8.851",
            "close": "8.872"
        },
        {
            "time": "20.06.2021 03:27",
            "open": "8.872",
            "high": "8.891",
            "low": "8.872",
            "close": "8.86"
        },
        {
            "time": "20.06.2021 03:29",
            "open": "8.86",
            "high": "8.878",
            "low": "8.847",
            "close": "8.867"
        },
        {
            "time": "20.06.2021 03:31",
            "open": "8.867",
            "high": "8.867",
            "low": "8.867",
            "close": "8.877"
        },
        {
            "time": "20.06.2021 03:36",
            "open": "8.877",
            "high": "8.896",
            "low": "8.877",
            "close": "8.859"
        },
        {
            "time": "20.06.2021 03:51",
            "open": "8.859",
            "high": "8.859",
            "low": "8.859",
            "close": "8.863"
        },
        {
            "time": "20.06.2021 03:58",
            "open": "8.863",
            "high": "8.863",
            "low": "8.863",
            "close": "8.856"
        },
        {
            "time": "20.06.2021 04:03",
            "open": "8.862",
            "high": "8.862",
            "low": "8.862",
            "close": "8.791"
        },
        {
            "time": "20.06.2021 04:16",
            "open": "8.791",
            "high": "8.791",
            "low": "8.791",
            "close": "8.785"
        },
        {
            "time": "20.06.2021 04:17",
            "open": "8.785",
            "high": "8.785",
            "low": "8.759",
            "close": "8.78"
        },
        {
            "time": "20.06.2021 04:18",
            "open": "8.78",
            "high": "8.782",
            "low": "8.78",
            "close": "8.763"
        },
        {
            "time": "20.06.2021 04:20",
            "open": "8.763",
            "high": "8.773",
            "low": "8.763",
            "close": "8.773"
        },
        {
            "time": "20.06.2021 04:21",
            "open": "8.773",
            "high": "8.773",
            "low": "8.773",
            "close": "8.776"
        },
        {
            "time": "20.06.2021 04:22",
            "open": "8.776",
            "high": "8.78",
            "low": "8.776",
            "close": "8.758"
        },
        {
            "time": "20.06.2021 04:25",
            "open": "8.758",
            "high": "8.758",
            "low": "8.758",
            "close": "8.752"
        },
        {
            "time": "20.06.2021 04:26",
            "open": "8.752",
            "high": "8.752",
            "low": "8.75",
            "close": "8.748"
        },
        {
            "time": "20.06.2021 04:29",
            "open": "8.748",
            "high": "8.748",
            "low": "8.746",
            "close": "8.745"
        },
        {
            "time": "20.06.2021 04:30",
            "open": "8.745",
            "high": "8.758",
            "low": "8.745",
            "close": "8.755"
        },
        {
            "time": "20.06.2021 04:31",
            "open": "8.755",
            "high": "8.781",
            "low": "8.755",
            "close": "8.766"
        },
        {
            "time": "20.06.2021 04:32",
            "open": "8.766",
            "high": "8.766",
            "low": "8.766",
            "close": "8.768"
        },
        {
            "time": "20.06.2021 04:34",
            "open": "8.768",
            "high": "8.768",
            "low": "8.768",
            "close": "8.786"
        },
        {
            "time": "20.06.2021 04:36",
            "open": "8.786",
            "high": "8.786",
            "low": "8.786",
            "close": "8.796"
        },
        {
            "time": "20.06.2021 04:38",
            "open": "8.796",
            "high": "8.798",
            "low": "8.796",
            "close": "8.773"
        },
        {
            "time": "20.06.2021 04:41",
            "open": "8.773",
            "high": "8.773",
            "low": "8.773",
            "close": "8.818"
        },
        {
            "time": "20.06.2021 04:51",
            "open": "8.818",
            "high": "8.818",
            "low": "8.818",
            "close": "8.828"
        },
        {
            "time": "20.06.2021 04:54",
            "open": "8.828",
            "high": "8.834",
            "low": "8.828",
            "close": "8.821"
        },
        {
            "time": "20.06.2021 04:55",
            "open": "8.821",
            "high": "8.821",
            "low": "8.821",
            "close": "8.807"
        },
        {
            "time": "20.06.2021 05:00",
            "open": "8.807",
            "high": "8.807",
            "low": "8.807",
            "close": "8.788"
        },
        {
            "time": "20.06.2021 05:01",
            "open": "8.788",
            "high": "8.788",
            "low": "8.775",
            "close": "8.803"
        },
        {
            "time": "20.06.2021 05:05",
            "open": "8.803",
            "high": "8.811",
            "low": "8.803",
            "close": "8.844"
        },
        {
            "time": "20.06.2021 05:06",
            "open": "8.844",
            "high": "8.844",
            "low": "8.844",
            "close": "8.866"
        },
        {
            "time": "20.06.2021 05:08",
            "open": "8.866",
            "high": "8.866",
            "low": "8.866",
            "close": "8.843"
        },
        {
            "time": "20.06.2021 05:10",
            "open": "8.843",
            "high": "8.843",
            "low": "8.843",
            "close": "8.83"
        },
        {
            "time": "20.06.2021 05:15",
            "open": "8.83",
            "high": "8.83",
            "low": "8.785",
            "close": "8.804"
        },
        {
            "time": "20.06.2021 05:16",
            "open": "8.804",
            "high": "8.804",
            "low": "8.801",
            "close": "8.797"
        },
        {
            "time": "20.06.2021 05:21",
            "open": "8.797",
            "high": "8.805",
            "low": "8.797",
            "close": "8.837"
        },
        {
            "time": "20.06.2021 05:24",
            "open": "8.837",
            "high": "8.837",
            "low": "8.837",
            "close": "8.81"
        },
        {
            "time": "20.06.2021 05:31",
            "open": "8.81",
            "high": "8.81",
            "low": "8.794",
            "close": "8.867"
        },
        {
            "time": "20.06.2021 05:45",
            "open": "8.867",
            "high": "8.867",
            "low": "8.867",
            "close": "8.862"
        },
        {
            "time": "20.06.2021 05:51",
            "open": "8.862",
            "high": "8.862",
            "low": "8.858",
            "close": "8.84"
        },
        {
            "time": "20.06.2021 05:55",
            "open": "8.84",
            "high": "8.84",
            "low": "8.84",
            "close": "8.879"
        },
        {
            "time": "20.06.2021 06:18",
            "open": "8.879",
            "high": "8.886",
            "low": "8.879",
            "close": "8.878"
        },
        {
            "time": "20.06.2021 06:27",
            "open": "8.878",
            "high": "8.878",
            "low": "8.878",
            "close": "8.882"
        },
        {
            "time": "20.06.2021 06:33",
            "open": "8.882",
            "high": "8.887",
            "low": "8.882",
            "close": "8.898"
        },
        {
            "time": "20.06.2021 06:35",
            "open": "8.898",
            "high": "8.906",
            "low": "8.898",
            "close": "8.908"
        },
        {
            "time": "20.06.2021 06:36",
            "open": "8.908",
            "high": "8.908",
            "low": "8.908",
            "close": "8.896"
        },
        {
            "time": "20.06.2021 06:39",
            "open": "8.896",
            "high": "8.898",
            "low": "8.896",
            "close": "8.907"
        },
        {
            "time": "20.06.2021 06:40",
            "open": "8.907",
            "high": "8.915",
            "low": "8.907",
            "close": "8.909"
        },
        {
            "time": "20.06.2021 06:41",
            "open": "8.909",
            "high": "8.915",
            "low": "8.909",
            "close": "8.917"
        },
        {
            "time": "20.06.2021 06:42",
            "open": "8.917",
            "high": "8.923",
            "low": "8.917",
            "close": "8.919"
        },
        {
            "time": "20.06.2021 06:43",
            "open": "8.919",
            "high": "8.919",
            "low": "8.916",
            "close": "8.884"
        },
        {
            "time": "20.06.2021 06:47",
            "open": "8.884",
            "high": "8.901",
            "low": "8.884",
            "close": "8.91"
        },
        {
            "time": "20.06.2021 06:49",
            "open": "8.91",
            "high": "8.91",
            "low": "8.91",
            "close": "8.909"
        },
        {
            "time": "20.06.2021 06:50",
            "open": "8.909",
            "high": "8.909",
            "low": "8.909",
            "close": "8.929"
        },
        {
            "time": "20.06.2021 07:07",
            "open": "8.929",
            "high": "8.933",
            "low": "8.929",
            "close": "8.925"
        },
        {
            "time": "20.06.2021 07:09",
            "open": "8.925",
            "high": "8.925",
            "low": "8.918",
            "close": "8.915"
        },
        {
            "time": "20.06.2021 07:15",
            "open": "8.915",
            "high": "8.915",
            "low": "8.909",
            "close": "8.93"
        },
        {
            "time": "20.06.2021 07:22",
            "open": "8.93",
            "high": "8.968",
            "low": "8.93",
            "close": "8.938"
        },
        {
            "time": "20.06.2021 07:24",
            "open": "8.938",
            "high": "8.938",
            "low": "8.938",
            "close": "8.916"
        },
        {
            "time": "20.06.2021 07:31",
            "open": "8.916",
            "high": "8.916",
            "low": "8.902",
            "close": "8.917"
        },
        {
            "time": "20.06.2021 07:32",
            "open": "8.917",
            "high": "8.928",
            "low": "8.916",
            "close": "8.922"
        },
        {
            "time": "20.06.2021 07:35",
            "open": "8.922",
            "high": "8.922",
            "low": "8.922",
            "close": "8.936"
        },
        {
            "time": "20.06.2021 07:38",
            "open": "8.936",
            "high": "8.936",
            "low": "8.936",
            "close": "8.93"
        },
        {
            "time": "20.06.2021 07:50",
            "open": "8.93",
            "high": "8.93",
            "low": "8.916",
            "close": "8.923"
        },
        {
            "time": "20.06.2021 07:54",
            "open": "8.923",
            "high": "8.924",
            "low": "8.923",
            "close": "8.935"
        },
        {
            "time": "20.06.2021 07:55",
            "open": "8.935",
            "high": "8.935",
            "low": "8.935",
            "close": "8.926"
        },
        {
            "time": "20.06.2021 07:57",
            "open": "8.926",
            "high": "8.926",
            "low": "8.926",
            "close": "8.896"
        },
        {
            "time": "20.06.2021 08:01",
            "open": "8.896",
            "high": "8.896",
            "low": "8.896",
            "close": "8.917"
        },
        {
            "time": "20.06.2021 08:02",
            "open": "8.917",
            "high": "8.917",
            "low": "8.917",
            "close": "8.917"
        },
        {
            "time": "20.06.2021 08:08",
            "open": "8.917",
            "high": "8.917",
            "low": "8.917",
            "close": "8.911"
        },
        {
            "time": "20.06.2021 08:16",
            "open": "8.911",
            "high": "8.911",
            "low": "8.911",
            "close": "8.901"
        },
        {
            "time": "20.06.2021 08:20",
            "open": "8.901",
            "high": "8.902",
            "low": "8.901",
            "close": "8.899"
        },
        {
            "time": "20.06.2021 08:21",
            "open": "8.899",
            "high": "8.901",
            "low": "8.899",
            "close": "8.9"
        },
        {
            "time": "20.06.2021 08:22",
            "open": "8.9",
            "high": "8.9",
            "low": "8.9",
            "close": "8.899"
        },
        {
            "time": "20.06.2021 08:24",
            "open": "8.899",
            "high": "8.899",
            "low": "8.899",
            "close": "8.9"
        },
        {
            "time": "20.06.2021 08:25",
            "open": "8.9",
            "high": "8.9",
            "low": "8.9",
            "close": "8.899"
        },
        {
            "time": "20.06.2021 08:26",
            "open": "8.899",
            "high": "8.899",
            "low": "8.899",
            "close": "8.9"
        },
        {
            "time": "20.06.2021 08:28",
            "open": "8.9",
            "high": "8.933",
            "low": "8.9",
            "close": "8.933"
        },
        {
            "time": "20.06.2021 08:32",
            "open": "8.933",
            "high": "8.933",
            "low": "8.926",
            "close": "8.914"
        },
        {
            "time": "20.06.2021 08:33",
            "open": "8.914",
            "high": "8.914",
            "low": "8.914",
            "close": "8.936"
        },
        {
            "time": "20.06.2021 08:36",
            "open": "8.936",
            "high": "8.936",
            "low": "8.936",
            "close": "8.936"
        },
        {
            "time": "20.06.2021 08:37",
            "open": "8.936",
            "high": "8.936",
            "low": "8.936",
            "close": "8.944"
        },
        {
            "time": "20.06.2021 08:43",
            "open": "8.944",
            "high": "8.944",
            "low": "8.93",
            "close": "8.909"
        },
        {
            "time": "20.06.2021 08:50",
            "open": "8.909",
            "high": "8.919",
            "low": "8.909",
            "close": "8.913"
        },
        {
            "time": "20.06.2021 08:58",
            "open": "8.913",
            "high": "8.913",
            "low": "8.9",
            "close": "8.928"
        },
        {
            "time": "20.06.2021 09:00",
            "open": "8.928",
            "high": "8.928",
            "low": "8.928",
            "close": "8.922"
        },
        {
            "time": "20.06.2021 09:12",
            "open": "8.922",
            "high": "8.926",
            "low": "8.922",
            "close": "8.901"
        },
        {
            "time": "20.06.2021 09:20",
            "open": "8.901",
            "high": "8.901",
            "low": "8.886",
            "close": "8.887"
        },
        {
            "time": "20.06.2021 09:22",
            "open": "8.887",
            "high": "8.887",
            "low": "8.887",
            "close": "8.917"
        },
        {
            "time": "20.06.2021 09:35",
            "open": "8.917",
            "high": "8.928",
            "low": "8.917",
            "close": "8.919"
        },
        {
            "time": "20.06.2021 09:47",
            "open": "8.919",
            "high": "8.919",
            "low": "8.919",
            "close": "8.946"
        },
        {
            "time": "20.06.2021 09:49",
            "open": "8.946",
            "high": "8.954",
            "low": "8.946",
            "close": "8.942"
        },
        {
            "time": "20.06.2021 10:01",
            "open": "8.942",
            "high": "8.942",
            "low": "8.915",
            "close": "8.901"
        },
        {
            "time": "20.06.2021 10:05",
            "open": "8.901",
            "high": "8.901",
            "low": "8.894",
            "close": "8.912"
        },
        {
            "time": "20.06.2021 10:06",
            "open": "8.912",
            "high": "8.929",
            "low": "8.912",
            "close": "8.924"
        },
        {
            "time": "20.06.2021 10:09",
            "open": "8.924",
            "high": "8.924",
            "low": "8.921",
            "close": "8.922"
        },
        {
            "time": "20.06.2021 10:14",
            "open": "8.922",
            "high": "8.922",
            "low": "8.916",
            "close": "8.881"
        },
        {
            "time": "20.06.2021 10:24",
            "open": "8.881",
            "high": "8.912",
            "low": "8.88",
            "close": "8.894"
        },
        {
            "time": "20.06.2021 10:33",
            "open": "8.894",
            "high": "8.894",
            "low": "8.882",
            "close": "8.831"
        },
        {
            "time": "20.06.2021 10:40",
            "open": "8.831",
            "high": "8.831",
            "low": "8.831",
            "close": "8.826"
        },
        {
            "time": "20.06.2021 10:42",
            "open": "8.826",
            "high": "8.826",
            "low": "8.826",
            "close": "8.835"
        },
        {
            "time": "20.06.2021 10:43",
            "open": "8.835",
            "high": "8.849",
            "low": "8.835",
            "close": "8.836"
        },
        {
            "time": "20.06.2021 10:45",
            "open": "8.836",
            "high": "8.836",
            "low": "8.836",
            "close": "8.828"
        },
        {
            "time": "20.06.2021 10:47",
            "open": "8.828",
            "high": "8.828",
            "low": "8.828",
            "close": "8.834"
        },
        {
            "time": "20.06.2021 10:48",
            "open": "8.834",
            "high": "8.834",
            "low": "8.821",
            "close": "8.817"
        },
        {
            "time": "20.06.2021 10:58",
            "open": "8.817",
            "high": "8.817",
            "low": "8.817",
            "close": "8.8"
        },
        {
            "time": "20.06.2021 11:06",
            "open": "8.8",
            "high": "8.806",
            "low": "8.795",
            "close": "8.776"
        },
        {
            "time": "20.06.2021 11:08",
            "open": "8.776",
            "high": "8.776",
            "low": "8.774",
            "close": "8.763"
        },
        {
            "time": "20.06.2021 11:09",
            "open": "8.763",
            "high": "8.763",
            "low": "8.763",
            "close": "8.786"
        },
        {
            "time": "20.06.2021 11:12",
            "open": "8.786",
            "high": "8.786",
            "low": "8.786",
            "close": "8.78"
        },
        {
            "time": "20.06.2021 11:25",
            "open": "8.78",
            "high": "8.78",
            "low": "8.779",
            "close": "8.792"
        },
        {
            "time": "20.06.2021 11:26",
            "open": "8.792",
            "high": "8.792",
            "low": "8.792",
            "close": "8.808"
        },
        {
            "time": "20.06.2021 11:28",
            "open": "8.808",
            "high": "8.808",
            "low": "8.808",
            "close": "8.811"
        },
        {
            "time": "20.06.2021 11:29",
            "open": "8.811",
            "high": "8.811",
            "low": "8.811",
            "close": "8.79"
        },
        {
            "time": "20.06.2021 11:30",
            "open": "8.79",
            "high": "8.791",
            "low": "8.79",
            "close": "8.785"
        },
        {
            "time": "20.06.2021 11:31",
            "open": "8.785",
            "high": "8.785",
            "low": "8.785",
            "close": "8.817"
        },
        {
            "time": "20.06.2021 11:32",
            "open": "8.817",
            "high": "8.818",
            "low": "8.817",
            "close": "8.832"
        },
        {
            "time": "20.06.2021 11:33",
            "open": "8.832",
            "high": "8.832",
            "low": "8.828",
            "close": "8.806"
        },
        {
            "time": "20.06.2021 11:38",
            "open": "8.806",
            "high": "8.806",
            "low": "8.806",
            "close": "8.801"
        },
        {
            "time": "20.06.2021 11:40",
            "open": "8.801",
            "high": "8.801",
            "low": "8.801",
            "close": "8.763"
        },
        {
            "time": "20.06.2021 11:51",
            "open": "8.763",
            "high": "8.763",
            "low": "8.752",
            "close": "8.74"
        },
        {
            "time": "20.06.2021 11:52",
            "open": "8.74",
            "high": "8.767",
            "low": "8.725",
            "close": "8.728"
        },
        {
            "time": "20.06.2021 11:53",
            "open": "8.728",
            "high": "8.728",
            "low": "8.728",
            "close": "8.724"
        },
        {
            "time": "20.06.2021 11:54",
            "open": "8.724",
            "high": "8.74",
            "low": "8.724",
            "close": "8.721"
        },
        {
            "time": "20.06.2021 11:55",
            "open": "8.721",
            "high": "8.721",
            "low": "8.721",
            "close": "8.736"
        },
        {
            "time": "20.06.2021 11:57",
            "open": "8.736",
            "high": "8.736",
            "low": "8.736",
            "close": "8.746"
        },
        {
            "time": "20.06.2021 11:58",
            "open": "8.746",
            "high": "8.746",
            "low": "8.73",
            "close": "8.7"
        },
        {
            "time": "20.06.2021 12:03",
            "open": "8.7",
            "high": "8.701",
            "low": "8.689",
            "close": "8.676"
        },
        {
            "time": "20.06.2021 12:04",
            "open": "8.676",
            "high": "8.676",
            "low": "8.676",
            "close": "8.672"
        },
        {
            "time": "20.06.2021 12:05",
            "open": "8.672",
            "high": "8.672",
            "low": "8.6",
            "close": "8.648"
        },
        {
            "time": "20.06.2021 12:06",
            "open": "8.648",
            "high": "8.658",
            "low": "8.648",
            "close": "8.648"
        },
        {
            "time": "20.06.2021 12:07",
            "open": "8.648",
            "high": "8.648",
            "low": "8.648",
            "close": "8.654"
        },
        {
            "time": "20.06.2021 12:08",
            "open": "8.654",
            "high": "8.654",
            "low": "8.654",
            "close": "8.658"
        },
        {
            "time": "20.06.2021 12:09",
            "open": "8.658",
            "high": "8.658",
            "low": "8.639",
            "close": "8.637"
        },
        {
            "time": "20.06.2021 12:10",
            "open": "8.637",
            "high": "8.637",
            "low": "8.628",
            "close": "8.6"
        },
        {
            "time": "20.06.2021 12:11",
            "open": "8.6",
            "high": "8.6",
            "low": "8.6",
            "close": "8.57"
        },
        {
            "time": "20.06.2021 12:15",
            "open": "8.57",
            "high": "8.581",
            "low": "8.553",
            "close": "8.565"
        },
        {
            "time": "20.06.2021 12:16",
            "open": "8.565",
            "high": "8.578",
            "low": "8.565",
            "close": "8.597"
        },
        {
            "time": "20.06.2021 12:17",
            "open": "8.597",
            "high": "8.601",
            "low": "8.597",
            "close": "8.578"
        },
        {
            "time": "20.06.2021 12:20",
            "open": "8.578",
            "high": "8.578",
            "low": "8.576",
            "close": "8.574"
        },
        {
            "time": "20.06.2021 12:21",
            "open": "8.574",
            "high": "8.574",
            "low": "8.571",
            "close": "8.551"
        },
        {
            "time": "20.06.2021 12:24",
            "open": "8.551",
            "high": "8.555",
            "low": "8.55",
            "close": "8.544"
        },
        {
            "time": "20.06.2021 12:25",
            "open": "8.544",
            "high": "8.544",
            "low": "8.538",
            "close": "8.506"
        },
        {
            "time": "20.06.2021 12:26",
            "open": "8.506",
            "high": "8.522",
            "low": "8.5",
            "close": "8.539"
        },
        {
            "time": "20.06.2021 12:27",
            "open": "8.539",
            "high": "8.539",
            "low": "8.539",
            "close": "8.526"
        },
        {
            "time": "20.06.2021 12:28",
            "open": "8.526",
            "high": "8.53",
            "low": "8.526",
            "close": "8.516"
        },
        {
            "time": "20.06.2021 12:30",
            "open": "8.516",
            "high": "8.551",
            "low": "8.516",
            "close": "8.545"
        },
        {
            "time": "20.06.2021 12:31",
            "open": "8.545",
            "high": "8.545",
            "low": "8.545",
            "close": "8.507"
        },
        {
            "time": "20.06.2021 12:32",
            "open": "8.507",
            "high": "8.507",
            "low": "8.5",
            "close": "8.5"
        },
        {
            "time": "20.06.2021 12:33",
            "open": "8.5",
            "high": "8.502",
            "low": "8.5",
            "close": "8.525"
        },
        {
            "time": "20.06.2021 12:34",
            "open": "8.525",
            "high": "8.551",
            "low": "8.525",
            "close": "8.54"
        },
        {
            "time": "20.06.2021 12:36",
            "open": "8.54",
            "high": "8.54",
            "low": "8.509",
            "close": "8.533"
        },
        {
            "time": "20.06.2021 12:37",
            "open": "8.533",
            "high": "8.533",
            "low": "8.533",
            "close": "8.523"
        },
        {
            "time": "20.06.2021 12:39",
            "open": "8.523",
            "high": "8.523",
            "low": "8.523",
            "close": "8.552"
        },
        {
            "time": "20.06.2021 12:40",
            "open": "8.552",
            "high": "8.552",
            "low": "8.552",
            "close": "8.566"
        },
        {
            "time": "20.06.2021 12:41",
            "open": "8.566",
            "high": "8.566",
            "low": "8.566",
            "close": "8.576"
        },
        {
            "time": "20.06.2021 12:44",
            "open": "8.576",
            "high": "8.576",
            "low": "8.576",
            "close": "8.58"
        },
        {
            "time": "20.06.2021 12:46",
            "open": "8.58",
            "high": "8.58",
            "low": "8.58",
            "close": "8.564"
        },
        {
            "time": "20.06.2021 12:49",
            "open": "8.564",
            "high": "8.564",
            "low": "8.564",
            "close": "8.546"
        },
        {
            "time": "20.06.2021 12:52",
            "open": "8.546",
            "high": "8.546",
            "low": "8.53",
            "close": "8.541"
        },
        {
            "time": "20.06.2021 12:53",
            "open": "8.541",
            "high": "8.541",
            "low": "8.541",
            "close": "8.559"
        },
        {
            "time": "20.06.2021 12:54",
            "open": "8.559",
            "high": "8.559",
            "low": "8.559",
            "close": "8.604"
        },
        {
            "time": "20.06.2021 12:59",
            "open": "8.604",
            "high": "8.604",
            "low": "8.598",
            "close": "8.559"
        },
        {
            "time": "20.06.2021 13:02",
            "open": "8.559",
            "high": "8.586",
            "low": "8.558",
            "close": "8.581"
        },
        {
            "time": "20.06.2021 13:03",
            "open": "8.581",
            "high": "8.581",
            "low": "8.581",
            "close": "8.585"
        },
        {
            "time": "20.06.2021 13:04",
            "open": "8.585",
            "high": "8.585",
            "low": "8.585",
            "close": "8.585"
        },
        {
            "time": "20.06.2021 13:05",
            "open": "8.585",
            "high": "8.598",
            "low": "8.585",
            "close": "8.583"
        },
        {
            "time": "20.06.2021 13:06",
            "open": "8.583",
            "high": "8.583",
            "low": "8.579",
            "close": "8.589"
        },
        {
            "time": "20.06.2021 13:08",
            "open": "8.589",
            "high": "8.589",
            "low": "8.562",
            "close": "8.581"
        },
        {
            "time": "20.06.2021 13:09",
            "open": "8.581",
            "high": "8.584",
            "low": "8.581",
            "close": "8.594"
        },
        {
            "time": "20.06.2021 13:10",
            "open": "8.594",
            "high": "8.621",
            "low": "8.594",
            "close": "8.633"
        },
        {
            "time": "20.06.2021 13:11",
            "open": "8.633",
            "high": "8.634",
            "low": "8.631",
            "close": "8.577"
        },
        {
            "time": "20.06.2021 13:20",
            "open": "8.577",
            "high": "8.577",
            "low": "8.577",
            "close": "8.572"
        },
        {
            "time": "20.06.2021 13:22",
            "open": "8.572",
            "high": "8.572",
            "low": "8.564",
            "close": "8.527"
        },
        {
            "time": "20.06.2021 13:24",
            "open": "8.527",
            "high": "8.527",
            "low": "8.515",
            "close": "8.537"
        },
        {
            "time": "20.06.2021 13:25",
            "open": "8.537",
            "high": "8.537",
            "low": "8.537",
            "close": "8.515"
        },
        {
            "time": "20.06.2021 13:29",
            "open": "8.515",
            "high": "8.525",
            "low": "8.478",
            "close": "8.476"
        },
        {
            "time": "20.06.2021 13:30",
            "open": "8.476",
            "high": "8.476",
            "low": "8.443",
            "close": "8.495"
        },
        {
            "time": "20.06.2021 13:31",
            "open": "8.495",
            "high": "8.495",
            "low": "8.48",
            "close": "8.477"
        },
        {
            "time": "20.06.2021 13:32",
            "open": "8.477",
            "high": "8.484",
            "low": "8.473",
            "close": "8.443"
        },
        {
            "time": "20.06.2021 13:33",
            "open": "8.443",
            "high": "8.443",
            "low": "8.428",
            "close": "8.416"
        },
        {
            "time": "20.06.2021 13:34",
            "open": "8.416",
            "high": "8.421",
            "low": "8.406",
            "close": "8.425"
        },
        {
            "time": "20.06.2021 13:35",
            "open": "8.425",
            "high": "8.429",
            "low": "8.425",
            "close": "8.437"
        },
        {
            "time": "20.06.2021 13:37",
            "open": "8.437",
            "high": "8.437",
            "low": "8.429",
            "close": "8.434"
        },
        {
            "time": "20.06.2021 13:40",
            "open": "8.434",
            "high": "8.438",
            "low": "8.434",
            "close": "8.447"
        },
        {
            "time": "20.06.2021 13:41",
            "open": "8.447",
            "high": "8.447",
            "low": "8.44",
            "close": "8.421"
        },
        {
            "time": "20.06.2021 13:43",
            "open": "8.421",
            "high": "8.421",
            "low": "8.421",
            "close": "8.405"
        },
        {
            "time": "20.06.2021 13:44",
            "open": "8.405",
            "high": "8.405",
            "low": "8.403",
            "close": "8.424"
        },
        {
            "time": "20.06.2021 13:46",
            "open": "8.424",
            "high": "8.424",
            "low": "8.424",
            "close": "8.401"
        },
        {
            "time": "20.06.2021 13:47",
            "open": "8.401",
            "high": "8.42",
            "low": "8.401",
            "close": "8.396"
        },
        {
            "time": "20.06.2021 13:48",
            "open": "8.396",
            "high": "8.396",
            "low": "8.396",
            "close": "8.397"
        },
        {
            "time": "20.06.2021 13:49",
            "open": "8.397",
            "high": "8.397",
            "low": "8.378",
            "close": "8.38"
        },
        {
            "time": "20.06.2021 13:50",
            "open": "8.38",
            "high": "8.38",
            "low": "8.379",
            "close": "8.379"
        },
        {
            "time": "20.06.2021 13:51",
            "open": "8.379",
            "high": "8.379",
            "low": "8.379",
            "close": "8.383"
        },
        {
            "time": "20.06.2021 13:53",
            "open": "8.383",
            "high": "8.383",
            "low": "8.383",
            "close": "8.403"
        },
        {
            "time": "20.06.2021 13:55",
            "open": "8.403",
            "high": "8.409",
            "low": "8.403",
            "close": "8.402"
        },
        {
            "time": "20.06.2021 13:56",
            "open": "8.402",
            "high": "8.402",
            "low": "8.402",
            "close": "8.389"
        },
        {
            "time": "20.06.2021 13:57",
            "open": "8.389",
            "high": "8.389",
            "low": "8.389",
            "close": "8.378"
        },
        {
            "time": "20.06.2021 13:59",
            "open": "8.378",
            "high": "8.378",
            "low": "8.378",
            "close": "8.372"
        },
        {
            "time": "20.06.2021 14:00",
            "open": "8.372",
            "high": "8.4",
            "low": "8.357",
            "close": "8.402"
        },
        {
            "time": "20.06.2021 14:01",
            "open": "8.402",
            "high": "8.402",
            "low": "8.402",
            "close": "8.378"
        },
        {
            "time": "20.06.2021 14:02",
            "open": "8.378",
            "high": "8.378",
            "low": "8.378",
            "close": "8.355"
        },
        {
            "time": "20.06.2021 14:04",
            "open": "8.355",
            "high": "8.355",
            "low": "8.336",
            "close": "8.332"
        },
        {
            "time": "20.06.2021 14:05",
            "open": "8.332",
            "high": "8.346",
            "low": "8.312",
            "close": "8.325"
        },
        {
            "time": "20.06.2021 14:06",
            "open": "8.325",
            "high": "8.325",
            "low": "8.294",
            "close": "8.292"
        },
        {
            "time": "20.06.2021 14:07",
            "open": "8.292",
            "high": "8.3",
            "low": "8.289",
            "close": "8.284"
        },
        {
            "time": "20.06.2021 14:08",
            "open": "8.284",
            "high": "8.284",
            "low": "8.264",
            "close": "8.297"
        },
        {
            "time": "20.06.2021 14:10",
            "open": "8.297",
            "high": "8.313",
            "low": "8.292",
            "close": "8.337"
        },
        {
            "time": "20.06.2021 14:11",
            "open": "8.337",
            "high": "8.337",
            "low": "8.308",
            "close": "8.294"
        },
        {
            "time": "20.06.2021 14:12",
            "open": "8.294",
            "high": "8.294",
            "low": "8.281",
            "close": "8.291"
        },
        {
            "time": "20.06.2021 14:14",
            "open": "8.291",
            "high": "8.291",
            "low": "8.28",
            "close": "8.338"
        },
        {
            "time": "20.06.2021 14:16",
            "open": "8.338",
            "high": "8.338",
            "low": "8.338",
            "close": "8.303"
        },
        {
            "time": "20.06.2021 14:19",
            "open": "8.303",
            "high": "8.303",
            "low": "8.303",
            "close": "8.267"
        },
        {
            "time": "20.06.2021 14:21",
            "open": "8.267",
            "high": "8.273",
            "low": "8.266",
            "close": "8.263"
        },
        {
            "time": "20.06.2021 14:24",
            "open": "8.263",
            "high": "8.263",
            "low": "8.263",
            "close": "8.255"
        },
        {
            "time": "20.06.2021 14:25",
            "open": "8.255",
            "high": "8.289",
            "low": "8.255",
            "close": "8.267"
        },
        {
            "time": "20.06.2021 14:26",
            "open": "8.267",
            "high": "8.267",
            "low": "8.236",
            "close": "8.269"
        },
        {
            "time": "20.06.2021 14:27",
            "open": "8.269",
            "high": "8.279",
            "low": "8.269",
            "close": "8.296"
        },
        {
            "time": "20.06.2021 14:28",
            "open": "8.296",
            "high": "8.296",
            "low": "8.296",
            "close": "8.309"
        },
        {
            "time": "20.06.2021 14:30",
            "open": "8.309",
            "high": "8.311",
            "low": "8.309",
            "close": "8.369"
        },
        {
            "time": "20.06.2021 14:31",
            "open": "8.369",
            "high": "8.369",
            "low": "8.369",
            "close": "8.356"
        },
        {
            "time": "20.06.2021 14:33",
            "open": "8.356",
            "high": "8.402",
            "low": "8.356",
            "close": "8.399"
        },
        {
            "time": "20.06.2021 14:34",
            "open": "8.399",
            "high": "8.399",
            "low": "8.388",
            "close": "8.42"
        },
        {
            "time": "20.06.2021 14:35",
            "open": "8.42",
            "high": "8.427",
            "low": "8.42",
            "close": "8.424"
        },
        {
            "time": "20.06.2021 14:36",
            "open": "8.424",
            "high": "8.424",
            "low": "8.424",
            "close": "8.44"
        },
        {
            "time": "20.06.2021 14:37",
            "open": "8.44",
            "high": "8.447",
            "low": "8.427",
            "close": "8.396"
        },
        {
            "time": "20.06.2021 14:38",
            "open": "8.396",
            "high": "8.396",
            "low": "8.392",
            "close": "8.435"
        },
        {
            "time": "20.06.2021 14:44",
            "open": "8.435",
            "high": "8.435",
            "low": "8.435",
            "close": "8.45"
        },
        {
            "time": "20.06.2021 14:46",
            "open": "8.45",
            "high": "8.467",
            "low": "8.45",
            "close": "8.48"
        },
        {
            "time": "20.06.2021 14:47",
            "open": "8.48",
            "high": "8.48",
            "low": "8.48",
            "close": "8.483"
        },
        {
            "time": "20.06.2021 14:48",
            "open": "8.483",
            "high": "8.483",
            "low": "8.48",
            "close": "8.5"
        },
        {
            "time": "20.06.2021 14:51",
            "open": "8.5",
            "high": "8.504",
            "low": "8.5",
            "close": "8.49"
        },
        {
            "time": "20.06.2021 14:55",
            "open": "8.49",
            "high": "8.49",
            "low": "8.46",
            "close": "8.463"
        },
        {
            "time": "20.06.2021 14:56",
            "open": "8.463",
            "high": "8.464",
            "low": "8.463",
            "close": "8.475"
        },
        {
            "time": "20.06.2021 15:01",
            "open": "8.475",
            "high": "8.489",
            "low": "8.475",
            "close": "8.498"
        },
        {
            "time": "20.06.2021 15:03",
            "open": "8.498",
            "high": "8.498",
            "low": "8.493",
            "close": "8.516"
        },
        {
            "time": "20.06.2021 15:05",
            "open": "8.516",
            "high": "8.52",
            "low": "8.516",
            "close": "8.54"
        },
        {
            "time": "20.06.2021 15:07",
            "open": "8.54",
            "high": "8.54",
            "low": "8.525",
            "close": "8.541"
        },
        {
            "time": "20.06.2021 15:10",
            "open": "8.541",
            "high": "8.541",
            "low": "8.541",
            "close": "8.545"
        },
        {
            "time": "20.06.2021 15:11",
            "open": "8.545",
            "high": "8.545",
            "low": "8.545",
            "close": "8.549"
        },
        {
            "time": "20.06.2021 15:12",
            "open": "8.549",
            "high": "8.56",
            "low": "8.549",
            "close": "8.554"
        },
        {
            "time": "20.06.2021 15:13",
            "open": "8.554",
            "high": "8.558",
            "low": "8.55",
            "close": "8.55"
        },
        {
            "time": "20.06.2021 15:15",
            "open": "8.55",
            "high": "8.55",
            "low": "8.55",
            "close": "8.538"
        },
        {
            "time": "20.06.2021 15:16",
            "open": "8.538",
            "high": "8.538",
            "low": "8.484",
            "close": "8.513"
        },
        {
            "time": "20.06.2021 15:17",
            "open": "8.513",
            "high": "8.517",
            "low": "8.513",
            "close": "8.484"
        },
        {
            "time": "20.06.2021 15:20",
            "open": "8.484",
            "high": "8.484",
            "low": "8.484",
            "close": "8.508"
        },
        {
            "time": "20.06.2021 15:31",
            "open": "8.508",
            "high": "8.51",
            "low": "8.508",
            "close": "8.485"
        },
        {
            "time": "20.06.2021 15:32",
            "open": "8.485",
            "high": "8.485",
            "low": "8.485",
            "close": "8.483"
        },
        {
            "time": "20.06.2021 15:35",
            "open": "8.483",
            "high": "8.483",
            "low": "8.483",
            "close": "8.49"
        },
        {
            "time": "20.06.2021 15:37",
            "open": "8.49",
            "high": "8.49",
            "low": "8.49",
            "close": "8.484"
        },
        {
            "time": "20.06.2021 15:42",
            "open": "8.484",
            "high": "8.484",
            "low": "8.481",
            "close": "8.477"
        },
        {
            "time": "20.06.2021 15:43",
            "open": "8.477",
            "high": "8.477",
            "low": "8.477",
            "close": "8.511"
        },
        {
            "time": "20.06.2021 15:46",
            "open": "8.511",
            "high": "8.511",
            "low": "8.511",
            "close": "8.497"
        },
        {
            "time": "20.06.2021 15:48",
            "open": "8.497",
            "high": "8.497",
            "low": "8.497",
            "close": "8.524"
        },
        {
            "time": "20.06.2021 15:50",
            "open": "8.524",
            "high": "8.524",
            "low": "8.524",
            "close": "8.509"
        },
        {
            "time": "20.06.2021 15:55",
            "open": "8.509",
            "high": "8.509",
            "low": "8.509",
            "close": "8.449"
        },
        {
            "time": "20.06.2021 16:02",
            "open": "8.449",
            "high": "8.449",
            "low": "8.411",
            "close": "8.418"
        },
        {
            "time": "20.06.2021 16:04",
            "open": "8.418",
            "high": "8.44",
            "low": "8.418",
            "close": "8.447"
        },
        {
            "time": "20.06.2021 16:05",
            "open": "8.447",
            "high": "8.447",
            "low": "8.447",
            "close": "8.49"
        },
        {
            "time": "20.06.2021 16:09",
            "open": "8.49",
            "high": "8.491",
            "low": "8.49",
            "close": "8.513"
        },
        {
            "time": "20.06.2021 16:12",
            "open": "8.513",
            "high": "8.519",
            "low": "8.503",
            "close": "8.533"
        },
        {
            "time": "20.06.2021 16:18",
            "open": "8.533",
            "high": "8.533",
            "low": "8.523",
            "close": "8.503"
        },
        {
            "time": "20.06.2021 16:30",
            "open": "8.503",
            "high": "8.503",
            "low": "8.503",
            "close": "8.53"
        },
        {
            "time": "20.06.2021 16:32",
            "open": "8.53",
            "high": "8.537",
            "low": "8.53",
            "close": "8.526"
        },
        {
            "time": "20.06.2021 16:33",
            "open": "8.526",
            "high": "8.526",
            "low": "8.526",
            "close": "8.516"
        },
        {
            "time": "20.06.2021 16:34",
            "open": "8.516",
            "high": "8.516",
            "low": "8.516",
            "close": "8.52"
        },
        {
            "time": "20.06.2021 16:35",
            "open": "8.52",
            "high": "8.52",
            "low": "8.52",
            "close": "8.508"
        },
        {
            "time": "20.06.2021 16:39",
            "open": "8.508",
            "high": "8.508",
            "low": "8.487",
            "close": "8.511"
        },
        {
            "time": "20.06.2021 16:40",
            "open": "8.511",
            "high": "8.511",
            "low": "8.511",
            "close": "8.527"
        },
        {
            "time": "20.06.2021 16:53",
            "open": "8.527",
            "high": "8.542",
            "low": "8.527",
            "close": "8.579"
        },
        {
            "time": "20.06.2021 16:59",
            "open": "8.579",
            "high": "8.586",
            "low": "8.579",
            "close": "8.6"
        },
        {
            "time": "20.06.2021 17:00",
            "open": "8.6",
            "high": "8.6",
            "low": "8.6",
            "close": "8.597"
        },
        {
            "time": "20.06.2021 17:05",
            "open": "8.597",
            "high": "8.623",
            "low": "8.595",
            "close": "8.615"
        },
        {
            "time": "20.06.2021 17:06",
            "open": "8.615",
            "high": "8.641",
            "low": "8.615",
            "close": "8.65"
        },
        {
            "time": "20.06.2021 17:07",
            "open": "8.65",
            "high": "8.65",
            "low": "8.639",
            "close": "8.634"
        },
        {
            "time": "20.06.2021 17:08",
            "open": "8.634",
            "high": "8.634",
            "low": "8.634",
            "close": "8.638"
        },
        {
            "time": "20.06.2021 17:09",
            "open": "8.638",
            "high": "8.638",
            "low": "8.638",
            "close": "8.66"
        },
        {
            "time": "20.06.2021 17:13",
            "open": "8.66",
            "high": "8.66",
            "low": "8.66",
            "close": "8.668"
        },
        {
            "time": "20.06.2021 17:14",
            "open": "8.668",
            "high": "8.669",
            "low": "8.66",
            "close": "8.68"
        },
        {
            "time": "20.06.2021 17:18",
            "open": "8.68",
            "high": "8.687",
            "low": "8.68",
            "close": "8.698"
        },
        {
            "time": "20.06.2021 17:19",
            "open": "8.698",
            "high": "8.703",
            "low": "8.698",
            "close": "8.692"
        },
        {
            "time": "20.06.2021 17:21",
            "open": "8.692",
            "high": "8.692",
            "low": "8.692",
            "close": "8.689"
        },
        {
            "time": "20.06.2021 17:25",
            "open": "8.689",
            "high": "8.689",
            "low": "8.689",
            "close": "8.72"
        },
        {
            "time": "20.06.2021 17:30",
            "open": "8.72",
            "high": "8.735",
            "low": "8.72",
            "close": "8.74"
        },
        {
            "time": "20.06.2021 17:31",
            "open": "8.74",
            "high": "8.74",
            "low": "8.732",
            "close": "8.725"
        },
        {
            "time": "20.06.2021 17:32",
            "open": "8.725",
            "high": "8.725",
            "low": "8.725",
            "close": "8.743"
        },
        {
            "time": "20.06.2021 17:36",
            "open": "8.743",
            "high": "8.743",
            "low": "8.743",
            "close": "8.75"
        },
        {
            "time": "20.06.2021 17:37",
            "open": "8.75",
            "high": "8.75",
            "low": "8.75",
            "close": "8.745"
        },
        {
            "time": "20.06.2021 17:38",
            "open": "8.745",
            "high": "8.746",
            "low": "8.73",
            "close": "8.745"
        },
        {
            "time": "20.06.2021 17:40",
            "open": "8.745",
            "high": "8.748",
            "low": "8.745",
            "close": "8.75"
        },
        {
            "time": "20.06.2021 17:55",
            "open": "8.75",
            "high": "8.75",
            "low": "8.75",
            "close": "8.731"
        },
        {
            "time": "20.06.2021 18:00",
            "open": "8.731",
            "high": "8.731",
            "low": "8.731",
            "close": "8.752"
        },
        {
            "time": "20.06.2021 18:02",
            "open": "8.752",
            "high": "8.76",
            "low": "8.704",
            "close": "8.721"
        },
        {
            "time": "20.06.2021 18:03",
            "open": "8.721",
            "high": "8.722",
            "low": "8.721",
            "close": "8.742"
        },
        {
            "time": "20.06.2021 18:14",
            "open": "8.742",
            "high": "8.742",
            "low": "8.737",
            "close": "8.772"
        },
        {
            "time": "20.06.2021 18:27",
            "open": "8.772",
            "high": "8.772",
            "low": "8.772",
            "close": "8.766"
        },
        {
            "time": "20.06.2021 18:32",
            "open": "8.766",
            "high": "8.766",
            "low": "8.766",
            "close": "8.774"
        },
        {
            "time": "20.06.2021 18:37",
            "open": "8.774",
            "high": "8.774",
            "low": "8.772",
            "close": "8.772"
        },
        {
            "time": "20.06.2021 18:38",
            "open": "8.772",
            "high": "8.772",
            "low": "8.772",
            "close": "8.761"
        },
        {
            "time": "20.06.2021 18:40",
            "open": "8.761",
            "high": "8.761",
            "low": "8.761",
            "close": "8.764"
        },
        {
            "time": "20.06.2021 18:43",
            "open": "8.764",
            "high": "8.768",
            "low": "8.764",
            "close": "8.761"
        },
        {
            "time": "20.06.2021 18:53",
            "open": "8.761",
            "high": "8.761",
            "low": "8.761",
            "close": "8.765"
        },
        {
            "time": "20.06.2021 19:07",
            "open": "8.765",
            "high": "8.765",
            "low": "8.765",
            "close": "8.764"
        },
        {
            "time": "20.06.2021 19:15",
            "open": "8.764",
            "high": "8.784",
            "low": "8.763",
            "close": "8.778"
        },
        {
            "time": "20.06.2021 19:42",
            "open": "8.778",
            "high": "8.778",
            "low": "8.778",
            "close": "8.78"
        },
        {
            "time": "20.06.2021 20:03",
            "open": "8.78",
            "high": "8.78",
            "low": "8.78",
            "close": "8.766"
        },
        {
            "time": "20.06.2021 20:06",
            "open": "8.766",
            "high": "8.766",
            "low": "8.766",
            "close": "8.8"
        },
        {
            "time": "20.06.2021 20:24",
            "open": "8.8",
            "high": "8.804",
            "low": "8.8",
            "close": "8.795"
        },
        {
            "time": "20.06.2021 20:26",
            "open": "8.795",
            "high": "8.795",
            "low": "8.795",
            "close": "8.82"
        },
        {
            "time": "20.06.2021 20:38",
            "open": "8.82",
            "high": "8.822",
            "low": "8.82",
            "close": "8.832"
        },
        {
            "time": "20.06.2021 20:39",
            "open": "8.832",
            "high": "8.84",
            "low": "8.832",
            "close": "8.823"
        },
        {
            "time": "20.06.2021 20:40",
            "open": "8.823",
            "high": "8.83",
            "low": "8.823",
            "close": "8.83"
        },
        {
            "time": "20.06.2021 20:46",
            "open": "8.83",
            "high": "8.83",
            "low": "8.83",
            "close": "8.83"
        },
        {
            "time": "20.06.2021 20:49",
            "open": "8.83",
            "high": "8.83",
            "low": "8.829",
            "close": "8.844"
        },
        {
            "time": "20.06.2021 20:55",
            "open": "8.844",
            "high": "8.844",
            "low": "8.844",
            "close": "8.849"
        },
        {
            "time": "20.06.2021 21:00",
            "open": "8.849",
            "high": "8.877",
            "low": "8.849",
            "close": "8.864"
        },
        {
            "time": "20.06.2021 21:01",
            "open": "8.864",
            "high": "8.876",
            "low": "8.864",
            "close": "8.879"
        },
        {
            "time": "20.06.2021 21:02",
            "open": "8.879",
            "high": "8.879",
            "low": "8.876",
            "close": "8.873"
        },
        {
            "time": "20.06.2021 21:03",
            "open": "8.873",
            "high": "8.876",
            "low": "8.873",
            "close": "8.879"
        },
        {
            "time": "20.06.2021 21:04",
            "open": "8.879",
            "high": "8.879",
            "low": "8.879",
            "close": "8.857"
        },
        {
            "time": "20.06.2021 21:07",
            "open": "8.857",
            "high": "8.857",
            "low": "8.857",
            "close": "8.88"
        },
        {
            "time": "20.06.2021 21:14",
            "open": "8.88",
            "high": "8.9",
            "low": "8.88",
            "close": "8.903"
        },
        {
            "time": "20.06.2021 21:15",
            "open": "8.903",
            "high": "8.903",
            "low": "8.899",
            "close": "8.914"
        },
        {
            "time": "20.06.2021 21:19",
            "open": "8.914",
            "high": "8.914",
            "low": "8.914",
            "close": "8.92"
        },
        {
            "time": "20.06.2021 21:28",
            "open": "8.92",
            "high": "8.96",
            "low": "8.92",
            "close": "8.921"
        },
        {
            "time": "20.06.2021 21:29",
            "open": "8.921",
            "high": "8.921",
            "low": "8.921",
            "close": "8.922"
        },
        {
            "time": "20.06.2021 21:30",
            "open": "8.922",
            "high": "8.922",
            "low": "8.912",
            "close": "8.965"
        },
        {
            "time": "20.06.2021 21:34",
            "open": "8.965",
            "high": "8.966",
            "low": "8.964",
            "close": "8.97"
        },
        {
            "time": "20.06.2021 21:36",
            "open": "8.97",
            "high": "9",
            "low": "8.97",
            "close": "9.006"
        },
        {
            "time": "20.06.2021 21:37",
            "open": "9.006",
            "high": "9.006",
            "low": "9.003",
            "close": "9.018"
        },
        {
            "time": "20.06.2021 21:38",
            "open": "9.018",
            "high": "9.057",
            "low": "9.018",
            "close": "9.019"
        },
        {
            "time": "20.06.2021 21:41",
            "open": "9.019",
            "high": "9.019",
            "low": "9.019",
            "close": "8.989"
        },
        {
            "time": "20.06.2021 21:57",
            "open": "8.989",
            "high": "8.989",
            "low": "8.989",
            "close": "9.01"
        },
        {
            "time": "20.06.2021 21:59",
            "open": "9.01",
            "high": "9.01",
            "low": "9.01",
            "close": "9.025"
        },
        {
            "time": "20.06.2021 22:00",
            "open": "9.025",
            "high": "9.045",
            "low": "9.015",
            "close": "9.004"
        },
        {
            "time": "20.06.2021 22:04",
            "open": "9.004",
            "high": "9.004",
            "low": "9.004",
            "close": "9"
        },
        {
            "time": "20.06.2021 22:07",
            "open": "9",
            "high": "9.009",
            "low": "9",
            "close": "9.011"
        },
        {
            "time": "20.06.2021 22:10",
            "open": "9.011",
            "high": "9.042",
            "low": "9.011",
            "close": "9.039"
        },
        {
            "time": "20.06.2021 22:11",
            "open": "9.039",
            "high": "9.039",
            "low": "9.039",
            "close": "9.043"
        },
        {
            "time": "20.06.2021 22:13",
            "open": "9.043",
            "high": "9.044",
            "low": "9.041",
            "close": "9.06"
        },
        {
            "time": "20.06.2021 22:15",
            "open": "9.06",
            "high": "9.06",
            "low": "9.06",
            "close": "9.063"
        },
        {
            "time": "20.06.2021 22:16",
            "open": "9.063",
            "high": "9.063",
            "low": "9.054",
            "close": "9.059"
        },
        {
            "time": "20.06.2021 22:18",
            "open": "9.059",
            "high": "9.062",
            "low": "9.059",
            "close": "9.049"
        },
        {
            "time": "20.06.2021 22:19",
            "open": "9.049",
            "high": "9.049",
            "low": "9.049",
            "close": "9.08"
        },
        {
            "time": "20.06.2021 22:23",
            "open": "9.08",
            "high": "9.08",
            "low": "9.073",
            "close": "9.049"
        },
        {
            "time": "20.06.2021 22:26",
            "open": "9.049",
            "high": "9.049",
            "low": "9.049",
            "close": "9.049"
        },
        {
            "time": "20.06.2021 22:28",
            "open": "9.049",
            "high": "9.049",
            "low": "9.048",
            "close": "9.067"
        },
        {
            "time": "20.06.2021 22:30",
            "open": "9.067",
            "high": "9.082",
            "low": "9.067",
            "close": "9.041"
        },
        {
            "time": "20.06.2021 22:31",
            "open": "9.041",
            "high": "9.041",
            "low": "9.041",
            "close": "9.02"
        },
        {
            "time": "20.06.2021 22:34",
            "open": "9.02",
            "high": "9.02",
            "low": "9.02",
            "close": "9.025"
        },
        {
            "time": "20.06.2021 22:38",
            "open": "9.025",
            "high": "9.051",
            "low": "9.025",
            "close": "9.021"
        },
        {
            "time": "20.06.2021 22:44",
            "open": "9.021",
            "high": "9.054",
            "low": "9.021",
            "close": "9.057"
        },
        {
            "time": "20.06.2021 22:45",
            "open": "9.057",
            "high": "9.057",
            "low": "9.044",
            "close": "9.03"
        },
        {
            "time": "20.06.2021 22:48",
            "open": "9.03",
            "high": "9.03",
            "low": "9.026",
            "close": "9.014"
        },
        {
            "time": "20.06.2021 22:49",
            "open": "9.014",
            "high": "9.014",
            "low": "9.014",
            "close": "8.986"
        },
        {
            "time": "20.06.2021 23:03",
            "open": "8.986",
            "high": "8.998",
            "low": "8.986",
            "close": "8.974"
        },
        {
            "time": "20.06.2021 23:06",
            "open": "8.974",
            "high": "8.974",
            "low": "8.973",
            "close": "8.95"
        },
        {
            "time": "20.06.2021 23:09",
            "open": "8.95",
            "high": "8.95",
            "low": "8.95",
            "close": "8.957"
        },
        {
            "time": "20.06.2021 23:14",
            "open": "8.957",
            "high": "8.957",
            "low": "8.957",
            "close": "8.994"
        },
        {
            "time": "20.06.2021 23:21",
            "open": "8.994",
            "high": "8.994",
            "low": "8.994",
            "close": "9.013"
        },
        {
            "time": "20.06.2021 23:23",
            "open": "9.013",
            "high": "9.013",
            "low": "9.013",
            "close": "9.038"
        },
        {
            "time": "20.06.2021 23:26",
            "open": "9.038",
            "high": "9.038",
            "low": "9.038",
            "close": "9.069"
        },
        {
            "time": "20.06.2021 23:29",
            "open": "9.069",
            "high": "9.069",
            "low": "9.069",
            "close": "9.087"
        },
        {
            "time": "20.06.2021 23:31",
            "open": "9.087",
            "high": "9.177",
            "low": "9.087",
            "close": "9.152"
        },
        {
            "time": "20.06.2021 23:32",
            "open": "9.152",
            "high": "9.152",
            "low": "9.152",
            "close": "9.135"
        },
        {
            "time": "20.06.2021 23:35",
            "open": "9.135",
            "high": "9.135",
            "low": "9.135",
            "close": "9.148"
        },
        {
            "time": "20.06.2021 23:37",
            "open": "9.148",
            "high": "9.158",
            "low": "9.148",
            "close": "9.136"
        },
        {
            "time": "20.06.2021 23:38",
            "open": "9.136",
            "high": "9.14",
            "low": "9.136",
            "close": "9.152"
        }
    ]
}