{
    "UMA-EUR": [
        {
            "time": "09.07.2021 23:45",
            "open": "7.861",
            "high": "7.861",
            "low": "7.839",
            "close": "7.846"
        },
        {
            "time": "10.07.2021 00:05",
            "open": "7.846",
            "high": "7.846",
            "low": "7.843",
            "close": "7.854"
        },
        {
            "time": "10.07.2021 00:06",
            "open": "7.854",
            "high": "7.854",
            "low": "7.854",
            "close": "7.842"
        },
        {
            "time": "10.07.2021 00:07",
            "open": "7.842",
            "high": "7.842",
            "low": "7.842",
            "close": "7.843"
        },
        {
            "time": "10.07.2021 00:16",
            "open": "7.843",
            "high": "7.843",
            "low": "7.843",
            "close": "7.823"
        },
        {
            "time": "10.07.2021 00:17",
            "open": "7.823",
            "high": "7.823",
            "low": "7.823",
            "close": "7.842"
        },
        {
            "time": "10.07.2021 00:24",
            "open": "7.842",
            "high": "7.842",
            "low": "7.84",
            "close": "7.857"
        },
        {
            "time": "10.07.2021 00:32",
            "open": "7.857",
            "high": "7.858",
            "low": "7.856",
            "close": "7.83"
        },
        {
            "time": "10.07.2021 00:39",
            "open": "7.83",
            "high": "7.83",
            "low": "7.802",
            "close": "7.808"
        },
        {
            "time": "10.07.2021 00:40",
            "open": "7.808",
            "high": "7.808",
            "low": "7.808",
            "close": "7.822"
        },
        {
            "time": "10.07.2021 00:47",
            "open": "7.822",
            "high": "7.822",
            "low": "7.821",
            "close": "7.829"
        },
        {
            "time": "10.07.2021 01:01",
            "open": "7.829",
            "high": "7.829",
            "low": "7.829",
            "close": "7.846"
        },
        {
            "time": "10.07.2021 01:31",
            "open": "7.846",
            "high": "7.846",
            "low": "7.846",
            "close": "7.828"
        },
        {
            "time": "10.07.2021 01:49",
            "open": "7.828",
            "high": "7.828",
            "low": "7.828",
            "close": "7.83"
        },
        {
            "time": "10.07.2021 01:53",
            "open": "7.83",
            "high": "7.83",
            "low": "7.83",
            "close": "7.83"
        },
        {
            "time": "10.07.2021 01:54",
            "open": "7.83",
            "high": "7.83",
            "low": "7.812",
            "close": "7.794"
        },
        {
            "time": "10.07.2021 01:59",
            "open": "7.794",
            "high": "7.802",
            "low": "7.794",
            "close": "7.808"
        },
        {
            "time": "10.07.2021 02:09",
            "open": "7.808",
            "high": "7.808",
            "low": "7.808",
            "close": "7.814"
        },
        {
            "time": "10.07.2021 02:10",
            "open": "7.814",
            "high": "7.814",
            "low": "7.814",
            "close": "7.839"
        },
        {
            "time": "10.07.2021 02:16",
            "open": "7.839",
            "high": "7.839",
            "low": "7.839",
            "close": "7.854"
        },
        {
            "time": "10.07.2021 02:17",
            "open": "7.854",
            "high": "7.854",
            "low": "7.854",
            "close": "7.826"
        },
        {
            "time": "10.07.2021 02:18",
            "open": "7.826",
            "high": "7.826",
            "low": "7.826",
            "close": "7.845"
        },
        {
            "time": "10.07.2021 02:23",
            "open": "7.845",
            "high": "7.846",
            "low": "7.845",
            "close": "7.865"
        },
        {
            "time": "10.07.2021 02:29",
            "open": "7.865",
            "high": "7.865",
            "low": "7.865",
            "close": "7.865"
        },
        {
            "time": "10.07.2021 02:30",
            "open": "7.865",
            "high": "7.865",
            "low": "7.865",
            "close": "7.889"
        },
        {
            "time": "10.07.2021 02:38",
            "open": "7.889",
            "high": "7.889",
            "low": "7.889",
            "close": "7.889"
        },
        {
            "time": "10.07.2021 02:40",
            "open": "7.889",
            "high": "7.898",
            "low": "7.889",
            "close": "7.905"
        },
        {
            "time": "10.07.2021 02:41",
            "open": "7.905",
            "high": "7.905",
            "low": "7.905",
            "close": "7.905"
        },
        {
            "time": "10.07.2021 02:42",
            "open": "7.905",
            "high": "7.905",
            "low": "7.905",
            "close": "7.913"
        },
        {
            "time": "10.07.2021 02:43",
            "open": "7.913",
            "high": "7.921",
            "low": "7.913",
            "close": "7.929"
        },
        {
            "time": "10.07.2021 02:44",
            "open": "7.929",
            "high": "7.929",
            "low": "7.929",
            "close": "7.937"
        },
        {
            "time": "10.07.2021 02:45",
            "open": "7.937",
            "high": "7.945",
            "low": "7.937",
            "close": "7.939"
        },
        {
            "time": "10.07.2021 02:46",
            "open": "7.939",
            "high": "7.939",
            "low": "7.939",
            "close": "7.927"
        },
        {
            "time": "10.07.2021 02:49",
            "open": "7.927",
            "high": "7.927",
            "low": "7.926",
            "close": "7.911"
        },
        {
            "time": "10.07.2021 02:57",
            "open": "7.911",
            "high": "7.911",
            "low": "7.897",
            "close": "7.896"
        },
        {
            "time": "10.07.2021 02:58",
            "open": "7.896",
            "high": "7.911",
            "low": "7.896",
            "close": "7.883"
        },
        {
            "time": "10.07.2021 03:01",
            "open": "7.883",
            "high": "7.883",
            "low": "7.882",
            "close": "7.861"
        },
        {
            "time": "10.07.2021 03:02",
            "open": "7.861",
            "high": "7.861",
            "low": "7.861",
            "close": "7.846"
        },
        {
            "time": "10.07.2021 03:03",
            "open": "7.846",
            "high": "7.846",
            "low": "7.846",
            "close": "7.854"
        },
        {
            "time": "10.07.2021 03:07",
            "open": "7.854",
            "high": "7.895",
            "low": "7.854",
            "close": "7.895"
        },
        {
            "time": "10.07.2021 03:08",
            "open": "7.895",
            "high": "7.895",
            "low": "7.895",
            "close": "7.88"
        },
        {
            "time": "10.07.2021 03:10",
            "open": "7.88",
            "high": "7.88",
            "low": "7.86",
            "close": "7.861"
        },
        {
            "time": "10.07.2021 03:18",
            "open": "7.861",
            "high": "7.861",
            "low": "7.86",
            "close": "7.859"
        },
        {
            "time": "10.07.2021 03:26",
            "open": "7.859",
            "high": "7.884",
            "low": "7.859",
            "close": "7.859"
        },
        {
            "time": "10.07.2021 03:56",
            "open": "7.859",
            "high": "7.859",
            "low": "7.859",
            "close": "7.877"
        },
        {
            "time": "10.07.2021 04:25",
            "open": "7.877",
            "high": "7.877",
            "low": "7.877",
            "close": "7.828"
        },
        {
            "time": "10.07.2021 04:40",
            "open": "7.828",
            "high": "7.828",
            "low": "7.828",
            "close": "7.817"
        },
        {
            "time": "10.07.2021 04:54",
            "open": "7.817",
            "high": "7.817",
            "low": "7.811",
            "close": "7.823"
        },
        {
            "time": "10.07.2021 05:05",
            "open": "7.823",
            "high": "7.823",
            "low": "7.823",
            "close": "7.769"
        },
        {
            "time": "10.07.2021 05:53",
            "open": "7.769",
            "high": "7.769",
            "low": "7.769",
            "close": "7.771"
        },
        {
            "time": "10.07.2021 05:54",
            "open": "7.771",
            "high": "7.773",
            "low": "7.771",
            "close": "7.771"
        },
        {
            "time": "10.07.2021 05:55",
            "open": "7.771",
            "high": "7.771",
            "low": "7.771",
            "close": "7.778"
        },
        {
            "time": "10.07.2021 06:24",
            "open": "7.778",
            "high": "7.778",
            "low": "7.763",
            "close": "7.726"
        },
        {
            "time": "10.07.2021 06:48",
            "open": "7.726",
            "high": "7.726",
            "low": "7.726",
            "close": "7.713"
        },
        {
            "time": "10.07.2021 06:49",
            "open": "7.713",
            "high": "7.713",
            "low": "7.713",
            "close": "7.717"
        },
        {
            "time": "10.07.2021 06:50",
            "open": "7.717",
            "high": "7.718",
            "low": "7.717",
            "close": "7.7"
        },
        {
            "time": "10.07.2021 07:00",
            "open": "7.7",
            "high": "7.7",
            "low": "7.685",
            "close": "7.68"
        },
        {
            "time": "10.07.2021 07:05",
            "open": "7.68",
            "high": "7.68",
            "low": "7.68",
            "close": "7.704"
        },
        {
            "time": "10.07.2021 07:06",
            "open": "7.704",
            "high": "7.704",
            "low": "7.704",
            "close": "7.704"
        },
        {
            "time": "10.07.2021 07:08",
            "open": "7.704",
            "high": "7.704",
            "low": "7.704",
            "close": "7.719"
        },
        {
            "time": "10.07.2021 07:13",
            "open": "7.719",
            "high": "7.725",
            "low": "7.719",
            "close": "7.735"
        },
        {
            "time": "10.07.2021 07:16",
            "open": "7.735",
            "high": "7.735",
            "low": "7.735",
            "close": "7.768"
        },
        {
            "time": "10.07.2021 07:17",
            "open": "7.768",
            "high": "7.768",
            "low": "7.768",
            "close": "7.748"
        },
        {
            "time": "10.07.2021 07:22",
            "open": "7.748",
            "high": "7.748",
            "low": "7.748",
            "close": "7.747"
        },
        {
            "time": "10.07.2021 07:23",
            "open": "7.747",
            "high": "7.755",
            "low": "7.747",
            "close": "7.733"
        },
        {
            "time": "10.07.2021 07:24",
            "open": "7.733",
            "high": "7.733",
            "low": "7.733",
            "close": "7.747"
        },
        {
            "time": "10.07.2021 07:28",
            "open": "7.747",
            "high": "7.747",
            "low": "7.747",
            "close": "7.764"
        },
        {
            "time": "10.07.2021 07:46",
            "open": "7.764",
            "high": "7.764",
            "low": "7.764",
            "close": "7.769"
        },
        {
            "time": "10.07.2021 07:51",
            "open": "7.769",
            "high": "7.769",
            "low": "7.769",
            "close": "7.764"
        },
        {
            "time": "10.07.2021 08:28",
            "open": "7.764",
            "high": "7.771",
            "low": "7.764",
            "close": "7.745"
        },
        {
            "time": "10.07.2021 08:51",
            "open": "7.745",
            "high": "7.745",
            "low": "7.745",
            "close": "7.774"
        },
        {
            "time": "10.07.2021 08:53",
            "open": "7.774",
            "high": "7.774",
            "low": "7.774",
            "close": "7.78"
        },
        {
            "time": "10.07.2021 08:54",
            "open": "7.78",
            "high": "7.78",
            "low": "7.778",
            "close": "7.741"
        },
        {
            "time": "10.07.2021 09:16",
            "open": "7.741",
            "high": "7.741",
            "low": "7.741",
            "close": "7.731"
        },
        {
            "time": "10.07.2021 09:19",
            "open": "7.731",
            "high": "7.731",
            "low": "7.731",
            "close": "7.719"
        },
        {
            "time": "10.07.2021 09:33",
            "open": "7.719",
            "high": "7.719",
            "low": "7.719",
            "close": "7.74"
        },
        {
            "time": "10.07.2021 09:39",
            "open": "7.74",
            "high": "7.74",
            "low": "7.74",
            "close": "7.749"
        },
        {
            "time": "10.07.2021 09:43",
            "open": "7.749",
            "high": "7.749",
            "low": "7.749",
            "close": "7.741"
        },
        {
            "time": "10.07.2021 10:05",
            "open": "7.741",
            "high": "7.741",
            "low": "7.738",
            "close": "7.728"
        },
        {
            "time": "10.07.2021 10:43",
            "open": "7.728",
            "high": "7.728",
            "low": "7.728",
            "close": "7.736"
        },
        {
            "time": "10.07.2021 10:52",
            "open": "7.736",
            "high": "7.736",
            "low": "7.735",
            "close": "7.739"
        },
        {
            "time": "10.07.2021 11:25",
            "open": "7.739",
            "high": "7.739",
            "low": "7.739",
            "close": "7.752"
        },
        {
            "time": "10.07.2021 11:28",
            "open": "7.752",
            "high": "7.752",
            "low": "7.752",
            "close": "7.738"
        },
        {
            "time": "10.07.2021 12:13",
            "open": "7.738",
            "high": "7.738",
            "low": "7.738",
            "close": "7.742"
        },
        {
            "time": "10.07.2021 12:15",
            "open": "7.742",
            "high": "7.742",
            "low": "7.742",
            "close": "7.719"
        },
        {
            "time": "10.07.2021 12:22",
            "open": "7.719",
            "high": "7.719",
            "low": "7.719",
            "close": "7.697"
        },
        {
            "time": "10.07.2021 12:34",
            "open": "7.697",
            "high": "7.697",
            "low": "7.697",
            "close": "7.704"
        },
        {
            "time": "10.07.2021 12:35",
            "open": "7.704",
            "high": "7.704",
            "low": "7.704",
            "close": "7.7"
        },
        {
            "time": "10.07.2021 12:50",
            "open": "7.7",
            "high": "7.7",
            "low": "7.7",
            "close": "7.677"
        },
        {
            "time": "10.07.2021 12:56",
            "open": "7.677",
            "high": "7.677",
            "low": "7.67",
            "close": "7.671"
        },
        {
            "time": "10.07.2021 13:00",
            "open": "7.671",
            "high": "7.671",
            "low": "7.671",
            "close": "7.685"
        },
        {
            "time": "10.07.2021 13:09",
            "open": "7.685",
            "high": "7.685",
            "low": "7.685",
            "close": "7.674"
        },
        {
            "time": "10.07.2021 13:13",
            "open": "7.674",
            "high": "7.674",
            "low": "7.673",
            "close": "7.676"
        },
        {
            "time": "10.07.2021 13:17",
            "open": "7.676",
            "high": "7.676",
            "low": "7.676",
            "close": "7.733"
        },
        {
            "time": "10.07.2021 13:36",
            "open": "7.733",
            "high": "7.733",
            "low": "7.733",
            "close": "7.726"
        },
        {
            "time": "10.07.2021 13:49",
            "open": "7.726",
            "high": "7.726",
            "low": "7.726",
            "close": "7.695"
        },
        {
            "time": "10.07.2021 14:13",
            "open": "7.695",
            "high": "7.695",
            "low": "7.695",
            "close": "7.717"
        },
        {
            "time": "10.07.2021 14:20",
            "open": "7.717",
            "high": "7.724",
            "low": "7.717",
            "close": "7.732"
        },
        {
            "time": "10.07.2021 14:21",
            "open": "7.732",
            "high": "7.732",
            "low": "7.709",
            "close": "7.678"
        },
        {
            "time": "10.07.2021 14:25",
            "open": "7.678",
            "high": "7.678",
            "low": "7.678",
            "close": "7.678"
        },
        {
            "time": "10.07.2021 14:33",
            "open": "7.678",
            "high": "7.678",
            "low": "7.678",
            "close": "7.678"
        },
        {
            "time": "10.07.2021 14:34",
            "open": "7.678",
            "high": "7.678",
            "low": "7.678",
            "close": "7.69"
        },
        {
            "time": "10.07.2021 14:54",
            "open": "7.69",
            "high": "7.69",
            "low": "7.69",
            "close": "7.672"
        },
        {
            "time": "10.07.2021 14:59",
            "open": "7.672",
            "high": "7.672",
            "low": "7.672",
            "close": "7.7"
        },
        {
            "time": "10.07.2021 15:04",
            "open": "7.7",
            "high": "7.703",
            "low": "7.7",
            "close": "7.709"
        },
        {
            "time": "10.07.2021 15:22",
            "open": "7.709",
            "high": "7.709",
            "low": "7.709",
            "close": "7.706"
        },
        {
            "time": "10.07.2021 15:33",
            "open": "7.706",
            "high": "7.706",
            "low": "7.706",
            "close": "7.681"
        },
        {
            "time": "10.07.2021 15:39",
            "open": "7.681",
            "high": "7.682",
            "low": "7.681",
            "close": "7.682"
        },
        {
            "time": "10.07.2021 15:41",
            "open": "7.682",
            "high": "7.682",
            "low": "7.682",
            "close": "7.675"
        },
        {
            "time": "10.07.2021 15:51",
            "open": "7.675",
            "high": "7.675",
            "low": "7.675",
            "close": "7.66"
        },
        {
            "time": "10.07.2021 16:22",
            "open": "7.66",
            "high": "7.66",
            "low": "7.66",
            "close": "7.67"
        },
        {
            "time": "10.07.2021 16:26",
            "open": "7.67",
            "high": "7.67",
            "low": "7.67",
            "close": "7.663"
        },
        {
            "time": "10.07.2021 16:29",
            "open": "7.663",
            "high": "7.663",
            "low": "7.663",
            "close": "7.648"
        },
        {
            "time": "10.07.2021 16:48",
            "open": "7.648",
            "high": "7.648",
            "low": "7.648",
            "close": "7.681"
        },
        {
            "time": "10.07.2021 16:54",
            "open": "7.681",
            "high": "7.681",
            "low": "7.681",
            "close": "7.69"
        },
        {
            "time": "10.07.2021 16:56",
            "open": "7.69",
            "high": "7.69",
            "low": "7.69",
            "close": "7.689"
        },
        {
            "time": "10.07.2021 17:07",
            "open": "7.689",
            "high": "7.689",
            "low": "7.689",
            "close": "7.671"
        },
        {
            "time": "10.07.2021 17:13",
            "open": "7.671",
            "high": "7.671",
            "low": "7.671",
            "close": "7.714"
        },
        {
            "time": "10.07.2021 17:36",
            "open": "7.714",
            "high": "7.714",
            "low": "7.714",
            "close": "7.728"
        },
        {
            "time": "10.07.2021 17:39",
            "open": "7.728",
            "high": "7.728",
            "low": "7.728",
            "close": "7.702"
        },
        {
            "time": "10.07.2021 17:41",
            "open": "7.702",
            "high": "7.702",
            "low": "7.702",
            "close": "7.674"
        },
        {
            "time": "10.07.2021 18:14",
            "open": "7.674",
            "high": "7.674",
            "low": "7.657",
            "close": "7.671"
        },
        {
            "time": "10.07.2021 18:21",
            "open": "7.671",
            "high": "7.672",
            "low": "7.671",
            "close": "7.692"
        },
        {
            "time": "10.07.2021 18:23",
            "open": "7.692",
            "high": "7.692",
            "low": "7.692",
            "close": "7.723"
        },
        {
            "time": "10.07.2021 18:26",
            "open": "7.723",
            "high": "7.723",
            "low": "7.723",
            "close": "7.743"
        },
        {
            "time": "10.07.2021 18:36",
            "open": "7.743",
            "high": "7.746",
            "low": "7.743",
            "close": "7.709"
        },
        {
            "time": "10.07.2021 18:56",
            "open": "7.709",
            "high": "7.709",
            "low": "7.709",
            "close": "7.709"
        },
        {
            "time": "10.07.2021 18:58",
            "open": "7.709",
            "high": "7.709",
            "low": "7.695",
            "close": "7.629"
        },
        {
            "time": "10.07.2021 19:11",
            "open": "7.629",
            "high": "7.629",
            "low": "7.616",
            "close": "7.609"
        },
        {
            "time": "10.07.2021 19:12",
            "open": "7.609",
            "high": "7.609",
            "low": "7.597",
            "close": "7.597"
        },
        {
            "time": "10.07.2021 19:13",
            "open": "7.597",
            "high": "7.597",
            "low": "7.595",
            "close": "7.572"
        },
        {
            "time": "10.07.2021 19:16",
            "open": "7.572",
            "high": "7.572",
            "low": "7.572",
            "close": "7.592"
        },
        {
            "time": "10.07.2021 19:19",
            "open": "7.592",
            "high": "7.592",
            "low": "7.592",
            "close": "7.575"
        },
        {
            "time": "10.07.2021 19:22",
            "open": "7.575",
            "high": "7.575",
            "low": "7.575",
            "close": "7.559"
        },
        {
            "time": "10.07.2021 19:29",
            "open": "7.559",
            "high": "7.559",
            "low": "7.55",
            "close": "7.554"
        },
        {
            "time": "10.07.2021 19:32",
            "open": "7.554",
            "high": "7.554",
            "low": "7.554",
            "close": "7.55"
        },
        {
            "time": "10.07.2021 19:36",
            "open": "7.55",
            "high": "7.55",
            "low": "7.546",
            "close": "7.532"
        },
        {
            "time": "10.07.2021 19:37",
            "open": "7.532",
            "high": "7.532",
            "low": "7.529",
            "close": "7.52"
        },
        {
            "time": "10.07.2021 19:51",
            "open": "7.52",
            "high": "7.52",
            "low": "7.487",
            "close": "7.537"
        },
        {
            "time": "10.07.2021 19:52",
            "open": "7.537",
            "high": "7.537",
            "low": "7.537",
            "close": "7.524"
        },
        {
            "time": "10.07.2021 19:54",
            "open": "7.524",
            "high": "7.524",
            "low": "7.514",
            "close": "7.524"
        },
        {
            "time": "10.07.2021 19:56",
            "open": "7.524",
            "high": "7.524",
            "low": "7.524",
            "close": "7.525"
        },
        {
            "time": "10.07.2021 19:58",
            "open": "7.525",
            "high": "7.525",
            "low": "7.525",
            "close": "7.534"
        },
        {
            "time": "10.07.2021 20:06",
            "open": "7.534",
            "high": "7.535",
            "low": "7.531",
            "close": "7.517"
        },
        {
            "time": "10.07.2021 20:08",
            "open": "7.517",
            "high": "7.517",
            "low": "7.514",
            "close": "7.525"
        },
        {
            "time": "10.07.2021 20:12",
            "open": "7.525",
            "high": "7.525",
            "low": "7.525",
            "close": "7.524"
        },
        {
            "time": "10.07.2021 20:17",
            "open": "7.524",
            "high": "7.524",
            "low": "7.524",
            "close": "7.522"
        },
        {
            "time": "10.07.2021 20:19",
            "open": "7.522",
            "high": "7.522",
            "low": "7.516",
            "close": "7.536"
        },
        {
            "time": "10.07.2021 20:36",
            "open": "7.536",
            "high": "7.536",
            "low": "7.536",
            "close": "7.531"
        },
        {
            "time": "10.07.2021 20:37",
            "open": "7.531",
            "high": "7.531",
            "low": "7.531",
            "close": "7.529"
        },
        {
            "time": "10.07.2021 20:45",
            "open": "7.529",
            "high": "7.529",
            "low": "7.529",
            "close": "7.54"
        },
        {
            "time": "10.07.2021 20:51",
            "open": "7.54",
            "high": "7.54",
            "low": "7.54",
            "close": "7.591"
        },
        {
            "time": "10.07.2021 21:06",
            "open": "7.591",
            "high": "7.593",
            "low": "7.591",
            "close": "7.602"
        },
        {
            "time": "10.07.2021 21:07",
            "open": "7.602",
            "high": "7.602",
            "low": "7.602",
            "close": "7.588"
        },
        {
            "time": "10.07.2021 21:08",
            "open": "7.588",
            "high": "7.588",
            "low": "7.588",
            "close": "7.577"
        },
        {
            "time": "10.07.2021 21:19",
            "open": "7.577",
            "high": "7.593",
            "low": "7.568",
            "close": "7.591"
        },
        {
            "time": "10.07.2021 21:20",
            "open": "7.591",
            "high": "7.591",
            "low": "7.573",
            "close": "7.574"
        },
        {
            "time": "10.07.2021 21:26",
            "open": "7.574",
            "high": "7.574",
            "low": "7.574",
            "close": "7.556"
        },
        {
            "time": "10.07.2021 21:33",
            "open": "7.556",
            "high": "7.556",
            "low": "7.556",
            "close": "7.564"
        },
        {
            "time": "10.07.2021 21:43",
            "open": "7.564",
            "high": "7.564",
            "low": "7.564",
            "close": "7.558"
        },
        {
            "time": "10.07.2021 22:07",
            "open": "7.558",
            "high": "7.558",
            "low": "7.558",
            "close": "7.55"
        },
        {
            "time": "10.07.2021 22:10",
            "open": "7.55",
            "high": "7.55",
            "low": "7.55",
            "close": "7.514"
        },
        {
            "time": "10.07.2021 22:13",
            "open": "7.514",
            "high": "7.545",
            "low": "7.514",
            "close": "7.561"
        },
        {
            "time": "10.07.2021 22:22",
            "open": "7.561",
            "high": "7.561",
            "low": "7.561",
            "close": "7.563"
        },
        {
            "time": "10.07.2021 22:23",
            "open": "7.563",
            "high": "7.571",
            "low": "7.563",
            "close": "7.553"
        },
        {
            "time": "10.07.2021 22:28",
            "open": "7.553",
            "high": "7.553",
            "low": "7.553",
            "close": "7.581"
        },
        {
            "time": "10.07.2021 22:31",
            "open": "7.581",
            "high": "7.581",
            "low": "7.581",
            "close": "7.611"
        },
        {
            "time": "10.07.2021 22:41",
            "open": "7.611",
            "high": "7.611",
            "low": "7.61",
            "close": "7.598"
        },
        {
            "time": "10.07.2021 22:45",
            "open": "7.598",
            "high": "7.604",
            "low": "7.598",
            "close": "7.61"
        },
        {
            "time": "10.07.2021 22:46",
            "open": "7.61",
            "high": "7.61",
            "low": "7.598",
            "close": "7.598"
        },
        {
            "time": "10.07.2021 23:00",
            "open": "7.598",
            "high": "7.598",
            "low": "7.598",
            "close": "7.621"
        }
    ]
}