{
    "UMA-EUR": [
        {
            "time": "26.12.2020 23:59",
            "open": "6.415",
            "high": "6.416",
            "low": "6.415",
            "close": "6.417"
        },
        {
            "time": "27.12.2020 00:03",
            "open": "6.417",
            "high": "6.417",
            "low": "6.417",
            "close": "6.44"
        },
        {
            "time": "27.12.2020 00:12",
            "open": "6.44",
            "high": "6.44",
            "low": "6.44",
            "close": "6.441"
        },
        {
            "time": "27.12.2020 00:20",
            "open": "6.441",
            "high": "6.441",
            "low": "6.441",
            "close": "6.425"
        },
        {
            "time": "27.12.2020 00:21",
            "open": "6.425",
            "high": "6.425",
            "low": "6.425",
            "close": "6.437"
        },
        {
            "time": "27.12.2020 00:22",
            "open": "6.437",
            "high": "6.437",
            "low": "6.437",
            "close": "6.41"
        },
        {
            "time": "27.12.2020 00:27",
            "open": "6.41",
            "high": "6.41",
            "low": "6.41",
            "close": "6.412"
        },
        {
            "time": "27.12.2020 00:28",
            "open": "6.412",
            "high": "6.412",
            "low": "6.403",
            "close": "6.403"
        },
        {
            "time": "27.12.2020 00:37",
            "open": "6.403",
            "high": "6.403",
            "low": "6.402",
            "close": "6.401"
        },
        {
            "time": "27.12.2020 00:38",
            "open": "6.401",
            "high": "6.401",
            "low": "6.401",
            "close": "6.402"
        },
        {
            "time": "27.12.2020 00:42",
            "open": "6.402",
            "high": "6.402",
            "low": "6.4",
            "close": "6.401"
        },
        {
            "time": "27.12.2020 00:51",
            "open": "6.401",
            "high": "6.401",
            "low": "6.4",
            "close": "6.441"
        },
        {
            "time": "27.12.2020 01:04",
            "open": "6.441",
            "high": "6.441",
            "low": "6.441",
            "close": "6.417"
        },
        {
            "time": "27.12.2020 01:11",
            "open": "6.417",
            "high": "6.43",
            "low": "6.417",
            "close": "6.408"
        },
        {
            "time": "27.12.2020 01:19",
            "open": "6.408",
            "high": "6.408",
            "low": "6.407",
            "close": "6.441"
        },
        {
            "time": "27.12.2020 01:31",
            "open": "6.441",
            "high": "6.441",
            "low": "6.441",
            "close": "6.452"
        },
        {
            "time": "27.12.2020 01:36",
            "open": "6.452",
            "high": "6.452",
            "low": "6.452",
            "close": "6.452"
        },
        {
            "time": "27.12.2020 01:43",
            "open": "6.452",
            "high": "6.472",
            "low": "6.452",
            "close": "6.433"
        },
        {
            "time": "27.12.2020 01:44",
            "open": "6.433",
            "high": "6.433",
            "low": "6.433",
            "close": "6.415"
        },
        {
            "time": "27.12.2020 01:49",
            "open": "6.415",
            "high": "6.415",
            "low": "6.415",
            "close": "6.439"
        },
        {
            "time": "27.12.2020 01:53",
            "open": "6.439",
            "high": "6.439",
            "low": "6.439",
            "close": "6.438"
        },
        {
            "time": "27.12.2020 02:07",
            "open": "6.438",
            "high": "6.438",
            "low": "6.438",
            "close": "6.43"
        },
        {
            "time": "27.12.2020 02:09",
            "open": "6.43",
            "high": "6.43",
            "low": "6.43",
            "close": "6.43"
        },
        {
            "time": "27.12.2020 02:11",
            "open": "6.43",
            "high": "6.43",
            "low": "6.43",
            "close": "6.408"
        },
        {
            "time": "27.12.2020 02:21",
            "open": "6.408",
            "high": "6.408",
            "low": "6.408",
            "close": "6.408"
        },
        {
            "time": "27.12.2020 02:22",
            "open": "6.408",
            "high": "6.408",
            "low": "6.408",
            "close": "6.404"
        },
        {
            "time": "27.12.2020 02:24",
            "open": "6.404",
            "high": "6.404",
            "low": "6.404",
            "close": "6.404"
        },
        {
            "time": "27.12.2020 02:25",
            "open": "6.404",
            "high": "6.404",
            "low": "6.402",
            "close": "6.419"
        },
        {
            "time": "27.12.2020 02:27",
            "open": "6.419",
            "high": "6.419",
            "low": "6.419",
            "close": "6.437"
        },
        {
            "time": "27.12.2020 02:50",
            "open": "6.437",
            "high": "6.437",
            "low": "6.437",
            "close": "6.433"
        },
        {
            "time": "27.12.2020 02:52",
            "open": "6.433",
            "high": "6.438",
            "low": "6.433",
            "close": "6.441"
        },
        {
            "time": "27.12.2020 02:53",
            "open": "6.441",
            "high": "6.458",
            "low": "6.441",
            "close": "6.457"
        },
        {
            "time": "27.12.2020 02:54",
            "open": "6.457",
            "high": "6.458",
            "low": "6.457",
            "close": "6.449"
        },
        {
            "time": "27.12.2020 02:56",
            "open": "6.449",
            "high": "6.449",
            "low": "6.449",
            "close": "6.457"
        },
        {
            "time": "27.12.2020 03:00",
            "open": "6.457",
            "high": "6.457",
            "low": "6.457",
            "close": "6.464"
        },
        {
            "time": "27.12.2020 03:01",
            "open": "6.464",
            "high": "6.464",
            "low": "6.464",
            "close": "6.48"
        },
        {
            "time": "27.12.2020 03:03",
            "open": "6.48",
            "high": "6.482",
            "low": "6.48",
            "close": "6.493"
        },
        {
            "time": "27.12.2020 03:06",
            "open": "6.493",
            "high": "6.493",
            "low": "6.493",
            "close": "6.49"
        },
        {
            "time": "27.12.2020 03:07",
            "open": "6.49",
            "high": "6.49",
            "low": "6.49",
            "close": "6.513"
        },
        {
            "time": "27.12.2020 03:09",
            "open": "6.513",
            "high": "6.513",
            "low": "6.513",
            "close": "6.513"
        },
        {
            "time": "27.12.2020 03:12",
            "open": "6.513",
            "high": "6.513",
            "low": "6.513",
            "close": "6.558"
        },
        {
            "time": "27.12.2020 03:13",
            "open": "6.558",
            "high": "6.559",
            "low": "6.504",
            "close": "6.564"
        },
        {
            "time": "27.12.2020 03:14",
            "open": "6.564",
            "high": "6.564",
            "low": "6.564",
            "close": "6.566"
        },
        {
            "time": "27.12.2020 03:15",
            "open": "6.566",
            "high": "6.566",
            "low": "6.566",
            "close": "6.58"
        },
        {
            "time": "27.12.2020 03:18",
            "open": "6.58",
            "high": "6.58",
            "low": "6.58",
            "close": "6.581"
        },
        {
            "time": "27.12.2020 03:20",
            "open": "6.581",
            "high": "6.601",
            "low": "6.581",
            "close": "6.607"
        },
        {
            "time": "27.12.2020 03:21",
            "open": "6.607",
            "high": "6.607",
            "low": "6.605",
            "close": "6.575"
        },
        {
            "time": "27.12.2020 03:22",
            "open": "6.575",
            "high": "6.608",
            "low": "6.575",
            "close": "6.607"
        },
        {
            "time": "27.12.2020 03:23",
            "open": "6.607",
            "high": "6.613",
            "low": "6.599",
            "close": "6.622"
        },
        {
            "time": "27.12.2020 03:25",
            "open": "6.622",
            "high": "6.669",
            "low": "6.622",
            "close": "6.647"
        },
        {
            "time": "27.12.2020 03:26",
            "open": "6.647",
            "high": "6.668",
            "low": "6.647",
            "close": "6.668"
        },
        {
            "time": "27.12.2020 03:27",
            "open": "6.668",
            "high": "6.696",
            "low": "6.602",
            "close": "6.599"
        },
        {
            "time": "27.12.2020 03:28",
            "open": "6.599",
            "high": "6.599",
            "low": "6.599",
            "close": "6.631"
        },
        {
            "time": "27.12.2020 03:29",
            "open": "6.631",
            "high": "6.638",
            "low": "6.631",
            "close": "6.625"
        },
        {
            "time": "27.12.2020 03:30",
            "open": "6.625",
            "high": "6.625",
            "low": "6.625",
            "close": "6.624"
        },
        {
            "time": "27.12.2020 03:33",
            "open": "6.624",
            "high": "6.624",
            "low": "6.605",
            "close": "6.612"
        },
        {
            "time": "27.12.2020 03:37",
            "open": "6.612",
            "high": "6.614",
            "low": "6.612",
            "close": "6.614"
        },
        {
            "time": "27.12.2020 03:42",
            "open": "6.614",
            "high": "6.618",
            "low": "6.614",
            "close": "6.613"
        },
        {
            "time": "27.12.2020 03:43",
            "open": "6.613",
            "high": "6.619",
            "low": "6.613",
            "close": "6.614"
        },
        {
            "time": "27.12.2020 03:46",
            "open": "6.614",
            "high": "6.634",
            "low": "6.613",
            "close": "6.61"
        },
        {
            "time": "27.12.2020 03:47",
            "open": "6.61",
            "high": "6.61",
            "low": "6.606",
            "close": "6.596"
        },
        {
            "time": "27.12.2020 03:48",
            "open": "6.596",
            "high": "6.604",
            "low": "6.577",
            "close": "6.603"
        },
        {
            "time": "27.12.2020 03:49",
            "open": "6.603",
            "high": "6.603",
            "low": "6.59",
            "close": "6.599"
        },
        {
            "time": "27.12.2020 03:50",
            "open": "6.599",
            "high": "6.599",
            "low": "6.592",
            "close": "6.595"
        },
        {
            "time": "27.12.2020 03:51",
            "open": "6.595",
            "high": "6.595",
            "low": "6.591",
            "close": "6.602"
        },
        {
            "time": "27.12.2020 03:52",
            "open": "6.602",
            "high": "6.602",
            "low": "6.594",
            "close": "6.602"
        },
        {
            "time": "27.12.2020 03:54",
            "open": "6.602",
            "high": "6.602",
            "low": "6.602",
            "close": "6.574"
        },
        {
            "time": "27.12.2020 03:56",
            "open": "6.574",
            "high": "6.574",
            "low": "6.574",
            "close": "6.59"
        },
        {
            "time": "27.12.2020 04:00",
            "open": "6.59",
            "high": "6.59",
            "low": "6.59",
            "close": "6.558"
        },
        {
            "time": "27.12.2020 04:01",
            "open": "6.558",
            "high": "6.558",
            "low": "6.558",
            "close": "6.576"
        },
        {
            "time": "27.12.2020 04:04",
            "open": "6.576",
            "high": "6.576",
            "low": "6.576",
            "close": "6.531"
        },
        {
            "time": "27.12.2020 04:13",
            "open": "6.531",
            "high": "6.531",
            "low": "6.531",
            "close": "6.521"
        },
        {
            "time": "27.12.2020 04:31",
            "open": "6.521",
            "high": "6.521",
            "low": "6.521",
            "close": "6.51"
        },
        {
            "time": "27.12.2020 04:34",
            "open": "6.51",
            "high": "6.51",
            "low": "6.488",
            "close": "6.511"
        },
        {
            "time": "27.12.2020 04:54",
            "open": "6.511",
            "high": "6.511",
            "low": "6.511",
            "close": "6.504"
        },
        {
            "time": "27.12.2020 05:21",
            "open": "6.504",
            "high": "6.504",
            "low": "6.504",
            "close": "6.495"
        },
        {
            "time": "27.12.2020 05:24",
            "open": "6.495",
            "high": "6.495",
            "low": "6.495",
            "close": "6.516"
        },
        {
            "time": "27.12.2020 05:43",
            "open": "6.516",
            "high": "6.516",
            "low": "6.516",
            "close": "6.469"
        },
        {
            "time": "27.12.2020 05:53",
            "open": "6.469",
            "high": "6.469",
            "low": "6.469",
            "close": "6.497"
        },
        {
            "time": "27.12.2020 06:50",
            "open": "6.497",
            "high": "6.497",
            "low": "6.497",
            "close": "6.524"
        },
        {
            "time": "27.12.2020 07:15",
            "open": "6.524",
            "high": "6.539",
            "low": "6.524",
            "close": "6.531"
        },
        {
            "time": "27.12.2020 07:16",
            "open": "6.531",
            "high": "6.539",
            "low": "6.49",
            "close": "6.504"
        },
        {
            "time": "27.12.2020 07:46",
            "open": "6.504",
            "high": "6.504",
            "low": "6.504",
            "close": "6.496"
        },
        {
            "time": "27.12.2020 07:49",
            "open": "6.496",
            "high": "6.496",
            "low": "6.496",
            "close": "6.492"
        },
        {
            "time": "27.12.2020 08:01",
            "open": "6.492",
            "high": "6.492",
            "low": "6.449",
            "close": "6.479"
        },
        {
            "time": "27.12.2020 08:14",
            "open": "6.479",
            "high": "6.479",
            "low": "6.479",
            "close": "6.479"
        },
        {
            "time": "27.12.2020 08:23",
            "open": "6.479",
            "high": "6.479",
            "low": "6.473",
            "close": "6.476"
        },
        {
            "time": "27.12.2020 08:24",
            "open": "6.476",
            "high": "6.476",
            "low": "6.476",
            "close": "6.479"
        },
        {
            "time": "27.12.2020 08:26",
            "open": "6.479",
            "high": "6.479",
            "low": "6.479",
            "close": "6.457"
        },
        {
            "time": "27.12.2020 08:35",
            "open": "6.457",
            "high": "6.457",
            "low": "6.457",
            "close": "6.457"
        },
        {
            "time": "27.12.2020 08:40",
            "open": "6.457",
            "high": "6.457",
            "low": "6.448",
            "close": "6.439"
        },
        {
            "time": "27.12.2020 08:45",
            "open": "6.439",
            "high": "6.439",
            "low": "6.439",
            "close": "6.434"
        },
        {
            "time": "27.12.2020 08:53",
            "open": "6.434",
            "high": "6.434",
            "low": "6.434",
            "close": "6.431"
        },
        {
            "time": "27.12.2020 08:54",
            "open": "6.431",
            "high": "6.431",
            "low": "6.431",
            "close": "6.438"
        },
        {
            "time": "27.12.2020 08:56",
            "open": "6.438",
            "high": "6.438",
            "low": "6.438",
            "close": "6.428"
        },
        {
            "time": "27.12.2020 08:59",
            "open": "6.428",
            "high": "6.428",
            "low": "6.428",
            "close": "6.423"
        },
        {
            "time": "27.12.2020 09:05",
            "open": "6.423",
            "high": "6.423",
            "low": "6.423",
            "close": "6.472"
        },
        {
            "time": "27.12.2020 09:14",
            "open": "6.472",
            "high": "6.473",
            "low": "6.472",
            "close": "6.438"
        },
        {
            "time": "27.12.2020 09:15",
            "open": "6.438",
            "high": "6.438",
            "low": "6.438",
            "close": "6.475"
        },
        {
            "time": "27.12.2020 09:21",
            "open": "6.475",
            "high": "6.475",
            "low": "6.475",
            "close": "6.438"
        },
        {
            "time": "27.12.2020 09:23",
            "open": "6.438",
            "high": "6.438",
            "low": "6.438",
            "close": "6.416"
        },
        {
            "time": "27.12.2020 09:27",
            "open": "6.416",
            "high": "6.5",
            "low": "6.416",
            "close": "6.474"
        },
        {
            "time": "27.12.2020 09:28",
            "open": "6.474",
            "high": "6.533",
            "low": "6.474",
            "close": "6.533"
        },
        {
            "time": "27.12.2020 09:29",
            "open": "6.533",
            "high": "6.588",
            "low": "6.533",
            "close": "6.521"
        },
        {
            "time": "27.12.2020 09:30",
            "open": "6.521",
            "high": "6.521",
            "low": "6.521",
            "close": "6.573"
        },
        {
            "time": "27.12.2020 09:35",
            "open": "6.573",
            "high": "6.589",
            "low": "6.573",
            "close": "6.537"
        },
        {
            "time": "27.12.2020 09:42",
            "open": "6.537",
            "high": "6.546",
            "low": "6.537",
            "close": "6.547"
        },
        {
            "time": "27.12.2020 09:44",
            "open": "6.547",
            "high": "6.553",
            "low": "6.547",
            "close": "6.556"
        },
        {
            "time": "27.12.2020 09:50",
            "open": "6.556",
            "high": "6.593",
            "low": "6.556",
            "close": "6.596"
        },
        {
            "time": "27.12.2020 09:51",
            "open": "6.596",
            "high": "6.596",
            "low": "6.596",
            "close": "6.595"
        },
        {
            "time": "27.12.2020 09:56",
            "open": "6.595",
            "high": "6.595",
            "low": "6.595",
            "close": "6.473"
        },
        {
            "time": "27.12.2020 09:59",
            "open": "6.473",
            "high": "6.473",
            "low": "6.472",
            "close": "6.479"
        },
        {
            "time": "27.12.2020 10:00",
            "open": "6.479",
            "high": "6.479",
            "low": "6.479",
            "close": "6.446"
        },
        {
            "time": "27.12.2020 10:04",
            "open": "6.446",
            "high": "6.446",
            "low": "6.446",
            "close": "6.48"
        },
        {
            "time": "27.12.2020 10:05",
            "open": "6.48",
            "high": "6.48",
            "low": "6.48",
            "close": "6.5"
        },
        {
            "time": "27.12.2020 10:06",
            "open": "6.5",
            "high": "6.5",
            "low": "6.481",
            "close": "6.5"
        },
        {
            "time": "27.12.2020 10:07",
            "open": "6.5",
            "high": "6.521",
            "low": "6.5",
            "close": "6.476"
        },
        {
            "time": "27.12.2020 10:11",
            "open": "6.476",
            "high": "6.476",
            "low": "6.476",
            "close": "6.476"
        },
        {
            "time": "27.12.2020 10:13",
            "open": "6.476",
            "high": "6.476",
            "low": "6.459",
            "close": "6.478"
        },
        {
            "time": "27.12.2020 10:27",
            "open": "6.478",
            "high": "6.478",
            "low": "6.477",
            "close": "6.508"
        },
        {
            "time": "27.12.2020 10:30",
            "open": "6.508",
            "high": "6.508",
            "low": "6.508",
            "close": "6.483"
        },
        {
            "time": "27.12.2020 10:33",
            "open": "6.483",
            "high": "6.483",
            "low": "6.483",
            "close": "6.532"
        },
        {
            "time": "27.12.2020 10:35",
            "open": "6.532",
            "high": "6.594",
            "low": "6.532",
            "close": "6.497"
        },
        {
            "time": "27.12.2020 10:37",
            "open": "6.497",
            "high": "6.497",
            "low": "6.497",
            "close": "6.467"
        },
        {
            "time": "27.12.2020 10:41",
            "open": "6.467",
            "high": "6.467",
            "low": "6.467",
            "close": "6.506"
        },
        {
            "time": "27.12.2020 10:45",
            "open": "6.506",
            "high": "6.506",
            "low": "6.506",
            "close": "6.492"
        },
        {
            "time": "27.12.2020 10:48",
            "open": "6.492",
            "high": "6.492",
            "low": "6.492",
            "close": "6.474"
        },
        {
            "time": "27.12.2020 10:53",
            "open": "6.474",
            "high": "6.474",
            "low": "6.474",
            "close": "6.497"
        },
        {
            "time": "27.12.2020 10:56",
            "open": "6.497",
            "high": "6.497",
            "low": "6.497",
            "close": "6.493"
        },
        {
            "time": "27.12.2020 10:59",
            "open": "6.493",
            "high": "6.494",
            "low": "6.493",
            "close": "6.49"
        },
        {
            "time": "27.12.2020 11:02",
            "open": "6.49",
            "high": "6.49",
            "low": "6.49",
            "close": "6.473"
        },
        {
            "time": "27.12.2020 11:03",
            "open": "6.473",
            "high": "6.473",
            "low": "6.473",
            "close": "6.556"
        },
        {
            "time": "27.12.2020 11:19",
            "open": "6.556",
            "high": "6.556",
            "low": "6.556",
            "close": "6.496"
        },
        {
            "time": "27.12.2020 11:20",
            "open": "6.496",
            "high": "6.496",
            "low": "6.496",
            "close": "6.496"
        },
        {
            "time": "27.12.2020 11:24",
            "open": "6.496",
            "high": "6.496",
            "low": "6.496",
            "close": "6.497"
        },
        {
            "time": "27.12.2020 11:25",
            "open": "6.497",
            "high": "6.497",
            "low": "6.497",
            "close": "6.495"
        },
        {
            "time": "27.12.2020 11:27",
            "open": "6.495",
            "high": "6.496",
            "low": "6.495",
            "close": "6.516"
        },
        {
            "time": "27.12.2020 11:32",
            "open": "6.516",
            "high": "6.517",
            "low": "6.516",
            "close": "6.49"
        },
        {
            "time": "27.12.2020 11:40",
            "open": "6.49",
            "high": "6.49",
            "low": "6.489",
            "close": "6.506"
        },
        {
            "time": "27.12.2020 11:41",
            "open": "6.506",
            "high": "6.506",
            "low": "6.505",
            "close": "6.499"
        },
        {
            "time": "27.12.2020 12:03",
            "open": "6.499",
            "high": "6.499",
            "low": "6.499",
            "close": "6.523"
        },
        {
            "time": "27.12.2020 12:04",
            "open": "6.523",
            "high": "6.523",
            "low": "6.523",
            "close": "6.52"
        },
        {
            "time": "27.12.2020 12:11",
            "open": "6.52",
            "high": "6.52",
            "low": "6.52",
            "close": "6.473"
        },
        {
            "time": "27.12.2020 12:19",
            "open": "6.473",
            "high": "6.473",
            "low": "6.473",
            "close": "6.475"
        },
        {
            "time": "27.12.2020 12:22",
            "open": "6.475",
            "high": "6.509",
            "low": "6.475",
            "close": "6.473"
        },
        {
            "time": "27.12.2020 12:24",
            "open": "6.473",
            "high": "6.473",
            "low": "6.457",
            "close": "6.43"
        },
        {
            "time": "27.12.2020 12:27",
            "open": "6.43",
            "high": "6.43",
            "low": "6.428",
            "close": "6.474"
        },
        {
            "time": "27.12.2020 12:29",
            "open": "6.474",
            "high": "6.475",
            "low": "6.474",
            "close": "6.457"
        },
        {
            "time": "27.12.2020 12:32",
            "open": "6.457",
            "high": "6.457",
            "low": "6.457",
            "close": "6.465"
        },
        {
            "time": "27.12.2020 12:33",
            "open": "6.465",
            "high": "6.465",
            "low": "6.464",
            "close": "6.429"
        },
        {
            "time": "27.12.2020 12:35",
            "open": "6.429",
            "high": "6.429",
            "low": "6.429",
            "close": "6.419"
        },
        {
            "time": "27.12.2020 12:38",
            "open": "6.419",
            "high": "6.419",
            "low": "6.382",
            "close": "6.382"
        },
        {
            "time": "27.12.2020 12:39",
            "open": "6.382",
            "high": "6.382",
            "low": "6.382",
            "close": "6.381"
        },
        {
            "time": "27.12.2020 12:41",
            "open": "6.381",
            "high": "6.381",
            "low": "6.38",
            "close": "6.366"
        },
        {
            "time": "27.12.2020 12:42",
            "open": "6.366",
            "high": "6.366",
            "low": "6.3",
            "close": "6.32"
        },
        {
            "time": "27.12.2020 12:43",
            "open": "6.32",
            "high": "6.336",
            "low": "6.32",
            "close": "6.329"
        },
        {
            "time": "27.12.2020 12:44",
            "open": "6.329",
            "high": "6.329",
            "low": "6.329",
            "close": "6.332"
        },
        {
            "time": "27.12.2020 12:45",
            "open": "6.332",
            "high": "6.353",
            "low": "6.332",
            "close": "6.358"
        },
        {
            "time": "27.12.2020 12:46",
            "open": "6.358",
            "high": "6.358",
            "low": "6.358",
            "close": "6.339"
        },
        {
            "time": "27.12.2020 12:47",
            "open": "6.339",
            "high": "6.339",
            "low": "6.339",
            "close": "6.356"
        },
        {
            "time": "27.12.2020 12:48",
            "open": "6.356",
            "high": "6.356",
            "low": "6.356",
            "close": "6.353"
        },
        {
            "time": "27.12.2020 12:49",
            "open": "6.353",
            "high": "6.354",
            "low": "6.353",
            "close": "6.345"
        },
        {
            "time": "27.12.2020 12:50",
            "open": "6.345",
            "high": "6.345",
            "low": "6.345",
            "close": "6.347"
        },
        {
            "time": "27.12.2020 12:52",
            "open": "6.347",
            "high": "6.36",
            "low": "6.344",
            "close": "6.361"
        },
        {
            "time": "27.12.2020 12:54",
            "open": "6.361",
            "high": "6.361",
            "low": "6.354",
            "close": "6.355"
        },
        {
            "time": "27.12.2020 12:57",
            "open": "6.355",
            "high": "6.362",
            "low": "6.355",
            "close": "6.396"
        },
        {
            "time": "27.12.2020 12:58",
            "open": "6.396",
            "high": "6.396",
            "low": "6.396",
            "close": "6.354"
        },
        {
            "time": "27.12.2020 13:07",
            "open": "6.354",
            "high": "6.354",
            "low": "6.354",
            "close": "6.348"
        },
        {
            "time": "27.12.2020 13:09",
            "open": "6.348",
            "high": "6.348",
            "low": "6.348",
            "close": "6.32"
        },
        {
            "time": "27.12.2020 13:10",
            "open": "6.32",
            "high": "6.32",
            "low": "6.286",
            "close": "6.338"
        },
        {
            "time": "27.12.2020 13:12",
            "open": "6.338",
            "high": "6.338",
            "low": "6.313",
            "close": "6.293"
        },
        {
            "time": "27.12.2020 13:13",
            "open": "6.293",
            "high": "6.312",
            "low": "6.293",
            "close": "6.312"
        },
        {
            "time": "27.12.2020 13:14",
            "open": "6.312",
            "high": "6.312",
            "low": "6.312",
            "close": "6.311"
        },
        {
            "time": "27.12.2020 13:16",
            "open": "6.311",
            "high": "6.311",
            "low": "6.311",
            "close": "6.313"
        },
        {
            "time": "27.12.2020 13:18",
            "open": "6.313",
            "high": "6.431",
            "low": "6.313",
            "close": "6.293"
        },
        {
            "time": "27.12.2020 13:21",
            "open": "6.293",
            "high": "6.293",
            "low": "6.293",
            "close": "6.293"
        },
        {
            "time": "27.12.2020 13:22",
            "open": "6.293",
            "high": "6.293",
            "low": "6.28",
            "close": "6.28"
        },
        {
            "time": "27.12.2020 13:23",
            "open": "6.28",
            "high": "6.332",
            "low": "6.274",
            "close": "6.295"
        },
        {
            "time": "27.12.2020 13:24",
            "open": "6.295",
            "high": "6.295",
            "low": "6.295",
            "close": "6.273"
        },
        {
            "time": "27.12.2020 13:26",
            "open": "6.273",
            "high": "6.273",
            "low": "6.263",
            "close": "6.266"
        },
        {
            "time": "27.12.2020 13:27",
            "open": "6.266",
            "high": "6.266",
            "low": "6.265",
            "close": "6.25"
        },
        {
            "time": "27.12.2020 13:28",
            "open": "6.25",
            "high": "6.276",
            "low": "6.25",
            "close": "6.261"
        },
        {
            "time": "27.12.2020 13:29",
            "open": "6.261",
            "high": "6.261",
            "low": "6.259",
            "close": "6.259"
        },
        {
            "time": "27.12.2020 13:30",
            "open": "6.259",
            "high": "6.259",
            "low": "6.239",
            "close": "6.262"
        },
        {
            "time": "27.12.2020 13:31",
            "open": "6.262",
            "high": "6.262",
            "low": "6.262",
            "close": "6.263"
        },
        {
            "time": "27.12.2020 13:33",
            "open": "6.263",
            "high": "6.28",
            "low": "6.263",
            "close": "6.274"
        },
        {
            "time": "27.12.2020 13:34",
            "open": "6.274",
            "high": "6.31",
            "low": "6.263",
            "close": "6.295"
        },
        {
            "time": "27.12.2020 13:35",
            "open": "6.295",
            "high": "6.295",
            "low": "6.277",
            "close": "6.314"
        },
        {
            "time": "27.12.2020 13:37",
            "open": "6.314",
            "high": "6.314",
            "low": "6.314",
            "close": "6.315"
        },
        {
            "time": "27.12.2020 13:39",
            "open": "6.315",
            "high": "6.315",
            "low": "6.315",
            "close": "6.316"
        },
        {
            "time": "27.12.2020 13:40",
            "open": "6.316",
            "high": "6.316",
            "low": "6.315",
            "close": "6.327"
        },
        {
            "time": "27.12.2020 13:41",
            "open": "6.327",
            "high": "6.327",
            "low": "6.327",
            "close": "6.326"
        },
        {
            "time": "27.12.2020 13:42",
            "open": "6.326",
            "high": "6.326",
            "low": "6.326",
            "close": "6.326"
        },
        {
            "time": "27.12.2020 13:52",
            "open": "6.326",
            "high": "6.326",
            "low": "6.326",
            "close": "6.328"
        },
        {
            "time": "27.12.2020 13:54",
            "open": "6.328",
            "high": "6.347",
            "low": "6.328",
            "close": "6.346"
        },
        {
            "time": "27.12.2020 13:56",
            "open": "6.346",
            "high": "6.346",
            "low": "6.346",
            "close": "6.347"
        },
        {
            "time": "27.12.2020 14:03",
            "open": "6.347",
            "high": "6.347",
            "low": "6.347",
            "close": "6.361"
        },
        {
            "time": "27.12.2020 14:04",
            "open": "6.361",
            "high": "6.361",
            "low": "6.361",
            "close": "6.351"
        },
        {
            "time": "27.12.2020 14:15",
            "open": "6.351",
            "high": "6.362",
            "low": "6.351",
            "close": "6.363"
        },
        {
            "time": "27.12.2020 14:16",
            "open": "6.363",
            "high": "6.363",
            "low": "6.363",
            "close": "6.363"
        },
        {
            "time": "27.12.2020 14:19",
            "open": "6.363",
            "high": "6.363",
            "low": "6.363",
            "close": "6.335"
        },
        {
            "time": "27.12.2020 14:20",
            "open": "6.335",
            "high": "6.335",
            "low": "6.335",
            "close": "6.352"
        },
        {
            "time": "27.12.2020 14:23",
            "open": "6.352",
            "high": "6.352",
            "low": "6.352",
            "close": "6.343"
        },
        {
            "time": "27.12.2020 14:34",
            "open": "6.343",
            "high": "6.343",
            "low": "6.343",
            "close": "6.352"
        },
        {
            "time": "27.12.2020 14:40",
            "open": "6.352",
            "high": "6.352",
            "low": "6.352",
            "close": "6.374"
        },
        {
            "time": "27.12.2020 14:42",
            "open": "6.374",
            "high": "6.377",
            "low": "6.374",
            "close": "6.39"
        },
        {
            "time": "27.12.2020 14:53",
            "open": "6.39",
            "high": "6.403",
            "low": "6.39",
            "close": "6.405"
        },
        {
            "time": "27.12.2020 14:56",
            "open": "6.405",
            "high": "6.405",
            "low": "6.405",
            "close": "6.403"
        },
        {
            "time": "27.12.2020 14:57",
            "open": "6.403",
            "high": "6.415",
            "low": "6.403",
            "close": "6.431"
        },
        {
            "time": "27.12.2020 15:01",
            "open": "6.431",
            "high": "6.431",
            "low": "6.431",
            "close": "6.431"
        },
        {
            "time": "27.12.2020 15:02",
            "open": "6.431",
            "high": "6.484",
            "low": "6.431",
            "close": "6.488"
        },
        {
            "time": "27.12.2020 15:03",
            "open": "6.488",
            "high": "6.517",
            "low": "6.482",
            "close": "6.509"
        },
        {
            "time": "27.12.2020 15:04",
            "open": "6.509",
            "high": "6.509",
            "low": "6.509",
            "close": "6.539"
        },
        {
            "time": "27.12.2020 15:05",
            "open": "6.539",
            "high": "6.54",
            "low": "6.539",
            "close": "6.54"
        },
        {
            "time": "27.12.2020 15:06",
            "open": "6.54",
            "high": "6.54",
            "low": "6.54",
            "close": "6.54"
        },
        {
            "time": "27.12.2020 15:07",
            "open": "6.54",
            "high": "6.559",
            "low": "6.54",
            "close": "6.56"
        },
        {
            "time": "27.12.2020 15:08",
            "open": "6.56",
            "high": "6.56",
            "low": "6.56",
            "close": "6.561"
        },
        {
            "time": "27.12.2020 15:10",
            "open": "6.561",
            "high": "6.572",
            "low": "6.56",
            "close": "6.56"
        },
        {
            "time": "27.12.2020 15:14",
            "open": "6.56",
            "high": "6.56",
            "low": "6.56",
            "close": "6.56"
        },
        {
            "time": "27.12.2020 15:17",
            "open": "6.56",
            "high": "6.56",
            "low": "6.56",
            "close": "6.572"
        },
        {
            "time": "27.12.2020 15:19",
            "open": "6.572",
            "high": "6.572",
            "low": "6.572",
            "close": "6.572"
        },
        {
            "time": "27.12.2020 15:21",
            "open": "6.572",
            "high": "6.595",
            "low": "6.572",
            "close": "6.595"
        },
        {
            "time": "27.12.2020 15:22",
            "open": "6.595",
            "high": "6.595",
            "low": "6.595",
            "close": "6.595"
        },
        {
            "time": "27.12.2020 15:23",
            "open": "6.595",
            "high": "6.595",
            "low": "6.595",
            "close": "6.595"
        },
        {
            "time": "27.12.2020 15:24",
            "open": "6.595",
            "high": "6.623",
            "low": "6.595",
            "close": "6.624"
        },
        {
            "time": "27.12.2020 15:25",
            "open": "6.624",
            "high": "6.627",
            "low": "6.624",
            "close": "6.643"
        },
        {
            "time": "27.12.2020 15:26",
            "open": "6.643",
            "high": "6.643",
            "low": "6.643",
            "close": "6.657"
        },
        {
            "time": "27.12.2020 15:27",
            "open": "6.657",
            "high": "6.657",
            "low": "6.657",
            "close": "6.665"
        },
        {
            "time": "27.12.2020 15:28",
            "open": "6.665",
            "high": "6.684",
            "low": "6.665",
            "close": "6.684"
        },
        {
            "time": "27.12.2020 15:29",
            "open": "6.684",
            "high": "6.686",
            "low": "6.675",
            "close": "6.689"
        },
        {
            "time": "27.12.2020 15:31",
            "open": "6.689",
            "high": "6.69",
            "low": "6.689",
            "close": "6.69"
        },
        {
            "time": "27.12.2020 15:32",
            "open": "6.69",
            "high": "6.709",
            "low": "6.69",
            "close": "6.718"
        },
        {
            "time": "27.12.2020 15:33",
            "open": "6.718",
            "high": "6.718",
            "low": "6.718",
            "close": "6.719"
        },
        {
            "time": "27.12.2020 15:35",
            "open": "6.719",
            "high": "6.719",
            "low": "6.719",
            "close": "6.718"
        },
        {
            "time": "27.12.2020 15:36",
            "open": "6.718",
            "high": "6.719",
            "low": "6.718",
            "close": "6.719"
        },
        {
            "time": "27.12.2020 15:37",
            "open": "6.719",
            "high": "6.719",
            "low": "6.719",
            "close": "6.719"
        },
        {
            "time": "27.12.2020 15:38",
            "open": "6.719",
            "high": "6.721",
            "low": "6.719",
            "close": "6.708"
        },
        {
            "time": "27.12.2020 15:39",
            "open": "6.708",
            "high": "6.708",
            "low": "6.704",
            "close": "6.682"
        },
        {
            "time": "27.12.2020 15:40",
            "open": "6.682",
            "high": "6.713",
            "low": "6.682",
            "close": "6.691"
        },
        {
            "time": "27.12.2020 15:41",
            "open": "6.691",
            "high": "6.691",
            "low": "6.691",
            "close": "6.691"
        },
        {
            "time": "27.12.2020 15:42",
            "open": "6.691",
            "high": "6.725",
            "low": "6.69",
            "close": "6.728"
        },
        {
            "time": "27.12.2020 15:43",
            "open": "6.728",
            "high": "6.728",
            "low": "6.725",
            "close": "6.725"
        },
        {
            "time": "27.12.2020 15:44",
            "open": "6.725",
            "high": "6.729",
            "low": "6.725",
            "close": "6.729"
        },
        {
            "time": "27.12.2020 15:45",
            "open": "6.729",
            "high": "6.743",
            "low": "6.729",
            "close": "6.751"
        },
        {
            "time": "27.12.2020 15:47",
            "open": "6.751",
            "high": "6.751",
            "low": "6.751",
            "close": "6.768"
        },
        {
            "time": "27.12.2020 15:48",
            "open": "6.768",
            "high": "6.768",
            "low": "6.753",
            "close": "6.772"
        },
        {
            "time": "27.12.2020 15:49",
            "open": "6.772",
            "high": "6.788",
            "low": "6.772",
            "close": "6.788"
        },
        {
            "time": "27.12.2020 15:50",
            "open": "6.788",
            "high": "6.789",
            "low": "6.769",
            "close": "6.788"
        },
        {
            "time": "27.12.2020 15:51",
            "open": "6.788",
            "high": "6.789",
            "low": "6.782",
            "close": "6.789"
        },
        {
            "time": "27.12.2020 15:52",
            "open": "6.789",
            "high": "6.789",
            "low": "6.765",
            "close": "6.763"
        },
        {
            "time": "27.12.2020 15:53",
            "open": "6.763",
            "high": "6.763",
            "low": "6.751",
            "close": "6.751"
        },
        {
            "time": "27.12.2020 15:54",
            "open": "6.751",
            "high": "6.758",
            "low": "6.75",
            "close": "6.753"
        },
        {
            "time": "27.12.2020 15:55",
            "open": "6.753",
            "high": "6.753",
            "low": "6.753",
            "close": "6.777"
        },
        {
            "time": "27.12.2020 15:56",
            "open": "6.777",
            "high": "6.778",
            "low": "6.777",
            "close": "6.776"
        },
        {
            "time": "27.12.2020 15:57",
            "open": "6.776",
            "high": "6.776",
            "low": "6.75",
            "close": "6.764"
        },
        {
            "time": "27.12.2020 15:58",
            "open": "6.764",
            "high": "6.764",
            "low": "6.764",
            "close": "6.764"
        },
        {
            "time": "27.12.2020 15:59",
            "open": "6.764",
            "high": "6.764",
            "low": "6.764",
            "close": "6.753"
        },
        {
            "time": "27.12.2020 16:00",
            "open": "6.753",
            "high": "6.753",
            "low": "6.753",
            "close": "6.759"
        },
        {
            "time": "27.12.2020 16:01",
            "open": "6.759",
            "high": "6.785",
            "low": "6.759",
            "close": "6.785"
        },
        {
            "time": "27.12.2020 16:02",
            "open": "6.785",
            "high": "6.788",
            "low": "6.785",
            "close": "6.788"
        },
        {
            "time": "27.12.2020 16:03",
            "open": "6.788",
            "high": "6.789",
            "low": "6.765",
            "close": "6.78"
        },
        {
            "time": "27.12.2020 16:04",
            "open": "6.78",
            "high": "6.788",
            "low": "6.766",
            "close": "6.774"
        },
        {
            "time": "27.12.2020 16:05",
            "open": "6.774",
            "high": "6.78",
            "low": "6.774",
            "close": "6.789"
        },
        {
            "time": "27.12.2020 16:06",
            "open": "6.789",
            "high": "6.789",
            "low": "6.789",
            "close": "6.789"
        },
        {
            "time": "27.12.2020 16:07",
            "open": "6.789",
            "high": "6.789",
            "low": "6.787",
            "close": "6.789"
        },
        {
            "time": "27.12.2020 16:08",
            "open": "6.789",
            "high": "6.789",
            "low": "6.789",
            "close": "6.789"
        },
        {
            "time": "27.12.2020 16:09",
            "open": "6.789",
            "high": "6.794",
            "low": "6.789",
            "close": "6.792"
        },
        {
            "time": "27.12.2020 16:10",
            "open": "6.792",
            "high": "6.792",
            "low": "6.755",
            "close": "6.75"
        },
        {
            "time": "27.12.2020 16:11",
            "open": "6.75",
            "high": "6.755",
            "low": "6.744",
            "close": "6.751"
        },
        {
            "time": "27.12.2020 16:14",
            "open": "6.751",
            "high": "6.795",
            "low": "6.751",
            "close": "6.754"
        },
        {
            "time": "27.12.2020 16:15",
            "open": "6.754",
            "high": "6.754",
            "low": "6.753",
            "close": "6.749"
        },
        {
            "time": "27.12.2020 16:16",
            "open": "6.749",
            "high": "6.749",
            "low": "6.743",
            "close": "6.732"
        },
        {
            "time": "27.12.2020 16:18",
            "open": "6.732",
            "high": "6.732",
            "low": "6.653",
            "close": "6.678"
        },
        {
            "time": "27.12.2020 16:19",
            "open": "6.678",
            "high": "6.731",
            "low": "6.677",
            "close": "6.713"
        },
        {
            "time": "27.12.2020 16:20",
            "open": "6.713",
            "high": "6.713",
            "low": "6.703",
            "close": "6.653"
        },
        {
            "time": "27.12.2020 16:21",
            "open": "6.653",
            "high": "6.705",
            "low": "6.65",
            "close": "6.695"
        },
        {
            "time": "27.12.2020 16:22",
            "open": "6.695",
            "high": "6.712",
            "low": "6.693",
            "close": "6.658"
        },
        {
            "time": "27.12.2020 16:24",
            "open": "6.658",
            "high": "6.658",
            "low": "6.648",
            "close": "6.647"
        },
        {
            "time": "27.12.2020 16:25",
            "open": "6.647",
            "high": "6.648",
            "low": "6.642",
            "close": "6.636"
        },
        {
            "time": "27.12.2020 16:26",
            "open": "6.636",
            "high": "6.636",
            "low": "6.615",
            "close": "6.612"
        },
        {
            "time": "27.12.2020 16:27",
            "open": "6.612",
            "high": "6.618",
            "low": "6.612",
            "close": "6.637"
        },
        {
            "time": "27.12.2020 16:29",
            "open": "6.637",
            "high": "6.644",
            "low": "6.637",
            "close": "6.598"
        },
        {
            "time": "27.12.2020 16:30",
            "open": "6.598",
            "high": "6.643",
            "low": "6.597",
            "close": "6.641"
        },
        {
            "time": "27.12.2020 16:31",
            "open": "6.641",
            "high": "6.644",
            "low": "6.575",
            "close": "6.644"
        },
        {
            "time": "27.12.2020 16:32",
            "open": "6.644",
            "high": "6.644",
            "low": "6.641",
            "close": "6.644"
        },
        {
            "time": "27.12.2020 16:33",
            "open": "6.644",
            "high": "6.644",
            "low": "6.644",
            "close": "6.644"
        },
        {
            "time": "27.12.2020 16:34",
            "open": "6.644",
            "high": "6.648",
            "low": "6.644",
            "close": "6.648"
        },
        {
            "time": "27.12.2020 16:35",
            "open": "6.648",
            "high": "6.648",
            "low": "6.648",
            "close": "6.649"
        },
        {
            "time": "27.12.2020 16:36",
            "open": "6.649",
            "high": "6.649",
            "low": "6.648",
            "close": "6.659"
        },
        {
            "time": "27.12.2020 16:38",
            "open": "6.659",
            "high": "6.698",
            "low": "6.659",
            "close": "6.695"
        },
        {
            "time": "27.12.2020 16:39",
            "open": "6.695",
            "high": "6.705",
            "low": "6.695",
            "close": "6.663"
        },
        {
            "time": "27.12.2020 16:40",
            "open": "6.663",
            "high": "6.734",
            "low": "6.663",
            "close": "6.668"
        },
        {
            "time": "27.12.2020 16:42",
            "open": "6.668",
            "high": "6.668",
            "low": "6.668",
            "close": "6.668"
        },
        {
            "time": "27.12.2020 16:43",
            "open": "6.668",
            "high": "6.728",
            "low": "6.637",
            "close": "6.677"
        },
        {
            "time": "27.12.2020 16:44",
            "open": "6.677",
            "high": "6.684",
            "low": "6.677",
            "close": "6.677"
        },
        {
            "time": "27.12.2020 16:45",
            "open": "6.677",
            "high": "6.677",
            "low": "6.677",
            "close": "6.685"
        },
        {
            "time": "27.12.2020 16:47",
            "open": "6.685",
            "high": "6.686",
            "low": "6.685",
            "close": "6.685"
        },
        {
            "time": "27.12.2020 16:48",
            "open": "6.685",
            "high": "6.686",
            "low": "6.685",
            "close": "6.685"
        },
        {
            "time": "27.12.2020 16:49",
            "open": "6.685",
            "high": "6.686",
            "low": "6.624",
            "close": "6.67"
        },
        {
            "time": "27.12.2020 16:50",
            "open": "6.67",
            "high": "6.67",
            "low": "6.67",
            "close": "6.627"
        },
        {
            "time": "27.12.2020 16:51",
            "open": "6.627",
            "high": "6.627",
            "low": "6.624",
            "close": "6.67"
        },
        {
            "time": "27.12.2020 16:52",
            "open": "6.67",
            "high": "6.688",
            "low": "6.623",
            "close": "6.699"
        },
        {
            "time": "27.12.2020 16:55",
            "open": "6.699",
            "high": "6.7",
            "low": "6.699",
            "close": "6.706"
        },
        {
            "time": "27.12.2020 16:56",
            "open": "6.706",
            "high": "6.706",
            "low": "6.651",
            "close": "6.655"
        },
        {
            "time": "27.12.2020 16:57",
            "open": "6.655",
            "high": "6.671",
            "low": "6.647",
            "close": "6.654"
        },
        {
            "time": "27.12.2020 16:58",
            "open": "6.654",
            "high": "6.654",
            "low": "6.653",
            "close": "6.692"
        },
        {
            "time": "27.12.2020 17:01",
            "open": "6.692",
            "high": "6.692",
            "low": "6.692",
            "close": "6.742"
        },
        {
            "time": "27.12.2020 17:02",
            "open": "6.742",
            "high": "6.742",
            "low": "6.742",
            "close": "6.749"
        },
        {
            "time": "27.12.2020 17:03",
            "open": "6.749",
            "high": "6.749",
            "low": "6.66",
            "close": "6.712"
        },
        {
            "time": "27.12.2020 17:04",
            "open": "6.712",
            "high": "6.751",
            "low": "6.712",
            "close": "6.735"
        },
        {
            "time": "27.12.2020 17:05",
            "open": "6.735",
            "high": "6.772",
            "low": "6.735",
            "close": "6.794"
        },
        {
            "time": "27.12.2020 17:06",
            "open": "6.794",
            "high": "6.815",
            "low": "6.757",
            "close": "6.755"
        },
        {
            "time": "27.12.2020 17:07",
            "open": "6.755",
            "high": "6.778",
            "low": "6.748",
            "close": "6.778"
        },
        {
            "time": "27.12.2020 17:08",
            "open": "6.778",
            "high": "6.778",
            "low": "6.778",
            "close": "6.813"
        },
        {
            "time": "27.12.2020 17:09",
            "open": "6.813",
            "high": "6.813",
            "low": "6.813",
            "close": "6.814"
        },
        {
            "time": "27.12.2020 17:10",
            "open": "6.814",
            "high": "6.835",
            "low": "6.814",
            "close": "6.835"
        },
        {
            "time": "27.12.2020 17:11",
            "open": "6.835",
            "high": "6.835",
            "low": "6.795",
            "close": "6.798"
        },
        {
            "time": "27.12.2020 17:13",
            "open": "6.798",
            "high": "6.838",
            "low": "6.798",
            "close": "6.757"
        },
        {
            "time": "27.12.2020 17:14",
            "open": "6.757",
            "high": "6.757",
            "low": "6.71",
            "close": "6.757"
        },
        {
            "time": "27.12.2020 17:15",
            "open": "6.757",
            "high": "6.776",
            "low": "6.757",
            "close": "6.723"
        },
        {
            "time": "27.12.2020 17:16",
            "open": "6.723",
            "high": "6.761",
            "low": "6.723",
            "close": "6.688"
        },
        {
            "time": "27.12.2020 17:18",
            "open": "6.688",
            "high": "6.743",
            "low": "6.688",
            "close": "6.682"
        },
        {
            "time": "27.12.2020 17:20",
            "open": "6.682",
            "high": "6.708",
            "low": "6.679",
            "close": "6.706"
        },
        {
            "time": "27.12.2020 17:21",
            "open": "6.706",
            "high": "6.708",
            "low": "6.703",
            "close": "6.703"
        },
        {
            "time": "27.12.2020 17:22",
            "open": "6.703",
            "high": "6.703",
            "low": "6.67",
            "close": "6.678"
        },
        {
            "time": "27.12.2020 17:23",
            "open": "6.678",
            "high": "6.705",
            "low": "6.678",
            "close": "6.676"
        },
        {
            "time": "27.12.2020 17:25",
            "open": "6.676",
            "high": "6.676",
            "low": "6.676",
            "close": "6.676"
        },
        {
            "time": "27.12.2020 17:26",
            "open": "6.676",
            "high": "6.676",
            "low": "6.64",
            "close": "6.636"
        },
        {
            "time": "27.12.2020 17:27",
            "open": "6.636",
            "high": "6.636",
            "low": "6.615",
            "close": "6.614"
        },
        {
            "time": "27.12.2020 17:28",
            "open": "6.614",
            "high": "6.665",
            "low": "6.614",
            "close": "6.653"
        },
        {
            "time": "27.12.2020 17:29",
            "open": "6.653",
            "high": "6.653",
            "low": "6.651",
            "close": "6.652"
        },
        {
            "time": "27.12.2020 17:30",
            "open": "6.652",
            "high": "6.653",
            "low": "6.652",
            "close": "6.655"
        },
        {
            "time": "27.12.2020 17:31",
            "open": "6.655",
            "high": "6.663",
            "low": "6.655",
            "close": "6.665"
        },
        {
            "time": "27.12.2020 17:32",
            "open": "6.665",
            "high": "6.665",
            "low": "6.655",
            "close": "6.666"
        },
        {
            "time": "27.12.2020 17:35",
            "open": "6.666",
            "high": "6.666",
            "low": "6.602",
            "close": "6.6"
        },
        {
            "time": "27.12.2020 17:37",
            "open": "6.6",
            "high": "6.6",
            "low": "6.536",
            "close": "6.556"
        },
        {
            "time": "27.12.2020 17:38",
            "open": "6.556",
            "high": "6.556",
            "low": "6.556",
            "close": "6.597"
        },
        {
            "time": "27.12.2020 17:39",
            "open": "6.597",
            "high": "6.597",
            "low": "6.597",
            "close": "6.598"
        },
        {
            "time": "27.12.2020 17:40",
            "open": "6.598",
            "high": "6.626",
            "low": "6.57",
            "close": "6.583"
        },
        {
            "time": "27.12.2020 17:41",
            "open": "6.583",
            "high": "6.605",
            "low": "6.583",
            "close": "6.6"
        },
        {
            "time": "27.12.2020 17:42",
            "open": "6.6",
            "high": "6.627",
            "low": "6.6",
            "close": "6.627"
        },
        {
            "time": "27.12.2020 17:43",
            "open": "6.627",
            "high": "6.628",
            "low": "6.627",
            "close": "6.598"
        },
        {
            "time": "27.12.2020 17:44",
            "open": "6.598",
            "high": "6.602",
            "low": "6.583",
            "close": "6.628"
        },
        {
            "time": "27.12.2020 17:45",
            "open": "6.628",
            "high": "6.628",
            "low": "6.628",
            "close": "6.627"
        },
        {
            "time": "27.12.2020 17:46",
            "open": "6.627",
            "high": "6.627",
            "low": "6.582",
            "close": "6.622"
        },
        {
            "time": "27.12.2020 17:47",
            "open": "6.622",
            "high": "6.622",
            "low": "6.622",
            "close": "6.624"
        },
        {
            "time": "27.12.2020 17:51",
            "open": "6.624",
            "high": "6.624",
            "low": "6.624",
            "close": "6.589"
        },
        {
            "time": "27.12.2020 17:52",
            "open": "6.589",
            "high": "6.589",
            "low": "6.58",
            "close": "6.549"
        },
        {
            "time": "27.12.2020 17:53",
            "open": "6.549",
            "high": "6.561",
            "low": "6.549",
            "close": "6.548"
        },
        {
            "time": "27.12.2020 17:54",
            "open": "6.548",
            "high": "6.561",
            "low": "6.548",
            "close": "6.624"
        },
        {
            "time": "27.12.2020 17:57",
            "open": "6.624",
            "high": "6.624",
            "low": "6.621",
            "close": "6.6"
        },
        {
            "time": "27.12.2020 17:58",
            "open": "6.6",
            "high": "6.623",
            "low": "6.598",
            "close": "6.579"
        },
        {
            "time": "27.12.2020 17:59",
            "open": "6.579",
            "high": "6.624",
            "low": "6.579",
            "close": "6.587"
        },
        {
            "time": "27.12.2020 18:00",
            "open": "6.587",
            "high": "6.624",
            "low": "6.577",
            "close": "6.564"
        },
        {
            "time": "27.12.2020 18:01",
            "open": "6.564",
            "high": "6.565",
            "low": "6.563",
            "close": "6.562"
        },
        {
            "time": "27.12.2020 18:02",
            "open": "6.562",
            "high": "6.562",
            "low": "6.562",
            "close": "6.568"
        },
        {
            "time": "27.12.2020 18:03",
            "open": "6.568",
            "high": "6.568",
            "low": "6.568",
            "close": "6.604"
        },
        {
            "time": "27.12.2020 18:06",
            "open": "6.604",
            "high": "6.604",
            "low": "6.604",
            "close": "6.572"
        },
        {
            "time": "27.12.2020 18:08",
            "open": "6.572",
            "high": "6.572",
            "low": "6.572",
            "close": "6.569"
        },
        {
            "time": "27.12.2020 18:09",
            "open": "6.569",
            "high": "6.57",
            "low": "6.569",
            "close": "6.569"
        },
        {
            "time": "27.12.2020 18:10",
            "open": "6.569",
            "high": "6.569",
            "low": "6.569",
            "close": "6.569"
        },
        {
            "time": "27.12.2020 18:11",
            "open": "6.569",
            "high": "6.569",
            "low": "6.555",
            "close": "6.567"
        },
        {
            "time": "27.12.2020 18:12",
            "open": "6.567",
            "high": "6.567",
            "low": "6.567",
            "close": "6.555"
        },
        {
            "time": "27.12.2020 18:13",
            "open": "6.555",
            "high": "6.555",
            "low": "6.555",
            "close": "6.531"
        },
        {
            "time": "27.12.2020 18:15",
            "open": "6.531",
            "high": "6.531",
            "low": "6.527",
            "close": "6.528"
        },
        {
            "time": "27.12.2020 18:16",
            "open": "6.528",
            "high": "6.531",
            "low": "6.528",
            "close": "6.531"
        },
        {
            "time": "27.12.2020 18:18",
            "open": "6.531",
            "high": "6.531",
            "low": "6.531",
            "close": "6.531"
        },
        {
            "time": "27.12.2020 18:19",
            "open": "6.531",
            "high": "6.531",
            "low": "6.531",
            "close": "6.531"
        },
        {
            "time": "27.12.2020 18:21",
            "open": "6.531",
            "high": "6.557",
            "low": "6.531",
            "close": "6.57"
        },
        {
            "time": "27.12.2020 18:23",
            "open": "6.57",
            "high": "6.57",
            "low": "6.536",
            "close": "6.517"
        },
        {
            "time": "27.12.2020 18:26",
            "open": "6.517",
            "high": "6.517",
            "low": "6.51",
            "close": "6.507"
        },
        {
            "time": "27.12.2020 18:28",
            "open": "6.507",
            "high": "6.507",
            "low": "6.507",
            "close": "6.504"
        },
        {
            "time": "27.12.2020 18:29",
            "open": "6.504",
            "high": "6.504",
            "low": "6.504",
            "close": "6.536"
        },
        {
            "time": "27.12.2020 18:32",
            "open": "6.536",
            "high": "6.559",
            "low": "6.536",
            "close": "6.567"
        },
        {
            "time": "27.12.2020 18:33",
            "open": "6.567",
            "high": "6.567",
            "low": "6.558",
            "close": "6.538"
        },
        {
            "time": "27.12.2020 18:34",
            "open": "6.538",
            "high": "6.541",
            "low": "6.538",
            "close": "6.538"
        },
        {
            "time": "27.12.2020 18:35",
            "open": "6.538",
            "high": "6.57",
            "low": "6.537",
            "close": "6.514"
        },
        {
            "time": "27.12.2020 18:36",
            "open": "6.514",
            "high": "6.534",
            "low": "6.505",
            "close": "6.502"
        },
        {
            "time": "27.12.2020 18:37",
            "open": "6.502",
            "high": "6.507",
            "low": "6.502",
            "close": "6.505"
        },
        {
            "time": "27.12.2020 18:38",
            "open": "6.505",
            "high": "6.511",
            "low": "6.505",
            "close": "6.504"
        },
        {
            "time": "27.12.2020 18:39",
            "open": "6.504",
            "high": "6.56",
            "low": "6.504",
            "close": "6.541"
        },
        {
            "time": "27.12.2020 18:40",
            "open": "6.541",
            "high": "6.545",
            "low": "6.506",
            "close": "6.551"
        },
        {
            "time": "27.12.2020 18:41",
            "open": "6.551",
            "high": "6.551",
            "low": "6.545",
            "close": "6.505"
        },
        {
            "time": "27.12.2020 18:42",
            "open": "6.505",
            "high": "6.505",
            "low": "6.504",
            "close": "6.505"
        },
        {
            "time": "27.12.2020 18:44",
            "open": "6.505",
            "high": "6.505",
            "low": "6.505",
            "close": "6.505"
        },
        {
            "time": "27.12.2020 18:46",
            "open": "6.505",
            "high": "6.549",
            "low": "6.505",
            "close": "6.504"
        },
        {
            "time": "27.12.2020 18:47",
            "open": "6.504",
            "high": "6.539",
            "low": "6.503",
            "close": "6.517"
        },
        {
            "time": "27.12.2020 18:50",
            "open": "6.517",
            "high": "6.517",
            "low": "6.517",
            "close": "6.506"
        },
        {
            "time": "27.12.2020 18:52",
            "open": "6.506",
            "high": "6.506",
            "low": "6.506",
            "close": "6.501"
        },
        {
            "time": "27.12.2020 18:53",
            "open": "6.501",
            "high": "6.501",
            "low": "6.5",
            "close": "6.506"
        },
        {
            "time": "27.12.2020 18:55",
            "open": "6.506",
            "high": "6.506",
            "low": "6.506",
            "close": "6.504"
        },
        {
            "time": "27.12.2020 18:56",
            "open": "6.504",
            "high": "6.504",
            "low": "6.504",
            "close": "6.5"
        },
        {
            "time": "27.12.2020 18:57",
            "open": "6.5",
            "high": "6.5",
            "low": "6.5",
            "close": "6.505"
        },
        {
            "time": "27.12.2020 19:00",
            "open": "6.505",
            "high": "6.505",
            "low": "6.505",
            "close": "6.506"
        },
        {
            "time": "27.12.2020 19:01",
            "open": "6.506",
            "high": "6.508",
            "low": "6.506",
            "close": "6.489"
        },
        {
            "time": "27.12.2020 19:02",
            "open": "6.489",
            "high": "6.489",
            "low": "6.489",
            "close": "6.508"
        },
        {
            "time": "27.12.2020 19:03",
            "open": "6.508",
            "high": "6.528",
            "low": "6.48",
            "close": "6.516"
        },
        {
            "time": "27.12.2020 19:05",
            "open": "6.516",
            "high": "6.516",
            "low": "6.455",
            "close": "6.462"
        },
        {
            "time": "27.12.2020 19:06",
            "open": "6.462",
            "high": "6.462",
            "low": "6.459",
            "close": "6.46"
        },
        {
            "time": "27.12.2020 19:07",
            "open": "6.46",
            "high": "6.46",
            "low": "6.46",
            "close": "6.46"
        },
        {
            "time": "27.12.2020 19:08",
            "open": "6.46",
            "high": "6.46",
            "low": "6.46",
            "close": "6.47"
        },
        {
            "time": "27.12.2020 19:09",
            "open": "6.47",
            "high": "6.478",
            "low": "6.455",
            "close": "6.465"
        },
        {
            "time": "27.12.2020 19:10",
            "open": "6.465",
            "high": "6.465",
            "low": "6.465",
            "close": "6.463"
        },
        {
            "time": "27.12.2020 19:11",
            "open": "6.463",
            "high": "6.463",
            "low": "6.45",
            "close": "6.448"
        },
        {
            "time": "27.12.2020 19:13",
            "open": "6.448",
            "high": "6.448",
            "low": "6.446",
            "close": "6.445"
        },
        {
            "time": "27.12.2020 19:14",
            "open": "6.445",
            "high": "6.445",
            "low": "6.445",
            "close": "6.434"
        },
        {
            "time": "27.12.2020 19:17",
            "open": "6.434",
            "high": "6.434",
            "low": "6.434",
            "close": "6.433"
        },
        {
            "time": "27.12.2020 19:18",
            "open": "6.433",
            "high": "6.464",
            "low": "6.433",
            "close": "6.464"
        },
        {
            "time": "27.12.2020 19:20",
            "open": "6.464",
            "high": "6.465",
            "low": "6.464",
            "close": "6.466"
        },
        {
            "time": "27.12.2020 19:24",
            "open": "6.466",
            "high": "6.466",
            "low": "6.466",
            "close": "6.484"
        },
        {
            "time": "27.12.2020 19:25",
            "open": "6.484",
            "high": "6.523",
            "low": "6.464",
            "close": "6.536"
        },
        {
            "time": "27.12.2020 19:26",
            "open": "6.536",
            "high": "6.537",
            "low": "6.485",
            "close": "6.524"
        },
        {
            "time": "27.12.2020 19:31",
            "open": "6.524",
            "high": "6.524",
            "low": "6.524",
            "close": "6.468"
        },
        {
            "time": "27.12.2020 19:34",
            "open": "6.468",
            "high": "6.51",
            "low": "6.468",
            "close": "6.448"
        },
        {
            "time": "27.12.2020 19:36",
            "open": "6.448",
            "high": "6.448",
            "low": "6.448",
            "close": "6.47"
        },
        {
            "time": "27.12.2020 19:37",
            "open": "6.47",
            "high": "6.47",
            "low": "6.47",
            "close": "6.452"
        },
        {
            "time": "27.12.2020 19:38",
            "open": "6.452",
            "high": "6.457",
            "low": "6.448",
            "close": "6.452"
        },
        {
            "time": "27.12.2020 19:39",
            "open": "6.452",
            "high": "6.452",
            "low": "6.452",
            "close": "6.445"
        },
        {
            "time": "27.12.2020 19:40",
            "open": "6.445",
            "high": "6.445",
            "low": "6.445",
            "close": "6.466"
        },
        {
            "time": "27.12.2020 19:45",
            "open": "6.466",
            "high": "6.466",
            "low": "6.46",
            "close": "6.442"
        },
        {
            "time": "27.12.2020 19:46",
            "open": "6.442",
            "high": "6.474",
            "low": "6.436",
            "close": "6.464"
        },
        {
            "time": "27.12.2020 19:47",
            "open": "6.464",
            "high": "6.464",
            "low": "6.464",
            "close": "6.464"
        },
        {
            "time": "27.12.2020 19:49",
            "open": "6.464",
            "high": "6.464",
            "low": "6.448",
            "close": "6.517"
        },
        {
            "time": "27.12.2020 19:50",
            "open": "6.517",
            "high": "6.517",
            "low": "6.473",
            "close": "6.497"
        },
        {
            "time": "27.12.2020 19:51",
            "open": "6.497",
            "high": "6.497",
            "low": "6.497",
            "close": "6.428"
        },
        {
            "time": "27.12.2020 19:52",
            "open": "6.428",
            "high": "6.462",
            "low": "6.428",
            "close": "6.472"
        },
        {
            "time": "27.12.2020 19:58",
            "open": "6.472",
            "high": "6.472",
            "low": "6.472",
            "close": "6.468"
        },
        {
            "time": "27.12.2020 19:59",
            "open": "6.468",
            "high": "6.472",
            "low": "6.468",
            "close": "6.49"
        },
        {
            "time": "27.12.2020 20:00",
            "open": "6.49",
            "high": "6.491",
            "low": "6.49",
            "close": "6.53"
        },
        {
            "time": "27.12.2020 20:01",
            "open": "6.53",
            "high": "6.53",
            "low": "6.503",
            "close": "6.456"
        },
        {
            "time": "27.12.2020 20:04",
            "open": "6.456",
            "high": "6.485",
            "low": "6.456",
            "close": "6.458"
        },
        {
            "time": "27.12.2020 20:05",
            "open": "6.458",
            "high": "6.476",
            "low": "6.458",
            "close": "6.502"
        },
        {
            "time": "27.12.2020 20:07",
            "open": "6.502",
            "high": "6.51",
            "low": "6.502",
            "close": "6.539"
        },
        {
            "time": "27.12.2020 20:08",
            "open": "6.539",
            "high": "6.539",
            "low": "6.539",
            "close": "6.533"
        },
        {
            "time": "27.12.2020 20:10",
            "open": "6.533",
            "high": "6.538",
            "low": "6.528",
            "close": "6.554"
        },
        {
            "time": "27.12.2020 20:11",
            "open": "6.554",
            "high": "6.554",
            "low": "6.554",
            "close": "6.542"
        },
        {
            "time": "27.12.2020 20:13",
            "open": "6.542",
            "high": "6.542",
            "low": "6.542",
            "close": "6.566"
        },
        {
            "time": "27.12.2020 20:14",
            "open": "6.566",
            "high": "6.566",
            "low": "6.566",
            "close": "6.57"
        },
        {
            "time": "27.12.2020 20:17",
            "open": "6.57",
            "high": "6.57",
            "low": "6.57",
            "close": "6.57"
        },
        {
            "time": "27.12.2020 20:18",
            "open": "6.57",
            "high": "6.57",
            "low": "6.57",
            "close": "6.543"
        },
        {
            "time": "27.12.2020 20:20",
            "open": "6.543",
            "high": "6.567",
            "low": "6.543",
            "close": "6.567"
        },
        {
            "time": "27.12.2020 20:21",
            "open": "6.567",
            "high": "6.572",
            "low": "6.539",
            "close": "6.572"
        },
        {
            "time": "27.12.2020 20:22",
            "open": "6.572",
            "high": "6.572",
            "low": "6.572",
            "close": "6.543"
        },
        {
            "time": "27.12.2020 20:23",
            "open": "6.543",
            "high": "6.543",
            "low": "6.543",
            "close": "6.539"
        },
        {
            "time": "27.12.2020 20:25",
            "open": "6.539",
            "high": "6.539",
            "low": "6.539",
            "close": "6.544"
        },
        {
            "time": "27.12.2020 20:28",
            "open": "6.544",
            "high": "6.544",
            "low": "6.544",
            "close": "6.544"
        },
        {
            "time": "27.12.2020 20:30",
            "open": "6.544",
            "high": "6.544",
            "low": "6.544",
            "close": "6.581"
        },
        {
            "time": "27.12.2020 20:33",
            "open": "6.581",
            "high": "6.584",
            "low": "6.581",
            "close": "6.584"
        },
        {
            "time": "27.12.2020 20:37",
            "open": "6.584",
            "high": "6.586",
            "low": "6.584",
            "close": "6.584"
        },
        {
            "time": "27.12.2020 20:39",
            "open": "6.584",
            "high": "6.584",
            "low": "6.584",
            "close": "6.589"
        },
        {
            "time": "27.12.2020 20:40",
            "open": "6.589",
            "high": "6.602",
            "low": "6.589",
            "close": "6.584"
        },
        {
            "time": "27.12.2020 20:41",
            "open": "6.584",
            "high": "6.584",
            "low": "6.584",
            "close": "6.602"
        },
        {
            "time": "27.12.2020 20:42",
            "open": "6.602",
            "high": "6.603",
            "low": "6.555",
            "close": "6.603"
        },
        {
            "time": "27.12.2020 20:43",
            "open": "6.603",
            "high": "6.603",
            "low": "6.603",
            "close": "6.607"
        },
        {
            "time": "27.12.2020 20:45",
            "open": "6.607",
            "high": "6.607",
            "low": "6.607",
            "close": "6.607"
        },
        {
            "time": "27.12.2020 20:46",
            "open": "6.607",
            "high": "6.619",
            "low": "6.607",
            "close": "6.623"
        },
        {
            "time": "27.12.2020 20:47",
            "open": "6.623",
            "high": "6.626",
            "low": "6.62",
            "close": "6.625"
        },
        {
            "time": "27.12.2020 20:48",
            "open": "6.625",
            "high": "6.655",
            "low": "6.625",
            "close": "6.628"
        },
        {
            "time": "27.12.2020 20:49",
            "open": "6.628",
            "high": "6.651",
            "low": "6.628",
            "close": "6.639"
        },
        {
            "time": "27.12.2020 20:51",
            "open": "6.639",
            "high": "6.639",
            "low": "6.597",
            "close": "6.595"
        },
        {
            "time": "27.12.2020 20:52",
            "open": "6.595",
            "high": "6.636",
            "low": "6.595",
            "close": "6.635"
        },
        {
            "time": "27.12.2020 20:53",
            "open": "6.635",
            "high": "6.635",
            "low": "6.635",
            "close": "6.596"
        },
        {
            "time": "27.12.2020 20:54",
            "open": "6.596",
            "high": "6.596",
            "low": "6.596",
            "close": "6.636"
        },
        {
            "time": "27.12.2020 20:58",
            "open": "6.636",
            "high": "6.636",
            "low": "6.625",
            "close": "6.599"
        },
        {
            "time": "27.12.2020 20:59",
            "open": "6.599",
            "high": "6.599",
            "low": "6.596",
            "close": "6.633"
        },
        {
            "time": "27.12.2020 21:00",
            "open": "6.633",
            "high": "6.633",
            "low": "6.601",
            "close": "6.626"
        },
        {
            "time": "27.12.2020 21:01",
            "open": "6.626",
            "high": "6.631",
            "low": "6.616",
            "close": "6.616"
        },
        {
            "time": "27.12.2020 21:02",
            "open": "6.616",
            "high": "6.616",
            "low": "6.616",
            "close": "6.596"
        },
        {
            "time": "27.12.2020 21:04",
            "open": "6.596",
            "high": "6.596",
            "low": "6.543",
            "close": "6.542"
        },
        {
            "time": "27.12.2020 21:06",
            "open": "6.542",
            "high": "6.542",
            "low": "6.539",
            "close": "6.565"
        },
        {
            "time": "27.12.2020 21:07",
            "open": "6.565",
            "high": "6.566",
            "low": "6.538",
            "close": "6.53"
        },
        {
            "time": "27.12.2020 21:08",
            "open": "6.53",
            "high": "6.53",
            "low": "6.53",
            "close": "6.517"
        },
        {
            "time": "27.12.2020 21:10",
            "open": "6.517",
            "high": "6.517",
            "low": "6.511",
            "close": "6.511"
        },
        {
            "time": "27.12.2020 21:12",
            "open": "6.511",
            "high": "6.511",
            "low": "6.511",
            "close": "6.511"
        },
        {
            "time": "27.12.2020 21:13",
            "open": "6.511",
            "high": "6.511",
            "low": "6.511",
            "close": "6.511"
        },
        {
            "time": "27.12.2020 21:14",
            "open": "6.511",
            "high": "6.523",
            "low": "6.511",
            "close": "6.506"
        },
        {
            "time": "27.12.2020 21:19",
            "open": "6.506",
            "high": "6.506",
            "low": "6.497",
            "close": "6.489"
        },
        {
            "time": "27.12.2020 21:20",
            "open": "6.489",
            "high": "6.489",
            "low": "6.469",
            "close": "6.462"
        },
        {
            "time": "27.12.2020 21:21",
            "open": "6.462",
            "high": "6.489",
            "low": "6.454",
            "close": "6.449"
        },
        {
            "time": "27.12.2020 21:22",
            "open": "6.449",
            "high": "6.478",
            "low": "6.448",
            "close": "6.462"
        },
        {
            "time": "27.12.2020 21:25",
            "open": "6.462",
            "high": "6.463",
            "low": "6.462",
            "close": "6.463"
        },
        {
            "time": "27.12.2020 21:28",
            "open": "6.463",
            "high": "6.463",
            "low": "6.463",
            "close": "6.463"
        },
        {
            "time": "27.12.2020 21:30",
            "open": "6.463",
            "high": "6.463",
            "low": "6.463",
            "close": "6.458"
        },
        {
            "time": "27.12.2020 21:32",
            "open": "6.458",
            "high": "6.462",
            "low": "6.458",
            "close": "6.448"
        },
        {
            "time": "27.12.2020 21:33",
            "open": "6.448",
            "high": "6.46",
            "low": "6.429",
            "close": "6.448"
        },
        {
            "time": "27.12.2020 21:34",
            "open": "6.448",
            "high": "6.448",
            "low": "6.448",
            "close": "6.434"
        },
        {
            "time": "27.12.2020 21:35",
            "open": "6.434",
            "high": "6.454",
            "low": "6.434",
            "close": "6.445"
        },
        {
            "time": "27.12.2020 21:37",
            "open": "6.445",
            "high": "6.445",
            "low": "6.443",
            "close": "6.454"
        },
        {
            "time": "27.12.2020 21:47",
            "open": "6.454",
            "high": "6.454",
            "low": "6.452",
            "close": "6.452"
        },
        {
            "time": "27.12.2020 21:49",
            "open": "6.452",
            "high": "6.452",
            "low": "6.452",
            "close": "6.434"
        },
        {
            "time": "27.12.2020 21:50",
            "open": "6.434",
            "high": "6.454",
            "low": "6.434",
            "close": "6.443"
        },
        {
            "time": "27.12.2020 21:51",
            "open": "6.443",
            "high": "6.443",
            "low": "6.443",
            "close": "6.428"
        },
        {
            "time": "27.12.2020 21:53",
            "open": "6.428",
            "high": "6.428",
            "low": "6.428",
            "close": "6.425"
        },
        {
            "time": "27.12.2020 21:55",
            "open": "6.425",
            "high": "6.425",
            "low": "6.415",
            "close": "6.415"
        },
        {
            "time": "27.12.2020 21:56",
            "open": "6.415",
            "high": "6.415",
            "low": "6.407",
            "close": "6.387"
        },
        {
            "time": "27.12.2020 21:58",
            "open": "6.387",
            "high": "6.387",
            "low": "6.35",
            "close": "6.346"
        },
        {
            "time": "27.12.2020 21:59",
            "open": "6.346",
            "high": "6.363",
            "low": "6.346",
            "close": "6.363"
        },
        {
            "time": "27.12.2020 22:01",
            "open": "6.363",
            "high": "6.363",
            "low": "6.326",
            "close": "6.326"
        },
        {
            "time": "27.12.2020 22:04",
            "open": "6.326",
            "high": "6.328",
            "low": "6.325",
            "close": "6.378"
        },
        {
            "time": "27.12.2020 22:05",
            "open": "6.378",
            "high": "6.378",
            "low": "6.319",
            "close": "6.321"
        },
        {
            "time": "27.12.2020 22:06",
            "open": "6.321",
            "high": "6.321",
            "low": "6.321",
            "close": "6.336"
        },
        {
            "time": "27.12.2020 22:07",
            "open": "6.336",
            "high": "6.336",
            "low": "6.336",
            "close": "6.323"
        },
        {
            "time": "27.12.2020 22:08",
            "open": "6.323",
            "high": "6.325",
            "low": "6.321",
            "close": "6.32"
        },
        {
            "time": "27.12.2020 22:09",
            "open": "6.32",
            "high": "6.32",
            "low": "6.314",
            "close": "6.336"
        },
        {
            "time": "27.12.2020 22:10",
            "open": "6.336",
            "high": "6.336",
            "low": "6.336",
            "close": "6.336"
        },
        {
            "time": "27.12.2020 22:11",
            "open": "6.336",
            "high": "6.378",
            "low": "6.336",
            "close": "6.338"
        },
        {
            "time": "27.12.2020 22:14",
            "open": "6.338",
            "high": "6.338",
            "low": "6.338",
            "close": "6.336"
        },
        {
            "time": "27.12.2020 22:15",
            "open": "6.336",
            "high": "6.336",
            "low": "6.336",
            "close": "6.336"
        },
        {
            "time": "27.12.2020 22:16",
            "open": "6.336",
            "high": "6.387",
            "low": "6.336",
            "close": "6.332"
        },
        {
            "time": "27.12.2020 22:18",
            "open": "6.332",
            "high": "6.332",
            "low": "6.33",
            "close": "6.31"
        },
        {
            "time": "27.12.2020 22:19",
            "open": "6.31",
            "high": "6.31",
            "low": "6.306",
            "close": "6.306"
        },
        {
            "time": "27.12.2020 22:20",
            "open": "6.306",
            "high": "6.306",
            "low": "6.241",
            "close": "6.299"
        },
        {
            "time": "27.12.2020 22:21",
            "open": "6.299",
            "high": "6.299",
            "low": "6.299",
            "close": "6.24"
        },
        {
            "time": "27.12.2020 22:22",
            "open": "6.24",
            "high": "6.303",
            "low": "6.24",
            "close": "6.264"
        },
        {
            "time": "27.12.2020 22:24",
            "open": "6.264",
            "high": "6.264",
            "low": "6.264",
            "close": "6.259"
        },
        {
            "time": "27.12.2020 22:25",
            "open": "6.259",
            "high": "6.272",
            "low": "6.245",
            "close": "6.252"
        },
        {
            "time": "27.12.2020 22:27",
            "open": "6.252",
            "high": "6.252",
            "low": "6.251",
            "close": "6.279"
        },
        {
            "time": "27.12.2020 22:29",
            "open": "6.279",
            "high": "6.279",
            "low": "6.279",
            "close": "6.277"
        },
        {
            "time": "27.12.2020 22:31",
            "open": "6.277",
            "high": "6.278",
            "low": "6.277",
            "close": "6.253"
        },
        {
            "time": "27.12.2020 22:34",
            "open": "6.253",
            "high": "6.253",
            "low": "6.253",
            "close": "6.268"
        },
        {
            "time": "27.12.2020 22:35",
            "open": "6.268",
            "high": "6.268",
            "low": "6.268",
            "close": "6.286"
        },
        {
            "time": "27.12.2020 22:36",
            "open": "6.286",
            "high": "6.297",
            "low": "6.286",
            "close": "6.303"
        },
        {
            "time": "27.12.2020 22:39",
            "open": "6.303",
            "high": "6.303",
            "low": "6.303",
            "close": "6.303"
        },
        {
            "time": "27.12.2020 22:43",
            "open": "6.303",
            "high": "6.321",
            "low": "6.278",
            "close": "6.315"
        },
        {
            "time": "27.12.2020 22:44",
            "open": "6.315",
            "high": "6.315",
            "low": "6.315",
            "close": "6.329"
        },
        {
            "time": "27.12.2020 22:47",
            "open": "6.329",
            "high": "6.329",
            "low": "6.329",
            "close": "6.33"
        },
        {
            "time": "27.12.2020 22:48",
            "open": "6.33",
            "high": "6.33",
            "low": "6.33",
            "close": "6.346"
        },
        {
            "time": "27.12.2020 22:49",
            "open": "6.346",
            "high": "6.346",
            "low": "6.346",
            "close": "6.341"
        },
        {
            "time": "27.12.2020 22:51",
            "open": "6.341",
            "high": "6.341",
            "low": "6.341",
            "close": "6.341"
        },
        {
            "time": "27.12.2020 22:55",
            "open": "6.341",
            "high": "6.346",
            "low": "6.341",
            "close": "6.353"
        },
        {
            "time": "27.12.2020 22:56",
            "open": "6.353",
            "high": "6.353",
            "low": "6.34",
            "close": "6.353"
        },
        {
            "time": "27.12.2020 23:05",
            "open": "6.353",
            "high": "6.353",
            "low": "6.353",
            "close": "6.341"
        },
        {
            "time": "27.12.2020 23:07",
            "open": "6.341",
            "high": "6.341",
            "low": "6.33",
            "close": "6.354"
        },
        {
            "time": "27.12.2020 23:09",
            "open": "6.354",
            "high": "6.354",
            "low": "6.343",
            "close": "6.387"
        },
        {
            "time": "27.12.2020 23:10",
            "open": "6.387",
            "high": "6.387",
            "low": "6.366",
            "close": "6.366"
        },
        {
            "time": "27.12.2020 23:11",
            "open": "6.366",
            "high": "6.366",
            "low": "6.344",
            "close": "6.344"
        },
        {
            "time": "27.12.2020 23:13",
            "open": "6.344",
            "high": "6.344",
            "low": "6.344",
            "close": "6.372"
        },
        {
            "time": "27.12.2020 23:14",
            "open": "6.372",
            "high": "6.372",
            "low": "6.372",
            "close": "6.343"
        },
        {
            "time": "27.12.2020 23:15",
            "open": "6.343",
            "high": "6.343",
            "low": "6.343",
            "close": "6.395"
        },
        {
            "time": "27.12.2020 23:25",
            "open": "6.395",
            "high": "6.405",
            "low": "6.395",
            "close": "6.415"
        },
        {
            "time": "27.12.2020 23:27",
            "open": "6.415",
            "high": "6.454",
            "low": "6.415",
            "close": "6.4"
        },
        {
            "time": "27.12.2020 23:28",
            "open": "6.4",
            "high": "6.4",
            "low": "6.4",
            "close": "6.399"
        },
        {
            "time": "27.12.2020 23:29",
            "open": "6.399",
            "high": "6.4",
            "low": "6.399",
            "close": "6.378"
        },
        {
            "time": "27.12.2020 23:30",
            "open": "6.378",
            "high": "6.378",
            "low": "6.378",
            "close": "6.398"
        },
        {
            "time": "27.12.2020 23:37",
            "open": "6.398",
            "high": "6.398",
            "low": "6.398",
            "close": "6.378"
        },
        {
            "time": "27.12.2020 23:41",
            "open": "6.378",
            "high": "6.378",
            "low": "6.35",
            "close": "6.349"
        },
        {
            "time": "27.12.2020 23:43",
            "open": "6.349",
            "high": "6.349",
            "low": "6.349",
            "close": "6.367"
        },
        {
            "time": "27.12.2020 23:47",
            "open": "6.367",
            "high": "6.367",
            "low": "6.361",
            "close": "6.362"
        },
        {
            "time": "27.12.2020 23:48",
            "open": "6.362",
            "high": "6.362",
            "low": "6.362",
            "close": "6.361"
        },
        {
            "time": "27.12.2020 23:50",
            "open": "6.361",
            "high": "6.361",
            "low": "6.353",
            "close": "6.36"
        },
        {
            "time": "27.12.2020 23:52",
            "open": "6.36",
            "high": "6.369",
            "low": "6.36",
            "close": "6.352"
        },
        {
            "time": "27.12.2020 23:53",
            "open": "6.352",
            "high": "6.352",
            "low": "6.351",
            "close": "6.351"
        },
        {
            "time": "27.12.2020 23:56",
            "open": "6.351",
            "high": "6.398",
            "low": "6.351",
            "close": "6.389"
        }
    ]
}