{
    "UMA-EUR": [
        {
            "time": "27.02.2021 23:59",
            "open": "16.974",
            "high": "16.974",
            "low": "16.927",
            "close": "16.927"
        },
        {
            "time": "28.02.2021 00:00",
            "open": "16.927",
            "high": "16.927",
            "low": "16.896",
            "close": "16.887"
        },
        {
            "time": "28.02.2021 00:01",
            "open": "16.887",
            "high": "16.887",
            "low": "16.886",
            "close": "16.848"
        },
        {
            "time": "28.02.2021 00:02",
            "open": "16.848",
            "high": "16.848",
            "low": "16.797",
            "close": "16.742"
        },
        {
            "time": "28.02.2021 00:03",
            "open": "16.742",
            "high": "16.742",
            "low": "16.742",
            "close": "16.72"
        },
        {
            "time": "28.02.2021 00:04",
            "open": "16.72",
            "high": "16.72",
            "low": "16.72",
            "close": "16.695"
        },
        {
            "time": "28.02.2021 00:05",
            "open": "16.695",
            "high": "16.695",
            "low": "16.695",
            "close": "16.719"
        },
        {
            "time": "28.02.2021 00:06",
            "open": "16.719",
            "high": "16.719",
            "low": "16.69",
            "close": "16.627"
        },
        {
            "time": "28.02.2021 00:08",
            "open": "16.627",
            "high": "16.628",
            "low": "16.616",
            "close": "16.612"
        },
        {
            "time": "28.02.2021 00:09",
            "open": "16.612",
            "high": "16.715",
            "low": "16.612",
            "close": "16.736"
        },
        {
            "time": "28.02.2021 00:10",
            "open": "16.736",
            "high": "16.749",
            "low": "16.736",
            "close": "16.78"
        },
        {
            "time": "28.02.2021 00:11",
            "open": "16.78",
            "high": "16.781",
            "low": "16.769",
            "close": "16.749"
        },
        {
            "time": "28.02.2021 00:13",
            "open": "16.749",
            "high": "16.749",
            "low": "16.749",
            "close": "16.726"
        },
        {
            "time": "28.02.2021 00:14",
            "open": "16.726",
            "high": "16.726",
            "low": "16.726",
            "close": "16.745"
        },
        {
            "time": "28.02.2021 00:16",
            "open": "16.745",
            "high": "16.745",
            "low": "16.745",
            "close": "16.755"
        },
        {
            "time": "28.02.2021 00:17",
            "open": "16.755",
            "high": "16.755",
            "low": "16.702",
            "close": "16.676"
        },
        {
            "time": "28.02.2021 00:18",
            "open": "16.676",
            "high": "16.676",
            "low": "16.676",
            "close": "16.64"
        },
        {
            "time": "28.02.2021 00:20",
            "open": "16.64",
            "high": "16.64",
            "low": "16.64",
            "close": "16.657"
        },
        {
            "time": "28.02.2021 00:21",
            "open": "16.657",
            "high": "16.7",
            "low": "16.657",
            "close": "16.66"
        },
        {
            "time": "28.02.2021 00:25",
            "open": "16.66",
            "high": "16.66",
            "low": "16.66",
            "close": "16.652"
        },
        {
            "time": "28.02.2021 00:27",
            "open": "16.652",
            "high": "16.652",
            "low": "16.629",
            "close": "16.629"
        },
        {
            "time": "28.02.2021 00:28",
            "open": "16.629",
            "high": "16.629",
            "low": "16.576",
            "close": "16.607"
        },
        {
            "time": "28.02.2021 00:32",
            "open": "16.607",
            "high": "16.607",
            "low": "16.6",
            "close": "16.606"
        },
        {
            "time": "28.02.2021 00:33",
            "open": "16.606",
            "high": "16.606",
            "low": "16.603",
            "close": "16.602"
        },
        {
            "time": "28.02.2021 00:34",
            "open": "16.602",
            "high": "16.602",
            "low": "16.6",
            "close": "16.6"
        },
        {
            "time": "28.02.2021 00:35",
            "open": "16.6",
            "high": "16.601",
            "low": "16.6",
            "close": "16.607"
        },
        {
            "time": "28.02.2021 00:36",
            "open": "16.607",
            "high": "16.625",
            "low": "16.607",
            "close": "16.642"
        },
        {
            "time": "28.02.2021 00:37",
            "open": "16.642",
            "high": "16.642",
            "low": "16.641",
            "close": "16.617"
        },
        {
            "time": "28.02.2021 00:40",
            "open": "16.617",
            "high": "16.736",
            "low": "16.617",
            "close": "16.615"
        },
        {
            "time": "28.02.2021 00:41",
            "open": "16.615",
            "high": "16.615",
            "low": "16.615",
            "close": "16.615"
        },
        {
            "time": "28.02.2021 00:42",
            "open": "16.615",
            "high": "16.615",
            "low": "16.615",
            "close": "16.615"
        },
        {
            "time": "28.02.2021 00:43",
            "open": "16.615",
            "high": "16.66",
            "low": "16.615",
            "close": "16.722"
        },
        {
            "time": "28.02.2021 00:46",
            "open": "16.722",
            "high": "16.722",
            "low": "16.722",
            "close": "16.86"
        },
        {
            "time": "28.02.2021 00:47",
            "open": "16.86",
            "high": "16.86",
            "low": "16.821",
            "close": "16.856"
        },
        {
            "time": "28.02.2021 00:48",
            "open": "16.856",
            "high": "16.897",
            "low": "16.856",
            "close": "16.877"
        },
        {
            "time": "28.02.2021 00:49",
            "open": "16.877",
            "high": "16.877",
            "low": "16.877",
            "close": "16.882"
        },
        {
            "time": "28.02.2021 00:50",
            "open": "16.882",
            "high": "16.907",
            "low": "16.877",
            "close": "16.998"
        },
        {
            "time": "28.02.2021 00:51",
            "open": "16.998",
            "high": "16.998",
            "low": "16.998",
            "close": "16.993"
        },
        {
            "time": "28.02.2021 00:52",
            "open": "16.993",
            "high": "16.993",
            "low": "16.98",
            "close": "16.975"
        },
        {
            "time": "28.02.2021 00:54",
            "open": "16.975",
            "high": "16.975",
            "low": "16.975",
            "close": "16.969"
        },
        {
            "time": "28.02.2021 00:55",
            "open": "16.969",
            "high": "16.969",
            "low": "16.969",
            "close": "16.932"
        },
        {
            "time": "28.02.2021 00:58",
            "open": "16.932",
            "high": "16.932",
            "low": "16.932",
            "close": "16.895"
        },
        {
            "time": "28.02.2021 01:00",
            "open": "16.895",
            "high": "16.895",
            "low": "16.877",
            "close": "16.647"
        },
        {
            "time": "28.02.2021 01:02",
            "open": "16.647",
            "high": "16.65",
            "low": "16.647",
            "close": "16.746"
        },
        {
            "time": "28.02.2021 01:14",
            "open": "16.746",
            "high": "16.772",
            "low": "16.746",
            "close": "16.93"
        },
        {
            "time": "28.02.2021 01:28",
            "open": "16.93",
            "high": "16.931",
            "low": "16.93",
            "close": "16.8"
        },
        {
            "time": "28.02.2021 01:36",
            "open": "16.8",
            "high": "16.8",
            "low": "16.744",
            "close": "16.714"
        },
        {
            "time": "28.02.2021 01:37",
            "open": "16.714",
            "high": "16.714",
            "low": "16.714",
            "close": "16.786"
        },
        {
            "time": "28.02.2021 01:42",
            "open": "16.786",
            "high": "16.792",
            "low": "16.786",
            "close": "16.803"
        },
        {
            "time": "28.02.2021 01:43",
            "open": "16.803",
            "high": "16.809",
            "low": "16.803",
            "close": "16.818"
        },
        {
            "time": "28.02.2021 01:49",
            "open": "16.818",
            "high": "16.818",
            "low": "16.818",
            "close": "16.871"
        },
        {
            "time": "28.02.2021 01:54",
            "open": "16.871",
            "high": "16.871",
            "low": "16.865",
            "close": "16.865"
        },
        {
            "time": "28.02.2021 02:00",
            "open": "16.865",
            "high": "16.865",
            "low": "16.845",
            "close": "16.876"
        },
        {
            "time": "28.02.2021 02:18",
            "open": "16.876",
            "high": "16.876",
            "low": "16.876",
            "close": "16.92"
        },
        {
            "time": "28.02.2021 02:38",
            "open": "16.92",
            "high": "16.92",
            "low": "16.92",
            "close": "16.876"
        },
        {
            "time": "28.02.2021 02:39",
            "open": "16.876",
            "high": "16.876",
            "low": "16.876",
            "close": "16.875"
        },
        {
            "time": "28.02.2021 02:45",
            "open": "16.875",
            "high": "16.875",
            "low": "16.875",
            "close": "16.884"
        },
        {
            "time": "28.02.2021 02:48",
            "open": "16.884",
            "high": "16.892",
            "low": "16.884",
            "close": "16.938"
        },
        {
            "time": "28.02.2021 03:01",
            "open": "16.938",
            "high": "16.938",
            "low": "16.938",
            "close": "16.944"
        },
        {
            "time": "28.02.2021 03:07",
            "open": "16.944",
            "high": "16.944",
            "low": "16.941",
            "close": "16.905"
        },
        {
            "time": "28.02.2021 03:08",
            "open": "16.905",
            "high": "16.905",
            "low": "16.905",
            "close": "16.864"
        },
        {
            "time": "28.02.2021 03:12",
            "open": "16.864",
            "high": "16.864",
            "low": "16.863",
            "close": "16.776"
        },
        {
            "time": "28.02.2021 03:19",
            "open": "16.776",
            "high": "16.776",
            "low": "16.694",
            "close": "16.596"
        },
        {
            "time": "28.02.2021 03:20",
            "open": "16.596",
            "high": "16.596",
            "low": "16.568",
            "close": "16.548"
        },
        {
            "time": "28.02.2021 03:21",
            "open": "16.548",
            "high": "16.548",
            "low": "16.496",
            "close": "16.494"
        },
        {
            "time": "28.02.2021 03:22",
            "open": "16.494",
            "high": "16.494",
            "low": "16.494",
            "close": "16.479"
        },
        {
            "time": "28.02.2021 03:23",
            "open": "16.479",
            "high": "16.479",
            "low": "16.479",
            "close": "16.446"
        },
        {
            "time": "28.02.2021 03:24",
            "open": "16.446",
            "high": "16.446",
            "low": "16.4",
            "close": "16.408"
        },
        {
            "time": "28.02.2021 03:25",
            "open": "16.408",
            "high": "16.408",
            "low": "16.386",
            "close": "16.338"
        },
        {
            "time": "28.02.2021 03:28",
            "open": "16.338",
            "high": "16.338",
            "low": "16.332",
            "close": "16.359"
        },
        {
            "time": "28.02.2021 03:30",
            "open": "16.359",
            "high": "16.359",
            "low": "16.359",
            "close": "16.335"
        },
        {
            "time": "28.02.2021 03:35",
            "open": "16.335",
            "high": "16.335",
            "low": "16.335",
            "close": "16.3"
        },
        {
            "time": "28.02.2021 03:39",
            "open": "16.3",
            "high": "16.3",
            "low": "16.263",
            "close": "16.238"
        },
        {
            "time": "28.02.2021 03:40",
            "open": "16.238",
            "high": "16.238",
            "low": "16.191",
            "close": "16.154"
        },
        {
            "time": "28.02.2021 03:44",
            "open": "16.154",
            "high": "16.154",
            "low": "16.14",
            "close": "16.1"
        },
        {
            "time": "28.02.2021 03:45",
            "open": "16.1",
            "high": "16.1",
            "low": "16.1",
            "close": "16.157"
        },
        {
            "time": "28.02.2021 03:48",
            "open": "16.157",
            "high": "16.157",
            "low": "16.152",
            "close": "16.161"
        },
        {
            "time": "28.02.2021 03:55",
            "open": "16.161",
            "high": "16.161",
            "low": "16.16",
            "close": "16.078"
        },
        {
            "time": "28.02.2021 04:00",
            "open": "16.078",
            "high": "16.078",
            "low": "16.078",
            "close": "16.016"
        },
        {
            "time": "28.02.2021 04:02",
            "open": "16.016",
            "high": "16.016",
            "low": "16.014",
            "close": "16.155"
        },
        {
            "time": "28.02.2021 04:03",
            "open": "16.155",
            "high": "16.155",
            "low": "16.155",
            "close": "16.161"
        },
        {
            "time": "28.02.2021 04:06",
            "open": "16.161",
            "high": "16.161",
            "low": "16.161",
            "close": "16.013"
        },
        {
            "time": "28.02.2021 04:08",
            "open": "16.013",
            "high": "16.013",
            "low": "15.961",
            "close": "15.928"
        },
        {
            "time": "28.02.2021 04:09",
            "open": "15.891",
            "high": "15.891",
            "low": "15.891",
            "close": "15.868"
        },
        {
            "time": "28.02.2021 04:10",
            "open": "15.868",
            "high": "15.868",
            "low": "15.79",
            "close": "15.878"
        },
        {
            "time": "28.02.2021 04:12",
            "open": "15.878",
            "high": "15.878",
            "low": "15.766",
            "close": "15.842"
        },
        {
            "time": "28.02.2021 04:13",
            "open": "15.842",
            "high": "15.907",
            "low": "15.842",
            "close": "15.871"
        },
        {
            "time": "28.02.2021 04:14",
            "open": "15.871",
            "high": "15.871",
            "low": "15.871",
            "close": "15.906"
        },
        {
            "time": "28.02.2021 04:16",
            "open": "15.906",
            "high": "15.909",
            "low": "15.906",
            "close": "15.984"
        },
        {
            "time": "28.02.2021 04:17",
            "open": "15.984",
            "high": "15.984",
            "low": "15.984",
            "close": "15.955"
        },
        {
            "time": "28.02.2021 04:19",
            "open": "15.955",
            "high": "15.955",
            "low": "15.954",
            "close": "15.938"
        },
        {
            "time": "28.02.2021 04:20",
            "open": "15.938",
            "high": "15.938",
            "low": "15.938",
            "close": "15.896"
        },
        {
            "time": "28.02.2021 04:21",
            "open": "15.896",
            "high": "15.896",
            "low": "15.86",
            "close": "15.79"
        },
        {
            "time": "28.02.2021 04:25",
            "open": "15.79",
            "high": "15.79",
            "low": "15.733",
            "close": "15.843"
        },
        {
            "time": "28.02.2021 04:35",
            "open": "15.843",
            "high": "15.864",
            "low": "15.843",
            "close": "15.864"
        },
        {
            "time": "28.02.2021 04:40",
            "open": "15.864",
            "high": "15.864",
            "low": "15.864",
            "close": "15.734"
        },
        {
            "time": "28.02.2021 04:41",
            "open": "15.734",
            "high": "15.734",
            "low": "15.712",
            "close": "15.712"
        },
        {
            "time": "28.02.2021 04:42",
            "open": "15.712",
            "high": "15.743",
            "low": "15.712",
            "close": "15.746"
        },
        {
            "time": "28.02.2021 04:43",
            "open": "15.746",
            "high": "15.746",
            "low": "15.746",
            "close": "15.837"
        },
        {
            "time": "28.02.2021 04:45",
            "open": "15.837",
            "high": "15.837",
            "low": "15.837",
            "close": "15.959"
        },
        {
            "time": "28.02.2021 04:47",
            "open": "15.959",
            "high": "15.959",
            "low": "15.959",
            "close": "15.71"
        },
        {
            "time": "28.02.2021 04:54",
            "open": "15.71",
            "high": "15.71",
            "low": "15.631",
            "close": "15.603"
        },
        {
            "time": "28.02.2021 04:55",
            "open": "15.603",
            "high": "15.619",
            "low": "15.603",
            "close": "15.677"
        },
        {
            "time": "28.02.2021 04:57",
            "open": "15.677",
            "high": "15.677",
            "low": "15.67",
            "close": "15.67"
        },
        {
            "time": "28.02.2021 04:58",
            "open": "15.67",
            "high": "15.67",
            "low": "15.67",
            "close": "15.614"
        },
        {
            "time": "28.02.2021 05:00",
            "open": "15.614",
            "high": "15.614",
            "low": "15.587",
            "close": "15.801"
        },
        {
            "time": "28.02.2021 05:01",
            "open": "15.801",
            "high": "15.801",
            "low": "15.801",
            "close": "15.788"
        },
        {
            "time": "28.02.2021 05:02",
            "open": "15.788",
            "high": "15.801",
            "low": "15.713",
            "close": "15.605"
        },
        {
            "time": "28.02.2021 05:06",
            "open": "15.605",
            "high": "15.605",
            "low": "15.599",
            "close": "15.773"
        },
        {
            "time": "28.02.2021 05:14",
            "open": "15.773",
            "high": "15.773",
            "low": "15.728",
            "close": "15.712"
        },
        {
            "time": "28.02.2021 05:15",
            "open": "15.712",
            "high": "15.712",
            "low": "15.712",
            "close": "15.82"
        },
        {
            "time": "28.02.2021 05:18",
            "open": "15.82",
            "high": "15.82",
            "low": "15.82",
            "close": "15.596"
        },
        {
            "time": "28.02.2021 05:28",
            "open": "15.596",
            "high": "15.596",
            "low": "15.596",
            "close": "15.597"
        },
        {
            "time": "28.02.2021 05:29",
            "open": "15.597",
            "high": "15.597",
            "low": "15.597",
            "close": "15.597"
        },
        {
            "time": "28.02.2021 05:30",
            "open": "15.597",
            "high": "15.597",
            "low": "15.597",
            "close": "15.67"
        },
        {
            "time": "28.02.2021 05:33",
            "open": "15.67",
            "high": "15.905",
            "low": "15.67",
            "close": "15.977"
        },
        {
            "time": "28.02.2021 05:35",
            "open": "15.977",
            "high": "15.977",
            "low": "15.977",
            "close": "15.979"
        },
        {
            "time": "28.02.2021 05:38",
            "open": "15.979",
            "high": "15.979",
            "low": "15.979",
            "close": "15.871"
        },
        {
            "time": "28.02.2021 05:40",
            "open": "15.871",
            "high": "15.871",
            "low": "15.871",
            "close": "15.64"
        },
        {
            "time": "28.02.2021 06:01",
            "open": "15.64",
            "high": "15.64",
            "low": "15.64",
            "close": "15.887"
        },
        {
            "time": "28.02.2021 06:07",
            "open": "15.887",
            "high": "15.887",
            "low": "15.887",
            "close": "15.899"
        },
        {
            "time": "28.02.2021 06:08",
            "open": "15.899",
            "high": "15.9",
            "low": "15.774",
            "close": "15.674"
        },
        {
            "time": "28.02.2021 06:15",
            "open": "15.674",
            "high": "15.68",
            "low": "15.674",
            "close": "15.965"
        },
        {
            "time": "28.02.2021 06:16",
            "open": "15.965",
            "high": "15.965",
            "low": "15.965",
            "close": "15.916"
        },
        {
            "time": "28.02.2021 06:17",
            "open": "15.916",
            "high": "15.916",
            "low": "15.916",
            "close": "15.808"
        },
        {
            "time": "28.02.2021 06:23",
            "open": "15.808",
            "high": "15.808",
            "low": "15.789",
            "close": "15.665"
        },
        {
            "time": "28.02.2021 06:25",
            "open": "15.665",
            "high": "15.665",
            "low": "15.665",
            "close": "15.743"
        },
        {
            "time": "28.02.2021 06:33",
            "open": "15.743",
            "high": "15.743",
            "low": "15.74",
            "close": "15.746"
        },
        {
            "time": "28.02.2021 06:36",
            "open": "15.746",
            "high": "15.746",
            "low": "15.746",
            "close": "15.733"
        },
        {
            "time": "28.02.2021 06:42",
            "open": "15.733",
            "high": "15.733",
            "low": "15.733",
            "close": "15.588"
        },
        {
            "time": "28.02.2021 06:50",
            "open": "15.588",
            "high": "15.588",
            "low": "15.588",
            "close": "15.583"
        },
        {
            "time": "28.02.2021 06:52",
            "open": "15.583",
            "high": "15.583",
            "low": "15.583",
            "close": "15.553"
        },
        {
            "time": "28.02.2021 06:57",
            "open": "15.553",
            "high": "15.553",
            "low": "15.553",
            "close": "15.482"
        },
        {
            "time": "28.02.2021 06:58",
            "open": "15.482",
            "high": "15.482",
            "low": "15.406",
            "close": "15.42"
        },
        {
            "time": "28.02.2021 06:59",
            "open": "15.42",
            "high": "15.42",
            "low": "15.404",
            "close": "15.465"
        },
        {
            "time": "28.02.2021 07:02",
            "open": "15.465",
            "high": "15.491",
            "low": "15.356",
            "close": "15.351"
        },
        {
            "time": "28.02.2021 07:03",
            "open": "15.351",
            "high": "15.351",
            "low": "15.16",
            "close": "15.203"
        },
        {
            "time": "28.02.2021 07:04",
            "open": "15.203",
            "high": "15.203",
            "low": "15.159",
            "close": "15.153"
        },
        {
            "time": "28.02.2021 07:06",
            "open": "15.153",
            "high": "15.153",
            "low": "15.152",
            "close": "15.1"
        },
        {
            "time": "28.02.2021 07:07",
            "open": "15.1",
            "high": "15.151",
            "low": "15.069",
            "close": "15.061"
        },
        {
            "time": "28.02.2021 07:10",
            "open": "15.061",
            "high": "15.061",
            "low": "15.046",
            "close": "15.04"
        },
        {
            "time": "28.02.2021 07:11",
            "open": "15.04",
            "high": "15.04",
            "low": "15.04",
            "close": "15.024"
        },
        {
            "time": "28.02.2021 07:12",
            "open": "15.024",
            "high": "15.024",
            "low": "15",
            "close": "15"
        },
        {
            "time": "28.02.2021 07:13",
            "open": "15",
            "high": "15",
            "low": "14.99",
            "close": "15.036"
        },
        {
            "time": "28.02.2021 07:14",
            "open": "15.036",
            "high": "15.06",
            "low": "15.034",
            "close": "15.021"
        },
        {
            "time": "28.02.2021 07:15",
            "open": "15.021",
            "high": "15.021",
            "low": "15.021",
            "close": "15.103"
        },
        {
            "time": "28.02.2021 07:17",
            "open": "15.103",
            "high": "15.145",
            "low": "15.103",
            "close": "15.233"
        },
        {
            "time": "28.02.2021 07:19",
            "open": "15.233",
            "high": "15.233",
            "low": "15.231",
            "close": "15.229"
        },
        {
            "time": "28.02.2021 07:20",
            "open": "15.229",
            "high": "15.229",
            "low": "15.229",
            "close": "15.229"
        },
        {
            "time": "28.02.2021 07:21",
            "open": "15.229",
            "high": "15.229",
            "low": "15.229",
            "close": "15.229"
        },
        {
            "time": "28.02.2021 07:22",
            "open": "15.229",
            "high": "15.229",
            "low": "15.229",
            "close": "15.228"
        },
        {
            "time": "28.02.2021 07:23",
            "open": "15.228",
            "high": "15.228",
            "low": "15.158",
            "close": "15.191"
        },
        {
            "time": "28.02.2021 07:24",
            "open": "15.191",
            "high": "15.191",
            "low": "15.191",
            "close": "15.191"
        },
        {
            "time": "28.02.2021 07:26",
            "open": "15.191",
            "high": "15.191",
            "low": "15.191",
            "close": "15.191"
        },
        {
            "time": "28.02.2021 07:28",
            "open": "15.191",
            "high": "15.263",
            "low": "15.191",
            "close": "15.261"
        },
        {
            "time": "28.02.2021 07:29",
            "open": "15.261",
            "high": "15.261",
            "low": "15.261",
            "close": "15.3"
        },
        {
            "time": "28.02.2021 07:30",
            "open": "15.3",
            "high": "15.301",
            "low": "15.3",
            "close": "15.301"
        },
        {
            "time": "28.02.2021 07:32",
            "open": "15.301",
            "high": "15.301",
            "low": "15.284",
            "close": "15.29"
        },
        {
            "time": "28.02.2021 07:35",
            "open": "15.29",
            "high": "15.29",
            "low": "15.29",
            "close": "15.29"
        },
        {
            "time": "28.02.2021 07:36",
            "open": "15.29",
            "high": "15.29",
            "low": "15.29",
            "close": "15.29"
        },
        {
            "time": "28.02.2021 07:37",
            "open": "15.29",
            "high": "15.29",
            "low": "15.29",
            "close": "15.29"
        },
        {
            "time": "28.02.2021 07:38",
            "open": "15.29",
            "high": "15.29",
            "low": "15.171",
            "close": "15.172"
        },
        {
            "time": "28.02.2021 07:39",
            "open": "15.172",
            "high": "15.172",
            "low": "15.169",
            "close": "15.159"
        },
        {
            "time": "28.02.2021 07:42",
            "open": "15.159",
            "high": "15.16",
            "low": "15.159",
            "close": "15.153"
        },
        {
            "time": "28.02.2021 07:44",
            "open": "15.153",
            "high": "15.153",
            "low": "15.153",
            "close": "15.16"
        },
        {
            "time": "28.02.2021 07:45",
            "open": "15.16",
            "high": "15.322",
            "low": "15.16",
            "close": "15.334"
        },
        {
            "time": "28.02.2021 07:46",
            "open": "15.334",
            "high": "15.349",
            "low": "15.334",
            "close": "15.253"
        },
        {
            "time": "28.02.2021 07:50",
            "open": "15.253",
            "high": "15.253",
            "low": "15.253",
            "close": "15.205"
        },
        {
            "time": "28.02.2021 07:56",
            "open": "15.205",
            "high": "15.222",
            "low": "15.205",
            "close": "15.185"
        },
        {
            "time": "28.02.2021 07:57",
            "open": "15.185",
            "high": "15.185",
            "low": "15.185",
            "close": "15.156"
        },
        {
            "time": "28.02.2021 07:58",
            "open": "15.156",
            "high": "15.156",
            "low": "15.156",
            "close": "15.123"
        },
        {
            "time": "28.02.2021 07:59",
            "open": "15.123",
            "high": "15.123",
            "low": "15.122",
            "close": "15.04"
        },
        {
            "time": "28.02.2021 08:05",
            "open": "15.04",
            "high": "15.04",
            "low": "15.04",
            "close": "15.061"
        },
        {
            "time": "28.02.2021 08:08",
            "open": "15.061",
            "high": "15.088",
            "low": "15.061",
            "close": "15.109"
        },
        {
            "time": "28.02.2021 08:09",
            "open": "15.109",
            "high": "15.109",
            "low": "15.107",
            "close": "15.141"
        },
        {
            "time": "28.02.2021 08:12",
            "open": "15.141",
            "high": "15.141",
            "low": "15.093",
            "close": "15.15"
        },
        {
            "time": "28.02.2021 08:13",
            "open": "15.15",
            "high": "15.15",
            "low": "15.15",
            "close": "15.15"
        },
        {
            "time": "28.02.2021 08:14",
            "open": "15.15",
            "high": "15.15",
            "low": "15.15",
            "close": "15.137"
        },
        {
            "time": "28.02.2021 08:15",
            "open": "15.137",
            "high": "15.144",
            "low": "15.137",
            "close": "15.155"
        },
        {
            "time": "28.02.2021 08:16",
            "open": "15.155",
            "high": "15.177",
            "low": "15.155",
            "close": "15.198"
        },
        {
            "time": "28.02.2021 08:17",
            "open": "15.198",
            "high": "15.198",
            "low": "15.198",
            "close": "15.232"
        },
        {
            "time": "28.02.2021 08:20",
            "open": "15.232",
            "high": "15.232",
            "low": "15.232",
            "close": "15.3"
        },
        {
            "time": "28.02.2021 08:26",
            "open": "15.3",
            "high": "15.3",
            "low": "15.3",
            "close": "15.3"
        },
        {
            "time": "28.02.2021 08:28",
            "open": "15.3",
            "high": "15.412",
            "low": "15.3",
            "close": "15.28"
        },
        {
            "time": "28.02.2021 08:30",
            "open": "15.28",
            "high": "15.28",
            "low": "15.28",
            "close": "15.298"
        },
        {
            "time": "28.02.2021 08:32",
            "open": "15.298",
            "high": "15.298",
            "low": "15.298",
            "close": "15.2"
        },
        {
            "time": "28.02.2021 08:38",
            "open": "15.2",
            "high": "15.2",
            "low": "15.157",
            "close": "15.1"
        },
        {
            "time": "28.02.2021 08:39",
            "open": "15.1",
            "high": "15.1",
            "low": "15.1",
            "close": "15.033"
        },
        {
            "time": "28.02.2021 08:41",
            "open": "15.033",
            "high": "15.033",
            "low": "15.016",
            "close": "15.035"
        },
        {
            "time": "28.02.2021 08:43",
            "open": "15.035",
            "high": "15.035",
            "low": "15.035",
            "close": "15.055"
        },
        {
            "time": "28.02.2021 08:44",
            "open": "15.055",
            "high": "15.055",
            "low": "15.055",
            "close": "15.063"
        },
        {
            "time": "28.02.2021 08:46",
            "open": "15.063",
            "high": "15.063",
            "low": "15.063",
            "close": "15.219"
        },
        {
            "time": "28.02.2021 08:48",
            "open": "15.219",
            "high": "15.261",
            "low": "15.219",
            "close": "15.286"
        },
        {
            "time": "28.02.2021 08:49",
            "open": "15.286",
            "high": "15.286",
            "low": "15.286",
            "close": "15.233"
        },
        {
            "time": "28.02.2021 08:50",
            "open": "15.233",
            "high": "15.233",
            "low": "15.233",
            "close": "15.213"
        },
        {
            "time": "28.02.2021 08:51",
            "open": "15.213",
            "high": "15.213",
            "low": "15.206",
            "close": "15.164"
        },
        {
            "time": "28.02.2021 08:53",
            "open": "15.164",
            "high": "15.164",
            "low": "15.164",
            "close": "15.132"
        },
        {
            "time": "28.02.2021 08:54",
            "open": "15.132",
            "high": "15.132",
            "low": "15.132",
            "close": "15.088"
        },
        {
            "time": "28.02.2021 08:55",
            "open": "15.088",
            "high": "15.088",
            "low": "15.078",
            "close": "15.25"
        },
        {
            "time": "28.02.2021 09:00",
            "open": "15.25",
            "high": "15.25",
            "low": "15.25",
            "close": "15.422"
        },
        {
            "time": "28.02.2021 09:05",
            "open": "15.422",
            "high": "15.47",
            "low": "15.422",
            "close": "15.399"
        },
        {
            "time": "28.02.2021 09:06",
            "open": "15.399",
            "high": "15.399",
            "low": "15.345",
            "close": "15.39"
        },
        {
            "time": "28.02.2021 09:10",
            "open": "15.39",
            "high": "15.39",
            "low": "15.39",
            "close": "15.413"
        },
        {
            "time": "28.02.2021 09:11",
            "open": "15.413",
            "high": "15.413",
            "low": "15.413",
            "close": "15.439"
        },
        {
            "time": "28.02.2021 09:16",
            "open": "15.439",
            "high": "15.439",
            "low": "15.439",
            "close": "15.436"
        },
        {
            "time": "28.02.2021 09:20",
            "open": "15.436",
            "high": "15.442",
            "low": "15.436",
            "close": "15.442"
        },
        {
            "time": "28.02.2021 09:23",
            "open": "15.442",
            "high": "15.442",
            "low": "15.442",
            "close": "15.455"
        },
        {
            "time": "28.02.2021 09:24",
            "open": "15.455",
            "high": "15.462",
            "low": "15.455",
            "close": "15.477"
        },
        {
            "time": "28.02.2021 09:25",
            "open": "15.477",
            "high": "15.482",
            "low": "15.477",
            "close": "15.515"
        },
        {
            "time": "28.02.2021 09:26",
            "open": "15.515",
            "high": "15.515",
            "low": "15.512",
            "close": "15.523"
        },
        {
            "time": "28.02.2021 09:29",
            "open": "15.523",
            "high": "15.523",
            "low": "15.523",
            "close": "15.582"
        },
        {
            "time": "28.02.2021 09:30",
            "open": "15.582",
            "high": "15.673",
            "low": "15.582",
            "close": "15.673"
        },
        {
            "time": "28.02.2021 09:31",
            "open": "15.673",
            "high": "15.694",
            "low": "15.673",
            "close": "15.622"
        },
        {
            "time": "28.02.2021 09:32",
            "open": "15.622",
            "high": "15.622",
            "low": "15.621",
            "close": "15.62"
        },
        {
            "time": "28.02.2021 09:33",
            "open": "15.62",
            "high": "15.62",
            "low": "15.62",
            "close": "15.62"
        },
        {
            "time": "28.02.2021 09:34",
            "open": "15.62",
            "high": "15.62",
            "low": "15.62",
            "close": "15.62"
        },
        {
            "time": "28.02.2021 09:35",
            "open": "15.62",
            "high": "15.62",
            "low": "15.62",
            "close": "15.62"
        },
        {
            "time": "28.02.2021 09:37",
            "open": "15.62",
            "high": "15.62",
            "low": "15.62",
            "close": "15.557"
        },
        {
            "time": "28.02.2021 09:40",
            "open": "15.557",
            "high": "15.557",
            "low": "15.552",
            "close": "15.615"
        },
        {
            "time": "28.02.2021 09:41",
            "open": "15.615",
            "high": "15.615",
            "low": "15.615",
            "close": "15.616"
        },
        {
            "time": "28.02.2021 09:44",
            "open": "15.616",
            "high": "15.616",
            "low": "15.616",
            "close": "15.615"
        },
        {
            "time": "28.02.2021 09:45",
            "open": "15.615",
            "high": "15.615",
            "low": "15.615",
            "close": "15.621"
        },
        {
            "time": "28.02.2021 09:54",
            "open": "15.621",
            "high": "15.621",
            "low": "15.621",
            "close": "15.615"
        },
        {
            "time": "28.02.2021 09:55",
            "open": "15.615",
            "high": "15.615",
            "low": "15.591",
            "close": "15.598"
        },
        {
            "time": "28.02.2021 09:58",
            "open": "15.598",
            "high": "15.598",
            "low": "15.598",
            "close": "15.612"
        },
        {
            "time": "28.02.2021 10:00",
            "open": "15.612",
            "high": "15.612",
            "low": "15.612",
            "close": "15.739"
        },
        {
            "time": "28.02.2021 10:03",
            "open": "15.739",
            "high": "15.749",
            "low": "15.739",
            "close": "15.75"
        },
        {
            "time": "28.02.2021 10:04",
            "open": "15.75",
            "high": "15.794",
            "low": "15.75",
            "close": "15.769"
        },
        {
            "time": "28.02.2021 10:05",
            "open": "15.769",
            "high": "15.769",
            "low": "15.769",
            "close": "15.81"
        },
        {
            "time": "28.02.2021 10:06",
            "open": "15.81",
            "high": "15.873",
            "low": "15.81",
            "close": "15.842"
        },
        {
            "time": "28.02.2021 10:08",
            "open": "15.842",
            "high": "15.842",
            "low": "15.81",
            "close": "15.775"
        },
        {
            "time": "28.02.2021 10:09",
            "open": "15.775",
            "high": "15.775",
            "low": "15.775",
            "close": "15.769"
        },
        {
            "time": "28.02.2021 10:11",
            "open": "15.769",
            "high": "15.769",
            "low": "15.769",
            "close": "15.801"
        },
        {
            "time": "28.02.2021 10:13",
            "open": "15.801",
            "high": "15.801",
            "low": "15.801",
            "close": "15.89"
        },
        {
            "time": "28.02.2021 10:17",
            "open": "15.89",
            "high": "15.89",
            "low": "15.89",
            "close": "15.873"
        },
        {
            "time": "28.02.2021 10:19",
            "open": "15.873",
            "high": "15.873",
            "low": "15.873",
            "close": "15.786"
        },
        {
            "time": "28.02.2021 10:22",
            "open": "15.786",
            "high": "15.786",
            "low": "15.786",
            "close": "15.715"
        },
        {
            "time": "28.02.2021 10:26",
            "open": "15.715",
            "high": "15.715",
            "low": "15.682",
            "close": "15.609"
        },
        {
            "time": "28.02.2021 10:30",
            "open": "15.609",
            "high": "15.609",
            "low": "15.609",
            "close": "15.612"
        },
        {
            "time": "28.02.2021 10:31",
            "open": "15.612",
            "high": "15.612",
            "low": "15.612",
            "close": "15.652"
        },
        {
            "time": "28.02.2021 10:33",
            "open": "15.652",
            "high": "15.653",
            "low": "15.652",
            "close": "15.679"
        },
        {
            "time": "28.02.2021 10:36",
            "open": "15.679",
            "high": "15.679",
            "low": "15.679",
            "close": "15.644"
        },
        {
            "time": "28.02.2021 10:39",
            "open": "15.644",
            "high": "15.644",
            "low": "15.644",
            "close": "15.617"
        },
        {
            "time": "28.02.2021 10:40",
            "open": "15.617",
            "high": "15.617",
            "low": "15.617",
            "close": "15.659"
        },
        {
            "time": "28.02.2021 10:42",
            "open": "15.659",
            "high": "15.663",
            "low": "15.659",
            "close": "15.766"
        },
        {
            "time": "28.02.2021 10:44",
            "open": "15.766",
            "high": "15.768",
            "low": "15.766",
            "close": "15.777"
        },
        {
            "time": "28.02.2021 10:50",
            "open": "15.777",
            "high": "15.777",
            "low": "15.777",
            "close": "15.744"
        },
        {
            "time": "28.02.2021 10:55",
            "open": "15.744",
            "high": "15.744",
            "low": "15.735",
            "close": "15.648"
        },
        {
            "time": "28.02.2021 11:05",
            "open": "15.648",
            "high": "15.648",
            "low": "15.648",
            "close": "15.564"
        },
        {
            "time": "28.02.2021 11:06",
            "open": "15.564",
            "high": "15.578",
            "low": "15.548",
            "close": "15.586"
        },
        {
            "time": "28.02.2021 11:07",
            "open": "15.586",
            "high": "15.587",
            "low": "15.565",
            "close": "15.597"
        },
        {
            "time": "28.02.2021 11:08",
            "open": "15.597",
            "high": "15.611",
            "low": "15.597",
            "close": "15.605"
        },
        {
            "time": "28.02.2021 11:09",
            "open": "15.605",
            "high": "15.606",
            "low": "15.605",
            "close": "15.728"
        },
        {
            "time": "28.02.2021 11:14",
            "open": "15.728",
            "high": "15.728",
            "low": "15.728",
            "close": "15.754"
        },
        {
            "time": "28.02.2021 11:17",
            "open": "15.754",
            "high": "15.754",
            "low": "15.754",
            "close": "15.71"
        },
        {
            "time": "28.02.2021 11:20",
            "open": "15.71",
            "high": "15.71",
            "low": "15.71",
            "close": "15.673"
        },
        {
            "time": "28.02.2021 11:22",
            "open": "15.673",
            "high": "15.673",
            "low": "15.671",
            "close": "15.754"
        },
        {
            "time": "28.02.2021 11:26",
            "open": "15.754",
            "high": "15.754",
            "low": "15.754",
            "close": "15.784"
        },
        {
            "time": "28.02.2021 11:28",
            "open": "15.784",
            "high": "15.784",
            "low": "15.784",
            "close": "15.794"
        },
        {
            "time": "28.02.2021 11:29",
            "open": "15.794",
            "high": "15.794",
            "low": "15.793",
            "close": "15.701"
        },
        {
            "time": "28.02.2021 11:46",
            "open": "15.701",
            "high": "15.793",
            "low": "15.701",
            "close": "15.882"
        },
        {
            "time": "28.02.2021 11:47",
            "open": "15.882",
            "high": "15.882",
            "low": "15.846",
            "close": "15.878"
        },
        {
            "time": "28.02.2021 11:50",
            "open": "15.878",
            "high": "15.878",
            "low": "15.878",
            "close": "15.8"
        },
        {
            "time": "28.02.2021 11:52",
            "open": "15.8",
            "high": "15.8",
            "low": "15.768",
            "close": "15.818"
        },
        {
            "time": "28.02.2021 11:53",
            "open": "15.818",
            "high": "15.82",
            "low": "15.818",
            "close": "15.776"
        },
        {
            "time": "28.02.2021 11:58",
            "open": "15.776",
            "high": "15.776",
            "low": "15.776",
            "close": "15.767"
        },
        {
            "time": "28.02.2021 12:00",
            "open": "15.767",
            "high": "15.767",
            "low": "15.767",
            "close": "15.718"
        },
        {
            "time": "28.02.2021 12:04",
            "open": "15.718",
            "high": "15.718",
            "low": "15.7",
            "close": "15.646"
        },
        {
            "time": "28.02.2021 12:05",
            "open": "15.646",
            "high": "15.646",
            "low": "15.646",
            "close": "15.643"
        },
        {
            "time": "28.02.2021 12:08",
            "open": "15.643",
            "high": "15.643",
            "low": "15.642",
            "close": "15.685"
        },
        {
            "time": "28.02.2021 12:09",
            "open": "15.685",
            "high": "15.685",
            "low": "15.685",
            "close": "15.675"
        },
        {
            "time": "28.02.2021 12:10",
            "open": "15.675",
            "high": "15.675",
            "low": "15.675",
            "close": "15.672"
        },
        {
            "time": "28.02.2021 12:18",
            "open": "15.672",
            "high": "15.672",
            "low": "15.672",
            "close": "15.73"
        },
        {
            "time": "28.02.2021 12:19",
            "open": "15.73",
            "high": "15.76",
            "low": "15.73",
            "close": "15.789"
        },
        {
            "time": "28.02.2021 12:20",
            "open": "15.789",
            "high": "15.79",
            "low": "15.748",
            "close": "15.731"
        },
        {
            "time": "28.02.2021 12:31",
            "open": "15.731",
            "high": "15.731",
            "low": "15.731",
            "close": "15.723"
        },
        {
            "time": "28.02.2021 12:38",
            "open": "15.723",
            "high": "15.723",
            "low": "15.723",
            "close": "15.695"
        },
        {
            "time": "28.02.2021 12:43",
            "open": "15.695",
            "high": "15.695",
            "low": "15.694",
            "close": "15.699"
        },
        {
            "time": "28.02.2021 12:52",
            "open": "15.699",
            "high": "15.704",
            "low": "15.699",
            "close": "15.761"
        },
        {
            "time": "28.02.2021 13:02",
            "open": "15.761",
            "high": "15.761",
            "low": "15.761",
            "close": "15.754"
        },
        {
            "time": "28.02.2021 13:09",
            "open": "15.754",
            "high": "15.754",
            "low": "15.727",
            "close": "15.728"
        },
        {
            "time": "28.02.2021 13:10",
            "open": "15.728",
            "high": "15.728",
            "low": "15.727",
            "close": "15.562"
        },
        {
            "time": "28.02.2021 13:20",
            "open": "15.562",
            "high": "15.562",
            "low": "15.554",
            "close": "15.482"
        },
        {
            "time": "28.02.2021 13:22",
            "open": "15.482",
            "high": "15.482",
            "low": "15.434",
            "close": "15.568"
        },
        {
            "time": "28.02.2021 13:29",
            "open": "15.568",
            "high": "15.568",
            "low": "15.568",
            "close": "15.484"
        },
        {
            "time": "28.02.2021 13:30",
            "open": "15.484",
            "high": "15.484",
            "low": "15.484",
            "close": "15.484"
        },
        {
            "time": "28.02.2021 13:33",
            "open": "15.484",
            "high": "15.484",
            "low": "15.484",
            "close": "15.367"
        },
        {
            "time": "28.02.2021 13:39",
            "open": "15.367",
            "high": "15.37",
            "low": "15.367",
            "close": "15.364"
        },
        {
            "time": "28.02.2021 13:40",
            "open": "15.364",
            "high": "15.364",
            "low": "15.359",
            "close": "15.332"
        },
        {
            "time": "28.02.2021 13:43",
            "open": "15.332",
            "high": "15.332",
            "low": "15.332",
            "close": "15.323"
        },
        {
            "time": "28.02.2021 13:45",
            "open": "15.323",
            "high": "15.323",
            "low": "15.323",
            "close": "15.367"
        },
        {
            "time": "28.02.2021 13:53",
            "open": "15.367",
            "high": "15.367",
            "low": "15.367",
            "close": "15.327"
        },
        {
            "time": "28.02.2021 13:55",
            "open": "15.327",
            "high": "15.327",
            "low": "15.327",
            "close": "15.423"
        },
        {
            "time": "28.02.2021 13:59",
            "open": "15.423",
            "high": "15.423",
            "low": "15.391",
            "close": "15.643"
        },
        {
            "time": "28.02.2021 14:03",
            "open": "15.643",
            "high": "15.643",
            "low": "15.32",
            "close": "15.394"
        },
        {
            "time": "28.02.2021 14:04",
            "open": "15.394",
            "high": "15.394",
            "low": "15.394",
            "close": "15.358"
        },
        {
            "time": "28.02.2021 14:17",
            "open": "15.358",
            "high": "15.358",
            "low": "15.358",
            "close": "15.329"
        },
        {
            "time": "28.02.2021 14:21",
            "open": "15.329",
            "high": "15.329",
            "low": "15.262",
            "close": "15.28"
        },
        {
            "time": "28.02.2021 14:22",
            "open": "15.28",
            "high": "15.28",
            "low": "15.238",
            "close": "15.223"
        },
        {
            "time": "28.02.2021 14:31",
            "open": "15.223",
            "high": "15.223",
            "low": "15.148",
            "close": "15.215"
        },
        {
            "time": "28.02.2021 14:34",
            "open": "15.215",
            "high": "15.215",
            "low": "15.215",
            "close": "15.212"
        },
        {
            "time": "28.02.2021 14:38",
            "open": "15.212",
            "high": "15.212",
            "low": "15.212",
            "close": "15.213"
        },
        {
            "time": "28.02.2021 14:39",
            "open": "15.213",
            "high": "15.213",
            "low": "15.213",
            "close": "15.221"
        },
        {
            "time": "28.02.2021 14:43",
            "open": "15.221",
            "high": "15.221",
            "low": "15.221",
            "close": "15.22"
        },
        {
            "time": "28.02.2021 14:45",
            "open": "15.22",
            "high": "15.22",
            "low": "15.22",
            "close": "15.22"
        },
        {
            "time": "28.02.2021 14:46",
            "open": "15.22",
            "high": "15.221",
            "low": "15.22",
            "close": "15.217"
        },
        {
            "time": "28.02.2021 14:47",
            "open": "15.217",
            "high": "15.22",
            "low": "15.217",
            "close": "15.221"
        },
        {
            "time": "28.02.2021 14:48",
            "open": "15.221",
            "high": "15.251",
            "low": "15.221",
            "close": "15.259"
        },
        {
            "time": "28.02.2021 14:50",
            "open": "15.259",
            "high": "15.264",
            "low": "15.259",
            "close": "15.268"
        },
        {
            "time": "28.02.2021 14:51",
            "open": "15.268",
            "high": "15.268",
            "low": "15.268",
            "close": "15.301"
        },
        {
            "time": "28.02.2021 14:53",
            "open": "15.301",
            "high": "15.301",
            "low": "15.301",
            "close": "15.251"
        },
        {
            "time": "28.02.2021 14:57",
            "open": "15.251",
            "high": "15.251",
            "low": "15.251",
            "close": "15.202"
        },
        {
            "time": "28.02.2021 15:01",
            "open": "15.202",
            "high": "15.202",
            "low": "15.2",
            "close": "15.184"
        },
        {
            "time": "28.02.2021 15:03",
            "open": "15.184",
            "high": "15.184",
            "low": "15.184",
            "close": "15.186"
        },
        {
            "time": "28.02.2021 15:04",
            "open": "15.186",
            "high": "15.186",
            "low": "15.186",
            "close": "15.188"
        },
        {
            "time": "28.02.2021 15:06",
            "open": "15.188",
            "high": "15.198",
            "low": "15.188",
            "close": "15.1"
        },
        {
            "time": "28.02.2021 15:08",
            "open": "15.1",
            "high": "15.1",
            "low": "15.04",
            "close": "15.039"
        },
        {
            "time": "28.02.2021 15:09",
            "open": "15.039",
            "high": "15.039",
            "low": "15",
            "close": "15"
        },
        {
            "time": "28.02.2021 15:10",
            "open": "15",
            "high": "15",
            "low": "14.955",
            "close": "14.98"
        },
        {
            "time": "28.02.2021 15:11",
            "open": "14.98",
            "high": "14.98",
            "low": "14.93",
            "close": "14.942"
        },
        {
            "time": "28.02.2021 15:12",
            "open": "14.942",
            "high": "15.039",
            "low": "14.942",
            "close": "15.092"
        },
        {
            "time": "28.02.2021 15:13",
            "open": "15.092",
            "high": "15.092",
            "low": "15.092",
            "close": "15.036"
        },
        {
            "time": "28.02.2021 15:14",
            "open": "15.036",
            "high": "15.036",
            "low": "14.85",
            "close": "15.046"
        },
        {
            "time": "28.02.2021 15:15",
            "open": "15.046",
            "high": "15.046",
            "low": "15.046",
            "close": "15.149"
        },
        {
            "time": "28.02.2021 15:18",
            "open": "15.149",
            "high": "15.149",
            "low": "15.149",
            "close": "15.099"
        },
        {
            "time": "28.02.2021 15:24",
            "open": "15.099",
            "high": "15.099",
            "low": "15.081",
            "close": "15.079"
        },
        {
            "time": "28.02.2021 15:27",
            "open": "15.079",
            "high": "15.079",
            "low": "15.054",
            "close": "15.06"
        },
        {
            "time": "28.02.2021 15:28",
            "open": "15.06",
            "high": "15.06",
            "low": "15.06",
            "close": "15.168"
        },
        {
            "time": "28.02.2021 15:33",
            "open": "15.168",
            "high": "15.173",
            "low": "15.168",
            "close": "15.189"
        },
        {
            "time": "28.02.2021 15:34",
            "open": "15.189",
            "high": "15.189",
            "low": "15.189",
            "close": "15.216"
        },
        {
            "time": "28.02.2021 15:35",
            "open": "15.216",
            "high": "15.216",
            "low": "15.216",
            "close": "15.262"
        },
        {
            "time": "28.02.2021 15:46",
            "open": "15.262",
            "high": "15.262",
            "low": "15.262",
            "close": "15.263"
        },
        {
            "time": "28.02.2021 15:47",
            "open": "15.263",
            "high": "15.263",
            "low": "15.263",
            "close": "15.346"
        },
        {
            "time": "28.02.2021 15:48",
            "open": "15.346",
            "high": "15.346",
            "low": "15.346",
            "close": "15.346"
        },
        {
            "time": "28.02.2021 15:50",
            "open": "15.346",
            "high": "15.346",
            "low": "15.346",
            "close": "15.349"
        },
        {
            "time": "28.02.2021 15:52",
            "open": "15.349",
            "high": "15.351",
            "low": "15.346",
            "close": "15.346"
        },
        {
            "time": "28.02.2021 15:53",
            "open": "15.346",
            "high": "15.346",
            "low": "15.346",
            "close": "15.328"
        },
        {
            "time": "28.02.2021 15:55",
            "open": "15.328",
            "high": "15.328",
            "low": "15.328",
            "close": "15.321"
        },
        {
            "time": "28.02.2021 15:57",
            "open": "15.321",
            "high": "15.321",
            "low": "15.296",
            "close": "15.29"
        },
        {
            "time": "28.02.2021 16:08",
            "open": "15.29",
            "high": "15.29",
            "low": "15.29",
            "close": "15.24"
        },
        {
            "time": "28.02.2021 16:10",
            "open": "15.24",
            "high": "15.24",
            "low": "15.24",
            "close": "15.21"
        },
        {
            "time": "28.02.2021 16:11",
            "open": "15.21",
            "high": "15.21",
            "low": "15.21",
            "close": "14.957"
        },
        {
            "time": "28.02.2021 16:18",
            "open": "14.957",
            "high": "15.216",
            "low": "14.921",
            "close": "15.029"
        },
        {
            "time": "28.02.2021 16:19",
            "open": "15.029",
            "high": "15.029",
            "low": "15.028",
            "close": "15.016"
        },
        {
            "time": "28.02.2021 16:20",
            "open": "15.016",
            "high": "15.016",
            "low": "15.016",
            "close": "14.95"
        },
        {
            "time": "28.02.2021 16:21",
            "open": "14.95",
            "high": "14.95",
            "low": "14.95",
            "close": "14.921"
        },
        {
            "time": "28.02.2021 16:22",
            "open": "14.921",
            "high": "15.079",
            "low": "14.921",
            "close": "14.92"
        },
        {
            "time": "28.02.2021 16:23",
            "open": "14.92",
            "high": "14.946",
            "low": "14.92",
            "close": "14.924"
        },
        {
            "time": "28.02.2021 16:24",
            "open": "14.924",
            "high": "14.924",
            "low": "14.924",
            "close": "14.99"
        },
        {
            "time": "28.02.2021 16:26",
            "open": "14.99",
            "high": "14.99",
            "low": "14.984",
            "close": "14.962"
        },
        {
            "time": "28.02.2021 16:27",
            "open": "14.962",
            "high": "14.984",
            "low": "14.958",
            "close": "14.885"
        },
        {
            "time": "28.02.2021 16:31",
            "open": "14.885",
            "high": "14.885",
            "low": "14.885",
            "close": "14.8"
        },
        {
            "time": "28.02.2021 16:32",
            "open": "14.8",
            "high": "14.8",
            "low": "14.773",
            "close": "14.769"
        },
        {
            "time": "28.02.2021 16:33",
            "open": "14.769",
            "high": "14.769",
            "low": "14.76",
            "close": "14.864"
        },
        {
            "time": "28.02.2021 16:34",
            "open": "14.864",
            "high": "14.864",
            "low": "14.864",
            "close": "14.848"
        },
        {
            "time": "28.02.2021 16:36",
            "open": "14.848",
            "high": "14.848",
            "low": "14.848",
            "close": "14.847"
        },
        {
            "time": "28.02.2021 16:37",
            "open": "14.847",
            "high": "14.847",
            "low": "14.847",
            "close": "14.813"
        },
        {
            "time": "28.02.2021 16:38",
            "open": "14.813",
            "high": "14.813",
            "low": "14.813",
            "close": "14.751"
        },
        {
            "time": "28.02.2021 16:39",
            "open": "14.751",
            "high": "14.751",
            "low": "14.745",
            "close": "14.698"
        },
        {
            "time": "28.02.2021 16:40",
            "open": "14.698",
            "high": "14.698",
            "low": "14.653",
            "close": "14.7"
        },
        {
            "time": "28.02.2021 16:42",
            "open": "14.7",
            "high": "14.701",
            "low": "14.7",
            "close": "14.71"
        },
        {
            "time": "28.02.2021 16:43",
            "open": "14.71",
            "high": "14.71",
            "low": "14.664",
            "close": "14.62"
        },
        {
            "time": "28.02.2021 16:45",
            "open": "14.62",
            "high": "14.62",
            "low": "14.618",
            "close": "14.642"
        },
        {
            "time": "28.02.2021 16:46",
            "open": "14.642",
            "high": "14.699",
            "low": "14.642",
            "close": "14.699"
        },
        {
            "time": "28.02.2021 16:47",
            "open": "14.699",
            "high": "14.699",
            "low": "14.699",
            "close": "14.655"
        },
        {
            "time": "28.02.2021 16:49",
            "open": "14.655",
            "high": "14.655",
            "low": "14.655",
            "close": "14.614"
        },
        {
            "time": "28.02.2021 16:53",
            "open": "14.614",
            "high": "14.614",
            "low": "14.614",
            "close": "14.644"
        },
        {
            "time": "28.02.2021 16:54",
            "open": "14.644",
            "high": "14.644",
            "low": "14.64",
            "close": "14.653"
        },
        {
            "time": "28.02.2021 16:55",
            "open": "14.653",
            "high": "14.653",
            "low": "14.653",
            "close": "14.683"
        },
        {
            "time": "28.02.2021 16:56",
            "open": "14.683",
            "high": "14.683",
            "low": "14.683",
            "close": "14.674"
        },
        {
            "time": "28.02.2021 16:57",
            "open": "14.674",
            "high": "14.675",
            "low": "14.674",
            "close": "14.675"
        },
        {
            "time": "28.02.2021 16:58",
            "open": "14.675",
            "high": "14.675",
            "low": "14.675",
            "close": "14.642"
        },
        {
            "time": "28.02.2021 17:00",
            "open": "14.642",
            "high": "14.642",
            "low": "14.642",
            "close": "14.613"
        },
        {
            "time": "28.02.2021 17:01",
            "open": "14.613",
            "high": "14.613",
            "low": "14.604",
            "close": "14.574"
        },
        {
            "time": "28.02.2021 17:02",
            "open": "14.574",
            "high": "14.613",
            "low": "14.511",
            "close": "14.609"
        },
        {
            "time": "28.02.2021 17:03",
            "open": "14.609",
            "high": "14.658",
            "low": "14.609",
            "close": "14.687"
        },
        {
            "time": "28.02.2021 17:04",
            "open": "14.687",
            "high": "14.7",
            "low": "14.687",
            "close": "14.81"
        },
        {
            "time": "28.02.2021 17:05",
            "open": "14.81",
            "high": "14.854",
            "low": "14.796",
            "close": "14.89"
        },
        {
            "time": "28.02.2021 17:07",
            "open": "14.89",
            "high": "14.922",
            "low": "14.89",
            "close": "14.914"
        },
        {
            "time": "28.02.2021 17:09",
            "open": "14.914",
            "high": "14.952",
            "low": "14.914",
            "close": "14.93"
        },
        {
            "time": "28.02.2021 17:11",
            "open": "14.93",
            "high": "14.93",
            "low": "14.917",
            "close": "14.905"
        },
        {
            "time": "28.02.2021 17:12",
            "open": "14.905",
            "high": "14.908",
            "low": "14.905",
            "close": "14.975"
        },
        {
            "time": "28.02.2021 17:20",
            "open": "14.975",
            "high": "14.975",
            "low": "14.975",
            "close": "14.943"
        },
        {
            "time": "28.02.2021 17:22",
            "open": "14.943",
            "high": "14.943",
            "low": "14.943",
            "close": "14.857"
        },
        {
            "time": "28.02.2021 17:24",
            "open": "14.857",
            "high": "14.857",
            "low": "14.856",
            "close": "14.874"
        },
        {
            "time": "28.02.2021 17:26",
            "open": "14.874",
            "high": "14.916",
            "low": "14.874",
            "close": "14.982"
        },
        {
            "time": "28.02.2021 17:39",
            "open": "14.982",
            "high": "14.982",
            "low": "14.982",
            "close": "15.065"
        },
        {
            "time": "28.02.2021 17:40",
            "open": "15.065",
            "high": "15.065",
            "low": "15.04",
            "close": "15.047"
        },
        {
            "time": "28.02.2021 17:47",
            "open": "15.047",
            "high": "15.047",
            "low": "15.047",
            "close": "15.017"
        },
        {
            "time": "28.02.2021 17:49",
            "open": "15.017",
            "high": "15.017",
            "low": "15.017",
            "close": "15.09"
        },
        {
            "time": "28.02.2021 17:50",
            "open": "15.09",
            "high": "15.09",
            "low": "15.09",
            "close": "15.087"
        },
        {
            "time": "28.02.2021 17:51",
            "open": "15.087",
            "high": "15.09",
            "low": "15.087",
            "close": "15.053"
        },
        {
            "time": "28.02.2021 17:52",
            "open": "15.053",
            "high": "15.053",
            "low": "15.053",
            "close": "15.032"
        },
        {
            "time": "28.02.2021 17:54",
            "open": "15.032",
            "high": "15.032",
            "low": "14.912",
            "close": "14.796"
        },
        {
            "time": "28.02.2021 17:57",
            "open": "14.796",
            "high": "14.796",
            "low": "14.796",
            "close": "14.791"
        },
        {
            "time": "28.02.2021 18:00",
            "open": "14.791",
            "high": "14.796",
            "low": "14.791",
            "close": "14.775"
        },
        {
            "time": "28.02.2021 18:01",
            "open": "14.775",
            "high": "14.797",
            "low": "14.775",
            "close": "14.734"
        },
        {
            "time": "28.02.2021 18:04",
            "open": "14.734",
            "high": "14.734",
            "low": "14.734",
            "close": "15.079"
        },
        {
            "time": "28.02.2021 18:19",
            "open": "15.079",
            "high": "15.079",
            "low": "15.079",
            "close": "15.025"
        },
        {
            "time": "28.02.2021 18:21",
            "open": "15.025",
            "high": "15.032",
            "low": "15.025",
            "close": "14.988"
        },
        {
            "time": "28.02.2021 18:24",
            "open": "14.988",
            "high": "14.993",
            "low": "14.988",
            "close": "15.004"
        },
        {
            "time": "28.02.2021 18:28",
            "open": "15.004",
            "high": "15.004",
            "low": "15.004",
            "close": "14.914"
        },
        {
            "time": "28.02.2021 18:31",
            "open": "14.914",
            "high": "14.914",
            "low": "14.914",
            "close": "14.913"
        },
        {
            "time": "28.02.2021 18:33",
            "open": "14.913",
            "high": "14.913",
            "low": "14.913",
            "close": "14.935"
        },
        {
            "time": "28.02.2021 18:36",
            "open": "14.935",
            "high": "14.935",
            "low": "14.935",
            "close": "14.97"
        },
        {
            "time": "28.02.2021 18:39",
            "open": "14.97",
            "high": "14.971",
            "low": "14.97",
            "close": "15.095"
        },
        {
            "time": "28.02.2021 18:40",
            "open": "15.095",
            "high": "15.095",
            "low": "14.89",
            "close": "15.116"
        },
        {
            "time": "28.02.2021 18:47",
            "open": "15.116",
            "high": "15.116",
            "low": "15.116",
            "close": "15.078"
        },
        {
            "time": "28.02.2021 18:50",
            "open": "15.078",
            "high": "15.078",
            "low": "15.078",
            "close": "15.023"
        },
        {
            "time": "28.02.2021 18:52",
            "open": "15.023",
            "high": "15.023",
            "low": "15.023",
            "close": "14.977"
        },
        {
            "time": "28.02.2021 18:58",
            "open": "14.977",
            "high": "14.977",
            "low": "14.977",
            "close": "14.909"
        },
        {
            "time": "28.02.2021 19:00",
            "open": "14.909",
            "high": "14.918",
            "low": "14.909",
            "close": "14.88"
        },
        {
            "time": "28.02.2021 19:01",
            "open": "14.88",
            "high": "14.88",
            "low": "14.88",
            "close": "14.939"
        },
        {
            "time": "28.02.2021 19:02",
            "open": "14.939",
            "high": "14.939",
            "low": "14.936",
            "close": "15.033"
        },
        {
            "time": "28.02.2021 19:04",
            "open": "15.033",
            "high": "15.033",
            "low": "15.033",
            "close": "15.031"
        },
        {
            "time": "28.02.2021 19:06",
            "open": "15.031",
            "high": "15.031",
            "low": "15.031",
            "close": "15.063"
        },
        {
            "time": "28.02.2021 19:10",
            "open": "15.063",
            "high": "15.063",
            "low": "15.063",
            "close": "15.031"
        },
        {
            "time": "28.02.2021 19:18",
            "open": "15.031",
            "high": "15.031",
            "low": "15.03",
            "close": "15.046"
        },
        {
            "time": "28.02.2021 19:19",
            "open": "15.046",
            "high": "15.046",
            "low": "15.046",
            "close": "15.054"
        },
        {
            "time": "28.02.2021 19:20",
            "open": "15.054",
            "high": "15.054",
            "low": "15.054",
            "close": "15.02"
        },
        {
            "time": "28.02.2021 19:22",
            "open": "15.02",
            "high": "15.022",
            "low": "15.02",
            "close": "15.017"
        },
        {
            "time": "28.02.2021 19:25",
            "open": "15.017",
            "high": "15.017",
            "low": "15.017",
            "close": "15.017"
        },
        {
            "time": "28.02.2021 19:26",
            "open": "15.017",
            "high": "15.017",
            "low": "15.017",
            "close": "15"
        },
        {
            "time": "28.02.2021 19:27",
            "open": "15",
            "high": "15.016",
            "low": "15",
            "close": "15.015"
        },
        {
            "time": "28.02.2021 19:29",
            "open": "15.015",
            "high": "15.017",
            "low": "15.015",
            "close": "15.084"
        },
        {
            "time": "28.02.2021 19:30",
            "open": "15.084",
            "high": "15.084",
            "low": "15.084",
            "close": "15.043"
        },
        {
            "time": "28.02.2021 19:40",
            "open": "15.043",
            "high": "15.043",
            "low": "15.043",
            "close": "15.025"
        },
        {
            "time": "28.02.2021 19:43",
            "open": "15.025",
            "high": "15.025",
            "low": "15.024",
            "close": "15.17"
        },
        {
            "time": "28.02.2021 19:44",
            "open": "15.17",
            "high": "15.275",
            "low": "15.17",
            "close": "15.318"
        },
        {
            "time": "28.02.2021 19:46",
            "open": "15.318",
            "high": "15.326",
            "low": "15.318",
            "close": "15.359"
        },
        {
            "time": "28.02.2021 19:47",
            "open": "15.359",
            "high": "15.368",
            "low": "15.359",
            "close": "15.375"
        },
        {
            "time": "28.02.2021 19:50",
            "open": "15.375",
            "high": "15.375",
            "low": "15.375",
            "close": "15.376"
        },
        {
            "time": "28.02.2021 19:54",
            "open": "15.376",
            "high": "15.4",
            "low": "15.297",
            "close": "15.406"
        },
        {
            "time": "28.02.2021 19:58",
            "open": "15.406",
            "high": "15.406",
            "low": "15.406",
            "close": "15.42"
        },
        {
            "time": "28.02.2021 20:01",
            "open": "15.42",
            "high": "15.42",
            "low": "15.42",
            "close": "15.419"
        },
        {
            "time": "28.02.2021 20:06",
            "open": "15.419",
            "high": "15.498",
            "low": "15.419",
            "close": "15.469"
        },
        {
            "time": "28.02.2021 20:10",
            "open": "15.469",
            "high": "15.469",
            "low": "15.469",
            "close": "15.429"
        },
        {
            "time": "28.02.2021 20:22",
            "open": "15.429",
            "high": "15.451",
            "low": "15.429",
            "close": "15.451"
        },
        {
            "time": "28.02.2021 20:23",
            "open": "15.451",
            "high": "15.451",
            "low": "15.451",
            "close": "15.419"
        },
        {
            "time": "28.02.2021 20:24",
            "open": "15.419",
            "high": "15.419",
            "low": "15.4",
            "close": "15.4"
        },
        {
            "time": "28.02.2021 20:25",
            "open": "15.4",
            "high": "15.401",
            "low": "15.4",
            "close": "15.4"
        },
        {
            "time": "28.02.2021 20:26",
            "open": "15.4",
            "high": "15.4",
            "low": "15.4",
            "close": "15.233"
        },
        {
            "time": "28.02.2021 20:33",
            "open": "15.233",
            "high": "15.233",
            "low": "15.233",
            "close": "15.216"
        },
        {
            "time": "28.02.2021 20:41",
            "open": "15.216",
            "high": "15.216",
            "low": "15.216",
            "close": "15.216"
        },
        {
            "time": "28.02.2021 20:43",
            "open": "15.216",
            "high": "15.219",
            "low": "15.216",
            "close": "15.213"
        },
        {
            "time": "28.02.2021 20:45",
            "open": "15.213",
            "high": "15.213",
            "low": "15.205",
            "close": "15.219"
        },
        {
            "time": "28.02.2021 20:47",
            "open": "15.219",
            "high": "15.374",
            "low": "15.219",
            "close": "15.469"
        },
        {
            "time": "28.02.2021 20:57",
            "open": "15.469",
            "high": "15.469",
            "low": "15.469",
            "close": "15.469"
        },
        {
            "time": "28.02.2021 21:00",
            "open": "15.469",
            "high": "15.469",
            "low": "15.469",
            "close": "15.468"
        },
        {
            "time": "28.02.2021 21:01",
            "open": "15.468",
            "high": "15.468",
            "low": "15.468",
            "close": "15.469"
        },
        {
            "time": "28.02.2021 21:02",
            "open": "15.469",
            "high": "15.469",
            "low": "15.469",
            "close": "15.482"
        },
        {
            "time": "28.02.2021 21:05",
            "open": "15.482",
            "high": "15.504",
            "low": "15.482",
            "close": "15.5"
        },
        {
            "time": "28.02.2021 21:06",
            "open": "15.5",
            "high": "15.5",
            "low": "15.5",
            "close": "15.497"
        },
        {
            "time": "28.02.2021 21:14",
            "open": "15.497",
            "high": "15.497",
            "low": "15.497",
            "close": "15.519"
        },
        {
            "time": "28.02.2021 21:16",
            "open": "15.519",
            "high": "15.519",
            "low": "15.518",
            "close": "15.491"
        },
        {
            "time": "28.02.2021 21:19",
            "open": "15.491",
            "high": "15.491",
            "low": "15.491",
            "close": "15.532"
        },
        {
            "time": "28.02.2021 21:22",
            "open": "15.532",
            "high": "15.532",
            "low": "15.53",
            "close": "15.503"
        },
        {
            "time": "28.02.2021 21:27",
            "open": "15.503",
            "high": "15.503",
            "low": "15.499",
            "close": "15.5"
        },
        {
            "time": "28.02.2021 21:28",
            "open": "15.5",
            "high": "15.5",
            "low": "15.5",
            "close": "15.507"
        },
        {
            "time": "28.02.2021 21:33",
            "open": "15.507",
            "high": "15.507",
            "low": "15.507",
            "close": "15.495"
        },
        {
            "time": "28.02.2021 21:35",
            "open": "15.495",
            "high": "15.495",
            "low": "15.495",
            "close": "15.512"
        },
        {
            "time": "28.02.2021 21:36",
            "open": "15.512",
            "high": "15.512",
            "low": "15.512",
            "close": "15.521"
        },
        {
            "time": "28.02.2021 21:38",
            "open": "15.521",
            "high": "15.521",
            "low": "15.519",
            "close": "15.518"
        },
        {
            "time": "28.02.2021 21:39",
            "open": "15.518",
            "high": "15.518",
            "low": "15.518",
            "close": "15.556"
        },
        {
            "time": "28.02.2021 21:43",
            "open": "15.556",
            "high": "15.567",
            "low": "15.556",
            "close": "15.577"
        },
        {
            "time": "28.02.2021 21:47",
            "open": "15.577",
            "high": "15.586",
            "low": "15.577",
            "close": "15.644"
        },
        {
            "time": "28.02.2021 21:54",
            "open": "15.644",
            "high": "15.644",
            "low": "15.644",
            "close": "15.668"
        },
        {
            "time": "28.02.2021 21:56",
            "open": "15.668",
            "high": "15.668",
            "low": "15.668",
            "close": "15.706"
        },
        {
            "time": "28.02.2021 21:57",
            "open": "15.706",
            "high": "15.709",
            "low": "15.706",
            "close": "15.701"
        },
        {
            "time": "28.02.2021 22:00",
            "open": "15.701",
            "high": "15.701",
            "low": "15.701",
            "close": "15.714"
        },
        {
            "time": "28.02.2021 22:03",
            "open": "15.714",
            "high": "15.746",
            "low": "15.714",
            "close": "15.747"
        },
        {
            "time": "28.02.2021 22:04",
            "open": "15.747",
            "high": "15.75",
            "low": "15.747",
            "close": "15.81"
        },
        {
            "time": "28.02.2021 22:07",
            "open": "15.81",
            "high": "15.868",
            "low": "15.81",
            "close": "15.886"
        },
        {
            "time": "28.02.2021 22:08",
            "open": "15.886",
            "high": "16.01",
            "low": "15.882",
            "close": "15.981"
        },
        {
            "time": "28.02.2021 22:09",
            "open": "15.981",
            "high": "15.984",
            "low": "15.961",
            "close": "15.96"
        },
        {
            "time": "28.02.2021 22:10",
            "open": "15.96",
            "high": "15.96",
            "low": "15.873",
            "close": "15.908"
        },
        {
            "time": "28.02.2021 22:11",
            "open": "15.908",
            "high": "15.908",
            "low": "15.87",
            "close": "15.849"
        },
        {
            "time": "28.02.2021 22:12",
            "open": "15.849",
            "high": "15.862",
            "low": "15.849",
            "close": "15.821"
        },
        {
            "time": "28.02.2021 22:17",
            "open": "15.821",
            "high": "15.827",
            "low": "15.821",
            "close": "15.799"
        },
        {
            "time": "28.02.2021 22:19",
            "open": "15.799",
            "high": "15.801",
            "low": "15.799",
            "close": "15.852"
        },
        {
            "time": "28.02.2021 22:20",
            "open": "15.852",
            "high": "15.852",
            "low": "15.852",
            "close": "15.903"
        },
        {
            "time": "28.02.2021 22:23",
            "open": "15.903",
            "high": "15.903",
            "low": "15.903",
            "close": "15.909"
        },
        {
            "time": "28.02.2021 22:27",
            "open": "15.909",
            "high": "15.909",
            "low": "15.867",
            "close": "15.945"
        },
        {
            "time": "28.02.2021 22:28",
            "open": "15.945",
            "high": "15.945",
            "low": "15.945",
            "close": "16.013"
        },
        {
            "time": "28.02.2021 22:34",
            "open": "16.013",
            "high": "16.278",
            "low": "16.013",
            "close": "16.279"
        },
        {
            "time": "28.02.2021 22:35",
            "open": "16.279",
            "high": "16.279",
            "low": "16.268",
            "close": "16.309"
        },
        {
            "time": "28.02.2021 22:36",
            "open": "16.309",
            "high": "16.353",
            "low": "16.309",
            "close": "16.325"
        },
        {
            "time": "28.02.2021 22:37",
            "open": "16.325",
            "high": "16.343",
            "low": "16.321",
            "close": "16.349"
        },
        {
            "time": "28.02.2021 22:38",
            "open": "16.349",
            "high": "16.349",
            "low": "16.349",
            "close": "16.344"
        },
        {
            "time": "28.02.2021 22:40",
            "open": "16.344",
            "high": "16.344",
            "low": "16.343",
            "close": "16.349"
        },
        {
            "time": "28.02.2021 22:41",
            "open": "16.349",
            "high": "16.566",
            "low": "16.349",
            "close": "16.556"
        },
        {
            "time": "28.02.2021 22:42",
            "open": "16.556",
            "high": "16.556",
            "low": "16.44",
            "close": "16.443"
        },
        {
            "time": "28.02.2021 22:43",
            "open": "16.443",
            "high": "16.443",
            "low": "16.443",
            "close": "16.479"
        },
        {
            "time": "28.02.2021 22:44",
            "open": "16.479",
            "high": "16.479",
            "low": "16.479",
            "close": "16.479"
        },
        {
            "time": "28.02.2021 22:46",
            "open": "16.479",
            "high": "16.48",
            "low": "16.479",
            "close": "16.567"
        },
        {
            "time": "28.02.2021 22:47",
            "open": "16.567",
            "high": "16.567",
            "low": "16.567",
            "close": "16.564"
        },
        {
            "time": "28.02.2021 22:50",
            "open": "16.564",
            "high": "16.573",
            "low": "16.561",
            "close": "16.57"
        },
        {
            "time": "28.02.2021 22:51",
            "open": "16.57",
            "high": "16.698",
            "low": "16.569",
            "close": "16.793"
        },
        {
            "time": "28.02.2021 22:52",
            "open": "16.793",
            "high": "16.84",
            "low": "16.792",
            "close": "16.839"
        },
        {
            "time": "28.02.2021 22:53",
            "open": "16.839",
            "high": "16.879",
            "low": "16.839",
            "close": "16.829"
        },
        {
            "time": "28.02.2021 22:54",
            "open": "16.829",
            "high": "16.829",
            "low": "16.615",
            "close": "16.629"
        },
        {
            "time": "28.02.2021 22:55",
            "open": "16.629",
            "high": "16.649",
            "low": "16.629",
            "close": "16.611"
        },
        {
            "time": "28.02.2021 22:56",
            "open": "16.611",
            "high": "16.611",
            "low": "16.545",
            "close": "16.504"
        },
        {
            "time": "28.02.2021 22:57",
            "open": "16.504",
            "high": "16.504",
            "low": "16.355",
            "close": "16.338"
        },
        {
            "time": "28.02.2021 22:58",
            "open": "16.338",
            "high": "16.338",
            "low": "16.279",
            "close": "16.209"
        },
        {
            "time": "28.02.2021 22:59",
            "open": "16.209",
            "high": "16.209",
            "low": "16.154",
            "close": "16.182"
        },
        {
            "time": "28.02.2021 23:01",
            "open": "16.182",
            "high": "16.182",
            "low": "16.182",
            "close": "16.15"
        },
        {
            "time": "28.02.2021 23:08",
            "open": "16.15",
            "high": "16.15",
            "low": "16.15",
            "close": "16.146"
        },
        {
            "time": "28.02.2021 23:10",
            "open": "16.146",
            "high": "16.15",
            "low": "16.146",
            "close": "16.075"
        },
        {
            "time": "28.02.2021 23:12",
            "open": "16.075",
            "high": "16.075",
            "low": "16.067",
            "close": "16.064"
        },
        {
            "time": "28.02.2021 23:14",
            "open": "16.064",
            "high": "16.064",
            "low": "16.064",
            "close": "16.063"
        },
        {
            "time": "28.02.2021 23:15",
            "open": "16.063",
            "high": "16.063",
            "low": "16.063",
            "close": "16.024"
        },
        {
            "time": "28.02.2021 23:21",
            "open": "16.024",
            "high": "16.025",
            "low": "16.024",
            "close": "16.021"
        },
        {
            "time": "28.02.2021 23:22",
            "open": "16.021",
            "high": "16.021",
            "low": "16.021",
            "close": "16.021"
        },
        {
            "time": "28.02.2021 23:24",
            "open": "16.021",
            "high": "16.026",
            "low": "15.999",
            "close": "16.022"
        },
        {
            "time": "28.02.2021 23:25",
            "open": "16.022",
            "high": "16.034",
            "low": "16.022",
            "close": "16.045"
        },
        {
            "time": "28.02.2021 23:28",
            "open": "16.045",
            "high": "16.045",
            "low": "16.033",
            "close": "16.034"
        },
        {
            "time": "28.02.2021 23:29",
            "open": "16.034",
            "high": "16.037",
            "low": "16.034",
            "close": "16.033"
        },
        {
            "time": "28.02.2021 23:33",
            "open": "16.033",
            "high": "16.033",
            "low": "15.789",
            "close": "15.808"
        },
        {
            "time": "28.02.2021 23:34",
            "open": "15.808",
            "high": "15.808",
            "low": "15.808",
            "close": "15.751"
        },
        {
            "time": "28.02.2021 23:35",
            "open": "15.751",
            "high": "15.751",
            "low": "15.747",
            "close": "15.797"
        },
        {
            "time": "28.02.2021 23:36",
            "open": "15.797",
            "high": "15.797",
            "low": "15.797",
            "close": "15.809"
        },
        {
            "time": "28.02.2021 23:39",
            "open": "15.809",
            "high": "15.809",
            "low": "15.802",
            "close": "15.817"
        },
        {
            "time": "28.02.2021 23:41",
            "open": "15.817",
            "high": "15.817",
            "low": "15.817",
            "close": "15.826"
        },
        {
            "time": "28.02.2021 23:42",
            "open": "15.826",
            "high": "15.826",
            "low": "15.826",
            "close": "15.814"
        },
        {
            "time": "28.02.2021 23:43",
            "open": "15.814",
            "high": "15.814",
            "low": "15.814",
            "close": "15.809"
        },
        {
            "time": "28.02.2021 23:44",
            "open": "15.809",
            "high": "15.809",
            "low": "15.809",
            "close": "15.839"
        },
        {
            "time": "28.02.2021 23:45",
            "open": "15.839",
            "high": "15.839",
            "low": "15.839",
            "close": "15.908"
        },
        {
            "time": "28.02.2021 23:49",
            "open": "15.908",
            "high": "15.908",
            "low": "15.891",
            "close": "15.927"
        },
        {
            "time": "28.02.2021 23:50",
            "open": "15.927",
            "high": "15.934",
            "low": "15.927",
            "close": "16.004"
        },
        {
            "time": "28.02.2021 23:56",
            "open": "16.004",
            "high": "16.004",
            "low": "16.004",
            "close": "16.013"
        },
        {
            "time": "28.02.2021 23:57",
            "open": "16.013",
            "high": "16.013",
            "low": "16.013",
            "close": "16.008"
        }
    ]
}