{
    "UMA-EUR": [
        {
            "time": "04.03.2021 23:56",
            "open": "17.444",
            "high": "17.444",
            "low": "17.444",
            "close": "17.466"
        },
        {
            "time": "05.03.2021 00:01",
            "open": "17.466",
            "high": "17.59",
            "low": "17.466",
            "close": "17.481"
        },
        {
            "time": "05.03.2021 00:02",
            "open": "17.481",
            "high": "17.483",
            "low": "17.347",
            "close": "17.346"
        },
        {
            "time": "05.03.2021 00:03",
            "open": "17.346",
            "high": "17.346",
            "low": "17.346",
            "close": "17.397"
        },
        {
            "time": "05.03.2021 00:08",
            "open": "17.397",
            "high": "17.397",
            "low": "17.397",
            "close": "17.375"
        },
        {
            "time": "05.03.2021 00:09",
            "open": "17.375",
            "high": "17.375",
            "low": "17.373",
            "close": "17.337"
        },
        {
            "time": "05.03.2021 00:15",
            "open": "17.337",
            "high": "17.337",
            "low": "17.337",
            "close": "17.523"
        },
        {
            "time": "05.03.2021 00:39",
            "open": "17.523",
            "high": "17.523",
            "low": "17.523",
            "close": "17.509"
        },
        {
            "time": "05.03.2021 00:51",
            "open": "17.509",
            "high": "17.509",
            "low": "17.509",
            "close": "17.372"
        },
        {
            "time": "05.03.2021 01:03",
            "open": "17.372",
            "high": "17.39",
            "low": "17.372",
            "close": "17.39"
        },
        {
            "time": "05.03.2021 01:04",
            "open": "17.39",
            "high": "17.39",
            "low": "17.345",
            "close": "17.344"
        },
        {
            "time": "05.03.2021 01:05",
            "open": "17.344",
            "high": "17.344",
            "low": "17.296",
            "close": "17.296"
        },
        {
            "time": "05.03.2021 01:07",
            "open": "17.296",
            "high": "17.296",
            "low": "17.271",
            "close": "17.282"
        },
        {
            "time": "05.03.2021 01:08",
            "open": "17.282",
            "high": "17.282",
            "low": "17.282",
            "close": "17.243"
        },
        {
            "time": "05.03.2021 01:09",
            "open": "17.243",
            "high": "17.243",
            "low": "17.161",
            "close": "17.17"
        },
        {
            "time": "05.03.2021 01:10",
            "open": "17.17",
            "high": "17.17",
            "low": "17.144",
            "close": "17.139"
        },
        {
            "time": "05.03.2021 01:12",
            "open": "17.139",
            "high": "17.139",
            "low": "17.109",
            "close": "17.1"
        },
        {
            "time": "05.03.2021 01:13",
            "open": "17.1",
            "high": "17.1",
            "low": "17.002",
            "close": "17.002"
        },
        {
            "time": "05.03.2021 01:14",
            "open": "17.002",
            "high": "17.073",
            "low": "17.002",
            "close": "17.046"
        },
        {
            "time": "05.03.2021 01:15",
            "open": "17.046",
            "high": "17.05",
            "low": "17.046",
            "close": "17"
        },
        {
            "time": "05.03.2021 01:16",
            "open": "17",
            "high": "17",
            "low": "16.93",
            "close": "16.926"
        },
        {
            "time": "05.03.2021 01:17",
            "open": "16.926",
            "high": "16.926",
            "low": "16.919",
            "close": "16.885"
        },
        {
            "time": "05.03.2021 01:18",
            "open": "16.885",
            "high": "16.885",
            "low": "16.88",
            "close": "16.859"
        },
        {
            "time": "05.03.2021 01:21",
            "open": "16.859",
            "high": "16.859",
            "low": "16.794",
            "close": "16.777"
        },
        {
            "time": "05.03.2021 01:22",
            "open": "16.777",
            "high": "16.777",
            "low": "16.726",
            "close": "16.755"
        },
        {
            "time": "05.03.2021 01:23",
            "open": "16.755",
            "high": "16.755",
            "low": "16.732",
            "close": "16.748"
        },
        {
            "time": "05.03.2021 01:25",
            "open": "16.748",
            "high": "16.748",
            "low": "16.748",
            "close": "16.748"
        },
        {
            "time": "05.03.2021 01:27",
            "open": "16.748",
            "high": "16.758",
            "low": "16.748",
            "close": "16.777"
        },
        {
            "time": "05.03.2021 01:28",
            "open": "16.777",
            "high": "16.777",
            "low": "16.777",
            "close": "16.706"
        },
        {
            "time": "05.03.2021 01:34",
            "open": "16.706",
            "high": "16.706",
            "low": "16.706",
            "close": "16.62"
        },
        {
            "time": "05.03.2021 01:37",
            "open": "16.62",
            "high": "16.62",
            "low": "16.609",
            "close": "16.608"
        },
        {
            "time": "05.03.2021 01:38",
            "open": "16.608",
            "high": "16.608",
            "low": "16.536",
            "close": "16.55"
        },
        {
            "time": "05.03.2021 01:39",
            "open": "16.55",
            "high": "16.55",
            "low": "16.546",
            "close": "16.579"
        },
        {
            "time": "05.03.2021 01:43",
            "open": "16.579",
            "high": "16.579",
            "low": "16.546",
            "close": "16.536"
        },
        {
            "time": "05.03.2021 01:45",
            "open": "16.536",
            "high": "16.592",
            "low": "16.497",
            "close": "16.627"
        },
        {
            "time": "05.03.2021 01:47",
            "open": "16.627",
            "high": "16.627",
            "low": "16.569",
            "close": "16.601"
        },
        {
            "time": "05.03.2021 01:50",
            "open": "16.601",
            "high": "16.609",
            "low": "16.596",
            "close": "16.518"
        },
        {
            "time": "05.03.2021 01:52",
            "open": "16.518",
            "high": "16.539",
            "low": "16.518",
            "close": "16.529"
        },
        {
            "time": "05.03.2021 01:53",
            "open": "16.529",
            "high": "16.529",
            "low": "16.529",
            "close": "16.559"
        },
        {
            "time": "05.03.2021 01:57",
            "open": "16.559",
            "high": "16.559",
            "low": "16.559",
            "close": "16.535"
        },
        {
            "time": "05.03.2021 01:58",
            "open": "16.535",
            "high": "16.535",
            "low": "16.535",
            "close": "16.576"
        },
        {
            "time": "05.03.2021 02:02",
            "open": "16.576",
            "high": "16.576",
            "low": "16.576",
            "close": "16.5"
        },
        {
            "time": "05.03.2021 02:08",
            "open": "16.5",
            "high": "16.5",
            "low": "16.496",
            "close": "16.479"
        },
        {
            "time": "05.03.2021 02:13",
            "open": "16.479",
            "high": "16.479",
            "low": "16.446",
            "close": "16.42"
        },
        {
            "time": "05.03.2021 02:14",
            "open": "16.42",
            "high": "16.42",
            "low": "16.42",
            "close": "16.42"
        },
        {
            "time": "05.03.2021 02:15",
            "open": "16.42",
            "high": "16.456",
            "low": "16.42",
            "close": "16.521"
        },
        {
            "time": "05.03.2021 02:16",
            "open": "16.521",
            "high": "16.521",
            "low": "16.474",
            "close": "16.332"
        },
        {
            "time": "05.03.2021 02:22",
            "open": "16.332",
            "high": "16.332",
            "low": "16.279",
            "close": "16.257"
        },
        {
            "time": "05.03.2021 02:23",
            "open": "16.257",
            "high": "16.278",
            "low": "16.257",
            "close": "16.288"
        },
        {
            "time": "05.03.2021 02:26",
            "open": "16.288",
            "high": "16.288",
            "low": "16.288",
            "close": "16.259"
        },
        {
            "time": "05.03.2021 02:27",
            "open": "16.259",
            "high": "16.259",
            "low": "16.259",
            "close": "16.323"
        },
        {
            "time": "05.03.2021 02:32",
            "open": "16.323",
            "high": "16.323",
            "low": "16.323",
            "close": "16.447"
        },
        {
            "time": "05.03.2021 02:38",
            "open": "16.447",
            "high": "16.45",
            "low": "16.447",
            "close": "16.427"
        },
        {
            "time": "05.03.2021 02:41",
            "open": "16.427",
            "high": "16.427",
            "low": "16.384",
            "close": "16.355"
        },
        {
            "time": "05.03.2021 02:42",
            "open": "16.355",
            "high": "16.355",
            "low": "16.355",
            "close": "16.4"
        },
        {
            "time": "05.03.2021 02:44",
            "open": "16.4",
            "high": "16.4",
            "low": "16.367",
            "close": "16.372"
        },
        {
            "time": "05.03.2021 02:48",
            "open": "16.372",
            "high": "16.372",
            "low": "16.372",
            "close": "16.431"
        },
        {
            "time": "05.03.2021 03:00",
            "open": "16.431",
            "high": "16.431",
            "low": "16.427",
            "close": "16.361"
        },
        {
            "time": "05.03.2021 03:03",
            "open": "16.361",
            "high": "16.361",
            "low": "16.361",
            "close": "16.46"
        },
        {
            "time": "05.03.2021 03:26",
            "open": "16.46",
            "high": "16.46",
            "low": "16.46",
            "close": "16.433"
        },
        {
            "time": "05.03.2021 03:30",
            "open": "16.433",
            "high": "16.44",
            "low": "16.433",
            "close": "16.427"
        },
        {
            "time": "05.03.2021 03:32",
            "open": "16.427",
            "high": "16.427",
            "low": "16.427",
            "close": "16.413"
        },
        {
            "time": "05.03.2021 03:37",
            "open": "16.413",
            "high": "16.413",
            "low": "16.413",
            "close": "16.423"
        },
        {
            "time": "05.03.2021 03:38",
            "open": "16.423",
            "high": "16.423",
            "low": "16.423",
            "close": "16.46"
        },
        {
            "time": "05.03.2021 03:48",
            "open": "16.435",
            "high": "16.435",
            "low": "16.435",
            "close": "16.526"
        },
        {
            "time": "05.03.2021 04:12",
            "open": "16.526",
            "high": "16.528",
            "low": "16.526",
            "close": "16.423"
        },
        {
            "time": "05.03.2021 04:20",
            "open": "16.423",
            "high": "16.423",
            "low": "16.423",
            "close": "16.439"
        },
        {
            "time": "05.03.2021 04:21",
            "open": "16.439",
            "high": "16.44",
            "low": "16.439",
            "close": "16.493"
        },
        {
            "time": "05.03.2021 04:40",
            "open": "16.493",
            "high": "16.494",
            "low": "16.493",
            "close": "16.51"
        },
        {
            "time": "05.03.2021 04:44",
            "open": "16.51",
            "high": "16.51",
            "low": "16.51",
            "close": "16.521"
        },
        {
            "time": "05.03.2021 04:52",
            "open": "16.521",
            "high": "16.521",
            "low": "16.521",
            "close": "16.507"
        },
        {
            "time": "05.03.2021 04:53",
            "open": "16.507",
            "high": "16.507",
            "low": "16.507",
            "close": "16.535"
        },
        {
            "time": "05.03.2021 04:57",
            "open": "16.535",
            "high": "16.535",
            "low": "16.535",
            "close": "16.535"
        },
        {
            "time": "05.03.2021 05:07",
            "open": "16.535",
            "high": "16.535",
            "low": "16.535",
            "close": "16.532"
        },
        {
            "time": "05.03.2021 05:14",
            "open": "16.532",
            "high": "16.532",
            "low": "16.532",
            "close": "16.507"
        },
        {
            "time": "05.03.2021 05:15",
            "open": "16.507",
            "high": "16.507",
            "low": "16.503",
            "close": "16.532"
        },
        {
            "time": "05.03.2021 05:17",
            "open": "16.532",
            "high": "16.532",
            "low": "16.532",
            "close": "16.536"
        },
        {
            "time": "05.03.2021 05:29",
            "open": "16.536",
            "high": "16.536",
            "low": "16.536",
            "close": "16.604"
        },
        {
            "time": "05.03.2021 05:33",
            "open": "16.604",
            "high": "16.604",
            "low": "16.604",
            "close": "16.636"
        },
        {
            "time": "05.03.2021 05:34",
            "open": "16.636",
            "high": "16.674",
            "low": "16.636",
            "close": "16.669"
        },
        {
            "time": "05.03.2021 05:35",
            "open": "16.669",
            "high": "16.669",
            "low": "16.669",
            "close": "16.695"
        },
        {
            "time": "05.03.2021 05:36",
            "open": "16.695",
            "high": "16.695",
            "low": "16.695",
            "close": "16.702"
        },
        {
            "time": "05.03.2021 05:37",
            "open": "16.702",
            "high": "16.702",
            "low": "16.702",
            "close": "16.751"
        },
        {
            "time": "05.03.2021 05:38",
            "open": "16.751",
            "high": "16.751",
            "low": "16.751",
            "close": "16.717"
        },
        {
            "time": "05.03.2021 05:41",
            "open": "16.717",
            "high": "16.717",
            "low": "16.717",
            "close": "16.694"
        },
        {
            "time": "05.03.2021 05:48",
            "open": "16.694",
            "high": "16.694",
            "low": "16.694",
            "close": "16.695"
        },
        {
            "time": "05.03.2021 05:55",
            "open": "16.695",
            "high": "16.695",
            "low": "16.695",
            "close": "16.66"
        },
        {
            "time": "05.03.2021 05:56",
            "open": "16.66",
            "high": "16.689",
            "low": "16.66",
            "close": "16.582"
        },
        {
            "time": "05.03.2021 05:57",
            "open": "16.582",
            "high": "16.584",
            "low": "16.582",
            "close": "16.538"
        },
        {
            "time": "05.03.2021 05:59",
            "open": "16.538",
            "high": "16.538",
            "low": "16.537",
            "close": "16.53"
        },
        {
            "time": "05.03.2021 06:01",
            "open": "16.53",
            "high": "16.555",
            "low": "16.53",
            "close": "16.551"
        },
        {
            "time": "05.03.2021 06:02",
            "open": "16.551",
            "high": "16.551",
            "low": "16.551",
            "close": "16.674"
        },
        {
            "time": "05.03.2021 06:09",
            "open": "16.674",
            "high": "16.674",
            "low": "16.674",
            "close": "16.713"
        },
        {
            "time": "05.03.2021 06:10",
            "open": "16.713",
            "high": "16.713",
            "low": "16.713",
            "close": "16.674"
        },
        {
            "time": "05.03.2021 06:18",
            "open": "16.674",
            "high": "16.674",
            "low": "16.674",
            "close": "16.639"
        },
        {
            "time": "05.03.2021 06:22",
            "open": "16.639",
            "high": "16.64",
            "low": "16.639",
            "close": "16.639"
        },
        {
            "time": "05.03.2021 06:27",
            "open": "16.639",
            "high": "16.639",
            "low": "16.639",
            "close": "16.604"
        },
        {
            "time": "05.03.2021 06:28",
            "open": "16.604",
            "high": "16.604",
            "low": "16.603",
            "close": "16.603"
        },
        {
            "time": "05.03.2021 06:34",
            "open": "16.603",
            "high": "16.603",
            "low": "16.603",
            "close": "16.61"
        },
        {
            "time": "05.03.2021 06:43",
            "open": "16.61",
            "high": "16.61",
            "low": "16.603",
            "close": "16.566"
        },
        {
            "time": "05.03.2021 06:54",
            "open": "16.566",
            "high": "16.584",
            "low": "16.558",
            "close": "16.557"
        },
        {
            "time": "05.03.2021 06:57",
            "open": "16.557",
            "high": "16.569",
            "low": "16.557",
            "close": "16.567"
        },
        {
            "time": "05.03.2021 06:58",
            "open": "16.567",
            "high": "16.567",
            "low": "16.567",
            "close": "16.51"
        },
        {
            "time": "05.03.2021 07:05",
            "open": "16.51",
            "high": "16.51",
            "low": "16.51",
            "close": "16.508"
        },
        {
            "time": "05.03.2021 07:06",
            "open": "16.508",
            "high": "16.508",
            "low": "16.508",
            "close": "16.529"
        },
        {
            "time": "05.03.2021 07:11",
            "open": "16.529",
            "high": "16.529",
            "low": "16.509",
            "close": "16.52"
        },
        {
            "time": "05.03.2021 07:13",
            "open": "16.52",
            "high": "16.52",
            "low": "16.52",
            "close": "16.531"
        },
        {
            "time": "05.03.2021 07:15",
            "open": "16.531",
            "high": "16.531",
            "low": "16.531",
            "close": "16.545"
        },
        {
            "time": "05.03.2021 07:19",
            "open": "16.545",
            "high": "16.545",
            "low": "16.545",
            "close": "16.561"
        },
        {
            "time": "05.03.2021 07:22",
            "open": "16.561",
            "high": "16.562",
            "low": "16.561",
            "close": "16.567"
        },
        {
            "time": "05.03.2021 07:26",
            "open": "16.567",
            "high": "16.567",
            "low": "16.567",
            "close": "16.564"
        },
        {
            "time": "05.03.2021 07:29",
            "open": "16.564",
            "high": "16.564",
            "low": "16.564",
            "close": "16.544"
        },
        {
            "time": "05.03.2021 07:33",
            "open": "16.544",
            "high": "16.544",
            "low": "16.544",
            "close": "16.536"
        },
        {
            "time": "05.03.2021 07:35",
            "open": "16.536",
            "high": "16.536",
            "low": "16.536",
            "close": "16.634"
        },
        {
            "time": "05.03.2021 07:43",
            "open": "16.634",
            "high": "16.634",
            "low": "16.634",
            "close": "16.659"
        },
        {
            "time": "05.03.2021 07:50",
            "open": "16.659",
            "high": "16.659",
            "low": "16.659",
            "close": "16.687"
        },
        {
            "time": "05.03.2021 07:54",
            "open": "16.687",
            "high": "16.687",
            "low": "16.687",
            "close": "16.778"
        },
        {
            "time": "05.03.2021 07:59",
            "open": "16.778",
            "high": "16.783",
            "low": "16.778",
            "close": "16.767"
        },
        {
            "time": "05.03.2021 08:01",
            "open": "16.767",
            "high": "16.846",
            "low": "16.767",
            "close": "16.88"
        },
        {
            "time": "05.03.2021 08:03",
            "open": "16.88",
            "high": "16.88",
            "low": "16.88",
            "close": "16.88"
        },
        {
            "time": "05.03.2021 08:05",
            "open": "16.88",
            "high": "16.88",
            "low": "16.88",
            "close": "16.906"
        },
        {
            "time": "05.03.2021 08:06",
            "open": "16.906",
            "high": "16.906",
            "low": "16.906",
            "close": "16.933"
        },
        {
            "time": "05.03.2021 08:09",
            "open": "16.933",
            "high": "16.946",
            "low": "16.933",
            "close": "16.972"
        },
        {
            "time": "05.03.2021 08:10",
            "open": "16.972",
            "high": "17.017",
            "low": "16.972",
            "close": "16.865"
        },
        {
            "time": "05.03.2021 08:20",
            "open": "16.865",
            "high": "16.865",
            "low": "16.865",
            "close": "16.878"
        },
        {
            "time": "05.03.2021 08:21",
            "open": "16.878",
            "high": "16.891",
            "low": "16.878",
            "close": "16.886"
        },
        {
            "time": "05.03.2021 08:25",
            "open": "16.886",
            "high": "16.886",
            "low": "16.886",
            "close": "16.92"
        },
        {
            "time": "05.03.2021 08:30",
            "open": "16.92",
            "high": "16.92",
            "low": "16.893",
            "close": "16.809"
        },
        {
            "time": "05.03.2021 08:33",
            "open": "16.809",
            "high": "16.809",
            "low": "16.809",
            "close": "16.835"
        },
        {
            "time": "05.03.2021 08:34",
            "open": "16.835",
            "high": "16.835",
            "low": "16.835",
            "close": "16.845"
        },
        {
            "time": "05.03.2021 08:36",
            "open": "16.845",
            "high": "16.845",
            "low": "16.845",
            "close": "16.808"
        },
        {
            "time": "05.03.2021 08:37",
            "open": "16.808",
            "high": "16.808",
            "low": "16.808",
            "close": "16.8"
        },
        {
            "time": "05.03.2021 08:38",
            "open": "16.8",
            "high": "16.8",
            "low": "16.8",
            "close": "16.8"
        },
        {
            "time": "05.03.2021 08:39",
            "open": "16.8",
            "high": "16.801",
            "low": "16.8",
            "close": "16.815"
        },
        {
            "time": "05.03.2021 08:41",
            "open": "16.815",
            "high": "16.815",
            "low": "16.815",
            "close": "16.818"
        },
        {
            "time": "05.03.2021 08:46",
            "open": "16.818",
            "high": "16.818",
            "low": "16.818",
            "close": "16.776"
        },
        {
            "time": "05.03.2021 08:48",
            "open": "16.776",
            "high": "16.776",
            "low": "16.741",
            "close": "16.73"
        },
        {
            "time": "05.03.2021 08:51",
            "open": "16.73",
            "high": "16.73",
            "low": "16.73",
            "close": "16.828"
        },
        {
            "time": "05.03.2021 08:59",
            "open": "16.828",
            "high": "16.828",
            "low": "16.828",
            "close": "16.81"
        },
        {
            "time": "05.03.2021 09:00",
            "open": "16.81",
            "high": "16.81",
            "low": "16.81",
            "close": "16.802"
        },
        {
            "time": "05.03.2021 09:02",
            "open": "16.802",
            "high": "16.802",
            "low": "16.802",
            "close": "16.833"
        },
        {
            "time": "05.03.2021 09:07",
            "open": "16.833",
            "high": "16.833",
            "low": "16.833",
            "close": "16.769"
        },
        {
            "time": "05.03.2021 09:12",
            "open": "16.769",
            "high": "16.769",
            "low": "16.752",
            "close": "16.726"
        },
        {
            "time": "05.03.2021 09:15",
            "open": "16.726",
            "high": "16.726",
            "low": "16.722",
            "close": "16.687"
        },
        {
            "time": "05.03.2021 09:16",
            "open": "16.687",
            "high": "16.687",
            "low": "16.687",
            "close": "16.657"
        },
        {
            "time": "05.03.2021 09:22",
            "open": "16.657",
            "high": "16.657",
            "low": "16.657",
            "close": "16.634"
        },
        {
            "time": "05.03.2021 09:25",
            "open": "16.634",
            "high": "16.634",
            "low": "16.634",
            "close": "16.622"
        },
        {
            "time": "05.03.2021 09:26",
            "open": "16.622",
            "high": "16.622",
            "low": "16.596",
            "close": "16.615"
        },
        {
            "time": "05.03.2021 09:29",
            "open": "16.615",
            "high": "16.615",
            "low": "16.615",
            "close": "16.62"
        },
        {
            "time": "05.03.2021 09:35",
            "open": "16.62",
            "high": "16.62",
            "low": "16.62",
            "close": "16.591"
        },
        {
            "time": "05.03.2021 09:36",
            "open": "16.591",
            "high": "16.591",
            "low": "16.536",
            "close": "16.535"
        },
        {
            "time": "05.03.2021 09:37",
            "open": "16.535",
            "high": "16.535",
            "low": "16.535",
            "close": "16.548"
        },
        {
            "time": "05.03.2021 09:40",
            "open": "16.548",
            "high": "16.548",
            "low": "16.547",
            "close": "16.616"
        },
        {
            "time": "05.03.2021 09:41",
            "open": "16.616",
            "high": "16.616",
            "low": "16.616",
            "close": "16.609"
        },
        {
            "time": "05.03.2021 09:46",
            "open": "16.609",
            "high": "16.689",
            "low": "16.605",
            "close": "16.749"
        },
        {
            "time": "05.03.2021 09:50",
            "open": "16.749",
            "high": "16.749",
            "low": "16.749",
            "close": "16.709"
        },
        {
            "time": "05.03.2021 09:51",
            "open": "16.709",
            "high": "16.709",
            "low": "16.709",
            "close": "16.642"
        },
        {
            "time": "05.03.2021 09:52",
            "open": "16.642",
            "high": "16.645",
            "low": "16.642",
            "close": "16.654"
        },
        {
            "time": "05.03.2021 10:03",
            "open": "16.654",
            "high": "16.654",
            "low": "16.654",
            "close": "16.707"
        },
        {
            "time": "05.03.2021 10:09",
            "open": "16.707",
            "high": "16.714",
            "low": "16.707",
            "close": "16.725"
        },
        {
            "time": "05.03.2021 10:11",
            "open": "16.725",
            "high": "16.725",
            "low": "16.725",
            "close": "16.727"
        },
        {
            "time": "05.03.2021 10:23",
            "open": "16.727",
            "high": "16.727",
            "low": "16.727",
            "close": "16.721"
        },
        {
            "time": "05.03.2021 10:24",
            "open": "16.721",
            "high": "16.721",
            "low": "16.721",
            "close": "16.745"
        },
        {
            "time": "05.03.2021 10:28",
            "open": "16.745",
            "high": "16.757",
            "low": "16.745",
            "close": "16.753"
        },
        {
            "time": "05.03.2021 10:29",
            "open": "16.753",
            "high": "16.753",
            "low": "16.753",
            "close": "16.747"
        },
        {
            "time": "05.03.2021 10:30",
            "open": "16.747",
            "high": "16.747",
            "low": "16.747",
            "close": "16.768"
        },
        {
            "time": "05.03.2021 10:50",
            "open": "16.768",
            "high": "16.768",
            "low": "16.768",
            "close": "16.774"
        },
        {
            "time": "05.03.2021 10:52",
            "open": "16.774",
            "high": "16.774",
            "low": "16.774",
            "close": "16.794"
        },
        {
            "time": "05.03.2021 10:55",
            "open": "16.794",
            "high": "16.794",
            "low": "16.794",
            "close": "16.848"
        },
        {
            "time": "05.03.2021 11:01",
            "open": "16.848",
            "high": "16.848",
            "low": "16.848",
            "close": "16.87"
        },
        {
            "time": "05.03.2021 11:02",
            "open": "16.87",
            "high": "16.883",
            "low": "16.87",
            "close": "16.855"
        },
        {
            "time": "05.03.2021 11:04",
            "open": "16.855",
            "high": "16.864",
            "low": "16.855",
            "close": "16.865"
        },
        {
            "time": "05.03.2021 11:09",
            "open": "16.865",
            "high": "16.865",
            "low": "16.865",
            "close": "16.837"
        },
        {
            "time": "05.03.2021 11:10",
            "open": "16.837",
            "high": "16.837",
            "low": "16.833",
            "close": "16.872"
        },
        {
            "time": "05.03.2021 11:16",
            "open": "16.872",
            "high": "16.872",
            "low": "16.872",
            "close": "16.863"
        },
        {
            "time": "05.03.2021 11:22",
            "open": "16.863",
            "high": "16.863",
            "low": "16.863",
            "close": "16.834"
        },
        {
            "time": "05.03.2021 11:32",
            "open": "16.834",
            "high": "16.834",
            "low": "16.834",
            "close": "16.842"
        },
        {
            "time": "05.03.2021 11:36",
            "open": "16.842",
            "high": "16.842",
            "low": "16.842",
            "close": "16.779"
        },
        {
            "time": "05.03.2021 11:38",
            "open": "16.779",
            "high": "16.781",
            "low": "16.779",
            "close": "16.817"
        },
        {
            "time": "05.03.2021 11:49",
            "open": "16.817",
            "high": "16.817",
            "low": "16.817",
            "close": "16.911"
        },
        {
            "time": "05.03.2021 12:10",
            "open": "16.911",
            "high": "16.911",
            "low": "16.908",
            "close": "16.927"
        },
        {
            "time": "05.03.2021 12:11",
            "open": "16.927",
            "high": "16.941",
            "low": "16.927",
            "close": "16.946"
        },
        {
            "time": "05.03.2021 12:26",
            "open": "16.946",
            "high": "16.946",
            "low": "16.946",
            "close": "16.966"
        },
        {
            "time": "05.03.2021 12:28",
            "open": "16.966",
            "high": "16.966",
            "low": "16.966",
            "close": "17"
        },
        {
            "time": "05.03.2021 12:34",
            "open": "17",
            "high": "17.012",
            "low": "17",
            "close": "17.011"
        },
        {
            "time": "05.03.2021 12:36",
            "open": "17.011",
            "high": "17.076",
            "low": "17.011",
            "close": "17.046"
        },
        {
            "time": "05.03.2021 12:38",
            "open": "17.046",
            "high": "17.046",
            "low": "17.046",
            "close": "17.044"
        },
        {
            "time": "05.03.2021 12:41",
            "open": "17.044",
            "high": "17.044",
            "low": "17.044",
            "close": "16.97"
        },
        {
            "time": "05.03.2021 12:47",
            "open": "16.97",
            "high": "16.97",
            "low": "16.97",
            "close": "16.965"
        },
        {
            "time": "05.03.2021 12:48",
            "open": "16.965",
            "high": "16.965",
            "low": "16.965",
            "close": "17.001"
        },
        {
            "time": "05.03.2021 13:03",
            "open": "17.001",
            "high": "17.001",
            "low": "17.001",
            "close": "17.043"
        },
        {
            "time": "05.03.2021 13:10",
            "open": "17.043",
            "high": "17.043",
            "low": "17.043",
            "close": "17.004"
        },
        {
            "time": "05.03.2021 13:16",
            "open": "17.004",
            "high": "17.005",
            "low": "16.929",
            "close": "16.934"
        },
        {
            "time": "05.03.2021 13:19",
            "open": "16.934",
            "high": "16.934",
            "low": "16.922",
            "close": "16.873"
        },
        {
            "time": "05.03.2021 13:23",
            "open": "16.873",
            "high": "16.873",
            "low": "16.844",
            "close": "16.885"
        },
        {
            "time": "05.03.2021 13:24",
            "open": "16.885",
            "high": "16.89",
            "low": "16.885",
            "close": "16.889"
        },
        {
            "time": "05.03.2021 13:30",
            "open": "16.889",
            "high": "16.908",
            "low": "16.889",
            "close": "16.906"
        },
        {
            "time": "05.03.2021 13:33",
            "open": "16.906",
            "high": "16.906",
            "low": "16.906",
            "close": "16.911"
        },
        {
            "time": "05.03.2021 13:34",
            "open": "16.911",
            "high": "16.911",
            "low": "16.911",
            "close": "16.952"
        },
        {
            "time": "05.03.2021 13:36",
            "open": "16.952",
            "high": "16.953",
            "low": "16.952",
            "close": "17.085"
        },
        {
            "time": "05.03.2021 13:53",
            "open": "17.085",
            "high": "17.088",
            "low": "17.085",
            "close": "17.084"
        },
        {
            "time": "05.03.2021 13:58",
            "open": "17.084",
            "high": "17.085",
            "low": "17.084",
            "close": "17.101"
        },
        {
            "time": "05.03.2021 14:01",
            "open": "17.101",
            "high": "17.119",
            "low": "17.101",
            "close": "17.135"
        },
        {
            "time": "05.03.2021 14:02",
            "open": "17.135",
            "high": "17.21",
            "low": "17.135",
            "close": "17.173"
        },
        {
            "time": "05.03.2021 14:03",
            "open": "17.173",
            "high": "17.173",
            "low": "17.173",
            "close": "17.171"
        },
        {
            "time": "05.03.2021 14:04",
            "open": "17.171",
            "high": "17.171",
            "low": "17.171",
            "close": "17.199"
        },
        {
            "time": "05.03.2021 14:07",
            "open": "17.199",
            "high": "17.199",
            "low": "17.199",
            "close": "17.217"
        },
        {
            "time": "05.03.2021 14:08",
            "open": "17.217",
            "high": "17.217",
            "low": "17.217",
            "close": "17.248"
        },
        {
            "time": "05.03.2021 14:12",
            "open": "17.248",
            "high": "17.248",
            "low": "17.248",
            "close": "17.248"
        },
        {
            "time": "05.03.2021 14:17",
            "open": "17.248",
            "high": "17.248",
            "low": "17.248",
            "close": "17.265"
        },
        {
            "time": "05.03.2021 14:20",
            "open": "17.265",
            "high": "17.281",
            "low": "17.265",
            "close": "17.293"
        },
        {
            "time": "05.03.2021 14:26",
            "open": "17.293",
            "high": "17.293",
            "low": "17.293",
            "close": "17.3"
        },
        {
            "time": "05.03.2021 14:27",
            "open": "17.3",
            "high": "17.359",
            "low": "17.3",
            "close": "17.333"
        },
        {
            "time": "05.03.2021 14:28",
            "open": "17.333",
            "high": "17.333",
            "low": "17.333",
            "close": "17.348"
        },
        {
            "time": "05.03.2021 14:30",
            "open": "17.348",
            "high": "17.348",
            "low": "17.348",
            "close": "17.267"
        },
        {
            "time": "05.03.2021 14:32",
            "open": "17.267",
            "high": "17.269",
            "low": "17.227",
            "close": "17.144"
        },
        {
            "time": "05.03.2021 14:33",
            "open": "17.144",
            "high": "17.144",
            "low": "17.032",
            "close": "17.086"
        },
        {
            "time": "05.03.2021 14:36",
            "open": "17.086",
            "high": "17.09",
            "low": "17.077",
            "close": "17.164"
        },
        {
            "time": "05.03.2021 14:41",
            "open": "17.164",
            "high": "17.164",
            "low": "17.079",
            "close": "17.089"
        },
        {
            "time": "05.03.2021 14:43",
            "open": "17.089",
            "high": "17.089",
            "low": "17.089",
            "close": "17.118"
        },
        {
            "time": "05.03.2021 14:44",
            "open": "17.118",
            "high": "17.122",
            "low": "17.118",
            "close": "17.185"
        },
        {
            "time": "05.03.2021 14:46",
            "open": "17.185",
            "high": "17.185",
            "low": "17.185",
            "close": "17.198"
        },
        {
            "time": "05.03.2021 14:48",
            "open": "17.198",
            "high": "17.198",
            "low": "17.166",
            "close": "17.112"
        },
        {
            "time": "05.03.2021 15:00",
            "open": "17.112",
            "high": "17.112",
            "low": "17.112",
            "close": "17.171"
        },
        {
            "time": "05.03.2021 15:22",
            "open": "17.171",
            "high": "17.171",
            "low": "17.171",
            "close": "17.245"
        },
        {
            "time": "05.03.2021 15:25",
            "open": "17.245",
            "high": "17.245",
            "low": "17.24",
            "close": "17.282"
        },
        {
            "time": "05.03.2021 15:26",
            "open": "17.282",
            "high": "17.282",
            "low": "17.282",
            "close": "17.296"
        },
        {
            "time": "05.03.2021 15:27",
            "open": "17.296",
            "high": "17.325",
            "low": "17.296",
            "close": "17.276"
        },
        {
            "time": "05.03.2021 15:29",
            "open": "17.276",
            "high": "17.28",
            "low": "17.276",
            "close": "17.344"
        },
        {
            "time": "05.03.2021 15:30",
            "open": "17.344",
            "high": "17.348",
            "low": "17.344",
            "close": "17.23"
        },
        {
            "time": "05.03.2021 15:39",
            "open": "17.23",
            "high": "17.23",
            "low": "17.23",
            "close": "17.23"
        },
        {
            "time": "05.03.2021 15:44",
            "open": "17.23",
            "high": "17.23",
            "low": "17.22",
            "close": "17.266"
        },
        {
            "time": "05.03.2021 15:47",
            "open": "17.266",
            "high": "17.269",
            "low": "17.266",
            "close": "17.179"
        },
        {
            "time": "05.03.2021 15:54",
            "open": "17.179",
            "high": "17.179",
            "low": "17.179",
            "close": "17.222"
        },
        {
            "time": "05.03.2021 15:56",
            "open": "17.222",
            "high": "17.222",
            "low": "17.222",
            "close": "17.269"
        },
        {
            "time": "05.03.2021 16:02",
            "open": "17.269",
            "high": "17.269",
            "low": "17.269",
            "close": "17.257"
        },
        {
            "time": "05.03.2021 16:03",
            "open": "17.257",
            "high": "17.259",
            "low": "17.177",
            "close": "17.165"
        },
        {
            "time": "05.03.2021 16:10",
            "open": "17.165",
            "high": "17.165",
            "low": "17.165",
            "close": "17.15"
        },
        {
            "time": "05.03.2021 16:12",
            "open": "17.15",
            "high": "17.15",
            "low": "17.139",
            "close": "17.166"
        },
        {
            "time": "05.03.2021 16:15",
            "open": "17.166",
            "high": "17.166",
            "low": "17.134",
            "close": "17.085"
        },
        {
            "time": "05.03.2021 16:22",
            "open": "17.085",
            "high": "17.09",
            "low": "17.085",
            "close": "17.071"
        },
        {
            "time": "05.03.2021 16:23",
            "open": "17.071",
            "high": "17.071",
            "low": "17.071",
            "close": "17.061"
        },
        {
            "time": "05.03.2021 16:24",
            "open": "17.061",
            "high": "17.061",
            "low": "17.061",
            "close": "17.08"
        },
        {
            "time": "05.03.2021 16:25",
            "open": "17.08",
            "high": "17.085",
            "low": "17.08",
            "close": "17"
        },
        {
            "time": "05.03.2021 16:33",
            "open": "17",
            "high": "17",
            "low": "17",
            "close": "16.988"
        },
        {
            "time": "05.03.2021 16:34",
            "open": "16.988",
            "high": "16.988",
            "low": "16.988",
            "close": "16.973"
        },
        {
            "time": "05.03.2021 16:36",
            "open": "16.973",
            "high": "16.973",
            "low": "16.95",
            "close": "16.96"
        },
        {
            "time": "05.03.2021 16:37",
            "open": "16.96",
            "high": "16.96",
            "low": "16.938",
            "close": "16.979"
        },
        {
            "time": "05.03.2021 16:40",
            "open": "16.979",
            "high": "16.979",
            "low": "16.979",
            "close": "16.92"
        },
        {
            "time": "05.03.2021 16:46",
            "open": "16.92",
            "high": "16.92",
            "low": "16.912",
            "close": "16.82"
        },
        {
            "time": "05.03.2021 16:49",
            "open": "16.82",
            "high": "16.82",
            "low": "16.817",
            "close": "16.863"
        },
        {
            "time": "05.03.2021 16:58",
            "open": "16.863",
            "high": "16.863",
            "low": "16.755",
            "close": "16.742"
        },
        {
            "time": "05.03.2021 17:00",
            "open": "16.742",
            "high": "16.742",
            "low": "16.736",
            "close": "16.664"
        },
        {
            "time": "05.03.2021 17:01",
            "open": "16.664",
            "high": "16.664",
            "low": "16.656",
            "close": "16.667"
        },
        {
            "time": "05.03.2021 17:02",
            "open": "16.667",
            "high": "16.667",
            "low": "16.667",
            "close": "16.621"
        },
        {
            "time": "05.03.2021 17:03",
            "open": "16.621",
            "high": "16.621",
            "low": "16.621",
            "close": "16.618"
        },
        {
            "time": "05.03.2021 17:04",
            "open": "16.618",
            "high": "16.618",
            "low": "16.618",
            "close": "16.628"
        },
        {
            "time": "05.03.2021 17:06",
            "open": "16.628",
            "high": "16.628",
            "low": "16.605",
            "close": "16.61"
        },
        {
            "time": "05.03.2021 17:11",
            "open": "16.61",
            "high": "16.61",
            "low": "16.61",
            "close": "16.606"
        },
        {
            "time": "05.03.2021 17:13",
            "open": "16.606",
            "high": "16.606",
            "low": "16.606",
            "close": "16.606"
        },
        {
            "time": "05.03.2021 17:17",
            "open": "16.606",
            "high": "16.606",
            "low": "16.606",
            "close": "16.614"
        },
        {
            "time": "05.03.2021 17:20",
            "open": "16.614",
            "high": "16.617",
            "low": "16.611",
            "close": "16.589"
        },
        {
            "time": "05.03.2021 17:23",
            "open": "16.589",
            "high": "16.589",
            "low": "16.536",
            "close": "16.52"
        },
        {
            "time": "05.03.2021 17:24",
            "open": "16.52",
            "high": "16.521",
            "low": "16.52",
            "close": "16.52"
        },
        {
            "time": "05.03.2021 17:25",
            "open": "16.52",
            "high": "16.524",
            "low": "16.512",
            "close": "16.505"
        },
        {
            "time": "05.03.2021 17:26",
            "open": "16.505",
            "high": "16.505",
            "low": "16.496",
            "close": "16.494"
        },
        {
            "time": "05.03.2021 17:28",
            "open": "16.494",
            "high": "16.494",
            "low": "16.494",
            "close": "16.494"
        },
        {
            "time": "05.03.2021 17:31",
            "open": "16.494",
            "high": "16.533",
            "low": "16.494",
            "close": "16.526"
        },
        {
            "time": "05.03.2021 17:33",
            "open": "16.526",
            "high": "16.526",
            "low": "16.526",
            "close": "16.45"
        },
        {
            "time": "05.03.2021 17:35",
            "open": "16.45",
            "high": "16.45",
            "low": "16.411",
            "close": "16.504"
        },
        {
            "time": "05.03.2021 17:36",
            "open": "16.504",
            "high": "16.564",
            "low": "16.504",
            "close": "16.544"
        },
        {
            "time": "05.03.2021 17:37",
            "open": "16.544",
            "high": "16.544",
            "low": "16.544",
            "close": "16.544"
        },
        {
            "time": "05.03.2021 17:39",
            "open": "16.544",
            "high": "16.544",
            "low": "16.544",
            "close": "16.544"
        },
        {
            "time": "05.03.2021 17:40",
            "open": "16.544",
            "high": "16.544",
            "low": "16.544",
            "close": "16.544"
        },
        {
            "time": "05.03.2021 17:43",
            "open": "16.544",
            "high": "16.544",
            "low": "16.544",
            "close": "16.479"
        },
        {
            "time": "05.03.2021 17:45",
            "open": "16.479",
            "high": "16.615",
            "low": "16.479",
            "close": "16.657"
        },
        {
            "time": "05.03.2021 17:46",
            "open": "16.657",
            "high": "16.657",
            "low": "16.632",
            "close": "16.627"
        },
        {
            "time": "05.03.2021 17:47",
            "open": "16.627",
            "high": "16.627",
            "low": "16.627",
            "close": "16.608"
        },
        {
            "time": "05.03.2021 17:50",
            "open": "16.608",
            "high": "16.608",
            "low": "16.608",
            "close": "16.603"
        },
        {
            "time": "05.03.2021 17:51",
            "open": "16.603",
            "high": "16.603",
            "low": "16.603",
            "close": "16.576"
        },
        {
            "time": "05.03.2021 17:52",
            "open": "16.576",
            "high": "16.576",
            "low": "16.576",
            "close": "16.561"
        },
        {
            "time": "05.03.2021 17:55",
            "open": "16.561",
            "high": "16.561",
            "low": "16.561",
            "close": "16.654"
        },
        {
            "time": "05.03.2021 17:58",
            "open": "16.654",
            "high": "16.654",
            "low": "16.654",
            "close": "16.692"
        },
        {
            "time": "05.03.2021 17:59",
            "open": "16.692",
            "high": "16.692",
            "low": "16.692",
            "close": "16.674"
        },
        {
            "time": "05.03.2021 18:00",
            "open": "16.674",
            "high": "16.691",
            "low": "16.674",
            "close": "16.739"
        },
        {
            "time": "05.03.2021 18:01",
            "open": "16.739",
            "high": "16.739",
            "low": "16.739",
            "close": "16.744"
        },
        {
            "time": "05.03.2021 18:02",
            "open": "16.744",
            "high": "16.744",
            "low": "16.744",
            "close": "16.769"
        },
        {
            "time": "05.03.2021 18:04",
            "open": "16.769",
            "high": "16.769",
            "low": "16.769",
            "close": "16.764"
        },
        {
            "time": "05.03.2021 18:06",
            "open": "16.764",
            "high": "16.782",
            "low": "16.764",
            "close": "16.741"
        },
        {
            "time": "05.03.2021 18:08",
            "open": "16.741",
            "high": "16.776",
            "low": "16.741",
            "close": "16.731"
        },
        {
            "time": "05.03.2021 18:11",
            "open": "16.731",
            "high": "16.731",
            "low": "16.731",
            "close": "16.703"
        },
        {
            "time": "05.03.2021 18:12",
            "open": "16.703",
            "high": "16.703",
            "low": "16.703",
            "close": "16.733"
        },
        {
            "time": "05.03.2021 18:13",
            "open": "16.733",
            "high": "16.733",
            "low": "16.733",
            "close": "16.783"
        },
        {
            "time": "05.03.2021 18:14",
            "open": "16.783",
            "high": "16.783",
            "low": "16.783",
            "close": "16.836"
        },
        {
            "time": "05.03.2021 18:15",
            "open": "16.836",
            "high": "16.87",
            "low": "16.836",
            "close": "16.888"
        },
        {
            "time": "05.03.2021 18:16",
            "open": "16.888",
            "high": "16.888",
            "low": "16.888",
            "close": "16.856"
        },
        {
            "time": "05.03.2021 18:17",
            "open": "16.856",
            "high": "16.856",
            "low": "16.856",
            "close": "16.849"
        },
        {
            "time": "05.03.2021 18:18",
            "open": "16.849",
            "high": "16.849",
            "low": "16.849",
            "close": "16.826"
        },
        {
            "time": "05.03.2021 18:23",
            "open": "16.826",
            "high": "16.826",
            "low": "16.826",
            "close": "16.828"
        },
        {
            "time": "05.03.2021 18:27",
            "open": "16.828",
            "high": "16.828",
            "low": "16.792",
            "close": "16.799"
        },
        {
            "time": "05.03.2021 18:33",
            "open": "16.799",
            "high": "16.799",
            "low": "16.799",
            "close": "16.792"
        },
        {
            "time": "05.03.2021 20:43",
            "open": "17.088",
            "high": "17.088",
            "low": "17.088",
            "close": "17.062"
        },
        {
            "time": "05.03.2021 20:44",
            "open": "17.062",
            "high": "17.062",
            "low": "17.056",
            "close": "17.081"
        },
        {
            "time": "05.03.2021 20:47",
            "open": "17.081",
            "high": "17.081",
            "low": "17.081",
            "close": "17.11"
        },
        {
            "time": "05.03.2021 20:53",
            "open": "17.11",
            "high": "17.11",
            "low": "17.097",
            "close": "17.187"
        },
        {
            "time": "05.03.2021 20:59",
            "open": "17.187",
            "high": "17.187",
            "low": "17.185",
            "close": "17.193"
        },
        {
            "time": "05.03.2021 21:00",
            "open": "17.193",
            "high": "17.193",
            "low": "17.193",
            "close": "17.19"
        },
        {
            "time": "05.03.2021 21:01",
            "open": "17.19",
            "high": "17.193",
            "low": "17.104",
            "close": "17.127"
        },
        {
            "time": "05.03.2021 21:04",
            "open": "17.127",
            "high": "17.127",
            "low": "17.127",
            "close": "17.158"
        },
        {
            "time": "05.03.2021 21:08",
            "open": "17.158",
            "high": "17.158",
            "low": "17.158",
            "close": "17.157"
        },
        {
            "time": "05.03.2021 21:13",
            "open": "17.161",
            "high": "17.161",
            "low": "17.161",
            "close": "17.134"
        },
        {
            "time": "05.03.2021 21:16",
            "open": "17.134",
            "high": "17.16",
            "low": "17.098",
            "close": "17.139"
        },
        {
            "time": "05.03.2021 21:18",
            "open": "17.139",
            "high": "17.139",
            "low": "17.139",
            "close": "17.197"
        },
        {
            "time": "05.03.2021 21:23",
            "open": "17.197",
            "high": "17.218",
            "low": "17.197",
            "close": "17.224"
        },
        {
            "time": "05.03.2021 21:24",
            "open": "17.224",
            "high": "17.259",
            "low": "17.224",
            "close": "17.26"
        },
        {
            "time": "05.03.2021 21:25",
            "open": "17.26",
            "high": "17.263",
            "low": "17.26",
            "close": "17.269"
        },
        {
            "time": "05.03.2021 21:26",
            "open": "17.269",
            "high": "17.29",
            "low": "17.269",
            "close": "17.29"
        },
        {
            "time": "05.03.2021 21:27",
            "open": "17.29",
            "high": "17.293",
            "low": "17.29",
            "close": "17.316"
        },
        {
            "time": "05.03.2021 21:28",
            "open": "17.316",
            "high": "17.316",
            "low": "17.316",
            "close": "17.316"
        },
        {
            "time": "05.03.2021 21:29",
            "open": "17.316",
            "high": "17.316",
            "low": "17.316",
            "close": "17.33"
        },
        {
            "time": "05.03.2021 21:30",
            "open": "17.33",
            "high": "17.345",
            "low": "17.329",
            "close": "17.317"
        },
        {
            "time": "05.03.2021 21:34",
            "open": "17.317",
            "high": "17.317",
            "low": "17.317",
            "close": "17.323"
        },
        {
            "time": "05.03.2021 21:35",
            "open": "17.323",
            "high": "17.347",
            "low": "17.323",
            "close": "17.348"
        },
        {
            "time": "05.03.2021 21:36",
            "open": "17.348",
            "high": "17.348",
            "low": "17.348",
            "close": "17.348"
        },
        {
            "time": "05.03.2021 21:38",
            "open": "17.348",
            "high": "17.348",
            "low": "17.348",
            "close": "17.348"
        },
        {
            "time": "05.03.2021 21:39",
            "open": "17.348",
            "high": "17.348",
            "low": "17.348",
            "close": "17.36"
        },
        {
            "time": "05.03.2021 21:40",
            "open": "17.36",
            "high": "17.36",
            "low": "17.36",
            "close": "17.373"
        },
        {
            "time": "05.03.2021 21:41",
            "open": "17.373",
            "high": "17.373",
            "low": "17.373",
            "close": "17.311"
        },
        {
            "time": "05.03.2021 21:44",
            "open": "17.311",
            "high": "17.311",
            "low": "17.295",
            "close": "17.295"
        },
        {
            "time": "05.03.2021 21:45",
            "open": "17.295",
            "high": "17.295",
            "low": "17.294",
            "close": "17.295"
        },
        {
            "time": "05.03.2021 21:46",
            "open": "17.295",
            "high": "17.295",
            "low": "17.295",
            "close": "17.295"
        },
        {
            "time": "05.03.2021 21:48",
            "open": "17.295",
            "high": "17.295",
            "low": "17.295",
            "close": "17.257"
        },
        {
            "time": "05.03.2021 21:51",
            "open": "17.257",
            "high": "17.257",
            "low": "17.257",
            "close": "17.257"
        },
        {
            "time": "05.03.2021 21:57",
            "open": "17.257",
            "high": "17.295",
            "low": "17.257",
            "close": "17.295"
        },
        {
            "time": "05.03.2021 22:01",
            "open": "17.295",
            "high": "17.295",
            "low": "17.295",
            "close": "17.38"
        },
        {
            "time": "05.03.2021 22:06",
            "open": "17.38",
            "high": "17.392",
            "low": "17.38",
            "close": "17.192"
        },
        {
            "time": "05.03.2021 22:20",
            "open": "17.192",
            "high": "17.193",
            "low": "17.192",
            "close": "17.174"
        },
        {
            "time": "05.03.2021 22:21",
            "open": "17.174",
            "high": "17.174",
            "low": "17.166",
            "close": "17.161"
        },
        {
            "time": "05.03.2021 22:25",
            "open": "17.161",
            "high": "17.161",
            "low": "17.15",
            "close": "17.167"
        },
        {
            "time": "05.03.2021 22:27",
            "open": "17.167",
            "high": "17.167",
            "low": "17.166",
            "close": "17.194"
        },
        {
            "time": "05.03.2021 22:28",
            "open": "17.194",
            "high": "17.194",
            "low": "17.194",
            "close": "17.173"
        },
        {
            "time": "05.03.2021 22:36",
            "open": "17.173",
            "high": "17.173",
            "low": "17.173",
            "close": "17.139"
        },
        {
            "time": "05.03.2021 22:44",
            "open": "17.139",
            "high": "17.139",
            "low": "17.127",
            "close": "17.155"
        },
        {
            "time": "05.03.2021 22:47",
            "open": "17.155",
            "high": "17.155",
            "low": "17.155",
            "close": "17.193"
        },
        {
            "time": "05.03.2021 22:51",
            "open": "17.193",
            "high": "17.193",
            "low": "17.193",
            "close": "17.142"
        },
        {
            "time": "05.03.2021 22:57",
            "open": "17.142",
            "high": "17.142",
            "low": "17.142",
            "close": "17.162"
        },
        {
            "time": "05.03.2021 22:58",
            "open": "17.162",
            "high": "17.162",
            "low": "17.162",
            "close": "17.133"
        },
        {
            "time": "05.03.2021 23:03",
            "open": "17.133",
            "high": "17.133",
            "low": "17.108",
            "close": "17.107"
        },
        {
            "time": "05.03.2021 23:04",
            "open": "17.107",
            "high": "17.107",
            "low": "17.107",
            "close": "17.108"
        },
        {
            "time": "05.03.2021 23:06",
            "open": "17.108",
            "high": "17.148",
            "low": "17.108",
            "close": "17.159"
        },
        {
            "time": "05.03.2021 23:10",
            "open": "17.159",
            "high": "17.159",
            "low": "17.159",
            "close": "17.159"
        },
        {
            "time": "05.03.2021 23:16",
            "open": "17.159",
            "high": "17.159",
            "low": "17.159",
            "close": "17.16"
        },
        {
            "time": "05.03.2021 23:17",
            "open": "17.16",
            "high": "17.16",
            "low": "17.16",
            "close": "17.16"
        },
        {
            "time": "05.03.2021 23:18",
            "open": "17.16",
            "high": "17.18",
            "low": "17.16",
            "close": "17.18"
        },
        {
            "time": "05.03.2021 23:20",
            "open": "17.18",
            "high": "17.18",
            "low": "17.18",
            "close": "17.181"
        },
        {
            "time": "05.03.2021 23:21",
            "open": "17.181",
            "high": "17.181",
            "low": "17.181",
            "close": "17.185"
        },
        {
            "time": "05.03.2021 23:22",
            "open": "17.185",
            "high": "17.185",
            "low": "17.185",
            "close": "17.185"
        },
        {
            "time": "05.03.2021 23:23",
            "open": "17.185",
            "high": "17.185",
            "low": "17.18",
            "close": "17.165"
        },
        {
            "time": "05.03.2021 23:26",
            "open": "17.165",
            "high": "17.165",
            "low": "17.165",
            "close": "17.165"
        },
        {
            "time": "05.03.2021 23:28",
            "open": "17.165",
            "high": "17.195",
            "low": "17.165",
            "close": "17.189"
        },
        {
            "time": "05.03.2021 23:29",
            "open": "17.189",
            "high": "17.189",
            "low": "17.189",
            "close": "17.147"
        },
        {
            "time": "05.03.2021 23:32",
            "open": "17.147",
            "high": "17.147",
            "low": "17.119",
            "close": "17.123"
        },
        {
            "time": "05.03.2021 23:33",
            "open": "17.123",
            "high": "17.123",
            "low": "17.123",
            "close": "17.086"
        },
        {
            "time": "05.03.2021 23:41",
            "open": "17.086",
            "high": "17.106",
            "low": "17.086",
            "close": "17.083"
        },
        {
            "time": "05.03.2021 23:44",
            "open": "17.083",
            "high": "17.083",
            "low": "17.083",
            "close": "17.123"
        },
        {
            "time": "05.03.2021 23:48",
            "open": "17.123",
            "high": "17.127",
            "low": "17.121",
            "close": "17.083"
        },
        {
            "time": "05.03.2021 23:56",
            "open": "17.083",
            "high": "17.083",
            "low": "17.083",
            "close": "17.083"
        },
        {
            "time": "05.03.2021 23:57",
            "open": "17.083",
            "high": "17.083",
            "low": "17.083",
            "close": "17.055"
        }
    ]
}