{
    "UMA-EUR": [
        {
            "time": "03.08.2021 23:45",
            "open": "7.139",
            "high": "7.14",
            "low": "7.139",
            "close": "7.157"
        },
        {
            "time": "04.08.2021 00:01",
            "open": "7.157",
            "high": "7.157",
            "low": "7.153",
            "close": "7.139"
        },
        {
            "time": "04.08.2021 00:02",
            "open": "7.139",
            "high": "7.139",
            "low": "7.135",
            "close": "7.135"
        },
        {
            "time": "04.08.2021 00:05",
            "open": "7.135",
            "high": "7.135",
            "low": "7.13",
            "close": "7.157"
        },
        {
            "time": "04.08.2021 00:15",
            "open": "7.157",
            "high": "7.157",
            "low": "7.157",
            "close": "7.165"
        },
        {
            "time": "04.08.2021 00:17",
            "open": "7.165",
            "high": "7.165",
            "low": "7.165",
            "close": "7.165"
        },
        {
            "time": "04.08.2021 00:18",
            "open": "7.165",
            "high": "7.165",
            "low": "7.165",
            "close": "7.17"
        },
        {
            "time": "04.08.2021 00:23",
            "open": "7.17",
            "high": "7.175",
            "low": "7.17",
            "close": "7.18"
        },
        {
            "time": "04.08.2021 00:25",
            "open": "7.18",
            "high": "7.185",
            "low": "7.18",
            "close": "7.19"
        },
        {
            "time": "04.08.2021 00:30",
            "open": "7.19",
            "high": "7.19",
            "low": "7.19",
            "close": "7.195"
        },
        {
            "time": "04.08.2021 00:31",
            "open": "7.195",
            "high": "7.195",
            "low": "7.195",
            "close": "7.2"
        },
        {
            "time": "04.08.2021 00:32",
            "open": "7.2",
            "high": "7.2",
            "low": "7.2",
            "close": "7.178"
        },
        {
            "time": "04.08.2021 00:35",
            "open": "7.178",
            "high": "7.178",
            "low": "7.178",
            "close": "7.193"
        },
        {
            "time": "04.08.2021 00:38",
            "open": "7.193",
            "high": "7.193",
            "low": "7.193",
            "close": "7.19"
        },
        {
            "time": "04.08.2021 00:42",
            "open": "7.19",
            "high": "7.19",
            "low": "7.17",
            "close": "7.17"
        },
        {
            "time": "04.08.2021 00:48",
            "open": "7.17",
            "high": "7.17",
            "low": "7.145",
            "close": "7.145"
        },
        {
            "time": "04.08.2021 00:49",
            "open": "7.145",
            "high": "7.145",
            "low": "7.135",
            "close": "7.135"
        },
        {
            "time": "04.08.2021 00:50",
            "open": "7.135",
            "high": "7.135",
            "low": "7.129",
            "close": "7.16"
        },
        {
            "time": "04.08.2021 00:59",
            "open": "7.16",
            "high": "7.16",
            "low": "7.16",
            "close": "7.165"
        },
        {
            "time": "04.08.2021 01:00",
            "open": "7.165",
            "high": "7.18",
            "low": "7.165",
            "close": "7.185"
        },
        {
            "time": "04.08.2021 01:01",
            "open": "7.185",
            "high": "7.185",
            "low": "7.185",
            "close": "7.19"
        },
        {
            "time": "04.08.2021 01:03",
            "open": "7.19",
            "high": "7.2",
            "low": "7.19",
            "close": "7.205"
        },
        {
            "time": "04.08.2021 01:04",
            "open": "7.205",
            "high": "7.205",
            "low": "7.205",
            "close": "7.206"
        },
        {
            "time": "04.08.2021 01:16",
            "open": "7.206",
            "high": "7.206",
            "low": "7.206",
            "close": "7.189"
        },
        {
            "time": "04.08.2021 01:25",
            "open": "7.189",
            "high": "7.189",
            "low": "7.16",
            "close": "7.155"
        },
        {
            "time": "04.08.2021 01:26",
            "open": "7.155",
            "high": "7.166",
            "low": "7.155",
            "close": "7.168"
        },
        {
            "time": "04.08.2021 01:33",
            "open": "7.168",
            "high": "7.168",
            "low": "7.168",
            "close": "7.177"
        },
        {
            "time": "04.08.2021 01:36",
            "open": "7.177",
            "high": "7.177",
            "low": "7.177",
            "close": "7.163"
        },
        {
            "time": "04.08.2021 01:38",
            "open": "7.163",
            "high": "7.163",
            "low": "7.163",
            "close": "7.155"
        },
        {
            "time": "04.08.2021 01:50",
            "open": "7.155",
            "high": "7.155",
            "low": "7.155",
            "close": "7.15"
        },
        {
            "time": "04.08.2021 01:51",
            "open": "7.15",
            "high": "7.15",
            "low": "7.14",
            "close": "7.135"
        },
        {
            "time": "04.08.2021 01:53",
            "open": "7.135",
            "high": "7.135",
            "low": "7.135",
            "close": "7.13"
        },
        {
            "time": "04.08.2021 01:55",
            "open": "7.13",
            "high": "7.13",
            "low": "7.115",
            "close": "7.115"
        },
        {
            "time": "04.08.2021 01:57",
            "open": "7.115",
            "high": "7.115",
            "low": "7.11",
            "close": "7.105"
        },
        {
            "time": "04.08.2021 01:58",
            "open": "7.105",
            "high": "7.105",
            "low": "7.105",
            "close": "7.123"
        },
        {
            "time": "04.08.2021 02:02",
            "open": "7.123",
            "high": "7.123",
            "low": "7.123",
            "close": "7.105"
        },
        {
            "time": "04.08.2021 02:04",
            "open": "7.105",
            "high": "7.105",
            "low": "7.1",
            "close": "7.107"
        },
        {
            "time": "04.08.2021 02:05",
            "open": "7.107",
            "high": "7.107",
            "low": "7.107",
            "close": "7.095"
        },
        {
            "time": "04.08.2021 02:06",
            "open": "7.095",
            "high": "7.095",
            "low": "7.085",
            "close": "7.08"
        },
        {
            "time": "04.08.2021 02:08",
            "open": "7.08",
            "high": "7.08",
            "low": "7.08",
            "close": "7.08"
        },
        {
            "time": "04.08.2021 02:09",
            "open": "7.08",
            "high": "7.08",
            "low": "7.06",
            "close": "7.055"
        },
        {
            "time": "04.08.2021 02:10",
            "open": "7.055",
            "high": "7.055",
            "low": "7.05",
            "close": "7.045"
        },
        {
            "time": "04.08.2021 02:11",
            "open": "7.045",
            "high": "7.045",
            "low": "7.04",
            "close": "7.035"
        },
        {
            "time": "04.08.2021 02:12",
            "open": "7.035",
            "high": "7.035",
            "low": "7.035",
            "close": "7.035"
        },
        {
            "time": "04.08.2021 02:13",
            "open": "7.035",
            "high": "7.035",
            "low": "7.022",
            "close": "7.02"
        },
        {
            "time": "04.08.2021 02:14",
            "open": "7.02",
            "high": "7.02",
            "low": "7.02",
            "close": "7.05"
        },
        {
            "time": "04.08.2021 02:23",
            "open": "7.05",
            "high": "7.059",
            "low": "7.05",
            "close": "7.059"
        },
        {
            "time": "04.08.2021 02:25",
            "open": "7.059",
            "high": "7.059",
            "low": "7.059",
            "close": "7.045"
        },
        {
            "time": "04.08.2021 02:29",
            "open": "7.045",
            "high": "7.045",
            "low": "7.045",
            "close": "7.06"
        },
        {
            "time": "04.08.2021 02:38",
            "open": "7.06",
            "high": "7.06",
            "low": "7.06",
            "close": "7.065"
        },
        {
            "time": "04.08.2021 02:49",
            "open": "7.065",
            "high": "7.065",
            "low": "7.065",
            "close": "7.07"
        },
        {
            "time": "04.08.2021 02:50",
            "open": "7.07",
            "high": "7.08",
            "low": "7.07",
            "close": "7.085"
        },
        {
            "time": "04.08.2021 02:51",
            "open": "7.085",
            "high": "7.085",
            "low": "7.085",
            "close": "7.09"
        },
        {
            "time": "04.08.2021 02:53",
            "open": "7.09",
            "high": "7.09",
            "low": "7.09",
            "close": "7.095"
        },
        {
            "time": "04.08.2021 02:55",
            "open": "7.095",
            "high": "7.095",
            "low": "7.095",
            "close": "7.1"
        },
        {
            "time": "04.08.2021 02:56",
            "open": "7.1",
            "high": "7.1",
            "low": "7.1",
            "close": "7.105"
        },
        {
            "time": "04.08.2021 02:58",
            "open": "7.105",
            "high": "7.11",
            "low": "7.105",
            "close": "7.115"
        },
        {
            "time": "04.08.2021 03:04",
            "open": "7.115",
            "high": "7.115",
            "low": "7.115",
            "close": "7.12"
        },
        {
            "time": "04.08.2021 03:07",
            "open": "7.12",
            "high": "7.12",
            "low": "7.12",
            "close": "7.125"
        },
        {
            "time": "04.08.2021 03:11",
            "open": "7.125",
            "high": "7.14",
            "low": "7.125",
            "close": "7.145"
        },
        {
            "time": "04.08.2021 03:15",
            "open": "7.145",
            "high": "7.145",
            "low": "7.145",
            "close": "7.15"
        },
        {
            "time": "04.08.2021 03:17",
            "open": "7.15",
            "high": "7.15",
            "low": "7.15",
            "close": "7.146"
        },
        {
            "time": "04.08.2021 03:33",
            "open": "7.146",
            "high": "7.146",
            "low": "7.146",
            "close": "7.133"
        },
        {
            "time": "04.08.2021 04:02",
            "open": "7.133",
            "high": "7.133",
            "low": "7.115",
            "close": "7.11"
        },
        {
            "time": "04.08.2021 04:06",
            "open": "7.11",
            "high": "7.11",
            "low": "7.105",
            "close": "7.1"
        },
        {
            "time": "04.08.2021 04:08",
            "open": "7.1",
            "high": "7.1",
            "low": "7.1",
            "close": "7.097"
        },
        {
            "time": "04.08.2021 04:09",
            "open": "7.097",
            "high": "7.097",
            "low": "7.097",
            "close": "7.095"
        },
        {
            "time": "04.08.2021 04:10",
            "open": "7.095",
            "high": "7.095",
            "low": "7.095",
            "close": "7.09"
        },
        {
            "time": "04.08.2021 04:11",
            "open": "7.09",
            "high": "7.09",
            "low": "7.081",
            "close": "7.08"
        },
        {
            "time": "04.08.2021 04:12",
            "open": "7.08",
            "high": "7.08",
            "low": "7.08",
            "close": "7.08"
        },
        {
            "time": "04.08.2021 04:13",
            "open": "7.08",
            "high": "7.08",
            "low": "7.08",
            "close": "7.075"
        },
        {
            "time": "04.08.2021 04:14",
            "open": "7.075",
            "high": "7.075",
            "low": "7.075",
            "close": "7.075"
        },
        {
            "time": "04.08.2021 04:16",
            "open": "7.075",
            "high": "7.075",
            "low": "7.075",
            "close": "7.07"
        },
        {
            "time": "04.08.2021 04:17",
            "open": "7.07",
            "high": "7.07",
            "low": "7.07",
            "close": "7.07"
        },
        {
            "time": "04.08.2021 04:18",
            "open": "7.07",
            "high": "7.07",
            "low": "7.07",
            "close": "7.065"
        },
        {
            "time": "04.08.2021 04:19",
            "open": "7.065",
            "high": "7.065",
            "low": "7.065",
            "close": "7.06"
        },
        {
            "time": "04.08.2021 04:20",
            "open": "7.06",
            "high": "7.06",
            "low": "7.06",
            "close": "7.055"
        },
        {
            "time": "04.08.2021 04:23",
            "open": "7.055",
            "high": "7.055",
            "low": "7.055",
            "close": "7.063"
        },
        {
            "time": "04.08.2021 04:24",
            "open": "7.063",
            "high": "7.081",
            "low": "7.063",
            "close": "7.085"
        },
        {
            "time": "04.08.2021 04:26",
            "open": "7.085",
            "high": "7.085",
            "low": "7.085",
            "close": "7.09"
        },
        {
            "time": "04.08.2021 04:34",
            "open": "7.09",
            "high": "7.096",
            "low": "7.09",
            "close": "7.1"
        },
        {
            "time": "04.08.2021 04:39",
            "open": "7.1",
            "high": "7.105",
            "low": "7.1",
            "close": "7.11"
        },
        {
            "time": "04.08.2021 04:43",
            "open": "7.11",
            "high": "7.11",
            "low": "7.11",
            "close": "7.11"
        },
        {
            "time": "04.08.2021 04:44",
            "open": "7.11",
            "high": "7.11",
            "low": "7.11",
            "close": "7.11"
        },
        {
            "time": "04.08.2021 04:49",
            "open": "7.11",
            "high": "7.115",
            "low": "7.11",
            "close": "7.098"
        },
        {
            "time": "04.08.2021 05:01",
            "open": "7.098",
            "high": "7.098",
            "low": "7.097",
            "close": "7.101"
        },
        {
            "time": "04.08.2021 05:20",
            "open": "7.101",
            "high": "7.101",
            "low": "7.101",
            "close": "7.08"
        },
        {
            "time": "04.08.2021 05:22",
            "open": "7.08",
            "high": "7.08",
            "low": "7.055",
            "close": "7.055"
        },
        {
            "time": "04.08.2021 05:23",
            "open": "7.055",
            "high": "7.055",
            "low": "7.05",
            "close": "7.05"
        },
        {
            "time": "04.08.2021 05:25",
            "open": "7.05",
            "high": "7.05",
            "low": "7.05",
            "close": "7.045"
        },
        {
            "time": "04.08.2021 05:27",
            "open": "7.045",
            "high": "7.045",
            "low": "7.045",
            "close": "7.053"
        },
        {
            "time": "04.08.2021 05:43",
            "open": "7.053",
            "high": "7.053",
            "low": "7.053",
            "close": "7.052"
        },
        {
            "time": "04.08.2021 05:55",
            "open": "7.052",
            "high": "7.052",
            "low": "7.052",
            "close": "7.04"
        },
        {
            "time": "04.08.2021 06:13",
            "open": "7.04",
            "high": "7.04",
            "low": "7.035",
            "close": "7.035"
        },
        {
            "time": "04.08.2021 06:36",
            "open": "7.035",
            "high": "7.035",
            "low": "7.03",
            "close": "7.03"
        },
        {
            "time": "04.08.2021 06:38",
            "open": "7.03",
            "high": "7.03",
            "low": "7.03",
            "close": "7.035"
        },
        {
            "time": "04.08.2021 06:43",
            "open": "7.035",
            "high": "7.035",
            "low": "7.035",
            "close": "7.055"
        },
        {
            "time": "04.08.2021 07:03",
            "open": "7.055",
            "high": "7.055",
            "low": "7.055",
            "close": "7.057"
        },
        {
            "time": "04.08.2021 07:06",
            "open": "7.057",
            "high": "7.057",
            "low": "7.057",
            "close": "7.057"
        },
        {
            "time": "04.08.2021 07:09",
            "open": "7.057",
            "high": "7.057",
            "low": "7.057",
            "close": "7.065"
        },
        {
            "time": "04.08.2021 07:10",
            "open": "7.065",
            "high": "7.065",
            "low": "7.065",
            "close": "7.07"
        },
        {
            "time": "04.08.2021 07:11",
            "open": "7.07",
            "high": "7.08",
            "low": "7.07",
            "close": "7.085"
        },
        {
            "time": "04.08.2021 07:16",
            "open": "7.085",
            "high": "7.09",
            "low": "7.085",
            "close": "7.095"
        },
        {
            "time": "04.08.2021 07:17",
            "open": "7.095",
            "high": "7.1",
            "low": "7.095",
            "close": "7.087"
        },
        {
            "time": "04.08.2021 07:19",
            "open": "7.087",
            "high": "7.087",
            "low": "7.087",
            "close": "7.1"
        },
        {
            "time": "04.08.2021 07:26",
            "open": "7.1",
            "high": "7.105",
            "low": "7.1",
            "close": "7.102"
        },
        {
            "time": "04.08.2021 07:27",
            "open": "7.102",
            "high": "7.102",
            "low": "7.102",
            "close": "7.11"
        },
        {
            "time": "04.08.2021 07:28",
            "open": "7.11",
            "high": "7.118",
            "low": "7.11",
            "close": "7.12"
        },
        {
            "time": "04.08.2021 07:30",
            "open": "7.12",
            "high": "7.12",
            "low": "7.12",
            "close": "7.125"
        },
        {
            "time": "04.08.2021 07:31",
            "open": "7.125",
            "high": "7.125",
            "low": "7.119",
            "close": "7.125"
        },
        {
            "time": "04.08.2021 07:34",
            "open": "7.125",
            "high": "7.131",
            "low": "7.125",
            "close": "7.111"
        },
        {
            "time": "04.08.2021 07:50",
            "open": "7.111",
            "high": "7.126",
            "low": "7.111",
            "close": "7.116"
        },
        {
            "time": "04.08.2021 07:57",
            "open": "7.116",
            "high": "7.116",
            "low": "7.116",
            "close": "7.105"
        },
        {
            "time": "04.08.2021 07:59",
            "open": "7.105",
            "high": "7.105",
            "low": "7.105",
            "close": "7.118"
        },
        {
            "time": "04.08.2021 08:29",
            "open": "7.118",
            "high": "7.118",
            "low": "7.118",
            "close": "7.135"
        },
        {
            "time": "04.08.2021 08:35",
            "open": "7.135",
            "high": "7.135",
            "low": "7.135",
            "close": "7.14"
        },
        {
            "time": "04.08.2021 08:37",
            "open": "7.14",
            "high": "7.14",
            "low": "7.14",
            "close": "7.145"
        },
        {
            "time": "04.08.2021 08:39",
            "open": "7.145",
            "high": "7.145",
            "low": "7.145",
            "close": "7.124"
        },
        {
            "time": "04.08.2021 08:44",
            "open": "7.124",
            "high": "7.124",
            "low": "7.115",
            "close": "7.115"
        },
        {
            "time": "04.08.2021 08:45",
            "open": "7.115",
            "high": "7.115",
            "low": "7.085",
            "close": "7.085"
        },
        {
            "time": "04.08.2021 08:46",
            "open": "7.085",
            "high": "7.085",
            "low": "7.075",
            "close": "7.07"
        },
        {
            "time": "04.08.2021 08:48",
            "open": "7.07",
            "high": "7.07",
            "low": "7.07",
            "close": "7.065"
        },
        {
            "time": "04.08.2021 08:50",
            "open": "7.065",
            "high": "7.065",
            "low": "7.035",
            "close": "7.03"
        },
        {
            "time": "04.08.2021 08:51",
            "open": "7.03",
            "high": "7.03",
            "low": "7.025",
            "close": "7.02"
        },
        {
            "time": "04.08.2021 08:52",
            "open": "7.02",
            "high": "7.02",
            "low": "7.02",
            "close": "7.029"
        },
        {
            "time": "04.08.2021 08:54",
            "open": "7.029",
            "high": "7.029",
            "low": "7.029",
            "close": "7.032"
        },
        {
            "time": "04.08.2021 08:58",
            "open": "7.032",
            "high": "7.039",
            "low": "7.032",
            "close": "7.037"
        },
        {
            "time": "04.08.2021 08:59",
            "open": "7.037",
            "high": "7.037",
            "low": "7.037",
            "close": "7.02"
        },
        {
            "time": "04.08.2021 09:02",
            "open": "7.02",
            "high": "7.02",
            "low": "7.017",
            "close": "7.017"
        },
        {
            "time": "04.08.2021 09:13",
            "open": "7.017",
            "high": "7.017",
            "low": "7.015",
            "close": "7.011"
        },
        {
            "time": "04.08.2021 09:17",
            "open": "7.011",
            "high": "7.011",
            "low": "7.005",
            "close": "7.005"
        },
        {
            "time": "04.08.2021 09:18",
            "open": "7.005",
            "high": "7.005",
            "low": "7",
            "close": "7"
        },
        {
            "time": "04.08.2021 09:19",
            "open": "7",
            "high": "7",
            "low": "7",
            "close": "7"
        },
        {
            "time": "04.08.2021 09:20",
            "open": "7",
            "high": "7",
            "low": "7",
            "close": "7.007"
        },
        {
            "time": "04.08.2021 09:23",
            "open": "7.007",
            "high": "7.012",
            "low": "7.007",
            "close": "7.005"
        },
        {
            "time": "04.08.2021 09:24",
            "open": "7.005",
            "high": "7.005",
            "low": "7.005",
            "close": "7.017"
        },
        {
            "time": "04.08.2021 09:30",
            "open": "7.017",
            "high": "7.017",
            "low": "7.017",
            "close": "7.018"
        },
        {
            "time": "04.08.2021 09:37",
            "open": "7.018",
            "high": "7.018",
            "low": "7.018",
            "close": "7.03"
        },
        {
            "time": "04.08.2021 10:12",
            "open": "7.03",
            "high": "7.03",
            "low": "7.03",
            "close": "7.035"
        },
        {
            "time": "04.08.2021 10:16",
            "open": "7.035",
            "high": "7.035",
            "low": "7.035",
            "close": "7.022"
        },
        {
            "time": "04.08.2021 10:42",
            "open": "7.022",
            "high": "7.022",
            "low": "7.022",
            "close": "7.012"
        },
        {
            "time": "04.08.2021 10:46",
            "open": "7.012",
            "high": "7.012",
            "low": "7.012",
            "close": "7.005"
        },
        {
            "time": "04.08.2021 10:50",
            "open": "7.005",
            "high": "7.005",
            "low": "7",
            "close": "7.03"
        },
        {
            "time": "04.08.2021 10:55",
            "open": "7.03",
            "high": "7.03",
            "low": "7.03",
            "close": "7.035"
        },
        {
            "time": "04.08.2021 10:56",
            "open": "7.035",
            "high": "7.04",
            "low": "7.035",
            "close": "7.034"
        },
        {
            "time": "04.08.2021 10:57",
            "open": "7.034",
            "high": "7.034",
            "low": "7.034",
            "close": "7.029"
        },
        {
            "time": "04.08.2021 11:10",
            "open": "7.029",
            "high": "7.045",
            "low": "7.029",
            "close": "7.05"
        },
        {
            "time": "04.08.2021 11:22",
            "open": "7.05",
            "high": "7.055",
            "low": "7.05",
            "close": "7.06"
        },
        {
            "time": "04.08.2021 11:24",
            "open": "7.06",
            "high": "7.063",
            "low": "7.06",
            "close": "7.065"
        },
        {
            "time": "04.08.2021 11:25",
            "open": "7.065",
            "high": "7.065",
            "low": "7.065",
            "close": "7.067"
        },
        {
            "time": "04.08.2021 11:26",
            "open": "7.067",
            "high": "7.067",
            "low": "7.067",
            "close": "7.07"
        },
        {
            "time": "04.08.2021 11:30",
            "open": "7.07",
            "high": "7.07",
            "low": "7.07",
            "close": "7.075"
        },
        {
            "time": "04.08.2021 11:38",
            "open": "7.075",
            "high": "7.075",
            "low": "7.075",
            "close": "7.08"
        },
        {
            "time": "04.08.2021 11:40",
            "open": "7.08",
            "high": "7.08",
            "low": "7.08",
            "close": "7.085"
        },
        {
            "time": "04.08.2021 11:42",
            "open": "7.085",
            "high": "7.085",
            "low": "7.085",
            "close": "7.09"
        },
        {
            "time": "04.08.2021 11:45",
            "open": "7.09",
            "high": "7.098",
            "low": "7.09",
            "close": "7.078"
        },
        {
            "time": "04.08.2021 12:03",
            "open": "7.078",
            "high": "7.078",
            "low": "7.078",
            "close": "7.065"
        },
        {
            "time": "04.08.2021 12:07",
            "open": "7.065",
            "high": "7.065",
            "low": "7.065",
            "close": "7.065"
        },
        {
            "time": "04.08.2021 12:09",
            "open": "7.065",
            "high": "7.065",
            "low": "7.065",
            "close": "7.065"
        },
        {
            "time": "04.08.2021 12:10",
            "open": "7.065",
            "high": "7.065",
            "low": "7.065",
            "close": "7.071"
        },
        {
            "time": "04.08.2021 12:11",
            "open": "7.071",
            "high": "7.078",
            "low": "7.071",
            "close": "7.06"
        },
        {
            "time": "04.08.2021 12:21",
            "open": "7.06",
            "high": "7.06",
            "low": "7.06",
            "close": "7.056"
        },
        {
            "time": "04.08.2021 12:24",
            "open": "7.056",
            "high": "7.056",
            "low": "7.056",
            "close": "7.067"
        },
        {
            "time": "04.08.2021 12:25",
            "open": "7.067",
            "high": "7.067",
            "low": "7.067",
            "close": "7.09"
        },
        {
            "time": "04.08.2021 12:38",
            "open": "7.09",
            "high": "7.095",
            "low": "7.09",
            "close": "7.1"
        },
        {
            "time": "04.08.2021 12:44",
            "open": "7.1",
            "high": "7.1",
            "low": "7.1",
            "close": "7.099"
        },
        {
            "time": "04.08.2021 12:49",
            "open": "7.099",
            "high": "7.099",
            "low": "7.099",
            "close": "7.105"
        },
        {
            "time": "04.08.2021 12:52",
            "open": "7.105",
            "high": "7.11",
            "low": "7.105",
            "close": "7.115"
        },
        {
            "time": "04.08.2021 12:53",
            "open": "7.115",
            "high": "7.12",
            "low": "7.115",
            "close": "7.125"
        },
        {
            "time": "04.08.2021 12:55",
            "open": "7.125",
            "high": "7.125",
            "low": "7.125",
            "close": "7.125"
        },
        {
            "time": "04.08.2021 13:02",
            "open": "7.125",
            "high": "7.126",
            "low": "7.125",
            "close": "7.12"
        },
        {
            "time": "04.08.2021 13:28",
            "open": "7.12",
            "high": "7.12",
            "low": "7.12",
            "close": "7.12"
        },
        {
            "time": "04.08.2021 13:29",
            "open": "7.12",
            "high": "7.12",
            "low": "7.12",
            "close": "7.13"
        },
        {
            "time": "04.08.2021 13:31",
            "open": "7.13",
            "high": "7.135",
            "low": "7.13",
            "close": "7.135"
        },
        {
            "time": "04.08.2021 13:36",
            "open": "7.135",
            "high": "7.135",
            "low": "7.135",
            "close": "7.14"
        },
        {
            "time": "04.08.2021 13:40",
            "open": "7.14",
            "high": "7.14",
            "low": "7.14",
            "close": "7.137"
        },
        {
            "time": "04.08.2021 13:43",
            "open": "7.137",
            "high": "7.137",
            "low": "7.137",
            "close": "7.145"
        },
        {
            "time": "04.08.2021 13:54",
            "open": "7.145",
            "high": "7.155",
            "low": "7.145",
            "close": "7.152"
        },
        {
            "time": "04.08.2021 13:55",
            "open": "7.152",
            "high": "7.16",
            "low": "7.152",
            "close": "7.151"
        },
        {
            "time": "04.08.2021 13:57",
            "open": "7.151",
            "high": "7.151",
            "low": "7.145",
            "close": "7.153"
        },
        {
            "time": "04.08.2021 13:58",
            "open": "7.153",
            "high": "7.153",
            "low": "7.153",
            "close": "7.165"
        },
        {
            "time": "04.08.2021 14:02",
            "open": "7.165",
            "high": "7.175",
            "low": "7.165",
            "close": "7.18"
        },
        {
            "time": "04.08.2021 14:03",
            "open": "7.18",
            "high": "7.18",
            "low": "7.18",
            "close": "7.175"
        },
        {
            "time": "04.08.2021 14:05",
            "open": "7.175",
            "high": "7.175",
            "low": "7.175",
            "close": "7.185"
        },
        {
            "time": "04.08.2021 14:10",
            "open": "7.185",
            "high": "7.225",
            "low": "7.185",
            "close": "7.225"
        },
        {
            "time": "04.08.2021 14:11",
            "open": "7.225",
            "high": "7.23",
            "low": "7.225",
            "close": "7.2"
        },
        {
            "time": "04.08.2021 14:13",
            "open": "7.2",
            "high": "7.2",
            "low": "7.18",
            "close": "7.175"
        },
        {
            "time": "04.08.2021 14:18",
            "open": "7.175",
            "high": "7.175",
            "low": "7.175",
            "close": "7.17"
        },
        {
            "time": "04.08.2021 14:19",
            "open": "7.17",
            "high": "7.17",
            "low": "7.16",
            "close": "7.195"
        },
        {
            "time": "04.08.2021 14:23",
            "open": "7.195",
            "high": "7.201",
            "low": "7.195",
            "close": "7.205"
        },
        {
            "time": "04.08.2021 14:25",
            "open": "7.205",
            "high": "7.205",
            "low": "7.203",
            "close": "7.175"
        },
        {
            "time": "04.08.2021 14:28",
            "open": "7.175",
            "high": "7.175",
            "low": "7.175",
            "close": "7.175"
        },
        {
            "time": "04.08.2021 14:32",
            "open": "7.175",
            "high": "7.175",
            "low": "7.17",
            "close": "7.165"
        },
        {
            "time": "04.08.2021 14:34",
            "open": "7.165",
            "high": "7.165",
            "low": "7.165",
            "close": "7.162"
        },
        {
            "time": "04.08.2021 14:37",
            "open": "7.162",
            "high": "7.162",
            "low": "7.162",
            "close": "7.189"
        },
        {
            "time": "04.08.2021 14:40",
            "open": "7.189",
            "high": "7.195",
            "low": "7.189",
            "close": "7.2"
        },
        {
            "time": "04.08.2021 14:41",
            "open": "7.2",
            "high": "7.2",
            "low": "7.2",
            "close": "7.205"
        },
        {
            "time": "04.08.2021 14:44",
            "open": "7.205",
            "high": "7.21",
            "low": "7.205",
            "close": "7.215"
        },
        {
            "time": "04.08.2021 14:45",
            "open": "7.215",
            "high": "7.22",
            "low": "7.215",
            "close": "7.225"
        },
        {
            "time": "04.08.2021 14:52",
            "open": "7.225",
            "high": "7.23",
            "low": "7.225",
            "close": "7.235"
        },
        {
            "time": "04.08.2021 14:53",
            "open": "7.235",
            "high": "7.24",
            "low": "7.235",
            "close": "7.245"
        },
        {
            "time": "04.08.2021 14:54",
            "open": "7.245",
            "high": "7.245",
            "low": "7.245",
            "close": "7.239"
        },
        {
            "time": "04.08.2021 14:58",
            "open": "7.239",
            "high": "7.239",
            "low": "7.237",
            "close": "7.25"
        },
        {
            "time": "04.08.2021 14:59",
            "open": "7.25",
            "high": "7.25",
            "low": "7.25",
            "close": "7.235"
        },
        {
            "time": "04.08.2021 15:00",
            "open": "7.235",
            "high": "7.235",
            "low": "7.233",
            "close": "7.22"
        },
        {
            "time": "04.08.2021 15:01",
            "open": "7.22",
            "high": "7.22",
            "low": "7.21",
            "close": "7.21"
        },
        {
            "time": "04.08.2021 15:02",
            "open": "7.21",
            "high": "7.21",
            "low": "7.205",
            "close": "7.21"
        },
        {
            "time": "04.08.2021 15:05",
            "open": "7.21",
            "high": "7.21",
            "low": "7.195",
            "close": "7.19"
        },
        {
            "time": "04.08.2021 15:06",
            "open": "7.19",
            "high": "7.207",
            "low": "7.19",
            "close": "7.205"
        },
        {
            "time": "04.08.2021 15:07",
            "open": "7.205",
            "high": "7.205",
            "low": "7.205",
            "close": "7.225"
        },
        {
            "time": "04.08.2021 15:11",
            "open": "7.225",
            "high": "7.225",
            "low": "7.225",
            "close": "7.23"
        },
        {
            "time": "04.08.2021 15:12",
            "open": "7.23",
            "high": "7.24",
            "low": "7.23",
            "close": "7.245"
        },
        {
            "time": "04.08.2021 15:13",
            "open": "7.245",
            "high": "7.245",
            "low": "7.245",
            "close": "7.25"
        },
        {
            "time": "04.08.2021 15:20",
            "open": "7.25",
            "high": "7.26",
            "low": "7.25",
            "close": "7.265"
        },
        {
            "time": "04.08.2021 15:23",
            "open": "7.265",
            "high": "7.27",
            "low": "7.256",
            "close": "7.27"
        },
        {
            "time": "04.08.2021 15:25",
            "open": "7.27",
            "high": "7.275",
            "low": "7.27",
            "close": "7.28"
        },
        {
            "time": "04.08.2021 15:26",
            "open": "7.28",
            "high": "7.295",
            "low": "7.28",
            "close": "7.289"
        },
        {
            "time": "04.08.2021 15:27",
            "open": "7.289",
            "high": "7.289",
            "low": "7.281",
            "close": "7.292"
        },
        {
            "time": "04.08.2021 15:28",
            "open": "7.292",
            "high": "7.292",
            "low": "7.292",
            "close": "7.3"
        },
        {
            "time": "04.08.2021 15:30",
            "open": "7.3",
            "high": "7.301",
            "low": "7.3",
            "close": "7.3"
        },
        {
            "time": "04.08.2021 15:31",
            "open": "7.3",
            "high": "7.3",
            "low": "7.3",
            "close": "7.277"
        },
        {
            "time": "04.08.2021 15:32",
            "open": "7.277",
            "high": "7.277",
            "low": "7.259",
            "close": "7.26"
        },
        {
            "time": "04.08.2021 15:33",
            "open": "7.26",
            "high": "7.26",
            "low": "7.26",
            "close": "7.29"
        },
        {
            "time": "04.08.2021 15:37",
            "open": "7.29",
            "high": "7.29",
            "low": "7.29",
            "close": "7.295"
        },
        {
            "time": "04.08.2021 15:38",
            "open": "7.295",
            "high": "7.306",
            "low": "7.293",
            "close": "7.309"
        },
        {
            "time": "04.08.2021 15:39",
            "open": "7.309",
            "high": "7.309",
            "low": "7.309",
            "close": "7.303"
        },
        {
            "time": "04.08.2021 15:42",
            "open": "7.303",
            "high": "7.303",
            "low": "7.303",
            "close": "7.297"
        },
        {
            "time": "04.08.2021 15:43",
            "open": "7.297",
            "high": "7.297",
            "low": "7.276",
            "close": "7.279"
        },
        {
            "time": "04.08.2021 15:46",
            "open": "7.279",
            "high": "7.28",
            "low": "7.279",
            "close": "7.309"
        },
        {
            "time": "04.08.2021 15:49",
            "open": "7.309",
            "high": "7.325",
            "low": "7.309",
            "close": "7.33"
        },
        {
            "time": "04.08.2021 15:50",
            "open": "7.33",
            "high": "7.33",
            "low": "7.33",
            "close": "7.332"
        },
        {
            "time": "04.08.2021 15:51",
            "open": "7.332",
            "high": "7.341",
            "low": "7.332",
            "close": "7.337"
        },
        {
            "time": "04.08.2021 15:56",
            "open": "7.337",
            "high": "7.337",
            "low": "7.337",
            "close": "7.345"
        },
        {
            "time": "04.08.2021 15:59",
            "open": "7.345",
            "high": "7.345",
            "low": "7.345",
            "close": "7.35"
        },
        {
            "time": "04.08.2021 16:00",
            "open": "7.35",
            "high": "7.39",
            "low": "7.335",
            "close": "7.337"
        },
        {
            "time": "04.08.2021 16:01",
            "open": "7.337",
            "high": "7.35",
            "low": "7.337",
            "close": "7.36"
        },
        {
            "time": "04.08.2021 16:03",
            "open": "7.36",
            "high": "7.361",
            "low": "7.305",
            "close": "7.3"
        },
        {
            "time": "04.08.2021 16:04",
            "open": "7.3",
            "high": "7.3",
            "low": "7.29",
            "close": "7.29"
        },
        {
            "time": "04.08.2021 16:05",
            "open": "7.29",
            "high": "7.29",
            "low": "7.29",
            "close": "7.29"
        },
        {
            "time": "04.08.2021 16:06",
            "open": "7.29",
            "high": "7.29",
            "low": "7.28",
            "close": "7.275"
        },
        {
            "time": "04.08.2021 16:07",
            "open": "7.275",
            "high": "7.275",
            "low": "7.265",
            "close": "7.274"
        },
        {
            "time": "04.08.2021 16:11",
            "open": "7.274",
            "high": "7.279",
            "low": "7.274",
            "close": "7.279"
        },
        {
            "time": "04.08.2021 16:13",
            "open": "7.279",
            "high": "7.279",
            "low": "7.279",
            "close": "7.295"
        },
        {
            "time": "04.08.2021 16:16",
            "open": "7.295",
            "high": "7.3",
            "low": "7.295",
            "close": "7.304"
        },
        {
            "time": "04.08.2021 16:18",
            "open": "7.304",
            "high": "7.304",
            "low": "7.27",
            "close": "7.27"
        },
        {
            "time": "04.08.2021 16:22",
            "open": "7.27",
            "high": "7.27",
            "low": "7.265",
            "close": "7.265"
        },
        {
            "time": "04.08.2021 16:23",
            "open": "7.265",
            "high": "7.265",
            "low": "7.265",
            "close": "7.275"
        },
        {
            "time": "04.08.2021 16:30",
            "open": "7.275",
            "high": "7.275",
            "low": "7.275",
            "close": "7.269"
        },
        {
            "time": "04.08.2021 16:31",
            "open": "7.269",
            "high": "7.269",
            "low": "7.268",
            "close": "7.26"
        },
        {
            "time": "04.08.2021 16:33",
            "open": "7.26",
            "high": "7.26",
            "low": "7.26",
            "close": "7.26"
        },
        {
            "time": "04.08.2021 16:39",
            "open": "7.26",
            "high": "7.26",
            "low": "7.26",
            "close": "7.278"
        },
        {
            "time": "04.08.2021 16:43",
            "open": "7.278",
            "high": "7.278",
            "low": "7.278",
            "close": "7.29"
        },
        {
            "time": "04.08.2021 16:44",
            "open": "7.29",
            "high": "7.29",
            "low": "7.285",
            "close": "7.295"
        },
        {
            "time": "04.08.2021 16:45",
            "open": "7.295",
            "high": "7.295",
            "low": "7.295",
            "close": "7.3"
        },
        {
            "time": "04.08.2021 16:46",
            "open": "7.3",
            "high": "7.305",
            "low": "7.3",
            "close": "7.304"
        },
        {
            "time": "04.08.2021 16:54",
            "open": "7.304",
            "high": "7.304",
            "low": "7.304",
            "close": "7.305"
        },
        {
            "time": "04.08.2021 17:01",
            "open": "7.305",
            "high": "7.329",
            "low": "7.246",
            "close": "7.257"
        },
        {
            "time": "04.08.2021 17:05",
            "open": "7.257",
            "high": "7.277",
            "low": "7.257",
            "close": "7.28"
        },
        {
            "time": "04.08.2021 17:06",
            "open": "7.28",
            "high": "7.284",
            "low": "7.28",
            "close": "7.285"
        },
        {
            "time": "04.08.2021 17:07",
            "open": "7.285",
            "high": "7.29",
            "low": "7.285",
            "close": "7.295"
        },
        {
            "time": "04.08.2021 17:11",
            "open": "7.295",
            "high": "7.295",
            "low": "7.295",
            "close": "7.3"
        },
        {
            "time": "04.08.2021 17:12",
            "open": "7.3",
            "high": "7.31",
            "low": "7.3",
            "close": "7.315"
        },
        {
            "time": "04.08.2021 17:13",
            "open": "7.315",
            "high": "7.332",
            "low": "7.315",
            "close": "7.308"
        },
        {
            "time": "04.08.2021 17:15",
            "open": "7.308",
            "high": "7.308",
            "low": "7.308",
            "close": "7.3"
        },
        {
            "time": "04.08.2021 17:23",
            "open": "7.3",
            "high": "7.3",
            "low": "7.29",
            "close": "7.298"
        },
        {
            "time": "04.08.2021 17:25",
            "open": "7.298",
            "high": "7.298",
            "low": "7.298",
            "close": "7.294"
        },
        {
            "time": "04.08.2021 17:28",
            "open": "7.294",
            "high": "7.294",
            "low": "7.294",
            "close": "7.285"
        },
        {
            "time": "04.08.2021 17:34",
            "open": "7.285",
            "high": "7.285",
            "low": "7.275",
            "close": "7.284"
        },
        {
            "time": "04.08.2021 17:36",
            "open": "7.284",
            "high": "7.286",
            "low": "7.284",
            "close": "7.302"
        },
        {
            "time": "04.08.2021 17:38",
            "open": "7.302",
            "high": "7.302",
            "low": "7.297",
            "close": "7.297"
        },
        {
            "time": "04.08.2021 17:39",
            "open": "7.297",
            "high": "7.297",
            "low": "7.297",
            "close": "7.283"
        },
        {
            "time": "04.08.2021 17:40",
            "open": "7.283",
            "high": "7.283",
            "low": "7.283",
            "close": "7.31"
        },
        {
            "time": "04.08.2021 17:47",
            "open": "7.31",
            "high": "7.333",
            "low": "7.31",
            "close": "7.335"
        },
        {
            "time": "04.08.2021 18:01",
            "open": "7.335",
            "high": "7.34",
            "low": "7.335",
            "close": "7.345"
        },
        {
            "time": "04.08.2021 18:02",
            "open": "7.345",
            "high": "7.345",
            "low": "7.345",
            "close": "7.348"
        },
        {
            "time": "04.08.2021 18:11",
            "open": "7.348",
            "high": "7.348",
            "low": "7.347",
            "close": "7.35"
        },
        {
            "time": "04.08.2021 18:12",
            "open": "7.35",
            "high": "7.36",
            "low": "7.35",
            "close": "7.363"
        },
        {
            "time": "04.08.2021 18:13",
            "open": "7.363",
            "high": "7.377",
            "low": "7.363",
            "close": "7.38"
        },
        {
            "time": "04.08.2021 18:14",
            "open": "7.38",
            "high": "7.38",
            "low": "7.38",
            "close": "7.367"
        },
        {
            "time": "04.08.2021 18:15",
            "open": "7.367",
            "high": "7.367",
            "low": "7.367",
            "close": "7.372"
        },
        {
            "time": "04.08.2021 18:18",
            "open": "7.372",
            "high": "7.372",
            "low": "7.372",
            "close": "7.351"
        },
        {
            "time": "04.08.2021 18:19",
            "open": "7.351",
            "high": "7.351",
            "low": "7.351",
            "close": "7.35"
        },
        {
            "time": "04.08.2021 18:22",
            "open": "7.35",
            "high": "7.37",
            "low": "7.345",
            "close": "7.37"
        },
        {
            "time": "04.08.2021 18:28",
            "open": "7.37",
            "high": "7.385",
            "low": "7.37",
            "close": "7.385"
        },
        {
            "time": "04.08.2021 18:29",
            "open": "7.385",
            "high": "7.385",
            "low": "7.385",
            "close": "7.39"
        },
        {
            "time": "04.08.2021 18:30",
            "open": "7.39",
            "high": "7.415",
            "low": "7.39",
            "close": "7.415"
        },
        {
            "time": "04.08.2021 18:31",
            "open": "7.415",
            "high": "7.416",
            "low": "7.414",
            "close": "7.385"
        },
        {
            "time": "04.08.2021 18:32",
            "open": "7.385",
            "high": "7.385",
            "low": "7.375",
            "close": "7.41"
        },
        {
            "time": "04.08.2021 18:34",
            "open": "7.41",
            "high": "7.415",
            "low": "7.41",
            "close": "7.42"
        },
        {
            "time": "04.08.2021 18:36",
            "open": "7.42",
            "high": "7.42",
            "low": "7.42",
            "close": "7.421"
        },
        {
            "time": "04.08.2021 18:37",
            "open": "7.421",
            "high": "7.439",
            "low": "7.421",
            "close": "7.427"
        },
        {
            "time": "04.08.2021 18:39",
            "open": "7.427",
            "high": "7.427",
            "low": "7.418",
            "close": "7.429"
        },
        {
            "time": "04.08.2021 18:42",
            "open": "7.429",
            "high": "7.429",
            "low": "7.429",
            "close": "7.44"
        },
        {
            "time": "04.08.2021 18:43",
            "open": "7.44",
            "high": "7.444",
            "low": "7.44",
            "close": "7.445"
        },
        {
            "time": "04.08.2021 18:46",
            "open": "7.445",
            "high": "7.447",
            "low": "7.445",
            "close": "7.415"
        },
        {
            "time": "04.08.2021 18:47",
            "open": "7.415",
            "high": "7.415",
            "low": "7.415",
            "close": "7.412"
        },
        {
            "time": "04.08.2021 18:50",
            "open": "7.412",
            "high": "7.412",
            "low": "7.412",
            "close": "7.41"
        },
        {
            "time": "04.08.2021 18:51",
            "open": "7.41",
            "high": "7.41",
            "low": "7.405",
            "close": "7.407"
        },
        {
            "time": "04.08.2021 18:52",
            "open": "7.407",
            "high": "7.407",
            "low": "7.407",
            "close": "7.414"
        },
        {
            "time": "04.08.2021 18:54",
            "open": "7.414",
            "high": "7.427",
            "low": "7.414",
            "close": "7.43"
        },
        {
            "time": "04.08.2021 18:55",
            "open": "7.43",
            "high": "7.435",
            "low": "7.43",
            "close": "7.44"
        },
        {
            "time": "04.08.2021 18:56",
            "open": "7.44",
            "high": "7.456",
            "low": "7.439",
            "close": "7.445"
        },
        {
            "time": "04.08.2021 18:57",
            "open": "7.445",
            "high": "7.445",
            "low": "7.445",
            "close": "7.425"
        },
        {
            "time": "04.08.2021 19:01",
            "open": "7.425",
            "high": "7.425",
            "low": "7.41",
            "close": "7.41"
        },
        {
            "time": "04.08.2021 19:04",
            "open": "7.41",
            "high": "7.41",
            "low": "7.392",
            "close": "7.402"
        },
        {
            "time": "04.08.2021 19:05",
            "open": "7.402",
            "high": "7.402",
            "low": "7.401",
            "close": "7.403"
        },
        {
            "time": "04.08.2021 19:06",
            "open": "7.403",
            "high": "7.403",
            "low": "7.4",
            "close": "7.39"
        },
        {
            "time": "04.08.2021 19:11",
            "open": "7.39",
            "high": "7.39",
            "low": "7.385",
            "close": "7.38"
        },
        {
            "time": "04.08.2021 19:13",
            "open": "7.38",
            "high": "7.38",
            "low": "7.375",
            "close": "7.376"
        },
        {
            "time": "04.08.2021 19:14",
            "open": "7.376",
            "high": "7.376",
            "low": "7.376",
            "close": "7.375"
        },
        {
            "time": "04.08.2021 19:16",
            "open": "7.375",
            "high": "7.375",
            "low": "7.37",
            "close": "7.379"
        },
        {
            "time": "04.08.2021 19:17",
            "open": "7.379",
            "high": "7.381",
            "low": "7.379",
            "close": "7.379"
        },
        {
            "time": "04.08.2021 19:19",
            "open": "7.379",
            "high": "7.393",
            "low": "7.379",
            "close": "7.405"
        },
        {
            "time": "04.08.2021 19:20",
            "open": "7.405",
            "high": "7.405",
            "low": "7.405",
            "close": "7.41"
        },
        {
            "time": "04.08.2021 19:23",
            "open": "7.41",
            "high": "7.41",
            "low": "7.41",
            "close": "7.394"
        },
        {
            "time": "04.08.2021 19:26",
            "open": "7.394",
            "high": "7.395",
            "low": "7.394",
            "close": "7.415"
        },
        {
            "time": "04.08.2021 19:28",
            "open": "7.423",
            "high": "7.423",
            "low": "7.423",
            "close": "7.416"
        },
        {
            "time": "04.08.2021 19:29",
            "open": "7.416",
            "high": "7.416",
            "low": "7.414",
            "close": "7.429"
        },
        {
            "time": "04.08.2021 19:30",
            "open": "7.429",
            "high": "7.432",
            "low": "7.429",
            "close": "7.435"
        },
        {
            "time": "04.08.2021 19:31",
            "open": "7.435",
            "high": "7.451",
            "low": "7.435",
            "close": "7.436"
        },
        {
            "time": "04.08.2021 19:32",
            "open": "7.436",
            "high": "7.46",
            "low": "7.436",
            "close": "7.465"
        },
        {
            "time": "04.08.2021 19:33",
            "open": "7.465",
            "high": "7.474",
            "low": "7.465",
            "close": "7.451"
        },
        {
            "time": "04.08.2021 19:34",
            "open": "7.451",
            "high": "7.463",
            "low": "7.451",
            "close": "7.449"
        },
        {
            "time": "04.08.2021 19:35",
            "open": "7.449",
            "high": "7.449",
            "low": "7.449",
            "close": "7.473"
        },
        {
            "time": "04.08.2021 19:36",
            "open": "7.473",
            "high": "7.474",
            "low": "7.473",
            "close": "7.475"
        },
        {
            "time": "04.08.2021 19:37",
            "open": "7.475",
            "high": "7.48",
            "low": "7.475",
            "close": "7.485"
        },
        {
            "time": "04.08.2021 19:38",
            "open": "7.485",
            "high": "7.54",
            "low": "7.485",
            "close": "7.51"
        },
        {
            "time": "04.08.2021 19:39",
            "open": "7.51",
            "high": "7.53",
            "low": "7.499",
            "close": "7.521"
        },
        {
            "time": "04.08.2021 19:40",
            "open": "7.521",
            "high": "7.545",
            "low": "7.521",
            "close": "7.532"
        },
        {
            "time": "04.08.2021 19:41",
            "open": "7.532",
            "high": "7.532",
            "low": "7.524",
            "close": "7.54"
        },
        {
            "time": "04.08.2021 19:42",
            "open": "7.54",
            "high": "7.619",
            "low": "7.54",
            "close": "7.619"
        },
        {
            "time": "04.08.2021 19:43",
            "open": "7.619",
            "high": "7.627",
            "low": "7.595",
            "close": "7.626"
        },
        {
            "time": "04.08.2021 19:44",
            "open": "7.626",
            "high": "7.635",
            "low": "7.626",
            "close": "7.64"
        },
        {
            "time": "04.08.2021 19:45",
            "open": "7.64",
            "high": "7.652",
            "low": "7.638",
            "close": "7.655"
        },
        {
            "time": "04.08.2021 19:46",
            "open": "7.655",
            "high": "7.673",
            "low": "7.655",
            "close": "7.64"
        },
        {
            "time": "04.08.2021 19:47",
            "open": "7.64",
            "high": "7.64",
            "low": "7.579",
            "close": "7.59"
        },
        {
            "time": "04.08.2021 19:48",
            "open": "7.59",
            "high": "7.605",
            "low": "7.575",
            "close": "7.61"
        },
        {
            "time": "04.08.2021 19:49",
            "open": "7.61",
            "high": "7.675",
            "low": "7.61",
            "close": "7.657"
        },
        {
            "time": "04.08.2021 19:50",
            "open": "7.657",
            "high": "7.657",
            "low": "7.564",
            "close": "7.585"
        },
        {
            "time": "04.08.2021 19:51",
            "open": "7.585",
            "high": "7.585",
            "low": "7.579",
            "close": "7.582"
        },
        {
            "time": "04.08.2021 19:52",
            "open": "7.582",
            "high": "7.582",
            "low": "7.565",
            "close": "7.57"
        },
        {
            "time": "04.08.2021 19:53",
            "open": "7.57",
            "high": "7.57",
            "low": "7.57",
            "close": "7.579"
        },
        {
            "time": "04.08.2021 19:54",
            "open": "7.579",
            "high": "7.611",
            "low": "7.579",
            "close": "7.581"
        },
        {
            "time": "04.08.2021 19:55",
            "open": "7.581",
            "high": "7.591",
            "low": "7.574",
            "close": "7.577"
        },
        {
            "time": "04.08.2021 19:56",
            "open": "7.577",
            "high": "7.577",
            "low": "7.56",
            "close": "7.581"
        },
        {
            "time": "04.08.2021 19:57",
            "open": "7.581",
            "high": "7.583",
            "low": "7.58",
            "close": "7.584"
        },
        {
            "time": "04.08.2021 19:59",
            "open": "7.584",
            "high": "7.59",
            "low": "7.584",
            "close": "7.583"
        },
        {
            "time": "04.08.2021 20:00",
            "open": "7.583",
            "high": "7.61",
            "low": "7.583",
            "close": "7.615"
        },
        {
            "time": "04.08.2021 20:01",
            "open": "7.615",
            "high": "7.625",
            "low": "7.615",
            "close": "7.625"
        },
        {
            "time": "04.08.2021 20:02",
            "open": "7.625",
            "high": "7.675",
            "low": "7.625",
            "close": "7.668"
        },
        {
            "time": "04.08.2021 20:03",
            "open": "7.668",
            "high": "7.687",
            "low": "7.661",
            "close": "7.664"
        },
        {
            "time": "04.08.2021 20:04",
            "open": "7.664",
            "high": "7.677",
            "low": "7.664",
            "close": "7.69"
        },
        {
            "time": "04.08.2021 20:06",
            "open": "7.69",
            "high": "7.695",
            "low": "7.69",
            "close": "7.695"
        },
        {
            "time": "04.08.2021 20:07",
            "open": "7.695",
            "high": "7.7",
            "low": "7.695",
            "close": "7.705"
        },
        {
            "time": "04.08.2021 20:08",
            "open": "7.705",
            "high": "7.765",
            "low": "7.705",
            "close": "7.711"
        },
        {
            "time": "04.08.2021 20:09",
            "open": "7.711",
            "high": "7.711",
            "low": "7.66",
            "close": "7.666"
        },
        {
            "time": "04.08.2021 20:11",
            "open": "7.666",
            "high": "7.666",
            "low": "7.665",
            "close": "7.662"
        },
        {
            "time": "04.08.2021 20:12",
            "open": "7.662",
            "high": "7.681",
            "low": "7.662",
            "close": "7.66"
        },
        {
            "time": "04.08.2021 20:14",
            "open": "7.66",
            "high": "7.66",
            "low": "7.65",
            "close": "7.65"
        },
        {
            "time": "04.08.2021 20:15",
            "open": "7.65",
            "high": "7.65",
            "low": "7.62",
            "close": "7.62"
        },
        {
            "time": "04.08.2021 20:16",
            "open": "7.62",
            "high": "7.62",
            "low": "7.618",
            "close": "7.615"
        },
        {
            "time": "04.08.2021 20:18",
            "open": "7.615",
            "high": "7.615",
            "low": "7.611",
            "close": "7.645"
        },
        {
            "time": "04.08.2021 20:20",
            "open": "7.645",
            "high": "7.66",
            "low": "7.645",
            "close": "7.662"
        },
        {
            "time": "04.08.2021 20:21",
            "open": "7.662",
            "high": "7.67",
            "low": "7.662",
            "close": "7.663"
        },
        {
            "time": "04.08.2021 20:23",
            "open": "7.663",
            "high": "7.663",
            "low": "7.658",
            "close": "7.675"
        },
        {
            "time": "04.08.2021 20:24",
            "open": "7.701",
            "high": "7.701",
            "low": "7.701",
            "close": "7.724"
        },
        {
            "time": "04.08.2021 20:26",
            "open": "7.724",
            "high": "7.724",
            "low": "7.718",
            "close": "7.724"
        },
        {
            "time": "04.08.2021 20:27",
            "open": "7.724",
            "high": "7.735",
            "low": "7.724",
            "close": "7.739"
        },
        {
            "time": "04.08.2021 20:28",
            "open": "7.739",
            "high": "7.745",
            "low": "7.739",
            "close": "7.75"
        },
        {
            "time": "04.08.2021 20:29",
            "open": "7.75",
            "high": "7.75",
            "low": "7.721",
            "close": "7.72"
        },
        {
            "time": "04.08.2021 20:30",
            "open": "7.72",
            "high": "7.72",
            "low": "7.72",
            "close": "7.715"
        },
        {
            "time": "04.08.2021 20:31",
            "open": "7.715",
            "high": "7.715",
            "low": "7.685",
            "close": "7.68"
        },
        {
            "time": "04.08.2021 20:32",
            "open": "7.68",
            "high": "7.68",
            "low": "7.679",
            "close": "7.68"
        },
        {
            "time": "04.08.2021 20:33",
            "open": "7.68",
            "high": "7.682",
            "low": "7.68",
            "close": "7.676"
        },
        {
            "time": "04.08.2021 20:37",
            "open": "7.676",
            "high": "7.676",
            "low": "7.673",
            "close": "7.699"
        },
        {
            "time": "04.08.2021 20:38",
            "open": "7.699",
            "high": "7.699",
            "low": "7.699",
            "close": "7.705"
        },
        {
            "time": "04.08.2021 20:39",
            "open": "7.705",
            "high": "7.707",
            "low": "7.7",
            "close": "7.688"
        },
        {
            "time": "04.08.2021 20:40",
            "open": "7.688",
            "high": "7.688",
            "low": "7.688",
            "close": "7.701"
        },
        {
            "time": "04.08.2021 20:43",
            "open": "7.701",
            "high": "7.715",
            "low": "7.701",
            "close": "7.706"
        },
        {
            "time": "04.08.2021 20:44",
            "open": "7.706",
            "high": "7.74",
            "low": "7.706",
            "close": "7.745"
        },
        {
            "time": "04.08.2021 20:45",
            "open": "7.745",
            "high": "7.755",
            "low": "7.743",
            "close": "7.757"
        },
        {
            "time": "04.08.2021 20:48",
            "open": "7.757",
            "high": "7.76",
            "low": "7.757",
            "close": "7.752"
        },
        {
            "time": "04.08.2021 20:49",
            "open": "7.752",
            "high": "7.765",
            "low": "7.75",
            "close": "7.739"
        },
        {
            "time": "04.08.2021 20:53",
            "open": "7.739",
            "high": "7.739",
            "low": "7.739",
            "close": "7.735"
        },
        {
            "time": "04.08.2021 20:55",
            "open": "7.735",
            "high": "7.735",
            "low": "7.705",
            "close": "7.706"
        },
        {
            "time": "04.08.2021 20:56",
            "open": "7.706",
            "high": "7.716",
            "low": "7.706",
            "close": "7.726"
        },
        {
            "time": "04.08.2021 20:57",
            "open": "7.726",
            "high": "7.76",
            "low": "7.726",
            "close": "7.744"
        },
        {
            "time": "04.08.2021 20:58",
            "open": "7.744",
            "high": "7.744",
            "low": "7.744",
            "close": "7.755"
        },
        {
            "time": "04.08.2021 20:59",
            "open": "7.755",
            "high": "7.755",
            "low": "7.751",
            "close": "7.753"
        },
        {
            "time": "04.08.2021 21:00",
            "open": "7.753",
            "high": "7.753",
            "low": "7.753",
            "close": "7.736"
        },
        {
            "time": "04.08.2021 21:01",
            "open": "7.736",
            "high": "7.737",
            "low": "7.736",
            "close": "7.735"
        },
        {
            "time": "04.08.2021 21:02",
            "open": "7.735",
            "high": "7.743",
            "low": "7.732",
            "close": "7.74"
        },
        {
            "time": "04.08.2021 21:03",
            "open": "7.74",
            "high": "7.74",
            "low": "7.739",
            "close": "7.743"
        },
        {
            "time": "04.08.2021 21:04",
            "open": "7.743",
            "high": "7.747",
            "low": "7.743",
            "close": "7.736"
        },
        {
            "time": "04.08.2021 21:06",
            "open": "7.736",
            "high": "7.765",
            "low": "7.736",
            "close": "7.765"
        },
        {
            "time": "04.08.2021 21:07",
            "open": "7.765",
            "high": "7.765",
            "low": "7.764",
            "close": "7.765"
        },
        {
            "time": "04.08.2021 21:08",
            "open": "7.765",
            "high": "7.766",
            "low": "7.754",
            "close": "7.759"
        },
        {
            "time": "04.08.2021 21:09",
            "open": "7.759",
            "high": "7.772",
            "low": "7.756",
            "close": "7.775"
        },
        {
            "time": "04.08.2021 21:10",
            "open": "7.775",
            "high": "7.775",
            "low": "7.775",
            "close": "7.78"
        },
        {
            "time": "04.08.2021 21:12",
            "open": "7.78",
            "high": "7.825",
            "low": "7.78",
            "close": "7.83"
        },
        {
            "time": "04.08.2021 21:13",
            "open": "7.83",
            "high": "7.831",
            "low": "7.82",
            "close": "7.81"
        },
        {
            "time": "04.08.2021 21:14",
            "open": "7.81",
            "high": "7.819",
            "low": "7.81",
            "close": "7.812"
        },
        {
            "time": "04.08.2021 21:15",
            "open": "7.812",
            "high": "7.85",
            "low": "7.812",
            "close": "7.853"
        },
        {
            "time": "04.08.2021 21:16",
            "open": "7.853",
            "high": "7.895",
            "low": "7.851",
            "close": "7.892"
        },
        {
            "time": "04.08.2021 21:17",
            "open": "7.892",
            "high": "7.892",
            "low": "7.865",
            "close": "7.9"
        },
        {
            "time": "04.08.2021 21:18",
            "open": "7.9",
            "high": "7.916",
            "low": "7.881",
            "close": "7.901"
        },
        {
            "time": "04.08.2021 21:19",
            "open": "7.901",
            "high": "7.915",
            "low": "7.901",
            "close": "7.905"
        },
        {
            "time": "04.08.2021 21:20",
            "open": "7.905",
            "high": "7.93",
            "low": "7.895",
            "close": "7.895"
        },
        {
            "time": "04.08.2021 21:21",
            "open": "7.895",
            "high": "7.903",
            "low": "7.835",
            "close": "7.83"
        },
        {
            "time": "04.08.2021 21:22",
            "open": "7.83",
            "high": "7.86",
            "low": "7.825",
            "close": "7.861"
        },
        {
            "time": "04.08.2021 21:23",
            "open": "7.861",
            "high": "7.87",
            "low": "7.857",
            "close": "7.836"
        },
        {
            "time": "04.08.2021 21:24",
            "open": "7.836",
            "high": "7.836",
            "low": "7.835",
            "close": "7.835"
        },
        {
            "time": "04.08.2021 21:25",
            "open": "7.835",
            "high": "7.84",
            "low": "7.835",
            "close": "7.844"
        },
        {
            "time": "04.08.2021 21:26",
            "open": "7.844",
            "high": "7.844",
            "low": "7.79",
            "close": "7.79"
        },
        {
            "time": "04.08.2021 21:27",
            "open": "7.79",
            "high": "7.797",
            "low": "7.785",
            "close": "7.803"
        },
        {
            "time": "04.08.2021 21:30",
            "open": "7.803",
            "high": "7.81",
            "low": "7.803",
            "close": "7.801"
        },
        {
            "time": "04.08.2021 21:31",
            "open": "7.801",
            "high": "7.801",
            "low": "7.75",
            "close": "7.75"
        },
        {
            "time": "04.08.2021 21:32",
            "open": "7.75",
            "high": "7.75",
            "low": "7.715",
            "close": "7.71"
        },
        {
            "time": "04.08.2021 21:33",
            "open": "7.71",
            "high": "7.777",
            "low": "7.71",
            "close": "7.73"
        },
        {
            "time": "04.08.2021 21:34",
            "open": "7.73",
            "high": "7.73",
            "low": "7.72",
            "close": "7.725"
        },
        {
            "time": "04.08.2021 21:35",
            "open": "7.725",
            "high": "7.725",
            "low": "7.725",
            "close": "7.72"
        },
        {
            "time": "04.08.2021 21:36",
            "open": "7.72",
            "high": "7.72",
            "low": "7.696",
            "close": "7.695"
        },
        {
            "time": "04.08.2021 21:37",
            "open": "7.695",
            "high": "7.695",
            "low": "7.695",
            "close": "7.702"
        },
        {
            "time": "04.08.2021 21:39",
            "open": "7.702",
            "high": "7.75",
            "low": "7.702",
            "close": "7.755"
        },
        {
            "time": "04.08.2021 21:40",
            "open": "7.755",
            "high": "7.755",
            "low": "7.755",
            "close": "7.76"
        },
        {
            "time": "04.08.2021 21:41",
            "open": "7.76",
            "high": "7.765",
            "low": "7.76",
            "close": "7.77"
        },
        {
            "time": "04.08.2021 21:42",
            "open": "7.77",
            "high": "7.778",
            "low": "7.77",
            "close": "7.758"
        },
        {
            "time": "04.08.2021 21:47",
            "open": "7.758",
            "high": "7.758",
            "low": "7.745",
            "close": "7.745"
        },
        {
            "time": "04.08.2021 21:48",
            "open": "7.745",
            "high": "7.745",
            "low": "7.73",
            "close": "7.735"
        },
        {
            "time": "04.08.2021 21:49",
            "open": "7.735",
            "high": "7.755",
            "low": "7.735",
            "close": "7.765"
        },
        {
            "time": "04.08.2021 21:50",
            "open": "7.765",
            "high": "7.77",
            "low": "7.765",
            "close": "7.772"
        },
        {
            "time": "04.08.2021 21:56",
            "open": "7.772",
            "high": "7.789",
            "low": "7.772",
            "close": "7.755"
        },
        {
            "time": "04.08.2021 21:57",
            "open": "7.755",
            "high": "7.755",
            "low": "7.755",
            "close": "7.76"
        },
        {
            "time": "04.08.2021 21:59",
            "open": "7.759",
            "high": "7.759",
            "low": "7.759",
            "close": "7.755"
        },
        {
            "time": "04.08.2021 22:02",
            "open": "7.755",
            "high": "7.755",
            "low": "7.75",
            "close": "7.758"
        },
        {
            "time": "04.08.2021 22:03",
            "open": "7.758",
            "high": "7.758",
            "low": "7.758",
            "close": "7.76"
        },
        {
            "time": "04.08.2021 22:04",
            "open": "7.76",
            "high": "7.76",
            "low": "7.745",
            "close": "7.745"
        },
        {
            "time": "04.08.2021 22:05",
            "open": "7.745",
            "high": "7.745",
            "low": "7.717",
            "close": "7.715"
        },
        {
            "time": "04.08.2021 22:06",
            "open": "7.715",
            "high": "7.715",
            "low": "7.7",
            "close": "7.698"
        },
        {
            "time": "04.08.2021 22:07",
            "open": "7.698",
            "high": "7.698",
            "low": "7.697",
            "close": "7.715"
        },
        {
            "time": "04.08.2021 22:09",
            "open": "7.715",
            "high": "7.723",
            "low": "7.715",
            "close": "7.707"
        },
        {
            "time": "04.08.2021 22:10",
            "open": "7.707",
            "high": "7.707",
            "low": "7.702",
            "close": "7.697"
        },
        {
            "time": "04.08.2021 22:11",
            "open": "7.697",
            "high": "7.697",
            "low": "7.69",
            "close": "7.69"
        },
        {
            "time": "04.08.2021 22:12",
            "open": "7.69",
            "high": "7.69",
            "low": "7.68",
            "close": "7.675"
        },
        {
            "time": "04.08.2021 22:13",
            "open": "7.675",
            "high": "7.675",
            "low": "7.665",
            "close": "7.696"
        },
        {
            "time": "04.08.2021 22:16",
            "open": "7.696",
            "high": "7.705",
            "low": "7.696",
            "close": "7.71"
        },
        {
            "time": "04.08.2021 22:18",
            "open": "7.71",
            "high": "7.713",
            "low": "7.71",
            "close": "7.691"
        },
        {
            "time": "04.08.2021 22:19",
            "open": "7.691",
            "high": "7.691",
            "low": "7.684",
            "close": "7.691"
        },
        {
            "time": "04.08.2021 22:20",
            "open": "7.691",
            "high": "7.692",
            "low": "7.69",
            "close": "7.684"
        },
        {
            "time": "04.08.2021 22:22",
            "open": "7.684",
            "high": "7.684",
            "low": "7.684",
            "close": "7.68"
        },
        {
            "time": "04.08.2021 22:24",
            "open": "7.68",
            "high": "7.68",
            "low": "7.679",
            "close": "7.688"
        },
        {
            "time": "04.08.2021 22:25",
            "open": "7.688",
            "high": "7.688",
            "low": "7.675",
            "close": "7.67"
        },
        {
            "time": "04.08.2021 22:26",
            "open": "7.67",
            "high": "7.677",
            "low": "7.669",
            "close": "7.687"
        },
        {
            "time": "04.08.2021 22:28",
            "open": "7.687",
            "high": "7.72",
            "low": "7.687",
            "close": "7.72"
        },
        {
            "time": "04.08.2021 22:31",
            "open": "7.72",
            "high": "7.74",
            "low": "7.72",
            "close": "7.735"
        },
        {
            "time": "04.08.2021 22:33",
            "open": "7.735",
            "high": "7.735",
            "low": "7.734",
            "close": "7.745"
        },
        {
            "time": "04.08.2021 22:34",
            "open": "7.745",
            "high": "7.749",
            "low": "7.735",
            "close": "7.75"
        },
        {
            "time": "04.08.2021 22:37",
            "open": "7.75",
            "high": "7.765",
            "low": "7.75",
            "close": "7.77"
        },
        {
            "time": "04.08.2021 22:38",
            "open": "7.77",
            "high": "7.775",
            "low": "7.77",
            "close": "7.752"
        },
        {
            "time": "04.08.2021 22:39",
            "open": "7.752",
            "high": "7.756",
            "low": "7.752",
            "close": "7.745"
        },
        {
            "time": "04.08.2021 22:40",
            "open": "7.745",
            "high": "7.745",
            "low": "7.745",
            "close": "7.74"
        },
        {
            "time": "04.08.2021 22:47",
            "open": "7.74",
            "high": "7.74",
            "low": "7.74",
            "close": "7.74"
        },
        {
            "time": "04.08.2021 22:48",
            "open": "7.74",
            "high": "7.74",
            "low": "7.74",
            "close": "7.735"
        },
        {
            "time": "04.08.2021 22:52",
            "open": "7.735",
            "high": "7.735",
            "low": "7.735",
            "close": "7.735"
        },
        {
            "time": "04.08.2021 22:53",
            "open": "7.735",
            "high": "7.735",
            "low": "7.728",
            "close": "7.756"
        },
        {
            "time": "04.08.2021 22:58",
            "open": "7.756",
            "high": "7.759",
            "low": "7.756",
            "close": "7.76"
        },
        {
            "time": "04.08.2021 23:00",
            "open": "7.76",
            "high": "7.76",
            "low": "7.76",
            "close": "7.765"
        },
        {
            "time": "04.08.2021 23:01",
            "open": "7.765",
            "high": "7.765",
            "low": "7.765",
            "close": "7.77"
        },
        {
            "time": "04.08.2021 23:03",
            "open": "7.77",
            "high": "7.775",
            "low": "7.77",
            "close": "7.78"
        },
        {
            "time": "04.08.2021 23:04",
            "open": "7.78",
            "high": "7.785",
            "low": "7.755",
            "close": "7.761"
        },
        {
            "time": "04.08.2021 23:08",
            "open": "7.761",
            "high": "7.761",
            "low": "7.761",
            "close": "7.757"
        },
        {
            "time": "04.08.2021 23:10",
            "open": "7.757",
            "high": "7.761",
            "low": "7.757",
            "close": "7.756"
        },
        {
            "time": "04.08.2021 23:12",
            "open": "7.756",
            "high": "7.756",
            "low": "7.756",
            "close": "7.756"
        },
        {
            "time": "04.08.2021 23:14",
            "open": "7.756",
            "high": "7.758",
            "low": "7.756",
            "close": "7.756"
        },
        {
            "time": "04.08.2021 23:18",
            "open": "7.756",
            "high": "7.756",
            "low": "7.745",
            "close": "7.74"
        },
        {
            "time": "04.08.2021 23:19",
            "open": "7.74",
            "high": "7.74",
            "low": "7.74",
            "close": "7.735"
        },
        {
            "time": "04.08.2021 23:20",
            "open": "7.735",
            "high": "7.735",
            "low": "7.722",
            "close": "7.722"
        },
        {
            "time": "04.08.2021 23:24",
            "open": "7.722",
            "high": "7.722",
            "low": "7.722",
            "close": "7.72"
        },
        {
            "time": "04.08.2021 23:27",
            "open": "7.72",
            "high": "7.72",
            "low": "7.714",
            "close": "7.71"
        },
        {
            "time": "04.08.2021 23:35",
            "open": "7.71",
            "high": "7.71",
            "low": "7.71",
            "close": "7.71"
        },
        {
            "time": "04.08.2021 23:38",
            "open": "7.71",
            "high": "7.724",
            "low": "7.71",
            "close": "7.705"
        },
        {
            "time": "04.08.2021 23:40",
            "open": "7.705",
            "high": "7.705",
            "low": "7.705",
            "close": "7.705"
        },
        {
            "time": "04.08.2021 23:41",
            "open": "7.705",
            "high": "7.705",
            "low": "7.705",
            "close": "7.7"
        },
        {
            "time": "04.08.2021 23:43",
            "open": "7.7",
            "high": "7.7",
            "low": "7.7",
            "close": "7.7"
        },
        {
            "time": "04.08.2021 23:49",
            "open": "7.7",
            "high": "7.7",
            "low": "7.695",
            "close": "7.709"
        }
    ]
}