{
    "UMA-EUR": [
        {
            "time": "25.06.2021 23:48",
            "open": "6.855",
            "high": "6.855",
            "low": "6.841",
            "close": "6.856"
        },
        {
            "time": "26.06.2021 00:00",
            "open": "6.856",
            "high": "6.862",
            "low": "6.856",
            "close": "6.862"
        },
        {
            "time": "26.06.2021 00:01",
            "open": "6.862",
            "high": "6.862",
            "low": "6.836",
            "close": "6.839"
        },
        {
            "time": "26.06.2021 00:03",
            "open": "6.839",
            "high": "6.839",
            "low": "6.839",
            "close": "6.844"
        },
        {
            "time": "26.06.2021 00:07",
            "open": "6.844",
            "high": "6.85",
            "low": "6.844",
            "close": "6.873"
        },
        {
            "time": "26.06.2021 00:12",
            "open": "6.873",
            "high": "6.873",
            "low": "6.873",
            "close": "6.869"
        },
        {
            "time": "26.06.2021 00:14",
            "open": "6.869",
            "high": "6.869",
            "low": "6.866",
            "close": "6.864"
        },
        {
            "time": "26.06.2021 00:16",
            "open": "6.864",
            "high": "6.873",
            "low": "6.864",
            "close": "6.881"
        },
        {
            "time": "26.06.2021 00:17",
            "open": "6.881",
            "high": "6.888",
            "low": "6.881",
            "close": "6.885"
        },
        {
            "time": "26.06.2021 00:18",
            "open": "6.885",
            "high": "6.885",
            "low": "6.885",
            "close": "6.887"
        },
        {
            "time": "26.06.2021 00:19",
            "open": "6.887",
            "high": "6.887",
            "low": "6.883",
            "close": "6.887"
        },
        {
            "time": "26.06.2021 00:24",
            "open": "6.887",
            "high": "6.887",
            "low": "6.887",
            "close": "6.875"
        },
        {
            "time": "26.06.2021 00:27",
            "open": "6.875",
            "high": "6.875",
            "low": "6.861",
            "close": "6.844"
        },
        {
            "time": "26.06.2021 00:33",
            "open": "6.844",
            "high": "6.844",
            "low": "6.844",
            "close": "6.844"
        },
        {
            "time": "26.06.2021 00:39",
            "open": "6.844",
            "high": "6.844",
            "low": "6.842",
            "close": "6.836"
        },
        {
            "time": "26.06.2021 00:45",
            "open": "6.836",
            "high": "6.836",
            "low": "6.835",
            "close": "6.824"
        },
        {
            "time": "26.06.2021 00:46",
            "open": "6.824",
            "high": "6.824",
            "low": "6.824",
            "close": "6.809"
        },
        {
            "time": "26.06.2021 00:47",
            "open": "6.809",
            "high": "6.809",
            "low": "6.809",
            "close": "6.746"
        },
        {
            "time": "26.06.2021 00:52",
            "open": "6.746",
            "high": "6.746",
            "low": "6.746",
            "close": "6.736"
        },
        {
            "time": "26.06.2021 00:53",
            "open": "6.736",
            "high": "6.736",
            "low": "6.73",
            "close": "6.754"
        },
        {
            "time": "26.06.2021 00:57",
            "open": "6.754",
            "high": "6.754",
            "low": "6.754",
            "close": "6.74"
        },
        {
            "time": "26.06.2021 01:04",
            "open": "6.74",
            "high": "6.74",
            "low": "6.74",
            "close": "6.757"
        },
        {
            "time": "26.06.2021 01:05",
            "open": "6.757",
            "high": "6.761",
            "low": "6.757",
            "close": "6.756"
        },
        {
            "time": "26.06.2021 01:06",
            "open": "6.756",
            "high": "6.756",
            "low": "6.756",
            "close": "6.754"
        },
        {
            "time": "26.06.2021 01:10",
            "open": "6.754",
            "high": "6.77",
            "low": "6.754",
            "close": "6.748"
        },
        {
            "time": "26.06.2021 01:12",
            "open": "6.748",
            "high": "6.758",
            "low": "6.748",
            "close": "6.77"
        },
        {
            "time": "26.06.2021 01:14",
            "open": "6.77",
            "high": "6.773",
            "low": "6.77",
            "close": "6.757"
        },
        {
            "time": "26.06.2021 01:16",
            "open": "6.757",
            "high": "6.757",
            "low": "6.757",
            "close": "6.774"
        },
        {
            "time": "26.06.2021 01:17",
            "open": "6.774",
            "high": "6.774",
            "low": "6.774",
            "close": "6.788"
        },
        {
            "time": "26.06.2021 01:35",
            "open": "6.788",
            "high": "6.803",
            "low": "6.788",
            "close": "6.829"
        },
        {
            "time": "26.06.2021 01:39",
            "open": "6.829",
            "high": "6.829",
            "low": "6.829",
            "close": "6.846"
        },
        {
            "time": "26.06.2021 01:42",
            "open": "6.846",
            "high": "6.846",
            "low": "6.846",
            "close": "6.811"
        },
        {
            "time": "26.06.2021 01:51",
            "open": "6.811",
            "high": "6.811",
            "low": "6.811",
            "close": "6.802"
        },
        {
            "time": "26.06.2021 01:52",
            "open": "6.802",
            "high": "6.803",
            "low": "6.802",
            "close": "6.771"
        },
        {
            "time": "26.06.2021 01:57",
            "open": "6.771",
            "high": "6.771",
            "low": "6.771",
            "close": "6.769"
        },
        {
            "time": "26.06.2021 02:00",
            "open": "6.769",
            "high": "6.798",
            "low": "6.769",
            "close": "6.752"
        },
        {
            "time": "26.06.2021 02:05",
            "open": "6.752",
            "high": "6.752",
            "low": "6.752",
            "close": "6.783"
        },
        {
            "time": "26.06.2021 02:06",
            "open": "6.783",
            "high": "6.783",
            "low": "6.783",
            "close": "6.769"
        },
        {
            "time": "26.06.2021 02:09",
            "open": "6.769",
            "high": "6.769",
            "low": "6.741",
            "close": "6.749"
        },
        {
            "time": "26.06.2021 02:10",
            "open": "6.749",
            "high": "6.749",
            "low": "6.748",
            "close": "6.786"
        },
        {
            "time": "26.06.2021 02:13",
            "open": "6.786",
            "high": "6.786",
            "low": "6.786",
            "close": "6.825"
        },
        {
            "time": "26.06.2021 02:19",
            "open": "6.825",
            "high": "6.825",
            "low": "6.825",
            "close": "6.803"
        },
        {
            "time": "26.06.2021 02:24",
            "open": "6.803",
            "high": "6.803",
            "low": "6.803",
            "close": "6.786"
        },
        {
            "time": "26.06.2021 02:28",
            "open": "6.786",
            "high": "6.786",
            "low": "6.782",
            "close": "6.809"
        },
        {
            "time": "26.06.2021 02:30",
            "open": "6.809",
            "high": "6.809",
            "low": "6.809",
            "close": "6.85"
        },
        {
            "time": "26.06.2021 02:33",
            "open": "6.85",
            "high": "6.85",
            "low": "6.85",
            "close": "6.858"
        },
        {
            "time": "26.06.2021 02:34",
            "open": "6.858",
            "high": "6.858",
            "low": "6.858",
            "close": "6.85"
        },
        {
            "time": "26.06.2021 02:35",
            "open": "6.85",
            "high": "6.85",
            "low": "6.85",
            "close": "6.85"
        },
        {
            "time": "26.06.2021 02:36",
            "open": "6.85",
            "high": "6.85",
            "low": "6.85",
            "close": "6.85"
        },
        {
            "time": "26.06.2021 02:45",
            "open": "6.85",
            "high": "6.853",
            "low": "6.85",
            "close": "6.853"
        },
        {
            "time": "26.06.2021 02:46",
            "open": "6.853",
            "high": "6.853",
            "low": "6.853",
            "close": "6.873"
        },
        {
            "time": "26.06.2021 02:51",
            "open": "6.873",
            "high": "6.873",
            "low": "6.873",
            "close": "6.834"
        },
        {
            "time": "26.06.2021 03:01",
            "open": "6.834",
            "high": "6.834",
            "low": "6.834",
            "close": "6.823"
        },
        {
            "time": "26.06.2021 03:02",
            "open": "6.823",
            "high": "6.823",
            "low": "6.823",
            "close": "6.829"
        },
        {
            "time": "26.06.2021 03:05",
            "open": "6.829",
            "high": "6.829",
            "low": "6.829",
            "close": "6.806"
        },
        {
            "time": "26.06.2021 03:15",
            "open": "6.806",
            "high": "6.808",
            "low": "6.806",
            "close": "6.803"
        },
        {
            "time": "26.06.2021 03:19",
            "open": "6.803",
            "high": "6.803",
            "low": "6.803",
            "close": "6.783"
        },
        {
            "time": "26.06.2021 03:20",
            "open": "6.783",
            "high": "6.783",
            "low": "6.783",
            "close": "6.755"
        },
        {
            "time": "26.06.2021 03:21",
            "open": "6.755",
            "high": "6.755",
            "low": "6.755",
            "close": "6.721"
        },
        {
            "time": "26.06.2021 03:35",
            "open": "6.721",
            "high": "6.721",
            "low": "6.71",
            "close": "6.727"
        },
        {
            "time": "26.06.2021 03:36",
            "open": "6.727",
            "high": "6.727",
            "low": "6.727",
            "close": "6.708"
        },
        {
            "time": "26.06.2021 03:47",
            "open": "6.708",
            "high": "6.714",
            "low": "6.708",
            "close": "6.728"
        },
        {
            "time": "26.06.2021 03:48",
            "open": "6.728",
            "high": "6.728",
            "low": "6.712",
            "close": "6.734"
        },
        {
            "time": "26.06.2021 03:51",
            "open": "6.734",
            "high": "6.734",
            "low": "6.734",
            "close": "6.743"
        },
        {
            "time": "26.06.2021 03:54",
            "open": "6.743",
            "high": "6.749",
            "low": "6.743",
            "close": "6.753"
        },
        {
            "time": "26.06.2021 03:55",
            "open": "6.753",
            "high": "6.753",
            "low": "6.753",
            "close": "6.772"
        },
        {
            "time": "26.06.2021 03:57",
            "open": "6.772",
            "high": "6.772",
            "low": "6.772",
            "close": "6.772"
        },
        {
            "time": "26.06.2021 04:02",
            "open": "6.772",
            "high": "6.772",
            "low": "6.772",
            "close": "6.782"
        },
        {
            "time": "26.06.2021 04:08",
            "open": "6.779",
            "high": "6.779",
            "low": "6.779",
            "close": "6.768"
        },
        {
            "time": "26.06.2021 04:12",
            "open": "6.768",
            "high": "6.768",
            "low": "6.759",
            "close": "6.682"
        },
        {
            "time": "26.06.2021 04:35",
            "open": "6.682",
            "high": "6.682",
            "low": "6.682",
            "close": "6.683"
        },
        {
            "time": "26.06.2021 04:38",
            "open": "6.683",
            "high": "6.683",
            "low": "6.676",
            "close": "6.707"
        },
        {
            "time": "26.06.2021 04:44",
            "open": "6.707",
            "high": "6.719",
            "low": "6.707",
            "close": "6.807"
        },
        {
            "time": "26.06.2021 05:00",
            "open": "6.807",
            "high": "6.813",
            "low": "6.807",
            "close": "6.812"
        },
        {
            "time": "26.06.2021 05:24",
            "open": "6.812",
            "high": "6.816",
            "low": "6.812",
            "close": "6.883"
        },
        {
            "time": "26.06.2021 05:41",
            "open": "6.883",
            "high": "6.883",
            "low": "6.883",
            "close": "6.883"
        },
        {
            "time": "26.06.2021 06:01",
            "open": "6.883",
            "high": "6.883",
            "low": "6.883",
            "close": "6.883"
        },
        {
            "time": "26.06.2021 06:02",
            "open": "6.883",
            "high": "6.883",
            "low": "6.883",
            "close": "6.883"
        },
        {
            "time": "26.06.2021 06:12",
            "open": "6.883",
            "high": "6.883",
            "low": "6.872",
            "close": "6.871"
        },
        {
            "time": "26.06.2021 06:13",
            "open": "6.871",
            "high": "6.871",
            "low": "6.858",
            "close": "6.879"
        },
        {
            "time": "26.06.2021 06:17",
            "open": "6.879",
            "high": "6.879",
            "low": "6.873",
            "close": "6.877"
        },
        {
            "time": "26.06.2021 06:18",
            "open": "6.877",
            "high": "6.877",
            "low": "6.877",
            "close": "6.889"
        },
        {
            "time": "26.06.2021 06:44",
            "open": "6.889",
            "high": "6.889",
            "low": "6.889",
            "close": "6.902"
        },
        {
            "time": "26.06.2021 06:48",
            "open": "6.902",
            "high": "6.902",
            "low": "6.902",
            "close": "6.922"
        },
        {
            "time": "26.06.2021 06:54",
            "open": "6.922",
            "high": "6.922",
            "low": "6.922",
            "close": "6.94"
        },
        {
            "time": "26.06.2021 06:59",
            "open": "6.94",
            "high": "6.95",
            "low": "6.94",
            "close": "6.96"
        },
        {
            "time": "26.06.2021 07:00",
            "open": "6.96",
            "high": "6.963",
            "low": "6.96",
            "close": "6.98"
        },
        {
            "time": "26.06.2021 07:02",
            "open": "6.98",
            "high": "6.98",
            "low": "6.98",
            "close": "6.995"
        },
        {
            "time": "26.06.2021 07:05",
            "open": "6.995",
            "high": "7",
            "low": "6.995",
            "close": "6.999"
        },
        {
            "time": "26.06.2021 07:06",
            "open": "6.999",
            "high": "6.999",
            "low": "6.999",
            "close": "6.988"
        },
        {
            "time": "26.06.2021 07:21",
            "open": "6.988",
            "high": "6.988",
            "low": "6.975",
            "close": "6.963"
        },
        {
            "time": "26.06.2021 07:22",
            "open": "6.963",
            "high": "6.963",
            "low": "6.963",
            "close": "6.965"
        },
        {
            "time": "26.06.2021 07:24",
            "open": "6.965",
            "high": "6.965",
            "low": "6.965",
            "close": "6.966"
        },
        {
            "time": "26.06.2021 07:25",
            "open": "6.966",
            "high": "6.966",
            "low": "6.966",
            "close": "6.953"
        },
        {
            "time": "26.06.2021 07:31",
            "open": "6.953",
            "high": "6.958",
            "low": "6.953",
            "close": "6.964"
        },
        {
            "time": "26.06.2021 07:33",
            "open": "6.964",
            "high": "6.964",
            "low": "6.964",
            "close": "6.966"
        },
        {
            "time": "26.06.2021 07:34",
            "open": "6.966",
            "high": "6.966",
            "low": "6.966",
            "close": "6.959"
        },
        {
            "time": "26.06.2021 08:02",
            "open": "6.959",
            "high": "6.959",
            "low": "6.959",
            "close": "6.981"
        },
        {
            "time": "26.06.2021 08:26",
            "open": "6.981",
            "high": "6.981",
            "low": "6.981",
            "close": "6.97"
        },
        {
            "time": "26.06.2021 08:31",
            "open": "6.97",
            "high": "6.97",
            "low": "6.97",
            "close": "6.97"
        },
        {
            "time": "26.06.2021 08:36",
            "open": "6.97",
            "high": "6.97",
            "low": "6.959",
            "close": "6.939"
        },
        {
            "time": "26.06.2021 08:41",
            "open": "6.939",
            "high": "6.939",
            "low": "6.939",
            "close": "6.9"
        },
        {
            "time": "26.06.2021 08:44",
            "open": "6.9",
            "high": "6.9",
            "low": "6.9",
            "close": "6.857"
        },
        {
            "time": "26.06.2021 08:46",
            "open": "6.857",
            "high": "6.857",
            "low": "6.857",
            "close": "6.862"
        },
        {
            "time": "26.06.2021 08:51",
            "open": "6.862",
            "high": "6.862",
            "low": "6.862",
            "close": "6.877"
        },
        {
            "time": "26.06.2021 08:52",
            "open": "6.877",
            "high": "6.877",
            "low": "6.877",
            "close": "6.869"
        },
        {
            "time": "26.06.2021 09:02",
            "open": "6.869",
            "high": "6.869",
            "low": "6.859",
            "close": "6.852"
        },
        {
            "time": "26.06.2021 09:05",
            "open": "6.852",
            "high": "6.852",
            "low": "6.852",
            "close": "6.84"
        },
        {
            "time": "26.06.2021 09:06",
            "open": "6.84",
            "high": "6.84",
            "low": "6.84",
            "close": "6.814"
        },
        {
            "time": "26.06.2021 09:09",
            "open": "6.814",
            "high": "6.815",
            "low": "6.804",
            "close": "6.807"
        },
        {
            "time": "26.06.2021 09:10",
            "open": "6.807",
            "high": "6.807",
            "low": "6.807",
            "close": "6.789"
        },
        {
            "time": "26.06.2021 09:13",
            "open": "6.789",
            "high": "6.789",
            "low": "6.789",
            "close": "6.802"
        },
        {
            "time": "26.06.2021 09:15",
            "open": "6.802",
            "high": "6.802",
            "low": "6.802",
            "close": "6.789"
        },
        {
            "time": "26.06.2021 09:17",
            "open": "6.789",
            "high": "6.789",
            "low": "6.789",
            "close": "6.779"
        },
        {
            "time": "26.06.2021 09:18",
            "open": "6.779",
            "high": "6.779",
            "low": "6.779",
            "close": "6.79"
        },
        {
            "time": "26.06.2021 09:19",
            "open": "6.79",
            "high": "6.798",
            "low": "6.79",
            "close": "6.786"
        },
        {
            "time": "26.06.2021 09:20",
            "open": "6.786",
            "high": "6.786",
            "low": "6.781",
            "close": "6.747"
        },
        {
            "time": "26.06.2021 09:22",
            "open": "6.747",
            "high": "6.747",
            "low": "6.747",
            "close": "6.738"
        },
        {
            "time": "26.06.2021 09:24",
            "open": "6.738",
            "high": "6.747",
            "low": "6.738",
            "close": "6.73"
        },
        {
            "time": "26.06.2021 09:26",
            "open": "6.73",
            "high": "6.73",
            "low": "6.697",
            "close": "6.716"
        },
        {
            "time": "26.06.2021 09:33",
            "open": "6.716",
            "high": "6.716",
            "low": "6.716",
            "close": "6.644"
        },
        {
            "time": "26.06.2021 09:40",
            "open": "6.644",
            "high": "6.654",
            "low": "6.644",
            "close": "6.648"
        },
        {
            "time": "26.06.2021 09:42",
            "open": "6.648",
            "high": "6.648",
            "low": "6.648",
            "close": "6.641"
        },
        {
            "time": "26.06.2021 09:45",
            "open": "6.641",
            "high": "6.641",
            "low": "6.594",
            "close": "6.638"
        },
        {
            "time": "26.06.2021 09:46",
            "open": "6.638",
            "high": "6.645",
            "low": "6.638",
            "close": "6.625"
        },
        {
            "time": "26.06.2021 09:50",
            "open": "6.625",
            "high": "6.625",
            "low": "6.625",
            "close": "6.622"
        },
        {
            "time": "26.06.2021 09:52",
            "open": "6.622",
            "high": "6.622",
            "low": "6.622",
            "close": "6.617"
        },
        {
            "time": "26.06.2021 09:54",
            "open": "6.617",
            "high": "6.617",
            "low": "6.617",
            "close": "6.618"
        },
        {
            "time": "26.06.2021 09:56",
            "open": "6.618",
            "high": "6.624",
            "low": "6.618",
            "close": "6.597"
        },
        {
            "time": "26.06.2021 10:01",
            "open": "6.597",
            "high": "6.597",
            "low": "6.597",
            "close": "6.581"
        },
        {
            "time": "26.06.2021 10:03",
            "open": "6.581",
            "high": "6.581",
            "low": "6.581",
            "close": "6.601"
        },
        {
            "time": "26.06.2021 10:04",
            "open": "6.601",
            "high": "6.607",
            "low": "6.597",
            "close": "6.595"
        },
        {
            "time": "26.06.2021 10:05",
            "open": "6.595",
            "high": "6.595",
            "low": "6.595",
            "close": "6.549"
        },
        {
            "time": "26.06.2021 10:10",
            "open": "6.549",
            "high": "6.563",
            "low": "6.549",
            "close": "6.521"
        },
        {
            "time": "26.06.2021 10:12",
            "open": "6.521",
            "high": "6.521",
            "low": "6.511",
            "close": "6.522"
        },
        {
            "time": "26.06.2021 10:15",
            "open": "6.522",
            "high": "6.537",
            "low": "6.522",
            "close": "6.511"
        },
        {
            "time": "26.06.2021 10:17",
            "open": "6.511",
            "high": "6.511",
            "low": "6.51",
            "close": "6.5"
        },
        {
            "time": "26.06.2021 10:18",
            "open": "6.5",
            "high": "6.5",
            "low": "6.492",
            "close": "6.513"
        },
        {
            "time": "26.06.2021 10:20",
            "open": "6.513",
            "high": "6.513",
            "low": "6.513",
            "close": "6.517"
        },
        {
            "time": "26.06.2021 10:21",
            "open": "6.517",
            "high": "6.519",
            "low": "6.517",
            "close": "6.499"
        },
        {
            "time": "26.06.2021 10:25",
            "open": "6.499",
            "high": "6.499",
            "low": "6.481",
            "close": "6.493"
        },
        {
            "time": "26.06.2021 10:27",
            "open": "6.493",
            "high": "6.494",
            "low": "6.493",
            "close": "6.503"
        },
        {
            "time": "26.06.2021 10:28",
            "open": "6.503",
            "high": "6.503",
            "low": "6.503",
            "close": "6.512"
        },
        {
            "time": "26.06.2021 10:30",
            "open": "6.512",
            "high": "6.512",
            "low": "6.512",
            "close": "6.55"
        },
        {
            "time": "26.06.2021 10:32",
            "open": "6.55",
            "high": "6.55",
            "low": "6.55",
            "close": "6.564"
        },
        {
            "time": "26.06.2021 10:34",
            "open": "6.564",
            "high": "6.564",
            "low": "6.564",
            "close": "6.554"
        },
        {
            "time": "26.06.2021 10:35",
            "open": "6.554",
            "high": "6.554",
            "low": "6.554",
            "close": "6.532"
        },
        {
            "time": "26.06.2021 10:37",
            "open": "6.532",
            "high": "6.532",
            "low": "6.532",
            "close": "6.5"
        },
        {
            "time": "26.06.2021 10:39",
            "open": "6.5",
            "high": "6.5",
            "low": "6.486",
            "close": "6.48"
        },
        {
            "time": "26.06.2021 10:40",
            "open": "6.48",
            "high": "6.48",
            "low": "6.48",
            "close": "6.465"
        },
        {
            "time": "26.06.2021 10:41",
            "open": "6.465",
            "high": "6.465",
            "low": "6.465",
            "close": "6.475"
        },
        {
            "time": "26.06.2021 10:42",
            "open": "6.475",
            "high": "6.475",
            "low": "6.475",
            "close": "6.48"
        },
        {
            "time": "26.06.2021 10:43",
            "open": "6.48",
            "high": "6.501",
            "low": "6.48",
            "close": "6.49"
        },
        {
            "time": "26.06.2021 10:44",
            "open": "6.49",
            "high": "6.49",
            "low": "6.49",
            "close": "6.489"
        },
        {
            "time": "26.06.2021 10:45",
            "open": "6.489",
            "high": "6.489",
            "low": "6.489",
            "close": "6.495"
        },
        {
            "time": "26.06.2021 10:54",
            "open": "6.495",
            "high": "6.499",
            "low": "6.495",
            "close": "6.46"
        },
        {
            "time": "26.06.2021 10:55",
            "open": "6.46",
            "high": "6.46",
            "low": "6.46",
            "close": "6.462"
        },
        {
            "time": "26.06.2021 10:57",
            "open": "6.462",
            "high": "6.462",
            "low": "6.462",
            "close": "6.49"
        },
        {
            "time": "26.06.2021 11:00",
            "open": "6.49",
            "high": "6.502",
            "low": "6.489",
            "close": "6.456"
        },
        {
            "time": "26.06.2021 11:04",
            "open": "6.456",
            "high": "6.456",
            "low": "6.456",
            "close": "6.481"
        },
        {
            "time": "26.06.2021 11:12",
            "open": "6.481",
            "high": "6.488",
            "low": "6.481",
            "close": "6.448"
        },
        {
            "time": "26.06.2021 11:13",
            "open": "6.448",
            "high": "6.448",
            "low": "6.446",
            "close": "6.453"
        },
        {
            "time": "26.06.2021 11:16",
            "open": "6.453",
            "high": "6.456",
            "low": "6.443",
            "close": "6.455"
        },
        {
            "time": "26.06.2021 11:17",
            "open": "6.455",
            "high": "6.455",
            "low": "6.455",
            "close": "6.467"
        },
        {
            "time": "26.06.2021 11:20",
            "open": "6.467",
            "high": "6.468",
            "low": "6.467",
            "close": "6.482"
        },
        {
            "time": "26.06.2021 11:21",
            "open": "6.482",
            "high": "6.482",
            "low": "6.482",
            "close": "6.477"
        },
        {
            "time": "26.06.2021 11:22",
            "open": "6.477",
            "high": "6.477",
            "low": "6.477",
            "close": "6.471"
        },
        {
            "time": "26.06.2021 11:23",
            "open": "6.471",
            "high": "6.471",
            "low": "6.47",
            "close": "6.49"
        },
        {
            "time": "26.06.2021 11:25",
            "open": "6.49",
            "high": "6.49",
            "low": "6.49",
            "close": "6.489"
        },
        {
            "time": "26.06.2021 11:27",
            "open": "6.489",
            "high": "6.489",
            "low": "6.489",
            "close": "6.515"
        },
        {
            "time": "26.06.2021 11:32",
            "open": "6.515",
            "high": "6.521",
            "low": "6.515",
            "close": "6.548"
        },
        {
            "time": "26.06.2021 11:37",
            "open": "6.548",
            "high": "6.548",
            "low": "6.548",
            "close": "6.6"
        },
        {
            "time": "26.06.2021 11:40",
            "open": "6.6",
            "high": "6.613",
            "low": "6.6",
            "close": "6.625"
        },
        {
            "time": "26.06.2021 11:53",
            "open": "6.625",
            "high": "6.625",
            "low": "6.625",
            "close": "6.642"
        },
        {
            "time": "26.06.2021 11:55",
            "open": "6.642",
            "high": "6.652",
            "low": "6.634",
            "close": "6.642"
        },
        {
            "time": "26.06.2021 11:59",
            "open": "6.642",
            "high": "6.642",
            "low": "6.642",
            "close": "6.621"
        },
        {
            "time": "26.06.2021 12:08",
            "open": "6.621",
            "high": "6.621",
            "low": "6.621",
            "close": "6.628"
        },
        {
            "time": "26.06.2021 12:15",
            "open": "6.628",
            "high": "6.628",
            "low": "6.627",
            "close": "6.624"
        },
        {
            "time": "26.06.2021 12:16",
            "open": "6.624",
            "high": "6.637",
            "low": "6.624",
            "close": "6.661"
        },
        {
            "time": "26.06.2021 12:20",
            "open": "6.661",
            "high": "6.668",
            "low": "6.661",
            "close": "6.669"
        },
        {
            "time": "26.06.2021 12:24",
            "open": "6.669",
            "high": "6.669",
            "low": "6.669",
            "close": "6.674"
        },
        {
            "time": "26.06.2021 12:26",
            "open": "6.674",
            "high": "6.674",
            "low": "6.674",
            "close": "6.621"
        },
        {
            "time": "26.06.2021 12:34",
            "open": "6.621",
            "high": "6.621",
            "low": "6.621",
            "close": "6.618"
        },
        {
            "time": "26.06.2021 12:35",
            "open": "6.618",
            "high": "6.618",
            "low": "6.609",
            "close": "6.625"
        },
        {
            "time": "26.06.2021 12:40",
            "open": "6.625",
            "high": "6.625",
            "low": "6.625",
            "close": "6.6"
        },
        {
            "time": "26.06.2021 12:48",
            "open": "6.6",
            "high": "6.6",
            "low": "6.6",
            "close": "6.608"
        },
        {
            "time": "26.06.2021 12:55",
            "open": "6.608",
            "high": "6.608",
            "low": "6.608",
            "close": "6.62"
        },
        {
            "time": "26.06.2021 12:56",
            "open": "6.62",
            "high": "6.62",
            "low": "6.62",
            "close": "6.641"
        },
        {
            "time": "26.06.2021 13:00",
            "open": "6.641",
            "high": "6.641",
            "low": "6.641",
            "close": "6.654"
        },
        {
            "time": "26.06.2021 13:01",
            "open": "6.654",
            "high": "6.654",
            "low": "6.654",
            "close": "6.7"
        },
        {
            "time": "26.06.2021 13:09",
            "open": "6.7",
            "high": "6.717",
            "low": "6.7",
            "close": "6.702"
        },
        {
            "time": "26.06.2021 13:13",
            "open": "6.702",
            "high": "6.702",
            "low": "6.696",
            "close": "6.693"
        },
        {
            "time": "26.06.2021 13:14",
            "open": "6.693",
            "high": "6.693",
            "low": "6.693",
            "close": "6.707"
        },
        {
            "time": "26.06.2021 13:19",
            "open": "6.707",
            "high": "6.707",
            "low": "6.707",
            "close": "6.721"
        },
        {
            "time": "26.06.2021 13:24",
            "open": "6.721",
            "high": "6.721",
            "low": "6.721",
            "close": "6.75"
        },
        {
            "time": "26.06.2021 13:43",
            "open": "6.75",
            "high": "6.75",
            "low": "6.75",
            "close": "6.757"
        },
        {
            "time": "26.06.2021 13:45",
            "open": "6.757",
            "high": "6.757",
            "low": "6.757",
            "close": "6.76"
        },
        {
            "time": "26.06.2021 13:49",
            "open": "6.76",
            "high": "6.76",
            "low": "6.76",
            "close": "6.777"
        },
        {
            "time": "26.06.2021 13:52",
            "open": "6.777",
            "high": "6.777",
            "low": "6.777",
            "close": "6.78"
        },
        {
            "time": "26.06.2021 14:00",
            "open": "6.78",
            "high": "6.78",
            "low": "6.78",
            "close": "6.786"
        },
        {
            "time": "26.06.2021 14:03",
            "open": "6.786",
            "high": "6.789",
            "low": "6.786",
            "close": "6.767"
        },
        {
            "time": "26.06.2021 14:08",
            "open": "6.767",
            "high": "6.767",
            "low": "6.767",
            "close": "6.744"
        },
        {
            "time": "26.06.2021 14:15",
            "open": "6.744",
            "high": "6.744",
            "low": "6.744",
            "close": "6.707"
        },
        {
            "time": "26.06.2021 14:16",
            "open": "6.707",
            "high": "6.707",
            "low": "6.698",
            "close": "6.717"
        },
        {
            "time": "26.06.2021 14:20",
            "open": "6.717",
            "high": "6.724",
            "low": "6.717",
            "close": "6.734"
        },
        {
            "time": "26.06.2021 14:21",
            "open": "6.734",
            "high": "6.734",
            "low": "6.734",
            "close": "6.786"
        },
        {
            "time": "26.06.2021 14:26",
            "open": "6.786",
            "high": "6.786",
            "low": "6.786",
            "close": "6.79"
        },
        {
            "time": "26.06.2021 14:27",
            "open": "6.79",
            "high": "6.79",
            "low": "6.787",
            "close": "6.792"
        },
        {
            "time": "26.06.2021 14:35",
            "open": "6.792",
            "high": "6.8",
            "low": "6.792",
            "close": "6.785"
        },
        {
            "time": "26.06.2021 14:46",
            "open": "6.785",
            "high": "6.785",
            "low": "6.785",
            "close": "6.762"
        },
        {
            "time": "26.06.2021 14:52",
            "open": "6.762",
            "high": "6.762",
            "low": "6.762",
            "close": "6.704"
        },
        {
            "time": "26.06.2021 14:58",
            "open": "6.704",
            "high": "6.704",
            "low": "6.703",
            "close": "6.694"
        },
        {
            "time": "26.06.2021 15:00",
            "open": "6.694",
            "high": "6.694",
            "low": "6.693",
            "close": "6.697"
        },
        {
            "time": "26.06.2021 15:01",
            "open": "6.697",
            "high": "6.704",
            "low": "6.697",
            "close": "6.699"
        },
        {
            "time": "26.06.2021 15:05",
            "open": "6.699",
            "high": "6.699",
            "low": "6.699",
            "close": "6.724"
        },
        {
            "time": "26.06.2021 15:07",
            "open": "6.724",
            "high": "6.725",
            "low": "6.724",
            "close": "6.679"
        },
        {
            "time": "26.06.2021 15:13",
            "open": "6.679",
            "high": "6.679",
            "low": "6.676",
            "close": "6.684"
        },
        {
            "time": "26.06.2021 15:15",
            "open": "6.684",
            "high": "6.696",
            "low": "6.684",
            "close": "6.706"
        },
        {
            "time": "26.06.2021 15:16",
            "open": "6.706",
            "high": "6.706",
            "low": "6.706",
            "close": "6.658"
        },
        {
            "time": "26.06.2021 15:32",
            "open": "6.658",
            "high": "6.658",
            "low": "6.649",
            "close": "6.62"
        },
        {
            "time": "26.06.2021 15:36",
            "open": "6.62",
            "high": "6.624",
            "low": "6.62",
            "close": "6.628"
        },
        {
            "time": "26.06.2021 15:37",
            "open": "6.628",
            "high": "6.632",
            "low": "6.628",
            "close": "6.617"
        },
        {
            "time": "26.06.2021 15:39",
            "open": "6.617",
            "high": "6.621",
            "low": "6.609",
            "close": "6.574"
        },
        {
            "time": "26.06.2021 15:40",
            "open": "6.574",
            "high": "6.574",
            "low": "6.574",
            "close": "6.517"
        },
        {
            "time": "26.06.2021 15:45",
            "open": "6.517",
            "high": "6.517",
            "low": "6.504",
            "close": "6.5"
        },
        {
            "time": "26.06.2021 15:50",
            "open": "6.5",
            "high": "6.5",
            "low": "6.5",
            "close": "6.502"
        },
        {
            "time": "26.06.2021 15:55",
            "open": "6.502",
            "high": "6.502",
            "low": "6.502",
            "close": "6.464"
        },
        {
            "time": "26.06.2021 16:00",
            "open": "6.464",
            "high": "6.464",
            "low": "6.464",
            "close": "6.464"
        },
        {
            "time": "26.06.2021 16:01",
            "open": "6.464",
            "high": "6.464",
            "low": "6.463",
            "close": "6.428"
        },
        {
            "time": "26.06.2021 16:04",
            "open": "6.428",
            "high": "6.428",
            "low": "6.425",
            "close": "6.435"
        },
        {
            "time": "26.06.2021 16:07",
            "open": "6.435",
            "high": "6.435",
            "low": "6.435",
            "close": "6.447"
        },
        {
            "time": "26.06.2021 16:09",
            "open": "6.447",
            "high": "6.447",
            "low": "6.447",
            "close": "6.448"
        },
        {
            "time": "26.06.2021 16:10",
            "open": "6.448",
            "high": "6.448",
            "low": "6.448",
            "close": "6.439"
        },
        {
            "time": "26.06.2021 16:11",
            "open": "6.439",
            "high": "6.439",
            "low": "6.439",
            "close": "6.436"
        },
        {
            "time": "26.06.2021 16:13",
            "open": "6.436",
            "high": "6.436",
            "low": "6.436",
            "close": "6.445"
        },
        {
            "time": "26.06.2021 16:16",
            "open": "6.445",
            "high": "6.445",
            "low": "6.445",
            "close": "6.472"
        },
        {
            "time": "26.06.2021 16:20",
            "open": "6.472",
            "high": "6.472",
            "low": "6.466",
            "close": "6.454"
        },
        {
            "time": "26.06.2021 16:21",
            "open": "6.454",
            "high": "6.454",
            "low": "6.454",
            "close": "6.5"
        },
        {
            "time": "26.06.2021 16:35",
            "open": "6.5",
            "high": "6.5",
            "low": "6.497",
            "close": "6.515"
        },
        {
            "time": "26.06.2021 16:40",
            "open": "6.515",
            "high": "6.515",
            "low": "6.515",
            "close": "6.542"
        },
        {
            "time": "26.06.2021 16:42",
            "open": "6.542",
            "high": "6.542",
            "low": "6.542",
            "close": "6.533"
        },
        {
            "time": "26.06.2021 16:46",
            "open": "6.533",
            "high": "6.533",
            "low": "6.533",
            "close": "6.545"
        },
        {
            "time": "26.06.2021 16:49",
            "open": "6.545",
            "high": "6.55",
            "low": "6.545",
            "close": "6.583"
        },
        {
            "time": "26.06.2021 16:53",
            "open": "6.583",
            "high": "6.583",
            "low": "6.58",
            "close": "6.606"
        },
        {
            "time": "26.06.2021 17:00",
            "open": "6.606",
            "high": "6.606",
            "low": "6.606",
            "close": "6.544"
        },
        {
            "time": "26.06.2021 17:02",
            "open": "6.544",
            "high": "6.544",
            "low": "6.544",
            "close": "6.513"
        },
        {
            "time": "26.06.2021 17:03",
            "open": "6.513",
            "high": "6.513",
            "low": "6.513",
            "close": "6.523"
        },
        {
            "time": "26.06.2021 17:04",
            "open": "6.523",
            "high": "6.523",
            "low": "6.523",
            "close": "6.52"
        },
        {
            "time": "26.06.2021 17:06",
            "open": "6.52",
            "high": "6.52",
            "low": "6.52",
            "close": "6.562"
        },
        {
            "time": "26.06.2021 17:13",
            "open": "6.562",
            "high": "6.562",
            "low": "6.562",
            "close": "6.539"
        },
        {
            "time": "26.06.2021 17:30",
            "open": "6.539",
            "high": "6.539",
            "low": "6.539",
            "close": "6.556"
        },
        {
            "time": "26.06.2021 17:36",
            "open": "6.556",
            "high": "6.556",
            "low": "6.556",
            "close": "6.533"
        },
        {
            "time": "26.06.2021 17:38",
            "open": "6.533",
            "high": "6.533",
            "low": "6.533",
            "close": "6.519"
        },
        {
            "time": "26.06.2021 17:42",
            "open": "6.519",
            "high": "6.519",
            "low": "6.519",
            "close": "6.515"
        },
        {
            "time": "26.06.2021 17:44",
            "open": "6.515",
            "high": "6.515",
            "low": "6.515",
            "close": "6.503"
        },
        {
            "time": "26.06.2021 17:45",
            "open": "6.503",
            "high": "6.503",
            "low": "6.503",
            "close": "6.522"
        },
        {
            "time": "26.06.2021 17:47",
            "open": "6.522",
            "high": "6.522",
            "low": "6.522",
            "close": "6.49"
        },
        {
            "time": "26.06.2021 17:48",
            "open": "6.49",
            "high": "6.49",
            "low": "6.468",
            "close": "6.489"
        },
        {
            "time": "26.06.2021 17:50",
            "open": "6.489",
            "high": "6.494",
            "low": "6.489",
            "close": "6.488"
        },
        {
            "time": "26.06.2021 17:53",
            "open": "6.488",
            "high": "6.496",
            "low": "6.488",
            "close": "6.512"
        },
        {
            "time": "26.06.2021 17:55",
            "open": "6.512",
            "high": "6.512",
            "low": "6.512",
            "close": "6.49"
        },
        {
            "time": "26.06.2021 18:01",
            "open": "6.49",
            "high": "6.49",
            "low": "6.49",
            "close": "6.498"
        },
        {
            "time": "26.06.2021 18:06",
            "open": "6.498",
            "high": "6.501",
            "low": "6.498",
            "close": "6.473"
        },
        {
            "time": "26.06.2021 18:08",
            "open": "6.473",
            "high": "6.473",
            "low": "6.473",
            "close": "6.422"
        },
        {
            "time": "26.06.2021 18:10",
            "open": "6.422",
            "high": "6.441",
            "low": "6.42",
            "close": "6.439"
        },
        {
            "time": "26.06.2021 18:11",
            "open": "6.439",
            "high": "6.439",
            "low": "6.439",
            "close": "6.434"
        },
        {
            "time": "26.06.2021 18:12",
            "open": "6.434",
            "high": "6.434",
            "low": "6.406",
            "close": "6.368"
        },
        {
            "time": "26.06.2021 18:15",
            "open": "6.368",
            "high": "6.397",
            "low": "6.361",
            "close": "6.343"
        },
        {
            "time": "26.06.2021 18:16",
            "open": "6.343",
            "high": "6.343",
            "low": "6.343",
            "close": "6.339"
        },
        {
            "time": "26.06.2021 18:17",
            "open": "6.339",
            "high": "6.352",
            "low": "6.339",
            "close": "6.356"
        },
        {
            "time": "26.06.2021 18:18",
            "open": "6.356",
            "high": "6.356",
            "low": "6.356",
            "close": "6.365"
        },
        {
            "time": "26.06.2021 18:19",
            "open": "6.365",
            "high": "6.369",
            "low": "6.365",
            "close": "6.374"
        },
        {
            "time": "26.06.2021 18:21",
            "open": "6.374",
            "high": "6.382",
            "low": "6.374",
            "close": "6.379"
        },
        {
            "time": "26.06.2021 18:22",
            "open": "6.379",
            "high": "6.383",
            "low": "6.379",
            "close": "6.404"
        },
        {
            "time": "26.06.2021 18:25",
            "open": "6.404",
            "high": "6.411",
            "low": "6.404",
            "close": "6.409"
        },
        {
            "time": "26.06.2021 18:26",
            "open": "6.409",
            "high": "6.409",
            "low": "6.409",
            "close": "6.438"
        },
        {
            "time": "26.06.2021 18:30",
            "open": "6.438",
            "high": "6.438",
            "low": "6.438",
            "close": "6.442"
        },
        {
            "time": "26.06.2021 18:31",
            "open": "6.442",
            "high": "6.442",
            "low": "6.442",
            "close": "6.436"
        },
        {
            "time": "26.06.2021 18:33",
            "open": "6.436",
            "high": "6.436",
            "low": "6.436",
            "close": "6.391"
        },
        {
            "time": "26.06.2021 18:35",
            "open": "6.391",
            "high": "6.391",
            "low": "6.391",
            "close": "6.391"
        },
        {
            "time": "26.06.2021 18:36",
            "open": "6.391",
            "high": "6.391",
            "low": "6.391",
            "close": "6.429"
        },
        {
            "time": "26.06.2021 18:41",
            "open": "6.429",
            "high": "6.429",
            "low": "6.429",
            "close": "6.392"
        },
        {
            "time": "26.06.2021 18:43",
            "open": "6.392",
            "high": "6.392",
            "low": "6.392",
            "close": "6.405"
        },
        {
            "time": "26.06.2021 18:44",
            "open": "6.405",
            "high": "6.405",
            "low": "6.405",
            "close": "6.418"
        },
        {
            "time": "26.06.2021 18:47",
            "open": "6.418",
            "high": "6.419",
            "low": "6.418",
            "close": "6.437"
        },
        {
            "time": "26.06.2021 18:50",
            "open": "6.437",
            "high": "6.437",
            "low": "6.437",
            "close": "6.459"
        },
        {
            "time": "26.06.2021 18:54",
            "open": "6.459",
            "high": "6.462",
            "low": "6.459",
            "close": "6.462"
        },
        {
            "time": "26.06.2021 19:03",
            "open": "6.462",
            "high": "6.462",
            "low": "6.462",
            "close": "6.479"
        },
        {
            "time": "26.06.2021 19:07",
            "open": "6.479",
            "high": "6.479",
            "low": "6.479",
            "close": "6.487"
        },
        {
            "time": "26.06.2021 19:12",
            "open": "6.487",
            "high": "6.491",
            "low": "6.487",
            "close": "6.474"
        },
        {
            "time": "26.06.2021 19:19",
            "open": "6.474",
            "high": "6.474",
            "low": "6.474",
            "close": "6.459"
        },
        {
            "time": "26.06.2021 19:24",
            "open": "6.459",
            "high": "6.467",
            "low": "6.459",
            "close": "6.499"
        },
        {
            "time": "26.06.2021 19:26",
            "open": "6.499",
            "high": "6.499",
            "low": "6.499",
            "close": "6.475"
        },
        {
            "time": "26.06.2021 19:27",
            "open": "6.475",
            "high": "6.475",
            "low": "6.445",
            "close": "6.463"
        },
        {
            "time": "26.06.2021 19:30",
            "open": "6.463",
            "high": "6.463",
            "low": "6.463",
            "close": "6.465"
        },
        {
            "time": "26.06.2021 19:31",
            "open": "6.465",
            "high": "6.465",
            "low": "6.444",
            "close": "6.442"
        },
        {
            "time": "26.06.2021 19:33",
            "open": "6.442",
            "high": "6.442",
            "low": "6.442",
            "close": "6.445"
        },
        {
            "time": "26.06.2021 19:38",
            "open": "6.445",
            "high": "6.446",
            "low": "6.444",
            "close": "6.449"
        },
        {
            "time": "26.06.2021 19:39",
            "open": "6.449",
            "high": "6.449",
            "low": "6.449",
            "close": "6.455"
        },
        {
            "time": "26.06.2021 19:40",
            "open": "6.455",
            "high": "6.455",
            "low": "6.443",
            "close": "6.459"
        },
        {
            "time": "26.06.2021 19:44",
            "open": "6.459",
            "high": "6.459",
            "low": "6.459",
            "close": "6.511"
        },
        {
            "time": "26.06.2021 19:57",
            "open": "6.511",
            "high": "6.511",
            "low": "6.511",
            "close": "6.518"
        },
        {
            "time": "26.06.2021 19:58",
            "open": "6.518",
            "high": "6.518",
            "low": "6.518",
            "close": "6.57"
        },
        {
            "time": "26.06.2021 20:00",
            "open": "6.57",
            "high": "6.57",
            "low": "6.561",
            "close": "6.522"
        },
        {
            "time": "26.06.2021 20:02",
            "open": "6.522",
            "high": "6.522",
            "low": "6.522",
            "close": "6.524"
        },
        {
            "time": "26.06.2021 20:05",
            "open": "6.524",
            "high": "6.524",
            "low": "6.524",
            "close": "6.525"
        },
        {
            "time": "26.06.2021 20:09",
            "open": "6.525",
            "high": "6.525",
            "low": "6.525",
            "close": "6.571"
        },
        {
            "time": "26.06.2021 20:14",
            "open": "6.571",
            "high": "6.573",
            "low": "6.571",
            "close": "6.577"
        },
        {
            "time": "26.06.2021 20:18",
            "open": "6.577",
            "high": "6.577",
            "low": "6.577",
            "close": "6.568"
        },
        {
            "time": "26.06.2021 20:25",
            "open": "6.568",
            "high": "6.568",
            "low": "6.568",
            "close": "6.533"
        },
        {
            "time": "26.06.2021 20:31",
            "open": "6.533",
            "high": "6.533",
            "low": "6.533",
            "close": "6.545"
        },
        {
            "time": "26.06.2021 20:35",
            "open": "6.545",
            "high": "6.545",
            "low": "6.545",
            "close": "6.538"
        },
        {
            "time": "26.06.2021 20:41",
            "open": "6.538",
            "high": "6.538",
            "low": "6.538",
            "close": "6.527"
        },
        {
            "time": "26.06.2021 20:44",
            "open": "6.527",
            "high": "6.527",
            "low": "6.527",
            "close": "6.515"
        },
        {
            "time": "26.06.2021 20:55",
            "open": "6.515",
            "high": "6.515",
            "low": "6.502",
            "close": "6.482"
        },
        {
            "time": "26.06.2021 20:56",
            "open": "6.482",
            "high": "6.482",
            "low": "6.473",
            "close": "6.492"
        },
        {
            "time": "26.06.2021 20:59",
            "open": "6.492",
            "high": "6.502",
            "low": "6.492",
            "close": "6.505"
        },
        {
            "time": "26.06.2021 21:00",
            "open": "6.505",
            "high": "6.505",
            "low": "6.505",
            "close": "6.519"
        },
        {
            "time": "26.06.2021 21:01",
            "open": "6.519",
            "high": "6.519",
            "low": "6.519",
            "close": "6.502"
        },
        {
            "time": "26.06.2021 21:02",
            "open": "6.502",
            "high": "6.502",
            "low": "6.502",
            "close": "6.499"
        },
        {
            "time": "26.06.2021 21:04",
            "open": "6.499",
            "high": "6.499",
            "low": "6.499",
            "close": "6.512"
        },
        {
            "time": "26.06.2021 21:05",
            "open": "6.512",
            "high": "6.512",
            "low": "6.512",
            "close": "6.506"
        },
        {
            "time": "26.06.2021 21:11",
            "open": "6.506",
            "high": "6.506",
            "low": "6.506",
            "close": "6.504"
        },
        {
            "time": "26.06.2021 21:13",
            "open": "6.504",
            "high": "6.516",
            "low": "6.504",
            "close": "6.499"
        },
        {
            "time": "26.06.2021 21:23",
            "open": "6.499",
            "high": "6.499",
            "low": "6.499",
            "close": "6.488"
        },
        {
            "time": "26.06.2021 21:27",
            "open": "6.488",
            "high": "6.488",
            "low": "6.488",
            "close": "6.494"
        },
        {
            "time": "26.06.2021 21:31",
            "open": "6.494",
            "high": "6.494",
            "low": "6.494",
            "close": "6.501"
        },
        {
            "time": "26.06.2021 21:42",
            "open": "6.501",
            "high": "6.503",
            "low": "6.501",
            "close": "6.498"
        },
        {
            "time": "26.06.2021 21:44",
            "open": "6.498",
            "high": "6.498",
            "low": "6.498",
            "close": "6.489"
        },
        {
            "time": "26.06.2021 21:50",
            "open": "6.489",
            "high": "6.489",
            "low": "6.489",
            "close": "6.5"
        },
        {
            "time": "26.06.2021 21:57",
            "open": "6.5",
            "high": "6.5",
            "low": "6.5",
            "close": "6.506"
        },
        {
            "time": "26.06.2021 21:59",
            "open": "6.506",
            "high": "6.506",
            "low": "6.506",
            "close": "6.51"
        },
        {
            "time": "26.06.2021 22:00",
            "open": "6.51",
            "high": "6.51",
            "low": "6.51",
            "close": "6.42"
        },
        {
            "time": "26.06.2021 22:07",
            "open": "6.42",
            "high": "6.42",
            "low": "6.412",
            "close": "6.437"
        },
        {
            "time": "26.06.2021 22:08",
            "open": "6.437",
            "high": "6.437",
            "low": "6.437",
            "close": "6.425"
        },
        {
            "time": "26.06.2021 22:09",
            "open": "6.425",
            "high": "6.425",
            "low": "6.425",
            "close": "6.431"
        },
        {
            "time": "26.06.2021 22:11",
            "open": "6.431",
            "high": "6.431",
            "low": "6.431",
            "close": "6.433"
        },
        {
            "time": "26.06.2021 22:12",
            "open": "6.433",
            "high": "6.434",
            "low": "6.433",
            "close": "6.425"
        },
        {
            "time": "26.06.2021 22:15",
            "open": "6.425",
            "high": "6.425",
            "low": "6.405",
            "close": "6.42"
        },
        {
            "time": "26.06.2021 22:17",
            "open": "6.42",
            "high": "6.42",
            "low": "6.42",
            "close": "6.411"
        },
        {
            "time": "26.06.2021 22:18",
            "open": "6.411",
            "high": "6.411",
            "low": "6.411",
            "close": "6.427"
        },
        {
            "time": "26.06.2021 22:20",
            "open": "6.427",
            "high": "6.427",
            "low": "6.427",
            "close": "6.431"
        },
        {
            "time": "26.06.2021 22:26",
            "open": "6.431",
            "high": "6.431",
            "low": "6.431",
            "close": "6.43"
        },
        {
            "time": "26.06.2021 22:27",
            "open": "6.43",
            "high": "6.43",
            "low": "6.43",
            "close": "6.448"
        },
        {
            "time": "26.06.2021 22:31",
            "open": "6.448",
            "high": "6.448",
            "low": "6.448",
            "close": "6.445"
        },
        {
            "time": "26.06.2021 22:35",
            "open": "6.445",
            "high": "6.447",
            "low": "6.445",
            "close": "6.409"
        },
        {
            "time": "26.06.2021 23:33",
            "open": "6.409",
            "high": "6.417",
            "low": "6.409",
            "close": "6.419"
        },
        {
            "time": "26.06.2021 23:39",
            "open": "6.419",
            "high": "6.421",
            "low": "6.419",
            "close": "6.423"
        },
        {
            "time": "26.06.2021 23:40",
            "open": "6.423",
            "high": "6.426",
            "low": "6.423",
            "close": "6.427"
        },
        {
            "time": "26.06.2021 23:45",
            "open": "6.427",
            "high": "6.43",
            "low": "6.427",
            "close": "6.432"
        },
        {
            "time": "26.06.2021 23:47",
            "open": "6.432",
            "high": "6.443",
            "low": "6.432",
            "close": "6.452"
        },
        {
            "time": "26.06.2021 23:49",
            "open": "6.452",
            "high": "6.452",
            "low": "6.452",
            "close": "6.444"
        },
        {
            "time": "26.06.2021 23:55",
            "open": "6.444",
            "high": "6.444",
            "low": "6.444",
            "close": "6.448"
        }
    ]
}