{
    "UMA-EUR": [
        {
            "time": "25.01.2021 23:59",
            "open": "9.024",
            "high": "9.024",
            "low": "9.024",
            "close": "8.965"
        },
        {
            "time": "26.01.2021 00:00",
            "open": "8.965",
            "high": "8.983",
            "low": "8.965",
            "close": "8.953"
        },
        {
            "time": "26.01.2021 00:01",
            "open": "8.953",
            "high": "8.955",
            "low": "8.953",
            "close": "8.967"
        },
        {
            "time": "26.01.2021 00:02",
            "open": "8.967",
            "high": "8.967",
            "low": "8.967",
            "close": "8.948"
        },
        {
            "time": "26.01.2021 00:03",
            "open": "8.948",
            "high": "8.948",
            "low": "8.948",
            "close": "9.074"
        },
        {
            "time": "26.01.2021 00:12",
            "open": "9.074",
            "high": "9.074",
            "low": "9.074",
            "close": "9.012"
        },
        {
            "time": "26.01.2021 00:18",
            "open": "9.012",
            "high": "9.164",
            "low": "9.012",
            "close": "9.026"
        },
        {
            "time": "26.01.2021 00:20",
            "open": "9.026",
            "high": "9.026",
            "low": "9.026",
            "close": "8.999"
        },
        {
            "time": "26.01.2021 00:21",
            "open": "8.999",
            "high": "8.999",
            "low": "8.999",
            "close": "9.047"
        },
        {
            "time": "26.01.2021 00:23",
            "open": "9.047",
            "high": "9.048",
            "low": "9.047",
            "close": "9.032"
        },
        {
            "time": "26.01.2021 00:24",
            "open": "9.032",
            "high": "9.032",
            "low": "9.032",
            "close": "8.999"
        },
        {
            "time": "26.01.2021 00:26",
            "open": "8.999",
            "high": "8.999",
            "low": "8.999",
            "close": "9"
        },
        {
            "time": "26.01.2021 00:27",
            "open": "9",
            "high": "9.001",
            "low": "8.999",
            "close": "9.037"
        },
        {
            "time": "26.01.2021 00:33",
            "open": "9.037",
            "high": "9.037",
            "low": "9.037",
            "close": "9.003"
        },
        {
            "time": "26.01.2021 00:35",
            "open": "9.003",
            "high": "9.003",
            "low": "9.001",
            "close": "9.005"
        },
        {
            "time": "26.01.2021 00:36",
            "open": "9.005",
            "high": "9.006",
            "low": "9.001",
            "close": "9.108"
        },
        {
            "time": "26.01.2021 00:37",
            "open": "9.108",
            "high": "9.108",
            "low": "9.013",
            "close": "9.041"
        },
        {
            "time": "26.01.2021 00:48",
            "open": "9.041",
            "high": "9.041",
            "low": "9.041",
            "close": "8.996"
        },
        {
            "time": "26.01.2021 00:54",
            "open": "8.996",
            "high": "9.001",
            "low": "8.996",
            "close": "8.961"
        },
        {
            "time": "26.01.2021 01:00",
            "open": "8.961",
            "high": "8.961",
            "low": "8.943",
            "close": "8.94"
        },
        {
            "time": "26.01.2021 01:02",
            "open": "8.94",
            "high": "8.94",
            "low": "8.927",
            "close": "8.917"
        },
        {
            "time": "26.01.2021 01:03",
            "open": "8.917",
            "high": "8.917",
            "low": "8.902",
            "close": "8.972"
        },
        {
            "time": "26.01.2021 01:17",
            "open": "8.972",
            "high": "8.973",
            "low": "8.972",
            "close": "8.948"
        },
        {
            "time": "26.01.2021 01:19",
            "open": "8.948",
            "high": "8.948",
            "low": "8.948",
            "close": "9.009"
        },
        {
            "time": "26.01.2021 01:20",
            "open": "9.009",
            "high": "9.009",
            "low": "8.997",
            "close": "9.097"
        },
        {
            "time": "26.01.2021 01:24",
            "open": "9.097",
            "high": "9.097",
            "low": "9.014",
            "close": "9.062"
        },
        {
            "time": "26.01.2021 01:36",
            "open": "9.062",
            "high": "9.062",
            "low": "9.062",
            "close": "9.072"
        },
        {
            "time": "26.01.2021 01:39",
            "open": "9.072",
            "high": "9.072",
            "low": "9.072",
            "close": "9.119"
        },
        {
            "time": "26.01.2021 01:43",
            "open": "9.119",
            "high": "9.12",
            "low": "9.119",
            "close": "9.165"
        },
        {
            "time": "26.01.2021 01:44",
            "open": "9.165",
            "high": "9.19",
            "low": "9.165",
            "close": "9.19"
        },
        {
            "time": "26.01.2021 01:45",
            "open": "9.19",
            "high": "9.2",
            "low": "9.19",
            "close": "9.231"
        },
        {
            "time": "26.01.2021 01:47",
            "open": "9.231",
            "high": "9.231",
            "low": "9.231",
            "close": "9.159"
        },
        {
            "time": "26.01.2021 01:50",
            "open": "9.159",
            "high": "9.159",
            "low": "9.159",
            "close": "9.199"
        },
        {
            "time": "26.01.2021 02:00",
            "open": "9.199",
            "high": "9.199",
            "low": "9.199",
            "close": "9.199"
        },
        {
            "time": "26.01.2021 02:02",
            "open": "9.199",
            "high": "9.199",
            "low": "9.184",
            "close": "9.221"
        },
        {
            "time": "26.01.2021 02:35",
            "open": "9.221",
            "high": "9.221",
            "low": "9.221",
            "close": "9.134"
        },
        {
            "time": "26.01.2021 02:53",
            "open": "9.134",
            "high": "9.134",
            "low": "9.097",
            "close": "9.134"
        },
        {
            "time": "26.01.2021 02:54",
            "open": "9.134",
            "high": "9.134",
            "low": "9.134",
            "close": "9.118"
        },
        {
            "time": "26.01.2021 03:07",
            "open": "9.118",
            "high": "9.118",
            "low": "9.118",
            "close": "9.123"
        },
        {
            "time": "26.01.2021 03:17",
            "open": "9.123",
            "high": "9.123",
            "low": "9.121",
            "close": "9.12"
        },
        {
            "time": "26.01.2021 03:21",
            "open": "9.12",
            "high": "9.12",
            "low": "9.12",
            "close": "9.142"
        },
        {
            "time": "26.01.2021 03:46",
            "open": "9.142",
            "high": "9.142",
            "low": "9.142",
            "close": "9.106"
        },
        {
            "time": "26.01.2021 03:47",
            "open": "9.106",
            "high": "9.106",
            "low": "9.106",
            "close": "9.069"
        },
        {
            "time": "26.01.2021 04:28",
            "open": "9.069",
            "high": "9.076",
            "low": "9.068",
            "close": "9.073"
        },
        {
            "time": "26.01.2021 04:29",
            "open": "9.073",
            "high": "9.075",
            "low": "9.072",
            "close": "9.015"
        },
        {
            "time": "26.01.2021 04:44",
            "open": "9.015",
            "high": "9.015",
            "low": "9.015",
            "close": "8.928"
        },
        {
            "time": "26.01.2021 04:48",
            "open": "8.928",
            "high": "8.93",
            "low": "8.928",
            "close": "8.94"
        },
        {
            "time": "26.01.2021 04:54",
            "open": "8.94",
            "high": "8.94",
            "low": "8.94",
            "close": "8.917"
        },
        {
            "time": "26.01.2021 04:58",
            "open": "8.917",
            "high": "8.917",
            "low": "8.917",
            "close": "8.932"
        },
        {
            "time": "26.01.2021 05:01",
            "open": "8.932",
            "high": "8.932",
            "low": "8.932",
            "close": "9.004"
        },
        {
            "time": "26.01.2021 05:47",
            "open": "9.004",
            "high": "9.004",
            "low": "9.004",
            "close": "8.961"
        },
        {
            "time": "26.01.2021 05:49",
            "open": "8.961",
            "high": "8.961",
            "low": "8.959",
            "close": "8.974"
        },
        {
            "time": "26.01.2021 05:51",
            "open": "8.974",
            "high": "8.974",
            "low": "8.974",
            "close": "9.026"
        },
        {
            "time": "26.01.2021 05:57",
            "open": "9.026",
            "high": "9.028",
            "low": "9.026",
            "close": "9.006"
        },
        {
            "time": "26.01.2021 05:59",
            "open": "9.006",
            "high": "9.008",
            "low": "9.006",
            "close": "9.013"
        },
        {
            "time": "26.01.2021 06:10",
            "open": "9.013",
            "high": "9.013",
            "low": "9.013",
            "close": "8.978"
        },
        {
            "time": "26.01.2021 06:11",
            "open": "8.978",
            "high": "8.978",
            "low": "8.978",
            "close": "8.999"
        },
        {
            "time": "26.01.2021 06:12",
            "open": "8.999",
            "high": "9.01",
            "low": "8.999",
            "close": "9.01"
        },
        {
            "time": "26.01.2021 06:28",
            "open": "9.01",
            "high": "9.01",
            "low": "9.01",
            "close": "9.067"
        },
        {
            "time": "26.01.2021 06:40",
            "open": "9.067",
            "high": "9.067",
            "low": "9.067",
            "close": "9.049"
        },
        {
            "time": "26.01.2021 06:42",
            "open": "9.049",
            "high": "9.049",
            "low": "9.049",
            "close": "9.054"
        },
        {
            "time": "26.01.2021 06:53",
            "open": "9.054",
            "high": "9.054",
            "low": "9.054",
            "close": "9.083"
        },
        {
            "time": "26.01.2021 06:54",
            "open": "9.083",
            "high": "9.084",
            "low": "9.083",
            "close": "9.092"
        },
        {
            "time": "26.01.2021 06:57",
            "open": "9.092",
            "high": "9.092",
            "low": "9.054",
            "close": "9.053"
        },
        {
            "time": "26.01.2021 06:58",
            "open": "9.053",
            "high": "9.053",
            "low": "9.053",
            "close": "9.061"
        },
        {
            "time": "26.01.2021 06:59",
            "open": "9.061",
            "high": "9.061",
            "low": "9.061",
            "close": "9.04"
        },
        {
            "time": "26.01.2021 07:03",
            "open": "9.04",
            "high": "9.04",
            "low": "9.015",
            "close": "9.005"
        },
        {
            "time": "26.01.2021 07:07",
            "open": "9.005",
            "high": "9.005",
            "low": "9.005",
            "close": "8.968"
        },
        {
            "time": "26.01.2021 07:10",
            "open": "8.968",
            "high": "8.968",
            "low": "8.968",
            "close": "8.964"
        },
        {
            "time": "26.01.2021 07:26",
            "open": "8.964",
            "high": "8.964",
            "low": "8.964",
            "close": "8.966"
        },
        {
            "time": "26.01.2021 07:30",
            "open": "8.966",
            "high": "8.966",
            "low": "8.966",
            "close": "8.966"
        },
        {
            "time": "26.01.2021 07:33",
            "open": "8.966",
            "high": "8.978",
            "low": "8.966",
            "close": "8.949"
        },
        {
            "time": "26.01.2021 07:36",
            "open": "8.949",
            "high": "8.949",
            "low": "8.909",
            "close": "8.903"
        },
        {
            "time": "26.01.2021 07:37",
            "open": "8.903",
            "high": "8.919",
            "low": "8.9",
            "close": "8.9"
        },
        {
            "time": "26.01.2021 07:38",
            "open": "8.9",
            "high": "8.905",
            "low": "8.9",
            "close": "8.902"
        },
        {
            "time": "26.01.2021 07:42",
            "open": "8.902",
            "high": "8.902",
            "low": "8.9",
            "close": "8.9"
        },
        {
            "time": "26.01.2021 07:43",
            "open": "8.9",
            "high": "8.9",
            "low": "8.9",
            "close": "8.91"
        },
        {
            "time": "26.01.2021 07:44",
            "open": "8.91",
            "high": "8.91",
            "low": "8.9",
            "close": "8.901"
        },
        {
            "time": "26.01.2021 07:45",
            "open": "8.901",
            "high": "8.901",
            "low": "8.9",
            "close": "8.919"
        },
        {
            "time": "26.01.2021 07:50",
            "open": "8.919",
            "high": "8.919",
            "low": "8.919",
            "close": "8.921"
        },
        {
            "time": "26.01.2021 07:53",
            "open": "8.921",
            "high": "8.921",
            "low": "8.921",
            "close": "8.92"
        },
        {
            "time": "26.01.2021 07:54",
            "open": "8.92",
            "high": "8.92",
            "low": "8.92",
            "close": "8.92"
        },
        {
            "time": "26.01.2021 07:58",
            "open": "8.92",
            "high": "8.92",
            "low": "8.92",
            "close": "8.89"
        },
        {
            "time": "26.01.2021 08:00",
            "open": "8.89",
            "high": "8.89",
            "low": "8.89",
            "close": "8.903"
        },
        {
            "time": "26.01.2021 08:04",
            "open": "8.903",
            "high": "8.908",
            "low": "8.879",
            "close": "8.871"
        },
        {
            "time": "26.01.2021 08:10",
            "open": "8.871",
            "high": "8.876",
            "low": "8.871",
            "close": "8.865"
        },
        {
            "time": "26.01.2021 08:32",
            "open": "8.865",
            "high": "8.865",
            "low": "8.865",
            "close": "8.853"
        },
        {
            "time": "26.01.2021 08:36",
            "open": "8.853",
            "high": "8.853",
            "low": "8.831",
            "close": "8.849"
        },
        {
            "time": "26.01.2021 08:37",
            "open": "8.849",
            "high": "8.849",
            "low": "8.849",
            "close": "8.85"
        },
        {
            "time": "26.01.2021 08:44",
            "open": "8.85",
            "high": "8.85",
            "low": "8.85",
            "close": "8.878"
        },
        {
            "time": "26.01.2021 08:50",
            "open": "8.878",
            "high": "8.881",
            "low": "8.878",
            "close": "8.908"
        },
        {
            "time": "26.01.2021 08:51",
            "open": "8.908",
            "high": "8.908",
            "low": "8.908",
            "close": "8.904"
        },
        {
            "time": "26.01.2021 08:53",
            "open": "8.904",
            "high": "8.905",
            "low": "8.904",
            "close": "8.904"
        },
        {
            "time": "26.01.2021 08:54",
            "open": "8.904",
            "high": "8.904",
            "low": "8.877",
            "close": "8.877"
        },
        {
            "time": "26.01.2021 08:55",
            "open": "8.877",
            "high": "8.906",
            "low": "8.867",
            "close": "8.879"
        },
        {
            "time": "26.01.2021 08:56",
            "open": "8.879",
            "high": "8.879",
            "low": "8.879",
            "close": "8.904"
        },
        {
            "time": "26.01.2021 08:57",
            "open": "8.904",
            "high": "8.904",
            "low": "8.879",
            "close": "8.906"
        },
        {
            "time": "26.01.2021 09:02",
            "open": "8.906",
            "high": "8.906",
            "low": "8.906",
            "close": "8.894"
        },
        {
            "time": "26.01.2021 09:04",
            "open": "8.894",
            "high": "8.894",
            "low": "8.856",
            "close": "8.883"
        },
        {
            "time": "26.01.2021 09:09",
            "open": "8.883",
            "high": "8.883",
            "low": "8.883",
            "close": "8.892"
        },
        {
            "time": "26.01.2021 09:17",
            "open": "8.892",
            "high": "8.892",
            "low": "8.892",
            "close": "8.894"
        },
        {
            "time": "26.01.2021 09:25",
            "open": "8.894",
            "high": "8.894",
            "low": "8.894",
            "close": "8.89"
        },
        {
            "time": "26.01.2021 09:31",
            "open": "8.89",
            "high": "8.89",
            "low": "8.89",
            "close": "8.898"
        },
        {
            "time": "26.01.2021 09:36",
            "open": "8.898",
            "high": "8.907",
            "low": "8.898",
            "close": "8.926"
        },
        {
            "time": "26.01.2021 09:40",
            "open": "8.926",
            "high": "8.926",
            "low": "8.926",
            "close": "8.913"
        },
        {
            "time": "26.01.2021 09:41",
            "open": "8.913",
            "high": "8.914",
            "low": "8.913",
            "close": "8.914"
        },
        {
            "time": "26.01.2021 09:44",
            "open": "8.914",
            "high": "8.915",
            "low": "8.914",
            "close": "8.911"
        },
        {
            "time": "26.01.2021 09:45",
            "open": "8.911",
            "high": "8.912",
            "low": "8.91",
            "close": "8.905"
        },
        {
            "time": "26.01.2021 09:49",
            "open": "8.905",
            "high": "8.905",
            "low": "8.905",
            "close": "8.923"
        },
        {
            "time": "26.01.2021 09:52",
            "open": "8.923",
            "high": "8.923",
            "low": "8.923",
            "close": "8.911"
        },
        {
            "time": "26.01.2021 09:53",
            "open": "8.911",
            "high": "8.911",
            "low": "8.911",
            "close": "8.905"
        },
        {
            "time": "26.01.2021 09:54",
            "open": "8.905",
            "high": "8.905",
            "low": "8.9",
            "close": "8.903"
        },
        {
            "time": "26.01.2021 09:55",
            "open": "8.903",
            "high": "8.919",
            "low": "8.903",
            "close": "8.945"
        },
        {
            "time": "26.01.2021 09:59",
            "open": "8.945",
            "high": "8.945",
            "low": "8.945",
            "close": "9.025"
        },
        {
            "time": "26.01.2021 10:04",
            "open": "9.025",
            "high": "9.025",
            "low": "9.025",
            "close": "8.969"
        },
        {
            "time": "26.01.2021 10:05",
            "open": "8.969",
            "high": "8.969",
            "low": "8.969",
            "close": "8.961"
        },
        {
            "time": "26.01.2021 10:12",
            "open": "8.961",
            "high": "8.961",
            "low": "8.961",
            "close": "8.915"
        },
        {
            "time": "26.01.2021 10:18",
            "open": "8.915",
            "high": "8.915",
            "low": "8.914",
            "close": "8.912"
        },
        {
            "time": "26.01.2021 10:19",
            "open": "8.912",
            "high": "8.913",
            "low": "8.912",
            "close": "8.913"
        },
        {
            "time": "26.01.2021 10:20",
            "open": "8.913",
            "high": "8.914",
            "low": "8.913",
            "close": "8.913"
        },
        {
            "time": "26.01.2021 10:21",
            "open": "8.913",
            "high": "8.915",
            "low": "8.913",
            "close": "8.911"
        },
        {
            "time": "26.01.2021 10:23",
            "open": "8.911",
            "high": "8.911",
            "low": "8.911",
            "close": "8.911"
        },
        {
            "time": "26.01.2021 10:27",
            "open": "8.911",
            "high": "8.911",
            "low": "8.911",
            "close": "8.889"
        },
        {
            "time": "26.01.2021 10:28",
            "open": "8.889",
            "high": "8.89",
            "low": "8.889",
            "close": "8.881"
        },
        {
            "time": "26.01.2021 10:30",
            "open": "8.881",
            "high": "8.881",
            "low": "8.881",
            "close": "8.944"
        },
        {
            "time": "26.01.2021 10:36",
            "open": "8.944",
            "high": "8.944",
            "low": "8.944",
            "close": "8.938"
        },
        {
            "time": "26.01.2021 10:38",
            "open": "8.938",
            "high": "8.938",
            "low": "8.938",
            "close": "8.85"
        },
        {
            "time": "26.01.2021 10:51",
            "open": "8.85",
            "high": "8.85",
            "low": "8.85",
            "close": "8.835"
        },
        {
            "time": "26.01.2021 10:52",
            "open": "8.835",
            "high": "8.835",
            "low": "8.835",
            "close": "8.832"
        },
        {
            "time": "26.01.2021 10:53",
            "open": "8.832",
            "high": "8.832",
            "low": "8.832",
            "close": "8.831"
        },
        {
            "time": "26.01.2021 10:59",
            "open": "8.831",
            "high": "8.831",
            "low": "8.818",
            "close": "8.901"
        },
        {
            "time": "26.01.2021 11:07",
            "open": "8.901",
            "high": "8.901",
            "low": "8.901",
            "close": "8.849"
        },
        {
            "time": "26.01.2021 11:14",
            "open": "8.849",
            "high": "8.849",
            "low": "8.849",
            "close": "8.904"
        },
        {
            "time": "26.01.2021 11:23",
            "open": "8.904",
            "high": "8.904",
            "low": "8.904",
            "close": "8.904"
        },
        {
            "time": "26.01.2021 11:24",
            "open": "8.904",
            "high": "8.909",
            "low": "8.904",
            "close": "8.909"
        },
        {
            "time": "26.01.2021 11:36",
            "open": "8.909",
            "high": "8.909",
            "low": "8.909",
            "close": "8.946"
        },
        {
            "time": "26.01.2021 11:44",
            "open": "8.946",
            "high": "8.946",
            "low": "8.946",
            "close": "8.955"
        },
        {
            "time": "26.01.2021 11:49",
            "open": "8.955",
            "high": "8.955",
            "low": "8.955",
            "close": "8.955"
        },
        {
            "time": "26.01.2021 12:10",
            "open": "8.955",
            "high": "8.955",
            "low": "8.955",
            "close": "8.953"
        },
        {
            "time": "26.01.2021 12:11",
            "open": "8.953",
            "high": "8.953",
            "low": "8.952",
            "close": "8.953"
        },
        {
            "time": "26.01.2021 12:13",
            "open": "8.953",
            "high": "8.953",
            "low": "8.953",
            "close": "8.952"
        },
        {
            "time": "26.01.2021 12:14",
            "open": "8.952",
            "high": "8.952",
            "low": "8.95",
            "close": "8.9"
        },
        {
            "time": "26.01.2021 12:26",
            "open": "8.9",
            "high": "8.9",
            "low": "8.9",
            "close": "8.85"
        },
        {
            "time": "26.01.2021 12:35",
            "open": "8.85",
            "high": "8.85",
            "low": "8.85",
            "close": "8.85"
        },
        {
            "time": "26.01.2021 12:47",
            "open": "8.85",
            "high": "8.85",
            "low": "8.85",
            "close": "8.83"
        },
        {
            "time": "26.01.2021 12:49",
            "open": "8.83",
            "high": "8.83",
            "low": "8.83",
            "close": "8.807"
        },
        {
            "time": "26.01.2021 12:50",
            "open": "8.807",
            "high": "8.807",
            "low": "8.8",
            "close": "8.8"
        },
        {
            "time": "26.01.2021 12:51",
            "open": "8.8",
            "high": "8.835",
            "low": "8.8",
            "close": "8.828"
        },
        {
            "time": "26.01.2021 12:56",
            "open": "8.828",
            "high": "8.828",
            "low": "8.828",
            "close": "8.825"
        },
        {
            "time": "26.01.2021 13:01",
            "open": "8.825",
            "high": "8.845",
            "low": "8.825",
            "close": "8.804"
        },
        {
            "time": "26.01.2021 13:06",
            "open": "8.804",
            "high": "8.804",
            "low": "8.804",
            "close": "8.805"
        },
        {
            "time": "26.01.2021 13:08",
            "open": "8.805",
            "high": "8.805",
            "low": "8.758",
            "close": "8.804"
        },
        {
            "time": "26.01.2021 13:21",
            "open": "8.804",
            "high": "8.805",
            "low": "8.804",
            "close": "8.799"
        },
        {
            "time": "26.01.2021 13:24",
            "open": "8.799",
            "high": "8.799",
            "low": "8.799",
            "close": "8.782"
        },
        {
            "time": "26.01.2021 13:26",
            "open": "8.782",
            "high": "8.819",
            "low": "8.782",
            "close": "8.788"
        },
        {
            "time": "26.01.2021 13:27",
            "open": "8.788",
            "high": "8.789",
            "low": "8.788",
            "close": "8.817"
        },
        {
            "time": "26.01.2021 13:31",
            "open": "8.817",
            "high": "8.817",
            "low": "8.817",
            "close": "8.817"
        },
        {
            "time": "26.01.2021 13:34",
            "open": "8.817",
            "high": "8.817",
            "low": "8.817",
            "close": "8.812"
        },
        {
            "time": "26.01.2021 13:35",
            "open": "8.812",
            "high": "8.812",
            "low": "8.812",
            "close": "8.823"
        },
        {
            "time": "26.01.2021 13:36",
            "open": "8.823",
            "high": "8.823",
            "low": "8.823",
            "close": "8.75"
        },
        {
            "time": "26.01.2021 13:51",
            "open": "8.75",
            "high": "8.75",
            "low": "8.738",
            "close": "8.738"
        },
        {
            "time": "26.01.2021 13:52",
            "open": "8.738",
            "high": "8.738",
            "low": "8.733",
            "close": "8.7"
        },
        {
            "time": "26.01.2021 13:55",
            "open": "8.7",
            "high": "8.7",
            "low": "8.665",
            "close": "8.684"
        },
        {
            "time": "26.01.2021 13:59",
            "open": "8.684",
            "high": "8.684",
            "low": "8.684",
            "close": "8.673"
        },
        {
            "time": "26.01.2021 14:05",
            "open": "8.673",
            "high": "8.673",
            "low": "8.673",
            "close": "8.639"
        },
        {
            "time": "26.01.2021 14:06",
            "open": "8.639",
            "high": "8.639",
            "low": "8.637",
            "close": "8.64"
        },
        {
            "time": "26.01.2021 14:09",
            "open": "8.64",
            "high": "8.7",
            "low": "8.64",
            "close": "8.637"
        },
        {
            "time": "26.01.2021 14:10",
            "open": "8.637",
            "high": "8.637",
            "low": "8.637",
            "close": "8.623"
        },
        {
            "time": "26.01.2021 14:11",
            "open": "8.623",
            "high": "8.623",
            "low": "8.623",
            "close": "8.602"
        },
        {
            "time": "26.01.2021 14:13",
            "open": "8.602",
            "high": "8.602",
            "low": "8.602",
            "close": "8.635"
        },
        {
            "time": "26.01.2021 14:14",
            "open": "8.635",
            "high": "8.635",
            "low": "8.635",
            "close": "8.636"
        },
        {
            "time": "26.01.2021 14:15",
            "open": "8.636",
            "high": "8.636",
            "low": "8.606",
            "close": "8.67"
        },
        {
            "time": "26.01.2021 14:17",
            "open": "8.67",
            "high": "8.67",
            "low": "8.67",
            "close": "8.649"
        },
        {
            "time": "26.01.2021 14:18",
            "open": "8.649",
            "high": "8.649",
            "low": "8.649",
            "close": "8.646"
        },
        {
            "time": "26.01.2021 14:21",
            "open": "8.646",
            "high": "8.646",
            "low": "8.646",
            "close": "8.617"
        },
        {
            "time": "26.01.2021 14:24",
            "open": "8.617",
            "high": "8.617",
            "low": "8.617",
            "close": "8.6"
        },
        {
            "time": "26.01.2021 14:27",
            "open": "8.6",
            "high": "8.6",
            "low": "8.6",
            "close": "8.619"
        },
        {
            "time": "26.01.2021 14:29",
            "open": "8.619",
            "high": "8.619",
            "low": "8.619",
            "close": "8.618"
        },
        {
            "time": "26.01.2021 14:32",
            "open": "8.618",
            "high": "8.618",
            "low": "8.618",
            "close": "8.616"
        },
        {
            "time": "26.01.2021 14:34",
            "open": "8.616",
            "high": "8.616",
            "low": "8.616",
            "close": "8.607"
        },
        {
            "time": "26.01.2021 14:35",
            "open": "8.607",
            "high": "8.608",
            "low": "8.607",
            "close": "8.6"
        },
        {
            "time": "26.01.2021 14:36",
            "open": "8.6",
            "high": "8.6",
            "low": "8.589",
            "close": "8.59"
        },
        {
            "time": "26.01.2021 14:39",
            "open": "8.59",
            "high": "8.59",
            "low": "8.59",
            "close": "8.604"
        },
        {
            "time": "26.01.2021 14:40",
            "open": "8.604",
            "high": "8.604",
            "low": "8.604",
            "close": "8.561"
        },
        {
            "time": "26.01.2021 14:42",
            "open": "8.561",
            "high": "8.594",
            "low": "8.56",
            "close": "8.555"
        },
        {
            "time": "26.01.2021 14:46",
            "open": "8.555",
            "high": "8.566",
            "low": "8.555",
            "close": "8.555"
        },
        {
            "time": "26.01.2021 14:48",
            "open": "8.555",
            "high": "8.555",
            "low": "8.555",
            "close": "8.574"
        },
        {
            "time": "26.01.2021 14:54",
            "open": "8.574",
            "high": "8.575",
            "low": "8.574",
            "close": "8.589"
        },
        {
            "time": "26.01.2021 14:57",
            "open": "8.589",
            "high": "8.589",
            "low": "8.589",
            "close": "8.594"
        },
        {
            "time": "26.01.2021 14:58",
            "open": "8.594",
            "high": "8.594",
            "low": "8.585",
            "close": "8.593"
        },
        {
            "time": "26.01.2021 14:59",
            "open": "8.593",
            "high": "8.593",
            "low": "8.593",
            "close": "8.588"
        },
        {
            "time": "26.01.2021 15:00",
            "open": "8.588",
            "high": "8.59",
            "low": "8.587",
            "close": "8.587"
        },
        {
            "time": "26.01.2021 15:01",
            "open": "8.587",
            "high": "8.587",
            "low": "8.585",
            "close": "8.588"
        },
        {
            "time": "26.01.2021 15:03",
            "open": "8.588",
            "high": "8.588",
            "low": "8.588",
            "close": "8.588"
        },
        {
            "time": "26.01.2021 15:04",
            "open": "8.588",
            "high": "8.588",
            "low": "8.587",
            "close": "8.594"
        },
        {
            "time": "26.01.2021 15:05",
            "open": "8.594",
            "high": "8.594",
            "low": "8.594",
            "close": "8.586"
        },
        {
            "time": "26.01.2021 15:08",
            "open": "8.586",
            "high": "8.593",
            "low": "8.586",
            "close": "8.588"
        },
        {
            "time": "26.01.2021 15:09",
            "open": "8.588",
            "high": "8.588",
            "low": "8.585",
            "close": "8.55"
        },
        {
            "time": "26.01.2021 15:17",
            "open": "8.55",
            "high": "8.55",
            "low": "8.55",
            "close": "8.582"
        },
        {
            "time": "26.01.2021 15:22",
            "open": "8.582",
            "high": "8.582",
            "low": "8.582",
            "close": "8.577"
        },
        {
            "time": "26.01.2021 15:25",
            "open": "8.577",
            "high": "8.577",
            "low": "8.562",
            "close": "8.563"
        },
        {
            "time": "26.01.2021 15:29",
            "open": "8.563",
            "high": "8.563",
            "low": "8.563",
            "close": "8.563"
        },
        {
            "time": "26.01.2021 15:30",
            "open": "8.563",
            "high": "8.563",
            "low": "8.563",
            "close": "8.56"
        },
        {
            "time": "26.01.2021 15:33",
            "open": "8.56",
            "high": "8.56",
            "low": "8.56",
            "close": "8.561"
        },
        {
            "time": "26.01.2021 15:37",
            "open": "8.561",
            "high": "8.561",
            "low": "8.561",
            "close": "8.533"
        },
        {
            "time": "26.01.2021 15:39",
            "open": "8.533",
            "high": "8.533",
            "low": "8.533",
            "close": "8.528"
        },
        {
            "time": "26.01.2021 15:41",
            "open": "8.528",
            "high": "8.528",
            "low": "8.528",
            "close": "8.519"
        },
        {
            "time": "26.01.2021 15:43",
            "open": "8.519",
            "high": "8.519",
            "low": "8.493",
            "close": "8.528"
        },
        {
            "time": "26.01.2021 15:44",
            "open": "8.528",
            "high": "8.528",
            "low": "8.528",
            "close": "8.486"
        },
        {
            "time": "26.01.2021 15:45",
            "open": "8.486",
            "high": "8.486",
            "low": "8.486",
            "close": "8.473"
        },
        {
            "time": "26.01.2021 15:47",
            "open": "8.473",
            "high": "8.473",
            "low": "8.472",
            "close": "8.461"
        },
        {
            "time": "26.01.2021 15:48",
            "open": "8.461",
            "high": "8.461",
            "low": "8.461",
            "close": "8.474"
        },
        {
            "time": "26.01.2021 15:49",
            "open": "8.474",
            "high": "8.476",
            "low": "8.473",
            "close": "8.473"
        },
        {
            "time": "26.01.2021 15:52",
            "open": "8.473",
            "high": "8.473",
            "low": "8.464",
            "close": "8.48"
        },
        {
            "time": "26.01.2021 15:58",
            "open": "8.48",
            "high": "8.48",
            "low": "8.465",
            "close": "8.465"
        },
        {
            "time": "26.01.2021 16:02",
            "open": "8.465",
            "high": "8.465",
            "low": "8.465",
            "close": "8.464"
        },
        {
            "time": "26.01.2021 16:04",
            "open": "8.464",
            "high": "8.464",
            "low": "8.464",
            "close": "8.465"
        },
        {
            "time": "26.01.2021 16:05",
            "open": "8.465",
            "high": "8.465",
            "low": "8.46",
            "close": "8.453"
        },
        {
            "time": "26.01.2021 16:06",
            "open": "8.453",
            "high": "8.476",
            "low": "8.453",
            "close": "8.496"
        },
        {
            "time": "26.01.2021 16:08",
            "open": "8.496",
            "high": "8.496",
            "low": "8.496",
            "close": "8.496"
        },
        {
            "time": "26.01.2021 16:09",
            "open": "8.496",
            "high": "8.496",
            "low": "8.496",
            "close": "8.496"
        },
        {
            "time": "26.01.2021 16:10",
            "open": "8.496",
            "high": "8.522",
            "low": "8.496",
            "close": "8.593"
        },
        {
            "time": "26.01.2021 16:16",
            "open": "8.593",
            "high": "8.641",
            "low": "8.577",
            "close": "8.678"
        },
        {
            "time": "26.01.2021 16:17",
            "open": "8.678",
            "high": "8.748",
            "low": "8.678",
            "close": "8.775"
        },
        {
            "time": "26.01.2021 16:19",
            "open": "8.775",
            "high": "8.775",
            "low": "8.775",
            "close": "8.774"
        },
        {
            "time": "26.01.2021 16:20",
            "open": "8.774",
            "high": "8.776",
            "low": "8.75",
            "close": "8.759"
        },
        {
            "time": "26.01.2021 16:22",
            "open": "8.759",
            "high": "8.92",
            "low": "8.759",
            "close": "8.75"
        },
        {
            "time": "26.01.2021 16:24",
            "open": "8.75",
            "high": "8.75",
            "low": "8.728",
            "close": "8.699"
        },
        {
            "time": "26.01.2021 16:25",
            "open": "8.699",
            "high": "8.699",
            "low": "8.699",
            "close": "8.592"
        },
        {
            "time": "26.01.2021 16:34",
            "open": "8.592",
            "high": "8.592",
            "low": "8.59",
            "close": "8.608"
        },
        {
            "time": "26.01.2021 16:36",
            "open": "8.608",
            "high": "8.609",
            "low": "8.608",
            "close": "8.699"
        },
        {
            "time": "26.01.2021 16:38",
            "open": "8.699",
            "high": "8.699",
            "low": "8.699",
            "close": "8.748"
        },
        {
            "time": "26.01.2021 16:39",
            "open": "8.748",
            "high": "8.748",
            "low": "8.748",
            "close": "8.759"
        },
        {
            "time": "26.01.2021 16:53",
            "open": "8.759",
            "high": "8.759",
            "low": "8.759",
            "close": "8.786"
        },
        {
            "time": "26.01.2021 16:59",
            "open": "8.786",
            "high": "8.786",
            "low": "8.786",
            "close": "8.846"
        },
        {
            "time": "26.01.2021 17:07",
            "open": "8.846",
            "high": "8.846",
            "low": "8.846",
            "close": "8.674"
        },
        {
            "time": "26.01.2021 17:17",
            "open": "8.674",
            "high": "8.674",
            "low": "8.657",
            "close": "8.65"
        },
        {
            "time": "26.01.2021 17:19",
            "open": "8.65",
            "high": "8.65",
            "low": "8.65",
            "close": "8.805"
        },
        {
            "time": "26.01.2021 17:29",
            "open": "8.805",
            "high": "8.805",
            "low": "8.805",
            "close": "8.727"
        },
        {
            "time": "26.01.2021 17:31",
            "open": "8.727",
            "high": "8.727",
            "low": "8.727",
            "close": "8.718"
        },
        {
            "time": "26.01.2021 17:35",
            "open": "8.718",
            "high": "8.718",
            "low": "8.718",
            "close": "8.834"
        },
        {
            "time": "26.01.2021 17:43",
            "open": "8.834",
            "high": "8.834",
            "low": "8.834",
            "close": "8.839"
        },
        {
            "time": "26.01.2021 17:46",
            "open": "8.839",
            "high": "8.843",
            "low": "8.839",
            "close": "8.843"
        },
        {
            "time": "26.01.2021 17:47",
            "open": "8.843",
            "high": "8.851",
            "low": "8.843",
            "close": "8.896"
        },
        {
            "time": "26.01.2021 17:49",
            "open": "8.896",
            "high": "8.916",
            "low": "8.896",
            "close": "8.884"
        },
        {
            "time": "26.01.2021 17:55",
            "open": "8.884",
            "high": "8.898",
            "low": "8.884",
            "close": "8.89"
        },
        {
            "time": "26.01.2021 17:57",
            "open": "8.89",
            "high": "8.89",
            "low": "8.89",
            "close": "8.921"
        },
        {
            "time": "26.01.2021 17:59",
            "open": "8.921",
            "high": "8.925",
            "low": "8.921",
            "close": "8.946"
        },
        {
            "time": "26.01.2021 18:00",
            "open": "8.946",
            "high": "8.946",
            "low": "8.946",
            "close": "8.943"
        },
        {
            "time": "26.01.2021 18:07",
            "open": "8.943",
            "high": "8.943",
            "low": "8.943",
            "close": "8.943"
        },
        {
            "time": "26.01.2021 18:15",
            "open": "8.943",
            "high": "8.943",
            "low": "8.943",
            "close": "8.954"
        },
        {
            "time": "26.01.2021 18:17",
            "open": "8.954",
            "high": "8.954",
            "low": "8.944",
            "close": "8.953"
        },
        {
            "time": "26.01.2021 18:24",
            "open": "8.953",
            "high": "8.953",
            "low": "8.953",
            "close": "8.965"
        },
        {
            "time": "26.01.2021 18:25",
            "open": "8.965",
            "high": "8.965",
            "low": "8.965",
            "close": "8.967"
        },
        {
            "time": "26.01.2021 18:30",
            "open": "8.967",
            "high": "8.967",
            "low": "8.967",
            "close": "8.967"
        },
        {
            "time": "26.01.2021 18:35",
            "open": "8.967",
            "high": "8.974",
            "low": "8.967",
            "close": "8.944"
        },
        {
            "time": "26.01.2021 18:53",
            "open": "8.944",
            "high": "8.946",
            "low": "8.944",
            "close": "8.921"
        },
        {
            "time": "26.01.2021 18:54",
            "open": "8.921",
            "high": "9.003",
            "low": "8.92",
            "close": "8.987"
        },
        {
            "time": "26.01.2021 18:55",
            "open": "8.987",
            "high": "8.987",
            "low": "8.987",
            "close": "8.955"
        },
        {
            "time": "26.01.2021 18:59",
            "open": "8.955",
            "high": "8.955",
            "low": "8.955",
            "close": "8.939"
        },
        {
            "time": "26.01.2021 19:16",
            "open": "8.939",
            "high": "8.939",
            "low": "8.935",
            "close": "8.958"
        },
        {
            "time": "26.01.2021 19:31",
            "open": "8.958",
            "high": "8.958",
            "low": "8.958",
            "close": "8.949"
        },
        {
            "time": "26.01.2021 19:37",
            "open": "8.949",
            "high": "8.949",
            "low": "8.949",
            "close": "8.909"
        },
        {
            "time": "26.01.2021 19:40",
            "open": "8.909",
            "high": "8.909",
            "low": "8.87",
            "close": "8.875"
        },
        {
            "time": "26.01.2021 19:51",
            "open": "8.885",
            "high": "8.885",
            "low": "8.885",
            "close": "8.885"
        },
        {
            "time": "26.01.2021 20:12",
            "open": "8.885",
            "high": "8.885",
            "low": "8.885",
            "close": "8.884"
        },
        {
            "time": "26.01.2021 20:16",
            "open": "8.884",
            "high": "8.885",
            "low": "8.884",
            "close": "8.885"
        },
        {
            "time": "26.01.2021 20:18",
            "open": "8.885",
            "high": "8.885",
            "low": "8.885",
            "close": "8.925"
        },
        {
            "time": "26.01.2021 20:22",
            "open": "8.925",
            "high": "8.925",
            "low": "8.925",
            "close": "8.916"
        },
        {
            "time": "26.01.2021 20:27",
            "open": "8.916",
            "high": "8.916",
            "low": "8.916",
            "close": "8.935"
        },
        {
            "time": "26.01.2021 20:28",
            "open": "8.935",
            "high": "8.935",
            "low": "8.935",
            "close": "8.956"
        },
        {
            "time": "26.01.2021 20:32",
            "open": "8.956",
            "high": "8.956",
            "low": "8.956",
            "close": "8.912"
        },
        {
            "time": "26.01.2021 20:33",
            "open": "8.912",
            "high": "8.912",
            "low": "8.911",
            "close": "8.913"
        },
        {
            "time": "26.01.2021 20:38",
            "open": "8.913",
            "high": "8.913",
            "low": "8.913",
            "close": "8.92"
        },
        {
            "time": "26.01.2021 20:53",
            "open": "8.92",
            "high": "8.92",
            "low": "8.92",
            "close": "8.929"
        },
        {
            "time": "26.01.2021 21:03",
            "open": "8.929",
            "high": "8.93",
            "low": "8.929",
            "close": "8.929"
        },
        {
            "time": "26.01.2021 21:06",
            "open": "8.929",
            "high": "8.929",
            "low": "8.929",
            "close": "8.897"
        },
        {
            "time": "26.01.2021 21:09",
            "open": "8.897",
            "high": "8.898",
            "low": "8.897",
            "close": "8.904"
        },
        {
            "time": "26.01.2021 21:11",
            "open": "8.904",
            "high": "8.904",
            "low": "8.904",
            "close": "8.878"
        },
        {
            "time": "26.01.2021 21:22",
            "open": "8.878",
            "high": "8.878",
            "low": "8.878",
            "close": "8.877"
        },
        {
            "time": "26.01.2021 21:23",
            "open": "8.877",
            "high": "8.877",
            "low": "8.877",
            "close": "8.855"
        },
        {
            "time": "26.01.2021 21:35",
            "open": "8.855",
            "high": "8.855",
            "low": "8.855",
            "close": "8.807"
        },
        {
            "time": "26.01.2021 21:49",
            "open": "8.807",
            "high": "8.807",
            "low": "8.807",
            "close": "8.798"
        },
        {
            "time": "26.01.2021 22:03",
            "open": "8.798",
            "high": "8.798",
            "low": "8.756",
            "close": "8.783"
        },
        {
            "time": "26.01.2021 22:07",
            "open": "8.783",
            "high": "8.785",
            "low": "8.783",
            "close": "8.797"
        },
        {
            "time": "26.01.2021 22:11",
            "open": "8.797",
            "high": "8.798",
            "low": "8.797",
            "close": "8.771"
        },
        {
            "time": "26.01.2021 22:16",
            "open": "8.771",
            "high": "8.771",
            "low": "8.771",
            "close": "8.804"
        },
        {
            "time": "26.01.2021 22:23",
            "open": "8.804",
            "high": "8.805",
            "low": "8.804",
            "close": "8.817"
        },
        {
            "time": "26.01.2021 22:31",
            "open": "8.817",
            "high": "8.817",
            "low": "8.817",
            "close": "8.856"
        },
        {
            "time": "26.01.2021 22:32",
            "open": "8.856",
            "high": "8.856",
            "low": "8.855",
            "close": "8.856"
        },
        {
            "time": "26.01.2021 22:36",
            "open": "8.856",
            "high": "8.856",
            "low": "8.855",
            "close": "8.856"
        },
        {
            "time": "26.01.2021 22:37",
            "open": "8.856",
            "high": "8.856",
            "low": "8.856",
            "close": "8.855"
        },
        {
            "time": "26.01.2021 22:38",
            "open": "8.855",
            "high": "8.855",
            "low": "8.855",
            "close": "8.834"
        },
        {
            "time": "26.01.2021 22:45",
            "open": "8.834",
            "high": "8.834",
            "low": "8.834",
            "close": "8.831"
        },
        {
            "time": "26.01.2021 22:54",
            "open": "8.831",
            "high": "8.831",
            "low": "8.831",
            "close": "8.853"
        },
        {
            "time": "26.01.2021 23:04",
            "open": "8.853",
            "high": "8.853",
            "low": "8.853",
            "close": "8.835"
        },
        {
            "time": "26.01.2021 23:07",
            "open": "8.835",
            "high": "8.835",
            "low": "8.835",
            "close": "8.813"
        },
        {
            "time": "26.01.2021 23:08",
            "open": "8.813",
            "high": "8.813",
            "low": "8.813",
            "close": "8.843"
        },
        {
            "time": "26.01.2021 23:13",
            "open": "8.843",
            "high": "8.843",
            "low": "8.843",
            "close": "8.847"
        },
        {
            "time": "26.01.2021 23:14",
            "open": "8.847",
            "high": "8.847",
            "low": "8.847",
            "close": "8.842"
        },
        {
            "time": "26.01.2021 23:16",
            "open": "8.842",
            "high": "8.842",
            "low": "8.842",
            "close": "8.868"
        },
        {
            "time": "26.01.2021 23:17",
            "open": "8.868",
            "high": "8.868",
            "low": "8.868",
            "close": "8.831"
        },
        {
            "time": "26.01.2021 23:21",
            "open": "8.831",
            "high": "8.831",
            "low": "8.831",
            "close": "8.824"
        },
        {
            "time": "26.01.2021 23:35",
            "open": "8.824",
            "high": "8.824",
            "low": "8.824",
            "close": "8.844"
        },
        {
            "time": "26.01.2021 23:37",
            "open": "8.844",
            "high": "8.845",
            "low": "8.844",
            "close": "8.834"
        },
        {
            "time": "26.01.2021 23:39",
            "open": "8.834",
            "high": "8.834",
            "low": "8.833",
            "close": "8.83"
        },
        {
            "time": "26.01.2021 23:44",
            "open": "8.83",
            "high": "8.83",
            "low": "8.83",
            "close": "8.854"
        },
        {
            "time": "26.01.2021 23:48",
            "open": "8.854",
            "high": "8.854",
            "low": "8.854",
            "close": "8.866"
        },
        {
            "time": "26.01.2021 23:55",
            "open": "8.866",
            "high": "8.866",
            "low": "8.866",
            "close": "8.93"
        }
    ]
}