{
    "UMA-EUR": [
        {
            "time": "14.03.2021 23:52",
            "open": "20.288",
            "high": "20.288",
            "low": "20.288",
            "close": "20.345"
        },
        {
            "time": "15.03.2021 00:00",
            "open": "20.345",
            "high": "20.345",
            "low": "20.345",
            "close": "20.353"
        },
        {
            "time": "15.03.2021 00:02",
            "open": "20.353",
            "high": "20.353",
            "low": "20.349",
            "close": "20.458"
        },
        {
            "time": "15.03.2021 00:11",
            "open": "20.458",
            "high": "20.458",
            "low": "20.458",
            "close": "20.503"
        },
        {
            "time": "15.03.2021 00:12",
            "open": "20.503",
            "high": "20.503",
            "low": "20.503",
            "close": "20.468"
        },
        {
            "time": "15.03.2021 00:14",
            "open": "20.468",
            "high": "20.498",
            "low": "20.458",
            "close": "20.503"
        },
        {
            "time": "15.03.2021 00:17",
            "open": "20.503",
            "high": "20.503",
            "low": "20.503",
            "close": "20.513"
        },
        {
            "time": "15.03.2021 00:21",
            "open": "20.513",
            "high": "20.513",
            "low": "20.513",
            "close": "20.513"
        },
        {
            "time": "15.03.2021 00:25",
            "open": "20.513",
            "high": "20.513",
            "low": "20.491",
            "close": "20.56"
        },
        {
            "time": "15.03.2021 00:28",
            "open": "20.56",
            "high": "20.582",
            "low": "20.56",
            "close": "20.581"
        },
        {
            "time": "15.03.2021 00:33",
            "open": "20.581",
            "high": "20.581",
            "low": "20.581",
            "close": "20.582"
        },
        {
            "time": "15.03.2021 00:35",
            "open": "20.582",
            "high": "20.582",
            "low": "20.582",
            "close": "20.582"
        },
        {
            "time": "15.03.2021 00:39",
            "open": "20.582",
            "high": "20.582",
            "low": "20.582",
            "close": "20.651"
        },
        {
            "time": "15.03.2021 00:41",
            "open": "20.651",
            "high": "20.679",
            "low": "20.651",
            "close": "20.604"
        },
        {
            "time": "15.03.2021 00:45",
            "open": "20.604",
            "high": "20.604",
            "low": "20.604",
            "close": "20.4"
        },
        {
            "time": "15.03.2021 00:49",
            "open": "20.4",
            "high": "20.4",
            "low": "20.4",
            "close": "20.369"
        },
        {
            "time": "15.03.2021 00:51",
            "open": "20.369",
            "high": "20.393",
            "low": "20.369",
            "close": "20.405"
        },
        {
            "time": "15.03.2021 00:52",
            "open": "20.405",
            "high": "20.421",
            "low": "20.405",
            "close": "20.362"
        },
        {
            "time": "15.03.2021 00:53",
            "open": "20.362",
            "high": "20.362",
            "low": "20.362",
            "close": "20.334"
        },
        {
            "time": "15.03.2021 00:56",
            "open": "20.334",
            "high": "20.334",
            "low": "20.289",
            "close": "20.299"
        },
        {
            "time": "15.03.2021 00:58",
            "open": "20.299",
            "high": "20.299",
            "low": "20.268",
            "close": "20.243"
        },
        {
            "time": "15.03.2021 01:00",
            "open": "20.243",
            "high": "20.243",
            "low": "20.243",
            "close": "20.253"
        },
        {
            "time": "15.03.2021 01:04",
            "open": "20.253",
            "high": "20.253",
            "low": "20.253",
            "close": "20.389"
        },
        {
            "time": "15.03.2021 01:09",
            "open": "20.389",
            "high": "20.389",
            "low": "20.389",
            "close": "20.463"
        },
        {
            "time": "15.03.2021 01:19",
            "open": "20.463",
            "high": "20.463",
            "low": "20.463",
            "close": "20.475"
        },
        {
            "time": "15.03.2021 01:32",
            "open": "20.475",
            "high": "20.475",
            "low": "20.475",
            "close": "20.446"
        },
        {
            "time": "15.03.2021 01:34",
            "open": "20.446",
            "high": "20.446",
            "low": "20.446",
            "close": "20.488"
        },
        {
            "time": "15.03.2021 01:35",
            "open": "20.488",
            "high": "20.488",
            "low": "20.488",
            "close": "20.426"
        },
        {
            "time": "15.03.2021 01:54",
            "open": "20.426",
            "high": "20.426",
            "low": "20.426",
            "close": "20.39"
        },
        {
            "time": "15.03.2021 01:59",
            "open": "20.39",
            "high": "20.39",
            "low": "20.39",
            "close": "20.389"
        },
        {
            "time": "15.03.2021 02:00",
            "open": "20.389",
            "high": "20.389",
            "low": "20.351",
            "close": "20.446"
        },
        {
            "time": "15.03.2021 02:01",
            "open": "20.446",
            "high": "20.446",
            "low": "20.446",
            "close": "20.345"
        },
        {
            "time": "15.03.2021 02:09",
            "open": "20.345",
            "high": "20.345",
            "low": "20.345",
            "close": "20.492"
        },
        {
            "time": "15.03.2021 02:25",
            "open": "20.492",
            "high": "20.492",
            "low": "20.492",
            "close": "20.53"
        },
        {
            "time": "15.03.2021 02:27",
            "open": "20.53",
            "high": "20.576",
            "low": "20.53",
            "close": "20.623"
        },
        {
            "time": "15.03.2021 02:29",
            "open": "20.623",
            "high": "20.623",
            "low": "20.623",
            "close": "20.643"
        },
        {
            "time": "15.03.2021 02:36",
            "open": "20.643",
            "high": "20.658",
            "low": "20.643",
            "close": "20.647"
        },
        {
            "time": "15.03.2021 02:48",
            "open": "20.647",
            "high": "20.647",
            "low": "20.647",
            "close": "20.599"
        },
        {
            "time": "15.03.2021 02:51",
            "open": "20.599",
            "high": "20.599",
            "low": "20.599",
            "close": "20.574"
        },
        {
            "time": "15.03.2021 02:52",
            "open": "20.574",
            "high": "20.574",
            "low": "20.574",
            "close": "20.56"
        },
        {
            "time": "15.03.2021 02:58",
            "open": "20.56",
            "high": "20.56",
            "low": "20.535",
            "close": "20.54"
        },
        {
            "time": "15.03.2021 02:59",
            "open": "20.54",
            "high": "20.54",
            "low": "20.537",
            "close": "20.614"
        },
        {
            "time": "15.03.2021 03:16",
            "open": "20.614",
            "high": "20.614",
            "low": "20.606",
            "close": "20.606"
        },
        {
            "time": "15.03.2021 03:44",
            "open": "20.606",
            "high": "20.629",
            "low": "20.606",
            "close": "20.694"
        },
        {
            "time": "15.03.2021 03:45",
            "open": "20.694",
            "high": "20.748",
            "low": "20.694",
            "close": "20.754"
        },
        {
            "time": "15.03.2021 03:56",
            "open": "20.754",
            "high": "20.754",
            "low": "20.754",
            "close": "20.752"
        },
        {
            "time": "15.03.2021 03:57",
            "open": "20.752",
            "high": "20.752",
            "low": "20.735",
            "close": "20.707"
        },
        {
            "time": "15.03.2021 03:58",
            "open": "20.707",
            "high": "20.707",
            "low": "20.707",
            "close": "20.601"
        },
        {
            "time": "15.03.2021 04:14",
            "open": "20.601",
            "high": "20.601",
            "low": "20.601",
            "close": "20.544"
        },
        {
            "time": "15.03.2021 04:17",
            "open": "20.544",
            "high": "20.544",
            "low": "20.524",
            "close": "20.548"
        },
        {
            "time": "15.03.2021 04:19",
            "open": "20.548",
            "high": "20.548",
            "low": "20.548",
            "close": "20.537"
        },
        {
            "time": "15.03.2021 04:20",
            "open": "20.537",
            "high": "20.537",
            "low": "20.537",
            "close": "20.344"
        },
        {
            "time": "15.03.2021 04:49",
            "open": "20.344",
            "high": "20.344",
            "low": "20.344",
            "close": "20.518"
        },
        {
            "time": "15.03.2021 05:19",
            "open": "20.518",
            "high": "20.557",
            "low": "20.518",
            "close": "20.344"
        },
        {
            "time": "15.03.2021 05:34",
            "open": "20.344",
            "high": "20.344",
            "low": "20.344",
            "close": "20.411"
        },
        {
            "time": "15.03.2021 05:37",
            "open": "20.411",
            "high": "20.411",
            "low": "20.403",
            "close": "20.403"
        },
        {
            "time": "15.03.2021 05:41",
            "open": "20.403",
            "high": "20.403",
            "low": "20.401",
            "close": "20.353"
        },
        {
            "time": "15.03.2021 06:01",
            "open": "20.353",
            "high": "20.36",
            "low": "20.353",
            "close": "20.358"
        },
        {
            "time": "15.03.2021 06:09",
            "open": "20.358",
            "high": "20.358",
            "low": "20.357",
            "close": "20.405"
        },
        {
            "time": "15.03.2021 06:11",
            "open": "20.405",
            "high": "20.405",
            "low": "20.405",
            "close": "20.461"
        },
        {
            "time": "15.03.2021 06:17",
            "open": "20.461",
            "high": "20.461",
            "low": "20.461",
            "close": "20.497"
        },
        {
            "time": "15.03.2021 06:19",
            "open": "20.497",
            "high": "20.742",
            "low": "20.497",
            "close": "20.679"
        },
        {
            "time": "15.03.2021 06:20",
            "open": "20.679",
            "high": "20.679",
            "low": "20.627",
            "close": "20.641"
        },
        {
            "time": "15.03.2021 06:21",
            "open": "20.641",
            "high": "20.641",
            "low": "20.641",
            "close": "20.651"
        },
        {
            "time": "15.03.2021 06:22",
            "open": "20.651",
            "high": "20.651",
            "low": "20.65",
            "close": "20.461"
        },
        {
            "time": "15.03.2021 06:27",
            "open": "20.461",
            "high": "20.461",
            "low": "20.38",
            "close": "20.371"
        },
        {
            "time": "15.03.2021 06:30",
            "open": "20.371",
            "high": "20.371",
            "low": "20.371",
            "close": "20.449"
        },
        {
            "time": "15.03.2021 07:04",
            "open": "20.449",
            "high": "20.449",
            "low": "20.449",
            "close": "20.451"
        },
        {
            "time": "15.03.2021 07:05",
            "open": "20.451",
            "high": "20.451",
            "low": "20.451",
            "close": "20.467"
        },
        {
            "time": "15.03.2021 07:08",
            "open": "20.467",
            "high": "20.467",
            "low": "20.467",
            "close": "20.334"
        },
        {
            "time": "15.03.2021 07:23",
            "open": "20.334",
            "high": "20.334",
            "low": "20.219",
            "close": "20.25"
        },
        {
            "time": "15.03.2021 07:24",
            "open": "20.25",
            "high": "20.254",
            "low": "20.25",
            "close": "20.202"
        },
        {
            "time": "15.03.2021 07:34",
            "open": "20.202",
            "high": "20.202",
            "low": "20.202",
            "close": "20.123"
        },
        {
            "time": "15.03.2021 07:36",
            "open": "20.123",
            "high": "20.123",
            "low": "20.118",
            "close": "20.077"
        },
        {
            "time": "15.03.2021 07:40",
            "open": "20.077",
            "high": "20.077",
            "low": "19.986",
            "close": "19.963"
        },
        {
            "time": "15.03.2021 07:41",
            "open": "19.963",
            "high": "19.963",
            "low": "19.944",
            "close": "19.862"
        },
        {
            "time": "15.03.2021 07:43",
            "open": "19.862",
            "high": "19.929",
            "low": "19.862",
            "close": "19.908"
        },
        {
            "time": "15.03.2021 07:44",
            "open": "19.908",
            "high": "19.963",
            "low": "19.908",
            "close": "19.91"
        },
        {
            "time": "15.03.2021 07:54",
            "open": "19.91",
            "high": "19.91",
            "low": "19.857",
            "close": "19.827"
        },
        {
            "time": "15.03.2021 07:55",
            "open": "19.827",
            "high": "19.851",
            "low": "19.794",
            "close": "19.807"
        },
        {
            "time": "15.03.2021 07:58",
            "open": "19.807",
            "high": "19.808",
            "low": "19.807",
            "close": "19.878"
        },
        {
            "time": "15.03.2021 07:59",
            "open": "19.878",
            "high": "19.878",
            "low": "19.878",
            "close": "19.801"
        },
        {
            "time": "15.03.2021 08:02",
            "open": "19.801",
            "high": "19.801",
            "low": "19.801",
            "close": "19.849"
        },
        {
            "time": "15.03.2021 08:03",
            "open": "19.849",
            "high": "19.862",
            "low": "19.849",
            "close": "19.8"
        },
        {
            "time": "15.03.2021 08:05",
            "open": "19.8",
            "high": "19.8",
            "low": "19.712",
            "close": "19.7"
        },
        {
            "time": "15.03.2021 08:06",
            "open": "19.7",
            "high": "19.7",
            "low": "19.7",
            "close": "19.699"
        },
        {
            "time": "15.03.2021 08:07",
            "open": "19.699",
            "high": "19.699",
            "low": "19.647",
            "close": "19.695"
        },
        {
            "time": "15.03.2021 08:09",
            "open": "19.695",
            "high": "19.695",
            "low": "19.695",
            "close": "19.587"
        },
        {
            "time": "15.03.2021 08:12",
            "open": "19.587",
            "high": "19.587",
            "low": "19.579",
            "close": "19.596"
        },
        {
            "time": "15.03.2021 08:13",
            "open": "19.596",
            "high": "19.596",
            "low": "19.596",
            "close": "19.573"
        },
        {
            "time": "15.03.2021 08:14",
            "open": "19.573",
            "high": "19.573",
            "low": "19.568",
            "close": "19.567"
        },
        {
            "time": "15.03.2021 08:16",
            "open": "19.567",
            "high": "19.567",
            "low": "19.567",
            "close": "19.538"
        },
        {
            "time": "15.03.2021 08:17",
            "open": "19.538",
            "high": "19.538",
            "low": "19.375",
            "close": "19.381"
        },
        {
            "time": "15.03.2021 08:18",
            "open": "19.381",
            "high": "19.381",
            "low": "19.37",
            "close": "19.333"
        },
        {
            "time": "15.03.2021 08:20",
            "open": "19.333",
            "high": "19.362",
            "low": "19.333",
            "close": "19.327"
        },
        {
            "time": "15.03.2021 08:21",
            "open": "19.327",
            "high": "19.37",
            "low": "19.327",
            "close": "19.355"
        },
        {
            "time": "15.03.2021 08:22",
            "open": "19.355",
            "high": "19.381",
            "low": "19.341",
            "close": "19.32"
        },
        {
            "time": "15.03.2021 08:23",
            "open": "19.32",
            "high": "19.32",
            "low": "19.32",
            "close": "19.289"
        },
        {
            "time": "15.03.2021 08:26",
            "open": "19.289",
            "high": "19.366",
            "low": "19.289",
            "close": "19.6"
        },
        {
            "time": "15.03.2021 08:28",
            "open": "19.6",
            "high": "19.6",
            "low": "19.6",
            "close": "19.611"
        },
        {
            "time": "15.03.2021 08:29",
            "open": "19.611",
            "high": "19.611",
            "low": "19.611",
            "close": "19.593"
        },
        {
            "time": "15.03.2021 08:30",
            "open": "19.593",
            "high": "19.593",
            "low": "19.59",
            "close": "19.593"
        },
        {
            "time": "15.03.2021 08:31",
            "open": "19.593",
            "high": "19.593",
            "low": "19.593",
            "close": "19.673"
        },
        {
            "time": "15.03.2021 08:32",
            "open": "19.673",
            "high": "19.673",
            "low": "19.673",
            "close": "19.699"
        },
        {
            "time": "15.03.2021 08:33",
            "open": "19.699",
            "high": "19.699",
            "low": "19.699",
            "close": "19.79"
        },
        {
            "time": "15.03.2021 08:34",
            "open": "19.79",
            "high": "19.823",
            "low": "19.79",
            "close": "19.856"
        },
        {
            "time": "15.03.2021 08:35",
            "open": "19.856",
            "high": "19.857",
            "low": "19.856",
            "close": "19.739"
        },
        {
            "time": "15.03.2021 08:36",
            "open": "19.739",
            "high": "19.744",
            "low": "19.739",
            "close": "19.685"
        },
        {
            "time": "15.03.2021 08:38",
            "open": "19.685",
            "high": "19.685",
            "low": "19.685",
            "close": "19.731"
        },
        {
            "time": "15.03.2021 08:39",
            "open": "19.731",
            "high": "19.737",
            "low": "19.731",
            "close": "19.763"
        },
        {
            "time": "15.03.2021 08:40",
            "open": "19.763",
            "high": "19.763",
            "low": "19.763",
            "close": "19.86"
        },
        {
            "time": "15.03.2021 08:41",
            "open": "19.86",
            "high": "19.86",
            "low": "19.86",
            "close": "19.874"
        },
        {
            "time": "15.03.2021 08:44",
            "open": "19.874",
            "high": "19.874",
            "low": "19.856",
            "close": "19.851"
        },
        {
            "time": "15.03.2021 08:45",
            "open": "19.851",
            "high": "19.851",
            "low": "19.851",
            "close": "19.797"
        },
        {
            "time": "15.03.2021 08:47",
            "open": "19.797",
            "high": "19.797",
            "low": "19.797",
            "close": "19.725"
        },
        {
            "time": "15.03.2021 08:48",
            "open": "19.725",
            "high": "19.76",
            "low": "19.725",
            "close": "19.724"
        },
        {
            "time": "15.03.2021 08:49",
            "open": "19.724",
            "high": "19.724",
            "low": "19.724",
            "close": "19.721"
        },
        {
            "time": "15.03.2021 08:50",
            "open": "19.721",
            "high": "19.738",
            "low": "19.646",
            "close": "19.634"
        },
        {
            "time": "15.03.2021 08:51",
            "open": "19.634",
            "high": "19.674",
            "low": "19.634",
            "close": "19.689"
        },
        {
            "time": "15.03.2021 08:54",
            "open": "19.689",
            "high": "19.689",
            "low": "19.689",
            "close": "19.689"
        },
        {
            "time": "15.03.2021 08:55",
            "open": "19.689",
            "high": "19.689",
            "low": "19.689",
            "close": "19.689"
        },
        {
            "time": "15.03.2021 08:56",
            "open": "19.689",
            "high": "19.689",
            "low": "19.689",
            "close": "19.5"
        },
        {
            "time": "15.03.2021 09:01",
            "open": "19.5",
            "high": "19.534",
            "low": "19.5",
            "close": "19.551"
        },
        {
            "time": "15.03.2021 09:02",
            "open": "19.551",
            "high": "19.552",
            "low": "19.551",
            "close": "19.627"
        },
        {
            "time": "15.03.2021 09:04",
            "open": "19.627",
            "high": "19.627",
            "low": "19.619",
            "close": "19.733"
        },
        {
            "time": "15.03.2021 09:06",
            "open": "19.733",
            "high": "19.733",
            "low": "19.733",
            "close": "19.733"
        },
        {
            "time": "15.03.2021 09:07",
            "open": "19.733",
            "high": "19.733",
            "low": "19.733",
            "close": "19.734"
        },
        {
            "time": "15.03.2021 09:10",
            "open": "19.734",
            "high": "19.754",
            "low": "19.734",
            "close": "19.599"
        },
        {
            "time": "15.03.2021 09:11",
            "open": "19.599",
            "high": "19.599",
            "low": "19.599",
            "close": "19.552"
        },
        {
            "time": "15.03.2021 09:17",
            "open": "19.552",
            "high": "19.552",
            "low": "19.552",
            "close": "19.556"
        },
        {
            "time": "15.03.2021 09:18",
            "open": "19.556",
            "high": "19.556",
            "low": "19.556",
            "close": "19.587"
        },
        {
            "time": "15.03.2021 09:21",
            "open": "19.587",
            "high": "19.587",
            "low": "19.587",
            "close": "19.642"
        },
        {
            "time": "15.03.2021 09:24",
            "open": "19.642",
            "high": "19.642",
            "low": "19.642",
            "close": "19.673"
        },
        {
            "time": "15.03.2021 09:28",
            "open": "19.673",
            "high": "19.715",
            "low": "19.658",
            "close": "19.699"
        },
        {
            "time": "15.03.2021 09:30",
            "open": "19.699",
            "high": "19.699",
            "low": "19.656",
            "close": "19.568"
        },
        {
            "time": "15.03.2021 09:32",
            "open": "19.568",
            "high": "19.568",
            "low": "19.568",
            "close": "19.5"
        },
        {
            "time": "15.03.2021 09:34",
            "open": "19.5",
            "high": "19.5",
            "low": "19.5",
            "close": "19.5"
        },
        {
            "time": "15.03.2021 09:35",
            "open": "19.5",
            "high": "19.5",
            "low": "19.5",
            "close": "19.436"
        },
        {
            "time": "15.03.2021 09:36",
            "open": "19.436",
            "high": "19.436",
            "low": "19.436",
            "close": "19.42"
        },
        {
            "time": "15.03.2021 09:43",
            "open": "19.42",
            "high": "19.42",
            "low": "19.42",
            "close": "19.414"
        },
        {
            "time": "15.03.2021 09:47",
            "open": "19.414",
            "high": "19.414",
            "low": "19.414",
            "close": "19.41"
        },
        {
            "time": "15.03.2021 09:48",
            "open": "19.41",
            "high": "19.413",
            "low": "19.41",
            "close": "19.382"
        },
        {
            "time": "15.03.2021 09:50",
            "open": "19.382",
            "high": "19.382",
            "low": "19.366",
            "close": "19.344"
        },
        {
            "time": "15.03.2021 09:51",
            "open": "19.344",
            "high": "19.344",
            "low": "19.281",
            "close": "19.27"
        },
        {
            "time": "15.03.2021 09:52",
            "open": "19.27",
            "high": "19.294",
            "low": "19.27",
            "close": "19.279"
        },
        {
            "time": "15.03.2021 09:54",
            "open": "19.279",
            "high": "19.279",
            "low": "19.279",
            "close": "19.282"
        },
        {
            "time": "15.03.2021 09:58",
            "open": "19.282",
            "high": "19.282",
            "low": "19.282",
            "close": "19.326"
        },
        {
            "time": "15.03.2021 09:59",
            "open": "19.326",
            "high": "19.326",
            "low": "19.326",
            "close": "19.326"
        },
        {
            "time": "15.03.2021 10:00",
            "open": "19.326",
            "high": "19.326",
            "low": "19.326",
            "close": "19.471"
        },
        {
            "time": "15.03.2021 10:04",
            "open": "19.471",
            "high": "19.485",
            "low": "19.471",
            "close": "19.522"
        },
        {
            "time": "15.03.2021 10:05",
            "open": "19.522",
            "high": "19.522",
            "low": "19.522",
            "close": "19.524"
        },
        {
            "time": "15.03.2021 10:08",
            "open": "19.524",
            "high": "19.527",
            "low": "19.524",
            "close": "19.489"
        },
        {
            "time": "15.03.2021 10:10",
            "open": "19.489",
            "high": "19.489",
            "low": "19.489",
            "close": "19.396"
        },
        {
            "time": "15.03.2021 10:12",
            "open": "19.396",
            "high": "19.396",
            "low": "19.396",
            "close": "19.37"
        },
        {
            "time": "15.03.2021 10:14",
            "open": "19.37",
            "high": "19.37",
            "low": "19.369",
            "close": "19.348"
        },
        {
            "time": "15.03.2021 10:15",
            "open": "19.348",
            "high": "19.348",
            "low": "19.348",
            "close": "19.45"
        },
        {
            "time": "15.03.2021 10:17",
            "open": "19.45",
            "high": "19.45",
            "low": "19.449",
            "close": "19.307"
        },
        {
            "time": "15.03.2021 10:21",
            "open": "19.307",
            "high": "19.311",
            "low": "19.296",
            "close": "19.25"
        },
        {
            "time": "15.03.2021 10:22",
            "open": "19.25",
            "high": "19.25",
            "low": "19.167",
            "close": "19.185"
        },
        {
            "time": "15.03.2021 10:23",
            "open": "19.185",
            "high": "19.185",
            "low": "19.171",
            "close": "19.149"
        },
        {
            "time": "15.03.2021 10:24",
            "open": "19.149",
            "high": "19.296",
            "low": "19.101",
            "close": "19.128"
        },
        {
            "time": "15.03.2021 10:25",
            "open": "19.128",
            "high": "19.388",
            "low": "19.128",
            "close": "19.347"
        },
        {
            "time": "15.03.2021 10:26",
            "open": "19.347",
            "high": "19.347",
            "low": "19.223",
            "close": "19.242"
        },
        {
            "time": "15.03.2021 10:27",
            "open": "19.242",
            "high": "19.291",
            "low": "19.242",
            "close": "19.253"
        },
        {
            "time": "15.03.2021 10:28",
            "open": "19.253",
            "high": "19.277",
            "low": "19.247",
            "close": "19.25"
        },
        {
            "time": "15.03.2021 10:32",
            "open": "19.25",
            "high": "19.25",
            "low": "19.25",
            "close": "19.236"
        },
        {
            "time": "15.03.2021 10:35",
            "open": "19.236",
            "high": "19.236",
            "low": "19.236",
            "close": "19.139"
        },
        {
            "time": "15.03.2021 10:40",
            "open": "19.139",
            "high": "19.14",
            "low": "19.097",
            "close": "19.097"
        },
        {
            "time": "15.03.2021 10:41",
            "open": "19.097",
            "high": "19.097",
            "low": "19",
            "close": "19.15"
        },
        {
            "time": "15.03.2021 10:42",
            "open": "19.15",
            "high": "19.15",
            "low": "19.108",
            "close": "19.13"
        },
        {
            "time": "15.03.2021 10:43",
            "open": "19.13",
            "high": "19.21",
            "low": "19.13",
            "close": "19.199"
        },
        {
            "time": "15.03.2021 10:45",
            "open": "19.199",
            "high": "19.199",
            "low": "19.062",
            "close": "19.196"
        },
        {
            "time": "15.03.2021 10:46",
            "open": "19.196",
            "high": "19.215",
            "low": "19.196",
            "close": "19.183"
        },
        {
            "time": "15.03.2021 10:47",
            "open": "19.183",
            "high": "19.183",
            "low": "19.183",
            "close": "19.14"
        },
        {
            "time": "15.03.2021 10:50",
            "open": "19.14",
            "high": "19.14",
            "low": "19.14",
            "close": "19.044"
        },
        {
            "time": "15.03.2021 10:51",
            "open": "19.044",
            "high": "19.044",
            "low": "19.044",
            "close": "19.052"
        },
        {
            "time": "15.03.2021 10:54",
            "open": "19.052",
            "high": "19.068",
            "low": "19.052",
            "close": "19.067"
        },
        {
            "time": "15.03.2021 10:55",
            "open": "19.067",
            "high": "19.067",
            "low": "19.067",
            "close": "19.033"
        },
        {
            "time": "15.03.2021 10:57",
            "open": "19.033",
            "high": "19.033",
            "low": "19.033",
            "close": "19.193"
        },
        {
            "time": "15.03.2021 10:59",
            "open": "19.193",
            "high": "19.193",
            "low": "19.193",
            "close": "19.193"
        },
        {
            "time": "15.03.2021 11:00",
            "open": "19.193",
            "high": "19.193",
            "low": "19.193",
            "close": "19.171"
        },
        {
            "time": "15.03.2021 11:01",
            "open": "19.171",
            "high": "19.171",
            "low": "19.171",
            "close": "19.107"
        },
        {
            "time": "15.03.2021 11:03",
            "open": "19.107",
            "high": "19.107",
            "low": "19.099",
            "close": "19.153"
        },
        {
            "time": "15.03.2021 11:04",
            "open": "19.153",
            "high": "19.153",
            "low": "19.153",
            "close": "19.306"
        },
        {
            "time": "15.03.2021 11:15",
            "open": "19.306",
            "high": "19.363",
            "low": "19.306",
            "close": "19.365"
        },
        {
            "time": "15.03.2021 11:16",
            "open": "19.365",
            "high": "19.384",
            "low": "19.365",
            "close": "19.383"
        },
        {
            "time": "15.03.2021 11:17",
            "open": "19.383",
            "high": "19.384",
            "low": "19.383",
            "close": "19.405"
        },
        {
            "time": "15.03.2021 11:22",
            "open": "19.405",
            "high": "19.639",
            "low": "19.405",
            "close": "19.625"
        },
        {
            "time": "15.03.2021 11:23",
            "open": "19.625",
            "high": "19.625",
            "low": "19.619",
            "close": "19.615"
        },
        {
            "time": "15.03.2021 11:24",
            "open": "19.615",
            "high": "19.615",
            "low": "19.613",
            "close": "19.5"
        },
        {
            "time": "15.03.2021 11:25",
            "open": "19.5",
            "high": "19.5",
            "low": "19.5",
            "close": "19.562"
        },
        {
            "time": "15.03.2021 11:29",
            "open": "19.562",
            "high": "19.562",
            "low": "19.541",
            "close": "19.591"
        },
        {
            "time": "15.03.2021 11:34",
            "open": "19.591",
            "high": "19.591",
            "low": "19.591",
            "close": "19.671"
        },
        {
            "time": "15.03.2021 11:42",
            "open": "19.671",
            "high": "19.671",
            "low": "19.587",
            "close": "19.552"
        },
        {
            "time": "15.03.2021 11:43",
            "open": "19.552",
            "high": "19.552",
            "low": "19.536",
            "close": "19.59"
        },
        {
            "time": "15.03.2021 11:45",
            "open": "19.59",
            "high": "19.59",
            "low": "19.59",
            "close": "19.59"
        },
        {
            "time": "15.03.2021 11:46",
            "open": "19.59",
            "high": "19.59",
            "low": "19.576",
            "close": "19.59"
        },
        {
            "time": "15.03.2021 11:47",
            "open": "19.59",
            "high": "19.59",
            "low": "19.59",
            "close": "19.699"
        },
        {
            "time": "15.03.2021 11:49",
            "open": "19.699",
            "high": "19.79",
            "low": "19.699",
            "close": "19.85"
        },
        {
            "time": "15.03.2021 11:51",
            "open": "19.85",
            "high": "20.095",
            "low": "19.85",
            "close": "19.879"
        },
        {
            "time": "15.03.2021 11:52",
            "open": "19.879",
            "high": "19.879",
            "low": "19.78",
            "close": "20.083"
        },
        {
            "time": "15.03.2021 11:54",
            "open": "20.083",
            "high": "20.34",
            "low": "20.083",
            "close": "20.364"
        },
        {
            "time": "15.03.2021 11:55",
            "open": "20.364",
            "high": "20.406",
            "low": "20.059",
            "close": "20.434"
        },
        {
            "time": "15.03.2021 11:56",
            "open": "20.434",
            "high": "20.434",
            "low": "20.259",
            "close": "20.457"
        },
        {
            "time": "15.03.2021 11:57",
            "open": "20.457",
            "high": "20.5",
            "low": "20.457",
            "close": "20.496"
        },
        {
            "time": "15.03.2021 11:58",
            "open": "20.496",
            "high": "20.5",
            "low": "20.383",
            "close": "20.355"
        },
        {
            "time": "15.03.2021 11:59",
            "open": "20.355",
            "high": "20.355",
            "low": "20.33",
            "close": "20.297"
        },
        {
            "time": "15.03.2021 12:00",
            "open": "20.297",
            "high": "20.297",
            "low": "20.231",
            "close": "20.053"
        },
        {
            "time": "15.03.2021 12:01",
            "open": "20.053",
            "high": "20.208",
            "low": "20.053",
            "close": "20.324"
        },
        {
            "time": "15.03.2021 12:02",
            "open": "20.324",
            "high": "20.423",
            "low": "20.324",
            "close": "20.5"
        },
        {
            "time": "15.03.2021 12:03",
            "open": "20.5",
            "high": "20.5",
            "low": "20.419",
            "close": "20.5"
        },
        {
            "time": "15.03.2021 12:04",
            "open": "20.5",
            "high": "20.55",
            "low": "20.5",
            "close": "20.631"
        },
        {
            "time": "15.03.2021 12:06",
            "open": "20.631",
            "high": "20.655",
            "low": "20.624",
            "close": "20.55"
        },
        {
            "time": "15.03.2021 12:07",
            "open": "20.55",
            "high": "20.55",
            "low": "20.546",
            "close": "20.557"
        },
        {
            "time": "15.03.2021 12:08",
            "open": "20.557",
            "high": "20.686",
            "low": "20.557",
            "close": "20.694"
        },
        {
            "time": "15.03.2021 12:10",
            "open": "20.694",
            "high": "20.726",
            "low": "20.694",
            "close": "20.458"
        },
        {
            "time": "15.03.2021 12:11",
            "open": "20.458",
            "high": "20.458",
            "low": "20.417",
            "close": "20.394"
        },
        {
            "time": "15.03.2021 12:12",
            "open": "20.394",
            "high": "20.394",
            "low": "20.334",
            "close": "20.235"
        },
        {
            "time": "15.03.2021 12:13",
            "open": "20.235",
            "high": "20.235",
            "low": "20.202",
            "close": "20.142"
        },
        {
            "time": "15.03.2021 12:14",
            "open": "20.142",
            "high": "20.143",
            "low": "20.142",
            "close": "20.228"
        },
        {
            "time": "15.03.2021 12:16",
            "open": "20.228",
            "high": "20.234",
            "low": "20.228",
            "close": "20.229"
        },
        {
            "time": "15.03.2021 12:17",
            "open": "20.229",
            "high": "20.229",
            "low": "20.229",
            "close": "20.187"
        },
        {
            "time": "15.03.2021 12:19",
            "open": "20.187",
            "high": "20.187",
            "low": "20.187",
            "close": "20.234"
        },
        {
            "time": "15.03.2021 12:20",
            "open": "20.234",
            "high": "20.234",
            "low": "20.234",
            "close": "20.116"
        },
        {
            "time": "15.03.2021 12:21",
            "open": "20.116",
            "high": "20.116",
            "low": "20.115",
            "close": "20.27"
        },
        {
            "time": "15.03.2021 12:22",
            "open": "20.27",
            "high": "20.271",
            "low": "20.16",
            "close": "20.508"
        },
        {
            "time": "15.03.2021 12:23",
            "open": "20.508",
            "high": "20.71",
            "low": "20.492",
            "close": "20.478"
        },
        {
            "time": "15.03.2021 12:24",
            "open": "20.478",
            "high": "20.683",
            "low": "20.478",
            "close": "20.699"
        },
        {
            "time": "15.03.2021 12:25",
            "open": "20.699",
            "high": "20.699",
            "low": "20.609",
            "close": "20.699"
        },
        {
            "time": "15.03.2021 12:26",
            "open": "20.699",
            "high": "20.7",
            "low": "20.699",
            "close": "20.7"
        },
        {
            "time": "15.03.2021 12:28",
            "open": "20.7",
            "high": "20.704",
            "low": "20.699",
            "close": "20.715"
        },
        {
            "time": "15.03.2021 12:29",
            "open": "20.715",
            "high": "20.717",
            "low": "20.715",
            "close": "20.743"
        },
        {
            "time": "15.03.2021 12:30",
            "open": "20.743",
            "high": "20.772",
            "low": "20.743",
            "close": "20.766"
        },
        {
            "time": "15.03.2021 12:31",
            "open": "20.766",
            "high": "20.808",
            "low": "20.766",
            "close": "20.8"
        },
        {
            "time": "15.03.2021 12:32",
            "open": "20.8",
            "high": "20.8",
            "low": "20.785",
            "close": "20.808"
        },
        {
            "time": "15.03.2021 12:33",
            "open": "20.808",
            "high": "20.817",
            "low": "20.808",
            "close": "20.77"
        },
        {
            "time": "15.03.2021 12:34",
            "open": "20.77",
            "high": "20.77",
            "low": "20.686",
            "close": "20.698"
        },
        {
            "time": "15.03.2021 12:35",
            "open": "20.698",
            "high": "20.836",
            "low": "20.675",
            "close": "20.866"
        },
        {
            "time": "15.03.2021 12:36",
            "open": "20.866",
            "high": "20.947",
            "low": "20.866",
            "close": "20.948"
        },
        {
            "time": "15.03.2021 12:37",
            "open": "20.948",
            "high": "21.059",
            "low": "20.948",
            "close": "21.032"
        },
        {
            "time": "15.03.2021 12:38",
            "open": "21.032",
            "high": "21.034",
            "low": "21.011",
            "close": "20.961"
        },
        {
            "time": "15.03.2021 12:39",
            "open": "20.961",
            "high": "20.961",
            "low": "20.848",
            "close": "20.775"
        },
        {
            "time": "15.03.2021 12:42",
            "open": "20.775",
            "high": "20.801",
            "low": "20.775",
            "close": "20.86"
        },
        {
            "time": "15.03.2021 12:43",
            "open": "20.86",
            "high": "20.86",
            "low": "20.86",
            "close": "20.859"
        },
        {
            "time": "15.03.2021 12:44",
            "open": "20.859",
            "high": "20.859",
            "low": "20.859",
            "close": "20.86"
        },
        {
            "time": "15.03.2021 12:45",
            "open": "20.86",
            "high": "20.891",
            "low": "20.86",
            "close": "20.936"
        },
        {
            "time": "15.03.2021 12:46",
            "open": "20.936",
            "high": "20.946",
            "low": "20.935",
            "close": "21.076"
        },
        {
            "time": "15.03.2021 12:48",
            "open": "21.076",
            "high": "21.09",
            "low": "21.059",
            "close": "21.059"
        },
        {
            "time": "15.03.2021 12:49",
            "open": "21.059",
            "high": "21.094",
            "low": "21.059",
            "close": "21.049"
        },
        {
            "time": "15.03.2021 12:50",
            "open": "21.049",
            "high": "21.093",
            "low": "21.003",
            "close": "21.019"
        },
        {
            "time": "15.03.2021 12:51",
            "open": "21.019",
            "high": "21.033",
            "low": "21.019",
            "close": "21.023"
        },
        {
            "time": "15.03.2021 12:53",
            "open": "21.023",
            "high": "21.03",
            "low": "20.997",
            "close": "20.974"
        },
        {
            "time": "15.03.2021 12:54",
            "open": "20.974",
            "high": "20.974",
            "low": "20.974",
            "close": "20.936"
        },
        {
            "time": "15.03.2021 12:58",
            "open": "20.936",
            "high": "20.936",
            "low": "20.936",
            "close": "20.89"
        },
        {
            "time": "15.03.2021 12:59",
            "open": "20.89",
            "high": "20.896",
            "low": "20.889",
            "close": "20.789"
        },
        {
            "time": "15.03.2021 13:06",
            "open": "20.789",
            "high": "20.798",
            "low": "20.789",
            "close": "20.751"
        },
        {
            "time": "15.03.2021 13:08",
            "open": "20.751",
            "high": "20.751",
            "low": "20.751",
            "close": "20.689"
        },
        {
            "time": "15.03.2021 13:10",
            "open": "20.689",
            "high": "20.689",
            "low": "20.684",
            "close": "20.651"
        },
        {
            "time": "15.03.2021 13:11",
            "open": "20.651",
            "high": "20.651",
            "low": "20.634",
            "close": "20.586"
        },
        {
            "time": "15.03.2021 13:12",
            "open": "20.586",
            "high": "20.609",
            "low": "20.586",
            "close": "20.576"
        },
        {
            "time": "15.03.2021 13:13",
            "open": "20.576",
            "high": "20.576",
            "low": "20.576",
            "close": "20.579"
        },
        {
            "time": "15.03.2021 13:14",
            "open": "20.579",
            "high": "20.579",
            "low": "20.554",
            "close": "20.55"
        },
        {
            "time": "15.03.2021 13:16",
            "open": "20.55",
            "high": "20.55",
            "low": "20.55",
            "close": "20.598"
        },
        {
            "time": "15.03.2021 13:17",
            "open": "20.598",
            "high": "20.598",
            "low": "20.547",
            "close": "20.454"
        },
        {
            "time": "15.03.2021 13:19",
            "open": "20.454",
            "high": "20.454",
            "low": "20.449",
            "close": "20.45"
        },
        {
            "time": "15.03.2021 13:20",
            "open": "20.45",
            "high": "20.45",
            "low": "20.45",
            "close": "20.385"
        },
        {
            "time": "15.03.2021 13:21",
            "open": "20.385",
            "high": "20.421",
            "low": "20.385",
            "close": "20.468"
        },
        {
            "time": "15.03.2021 13:22",
            "open": "20.468",
            "high": "20.473",
            "low": "20.468",
            "close": "20.498"
        },
        {
            "time": "15.03.2021 13:23",
            "open": "20.498",
            "high": "20.498",
            "low": "20.498",
            "close": "20.487"
        },
        {
            "time": "15.03.2021 13:24",
            "open": "20.487",
            "high": "20.487",
            "low": "20.485",
            "close": "20.503"
        },
        {
            "time": "15.03.2021 13:25",
            "open": "20.503",
            "high": "20.503",
            "low": "20.503",
            "close": "20.57"
        },
        {
            "time": "15.03.2021 13:29",
            "open": "20.57",
            "high": "20.57",
            "low": "20.569",
            "close": "20.665"
        },
        {
            "time": "15.03.2021 13:33",
            "open": "20.665",
            "high": "20.665",
            "low": "20.665",
            "close": "20.751"
        },
        {
            "time": "15.03.2021 13:38",
            "open": "20.751",
            "high": "20.76",
            "low": "20.751",
            "close": "20.76"
        },
        {
            "time": "15.03.2021 13:41",
            "open": "20.76",
            "high": "20.76",
            "low": "20.76",
            "close": "20.731"
        },
        {
            "time": "15.03.2021 13:42",
            "open": "20.731",
            "high": "20.731",
            "low": "20.73",
            "close": "20.756"
        },
        {
            "time": "15.03.2021 13:43",
            "open": "20.756",
            "high": "20.756",
            "low": "20.756",
            "close": "20.71"
        },
        {
            "time": "15.03.2021 13:45",
            "open": "20.71",
            "high": "20.76",
            "low": "20.71",
            "close": "20.722"
        },
        {
            "time": "15.03.2021 13:54",
            "open": "20.722",
            "high": "20.722",
            "low": "20.722",
            "close": "20.722"
        },
        {
            "time": "15.03.2021 13:55",
            "open": "20.722",
            "high": "20.722",
            "low": "20.722",
            "close": "20.718"
        },
        {
            "time": "15.03.2021 13:57",
            "open": "20.718",
            "high": "20.723",
            "low": "20.718",
            "close": "20.735"
        },
        {
            "time": "15.03.2021 13:59",
            "open": "20.735",
            "high": "20.735",
            "low": "20.719",
            "close": "20.76"
        },
        {
            "time": "15.03.2021 14:00",
            "open": "20.76",
            "high": "20.76",
            "low": "20.76",
            "close": "20.734"
        },
        {
            "time": "15.03.2021 14:01",
            "open": "20.734",
            "high": "20.734",
            "low": "20.734",
            "close": "20.739"
        },
        {
            "time": "15.03.2021 14:04",
            "open": "20.739",
            "high": "20.739",
            "low": "20.703",
            "close": "20.719"
        },
        {
            "time": "15.03.2021 14:06",
            "open": "20.719",
            "high": "20.72",
            "low": "20.719",
            "close": "20.72"
        },
        {
            "time": "15.03.2021 14:08",
            "open": "20.72",
            "high": "20.72",
            "low": "20.72",
            "close": "20.76"
        },
        {
            "time": "15.03.2021 14:09",
            "open": "20.76",
            "high": "20.773",
            "low": "20.76",
            "close": "20.695"
        },
        {
            "time": "15.03.2021 14:24",
            "open": "20.695",
            "high": "20.695",
            "low": "20.695",
            "close": "20.708"
        },
        {
            "time": "15.03.2021 14:25",
            "open": "20.708",
            "high": "20.708",
            "low": "20.708",
            "close": "20.776"
        },
        {
            "time": "15.03.2021 14:29",
            "open": "20.776",
            "high": "20.776",
            "low": "20.776",
            "close": "20.747"
        },
        {
            "time": "15.03.2021 14:30",
            "open": "20.747",
            "high": "20.747",
            "low": "20.747",
            "close": "20.776"
        },
        {
            "time": "15.03.2021 14:33",
            "open": "20.776",
            "high": "20.803",
            "low": "20.776",
            "close": "20.792"
        },
        {
            "time": "15.03.2021 14:34",
            "open": "20.792",
            "high": "20.792",
            "low": "20.792",
            "close": "20.635"
        },
        {
            "time": "15.03.2021 14:41",
            "open": "20.635",
            "high": "20.683",
            "low": "20.635",
            "close": "20.65"
        },
        {
            "time": "15.03.2021 14:42",
            "open": "20.65",
            "high": "20.65",
            "low": "20.632",
            "close": "20.641"
        },
        {
            "time": "15.03.2021 14:43",
            "open": "20.641",
            "high": "20.641",
            "low": "20.641",
            "close": "20.615"
        },
        {
            "time": "15.03.2021 14:44",
            "open": "20.615",
            "high": "20.615",
            "low": "20.615",
            "close": "20.522"
        },
        {
            "time": "15.03.2021 14:48",
            "open": "20.522",
            "high": "20.522",
            "low": "20.483",
            "close": "20.469"
        },
        {
            "time": "15.03.2021 14:49",
            "open": "20.469",
            "high": "20.469",
            "low": "20.469",
            "close": "20.468"
        },
        {
            "time": "15.03.2021 14:55",
            "open": "20.468",
            "high": "20.468",
            "low": "20.459",
            "close": "20.459"
        },
        {
            "time": "15.03.2021 14:58",
            "open": "20.459",
            "high": "20.518",
            "low": "20.459",
            "close": "20.531"
        },
        {
            "time": "15.03.2021 15:00",
            "open": "20.531",
            "high": "20.531",
            "low": "20.531",
            "close": "20.585"
        },
        {
            "time": "15.03.2021 15:02",
            "open": "20.585",
            "high": "20.585",
            "low": "20.585",
            "close": "20.553"
        },
        {
            "time": "15.03.2021 15:03",
            "open": "20.553",
            "high": "20.553",
            "low": "20.553",
            "close": "20.589"
        },
        {
            "time": "15.03.2021 15:05",
            "open": "20.589",
            "high": "20.622",
            "low": "20.589",
            "close": "20.561"
        },
        {
            "time": "15.03.2021 15:07",
            "open": "20.561",
            "high": "20.561",
            "low": "20.561",
            "close": "20.543"
        },
        {
            "time": "15.03.2021 15:08",
            "open": "20.543",
            "high": "20.543",
            "low": "20.543",
            "close": "20.56"
        },
        {
            "time": "15.03.2021 15:09",
            "open": "20.56",
            "high": "20.56",
            "low": "20.56",
            "close": "20.648"
        },
        {
            "time": "15.03.2021 15:28",
            "open": "20.648",
            "high": "20.648",
            "low": "20.648",
            "close": "20.672"
        },
        {
            "time": "15.03.2021 15:29",
            "open": "20.672",
            "high": "20.672",
            "low": "20.672",
            "close": "20.648"
        },
        {
            "time": "15.03.2021 15:30",
            "open": "20.648",
            "high": "21.059",
            "low": "20.648",
            "close": "21.1"
        },
        {
            "time": "15.03.2021 15:31",
            "open": "21.1",
            "high": "21.5",
            "low": "21.1",
            "close": "21.44"
        },
        {
            "time": "15.03.2021 15:32",
            "open": "21.44",
            "high": "21.533",
            "low": "21.423",
            "close": "21.409"
        },
        {
            "time": "15.03.2021 15:33",
            "open": "21.409",
            "high": "21.409",
            "low": "21.246",
            "close": "21.218"
        },
        {
            "time": "15.03.2021 15:34",
            "open": "21.218",
            "high": "21.218",
            "low": "21.213",
            "close": "21.206"
        },
        {
            "time": "15.03.2021 15:35",
            "open": "21.206",
            "high": "21.206",
            "low": "21.155",
            "close": "21.188"
        },
        {
            "time": "15.03.2021 15:36",
            "open": "21.188",
            "high": "21.188",
            "low": "21.188",
            "close": "21.146"
        },
        {
            "time": "15.03.2021 15:37",
            "open": "21.146",
            "high": "21.146",
            "low": "21.146",
            "close": "21.047"
        },
        {
            "time": "15.03.2021 15:39",
            "open": "21.047",
            "high": "21.047",
            "low": "21.047",
            "close": "21.047"
        },
        {
            "time": "15.03.2021 15:40",
            "open": "21.047",
            "high": "21.047",
            "low": "21.047",
            "close": "21.127"
        },
        {
            "time": "15.03.2021 15:41",
            "open": "21.127",
            "high": "21.15",
            "low": "21.126",
            "close": "21.248"
        },
        {
            "time": "15.03.2021 15:44",
            "open": "21.248",
            "high": "21.34",
            "low": "21.248",
            "close": "21.329"
        },
        {
            "time": "15.03.2021 15:46",
            "open": "21.329",
            "high": "21.335",
            "low": "21.329",
            "close": "21.288"
        },
        {
            "time": "15.03.2021 15:47",
            "open": "21.288",
            "high": "21.288",
            "low": "21.288",
            "close": "21.251"
        },
        {
            "time": "15.03.2021 15:50",
            "open": "21.251",
            "high": "21.251",
            "low": "21.248",
            "close": "21.257"
        },
        {
            "time": "15.03.2021 15:52",
            "open": "21.257",
            "high": "21.257",
            "low": "21.257",
            "close": "21.144"
        },
        {
            "time": "15.03.2021 15:56",
            "open": "21.144",
            "high": "21.144",
            "low": "21.063",
            "close": "21.078"
        },
        {
            "time": "15.03.2021 15:57",
            "open": "21.078",
            "high": "21.078",
            "low": "21.05",
            "close": "21.003"
        },
        {
            "time": "15.03.2021 16:01",
            "open": "21.003",
            "high": "21.003",
            "low": "21.003",
            "close": "21.114"
        },
        {
            "time": "15.03.2021 16:04",
            "open": "21.114",
            "high": "21.114",
            "low": "21.089",
            "close": "21.065"
        },
        {
            "time": "15.03.2021 16:05",
            "open": "21.065",
            "high": "21.065",
            "low": "21.065",
            "close": "21.065"
        },
        {
            "time": "15.03.2021 16:08",
            "open": "21.065",
            "high": "21.065",
            "low": "21.025",
            "close": "21.015"
        },
        {
            "time": "15.03.2021 16:12",
            "open": "21.015",
            "high": "21.015",
            "low": "21.015",
            "close": "21.097"
        },
        {
            "time": "15.03.2021 16:13",
            "open": "21.097",
            "high": "21.12",
            "low": "21.097",
            "close": "21.015"
        },
        {
            "time": "15.03.2021 16:16",
            "open": "21.015",
            "high": "21.015",
            "low": "21.014",
            "close": "21.026"
        },
        {
            "time": "15.03.2021 16:21",
            "open": "21.026",
            "high": "21.026",
            "low": "21.026",
            "close": "21.008"
        },
        {
            "time": "15.03.2021 16:22",
            "open": "21.008",
            "high": "21.008",
            "low": "21.008",
            "close": "21.02"
        },
        {
            "time": "15.03.2021 16:23",
            "open": "21.02",
            "high": "21.027",
            "low": "21.02",
            "close": "20.997"
        },
        {
            "time": "15.03.2021 16:27",
            "open": "20.997",
            "high": "20.997",
            "low": "20.997",
            "close": "20.969"
        },
        {
            "time": "15.03.2021 16:28",
            "open": "20.969",
            "high": "20.969",
            "low": "20.968",
            "close": "20.902"
        },
        {
            "time": "15.03.2021 16:29",
            "open": "20.902",
            "high": "20.902",
            "low": "20.89",
            "close": "20.848"
        },
        {
            "time": "15.03.2021 16:30",
            "open": "20.848",
            "high": "20.848",
            "low": "20.687",
            "close": "20.651"
        },
        {
            "time": "15.03.2021 16:31",
            "open": "20.651",
            "high": "20.651",
            "low": "20.646",
            "close": "20.58"
        },
        {
            "time": "15.03.2021 16:32",
            "open": "20.58",
            "high": "20.58",
            "low": "20.58",
            "close": "20.649"
        },
        {
            "time": "15.03.2021 16:34",
            "open": "20.649",
            "high": "20.66",
            "low": "20.648",
            "close": "20.643"
        },
        {
            "time": "15.03.2021 16:36",
            "open": "20.643",
            "high": "20.643",
            "low": "20.643",
            "close": "20.61"
        },
        {
            "time": "15.03.2021 16:37",
            "open": "20.61",
            "high": "20.61",
            "low": "20.61",
            "close": "20.55"
        },
        {
            "time": "15.03.2021 16:38",
            "open": "20.55",
            "high": "20.592",
            "low": "20.531",
            "close": "20.564"
        },
        {
            "time": "15.03.2021 16:39",
            "open": "20.564",
            "high": "20.564",
            "low": "20.564",
            "close": "20.497"
        },
        {
            "time": "15.03.2021 16:41",
            "open": "20.497",
            "high": "20.497",
            "low": "20.497",
            "close": "20.456"
        },
        {
            "time": "15.03.2021 16:42",
            "open": "20.456",
            "high": "20.456",
            "low": "20.456",
            "close": "20.456"
        },
        {
            "time": "15.03.2021 16:43",
            "open": "20.456",
            "high": "20.456",
            "low": "20.456",
            "close": "20.456"
        },
        {
            "time": "15.03.2021 16:44",
            "open": "20.456",
            "high": "20.456",
            "low": "20.456",
            "close": "20.501"
        },
        {
            "time": "15.03.2021 16:46",
            "open": "20.501",
            "high": "20.501",
            "low": "20.501",
            "close": "20.526"
        },
        {
            "time": "15.03.2021 16:47",
            "open": "20.526",
            "high": "20.526",
            "low": "20.526",
            "close": "20.576"
        },
        {
            "time": "15.03.2021 16:48",
            "open": "20.576",
            "high": "20.576",
            "low": "20.576",
            "close": "20.575"
        },
        {
            "time": "15.03.2021 16:49",
            "open": "20.575",
            "high": "20.575",
            "low": "20.549",
            "close": "20.528"
        },
        {
            "time": "15.03.2021 16:50",
            "open": "20.528",
            "high": "20.528",
            "low": "20.519",
            "close": "20.521"
        },
        {
            "time": "15.03.2021 16:52",
            "open": "20.521",
            "high": "20.521",
            "low": "20.521",
            "close": "20.522"
        },
        {
            "time": "15.03.2021 16:56",
            "open": "20.522",
            "high": "20.522",
            "low": "20.522",
            "close": "20.545"
        },
        {
            "time": "15.03.2021 17:00",
            "open": "20.545",
            "high": "20.553",
            "low": "20.501",
            "close": "20.454"
        },
        {
            "time": "15.03.2021 17:02",
            "open": "20.454",
            "high": "20.454",
            "low": "20.454",
            "close": "20.411"
        },
        {
            "time": "15.03.2021 17:03",
            "open": "20.411",
            "high": "20.411",
            "low": "20.325",
            "close": "20.274"
        },
        {
            "time": "15.03.2021 17:04",
            "open": "20.274",
            "high": "20.274",
            "low": "20.274",
            "close": "20.279"
        },
        {
            "time": "15.03.2021 17:07",
            "open": "20.279",
            "high": "20.459",
            "low": "20.279",
            "close": "20.421"
        },
        {
            "time": "15.03.2021 17:08",
            "open": "20.421",
            "high": "20.421",
            "low": "20.356",
            "close": "20.546"
        },
        {
            "time": "15.03.2021 17:15",
            "open": "20.546",
            "high": "20.546",
            "low": "20.546",
            "close": "20.5"
        },
        {
            "time": "15.03.2021 17:20",
            "open": "20.5",
            "high": "20.5",
            "low": "20.5",
            "close": "20.517"
        },
        {
            "time": "15.03.2021 17:22",
            "open": "20.517",
            "high": "20.517",
            "low": "20.517",
            "close": "20.53"
        },
        {
            "time": "15.03.2021 17:25",
            "open": "20.53",
            "high": "20.53",
            "low": "20.53",
            "close": "20.489"
        },
        {
            "time": "15.03.2021 17:32",
            "open": "20.489",
            "high": "20.489",
            "low": "20.488",
            "close": "20.375"
        },
        {
            "time": "15.03.2021 17:39",
            "open": "20.375",
            "high": "20.375",
            "low": "20.355",
            "close": "20.454"
        },
        {
            "time": "15.03.2021 17:49",
            "open": "20.454",
            "high": "20.454",
            "low": "20.454",
            "close": "20.369"
        },
        {
            "time": "15.03.2021 17:53",
            "open": "20.369",
            "high": "20.369",
            "low": "20.369",
            "close": "20.317"
        },
        {
            "time": "15.03.2021 17:54",
            "open": "20.317",
            "high": "20.317",
            "low": "20.307",
            "close": "20.395"
        },
        {
            "time": "15.03.2021 17:58",
            "open": "20.395",
            "high": "20.395",
            "low": "20.374",
            "close": "20.374"
        },
        {
            "time": "15.03.2021 17:59",
            "open": "20.374",
            "high": "20.374",
            "low": "20.374",
            "close": "20.3"
        },
        {
            "time": "15.03.2021 18:00",
            "open": "20.3",
            "high": "20.3",
            "low": "20.3",
            "close": "20.278"
        },
        {
            "time": "15.03.2021 18:01",
            "open": "20.278",
            "high": "20.278",
            "low": "20.278",
            "close": "20.256"
        },
        {
            "time": "15.03.2021 18:03",
            "open": "20.256",
            "high": "20.283",
            "low": "20.256",
            "close": "20.312"
        },
        {
            "time": "15.03.2021 18:09",
            "open": "20.312",
            "high": "20.312",
            "low": "20.312",
            "close": "20.315"
        },
        {
            "time": "15.03.2021 18:12",
            "open": "20.315",
            "high": "20.315",
            "low": "20.311",
            "close": "20.255"
        },
        {
            "time": "15.03.2021 18:18",
            "open": "20.255",
            "high": "20.255",
            "low": "20.255",
            "close": "20.255"
        },
        {
            "time": "15.03.2021 18:24",
            "open": "20.255",
            "high": "20.255",
            "low": "20.227",
            "close": "20.216"
        },
        {
            "time": "15.03.2021 18:25",
            "open": "20.216",
            "high": "20.216",
            "low": "20.216",
            "close": "20.202"
        },
        {
            "time": "15.03.2021 18:27",
            "open": "20.202",
            "high": "20.202",
            "low": "20.11",
            "close": "20.016"
        },
        {
            "time": "15.03.2021 18:28",
            "open": "20.016",
            "high": "20.016",
            "low": "19.963",
            "close": "19.963"
        },
        {
            "time": "15.03.2021 18:29",
            "open": "19.963",
            "high": "20.021",
            "low": "19.953",
            "close": "20.091"
        },
        {
            "time": "15.03.2021 18:31",
            "open": "20.091",
            "high": "20.095",
            "low": "20.091",
            "close": "20.125"
        },
        {
            "time": "15.03.2021 18:38",
            "open": "20.125",
            "high": "20.125",
            "low": "20.125",
            "close": "20.134"
        },
        {
            "time": "15.03.2021 18:39",
            "open": "20.134",
            "high": "20.135",
            "low": "20.134",
            "close": "20.158"
        },
        {
            "time": "15.03.2021 18:40",
            "open": "20.158",
            "high": "20.163",
            "low": "20.15",
            "close": "20.133"
        },
        {
            "time": "15.03.2021 18:43",
            "open": "20.133",
            "high": "20.133",
            "low": "20.132",
            "close": "20.15"
        },
        {
            "time": "15.03.2021 18:46",
            "open": "20.15",
            "high": "20.15",
            "low": "20.15",
            "close": "20.16"
        },
        {
            "time": "15.03.2021 18:48",
            "open": "20.16",
            "high": "20.16",
            "low": "20.16",
            "close": "20.16"
        },
        {
            "time": "15.03.2021 18:49",
            "open": "20.16",
            "high": "20.16",
            "low": "20.16",
            "close": "20.161"
        },
        {
            "time": "15.03.2021 18:51",
            "open": "20.161",
            "high": "20.161",
            "low": "20.161",
            "close": "20.151"
        },
        {
            "time": "15.03.2021 19:06",
            "open": "20.151",
            "high": "20.157",
            "low": "20.119",
            "close": "20.162"
        },
        {
            "time": "15.03.2021 19:07",
            "open": "20.162",
            "high": "20.162",
            "low": "20.162",
            "close": "20.057"
        },
        {
            "time": "15.03.2021 19:10",
            "open": "20.057",
            "high": "20.066",
            "low": "20.057",
            "close": "20.15"
        },
        {
            "time": "15.03.2021 19:12",
            "open": "20.15",
            "high": "20.15",
            "low": "20.15",
            "close": "20.166"
        },
        {
            "time": "15.03.2021 19:14",
            "open": "20.166",
            "high": "20.166",
            "low": "20.163",
            "close": "20.107"
        },
        {
            "time": "15.03.2021 19:19",
            "open": "20.107",
            "high": "20.115",
            "low": "20.107",
            "close": "20.24"
        },
        {
            "time": "15.03.2021 19:30",
            "open": "20.24",
            "high": "20.258",
            "low": "20.24",
            "close": "20.232"
        },
        {
            "time": "15.03.2021 19:38",
            "open": "20.232",
            "high": "20.232",
            "low": "20.232",
            "close": "20.2"
        },
        {
            "time": "15.03.2021 19:44",
            "open": "20.2",
            "high": "20.2",
            "low": "20.199",
            "close": "20.223"
        },
        {
            "time": "15.03.2021 19:55",
            "open": "20.223",
            "high": "20.223",
            "low": "20.223",
            "close": "20.179"
        },
        {
            "time": "15.03.2021 19:59",
            "open": "20.179",
            "high": "20.179",
            "low": "20.179",
            "close": "20.192"
        },
        {
            "time": "15.03.2021 20:02",
            "open": "20.192",
            "high": "20.192",
            "low": "20.192",
            "close": "20.24"
        },
        {
            "time": "15.03.2021 20:05",
            "open": "20.24",
            "high": "20.24",
            "low": "20.24",
            "close": "20.228"
        },
        {
            "time": "15.03.2021 20:15",
            "open": "20.228",
            "high": "20.228",
            "low": "20.228",
            "close": "20.235"
        },
        {
            "time": "15.03.2021 20:17",
            "open": "20.235",
            "high": "20.235",
            "low": "20.227",
            "close": "20.287"
        },
        {
            "time": "15.03.2021 20:20",
            "open": "20.312",
            "high": "20.312",
            "low": "20.312",
            "close": "20.334"
        },
        {
            "time": "15.03.2021 20:24",
            "open": "20.334",
            "high": "20.335",
            "low": "20.334",
            "close": "20.33"
        },
        {
            "time": "15.03.2021 20:26",
            "open": "20.33",
            "high": "20.33",
            "low": "20.33",
            "close": "20.334"
        },
        {
            "time": "15.03.2021 20:29",
            "open": "20.334",
            "high": "20.334",
            "low": "20.334",
            "close": "20.318"
        },
        {
            "time": "15.03.2021 20:30",
            "open": "20.318",
            "high": "20.318",
            "low": "20.318",
            "close": "20.358"
        },
        {
            "time": "15.03.2021 20:38",
            "open": "20.358",
            "high": "20.358",
            "low": "20.358",
            "close": "20.4"
        },
        {
            "time": "15.03.2021 20:39",
            "open": "20.4",
            "high": "20.428",
            "low": "20.4",
            "close": "20.447"
        },
        {
            "time": "15.03.2021 20:40",
            "open": "20.447",
            "high": "20.447",
            "low": "20.442",
            "close": "20.442"
        },
        {
            "time": "15.03.2021 20:44",
            "open": "20.442",
            "high": "20.442",
            "low": "20.442",
            "close": "20.444"
        },
        {
            "time": "15.03.2021 20:45",
            "open": "20.444",
            "high": "20.444",
            "low": "20.444",
            "close": "20.458"
        },
        {
            "time": "15.03.2021 20:47",
            "open": "20.458",
            "high": "20.462",
            "low": "20.458",
            "close": "20.502"
        },
        {
            "time": "15.03.2021 20:48",
            "open": "20.502",
            "high": "20.502",
            "low": "20.497",
            "close": "20.517"
        },
        {
            "time": "15.03.2021 20:50",
            "open": "20.517",
            "high": "20.517",
            "low": "20.517",
            "close": "20.408"
        },
        {
            "time": "15.03.2021 21:02",
            "open": "20.408",
            "high": "20.432",
            "low": "20.408",
            "close": "20.489"
        },
        {
            "time": "15.03.2021 21:03",
            "open": "20.489",
            "high": "20.489",
            "low": "20.441",
            "close": "20.472"
        },
        {
            "time": "15.03.2021 21:05",
            "open": "20.472",
            "high": "20.472",
            "low": "20.472",
            "close": "20.485"
        },
        {
            "time": "15.03.2021 21:06",
            "open": "20.485",
            "high": "20.485",
            "low": "20.485",
            "close": "20.534"
        },
        {
            "time": "15.03.2021 21:13",
            "open": "20.534",
            "high": "20.534",
            "low": "20.534",
            "close": "20.524"
        },
        {
            "time": "15.03.2021 21:16",
            "open": "20.524",
            "high": "20.536",
            "low": "20.524",
            "close": "20.511"
        },
        {
            "time": "15.03.2021 21:19",
            "open": "20.511",
            "high": "20.511",
            "low": "20.511",
            "close": "20.558"
        },
        {
            "time": "15.03.2021 21:20",
            "open": "20.558",
            "high": "20.563",
            "low": "20.558",
            "close": "20.553"
        },
        {
            "time": "15.03.2021 21:22",
            "open": "20.553",
            "high": "20.553",
            "low": "20.553",
            "close": "20.493"
        },
        {
            "time": "15.03.2021 21:24",
            "open": "20.493",
            "high": "20.493",
            "low": "20.493",
            "close": "20.53"
        },
        {
            "time": "15.03.2021 21:30",
            "open": "20.53",
            "high": "20.53",
            "low": "20.53",
            "close": "20.536"
        },
        {
            "time": "15.03.2021 21:31",
            "open": "20.536",
            "high": "20.545",
            "low": "20.536",
            "close": "20.535"
        },
        {
            "time": "15.03.2021 21:33",
            "open": "20.535",
            "high": "20.535",
            "low": "20.535",
            "close": "20.568"
        },
        {
            "time": "15.03.2021 21:35",
            "open": "20.568",
            "high": "20.568",
            "low": "20.548",
            "close": "20.524"
        },
        {
            "time": "15.03.2021 21:37",
            "open": "20.524",
            "high": "20.524",
            "low": "20.517",
            "close": "20.494"
        },
        {
            "time": "15.03.2021 21:40",
            "open": "20.494",
            "high": "20.494",
            "low": "20.494",
            "close": "20.339"
        },
        {
            "time": "15.03.2021 21:41",
            "open": "20.339",
            "high": "20.339",
            "low": "20.282",
            "close": "20.248"
        },
        {
            "time": "15.03.2021 21:44",
            "open": "20.248",
            "high": "20.248",
            "low": "20.248",
            "close": "20.21"
        },
        {
            "time": "15.03.2021 21:45",
            "open": "20.21",
            "high": "20.21",
            "low": "20.169",
            "close": "20.082"
        },
        {
            "time": "15.03.2021 21:47",
            "open": "20.082",
            "high": "20.082",
            "low": "20.082",
            "close": "20.1"
        },
        {
            "time": "15.03.2021 21:49",
            "open": "20.1",
            "high": "20.137",
            "low": "20.1",
            "close": "20.25"
        },
        {
            "time": "15.03.2021 21:50",
            "open": "20.25",
            "high": "20.25",
            "low": "20.25",
            "close": "20.246"
        },
        {
            "time": "15.03.2021 21:51",
            "open": "20.246",
            "high": "20.246",
            "low": "20.22",
            "close": "20.05"
        },
        {
            "time": "15.03.2021 21:55",
            "open": "20.05",
            "high": "20.051",
            "low": "20.05",
            "close": "20.05"
        },
        {
            "time": "15.03.2021 21:56",
            "open": "20.05",
            "high": "20.05",
            "low": "20.05",
            "close": "20.082"
        },
        {
            "time": "15.03.2021 21:58",
            "open": "20.082",
            "high": "20.083",
            "low": "20.082",
            "close": "20.112"
        },
        {
            "time": "15.03.2021 22:08",
            "open": "20.112",
            "high": "20.112",
            "low": "20.067",
            "close": "20.017"
        },
        {
            "time": "15.03.2021 22:09",
            "open": "20.017",
            "high": "20.017",
            "low": "20.016",
            "close": "20.006"
        },
        {
            "time": "15.03.2021 22:10",
            "open": "20.006",
            "high": "20.084",
            "low": "20.006",
            "close": "20.054"
        },
        {
            "time": "15.03.2021 22:14",
            "open": "20.054",
            "high": "20.054",
            "low": "20.054",
            "close": "20.076"
        },
        {
            "time": "15.03.2021 22:15",
            "open": "20.076",
            "high": "20.076",
            "low": "20.076",
            "close": "20.023"
        },
        {
            "time": "15.03.2021 22:19",
            "open": "20.023",
            "high": "20.023",
            "low": "20",
            "close": "19.963"
        },
        {
            "time": "15.03.2021 22:22",
            "open": "19.963",
            "high": "19.963",
            "low": "19.946",
            "close": "19.945"
        },
        {
            "time": "15.03.2021 22:23",
            "open": "19.945",
            "high": "19.981",
            "low": "19.945",
            "close": "19.909"
        },
        {
            "time": "15.03.2021 22:24",
            "open": "19.909",
            "high": "19.909",
            "low": "19.909",
            "close": "19.901"
        },
        {
            "time": "15.03.2021 22:25",
            "open": "19.901",
            "high": "19.94",
            "low": "19.901",
            "close": "19.892"
        },
        {
            "time": "15.03.2021 22:27",
            "open": "19.892",
            "high": "19.998",
            "low": "19.88",
            "close": "19.957"
        },
        {
            "time": "15.03.2021 22:32",
            "open": "19.957",
            "high": "19.957",
            "low": "19.945",
            "close": "19.957"
        },
        {
            "time": "15.03.2021 22:33",
            "open": "19.957",
            "high": "19.957",
            "low": "19.957",
            "close": "19.951"
        },
        {
            "time": "15.03.2021 22:34",
            "open": "19.951",
            "high": "19.951",
            "low": "19.947",
            "close": "19.947"
        },
        {
            "time": "15.03.2021 22:35",
            "open": "19.947",
            "high": "19.947",
            "low": "19.947",
            "close": "19.922"
        },
        {
            "time": "15.03.2021 22:39",
            "open": "19.922",
            "high": "19.922",
            "low": "19.921",
            "close": "19.945"
        },
        {
            "time": "15.03.2021 22:40",
            "open": "19.945",
            "high": "19.946",
            "low": "19.945",
            "close": "19.945"
        },
        {
            "time": "15.03.2021 22:48",
            "open": "19.945",
            "high": "19.947",
            "low": "19.945",
            "close": "20.024"
        },
        {
            "time": "15.03.2021 22:53",
            "open": "20.024",
            "high": "20.024",
            "low": "20.024",
            "close": "19.937"
        },
        {
            "time": "15.03.2021 23:06",
            "open": "19.937",
            "high": "19.937",
            "low": "19.937",
            "close": "19.883"
        },
        {
            "time": "15.03.2021 23:09",
            "open": "19.883",
            "high": "19.883",
            "low": "19.883",
            "close": "19.836"
        },
        {
            "time": "15.03.2021 23:15",
            "open": "19.836",
            "high": "19.836",
            "low": "19.836",
            "close": "19.834"
        },
        {
            "time": "15.03.2021 23:16",
            "open": "19.834",
            "high": "19.885",
            "low": "19.834",
            "close": "19.833"
        },
        {
            "time": "15.03.2021 23:22",
            "open": "19.833",
            "high": "19.833",
            "low": "19.749",
            "close": "19.764"
        },
        {
            "time": "15.03.2021 23:23",
            "open": "19.764",
            "high": "19.764",
            "low": "19.764",
            "close": "19.739"
        },
        {
            "time": "15.03.2021 23:24",
            "open": "19.739",
            "high": "19.768",
            "low": "19.739",
            "close": "19.729"
        },
        {
            "time": "15.03.2021 23:28",
            "open": "19.729",
            "high": "19.729",
            "low": "19.729",
            "close": "19.753"
        },
        {
            "time": "15.03.2021 23:30",
            "open": "19.753",
            "high": "19.753",
            "low": "19.753",
            "close": "19.763"
        },
        {
            "time": "15.03.2021 23:32",
            "open": "19.763",
            "high": "19.763",
            "low": "19.724",
            "close": "19.727"
        },
        {
            "time": "15.03.2021 23:38",
            "open": "19.727",
            "high": "19.727",
            "low": "19.727",
            "close": "19.767"
        },
        {
            "time": "15.03.2021 23:39",
            "open": "19.767",
            "high": "19.836",
            "low": "19.767",
            "close": "19.836"
        },
        {
            "time": "15.03.2021 23:40",
            "open": "19.836",
            "high": "19.836",
            "low": "19.836",
            "close": "19.728"
        },
        {
            "time": "15.03.2021 23:49",
            "open": "19.728",
            "high": "19.728",
            "low": "19.728",
            "close": "19.739"
        }
    ]
}