{
    "UMA-EUR": [
        {
            "time": "14.12.2020 23:54",
            "open": "6.046",
            "high": "6.046",
            "low": "6.046",
            "close": "6.053"
        },
        {
            "time": "15.12.2020 00:05",
            "open": "6.053",
            "high": "6.053",
            "low": "6.053",
            "close": "6.074"
        },
        {
            "time": "15.12.2020 01:05",
            "open": "6.074",
            "high": "6.15",
            "low": "6.074",
            "close": "6.121"
        },
        {
            "time": "15.12.2020 01:44",
            "open": "6.121",
            "high": "6.122",
            "low": "6.068",
            "close": "6.068"
        },
        {
            "time": "15.12.2020 01:47",
            "open": "6.068",
            "high": "6.068",
            "low": "6.068",
            "close": "6.096"
        },
        {
            "time": "15.12.2020 01:52",
            "open": "6.096",
            "high": "6.096",
            "low": "6.096",
            "close": "6.093"
        },
        {
            "time": "15.12.2020 01:56",
            "open": "6.093",
            "high": "6.093",
            "low": "6.093",
            "close": "6.081"
        },
        {
            "time": "15.12.2020 02:10",
            "open": "6.081",
            "high": "6.081",
            "low": "6.081",
            "close": "6.088"
        },
        {
            "time": "15.12.2020 02:15",
            "open": "6.088",
            "high": "6.088",
            "low": "6.088",
            "close": "6.094"
        },
        {
            "time": "15.12.2020 02:33",
            "open": "6.094",
            "high": "6.094",
            "low": "6.093",
            "close": "6.121"
        },
        {
            "time": "15.12.2020 02:46",
            "open": "6.121",
            "high": "6.121",
            "low": "6.121",
            "close": "6.15"
        },
        {
            "time": "15.12.2020 03:38",
            "open": "6.15",
            "high": "6.15",
            "low": "6.15",
            "close": "6.124"
        },
        {
            "time": "15.12.2020 04:36",
            "open": "6.124",
            "high": "6.124",
            "low": "6.124",
            "close": "6.125"
        },
        {
            "time": "15.12.2020 04:58",
            "open": "6.125",
            "high": "6.125",
            "low": "6.125",
            "close": "6.135"
        },
        {
            "time": "15.12.2020 05:36",
            "open": "6.135",
            "high": "6.135",
            "low": "6.135",
            "close": "6.07"
        },
        {
            "time": "15.12.2020 05:58",
            "open": "6.07",
            "high": "6.07",
            "low": "6.07",
            "close": "6.069"
        },
        {
            "time": "15.12.2020 05:59",
            "open": "6.069",
            "high": "6.069",
            "low": "6.069",
            "close": "6.072"
        },
        {
            "time": "15.12.2020 06:14",
            "open": "6.072",
            "high": "6.072",
            "low": "6.072",
            "close": "6.051"
        },
        {
            "time": "15.12.2020 06:17",
            "open": "6.051",
            "high": "6.051",
            "low": "6.051",
            "close": "6.043"
        },
        {
            "time": "15.12.2020 06:21",
            "open": "6.043",
            "high": "6.045",
            "low": "6.043",
            "close": "6.058"
        },
        {
            "time": "15.12.2020 06:59",
            "open": "6.058",
            "high": "6.058",
            "low": "6.058",
            "close": "6.058"
        },
        {
            "time": "15.12.2020 08:08",
            "open": "6.058",
            "high": "6.058",
            "low": "6.058",
            "close": "6.068"
        },
        {
            "time": "15.12.2020 08:46",
            "open": "6.068",
            "high": "6.068",
            "low": "6.068",
            "close": "6.094"
        },
        {
            "time": "15.12.2020 09:25",
            "open": "6.094",
            "high": "6.094",
            "low": "6.094",
            "close": "6.062"
        },
        {
            "time": "15.12.2020 09:26",
            "open": "6.062",
            "high": "6.062",
            "low": "6.062",
            "close": "6.051"
        },
        {
            "time": "15.12.2020 09:27",
            "open": "6.051",
            "high": "6.051",
            "low": "6.051",
            "close": "6.044"
        },
        {
            "time": "15.12.2020 10:03",
            "open": "6.044",
            "high": "6.044",
            "low": "6.044",
            "close": "6.044"
        },
        {
            "time": "15.12.2020 10:19",
            "open": "6.044",
            "high": "6.044",
            "low": "6.043",
            "close": "6.044"
        },
        {
            "time": "15.12.2020 11:32",
            "open": "6.044",
            "high": "6.044",
            "low": "6.044",
            "close": "6.044"
        },
        {
            "time": "15.12.2020 11:37",
            "open": "6.044",
            "high": "6.044",
            "low": "6.044",
            "close": "6.105"
        },
        {
            "time": "15.12.2020 11:56",
            "open": "6.105",
            "high": "6.105",
            "low": "6.105",
            "close": "6.059"
        },
        {
            "time": "15.12.2020 12:04",
            "open": "6.059",
            "high": "6.059",
            "low": "6.059",
            "close": "6.078"
        },
        {
            "time": "15.12.2020 12:20",
            "open": "6.078",
            "high": "6.078",
            "low": "6.078",
            "close": "6.1"
        },
        {
            "time": "15.12.2020 12:24",
            "open": "6.1",
            "high": "6.1",
            "low": "6.1",
            "close": "6.121"
        },
        {
            "time": "15.12.2020 12:27",
            "open": "6.121",
            "high": "6.121",
            "low": "6.121",
            "close": "6.115"
        },
        {
            "time": "15.12.2020 12:32",
            "open": "6.115",
            "high": "6.115",
            "low": "6.115",
            "close": "6.13"
        },
        {
            "time": "15.12.2020 12:36",
            "open": "6.13",
            "high": "6.13",
            "low": "6.13",
            "close": "6.121"
        },
        {
            "time": "15.12.2020 12:45",
            "open": "6.121",
            "high": "6.121",
            "low": "6.121",
            "close": "6.123"
        },
        {
            "time": "15.12.2020 12:50",
            "open": "6.123",
            "high": "6.123",
            "low": "6.123",
            "close": "6.129"
        },
        {
            "time": "15.12.2020 12:56",
            "open": "6.129",
            "high": "6.13",
            "low": "6.129",
            "close": "6.115"
        },
        {
            "time": "15.12.2020 13:08",
            "open": "6.115",
            "high": "6.115",
            "low": "6.115",
            "close": "6.137"
        },
        {
            "time": "15.12.2020 13:15",
            "open": "6.137",
            "high": "6.137",
            "low": "6.137",
            "close": "6.123"
        },
        {
            "time": "15.12.2020 13:32",
            "open": "6.123",
            "high": "6.124",
            "low": "6.123",
            "close": "6.12"
        },
        {
            "time": "15.12.2020 14:30",
            "open": "6.12",
            "high": "6.12",
            "low": "6.12",
            "close": "6.096"
        },
        {
            "time": "15.12.2020 14:43",
            "open": "6.096",
            "high": "6.096",
            "low": "6.096",
            "close": "6.1"
        },
        {
            "time": "15.12.2020 14:50",
            "open": "6.1",
            "high": "6.1",
            "low": "6.1",
            "close": "6.123"
        },
        {
            "time": "15.12.2020 15:02",
            "open": "6.123",
            "high": "6.123",
            "low": "6.123",
            "close": "6.135"
        },
        {
            "time": "15.12.2020 15:37",
            "open": "6.135",
            "high": "6.135",
            "low": "6.135",
            "close": "6.137"
        },
        {
            "time": "15.12.2020 15:56",
            "open": "6.137",
            "high": "6.137",
            "low": "6.137",
            "close": "6.111"
        },
        {
            "time": "15.12.2020 16:04",
            "open": "6.111",
            "high": "6.111",
            "low": "6.111",
            "close": "6.108"
        },
        {
            "time": "15.12.2020 16:10",
            "open": "6.108",
            "high": "6.108",
            "low": "6.095",
            "close": "6.116"
        },
        {
            "time": "15.12.2020 16:25",
            "open": "6.116",
            "high": "6.116",
            "low": "6.116",
            "close": "6.095"
        },
        {
            "time": "15.12.2020 16:39",
            "open": "6.095",
            "high": "6.095",
            "low": "6.095",
            "close": "6.128"
        },
        {
            "time": "15.12.2020 16:50",
            "open": "6.128",
            "high": "6.128",
            "low": "6.128",
            "close": "6.119"
        },
        {
            "time": "15.12.2020 16:52",
            "open": "6.119",
            "high": "6.119",
            "low": "6.097",
            "close": "6.108"
        },
        {
            "time": "15.12.2020 16:53",
            "open": "6.108",
            "high": "6.108",
            "low": "6.108",
            "close": "6.114"
        },
        {
            "time": "15.12.2020 16:54",
            "open": "6.114",
            "high": "6.114",
            "low": "6.114",
            "close": "6.115"
        },
        {
            "time": "15.12.2020 16:55",
            "open": "6.115",
            "high": "6.115",
            "low": "6.115",
            "close": "6.115"
        },
        {
            "time": "15.12.2020 16:56",
            "open": "6.115",
            "high": "6.115",
            "low": "6.115",
            "close": "6.125"
        },
        {
            "time": "15.12.2020 17:03",
            "open": "6.125",
            "high": "6.125",
            "low": "6.125",
            "close": "6.101"
        },
        {
            "time": "15.12.2020 17:14",
            "open": "6.101",
            "high": "6.101",
            "low": "6.101",
            "close": "6.14"
        },
        {
            "time": "15.12.2020 18:00",
            "open": "6.14",
            "high": "6.14",
            "low": "6.14",
            "close": "6.112"
        },
        {
            "time": "15.12.2020 18:10",
            "open": "6.112",
            "high": "6.112",
            "low": "6.112",
            "close": "6.109"
        },
        {
            "time": "15.12.2020 18:21",
            "open": "6.109",
            "high": "6.109",
            "low": "6.109",
            "close": "6.109"
        },
        {
            "time": "15.12.2020 18:22",
            "open": "6.109",
            "high": "6.11",
            "low": "6.109",
            "close": "6.133"
        },
        {
            "time": "15.12.2020 18:23",
            "open": "6.133",
            "high": "6.134",
            "low": "6.133",
            "close": "6.134"
        },
        {
            "time": "15.12.2020 18:24",
            "open": "6.134",
            "high": "6.138",
            "low": "6.134",
            "close": "6.136"
        },
        {
            "time": "15.12.2020 18:25",
            "open": "6.136",
            "high": "6.137",
            "low": "6.136",
            "close": "6.105"
        },
        {
            "time": "15.12.2020 18:28",
            "open": "6.105",
            "high": "6.105",
            "low": "6.105",
            "close": "6.105"
        },
        {
            "time": "15.12.2020 18:29",
            "open": "6.105",
            "high": "6.105",
            "low": "6.105",
            "close": "6.135"
        },
        {
            "time": "15.12.2020 18:30",
            "open": "6.135",
            "high": "6.135",
            "low": "6.133",
            "close": "6.121"
        },
        {
            "time": "15.12.2020 18:32",
            "open": "6.121",
            "high": "6.122",
            "low": "6.121",
            "close": "6.122"
        },
        {
            "time": "15.12.2020 18:33",
            "open": "6.122",
            "high": "6.122",
            "low": "6.122",
            "close": "6.123"
        },
        {
            "time": "15.12.2020 18:35",
            "open": "6.123",
            "high": "6.123",
            "low": "6.123",
            "close": "6.101"
        },
        {
            "time": "15.12.2020 18:36",
            "open": "6.101",
            "high": "6.101",
            "low": "6.101",
            "close": "6.128"
        },
        {
            "time": "15.12.2020 18:37",
            "open": "6.128",
            "high": "6.129",
            "low": "6.101",
            "close": "6.128"
        },
        {
            "time": "15.12.2020 18:38",
            "open": "6.128",
            "high": "6.129",
            "low": "6.128",
            "close": "6.13"
        },
        {
            "time": "15.12.2020 18:44",
            "open": "6.13",
            "high": "6.13",
            "low": "6.13",
            "close": "6.132"
        },
        {
            "time": "15.12.2020 18:45",
            "open": "6.132",
            "high": "6.132",
            "low": "6.132",
            "close": "6.133"
        },
        {
            "time": "15.12.2020 18:49",
            "open": "6.133",
            "high": "6.133",
            "low": "6.133",
            "close": "6.115"
        },
        {
            "time": "15.12.2020 18:52",
            "open": "6.115",
            "high": "6.115",
            "low": "6.115",
            "close": "6.138"
        },
        {
            "time": "15.12.2020 18:53",
            "open": "6.138",
            "high": "6.138",
            "low": "6.138",
            "close": "6.132"
        },
        {
            "time": "15.12.2020 18:54",
            "open": "6.132",
            "high": "6.132",
            "low": "6.132",
            "close": "6.134"
        },
        {
            "time": "15.12.2020 19:00",
            "open": "6.134",
            "high": "6.134",
            "low": "6.134",
            "close": "6.134"
        },
        {
            "time": "15.12.2020 19:04",
            "open": "6.134",
            "high": "6.134",
            "low": "6.134",
            "close": "6.131"
        },
        {
            "time": "15.12.2020 19:12",
            "open": "6.131",
            "high": "6.131",
            "low": "6.131",
            "close": "6.119"
        },
        {
            "time": "15.12.2020 19:16",
            "open": "6.119",
            "high": "6.119",
            "low": "6.1",
            "close": "6.123"
        },
        {
            "time": "15.12.2020 19:17",
            "open": "6.123",
            "high": "6.123",
            "low": "6.123",
            "close": "6.126"
        },
        {
            "time": "15.12.2020 19:20",
            "open": "6.126",
            "high": "6.126",
            "low": "6.126",
            "close": "6.106"
        },
        {
            "time": "15.12.2020 19:38",
            "open": "6.106",
            "high": "6.106",
            "low": "6.101",
            "close": "6.1"
        },
        {
            "time": "15.12.2020 19:40",
            "open": "6.1",
            "high": "6.1",
            "low": "6.1",
            "close": "6.111"
        },
        {
            "time": "15.12.2020 19:42",
            "open": "6.111",
            "high": "6.112",
            "low": "6.111",
            "close": "6.104"
        },
        {
            "time": "15.12.2020 19:53",
            "open": "6.104",
            "high": "6.104",
            "low": "6.104",
            "close": "6.114"
        },
        {
            "time": "15.12.2020 19:54",
            "open": "6.114",
            "high": "6.114",
            "low": "6.114",
            "close": "6.106"
        },
        {
            "time": "15.12.2020 20:15",
            "open": "6.106",
            "high": "6.109",
            "low": "6.106",
            "close": "6.131"
        },
        {
            "time": "15.12.2020 20:45",
            "open": "6.131",
            "high": "6.131",
            "low": "6.131",
            "close": "6.116"
        },
        {
            "time": "15.12.2020 20:57",
            "open": "6.116",
            "high": "6.118",
            "low": "6.116",
            "close": "6.105"
        },
        {
            "time": "15.12.2020 20:58",
            "open": "6.105",
            "high": "6.105",
            "low": "6.101",
            "close": "6.126"
        },
        {
            "time": "15.12.2020 21:01",
            "open": "6.126",
            "high": "6.128",
            "low": "6.126",
            "close": "6.102"
        },
        {
            "time": "15.12.2020 21:02",
            "open": "6.102",
            "high": "6.102",
            "low": "6.101",
            "close": "6.109"
        },
        {
            "time": "15.12.2020 21:03",
            "open": "6.109",
            "high": "6.109",
            "low": "6.109",
            "close": "6.117"
        },
        {
            "time": "15.12.2020 21:04",
            "open": "6.117",
            "high": "6.117",
            "low": "6.117",
            "close": "6.118"
        },
        {
            "time": "15.12.2020 21:05",
            "open": "6.118",
            "high": "6.118",
            "low": "6.118",
            "close": "6.124"
        },
        {
            "time": "15.12.2020 21:08",
            "open": "6.124",
            "high": "6.124",
            "low": "6.124",
            "close": "6.131"
        },
        {
            "time": "15.12.2020 21:16",
            "open": "6.131",
            "high": "6.132",
            "low": "6.131",
            "close": "6.127"
        },
        {
            "time": "15.12.2020 21:18",
            "open": "6.127",
            "high": "6.134",
            "low": "6.127",
            "close": "6.101"
        },
        {
            "time": "15.12.2020 21:23",
            "open": "6.101",
            "high": "6.122",
            "low": "6.091",
            "close": "6.093"
        },
        {
            "time": "15.12.2020 21:25",
            "open": "6.093",
            "high": "6.093",
            "low": "6.093",
            "close": "6.12"
        },
        {
            "time": "15.12.2020 21:37",
            "open": "6.12",
            "high": "6.12",
            "low": "6.12",
            "close": "6.119"
        },
        {
            "time": "15.12.2020 21:52",
            "open": "6.119",
            "high": "6.12",
            "low": "6.119",
            "close": "6.12"
        },
        {
            "time": "15.12.2020 21:55",
            "open": "6.12",
            "high": "6.12",
            "low": "6.12",
            "close": "6.12"
        },
        {
            "time": "15.12.2020 21:56",
            "open": "6.12",
            "high": "6.12",
            "low": "6.12",
            "close": "6.12"
        },
        {
            "time": "15.12.2020 21:59",
            "open": "6.12",
            "high": "6.12",
            "low": "6.12",
            "close": "6.1"
        },
        {
            "time": "15.12.2020 22:41",
            "open": "6.1",
            "high": "6.1",
            "low": "6.1",
            "close": "6.135"
        },
        {
            "time": "15.12.2020 23:09",
            "open": "6.135",
            "high": "6.146",
            "low": "6.135",
            "close": "6.146"
        },
        {
            "time": "15.12.2020 23:36",
            "open": "6.146",
            "high": "6.146",
            "low": "6.146",
            "close": "6.132"
        },
        {
            "time": "15.12.2020 23:46",
            "open": "6.132",
            "high": "6.132",
            "low": "6.132",
            "close": "6.139"
        }
    ]
}