{
    "UMA-EUR": [
        {
            "time": "29.10.2020 07:14",
            "open": "6.203",
            "high": "6.203",
            "low": "6.203",
            "close": "6.189"
        },
        {
            "time": "29.10.2020 07:25",
            "open": "6.186",
            "high": "6.186",
            "low": "6.186",
            "close": "6.199"
        },
        {
            "time": "29.10.2020 07:28",
            "open": "6.199",
            "high": "6.199",
            "low": "6.178",
            "close": "6.172"
        },
        {
            "time": "29.10.2020 07:29",
            "open": "6.172",
            "high": "6.172",
            "low": "6.172",
            "close": "6.171"
        },
        {
            "time": "29.10.2020 07:30",
            "open": "6.171",
            "high": "6.195",
            "low": "6.17",
            "close": "6.17"
        },
        {
            "time": "29.10.2020 07:33",
            "open": "6.17",
            "high": "6.17",
            "low": "6.169",
            "close": "6.173"
        },
        {
            "time": "29.10.2020 07:34",
            "open": "6.173",
            "high": "6.173",
            "low": "6.173",
            "close": "6.186"
        },
        {
            "time": "29.10.2020 07:41",
            "open": "6.186",
            "high": "6.187",
            "low": "6.185",
            "close": "6.193"
        },
        {
            "time": "29.10.2020 07:43",
            "open": "6.193",
            "high": "6.193",
            "low": "6.193",
            "close": "6.197"
        },
        {
            "time": "29.10.2020 07:47",
            "open": "6.197",
            "high": "6.197",
            "low": "6.197",
            "close": "6.203"
        },
        {
            "time": "29.10.2020 07:50",
            "open": "6.203",
            "high": "6.203",
            "low": "6.203",
            "close": "6.2"
        },
        {
            "time": "29.10.2020 07:52",
            "open": "6.2",
            "high": "6.2",
            "low": "6.198",
            "close": "6.198"
        },
        {
            "time": "29.10.2020 07:55",
            "open": "6.198",
            "high": "6.198",
            "low": "6.198",
            "close": "6.193"
        },
        {
            "time": "29.10.2020 07:56",
            "open": "6.193",
            "high": "6.193",
            "low": "6.191",
            "close": "6.199"
        },
        {
            "time": "29.10.2020 07:57",
            "open": "6.199",
            "high": "6.199",
            "low": "6.199",
            "close": "6.185"
        },
        {
            "time": "29.10.2020 07:58",
            "open": "6.185",
            "high": "6.185",
            "low": "6.185",
            "close": "6.194"
        },
        {
            "time": "29.10.2020 08:00",
            "open": "6.194",
            "high": "6.194",
            "low": "6.194",
            "close": "6.182"
        },
        {
            "time": "29.10.2020 08:05",
            "open": "6.182",
            "high": "6.182",
            "low": "6.182",
            "close": "6.181"
        },
        {
            "time": "29.10.2020 08:07",
            "open": "6.181",
            "high": "6.181",
            "low": "6.178",
            "close": "6.177"
        },
        {
            "time": "29.10.2020 08:10",
            "open": "6.177",
            "high": "6.177",
            "low": "6.177",
            "close": "6.186"
        },
        {
            "time": "29.10.2020 08:11",
            "open": "6.186",
            "high": "6.186",
            "low": "6.186",
            "close": "6.188"
        },
        {
            "time": "29.10.2020 08:15",
            "open": "6.188",
            "high": "6.188",
            "low": "6.187",
            "close": "6.187"
        },
        {
            "time": "29.10.2020 08:16",
            "open": "6.187",
            "high": "6.187",
            "low": "6.187",
            "close": "6.185"
        },
        {
            "time": "29.10.2020 08:17",
            "open": "6.185",
            "high": "6.185",
            "low": "6.185",
            "close": "6.187"
        },
        {
            "time": "29.10.2020 08:18",
            "open": "6.187",
            "high": "6.187",
            "low": "6.186",
            "close": "6.187"
        },
        {
            "time": "29.10.2020 08:21",
            "open": "6.187",
            "high": "6.187",
            "low": "6.187",
            "close": "6.191"
        },
        {
            "time": "29.10.2020 08:23",
            "open": "6.191",
            "high": "6.191",
            "low": "6.191",
            "close": "6.173"
        },
        {
            "time": "29.10.2020 08:27",
            "open": "6.173",
            "high": "6.173",
            "low": "6.149",
            "close": "6.15"
        },
        {
            "time": "29.10.2020 08:31",
            "open": "6.15",
            "high": "6.15",
            "low": "6.15",
            "close": "6.159"
        },
        {
            "time": "29.10.2020 08:32",
            "open": "6.159",
            "high": "6.161",
            "low": "6.159",
            "close": "6.16"
        },
        {
            "time": "29.10.2020 08:33",
            "open": "6.16",
            "high": "6.16",
            "low": "6.16",
            "close": "6.157"
        },
        {
            "time": "29.10.2020 08:35",
            "open": "6.157",
            "high": "6.158",
            "low": "6.157",
            "close": "6.147"
        },
        {
            "time": "29.10.2020 08:38",
            "open": "6.147",
            "high": "6.147",
            "low": "6.147",
            "close": "6.161"
        },
        {
            "time": "29.10.2020 08:39",
            "open": "6.161",
            "high": "6.162",
            "low": "6.155",
            "close": "6.148"
        },
        {
            "time": "29.10.2020 08:40",
            "open": "6.148",
            "high": "6.148",
            "low": "6.148",
            "close": "6.152"
        },
        {
            "time": "29.10.2020 08:43",
            "open": "6.152",
            "high": "6.165",
            "low": "6.152",
            "close": "6.166"
        },
        {
            "time": "29.10.2020 08:45",
            "open": "6.166",
            "high": "6.166",
            "low": "6.166",
            "close": "6.154"
        },
        {
            "time": "29.10.2020 08:48",
            "open": "6.154",
            "high": "6.154",
            "low": "6.131",
            "close": "6.138"
        },
        {
            "time": "29.10.2020 08:49",
            "open": "6.138",
            "high": "6.138",
            "low": "6.138",
            "close": "6.139"
        },
        {
            "time": "29.10.2020 08:50",
            "open": "6.139",
            "high": "6.164",
            "low": "6.139",
            "close": "6.136"
        },
        {
            "time": "29.10.2020 08:52",
            "open": "6.136",
            "high": "6.136",
            "low": "6.136",
            "close": "6.136"
        },
        {
            "time": "29.10.2020 08:53",
            "open": "6.136",
            "high": "6.136",
            "low": "6.136",
            "close": "6.145"
        },
        {
            "time": "29.10.2020 08:54",
            "open": "6.145",
            "high": "6.145",
            "low": "6.145",
            "close": "6.148"
        },
        {
            "time": "29.10.2020 08:57",
            "open": "6.148",
            "high": "6.149",
            "low": "6.148",
            "close": "6.131"
        },
        {
            "time": "29.10.2020 08:58",
            "open": "6.131",
            "high": "6.131",
            "low": "6.131",
            "close": "6.131"
        },
        {
            "time": "29.10.2020 08:59",
            "open": "6.131",
            "high": "6.132",
            "low": "6.127",
            "close": "6.139"
        },
        {
            "time": "29.10.2020 09:01",
            "open": "6.139",
            "high": "6.139",
            "low": "6.139",
            "close": "6.14"
        },
        {
            "time": "29.10.2020 09:02",
            "open": "6.14",
            "high": "6.149",
            "low": "6.14",
            "close": "6.123"
        },
        {
            "time": "29.10.2020 09:04",
            "open": "6.123",
            "high": "6.123",
            "low": "6.123",
            "close": "6.122"
        },
        {
            "time": "29.10.2020 09:05",
            "open": "6.122",
            "high": "6.122",
            "low": "6.122",
            "close": "6.115"
        },
        {
            "time": "29.10.2020 09:06",
            "open": "6.115",
            "high": "6.124",
            "low": "6.115",
            "close": "6.125"
        },
        {
            "time": "29.10.2020 09:07",
            "open": "6.125",
            "high": "6.125",
            "low": "6.108",
            "close": "6.125"
        },
        {
            "time": "29.10.2020 09:10",
            "open": "6.125",
            "high": "6.125",
            "low": "6.125",
            "close": "6.094"
        },
        {
            "time": "29.10.2020 09:11",
            "open": "6.094",
            "high": "6.094",
            "low": "6.091",
            "close": "6.087"
        },
        {
            "time": "29.10.2020 09:12",
            "open": "6.087",
            "high": "6.1",
            "low": "6.087",
            "close": "6.088"
        },
        {
            "time": "29.10.2020 09:13",
            "open": "6.088",
            "high": "6.088",
            "low": "6.082",
            "close": "6.093"
        },
        {
            "time": "29.10.2020 09:17",
            "open": "6.093",
            "high": "6.093",
            "low": "6.092",
            "close": "6.07"
        },
        {
            "time": "29.10.2020 09:19",
            "open": "6.07",
            "high": "6.07",
            "low": "6.07",
            "close": "6.097"
        },
        {
            "time": "29.10.2020 09:20",
            "open": "6.097",
            "high": "6.098",
            "low": "6.075",
            "close": "6.098"
        },
        {
            "time": "29.10.2020 09:23",
            "open": "6.098",
            "high": "6.098",
            "low": "6.098",
            "close": "6.093"
        },
        {
            "time": "29.10.2020 09:24",
            "open": "6.093",
            "high": "6.093",
            "low": "6.091",
            "close": "6.088"
        },
        {
            "time": "29.10.2020 09:25",
            "open": "6.088",
            "high": "6.109",
            "low": "6.088",
            "close": "6.094"
        },
        {
            "time": "29.10.2020 09:26",
            "open": "6.094",
            "high": "6.094",
            "low": "6.094",
            "close": "6.1"
        },
        {
            "time": "29.10.2020 09:27",
            "open": "6.1",
            "high": "6.1",
            "low": "6.1",
            "close": "6.101"
        },
        {
            "time": "29.10.2020 09:28",
            "open": "6.101",
            "high": "6.101",
            "low": "6.101",
            "close": "6.118"
        },
        {
            "time": "29.10.2020 09:29",
            "open": "6.118",
            "high": "6.118",
            "low": "6.118",
            "close": "6.111"
        },
        {
            "time": "29.10.2020 09:34",
            "open": "6.111",
            "high": "6.111",
            "low": "6.111",
            "close": "6.117"
        },
        {
            "time": "29.10.2020 09:37",
            "open": "6.117",
            "high": "6.117",
            "low": "6.117",
            "close": "6.124"
        },
        {
            "time": "29.10.2020 09:38",
            "open": "6.124",
            "high": "6.124",
            "low": "6.094",
            "close": "6.111"
        },
        {
            "time": "29.10.2020 09:39",
            "open": "6.111",
            "high": "6.111",
            "low": "6.111",
            "close": "6.123"
        },
        {
            "time": "29.10.2020 09:40",
            "open": "6.123",
            "high": "6.133",
            "low": "6.123",
            "close": "6.131"
        },
        {
            "time": "29.10.2020 09:44",
            "open": "6.131",
            "high": "6.131",
            "low": "6.123",
            "close": "6.132"
        },
        {
            "time": "29.10.2020 09:45",
            "open": "6.132",
            "high": "6.134",
            "low": "6.127",
            "close": "6.125"
        },
        {
            "time": "29.10.2020 09:46",
            "open": "6.125",
            "high": "6.138",
            "low": "6.116",
            "close": "6.116"
        },
        {
            "time": "29.10.2020 09:51",
            "open": "6.116",
            "high": "6.137",
            "low": "6.116",
            "close": "6.133"
        },
        {
            "time": "29.10.2020 09:52",
            "open": "6.133",
            "high": "6.133",
            "low": "6.133",
            "close": "6.136"
        },
        {
            "time": "29.10.2020 09:55",
            "open": "6.136",
            "high": "6.136",
            "low": "6.121",
            "close": "6.131"
        },
        {
            "time": "29.10.2020 09:56",
            "open": "6.131",
            "high": "6.131",
            "low": "6.118",
            "close": "6.1"
        },
        {
            "time": "29.10.2020 09:57",
            "open": "6.1",
            "high": "6.1",
            "low": "6.1",
            "close": "6.112"
        },
        {
            "time": "29.10.2020 09:58",
            "open": "6.112",
            "high": "6.136",
            "low": "6.11",
            "close": "6.115"
        },
        {
            "time": "29.10.2020 09:59",
            "open": "6.115",
            "high": "6.115",
            "low": "6.115",
            "close": "6.126"
        },
        {
            "time": "29.10.2020 10:00",
            "open": "6.122",
            "high": "6.122",
            "low": "6.122",
            "close": "6.123"
        },
        {
            "time": "29.10.2020 10:03",
            "open": "6.123",
            "high": "6.123",
            "low": "6.123",
            "close": "6.114"
        },
        {
            "time": "29.10.2020 10:05",
            "open": "6.114",
            "high": "6.128",
            "low": "6.114",
            "close": "6.126"
        },
        {
            "time": "29.10.2020 10:06",
            "open": "6.126",
            "high": "6.126",
            "low": "6.126",
            "close": "6.098"
        },
        {
            "time": "29.10.2020 10:07",
            "open": "6.098",
            "high": "6.098",
            "low": "6.098",
            "close": "6.133"
        },
        {
            "time": "29.10.2020 10:08",
            "open": "6.133",
            "high": "6.133",
            "low": "6.133",
            "close": "6.134"
        },
        {
            "time": "29.10.2020 10:09",
            "open": "6.134",
            "high": "6.134",
            "low": "6.133",
            "close": "6.148"
        },
        {
            "time": "29.10.2020 10:10",
            "open": "6.148",
            "high": "6.149",
            "low": "6.141",
            "close": "6.122"
        },
        {
            "time": "29.10.2020 10:14",
            "open": "6.122",
            "high": "6.122",
            "low": "6.122",
            "close": "6.108"
        },
        {
            "time": "29.10.2020 10:15",
            "open": "6.108",
            "high": "6.138",
            "low": "6.108",
            "close": "6.146"
        },
        {
            "time": "29.10.2020 10:16",
            "open": "6.146",
            "high": "6.153",
            "low": "6.115",
            "close": "6.131"
        },
        {
            "time": "29.10.2020 10:17",
            "open": "6.131",
            "high": "6.131",
            "low": "6.11",
            "close": "6.137"
        },
        {
            "time": "29.10.2020 10:18",
            "open": "6.137",
            "high": "6.137",
            "low": "6.117",
            "close": "6.138"
        },
        {
            "time": "29.10.2020 10:19",
            "open": "6.138",
            "high": "6.138",
            "low": "6.134",
            "close": "6.134"
        },
        {
            "time": "29.10.2020 10:20",
            "open": "6.134",
            "high": "6.135",
            "low": "6.133",
            "close": "6.126"
        },
        {
            "time": "29.10.2020 10:21",
            "open": "6.126",
            "high": "6.126",
            "low": "6.125",
            "close": "6.133"
        },
        {
            "time": "29.10.2020 10:22",
            "open": "6.133",
            "high": "6.133",
            "low": "6.125",
            "close": "6.137"
        },
        {
            "time": "29.10.2020 10:26",
            "open": "6.137",
            "high": "6.14",
            "low": "6.137",
            "close": "6.134"
        },
        {
            "time": "29.10.2020 10:27",
            "open": "6.134",
            "high": "6.134",
            "low": "6.134",
            "close": "6.132"
        },
        {
            "time": "29.10.2020 10:28",
            "open": "6.132",
            "high": "6.132",
            "low": "6.132",
            "close": "6.119"
        },
        {
            "time": "29.10.2020 10:31",
            "open": "6.119",
            "high": "6.119",
            "low": "6.115",
            "close": "6.115"
        },
        {
            "time": "29.10.2020 10:32",
            "open": "6.115",
            "high": "6.122",
            "low": "6.108",
            "close": "6.11"
        },
        {
            "time": "29.10.2020 10:33",
            "open": "6.11",
            "high": "6.111",
            "low": "6.107",
            "close": "6.101"
        },
        {
            "time": "29.10.2020 10:34",
            "open": "6.101",
            "high": "6.101",
            "low": "6.097",
            "close": "6.095"
        },
        {
            "time": "29.10.2020 10:35",
            "open": "6.095",
            "high": "6.095",
            "low": "6.093",
            "close": "6.098"
        },
        {
            "time": "29.10.2020 10:37",
            "open": "6.098",
            "high": "6.098",
            "low": "6.098",
            "close": "6.097"
        },
        {
            "time": "29.10.2020 10:38",
            "open": "6.097",
            "high": "6.099",
            "low": "6.097",
            "close": "6.115"
        },
        {
            "time": "29.10.2020 10:42",
            "open": "6.115",
            "high": "6.115",
            "low": "6.115",
            "close": "6.105"
        },
        {
            "time": "29.10.2020 10:45",
            "open": "6.105",
            "high": "6.134",
            "low": "6.105",
            "close": "6.12"
        },
        {
            "time": "29.10.2020 10:46",
            "open": "6.12",
            "high": "6.139",
            "low": "6.12",
            "close": "6.134"
        },
        {
            "time": "29.10.2020 10:47",
            "open": "6.134",
            "high": "6.134",
            "low": "6.134",
            "close": "6.135"
        },
        {
            "time": "29.10.2020 10:48",
            "open": "6.135",
            "high": "6.14",
            "low": "6.132",
            "close": "6.134"
        },
        {
            "time": "29.10.2020 10:51",
            "open": "6.134",
            "high": "6.134",
            "low": "6.134",
            "close": "6.133"
        },
        {
            "time": "29.10.2020 10:53",
            "open": "6.133",
            "high": "6.135",
            "low": "6.133",
            "close": "6.147"
        },
        {
            "time": "29.10.2020 10:54",
            "open": "6.147",
            "high": "6.147",
            "low": "6.147",
            "close": "6.13"
        },
        {
            "time": "29.10.2020 10:55",
            "open": "6.13",
            "high": "6.144",
            "low": "6.13",
            "close": "6.149"
        },
        {
            "time": "29.10.2020 10:56",
            "open": "6.149",
            "high": "6.152",
            "low": "6.14",
            "close": "6.147"
        },
        {
            "time": "29.10.2020 10:58",
            "open": "6.147",
            "high": "6.147",
            "low": "6.147",
            "close": "6.14"
        },
        {
            "time": "29.10.2020 10:59",
            "open": "6.14",
            "high": "6.153",
            "low": "6.14",
            "close": "6.131"
        },
        {
            "time": "29.10.2020 11:02",
            "open": "6.131",
            "high": "6.131",
            "low": "6.13",
            "close": "6.129"
        },
        {
            "time": "29.10.2020 11:04",
            "open": "6.129",
            "high": "6.13",
            "low": "6.127",
            "close": "6.144"
        },
        {
            "time": "29.10.2020 11:05",
            "open": "6.144",
            "high": "6.15",
            "low": "6.144",
            "close": "6.15"
        },
        {
            "time": "29.10.2020 11:06",
            "open": "6.15",
            "high": "6.15",
            "low": "6.15",
            "close": "6.148"
        },
        {
            "time": "29.10.2020 11:08",
            "open": "6.148",
            "high": "6.148",
            "low": "6.132",
            "close": "6.134"
        },
        {
            "time": "29.10.2020 11:10",
            "open": "6.134",
            "high": "6.151",
            "low": "6.134",
            "close": "6.132"
        },
        {
            "time": "29.10.2020 11:12",
            "open": "6.132",
            "high": "6.132",
            "low": "6.13",
            "close": "6.129"
        },
        {
            "time": "29.10.2020 11:13",
            "open": "6.129",
            "high": "6.141",
            "low": "6.121",
            "close": "6.144"
        },
        {
            "time": "29.10.2020 11:14",
            "open": "6.144",
            "high": "6.144",
            "low": "6.144",
            "close": "6.145"
        },
        {
            "time": "29.10.2020 11:15",
            "open": "6.145",
            "high": "6.145",
            "low": "6.145",
            "close": "6.129"
        },
        {
            "time": "29.10.2020 11:17",
            "open": "6.129",
            "high": "6.133",
            "low": "6.129",
            "close": "6.12"
        },
        {
            "time": "29.10.2020 11:18",
            "open": "6.12",
            "high": "6.12",
            "low": "6.119",
            "close": "6.116"
        },
        {
            "time": "29.10.2020 11:21",
            "open": "6.116",
            "high": "6.125",
            "low": "6.116",
            "close": "6.121"
        },
        {
            "time": "29.10.2020 11:22",
            "open": "6.121",
            "high": "6.124",
            "low": "6.121",
            "close": "6.108"
        },
        {
            "time": "29.10.2020 11:25",
            "open": "6.108",
            "high": "6.117",
            "low": "6.105",
            "close": "6.117"
        },
        {
            "time": "29.10.2020 11:26",
            "open": "6.117",
            "high": "6.117",
            "low": "6.106",
            "close": "6.108"
        },
        {
            "time": "29.10.2020 11:27",
            "open": "6.108",
            "high": "6.108",
            "low": "6.105",
            "close": "6.12"
        },
        {
            "time": "29.10.2020 11:28",
            "open": "6.12",
            "high": "6.12",
            "low": "6.12",
            "close": "6.117"
        },
        {
            "time": "29.10.2020 11:31",
            "open": "6.117",
            "high": "6.117",
            "low": "6.117",
            "close": "6.11"
        },
        {
            "time": "29.10.2020 11:32",
            "open": "6.11",
            "high": "6.117",
            "low": "6.11",
            "close": "6.126"
        },
        {
            "time": "29.10.2020 11:33",
            "open": "6.126",
            "high": "6.127",
            "low": "6.108",
            "close": "6.11"
        },
        {
            "time": "29.10.2020 11:34",
            "open": "6.11",
            "high": "6.11",
            "low": "6.103",
            "close": "6.098"
        },
        {
            "time": "29.10.2020 11:35",
            "open": "6.098",
            "high": "6.098",
            "low": "6.08",
            "close": "6.101"
        },
        {
            "time": "29.10.2020 11:36",
            "open": "6.101",
            "high": "6.101",
            "low": "6.101",
            "close": "6.111"
        },
        {
            "time": "29.10.2020 11:40",
            "open": "6.111",
            "high": "6.111",
            "low": "6.111",
            "close": "6.117"
        },
        {
            "time": "29.10.2020 11:42",
            "open": "6.117",
            "high": "6.117",
            "low": "6.117",
            "close": "6.118"
        },
        {
            "time": "29.10.2020 11:43",
            "open": "6.118",
            "high": "6.119",
            "low": "6.115",
            "close": "6.096"
        },
        {
            "time": "29.10.2020 11:44",
            "open": "6.097",
            "high": "6.1",
            "low": "6.095",
            "close": "6.117"
        },
        {
            "time": "29.10.2020 11:51",
            "open": "6.117",
            "high": "6.117",
            "low": "6.117",
            "close": "6.119"
        },
        {
            "time": "29.10.2020 11:53",
            "open": "6.119",
            "high": "6.119",
            "low": "6.107",
            "close": "6.1"
        },
        {
            "time": "29.10.2020 11:57",
            "open": "6.1",
            "high": "6.109",
            "low": "6.1",
            "close": "6.074"
        },
        {
            "time": "29.10.2020 11:59",
            "open": "6.074",
            "high": "6.074",
            "low": "6.068",
            "close": "6.057"
        },
        {
            "time": "29.10.2020 12:00",
            "open": "6.057",
            "high": "6.057",
            "low": "6.051",
            "close": "6.089"
        },
        {
            "time": "29.10.2020 12:03",
            "open": "6.089",
            "high": "6.089",
            "low": "6.089",
            "close": "6.089"
        },
        {
            "time": "29.10.2020 12:05",
            "open": "6.089",
            "high": "6.089",
            "low": "6.089",
            "close": "6.089"
        },
        {
            "time": "29.10.2020 12:06",
            "open": "6.089",
            "high": "6.09",
            "low": "6.089",
            "close": "6.098"
        },
        {
            "time": "29.10.2020 12:11",
            "open": "6.098",
            "high": "6.099",
            "low": "6.098",
            "close": "6.099"
        },
        {
            "time": "29.10.2020 12:12",
            "open": "6.099",
            "high": "6.118",
            "low": "6.099",
            "close": "6.118"
        },
        {
            "time": "29.10.2020 12:13",
            "open": "6.118",
            "high": "6.118",
            "low": "6.104",
            "close": "6.102"
        },
        {
            "time": "29.10.2020 12:14",
            "open": "6.102",
            "high": "6.117",
            "low": "6.102",
            "close": "6.109"
        },
        {
            "time": "29.10.2020 12:15",
            "open": "6.109",
            "high": "6.109",
            "low": "6.109",
            "close": "6.078"
        },
        {
            "time": "29.10.2020 12:16",
            "open": "6.078",
            "high": "6.078",
            "low": "6.078",
            "close": "6.098"
        },
        {
            "time": "29.10.2020 12:21",
            "open": "6.098",
            "high": "6.117",
            "low": "6.098",
            "close": "6.102"
        },
        {
            "time": "29.10.2020 12:22",
            "open": "6.102",
            "high": "6.102",
            "low": "6.101",
            "close": "6.116"
        },
        {
            "time": "29.10.2020 12:23",
            "open": "6.116",
            "high": "6.116",
            "low": "6.103",
            "close": "6.098"
        },
        {
            "time": "29.10.2020 12:24",
            "open": "6.098",
            "high": "6.101",
            "low": "6.084",
            "close": "6.08"
        },
        {
            "time": "29.10.2020 12:25",
            "open": "6.08",
            "high": "6.088",
            "low": "6.08",
            "close": "6.095"
        },
        {
            "time": "29.10.2020 12:26",
            "open": "6.095",
            "high": "6.107",
            "low": "6.095",
            "close": "6.092"
        },
        {
            "time": "29.10.2020 12:27",
            "open": "6.092",
            "high": "6.092",
            "low": "6.087",
            "close": "6.114"
        },
        {
            "time": "29.10.2020 12:29",
            "open": "6.114",
            "high": "6.114",
            "low": "6.114",
            "close": "6.106"
        },
        {
            "time": "29.10.2020 12:30",
            "open": "6.106",
            "high": "6.112",
            "low": "6.106",
            "close": "6.096"
        },
        {
            "time": "29.10.2020 12:31",
            "open": "6.096",
            "high": "6.096",
            "low": "6.096",
            "close": "6.106"
        },
        {
            "time": "29.10.2020 12:32",
            "open": "6.106",
            "high": "6.119",
            "low": "6.106",
            "close": "6.119"
        },
        {
            "time": "29.10.2020 12:33",
            "open": "6.119",
            "high": "6.128",
            "low": "6.119",
            "close": "6.12"
        },
        {
            "time": "29.10.2020 12:36",
            "open": "6.12",
            "high": "6.136",
            "low": "6.12",
            "close": "6.122"
        },
        {
            "time": "29.10.2020 12:37",
            "open": "6.122",
            "high": "6.122",
            "low": "6.119",
            "close": "6.12"
        },
        {
            "time": "29.10.2020 12:38",
            "open": "6.12",
            "high": "6.12",
            "low": "6.12",
            "close": "6.112"
        },
        {
            "time": "29.10.2020 12:40",
            "open": "6.112",
            "high": "6.112",
            "low": "6.11",
            "close": "6.111"
        },
        {
            "time": "29.10.2020 12:41",
            "open": "6.111",
            "high": "6.113",
            "low": "6.095",
            "close": "6.114"
        },
        {
            "time": "29.10.2020 12:42",
            "open": "6.114",
            "high": "6.114",
            "low": "6.109",
            "close": "6.117"
        },
        {
            "time": "29.10.2020 12:46",
            "open": "6.117",
            "high": "6.12",
            "low": "6.117",
            "close": "6.107"
        },
        {
            "time": "29.10.2020 12:47",
            "open": "6.107",
            "high": "6.107",
            "low": "6.104",
            "close": "6.104"
        },
        {
            "time": "29.10.2020 12:48",
            "open": "6.104",
            "high": "6.107",
            "low": "6.095",
            "close": "6.096"
        },
        {
            "time": "29.10.2020 12:49",
            "open": "6.096",
            "high": "6.096",
            "low": "6.08",
            "close": "6.103"
        },
        {
            "time": "29.10.2020 12:51",
            "open": "6.103",
            "high": "6.103",
            "low": "6.103",
            "close": "6.1"
        },
        {
            "time": "29.10.2020 12:53",
            "open": "6.1",
            "high": "6.1",
            "low": "6.1",
            "close": "6.1"
        },
        {
            "time": "29.10.2020 12:57",
            "open": "6.1",
            "high": "6.1",
            "low": "6.1",
            "close": "6.088"
        },
        {
            "time": "29.10.2020 12:58",
            "open": "6.088",
            "high": "6.088",
            "low": "6.088",
            "close": "6.072"
        },
        {
            "time": "29.10.2020 13:00",
            "open": "6.072",
            "high": "6.072",
            "low": "6.072",
            "close": "6.079"
        },
        {
            "time": "29.10.2020 13:01",
            "open": "6.079",
            "high": "6.079",
            "low": "6.064",
            "close": "6.067"
        },
        {
            "time": "29.10.2020 13:02",
            "open": "6.067",
            "high": "6.095",
            "low": "6.067",
            "close": "6.077"
        },
        {
            "time": "29.10.2020 13:06",
            "open": "6.077",
            "high": "6.077",
            "low": "6.069",
            "close": "6.06"
        },
        {
            "time": "29.10.2020 13:07",
            "open": "6.06",
            "high": "6.087",
            "low": "6.06",
            "close": "6.094"
        },
        {
            "time": "29.10.2020 13:08",
            "open": "6.094",
            "high": "6.094",
            "low": "6.094",
            "close": "6.081"
        },
        {
            "time": "29.10.2020 13:11",
            "open": "6.081",
            "high": "6.084",
            "low": "6.081",
            "close": "6.071"
        },
        {
            "time": "29.10.2020 13:13",
            "open": "6.071",
            "high": "6.08",
            "low": "6.071",
            "close": "6.08"
        },
        {
            "time": "29.10.2020 13:14",
            "open": "6.08",
            "high": "6.08",
            "low": "6.035",
            "close": "6.031"
        },
        {
            "time": "29.10.2020 13:18",
            "open": "6.031",
            "high": "6.035",
            "low": "6.031",
            "close": "6.031"
        },
        {
            "time": "29.10.2020 13:19",
            "open": "6.031",
            "high": "6.031",
            "low": "6.031",
            "close": "6.034"
        },
        {
            "time": "29.10.2020 13:22",
            "open": "6.034",
            "high": "6.04",
            "low": "6.034",
            "close": "6.035"
        },
        {
            "time": "29.10.2020 13:23",
            "open": "6.035",
            "high": "6.042",
            "low": "6.035",
            "close": "6.038"
        },
        {
            "time": "29.10.2020 13:24",
            "open": "6.038",
            "high": "6.044",
            "low": "6.038",
            "close": "6.048"
        },
        {
            "time": "29.10.2020 13:25",
            "open": "6.048",
            "high": "6.048",
            "low": "6.035",
            "close": "6.04"
        },
        {
            "time": "29.10.2020 13:26",
            "open": "6.04",
            "high": "6.046",
            "low": "6.04",
            "close": "6.035"
        },
        {
            "time": "29.10.2020 13:27",
            "open": "6.035",
            "high": "6.035",
            "low": "6.031",
            "close": "6.031"
        },
        {
            "time": "29.10.2020 13:28",
            "open": "6.031",
            "high": "6.031",
            "low": "6.03",
            "close": "6.026"
        },
        {
            "time": "29.10.2020 13:29",
            "open": "6.026",
            "high": "6.045",
            "low": "6.026",
            "close": "6.066"
        },
        {
            "time": "29.10.2020 13:30",
            "open": "6.066",
            "high": "6.066",
            "low": "6.03",
            "close": "6.035"
        },
        {
            "time": "29.10.2020 13:31",
            "open": "6.035",
            "high": "6.035",
            "low": "6.017",
            "close": "6.039"
        },
        {
            "time": "29.10.2020 13:32",
            "open": "6.039",
            "high": "6.039",
            "low": "6.027",
            "close": "6.036"
        },
        {
            "time": "29.10.2020 13:33",
            "open": "6.036",
            "high": "6.036",
            "low": "6.03",
            "close": "6.03"
        },
        {
            "time": "29.10.2020 13:34",
            "open": "6.03",
            "high": "6.03",
            "low": "6.03",
            "close": "6.041"
        },
        {
            "time": "29.10.2020 13:35",
            "open": "6.041",
            "high": "6.041",
            "low": "6.03",
            "close": "6.043"
        },
        {
            "time": "29.10.2020 13:36",
            "open": "6.043",
            "high": "6.055",
            "low": "6.043",
            "close": "6.042"
        },
        {
            "time": "29.10.2020 13:39",
            "open": "6.042",
            "high": "6.042",
            "low": "6.042",
            "close": "6.04"
        },
        {
            "time": "29.10.2020 13:40",
            "open": "6.04",
            "high": "6.049",
            "low": "6.04",
            "close": "6.05"
        },
        {
            "time": "29.10.2020 13:45",
            "open": "6.05",
            "high": "6.05",
            "low": "6.05",
            "close": "6.031"
        },
        {
            "time": "29.10.2020 13:47",
            "open": "6.031",
            "high": "6.048",
            "low": "6.031",
            "close": "6.034"
        },
        {
            "time": "29.10.2020 13:48",
            "open": "6.034",
            "high": "6.036",
            "low": "6.034",
            "close": "6.029"
        },
        {
            "time": "29.10.2020 13:49",
            "open": "6.029",
            "high": "6.029",
            "low": "6.028",
            "close": "6.022"
        },
        {
            "time": "29.10.2020 13:51",
            "open": "6.022",
            "high": "6.046",
            "low": "6.022",
            "close": "6.034"
        },
        {
            "time": "29.10.2020 13:52",
            "open": "6.034",
            "high": "6.034",
            "low": "6.034",
            "close": "6.055"
        },
        {
            "time": "29.10.2020 13:53",
            "open": "6.055",
            "high": "6.055",
            "low": "6.055",
            "close": "6.05"
        },
        {
            "time": "29.10.2020 13:55",
            "open": "6.05",
            "high": "6.05",
            "low": "6.05",
            "close": "6.053"
        },
        {
            "time": "29.10.2020 13:56",
            "open": "6.053",
            "high": "6.053",
            "low": "6.04",
            "close": "6.055"
        },
        {
            "time": "29.10.2020 13:58",
            "open": "6.055",
            "high": "6.055",
            "low": "6.055",
            "close": "6.062"
        },
        {
            "time": "29.10.2020 14:00",
            "open": "6.062",
            "high": "6.062",
            "low": "6.054",
            "close": "6.041"
        },
        {
            "time": "29.10.2020 14:02",
            "open": "6.041",
            "high": "6.041",
            "low": "6.041",
            "close": "6.039"
        },
        {
            "time": "29.10.2020 14:04",
            "open": "6.039",
            "high": "6.039",
            "low": "6.035",
            "close": "6.044"
        },
        {
            "time": "29.10.2020 14:07",
            "open": "6.044",
            "high": "6.061",
            "low": "6.043",
            "close": "6.035"
        },
        {
            "time": "29.10.2020 14:12",
            "open": "6.035",
            "high": "6.035",
            "low": "6.035",
            "close": "6.041"
        },
        {
            "time": "29.10.2020 14:14",
            "open": "6.041",
            "high": "6.05",
            "low": "6.041",
            "close": "6.058"
        },
        {
            "time": "29.10.2020 14:15",
            "open": "6.058",
            "high": "6.058",
            "low": "6.058",
            "close": "6.059"
        },
        {
            "time": "29.10.2020 14:16",
            "open": "6.059",
            "high": "6.059",
            "low": "6.059",
            "close": "6.073"
        },
        {
            "time": "29.10.2020 14:19",
            "open": "6.073",
            "high": "6.073",
            "low": "6.073",
            "close": "6.061"
        },
        {
            "time": "29.10.2020 14:23",
            "open": "6.061",
            "high": "6.061",
            "low": "6.061",
            "close": "6.061"
        },
        {
            "time": "29.10.2020 14:24",
            "open": "6.06",
            "high": "6.06",
            "low": "6.06",
            "close": "6.035"
        },
        {
            "time": "29.10.2020 14:26",
            "open": "6.035",
            "high": "6.059",
            "low": "6.035",
            "close": "6.048"
        },
        {
            "time": "29.10.2020 14:29",
            "open": "6.048",
            "high": "6.048",
            "low": "6.048",
            "close": "6.06"
        },
        {
            "time": "29.10.2020 14:30",
            "open": "6.06",
            "high": "6.06",
            "low": "6.06",
            "close": "6.067"
        },
        {
            "time": "29.10.2020 14:31",
            "open": "6.067",
            "high": "6.067",
            "low": "6.067",
            "close": "6.074"
        },
        {
            "time": "29.10.2020 14:32",
            "open": "6.074",
            "high": "6.086",
            "low": "6.074",
            "close": "6.084"
        },
        {
            "time": "29.10.2020 14:33",
            "open": "6.084",
            "high": "6.086",
            "low": "6.084",
            "close": "6.086"
        },
        {
            "time": "29.10.2020 14:34",
            "open": "6.086",
            "high": "6.087",
            "low": "6.086",
            "close": "6.072"
        },
        {
            "time": "29.10.2020 14:35",
            "open": "6.072",
            "high": "6.115",
            "low": "6.072",
            "close": "6.095"
        },
        {
            "time": "29.10.2020 14:36",
            "open": "6.095",
            "high": "6.095",
            "low": "6.095",
            "close": "6.1"
        },
        {
            "time": "29.10.2020 14:38",
            "open": "6.1",
            "high": "6.103",
            "low": "6.092",
            "close": "6.104"
        },
        {
            "time": "29.10.2020 14:39",
            "open": "6.104",
            "high": "6.104",
            "low": "6.089",
            "close": "6.087"
        },
        {
            "time": "29.10.2020 14:40",
            "open": "6.087",
            "high": "6.087",
            "low": "6.087",
            "close": "6.079"
        },
        {
            "time": "29.10.2020 14:43",
            "open": "6.079",
            "high": "6.079",
            "low": "6.079",
            "close": "6.083"
        },
        {
            "time": "29.10.2020 14:44",
            "open": "6.083",
            "high": "6.083",
            "low": "6.083",
            "close": "6.106"
        },
        {
            "time": "29.10.2020 14:45",
            "open": "6.106",
            "high": "6.107",
            "low": "6.106",
            "close": "6.084"
        },
        {
            "time": "29.10.2020 14:47",
            "open": "6.084",
            "high": "6.084",
            "low": "6.084",
            "close": "6.092"
        },
        {
            "time": "29.10.2020 14:48",
            "open": "6.092",
            "high": "6.092",
            "low": "6.092",
            "close": "6.1"
        },
        {
            "time": "29.10.2020 14:49",
            "open": "6.1",
            "high": "6.1",
            "low": "6.08",
            "close": "6.096"
        },
        {
            "time": "29.10.2020 14:50",
            "open": "6.096",
            "high": "6.099",
            "low": "6.096",
            "close": "6.082"
        },
        {
            "time": "29.10.2020 14:51",
            "open": "6.082",
            "high": "6.082",
            "low": "6.082",
            "close": "6.088"
        },
        {
            "time": "29.10.2020 14:54",
            "open": "6.088",
            "high": "6.088",
            "low": "6.088",
            "close": "6.102"
        },
        {
            "time": "29.10.2020 14:57",
            "open": "6.102",
            "high": "6.102",
            "low": "6.102",
            "close": "6.101"
        },
        {
            "time": "29.10.2020 15:00",
            "open": "6.101",
            "high": "6.101",
            "low": "6.077",
            "close": "6.114"
        },
        {
            "time": "29.10.2020 15:03",
            "open": "6.114",
            "high": "6.114",
            "low": "6.114",
            "close": "6.11"
        },
        {
            "time": "29.10.2020 15:05",
            "open": "6.11",
            "high": "6.116",
            "low": "6.11",
            "close": "6.111"
        },
        {
            "time": "29.10.2020 15:06",
            "open": "6.111",
            "high": "6.111",
            "low": "6.111",
            "close": "6.131"
        },
        {
            "time": "29.10.2020 15:07",
            "open": "6.131",
            "high": "6.131",
            "low": "6.131",
            "close": "6.127"
        },
        {
            "time": "29.10.2020 15:10",
            "open": "6.127",
            "high": "6.127",
            "low": "6.127",
            "close": "6.12"
        },
        {
            "time": "29.10.2020 15:14",
            "open": "6.12",
            "high": "6.128",
            "low": "6.12",
            "close": "6.148"
        },
        {
            "time": "29.10.2020 15:18",
            "open": "6.148",
            "high": "6.16",
            "low": "6.148",
            "close": "6.144"
        },
        {
            "time": "29.10.2020 15:19",
            "open": "6.144",
            "high": "6.144",
            "low": "6.14",
            "close": "6.153"
        },
        {
            "time": "29.10.2020 15:21",
            "open": "6.153",
            "high": "6.157",
            "low": "6.153",
            "close": "6.14"
        },
        {
            "time": "29.10.2020 15:22",
            "open": "6.14",
            "high": "6.166",
            "low": "6.138",
            "close": "6.168"
        },
        {
            "time": "29.10.2020 15:24",
            "open": "6.168",
            "high": "6.168",
            "low": "6.168",
            "close": "6.167"
        },
        {
            "time": "29.10.2020 15:25",
            "open": "6.167",
            "high": "6.167",
            "low": "6.167",
            "close": "6.167"
        },
        {
            "time": "29.10.2020 15:28",
            "open": "6.167",
            "high": "6.167",
            "low": "6.167",
            "close": "6.19"
        },
        {
            "time": "29.10.2020 15:30",
            "open": "6.19",
            "high": "6.19",
            "low": "6.19",
            "close": "6.171"
        },
        {
            "time": "29.10.2020 15:31",
            "open": "6.171",
            "high": "6.176",
            "low": "6.163",
            "close": "6.174"
        },
        {
            "time": "29.10.2020 15:32",
            "open": "6.174",
            "high": "6.176",
            "low": "6.17",
            "close": "6.17"
        },
        {
            "time": "29.10.2020 15:33",
            "open": "6.17",
            "high": "6.17",
            "low": "6.169",
            "close": "6.164"
        },
        {
            "time": "29.10.2020 15:36",
            "open": "6.164",
            "high": "6.164",
            "low": "6.164",
            "close": "6.182"
        },
        {
            "time": "29.10.2020 15:42",
            "open": "6.182",
            "high": "6.182",
            "low": "6.182",
            "close": "6.177"
        },
        {
            "time": "29.10.2020 15:46",
            "open": "6.177",
            "high": "6.177",
            "low": "6.177",
            "close": "6.183"
        },
        {
            "time": "29.10.2020 15:47",
            "open": "6.183",
            "high": "6.183",
            "low": "6.183",
            "close": "6.21"
        },
        {
            "time": "29.10.2020 15:56",
            "open": "6.21",
            "high": "6.239",
            "low": "6.21",
            "close": "6.219"
        },
        {
            "time": "29.10.2020 15:57",
            "open": "6.219",
            "high": "6.219",
            "low": "6.217",
            "close": "6.23"
        },
        {
            "time": "29.10.2020 16:00",
            "open": "6.23",
            "high": "6.23",
            "low": "6.23",
            "close": "6.235"
        },
        {
            "time": "29.10.2020 16:06",
            "open": "6.235",
            "high": "6.243",
            "low": "6.235",
            "close": "6.248"
        },
        {
            "time": "29.10.2020 16:09",
            "open": "6.248",
            "high": "6.248",
            "low": "6.248",
            "close": "6.249"
        },
        {
            "time": "29.10.2020 16:11",
            "open": "6.249",
            "high": "6.255",
            "low": "6.249",
            "close": "6.26"
        },
        {
            "time": "29.10.2020 16:13",
            "open": "6.26",
            "high": "6.26",
            "low": "6.26",
            "close": "6.26"
        },
        {
            "time": "29.10.2020 16:18",
            "open": "6.26",
            "high": "6.274",
            "low": "6.26",
            "close": "6.254"
        },
        {
            "time": "29.10.2020 16:21",
            "open": "6.254",
            "high": "6.254",
            "low": "6.254",
            "close": "6.27"
        },
        {
            "time": "29.10.2020 16:27",
            "open": "6.27",
            "high": "6.301",
            "low": "6.27",
            "close": "6.302"
        },
        {
            "time": "29.10.2020 16:28",
            "open": "6.302",
            "high": "6.302",
            "low": "6.302",
            "close": "6.317"
        },
        {
            "time": "29.10.2020 16:32",
            "open": "6.317",
            "high": "6.317",
            "low": "6.317",
            "close": "6.318"
        },
        {
            "time": "29.10.2020 16:33",
            "open": "6.318",
            "high": "6.36",
            "low": "6.318",
            "close": "6.371"
        },
        {
            "time": "29.10.2020 16:34",
            "open": "6.371",
            "high": "6.4",
            "low": "6.371",
            "close": "6.41"
        },
        {
            "time": "29.10.2020 16:36",
            "open": "6.41",
            "high": "6.449",
            "low": "6.41",
            "close": "6.45"
        },
        {
            "time": "29.10.2020 16:37",
            "open": "6.45",
            "high": "6.5",
            "low": "6.45",
            "close": "6.5"
        },
        {
            "time": "29.10.2020 16:38",
            "open": "6.5",
            "high": "6.509",
            "low": "6.5",
            "close": "6.525"
        },
        {
            "time": "29.10.2020 16:39",
            "open": "6.525",
            "high": "6.572",
            "low": "6.525",
            "close": "6.556"
        },
        {
            "time": "29.10.2020 16:40",
            "open": "6.556",
            "high": "6.557",
            "low": "6.556",
            "close": "6.553"
        },
        {
            "time": "29.10.2020 16:41",
            "open": "6.553",
            "high": "6.564",
            "low": "6.551",
            "close": "6.588"
        },
        {
            "time": "29.10.2020 16:42",
            "open": "6.588",
            "high": "6.589",
            "low": "6.588",
            "close": "6.6"
        },
        {
            "time": "29.10.2020 16:43",
            "open": "6.6",
            "high": "6.618",
            "low": "6.6",
            "close": "6.625"
        },
        {
            "time": "29.10.2020 16:44",
            "open": "6.625",
            "high": "6.625",
            "low": "6.625",
            "close": "6.611"
        },
        {
            "time": "29.10.2020 16:45",
            "open": "6.611",
            "high": "6.611",
            "low": "6.588",
            "close": "6.587"
        },
        {
            "time": "29.10.2020 16:46",
            "open": "6.587",
            "high": "6.587",
            "low": "6.55",
            "close": "6.537"
        },
        {
            "time": "29.10.2020 16:47",
            "open": "6.537",
            "high": "6.537",
            "low": "6.537",
            "close": "6.483"
        },
        {
            "time": "29.10.2020 16:49",
            "open": "6.483",
            "high": "6.483",
            "low": "6.483",
            "close": "6.483"
        },
        {
            "time": "29.10.2020 16:50",
            "open": "6.483",
            "high": "6.483",
            "low": "6.483",
            "close": "6.418"
        },
        {
            "time": "29.10.2020 16:52",
            "open": "6.418",
            "high": "6.418",
            "low": "6.404",
            "close": "6.398"
        },
        {
            "time": "29.10.2020 16:53",
            "open": "6.398",
            "high": "6.398",
            "low": "6.398",
            "close": "6.386"
        },
        {
            "time": "29.10.2020 16:55",
            "open": "6.386",
            "high": "6.387",
            "low": "6.386",
            "close": "6.43"
        },
        {
            "time": "29.10.2020 16:56",
            "open": "6.43",
            "high": "6.43",
            "low": "6.429",
            "close": "6.439"
        },
        {
            "time": "29.10.2020 16:57",
            "open": "6.439",
            "high": "6.439",
            "low": "6.434",
            "close": "6.452"
        },
        {
            "time": "29.10.2020 17:00",
            "open": "6.452",
            "high": "6.453",
            "low": "6.452",
            "close": "6.401"
        },
        {
            "time": "29.10.2020 17:07",
            "open": "6.401",
            "high": "6.401",
            "low": "6.401",
            "close": "6.427"
        },
        {
            "time": "29.10.2020 17:08",
            "open": "6.427",
            "high": "6.427",
            "low": "6.427",
            "close": "6.423"
        },
        {
            "time": "29.10.2020 17:12",
            "open": "6.423",
            "high": "6.423",
            "low": "6.423",
            "close": "6.426"
        },
        {
            "time": "29.10.2020 17:19",
            "open": "6.426",
            "high": "6.426",
            "low": "6.426",
            "close": "6.427"
        },
        {
            "time": "29.10.2020 17:20",
            "open": "6.427",
            "high": "6.438",
            "low": "6.426",
            "close": "6.427"
        },
        {
            "time": "29.10.2020 17:21",
            "open": "6.427",
            "high": "6.427",
            "low": "6.426",
            "close": "6.44"
        },
        {
            "time": "29.10.2020 17:22",
            "open": "6.44",
            "high": "6.44",
            "low": "6.44",
            "close": "6.44"
        },
        {
            "time": "29.10.2020 17:23",
            "open": "6.44",
            "high": "6.44",
            "low": "6.44",
            "close": "6.435"
        },
        {
            "time": "29.10.2020 17:24",
            "open": "6.435",
            "high": "6.435",
            "low": "6.435",
            "close": "6.44"
        },
        {
            "time": "29.10.2020 17:25",
            "open": "6.44",
            "high": "6.44",
            "low": "6.44",
            "close": "6.5"
        },
        {
            "time": "29.10.2020 17:27",
            "open": "6.5",
            "high": "6.5",
            "low": "6.5",
            "close": "6.53"
        },
        {
            "time": "29.10.2020 17:28",
            "open": "6.53",
            "high": "6.6",
            "low": "6.53",
            "close": "6.599"
        },
        {
            "time": "29.10.2020 17:29",
            "open": "6.599",
            "high": "6.6",
            "low": "6.599",
            "close": "6.6"
        },
        {
            "time": "29.10.2020 17:30",
            "open": "6.6",
            "high": "6.614",
            "low": "6.6",
            "close": "6.64"
        },
        {
            "time": "29.10.2020 17:31",
            "open": "6.64",
            "high": "6.65",
            "low": "6.64",
            "close": "6.65"
        },
        {
            "time": "29.10.2020 17:32",
            "open": "6.65",
            "high": "6.678",
            "low": "6.65",
            "close": "6.679"
        },
        {
            "time": "29.10.2020 17:33",
            "open": "6.679",
            "high": "6.776",
            "low": "6.679",
            "close": "6.713"
        },
        {
            "time": "29.10.2020 17:34",
            "open": "6.713",
            "high": "6.713",
            "low": "6.705",
            "close": "6.704"
        },
        {
            "time": "29.10.2020 17:35",
            "open": "6.704",
            "high": "6.704",
            "low": "6.704",
            "close": "6.703"
        },
        {
            "time": "29.10.2020 17:36",
            "open": "6.703",
            "high": "6.703",
            "low": "6.68",
            "close": "6.679"
        },
        {
            "time": "29.10.2020 17:37",
            "open": "6.679",
            "high": "6.679",
            "low": "6.582",
            "close": "6.666"
        },
        {
            "time": "29.10.2020 17:38",
            "open": "6.666",
            "high": "6.666",
            "low": "6.666",
            "close": "6.666"
        },
        {
            "time": "29.10.2020 17:39",
            "open": "6.666",
            "high": "6.666",
            "low": "6.666",
            "close": "6.679"
        },
        {
            "time": "29.10.2020 17:41",
            "open": "6.679",
            "high": "6.679",
            "low": "6.576",
            "close": "6.687"
        },
        {
            "time": "29.10.2020 17:42",
            "open": "6.687",
            "high": "6.698",
            "low": "6.68",
            "close": "6.701"
        },
        {
            "time": "29.10.2020 17:45",
            "open": "6.701",
            "high": "6.711",
            "low": "6.701",
            "close": "6.711"
        },
        {
            "time": "29.10.2020 17:47",
            "open": "6.711",
            "high": "6.738",
            "low": "6.711",
            "close": "6.736"
        },
        {
            "time": "29.10.2020 17:49",
            "open": "6.736",
            "high": "6.745",
            "low": "6.736",
            "close": "6.737"
        },
        {
            "time": "29.10.2020 17:52",
            "open": "6.737",
            "high": "6.75",
            "low": "6.737",
            "close": "6.75"
        },
        {
            "time": "29.10.2020 17:53",
            "open": "6.75",
            "high": "6.75",
            "low": "6.662",
            "close": "6.74"
        },
        {
            "time": "29.10.2020 17:54",
            "open": "6.74",
            "high": "6.74",
            "low": "6.693",
            "close": "6.688"
        },
        {
            "time": "29.10.2020 17:55",
            "open": "6.688",
            "high": "6.745",
            "low": "6.688",
            "close": "6.724"
        },
        {
            "time": "29.10.2020 17:56",
            "open": "6.724",
            "high": "6.747",
            "low": "6.724",
            "close": "6.747"
        },
        {
            "time": "29.10.2020 17:57",
            "open": "6.747",
            "high": "6.75",
            "low": "6.747",
            "close": "6.75"
        },
        {
            "time": "29.10.2020 17:58",
            "open": "6.75",
            "high": "6.75",
            "low": "6.75",
            "close": "6.75"
        },
        {
            "time": "29.10.2020 17:59",
            "open": "6.75",
            "high": "6.75",
            "low": "6.75",
            "close": "6.75"
        },
        {
            "time": "29.10.2020 18:00",
            "open": "6.75",
            "high": "6.75",
            "low": "6.75",
            "close": "6.75"
        },
        {
            "time": "29.10.2020 18:01",
            "open": "6.75",
            "high": "6.75",
            "low": "6.75",
            "close": "6.756"
        },
        {
            "time": "29.10.2020 18:02",
            "open": "6.756",
            "high": "6.777",
            "low": "6.756",
            "close": "6.777"
        },
        {
            "time": "29.10.2020 18:03",
            "open": "6.777",
            "high": "6.777",
            "low": "6.777",
            "close": "6.777"
        },
        {
            "time": "29.10.2020 18:04",
            "open": "6.777",
            "high": "6.78",
            "low": "6.777",
            "close": "6.788"
        },
        {
            "time": "29.10.2020 18:05",
            "open": "6.788",
            "high": "6.897",
            "low": "6.788",
            "close": "6.841"
        },
        {
            "time": "29.10.2020 18:06",
            "open": "6.841",
            "high": "6.842",
            "low": "6.837",
            "close": "6.837"
        },
        {
            "time": "29.10.2020 18:07",
            "open": "6.837",
            "high": "6.841",
            "low": "6.837",
            "close": "6.841"
        },
        {
            "time": "29.10.2020 18:08",
            "open": "6.841",
            "high": "6.841",
            "low": "6.835",
            "close": "6.842"
        },
        {
            "time": "29.10.2020 18:09",
            "open": "6.842",
            "high": "6.85",
            "low": "6.842",
            "close": "6.85"
        },
        {
            "time": "29.10.2020 18:10",
            "open": "6.85",
            "high": "6.892",
            "low": "6.85",
            "close": "6.892"
        },
        {
            "time": "29.10.2020 18:11",
            "open": "6.892",
            "high": "6.93",
            "low": "6.892",
            "close": "6.93"
        },
        {
            "time": "29.10.2020 18:12",
            "open": "6.93",
            "high": "6.93",
            "low": "6.93",
            "close": "6.93"
        },
        {
            "time": "29.10.2020 18:13",
            "open": "6.93",
            "high": "6.935",
            "low": "6.93",
            "close": "6.935"
        },
        {
            "time": "29.10.2020 18:14",
            "open": "6.935",
            "high": "6.935",
            "low": "6.928",
            "close": "6.929"
        },
        {
            "time": "29.10.2020 18:15",
            "open": "6.929",
            "high": "6.97",
            "low": "6.929",
            "close": "6.947"
        },
        {
            "time": "29.10.2020 18:16",
            "open": "6.947",
            "high": "7",
            "low": "6.944",
            "close": "6.936"
        },
        {
            "time": "29.10.2020 18:17",
            "open": "6.936",
            "high": "6.955",
            "low": "6.934",
            "close": "6.955"
        },
        {
            "time": "29.10.2020 18:18",
            "open": "6.955",
            "high": "6.956",
            "low": "6.955",
            "close": "6.953"
        },
        {
            "time": "29.10.2020 18:20",
            "open": "6.953",
            "high": "6.953",
            "low": "6.953",
            "close": "6.94"
        },
        {
            "time": "29.10.2020 18:21",
            "open": "6.94",
            "high": "6.94",
            "low": "6.922",
            "close": "6.925"
        },
        {
            "time": "29.10.2020 18:22",
            "open": "6.925",
            "high": "6.925",
            "low": "6.925",
            "close": "6.892"
        },
        {
            "time": "29.10.2020 18:23",
            "open": "6.892",
            "high": "6.892",
            "low": "6.859",
            "close": "6.856"
        },
        {
            "time": "29.10.2020 18:24",
            "open": "6.856",
            "high": "6.864",
            "low": "6.827",
            "close": "6.873"
        },
        {
            "time": "29.10.2020 18:25",
            "open": "6.873",
            "high": "6.873",
            "low": "6.873",
            "close": "6.866"
        },
        {
            "time": "29.10.2020 18:26",
            "open": "6.866",
            "high": "6.866",
            "low": "6.829",
            "close": "6.829"
        },
        {
            "time": "29.10.2020 18:27",
            "open": "6.829",
            "high": "6.83",
            "low": "6.823",
            "close": "6.824"
        },
        {
            "time": "29.10.2020 18:29",
            "open": "6.824",
            "high": "6.824",
            "low": "6.824",
            "close": "6.824"
        },
        {
            "time": "29.10.2020 18:30",
            "open": "6.824",
            "high": "6.824",
            "low": "6.793",
            "close": "6.746"
        },
        {
            "time": "29.10.2020 18:31",
            "open": "6.746",
            "high": "6.746",
            "low": "6.688",
            "close": "6.685"
        },
        {
            "time": "29.10.2020 18:32",
            "open": "6.685",
            "high": "6.685",
            "low": "6.523",
            "close": "6.555"
        },
        {
            "time": "29.10.2020 18:33",
            "open": "6.555",
            "high": "6.588",
            "low": "6.555",
            "close": "6.604"
        },
        {
            "time": "29.10.2020 18:34",
            "open": "6.604",
            "high": "6.644",
            "low": "6.596",
            "close": "6.586"
        },
        {
            "time": "29.10.2020 18:35",
            "open": "6.586",
            "high": "6.586",
            "low": "6.586",
            "close": "6.609"
        },
        {
            "time": "29.10.2020 18:36",
            "open": "6.609",
            "high": "6.609",
            "low": "6.609",
            "close": "6.62"
        },
        {
            "time": "29.10.2020 18:41",
            "open": "6.62",
            "high": "6.62",
            "low": "6.614",
            "close": "6.614"
        },
        {
            "time": "29.10.2020 18:43",
            "open": "6.614",
            "high": "6.614",
            "low": "6.597",
            "close": "6.606"
        },
        {
            "time": "29.10.2020 18:44",
            "open": "6.606",
            "high": "6.606",
            "low": "6.605",
            "close": "6.554"
        },
        {
            "time": "29.10.2020 18:55",
            "open": "6.554",
            "high": "6.554",
            "low": "6.554",
            "close": "6.56"
        },
        {
            "time": "29.10.2020 18:57",
            "open": "6.56",
            "high": "6.562",
            "low": "6.56",
            "close": "6.531"
        },
        {
            "time": "29.10.2020 18:59",
            "open": "6.531",
            "high": "6.531",
            "low": "6.531",
            "close": "6.516"
        },
        {
            "time": "29.10.2020 19:01",
            "open": "6.516",
            "high": "6.516",
            "low": "6.516",
            "close": "6.511"
        },
        {
            "time": "29.10.2020 19:02",
            "open": "6.511",
            "high": "6.511",
            "low": "6.511",
            "close": "6.51"
        },
        {
            "time": "29.10.2020 19:03",
            "open": "6.51",
            "high": "6.51",
            "low": "6.509",
            "close": "6.5"
        },
        {
            "time": "29.10.2020 19:04",
            "open": "6.5",
            "high": "6.5",
            "low": "6.42",
            "close": "6.421"
        },
        {
            "time": "29.10.2020 19:05",
            "open": "6.421",
            "high": "6.421",
            "low": "6.42",
            "close": "6.42"
        },
        {
            "time": "29.10.2020 19:06",
            "open": "6.42",
            "high": "6.42",
            "low": "6.42",
            "close": "6.444"
        },
        {
            "time": "29.10.2020 19:07",
            "open": "6.444",
            "high": "6.444",
            "low": "6.412",
            "close": "6.412"
        },
        {
            "time": "29.10.2020 19:09",
            "open": "6.412",
            "high": "6.412",
            "low": "6.411",
            "close": "6.432"
        },
        {
            "time": "29.10.2020 19:12",
            "open": "6.432",
            "high": "6.44",
            "low": "6.432",
            "close": "6.477"
        },
        {
            "time": "29.10.2020 19:14",
            "open": "6.477",
            "high": "6.477",
            "low": "6.477",
            "close": "6.434"
        },
        {
            "time": "29.10.2020 19:15",
            "open": "6.434",
            "high": "6.454",
            "low": "6.434",
            "close": "6.434"
        },
        {
            "time": "29.10.2020 19:17",
            "open": "6.434",
            "high": "6.434",
            "low": "6.434",
            "close": "6.422"
        },
        {
            "time": "29.10.2020 19:19",
            "open": "6.422",
            "high": "6.423",
            "low": "6.41",
            "close": "6.425"
        },
        {
            "time": "29.10.2020 19:20",
            "open": "6.425",
            "high": "6.425",
            "low": "6.425",
            "close": "6.424"
        },
        {
            "time": "29.10.2020 19:22",
            "open": "6.424",
            "high": "6.424",
            "low": "6.424",
            "close": "6.425"
        },
        {
            "time": "29.10.2020 19:23",
            "open": "6.425",
            "high": "6.448",
            "low": "6.425",
            "close": "6.434"
        },
        {
            "time": "29.10.2020 19:25",
            "open": "6.434",
            "high": "6.436",
            "low": "6.434",
            "close": "6.446"
        },
        {
            "time": "29.10.2020 19:26",
            "open": "6.446",
            "high": "6.447",
            "low": "6.446",
            "close": "6.466"
        },
        {
            "time": "29.10.2020 19:31",
            "open": "6.466",
            "high": "6.466",
            "low": "6.45",
            "close": "6.423"
        },
        {
            "time": "29.10.2020 19:40",
            "open": "6.423",
            "high": "6.423",
            "low": "6.423",
            "close": "6.437"
        },
        {
            "time": "29.10.2020 19:52",
            "open": "6.437",
            "high": "6.437",
            "low": "6.437",
            "close": "6.45"
        },
        {
            "time": "29.10.2020 19:56",
            "open": "6.45",
            "high": "6.45",
            "low": "6.45",
            "close": "6.45"
        },
        {
            "time": "29.10.2020 20:02",
            "open": "6.45",
            "high": "6.45",
            "low": "6.45",
            "close": "6.427"
        },
        {
            "time": "29.10.2020 20:13",
            "open": "6.427",
            "high": "6.427",
            "low": "6.412",
            "close": "6.412"
        },
        {
            "time": "29.10.2020 20:15",
            "open": "6.412",
            "high": "6.412",
            "low": "6.41",
            "close": "6.41"
        },
        {
            "time": "29.10.2020 20:16",
            "open": "6.41",
            "high": "6.41",
            "low": "6.38",
            "close": "6.401"
        },
        {
            "time": "29.10.2020 20:19",
            "open": "6.401",
            "high": "6.401",
            "low": "6.401",
            "close": "6.365"
        },
        {
            "time": "29.10.2020 20:44",
            "open": "6.365",
            "high": "6.365",
            "low": "6.365",
            "close": "6.362"
        },
        {
            "time": "29.10.2020 20:47",
            "open": "6.362",
            "high": "6.362",
            "low": "6.333",
            "close": "6.3"
        },
        {
            "time": "29.10.2020 20:49",
            "open": "6.3",
            "high": "6.3",
            "low": "6.3",
            "close": "6.293"
        },
        {
            "time": "29.10.2020 20:56",
            "open": "6.293",
            "high": "6.293",
            "low": "6.293",
            "close": "6.297"
        },
        {
            "time": "29.10.2020 20:58",
            "open": "6.297",
            "high": "6.298",
            "low": "6.297",
            "close": "6.261"
        },
        {
            "time": "29.10.2020 21:07",
            "open": "6.261",
            "high": "6.261",
            "low": "6.261",
            "close": "6.25"
        },
        {
            "time": "29.10.2020 21:11",
            "open": "6.25",
            "high": "6.25",
            "low": "6.24",
            "close": "6.226"
        },
        {
            "time": "29.10.2020 21:12",
            "open": "6.226",
            "high": "6.226",
            "low": "6.226",
            "close": "6.207"
        },
        {
            "time": "29.10.2020 21:13",
            "open": "6.207",
            "high": "6.207",
            "low": "6.206",
            "close": "6.228"
        },
        {
            "time": "29.10.2020 21:20",
            "open": "6.228",
            "high": "6.246",
            "low": "6.228",
            "close": "6.227"
        },
        {
            "time": "29.10.2020 21:22",
            "open": "6.227",
            "high": "6.231",
            "low": "6.227",
            "close": "6.244"
        },
        {
            "time": "29.10.2020 21:23",
            "open": "6.244",
            "high": "6.248",
            "low": "6.244",
            "close": "6.254"
        },
        {
            "time": "29.10.2020 21:26",
            "open": "6.254",
            "high": "6.254",
            "low": "6.254",
            "close": "6.244"
        },
        {
            "time": "29.10.2020 21:37",
            "open": "6.244",
            "high": "6.244",
            "low": "6.244",
            "close": "6.262"
        },
        {
            "time": "29.10.2020 21:39",
            "open": "6.262",
            "high": "6.262",
            "low": "6.262",
            "close": "6.247"
        },
        {
            "time": "29.10.2020 21:53",
            "open": "6.247",
            "high": "6.247",
            "low": "6.247",
            "close": "6.219"
        },
        {
            "time": "29.10.2020 22:00",
            "open": "6.219",
            "high": "6.219",
            "low": "6.176",
            "close": "6.182"
        },
        {
            "time": "29.10.2020 22:02",
            "open": "6.182",
            "high": "6.182",
            "low": "6.182",
            "close": "6.172"
        },
        {
            "time": "29.10.2020 22:07",
            "open": "6.172",
            "high": "6.172",
            "low": "6.172",
            "close": "6.181"
        },
        {
            "time": "29.10.2020 22:08",
            "open": "6.181",
            "high": "6.181",
            "low": "6.181",
            "close": "6.174"
        },
        {
            "time": "29.10.2020 22:10",
            "open": "6.174",
            "high": "6.174",
            "low": "6.174",
            "close": "6.279"
        },
        {
            "time": "29.10.2020 22:28",
            "open": "6.279",
            "high": "6.28",
            "low": "6.279",
            "close": "6.281"
        },
        {
            "time": "29.10.2020 22:31",
            "open": "6.281",
            "high": "6.281",
            "low": "6.281",
            "close": "6.281"
        },
        {
            "time": "29.10.2020 22:35",
            "open": "6.281",
            "high": "6.281",
            "low": "6.26",
            "close": "6.279"
        },
        {
            "time": "29.10.2020 22:36",
            "open": "6.279",
            "high": "6.279",
            "low": "6.279",
            "close": "6.281"
        },
        {
            "time": "29.10.2020 22:50",
            "open": "6.281",
            "high": "6.281",
            "low": "6.281",
            "close": "6.289"
        },
        {
            "time": "29.10.2020 23:23",
            "open": "6.289",
            "high": "6.289",
            "low": "6.289",
            "close": "6.274"
        }
    ]
}