{
    "UMA-EUR": [
        {
            "time": "21.03.2021 23:55",
            "open": "21.403",
            "high": "21.403",
            "low": "21.401",
            "close": "21.129"
        },
        {
            "time": "22.03.2021 00:20",
            "open": "21.129",
            "high": "21.129",
            "low": "21.129",
            "close": "21.129"
        },
        {
            "time": "22.03.2021 00:31",
            "open": "21.129",
            "high": "21.129",
            "low": "21.129",
            "close": "21.108"
        },
        {
            "time": "22.03.2021 00:32",
            "open": "21.108",
            "high": "21.108",
            "low": "21.108",
            "close": "21.182"
        },
        {
            "time": "22.03.2021 00:38",
            "open": "21.182",
            "high": "21.183",
            "low": "21.182",
            "close": "21.187"
        },
        {
            "time": "22.03.2021 00:39",
            "open": "21.187",
            "high": "21.187",
            "low": "21.187",
            "close": "21.244"
        },
        {
            "time": "22.03.2021 00:42",
            "open": "21.244",
            "high": "21.244",
            "low": "21.244",
            "close": "21.184"
        },
        {
            "time": "22.03.2021 00:47",
            "open": "21.184",
            "high": "21.184",
            "low": "21.184",
            "close": "21.151"
        },
        {
            "time": "22.03.2021 00:48",
            "open": "21.151",
            "high": "21.151",
            "low": "21.151",
            "close": "21.275"
        },
        {
            "time": "22.03.2021 00:53",
            "open": "21.275",
            "high": "21.275",
            "low": "21.275",
            "close": "21.105"
        },
        {
            "time": "22.03.2021 01:07",
            "open": "21.105",
            "high": "21.105",
            "low": "21.104",
            "close": "21.059"
        },
        {
            "time": "22.03.2021 01:09",
            "open": "21.059",
            "high": "21.059",
            "low": "21.056",
            "close": "21.089"
        },
        {
            "time": "22.03.2021 01:10",
            "open": "21.089",
            "high": "21.089",
            "low": "21.089",
            "close": "21.108"
        },
        {
            "time": "22.03.2021 01:14",
            "open": "21.108",
            "high": "21.108",
            "low": "21.108",
            "close": "21.04"
        },
        {
            "time": "22.03.2021 01:25",
            "open": "21.04",
            "high": "21.04",
            "low": "21.04",
            "close": "21.041"
        },
        {
            "time": "22.03.2021 01:27",
            "open": "21.041",
            "high": "21.222",
            "low": "21.041",
            "close": "21.192"
        },
        {
            "time": "22.03.2021 01:29",
            "open": "21.192",
            "high": "21.192",
            "low": "21.192",
            "close": "21.01"
        },
        {
            "time": "22.03.2021 01:38",
            "open": "21.01",
            "high": "21.01",
            "low": "21.01",
            "close": "21.01"
        },
        {
            "time": "22.03.2021 01:39",
            "open": "21.01",
            "high": "21.01",
            "low": "21",
            "close": "20.968"
        },
        {
            "time": "22.03.2021 01:40",
            "open": "20.968",
            "high": "20.968",
            "low": "20.941",
            "close": "20.941"
        },
        {
            "time": "22.03.2021 01:47",
            "open": "20.941",
            "high": "20.941",
            "low": "20.941",
            "close": "20.911"
        },
        {
            "time": "22.03.2021 01:48",
            "open": "20.911",
            "high": "20.911",
            "low": "20.907",
            "close": "20.848"
        },
        {
            "time": "22.03.2021 01:59",
            "open": "20.848",
            "high": "20.848",
            "low": "20.795",
            "close": "20.826"
        },
        {
            "time": "22.03.2021 02:00",
            "open": "20.826",
            "high": "20.826",
            "low": "20.815",
            "close": "20.807"
        },
        {
            "time": "22.03.2021 02:04",
            "open": "20.807",
            "high": "20.807",
            "low": "20.805",
            "close": "20.806"
        },
        {
            "time": "22.03.2021 02:05",
            "open": "20.806",
            "high": "20.806",
            "low": "20.796",
            "close": "20.791"
        },
        {
            "time": "22.03.2021 02:06",
            "open": "20.791",
            "high": "20.791",
            "low": "20.775",
            "close": "20.838"
        },
        {
            "time": "22.03.2021 02:10",
            "open": "20.838",
            "high": "20.838",
            "low": "20.838",
            "close": "20.864"
        },
        {
            "time": "22.03.2021 02:11",
            "open": "20.864",
            "high": "20.864",
            "low": "20.864",
            "close": "20.843"
        },
        {
            "time": "22.03.2021 02:28",
            "open": "20.843",
            "high": "20.843",
            "low": "20.843",
            "close": "20.85"
        },
        {
            "time": "22.03.2021 02:44",
            "open": "20.843",
            "high": "20.843",
            "low": "20.843",
            "close": "21.015"
        },
        {
            "time": "22.03.2021 04:19",
            "open": "21.015",
            "high": "21.015",
            "low": "21.015",
            "close": "21.087"
        },
        {
            "time": "22.03.2021 04:21",
            "open": "21.087",
            "high": "21.09",
            "low": "21.087",
            "close": "21.068"
        },
        {
            "time": "22.03.2021 04:22",
            "open": "21.068",
            "high": "21.068",
            "low": "21.068",
            "close": "21.12"
        },
        {
            "time": "22.03.2021 04:47",
            "open": "21.12",
            "high": "21.13",
            "low": "21.12",
            "close": "21.183"
        },
        {
            "time": "22.03.2021 04:49",
            "open": "21.183",
            "high": "21.186",
            "low": "21.183",
            "close": "21.221"
        },
        {
            "time": "22.03.2021 04:52",
            "open": "21.221",
            "high": "21.221",
            "low": "21.221",
            "close": "21.269"
        },
        {
            "time": "22.03.2021 05:14",
            "open": "21.269",
            "high": "21.276",
            "low": "21.269",
            "close": "21.287"
        },
        {
            "time": "22.03.2021 05:19",
            "open": "21.287",
            "high": "21.287",
            "low": "21.287",
            "close": "21.247"
        },
        {
            "time": "22.03.2021 05:31",
            "open": "21.247",
            "high": "21.247",
            "low": "21.244",
            "close": "21.13"
        },
        {
            "time": "22.03.2021 05:51",
            "open": "21.13",
            "high": "21.13",
            "low": "21.13",
            "close": "21.114"
        },
        {
            "time": "22.03.2021 05:54",
            "open": "21.114",
            "high": "21.114",
            "low": "21.114",
            "close": "21.024"
        },
        {
            "time": "22.03.2021 06:14",
            "open": "21.024",
            "high": "21.024",
            "low": "21.024",
            "close": "21.033"
        },
        {
            "time": "22.03.2021 06:15",
            "open": "21.033",
            "high": "21.033",
            "low": "21.033",
            "close": "21.032"
        },
        {
            "time": "22.03.2021 06:22",
            "open": "21.032",
            "high": "21.032",
            "low": "21.032",
            "close": "21.032"
        },
        {
            "time": "22.03.2021 06:40",
            "open": "21.032",
            "high": "21.032",
            "low": "21.032",
            "close": "21.101"
        },
        {
            "time": "22.03.2021 06:46",
            "open": "21.101",
            "high": "21.101",
            "low": "21.101",
            "close": "21.156"
        },
        {
            "time": "22.03.2021 06:51",
            "open": "21.156",
            "high": "21.157",
            "low": "21.156",
            "close": "21.165"
        },
        {
            "time": "22.03.2021 06:56",
            "open": "21.165",
            "high": "21.177",
            "low": "21.165",
            "close": "21.249"
        },
        {
            "time": "22.03.2021 07:09",
            "open": "21.249",
            "high": "21.26",
            "low": "21.249",
            "close": "21.255"
        },
        {
            "time": "22.03.2021 07:12",
            "open": "21.255",
            "high": "21.264",
            "low": "21.255",
            "close": "21.237"
        },
        {
            "time": "22.03.2021 07:15",
            "open": "21.237",
            "high": "21.237",
            "low": "21.237",
            "close": "21.221"
        },
        {
            "time": "22.03.2021 07:17",
            "open": "21.221",
            "high": "21.221",
            "low": "21.221",
            "close": "21.132"
        },
        {
            "time": "22.03.2021 07:24",
            "open": "21.132",
            "high": "21.132",
            "low": "21.132",
            "close": "21.163"
        },
        {
            "time": "22.03.2021 07:37",
            "open": "21.163",
            "high": "21.163",
            "low": "21.163",
            "close": "21.174"
        },
        {
            "time": "22.03.2021 07:43",
            "open": "21.174",
            "high": "21.174",
            "low": "21.174",
            "close": "21.113"
        },
        {
            "time": "22.03.2021 08:43",
            "open": "21.113",
            "high": "21.113",
            "low": "21.113",
            "close": "21.113"
        },
        {
            "time": "22.03.2021 08:46",
            "open": "21.113",
            "high": "21.132",
            "low": "21.113",
            "close": "21.143"
        },
        {
            "time": "22.03.2021 08:53",
            "open": "21.143",
            "high": "21.143",
            "low": "21.142",
            "close": "21.141"
        },
        {
            "time": "22.03.2021 08:59",
            "open": "21.141",
            "high": "21.141",
            "low": "21.141",
            "close": "21.148"
        },
        {
            "time": "22.03.2021 09:01",
            "open": "21.148",
            "high": "21.148",
            "low": "21.148",
            "close": "21.147"
        },
        {
            "time": "22.03.2021 09:05",
            "open": "21.147",
            "high": "21.148",
            "low": "21.147",
            "close": "21.148"
        },
        {
            "time": "22.03.2021 09:06",
            "open": "21.148",
            "high": "21.148",
            "low": "21.148",
            "close": "21.149"
        },
        {
            "time": "22.03.2021 09:10",
            "open": "21.149",
            "high": "21.149",
            "low": "21.148",
            "close": "21.148"
        },
        {
            "time": "22.03.2021 09:13",
            "open": "21.148",
            "high": "21.148",
            "low": "21.148",
            "close": "21.136"
        },
        {
            "time": "22.03.2021 09:15",
            "open": "21.136",
            "high": "21.136",
            "low": "21.136",
            "close": "21.045"
        },
        {
            "time": "22.03.2021 09:54",
            "open": "21.045",
            "high": "21.045",
            "low": "21.045",
            "close": "21.008"
        },
        {
            "time": "22.03.2021 09:56",
            "open": "21.008",
            "high": "21.008",
            "low": "21.008",
            "close": "20.946"
        },
        {
            "time": "22.03.2021 10:10",
            "open": "20.946",
            "high": "20.946",
            "low": "20.946",
            "close": "20.968"
        },
        {
            "time": "22.03.2021 10:15",
            "open": "20.968",
            "high": "20.968",
            "low": "20.968",
            "close": "20.961"
        },
        {
            "time": "22.03.2021 10:16",
            "open": "20.961",
            "high": "20.961",
            "low": "20.961",
            "close": "21.009"
        },
        {
            "time": "22.03.2021 10:19",
            "open": "21.009",
            "high": "21.012",
            "low": "21.009",
            "close": "21.009"
        },
        {
            "time": "22.03.2021 10:20",
            "open": "21.009",
            "high": "21.009",
            "low": "21.009",
            "close": "21.012"
        },
        {
            "time": "22.03.2021 10:23",
            "open": "21.012",
            "high": "21.012",
            "low": "21.012",
            "close": "21.034"
        },
        {
            "time": "22.03.2021 10:26",
            "open": "21.034",
            "high": "21.04",
            "low": "21.034",
            "close": "21.015"
        },
        {
            "time": "22.03.2021 10:28",
            "open": "21.015",
            "high": "21.015",
            "low": "21.014",
            "close": "20.995"
        },
        {
            "time": "22.03.2021 10:37",
            "open": "20.995",
            "high": "20.995",
            "low": "20.995",
            "close": "20.954"
        },
        {
            "time": "22.03.2021 10:41",
            "open": "20.954",
            "high": "20.954",
            "low": "20.953",
            "close": "20.99"
        },
        {
            "time": "22.03.2021 10:44",
            "open": "20.99",
            "high": "20.99",
            "low": "20.99",
            "close": "21.13"
        },
        {
            "time": "22.03.2021 11:07",
            "open": "21.13",
            "high": "21.136",
            "low": "21.13",
            "close": "21.212"
        },
        {
            "time": "22.03.2021 11:09",
            "open": "21.212",
            "high": "21.212",
            "low": "21.212",
            "close": "21.3"
        },
        {
            "time": "22.03.2021 11:11",
            "open": "21.3",
            "high": "21.31",
            "low": "21.3",
            "close": "21.324"
        },
        {
            "time": "22.03.2021 11:12",
            "open": "21.324",
            "high": "21.325",
            "low": "21.322",
            "close": "21.365"
        },
        {
            "time": "22.03.2021 11:15",
            "open": "21.365",
            "high": "21.366",
            "low": "21.365",
            "close": "21.39"
        },
        {
            "time": "22.03.2021 11:17",
            "open": "21.39",
            "high": "21.419",
            "low": "21.39",
            "close": "21.409"
        },
        {
            "time": "22.03.2021 11:20",
            "open": "21.409",
            "high": "21.409",
            "low": "21.409",
            "close": "21.409"
        },
        {
            "time": "22.03.2021 11:21",
            "open": "21.409",
            "high": "21.409",
            "low": "21.409",
            "close": "21.407"
        },
        {
            "time": "22.03.2021 11:22",
            "open": "21.407",
            "high": "21.408",
            "low": "21.407",
            "close": "21.375"
        },
        {
            "time": "22.03.2021 11:23",
            "open": "21.375",
            "high": "21.375",
            "low": "21.372",
            "close": "21.372"
        },
        {
            "time": "22.03.2021 11:28",
            "open": "21.372",
            "high": "21.372",
            "low": "21.372",
            "close": "21.408"
        },
        {
            "time": "22.03.2021 11:39",
            "open": "21.408",
            "high": "21.408",
            "low": "21.408",
            "close": "21.389"
        },
        {
            "time": "22.03.2021 11:40",
            "open": "21.389",
            "high": "21.42",
            "low": "21.389",
            "close": "21.411"
        },
        {
            "time": "22.03.2021 11:42",
            "open": "21.411",
            "high": "21.411",
            "low": "21.411",
            "close": "21.387"
        },
        {
            "time": "22.03.2021 11:43",
            "open": "21.387",
            "high": "21.387",
            "low": "21.387",
            "close": "21.421"
        },
        {
            "time": "22.03.2021 11:56",
            "open": "21.421",
            "high": "21.421",
            "low": "21.421",
            "close": "21.403"
        },
        {
            "time": "22.03.2021 11:57",
            "open": "21.403",
            "high": "21.418",
            "low": "21.379",
            "close": "21.43"
        },
        {
            "time": "22.03.2021 12:01",
            "open": "21.43",
            "high": "21.43",
            "low": "21.428",
            "close": "21.404"
        },
        {
            "time": "22.03.2021 12:04",
            "open": "21.404",
            "high": "21.404",
            "low": "21.387",
            "close": "21.443"
        },
        {
            "time": "22.03.2021 12:15",
            "open": "21.443",
            "high": "21.443",
            "low": "21.443",
            "close": "21.408"
        },
        {
            "time": "22.03.2021 12:19",
            "open": "21.408",
            "high": "21.408",
            "low": "21.392",
            "close": "21.392"
        },
        {
            "time": "22.03.2021 12:20",
            "open": "21.392",
            "high": "21.392",
            "low": "21.391",
            "close": "21.389"
        },
        {
            "time": "22.03.2021 12:25",
            "open": "21.389",
            "high": "21.389",
            "low": "21.316",
            "close": "21.279"
        },
        {
            "time": "22.03.2021 12:26",
            "open": "21.279",
            "high": "21.279",
            "low": "21.276",
            "close": "21.27"
        },
        {
            "time": "22.03.2021 12:36",
            "open": "21.27",
            "high": "21.271",
            "low": "21.27",
            "close": "21.249"
        },
        {
            "time": "22.03.2021 12:40",
            "open": "21.249",
            "high": "21.249",
            "low": "21.249",
            "close": "21.235"
        },
        {
            "time": "22.03.2021 12:51",
            "open": "21.235",
            "high": "21.235",
            "low": "21.235",
            "close": "21.232"
        },
        {
            "time": "22.03.2021 12:53",
            "open": "21.232",
            "high": "21.266",
            "low": "21.232",
            "close": "21.272"
        },
        {
            "time": "22.03.2021 12:59",
            "open": "21.272",
            "high": "21.272",
            "low": "21.272",
            "close": "21.272"
        },
        {
            "time": "22.03.2021 13:01",
            "open": "21.272",
            "high": "21.272",
            "low": "21.272",
            "close": "21.28"
        },
        {
            "time": "22.03.2021 13:02",
            "open": "21.28",
            "high": "21.28",
            "low": "21.266",
            "close": "21.228"
        },
        {
            "time": "22.03.2021 13:04",
            "open": "21.228",
            "high": "21.228",
            "low": "21.208",
            "close": "21.208"
        },
        {
            "time": "22.03.2021 13:05",
            "open": "21.208",
            "high": "21.208",
            "low": "21.208",
            "close": "21.22"
        },
        {
            "time": "22.03.2021 13:08",
            "open": "21.22",
            "high": "21.22",
            "low": "21.22",
            "close": "21.193"
        },
        {
            "time": "22.03.2021 13:11",
            "open": "21.193",
            "high": "21.198",
            "low": "21.193",
            "close": "21.182"
        },
        {
            "time": "22.03.2021 13:13",
            "open": "21.182",
            "high": "21.182",
            "low": "21.182",
            "close": "21.171"
        },
        {
            "time": "22.03.2021 13:14",
            "open": "21.171",
            "high": "21.171",
            "low": "21.171",
            "close": "21.212"
        },
        {
            "time": "22.03.2021 13:19",
            "open": "21.212",
            "high": "21.261",
            "low": "21.212",
            "close": "21.242"
        },
        {
            "time": "22.03.2021 13:27",
            "open": "21.242",
            "high": "21.242",
            "low": "21.235",
            "close": "21.228"
        },
        {
            "time": "22.03.2021 13:28",
            "open": "21.228",
            "high": "21.228",
            "low": "21.227",
            "close": "21.171"
        },
        {
            "time": "22.03.2021 13:32",
            "open": "21.171",
            "high": "21.171",
            "low": "21.171",
            "close": "21.147"
        },
        {
            "time": "22.03.2021 13:34",
            "open": "21.147",
            "high": "21.184",
            "low": "21.147",
            "close": "21.161"
        },
        {
            "time": "22.03.2021 13:35",
            "open": "21.161",
            "high": "21.161",
            "low": "21.161",
            "close": "21.166"
        },
        {
            "time": "22.03.2021 13:42",
            "open": "21.166",
            "high": "21.166",
            "low": "21.127",
            "close": "21.06"
        },
        {
            "time": "22.03.2021 13:52",
            "open": "21.06",
            "high": "21.06",
            "low": "21.059",
            "close": "21.124"
        },
        {
            "time": "22.03.2021 13:54",
            "open": "21.124",
            "high": "21.124",
            "low": "21.124",
            "close": "21.099"
        },
        {
            "time": "22.03.2021 13:56",
            "open": "21.099",
            "high": "21.099",
            "low": "21.091",
            "close": "21.127"
        },
        {
            "time": "22.03.2021 13:58",
            "open": "21.127",
            "high": "21.161",
            "low": "21.127",
            "close": "21.175"
        },
        {
            "time": "22.03.2021 14:07",
            "open": "21.175",
            "high": "21.175",
            "low": "21.175",
            "close": "21.194"
        },
        {
            "time": "22.03.2021 14:12",
            "open": "21.194",
            "high": "21.207",
            "low": "21.194",
            "close": "21.201"
        },
        {
            "time": "22.03.2021 14:15",
            "open": "21.201",
            "high": "21.202",
            "low": "21.201",
            "close": "21.159"
        },
        {
            "time": "22.03.2021 14:20",
            "open": "21.159",
            "high": "21.159",
            "low": "21.159",
            "close": "21.129"
        },
        {
            "time": "22.03.2021 14:30",
            "open": "21.129",
            "high": "21.129",
            "low": "21.129",
            "close": "21.132"
        },
        {
            "time": "22.03.2021 14:34",
            "open": "21.132",
            "high": "21.133",
            "low": "21.132",
            "close": "21.136"
        },
        {
            "time": "22.03.2021 14:35",
            "open": "21.136",
            "high": "21.136",
            "low": "21.136",
            "close": "21.025"
        },
        {
            "time": "22.03.2021 14:40",
            "open": "21.025",
            "high": "21.027",
            "low": "21.025",
            "close": "21.009"
        },
        {
            "time": "22.03.2021 14:41",
            "open": "21.009",
            "high": "21.009",
            "low": "21.009",
            "close": "21.005"
        },
        {
            "time": "22.03.2021 14:42",
            "open": "21.005",
            "high": "21.005",
            "low": "21.005",
            "close": "21.036"
        },
        {
            "time": "22.03.2021 14:46",
            "open": "21.036",
            "high": "21.036",
            "low": "21.036",
            "close": "21.016"
        },
        {
            "time": "22.03.2021 14:48",
            "open": "21.016",
            "high": "21.02",
            "low": "21.016",
            "close": "21.093"
        },
        {
            "time": "22.03.2021 14:53",
            "open": "21.093",
            "high": "21.093",
            "low": "21.081",
            "close": "21.024"
        },
        {
            "time": "22.03.2021 15:02",
            "open": "21.024",
            "high": "21.024",
            "low": "21.023",
            "close": "21.053"
        },
        {
            "time": "22.03.2021 15:05",
            "open": "21.053",
            "high": "21.053",
            "low": "21.053",
            "close": "21.104"
        },
        {
            "time": "22.03.2021 15:07",
            "open": "21.104",
            "high": "21.113",
            "low": "21.104",
            "close": "21.159"
        },
        {
            "time": "22.03.2021 15:09",
            "open": "21.159",
            "high": "21.165",
            "low": "21.159",
            "close": "21.135"
        },
        {
            "time": "22.03.2021 15:10",
            "open": "21.135",
            "high": "21.135",
            "low": "21.134",
            "close": "21.13"
        },
        {
            "time": "22.03.2021 15:12",
            "open": "21.13",
            "high": "21.13",
            "low": "21.13",
            "close": "21.112"
        },
        {
            "time": "22.03.2021 15:13",
            "open": "21.112",
            "high": "21.114",
            "low": "21.112",
            "close": "21.118"
        },
        {
            "time": "22.03.2021 15:15",
            "open": "21.118",
            "high": "21.118",
            "low": "21.118",
            "close": "21.111"
        },
        {
            "time": "22.03.2021 15:16",
            "open": "21.111",
            "high": "21.111",
            "low": "21.111",
            "close": "21.185"
        },
        {
            "time": "22.03.2021 15:18",
            "open": "21.185",
            "high": "21.186",
            "low": "21.185",
            "close": "21.21"
        },
        {
            "time": "22.03.2021 15:19",
            "open": "21.21",
            "high": "21.21",
            "low": "21.21",
            "close": "21.172"
        },
        {
            "time": "22.03.2021 15:21",
            "open": "21.172",
            "high": "21.172",
            "low": "21.171",
            "close": "21.146"
        },
        {
            "time": "22.03.2021 15:28",
            "open": "21.146",
            "high": "21.146",
            "low": "21.146",
            "close": "21.144"
        },
        {
            "time": "22.03.2021 15:33",
            "open": "21.144",
            "high": "21.144",
            "low": "21.144",
            "close": "21.178"
        },
        {
            "time": "22.03.2021 15:34",
            "open": "21.178",
            "high": "21.178",
            "low": "21.178",
            "close": "21.197"
        },
        {
            "time": "22.03.2021 15:37",
            "open": "21.197",
            "high": "21.197",
            "low": "21.197",
            "close": "21.203"
        },
        {
            "time": "22.03.2021 15:41",
            "open": "21.203",
            "high": "21.203",
            "low": "21.203",
            "close": "21.187"
        },
        {
            "time": "22.03.2021 15:50",
            "open": "21.187",
            "high": "21.187",
            "low": "21.187",
            "close": "21.062"
        },
        {
            "time": "22.03.2021 16:02",
            "open": "21.062",
            "high": "21.104",
            "low": "21.062",
            "close": "21.138"
        },
        {
            "time": "22.03.2021 16:05",
            "open": "21.138",
            "high": "21.138",
            "low": "21.138",
            "close": "21.192"
        },
        {
            "time": "22.03.2021 16:10",
            "open": "21.192",
            "high": "21.192",
            "low": "21.192",
            "close": "21.183"
        },
        {
            "time": "22.03.2021 16:38",
            "open": "21.183",
            "high": "21.183",
            "low": "21.183",
            "close": "21.19"
        },
        {
            "time": "22.03.2021 16:41",
            "open": "21.19",
            "high": "21.19",
            "low": "21.187",
            "close": "21.183"
        },
        {
            "time": "22.03.2021 16:45",
            "open": "21.183",
            "high": "21.183",
            "low": "21.183",
            "close": "21.224"
        },
        {
            "time": "22.03.2021 16:54",
            "open": "21.224",
            "high": "21.224",
            "low": "21.198",
            "close": "21.181"
        },
        {
            "time": "22.03.2021 16:55",
            "open": "21.181",
            "high": "21.181",
            "low": "21.174",
            "close": "21.192"
        },
        {
            "time": "22.03.2021 17:03",
            "open": "21.192",
            "high": "21.202",
            "low": "21.192",
            "close": "21.211"
        },
        {
            "time": "22.03.2021 17:04",
            "open": "21.211",
            "high": "21.211",
            "low": "21.211",
            "close": "21.18"
        },
        {
            "time": "22.03.2021 17:11",
            "open": "21.18",
            "high": "21.18",
            "low": "21.177",
            "close": "21.121"
        },
        {
            "time": "22.03.2021 17:33",
            "open": "21.121",
            "high": "21.121",
            "low": "21.059",
            "close": "20.968"
        },
        {
            "time": "22.03.2021 17:38",
            "open": "20.968",
            "high": "20.968",
            "low": "20.968",
            "close": "20.946"
        },
        {
            "time": "22.03.2021 17:39",
            "open": "20.946",
            "high": "20.946",
            "low": "20.942",
            "close": "21.08"
        },
        {
            "time": "22.03.2021 17:48",
            "open": "21.08",
            "high": "21.086",
            "low": "21.08",
            "close": "21.16"
        },
        {
            "time": "22.03.2021 17:50",
            "open": "21.16",
            "high": "21.16",
            "low": "21.16",
            "close": "21.153"
        },
        {
            "time": "22.03.2021 17:57",
            "open": "21.153",
            "high": "21.153",
            "low": "21.153",
            "close": "21.104"
        },
        {
            "time": "22.03.2021 17:58",
            "open": "21.104",
            "high": "21.104",
            "low": "21.104",
            "close": "21.104"
        },
        {
            "time": "22.03.2021 18:17",
            "open": "21.104",
            "high": "21.104",
            "low": "21.104",
            "close": "21.056"
        },
        {
            "time": "22.03.2021 18:31",
            "open": "21.056",
            "high": "21.056",
            "low": "21.051",
            "close": "21.091"
        },
        {
            "time": "22.03.2021 18:34",
            "open": "21.091",
            "high": "21.091",
            "low": "21.091",
            "close": "21.138"
        },
        {
            "time": "22.03.2021 18:36",
            "open": "21.138",
            "high": "21.138",
            "low": "21.138",
            "close": "20.911"
        },
        {
            "time": "22.03.2021 18:55",
            "open": "20.911",
            "high": "20.911",
            "low": "20.911",
            "close": "20.947"
        },
        {
            "time": "22.03.2021 19:01",
            "open": "20.947",
            "high": "20.947",
            "low": "20.94",
            "close": "20.933"
        },
        {
            "time": "22.03.2021 19:11",
            "open": "20.933",
            "high": "20.933",
            "low": "20.933",
            "close": "20.925"
        },
        {
            "time": "22.03.2021 19:14",
            "open": "20.925",
            "high": "20.925",
            "low": "20.925",
            "close": "20.911"
        },
        {
            "time": "22.03.2021 19:43",
            "open": "20.911",
            "high": "20.911",
            "low": "20.911",
            "close": "20.907"
        },
        {
            "time": "22.03.2021 19:44",
            "open": "20.907",
            "high": "20.907",
            "low": "20.907",
            "close": "20.916"
        },
        {
            "time": "22.03.2021 19:47",
            "open": "20.916",
            "high": "20.916",
            "low": "20.916",
            "close": "20.929"
        },
        {
            "time": "22.03.2021 19:49",
            "open": "20.929",
            "high": "20.929",
            "low": "20.929",
            "close": "20.894"
        },
        {
            "time": "22.03.2021 19:54",
            "open": "20.894",
            "high": "20.894",
            "low": "20.894",
            "close": "20.886"
        },
        {
            "time": "22.03.2021 20:01",
            "open": "20.886",
            "high": "20.887",
            "low": "20.886",
            "close": "20.848"
        },
        {
            "time": "22.03.2021 20:04",
            "open": "20.848",
            "high": "20.848",
            "low": "20.848",
            "close": "20.833"
        },
        {
            "time": "22.03.2021 20:05",
            "open": "20.833",
            "high": "20.833",
            "low": "20.833",
            "close": "20.8"
        },
        {
            "time": "22.03.2021 20:07",
            "open": "20.8",
            "high": "20.8",
            "low": "20.8",
            "close": "20.771"
        },
        {
            "time": "22.03.2021 20:09",
            "open": "20.771",
            "high": "20.772",
            "low": "20.771",
            "close": "20.771"
        },
        {
            "time": "22.03.2021 20:11",
            "open": "20.771",
            "high": "20.809",
            "low": "20.771",
            "close": "20.77"
        },
        {
            "time": "22.03.2021 20:14",
            "open": "20.77",
            "high": "20.77",
            "low": "20.764",
            "close": "20.729"
        },
        {
            "time": "22.03.2021 20:15",
            "open": "20.729",
            "high": "20.729",
            "low": "20.692",
            "close": "20.703"
        },
        {
            "time": "22.03.2021 20:16",
            "open": "20.703",
            "high": "20.723",
            "low": "20.703",
            "close": "20.681"
        },
        {
            "time": "22.03.2021 20:20",
            "open": "20.681",
            "high": "20.681",
            "low": "20.681",
            "close": "20.725"
        },
        {
            "time": "22.03.2021 20:21",
            "open": "20.725",
            "high": "20.725",
            "low": "20.725",
            "close": "20.691"
        },
        {
            "time": "22.03.2021 20:25",
            "open": "20.691",
            "high": "20.73",
            "low": "20.691",
            "close": "20.689"
        },
        {
            "time": "22.03.2021 20:26",
            "open": "20.689",
            "high": "20.707",
            "low": "20.689",
            "close": "20.643"
        },
        {
            "time": "22.03.2021 20:32",
            "open": "20.643",
            "high": "20.643",
            "low": "20.634",
            "close": "20.618"
        },
        {
            "time": "22.03.2021 20:34",
            "open": "20.618",
            "high": "20.618",
            "low": "20.602",
            "close": "20.602"
        },
        {
            "time": "22.03.2021 20:35",
            "open": "20.602",
            "high": "20.602",
            "low": "20.585",
            "close": "20.627"
        },
        {
            "time": "22.03.2021 20:36",
            "open": "20.627",
            "high": "20.629",
            "low": "20.627",
            "close": "20.634"
        },
        {
            "time": "22.03.2021 20:37",
            "open": "20.634",
            "high": "20.634",
            "low": "20.634",
            "close": "20.648"
        },
        {
            "time": "22.03.2021 20:39",
            "open": "20.648",
            "high": "20.648",
            "low": "20.647",
            "close": "20.691"
        },
        {
            "time": "22.03.2021 20:41",
            "open": "20.691",
            "high": "20.691",
            "low": "20.691",
            "close": "20.674"
        },
        {
            "time": "22.03.2021 20:43",
            "open": "20.674",
            "high": "20.674",
            "low": "20.674",
            "close": "20.677"
        },
        {
            "time": "22.03.2021 20:45",
            "open": "20.677",
            "high": "20.677",
            "low": "20.677",
            "close": "20.699"
        },
        {
            "time": "22.03.2021 20:47",
            "open": "20.699",
            "high": "20.699",
            "low": "20.699",
            "close": "20.602"
        },
        {
            "time": "22.03.2021 20:50",
            "open": "20.602",
            "high": "20.603",
            "low": "20.602",
            "close": "20.683"
        },
        {
            "time": "22.03.2021 20:52",
            "open": "20.683",
            "high": "20.683",
            "low": "20.683",
            "close": "20.627"
        },
        {
            "time": "22.03.2021 20:56",
            "open": "20.627",
            "high": "20.629",
            "low": "20.627",
            "close": "20.575"
        },
        {
            "time": "22.03.2021 21:00",
            "open": "20.575",
            "high": "20.575",
            "low": "20.565",
            "close": "20.551"
        },
        {
            "time": "22.03.2021 21:01",
            "open": "20.551",
            "high": "20.551",
            "low": "20.454",
            "close": "20.48"
        },
        {
            "time": "22.03.2021 21:02",
            "open": "20.48",
            "high": "20.48",
            "low": "20.48",
            "close": "20.481"
        },
        {
            "time": "22.03.2021 21:03",
            "open": "20.481",
            "high": "20.5",
            "low": "20.466",
            "close": "20.5"
        },
        {
            "time": "22.03.2021 21:04",
            "open": "20.5",
            "high": "20.5",
            "low": "20.5",
            "close": "20.572"
        },
        {
            "time": "22.03.2021 21:05",
            "open": "20.572",
            "high": "20.572",
            "low": "20.572",
            "close": "20.475"
        },
        {
            "time": "22.03.2021 21:09",
            "open": "20.475",
            "high": "20.475",
            "low": "20.475",
            "close": "20.495"
        },
        {
            "time": "22.03.2021 21:10",
            "open": "20.495",
            "high": "20.504",
            "low": "20.495",
            "close": "20.508"
        },
        {
            "time": "22.03.2021 21:13",
            "open": "20.508",
            "high": "20.508",
            "low": "20.494",
            "close": "20.533"
        },
        {
            "time": "22.03.2021 21:15",
            "open": "20.533",
            "high": "20.533",
            "low": "20.533",
            "close": "20.525"
        },
        {
            "time": "22.03.2021 21:16",
            "open": "20.525",
            "high": "20.525",
            "low": "20.525",
            "close": "20.48"
        },
        {
            "time": "22.03.2021 21:28",
            "open": "20.48",
            "high": "20.48",
            "low": "20.454",
            "close": "20.471"
        },
        {
            "time": "22.03.2021 21:33",
            "open": "20.471",
            "high": "20.471",
            "low": "20.471",
            "close": "20.414"
        },
        {
            "time": "22.03.2021 21:42",
            "open": "20.414",
            "high": "20.414",
            "low": "20.36",
            "close": "20.329"
        },
        {
            "time": "22.03.2021 21:44",
            "open": "20.329",
            "high": "20.329",
            "low": "20.221",
            "close": "20.252"
        },
        {
            "time": "22.03.2021 21:45",
            "open": "20.252",
            "high": "20.252",
            "low": "20.177",
            "close": "20.163"
        },
        {
            "time": "22.03.2021 21:46",
            "open": "20.163",
            "high": "20.163",
            "low": "20.1",
            "close": "20.074"
        },
        {
            "time": "22.03.2021 21:47",
            "open": "20.074",
            "high": "20.074",
            "low": "19.977",
            "close": "19.981"
        },
        {
            "time": "22.03.2021 21:48",
            "open": "19.981",
            "high": "20",
            "low": "19.98",
            "close": "19.98"
        },
        {
            "time": "22.03.2021 21:49",
            "open": "19.98",
            "high": "19.989",
            "low": "19.98",
            "close": "20"
        },
        {
            "time": "22.03.2021 21:50",
            "open": "20",
            "high": "20",
            "low": "19.999",
            "close": "19.985"
        },
        {
            "time": "22.03.2021 21:51",
            "open": "19.985",
            "high": "19.985",
            "low": "19.95",
            "close": "19.994"
        },
        {
            "time": "22.03.2021 21:52",
            "open": "19.994",
            "high": "19.994",
            "low": "19.994",
            "close": "19.998"
        },
        {
            "time": "22.03.2021 21:53",
            "open": "19.998",
            "high": "19.998",
            "low": "19.998",
            "close": "19.998"
        },
        {
            "time": "22.03.2021 21:54",
            "open": "19.998",
            "high": "19.998",
            "low": "19.931",
            "close": "19.999"
        },
        {
            "time": "22.03.2021 21:55",
            "open": "19.999",
            "high": "19.999",
            "low": "19.985",
            "close": "19.96"
        },
        {
            "time": "22.03.2021 21:56",
            "open": "19.96",
            "high": "19.96",
            "low": "19.96",
            "close": "19.973"
        },
        {
            "time": "22.03.2021 21:57",
            "open": "19.973",
            "high": "19.973",
            "low": "19.971",
            "close": "19.977"
        },
        {
            "time": "22.03.2021 21:58",
            "open": "19.977",
            "high": "20.02",
            "low": "19.976",
            "close": "20.006"
        },
        {
            "time": "22.03.2021 21:59",
            "open": "20.006",
            "high": "20.006",
            "low": "19.97",
            "close": "19.991"
        },
        {
            "time": "22.03.2021 22:00",
            "open": "19.991",
            "high": "19.991",
            "low": "19.952",
            "close": "19.91"
        },
        {
            "time": "22.03.2021 22:01",
            "open": "19.91",
            "high": "19.91",
            "low": "19.892",
            "close": "19.862"
        },
        {
            "time": "22.03.2021 22:02",
            "open": "19.862",
            "high": "19.863",
            "low": "19.853",
            "close": "19.894"
        },
        {
            "time": "22.03.2021 22:03",
            "open": "19.894",
            "high": "19.894",
            "low": "19.853",
            "close": "19.921"
        },
        {
            "time": "22.03.2021 22:04",
            "open": "19.921",
            "high": "19.921",
            "low": "19.916",
            "close": "19.947"
        },
        {
            "time": "22.03.2021 22:05",
            "open": "19.947",
            "high": "19.947",
            "low": "19.947",
            "close": "19.912"
        },
        {
            "time": "22.03.2021 22:06",
            "open": "19.912",
            "high": "19.952",
            "low": "19.911",
            "close": "19.916"
        },
        {
            "time": "22.03.2021 22:08",
            "open": "19.916",
            "high": "19.939",
            "low": "19.91",
            "close": "19.935"
        },
        {
            "time": "22.03.2021 22:09",
            "open": "19.935",
            "high": "19.935",
            "low": "19.935",
            "close": "19.995"
        },
        {
            "time": "22.03.2021 22:10",
            "open": "19.995",
            "high": "19.995",
            "low": "19.995",
            "close": "20.007"
        },
        {
            "time": "22.03.2021 22:11",
            "open": "20.007",
            "high": "20.007",
            "low": "20.007",
            "close": "20.039"
        },
        {
            "time": "22.03.2021 22:14",
            "open": "20.039",
            "high": "20.039",
            "low": "20.039",
            "close": "19.996"
        },
        {
            "time": "22.03.2021 22:18",
            "open": "19.996",
            "high": "19.996",
            "low": "19.996",
            "close": "19.995"
        },
        {
            "time": "22.03.2021 22:19",
            "open": "19.995",
            "high": "19.995",
            "low": "19.995",
            "close": "19.936"
        },
        {
            "time": "22.03.2021 22:20",
            "open": "19.936",
            "high": "19.936",
            "low": "19.936",
            "close": "19.935"
        },
        {
            "time": "22.03.2021 22:23",
            "open": "19.935",
            "high": "19.935",
            "low": "19.885",
            "close": "19.85"
        },
        {
            "time": "22.03.2021 22:28",
            "open": "19.85",
            "high": "19.85",
            "low": "19.821",
            "close": "19.82"
        },
        {
            "time": "22.03.2021 22:30",
            "open": "19.82",
            "high": "19.82",
            "low": "19.82",
            "close": "19.821"
        },
        {
            "time": "22.03.2021 22:31",
            "open": "19.821",
            "high": "19.821",
            "low": "19.82",
            "close": "19.804"
        },
        {
            "time": "22.03.2021 22:32",
            "open": "19.804",
            "high": "19.804",
            "low": "19.786",
            "close": "19.819"
        },
        {
            "time": "22.03.2021 22:33",
            "open": "19.819",
            "high": "19.819",
            "low": "19.819",
            "close": "19.842"
        },
        {
            "time": "22.03.2021 22:34",
            "open": "19.842",
            "high": "19.842",
            "low": "19.842",
            "close": "19.787"
        },
        {
            "time": "22.03.2021 22:38",
            "open": "19.787",
            "high": "19.787",
            "low": "19.742",
            "close": "19.764"
        },
        {
            "time": "22.03.2021 22:40",
            "open": "19.764",
            "high": "19.764",
            "low": "19.762",
            "close": "19.773"
        },
        {
            "time": "22.03.2021 22:41",
            "open": "19.773",
            "high": "19.773",
            "low": "19.764",
            "close": "19.789"
        },
        {
            "time": "22.03.2021 22:50",
            "open": "19.789",
            "high": "19.789",
            "low": "19.789",
            "close": "19.814"
        },
        {
            "time": "22.03.2021 22:51",
            "open": "19.814",
            "high": "19.814",
            "low": "19.814",
            "close": "19.828"
        },
        {
            "time": "22.03.2021 22:53",
            "open": "19.828",
            "high": "19.828",
            "low": "19.828",
            "close": "19.861"
        },
        {
            "time": "22.03.2021 22:55",
            "open": "19.861",
            "high": "19.861",
            "low": "19.858",
            "close": "19.83"
        },
        {
            "time": "22.03.2021 22:57",
            "open": "19.83",
            "high": "19.83",
            "low": "19.83",
            "close": "19.83"
        },
        {
            "time": "22.03.2021 22:59",
            "open": "19.83",
            "high": "19.83",
            "low": "19.83",
            "close": "19.83"
        },
        {
            "time": "22.03.2021 23:00",
            "open": "19.83",
            "high": "19.83",
            "low": "19.795",
            "close": "19.764"
        },
        {
            "time": "22.03.2021 23:01",
            "open": "19.764",
            "high": "19.764",
            "low": "19.764",
            "close": "19.761"
        },
        {
            "time": "22.03.2021 23:02",
            "open": "19.761",
            "high": "19.761",
            "low": "19.742",
            "close": "19.74"
        },
        {
            "time": "22.03.2021 23:10",
            "open": "19.74",
            "high": "19.74",
            "low": "19.74",
            "close": "19.764"
        },
        {
            "time": "22.03.2021 23:11",
            "open": "19.764",
            "high": "19.765",
            "low": "19.764",
            "close": "19.783"
        },
        {
            "time": "22.03.2021 23:12",
            "open": "19.783",
            "high": "19.815",
            "low": "19.783",
            "close": "19.83"
        },
        {
            "time": "22.03.2021 23:15",
            "open": "19.83",
            "high": "19.83",
            "low": "19.83",
            "close": "19.852"
        },
        {
            "time": "22.03.2021 23:16",
            "open": "19.852",
            "high": "19.858",
            "low": "19.852",
            "close": "19.83"
        },
        {
            "time": "22.03.2021 23:25",
            "open": "19.83",
            "high": "19.83",
            "low": "19.823",
            "close": "19.817"
        },
        {
            "time": "22.03.2021 23:26",
            "open": "19.817",
            "high": "19.817",
            "low": "19.817",
            "close": "19.869"
        },
        {
            "time": "22.03.2021 23:32",
            "open": "19.869",
            "high": "19.869",
            "low": "19.808",
            "close": "19.829"
        },
        {
            "time": "22.03.2021 23:33",
            "open": "19.829",
            "high": "19.829",
            "low": "19.793",
            "close": "19.787"
        },
        {
            "time": "22.03.2021 23:34",
            "open": "19.787",
            "high": "19.821",
            "low": "19.787",
            "close": "19.809"
        },
        {
            "time": "22.03.2021 23:36",
            "open": "19.809",
            "high": "19.81",
            "low": "19.809",
            "close": "19.825"
        },
        {
            "time": "22.03.2021 23:40",
            "open": "19.825",
            "high": "19.826",
            "low": "19.825",
            "close": "19.826"
        },
        {
            "time": "22.03.2021 23:41",
            "open": "19.826",
            "high": "19.827",
            "low": "19.826",
            "close": "19.834"
        },
        {
            "time": "22.03.2021 23:42",
            "open": "19.834",
            "high": "19.836",
            "low": "19.834",
            "close": "19.842"
        },
        {
            "time": "22.03.2021 23:43",
            "open": "19.842",
            "high": "19.843",
            "low": "19.842",
            "close": "19.838"
        },
        {
            "time": "22.03.2021 23:44",
            "open": "19.838",
            "high": "19.838",
            "low": "19.838",
            "close": "19.824"
        },
        {
            "time": "22.03.2021 23:46",
            "open": "19.824",
            "high": "19.824",
            "low": "19.821",
            "close": "19.822"
        },
        {
            "time": "22.03.2021 23:47",
            "open": "19.822",
            "high": "19.822",
            "low": "19.822",
            "close": "19.872"
        },
        {
            "time": "22.03.2021 23:48",
            "open": "19.872",
            "high": "19.887",
            "low": "19.872",
            "close": "19.884"
        },
        {
            "time": "22.03.2021 23:52",
            "open": "19.884",
            "high": "19.884",
            "low": "19.872",
            "close": "19.85"
        },
        {
            "time": "22.03.2021 23:57",
            "open": "19.85",
            "high": "19.85",
            "low": "19.85",
            "close": "19.881"
        }
    ]
}