{
    "UMA-EUR": [
        {
            "time": "11.12.2020 23:54",
            "open": "5.812",
            "high": "5.816",
            "low": "5.812",
            "close": "5.818"
        },
        {
            "time": "12.12.2020 00:01",
            "open": "5.818",
            "high": "5.818",
            "low": "5.818",
            "close": "5.818"
        },
        {
            "time": "12.12.2020 00:59",
            "open": "5.818",
            "high": "5.818",
            "low": "5.818",
            "close": "5.831"
        },
        {
            "time": "12.12.2020 01:18",
            "open": "5.831",
            "high": "5.831",
            "low": "5.831",
            "close": "5.831"
        },
        {
            "time": "12.12.2020 01:21",
            "open": "5.831",
            "high": "5.831",
            "low": "5.831",
            "close": "5.831"
        },
        {
            "time": "12.12.2020 01:22",
            "open": "5.831",
            "high": "5.831",
            "low": "5.831",
            "close": "5.831"
        },
        {
            "time": "12.12.2020 01:24",
            "open": "5.831",
            "high": "5.831",
            "low": "5.831",
            "close": "5.831"
        },
        {
            "time": "12.12.2020 01:28",
            "open": "5.831",
            "high": "5.831",
            "low": "5.831",
            "close": "5.867"
        },
        {
            "time": "12.12.2020 01:37",
            "open": "5.867",
            "high": "5.867",
            "low": "5.867",
            "close": "5.85"
        },
        {
            "time": "12.12.2020 01:42",
            "open": "5.85",
            "high": "5.85",
            "low": "5.85",
            "close": "5.867"
        },
        {
            "time": "12.12.2020 01:44",
            "open": "5.867",
            "high": "5.874",
            "low": "5.867",
            "close": "5.872"
        },
        {
            "time": "12.12.2020 01:45",
            "open": "5.872",
            "high": "5.872",
            "low": "5.872",
            "close": "5.856"
        },
        {
            "time": "12.12.2020 01:50",
            "open": "5.856",
            "high": "5.856",
            "low": "5.856",
            "close": "5.89"
        },
        {
            "time": "12.12.2020 02:00",
            "open": "5.89",
            "high": "5.89",
            "low": "5.89",
            "close": "5.894"
        },
        {
            "time": "12.12.2020 02:01",
            "open": "5.894",
            "high": "5.909",
            "low": "5.894",
            "close": "5.905"
        },
        {
            "time": "12.12.2020 02:03",
            "open": "5.905",
            "high": "5.905",
            "low": "5.905",
            "close": "5.91"
        },
        {
            "time": "12.12.2020 02:14",
            "open": "5.91",
            "high": "5.91",
            "low": "5.91",
            "close": "5.906"
        },
        {
            "time": "12.12.2020 02:33",
            "open": "5.906",
            "high": "5.906",
            "low": "5.906",
            "close": "5.933"
        },
        {
            "time": "12.12.2020 03:30",
            "open": "5.933",
            "high": "5.933",
            "low": "5.933",
            "close": "5.906"
        },
        {
            "time": "12.12.2020 03:34",
            "open": "5.906",
            "high": "5.906",
            "low": "5.906",
            "close": "5.94"
        },
        {
            "time": "12.12.2020 03:53",
            "open": "5.94",
            "high": "5.94",
            "low": "5.94",
            "close": "5.919"
        },
        {
            "time": "12.12.2020 03:54",
            "open": "5.919",
            "high": "5.919",
            "low": "5.919",
            "close": "5.927"
        },
        {
            "time": "12.12.2020 04:05",
            "open": "5.927",
            "high": "5.927",
            "low": "5.903",
            "close": "5.901"
        },
        {
            "time": "12.12.2020 04:19",
            "open": "5.901",
            "high": "5.901",
            "low": "5.9",
            "close": "5.905"
        },
        {
            "time": "12.12.2020 05:53",
            "open": "5.905",
            "high": "5.906",
            "low": "5.905",
            "close": "5.915"
        },
        {
            "time": "12.12.2020 06:40",
            "open": "5.915",
            "high": "5.915",
            "low": "5.915",
            "close": "5.863"
        },
        {
            "time": "12.12.2020 07:56",
            "open": "5.863",
            "high": "5.863",
            "low": "5.863",
            "close": "5.861"
        },
        {
            "time": "12.12.2020 08:06",
            "open": "5.861",
            "high": "5.861",
            "low": "5.861",
            "close": "5.837"
        },
        {
            "time": "12.12.2020 08:31",
            "open": "5.837",
            "high": "5.837",
            "low": "5.833",
            "close": "5.906"
        },
        {
            "time": "12.12.2020 09:40",
            "open": "5.906",
            "high": "5.906",
            "low": "5.906",
            "close": "5.888"
        },
        {
            "time": "12.12.2020 09:54",
            "open": "5.888",
            "high": "5.888",
            "low": "5.888",
            "close": "5.898"
        },
        {
            "time": "12.12.2020 11:03",
            "open": "5.898",
            "high": "5.898",
            "low": "5.898",
            "close": "5.893"
        },
        {
            "time": "12.12.2020 11:06",
            "open": "5.893",
            "high": "5.893",
            "low": "5.893",
            "close": "5.873"
        },
        {
            "time": "12.12.2020 11:17",
            "open": "5.873",
            "high": "5.874",
            "low": "5.873",
            "close": "5.905"
        },
        {
            "time": "12.12.2020 11:38",
            "open": "5.905",
            "high": "5.957",
            "low": "5.905",
            "close": "5.886"
        },
        {
            "time": "12.12.2020 12:07",
            "open": "5.886",
            "high": "5.886",
            "low": "5.837",
            "close": "5.904"
        },
        {
            "time": "12.12.2020 12:14",
            "open": "5.904",
            "high": "5.904",
            "low": "5.904",
            "close": "5.876"
        },
        {
            "time": "12.12.2020 12:20",
            "open": "5.876",
            "high": "5.876",
            "low": "5.876",
            "close": "5.915"
        },
        {
            "time": "12.12.2020 13:28",
            "open": "5.915",
            "high": "5.915",
            "low": "5.915",
            "close": "5.928"
        },
        {
            "time": "12.12.2020 13:46",
            "open": "5.928",
            "high": "5.928",
            "low": "5.928",
            "close": "5.917"
        },
        {
            "time": "12.12.2020 13:56",
            "open": "5.917",
            "high": "5.917",
            "low": "5.917",
            "close": "5.86"
        },
        {
            "time": "12.12.2020 15:56",
            "open": "5.86",
            "high": "5.86",
            "low": "5.86",
            "close": "5.86"
        },
        {
            "time": "12.12.2020 15:58",
            "open": "5.86",
            "high": "5.86",
            "low": "5.86",
            "close": "5.86"
        },
        {
            "time": "12.12.2020 16:04",
            "open": "5.86",
            "high": "5.86",
            "low": "5.86",
            "close": "5.819"
        },
        {
            "time": "12.12.2020 16:19",
            "open": "5.819",
            "high": "5.819",
            "low": "5.818",
            "close": "5.823"
        },
        {
            "time": "12.12.2020 16:20",
            "open": "5.823",
            "high": "5.823",
            "low": "5.822",
            "close": "5.842"
        },
        {
            "time": "12.12.2020 17:04",
            "open": "5.842",
            "high": "5.842",
            "low": "5.842",
            "close": "5.853"
        },
        {
            "time": "12.12.2020 17:23",
            "open": "5.853",
            "high": "5.853",
            "low": "5.853",
            "close": "5.846"
        },
        {
            "time": "12.12.2020 17:30",
            "open": "5.846",
            "high": "5.847",
            "low": "5.846",
            "close": "5.827"
        },
        {
            "time": "12.12.2020 17:46",
            "open": "5.827",
            "high": "5.828",
            "low": "5.827",
            "close": "5.828"
        },
        {
            "time": "12.12.2020 18:00",
            "open": "5.828",
            "high": "5.828",
            "low": "5.825",
            "close": "5.848"
        },
        {
            "time": "12.12.2020 18:15",
            "open": "5.848",
            "high": "5.848",
            "low": "5.848",
            "close": "5.83"
        },
        {
            "time": "12.12.2020 18:18",
            "open": "5.83",
            "high": "5.83",
            "low": "5.83",
            "close": "5.835"
        },
        {
            "time": "12.12.2020 18:32",
            "open": "5.835",
            "high": "5.835",
            "low": "5.835",
            "close": "5.833"
        },
        {
            "time": "12.12.2020 18:33",
            "open": "5.833",
            "high": "5.833",
            "low": "5.833",
            "close": "5.841"
        },
        {
            "time": "12.12.2020 18:37",
            "open": "5.841",
            "high": "5.841",
            "low": "5.841",
            "close": "5.875"
        },
        {
            "time": "12.12.2020 19:44",
            "open": "5.875",
            "high": "5.875",
            "low": "5.864",
            "close": "5.907"
        },
        {
            "time": "12.12.2020 20:05",
            "open": "5.907",
            "high": "5.958",
            "low": "5.907",
            "close": "5.958"
        },
        {
            "time": "12.12.2020 20:06",
            "open": "5.958",
            "high": "6.22",
            "low": "5.958",
            "close": "6.188"
        },
        {
            "time": "12.12.2020 20:07",
            "open": "6.188",
            "high": "6.22",
            "low": "6.188",
            "close": "6.191"
        },
        {
            "time": "12.12.2020 20:08",
            "open": "6.191",
            "high": "6.191",
            "low": "6.19",
            "close": "6.156"
        },
        {
            "time": "12.12.2020 20:09",
            "open": "6.156",
            "high": "6.156",
            "low": "6.156",
            "close": "6.142"
        },
        {
            "time": "12.12.2020 20:10",
            "open": "6.142",
            "high": "6.142",
            "low": "6.142",
            "close": "6.07"
        },
        {
            "time": "12.12.2020 20:11",
            "open": "6.07",
            "high": "6.096",
            "low": "5.982",
            "close": "6.096"
        },
        {
            "time": "12.12.2020 20:12",
            "open": "6.096",
            "high": "6.173",
            "low": "6.095",
            "close": "6.127"
        },
        {
            "time": "12.12.2020 20:13",
            "open": "6.127",
            "high": "6.127",
            "low": "6.127",
            "close": "6.094"
        },
        {
            "time": "12.12.2020 20:14",
            "open": "6.094",
            "high": "6.094",
            "low": "6.092",
            "close": "6.03"
        },
        {
            "time": "12.12.2020 20:15",
            "open": "6.03",
            "high": "6.031",
            "low": "6.03",
            "close": "6.128"
        },
        {
            "time": "12.12.2020 20:16",
            "open": "6.128",
            "high": "6.137",
            "low": "6.118",
            "close": "6.054"
        },
        {
            "time": "12.12.2020 20:18",
            "open": "6.054",
            "high": "6.089",
            "low": "6.054",
            "close": "6.029"
        },
        {
            "time": "12.12.2020 20:20",
            "open": "6.029",
            "high": "6.029",
            "low": "6.029",
            "close": "6.047"
        },
        {
            "time": "12.12.2020 20:21",
            "open": "6.047",
            "high": "6.047",
            "low": "6.018",
            "close": "6.047"
        },
        {
            "time": "12.12.2020 20:22",
            "open": "6.047",
            "high": "6.048",
            "low": "6.047",
            "close": "6.048"
        },
        {
            "time": "12.12.2020 20:23",
            "open": "6.048",
            "high": "6.081",
            "low": "6.048",
            "close": "6.058"
        },
        {
            "time": "12.12.2020 20:24",
            "open": "6.058",
            "high": "6.058",
            "low": "6.058",
            "close": "6.058"
        },
        {
            "time": "12.12.2020 20:25",
            "open": "6.058",
            "high": "6.099",
            "low": "6.058",
            "close": "6.078"
        },
        {
            "time": "12.12.2020 20:26",
            "open": "6.078",
            "high": "6.09",
            "low": "6.078",
            "close": "6.099"
        },
        {
            "time": "12.12.2020 20:27",
            "open": "6.099",
            "high": "6.109",
            "low": "6.099",
            "close": "6.104"
        },
        {
            "time": "12.12.2020 20:28",
            "open": "6.104",
            "high": "6.125",
            "low": "6.104",
            "close": "6.124"
        },
        {
            "time": "12.12.2020 20:30",
            "open": "6.124",
            "high": "6.124",
            "low": "6.124",
            "close": "6.124"
        },
        {
            "time": "12.12.2020 20:31",
            "open": "6.124",
            "high": "6.124",
            "low": "6.124",
            "close": "6.124"
        },
        {
            "time": "12.12.2020 20:32",
            "open": "6.124",
            "high": "6.124",
            "low": "6.109",
            "close": "6.103"
        },
        {
            "time": "12.12.2020 20:34",
            "open": "6.103",
            "high": "6.106",
            "low": "6.103",
            "close": "6.103"
        },
        {
            "time": "12.12.2020 20:35",
            "open": "6.103",
            "high": "6.105",
            "low": "6.103",
            "close": "6.178"
        },
        {
            "time": "12.12.2020 20:36",
            "open": "6.178",
            "high": "6.178",
            "low": "6.136",
            "close": "6.219"
        },
        {
            "time": "12.12.2020 20:37",
            "open": "6.219",
            "high": "6.219",
            "low": "6.149",
            "close": "6.139"
        },
        {
            "time": "12.12.2020 20:38",
            "open": "6.139",
            "high": "6.139",
            "low": "6.139",
            "close": "6.113"
        },
        {
            "time": "12.12.2020 20:40",
            "open": "6.113",
            "high": "6.113",
            "low": "6.113",
            "close": "6.112"
        },
        {
            "time": "12.12.2020 20:41",
            "open": "6.112",
            "high": "6.112",
            "low": "6.096",
            "close": "6.197"
        },
        {
            "time": "12.12.2020 20:42",
            "open": "6.197",
            "high": "6.197",
            "low": "6.142",
            "close": "6.144"
        },
        {
            "time": "12.12.2020 20:43",
            "open": "6.144",
            "high": "6.181",
            "low": "6.144",
            "close": "6.183"
        },
        {
            "time": "12.12.2020 20:44",
            "open": "6.183",
            "high": "6.183",
            "low": "6.176",
            "close": "6.176"
        },
        {
            "time": "12.12.2020 20:45",
            "open": "6.176",
            "high": "6.176",
            "low": "6.132",
            "close": "6.131"
        },
        {
            "time": "12.12.2020 20:51",
            "open": "6.131",
            "high": "6.131",
            "low": "6.113",
            "close": "6.182"
        },
        {
            "time": "12.12.2020 21:28",
            "open": "6.182",
            "high": "6.184",
            "low": "6.181",
            "close": "6.162"
        },
        {
            "time": "12.12.2020 21:38",
            "open": "6.162",
            "high": "6.162",
            "low": "6.162",
            "close": "6.044"
        },
        {
            "time": "12.12.2020 21:57",
            "open": "6.044",
            "high": "6.044",
            "low": "6.044",
            "close": "6.032"
        },
        {
            "time": "12.12.2020 22:02",
            "open": "6.032",
            "high": "6.032",
            "low": "6.028",
            "close": "6.052"
        },
        {
            "time": "12.12.2020 22:06",
            "open": "6.052",
            "high": "6.052",
            "low": "6.052",
            "close": "6.051"
        },
        {
            "time": "12.12.2020 22:09",
            "open": "6.051",
            "high": "6.051",
            "low": "6.051",
            "close": "6.04"
        },
        {
            "time": "12.12.2020 22:13",
            "open": "6.04",
            "high": "6.04",
            "low": "6.04",
            "close": "6.04"
        },
        {
            "time": "12.12.2020 22:20",
            "open": "6.04",
            "high": "6.04",
            "low": "6.027",
            "close": "6.05"
        },
        {
            "time": "12.12.2020 22:21",
            "open": "6.05",
            "high": "6.05",
            "low": "6.05",
            "close": "6.052"
        },
        {
            "time": "12.12.2020 22:23",
            "open": "6.052",
            "high": "6.052",
            "low": "6.052",
            "close": "6.052"
        },
        {
            "time": "12.12.2020 22:24",
            "open": "6.052",
            "high": "6.052",
            "low": "6.052",
            "close": "6.062"
        },
        {
            "time": "12.12.2020 22:50",
            "open": "6.062",
            "high": "6.062",
            "low": "6.062",
            "close": "6.051"
        },
        {
            "time": "12.12.2020 23:00",
            "open": "6.051",
            "high": "6.051",
            "low": "6.048",
            "close": "6.048"
        },
        {
            "time": "12.12.2020 23:14",
            "open": "6.048",
            "high": "6.048",
            "low": "6.048",
            "close": "6.047"
        },
        {
            "time": "12.12.2020 23:15",
            "open": "6.047",
            "high": "6.047",
            "low": "6.047",
            "close": "6.044"
        },
        {
            "time": "12.12.2020 23:35",
            "open": "6.044",
            "high": "6.044",
            "low": "6.044",
            "close": "6.012"
        },
        {
            "time": "12.12.2020 23:39",
            "open": "6.012",
            "high": "6.012",
            "low": "6.012",
            "close": "6.037"
        },
        {
            "time": "12.12.2020 23:41",
            "open": "6.037",
            "high": "6.042",
            "low": "6.037",
            "close": "6.043"
        }
    ]
}