{
    "UMA-EUR": [
        {
            "time": "08.04.2021 23:59",
            "open": "20.323",
            "high": "20.323",
            "low": "20.323",
            "close": "20.301"
        },
        {
            "time": "09.04.2021 00:01",
            "open": "20.301",
            "high": "20.301",
            "low": "20.301",
            "close": "20.276"
        },
        {
            "time": "09.04.2021 00:02",
            "open": "20.276",
            "high": "20.276",
            "low": "20.275",
            "close": "20.318"
        },
        {
            "time": "09.04.2021 00:04",
            "open": "20.318",
            "high": "20.319",
            "low": "20.317",
            "close": "20.306"
        },
        {
            "time": "09.04.2021 00:10",
            "open": "20.306",
            "high": "20.306",
            "low": "20.306",
            "close": "20.347"
        },
        {
            "time": "09.04.2021 00:29",
            "open": "20.347",
            "high": "20.347",
            "low": "20.347",
            "close": "20.36"
        },
        {
            "time": "09.04.2021 00:30",
            "open": "20.36",
            "high": "20.36",
            "low": "20.36",
            "close": "20.4"
        },
        {
            "time": "09.04.2021 00:31",
            "open": "20.4",
            "high": "20.43",
            "low": "20.4",
            "close": "20.376"
        },
        {
            "time": "09.04.2021 00:35",
            "open": "20.376",
            "high": "20.376",
            "low": "20.376",
            "close": "20.376"
        },
        {
            "time": "09.04.2021 00:38",
            "open": "20.376",
            "high": "20.376",
            "low": "20.364",
            "close": "20.367"
        },
        {
            "time": "09.04.2021 00:51",
            "open": "20.367",
            "high": "20.372",
            "low": "20.367",
            "close": "20.35"
        },
        {
            "time": "09.04.2021 00:57",
            "open": "20.35",
            "high": "20.35",
            "low": "20.336",
            "close": "20.331"
        },
        {
            "time": "09.04.2021 00:59",
            "open": "20.331",
            "high": "20.331",
            "low": "20.331",
            "close": "20.369"
        },
        {
            "time": "09.04.2021 01:00",
            "open": "20.369",
            "high": "20.378",
            "low": "20.369",
            "close": "20.454"
        },
        {
            "time": "09.04.2021 01:11",
            "open": "20.454",
            "high": "20.454",
            "low": "20.454",
            "close": "20.444"
        },
        {
            "time": "09.04.2021 01:17",
            "open": "20.444",
            "high": "20.444",
            "low": "20.444",
            "close": "20.46"
        },
        {
            "time": "09.04.2021 01:29",
            "open": "20.46",
            "high": "20.46",
            "low": "20.46",
            "close": "20.46"
        },
        {
            "time": "09.04.2021 01:33",
            "open": "20.46",
            "high": "20.46",
            "low": "20.46",
            "close": "20.458"
        },
        {
            "time": "09.04.2021 01:34",
            "open": "20.458",
            "high": "20.458",
            "low": "20.458",
            "close": "20.448"
        },
        {
            "time": "09.04.2021 01:35",
            "open": "20.448",
            "high": "20.448",
            "low": "20.448",
            "close": "20.48"
        },
        {
            "time": "09.04.2021 01:36",
            "open": "20.48",
            "high": "20.48",
            "low": "20.48",
            "close": "20.481"
        },
        {
            "time": "09.04.2021 01:39",
            "open": "20.481",
            "high": "20.481",
            "low": "20.481",
            "close": "20.515"
        },
        {
            "time": "09.04.2021 01:58",
            "open": "20.515",
            "high": "20.516",
            "low": "20.503",
            "close": "20.51"
        },
        {
            "time": "09.04.2021 02:02",
            "open": "20.51",
            "high": "20.51",
            "low": "20.51",
            "close": "20.51"
        },
        {
            "time": "09.04.2021 02:10",
            "open": "20.51",
            "high": "20.51",
            "low": "20.51",
            "close": "20.566"
        },
        {
            "time": "09.04.2021 02:14",
            "open": "20.566",
            "high": "20.602",
            "low": "20.566",
            "close": "20.612"
        },
        {
            "time": "09.04.2021 02:16",
            "open": "20.612",
            "high": "20.612",
            "low": "20.612",
            "close": "20.611"
        },
        {
            "time": "09.04.2021 02:17",
            "open": "20.611",
            "high": "20.611",
            "low": "20.611",
            "close": "20.612"
        },
        {
            "time": "09.04.2021 02:18",
            "open": "20.612",
            "high": "20.612",
            "low": "20.612",
            "close": "20.643"
        },
        {
            "time": "09.04.2021 02:19",
            "open": "20.643",
            "high": "20.643",
            "low": "20.643",
            "close": "20.649"
        },
        {
            "time": "09.04.2021 02:26",
            "open": "20.649",
            "high": "20.649",
            "low": "20.649",
            "close": "20.644"
        },
        {
            "time": "09.04.2021 02:27",
            "open": "20.644",
            "high": "20.644",
            "low": "20.581",
            "close": "20.497"
        },
        {
            "time": "09.04.2021 02:28",
            "open": "20.497",
            "high": "20.497",
            "low": "20.497",
            "close": "20.494"
        },
        {
            "time": "09.04.2021 02:30",
            "open": "20.494",
            "high": "20.494",
            "low": "20.494",
            "close": "20.509"
        },
        {
            "time": "09.04.2021 02:38",
            "open": "20.509",
            "high": "20.509",
            "low": "20.509",
            "close": "20.478"
        },
        {
            "time": "09.04.2021 02:40",
            "open": "20.478",
            "high": "20.478",
            "low": "20.474",
            "close": "20.531"
        },
        {
            "time": "09.04.2021 03:00",
            "open": "20.531",
            "high": "20.532",
            "low": "20.531",
            "close": "20.532"
        },
        {
            "time": "09.04.2021 03:06",
            "open": "20.532",
            "high": "20.543",
            "low": "20.532",
            "close": "20.478"
        },
        {
            "time": "09.04.2021 03:18",
            "open": "20.478",
            "high": "20.478",
            "low": "20.478",
            "close": "20.459"
        },
        {
            "time": "09.04.2021 03:21",
            "open": "20.459",
            "high": "20.459",
            "low": "20.459",
            "close": "20.373"
        },
        {
            "time": "09.04.2021 03:22",
            "open": "20.373",
            "high": "20.374",
            "low": "20.373",
            "close": "20.374"
        },
        {
            "time": "09.04.2021 03:24",
            "open": "20.374",
            "high": "20.374",
            "low": "20.374",
            "close": "20.369"
        },
        {
            "time": "09.04.2021 03:25",
            "open": "20.369",
            "high": "20.369",
            "low": "20.354",
            "close": "20.354"
        },
        {
            "time": "09.04.2021 03:37",
            "open": "20.354",
            "high": "20.354",
            "low": "20.354",
            "close": "20.405"
        },
        {
            "time": "09.04.2021 03:38",
            "open": "20.405",
            "high": "20.405",
            "low": "20.405",
            "close": "20.417"
        },
        {
            "time": "09.04.2021 03:44",
            "open": "20.417",
            "high": "20.48",
            "low": "20.417",
            "close": "20.531"
        },
        {
            "time": "09.04.2021 03:45",
            "open": "20.531",
            "high": "20.531",
            "low": "20.531",
            "close": "20.58"
        },
        {
            "time": "09.04.2021 04:07",
            "open": "20.58",
            "high": "20.58",
            "low": "20.58",
            "close": "20.602"
        },
        {
            "time": "09.04.2021 04:20",
            "open": "20.602",
            "high": "20.602",
            "low": "20.602",
            "close": "20.613"
        },
        {
            "time": "09.04.2021 04:22",
            "open": "20.613",
            "high": "20.613",
            "low": "20.613",
            "close": "20.605"
        },
        {
            "time": "09.04.2021 04:31",
            "open": "20.605",
            "high": "20.605",
            "low": "20.593",
            "close": "20.487"
        },
        {
            "time": "09.04.2021 04:53",
            "open": "20.487",
            "high": "20.487",
            "low": "20.487",
            "close": "20.477"
        },
        {
            "time": "09.04.2021 04:54",
            "open": "20.477",
            "high": "20.477",
            "low": "20.477",
            "close": "20.458"
        },
        {
            "time": "09.04.2021 04:56",
            "open": "20.458",
            "high": "20.458",
            "low": "20.458",
            "close": "20.424"
        },
        {
            "time": "09.04.2021 05:00",
            "open": "20.424",
            "high": "20.424",
            "low": "20.424",
            "close": "20.363"
        },
        {
            "time": "09.04.2021 05:04",
            "open": "20.363",
            "high": "20.363",
            "low": "20.363",
            "close": "20.356"
        },
        {
            "time": "09.04.2021 05:06",
            "open": "20.356",
            "high": "20.379",
            "low": "20.344",
            "close": "20.385"
        },
        {
            "time": "09.04.2021 05:23",
            "open": "20.385",
            "high": "20.385",
            "low": "20.385",
            "close": "20.375"
        },
        {
            "time": "09.04.2021 06:06",
            "open": "20.375",
            "high": "20.375",
            "low": "20.375",
            "close": "20.355"
        },
        {
            "time": "09.04.2021 06:38",
            "open": "20.355",
            "high": "20.358",
            "low": "20.355",
            "close": "20.356"
        },
        {
            "time": "09.04.2021 06:39",
            "open": "20.356",
            "high": "20.356",
            "low": "20.356",
            "close": "20.31"
        },
        {
            "time": "09.04.2021 06:52",
            "open": "20.31",
            "high": "20.31",
            "low": "20.31",
            "close": "20.339"
        },
        {
            "time": "09.04.2021 06:53",
            "open": "20.339",
            "high": "20.339",
            "low": "20.339",
            "close": "20.342"
        },
        {
            "time": "09.04.2021 07:00",
            "open": "20.342",
            "high": "20.342",
            "low": "20.342",
            "close": "20.338"
        },
        {
            "time": "09.04.2021 07:03",
            "open": "20.338",
            "high": "20.344",
            "low": "20.338",
            "close": "20.317"
        },
        {
            "time": "09.04.2021 07:06",
            "open": "20.317",
            "high": "20.317",
            "low": "20.317",
            "close": "20.313"
        },
        {
            "time": "09.04.2021 07:10",
            "open": "20.313",
            "high": "20.313",
            "low": "20.313",
            "close": "20.313"
        },
        {
            "time": "09.04.2021 07:11",
            "open": "20.313",
            "high": "20.313",
            "low": "20.313",
            "close": "20.343"
        },
        {
            "time": "09.04.2021 07:12",
            "open": "20.343",
            "high": "20.343",
            "low": "20.341",
            "close": "20.367"
        },
        {
            "time": "09.04.2021 07:15",
            "open": "20.367",
            "high": "20.368",
            "low": "20.367",
            "close": "20.321"
        },
        {
            "time": "09.04.2021 07:18",
            "open": "20.321",
            "high": "20.321",
            "low": "20.321",
            "close": "20.337"
        },
        {
            "time": "09.04.2021 07:29",
            "open": "20.337",
            "high": "20.337",
            "low": "20.337",
            "close": "20.34"
        },
        {
            "time": "09.04.2021 07:37",
            "open": "20.34",
            "high": "20.34",
            "low": "20.34",
            "close": "20.324"
        },
        {
            "time": "09.04.2021 07:40",
            "open": "20.324",
            "high": "20.324",
            "low": "20.324",
            "close": "20.301"
        },
        {
            "time": "09.04.2021 07:42",
            "open": "20.301",
            "high": "20.301",
            "low": "20.3",
            "close": "20.3"
        },
        {
            "time": "09.04.2021 07:46",
            "open": "20.3",
            "high": "20.3",
            "low": "20.3",
            "close": "20.3"
        },
        {
            "time": "09.04.2021 07:47",
            "open": "20.3",
            "high": "20.3",
            "low": "20.3",
            "close": "20.317"
        },
        {
            "time": "09.04.2021 07:48",
            "open": "20.317",
            "high": "20.326",
            "low": "20.317",
            "close": "20.3"
        },
        {
            "time": "09.04.2021 08:01",
            "open": "20.3",
            "high": "20.3",
            "low": "20.3",
            "close": "20.3"
        },
        {
            "time": "09.04.2021 08:06",
            "open": "20.3",
            "high": "20.3",
            "low": "20.3",
            "close": "20.331"
        },
        {
            "time": "09.04.2021 08:17",
            "open": "20.331",
            "high": "20.331",
            "low": "20.331",
            "close": "20.331"
        },
        {
            "time": "09.04.2021 08:23",
            "open": "20.331",
            "high": "20.34",
            "low": "20.331",
            "close": "20.367"
        },
        {
            "time": "09.04.2021 08:24",
            "open": "20.367",
            "high": "20.422",
            "low": "20.367",
            "close": "20.438"
        },
        {
            "time": "09.04.2021 08:26",
            "open": "20.438",
            "high": "20.517",
            "low": "20.438",
            "close": "20.488"
        },
        {
            "time": "09.04.2021 08:28",
            "open": "20.488",
            "high": "20.488",
            "low": "20.488",
            "close": "20.47"
        },
        {
            "time": "09.04.2021 08:30",
            "open": "20.47",
            "high": "20.47",
            "low": "20.47",
            "close": "20.44"
        },
        {
            "time": "09.04.2021 08:31",
            "open": "20.44",
            "high": "20.44",
            "low": "20.402",
            "close": "20.356"
        },
        {
            "time": "09.04.2021 08:32",
            "open": "20.356",
            "high": "20.356",
            "low": "20.3",
            "close": "20.407"
        },
        {
            "time": "09.04.2021 08:41",
            "open": "20.407",
            "high": "20.407",
            "low": "20.407",
            "close": "20.447"
        },
        {
            "time": "09.04.2021 08:46",
            "open": "20.447",
            "high": "20.447",
            "low": "20.447",
            "close": "20.434"
        },
        {
            "time": "09.04.2021 08:48",
            "open": "20.434",
            "high": "20.434",
            "low": "20.434",
            "close": "20.388"
        },
        {
            "time": "09.04.2021 08:49",
            "open": "20.388",
            "high": "20.388",
            "low": "20.388",
            "close": "20.3"
        },
        {
            "time": "09.04.2021 08:50",
            "open": "20.3",
            "high": "20.3",
            "low": "20.3",
            "close": "20.279"
        },
        {
            "time": "09.04.2021 08:54",
            "open": "20.279",
            "high": "20.279",
            "low": "20.265",
            "close": "20.235"
        },
        {
            "time": "09.04.2021 08:55",
            "open": "20.235",
            "high": "20.235",
            "low": "20.23",
            "close": "20.278"
        },
        {
            "time": "09.04.2021 08:57",
            "open": "20.278",
            "high": "20.388",
            "low": "20.278",
            "close": "20.407"
        },
        {
            "time": "09.04.2021 08:58",
            "open": "20.407",
            "high": "20.407",
            "low": "20.344",
            "close": "20.316"
        },
        {
            "time": "09.04.2021 08:59",
            "open": "20.316",
            "high": "20.316",
            "low": "20.261",
            "close": "20.334"
        },
        {
            "time": "09.04.2021 09:00",
            "open": "20.334",
            "high": "20.334",
            "low": "20.303",
            "close": "20.243"
        },
        {
            "time": "09.04.2021 09:01",
            "open": "20.243",
            "high": "20.243",
            "low": "20.243",
            "close": "20.247"
        },
        {
            "time": "09.04.2021 09:02",
            "open": "20.247",
            "high": "20.247",
            "low": "20.247",
            "close": "20.316"
        },
        {
            "time": "09.04.2021 09:03",
            "open": "20.316",
            "high": "20.316",
            "low": "20.316",
            "close": "20.27"
        },
        {
            "time": "09.04.2021 09:09",
            "open": "20.27",
            "high": "20.27",
            "low": "20.27",
            "close": "20.247"
        },
        {
            "time": "09.04.2021 09:12",
            "open": "20.247",
            "high": "20.247",
            "low": "20.247",
            "close": "20.235"
        },
        {
            "time": "09.04.2021 09:14",
            "open": "20.235",
            "high": "20.235",
            "low": "20.235",
            "close": "20.206"
        },
        {
            "time": "09.04.2021 09:16",
            "open": "20.206",
            "high": "20.206",
            "low": "20.206",
            "close": "20.195"
        },
        {
            "time": "09.04.2021 09:21",
            "open": "20.195",
            "high": "20.195",
            "low": "20.179",
            "close": "20.182"
        },
        {
            "time": "09.04.2021 09:23",
            "open": "20.182",
            "high": "20.182",
            "low": "20.182",
            "close": "20.172"
        },
        {
            "time": "09.04.2021 09:27",
            "open": "20.172",
            "high": "20.172",
            "low": "20.172",
            "close": "20.17"
        },
        {
            "time": "09.04.2021 09:29",
            "open": "20.17",
            "high": "20.17",
            "low": "20.17",
            "close": "20.173"
        },
        {
            "time": "09.04.2021 09:30",
            "open": "20.173",
            "high": "20.173",
            "low": "20.173",
            "close": "20.204"
        },
        {
            "time": "09.04.2021 09:31",
            "open": "20.204",
            "high": "20.214",
            "low": "20.204",
            "close": "20.189"
        },
        {
            "time": "09.04.2021 09:33",
            "open": "20.189",
            "high": "20.189",
            "low": "20.189",
            "close": "20.276"
        },
        {
            "time": "09.04.2021 09:45",
            "open": "20.276",
            "high": "20.276",
            "low": "20.255",
            "close": "20.174"
        },
        {
            "time": "09.04.2021 09:48",
            "open": "20.174",
            "high": "20.174",
            "low": "20.168",
            "close": "20.223"
        },
        {
            "time": "09.04.2021 09:50",
            "open": "20.223",
            "high": "20.223",
            "low": "20.223",
            "close": "20.223"
        },
        {
            "time": "09.04.2021 09:54",
            "open": "20.223",
            "high": "20.223",
            "low": "20.222",
            "close": "20.247"
        },
        {
            "time": "09.04.2021 09:58",
            "open": "20.247",
            "high": "20.255",
            "low": "20.247",
            "close": "20.24"
        },
        {
            "time": "09.04.2021 09:59",
            "open": "20.24",
            "high": "20.274",
            "low": "20.24",
            "close": "20.295"
        },
        {
            "time": "09.04.2021 10:08",
            "open": "20.295",
            "high": "20.299",
            "low": "20.295",
            "close": "20.275"
        },
        {
            "time": "09.04.2021 10:11",
            "open": "20.275",
            "high": "20.275",
            "low": "20.275",
            "close": "20.214"
        },
        {
            "time": "09.04.2021 10:15",
            "open": "20.214",
            "high": "20.214",
            "low": "20.214",
            "close": "20.214"
        },
        {
            "time": "09.04.2021 10:16",
            "open": "20.214",
            "high": "20.214",
            "low": "20.214",
            "close": "20.2"
        },
        {
            "time": "09.04.2021 10:19",
            "open": "20.2",
            "high": "20.2",
            "low": "20.17",
            "close": "20.227"
        },
        {
            "time": "09.04.2021 10:20",
            "open": "20.227",
            "high": "20.227",
            "low": "20.227",
            "close": "20.228"
        },
        {
            "time": "09.04.2021 10:21",
            "open": "20.228",
            "high": "20.228",
            "low": "20.228",
            "close": "20.173"
        },
        {
            "time": "09.04.2021 10:25",
            "open": "20.173",
            "high": "20.173",
            "low": "20.173",
            "close": "20.173"
        },
        {
            "time": "09.04.2021 10:26",
            "open": "20.173",
            "high": "20.173",
            "low": "20.173",
            "close": "20.173"
        },
        {
            "time": "09.04.2021 10:27",
            "open": "20.173",
            "high": "20.173",
            "low": "20.173",
            "close": "20.173"
        },
        {
            "time": "09.04.2021 10:28",
            "open": "20.173",
            "high": "20.173",
            "low": "20.173",
            "close": "20.166"
        },
        {
            "time": "09.04.2021 10:30",
            "open": "20.166",
            "high": "20.166",
            "low": "20.163",
            "close": "20.158"
        },
        {
            "time": "09.04.2021 10:32",
            "open": "20.158",
            "high": "20.158",
            "low": "20.157",
            "close": "20.15"
        },
        {
            "time": "09.04.2021 10:34",
            "open": "20.15",
            "high": "20.15",
            "low": "20.15",
            "close": "20.15"
        },
        {
            "time": "09.04.2021 10:35",
            "open": "20.15",
            "high": "20.15",
            "low": "20.112",
            "close": "20.138"
        },
        {
            "time": "09.04.2021 10:36",
            "open": "20.138",
            "high": "20.138",
            "low": "20.124",
            "close": "20.149"
        },
        {
            "time": "09.04.2021 10:42",
            "open": "20.149",
            "high": "20.149",
            "low": "20.149",
            "close": "20.184"
        },
        {
            "time": "09.04.2021 10:43",
            "open": "20.184",
            "high": "20.254",
            "low": "20.184",
            "close": "20.353"
        },
        {
            "time": "09.04.2021 10:47",
            "open": "20.353",
            "high": "20.383",
            "low": "20.353",
            "close": "20.377"
        },
        {
            "time": "09.04.2021 10:51",
            "open": "20.377",
            "high": "20.377",
            "low": "20.35",
            "close": "20.256"
        },
        {
            "time": "09.04.2021 10:57",
            "open": "20.256",
            "high": "20.256",
            "low": "20.231",
            "close": "20.229"
        },
        {
            "time": "09.04.2021 11:01",
            "open": "20.229",
            "high": "20.229",
            "low": "20.229",
            "close": "20.147"
        },
        {
            "time": "09.04.2021 11:03",
            "open": "20.147",
            "high": "20.147",
            "low": "20.14",
            "close": "20.13"
        },
        {
            "time": "09.04.2021 11:05",
            "open": "20.13",
            "high": "20.13",
            "low": "20.13",
            "close": "20.13"
        },
        {
            "time": "09.04.2021 11:15",
            "open": "20.13",
            "high": "20.13",
            "low": "20.11",
            "close": "20.09"
        },
        {
            "time": "09.04.2021 11:16",
            "open": "20.09",
            "high": "20.09",
            "low": "20.09",
            "close": "20.09"
        },
        {
            "time": "09.04.2021 11:19",
            "open": "20.09",
            "high": "20.09",
            "low": "20.09",
            "close": "20.09"
        },
        {
            "time": "09.04.2021 11:21",
            "open": "20.09",
            "high": "20.09",
            "low": "20.078",
            "close": "20.078"
        },
        {
            "time": "09.04.2021 11:23",
            "open": "20.078",
            "high": "20.177",
            "low": "20.078",
            "close": "20.227"
        },
        {
            "time": "09.04.2021 11:24",
            "open": "20.227",
            "high": "20.229",
            "low": "20.227",
            "close": "20.239"
        },
        {
            "time": "09.04.2021 11:26",
            "open": "20.239",
            "high": "20.239",
            "low": "20.239",
            "close": "20.214"
        },
        {
            "time": "09.04.2021 11:27",
            "open": "20.214",
            "high": "20.214",
            "low": "20.214",
            "close": "20.214"
        },
        {
            "time": "09.04.2021 11:28",
            "open": "20.214",
            "high": "20.214",
            "low": "20.214",
            "close": "20.203"
        },
        {
            "time": "09.04.2021 11:30",
            "open": "20.203",
            "high": "20.208",
            "low": "20.203",
            "close": "20.216"
        },
        {
            "time": "09.04.2021 11:36",
            "open": "20.216",
            "high": "20.216",
            "low": "20.216",
            "close": "20.234"
        },
        {
            "time": "09.04.2021 11:39",
            "open": "20.234",
            "high": "20.234",
            "low": "20.234",
            "close": "20.347"
        },
        {
            "time": "09.04.2021 11:44",
            "open": "20.347",
            "high": "20.395",
            "low": "20.347",
            "close": "20.397"
        },
        {
            "time": "09.04.2021 11:50",
            "open": "20.397",
            "high": "20.397",
            "low": "20.378",
            "close": "20.388"
        },
        {
            "time": "09.04.2021 12:01",
            "open": "20.388",
            "high": "20.388",
            "low": "20.388",
            "close": "20.402"
        },
        {
            "time": "09.04.2021 12:02",
            "open": "20.402",
            "high": "20.402",
            "low": "20.402",
            "close": "20.464"
        },
        {
            "time": "09.04.2021 12:05",
            "open": "20.464",
            "high": "20.466",
            "low": "20.464",
            "close": "20.461"
        },
        {
            "time": "09.04.2021 12:07",
            "open": "20.461",
            "high": "20.464",
            "low": "20.461",
            "close": "20.443"
        },
        {
            "time": "09.04.2021 12:08",
            "open": "20.443",
            "high": "20.443",
            "low": "20.442",
            "close": "20.467"
        },
        {
            "time": "09.04.2021 12:09",
            "open": "20.467",
            "high": "20.488",
            "low": "20.467",
            "close": "20.517"
        },
        {
            "time": "09.04.2021 12:14",
            "open": "20.517",
            "high": "20.596",
            "low": "20.517",
            "close": "20.596"
        },
        {
            "time": "09.04.2021 12:15",
            "open": "20.596",
            "high": "20.846",
            "low": "20.596",
            "close": "20.844"
        },
        {
            "time": "09.04.2021 12:16",
            "open": "20.844",
            "high": "20.992",
            "low": "20.844",
            "close": "20.957"
        },
        {
            "time": "09.04.2021 12:17",
            "open": "20.957",
            "high": "20.975",
            "low": "20.957",
            "close": "20.994"
        },
        {
            "time": "09.04.2021 12:18",
            "open": "20.994",
            "high": "21.045",
            "low": "20.966",
            "close": "21.042"
        },
        {
            "time": "09.04.2021 12:19",
            "open": "21.042",
            "high": "21.086",
            "low": "21.012",
            "close": "21.043"
        },
        {
            "time": "09.04.2021 12:20",
            "open": "21.043",
            "high": "21.096",
            "low": "21.001",
            "close": "21.09"
        },
        {
            "time": "09.04.2021 12:21",
            "open": "21.09",
            "high": "21.121",
            "low": "21.076",
            "close": "21.128"
        },
        {
            "time": "09.04.2021 12:22",
            "open": "21.128",
            "high": "21.2",
            "low": "21.108",
            "close": "21.134"
        },
        {
            "time": "09.04.2021 12:23",
            "open": "21.134",
            "high": "21.284",
            "low": "21.134",
            "close": "21.25"
        },
        {
            "time": "09.04.2021 12:24",
            "open": "21.25",
            "high": "21.331",
            "low": "21.24",
            "close": "21.241"
        },
        {
            "time": "09.04.2021 12:26",
            "open": "21.241",
            "high": "21.258",
            "low": "21.21",
            "close": "21.218"
        },
        {
            "time": "09.04.2021 12:27",
            "open": "21.218",
            "high": "21.229",
            "low": "21.218",
            "close": "21.187"
        },
        {
            "time": "09.04.2021 12:28",
            "open": "21.187",
            "high": "21.187",
            "low": "21.187",
            "close": "21.168"
        },
        {
            "time": "09.04.2021 12:29",
            "open": "21.168",
            "high": "21.168",
            "low": "21.142",
            "close": "21.166"
        },
        {
            "time": "09.04.2021 12:30",
            "open": "21.166",
            "high": "21.166",
            "low": "21.118",
            "close": "21.125"
        },
        {
            "time": "09.04.2021 12:31",
            "open": "21.125",
            "high": "21.136",
            "low": "20.913",
            "close": "20.907"
        },
        {
            "time": "09.04.2021 12:32",
            "open": "20.907",
            "high": "20.935",
            "low": "20.881",
            "close": "21.001"
        },
        {
            "time": "09.04.2021 12:33",
            "open": "21.001",
            "high": "21.024",
            "low": "21.001",
            "close": "20.994"
        },
        {
            "time": "09.04.2021 12:34",
            "open": "20.994",
            "high": "21.004",
            "low": "20.993",
            "close": "21.033"
        },
        {
            "time": "09.04.2021 12:35",
            "open": "21.033",
            "high": "21.108",
            "low": "21.033",
            "close": "21.084"
        },
        {
            "time": "09.04.2021 12:36",
            "open": "21.084",
            "high": "21.107",
            "low": "21.079",
            "close": "21.211"
        },
        {
            "time": "09.04.2021 12:39",
            "open": "21.211",
            "high": "21.281",
            "low": "21.211",
            "close": "21.27"
        },
        {
            "time": "09.04.2021 12:40",
            "open": "21.27",
            "high": "21.27",
            "low": "21.25",
            "close": "21.197"
        },
        {
            "time": "09.04.2021 12:42",
            "open": "21.197",
            "high": "21.197",
            "low": "21.197",
            "close": "21.195"
        },
        {
            "time": "09.04.2021 12:43",
            "open": "21.195",
            "high": "21.195",
            "low": "21.192",
            "close": "21.194"
        },
        {
            "time": "09.04.2021 12:44",
            "open": "21.194",
            "high": "21.194",
            "low": "21.194",
            "close": "21.2"
        },
        {
            "time": "09.04.2021 12:45",
            "open": "21.2",
            "high": "21.264",
            "low": "21.2",
            "close": "21.218"
        },
        {
            "time": "09.04.2021 12:46",
            "open": "21.218",
            "high": "21.223",
            "low": "21.218",
            "close": "21.1"
        },
        {
            "time": "09.04.2021 12:49",
            "open": "21.1",
            "high": "21.1",
            "low": "21.057",
            "close": "21.074"
        },
        {
            "time": "09.04.2021 12:51",
            "open": "21.074",
            "high": "21.074",
            "low": "21.074",
            "close": "21.077"
        },
        {
            "time": "09.04.2021 12:52",
            "open": "21.077",
            "high": "21.077",
            "low": "21.077",
            "close": "21.062"
        },
        {
            "time": "09.04.2021 12:54",
            "open": "21.062",
            "high": "21.089",
            "low": "21.062",
            "close": "21.068"
        },
        {
            "time": "09.04.2021 12:57",
            "open": "21.068",
            "high": "21.068",
            "low": "21.068",
            "close": "21.076"
        },
        {
            "time": "09.04.2021 12:58",
            "open": "21.076",
            "high": "21.076",
            "low": "21.076",
            "close": "21.121"
        },
        {
            "time": "09.04.2021 13:01",
            "open": "21.121",
            "high": "21.165",
            "low": "21.121",
            "close": "21.171"
        },
        {
            "time": "09.04.2021 13:02",
            "open": "21.171",
            "high": "21.171",
            "low": "21.171",
            "close": "21.132"
        },
        {
            "time": "09.04.2021 13:03",
            "open": "21.132",
            "high": "21.159",
            "low": "21.132",
            "close": "21.13"
        },
        {
            "time": "09.04.2021 13:04",
            "open": "21.13",
            "high": "21.13",
            "low": "21.13",
            "close": "21.172"
        },
        {
            "time": "09.04.2021 13:07",
            "open": "21.172",
            "high": "21.172",
            "low": "21.172",
            "close": "21.201"
        },
        {
            "time": "09.04.2021 13:08",
            "open": "21.201",
            "high": "21.211",
            "low": "21.2",
            "close": "21.207"
        },
        {
            "time": "09.04.2021 13:09",
            "open": "21.207",
            "high": "21.255",
            "low": "21.207",
            "close": "21.291"
        },
        {
            "time": "09.04.2021 13:10",
            "open": "21.291",
            "high": "21.291",
            "low": "21.291",
            "close": "21.27"
        },
        {
            "time": "09.04.2021 13:11",
            "open": "21.27",
            "high": "21.292",
            "low": "21.27",
            "close": "21.253"
        },
        {
            "time": "09.04.2021 13:12",
            "open": "21.253",
            "high": "21.253",
            "low": "21.237",
            "close": "21.269"
        },
        {
            "time": "09.04.2021 13:15",
            "open": "21.269",
            "high": "21.269",
            "low": "21.269",
            "close": "21.27"
        },
        {
            "time": "09.04.2021 13:16",
            "open": "21.27",
            "high": "21.298",
            "low": "21.27",
            "close": "21.258"
        },
        {
            "time": "09.04.2021 13:18",
            "open": "21.258",
            "high": "21.258",
            "low": "21.258",
            "close": "21.2"
        },
        {
            "time": "09.04.2021 13:19",
            "open": "21.2",
            "high": "21.2",
            "low": "21.2",
            "close": "21.188"
        },
        {
            "time": "09.04.2021 13:21",
            "open": "21.188",
            "high": "21.188",
            "low": "21.128",
            "close": "21.168"
        },
        {
            "time": "09.04.2021 13:23",
            "open": "21.168",
            "high": "21.181",
            "low": "21.168",
            "close": "21.232"
        },
        {
            "time": "09.04.2021 13:27",
            "open": "21.232",
            "high": "21.232",
            "low": "21.231",
            "close": "21.256"
        },
        {
            "time": "09.04.2021 13:28",
            "open": "21.256",
            "high": "21.256",
            "low": "21.256",
            "close": "21.302"
        },
        {
            "time": "09.04.2021 13:29",
            "open": "21.302",
            "high": "21.302",
            "low": "21.285",
            "close": "21.302"
        },
        {
            "time": "09.04.2021 13:30",
            "open": "21.302",
            "high": "21.302",
            "low": "21.288",
            "close": "21.281"
        },
        {
            "time": "09.04.2021 13:33",
            "open": "21.281",
            "high": "21.281",
            "low": "21.254",
            "close": "21.245"
        },
        {
            "time": "09.04.2021 13:34",
            "open": "21.245",
            "high": "21.245",
            "low": "21.241",
            "close": "21.288"
        },
        {
            "time": "09.04.2021 13:37",
            "open": "21.288",
            "high": "21.317",
            "low": "21.282",
            "close": "21.305"
        },
        {
            "time": "09.04.2021 13:39",
            "open": "21.305",
            "high": "21.305",
            "low": "21.253",
            "close": "21.245"
        },
        {
            "time": "09.04.2021 13:45",
            "open": "21.245",
            "high": "21.245",
            "low": "21.245",
            "close": "21.246"
        },
        {
            "time": "09.04.2021 13:47",
            "open": "21.246",
            "high": "21.246",
            "low": "21.246",
            "close": "21.244"
        },
        {
            "time": "09.04.2021 13:51",
            "open": "21.244",
            "high": "21.244",
            "low": "21.244",
            "close": "21.227"
        },
        {
            "time": "09.04.2021 13:52",
            "open": "21.227",
            "high": "21.242",
            "low": "21.2",
            "close": "21.221"
        },
        {
            "time": "09.04.2021 13:55",
            "open": "21.221",
            "high": "21.221",
            "low": "21.221",
            "close": "21.244"
        },
        {
            "time": "09.04.2021 13:56",
            "open": "21.244",
            "high": "21.244",
            "low": "21.244",
            "close": "21.221"
        },
        {
            "time": "09.04.2021 13:57",
            "open": "21.221",
            "high": "21.221",
            "low": "21.221",
            "close": "21.202"
        },
        {
            "time": "09.04.2021 13:58",
            "open": "21.202",
            "high": "21.202",
            "low": "21.202",
            "close": "21.246"
        },
        {
            "time": "09.04.2021 13:59",
            "open": "21.246",
            "high": "21.246",
            "low": "21.246",
            "close": "21.287"
        },
        {
            "time": "09.04.2021 14:01",
            "open": "21.287",
            "high": "21.287",
            "low": "21.287",
            "close": "21.299"
        },
        {
            "time": "09.04.2021 14:02",
            "open": "21.299",
            "high": "21.318",
            "low": "21.299",
            "close": "21.318"
        },
        {
            "time": "09.04.2021 14:03",
            "open": "21.318",
            "high": "21.318",
            "low": "21.318",
            "close": "21.235"
        },
        {
            "time": "09.04.2021 14:04",
            "open": "21.235",
            "high": "21.235",
            "low": "21.235",
            "close": "21.318"
        },
        {
            "time": "09.04.2021 14:05",
            "open": "21.318",
            "high": "21.318",
            "low": "21.318",
            "close": "21.325"
        },
        {
            "time": "09.04.2021 14:06",
            "open": "21.325",
            "high": "21.355",
            "low": "21.325",
            "close": "21.365"
        },
        {
            "time": "09.04.2021 14:08",
            "open": "21.365",
            "high": "21.39",
            "low": "21.365",
            "close": "21.39"
        },
        {
            "time": "09.04.2021 14:09",
            "open": "21.39",
            "high": "21.39",
            "low": "21.39",
            "close": "21.398"
        },
        {
            "time": "09.04.2021 14:10",
            "open": "21.398",
            "high": "21.428",
            "low": "21.398",
            "close": "21.393"
        },
        {
            "time": "09.04.2021 14:11",
            "open": "21.393",
            "high": "21.453",
            "low": "21.393",
            "close": "21.403"
        },
        {
            "time": "09.04.2021 14:12",
            "open": "21.403",
            "high": "21.403",
            "low": "21.323",
            "close": "21.423"
        },
        {
            "time": "09.04.2021 14:13",
            "open": "21.423",
            "high": "21.423",
            "low": "21.423",
            "close": "21.426"
        },
        {
            "time": "09.04.2021 14:14",
            "open": "21.426",
            "high": "21.49",
            "low": "21.426",
            "close": "21.49"
        },
        {
            "time": "09.04.2021 14:15",
            "open": "21.49",
            "high": "21.506",
            "low": "21.478",
            "close": "21.51"
        },
        {
            "time": "09.04.2021 14:16",
            "open": "21.51",
            "high": "21.514",
            "low": "21.51",
            "close": "21.46"
        },
        {
            "time": "09.04.2021 14:17",
            "open": "21.46",
            "high": "21.463",
            "low": "21.46",
            "close": "21.462"
        },
        {
            "time": "09.04.2021 14:20",
            "open": "21.462",
            "high": "21.462",
            "low": "21.462",
            "close": "21.458"
        },
        {
            "time": "09.04.2021 14:21",
            "open": "21.458",
            "high": "21.458",
            "low": "21.458",
            "close": "21.502"
        },
        {
            "time": "09.04.2021 14:23",
            "open": "21.502",
            "high": "21.502",
            "low": "21.473",
            "close": "21.419"
        },
        {
            "time": "09.04.2021 14:26",
            "open": "21.419",
            "high": "21.419",
            "low": "21.409",
            "close": "21.419"
        },
        {
            "time": "09.04.2021 14:27",
            "open": "21.419",
            "high": "21.419",
            "low": "21.419",
            "close": "21.473"
        },
        {
            "time": "09.04.2021 14:28",
            "open": "21.473",
            "high": "21.479",
            "low": "21.473",
            "close": "21.46"
        },
        {
            "time": "09.04.2021 14:29",
            "open": "21.46",
            "high": "21.46",
            "low": "21.459",
            "close": "21.459"
        },
        {
            "time": "09.04.2021 14:31",
            "open": "21.459",
            "high": "21.459",
            "low": "21.459",
            "close": "21.462"
        },
        {
            "time": "09.04.2021 14:33",
            "open": "21.462",
            "high": "21.462",
            "low": "21.462",
            "close": "21.45"
        },
        {
            "time": "09.04.2021 14:35",
            "open": "21.45",
            "high": "21.464",
            "low": "21.431",
            "close": "21.474"
        },
        {
            "time": "09.04.2021 14:38",
            "open": "21.474",
            "high": "21.474",
            "low": "21.461",
            "close": "21.484"
        },
        {
            "time": "09.04.2021 14:40",
            "open": "21.484",
            "high": "21.484",
            "low": "21.484",
            "close": "21.519"
        },
        {
            "time": "09.04.2021 14:41",
            "open": "21.519",
            "high": "21.521",
            "low": "21.504",
            "close": "21.523"
        },
        {
            "time": "09.04.2021 14:42",
            "open": "21.523",
            "high": "21.546",
            "low": "21.523",
            "close": "21.505"
        },
        {
            "time": "09.04.2021 14:43",
            "open": "21.505",
            "high": "21.505",
            "low": "21.451",
            "close": "21.502"
        },
        {
            "time": "09.04.2021 14:45",
            "open": "21.502",
            "high": "21.502",
            "low": "21.502",
            "close": "21.474"
        },
        {
            "time": "09.04.2021 14:46",
            "open": "21.474",
            "high": "21.474",
            "low": "21.471",
            "close": "21.474"
        },
        {
            "time": "09.04.2021 14:47",
            "open": "21.474",
            "high": "21.474",
            "low": "21.473",
            "close": "21.467"
        },
        {
            "time": "09.04.2021 14:49",
            "open": "21.467",
            "high": "21.5",
            "low": "21.467",
            "close": "21.546"
        },
        {
            "time": "09.04.2021 14:52",
            "open": "21.546",
            "high": "21.6",
            "low": "21.546",
            "close": "21.6"
        },
        {
            "time": "09.04.2021 14:53",
            "open": "21.6",
            "high": "21.62",
            "low": "21.573",
            "close": "21.62"
        },
        {
            "time": "09.04.2021 14:55",
            "open": "21.62",
            "high": "21.645",
            "low": "21.62",
            "close": "21.645"
        },
        {
            "time": "09.04.2021 14:56",
            "open": "21.645",
            "high": "21.675",
            "low": "21.645",
            "close": "21.669"
        },
        {
            "time": "09.04.2021 14:57",
            "open": "21.669",
            "high": "21.669",
            "low": "21.669",
            "close": "21.668"
        },
        {
            "time": "09.04.2021 14:58",
            "open": "21.668",
            "high": "21.668",
            "low": "21.62",
            "close": "21.62"
        },
        {
            "time": "09.04.2021 15:03",
            "open": "21.62",
            "high": "21.62",
            "low": "21.533",
            "close": "21.511"
        },
        {
            "time": "09.04.2021 15:04",
            "open": "21.511",
            "high": "21.511",
            "low": "21.511",
            "close": "21.504"
        },
        {
            "time": "09.04.2021 15:05",
            "open": "21.504",
            "high": "21.504",
            "low": "21.504",
            "close": "21.515"
        },
        {
            "time": "09.04.2021 15:06",
            "open": "21.515",
            "high": "21.515",
            "low": "21.515",
            "close": "21.504"
        },
        {
            "time": "09.04.2021 15:07",
            "open": "21.504",
            "high": "21.504",
            "low": "21.504",
            "close": "21.471"
        },
        {
            "time": "09.04.2021 15:10",
            "open": "21.471",
            "high": "21.502",
            "low": "21.468",
            "close": "21.476"
        },
        {
            "time": "09.04.2021 15:11",
            "open": "21.476",
            "high": "21.476",
            "low": "21.473",
            "close": "21.456"
        },
        {
            "time": "09.04.2021 15:15",
            "open": "21.456",
            "high": "21.459",
            "low": "21.456",
            "close": "21.476"
        },
        {
            "time": "09.04.2021 15:16",
            "open": "21.476",
            "high": "21.476",
            "low": "21.476",
            "close": "21.476"
        },
        {
            "time": "09.04.2021 15:17",
            "open": "21.476",
            "high": "21.476",
            "low": "21.476",
            "close": "21.476"
        },
        {
            "time": "09.04.2021 15:20",
            "open": "21.476",
            "high": "21.486",
            "low": "21.476",
            "close": "21.456"
        },
        {
            "time": "09.04.2021 15:26",
            "open": "21.456",
            "high": "21.456",
            "low": "21.456",
            "close": "21.456"
        },
        {
            "time": "09.04.2021 15:27",
            "open": "21.456",
            "high": "21.487",
            "low": "21.456",
            "close": "21.461"
        },
        {
            "time": "09.04.2021 15:28",
            "open": "21.461",
            "high": "21.461",
            "low": "21.461",
            "close": "21.488"
        },
        {
            "time": "09.04.2021 15:29",
            "open": "21.488",
            "high": "21.501",
            "low": "21.488",
            "close": "21.48"
        },
        {
            "time": "09.04.2021 15:31",
            "open": "21.48",
            "high": "21.48",
            "low": "21.48",
            "close": "21.48"
        },
        {
            "time": "09.04.2021 15:33",
            "open": "21.48",
            "high": "21.48",
            "low": "21.48",
            "close": "21.42"
        },
        {
            "time": "09.04.2021 15:34",
            "open": "21.42",
            "high": "21.42",
            "low": "21.407",
            "close": "21.439"
        },
        {
            "time": "09.04.2021 15:37",
            "open": "21.439",
            "high": "21.439",
            "low": "21.439",
            "close": "21.368"
        },
        {
            "time": "09.04.2021 15:39",
            "open": "21.368",
            "high": "21.368",
            "low": "21.362",
            "close": "21.364"
        },
        {
            "time": "09.04.2021 15:40",
            "open": "21.364",
            "high": "21.364",
            "low": "21.364",
            "close": "21.393"
        },
        {
            "time": "09.04.2021 15:41",
            "open": "21.393",
            "high": "21.409",
            "low": "21.393",
            "close": "21.393"
        },
        {
            "time": "09.04.2021 15:43",
            "open": "21.393",
            "high": "21.393",
            "low": "21.371",
            "close": "21.341"
        },
        {
            "time": "09.04.2021 15:44",
            "open": "21.341",
            "high": "21.341",
            "low": "21.341",
            "close": "21.314"
        },
        {
            "time": "09.04.2021 15:45",
            "open": "21.314",
            "high": "21.314",
            "low": "21.29",
            "close": "21.371"
        },
        {
            "time": "09.04.2021 15:46",
            "open": "21.371",
            "high": "21.373",
            "low": "21.371",
            "close": "21.294"
        },
        {
            "time": "09.04.2021 15:47",
            "open": "21.294",
            "high": "21.294",
            "low": "21.282",
            "close": "21.246"
        },
        {
            "time": "09.04.2021 15:48",
            "open": "21.246",
            "high": "21.246",
            "low": "21.155",
            "close": "21.155"
        },
        {
            "time": "09.04.2021 15:49",
            "open": "21.155",
            "high": "21.155",
            "low": "21.127",
            "close": "21.159"
        },
        {
            "time": "09.04.2021 15:51",
            "open": "21.159",
            "high": "21.159",
            "low": "21.159",
            "close": "21.124"
        },
        {
            "time": "09.04.2021 15:55",
            "open": "21.124",
            "high": "21.124",
            "low": "21.124",
            "close": "21.124"
        },
        {
            "time": "09.04.2021 15:56",
            "open": "21.124",
            "high": "21.147",
            "low": "21.124",
            "close": "21.126"
        },
        {
            "time": "09.04.2021 15:58",
            "open": "21.126",
            "high": "21.126",
            "low": "21.09",
            "close": "21.096"
        },
        {
            "time": "09.04.2021 15:59",
            "open": "21.096",
            "high": "21.096",
            "low": "21.096",
            "close": "21.11"
        },
        {
            "time": "09.04.2021 16:00",
            "open": "21.11",
            "high": "21.11",
            "low": "21.081",
            "close": "21.121"
        },
        {
            "time": "09.04.2021 16:02",
            "open": "21.121",
            "high": "21.149",
            "low": "21.121",
            "close": "21.112"
        },
        {
            "time": "09.04.2021 16:05",
            "open": "21.112",
            "high": "21.186",
            "low": "21.112",
            "close": "21.21"
        },
        {
            "time": "09.04.2021 16:06",
            "open": "21.21",
            "high": "21.212",
            "low": "21.21",
            "close": "21.216"
        },
        {
            "time": "09.04.2021 16:07",
            "open": "21.216",
            "high": "21.26",
            "low": "21.148",
            "close": "21.331"
        },
        {
            "time": "09.04.2021 16:08",
            "open": "21.331",
            "high": "21.361",
            "low": "21.331",
            "close": "21.361"
        },
        {
            "time": "09.04.2021 16:10",
            "open": "21.361",
            "high": "21.361",
            "low": "21.361",
            "close": "21.361"
        },
        {
            "time": "09.04.2021 16:14",
            "open": "21.361",
            "high": "21.361",
            "low": "21.34",
            "close": "21.318"
        },
        {
            "time": "09.04.2021 16:15",
            "open": "21.318",
            "high": "21.318",
            "low": "21.318",
            "close": "21.318"
        },
        {
            "time": "09.04.2021 16:16",
            "open": "21.318",
            "high": "21.318",
            "low": "21.318",
            "close": "21.32"
        },
        {
            "time": "09.04.2021 16:17",
            "open": "21.32",
            "high": "21.32",
            "low": "21.32",
            "close": "21.332"
        },
        {
            "time": "09.04.2021 16:21",
            "open": "21.332",
            "high": "21.332",
            "low": "21.332",
            "close": "21.319"
        },
        {
            "time": "09.04.2021 16:24",
            "open": "21.319",
            "high": "21.319",
            "low": "21.319",
            "close": "21.231"
        },
        {
            "time": "09.04.2021 16:28",
            "open": "21.231",
            "high": "21.231",
            "low": "21.231",
            "close": "21.211"
        },
        {
            "time": "09.04.2021 16:29",
            "open": "21.211",
            "high": "21.211",
            "low": "21.21",
            "close": "21.191"
        },
        {
            "time": "09.04.2021 16:30",
            "open": "21.191",
            "high": "21.352",
            "low": "21.191",
            "close": "21.26"
        },
        {
            "time": "09.04.2021 16:31",
            "open": "21.26",
            "high": "21.26",
            "low": "21.26",
            "close": "21.244"
        },
        {
            "time": "09.04.2021 16:32",
            "open": "21.244",
            "high": "21.244",
            "low": "21.092",
            "close": "21.13"
        },
        {
            "time": "09.04.2021 16:33",
            "open": "21.13",
            "high": "21.13",
            "low": "21.13",
            "close": "21.159"
        },
        {
            "time": "09.04.2021 16:35",
            "open": "21.159",
            "high": "21.159",
            "low": "21.159",
            "close": "21.14"
        },
        {
            "time": "09.04.2021 16:36",
            "open": "21.14",
            "high": "21.14",
            "low": "21.112",
            "close": "21.137"
        },
        {
            "time": "09.04.2021 16:39",
            "open": "21.137",
            "high": "21.18",
            "low": "21.137",
            "close": "21.177"
        },
        {
            "time": "09.04.2021 16:40",
            "open": "21.177",
            "high": "21.177",
            "low": "21.177",
            "close": "21.158"
        },
        {
            "time": "09.04.2021 16:45",
            "open": "21.158",
            "high": "21.158",
            "low": "21.158",
            "close": "21.19"
        },
        {
            "time": "09.04.2021 16:48",
            "open": "21.19",
            "high": "21.19",
            "low": "21.19",
            "close": "21.216"
        },
        {
            "time": "09.04.2021 16:49",
            "open": "21.216",
            "high": "21.216",
            "low": "21.216",
            "close": "21.242"
        },
        {
            "time": "09.04.2021 16:52",
            "open": "21.242",
            "high": "21.242",
            "low": "21.242",
            "close": "21.211"
        },
        {
            "time": "09.04.2021 16:54",
            "open": "21.211",
            "high": "21.211",
            "low": "21.211",
            "close": "21.205"
        },
        {
            "time": "09.04.2021 16:55",
            "open": "21.205",
            "high": "21.205",
            "low": "21.205",
            "close": "21.169"
        },
        {
            "time": "09.04.2021 16:57",
            "open": "21.169",
            "high": "21.169",
            "low": "21.169",
            "close": "21.107"
        },
        {
            "time": "09.04.2021 17:00",
            "open": "21.107",
            "high": "21.107",
            "low": "21.107",
            "close": "21.092"
        },
        {
            "time": "09.04.2021 17:02",
            "open": "21.092",
            "high": "21.092",
            "low": "21.092",
            "close": "21.083"
        },
        {
            "time": "09.04.2021 17:06",
            "open": "21.083",
            "high": "21.083",
            "low": "21.081",
            "close": "21.113"
        },
        {
            "time": "09.04.2021 17:09",
            "open": "21.113",
            "high": "21.113",
            "low": "21.094",
            "close": "21.12"
        },
        {
            "time": "09.04.2021 17:10",
            "open": "21.12",
            "high": "21.12",
            "low": "21.12",
            "close": "21.12"
        },
        {
            "time": "09.04.2021 17:18",
            "open": "21.12",
            "high": "21.12",
            "low": "21.12",
            "close": "21.087"
        },
        {
            "time": "09.04.2021 17:21",
            "open": "21.087",
            "high": "21.087",
            "low": "21.087",
            "close": "21.081"
        },
        {
            "time": "09.04.2021 17:24",
            "open": "21.081",
            "high": "21.081",
            "low": "21.061",
            "close": "21.061"
        },
        {
            "time": "09.04.2021 17:25",
            "open": "21.061",
            "high": "21.061",
            "low": "21.046",
            "close": "21.07"
        },
        {
            "time": "09.04.2021 17:26",
            "open": "21.07",
            "high": "21.075",
            "low": "21.07",
            "close": "21.055"
        },
        {
            "time": "09.04.2021 17:29",
            "open": "21.055",
            "high": "21.055",
            "low": "21.039",
            "close": "21.05"
        },
        {
            "time": "09.04.2021 17:30",
            "open": "21.05",
            "high": "21.05",
            "low": "21.05",
            "close": "21.049"
        },
        {
            "time": "09.04.2021 17:32",
            "open": "21.049",
            "high": "21.049",
            "low": "21.037",
            "close": "21.011"
        },
        {
            "time": "09.04.2021 17:35",
            "open": "21.011",
            "high": "21.011",
            "low": "21.011",
            "close": "21.011"
        },
        {
            "time": "09.04.2021 17:36",
            "open": "21.011",
            "high": "21.02",
            "low": "21.011",
            "close": "20.989"
        },
        {
            "time": "09.04.2021 17:38",
            "open": "20.989",
            "high": "20.99",
            "low": "20.989",
            "close": "20.977"
        },
        {
            "time": "09.04.2021 17:39",
            "open": "20.977",
            "high": "20.977",
            "low": "20.977",
            "close": "20.969"
        },
        {
            "time": "09.04.2021 17:41",
            "open": "20.969",
            "high": "20.969",
            "low": "20.969",
            "close": "20.991"
        },
        {
            "time": "09.04.2021 17:47",
            "open": "20.991",
            "high": "20.991",
            "low": "20.991",
            "close": "20.991"
        },
        {
            "time": "09.04.2021 17:56",
            "open": "20.991",
            "high": "20.991",
            "low": "20.991",
            "close": "20.969"
        },
        {
            "time": "09.04.2021 18:01",
            "open": "20.969",
            "high": "20.993",
            "low": "20.969",
            "close": "20.968"
        },
        {
            "time": "09.04.2021 18:04",
            "open": "20.968",
            "high": "20.968",
            "low": "20.956",
            "close": "20.941"
        },
        {
            "time": "09.04.2021 18:05",
            "open": "20.941",
            "high": "20.941",
            "low": "20.938",
            "close": "20.938"
        },
        {
            "time": "09.04.2021 18:07",
            "open": "20.938",
            "high": "20.938",
            "low": "20.938",
            "close": "20.907"
        },
        {
            "time": "09.04.2021 18:09",
            "open": "20.907",
            "high": "20.907",
            "low": "20.905",
            "close": "20.89"
        },
        {
            "time": "09.04.2021 18:13",
            "open": "20.89",
            "high": "20.89",
            "low": "20.89",
            "close": "20.884"
        },
        {
            "time": "09.04.2021 18:14",
            "open": "20.884",
            "high": "20.886",
            "low": "20.871",
            "close": "20.956"
        },
        {
            "time": "09.04.2021 18:27",
            "open": "20.956",
            "high": "21",
            "low": "20.956",
            "close": "21.045"
        },
        {
            "time": "09.04.2021 18:28",
            "open": "21.045",
            "high": "21.045",
            "low": "21.045",
            "close": "21.082"
        },
        {
            "time": "09.04.2021 18:29",
            "open": "21.082",
            "high": "21.082",
            "low": "21.082",
            "close": "21.173"
        },
        {
            "time": "09.04.2021 18:32",
            "open": "21.173",
            "high": "21.173",
            "low": "21.173",
            "close": "21.188"
        },
        {
            "time": "09.04.2021 18:34",
            "open": "21.188",
            "high": "21.209",
            "low": "21.188",
            "close": "21.253"
        },
        {
            "time": "09.04.2021 18:37",
            "open": "21.253",
            "high": "21.253",
            "low": "21.253",
            "close": "21.254"
        },
        {
            "time": "09.04.2021 18:38",
            "open": "21.254",
            "high": "21.302",
            "low": "21.254",
            "close": "21.274"
        },
        {
            "time": "09.04.2021 18:41",
            "open": "21.274",
            "high": "21.312",
            "low": "21.274",
            "close": "21.325"
        },
        {
            "time": "09.04.2021 18:42",
            "open": "21.325",
            "high": "21.365",
            "low": "21.325",
            "close": "21.317"
        },
        {
            "time": "09.04.2021 18:46",
            "open": "21.317",
            "high": "21.328",
            "low": "21.317",
            "close": "21.358"
        },
        {
            "time": "09.04.2021 18:47",
            "open": "21.358",
            "high": "21.358",
            "low": "21.358",
            "close": "21.32"
        },
        {
            "time": "09.04.2021 18:49",
            "open": "21.32",
            "high": "21.32",
            "low": "21.32",
            "close": "21.331"
        },
        {
            "time": "09.04.2021 18:54",
            "open": "21.331",
            "high": "21.331",
            "low": "21.331",
            "close": "21.374"
        },
        {
            "time": "09.04.2021 18:57",
            "open": "21.374",
            "high": "21.374",
            "low": "21.374",
            "close": "21.364"
        },
        {
            "time": "09.04.2021 19:00",
            "open": "21.364",
            "high": "21.364",
            "low": "21.364",
            "close": "21.365"
        },
        {
            "time": "09.04.2021 19:02",
            "open": "21.365",
            "high": "21.365",
            "low": "21.365",
            "close": "21.21"
        },
        {
            "time": "09.04.2021 19:08",
            "open": "21.21",
            "high": "21.21",
            "low": "21.21",
            "close": "21.2"
        },
        {
            "time": "09.04.2021 19:10",
            "open": "21.2",
            "high": "21.2",
            "low": "21.2",
            "close": "21.192"
        },
        {
            "time": "09.04.2021 19:11",
            "open": "21.192",
            "high": "21.192",
            "low": "21.192",
            "close": "21.082"
        },
        {
            "time": "09.04.2021 19:13",
            "open": "21.082",
            "high": "21.082",
            "low": "21.082",
            "close": "21.03"
        },
        {
            "time": "09.04.2021 19:14",
            "open": "21.03",
            "high": "21.03",
            "low": "21.03",
            "close": "20.978"
        },
        {
            "time": "09.04.2021 19:16",
            "open": "20.978",
            "high": "20.978",
            "low": "20.922",
            "close": "20.949"
        },
        {
            "time": "09.04.2021 19:21",
            "open": "20.949",
            "high": "20.949",
            "low": "20.949",
            "close": "20.917"
        },
        {
            "time": "09.04.2021 19:22",
            "open": "20.917",
            "high": "20.917",
            "low": "20.917",
            "close": "20.911"
        },
        {
            "time": "09.04.2021 19:23",
            "open": "20.911",
            "high": "20.911",
            "low": "20.911",
            "close": "20.949"
        },
        {
            "time": "09.04.2021 19:26",
            "open": "20.949",
            "high": "20.951",
            "low": "20.949",
            "close": "20.941"
        },
        {
            "time": "09.04.2021 19:28",
            "open": "20.941",
            "high": "20.941",
            "low": "20.941",
            "close": "21.081"
        },
        {
            "time": "09.04.2021 19:31",
            "open": "21.081",
            "high": "21.119",
            "low": "21.081",
            "close": "21.161"
        },
        {
            "time": "09.04.2021 19:33",
            "open": "21.161",
            "high": "21.162",
            "low": "21.161",
            "close": "21.176"
        },
        {
            "time": "09.04.2021 19:38",
            "open": "21.176",
            "high": "21.176",
            "low": "21.176",
            "close": "21.105"
        },
        {
            "time": "09.04.2021 19:42",
            "open": "21.105",
            "high": "21.105",
            "low": "21.103",
            "close": "21.124"
        },
        {
            "time": "09.04.2021 19:43",
            "open": "21.124",
            "high": "21.124",
            "low": "21.124",
            "close": "21.142"
        },
        {
            "time": "09.04.2021 19:44",
            "open": "21.142",
            "high": "21.142",
            "low": "21.142",
            "close": "21.158"
        },
        {
            "time": "09.04.2021 19:47",
            "open": "21.158",
            "high": "21.158",
            "low": "21.158",
            "close": "21.086"
        },
        {
            "time": "09.04.2021 19:49",
            "open": "21.086",
            "high": "21.086",
            "low": "21.086",
            "close": "21.086"
        },
        {
            "time": "09.04.2021 19:50",
            "open": "21.086",
            "high": "21.086",
            "low": "21.086",
            "close": "21.105"
        },
        {
            "time": "09.04.2021 19:51",
            "open": "21.105",
            "high": "21.105",
            "low": "21.105",
            "close": "21.1"
        },
        {
            "time": "09.04.2021 19:53",
            "open": "21.1",
            "high": "21.1",
            "low": "21.1",
            "close": "21.107"
        },
        {
            "time": "09.04.2021 19:59",
            "open": "21.107",
            "high": "21.107",
            "low": "21.107",
            "close": "21.123"
        },
        {
            "time": "09.04.2021 20:04",
            "open": "21.123",
            "high": "21.123",
            "low": "21.123",
            "close": "21.171"
        },
        {
            "time": "09.04.2021 20:10",
            "open": "21.171",
            "high": "21.171",
            "low": "21.171",
            "close": "21.124"
        },
        {
            "time": "09.04.2021 20:16",
            "open": "21.124",
            "high": "21.124",
            "low": "21.124",
            "close": "21.126"
        },
        {
            "time": "09.04.2021 20:18",
            "open": "21.126",
            "high": "21.126",
            "low": "21.126",
            "close": "21.056"
        },
        {
            "time": "09.04.2021 20:20",
            "open": "21.056",
            "high": "21.056",
            "low": "21.056",
            "close": "21.011"
        },
        {
            "time": "09.04.2021 20:22",
            "open": "21.011",
            "high": "21.011",
            "low": "21.011",
            "close": "21.047"
        },
        {
            "time": "09.04.2021 20:24",
            "open": "21.047",
            "high": "21.047",
            "low": "21.047",
            "close": "21.143"
        },
        {
            "time": "09.04.2021 20:29",
            "open": "21.143",
            "high": "21.143",
            "low": "21.143",
            "close": "21.208"
        },
        {
            "time": "09.04.2021 20:32",
            "open": "21.208",
            "high": "21.208",
            "low": "21.208",
            "close": "21.249"
        },
        {
            "time": "09.04.2021 20:33",
            "open": "21.249",
            "high": "21.249",
            "low": "21.249",
            "close": "21.289"
        },
        {
            "time": "09.04.2021 20:35",
            "open": "21.289",
            "high": "21.289",
            "low": "21.289",
            "close": "21.291"
        },
        {
            "time": "09.04.2021 20:39",
            "open": "21.291",
            "high": "21.291",
            "low": "21.288",
            "close": "21.291"
        },
        {
            "time": "09.04.2021 20:40",
            "open": "21.291",
            "high": "21.291",
            "low": "21.291",
            "close": "21.291"
        },
        {
            "time": "09.04.2021 20:42",
            "open": "21.291",
            "high": "21.291",
            "low": "21.291",
            "close": "21.291"
        },
        {
            "time": "09.04.2021 20:43",
            "open": "21.291",
            "high": "21.291",
            "low": "21.291",
            "close": "21.292"
        },
        {
            "time": "09.04.2021 20:44",
            "open": "21.292",
            "high": "21.308",
            "low": "21.292",
            "close": "21.333"
        },
        {
            "time": "09.04.2021 20:48",
            "open": "21.333",
            "high": "21.346",
            "low": "21.333",
            "close": "21.343"
        },
        {
            "time": "09.04.2021 20:49",
            "open": "21.343",
            "high": "21.343",
            "low": "21.343",
            "close": "21.251"
        },
        {
            "time": "09.04.2021 21:03",
            "open": "21.251",
            "high": "21.251",
            "low": "21.209",
            "close": "21.14"
        },
        {
            "time": "09.04.2021 21:04",
            "open": "21.14",
            "high": "21.14",
            "low": "21.14",
            "close": "21.095"
        },
        {
            "time": "09.04.2021 21:05",
            "open": "21.095",
            "high": "21.095",
            "low": "21.081",
            "close": "21.013"
        },
        {
            "time": "09.04.2021 21:06",
            "open": "21.013",
            "high": "21.013",
            "low": "21.013",
            "close": "21.067"
        },
        {
            "time": "09.04.2021 21:08",
            "open": "21.067",
            "high": "21.071",
            "low": "21.067",
            "close": "21.019"
        },
        {
            "time": "09.04.2021 21:12",
            "open": "21.019",
            "high": "21.02",
            "low": "21.019",
            "close": "20.998"
        },
        {
            "time": "09.04.2021 21:16",
            "open": "20.998",
            "high": "20.998",
            "low": "20.998",
            "close": "21.018"
        },
        {
            "time": "09.04.2021 21:17",
            "open": "21.018",
            "high": "21.018",
            "low": "20.976",
            "close": "20.978"
        },
        {
            "time": "09.04.2021 21:31",
            "open": "20.978",
            "high": "20.978",
            "low": "20.978",
            "close": "20.959"
        },
        {
            "time": "09.04.2021 21:33",
            "open": "20.959",
            "high": "20.959",
            "low": "20.959",
            "close": "20.955"
        },
        {
            "time": "09.04.2021 21:37",
            "open": "20.955",
            "high": "20.955",
            "low": "20.955",
            "close": "20.934"
        },
        {
            "time": "09.04.2021 21:38",
            "open": "20.934",
            "high": "20.934",
            "low": "20.934",
            "close": "20.934"
        },
        {
            "time": "09.04.2021 21:42",
            "open": "20.934",
            "high": "20.934",
            "low": "20.934",
            "close": "20.916"
        },
        {
            "time": "09.04.2021 21:49",
            "open": "20.916",
            "high": "20.916",
            "low": "20.866",
            "close": "20.866"
        },
        {
            "time": "09.04.2021 21:50",
            "open": "20.866",
            "high": "20.866",
            "low": "20.866",
            "close": "20.848"
        },
        {
            "time": "09.04.2021 21:51",
            "open": "20.848",
            "high": "20.848",
            "low": "20.829",
            "close": "20.835"
        },
        {
            "time": "09.04.2021 22:01",
            "open": "20.835",
            "high": "20.835",
            "low": "20.835",
            "close": "20.84"
        },
        {
            "time": "09.04.2021 22:02",
            "open": "20.84",
            "high": "20.84",
            "low": "20.84",
            "close": "20.844"
        },
        {
            "time": "09.04.2021 22:05",
            "open": "20.844",
            "high": "20.844",
            "low": "20.844",
            "close": "20.854"
        },
        {
            "time": "09.04.2021 22:06",
            "open": "20.854",
            "high": "20.854",
            "low": "20.853",
            "close": "20.841"
        },
        {
            "time": "09.04.2021 22:07",
            "open": "20.841",
            "high": "20.841",
            "low": "20.839",
            "close": "20.854"
        },
        {
            "time": "09.04.2021 22:09",
            "open": "20.854",
            "high": "20.854",
            "low": "20.854",
            "close": "20.885"
        },
        {
            "time": "09.04.2021 22:13",
            "open": "20.885",
            "high": "20.885",
            "low": "20.885",
            "close": "20.825"
        },
        {
            "time": "09.04.2021 22:19",
            "open": "20.825",
            "high": "20.825",
            "low": "20.825",
            "close": "20.856"
        },
        {
            "time": "09.04.2021 22:21",
            "open": "20.856",
            "high": "20.856",
            "low": "20.856",
            "close": "20.825"
        },
        {
            "time": "09.04.2021 22:24",
            "open": "20.825",
            "high": "20.825",
            "low": "20.804",
            "close": "20.785"
        },
        {
            "time": "09.04.2021 22:30",
            "open": "20.785",
            "high": "20.785",
            "low": "20.771",
            "close": "20.718"
        },
        {
            "time": "09.04.2021 22:34",
            "open": "20.718",
            "high": "20.718",
            "low": "20.718",
            "close": "20.757"
        },
        {
            "time": "09.04.2021 22:38",
            "open": "20.757",
            "high": "20.757",
            "low": "20.757",
            "close": "20.729"
        },
        {
            "time": "09.04.2021 22:40",
            "open": "20.729",
            "high": "20.735",
            "low": "20.729",
            "close": "20.732"
        },
        {
            "time": "09.04.2021 22:41",
            "open": "20.732",
            "high": "20.732",
            "low": "20.732",
            "close": "20.73"
        },
        {
            "time": "09.04.2021 22:42",
            "open": "20.73",
            "high": "20.772",
            "low": "20.73",
            "close": "20.751"
        },
        {
            "time": "09.04.2021 22:48",
            "open": "20.751",
            "high": "20.751",
            "low": "20.751",
            "close": "20.779"
        },
        {
            "time": "09.04.2021 22:50",
            "open": "20.779",
            "high": "20.779",
            "low": "20.779",
            "close": "20.755"
        },
        {
            "time": "09.04.2021 22:51",
            "open": "20.755",
            "high": "20.755",
            "low": "20.755",
            "close": "20.754"
        },
        {
            "time": "09.04.2021 22:52",
            "open": "20.754",
            "high": "20.754",
            "low": "20.754",
            "close": "20.75"
        },
        {
            "time": "09.04.2021 22:53",
            "open": "20.75",
            "high": "20.75",
            "low": "20.733",
            "close": "20.741"
        },
        {
            "time": "09.04.2021 23:13",
            "open": "20.741",
            "high": "20.741",
            "low": "20.741",
            "close": "20.742"
        },
        {
            "time": "09.04.2021 23:14",
            "open": "20.742",
            "high": "20.742",
            "low": "20.738",
            "close": "20.756"
        },
        {
            "time": "09.04.2021 23:22",
            "open": "20.756",
            "high": "20.756",
            "low": "20.756",
            "close": "20.765"
        },
        {
            "time": "09.04.2021 23:24",
            "open": "20.765",
            "high": "20.796",
            "low": "20.765",
            "close": "20.733"
        },
        {
            "time": "09.04.2021 23:34",
            "open": "20.733",
            "high": "20.733",
            "low": "20.733",
            "close": "20.785"
        },
        {
            "time": "09.04.2021 23:35",
            "open": "20.785",
            "high": "20.785",
            "low": "20.785",
            "close": "20.726"
        },
        {
            "time": "09.04.2021 23:37",
            "open": "20.726",
            "high": "20.726",
            "low": "20.726",
            "close": "20.718"
        },
        {
            "time": "09.04.2021 23:43",
            "open": "20.718",
            "high": "20.718",
            "low": "20.718",
            "close": "20.726"
        },
        {
            "time": "09.04.2021 23:44",
            "open": "20.726",
            "high": "20.726",
            "low": "20.726",
            "close": "20.777"
        },
        {
            "time": "09.04.2021 23:55",
            "open": "20.777",
            "high": "20.777",
            "low": "20.777",
            "close": "20.743"
        },
        {
            "time": "09.04.2021 23:56",
            "open": "20.743",
            "high": "20.772",
            "low": "20.743",
            "close": "20.744"
        }
    ]
}