{
    "UMA-EUR": [
        {
            "time": "17.01.2021 23:52",
            "open": "8.599",
            "high": "8.599",
            "low": "8.582",
            "close": "8.611"
        },
        {
            "time": "18.01.2021 00:03",
            "open": "8.611",
            "high": "8.611",
            "low": "8.611",
            "close": "8.611"
        },
        {
            "time": "18.01.2021 00:07",
            "open": "8.611",
            "high": "8.611",
            "low": "8.611",
            "close": "8.61"
        },
        {
            "time": "18.01.2021 00:11",
            "open": "8.61",
            "high": "8.61",
            "low": "8.6",
            "close": "8.611"
        },
        {
            "time": "18.01.2021 00:16",
            "open": "8.611",
            "high": "8.611",
            "low": "8.605",
            "close": "8.611"
        },
        {
            "time": "18.01.2021 00:17",
            "open": "8.611",
            "high": "8.611",
            "low": "8.611",
            "close": "8.617"
        },
        {
            "time": "18.01.2021 00:25",
            "open": "8.617",
            "high": "8.617",
            "low": "8.617",
            "close": "8.642"
        },
        {
            "time": "18.01.2021 00:28",
            "open": "8.642",
            "high": "8.642",
            "low": "8.642",
            "close": "8.618"
        },
        {
            "time": "18.01.2021 00:39",
            "open": "8.618",
            "high": "8.618",
            "low": "8.618",
            "close": "8.64"
        },
        {
            "time": "18.01.2021 00:43",
            "open": "8.64",
            "high": "8.64",
            "low": "8.64",
            "close": "8.628"
        },
        {
            "time": "18.01.2021 00:49",
            "open": "8.628",
            "high": "8.628",
            "low": "8.628",
            "close": "8.57"
        },
        {
            "time": "18.01.2021 00:50",
            "open": "8.57",
            "high": "8.57",
            "low": "8.57",
            "close": "8.54"
        },
        {
            "time": "18.01.2021 01:41",
            "open": "8.54",
            "high": "8.54",
            "low": "8.54",
            "close": "8.556"
        },
        {
            "time": "18.01.2021 01:54",
            "open": "8.556",
            "high": "8.556",
            "low": "8.556",
            "close": "8.546"
        },
        {
            "time": "18.01.2021 01:55",
            "open": "8.546",
            "high": "8.546",
            "low": "8.546",
            "close": "8.571"
        },
        {
            "time": "18.01.2021 02:01",
            "open": "8.571",
            "high": "8.571",
            "low": "8.571",
            "close": "8.543"
        },
        {
            "time": "18.01.2021 02:08",
            "open": "8.543",
            "high": "8.559",
            "low": "8.525",
            "close": "8.557"
        },
        {
            "time": "18.01.2021 02:09",
            "open": "8.557",
            "high": "8.557",
            "low": "8.549",
            "close": "8.516"
        },
        {
            "time": "18.01.2021 02:25",
            "open": "8.516",
            "high": "8.516",
            "low": "8.516",
            "close": "8.532"
        },
        {
            "time": "18.01.2021 02:26",
            "open": "8.532",
            "high": "8.532",
            "low": "8.532",
            "close": "8.55"
        },
        {
            "time": "18.01.2021 02:36",
            "open": "8.55",
            "high": "8.55",
            "low": "8.55",
            "close": "8.59"
        },
        {
            "time": "18.01.2021 03:00",
            "open": "8.59",
            "high": "8.622",
            "low": "8.59",
            "close": "8.616"
        },
        {
            "time": "18.01.2021 03:02",
            "open": "8.616",
            "high": "8.616",
            "low": "8.616",
            "close": "8.591"
        },
        {
            "time": "18.01.2021 03:03",
            "open": "8.591",
            "high": "8.591",
            "low": "8.591",
            "close": "8.604"
        },
        {
            "time": "18.01.2021 03:04",
            "open": "8.604",
            "high": "8.604",
            "low": "8.604",
            "close": "8.584"
        },
        {
            "time": "18.01.2021 03:06",
            "open": "8.584",
            "high": "8.584",
            "low": "8.584",
            "close": "8.581"
        },
        {
            "time": "18.01.2021 03:19",
            "open": "8.581",
            "high": "8.583",
            "low": "8.581",
            "close": "8.634"
        },
        {
            "time": "18.01.2021 03:29",
            "open": "8.634",
            "high": "8.634",
            "low": "8.634",
            "close": "8.593"
        },
        {
            "time": "18.01.2021 03:34",
            "open": "8.593",
            "high": "8.593",
            "low": "8.583",
            "close": "8.567"
        },
        {
            "time": "18.01.2021 03:53",
            "open": "8.567",
            "high": "8.567",
            "low": "8.567",
            "close": "8.539"
        },
        {
            "time": "18.01.2021 04:03",
            "open": "8.539",
            "high": "8.539",
            "low": "8.539",
            "close": "8.515"
        },
        {
            "time": "18.01.2021 04:13",
            "open": "8.515",
            "high": "8.515",
            "low": "8.515",
            "close": "8.501"
        },
        {
            "time": "18.01.2021 04:15",
            "open": "8.501",
            "high": "8.501",
            "low": "8.5",
            "close": "8.486"
        },
        {
            "time": "18.01.2021 04:18",
            "open": "8.486",
            "high": "8.486",
            "low": "8.486",
            "close": "8.46"
        },
        {
            "time": "18.01.2021 04:20",
            "open": "8.46",
            "high": "8.46",
            "low": "8.46",
            "close": "8.439"
        },
        {
            "time": "18.01.2021 04:21",
            "open": "8.439",
            "high": "8.44",
            "low": "8.439",
            "close": "8.437"
        },
        {
            "time": "18.01.2021 04:24",
            "open": "8.437",
            "high": "8.437",
            "low": "8.43",
            "close": "8.424"
        },
        {
            "time": "18.01.2021 04:25",
            "open": "8.424",
            "high": "8.424",
            "low": "8.4",
            "close": "8.4"
        },
        {
            "time": "18.01.2021 04:29",
            "open": "8.4",
            "high": "8.4",
            "low": "8.4",
            "close": "8.39"
        },
        {
            "time": "18.01.2021 04:30",
            "open": "8.39",
            "high": "8.39",
            "low": "8.382",
            "close": "8.37"
        },
        {
            "time": "18.01.2021 04:35",
            "open": "8.37",
            "high": "8.37",
            "low": "8.35",
            "close": "8.309"
        },
        {
            "time": "18.01.2021 04:37",
            "open": "8.309",
            "high": "8.309",
            "low": "8.309",
            "close": "8.338"
        },
        {
            "time": "18.01.2021 04:47",
            "open": "8.338",
            "high": "8.338",
            "low": "8.336",
            "close": "8.303"
        },
        {
            "time": "18.01.2021 04:53",
            "open": "8.303",
            "high": "8.303",
            "low": "8.303",
            "close": "8.285"
        },
        {
            "time": "18.01.2021 05:00",
            "open": "8.285",
            "high": "8.285",
            "low": "8.285",
            "close": "8.308"
        },
        {
            "time": "18.01.2021 05:24",
            "open": "8.308",
            "high": "8.308",
            "low": "8.308",
            "close": "8.293"
        },
        {
            "time": "18.01.2021 05:52",
            "open": "8.293",
            "high": "8.293",
            "low": "8.291",
            "close": "8.317"
        },
        {
            "time": "18.01.2021 06:00",
            "open": "8.317",
            "high": "8.317",
            "low": "8.317",
            "close": "8.329"
        },
        {
            "time": "18.01.2021 06:02",
            "open": "8.329",
            "high": "8.329",
            "low": "8.329",
            "close": "8.353"
        },
        {
            "time": "18.01.2021 06:27",
            "open": "8.353",
            "high": "8.353",
            "low": "8.353",
            "close": "8.41"
        },
        {
            "time": "18.01.2021 06:43",
            "open": "8.41",
            "high": "8.41",
            "low": "8.41",
            "close": "8.438"
        },
        {
            "time": "18.01.2021 06:57",
            "open": "8.438",
            "high": "8.438",
            "low": "8.438",
            "close": "8.486"
        },
        {
            "time": "18.01.2021 07:00",
            "open": "8.486",
            "high": "8.486",
            "low": "8.486",
            "close": "8.456"
        },
        {
            "time": "18.01.2021 07:24",
            "open": "8.456",
            "high": "8.464",
            "low": "8.456",
            "close": "8.458"
        },
        {
            "time": "18.01.2021 07:30",
            "open": "8.458",
            "high": "8.458",
            "low": "8.458",
            "close": "8.462"
        },
        {
            "time": "18.01.2021 07:34",
            "open": "8.462",
            "high": "8.462",
            "low": "8.462",
            "close": "8.439"
        },
        {
            "time": "18.01.2021 07:35",
            "open": "8.439",
            "high": "8.439",
            "low": "8.439",
            "close": "8.462"
        },
        {
            "time": "18.01.2021 07:36",
            "open": "8.462",
            "high": "8.462",
            "low": "8.462",
            "close": "8.44"
        },
        {
            "time": "18.01.2021 07:38",
            "open": "8.44",
            "high": "8.44",
            "low": "8.44",
            "close": "8.448"
        },
        {
            "time": "18.01.2021 07:42",
            "open": "8.448",
            "high": "8.448",
            "low": "8.448",
            "close": "8.43"
        },
        {
            "time": "18.01.2021 07:50",
            "open": "8.43",
            "high": "8.43",
            "low": "8.43",
            "close": "8.469"
        },
        {
            "time": "18.01.2021 07:55",
            "open": "8.469",
            "high": "8.47",
            "low": "8.469",
            "close": "8.48"
        },
        {
            "time": "18.01.2021 08:01",
            "open": "8.48",
            "high": "8.48",
            "low": "8.48",
            "close": "8.458"
        },
        {
            "time": "18.01.2021 08:02",
            "open": "8.458",
            "high": "8.474",
            "low": "8.428",
            "close": "8.484"
        },
        {
            "time": "18.01.2021 08:07",
            "open": "8.484",
            "high": "8.5",
            "low": "8.484",
            "close": "8.515"
        },
        {
            "time": "18.01.2021 08:08",
            "open": "8.515",
            "high": "8.541",
            "low": "8.504",
            "close": "8.556"
        },
        {
            "time": "18.01.2021 08:11",
            "open": "8.556",
            "high": "8.556",
            "low": "8.556",
            "close": "8.564"
        },
        {
            "time": "18.01.2021 08:20",
            "open": "8.564",
            "high": "8.636",
            "low": "8.564",
            "close": "8.61"
        },
        {
            "time": "18.01.2021 08:22",
            "open": "8.61",
            "high": "8.61",
            "low": "8.61",
            "close": "8.626"
        },
        {
            "time": "18.01.2021 08:24",
            "open": "8.626",
            "high": "8.626",
            "low": "8.626",
            "close": "8.605"
        },
        {
            "time": "18.01.2021 08:40",
            "open": "8.605",
            "high": "8.605",
            "low": "8.605",
            "close": "8.616"
        },
        {
            "time": "18.01.2021 08:51",
            "open": "8.616",
            "high": "8.616",
            "low": "8.616",
            "close": "8.638"
        },
        {
            "time": "18.01.2021 09:01",
            "open": "8.638",
            "high": "8.671",
            "low": "8.638",
            "close": "8.632"
        },
        {
            "time": "18.01.2021 09:04",
            "open": "8.632",
            "high": "8.632",
            "low": "8.631",
            "close": "8.619"
        },
        {
            "time": "18.01.2021 09:15",
            "open": "8.619",
            "high": "8.625",
            "low": "8.619",
            "close": "8.631"
        },
        {
            "time": "18.01.2021 09:17",
            "open": "8.631",
            "high": "8.631",
            "low": "8.631",
            "close": "8.636"
        },
        {
            "time": "18.01.2021 09:20",
            "open": "8.636",
            "high": "8.636",
            "low": "8.634",
            "close": "8.614"
        },
        {
            "time": "18.01.2021 09:30",
            "open": "8.614",
            "high": "8.614",
            "low": "8.612",
            "close": "8.63"
        },
        {
            "time": "18.01.2021 09:31",
            "open": "8.63",
            "high": "8.8",
            "low": "8.63",
            "close": "8.614"
        },
        {
            "time": "18.01.2021 09:32",
            "open": "8.614",
            "high": "8.614",
            "low": "8.614",
            "close": "8.611"
        },
        {
            "time": "18.01.2021 09:33",
            "open": "8.611",
            "high": "8.611",
            "low": "8.611",
            "close": "8.615"
        },
        {
            "time": "18.01.2021 09:36",
            "open": "8.615",
            "high": "8.615",
            "low": "8.615",
            "close": "8.63"
        },
        {
            "time": "18.01.2021 09:51",
            "open": "8.63",
            "high": "8.63",
            "low": "8.63",
            "close": "8.638"
        },
        {
            "time": "18.01.2021 09:52",
            "open": "8.638",
            "high": "8.638",
            "low": "8.634",
            "close": "8.683"
        },
        {
            "time": "18.01.2021 09:53",
            "open": "8.683",
            "high": "8.683",
            "low": "8.63",
            "close": "8.669"
        },
        {
            "time": "18.01.2021 09:55",
            "open": "8.669",
            "high": "8.669",
            "low": "8.665",
            "close": "8.672"
        },
        {
            "time": "18.01.2021 09:59",
            "open": "8.672",
            "high": "8.672",
            "low": "8.672",
            "close": "8.746"
        },
        {
            "time": "18.01.2021 10:02",
            "open": "8.746",
            "high": "8.746",
            "low": "8.746",
            "close": "8.672"
        },
        {
            "time": "18.01.2021 10:03",
            "open": "8.672",
            "high": "8.672",
            "low": "8.672",
            "close": "8.644"
        },
        {
            "time": "18.01.2021 10:08",
            "open": "8.644",
            "high": "8.644",
            "low": "8.644",
            "close": "8.643"
        },
        {
            "time": "18.01.2021 10:09",
            "open": "8.643",
            "high": "8.643",
            "low": "8.643",
            "close": "8.721"
        },
        {
            "time": "18.01.2021 10:11",
            "open": "8.721",
            "high": "8.721",
            "low": "8.674",
            "close": "8.698"
        },
        {
            "time": "18.01.2021 10:12",
            "open": "8.698",
            "high": "8.698",
            "low": "8.698",
            "close": "8.67"
        },
        {
            "time": "18.01.2021 10:15",
            "open": "8.67",
            "high": "8.67",
            "low": "8.67",
            "close": "8.672"
        },
        {
            "time": "18.01.2021 10:17",
            "open": "8.672",
            "high": "8.672",
            "low": "8.672",
            "close": "8.671"
        },
        {
            "time": "18.01.2021 10:18",
            "open": "8.671",
            "high": "8.671",
            "low": "8.671",
            "close": "8.671"
        },
        {
            "time": "18.01.2021 10:19",
            "open": "8.671",
            "high": "8.671",
            "low": "8.671",
            "close": "8.671"
        },
        {
            "time": "18.01.2021 10:20",
            "open": "8.671",
            "high": "8.671",
            "low": "8.671",
            "close": "8.67"
        },
        {
            "time": "18.01.2021 10:21",
            "open": "8.67",
            "high": "8.672",
            "low": "8.67",
            "close": "8.673"
        },
        {
            "time": "18.01.2021 10:22",
            "open": "8.673",
            "high": "8.673",
            "low": "8.673",
            "close": "8.671"
        },
        {
            "time": "18.01.2021 10:25",
            "open": "8.671",
            "high": "8.671",
            "low": "8.67",
            "close": "8.67"
        },
        {
            "time": "18.01.2021 10:27",
            "open": "8.67",
            "high": "8.67",
            "low": "8.67",
            "close": "8.67"
        },
        {
            "time": "18.01.2021 10:28",
            "open": "8.67",
            "high": "8.67",
            "low": "8.67",
            "close": "8.67"
        },
        {
            "time": "18.01.2021 10:30",
            "open": "8.67",
            "high": "8.67",
            "low": "8.67",
            "close": "8.673"
        },
        {
            "time": "18.01.2021 10:33",
            "open": "8.673",
            "high": "8.673",
            "low": "8.671",
            "close": "8.671"
        },
        {
            "time": "18.01.2021 10:34",
            "open": "8.671",
            "high": "8.671",
            "low": "8.671",
            "close": "8.69"
        },
        {
            "time": "18.01.2021 10:36",
            "open": "8.69",
            "high": "8.706",
            "low": "8.672",
            "close": "8.67"
        },
        {
            "time": "18.01.2021 10:40",
            "open": "8.67",
            "high": "8.67",
            "low": "8.66",
            "close": "8.692"
        },
        {
            "time": "18.01.2021 10:42",
            "open": "8.692",
            "high": "8.692",
            "low": "8.692",
            "close": "8.661"
        },
        {
            "time": "18.01.2021 10:46",
            "open": "8.661",
            "high": "8.666",
            "low": "8.661",
            "close": "8.687"
        },
        {
            "time": "18.01.2021 10:47",
            "open": "8.687",
            "high": "8.687",
            "low": "8.687",
            "close": "8.676"
        },
        {
            "time": "18.01.2021 10:48",
            "open": "8.676",
            "high": "8.676",
            "low": "8.676",
            "close": "8.676"
        },
        {
            "time": "18.01.2021 10:49",
            "open": "8.676",
            "high": "8.709",
            "low": "8.676",
            "close": "8.725"
        },
        {
            "time": "18.01.2021 10:58",
            "open": "8.725",
            "high": "8.725",
            "low": "8.725",
            "close": "8.738"
        },
        {
            "time": "18.01.2021 11:03",
            "open": "8.738",
            "high": "8.778",
            "low": "8.738",
            "close": "8.732"
        },
        {
            "time": "18.01.2021 11:13",
            "open": "8.732",
            "high": "8.732",
            "low": "8.732",
            "close": "8.742"
        },
        {
            "time": "18.01.2021 11:14",
            "open": "8.742",
            "high": "8.742",
            "low": "8.742",
            "close": "8.725"
        },
        {
            "time": "18.01.2021 11:16",
            "open": "8.725",
            "high": "8.731",
            "low": "8.697",
            "close": "8.701"
        },
        {
            "time": "18.01.2021 11:17",
            "open": "8.701",
            "high": "8.702",
            "low": "8.701",
            "close": "8.696"
        },
        {
            "time": "18.01.2021 11:19",
            "open": "8.696",
            "high": "8.696",
            "low": "8.695",
            "close": "8.694"
        },
        {
            "time": "18.01.2021 11:21",
            "open": "8.694",
            "high": "8.694",
            "low": "8.694",
            "close": "8.694"
        },
        {
            "time": "18.01.2021 11:22",
            "open": "8.694",
            "high": "8.694",
            "low": "8.694",
            "close": "8.694"
        },
        {
            "time": "18.01.2021 11:23",
            "open": "8.694",
            "high": "8.694",
            "low": "8.694",
            "close": "8.688"
        },
        {
            "time": "18.01.2021 11:37",
            "open": "8.688",
            "high": "8.688",
            "low": "8.688",
            "close": "8.644"
        },
        {
            "time": "18.01.2021 11:42",
            "open": "8.644",
            "high": "8.644",
            "low": "8.619",
            "close": "8.648"
        },
        {
            "time": "18.01.2021 11:44",
            "open": "8.648",
            "high": "8.648",
            "low": "8.648",
            "close": "8.649"
        },
        {
            "time": "18.01.2021 11:45",
            "open": "8.649",
            "high": "8.65",
            "low": "8.649",
            "close": "8.662"
        },
        {
            "time": "18.01.2021 11:46",
            "open": "8.662",
            "high": "8.662",
            "low": "8.662",
            "close": "8.694"
        },
        {
            "time": "18.01.2021 11:49",
            "open": "8.694",
            "high": "8.694",
            "low": "8.694",
            "close": "8.694"
        },
        {
            "time": "18.01.2021 11:54",
            "open": "8.694",
            "high": "8.694",
            "low": "8.694",
            "close": "8.694"
        },
        {
            "time": "18.01.2021 11:57",
            "open": "8.694",
            "high": "8.694",
            "low": "8.694",
            "close": "8.694"
        },
        {
            "time": "18.01.2021 12:00",
            "open": "8.694",
            "high": "8.694",
            "low": "8.677",
            "close": "8.678"
        },
        {
            "time": "18.01.2021 12:01",
            "open": "8.678",
            "high": "8.695",
            "low": "8.678",
            "close": "8.709"
        },
        {
            "time": "18.01.2021 12:06",
            "open": "8.709",
            "high": "8.71",
            "low": "8.709",
            "close": "8.659"
        },
        {
            "time": "18.01.2021 12:08",
            "open": "8.659",
            "high": "8.659",
            "low": "8.659",
            "close": "8.648"
        },
        {
            "time": "18.01.2021 12:12",
            "open": "8.648",
            "high": "8.648",
            "low": "8.648",
            "close": "8.65"
        },
        {
            "time": "18.01.2021 12:15",
            "open": "8.65",
            "high": "8.65",
            "low": "8.65",
            "close": "8.706"
        },
        {
            "time": "18.01.2021 12:16",
            "open": "8.706",
            "high": "8.706",
            "low": "8.649",
            "close": "8.673"
        },
        {
            "time": "18.01.2021 12:17",
            "open": "8.673",
            "high": "8.712",
            "low": "8.673",
            "close": "8.656"
        },
        {
            "time": "18.01.2021 12:20",
            "open": "8.656",
            "high": "8.656",
            "low": "8.656",
            "close": "8.698"
        },
        {
            "time": "18.01.2021 12:22",
            "open": "8.698",
            "high": "8.698",
            "low": "8.684",
            "close": "8.656"
        },
        {
            "time": "18.01.2021 12:23",
            "open": "8.656",
            "high": "8.656",
            "low": "8.648",
            "close": "8.667"
        },
        {
            "time": "18.01.2021 12:24",
            "open": "8.667",
            "high": "8.667",
            "low": "8.667",
            "close": "8.636"
        },
        {
            "time": "18.01.2021 12:40",
            "open": "8.636",
            "high": "8.636",
            "low": "8.636",
            "close": "8.648"
        },
        {
            "time": "18.01.2021 12:42",
            "open": "8.648",
            "high": "8.648",
            "low": "8.635",
            "close": "8.625"
        },
        {
            "time": "18.01.2021 12:49",
            "open": "8.625",
            "high": "8.625",
            "low": "8.624",
            "close": "8.72"
        },
        {
            "time": "18.01.2021 12:55",
            "open": "8.72",
            "high": "8.72",
            "low": "8.72",
            "close": "8.72"
        },
        {
            "time": "18.01.2021 12:56",
            "open": "8.72",
            "high": "8.737",
            "low": "8.72",
            "close": "8.739"
        },
        {
            "time": "18.01.2021 13:02",
            "open": "8.739",
            "high": "8.739",
            "low": "8.739",
            "close": "8.739"
        },
        {
            "time": "18.01.2021 13:03",
            "open": "8.739",
            "high": "8.739",
            "low": "8.739",
            "close": "8.742"
        },
        {
            "time": "18.01.2021 13:05",
            "open": "8.742",
            "high": "8.742",
            "low": "8.74",
            "close": "8.74"
        },
        {
            "time": "18.01.2021 13:06",
            "open": "8.74",
            "high": "8.742",
            "low": "8.74",
            "close": "8.787"
        },
        {
            "time": "18.01.2021 13:10",
            "open": "8.787",
            "high": "8.8",
            "low": "8.787",
            "close": "8.795"
        },
        {
            "time": "18.01.2021 13:11",
            "open": "8.795",
            "high": "8.795",
            "low": "8.795",
            "close": "8.797"
        },
        {
            "time": "18.01.2021 13:12",
            "open": "8.797",
            "high": "8.842",
            "low": "8.797",
            "close": "8.842"
        },
        {
            "time": "18.01.2021 13:13",
            "open": "8.842",
            "high": "8.848",
            "low": "8.842",
            "close": "8.851"
        },
        {
            "time": "18.01.2021 13:14",
            "open": "8.851",
            "high": "8.859",
            "low": "8.851",
            "close": "8.86"
        },
        {
            "time": "18.01.2021 13:15",
            "open": "8.86",
            "high": "8.89",
            "low": "8.86",
            "close": "8.89"
        },
        {
            "time": "18.01.2021 13:16",
            "open": "8.89",
            "high": "8.89",
            "low": "8.889",
            "close": "8.89"
        },
        {
            "time": "18.01.2021 13:17",
            "open": "8.89",
            "high": "8.901",
            "low": "8.89",
            "close": "8.925"
        },
        {
            "time": "18.01.2021 13:21",
            "open": "8.925",
            "high": "8.927",
            "low": "8.925",
            "close": "8.927"
        },
        {
            "time": "18.01.2021 13:22",
            "open": "8.927",
            "high": "8.927",
            "low": "8.927",
            "close": "8.927"
        },
        {
            "time": "18.01.2021 13:23",
            "open": "8.927",
            "high": "8.964",
            "low": "8.927",
            "close": "8.965"
        },
        {
            "time": "18.01.2021 13:24",
            "open": "8.965",
            "high": "8.965",
            "low": "8.965",
            "close": "8.933"
        },
        {
            "time": "18.01.2021 13:25",
            "open": "8.933",
            "high": "8.969",
            "low": "8.933",
            "close": "8.96"
        },
        {
            "time": "18.01.2021 13:30",
            "open": "8.96",
            "high": "8.96",
            "low": "8.954",
            "close": "8.97"
        },
        {
            "time": "18.01.2021 13:31",
            "open": "8.97",
            "high": "8.97",
            "low": "8.97",
            "close": "8.97"
        },
        {
            "time": "18.01.2021 13:32",
            "open": "8.97",
            "high": "8.97",
            "low": "8.97",
            "close": "8.99"
        },
        {
            "time": "18.01.2021 13:34",
            "open": "8.99",
            "high": "9",
            "low": "8.99",
            "close": "8.999"
        },
        {
            "time": "18.01.2021 13:35",
            "open": "8.999",
            "high": "9.019",
            "low": "8.999",
            "close": "9.019"
        },
        {
            "time": "18.01.2021 13:36",
            "open": "9.019",
            "high": "9.06",
            "low": "9.019",
            "close": "9.06"
        },
        {
            "time": "18.01.2021 13:42",
            "open": "9.06",
            "high": "9.06",
            "low": "9.032",
            "close": "9.038"
        },
        {
            "time": "18.01.2021 13:43",
            "open": "9.038",
            "high": "9.038",
            "low": "9.038",
            "close": "9.059"
        },
        {
            "time": "18.01.2021 13:45",
            "open": "9.059",
            "high": "9.059",
            "low": "9.036",
            "close": "9.06"
        },
        {
            "time": "18.01.2021 13:47",
            "open": "9.06",
            "high": "9.063",
            "low": "9.06",
            "close": "9.003"
        },
        {
            "time": "18.01.2021 13:49",
            "open": "9.003",
            "high": "9.003",
            "low": "8.983",
            "close": "8.987"
        },
        {
            "time": "18.01.2021 13:50",
            "open": "8.987",
            "high": "8.987",
            "low": "8.982",
            "close": "8.984"
        },
        {
            "time": "18.01.2021 13:51",
            "open": "8.984",
            "high": "9.014",
            "low": "8.978",
            "close": "9.012"
        },
        {
            "time": "18.01.2021 13:52",
            "open": "9.012",
            "high": "9.012",
            "low": "8.968",
            "close": "9"
        },
        {
            "time": "18.01.2021 13:53",
            "open": "9",
            "high": "9",
            "low": "9",
            "close": "8.999"
        },
        {
            "time": "18.01.2021 13:55",
            "open": "8.999",
            "high": "9",
            "low": "8.999",
            "close": "9"
        },
        {
            "time": "18.01.2021 13:56",
            "open": "9",
            "high": "9",
            "low": "9",
            "close": "9.043"
        },
        {
            "time": "18.01.2021 13:57",
            "open": "9.043",
            "high": "9.043",
            "low": "9.043",
            "close": "9.043"
        },
        {
            "time": "18.01.2021 13:58",
            "open": "9.043",
            "high": "9.043",
            "low": "9.043",
            "close": "9.028"
        },
        {
            "time": "18.01.2021 13:59",
            "open": "9.028",
            "high": "9.028",
            "low": "9.024",
            "close": "9.021"
        },
        {
            "time": "18.01.2021 14:00",
            "open": "9.021",
            "high": "9.037",
            "low": "9.021",
            "close": "9.049"
        },
        {
            "time": "18.01.2021 14:01",
            "open": "9.049",
            "high": "9.062",
            "low": "9.014",
            "close": "9.005"
        },
        {
            "time": "18.01.2021 14:03",
            "open": "9.005",
            "high": "9.005",
            "low": "8.95",
            "close": "9.068"
        },
        {
            "time": "18.01.2021 14:13",
            "open": "9.068",
            "high": "9.068",
            "low": "8.992",
            "close": "9.09"
        },
        {
            "time": "18.01.2021 14:17",
            "open": "9.09",
            "high": "9.1",
            "low": "9.09",
            "close": "9.094"
        },
        {
            "time": "18.01.2021 14:19",
            "open": "9.094",
            "high": "9.098",
            "low": "9.094",
            "close": "9.1"
        },
        {
            "time": "18.01.2021 14:21",
            "open": "9.1",
            "high": "9.108",
            "low": "9.1",
            "close": "9.11"
        },
        {
            "time": "18.01.2021 14:24",
            "open": "9.11",
            "high": "9.119",
            "low": "9.11",
            "close": "9.12"
        },
        {
            "time": "18.01.2021 14:25",
            "open": "9.12",
            "high": "9.12",
            "low": "9.12",
            "close": "9.141"
        },
        {
            "time": "18.01.2021 14:26",
            "open": "9.141",
            "high": "9.141",
            "low": "9.141",
            "close": "9.169"
        },
        {
            "time": "18.01.2021 14:28",
            "open": "9.169",
            "high": "9.235",
            "low": "9.169",
            "close": "9.25"
        },
        {
            "time": "18.01.2021 14:29",
            "open": "9.25",
            "high": "9.276",
            "low": "9.25",
            "close": "9.276"
        },
        {
            "time": "18.01.2021 14:31",
            "open": "9.276",
            "high": "9.327",
            "low": "9.259",
            "close": "9.307"
        },
        {
            "time": "18.01.2021 14:33",
            "open": "9.307",
            "high": "9.307",
            "low": "9.303",
            "close": "9.305"
        },
        {
            "time": "18.01.2021 14:35",
            "open": "9.305",
            "high": "9.324",
            "low": "9.305",
            "close": "9.305"
        },
        {
            "time": "18.01.2021 14:36",
            "open": "9.305",
            "high": "9.306",
            "low": "9.29",
            "close": "9.325"
        },
        {
            "time": "18.01.2021 14:38",
            "open": "9.325",
            "high": "9.363",
            "low": "9.325",
            "close": "9.302"
        },
        {
            "time": "18.01.2021 14:40",
            "open": "9.302",
            "high": "9.309",
            "low": "9.202",
            "close": "9.291"
        },
        {
            "time": "18.01.2021 14:41",
            "open": "9.291",
            "high": "9.291",
            "low": "9.291",
            "close": "9.278"
        },
        {
            "time": "18.01.2021 14:43",
            "open": "9.278",
            "high": "9.278",
            "low": "9.159",
            "close": "9.188"
        },
        {
            "time": "18.01.2021 14:44",
            "open": "9.188",
            "high": "9.229",
            "low": "9.188",
            "close": "9.15"
        },
        {
            "time": "18.01.2021 14:45",
            "open": "9.15",
            "high": "9.15",
            "low": "9.15",
            "close": "9.169"
        },
        {
            "time": "18.01.2021 14:50",
            "open": "9.169",
            "high": "9.169",
            "low": "9.169",
            "close": "9.172"
        },
        {
            "time": "18.01.2021 14:51",
            "open": "9.172",
            "high": "9.172",
            "low": "9.172",
            "close": "9.14"
        },
        {
            "time": "18.01.2021 14:58",
            "open": "9.14",
            "high": "9.14",
            "low": "9.14",
            "close": "9.077"
        },
        {
            "time": "18.01.2021 14:59",
            "open": "9.077",
            "high": "9.077",
            "low": "8.987",
            "close": "9.026"
        },
        {
            "time": "18.01.2021 15:00",
            "open": "9.026",
            "high": "9.032",
            "low": "9.026",
            "close": "8.998"
        },
        {
            "time": "18.01.2021 15:01",
            "open": "8.998",
            "high": "9.033",
            "low": "8.998",
            "close": "9.039"
        },
        {
            "time": "18.01.2021 15:02",
            "open": "9.039",
            "high": "9.039",
            "low": "9.035",
            "close": "9.058"
        },
        {
            "time": "18.01.2021 15:03",
            "open": "9.058",
            "high": "9.07",
            "low": "9.038",
            "close": "9.07"
        },
        {
            "time": "18.01.2021 15:04",
            "open": "9.07",
            "high": "9.07",
            "low": "9.07",
            "close": "9.084"
        },
        {
            "time": "18.01.2021 15:05",
            "open": "9.084",
            "high": "9.084",
            "low": "9.076",
            "close": "9.1"
        },
        {
            "time": "18.01.2021 15:09",
            "open": "9.1",
            "high": "9.1",
            "low": "9.1",
            "close": "9.113"
        },
        {
            "time": "18.01.2021 15:10",
            "open": "9.113",
            "high": "9.132",
            "low": "9.113",
            "close": "9.132"
        },
        {
            "time": "18.01.2021 15:11",
            "open": "9.132",
            "high": "9.132",
            "low": "9.132",
            "close": "9.15"
        },
        {
            "time": "18.01.2021 15:12",
            "open": "9.15",
            "high": "9.169",
            "low": "9.15",
            "close": "9.183"
        },
        {
            "time": "18.01.2021 15:14",
            "open": "9.183",
            "high": "9.183",
            "low": "9.183",
            "close": "9.177"
        },
        {
            "time": "18.01.2021 15:17",
            "open": "9.177",
            "high": "9.177",
            "low": "9.177",
            "close": "9.182"
        },
        {
            "time": "18.01.2021 15:18",
            "open": "9.182",
            "high": "9.182",
            "low": "9.182",
            "close": "9.186"
        },
        {
            "time": "18.01.2021 15:22",
            "open": "9.186",
            "high": "9.222",
            "low": "9.186",
            "close": "9.232"
        },
        {
            "time": "18.01.2021 15:23",
            "open": "9.232",
            "high": "9.259",
            "low": "9.232",
            "close": "9.285"
        },
        {
            "time": "18.01.2021 15:28",
            "open": "9.285",
            "high": "9.336",
            "low": "9.285",
            "close": "9.335"
        },
        {
            "time": "18.01.2021 15:29",
            "open": "9.335",
            "high": "9.335",
            "low": "9.335",
            "close": "9.245"
        },
        {
            "time": "18.01.2021 15:33",
            "open": "9.245",
            "high": "9.245",
            "low": "9.245",
            "close": "9.155"
        },
        {
            "time": "18.01.2021 15:37",
            "open": "9.155",
            "high": "9.155",
            "low": "9.114",
            "close": "9.161"
        },
        {
            "time": "18.01.2021 15:45",
            "open": "9.193",
            "high": "9.193",
            "low": "9.193",
            "close": "9.194"
        },
        {
            "time": "18.01.2021 15:48",
            "open": "9.194",
            "high": "9.194",
            "low": "9.193",
            "close": "9.16"
        },
        {
            "time": "18.01.2021 15:49",
            "open": "9.16",
            "high": "9.16",
            "low": "9.16",
            "close": "9.133"
        },
        {
            "time": "18.01.2021 15:55",
            "open": "9.133",
            "high": "9.133",
            "low": "9.133",
            "close": "9.1"
        },
        {
            "time": "18.01.2021 15:56",
            "open": "9.1",
            "high": "9.1",
            "low": "9.1",
            "close": "9.126"
        },
        {
            "time": "18.01.2021 15:57",
            "open": "9.126",
            "high": "9.126",
            "low": "9.126",
            "close": "9.108"
        },
        {
            "time": "18.01.2021 15:58",
            "open": "9.108",
            "high": "9.108",
            "low": "9.108",
            "close": "9.12"
        },
        {
            "time": "18.01.2021 16:00",
            "open": "9.12",
            "high": "9.12",
            "low": "9.12",
            "close": "9.211"
        },
        {
            "time": "18.01.2021 16:08",
            "open": "9.211",
            "high": "9.211",
            "low": "9.211",
            "close": "9.217"
        },
        {
            "time": "18.01.2021 16:10",
            "open": "9.217",
            "high": "9.217",
            "low": "9.217",
            "close": "9.246"
        },
        {
            "time": "18.01.2021 16:11",
            "open": "9.246",
            "high": "9.246",
            "low": "9.246",
            "close": "9.192"
        },
        {
            "time": "18.01.2021 16:14",
            "open": "9.192",
            "high": "9.25",
            "low": "9.192",
            "close": "9.25"
        },
        {
            "time": "18.01.2021 16:19",
            "open": "9.25",
            "high": "9.27",
            "low": "9.25",
            "close": "9.245"
        },
        {
            "time": "18.01.2021 16:20",
            "open": "9.245",
            "high": "9.245",
            "low": "9.245",
            "close": "9.27"
        },
        {
            "time": "18.01.2021 16:22",
            "open": "9.27",
            "high": "9.27",
            "low": "9.27",
            "close": "9.193"
        },
        {
            "time": "18.01.2021 16:30",
            "open": "9.193",
            "high": "9.193",
            "low": "9.193",
            "close": "9.187"
        },
        {
            "time": "18.01.2021 16:32",
            "open": "9.187",
            "high": "9.194",
            "low": "9.187",
            "close": "9.193"
        },
        {
            "time": "18.01.2021 16:34",
            "open": "9.193",
            "high": "9.223",
            "low": "9.193",
            "close": "9.131"
        },
        {
            "time": "18.01.2021 16:35",
            "open": "9.131",
            "high": "9.131",
            "low": "9.131",
            "close": "9.171"
        },
        {
            "time": "18.01.2021 16:42",
            "open": "9.171",
            "high": "9.344",
            "low": "9.145",
            "close": "9.15"
        },
        {
            "time": "18.01.2021 16:47",
            "open": "9.15",
            "high": "9.15",
            "low": "9.15",
            "close": "9.126"
        },
        {
            "time": "18.01.2021 16:48",
            "open": "9.126",
            "high": "9.344",
            "low": "9.126",
            "close": "9.114"
        },
        {
            "time": "18.01.2021 16:49",
            "open": "9.114",
            "high": "9.114",
            "low": "9.114",
            "close": "9.119"
        },
        {
            "time": "18.01.2021 16:50",
            "open": "9.119",
            "high": "9.119",
            "low": "9.119",
            "close": "9.122"
        },
        {
            "time": "18.01.2021 16:51",
            "open": "9.122",
            "high": "9.122",
            "low": "9.122",
            "close": "9.125"
        },
        {
            "time": "18.01.2021 16:54",
            "open": "9.125",
            "high": "9.125",
            "low": "9.119",
            "close": "9.119"
        },
        {
            "time": "18.01.2021 16:55",
            "open": "9.119",
            "high": "9.119",
            "low": "9.119",
            "close": "9.123"
        },
        {
            "time": "18.01.2021 17:00",
            "open": "9.123",
            "high": "9.146",
            "low": "9.123",
            "close": "9.149"
        },
        {
            "time": "18.01.2021 17:01",
            "open": "9.149",
            "high": "9.149",
            "low": "9.149",
            "close": "9.13"
        },
        {
            "time": "18.01.2021 17:02",
            "open": "9.13",
            "high": "9.13",
            "low": "9.13",
            "close": "9.198"
        },
        {
            "time": "18.01.2021 17:03",
            "open": "9.198",
            "high": "9.198",
            "low": "9.198",
            "close": "9.153"
        },
        {
            "time": "18.01.2021 17:04",
            "open": "9.153",
            "high": "9.154",
            "low": "9.153",
            "close": "9.175"
        },
        {
            "time": "18.01.2021 17:05",
            "open": "9.175",
            "high": "9.175",
            "low": "9.175",
            "close": "9.237"
        },
        {
            "time": "18.01.2021 17:07",
            "open": "9.237",
            "high": "9.237",
            "low": "9.202",
            "close": "9.2"
        },
        {
            "time": "18.01.2021 17:08",
            "open": "9.2",
            "high": "9.2",
            "low": "9.2",
            "close": "9.201"
        },
        {
            "time": "18.01.2021 17:09",
            "open": "9.201",
            "high": "9.214",
            "low": "9.201",
            "close": "9.213"
        },
        {
            "time": "18.01.2021 17:10",
            "open": "9.213",
            "high": "9.217",
            "low": "9.213",
            "close": "9.217"
        },
        {
            "time": "18.01.2021 17:11",
            "open": "9.217",
            "high": "9.222",
            "low": "9.217",
            "close": "9.247"
        },
        {
            "time": "18.01.2021 17:14",
            "open": "9.247",
            "high": "9.302",
            "low": "9.247",
            "close": "9.218"
        },
        {
            "time": "18.01.2021 17:17",
            "open": "9.218",
            "high": "9.218",
            "low": "9.218",
            "close": "9.219"
        },
        {
            "time": "18.01.2021 17:18",
            "open": "9.219",
            "high": "9.219",
            "low": "9.219",
            "close": "9.218"
        },
        {
            "time": "18.01.2021 17:19",
            "open": "9.218",
            "high": "9.218",
            "low": "9.218",
            "close": "9.223"
        },
        {
            "time": "18.01.2021 17:27",
            "open": "9.223",
            "high": "9.223",
            "low": "9.154",
            "close": "9.159"
        },
        {
            "time": "18.01.2021 17:28",
            "open": "9.159",
            "high": "9.159",
            "low": "9.153",
            "close": "9.153"
        },
        {
            "time": "18.01.2021 17:29",
            "open": "9.153",
            "high": "9.153",
            "low": "9.153",
            "close": "9.158"
        },
        {
            "time": "18.01.2021 17:31",
            "open": "9.158",
            "high": "9.158",
            "low": "9.158",
            "close": "9.138"
        },
        {
            "time": "18.01.2021 17:32",
            "open": "9.138",
            "high": "9.138",
            "low": "9.138",
            "close": "9.175"
        },
        {
            "time": "18.01.2021 17:36",
            "open": "9.175",
            "high": "9.175",
            "low": "9.155",
            "close": "9.167"
        },
        {
            "time": "18.01.2021 17:40",
            "open": "9.167",
            "high": "9.167",
            "low": "9.167",
            "close": "9.135"
        },
        {
            "time": "18.01.2021 17:44",
            "open": "9.135",
            "high": "9.152",
            "low": "9.135",
            "close": "9.122"
        },
        {
            "time": "18.01.2021 17:45",
            "open": "9.122",
            "high": "9.122",
            "low": "9.122",
            "close": "9.139"
        },
        {
            "time": "18.01.2021 17:51",
            "open": "9.139",
            "high": "9.139",
            "low": "9.119",
            "close": "9.154"
        },
        {
            "time": "18.01.2021 17:52",
            "open": "9.154",
            "high": "9.154",
            "low": "9.154",
            "close": "9.147"
        },
        {
            "time": "18.01.2021 17:54",
            "open": "9.147",
            "high": "9.147",
            "low": "9.147",
            "close": "9.125"
        },
        {
            "time": "18.01.2021 17:57",
            "open": "9.125",
            "high": "9.143",
            "low": "9.125",
            "close": "9.188"
        },
        {
            "time": "18.01.2021 18:03",
            "open": "9.188",
            "high": "9.224",
            "low": "9.188",
            "close": "9.181"
        },
        {
            "time": "18.01.2021 18:06",
            "open": "9.181",
            "high": "9.181",
            "low": "9.181",
            "close": "9.157"
        },
        {
            "time": "18.01.2021 18:09",
            "open": "9.157",
            "high": "9.157",
            "low": "9.157",
            "close": "9.158"
        },
        {
            "time": "18.01.2021 18:12",
            "open": "9.158",
            "high": "9.158",
            "low": "9.158",
            "close": "9.177"
        },
        {
            "time": "18.01.2021 18:13",
            "open": "9.177",
            "high": "9.177",
            "low": "9.177",
            "close": "9.129"
        },
        {
            "time": "18.01.2021 18:14",
            "open": "9.129",
            "high": "9.129",
            "low": "9.129",
            "close": "9.095"
        },
        {
            "time": "18.01.2021 18:20",
            "open": "9.095",
            "high": "9.095",
            "low": "9.09",
            "close": "9.09"
        },
        {
            "time": "18.01.2021 18:21",
            "open": "9.09",
            "high": "9.09",
            "low": "9.09",
            "close": "9.09"
        },
        {
            "time": "18.01.2021 18:22",
            "open": "9.09",
            "high": "9.09",
            "low": "9.089",
            "close": "9.089"
        },
        {
            "time": "18.01.2021 18:23",
            "open": "9.089",
            "high": "9.089",
            "low": "9.088",
            "close": "9.046"
        },
        {
            "time": "18.01.2021 18:29",
            "open": "9.046",
            "high": "9.046",
            "low": "9.046",
            "close": "9.035"
        },
        {
            "time": "18.01.2021 18:30",
            "open": "9.035",
            "high": "9.035",
            "low": "9.035",
            "close": "9.033"
        },
        {
            "time": "18.01.2021 18:33",
            "open": "9.033",
            "high": "9.033",
            "low": "9.016",
            "close": "9.036"
        },
        {
            "time": "18.01.2021 18:34",
            "open": "9.036",
            "high": "9.036",
            "low": "9.028",
            "close": "9.068"
        },
        {
            "time": "18.01.2021 18:36",
            "open": "9.068",
            "high": "9.068",
            "low": "9.068",
            "close": "9.003"
        },
        {
            "time": "18.01.2021 18:37",
            "open": "9.003",
            "high": "9.013",
            "low": "8.903",
            "close": "8.996"
        },
        {
            "time": "18.01.2021 18:38",
            "open": "8.996",
            "high": "8.996",
            "low": "8.996",
            "close": "8.961"
        },
        {
            "time": "18.01.2021 18:40",
            "open": "8.961",
            "high": "8.961",
            "low": "8.961",
            "close": "8.934"
        },
        {
            "time": "18.01.2021 18:42",
            "open": "8.934",
            "high": "8.934",
            "low": "8.934",
            "close": "8.947"
        },
        {
            "time": "18.01.2021 18:44",
            "open": "8.947",
            "high": "8.947",
            "low": "8.947",
            "close": "8.931"
        },
        {
            "time": "18.01.2021 18:46",
            "open": "8.931",
            "high": "8.931",
            "low": "8.931",
            "close": "8.979"
        },
        {
            "time": "18.01.2021 18:47",
            "open": "8.979",
            "high": "8.979",
            "low": "8.979",
            "close": "9.015"
        },
        {
            "time": "18.01.2021 18:50",
            "open": "9.015",
            "high": "9.015",
            "low": "9.01",
            "close": "9.038"
        },
        {
            "time": "18.01.2021 18:52",
            "open": "9.038",
            "high": "9.038",
            "low": "9.038",
            "close": "9.036"
        },
        {
            "time": "18.01.2021 18:55",
            "open": "9.036",
            "high": "9.038",
            "low": "9.036",
            "close": "9.029"
        },
        {
            "time": "18.01.2021 19:02",
            "open": "9.029",
            "high": "9.029",
            "low": "9.029",
            "close": "9.023"
        },
        {
            "time": "18.01.2021 19:03",
            "open": "9.023",
            "high": "9.023",
            "low": "9.023",
            "close": "9.013"
        },
        {
            "time": "18.01.2021 19:05",
            "open": "9.013",
            "high": "9.013",
            "low": "9.013",
            "close": "9.023"
        },
        {
            "time": "18.01.2021 19:12",
            "open": "9.023",
            "high": "9.023",
            "low": "9.023",
            "close": "9.01"
        },
        {
            "time": "18.01.2021 19:15",
            "open": "9.01",
            "high": "9.01",
            "low": "9.01",
            "close": "9.005"
        },
        {
            "time": "18.01.2021 19:16",
            "open": "9.005",
            "high": "9.005",
            "low": "9.005",
            "close": "8.928"
        },
        {
            "time": "18.01.2021 19:26",
            "open": "8.928",
            "high": "8.928",
            "low": "8.928",
            "close": "8.949"
        },
        {
            "time": "18.01.2021 19:27",
            "open": "8.949",
            "high": "8.989",
            "low": "8.933",
            "close": "8.961"
        },
        {
            "time": "18.01.2021 19:30",
            "open": "8.961",
            "high": "8.961",
            "low": "8.961",
            "close": "8.945"
        },
        {
            "time": "18.01.2021 19:34",
            "open": "8.945",
            "high": "8.953",
            "low": "8.887",
            "close": "8.961"
        },
        {
            "time": "18.01.2021 19:37",
            "open": "8.961",
            "high": "8.961",
            "low": "8.939",
            "close": "8.969"
        },
        {
            "time": "18.01.2021 19:44",
            "open": "8.969",
            "high": "8.969",
            "low": "8.964",
            "close": "8.965"
        },
        {
            "time": "18.01.2021 19:47",
            "open": "8.965",
            "high": "8.965",
            "low": "8.965",
            "close": "8.912"
        },
        {
            "time": "18.01.2021 19:51",
            "open": "8.912",
            "high": "8.912",
            "low": "8.85",
            "close": "8.926"
        },
        {
            "time": "18.01.2021 19:52",
            "open": "8.926",
            "high": "8.926",
            "low": "8.926",
            "close": "8.927"
        },
        {
            "time": "18.01.2021 19:56",
            "open": "8.927",
            "high": "8.927",
            "low": "8.927",
            "close": "8.944"
        },
        {
            "time": "18.01.2021 19:57",
            "open": "8.944",
            "high": "8.945",
            "low": "8.944",
            "close": "8.985"
        },
        {
            "time": "18.01.2021 19:58",
            "open": "8.985",
            "high": "8.985",
            "low": "8.985",
            "close": "8.985"
        },
        {
            "time": "18.01.2021 20:04",
            "open": "8.985",
            "high": "8.985",
            "low": "8.985",
            "close": "8.985"
        },
        {
            "time": "18.01.2021 20:05",
            "open": "8.985",
            "high": "8.985",
            "low": "8.985",
            "close": "8.974"
        },
        {
            "time": "18.01.2021 20:12",
            "open": "8.974",
            "high": "8.974",
            "low": "8.974",
            "close": "9.007"
        },
        {
            "time": "18.01.2021 20:13",
            "open": "9.007",
            "high": "9.007",
            "low": "9.007",
            "close": "8.996"
        },
        {
            "time": "18.01.2021 20:14",
            "open": "8.996",
            "high": "8.996",
            "low": "8.996",
            "close": "9.006"
        },
        {
            "time": "18.01.2021 20:30",
            "open": "9.006",
            "high": "9.006",
            "low": "9.006",
            "close": "9.009"
        },
        {
            "time": "18.01.2021 20:38",
            "open": "9.009",
            "high": "9.009",
            "low": "9.009",
            "close": "9.052"
        },
        {
            "time": "18.01.2021 20:42",
            "open": "9.052",
            "high": "9.087",
            "low": "9.052",
            "close": "9.078"
        },
        {
            "time": "18.01.2021 20:52",
            "open": "9.078",
            "high": "9.078",
            "low": "8.956",
            "close": "9.083"
        },
        {
            "time": "18.01.2021 20:56",
            "open": "9.083",
            "high": "9.083",
            "low": "9.083",
            "close": "9.081"
        },
        {
            "time": "18.01.2021 20:58",
            "open": "9.081",
            "high": "9.082",
            "low": "9.081",
            "close": "9.09"
        },
        {
            "time": "18.01.2021 21:04",
            "open": "9.09",
            "high": "9.09",
            "low": "9.09",
            "close": "9.111"
        },
        {
            "time": "18.01.2021 21:09",
            "open": "9.111",
            "high": "9.116",
            "low": "9.111",
            "close": "9.094"
        },
        {
            "time": "18.01.2021 21:10",
            "open": "9.094",
            "high": "9.094",
            "low": "9.093",
            "close": "9.086"
        },
        {
            "time": "18.01.2021 21:12",
            "open": "9.086",
            "high": "9.086",
            "low": "9.085",
            "close": "9.097"
        },
        {
            "time": "18.01.2021 21:13",
            "open": "9.097",
            "high": "9.097",
            "low": "9.096",
            "close": "9.057"
        },
        {
            "time": "18.01.2021 21:22",
            "open": "9.057",
            "high": "9.057",
            "low": "9.052",
            "close": "9.114"
        },
        {
            "time": "18.01.2021 21:23",
            "open": "9.114",
            "high": "9.116",
            "low": "9.107",
            "close": "9.106"
        },
        {
            "time": "18.01.2021 21:24",
            "open": "9.106",
            "high": "9.106",
            "low": "9.105",
            "close": "9.105"
        },
        {
            "time": "18.01.2021 21:29",
            "open": "9.105",
            "high": "9.105",
            "low": "9.104",
            "close": "9.105"
        },
        {
            "time": "18.01.2021 21:30",
            "open": "9.105",
            "high": "9.16",
            "low": "9.105",
            "close": "9.161"
        },
        {
            "time": "18.01.2021 21:31",
            "open": "9.161",
            "high": "9.161",
            "low": "9.161",
            "close": "9.165"
        },
        {
            "time": "18.01.2021 21:37",
            "open": "9.165",
            "high": "9.165",
            "low": "9.165",
            "close": "9.165"
        },
        {
            "time": "18.01.2021 21:42",
            "open": "9.165",
            "high": "9.165",
            "low": "9.165",
            "close": "9.085"
        },
        {
            "time": "18.01.2021 21:44",
            "open": "9.085",
            "high": "9.085",
            "low": "9.085",
            "close": "9.117"
        },
        {
            "time": "18.01.2021 21:46",
            "open": "9.117",
            "high": "9.117",
            "low": "9.117",
            "close": "9.139"
        },
        {
            "time": "18.01.2021 21:48",
            "open": "9.139",
            "high": "9.139",
            "low": "9.139",
            "close": "9.117"
        },
        {
            "time": "18.01.2021 21:59",
            "open": "9.117",
            "high": "9.12",
            "low": "9.117",
            "close": "9.149"
        },
        {
            "time": "18.01.2021 22:07",
            "open": "9.149",
            "high": "9.149",
            "low": "9.149",
            "close": "9.194"
        },
        {
            "time": "18.01.2021 22:08",
            "open": "9.194",
            "high": "9.194",
            "low": "9.194",
            "close": "9.131"
        },
        {
            "time": "18.01.2021 22:19",
            "open": "9.131",
            "high": "9.131",
            "low": "9.131",
            "close": "9.118"
        },
        {
            "time": "18.01.2021 22:22",
            "open": "9.118",
            "high": "9.118",
            "low": "9.118",
            "close": "9.1"
        },
        {
            "time": "18.01.2021 22:26",
            "open": "9.1",
            "high": "9.1",
            "low": "9.1",
            "close": "9.059"
        },
        {
            "time": "18.01.2021 22:31",
            "open": "9.059",
            "high": "9.059",
            "low": "9.059",
            "close": "9.124"
        },
        {
            "time": "18.01.2021 22:36",
            "open": "9.124",
            "high": "9.124",
            "low": "9.124",
            "close": "9.11"
        },
        {
            "time": "18.01.2021 22:44",
            "open": "9.11",
            "high": "9.11",
            "low": "9.11",
            "close": "9.08"
        },
        {
            "time": "18.01.2021 22:45",
            "open": "9.08",
            "high": "9.08",
            "low": "9.079",
            "close": "9.111"
        },
        {
            "time": "18.01.2021 22:49",
            "open": "9.111",
            "high": "9.111",
            "low": "9.111",
            "close": "9.146"
        },
        {
            "time": "18.01.2021 22:51",
            "open": "9.146",
            "high": "9.146",
            "low": "9.102",
            "close": "9.157"
        },
        {
            "time": "18.01.2021 22:58",
            "open": "9.157",
            "high": "9.157",
            "low": "9.157",
            "close": "9.151"
        },
        {
            "time": "18.01.2021 22:59",
            "open": "9.151",
            "high": "9.151",
            "low": "9.151",
            "close": "9.168"
        },
        {
            "time": "18.01.2021 23:01",
            "open": "9.168",
            "high": "9.177",
            "low": "9.168",
            "close": "9.165"
        },
        {
            "time": "18.01.2021 23:03",
            "open": "9.165",
            "high": "9.165",
            "low": "9.165",
            "close": "9.165"
        },
        {
            "time": "18.01.2021 23:05",
            "open": "9.165",
            "high": "9.177",
            "low": "9.165",
            "close": "9.178"
        },
        {
            "time": "18.01.2021 23:11",
            "open": "9.178",
            "high": "9.178",
            "low": "9.178",
            "close": "9.178"
        },
        {
            "time": "18.01.2021 23:13",
            "open": "9.178",
            "high": "9.178",
            "low": "9.178",
            "close": "9.178"
        },
        {
            "time": "18.01.2021 23:14",
            "open": "9.178",
            "high": "9.219",
            "low": "9.178",
            "close": "9.156"
        },
        {
            "time": "18.01.2021 23:20",
            "open": "9.156",
            "high": "9.156",
            "low": "9.156",
            "close": "9.15"
        },
        {
            "time": "18.01.2021 23:28",
            "open": "9.15",
            "high": "9.15",
            "low": "9.15",
            "close": "9.143"
        },
        {
            "time": "18.01.2021 23:33",
            "open": "9.143",
            "high": "9.143",
            "low": "9.143",
            "close": "9.128"
        },
        {
            "time": "18.01.2021 23:34",
            "open": "9.128",
            "high": "9.139",
            "low": "9.018",
            "close": "9.09"
        }
    ]
}