{
    "UMA-EUR": [
        {
            "time": "14.11.2020 23:59",
            "open": "6.913",
            "high": "6.913",
            "low": "6.913",
            "close": "6.924"
        },
        {
            "time": "15.11.2020 00:05",
            "open": "6.924",
            "high": "6.924",
            "low": "6.924",
            "close": "6.922"
        },
        {
            "time": "15.11.2020 00:38",
            "open": "6.922",
            "high": "6.922",
            "low": "6.922",
            "close": "6.924"
        },
        {
            "time": "15.11.2020 00:47",
            "open": "6.924",
            "high": "6.924",
            "low": "6.924",
            "close": "6.922"
        },
        {
            "time": "15.11.2020 01:00",
            "open": "6.922",
            "high": "6.922",
            "low": "6.922",
            "close": "6.924"
        },
        {
            "time": "15.11.2020 01:02",
            "open": "6.924",
            "high": "6.924",
            "low": "6.924",
            "close": "6.926"
        },
        {
            "time": "15.11.2020 01:06",
            "open": "6.926",
            "high": "6.933",
            "low": "6.926",
            "close": "6.919"
        },
        {
            "time": "15.11.2020 01:59",
            "open": "6.919",
            "high": "6.919",
            "low": "6.919",
            "close": "6.912"
        },
        {
            "time": "15.11.2020 02:13",
            "open": "6.912",
            "high": "6.912",
            "low": "6.87",
            "close": "6.919"
        },
        {
            "time": "15.11.2020 02:22",
            "open": "6.919",
            "high": "6.919",
            "low": "6.919",
            "close": "6.896"
        },
        {
            "time": "15.11.2020 03:07",
            "open": "6.896",
            "high": "6.896",
            "low": "6.896",
            "close": "6.892"
        },
        {
            "time": "15.11.2020 03:13",
            "open": "6.892",
            "high": "6.892",
            "low": "6.892",
            "close": "6.883"
        },
        {
            "time": "15.11.2020 03:21",
            "open": "6.883",
            "high": "6.883",
            "low": "6.883",
            "close": "6.883"
        },
        {
            "time": "15.11.2020 03:52",
            "open": "6.883",
            "high": "6.883",
            "low": "6.883",
            "close": "6.83"
        },
        {
            "time": "15.11.2020 04:05",
            "open": "6.83",
            "high": "6.83",
            "low": "6.83",
            "close": "6.804"
        },
        {
            "time": "15.11.2020 04:30",
            "open": "6.804",
            "high": "6.804",
            "low": "6.804",
            "close": "6.778"
        },
        {
            "time": "15.11.2020 04:55",
            "open": "6.778",
            "high": "6.778",
            "low": "6.778",
            "close": "6.759"
        },
        {
            "time": "15.11.2020 04:56",
            "open": "6.759",
            "high": "6.759",
            "low": "6.752",
            "close": "6.732"
        },
        {
            "time": "15.11.2020 05:10",
            "open": "6.732",
            "high": "6.732",
            "low": "6.732",
            "close": "6.744"
        },
        {
            "time": "15.11.2020 06:21",
            "open": "6.744",
            "high": "6.744",
            "low": "6.744",
            "close": "6.744"
        },
        {
            "time": "15.11.2020 06:25",
            "open": "6.744",
            "high": "6.744",
            "low": "6.744",
            "close": "6.83"
        },
        {
            "time": "15.11.2020 07:27",
            "open": "6.83",
            "high": "6.831",
            "low": "6.83",
            "close": "6.846"
        },
        {
            "time": "15.11.2020 07:38",
            "open": "6.846",
            "high": "6.846",
            "low": "6.846",
            "close": "6.804"
        },
        {
            "time": "15.11.2020 08:48",
            "open": "6.804",
            "high": "6.804",
            "low": "6.804",
            "close": "6.831"
        },
        {
            "time": "15.11.2020 09:07",
            "open": "6.831",
            "high": "6.831",
            "low": "6.831",
            "close": "6.857"
        },
        {
            "time": "15.11.2020 09:16",
            "open": "6.857",
            "high": "6.864",
            "low": "6.857",
            "close": "6.856"
        },
        {
            "time": "15.11.2020 09:20",
            "open": "6.856",
            "high": "6.856",
            "low": "6.856",
            "close": "6.873"
        },
        {
            "time": "15.11.2020 09:29",
            "open": "6.873",
            "high": "6.873",
            "low": "6.873",
            "close": "6.881"
        },
        {
            "time": "15.11.2020 09:31",
            "open": "6.881",
            "high": "6.881",
            "low": "6.881",
            "close": "6.899"
        },
        {
            "time": "15.11.2020 09:32",
            "open": "6.899",
            "high": "6.899",
            "low": "6.899",
            "close": "6.899"
        },
        {
            "time": "15.11.2020 09:36",
            "open": "6.899",
            "high": "6.899",
            "low": "6.899",
            "close": "6.9"
        },
        {
            "time": "15.11.2020 09:37",
            "open": "6.9",
            "high": "6.9",
            "low": "6.9",
            "close": "6.913"
        },
        {
            "time": "15.11.2020 09:41",
            "open": "6.913",
            "high": "6.918",
            "low": "6.913",
            "close": "6.926"
        },
        {
            "time": "15.11.2020 09:42",
            "open": "6.926",
            "high": "6.96",
            "low": "6.926",
            "close": "6.972"
        },
        {
            "time": "15.11.2020 09:46",
            "open": "6.972",
            "high": "6.972",
            "low": "6.972",
            "close": "6.957"
        },
        {
            "time": "15.11.2020 09:49",
            "open": "6.957",
            "high": "6.962",
            "low": "6.957",
            "close": "6.973"
        },
        {
            "time": "15.11.2020 09:55",
            "open": "6.973",
            "high": "6.973",
            "low": "6.973",
            "close": "6.975"
        },
        {
            "time": "15.11.2020 10:00",
            "open": "6.975",
            "high": "6.994",
            "low": "6.975",
            "close": "6.985"
        },
        {
            "time": "15.11.2020 10:06",
            "open": "6.985",
            "high": "6.985",
            "low": "6.984",
            "close": "6.984"
        },
        {
            "time": "15.11.2020 10:07",
            "open": "6.984",
            "high": "6.984",
            "low": "6.984",
            "close": "6.984"
        },
        {
            "time": "15.11.2020 10:15",
            "open": "6.984",
            "high": "6.984",
            "low": "6.984",
            "close": "6.984"
        },
        {
            "time": "15.11.2020 10:33",
            "open": "6.984",
            "high": "6.984",
            "low": "6.984",
            "close": "6.99"
        },
        {
            "time": "15.11.2020 10:39",
            "open": "6.99",
            "high": "6.994",
            "low": "6.99",
            "close": "6.999"
        },
        {
            "time": "15.11.2020 10:40",
            "open": "6.999",
            "high": "7",
            "low": "6.999",
            "close": "7.004"
        },
        {
            "time": "15.11.2020 10:41",
            "open": "7.004",
            "high": "7.005",
            "low": "7.004",
            "close": "7.025"
        },
        {
            "time": "15.11.2020 10:45",
            "open": "7.025",
            "high": "7.025",
            "low": "6.991",
            "close": "7.015"
        },
        {
            "time": "15.11.2020 10:53",
            "open": "7.015",
            "high": "7.015",
            "low": "7.014",
            "close": "7.002"
        },
        {
            "time": "15.11.2020 10:54",
            "open": "7.002",
            "high": "7.002",
            "low": "7.002",
            "close": "7.025"
        },
        {
            "time": "15.11.2020 11:00",
            "open": "7.025",
            "high": "7.025",
            "low": "7.025",
            "close": "7.03"
        },
        {
            "time": "15.11.2020 11:01",
            "open": "7.03",
            "high": "7.03",
            "low": "7.03",
            "close": "7.031"
        },
        {
            "time": "15.11.2020 11:02",
            "open": "7.031",
            "high": "7.031",
            "low": "7.031",
            "close": "7.032"
        },
        {
            "time": "15.11.2020 11:03",
            "open": "7.032",
            "high": "7.04",
            "low": "7.032",
            "close": "7.059"
        },
        {
            "time": "15.11.2020 11:05",
            "open": "7.059",
            "high": "7.077",
            "low": "7.059",
            "close": "7.052"
        },
        {
            "time": "15.11.2020 11:09",
            "open": "7.052",
            "high": "7.052",
            "low": "7.052",
            "close": "7.057"
        },
        {
            "time": "15.11.2020 11:10",
            "open": "7.057",
            "high": "7.057",
            "low": "7.057",
            "close": "7.044"
        },
        {
            "time": "15.11.2020 11:11",
            "open": "7.044",
            "high": "7.044",
            "low": "7.008",
            "close": "7.007"
        },
        {
            "time": "15.11.2020 11:27",
            "open": "7.007",
            "high": "7.007",
            "low": "7.007",
            "close": "7.006"
        },
        {
            "time": "15.11.2020 11:33",
            "open": "7.006",
            "high": "7.006",
            "low": "7.006",
            "close": "7.007"
        },
        {
            "time": "15.11.2020 11:40",
            "open": "7.007",
            "high": "7.007",
            "low": "7.007",
            "close": "7.023"
        },
        {
            "time": "15.11.2020 11:41",
            "open": "7.023",
            "high": "7.035",
            "low": "7.023",
            "close": "7.042"
        },
        {
            "time": "15.11.2020 11:58",
            "open": "7.042",
            "high": "7.042",
            "low": "7.042",
            "close": "7.013"
        },
        {
            "time": "15.11.2020 12:00",
            "open": "7.013",
            "high": "7.013",
            "low": "7.008",
            "close": "7.032"
        },
        {
            "time": "15.11.2020 12:02",
            "open": "7.032",
            "high": "7.032",
            "low": "7.032",
            "close": "7.019"
        },
        {
            "time": "15.11.2020 12:05",
            "open": "7.019",
            "high": "7.019",
            "low": "7.019",
            "close": "7.051"
        },
        {
            "time": "15.11.2020 12:13",
            "open": "7.051",
            "high": "7.051",
            "low": "7.051",
            "close": "7.054"
        },
        {
            "time": "15.11.2020 12:26",
            "open": "7.054",
            "high": "7.054",
            "low": "7.054",
            "close": "7.033"
        },
        {
            "time": "15.11.2020 12:40",
            "open": "7.033",
            "high": "7.033",
            "low": "7.033",
            "close": "7.036"
        },
        {
            "time": "15.11.2020 12:41",
            "open": "7.036",
            "high": "7.036",
            "low": "7.036",
            "close": "7.036"
        },
        {
            "time": "15.11.2020 12:50",
            "open": "7.036",
            "high": "7.036",
            "low": "7.036",
            "close": "7.057"
        },
        {
            "time": "15.11.2020 12:53",
            "open": "7.057",
            "high": "7.088",
            "low": "7.057",
            "close": "7.09"
        },
        {
            "time": "15.11.2020 12:54",
            "open": "7.09",
            "high": "7.132",
            "low": "7.09",
            "close": "7.126"
        },
        {
            "time": "15.11.2020 12:56",
            "open": "7.126",
            "high": "7.126",
            "low": "7.126",
            "close": "7.126"
        },
        {
            "time": "15.11.2020 12:57",
            "open": "7.126",
            "high": "7.126",
            "low": "7.126",
            "close": "7.085"
        },
        {
            "time": "15.11.2020 13:00",
            "open": "7.085",
            "high": "7.085",
            "low": "7.016",
            "close": "7.053"
        },
        {
            "time": "15.11.2020 13:01",
            "open": "7.053",
            "high": "7.053",
            "low": "6.99",
            "close": "7.052"
        },
        {
            "time": "15.11.2020 13:02",
            "open": "7.052",
            "high": "7.052",
            "low": "7.052",
            "close": "7.024"
        },
        {
            "time": "15.11.2020 13:07",
            "open": "7.024",
            "high": "7.024",
            "low": "7.024",
            "close": "7.027"
        },
        {
            "time": "15.11.2020 13:08",
            "open": "7.027",
            "high": "7.027",
            "low": "7.027",
            "close": "7.03"
        },
        {
            "time": "15.11.2020 13:11",
            "open": "7.03",
            "high": "7.031",
            "low": "7.03",
            "close": "7.056"
        },
        {
            "time": "15.11.2020 13:12",
            "open": "7.056",
            "high": "7.056",
            "low": "7.056",
            "close": "7.059"
        },
        {
            "time": "15.11.2020 13:23",
            "open": "7.059",
            "high": "7.059",
            "low": "7.059",
            "close": "7.038"
        },
        {
            "time": "15.11.2020 13:24",
            "open": "7.038",
            "high": "7.038",
            "low": "7.038",
            "close": "7.061"
        },
        {
            "time": "15.11.2020 13:37",
            "open": "7.061",
            "high": "7.061",
            "low": "7.06",
            "close": "7.102"
        },
        {
            "time": "15.11.2020 13:45",
            "open": "7.102",
            "high": "7.109",
            "low": "7.102",
            "close": "7.114"
        },
        {
            "time": "15.11.2020 13:47",
            "open": "7.114",
            "high": "7.151",
            "low": "7.114",
            "close": "7.16"
        },
        {
            "time": "15.11.2020 13:48",
            "open": "7.16",
            "high": "7.16",
            "low": "7.16",
            "close": "7.16"
        },
        {
            "time": "15.11.2020 13:49",
            "open": "7.16",
            "high": "7.233",
            "low": "7.16",
            "close": "7.24"
        },
        {
            "time": "15.11.2020 13:50",
            "open": "7.24",
            "high": "7.266",
            "low": "7.2",
            "close": "7.27"
        },
        {
            "time": "15.11.2020 13:51",
            "open": "7.27",
            "high": "7.284",
            "low": "7.27",
            "close": "7.285"
        },
        {
            "time": "15.11.2020 13:52",
            "open": "7.285",
            "high": "7.289",
            "low": "7.274",
            "close": "7.289"
        },
        {
            "time": "15.11.2020 13:53",
            "open": "7.289",
            "high": "7.289",
            "low": "7.202",
            "close": "7.217"
        },
        {
            "time": "15.11.2020 13:54",
            "open": "7.217",
            "high": "7.217",
            "low": "7.217",
            "close": "7.2"
        },
        {
            "time": "15.11.2020 13:56",
            "open": "7.2",
            "high": "7.2",
            "low": "7.2",
            "close": "7.2"
        },
        {
            "time": "15.11.2020 13:57",
            "open": "7.2",
            "high": "7.2",
            "low": "7.2",
            "close": "7.179"
        },
        {
            "time": "15.11.2020 13:58",
            "open": "7.179",
            "high": "7.179",
            "low": "7.179",
            "close": "7.178"
        },
        {
            "time": "15.11.2020 13:59",
            "open": "7.178",
            "high": "7.178",
            "low": "7.151",
            "close": "7.137"
        },
        {
            "time": "15.11.2020 14:00",
            "open": "7.137",
            "high": "7.156",
            "low": "7.137",
            "close": "7.15"
        },
        {
            "time": "15.11.2020 14:01",
            "open": "7.15",
            "high": "7.15",
            "low": "7.15",
            "close": "7.165"
        },
        {
            "time": "15.11.2020 14:05",
            "open": "7.165",
            "high": "7.188",
            "low": "7.165",
            "close": "7.193"
        },
        {
            "time": "15.11.2020 14:06",
            "open": "7.193",
            "high": "7.193",
            "low": "7.193",
            "close": "7.197"
        },
        {
            "time": "15.11.2020 14:07",
            "open": "7.197",
            "high": "7.2",
            "low": "7.197",
            "close": "7.2"
        },
        {
            "time": "15.11.2020 14:08",
            "open": "7.2",
            "high": "7.2",
            "low": "7.2",
            "close": "7.2"
        },
        {
            "time": "15.11.2020 14:10",
            "open": "7.2",
            "high": "7.2",
            "low": "7.2",
            "close": "7.2"
        },
        {
            "time": "15.11.2020 14:11",
            "open": "7.2",
            "high": "7.2",
            "low": "7.2",
            "close": "7.193"
        },
        {
            "time": "15.11.2020 14:12",
            "open": "7.193",
            "high": "7.236",
            "low": "7.193",
            "close": "7.248"
        },
        {
            "time": "15.11.2020 14:13",
            "open": "7.248",
            "high": "7.248",
            "low": "7.248",
            "close": "7.25"
        },
        {
            "time": "15.11.2020 14:16",
            "open": "7.25",
            "high": "7.25",
            "low": "7.211",
            "close": "7.247"
        },
        {
            "time": "15.11.2020 14:18",
            "open": "7.247",
            "high": "7.253",
            "low": "7.247",
            "close": "7.25"
        },
        {
            "time": "15.11.2020 14:21",
            "open": "7.25",
            "high": "7.251",
            "low": "7.25",
            "close": "7.262"
        },
        {
            "time": "15.11.2020 14:22",
            "open": "7.262",
            "high": "7.265",
            "low": "7.262",
            "close": "7.27"
        },
        {
            "time": "15.11.2020 14:25",
            "open": "7.27",
            "high": "7.271",
            "low": "7.225",
            "close": "7.222"
        },
        {
            "time": "15.11.2020 14:27",
            "open": "7.222",
            "high": "7.222",
            "low": "7.221",
            "close": "7.208"
        },
        {
            "time": "15.11.2020 14:28",
            "open": "7.208",
            "high": "7.208",
            "low": "7.208",
            "close": "7.249"
        },
        {
            "time": "15.11.2020 14:29",
            "open": "7.249",
            "high": "7.271",
            "low": "7.249",
            "close": "7.269"
        },
        {
            "time": "15.11.2020 14:34",
            "open": "7.269",
            "high": "7.269",
            "low": "7.269",
            "close": "7.226"
        },
        {
            "time": "15.11.2020 14:35",
            "open": "7.226",
            "high": "7.226",
            "low": "7.225",
            "close": "7.225"
        },
        {
            "time": "15.11.2020 14:36",
            "open": "7.225",
            "high": "7.232",
            "low": "7.225",
            "close": "7.266"
        },
        {
            "time": "15.11.2020 14:37",
            "open": "7.266",
            "high": "7.266",
            "low": "7.266",
            "close": "7.266"
        },
        {
            "time": "15.11.2020 14:38",
            "open": "7.266",
            "high": "7.289",
            "low": "7.266",
            "close": "7.284"
        },
        {
            "time": "15.11.2020 14:39",
            "open": "7.284",
            "high": "7.286",
            "low": "7.243",
            "close": "7.278"
        },
        {
            "time": "15.11.2020 14:40",
            "open": "7.278",
            "high": "7.278",
            "low": "7.278",
            "close": "7.246"
        },
        {
            "time": "15.11.2020 14:48",
            "open": "7.246",
            "high": "7.246",
            "low": "7.246",
            "close": "7.281"
        },
        {
            "time": "15.11.2020 14:49",
            "open": "7.281",
            "high": "7.281",
            "low": "7.281",
            "close": "7.248"
        },
        {
            "time": "15.11.2020 14:50",
            "open": "7.248",
            "high": "7.248",
            "low": "7.248",
            "close": "7.255"
        },
        {
            "time": "15.11.2020 14:54",
            "open": "7.255",
            "high": "7.287",
            "low": "7.254",
            "close": "7.283"
        },
        {
            "time": "15.11.2020 14:57",
            "open": "7.283",
            "high": "7.283",
            "low": "7.283",
            "close": "7.259"
        },
        {
            "time": "15.11.2020 15:01",
            "open": "7.259",
            "high": "7.259",
            "low": "7.259",
            "close": "7.23"
        },
        {
            "time": "15.11.2020 15:05",
            "open": "7.23",
            "high": "7.23",
            "low": "7.229",
            "close": "7.211"
        },
        {
            "time": "15.11.2020 15:11",
            "open": "7.211",
            "high": "7.263",
            "low": "7.211",
            "close": "7.2"
        },
        {
            "time": "15.11.2020 15:13",
            "open": "7.2",
            "high": "7.2",
            "low": "7.133",
            "close": "7.15"
        },
        {
            "time": "15.11.2020 15:16",
            "open": "7.15",
            "high": "7.15",
            "low": "7.15",
            "close": "7.124"
        },
        {
            "time": "15.11.2020 15:22",
            "open": "7.124",
            "high": "7.124",
            "low": "7.101",
            "close": "7.11"
        },
        {
            "time": "15.11.2020 15:25",
            "open": "7.11",
            "high": "7.11",
            "low": "7.11",
            "close": "7.134"
        },
        {
            "time": "15.11.2020 15:28",
            "open": "7.134",
            "high": "7.134",
            "low": "7.134",
            "close": "7.129"
        },
        {
            "time": "15.11.2020 15:38",
            "open": "7.129",
            "high": "7.129",
            "low": "7.129",
            "close": "7.101"
        },
        {
            "time": "15.11.2020 15:41",
            "open": "7.101",
            "high": "7.101",
            "low": "7.1",
            "close": "7.101"
        },
        {
            "time": "15.11.2020 15:44",
            "open": "7.101",
            "high": "7.101",
            "low": "7.101",
            "close": "7.133"
        },
        {
            "time": "15.11.2020 15:50",
            "open": "7.133",
            "high": "7.133",
            "low": "7.133",
            "close": "7.137"
        },
        {
            "time": "15.11.2020 16:02",
            "open": "7.137",
            "high": "7.137",
            "low": "7.136",
            "close": "7.137"
        },
        {
            "time": "15.11.2020 16:11",
            "open": "7.137",
            "high": "7.137",
            "low": "7.137",
            "close": "7.163"
        },
        {
            "time": "15.11.2020 16:18",
            "open": "7.163",
            "high": "7.163",
            "low": "7.163",
            "close": "7.163"
        },
        {
            "time": "15.11.2020 16:23",
            "open": "7.163",
            "high": "7.163",
            "low": "7.163",
            "close": "7.218"
        },
        {
            "time": "15.11.2020 16:36",
            "open": "7.218",
            "high": "7.219",
            "low": "7.218",
            "close": "7.216"
        },
        {
            "time": "15.11.2020 16:37",
            "open": "7.216",
            "high": "7.216",
            "low": "7.216",
            "close": "7.19"
        },
        {
            "time": "15.11.2020 16:41",
            "open": "7.19",
            "high": "7.19",
            "low": "7.169",
            "close": "7.1"
        },
        {
            "time": "15.11.2020 16:42",
            "open": "7.1",
            "high": "7.1",
            "low": "7.045",
            "close": "7.043"
        },
        {
            "time": "15.11.2020 16:43",
            "open": "7.043",
            "high": "7.043",
            "low": "7.039",
            "close": "7.09"
        },
        {
            "time": "15.11.2020 16:45",
            "open": "7.09",
            "high": "7.09",
            "low": "7.085",
            "close": "7.043"
        },
        {
            "time": "15.11.2020 16:46",
            "open": "7.043",
            "high": "7.079",
            "low": "7.043",
            "close": "7.06"
        },
        {
            "time": "15.11.2020 16:57",
            "open": "7.06",
            "high": "7.06",
            "low": "7.043",
            "close": "7.094"
        },
        {
            "time": "15.11.2020 17:05",
            "open": "7.094",
            "high": "7.095",
            "low": "7.094",
            "close": "7.142"
        },
        {
            "time": "15.11.2020 17:11",
            "open": "7.142",
            "high": "7.423",
            "low": "7.142",
            "close": "7.351"
        },
        {
            "time": "15.11.2020 17:12",
            "open": "7.351",
            "high": "7.352",
            "low": "7.318",
            "close": "7.318"
        },
        {
            "time": "15.11.2020 17:13",
            "open": "7.318",
            "high": "7.318",
            "low": "7.247",
            "close": "7.304"
        },
        {
            "time": "15.11.2020 17:14",
            "open": "7.304",
            "high": "7.307",
            "low": "7.287",
            "close": "7.303"
        },
        {
            "time": "15.11.2020 17:15",
            "open": "7.303",
            "high": "7.315",
            "low": "7.303",
            "close": "7.354"
        },
        {
            "time": "15.11.2020 17:16",
            "open": "7.354",
            "high": "7.354",
            "low": "7.298",
            "close": "7.328"
        },
        {
            "time": "15.11.2020 17:18",
            "open": "7.328",
            "high": "7.328",
            "low": "7.328",
            "close": "7.258"
        },
        {
            "time": "15.11.2020 17:19",
            "open": "7.258",
            "high": "7.26",
            "low": "7.258",
            "close": "7.318"
        },
        {
            "time": "15.11.2020 17:20",
            "open": "7.318",
            "high": "7.318",
            "low": "7.318",
            "close": "7.287"
        },
        {
            "time": "15.11.2020 17:22",
            "open": "7.287",
            "high": "7.287",
            "low": "7.287",
            "close": "7.25"
        },
        {
            "time": "15.11.2020 17:23",
            "open": "7.25",
            "high": "7.322",
            "low": "7.25",
            "close": "7.234"
        },
        {
            "time": "15.11.2020 17:27",
            "open": "7.234",
            "high": "7.234",
            "low": "7.231",
            "close": "7.24"
        },
        {
            "time": "15.11.2020 17:32",
            "open": "7.24",
            "high": "7.267",
            "low": "7.222",
            "close": "7.222"
        },
        {
            "time": "15.11.2020 17:33",
            "open": "7.222",
            "high": "7.222",
            "low": "7.206",
            "close": "7.227"
        },
        {
            "time": "15.11.2020 17:38",
            "open": "7.227",
            "high": "7.228",
            "low": "7.227",
            "close": "7.212"
        },
        {
            "time": "15.11.2020 17:40",
            "open": "7.212",
            "high": "7.227",
            "low": "7.193",
            "close": "7.253"
        },
        {
            "time": "15.11.2020 17:44",
            "open": "7.253",
            "high": "7.253",
            "low": "7.223",
            "close": "7.239"
        },
        {
            "time": "15.11.2020 17:45",
            "open": "7.239",
            "high": "7.239",
            "low": "7.239",
            "close": "7.223"
        },
        {
            "time": "15.11.2020 17:51",
            "open": "7.223",
            "high": "7.223",
            "low": "7.219",
            "close": "7.29"
        },
        {
            "time": "15.11.2020 17:53",
            "open": "7.29",
            "high": "7.29",
            "low": "7.29",
            "close": "7.232"
        },
        {
            "time": "15.11.2020 17:59",
            "open": "7.232",
            "high": "7.232",
            "low": "7.232",
            "close": "7.27"
        },
        {
            "time": "15.11.2020 18:00",
            "open": "7.27",
            "high": "7.27",
            "low": "7.27",
            "close": "7.232"
        },
        {
            "time": "15.11.2020 18:12",
            "open": "7.232",
            "high": "7.232",
            "low": "7.232",
            "close": "7.187"
        },
        {
            "time": "15.11.2020 18:18",
            "open": "7.187",
            "high": "7.225",
            "low": "7.187",
            "close": "7.18"
        },
        {
            "time": "15.11.2020 18:22",
            "open": "7.18",
            "high": "7.18",
            "low": "7.177",
            "close": "7.164"
        },
        {
            "time": "15.11.2020 18:33",
            "open": "7.164",
            "high": "7.164",
            "low": "7.164",
            "close": "7.163"
        },
        {
            "time": "15.11.2020 18:37",
            "open": "7.163",
            "high": "7.163",
            "low": "7.134",
            "close": "7.133"
        },
        {
            "time": "15.11.2020 18:38",
            "open": "7.133",
            "high": "7.133",
            "low": "7.083",
            "close": "7.087"
        },
        {
            "time": "15.11.2020 18:39",
            "open": "7.087",
            "high": "7.091",
            "low": "7.071",
            "close": "7.071"
        },
        {
            "time": "15.11.2020 18:40",
            "open": "7.071",
            "high": "7.076",
            "low": "7.071",
            "close": "7.095"
        },
        {
            "time": "15.11.2020 18:42",
            "open": "7.095",
            "high": "7.095",
            "low": "7.095",
            "close": "7.084"
        },
        {
            "time": "15.11.2020 18:43",
            "open": "7.084",
            "high": "7.084",
            "low": "7.046",
            "close": "7.079"
        },
        {
            "time": "15.11.2020 18:48",
            "open": "7.079",
            "high": "7.079",
            "low": "7.079",
            "close": "7.045"
        },
        {
            "time": "15.11.2020 18:52",
            "open": "7.045",
            "high": "7.074",
            "low": "7.043",
            "close": "7.044"
        },
        {
            "time": "15.11.2020 18:53",
            "open": "7.044",
            "high": "7.044",
            "low": "7.044",
            "close": "7.043"
        },
        {
            "time": "15.11.2020 18:55",
            "open": "7.043",
            "high": "7.043",
            "low": "7.043",
            "close": "7.06"
        },
        {
            "time": "15.11.2020 19:01",
            "open": "7.06",
            "high": "7.06",
            "low": "7.06",
            "close": "7.083"
        },
        {
            "time": "15.11.2020 19:02",
            "open": "7.083",
            "high": "7.084",
            "low": "7.083",
            "close": "7.064"
        },
        {
            "time": "15.11.2020 19:03",
            "open": "7.064",
            "high": "7.064",
            "low": "7.064",
            "close": "7.071"
        },
        {
            "time": "15.11.2020 19:06",
            "open": "7.071",
            "high": "7.113",
            "low": "7.071",
            "close": "7.051"
        },
        {
            "time": "15.11.2020 19:08",
            "open": "7.051",
            "high": "7.051",
            "low": "7.051",
            "close": "7.031"
        },
        {
            "time": "15.11.2020 19:09",
            "open": "7.031",
            "high": "7.031",
            "low": "7.013",
            "close": "7.031"
        },
        {
            "time": "15.11.2020 19:11",
            "open": "7.031",
            "high": "7.035",
            "low": "7.03",
            "close": "7.01"
        },
        {
            "time": "15.11.2020 19:12",
            "open": "7.01",
            "high": "7.01",
            "low": "7.01",
            "close": "7.01"
        },
        {
            "time": "15.11.2020 19:13",
            "open": "7.01",
            "high": "7.01",
            "low": "7.01",
            "close": "7.011"
        },
        {
            "time": "15.11.2020 19:15",
            "open": "7.011",
            "high": "7.011",
            "low": "7.011",
            "close": "7.01"
        },
        {
            "time": "15.11.2020 19:17",
            "open": "7.01",
            "high": "7.01",
            "low": "7.01",
            "close": "7.01"
        },
        {
            "time": "15.11.2020 19:19",
            "open": "7.01",
            "high": "7.01",
            "low": "7.01",
            "close": "7.01"
        },
        {
            "time": "15.11.2020 19:20",
            "open": "7.01",
            "high": "7.019",
            "low": "7.01",
            "close": "7.015"
        },
        {
            "time": "15.11.2020 19:21",
            "open": "7.015",
            "high": "7.015",
            "low": "7.015",
            "close": "7.037"
        },
        {
            "time": "15.11.2020 19:22",
            "open": "7.037",
            "high": "7.037",
            "low": "7.037",
            "close": "7.028"
        },
        {
            "time": "15.11.2020 19:23",
            "open": "7.028",
            "high": "7.028",
            "low": "7.028",
            "close": "7.026"
        },
        {
            "time": "15.11.2020 19:24",
            "open": "7.026",
            "high": "7.027",
            "low": "7.026",
            "close": "7.01"
        },
        {
            "time": "15.11.2020 19:25",
            "open": "7.01",
            "high": "7.01",
            "low": "7.01",
            "close": "7.017"
        },
        {
            "time": "15.11.2020 19:27",
            "open": "7.017",
            "high": "7.017",
            "low": "7.017",
            "close": "7.015"
        },
        {
            "time": "15.11.2020 19:28",
            "open": "7.015",
            "high": "7.023",
            "low": "7.015",
            "close": "7.02"
        },
        {
            "time": "15.11.2020 19:37",
            "open": "7.02",
            "high": "7.02",
            "low": "7.02",
            "close": "7.02"
        },
        {
            "time": "15.11.2020 19:38",
            "open": "7.02",
            "high": "7.02",
            "low": "7.02",
            "close": "7.019"
        },
        {
            "time": "15.11.2020 19:45",
            "open": "7.019",
            "high": "7.019",
            "low": "7.019",
            "close": "7.02"
        },
        {
            "time": "15.11.2020 19:47",
            "open": "7.02",
            "high": "7.02",
            "low": "7.02",
            "close": "7.02"
        },
        {
            "time": "15.11.2020 19:49",
            "open": "7.02",
            "high": "7.021",
            "low": "7.02",
            "close": "7.021"
        },
        {
            "time": "15.11.2020 19:50",
            "open": "7.021",
            "high": "7.021",
            "low": "7.021",
            "close": "7.021"
        },
        {
            "time": "15.11.2020 19:51",
            "open": "7.021",
            "high": "7.023",
            "low": "7.021",
            "close": "7.059"
        },
        {
            "time": "15.11.2020 19:52",
            "open": "7.059",
            "high": "7.059",
            "low": "7.059",
            "close": "7.057"
        },
        {
            "time": "15.11.2020 19:55",
            "open": "7.057",
            "high": "7.057",
            "low": "7.057",
            "close": "7.072"
        },
        {
            "time": "15.11.2020 20:02",
            "open": "7.072",
            "high": "7.073",
            "low": "7.072",
            "close": "7.085"
        },
        {
            "time": "15.11.2020 20:16",
            "open": "7.085",
            "high": "7.085",
            "low": "7.085",
            "close": "7.081"
        },
        {
            "time": "15.11.2020 20:24",
            "open": "7.081",
            "high": "7.081",
            "low": "7.081",
            "close": "7.081"
        },
        {
            "time": "15.11.2020 20:25",
            "open": "7.081",
            "high": "7.081",
            "low": "7.081",
            "close": "7.08"
        },
        {
            "time": "15.11.2020 20:27",
            "open": "7.08",
            "high": "7.081",
            "low": "7.08",
            "close": "7.089"
        },
        {
            "time": "15.11.2020 20:28",
            "open": "7.089",
            "high": "7.089",
            "low": "7.068",
            "close": "7.065"
        },
        {
            "time": "15.11.2020 20:30",
            "open": "7.065",
            "high": "7.065",
            "low": "7.065",
            "close": "7.062"
        },
        {
            "time": "15.11.2020 20:33",
            "open": "7.062",
            "high": "7.062",
            "low": "7.062",
            "close": "7.087"
        },
        {
            "time": "15.11.2020 20:40",
            "open": "7.087",
            "high": "7.087",
            "low": "7.087",
            "close": "7.114"
        },
        {
            "time": "15.11.2020 20:44",
            "open": "7.114",
            "high": "7.131",
            "low": "7.114",
            "close": "7.105"
        },
        {
            "time": "15.11.2020 20:45",
            "open": "7.105",
            "high": "7.132",
            "low": "7.105",
            "close": "7.129"
        },
        {
            "time": "15.11.2020 20:46",
            "open": "7.129",
            "high": "7.129",
            "low": "7.129",
            "close": "7.121"
        },
        {
            "time": "15.11.2020 20:50",
            "open": "7.121",
            "high": "7.121",
            "low": "7.121",
            "close": "7.12"
        },
        {
            "time": "15.11.2020 20:55",
            "open": "7.12",
            "high": "7.141",
            "low": "7.12",
            "close": "7.113"
        },
        {
            "time": "15.11.2020 21:00",
            "open": "7.113",
            "high": "7.113",
            "low": "7.113",
            "close": "7.113"
        },
        {
            "time": "15.11.2020 21:04",
            "open": "7.113",
            "high": "7.113",
            "low": "7.113",
            "close": "7.082"
        },
        {
            "time": "15.11.2020 21:05",
            "open": "7.082",
            "high": "7.082",
            "low": "7.082",
            "close": "7.113"
        },
        {
            "time": "15.11.2020 21:10",
            "open": "7.113",
            "high": "7.113",
            "low": "7.113",
            "close": "7.099"
        },
        {
            "time": "15.11.2020 21:14",
            "open": "7.099",
            "high": "7.099",
            "low": "7.099",
            "close": "7.098"
        },
        {
            "time": "15.11.2020 21:20",
            "open": "7.098",
            "high": "7.098",
            "low": "7.097",
            "close": "7.111"
        },
        {
            "time": "15.11.2020 21:21",
            "open": "7.111",
            "high": "7.111",
            "low": "7.111",
            "close": "7.09"
        },
        {
            "time": "15.11.2020 21:23",
            "open": "7.09",
            "high": "7.09",
            "low": "7.09",
            "close": "7.106"
        },
        {
            "time": "15.11.2020 21:27",
            "open": "7.106",
            "high": "7.106",
            "low": "7.106",
            "close": "7.108"
        },
        {
            "time": "15.11.2020 21:28",
            "open": "7.108",
            "high": "7.108",
            "low": "7.108",
            "close": "7.093"
        },
        {
            "time": "15.11.2020 21:29",
            "open": "7.093",
            "high": "7.093",
            "low": "7.093",
            "close": "7.105"
        },
        {
            "time": "15.11.2020 21:31",
            "open": "7.105",
            "high": "7.11",
            "low": "7.105",
            "close": "7.113"
        },
        {
            "time": "15.11.2020 21:32",
            "open": "7.113",
            "high": "7.113",
            "low": "7.113",
            "close": "7.131"
        },
        {
            "time": "15.11.2020 21:36",
            "open": "7.131",
            "high": "7.131",
            "low": "7.131",
            "close": "7.142"
        },
        {
            "time": "15.11.2020 21:39",
            "open": "7.142",
            "high": "7.142",
            "low": "7.142",
            "close": "7.142"
        },
        {
            "time": "15.11.2020 21:40",
            "open": "7.142",
            "high": "7.195",
            "low": "7.142",
            "close": "7.191"
        },
        {
            "time": "15.11.2020 21:42",
            "open": "7.191",
            "high": "7.191",
            "low": "7.191",
            "close": "7.196"
        },
        {
            "time": "15.11.2020 21:43",
            "open": "7.196",
            "high": "7.251",
            "low": "7.196",
            "close": "7.261"
        },
        {
            "time": "15.11.2020 21:44",
            "open": "7.261",
            "high": "7.261",
            "low": "7.261",
            "close": "7.201"
        },
        {
            "time": "15.11.2020 21:45",
            "open": "7.201",
            "high": "7.201",
            "low": "7.201",
            "close": "7.261"
        },
        {
            "time": "15.11.2020 21:46",
            "open": "7.261",
            "high": "7.295",
            "low": "7.261",
            "close": "7.294"
        },
        {
            "time": "15.11.2020 21:48",
            "open": "7.294",
            "high": "7.294",
            "low": "7.293",
            "close": "7.254"
        },
        {
            "time": "15.11.2020 21:51",
            "open": "7.254",
            "high": "7.254",
            "low": "7.243",
            "close": "7.293"
        },
        {
            "time": "15.11.2020 21:53",
            "open": "7.293",
            "high": "7.296",
            "low": "7.293",
            "close": "7.292"
        },
        {
            "time": "15.11.2020 21:54",
            "open": "7.292",
            "high": "7.318",
            "low": "7.164",
            "close": "7.151"
        },
        {
            "time": "15.11.2020 21:55",
            "open": "7.151",
            "high": "7.151",
            "low": "7.124",
            "close": "7.104"
        },
        {
            "time": "15.11.2020 22:08",
            "open": "7.104",
            "high": "7.104",
            "low": "7.07",
            "close": "7.046"
        },
        {
            "time": "15.11.2020 22:10",
            "open": "7.046",
            "high": "7.046",
            "low": "7.046",
            "close": "7.046"
        },
        {
            "time": "15.11.2020 22:12",
            "open": "7.046",
            "high": "7.046",
            "low": "7.046",
            "close": "7.045"
        },
        {
            "time": "15.11.2020 22:15",
            "open": "7.045",
            "high": "7.045",
            "low": "7.03",
            "close": "7.016"
        },
        {
            "time": "15.11.2020 22:18",
            "open": "7.016",
            "high": "7.016",
            "low": "7.001",
            "close": "7.007"
        },
        {
            "time": "15.11.2020 22:27",
            "open": "7.007",
            "high": "7.013",
            "low": "7.007",
            "close": "7.035"
        },
        {
            "time": "15.11.2020 22:33",
            "open": "7.035",
            "high": "7.035",
            "low": "7.035",
            "close": "7.01"
        },
        {
            "time": "15.11.2020 22:34",
            "open": "7.01",
            "high": "7.01",
            "low": "7.01",
            "close": "7.002"
        },
        {
            "time": "15.11.2020 22:44",
            "open": "7.002",
            "high": "7.002",
            "low": "7.002",
            "close": "7.002"
        },
        {
            "time": "15.11.2020 22:51",
            "open": "7.002",
            "high": "7.019",
            "low": "7.002",
            "close": "7.004"
        },
        {
            "time": "15.11.2020 22:58",
            "open": "7.004",
            "high": "7.004",
            "low": "7.004",
            "close": "7.004"
        },
        {
            "time": "15.11.2020 23:03",
            "open": "7.004",
            "high": "7.004",
            "low": "6.934",
            "close": "6.965"
        },
        {
            "time": "15.11.2020 23:06",
            "open": "6.965",
            "high": "6.965",
            "low": "6.912",
            "close": "6.968"
        },
        {
            "time": "15.11.2020 23:11",
            "open": "6.968",
            "high": "6.968",
            "low": "6.968",
            "close": "6.962"
        },
        {
            "time": "15.11.2020 23:12",
            "open": "6.962",
            "high": "6.972",
            "low": "6.951",
            "close": "6.931"
        },
        {
            "time": "15.11.2020 23:15",
            "open": "6.931",
            "high": "6.931",
            "low": "6.931",
            "close": "6.958"
        },
        {
            "time": "15.11.2020 23:18",
            "open": "6.958",
            "high": "6.958",
            "low": "6.958",
            "close": "6.941"
        },
        {
            "time": "15.11.2020 23:22",
            "open": "6.941",
            "high": "6.941",
            "low": "6.941",
            "close": "6.943"
        },
        {
            "time": "15.11.2020 23:32",
            "open": "6.943",
            "high": "6.943",
            "low": "6.943",
            "close": "6.945"
        },
        {
            "time": "15.11.2020 23:40",
            "open": "6.945",
            "high": "6.945",
            "low": "6.945",
            "close": "6.954"
        },
        {
            "time": "15.11.2020 23:45",
            "open": "6.954",
            "high": "6.954",
            "low": "6.954",
            "close": "6.973"
        },
        {
            "time": "15.11.2020 23:47",
            "open": "6.973",
            "high": "6.973",
            "low": "6.954",
            "close": "6.946"
        }
    ]
}