{
    "UMA-EUR": [
        {
            "time": "13.06.2021 23:54",
            "open": "9.822",
            "high": "9.822",
            "low": "9.805",
            "close": "9.75"
        },
        {
            "time": "14.06.2021 00:03",
            "open": "9.75",
            "high": "9.75",
            "low": "9.75",
            "close": "9.762"
        },
        {
            "time": "14.06.2021 00:04",
            "open": "9.762",
            "high": "9.762",
            "low": "9.762",
            "close": "9.768"
        },
        {
            "time": "14.06.2021 00:05",
            "open": "9.768",
            "high": "9.768",
            "low": "9.768",
            "close": "9.768"
        },
        {
            "time": "14.06.2021 00:07",
            "open": "9.768",
            "high": "9.768",
            "low": "9.768",
            "close": "9.685"
        },
        {
            "time": "14.06.2021 00:13",
            "open": "9.685",
            "high": "9.685",
            "low": "9.685",
            "close": "9.664"
        },
        {
            "time": "14.06.2021 00:14",
            "open": "9.664",
            "high": "9.664",
            "low": "9.664",
            "close": "9.671"
        },
        {
            "time": "14.06.2021 00:15",
            "open": "9.671",
            "high": "9.685",
            "low": "9.655",
            "close": "9.738"
        },
        {
            "time": "14.06.2021 00:16",
            "open": "9.738",
            "high": "9.759",
            "low": "9.738",
            "close": "9.762"
        },
        {
            "time": "14.06.2021 00:19",
            "open": "9.762",
            "high": "9.762",
            "low": "9.762",
            "close": "9.746"
        },
        {
            "time": "14.06.2021 00:23",
            "open": "9.746",
            "high": "9.746",
            "low": "9.74",
            "close": "9.716"
        },
        {
            "time": "14.06.2021 00:33",
            "open": "9.716",
            "high": "9.716",
            "low": "9.716",
            "close": "9.747"
        },
        {
            "time": "14.06.2021 00:40",
            "open": "9.747",
            "high": "9.754",
            "low": "9.747",
            "close": "9.795"
        },
        {
            "time": "14.06.2021 00:45",
            "open": "9.795",
            "high": "9.795",
            "low": "9.795",
            "close": "9.815"
        },
        {
            "time": "14.06.2021 00:46",
            "open": "9.815",
            "high": "9.82",
            "low": "9.815",
            "close": "9.791"
        },
        {
            "time": "14.06.2021 00:54",
            "open": "9.791",
            "high": "9.795",
            "low": "9.791",
            "close": "9.781"
        },
        {
            "time": "14.06.2021 00:59",
            "open": "9.781",
            "high": "9.781",
            "low": "9.781",
            "close": "9.758"
        },
        {
            "time": "14.06.2021 01:01",
            "open": "9.758",
            "high": "9.758",
            "low": "9.743",
            "close": "9.743"
        },
        {
            "time": "14.06.2021 01:04",
            "open": "9.743",
            "high": "9.743",
            "low": "9.743",
            "close": "9.784"
        },
        {
            "time": "14.06.2021 01:27",
            "open": "9.784",
            "high": "9.784",
            "low": "9.784",
            "close": "9.811"
        },
        {
            "time": "14.06.2021 01:51",
            "open": "9.811",
            "high": "9.811",
            "low": "9.811",
            "close": "9.848"
        },
        {
            "time": "14.06.2021 01:54",
            "open": "9.848",
            "high": "9.85",
            "low": "9.848",
            "close": "9.852"
        },
        {
            "time": "14.06.2021 01:55",
            "open": "9.852",
            "high": "9.868",
            "low": "9.852",
            "close": "9.847"
        },
        {
            "time": "14.06.2021 01:58",
            "open": "9.847",
            "high": "9.847",
            "low": "9.847",
            "close": "9.821"
        },
        {
            "time": "14.06.2021 01:59",
            "open": "9.821",
            "high": "9.821",
            "low": "9.821",
            "close": "9.803"
        },
        {
            "time": "14.06.2021 02:00",
            "open": "9.803",
            "high": "9.878",
            "low": "9.803",
            "close": "9.874"
        },
        {
            "time": "14.06.2021 02:01",
            "open": "9.874",
            "high": "9.874",
            "low": "9.874",
            "close": "9.878"
        },
        {
            "time": "14.06.2021 02:02",
            "open": "9.878",
            "high": "9.878",
            "low": "9.878",
            "close": "9.874"
        },
        {
            "time": "14.06.2021 02:03",
            "open": "9.874",
            "high": "9.874",
            "low": "9.871",
            "close": "9.836"
        },
        {
            "time": "14.06.2021 02:04",
            "open": "9.836",
            "high": "9.836",
            "low": "9.803",
            "close": "9.759"
        },
        {
            "time": "14.06.2021 02:05",
            "open": "9.759",
            "high": "9.759",
            "low": "9.759",
            "close": "9.729"
        },
        {
            "time": "14.06.2021 02:07",
            "open": "9.729",
            "high": "9.729",
            "low": "9.729",
            "close": "9.726"
        },
        {
            "time": "14.06.2021 02:08",
            "open": "9.726",
            "high": "9.778",
            "low": "9.723",
            "close": "9.761"
        },
        {
            "time": "14.06.2021 02:10",
            "open": "9.761",
            "high": "9.761",
            "low": "9.761",
            "close": "9.662"
        },
        {
            "time": "14.06.2021 02:11",
            "open": "9.662",
            "high": "9.662",
            "low": "9.662",
            "close": "9.695"
        },
        {
            "time": "14.06.2021 02:12",
            "open": "9.695",
            "high": "9.695",
            "low": "9.695",
            "close": "9.738"
        },
        {
            "time": "14.06.2021 02:15",
            "open": "9.738",
            "high": "9.738",
            "low": "9.733",
            "close": "9.742"
        },
        {
            "time": "14.06.2021 02:17",
            "open": "9.742",
            "high": "9.742",
            "low": "9.742",
            "close": "9.77"
        },
        {
            "time": "14.06.2021 02:35",
            "open": "9.77",
            "high": "9.77",
            "low": "9.77",
            "close": "9.786"
        },
        {
            "time": "14.06.2021 02:37",
            "open": "9.786",
            "high": "9.786",
            "low": "9.786",
            "close": "9.74"
        },
        {
            "time": "14.06.2021 02:38",
            "open": "9.74",
            "high": "9.74",
            "low": "9.74",
            "close": "9.72"
        },
        {
            "time": "14.06.2021 02:39",
            "open": "9.72",
            "high": "9.72",
            "low": "9.71",
            "close": "9.749"
        },
        {
            "time": "14.06.2021 02:42",
            "open": "9.749",
            "high": "9.755",
            "low": "9.749",
            "close": "9.759"
        },
        {
            "time": "14.06.2021 02:44",
            "open": "9.759",
            "high": "9.788",
            "low": "9.759",
            "close": "9.788"
        },
        {
            "time": "14.06.2021 02:45",
            "open": "9.788",
            "high": "9.788",
            "low": "9.788",
            "close": "9.798"
        },
        {
            "time": "14.06.2021 02:46",
            "open": "9.798",
            "high": "9.806",
            "low": "9.798",
            "close": "9.789"
        },
        {
            "time": "14.06.2021 02:47",
            "open": "9.789",
            "high": "9.789",
            "low": "9.789",
            "close": "9.808"
        },
        {
            "time": "14.06.2021 02:48",
            "open": "9.808",
            "high": "9.817",
            "low": "9.808",
            "close": "9.76"
        },
        {
            "time": "14.06.2021 02:56",
            "open": "9.76",
            "high": "9.76",
            "low": "9.76",
            "close": "9.77"
        },
        {
            "time": "14.06.2021 02:57",
            "open": "9.77",
            "high": "9.77",
            "low": "9.77",
            "close": "9.81"
        },
        {
            "time": "14.06.2021 02:58",
            "open": "9.81",
            "high": "9.81",
            "low": "9.81",
            "close": "9.797"
        },
        {
            "time": "14.06.2021 03:00",
            "open": "9.797",
            "high": "9.797",
            "low": "9.784",
            "close": "9.77"
        },
        {
            "time": "14.06.2021 03:01",
            "open": "9.77",
            "high": "9.77",
            "low": "9.77",
            "close": "9.708"
        },
        {
            "time": "14.06.2021 03:09",
            "open": "9.708",
            "high": "9.742",
            "low": "9.708",
            "close": "9.729"
        },
        {
            "time": "14.06.2021 03:11",
            "open": "9.729",
            "high": "9.729",
            "low": "9.729",
            "close": "9.702"
        },
        {
            "time": "14.06.2021 03:15",
            "open": "9.702",
            "high": "9.702",
            "low": "9.701",
            "close": "9.719"
        },
        {
            "time": "14.06.2021 03:16",
            "open": "9.719",
            "high": "9.719",
            "low": "9.719",
            "close": "9.749"
        },
        {
            "time": "14.06.2021 03:21",
            "open": "9.749",
            "high": "9.784",
            "low": "9.749",
            "close": "9.778"
        },
        {
            "time": "14.06.2021 03:23",
            "open": "9.778",
            "high": "9.778",
            "low": "9.751",
            "close": "9.757"
        },
        {
            "time": "14.06.2021 03:27",
            "open": "9.757",
            "high": "9.772",
            "low": "9.757",
            "close": "9.818"
        },
        {
            "time": "14.06.2021 03:29",
            "open": "9.818",
            "high": "9.818",
            "low": "9.818",
            "close": "9.827"
        },
        {
            "time": "14.06.2021 03:31",
            "open": "9.827",
            "high": "9.84",
            "low": "9.827",
            "close": "9.853"
        },
        {
            "time": "14.06.2021 03:32",
            "open": "9.853",
            "high": "9.888",
            "low": "9.833",
            "close": "9.863"
        },
        {
            "time": "14.06.2021 03:36",
            "open": "9.863",
            "high": "9.866",
            "low": "9.863",
            "close": "9.84"
        },
        {
            "time": "14.06.2021 03:38",
            "open": "9.84",
            "high": "9.84",
            "low": "9.836",
            "close": "9.845"
        },
        {
            "time": "14.06.2021 03:39",
            "open": "9.845",
            "high": "9.845",
            "low": "9.845",
            "close": "9.805"
        },
        {
            "time": "14.06.2021 03:41",
            "open": "9.805",
            "high": "9.805",
            "low": "9.802",
            "close": "9.764"
        },
        {
            "time": "14.06.2021 03:42",
            "open": "9.764",
            "high": "9.764",
            "low": "9.764",
            "close": "9.748"
        },
        {
            "time": "14.06.2021 03:47",
            "open": "9.748",
            "high": "9.748",
            "low": "9.748",
            "close": "9.794"
        },
        {
            "time": "14.06.2021 03:52",
            "open": "9.794",
            "high": "9.794",
            "low": "9.794",
            "close": "9.81"
        },
        {
            "time": "14.06.2021 03:53",
            "open": "9.81",
            "high": "9.81",
            "low": "9.81",
            "close": "9.745"
        },
        {
            "time": "14.06.2021 04:00",
            "open": "9.745",
            "high": "9.746",
            "low": "9.745",
            "close": "9.782"
        },
        {
            "time": "14.06.2021 04:01",
            "open": "9.782",
            "high": "9.782",
            "low": "9.782",
            "close": "9.734"
        },
        {
            "time": "14.06.2021 04:05",
            "open": "9.751",
            "high": "9.751",
            "low": "9.751",
            "close": "9.779"
        },
        {
            "time": "14.06.2021 04:13",
            "open": "9.779",
            "high": "9.779",
            "low": "9.779",
            "close": "9.779"
        },
        {
            "time": "14.06.2021 04:14",
            "open": "9.779",
            "high": "9.779",
            "low": "9.779",
            "close": "9.757"
        },
        {
            "time": "14.06.2021 04:18",
            "open": "9.757",
            "high": "9.757",
            "low": "9.725",
            "close": "9.694"
        },
        {
            "time": "14.06.2021 04:19",
            "open": "9.694",
            "high": "9.694",
            "low": "9.694",
            "close": "9.686"
        },
        {
            "time": "14.06.2021 04:32",
            "open": "9.686",
            "high": "9.686",
            "low": "9.686",
            "close": "9.667"
        },
        {
            "time": "14.06.2021 04:34",
            "open": "9.667",
            "high": "9.691",
            "low": "9.667",
            "close": "9.683"
        },
        {
            "time": "14.06.2021 04:35",
            "open": "9.683",
            "high": "9.762",
            "low": "9.683",
            "close": "9.741"
        },
        {
            "time": "14.06.2021 04:40",
            "open": "9.741",
            "high": "9.741",
            "low": "9.699",
            "close": "9.701"
        },
        {
            "time": "14.06.2021 04:41",
            "open": "9.701",
            "high": "9.724",
            "low": "9.701",
            "close": "9.704"
        },
        {
            "time": "14.06.2021 04:58",
            "open": "9.704",
            "high": "9.715",
            "low": "9.704",
            "close": "9.705"
        },
        {
            "time": "14.06.2021 05:01",
            "open": "9.705",
            "high": "9.705",
            "low": "9.685",
            "close": "9.696"
        },
        {
            "time": "14.06.2021 05:06",
            "open": "9.696",
            "high": "9.697",
            "low": "9.696",
            "close": "9.665"
        },
        {
            "time": "14.06.2021 05:14",
            "open": "9.665",
            "high": "9.665",
            "low": "9.665",
            "close": "9.657"
        },
        {
            "time": "14.06.2021 05:15",
            "open": "9.657",
            "high": "9.708",
            "low": "9.657",
            "close": "9.734"
        },
        {
            "time": "14.06.2021 05:17",
            "open": "9.734",
            "high": "9.744",
            "low": "9.734",
            "close": "9.738"
        },
        {
            "time": "14.06.2021 05:18",
            "open": "9.738",
            "high": "9.738",
            "low": "9.724",
            "close": "9.735"
        },
        {
            "time": "14.06.2021 05:19",
            "open": "9.735",
            "high": "9.745",
            "low": "9.735",
            "close": "9.745"
        },
        {
            "time": "14.06.2021 05:24",
            "open": "9.745",
            "high": "9.745",
            "low": "9.745",
            "close": "9.701"
        },
        {
            "time": "14.06.2021 05:27",
            "open": "9.701",
            "high": "9.709",
            "low": "9.701",
            "close": "9.709"
        },
        {
            "time": "14.06.2021 05:28",
            "open": "9.709",
            "high": "9.709",
            "low": "9.709",
            "close": "9.744"
        },
        {
            "time": "14.06.2021 05:29",
            "open": "9.744",
            "high": "9.744",
            "low": "9.738",
            "close": "9.682"
        },
        {
            "time": "14.06.2021 05:35",
            "open": "9.682",
            "high": "9.704",
            "low": "9.682",
            "close": "9.723"
        },
        {
            "time": "14.06.2021 05:40",
            "open": "9.723",
            "high": "9.748",
            "low": "9.723",
            "close": "9.733"
        },
        {
            "time": "14.06.2021 05:41",
            "open": "9.733",
            "high": "9.743",
            "low": "9.733",
            "close": "9.718"
        },
        {
            "time": "14.06.2021 05:52",
            "open": "9.718",
            "high": "9.718",
            "low": "9.718",
            "close": "9.708"
        },
        {
            "time": "14.06.2021 05:53",
            "open": "9.708",
            "high": "9.708",
            "low": "9.708",
            "close": "9.722"
        },
        {
            "time": "14.06.2021 05:55",
            "open": "9.722",
            "high": "9.722",
            "low": "9.722",
            "close": "9.727"
        },
        {
            "time": "14.06.2021 06:11",
            "open": "9.727",
            "high": "9.727",
            "low": "9.727",
            "close": "9.711"
        },
        {
            "time": "14.06.2021 06:12",
            "open": "9.711",
            "high": "9.711",
            "low": "9.711",
            "close": "9.714"
        },
        {
            "time": "14.06.2021 06:15",
            "open": "9.714",
            "high": "9.714",
            "low": "9.714",
            "close": "9.754"
        },
        {
            "time": "14.06.2021 06:16",
            "open": "9.754",
            "high": "9.783",
            "low": "9.754",
            "close": "9.773"
        },
        {
            "time": "14.06.2021 06:18",
            "open": "9.773",
            "high": "9.773",
            "low": "9.767",
            "close": "9.792"
        },
        {
            "time": "14.06.2021 06:19",
            "open": "9.792",
            "high": "9.812",
            "low": "9.792",
            "close": "9.846"
        },
        {
            "time": "14.06.2021 06:20",
            "open": "9.846",
            "high": "9.858",
            "low": "9.846",
            "close": "9.868"
        },
        {
            "time": "14.06.2021 06:21",
            "open": "9.868",
            "high": "9.868",
            "low": "9.868",
            "close": "9.864"
        },
        {
            "time": "14.06.2021 06:22",
            "open": "9.864",
            "high": "9.864",
            "low": "9.857",
            "close": "9.782"
        },
        {
            "time": "14.06.2021 06:26",
            "open": "9.782",
            "high": "9.782",
            "low": "9.758",
            "close": "9.741"
        },
        {
            "time": "14.06.2021 06:27",
            "open": "9.741",
            "high": "9.741",
            "low": "9.69",
            "close": "9.704"
        },
        {
            "time": "14.06.2021 06:28",
            "open": "9.704",
            "high": "9.834",
            "low": "9.704",
            "close": "9.801"
        },
        {
            "time": "14.06.2021 06:30",
            "open": "9.801",
            "high": "9.801",
            "low": "9.757",
            "close": "9.754"
        },
        {
            "time": "14.06.2021 06:31",
            "open": "9.754",
            "high": "9.786",
            "low": "9.754",
            "close": "9.78"
        },
        {
            "time": "14.06.2021 06:32",
            "open": "9.78",
            "high": "9.816",
            "low": "9.78",
            "close": "9.816"
        },
        {
            "time": "14.06.2021 06:33",
            "open": "9.816",
            "high": "9.821",
            "low": "9.812",
            "close": "9.768"
        },
        {
            "time": "14.06.2021 06:34",
            "open": "9.768",
            "high": "9.768",
            "low": "9.747",
            "close": "9.711"
        },
        {
            "time": "14.06.2021 06:35",
            "open": "9.711",
            "high": "9.711",
            "low": "9.711",
            "close": "9.694"
        },
        {
            "time": "14.06.2021 06:36",
            "open": "9.694",
            "high": "9.694",
            "low": "9.648",
            "close": "9.651"
        },
        {
            "time": "14.06.2021 06:37",
            "open": "9.651",
            "high": "9.761",
            "low": "9.649",
            "close": "9.765"
        },
        {
            "time": "14.06.2021 06:38",
            "open": "9.765",
            "high": "9.765",
            "low": "9.765",
            "close": "9.777"
        },
        {
            "time": "14.06.2021 06:39",
            "open": "9.777",
            "high": "9.777",
            "low": "9.726",
            "close": "9.745"
        },
        {
            "time": "14.06.2021 06:42",
            "open": "9.745",
            "high": "9.765",
            "low": "9.745",
            "close": "9.747"
        },
        {
            "time": "14.06.2021 06:44",
            "open": "9.747",
            "high": "9.747",
            "low": "9.747",
            "close": "9.732"
        },
        {
            "time": "14.06.2021 06:46",
            "open": "9.732",
            "high": "9.733",
            "low": "9.732",
            "close": "9.693"
        },
        {
            "time": "14.06.2021 06:49",
            "open": "9.693",
            "high": "9.693",
            "low": "9.689",
            "close": "9.685"
        },
        {
            "time": "14.06.2021 06:50",
            "open": "9.685",
            "high": "9.685",
            "low": "9.685",
            "close": "9.702"
        },
        {
            "time": "14.06.2021 06:59",
            "open": "9.702",
            "high": "9.702",
            "low": "9.702",
            "close": "9.698"
        },
        {
            "time": "14.06.2021 07:00",
            "open": "9.698",
            "high": "9.698",
            "low": "9.698",
            "close": "9.698"
        },
        {
            "time": "14.06.2021 07:03",
            "open": "9.698",
            "high": "9.698",
            "low": "9.698",
            "close": "9.692"
        },
        {
            "time": "14.06.2021 07:04",
            "open": "9.692",
            "high": "9.694",
            "low": "9.692",
            "close": "9.67"
        },
        {
            "time": "14.06.2021 07:08",
            "open": "9.67",
            "high": "9.697",
            "low": "9.67",
            "close": "9.684"
        },
        {
            "time": "14.06.2021 07:09",
            "open": "9.684",
            "high": "9.684",
            "low": "9.683",
            "close": "9.688"
        },
        {
            "time": "14.06.2021 07:10",
            "open": "9.688",
            "high": "9.693",
            "low": "9.633",
            "close": "9.677"
        },
        {
            "time": "14.06.2021 07:14",
            "open": "9.677",
            "high": "9.677",
            "low": "9.677",
            "close": "9.69"
        },
        {
            "time": "14.06.2021 07:16",
            "open": "9.69",
            "high": "9.69",
            "low": "9.69",
            "close": "9.696"
        },
        {
            "time": "14.06.2021 07:23",
            "open": "9.696",
            "high": "9.696",
            "low": "9.696",
            "close": "9.698"
        },
        {
            "time": "14.06.2021 07:34",
            "open": "9.698",
            "high": "9.708",
            "low": "9.695",
            "close": "9.694"
        },
        {
            "time": "14.06.2021 07:36",
            "open": "9.694",
            "high": "9.694",
            "low": "9.645",
            "close": "9.674"
        },
        {
            "time": "14.06.2021 07:42",
            "open": "9.674",
            "high": "9.68",
            "low": "9.674",
            "close": "9.699"
        },
        {
            "time": "14.06.2021 07:45",
            "open": "9.699",
            "high": "9.699",
            "low": "9.699",
            "close": "9.701"
        },
        {
            "time": "14.06.2021 07:47",
            "open": "9.701",
            "high": "9.701",
            "low": "9.701",
            "close": "9.703"
        },
        {
            "time": "14.06.2021 07:55",
            "open": "9.703",
            "high": "9.703",
            "low": "9.681",
            "close": "9.641"
        },
        {
            "time": "14.06.2021 07:56",
            "open": "9.641",
            "high": "9.657",
            "low": "9.641",
            "close": "9.671"
        },
        {
            "time": "14.06.2021 08:03",
            "open": "9.671",
            "high": "9.68",
            "low": "9.671",
            "close": "9.684"
        },
        {
            "time": "14.06.2021 08:06",
            "open": "9.684",
            "high": "9.684",
            "low": "9.681",
            "close": "9.68"
        },
        {
            "time": "14.06.2021 08:12",
            "open": "9.68",
            "high": "9.68",
            "low": "9.68",
            "close": "9.663"
        },
        {
            "time": "14.06.2021 08:13",
            "open": "9.663",
            "high": "9.663",
            "low": "9.66",
            "close": "9.6"
        },
        {
            "time": "14.06.2021 08:14",
            "open": "9.6",
            "high": "9.6",
            "low": "9.6",
            "close": "9.595"
        },
        {
            "time": "14.06.2021 08:15",
            "open": "9.595",
            "high": "9.634",
            "low": "9.595",
            "close": "9.62"
        },
        {
            "time": "14.06.2021 08:16",
            "open": "9.62",
            "high": "9.662",
            "low": "9.62",
            "close": "9.675"
        },
        {
            "time": "14.06.2021 08:18",
            "open": "9.675",
            "high": "9.675",
            "low": "9.67",
            "close": "9.68"
        },
        {
            "time": "14.06.2021 08:20",
            "open": "9.68",
            "high": "9.68",
            "low": "9.68",
            "close": "9.66"
        },
        {
            "time": "14.06.2021 08:23",
            "open": "9.66",
            "high": "9.66",
            "low": "9.658",
            "close": "9.648"
        },
        {
            "time": "14.06.2021 08:24",
            "open": "9.648",
            "high": "9.648",
            "low": "9.648",
            "close": "9.589"
        },
        {
            "time": "14.06.2021 08:32",
            "open": "9.589",
            "high": "9.589",
            "low": "9.584",
            "close": "9.564"
        },
        {
            "time": "14.06.2021 08:33",
            "open": "9.564",
            "high": "9.573",
            "low": "9.561",
            "close": "9.576"
        },
        {
            "time": "14.06.2021 08:34",
            "open": "9.576",
            "high": "9.576",
            "low": "9.576",
            "close": "9.609"
        },
        {
            "time": "14.06.2021 08:35",
            "open": "9.609",
            "high": "9.609",
            "low": "9.609",
            "close": "9.586"
        },
        {
            "time": "14.06.2021 08:36",
            "open": "9.586",
            "high": "9.586",
            "low": "9.567",
            "close": "9.584"
        },
        {
            "time": "14.06.2021 08:40",
            "open": "9.584",
            "high": "9.587",
            "low": "9.584",
            "close": "9.574"
        },
        {
            "time": "14.06.2021 08:45",
            "open": "9.574",
            "high": "9.574",
            "low": "9.567",
            "close": "9.576"
        },
        {
            "time": "14.06.2021 08:46",
            "open": "9.576",
            "high": "9.576",
            "low": "9.576",
            "close": "9.565"
        },
        {
            "time": "14.06.2021 08:49",
            "open": "9.565",
            "high": "9.565",
            "low": "9.565",
            "close": "9.648"
        },
        {
            "time": "14.06.2021 08:52",
            "open": "9.648",
            "high": "9.659",
            "low": "9.648",
            "close": "9.677"
        },
        {
            "time": "14.06.2021 08:54",
            "open": "9.677",
            "high": "9.677",
            "low": "9.653",
            "close": "9.667"
        },
        {
            "time": "14.06.2021 08:55",
            "open": "9.667",
            "high": "9.667",
            "low": "9.667",
            "close": "9.649"
        },
        {
            "time": "14.06.2021 08:56",
            "open": "9.649",
            "high": "9.649",
            "low": "9.649",
            "close": "9.668"
        },
        {
            "time": "14.06.2021 08:59",
            "open": "9.668",
            "high": "9.668",
            "low": "9.668",
            "close": "9.653"
        },
        {
            "time": "14.06.2021 09:08",
            "open": "9.653",
            "high": "9.653",
            "low": "9.653",
            "close": "9.622"
        },
        {
            "time": "14.06.2021 09:12",
            "open": "9.622",
            "high": "9.622",
            "low": "9.622",
            "close": "9.634"
        },
        {
            "time": "14.06.2021 09:13",
            "open": "9.634",
            "high": "9.648",
            "low": "9.634",
            "close": "9.629"
        },
        {
            "time": "14.06.2021 09:20",
            "open": "9.629",
            "high": "9.629",
            "low": "9.629",
            "close": "9.624"
        },
        {
            "time": "14.06.2021 09:22",
            "open": "9.624",
            "high": "9.624",
            "low": "9.624",
            "close": "9.62"
        },
        {
            "time": "14.06.2021 09:24",
            "open": "9.62",
            "high": "9.665",
            "low": "9.62",
            "close": "9.654"
        },
        {
            "time": "14.06.2021 09:28",
            "open": "9.654",
            "high": "9.658",
            "low": "9.652",
            "close": "9.676"
        },
        {
            "time": "14.06.2021 09:29",
            "open": "9.676",
            "high": "9.676",
            "low": "9.676",
            "close": "9.668"
        },
        {
            "time": "14.06.2021 09:31",
            "open": "9.668",
            "high": "9.668",
            "low": "9.664",
            "close": "9.662"
        },
        {
            "time": "14.06.2021 09:40",
            "open": "9.662",
            "high": "9.662",
            "low": "9.662",
            "close": "9.648"
        },
        {
            "time": "14.06.2021 09:42",
            "open": "9.648",
            "high": "9.648",
            "low": "9.648",
            "close": "9.635"
        },
        {
            "time": "14.06.2021 09:46",
            "open": "9.635",
            "high": "9.635",
            "low": "9.617",
            "close": "9.617"
        },
        {
            "time": "14.06.2021 09:47",
            "open": "9.617",
            "high": "9.623",
            "low": "9.617",
            "close": "9.59"
        },
        {
            "time": "14.06.2021 09:54",
            "open": "9.59",
            "high": "9.59",
            "low": "9.59",
            "close": "9.595"
        },
        {
            "time": "14.06.2021 09:56",
            "open": "9.595",
            "high": "9.595",
            "low": "9.595",
            "close": "9.617"
        },
        {
            "time": "14.06.2021 10:01",
            "open": "9.617",
            "high": "9.617",
            "low": "9.606",
            "close": "9.568"
        },
        {
            "time": "14.06.2021 10:03",
            "open": "9.568",
            "high": "9.568",
            "low": "9.562",
            "close": "9.545"
        },
        {
            "time": "14.06.2021 10:04",
            "open": "9.545",
            "high": "9.563",
            "low": "9.545",
            "close": "9.557"
        },
        {
            "time": "14.06.2021 10:05",
            "open": "9.557",
            "high": "9.557",
            "low": "9.557",
            "close": "9.537"
        },
        {
            "time": "14.06.2021 10:07",
            "open": "9.537",
            "high": "9.537",
            "low": "9.53",
            "close": "9.535"
        },
        {
            "time": "14.06.2021 10:10",
            "open": "9.535",
            "high": "9.568",
            "low": "9.535",
            "close": "9.55"
        },
        {
            "time": "14.06.2021 10:11",
            "open": "9.55",
            "high": "9.567",
            "low": "9.55",
            "close": "9.549"
        },
        {
            "time": "14.06.2021 10:13",
            "open": "9.549",
            "high": "9.549",
            "low": "9.541",
            "close": "9.511"
        },
        {
            "time": "14.06.2021 10:15",
            "open": "9.511",
            "high": "9.518",
            "low": "9.488",
            "close": "9.476"
        },
        {
            "time": "14.06.2021 10:16",
            "open": "9.476",
            "high": "9.495",
            "low": "9.476",
            "close": "9.497"
        },
        {
            "time": "14.06.2021 10:18",
            "open": "9.497",
            "high": "9.497",
            "low": "9.47",
            "close": "9.476"
        },
        {
            "time": "14.06.2021 10:19",
            "open": "9.476",
            "high": "9.476",
            "low": "9.466",
            "close": "9.498"
        },
        {
            "time": "14.06.2021 10:31",
            "open": "9.498",
            "high": "9.498",
            "low": "9.498",
            "close": "9.469"
        },
        {
            "time": "14.06.2021 10:42",
            "open": "9.469",
            "high": "9.469",
            "low": "9.469",
            "close": "9.473"
        },
        {
            "time": "14.06.2021 10:44",
            "open": "9.473",
            "high": "9.473",
            "low": "9.473",
            "close": "9.459"
        },
        {
            "time": "14.06.2021 10:47",
            "open": "9.459",
            "high": "9.459",
            "low": "9.427",
            "close": "9.419"
        },
        {
            "time": "14.06.2021 10:48",
            "open": "9.419",
            "high": "9.419",
            "low": "9.4",
            "close": "9.38"
        },
        {
            "time": "14.06.2021 10:52",
            "open": "9.38",
            "high": "9.38",
            "low": "9.38",
            "close": "9.437"
        },
        {
            "time": "14.06.2021 11:04",
            "open": "9.437",
            "high": "9.437",
            "low": "9.437",
            "close": "9.446"
        },
        {
            "time": "14.06.2021 11:07",
            "open": "9.446",
            "high": "9.448",
            "low": "9.446",
            "close": "9.487"
        },
        {
            "time": "14.06.2021 11:08",
            "open": "9.487",
            "high": "9.487",
            "low": "9.487",
            "close": "9.477"
        },
        {
            "time": "14.06.2021 11:13",
            "open": "9.477",
            "high": "9.477",
            "low": "9.477",
            "close": "9.475"
        },
        {
            "time": "14.06.2021 11:14",
            "open": "9.475",
            "high": "9.475",
            "low": "9.475",
            "close": "9.48"
        },
        {
            "time": "14.06.2021 11:16",
            "open": "9.48",
            "high": "9.48",
            "low": "9.48",
            "close": "9.54"
        },
        {
            "time": "14.06.2021 11:17",
            "open": "9.54",
            "high": "9.575",
            "low": "9.54",
            "close": "9.557"
        },
        {
            "time": "14.06.2021 11:19",
            "open": "9.557",
            "high": "9.557",
            "low": "9.557",
            "close": "9.558"
        },
        {
            "time": "14.06.2021 11:22",
            "open": "9.558",
            "high": "9.558",
            "low": "9.558",
            "close": "9.556"
        },
        {
            "time": "14.06.2021 11:24",
            "open": "9.556",
            "high": "9.556",
            "low": "9.541",
            "close": "9.531"
        },
        {
            "time": "14.06.2021 11:31",
            "open": "9.531",
            "high": "9.539",
            "low": "9.531",
            "close": "9.521"
        },
        {
            "time": "14.06.2021 11:32",
            "open": "9.521",
            "high": "9.536",
            "low": "9.513",
            "close": "9.497"
        },
        {
            "time": "14.06.2021 11:33",
            "open": "9.497",
            "high": "9.497",
            "low": "9.493",
            "close": "9.483"
        },
        {
            "time": "14.06.2021 11:36",
            "open": "9.483",
            "high": "9.493",
            "low": "9.483",
            "close": "9.465"
        },
        {
            "time": "14.06.2021 11:39",
            "open": "9.465",
            "high": "9.465",
            "low": "9.465",
            "close": "9.438"
        },
        {
            "time": "14.06.2021 11:40",
            "open": "9.438",
            "high": "9.438",
            "low": "9.438",
            "close": "9.454"
        },
        {
            "time": "14.06.2021 11:41",
            "open": "9.454",
            "high": "9.454",
            "low": "9.448",
            "close": "9.462"
        },
        {
            "time": "14.06.2021 11:42",
            "open": "9.462",
            "high": "9.469",
            "low": "9.462",
            "close": "9.476"
        },
        {
            "time": "14.06.2021 11:45",
            "open": "9.476",
            "high": "9.505",
            "low": "9.476",
            "close": "9.484"
        },
        {
            "time": "14.06.2021 11:53",
            "open": "9.484",
            "high": "9.488",
            "low": "9.484",
            "close": "9.472"
        },
        {
            "time": "14.06.2021 11:55",
            "open": "9.472",
            "high": "9.472",
            "low": "9.472",
            "close": "9.465"
        },
        {
            "time": "14.06.2021 11:58",
            "open": "9.465",
            "high": "9.465",
            "low": "9.452",
            "close": "9.475"
        },
        {
            "time": "14.06.2021 12:01",
            "open": "9.475",
            "high": "9.482",
            "low": "9.475",
            "close": "9.469"
        },
        {
            "time": "14.06.2021 12:02",
            "open": "9.469",
            "high": "9.469",
            "low": "9.469",
            "close": "9.487"
        },
        {
            "time": "14.06.2021 12:05",
            "open": "9.487",
            "high": "9.489",
            "low": "9.487",
            "close": "9.486"
        },
        {
            "time": "14.06.2021 12:07",
            "open": "9.486",
            "high": "9.489",
            "low": "9.485",
            "close": "9.462"
        },
        {
            "time": "14.06.2021 12:11",
            "open": "9.462",
            "high": "9.462",
            "low": "9.462",
            "close": "9.481"
        },
        {
            "time": "14.06.2021 12:19",
            "open": "9.481",
            "high": "9.481",
            "low": "9.481",
            "close": "9.481"
        },
        {
            "time": "14.06.2021 12:27",
            "open": "9.481",
            "high": "9.496",
            "low": "9.481",
            "close": "9.491"
        },
        {
            "time": "14.06.2021 12:28",
            "open": "9.491",
            "high": "9.492",
            "low": "9.491",
            "close": "9.491"
        },
        {
            "time": "14.06.2021 12:29",
            "open": "9.491",
            "high": "9.491",
            "low": "9.491",
            "close": "9.492"
        },
        {
            "time": "14.06.2021 12:30",
            "open": "9.492",
            "high": "9.494",
            "low": "9.492",
            "close": "9.492"
        },
        {
            "time": "14.06.2021 12:31",
            "open": "9.492",
            "high": "9.496",
            "low": "9.492",
            "close": "9.494"
        },
        {
            "time": "14.06.2021 12:32",
            "open": "9.494",
            "high": "9.495",
            "low": "9.494",
            "close": "9.491"
        },
        {
            "time": "14.06.2021 12:34",
            "open": "9.491",
            "high": "9.491",
            "low": "9.478",
            "close": "9.487"
        },
        {
            "time": "14.06.2021 12:36",
            "open": "9.487",
            "high": "9.487",
            "low": "9.475",
            "close": "9.481"
        },
        {
            "time": "14.06.2021 12:42",
            "open": "9.481",
            "high": "9.483",
            "low": "9.481",
            "close": "9.51"
        },
        {
            "time": "14.06.2021 12:46",
            "open": "9.51",
            "high": "9.51",
            "low": "9.51",
            "close": "9.53"
        },
        {
            "time": "14.06.2021 13:10",
            "open": "9.53",
            "high": "9.53",
            "low": "9.53",
            "close": "9.536"
        },
        {
            "time": "14.06.2021 13:18",
            "open": "9.536",
            "high": "9.536",
            "low": "9.536",
            "close": "9.529"
        },
        {
            "time": "14.06.2021 13:19",
            "open": "9.529",
            "high": "9.529",
            "low": "9.529",
            "close": "9.495"
        },
        {
            "time": "14.06.2021 13:25",
            "open": "9.495",
            "high": "9.495",
            "low": "9.495",
            "close": "9.495"
        },
        {
            "time": "14.06.2021 13:31",
            "open": "9.495",
            "high": "9.497",
            "low": "9.495",
            "close": "9.499"
        },
        {
            "time": "14.06.2021 13:32",
            "open": "9.499",
            "high": "9.499",
            "low": "9.499",
            "close": "9.486"
        },
        {
            "time": "14.06.2021 13:34",
            "open": "9.486",
            "high": "9.498",
            "low": "9.486",
            "close": "9.509"
        },
        {
            "time": "14.06.2021 13:38",
            "open": "9.509",
            "high": "9.513",
            "low": "9.509",
            "close": "9.505"
        },
        {
            "time": "14.06.2021 13:40",
            "open": "9.505",
            "high": "9.505",
            "low": "9.505",
            "close": "9.528"
        },
        {
            "time": "14.06.2021 13:49",
            "open": "9.528",
            "high": "9.528",
            "low": "9.528",
            "close": "9.5"
        },
        {
            "time": "14.06.2021 14:01",
            "open": "9.5",
            "high": "9.5",
            "low": "9.5",
            "close": "9.475"
        },
        {
            "time": "14.06.2021 14:06",
            "open": "9.475",
            "high": "9.479",
            "low": "9.475",
            "close": "9.481"
        },
        {
            "time": "14.06.2021 14:08",
            "open": "9.481",
            "high": "9.486",
            "low": "9.481",
            "close": "9.489"
        },
        {
            "time": "14.06.2021 14:09",
            "open": "9.489",
            "high": "9.489",
            "low": "9.489",
            "close": "9.442"
        },
        {
            "time": "14.06.2021 14:20",
            "open": "9.442",
            "high": "9.442",
            "low": "9.436",
            "close": "9.472"
        },
        {
            "time": "14.06.2021 14:22",
            "open": "9.472",
            "high": "9.472",
            "low": "9.472",
            "close": "9.538"
        },
        {
            "time": "14.06.2021 14:40",
            "open": "9.538",
            "high": "9.571",
            "low": "9.538",
            "close": "9.6"
        },
        {
            "time": "14.06.2021 14:42",
            "open": "9.6",
            "high": "9.6",
            "low": "9.6",
            "close": "9.626"
        },
        {
            "time": "14.06.2021 14:44",
            "open": "9.626",
            "high": "9.626",
            "low": "9.626",
            "close": "9.616"
        },
        {
            "time": "14.06.2021 14:47",
            "open": "9.616",
            "high": "9.616",
            "low": "9.616",
            "close": "9.607"
        },
        {
            "time": "14.06.2021 14:48",
            "open": "9.607",
            "high": "9.607",
            "low": "9.604",
            "close": "9.606"
        },
        {
            "time": "14.06.2021 14:49",
            "open": "9.606",
            "high": "9.607",
            "low": "9.606",
            "close": "9.606"
        },
        {
            "time": "14.06.2021 14:50",
            "open": "9.606",
            "high": "9.606",
            "low": "9.606",
            "close": "9.61"
        },
        {
            "time": "14.06.2021 14:51",
            "open": "9.61",
            "high": "9.61",
            "low": "9.607",
            "close": "9.61"
        },
        {
            "time": "14.06.2021 14:52",
            "open": "9.61",
            "high": "9.61",
            "low": "9.61",
            "close": "9.627"
        },
        {
            "time": "14.06.2021 14:53",
            "open": "9.627",
            "high": "9.627",
            "low": "9.627",
            "close": "9.601"
        },
        {
            "time": "14.06.2021 14:54",
            "open": "9.601",
            "high": "9.601",
            "low": "9.6",
            "close": "9.616"
        },
        {
            "time": "14.06.2021 14:57",
            "open": "9.616",
            "high": "9.619",
            "low": "9.616",
            "close": "9.602"
        },
        {
            "time": "14.06.2021 15:01",
            "open": "9.602",
            "high": "9.612",
            "low": "9.602",
            "close": "9.65"
        },
        {
            "time": "14.06.2021 15:04",
            "open": "9.65",
            "high": "9.674",
            "low": "9.65",
            "close": "9.684"
        },
        {
            "time": "14.06.2021 15:05",
            "open": "9.684",
            "high": "9.684",
            "low": "9.673",
            "close": "9.69"
        },
        {
            "time": "14.06.2021 15:06",
            "open": "9.69",
            "high": "9.719",
            "low": "9.69",
            "close": "9.698"
        },
        {
            "time": "14.06.2021 15:08",
            "open": "9.698",
            "high": "9.698",
            "low": "9.651",
            "close": "9.67"
        },
        {
            "time": "14.06.2021 15:12",
            "open": "9.67",
            "high": "9.685",
            "low": "9.67",
            "close": "9.722"
        },
        {
            "time": "14.06.2021 15:15",
            "open": "9.722",
            "high": "9.724",
            "low": "9.701",
            "close": "9.685"
        },
        {
            "time": "14.06.2021 15:18",
            "open": "9.685",
            "high": "9.685",
            "low": "9.685",
            "close": "9.703"
        },
        {
            "time": "14.06.2021 15:23",
            "open": "9.703",
            "high": "9.773",
            "low": "9.703",
            "close": "9.773"
        },
        {
            "time": "14.06.2021 15:24",
            "open": "9.773",
            "high": "9.773",
            "low": "9.773",
            "close": "9.766"
        },
        {
            "time": "14.06.2021 15:26",
            "open": "9.766",
            "high": "9.766",
            "low": "9.761",
            "close": "9.779"
        },
        {
            "time": "14.06.2021 15:28",
            "open": "9.779",
            "high": "9.784",
            "low": "9.779",
            "close": "9.779"
        },
        {
            "time": "14.06.2021 15:29",
            "open": "9.779",
            "high": "9.78",
            "low": "9.779",
            "close": "9.778"
        },
        {
            "time": "14.06.2021 15:30",
            "open": "9.778",
            "high": "9.778",
            "low": "9.762",
            "close": "9.773"
        },
        {
            "time": "14.06.2021 15:32",
            "open": "9.773",
            "high": "9.773",
            "low": "9.773",
            "close": "9.788"
        },
        {
            "time": "14.06.2021 15:33",
            "open": "9.788",
            "high": "9.79",
            "low": "9.788",
            "close": "9.791"
        },
        {
            "time": "14.06.2021 15:34",
            "open": "9.791",
            "high": "9.798",
            "low": "9.791",
            "close": "9.798"
        },
        {
            "time": "14.06.2021 15:35",
            "open": "9.798",
            "high": "9.816",
            "low": "9.798",
            "close": "9.825"
        },
        {
            "time": "14.06.2021 15:37",
            "open": "9.825",
            "high": "9.855",
            "low": "9.825",
            "close": "9.864"
        },
        {
            "time": "14.06.2021 15:38",
            "open": "9.864",
            "high": "9.884",
            "low": "9.864",
            "close": "9.888"
        },
        {
            "time": "14.06.2021 15:39",
            "open": "9.888",
            "high": "9.888",
            "low": "9.888",
            "close": "9.873"
        },
        {
            "time": "14.06.2021 15:40",
            "open": "9.873",
            "high": "9.873",
            "low": "9.873",
            "close": "9.897"
        },
        {
            "time": "14.06.2021 15:41",
            "open": "9.897",
            "high": "9.9",
            "low": "9.897",
            "close": "9.907"
        },
        {
            "time": "14.06.2021 15:42",
            "open": "9.907",
            "high": "9.907",
            "low": "9.907",
            "close": "9.917"
        },
        {
            "time": "14.06.2021 15:43",
            "open": "9.917",
            "high": "9.928",
            "low": "9.917",
            "close": "9.945"
        },
        {
            "time": "14.06.2021 15:44",
            "open": "9.945",
            "high": "9.945",
            "low": "9.945",
            "close": "9.947"
        },
        {
            "time": "14.06.2021 15:45",
            "open": "9.947",
            "high": "9.948",
            "low": "9.862",
            "close": "9.91"
        },
        {
            "time": "14.06.2021 15:48",
            "open": "9.91",
            "high": "9.912",
            "low": "9.91",
            "close": "9.889"
        },
        {
            "time": "14.06.2021 15:51",
            "open": "9.889",
            "high": "9.889",
            "low": "9.889",
            "close": "9.884"
        },
        {
            "time": "14.06.2021 15:52",
            "open": "9.884",
            "high": "9.884",
            "low": "9.88",
            "close": "9.88"
        },
        {
            "time": "14.06.2021 15:53",
            "open": "9.88",
            "high": "9.88",
            "low": "9.88",
            "close": "9.847"
        },
        {
            "time": "14.06.2021 16:01",
            "open": "9.847",
            "high": "9.847",
            "low": "9.829",
            "close": "9.832"
        },
        {
            "time": "14.06.2021 16:02",
            "open": "9.832",
            "high": "9.853",
            "low": "9.832",
            "close": "9.847"
        },
        {
            "time": "14.06.2021 16:03",
            "open": "9.847",
            "high": "9.847",
            "low": "9.847",
            "close": "9.88"
        },
        {
            "time": "14.06.2021 16:08",
            "open": "9.88",
            "high": "9.887",
            "low": "9.88",
            "close": "9.927"
        },
        {
            "time": "14.06.2021 16:10",
            "open": "9.927",
            "high": "9.946",
            "low": "9.927",
            "close": "9.93"
        },
        {
            "time": "14.06.2021 16:13",
            "open": "9.93",
            "high": "9.93",
            "low": "9.886",
            "close": "9.915"
        },
        {
            "time": "14.06.2021 16:14",
            "open": "9.915",
            "high": "9.915",
            "low": "9.915",
            "close": "9.925"
        },
        {
            "time": "14.06.2021 16:15",
            "open": "9.925",
            "high": "9.951",
            "low": "9.925",
            "close": "9.942"
        },
        {
            "time": "14.06.2021 16:16",
            "open": "9.942",
            "high": "9.951",
            "low": "9.942",
            "close": "9.98"
        },
        {
            "time": "14.06.2021 16:17",
            "open": "9.98",
            "high": "9.999",
            "low": "10",
            "close": "10.04"
        },
        {
            "time": "14.06.2021 16:18",
            "open": "10.04",
            "high": "10.05",
            "low": "10.04",
            "close": "10.012"
        },
        {
            "time": "14.06.2021 16:19",
            "open": "10.012",
            "high": "10.012",
            "low": "10.012",
            "close": "9.943"
        },
        {
            "time": "14.06.2021 16:20",
            "open": "9.943",
            "high": "9.943",
            "low": "9.932",
            "close": "9.932"
        },
        {
            "time": "14.06.2021 16:21",
            "open": "9.932",
            "high": "9.932",
            "low": "9.932",
            "close": "9.933"
        },
        {
            "time": "14.06.2021 16:25",
            "open": "9.933",
            "high": "9.933",
            "low": "9.933",
            "close": "9.977"
        },
        {
            "time": "14.06.2021 16:28",
            "open": "9.977",
            "high": "9.993",
            "low": "9.977",
            "close": "9.985"
        },
        {
            "time": "14.06.2021 16:30",
            "open": "9.985",
            "high": "9.985",
            "low": "9.985",
            "close": "9.985"
        },
        {
            "time": "14.06.2021 16:31",
            "open": "9.985",
            "high": "9.985",
            "low": "9.97",
            "close": "9.914"
        },
        {
            "time": "14.06.2021 16:36",
            "open": "9.914",
            "high": "9.914",
            "low": "9.914",
            "close": "9.904"
        },
        {
            "time": "14.06.2021 16:37",
            "open": "9.904",
            "high": "9.904",
            "low": "9.899",
            "close": "9.888"
        },
        {
            "time": "14.06.2021 16:42",
            "open": "9.888",
            "high": "9.888",
            "low": "9.888",
            "close": "9.885"
        },
        {
            "time": "14.06.2021 16:43",
            "open": "9.885",
            "high": "9.885",
            "low": "9.885",
            "close": "9.886"
        },
        {
            "time": "14.06.2021 16:45",
            "open": "9.886",
            "high": "9.886",
            "low": "9.86",
            "close": "9.874"
        },
        {
            "time": "14.06.2021 16:46",
            "open": "9.874",
            "high": "9.892",
            "low": "9.874",
            "close": "9.862"
        },
        {
            "time": "14.06.2021 16:49",
            "open": "9.862",
            "high": "9.862",
            "low": "9.844",
            "close": "9.85"
        },
        {
            "time": "14.06.2021 16:50",
            "open": "9.85",
            "high": "9.85",
            "low": "9.85",
            "close": "9.867"
        },
        {
            "time": "14.06.2021 16:53",
            "open": "9.867",
            "high": "9.867",
            "low": "9.867",
            "close": "9.844"
        },
        {
            "time": "14.06.2021 16:56",
            "open": "9.844",
            "high": "9.844",
            "low": "9.844",
            "close": "9.823"
        },
        {
            "time": "14.06.2021 16:57",
            "open": "9.823",
            "high": "9.823",
            "low": "9.769",
            "close": "9.799"
        },
        {
            "time": "14.06.2021 17:00",
            "open": "9.799",
            "high": "9.799",
            "low": "9.787",
            "close": "9.793"
        },
        {
            "time": "14.06.2021 17:02",
            "open": "9.793",
            "high": "9.793",
            "low": "9.791",
            "close": "9.808"
        },
        {
            "time": "14.06.2021 17:16",
            "open": "9.808",
            "high": "9.808",
            "low": "9.808",
            "close": "9.786"
        },
        {
            "time": "14.06.2021 17:18",
            "open": "9.786",
            "high": "9.786",
            "low": "9.786",
            "close": "9.745"
        },
        {
            "time": "14.06.2021 17:19",
            "open": "9.745",
            "high": "9.772",
            "low": "9.745",
            "close": "9.757"
        },
        {
            "time": "14.06.2021 17:22",
            "open": "9.757",
            "high": "9.757",
            "low": "9.757",
            "close": "9.757"
        },
        {
            "time": "14.06.2021 17:23",
            "open": "9.757",
            "high": "9.757",
            "low": "9.757",
            "close": "9.738"
        },
        {
            "time": "14.06.2021 17:28",
            "open": "9.738",
            "high": "9.738",
            "low": "9.721",
            "close": "9.691"
        },
        {
            "time": "14.06.2021 17:29",
            "open": "9.691",
            "high": "9.731",
            "low": "9.691",
            "close": "9.785"
        },
        {
            "time": "14.06.2021 17:36",
            "open": "9.785",
            "high": "9.785",
            "low": "9.76",
            "close": "9.753"
        },
        {
            "time": "14.06.2021 17:42",
            "open": "9.753",
            "high": "9.753",
            "low": "9.753",
            "close": "9.757"
        },
        {
            "time": "14.06.2021 17:45",
            "open": "9.757",
            "high": "9.758",
            "low": "9.757",
            "close": "9.79"
        },
        {
            "time": "14.06.2021 17:53",
            "open": "9.79",
            "high": "9.79",
            "low": "9.79",
            "close": "9.796"
        },
        {
            "time": "14.06.2021 17:58",
            "open": "9.796",
            "high": "9.801",
            "low": "9.796",
            "close": "9.802"
        },
        {
            "time": "14.06.2021 17:59",
            "open": "9.802",
            "high": "9.802",
            "low": "9.802",
            "close": "9.82"
        },
        {
            "time": "14.06.2021 18:00",
            "open": "9.82",
            "high": "9.82",
            "low": "9.8",
            "close": "9.8"
        },
        {
            "time": "14.06.2021 18:01",
            "open": "9.8",
            "high": "9.8",
            "low": "9.8",
            "close": "9.774"
        },
        {
            "time": "14.06.2021 18:02",
            "open": "9.774",
            "high": "9.774",
            "low": "9.758",
            "close": "9.756"
        },
        {
            "time": "14.06.2021 18:04",
            "open": "9.756",
            "high": "9.756",
            "low": "9.756",
            "close": "9.817"
        },
        {
            "time": "14.06.2021 18:06",
            "open": "9.817",
            "high": "9.82",
            "low": "9.817",
            "close": "9.832"
        },
        {
            "time": "14.06.2021 18:07",
            "open": "9.832",
            "high": "9.839",
            "low": "9.832",
            "close": "9.818"
        },
        {
            "time": "14.06.2021 18:09",
            "open": "9.818",
            "high": "9.822",
            "low": "9.818",
            "close": "9.78"
        },
        {
            "time": "14.06.2021 18:14",
            "open": "9.78",
            "high": "9.803",
            "low": "9.78",
            "close": "9.843"
        },
        {
            "time": "14.06.2021 18:15",
            "open": "9.843",
            "high": "9.843",
            "low": "9.843",
            "close": "9.882"
        },
        {
            "time": "14.06.2021 18:19",
            "open": "9.882",
            "high": "9.882",
            "low": "9.882",
            "close": "9.903"
        },
        {
            "time": "14.06.2021 18:20",
            "open": "9.903",
            "high": "9.907",
            "low": "9.903",
            "close": "9.918"
        },
        {
            "time": "14.06.2021 18:21",
            "open": "9.918",
            "high": "9.918",
            "low": "9.918",
            "close": "9.867"
        },
        {
            "time": "14.06.2021 18:23",
            "open": "9.867",
            "high": "9.867",
            "low": "9.867",
            "close": "9.891"
        },
        {
            "time": "14.06.2021 18:24",
            "open": "9.891",
            "high": "9.891",
            "low": "9.891",
            "close": "9.872"
        },
        {
            "time": "14.06.2021 18:26",
            "open": "9.872",
            "high": "9.872",
            "low": "9.872",
            "close": "9.857"
        },
        {
            "time": "14.06.2021 18:29",
            "open": "9.857",
            "high": "9.863",
            "low": "9.857",
            "close": "9.863"
        },
        {
            "time": "14.06.2021 18:31",
            "open": "9.863",
            "high": "9.863",
            "low": "9.863",
            "close": "9.834"
        },
        {
            "time": "14.06.2021 18:33",
            "open": "9.834",
            "high": "9.834",
            "low": "9.834",
            "close": "9.816"
        },
        {
            "time": "14.06.2021 18:35",
            "open": "9.816",
            "high": "9.816",
            "low": "9.81",
            "close": "9.803"
        },
        {
            "time": "14.06.2021 18:36",
            "open": "9.803",
            "high": "9.803",
            "low": "9.803",
            "close": "9.803"
        },
        {
            "time": "14.06.2021 18:37",
            "open": "9.803",
            "high": "9.803",
            "low": "9.775",
            "close": "9.784"
        },
        {
            "time": "14.06.2021 18:38",
            "open": "9.784",
            "high": "9.784",
            "low": "9.784",
            "close": "9.771"
        },
        {
            "time": "14.06.2021 18:40",
            "open": "9.771",
            "high": "9.771",
            "low": "9.771",
            "close": "9.751"
        },
        {
            "time": "14.06.2021 18:42",
            "open": "9.751",
            "high": "9.751",
            "low": "9.751",
            "close": "9.76"
        },
        {
            "time": "14.06.2021 18:45",
            "open": "9.76",
            "high": "9.76",
            "low": "9.749",
            "close": "9.783"
        },
        {
            "time": "14.06.2021 18:46",
            "open": "9.783",
            "high": "9.783",
            "low": "9.783",
            "close": "9.751"
        },
        {
            "time": "14.06.2021 18:48",
            "open": "9.751",
            "high": "9.758",
            "low": "9.746",
            "close": "9.763"
        },
        {
            "time": "14.06.2021 18:49",
            "open": "9.763",
            "high": "9.767",
            "low": "9.763",
            "close": "9.771"
        },
        {
            "time": "14.06.2021 18:50",
            "open": "9.771",
            "high": "9.771",
            "low": "9.771",
            "close": "9.76"
        },
        {
            "time": "14.06.2021 18:53",
            "open": "9.76",
            "high": "9.777",
            "low": "9.76",
            "close": "9.777"
        },
        {
            "time": "14.06.2021 18:54",
            "open": "9.777",
            "high": "9.777",
            "low": "9.777",
            "close": "9.794"
        },
        {
            "time": "14.06.2021 18:56",
            "open": "9.794",
            "high": "9.794",
            "low": "9.794",
            "close": "9.794"
        },
        {
            "time": "14.06.2021 18:57",
            "open": "9.794",
            "high": "9.851",
            "low": "9.794",
            "close": "9.85"
        },
        {
            "time": "14.06.2021 19:01",
            "open": "9.85",
            "high": "9.855",
            "low": "9.846",
            "close": "9.854"
        },
        {
            "time": "14.06.2021 19:02",
            "open": "9.854",
            "high": "9.854",
            "low": "9.854",
            "close": "9.854"
        },
        {
            "time": "14.06.2021 19:04",
            "open": "9.854",
            "high": "9.854",
            "low": "9.854",
            "close": "9.832"
        },
        {
            "time": "14.06.2021 19:07",
            "open": "9.832",
            "high": "9.834",
            "low": "9.832",
            "close": "9.833"
        },
        {
            "time": "14.06.2021 19:11",
            "open": "9.833",
            "high": "9.833",
            "low": "9.833",
            "close": "9.82"
        },
        {
            "time": "14.06.2021 19:21",
            "open": "9.82",
            "high": "9.826",
            "low": "9.82",
            "close": "9.878"
        },
        {
            "time": "14.06.2021 19:24",
            "open": "9.878",
            "high": "9.881",
            "low": "9.878",
            "close": "9.861"
        },
        {
            "time": "14.06.2021 19:25",
            "open": "9.861",
            "high": "9.861",
            "low": "9.856",
            "close": "9.856"
        },
        {
            "time": "14.06.2021 19:26",
            "open": "9.856",
            "high": "9.856",
            "low": "9.824",
            "close": "9.814"
        },
        {
            "time": "14.06.2021 19:28",
            "open": "9.814",
            "high": "9.915",
            "low": "9.814",
            "close": "9.878"
        },
        {
            "time": "14.06.2021 19:29",
            "open": "9.878",
            "high": "9.98",
            "low": "10.023",
            "close": "10.081"
        },
        {
            "time": "14.06.2021 19:30",
            "open": "10.081",
            "high": "10.176",
            "low": "10.081",
            "close": "10.154"
        },
        {
            "time": "14.06.2021 19:31",
            "open": "10.154",
            "high": "10.2",
            "low": "10.147",
            "close": "10.174"
        },
        {
            "time": "14.06.2021 19:32",
            "open": "10.174",
            "high": "10.174",
            "low": "10.097",
            "close": "10.063"
        },
        {
            "time": "14.06.2021 19:33",
            "open": "10.063",
            "high": "10.063",
            "low": "10.024",
            "close": "10.069"
        },
        {
            "time": "14.06.2021 19:34",
            "open": "10.069",
            "high": "10.077",
            "low": "10.069",
            "close": "10.023"
        },
        {
            "time": "14.06.2021 19:35",
            "open": "10.023",
            "high": "10.023",
            "low": "10.023",
            "close": "10.045"
        },
        {
            "time": "14.06.2021 19:36",
            "open": "10.045",
            "high": "10.045",
            "low": "10.045",
            "close": "10.076"
        },
        {
            "time": "14.06.2021 19:37",
            "open": "10.076",
            "high": "10.148",
            "low": "10.076",
            "close": "10.16"
        },
        {
            "time": "14.06.2021 19:38",
            "open": "10.16",
            "high": "10.206",
            "low": "10.16",
            "close": "10.214"
        },
        {
            "time": "14.06.2021 19:39",
            "open": "10.214",
            "high": "10.22",
            "low": "10.196",
            "close": "10.196"
        },
        {
            "time": "14.06.2021 19:40",
            "open": "10.196",
            "high": "10.197",
            "low": "10.116",
            "close": "10.132"
        },
        {
            "time": "14.06.2021 19:41",
            "open": "10.132",
            "high": "10.155",
            "low": "10.132",
            "close": "10.238"
        },
        {
            "time": "14.06.2021 19:42",
            "open": "10.238",
            "high": "10.25",
            "low": "10.238",
            "close": "10.232"
        },
        {
            "time": "14.06.2021 19:43",
            "open": "10.232",
            "high": "10.232",
            "low": "10.195",
            "close": "10.242"
        },
        {
            "time": "14.06.2021 19:44",
            "open": "10.242",
            "high": "10.245",
            "low": "10.242",
            "close": "10.226"
        },
        {
            "time": "14.06.2021 19:46",
            "open": "10.226",
            "high": "10.251",
            "low": "10.224",
            "close": "10.234"
        },
        {
            "time": "14.06.2021 19:47",
            "open": "10.234",
            "high": "10.251",
            "low": "10.234",
            "close": "10.281"
        },
        {
            "time": "14.06.2021 19:48",
            "open": "10.281",
            "high": "10.3",
            "low": "10.28",
            "close": "10.279"
        },
        {
            "time": "14.06.2021 19:49",
            "open": "10.279",
            "high": "10.317",
            "low": "10.243",
            "close": "10.293"
        },
        {
            "time": "14.06.2021 19:50",
            "open": "10.293",
            "high": "10.314",
            "low": "10.288",
            "close": "10.295"
        },
        {
            "time": "14.06.2021 19:51",
            "open": "10.295",
            "high": "10.35",
            "low": "10.294",
            "close": "10.34"
        },
        {
            "time": "14.06.2021 19:52",
            "open": "10.34",
            "high": "10.344",
            "low": "10.272",
            "close": "10.284"
        },
        {
            "time": "14.06.2021 19:54",
            "open": "10.284",
            "high": "10.284",
            "low": "10.279",
            "close": "10.283"
        },
        {
            "time": "14.06.2021 19:55",
            "open": "10.283",
            "high": "10.288",
            "low": "10.283",
            "close": "10.305"
        },
        {
            "time": "14.06.2021 19:56",
            "open": "10.305",
            "high": "10.338",
            "low": "10.305",
            "close": "10.341"
        },
        {
            "time": "14.06.2021 19:57",
            "open": "10.341",
            "high": "10.392",
            "low": "10.341",
            "close": "10.391"
        },
        {
            "time": "14.06.2021 19:58",
            "open": "10.391",
            "high": "10.4",
            "low": "10.378",
            "close": "10.381"
        },
        {
            "time": "14.06.2021 19:59",
            "open": "10.381",
            "high": "10.381",
            "low": "10.368",
            "close": "10.367"
        },
        {
            "time": "14.06.2021 20:00",
            "open": "10.367",
            "high": "10.367",
            "low": "10.367",
            "close": "10.367"
        },
        {
            "time": "14.06.2021 20:01",
            "open": "10.367",
            "high": "10.367",
            "low": "10.367",
            "close": "10.367"
        },
        {
            "time": "14.06.2021 20:02",
            "open": "10.367",
            "high": "10.367",
            "low": "10.367",
            "close": "10.3"
        },
        {
            "time": "14.06.2021 20:05",
            "open": "10.3",
            "high": "10.3",
            "low": "10.3",
            "close": "10.294"
        },
        {
            "time": "14.06.2021 20:07",
            "open": "10.294",
            "high": "10.294",
            "low": "10.294",
            "close": "10.298"
        },
        {
            "time": "14.06.2021 20:08",
            "open": "10.298",
            "high": "10.298",
            "low": "10.298",
            "close": "10.293"
        },
        {
            "time": "14.06.2021 20:10",
            "open": "10.293",
            "high": "10.293",
            "low": "10.293",
            "close": "10.291"
        },
        {
            "time": "14.06.2021 20:11",
            "open": "10.291",
            "high": "10.305",
            "low": "10.291",
            "close": "10.239"
        },
        {
            "time": "14.06.2021 20:12",
            "open": "10.239",
            "high": "10.297",
            "low": "10.239",
            "close": "10.271"
        },
        {
            "time": "14.06.2021 20:13",
            "open": "10.271",
            "high": "10.271",
            "low": "10.242",
            "close": "10.163"
        },
        {
            "time": "14.06.2021 20:18",
            "open": "10.163",
            "high": "10.163",
            "low": "10.163",
            "close": "10.137"
        },
        {
            "time": "14.06.2021 20:20",
            "open": "10.137",
            "high": "10.137",
            "low": "10.13",
            "close": "10.177"
        },
        {
            "time": "14.06.2021 20:22",
            "open": "10.177",
            "high": "10.177",
            "low": "10.151",
            "close": "10.163"
        },
        {
            "time": "14.06.2021 20:23",
            "open": "10.163",
            "high": "10.191",
            "low": "10.163",
            "close": "10.157"
        },
        {
            "time": "14.06.2021 20:25",
            "open": "10.157",
            "high": "10.157",
            "low": "10.157",
            "close": "10.18"
        },
        {
            "time": "14.06.2021 20:29",
            "open": "10.18",
            "high": "10.18",
            "low": "10.172",
            "close": "10.15"
        },
        {
            "time": "14.06.2021 20:33",
            "open": "10.15",
            "high": "10.15",
            "low": "10.15",
            "close": "10.151"
        },
        {
            "time": "14.06.2021 20:38",
            "open": "10.151",
            "high": "10.151",
            "low": "10.151",
            "close": "10.149"
        },
        {
            "time": "14.06.2021 20:39",
            "open": "10.149",
            "high": "10.149",
            "low": "10.145",
            "close": "10.131"
        },
        {
            "time": "14.06.2021 20:44",
            "open": "10.131",
            "high": "10.131",
            "low": "10.106",
            "close": "10.046"
        },
        {
            "time": "14.06.2021 20:53",
            "open": "10.046",
            "high": "10.046",
            "low": "10.046",
            "close": "10.06"
        },
        {
            "time": "14.06.2021 20:55",
            "open": "10.06",
            "high": "10.076",
            "low": "10.06",
            "close": "10.087"
        },
        {
            "time": "14.06.2021 20:58",
            "open": "10.087",
            "high": "10.141",
            "low": "10.087",
            "close": "10.146"
        },
        {
            "time": "14.06.2021 20:59",
            "open": "10.146",
            "high": "10.157",
            "low": "10.146",
            "close": "10.131"
        },
        {
            "time": "14.06.2021 21:00",
            "open": "10.131",
            "high": "10.131",
            "low": "10.131",
            "close": "10.145"
        },
        {
            "time": "14.06.2021 21:02",
            "open": "10.145",
            "high": "10.145",
            "low": "10.142",
            "close": "10.12"
        },
        {
            "time": "14.06.2021 21:05",
            "open": "10.12",
            "high": "10.123",
            "low": "10.12",
            "close": "10.084"
        },
        {
            "time": "14.06.2021 21:06",
            "open": "10.084",
            "high": "10.084",
            "low": "10.081",
            "close": "10.061"
        },
        {
            "time": "14.06.2021 21:07",
            "open": "10.061",
            "high": "10.061",
            "low": "10.061",
            "close": "10.051"
        },
        {
            "time": "14.06.2021 21:10",
            "open": "10.051",
            "high": "10.051",
            "low": "10.051",
            "close": "10.048"
        },
        {
            "time": "14.06.2021 21:12",
            "open": "10.048",
            "high": "10.061",
            "low": "10.048",
            "close": "10.057"
        },
        {
            "time": "14.06.2021 21:13",
            "open": "10.057",
            "high": "10.057",
            "low": "10.057",
            "close": "10.05"
        },
        {
            "time": "14.06.2021 21:14",
            "open": "10.05",
            "high": "10.05",
            "low": "10.05",
            "close": "10.058"
        },
        {
            "time": "14.06.2021 21:16",
            "open": "10.058",
            "high": "10.058",
            "low": "10.056",
            "close": "10.071"
        },
        {
            "time": "14.06.2021 21:30",
            "open": "10.071",
            "high": "10.075",
            "low": "10.071",
            "close": "10.071"
        },
        {
            "time": "14.06.2021 21:37",
            "open": "10.071",
            "high": "10.071",
            "low": "10.071",
            "close": "10.093"
        },
        {
            "time": "14.06.2021 21:38",
            "open": "10.093",
            "high": "10.093",
            "low": "10.093",
            "close": "10.125"
        },
        {
            "time": "14.06.2021 21:42",
            "open": "10.125",
            "high": "10.125",
            "low": "10.125",
            "close": "10.157"
        },
        {
            "time": "14.06.2021 21:44",
            "open": "10.157",
            "high": "10.157",
            "low": "10.157",
            "close": "10.176"
        },
        {
            "time": "14.06.2021 21:50",
            "open": "10.176",
            "high": "10.176",
            "low": "10.176",
            "close": "10.165"
        },
        {
            "time": "14.06.2021 21:51",
            "open": "10.165",
            "high": "10.165",
            "low": "10.163",
            "close": "10.192"
        },
        {
            "time": "14.06.2021 21:53",
            "open": "10.192",
            "high": "10.234",
            "low": "10.192",
            "close": "10.236"
        },
        {
            "time": "14.06.2021 21:54",
            "open": "10.236",
            "high": "10.236",
            "low": "10.232",
            "close": "10.179"
        },
        {
            "time": "14.06.2021 21:55",
            "open": "10.179",
            "high": "10.179",
            "low": "10.176",
            "close": "10.147"
        },
        {
            "time": "14.06.2021 21:58",
            "open": "10.147",
            "high": "10.147",
            "low": "10.147",
            "close": "10.164"
        },
        {
            "time": "14.06.2021 21:59",
            "open": "10.164",
            "high": "10.182",
            "low": "10.164",
            "close": "10.19"
        },
        {
            "time": "14.06.2021 22:02",
            "open": "10.19",
            "high": "10.19",
            "low": "10.19",
            "close": "10.208"
        },
        {
            "time": "14.06.2021 22:05",
            "open": "10.208",
            "high": "10.247",
            "low": "10.208",
            "close": "10.269"
        },
        {
            "time": "14.06.2021 22:06",
            "open": "10.269",
            "high": "10.28",
            "low": "10.269",
            "close": "10.29"
        },
        {
            "time": "14.06.2021 22:07",
            "open": "10.29",
            "high": "10.306",
            "low": "10.29",
            "close": "10.306"
        },
        {
            "time": "14.06.2021 22:08",
            "open": "10.306",
            "high": "10.306",
            "low": "10.3",
            "close": "10.277"
        },
        {
            "time": "14.06.2021 22:11",
            "open": "10.277",
            "high": "10.279",
            "low": "10.268",
            "close": "10.28"
        },
        {
            "time": "14.06.2021 22:15",
            "open": "10.28",
            "high": "10.28",
            "low": "10.28",
            "close": "10.262"
        },
        {
            "time": "14.06.2021 22:16",
            "open": "10.262",
            "high": "10.271",
            "low": "10.262",
            "close": "10.254"
        },
        {
            "time": "14.06.2021 22:18",
            "open": "10.254",
            "high": "10.254",
            "low": "10.254",
            "close": "10.263"
        },
        {
            "time": "14.06.2021 22:20",
            "open": "10.263",
            "high": "10.263",
            "low": "10.263",
            "close": "10.182"
        },
        {
            "time": "14.06.2021 22:23",
            "open": "10.182",
            "high": "10.182",
            "low": "10.182",
            "close": "10.159"
        },
        {
            "time": "14.06.2021 22:27",
            "open": "10.159",
            "high": "10.183",
            "low": "10.159",
            "close": "10.146"
        },
        {
            "time": "14.06.2021 22:34",
            "open": "10.146",
            "high": "10.146",
            "low": "10.102",
            "close": "10.111"
        },
        {
            "time": "14.06.2021 22:35",
            "open": "10.111",
            "high": "10.111",
            "low": "10.111",
            "close": "10.132"
        },
        {
            "time": "14.06.2021 22:36",
            "open": "10.132",
            "high": "10.134",
            "low": "10.132",
            "close": "10.116"
        },
        {
            "time": "14.06.2021 22:38",
            "open": "10.116",
            "high": "10.116",
            "low": "10.112",
            "close": "10.101"
        },
        {
            "time": "14.06.2021 22:40",
            "open": "10.101",
            "high": "10.101",
            "low": "10.101",
            "close": "10.131"
        },
        {
            "time": "14.06.2021 22:43",
            "open": "10.131",
            "high": "10.131",
            "low": "10.131",
            "close": "10.124"
        },
        {
            "time": "14.06.2021 22:48",
            "open": "10.124",
            "high": "10.145",
            "low": "10.124",
            "close": "10.128"
        },
        {
            "time": "14.06.2021 22:50",
            "open": "10.128",
            "high": "10.128",
            "low": "10.128",
            "close": "10.133"
        },
        {
            "time": "14.06.2021 22:54",
            "open": "10.133",
            "high": "10.135",
            "low": "10.119",
            "close": "10.189"
        },
        {
            "time": "14.06.2021 23:02",
            "open": "10.189",
            "high": "10.189",
            "low": "10.189",
            "close": "10.186"
        },
        {
            "time": "14.06.2021 23:04",
            "open": "10.186",
            "high": "10.186",
            "low": "10.186",
            "close": "10.211"
        },
        {
            "time": "14.06.2021 23:11",
            "open": "10.211",
            "high": "10.212",
            "low": "10.211",
            "close": "10.208"
        },
        {
            "time": "14.06.2021 23:20",
            "open": "10.208",
            "high": "10.208",
            "low": "10.208",
            "close": "10.198"
        },
        {
            "time": "14.06.2021 23:31",
            "open": "10.198",
            "high": "10.198",
            "low": "10.198",
            "close": "10.184"
        },
        {
            "time": "14.06.2021 23:33",
            "open": "10.184",
            "high": "10.184",
            "low": "10.184",
            "close": "10.14"
        },
        {
            "time": "14.06.2021 23:35",
            "open": "10.14",
            "high": "10.14",
            "low": "10.14",
            "close": "10.098"
        },
        {
            "time": "14.06.2021 23:39",
            "open": "10.098",
            "high": "10.098",
            "low": "10.098",
            "close": "10.066"
        },
        {
            "time": "14.06.2021 23:45",
            "open": "10.066",
            "high": "10.066",
            "low": "10.066",
            "close": "10.052"
        },
        {
            "time": "14.06.2021 23:48",
            "open": "10.052",
            "high": "10.052",
            "low": "10.051",
            "close": "10.055"
        },
        {
            "time": "14.06.2021 23:55",
            "open": "10.055",
            "high": "10.067",
            "low": "10.055",
            "close": "10.114"
        }
    ]
}