{
    "UMA-EUR": [
        {
            "time": "07.01.2021 23:51",
            "open": "8.258",
            "high": "8.258",
            "low": "8.258",
            "close": "8.239"
        },
        {
            "time": "08.01.2021 00:03",
            "open": "8.239",
            "high": "8.239",
            "low": "8.193",
            "close": "8.217"
        },
        {
            "time": "08.01.2021 00:04",
            "open": "8.217",
            "high": "8.218",
            "low": "8.217",
            "close": "8.254"
        },
        {
            "time": "08.01.2021 00:06",
            "open": "8.254",
            "high": "8.255",
            "low": "8.254",
            "close": "8.216"
        },
        {
            "time": "08.01.2021 00:07",
            "open": "8.216",
            "high": "8.216",
            "low": "8.216",
            "close": "8.2"
        },
        {
            "time": "08.01.2021 00:09",
            "open": "8.2",
            "high": "8.2",
            "low": "8.2",
            "close": "8.199"
        },
        {
            "time": "08.01.2021 00:10",
            "open": "8.199",
            "high": "8.199",
            "low": "8.139",
            "close": "8.14"
        },
        {
            "time": "08.01.2021 00:11",
            "open": "8.14",
            "high": "8.272",
            "low": "8.14",
            "close": "8.174"
        },
        {
            "time": "08.01.2021 00:12",
            "open": "8.174",
            "high": "8.179",
            "low": "8.094",
            "close": "8.176"
        },
        {
            "time": "08.01.2021 00:13",
            "open": "8.176",
            "high": "8.176",
            "low": "8.099",
            "close": "8.176"
        },
        {
            "time": "08.01.2021 00:14",
            "open": "8.176",
            "high": "8.179",
            "low": "8.176",
            "close": "8.15"
        },
        {
            "time": "08.01.2021 00:16",
            "open": "8.15",
            "high": "8.15",
            "low": "8.15",
            "close": "8.142"
        },
        {
            "time": "08.01.2021 00:17",
            "open": "8.142",
            "high": "8.142",
            "low": "8.142",
            "close": "8.141"
        },
        {
            "time": "08.01.2021 00:19",
            "open": "8.141",
            "high": "8.15",
            "low": "8.141",
            "close": "8.15"
        },
        {
            "time": "08.01.2021 00:23",
            "open": "8.15",
            "high": "8.175",
            "low": "8.15",
            "close": "8.138"
        },
        {
            "time": "08.01.2021 00:32",
            "open": "8.138",
            "high": "8.138",
            "low": "8.138",
            "close": "8.137"
        },
        {
            "time": "08.01.2021 00:34",
            "open": "8.137",
            "high": "8.137",
            "low": "8.137",
            "close": "8.13"
        },
        {
            "time": "08.01.2021 00:36",
            "open": "8.13",
            "high": "8.13",
            "low": "8.13",
            "close": "8.094"
        },
        {
            "time": "08.01.2021 00:41",
            "open": "8.094",
            "high": "8.094",
            "low": "8.094",
            "close": "8.138"
        },
        {
            "time": "08.01.2021 00:43",
            "open": "8.138",
            "high": "8.139",
            "low": "8.138",
            "close": "8.151"
        },
        {
            "time": "08.01.2021 01:04",
            "open": "8.151",
            "high": "8.175",
            "low": "8.151",
            "close": "8.175"
        },
        {
            "time": "08.01.2021 01:06",
            "open": "8.175",
            "high": "8.175",
            "low": "8.175",
            "close": "8.155"
        },
        {
            "time": "08.01.2021 01:10",
            "open": "8.155",
            "high": "8.155",
            "low": "8.155",
            "close": "8.138"
        },
        {
            "time": "08.01.2021 01:12",
            "open": "8.138",
            "high": "8.138",
            "low": "8.138",
            "close": "8.14"
        },
        {
            "time": "08.01.2021 01:13",
            "open": "8.14",
            "high": "8.14",
            "low": "8.14",
            "close": "8.175"
        },
        {
            "time": "08.01.2021 01:15",
            "open": "8.175",
            "high": "8.175",
            "low": "8.175",
            "close": "8.161"
        },
        {
            "time": "08.01.2021 01:16",
            "open": "8.161",
            "high": "8.162",
            "low": "8.141",
            "close": "8.142"
        },
        {
            "time": "08.01.2021 01:20",
            "open": "8.142",
            "high": "8.142",
            "low": "8.141",
            "close": "8.144"
        },
        {
            "time": "08.01.2021 01:22",
            "open": "8.144",
            "high": "8.144",
            "low": "8.144",
            "close": "8.131"
        },
        {
            "time": "08.01.2021 01:31",
            "open": "8.131",
            "high": "8.131",
            "low": "8.131",
            "close": "8.159"
        },
        {
            "time": "08.01.2021 01:34",
            "open": "8.159",
            "high": "8.163",
            "low": "8.159",
            "close": "8.106"
        },
        {
            "time": "08.01.2021 01:47",
            "open": "8.106",
            "high": "8.11",
            "low": "8.106",
            "close": "8.107"
        },
        {
            "time": "08.01.2021 01:51",
            "open": "8.107",
            "high": "8.163",
            "low": "8.097",
            "close": "8.094"
        },
        {
            "time": "08.01.2021 01:56",
            "open": "8.094",
            "high": "8.094",
            "low": "8.094",
            "close": "8.092"
        },
        {
            "time": "08.01.2021 01:59",
            "open": "8.092",
            "high": "8.092",
            "low": "8.085",
            "close": "8.098"
        },
        {
            "time": "08.01.2021 02:00",
            "open": "8.098",
            "high": "8.098",
            "low": "8.098",
            "close": "8.108"
        },
        {
            "time": "08.01.2021 02:04",
            "open": "8.108",
            "high": "8.108",
            "low": "8.108",
            "close": "8.072"
        },
        {
            "time": "08.01.2021 02:10",
            "open": "8.072",
            "high": "8.072",
            "low": "8.069",
            "close": "8.046"
        },
        {
            "time": "08.01.2021 02:11",
            "open": "8.046",
            "high": "8.046",
            "low": "8.046",
            "close": "8.033"
        },
        {
            "time": "08.01.2021 02:12",
            "open": "8.033",
            "high": "8.033",
            "low": "8.017",
            "close": "8"
        },
        {
            "time": "08.01.2021 02:13",
            "open": "8",
            "high": "8",
            "low": "7.996",
            "close": "7.996"
        },
        {
            "time": "08.01.2021 02:14",
            "open": "7.996",
            "high": "8.01",
            "low": "7.996",
            "close": "8.012"
        },
        {
            "time": "08.01.2021 02:15",
            "open": "8.012",
            "high": "8.012",
            "low": "8.01",
            "close": "8.01"
        },
        {
            "time": "08.01.2021 02:17",
            "open": "8.01",
            "high": "8.01",
            "low": "8.01",
            "close": "8.01"
        },
        {
            "time": "08.01.2021 02:18",
            "open": "8.01",
            "high": "8.01",
            "low": "8.01",
            "close": "8.017"
        },
        {
            "time": "08.01.2021 02:20",
            "open": "8.017",
            "high": "8.019",
            "low": "8.017",
            "close": "8.017"
        },
        {
            "time": "08.01.2021 02:25",
            "open": "8.017",
            "high": "8.017",
            "low": "8",
            "close": "8.011"
        },
        {
            "time": "08.01.2021 02:26",
            "open": "8.011",
            "high": "8.011",
            "low": "8.011",
            "close": "7.978"
        },
        {
            "time": "08.01.2021 02:27",
            "open": "7.978",
            "high": "7.978",
            "low": "7.977",
            "close": "7.977"
        },
        {
            "time": "08.01.2021 02:29",
            "open": "7.977",
            "high": "7.977",
            "low": "7.971",
            "close": "7.953"
        },
        {
            "time": "08.01.2021 02:31",
            "open": "7.953",
            "high": "7.953",
            "low": "7.948",
            "close": "7.93"
        },
        {
            "time": "08.01.2021 02:32",
            "open": "7.93",
            "high": "7.93",
            "low": "7.93",
            "close": "7.93"
        },
        {
            "time": "08.01.2021 02:33",
            "open": "7.93",
            "high": "7.93",
            "low": "7.864",
            "close": "7.942"
        },
        {
            "time": "08.01.2021 02:34",
            "open": "7.942",
            "high": "7.942",
            "low": "7.942",
            "close": "7.857"
        },
        {
            "time": "08.01.2021 02:35",
            "open": "7.857",
            "high": "7.857",
            "low": "7.833",
            "close": "7.829"
        },
        {
            "time": "08.01.2021 02:36",
            "open": "7.829",
            "high": "7.829",
            "low": "7.81",
            "close": "7.809"
        },
        {
            "time": "08.01.2021 02:37",
            "open": "7.809",
            "high": "7.809",
            "low": "7.809",
            "close": "7.808"
        },
        {
            "time": "08.01.2021 02:39",
            "open": "7.808",
            "high": "7.808",
            "low": "7.8",
            "close": "7.809"
        },
        {
            "time": "08.01.2021 02:41",
            "open": "7.809",
            "high": "7.81",
            "low": "7.8",
            "close": "7.81"
        },
        {
            "time": "08.01.2021 02:44",
            "open": "7.81",
            "high": "7.81",
            "low": "7.81",
            "close": "7.809"
        },
        {
            "time": "08.01.2021 02:45",
            "open": "7.809",
            "high": "7.809",
            "low": "7.8",
            "close": "7.8"
        },
        {
            "time": "08.01.2021 02:47",
            "open": "7.8",
            "high": "7.8",
            "low": "7.8",
            "close": "7.8"
        },
        {
            "time": "08.01.2021 02:48",
            "open": "7.8",
            "high": "7.8",
            "low": "7.8",
            "close": "7.8"
        },
        {
            "time": "08.01.2021 02:49",
            "open": "7.8",
            "high": "7.8",
            "low": "7.8",
            "close": "7.81"
        },
        {
            "time": "08.01.2021 02:55",
            "open": "7.81",
            "high": "7.81",
            "low": "7.81",
            "close": "7.81"
        },
        {
            "time": "08.01.2021 03:00",
            "open": "7.81",
            "high": "7.81",
            "low": "7.81",
            "close": "7.803"
        },
        {
            "time": "08.01.2021 03:05",
            "open": "7.803",
            "high": "7.803",
            "low": "7.803",
            "close": "7.803"
        },
        {
            "time": "08.01.2021 03:08",
            "open": "7.803",
            "high": "7.803",
            "low": "7.8",
            "close": "7.801"
        },
        {
            "time": "08.01.2021 03:09",
            "open": "7.801",
            "high": "7.801",
            "low": "7.8",
            "close": "7.8"
        },
        {
            "time": "08.01.2021 03:10",
            "open": "7.8",
            "high": "7.8",
            "low": "7.753",
            "close": "7.75"
        },
        {
            "time": "08.01.2021 03:11",
            "open": "7.75",
            "high": "7.75",
            "low": "7.73",
            "close": "7.723"
        },
        {
            "time": "08.01.2021 03:14",
            "open": "7.723",
            "high": "7.723",
            "low": "7.723",
            "close": "7.717"
        },
        {
            "time": "08.01.2021 03:16",
            "open": "7.717",
            "high": "7.717",
            "low": "7.717",
            "close": "7.705"
        },
        {
            "time": "08.01.2021 03:18",
            "open": "7.705",
            "high": "7.705",
            "low": "7.694",
            "close": "7.678"
        },
        {
            "time": "08.01.2021 03:19",
            "open": "7.678",
            "high": "7.678",
            "low": "7.667",
            "close": "7.667"
        },
        {
            "time": "08.01.2021 03:20",
            "open": "7.667",
            "high": "7.667",
            "low": "7.635",
            "close": "7.638"
        },
        {
            "time": "08.01.2021 03:21",
            "open": "7.638",
            "high": "7.669",
            "low": "7.638",
            "close": "7.649"
        },
        {
            "time": "08.01.2021 03:23",
            "open": "7.649",
            "high": "7.649",
            "low": "7.649",
            "close": "7.641"
        },
        {
            "time": "08.01.2021 03:25",
            "open": "7.641",
            "high": "7.641",
            "low": "7.624",
            "close": "7.623"
        },
        {
            "time": "08.01.2021 03:26",
            "open": "7.623",
            "high": "7.623",
            "low": "7.585",
            "close": "7.58"
        },
        {
            "time": "08.01.2021 03:27",
            "open": "7.58",
            "high": "7.583",
            "low": "7.579",
            "close": "7.561"
        },
        {
            "time": "08.01.2021 03:29",
            "open": "7.561",
            "high": "7.561",
            "low": "7.561",
            "close": "7.561"
        },
        {
            "time": "08.01.2021 03:30",
            "open": "7.561",
            "high": "7.562",
            "low": "7.561",
            "close": "7.557"
        },
        {
            "time": "08.01.2021 03:32",
            "open": "7.557",
            "high": "7.557",
            "low": "7.534",
            "close": "7.522"
        },
        {
            "time": "08.01.2021 03:33",
            "open": "7.522",
            "high": "7.522",
            "low": "7.519",
            "close": "7.512"
        },
        {
            "time": "08.01.2021 03:34",
            "open": "7.512",
            "high": "7.512",
            "low": "7.505",
            "close": "7.5"
        },
        {
            "time": "08.01.2021 03:36",
            "open": "7.5",
            "high": "7.5",
            "low": "7.5",
            "close": "7.489"
        },
        {
            "time": "08.01.2021 03:37",
            "open": "7.489",
            "high": "7.489",
            "low": "7.485",
            "close": "7.467"
        },
        {
            "time": "08.01.2021 03:38",
            "open": "7.467",
            "high": "7.467",
            "low": "7.393",
            "close": "7.433"
        },
        {
            "time": "08.01.2021 03:39",
            "open": "7.433",
            "high": "7.479",
            "low": "7.433",
            "close": "7.431"
        },
        {
            "time": "08.01.2021 03:40",
            "open": "7.431",
            "high": "7.446",
            "low": "7.413",
            "close": "7.411"
        },
        {
            "time": "08.01.2021 03:41",
            "open": "7.411",
            "high": "7.411",
            "low": "7.411",
            "close": "7.454"
        },
        {
            "time": "08.01.2021 03:42",
            "open": "7.454",
            "high": "7.454",
            "low": "7.454",
            "close": "7.391"
        },
        {
            "time": "08.01.2021 03:44",
            "open": "7.391",
            "high": "7.427",
            "low": "7.391",
            "close": "7.41"
        },
        {
            "time": "08.01.2021 03:46",
            "open": "7.41",
            "high": "7.41",
            "low": "7.41",
            "close": "7.386"
        },
        {
            "time": "08.01.2021 03:50",
            "open": "7.386",
            "high": "7.386",
            "low": "7.372",
            "close": "7.356"
        },
        {
            "time": "08.01.2021 03:51",
            "open": "7.356",
            "high": "7.356",
            "low": "7.356",
            "close": "7.339"
        },
        {
            "time": "08.01.2021 03:52",
            "open": "7.339",
            "high": "7.339",
            "low": "7.339",
            "close": "7.34"
        },
        {
            "time": "08.01.2021 03:53",
            "open": "7.34",
            "high": "7.345",
            "low": "7.34",
            "close": "7.393"
        },
        {
            "time": "08.01.2021 03:54",
            "open": "7.393",
            "high": "7.393",
            "low": "7.392",
            "close": "7.375"
        },
        {
            "time": "08.01.2021 03:56",
            "open": "7.375",
            "high": "7.375",
            "low": "7.375",
            "close": "7.387"
        },
        {
            "time": "08.01.2021 03:57",
            "open": "7.387",
            "high": "7.387",
            "low": "7.387",
            "close": "7.378"
        },
        {
            "time": "08.01.2021 03:59",
            "open": "7.378",
            "high": "7.378",
            "low": "7.378",
            "close": "7.367"
        },
        {
            "time": "08.01.2021 04:00",
            "open": "7.367",
            "high": "7.367",
            "low": "7.367",
            "close": "7.379"
        },
        {
            "time": "08.01.2021 04:01",
            "open": "7.379",
            "high": "7.379",
            "low": "7.379",
            "close": "7.417"
        },
        {
            "time": "08.01.2021 04:03",
            "open": "7.417",
            "high": "7.417",
            "low": "7.417",
            "close": "7.405"
        },
        {
            "time": "08.01.2021 04:05",
            "open": "7.405",
            "high": "7.405",
            "low": "7.405",
            "close": "7.45"
        },
        {
            "time": "08.01.2021 04:11",
            "open": "7.45",
            "high": "7.45",
            "low": "7.45",
            "close": "7.451"
        },
        {
            "time": "08.01.2021 04:12",
            "open": "7.451",
            "high": "7.494",
            "low": "7.451",
            "close": "7.496"
        },
        {
            "time": "08.01.2021 04:13",
            "open": "7.496",
            "high": "7.5",
            "low": "7.496",
            "close": "7.506"
        },
        {
            "time": "08.01.2021 04:15",
            "open": "7.506",
            "high": "7.527",
            "low": "7.506",
            "close": "7.54"
        },
        {
            "time": "08.01.2021 04:17",
            "open": "7.54",
            "high": "7.54",
            "low": "7.54",
            "close": "7.558"
        },
        {
            "time": "08.01.2021 04:18",
            "open": "7.558",
            "high": "7.577",
            "low": "7.558",
            "close": "7.57"
        },
        {
            "time": "08.01.2021 04:20",
            "open": "7.57",
            "high": "7.57",
            "low": "7.533",
            "close": "7.568"
        },
        {
            "time": "08.01.2021 04:22",
            "open": "7.568",
            "high": "7.568",
            "low": "7.568",
            "close": "7.564"
        },
        {
            "time": "08.01.2021 04:26",
            "open": "7.564",
            "high": "7.564",
            "low": "7.564",
            "close": "7.552"
        },
        {
            "time": "08.01.2021 04:42",
            "open": "7.552",
            "high": "7.552",
            "low": "7.552",
            "close": "7.568"
        },
        {
            "time": "08.01.2021 04:43",
            "open": "7.568",
            "high": "7.568",
            "low": "7.568",
            "close": "7.568"
        },
        {
            "time": "08.01.2021 04:49",
            "open": "7.568",
            "high": "7.578",
            "low": "7.568",
            "close": "7.586"
        },
        {
            "time": "08.01.2021 04:53",
            "open": "7.586",
            "high": "7.597",
            "low": "7.586",
            "close": "7.599"
        },
        {
            "time": "08.01.2021 04:58",
            "open": "7.599",
            "high": "7.609",
            "low": "7.599",
            "close": "7.617"
        },
        {
            "time": "08.01.2021 05:13",
            "open": "7.617",
            "high": "7.63",
            "low": "7.617",
            "close": "7.603"
        },
        {
            "time": "08.01.2021 05:14",
            "open": "7.603",
            "high": "7.603",
            "low": "7.603",
            "close": "7.606"
        },
        {
            "time": "08.01.2021 05:16",
            "open": "7.606",
            "high": "7.606",
            "low": "7.606",
            "close": "7.58"
        },
        {
            "time": "08.01.2021 05:18",
            "open": "7.58",
            "high": "7.58",
            "low": "7.58",
            "close": "7.557"
        },
        {
            "time": "08.01.2021 05:19",
            "open": "7.557",
            "high": "7.557",
            "low": "7.557",
            "close": "7.621"
        },
        {
            "time": "08.01.2021 05:22",
            "open": "7.621",
            "high": "7.621",
            "low": "7.621",
            "close": "7.631"
        },
        {
            "time": "08.01.2021 05:25",
            "open": "7.631",
            "high": "7.636",
            "low": "7.631",
            "close": "7.637"
        },
        {
            "time": "08.01.2021 05:28",
            "open": "7.637",
            "high": "7.637",
            "low": "7.637",
            "close": "7.654"
        },
        {
            "time": "08.01.2021 05:37",
            "open": "7.654",
            "high": "7.655",
            "low": "7.654",
            "close": "7.654"
        },
        {
            "time": "08.01.2021 05:40",
            "open": "7.654",
            "high": "7.691",
            "low": "7.654",
            "close": "7.659"
        },
        {
            "time": "08.01.2021 05:42",
            "open": "7.659",
            "high": "7.659",
            "low": "7.659",
            "close": "7.669"
        },
        {
            "time": "08.01.2021 05:43",
            "open": "7.669",
            "high": "7.67",
            "low": "7.669",
            "close": "7.689"
        },
        {
            "time": "08.01.2021 05:44",
            "open": "7.689",
            "high": "7.689",
            "low": "7.689",
            "close": "7.693"
        },
        {
            "time": "08.01.2021 06:00",
            "open": "7.693",
            "high": "7.693",
            "low": "7.693",
            "close": "7.693"
        },
        {
            "time": "08.01.2021 06:07",
            "open": "7.693",
            "high": "7.693",
            "low": "7.692",
            "close": "7.643"
        },
        {
            "time": "08.01.2021 06:12",
            "open": "7.643",
            "high": "7.643",
            "low": "7.643",
            "close": "7.648"
        },
        {
            "time": "08.01.2021 06:20",
            "open": "7.648",
            "high": "7.648",
            "low": "7.648",
            "close": "7.583"
        },
        {
            "time": "08.01.2021 06:29",
            "open": "7.583",
            "high": "7.583",
            "low": "7.583",
            "close": "7.583"
        },
        {
            "time": "08.01.2021 06:31",
            "open": "7.583",
            "high": "7.618",
            "low": "7.583",
            "close": "7.631"
        },
        {
            "time": "08.01.2021 06:32",
            "open": "7.631",
            "high": "7.631",
            "low": "7.631",
            "close": "7.614"
        },
        {
            "time": "08.01.2021 06:58",
            "open": "7.614",
            "high": "7.614",
            "low": "7.614",
            "close": "7.579"
        },
        {
            "time": "08.01.2021 07:03",
            "open": "7.579",
            "high": "7.579",
            "low": "7.577",
            "close": "7.576"
        },
        {
            "time": "08.01.2021 07:05",
            "open": "7.576",
            "high": "7.576",
            "low": "7.575",
            "close": "7.558"
        },
        {
            "time": "08.01.2021 07:11",
            "open": "7.558",
            "high": "7.558",
            "low": "7.53",
            "close": "7.531"
        },
        {
            "time": "08.01.2021 07:12",
            "open": "7.531",
            "high": "7.531",
            "low": "7.531",
            "close": "7.531"
        },
        {
            "time": "08.01.2021 07:13",
            "open": "7.531",
            "high": "7.531",
            "low": "7.531",
            "close": "7.575"
        },
        {
            "time": "08.01.2021 07:16",
            "open": "7.575",
            "high": "7.601",
            "low": "7.575",
            "close": "7.593"
        },
        {
            "time": "08.01.2021 07:21",
            "open": "7.593",
            "high": "7.593",
            "low": "7.593",
            "close": "7.589"
        },
        {
            "time": "08.01.2021 07:23",
            "open": "7.589",
            "high": "7.589",
            "low": "7.589",
            "close": "7.599"
        },
        {
            "time": "08.01.2021 07:24",
            "open": "7.599",
            "high": "7.601",
            "low": "7.58",
            "close": "7.602"
        },
        {
            "time": "08.01.2021 07:26",
            "open": "7.602",
            "high": "7.602",
            "low": "7.602",
            "close": "7.602"
        },
        {
            "time": "08.01.2021 07:30",
            "open": "7.602",
            "high": "7.602",
            "low": "7.602",
            "close": "7.602"
        },
        {
            "time": "08.01.2021 07:31",
            "open": "7.602",
            "high": "7.602",
            "low": "7.602",
            "close": "7.609"
        },
        {
            "time": "08.01.2021 07:32",
            "open": "7.609",
            "high": "7.609",
            "low": "7.609",
            "close": "7.614"
        },
        {
            "time": "08.01.2021 07:34",
            "open": "7.614",
            "high": "7.614",
            "low": "7.614",
            "close": "7.631"
        },
        {
            "time": "08.01.2021 07:46",
            "open": "7.631",
            "high": "7.631",
            "low": "7.631",
            "close": "7.655"
        },
        {
            "time": "08.01.2021 07:57",
            "open": "7.655",
            "high": "7.677",
            "low": "7.655",
            "close": "7.699"
        },
        {
            "time": "08.01.2021 08:00",
            "open": "7.699",
            "high": "7.699",
            "low": "7.699",
            "close": "7.683"
        },
        {
            "time": "08.01.2021 08:03",
            "open": "7.683",
            "high": "7.683",
            "low": "7.683",
            "close": "7.65"
        },
        {
            "time": "08.01.2021 08:08",
            "open": "7.65",
            "high": "7.65",
            "low": "7.65",
            "close": "7.647"
        },
        {
            "time": "08.01.2021 08:10",
            "open": "7.647",
            "high": "7.647",
            "low": "7.647",
            "close": "7.646"
        },
        {
            "time": "08.01.2021 08:15",
            "open": "7.646",
            "high": "7.646",
            "low": "7.646",
            "close": "7.647"
        },
        {
            "time": "08.01.2021 08:24",
            "open": "7.647",
            "high": "7.647",
            "low": "7.647",
            "close": "7.7"
        },
        {
            "time": "08.01.2021 08:28",
            "open": "7.7",
            "high": "7.7",
            "low": "7.7",
            "close": "7.714"
        },
        {
            "time": "08.01.2021 08:30",
            "open": "7.714",
            "high": "7.714",
            "low": "7.714",
            "close": "7.714"
        },
        {
            "time": "08.01.2021 08:32",
            "open": "7.714",
            "high": "7.737",
            "low": "7.714",
            "close": "7.738"
        },
        {
            "time": "08.01.2021 08:38",
            "open": "7.738",
            "high": "7.764",
            "low": "7.738",
            "close": "7.764"
        },
        {
            "time": "08.01.2021 08:39",
            "open": "7.764",
            "high": "7.764",
            "low": "7.754",
            "close": "7.763"
        },
        {
            "time": "08.01.2021 08:41",
            "open": "7.763",
            "high": "7.763",
            "low": "7.763",
            "close": "7.769"
        },
        {
            "time": "08.01.2021 08:46",
            "open": "7.769",
            "high": "7.769",
            "low": "7.769",
            "close": "7.77"
        },
        {
            "time": "08.01.2021 08:49",
            "open": "7.77",
            "high": "7.846",
            "low": "7.77",
            "close": "7.809"
        },
        {
            "time": "08.01.2021 08:52",
            "open": "7.809",
            "high": "7.809",
            "low": "7.809",
            "close": "7.81"
        },
        {
            "time": "08.01.2021 08:54",
            "open": "7.81",
            "high": "7.872",
            "low": "7.81",
            "close": "7.874"
        },
        {
            "time": "08.01.2021 08:56",
            "open": "7.874",
            "high": "7.874",
            "low": "7.874",
            "close": "7.875"
        },
        {
            "time": "08.01.2021 09:01",
            "open": "7.875",
            "high": "7.875",
            "low": "7.874",
            "close": "7.875"
        },
        {
            "time": "08.01.2021 09:07",
            "open": "7.875",
            "high": "7.88",
            "low": "7.875",
            "close": "7.88"
        },
        {
            "time": "08.01.2021 09:09",
            "open": "7.88",
            "high": "7.982",
            "low": "7.88",
            "close": "7.932"
        },
        {
            "time": "08.01.2021 09:14",
            "open": "7.932",
            "high": "7.952",
            "low": "7.932",
            "close": "7.925"
        },
        {
            "time": "08.01.2021 09:15",
            "open": "7.925",
            "high": "7.925",
            "low": "7.925",
            "close": "7.96"
        },
        {
            "time": "08.01.2021 09:20",
            "open": "7.96",
            "high": "7.96",
            "low": "7.96",
            "close": "7.962"
        },
        {
            "time": "08.01.2021 09:23",
            "open": "7.962",
            "high": "7.962",
            "low": "7.962",
            "close": "7.967"
        },
        {
            "time": "08.01.2021 09:24",
            "open": "7.967",
            "high": "7.967",
            "low": "7.967",
            "close": "7.983"
        },
        {
            "time": "08.01.2021 09:30",
            "open": "7.983",
            "high": "7.992",
            "low": "7.983",
            "close": "7.983"
        },
        {
            "time": "08.01.2021 09:41",
            "open": "7.983",
            "high": "7.983",
            "low": "7.983",
            "close": "7.961"
        },
        {
            "time": "08.01.2021 09:44",
            "open": "7.961",
            "high": "7.961",
            "low": "7.96",
            "close": "7.935"
        },
        {
            "time": "08.01.2021 09:45",
            "open": "7.935",
            "high": "7.935",
            "low": "7.925",
            "close": "7.925"
        },
        {
            "time": "08.01.2021 09:46",
            "open": "7.925",
            "high": "7.925",
            "low": "7.925",
            "close": "7.925"
        },
        {
            "time": "08.01.2021 09:47",
            "open": "7.925",
            "high": "7.925",
            "low": "7.925",
            "close": "7.91"
        },
        {
            "time": "08.01.2021 09:49",
            "open": "7.91",
            "high": "7.91",
            "low": "7.886",
            "close": "7.909"
        },
        {
            "time": "08.01.2021 09:50",
            "open": "7.909",
            "high": "7.909",
            "low": "7.908",
            "close": "7.9"
        },
        {
            "time": "08.01.2021 09:54",
            "open": "7.9",
            "high": "7.9",
            "low": "7.897",
            "close": "7.892"
        },
        {
            "time": "08.01.2021 09:56",
            "open": "7.892",
            "high": "7.892",
            "low": "7.892",
            "close": "7.881"
        },
        {
            "time": "08.01.2021 09:58",
            "open": "7.881",
            "high": "7.881",
            "low": "7.86",
            "close": "7.864"
        },
        {
            "time": "08.01.2021 10:00",
            "open": "7.864",
            "high": "7.886",
            "low": "7.864",
            "close": "7.857"
        },
        {
            "time": "08.01.2021 10:04",
            "open": "7.857",
            "high": "7.857",
            "low": "7.804",
            "close": "7.81"
        },
        {
            "time": "08.01.2021 10:08",
            "open": "7.81",
            "high": "7.81",
            "low": "7.81",
            "close": "7.803"
        },
        {
            "time": "08.01.2021 10:11",
            "open": "7.803",
            "high": "7.803",
            "low": "7.803",
            "close": "7.794"
        },
        {
            "time": "08.01.2021 10:13",
            "open": "7.794",
            "high": "7.794",
            "low": "7.794",
            "close": "7.787"
        },
        {
            "time": "08.01.2021 10:14",
            "open": "7.787",
            "high": "7.787",
            "low": "7.748",
            "close": "7.761"
        },
        {
            "time": "08.01.2021 10:19",
            "open": "7.761",
            "high": "7.761",
            "low": "7.761",
            "close": "7.784"
        },
        {
            "time": "08.01.2021 10:25",
            "open": "7.784",
            "high": "7.784",
            "low": "7.784",
            "close": "7.785"
        },
        {
            "time": "08.01.2021 10:26",
            "open": "7.785",
            "high": "7.785",
            "low": "7.785",
            "close": "7.771"
        },
        {
            "time": "08.01.2021 10:32",
            "open": "7.771",
            "high": "7.771",
            "low": "7.771",
            "close": "7.81"
        },
        {
            "time": "08.01.2021 10:42",
            "open": "7.81",
            "high": "7.81",
            "low": "7.81",
            "close": "7.837"
        },
        {
            "time": "08.01.2021 10:44",
            "open": "7.837",
            "high": "7.837",
            "low": "7.837",
            "close": "7.831"
        },
        {
            "time": "08.01.2021 10:47",
            "open": "7.831",
            "high": "7.831",
            "low": "7.831",
            "close": "7.813"
        },
        {
            "time": "08.01.2021 10:51",
            "open": "7.813",
            "high": "7.842",
            "low": "7.813",
            "close": "7.826"
        },
        {
            "time": "08.01.2021 10:59",
            "open": "7.826",
            "high": "7.826",
            "low": "7.826",
            "close": "7.854"
        },
        {
            "time": "08.01.2021 11:02",
            "open": "7.854",
            "high": "7.855",
            "low": "7.854",
            "close": "7.863"
        },
        {
            "time": "08.01.2021 11:11",
            "open": "7.863",
            "high": "7.863",
            "low": "7.863",
            "close": "7.888"
        },
        {
            "time": "08.01.2021 11:12",
            "open": "7.888",
            "high": "7.9",
            "low": "7.888",
            "close": "7.9"
        },
        {
            "time": "08.01.2021 11:13",
            "open": "7.9",
            "high": "7.9",
            "low": "7.9",
            "close": "7.891"
        },
        {
            "time": "08.01.2021 11:16",
            "open": "7.891",
            "high": "7.891",
            "low": "7.891",
            "close": "7.911"
        },
        {
            "time": "08.01.2021 11:24",
            "open": "7.911",
            "high": "7.919",
            "low": "7.911",
            "close": "7.926"
        },
        {
            "time": "08.01.2021 11:25",
            "open": "7.926",
            "high": "7.926",
            "low": "7.926",
            "close": "7.899"
        },
        {
            "time": "08.01.2021 11:28",
            "open": "7.899",
            "high": "7.899",
            "low": "7.899",
            "close": "7.899"
        },
        {
            "time": "08.01.2021 11:30",
            "open": "7.899",
            "high": "7.899",
            "low": "7.892",
            "close": "7.934"
        },
        {
            "time": "08.01.2021 11:35",
            "open": "7.934",
            "high": "7.934",
            "low": "7.934",
            "close": "7.949"
        },
        {
            "time": "08.01.2021 11:37",
            "open": "7.949",
            "high": "7.95",
            "low": "7.949",
            "close": "7.95"
        },
        {
            "time": "08.01.2021 11:39",
            "open": "7.95",
            "high": "7.95",
            "low": "7.95",
            "close": "7.95"
        },
        {
            "time": "08.01.2021 11:40",
            "open": "7.95",
            "high": "7.983",
            "low": "7.95",
            "close": "7.994"
        },
        {
            "time": "08.01.2021 11:47",
            "open": "7.994",
            "high": "8.006",
            "low": "7.994",
            "close": "8.026"
        },
        {
            "time": "08.01.2021 11:48",
            "open": "8.026",
            "high": "8.048",
            "low": "8.026",
            "close": "8.049"
        },
        {
            "time": "08.01.2021 11:50",
            "open": "8.049",
            "high": "8.131",
            "low": "8.049",
            "close": "8.083"
        },
        {
            "time": "08.01.2021 11:51",
            "open": "8.083",
            "high": "8.083",
            "low": "8.065",
            "close": "8.07"
        },
        {
            "time": "08.01.2021 11:52",
            "open": "8.07",
            "high": "8.07",
            "low": "8.07",
            "close": "8.07"
        },
        {
            "time": "08.01.2021 11:54",
            "open": "8.07",
            "high": "8.128",
            "low": "8.06",
            "close": "8.055"
        },
        {
            "time": "08.01.2021 11:55",
            "open": "8.055",
            "high": "8.064",
            "low": "8.055",
            "close": "8.026"
        },
        {
            "time": "08.01.2021 11:57",
            "open": "8.026",
            "high": "8.027",
            "low": "8.025",
            "close": "8.041"
        },
        {
            "time": "08.01.2021 11:58",
            "open": "8.041",
            "high": "8.041",
            "low": "8.024",
            "close": "8.114"
        },
        {
            "time": "08.01.2021 12:01",
            "open": "8.114",
            "high": "8.114",
            "low": "7.992",
            "close": "8.052"
        },
        {
            "time": "08.01.2021 12:07",
            "open": "8.052",
            "high": "8.052",
            "low": "8.052",
            "close": "8.101"
        },
        {
            "time": "08.01.2021 12:09",
            "open": "8.101",
            "high": "8.101",
            "low": "8.101",
            "close": "8.097"
        },
        {
            "time": "08.01.2021 12:11",
            "open": "8.097",
            "high": "8.097",
            "low": "8.097",
            "close": "8.1"
        },
        {
            "time": "08.01.2021 12:13",
            "open": "8.1",
            "high": "8.1",
            "low": "8.1",
            "close": "8.103"
        },
        {
            "time": "08.01.2021 12:14",
            "open": "8.103",
            "high": "8.103",
            "low": "8.103",
            "close": "8.115"
        },
        {
            "time": "08.01.2021 12:22",
            "open": "8.115",
            "high": "8.115",
            "low": "8.115",
            "close": "8.11"
        },
        {
            "time": "08.01.2021 12:23",
            "open": "8.11",
            "high": "8.11",
            "low": "8.11",
            "close": "8.118"
        },
        {
            "time": "08.01.2021 12:24",
            "open": "8.118",
            "high": "8.121",
            "low": "8.105",
            "close": "8.125"
        },
        {
            "time": "08.01.2021 12:25",
            "open": "8.125",
            "high": "8.128",
            "low": "8.125",
            "close": "8.131"
        },
        {
            "time": "08.01.2021 12:27",
            "open": "8.131",
            "high": "8.131",
            "low": "8.117",
            "close": "8.052"
        },
        {
            "time": "08.01.2021 12:31",
            "open": "8.052",
            "high": "8.052",
            "low": "8.027",
            "close": "8.066"
        },
        {
            "time": "08.01.2021 12:35",
            "open": "8.066",
            "high": "8.066",
            "low": "8.066",
            "close": "8.13"
        },
        {
            "time": "08.01.2021 12:44",
            "open": "8.13",
            "high": "8.13",
            "low": "8.13",
            "close": "8.115"
        },
        {
            "time": "08.01.2021 12:46",
            "open": "8.115",
            "high": "8.115",
            "low": "8.115",
            "close": "8.133"
        },
        {
            "time": "08.01.2021 12:48",
            "open": "8.133",
            "high": "8.143",
            "low": "8.133",
            "close": "8.125"
        },
        {
            "time": "08.01.2021 12:51",
            "open": "8.125",
            "high": "8.125",
            "low": "8.085",
            "close": "8.126"
        },
        {
            "time": "08.01.2021 12:55",
            "open": "8.126",
            "high": "8.127",
            "low": "8.126",
            "close": "8.079"
        },
        {
            "time": "08.01.2021 12:56",
            "open": "8.079",
            "high": "8.079",
            "low": "8.079",
            "close": "8.036"
        },
        {
            "time": "08.01.2021 12:58",
            "open": "8.036",
            "high": "8.036",
            "low": "8.036",
            "close": "8.023"
        },
        {
            "time": "08.01.2021 13:01",
            "open": "8.023",
            "high": "8.023",
            "low": "7.966",
            "close": "8.004"
        },
        {
            "time": "08.01.2021 13:03",
            "open": "8.004",
            "high": "8.006",
            "low": "8.004",
            "close": "8.006"
        },
        {
            "time": "08.01.2021 13:15",
            "open": "8.006",
            "high": "8.006",
            "low": "8.005",
            "close": "8.002"
        },
        {
            "time": "08.01.2021 13:19",
            "open": "8.002",
            "high": "8.002",
            "low": "8.002",
            "close": "8.002"
        },
        {
            "time": "08.01.2021 13:20",
            "open": "8.002",
            "high": "8.002",
            "low": "7.977",
            "close": "7.988"
        },
        {
            "time": "08.01.2021 13:22",
            "open": "7.988",
            "high": "7.988",
            "low": "7.979",
            "close": "8.008"
        },
        {
            "time": "08.01.2021 13:37",
            "open": "8.008",
            "high": "8.008",
            "low": "8.008",
            "close": "8.007"
        },
        {
            "time": "08.01.2021 13:46",
            "open": "8.007",
            "high": "8.007",
            "low": "8.007",
            "close": "7.952"
        },
        {
            "time": "08.01.2021 13:48",
            "open": "7.952",
            "high": "7.952",
            "low": "7.952",
            "close": "7.948"
        },
        {
            "time": "08.01.2021 13:51",
            "open": "7.948",
            "high": "7.948",
            "low": "7.928",
            "close": "7.92"
        },
        {
            "time": "08.01.2021 13:52",
            "open": "7.92",
            "high": "7.923",
            "low": "7.92",
            "close": "7.929"
        },
        {
            "time": "08.01.2021 13:53",
            "open": "7.929",
            "high": "7.929",
            "low": "7.929",
            "close": "7.929"
        },
        {
            "time": "08.01.2021 13:55",
            "open": "7.929",
            "high": "7.929",
            "low": "7.929",
            "close": "7.957"
        },
        {
            "time": "08.01.2021 13:58",
            "open": "7.957",
            "high": "7.957",
            "low": "7.957",
            "close": "8.031"
        },
        {
            "time": "08.01.2021 14:01",
            "open": "8.031",
            "high": "8.137",
            "low": "8.031",
            "close": "8.023"
        },
        {
            "time": "08.01.2021 14:02",
            "open": "8.023",
            "high": "8.023",
            "low": "7.929",
            "close": "7.955"
        },
        {
            "time": "08.01.2021 14:03",
            "open": "7.955",
            "high": "7.955",
            "low": "7.955",
            "close": "7.929"
        },
        {
            "time": "08.01.2021 14:05",
            "open": "7.929",
            "high": "7.929",
            "low": "7.92",
            "close": "7.92"
        },
        {
            "time": "08.01.2021 14:06",
            "open": "7.92",
            "high": "7.92",
            "low": "7.92",
            "close": "7.904"
        },
        {
            "time": "08.01.2021 14:07",
            "open": "7.904",
            "high": "7.904",
            "low": "7.904",
            "close": "7.881"
        },
        {
            "time": "08.01.2021 14:08",
            "open": "7.881",
            "high": "7.881",
            "low": "7.881",
            "close": "7.875"
        },
        {
            "time": "08.01.2021 14:09",
            "open": "7.875",
            "high": "7.875",
            "low": "7.85",
            "close": "7.876"
        },
        {
            "time": "08.01.2021 14:10",
            "open": "7.876",
            "high": "7.909",
            "low": "7.876",
            "close": "7.876"
        },
        {
            "time": "08.01.2021 14:12",
            "open": "7.876",
            "high": "7.876",
            "low": "7.876",
            "close": "7.834"
        },
        {
            "time": "08.01.2021 14:14",
            "open": "7.834",
            "high": "7.834",
            "low": "7.833",
            "close": "7.81"
        },
        {
            "time": "08.01.2021 14:15",
            "open": "7.81",
            "high": "7.81",
            "low": "7.803",
            "close": "7.8"
        },
        {
            "time": "08.01.2021 14:16",
            "open": "7.8",
            "high": "7.8",
            "low": "7.8",
            "close": "7.875"
        },
        {
            "time": "08.01.2021 14:23",
            "open": "7.875",
            "high": "7.875",
            "low": "7.875",
            "close": "7.901"
        },
        {
            "time": "08.01.2021 14:32",
            "open": "7.91",
            "high": "7.91",
            "low": "7.91",
            "close": "7.911"
        },
        {
            "time": "08.01.2021 14:34",
            "open": "7.911",
            "high": "7.953",
            "low": "7.911",
            "close": "7.904"
        },
        {
            "time": "08.01.2021 14:37",
            "open": "7.904",
            "high": "7.904",
            "low": "7.904",
            "close": "7.86"
        },
        {
            "time": "08.01.2021 14:38",
            "open": "7.86",
            "high": "7.869",
            "low": "7.86",
            "close": "7.959"
        },
        {
            "time": "08.01.2021 14:40",
            "open": "7.959",
            "high": "7.959",
            "low": "7.959",
            "close": "7.983"
        },
        {
            "time": "08.01.2021 14:41",
            "open": "7.983",
            "high": "8.079",
            "low": "7.983",
            "close": "8.1"
        },
        {
            "time": "08.01.2021 14:42",
            "open": "8.1",
            "high": "8.127",
            "low": "8.1",
            "close": "8.15"
        },
        {
            "time": "08.01.2021 14:47",
            "open": "8.15",
            "high": "8.249",
            "low": "8.15",
            "close": "8.25"
        },
        {
            "time": "08.01.2021 14:48",
            "open": "8.25",
            "high": "8.25",
            "low": "8.241",
            "close": "8.241"
        },
        {
            "time": "08.01.2021 14:49",
            "open": "8.241",
            "high": "8.241",
            "low": "8.24",
            "close": "8.24"
        },
        {
            "time": "08.01.2021 14:52",
            "open": "8.24",
            "high": "8.24",
            "low": "8.143",
            "close": "8.18"
        },
        {
            "time": "08.01.2021 14:54",
            "open": "8.18",
            "high": "8.18",
            "low": "8.18",
            "close": "8.138"
        },
        {
            "time": "08.01.2021 14:57",
            "open": "8.138",
            "high": "8.138",
            "low": "8.127",
            "close": "8.188"
        },
        {
            "time": "08.01.2021 15:08",
            "open": "8.188",
            "high": "8.188",
            "low": "8.188",
            "close": "8.115"
        },
        {
            "time": "08.01.2021 15:18",
            "open": "8.115",
            "high": "8.115",
            "low": "8.081",
            "close": "8.08"
        },
        {
            "time": "08.01.2021 15:21",
            "open": "8.08",
            "high": "8.08",
            "low": "8.08",
            "close": "8.082"
        },
        {
            "time": "08.01.2021 15:23",
            "open": "8.082",
            "high": "8.082",
            "low": "8.07",
            "close": "8.069"
        },
        {
            "time": "08.01.2021 15:25",
            "open": "8.069",
            "high": "8.069",
            "low": "8.025",
            "close": "8.062"
        },
        {
            "time": "08.01.2021 15:26",
            "open": "8.062",
            "high": "8.064",
            "low": "8.012",
            "close": "8.009"
        },
        {
            "time": "08.01.2021 15:27",
            "open": "8.009",
            "high": "8.053",
            "low": "8.008",
            "close": "8.039"
        },
        {
            "time": "08.01.2021 15:35",
            "open": "8.039",
            "high": "8.039",
            "low": "8.039",
            "close": "8.041"
        },
        {
            "time": "08.01.2021 15:37",
            "open": "8.041",
            "high": "8.041",
            "low": "8.041",
            "close": "8.016"
        },
        {
            "time": "08.01.2021 15:42",
            "open": "8.016",
            "high": "8.016",
            "low": "8.016",
            "close": "8.003"
        },
        {
            "time": "08.01.2021 15:45",
            "open": "8.003",
            "high": "8.003",
            "low": "8.003",
            "close": "8.028"
        },
        {
            "time": "08.01.2021 15:46",
            "open": "8.028",
            "high": "8.028",
            "low": "8.028",
            "close": "8.014"
        },
        {
            "time": "08.01.2021 15:55",
            "open": "8.014",
            "high": "8.014",
            "low": "8.014",
            "close": "8.014"
        },
        {
            "time": "08.01.2021 15:56",
            "open": "8.014",
            "high": "8.014",
            "low": "8.008",
            "close": "8.009"
        },
        {
            "time": "08.01.2021 15:57",
            "open": "8.009",
            "high": "8.009",
            "low": "8.009",
            "close": "8"
        },
        {
            "time": "08.01.2021 16:00",
            "open": "8",
            "high": "8",
            "low": "8",
            "close": "8"
        },
        {
            "time": "08.01.2021 16:01",
            "open": "8",
            "high": "8.021",
            "low": "8",
            "close": "8.015"
        },
        {
            "time": "08.01.2021 16:04",
            "open": "8.015",
            "high": "8.015",
            "low": "8.015",
            "close": "8.024"
        },
        {
            "time": "08.01.2021 16:05",
            "open": "8.024",
            "high": "8.024",
            "low": "8.024",
            "close": "7.999"
        },
        {
            "time": "08.01.2021 16:09",
            "open": "7.999",
            "high": "8.03",
            "low": "7.999",
            "close": "8.082"
        },
        {
            "time": "08.01.2021 16:14",
            "open": "8.082",
            "high": "8.1",
            "low": "8.042",
            "close": "8.031"
        },
        {
            "time": "08.01.2021 16:25",
            "open": "8.031",
            "high": "8.031",
            "low": "8.031",
            "close": "8.02"
        },
        {
            "time": "08.01.2021 16:26",
            "open": "8.02",
            "high": "8.02",
            "low": "8.02",
            "close": "8.02"
        },
        {
            "time": "08.01.2021 16:28",
            "open": "8.02",
            "high": "8.02",
            "low": "7.976",
            "close": "7.952"
        },
        {
            "time": "08.01.2021 16:29",
            "open": "7.952",
            "high": "8.018",
            "low": "7.872",
            "close": "7.976"
        },
        {
            "time": "08.01.2021 16:30",
            "open": "7.976",
            "high": "7.976",
            "low": "7.881",
            "close": "7.949"
        },
        {
            "time": "08.01.2021 16:31",
            "open": "7.949",
            "high": "7.95",
            "low": "7.949",
            "close": "7.95"
        },
        {
            "time": "08.01.2021 16:32",
            "open": "7.95",
            "high": "7.95",
            "low": "7.95",
            "close": "7.911"
        },
        {
            "time": "08.01.2021 16:33",
            "open": "7.911",
            "high": "7.911",
            "low": "7.881",
            "close": "7.871"
        },
        {
            "time": "08.01.2021 16:34",
            "open": "7.871",
            "high": "7.892",
            "low": "7.871",
            "close": "7.857"
        },
        {
            "time": "08.01.2021 16:35",
            "open": "7.857",
            "high": "7.857",
            "low": "7.857",
            "close": "7.853"
        },
        {
            "time": "08.01.2021 16:37",
            "open": "7.853",
            "high": "7.853",
            "low": "7.852",
            "close": "7.855"
        },
        {
            "time": "08.01.2021 16:39",
            "open": "7.855",
            "high": "7.855",
            "low": "7.855",
            "close": "7.876"
        },
        {
            "time": "08.01.2021 16:41",
            "open": "7.876",
            "high": "7.876",
            "low": "7.815",
            "close": "7.823"
        },
        {
            "time": "08.01.2021 16:42",
            "open": "7.823",
            "high": "7.823",
            "low": "7.823",
            "close": "7.81"
        },
        {
            "time": "08.01.2021 16:43",
            "open": "7.81",
            "high": "7.81",
            "low": "7.81",
            "close": "7.803"
        },
        {
            "time": "08.01.2021 16:44",
            "open": "7.803",
            "high": "7.803",
            "low": "7.736",
            "close": "7.812"
        },
        {
            "time": "08.01.2021 16:45",
            "open": "7.812",
            "high": "7.812",
            "low": "7.812",
            "close": "7.84"
        },
        {
            "time": "08.01.2021 16:48",
            "open": "7.84",
            "high": "7.84",
            "low": "7.84",
            "close": "7.804"
        },
        {
            "time": "08.01.2021 16:50",
            "open": "7.804",
            "high": "7.835",
            "low": "7.803",
            "close": "7.774"
        },
        {
            "time": "08.01.2021 16:55",
            "open": "7.774",
            "high": "7.774",
            "low": "7.774",
            "close": "7.823"
        },
        {
            "time": "08.01.2021 16:58",
            "open": "7.823",
            "high": "7.823",
            "low": "7.823",
            "close": "7.824"
        },
        {
            "time": "08.01.2021 17:04",
            "open": "7.824",
            "high": "7.824",
            "low": "7.824",
            "close": "7.771"
        },
        {
            "time": "08.01.2021 17:07",
            "open": "7.771",
            "high": "7.777",
            "low": "7.771",
            "close": "7.796"
        },
        {
            "time": "08.01.2021 17:10",
            "open": "7.796",
            "high": "7.862",
            "low": "7.794",
            "close": "7.787"
        },
        {
            "time": "08.01.2021 17:11",
            "open": "7.787",
            "high": "7.787",
            "low": "7.787",
            "close": "7.788"
        },
        {
            "time": "08.01.2021 17:12",
            "open": "7.788",
            "high": "7.788",
            "low": "7.788",
            "close": "7.79"
        },
        {
            "time": "08.01.2021 17:13",
            "open": "7.79",
            "high": "7.79",
            "low": "7.789",
            "close": "7.8"
        },
        {
            "time": "08.01.2021 17:19",
            "open": "7.8",
            "high": "7.8",
            "low": "7.8",
            "close": "7.83"
        },
        {
            "time": "08.01.2021 17:22",
            "open": "7.83",
            "high": "7.83",
            "low": "7.83",
            "close": "7.863"
        },
        {
            "time": "08.01.2021 17:26",
            "open": "7.863",
            "high": "7.963",
            "low": "7.863",
            "close": "7.849"
        },
        {
            "time": "08.01.2021 17:30",
            "open": "7.849",
            "high": "7.849",
            "low": "7.849",
            "close": "7.892"
        },
        {
            "time": "08.01.2021 17:41",
            "open": "7.892",
            "high": "7.892",
            "low": "7.892",
            "close": "7.876"
        },
        {
            "time": "08.01.2021 17:45",
            "open": "7.876",
            "high": "7.877",
            "low": "7.876",
            "close": "7.85"
        },
        {
            "time": "08.01.2021 17:49",
            "open": "7.85",
            "high": "7.85",
            "low": "7.85",
            "close": "7.841"
        },
        {
            "time": "08.01.2021 17:53",
            "open": "7.841",
            "high": "7.841",
            "low": "7.836",
            "close": "7.855"
        },
        {
            "time": "08.01.2021 17:54",
            "open": "7.855",
            "high": "7.855",
            "low": "7.855",
            "close": "7.863"
        },
        {
            "time": "08.01.2021 17:57",
            "open": "7.863",
            "high": "7.863",
            "low": "7.863",
            "close": "7.88"
        },
        {
            "time": "08.01.2021 18:06",
            "open": "7.88",
            "high": "7.88",
            "low": "7.862",
            "close": "7.863"
        },
        {
            "time": "08.01.2021 18:07",
            "open": "7.863",
            "high": "7.873",
            "low": "7.863",
            "close": "7.87"
        },
        {
            "time": "08.01.2021 18:08",
            "open": "7.87",
            "high": "7.87",
            "low": "7.87",
            "close": "7.876"
        },
        {
            "time": "08.01.2021 18:10",
            "open": "7.876",
            "high": "7.876",
            "low": "7.876",
            "close": "7.89"
        },
        {
            "time": "08.01.2021 18:14",
            "open": "7.89",
            "high": "7.89",
            "low": "7.89",
            "close": "7.857"
        },
        {
            "time": "08.01.2021 18:15",
            "open": "7.857",
            "high": "7.896",
            "low": "7.857",
            "close": "7.857"
        },
        {
            "time": "08.01.2021 18:23",
            "open": "7.857",
            "high": "7.858",
            "low": "7.857",
            "close": "7.867"
        },
        {
            "time": "08.01.2021 18:29",
            "open": "7.867",
            "high": "7.867",
            "low": "7.867",
            "close": "7.854"
        },
        {
            "time": "08.01.2021 18:34",
            "open": "7.854",
            "high": "7.854",
            "low": "7.854",
            "close": "7.854"
        },
        {
            "time": "08.01.2021 18:42",
            "open": "7.854",
            "high": "7.854",
            "low": "7.854",
            "close": "7.854"
        },
        {
            "time": "08.01.2021 18:48",
            "open": "7.854",
            "high": "7.854",
            "low": "7.854",
            "close": "7.846"
        },
        {
            "time": "08.01.2021 18:54",
            "open": "7.846",
            "high": "7.846",
            "low": "7.846",
            "close": "7.845"
        },
        {
            "time": "08.01.2021 19:00",
            "open": "7.845",
            "high": "7.845",
            "low": "7.845",
            "close": "7.833"
        },
        {
            "time": "08.01.2021 19:02",
            "open": "7.833",
            "high": "7.833",
            "low": "7.833",
            "close": "7.813"
        },
        {
            "time": "08.01.2021 19:07",
            "open": "7.813",
            "high": "7.835",
            "low": "7.813",
            "close": "7.81"
        },
        {
            "time": "08.01.2021 19:08",
            "open": "7.81",
            "high": "7.81",
            "low": "7.8",
            "close": "7.805"
        },
        {
            "time": "08.01.2021 19:11",
            "open": "7.805",
            "high": "7.805",
            "low": "7.805",
            "close": "7.8"
        },
        {
            "time": "08.01.2021 19:14",
            "open": "7.8",
            "high": "7.8",
            "low": "7.8",
            "close": "7.791"
        },
        {
            "time": "08.01.2021 19:20",
            "open": "7.791",
            "high": "7.791",
            "low": "7.791",
            "close": "7.787"
        },
        {
            "time": "08.01.2021 19:26",
            "open": "7.787",
            "high": "7.787",
            "low": "7.787",
            "close": "7.773"
        },
        {
            "time": "08.01.2021 19:30",
            "open": "7.773",
            "high": "7.773",
            "low": "7.773",
            "close": "7.787"
        },
        {
            "time": "08.01.2021 19:35",
            "open": "7.787",
            "high": "7.787",
            "low": "7.787",
            "close": "7.794"
        },
        {
            "time": "08.01.2021 19:44",
            "open": "7.794",
            "high": "7.794",
            "low": "7.794",
            "close": "7.799"
        },
        {
            "time": "08.01.2021 19:47",
            "open": "7.799",
            "high": "7.799",
            "low": "7.799",
            "close": "7.804"
        },
        {
            "time": "08.01.2021 19:48",
            "open": "7.804",
            "high": "7.804",
            "low": "7.804",
            "close": "7.807"
        },
        {
            "time": "08.01.2021 19:51",
            "open": "7.807",
            "high": "7.807",
            "low": "7.806",
            "close": "7.806"
        },
        {
            "time": "08.01.2021 19:52",
            "open": "7.806",
            "high": "7.806",
            "low": "7.806",
            "close": "7.814"
        },
        {
            "time": "08.01.2021 19:53",
            "open": "7.814",
            "high": "7.814",
            "low": "7.814",
            "close": "7.781"
        },
        {
            "time": "08.01.2021 19:58",
            "open": "7.781",
            "high": "7.781",
            "low": "7.763",
            "close": "7.763"
        },
        {
            "time": "08.01.2021 19:59",
            "open": "7.763",
            "high": "7.783",
            "low": "7.763",
            "close": "7.8"
        },
        {
            "time": "08.01.2021 20:00",
            "open": "7.8",
            "high": "7.801",
            "low": "7.8",
            "close": "7.81"
        },
        {
            "time": "08.01.2021 20:01",
            "open": "7.81",
            "high": "8.1",
            "low": "7.802",
            "close": "7.83"
        },
        {
            "time": "08.01.2021 20:02",
            "open": "7.83",
            "high": "7.831",
            "low": "7.818",
            "close": "7.83"
        },
        {
            "time": "08.01.2021 20:03",
            "open": "7.83",
            "high": "7.83",
            "low": "7.83",
            "close": "7.855"
        },
        {
            "time": "08.01.2021 20:04",
            "open": "7.855",
            "high": "7.855",
            "low": "7.831",
            "close": "7.854"
        },
        {
            "time": "08.01.2021 20:05",
            "open": "7.854",
            "high": "7.854",
            "low": "7.831",
            "close": "7.84"
        },
        {
            "time": "08.01.2021 20:06",
            "open": "7.84",
            "high": "8.099",
            "low": "7.84",
            "close": "7.849"
        },
        {
            "time": "08.01.2021 20:07",
            "open": "7.849",
            "high": "7.849",
            "low": "7.849",
            "close": "7.85"
        },
        {
            "time": "08.01.2021 20:08",
            "open": "7.85",
            "high": "7.851",
            "low": "7.85",
            "close": "7.86"
        },
        {
            "time": "08.01.2021 20:09",
            "open": "7.86",
            "high": "7.86",
            "low": "7.83",
            "close": "7.83"
        },
        {
            "time": "08.01.2021 20:10",
            "open": "7.83",
            "high": "7.857",
            "low": "7.83",
            "close": "7.832"
        },
        {
            "time": "08.01.2021 20:12",
            "open": "7.832",
            "high": "7.873",
            "low": "7.83",
            "close": "7.836"
        },
        {
            "time": "08.01.2021 20:13",
            "open": "7.836",
            "high": "7.847",
            "low": "7.836",
            "close": "7.832"
        },
        {
            "time": "08.01.2021 20:14",
            "open": "7.832",
            "high": "7.872",
            "low": "7.83",
            "close": "7.83"
        },
        {
            "time": "08.01.2021 20:16",
            "open": "7.83",
            "high": "7.83",
            "low": "7.83",
            "close": "7.83"
        },
        {
            "time": "08.01.2021 20:17",
            "open": "7.83",
            "high": "7.83",
            "low": "7.83",
            "close": "7.83"
        },
        {
            "time": "08.01.2021 20:19",
            "open": "7.83",
            "high": "7.83",
            "low": "7.83",
            "close": "7.811"
        },
        {
            "time": "08.01.2021 20:21",
            "open": "7.811",
            "high": "7.811",
            "low": "7.81",
            "close": "7.803"
        },
        {
            "time": "08.01.2021 20:22",
            "open": "7.803",
            "high": "7.803",
            "low": "7.753",
            "close": "7.759"
        },
        {
            "time": "08.01.2021 20:27",
            "open": "7.759",
            "high": "7.759",
            "low": "7.746",
            "close": "7.777"
        },
        {
            "time": "08.01.2021 20:36",
            "open": "7.777",
            "high": "7.777",
            "low": "7.777",
            "close": "7.75"
        },
        {
            "time": "08.01.2021 20:42",
            "open": "7.75",
            "high": "7.75",
            "low": "7.75",
            "close": "7.743"
        },
        {
            "time": "08.01.2021 20:45",
            "open": "7.743",
            "high": "7.743",
            "low": "7.743",
            "close": "7.753"
        },
        {
            "time": "08.01.2021 20:47",
            "open": "7.753",
            "high": "7.753",
            "low": "7.72",
            "close": "7.72"
        },
        {
            "time": "08.01.2021 20:48",
            "open": "7.72",
            "high": "7.72",
            "low": "7.72",
            "close": "7.72"
        },
        {
            "time": "08.01.2021 20:50",
            "open": "7.72",
            "high": "7.72",
            "low": "7.72",
            "close": "7.736"
        },
        {
            "time": "08.01.2021 20:58",
            "open": "7.736",
            "high": "7.736",
            "low": "7.736",
            "close": "7.717"
        },
        {
            "time": "08.01.2021 21:02",
            "open": "7.717",
            "high": "7.717",
            "low": "7.717",
            "close": "7.7"
        },
        {
            "time": "08.01.2021 21:03",
            "open": "7.7",
            "high": "7.7",
            "low": "7.694",
            "close": "7.685"
        },
        {
            "time": "08.01.2021 21:04",
            "open": "7.685",
            "high": "7.685",
            "low": "7.671",
            "close": "7.666"
        },
        {
            "time": "08.01.2021 21:07",
            "open": "7.666",
            "high": "7.666",
            "low": "7.661",
            "close": "7.653"
        },
        {
            "time": "08.01.2021 21:08",
            "open": "7.653",
            "high": "7.689",
            "low": "7.603",
            "close": "7.672"
        },
        {
            "time": "08.01.2021 21:09",
            "open": "7.672",
            "high": "7.672",
            "low": "7.592",
            "close": "7.592"
        },
        {
            "time": "08.01.2021 21:10",
            "open": "7.592",
            "high": "7.862",
            "low": "7.592",
            "close": "7.66"
        },
        {
            "time": "08.01.2021 21:11",
            "open": "7.66",
            "high": "7.666",
            "low": "7.601",
            "close": "7.602"
        },
        {
            "time": "08.01.2021 21:12",
            "open": "7.602",
            "high": "7.614",
            "low": "7.602",
            "close": "7.614"
        },
        {
            "time": "08.01.2021 21:13",
            "open": "7.614",
            "high": "7.614",
            "low": "7.602",
            "close": "7.619"
        },
        {
            "time": "08.01.2021 21:18",
            "open": "7.619",
            "high": "7.619",
            "low": "7.619",
            "close": "7.624"
        },
        {
            "time": "08.01.2021 21:23",
            "open": "7.624",
            "high": "7.624",
            "low": "7.624",
            "close": "7.618"
        },
        {
            "time": "08.01.2021 21:26",
            "open": "7.618",
            "high": "7.619",
            "low": "7.618",
            "close": "7.614"
        },
        {
            "time": "08.01.2021 21:27",
            "open": "7.614",
            "high": "7.614",
            "low": "7.614",
            "close": "7.58"
        },
        {
            "time": "08.01.2021 21:28",
            "open": "7.58",
            "high": "7.58",
            "low": "7.482",
            "close": "7.55"
        },
        {
            "time": "08.01.2021 21:30",
            "open": "7.55",
            "high": "7.58",
            "low": "7.55",
            "close": "7.562"
        },
        {
            "time": "08.01.2021 21:31",
            "open": "7.562",
            "high": "7.562",
            "low": "7.515",
            "close": "7.534"
        },
        {
            "time": "08.01.2021 21:32",
            "open": "7.534",
            "high": "7.534",
            "low": "7.534",
            "close": "7.548"
        },
        {
            "time": "08.01.2021 21:34",
            "open": "7.548",
            "high": "7.548",
            "low": "7.548",
            "close": "7.525"
        },
        {
            "time": "08.01.2021 21:37",
            "open": "7.525",
            "high": "7.525",
            "low": "7.523",
            "close": "7.538"
        },
        {
            "time": "08.01.2021 21:38",
            "open": "7.538",
            "high": "7.54",
            "low": "7.538",
            "close": "7.543"
        },
        {
            "time": "08.01.2021 21:39",
            "open": "7.543",
            "high": "7.55",
            "low": "7.543",
            "close": "7.534"
        },
        {
            "time": "08.01.2021 21:42",
            "open": "7.534",
            "high": "7.534",
            "low": "7.534",
            "close": "7.549"
        },
        {
            "time": "08.01.2021 21:44",
            "open": "7.549",
            "high": "7.551",
            "low": "7.518",
            "close": "7.535"
        },
        {
            "time": "08.01.2021 21:45",
            "open": "7.535",
            "high": "7.535",
            "low": "7.521",
            "close": "7.497"
        },
        {
            "time": "08.01.2021 21:48",
            "open": "7.497",
            "high": "7.497",
            "low": "7.489",
            "close": "7.478"
        },
        {
            "time": "08.01.2021 21:49",
            "open": "7.478",
            "high": "7.5",
            "low": "7.478",
            "close": "7.506"
        },
        {
            "time": "08.01.2021 21:50",
            "open": "7.506",
            "high": "7.506",
            "low": "7.456",
            "close": "7.483"
        },
        {
            "time": "08.01.2021 21:51",
            "open": "7.483",
            "high": "7.5",
            "low": "7.424",
            "close": "7.486"
        },
        {
            "time": "08.01.2021 21:52",
            "open": "7.486",
            "high": "7.486",
            "low": "7.462",
            "close": "7.542"
        },
        {
            "time": "08.01.2021 21:53",
            "open": "7.542",
            "high": "7.542",
            "low": "7.52",
            "close": "7.553"
        },
        {
            "time": "08.01.2021 21:54",
            "open": "7.553",
            "high": "7.597",
            "low": "7.535",
            "close": "7.54"
        },
        {
            "time": "08.01.2021 21:55",
            "open": "7.54",
            "high": "7.54",
            "low": "7.491",
            "close": "7.536"
        },
        {
            "time": "08.01.2021 21:56",
            "open": "7.536",
            "high": "7.577",
            "low": "7.533",
            "close": "7.526"
        },
        {
            "time": "08.01.2021 21:57",
            "open": "7.526",
            "high": "7.554",
            "low": "7.506",
            "close": "7.517"
        },
        {
            "time": "08.01.2021 21:58",
            "open": "7.517",
            "high": "7.522",
            "low": "7.49",
            "close": "7.511"
        },
        {
            "time": "08.01.2021 21:59",
            "open": "7.511",
            "high": "7.537",
            "low": "7.495",
            "close": "7.501"
        },
        {
            "time": "08.01.2021 22:00",
            "open": "7.501",
            "high": "7.523",
            "low": "7.446",
            "close": "7.492"
        },
        {
            "time": "08.01.2021 22:01",
            "open": "7.492",
            "high": "7.495",
            "low": "7.443",
            "close": "7.514"
        },
        {
            "time": "08.01.2021 22:02",
            "open": "7.514",
            "high": "7.514",
            "low": "7.438",
            "close": "7.459"
        },
        {
            "time": "08.01.2021 22:03",
            "open": "7.459",
            "high": "7.459",
            "low": "7.43",
            "close": "7.439"
        },
        {
            "time": "08.01.2021 22:04",
            "open": "7.439",
            "high": "7.454",
            "low": "7.43",
            "close": "7.434"
        },
        {
            "time": "08.01.2021 22:05",
            "open": "7.434",
            "high": "7.46",
            "low": "7.43",
            "close": "7.439"
        },
        {
            "time": "08.01.2021 22:06",
            "open": "7.439",
            "high": "7.472",
            "low": "7.439",
            "close": "7.467"
        },
        {
            "time": "08.01.2021 22:07",
            "open": "7.467",
            "high": "7.467",
            "low": "7.462",
            "close": "7.463"
        },
        {
            "time": "08.01.2021 22:08",
            "open": "7.463",
            "high": "7.463",
            "low": "7.454",
            "close": "7.43"
        },
        {
            "time": "08.01.2021 22:09",
            "open": "7.43",
            "high": "7.477",
            "low": "7.43",
            "close": "7.467"
        },
        {
            "time": "08.01.2021 22:10",
            "open": "7.467",
            "high": "7.467",
            "low": "7.461",
            "close": "7.46"
        },
        {
            "time": "08.01.2021 22:11",
            "open": "7.46",
            "high": "7.479",
            "low": "7.459",
            "close": "7.466"
        },
        {
            "time": "08.01.2021 22:12",
            "open": "7.466",
            "high": "7.468",
            "low": "7.462",
            "close": "7.468"
        },
        {
            "time": "08.01.2021 22:13",
            "open": "7.468",
            "high": "7.48",
            "low": "7.468",
            "close": "7.478"
        },
        {
            "time": "08.01.2021 22:14",
            "open": "7.478",
            "high": "7.48",
            "low": "7.476",
            "close": "7.49"
        },
        {
            "time": "08.01.2021 22:15",
            "open": "7.49",
            "high": "7.49",
            "low": "7.485",
            "close": "7.485"
        },
        {
            "time": "08.01.2021 22:16",
            "open": "7.485",
            "high": "7.49",
            "low": "7.482",
            "close": "7.49"
        },
        {
            "time": "08.01.2021 22:17",
            "open": "7.49",
            "high": "7.511",
            "low": "7.49",
            "close": "7.51"
        },
        {
            "time": "08.01.2021 22:18",
            "open": "7.51",
            "high": "7.514",
            "low": "7.508",
            "close": "7.515"
        },
        {
            "time": "08.01.2021 22:19",
            "open": "7.515",
            "high": "7.515",
            "low": "7.515",
            "close": "7.515"
        },
        {
            "time": "08.01.2021 22:20",
            "open": "7.515",
            "high": "7.532",
            "low": "7.515",
            "close": "7.532"
        },
        {
            "time": "08.01.2021 22:21",
            "open": "7.532",
            "high": "7.532",
            "low": "7.532",
            "close": "7.532"
        },
        {
            "time": "08.01.2021 22:22",
            "open": "7.532",
            "high": "7.532",
            "low": "7.532",
            "close": "7.539"
        },
        {
            "time": "08.01.2021 22:23",
            "open": "7.539",
            "high": "7.664",
            "low": "7.539",
            "close": "7.576"
        },
        {
            "time": "08.01.2021 22:24",
            "open": "7.576",
            "high": "7.597",
            "low": "7.558",
            "close": "7.583"
        },
        {
            "time": "08.01.2021 22:25",
            "open": "7.583",
            "high": "7.583",
            "low": "7.543",
            "close": "7.554"
        },
        {
            "time": "08.01.2021 22:27",
            "open": "7.554",
            "high": "7.554",
            "low": "7.554",
            "close": "7.544"
        },
        {
            "time": "08.01.2021 22:28",
            "open": "7.544",
            "high": "7.575",
            "low": "7.543",
            "close": "7.545"
        },
        {
            "time": "08.01.2021 22:29",
            "open": "7.545",
            "high": "7.604",
            "low": "7.545",
            "close": "7.577"
        },
        {
            "time": "08.01.2021 22:30",
            "open": "7.577",
            "high": "7.591",
            "low": "7.559",
            "close": "7.571"
        },
        {
            "time": "08.01.2021 22:31",
            "open": "7.571",
            "high": "7.635",
            "low": "7.556",
            "close": "7.611"
        },
        {
            "time": "08.01.2021 22:32",
            "open": "7.611",
            "high": "7.614",
            "low": "7.562",
            "close": "7.592"
        },
        {
            "time": "08.01.2021 22:33",
            "open": "7.592",
            "high": "7.604",
            "low": "7.566",
            "close": "7.566"
        },
        {
            "time": "08.01.2021 22:34",
            "open": "7.566",
            "high": "7.634",
            "low": "7.566",
            "close": "7.568"
        },
        {
            "time": "08.01.2021 22:35",
            "open": "7.568",
            "high": "7.618",
            "low": "7.564",
            "close": "7.586"
        },
        {
            "time": "08.01.2021 22:36",
            "open": "7.586",
            "high": "7.615",
            "low": "7.583",
            "close": "7.623"
        },
        {
            "time": "08.01.2021 22:37",
            "open": "7.623",
            "high": "7.623",
            "low": "7.579",
            "close": "7.619"
        },
        {
            "time": "08.01.2021 22:38",
            "open": "7.619",
            "high": "7.619",
            "low": "7.582",
            "close": "7.628"
        },
        {
            "time": "08.01.2021 22:39",
            "open": "7.628",
            "high": "7.63",
            "low": "7.596",
            "close": "7.631"
        },
        {
            "time": "08.01.2021 22:40",
            "open": "7.631",
            "high": "7.631",
            "low": "7.602",
            "close": "7.612"
        },
        {
            "time": "08.01.2021 22:41",
            "open": "7.612",
            "high": "7.634",
            "low": "7.598",
            "close": "7.612"
        },
        {
            "time": "08.01.2021 22:42",
            "open": "7.612",
            "high": "7.618",
            "low": "7.6",
            "close": "7.614"
        },
        {
            "time": "08.01.2021 22:43",
            "open": "7.614",
            "high": "7.614",
            "low": "7.598",
            "close": "7.603"
        },
        {
            "time": "08.01.2021 22:44",
            "open": "7.603",
            "high": "7.606",
            "low": "7.584",
            "close": "7.585"
        },
        {
            "time": "08.01.2021 22:45",
            "open": "7.585",
            "high": "7.587",
            "low": "7.579",
            "close": "7.584"
        },
        {
            "time": "08.01.2021 22:46",
            "open": "7.584",
            "high": "7.594",
            "low": "7.558",
            "close": "7.55"
        },
        {
            "time": "08.01.2021 22:47",
            "open": "7.55",
            "high": "7.594",
            "low": "7.547",
            "close": "7.57"
        },
        {
            "time": "08.01.2021 22:48",
            "open": "7.57",
            "high": "7.609",
            "low": "7.558",
            "close": "7.558"
        },
        {
            "time": "08.01.2021 22:49",
            "open": "7.558",
            "high": "7.604",
            "low": "7.558",
            "close": "7.599"
        },
        {
            "time": "08.01.2021 22:50",
            "open": "7.599",
            "high": "7.599",
            "low": "7.547",
            "close": "7.571"
        },
        {
            "time": "08.01.2021 22:51",
            "open": "7.571",
            "high": "7.584",
            "low": "7.571",
            "close": "7.587"
        },
        {
            "time": "08.01.2021 22:52",
            "open": "7.587",
            "high": "7.587",
            "low": "7.582",
            "close": "7.585"
        },
        {
            "time": "08.01.2021 22:56",
            "open": "7.585",
            "high": "7.586",
            "low": "7.585",
            "close": "7.607"
        },
        {
            "time": "08.01.2021 22:57",
            "open": "7.607",
            "high": "7.607",
            "low": "7.607",
            "close": "7.655"
        },
        {
            "time": "08.01.2021 23:00",
            "open": "7.655",
            "high": "7.664",
            "low": "7.655",
            "close": "7.638"
        },
        {
            "time": "08.01.2021 23:02",
            "open": "7.638",
            "high": "7.638",
            "low": "7.635",
            "close": "7.635"
        },
        {
            "time": "08.01.2021 23:03",
            "open": "7.635",
            "high": "7.635",
            "low": "7.635",
            "close": "7.638"
        },
        {
            "time": "08.01.2021 23:15",
            "open": "7.638",
            "high": "7.638",
            "low": "7.638",
            "close": "7.622"
        },
        {
            "time": "08.01.2021 23:18",
            "open": "7.622",
            "high": "7.622",
            "low": "7.622",
            "close": "7.616"
        },
        {
            "time": "08.01.2021 23:20",
            "open": "7.616",
            "high": "7.616",
            "low": "7.611",
            "close": "7.623"
        },
        {
            "time": "08.01.2021 23:30",
            "open": "7.623",
            "high": "7.623",
            "low": "7.623",
            "close": "7.665"
        },
        {
            "time": "08.01.2021 23:34",
            "open": "7.665",
            "high": "7.665",
            "low": "7.665",
            "close": "7.666"
        },
        {
            "time": "08.01.2021 23:35",
            "open": "7.666",
            "high": "7.666",
            "low": "7.666",
            "close": "7.677"
        },
        {
            "time": "08.01.2021 23:37",
            "open": "7.677",
            "high": "7.681",
            "low": "7.677",
            "close": "7.679"
        },
        {
            "time": "08.01.2021 23:38",
            "open": "7.679",
            "high": "7.681",
            "low": "7.679",
            "close": "7.68"
        },
        {
            "time": "08.01.2021 23:39",
            "open": "7.68",
            "high": "7.681",
            "low": "7.68",
            "close": "7.681"
        },
        {
            "time": "08.01.2021 23:42",
            "open": "7.681",
            "high": "7.681",
            "low": "7.681",
            "close": "7.7"
        },
        {
            "time": "08.01.2021 23:43",
            "open": "7.7",
            "high": "7.705",
            "low": "7.7",
            "close": "7.705"
        },
        {
            "time": "08.01.2021 23:44",
            "open": "7.705",
            "high": "7.705",
            "low": "7.705",
            "close": "7.722"
        },
        {
            "time": "08.01.2021 23:45",
            "open": "7.722",
            "high": "7.729",
            "low": "7.722",
            "close": "7.737"
        },
        {
            "time": "08.01.2021 23:46",
            "open": "7.737",
            "high": "7.737",
            "low": "7.737",
            "close": "7.747"
        },
        {
            "time": "08.01.2021 23:47",
            "open": "7.747",
            "high": "7.754",
            "low": "7.747",
            "close": "7.754"
        },
        {
            "time": "08.01.2021 23:48",
            "open": "7.754",
            "high": "7.77",
            "low": "7.754",
            "close": "7.778"
        },
        {
            "time": "08.01.2021 23:50",
            "open": "7.778",
            "high": "7.778",
            "low": "7.778",
            "close": "7.782"
        },
        {
            "time": "08.01.2021 23:55",
            "open": "7.782",
            "high": "7.782",
            "low": "7.782",
            "close": "7.794"
        }
    ]
}