{
    "UMA-EUR": [
        {
            "time": "24.02.2021 23:56",
            "open": "17.634",
            "high": "17.634",
            "low": "17.634",
            "close": "17.745"
        },
        {
            "time": "25.02.2021 00:01",
            "open": "17.745",
            "high": "17.745",
            "low": "17.745",
            "close": "17.784"
        },
        {
            "time": "25.02.2021 00:02",
            "open": "17.784",
            "high": "17.837",
            "low": "17.784",
            "close": "17.872"
        },
        {
            "time": "25.02.2021 00:03",
            "open": "17.872",
            "high": "17.888",
            "low": "17.872",
            "close": "17.952"
        },
        {
            "time": "25.02.2021 00:04",
            "open": "17.952",
            "high": "17.973",
            "low": "17.952",
            "close": "18"
        },
        {
            "time": "25.02.2021 00:05",
            "open": "18",
            "high": "18",
            "low": "18",
            "close": "18.103"
        },
        {
            "time": "25.02.2021 00:08",
            "open": "18.103",
            "high": "18.103",
            "low": "18.103",
            "close": "18.104"
        },
        {
            "time": "25.02.2021 00:11",
            "open": "18.104",
            "high": "18.136",
            "low": "18.104",
            "close": "18.097"
        },
        {
            "time": "25.02.2021 00:12",
            "open": "18.097",
            "high": "18.108",
            "low": "18.095",
            "close": "18.061"
        },
        {
            "time": "25.02.2021 00:14",
            "open": "18.061",
            "high": "18.068",
            "low": "18.061",
            "close": "18.082"
        },
        {
            "time": "25.02.2021 00:17",
            "open": "18.082",
            "high": "18.082",
            "low": "18.082",
            "close": "18.045"
        },
        {
            "time": "25.02.2021 00:19",
            "open": "18.045",
            "high": "18.071",
            "low": "18.014",
            "close": "18.062"
        },
        {
            "time": "25.02.2021 00:21",
            "open": "18.062",
            "high": "18.064",
            "low": "18.062",
            "close": "18.139"
        },
        {
            "time": "25.02.2021 00:26",
            "open": "18.139",
            "high": "18.147",
            "low": "18.139",
            "close": "18.156"
        },
        {
            "time": "25.02.2021 00:27",
            "open": "18.156",
            "high": "18.156",
            "low": "18.156",
            "close": "18.158"
        },
        {
            "time": "25.02.2021 00:30",
            "open": "18.158",
            "high": "18.161",
            "low": "18.158",
            "close": "18.172"
        },
        {
            "time": "25.02.2021 00:32",
            "open": "18.172",
            "high": "18.172",
            "low": "18.172",
            "close": "18.194"
        },
        {
            "time": "25.02.2021 00:37",
            "open": "18.194",
            "high": "18.194",
            "low": "18.194",
            "close": "18.237"
        },
        {
            "time": "25.02.2021 00:42",
            "open": "18.237",
            "high": "18.237",
            "low": "18.237",
            "close": "18.232"
        },
        {
            "time": "25.02.2021 00:45",
            "open": "18.232",
            "high": "18.232",
            "low": "18.232",
            "close": "18.261"
        },
        {
            "time": "25.02.2021 00:48",
            "open": "18.261",
            "high": "18.261",
            "low": "18.261",
            "close": "18.217"
        },
        {
            "time": "25.02.2021 00:49",
            "open": "18.217",
            "high": "18.217",
            "low": "18.212",
            "close": "18.277"
        },
        {
            "time": "25.02.2021 01:24",
            "open": "18.277",
            "high": "18.291",
            "low": "18.277",
            "close": "18.243"
        },
        {
            "time": "25.02.2021 01:35",
            "open": "18.243",
            "high": "18.256",
            "low": "18.243",
            "close": "18.361"
        },
        {
            "time": "25.02.2021 01:48",
            "open": "18.361",
            "high": "18.4",
            "low": "18.361",
            "close": "18.304"
        },
        {
            "time": "25.02.2021 01:51",
            "open": "18.304",
            "high": "18.304",
            "low": "18.304",
            "close": "18.365"
        },
        {
            "time": "25.02.2021 02:00",
            "open": "18.365",
            "high": "18.365",
            "low": "18.345",
            "close": "18.372"
        },
        {
            "time": "25.02.2021 02:01",
            "open": "18.372",
            "high": "18.372",
            "low": "18.372",
            "close": "18.378"
        },
        {
            "time": "25.02.2021 02:03",
            "open": "18.378",
            "high": "18.378",
            "low": "18.378",
            "close": "18.383"
        },
        {
            "time": "25.02.2021 02:06",
            "open": "18.383",
            "high": "18.383",
            "low": "18.383",
            "close": "18.4"
        },
        {
            "time": "25.02.2021 02:08",
            "open": "18.4",
            "high": "18.4",
            "low": "18.4",
            "close": "18.4"
        },
        {
            "time": "25.02.2021 02:09",
            "open": "18.4",
            "high": "18.41",
            "low": "18.4",
            "close": "18.436"
        },
        {
            "time": "25.02.2021 02:10",
            "open": "18.436",
            "high": "18.436",
            "low": "18.436",
            "close": "18.478"
        },
        {
            "time": "25.02.2021 02:11",
            "open": "18.478",
            "high": "18.478",
            "low": "18.478",
            "close": "18.486"
        },
        {
            "time": "25.02.2021 02:12",
            "open": "18.486",
            "high": "18.486",
            "low": "18.486",
            "close": "18.49"
        },
        {
            "time": "25.02.2021 02:13",
            "open": "18.49",
            "high": "18.49",
            "low": "18.49",
            "close": "18.52"
        },
        {
            "time": "25.02.2021 02:21",
            "open": "18.52",
            "high": "18.52",
            "low": "18.507",
            "close": "18.521"
        },
        {
            "time": "25.02.2021 02:28",
            "open": "18.521",
            "high": "18.521",
            "low": "18.521",
            "close": "18.535"
        },
        {
            "time": "25.02.2021 02:38",
            "open": "18.535",
            "high": "18.535",
            "low": "18.535",
            "close": "18.306"
        },
        {
            "time": "25.02.2021 02:53",
            "open": "18.306",
            "high": "18.306",
            "low": "18.306",
            "close": "18.202"
        },
        {
            "time": "25.02.2021 02:54",
            "open": "18.202",
            "high": "18.202",
            "low": "18.202",
            "close": "18.202"
        },
        {
            "time": "25.02.2021 02:57",
            "open": "18.202",
            "high": "18.202",
            "low": "18.202",
            "close": "18.223"
        },
        {
            "time": "25.02.2021 02:59",
            "open": "18.223",
            "high": "18.249",
            "low": "18.223",
            "close": "18.248"
        },
        {
            "time": "25.02.2021 03:00",
            "open": "18.248",
            "high": "18.248",
            "low": "18.248",
            "close": "18.321"
        },
        {
            "time": "25.02.2021 03:03",
            "open": "18.321",
            "high": "18.329",
            "low": "18.321",
            "close": "18.307"
        },
        {
            "time": "25.02.2021 03:13",
            "open": "18.307",
            "high": "18.307",
            "low": "18.307",
            "close": "18.341"
        },
        {
            "time": "25.02.2021 03:19",
            "open": "18.341",
            "high": "18.341",
            "low": "18.341",
            "close": "18.165"
        },
        {
            "time": "25.02.2021 03:29",
            "open": "18.165",
            "high": "18.165",
            "low": "18.107",
            "close": "18.073"
        },
        {
            "time": "25.02.2021 03:36",
            "open": "18.073",
            "high": "18.073",
            "low": "18.073",
            "close": "18.019"
        },
        {
            "time": "25.02.2021 03:51",
            "open": "18.019",
            "high": "18.019",
            "low": "18.019",
            "close": "18.016"
        },
        {
            "time": "25.02.2021 03:53",
            "open": "18.016",
            "high": "18.016",
            "low": "18.016",
            "close": "17.983"
        },
        {
            "time": "25.02.2021 03:57",
            "open": "17.983",
            "high": "17.983",
            "low": "17.983",
            "close": "17.96"
        },
        {
            "time": "25.02.2021 03:58",
            "open": "17.96",
            "high": "17.96",
            "low": "17.96",
            "close": "17.96"
        },
        {
            "time": "25.02.2021 03:59",
            "open": "17.96",
            "high": "17.96",
            "low": "17.96",
            "close": "17.931"
        },
        {
            "time": "25.02.2021 04:00",
            "open": "17.931",
            "high": "17.931",
            "low": "17.908",
            "close": "17.9"
        },
        {
            "time": "25.02.2021 04:03",
            "open": "17.9",
            "high": "17.9",
            "low": "17.9",
            "close": "17.874"
        },
        {
            "time": "25.02.2021 04:04",
            "open": "17.874",
            "high": "17.874",
            "low": "17.874",
            "close": "17.802"
        },
        {
            "time": "25.02.2021 04:10",
            "open": "17.802",
            "high": "17.804",
            "low": "17.763",
            "close": "17.734"
        },
        {
            "time": "25.02.2021 04:14",
            "open": "17.734",
            "high": "17.734",
            "low": "17.734",
            "close": "17.725"
        },
        {
            "time": "25.02.2021 04:15",
            "open": "17.725",
            "high": "17.726",
            "low": "17.725",
            "close": "17.726"
        },
        {
            "time": "25.02.2021 04:16",
            "open": "17.726",
            "high": "17.726",
            "low": "17.665",
            "close": "17.631"
        },
        {
            "time": "25.02.2021 04:17",
            "open": "17.631",
            "high": "17.631",
            "low": "17.584",
            "close": "17.56"
        },
        {
            "time": "25.02.2021 04:28",
            "open": "17.56",
            "high": "17.56",
            "low": "17.5",
            "close": "17.5"
        },
        {
            "time": "25.02.2021 04:29",
            "open": "17.5",
            "high": "17.5",
            "low": "17.5",
            "close": "17.719"
        },
        {
            "time": "25.02.2021 04:53",
            "open": "17.719",
            "high": "17.719",
            "low": "17.718",
            "close": "17.746"
        },
        {
            "time": "25.02.2021 04:54",
            "open": "17.746",
            "high": "17.746",
            "low": "17.746",
            "close": "17.746"
        },
        {
            "time": "25.02.2021 04:59",
            "open": "17.746",
            "high": "17.746",
            "low": "17.746",
            "close": "17.691"
        },
        {
            "time": "25.02.2021 05:00",
            "open": "17.691",
            "high": "17.691",
            "low": "17.691",
            "close": "17.461"
        },
        {
            "time": "25.02.2021 05:02",
            "open": "17.461",
            "high": "17.461",
            "low": "17.461",
            "close": "17.479"
        },
        {
            "time": "25.02.2021 05:04",
            "open": "17.479",
            "high": "17.479",
            "low": "17.479",
            "close": "17.874"
        },
        {
            "time": "25.02.2021 05:24",
            "open": "17.874",
            "high": "17.874",
            "low": "17.874",
            "close": "17.874"
        },
        {
            "time": "25.02.2021 05:31",
            "open": "17.874",
            "high": "17.874",
            "low": "17.874",
            "close": "17.776"
        },
        {
            "time": "25.02.2021 05:32",
            "open": "17.776",
            "high": "17.776",
            "low": "17.776",
            "close": "17.806"
        },
        {
            "time": "25.02.2021 05:34",
            "open": "17.806",
            "high": "17.806",
            "low": "17.806",
            "close": "17.729"
        },
        {
            "time": "25.02.2021 05:37",
            "open": "17.729",
            "high": "17.729",
            "low": "17.701",
            "close": "17.683"
        },
        {
            "time": "25.02.2021 05:44",
            "open": "17.683",
            "high": "17.683",
            "low": "17.683",
            "close": "17.65"
        },
        {
            "time": "25.02.2021 05:54",
            "open": "17.65",
            "high": "17.65",
            "low": "17.606",
            "close": "17.45"
        },
        {
            "time": "25.02.2021 05:56",
            "open": "17.45",
            "high": "17.45",
            "low": "17.419",
            "close": "17.433"
        },
        {
            "time": "25.02.2021 05:59",
            "open": "17.433",
            "high": "17.433",
            "low": "17.433",
            "close": "17.439"
        },
        {
            "time": "25.02.2021 06:12",
            "open": "17.439",
            "high": "17.439",
            "low": "17.439",
            "close": "17.445"
        },
        {
            "time": "25.02.2021 06:21",
            "open": "17.445",
            "high": "17.445",
            "low": "17.426",
            "close": "17.519"
        },
        {
            "time": "25.02.2021 06:23",
            "open": "17.519",
            "high": "17.519",
            "low": "17.519",
            "close": "17.472"
        },
        {
            "time": "25.02.2021 06:27",
            "open": "17.472",
            "high": "17.472",
            "low": "17.472",
            "close": "17.43"
        },
        {
            "time": "25.02.2021 06:28",
            "open": "17.43",
            "high": "17.43",
            "low": "17.427",
            "close": "17.404"
        },
        {
            "time": "25.02.2021 06:30",
            "open": "17.404",
            "high": "17.404",
            "low": "17.4",
            "close": "17.636"
        },
        {
            "time": "25.02.2021 06:35",
            "open": "17.636",
            "high": "17.636",
            "low": "17.636",
            "close": "17.558"
        },
        {
            "time": "25.02.2021 06:45",
            "open": "17.558",
            "high": "17.558",
            "low": "17.558",
            "close": "17.587"
        },
        {
            "time": "25.02.2021 06:47",
            "open": "17.587",
            "high": "17.587",
            "low": "17.587",
            "close": "17.578"
        },
        {
            "time": "25.02.2021 06:50",
            "open": "17.578",
            "high": "17.578",
            "low": "17.527",
            "close": "17.795"
        },
        {
            "time": "25.02.2021 06:55",
            "open": "17.795",
            "high": "17.874",
            "low": "17.795",
            "close": "17.941"
        },
        {
            "time": "25.02.2021 06:56",
            "open": "17.941",
            "high": "17.999",
            "low": "17.941",
            "close": "18.01"
        },
        {
            "time": "25.02.2021 06:58",
            "open": "18.01",
            "high": "18.01",
            "low": "18.01",
            "close": "18.022"
        },
        {
            "time": "25.02.2021 06:59",
            "open": "18.022",
            "high": "18.022",
            "low": "18.022",
            "close": "17.974"
        },
        {
            "time": "25.02.2021 07:08",
            "open": "17.974",
            "high": "17.974",
            "low": "17.974",
            "close": "18.023"
        },
        {
            "time": "25.02.2021 07:09",
            "open": "18.023",
            "high": "18.023",
            "low": "18.023",
            "close": "18.053"
        },
        {
            "time": "25.02.2021 07:13",
            "open": "18.053",
            "high": "18.053",
            "low": "18.053",
            "close": "18.02"
        },
        {
            "time": "25.02.2021 07:15",
            "open": "18.02",
            "high": "18.021",
            "low": "18.02",
            "close": "18.002"
        },
        {
            "time": "25.02.2021 07:37",
            "open": "18.002",
            "high": "18.002",
            "low": "17.993",
            "close": "17.988"
        },
        {
            "time": "25.02.2021 07:47",
            "open": "17.988",
            "high": "17.988",
            "low": "17.954",
            "close": "18.012"
        },
        {
            "time": "25.02.2021 07:49",
            "open": "18.012",
            "high": "18.012",
            "low": "18.012",
            "close": "18.002"
        },
        {
            "time": "25.02.2021 07:50",
            "open": "18.002",
            "high": "18.041",
            "low": "18.002",
            "close": "17.973"
        },
        {
            "time": "25.02.2021 07:54",
            "open": "17.973",
            "high": "17.973",
            "low": "17.973",
            "close": "17.978"
        },
        {
            "time": "25.02.2021 08:02",
            "open": "17.978",
            "high": "17.978",
            "low": "17.977",
            "close": "17.926"
        },
        {
            "time": "25.02.2021 08:04",
            "open": "17.926",
            "high": "17.926",
            "low": "17.917",
            "close": "17.919"
        },
        {
            "time": "25.02.2021 08:06",
            "open": "17.919",
            "high": "17.92",
            "low": "17.912",
            "close": "17.835"
        },
        {
            "time": "25.02.2021 08:14",
            "open": "17.835",
            "high": "17.835",
            "low": "17.835",
            "close": "18.004"
        },
        {
            "time": "25.02.2021 08:23",
            "open": "18.004",
            "high": "18.004",
            "low": "18.004",
            "close": "18.004"
        },
        {
            "time": "25.02.2021 08:24",
            "open": "18.004",
            "high": "18.004",
            "low": "18.004",
            "close": "18.043"
        },
        {
            "time": "25.02.2021 08:26",
            "open": "18.043",
            "high": "18.043",
            "low": "18.043",
            "close": "18.047"
        },
        {
            "time": "25.02.2021 08:30",
            "open": "18.047",
            "high": "18.047",
            "low": "18.047",
            "close": "18.007"
        },
        {
            "time": "25.02.2021 08:31",
            "open": "18.007",
            "high": "18.007",
            "low": "18.007",
            "close": "17.965"
        },
        {
            "time": "25.02.2021 08:33",
            "open": "17.965",
            "high": "17.965",
            "low": "17.962",
            "close": "17.93"
        },
        {
            "time": "25.02.2021 08:38",
            "open": "17.93",
            "high": "17.93",
            "low": "17.93",
            "close": "17.934"
        },
        {
            "time": "25.02.2021 08:40",
            "open": "17.934",
            "high": "17.934",
            "low": "17.934",
            "close": "17.948"
        },
        {
            "time": "25.02.2021 08:44",
            "open": "17.948",
            "high": "17.99",
            "low": "17.948",
            "close": "17.99"
        },
        {
            "time": "25.02.2021 08:45",
            "open": "17.99",
            "high": "17.999",
            "low": "17.99",
            "close": "17.99"
        },
        {
            "time": "25.02.2021 08:46",
            "open": "17.99",
            "high": "17.99",
            "low": "17.99",
            "close": "17.976"
        },
        {
            "time": "25.02.2021 08:55",
            "open": "17.976",
            "high": "17.976",
            "low": "17.971",
            "close": "17.975"
        },
        {
            "time": "25.02.2021 08:58",
            "open": "17.975",
            "high": "17.975",
            "low": "17.975",
            "close": "17.975"
        },
        {
            "time": "25.02.2021 08:59",
            "open": "17.975",
            "high": "17.975",
            "low": "17.975",
            "close": "17.975"
        },
        {
            "time": "25.02.2021 09:00",
            "open": "17.975",
            "high": "17.975",
            "low": "17.964",
            "close": "17.96"
        },
        {
            "time": "25.02.2021 09:01",
            "open": "17.96",
            "high": "17.96",
            "low": "17.96",
            "close": "17.981"
        },
        {
            "time": "25.02.2021 09:03",
            "open": "17.981",
            "high": "17.981",
            "low": "17.981",
            "close": "17.96"
        },
        {
            "time": "25.02.2021 09:04",
            "open": "17.96",
            "high": "17.96",
            "low": "17.96",
            "close": "17.931"
        },
        {
            "time": "25.02.2021 09:09",
            "open": "17.931",
            "high": "17.931",
            "low": "17.931",
            "close": "17.9"
        },
        {
            "time": "25.02.2021 09:15",
            "open": "17.9",
            "high": "17.9",
            "low": "17.881",
            "close": "17.85"
        },
        {
            "time": "25.02.2021 09:19",
            "open": "17.85",
            "high": "17.85",
            "low": "17.786",
            "close": "17.786"
        },
        {
            "time": "25.02.2021 09:20",
            "open": "17.786",
            "high": "17.786",
            "low": "17.786",
            "close": "17.769"
        },
        {
            "time": "25.02.2021 09:21",
            "open": "17.769",
            "high": "17.78",
            "low": "17.769",
            "close": "17.705"
        },
        {
            "time": "25.02.2021 09:27",
            "open": "17.705",
            "high": "17.705",
            "low": "17.66",
            "close": "17.655"
        },
        {
            "time": "25.02.2021 09:28",
            "open": "17.655",
            "high": "17.655",
            "low": "17.654",
            "close": "17.608"
        },
        {
            "time": "25.02.2021 09:36",
            "open": "17.608",
            "high": "17.608",
            "low": "17.5",
            "close": "17.553"
        },
        {
            "time": "25.02.2021 09:39",
            "open": "17.553",
            "high": "17.557",
            "low": "17.553",
            "close": "17.555"
        },
        {
            "time": "25.02.2021 09:40",
            "open": "17.555",
            "high": "17.687",
            "low": "17.555",
            "close": "17.592"
        },
        {
            "time": "25.02.2021 09:41",
            "open": "17.592",
            "high": "17.606",
            "low": "17.592",
            "close": "17.586"
        },
        {
            "time": "25.02.2021 09:42",
            "open": "17.586",
            "high": "17.586",
            "low": "17.574",
            "close": "17.606"
        },
        {
            "time": "25.02.2021 09:44",
            "open": "17.606",
            "high": "17.606",
            "low": "17.587",
            "close": "17.592"
        },
        {
            "time": "25.02.2021 09:45",
            "open": "17.592",
            "high": "17.594",
            "low": "17.575",
            "close": "17.593"
        },
        {
            "time": "25.02.2021 09:46",
            "open": "17.593",
            "high": "17.593",
            "low": "17.593",
            "close": "17.575"
        },
        {
            "time": "25.02.2021 09:47",
            "open": "17.575",
            "high": "17.575",
            "low": "17.551",
            "close": "17.591"
        },
        {
            "time": "25.02.2021 09:50",
            "open": "17.591",
            "high": "17.591",
            "low": "17.591",
            "close": "17.586"
        },
        {
            "time": "25.02.2021 09:51",
            "open": "17.586",
            "high": "17.592",
            "low": "17.586",
            "close": "17.594"
        },
        {
            "time": "25.02.2021 09:52",
            "open": "17.594",
            "high": "17.594",
            "low": "17.571",
            "close": "17.577"
        },
        {
            "time": "25.02.2021 09:53",
            "open": "17.577",
            "high": "17.577",
            "low": "17.549",
            "close": "17.58"
        },
        {
            "time": "25.02.2021 09:54",
            "open": "17.58",
            "high": "17.58",
            "low": "17.501",
            "close": "17.51"
        },
        {
            "time": "25.02.2021 09:55",
            "open": "17.51",
            "high": "17.51",
            "low": "17.5",
            "close": "17.501"
        },
        {
            "time": "25.02.2021 09:56",
            "open": "17.501",
            "high": "17.501",
            "low": "17.491",
            "close": "17.451"
        },
        {
            "time": "25.02.2021 09:57",
            "open": "17.451",
            "high": "17.451",
            "low": "17.451",
            "close": "17.45"
        },
        {
            "time": "25.02.2021 09:58",
            "open": "17.45",
            "high": "17.45",
            "low": "17.449",
            "close": "17.496"
        },
        {
            "time": "25.02.2021 10:01",
            "open": "17.496",
            "high": "17.496",
            "low": "17.496",
            "close": "17.488"
        },
        {
            "time": "25.02.2021 10:02",
            "open": "17.488",
            "high": "17.488",
            "low": "17.488",
            "close": "17.498"
        },
        {
            "time": "25.02.2021 10:05",
            "open": "17.498",
            "high": "17.558",
            "low": "17.498",
            "close": "17.544"
        },
        {
            "time": "25.02.2021 10:06",
            "open": "17.544",
            "high": "17.551",
            "low": "17.527",
            "close": "17.53"
        },
        {
            "time": "25.02.2021 10:07",
            "open": "17.53",
            "high": "17.53",
            "low": "17.53",
            "close": "17.438"
        },
        {
            "time": "25.02.2021 10:08",
            "open": "17.438",
            "high": "17.438",
            "low": "17.43",
            "close": "17.419"
        },
        {
            "time": "25.02.2021 10:09",
            "open": "17.419",
            "high": "17.419",
            "low": "17.381",
            "close": "17.37"
        },
        {
            "time": "25.02.2021 10:10",
            "open": "17.37",
            "high": "17.37",
            "low": "17.291",
            "close": "17.29"
        },
        {
            "time": "25.02.2021 10:12",
            "open": "17.29",
            "high": "17.301",
            "low": "17.287",
            "close": "17.282"
        },
        {
            "time": "25.02.2021 10:13",
            "open": "17.282",
            "high": "17.282",
            "low": "17.282",
            "close": "17.292"
        },
        {
            "time": "25.02.2021 10:15",
            "open": "17.292",
            "high": "17.292",
            "low": "17.292",
            "close": "17.254"
        },
        {
            "time": "25.02.2021 10:18",
            "open": "17.254",
            "high": "17.254",
            "low": "17.254",
            "close": "17.311"
        },
        {
            "time": "25.02.2021 10:19",
            "open": "17.311",
            "high": "17.32",
            "low": "17.311",
            "close": "17.335"
        },
        {
            "time": "25.02.2021 10:20",
            "open": "17.335",
            "high": "17.335",
            "low": "17.335",
            "close": "17.298"
        },
        {
            "time": "25.02.2021 10:23",
            "open": "17.298",
            "high": "17.298",
            "low": "17.298",
            "close": "17.312"
        },
        {
            "time": "25.02.2021 10:24",
            "open": "17.312",
            "high": "17.312",
            "low": "17.312",
            "close": "17.261"
        },
        {
            "time": "25.02.2021 10:25",
            "open": "17.261",
            "high": "17.261",
            "low": "17.261",
            "close": "17.261"
        },
        {
            "time": "25.02.2021 10:26",
            "open": "17.261",
            "high": "17.271",
            "low": "17.261",
            "close": "17.26"
        },
        {
            "time": "25.02.2021 10:28",
            "open": "17.26",
            "high": "17.26",
            "low": "17.248",
            "close": "17.254"
        },
        {
            "time": "25.02.2021 10:29",
            "open": "17.254",
            "high": "17.254",
            "low": "17.254",
            "close": "17.248"
        },
        {
            "time": "25.02.2021 10:30",
            "open": "17.248",
            "high": "17.248",
            "low": "17.248",
            "close": "17.231"
        },
        {
            "time": "25.02.2021 10:32",
            "open": "17.231",
            "high": "17.232",
            "low": "17.231",
            "close": "17.233"
        },
        {
            "time": "25.02.2021 10:34",
            "open": "17.233",
            "high": "17.233",
            "low": "17.233",
            "close": "17.285"
        },
        {
            "time": "25.02.2021 10:35",
            "open": "17.285",
            "high": "17.424",
            "low": "17.285",
            "close": "17.39"
        },
        {
            "time": "25.02.2021 10:38",
            "open": "17.39",
            "high": "17.39",
            "low": "17.39",
            "close": "17.468"
        },
        {
            "time": "25.02.2021 10:41",
            "open": "17.468",
            "high": "17.471",
            "low": "17.468",
            "close": "17.351"
        },
        {
            "time": "25.02.2021 10:43",
            "open": "17.351",
            "high": "17.351",
            "low": "17.351",
            "close": "17.468"
        },
        {
            "time": "25.02.2021 10:45",
            "open": "17.468",
            "high": "17.469",
            "low": "17.468",
            "close": "17.536"
        },
        {
            "time": "25.02.2021 10:46",
            "open": "17.536",
            "high": "17.536",
            "low": "17.536",
            "close": "17.525"
        },
        {
            "time": "25.02.2021 10:47",
            "open": "17.525",
            "high": "17.525",
            "low": "17.525",
            "close": "17.517"
        },
        {
            "time": "25.02.2021 10:49",
            "open": "17.517",
            "high": "17.517",
            "low": "17.516",
            "close": "17.527"
        },
        {
            "time": "25.02.2021 10:50",
            "open": "17.527",
            "high": "17.527",
            "low": "17.524",
            "close": "17.566"
        },
        {
            "time": "25.02.2021 10:51",
            "open": "17.566",
            "high": "17.566",
            "low": "17.566",
            "close": "17.562"
        },
        {
            "time": "25.02.2021 10:52",
            "open": "17.562",
            "high": "17.608",
            "low": "17.562",
            "close": "17.599"
        },
        {
            "time": "25.02.2021 10:53",
            "open": "17.599",
            "high": "17.599",
            "low": "17.598",
            "close": "17.672"
        },
        {
            "time": "25.02.2021 10:56",
            "open": "17.672",
            "high": "17.672",
            "low": "17.671",
            "close": "17.692"
        },
        {
            "time": "25.02.2021 11:00",
            "open": "17.692",
            "high": "17.784",
            "low": "17.692",
            "close": "17.784"
        },
        {
            "time": "25.02.2021 11:01",
            "open": "17.784",
            "high": "17.805",
            "low": "17.784",
            "close": "17.811"
        },
        {
            "time": "25.02.2021 11:02",
            "open": "17.811",
            "high": "17.813",
            "low": "17.811",
            "close": "17.803"
        },
        {
            "time": "25.02.2021 11:03",
            "open": "17.803",
            "high": "17.803",
            "low": "17.797",
            "close": "17.737"
        },
        {
            "time": "25.02.2021 11:04",
            "open": "17.737",
            "high": "17.737",
            "low": "17.737",
            "close": "17.745"
        },
        {
            "time": "25.02.2021 11:05",
            "open": "17.745",
            "high": "17.745",
            "low": "17.745",
            "close": "17.706"
        },
        {
            "time": "25.02.2021 11:07",
            "open": "17.706",
            "high": "17.706",
            "low": "17.704",
            "close": "17.734"
        },
        {
            "time": "25.02.2021 11:08",
            "open": "17.734",
            "high": "17.734",
            "low": "17.734",
            "close": "17.758"
        },
        {
            "time": "25.02.2021 11:16",
            "open": "17.758",
            "high": "17.758",
            "low": "17.758",
            "close": "17.706"
        },
        {
            "time": "25.02.2021 11:17",
            "open": "17.706",
            "high": "17.706",
            "low": "17.706",
            "close": "17.576"
        },
        {
            "time": "25.02.2021 11:19",
            "open": "17.576",
            "high": "17.608",
            "low": "17.576",
            "close": "17.527"
        },
        {
            "time": "25.02.2021 11:20",
            "open": "17.527",
            "high": "17.527",
            "low": "17.527",
            "close": "17.634"
        },
        {
            "time": "25.02.2021 11:24",
            "open": "17.634",
            "high": "17.634",
            "low": "17.634",
            "close": "17.697"
        },
        {
            "time": "25.02.2021 11:27",
            "open": "17.697",
            "high": "17.697",
            "low": "17.697",
            "close": "17.634"
        },
        {
            "time": "25.02.2021 11:31",
            "open": "17.634",
            "high": "17.634",
            "low": "17.634",
            "close": "17.626"
        },
        {
            "time": "25.02.2021 11:34",
            "open": "17.626",
            "high": "17.626",
            "low": "17.626",
            "close": "17.642"
        },
        {
            "time": "25.02.2021 11:39",
            "open": "17.642",
            "high": "17.642",
            "low": "17.642",
            "close": "17.597"
        },
        {
            "time": "25.02.2021 11:40",
            "open": "17.597",
            "high": "17.597",
            "low": "17.597",
            "close": "17.606"
        },
        {
            "time": "25.02.2021 11:43",
            "open": "17.606",
            "high": "17.606",
            "low": "17.606",
            "close": "17.597"
        },
        {
            "time": "25.02.2021 11:44",
            "open": "17.597",
            "high": "17.597",
            "low": "17.597",
            "close": "17.59"
        },
        {
            "time": "25.02.2021 11:45",
            "open": "17.59",
            "high": "17.62",
            "low": "17.59",
            "close": "17.638"
        },
        {
            "time": "25.02.2021 11:46",
            "open": "17.638",
            "high": "17.639",
            "low": "17.638",
            "close": "17.763"
        },
        {
            "time": "25.02.2021 11:47",
            "open": "17.763",
            "high": "17.783",
            "low": "17.763",
            "close": "17.8"
        },
        {
            "time": "25.02.2021 11:48",
            "open": "17.8",
            "high": "17.8",
            "low": "17.8",
            "close": "17.803"
        },
        {
            "time": "25.02.2021 11:49",
            "open": "17.803",
            "high": "17.831",
            "low": "17.803",
            "close": "17.837"
        },
        {
            "time": "25.02.2021 11:50",
            "open": "17.837",
            "high": "18.067",
            "low": "17.837",
            "close": "17.92"
        },
        {
            "time": "25.02.2021 11:52",
            "open": "17.92",
            "high": "17.921",
            "low": "17.92",
            "close": "17.922"
        },
        {
            "time": "25.02.2021 11:54",
            "open": "17.922",
            "high": "17.922",
            "low": "17.896",
            "close": "17.922"
        },
        {
            "time": "25.02.2021 11:55",
            "open": "17.922",
            "high": "17.922",
            "low": "17.922",
            "close": "17.913"
        },
        {
            "time": "25.02.2021 11:56",
            "open": "17.913",
            "high": "17.921",
            "low": "17.913",
            "close": "17.958"
        },
        {
            "time": "25.02.2021 12:00",
            "open": "17.958",
            "high": "17.958",
            "low": "17.958",
            "close": "17.941"
        },
        {
            "time": "25.02.2021 12:01",
            "open": "17.941",
            "high": "17.941",
            "low": "17.941",
            "close": "17.919"
        },
        {
            "time": "25.02.2021 12:02",
            "open": "17.919",
            "high": "17.919",
            "low": "17.919",
            "close": "17.892"
        },
        {
            "time": "25.02.2021 12:04",
            "open": "17.892",
            "high": "17.892",
            "low": "17.892",
            "close": "17.913"
        },
        {
            "time": "25.02.2021 12:06",
            "open": "17.913",
            "high": "17.913",
            "low": "17.913",
            "close": "17.898"
        },
        {
            "time": "25.02.2021 12:11",
            "open": "17.898",
            "high": "17.9",
            "low": "17.898",
            "close": "17.886"
        },
        {
            "time": "25.02.2021 12:12",
            "open": "17.886",
            "high": "17.898",
            "low": "17.885",
            "close": "17.896"
        },
        {
            "time": "25.02.2021 12:13",
            "open": "17.896",
            "high": "17.899",
            "low": "17.896",
            "close": "17.889"
        },
        {
            "time": "25.02.2021 12:17",
            "open": "17.889",
            "high": "17.889",
            "low": "17.889",
            "close": "17.893"
        },
        {
            "time": "25.02.2021 12:19",
            "open": "17.893",
            "high": "17.893",
            "low": "17.893",
            "close": "17.854"
        },
        {
            "time": "25.02.2021 12:20",
            "open": "17.854",
            "high": "17.869",
            "low": "17.847",
            "close": "17.781"
        },
        {
            "time": "25.02.2021 12:21",
            "open": "17.781",
            "high": "17.781",
            "low": "17.771",
            "close": "17.757"
        },
        {
            "time": "25.02.2021 12:23",
            "open": "17.757",
            "high": "17.757",
            "low": "17.757",
            "close": "17.715"
        },
        {
            "time": "25.02.2021 12:25",
            "open": "17.715",
            "high": "17.715",
            "low": "17.703",
            "close": "17.68"
        },
        {
            "time": "25.02.2021 12:27",
            "open": "17.68",
            "high": "17.68",
            "low": "17.656",
            "close": "17.652"
        },
        {
            "time": "25.02.2021 12:28",
            "open": "17.652",
            "high": "17.652",
            "low": "17.652",
            "close": "17.652"
        },
        {
            "time": "25.02.2021 12:29",
            "open": "17.652",
            "high": "17.652",
            "low": "17.652",
            "close": "17.655"
        },
        {
            "time": "25.02.2021 12:40",
            "open": "17.655",
            "high": "17.655",
            "low": "17.655",
            "close": "17.683"
        },
        {
            "time": "25.02.2021 12:47",
            "open": "17.683",
            "high": "17.683",
            "low": "17.683",
            "close": "17.774"
        },
        {
            "time": "25.02.2021 12:48",
            "open": "17.774",
            "high": "17.775",
            "low": "17.774",
            "close": "17.775"
        },
        {
            "time": "25.02.2021 12:49",
            "open": "17.775",
            "high": "17.775",
            "low": "17.775",
            "close": "18.025"
        },
        {
            "time": "25.02.2021 12:57",
            "open": "18.025",
            "high": "18.025",
            "low": "17.974",
            "close": "17.915"
        },
        {
            "time": "25.02.2021 12:59",
            "open": "17.915",
            "high": "17.926",
            "low": "17.911",
            "close": "17.945"
        },
        {
            "time": "25.02.2021 13:00",
            "open": "17.945",
            "high": "17.945",
            "low": "17.933",
            "close": "18.004"
        },
        {
            "time": "25.02.2021 13:02",
            "open": "18.004",
            "high": "18.004",
            "low": "18.004",
            "close": "18.055"
        },
        {
            "time": "25.02.2021 13:04",
            "open": "18.055",
            "high": "18.055",
            "low": "18.048",
            "close": "17.94"
        },
        {
            "time": "25.02.2021 13:08",
            "open": "17.94",
            "high": "17.94",
            "low": "17.928",
            "close": "17.877"
        },
        {
            "time": "25.02.2021 13:10",
            "open": "17.877",
            "high": "17.878",
            "low": "17.833",
            "close": "17.756"
        },
        {
            "time": "25.02.2021 13:19",
            "open": "17.756",
            "high": "17.916",
            "low": "17.756",
            "close": "18.016"
        },
        {
            "time": "25.02.2021 13:20",
            "open": "18.016",
            "high": "18.016",
            "low": "17.87",
            "close": "17.799"
        },
        {
            "time": "25.02.2021 13:21",
            "open": "17.799",
            "high": "17.973",
            "low": "17.799",
            "close": "17.746"
        },
        {
            "time": "25.02.2021 13:22",
            "open": "17.746",
            "high": "17.947",
            "low": "17.746",
            "close": "17.774"
        },
        {
            "time": "25.02.2021 13:23",
            "open": "17.774",
            "high": "17.972",
            "low": "17.738",
            "close": "18.045"
        },
        {
            "time": "25.02.2021 13:24",
            "open": "18.045",
            "high": "18.107",
            "low": "17.836",
            "close": "17.898"
        },
        {
            "time": "25.02.2021 13:25",
            "open": "17.898",
            "high": "17.95",
            "low": "17.819",
            "close": "17.89"
        },
        {
            "time": "25.02.2021 13:26",
            "open": "17.89",
            "high": "17.89",
            "low": "17.878",
            "close": "17.871"
        },
        {
            "time": "25.02.2021 13:30",
            "open": "17.871",
            "high": "17.871",
            "low": "17.871",
            "close": "17.96"
        },
        {
            "time": "25.02.2021 13:33",
            "open": "17.96",
            "high": "17.97",
            "low": "17.96",
            "close": "17.97"
        },
        {
            "time": "25.02.2021 13:34",
            "open": "17.97",
            "high": "17.97",
            "low": "17.97",
            "close": "17.999"
        },
        {
            "time": "25.02.2021 13:38",
            "open": "17.999",
            "high": "17.999",
            "low": "17.999",
            "close": "18.072"
        },
        {
            "time": "25.02.2021 13:39",
            "open": "18.072",
            "high": "18.072",
            "low": "18.072",
            "close": "18.073"
        },
        {
            "time": "25.02.2021 13:41",
            "open": "18.073",
            "high": "18.073",
            "low": "18.073",
            "close": "18.083"
        },
        {
            "time": "25.02.2021 13:42",
            "open": "18.083",
            "high": "18.083",
            "low": "18.082",
            "close": "18.094"
        },
        {
            "time": "25.02.2021 13:48",
            "open": "18.094",
            "high": "18.094",
            "low": "18.094",
            "close": "18.127"
        },
        {
            "time": "25.02.2021 13:49",
            "open": "18.127",
            "high": "18.127",
            "low": "18.11",
            "close": "18.11"
        },
        {
            "time": "25.02.2021 13:50",
            "open": "18.11",
            "high": "18.11",
            "low": "18.11",
            "close": "18.139"
        },
        {
            "time": "25.02.2021 13:54",
            "open": "18.139",
            "high": "18.2",
            "low": "18.139",
            "close": "18.2"
        },
        {
            "time": "25.02.2021 13:55",
            "open": "18.2",
            "high": "18.309",
            "low": "18.2",
            "close": "18.308"
        },
        {
            "time": "25.02.2021 13:56",
            "open": "18.308",
            "high": "18.309",
            "low": "18.308",
            "close": "18.301"
        },
        {
            "time": "25.02.2021 13:57",
            "open": "18.301",
            "high": "18.301",
            "low": "18.301",
            "close": "18.358"
        },
        {
            "time": "25.02.2021 13:59",
            "open": "18.358",
            "high": "18.358",
            "low": "18.358",
            "close": "18.361"
        },
        {
            "time": "25.02.2021 14:00",
            "open": "18.361",
            "high": "18.405",
            "low": "18.361",
            "close": "18.407"
        },
        {
            "time": "25.02.2021 14:02",
            "open": "18.407",
            "high": "18.407",
            "low": "18.381",
            "close": "18.38"
        },
        {
            "time": "25.02.2021 14:03",
            "open": "18.38",
            "high": "18.394",
            "low": "18.38",
            "close": "18.383"
        },
        {
            "time": "25.02.2021 14:05",
            "open": "18.383",
            "high": "18.409",
            "low": "18.359",
            "close": "18.404"
        },
        {
            "time": "25.02.2021 14:06",
            "open": "18.404",
            "high": "18.407",
            "low": "18.404",
            "close": "18.419"
        },
        {
            "time": "25.02.2021 14:11",
            "open": "18.419",
            "high": "18.449",
            "low": "18.419",
            "close": "18.43"
        },
        {
            "time": "25.02.2021 14:12",
            "open": "18.43",
            "high": "18.43",
            "low": "18.42",
            "close": "18.418"
        },
        {
            "time": "25.02.2021 14:13",
            "open": "18.418",
            "high": "18.418",
            "low": "18.418",
            "close": "18.424"
        },
        {
            "time": "25.02.2021 14:15",
            "open": "18.424",
            "high": "18.424",
            "low": "18.424",
            "close": "18.361"
        },
        {
            "time": "25.02.2021 14:17",
            "open": "18.361",
            "high": "18.361",
            "low": "18.361",
            "close": "18.349"
        },
        {
            "time": "25.02.2021 14:18",
            "open": "18.349",
            "high": "18.349",
            "low": "18.237",
            "close": "18.195"
        },
        {
            "time": "25.02.2021 14:19",
            "open": "18.195",
            "high": "18.195",
            "low": "18.195",
            "close": "18.201"
        },
        {
            "time": "25.02.2021 14:21",
            "open": "18.201",
            "high": "18.201",
            "low": "18.201",
            "close": "18.166"
        },
        {
            "time": "25.02.2021 14:30",
            "open": "18.166",
            "high": "18.166",
            "low": "18.166",
            "close": "18.168"
        },
        {
            "time": "25.02.2021 14:31",
            "open": "18.168",
            "high": "18.193",
            "low": "18.168",
            "close": "18.156"
        },
        {
            "time": "25.02.2021 14:32",
            "open": "18.156",
            "high": "18.156",
            "low": "18.154",
            "close": "18.155"
        },
        {
            "time": "25.02.2021 14:35",
            "open": "18.155",
            "high": "18.155",
            "low": "18.155",
            "close": "18.178"
        },
        {
            "time": "25.02.2021 14:36",
            "open": "18.178",
            "high": "18.178",
            "low": "18.178",
            "close": "18.178"
        },
        {
            "time": "25.02.2021 14:37",
            "open": "18.178",
            "high": "18.178",
            "low": "18.178",
            "close": "18.207"
        },
        {
            "time": "25.02.2021 14:41",
            "open": "18.207",
            "high": "18.207",
            "low": "18.207",
            "close": "18.199"
        },
        {
            "time": "25.02.2021 14:42",
            "open": "18.199",
            "high": "18.199",
            "low": "18.197",
            "close": "18.189"
        },
        {
            "time": "25.02.2021 14:43",
            "open": "18.189",
            "high": "18.189",
            "low": "18.096",
            "close": "18.116"
        },
        {
            "time": "25.02.2021 14:44",
            "open": "18.116",
            "high": "18.116",
            "low": "18.116",
            "close": "18.072"
        },
        {
            "time": "25.02.2021 14:46",
            "open": "18.072",
            "high": "18.072",
            "low": "18.038",
            "close": "18.104"
        },
        {
            "time": "25.02.2021 14:47",
            "open": "18.104",
            "high": "18.104",
            "low": "18.104",
            "close": "18.131"
        },
        {
            "time": "25.02.2021 14:48",
            "open": "18.131",
            "high": "18.131",
            "low": "18.131",
            "close": "18.13"
        },
        {
            "time": "25.02.2021 14:53",
            "open": "18.13",
            "high": "18.13",
            "low": "18.13",
            "close": "18.157"
        },
        {
            "time": "25.02.2021 14:54",
            "open": "18.157",
            "high": "18.157",
            "low": "18.157",
            "close": "18.191"
        },
        {
            "time": "25.02.2021 15:00",
            "open": "18.191",
            "high": "18.191",
            "low": "18.191",
            "close": "18.326"
        },
        {
            "time": "25.02.2021 15:04",
            "open": "18.326",
            "high": "18.326",
            "low": "18.326",
            "close": "18.355"
        },
        {
            "time": "25.02.2021 15:05",
            "open": "18.355",
            "high": "18.358",
            "low": "18.355",
            "close": "18.315"
        },
        {
            "time": "25.02.2021 15:07",
            "open": "18.315",
            "high": "18.315",
            "low": "18.287",
            "close": "18.307"
        },
        {
            "time": "25.02.2021 15:10",
            "open": "18.307",
            "high": "18.307",
            "low": "18.307",
            "close": "18.369"
        },
        {
            "time": "25.02.2021 15:11",
            "open": "18.369",
            "high": "18.369",
            "low": "18.342",
            "close": "18.328"
        },
        {
            "time": "25.02.2021 15:12",
            "open": "18.328",
            "high": "18.356",
            "low": "18.325",
            "close": "18.388"
        },
        {
            "time": "25.02.2021 15:15",
            "open": "18.388",
            "high": "18.388",
            "low": "18.388",
            "close": "18.336"
        },
        {
            "time": "25.02.2021 15:16",
            "open": "18.336",
            "high": "18.367",
            "low": "18.336",
            "close": "18.332"
        },
        {
            "time": "25.02.2021 15:17",
            "open": "18.332",
            "high": "18.332",
            "low": "18.332",
            "close": "18.301"
        },
        {
            "time": "25.02.2021 15:22",
            "open": "18.301",
            "high": "18.301",
            "low": "18.301",
            "close": "18.264"
        },
        {
            "time": "25.02.2021 15:23",
            "open": "18.264",
            "high": "18.264",
            "low": "18.263",
            "close": "18.131"
        },
        {
            "time": "25.02.2021 15:27",
            "open": "18.131",
            "high": "18.131",
            "low": "18.131",
            "close": "18.152"
        },
        {
            "time": "25.02.2021 15:28",
            "open": "18.152",
            "high": "18.153",
            "low": "18.141",
            "close": "18.139"
        },
        {
            "time": "25.02.2021 15:29",
            "open": "18.139",
            "high": "18.139",
            "low": "18.139",
            "close": "18.144"
        },
        {
            "time": "25.02.2021 15:32",
            "open": "18.144",
            "high": "18.144",
            "low": "18.144",
            "close": "18.113"
        },
        {
            "time": "25.02.2021 15:34",
            "open": "18.113",
            "high": "18.113",
            "low": "18.112",
            "close": "18.23"
        },
        {
            "time": "25.02.2021 15:37",
            "open": "18.23",
            "high": "18.23",
            "low": "18.23",
            "close": "18.14"
        },
        {
            "time": "25.02.2021 15:41",
            "open": "18.14",
            "high": "18.14",
            "low": "18.117",
            "close": "18.053"
        },
        {
            "time": "25.02.2021 15:42",
            "open": "18.053",
            "high": "18.053",
            "low": "18.053",
            "close": "17.932"
        },
        {
            "time": "25.02.2021 15:45",
            "open": "17.932",
            "high": "17.932",
            "low": "17.932",
            "close": "17.932"
        },
        {
            "time": "25.02.2021 15:46",
            "open": "17.932",
            "high": "17.932",
            "low": "17.925",
            "close": "17.953"
        },
        {
            "time": "25.02.2021 15:47",
            "open": "17.97",
            "high": "17.97",
            "low": "17.97",
            "close": "17.994"
        },
        {
            "time": "25.02.2021 15:52",
            "open": "17.994",
            "high": "17.994",
            "low": "17.994",
            "close": "18.011"
        },
        {
            "time": "25.02.2021 15:53",
            "open": "18.011",
            "high": "18.011",
            "low": "18.011",
            "close": "18.061"
        },
        {
            "time": "25.02.2021 15:57",
            "open": "18.061",
            "high": "18.061",
            "low": "18.038",
            "close": "18.085"
        },
        {
            "time": "25.02.2021 15:59",
            "open": "18.085",
            "high": "18.085",
            "low": "18.085",
            "close": "18.1"
        },
        {
            "time": "25.02.2021 16:01",
            "open": "18.1",
            "high": "18.1",
            "low": "18.1",
            "close": "18.1"
        },
        {
            "time": "25.02.2021 16:02",
            "open": "18.1",
            "high": "18.1",
            "low": "18.1",
            "close": "18.198"
        },
        {
            "time": "25.02.2021 16:04",
            "open": "18.198",
            "high": "18.198",
            "low": "18.198",
            "close": "18.286"
        },
        {
            "time": "25.02.2021 16:05",
            "open": "18.286",
            "high": "18.286",
            "low": "18.286",
            "close": "18.303"
        },
        {
            "time": "25.02.2021 16:09",
            "open": "18.303",
            "high": "18.317",
            "low": "18.303",
            "close": "18.365"
        },
        {
            "time": "25.02.2021 16:13",
            "open": "18.365",
            "high": "18.365",
            "low": "18.365",
            "close": "18.35"
        },
        {
            "time": "25.02.2021 16:14",
            "open": "18.35",
            "high": "18.35",
            "low": "18.326",
            "close": "18.173"
        },
        {
            "time": "25.02.2021 16:19",
            "open": "18.173",
            "high": "18.183",
            "low": "18.173",
            "close": "18.183"
        },
        {
            "time": "25.02.2021 16:21",
            "open": "18.183",
            "high": "18.203",
            "low": "18.183",
            "close": "18.253"
        },
        {
            "time": "25.02.2021 16:22",
            "open": "18.253",
            "high": "18.253",
            "low": "18.253",
            "close": "18.237"
        },
        {
            "time": "25.02.2021 16:33",
            "open": "18.237",
            "high": "18.24",
            "low": "18.237",
            "close": "18.239"
        },
        {
            "time": "25.02.2021 16:34",
            "open": "18.239",
            "high": "18.239",
            "low": "18.239",
            "close": "18.239"
        },
        {
            "time": "25.02.2021 16:39",
            "open": "18.239",
            "high": "18.239",
            "low": "18.239",
            "close": "18.239"
        },
        {
            "time": "25.02.2021 16:40",
            "open": "18.239",
            "high": "18.249",
            "low": "18.239",
            "close": "18.188"
        },
        {
            "time": "25.02.2021 16:41",
            "open": "18.188",
            "high": "18.22",
            "low": "18.188",
            "close": "18.211"
        },
        {
            "time": "25.02.2021 16:47",
            "open": "18.211",
            "high": "18.211",
            "low": "18.211",
            "close": "18.124"
        },
        {
            "time": "25.02.2021 16:49",
            "open": "18.124",
            "high": "18.124",
            "low": "18.124",
            "close": "18.086"
        },
        {
            "time": "25.02.2021 16:51",
            "open": "18.086",
            "high": "18.086",
            "low": "18.086",
            "close": "18.095"
        },
        {
            "time": "25.02.2021 16:54",
            "open": "18.095",
            "high": "18.129",
            "low": "18.095",
            "close": "18.119"
        },
        {
            "time": "25.02.2021 16:55",
            "open": "18.119",
            "high": "18.12",
            "low": "18.119",
            "close": "18.129"
        },
        {
            "time": "25.02.2021 16:56",
            "open": "18.129",
            "high": "18.129",
            "low": "18.129",
            "close": "18.194"
        },
        {
            "time": "25.02.2021 16:58",
            "open": "18.194",
            "high": "18.194",
            "low": "18.194",
            "close": "18.272"
        },
        {
            "time": "25.02.2021 17:01",
            "open": "18.272",
            "high": "18.272",
            "low": "18.272",
            "close": "18.229"
        },
        {
            "time": "25.02.2021 17:06",
            "open": "18.229",
            "high": "18.229",
            "low": "18.229",
            "close": "18.212"
        },
        {
            "time": "25.02.2021 17:09",
            "open": "18.212",
            "high": "18.212",
            "low": "18.212",
            "close": "18.206"
        },
        {
            "time": "25.02.2021 17:13",
            "open": "18.206",
            "high": "18.206",
            "low": "18.206",
            "close": "18.278"
        },
        {
            "time": "25.02.2021 17:19",
            "open": "18.278",
            "high": "18.312",
            "low": "18.278",
            "close": "18.287"
        },
        {
            "time": "25.02.2021 17:20",
            "open": "18.287",
            "high": "18.287",
            "low": "18.287",
            "close": "18.307"
        },
        {
            "time": "25.02.2021 17:21",
            "open": "18.307",
            "high": "18.307",
            "low": "18.307",
            "close": "18.322"
        },
        {
            "time": "25.02.2021 17:25",
            "open": "18.322",
            "high": "18.322",
            "low": "18.321",
            "close": "18.324"
        },
        {
            "time": "25.02.2021 17:27",
            "open": "18.324",
            "high": "18.324",
            "low": "18.324",
            "close": "18.349"
        },
        {
            "time": "25.02.2021 17:29",
            "open": "18.349",
            "high": "18.353",
            "low": "18.349",
            "close": "18.362"
        },
        {
            "time": "25.02.2021 17:31",
            "open": "18.362",
            "high": "18.362",
            "low": "18.362",
            "close": "18.385"
        },
        {
            "time": "25.02.2021 17:33",
            "open": "18.385",
            "high": "18.385",
            "low": "18.385",
            "close": "18.374"
        },
        {
            "time": "25.02.2021 17:34",
            "open": "18.374",
            "high": "18.374",
            "low": "18.374",
            "close": "18.277"
        },
        {
            "time": "25.02.2021 17:38",
            "open": "18.277",
            "high": "18.277",
            "low": "18.277",
            "close": "18.245"
        },
        {
            "time": "25.02.2021 17:41",
            "open": "18.245",
            "high": "18.245",
            "low": "18.245",
            "close": "18.231"
        },
        {
            "time": "25.02.2021 17:42",
            "open": "18.231",
            "high": "18.231",
            "low": "18.231",
            "close": "18.172"
        },
        {
            "time": "25.02.2021 17:43",
            "open": "18.172",
            "high": "18.172",
            "low": "18.136",
            "close": "18.122"
        },
        {
            "time": "25.02.2021 17:50",
            "open": "18.122",
            "high": "18.122",
            "low": "18.121",
            "close": "18.101"
        },
        {
            "time": "25.02.2021 17:51",
            "open": "18.101",
            "high": "18.101",
            "low": "18.073",
            "close": "18.043"
        },
        {
            "time": "25.02.2021 17:57",
            "open": "18.043",
            "high": "18.117",
            "low": "18.043",
            "close": "18.1"
        },
        {
            "time": "25.02.2021 18:03",
            "open": "18.1",
            "high": "18.1",
            "low": "18.1",
            "close": "18.059"
        },
        {
            "time": "25.02.2021 18:04",
            "open": "18.059",
            "high": "18.059",
            "low": "18.059",
            "close": "18"
        },
        {
            "time": "25.02.2021 18:07",
            "open": "18",
            "high": "18",
            "low": "18",
            "close": "17.999"
        },
        {
            "time": "25.02.2021 18:09",
            "open": "17.999",
            "high": "17.999",
            "low": "17.999",
            "close": "17.903"
        },
        {
            "time": "25.02.2021 18:11",
            "open": "17.903",
            "high": "17.903",
            "low": "17.9",
            "close": "17.9"
        },
        {
            "time": "25.02.2021 18:13",
            "open": "17.9",
            "high": "17.9",
            "low": "17.874",
            "close": "17.843"
        },
        {
            "time": "25.02.2021 18:14",
            "open": "17.843",
            "high": "17.843",
            "low": "17.843",
            "close": "17.81"
        },
        {
            "time": "25.02.2021 18:15",
            "open": "17.81",
            "high": "17.81",
            "low": "17.776",
            "close": "17.771"
        },
        {
            "time": "25.02.2021 18:16",
            "open": "17.771",
            "high": "17.771",
            "low": "17.728",
            "close": "17.714"
        },
        {
            "time": "25.02.2021 18:17",
            "open": "17.714",
            "high": "17.714",
            "low": "17.701",
            "close": "17.741"
        },
        {
            "time": "25.02.2021 18:18",
            "open": "17.741",
            "high": "17.741",
            "low": "17.741",
            "close": "17.807"
        },
        {
            "time": "25.02.2021 18:20",
            "open": "17.807",
            "high": "17.807",
            "low": "17.799",
            "close": "17.834"
        },
        {
            "time": "25.02.2021 18:22",
            "open": "17.834",
            "high": "17.834",
            "low": "17.834",
            "close": "17.738"
        },
        {
            "time": "25.02.2021 18:25",
            "open": "17.738",
            "high": "17.738",
            "low": "17.662",
            "close": "17.663"
        },
        {
            "time": "25.02.2021 18:26",
            "open": "17.663",
            "high": "17.663",
            "low": "17.643",
            "close": "17.627"
        },
        {
            "time": "25.02.2021 18:27",
            "open": "17.627",
            "high": "17.627",
            "low": "17.627",
            "close": "17.611"
        },
        {
            "time": "25.02.2021 18:28",
            "open": "17.611",
            "high": "17.611",
            "low": "17.587",
            "close": "17.551"
        },
        {
            "time": "25.02.2021 18:29",
            "open": "17.551",
            "high": "17.551",
            "low": "17.551",
            "close": "17.51"
        },
        {
            "time": "25.02.2021 18:30",
            "open": "17.51",
            "high": "17.51",
            "low": "17.51",
            "close": "17.487"
        },
        {
            "time": "25.02.2021 18:31",
            "open": "17.487",
            "high": "17.487",
            "low": "17.487",
            "close": "17.566"
        },
        {
            "time": "25.02.2021 18:32",
            "open": "17.566",
            "high": "17.684",
            "low": "17.566",
            "close": "17.647"
        },
        {
            "time": "25.02.2021 18:34",
            "open": "17.647",
            "high": "17.647",
            "low": "17.647",
            "close": "17.633"
        },
        {
            "time": "25.02.2021 18:36",
            "open": "17.633",
            "high": "17.633",
            "low": "17.633",
            "close": "17.633"
        },
        {
            "time": "25.02.2021 18:38",
            "open": "17.633",
            "high": "17.633",
            "low": "17.631",
            "close": "17.682"
        },
        {
            "time": "25.02.2021 18:40",
            "open": "17.682",
            "high": "17.686",
            "low": "17.682",
            "close": "17.594"
        },
        {
            "time": "25.02.2021 18:42",
            "open": "17.594",
            "high": "17.595",
            "low": "17.594",
            "close": "17.541"
        },
        {
            "time": "25.02.2021 18:43",
            "open": "17.541",
            "high": "17.541",
            "low": "17.541",
            "close": "17.608"
        },
        {
            "time": "25.02.2021 18:46",
            "open": "17.608",
            "high": "17.608",
            "low": "17.608",
            "close": "17.623"
        },
        {
            "time": "25.02.2021 18:47",
            "open": "17.623",
            "high": "17.623",
            "low": "17.608",
            "close": "17.658"
        },
        {
            "time": "25.02.2021 18:50",
            "open": "17.658",
            "high": "17.658",
            "low": "17.658",
            "close": "17.555"
        },
        {
            "time": "25.02.2021 18:56",
            "open": "17.555",
            "high": "17.555",
            "low": "17.555",
            "close": "17.554"
        },
        {
            "time": "25.02.2021 18:57",
            "open": "17.554",
            "high": "17.554",
            "low": "17.554",
            "close": "17.689"
        },
        {
            "time": "25.02.2021 19:03",
            "open": "17.689",
            "high": "17.689",
            "low": "17.689",
            "close": "17.706"
        },
        {
            "time": "25.02.2021 19:05",
            "open": "17.706",
            "high": "17.706",
            "low": "17.706",
            "close": "17.788"
        },
        {
            "time": "25.02.2021 19:06",
            "open": "17.788",
            "high": "17.806",
            "low": "17.788",
            "close": "17.806"
        },
        {
            "time": "25.02.2021 19:07",
            "open": "17.806",
            "high": "17.806",
            "low": "17.806",
            "close": "17.806"
        },
        {
            "time": "25.02.2021 19:11",
            "open": "17.806",
            "high": "17.806",
            "low": "17.77",
            "close": "17.731"
        },
        {
            "time": "25.02.2021 19:12",
            "open": "17.731",
            "high": "17.731",
            "low": "17.731",
            "close": "17.758"
        },
        {
            "time": "25.02.2021 19:13",
            "open": "17.758",
            "high": "17.758",
            "low": "17.758",
            "close": "17.734"
        },
        {
            "time": "25.02.2021 19:15",
            "open": "17.734",
            "high": "17.734",
            "low": "17.734",
            "close": "17.748"
        },
        {
            "time": "25.02.2021 19:17",
            "open": "17.748",
            "high": "17.748",
            "low": "17.748",
            "close": "17.804"
        },
        {
            "time": "25.02.2021 19:20",
            "open": "17.804",
            "high": "17.804",
            "low": "17.804",
            "close": "17.717"
        },
        {
            "time": "25.02.2021 19:26",
            "open": "17.717",
            "high": "17.717",
            "low": "17.717",
            "close": "17.634"
        },
        {
            "time": "25.02.2021 19:33",
            "open": "17.634",
            "high": "17.634",
            "low": "17.62",
            "close": "17.692"
        },
        {
            "time": "25.02.2021 19:36",
            "open": "17.692",
            "high": "17.692",
            "low": "17.692",
            "close": "17.659"
        },
        {
            "time": "25.02.2021 19:37",
            "open": "17.659",
            "high": "17.659",
            "low": "17.659",
            "close": "17.618"
        },
        {
            "time": "25.02.2021 19:44",
            "open": "17.618",
            "high": "17.618",
            "low": "17.618",
            "close": "17.627"
        },
        {
            "time": "25.02.2021 19:46",
            "open": "17.627",
            "high": "17.627",
            "low": "17.627",
            "close": "17.646"
        },
        {
            "time": "25.02.2021 19:48",
            "open": "17.646",
            "high": "17.646",
            "low": "17.614",
            "close": "17.647"
        },
        {
            "time": "25.02.2021 19:53",
            "open": "17.647",
            "high": "17.647",
            "low": "17.647",
            "close": "17.617"
        },
        {
            "time": "25.02.2021 19:54",
            "open": "17.617",
            "high": "17.617",
            "low": "17.617",
            "close": "17.693"
        },
        {
            "time": "25.02.2021 19:57",
            "open": "17.693",
            "high": "17.694",
            "low": "17.693",
            "close": "17.663"
        },
        {
            "time": "25.02.2021 20:00",
            "open": "17.663",
            "high": "17.663",
            "low": "17.66",
            "close": "17.665"
        },
        {
            "time": "25.02.2021 20:03",
            "open": "17.665",
            "high": "17.665",
            "low": "17.665",
            "close": "17.73"
        },
        {
            "time": "25.02.2021 20:05",
            "open": "17.73",
            "high": "17.73",
            "low": "17.73",
            "close": "17.743"
        },
        {
            "time": "25.02.2021 20:10",
            "open": "17.743",
            "high": "17.743",
            "low": "17.743",
            "close": "17.593"
        },
        {
            "time": "25.02.2021 20:18",
            "open": "17.593",
            "high": "17.593",
            "low": "17.593",
            "close": "17.625"
        },
        {
            "time": "25.02.2021 20:19",
            "open": "17.625",
            "high": "17.625",
            "low": "17.625",
            "close": "17.743"
        },
        {
            "time": "25.02.2021 20:20",
            "open": "17.743",
            "high": "17.743",
            "low": "17.743",
            "close": "17.874"
        },
        {
            "time": "25.02.2021 20:30",
            "open": "17.874",
            "high": "17.902",
            "low": "17.874",
            "close": "17.867"
        },
        {
            "time": "25.02.2021 20:31",
            "open": "17.867",
            "high": "17.867",
            "low": "17.824",
            "close": "17.815"
        },
        {
            "time": "25.02.2021 20:32",
            "open": "17.815",
            "high": "17.84",
            "low": "17.815",
            "close": "17.874"
        },
        {
            "time": "25.02.2021 20:45",
            "open": "17.874",
            "high": "17.907",
            "low": "17.874",
            "close": "17.881"
        },
        {
            "time": "25.02.2021 20:50",
            "open": "17.881",
            "high": "17.881",
            "low": "17.881",
            "close": "17.93"
        },
        {
            "time": "25.02.2021 20:52",
            "open": "17.93",
            "high": "18.03",
            "low": "17.93",
            "close": "17.974"
        },
        {
            "time": "25.02.2021 20:53",
            "open": "17.974",
            "high": "17.974",
            "low": "17.974",
            "close": "17.99"
        },
        {
            "time": "25.02.2021 20:54",
            "open": "17.99",
            "high": "18.017",
            "low": "17.99",
            "close": "18.041"
        },
        {
            "time": "25.02.2021 20:55",
            "open": "18.041",
            "high": "18.043",
            "low": "18.041",
            "close": "17.974"
        },
        {
            "time": "25.02.2021 20:58",
            "open": "17.974",
            "high": "17.974",
            "low": "17.919",
            "close": "17.877"
        },
        {
            "time": "25.02.2021 20:59",
            "open": "17.877",
            "high": "17.877",
            "low": "17.867",
            "close": "17.795"
        },
        {
            "time": "25.02.2021 21:01",
            "open": "17.795",
            "high": "17.795",
            "low": "17.795",
            "close": "17.767"
        },
        {
            "time": "25.02.2021 21:03",
            "open": "17.767",
            "high": "17.767",
            "low": "17.767",
            "close": "17.7"
        },
        {
            "time": "25.02.2021 21:06",
            "open": "17.7",
            "high": "17.7",
            "low": "17.7",
            "close": "17.608"
        },
        {
            "time": "25.02.2021 21:07",
            "open": "17.608",
            "high": "17.608",
            "low": "17.602",
            "close": "17.5"
        },
        {
            "time": "25.02.2021 21:10",
            "open": "17.5",
            "high": "17.5",
            "low": "17.5",
            "close": "17.506"
        },
        {
            "time": "25.02.2021 21:12",
            "open": "17.506",
            "high": "17.506",
            "low": "17.483",
            "close": "17.465"
        },
        {
            "time": "25.02.2021 21:14",
            "open": "17.465",
            "high": "17.465",
            "low": "17.465",
            "close": "17.511"
        },
        {
            "time": "25.02.2021 21:19",
            "open": "17.511",
            "high": "17.511",
            "low": "17.511",
            "close": "17.516"
        },
        {
            "time": "25.02.2021 21:20",
            "open": "17.516",
            "high": "17.516",
            "low": "17.516",
            "close": "17.587"
        },
        {
            "time": "25.02.2021 21:30",
            "open": "17.587",
            "high": "17.587",
            "low": "17.587",
            "close": "17.54"
        },
        {
            "time": "25.02.2021 21:32",
            "open": "17.54",
            "high": "17.54",
            "low": "17.54",
            "close": "17.5"
        },
        {
            "time": "25.02.2021 21:33",
            "open": "17.5",
            "high": "17.5",
            "low": "17.5",
            "close": "17.449"
        },
        {
            "time": "25.02.2021 21:34",
            "open": "17.449",
            "high": "17.449",
            "low": "17.37",
            "close": "17.37"
        },
        {
            "time": "25.02.2021 21:35",
            "open": "17.37",
            "high": "17.44",
            "low": "17.37",
            "close": "17.389"
        },
        {
            "time": "25.02.2021 21:37",
            "open": "17.389",
            "high": "17.391",
            "low": "17.389",
            "close": "17.362"
        },
        {
            "time": "25.02.2021 21:40",
            "open": "17.362",
            "high": "17.362",
            "low": "17.359",
            "close": "17.36"
        },
        {
            "time": "25.02.2021 21:41",
            "open": "17.36",
            "high": "17.36",
            "low": "17.36",
            "close": "17.384"
        },
        {
            "time": "25.02.2021 21:42",
            "open": "17.384",
            "high": "17.384",
            "low": "17.384",
            "close": "17.352"
        },
        {
            "time": "25.02.2021 21:44",
            "open": "17.352",
            "high": "17.352",
            "low": "17.304",
            "close": "17.297"
        },
        {
            "time": "25.02.2021 21:46",
            "open": "17.297",
            "high": "17.297",
            "low": "17.273",
            "close": "17.273"
        },
        {
            "time": "25.02.2021 21:48",
            "open": "17.273",
            "high": "17.273",
            "low": "17.25",
            "close": "17.277"
        },
        {
            "time": "25.02.2021 21:51",
            "open": "17.277",
            "high": "17.287",
            "low": "17.262",
            "close": "17.328"
        },
        {
            "time": "25.02.2021 21:54",
            "open": "17.328",
            "high": "17.328",
            "low": "17.328",
            "close": "17.313"
        },
        {
            "time": "25.02.2021 21:55",
            "open": "17.313",
            "high": "17.322",
            "low": "17.313",
            "close": "17.328"
        },
        {
            "time": "25.02.2021 21:59",
            "open": "17.328",
            "high": "17.328",
            "low": "17.328",
            "close": "17.316"
        },
        {
            "time": "25.02.2021 22:00",
            "open": "17.316",
            "high": "17.316",
            "low": "17.316",
            "close": "17.361"
        },
        {
            "time": "25.02.2021 22:15",
            "open": "17.361",
            "high": "17.4",
            "low": "17.361",
            "close": "17.391"
        },
        {
            "time": "25.02.2021 22:16",
            "open": "17.391",
            "high": "17.391",
            "low": "17.391",
            "close": "17.396"
        },
        {
            "time": "25.02.2021 22:17",
            "open": "17.396",
            "high": "17.396",
            "low": "17.396",
            "close": "17.312"
        },
        {
            "time": "25.02.2021 22:18",
            "open": "17.312",
            "high": "17.312",
            "low": "17.31",
            "close": "17.33"
        },
        {
            "time": "25.02.2021 22:19",
            "open": "17.33",
            "high": "17.33",
            "low": "17.33",
            "close": "17.373"
        },
        {
            "time": "25.02.2021 22:22",
            "open": "17.373",
            "high": "17.373",
            "low": "17.373",
            "close": "17.431"
        },
        {
            "time": "25.02.2021 22:23",
            "open": "17.431",
            "high": "17.431",
            "low": "17.431",
            "close": "17.455"
        },
        {
            "time": "25.02.2021 22:24",
            "open": "17.455",
            "high": "17.455",
            "low": "17.455",
            "close": "17.394"
        },
        {
            "time": "25.02.2021 22:27",
            "open": "17.394",
            "high": "17.394",
            "low": "17.394",
            "close": "17.371"
        },
        {
            "time": "25.02.2021 22:31",
            "open": "17.371",
            "high": "17.371",
            "low": "17.371",
            "close": "17.406"
        },
        {
            "time": "25.02.2021 22:32",
            "open": "17.406",
            "high": "17.406",
            "low": "17.406",
            "close": "17.251"
        },
        {
            "time": "25.02.2021 22:38",
            "open": "17.251",
            "high": "17.251",
            "low": "17.217",
            "close": "17.211"
        },
        {
            "time": "25.02.2021 22:42",
            "open": "17.211",
            "high": "17.211",
            "low": "17.211",
            "close": "17.202"
        },
        {
            "time": "25.02.2021 22:43",
            "open": "17.202",
            "high": "17.205",
            "low": "17.202",
            "close": "17.162"
        },
        {
            "time": "25.02.2021 22:44",
            "open": "17.162",
            "high": "17.181",
            "low": "17.158",
            "close": "17.126"
        },
        {
            "time": "25.02.2021 22:46",
            "open": "17.126",
            "high": "17.126",
            "low": "17.115",
            "close": "17.101"
        },
        {
            "time": "25.02.2021 22:47",
            "open": "17.101",
            "high": "17.101",
            "low": "17.082",
            "close": "17.081"
        },
        {
            "time": "25.02.2021 22:48",
            "open": "17.081",
            "high": "17.081",
            "low": "17.07",
            "close": "17.051"
        },
        {
            "time": "25.02.2021 22:50",
            "open": "17.051",
            "high": "17.051",
            "low": "17.02",
            "close": "17.06"
        },
        {
            "time": "25.02.2021 22:51",
            "open": "17.06",
            "high": "17.094",
            "low": "17.06",
            "close": "17.087"
        },
        {
            "time": "25.02.2021 22:52",
            "open": "17.087",
            "high": "17.088",
            "low": "17.087",
            "close": "17.056"
        },
        {
            "time": "25.02.2021 22:56",
            "open": "17.056",
            "high": "17.056",
            "low": "17.056",
            "close": "17.04"
        },
        {
            "time": "25.02.2021 22:58",
            "open": "17.04",
            "high": "17.04",
            "low": "17.02",
            "close": "17"
        },
        {
            "time": "25.02.2021 22:59",
            "open": "17",
            "high": "17",
            "low": "17",
            "close": "16.989"
        },
        {
            "time": "25.02.2021 23:00",
            "open": "16.989",
            "high": "16.989",
            "low": "16.963",
            "close": "16.953"
        },
        {
            "time": "25.02.2021 23:01",
            "open": "16.953",
            "high": "16.957",
            "low": "16.906",
            "close": "16.906"
        },
        {
            "time": "25.02.2021 23:02",
            "open": "16.906",
            "high": "16.906",
            "low": "16.89",
            "close": "16.891"
        },
        {
            "time": "25.02.2021 23:05",
            "open": "16.891",
            "high": "16.891",
            "low": "16.85",
            "close": "16.871"
        },
        {
            "time": "25.02.2021 23:06",
            "open": "16.871",
            "high": "16.871",
            "low": "16.842",
            "close": "16.821"
        },
        {
            "time": "25.02.2021 23:07",
            "open": "16.821",
            "high": "16.821",
            "low": "16.69",
            "close": "16.69"
        },
        {
            "time": "25.02.2021 23:08",
            "open": "16.69",
            "high": "16.69",
            "low": "16.686",
            "close": "16.686"
        },
        {
            "time": "25.02.2021 23:09",
            "open": "16.686",
            "high": "16.686",
            "low": "16.673",
            "close": "16.648"
        },
        {
            "time": "25.02.2021 23:10",
            "open": "16.648",
            "high": "16.648",
            "low": "16.648",
            "close": "16.608"
        },
        {
            "time": "25.02.2021 23:11",
            "open": "16.608",
            "high": "16.608",
            "low": "16.608",
            "close": "16.55"
        },
        {
            "time": "25.02.2021 23:12",
            "open": "16.55",
            "high": "16.55",
            "low": "16.496",
            "close": "16.54"
        },
        {
            "time": "25.02.2021 23:14",
            "open": "16.54",
            "high": "16.54",
            "low": "16.54",
            "close": "16.56"
        },
        {
            "time": "25.02.2021 23:15",
            "open": "16.56",
            "high": "16.56",
            "low": "16.56",
            "close": "16.499"
        },
        {
            "time": "25.02.2021 23:16",
            "open": "16.499",
            "high": "16.559",
            "low": "16.499",
            "close": "16.608"
        },
        {
            "time": "25.02.2021 23:17",
            "open": "16.608",
            "high": "16.608",
            "low": "16.608",
            "close": "16.627"
        },
        {
            "time": "25.02.2021 23:18",
            "open": "16.627",
            "high": "16.627",
            "low": "16.627",
            "close": "16.699"
        },
        {
            "time": "25.02.2021 23:19",
            "open": "16.699",
            "high": "16.699",
            "low": "16.699",
            "close": "16.678"
        },
        {
            "time": "25.02.2021 23:20",
            "open": "16.678",
            "high": "16.712",
            "low": "16.678",
            "close": "16.699"
        },
        {
            "time": "25.02.2021 23:21",
            "open": "16.699",
            "high": "16.699",
            "low": "16.699",
            "close": "16.718"
        },
        {
            "time": "25.02.2021 23:22",
            "open": "16.718",
            "high": "16.718",
            "low": "16.718",
            "close": "16.721"
        },
        {
            "time": "25.02.2021 23:24",
            "open": "16.721",
            "high": "16.721",
            "low": "16.716",
            "close": "16.738"
        },
        {
            "time": "25.02.2021 23:25",
            "open": "16.738",
            "high": "16.771",
            "low": "16.738",
            "close": "16.785"
        },
        {
            "time": "25.02.2021 23:26",
            "open": "16.785",
            "high": "16.81",
            "low": "16.785",
            "close": "16.836"
        },
        {
            "time": "25.02.2021 23:27",
            "open": "16.836",
            "high": "16.853",
            "low": "16.836",
            "close": "16.928"
        },
        {
            "time": "25.02.2021 23:31",
            "open": "16.928",
            "high": "16.942",
            "low": "16.928",
            "close": "16.972"
        },
        {
            "time": "25.02.2021 23:32",
            "open": "16.972",
            "high": "16.972",
            "low": "16.972",
            "close": "17.003"
        },
        {
            "time": "25.02.2021 23:33",
            "open": "17.003",
            "high": "17.07",
            "low": "17.003",
            "close": "17.003"
        },
        {
            "time": "25.02.2021 23:34",
            "open": "17.003",
            "high": "17.003",
            "low": "16.954",
            "close": "16.94"
        },
        {
            "time": "25.02.2021 23:36",
            "open": "16.94",
            "high": "16.94",
            "low": "16.922",
            "close": "16.95"
        },
        {
            "time": "25.02.2021 23:38",
            "open": "16.95",
            "high": "16.95",
            "low": "16.93",
            "close": "16.883"
        },
        {
            "time": "25.02.2021 23:47",
            "open": "16.883",
            "high": "16.884",
            "low": "16.883",
            "close": "16.898"
        },
        {
            "time": "25.02.2021 23:48",
            "open": "16.898",
            "high": "16.898",
            "low": "16.898",
            "close": "16.91"
        },
        {
            "time": "25.02.2021 23:50",
            "open": "16.91",
            "high": "16.946",
            "low": "16.91",
            "close": "17.035"
        },
        {
            "time": "25.02.2021 23:52",
            "open": "17.035",
            "high": "17.036",
            "low": "17.035",
            "close": "17.076"
        }
    ]
}