{
    "UMA-EUR": [
        {
            "time": "15.11.2020 23:49",
            "open": "6.946",
            "high": "6.946",
            "low": "6.945",
            "close": "7.032"
        },
        {
            "time": "16.11.2020 00:40",
            "open": "7.032",
            "high": "7.032",
            "low": "7.032",
            "close": "7.059"
        },
        {
            "time": "16.11.2020 00:49",
            "open": "7.059",
            "high": "7.059",
            "low": "7.059",
            "close": "7.087"
        },
        {
            "time": "16.11.2020 00:56",
            "open": "7.087",
            "high": "7.103",
            "low": "7.087",
            "close": "7.093"
        },
        {
            "time": "16.11.2020 00:58",
            "open": "7.093",
            "high": "7.093",
            "low": "7.093",
            "close": "7.098"
        },
        {
            "time": "16.11.2020 01:06",
            "open": "7.098",
            "high": "7.098",
            "low": "7.098",
            "close": "7.114"
        },
        {
            "time": "16.11.2020 01:07",
            "open": "7.114",
            "high": "7.128",
            "low": "7.114",
            "close": "7.106"
        },
        {
            "time": "16.11.2020 01:08",
            "open": "7.106",
            "high": "7.106",
            "low": "7.106",
            "close": "7.116"
        },
        {
            "time": "16.11.2020 01:26",
            "open": "7.116",
            "high": "7.116",
            "low": "7.116",
            "close": "7.106"
        },
        {
            "time": "16.11.2020 01:33",
            "open": "7.106",
            "high": "7.106",
            "low": "7.106",
            "close": "7.057"
        },
        {
            "time": "16.11.2020 01:40",
            "open": "7.057",
            "high": "7.057",
            "low": "7.057",
            "close": "7.063"
        },
        {
            "time": "16.11.2020 01:42",
            "open": "7.063",
            "high": "7.063",
            "low": "7.063",
            "close": "7.07"
        },
        {
            "time": "16.11.2020 02:20",
            "open": "7.07",
            "high": "7.07",
            "low": "7.07",
            "close": "7.022"
        },
        {
            "time": "16.11.2020 02:33",
            "open": "7.022",
            "high": "7.022",
            "low": "7.022",
            "close": "7.017"
        },
        {
            "time": "16.11.2020 02:48",
            "open": "7.017",
            "high": "7.017",
            "low": "7.017",
            "close": "7.016"
        },
        {
            "time": "16.11.2020 02:57",
            "open": "7.016",
            "high": "7.016",
            "low": "7.016",
            "close": "7.005"
        },
        {
            "time": "16.11.2020 03:00",
            "open": "7.005",
            "high": "7.005",
            "low": "7.005",
            "close": "6.996"
        },
        {
            "time": "16.11.2020 03:02",
            "open": "6.996",
            "high": "6.999",
            "low": "6.996",
            "close": "6.996"
        },
        {
            "time": "16.11.2020 03:03",
            "open": "6.996",
            "high": "6.996",
            "low": "6.996",
            "close": "6.998"
        },
        {
            "time": "16.11.2020 03:04",
            "open": "6.998",
            "high": "6.998",
            "low": "6.998",
            "close": "6.997"
        },
        {
            "time": "16.11.2020 03:20",
            "open": "6.997",
            "high": "6.997",
            "low": "6.997",
            "close": "6.989"
        },
        {
            "time": "16.11.2020 03:33",
            "open": "6.989",
            "high": "6.989",
            "low": "6.969",
            "close": "6.97"
        },
        {
            "time": "16.11.2020 03:40",
            "open": "6.97",
            "high": "6.97",
            "low": "6.97",
            "close": "6.962"
        },
        {
            "time": "16.11.2020 03:42",
            "open": "6.962",
            "high": "6.962",
            "low": "6.958",
            "close": "6.935"
        },
        {
            "time": "16.11.2020 04:02",
            "open": "6.935",
            "high": "6.935",
            "low": "6.935",
            "close": "6.932"
        },
        {
            "time": "16.11.2020 04:14",
            "open": "6.932",
            "high": "6.932",
            "low": "6.932",
            "close": "6.931"
        },
        {
            "time": "16.11.2020 04:15",
            "open": "6.931",
            "high": "6.932",
            "low": "6.931",
            "close": "6.944"
        },
        {
            "time": "16.11.2020 04:46",
            "open": "6.944",
            "high": "6.947",
            "low": "6.943",
            "close": "6.93"
        },
        {
            "time": "16.11.2020 05:10",
            "open": "6.93",
            "high": "6.93",
            "low": "6.93",
            "close": "6.929"
        },
        {
            "time": "16.11.2020 05:11",
            "open": "6.929",
            "high": "6.929",
            "low": "6.929",
            "close": "6.927"
        },
        {
            "time": "16.11.2020 05:37",
            "open": "6.927",
            "high": "6.927",
            "low": "6.886",
            "close": "6.927"
        },
        {
            "time": "16.11.2020 05:57",
            "open": "6.927",
            "high": "6.93",
            "low": "6.927",
            "close": "6.98"
        },
        {
            "time": "16.11.2020 06:13",
            "open": "6.98",
            "high": "6.981",
            "low": "6.98",
            "close": "6.98"
        },
        {
            "time": "16.11.2020 06:14",
            "open": "6.98",
            "high": "6.982",
            "low": "6.98",
            "close": "6.979"
        },
        {
            "time": "16.11.2020 06:37",
            "open": "6.979",
            "high": "6.979",
            "low": "6.856",
            "close": "6.905"
        },
        {
            "time": "16.11.2020 06:38",
            "open": "6.905",
            "high": "6.905",
            "low": "6.905",
            "close": "6.895"
        },
        {
            "time": "16.11.2020 06:39",
            "open": "6.895",
            "high": "6.895",
            "low": "6.895",
            "close": "6.909"
        },
        {
            "time": "16.11.2020 06:41",
            "open": "6.909",
            "high": "6.909",
            "low": "6.747",
            "close": "6.774"
        },
        {
            "time": "16.11.2020 06:42",
            "open": "6.774",
            "high": "6.803",
            "low": "6.774",
            "close": "6.832"
        },
        {
            "time": "16.11.2020 06:43",
            "open": "6.832",
            "high": "6.832",
            "low": "6.832",
            "close": "6.839"
        },
        {
            "time": "16.11.2020 06:46",
            "open": "6.839",
            "high": "6.841",
            "low": "6.839",
            "close": "6.846"
        },
        {
            "time": "16.11.2020 06:55",
            "open": "6.846",
            "high": "6.872",
            "low": "6.846",
            "close": "6.863"
        },
        {
            "time": "16.11.2020 06:57",
            "open": "6.863",
            "high": "6.863",
            "low": "6.863",
            "close": "6.832"
        },
        {
            "time": "16.11.2020 07:11",
            "open": "6.832",
            "high": "6.832",
            "low": "6.832",
            "close": "6.873"
        },
        {
            "time": "16.11.2020 07:33",
            "open": "6.873",
            "high": "6.893",
            "low": "6.873",
            "close": "6.885"
        },
        {
            "time": "16.11.2020 07:47",
            "open": "6.885",
            "high": "6.885",
            "low": "6.885",
            "close": "6.895"
        },
        {
            "time": "16.11.2020 08:06",
            "open": "6.895",
            "high": "6.895",
            "low": "6.895",
            "close": "6.899"
        },
        {
            "time": "16.11.2020 08:08",
            "open": "6.899",
            "high": "6.899",
            "low": "6.899",
            "close": "6.918"
        },
        {
            "time": "16.11.2020 08:19",
            "open": "6.918",
            "high": "6.949",
            "low": "6.918",
            "close": "6.938"
        },
        {
            "time": "16.11.2020 08:21",
            "open": "6.938",
            "high": "6.938",
            "low": "6.936",
            "close": "6.927"
        },
        {
            "time": "16.11.2020 08:29",
            "open": "6.927",
            "high": "6.927",
            "low": "6.927",
            "close": "6.924"
        },
        {
            "time": "16.11.2020 08:52",
            "open": "6.924",
            "high": "6.924",
            "low": "6.924",
            "close": "6.924"
        },
        {
            "time": "16.11.2020 08:53",
            "open": "6.924",
            "high": "6.925",
            "low": "6.924",
            "close": "6.927"
        },
        {
            "time": "16.11.2020 08:55",
            "open": "6.927",
            "high": "6.929",
            "low": "6.927",
            "close": "6.93"
        },
        {
            "time": "16.11.2020 09:00",
            "open": "6.93",
            "high": "6.93",
            "low": "6.929",
            "close": "6.931"
        },
        {
            "time": "16.11.2020 09:01",
            "open": "6.931",
            "high": "6.931",
            "low": "6.931",
            "close": "6.937"
        },
        {
            "time": "16.11.2020 09:05",
            "open": "6.937",
            "high": "6.937",
            "low": "6.934",
            "close": "6.933"
        },
        {
            "time": "16.11.2020 09:06",
            "open": "6.933",
            "high": "6.933",
            "low": "6.933",
            "close": "6.933"
        },
        {
            "time": "16.11.2020 09:07",
            "open": "6.933",
            "high": "6.933",
            "low": "6.925",
            "close": "6.925"
        },
        {
            "time": "16.11.2020 09:08",
            "open": "6.925",
            "high": "6.925",
            "low": "6.901",
            "close": "6.905"
        },
        {
            "time": "16.11.2020 09:27",
            "open": "6.905",
            "high": "6.905",
            "low": "6.905",
            "close": "6.924"
        },
        {
            "time": "16.11.2020 10:11",
            "open": "6.924",
            "high": "6.924",
            "low": "6.924",
            "close": "6.942"
        },
        {
            "time": "16.11.2020 10:15",
            "open": "6.942",
            "high": "6.942",
            "low": "6.942",
            "close": "6.947"
        },
        {
            "time": "16.11.2020 10:16",
            "open": "6.947",
            "high": "6.947",
            "low": "6.947",
            "close": "6.901"
        },
        {
            "time": "16.11.2020 10:21",
            "open": "6.901",
            "high": "6.901",
            "low": "6.9",
            "close": "6.926"
        },
        {
            "time": "16.11.2020 10:35",
            "open": "6.926",
            "high": "6.926",
            "low": "6.926",
            "close": "6.93"
        },
        {
            "time": "16.11.2020 11:01",
            "open": "6.93",
            "high": "6.93",
            "low": "6.926",
            "close": "6.9"
        },
        {
            "time": "16.11.2020 11:04",
            "open": "6.9",
            "high": "6.9",
            "low": "6.895",
            "close": "6.945"
        },
        {
            "time": "16.11.2020 11:27",
            "open": "6.945",
            "high": "6.945",
            "low": "6.945",
            "close": "6.939"
        },
        {
            "time": "16.11.2020 11:36",
            "open": "6.939",
            "high": "6.973",
            "low": "6.939",
            "close": "6.961"
        },
        {
            "time": "16.11.2020 11:38",
            "open": "6.961",
            "high": "6.962",
            "low": "6.961",
            "close": "6.965"
        },
        {
            "time": "16.11.2020 11:39",
            "open": "6.965",
            "high": "6.965",
            "low": "6.965",
            "close": "6.966"
        },
        {
            "time": "16.11.2020 11:42",
            "open": "6.966",
            "high": "6.966",
            "low": "6.966",
            "close": "6.966"
        },
        {
            "time": "16.11.2020 11:44",
            "open": "6.966",
            "high": "6.978",
            "low": "6.966",
            "close": "6.997"
        },
        {
            "time": "16.11.2020 11:57",
            "open": "6.997",
            "high": "6.997",
            "low": "6.997",
            "close": "6.962"
        },
        {
            "time": "16.11.2020 12:19",
            "open": "6.962",
            "high": "6.962",
            "low": "6.957",
            "close": "6.979"
        },
        {
            "time": "16.11.2020 12:20",
            "open": "6.979",
            "high": "6.979",
            "low": "6.979",
            "close": "6.968"
        },
        {
            "time": "16.11.2020 12:21",
            "open": "6.968",
            "high": "6.968",
            "low": "6.944",
            "close": "6.952"
        },
        {
            "time": "16.11.2020 12:24",
            "open": "6.952",
            "high": "6.952",
            "low": "6.952",
            "close": "6.946"
        },
        {
            "time": "16.11.2020 12:26",
            "open": "6.946",
            "high": "6.946",
            "low": "6.946",
            "close": "6.945"
        },
        {
            "time": "16.11.2020 12:31",
            "open": "6.945",
            "high": "6.945",
            "low": "6.945",
            "close": "6.935"
        },
        {
            "time": "16.11.2020 12:33",
            "open": "6.935",
            "high": "6.935",
            "low": "6.935",
            "close": "6.948"
        },
        {
            "time": "16.11.2020 12:36",
            "open": "6.948",
            "high": "6.948",
            "low": "6.948",
            "close": "6.933"
        },
        {
            "time": "16.11.2020 12:39",
            "open": "6.933",
            "high": "6.933",
            "low": "6.933",
            "close": "6.923"
        },
        {
            "time": "16.11.2020 12:40",
            "open": "6.923",
            "high": "6.923",
            "low": "6.923",
            "close": "6.907"
        },
        {
            "time": "16.11.2020 12:57",
            "open": "6.907",
            "high": "6.907",
            "low": "6.906",
            "close": "6.9"
        },
        {
            "time": "16.11.2020 12:58",
            "open": "6.871",
            "high": "6.871",
            "low": "6.871",
            "close": "6.891"
        },
        {
            "time": "16.11.2020 13:15",
            "open": "6.891",
            "high": "6.891",
            "low": "6.891",
            "close": "6.872"
        },
        {
            "time": "16.11.2020 13:18",
            "open": "6.872",
            "high": "6.872",
            "low": "6.872",
            "close": "6.891"
        },
        {
            "time": "16.11.2020 13:20",
            "open": "6.891",
            "high": "6.891",
            "low": "6.891",
            "close": "6.897"
        },
        {
            "time": "16.11.2020 13:21",
            "open": "6.901",
            "high": "6.901",
            "low": "6.901",
            "close": "6.941"
        },
        {
            "time": "16.11.2020 13:40",
            "open": "6.941",
            "high": "6.941",
            "low": "6.926",
            "close": "6.913"
        },
        {
            "time": "16.11.2020 13:42",
            "open": "6.913",
            "high": "6.913",
            "low": "6.912",
            "close": "6.892"
        },
        {
            "time": "16.11.2020 13:43",
            "open": "6.892",
            "high": "6.892",
            "low": "6.892",
            "close": "6.94"
        },
        {
            "time": "16.11.2020 13:59",
            "open": "6.94",
            "high": "6.942",
            "low": "6.94",
            "close": "6.911"
        },
        {
            "time": "16.11.2020 14:01",
            "open": "6.911",
            "high": "6.911",
            "low": "6.911",
            "close": "6.932"
        },
        {
            "time": "16.11.2020 14:03",
            "open": "6.932",
            "high": "6.932",
            "low": "6.932",
            "close": "6.942"
        },
        {
            "time": "16.11.2020 14:19",
            "open": "6.942",
            "high": "6.942",
            "low": "6.94",
            "close": "6.934"
        },
        {
            "time": "16.11.2020 14:21",
            "open": "6.934",
            "high": "6.934",
            "low": "6.934",
            "close": "6.97"
        },
        {
            "time": "16.11.2020 14:33",
            "open": "6.97",
            "high": "6.977",
            "low": "6.97",
            "close": "6.978"
        },
        {
            "time": "16.11.2020 14:35",
            "open": "6.978",
            "high": "6.978",
            "low": "6.978",
            "close": "6.997"
        },
        {
            "time": "16.11.2020 14:37",
            "open": "6.997",
            "high": "7.058",
            "low": "6.997",
            "close": "6.999"
        },
        {
            "time": "16.11.2020 14:38",
            "open": "6.999",
            "high": "6.999",
            "low": "6.999",
            "close": "7.004"
        },
        {
            "time": "16.11.2020 14:41",
            "open": "7.004",
            "high": "7.004",
            "low": "7",
            "close": "7.007"
        },
        {
            "time": "16.11.2020 14:44",
            "open": "7.007",
            "high": "7.007",
            "low": "7.007",
            "close": "7.031"
        },
        {
            "time": "16.11.2020 14:49",
            "open": "7.031",
            "high": "7.031",
            "low": "7.031",
            "close": "7.023"
        },
        {
            "time": "16.11.2020 14:55",
            "open": "7.023",
            "high": "7.024",
            "low": "7.023",
            "close": "6.997"
        },
        {
            "time": "16.11.2020 14:56",
            "open": "6.997",
            "high": "6.997",
            "low": "6.997",
            "close": "7.002"
        },
        {
            "time": "16.11.2020 14:58",
            "open": "7.002",
            "high": "7.002",
            "low": "7.002",
            "close": "6.99"
        },
        {
            "time": "16.11.2020 15:03",
            "open": "6.99",
            "high": "6.99",
            "low": "6.99",
            "close": "6.981"
        },
        {
            "time": "16.11.2020 15:04",
            "open": "6.981",
            "high": "6.981",
            "low": "6.981",
            "close": "6.999"
        },
        {
            "time": "16.11.2020 15:05",
            "open": "6.999",
            "high": "6.999",
            "low": "6.993",
            "close": "6.994"
        },
        {
            "time": "16.11.2020 15:09",
            "open": "6.994",
            "high": "6.994",
            "low": "6.992",
            "close": "6.95"
        },
        {
            "time": "16.11.2020 15:19",
            "open": "6.95",
            "high": "6.951",
            "low": "6.95",
            "close": "6.95"
        },
        {
            "time": "16.11.2020 15:20",
            "open": "6.95",
            "high": "6.95",
            "low": "6.95",
            "close": "6.959"
        },
        {
            "time": "16.11.2020 15:26",
            "open": "6.959",
            "high": "6.959",
            "low": "6.959",
            "close": "6.961"
        },
        {
            "time": "16.11.2020 15:28",
            "open": "6.961",
            "high": "6.962",
            "low": "6.961",
            "close": "6.96"
        },
        {
            "time": "16.11.2020 15:29",
            "open": "6.96",
            "high": "6.96",
            "low": "6.96",
            "close": "6.956"
        },
        {
            "time": "16.11.2020 15:33",
            "open": "6.956",
            "high": "6.96",
            "low": "6.956",
            "close": "6.968"
        },
        {
            "time": "16.11.2020 15:34",
            "open": "6.968",
            "high": "6.968",
            "low": "6.968",
            "close": "6.976"
        },
        {
            "time": "16.11.2020 15:39",
            "open": "6.976",
            "high": "6.976",
            "low": "6.976",
            "close": "6.966"
        },
        {
            "time": "16.11.2020 15:47",
            "open": "6.966",
            "high": "6.966",
            "low": "6.962",
            "close": "6.958"
        },
        {
            "time": "16.11.2020 15:48",
            "open": "6.958",
            "high": "6.958",
            "low": "6.954",
            "close": "6.953"
        },
        {
            "time": "16.11.2020 15:49",
            "open": "6.953",
            "high": "6.953",
            "low": "6.953",
            "close": "6.952"
        },
        {
            "time": "16.11.2020 15:50",
            "open": "6.952",
            "high": "6.953",
            "low": "6.952",
            "close": "6.966"
        },
        {
            "time": "16.11.2020 15:54",
            "open": "6.966",
            "high": "6.966",
            "low": "6.955",
            "close": "6.951"
        },
        {
            "time": "16.11.2020 15:55",
            "open": "6.951",
            "high": "6.951",
            "low": "6.951",
            "close": "6.95"
        },
        {
            "time": "16.11.2020 15:58",
            "open": "6.95",
            "high": "6.95",
            "low": "6.95",
            "close": "6.951"
        },
        {
            "time": "16.11.2020 16:01",
            "open": "6.951",
            "high": "6.951",
            "low": "6.951",
            "close": "6.95"
        },
        {
            "time": "16.11.2020 16:05",
            "open": "6.95",
            "high": "6.95",
            "low": "6.95",
            "close": "6.935"
        },
        {
            "time": "16.11.2020 16:07",
            "open": "6.935",
            "high": "6.935",
            "low": "6.928",
            "close": "6.939"
        },
        {
            "time": "16.11.2020 16:17",
            "open": "6.939",
            "high": "6.939",
            "low": "6.939",
            "close": "6.948"
        },
        {
            "time": "16.11.2020 16:27",
            "open": "6.948",
            "high": "6.948",
            "low": "6.948",
            "close": "6.956"
        },
        {
            "time": "16.11.2020 16:31",
            "open": "6.956",
            "high": "6.956",
            "low": "6.954",
            "close": "6.982"
        },
        {
            "time": "16.11.2020 16:35",
            "open": "6.982",
            "high": "6.982",
            "low": "6.982",
            "close": "6.99"
        },
        {
            "time": "16.11.2020 16:40",
            "open": "6.99",
            "high": "6.99",
            "low": "6.99",
            "close": "6.967"
        },
        {
            "time": "16.11.2020 16:53",
            "open": "6.967",
            "high": "6.967",
            "low": "6.967",
            "close": "6.959"
        },
        {
            "time": "16.11.2020 16:54",
            "open": "6.959",
            "high": "6.959",
            "low": "6.959",
            "close": "6.943"
        },
        {
            "time": "16.11.2020 17:06",
            "open": "6.943",
            "high": "6.943",
            "low": "6.943",
            "close": "6.929"
        },
        {
            "time": "16.11.2020 17:07",
            "open": "6.929",
            "high": "6.929",
            "low": "6.9",
            "close": "6.932"
        },
        {
            "time": "16.11.2020 17:08",
            "open": "6.932",
            "high": "6.932",
            "low": "6.926",
            "close": "6.915"
        },
        {
            "time": "16.11.2020 17:09",
            "open": "6.915",
            "high": "6.915",
            "low": "6.915",
            "close": "6.915"
        },
        {
            "time": "16.11.2020 17:16",
            "open": "6.915",
            "high": "6.915",
            "low": "6.915",
            "close": "6.9"
        },
        {
            "time": "16.11.2020 17:18",
            "open": "6.9",
            "high": "6.9",
            "low": "6.9",
            "close": "6.915"
        },
        {
            "time": "16.11.2020 17:20",
            "open": "6.915",
            "high": "6.915",
            "low": "6.915",
            "close": "6.901"
        },
        {
            "time": "16.11.2020 17:25",
            "open": "6.901",
            "high": "6.901",
            "low": "6.901",
            "close": "6.891"
        },
        {
            "time": "16.11.2020 17:26",
            "open": "6.891",
            "high": "6.891",
            "low": "6.891",
            "close": "6.9"
        },
        {
            "time": "16.11.2020 17:28",
            "open": "6.9",
            "high": "6.9",
            "low": "6.9",
            "close": "6.889"
        },
        {
            "time": "16.11.2020 17:38",
            "open": "6.889",
            "high": "6.889",
            "low": "6.889",
            "close": "6.89"
        },
        {
            "time": "16.11.2020 17:42",
            "open": "6.89",
            "high": "6.89",
            "low": "6.89",
            "close": "6.899"
        },
        {
            "time": "16.11.2020 17:45",
            "open": "6.899",
            "high": "6.899",
            "low": "6.899",
            "close": "6.896"
        },
        {
            "time": "16.11.2020 17:50",
            "open": "6.896",
            "high": "6.896",
            "low": "6.896",
            "close": "6.894"
        },
        {
            "time": "16.11.2020 17:52",
            "open": "6.894",
            "high": "6.894",
            "low": "6.894",
            "close": "6.889"
        },
        {
            "time": "16.11.2020 17:57",
            "open": "6.889",
            "high": "6.889",
            "low": "6.882",
            "close": "6.873"
        },
        {
            "time": "16.11.2020 17:58",
            "open": "6.873",
            "high": "6.873",
            "low": "6.873",
            "close": "6.872"
        },
        {
            "time": "16.11.2020 18:00",
            "open": "6.872",
            "high": "6.884",
            "low": "6.87",
            "close": "6.893"
        },
        {
            "time": "16.11.2020 18:01",
            "open": "6.893",
            "high": "6.893",
            "low": "6.893",
            "close": "6.87"
        },
        {
            "time": "16.11.2020 18:02",
            "open": "6.87",
            "high": "6.891",
            "low": "6.87",
            "close": "6.897"
        },
        {
            "time": "16.11.2020 18:03",
            "open": "6.897",
            "high": "6.897",
            "low": "6.897",
            "close": "6.892"
        },
        {
            "time": "16.11.2020 18:04",
            "open": "6.892",
            "high": "6.892",
            "low": "6.892",
            "close": "6.876"
        },
        {
            "time": "16.11.2020 18:05",
            "open": "6.876",
            "high": "6.876",
            "low": "6.86",
            "close": "6.856"
        },
        {
            "time": "16.11.2020 18:06",
            "open": "6.856",
            "high": "6.856",
            "low": "6.839",
            "close": "6.852"
        },
        {
            "time": "16.11.2020 18:07",
            "open": "6.852",
            "high": "6.852",
            "low": "6.852",
            "close": "6.835"
        },
        {
            "time": "16.11.2020 18:08",
            "open": "6.835",
            "high": "6.862",
            "low": "6.835",
            "close": "6.857"
        },
        {
            "time": "16.11.2020 18:10",
            "open": "6.857",
            "high": "6.857",
            "low": "6.857",
            "close": "6.857"
        },
        {
            "time": "16.11.2020 18:14",
            "open": "6.857",
            "high": "6.857",
            "low": "6.857",
            "close": "6.868"
        },
        {
            "time": "16.11.2020 18:18",
            "open": "6.868",
            "high": "6.868",
            "low": "6.868",
            "close": "6.861"
        },
        {
            "time": "16.11.2020 18:19",
            "open": "6.861",
            "high": "6.861",
            "low": "6.861",
            "close": "6.861"
        },
        {
            "time": "16.11.2020 18:21",
            "open": "6.861",
            "high": "6.862",
            "low": "6.861",
            "close": "6.835"
        },
        {
            "time": "16.11.2020 18:24",
            "open": "6.835",
            "high": "6.835",
            "low": "6.835",
            "close": "6.843"
        },
        {
            "time": "16.11.2020 18:26",
            "open": "6.843",
            "high": "6.843",
            "low": "6.827",
            "close": "6.866"
        },
        {
            "time": "16.11.2020 18:28",
            "open": "6.866",
            "high": "6.866",
            "low": "6.866",
            "close": "6.865"
        },
        {
            "time": "16.11.2020 18:29",
            "open": "6.865",
            "high": "6.865",
            "low": "6.865",
            "close": "6.869"
        },
        {
            "time": "16.11.2020 18:34",
            "open": "6.869",
            "high": "6.869",
            "low": "6.866",
            "close": "6.865"
        },
        {
            "time": "16.11.2020 18:35",
            "open": "6.865",
            "high": "6.865",
            "low": "6.865",
            "close": "6.847"
        },
        {
            "time": "16.11.2020 18:36",
            "open": "6.847",
            "high": "6.848",
            "low": "6.847",
            "close": "6.865"
        },
        {
            "time": "16.11.2020 18:40",
            "open": "6.865",
            "high": "6.911",
            "low": "6.865",
            "close": "6.875"
        },
        {
            "time": "16.11.2020 18:41",
            "open": "6.875",
            "high": "6.875",
            "low": "6.875",
            "close": "6.866"
        },
        {
            "time": "16.11.2020 18:43",
            "open": "6.866",
            "high": "6.873",
            "low": "6.866",
            "close": "6.846"
        },
        {
            "time": "16.11.2020 18:45",
            "open": "6.846",
            "high": "6.869",
            "low": "6.846",
            "close": "6.876"
        },
        {
            "time": "16.11.2020 18:47",
            "open": "6.876",
            "high": "6.876",
            "low": "6.876",
            "close": "6.876"
        },
        {
            "time": "16.11.2020 18:48",
            "open": "6.876",
            "high": "6.876",
            "low": "6.876",
            "close": "6.854"
        },
        {
            "time": "16.11.2020 18:51",
            "open": "6.854",
            "high": "6.854",
            "low": "6.854",
            "close": "6.868"
        },
        {
            "time": "16.11.2020 18:53",
            "open": "6.868",
            "high": "6.868",
            "low": "6.868",
            "close": "6.849"
        },
        {
            "time": "16.11.2020 18:55",
            "open": "6.849",
            "high": "6.859",
            "low": "6.849",
            "close": "6.869"
        },
        {
            "time": "16.11.2020 18:57",
            "open": "6.869",
            "high": "6.869",
            "low": "6.869",
            "close": "6.871"
        },
        {
            "time": "16.11.2020 18:59",
            "open": "6.871",
            "high": "6.871",
            "low": "6.871",
            "close": "6.872"
        },
        {
            "time": "16.11.2020 19:01",
            "open": "6.872",
            "high": "6.872",
            "low": "6.872",
            "close": "6.874"
        },
        {
            "time": "16.11.2020 19:02",
            "open": "6.874",
            "high": "6.874",
            "low": "6.873",
            "close": "6.887"
        },
        {
            "time": "16.11.2020 19:04",
            "open": "6.887",
            "high": "6.893",
            "low": "6.887",
            "close": "6.894"
        },
        {
            "time": "16.11.2020 19:06",
            "open": "6.894",
            "high": "6.894",
            "low": "6.89",
            "close": "6.871"
        },
        {
            "time": "16.11.2020 19:08",
            "open": "6.871",
            "high": "6.871",
            "low": "6.865",
            "close": "6.89"
        },
        {
            "time": "16.11.2020 19:09",
            "open": "6.89",
            "high": "6.89",
            "low": "6.89",
            "close": "6.873"
        },
        {
            "time": "16.11.2020 19:13",
            "open": "6.873",
            "high": "6.891",
            "low": "6.873",
            "close": "6.893"
        },
        {
            "time": "16.11.2020 19:15",
            "open": "6.893",
            "high": "6.919",
            "low": "6.893",
            "close": "6.911"
        },
        {
            "time": "16.11.2020 19:17",
            "open": "6.911",
            "high": "6.911",
            "low": "6.911",
            "close": "6.895"
        },
        {
            "time": "16.11.2020 19:18",
            "open": "6.895",
            "high": "6.895",
            "low": "6.895",
            "close": "6.895"
        },
        {
            "time": "16.11.2020 19:19",
            "open": "6.895",
            "high": "6.895",
            "low": "6.895",
            "close": "6.895"
        },
        {
            "time": "16.11.2020 19:20",
            "open": "6.895",
            "high": "6.895",
            "low": "6.895",
            "close": "6.895"
        },
        {
            "time": "16.11.2020 19:23",
            "open": "6.895",
            "high": "6.897",
            "low": "6.895",
            "close": "6.895"
        },
        {
            "time": "16.11.2020 19:24",
            "open": "6.895",
            "high": "6.895",
            "low": "6.895",
            "close": "6.895"
        },
        {
            "time": "16.11.2020 19:25",
            "open": "6.895",
            "high": "6.897",
            "low": "6.895",
            "close": "6.896"
        },
        {
            "time": "16.11.2020 19:26",
            "open": "6.896",
            "high": "6.896",
            "low": "6.895",
            "close": "6.895"
        },
        {
            "time": "16.11.2020 19:27",
            "open": "6.895",
            "high": "6.895",
            "low": "6.895",
            "close": "6.895"
        },
        {
            "time": "16.11.2020 19:28",
            "open": "6.895",
            "high": "6.895",
            "low": "6.885",
            "close": "6.893"
        },
        {
            "time": "16.11.2020 19:31",
            "open": "6.893",
            "high": "6.894",
            "low": "6.893",
            "close": "6.89"
        },
        {
            "time": "16.11.2020 19:32",
            "open": "6.89",
            "high": "6.89",
            "low": "6.89",
            "close": "6.897"
        },
        {
            "time": "16.11.2020 19:38",
            "open": "6.897",
            "high": "6.897",
            "low": "6.897",
            "close": "6.877"
        },
        {
            "time": "16.11.2020 19:44",
            "open": "6.877",
            "high": "6.877",
            "low": "6.877",
            "close": "6.871"
        },
        {
            "time": "16.11.2020 19:47",
            "open": "6.871",
            "high": "6.871",
            "low": "6.871",
            "close": "6.865"
        },
        {
            "time": "16.11.2020 19:51",
            "open": "6.865",
            "high": "6.865",
            "low": "6.846",
            "close": "6.864"
        },
        {
            "time": "16.11.2020 19:54",
            "open": "6.864",
            "high": "6.864",
            "low": "6.864",
            "close": "6.856"
        },
        {
            "time": "16.11.2020 19:55",
            "open": "6.856",
            "high": "6.856",
            "low": "6.856",
            "close": "6.857"
        },
        {
            "time": "16.11.2020 19:56",
            "open": "6.857",
            "high": "6.857",
            "low": "6.857",
            "close": "6.864"
        },
        {
            "time": "16.11.2020 19:57",
            "open": "6.864",
            "high": "6.864",
            "low": "6.864",
            "close": "6.857"
        },
        {
            "time": "16.11.2020 20:00",
            "open": "6.857",
            "high": "6.858",
            "low": "6.857",
            "close": "6.86"
        },
        {
            "time": "16.11.2020 20:03",
            "open": "6.86",
            "high": "6.86",
            "low": "6.86",
            "close": "6.865"
        },
        {
            "time": "16.11.2020 20:04",
            "open": "6.865",
            "high": "6.865",
            "low": "6.865",
            "close": "6.871"
        },
        {
            "time": "16.11.2020 20:06",
            "open": "6.871",
            "high": "6.871",
            "low": "6.871",
            "close": "6.87"
        },
        {
            "time": "16.11.2020 20:09",
            "open": "6.87",
            "high": "6.87",
            "low": "6.87",
            "close": "6.871"
        },
        {
            "time": "16.11.2020 20:14",
            "open": "6.871",
            "high": "6.914",
            "low": "6.871",
            "close": "6.863"
        },
        {
            "time": "16.11.2020 20:15",
            "open": "6.863",
            "high": "6.863",
            "low": "6.863",
            "close": "6.862"
        },
        {
            "time": "16.11.2020 20:17",
            "open": "6.862",
            "high": "6.862",
            "low": "6.862",
            "close": "6.871"
        },
        {
            "time": "16.11.2020 20:24",
            "open": "6.871",
            "high": "6.871",
            "low": "6.807",
            "close": "6.854"
        },
        {
            "time": "16.11.2020 20:25",
            "open": "6.854",
            "high": "6.854",
            "low": "6.854",
            "close": "6.853"
        },
        {
            "time": "16.11.2020 20:28",
            "open": "6.853",
            "high": "6.853",
            "low": "6.853",
            "close": "6.834"
        },
        {
            "time": "16.11.2020 20:36",
            "open": "6.834",
            "high": "6.834",
            "low": "6.834",
            "close": "6.854"
        },
        {
            "time": "16.11.2020 20:39",
            "open": "6.854",
            "high": "6.854",
            "low": "6.841",
            "close": "6.857"
        },
        {
            "time": "16.11.2020 20:44",
            "open": "6.857",
            "high": "6.989",
            "low": "6.85",
            "close": "6.868"
        },
        {
            "time": "16.11.2020 20:50",
            "open": "6.868",
            "high": "6.868",
            "low": "6.857",
            "close": "6.879"
        },
        {
            "time": "16.11.2020 20:52",
            "open": "6.879",
            "high": "6.879",
            "low": "6.879",
            "close": "6.871"
        },
        {
            "time": "16.11.2020 20:54",
            "open": "6.871",
            "high": "6.871",
            "low": "6.871",
            "close": "6.879"
        },
        {
            "time": "16.11.2020 21:00",
            "open": "6.879",
            "high": "6.879",
            "low": "6.879",
            "close": "6.867"
        },
        {
            "time": "16.11.2020 21:02",
            "open": "6.867",
            "high": "6.867",
            "low": "6.867",
            "close": "6.915"
        },
        {
            "time": "16.11.2020 21:04",
            "open": "6.915",
            "high": "6.915",
            "low": "6.915",
            "close": "6.92"
        },
        {
            "time": "16.11.2020 21:07",
            "open": "6.92",
            "high": "6.92",
            "low": "6.92",
            "close": "6.884"
        },
        {
            "time": "16.11.2020 21:15",
            "open": "6.884",
            "high": "6.884",
            "low": "6.884",
            "close": "6.951"
        },
        {
            "time": "16.11.2020 21:16",
            "open": "6.951",
            "high": "6.951",
            "low": "6.951",
            "close": "6.924"
        },
        {
            "time": "16.11.2020 21:20",
            "open": "6.924",
            "high": "6.924",
            "low": "6.924",
            "close": "6.951"
        },
        {
            "time": "16.11.2020 21:22",
            "open": "6.951",
            "high": "6.954",
            "low": "6.923",
            "close": "6.924"
        },
        {
            "time": "16.11.2020 21:23",
            "open": "6.924",
            "high": "6.924",
            "low": "6.924",
            "close": "6.873"
        },
        {
            "time": "16.11.2020 21:24",
            "open": "6.873",
            "high": "6.873",
            "low": "6.873",
            "close": "6.917"
        },
        {
            "time": "16.11.2020 21:27",
            "open": "6.917",
            "high": "6.917",
            "low": "6.917",
            "close": "6.902"
        },
        {
            "time": "16.11.2020 21:30",
            "open": "6.902",
            "high": "6.902",
            "low": "6.902",
            "close": "6.913"
        },
        {
            "time": "16.11.2020 21:40",
            "open": "6.913",
            "high": "6.915",
            "low": "6.913",
            "close": "6.909"
        },
        {
            "time": "16.11.2020 21:42",
            "open": "6.909",
            "high": "6.909",
            "low": "6.906",
            "close": "6.915"
        },
        {
            "time": "16.11.2020 21:46",
            "open": "6.915",
            "high": "6.915",
            "low": "6.915",
            "close": "6.902"
        },
        {
            "time": "16.11.2020 21:51",
            "open": "6.902",
            "high": "6.902",
            "low": "6.892",
            "close": "6.892"
        },
        {
            "time": "16.11.2020 21:52",
            "open": "6.892",
            "high": "6.892",
            "low": "6.892",
            "close": "6.938"
        },
        {
            "time": "16.11.2020 21:58",
            "open": "6.938",
            "high": "6.938",
            "low": "6.938",
            "close": "6.898"
        },
        {
            "time": "16.11.2020 22:00",
            "open": "6.898",
            "high": "6.898",
            "low": "6.898",
            "close": "6.921"
        },
        {
            "time": "16.11.2020 22:03",
            "open": "6.921",
            "high": "6.921",
            "low": "6.921",
            "close": "6.939"
        },
        {
            "time": "16.11.2020 22:32",
            "open": "6.939",
            "high": "6.939",
            "low": "6.939",
            "close": "6.937"
        },
        {
            "time": "16.11.2020 22:42",
            "open": "6.937",
            "high": "6.938",
            "low": "6.937",
            "close": "6.928"
        },
        {
            "time": "16.11.2020 22:44",
            "open": "6.928",
            "high": "6.928",
            "low": "6.928",
            "close": "6.856"
        },
        {
            "time": "16.11.2020 22:48",
            "open": "6.856",
            "high": "6.856",
            "low": "6.856",
            "close": "6.85"
        },
        {
            "time": "16.11.2020 22:50",
            "open": "6.85",
            "high": "6.851",
            "low": "6.85",
            "close": "6.834"
        },
        {
            "time": "16.11.2020 22:51",
            "open": "6.834",
            "high": "6.834",
            "low": "6.834",
            "close": "6.834"
        },
        {
            "time": "16.11.2020 22:52",
            "open": "6.834",
            "high": "6.834",
            "low": "6.834",
            "close": "6.854"
        },
        {
            "time": "16.11.2020 22:55",
            "open": "6.854",
            "high": "6.854",
            "low": "6.854",
            "close": "6.842"
        },
        {
            "time": "16.11.2020 22:56",
            "open": "6.842",
            "high": "6.842",
            "low": "6.842",
            "close": "6.865"
        },
        {
            "time": "16.11.2020 23:01",
            "open": "6.865",
            "high": "6.865",
            "low": "6.865",
            "close": "6.874"
        },
        {
            "time": "16.11.2020 23:02",
            "open": "6.874",
            "high": "6.893",
            "low": "6.874",
            "close": "6.878"
        },
        {
            "time": "16.11.2020 23:03",
            "open": "6.878",
            "high": "6.878",
            "low": "6.878",
            "close": "6.878"
        },
        {
            "time": "16.11.2020 23:04",
            "open": "6.878",
            "high": "6.878",
            "low": "6.865",
            "close": "6.885"
        },
        {
            "time": "16.11.2020 23:09",
            "open": "6.885",
            "high": "6.885",
            "low": "6.883",
            "close": "6.88"
        },
        {
            "time": "16.11.2020 23:10",
            "open": "6.88",
            "high": "6.88",
            "low": "6.88",
            "close": "6.894"
        },
        {
            "time": "16.11.2020 23:12",
            "open": "6.894",
            "high": "6.894",
            "low": "6.894",
            "close": "6.903"
        },
        {
            "time": "16.11.2020 23:17",
            "open": "6.903",
            "high": "6.903",
            "low": "6.903",
            "close": "6.903"
        },
        {
            "time": "16.11.2020 23:20",
            "open": "6.903",
            "high": "6.925",
            "low": "6.903",
            "close": "6.925"
        },
        {
            "time": "16.11.2020 23:30",
            "open": "6.925",
            "high": "6.935",
            "low": "6.925",
            "close": "6.931"
        },
        {
            "time": "16.11.2020 23:34",
            "open": "6.931",
            "high": "6.931",
            "low": "6.931",
            "close": "6.935"
        },
        {
            "time": "16.11.2020 23:36",
            "open": "6.935",
            "high": "6.935",
            "low": "6.935",
            "close": "6.935"
        },
        {
            "time": "16.11.2020 23:46",
            "open": "6.935",
            "high": "6.935",
            "low": "6.935",
            "close": "6.934"
        }
    ]
}