{
    "UMA-EUR": [
        {
            "time": "12.12.2020 23:47",
            "open": "6.043",
            "high": "6.043",
            "low": "6.017",
            "close": "6.048"
        },
        {
            "time": "13.12.2020 00:00",
            "open": "6.048",
            "high": "6.054",
            "low": "6.048",
            "close": "6.044"
        },
        {
            "time": "13.12.2020 00:13",
            "open": "6.044",
            "high": "6.044",
            "low": "6.044",
            "close": "6.044"
        },
        {
            "time": "13.12.2020 00:14",
            "open": "6.044",
            "high": "6.044",
            "low": "6.044",
            "close": "6.05"
        },
        {
            "time": "13.12.2020 00:26",
            "open": "6.05",
            "high": "6.05",
            "low": "6.05",
            "close": "5.995"
        },
        {
            "time": "13.12.2020 00:27",
            "open": "5.995",
            "high": "6.035",
            "low": "5.992",
            "close": "6.024"
        },
        {
            "time": "13.12.2020 00:36",
            "open": "6.024",
            "high": "6.024",
            "low": "6.007",
            "close": "6.049"
        },
        {
            "time": "13.12.2020 01:04",
            "open": "6.049",
            "high": "6.049",
            "low": "6.049",
            "close": "6.039"
        },
        {
            "time": "13.12.2020 01:15",
            "open": "6.039",
            "high": "6.039",
            "low": "6.039",
            "close": "6.046"
        },
        {
            "time": "13.12.2020 01:37",
            "open": "6.046",
            "high": "6.046",
            "low": "6.046",
            "close": "6.055"
        },
        {
            "time": "13.12.2020 01:40",
            "open": "6.055",
            "high": "6.055",
            "low": "6.055",
            "close": "6.041"
        },
        {
            "time": "13.12.2020 01:47",
            "open": "6.041",
            "high": "6.041",
            "low": "6.041",
            "close": "6.059"
        },
        {
            "time": "13.12.2020 01:52",
            "open": "6.059",
            "high": "6.059",
            "low": "6.059",
            "close": "6.043"
        },
        {
            "time": "13.12.2020 01:53",
            "open": "6.043",
            "high": "6.043",
            "low": "6.043",
            "close": "6.002"
        },
        {
            "time": "13.12.2020 01:55",
            "open": "6.002",
            "high": "6.002",
            "low": "6.002",
            "close": "5.998"
        },
        {
            "time": "13.12.2020 01:58",
            "open": "5.998",
            "high": "5.998",
            "low": "5.998",
            "close": "6.039"
        },
        {
            "time": "13.12.2020 02:12",
            "open": "6.039",
            "high": "6.039",
            "low": "6.039",
            "close": "6.023"
        },
        {
            "time": "13.12.2020 02:28",
            "open": "6.023",
            "high": "6.023",
            "low": "6.023",
            "close": "6.037"
        },
        {
            "time": "13.12.2020 02:38",
            "open": "6.037",
            "high": "6.037",
            "low": "6.037",
            "close": "6.029"
        },
        {
            "time": "13.12.2020 02:43",
            "open": "6.029",
            "high": "6.029",
            "low": "6.029",
            "close": "6.038"
        },
        {
            "time": "13.12.2020 02:47",
            "open": "6.038",
            "high": "6.038",
            "low": "6.038",
            "close": "6.035"
        },
        {
            "time": "13.12.2020 02:49",
            "open": "6.035",
            "high": "6.035",
            "low": "6.035",
            "close": "6.048"
        },
        {
            "time": "13.12.2020 03:38",
            "open": "6.048",
            "high": "6.048",
            "low": "6.048",
            "close": "6.026"
        },
        {
            "time": "13.12.2020 04:57",
            "open": "6.026",
            "high": "6.026",
            "low": "5.988",
            "close": "6.024"
        },
        {
            "time": "13.12.2020 05:22",
            "open": "6.024",
            "high": "6.024",
            "low": "6.024",
            "close": "6.014"
        },
        {
            "time": "13.12.2020 05:24",
            "open": "6.014",
            "high": "6.014",
            "low": "6.013",
            "close": "6.011"
        },
        {
            "time": "13.12.2020 05:25",
            "open": "6.011",
            "high": "6.011",
            "low": "6.011",
            "close": "6"
        },
        {
            "time": "13.12.2020 05:34",
            "open": "6",
            "high": "6",
            "low": "6",
            "close": "6.057"
        },
        {
            "time": "13.12.2020 05:42",
            "open": "6.057",
            "high": "6.057",
            "low": "6.047",
            "close": "6.051"
        },
        {
            "time": "13.12.2020 06:06",
            "open": "6.051",
            "high": "6.051",
            "low": "6.051",
            "close": "6.052"
        },
        {
            "time": "13.12.2020 06:07",
            "open": "6.052",
            "high": "6.052",
            "low": "6.052",
            "close": "6.074"
        },
        {
            "time": "13.12.2020 06:18",
            "open": "6.074",
            "high": "6.074",
            "low": "6.074",
            "close": "6.089"
        },
        {
            "time": "13.12.2020 06:20",
            "open": "6.089",
            "high": "6.089",
            "low": "6.089",
            "close": "6.066"
        },
        {
            "time": "13.12.2020 06:25",
            "open": "6.066",
            "high": "6.066",
            "low": "6.048",
            "close": "6.088"
        },
        {
            "time": "13.12.2020 06:47",
            "open": "6.088",
            "high": "6.088",
            "low": "6.088",
            "close": "6.103"
        },
        {
            "time": "13.12.2020 06:50",
            "open": "6.103",
            "high": "6.103",
            "low": "6.103",
            "close": "6.097"
        },
        {
            "time": "13.12.2020 06:57",
            "open": "6.097",
            "high": "6.106",
            "low": "6.097",
            "close": "6.109"
        },
        {
            "time": "13.12.2020 07:05",
            "open": "6.109",
            "high": "6.109",
            "low": "6.109",
            "close": "6.094"
        },
        {
            "time": "13.12.2020 07:15",
            "open": "6.094",
            "high": "6.094",
            "low": "6.094",
            "close": "6.116"
        },
        {
            "time": "13.12.2020 08:04",
            "open": "6.116",
            "high": "6.116",
            "low": "6.116",
            "close": "6.123"
        },
        {
            "time": "13.12.2020 08:13",
            "open": "6.123",
            "high": "6.123",
            "low": "6.123",
            "close": "6.137"
        },
        {
            "time": "13.12.2020 08:44",
            "open": "6.137",
            "high": "6.137",
            "low": "6.137",
            "close": "6.126"
        },
        {
            "time": "13.12.2020 08:57",
            "open": "6.126",
            "high": "6.126",
            "low": "6.126",
            "close": "6.14"
        },
        {
            "time": "13.12.2020 09:03",
            "open": "6.14",
            "high": "6.14",
            "low": "6.14",
            "close": "6.14"
        },
        {
            "time": "13.12.2020 09:04",
            "open": "6.14",
            "high": "6.141",
            "low": "6.14",
            "close": "6.133"
        },
        {
            "time": "13.12.2020 09:12",
            "open": "6.133",
            "high": "6.133",
            "low": "6.133",
            "close": "6.14"
        },
        {
            "time": "13.12.2020 09:21",
            "open": "6.14",
            "high": "6.14",
            "low": "6.14",
            "close": "6.132"
        },
        {
            "time": "13.12.2020 09:47",
            "open": "6.132",
            "high": "6.133",
            "low": "6.106",
            "close": "6.13"
        },
        {
            "time": "13.12.2020 10:07",
            "open": "6.13",
            "high": "6.13",
            "low": "6.13",
            "close": "6.104"
        },
        {
            "time": "13.12.2020 10:08",
            "open": "6.104",
            "high": "6.104",
            "low": "6.104",
            "close": "6.131"
        },
        {
            "time": "13.12.2020 10:25",
            "open": "6.131",
            "high": "6.131",
            "low": "6.131",
            "close": "6.131"
        },
        {
            "time": "13.12.2020 10:37",
            "open": "6.131",
            "high": "6.131",
            "low": "6.131",
            "close": "6.131"
        },
        {
            "time": "13.12.2020 10:47",
            "open": "6.131",
            "high": "6.131",
            "low": "6.131",
            "close": "6.131"
        },
        {
            "time": "13.12.2020 10:48",
            "open": "6.131",
            "high": "6.131",
            "low": "6.131",
            "close": "6.131"
        },
        {
            "time": "13.12.2020 10:50",
            "open": "6.131",
            "high": "6.131",
            "low": "6.131",
            "close": "6.141"
        },
        {
            "time": "13.12.2020 10:54",
            "open": "6.141",
            "high": "6.141",
            "low": "6.141",
            "close": "6.149"
        },
        {
            "time": "13.12.2020 11:02",
            "open": "6.149",
            "high": "6.149",
            "low": "6.149",
            "close": "6.149"
        },
        {
            "time": "13.12.2020 11:12",
            "open": "6.149",
            "high": "6.149",
            "low": "6.149",
            "close": "6.145"
        },
        {
            "time": "13.12.2020 11:36",
            "open": "6.145",
            "high": "6.145",
            "low": "6.145",
            "close": "6.146"
        },
        {
            "time": "13.12.2020 11:44",
            "open": "6.146",
            "high": "6.146",
            "low": "6.146",
            "close": "6.146"
        },
        {
            "time": "13.12.2020 11:52",
            "open": "6.146",
            "high": "6.185",
            "low": "6.146",
            "close": "6.164"
        },
        {
            "time": "13.12.2020 12:08",
            "open": "6.164",
            "high": "6.164",
            "low": "6.164",
            "close": "6.158"
        },
        {
            "time": "13.12.2020 12:15",
            "open": "6.158",
            "high": "6.158",
            "low": "6.158",
            "close": "6.18"
        },
        {
            "time": "13.12.2020 12:40",
            "open": "6.18",
            "high": "6.18",
            "low": "6.178",
            "close": "6.173"
        },
        {
            "time": "13.12.2020 13:09",
            "open": "6.173",
            "high": "6.191",
            "low": "6.173",
            "close": "6.172"
        },
        {
            "time": "13.12.2020 13:16",
            "open": "6.172",
            "high": "6.172",
            "low": "6.172",
            "close": "6.181"
        },
        {
            "time": "13.12.2020 13:27",
            "open": "6.181",
            "high": "6.182",
            "low": "6.181",
            "close": "6.182"
        },
        {
            "time": "13.12.2020 13:41",
            "open": "6.182",
            "high": "6.194",
            "low": "6.182",
            "close": "6.17"
        },
        {
            "time": "13.12.2020 13:53",
            "open": "6.17",
            "high": "6.17",
            "low": "6.17",
            "close": "6.159"
        },
        {
            "time": "13.12.2020 13:58",
            "open": "6.159",
            "high": "6.159",
            "low": "6.144",
            "close": "6.175"
        },
        {
            "time": "13.12.2020 14:17",
            "open": "6.175",
            "high": "6.175",
            "low": "6.175",
            "close": "6.163"
        },
        {
            "time": "13.12.2020 14:24",
            "open": "6.163",
            "high": "6.163",
            "low": "6.163",
            "close": "6.156"
        },
        {
            "time": "13.12.2020 14:28",
            "open": "6.156",
            "high": "6.156",
            "low": "6.156",
            "close": "6.156"
        },
        {
            "time": "13.12.2020 14:36",
            "open": "6.156",
            "high": "6.156",
            "low": "6.156",
            "close": "6.167"
        },
        {
            "time": "13.12.2020 14:42",
            "open": "6.167",
            "high": "6.167",
            "low": "6.167",
            "close": "6.156"
        },
        {
            "time": "13.12.2020 15:01",
            "open": "6.156",
            "high": "6.156",
            "low": "6.156",
            "close": "6.156"
        },
        {
            "time": "13.12.2020 15:07",
            "open": "6.156",
            "high": "6.156",
            "low": "6.156",
            "close": "6.156"
        },
        {
            "time": "13.12.2020 15:15",
            "open": "6.156",
            "high": "6.156",
            "low": "6.156",
            "close": "6.188"
        },
        {
            "time": "13.12.2020 15:39",
            "open": "6.188",
            "high": "6.188",
            "low": "6.188",
            "close": "6.181"
        },
        {
            "time": "13.12.2020 15:58",
            "open": "6.181",
            "high": "6.181",
            "low": "6.181",
            "close": "6.183"
        },
        {
            "time": "13.12.2020 16:08",
            "open": "6.183",
            "high": "6.183",
            "low": "6.183",
            "close": "6.145"
        },
        {
            "time": "13.12.2020 16:22",
            "open": "6.145",
            "high": "6.145",
            "low": "6.145",
            "close": "6.152"
        },
        {
            "time": "13.12.2020 16:31",
            "open": "6.152",
            "high": "6.152",
            "low": "6.152",
            "close": "6.151"
        },
        {
            "time": "13.12.2020 16:47",
            "open": "6.151",
            "high": "6.151",
            "low": "6.151",
            "close": "6.142"
        },
        {
            "time": "13.12.2020 16:51",
            "open": "6.142",
            "high": "6.142",
            "low": "6.142",
            "close": "6.139"
        },
        {
            "time": "13.12.2020 17:03",
            "open": "6.139",
            "high": "6.139",
            "low": "6.139",
            "close": "6.141"
        },
        {
            "time": "13.12.2020 17:05",
            "open": "6.141",
            "high": "6.141",
            "low": "6.141",
            "close": "6.141"
        },
        {
            "time": "13.12.2020 17:08",
            "open": "6.141",
            "high": "6.141",
            "low": "6.141",
            "close": "6.17"
        },
        {
            "time": "13.12.2020 17:10",
            "open": "6.17",
            "high": "6.17",
            "low": "6.169",
            "close": "6.172"
        },
        {
            "time": "13.12.2020 17:11",
            "open": "6.172",
            "high": "6.172",
            "low": "6.172",
            "close": "6.187"
        },
        {
            "time": "13.12.2020 17:13",
            "open": "6.187",
            "high": "6.187",
            "low": "6.187",
            "close": "6.188"
        },
        {
            "time": "13.12.2020 17:16",
            "open": "6.188",
            "high": "6.215",
            "low": "6.188",
            "close": "6.209"
        },
        {
            "time": "13.12.2020 17:26",
            "open": "6.209",
            "high": "6.209",
            "low": "6.209",
            "close": "6.213"
        },
        {
            "time": "13.12.2020 17:27",
            "open": "6.213",
            "high": "6.224",
            "low": "6.201",
            "close": "6.213"
        },
        {
            "time": "13.12.2020 17:28",
            "open": "6.213",
            "high": "6.213",
            "low": "6.213",
            "close": "6.194"
        },
        {
            "time": "13.12.2020 17:37",
            "open": "6.194",
            "high": "6.194",
            "low": "6.194",
            "close": "6.22"
        },
        {
            "time": "13.12.2020 17:38",
            "open": "6.22",
            "high": "6.22",
            "low": "6.22",
            "close": "6.211"
        },
        {
            "time": "13.12.2020 17:47",
            "open": "6.211",
            "high": "6.211",
            "low": "6.211",
            "close": "6.192"
        },
        {
            "time": "13.12.2020 17:48",
            "open": "6.192",
            "high": "6.192",
            "low": "6.174",
            "close": "6.189"
        },
        {
            "time": "13.12.2020 17:49",
            "open": "6.189",
            "high": "6.189",
            "low": "6.189",
            "close": "6.171"
        },
        {
            "time": "13.12.2020 17:51",
            "open": "6.171",
            "high": "6.171",
            "low": "6.171",
            "close": "6.188"
        },
        {
            "time": "13.12.2020 17:56",
            "open": "6.188",
            "high": "6.188",
            "low": "6.188",
            "close": "6.189"
        },
        {
            "time": "13.12.2020 17:59",
            "open": "6.189",
            "high": "6.189",
            "low": "6.189",
            "close": "6.174"
        },
        {
            "time": "13.12.2020 18:10",
            "open": "6.174",
            "high": "6.174",
            "low": "6.152",
            "close": "6.205"
        },
        {
            "time": "13.12.2020 18:36",
            "open": "6.205",
            "high": "6.205",
            "low": "6.205",
            "close": "6.204"
        },
        {
            "time": "13.12.2020 18:41",
            "open": "6.204",
            "high": "6.204",
            "low": "6.204",
            "close": "6.198"
        },
        {
            "time": "13.12.2020 18:58",
            "open": "6.198",
            "high": "6.198",
            "low": "6.198",
            "close": "6.198"
        },
        {
            "time": "13.12.2020 19:03",
            "open": "6.198",
            "high": "6.198",
            "low": "6.198",
            "close": "6.183"
        },
        {
            "time": "13.12.2020 19:17",
            "open": "6.183",
            "high": "6.183",
            "low": "6.183",
            "close": "6.183"
        },
        {
            "time": "13.12.2020 19:18",
            "open": "6.183",
            "high": "6.183",
            "low": "6.183",
            "close": "6.197"
        },
        {
            "time": "13.12.2020 20:02",
            "open": "6.197",
            "high": "6.197",
            "low": "6.197",
            "close": "6.201"
        },
        {
            "time": "13.12.2020 20:07",
            "open": "6.201",
            "high": "6.201",
            "low": "6.201",
            "close": "6.21"
        },
        {
            "time": "13.12.2020 20:09",
            "open": "6.21",
            "high": "6.21",
            "low": "6.21",
            "close": "6.204"
        },
        {
            "time": "13.12.2020 20:23",
            "open": "6.204",
            "high": "6.204",
            "low": "6.204",
            "close": "6.206"
        },
        {
            "time": "13.12.2020 20:25",
            "open": "6.206",
            "high": "6.206",
            "low": "6.206",
            "close": "6.21"
        },
        {
            "time": "13.12.2020 20:40",
            "open": "6.21",
            "high": "6.21",
            "low": "6.207",
            "close": "6.21"
        },
        {
            "time": "13.12.2020 20:50",
            "open": "6.21",
            "high": "6.212",
            "low": "6.21",
            "close": "6.182"
        },
        {
            "time": "13.12.2020 20:56",
            "open": "6.182",
            "high": "6.182",
            "low": "6.182",
            "close": "6.183"
        },
        {
            "time": "13.12.2020 21:25",
            "open": "6.183",
            "high": "6.183",
            "low": "6.183",
            "close": "6.182"
        },
        {
            "time": "13.12.2020 21:28",
            "open": "6.182",
            "high": "6.182",
            "low": "6.177",
            "close": "6.189"
        },
        {
            "time": "13.12.2020 21:40",
            "open": "6.189",
            "high": "6.189",
            "low": "6.189",
            "close": "6.182"
        },
        {
            "time": "13.12.2020 21:45",
            "open": "6.182",
            "high": "6.182",
            "low": "6.182",
            "close": "6.172"
        },
        {
            "time": "13.12.2020 21:53",
            "open": "6.172",
            "high": "6.172",
            "low": "6.172",
            "close": "6.175"
        },
        {
            "time": "13.12.2020 21:56",
            "open": "6.175",
            "high": "6.175",
            "low": "6.175",
            "close": "6.185"
        },
        {
            "time": "13.12.2020 22:02",
            "open": "6.185",
            "high": "6.185",
            "low": "6.185",
            "close": "6.141"
        },
        {
            "time": "13.12.2020 22:05",
            "open": "6.141",
            "high": "6.141",
            "low": "6.135",
            "close": "6.153"
        },
        {
            "time": "13.12.2020 22:06",
            "open": "6.153",
            "high": "6.155",
            "low": "6.153",
            "close": "6.165"
        },
        {
            "time": "13.12.2020 22:40",
            "open": "6.165",
            "high": "6.165",
            "low": "6.165",
            "close": "6.165"
        },
        {
            "time": "13.12.2020 22:41",
            "open": "6.165",
            "high": "6.165",
            "low": "6.165",
            "close": "6.168"
        },
        {
            "time": "13.12.2020 22:51",
            "open": "6.168",
            "high": "6.168",
            "low": "6.168",
            "close": "6.17"
        },
        {
            "time": "13.12.2020 22:54",
            "open": "6.17",
            "high": "6.17",
            "low": "6.17",
            "close": "6.17"
        },
        {
            "time": "13.12.2020 22:56",
            "open": "6.17",
            "high": "6.17",
            "low": "6.17",
            "close": "6.171"
        },
        {
            "time": "13.12.2020 23:06",
            "open": "6.171",
            "high": "6.171",
            "low": "6.171",
            "close": "6.16"
        }
    ]
}