{
    "UMA-EUR": [
        {
            "time": "01.01.2021 23:50",
            "open": "6.513",
            "high": "6.513",
            "low": "6.513",
            "close": "6.498"
        },
        {
            "time": "02.01.2021 00:00",
            "open": "6.498",
            "high": "6.498",
            "low": "6.498",
            "close": "6.495"
        },
        {
            "time": "02.01.2021 00:26",
            "open": "6.495",
            "high": "6.495",
            "low": "6.495",
            "close": "6.477"
        },
        {
            "time": "02.01.2021 00:55",
            "open": "6.477",
            "high": "6.477",
            "low": "6.477",
            "close": "6.446"
        },
        {
            "time": "02.01.2021 01:30",
            "open": "6.446",
            "high": "6.446",
            "low": "6.446",
            "close": "6.437"
        },
        {
            "time": "02.01.2021 01:40",
            "open": "6.437",
            "high": "6.437",
            "low": "6.423",
            "close": "6.43"
        },
        {
            "time": "02.01.2021 01:50",
            "open": "6.43",
            "high": "6.43",
            "low": "6.43",
            "close": "6.421"
        },
        {
            "time": "02.01.2021 01:56",
            "open": "6.421",
            "high": "6.421",
            "low": "6.401",
            "close": "6.443"
        },
        {
            "time": "02.01.2021 02:47",
            "open": "6.443",
            "high": "6.447",
            "low": "6.442",
            "close": "6.428"
        },
        {
            "time": "02.01.2021 02:56",
            "open": "6.428",
            "high": "6.428",
            "low": "6.428",
            "close": "6.426"
        },
        {
            "time": "02.01.2021 03:37",
            "open": "6.426",
            "high": "6.426",
            "low": "6.426",
            "close": "6.426"
        },
        {
            "time": "02.01.2021 03:43",
            "open": "6.426",
            "high": "6.428",
            "low": "6.426",
            "close": "6.428"
        },
        {
            "time": "02.01.2021 04:01",
            "open": "6.428",
            "high": "6.428",
            "low": "6.428",
            "close": "6.426"
        },
        {
            "time": "02.01.2021 04:02",
            "open": "6.426",
            "high": "6.426",
            "low": "6.426",
            "close": "6.411"
        },
        {
            "time": "02.01.2021 04:53",
            "open": "6.411",
            "high": "6.411",
            "low": "6.411",
            "close": "6.428"
        },
        {
            "time": "02.01.2021 05:18",
            "open": "6.428",
            "high": "6.428",
            "low": "6.428",
            "close": "6.428"
        },
        {
            "time": "02.01.2021 05:19",
            "open": "6.428",
            "high": "6.469",
            "low": "6.428",
            "close": "6.469"
        },
        {
            "time": "02.01.2021 05:20",
            "open": "6.469",
            "high": "6.469",
            "low": "6.469",
            "close": "6.469"
        },
        {
            "time": "02.01.2021 05:21",
            "open": "6.469",
            "high": "6.469",
            "low": "6.469",
            "close": "6.453"
        },
        {
            "time": "02.01.2021 05:29",
            "open": "6.453",
            "high": "6.453",
            "low": "6.453",
            "close": "6.458"
        },
        {
            "time": "02.01.2021 06:47",
            "open": "6.458",
            "high": "6.458",
            "low": "6.457",
            "close": "6.467"
        },
        {
            "time": "02.01.2021 06:54",
            "open": "6.467",
            "high": "6.467",
            "low": "6.467",
            "close": "6.492"
        },
        {
            "time": "02.01.2021 07:30",
            "open": "6.492",
            "high": "6.492",
            "low": "6.492",
            "close": "6.491"
        },
        {
            "time": "02.01.2021 07:31",
            "open": "6.491",
            "high": "6.491",
            "low": "6.491",
            "close": "6.491"
        },
        {
            "time": "02.01.2021 07:34",
            "open": "6.491",
            "high": "6.495",
            "low": "6.491",
            "close": "6.495"
        },
        {
            "time": "02.01.2021 07:35",
            "open": "6.495",
            "high": "6.495",
            "low": "6.495",
            "close": "6.495"
        },
        {
            "time": "02.01.2021 07:36",
            "open": "6.495",
            "high": "6.495",
            "low": "6.495",
            "close": "6.495"
        },
        {
            "time": "02.01.2021 07:37",
            "open": "6.495",
            "high": "6.495",
            "low": "6.495",
            "close": "6.519"
        },
        {
            "time": "02.01.2021 08:20",
            "open": "6.519",
            "high": "6.519",
            "low": "6.519",
            "close": "6.519"
        },
        {
            "time": "02.01.2021 08:32",
            "open": "6.519",
            "high": "6.519",
            "low": "6.519",
            "close": "6.518"
        },
        {
            "time": "02.01.2021 08:37",
            "open": "6.518",
            "high": "6.518",
            "low": "6.518",
            "close": "6.503"
        },
        {
            "time": "02.01.2021 08:40",
            "open": "6.503",
            "high": "6.503",
            "low": "6.503",
            "close": "6.528"
        },
        {
            "time": "02.01.2021 09:05",
            "open": "6.528",
            "high": "6.528",
            "low": "6.517",
            "close": "6.52"
        },
        {
            "time": "02.01.2021 09:19",
            "open": "6.52",
            "high": "6.52",
            "low": "6.52",
            "close": "6.52"
        },
        {
            "time": "02.01.2021 09:22",
            "open": "6.52",
            "high": "6.52",
            "low": "6.52",
            "close": "6.546"
        },
        {
            "time": "02.01.2021 09:38",
            "open": "6.546",
            "high": "6.546",
            "low": "6.546",
            "close": "6.532"
        },
        {
            "time": "02.01.2021 09:39",
            "open": "6.532",
            "high": "6.532",
            "low": "6.532",
            "close": "6.55"
        },
        {
            "time": "02.01.2021 09:51",
            "open": "6.55",
            "high": "6.55",
            "low": "6.55",
            "close": "6.559"
        },
        {
            "time": "02.01.2021 09:58",
            "open": "6.559",
            "high": "6.581",
            "low": "6.559",
            "close": "6.586"
        },
        {
            "time": "02.01.2021 09:59",
            "open": "6.586",
            "high": "6.586",
            "low": "6.586",
            "close": "6.595"
        },
        {
            "time": "02.01.2021 10:00",
            "open": "6.595",
            "high": "6.6",
            "low": "6.595",
            "close": "6.6"
        },
        {
            "time": "02.01.2021 10:01",
            "open": "6.6",
            "high": "6.6",
            "low": "6.6",
            "close": "6.601"
        },
        {
            "time": "02.01.2021 10:02",
            "open": "6.601",
            "high": "6.623",
            "low": "6.601",
            "close": "6.622"
        },
        {
            "time": "02.01.2021 10:03",
            "open": "6.622",
            "high": "6.622",
            "low": "6.62",
            "close": "6.62"
        },
        {
            "time": "02.01.2021 10:04",
            "open": "6.62",
            "high": "6.643",
            "low": "6.62",
            "close": "6.649"
        },
        {
            "time": "02.01.2021 10:05",
            "open": "6.649",
            "high": "6.679",
            "low": "6.647",
            "close": "6.68"
        },
        {
            "time": "02.01.2021 10:06",
            "open": "6.68",
            "high": "6.702",
            "low": "6.68",
            "close": "6.702"
        },
        {
            "time": "02.01.2021 10:08",
            "open": "6.702",
            "high": "6.709",
            "low": "6.702",
            "close": "6.719"
        },
        {
            "time": "02.01.2021 10:09",
            "open": "6.719",
            "high": "6.75",
            "low": "6.719",
            "close": "6.75"
        },
        {
            "time": "02.01.2021 10:10",
            "open": "6.75",
            "high": "6.75",
            "low": "6.749",
            "close": "6.75"
        },
        {
            "time": "02.01.2021 10:11",
            "open": "6.75",
            "high": "6.75",
            "low": "6.75",
            "close": "6.751"
        },
        {
            "time": "02.01.2021 10:12",
            "open": "6.751",
            "high": "6.756",
            "low": "6.751",
            "close": "6.756"
        },
        {
            "time": "02.01.2021 10:13",
            "open": "6.756",
            "high": "6.77",
            "low": "6.756",
            "close": "6.772"
        },
        {
            "time": "02.01.2021 10:14",
            "open": "6.772",
            "high": "6.772",
            "low": "6.772",
            "close": "6.769"
        },
        {
            "time": "02.01.2021 10:15",
            "open": "6.769",
            "high": "6.769",
            "low": "6.761",
            "close": "6.77"
        },
        {
            "time": "02.01.2021 10:22",
            "open": "6.77",
            "high": "6.771",
            "low": "6.77",
            "close": "6.767"
        },
        {
            "time": "02.01.2021 10:24",
            "open": "6.767",
            "high": "6.767",
            "low": "6.729",
            "close": "6.733"
        },
        {
            "time": "02.01.2021 10:25",
            "open": "6.733",
            "high": "6.733",
            "low": "6.733",
            "close": "6.742"
        },
        {
            "time": "02.01.2021 10:28",
            "open": "6.742",
            "high": "6.742",
            "low": "6.742",
            "close": "6.66"
        },
        {
            "time": "02.01.2021 10:31",
            "open": "6.66",
            "high": "6.661",
            "low": "6.66",
            "close": "6.66"
        },
        {
            "time": "02.01.2021 10:34",
            "open": "6.66",
            "high": "6.66",
            "low": "6.601",
            "close": "6.615"
        },
        {
            "time": "02.01.2021 10:38",
            "open": "6.615",
            "high": "6.615",
            "low": "6.599",
            "close": "6.611"
        },
        {
            "time": "02.01.2021 10:39",
            "open": "6.611",
            "high": "6.611",
            "low": "6.611",
            "close": "6.598"
        },
        {
            "time": "02.01.2021 10:41",
            "open": "6.598",
            "high": "6.598",
            "low": "6.598",
            "close": "6.595"
        },
        {
            "time": "02.01.2021 10:45",
            "open": "6.595",
            "high": "6.595",
            "low": "6.594",
            "close": "6.574"
        },
        {
            "time": "02.01.2021 10:55",
            "open": "6.574",
            "high": "6.574",
            "low": "6.574",
            "close": "6.573"
        },
        {
            "time": "02.01.2021 10:56",
            "open": "6.573",
            "high": "6.573",
            "low": "6.573",
            "close": "6.564"
        },
        {
            "time": "02.01.2021 10:57",
            "open": "6.564",
            "high": "6.564",
            "low": "6.552",
            "close": "6.531"
        },
        {
            "time": "02.01.2021 11:03",
            "open": "6.531",
            "high": "6.531",
            "low": "6.531",
            "close": "6.519"
        },
        {
            "time": "02.01.2021 11:04",
            "open": "6.519",
            "high": "6.519",
            "low": "6.519",
            "close": "6.52"
        },
        {
            "time": "02.01.2021 11:08",
            "open": "6.52",
            "high": "6.52",
            "low": "6.52",
            "close": "6.524"
        },
        {
            "time": "02.01.2021 11:18",
            "open": "6.524",
            "high": "6.524",
            "low": "6.513",
            "close": "6.538"
        },
        {
            "time": "02.01.2021 11:24",
            "open": "6.538",
            "high": "6.566",
            "low": "6.538",
            "close": "6.566"
        },
        {
            "time": "02.01.2021 11:25",
            "open": "6.566",
            "high": "6.578",
            "low": "6.566",
            "close": "6.569"
        },
        {
            "time": "02.01.2021 11:26",
            "open": "6.569",
            "high": "6.573",
            "low": "6.568",
            "close": "6.595"
        },
        {
            "time": "02.01.2021 11:39",
            "open": "6.595",
            "high": "6.602",
            "low": "6.595",
            "close": "6.594"
        },
        {
            "time": "02.01.2021 11:43",
            "open": "6.594",
            "high": "6.594",
            "low": "6.594",
            "close": "6.591"
        },
        {
            "time": "02.01.2021 11:44",
            "open": "6.591",
            "high": "6.591",
            "low": "6.591",
            "close": "6.59"
        },
        {
            "time": "02.01.2021 11:51",
            "open": "6.59",
            "high": "6.59",
            "low": "6.59",
            "close": "6.596"
        },
        {
            "time": "02.01.2021 11:52",
            "open": "6.596",
            "high": "6.597",
            "low": "6.596",
            "close": "6.58"
        },
        {
            "time": "02.01.2021 11:54",
            "open": "6.58",
            "high": "6.58",
            "low": "6.58",
            "close": "6.587"
        },
        {
            "time": "02.01.2021 12:12",
            "open": "6.587",
            "high": "6.587",
            "low": "6.587",
            "close": "6.594"
        },
        {
            "time": "02.01.2021 12:13",
            "open": "6.594",
            "high": "6.594",
            "low": "6.594",
            "close": "6.601"
        },
        {
            "time": "02.01.2021 12:40",
            "open": "6.601",
            "high": "6.601",
            "low": "6.6",
            "close": "6.6"
        },
        {
            "time": "02.01.2021 12:42",
            "open": "6.6",
            "high": "6.6",
            "low": "6.6",
            "close": "6.606"
        },
        {
            "time": "02.01.2021 12:49",
            "open": "6.606",
            "high": "6.606",
            "low": "6.606",
            "close": "6.602"
        },
        {
            "time": "02.01.2021 13:04",
            "open": "6.602",
            "high": "6.602",
            "low": "6.602",
            "close": "6.621"
        },
        {
            "time": "02.01.2021 13:17",
            "open": "6.621",
            "high": "6.621",
            "low": "6.621",
            "close": "6.665"
        },
        {
            "time": "02.01.2021 13:22",
            "open": "6.665",
            "high": "6.678",
            "low": "6.665",
            "close": "6.678"
        },
        {
            "time": "02.01.2021 13:25",
            "open": "6.678",
            "high": "6.678",
            "low": "6.675",
            "close": "6.641"
        },
        {
            "time": "02.01.2021 13:27",
            "open": "6.641",
            "high": "6.641",
            "low": "6.641",
            "close": "6.681"
        },
        {
            "time": "02.01.2021 13:39",
            "open": "6.681",
            "high": "6.687",
            "low": "6.681",
            "close": "6.659"
        },
        {
            "time": "02.01.2021 13:42",
            "open": "6.659",
            "high": "6.659",
            "low": "6.659",
            "close": "6.659"
        },
        {
            "time": "02.01.2021 13:43",
            "open": "6.659",
            "high": "6.659",
            "low": "6.659",
            "close": "6.7"
        },
        {
            "time": "02.01.2021 13:45",
            "open": "6.7",
            "high": "6.729",
            "low": "6.7",
            "close": "6.702"
        },
        {
            "time": "02.01.2021 13:46",
            "open": "6.702",
            "high": "6.702",
            "low": "6.701",
            "close": "6.738"
        },
        {
            "time": "02.01.2021 13:47",
            "open": "6.738",
            "high": "6.75",
            "low": "6.738",
            "close": "6.75"
        },
        {
            "time": "02.01.2021 13:49",
            "open": "6.75",
            "high": "6.772",
            "low": "6.75",
            "close": "6.78"
        },
        {
            "time": "02.01.2021 13:51",
            "open": "6.78",
            "high": "6.78",
            "low": "6.78",
            "close": "6.75"
        },
        {
            "time": "02.01.2021 13:52",
            "open": "6.75",
            "high": "6.75",
            "low": "6.707",
            "close": "6.716"
        },
        {
            "time": "02.01.2021 13:57",
            "open": "6.716",
            "high": "6.716",
            "low": "6.716",
            "close": "6.679"
        },
        {
            "time": "02.01.2021 14:01",
            "open": "6.679",
            "high": "6.679",
            "low": "6.679",
            "close": "6.741"
        },
        {
            "time": "02.01.2021 14:05",
            "open": "6.741",
            "high": "6.741",
            "low": "6.741",
            "close": "6.741"
        },
        {
            "time": "02.01.2021 14:10",
            "open": "6.741",
            "high": "6.741",
            "low": "6.719",
            "close": "6.719"
        },
        {
            "time": "02.01.2021 14:11",
            "open": "6.719",
            "high": "6.719",
            "low": "6.718",
            "close": "6.744"
        },
        {
            "time": "02.01.2021 14:15",
            "open": "6.744",
            "high": "6.752",
            "low": "6.744",
            "close": "6.76"
        },
        {
            "time": "02.01.2021 14:16",
            "open": "6.76",
            "high": "6.76",
            "low": "6.76",
            "close": "6.717"
        },
        {
            "time": "02.01.2021 14:24",
            "open": "6.717",
            "high": "6.721",
            "low": "6.717",
            "close": "6.761"
        },
        {
            "time": "02.01.2021 14:25",
            "open": "6.761",
            "high": "6.761",
            "low": "6.761",
            "close": "6.736"
        },
        {
            "time": "02.01.2021 14:26",
            "open": "6.736",
            "high": "6.736",
            "low": "6.736",
            "close": "6.736"
        },
        {
            "time": "02.01.2021 14:27",
            "open": "6.736",
            "high": "6.773",
            "low": "6.736",
            "close": "6.777"
        },
        {
            "time": "02.01.2021 14:37",
            "open": "6.777",
            "high": "6.777",
            "low": "6.777",
            "close": "6.779"
        },
        {
            "time": "02.01.2021 14:38",
            "open": "6.779",
            "high": "6.78",
            "low": "6.779",
            "close": "6.75"
        },
        {
            "time": "02.01.2021 14:49",
            "open": "6.75",
            "high": "6.75",
            "low": "6.75",
            "close": "6.722"
        },
        {
            "time": "02.01.2021 14:51",
            "open": "6.722",
            "high": "6.722",
            "low": "6.722",
            "close": "6.727"
        },
        {
            "time": "02.01.2021 14:53",
            "open": "6.727",
            "high": "6.727",
            "low": "6.727",
            "close": "6.778"
        },
        {
            "time": "02.01.2021 14:57",
            "open": "6.778",
            "high": "6.781",
            "low": "6.778",
            "close": "6.778"
        },
        {
            "time": "02.01.2021 14:58",
            "open": "6.778",
            "high": "6.779",
            "low": "6.737",
            "close": "6.781"
        },
        {
            "time": "02.01.2021 14:59",
            "open": "6.781",
            "high": "6.782",
            "low": "6.78",
            "close": "6.781"
        },
        {
            "time": "02.01.2021 15:00",
            "open": "6.781",
            "high": "6.799",
            "low": "6.781",
            "close": "6.799"
        },
        {
            "time": "02.01.2021 15:02",
            "open": "6.799",
            "high": "6.799",
            "low": "6.799",
            "close": "6.777"
        },
        {
            "time": "02.01.2021 15:04",
            "open": "6.777",
            "high": "6.8",
            "low": "6.776",
            "close": "6.8"
        },
        {
            "time": "02.01.2021 15:05",
            "open": "6.8",
            "high": "6.8",
            "low": "6.8",
            "close": "6.8"
        },
        {
            "time": "02.01.2021 15:07",
            "open": "6.8",
            "high": "6.8",
            "low": "6.8",
            "close": "6.8"
        },
        {
            "time": "02.01.2021 15:08",
            "open": "6.8",
            "high": "6.802",
            "low": "6.8",
            "close": "6.8"
        },
        {
            "time": "02.01.2021 15:09",
            "open": "6.8",
            "high": "6.8",
            "low": "6.768",
            "close": "6.79"
        },
        {
            "time": "02.01.2021 15:11",
            "open": "6.79",
            "high": "6.79",
            "low": "6.79",
            "close": "6.8"
        },
        {
            "time": "02.01.2021 15:12",
            "open": "6.8",
            "high": "6.8",
            "low": "6.8",
            "close": "6.8"
        },
        {
            "time": "02.01.2021 15:14",
            "open": "6.8",
            "high": "6.8",
            "low": "6.79",
            "close": "6.79"
        },
        {
            "time": "02.01.2021 15:16",
            "open": "6.79",
            "high": "6.79",
            "low": "6.729",
            "close": "6.71"
        },
        {
            "time": "02.01.2021 15:17",
            "open": "6.71",
            "high": "6.71",
            "low": "6.71",
            "close": "6.682"
        },
        {
            "time": "02.01.2021 15:18",
            "open": "6.682",
            "high": "6.682",
            "low": "6.682",
            "close": "6.64"
        },
        {
            "time": "02.01.2021 15:23",
            "open": "6.64",
            "high": "6.64",
            "low": "6.623",
            "close": "6.625"
        },
        {
            "time": "02.01.2021 15:31",
            "open": "6.625",
            "high": "6.625",
            "low": "6.625",
            "close": "6.64"
        },
        {
            "time": "02.01.2021 15:35",
            "open": "6.64",
            "high": "6.64",
            "low": "6.64",
            "close": "6.639"
        },
        {
            "time": "02.01.2021 15:36",
            "open": "6.639",
            "high": "6.639",
            "low": "6.639",
            "close": "6.631"
        },
        {
            "time": "02.01.2021 15:40",
            "open": "6.631",
            "high": "6.637",
            "low": "6.631",
            "close": "6.622"
        },
        {
            "time": "02.01.2021 15:41",
            "open": "6.622",
            "high": "6.622",
            "low": "6.617",
            "close": "6.616"
        },
        {
            "time": "02.01.2021 15:53",
            "open": "6.616",
            "high": "6.616",
            "low": "6.616",
            "close": "6.616"
        },
        {
            "time": "02.01.2021 15:55",
            "open": "6.616",
            "high": "6.616",
            "low": "6.616",
            "close": "6.618"
        },
        {
            "time": "02.01.2021 16:00",
            "open": "6.618",
            "high": "6.618",
            "low": "6.618",
            "close": "6.661"
        },
        {
            "time": "02.01.2021 16:05",
            "open": "6.661",
            "high": "6.661",
            "low": "6.661",
            "close": "6.661"
        },
        {
            "time": "02.01.2021 16:07",
            "open": "6.661",
            "high": "6.661",
            "low": "6.661",
            "close": "6.661"
        },
        {
            "time": "02.01.2021 16:08",
            "open": "6.661",
            "high": "6.661",
            "low": "6.616",
            "close": "6.617"
        },
        {
            "time": "02.01.2021 16:17",
            "open": "6.617",
            "high": "6.617",
            "low": "6.617",
            "close": "6.672"
        },
        {
            "time": "02.01.2021 16:23",
            "open": "6.672",
            "high": "6.672",
            "low": "6.672",
            "close": "6.675"
        },
        {
            "time": "02.01.2021 16:44",
            "open": "6.675",
            "high": "6.675",
            "low": "6.675",
            "close": "6.675"
        },
        {
            "time": "02.01.2021 16:45",
            "open": "6.675",
            "high": "6.675",
            "low": "6.675",
            "close": "6.651"
        },
        {
            "time": "02.01.2021 16:47",
            "open": "6.651",
            "high": "6.651",
            "low": "6.651",
            "close": "6.633"
        },
        {
            "time": "02.01.2021 16:49",
            "open": "6.633",
            "high": "6.633",
            "low": "6.633",
            "close": "6.694"
        },
        {
            "time": "02.01.2021 17:01",
            "open": "6.694",
            "high": "6.694",
            "low": "6.694",
            "close": "6.64"
        },
        {
            "time": "02.01.2021 17:03",
            "open": "6.64",
            "high": "6.64",
            "low": "6.64",
            "close": "6.633"
        },
        {
            "time": "02.01.2021 17:05",
            "open": "6.633",
            "high": "6.633",
            "low": "6.615",
            "close": "6.734"
        },
        {
            "time": "02.01.2021 17:06",
            "open": "6.734",
            "high": "6.734",
            "low": "6.734",
            "close": "6.627"
        },
        {
            "time": "02.01.2021 17:07",
            "open": "6.627",
            "high": "6.628",
            "low": "6.627",
            "close": "6.697"
        },
        {
            "time": "02.01.2021 17:08",
            "open": "6.697",
            "high": "6.697",
            "low": "6.697",
            "close": "6.607"
        },
        {
            "time": "02.01.2021 17:09",
            "open": "6.607",
            "high": "6.607",
            "low": "6.603",
            "close": "6.606"
        },
        {
            "time": "02.01.2021 17:17",
            "open": "6.606",
            "high": "6.606",
            "low": "6.596",
            "close": "6.639"
        },
        {
            "time": "02.01.2021 17:19",
            "open": "6.639",
            "high": "6.639",
            "low": "6.639",
            "close": "6.642"
        },
        {
            "time": "02.01.2021 17:22",
            "open": "6.642",
            "high": "6.668",
            "low": "6.639",
            "close": "6.647"
        },
        {
            "time": "02.01.2021 17:25",
            "open": "6.647",
            "high": "6.647",
            "low": "6.641",
            "close": "6.669"
        },
        {
            "time": "02.01.2021 17:26",
            "open": "6.669",
            "high": "6.669",
            "low": "6.669",
            "close": "6.662"
        },
        {
            "time": "02.01.2021 17:28",
            "open": "6.662",
            "high": "6.741",
            "low": "6.662",
            "close": "6.643"
        },
        {
            "time": "02.01.2021 17:29",
            "open": "6.643",
            "high": "6.643",
            "low": "6.643",
            "close": "6.64"
        },
        {
            "time": "02.01.2021 17:31",
            "open": "6.64",
            "high": "6.674",
            "low": "6.64",
            "close": "6.645"
        },
        {
            "time": "02.01.2021 17:34",
            "open": "6.645",
            "high": "6.645",
            "low": "6.62",
            "close": "6.617"
        },
        {
            "time": "02.01.2021 17:36",
            "open": "6.617",
            "high": "6.617",
            "low": "6.573",
            "close": "6.573"
        },
        {
            "time": "02.01.2021 17:37",
            "open": "6.573",
            "high": "6.573",
            "low": "6.552",
            "close": "6.557"
        },
        {
            "time": "02.01.2021 17:39",
            "open": "6.557",
            "high": "6.557",
            "low": "6.55",
            "close": "6.559"
        },
        {
            "time": "02.01.2021 17:40",
            "open": "6.559",
            "high": "6.559",
            "low": "6.515",
            "close": "6.541"
        },
        {
            "time": "02.01.2021 17:42",
            "open": "6.541",
            "high": "6.541",
            "low": "6.541",
            "close": "6.516"
        },
        {
            "time": "02.01.2021 17:43",
            "open": "6.516",
            "high": "6.516",
            "low": "6.516",
            "close": "6.517"
        },
        {
            "time": "02.01.2021 17:48",
            "open": "6.517",
            "high": "6.517",
            "low": "6.517",
            "close": "6.521"
        },
        {
            "time": "02.01.2021 17:49",
            "open": "6.521",
            "high": "6.552",
            "low": "6.517",
            "close": "6.552"
        },
        {
            "time": "02.01.2021 17:50",
            "open": "6.552",
            "high": "6.553",
            "low": "6.552",
            "close": "6.517"
        },
        {
            "time": "02.01.2021 17:53",
            "open": "6.517",
            "high": "6.517",
            "low": "6.517",
            "close": "6.523"
        },
        {
            "time": "02.01.2021 17:54",
            "open": "6.523",
            "high": "6.523",
            "low": "6.518",
            "close": "6.516"
        },
        {
            "time": "02.01.2021 17:55",
            "open": "6.516",
            "high": "6.516",
            "low": "6.516",
            "close": "6.519"
        },
        {
            "time": "02.01.2021 17:56",
            "open": "6.519",
            "high": "6.519",
            "low": "6.501",
            "close": "6.53"
        },
        {
            "time": "02.01.2021 17:57",
            "open": "6.53",
            "high": "6.53",
            "low": "6.505",
            "close": "6.502"
        },
        {
            "time": "02.01.2021 17:58",
            "open": "6.502",
            "high": "6.502",
            "low": "6.492",
            "close": "6.491"
        },
        {
            "time": "02.01.2021 17:59",
            "open": "6.491",
            "high": "6.491",
            "low": "6.47",
            "close": "6.47"
        },
        {
            "time": "02.01.2021 18:00",
            "open": "6.47",
            "high": "6.47",
            "low": "6.47",
            "close": "6.469"
        },
        {
            "time": "02.01.2021 18:01",
            "open": "6.469",
            "high": "6.469",
            "low": "6.455",
            "close": "6.455"
        },
        {
            "time": "02.01.2021 18:03",
            "open": "6.455",
            "high": "6.455",
            "low": "6.455",
            "close": "6.461"
        },
        {
            "time": "02.01.2021 18:10",
            "open": "6.461",
            "high": "6.461",
            "low": "6.461",
            "close": "6.537"
        },
        {
            "time": "02.01.2021 18:11",
            "open": "6.537",
            "high": "6.537",
            "low": "6.499",
            "close": "6.548"
        },
        {
            "time": "02.01.2021 18:14",
            "open": "6.548",
            "high": "6.548",
            "low": "6.548",
            "close": "6.548"
        },
        {
            "time": "02.01.2021 18:15",
            "open": "6.548",
            "high": "6.548",
            "low": "6.548",
            "close": "6.548"
        },
        {
            "time": "02.01.2021 18:16",
            "open": "6.548",
            "high": "6.627",
            "low": "6.548",
            "close": "6.619"
        },
        {
            "time": "02.01.2021 18:19",
            "open": "6.619",
            "high": "6.619",
            "low": "6.606",
            "close": "6.626"
        },
        {
            "time": "02.01.2021 18:21",
            "open": "6.626",
            "high": "6.626",
            "low": "6.626",
            "close": "6.628"
        },
        {
            "time": "02.01.2021 18:22",
            "open": "6.628",
            "high": "6.632",
            "low": "6.628",
            "close": "6.633"
        },
        {
            "time": "02.01.2021 18:23",
            "open": "6.633",
            "high": "6.635",
            "low": "6.633",
            "close": "6.635"
        },
        {
            "time": "02.01.2021 18:24",
            "open": "6.635",
            "high": "6.663",
            "low": "6.635",
            "close": "6.653"
        },
        {
            "time": "02.01.2021 18:25",
            "open": "6.653",
            "high": "6.653",
            "low": "6.653",
            "close": "6.657"
        },
        {
            "time": "02.01.2021 18:27",
            "open": "6.657",
            "high": "6.657",
            "low": "6.657",
            "close": "6.662"
        },
        {
            "time": "02.01.2021 18:28",
            "open": "6.662",
            "high": "6.662",
            "low": "6.662",
            "close": "6.664"
        },
        {
            "time": "02.01.2021 18:29",
            "open": "6.664",
            "high": "6.664",
            "low": "6.664",
            "close": "6.665"
        },
        {
            "time": "02.01.2021 18:31",
            "open": "6.665",
            "high": "6.702",
            "low": "6.665",
            "close": "6.671"
        },
        {
            "time": "02.01.2021 18:33",
            "open": "6.671",
            "high": "6.671",
            "low": "6.671",
            "close": "6.7"
        },
        {
            "time": "02.01.2021 18:39",
            "open": "6.7",
            "high": "6.739",
            "low": "6.7",
            "close": "6.741"
        },
        {
            "time": "02.01.2021 18:41",
            "open": "6.741",
            "high": "6.743",
            "low": "6.741",
            "close": "6.743"
        },
        {
            "time": "02.01.2021 18:42",
            "open": "6.743",
            "high": "6.783",
            "low": "6.743",
            "close": "6.782"
        },
        {
            "time": "02.01.2021 18:43",
            "open": "6.782",
            "high": "6.783",
            "low": "6.782",
            "close": "6.783"
        },
        {
            "time": "02.01.2021 18:44",
            "open": "6.783",
            "high": "6.783",
            "low": "6.783",
            "close": "6.783"
        },
        {
            "time": "02.01.2021 18:45",
            "open": "6.783",
            "high": "6.79",
            "low": "6.781",
            "close": "6.79"
        },
        {
            "time": "02.01.2021 18:46",
            "open": "6.79",
            "high": "6.823",
            "low": "6.78",
            "close": "6.825"
        },
        {
            "time": "02.01.2021 18:51",
            "open": "6.825",
            "high": "6.831",
            "low": "6.825",
            "close": "6.827"
        },
        {
            "time": "02.01.2021 18:53",
            "open": "6.827",
            "high": "6.827",
            "low": "6.827",
            "close": "6.826"
        },
        {
            "time": "02.01.2021 18:55",
            "open": "6.826",
            "high": "6.826",
            "low": "6.826",
            "close": "6.8"
        },
        {
            "time": "02.01.2021 18:59",
            "open": "6.8",
            "high": "6.8",
            "low": "6.788",
            "close": "6.789"
        },
        {
            "time": "02.01.2021 19:00",
            "open": "6.789",
            "high": "6.789",
            "low": "6.789",
            "close": "6.788"
        },
        {
            "time": "02.01.2021 19:01",
            "open": "6.788",
            "high": "6.789",
            "low": "6.788",
            "close": "6.782"
        },
        {
            "time": "02.01.2021 19:02",
            "open": "6.782",
            "high": "6.839",
            "low": "6.782",
            "close": "6.8"
        },
        {
            "time": "02.01.2021 19:03",
            "open": "6.8",
            "high": "6.8",
            "low": "6.748",
            "close": "6.798"
        },
        {
            "time": "02.01.2021 19:04",
            "open": "6.798",
            "high": "6.798",
            "low": "6.798",
            "close": "6.78"
        },
        {
            "time": "02.01.2021 19:06",
            "open": "6.78",
            "high": "6.78",
            "low": "6.78",
            "close": "6.78"
        },
        {
            "time": "02.01.2021 19:09",
            "open": "6.78",
            "high": "6.78",
            "low": "6.78",
            "close": "6.727"
        },
        {
            "time": "02.01.2021 19:13",
            "open": "6.727",
            "high": "6.727",
            "low": "6.727",
            "close": "6.746"
        },
        {
            "time": "02.01.2021 19:14",
            "open": "6.746",
            "high": "6.746",
            "low": "6.746",
            "close": "6.734"
        },
        {
            "time": "02.01.2021 19:15",
            "open": "6.734",
            "high": "6.734",
            "low": "6.734",
            "close": "6.743"
        },
        {
            "time": "02.01.2021 19:20",
            "open": "6.743",
            "high": "6.743",
            "low": "6.743",
            "close": "6.719"
        },
        {
            "time": "02.01.2021 19:21",
            "open": "6.719",
            "high": "6.726",
            "low": "6.698",
            "close": "6.689"
        },
        {
            "time": "02.01.2021 19:23",
            "open": "6.689",
            "high": "6.689",
            "low": "6.689",
            "close": "6.684"
        },
        {
            "time": "02.01.2021 19:24",
            "open": "6.684",
            "high": "6.691",
            "low": "6.682",
            "close": "6.678"
        },
        {
            "time": "02.01.2021 19:25",
            "open": "6.678",
            "high": "6.678",
            "low": "6.662",
            "close": "6.66"
        },
        {
            "time": "02.01.2021 19:28",
            "open": "6.66",
            "high": "6.66",
            "low": "6.64",
            "close": "6.679"
        },
        {
            "time": "02.01.2021 19:34",
            "open": "6.679",
            "high": "6.679",
            "low": "6.679",
            "close": "6.652"
        },
        {
            "time": "02.01.2021 19:37",
            "open": "6.652",
            "high": "6.652",
            "low": "6.652",
            "close": "6.636"
        },
        {
            "time": "02.01.2021 19:42",
            "open": "6.636",
            "high": "6.636",
            "low": "6.63",
            "close": "6.629"
        },
        {
            "time": "02.01.2021 19:43",
            "open": "6.629",
            "high": "6.629",
            "low": "6.629",
            "close": "6.629"
        },
        {
            "time": "02.01.2021 19:50",
            "open": "6.629",
            "high": "6.629",
            "low": "6.629",
            "close": "6.629"
        },
        {
            "time": "02.01.2021 19:51",
            "open": "6.629",
            "high": "6.629",
            "low": "6.629",
            "close": "6.629"
        },
        {
            "time": "02.01.2021 19:57",
            "open": "6.629",
            "high": "6.629",
            "low": "6.629",
            "close": "6.623"
        },
        {
            "time": "02.01.2021 19:58",
            "open": "6.623",
            "high": "6.623",
            "low": "6.62",
            "close": "6.62"
        },
        {
            "time": "02.01.2021 19:59",
            "open": "6.62",
            "high": "6.62",
            "low": "6.614",
            "close": "6.621"
        },
        {
            "time": "02.01.2021 20:01",
            "open": "6.621",
            "high": "6.621",
            "low": "6.62",
            "close": "6.63"
        },
        {
            "time": "02.01.2021 20:04",
            "open": "6.63",
            "high": "6.63",
            "low": "6.63",
            "close": "6.63"
        },
        {
            "time": "02.01.2021 20:06",
            "open": "6.63",
            "high": "6.631",
            "low": "6.578",
            "close": "6.623"
        },
        {
            "time": "02.01.2021 20:10",
            "open": "6.623",
            "high": "6.623",
            "low": "6.623",
            "close": "6.584"
        },
        {
            "time": "02.01.2021 20:20",
            "open": "6.584",
            "high": "6.584",
            "low": "6.584",
            "close": "6.584"
        },
        {
            "time": "02.01.2021 20:21",
            "open": "6.584",
            "high": "6.584",
            "low": "6.584",
            "close": "6.573"
        },
        {
            "time": "02.01.2021 20:23",
            "open": "6.573",
            "high": "6.574",
            "low": "6.571",
            "close": "6.586"
        },
        {
            "time": "02.01.2021 20:25",
            "open": "6.586",
            "high": "6.586",
            "low": "6.571",
            "close": "6.564"
        },
        {
            "time": "02.01.2021 20:35",
            "open": "6.564",
            "high": "6.564",
            "low": "6.559",
            "close": "6.568"
        },
        {
            "time": "02.01.2021 20:37",
            "open": "6.568",
            "high": "6.577",
            "low": "6.568",
            "close": "6.565"
        },
        {
            "time": "02.01.2021 20:41",
            "open": "6.565",
            "high": "6.565",
            "low": "6.565",
            "close": "6.556"
        },
        {
            "time": "02.01.2021 20:45",
            "open": "6.556",
            "high": "6.556",
            "low": "6.528",
            "close": "6.563"
        },
        {
            "time": "02.01.2021 20:46",
            "open": "6.563",
            "high": "6.579",
            "low": "6.563",
            "close": "6.578"
        },
        {
            "time": "02.01.2021 20:47",
            "open": "6.578",
            "high": "6.578",
            "low": "6.578",
            "close": "6.581"
        },
        {
            "time": "02.01.2021 20:48",
            "open": "6.581",
            "high": "6.581",
            "low": "6.581",
            "close": "6.581"
        },
        {
            "time": "02.01.2021 20:50",
            "open": "6.581",
            "high": "6.597",
            "low": "6.581",
            "close": "6.598"
        },
        {
            "time": "02.01.2021 20:51",
            "open": "6.598",
            "high": "6.598",
            "low": "6.598",
            "close": "6.598"
        },
        {
            "time": "02.01.2021 20:52",
            "open": "6.598",
            "high": "6.598",
            "low": "6.598",
            "close": "6.598"
        },
        {
            "time": "02.01.2021 20:56",
            "open": "6.598",
            "high": "6.645",
            "low": "6.598",
            "close": "6.603"
        },
        {
            "time": "02.01.2021 21:03",
            "open": "6.603",
            "high": "6.603",
            "low": "6.603",
            "close": "6.665"
        },
        {
            "time": "02.01.2021 21:04",
            "open": "6.665",
            "high": "6.665",
            "low": "6.649",
            "close": "6.649"
        },
        {
            "time": "02.01.2021 21:05",
            "open": "6.649",
            "high": "6.649",
            "low": "6.647",
            "close": "6.632"
        },
        {
            "time": "02.01.2021 21:07",
            "open": "6.632",
            "high": "6.632",
            "low": "6.631",
            "close": "6.596"
        },
        {
            "time": "02.01.2021 21:08",
            "open": "6.596",
            "high": "6.596",
            "low": "6.596",
            "close": "6.65"
        },
        {
            "time": "02.01.2021 21:09",
            "open": "6.65",
            "high": "6.65",
            "low": "6.65",
            "close": "6.631"
        },
        {
            "time": "02.01.2021 21:13",
            "open": "6.631",
            "high": "6.633",
            "low": "6.631",
            "close": "6.68"
        },
        {
            "time": "02.01.2021 21:16",
            "open": "6.68",
            "high": "6.691",
            "low": "6.68",
            "close": "6.7"
        },
        {
            "time": "02.01.2021 21:17",
            "open": "6.7",
            "high": "6.717",
            "low": "6.699",
            "close": "6.717"
        },
        {
            "time": "02.01.2021 21:18",
            "open": "6.717",
            "high": "6.717",
            "low": "6.717",
            "close": "6.719"
        },
        {
            "time": "02.01.2021 21:19",
            "open": "6.719",
            "high": "6.72",
            "low": "6.718",
            "close": "6.679"
        },
        {
            "time": "02.01.2021 21:24",
            "open": "6.679",
            "high": "6.679",
            "low": "6.668",
            "close": "6.649"
        },
        {
            "time": "02.01.2021 21:25",
            "open": "6.649",
            "high": "6.67",
            "low": "6.645",
            "close": "6.642"
        },
        {
            "time": "02.01.2021 21:26",
            "open": "6.642",
            "high": "6.643",
            "low": "6.642",
            "close": "6.617"
        },
        {
            "time": "02.01.2021 21:28",
            "open": "6.617",
            "high": "6.617",
            "low": "6.617",
            "close": "6.655"
        },
        {
            "time": "02.01.2021 21:29",
            "open": "6.655",
            "high": "6.655",
            "low": "6.58",
            "close": "6.647"
        },
        {
            "time": "02.01.2021 21:37",
            "open": "6.647",
            "high": "6.647",
            "low": "6.647",
            "close": "6.579"
        },
        {
            "time": "02.01.2021 21:38",
            "open": "6.579",
            "high": "6.579",
            "low": "6.558",
            "close": "6.56"
        },
        {
            "time": "02.01.2021 21:39",
            "open": "6.56",
            "high": "6.56",
            "low": "6.544",
            "close": "6.558"
        },
        {
            "time": "02.01.2021 21:40",
            "open": "6.558",
            "high": "6.559",
            "low": "6.53",
            "close": "6.53"
        },
        {
            "time": "02.01.2021 21:41",
            "open": "6.53",
            "high": "6.53",
            "low": "6.473",
            "close": "6.469"
        },
        {
            "time": "02.01.2021 21:42",
            "open": "6.576",
            "high": "6.576",
            "low": "6.576",
            "close": "6.475"
        },
        {
            "time": "02.01.2021 21:44",
            "open": "6.475",
            "high": "6.521",
            "low": "6.3",
            "close": "6.45"
        },
        {
            "time": "02.01.2021 21:45",
            "open": "6.45",
            "high": "6.538",
            "low": "6.441",
            "close": "6.537"
        },
        {
            "time": "02.01.2021 21:46",
            "open": "6.537",
            "high": "6.59",
            "low": "6.536",
            "close": "6.589"
        },
        {
            "time": "02.01.2021 21:47",
            "open": "6.589",
            "high": "6.642",
            "low": "6.368",
            "close": "6.539"
        },
        {
            "time": "02.01.2021 21:48",
            "open": "6.539",
            "high": "6.658",
            "low": "6.504",
            "close": "6.658"
        },
        {
            "time": "02.01.2021 21:52",
            "open": "6.658",
            "high": "6.658",
            "low": "6.658",
            "close": "6.658"
        },
        {
            "time": "02.01.2021 21:53",
            "open": "6.658",
            "high": "6.658",
            "low": "6.658",
            "close": "6.658"
        },
        {
            "time": "02.01.2021 21:55",
            "open": "6.658",
            "high": "6.658",
            "low": "6.558",
            "close": "6.556"
        },
        {
            "time": "02.01.2021 21:56",
            "open": "6.556",
            "high": "6.556",
            "low": "6.348",
            "close": "6.348"
        },
        {
            "time": "02.01.2021 21:57",
            "open": "6.348",
            "high": "6.706",
            "low": "6.301",
            "close": "6.301"
        },
        {
            "time": "02.01.2021 21:58",
            "open": "6.301",
            "high": "6.499",
            "low": "6.29",
            "close": "6.29"
        },
        {
            "time": "02.01.2021 21:59",
            "open": "6.29",
            "high": "6.29",
            "low": "6.22",
            "close": "6.22"
        },
        {
            "time": "02.01.2021 22:00",
            "open": "6.22",
            "high": "6.291",
            "low": "6.214",
            "close": "6.215"
        },
        {
            "time": "02.01.2021 22:01",
            "open": "6.215",
            "high": "6.291",
            "low": "6.215",
            "close": "6.291"
        },
        {
            "time": "02.01.2021 22:02",
            "open": "6.291",
            "high": "6.681",
            "low": "6.291",
            "close": "6.356"
        },
        {
            "time": "02.01.2021 22:03",
            "open": "6.356",
            "high": "6.713",
            "low": "6.31",
            "close": "6.594"
        },
        {
            "time": "02.01.2021 22:04",
            "open": "6.594",
            "high": "6.713",
            "low": "6.539",
            "close": "6.556"
        },
        {
            "time": "02.01.2021 22:08",
            "open": "6.556",
            "high": "6.556",
            "low": "6.532",
            "close": "6.531"
        },
        {
            "time": "02.01.2021 22:09",
            "open": "6.531",
            "high": "6.534",
            "low": "6.52",
            "close": "6.518"
        },
        {
            "time": "02.01.2021 22:10",
            "open": "6.518",
            "high": "6.518",
            "low": "6.41",
            "close": "6.41"
        },
        {
            "time": "02.01.2021 22:11",
            "open": "6.41",
            "high": "6.576",
            "low": "6.41",
            "close": "6.388"
        },
        {
            "time": "02.01.2021 22:12",
            "open": "6.388",
            "high": "6.388",
            "low": "6.388",
            "close": "6.388"
        },
        {
            "time": "02.01.2021 22:13",
            "open": "6.388",
            "high": "6.388",
            "low": "6.388",
            "close": "6.387"
        },
        {
            "time": "02.01.2021 22:15",
            "open": "6.387",
            "high": "6.387",
            "low": "6.387",
            "close": "6.388"
        },
        {
            "time": "02.01.2021 22:16",
            "open": "6.388",
            "high": "6.53",
            "low": "6.388",
            "close": "6.526"
        },
        {
            "time": "02.01.2021 22:18",
            "open": "6.526",
            "high": "6.531",
            "low": "6.526",
            "close": "6.387"
        },
        {
            "time": "02.01.2021 22:19",
            "open": "6.387",
            "high": "6.531",
            "low": "6.381",
            "close": "6.539"
        },
        {
            "time": "02.01.2021 22:21",
            "open": "6.539",
            "high": "6.557",
            "low": "6.539",
            "close": "6.548"
        },
        {
            "time": "02.01.2021 22:22",
            "open": "6.548",
            "high": "6.548",
            "low": "6.45",
            "close": "6.531"
        },
        {
            "time": "02.01.2021 22:24",
            "open": "6.531",
            "high": "6.531",
            "low": "6.531",
            "close": "6.531"
        },
        {
            "time": "02.01.2021 22:25",
            "open": "6.531",
            "high": "6.535",
            "low": "6.43",
            "close": "6.533"
        },
        {
            "time": "02.01.2021 22:26",
            "open": "6.533",
            "high": "6.535",
            "low": "6.532",
            "close": "6.535"
        },
        {
            "time": "02.01.2021 22:27",
            "open": "6.535",
            "high": "6.535",
            "low": "6.41",
            "close": "6.549"
        },
        {
            "time": "02.01.2021 22:31",
            "open": "6.549",
            "high": "6.549",
            "low": "6.549",
            "close": "6.548"
        },
        {
            "time": "02.01.2021 22:32",
            "open": "6.548",
            "high": "6.569",
            "low": "6.548",
            "close": "6.57"
        },
        {
            "time": "02.01.2021 22:34",
            "open": "6.57",
            "high": "6.57",
            "low": "6.57",
            "close": "6.484"
        },
        {
            "time": "02.01.2021 22:38",
            "open": "6.484",
            "high": "6.484",
            "low": "6.484",
            "close": "6.496"
        },
        {
            "time": "02.01.2021 22:40",
            "open": "6.496",
            "high": "6.496",
            "low": "6.496",
            "close": "6.543"
        },
        {
            "time": "02.01.2021 22:44",
            "open": "6.543",
            "high": "6.543",
            "low": "6.543",
            "close": "6.541"
        },
        {
            "time": "02.01.2021 22:45",
            "open": "6.541",
            "high": "6.541",
            "low": "6.541",
            "close": "6.581"
        },
        {
            "time": "02.01.2021 22:52",
            "open": "6.581",
            "high": "6.638",
            "low": "6.581",
            "close": "6.643"
        },
        {
            "time": "02.01.2021 22:56",
            "open": "6.643",
            "high": "6.654",
            "low": "6.643",
            "close": "6.609"
        },
        {
            "time": "02.01.2021 23:04",
            "open": "6.609",
            "high": "6.609",
            "low": "6.605",
            "close": "6.608"
        },
        {
            "time": "02.01.2021 23:05",
            "open": "6.608",
            "high": "6.61",
            "low": "6.606",
            "close": "6.653"
        },
        {
            "time": "02.01.2021 23:11",
            "open": "6.653",
            "high": "6.653",
            "low": "6.653",
            "close": "6.64"
        },
        {
            "time": "02.01.2021 23:12",
            "open": "6.64",
            "high": "6.64",
            "low": "6.581",
            "close": "6.613"
        },
        {
            "time": "02.01.2021 23:15",
            "open": "6.613",
            "high": "6.613",
            "low": "6.613",
            "close": "6.661"
        },
        {
            "time": "02.01.2021 23:18",
            "open": "6.661",
            "high": "6.661",
            "low": "6.661",
            "close": "6.609"
        },
        {
            "time": "02.01.2021 23:19",
            "open": "6.609",
            "high": "6.609",
            "low": "6.609",
            "close": "6.665"
        },
        {
            "time": "02.01.2021 23:29",
            "open": "6.665",
            "high": "6.689",
            "low": "6.665",
            "close": "6.688"
        },
        {
            "time": "02.01.2021 23:30",
            "open": "6.688",
            "high": "6.7",
            "low": "6.688",
            "close": "6.707"
        },
        {
            "time": "02.01.2021 23:31",
            "open": "6.707",
            "high": "6.716",
            "low": "6.707",
            "close": "6.719"
        },
        {
            "time": "02.01.2021 23:35",
            "open": "6.719",
            "high": "6.719",
            "low": "6.719",
            "close": "6.72"
        },
        {
            "time": "02.01.2021 23:37",
            "open": "6.72",
            "high": "6.72",
            "low": "6.72",
            "close": "6.72"
        },
        {
            "time": "02.01.2021 23:45",
            "open": "6.72",
            "high": "6.726",
            "low": "6.706",
            "close": "6.714"
        },
        {
            "time": "02.01.2021 23:49",
            "open": "6.714",
            "high": "6.726",
            "low": "6.714",
            "close": "6.693"
        },
        {
            "time": "02.01.2021 23:51",
            "open": "6.693",
            "high": "6.693",
            "low": "6.689",
            "close": "6.723"
        },
        {
            "time": "02.01.2021 23:54",
            "open": "6.723",
            "high": "6.723",
            "low": "6.723",
            "close": "6.697"
        }
    ]
}