{
    "UMA-EUR": [
        {
            "time": "01.08.2021 23:59",
            "open": "7.705",
            "high": "7.705",
            "low": "7.705",
            "close": "7.71"
        },
        {
            "time": "02.08.2021 00:00",
            "open": "7.71",
            "high": "7.722",
            "low": "7.71",
            "close": "7.703"
        },
        {
            "time": "02.08.2021 00:01",
            "open": "7.703",
            "high": "7.703",
            "low": "7.703",
            "close": "7.706"
        },
        {
            "time": "02.08.2021 00:02",
            "open": "7.706",
            "high": "7.706",
            "low": "7.706",
            "close": "7.703"
        },
        {
            "time": "02.08.2021 00:07",
            "open": "7.703",
            "high": "7.703",
            "low": "7.703",
            "close": "7.705"
        },
        {
            "time": "02.08.2021 00:08",
            "open": "7.705",
            "high": "7.705",
            "low": "7.705",
            "close": "7.704"
        },
        {
            "time": "02.08.2021 00:09",
            "open": "7.704",
            "high": "7.704",
            "low": "7.704",
            "close": "7.716"
        },
        {
            "time": "02.08.2021 00:10",
            "open": "7.716",
            "high": "7.716",
            "low": "7.716",
            "close": "7.698"
        },
        {
            "time": "02.08.2021 00:23",
            "open": "7.698",
            "high": "7.698",
            "low": "7.698",
            "close": "7.698"
        },
        {
            "time": "02.08.2021 00:24",
            "open": "7.698",
            "high": "7.698",
            "low": "7.698",
            "close": "7.706"
        },
        {
            "time": "02.08.2021 00:25",
            "open": "7.706",
            "high": "7.706",
            "low": "7.706",
            "close": "7.698"
        },
        {
            "time": "02.08.2021 00:26",
            "open": "7.698",
            "high": "7.698",
            "low": "7.698",
            "close": "7.696"
        },
        {
            "time": "02.08.2021 00:27",
            "open": "7.696",
            "high": "7.696",
            "low": "7.696",
            "close": "7.697"
        },
        {
            "time": "02.08.2021 00:28",
            "open": "7.697",
            "high": "7.697",
            "low": "7.697",
            "close": "7.696"
        },
        {
            "time": "02.08.2021 00:29",
            "open": "7.696",
            "high": "7.696",
            "low": "7.696",
            "close": "7.69"
        },
        {
            "time": "02.08.2021 00:30",
            "open": "7.69",
            "high": "7.69",
            "low": "7.685",
            "close": "7.68"
        },
        {
            "time": "02.08.2021 00:33",
            "open": "7.68",
            "high": "7.68",
            "low": "7.675",
            "close": "7.67"
        },
        {
            "time": "02.08.2021 00:34",
            "open": "7.67",
            "high": "7.67",
            "low": "7.65",
            "close": "7.65"
        },
        {
            "time": "02.08.2021 00:36",
            "open": "7.65",
            "high": "7.65",
            "low": "7.645",
            "close": "7.645"
        },
        {
            "time": "02.08.2021 00:37",
            "open": "7.645",
            "high": "7.645",
            "low": "7.641",
            "close": "7.641"
        },
        {
            "time": "02.08.2021 00:39",
            "open": "7.641",
            "high": "7.641",
            "low": "7.639",
            "close": "7.635"
        },
        {
            "time": "02.08.2021 00:41",
            "open": "7.635",
            "high": "7.635",
            "low": "7.615",
            "close": "7.61"
        },
        {
            "time": "02.08.2021 00:42",
            "open": "7.61",
            "high": "7.61",
            "low": "7.61",
            "close": "7.62"
        },
        {
            "time": "02.08.2021 00:43",
            "open": "7.62",
            "high": "7.62",
            "low": "7.62",
            "close": "7.62"
        },
        {
            "time": "02.08.2021 00:44",
            "open": "7.62",
            "high": "7.62",
            "low": "7.62",
            "close": "7.607"
        },
        {
            "time": "02.08.2021 00:45",
            "open": "7.607",
            "high": "7.607",
            "low": "7.607",
            "close": "7.605"
        },
        {
            "time": "02.08.2021 00:46",
            "open": "7.605",
            "high": "7.605",
            "low": "7.6",
            "close": "7.618"
        },
        {
            "time": "02.08.2021 00:53",
            "open": "7.618",
            "high": "7.618",
            "low": "7.618",
            "close": "7.6"
        },
        {
            "time": "02.08.2021 00:56",
            "open": "7.6",
            "high": "7.6",
            "low": "7.6",
            "close": "7.613"
        },
        {
            "time": "02.08.2021 00:58",
            "open": "7.613",
            "high": "7.613",
            "low": "7.613",
            "close": "7.63"
        },
        {
            "time": "02.08.2021 01:03",
            "open": "7.63",
            "high": "7.635",
            "low": "7.63",
            "close": "7.64"
        },
        {
            "time": "02.08.2021 01:13",
            "open": "7.64",
            "high": "7.64",
            "low": "7.64",
            "close": "7.64"
        },
        {
            "time": "02.08.2021 01:14",
            "open": "7.64",
            "high": "7.64",
            "low": "7.64",
            "close": "7.64"
        },
        {
            "time": "02.08.2021 01:18",
            "open": "7.64",
            "high": "7.64",
            "low": "7.64",
            "close": "7.61"
        },
        {
            "time": "02.08.2021 01:25",
            "open": "7.61",
            "high": "7.61",
            "low": "7.605",
            "close": "7.605"
        },
        {
            "time": "02.08.2021 01:26",
            "open": "7.605",
            "high": "7.605",
            "low": "7.558",
            "close": "7.545"
        },
        {
            "time": "02.08.2021 01:27",
            "open": "7.545",
            "high": "7.545",
            "low": "7.531",
            "close": "7.506"
        },
        {
            "time": "02.08.2021 01:29",
            "open": "7.506",
            "high": "7.506",
            "low": "7.5",
            "close": "7.466"
        },
        {
            "time": "02.08.2021 01:30",
            "open": "7.466",
            "high": "7.466",
            "low": "7.466",
            "close": "7.464"
        },
        {
            "time": "02.08.2021 01:31",
            "open": "7.464",
            "high": "7.464",
            "low": "7.459",
            "close": "7.449"
        },
        {
            "time": "02.08.2021 01:33",
            "open": "7.449",
            "high": "7.449",
            "low": "7.449",
            "close": "7.439"
        },
        {
            "time": "02.08.2021 01:34",
            "open": "7.439",
            "high": "7.439",
            "low": "7.439",
            "close": "7.442"
        },
        {
            "time": "02.08.2021 01:39",
            "open": "7.442",
            "high": "7.445",
            "low": "7.442",
            "close": "7.44"
        },
        {
            "time": "02.08.2021 01:41",
            "open": "7.44",
            "high": "7.44",
            "low": "7.439",
            "close": "7.44"
        },
        {
            "time": "02.08.2021 01:47",
            "open": "7.44",
            "high": "7.44",
            "low": "7.44",
            "close": "7.433"
        },
        {
            "time": "02.08.2021 02:00",
            "open": "7.433",
            "high": "7.433",
            "low": "7.433",
            "close": "7.441"
        },
        {
            "time": "02.08.2021 02:01",
            "open": "7.441",
            "high": "7.446",
            "low": "7.441",
            "close": "7.475"
        },
        {
            "time": "02.08.2021 02:15",
            "open": "7.475",
            "high": "7.475",
            "low": "7.475",
            "close": "7.487"
        },
        {
            "time": "02.08.2021 02:17",
            "open": "7.487",
            "high": "7.49",
            "low": "7.487",
            "close": "7.474"
        },
        {
            "time": "02.08.2021 02:26",
            "open": "7.474",
            "high": "7.474",
            "low": "7.474",
            "close": "7.508"
        },
        {
            "time": "02.08.2021 02:31",
            "open": "7.508",
            "high": "7.516",
            "low": "7.508",
            "close": "7.514"
        },
        {
            "time": "02.08.2021 02:32",
            "open": "7.514",
            "high": "7.518",
            "low": "7.514",
            "close": "7.49"
        },
        {
            "time": "02.08.2021 02:39",
            "open": "7.49",
            "high": "7.49",
            "low": "7.487",
            "close": "7.429"
        },
        {
            "time": "02.08.2021 02:51",
            "open": "7.429",
            "high": "7.429",
            "low": "7.429",
            "close": "7.412"
        },
        {
            "time": "02.08.2021 03:00",
            "open": "7.412",
            "high": "7.416",
            "low": "7.387",
            "close": "7.377"
        },
        {
            "time": "02.08.2021 03:01",
            "open": "7.377",
            "high": "7.377",
            "low": "7.377",
            "close": "7.475"
        },
        {
            "time": "02.08.2021 03:30",
            "open": "7.475",
            "high": "7.475",
            "low": "7.475",
            "close": "7.47"
        },
        {
            "time": "02.08.2021 03:36",
            "open": "7.47",
            "high": "7.47",
            "low": "7.469",
            "close": "7.485"
        },
        {
            "time": "02.08.2021 04:04",
            "open": "7.485",
            "high": "7.485",
            "low": "7.485",
            "close": "7.5"
        },
        {
            "time": "02.08.2021 04:06",
            "open": "7.5",
            "high": "7.5",
            "low": "7.5",
            "close": "7.525"
        },
        {
            "time": "02.08.2021 04:24",
            "open": "7.525",
            "high": "7.525",
            "low": "7.525",
            "close": "7.54"
        },
        {
            "time": "02.08.2021 04:28",
            "open": "7.54",
            "high": "7.544",
            "low": "7.54",
            "close": "7.518"
        },
        {
            "time": "02.08.2021 04:32",
            "open": "7.518",
            "high": "7.518",
            "low": "7.516",
            "close": "7.55"
        },
        {
            "time": "02.08.2021 04:35",
            "open": "7.55",
            "high": "7.55",
            "low": "7.55",
            "close": "7.56"
        },
        {
            "time": "02.08.2021 04:55",
            "open": "7.56",
            "high": "7.56",
            "low": "7.56",
            "close": "7.537"
        },
        {
            "time": "02.08.2021 06:16",
            "open": "7.537",
            "high": "7.537",
            "low": "7.537",
            "close": "7.493"
        },
        {
            "time": "02.08.2021 06:44",
            "open": "7.493",
            "high": "7.493",
            "low": "7.477",
            "close": "7.452"
        },
        {
            "time": "02.08.2021 07:06",
            "open": "7.452",
            "high": "7.452",
            "low": "7.435",
            "close": "7.388"
        },
        {
            "time": "02.08.2021 07:35",
            "open": "7.388",
            "high": "7.388",
            "low": "7.387",
            "close": "7.392"
        },
        {
            "time": "02.08.2021 07:38",
            "open": "7.392",
            "high": "7.392",
            "low": "7.392",
            "close": "7.402"
        },
        {
            "time": "02.08.2021 08:01",
            "open": "7.402",
            "high": "7.404",
            "low": "7.402",
            "close": "7.396"
        },
        {
            "time": "02.08.2021 08:14",
            "open": "7.396",
            "high": "7.396",
            "low": "7.396",
            "close": "7.386"
        },
        {
            "time": "02.08.2021 08:20",
            "open": "7.386",
            "high": "7.386",
            "low": "7.386",
            "close": "7.405"
        },
        {
            "time": "02.08.2021 08:37",
            "open": "7.405",
            "high": "7.405",
            "low": "7.405",
            "close": "7.405"
        },
        {
            "time": "02.08.2021 08:38",
            "open": "7.405",
            "high": "7.405",
            "low": "7.405",
            "close": "7.54"
        },
        {
            "time": "02.08.2021 08:48",
            "open": "7.54",
            "high": "7.552",
            "low": "7.54",
            "close": "7.563"
        },
        {
            "time": "02.08.2021 08:50",
            "open": "7.563",
            "high": "7.57",
            "low": "7.563",
            "close": "7.543"
        },
        {
            "time": "02.08.2021 08:51",
            "open": "7.543",
            "high": "7.543",
            "low": "7.543",
            "close": "7.546"
        },
        {
            "time": "02.08.2021 08:53",
            "open": "7.546",
            "high": "7.546",
            "low": "7.546",
            "close": "7.558"
        },
        {
            "time": "02.08.2021 08:57",
            "open": "7.558",
            "high": "7.577",
            "low": "7.54",
            "close": "7.55"
        },
        {
            "time": "02.08.2021 09:01",
            "open": "7.55",
            "high": "7.55",
            "low": "7.55",
            "close": "7.58"
        },
        {
            "time": "02.08.2021 09:08",
            "open": "7.58",
            "high": "7.61",
            "low": "7.58",
            "close": "7.594"
        },
        {
            "time": "02.08.2021 09:09",
            "open": "7.594",
            "high": "7.594",
            "low": "7.594",
            "close": "7.59"
        },
        {
            "time": "02.08.2021 09:11",
            "open": "7.59",
            "high": "7.59",
            "low": "7.59",
            "close": "7.599"
        },
        {
            "time": "02.08.2021 09:17",
            "open": "7.599",
            "high": "7.601",
            "low": "7.599",
            "close": "7.593"
        },
        {
            "time": "02.08.2021 09:31",
            "open": "7.593",
            "high": "7.593",
            "low": "7.593",
            "close": "7.575"
        },
        {
            "time": "02.08.2021 09:36",
            "open": "7.575",
            "high": "7.575",
            "low": "7.568",
            "close": "7.565"
        },
        {
            "time": "02.08.2021 09:38",
            "open": "7.565",
            "high": "7.565",
            "low": "7.565",
            "close": "7.565"
        },
        {
            "time": "02.08.2021 09:39",
            "open": "7.565",
            "high": "7.565",
            "low": "7.56",
            "close": "7.555"
        },
        {
            "time": "02.08.2021 09:44",
            "open": "7.555",
            "high": "7.555",
            "low": "7.555",
            "close": "7.556"
        },
        {
            "time": "02.08.2021 09:45",
            "open": "7.556",
            "high": "7.556",
            "low": "7.556",
            "close": "7.585"
        },
        {
            "time": "02.08.2021 10:05",
            "open": "7.585",
            "high": "7.585",
            "low": "7.585",
            "close": "7.555"
        },
        {
            "time": "02.08.2021 10:08",
            "open": "7.555",
            "high": "7.555",
            "low": "7.55",
            "close": "7.545"
        },
        {
            "time": "02.08.2021 10:09",
            "open": "7.545",
            "high": "7.545",
            "low": "7.545",
            "close": "7.54"
        },
        {
            "time": "02.08.2021 10:10",
            "open": "7.54",
            "high": "7.54",
            "low": "7.53",
            "close": "7.525"
        },
        {
            "time": "02.08.2021 10:12",
            "open": "7.525",
            "high": "7.525",
            "low": "7.525",
            "close": "7.52"
        },
        {
            "time": "02.08.2021 10:18",
            "open": "7.52",
            "high": "7.52",
            "low": "7.517",
            "close": "7.527"
        },
        {
            "time": "02.08.2021 10:19",
            "open": "7.527",
            "high": "7.527",
            "low": "7.527",
            "close": "7.515"
        },
        {
            "time": "02.08.2021 10:22",
            "open": "7.515",
            "high": "7.515",
            "low": "7.512",
            "close": "7.51"
        },
        {
            "time": "02.08.2021 10:23",
            "open": "7.51",
            "high": "7.51",
            "low": "7.51",
            "close": "7.505"
        },
        {
            "time": "02.08.2021 10:25",
            "open": "7.505",
            "high": "7.505",
            "low": "7.505",
            "close": "7.5"
        },
        {
            "time": "02.08.2021 10:27",
            "open": "7.5",
            "high": "7.5",
            "low": "7.495",
            "close": "7.49"
        },
        {
            "time": "02.08.2021 10:28",
            "open": "7.49",
            "high": "7.49",
            "low": "7.49",
            "close": "7.485"
        },
        {
            "time": "02.08.2021 10:29",
            "open": "7.485",
            "high": "7.485",
            "low": "7.485",
            "close": "7.48"
        },
        {
            "time": "02.08.2021 10:30",
            "open": "7.48",
            "high": "7.48",
            "low": "7.48",
            "close": "7.51"
        },
        {
            "time": "02.08.2021 10:32",
            "open": "7.51",
            "high": "7.51",
            "low": "7.51",
            "close": "7.497"
        },
        {
            "time": "02.08.2021 10:37",
            "open": "7.497",
            "high": "7.498",
            "low": "7.497",
            "close": "7.514"
        },
        {
            "time": "02.08.2021 10:46",
            "open": "7.514",
            "high": "7.514",
            "low": "7.514",
            "close": "7.489"
        },
        {
            "time": "02.08.2021 10:55",
            "open": "7.489",
            "high": "7.499",
            "low": "7.465",
            "close": "7.473"
        },
        {
            "time": "02.08.2021 10:56",
            "open": "7.473",
            "high": "7.473",
            "low": "7.455",
            "close": "7.45"
        },
        {
            "time": "02.08.2021 10:57",
            "open": "7.45",
            "high": "7.45",
            "low": "7.445",
            "close": "7.457"
        },
        {
            "time": "02.08.2021 10:59",
            "open": "7.457",
            "high": "7.457",
            "low": "7.44",
            "close": "7.435"
        },
        {
            "time": "02.08.2021 11:02",
            "open": "7.435",
            "high": "7.435",
            "low": "7.425",
            "close": "7.42"
        },
        {
            "time": "02.08.2021 11:05",
            "open": "7.42",
            "high": "7.421",
            "low": "7.405",
            "close": "7.4"
        },
        {
            "time": "02.08.2021 11:09",
            "open": "7.4",
            "high": "7.4",
            "low": "7.4",
            "close": "7.398"
        },
        {
            "time": "02.08.2021 11:10",
            "open": "7.398",
            "high": "7.398",
            "low": "7.398",
            "close": "7.43"
        },
        {
            "time": "02.08.2021 11:16",
            "open": "7.43",
            "high": "7.435",
            "low": "7.43",
            "close": "7.44"
        },
        {
            "time": "02.08.2021 11:17",
            "open": "7.44",
            "high": "7.449",
            "low": "7.44",
            "close": "7.415"
        },
        {
            "time": "02.08.2021 11:25",
            "open": "7.415",
            "high": "7.415",
            "low": "7.415",
            "close": "7.41"
        },
        {
            "time": "02.08.2021 11:26",
            "open": "7.41",
            "high": "7.41",
            "low": "7.41",
            "close": "7.42"
        },
        {
            "time": "02.08.2021 11:30",
            "open": "7.42",
            "high": "7.42",
            "low": "7.42",
            "close": "7.405"
        },
        {
            "time": "02.08.2021 11:34",
            "open": "7.405",
            "high": "7.405",
            "low": "7.405",
            "close": "7.405"
        },
        {
            "time": "02.08.2021 11:35",
            "open": "7.405",
            "high": "7.405",
            "low": "7.395",
            "close": "7.403"
        },
        {
            "time": "02.08.2021 11:44",
            "open": "7.403",
            "high": "7.403",
            "low": "7.402",
            "close": "7.395"
        },
        {
            "time": "02.08.2021 11:46",
            "open": "7.395",
            "high": "7.395",
            "low": "7.395",
            "close": "7.425"
        },
        {
            "time": "02.08.2021 11:53",
            "open": "7.425",
            "high": "7.44",
            "low": "7.425",
            "close": "7.435"
        },
        {
            "time": "02.08.2021 11:54",
            "open": "7.435",
            "high": "7.435",
            "low": "7.435",
            "close": "7.417"
        },
        {
            "time": "02.08.2021 12:27",
            "open": "7.417",
            "high": "7.417",
            "low": "7.413",
            "close": "7.445"
        },
        {
            "time": "02.08.2021 12:32",
            "open": "7.445",
            "high": "7.445",
            "low": "7.445",
            "close": "7.432"
        },
        {
            "time": "02.08.2021 12:37",
            "open": "7.432",
            "high": "7.432",
            "low": "7.432",
            "close": "7.416"
        },
        {
            "time": "02.08.2021 13:08",
            "open": "7.416",
            "high": "7.416",
            "low": "7.416",
            "close": "7.421"
        },
        {
            "time": "02.08.2021 13:09",
            "open": "7.424",
            "high": "7.424",
            "low": "7.424",
            "close": "7.436"
        },
        {
            "time": "02.08.2021 13:23",
            "open": "7.436",
            "high": "7.436",
            "low": "7.436",
            "close": "7.442"
        },
        {
            "time": "02.08.2021 13:29",
            "open": "7.442",
            "high": "7.442",
            "low": "7.442",
            "close": "7.439"
        },
        {
            "time": "02.08.2021 13:52",
            "open": "7.439",
            "high": "7.439",
            "low": "7.439",
            "close": "7.447"
        },
        {
            "time": "02.08.2021 13:57",
            "open": "7.447",
            "high": "7.447",
            "low": "7.447",
            "close": "7.447"
        },
        {
            "time": "02.08.2021 13:58",
            "open": "7.447",
            "high": "7.447",
            "low": "7.447",
            "close": "7.45"
        },
        {
            "time": "02.08.2021 13:59",
            "open": "7.45",
            "high": "7.45",
            "low": "7.45",
            "close": "7.455"
        },
        {
            "time": "02.08.2021 14:00",
            "open": "7.455",
            "high": "7.455",
            "low": "7.455",
            "close": "7.46"
        },
        {
            "time": "02.08.2021 14:02",
            "open": "7.46",
            "high": "7.46",
            "low": "7.46",
            "close": "7.465"
        },
        {
            "time": "02.08.2021 14:03",
            "open": "7.465",
            "high": "7.475",
            "low": "7.465",
            "close": "7.48"
        },
        {
            "time": "02.08.2021 14:04",
            "open": "7.48",
            "high": "7.5",
            "low": "7.48",
            "close": "7.505"
        },
        {
            "time": "02.08.2021 14:06",
            "open": "7.505",
            "high": "7.505",
            "low": "7.505",
            "close": "7.481"
        },
        {
            "time": "02.08.2021 14:09",
            "open": "7.481",
            "high": "7.481",
            "low": "7.481",
            "close": "7.475"
        },
        {
            "time": "02.08.2021 14:10",
            "open": "7.475",
            "high": "7.475",
            "low": "7.475",
            "close": "7.475"
        },
        {
            "time": "02.08.2021 14:11",
            "open": "7.475",
            "high": "7.475",
            "low": "7.46",
            "close": "7.46"
        },
        {
            "time": "02.08.2021 14:12",
            "open": "7.46",
            "high": "7.46",
            "low": "7.425",
            "close": "7.42"
        },
        {
            "time": "02.08.2021 14:13",
            "open": "7.42",
            "high": "7.42",
            "low": "7.38",
            "close": "7.375"
        },
        {
            "time": "02.08.2021 14:15",
            "open": "7.375",
            "high": "7.375",
            "low": "7.359",
            "close": "7.39"
        },
        {
            "time": "02.08.2021 14:16",
            "open": "7.39",
            "high": "7.4",
            "low": "7.39",
            "close": "7.405"
        },
        {
            "time": "02.08.2021 14:17",
            "open": "7.405",
            "high": "7.413",
            "low": "7.405",
            "close": "7.4"
        },
        {
            "time": "02.08.2021 14:23",
            "open": "7.4",
            "high": "7.4",
            "low": "7.4",
            "close": "7.38"
        },
        {
            "time": "02.08.2021 14:30",
            "open": "7.38",
            "high": "7.38",
            "low": "7.38",
            "close": "7.38"
        },
        {
            "time": "02.08.2021 14:31",
            "open": "7.38",
            "high": "7.38",
            "low": "7.375",
            "close": "7.37"
        },
        {
            "time": "02.08.2021 14:32",
            "open": "7.37",
            "high": "7.37",
            "low": "7.35",
            "close": "7.385"
        },
        {
            "time": "02.08.2021 14:36",
            "open": "7.385",
            "high": "7.39",
            "low": "7.385",
            "close": "7.372"
        },
        {
            "time": "02.08.2021 14:41",
            "open": "7.372",
            "high": "7.372",
            "low": "7.372",
            "close": "7.395"
        },
        {
            "time": "02.08.2021 14:58",
            "open": "7.395",
            "high": "7.4",
            "low": "7.395",
            "close": "7.379"
        },
        {
            "time": "02.08.2021 15:07",
            "open": "7.379",
            "high": "7.379",
            "low": "7.379",
            "close": "7.4"
        },
        {
            "time": "02.08.2021 15:30",
            "open": "7.4",
            "high": "7.4",
            "low": "7.4",
            "close": "7.4"
        },
        {
            "time": "02.08.2021 15:32",
            "open": "7.4",
            "high": "7.41",
            "low": "7.4",
            "close": "7.395"
        },
        {
            "time": "02.08.2021 15:35",
            "open": "7.395",
            "high": "7.395",
            "low": "7.395",
            "close": "7.415"
        },
        {
            "time": "02.08.2021 15:36",
            "open": "7.415",
            "high": "7.42",
            "low": "7.415",
            "close": "7.425"
        },
        {
            "time": "02.08.2021 15:37",
            "open": "7.425",
            "high": "7.425",
            "low": "7.425",
            "close": "7.413"
        },
        {
            "time": "02.08.2021 15:38",
            "open": "7.413",
            "high": "7.413",
            "low": "7.413",
            "close": "7.43"
        },
        {
            "time": "02.08.2021 15:40",
            "open": "7.43",
            "high": "7.43",
            "low": "7.43",
            "close": "7.435"
        },
        {
            "time": "02.08.2021 15:41",
            "open": "7.435",
            "high": "7.445",
            "low": "7.435",
            "close": "7.44"
        },
        {
            "time": "02.08.2021 15:42",
            "open": "7.44",
            "high": "7.44",
            "low": "7.44",
            "close": "7.45"
        },
        {
            "time": "02.08.2021 15:46",
            "open": "7.45",
            "high": "7.45",
            "low": "7.45",
            "close": "7.455"
        },
        {
            "time": "02.08.2021 15:55",
            "open": "7.455",
            "high": "7.465",
            "low": "7.455",
            "close": "7.47"
        },
        {
            "time": "02.08.2021 15:56",
            "open": "7.47",
            "high": "7.475",
            "low": "7.47",
            "close": "7.48"
        },
        {
            "time": "02.08.2021 15:57",
            "open": "7.48",
            "high": "7.495",
            "low": "7.48",
            "close": "7.5"
        },
        {
            "time": "02.08.2021 15:58",
            "open": "7.5",
            "high": "7.505",
            "low": "7.5",
            "close": "7.51"
        },
        {
            "time": "02.08.2021 16:01",
            "open": "7.51",
            "high": "7.51",
            "low": "7.51",
            "close": "7.515"
        },
        {
            "time": "02.08.2021 16:02",
            "open": "7.515",
            "high": "7.52",
            "low": "7.515",
            "close": "7.511"
        },
        {
            "time": "02.08.2021 16:04",
            "open": "7.511",
            "high": "7.511",
            "low": "7.511",
            "close": "7.525"
        },
        {
            "time": "02.08.2021 16:07",
            "open": "7.525",
            "high": "7.525",
            "low": "7.525",
            "close": "7.53"
        },
        {
            "time": "02.08.2021 16:14",
            "open": "7.53",
            "high": "7.535",
            "low": "7.53",
            "close": "7.538"
        },
        {
            "time": "02.08.2021 16:16",
            "open": "7.538",
            "high": "7.538",
            "low": "7.538",
            "close": "7.538"
        },
        {
            "time": "02.08.2021 16:17",
            "open": "7.538",
            "high": "7.545",
            "low": "7.538",
            "close": "7.55"
        },
        {
            "time": "02.08.2021 16:18",
            "open": "7.55",
            "high": "7.6",
            "low": "7.55",
            "close": "7.595"
        },
        {
            "time": "02.08.2021 16:19",
            "open": "7.595",
            "high": "7.605",
            "low": "7.595",
            "close": "7.575"
        },
        {
            "time": "02.08.2021 16:21",
            "open": "7.575",
            "high": "7.575",
            "low": "7.502",
            "close": "7.5"
        },
        {
            "time": "02.08.2021 16:22",
            "open": "7.5",
            "high": "7.5",
            "low": "7.468",
            "close": "7.491"
        },
        {
            "time": "02.08.2021 16:23",
            "open": "7.491",
            "high": "7.555",
            "low": "7.491",
            "close": "7.505"
        },
        {
            "time": "02.08.2021 16:24",
            "open": "7.505",
            "high": "7.505",
            "low": "7.485",
            "close": "7.485"
        },
        {
            "time": "02.08.2021 16:25",
            "open": "7.485",
            "high": "7.485",
            "low": "7.48",
            "close": "7.492"
        },
        {
            "time": "02.08.2021 16:26",
            "open": "7.492",
            "high": "7.492",
            "low": "7.492",
            "close": "7.48"
        },
        {
            "time": "02.08.2021 16:29",
            "open": "7.48",
            "high": "7.48",
            "low": "7.475",
            "close": "7.475"
        },
        {
            "time": "02.08.2021 16:39",
            "open": "7.475",
            "high": "7.475",
            "low": "7.47",
            "close": "7.47"
        },
        {
            "time": "02.08.2021 16:46",
            "open": "7.47",
            "high": "7.47",
            "low": "7.45",
            "close": "7.463"
        },
        {
            "time": "02.08.2021 16:50",
            "open": "7.463",
            "high": "7.464",
            "low": "7.463",
            "close": "7.45"
        },
        {
            "time": "02.08.2021 16:57",
            "open": "7.45",
            "high": "7.45",
            "low": "7.45",
            "close": "7.464"
        },
        {
            "time": "02.08.2021 17:02",
            "open": "7.464",
            "high": "7.476",
            "low": "7.464",
            "close": "7.478"
        },
        {
            "time": "02.08.2021 17:08",
            "open": "7.478",
            "high": "7.478",
            "low": "7.478",
            "close": "7.48"
        },
        {
            "time": "02.08.2021 17:09",
            "open": "7.48",
            "high": "7.485",
            "low": "7.48",
            "close": "7.486"
        },
        {
            "time": "02.08.2021 17:10",
            "open": "7.486",
            "high": "7.49",
            "low": "7.435",
            "close": "7.435"
        },
        {
            "time": "02.08.2021 17:11",
            "open": "7.435",
            "high": "7.435",
            "low": "7.42",
            "close": "7.445"
        },
        {
            "time": "02.08.2021 17:13",
            "open": "7.445",
            "high": "7.455",
            "low": "7.445",
            "close": "7.451"
        },
        {
            "time": "02.08.2021 17:14",
            "open": "7.451",
            "high": "7.46",
            "low": "7.42",
            "close": "7.421"
        },
        {
            "time": "02.08.2021 17:15",
            "open": "7.421",
            "high": "7.423",
            "low": "7.41",
            "close": "7.41"
        },
        {
            "time": "02.08.2021 17:17",
            "open": "7.41",
            "high": "7.41",
            "low": "7.405",
            "close": "7.41"
        },
        {
            "time": "02.08.2021 17:18",
            "open": "7.41",
            "high": "7.414",
            "low": "7.41",
            "close": "7.423"
        },
        {
            "time": "02.08.2021 17:27",
            "open": "7.423",
            "high": "7.423",
            "low": "7.423",
            "close": "7.44"
        },
        {
            "time": "02.08.2021 17:34",
            "open": "7.44",
            "high": "7.44",
            "low": "7.44",
            "close": "7.438"
        },
        {
            "time": "02.08.2021 17:36",
            "open": "7.438",
            "high": "7.438",
            "low": "7.438",
            "close": "7.431"
        },
        {
            "time": "02.08.2021 17:51",
            "open": "7.431",
            "high": "7.431",
            "low": "7.431",
            "close": "7.41"
        },
        {
            "time": "02.08.2021 18:01",
            "open": "7.41",
            "high": "7.41",
            "low": "7.41",
            "close": "7.405"
        },
        {
            "time": "02.08.2021 18:02",
            "open": "7.405",
            "high": "7.405",
            "low": "7.395",
            "close": "7.395"
        },
        {
            "time": "02.08.2021 18:03",
            "open": "7.395",
            "high": "7.395",
            "low": "7.395",
            "close": "7.401"
        },
        {
            "time": "02.08.2021 18:10",
            "open": "7.401",
            "high": "7.401",
            "low": "7.401",
            "close": "7.405"
        },
        {
            "time": "02.08.2021 18:13",
            "open": "7.405",
            "high": "7.405",
            "low": "7.405",
            "close": "7.425"
        },
        {
            "time": "02.08.2021 18:18",
            "open": "7.425",
            "high": "7.435",
            "low": "7.425",
            "close": "7.44"
        },
        {
            "time": "02.08.2021 18:19",
            "open": "7.44",
            "high": "7.445",
            "low": "7.44",
            "close": "7.45"
        },
        {
            "time": "02.08.2021 18:21",
            "open": "7.45",
            "high": "7.45",
            "low": "7.45",
            "close": "7.455"
        },
        {
            "time": "02.08.2021 18:22",
            "open": "7.455",
            "high": "7.465",
            "low": "7.455",
            "close": "7.47"
        },
        {
            "time": "02.08.2021 18:23",
            "open": "7.47",
            "high": "7.47",
            "low": "7.47",
            "close": "7.469"
        },
        {
            "time": "02.08.2021 18:25",
            "open": "7.469",
            "high": "7.469",
            "low": "7.469",
            "close": "7.475"
        },
        {
            "time": "02.08.2021 18:26",
            "open": "7.475",
            "high": "7.48",
            "low": "7.475",
            "close": "7.485"
        },
        {
            "time": "02.08.2021 18:27",
            "open": "7.485",
            "high": "7.495",
            "low": "7.485",
            "close": "7.5"
        },
        {
            "time": "02.08.2021 18:28",
            "open": "7.5",
            "high": "7.5",
            "low": "7.5",
            "close": "7.505"
        },
        {
            "time": "02.08.2021 18:30",
            "open": "7.505",
            "high": "7.505",
            "low": "7.505",
            "close": "7.497"
        },
        {
            "time": "02.08.2021 18:32",
            "open": "7.497",
            "high": "7.497",
            "low": "7.497",
            "close": "7.494"
        },
        {
            "time": "02.08.2021 18:35",
            "open": "7.494",
            "high": "7.494",
            "low": "7.494",
            "close": "7.481"
        },
        {
            "time": "02.08.2021 18:36",
            "open": "7.481",
            "high": "7.481",
            "low": "7.475",
            "close": "7.475"
        },
        {
            "time": "02.08.2021 18:37",
            "open": "7.475",
            "high": "7.475",
            "low": "7.46",
            "close": "7.489"
        },
        {
            "time": "02.08.2021 18:39",
            "open": "7.489",
            "high": "7.49",
            "low": "7.489",
            "close": "7.495"
        },
        {
            "time": "02.08.2021 18:42",
            "open": "7.495",
            "high": "7.495",
            "low": "7.495",
            "close": "7.488"
        },
        {
            "time": "02.08.2021 18:46",
            "open": "7.488",
            "high": "7.488",
            "low": "7.488",
            "close": "7.46"
        },
        {
            "time": "02.08.2021 19:11",
            "open": "7.46",
            "high": "7.46",
            "low": "7.46",
            "close": "7.46"
        },
        {
            "time": "02.08.2021 19:13",
            "open": "7.46",
            "high": "7.46",
            "low": "7.455",
            "close": "7.45"
        },
        {
            "time": "02.08.2021 19:14",
            "open": "7.45",
            "high": "7.45",
            "low": "7.45",
            "close": "7.452"
        },
        {
            "time": "02.08.2021 19:19",
            "open": "7.452",
            "high": "7.452",
            "low": "7.451",
            "close": "7.468"
        },
        {
            "time": "02.08.2021 19:28",
            "open": "7.468",
            "high": "7.468",
            "low": "7.468",
            "close": "7.462"
        },
        {
            "time": "02.08.2021 19:48",
            "open": "7.462",
            "high": "7.462",
            "low": "7.462",
            "close": "7.445"
        },
        {
            "time": "02.08.2021 20:12",
            "open": "7.445",
            "high": "7.445",
            "low": "7.445",
            "close": "7.44"
        },
        {
            "time": "02.08.2021 20:13",
            "open": "7.44",
            "high": "7.44",
            "low": "7.435",
            "close": "7.43"
        },
        {
            "time": "02.08.2021 20:15",
            "open": "7.43",
            "high": "7.43",
            "low": "7.43",
            "close": "7.434"
        },
        {
            "time": "02.08.2021 20:16",
            "open": "7.434",
            "high": "7.434",
            "low": "7.434",
            "close": "7.425"
        },
        {
            "time": "02.08.2021 20:19",
            "open": "7.425",
            "high": "7.425",
            "low": "7.42",
            "close": "7.42"
        },
        {
            "time": "02.08.2021 20:20",
            "open": "7.42",
            "high": "7.423",
            "low": "7.395",
            "close": "7.395"
        },
        {
            "time": "02.08.2021 20:21",
            "open": "7.395",
            "high": "7.395",
            "low": "7.375",
            "close": "7.382"
        },
        {
            "time": "02.08.2021 20:22",
            "open": "7.382",
            "high": "7.393",
            "low": "7.382",
            "close": "7.41"
        },
        {
            "time": "02.08.2021 20:32",
            "open": "7.41",
            "high": "7.42",
            "low": "7.41",
            "close": "7.425"
        },
        {
            "time": "02.08.2021 20:34",
            "open": "7.425",
            "high": "7.425",
            "low": "7.425",
            "close": "7.424"
        },
        {
            "time": "02.08.2021 20:35",
            "open": "7.424",
            "high": "7.424",
            "low": "7.424",
            "close": "7.424"
        },
        {
            "time": "02.08.2021 20:37",
            "open": "7.424",
            "high": "7.424",
            "low": "7.424",
            "close": "7.408"
        },
        {
            "time": "02.08.2021 20:42",
            "open": "7.408",
            "high": "7.408",
            "low": "7.408",
            "close": "7.43"
        },
        {
            "time": "02.08.2021 20:54",
            "open": "7.43",
            "high": "7.43",
            "low": "7.43",
            "close": "7.435"
        },
        {
            "time": "02.08.2021 20:56",
            "open": "7.435",
            "high": "7.435",
            "low": "7.435",
            "close": "7.44"
        },
        {
            "time": "02.08.2021 21:01",
            "open": "7.44",
            "high": "7.44",
            "low": "7.44",
            "close": "7.445"
        },
        {
            "time": "02.08.2021 21:02",
            "open": "7.445",
            "high": "7.445",
            "low": "7.445",
            "close": "7.45"
        },
        {
            "time": "02.08.2021 21:05",
            "open": "7.45",
            "high": "7.455",
            "low": "7.45",
            "close": "7.453"
        },
        {
            "time": "02.08.2021 21:09",
            "open": "7.453",
            "high": "7.453",
            "low": "7.452",
            "close": "7.425"
        },
        {
            "time": "02.08.2021 21:18",
            "open": "7.425",
            "high": "7.425",
            "low": "7.42",
            "close": "7.42"
        },
        {
            "time": "02.08.2021 21:20",
            "open": "7.395",
            "high": "7.395",
            "low": "7.395",
            "close": "7.395"
        },
        {
            "time": "02.08.2021 21:22",
            "open": "7.395",
            "high": "7.395",
            "low": "7.39",
            "close": "7.39"
        },
        {
            "time": "02.08.2021 21:24",
            "open": "7.39",
            "high": "7.39",
            "low": "7.385",
            "close": "7.385"
        },
        {
            "time": "02.08.2021 21:25",
            "open": "7.385",
            "high": "7.385",
            "low": "7.38",
            "close": "7.38"
        },
        {
            "time": "02.08.2021 21:34",
            "open": "7.38",
            "high": "7.38",
            "low": "7.38",
            "close": "7.375"
        },
        {
            "time": "02.08.2021 21:35",
            "open": "7.375",
            "high": "7.375",
            "low": "7.375",
            "close": "7.37"
        },
        {
            "time": "02.08.2021 21:36",
            "open": "7.37",
            "high": "7.37",
            "low": "7.365",
            "close": "7.36"
        },
        {
            "time": "02.08.2021 21:37",
            "open": "7.36",
            "high": "7.36",
            "low": "7.355",
            "close": "7.355"
        },
        {
            "time": "02.08.2021 21:38",
            "open": "7.355",
            "high": "7.355",
            "low": "7.35",
            "close": "7.35"
        },
        {
            "time": "02.08.2021 21:41",
            "open": "7.35",
            "high": "7.35",
            "low": "7.345",
            "close": "7.345"
        },
        {
            "time": "02.08.2021 21:44",
            "open": "7.345",
            "high": "7.345",
            "low": "7.33",
            "close": "7.33"
        },
        {
            "time": "02.08.2021 21:46",
            "open": "7.33",
            "high": "7.33",
            "low": "7.328",
            "close": "7.328"
        },
        {
            "time": "02.08.2021 21:48",
            "open": "7.328",
            "high": "7.328",
            "low": "7.32",
            "close": "7.32"
        },
        {
            "time": "02.08.2021 21:49",
            "open": "7.32",
            "high": "7.32",
            "low": "7.315",
            "close": "7.315"
        },
        {
            "time": "02.08.2021 21:52",
            "open": "7.315",
            "high": "7.315",
            "low": "7.305",
            "close": "7.3"
        },
        {
            "time": "02.08.2021 21:53",
            "open": "7.3",
            "high": "7.3",
            "low": "7.27",
            "close": "7.274"
        },
        {
            "time": "02.08.2021 22:00",
            "open": "7.274",
            "high": "7.295",
            "low": "7.274",
            "close": "7.299"
        },
        {
            "time": "02.08.2021 22:01",
            "open": "7.299",
            "high": "7.299",
            "low": "7.278",
            "close": "7.287"
        },
        {
            "time": "02.08.2021 22:04",
            "open": "7.287",
            "high": "7.287",
            "low": "7.287",
            "close": "7.265"
        },
        {
            "time": "02.08.2021 22:05",
            "open": "7.265",
            "high": "7.265",
            "low": "7.265",
            "close": "7.265"
        },
        {
            "time": "02.08.2021 22:06",
            "open": "7.265",
            "high": "7.265",
            "low": "7.225",
            "close": "7.235"
        },
        {
            "time": "02.08.2021 22:10",
            "open": "7.235",
            "high": "7.236",
            "low": "7.235",
            "close": "7.225"
        },
        {
            "time": "02.08.2021 22:15",
            "open": "7.225",
            "high": "7.225",
            "low": "7.22",
            "close": "7.22"
        },
        {
            "time": "02.08.2021 22:18",
            "open": "7.22",
            "high": "7.224",
            "low": "7.22",
            "close": "7.215"
        },
        {
            "time": "02.08.2021 22:19",
            "open": "7.215",
            "high": "7.215",
            "low": "7.215",
            "close": "7.215"
        },
        {
            "time": "02.08.2021 22:20",
            "open": "7.215",
            "high": "7.215",
            "low": "7.215",
            "close": "7.232"
        },
        {
            "time": "02.08.2021 22:22",
            "open": "7.232",
            "high": "7.242",
            "low": "7.232",
            "close": "7.245"
        },
        {
            "time": "02.08.2021 22:24",
            "open": "7.245",
            "high": "7.27",
            "low": "7.245",
            "close": "7.275"
        },
        {
            "time": "02.08.2021 22:26",
            "open": "7.275",
            "high": "7.28",
            "low": "7.275",
            "close": "7.25"
        },
        {
            "time": "02.08.2021 22:31",
            "open": "7.25",
            "high": "7.25",
            "low": "7.25",
            "close": "7.25"
        },
        {
            "time": "02.08.2021 22:33",
            "open": "7.25",
            "high": "7.25",
            "low": "7.245",
            "close": "7.245"
        },
        {
            "time": "02.08.2021 22:34",
            "open": "7.245",
            "high": "7.245",
            "low": "7.24",
            "close": "7.24"
        },
        {
            "time": "02.08.2021 22:36",
            "open": "7.24",
            "high": "7.24",
            "low": "7.235",
            "close": "7.235"
        },
        {
            "time": "02.08.2021 22:44",
            "open": "7.235",
            "high": "7.235",
            "low": "7.23",
            "close": "7.231"
        },
        {
            "time": "02.08.2021 22:50",
            "open": "7.231",
            "high": "7.231",
            "low": "7.225",
            "close": "7.24"
        },
        {
            "time": "02.08.2021 22:56",
            "open": "7.24",
            "high": "7.24",
            "low": "7.24",
            "close": "7.255"
        },
        {
            "time": "02.08.2021 23:05",
            "open": "7.255",
            "high": "7.267",
            "low": "7.255",
            "close": "7.265"
        },
        {
            "time": "02.08.2021 23:11",
            "open": "7.265",
            "high": "7.265",
            "low": "7.265",
            "close": "7.256"
        },
        {
            "time": "02.08.2021 23:12",
            "open": "7.256",
            "high": "7.256",
            "low": "7.256",
            "close": "7.247"
        },
        {
            "time": "02.08.2021 23:15",
            "open": "7.247",
            "high": "7.262",
            "low": "7.247",
            "close": "7.27"
        },
        {
            "time": "02.08.2021 23:37",
            "open": "7.27",
            "high": "7.27",
            "low": "7.27",
            "close": "7.275"
        },
        {
            "time": "02.08.2021 23:38",
            "open": "7.275",
            "high": "7.275",
            "low": "7.275",
            "close": "7.28"
        },
        {
            "time": "02.08.2021 23:39",
            "open": "7.28",
            "high": "7.285",
            "low": "7.28",
            "close": "7.29"
        },
        {
            "time": "02.08.2021 23:40",
            "open": "7.29",
            "high": "7.29",
            "low": "7.29",
            "close": "7.295"
        },
        {
            "time": "02.08.2021 23:41",
            "open": "7.295",
            "high": "7.303",
            "low": "7.295",
            "close": "7.302"
        },
        {
            "time": "02.08.2021 23:42",
            "open": "7.302",
            "high": "7.305",
            "low": "7.302",
            "close": "7.31"
        },
        {
            "time": "02.08.2021 23:43",
            "open": "7.31",
            "high": "7.317",
            "low": "7.31",
            "close": "7.317"
        },
        {
            "time": "02.08.2021 23:44",
            "open": "7.317",
            "high": "7.317",
            "low": "7.317",
            "close": "7.317"
        }
    ]
}