{
    "UMA-EUR": [
        {
            "time": "03.07.2021 23:57",
            "open": "7.843",
            "high": "7.843",
            "low": "7.843",
            "close": "7.843"
        },
        {
            "time": "04.07.2021 00:00",
            "open": "7.843",
            "high": "7.843",
            "low": "7.84",
            "close": "7.784"
        },
        {
            "time": "04.07.2021 00:06",
            "open": "7.784",
            "high": "7.784",
            "low": "7.784",
            "close": "7.781"
        },
        {
            "time": "04.07.2021 00:14",
            "open": "7.781",
            "high": "7.781",
            "low": "7.781",
            "close": "7.762"
        },
        {
            "time": "04.07.2021 00:19",
            "open": "7.762",
            "high": "7.776",
            "low": "7.762",
            "close": "7.762"
        },
        {
            "time": "04.07.2021 00:24",
            "open": "7.762",
            "high": "7.762",
            "low": "7.758",
            "close": "7.73"
        },
        {
            "time": "04.07.2021 00:28",
            "open": "7.73",
            "high": "7.73",
            "low": "7.724",
            "close": "7.716"
        },
        {
            "time": "04.07.2021 00:33",
            "open": "7.716",
            "high": "7.716",
            "low": "7.716",
            "close": "7.702"
        },
        {
            "time": "04.07.2021 00:35",
            "open": "7.702",
            "high": "7.702",
            "low": "7.702",
            "close": "7.723"
        },
        {
            "time": "04.07.2021 00:38",
            "open": "7.723",
            "high": "7.723",
            "low": "7.723",
            "close": "7.731"
        },
        {
            "time": "04.07.2021 00:49",
            "open": "7.731",
            "high": "7.744",
            "low": "7.731",
            "close": "7.733"
        },
        {
            "time": "04.07.2021 00:50",
            "open": "7.733",
            "high": "7.733",
            "low": "7.733",
            "close": "7.757"
        },
        {
            "time": "04.07.2021 00:57",
            "open": "7.757",
            "high": "7.757",
            "low": "7.757",
            "close": "7.82"
        },
        {
            "time": "04.07.2021 01:12",
            "open": "7.82",
            "high": "7.82",
            "low": "7.82",
            "close": "7.837"
        },
        {
            "time": "04.07.2021 01:13",
            "open": "7.837",
            "high": "7.837",
            "low": "7.837",
            "close": "7.837"
        },
        {
            "time": "04.07.2021 01:14",
            "open": "7.837",
            "high": "7.84",
            "low": "7.837",
            "close": "7.84"
        },
        {
            "time": "04.07.2021 01:15",
            "open": "7.84",
            "high": "7.84",
            "low": "7.84",
            "close": "7.86"
        },
        {
            "time": "04.07.2021 01:16",
            "open": "7.86",
            "high": "7.86",
            "low": "7.86",
            "close": "7.844"
        },
        {
            "time": "04.07.2021 01:29",
            "open": "7.844",
            "high": "7.844",
            "low": "7.844",
            "close": "7.846"
        },
        {
            "time": "04.07.2021 01:31",
            "open": "7.846",
            "high": "7.846",
            "low": "7.846",
            "close": "7.847"
        },
        {
            "time": "04.07.2021 01:32",
            "open": "7.847",
            "high": "7.847",
            "low": "7.847",
            "close": "7.859"
        },
        {
            "time": "04.07.2021 01:33",
            "open": "7.859",
            "high": "7.859",
            "low": "7.859",
            "close": "7.874"
        },
        {
            "time": "04.07.2021 01:37",
            "open": "7.874",
            "high": "7.874",
            "low": "7.874",
            "close": "7.88"
        },
        {
            "time": "04.07.2021 01:39",
            "open": "7.88",
            "high": "7.88",
            "low": "7.88",
            "close": "7.9"
        },
        {
            "time": "04.07.2021 01:48",
            "open": "7.9",
            "high": "7.9",
            "low": "7.9",
            "close": "7.895"
        },
        {
            "time": "04.07.2021 01:49",
            "open": "7.895",
            "high": "7.895",
            "low": "7.895",
            "close": "7.912"
        },
        {
            "time": "04.07.2021 01:52",
            "open": "7.912",
            "high": "7.912",
            "low": "7.912",
            "close": "7.912"
        },
        {
            "time": "04.07.2021 01:55",
            "open": "7.912",
            "high": "7.912",
            "low": "7.912",
            "close": "7.92"
        },
        {
            "time": "04.07.2021 02:02",
            "open": "7.92",
            "high": "7.92",
            "low": "7.92",
            "close": "7.907"
        },
        {
            "time": "04.07.2021 02:04",
            "open": "7.907",
            "high": "7.907",
            "low": "7.907",
            "close": "7.897"
        },
        {
            "time": "04.07.2021 02:06",
            "open": "7.897",
            "high": "7.897",
            "low": "7.897",
            "close": "7.886"
        },
        {
            "time": "04.07.2021 02:10",
            "open": "7.886",
            "high": "7.886",
            "low": "7.857",
            "close": "7.896"
        },
        {
            "time": "04.07.2021 02:18",
            "open": "7.896",
            "high": "7.896",
            "low": "7.896",
            "close": "7.917"
        },
        {
            "time": "04.07.2021 02:19",
            "open": "7.917",
            "high": "7.917",
            "low": "7.917",
            "close": "7.897"
        },
        {
            "time": "04.07.2021 02:32",
            "open": "7.897",
            "high": "7.897",
            "low": "7.897",
            "close": "7.917"
        },
        {
            "time": "04.07.2021 02:45",
            "open": "7.917",
            "high": "7.917",
            "low": "7.917",
            "close": "7.873"
        },
        {
            "time": "04.07.2021 03:05",
            "open": "7.873",
            "high": "7.876",
            "low": "7.873",
            "close": "7.865"
        },
        {
            "time": "04.07.2021 03:06",
            "open": "7.865",
            "high": "7.865",
            "low": "7.865",
            "close": "7.854"
        },
        {
            "time": "04.07.2021 03:07",
            "open": "7.854",
            "high": "7.854",
            "low": "7.854",
            "close": "7.828"
        },
        {
            "time": "04.07.2021 03:13",
            "open": "7.828",
            "high": "7.828",
            "low": "7.828",
            "close": "7.798"
        },
        {
            "time": "04.07.2021 03:16",
            "open": "7.798",
            "high": "7.798",
            "low": "7.798",
            "close": "7.789"
        },
        {
            "time": "04.07.2021 03:17",
            "open": "7.789",
            "high": "7.789",
            "low": "7.789",
            "close": "7.759"
        },
        {
            "time": "04.07.2021 03:31",
            "open": "7.759",
            "high": "7.759",
            "low": "7.759",
            "close": "7.759"
        },
        {
            "time": "04.07.2021 03:32",
            "open": "7.759",
            "high": "7.759",
            "low": "7.759",
            "close": "7.757"
        },
        {
            "time": "04.07.2021 03:33",
            "open": "7.757",
            "high": "7.757",
            "low": "7.757",
            "close": "7.756"
        },
        {
            "time": "04.07.2021 03:37",
            "open": "7.756",
            "high": "7.756",
            "low": "7.756",
            "close": "7.759"
        },
        {
            "time": "04.07.2021 03:40",
            "open": "7.759",
            "high": "7.759",
            "low": "7.759",
            "close": "7.772"
        },
        {
            "time": "04.07.2021 03:46",
            "open": "7.772",
            "high": "7.772",
            "low": "7.772",
            "close": "7.747"
        },
        {
            "time": "04.07.2021 04:05",
            "open": "7.747",
            "high": "7.747",
            "low": "7.747",
            "close": "7.772"
        },
        {
            "time": "04.07.2021 04:19",
            "open": "7.772",
            "high": "7.772",
            "low": "7.772",
            "close": "7.805"
        },
        {
            "time": "04.07.2021 04:30",
            "open": "7.805",
            "high": "7.805",
            "low": "7.805",
            "close": "7.822"
        },
        {
            "time": "04.07.2021 04:49",
            "open": "7.822",
            "high": "7.822",
            "low": "7.822",
            "close": "7.836"
        },
        {
            "time": "04.07.2021 05:02",
            "open": "7.836",
            "high": "7.84",
            "low": "7.836",
            "close": "7.84"
        },
        {
            "time": "04.07.2021 05:05",
            "open": "7.84",
            "high": "7.84",
            "low": "7.836",
            "close": "7.883"
        },
        {
            "time": "04.07.2021 05:19",
            "open": "7.883",
            "high": "7.883",
            "low": "7.883",
            "close": "7.893"
        },
        {
            "time": "04.07.2021 05:27",
            "open": "7.893",
            "high": "7.893",
            "low": "7.893",
            "close": "7.877"
        },
        {
            "time": "04.07.2021 05:28",
            "open": "7.877",
            "high": "7.877",
            "low": "7.877",
            "close": "7.877"
        },
        {
            "time": "04.07.2021 05:45",
            "open": "7.877",
            "high": "7.877",
            "low": "7.877",
            "close": "7.883"
        },
        {
            "time": "04.07.2021 05:52",
            "open": "7.883",
            "high": "7.883",
            "low": "7.883",
            "close": "7.862"
        },
        {
            "time": "04.07.2021 05:59",
            "open": "7.862",
            "high": "7.862",
            "low": "7.843",
            "close": "7.843"
        },
        {
            "time": "04.07.2021 06:01",
            "open": "7.843",
            "high": "7.843",
            "low": "7.843",
            "close": "7.836"
        },
        {
            "time": "04.07.2021 06:02",
            "open": "7.836",
            "high": "7.836",
            "low": "7.836",
            "close": "7.836"
        },
        {
            "time": "04.07.2021 06:04",
            "open": "7.836",
            "high": "7.836",
            "low": "7.836",
            "close": "7.852"
        },
        {
            "time": "04.07.2021 06:36",
            "open": "7.852",
            "high": "7.852",
            "low": "7.852",
            "close": "7.803"
        },
        {
            "time": "04.07.2021 07:21",
            "open": "7.803",
            "high": "7.803",
            "low": "7.803",
            "close": "7.819"
        },
        {
            "time": "04.07.2021 07:27",
            "open": "7.819",
            "high": "7.819",
            "low": "7.819",
            "close": "7.831"
        },
        {
            "time": "04.07.2021 07:31",
            "open": "7.831",
            "high": "7.831",
            "low": "7.831",
            "close": "7.831"
        },
        {
            "time": "04.07.2021 07:34",
            "open": "7.831",
            "high": "7.831",
            "low": "7.831",
            "close": "7.812"
        },
        {
            "time": "04.07.2021 07:38",
            "open": "7.812",
            "high": "7.826",
            "low": "7.804",
            "close": "7.925"
        },
        {
            "time": "04.07.2021 07:46",
            "open": "7.925",
            "high": "7.933",
            "low": "7.925",
            "close": "7.931"
        },
        {
            "time": "04.07.2021 07:47",
            "open": "7.931",
            "high": "7.931",
            "low": "7.925",
            "close": "7.926"
        },
        {
            "time": "04.07.2021 07:52",
            "open": "7.926",
            "high": "7.926",
            "low": "7.926",
            "close": "7.937"
        },
        {
            "time": "04.07.2021 07:53",
            "open": "7.937",
            "high": "7.948",
            "low": "7.937",
            "close": "7.95"
        },
        {
            "time": "04.07.2021 07:54",
            "open": "7.95",
            "high": "7.95",
            "low": "7.95",
            "close": "7.952"
        },
        {
            "time": "04.07.2021 07:56",
            "open": "7.952",
            "high": "7.964",
            "low": "7.952",
            "close": "7.968"
        },
        {
            "time": "04.07.2021 07:57",
            "open": "7.968",
            "high": "7.972",
            "low": "7.968",
            "close": "7.966"
        },
        {
            "time": "04.07.2021 07:58",
            "open": "7.966",
            "high": "7.966",
            "low": "7.966",
            "close": "7.955"
        },
        {
            "time": "04.07.2021 07:59",
            "open": "7.955",
            "high": "7.955",
            "low": "7.955",
            "close": "7.941"
        },
        {
            "time": "04.07.2021 08:03",
            "open": "7.941",
            "high": "7.941",
            "low": "7.941",
            "close": "7.938"
        },
        {
            "time": "04.07.2021 08:04",
            "open": "7.938",
            "high": "7.938",
            "low": "7.925",
            "close": "7.872"
        },
        {
            "time": "04.07.2021 08:07",
            "open": "7.872",
            "high": "7.891",
            "low": "7.872",
            "close": "7.875"
        },
        {
            "time": "04.07.2021 08:09",
            "open": "7.875",
            "high": "7.883",
            "low": "7.875",
            "close": "7.897"
        },
        {
            "time": "04.07.2021 08:10",
            "open": "7.897",
            "high": "7.897",
            "low": "7.897",
            "close": "7.885"
        },
        {
            "time": "04.07.2021 08:11",
            "open": "7.885",
            "high": "7.901",
            "low": "7.885",
            "close": "7.904"
        },
        {
            "time": "04.07.2021 08:38",
            "open": "7.904",
            "high": "7.904",
            "low": "7.904",
            "close": "7.929"
        },
        {
            "time": "04.07.2021 08:42",
            "open": "7.929",
            "high": "7.932",
            "low": "7.929",
            "close": "7.922"
        },
        {
            "time": "04.07.2021 08:46",
            "open": "7.922",
            "high": "7.922",
            "low": "7.922",
            "close": "7.937"
        },
        {
            "time": "04.07.2021 08:52",
            "open": "7.937",
            "high": "7.952",
            "low": "7.937",
            "close": "7.952"
        },
        {
            "time": "04.07.2021 08:54",
            "open": "7.952",
            "high": "7.983",
            "low": "7.952",
            "close": "7.984"
        },
        {
            "time": "04.07.2021 08:55",
            "open": "7.984",
            "high": "7.992",
            "low": "7.984",
            "close": "7.992"
        },
        {
            "time": "04.07.2021 08:56",
            "open": "7.992",
            "high": "8",
            "low": "7.992",
            "close": "8"
        },
        {
            "time": "04.07.2021 08:58",
            "open": "8",
            "high": "8",
            "low": "8",
            "close": "8.019"
        },
        {
            "time": "04.07.2021 09:05",
            "open": "8.019",
            "high": "8.025",
            "low": "8.019",
            "close": "8.03"
        },
        {
            "time": "04.07.2021 09:10",
            "open": "8.03",
            "high": "8.12",
            "low": "8.03",
            "close": "8.093"
        },
        {
            "time": "04.07.2021 09:11",
            "open": "8.093",
            "high": "8.115",
            "low": "8.081",
            "close": "8.14"
        },
        {
            "time": "04.07.2021 09:13",
            "open": "8.14",
            "high": "8.146",
            "low": "8.14",
            "close": "8.15"
        },
        {
            "time": "04.07.2021 09:14",
            "open": "8.15",
            "high": "8.16",
            "low": "8.15",
            "close": "8.127"
        },
        {
            "time": "04.07.2021 09:19",
            "open": "8.127",
            "high": "8.127",
            "low": "8.127",
            "close": "8.019"
        },
        {
            "time": "04.07.2021 09:20",
            "open": "8.019",
            "high": "8.019",
            "low": "7.995",
            "close": "8.009"
        },
        {
            "time": "04.07.2021 09:21",
            "open": "8.009",
            "high": "8.009",
            "low": "8.009",
            "close": "8.022"
        },
        {
            "time": "04.07.2021 09:22",
            "open": "8.022",
            "high": "8.046",
            "low": "8.022",
            "close": "8.026"
        },
        {
            "time": "04.07.2021 09:24",
            "open": "8.026",
            "high": "8.026",
            "low": "8.026",
            "close": "8.051"
        },
        {
            "time": "04.07.2021 09:29",
            "open": "8.051",
            "high": "8.051",
            "low": "8.051",
            "close": "8.115"
        },
        {
            "time": "04.07.2021 09:35",
            "open": "8.115",
            "high": "8.116",
            "low": "8.115",
            "close": "8.169"
        },
        {
            "time": "04.07.2021 09:39",
            "open": "8.169",
            "high": "8.169",
            "low": "8.162",
            "close": "8.17"
        },
        {
            "time": "04.07.2021 09:40",
            "open": "8.17",
            "high": "8.18",
            "low": "8.17",
            "close": "8.186"
        },
        {
            "time": "04.07.2021 09:43",
            "open": "8.186",
            "high": "8.186",
            "low": "8.171",
            "close": "8.196"
        },
        {
            "time": "04.07.2021 09:44",
            "open": "8.196",
            "high": "8.2",
            "low": "8.196",
            "close": "8.186"
        },
        {
            "time": "04.07.2021 09:45",
            "open": "8.186",
            "high": "8.186",
            "low": "8.186",
            "close": "8.193"
        },
        {
            "time": "04.07.2021 09:46",
            "open": "8.193",
            "high": "8.209",
            "low": "8.193",
            "close": "8.193"
        },
        {
            "time": "04.07.2021 09:47",
            "open": "8.193",
            "high": "8.193",
            "low": "8.193",
            "close": "8.204"
        },
        {
            "time": "04.07.2021 09:50",
            "open": "8.204",
            "high": "8.22",
            "low": "8.204",
            "close": "8.234"
        },
        {
            "time": "04.07.2021 09:53",
            "open": "8.234",
            "high": "8.234",
            "low": "8.234",
            "close": "8.2"
        },
        {
            "time": "04.07.2021 09:54",
            "open": "8.2",
            "high": "8.2",
            "low": "8.187",
            "close": "8.223"
        },
        {
            "time": "04.07.2021 09:55",
            "open": "8.223",
            "high": "8.223",
            "low": "8.223",
            "close": "8.22"
        },
        {
            "time": "04.07.2021 09:59",
            "open": "8.22",
            "high": "8.22",
            "low": "8.22",
            "close": "8.24"
        },
        {
            "time": "04.07.2021 10:00",
            "open": "8.24",
            "high": "8.24",
            "low": "8.24",
            "close": "8.24"
        },
        {
            "time": "04.07.2021 10:02",
            "open": "8.24",
            "high": "8.24",
            "low": "8.24",
            "close": "8.24"
        },
        {
            "time": "04.07.2021 10:07",
            "open": "8.24",
            "high": "8.24",
            "low": "8.24",
            "close": "8.24"
        },
        {
            "time": "04.07.2021 10:08",
            "open": "8.24",
            "high": "8.24",
            "low": "8.215",
            "close": "8.206"
        },
        {
            "time": "04.07.2021 10:09",
            "open": "8.206",
            "high": "8.206",
            "low": "8.206",
            "close": "8.203"
        },
        {
            "time": "04.07.2021 10:10",
            "open": "8.203",
            "high": "8.203",
            "low": "8.203",
            "close": "8.21"
        },
        {
            "time": "04.07.2021 10:12",
            "open": "8.21",
            "high": "8.214",
            "low": "8.21",
            "close": "8.221"
        },
        {
            "time": "04.07.2021 10:14",
            "open": "8.221",
            "high": "8.221",
            "low": "8.221",
            "close": "8.219"
        },
        {
            "time": "04.07.2021 10:17",
            "open": "8.219",
            "high": "8.219",
            "low": "8.219",
            "close": "8.198"
        },
        {
            "time": "04.07.2021 10:22",
            "open": "8.198",
            "high": "8.198",
            "low": "8.198",
            "close": "8.205"
        },
        {
            "time": "04.07.2021 10:23",
            "open": "8.205",
            "high": "8.205",
            "low": "8.195",
            "close": "8.193"
        },
        {
            "time": "04.07.2021 10:25",
            "open": "8.193",
            "high": "8.193",
            "low": "8.191",
            "close": "8.182"
        },
        {
            "time": "04.07.2021 10:27",
            "open": "8.182",
            "high": "8.182",
            "low": "8.182",
            "close": "8.182"
        },
        {
            "time": "04.07.2021 10:28",
            "open": "8.182",
            "high": "8.182",
            "low": "8.182",
            "close": "8.195"
        },
        {
            "time": "04.07.2021 10:29",
            "open": "8.195",
            "high": "8.195",
            "low": "8.195",
            "close": "8.195"
        },
        {
            "time": "04.07.2021 10:31",
            "open": "8.195",
            "high": "8.195",
            "low": "8.195",
            "close": "8.195"
        },
        {
            "time": "04.07.2021 10:32",
            "open": "8.195",
            "high": "8.195",
            "low": "8.186",
            "close": "8.179"
        },
        {
            "time": "04.07.2021 10:33",
            "open": "8.179",
            "high": "8.179",
            "low": "8.179",
            "close": "8.171"
        },
        {
            "time": "04.07.2021 10:34",
            "open": "8.171",
            "high": "8.171",
            "low": "8.171",
            "close": "8.152"
        },
        {
            "time": "04.07.2021 10:37",
            "open": "8.152",
            "high": "8.152",
            "low": "8.152",
            "close": "8.139"
        },
        {
            "time": "04.07.2021 10:38",
            "open": "8.139",
            "high": "8.139",
            "low": "8.139",
            "close": "8.129"
        },
        {
            "time": "04.07.2021 10:40",
            "open": "8.129",
            "high": "8.129",
            "low": "8.129",
            "close": "8.134"
        },
        {
            "time": "04.07.2021 10:45",
            "open": "8.134",
            "high": "8.134",
            "low": "8.134",
            "close": "8.132"
        },
        {
            "time": "04.07.2021 10:48",
            "open": "8.132",
            "high": "8.132",
            "low": "8.125",
            "close": "8.125"
        },
        {
            "time": "04.07.2021 10:54",
            "open": "8.125",
            "high": "8.138",
            "low": "8.125",
            "close": "8.081"
        },
        {
            "time": "04.07.2021 11:07",
            "open": "8.081",
            "high": "8.081",
            "low": "8.077",
            "close": "8.068"
        },
        {
            "time": "04.07.2021 11:10",
            "open": "8.068",
            "high": "8.068",
            "low": "8.054",
            "close": "8.049"
        },
        {
            "time": "04.07.2021 11:12",
            "open": "8.049",
            "high": "8.062",
            "low": "8.049",
            "close": "8.055"
        },
        {
            "time": "04.07.2021 11:13",
            "open": "8.055",
            "high": "8.055",
            "low": "8.055",
            "close": "8.057"
        },
        {
            "time": "04.07.2021 11:15",
            "open": "8.057",
            "high": "8.062",
            "low": "8.056",
            "close": "8.055"
        },
        {
            "time": "04.07.2021 11:19",
            "open": "8.055",
            "high": "8.055",
            "low": "8.055",
            "close": "8.039"
        },
        {
            "time": "04.07.2021 11:32",
            "open": "8.039",
            "high": "8.039",
            "low": "8.039",
            "close": "8.042"
        },
        {
            "time": "04.07.2021 11:33",
            "open": "8.042",
            "high": "8.042",
            "low": "8.042",
            "close": "8.034"
        },
        {
            "time": "04.07.2021 11:36",
            "open": "8.034",
            "high": "8.034",
            "low": "8.034",
            "close": "8.035"
        },
        {
            "time": "04.07.2021 11:39",
            "open": "8.035",
            "high": "8.035",
            "low": "8.035",
            "close": "8.038"
        },
        {
            "time": "04.07.2021 11:51",
            "open": "8.038",
            "high": "8.038",
            "low": "8.038",
            "close": "8.054"
        },
        {
            "time": "04.07.2021 11:53",
            "open": "8.054",
            "high": "8.054",
            "low": "8.054",
            "close": "8.055"
        },
        {
            "time": "04.07.2021 11:55",
            "open": "8.055",
            "high": "8.055",
            "low": "8.055",
            "close": "8.051"
        },
        {
            "time": "04.07.2021 11:56",
            "open": "8.051",
            "high": "8.051",
            "low": "8.049",
            "close": "8.039"
        },
        {
            "time": "04.07.2021 11:57",
            "open": "8.039",
            "high": "8.039",
            "low": "8.039",
            "close": "8.065"
        },
        {
            "time": "04.07.2021 12:01",
            "open": "8.065",
            "high": "8.065",
            "low": "8.065",
            "close": "8.079"
        },
        {
            "time": "04.07.2021 12:22",
            "open": "8.079",
            "high": "8.079",
            "low": "8.079",
            "close": "8.099"
        },
        {
            "time": "04.07.2021 12:24",
            "open": "8.099",
            "high": "8.104",
            "low": "8.099",
            "close": "8.089"
        },
        {
            "time": "04.07.2021 12:25",
            "open": "8.089",
            "high": "8.089",
            "low": "8.089",
            "close": "8.099"
        },
        {
            "time": "04.07.2021 12:38",
            "open": "8.099",
            "high": "8.101",
            "low": "8.099",
            "close": "8.093"
        },
        {
            "time": "04.07.2021 12:43",
            "open": "8.093",
            "high": "8.093",
            "low": "8.089",
            "close": "8.079"
        },
        {
            "time": "04.07.2021 12:45",
            "open": "8.079",
            "high": "8.079",
            "low": "8.078",
            "close": "8.086"
        },
        {
            "time": "04.07.2021 12:49",
            "open": "8.086",
            "high": "8.086",
            "low": "8.086",
            "close": "8.122"
        },
        {
            "time": "04.07.2021 12:59",
            "open": "8.122",
            "high": "8.123",
            "low": "8.122",
            "close": "8.12"
        },
        {
            "time": "04.07.2021 13:00",
            "open": "8.12",
            "high": "8.12",
            "low": "8.12",
            "close": "8.124"
        },
        {
            "time": "04.07.2021 13:21",
            "open": "8.124",
            "high": "8.125",
            "low": "8.124",
            "close": "8.12"
        },
        {
            "time": "04.07.2021 13:22",
            "open": "8.12",
            "high": "8.12",
            "low": "8.12",
            "close": "8.102"
        },
        {
            "time": "04.07.2021 13:26",
            "open": "8.102",
            "high": "8.102",
            "low": "8.102",
            "close": "8.128"
        },
        {
            "time": "04.07.2021 13:31",
            "open": "8.128",
            "high": "8.129",
            "low": "8.128",
            "close": "8.13"
        },
        {
            "time": "04.07.2021 13:32",
            "open": "8.13",
            "high": "8.13",
            "low": "8.13",
            "close": "8.119"
        },
        {
            "time": "04.07.2021 13:38",
            "open": "8.119",
            "high": "8.146",
            "low": "8.119",
            "close": "8.106"
        },
        {
            "time": "04.07.2021 13:44",
            "open": "8.106",
            "high": "8.106",
            "low": "8.106",
            "close": "8.12"
        },
        {
            "time": "04.07.2021 13:46",
            "open": "8.12",
            "high": "8.12",
            "low": "8.12",
            "close": "8.119"
        },
        {
            "time": "04.07.2021 13:53",
            "open": "8.119",
            "high": "8.125",
            "low": "8.119",
            "close": "8.145"
        },
        {
            "time": "04.07.2021 14:02",
            "open": "8.145",
            "high": "8.145",
            "low": "8.145",
            "close": "8.136"
        },
        {
            "time": "04.07.2021 14:05",
            "open": "8.136",
            "high": "8.136",
            "low": "8.136",
            "close": "8.133"
        },
        {
            "time": "04.07.2021 14:06",
            "open": "8.133",
            "high": "8.133",
            "low": "8.132",
            "close": "8.145"
        },
        {
            "time": "04.07.2021 14:10",
            "open": "8.145",
            "high": "8.145",
            "low": "8.145",
            "close": "8.133"
        },
        {
            "time": "04.07.2021 14:31",
            "open": "8.133",
            "high": "8.133",
            "low": "8.133",
            "close": "8.13"
        },
        {
            "time": "04.07.2021 14:32",
            "open": "8.13",
            "high": "8.13",
            "low": "8.13",
            "close": "8.124"
        },
        {
            "time": "04.07.2021 14:35",
            "open": "8.124",
            "high": "8.124",
            "low": "8.124",
            "close": "8.123"
        },
        {
            "time": "04.07.2021 14:38",
            "open": "8.123",
            "high": "8.123",
            "low": "8.123",
            "close": "8.102"
        },
        {
            "time": "04.07.2021 14:43",
            "open": "8.102",
            "high": "8.102",
            "low": "8.102",
            "close": "8.096"
        },
        {
            "time": "04.07.2021 14:48",
            "open": "8.096",
            "high": "8.096",
            "low": "8.096",
            "close": "8.097"
        },
        {
            "time": "04.07.2021 14:52",
            "open": "8.097",
            "high": "8.097",
            "low": "8.095",
            "close": "8.096"
        },
        {
            "time": "04.07.2021 14:55",
            "open": "8.096",
            "high": "8.096",
            "low": "8.096",
            "close": "8.091"
        },
        {
            "time": "04.07.2021 14:57",
            "open": "8.091",
            "high": "8.091",
            "low": "8.09",
            "close": "8.1"
        },
        {
            "time": "04.07.2021 15:12",
            "open": "8.1",
            "high": "8.1",
            "low": "8.1",
            "close": "8.09"
        },
        {
            "time": "04.07.2021 15:14",
            "open": "8.09",
            "high": "8.09",
            "low": "8.09",
            "close": "8.101"
        },
        {
            "time": "04.07.2021 15:25",
            "open": "8.101",
            "high": "8.101",
            "low": "8.1",
            "close": "8.154"
        },
        {
            "time": "04.07.2021 15:41",
            "open": "8.154",
            "high": "8.154",
            "low": "8.154",
            "close": "8.167"
        },
        {
            "time": "04.07.2021 15:51",
            "open": "8.167",
            "high": "8.167",
            "low": "8.167",
            "close": "8.163"
        },
        {
            "time": "04.07.2021 15:52",
            "open": "8.163",
            "high": "8.187",
            "low": "8.163",
            "close": "8.187"
        },
        {
            "time": "04.07.2021 15:54",
            "open": "8.187",
            "high": "8.187",
            "low": "8.182",
            "close": "8.181"
        },
        {
            "time": "04.07.2021 16:01",
            "open": "8.181",
            "high": "8.181",
            "low": "8.181",
            "close": "8.173"
        },
        {
            "time": "04.07.2021 16:02",
            "open": "8.173",
            "high": "8.173",
            "low": "8.173",
            "close": "8.173"
        },
        {
            "time": "04.07.2021 16:04",
            "open": "8.173",
            "high": "8.173",
            "low": "8.167",
            "close": "8.168"
        },
        {
            "time": "04.07.2021 16:09",
            "open": "8.168",
            "high": "8.168",
            "low": "8.168",
            "close": "8.172"
        },
        {
            "time": "04.07.2021 16:10",
            "open": "8.172",
            "high": "8.172",
            "low": "8.172",
            "close": "8.184"
        },
        {
            "time": "04.07.2021 16:13",
            "open": "8.184",
            "high": "8.184",
            "low": "8.184",
            "close": "8.182"
        },
        {
            "time": "04.07.2021 16:23",
            "open": "8.182",
            "high": "8.182",
            "low": "8.182",
            "close": "8.168"
        },
        {
            "time": "04.07.2021 16:24",
            "open": "8.168",
            "high": "8.168",
            "low": "8.168",
            "close": "8.18"
        },
        {
            "time": "04.07.2021 16:41",
            "open": "8.18",
            "high": "8.181",
            "low": "8.18",
            "close": "8.182"
        },
        {
            "time": "04.07.2021 16:50",
            "open": "8.182",
            "high": "8.182",
            "low": "8.159",
            "close": "8.187"
        },
        {
            "time": "04.07.2021 17:01",
            "open": "8.187",
            "high": "8.187",
            "low": "8.187",
            "close": "8.207"
        },
        {
            "time": "04.07.2021 17:08",
            "open": "8.207",
            "high": "8.207",
            "low": "8.207",
            "close": "8.189"
        },
        {
            "time": "04.07.2021 17:09",
            "open": "8.189",
            "high": "8.189",
            "low": "8.189",
            "close": "8.205"
        },
        {
            "time": "04.07.2021 17:17",
            "open": "8.205",
            "high": "8.205",
            "low": "8.205",
            "close": "8.21"
        },
        {
            "time": "04.07.2021 17:48",
            "open": "8.21",
            "high": "8.21",
            "low": "8.21",
            "close": "8.214"
        },
        {
            "time": "04.07.2021 17:52",
            "open": "8.214",
            "high": "8.214",
            "low": "8.214",
            "close": "8.228"
        },
        {
            "time": "04.07.2021 17:54",
            "open": "8.228",
            "high": "8.228",
            "low": "8.228",
            "close": "8.211"
        },
        {
            "time": "04.07.2021 17:55",
            "open": "8.211",
            "high": "8.211",
            "low": "8.211",
            "close": "8.224"
        },
        {
            "time": "04.07.2021 17:59",
            "open": "8.224",
            "high": "8.224",
            "low": "8.224",
            "close": "8.23"
        },
        {
            "time": "04.07.2021 18:01",
            "open": "8.23",
            "high": "8.23",
            "low": "8.23",
            "close": "8.223"
        },
        {
            "time": "04.07.2021 18:02",
            "open": "8.223",
            "high": "8.223",
            "low": "8.215",
            "close": "8.215"
        },
        {
            "time": "04.07.2021 18:03",
            "open": "8.215",
            "high": "8.215",
            "low": "8.213",
            "close": "8.213"
        },
        {
            "time": "04.07.2021 18:04",
            "open": "8.213",
            "high": "8.213",
            "low": "8.213",
            "close": "8.206"
        },
        {
            "time": "04.07.2021 18:14",
            "open": "8.206",
            "high": "8.206",
            "low": "8.206",
            "close": "8.235"
        },
        {
            "time": "04.07.2021 18:24",
            "open": "8.235",
            "high": "8.235",
            "low": "8.235",
            "close": "8.236"
        },
        {
            "time": "04.07.2021 18:26",
            "open": "8.236",
            "high": "8.236",
            "low": "8.23",
            "close": "8.234"
        },
        {
            "time": "04.07.2021 18:30",
            "open": "8.234",
            "high": "8.234",
            "low": "8.233",
            "close": "8.25"
        },
        {
            "time": "04.07.2021 18:32",
            "open": "8.25",
            "high": "8.25",
            "low": "8.25",
            "close": "8.25"
        },
        {
            "time": "04.07.2021 18:33",
            "open": "8.25",
            "high": "8.251",
            "low": "8.233",
            "close": "8.222"
        },
        {
            "time": "04.07.2021 18:34",
            "open": "8.222",
            "high": "8.222",
            "low": "8.222",
            "close": "8.247"
        },
        {
            "time": "04.07.2021 18:42",
            "open": "8.247",
            "high": "8.247",
            "low": "8.247",
            "close": "8.239"
        },
        {
            "time": "04.07.2021 18:49",
            "open": "8.239",
            "high": "8.239",
            "low": "8.239",
            "close": "8.239"
        },
        {
            "time": "04.07.2021 18:50",
            "open": "8.239",
            "high": "8.239",
            "low": "8.239",
            "close": "8.238"
        },
        {
            "time": "04.07.2021 19:01",
            "open": "8.238",
            "high": "8.238",
            "low": "8.228",
            "close": "8.225"
        },
        {
            "time": "04.07.2021 19:04",
            "open": "8.225",
            "high": "8.225",
            "low": "8.225",
            "close": "8.228"
        },
        {
            "time": "04.07.2021 19:15",
            "open": "8.228",
            "high": "8.228",
            "low": "8.228",
            "close": "8.233"
        },
        {
            "time": "04.07.2021 19:18",
            "open": "8.233",
            "high": "8.233",
            "low": "8.233",
            "close": "8.258"
        },
        {
            "time": "04.07.2021 19:21",
            "open": "8.258",
            "high": "8.26",
            "low": "8.246",
            "close": "8.251"
        },
        {
            "time": "04.07.2021 19:24",
            "open": "8.251",
            "high": "8.251",
            "low": "8.251",
            "close": "8.27"
        },
        {
            "time": "04.07.2021 19:25",
            "open": "8.27",
            "high": "8.27",
            "low": "8.27",
            "close": "8.263"
        },
        {
            "time": "04.07.2021 19:26",
            "open": "8.263",
            "high": "8.263",
            "low": "8.263",
            "close": "8.274"
        },
        {
            "time": "04.07.2021 19:30",
            "open": "8.274",
            "high": "8.274",
            "low": "8.274",
            "close": "8.263"
        },
        {
            "time": "04.07.2021 19:33",
            "open": "8.263",
            "high": "8.269",
            "low": "8.263",
            "close": "8.269"
        },
        {
            "time": "04.07.2021 19:38",
            "open": "8.269",
            "high": "8.299",
            "low": "8.269",
            "close": "8.271"
        },
        {
            "time": "04.07.2021 19:39",
            "open": "8.271",
            "high": "8.29",
            "low": "8.269",
            "close": "8.287"
        },
        {
            "time": "04.07.2021 19:51",
            "open": "8.287",
            "high": "8.287",
            "low": "8.287",
            "close": "8.297"
        },
        {
            "time": "04.07.2021 19:53",
            "open": "8.297",
            "high": "8.297",
            "low": "8.297",
            "close": "8.297"
        },
        {
            "time": "04.07.2021 19:54",
            "open": "8.297",
            "high": "8.297",
            "low": "8.297",
            "close": "8.297"
        },
        {
            "time": "04.07.2021 19:57",
            "open": "8.297",
            "high": "8.297",
            "low": "8.292",
            "close": "8.292"
        },
        {
            "time": "04.07.2021 20:00",
            "open": "8.292",
            "high": "8.292",
            "low": "8.292",
            "close": "8.292"
        },
        {
            "time": "04.07.2021 20:12",
            "open": "8.292",
            "high": "8.292",
            "low": "8.292",
            "close": "8.3"
        },
        {
            "time": "04.07.2021 20:17",
            "open": "8.3",
            "high": "8.3",
            "low": "8.293",
            "close": "8.309"
        },
        {
            "time": "04.07.2021 20:18",
            "open": "8.309",
            "high": "8.321",
            "low": "8.306",
            "close": "8.325"
        },
        {
            "time": "04.07.2021 20:21",
            "open": "8.325",
            "high": "8.325",
            "low": "8.325",
            "close": "8.334"
        },
        {
            "time": "04.07.2021 20:22",
            "open": "8.334",
            "high": "8.34",
            "low": "8.334",
            "close": "8.342"
        },
        {
            "time": "04.07.2021 20:23",
            "open": "8.342",
            "high": "8.376",
            "low": "8.342",
            "close": "8.38"
        },
        {
            "time": "04.07.2021 20:24",
            "open": "8.38",
            "high": "8.392",
            "low": "8.38",
            "close": "8.392"
        },
        {
            "time": "04.07.2021 20:25",
            "open": "8.392",
            "high": "8.476",
            "low": "8.392",
            "close": "8.458"
        },
        {
            "time": "04.07.2021 20:26",
            "open": "8.458",
            "high": "8.46",
            "low": "8.458",
            "close": "8.418"
        },
        {
            "time": "04.07.2021 20:27",
            "open": "8.418",
            "high": "8.418",
            "low": "8.418",
            "close": "8.423"
        },
        {
            "time": "04.07.2021 20:28",
            "open": "8.423",
            "high": "8.423",
            "low": "8.423",
            "close": "8.44"
        },
        {
            "time": "04.07.2021 20:29",
            "open": "8.44",
            "high": "8.447",
            "low": "8.44",
            "close": "8.48"
        },
        {
            "time": "04.07.2021 20:30",
            "open": "8.48",
            "high": "8.504",
            "low": "8.48",
            "close": "8.506"
        },
        {
            "time": "04.07.2021 20:31",
            "open": "8.506",
            "high": "8.55",
            "low": "8.506",
            "close": "8.56"
        },
        {
            "time": "04.07.2021 20:32",
            "open": "8.56",
            "high": "8.633",
            "low": "8.553",
            "close": "8.64"
        },
        {
            "time": "04.07.2021 20:33",
            "open": "8.64",
            "high": "8.78",
            "low": "8.64",
            "close": "8.769"
        },
        {
            "time": "04.07.2021 20:34",
            "open": "8.769",
            "high": "8.8",
            "low": "8.682",
            "close": "8.673"
        },
        {
            "time": "04.07.2021 20:35",
            "open": "8.673",
            "high": "8.7",
            "low": "8.58",
            "close": "8.658"
        },
        {
            "time": "04.07.2021 20:36",
            "open": "8.658",
            "high": "8.696",
            "low": "8.601",
            "close": "8.634"
        },
        {
            "time": "04.07.2021 20:37",
            "open": "8.634",
            "high": "8.64",
            "low": "8.579",
            "close": "8.678"
        },
        {
            "time": "04.07.2021 20:38",
            "open": "8.678",
            "high": "8.684",
            "low": "8.644",
            "close": "8.645"
        },
        {
            "time": "04.07.2021 20:39",
            "open": "8.645",
            "high": "8.659",
            "low": "8.645",
            "close": "8.654"
        },
        {
            "time": "04.07.2021 20:40",
            "open": "8.654",
            "high": "8.675",
            "low": "8.643",
            "close": "8.669"
        },
        {
            "time": "04.07.2021 20:41",
            "open": "8.669",
            "high": "8.669",
            "low": "8.669",
            "close": "8.667"
        },
        {
            "time": "04.07.2021 20:42",
            "open": "8.667",
            "high": "8.751",
            "low": "8.667",
            "close": "8.778"
        },
        {
            "time": "04.07.2021 20:43",
            "open": "8.778",
            "high": "8.778",
            "low": "8.738",
            "close": "8.792"
        },
        {
            "time": "04.07.2021 20:44",
            "open": "8.792",
            "high": "8.806",
            "low": "8.792",
            "close": "8.756"
        },
        {
            "time": "04.07.2021 20:45",
            "open": "8.756",
            "high": "8.756",
            "low": "8.681",
            "close": "8.676"
        },
        {
            "time": "04.07.2021 20:46",
            "open": "8.676",
            "high": "8.679",
            "low": "8.676",
            "close": "8.663"
        },
        {
            "time": "04.07.2021 20:47",
            "open": "8.663",
            "high": "8.663",
            "low": "8.658",
            "close": "8.684"
        },
        {
            "time": "04.07.2021 20:49",
            "open": "8.684",
            "high": "8.688",
            "low": "8.684",
            "close": "8.687"
        },
        {
            "time": "04.07.2021 20:50",
            "open": "8.687",
            "high": "8.694",
            "low": "8.687",
            "close": "8.696"
        },
        {
            "time": "04.07.2021 20:52",
            "open": "8.696",
            "high": "8.696",
            "low": "8.684",
            "close": "8.701"
        },
        {
            "time": "04.07.2021 20:53",
            "open": "8.701",
            "high": "8.707",
            "low": "8.688",
            "close": "8.686"
        },
        {
            "time": "04.07.2021 20:54",
            "open": "8.686",
            "high": "8.686",
            "low": "8.684",
            "close": "8.689"
        },
        {
            "time": "04.07.2021 20:55",
            "open": "8.689",
            "high": "8.689",
            "low": "8.686",
            "close": "8.686"
        },
        {
            "time": "04.07.2021 20:58",
            "open": "8.686",
            "high": "8.686",
            "low": "8.675",
            "close": "8.694"
        },
        {
            "time": "04.07.2021 21:00",
            "open": "8.694",
            "high": "8.695",
            "low": "8.694",
            "close": "8.684"
        },
        {
            "time": "04.07.2021 21:01",
            "open": "8.684",
            "high": "8.684",
            "low": "8.684",
            "close": "8.684"
        },
        {
            "time": "04.07.2021 21:02",
            "open": "8.684",
            "high": "8.684",
            "low": "8.684",
            "close": "8.686"
        },
        {
            "time": "04.07.2021 21:04",
            "open": "8.686",
            "high": "8.686",
            "low": "8.686",
            "close": "8.675"
        },
        {
            "time": "04.07.2021 21:05",
            "open": "8.675",
            "high": "8.675",
            "low": "8.675",
            "close": "8.693"
        },
        {
            "time": "04.07.2021 21:08",
            "open": "8.693",
            "high": "8.693",
            "low": "8.693",
            "close": "8.669"
        },
        {
            "time": "04.07.2021 21:10",
            "open": "8.669",
            "high": "8.669",
            "low": "8.669",
            "close": "8.652"
        },
        {
            "time": "04.07.2021 21:11",
            "open": "8.652",
            "high": "8.662",
            "low": "8.649",
            "close": "8.653"
        },
        {
            "time": "04.07.2021 21:13",
            "open": "8.653",
            "high": "8.653",
            "low": "8.653",
            "close": "8.637"
        },
        {
            "time": "04.07.2021 21:14",
            "open": "8.637",
            "high": "8.655",
            "low": "8.637",
            "close": "8.658"
        },
        {
            "time": "04.07.2021 21:15",
            "open": "8.658",
            "high": "8.658",
            "low": "8.64",
            "close": "8.655"
        },
        {
            "time": "04.07.2021 21:16",
            "open": "8.655",
            "high": "8.658",
            "low": "8.655",
            "close": "8.629"
        },
        {
            "time": "04.07.2021 21:20",
            "open": "8.629",
            "high": "8.629",
            "low": "8.629",
            "close": "8.629"
        },
        {
            "time": "04.07.2021 21:22",
            "open": "8.629",
            "high": "8.629",
            "low": "8.629",
            "close": "8.628"
        },
        {
            "time": "04.07.2021 21:23",
            "open": "8.628",
            "high": "8.628",
            "low": "8.628",
            "close": "8.628"
        },
        {
            "time": "04.07.2021 21:24",
            "open": "8.628",
            "high": "8.628",
            "low": "8.568",
            "close": "8.646"
        },
        {
            "time": "04.07.2021 21:25",
            "open": "8.646",
            "high": "8.646",
            "low": "8.646",
            "close": "8.624"
        },
        {
            "time": "04.07.2021 21:26",
            "open": "8.624",
            "high": "8.624",
            "low": "8.624",
            "close": "8.661"
        },
        {
            "time": "04.07.2021 21:27",
            "open": "8.661",
            "high": "8.661",
            "low": "8.661",
            "close": "8.635"
        },
        {
            "time": "04.07.2021 21:30",
            "open": "8.635",
            "high": "8.636",
            "low": "8.635",
            "close": "8.636"
        },
        {
            "time": "04.07.2021 21:34",
            "open": "8.636",
            "high": "8.636",
            "low": "8.636",
            "close": "8.632"
        },
        {
            "time": "04.07.2021 21:35",
            "open": "8.632",
            "high": "8.632",
            "low": "8.632",
            "close": "8.625"
        },
        {
            "time": "04.07.2021 21:37",
            "open": "8.625",
            "high": "8.625",
            "low": "8.624",
            "close": "8.625"
        },
        {
            "time": "04.07.2021 21:40",
            "open": "8.625",
            "high": "8.625",
            "low": "8.625",
            "close": "8.606"
        },
        {
            "time": "04.07.2021 21:43",
            "open": "8.606",
            "high": "8.606",
            "low": "8.606",
            "close": "8.606"
        },
        {
            "time": "04.07.2021 21:44",
            "open": "8.606",
            "high": "8.606",
            "low": "8.604",
            "close": "8.606"
        },
        {
            "time": "04.07.2021 21:46",
            "open": "8.606",
            "high": "8.616",
            "low": "8.606",
            "close": "8.618"
        },
        {
            "time": "04.07.2021 21:47",
            "open": "8.618",
            "high": "8.62",
            "low": "8.602",
            "close": "8.562"
        },
        {
            "time": "04.07.2021 21:50",
            "open": "8.562",
            "high": "8.562",
            "low": "8.555",
            "close": "8.562"
        },
        {
            "time": "04.07.2021 21:51",
            "open": "8.562",
            "high": "8.576",
            "low": "8.562",
            "close": "8.569"
        },
        {
            "time": "04.07.2021 21:52",
            "open": "8.569",
            "high": "8.569",
            "low": "8.566",
            "close": "8.573"
        },
        {
            "time": "04.07.2021 21:57",
            "open": "8.573",
            "high": "8.573",
            "low": "8.573",
            "close": "8.544"
        },
        {
            "time": "04.07.2021 21:59",
            "open": "8.544",
            "high": "8.544",
            "low": "8.544",
            "close": "8.559"
        },
        {
            "time": "04.07.2021 22:00",
            "open": "8.559",
            "high": "8.559",
            "low": "8.559",
            "close": "8.538"
        },
        {
            "time": "04.07.2021 22:02",
            "open": "8.538",
            "high": "8.538",
            "low": "8.532",
            "close": "8.526"
        },
        {
            "time": "04.07.2021 22:03",
            "open": "8.526",
            "high": "8.526",
            "low": "8.526",
            "close": "8.508"
        },
        {
            "time": "04.07.2021 22:04",
            "open": "8.508",
            "high": "8.508",
            "low": "8.484",
            "close": "8.45"
        },
        {
            "time": "04.07.2021 22:05",
            "open": "8.45",
            "high": "8.453",
            "low": "8.449",
            "close": "8.464"
        },
        {
            "time": "04.07.2021 22:07",
            "open": "8.464",
            "high": "8.464",
            "low": "8.464",
            "close": "8.468"
        },
        {
            "time": "04.07.2021 22:08",
            "open": "8.468",
            "high": "8.468",
            "low": "8.468",
            "close": "8.464"
        },
        {
            "time": "04.07.2021 22:10",
            "open": "8.464",
            "high": "8.464",
            "low": "8.464",
            "close": "8.445"
        },
        {
            "time": "04.07.2021 22:14",
            "open": "8.445",
            "high": "8.445",
            "low": "8.445",
            "close": "8.449"
        },
        {
            "time": "04.07.2021 22:15",
            "open": "8.449",
            "high": "8.466",
            "low": "8.449",
            "close": "8.531"
        },
        {
            "time": "04.07.2021 22:17",
            "open": "8.531",
            "high": "8.531",
            "low": "8.531",
            "close": "8.525"
        },
        {
            "time": "04.07.2021 22:18",
            "open": "8.525",
            "high": "8.525",
            "low": "8.525",
            "close": "8.539"
        },
        {
            "time": "04.07.2021 22:23",
            "open": "8.539",
            "high": "8.539",
            "low": "8.539",
            "close": "8.57"
        },
        {
            "time": "04.07.2021 22:24",
            "open": "8.57",
            "high": "8.57",
            "low": "8.57",
            "close": "8.57"
        },
        {
            "time": "04.07.2021 22:25",
            "open": "8.57",
            "high": "8.57",
            "low": "8.568",
            "close": "8.584"
        },
        {
            "time": "04.07.2021 22:26",
            "open": "8.584",
            "high": "8.584",
            "low": "8.559",
            "close": "8.572"
        },
        {
            "time": "04.07.2021 22:27",
            "open": "8.572",
            "high": "8.574",
            "low": "8.572",
            "close": "8.575"
        },
        {
            "time": "04.07.2021 22:28",
            "open": "8.575",
            "high": "8.575",
            "low": "8.575",
            "close": "8.578"
        },
        {
            "time": "04.07.2021 22:30",
            "open": "8.578",
            "high": "8.578",
            "low": "8.566",
            "close": "8.537"
        },
        {
            "time": "04.07.2021 22:31",
            "open": "8.537",
            "high": "8.537",
            "low": "8.537",
            "close": "8.536"
        },
        {
            "time": "04.07.2021 22:32",
            "open": "8.536",
            "high": "8.537",
            "low": "8.501",
            "close": "8.501"
        },
        {
            "time": "04.07.2021 22:33",
            "open": "8.501",
            "high": "8.501",
            "low": "8.501",
            "close": "8.491"
        },
        {
            "time": "04.07.2021 22:34",
            "open": "8.491",
            "high": "8.491",
            "low": "8.474",
            "close": "8.444"
        },
        {
            "time": "04.07.2021 22:36",
            "open": "8.444",
            "high": "8.444",
            "low": "8.428",
            "close": "8.428"
        },
        {
            "time": "04.07.2021 22:37",
            "open": "8.428",
            "high": "8.428",
            "low": "8.428",
            "close": "8.4"
        },
        {
            "time": "04.07.2021 22:45",
            "open": "8.4",
            "high": "8.4",
            "low": "8.4",
            "close": "8.388"
        },
        {
            "time": "04.07.2021 22:46",
            "open": "8.388",
            "high": "8.388",
            "low": "8.388",
            "close": "8.352"
        },
        {
            "time": "04.07.2021 22:48",
            "open": "8.352",
            "high": "8.352",
            "low": "8.352",
            "close": "8.346"
        },
        {
            "time": "04.07.2021 22:52",
            "open": "8.346",
            "high": "8.346",
            "low": "8.338",
            "close": "8.345"
        },
        {
            "time": "04.07.2021 22:56",
            "open": "8.345",
            "high": "8.345",
            "low": "8.345",
            "close": "8.345"
        },
        {
            "time": "04.07.2021 22:57",
            "open": "8.345",
            "high": "8.345",
            "low": "8.345",
            "close": "8.348"
        },
        {
            "time": "04.07.2021 23:04",
            "open": "8.348",
            "high": "8.348",
            "low": "8.348",
            "close": "8.354"
        },
        {
            "time": "04.07.2021 23:05",
            "open": "8.354",
            "high": "8.354",
            "low": "8.354",
            "close": "8.345"
        },
        {
            "time": "04.07.2021 23:09",
            "open": "8.345",
            "high": "8.345",
            "low": "8.345",
            "close": "8.351"
        },
        {
            "time": "04.07.2021 23:13",
            "open": "8.351",
            "high": "8.351",
            "low": "8.351",
            "close": "8.375"
        },
        {
            "time": "04.07.2021 23:14",
            "open": "8.375",
            "high": "8.375",
            "low": "8.375",
            "close": "8.372"
        },
        {
            "time": "04.07.2021 23:15",
            "open": "8.372",
            "high": "8.372",
            "low": "8.372",
            "close": "8.419"
        },
        {
            "time": "04.07.2021 23:17",
            "open": "8.419",
            "high": "8.443",
            "low": "8.419",
            "close": "8.45"
        },
        {
            "time": "04.07.2021 23:29",
            "open": "8.45",
            "high": "8.458",
            "low": "8.45",
            "close": "8.458"
        },
        {
            "time": "04.07.2021 23:31",
            "open": "8.458",
            "high": "8.458",
            "low": "8.458",
            "close": "8.457"
        },
        {
            "time": "04.07.2021 23:32",
            "open": "8.457",
            "high": "8.457",
            "low": "8.457",
            "close": "8.455"
        },
        {
            "time": "04.07.2021 23:33",
            "open": "8.455",
            "high": "8.455",
            "low": "8.455",
            "close": "8.458"
        },
        {
            "time": "04.07.2021 23:37",
            "open": "8.458",
            "high": "8.458",
            "low": "8.458",
            "close": "8.458"
        },
        {
            "time": "04.07.2021 23:39",
            "open": "8.458",
            "high": "8.458",
            "low": "8.458",
            "close": "8.482"
        },
        {
            "time": "04.07.2021 23:49",
            "open": "8.482",
            "high": "8.482",
            "low": "8.482",
            "close": "8.472"
        }
    ]
}