{
    "UMA-EUR": [
        {
            "time": "29.07.2021 23:46",
            "open": "7.4",
            "high": "7.4",
            "low": "7.398",
            "close": "7.408"
        },
        {
            "time": "30.07.2021 00:26",
            "open": "7.408",
            "high": "7.408",
            "low": "7.406",
            "close": "7.42"
        },
        {
            "time": "30.07.2021 00:43",
            "open": "7.42",
            "high": "7.42",
            "low": "7.42",
            "close": "7.43"
        },
        {
            "time": "30.07.2021 01:02",
            "open": "7.43",
            "high": "7.43",
            "low": "7.43",
            "close": "7.435"
        },
        {
            "time": "30.07.2021 01:03",
            "open": "7.435",
            "high": "7.46",
            "low": "7.435",
            "close": "7.465"
        },
        {
            "time": "30.07.2021 01:09",
            "open": "7.465",
            "high": "7.47",
            "low": "7.465",
            "close": "7.475"
        },
        {
            "time": "30.07.2021 01:17",
            "open": "7.475",
            "high": "7.475",
            "low": "7.475",
            "close": "7.48"
        },
        {
            "time": "30.07.2021 01:18",
            "open": "7.48",
            "high": "7.535",
            "low": "7.48",
            "close": "7.54"
        },
        {
            "time": "30.07.2021 01:19",
            "open": "7.54",
            "high": "7.54",
            "low": "7.54",
            "close": "7.545"
        },
        {
            "time": "30.07.2021 01:20",
            "open": "7.545",
            "high": "7.545",
            "low": "7.545",
            "close": "7.529"
        },
        {
            "time": "30.07.2021 01:21",
            "open": "7.529",
            "high": "7.529",
            "low": "7.515",
            "close": "7.548"
        },
        {
            "time": "30.07.2021 01:23",
            "open": "7.548",
            "high": "7.555",
            "low": "7.548",
            "close": "7.555"
        },
        {
            "time": "30.07.2021 01:24",
            "open": "7.555",
            "high": "7.555",
            "low": "7.555",
            "close": "7.555"
        },
        {
            "time": "30.07.2021 01:25",
            "open": "7.555",
            "high": "7.555",
            "low": "7.555",
            "close": "7.56"
        },
        {
            "time": "30.07.2021 01:26",
            "open": "7.56",
            "high": "7.56",
            "low": "7.56",
            "close": "7.56"
        },
        {
            "time": "30.07.2021 01:28",
            "open": "7.56",
            "high": "7.57",
            "low": "7.56",
            "close": "7.57"
        },
        {
            "time": "30.07.2021 01:29",
            "open": "7.57",
            "high": "7.595",
            "low": "7.57",
            "close": "7.6"
        },
        {
            "time": "30.07.2021 01:30",
            "open": "7.6",
            "high": "7.604",
            "low": "7.6",
            "close": "7.605"
        },
        {
            "time": "30.07.2021 01:31",
            "open": "7.605",
            "high": "7.605",
            "low": "7.605",
            "close": "7.603"
        },
        {
            "time": "30.07.2021 01:32",
            "open": "7.603",
            "high": "7.603",
            "low": "7.596",
            "close": "7.599"
        },
        {
            "time": "30.07.2021 01:34",
            "open": "7.599",
            "high": "7.599",
            "low": "7.57",
            "close": "7.57"
        },
        {
            "time": "30.07.2021 01:37",
            "open": "7.57",
            "high": "7.57",
            "low": "7.56",
            "close": "7.572"
        },
        {
            "time": "30.07.2021 01:39",
            "open": "7.572",
            "high": "7.572",
            "low": "7.572",
            "close": "7.56"
        },
        {
            "time": "30.07.2021 01:47",
            "open": "7.56",
            "high": "7.56",
            "low": "7.55",
            "close": "7.556"
        },
        {
            "time": "30.07.2021 01:48",
            "open": "7.556",
            "high": "7.556",
            "low": "7.556",
            "close": "7.55"
        },
        {
            "time": "30.07.2021 01:50",
            "open": "7.55",
            "high": "7.55",
            "low": "7.55",
            "close": "7.545"
        },
        {
            "time": "30.07.2021 01:52",
            "open": "7.545",
            "high": "7.545",
            "low": "7.545",
            "close": "7.553"
        },
        {
            "time": "30.07.2021 02:02",
            "open": "7.553",
            "high": "7.553",
            "low": "7.553",
            "close": "7.545"
        },
        {
            "time": "30.07.2021 02:08",
            "open": "7.545",
            "high": "7.545",
            "low": "7.535",
            "close": "7.535"
        },
        {
            "time": "30.07.2021 02:09",
            "open": "7.535",
            "high": "7.535",
            "low": "7.52",
            "close": "7.526"
        },
        {
            "time": "30.07.2021 02:10",
            "open": "7.526",
            "high": "7.526",
            "low": "7.51",
            "close": "7.512"
        },
        {
            "time": "30.07.2021 02:11",
            "open": "7.512",
            "high": "7.514",
            "low": "7.512",
            "close": "7.51"
        },
        {
            "time": "30.07.2021 02:12",
            "open": "7.51",
            "high": "7.51",
            "low": "7.506",
            "close": "7.54"
        },
        {
            "time": "30.07.2021 02:16",
            "open": "7.54",
            "high": "7.54",
            "low": "7.54",
            "close": "7.545"
        },
        {
            "time": "30.07.2021 02:17",
            "open": "7.545",
            "high": "7.55",
            "low": "7.545",
            "close": "7.555"
        },
        {
            "time": "30.07.2021 02:18",
            "open": "7.555",
            "high": "7.559",
            "low": "7.555",
            "close": "7.56"
        },
        {
            "time": "30.07.2021 02:20",
            "open": "7.56",
            "high": "7.56",
            "low": "7.56",
            "close": "7.565"
        },
        {
            "time": "30.07.2021 02:25",
            "open": "7.565",
            "high": "7.58",
            "low": "7.565",
            "close": "7.585"
        },
        {
            "time": "30.07.2021 02:26",
            "open": "7.585",
            "high": "7.585",
            "low": "7.585",
            "close": "7.59"
        },
        {
            "time": "30.07.2021 02:29",
            "open": "7.59",
            "high": "7.59",
            "low": "7.59",
            "close": "7.591"
        },
        {
            "time": "30.07.2021 02:30",
            "open": "7.591",
            "high": "7.591",
            "low": "7.585",
            "close": "7.595"
        },
        {
            "time": "30.07.2021 02:36",
            "open": "7.595",
            "high": "7.6",
            "low": "7.595",
            "close": "7.605"
        },
        {
            "time": "30.07.2021 02:38",
            "open": "7.605",
            "high": "7.62",
            "low": "7.605",
            "close": "7.621"
        },
        {
            "time": "30.07.2021 02:39",
            "open": "7.621",
            "high": "7.625",
            "low": "7.61",
            "close": "7.622"
        },
        {
            "time": "30.07.2021 02:40",
            "open": "7.622",
            "high": "7.64",
            "low": "7.622",
            "close": "7.636"
        },
        {
            "time": "30.07.2021 02:43",
            "open": "7.636",
            "high": "7.636",
            "low": "7.612",
            "close": "7.635"
        },
        {
            "time": "30.07.2021 02:45",
            "open": "7.635",
            "high": "7.635",
            "low": "7.635",
            "close": "7.625"
        },
        {
            "time": "30.07.2021 02:48",
            "open": "7.625",
            "high": "7.625",
            "low": "7.625",
            "close": "7.645"
        },
        {
            "time": "30.07.2021 02:53",
            "open": "7.645",
            "high": "7.695",
            "low": "7.645",
            "close": "7.7"
        },
        {
            "time": "30.07.2021 02:54",
            "open": "7.7",
            "high": "7.709",
            "low": "7.7",
            "close": "7.71"
        },
        {
            "time": "30.07.2021 02:56",
            "open": "7.71",
            "high": "7.71",
            "low": "7.71",
            "close": "7.705"
        },
        {
            "time": "30.07.2021 02:58",
            "open": "7.705",
            "high": "7.705",
            "low": "7.705",
            "close": "7.715"
        },
        {
            "time": "30.07.2021 03:00",
            "open": "7.715",
            "high": "7.715",
            "low": "7.715",
            "close": "7.72"
        },
        {
            "time": "30.07.2021 03:02",
            "open": "7.72",
            "high": "7.72",
            "low": "7.72",
            "close": "7.725"
        },
        {
            "time": "30.07.2021 03:06",
            "open": "7.725",
            "high": "7.725",
            "low": "7.725",
            "close": "7.73"
        },
        {
            "time": "30.07.2021 03:08",
            "open": "7.73",
            "high": "7.73",
            "low": "7.73",
            "close": "7.711"
        },
        {
            "time": "30.07.2021 03:21",
            "open": "7.711",
            "high": "7.711",
            "low": "7.7",
            "close": "7.716"
        },
        {
            "time": "30.07.2021 03:23",
            "open": "7.716",
            "high": "7.723",
            "low": "7.716",
            "close": "7.7"
        },
        {
            "time": "30.07.2021 03:26",
            "open": "7.7",
            "high": "7.7",
            "low": "7.7",
            "close": "7.7"
        },
        {
            "time": "30.07.2021 03:29",
            "open": "7.7",
            "high": "7.7",
            "low": "7.695",
            "close": "7.695"
        },
        {
            "time": "30.07.2021 03:30",
            "open": "7.695",
            "high": "7.695",
            "low": "7.69",
            "close": "7.69"
        },
        {
            "time": "30.07.2021 03:33",
            "open": "7.69",
            "high": "7.69",
            "low": "7.69",
            "close": "7.71"
        },
        {
            "time": "30.07.2021 03:41",
            "open": "7.71",
            "high": "7.71",
            "low": "7.71",
            "close": "7.702"
        },
        {
            "time": "30.07.2021 03:49",
            "open": "7.702",
            "high": "7.702",
            "low": "7.702",
            "close": "7.72"
        },
        {
            "time": "30.07.2021 04:05",
            "open": "7.72",
            "high": "7.72",
            "low": "7.72",
            "close": "7.725"
        },
        {
            "time": "30.07.2021 04:06",
            "open": "7.725",
            "high": "7.725",
            "low": "7.725",
            "close": "7.725"
        },
        {
            "time": "30.07.2021 04:07",
            "open": "7.725",
            "high": "7.725",
            "low": "7.725",
            "close": "7.725"
        },
        {
            "time": "30.07.2021 04:08",
            "open": "7.725",
            "high": "7.725",
            "low": "7.725",
            "close": "7.73"
        },
        {
            "time": "30.07.2021 04:16",
            "open": "7.73",
            "high": "7.73",
            "low": "7.73",
            "close": "7.734"
        },
        {
            "time": "30.07.2021 04:17",
            "open": "7.734",
            "high": "7.735",
            "low": "7.734",
            "close": "7.7"
        },
        {
            "time": "30.07.2021 04:23",
            "open": "7.7",
            "high": "7.7",
            "low": "7.685",
            "close": "7.685"
        },
        {
            "time": "30.07.2021 04:24",
            "open": "7.685",
            "high": "7.685",
            "low": "7.68",
            "close": "7.68"
        },
        {
            "time": "30.07.2021 04:25",
            "open": "7.68",
            "high": "7.68",
            "low": "7.675",
            "close": "7.676"
        },
        {
            "time": "30.07.2021 04:26",
            "open": "7.676",
            "high": "7.676",
            "low": "7.676",
            "close": "7.675"
        },
        {
            "time": "30.07.2021 04:40",
            "open": "7.675",
            "high": "7.675",
            "low": "7.66",
            "close": "7.66"
        },
        {
            "time": "30.07.2021 04:49",
            "open": "7.66",
            "high": "7.66",
            "low": "7.645",
            "close": "7.645"
        },
        {
            "time": "30.07.2021 04:50",
            "open": "7.645",
            "high": "7.645",
            "low": "7.64",
            "close": "7.64"
        },
        {
            "time": "30.07.2021 04:52",
            "open": "7.64",
            "high": "7.64",
            "low": "7.635",
            "close": "7.635"
        },
        {
            "time": "30.07.2021 04:53",
            "open": "7.635",
            "high": "7.635",
            "low": "7.63",
            "close": "7.63"
        },
        {
            "time": "30.07.2021 04:56",
            "open": "7.63",
            "high": "7.63",
            "low": "7.625",
            "close": "7.62"
        },
        {
            "time": "30.07.2021 04:58",
            "open": "7.62",
            "high": "7.62",
            "low": "7.62",
            "close": "7.645"
        },
        {
            "time": "30.07.2021 05:35",
            "open": "7.645",
            "high": "7.645",
            "low": "7.645",
            "close": "7.62"
        },
        {
            "time": "30.07.2021 05:40",
            "open": "7.62",
            "high": "7.62",
            "low": "7.62",
            "close": "7.615"
        },
        {
            "time": "30.07.2021 05:46",
            "open": "7.615",
            "high": "7.615",
            "low": "7.61",
            "close": "7.61"
        },
        {
            "time": "30.07.2021 05:47",
            "open": "7.61",
            "high": "7.61",
            "low": "7.6",
            "close": "7.6"
        },
        {
            "time": "30.07.2021 06:01",
            "open": "7.6",
            "high": "7.6",
            "low": "7.6",
            "close": "7.595"
        },
        {
            "time": "30.07.2021 06:03",
            "open": "7.595",
            "high": "7.595",
            "low": "7.595",
            "close": "7.595"
        },
        {
            "time": "30.07.2021 06:05",
            "open": "7.595",
            "high": "7.595",
            "low": "7.59",
            "close": "7.59"
        },
        {
            "time": "30.07.2021 06:09",
            "open": "7.59",
            "high": "7.59",
            "low": "7.585",
            "close": "7.585"
        },
        {
            "time": "30.07.2021 06:10",
            "open": "7.585",
            "high": "7.585",
            "low": "7.585",
            "close": "7.58"
        },
        {
            "time": "30.07.2021 06:11",
            "open": "7.58",
            "high": "7.58",
            "low": "7.58",
            "close": "7.575"
        },
        {
            "time": "30.07.2021 06:23",
            "open": "7.575",
            "high": "7.575",
            "low": "7.575",
            "close": "7.575"
        },
        {
            "time": "30.07.2021 06:27",
            "open": "7.575",
            "high": "7.575",
            "low": "7.575",
            "close": "7.57"
        },
        {
            "time": "30.07.2021 06:40",
            "open": "7.57",
            "high": "7.57",
            "low": "7.565",
            "close": "7.56"
        },
        {
            "time": "30.07.2021 06:42",
            "open": "7.56",
            "high": "7.56",
            "low": "7.536",
            "close": "7.535"
        },
        {
            "time": "30.07.2021 06:43",
            "open": "7.535",
            "high": "7.535",
            "low": "7.53",
            "close": "7.541"
        },
        {
            "time": "30.07.2021 06:51",
            "open": "7.541",
            "high": "7.541",
            "low": "7.541",
            "close": "7.536"
        },
        {
            "time": "30.07.2021 07:26",
            "open": "7.536",
            "high": "7.536",
            "low": "7.536",
            "close": "7.547"
        },
        {
            "time": "30.07.2021 07:41",
            "open": "7.547",
            "high": "7.547",
            "low": "7.547",
            "close": "7.545"
        },
        {
            "time": "30.07.2021 07:50",
            "open": "7.545",
            "high": "7.545",
            "low": "7.545",
            "close": "7.535"
        },
        {
            "time": "30.07.2021 07:56",
            "open": "7.535",
            "high": "7.535",
            "low": "7.535",
            "close": "7.535"
        },
        {
            "time": "30.07.2021 07:58",
            "open": "7.535",
            "high": "7.535",
            "low": "7.535",
            "close": "7.527"
        },
        {
            "time": "30.07.2021 08:00",
            "open": "7.527",
            "high": "7.527",
            "low": "7.527",
            "close": "7.558"
        },
        {
            "time": "30.07.2021 08:27",
            "open": "7.558",
            "high": "7.558",
            "low": "7.558",
            "close": "7.56"
        },
        {
            "time": "30.07.2021 08:30",
            "open": "7.56",
            "high": "7.56",
            "low": "7.56",
            "close": "7.551"
        },
        {
            "time": "30.07.2021 08:45",
            "open": "7.551",
            "high": "7.551",
            "low": "7.551",
            "close": "7.561"
        },
        {
            "time": "30.07.2021 08:48",
            "open": "7.561",
            "high": "7.572",
            "low": "7.561",
            "close": "7.574"
        },
        {
            "time": "30.07.2021 08:51",
            "open": "7.574",
            "high": "7.574",
            "low": "7.574",
            "close": "7.575"
        },
        {
            "time": "30.07.2021 08:57",
            "open": "7.575",
            "high": "7.575",
            "low": "7.575",
            "close": "7.58"
        },
        {
            "time": "30.07.2021 08:59",
            "open": "7.58",
            "high": "7.58",
            "low": "7.58",
            "close": "7.585"
        },
        {
            "time": "30.07.2021 09:00",
            "open": "7.585",
            "high": "7.585",
            "low": "7.585",
            "close": "7.59"
        },
        {
            "time": "30.07.2021 09:01",
            "open": "7.59",
            "high": "7.59",
            "low": "7.59",
            "close": "7.595"
        },
        {
            "time": "30.07.2021 09:02",
            "open": "7.595",
            "high": "7.595",
            "low": "7.595",
            "close": "7.6"
        },
        {
            "time": "30.07.2021 09:03",
            "open": "7.6",
            "high": "7.6",
            "low": "7.6",
            "close": "7.605"
        },
        {
            "time": "30.07.2021 09:04",
            "open": "7.605",
            "high": "7.605",
            "low": "7.605",
            "close": "7.61"
        },
        {
            "time": "30.07.2021 09:15",
            "open": "7.61",
            "high": "7.616",
            "low": "7.61",
            "close": "7.611"
        },
        {
            "time": "30.07.2021 09:17",
            "open": "7.611",
            "high": "7.611",
            "low": "7.611",
            "close": "7.593"
        },
        {
            "time": "30.07.2021 09:22",
            "open": "7.593",
            "high": "7.597",
            "low": "7.593",
            "close": "7.587"
        },
        {
            "time": "30.07.2021 09:24",
            "open": "7.587",
            "high": "7.601",
            "low": "7.587",
            "close": "7.595"
        },
        {
            "time": "30.07.2021 09:28",
            "open": "7.595",
            "high": "7.595",
            "low": "7.595",
            "close": "7.585"
        },
        {
            "time": "30.07.2021 09:55",
            "open": "7.585",
            "high": "7.585",
            "low": "7.585",
            "close": "7.585"
        },
        {
            "time": "30.07.2021 09:56",
            "open": "7.585",
            "high": "7.585",
            "low": "7.585",
            "close": "7.58"
        },
        {
            "time": "30.07.2021 10:04",
            "open": "7.58",
            "high": "7.58",
            "low": "7.58",
            "close": "7.58"
        },
        {
            "time": "30.07.2021 10:06",
            "open": "7.58",
            "high": "7.58",
            "low": "7.555",
            "close": "7.555"
        },
        {
            "time": "30.07.2021 10:07",
            "open": "7.555",
            "high": "7.555",
            "low": "7.535",
            "close": "7.535"
        },
        {
            "time": "30.07.2021 10:09",
            "open": "7.535",
            "high": "7.535",
            "low": "7.53",
            "close": "7.53"
        },
        {
            "time": "30.07.2021 10:11",
            "open": "7.53",
            "high": "7.53",
            "low": "7.525",
            "close": "7.52"
        },
        {
            "time": "30.07.2021 10:12",
            "open": "7.52",
            "high": "7.52",
            "low": "7.52",
            "close": "7.539"
        },
        {
            "time": "30.07.2021 10:14",
            "open": "7.539",
            "high": "7.54",
            "low": "7.539",
            "close": "7.52"
        },
        {
            "time": "30.07.2021 10:16",
            "open": "7.52",
            "high": "7.52",
            "low": "7.515",
            "close": "7.518"
        },
        {
            "time": "30.07.2021 10:19",
            "open": "7.518",
            "high": "7.52",
            "low": "7.518",
            "close": "7.515"
        },
        {
            "time": "30.07.2021 10:21",
            "open": "7.515",
            "high": "7.515",
            "low": "7.512",
            "close": "7.51"
        },
        {
            "time": "30.07.2021 10:26",
            "open": "7.51",
            "high": "7.51",
            "low": "7.505",
            "close": "7.505"
        },
        {
            "time": "30.07.2021 10:27",
            "open": "7.505",
            "high": "7.505",
            "low": "7.5",
            "close": "7.495"
        },
        {
            "time": "30.07.2021 10:30",
            "open": "7.495",
            "high": "7.495",
            "low": "7.495",
            "close": "7.495"
        },
        {
            "time": "30.07.2021 10:31",
            "open": "7.495",
            "high": "7.495",
            "low": "7.48",
            "close": "7.48"
        },
        {
            "time": "30.07.2021 10:32",
            "open": "7.48",
            "high": "7.48",
            "low": "7.47",
            "close": "7.471"
        },
        {
            "time": "30.07.2021 10:33",
            "open": "7.471",
            "high": "7.471",
            "low": "7.471",
            "close": "7.47"
        },
        {
            "time": "30.07.2021 10:34",
            "open": "7.47",
            "high": "7.47",
            "low": "7.465",
            "close": "7.465"
        },
        {
            "time": "30.07.2021 10:36",
            "open": "7.465",
            "high": "7.465",
            "low": "7.45",
            "close": "7.45"
        },
        {
            "time": "30.07.2021 10:38",
            "open": "7.45",
            "high": "7.45",
            "low": "7.445",
            "close": "7.445"
        },
        {
            "time": "30.07.2021 10:39",
            "open": "7.445",
            "high": "7.445",
            "low": "7.42",
            "close": "7.42"
        },
        {
            "time": "30.07.2021 10:40",
            "open": "7.42",
            "high": "7.42",
            "low": "7.41",
            "close": "7.41"
        },
        {
            "time": "30.07.2021 10:41",
            "open": "7.41",
            "high": "7.41",
            "low": "7.347",
            "close": "7.345"
        },
        {
            "time": "30.07.2021 10:43",
            "open": "7.345",
            "high": "7.345",
            "low": "7.34",
            "close": "7.338"
        },
        {
            "time": "30.07.2021 10:44",
            "open": "7.338",
            "high": "7.338",
            "low": "7.338",
            "close": "7.335"
        },
        {
            "time": "30.07.2021 10:45",
            "open": "7.335",
            "high": "7.335",
            "low": "7.335",
            "close": "7.33"
        },
        {
            "time": "30.07.2021 10:46",
            "open": "7.33",
            "high": "7.33",
            "low": "7.31",
            "close": "7.305"
        },
        {
            "time": "30.07.2021 10:47",
            "open": "7.305",
            "high": "7.309",
            "low": "7.305",
            "close": "7.307"
        },
        {
            "time": "30.07.2021 10:49",
            "open": "7.307",
            "high": "7.307",
            "low": "7.307",
            "close": "7.3"
        },
        {
            "time": "30.07.2021 10:50",
            "open": "7.3",
            "high": "7.3",
            "low": "7.285",
            "close": "7.285"
        },
        {
            "time": "30.07.2021 10:51",
            "open": "7.285",
            "high": "7.285",
            "low": "7.252",
            "close": "7.25"
        },
        {
            "time": "30.07.2021 10:52",
            "open": "7.25",
            "high": "7.25",
            "low": "7.245",
            "close": "7.245"
        },
        {
            "time": "30.07.2021 10:53",
            "open": "7.245",
            "high": "7.245",
            "low": "7.245",
            "close": "7.24"
        },
        {
            "time": "30.07.2021 10:56",
            "open": "7.24",
            "high": "7.24",
            "low": "7.23",
            "close": "7.244"
        },
        {
            "time": "30.07.2021 11:01",
            "open": "7.244",
            "high": "7.247",
            "low": "7.244",
            "close": "7.23"
        },
        {
            "time": "30.07.2021 11:05",
            "open": "7.23",
            "high": "7.23",
            "low": "7.21",
            "close": "7.205"
        },
        {
            "time": "30.07.2021 11:06",
            "open": "7.205",
            "high": "7.205",
            "low": "7.195",
            "close": "7.19"
        },
        {
            "time": "30.07.2021 11:11",
            "open": "7.19",
            "high": "7.19",
            "low": "7.185",
            "close": "7.189"
        },
        {
            "time": "30.07.2021 11:13",
            "open": "7.189",
            "high": "7.217",
            "low": "7.189",
            "close": "7.218"
        },
        {
            "time": "30.07.2021 11:15",
            "open": "7.218",
            "high": "7.221",
            "low": "7.218",
            "close": "7.225"
        },
        {
            "time": "30.07.2021 11:17",
            "open": "7.225",
            "high": "7.225",
            "low": "7.225",
            "close": "7.207"
        },
        {
            "time": "30.07.2021 11:21",
            "open": "7.207",
            "high": "7.207",
            "low": "7.207",
            "close": "7.208"
        },
        {
            "time": "30.07.2021 11:24",
            "open": "7.208",
            "high": "7.213",
            "low": "7.19",
            "close": "7.185"
        },
        {
            "time": "30.07.2021 11:25",
            "open": "7.185",
            "high": "7.185",
            "low": "7.175",
            "close": "7.177"
        },
        {
            "time": "30.07.2021 11:26",
            "open": "7.177",
            "high": "7.191",
            "low": "7.177",
            "close": "7.17"
        },
        {
            "time": "30.07.2021 11:27",
            "open": "7.17",
            "high": "7.17",
            "low": "7.17",
            "close": "7.17"
        },
        {
            "time": "30.07.2021 11:28",
            "open": "7.17",
            "high": "7.17",
            "low": "7.15",
            "close": "7.151"
        },
        {
            "time": "30.07.2021 11:30",
            "open": "7.151",
            "high": "7.157",
            "low": "7.15",
            "close": "7.177"
        },
        {
            "time": "30.07.2021 11:31",
            "open": "7.177",
            "high": "7.177",
            "low": "7.177",
            "close": "7.18"
        },
        {
            "time": "30.07.2021 11:33",
            "open": "7.18",
            "high": "7.2",
            "low": "7.18",
            "close": "7.205"
        },
        {
            "time": "30.07.2021 11:34",
            "open": "7.205",
            "high": "7.224",
            "low": "7.205",
            "close": "7.2"
        },
        {
            "time": "30.07.2021 11:35",
            "open": "7.2",
            "high": "7.2",
            "low": "7.19",
            "close": "7.19"
        },
        {
            "time": "30.07.2021 11:41",
            "open": "7.19",
            "high": "7.19",
            "low": "7.175",
            "close": "7.177"
        },
        {
            "time": "30.07.2021 11:42",
            "open": "7.177",
            "high": "7.177",
            "low": "7.175",
            "close": "7.17"
        },
        {
            "time": "30.07.2021 11:45",
            "open": "7.17",
            "high": "7.17",
            "low": "7.17",
            "close": "7.188"
        },
        {
            "time": "30.07.2021 11:48",
            "open": "7.188",
            "high": "7.188",
            "low": "7.188",
            "close": "7.205"
        },
        {
            "time": "30.07.2021 11:52",
            "open": "7.205",
            "high": "7.235",
            "low": "7.205",
            "close": "7.234"
        },
        {
            "time": "30.07.2021 11:53",
            "open": "7.234",
            "high": "7.234",
            "low": "7.232",
            "close": "7.24"
        },
        {
            "time": "30.07.2021 11:58",
            "open": "7.24",
            "high": "7.265",
            "low": "7.24",
            "close": "7.27"
        },
        {
            "time": "30.07.2021 12:01",
            "open": "7.27",
            "high": "7.285",
            "low": "7.27",
            "close": "7.258"
        },
        {
            "time": "30.07.2021 12:02",
            "open": "7.258",
            "high": "7.272",
            "low": "7.234",
            "close": "7.23"
        },
        {
            "time": "30.07.2021 12:08",
            "open": "7.23",
            "high": "7.23",
            "low": "7.23",
            "close": "7.225"
        },
        {
            "time": "30.07.2021 12:09",
            "open": "7.225",
            "high": "7.225",
            "low": "7.22",
            "close": "7.22"
        },
        {
            "time": "30.07.2021 12:10",
            "open": "7.22",
            "high": "7.22",
            "low": "7.21",
            "close": "7.205"
        },
        {
            "time": "30.07.2021 12:11",
            "open": "7.205",
            "high": "7.205",
            "low": "7.188",
            "close": "7.195"
        },
        {
            "time": "30.07.2021 12:15",
            "open": "7.195",
            "high": "7.2",
            "low": "7.195",
            "close": "7.185"
        },
        {
            "time": "30.07.2021 12:16",
            "open": "7.185",
            "high": "7.185",
            "low": "7.155",
            "close": "7.155"
        },
        {
            "time": "30.07.2021 12:21",
            "open": "7.155",
            "high": "7.155",
            "low": "7.155",
            "close": "7.152"
        },
        {
            "time": "30.07.2021 12:26",
            "open": "7.152",
            "high": "7.152",
            "low": "7.15",
            "close": "7.165"
        },
        {
            "time": "30.07.2021 12:30",
            "open": "7.165",
            "high": "7.165",
            "low": "7.165",
            "close": "7.176"
        },
        {
            "time": "30.07.2021 12:31",
            "open": "7.176",
            "high": "7.176",
            "low": "7.176",
            "close": "7.185"
        },
        {
            "time": "30.07.2021 12:32",
            "open": "7.185",
            "high": "7.202",
            "low": "7.185",
            "close": "7.199"
        },
        {
            "time": "30.07.2021 12:46",
            "open": "7.199",
            "high": "7.199",
            "low": "7.199",
            "close": "7.205"
        },
        {
            "time": "30.07.2021 12:49",
            "open": "7.205",
            "high": "7.211",
            "low": "7.205",
            "close": "7.198"
        },
        {
            "time": "30.07.2021 12:55",
            "open": "7.198",
            "high": "7.199",
            "low": "7.198",
            "close": "7.18"
        },
        {
            "time": "30.07.2021 12:56",
            "open": "7.18",
            "high": "7.18",
            "low": "7.17",
            "close": "7.17"
        },
        {
            "time": "30.07.2021 12:57",
            "open": "7.17",
            "high": "7.17",
            "low": "7.16",
            "close": "7.16"
        },
        {
            "time": "30.07.2021 12:59",
            "open": "7.16",
            "high": "7.16",
            "low": "7.155",
            "close": "7.15"
        },
        {
            "time": "30.07.2021 13:00",
            "open": "7.15",
            "high": "7.15",
            "low": "7.15",
            "close": "7.145"
        },
        {
            "time": "30.07.2021 13:01",
            "open": "7.145",
            "high": "7.145",
            "low": "7.128",
            "close": "7.125"
        },
        {
            "time": "30.07.2021 13:02",
            "open": "7.125",
            "high": "7.131",
            "low": "7.125",
            "close": "7.131"
        },
        {
            "time": "30.07.2021 13:04",
            "open": "7.131",
            "high": "7.135",
            "low": "7.131",
            "close": "7.134"
        },
        {
            "time": "30.07.2021 13:12",
            "open": "7.134",
            "high": "7.134",
            "low": "7.134",
            "close": "7.148"
        },
        {
            "time": "30.07.2021 13:13",
            "open": "7.148",
            "high": "7.148",
            "low": "7.148",
            "close": "7.16"
        },
        {
            "time": "30.07.2021 13:15",
            "open": "7.16",
            "high": "7.173",
            "low": "7.16",
            "close": "7.157"
        },
        {
            "time": "30.07.2021 13:17",
            "open": "7.157",
            "high": "7.157",
            "low": "7.14",
            "close": "7.14"
        },
        {
            "time": "30.07.2021 13:19",
            "open": "7.14",
            "high": "7.14",
            "low": "7.124",
            "close": "7.145"
        },
        {
            "time": "30.07.2021 13:20",
            "open": "7.145",
            "high": "7.145",
            "low": "7.145",
            "close": "7.144"
        },
        {
            "time": "30.07.2021 13:27",
            "open": "7.144",
            "high": "7.144",
            "low": "7.144",
            "close": "7.135"
        },
        {
            "time": "30.07.2021 13:29",
            "open": "7.135",
            "high": "7.136",
            "low": "7.135",
            "close": "7.134"
        },
        {
            "time": "30.07.2021 13:31",
            "open": "7.134",
            "high": "7.136",
            "low": "7.134",
            "close": "7.144"
        },
        {
            "time": "30.07.2021 13:32",
            "open": "7.144",
            "high": "7.144",
            "low": "7.144",
            "close": "7.155"
        },
        {
            "time": "30.07.2021 13:33",
            "open": "7.155",
            "high": "7.155",
            "low": "7.155",
            "close": "7.148"
        },
        {
            "time": "30.07.2021 13:39",
            "open": "7.148",
            "high": "7.148",
            "low": "7.148",
            "close": "7.125"
        },
        {
            "time": "30.07.2021 13:41",
            "open": "7.125",
            "high": "7.125",
            "low": "7.125",
            "close": "7.126"
        },
        {
            "time": "30.07.2021 13:45",
            "open": "7.126",
            "high": "7.129",
            "low": "7.121",
            "close": "7.124"
        },
        {
            "time": "30.07.2021 13:46",
            "open": "7.124",
            "high": "7.124",
            "low": "7.123",
            "close": "7.123"
        },
        {
            "time": "30.07.2021 13:51",
            "open": "7.123",
            "high": "7.123",
            "low": "7.12",
            "close": "7.12"
        },
        {
            "time": "30.07.2021 13:53",
            "open": "7.12",
            "high": "7.12",
            "low": "7.07",
            "close": "7.1"
        },
        {
            "time": "30.07.2021 13:56",
            "open": "7.1",
            "high": "7.104",
            "low": "7.1",
            "close": "7.084"
        },
        {
            "time": "30.07.2021 14:01",
            "open": "7.084",
            "high": "7.084",
            "low": "7.078",
            "close": "7.088"
        },
        {
            "time": "30.07.2021 14:06",
            "open": "7.088",
            "high": "7.093",
            "low": "7.088",
            "close": "7.082"
        },
        {
            "time": "30.07.2021 14:17",
            "open": "7.082",
            "high": "7.082",
            "low": "7.082",
            "close": "7.07"
        },
        {
            "time": "30.07.2021 14:22",
            "open": "7.07",
            "high": "7.071",
            "low": "7.07",
            "close": "7.071"
        },
        {
            "time": "30.07.2021 14:23",
            "open": "7.071",
            "high": "7.075",
            "low": "7.071",
            "close": "7.075"
        },
        {
            "time": "30.07.2021 14:24",
            "open": "7.075",
            "high": "7.075",
            "low": "7.075",
            "close": "7.075"
        },
        {
            "time": "30.07.2021 14:26",
            "open": "7.075",
            "high": "7.075",
            "low": "7.062",
            "close": "7.06"
        },
        {
            "time": "30.07.2021 14:27",
            "open": "7.06",
            "high": "7.06",
            "low": "7.06",
            "close": "7.066"
        },
        {
            "time": "30.07.2021 14:30",
            "open": "7.066",
            "high": "7.066",
            "low": "7.066",
            "close": "7.073"
        },
        {
            "time": "30.07.2021 14:31",
            "open": "7.073",
            "high": "7.073",
            "low": "7.073",
            "close": "7.068"
        },
        {
            "time": "30.07.2021 14:32",
            "open": "7.068",
            "high": "7.068",
            "low": "7.068",
            "close": "7.09"
        },
        {
            "time": "30.07.2021 14:33",
            "open": "7.09",
            "high": "7.09",
            "low": "7.09",
            "close": "7.082"
        },
        {
            "time": "30.07.2021 14:35",
            "open": "7.082",
            "high": "7.082",
            "low": "7.082",
            "close": "7.094"
        },
        {
            "time": "30.07.2021 14:39",
            "open": "7.094",
            "high": "7.094",
            "low": "7.094",
            "close": "7.083"
        },
        {
            "time": "30.07.2021 14:43",
            "open": "7.083",
            "high": "7.083",
            "low": "7.083",
            "close": "7.064"
        },
        {
            "time": "30.07.2021 14:46",
            "open": "7.064",
            "high": "7.064",
            "low": "7.06",
            "close": "7.064"
        },
        {
            "time": "30.07.2021 14:48",
            "open": "7.064",
            "high": "7.066",
            "low": "7.063",
            "close": "7.083"
        },
        {
            "time": "30.07.2021 14:49",
            "open": "7.083",
            "high": "7.088",
            "low": "7.083",
            "close": "7.078"
        },
        {
            "time": "30.07.2021 14:51",
            "open": "7.078",
            "high": "7.078",
            "low": "7.078",
            "close": "7.078"
        },
        {
            "time": "30.07.2021 14:53",
            "open": "7.078",
            "high": "7.078",
            "low": "7.078",
            "close": "7.066"
        },
        {
            "time": "30.07.2021 14:54",
            "open": "7.066",
            "high": "7.066",
            "low": "7.066",
            "close": "7.06"
        },
        {
            "time": "30.07.2021 14:55",
            "open": "7.06",
            "high": "7.065",
            "low": "7.055",
            "close": "7.055"
        },
        {
            "time": "30.07.2021 14:56",
            "open": "7.055",
            "high": "7.055",
            "low": "7.055",
            "close": "7.055"
        },
        {
            "time": "30.07.2021 14:57",
            "open": "7.055",
            "high": "7.055",
            "low": "7.055",
            "close": "7.05"
        },
        {
            "time": "30.07.2021 14:59",
            "open": "7.05",
            "high": "7.054",
            "low": "7.05",
            "close": "7.05"
        },
        {
            "time": "30.07.2021 15:01",
            "open": "7.05",
            "high": "7.05",
            "low": "7.031",
            "close": "7.032"
        },
        {
            "time": "30.07.2021 15:06",
            "open": "7.032",
            "high": "7.032",
            "low": "7.03",
            "close": "7.031"
        },
        {
            "time": "30.07.2021 15:09",
            "open": "7.031",
            "high": "7.031",
            "low": "7.031",
            "close": "7.03"
        },
        {
            "time": "30.07.2021 15:10",
            "open": "7.03",
            "high": "7.03",
            "low": "7.02",
            "close": "7.02"
        },
        {
            "time": "30.07.2021 15:11",
            "open": "7.02",
            "high": "7.02",
            "low": "7.015",
            "close": "7.015"
        },
        {
            "time": "30.07.2021 15:14",
            "open": "7.015",
            "high": "7.015",
            "low": "6.985",
            "close": "6.981"
        },
        {
            "time": "30.07.2021 15:15",
            "open": "6.981",
            "high": "6.994",
            "low": "6.981",
            "close": "6.981"
        },
        {
            "time": "30.07.2021 15:16",
            "open": "6.981",
            "high": "6.983",
            "low": "6.981",
            "close": "6.98"
        },
        {
            "time": "30.07.2021 15:17",
            "open": "6.98",
            "high": "6.98",
            "low": "6.97",
            "close": "6.97"
        },
        {
            "time": "30.07.2021 15:18",
            "open": "6.97",
            "high": "6.97",
            "low": "6.97",
            "close": "6.972"
        },
        {
            "time": "30.07.2021 15:19",
            "open": "6.972",
            "high": "7.03",
            "low": "6.972",
            "close": "7.01"
        },
        {
            "time": "30.07.2021 15:20",
            "open": "7.01",
            "high": "7.058",
            "low": "7.009",
            "close": "7.054"
        },
        {
            "time": "30.07.2021 15:22",
            "open": "7.054",
            "high": "7.076",
            "low": "7.054",
            "close": "7.063"
        },
        {
            "time": "30.07.2021 15:24",
            "open": "7.063",
            "high": "7.066",
            "low": "7.063",
            "close": "7.069"
        },
        {
            "time": "30.07.2021 15:25",
            "open": "7.069",
            "high": "7.076",
            "low": "7.069",
            "close": "7.069"
        },
        {
            "time": "30.07.2021 15:26",
            "open": "7.069",
            "high": "7.069",
            "low": "7.065",
            "close": "7.06"
        },
        {
            "time": "30.07.2021 15:31",
            "open": "7.06",
            "high": "7.06",
            "low": "7.06",
            "close": "7.06"
        },
        {
            "time": "30.07.2021 15:32",
            "open": "7.06",
            "high": "7.06",
            "low": "7.046",
            "close": "7.048"
        },
        {
            "time": "30.07.2021 15:33",
            "open": "7.048",
            "high": "7.048",
            "low": "7.048",
            "close": "7.05"
        },
        {
            "time": "30.07.2021 15:34",
            "open": "7.05",
            "high": "7.05",
            "low": "7.05",
            "close": "7.053"
        },
        {
            "time": "30.07.2021 15:35",
            "open": "7.053",
            "high": "7.065",
            "low": "7.053",
            "close": "7.08"
        },
        {
            "time": "30.07.2021 15:36",
            "open": "7.08",
            "high": "7.09",
            "low": "7.08",
            "close": "7.095"
        },
        {
            "time": "30.07.2021 15:38",
            "open": "7.095",
            "high": "7.096",
            "low": "7.095",
            "close": "7.099"
        },
        {
            "time": "30.07.2021 15:40",
            "open": "7.099",
            "high": "7.099",
            "low": "7.096",
            "close": "7.095"
        },
        {
            "time": "30.07.2021 15:41",
            "open": "7.095",
            "high": "7.1",
            "low": "7.095",
            "close": "7.105"
        },
        {
            "time": "30.07.2021 15:43",
            "open": "7.105",
            "high": "7.108",
            "low": "7.105",
            "close": "7.11"
        },
        {
            "time": "30.07.2021 15:46",
            "open": "7.11",
            "high": "7.117",
            "low": "7.11",
            "close": "7.106"
        },
        {
            "time": "30.07.2021 15:47",
            "open": "7.106",
            "high": "7.106",
            "low": "7.092",
            "close": "7.095"
        },
        {
            "time": "30.07.2021 15:49",
            "open": "7.095",
            "high": "7.095",
            "low": "7.095",
            "close": "7.085"
        },
        {
            "time": "30.07.2021 15:51",
            "open": "7.085",
            "high": "7.085",
            "low": "7.075",
            "close": "7.075"
        },
        {
            "time": "30.07.2021 15:52",
            "open": "7.075",
            "high": "7.075",
            "low": "7.07",
            "close": "7.071"
        },
        {
            "time": "30.07.2021 15:54",
            "open": "7.071",
            "high": "7.071",
            "low": "7.071",
            "close": "7.07"
        },
        {
            "time": "30.07.2021 15:56",
            "open": "7.07",
            "high": "7.07",
            "low": "7.055",
            "close": "7.055"
        },
        {
            "time": "30.07.2021 15:58",
            "open": "7.055",
            "high": "7.055",
            "low": "7.05",
            "close": "7.05"
        },
        {
            "time": "30.07.2021 16:00",
            "open": "7.05",
            "high": "7.05",
            "low": "7.045",
            "close": "7.045"
        },
        {
            "time": "30.07.2021 16:01",
            "open": "7.045",
            "high": "7.045",
            "low": "7.04",
            "close": "7.045"
        },
        {
            "time": "30.07.2021 16:02",
            "open": "7.045",
            "high": "7.078",
            "low": "7.045",
            "close": "7.071"
        },
        {
            "time": "30.07.2021 16:07",
            "open": "7.071",
            "high": "7.072",
            "low": "7.071",
            "close": "7.08"
        },
        {
            "time": "30.07.2021 16:09",
            "open": "7.08",
            "high": "7.1",
            "low": "7.08",
            "close": "7.105"
        },
        {
            "time": "30.07.2021 16:10",
            "open": "7.105",
            "high": "7.105",
            "low": "7.105",
            "close": "7.103"
        },
        {
            "time": "30.07.2021 16:13",
            "open": "7.103",
            "high": "7.103",
            "low": "7.097",
            "close": "7.101"
        },
        {
            "time": "30.07.2021 16:15",
            "open": "7.101",
            "high": "7.102",
            "low": "7.101",
            "close": "7.091"
        },
        {
            "time": "30.07.2021 16:16",
            "open": "7.091",
            "high": "7.091",
            "low": "7.075",
            "close": "7.092"
        },
        {
            "time": "30.07.2021 16:17",
            "open": "7.092",
            "high": "7.092",
            "low": "7.092",
            "close": "7.097"
        },
        {
            "time": "30.07.2021 16:21",
            "open": "7.097",
            "high": "7.097",
            "low": "7.097",
            "close": "7.089"
        },
        {
            "time": "30.07.2021 16:25",
            "open": "7.089",
            "high": "7.089",
            "low": "7.089",
            "close": "7.091"
        },
        {
            "time": "30.07.2021 16:28",
            "open": "7.091",
            "high": "7.092",
            "low": "7.091",
            "close": "7.075"
        },
        {
            "time": "30.07.2021 16:31",
            "open": "7.075",
            "high": "7.075",
            "low": "7.06",
            "close": "7.06"
        },
        {
            "time": "30.07.2021 16:32",
            "open": "7.06",
            "high": "7.06",
            "low": "7.055",
            "close": "7.055"
        },
        {
            "time": "30.07.2021 16:34",
            "open": "7.055",
            "high": "7.055",
            "low": "7.055",
            "close": "7.055"
        },
        {
            "time": "30.07.2021 16:36",
            "open": "7.055",
            "high": "7.055",
            "low": "7.045",
            "close": "7.04"
        },
        {
            "time": "30.07.2021 16:37",
            "open": "7.04",
            "high": "7.04",
            "low": "7.035",
            "close": "7.047"
        },
        {
            "time": "30.07.2021 16:44",
            "open": "7.047",
            "high": "7.05",
            "low": "7.047",
            "close": "7.051"
        },
        {
            "time": "30.07.2021 16:47",
            "open": "7.051",
            "high": "7.051",
            "low": "7.051",
            "close": "7.039"
        },
        {
            "time": "30.07.2021 16:49",
            "open": "7.039",
            "high": "7.039",
            "low": "7.039",
            "close": "7.035"
        },
        {
            "time": "30.07.2021 16:51",
            "open": "7.035",
            "high": "7.035",
            "low": "7.035",
            "close": "7.03"
        },
        {
            "time": "30.07.2021 16:53",
            "open": "7.03",
            "high": "7.03",
            "low": "7.03",
            "close": "7.032"
        },
        {
            "time": "30.07.2021 16:55",
            "open": "7.032",
            "high": "7.041",
            "low": "7.032",
            "close": "7.032"
        },
        {
            "time": "30.07.2021 16:56",
            "open": "7.032",
            "high": "7.04",
            "low": "7.032",
            "close": "7.043"
        },
        {
            "time": "30.07.2021 16:58",
            "open": "7.043",
            "high": "7.043",
            "low": "7.043",
            "close": "7.035"
        },
        {
            "time": "30.07.2021 17:01",
            "open": "7.035",
            "high": "7.036",
            "low": "7.035",
            "close": "7.033"
        },
        {
            "time": "30.07.2021 17:02",
            "open": "7.033",
            "high": "7.033",
            "low": "7.033",
            "close": "7.032"
        },
        {
            "time": "30.07.2021 17:03",
            "open": "7.032",
            "high": "7.032",
            "low": "7.032",
            "close": "7.051"
        },
        {
            "time": "30.07.2021 17:07",
            "open": "7.051",
            "high": "7.052",
            "low": "7.051",
            "close": "7.053"
        },
        {
            "time": "30.07.2021 17:10",
            "open": "7.053",
            "high": "7.053",
            "low": "7.053",
            "close": "7.064"
        },
        {
            "time": "30.07.2021 17:12",
            "open": "7.064",
            "high": "7.064",
            "low": "7.064",
            "close": "7.062"
        },
        {
            "time": "30.07.2021 17:13",
            "open": "7.062",
            "high": "7.064",
            "low": "7.061",
            "close": "7.064"
        },
        {
            "time": "30.07.2021 17:16",
            "open": "7.064",
            "high": "7.07",
            "low": "7.061",
            "close": "7.071"
        },
        {
            "time": "30.07.2021 17:19",
            "open": "7.071",
            "high": "7.071",
            "low": "7.071",
            "close": "7.059"
        },
        {
            "time": "30.07.2021 17:22",
            "open": "7.059",
            "high": "7.062",
            "low": "7.059",
            "close": "7.049"
        },
        {
            "time": "30.07.2021 17:26",
            "open": "7.049",
            "high": "7.054",
            "low": "7.049",
            "close": "7.04"
        },
        {
            "time": "30.07.2021 17:37",
            "open": "7.04",
            "high": "7.04",
            "low": "7.035",
            "close": "7.039"
        },
        {
            "time": "30.07.2021 17:38",
            "open": "7.039",
            "high": "7.042",
            "low": "7.039",
            "close": "7.056"
        },
        {
            "time": "30.07.2021 17:40",
            "open": "7.056",
            "high": "7.056",
            "low": "7.056",
            "close": "7.064"
        },
        {
            "time": "30.07.2021 17:41",
            "open": "7.064",
            "high": "7.064",
            "low": "7.064",
            "close": "7.064"
        },
        {
            "time": "30.07.2021 17:42",
            "open": "7.064",
            "high": "7.064",
            "low": "7.064",
            "close": "7.059"
        },
        {
            "time": "30.07.2021 17:43",
            "open": "7.059",
            "high": "7.059",
            "low": "7.059",
            "close": "7.065"
        },
        {
            "time": "30.07.2021 17:45",
            "open": "7.065",
            "high": "7.071",
            "low": "7.065",
            "close": "7.06"
        },
        {
            "time": "30.07.2021 17:46",
            "open": "7.06",
            "high": "7.06",
            "low": "7.06",
            "close": "7.04"
        },
        {
            "time": "30.07.2021 17:47",
            "open": "7.04",
            "high": "7.04",
            "low": "7.04",
            "close": "7.043"
        },
        {
            "time": "30.07.2021 17:56",
            "open": "7.043",
            "high": "7.043",
            "low": "7.043",
            "close": "7.049"
        },
        {
            "time": "30.07.2021 17:59",
            "open": "7.049",
            "high": "7.049",
            "low": "7.049",
            "close": "7.049"
        },
        {
            "time": "30.07.2021 18:00",
            "open": "7.049",
            "high": "7.052",
            "low": "7.049",
            "close": "7.04"
        },
        {
            "time": "30.07.2021 18:01",
            "open": "7.04",
            "high": "7.04",
            "low": "7.035",
            "close": "7.03"
        },
        {
            "time": "30.07.2021 18:03",
            "open": "7.03",
            "high": "7.03",
            "low": "7.025",
            "close": "7.025"
        },
        {
            "time": "30.07.2021 18:05",
            "open": "7.025",
            "high": "7.025",
            "low": "7.025",
            "close": "7.025"
        },
        {
            "time": "30.07.2021 18:12",
            "open": "7.025",
            "high": "7.025",
            "low": "7.025",
            "close": "7.02"
        },
        {
            "time": "30.07.2021 18:15",
            "open": "7.02",
            "high": "7.02",
            "low": "7.01",
            "close": "7.01"
        },
        {
            "time": "30.07.2021 18:16",
            "open": "7.01",
            "high": "7.01",
            "low": "6.979",
            "close": "7.001"
        },
        {
            "time": "30.07.2021 18:17",
            "open": "7.001",
            "high": "7.001",
            "low": "7.001",
            "close": "7.01"
        },
        {
            "time": "30.07.2021 18:21",
            "open": "7.01",
            "high": "7.01",
            "low": "7.01",
            "close": "7.015"
        },
        {
            "time": "30.07.2021 18:22",
            "open": "7.015",
            "high": "7.017",
            "low": "7.015",
            "close": "7.006"
        },
        {
            "time": "30.07.2021 18:24",
            "open": "7.006",
            "high": "7.025",
            "low": "7.005",
            "close": "7.029"
        },
        {
            "time": "30.07.2021 18:26",
            "open": "7.029",
            "high": "7.031",
            "low": "7.029",
            "close": "7.015"
        },
        {
            "time": "30.07.2021 18:28",
            "open": "7.015",
            "high": "7.015",
            "low": "7.015",
            "close": "7.004"
        },
        {
            "time": "30.07.2021 18:36",
            "open": "7.004",
            "high": "7.004",
            "low": "7.004",
            "close": "7.009"
        },
        {
            "time": "30.07.2021 18:37",
            "open": "7.009",
            "high": "7.009",
            "low": "7.009",
            "close": "7"
        },
        {
            "time": "30.07.2021 18:38",
            "open": "7",
            "high": "7.012",
            "low": "7",
            "close": "7.035"
        },
        {
            "time": "30.07.2021 18:45",
            "open": "7.035",
            "high": "7.035",
            "low": "7.035",
            "close": "7.04"
        },
        {
            "time": "30.07.2021 18:46",
            "open": "7.04",
            "high": "7.045",
            "low": "7.04",
            "close": "7.031"
        },
        {
            "time": "30.07.2021 18:48",
            "open": "7.031",
            "high": "7.031",
            "low": "7.031",
            "close": "7.037"
        },
        {
            "time": "30.07.2021 18:49",
            "open": "7.037",
            "high": "7.037",
            "low": "7.037",
            "close": "7.024"
        },
        {
            "time": "30.07.2021 19:01",
            "open": "7.024",
            "high": "7.024",
            "low": "7.021",
            "close": "7.029"
        },
        {
            "time": "30.07.2021 19:02",
            "open": "7.029",
            "high": "7.029",
            "low": "7.029",
            "close": "7.029"
        },
        {
            "time": "30.07.2021 19:04",
            "open": "7.029",
            "high": "7.032",
            "low": "7.029",
            "close": "7.026"
        },
        {
            "time": "30.07.2021 19:08",
            "open": "7.026",
            "high": "7.026",
            "low": "7.026",
            "close": "7.045"
        },
        {
            "time": "30.07.2021 19:20",
            "open": "7.045",
            "high": "7.049",
            "low": "7.045",
            "close": "7.05"
        },
        {
            "time": "30.07.2021 19:22",
            "open": "7.05",
            "high": "7.095",
            "low": "7.05",
            "close": "7.1"
        },
        {
            "time": "30.07.2021 19:23",
            "open": "7.1",
            "high": "7.102",
            "low": "7.095",
            "close": "7.105"
        },
        {
            "time": "30.07.2021 19:24",
            "open": "7.105",
            "high": "7.13",
            "low": "7.105",
            "close": "7.13"
        },
        {
            "time": "30.07.2021 19:25",
            "open": "7.13",
            "high": "7.13",
            "low": "7.12",
            "close": "7.128"
        },
        {
            "time": "30.07.2021 19:26",
            "open": "7.128",
            "high": "7.128",
            "low": "7.1",
            "close": "7.1"
        },
        {
            "time": "30.07.2021 19:27",
            "open": "7.1",
            "high": "7.1",
            "low": "7.085",
            "close": "7.085"
        },
        {
            "time": "30.07.2021 19:28",
            "open": "7.085",
            "high": "7.085",
            "low": "7.065",
            "close": "7.065"
        },
        {
            "time": "30.07.2021 19:31",
            "open": "7.065",
            "high": "7.065",
            "low": "7.06",
            "close": "7.065"
        },
        {
            "time": "30.07.2021 19:33",
            "open": "7.065",
            "high": "7.065",
            "low": "7.063",
            "close": "7.063"
        },
        {
            "time": "30.07.2021 19:34",
            "open": "7.063",
            "high": "7.063",
            "low": "7.063",
            "close": "7.06"
        },
        {
            "time": "30.07.2021 19:36",
            "open": "7.06",
            "high": "7.06",
            "low": "7.045",
            "close": "7.045"
        },
        {
            "time": "30.07.2021 19:41",
            "open": "7.045",
            "high": "7.045",
            "low": "7.04",
            "close": "7.045"
        },
        {
            "time": "30.07.2021 19:42",
            "open": "7.045",
            "high": "7.045",
            "low": "7.045",
            "close": "7.04"
        },
        {
            "time": "30.07.2021 19:44",
            "open": "7.04",
            "high": "7.04",
            "low": "7.04",
            "close": "7.045"
        },
        {
            "time": "30.07.2021 19:45",
            "open": "7.045",
            "high": "7.045",
            "low": "7.045",
            "close": "7.035"
        },
        {
            "time": "30.07.2021 19:46",
            "open": "7.035",
            "high": "7.035",
            "low": "7.035",
            "close": "7.035"
        },
        {
            "time": "30.07.2021 19:49",
            "open": "7.035",
            "high": "7.035",
            "low": "7.035",
            "close": "7.03"
        },
        {
            "time": "30.07.2021 19:56",
            "open": "7.03",
            "high": "7.03",
            "low": "7.03",
            "close": "7.035"
        },
        {
            "time": "30.07.2021 19:57",
            "open": "7.035",
            "high": "7.104",
            "low": "7.035",
            "close": "7.087"
        },
        {
            "time": "30.07.2021 19:58",
            "open": "7.087",
            "high": "7.087",
            "low": "7.087",
            "close": "7.081"
        },
        {
            "time": "30.07.2021 20:01",
            "open": "7.081",
            "high": "7.081",
            "low": "7.081",
            "close": "7.097"
        },
        {
            "time": "30.07.2021 20:03",
            "open": "7.097",
            "high": "7.099",
            "low": "7.097",
            "close": "7.083"
        },
        {
            "time": "30.07.2021 20:05",
            "open": "7.083",
            "high": "7.083",
            "low": "7.083",
            "close": "7.091"
        },
        {
            "time": "30.07.2021 20:07",
            "open": "7.091",
            "high": "7.092",
            "low": "7.091",
            "close": "7.083"
        },
        {
            "time": "30.07.2021 20:08",
            "open": "7.083",
            "high": "7.083",
            "low": "7.083",
            "close": "7.087"
        },
        {
            "time": "30.07.2021 20:13",
            "open": "7.087",
            "high": "7.087",
            "low": "7.087",
            "close": "7.083"
        },
        {
            "time": "30.07.2021 20:15",
            "open": "7.083",
            "high": "7.083",
            "low": "7.083",
            "close": "7.099"
        },
        {
            "time": "30.07.2021 20:18",
            "open": "7.099",
            "high": "7.099",
            "low": "7.099",
            "close": "7.104"
        },
        {
            "time": "30.07.2021 20:20",
            "open": "7.104",
            "high": "7.104",
            "low": "7.104",
            "close": "7.088"
        },
        {
            "time": "30.07.2021 20:21",
            "open": "7.088",
            "high": "7.088",
            "low": "7.088",
            "close": "7.084"
        },
        {
            "time": "30.07.2021 20:23",
            "open": "7.084",
            "high": "7.084",
            "low": "7.084",
            "close": "7.084"
        },
        {
            "time": "30.07.2021 20:25",
            "open": "7.084",
            "high": "7.087",
            "low": "7.084",
            "close": "7.084"
        },
        {
            "time": "30.07.2021 20:26",
            "open": "7.084",
            "high": "7.09",
            "low": "7.078",
            "close": "7.091"
        },
        {
            "time": "30.07.2021 20:27",
            "open": "7.091",
            "high": "7.091",
            "low": "7.091",
            "close": "7.09"
        },
        {
            "time": "30.07.2021 20:30",
            "open": "7.09",
            "high": "7.09",
            "low": "7.09",
            "close": "7.088"
        },
        {
            "time": "30.07.2021 20:31",
            "open": "7.088",
            "high": "7.088",
            "low": "7.07",
            "close": "7.071"
        },
        {
            "time": "30.07.2021 20:32",
            "open": "7.071",
            "high": "7.073",
            "low": "7.07",
            "close": "7.099"
        },
        {
            "time": "30.07.2021 20:38",
            "open": "7.099",
            "high": "7.099",
            "low": "7.099",
            "close": "7.1"
        },
        {
            "time": "30.07.2021 20:39",
            "open": "7.1",
            "high": "7.12",
            "low": "7.1",
            "close": "7.119"
        },
        {
            "time": "30.07.2021 20:42",
            "open": "7.119",
            "high": "7.2",
            "low": "7.103",
            "close": "7.12"
        },
        {
            "time": "30.07.2021 20:43",
            "open": "7.12",
            "high": "7.121",
            "low": "7.114",
            "close": "7.119"
        },
        {
            "time": "30.07.2021 20:44",
            "open": "7.119",
            "high": "7.119",
            "low": "7.11",
            "close": "7.117"
        },
        {
            "time": "30.07.2021 20:45",
            "open": "7.117",
            "high": "7.135",
            "low": "7.117",
            "close": "7.115"
        },
        {
            "time": "30.07.2021 20:46",
            "open": "7.115",
            "high": "7.115",
            "low": "7.115",
            "close": "7.127"
        },
        {
            "time": "30.07.2021 20:50",
            "open": "7.127",
            "high": "7.128",
            "low": "7.127",
            "close": "7.114"
        },
        {
            "time": "30.07.2021 20:51",
            "open": "7.114",
            "high": "7.114",
            "low": "7.105",
            "close": "7.111"
        },
        {
            "time": "30.07.2021 20:54",
            "open": "7.111",
            "high": "7.111",
            "low": "7.111",
            "close": "7.105"
        },
        {
            "time": "30.07.2021 20:56",
            "open": "7.105",
            "high": "7.113",
            "low": "7.105",
            "close": "7.122"
        },
        {
            "time": "30.07.2021 20:57",
            "open": "7.122",
            "high": "7.122",
            "low": "7.122",
            "close": "7.111"
        },
        {
            "time": "30.07.2021 21:01",
            "open": "7.111",
            "high": "7.111",
            "low": "7.111",
            "close": "7.12"
        },
        {
            "time": "30.07.2021 21:09",
            "open": "7.12",
            "high": "7.12",
            "low": "7.12",
            "close": "7.115"
        },
        {
            "time": "30.07.2021 21:11",
            "open": "7.115",
            "high": "7.115",
            "low": "7.106",
            "close": "7.105"
        },
        {
            "time": "30.07.2021 21:12",
            "open": "7.105",
            "high": "7.105",
            "low": "7.105",
            "close": "7.106"
        },
        {
            "time": "30.07.2021 21:14",
            "open": "7.106",
            "high": "7.11",
            "low": "7.106",
            "close": "7.117"
        },
        {
            "time": "30.07.2021 21:15",
            "open": "7.117",
            "high": "7.126",
            "low": "7.117",
            "close": "7.135"
        },
        {
            "time": "30.07.2021 21:19",
            "open": "7.135",
            "high": "7.135",
            "low": "7.135",
            "close": "7.135"
        },
        {
            "time": "30.07.2021 21:21",
            "open": "7.135",
            "high": "7.135",
            "low": "7.128",
            "close": "7.126"
        },
        {
            "time": "30.07.2021 21:25",
            "open": "7.126",
            "high": "7.126",
            "low": "7.126",
            "close": "7.126"
        },
        {
            "time": "30.07.2021 21:26",
            "open": "7.126",
            "high": "7.126",
            "low": "7.126",
            "close": "7.127"
        },
        {
            "time": "30.07.2021 21:31",
            "open": "7.127",
            "high": "7.127",
            "low": "7.127",
            "close": "7.105"
        },
        {
            "time": "30.07.2021 21:36",
            "open": "7.105",
            "high": "7.11",
            "low": "7.105",
            "close": "7.11"
        },
        {
            "time": "30.07.2021 21:38",
            "open": "7.11",
            "high": "7.114",
            "low": "7.11",
            "close": "7.12"
        },
        {
            "time": "30.07.2021 21:39",
            "open": "7.12",
            "high": "7.12",
            "low": "7.12",
            "close": "7.11"
        },
        {
            "time": "30.07.2021 21:41",
            "open": "7.11",
            "high": "7.11",
            "low": "7.11",
            "close": "7.11"
        },
        {
            "time": "30.07.2021 21:42",
            "open": "7.11",
            "high": "7.11",
            "low": "7.11",
            "close": "7.113"
        },
        {
            "time": "30.07.2021 21:43",
            "open": "7.113",
            "high": "7.114",
            "low": "7.113",
            "close": "7.13"
        },
        {
            "time": "30.07.2021 21:51",
            "open": "7.13",
            "high": "7.136",
            "low": "7.13",
            "close": "7.134"
        },
        {
            "time": "30.07.2021 21:52",
            "open": "7.134",
            "high": "7.134",
            "low": "7.134",
            "close": "7.14"
        },
        {
            "time": "30.07.2021 21:54",
            "open": "7.14",
            "high": "7.14",
            "low": "7.14",
            "close": "7.145"
        },
        {
            "time": "30.07.2021 21:55",
            "open": "7.145",
            "high": "7.15",
            "low": "7.145",
            "close": "7.138"
        },
        {
            "time": "30.07.2021 21:56",
            "open": "7.138",
            "high": "7.152",
            "low": "7.135",
            "close": "7.152"
        },
        {
            "time": "30.07.2021 21:57",
            "open": "7.152",
            "high": "7.152",
            "low": "7.152",
            "close": "7.155"
        },
        {
            "time": "30.07.2021 21:59",
            "open": "7.155",
            "high": "7.16",
            "low": "7.155",
            "close": "7.16"
        },
        {
            "time": "30.07.2021 22:02",
            "open": "7.16",
            "high": "7.16",
            "low": "7.16",
            "close": "7.16"
        },
        {
            "time": "30.07.2021 22:03",
            "open": "7.16",
            "high": "7.165",
            "low": "7.16",
            "close": "7.165"
        },
        {
            "time": "30.07.2021 22:04",
            "open": "7.165",
            "high": "7.173",
            "low": "7.165",
            "close": "7.165"
        },
        {
            "time": "30.07.2021 22:05",
            "open": "7.165",
            "high": "7.165",
            "low": "7.164",
            "close": "7.17"
        },
        {
            "time": "30.07.2021 22:06",
            "open": "7.17",
            "high": "7.17",
            "low": "7.17",
            "close": "7.172"
        },
        {
            "time": "30.07.2021 22:07",
            "open": "7.172",
            "high": "7.172",
            "low": "7.172",
            "close": "7.174"
        },
        {
            "time": "30.07.2021 22:09",
            "open": "7.174",
            "high": "7.18",
            "low": "7.174",
            "close": "7.182"
        },
        {
            "time": "30.07.2021 22:10",
            "open": "7.182",
            "high": "7.2",
            "low": "7.182",
            "close": "7.191"
        },
        {
            "time": "30.07.2021 22:13",
            "open": "7.191",
            "high": "7.191",
            "low": "7.191",
            "close": "7.205"
        },
        {
            "time": "30.07.2021 22:14",
            "open": "7.205",
            "high": "7.205",
            "low": "7.205",
            "close": "7.194"
        },
        {
            "time": "30.07.2021 22:15",
            "open": "7.194",
            "high": "7.194",
            "low": "7.19",
            "close": "7.209"
        },
        {
            "time": "30.07.2021 22:17",
            "open": "7.209",
            "high": "7.209",
            "low": "7.209",
            "close": "7.201"
        },
        {
            "time": "30.07.2021 22:18",
            "open": "7.201",
            "high": "7.201",
            "low": "7.175",
            "close": "7.181"
        },
        {
            "time": "30.07.2021 22:19",
            "open": "7.181",
            "high": "7.184",
            "low": "7.181",
            "close": "7.197"
        },
        {
            "time": "30.07.2021 22:20",
            "open": "7.197",
            "high": "7.197",
            "low": "7.197",
            "close": "7.21"
        },
        {
            "time": "30.07.2021 22:23",
            "open": "7.21",
            "high": "7.21",
            "low": "7.21",
            "close": "7.196"
        },
        {
            "time": "30.07.2021 22:25",
            "open": "7.196",
            "high": "7.196",
            "low": "7.196",
            "close": "7.21"
        },
        {
            "time": "30.07.2021 22:26",
            "open": "7.21",
            "high": "7.22",
            "low": "7.205",
            "close": "7.22"
        },
        {
            "time": "30.07.2021 22:28",
            "open": "7.22",
            "high": "7.25",
            "low": "7.22",
            "close": "7.252"
        },
        {
            "time": "30.07.2021 22:29",
            "open": "7.252",
            "high": "7.252",
            "low": "7.252",
            "close": "7.232"
        },
        {
            "time": "30.07.2021 22:32",
            "open": "7.232",
            "high": "7.232",
            "low": "7.232",
            "close": "7.22"
        },
        {
            "time": "30.07.2021 22:33",
            "open": "7.22",
            "high": "7.233",
            "low": "7.22",
            "close": "7.22"
        },
        {
            "time": "30.07.2021 22:35",
            "open": "7.22",
            "high": "7.22",
            "low": "7.2",
            "close": "7.22"
        },
        {
            "time": "30.07.2021 22:36",
            "open": "7.22",
            "high": "7.22",
            "low": "7.219",
            "close": "7.22"
        },
        {
            "time": "30.07.2021 22:43",
            "open": "7.22",
            "high": "7.22",
            "low": "7.22",
            "close": "7.22"
        },
        {
            "time": "30.07.2021 22:44",
            "open": "7.22",
            "high": "7.223",
            "low": "7.22",
            "close": "7.23"
        },
        {
            "time": "30.07.2021 22:48",
            "open": "7.23",
            "high": "7.235",
            "low": "7.23",
            "close": "7.235"
        },
        {
            "time": "30.07.2021 22:49",
            "open": "7.235",
            "high": "7.265",
            "low": "7.235",
            "close": "7.27"
        },
        {
            "time": "30.07.2021 22:50",
            "open": "7.27",
            "high": "7.27",
            "low": "7.225",
            "close": "7.25"
        },
        {
            "time": "30.07.2021 22:51",
            "open": "7.25",
            "high": "7.3",
            "low": "7.25",
            "close": "7.27"
        },
        {
            "time": "30.07.2021 22:52",
            "open": "7.27",
            "high": "7.272",
            "low": "7.265",
            "close": "7.29"
        },
        {
            "time": "30.07.2021 22:53",
            "open": "7.29",
            "high": "7.29",
            "low": "7.24",
            "close": "7.235"
        },
        {
            "time": "30.07.2021 22:54",
            "open": "7.235",
            "high": "7.275",
            "low": "7.235",
            "close": "7.276"
        },
        {
            "time": "30.07.2021 22:56",
            "open": "7.276",
            "high": "7.276",
            "low": "7.276",
            "close": "7.28"
        },
        {
            "time": "30.07.2021 23:00",
            "open": "7.28",
            "high": "7.28",
            "low": "7.28",
            "close": "7.269"
        },
        {
            "time": "30.07.2021 23:05",
            "open": "7.269",
            "high": "7.269",
            "low": "7.269",
            "close": "7.275"
        },
        {
            "time": "30.07.2021 23:06",
            "open": "7.275",
            "high": "7.278",
            "low": "7.255",
            "close": "7.257"
        },
        {
            "time": "30.07.2021 23:08",
            "open": "7.257",
            "high": "7.257",
            "low": "7.257",
            "close": "7.278"
        },
        {
            "time": "30.07.2021 23:11",
            "open": "7.278",
            "high": "7.29",
            "low": "7.278",
            "close": "7.29"
        },
        {
            "time": "30.07.2021 23:12",
            "open": "7.29",
            "high": "7.3",
            "low": "7.28",
            "close": "7.27"
        },
        {
            "time": "30.07.2021 23:16",
            "open": "7.27",
            "high": "7.27",
            "low": "7.27",
            "close": "7.265"
        },
        {
            "time": "30.07.2021 23:17",
            "open": "7.265",
            "high": "7.265",
            "low": "7.263",
            "close": "7.285"
        },
        {
            "time": "30.07.2021 23:19",
            "open": "7.285",
            "high": "7.293",
            "low": "7.285",
            "close": "7.274"
        },
        {
            "time": "30.07.2021 23:21",
            "open": "7.274",
            "high": "7.293",
            "low": "7.274",
            "close": "7.295"
        },
        {
            "time": "30.07.2021 23:35",
            "open": "7.295",
            "high": "7.295",
            "low": "7.295",
            "close": "7.291"
        },
        {
            "time": "30.07.2021 23:37",
            "open": "7.291",
            "high": "7.291",
            "low": "7.291",
            "close": "7.295"
        },
        {
            "time": "30.07.2021 23:39",
            "open": "7.295",
            "high": "7.295",
            "low": "7.295",
            "close": "7.299"
        },
        {
            "time": "30.07.2021 23:41",
            "open": "7.299",
            "high": "7.301",
            "low": "7.299",
            "close": "7.288"
        },
        {
            "time": "30.07.2021 23:42",
            "open": "7.288",
            "high": "7.288",
            "low": "7.288",
            "close": "7.282"
        },
        {
            "time": "30.07.2021 23:44",
            "open": "7.282",
            "high": "7.306",
            "low": "7.282",
            "close": "7.292"
        },
        {
            "time": "30.07.2021 23:46",
            "open": "7.292",
            "high": "7.292",
            "low": "7.292",
            "close": "7.307"
        },
        {
            "time": "30.07.2021 23:47",
            "open": "7.307",
            "high": "7.307",
            "low": "7.307",
            "close": "7.31"
        },
        {
            "time": "30.07.2021 23:48",
            "open": "7.31",
            "high": "7.318",
            "low": "7.31",
            "close": "7.32"
        },
        {
            "time": "30.07.2021 23:49",
            "open": "7.32",
            "high": "7.32",
            "low": "7.32",
            "close": "7.325"
        },
        {
            "time": "30.07.2021 23:50",
            "open": "7.325",
            "high": "7.342",
            "low": "7.325",
            "close": "7.323"
        },
        {
            "time": "30.07.2021 23:51",
            "open": "7.323",
            "high": "7.323",
            "low": "7.323",
            "close": "7.31"
        },
        {
            "time": "30.07.2021 23:53",
            "open": "7.31",
            "high": "7.319",
            "low": "7.29",
            "close": "7.285"
        },
        {
            "time": "30.07.2021 23:57",
            "open": "7.285",
            "high": "7.285",
            "low": "7.285",
            "close": "7.285"
        }
    ]
}