{
    "UMA-EUR": [
        {
            "time": "07.07.2021 23:57",
            "open": "8.721",
            "high": "8.725",
            "low": "8.721",
            "close": "8.725"
        },
        {
            "time": "08.07.2021 00:01",
            "open": "8.725",
            "high": "8.725",
            "low": "8.725",
            "close": "8.718"
        },
        {
            "time": "08.07.2021 00:03",
            "open": "8.718",
            "high": "8.718",
            "low": "8.718",
            "close": "8.716"
        },
        {
            "time": "08.07.2021 00:04",
            "open": "8.716",
            "high": "8.716",
            "low": "8.716",
            "close": "8.703"
        },
        {
            "time": "08.07.2021 00:12",
            "open": "8.703",
            "high": "8.703",
            "low": "8.683",
            "close": "8.683"
        },
        {
            "time": "08.07.2021 00:13",
            "open": "8.683",
            "high": "8.683",
            "low": "8.683",
            "close": "8.653"
        },
        {
            "time": "08.07.2021 00:15",
            "open": "8.653",
            "high": "8.653",
            "low": "8.653",
            "close": "8.65"
        },
        {
            "time": "08.07.2021 00:16",
            "open": "8.65",
            "high": "8.65",
            "low": "8.65",
            "close": "8.634"
        },
        {
            "time": "08.07.2021 00:20",
            "open": "8.634",
            "high": "8.634",
            "low": "8.634",
            "close": "8.639"
        },
        {
            "time": "08.07.2021 00:29",
            "open": "8.639",
            "high": "8.639",
            "low": "8.639",
            "close": "8.639"
        },
        {
            "time": "08.07.2021 00:39",
            "open": "8.639",
            "high": "8.639",
            "low": "8.639",
            "close": "8.628"
        },
        {
            "time": "08.07.2021 00:43",
            "open": "8.628",
            "high": "8.628",
            "low": "8.628",
            "close": "8.629"
        },
        {
            "time": "08.07.2021 00:54",
            "open": "8.629",
            "high": "8.629",
            "low": "8.629",
            "close": "8.607"
        },
        {
            "time": "08.07.2021 01:06",
            "open": "8.607",
            "high": "8.607",
            "low": "8.579",
            "close": "8.569"
        },
        {
            "time": "08.07.2021 01:14",
            "open": "8.569",
            "high": "8.569",
            "low": "8.566",
            "close": "8.578"
        },
        {
            "time": "08.07.2021 01:15",
            "open": "8.578",
            "high": "8.578",
            "low": "8.578",
            "close": "8.602"
        },
        {
            "time": "08.07.2021 01:19",
            "open": "8.602",
            "high": "8.609",
            "low": "8.602",
            "close": "8.6"
        },
        {
            "time": "08.07.2021 01:24",
            "open": "8.6",
            "high": "8.6",
            "low": "8.6",
            "close": "8.583"
        },
        {
            "time": "08.07.2021 01:31",
            "open": "8.583",
            "high": "8.583",
            "low": "8.583",
            "close": "8.583"
        },
        {
            "time": "08.07.2021 01:35",
            "open": "8.583",
            "high": "8.583",
            "low": "8.557",
            "close": "8.566"
        },
        {
            "time": "08.07.2021 01:36",
            "open": "8.566",
            "high": "8.566",
            "low": "8.541",
            "close": "8.538"
        },
        {
            "time": "08.07.2021 01:37",
            "open": "8.538",
            "high": "8.538",
            "low": "8.492",
            "close": "8.497"
        },
        {
            "time": "08.07.2021 01:38",
            "open": "8.497",
            "high": "8.497",
            "low": "8.497",
            "close": "8.483"
        },
        {
            "time": "08.07.2021 01:40",
            "open": "8.483",
            "high": "8.483",
            "low": "8.482",
            "close": "8.503"
        },
        {
            "time": "08.07.2021 01:46",
            "open": "8.503",
            "high": "8.504",
            "low": "8.503",
            "close": "8.499"
        },
        {
            "time": "08.07.2021 01:51",
            "open": "8.499",
            "high": "8.499",
            "low": "8.498",
            "close": "8.499"
        },
        {
            "time": "08.07.2021 01:52",
            "open": "8.499",
            "high": "8.5",
            "low": "8.499",
            "close": "8.478"
        },
        {
            "time": "08.07.2021 01:54",
            "open": "8.478",
            "high": "8.478",
            "low": "8.478",
            "close": "8.463"
        },
        {
            "time": "08.07.2021 01:55",
            "open": "8.463",
            "high": "8.463",
            "low": "8.398",
            "close": "8.405"
        },
        {
            "time": "08.07.2021 01:56",
            "open": "8.405",
            "high": "8.408",
            "low": "8.405",
            "close": "8.407"
        },
        {
            "time": "08.07.2021 02:01",
            "open": "8.407",
            "high": "8.407",
            "low": "8.407",
            "close": "8.407"
        },
        {
            "time": "08.07.2021 02:03",
            "open": "8.407",
            "high": "8.407",
            "low": "8.407",
            "close": "8.407"
        },
        {
            "time": "08.07.2021 02:04",
            "open": "8.407",
            "high": "8.407",
            "low": "8.407",
            "close": "8.412"
        },
        {
            "time": "08.07.2021 02:08",
            "open": "8.412",
            "high": "8.412",
            "low": "8.412",
            "close": "8.402"
        },
        {
            "time": "08.07.2021 02:12",
            "open": "8.402",
            "high": "8.402",
            "low": "8.402",
            "close": "8.388"
        },
        {
            "time": "08.07.2021 02:15",
            "open": "8.388",
            "high": "8.388",
            "low": "8.388",
            "close": "8.37"
        },
        {
            "time": "08.07.2021 02:16",
            "open": "8.37",
            "high": "8.37",
            "low": "8.37",
            "close": "8.372"
        },
        {
            "time": "08.07.2021 02:18",
            "open": "8.372",
            "high": "8.379",
            "low": "8.366",
            "close": "8.33"
        },
        {
            "time": "08.07.2021 02:22",
            "open": "8.33",
            "high": "8.33",
            "low": "8.28",
            "close": "8.28"
        },
        {
            "time": "08.07.2021 02:23",
            "open": "8.28",
            "high": "8.286",
            "low": "8.28",
            "close": "8.293"
        },
        {
            "time": "08.07.2021 02:24",
            "open": "8.293",
            "high": "8.293",
            "low": "8.293",
            "close": "8.224"
        },
        {
            "time": "08.07.2021 02:28",
            "open": "8.224",
            "high": "8.224",
            "low": "8.222",
            "close": "8.225"
        },
        {
            "time": "08.07.2021 02:30",
            "open": "8.225",
            "high": "8.225",
            "low": "8.225",
            "close": "8.212"
        },
        {
            "time": "08.07.2021 02:31",
            "open": "8.212",
            "high": "8.212",
            "low": "8.197",
            "close": "8.197"
        },
        {
            "time": "08.07.2021 02:32",
            "open": "8.197",
            "high": "8.197",
            "low": "8.197",
            "close": "8.197"
        },
        {
            "time": "08.07.2021 02:33",
            "open": "8.197",
            "high": "8.198",
            "low": "8.197",
            "close": "8.189"
        },
        {
            "time": "08.07.2021 02:34",
            "open": "8.189",
            "high": "8.19",
            "low": "8.189",
            "close": "8.232"
        },
        {
            "time": "08.07.2021 02:45",
            "open": "8.232",
            "high": "8.242",
            "low": "8.232",
            "close": "8.258"
        },
        {
            "time": "08.07.2021 02:46",
            "open": "8.258",
            "high": "8.268",
            "low": "8.258",
            "close": "8.277"
        },
        {
            "time": "08.07.2021 02:48",
            "open": "8.277",
            "high": "8.277",
            "low": "8.277",
            "close": "8.274"
        },
        {
            "time": "08.07.2021 02:53",
            "open": "8.274",
            "high": "8.274",
            "low": "8.274",
            "close": "8.266"
        },
        {
            "time": "08.07.2021 03:00",
            "open": "8.266",
            "high": "8.266",
            "low": "8.266",
            "close": "8.321"
        },
        {
            "time": "08.07.2021 03:09",
            "open": "8.321",
            "high": "8.335",
            "low": "8.321",
            "close": "8.319"
        },
        {
            "time": "08.07.2021 03:11",
            "open": "8.319",
            "high": "8.319",
            "low": "8.296",
            "close": "8.249"
        },
        {
            "time": "08.07.2021 03:30",
            "open": "8.249",
            "high": "8.249",
            "low": "8.241",
            "close": "8.226"
        },
        {
            "time": "08.07.2021 03:31",
            "open": "8.226",
            "high": "8.226",
            "low": "8.226",
            "close": "8.226"
        },
        {
            "time": "08.07.2021 03:32",
            "open": "8.226",
            "high": "8.23",
            "low": "8.226",
            "close": "8.227"
        },
        {
            "time": "08.07.2021 03:33",
            "open": "8.227",
            "high": "8.238",
            "low": "8.227",
            "close": "8.238"
        },
        {
            "time": "08.07.2021 03:34",
            "open": "8.238",
            "high": "8.238",
            "low": "8.238",
            "close": "8.244"
        },
        {
            "time": "08.07.2021 03:43",
            "open": "8.244",
            "high": "8.244",
            "low": "8.244",
            "close": "8.266"
        },
        {
            "time": "08.07.2021 03:57",
            "open": "8.266",
            "high": "8.266",
            "low": "8.266",
            "close": "8.276"
        },
        {
            "time": "08.07.2021 04:04",
            "open": "8.276",
            "high": "8.276",
            "low": "8.276",
            "close": "8.281"
        },
        {
            "time": "08.07.2021 04:17",
            "open": "8.281",
            "high": "8.281",
            "low": "8.281",
            "close": "8.278"
        },
        {
            "time": "08.07.2021 04:19",
            "open": "8.278",
            "high": "8.278",
            "low": "8.278",
            "close": "8.292"
        },
        {
            "time": "08.07.2021 04:20",
            "open": "8.292",
            "high": "8.292",
            "low": "8.292",
            "close": "8.306"
        },
        {
            "time": "08.07.2021 04:33",
            "open": "8.306",
            "high": "8.306",
            "low": "8.306",
            "close": "8.301"
        },
        {
            "time": "08.07.2021 04:34",
            "open": "8.301",
            "high": "8.301",
            "low": "8.295",
            "close": "8.291"
        },
        {
            "time": "08.07.2021 04:37",
            "open": "8.291",
            "high": "8.291",
            "low": "8.291",
            "close": "8.296"
        },
        {
            "time": "08.07.2021 04:52",
            "open": "8.296",
            "high": "8.296",
            "low": "8.29",
            "close": "8.275"
        },
        {
            "time": "08.07.2021 04:55",
            "open": "8.275",
            "high": "8.277",
            "low": "8.269",
            "close": "8.272"
        },
        {
            "time": "08.07.2021 04:56",
            "open": "8.272",
            "high": "8.272",
            "low": "8.272",
            "close": "8.237"
        },
        {
            "time": "08.07.2021 05:01",
            "open": "8.237",
            "high": "8.237",
            "low": "8.237",
            "close": "8.236"
        },
        {
            "time": "08.07.2021 05:03",
            "open": "8.236",
            "high": "8.236",
            "low": "8.236",
            "close": "8.208"
        },
        {
            "time": "08.07.2021 05:07",
            "open": "8.208",
            "high": "8.209",
            "low": "8.204",
            "close": "8.191"
        },
        {
            "time": "08.07.2021 05:08",
            "open": "8.191",
            "high": "8.191",
            "low": "8.191",
            "close": "8.198"
        },
        {
            "time": "08.07.2021 05:09",
            "open": "8.198",
            "high": "8.198",
            "low": "8.183",
            "close": "8.185"
        },
        {
            "time": "08.07.2021 05:10",
            "open": "8.185",
            "high": "8.185",
            "low": "8.158",
            "close": "8.122"
        },
        {
            "time": "08.07.2021 05:12",
            "open": "8.122",
            "high": "8.122",
            "low": "8.114",
            "close": "8.119"
        },
        {
            "time": "08.07.2021 05:13",
            "open": "8.119",
            "high": "8.137",
            "low": "8.119",
            "close": "8.159"
        },
        {
            "time": "08.07.2021 05:15",
            "open": "8.159",
            "high": "8.159",
            "low": "8.159",
            "close": "8.161"
        },
        {
            "time": "08.07.2021 05:16",
            "open": "8.161",
            "high": "8.161",
            "low": "8.161",
            "close": "8.147"
        },
        {
            "time": "08.07.2021 05:17",
            "open": "8.147",
            "high": "8.147",
            "low": "8.147",
            "close": "8.156"
        },
        {
            "time": "08.07.2021 05:18",
            "open": "8.156",
            "high": "8.156",
            "low": "8.156",
            "close": "8.145"
        },
        {
            "time": "08.07.2021 05:19",
            "open": "8.145",
            "high": "8.145",
            "low": "8.145",
            "close": "8.138"
        },
        {
            "time": "08.07.2021 05:21",
            "open": "8.138",
            "high": "8.138",
            "low": "8.138",
            "close": "8.11"
        },
        {
            "time": "08.07.2021 05:24",
            "open": "8.11",
            "high": "8.11",
            "low": "8.09",
            "close": "8.09"
        },
        {
            "time": "08.07.2021 05:25",
            "open": "8.09",
            "high": "8.09",
            "low": "8.09",
            "close": "8.07"
        },
        {
            "time": "08.07.2021 05:29",
            "open": "8.07",
            "high": "8.073",
            "low": "8.07",
            "close": "8.107"
        },
        {
            "time": "08.07.2021 05:31",
            "open": "8.107",
            "high": "8.108",
            "low": "8.107",
            "close": "8.14"
        },
        {
            "time": "08.07.2021 05:34",
            "open": "8.14",
            "high": "8.14",
            "low": "8.14",
            "close": "8.159"
        },
        {
            "time": "08.07.2021 05:40",
            "open": "8.159",
            "high": "8.159",
            "low": "8.159",
            "close": "8.16"
        },
        {
            "time": "08.07.2021 05:43",
            "open": "8.16",
            "high": "8.16",
            "low": "8.16",
            "close": "8.172"
        },
        {
            "time": "08.07.2021 05:46",
            "open": "8.172",
            "high": "8.172",
            "low": "8.172",
            "close": "8.167"
        },
        {
            "time": "08.07.2021 05:49",
            "open": "8.167",
            "high": "8.167",
            "low": "8.167",
            "close": "8.173"
        },
        {
            "time": "08.07.2021 05:50",
            "open": "8.173",
            "high": "8.179",
            "low": "8.173",
            "close": "8.18"
        },
        {
            "time": "08.07.2021 05:52",
            "open": "8.18",
            "high": "8.184",
            "low": "8.18",
            "close": "8.2"
        },
        {
            "time": "08.07.2021 05:53",
            "open": "8.2",
            "high": "8.2",
            "low": "8.2",
            "close": "8.203"
        },
        {
            "time": "08.07.2021 05:55",
            "open": "8.203",
            "high": "8.214",
            "low": "8.203",
            "close": "8.208"
        },
        {
            "time": "08.07.2021 05:56",
            "open": "8.208",
            "high": "8.208",
            "low": "8.208",
            "close": "8.19"
        },
        {
            "time": "08.07.2021 06:00",
            "open": "8.19",
            "high": "8.19",
            "low": "8.19",
            "close": "8.158"
        },
        {
            "time": "08.07.2021 06:02",
            "open": "8.158",
            "high": "8.158",
            "low": "8.158",
            "close": "8.114"
        },
        {
            "time": "08.07.2021 06:09",
            "open": "8.114",
            "high": "8.114",
            "low": "8.087",
            "close": "8.084"
        },
        {
            "time": "08.07.2021 06:10",
            "open": "8.084",
            "high": "8.084",
            "low": "8.046",
            "close": "8.043"
        },
        {
            "time": "08.07.2021 06:11",
            "open": "8.043",
            "high": "8.043",
            "low": "8.043",
            "close": "8.052"
        },
        {
            "time": "08.07.2021 06:13",
            "open": "8.052",
            "high": "8.056",
            "low": "8.052",
            "close": "8.05"
        },
        {
            "time": "08.07.2021 06:15",
            "open": "8.05",
            "high": "8.053",
            "low": "8.032",
            "close": "8.052"
        },
        {
            "time": "08.07.2021 06:16",
            "open": "8.052",
            "high": "8.052",
            "low": "8.041",
            "close": "8.036"
        },
        {
            "time": "08.07.2021 06:19",
            "open": "8.036",
            "high": "8.036",
            "low": "8.033",
            "close": "8.033"
        },
        {
            "time": "08.07.2021 06:26",
            "open": "8.033",
            "high": "8.035",
            "low": "8.033",
            "close": "8.034"
        },
        {
            "time": "08.07.2021 06:27",
            "open": "8.034",
            "high": "8.034",
            "low": "8.034",
            "close": "8.02"
        },
        {
            "time": "08.07.2021 06:28",
            "open": "8.02",
            "high": "8.02",
            "low": "7.99",
            "close": "7.99"
        },
        {
            "time": "08.07.2021 06:30",
            "open": "7.99",
            "high": "7.99",
            "low": "7.99",
            "close": "7.99"
        },
        {
            "time": "08.07.2021 06:32",
            "open": "7.99",
            "high": "7.99",
            "low": "7.99",
            "close": "7.99"
        },
        {
            "time": "08.07.2021 06:41",
            "open": "7.99",
            "high": "7.996",
            "low": "7.99",
            "close": "8.027"
        },
        {
            "time": "08.07.2021 06:47",
            "open": "8.027",
            "high": "8.027",
            "low": "8.027",
            "close": "8.03"
        },
        {
            "time": "08.07.2021 06:51",
            "open": "8.03",
            "high": "8.03",
            "low": "8.03",
            "close": "8.034"
        },
        {
            "time": "08.07.2021 06:52",
            "open": "8.034",
            "high": "8.034",
            "low": "8.034",
            "close": "8.05"
        },
        {
            "time": "08.07.2021 06:58",
            "open": "8.05",
            "high": "8.05",
            "low": "8.05",
            "close": "8.075"
        },
        {
            "time": "08.07.2021 07:05",
            "open": "8.075",
            "high": "8.075",
            "low": "8.075",
            "close": "8.06"
        },
        {
            "time": "08.07.2021 07:14",
            "open": "8.06",
            "high": "8.072",
            "low": "8.06",
            "close": "8.061"
        },
        {
            "time": "08.07.2021 07:15",
            "open": "8.061",
            "high": "8.061",
            "low": "8.061",
            "close": "8.059"
        },
        {
            "time": "08.07.2021 07:19",
            "open": "8.059",
            "high": "8.059",
            "low": "8.059",
            "close": "8.05"
        },
        {
            "time": "08.07.2021 07:21",
            "open": "8.05",
            "high": "8.05",
            "low": "8.05",
            "close": "8.034"
        },
        {
            "time": "08.07.2021 07:22",
            "open": "8.034",
            "high": "8.034",
            "low": "8.034",
            "close": "8.035"
        },
        {
            "time": "08.07.2021 07:29",
            "open": "8.035",
            "high": "8.035",
            "low": "8.017",
            "close": "7.974"
        },
        {
            "time": "08.07.2021 07:59",
            "open": "7.974",
            "high": "7.974",
            "low": "7.94",
            "close": "7.938"
        },
        {
            "time": "08.07.2021 08:00",
            "open": "7.938",
            "high": "7.938",
            "low": "7.917",
            "close": "7.943"
        },
        {
            "time": "08.07.2021 08:01",
            "open": "7.943",
            "high": "7.957",
            "low": "7.943",
            "close": "7.96"
        },
        {
            "time": "08.07.2021 08:02",
            "open": "7.96",
            "high": "7.984",
            "low": "7.96",
            "close": "7.987"
        },
        {
            "time": "08.07.2021 08:03",
            "open": "7.987",
            "high": "7.987",
            "low": "7.987",
            "close": "7.99"
        },
        {
            "time": "08.07.2021 08:04",
            "open": "7.99",
            "high": "7.99",
            "low": "7.988",
            "close": "8.045"
        },
        {
            "time": "08.07.2021 08:09",
            "open": "8.045",
            "high": "8.045",
            "low": "8.045",
            "close": "8.046"
        },
        {
            "time": "08.07.2021 08:10",
            "open": "8.046",
            "high": "8.093",
            "low": "8.046",
            "close": "8.083"
        },
        {
            "time": "08.07.2021 08:11",
            "open": "8.083",
            "high": "8.106",
            "low": "8.083",
            "close": "8.12"
        },
        {
            "time": "08.07.2021 08:15",
            "open": "8.12",
            "high": "8.129",
            "low": "8.116",
            "close": "8.13"
        },
        {
            "time": "08.07.2021 08:16",
            "open": "8.13",
            "high": "8.13",
            "low": "8.13",
            "close": "8.14"
        },
        {
            "time": "08.07.2021 08:17",
            "open": "8.14",
            "high": "8.14",
            "low": "8.14",
            "close": "8.145"
        },
        {
            "time": "08.07.2021 08:19",
            "open": "8.145",
            "high": "8.145",
            "low": "8.145",
            "close": "8.143"
        },
        {
            "time": "08.07.2021 08:20",
            "open": "8.143",
            "high": "8.143",
            "low": "8.143",
            "close": "8.143"
        },
        {
            "time": "08.07.2021 08:21",
            "open": "8.143",
            "high": "8.24",
            "low": "8.143",
            "close": "8.18"
        },
        {
            "time": "08.07.2021 08:22",
            "open": "8.18",
            "high": "8.182",
            "low": "8.172",
            "close": "8.164"
        },
        {
            "time": "08.07.2021 08:23",
            "open": "8.164",
            "high": "8.164",
            "low": "8.164",
            "close": "8.129"
        },
        {
            "time": "08.07.2021 08:28",
            "open": "8.129",
            "high": "8.129",
            "low": "8.129",
            "close": "8.134"
        },
        {
            "time": "08.07.2021 08:31",
            "open": "8.134",
            "high": "8.134",
            "low": "8.134",
            "close": "8.109"
        },
        {
            "time": "08.07.2021 08:32",
            "open": "8.109",
            "high": "8.109",
            "low": "8.043",
            "close": "8.1"
        },
        {
            "time": "08.07.2021 08:33",
            "open": "8.1",
            "high": "8.1",
            "low": "8.1",
            "close": "8.083"
        },
        {
            "time": "08.07.2021 08:34",
            "open": "8.083",
            "high": "8.083",
            "low": "8.083",
            "close": "8.078"
        },
        {
            "time": "08.07.2021 08:35",
            "open": "8.078",
            "high": "8.078",
            "low": "8.076",
            "close": "8.041"
        },
        {
            "time": "08.07.2021 08:38",
            "open": "8.041",
            "high": "8.042",
            "low": "8.041",
            "close": "8.043"
        },
        {
            "time": "08.07.2021 08:40",
            "open": "8.043",
            "high": "8.043",
            "low": "8.043",
            "close": "8.059"
        },
        {
            "time": "08.07.2021 08:42",
            "open": "8.059",
            "high": "8.059",
            "low": "8.054",
            "close": "8.056"
        },
        {
            "time": "08.07.2021 08:50",
            "open": "8.056",
            "high": "8.056",
            "low": "8.056",
            "close": "8.032"
        },
        {
            "time": "08.07.2021 08:58",
            "open": "8.032",
            "high": "8.032",
            "low": "8.031",
            "close": "8.046"
        },
        {
            "time": "08.07.2021 09:01",
            "open": "8.046",
            "high": "8.046",
            "low": "8.046",
            "close": "8.047"
        },
        {
            "time": "08.07.2021 09:02",
            "open": "8.047",
            "high": "8.047",
            "low": "8.047",
            "close": "8.057"
        },
        {
            "time": "08.07.2021 09:10",
            "open": "8.057",
            "high": "8.057",
            "low": "8.057",
            "close": "8.047"
        },
        {
            "time": "08.07.2021 09:20",
            "open": "8.047",
            "high": "8.047",
            "low": "8.047",
            "close": "8.007"
        },
        {
            "time": "08.07.2021 09:25",
            "open": "8.007",
            "high": "8.007",
            "low": "8.007",
            "close": "8.002"
        },
        {
            "time": "08.07.2021 09:30",
            "open": "8.002",
            "high": "8.002",
            "low": "7.968",
            "close": "7.968"
        },
        {
            "time": "08.07.2021 09:31",
            "open": "7.968",
            "high": "7.968",
            "low": "7.968",
            "close": "7.959"
        },
        {
            "time": "08.07.2021 09:32",
            "open": "7.959",
            "high": "7.959",
            "low": "7.959",
            "close": "7.935"
        },
        {
            "time": "08.07.2021 09:33",
            "open": "7.935",
            "high": "7.935",
            "low": "7.935",
            "close": "7.93"
        },
        {
            "time": "08.07.2021 09:34",
            "open": "7.93",
            "high": "7.93",
            "low": "7.93",
            "close": "7.945"
        },
        {
            "time": "08.07.2021 09:35",
            "open": "7.945",
            "high": "7.945",
            "low": "7.93",
            "close": "7.923"
        },
        {
            "time": "08.07.2021 09:38",
            "open": "7.923",
            "high": "7.923",
            "low": "7.923",
            "close": "7.904"
        },
        {
            "time": "08.07.2021 09:40",
            "open": "7.904",
            "high": "7.904",
            "low": "7.884",
            "close": "7.892"
        },
        {
            "time": "08.07.2021 09:41",
            "open": "7.892",
            "high": "7.892",
            "low": "7.892",
            "close": "7.866"
        },
        {
            "time": "08.07.2021 09:42",
            "open": "7.866",
            "high": "7.884",
            "low": "7.863",
            "close": "7.875"
        },
        {
            "time": "08.07.2021 09:44",
            "open": "7.875",
            "high": "7.875",
            "low": "7.875",
            "close": "7.88"
        },
        {
            "time": "08.07.2021 09:51",
            "open": "7.88",
            "high": "7.88",
            "low": "7.88",
            "close": "7.865"
        },
        {
            "time": "08.07.2021 09:52",
            "open": "7.865",
            "high": "7.865",
            "low": "7.865",
            "close": "7.877"
        },
        {
            "time": "08.07.2021 09:54",
            "open": "7.877",
            "high": "7.877",
            "low": "7.877",
            "close": "7.863"
        },
        {
            "time": "08.07.2021 09:56",
            "open": "7.863",
            "high": "7.863",
            "low": "7.856",
            "close": "7.856"
        },
        {
            "time": "08.07.2021 09:57",
            "open": "7.856",
            "high": "7.856",
            "low": "7.842",
            "close": "7.833"
        },
        {
            "time": "08.07.2021 09:58",
            "open": "7.833",
            "high": "7.841",
            "low": "7.833",
            "close": "7.854"
        },
        {
            "time": "08.07.2021 09:59",
            "open": "7.854",
            "high": "7.854",
            "low": "7.854",
            "close": "7.851"
        },
        {
            "time": "08.07.2021 10:00",
            "open": "7.851",
            "high": "7.851",
            "low": "7.851",
            "close": "7.847"
        },
        {
            "time": "08.07.2021 10:01",
            "open": "7.847",
            "high": "7.847",
            "low": "7.847",
            "close": "7.847"
        },
        {
            "time": "08.07.2021 10:04",
            "open": "7.847",
            "high": "7.847",
            "low": "7.847",
            "close": "7.847"
        },
        {
            "time": "08.07.2021 10:05",
            "open": "7.847",
            "high": "7.847",
            "low": "7.847",
            "close": "7.847"
        },
        {
            "time": "08.07.2021 10:07",
            "open": "7.847",
            "high": "7.847",
            "low": "7.845",
            "close": "7.839"
        },
        {
            "time": "08.07.2021 10:16",
            "open": "7.839",
            "high": "7.853",
            "low": "7.838",
            "close": "7.83"
        },
        {
            "time": "08.07.2021 10:26",
            "open": "7.83",
            "high": "7.83",
            "low": "7.83",
            "close": "7.829"
        },
        {
            "time": "08.07.2021 10:27",
            "open": "7.829",
            "high": "7.829",
            "low": "7.829",
            "close": "7.831"
        },
        {
            "time": "08.07.2021 10:30",
            "open": "7.831",
            "high": "7.831",
            "low": "7.831",
            "close": "7.831"
        },
        {
            "time": "08.07.2021 10:35",
            "open": "7.831",
            "high": "7.831",
            "low": "7.831",
            "close": "7.831"
        },
        {
            "time": "08.07.2021 10:36",
            "open": "7.831",
            "high": "7.831",
            "low": "7.831",
            "close": "7.813"
        },
        {
            "time": "08.07.2021 10:39",
            "open": "7.813",
            "high": "7.813",
            "low": "7.812",
            "close": "7.844"
        },
        {
            "time": "08.07.2021 10:43",
            "open": "7.844",
            "high": "7.844",
            "low": "7.844",
            "close": "7.841"
        },
        {
            "time": "08.07.2021 10:45",
            "open": "7.841",
            "high": "7.842",
            "low": "7.841",
            "close": "7.87"
        },
        {
            "time": "08.07.2021 10:49",
            "open": "7.87",
            "high": "7.87",
            "low": "7.87",
            "close": "7.887"
        },
        {
            "time": "08.07.2021 10:50",
            "open": "7.887",
            "high": "7.887",
            "low": "7.887",
            "close": "7.892"
        },
        {
            "time": "08.07.2021 10:51",
            "open": "7.892",
            "high": "7.892",
            "low": "7.892",
            "close": "7.893"
        },
        {
            "time": "08.07.2021 10:52",
            "open": "7.893",
            "high": "7.893",
            "low": "7.893",
            "close": "7.946"
        },
        {
            "time": "08.07.2021 10:53",
            "open": "7.946",
            "high": "8.008",
            "low": "7.946",
            "close": "7.992"
        },
        {
            "time": "08.07.2021 10:55",
            "open": "7.992",
            "high": "7.992",
            "low": "7.987",
            "close": "7.981"
        },
        {
            "time": "08.07.2021 10:57",
            "open": "7.981",
            "high": "7.985",
            "low": "7.981",
            "close": "7.971"
        },
        {
            "time": "08.07.2021 10:58",
            "open": "7.971",
            "high": "7.971",
            "low": "7.964",
            "close": "7.994"
        },
        {
            "time": "08.07.2021 11:01",
            "open": "7.994",
            "high": "7.997",
            "low": "7.994",
            "close": "7.987"
        },
        {
            "time": "08.07.2021 11:06",
            "open": "7.987",
            "high": "7.987",
            "low": "7.987",
            "close": "7.946"
        },
        {
            "time": "08.07.2021 11:08",
            "open": "7.946",
            "high": "7.946",
            "low": "7.946",
            "close": "7.955"
        },
        {
            "time": "08.07.2021 11:09",
            "open": "7.955",
            "high": "7.956",
            "low": "7.955",
            "close": "7.946"
        },
        {
            "time": "08.07.2021 11:10",
            "open": "7.946",
            "high": "7.946",
            "low": "7.946",
            "close": "7.952"
        },
        {
            "time": "08.07.2021 11:14",
            "open": "7.952",
            "high": "7.952",
            "low": "7.952",
            "close": "7.946"
        },
        {
            "time": "08.07.2021 11:24",
            "open": "7.946",
            "high": "7.946",
            "low": "7.946",
            "close": "7.949"
        },
        {
            "time": "08.07.2021 11:28",
            "open": "7.949",
            "high": "7.949",
            "low": "7.949",
            "close": "7.947"
        },
        {
            "time": "08.07.2021 11:30",
            "open": "7.947",
            "high": "7.96",
            "low": "7.947",
            "close": "7.96"
        },
        {
            "time": "08.07.2021 11:32",
            "open": "7.96",
            "high": "7.96",
            "low": "7.96",
            "close": "7.96"
        },
        {
            "time": "08.07.2021 11:33",
            "open": "7.96",
            "high": "7.96",
            "low": "7.96",
            "close": "7.967"
        },
        {
            "time": "08.07.2021 11:36",
            "open": "7.967",
            "high": "7.967",
            "low": "7.965",
            "close": "7.964"
        },
        {
            "time": "08.07.2021 11:44",
            "open": "7.964",
            "high": "7.964",
            "low": "7.96",
            "close": "7.969"
        },
        {
            "time": "08.07.2021 11:52",
            "open": "7.969",
            "high": "7.969",
            "low": "7.969",
            "close": "7.968"
        },
        {
            "time": "08.07.2021 11:58",
            "open": "7.968",
            "high": "7.97",
            "low": "7.968",
            "close": "7.971"
        },
        {
            "time": "08.07.2021 12:04",
            "open": "7.971",
            "high": "7.971",
            "low": "7.971",
            "close": "7.963"
        },
        {
            "time": "08.07.2021 12:08",
            "open": "7.963",
            "high": "7.963",
            "low": "7.963",
            "close": "7.943"
        },
        {
            "time": "08.07.2021 12:09",
            "open": "7.943",
            "high": "7.943",
            "low": "7.943",
            "close": "7.946"
        },
        {
            "time": "08.07.2021 12:22",
            "open": "7.946",
            "high": "7.952",
            "low": "7.946",
            "close": "7.972"
        },
        {
            "time": "08.07.2021 12:25",
            "open": "7.972",
            "high": "7.972",
            "low": "7.972",
            "close": "7.984"
        },
        {
            "time": "08.07.2021 12:29",
            "open": "7.984",
            "high": "7.985",
            "low": "7.984",
            "close": "7.977"
        },
        {
            "time": "08.07.2021 12:41",
            "open": "7.977",
            "high": "7.977",
            "low": "7.975",
            "close": "7.986"
        },
        {
            "time": "08.07.2021 12:44",
            "open": "7.986",
            "high": "7.986",
            "low": "7.986",
            "close": "7.99"
        },
        {
            "time": "08.07.2021 12:47",
            "open": "7.99",
            "high": "7.99",
            "low": "7.99",
            "close": "7.973"
        },
        {
            "time": "08.07.2021 12:51",
            "open": "7.973",
            "high": "7.973",
            "low": "7.973",
            "close": "7.965"
        },
        {
            "time": "08.07.2021 12:59",
            "open": "7.965",
            "high": "7.969",
            "low": "7.965",
            "close": "7.868"
        },
        {
            "time": "08.07.2021 13:04",
            "open": "7.868",
            "high": "7.868",
            "low": "7.854",
            "close": "7.862"
        },
        {
            "time": "08.07.2021 13:10",
            "open": "7.862",
            "high": "7.876",
            "low": "7.862",
            "close": "7.863"
        },
        {
            "time": "08.07.2021 13:12",
            "open": "7.863",
            "high": "7.863",
            "low": "7.86",
            "close": "7.869"
        },
        {
            "time": "08.07.2021 13:14",
            "open": "7.869",
            "high": "7.869",
            "low": "7.869",
            "close": "7.869"
        },
        {
            "time": "08.07.2021 13:22",
            "open": "7.869",
            "high": "7.871",
            "low": "7.869",
            "close": "7.898"
        },
        {
            "time": "08.07.2021 13:25",
            "open": "7.898",
            "high": "7.898",
            "low": "7.898",
            "close": "7.898"
        },
        {
            "time": "08.07.2021 13:35",
            "open": "7.898",
            "high": "7.963",
            "low": "7.898",
            "close": "7.965"
        },
        {
            "time": "08.07.2021 13:36",
            "open": "7.965",
            "high": "7.965",
            "low": "7.965",
            "close": "7.957"
        },
        {
            "time": "08.07.2021 13:42",
            "open": "7.957",
            "high": "7.957",
            "low": "7.957",
            "close": "7.968"
        },
        {
            "time": "08.07.2021 13:43",
            "open": "7.968",
            "high": "7.968",
            "low": "7.968",
            "close": "7.973"
        },
        {
            "time": "08.07.2021 13:53",
            "open": "7.973",
            "high": "7.973",
            "low": "7.973",
            "close": "8"
        },
        {
            "time": "08.07.2021 13:58",
            "open": "8",
            "high": "8",
            "low": "8",
            "close": "7.988"
        },
        {
            "time": "08.07.2021 14:02",
            "open": "7.988",
            "high": "7.989",
            "low": "7.988",
            "close": "7.987"
        },
        {
            "time": "08.07.2021 14:10",
            "open": "7.987",
            "high": "7.987",
            "low": "7.987",
            "close": "7.973"
        },
        {
            "time": "08.07.2021 14:15",
            "open": "7.973",
            "high": "7.973",
            "low": "7.973",
            "close": "7.952"
        },
        {
            "time": "08.07.2021 14:26",
            "open": "7.952",
            "high": "7.952",
            "low": "7.952",
            "close": "8.013"
        },
        {
            "time": "08.07.2021 14:37",
            "open": "8.013",
            "high": "8.013",
            "low": "8.009",
            "close": "8.012"
        },
        {
            "time": "08.07.2021 14:38",
            "open": "8.012",
            "high": "8.013",
            "low": "8.012",
            "close": "7.986"
        },
        {
            "time": "08.07.2021 15:11",
            "open": "7.986",
            "high": "7.986",
            "low": "7.986",
            "close": "7.956"
        },
        {
            "time": "08.07.2021 15:20",
            "open": "7.956",
            "high": "7.956",
            "low": "7.956",
            "close": "7.925"
        },
        {
            "time": "08.07.2021 15:32",
            "open": "7.925",
            "high": "7.925",
            "low": "7.925",
            "close": "7.91"
        },
        {
            "time": "08.07.2021 15:37",
            "open": "7.91",
            "high": "7.91",
            "low": "7.91",
            "close": "7.91"
        },
        {
            "time": "08.07.2021 15:45",
            "open": "7.91",
            "high": "7.91",
            "low": "7.91",
            "close": "7.916"
        },
        {
            "time": "08.07.2021 15:56",
            "open": "7.916",
            "high": "7.916",
            "low": "7.916",
            "close": "7.924"
        },
        {
            "time": "08.07.2021 16:00",
            "open": "7.924",
            "high": "7.924",
            "low": "7.924",
            "close": "7.913"
        },
        {
            "time": "08.07.2021 16:12",
            "open": "7.913",
            "high": "7.913",
            "low": "7.913",
            "close": "7.91"
        },
        {
            "time": "08.07.2021 16:20",
            "open": "7.91",
            "high": "7.91",
            "low": "7.91",
            "close": "7.93"
        },
        {
            "time": "08.07.2021 16:33",
            "open": "7.93",
            "high": "7.93",
            "low": "7.93",
            "close": "7.952"
        },
        {
            "time": "08.07.2021 16:44",
            "open": "7.952",
            "high": "7.953",
            "low": "7.952",
            "close": "7.933"
        },
        {
            "time": "08.07.2021 16:49",
            "open": "7.933",
            "high": "7.933",
            "low": "7.93",
            "close": "7.934"
        },
        {
            "time": "08.07.2021 16:51",
            "open": "7.934",
            "high": "7.934",
            "low": "7.934",
            "close": "7.933"
        },
        {
            "time": "08.07.2021 16:52",
            "open": "7.933",
            "high": "7.933",
            "low": "7.93",
            "close": "7.971"
        },
        {
            "time": "08.07.2021 17:15",
            "open": "7.971",
            "high": "7.971",
            "low": "7.971",
            "close": "7.989"
        },
        {
            "time": "08.07.2021 17:18",
            "open": "7.989",
            "high": "7.991",
            "low": "7.989",
            "close": "8.017"
        },
        {
            "time": "08.07.2021 17:20",
            "open": "8.017",
            "high": "8.02",
            "low": "8.017",
            "close": "8.012"
        },
        {
            "time": "08.07.2021 17:22",
            "open": "8.012",
            "high": "8.012",
            "low": "8.007",
            "close": "7.989"
        },
        {
            "time": "08.07.2021 17:27",
            "open": "7.989",
            "high": "7.989",
            "low": "7.989",
            "close": "7.989"
        },
        {
            "time": "08.07.2021 17:32",
            "open": "7.989",
            "high": "7.989",
            "low": "7.989",
            "close": "7.991"
        },
        {
            "time": "08.07.2021 17:33",
            "open": "7.991",
            "high": "7.991",
            "low": "7.991",
            "close": "8.009"
        },
        {
            "time": "08.07.2021 17:34",
            "open": "8.009",
            "high": "8.009",
            "low": "8.009",
            "close": "8.009"
        },
        {
            "time": "08.07.2021 17:35",
            "open": "8.009",
            "high": "8.009",
            "low": "8.009",
            "close": "8.017"
        },
        {
            "time": "08.07.2021 17:40",
            "open": "8.017",
            "high": "8.017",
            "low": "8.017",
            "close": "8.008"
        },
        {
            "time": "08.07.2021 17:52",
            "open": "8.008",
            "high": "8.008",
            "low": "8.008",
            "close": "8.042"
        },
        {
            "time": "08.07.2021 17:54",
            "open": "8.042",
            "high": "8.077",
            "low": "8.042",
            "close": "8.08"
        },
        {
            "time": "08.07.2021 17:55",
            "open": "8.08",
            "high": "8.11",
            "low": "8.08",
            "close": "8.115"
        },
        {
            "time": "08.07.2021 17:56",
            "open": "8.115",
            "high": "8.115",
            "low": "8.115",
            "close": "8.12"
        },
        {
            "time": "08.07.2021 17:59",
            "open": "8.12",
            "high": "8.122",
            "low": "8.12",
            "close": "8.079"
        },
        {
            "time": "08.07.2021 18:00",
            "open": "8.079",
            "high": "8.079",
            "low": "8.062",
            "close": "8.06"
        },
        {
            "time": "08.07.2021 18:01",
            "open": "8.06",
            "high": "8.06",
            "low": "8.06",
            "close": "8.077"
        },
        {
            "time": "08.07.2021 18:02",
            "open": "8.077",
            "high": "8.077",
            "low": "8.077",
            "close": "8.004"
        },
        {
            "time": "08.07.2021 18:17",
            "open": "8.004",
            "high": "8.004",
            "low": "7.947",
            "close": "7.944"
        },
        {
            "time": "08.07.2021 18:18",
            "open": "7.944",
            "high": "7.948",
            "low": "7.944",
            "close": "7.926"
        },
        {
            "time": "08.07.2021 18:21",
            "open": "7.926",
            "high": "7.926",
            "low": "7.923",
            "close": "7.96"
        },
        {
            "time": "08.07.2021 18:29",
            "open": "7.96",
            "high": "8.037",
            "low": "7.96",
            "close": "8.003"
        },
        {
            "time": "08.07.2021 18:30",
            "open": "8.003",
            "high": "8.05",
            "low": "8.002",
            "close": "8.036"
        },
        {
            "time": "08.07.2021 18:31",
            "open": "8.036",
            "high": "8.036",
            "low": "8.036",
            "close": "8.036"
        },
        {
            "time": "08.07.2021 18:32",
            "open": "8.036",
            "high": "8.036",
            "low": "8.036",
            "close": "8.036"
        },
        {
            "time": "08.07.2021 18:33",
            "open": "8.036",
            "high": "8.036",
            "low": "8.036",
            "close": "8.038"
        },
        {
            "time": "08.07.2021 18:34",
            "open": "8.038",
            "high": "8.038",
            "low": "8.038",
            "close": "8.038"
        },
        {
            "time": "08.07.2021 18:35",
            "open": "8.038",
            "high": "8.038",
            "low": "8.038",
            "close": "7.984"
        },
        {
            "time": "08.07.2021 18:38",
            "open": "7.984",
            "high": "7.984",
            "low": "7.984",
            "close": "7.925"
        },
        {
            "time": "08.07.2021 18:40",
            "open": "7.925",
            "high": "7.934",
            "low": "7.925",
            "close": "7.912"
        },
        {
            "time": "08.07.2021 18:41",
            "open": "7.912",
            "high": "7.925",
            "low": "7.905",
            "close": "7.899"
        },
        {
            "time": "08.07.2021 18:42",
            "open": "7.899",
            "high": "7.899",
            "low": "7.875",
            "close": "7.883"
        },
        {
            "time": "08.07.2021 18:46",
            "open": "7.883",
            "high": "7.91",
            "low": "7.883",
            "close": "7.909"
        },
        {
            "time": "08.07.2021 18:47",
            "open": "7.909",
            "high": "7.909",
            "low": "7.909",
            "close": "7.98"
        },
        {
            "time": "08.07.2021 19:04",
            "open": "7.98",
            "high": "7.98",
            "low": "7.98",
            "close": "7.992"
        },
        {
            "time": "08.07.2021 19:05",
            "open": "7.992",
            "high": "7.992",
            "low": "7.991",
            "close": "7.958"
        },
        {
            "time": "08.07.2021 19:25",
            "open": "7.958",
            "high": "7.958",
            "low": "7.958",
            "close": "7.986"
        },
        {
            "time": "08.07.2021 19:33",
            "open": "7.986",
            "high": "8.046",
            "low": "7.986",
            "close": "8.024"
        },
        {
            "time": "08.07.2021 19:34",
            "open": "8.024",
            "high": "8.024",
            "low": "8.024",
            "close": "8.02"
        },
        {
            "time": "08.07.2021 19:35",
            "open": "8.02",
            "high": "8.02",
            "low": "8.02",
            "close": "7.982"
        },
        {
            "time": "08.07.2021 19:47",
            "open": "7.982",
            "high": "7.982",
            "low": "7.938",
            "close": "7.941"
        },
        {
            "time": "08.07.2021 19:48",
            "open": "7.941",
            "high": "7.941",
            "low": "7.941",
            "close": "7.912"
        },
        {
            "time": "08.07.2021 19:49",
            "open": "7.912",
            "high": "7.944",
            "low": "7.912",
            "close": "7.958"
        },
        {
            "time": "08.07.2021 19:50",
            "open": "7.958",
            "high": "7.958",
            "low": "7.926",
            "close": "7.911"
        },
        {
            "time": "08.07.2021 19:51",
            "open": "7.911",
            "high": "7.911",
            "low": "7.911",
            "close": "7.909"
        },
        {
            "time": "08.07.2021 19:55",
            "open": "7.909",
            "high": "7.909",
            "low": "7.909",
            "close": "7.886"
        },
        {
            "time": "08.07.2021 19:58",
            "open": "7.886",
            "high": "7.886",
            "low": "7.863",
            "close": "7.869"
        },
        {
            "time": "08.07.2021 19:59",
            "open": "7.869",
            "high": "7.869",
            "low": "7.849",
            "close": "7.868"
        },
        {
            "time": "08.07.2021 20:00",
            "open": "7.868",
            "high": "7.868",
            "low": "7.868",
            "close": "7.873"
        },
        {
            "time": "08.07.2021 20:02",
            "open": "7.873",
            "high": "7.873",
            "low": "7.873",
            "close": "7.873"
        },
        {
            "time": "08.07.2021 20:03",
            "open": "7.873",
            "high": "7.885",
            "low": "7.873",
            "close": "7.885"
        },
        {
            "time": "08.07.2021 20:04",
            "open": "7.885",
            "high": "7.887",
            "low": "7.885",
            "close": "7.886"
        },
        {
            "time": "08.07.2021 20:05",
            "open": "7.886",
            "high": "7.886",
            "low": "7.886",
            "close": "7.886"
        },
        {
            "time": "08.07.2021 20:08",
            "open": "7.886",
            "high": "7.886",
            "low": "7.886",
            "close": "7.879"
        },
        {
            "time": "08.07.2021 20:10",
            "open": "7.879",
            "high": "7.879",
            "low": "7.879",
            "close": "7.872"
        },
        {
            "time": "08.07.2021 20:16",
            "open": "7.872",
            "high": "7.872",
            "low": "7.872",
            "close": "7.836"
        },
        {
            "time": "08.07.2021 20:29",
            "open": "7.836",
            "high": "7.836",
            "low": "7.824",
            "close": "7.825"
        },
        {
            "time": "08.07.2021 20:41",
            "open": "7.825",
            "high": "7.825",
            "low": "7.825",
            "close": "7.825"
        },
        {
            "time": "08.07.2021 20:42",
            "open": "7.825",
            "high": "7.825",
            "low": "7.825",
            "close": "7.847"
        },
        {
            "time": "08.07.2021 21:00",
            "open": "7.847",
            "high": "7.847",
            "low": "7.847",
            "close": "7.82"
        },
        {
            "time": "08.07.2021 21:05",
            "open": "7.82",
            "high": "7.82",
            "low": "7.812",
            "close": "7.813"
        },
        {
            "time": "08.07.2021 21:06",
            "open": "7.813",
            "high": "7.814",
            "low": "7.813",
            "close": "7.8"
        },
        {
            "time": "08.07.2021 21:14",
            "open": "7.8",
            "high": "7.8",
            "low": "7.797",
            "close": "7.797"
        },
        {
            "time": "08.07.2021 21:15",
            "open": "7.797",
            "high": "7.797",
            "low": "7.797",
            "close": "7.783"
        },
        {
            "time": "08.07.2021 21:16",
            "open": "7.783",
            "high": "7.783",
            "low": "7.783",
            "close": "7.786"
        },
        {
            "time": "08.07.2021 21:18",
            "open": "7.786",
            "high": "7.786",
            "low": "7.776",
            "close": "7.787"
        },
        {
            "time": "08.07.2021 21:21",
            "open": "7.787",
            "high": "7.788",
            "low": "7.787",
            "close": "7.801"
        },
        {
            "time": "08.07.2021 21:22",
            "open": "7.801",
            "high": "7.806",
            "low": "7.801",
            "close": "7.837"
        },
        {
            "time": "08.07.2021 21:28",
            "open": "7.837",
            "high": "7.837",
            "low": "7.837",
            "close": "7.829"
        },
        {
            "time": "08.07.2021 21:29",
            "open": "7.829",
            "high": "7.829",
            "low": "7.829",
            "close": "7.843"
        },
        {
            "time": "08.07.2021 21:30",
            "open": "7.843",
            "high": "7.869",
            "low": "7.843",
            "close": "7.855"
        },
        {
            "time": "08.07.2021 21:33",
            "open": "7.855",
            "high": "7.855",
            "low": "7.855",
            "close": "7.855"
        },
        {
            "time": "08.07.2021 21:34",
            "open": "7.846",
            "high": "7.846",
            "low": "7.846",
            "close": "7.831"
        },
        {
            "time": "08.07.2021 21:59",
            "open": "7.831",
            "high": "7.831",
            "low": "7.831",
            "close": "7.832"
        },
        {
            "time": "08.07.2021 22:01",
            "open": "7.832",
            "high": "7.832",
            "low": "7.832",
            "close": "7.828"
        },
        {
            "time": "08.07.2021 22:02",
            "open": "7.828",
            "high": "7.828",
            "low": "7.828",
            "close": "7.816"
        },
        {
            "time": "08.07.2021 22:14",
            "open": "7.816",
            "high": "7.816",
            "low": "7.815",
            "close": "7.814"
        },
        {
            "time": "08.07.2021 22:19",
            "open": "7.814",
            "high": "7.814",
            "low": "7.814",
            "close": "7.789"
        },
        {
            "time": "08.07.2021 22:42",
            "open": "7.789",
            "high": "7.789",
            "low": "7.787",
            "close": "7.796"
        },
        {
            "time": "08.07.2021 22:54",
            "open": "7.796",
            "high": "7.796",
            "low": "7.796",
            "close": "7.784"
        },
        {
            "time": "08.07.2021 22:57",
            "open": "7.784",
            "high": "7.784",
            "low": "7.784",
            "close": "7.773"
        },
        {
            "time": "08.07.2021 22:58",
            "open": "7.773",
            "high": "7.776",
            "low": "7.762",
            "close": "7.766"
        },
        {
            "time": "08.07.2021 23:01",
            "open": "7.766",
            "high": "7.766",
            "low": "7.766",
            "close": "7.78"
        },
        {
            "time": "08.07.2021 23:20",
            "open": "7.78",
            "high": "7.781",
            "low": "7.78",
            "close": "7.801"
        },
        {
            "time": "08.07.2021 23:32",
            "open": "7.801",
            "high": "7.801",
            "low": "7.801",
            "close": "7.795"
        },
        {
            "time": "08.07.2021 23:37",
            "open": "7.795",
            "high": "7.795",
            "low": "7.795",
            "close": "7.739"
        }
    ]
}