{
    "UMA-EUR": [
        {
            "time": "14.01.2021 23:55",
            "open": "7.513",
            "high": "7.513",
            "low": "7.513",
            "close": "7.573"
        },
        {
            "time": "15.01.2021 00:26",
            "open": "7.573",
            "high": "7.598",
            "low": "7.573",
            "close": "7.563"
        },
        {
            "time": "15.01.2021 00:27",
            "open": "7.563",
            "high": "7.579",
            "low": "7.563",
            "close": "7.592"
        },
        {
            "time": "15.01.2021 00:30",
            "open": "7.592",
            "high": "7.592",
            "low": "7.592",
            "close": "7.52"
        },
        {
            "time": "15.01.2021 00:38",
            "open": "7.52",
            "high": "7.52",
            "low": "7.52",
            "close": "7.6"
        },
        {
            "time": "15.01.2021 01:01",
            "open": "7.6",
            "high": "7.6",
            "low": "7.6",
            "close": "7.6"
        },
        {
            "time": "15.01.2021 01:02",
            "open": "7.6",
            "high": "7.6",
            "low": "7.6",
            "close": "7.639"
        },
        {
            "time": "15.01.2021 01:05",
            "open": "7.639",
            "high": "7.639",
            "low": "7.639",
            "close": "7.642"
        },
        {
            "time": "15.01.2021 01:06",
            "open": "7.642",
            "high": "7.642",
            "low": "7.641",
            "close": "7.64"
        },
        {
            "time": "15.01.2021 01:08",
            "open": "7.64",
            "high": "7.642",
            "low": "7.637",
            "close": "7.642"
        },
        {
            "time": "15.01.2021 01:09",
            "open": "7.642",
            "high": "7.642",
            "low": "7.642",
            "close": "7.654"
        },
        {
            "time": "15.01.2021 01:13",
            "open": "7.654",
            "high": "7.684",
            "low": "7.654",
            "close": "7.671"
        },
        {
            "time": "15.01.2021 01:20",
            "open": "7.671",
            "high": "7.671",
            "low": "7.671",
            "close": "7.678"
        },
        {
            "time": "15.01.2021 01:33",
            "open": "7.678",
            "high": "7.678",
            "low": "7.678",
            "close": "7.692"
        },
        {
            "time": "15.01.2021 01:37",
            "open": "7.692",
            "high": "7.699",
            "low": "7.692",
            "close": "7.699"
        },
        {
            "time": "15.01.2021 01:38",
            "open": "7.699",
            "high": "7.699",
            "low": "7.699",
            "close": "7.699"
        },
        {
            "time": "15.01.2021 01:45",
            "open": "7.699",
            "high": "7.7",
            "low": "7.699",
            "close": "7.7"
        },
        {
            "time": "15.01.2021 01:47",
            "open": "7.7",
            "high": "7.7",
            "low": "7.7",
            "close": "7.7"
        },
        {
            "time": "15.01.2021 01:51",
            "open": "7.7",
            "high": "7.7",
            "low": "7.7",
            "close": "7.7"
        },
        {
            "time": "15.01.2021 01:57",
            "open": "7.7",
            "high": "7.7",
            "low": "7.7",
            "close": "7.704"
        },
        {
            "time": "15.01.2021 01:59",
            "open": "7.704",
            "high": "7.704",
            "low": "7.704",
            "close": "7.731"
        },
        {
            "time": "15.01.2021 02:00",
            "open": "7.731",
            "high": "7.731",
            "low": "7.731",
            "close": "7.723"
        },
        {
            "time": "15.01.2021 02:04",
            "open": "7.723",
            "high": "7.723",
            "low": "7.723",
            "close": "7.718"
        },
        {
            "time": "15.01.2021 02:07",
            "open": "7.718",
            "high": "7.718",
            "low": "7.717",
            "close": "7.732"
        },
        {
            "time": "15.01.2021 02:08",
            "open": "7.732",
            "high": "7.732",
            "low": "7.732",
            "close": "7.74"
        },
        {
            "time": "15.01.2021 02:11",
            "open": "7.74",
            "high": "7.74",
            "low": "7.74",
            "close": "7.751"
        },
        {
            "time": "15.01.2021 02:19",
            "open": "7.751",
            "high": "7.751",
            "low": "7.751",
            "close": "7.76"
        },
        {
            "time": "15.01.2021 02:24",
            "open": "7.76",
            "high": "7.767",
            "low": "7.76",
            "close": "7.755"
        },
        {
            "time": "15.01.2021 02:26",
            "open": "7.755",
            "high": "7.755",
            "low": "7.755",
            "close": "7.788"
        },
        {
            "time": "15.01.2021 02:31",
            "open": "7.788",
            "high": "7.8",
            "low": "7.788",
            "close": "7.8"
        },
        {
            "time": "15.01.2021 02:32",
            "open": "7.8",
            "high": "7.8",
            "low": "7.8",
            "close": "7.8"
        },
        {
            "time": "15.01.2021 02:33",
            "open": "7.8",
            "high": "7.8",
            "low": "7.8",
            "close": "7.8"
        },
        {
            "time": "15.01.2021 02:35",
            "open": "7.8",
            "high": "7.8",
            "low": "7.8",
            "close": "7.8"
        },
        {
            "time": "15.01.2021 02:44",
            "open": "7.8",
            "high": "7.8",
            "low": "7.8",
            "close": "7.817"
        },
        {
            "time": "15.01.2021 02:45",
            "open": "7.817",
            "high": "7.823",
            "low": "7.817",
            "close": "7.828"
        },
        {
            "time": "15.01.2021 02:47",
            "open": "7.828",
            "high": "7.828",
            "low": "7.828",
            "close": "7.828"
        },
        {
            "time": "15.01.2021 02:50",
            "open": "7.828",
            "high": "7.828",
            "low": "7.828",
            "close": "7.847"
        },
        {
            "time": "15.01.2021 02:52",
            "open": "7.847",
            "high": "7.847",
            "low": "7.818",
            "close": "7.843"
        },
        {
            "time": "15.01.2021 02:54",
            "open": "7.843",
            "high": "7.843",
            "low": "7.843",
            "close": "7.848"
        },
        {
            "time": "15.01.2021 02:59",
            "open": "7.848",
            "high": "7.856",
            "low": "7.848",
            "close": "7.849"
        },
        {
            "time": "15.01.2021 03:01",
            "open": "7.849",
            "high": "7.849",
            "low": "7.817",
            "close": "7.817"
        },
        {
            "time": "15.01.2021 03:02",
            "open": "7.817",
            "high": "7.817",
            "low": "7.817",
            "close": "7.817"
        },
        {
            "time": "15.01.2021 03:03",
            "open": "7.817",
            "high": "7.817",
            "low": "7.817",
            "close": "7.706"
        },
        {
            "time": "15.01.2021 03:13",
            "open": "7.706",
            "high": "7.706",
            "low": "7.706",
            "close": "7.75"
        },
        {
            "time": "15.01.2021 03:26",
            "open": "7.75",
            "high": "7.75",
            "low": "7.75",
            "close": "7.705"
        },
        {
            "time": "15.01.2021 03:37",
            "open": "7.705",
            "high": "7.71",
            "low": "7.705",
            "close": "7.676"
        },
        {
            "time": "15.01.2021 03:45",
            "open": "7.676",
            "high": "7.676",
            "low": "7.63",
            "close": "7.691"
        },
        {
            "time": "15.01.2021 03:55",
            "open": "7.691",
            "high": "7.691",
            "low": "7.691",
            "close": "7.701"
        },
        {
            "time": "15.01.2021 03:58",
            "open": "7.701",
            "high": "7.702",
            "low": "7.701",
            "close": "7.701"
        },
        {
            "time": "15.01.2021 04:05",
            "open": "7.701",
            "high": "7.701",
            "low": "7.7",
            "close": "7.622"
        },
        {
            "time": "15.01.2021 04:17",
            "open": "7.622",
            "high": "7.622",
            "low": "7.608",
            "close": "7.64"
        },
        {
            "time": "15.01.2021 04:19",
            "open": "7.64",
            "high": "7.64",
            "low": "7.64",
            "close": "7.58"
        },
        {
            "time": "15.01.2021 04:47",
            "open": "7.58",
            "high": "7.58",
            "low": "7.58",
            "close": "7.635"
        },
        {
            "time": "15.01.2021 04:53",
            "open": "7.635",
            "high": "7.635",
            "low": "7.635",
            "close": "7.566"
        },
        {
            "time": "15.01.2021 04:58",
            "open": "7.566",
            "high": "7.566",
            "low": "7.566",
            "close": "7.574"
        },
        {
            "time": "15.01.2021 05:01",
            "open": "7.574",
            "high": "7.574",
            "low": "7.574",
            "close": "7.613"
        },
        {
            "time": "15.01.2021 06:01",
            "open": "7.613",
            "high": "7.613",
            "low": "7.613",
            "close": "7.585"
        },
        {
            "time": "15.01.2021 06:24",
            "open": "7.585",
            "high": "7.585",
            "low": "7.585",
            "close": "7.574"
        },
        {
            "time": "15.01.2021 06:57",
            "open": "7.574",
            "high": "7.574",
            "low": "7.574",
            "close": "7.614"
        },
        {
            "time": "15.01.2021 07:00",
            "open": "7.614",
            "high": "7.614",
            "low": "7.614",
            "close": "7.59"
        },
        {
            "time": "15.01.2021 07:03",
            "open": "7.59",
            "high": "7.59",
            "low": "7.59",
            "close": "7.558"
        },
        {
            "time": "15.01.2021 07:04",
            "open": "7.558",
            "high": "7.558",
            "low": "7.558",
            "close": "7.526"
        },
        {
            "time": "15.01.2021 07:07",
            "open": "7.526",
            "high": "7.532",
            "low": "7.526",
            "close": "7.538"
        },
        {
            "time": "15.01.2021 07:09",
            "open": "7.538",
            "high": "7.538",
            "low": "7.52",
            "close": "7.485"
        },
        {
            "time": "15.01.2021 07:10",
            "open": "7.485",
            "high": "7.485",
            "low": "7.477",
            "close": "7.449"
        },
        {
            "time": "15.01.2021 07:11",
            "open": "7.449",
            "high": "7.449",
            "low": "7.449",
            "close": "7.424"
        },
        {
            "time": "15.01.2021 07:12",
            "open": "7.424",
            "high": "7.424",
            "low": "7.424",
            "close": "7.445"
        },
        {
            "time": "15.01.2021 07:25",
            "open": "7.445",
            "high": "7.457",
            "low": "7.412",
            "close": "7.423"
        },
        {
            "time": "15.01.2021 07:28",
            "open": "7.423",
            "high": "7.423",
            "low": "7.423",
            "close": "7.43"
        },
        {
            "time": "15.01.2021 07:29",
            "open": "7.43",
            "high": "7.431",
            "low": "7.43",
            "close": "7.426"
        },
        {
            "time": "15.01.2021 08:05",
            "open": "7.426",
            "high": "7.426",
            "low": "7.417",
            "close": "7.425"
        },
        {
            "time": "15.01.2021 08:14",
            "open": "7.425",
            "high": "7.425",
            "low": "7.425",
            "close": "7.5"
        },
        {
            "time": "15.01.2021 08:17",
            "open": "7.5",
            "high": "7.521",
            "low": "7.455",
            "close": "7.46"
        },
        {
            "time": "15.01.2021 08:21",
            "open": "7.46",
            "high": "7.46",
            "low": "7.46",
            "close": "7.496"
        },
        {
            "time": "15.01.2021 08:23",
            "open": "7.496",
            "high": "7.517",
            "low": "7.496",
            "close": "7.503"
        },
        {
            "time": "15.01.2021 08:24",
            "open": "7.503",
            "high": "7.503",
            "low": "7.503",
            "close": "7.54"
        },
        {
            "time": "15.01.2021 08:35",
            "open": "7.54",
            "high": "7.54",
            "low": "7.54",
            "close": "7.568"
        },
        {
            "time": "15.01.2021 08:36",
            "open": "7.568",
            "high": "7.568",
            "low": "7.568",
            "close": "7.631"
        },
        {
            "time": "15.01.2021 08:49",
            "open": "7.631",
            "high": "7.658",
            "low": "7.631",
            "close": "7.654"
        },
        {
            "time": "15.01.2021 08:54",
            "open": "7.654",
            "high": "7.654",
            "low": "7.654",
            "close": "7.644"
        },
        {
            "time": "15.01.2021 08:59",
            "open": "7.644",
            "high": "7.647",
            "low": "7.644",
            "close": "7.623"
        },
        {
            "time": "15.01.2021 09:00",
            "open": "7.623",
            "high": "7.63",
            "low": "7.623",
            "close": "7.647"
        },
        {
            "time": "15.01.2021 09:25",
            "open": "7.647",
            "high": "7.672",
            "low": "7.647",
            "close": "7.69"
        },
        {
            "time": "15.01.2021 09:31",
            "open": "7.69",
            "high": "7.694",
            "low": "7.677",
            "close": "7.73"
        },
        {
            "time": "15.01.2021 09:33",
            "open": "7.73",
            "high": "7.73",
            "low": "7.708",
            "close": "7.721"
        },
        {
            "time": "15.01.2021 09:35",
            "open": "7.721",
            "high": "7.721",
            "low": "7.721",
            "close": "7.713"
        },
        {
            "time": "15.01.2021 09:36",
            "open": "7.713",
            "high": "7.713",
            "low": "7.713",
            "close": "7.749"
        },
        {
            "time": "15.01.2021 09:37",
            "open": "7.749",
            "high": "7.749",
            "low": "7.749",
            "close": "7.749"
        },
        {
            "time": "15.01.2021 09:40",
            "open": "7.749",
            "high": "7.808",
            "low": "7.749",
            "close": "7.819"
        },
        {
            "time": "15.01.2021 09:43",
            "open": "7.819",
            "high": "7.822",
            "low": "7.819",
            "close": "7.819"
        },
        {
            "time": "15.01.2021 09:49",
            "open": "7.819",
            "high": "7.828",
            "low": "7.754",
            "close": "7.758"
        },
        {
            "time": "15.01.2021 09:58",
            "open": "7.758",
            "high": "7.758",
            "low": "7.757",
            "close": "7.673"
        },
        {
            "time": "15.01.2021 10:09",
            "open": "7.673",
            "high": "7.673",
            "low": "7.673",
            "close": "7.693"
        },
        {
            "time": "15.01.2021 10:11",
            "open": "7.693",
            "high": "7.693",
            "low": "7.693",
            "close": "7.713"
        },
        {
            "time": "15.01.2021 10:13",
            "open": "7.713",
            "high": "7.713",
            "low": "7.713",
            "close": "7.742"
        },
        {
            "time": "15.01.2021 10:17",
            "open": "7.742",
            "high": "7.742",
            "low": "7.742",
            "close": "7.738"
        },
        {
            "time": "15.01.2021 10:19",
            "open": "7.738",
            "high": "7.738",
            "low": "7.708",
            "close": "7.718"
        },
        {
            "time": "15.01.2021 10:26",
            "open": "7.718",
            "high": "7.718",
            "low": "7.718",
            "close": "7.748"
        },
        {
            "time": "15.01.2021 10:32",
            "open": "7.748",
            "high": "7.748",
            "low": "7.748",
            "close": "7.741"
        },
        {
            "time": "15.01.2021 10:40",
            "open": "7.741",
            "high": "7.741",
            "low": "7.741",
            "close": "7.692"
        },
        {
            "time": "15.01.2021 10:41",
            "open": "7.692",
            "high": "7.692",
            "low": "7.681",
            "close": "7.715"
        },
        {
            "time": "15.01.2021 10:43",
            "open": "7.715",
            "high": "7.715",
            "low": "7.715",
            "close": "7.703"
        },
        {
            "time": "15.01.2021 10:49",
            "open": "7.703",
            "high": "7.703",
            "low": "7.703",
            "close": "7.702"
        },
        {
            "time": "15.01.2021 10:50",
            "open": "7.702",
            "high": "7.702",
            "low": "7.702",
            "close": "7.695"
        },
        {
            "time": "15.01.2021 10:52",
            "open": "7.695",
            "high": "7.7",
            "low": "7.695",
            "close": "7.692"
        },
        {
            "time": "15.01.2021 10:54",
            "open": "7.692",
            "high": "7.692",
            "low": "7.684",
            "close": "7.654"
        },
        {
            "time": "15.01.2021 10:57",
            "open": "7.654",
            "high": "7.654",
            "low": "7.654",
            "close": "7.625"
        },
        {
            "time": "15.01.2021 10:58",
            "open": "7.625",
            "high": "7.625",
            "low": "7.625",
            "close": "7.645"
        },
        {
            "time": "15.01.2021 11:06",
            "open": "7.645",
            "high": "7.645",
            "low": "7.645",
            "close": "7.645"
        },
        {
            "time": "15.01.2021 11:13",
            "open": "7.645",
            "high": "7.645",
            "low": "7.62",
            "close": "7.662"
        },
        {
            "time": "15.01.2021 11:27",
            "open": "7.662",
            "high": "7.662",
            "low": "7.63",
            "close": "7.659"
        },
        {
            "time": "15.01.2021 11:31",
            "open": "7.659",
            "high": "7.659",
            "low": "7.659",
            "close": "7.658"
        },
        {
            "time": "15.01.2021 11:35",
            "open": "7.658",
            "high": "7.658",
            "low": "7.658",
            "close": "7.684"
        },
        {
            "time": "15.01.2021 11:44",
            "open": "7.684",
            "high": "7.684",
            "low": "7.684",
            "close": "7.747"
        },
        {
            "time": "15.01.2021 11:50",
            "open": "7.747",
            "high": "7.747",
            "low": "7.747",
            "close": "7.79"
        },
        {
            "time": "15.01.2021 11:54",
            "open": "7.79",
            "high": "7.79",
            "low": "7.79",
            "close": "7.792"
        },
        {
            "time": "15.01.2021 11:58",
            "open": "7.792",
            "high": "7.792",
            "low": "7.792",
            "close": "7.796"
        },
        {
            "time": "15.01.2021 12:01",
            "open": "7.796",
            "high": "7.797",
            "low": "7.796",
            "close": "7.797"
        },
        {
            "time": "15.01.2021 12:03",
            "open": "7.797",
            "high": "7.847",
            "low": "7.793",
            "close": "7.764"
        },
        {
            "time": "15.01.2021 12:15",
            "open": "7.764",
            "high": "7.764",
            "low": "7.764",
            "close": "7.688"
        },
        {
            "time": "15.01.2021 12:20",
            "open": "7.688",
            "high": "7.688",
            "low": "7.688",
            "close": "7.705"
        },
        {
            "time": "15.01.2021 12:25",
            "open": "7.705",
            "high": "7.705",
            "low": "7.705",
            "close": "7.699"
        },
        {
            "time": "15.01.2021 12:33",
            "open": "7.699",
            "high": "7.699",
            "low": "7.699",
            "close": "7.705"
        },
        {
            "time": "15.01.2021 12:37",
            "open": "7.705",
            "high": "7.705",
            "low": "7.705",
            "close": "7.705"
        },
        {
            "time": "15.01.2021 12:41",
            "open": "7.705",
            "high": "7.722",
            "low": "7.705",
            "close": "7.754"
        },
        {
            "time": "15.01.2021 12:43",
            "open": "7.754",
            "high": "7.754",
            "low": "7.754",
            "close": "7.742"
        },
        {
            "time": "15.01.2021 12:48",
            "open": "7.742",
            "high": "7.742",
            "low": "7.742",
            "close": "7.72"
        },
        {
            "time": "15.01.2021 12:51",
            "open": "7.72",
            "high": "7.72",
            "low": "7.72",
            "close": "7.735"
        },
        {
            "time": "15.01.2021 12:53",
            "open": "7.735",
            "high": "7.735",
            "low": "7.735",
            "close": "7.737"
        },
        {
            "time": "15.01.2021 12:58",
            "open": "7.737",
            "high": "7.737",
            "low": "7.737",
            "close": "7.72"
        },
        {
            "time": "15.01.2021 13:08",
            "open": "7.72",
            "high": "7.72",
            "low": "7.659",
            "close": "7.722"
        },
        {
            "time": "15.01.2021 13:15",
            "open": "7.722",
            "high": "7.722",
            "low": "7.722",
            "close": "7.58"
        },
        {
            "time": "15.01.2021 13:23",
            "open": "7.58",
            "high": "7.58",
            "low": "7.58",
            "close": "7.54"
        },
        {
            "time": "15.01.2021 13:24",
            "open": "7.54",
            "high": "7.54",
            "low": "7.54",
            "close": "7.565"
        },
        {
            "time": "15.01.2021 13:25",
            "open": "7.565",
            "high": "7.566",
            "low": "7.565",
            "close": "7.571"
        },
        {
            "time": "15.01.2021 13:26",
            "open": "7.571",
            "high": "7.571",
            "low": "7.571",
            "close": "7.57"
        },
        {
            "time": "15.01.2021 13:27",
            "open": "7.57",
            "high": "7.57",
            "low": "7.57",
            "close": "7.57"
        },
        {
            "time": "15.01.2021 13:28",
            "open": "7.57",
            "high": "7.589",
            "low": "7.57",
            "close": "7.57"
        },
        {
            "time": "15.01.2021 13:29",
            "open": "7.57",
            "high": "7.57",
            "low": "7.555",
            "close": "7.658"
        },
        {
            "time": "15.01.2021 13:33",
            "open": "7.658",
            "high": "7.658",
            "low": "7.658",
            "close": "7.536"
        },
        {
            "time": "15.01.2021 13:36",
            "open": "7.536",
            "high": "7.536",
            "low": "7.536",
            "close": "7.565"
        },
        {
            "time": "15.01.2021 13:37",
            "open": "7.565",
            "high": "7.566",
            "low": "7.514",
            "close": "7.54"
        },
        {
            "time": "15.01.2021 13:38",
            "open": "7.54",
            "high": "7.541",
            "low": "7.54",
            "close": "7.6"
        },
        {
            "time": "15.01.2021 13:49",
            "open": "7.6",
            "high": "7.6",
            "low": "7.504",
            "close": "7.528"
        },
        {
            "time": "15.01.2021 13:54",
            "open": "7.528",
            "high": "7.567",
            "low": "7.526",
            "close": "7.547"
        },
        {
            "time": "15.01.2021 14:04",
            "open": "7.547",
            "high": "7.547",
            "low": "7.547",
            "close": "7.569"
        },
        {
            "time": "15.01.2021 14:24",
            "open": "7.569",
            "high": "7.58",
            "low": "7.569",
            "close": "7.575"
        },
        {
            "time": "15.01.2021 14:26",
            "open": "7.575",
            "high": "7.575",
            "low": "7.575",
            "close": "7.586"
        },
        {
            "time": "15.01.2021 14:30",
            "open": "7.586",
            "high": "7.587",
            "low": "7.586",
            "close": "7.666"
        },
        {
            "time": "15.01.2021 14:37",
            "open": "7.666",
            "high": "7.666",
            "low": "7.666",
            "close": "7.72"
        },
        {
            "time": "15.01.2021 14:46",
            "open": "7.72",
            "high": "7.72",
            "low": "7.72",
            "close": "7.699"
        },
        {
            "time": "15.01.2021 14:47",
            "open": "7.699",
            "high": "7.699",
            "low": "7.699",
            "close": "7.72"
        },
        {
            "time": "15.01.2021 14:50",
            "open": "7.72",
            "high": "7.72",
            "low": "7.72",
            "close": "7.711"
        },
        {
            "time": "15.01.2021 14:55",
            "open": "7.711",
            "high": "7.711",
            "low": "7.7",
            "close": "7.7"
        },
        {
            "time": "15.01.2021 14:56",
            "open": "7.7",
            "high": "7.72",
            "low": "7.7",
            "close": "7.72"
        },
        {
            "time": "15.01.2021 14:57",
            "open": "7.72",
            "high": "7.72",
            "low": "7.72",
            "close": "7.744"
        },
        {
            "time": "15.01.2021 15:00",
            "open": "7.744",
            "high": "7.8",
            "low": "7.744",
            "close": "7.815"
        },
        {
            "time": "15.01.2021 15:06",
            "open": "7.815",
            "high": "7.815",
            "low": "7.815",
            "close": "7.801"
        },
        {
            "time": "15.01.2021 15:07",
            "open": "7.801",
            "high": "7.801",
            "low": "7.8",
            "close": "7.802"
        },
        {
            "time": "15.01.2021 15:08",
            "open": "7.802",
            "high": "7.802",
            "low": "7.8",
            "close": "7.8"
        },
        {
            "time": "15.01.2021 15:09",
            "open": "7.8",
            "high": "7.8",
            "low": "7.8",
            "close": "7.793"
        },
        {
            "time": "15.01.2021 15:10",
            "open": "7.793",
            "high": "7.793",
            "low": "7.793",
            "close": "7.754"
        },
        {
            "time": "15.01.2021 15:13",
            "open": "7.754",
            "high": "7.754",
            "low": "7.754",
            "close": "7.762"
        },
        {
            "time": "15.01.2021 15:17",
            "open": "7.762",
            "high": "7.778",
            "low": "7.745",
            "close": "7.736"
        },
        {
            "time": "15.01.2021 15:20",
            "open": "7.736",
            "high": "7.736",
            "low": "7.71",
            "close": "7.704"
        },
        {
            "time": "15.01.2021 15:21",
            "open": "7.704",
            "high": "7.704",
            "low": "7.704",
            "close": "7.705"
        },
        {
            "time": "15.01.2021 15:22",
            "open": "7.705",
            "high": "7.705",
            "low": "7.705",
            "close": "7.724"
        },
        {
            "time": "15.01.2021 15:24",
            "open": "7.724",
            "high": "7.737",
            "low": "7.724",
            "close": "7.674"
        },
        {
            "time": "15.01.2021 15:26",
            "open": "7.674",
            "high": "7.698",
            "low": "7.674",
            "close": "7.706"
        },
        {
            "time": "15.01.2021 15:29",
            "open": "7.706",
            "high": "7.706",
            "low": "7.706",
            "close": "7.66"
        },
        {
            "time": "15.01.2021 15:37",
            "open": "7.66",
            "high": "7.66",
            "low": "7.66",
            "close": "7.623"
        },
        {
            "time": "15.01.2021 15:38",
            "open": "7.623",
            "high": "7.623",
            "low": "7.623",
            "close": "7.597"
        },
        {
            "time": "15.01.2021 15:41",
            "open": "7.597",
            "high": "7.597",
            "low": "7.597",
            "close": "7.548"
        },
        {
            "time": "15.01.2021 15:42",
            "open": "7.548",
            "high": "7.583",
            "low": "7.548",
            "close": "7.609"
        },
        {
            "time": "15.01.2021 15:45",
            "open": "7.609",
            "high": "7.609",
            "low": "7.609",
            "close": "7.568"
        },
        {
            "time": "15.01.2021 15:47",
            "open": "7.568",
            "high": "7.568",
            "low": "7.568",
            "close": "7.57"
        },
        {
            "time": "15.01.2021 15:48",
            "open": "7.57",
            "high": "7.57",
            "low": "7.57",
            "close": "7.572"
        },
        {
            "time": "15.01.2021 15:49",
            "open": "7.572",
            "high": "7.623",
            "low": "7.57",
            "close": "7.585"
        },
        {
            "time": "15.01.2021 15:51",
            "open": "7.585",
            "high": "7.585",
            "low": "7.585",
            "close": "7.59"
        },
        {
            "time": "15.01.2021 15:56",
            "open": "7.59",
            "high": "7.59",
            "low": "7.59",
            "close": "7.626"
        },
        {
            "time": "15.01.2021 15:57",
            "open": "7.626",
            "high": "7.626",
            "low": "7.626",
            "close": "7.641"
        },
        {
            "time": "15.01.2021 15:59",
            "open": "7.641",
            "high": "7.641",
            "low": "7.641",
            "close": "7.68"
        },
        {
            "time": "15.01.2021 16:00",
            "open": "7.68",
            "high": "7.68",
            "low": "7.68",
            "close": "7.706"
        },
        {
            "time": "15.01.2021 16:01",
            "open": "7.706",
            "high": "7.706",
            "low": "7.642",
            "close": "7.76"
        },
        {
            "time": "15.01.2021 16:03",
            "open": "7.76",
            "high": "7.8",
            "low": "7.76",
            "close": "7.791"
        },
        {
            "time": "15.01.2021 16:05",
            "open": "7.791",
            "high": "7.791",
            "low": "7.699",
            "close": "7.713"
        },
        {
            "time": "15.01.2021 16:07",
            "open": "7.713",
            "high": "7.713",
            "low": "7.713",
            "close": "7.688"
        },
        {
            "time": "15.01.2021 16:08",
            "open": "7.688",
            "high": "7.693",
            "low": "7.688",
            "close": "7.769"
        },
        {
            "time": "15.01.2021 16:09",
            "open": "7.769",
            "high": "7.769",
            "low": "7.769",
            "close": "7.747"
        },
        {
            "time": "15.01.2021 16:10",
            "open": "7.747",
            "high": "7.747",
            "low": "7.747",
            "close": "7.752"
        },
        {
            "time": "15.01.2021 16:12",
            "open": "7.752",
            "high": "7.752",
            "low": "7.752",
            "close": "7.72"
        },
        {
            "time": "15.01.2021 16:15",
            "open": "7.72",
            "high": "7.72",
            "low": "7.72",
            "close": "7.671"
        },
        {
            "time": "15.01.2021 16:22",
            "open": "7.671",
            "high": "7.671",
            "low": "7.671",
            "close": "7.716"
        },
        {
            "time": "15.01.2021 16:23",
            "open": "7.716",
            "high": "7.718",
            "low": "7.716",
            "close": "7.72"
        },
        {
            "time": "15.01.2021 16:24",
            "open": "7.72",
            "high": "7.72",
            "low": "7.72",
            "close": "7.817"
        },
        {
            "time": "15.01.2021 16:28",
            "open": "7.817",
            "high": "7.817",
            "low": "7.817",
            "close": "7.727"
        },
        {
            "time": "15.01.2021 16:42",
            "open": "7.727",
            "high": "7.727",
            "low": "7.727",
            "close": "7.73"
        },
        {
            "time": "15.01.2021 16:43",
            "open": "7.73",
            "high": "7.73",
            "low": "7.73",
            "close": "7.715"
        },
        {
            "time": "15.01.2021 16:46",
            "open": "7.715",
            "high": "7.715",
            "low": "7.715",
            "close": "7.611"
        },
        {
            "time": "15.01.2021 16:47",
            "open": "7.611",
            "high": "7.611",
            "low": "7.611",
            "close": "7.55"
        },
        {
            "time": "15.01.2021 16:49",
            "open": "7.55",
            "high": "7.701",
            "low": "7.55",
            "close": "7.669"
        },
        {
            "time": "15.01.2021 16:50",
            "open": "7.669",
            "high": "7.669",
            "low": "7.55",
            "close": "7.566"
        },
        {
            "time": "15.01.2021 16:51",
            "open": "7.566",
            "high": "7.566",
            "low": "7.566",
            "close": "7.532"
        },
        {
            "time": "15.01.2021 16:52",
            "open": "7.532",
            "high": "7.532",
            "low": "7.501",
            "close": "7.517"
        },
        {
            "time": "15.01.2021 16:53",
            "open": "7.517",
            "high": "7.517",
            "low": "7.517",
            "close": "7.507"
        },
        {
            "time": "15.01.2021 16:55",
            "open": "7.507",
            "high": "7.507",
            "low": "7.5",
            "close": "7.485"
        },
        {
            "time": "15.01.2021 16:56",
            "open": "7.485",
            "high": "7.485",
            "low": "7.485",
            "close": "7.475"
        },
        {
            "time": "15.01.2021 16:57",
            "open": "7.475",
            "high": "7.475",
            "low": "7.452",
            "close": "7.451"
        },
        {
            "time": "15.01.2021 16:58",
            "open": "7.451",
            "high": "7.451",
            "low": "7.451",
            "close": "7.402"
        },
        {
            "time": "15.01.2021 16:59",
            "open": "7.402",
            "high": "7.402",
            "low": "7.397",
            "close": "7.391"
        },
        {
            "time": "15.01.2021 17:01",
            "open": "7.391",
            "high": "7.391",
            "low": "7.391",
            "close": "7.306"
        },
        {
            "time": "15.01.2021 17:02",
            "open": "7.306",
            "high": "7.306",
            "low": "7.25",
            "close": "7.235"
        },
        {
            "time": "15.01.2021 17:03",
            "open": "7.235",
            "high": "7.235",
            "low": "7.2",
            "close": "7.161"
        },
        {
            "time": "15.01.2021 17:04",
            "open": "7.161",
            "high": "7.161",
            "low": "7.03",
            "close": "7.129"
        },
        {
            "time": "15.01.2021 17:05",
            "open": "7.129",
            "high": "7.129",
            "low": "7.127",
            "close": "7.052"
        },
        {
            "time": "15.01.2021 17:06",
            "open": "7.052",
            "high": "7.107",
            "low": "7.052",
            "close": "7.107"
        },
        {
            "time": "15.01.2021 17:07",
            "open": "7.107",
            "high": "7.191",
            "low": "7.107",
            "close": "7.204"
        },
        {
            "time": "15.01.2021 17:08",
            "open": "7.204",
            "high": "7.204",
            "low": "7.149",
            "close": "7.148"
        },
        {
            "time": "15.01.2021 17:11",
            "open": "7.148",
            "high": "7.149",
            "low": "7.148",
            "close": "7.202"
        },
        {
            "time": "15.01.2021 17:12",
            "open": "7.202",
            "high": "7.202",
            "low": "7.183",
            "close": "7.183"
        },
        {
            "time": "15.01.2021 17:13",
            "open": "7.183",
            "high": "7.273",
            "low": "7.183",
            "close": "7.226"
        },
        {
            "time": "15.01.2021 17:14",
            "open": "7.226",
            "high": "7.278",
            "low": "7.226",
            "close": "7.243"
        },
        {
            "time": "15.01.2021 17:16",
            "open": "7.243",
            "high": "7.243",
            "low": "7.239",
            "close": "7.279"
        },
        {
            "time": "15.01.2021 17:17",
            "open": "7.279",
            "high": "7.37",
            "low": "7.277",
            "close": "7.243"
        },
        {
            "time": "15.01.2021 17:18",
            "open": "7.243",
            "high": "7.243",
            "low": "7.243",
            "close": "7.257"
        },
        {
            "time": "15.01.2021 17:19",
            "open": "7.257",
            "high": "7.263",
            "low": "7.257",
            "close": "7.236"
        },
        {
            "time": "15.01.2021 17:20",
            "open": "7.236",
            "high": "7.236",
            "low": "7.167",
            "close": "7.271"
        },
        {
            "time": "15.01.2021 17:21",
            "open": "7.271",
            "high": "7.298",
            "low": "7.271",
            "close": "7.298"
        },
        {
            "time": "15.01.2021 17:22",
            "open": "7.298",
            "high": "7.298",
            "low": "7.298",
            "close": "7.299"
        },
        {
            "time": "15.01.2021 17:23",
            "open": "7.299",
            "high": "7.399",
            "low": "7.299",
            "close": "7.325"
        },
        {
            "time": "15.01.2021 17:24",
            "open": "7.325",
            "high": "7.325",
            "low": "7.3",
            "close": "7.3"
        },
        {
            "time": "15.01.2021 17:25",
            "open": "7.3",
            "high": "7.3",
            "low": "7.3",
            "close": "7.326"
        },
        {
            "time": "15.01.2021 17:26",
            "open": "7.326",
            "high": "7.326",
            "low": "7.323",
            "close": "7.354"
        },
        {
            "time": "15.01.2021 17:27",
            "open": "7.354",
            "high": "7.354",
            "low": "7.354",
            "close": "7.357"
        },
        {
            "time": "15.01.2021 17:28",
            "open": "7.357",
            "high": "7.361",
            "low": "7.357",
            "close": "7.348"
        },
        {
            "time": "15.01.2021 17:30",
            "open": "7.348",
            "high": "7.348",
            "low": "7.344",
            "close": "7.349"
        },
        {
            "time": "15.01.2021 17:31",
            "open": "7.349",
            "high": "7.349",
            "low": "7.349",
            "close": "7.39"
        },
        {
            "time": "15.01.2021 17:33",
            "open": "7.39",
            "high": "7.39",
            "low": "7.39",
            "close": "7.355"
        },
        {
            "time": "15.01.2021 17:34",
            "open": "7.355",
            "high": "7.355",
            "low": "7.355",
            "close": "7.333"
        },
        {
            "time": "15.01.2021 17:36",
            "open": "7.333",
            "high": "7.333",
            "low": "7.333",
            "close": "7.368"
        },
        {
            "time": "15.01.2021 17:40",
            "open": "7.368",
            "high": "7.368",
            "low": "7.355",
            "close": "7.355"
        },
        {
            "time": "15.01.2021 17:43",
            "open": "7.355",
            "high": "7.355",
            "low": "7.355",
            "close": "7.372"
        },
        {
            "time": "15.01.2021 17:47",
            "open": "7.372",
            "high": "7.372",
            "low": "7.372",
            "close": "7.394"
        },
        {
            "time": "15.01.2021 17:48",
            "open": "7.394",
            "high": "7.396",
            "low": "7.394",
            "close": "7.396"
        },
        {
            "time": "15.01.2021 17:50",
            "open": "7.396",
            "high": "7.396",
            "low": "7.396",
            "close": "7.396"
        },
        {
            "time": "15.01.2021 17:52",
            "open": "7.396",
            "high": "7.396",
            "low": "7.396",
            "close": "7.4"
        },
        {
            "time": "15.01.2021 18:00",
            "open": "7.4",
            "high": "7.4",
            "low": "7.4",
            "close": "7.4"
        },
        {
            "time": "15.01.2021 18:01",
            "open": "7.4",
            "high": "7.4",
            "low": "7.4",
            "close": "7.398"
        },
        {
            "time": "15.01.2021 18:03",
            "open": "7.398",
            "high": "7.398",
            "low": "7.398",
            "close": "7.4"
        },
        {
            "time": "15.01.2021 18:07",
            "open": "7.4",
            "high": "7.4",
            "low": "7.4",
            "close": "7.399"
        },
        {
            "time": "15.01.2021 18:09",
            "open": "7.399",
            "high": "7.399",
            "low": "7.395",
            "close": "7.395"
        },
        {
            "time": "15.01.2021 18:10",
            "open": "7.395",
            "high": "7.395",
            "low": "7.395",
            "close": "7.396"
        },
        {
            "time": "15.01.2021 18:11",
            "open": "7.396",
            "high": "7.397",
            "low": "7.355",
            "close": "7.355"
        },
        {
            "time": "15.01.2021 18:12",
            "open": "7.355",
            "high": "7.355",
            "low": "7.355",
            "close": "7.355"
        },
        {
            "time": "15.01.2021 18:21",
            "open": "7.355",
            "high": "7.355",
            "low": "7.355",
            "close": "7.374"
        },
        {
            "time": "15.01.2021 18:29",
            "open": "7.374",
            "high": "7.374",
            "low": "7.374",
            "close": "7.37"
        },
        {
            "time": "15.01.2021 18:30",
            "open": "7.37",
            "high": "7.37",
            "low": "7.37",
            "close": "7.36"
        },
        {
            "time": "15.01.2021 18:39",
            "open": "7.36",
            "high": "7.36",
            "low": "7.34",
            "close": "7.356"
        },
        {
            "time": "15.01.2021 18:40",
            "open": "7.356",
            "high": "7.356",
            "low": "7.356",
            "close": "7.362"
        },
        {
            "time": "15.01.2021 18:45",
            "open": "7.362",
            "high": "7.362",
            "low": "7.362",
            "close": "7.4"
        },
        {
            "time": "15.01.2021 18:49",
            "open": "7.4",
            "high": "7.4",
            "low": "7.4",
            "close": "7.464"
        },
        {
            "time": "15.01.2021 19:05",
            "open": "7.464",
            "high": "7.483",
            "low": "7.46",
            "close": "7.456"
        },
        {
            "time": "15.01.2021 19:06",
            "open": "7.456",
            "high": "7.456",
            "low": "7.456",
            "close": "7.477"
        },
        {
            "time": "15.01.2021 19:14",
            "open": "7.477",
            "high": "7.477",
            "low": "7.432",
            "close": "7.48"
        },
        {
            "time": "15.01.2021 19:15",
            "open": "7.48",
            "high": "7.491",
            "low": "7.48",
            "close": "7.501"
        },
        {
            "time": "15.01.2021 19:21",
            "open": "7.501",
            "high": "7.503",
            "low": "7.501",
            "close": "7.54"
        },
        {
            "time": "15.01.2021 19:22",
            "open": "7.54",
            "high": "7.608",
            "low": "7.512",
            "close": "7.586"
        },
        {
            "time": "15.01.2021 19:26",
            "open": "7.586",
            "high": "7.653",
            "low": "7.586",
            "close": "7.563"
        },
        {
            "time": "15.01.2021 19:27",
            "open": "7.563",
            "high": "7.581",
            "low": "7.559",
            "close": "7.541"
        },
        {
            "time": "15.01.2021 19:43",
            "open": "7.541",
            "high": "7.541",
            "low": "7.541",
            "close": "7.507"
        },
        {
            "time": "15.01.2021 19:47",
            "open": "7.507",
            "high": "7.507",
            "low": "7.45",
            "close": "7.524"
        },
        {
            "time": "15.01.2021 19:48",
            "open": "7.524",
            "high": "7.524",
            "low": "7.524",
            "close": "7.532"
        },
        {
            "time": "15.01.2021 19:49",
            "open": "7.532",
            "high": "7.532",
            "low": "7.532",
            "close": "7.511"
        },
        {
            "time": "15.01.2021 19:50",
            "open": "7.511",
            "high": "7.511",
            "low": "7.511",
            "close": "7.462"
        },
        {
            "time": "15.01.2021 19:51",
            "open": "7.462",
            "high": "7.513",
            "low": "7.425",
            "close": "7.488"
        },
        {
            "time": "15.01.2021 19:52",
            "open": "7.488",
            "high": "7.488",
            "low": "7.488",
            "close": "7.442"
        },
        {
            "time": "15.01.2021 19:53",
            "open": "7.442",
            "high": "7.551",
            "low": "7.44",
            "close": "7.462"
        },
        {
            "time": "15.01.2021 19:54",
            "open": "7.462",
            "high": "7.462",
            "low": "7.449",
            "close": "7.468"
        },
        {
            "time": "15.01.2021 19:55",
            "open": "7.468",
            "high": "7.468",
            "low": "7.468",
            "close": "7.549"
        },
        {
            "time": "15.01.2021 19:59",
            "open": "7.549",
            "high": "7.549",
            "low": "7.406",
            "close": "7.469"
        },
        {
            "time": "15.01.2021 20:09",
            "open": "7.469",
            "high": "7.469",
            "low": "7.391",
            "close": "7.392"
        },
        {
            "time": "15.01.2021 20:10",
            "open": "7.392",
            "high": "7.511",
            "low": "7.373",
            "close": "7.434"
        },
        {
            "time": "15.01.2021 20:11",
            "open": "7.434",
            "high": "7.434",
            "low": "7.434",
            "close": "7.458"
        },
        {
            "time": "15.01.2021 20:21",
            "open": "7.458",
            "high": "7.458",
            "low": "7.458",
            "close": "7.471"
        },
        {
            "time": "15.01.2021 20:23",
            "open": "7.471",
            "high": "7.471",
            "low": "7.471",
            "close": "7.421"
        },
        {
            "time": "15.01.2021 20:24",
            "open": "7.421",
            "high": "7.452",
            "low": "7.42",
            "close": "7.461"
        },
        {
            "time": "15.01.2021 20:26",
            "open": "7.461",
            "high": "7.461",
            "low": "7.461",
            "close": "7.483"
        },
        {
            "time": "15.01.2021 20:31",
            "open": "7.483",
            "high": "7.483",
            "low": "7.483",
            "close": "7.495"
        },
        {
            "time": "15.01.2021 20:45",
            "open": "7.495",
            "high": "7.495",
            "low": "7.495",
            "close": "7.481"
        },
        {
            "time": "15.01.2021 21:01",
            "open": "7.481",
            "high": "7.481",
            "low": "7.481",
            "close": "7.48"
        },
        {
            "time": "15.01.2021 21:05",
            "open": "7.48",
            "high": "7.48",
            "low": "7.48",
            "close": "7.462"
        },
        {
            "time": "15.01.2021 21:07",
            "open": "7.462",
            "high": "7.462",
            "low": "7.462",
            "close": "7.455"
        },
        {
            "time": "15.01.2021 21:09",
            "open": "7.455",
            "high": "7.455",
            "low": "7.455",
            "close": "7.44"
        },
        {
            "time": "15.01.2021 21:12",
            "open": "7.44",
            "high": "7.44",
            "low": "7.44",
            "close": "7.417"
        },
        {
            "time": "15.01.2021 21:14",
            "open": "7.417",
            "high": "7.417",
            "low": "7.417",
            "close": "7.408"
        },
        {
            "time": "15.01.2021 21:19",
            "open": "7.408",
            "high": "7.408",
            "low": "7.408",
            "close": "7.4"
        },
        {
            "time": "15.01.2021 21:21",
            "open": "7.4",
            "high": "7.4",
            "low": "7.4",
            "close": "7.42"
        },
        {
            "time": "15.01.2021 21:23",
            "open": "7.42",
            "high": "7.42",
            "low": "7.42",
            "close": "7.477"
        },
        {
            "time": "15.01.2021 21:24",
            "open": "7.477",
            "high": "7.477",
            "low": "7.412",
            "close": "7.48"
        },
        {
            "time": "15.01.2021 21:34",
            "open": "7.48",
            "high": "7.48",
            "low": "7.48",
            "close": "7.415"
        },
        {
            "time": "15.01.2021 21:43",
            "open": "7.415",
            "high": "7.415",
            "low": "7.415",
            "close": "7.452"
        },
        {
            "time": "15.01.2021 21:53",
            "open": "7.452",
            "high": "7.452",
            "low": "7.452",
            "close": "7.437"
        },
        {
            "time": "15.01.2021 21:59",
            "open": "7.437",
            "high": "7.437",
            "low": "7.437",
            "close": "7.477"
        },
        {
            "time": "15.01.2021 22:00",
            "open": "7.477",
            "high": "7.477",
            "low": "7.477",
            "close": "7.407"
        },
        {
            "time": "15.01.2021 22:01",
            "open": "7.407",
            "high": "7.407",
            "low": "7.407",
            "close": "7.42"
        },
        {
            "time": "15.01.2021 22:06",
            "open": "7.42",
            "high": "7.421",
            "low": "7.42",
            "close": "7.467"
        },
        {
            "time": "15.01.2021 22:28",
            "open": "7.467",
            "high": "7.467",
            "low": "7.467",
            "close": "7.533"
        },
        {
            "time": "15.01.2021 22:38",
            "open": "7.533",
            "high": "7.533",
            "low": "7.533",
            "close": "7.55"
        },
        {
            "time": "15.01.2021 22:43",
            "open": "7.55",
            "high": "7.551",
            "low": "7.55",
            "close": "7.551"
        },
        {
            "time": "15.01.2021 22:45",
            "open": "7.551",
            "high": "7.551",
            "low": "7.551",
            "close": "7.558"
        },
        {
            "time": "15.01.2021 23:11",
            "open": "7.558",
            "high": "7.577",
            "low": "7.558",
            "close": "7.577"
        },
        {
            "time": "15.01.2021 23:14",
            "open": "7.577",
            "high": "7.577",
            "low": "7.577",
            "close": "7.612"
        },
        {
            "time": "15.01.2021 23:15",
            "open": "7.612",
            "high": "7.612",
            "low": "7.612",
            "close": "7.615"
        },
        {
            "time": "15.01.2021 23:16",
            "open": "7.615",
            "high": "7.624",
            "low": "7.615",
            "close": "7.631"
        },
        {
            "time": "15.01.2021 23:35",
            "open": "7.631",
            "high": "7.631",
            "low": "7.631",
            "close": "7.654"
        },
        {
            "time": "15.01.2021 23:42",
            "open": "7.654",
            "high": "7.654",
            "low": "7.654",
            "close": "7.69"
        }
    ]
}