{
    "UMA-EUR": [
        {
            "time": "06.07.2021 23:55",
            "open": "8.199",
            "high": "8.199",
            "low": "8.199",
            "close": "8.199"
        },
        {
            "time": "07.07.2021 00:01",
            "open": "8.199",
            "high": "8.199",
            "low": "8.199",
            "close": "8.199"
        },
        {
            "time": "07.07.2021 00:02",
            "open": "8.199",
            "high": "8.199",
            "low": "8.199",
            "close": "8.245"
        },
        {
            "time": "07.07.2021 00:21",
            "open": "8.245",
            "high": "8.246",
            "low": "8.245",
            "close": "8.245"
        },
        {
            "time": "07.07.2021 00:32",
            "open": "8.245",
            "high": "8.245",
            "low": "8.245",
            "close": "8.264"
        },
        {
            "time": "07.07.2021 00:41",
            "open": "8.264",
            "high": "8.264",
            "low": "8.264",
            "close": "8.291"
        },
        {
            "time": "07.07.2021 00:57",
            "open": "8.291",
            "high": "8.299",
            "low": "8.291",
            "close": "8.309"
        },
        {
            "time": "07.07.2021 01:07",
            "open": "8.309",
            "high": "8.309",
            "low": "8.308",
            "close": "8.309"
        },
        {
            "time": "07.07.2021 01:08",
            "open": "8.309",
            "high": "8.309",
            "low": "8.309",
            "close": "8.335"
        },
        {
            "time": "07.07.2021 01:23",
            "open": "8.335",
            "high": "8.335",
            "low": "8.335",
            "close": "8.336"
        },
        {
            "time": "07.07.2021 01:26",
            "open": "8.336",
            "high": "8.336",
            "low": "8.336",
            "close": "8.331"
        },
        {
            "time": "07.07.2021 01:29",
            "open": "8.331",
            "high": "8.331",
            "low": "8.331",
            "close": "8.331"
        },
        {
            "time": "07.07.2021 01:47",
            "open": "8.331",
            "high": "8.331",
            "low": "8.331",
            "close": "8.332"
        },
        {
            "time": "07.07.2021 02:01",
            "open": "8.332",
            "high": "8.332",
            "low": "8.332",
            "close": "8.332"
        },
        {
            "time": "07.07.2021 02:02",
            "open": "8.332",
            "high": "8.332",
            "low": "8.332",
            "close": "8.332"
        },
        {
            "time": "07.07.2021 02:04",
            "open": "8.332",
            "high": "8.332",
            "low": "8.332",
            "close": "8.347"
        },
        {
            "time": "07.07.2021 02:07",
            "open": "8.347",
            "high": "8.347",
            "low": "8.347",
            "close": "8.316"
        },
        {
            "time": "07.07.2021 02:30",
            "open": "8.316",
            "high": "8.316",
            "low": "8.316",
            "close": "8.295"
        },
        {
            "time": "07.07.2021 02:31",
            "open": "8.295",
            "high": "8.295",
            "low": "8.295",
            "close": "8.218"
        },
        {
            "time": "07.07.2021 02:35",
            "open": "8.218",
            "high": "8.218",
            "low": "8.218",
            "close": "8.288"
        },
        {
            "time": "07.07.2021 02:46",
            "open": "8.288",
            "high": "8.289",
            "low": "8.288",
            "close": "8.289"
        },
        {
            "time": "07.07.2021 02:47",
            "open": "8.289",
            "high": "8.289",
            "low": "8.286",
            "close": "8.3"
        },
        {
            "time": "07.07.2021 02:57",
            "open": "8.3",
            "high": "8.3",
            "low": "8.3",
            "close": "8.32"
        },
        {
            "time": "07.07.2021 03:03",
            "open": "8.32",
            "high": "8.32",
            "low": "8.32",
            "close": "8.333"
        },
        {
            "time": "07.07.2021 03:05",
            "open": "8.333",
            "high": "8.333",
            "low": "8.333",
            "close": "8.332"
        },
        {
            "time": "07.07.2021 03:25",
            "open": "8.332",
            "high": "8.332",
            "low": "8.332",
            "close": "8.309"
        },
        {
            "time": "07.07.2021 03:37",
            "open": "8.309",
            "high": "8.309",
            "low": "8.294",
            "close": "8.285"
        },
        {
            "time": "07.07.2021 03:38",
            "open": "8.285",
            "high": "8.285",
            "low": "8.272",
            "close": "8.257"
        },
        {
            "time": "07.07.2021 03:39",
            "open": "8.257",
            "high": "8.257",
            "low": "8.257",
            "close": "8.259"
        },
        {
            "time": "07.07.2021 03:41",
            "open": "8.259",
            "high": "8.259",
            "low": "8.259",
            "close": "8.273"
        },
        {
            "time": "07.07.2021 03:49",
            "open": "8.273",
            "high": "8.273",
            "low": "8.258",
            "close": "8.297"
        },
        {
            "time": "07.07.2021 04:00",
            "open": "8.297",
            "high": "8.297",
            "low": "8.297",
            "close": "8.297"
        },
        {
            "time": "07.07.2021 04:03",
            "open": "8.297",
            "high": "8.297",
            "low": "8.297",
            "close": "8.265"
        },
        {
            "time": "07.07.2021 04:13",
            "open": "8.265",
            "high": "8.265",
            "low": "8.265",
            "close": "8.277"
        },
        {
            "time": "07.07.2021 04:36",
            "open": "8.277",
            "high": "8.295",
            "low": "8.277",
            "close": "8.304"
        },
        {
            "time": "07.07.2021 04:44",
            "open": "8.304",
            "high": "8.319",
            "low": "8.304",
            "close": "8.316"
        },
        {
            "time": "07.07.2021 04:46",
            "open": "8.316",
            "high": "8.316",
            "low": "8.307",
            "close": "8.323"
        },
        {
            "time": "07.07.2021 04:47",
            "open": "8.323",
            "high": "8.334",
            "low": "8.323",
            "close": "8.35"
        },
        {
            "time": "07.07.2021 04:49",
            "open": "8.35",
            "high": "8.35",
            "low": "8.35",
            "close": "8.35"
        },
        {
            "time": "07.07.2021 04:51",
            "open": "8.35",
            "high": "8.35",
            "low": "8.35",
            "close": "8.375"
        },
        {
            "time": "07.07.2021 04:59",
            "open": "8.375",
            "high": "8.375",
            "low": "8.375",
            "close": "8.392"
        },
        {
            "time": "07.07.2021 05:01",
            "open": "8.392",
            "high": "8.401",
            "low": "8.392",
            "close": "8.399"
        },
        {
            "time": "07.07.2021 05:13",
            "open": "8.399",
            "high": "8.401",
            "low": "8.398",
            "close": "8.404"
        },
        {
            "time": "07.07.2021 05:14",
            "open": "8.404",
            "high": "8.409",
            "low": "8.404",
            "close": "8.409"
        },
        {
            "time": "07.07.2021 05:15",
            "open": "8.409",
            "high": "8.414",
            "low": "8.408",
            "close": "8.41"
        },
        {
            "time": "07.07.2021 05:18",
            "open": "8.41",
            "high": "8.41",
            "low": "8.41",
            "close": "8.418"
        },
        {
            "time": "07.07.2021 05:22",
            "open": "8.418",
            "high": "8.418",
            "low": "8.418",
            "close": "8.418"
        },
        {
            "time": "07.07.2021 05:23",
            "open": "8.418",
            "high": "8.426",
            "low": "8.418",
            "close": "8.426"
        },
        {
            "time": "07.07.2021 05:24",
            "open": "8.426",
            "high": "8.454",
            "low": "8.424",
            "close": "8.459"
        },
        {
            "time": "07.07.2021 05:31",
            "open": "8.459",
            "high": "8.472",
            "low": "8.459",
            "close": "8.472"
        },
        {
            "time": "07.07.2021 05:33",
            "open": "8.472",
            "high": "8.472",
            "low": "8.471",
            "close": "8.465"
        },
        {
            "time": "07.07.2021 05:40",
            "open": "8.465",
            "high": "8.465",
            "low": "8.464",
            "close": "8.463"
        },
        {
            "time": "07.07.2021 05:41",
            "open": "8.463",
            "high": "8.463",
            "low": "8.423",
            "close": "8.442"
        },
        {
            "time": "07.07.2021 05:42",
            "open": "8.442",
            "high": "8.486",
            "low": "8.442",
            "close": "8.457"
        },
        {
            "time": "07.07.2021 05:49",
            "open": "8.457",
            "high": "8.457",
            "low": "8.457",
            "close": "8.457"
        },
        {
            "time": "07.07.2021 06:05",
            "open": "8.457",
            "high": "8.457",
            "low": "8.457",
            "close": "8.465"
        },
        {
            "time": "07.07.2021 06:08",
            "open": "8.465",
            "high": "8.465",
            "low": "8.465",
            "close": "8.484"
        },
        {
            "time": "07.07.2021 06:15",
            "open": "8.484",
            "high": "8.525",
            "low": "8.484",
            "close": "8.525"
        },
        {
            "time": "07.07.2021 06:16",
            "open": "8.525",
            "high": "8.595",
            "low": "8.525",
            "close": "8.586"
        },
        {
            "time": "07.07.2021 06:17",
            "open": "8.586",
            "high": "8.586",
            "low": "8.586",
            "close": "8.524"
        },
        {
            "time": "07.07.2021 06:18",
            "open": "8.524",
            "high": "8.524",
            "low": "8.524",
            "close": "8.524"
        },
        {
            "time": "07.07.2021 06:19",
            "open": "8.524",
            "high": "8.524",
            "low": "8.524",
            "close": "8.565"
        },
        {
            "time": "07.07.2021 06:21",
            "open": "8.565",
            "high": "8.585",
            "low": "8.565",
            "close": "8.6"
        },
        {
            "time": "07.07.2021 06:22",
            "open": "8.6",
            "high": "8.6",
            "low": "8.6",
            "close": "8.608"
        },
        {
            "time": "07.07.2021 06:23",
            "open": "8.608",
            "high": "8.66",
            "low": "8.608",
            "close": "8.624"
        },
        {
            "time": "07.07.2021 06:24",
            "open": "8.624",
            "high": "8.624",
            "low": "8.615",
            "close": "8.647"
        },
        {
            "time": "07.07.2021 06:28",
            "open": "8.647",
            "high": "8.647",
            "low": "8.645",
            "close": "8.642"
        },
        {
            "time": "07.07.2021 06:31",
            "open": "8.642",
            "high": "8.642",
            "low": "8.642",
            "close": "8.631"
        },
        {
            "time": "07.07.2021 06:32",
            "open": "8.631",
            "high": "8.631",
            "low": "8.63",
            "close": "8.63"
        },
        {
            "time": "07.07.2021 06:33",
            "open": "8.63",
            "high": "8.63",
            "low": "8.63",
            "close": "8.615"
        },
        {
            "time": "07.07.2021 06:39",
            "open": "8.615",
            "high": "8.615",
            "low": "8.615",
            "close": "8.616"
        },
        {
            "time": "07.07.2021 06:47",
            "open": "8.616",
            "high": "8.616",
            "low": "8.611",
            "close": "8.656"
        },
        {
            "time": "07.07.2021 06:55",
            "open": "8.656",
            "high": "8.656",
            "low": "8.656",
            "close": "8.656"
        },
        {
            "time": "07.07.2021 07:04",
            "open": "8.656",
            "high": "8.656",
            "low": "8.656",
            "close": "8.653"
        },
        {
            "time": "07.07.2021 07:26",
            "open": "8.653",
            "high": "8.653",
            "low": "8.653",
            "close": "8.664"
        },
        {
            "time": "07.07.2021 07:35",
            "open": "8.664",
            "high": "8.675",
            "low": "8.664",
            "close": "8.666"
        },
        {
            "time": "07.07.2021 07:36",
            "open": "8.666",
            "high": "8.666",
            "low": "8.666",
            "close": "8.679"
        },
        {
            "time": "07.07.2021 07:41",
            "open": "8.679",
            "high": "8.7",
            "low": "8.679",
            "close": "8.684"
        },
        {
            "time": "07.07.2021 07:44",
            "open": "8.684",
            "high": "8.696",
            "low": "8.684",
            "close": "8.691"
        },
        {
            "time": "07.07.2021 07:45",
            "open": "8.691",
            "high": "8.691",
            "low": "8.681",
            "close": "8.712"
        },
        {
            "time": "07.07.2021 07:47",
            "open": "8.712",
            "high": "8.72",
            "low": "8.712",
            "close": "8.7"
        },
        {
            "time": "07.07.2021 07:48",
            "open": "8.7",
            "high": "8.7",
            "low": "8.7",
            "close": "8.711"
        },
        {
            "time": "07.07.2021 07:54",
            "open": "8.711",
            "high": "8.711",
            "low": "8.711",
            "close": "8.691"
        },
        {
            "time": "07.07.2021 08:02",
            "open": "8.691",
            "high": "8.691",
            "low": "8.69",
            "close": "8.69"
        },
        {
            "time": "07.07.2021 08:09",
            "open": "8.69",
            "high": "8.69",
            "low": "8.69",
            "close": "8.69"
        },
        {
            "time": "07.07.2021 08:32",
            "open": "8.69",
            "high": "8.691",
            "low": "8.69",
            "close": "8.735"
        },
        {
            "time": "07.07.2021 08:35",
            "open": "8.735",
            "high": "8.735",
            "low": "8.735",
            "close": "8.734"
        },
        {
            "time": "07.07.2021 08:36",
            "open": "8.734",
            "high": "8.734",
            "low": "8.734",
            "close": "8.67"
        },
        {
            "time": "07.07.2021 08:54",
            "open": "8.67",
            "high": "8.675",
            "low": "8.67",
            "close": "8.675"
        },
        {
            "time": "07.07.2021 08:56",
            "open": "8.675",
            "high": "8.677",
            "low": "8.675",
            "close": "8.663"
        },
        {
            "time": "07.07.2021 08:58",
            "open": "8.663",
            "high": "8.663",
            "low": "8.663",
            "close": "8.685"
        },
        {
            "time": "07.07.2021 08:59",
            "open": "8.685",
            "high": "8.685",
            "low": "8.685",
            "close": "8.685"
        },
        {
            "time": "07.07.2021 09:00",
            "open": "8.685",
            "high": "8.685",
            "low": "8.685",
            "close": "8.693"
        },
        {
            "time": "07.07.2021 09:07",
            "open": "8.693",
            "high": "8.693",
            "low": "8.693",
            "close": "8.71"
        },
        {
            "time": "07.07.2021 09:08",
            "open": "8.71",
            "high": "8.71",
            "low": "8.71",
            "close": "8.703"
        },
        {
            "time": "07.07.2021 09:16",
            "open": "8.703",
            "high": "8.704",
            "low": "8.703",
            "close": "8.678"
        },
        {
            "time": "07.07.2021 09:23",
            "open": "8.678",
            "high": "8.678",
            "low": "8.678",
            "close": "8.663"
        },
        {
            "time": "07.07.2021 09:26",
            "open": "8.663",
            "high": "8.663",
            "low": "8.663",
            "close": "8.679"
        },
        {
            "time": "07.07.2021 09:30",
            "open": "8.679",
            "high": "8.68",
            "low": "8.657",
            "close": "8.649"
        },
        {
            "time": "07.07.2021 09:55",
            "open": "8.649",
            "high": "8.649",
            "low": "8.649",
            "close": "8.566"
        },
        {
            "time": "07.07.2021 09:58",
            "open": "8.566",
            "high": "8.566",
            "low": "8.566",
            "close": "8.568"
        },
        {
            "time": "07.07.2021 09:59",
            "open": "8.568",
            "high": "8.568",
            "low": "8.568",
            "close": "8.59"
        },
        {
            "time": "07.07.2021 10:02",
            "open": "8.59",
            "high": "8.59",
            "low": "8.59",
            "close": "8.625"
        },
        {
            "time": "07.07.2021 10:22",
            "open": "8.625",
            "high": "8.625",
            "low": "8.625",
            "close": "8.614"
        },
        {
            "time": "07.07.2021 10:30",
            "open": "8.614",
            "high": "8.628",
            "low": "8.614",
            "close": "8.621"
        },
        {
            "time": "07.07.2021 10:32",
            "open": "8.621",
            "high": "8.621",
            "low": "8.621",
            "close": "8.621"
        },
        {
            "time": "07.07.2021 10:33",
            "open": "8.621",
            "high": "8.621",
            "low": "8.621",
            "close": "8.613"
        },
        {
            "time": "07.07.2021 10:35",
            "open": "8.613",
            "high": "8.613",
            "low": "8.613",
            "close": "8.613"
        },
        {
            "time": "07.07.2021 10:36",
            "open": "8.613",
            "high": "8.613",
            "low": "8.613",
            "close": "8.658"
        },
        {
            "time": "07.07.2021 10:41",
            "open": "8.658",
            "high": "8.658",
            "low": "8.658",
            "close": "8.716"
        },
        {
            "time": "07.07.2021 11:03",
            "open": "8.716",
            "high": "8.716",
            "low": "8.716",
            "close": "8.727"
        },
        {
            "time": "07.07.2021 11:05",
            "open": "8.727",
            "high": "8.727",
            "low": "8.727",
            "close": "8.735"
        },
        {
            "time": "07.07.2021 11:07",
            "open": "8.735",
            "high": "8.76",
            "low": "8.735",
            "close": "8.775"
        },
        {
            "time": "07.07.2021 11:09",
            "open": "8.775",
            "high": "8.775",
            "low": "8.775",
            "close": "8.775"
        },
        {
            "time": "07.07.2021 11:10",
            "open": "8.775",
            "high": "8.775",
            "low": "8.773",
            "close": "8.773"
        },
        {
            "time": "07.07.2021 11:11",
            "open": "8.773",
            "high": "8.773",
            "low": "8.741",
            "close": "8.78"
        },
        {
            "time": "07.07.2021 11:13",
            "open": "8.78",
            "high": "8.78",
            "low": "8.78",
            "close": "8.762"
        },
        {
            "time": "07.07.2021 11:14",
            "open": "8.762",
            "high": "8.762",
            "low": "8.762",
            "close": "8.756"
        },
        {
            "time": "07.07.2021 11:15",
            "open": "8.756",
            "high": "8.756",
            "low": "8.755",
            "close": "8.73"
        },
        {
            "time": "07.07.2021 11:18",
            "open": "8.73",
            "high": "8.73",
            "low": "8.73",
            "close": "8.751"
        },
        {
            "time": "07.07.2021 11:27",
            "open": "8.751",
            "high": "8.755",
            "low": "8.751",
            "close": "8.755"
        },
        {
            "time": "07.07.2021 11:30",
            "open": "8.755",
            "high": "8.755",
            "low": "8.755",
            "close": "8.755"
        },
        {
            "time": "07.07.2021 11:32",
            "open": "8.755",
            "high": "8.773",
            "low": "8.755",
            "close": "8.792"
        },
        {
            "time": "07.07.2021 11:33",
            "open": "8.792",
            "high": "8.826",
            "low": "8.792",
            "close": "8.83"
        },
        {
            "time": "07.07.2021 11:34",
            "open": "8.83",
            "high": "8.849",
            "low": "8.83",
            "close": "8.831"
        },
        {
            "time": "07.07.2021 11:35",
            "open": "8.831",
            "high": "8.845",
            "low": "8.831",
            "close": "8.834"
        },
        {
            "time": "07.07.2021 11:36",
            "open": "8.834",
            "high": "8.834",
            "low": "8.834",
            "close": "8.837"
        },
        {
            "time": "07.07.2021 11:38",
            "open": "8.837",
            "high": "8.837",
            "low": "8.837",
            "close": "8.832"
        },
        {
            "time": "07.07.2021 11:39",
            "open": "8.832",
            "high": "8.832",
            "low": "8.828",
            "close": "8.819"
        },
        {
            "time": "07.07.2021 11:40",
            "open": "8.819",
            "high": "8.819",
            "low": "8.819",
            "close": "8.836"
        },
        {
            "time": "07.07.2021 11:42",
            "open": "8.836",
            "high": "8.839",
            "low": "8.836",
            "close": "8.79"
        },
        {
            "time": "07.07.2021 11:48",
            "open": "8.79",
            "high": "8.79",
            "low": "8.79",
            "close": "8.8"
        },
        {
            "time": "07.07.2021 11:54",
            "open": "8.8",
            "high": "8.8",
            "low": "8.8",
            "close": "8.799"
        },
        {
            "time": "07.07.2021 12:01",
            "open": "8.799",
            "high": "8.799",
            "low": "8.799",
            "close": "8.796"
        },
        {
            "time": "07.07.2021 12:02",
            "open": "8.796",
            "high": "8.796",
            "low": "8.796",
            "close": "8.799"
        },
        {
            "time": "07.07.2021 12:03",
            "open": "8.799",
            "high": "8.8",
            "low": "8.799",
            "close": "8.814"
        },
        {
            "time": "07.07.2021 12:04",
            "open": "8.814",
            "high": "8.814",
            "low": "8.814",
            "close": "8.803"
        },
        {
            "time": "07.07.2021 12:10",
            "open": "8.803",
            "high": "8.803",
            "low": "8.803",
            "close": "8.83"
        },
        {
            "time": "07.07.2021 12:15",
            "open": "8.83",
            "high": "8.83",
            "low": "8.83",
            "close": "8.825"
        },
        {
            "time": "07.07.2021 12:19",
            "open": "8.825",
            "high": "8.833",
            "low": "8.825",
            "close": "8.808"
        },
        {
            "time": "07.07.2021 12:20",
            "open": "8.808",
            "high": "8.808",
            "low": "8.808",
            "close": "8.845"
        },
        {
            "time": "07.07.2021 12:25",
            "open": "8.845",
            "high": "8.845",
            "low": "8.845",
            "close": "8.843"
        },
        {
            "time": "07.07.2021 12:31",
            "open": "8.843",
            "high": "8.843",
            "low": "8.843",
            "close": "8.827"
        },
        {
            "time": "07.07.2021 12:32",
            "open": "8.827",
            "high": "8.84",
            "low": "8.827",
            "close": "8.84"
        },
        {
            "time": "07.07.2021 12:33",
            "open": "8.84",
            "high": "8.84",
            "low": "8.84",
            "close": "8.849"
        },
        {
            "time": "07.07.2021 12:37",
            "open": "8.849",
            "high": "8.85",
            "low": "8.849",
            "close": "8.86"
        },
        {
            "time": "07.07.2021 12:39",
            "open": "8.86",
            "high": "8.91",
            "low": "8.86",
            "close": "8.904"
        },
        {
            "time": "07.07.2021 12:40",
            "open": "8.904",
            "high": "8.92",
            "low": "8.904",
            "close": "8.919"
        },
        {
            "time": "07.07.2021 12:41",
            "open": "8.919",
            "high": "8.919",
            "low": "8.919",
            "close": "8.92"
        },
        {
            "time": "07.07.2021 12:42",
            "open": "8.92",
            "high": "8.92",
            "low": "8.92",
            "close": "8.919"
        },
        {
            "time": "07.07.2021 12:43",
            "open": "8.919",
            "high": "8.919",
            "low": "8.913",
            "close": "8.909"
        },
        {
            "time": "07.07.2021 12:46",
            "open": "8.909",
            "high": "8.915",
            "low": "8.906",
            "close": "8.93"
        },
        {
            "time": "07.07.2021 12:52",
            "open": "8.93",
            "high": "8.943",
            "low": "8.93",
            "close": "8.943"
        },
        {
            "time": "07.07.2021 12:53",
            "open": "8.943",
            "high": "9.034",
            "low": "8.943",
            "close": "9.034"
        },
        {
            "time": "07.07.2021 12:54",
            "open": "9.034",
            "high": "9.114",
            "low": "8.992",
            "close": "9.004"
        },
        {
            "time": "07.07.2021 12:55",
            "open": "9.004",
            "high": "9.004",
            "low": "8.987",
            "close": "8.998"
        },
        {
            "time": "07.07.2021 12:56",
            "open": "8.998",
            "high": "8.998",
            "low": "8.915",
            "close": "8.9"
        },
        {
            "time": "07.07.2021 12:57",
            "open": "8.9",
            "high": "8.9",
            "low": "8.877",
            "close": "8.863"
        },
        {
            "time": "07.07.2021 13:00",
            "open": "8.863",
            "high": "8.863",
            "low": "8.863",
            "close": "8.85"
        },
        {
            "time": "07.07.2021 13:01",
            "open": "8.85",
            "high": "8.85",
            "low": "8.844",
            "close": "8.836"
        },
        {
            "time": "07.07.2021 13:02",
            "open": "8.836",
            "high": "8.836",
            "low": "8.814",
            "close": "8.813"
        },
        {
            "time": "07.07.2021 13:03",
            "open": "8.813",
            "high": "8.813",
            "low": "8.791",
            "close": "8.864"
        },
        {
            "time": "07.07.2021 13:06",
            "open": "8.864",
            "high": "8.864",
            "low": "8.864",
            "close": "8.848"
        },
        {
            "time": "07.07.2021 13:07",
            "open": "8.848",
            "high": "8.848",
            "low": "8.848",
            "close": "8.841"
        },
        {
            "time": "07.07.2021 13:08",
            "open": "8.841",
            "high": "8.867",
            "low": "8.841",
            "close": "8.871"
        },
        {
            "time": "07.07.2021 13:10",
            "open": "8.871",
            "high": "8.913",
            "low": "8.871",
            "close": "8.881"
        },
        {
            "time": "07.07.2021 13:13",
            "open": "8.881",
            "high": "8.881",
            "low": "8.879",
            "close": "8.884"
        },
        {
            "time": "07.07.2021 13:15",
            "open": "8.884",
            "high": "8.884",
            "low": "8.884",
            "close": "8.884"
        },
        {
            "time": "07.07.2021 13:35",
            "open": "8.884",
            "high": "8.884",
            "low": "8.879",
            "close": "8.872"
        },
        {
            "time": "07.07.2021 13:38",
            "open": "8.872",
            "high": "8.872",
            "low": "8.865",
            "close": "8.86"
        },
        {
            "time": "07.07.2021 13:39",
            "open": "8.86",
            "high": "8.86",
            "low": "8.86",
            "close": "8.852"
        },
        {
            "time": "07.07.2021 13:42",
            "open": "8.852",
            "high": "8.852",
            "low": "8.852",
            "close": "8.848"
        },
        {
            "time": "07.07.2021 13:43",
            "open": "8.848",
            "high": "8.848",
            "low": "8.848",
            "close": "8.816"
        },
        {
            "time": "07.07.2021 13:45",
            "open": "8.816",
            "high": "8.816",
            "low": "8.812",
            "close": "8.816"
        },
        {
            "time": "07.07.2021 13:46",
            "open": "8.816",
            "high": "8.836",
            "low": "8.816",
            "close": "8.816"
        },
        {
            "time": "07.07.2021 13:49",
            "open": "8.816",
            "high": "8.816",
            "low": "8.816",
            "close": "8.802"
        },
        {
            "time": "07.07.2021 13:55",
            "open": "8.802",
            "high": "8.802",
            "low": "8.802",
            "close": "8.816"
        },
        {
            "time": "07.07.2021 13:57",
            "open": "8.816",
            "high": "8.819",
            "low": "8.816",
            "close": "8.819"
        },
        {
            "time": "07.07.2021 14:01",
            "open": "8.819",
            "high": "8.819",
            "low": "8.819",
            "close": "8.851"
        },
        {
            "time": "07.07.2021 14:02",
            "open": "8.851",
            "high": "8.851",
            "low": "8.851",
            "close": "8.828"
        },
        {
            "time": "07.07.2021 14:06",
            "open": "8.828",
            "high": "8.828",
            "low": "8.828",
            "close": "8.842"
        },
        {
            "time": "07.07.2021 14:07",
            "open": "8.842",
            "high": "8.851",
            "low": "8.842",
            "close": "8.85"
        },
        {
            "time": "07.07.2021 14:12",
            "open": "8.85",
            "high": "8.85",
            "low": "8.848",
            "close": "8.877"
        },
        {
            "time": "07.07.2021 14:17",
            "open": "8.877",
            "high": "8.877",
            "low": "8.877",
            "close": "8.877"
        },
        {
            "time": "07.07.2021 14:18",
            "open": "8.877",
            "high": "8.877",
            "low": "8.866",
            "close": "8.846"
        },
        {
            "time": "07.07.2021 14:27",
            "open": "8.846",
            "high": "8.846",
            "low": "8.846",
            "close": "8.837"
        },
        {
            "time": "07.07.2021 14:28",
            "open": "8.837",
            "high": "8.837",
            "low": "8.837",
            "close": "8.832"
        },
        {
            "time": "07.07.2021 14:29",
            "open": "8.832",
            "high": "8.832",
            "low": "8.831",
            "close": "8.836"
        },
        {
            "time": "07.07.2021 14:34",
            "open": "8.836",
            "high": "8.836",
            "low": "8.836",
            "close": "8.831"
        },
        {
            "time": "07.07.2021 14:35",
            "open": "8.831",
            "high": "8.831",
            "low": "8.831",
            "close": "8.814"
        },
        {
            "time": "07.07.2021 14:37",
            "open": "8.814",
            "high": "8.814",
            "low": "8.813",
            "close": "8.81"
        },
        {
            "time": "07.07.2021 14:39",
            "open": "8.81",
            "high": "8.81",
            "low": "8.81",
            "close": "8.805"
        },
        {
            "time": "07.07.2021 14:40",
            "open": "8.805",
            "high": "8.805",
            "low": "8.804",
            "close": "8.805"
        },
        {
            "time": "07.07.2021 14:41",
            "open": "8.805",
            "high": "8.805",
            "low": "8.801",
            "close": "8.783"
        },
        {
            "time": "07.07.2021 14:42",
            "open": "8.783",
            "high": "8.783",
            "low": "8.771",
            "close": "8.763"
        },
        {
            "time": "07.07.2021 14:46",
            "open": "8.763",
            "high": "8.763",
            "low": "8.763",
            "close": "8.771"
        },
        {
            "time": "07.07.2021 15:15",
            "open": "8.771",
            "high": "8.771",
            "low": "8.771",
            "close": "8.77"
        },
        {
            "time": "07.07.2021 15:16",
            "open": "8.77",
            "high": "8.798",
            "low": "8.77",
            "close": "8.777"
        },
        {
            "time": "07.07.2021 15:17",
            "open": "8.777",
            "high": "8.777",
            "low": "8.777",
            "close": "8.781"
        },
        {
            "time": "07.07.2021 15:19",
            "open": "8.781",
            "high": "8.781",
            "low": "8.781",
            "close": "8.773"
        },
        {
            "time": "07.07.2021 15:24",
            "open": "8.773",
            "high": "8.773",
            "low": "8.725",
            "close": "8.731"
        },
        {
            "time": "07.07.2021 15:27",
            "open": "8.731",
            "high": "8.731",
            "low": "8.729",
            "close": "8.713"
        },
        {
            "time": "07.07.2021 15:28",
            "open": "8.713",
            "high": "8.713",
            "low": "8.713",
            "close": "8.722"
        },
        {
            "time": "07.07.2021 15:31",
            "open": "8.722",
            "high": "8.722",
            "low": "8.722",
            "close": "8.722"
        },
        {
            "time": "07.07.2021 15:42",
            "open": "8.722",
            "high": "8.722",
            "low": "8.722",
            "close": "8.722"
        },
        {
            "time": "07.07.2021 15:55",
            "open": "8.722",
            "high": "8.725",
            "low": "8.722",
            "close": "8.742"
        },
        {
            "time": "07.07.2021 15:59",
            "open": "8.742",
            "high": "8.742",
            "low": "8.742",
            "close": "8.746"
        },
        {
            "time": "07.07.2021 16:03",
            "open": "8.746",
            "high": "8.746",
            "low": "8.723",
            "close": "8.723"
        },
        {
            "time": "07.07.2021 16:04",
            "open": "8.723",
            "high": "8.723",
            "low": "8.723",
            "close": "8.72"
        },
        {
            "time": "07.07.2021 16:05",
            "open": "8.72",
            "high": "8.72",
            "low": "8.72",
            "close": "8.706"
        },
        {
            "time": "07.07.2021 16:11",
            "open": "8.706",
            "high": "8.706",
            "low": "8.703",
            "close": "8.716"
        },
        {
            "time": "07.07.2021 16:12",
            "open": "8.716",
            "high": "8.72",
            "low": "8.716",
            "close": "8.69"
        },
        {
            "time": "07.07.2021 16:14",
            "open": "8.69",
            "high": "8.707",
            "low": "8.69",
            "close": "8.69"
        },
        {
            "time": "07.07.2021 16:15",
            "open": "8.69",
            "high": "8.69",
            "low": "8.671",
            "close": "8.695"
        },
        {
            "time": "07.07.2021 16:17",
            "open": "8.695",
            "high": "8.695",
            "low": "8.685",
            "close": "8.684"
        },
        {
            "time": "07.07.2021 16:31",
            "open": "8.684",
            "high": "8.684",
            "low": "8.684",
            "close": "8.684"
        },
        {
            "time": "07.07.2021 16:33",
            "open": "8.684",
            "high": "8.686",
            "low": "8.684",
            "close": "8.686"
        },
        {
            "time": "07.07.2021 16:36",
            "open": "8.686",
            "high": "8.686",
            "low": "8.686",
            "close": "8.686"
        },
        {
            "time": "07.07.2021 16:41",
            "open": "8.686",
            "high": "8.686",
            "low": "8.686",
            "close": "8.65"
        },
        {
            "time": "07.07.2021 16:44",
            "open": "8.65",
            "high": "8.65",
            "low": "8.65",
            "close": "8.654"
        },
        {
            "time": "07.07.2021 16:46",
            "open": "8.654",
            "high": "8.664",
            "low": "8.654",
            "close": "8.661"
        },
        {
            "time": "07.07.2021 16:49",
            "open": "8.661",
            "high": "8.661",
            "low": "8.661",
            "close": "8.661"
        },
        {
            "time": "07.07.2021 16:51",
            "open": "8.661",
            "high": "8.667",
            "low": "8.661",
            "close": "8.646"
        },
        {
            "time": "07.07.2021 16:52",
            "open": "8.646",
            "high": "8.646",
            "low": "8.602",
            "close": "8.6"
        },
        {
            "time": "07.07.2021 16:53",
            "open": "8.6",
            "high": "8.615",
            "low": "8.597",
            "close": "8.581"
        },
        {
            "time": "07.07.2021 16:54",
            "open": "8.581",
            "high": "8.581",
            "low": "8.581",
            "close": "8.571"
        },
        {
            "time": "07.07.2021 16:55",
            "open": "8.571",
            "high": "8.571",
            "low": "8.571",
            "close": "8.571"
        },
        {
            "time": "07.07.2021 16:58",
            "open": "8.571",
            "high": "8.571",
            "low": "8.568",
            "close": "8.566"
        },
        {
            "time": "07.07.2021 16:59",
            "open": "8.566",
            "high": "8.579",
            "low": "8.566",
            "close": "8.573"
        },
        {
            "time": "07.07.2021 17:00",
            "open": "8.573",
            "high": "8.573",
            "low": "8.538",
            "close": "8.538"
        },
        {
            "time": "07.07.2021 17:01",
            "open": "8.538",
            "high": "8.538",
            "low": "8.519",
            "close": "8.533"
        },
        {
            "time": "07.07.2021 17:04",
            "open": "8.533",
            "high": "8.533",
            "low": "8.533",
            "close": "8.53"
        },
        {
            "time": "07.07.2021 17:05",
            "open": "8.53",
            "high": "8.53",
            "low": "8.53",
            "close": "8.546"
        },
        {
            "time": "07.07.2021 17:06",
            "open": "8.546",
            "high": "8.546",
            "low": "8.546",
            "close": "8.531"
        },
        {
            "time": "07.07.2021 17:09",
            "open": "8.531",
            "high": "8.531",
            "low": "8.531",
            "close": "8.53"
        },
        {
            "time": "07.07.2021 17:10",
            "open": "8.53",
            "high": "8.53",
            "low": "8.53",
            "close": "8.53"
        },
        {
            "time": "07.07.2021 17:14",
            "open": "8.53",
            "high": "8.535",
            "low": "8.53",
            "close": "8.519"
        },
        {
            "time": "07.07.2021 17:15",
            "open": "8.519",
            "high": "8.519",
            "low": "8.519",
            "close": "8.519"
        },
        {
            "time": "07.07.2021 17:22",
            "open": "8.519",
            "high": "8.519",
            "low": "8.516",
            "close": "8.5"
        },
        {
            "time": "07.07.2021 17:24",
            "open": "8.5",
            "high": "8.5",
            "low": "8.5",
            "close": "8.517"
        },
        {
            "time": "07.07.2021 17:25",
            "open": "8.517",
            "high": "8.517",
            "low": "8.517",
            "close": "8.498"
        },
        {
            "time": "07.07.2021 17:27",
            "open": "8.498",
            "high": "8.498",
            "low": "8.498",
            "close": "8.495"
        },
        {
            "time": "07.07.2021 17:28",
            "open": "8.495",
            "high": "8.495",
            "low": "8.495",
            "close": "8.495"
        },
        {
            "time": "07.07.2021 17:32",
            "open": "8.495",
            "high": "8.495",
            "low": "8.495",
            "close": "8.495"
        },
        {
            "time": "07.07.2021 17:33",
            "open": "8.495",
            "high": "8.495",
            "low": "8.495",
            "close": "8.495"
        },
        {
            "time": "07.07.2021 17:34",
            "open": "8.495",
            "high": "8.495",
            "low": "8.495",
            "close": "8.491"
        },
        {
            "time": "07.07.2021 17:44",
            "open": "8.491",
            "high": "8.491",
            "low": "8.491",
            "close": "8.496"
        },
        {
            "time": "07.07.2021 17:45",
            "open": "8.496",
            "high": "8.496",
            "low": "8.496",
            "close": "8.526"
        },
        {
            "time": "07.07.2021 17:48",
            "open": "8.526",
            "high": "8.526",
            "low": "8.526",
            "close": "8.527"
        },
        {
            "time": "07.07.2021 17:49",
            "open": "8.527",
            "high": "8.527",
            "low": "8.527",
            "close": "8.526"
        },
        {
            "time": "07.07.2021 17:50",
            "open": "8.526",
            "high": "8.526",
            "low": "8.509",
            "close": "8.488"
        },
        {
            "time": "07.07.2021 17:53",
            "open": "8.488",
            "high": "8.488",
            "low": "8.488",
            "close": "8.488"
        },
        {
            "time": "07.07.2021 17:54",
            "open": "8.488",
            "high": "8.488",
            "low": "8.488",
            "close": "8.486"
        },
        {
            "time": "07.07.2021 17:55",
            "open": "8.486",
            "high": "8.501",
            "low": "8.486",
            "close": "8.511"
        },
        {
            "time": "07.07.2021 18:02",
            "open": "8.511",
            "high": "8.526",
            "low": "8.511",
            "close": "8.522"
        },
        {
            "time": "07.07.2021 18:05",
            "open": "8.522",
            "high": "8.522",
            "low": "8.522",
            "close": "8.522"
        },
        {
            "time": "07.07.2021 18:19",
            "open": "8.522",
            "high": "8.522",
            "low": "8.506",
            "close": "8.503"
        },
        {
            "time": "07.07.2021 18:20",
            "open": "8.503",
            "high": "8.505",
            "low": "8.503",
            "close": "8.546"
        },
        {
            "time": "07.07.2021 18:24",
            "open": "8.546",
            "high": "8.546",
            "low": "8.546",
            "close": "8.547"
        },
        {
            "time": "07.07.2021 18:25",
            "open": "8.547",
            "high": "8.547",
            "low": "8.547",
            "close": "8.576"
        },
        {
            "time": "07.07.2021 18:26",
            "open": "8.576",
            "high": "8.576",
            "low": "8.576",
            "close": "8.576"
        },
        {
            "time": "07.07.2021 18:32",
            "open": "8.576",
            "high": "8.576",
            "low": "8.576",
            "close": "8.576"
        },
        {
            "time": "07.07.2021 18:33",
            "open": "8.576",
            "high": "8.576",
            "low": "8.576",
            "close": "8.588"
        },
        {
            "time": "07.07.2021 18:35",
            "open": "8.588",
            "high": "8.597",
            "low": "8.588",
            "close": "8.589"
        },
        {
            "time": "07.07.2021 18:36",
            "open": "8.589",
            "high": "8.64",
            "low": "8.589",
            "close": "8.614"
        },
        {
            "time": "07.07.2021 18:42",
            "open": "8.614",
            "high": "8.619",
            "low": "8.614",
            "close": "8.597"
        },
        {
            "time": "07.07.2021 18:45",
            "open": "8.597",
            "high": "8.597",
            "low": "8.597",
            "close": "8.598"
        },
        {
            "time": "07.07.2021 18:51",
            "open": "8.598",
            "high": "8.598",
            "low": "8.598",
            "close": "8.576"
        },
        {
            "time": "07.07.2021 18:52",
            "open": "8.576",
            "high": "8.576",
            "low": "8.572",
            "close": "8.581"
        },
        {
            "time": "07.07.2021 18:55",
            "open": "8.581",
            "high": "8.582",
            "low": "8.574",
            "close": "8.567"
        },
        {
            "time": "07.07.2021 18:56",
            "open": "8.567",
            "high": "8.567",
            "low": "8.567",
            "close": "8.563"
        },
        {
            "time": "07.07.2021 19:00",
            "open": "8.563",
            "high": "8.563",
            "low": "8.563",
            "close": "8.573"
        },
        {
            "time": "07.07.2021 19:03",
            "open": "8.573",
            "high": "8.573",
            "low": "8.573",
            "close": "8.573"
        },
        {
            "time": "07.07.2021 19:06",
            "open": "8.573",
            "high": "8.573",
            "low": "8.573",
            "close": "8.59"
        },
        {
            "time": "07.07.2021 19:09",
            "open": "8.59",
            "high": "8.598",
            "low": "8.59",
            "close": "8.593"
        },
        {
            "time": "07.07.2021 19:16",
            "open": "8.593",
            "high": "8.593",
            "low": "8.592",
            "close": "8.583"
        },
        {
            "time": "07.07.2021 19:32",
            "open": "8.583",
            "high": "8.583",
            "low": "8.583",
            "close": "8.583"
        },
        {
            "time": "07.07.2021 19:33",
            "open": "8.583",
            "high": "8.583",
            "low": "8.583",
            "close": "8.583"
        },
        {
            "time": "07.07.2021 19:34",
            "open": "8.583",
            "high": "8.583",
            "low": "8.583",
            "close": "8.587"
        },
        {
            "time": "07.07.2021 19:35",
            "open": "8.587",
            "high": "8.587",
            "low": "8.587",
            "close": "8.598"
        },
        {
            "time": "07.07.2021 19:46",
            "open": "8.598",
            "high": "8.598",
            "low": "8.598",
            "close": "8.614"
        },
        {
            "time": "07.07.2021 19:49",
            "open": "8.614",
            "high": "8.614",
            "low": "8.614",
            "close": "8.631"
        },
        {
            "time": "07.07.2021 19:52",
            "open": "8.631",
            "high": "8.632",
            "low": "8.624",
            "close": "8.617"
        },
        {
            "time": "07.07.2021 20:02",
            "open": "8.617",
            "high": "8.617",
            "low": "8.613",
            "close": "8.65"
        },
        {
            "time": "07.07.2021 20:11",
            "open": "8.65",
            "high": "8.65",
            "low": "8.65",
            "close": "8.657"
        },
        {
            "time": "07.07.2021 20:19",
            "open": "8.657",
            "high": "8.657",
            "low": "8.657",
            "close": "8.66"
        },
        {
            "time": "07.07.2021 20:25",
            "open": "8.66",
            "high": "8.664",
            "low": "8.66",
            "close": "8.668"
        },
        {
            "time": "07.07.2021 20:31",
            "open": "8.668",
            "high": "8.668",
            "low": "8.668",
            "close": "8.668"
        },
        {
            "time": "07.07.2021 20:32",
            "open": "8.668",
            "high": "8.668",
            "low": "8.668",
            "close": "8.668"
        },
        {
            "time": "07.07.2021 20:33",
            "open": "8.668",
            "high": "8.668",
            "low": "8.668",
            "close": "8.668"
        },
        {
            "time": "07.07.2021 20:34",
            "open": "8.668",
            "high": "8.668",
            "low": "8.668",
            "close": "8.67"
        },
        {
            "time": "07.07.2021 20:38",
            "open": "8.67",
            "high": "8.672",
            "low": "8.67",
            "close": "8.673"
        },
        {
            "time": "07.07.2021 20:40",
            "open": "8.673",
            "high": "8.708",
            "low": "8.66",
            "close": "8.678"
        },
        {
            "time": "07.07.2021 20:41",
            "open": "8.678",
            "high": "8.737",
            "low": "8.678",
            "close": "8.679"
        },
        {
            "time": "07.07.2021 20:42",
            "open": "8.679",
            "high": "8.679",
            "low": "8.679",
            "close": "8.687"
        },
        {
            "time": "07.07.2021 20:48",
            "open": "8.687",
            "high": "8.691",
            "low": "8.685",
            "close": "8.697"
        },
        {
            "time": "07.07.2021 20:50",
            "open": "8.697",
            "high": "8.788",
            "low": "8.697",
            "close": "8.714"
        },
        {
            "time": "07.07.2021 20:51",
            "open": "8.714",
            "high": "8.714",
            "low": "8.705",
            "close": "8.718"
        },
        {
            "time": "07.07.2021 20:52",
            "open": "8.718",
            "high": "8.788",
            "low": "8.718",
            "close": "8.721"
        },
        {
            "time": "07.07.2021 20:53",
            "open": "8.721",
            "high": "8.724",
            "low": "8.721",
            "close": "8.719"
        },
        {
            "time": "07.07.2021 20:55",
            "open": "8.719",
            "high": "8.719",
            "low": "8.71",
            "close": "8.716"
        },
        {
            "time": "07.07.2021 20:56",
            "open": "8.716",
            "high": "8.787",
            "low": "8.716",
            "close": "8.79"
        },
        {
            "time": "07.07.2021 21:00",
            "open": "8.79",
            "high": "8.8",
            "low": "8.79",
            "close": "8.802"
        },
        {
            "time": "07.07.2021 21:01",
            "open": "8.802",
            "high": "8.83",
            "low": "8.798",
            "close": "8.84"
        },
        {
            "time": "07.07.2021 21:02",
            "open": "8.84",
            "high": "8.842",
            "low": "8.835",
            "close": "8.842"
        },
        {
            "time": "07.07.2021 21:03",
            "open": "8.842",
            "high": "8.965",
            "low": "8.842",
            "close": "8.957"
        },
        {
            "time": "07.07.2021 21:04",
            "open": "8.957",
            "high": "8.991",
            "low": "8.879",
            "close": "8.933"
        },
        {
            "time": "07.07.2021 21:05",
            "open": "8.933",
            "high": "8.933",
            "low": "8.92",
            "close": "8.92"
        },
        {
            "time": "07.07.2021 21:06",
            "open": "8.92",
            "high": "8.926",
            "low": "8.92",
            "close": "8.929"
        },
        {
            "time": "07.07.2021 21:07",
            "open": "8.929",
            "high": "8.942",
            "low": "8.926",
            "close": "8.948"
        },
        {
            "time": "07.07.2021 21:10",
            "open": "8.948",
            "high": "8.948",
            "low": "8.926",
            "close": "8.926"
        },
        {
            "time": "07.07.2021 21:12",
            "open": "8.926",
            "high": "8.929",
            "low": "8.925",
            "close": "8.928"
        },
        {
            "time": "07.07.2021 21:13",
            "open": "8.928",
            "high": "8.928",
            "low": "8.928",
            "close": "8.921"
        },
        {
            "time": "07.07.2021 21:14",
            "open": "8.921",
            "high": "8.922",
            "low": "8.921",
            "close": "8.933"
        },
        {
            "time": "07.07.2021 21:15",
            "open": "8.933",
            "high": "8.934",
            "low": "8.933",
            "close": "8.925"
        },
        {
            "time": "07.07.2021 21:16",
            "open": "8.925",
            "high": "8.925",
            "low": "8.925",
            "close": "8.922"
        },
        {
            "time": "07.07.2021 21:17",
            "open": "8.922",
            "high": "8.922",
            "low": "8.908",
            "close": "8.91"
        },
        {
            "time": "07.07.2021 21:18",
            "open": "8.91",
            "high": "8.911",
            "low": "8.909",
            "close": "8.886"
        },
        {
            "time": "07.07.2021 21:19",
            "open": "8.886",
            "high": "8.886",
            "low": "8.886",
            "close": "8.845"
        },
        {
            "time": "07.07.2021 21:21",
            "open": "8.845",
            "high": "8.845",
            "low": "8.845",
            "close": "8.852"
        },
        {
            "time": "07.07.2021 21:24",
            "open": "8.852",
            "high": "8.853",
            "low": "8.852",
            "close": "8.853"
        },
        {
            "time": "07.07.2021 21:31",
            "open": "8.853",
            "high": "8.858",
            "low": "8.853",
            "close": "8.837"
        },
        {
            "time": "07.07.2021 21:32",
            "open": "8.837",
            "high": "8.837",
            "low": "8.826",
            "close": "8.814"
        },
        {
            "time": "07.07.2021 21:33",
            "open": "8.814",
            "high": "8.814",
            "low": "8.814",
            "close": "8.814"
        },
        {
            "time": "07.07.2021 21:34",
            "open": "8.814",
            "high": "8.814",
            "low": "8.814",
            "close": "8.814"
        },
        {
            "time": "07.07.2021 21:35",
            "open": "8.814",
            "high": "8.814",
            "low": "8.812",
            "close": "8.81"
        },
        {
            "time": "07.07.2021 21:38",
            "open": "8.81",
            "high": "8.81",
            "low": "8.81",
            "close": "8.808"
        },
        {
            "time": "07.07.2021 21:40",
            "open": "8.808",
            "high": "8.808",
            "low": "8.808",
            "close": "8.807"
        },
        {
            "time": "07.07.2021 21:42",
            "open": "8.807",
            "high": "8.807",
            "low": "8.807",
            "close": "8.807"
        },
        {
            "time": "07.07.2021 21:44",
            "open": "8.807",
            "high": "8.807",
            "low": "8.799",
            "close": "8.817"
        },
        {
            "time": "07.07.2021 21:47",
            "open": "8.817",
            "high": "8.823",
            "low": "8.817",
            "close": "8.806"
        },
        {
            "time": "07.07.2021 21:52",
            "open": "8.806",
            "high": "8.806",
            "low": "8.794",
            "close": "8.785"
        },
        {
            "time": "07.07.2021 21:54",
            "open": "8.785",
            "high": "8.785",
            "low": "8.785",
            "close": "8.774"
        },
        {
            "time": "07.07.2021 21:55",
            "open": "8.774",
            "high": "8.774",
            "low": "8.763",
            "close": "8.736"
        },
        {
            "time": "07.07.2021 21:56",
            "open": "8.736",
            "high": "8.814",
            "low": "8.736",
            "close": "8.742"
        },
        {
            "time": "07.07.2021 21:57",
            "open": "8.742",
            "high": "8.742",
            "low": "8.742",
            "close": "8.75"
        },
        {
            "time": "07.07.2021 21:59",
            "open": "8.75",
            "high": "8.75",
            "low": "8.75",
            "close": "8.762"
        },
        {
            "time": "07.07.2021 22:00",
            "open": "8.762",
            "high": "8.762",
            "low": "8.762",
            "close": "8.755"
        },
        {
            "time": "07.07.2021 22:06",
            "open": "8.755",
            "high": "8.755",
            "low": "8.755",
            "close": "8.744"
        },
        {
            "time": "07.07.2021 22:07",
            "open": "8.744",
            "high": "8.744",
            "low": "8.74",
            "close": "8.743"
        },
        {
            "time": "07.07.2021 22:08",
            "open": "8.743",
            "high": "8.769",
            "low": "8.743",
            "close": "8.765"
        },
        {
            "time": "07.07.2021 22:13",
            "open": "8.765",
            "high": "8.858",
            "low": "8.764",
            "close": "8.782"
        },
        {
            "time": "07.07.2021 22:15",
            "open": "8.782",
            "high": "8.782",
            "low": "8.782",
            "close": "8.785"
        },
        {
            "time": "07.07.2021 22:16",
            "open": "8.785",
            "high": "8.785",
            "low": "8.785",
            "close": "8.786"
        },
        {
            "time": "07.07.2021 22:18",
            "open": "8.786",
            "high": "8.787",
            "low": "8.786",
            "close": "8.787"
        },
        {
            "time": "07.07.2021 22:21",
            "open": "8.787",
            "high": "8.796",
            "low": "8.787",
            "close": "8.792"
        },
        {
            "time": "07.07.2021 22:23",
            "open": "8.792",
            "high": "8.872",
            "low": "8.788",
            "close": "8.798"
        },
        {
            "time": "07.07.2021 22:27",
            "open": "8.798",
            "high": "8.799",
            "low": "8.798",
            "close": "8.792"
        },
        {
            "time": "07.07.2021 22:28",
            "open": "8.792",
            "high": "8.792",
            "low": "8.786",
            "close": "8.779"
        },
        {
            "time": "07.07.2021 22:29",
            "open": "8.779",
            "high": "8.779",
            "low": "8.779",
            "close": "8.779"
        },
        {
            "time": "07.07.2021 22:32",
            "open": "8.779",
            "high": "8.779",
            "low": "8.779",
            "close": "8.766"
        },
        {
            "time": "07.07.2021 22:33",
            "open": "8.766",
            "high": "8.766",
            "low": "8.766",
            "close": "8.766"
        },
        {
            "time": "07.07.2021 22:34",
            "open": "8.766",
            "high": "8.766",
            "low": "8.766",
            "close": "8.766"
        },
        {
            "time": "07.07.2021 22:35",
            "open": "8.766",
            "high": "8.772",
            "low": "8.766",
            "close": "8.771"
        },
        {
            "time": "07.07.2021 22:40",
            "open": "8.771",
            "high": "8.771",
            "low": "8.771",
            "close": "8.771"
        },
        {
            "time": "07.07.2021 22:43",
            "open": "8.771",
            "high": "8.771",
            "low": "8.768",
            "close": "8.774"
        },
        {
            "time": "07.07.2021 22:45",
            "open": "8.774",
            "high": "8.776",
            "low": "8.774",
            "close": "8.823"
        },
        {
            "time": "07.07.2021 22:49",
            "open": "8.823",
            "high": "8.823",
            "low": "8.823",
            "close": "8.851"
        },
        {
            "time": "07.07.2021 22:50",
            "open": "8.851",
            "high": "8.851",
            "low": "8.851",
            "close": "8.896"
        },
        {
            "time": "07.07.2021 23:00",
            "open": "8.896",
            "high": "8.897",
            "low": "8.896",
            "close": "8.881"
        },
        {
            "time": "07.07.2021 23:01",
            "open": "8.881",
            "high": "8.881",
            "low": "8.881",
            "close": "8.877"
        },
        {
            "time": "07.07.2021 23:02",
            "open": "8.877",
            "high": "8.877",
            "low": "8.877",
            "close": "8.878"
        },
        {
            "time": "07.07.2021 23:03",
            "open": "8.878",
            "high": "8.878",
            "low": "8.878",
            "close": "8.893"
        },
        {
            "time": "07.07.2021 23:08",
            "open": "8.893",
            "high": "8.893",
            "low": "8.893",
            "close": "8.889"
        },
        {
            "time": "07.07.2021 23:10",
            "open": "8.889",
            "high": "8.889",
            "low": "8.889",
            "close": "8.884"
        },
        {
            "time": "07.07.2021 23:12",
            "open": "8.884",
            "high": "8.884",
            "low": "8.884",
            "close": "8.885"
        },
        {
            "time": "07.07.2021 23:15",
            "open": "8.885",
            "high": "8.885",
            "low": "8.884",
            "close": "8.88"
        },
        {
            "time": "07.07.2021 23:21",
            "open": "8.88",
            "high": "8.88",
            "low": "8.858",
            "close": "8.842"
        },
        {
            "time": "07.07.2021 23:24",
            "open": "8.842",
            "high": "8.842",
            "low": "8.842",
            "close": "8.839"
        },
        {
            "time": "07.07.2021 23:26",
            "open": "8.839",
            "high": "8.923",
            "low": "8.821",
            "close": "8.837"
        },
        {
            "time": "07.07.2021 23:27",
            "open": "8.837",
            "high": "8.903",
            "low": "8.83",
            "close": "8.838"
        },
        {
            "time": "07.07.2021 23:30",
            "open": "8.838",
            "high": "8.839",
            "low": "8.838",
            "close": "8.839"
        },
        {
            "time": "07.07.2021 23:32",
            "open": "8.839",
            "high": "8.839",
            "low": "8.839",
            "close": "8.839"
        },
        {
            "time": "07.07.2021 23:33",
            "open": "8.839",
            "high": "8.839",
            "low": "8.839",
            "close": "8.839"
        },
        {
            "time": "07.07.2021 23:34",
            "open": "8.839",
            "high": "8.839",
            "low": "8.839",
            "close": "8.832"
        },
        {
            "time": "07.07.2021 23:35",
            "open": "8.832",
            "high": "8.832",
            "low": "8.825",
            "close": "8.817"
        },
        {
            "time": "07.07.2021 23:37",
            "open": "8.817",
            "high": "8.817",
            "low": "8.798",
            "close": "8.791"
        },
        {
            "time": "07.07.2021 23:38",
            "open": "8.791",
            "high": "8.791",
            "low": "8.791",
            "close": "8.775"
        },
        {
            "time": "07.07.2021 23:39",
            "open": "8.775",
            "high": "8.775",
            "low": "8.771",
            "close": "8.742"
        },
        {
            "time": "07.07.2021 23:42",
            "open": "8.742",
            "high": "8.742",
            "low": "8.741",
            "close": "8.721"
        },
        {
            "time": "07.07.2021 23:44",
            "open": "8.721",
            "high": "8.721",
            "low": "8.71",
            "close": "8.723"
        },
        {
            "time": "07.07.2021 23:51",
            "open": "8.723",
            "high": "8.724",
            "low": "8.723",
            "close": "8.716"
        },
        {
            "time": "07.07.2021 23:55",
            "open": "8.716",
            "high": "8.716",
            "low": "8.716",
            "close": "8.721"
        }
    ]
}