{
    "UMA-EUR": [
        {
            "time": "30.11.2020 23:54",
            "open": "6.768",
            "high": "6.768",
            "low": "6.768",
            "close": "6.764"
        },
        {
            "time": "01.12.2020 00:02",
            "open": "6.764",
            "high": "6.764",
            "low": "6.764",
            "close": "6.764"
        },
        {
            "time": "01.12.2020 00:05",
            "open": "6.764",
            "high": "6.764",
            "low": "6.764",
            "close": "6.767"
        },
        {
            "time": "01.12.2020 00:06",
            "open": "6.767",
            "high": "6.767",
            "low": "6.766",
            "close": "6.767"
        },
        {
            "time": "01.12.2020 00:07",
            "open": "6.767",
            "high": "6.767",
            "low": "6.767",
            "close": "6.766"
        },
        {
            "time": "01.12.2020 00:09",
            "open": "6.766",
            "high": "6.766",
            "low": "6.766",
            "close": "6.766"
        },
        {
            "time": "01.12.2020 00:10",
            "open": "6.766",
            "high": "6.767",
            "low": "6.766",
            "close": "6.767"
        },
        {
            "time": "01.12.2020 00:11",
            "open": "6.767",
            "high": "6.767",
            "low": "6.767",
            "close": "6.767"
        },
        {
            "time": "01.12.2020 00:12",
            "open": "6.767",
            "high": "6.79",
            "low": "6.767",
            "close": "6.767"
        },
        {
            "time": "01.12.2020 00:13",
            "open": "6.767",
            "high": "6.79",
            "low": "6.767",
            "close": "6.786"
        },
        {
            "time": "01.12.2020 00:14",
            "open": "6.786",
            "high": "6.786",
            "low": "6.786",
            "close": "6.79"
        },
        {
            "time": "01.12.2020 00:18",
            "open": "6.79",
            "high": "6.79",
            "low": "6.79",
            "close": "6.83"
        },
        {
            "time": "01.12.2020 00:21",
            "open": "6.83",
            "high": "6.83",
            "low": "6.83",
            "close": "6.792"
        },
        {
            "time": "01.12.2020 00:22",
            "open": "6.792",
            "high": "6.792",
            "low": "6.792",
            "close": "6.83"
        },
        {
            "time": "01.12.2020 00:33",
            "open": "6.83",
            "high": "6.83",
            "low": "6.83",
            "close": "6.83"
        },
        {
            "time": "01.12.2020 00:35",
            "open": "6.83",
            "high": "6.83",
            "low": "6.83",
            "close": "6.798"
        },
        {
            "time": "01.12.2020 00:37",
            "open": "6.798",
            "high": "6.798",
            "low": "6.793",
            "close": "6.813"
        },
        {
            "time": "01.12.2020 00:38",
            "open": "6.813",
            "high": "6.813",
            "low": "6.791",
            "close": "6.795"
        },
        {
            "time": "01.12.2020 00:42",
            "open": "6.795",
            "high": "6.795",
            "low": "6.795",
            "close": "6.77"
        },
        {
            "time": "01.12.2020 00:46",
            "open": "6.77",
            "high": "6.77",
            "low": "6.77",
            "close": "6.77"
        },
        {
            "time": "01.12.2020 01:15",
            "open": "6.77",
            "high": "6.77",
            "low": "6.751",
            "close": "6.754"
        },
        {
            "time": "01.12.2020 01:20",
            "open": "6.754",
            "high": "6.754",
            "low": "6.754",
            "close": "6.826"
        },
        {
            "time": "01.12.2020 01:27",
            "open": "6.826",
            "high": "6.826",
            "low": "6.826",
            "close": "6.817"
        },
        {
            "time": "01.12.2020 01:30",
            "open": "6.817",
            "high": "6.817",
            "low": "6.817",
            "close": "6.796"
        },
        {
            "time": "01.12.2020 02:49",
            "open": "6.796",
            "high": "6.796",
            "low": "6.796",
            "close": "6.785"
        },
        {
            "time": "01.12.2020 03:32",
            "open": "6.785",
            "high": "6.785",
            "low": "6.785",
            "close": "6.782"
        },
        {
            "time": "01.12.2020 04:01",
            "open": "6.782",
            "high": "6.782",
            "low": "6.782",
            "close": "6.817"
        },
        {
            "time": "01.12.2020 04:02",
            "open": "6.817",
            "high": "6.817",
            "low": "6.817",
            "close": "6.751"
        },
        {
            "time": "01.12.2020 04:09",
            "open": "6.751",
            "high": "6.751",
            "low": "6.751",
            "close": "6.752"
        },
        {
            "time": "01.12.2020 04:12",
            "open": "6.752",
            "high": "6.752",
            "low": "6.752",
            "close": "6.751"
        },
        {
            "time": "01.12.2020 04:20",
            "open": "6.751",
            "high": "6.751",
            "low": "6.751",
            "close": "6.751"
        },
        {
            "time": "01.12.2020 04:27",
            "open": "6.751",
            "high": "6.751",
            "low": "6.751",
            "close": "6.751"
        },
        {
            "time": "01.12.2020 04:28",
            "open": "6.751",
            "high": "6.751",
            "low": "6.751",
            "close": "6.723"
        },
        {
            "time": "01.12.2020 04:45",
            "open": "6.723",
            "high": "6.723",
            "low": "6.709",
            "close": "6.75"
        },
        {
            "time": "01.12.2020 04:46",
            "open": "6.75",
            "high": "6.75",
            "low": "6.75",
            "close": "6.75"
        },
        {
            "time": "01.12.2020 05:06",
            "open": "6.75",
            "high": "6.75",
            "low": "6.75",
            "close": "6.765"
        },
        {
            "time": "01.12.2020 05:13",
            "open": "6.765",
            "high": "6.765",
            "low": "6.721",
            "close": "6.753"
        },
        {
            "time": "01.12.2020 05:31",
            "open": "6.753",
            "high": "6.78",
            "low": "6.753",
            "close": "6.705"
        },
        {
            "time": "01.12.2020 05:33",
            "open": "6.705",
            "high": "6.705",
            "low": "6.705",
            "close": "6.768"
        },
        {
            "time": "01.12.2020 06:41",
            "open": "6.768",
            "high": "6.815",
            "low": "6.768",
            "close": "6.772"
        },
        {
            "time": "01.12.2020 07:01",
            "open": "6.772",
            "high": "6.772",
            "low": "6.772",
            "close": "6.783"
        },
        {
            "time": "01.12.2020 07:10",
            "open": "6.783",
            "high": "6.783",
            "low": "6.783",
            "close": "6.783"
        },
        {
            "time": "01.12.2020 07:41",
            "open": "6.783",
            "high": "6.783",
            "low": "6.783",
            "close": "6.749"
        },
        {
            "time": "01.12.2020 07:48",
            "open": "6.749",
            "high": "6.749",
            "low": "6.748",
            "close": "6.772"
        },
        {
            "time": "01.12.2020 07:53",
            "open": "6.772",
            "high": "6.772",
            "low": "6.772",
            "close": "6.754"
        },
        {
            "time": "01.12.2020 07:55",
            "open": "6.754",
            "high": "6.754",
            "low": "6.754",
            "close": "6.752"
        },
        {
            "time": "01.12.2020 07:56",
            "open": "6.752",
            "high": "6.752",
            "low": "6.752",
            "close": "6.79"
        },
        {
            "time": "01.12.2020 08:07",
            "open": "6.79",
            "high": "6.79",
            "low": "6.79",
            "close": "6.791"
        },
        {
            "time": "01.12.2020 08:08",
            "open": "6.791",
            "high": "6.791",
            "low": "6.791",
            "close": "6.787"
        },
        {
            "time": "01.12.2020 08:12",
            "open": "6.787",
            "high": "6.787",
            "low": "6.787",
            "close": "6.726"
        },
        {
            "time": "01.12.2020 08:20",
            "open": "6.726",
            "high": "6.726",
            "low": "6.726",
            "close": "6.79"
        },
        {
            "time": "01.12.2020 08:22",
            "open": "6.79",
            "high": "6.79",
            "low": "6.79",
            "close": "6.762"
        },
        {
            "time": "01.12.2020 08:25",
            "open": "6.762",
            "high": "6.762",
            "low": "6.762",
            "close": "6.758"
        },
        {
            "time": "01.12.2020 08:41",
            "open": "6.758",
            "high": "6.758",
            "low": "6.758",
            "close": "6.792"
        },
        {
            "time": "01.12.2020 08:56",
            "open": "6.792",
            "high": "6.794",
            "low": "6.792",
            "close": "6.81"
        },
        {
            "time": "01.12.2020 09:03",
            "open": "6.81",
            "high": "6.81",
            "low": "6.81",
            "close": "6.817"
        },
        {
            "time": "01.12.2020 09:11",
            "open": "6.817",
            "high": "6.817",
            "low": "6.817",
            "close": "6.792"
        },
        {
            "time": "01.12.2020 09:20",
            "open": "6.792",
            "high": "6.792",
            "low": "6.792",
            "close": "6.818"
        },
        {
            "time": "01.12.2020 09:27",
            "open": "6.818",
            "high": "6.818",
            "low": "6.818",
            "close": "6.818"
        },
        {
            "time": "01.12.2020 09:31",
            "open": "6.818",
            "high": "6.818",
            "low": "6.818",
            "close": "6.83"
        },
        {
            "time": "01.12.2020 09:47",
            "open": "6.83",
            "high": "6.879",
            "low": "6.83",
            "close": "6.85"
        },
        {
            "time": "01.12.2020 09:59",
            "open": "6.85",
            "high": "6.85",
            "low": "6.85",
            "close": "6.881"
        },
        {
            "time": "01.12.2020 10:05",
            "open": "6.881",
            "high": "6.899",
            "low": "6.881",
            "close": "6.877"
        },
        {
            "time": "01.12.2020 10:14",
            "open": "6.877",
            "high": "6.9",
            "low": "6.877",
            "close": "6.899"
        },
        {
            "time": "01.12.2020 10:19",
            "open": "6.899",
            "high": "6.899",
            "low": "6.44",
            "close": "6.842"
        },
        {
            "time": "01.12.2020 10:20",
            "open": "6.842",
            "high": "6.842",
            "low": "6.842",
            "close": "6.898"
        },
        {
            "time": "01.12.2020 10:21",
            "open": "6.898",
            "high": "6.898",
            "low": "6.842",
            "close": "6.89"
        },
        {
            "time": "01.12.2020 10:23",
            "open": "6.89",
            "high": "6.899",
            "low": "6.89",
            "close": "6.9"
        },
        {
            "time": "01.12.2020 10:27",
            "open": "6.9",
            "high": "6.923",
            "low": "6.9",
            "close": "6.868"
        },
        {
            "time": "01.12.2020 10:29",
            "open": "6.868",
            "high": "6.868",
            "low": "6.868",
            "close": "6.909"
        },
        {
            "time": "01.12.2020 10:30",
            "open": "6.909",
            "high": "6.909",
            "low": "6.909",
            "close": "6.862"
        },
        {
            "time": "01.12.2020 10:36",
            "open": "6.862",
            "high": "6.862",
            "low": "6.857",
            "close": "6.865"
        },
        {
            "time": "01.12.2020 10:37",
            "open": "6.865",
            "high": "6.924",
            "low": "6.865",
            "close": "6.875"
        },
        {
            "time": "01.12.2020 10:41",
            "open": "6.875",
            "high": "6.875",
            "low": "6.875",
            "close": "6.849"
        },
        {
            "time": "01.12.2020 10:48",
            "open": "6.849",
            "high": "6.914",
            "low": "6.849",
            "close": "6.914"
        },
        {
            "time": "01.12.2020 10:50",
            "open": "6.914",
            "high": "6.914",
            "low": "6.863",
            "close": "6.859"
        },
        {
            "time": "01.12.2020 10:58",
            "open": "6.859",
            "high": "6.859",
            "low": "6.859",
            "close": "6.859"
        },
        {
            "time": "01.12.2020 11:04",
            "open": "6.859",
            "high": "6.859",
            "low": "6.859",
            "close": "6.862"
        },
        {
            "time": "01.12.2020 11:11",
            "open": "6.862",
            "high": "6.862",
            "low": "6.862",
            "close": "6.862"
        },
        {
            "time": "01.12.2020 11:19",
            "open": "6.862",
            "high": "6.862",
            "low": "6.862",
            "close": "6.862"
        },
        {
            "time": "01.12.2020 11:31",
            "open": "6.862",
            "high": "6.862",
            "low": "6.862",
            "close": "6.861"
        },
        {
            "time": "01.12.2020 11:34",
            "open": "6.861",
            "high": "6.861",
            "low": "6.861",
            "close": "6.861"
        },
        {
            "time": "01.12.2020 11:38",
            "open": "6.861",
            "high": "6.861",
            "low": "6.861",
            "close": "6.862"
        },
        {
            "time": "01.12.2020 11:47",
            "open": "6.862",
            "high": "6.862",
            "low": "6.862",
            "close": "6.862"
        },
        {
            "time": "01.12.2020 11:48",
            "open": "6.862",
            "high": "6.862",
            "low": "6.862",
            "close": "6.898"
        },
        {
            "time": "01.12.2020 11:55",
            "open": "6.898",
            "high": "6.898",
            "low": "6.898",
            "close": "6.858"
        },
        {
            "time": "01.12.2020 11:56",
            "open": "6.858",
            "high": "6.858",
            "low": "6.855",
            "close": "6.889"
        },
        {
            "time": "01.12.2020 11:59",
            "open": "6.889",
            "high": "6.889",
            "low": "6.889",
            "close": "6.874"
        },
        {
            "time": "01.12.2020 12:05",
            "open": "6.874",
            "high": "6.875",
            "low": "6.874",
            "close": "6.875"
        },
        {
            "time": "01.12.2020 12:07",
            "open": "6.875",
            "high": "6.875",
            "low": "6.875",
            "close": "6.9"
        },
        {
            "time": "01.12.2020 12:10",
            "open": "6.9",
            "high": "6.9",
            "low": "6.886",
            "close": "6.898"
        },
        {
            "time": "01.12.2020 12:11",
            "open": "6.898",
            "high": "6.898",
            "low": "6.861",
            "close": "6.896"
        },
        {
            "time": "01.12.2020 12:12",
            "open": "6.896",
            "high": "6.896",
            "low": "6.896",
            "close": "6.878"
        },
        {
            "time": "01.12.2020 12:17",
            "open": "6.878",
            "high": "6.878",
            "low": "6.878",
            "close": "6.839"
        },
        {
            "time": "01.12.2020 12:20",
            "open": "6.839",
            "high": "6.839",
            "low": "6.824",
            "close": "6.849"
        },
        {
            "time": "01.12.2020 12:21",
            "open": "6.849",
            "high": "6.876",
            "low": "6.849",
            "close": "6.841"
        },
        {
            "time": "01.12.2020 12:22",
            "open": "6.841",
            "high": "6.841",
            "low": "6.841",
            "close": "6.81"
        },
        {
            "time": "01.12.2020 12:25",
            "open": "6.81",
            "high": "6.81",
            "low": "6.81",
            "close": "6.723"
        },
        {
            "time": "01.12.2020 12:26",
            "open": "6.723",
            "high": "6.802",
            "low": "6.716",
            "close": "6.731"
        },
        {
            "time": "01.12.2020 12:27",
            "open": "6.731",
            "high": "6.808",
            "low": "6.731",
            "close": "6.679"
        },
        {
            "time": "01.12.2020 12:28",
            "open": "6.679",
            "high": "6.724",
            "low": "6.6",
            "close": "6.73"
        },
        {
            "time": "01.12.2020 12:29",
            "open": "6.73",
            "high": "6.761",
            "low": "6.73",
            "close": "6.748"
        },
        {
            "time": "01.12.2020 12:30",
            "open": "6.748",
            "high": "6.749",
            "low": "6.748",
            "close": "6.718"
        },
        {
            "time": "01.12.2020 12:34",
            "open": "6.718",
            "high": "6.718",
            "low": "6.718",
            "close": "6.725"
        },
        {
            "time": "01.12.2020 12:35",
            "open": "6.725",
            "high": "6.725",
            "low": "6.725",
            "close": "6.729"
        },
        {
            "time": "01.12.2020 12:39",
            "open": "6.729",
            "high": "6.729",
            "low": "6.725",
            "close": "6.725"
        },
        {
            "time": "01.12.2020 12:41",
            "open": "6.725",
            "high": "6.725",
            "low": "6.725",
            "close": "6.749"
        },
        {
            "time": "01.12.2020 12:45",
            "open": "6.749",
            "high": "6.749",
            "low": "6.749",
            "close": "6.749"
        },
        {
            "time": "01.12.2020 12:47",
            "open": "6.749",
            "high": "6.749",
            "low": "6.749",
            "close": "6.75"
        },
        {
            "time": "01.12.2020 12:49",
            "open": "6.75",
            "high": "6.75",
            "low": "6.75",
            "close": "6.764"
        },
        {
            "time": "01.12.2020 12:51",
            "open": "6.764",
            "high": "6.764",
            "low": "6.764",
            "close": "6.753"
        },
        {
            "time": "01.12.2020 12:53",
            "open": "6.753",
            "high": "6.753",
            "low": "6.752",
            "close": "6.7"
        },
        {
            "time": "01.12.2020 13:01",
            "open": "6.7",
            "high": "6.7",
            "low": "6.682",
            "close": "6.695"
        },
        {
            "time": "01.12.2020 13:02",
            "open": "6.695",
            "high": "6.699",
            "low": "6.695",
            "close": "6.734"
        },
        {
            "time": "01.12.2020 13:08",
            "open": "6.734",
            "high": "6.736",
            "low": "6.734",
            "close": "6.726"
        },
        {
            "time": "01.12.2020 13:09",
            "open": "6.726",
            "high": "6.726",
            "low": "6.724",
            "close": "6.681"
        },
        {
            "time": "01.12.2020 13:20",
            "open": "6.681",
            "high": "6.681",
            "low": "6.681",
            "close": "6.677"
        },
        {
            "time": "01.12.2020 13:22",
            "open": "6.677",
            "high": "6.677",
            "low": "6.677",
            "close": "6.665"
        },
        {
            "time": "01.12.2020 13:24",
            "open": "6.665",
            "high": "6.665",
            "low": "6.665",
            "close": "6.659"
        },
        {
            "time": "01.12.2020 13:25",
            "open": "6.659",
            "high": "6.66",
            "low": "6.648",
            "close": "6.632"
        },
        {
            "time": "01.12.2020 13:26",
            "open": "6.632",
            "high": "6.632",
            "low": "6.632",
            "close": "6.615"
        },
        {
            "time": "01.12.2020 13:27",
            "open": "6.615",
            "high": "6.615",
            "low": "6.612",
            "close": "6.61"
        },
        {
            "time": "01.12.2020 13:28",
            "open": "6.61",
            "high": "6.61",
            "low": "6.579",
            "close": "6.586"
        },
        {
            "time": "01.12.2020 13:29",
            "open": "6.586",
            "high": "6.624",
            "low": "6.552",
            "close": "6.587"
        },
        {
            "time": "01.12.2020 13:30",
            "open": "6.587",
            "high": "6.587",
            "low": "6.551",
            "close": "6.607"
        },
        {
            "time": "01.12.2020 13:33",
            "open": "6.607",
            "high": "6.61",
            "low": "6.607",
            "close": "6.615"
        },
        {
            "time": "01.12.2020 13:36",
            "open": "6.615",
            "high": "6.615",
            "low": "6.615",
            "close": "6.551"
        },
        {
            "time": "01.12.2020 13:37",
            "open": "6.551",
            "high": "6.551",
            "low": "6.53",
            "close": "6.515"
        },
        {
            "time": "01.12.2020 13:38",
            "open": "6.515",
            "high": "6.515",
            "low": "6.515",
            "close": "6.583"
        },
        {
            "time": "01.12.2020 13:39",
            "open": "6.583",
            "high": "6.583",
            "low": "6.583",
            "close": "6.603"
        },
        {
            "time": "01.12.2020 13:41",
            "open": "6.603",
            "high": "6.616",
            "low": "6.603",
            "close": "6.581"
        },
        {
            "time": "01.12.2020 13:43",
            "open": "6.581",
            "high": "6.648",
            "low": "6.581",
            "close": "6.593"
        },
        {
            "time": "01.12.2020 13:45",
            "open": "6.593",
            "high": "6.593",
            "low": "6.593",
            "close": "6.549"
        },
        {
            "time": "01.12.2020 13:49",
            "open": "6.549",
            "high": "6.549",
            "low": "6.51",
            "close": "6.51"
        },
        {
            "time": "01.12.2020 13:50",
            "open": "6.51",
            "high": "6.51",
            "low": "6.51",
            "close": "6.569"
        },
        {
            "time": "01.12.2020 13:51",
            "open": "6.569",
            "high": "6.569",
            "low": "6.569",
            "close": "6.551"
        },
        {
            "time": "01.12.2020 13:52",
            "open": "6.551",
            "high": "6.551",
            "low": "6.551",
            "close": "6.51"
        },
        {
            "time": "01.12.2020 13:53",
            "open": "6.51",
            "high": "6.558",
            "low": "6.449",
            "close": "6.479"
        },
        {
            "time": "01.12.2020 13:59",
            "open": "6.479",
            "high": "6.479",
            "low": "6.479",
            "close": "6.479"
        },
        {
            "time": "01.12.2020 14:00",
            "open": "6.479",
            "high": "6.479",
            "low": "6.35",
            "close": "6.35"
        },
        {
            "time": "01.12.2020 14:01",
            "open": "6.35",
            "high": "6.5",
            "low": "6.35",
            "close": "6.41"
        },
        {
            "time": "01.12.2020 14:09",
            "open": "6.41",
            "high": "6.41",
            "low": "6.41",
            "close": "6.401"
        },
        {
            "time": "01.12.2020 14:11",
            "open": "6.401",
            "high": "6.401",
            "low": "6.401",
            "close": "6.41"
        },
        {
            "time": "01.12.2020 14:13",
            "open": "6.41",
            "high": "6.497",
            "low": "6.41",
            "close": "6.403"
        },
        {
            "time": "01.12.2020 14:14",
            "open": "6.403",
            "high": "6.403",
            "low": "6.402",
            "close": "6.403"
        },
        {
            "time": "01.12.2020 14:15",
            "open": "6.403",
            "high": "6.403",
            "low": "6.403",
            "close": "6.466"
        },
        {
            "time": "01.12.2020 14:18",
            "open": "6.466",
            "high": "6.466",
            "low": "6.466",
            "close": "6.466"
        },
        {
            "time": "01.12.2020 14:20",
            "open": "6.466",
            "high": "6.496",
            "low": "6.466",
            "close": "6.411"
        },
        {
            "time": "01.12.2020 14:21",
            "open": "6.411",
            "high": "6.411",
            "low": "6.411",
            "close": "6.413"
        },
        {
            "time": "01.12.2020 14:22",
            "open": "6.413",
            "high": "6.413",
            "low": "6.408",
            "close": "6.471"
        },
        {
            "time": "01.12.2020 14:24",
            "open": "6.471",
            "high": "6.496",
            "low": "6.471",
            "close": "6.496"
        },
        {
            "time": "01.12.2020 14:26",
            "open": "6.496",
            "high": "6.496",
            "low": "6.496",
            "close": "6.452"
        },
        {
            "time": "01.12.2020 14:27",
            "open": "6.452",
            "high": "6.452",
            "low": "6.452",
            "close": "6.495"
        },
        {
            "time": "01.12.2020 14:28",
            "open": "6.495",
            "high": "6.495",
            "low": "6.495",
            "close": "6.503"
        },
        {
            "time": "01.12.2020 14:31",
            "open": "6.503",
            "high": "6.503",
            "low": "6.503",
            "close": "6.511"
        },
        {
            "time": "01.12.2020 14:32",
            "open": "6.511",
            "high": "6.52",
            "low": "6.511",
            "close": "6.501"
        },
        {
            "time": "01.12.2020 14:35",
            "open": "6.501",
            "high": "6.501",
            "low": "6.501",
            "close": "6.53"
        },
        {
            "time": "01.12.2020 14:36",
            "open": "6.53",
            "high": "6.532",
            "low": "6.53",
            "close": "6.549"
        },
        {
            "time": "01.12.2020 14:40",
            "open": "6.549",
            "high": "6.552",
            "low": "6.549",
            "close": "6.552"
        },
        {
            "time": "01.12.2020 14:50",
            "open": "6.552",
            "high": "6.552",
            "low": "6.552",
            "close": "6.554"
        },
        {
            "time": "01.12.2020 14:52",
            "open": "6.554",
            "high": "6.554",
            "low": "6.554",
            "close": "6.554"
        },
        {
            "time": "01.12.2020 15:01",
            "open": "6.554",
            "high": "6.554",
            "low": "6.554",
            "close": "6.555"
        },
        {
            "time": "01.12.2020 15:05",
            "open": "6.555",
            "high": "6.555",
            "low": "6.555",
            "close": "6.55"
        },
        {
            "time": "01.12.2020 15:08",
            "open": "6.55",
            "high": "6.55",
            "low": "6.55",
            "close": "6.55"
        },
        {
            "time": "01.12.2020 15:09",
            "open": "6.55",
            "high": "6.55",
            "low": "6.55",
            "close": "6.555"
        },
        {
            "time": "01.12.2020 15:30",
            "open": "6.555",
            "high": "6.563",
            "low": "6.555",
            "close": "6.564"
        },
        {
            "time": "01.12.2020 15:31",
            "open": "6.564",
            "high": "6.564",
            "low": "6.564",
            "close": "6.574"
        },
        {
            "time": "01.12.2020 15:34",
            "open": "6.574",
            "high": "6.574",
            "low": "6.574",
            "close": "6.593"
        },
        {
            "time": "01.12.2020 15:35",
            "open": "6.593",
            "high": "6.624",
            "low": "6.593",
            "close": "6.641"
        },
        {
            "time": "01.12.2020 15:38",
            "open": "6.641",
            "high": "6.641",
            "low": "6.641",
            "close": "6.665"
        },
        {
            "time": "01.12.2020 15:41",
            "open": "6.665",
            "high": "6.671",
            "low": "6.665",
            "close": "6.672"
        },
        {
            "time": "01.12.2020 15:45",
            "open": "6.672",
            "high": "6.672",
            "low": "6.672",
            "close": "6.698"
        },
        {
            "time": "01.12.2020 15:49",
            "open": "6.698",
            "high": "6.698",
            "low": "6.698",
            "close": "6.698"
        },
        {
            "time": "01.12.2020 16:03",
            "open": "6.698",
            "high": "6.698",
            "low": "6.698",
            "close": "6.698"
        },
        {
            "time": "01.12.2020 16:04",
            "open": "6.698",
            "high": "6.698",
            "low": "6.698",
            "close": "6.723"
        },
        {
            "time": "01.12.2020 16:07",
            "open": "6.723",
            "high": "6.723",
            "low": "6.723",
            "close": "6.734"
        },
        {
            "time": "01.12.2020 16:11",
            "open": "6.734",
            "high": "6.734",
            "low": "6.734",
            "close": "6.697"
        },
        {
            "time": "01.12.2020 16:12",
            "open": "6.697",
            "high": "6.697",
            "low": "6.697",
            "close": "6.716"
        },
        {
            "time": "01.12.2020 16:17",
            "open": "6.716",
            "high": "6.716",
            "low": "6.716",
            "close": "6.716"
        },
        {
            "time": "01.12.2020 16:18",
            "open": "6.716",
            "high": "6.716",
            "low": "6.716",
            "close": "6.714"
        },
        {
            "time": "01.12.2020 16:27",
            "open": "6.714",
            "high": "6.714",
            "low": "6.714",
            "close": "6.714"
        },
        {
            "time": "01.12.2020 16:28",
            "open": "6.714",
            "high": "6.714",
            "low": "6.714",
            "close": "6.715"
        },
        {
            "time": "01.12.2020 16:30",
            "open": "6.715",
            "high": "6.715",
            "low": "6.715",
            "close": "6.714"
        },
        {
            "time": "01.12.2020 16:31",
            "open": "6.714",
            "high": "6.714",
            "low": "6.714",
            "close": "6.696"
        },
        {
            "time": "01.12.2020 16:32",
            "open": "6.696",
            "high": "6.696",
            "low": "6.696",
            "close": "6.706"
        },
        {
            "time": "01.12.2020 16:33",
            "open": "6.706",
            "high": "6.706",
            "low": "6.706",
            "close": "6.667"
        },
        {
            "time": "01.12.2020 16:34",
            "open": "6.667",
            "high": "6.667",
            "low": "6.667",
            "close": "6.721"
        },
        {
            "time": "01.12.2020 16:35",
            "open": "6.721",
            "high": "6.721",
            "low": "6.721",
            "close": "6.688"
        },
        {
            "time": "01.12.2020 16:37",
            "open": "6.688",
            "high": "6.688",
            "low": "6.688",
            "close": "6.68"
        },
        {
            "time": "01.12.2020 16:44",
            "open": "6.68",
            "high": "6.68",
            "low": "6.68",
            "close": "6.68"
        },
        {
            "time": "01.12.2020 16:46",
            "open": "6.68",
            "high": "6.68",
            "low": "6.68",
            "close": "6.665"
        },
        {
            "time": "01.12.2020 16:55",
            "open": "6.665",
            "high": "6.665",
            "low": "6.665",
            "close": "6.656"
        },
        {
            "time": "01.12.2020 16:56",
            "open": "6.656",
            "high": "6.656",
            "low": "6.656",
            "close": "6.641"
        },
        {
            "time": "01.12.2020 17:08",
            "open": "6.641",
            "high": "6.641",
            "low": "6.641",
            "close": "6.607"
        },
        {
            "time": "01.12.2020 17:12",
            "open": "6.607",
            "high": "6.607",
            "low": "6.607",
            "close": "6.553"
        },
        {
            "time": "01.12.2020 17:15",
            "open": "6.553",
            "high": "6.553",
            "low": "6.55",
            "close": "6.557"
        },
        {
            "time": "01.12.2020 17:18",
            "open": "6.557",
            "high": "6.557",
            "low": "6.557",
            "close": "6.575"
        },
        {
            "time": "01.12.2020 17:21",
            "open": "6.575",
            "high": "6.575",
            "low": "6.575",
            "close": "6.575"
        },
        {
            "time": "01.12.2020 17:22",
            "open": "6.575",
            "high": "6.575",
            "low": "6.575",
            "close": "6.551"
        },
        {
            "time": "01.12.2020 17:37",
            "open": "6.551",
            "high": "6.551",
            "low": "6.549",
            "close": "6.54"
        },
        {
            "time": "01.12.2020 17:42",
            "open": "6.54",
            "high": "6.54",
            "low": "6.53",
            "close": "6.552"
        },
        {
            "time": "01.12.2020 17:44",
            "open": "6.552",
            "high": "6.556",
            "low": "6.552",
            "close": "6.565"
        },
        {
            "time": "01.12.2020 17:46",
            "open": "6.565",
            "high": "6.565",
            "low": "6.565",
            "close": "6.517"
        },
        {
            "time": "01.12.2020 17:56",
            "open": "6.517",
            "high": "6.517",
            "low": "6.517",
            "close": "6.538"
        },
        {
            "time": "01.12.2020 18:00",
            "open": "6.538",
            "high": "6.538",
            "low": "6.538",
            "close": "6.5"
        },
        {
            "time": "01.12.2020 18:11",
            "open": "6.5",
            "high": "6.5",
            "low": "6.491",
            "close": "6.5"
        },
        {
            "time": "01.12.2020 18:23",
            "open": "6.5",
            "high": "6.502",
            "low": "6.5",
            "close": "6.503"
        },
        {
            "time": "01.12.2020 18:28",
            "open": "6.503",
            "high": "6.503",
            "low": "6.503",
            "close": "6.504"
        },
        {
            "time": "01.12.2020 18:38",
            "open": "6.504",
            "high": "6.504",
            "low": "6.504",
            "close": "6.503"
        },
        {
            "time": "01.12.2020 18:45",
            "open": "6.503",
            "high": "6.503",
            "low": "6.503",
            "close": "6.52"
        },
        {
            "time": "01.12.2020 19:00",
            "open": "6.52",
            "high": "6.52",
            "low": "6.52",
            "close": "6.532"
        },
        {
            "time": "01.12.2020 19:24",
            "open": "6.532",
            "high": "6.532",
            "low": "6.532",
            "close": "6.519"
        },
        {
            "time": "01.12.2020 19:28",
            "open": "6.519",
            "high": "6.519",
            "low": "6.519",
            "close": "6.519"
        },
        {
            "time": "01.12.2020 19:47",
            "open": "6.519",
            "high": "6.519",
            "low": "6.519",
            "close": "6.5"
        },
        {
            "time": "01.12.2020 19:48",
            "open": "6.5",
            "high": "6.5",
            "low": "6.485",
            "close": "6.533"
        },
        {
            "time": "01.12.2020 20:20",
            "open": "6.533",
            "high": "6.533",
            "low": "6.533",
            "close": "6.534"
        },
        {
            "time": "01.12.2020 20:24",
            "open": "6.534",
            "high": "6.534",
            "low": "6.534",
            "close": "6.519"
        },
        {
            "time": "01.12.2020 20:25",
            "open": "6.519",
            "high": "6.519",
            "low": "6.519",
            "close": "6.549"
        },
        {
            "time": "01.12.2020 20:52",
            "open": "6.549",
            "high": "6.549",
            "low": "6.549",
            "close": "6.549"
        },
        {
            "time": "01.12.2020 21:27",
            "open": "6.549",
            "high": "6.549",
            "low": "6.533",
            "close": "6.6"
        },
        {
            "time": "01.12.2020 22:08",
            "open": "6.6",
            "high": "6.6",
            "low": "6.6",
            "close": "6.6"
        },
        {
            "time": "01.12.2020 22:10",
            "open": "6.6",
            "high": "6.6",
            "low": "6.6",
            "close": "6.602"
        },
        {
            "time": "01.12.2020 22:23",
            "open": "6.602",
            "high": "6.602",
            "low": "6.602",
            "close": "6.603"
        },
        {
            "time": "01.12.2020 23:13",
            "open": "6.603",
            "high": "6.603",
            "low": "6.603",
            "close": "6.592"
        },
        {
            "time": "01.12.2020 23:24",
            "open": "6.592",
            "high": "6.592",
            "low": "6.592",
            "close": "6.607"
        },
        {
            "time": "01.12.2020 23:29",
            "open": "6.607",
            "high": "6.614",
            "low": "6.607",
            "close": "6.591"
        },
        {
            "time": "01.12.2020 23:38",
            "open": "6.591",
            "high": "6.591",
            "low": "6.591",
            "close": "6.56"
        },
        {
            "time": "01.12.2020 23:47",
            "open": "6.56",
            "high": "6.56",
            "low": "6.56",
            "close": "6.549"
        }
    ]
}