{
    "UMA-EUR": [
        {
            "time": "16.07.2021 23:59",
            "open": "7.505",
            "high": "7.505",
            "low": "7.436",
            "close": "7.488"
        },
        {
            "time": "17.07.2021 00:00",
            "open": "7.488",
            "high": "7.488",
            "low": "7.488",
            "close": "7.483"
        },
        {
            "time": "17.07.2021 00:01",
            "open": "7.483",
            "high": "7.483",
            "low": "7.476",
            "close": "7.46"
        },
        {
            "time": "17.07.2021 00:03",
            "open": "7.46",
            "high": "7.464",
            "low": "7.46",
            "close": "7.462"
        },
        {
            "time": "17.07.2021 00:07",
            "open": "7.462",
            "high": "7.462",
            "low": "7.45",
            "close": "7.45"
        },
        {
            "time": "17.07.2021 00:08",
            "open": "7.45",
            "high": "7.45",
            "low": "7.44",
            "close": "7.447"
        },
        {
            "time": "17.07.2021 00:09",
            "open": "7.447",
            "high": "7.447",
            "low": "7.447",
            "close": "7.435"
        },
        {
            "time": "17.07.2021 00:10",
            "open": "7.435",
            "high": "7.435",
            "low": "7.435",
            "close": "7.43"
        },
        {
            "time": "17.07.2021 00:12",
            "open": "7.43",
            "high": "7.43",
            "low": "7.43",
            "close": "7.434"
        },
        {
            "time": "17.07.2021 00:13",
            "open": "7.434",
            "high": "7.434",
            "low": "7.429",
            "close": "7.425"
        },
        {
            "time": "17.07.2021 00:18",
            "open": "7.425",
            "high": "7.425",
            "low": "7.42",
            "close": "7.42"
        },
        {
            "time": "17.07.2021 00:19",
            "open": "7.42",
            "high": "7.42",
            "low": "7.389",
            "close": "7.398"
        },
        {
            "time": "17.07.2021 00:21",
            "open": "7.398",
            "high": "7.398",
            "low": "7.398",
            "close": "7.389"
        },
        {
            "time": "17.07.2021 00:22",
            "open": "7.389",
            "high": "7.389",
            "low": "7.389",
            "close": "7.385"
        },
        {
            "time": "17.07.2021 00:23",
            "open": "7.385",
            "high": "7.39",
            "low": "7.385",
            "close": "7.385"
        },
        {
            "time": "17.07.2021 00:25",
            "open": "7.385",
            "high": "7.385",
            "low": "7.375",
            "close": "7.375"
        },
        {
            "time": "17.07.2021 00:26",
            "open": "7.375",
            "high": "7.375",
            "low": "7.34",
            "close": "7.335"
        },
        {
            "time": "17.07.2021 00:27",
            "open": "7.335",
            "high": "7.335",
            "low": "7.331",
            "close": "7.331"
        },
        {
            "time": "17.07.2021 00:28",
            "open": "7.331",
            "high": "7.331",
            "low": "7.303",
            "close": "7.306"
        },
        {
            "time": "17.07.2021 00:29",
            "open": "7.306",
            "high": "7.329",
            "low": "7.306",
            "close": "7.336"
        },
        {
            "time": "17.07.2021 00:30",
            "open": "7.336",
            "high": "7.336",
            "low": "7.326",
            "close": "7.3"
        },
        {
            "time": "17.07.2021 00:32",
            "open": "7.3",
            "high": "7.307",
            "low": "7.3",
            "close": "7.3"
        },
        {
            "time": "17.07.2021 00:34",
            "open": "7.3",
            "high": "7.3",
            "low": "7.295",
            "close": "7.304"
        },
        {
            "time": "17.07.2021 00:35",
            "open": "7.304",
            "high": "7.312",
            "low": "7.304",
            "close": "7.305"
        },
        {
            "time": "17.07.2021 00:37",
            "open": "7.305",
            "high": "7.305",
            "low": "7.305",
            "close": "7.295"
        },
        {
            "time": "17.07.2021 00:41",
            "open": "7.295",
            "high": "7.295",
            "low": "7.29",
            "close": "7.292"
        },
        {
            "time": "17.07.2021 00:45",
            "open": "7.292",
            "high": "7.292",
            "low": "7.292",
            "close": "7.301"
        },
        {
            "time": "17.07.2021 00:46",
            "open": "7.301",
            "high": "7.301",
            "low": "7.301",
            "close": "7.306"
        },
        {
            "time": "17.07.2021 00:50",
            "open": "7.306",
            "high": "7.306",
            "low": "7.306",
            "close": "7.285"
        },
        {
            "time": "17.07.2021 00:54",
            "open": "7.285",
            "high": "7.292",
            "low": "7.285",
            "close": "7.295"
        },
        {
            "time": "17.07.2021 00:58",
            "open": "7.295",
            "high": "7.295",
            "low": "7.295",
            "close": "7.309"
        },
        {
            "time": "17.07.2021 01:06",
            "open": "7.309",
            "high": "7.309",
            "low": "7.309",
            "close": "7.29"
        },
        {
            "time": "17.07.2021 01:08",
            "open": "7.29",
            "high": "7.29",
            "low": "7.29",
            "close": "7.284"
        },
        {
            "time": "17.07.2021 01:17",
            "open": "7.284",
            "high": "7.284",
            "low": "7.284",
            "close": "7.281"
        },
        {
            "time": "17.07.2021 01:24",
            "open": "7.281",
            "high": "7.289",
            "low": "7.281",
            "close": "7.28"
        },
        {
            "time": "17.07.2021 01:25",
            "open": "7.28",
            "high": "7.28",
            "low": "7.265",
            "close": "7.26"
        },
        {
            "time": "17.07.2021 01:28",
            "open": "7.26",
            "high": "7.26",
            "low": "7.26",
            "close": "7.26"
        },
        {
            "time": "17.07.2021 01:29",
            "open": "7.26",
            "high": "7.26",
            "low": "7.24",
            "close": "7.235"
        },
        {
            "time": "17.07.2021 01:30",
            "open": "7.235",
            "high": "7.235",
            "low": "7.205",
            "close": "7.205"
        },
        {
            "time": "17.07.2021 01:31",
            "open": "7.205",
            "high": "7.205",
            "low": "7.18",
            "close": "7.176"
        },
        {
            "time": "17.07.2021 01:32",
            "open": "7.176",
            "high": "7.176",
            "low": "7.16",
            "close": "7.16"
        },
        {
            "time": "17.07.2021 01:33",
            "open": "7.16",
            "high": "7.161",
            "low": "7.151",
            "close": "7.151"
        },
        {
            "time": "17.07.2021 01:34",
            "open": "7.151",
            "high": "7.151",
            "low": "7.151",
            "close": "7.15"
        },
        {
            "time": "17.07.2021 01:35",
            "open": "7.15",
            "high": "7.152",
            "low": "7.141",
            "close": "7.153"
        },
        {
            "time": "17.07.2021 01:36",
            "open": "7.153",
            "high": "7.153",
            "low": "7.153",
            "close": "7.148"
        },
        {
            "time": "17.07.2021 01:39",
            "open": "7.148",
            "high": "7.148",
            "low": "7.148",
            "close": "7.14"
        },
        {
            "time": "17.07.2021 01:41",
            "open": "7.14",
            "high": "7.14",
            "low": "7.14",
            "close": "7.141"
        },
        {
            "time": "17.07.2021 01:42",
            "open": "7.141",
            "high": "7.145",
            "low": "7.141",
            "close": "7.14"
        },
        {
            "time": "17.07.2021 01:43",
            "open": "7.14",
            "high": "7.14",
            "low": "7.14",
            "close": "7.161"
        },
        {
            "time": "17.07.2021 01:51",
            "open": "7.161",
            "high": "7.161",
            "low": "7.161",
            "close": "7.166"
        },
        {
            "time": "17.07.2021 01:52",
            "open": "7.166",
            "high": "7.166",
            "low": "7.166",
            "close": "7.177"
        },
        {
            "time": "17.07.2021 01:53",
            "open": "7.177",
            "high": "7.178",
            "low": "7.177",
            "close": "7.18"
        },
        {
            "time": "17.07.2021 01:54",
            "open": "7.18",
            "high": "7.199",
            "low": "7.18",
            "close": "7.2"
        },
        {
            "time": "17.07.2021 01:55",
            "open": "7.2",
            "high": "7.21",
            "low": "7.199",
            "close": "7.215"
        },
        {
            "time": "17.07.2021 01:56",
            "open": "7.215",
            "high": "7.219",
            "low": "7.215",
            "close": "7.209"
        },
        {
            "time": "17.07.2021 01:58",
            "open": "7.209",
            "high": "7.209",
            "low": "7.209",
            "close": "7.207"
        },
        {
            "time": "17.07.2021 02:01",
            "open": "7.207",
            "high": "7.207",
            "low": "7.207",
            "close": "7.208"
        },
        {
            "time": "17.07.2021 02:05",
            "open": "7.208",
            "high": "7.245",
            "low": "7.208",
            "close": "7.25"
        },
        {
            "time": "17.07.2021 02:06",
            "open": "7.25",
            "high": "7.26",
            "low": "7.25",
            "close": "7.247"
        },
        {
            "time": "17.07.2021 02:08",
            "open": "7.247",
            "high": "7.247",
            "low": "7.247",
            "close": "7.22"
        },
        {
            "time": "17.07.2021 02:10",
            "open": "7.22",
            "high": "7.22",
            "low": "7.175",
            "close": "7.17"
        },
        {
            "time": "17.07.2021 02:11",
            "open": "7.17",
            "high": "7.17",
            "low": "7.155",
            "close": "7.158"
        },
        {
            "time": "17.07.2021 02:12",
            "open": "7.158",
            "high": "7.158",
            "low": "7.15",
            "close": "7.145"
        },
        {
            "time": "17.07.2021 02:15",
            "open": "7.145",
            "high": "7.145",
            "low": "7.129",
            "close": "7.145"
        },
        {
            "time": "17.07.2021 02:16",
            "open": "7.145",
            "high": "7.145",
            "low": "7.145",
            "close": "7.131"
        },
        {
            "time": "17.07.2021 02:17",
            "open": "7.131",
            "high": "7.131",
            "low": "7.13",
            "close": "7.149"
        },
        {
            "time": "17.07.2021 02:19",
            "open": "7.149",
            "high": "7.158",
            "low": "7.149",
            "close": "7.147"
        },
        {
            "time": "17.07.2021 02:20",
            "open": "7.147",
            "high": "7.147",
            "low": "7.147",
            "close": "7.17"
        },
        {
            "time": "17.07.2021 02:23",
            "open": "7.17",
            "high": "7.17",
            "low": "7.17",
            "close": "7.165"
        },
        {
            "time": "17.07.2021 02:25",
            "open": "7.165",
            "high": "7.19",
            "low": "7.165",
            "close": "7.195"
        },
        {
            "time": "17.07.2021 02:26",
            "open": "7.195",
            "high": "7.195",
            "low": "7.195",
            "close": "7.191"
        },
        {
            "time": "17.07.2021 02:27",
            "open": "7.191",
            "high": "7.191",
            "low": "7.182",
            "close": "7.182"
        },
        {
            "time": "17.07.2021 02:30",
            "open": "7.182",
            "high": "7.182",
            "low": "7.182",
            "close": "7.2"
        },
        {
            "time": "17.07.2021 02:31",
            "open": "7.2",
            "high": "7.205",
            "low": "7.2",
            "close": "7.21"
        },
        {
            "time": "17.07.2021 02:32",
            "open": "7.21",
            "high": "7.21",
            "low": "7.21",
            "close": "7.202"
        },
        {
            "time": "17.07.2021 02:34",
            "open": "7.202",
            "high": "7.202",
            "low": "7.202",
            "close": "7.21"
        },
        {
            "time": "17.07.2021 02:37",
            "open": "7.21",
            "high": "7.21",
            "low": "7.21",
            "close": "7.21"
        },
        {
            "time": "17.07.2021 02:38",
            "open": "7.21",
            "high": "7.215",
            "low": "7.21",
            "close": "7.22"
        },
        {
            "time": "17.07.2021 02:39",
            "open": "7.22",
            "high": "7.235",
            "low": "7.22",
            "close": "7.24"
        },
        {
            "time": "17.07.2021 02:40",
            "open": "7.24",
            "high": "7.24",
            "low": "7.24",
            "close": "7.245"
        },
        {
            "time": "17.07.2021 02:41",
            "open": "7.245",
            "high": "7.245",
            "low": "7.245",
            "close": "7.245"
        },
        {
            "time": "17.07.2021 02:42",
            "open": "7.245",
            "high": "7.245",
            "low": "7.245",
            "close": "7.245"
        },
        {
            "time": "17.07.2021 02:47",
            "open": "7.245",
            "high": "7.245",
            "low": "7.245",
            "close": "7.25"
        },
        {
            "time": "17.07.2021 02:49",
            "open": "7.25",
            "high": "7.25",
            "low": "7.25",
            "close": "7.255"
        },
        {
            "time": "17.07.2021 02:50",
            "open": "7.255",
            "high": "7.27",
            "low": "7.255",
            "close": "7.275"
        },
        {
            "time": "17.07.2021 02:53",
            "open": "7.275",
            "high": "7.285",
            "low": "7.275",
            "close": "7.29"
        },
        {
            "time": "17.07.2021 02:54",
            "open": "7.29",
            "high": "7.29",
            "low": "7.29",
            "close": "7.295"
        },
        {
            "time": "17.07.2021 02:55",
            "open": "7.295",
            "high": "7.3",
            "low": "7.295",
            "close": "7.305"
        },
        {
            "time": "17.07.2021 02:56",
            "open": "7.305",
            "high": "7.305",
            "low": "7.305",
            "close": "7.31"
        },
        {
            "time": "17.07.2021 02:58",
            "open": "7.31",
            "high": "7.315",
            "low": "7.31",
            "close": "7.32"
        },
        {
            "time": "17.07.2021 03:00",
            "open": "7.32",
            "high": "7.33",
            "low": "7.32",
            "close": "7.321"
        },
        {
            "time": "17.07.2021 03:01",
            "open": "7.321",
            "high": "7.321",
            "low": "7.321",
            "close": "7.29"
        },
        {
            "time": "17.07.2021 03:02",
            "open": "7.29",
            "high": "7.29",
            "low": "7.285",
            "close": "7.28"
        },
        {
            "time": "17.07.2021 03:03",
            "open": "7.28",
            "high": "7.284",
            "low": "7.28",
            "close": "7.275"
        },
        {
            "time": "17.07.2021 03:04",
            "open": "7.275",
            "high": "7.275",
            "low": "7.27",
            "close": "7.265"
        },
        {
            "time": "17.07.2021 03:05",
            "open": "7.265",
            "high": "7.265",
            "low": "7.26",
            "close": "7.255"
        },
        {
            "time": "17.07.2021 03:06",
            "open": "7.255",
            "high": "7.255",
            "low": "7.255",
            "close": "7.25"
        },
        {
            "time": "17.07.2021 03:07",
            "open": "7.25",
            "high": "7.25",
            "low": "7.25",
            "close": "7.245"
        },
        {
            "time": "17.07.2021 03:08",
            "open": "7.245",
            "high": "7.245",
            "low": "7.24",
            "close": "7.235"
        },
        {
            "time": "17.07.2021 03:09",
            "open": "7.235",
            "high": "7.235",
            "low": "7.23",
            "close": "7.225"
        },
        {
            "time": "17.07.2021 03:10",
            "open": "7.225",
            "high": "7.225",
            "low": "7.215",
            "close": "7.21"
        },
        {
            "time": "17.07.2021 03:11",
            "open": "7.21",
            "high": "7.21",
            "low": "7.205",
            "close": "7.205"
        },
        {
            "time": "17.07.2021 03:12",
            "open": "7.205",
            "high": "7.205",
            "low": "7.19",
            "close": "7.186"
        },
        {
            "time": "17.07.2021 03:15",
            "open": "7.186",
            "high": "7.186",
            "low": "7.186",
            "close": "7.185"
        },
        {
            "time": "17.07.2021 03:16",
            "open": "7.185",
            "high": "7.185",
            "low": "7.185",
            "close": "7.185"
        },
        {
            "time": "17.07.2021 03:17",
            "open": "7.185",
            "high": "7.185",
            "low": "7.175",
            "close": "7.18"
        },
        {
            "time": "17.07.2021 03:18",
            "open": "7.18",
            "high": "7.18",
            "low": "7.18",
            "close": "7.17"
        },
        {
            "time": "17.07.2021 03:20",
            "open": "7.17",
            "high": "7.17",
            "low": "7.155",
            "close": "7.15"
        },
        {
            "time": "17.07.2021 03:22",
            "open": "7.15",
            "high": "7.15",
            "low": "7.14",
            "close": "7.149"
        },
        {
            "time": "17.07.2021 03:24",
            "open": "7.149",
            "high": "7.149",
            "low": "7.149",
            "close": "7.16"
        },
        {
            "time": "17.07.2021 03:25",
            "open": "7.16",
            "high": "7.16",
            "low": "7.16",
            "close": "7.185"
        },
        {
            "time": "17.07.2021 03:26",
            "open": "7.185",
            "high": "7.201",
            "low": "7.185",
            "close": "7.205"
        },
        {
            "time": "17.07.2021 03:27",
            "open": "7.205",
            "high": "7.21",
            "low": "7.205",
            "close": "7.215"
        },
        {
            "time": "17.07.2021 03:29",
            "open": "7.215",
            "high": "7.215",
            "low": "7.215",
            "close": "7.175"
        },
        {
            "time": "17.07.2021 03:40",
            "open": "7.175",
            "high": "7.175",
            "low": "7.16",
            "close": "7.16"
        },
        {
            "time": "17.07.2021 03:41",
            "open": "7.16",
            "high": "7.16",
            "low": "7.14",
            "close": "7.151"
        },
        {
            "time": "17.07.2021 03:43",
            "open": "7.151",
            "high": "7.151",
            "low": "7.141",
            "close": "7.135"
        },
        {
            "time": "17.07.2021 03:44",
            "open": "7.135",
            "high": "7.135",
            "low": "7.13",
            "close": "7.131"
        },
        {
            "time": "17.07.2021 03:46",
            "open": "7.131",
            "high": "7.131",
            "low": "7.131",
            "close": "7.125"
        },
        {
            "time": "17.07.2021 03:47",
            "open": "7.125",
            "high": "7.125",
            "low": "7.125",
            "close": "7.125"
        },
        {
            "time": "17.07.2021 03:51",
            "open": "7.125",
            "high": "7.125",
            "low": "7.12",
            "close": "7.116"
        },
        {
            "time": "17.07.2021 03:52",
            "open": "7.116",
            "high": "7.116",
            "low": "7.116",
            "close": "7.115"
        },
        {
            "time": "17.07.2021 03:53",
            "open": "7.115",
            "high": "7.115",
            "low": "7.11",
            "close": "7.11"
        },
        {
            "time": "17.07.2021 03:54",
            "open": "7.11",
            "high": "7.11",
            "low": "7.095",
            "close": "7.095"
        },
        {
            "time": "17.07.2021 03:55",
            "open": "7.095",
            "high": "7.095",
            "low": "7.089",
            "close": "7.085"
        },
        {
            "time": "17.07.2021 03:56",
            "open": "7.085",
            "high": "7.085",
            "low": "7.085",
            "close": "7.08"
        },
        {
            "time": "17.07.2021 03:57",
            "open": "7.08",
            "high": "7.08",
            "low": "7.065",
            "close": "7.06"
        },
        {
            "time": "17.07.2021 04:00",
            "open": "7.06",
            "high": "7.06",
            "low": "7.06",
            "close": "7.055"
        },
        {
            "time": "17.07.2021 04:01",
            "open": "7.055",
            "high": "7.055",
            "low": "7.055",
            "close": "7.05"
        },
        {
            "time": "17.07.2021 04:05",
            "open": "7.05",
            "high": "7.05",
            "low": "7.035",
            "close": "7.035"
        },
        {
            "time": "17.07.2021 04:06",
            "open": "7.035",
            "high": "7.035",
            "low": "7.025",
            "close": "7.02"
        },
        {
            "time": "17.07.2021 04:08",
            "open": "7.02",
            "high": "7.02",
            "low": "7.02",
            "close": "7.02"
        },
        {
            "time": "17.07.2021 04:10",
            "open": "7.027",
            "high": "7.027",
            "low": "7.027",
            "close": "7.016"
        },
        {
            "time": "17.07.2021 04:12",
            "open": "7.016",
            "high": "7.016",
            "low": "7.01",
            "close": "7.005"
        },
        {
            "time": "17.07.2021 04:14",
            "open": "7.005",
            "high": "7.005",
            "low": "7.005",
            "close": "7.019"
        },
        {
            "time": "17.07.2021 04:20",
            "open": "7.019",
            "high": "7.019",
            "low": "7.018",
            "close": "7.031"
        },
        {
            "time": "17.07.2021 04:21",
            "open": "7.031",
            "high": "7.031",
            "low": "7.031",
            "close": "7.021"
        },
        {
            "time": "17.07.2021 04:22",
            "open": "7.021",
            "high": "7.025",
            "low": "6.975",
            "close": "6.978"
        },
        {
            "time": "17.07.2021 04:23",
            "open": "6.978",
            "high": "6.978",
            "low": "6.93",
            "close": "6.925"
        },
        {
            "time": "17.07.2021 04:24",
            "open": "6.925",
            "high": "6.966",
            "low": "6.925",
            "close": "6.951"
        },
        {
            "time": "17.07.2021 04:25",
            "open": "6.951",
            "high": "6.951",
            "low": "6.951",
            "close": "6.936"
        },
        {
            "time": "17.07.2021 04:26",
            "open": "6.936",
            "high": "6.943",
            "low": "6.92",
            "close": "6.92"
        },
        {
            "time": "17.07.2021 04:29",
            "open": "6.92",
            "high": "6.92",
            "low": "6.91",
            "close": "6.93"
        },
        {
            "time": "17.07.2021 04:36",
            "open": "6.93",
            "high": "6.93",
            "low": "6.93",
            "close": "6.937"
        },
        {
            "time": "17.07.2021 04:44",
            "open": "6.937",
            "high": "6.937",
            "low": "6.937",
            "close": "6.955"
        },
        {
            "time": "17.07.2021 04:48",
            "open": "6.955",
            "high": "6.955",
            "low": "6.955",
            "close": "6.951"
        },
        {
            "time": "17.07.2021 04:49",
            "open": "6.951",
            "high": "6.953",
            "low": "6.951",
            "close": "6.96"
        },
        {
            "time": "17.07.2021 04:58",
            "open": "6.96",
            "high": "6.96",
            "low": "6.96",
            "close": "6.965"
        },
        {
            "time": "17.07.2021 04:59",
            "open": "6.965",
            "high": "6.965",
            "low": "6.965",
            "close": "6.962"
        },
        {
            "time": "17.07.2021 05:00",
            "open": "6.962",
            "high": "6.962",
            "low": "6.962",
            "close": "6.97"
        },
        {
            "time": "17.07.2021 05:04",
            "open": "6.97",
            "high": "6.97",
            "low": "6.97",
            "close": "6.97"
        },
        {
            "time": "17.07.2021 05:05",
            "open": "6.97",
            "high": "6.97",
            "low": "6.97",
            "close": "6.97"
        },
        {
            "time": "17.07.2021 05:16",
            "open": "6.97",
            "high": "6.975",
            "low": "6.97",
            "close": "6.98"
        },
        {
            "time": "17.07.2021 05:18",
            "open": "6.98",
            "high": "7.013",
            "low": "6.98",
            "close": "6.992"
        },
        {
            "time": "17.07.2021 05:19",
            "open": "6.992",
            "high": "7.033",
            "low": "6.99",
            "close": "6.998"
        },
        {
            "time": "17.07.2021 05:20",
            "open": "6.998",
            "high": "6.999",
            "low": "6.998",
            "close": "7.029"
        },
        {
            "time": "17.07.2021 05:22",
            "open": "7.029",
            "high": "7.029",
            "low": "7.027",
            "close": "7.028"
        },
        {
            "time": "17.07.2021 05:23",
            "open": "7.028",
            "high": "7.028",
            "low": "7.028",
            "close": "7.035"
        },
        {
            "time": "17.07.2021 05:24",
            "open": "7.035",
            "high": "7.035",
            "low": "7.035",
            "close": "7.027"
        },
        {
            "time": "17.07.2021 05:25",
            "open": "7.027",
            "high": "7.027",
            "low": "7.027",
            "close": "7.026"
        },
        {
            "time": "17.07.2021 05:26",
            "open": "7.026",
            "high": "7.026",
            "low": "7.02",
            "close": "7.021"
        },
        {
            "time": "17.07.2021 05:30",
            "open": "7.021",
            "high": "7.021",
            "low": "7.016",
            "close": "7.013"
        },
        {
            "time": "17.07.2021 05:32",
            "open": "7.013",
            "high": "7.013",
            "low": "7.013",
            "close": "7.006"
        },
        {
            "time": "17.07.2021 05:35",
            "open": "7.006",
            "high": "7.006",
            "low": "7.006",
            "close": "7.002"
        },
        {
            "time": "17.07.2021 05:37",
            "open": "7.002",
            "high": "7.002",
            "low": "7.002",
            "close": "6.995"
        },
        {
            "time": "17.07.2021 05:38",
            "open": "6.995",
            "high": "6.995",
            "low": "6.986",
            "close": "6.985"
        },
        {
            "time": "17.07.2021 05:41",
            "open": "6.985",
            "high": "6.985",
            "low": "6.966",
            "close": "7.01"
        },
        {
            "time": "17.07.2021 05:49",
            "open": "7.01",
            "high": "7.02",
            "low": "7.01",
            "close": "6.996"
        },
        {
            "time": "17.07.2021 06:03",
            "open": "6.996",
            "high": "6.996",
            "low": "6.98",
            "close": "6.98"
        },
        {
            "time": "17.07.2021 06:04",
            "open": "6.98",
            "high": "6.98",
            "low": "6.975",
            "close": "6.975"
        },
        {
            "time": "17.07.2021 06:05",
            "open": "6.975",
            "high": "6.975",
            "low": "6.965",
            "close": "6.965"
        },
        {
            "time": "17.07.2021 06:06",
            "open": "6.965",
            "high": "6.965",
            "low": "6.958",
            "close": "6.955"
        },
        {
            "time": "17.07.2021 06:07",
            "open": "6.955",
            "high": "6.955",
            "low": "6.955",
            "close": "6.969"
        },
        {
            "time": "17.07.2021 06:15",
            "open": "6.969",
            "high": "6.969",
            "low": "6.969",
            "close": "6.961"
        },
        {
            "time": "17.07.2021 06:16",
            "open": "6.961",
            "high": "6.961",
            "low": "6.961",
            "close": "6.958"
        },
        {
            "time": "17.07.2021 06:25",
            "open": "6.958",
            "high": "6.958",
            "low": "6.95",
            "close": "6.948"
        },
        {
            "time": "17.07.2021 06:30",
            "open": "6.948",
            "high": "6.972",
            "low": "6.948",
            "close": "6.99"
        },
        {
            "time": "17.07.2021 06:32",
            "open": "6.99",
            "high": "6.99",
            "low": "6.99",
            "close": "6.995"
        },
        {
            "time": "17.07.2021 06:39",
            "open": "6.995",
            "high": "6.995",
            "low": "6.995",
            "close": "6.999"
        },
        {
            "time": "17.07.2021 06:40",
            "open": "6.999",
            "high": "6.999",
            "low": "6.999",
            "close": "7"
        },
        {
            "time": "17.07.2021 06:51",
            "open": "7",
            "high": "7",
            "low": "7",
            "close": "7.005"
        },
        {
            "time": "17.07.2021 06:52",
            "open": "7.005",
            "high": "7.01",
            "low": "7.005",
            "close": "7.005"
        },
        {
            "time": "17.07.2021 07:08",
            "open": "7.005",
            "high": "7.005",
            "low": "7.005",
            "close": "6.999"
        },
        {
            "time": "17.07.2021 07:13",
            "open": "6.999",
            "high": "6.999",
            "low": "6.999",
            "close": "7.008"
        },
        {
            "time": "17.07.2021 07:15",
            "open": "7.008",
            "high": "7.008",
            "low": "7.008",
            "close": "7.015"
        },
        {
            "time": "17.07.2021 07:16",
            "open": "7.015",
            "high": "7.051",
            "low": "7.015",
            "close": "7.055"
        },
        {
            "time": "17.07.2021 07:17",
            "open": "7.055",
            "high": "7.075",
            "low": "7.055",
            "close": "7.08"
        },
        {
            "time": "17.07.2021 07:18",
            "open": "7.08",
            "high": "7.099",
            "low": "7.08",
            "close": "7.099"
        },
        {
            "time": "17.07.2021 07:19",
            "open": "7.099",
            "high": "7.12",
            "low": "7.099",
            "close": "7.125"
        },
        {
            "time": "17.07.2021 07:20",
            "open": "7.125",
            "high": "7.135",
            "low": "7.125",
            "close": "7.129"
        },
        {
            "time": "17.07.2021 07:21",
            "open": "7.129",
            "high": "7.14",
            "low": "7.129",
            "close": "7.13"
        },
        {
            "time": "17.07.2021 07:22",
            "open": "7.13",
            "high": "7.13",
            "low": "7.1",
            "close": "7.1"
        },
        {
            "time": "17.07.2021 07:23",
            "open": "7.1",
            "high": "7.1",
            "low": "7.055",
            "close": "7.05"
        },
        {
            "time": "17.07.2021 07:24",
            "open": "7.05",
            "high": "7.051",
            "low": "7.04",
            "close": "7.066"
        },
        {
            "time": "17.07.2021 07:32",
            "open": "7.066",
            "high": "7.066",
            "low": "7.066",
            "close": "7.05"
        },
        {
            "time": "17.07.2021 07:34",
            "open": "7.05",
            "high": "7.057",
            "low": "7.05",
            "close": "7.069"
        },
        {
            "time": "17.07.2021 07:36",
            "open": "7.069",
            "high": "7.069",
            "low": "7.069",
            "close": "7.035"
        },
        {
            "time": "17.07.2021 07:45",
            "open": "7.035",
            "high": "7.035",
            "low": "7.035",
            "close": "7.035"
        },
        {
            "time": "17.07.2021 07:46",
            "open": "7.035",
            "high": "7.035",
            "low": "7.03",
            "close": "7.025"
        },
        {
            "time": "17.07.2021 07:48",
            "open": "7.025",
            "high": "7.026",
            "low": "7.025",
            "close": "7.052"
        },
        {
            "time": "17.07.2021 07:50",
            "open": "7.052",
            "high": "7.052",
            "low": "7.052",
            "close": "7.07"
        },
        {
            "time": "17.07.2021 07:52",
            "open": "7.07",
            "high": "7.07",
            "low": "7.07",
            "close": "7.075"
        },
        {
            "time": "17.07.2021 07:57",
            "open": "7.075",
            "high": "7.075",
            "low": "7.075",
            "close": "7.08"
        },
        {
            "time": "17.07.2021 08:00",
            "open": "7.08",
            "high": "7.095",
            "low": "7.08",
            "close": "7.1"
        },
        {
            "time": "17.07.2021 08:01",
            "open": "7.1",
            "high": "7.11",
            "low": "7.1",
            "close": "7.115"
        },
        {
            "time": "17.07.2021 08:02",
            "open": "7.115",
            "high": "7.115",
            "low": "7.115",
            "close": "7.118"
        },
        {
            "time": "17.07.2021 08:06",
            "open": "7.118",
            "high": "7.119",
            "low": "7.118",
            "close": "7.12"
        },
        {
            "time": "17.07.2021 08:13",
            "open": "7.12",
            "high": "7.125",
            "low": "7.12",
            "close": "7.13"
        },
        {
            "time": "17.07.2021 08:14",
            "open": "7.13",
            "high": "7.135",
            "low": "7.13",
            "close": "7.118"
        },
        {
            "time": "17.07.2021 08:16",
            "open": "7.118",
            "high": "7.122",
            "low": "7.118",
            "close": "7.108"
        },
        {
            "time": "17.07.2021 08:17",
            "open": "7.108",
            "high": "7.108",
            "low": "7.108",
            "close": "7.119"
        },
        {
            "time": "17.07.2021 08:18",
            "open": "7.119",
            "high": "7.119",
            "low": "7.119",
            "close": "7.118"
        },
        {
            "time": "17.07.2021 08:25",
            "open": "7.118",
            "high": "7.118",
            "low": "7.118",
            "close": "7.104"
        },
        {
            "time": "17.07.2021 08:28",
            "open": "7.104",
            "high": "7.104",
            "low": "7.09",
            "close": "7.091"
        },
        {
            "time": "17.07.2021 08:29",
            "open": "7.091",
            "high": "7.091",
            "low": "7.091",
            "close": "7.114"
        },
        {
            "time": "17.07.2021 08:32",
            "open": "7.114",
            "high": "7.114",
            "low": "7.114",
            "close": "7.09"
        },
        {
            "time": "17.07.2021 08:34",
            "open": "7.09",
            "high": "7.09",
            "low": "7.07",
            "close": "7.07"
        },
        {
            "time": "17.07.2021 08:35",
            "open": "7.07",
            "high": "7.096",
            "low": "7.06",
            "close": "7.079"
        },
        {
            "time": "17.07.2021 08:36",
            "open": "7.079",
            "high": "7.079",
            "low": "7.079",
            "close": "7.055"
        },
        {
            "time": "17.07.2021 08:43",
            "open": "7.055",
            "high": "7.055",
            "low": "7.055",
            "close": "7.055"
        },
        {
            "time": "17.07.2021 09:05",
            "open": "7.055",
            "high": "7.055",
            "low": "7.05",
            "close": "7.05"
        },
        {
            "time": "17.07.2021 09:06",
            "open": "7.05",
            "high": "7.05",
            "low": "7.045",
            "close": "7.045"
        },
        {
            "time": "17.07.2021 09:09",
            "open": "7.045",
            "high": "7.045",
            "low": "7.03",
            "close": "7.03"
        },
        {
            "time": "17.07.2021 09:10",
            "open": "7.03",
            "high": "7.03",
            "low": "7.015",
            "close": "7.016"
        },
        {
            "time": "17.07.2021 09:14",
            "open": "7.016",
            "high": "7.016",
            "low": "7.016",
            "close": "7.015"
        },
        {
            "time": "17.07.2021 09:15",
            "open": "7.015",
            "high": "7.015",
            "low": "7.01",
            "close": "7.01"
        },
        {
            "time": "17.07.2021 09:17",
            "open": "7.01",
            "high": "7.01",
            "low": "7.005",
            "close": "7.005"
        },
        {
            "time": "17.07.2021 09:18",
            "open": "7.005",
            "high": "7.005",
            "low": "6.999",
            "close": "6.999"
        },
        {
            "time": "17.07.2021 09:20",
            "open": "6.999",
            "high": "6.999",
            "low": "6.999",
            "close": "7.012"
        },
        {
            "time": "17.07.2021 09:23",
            "open": "7.012",
            "high": "7.012",
            "low": "7.012",
            "close": "6.995"
        },
        {
            "time": "17.07.2021 09:46",
            "open": "6.995",
            "high": "6.995",
            "low": "6.995",
            "close": "6.995"
        },
        {
            "time": "17.07.2021 09:47",
            "open": "6.995",
            "high": "6.995",
            "low": "6.995",
            "close": "7.016"
        },
        {
            "time": "17.07.2021 09:49",
            "open": "7.016",
            "high": "7.016",
            "low": "7.016",
            "close": "7.024"
        },
        {
            "time": "17.07.2021 09:50",
            "open": "7.024",
            "high": "7.024",
            "low": "7.024",
            "close": "6.99"
        },
        {
            "time": "17.07.2021 10:00",
            "open": "6.99",
            "high": "6.99",
            "low": "6.99",
            "close": "6.99"
        },
        {
            "time": "17.07.2021 10:01",
            "open": "6.99",
            "high": "6.99",
            "low": "6.975",
            "close": "6.972"
        },
        {
            "time": "17.07.2021 10:02",
            "open": "6.972",
            "high": "6.972",
            "low": "6.965",
            "close": "6.96"
        },
        {
            "time": "17.07.2021 10:05",
            "open": "6.96",
            "high": "6.96",
            "low": "6.94",
            "close": "6.94"
        },
        {
            "time": "17.07.2021 10:06",
            "open": "6.94",
            "high": "6.94",
            "low": "6.94",
            "close": "6.936"
        },
        {
            "time": "17.07.2021 10:07",
            "open": "6.936",
            "high": "6.939",
            "low": "6.936",
            "close": "6.935"
        },
        {
            "time": "17.07.2021 10:09",
            "open": "6.935",
            "high": "6.939",
            "low": "6.895",
            "close": "6.895"
        },
        {
            "time": "17.07.2021 10:13",
            "open": "6.895",
            "high": "6.917",
            "low": "6.89",
            "close": "6.935"
        },
        {
            "time": "17.07.2021 10:23",
            "open": "6.935",
            "high": "6.945",
            "low": "6.935",
            "close": "6.926"
        },
        {
            "time": "17.07.2021 10:29",
            "open": "6.926",
            "high": "6.926",
            "low": "6.926",
            "close": "6.95"
        },
        {
            "time": "17.07.2021 10:37",
            "open": "6.95",
            "high": "6.95",
            "low": "6.95",
            "close": "6.955"
        },
        {
            "time": "17.07.2021 10:38",
            "open": "6.955",
            "high": "6.96",
            "low": "6.955",
            "close": "6.965"
        },
        {
            "time": "17.07.2021 10:39",
            "open": "6.965",
            "high": "6.99",
            "low": "6.965",
            "close": "6.995"
        },
        {
            "time": "17.07.2021 10:40",
            "open": "6.995",
            "high": "7.035",
            "low": "6.995",
            "close": "7.04"
        },
        {
            "time": "17.07.2021 10:41",
            "open": "7.04",
            "high": "7.055",
            "low": "7.04",
            "close": "7.06"
        },
        {
            "time": "17.07.2021 10:42",
            "open": "7.06",
            "high": "7.065",
            "low": "7.06",
            "close": "7.07"
        },
        {
            "time": "17.07.2021 10:43",
            "open": "7.07",
            "high": "7.084",
            "low": "7.07",
            "close": "7.085"
        },
        {
            "time": "17.07.2021 10:44",
            "open": "7.085",
            "high": "7.085",
            "low": "7.085",
            "close": "7.09"
        },
        {
            "time": "17.07.2021 10:45",
            "open": "7.09",
            "high": "7.105",
            "low": "7.09",
            "close": "7.11"
        },
        {
            "time": "17.07.2021 10:48",
            "open": "7.11",
            "high": "7.147",
            "low": "7.11",
            "close": "7.105"
        },
        {
            "time": "17.07.2021 10:51",
            "open": "7.105",
            "high": "7.105",
            "low": "7.095",
            "close": "7.097"
        },
        {
            "time": "17.07.2021 10:52",
            "open": "7.097",
            "high": "7.098",
            "low": "7.097",
            "close": "7.095"
        },
        {
            "time": "17.07.2021 10:55",
            "open": "7.095",
            "high": "7.095",
            "low": "7.095",
            "close": "7.09"
        },
        {
            "time": "17.07.2021 10:56",
            "open": "7.09",
            "high": "7.09",
            "low": "7.08",
            "close": "7.08"
        },
        {
            "time": "17.07.2021 10:57",
            "open": "7.08",
            "high": "7.08",
            "low": "7.06",
            "close": "7.06"
        },
        {
            "time": "17.07.2021 10:58",
            "open": "7.06",
            "high": "7.06",
            "low": "7.05",
            "close": "7.05"
        },
        {
            "time": "17.07.2021 10:59",
            "open": "7.05",
            "high": "7.05",
            "low": "7.05",
            "close": "7.062"
        },
        {
            "time": "17.07.2021 11:00",
            "open": "7.062",
            "high": "7.067",
            "low": "7.062",
            "close": "7.052"
        },
        {
            "time": "17.07.2021 11:02",
            "open": "7.052",
            "high": "7.052",
            "low": "7.052",
            "close": "7.045"
        },
        {
            "time": "17.07.2021 11:03",
            "open": "7.045",
            "high": "7.045",
            "low": "7.045",
            "close": "7.041"
        },
        {
            "time": "17.07.2021 11:04",
            "open": "7.041",
            "high": "7.041",
            "low": "7.041",
            "close": "7.082"
        },
        {
            "time": "17.07.2021 11:22",
            "open": "7.082",
            "high": "7.082",
            "low": "7.082",
            "close": "7.04"
        },
        {
            "time": "17.07.2021 11:46",
            "open": "7.04",
            "high": "7.04",
            "low": "7.035",
            "close": "7.03"
        },
        {
            "time": "17.07.2021 11:47",
            "open": "7.03",
            "high": "7.03",
            "low": "7.025",
            "close": "7.028"
        },
        {
            "time": "17.07.2021 11:48",
            "open": "7.028",
            "high": "7.028",
            "low": "7.028",
            "close": "7.025"
        },
        {
            "time": "17.07.2021 11:49",
            "open": "7.025",
            "high": "7.025",
            "low": "7.025",
            "close": "7.02"
        },
        {
            "time": "17.07.2021 11:50",
            "open": "7.02",
            "high": "7.02",
            "low": "7.02",
            "close": "7.015"
        },
        {
            "time": "17.07.2021 11:51",
            "open": "7.015",
            "high": "7.049",
            "low": "7.015",
            "close": "7.017"
        },
        {
            "time": "17.07.2021 11:52",
            "open": "7.017",
            "high": "7.017",
            "low": "7.017",
            "close": "7.032"
        },
        {
            "time": "17.07.2021 11:59",
            "open": "7.032",
            "high": "7.032",
            "low": "7.032",
            "close": "7.01"
        },
        {
            "time": "17.07.2021 12:05",
            "open": "7.01",
            "high": "7.01",
            "low": "7.01",
            "close": "7.01"
        },
        {
            "time": "17.07.2021 12:07",
            "open": "7.01",
            "high": "7.01",
            "low": "6.98",
            "close": "6.98"
        },
        {
            "time": "17.07.2021 12:10",
            "open": "6.98",
            "high": "6.98",
            "low": "6.955",
            "close": "6.958"
        },
        {
            "time": "17.07.2021 12:11",
            "open": "6.958",
            "high": "6.958",
            "low": "6.958",
            "close": "6.955"
        },
        {
            "time": "17.07.2021 12:12",
            "open": "6.955",
            "high": "6.955",
            "low": "6.93",
            "close": "6.94"
        },
        {
            "time": "17.07.2021 12:18",
            "open": "6.94",
            "high": "6.94",
            "low": "6.94",
            "close": "6.931"
        },
        {
            "time": "17.07.2021 12:19",
            "open": "6.931",
            "high": "6.931",
            "low": "6.931",
            "close": "6.934"
        },
        {
            "time": "17.07.2021 12:20",
            "open": "6.934",
            "high": "6.934",
            "low": "6.934",
            "close": "6.947"
        },
        {
            "time": "17.07.2021 12:22",
            "open": "6.947",
            "high": "6.947",
            "low": "6.947",
            "close": "6.93"
        },
        {
            "time": "17.07.2021 12:27",
            "open": "6.93",
            "high": "6.93",
            "low": "6.92",
            "close": "6.92"
        },
        {
            "time": "17.07.2021 12:28",
            "open": "6.92",
            "high": "6.92",
            "low": "6.918",
            "close": "6.915"
        },
        {
            "time": "17.07.2021 12:29",
            "open": "6.915",
            "high": "6.915",
            "low": "6.911",
            "close": "6.942"
        },
        {
            "time": "17.07.2021 12:37",
            "open": "6.942",
            "high": "6.942",
            "low": "6.942",
            "close": "6.936"
        },
        {
            "time": "17.07.2021 12:40",
            "open": "6.936",
            "high": "6.936",
            "low": "6.936",
            "close": "6.922"
        },
        {
            "time": "17.07.2021 12:44",
            "open": "6.922",
            "high": "6.922",
            "low": "6.922",
            "close": "6.921"
        },
        {
            "time": "17.07.2021 12:47",
            "open": "6.921",
            "high": "6.921",
            "low": "6.921",
            "close": "6.91"
        },
        {
            "time": "17.07.2021 12:52",
            "open": "6.91",
            "high": "6.91",
            "low": "6.897",
            "close": "6.897"
        },
        {
            "time": "17.07.2021 12:53",
            "open": "6.897",
            "high": "6.897",
            "low": "6.895",
            "close": "6.895"
        },
        {
            "time": "17.07.2021 12:58",
            "open": "6.895",
            "high": "6.895",
            "low": "6.895",
            "close": "6.897"
        },
        {
            "time": "17.07.2021 13:00",
            "open": "6.897",
            "high": "6.898",
            "low": "6.897",
            "close": "6.934"
        },
        {
            "time": "17.07.2021 13:01",
            "open": "6.934",
            "high": "6.934",
            "low": "6.934",
            "close": "6.935"
        },
        {
            "time": "17.07.2021 13:02",
            "open": "6.935",
            "high": "6.943",
            "low": "6.935",
            "close": "6.922"
        },
        {
            "time": "17.07.2021 13:15",
            "open": "6.922",
            "high": "6.922",
            "low": "6.922",
            "close": "6.907"
        },
        {
            "time": "17.07.2021 13:17",
            "open": "6.907",
            "high": "6.907",
            "low": "6.907",
            "close": "6.9"
        },
        {
            "time": "17.07.2021 13:28",
            "open": "6.9",
            "high": "6.9",
            "low": "6.9",
            "close": "6.9"
        },
        {
            "time": "17.07.2021 13:29",
            "open": "6.9",
            "high": "6.9",
            "low": "6.9",
            "close": "6.895"
        },
        {
            "time": "17.07.2021 13:38",
            "open": "6.895",
            "high": "6.895",
            "low": "6.895",
            "close": "6.901"
        },
        {
            "time": "17.07.2021 13:41",
            "open": "6.901",
            "high": "6.901",
            "low": "6.901",
            "close": "6.922"
        },
        {
            "time": "17.07.2021 13:52",
            "open": "6.922",
            "high": "6.924",
            "low": "6.922",
            "close": "6.94"
        },
        {
            "time": "17.07.2021 14:13",
            "open": "6.94",
            "high": "6.94",
            "low": "6.94",
            "close": "6.945"
        },
        {
            "time": "17.07.2021 14:24",
            "open": "6.945",
            "high": "6.945",
            "low": "6.945",
            "close": "6.95"
        },
        {
            "time": "17.07.2021 14:28",
            "open": "6.95",
            "high": "6.95",
            "low": "6.95",
            "close": "6.955"
        },
        {
            "time": "17.07.2021 14:30",
            "open": "6.955",
            "high": "6.959",
            "low": "6.955",
            "close": "6.96"
        },
        {
            "time": "17.07.2021 14:35",
            "open": "6.96",
            "high": "6.96",
            "low": "6.96",
            "close": "6.965"
        },
        {
            "time": "17.07.2021 14:38",
            "open": "6.965",
            "high": "6.991",
            "low": "6.965",
            "close": "6.968"
        },
        {
            "time": "17.07.2021 15:00",
            "open": "6.968",
            "high": "6.968",
            "low": "6.95",
            "close": "6.945"
        },
        {
            "time": "17.07.2021 15:05",
            "open": "6.945",
            "high": "6.945",
            "low": "6.945",
            "close": "6.954"
        },
        {
            "time": "17.07.2021 15:08",
            "open": "6.954",
            "high": "6.954",
            "low": "6.954",
            "close": "6.945"
        },
        {
            "time": "17.07.2021 15:09",
            "open": "6.945",
            "high": "6.945",
            "low": "6.945",
            "close": "6.955"
        },
        {
            "time": "17.07.2021 15:10",
            "open": "6.955",
            "high": "6.955",
            "low": "6.955",
            "close": "6.945"
        },
        {
            "time": "17.07.2021 15:27",
            "open": "6.945",
            "high": "6.945",
            "low": "6.915",
            "close": "6.91"
        },
        {
            "time": "17.07.2021 15:28",
            "open": "6.91",
            "high": "6.91",
            "low": "6.9",
            "close": "6.927"
        },
        {
            "time": "17.07.2021 15:44",
            "open": "6.927",
            "high": "6.965",
            "low": "6.927",
            "close": "6.97"
        },
        {
            "time": "17.07.2021 15:45",
            "open": "6.97",
            "high": "7",
            "low": "6.97",
            "close": "7.005"
        },
        {
            "time": "17.07.2021 15:46",
            "open": "7.005",
            "high": "7.005",
            "low": "7.005",
            "close": "6.965"
        },
        {
            "time": "17.07.2021 15:50",
            "open": "6.965",
            "high": "6.965",
            "low": "6.95",
            "close": "6.95"
        },
        {
            "time": "17.07.2021 15:51",
            "open": "6.95",
            "high": "6.95",
            "low": "6.94",
            "close": "6.964"
        },
        {
            "time": "17.07.2021 15:58",
            "open": "6.964",
            "high": "6.964",
            "low": "6.963",
            "close": "6.957"
        },
        {
            "time": "17.07.2021 16:02",
            "open": "6.957",
            "high": "6.957",
            "low": "6.957",
            "close": "6.954"
        },
        {
            "time": "17.07.2021 16:05",
            "open": "6.954",
            "high": "6.954",
            "low": "6.954",
            "close": "6.94"
        },
        {
            "time": "17.07.2021 16:17",
            "open": "6.94",
            "high": "6.94",
            "low": "6.935",
            "close": "6.935"
        },
        {
            "time": "17.07.2021 16:19",
            "open": "6.935",
            "high": "6.935",
            "low": "6.93",
            "close": "6.971"
        },
        {
            "time": "17.07.2021 16:22",
            "open": "6.971",
            "high": "6.971",
            "low": "6.971",
            "close": "6.975"
        },
        {
            "time": "17.07.2021 16:25",
            "open": "6.975",
            "high": "6.99",
            "low": "6.975",
            "close": "6.995"
        },
        {
            "time": "17.07.2021 16:26",
            "open": "6.995",
            "high": "6.995",
            "low": "6.995",
            "close": "7"
        },
        {
            "time": "17.07.2021 16:27",
            "open": "7",
            "high": "7",
            "low": "7",
            "close": "7.005"
        },
        {
            "time": "17.07.2021 16:29",
            "open": "7.005",
            "high": "7.009",
            "low": "7.005",
            "close": "7"
        },
        {
            "time": "17.07.2021 16:38",
            "open": "7",
            "high": "7",
            "low": "7",
            "close": "7.002"
        },
        {
            "time": "17.07.2021 16:40",
            "open": "7.002",
            "high": "7.002",
            "low": "7.002",
            "close": "7.01"
        },
        {
            "time": "17.07.2021 16:53",
            "open": "7.01",
            "high": "7.01",
            "low": "7.01",
            "close": "7.015"
        },
        {
            "time": "17.07.2021 16:55",
            "open": "7.015",
            "high": "7.015",
            "low": "7.015",
            "close": "7.02"
        },
        {
            "time": "17.07.2021 16:56",
            "open": "7.02",
            "high": "7.02",
            "low": "7.02",
            "close": "7.005"
        },
        {
            "time": "17.07.2021 17:25",
            "open": "7.005",
            "high": "7.005",
            "low": "7.005",
            "close": "6.992"
        },
        {
            "time": "17.07.2021 17:36",
            "open": "6.992",
            "high": "6.992",
            "low": "6.991",
            "close": "7.025"
        },
        {
            "time": "17.07.2021 17:50",
            "open": "7.025",
            "high": "7.025",
            "low": "7.025",
            "close": "7.03"
        },
        {
            "time": "17.07.2021 17:51",
            "open": "7.03",
            "high": "7.03",
            "low": "7.03",
            "close": "7.013"
        },
        {
            "time": "17.07.2021 17:56",
            "open": "7.013",
            "high": "7.013",
            "low": "7.013",
            "close": "7.01"
        },
        {
            "time": "17.07.2021 18:07",
            "open": "7.01",
            "high": "7.01",
            "low": "7.01",
            "close": "6.999"
        },
        {
            "time": "17.07.2021 18:09",
            "open": "6.999",
            "high": "6.999",
            "low": "6.999",
            "close": "6.99"
        },
        {
            "time": "17.07.2021 18:12",
            "open": "6.99",
            "high": "6.99",
            "low": "6.99",
            "close": "7.009"
        },
        {
            "time": "17.07.2021 18:20",
            "open": "7.009",
            "high": "7.009",
            "low": "7.009",
            "close": "7.01"
        },
        {
            "time": "17.07.2021 18:23",
            "open": "7.01",
            "high": "7.01",
            "low": "7",
            "close": "7.035"
        },
        {
            "time": "17.07.2021 18:30",
            "open": "7.035",
            "high": "7.035",
            "low": "7.035",
            "close": "7.009"
        },
        {
            "time": "17.07.2021 18:51",
            "open": "7.009",
            "high": "7.009",
            "low": "7.009",
            "close": "6.995"
        },
        {
            "time": "17.07.2021 19:05",
            "open": "6.995",
            "high": "6.995",
            "low": "6.975",
            "close": "6.985"
        },
        {
            "time": "17.07.2021 19:06",
            "open": "6.985",
            "high": "6.985",
            "low": "6.985",
            "close": "6.982"
        },
        {
            "time": "17.07.2021 19:07",
            "open": "6.982",
            "high": "6.983",
            "low": "6.982",
            "close": "6.975"
        },
        {
            "time": "17.07.2021 19:18",
            "open": "6.975",
            "high": "6.975",
            "low": "6.965",
            "close": "6.96"
        },
        {
            "time": "17.07.2021 19:34",
            "open": "6.96",
            "high": "6.96",
            "low": "6.96",
            "close": "6.958"
        },
        {
            "time": "17.07.2021 19:38",
            "open": "6.958",
            "high": "6.958",
            "low": "6.958",
            "close": "6.957"
        },
        {
            "time": "17.07.2021 19:42",
            "open": "6.957",
            "high": "6.957",
            "low": "6.92",
            "close": "6.933"
        },
        {
            "time": "17.07.2021 19:45",
            "open": "6.933",
            "high": "6.933",
            "low": "6.933",
            "close": "6.945"
        },
        {
            "time": "17.07.2021 19:59",
            "open": "6.945",
            "high": "6.945",
            "low": "6.945",
            "close": "6.939"
        },
        {
            "time": "17.07.2021 20:03",
            "open": "6.939",
            "high": "6.939",
            "low": "6.939",
            "close": "6.965"
        },
        {
            "time": "17.07.2021 20:18",
            "open": "6.965",
            "high": "6.982",
            "low": "6.965",
            "close": "6.985"
        },
        {
            "time": "17.07.2021 20:19",
            "open": "6.985",
            "high": "7.008",
            "low": "6.985",
            "close": "7.01"
        },
        {
            "time": "17.07.2021 20:21",
            "open": "7.01",
            "high": "7.011",
            "low": "7.01",
            "close": "7.015"
        },
        {
            "time": "17.07.2021 20:23",
            "open": "7.015",
            "high": "7.03",
            "low": "7.015",
            "close": "7.035"
        },
        {
            "time": "17.07.2021 20:45",
            "open": "7.035",
            "high": "7.035",
            "low": "7.035",
            "close": "7.04"
        },
        {
            "time": "17.07.2021 20:47",
            "open": "7.04",
            "high": "7.04",
            "low": "7.04",
            "close": "7.045"
        },
        {
            "time": "17.07.2021 20:50",
            "open": "7.045",
            "high": "7.045",
            "low": "7.042",
            "close": "7.045"
        },
        {
            "time": "17.07.2021 21:00",
            "open": "7.045",
            "high": "7.059",
            "low": "7.045",
            "close": "7.06"
        },
        {
            "time": "17.07.2021 21:01",
            "open": "7.06",
            "high": "7.06",
            "low": "7.06",
            "close": "7.065"
        },
        {
            "time": "17.07.2021 21:03",
            "open": "7.065",
            "high": "7.07",
            "low": "7.065",
            "close": "7.075"
        },
        {
            "time": "17.07.2021 21:07",
            "open": "7.075",
            "high": "7.084",
            "low": "7.075",
            "close": "7.085"
        },
        {
            "time": "17.07.2021 21:16",
            "open": "7.085",
            "high": "7.085",
            "low": "7.085",
            "close": "7.085"
        },
        {
            "time": "17.07.2021 21:21",
            "open": "7.085",
            "high": "7.086",
            "low": "7.085",
            "close": "7.09"
        },
        {
            "time": "17.07.2021 21:27",
            "open": "7.09",
            "high": "7.099",
            "low": "7.09",
            "close": "7.1"
        },
        {
            "time": "17.07.2021 21:28",
            "open": "7.1",
            "high": "7.105",
            "low": "7.099",
            "close": "7.11"
        },
        {
            "time": "17.07.2021 21:29",
            "open": "7.11",
            "high": "7.11",
            "low": "7.11",
            "close": "7.115"
        },
        {
            "time": "17.07.2021 21:31",
            "open": "7.115",
            "high": "7.115",
            "low": "7.111",
            "close": "7.12"
        },
        {
            "time": "17.07.2021 21:32",
            "open": "7.12",
            "high": "7.125",
            "low": "7.12",
            "close": "7.116"
        },
        {
            "time": "17.07.2021 21:33",
            "open": "7.116",
            "high": "7.116",
            "low": "7.116",
            "close": "7.123"
        },
        {
            "time": "17.07.2021 21:37",
            "open": "7.123",
            "high": "7.124",
            "low": "7.123",
            "close": "7.129"
        },
        {
            "time": "17.07.2021 21:44",
            "open": "7.129",
            "high": "7.129",
            "low": "7.129",
            "close": "7.129"
        },
        {
            "time": "17.07.2021 21:48",
            "open": "7.129",
            "high": "7.129",
            "low": "7.129",
            "close": "7.13"
        },
        {
            "time": "17.07.2021 21:49",
            "open": "7.13",
            "high": "7.13",
            "low": "7.13",
            "close": "7.13"
        },
        {
            "time": "17.07.2021 21:51",
            "open": "7.13",
            "high": "7.13",
            "low": "7.13",
            "close": "7.13"
        },
        {
            "time": "17.07.2021 21:52",
            "open": "7.13",
            "high": "7.13",
            "low": "7.13",
            "close": "7.135"
        },
        {
            "time": "17.07.2021 21:53",
            "open": "7.135",
            "high": "7.135",
            "low": "7.135",
            "close": "7.13"
        },
        {
            "time": "17.07.2021 21:54",
            "open": "7.13",
            "high": "7.13",
            "low": "7.13",
            "close": "7.139"
        },
        {
            "time": "17.07.2021 21:55",
            "open": "7.139",
            "high": "7.139",
            "low": "7.139",
            "close": "7.13"
        },
        {
            "time": "17.07.2021 21:59",
            "open": "7.13",
            "high": "7.13",
            "low": "7.13",
            "close": "7.12"
        },
        {
            "time": "17.07.2021 22:09",
            "open": "7.12",
            "high": "7.12",
            "low": "7.118",
            "close": "7.115"
        },
        {
            "time": "17.07.2021 22:13",
            "open": "7.115",
            "high": "7.115",
            "low": "7.115",
            "close": "7.101"
        },
        {
            "time": "17.07.2021 22:14",
            "open": "7.101",
            "high": "7.101",
            "low": "7.101",
            "close": "7.121"
        },
        {
            "time": "17.07.2021 22:21",
            "open": "7.121",
            "high": "7.121",
            "low": "7.121",
            "close": "7.115"
        },
        {
            "time": "17.07.2021 22:24",
            "open": "7.115",
            "high": "7.115",
            "low": "7.115",
            "close": "7.121"
        },
        {
            "time": "17.07.2021 22:25",
            "open": "7.121",
            "high": "7.121",
            "low": "7.121",
            "close": "7.109"
        },
        {
            "time": "17.07.2021 22:31",
            "open": "7.109",
            "high": "7.109",
            "low": "7.109",
            "close": "7.098"
        },
        {
            "time": "17.07.2021 22:32",
            "open": "7.098",
            "high": "7.098",
            "low": "7.098",
            "close": "7.11"
        },
        {
            "time": "17.07.2021 22:33",
            "open": "7.11",
            "high": "7.111",
            "low": "7.11",
            "close": "7.095"
        },
        {
            "time": "17.07.2021 22:53",
            "open": "7.095",
            "high": "7.095",
            "low": "7.085",
            "close": "7.113"
        },
        {
            "time": "17.07.2021 22:55",
            "open": "7.113",
            "high": "7.113",
            "low": "7.113",
            "close": "7.093"
        },
        {
            "time": "17.07.2021 23:00",
            "open": "7.093",
            "high": "7.093",
            "low": "7.093",
            "close": "7.085"
        },
        {
            "time": "17.07.2021 23:01",
            "open": "7.085",
            "high": "7.085",
            "low": "7.07",
            "close": "7.07"
        },
        {
            "time": "17.07.2021 23:02",
            "open": "7.07",
            "high": "7.07",
            "low": "7.061",
            "close": "7.06"
        },
        {
            "time": "17.07.2021 23:05",
            "open": "7.06",
            "high": "7.06",
            "low": "7.06",
            "close": "7.061"
        },
        {
            "time": "17.07.2021 23:06",
            "open": "7.061",
            "high": "7.061",
            "low": "7.061",
            "close": "7.06"
        },
        {
            "time": "17.07.2021 23:09",
            "open": "7.06",
            "high": "7.06",
            "low": "7.04",
            "close": "7.07"
        }
    ]
}