{
    "UMA-EUR": [
        {
            "time": "26.02.2021 23:57",
            "open": "16.076",
            "high": "16.078",
            "low": "16.076",
            "close": "16.057"
        },
        {
            "time": "27.02.2021 00:01",
            "open": "16.057",
            "high": "16.057",
            "low": "16.057",
            "close": "16.1"
        },
        {
            "time": "27.02.2021 00:02",
            "open": "16.1",
            "high": "16.1",
            "low": "16.1",
            "close": "16.174"
        },
        {
            "time": "27.02.2021 00:04",
            "open": "16.174",
            "high": "16.174",
            "low": "16.174",
            "close": "16.255"
        },
        {
            "time": "27.02.2021 00:06",
            "open": "16.255",
            "high": "16.285",
            "low": "16.255",
            "close": "16.31"
        },
        {
            "time": "27.02.2021 00:07",
            "open": "16.31",
            "high": "16.349",
            "low": "16.31",
            "close": "16.499"
        },
        {
            "time": "27.02.2021 00:13",
            "open": "16.499",
            "high": "16.499",
            "low": "16.499",
            "close": "16.448"
        },
        {
            "time": "27.02.2021 00:15",
            "open": "16.448",
            "high": "16.448",
            "low": "16.4",
            "close": "16.4"
        },
        {
            "time": "27.02.2021 00:20",
            "open": "16.4",
            "high": "16.4",
            "low": "16.359",
            "close": "16.5"
        },
        {
            "time": "27.02.2021 00:25",
            "open": "16.5",
            "high": "16.5",
            "low": "16.5",
            "close": "16.509"
        },
        {
            "time": "27.02.2021 00:35",
            "open": "16.509",
            "high": "16.538",
            "low": "16.509",
            "close": "16.509"
        },
        {
            "time": "27.02.2021 00:36",
            "open": "16.509",
            "high": "16.509",
            "low": "16.501",
            "close": "16.506"
        },
        {
            "time": "27.02.2021 00:40",
            "open": "16.506",
            "high": "16.506",
            "low": "16.506",
            "close": "16.519"
        },
        {
            "time": "27.02.2021 00:49",
            "open": "16.519",
            "high": "16.519",
            "low": "16.519",
            "close": "16.484"
        },
        {
            "time": "27.02.2021 00:50",
            "open": "16.484",
            "high": "16.484",
            "low": "16.351",
            "close": "16.518"
        },
        {
            "time": "27.02.2021 00:52",
            "open": "16.518",
            "high": "16.527",
            "low": "16.518",
            "close": "16.462"
        },
        {
            "time": "27.02.2021 00:53",
            "open": "16.462",
            "high": "16.462",
            "low": "16.461",
            "close": "16.374"
        },
        {
            "time": "27.02.2021 00:54",
            "open": "16.374",
            "high": "16.374",
            "low": "16.374",
            "close": "16.433"
        },
        {
            "time": "27.02.2021 01:00",
            "open": "16.433",
            "high": "16.433",
            "low": "16.433",
            "close": "16.432"
        },
        {
            "time": "27.02.2021 01:01",
            "open": "16.432",
            "high": "16.432",
            "low": "16.426",
            "close": "16.377"
        },
        {
            "time": "27.02.2021 01:16",
            "open": "16.377",
            "high": "16.377",
            "low": "16.377",
            "close": "16.545"
        },
        {
            "time": "27.02.2021 01:27",
            "open": "16.545",
            "high": "16.55",
            "low": "16.545",
            "close": "16.545"
        },
        {
            "time": "27.02.2021 01:28",
            "open": "16.545",
            "high": "16.545",
            "low": "16.545",
            "close": "16.561"
        },
        {
            "time": "27.02.2021 01:29",
            "open": "16.561",
            "high": "16.564",
            "low": "16.561",
            "close": "16.606"
        },
        {
            "time": "27.02.2021 01:30",
            "open": "16.606",
            "high": "16.614",
            "low": "16.606",
            "close": "16.637"
        },
        {
            "time": "27.02.2021 01:31",
            "open": "16.637",
            "high": "16.658",
            "low": "16.637",
            "close": "16.68"
        },
        {
            "time": "27.02.2021 01:32",
            "open": "16.68",
            "high": "16.68",
            "low": "16.68",
            "close": "16.706"
        },
        {
            "time": "27.02.2021 01:33",
            "open": "16.706",
            "high": "16.706",
            "low": "16.706",
            "close": "16.734"
        },
        {
            "time": "27.02.2021 01:34",
            "open": "16.734",
            "high": "16.734",
            "low": "16.734",
            "close": "16.744"
        },
        {
            "time": "27.02.2021 01:35",
            "open": "16.744",
            "high": "16.81",
            "low": "16.744",
            "close": "16.839"
        },
        {
            "time": "27.02.2021 01:36",
            "open": "16.839",
            "high": "16.839",
            "low": "16.839",
            "close": "16.851"
        },
        {
            "time": "27.02.2021 01:37",
            "open": "16.851",
            "high": "16.871",
            "low": "16.851",
            "close": "16.906"
        },
        {
            "time": "27.02.2021 01:39",
            "open": "16.906",
            "high": "16.948",
            "low": "16.906",
            "close": "16.969"
        },
        {
            "time": "27.02.2021 01:40",
            "open": "16.969",
            "high": "17.01",
            "low": "16.969",
            "close": "16.982"
        },
        {
            "time": "27.02.2021 01:43",
            "open": "16.982",
            "high": "16.982",
            "low": "16.7",
            "close": "16.845"
        },
        {
            "time": "27.02.2021 01:44",
            "open": "16.845",
            "high": "16.845",
            "low": "16.845",
            "close": "16.931"
        },
        {
            "time": "27.02.2021 01:46",
            "open": "16.931",
            "high": "16.931",
            "low": "16.931",
            "close": "16.997"
        },
        {
            "time": "27.02.2021 01:52",
            "open": "16.997",
            "high": "16.997",
            "low": "16.997",
            "close": "16.994"
        },
        {
            "time": "27.02.2021 01:53",
            "open": "16.994",
            "high": "16.994",
            "low": "16.994",
            "close": "16.95"
        },
        {
            "time": "27.02.2021 01:57",
            "open": "16.95",
            "high": "16.95",
            "low": "16.95",
            "close": "16.918"
        },
        {
            "time": "27.02.2021 01:58",
            "open": "16.918",
            "high": "16.918",
            "low": "16.907",
            "close": "16.937"
        },
        {
            "time": "27.02.2021 02:10",
            "open": "16.937",
            "high": "16.937",
            "low": "16.937",
            "close": "16.865"
        },
        {
            "time": "27.02.2021 02:19",
            "open": "16.865",
            "high": "16.865",
            "low": "16.865",
            "close": "16.896"
        },
        {
            "time": "27.02.2021 02:25",
            "open": "16.896",
            "high": "16.896",
            "low": "16.896",
            "close": "16.9"
        },
        {
            "time": "27.02.2021 02:32",
            "open": "16.9",
            "high": "16.9",
            "low": "16.9",
            "close": "16.902"
        },
        {
            "time": "27.02.2021 02:35",
            "open": "16.902",
            "high": "16.902",
            "low": "16.902",
            "close": "16.909"
        },
        {
            "time": "27.02.2021 02:42",
            "open": "16.909",
            "high": "17.04",
            "low": "16.909",
            "close": "17.076"
        },
        {
            "time": "27.02.2021 02:43",
            "open": "17.076",
            "high": "17.076",
            "low": "17.076",
            "close": "17.113"
        },
        {
            "time": "27.02.2021 02:54",
            "open": "17.113",
            "high": "17.113",
            "low": "17.113",
            "close": "17.147"
        },
        {
            "time": "27.02.2021 02:57",
            "open": "17.147",
            "high": "17.156",
            "low": "17.147",
            "close": "17.151"
        },
        {
            "time": "27.02.2021 03:01",
            "open": "17.151",
            "high": "17.151",
            "low": "17.128",
            "close": "16.977"
        },
        {
            "time": "27.02.2021 03:17",
            "open": "16.977",
            "high": "17.005",
            "low": "16.977",
            "close": "17.111"
        },
        {
            "time": "27.02.2021 03:34",
            "open": "17.111",
            "high": "17.111",
            "low": "17.109",
            "close": "16.81"
        },
        {
            "time": "27.02.2021 04:03",
            "open": "16.81",
            "high": "16.811",
            "low": "16.81",
            "close": "16.79"
        },
        {
            "time": "27.02.2021 04:08",
            "open": "16.79",
            "high": "16.79",
            "low": "16.79",
            "close": "16.962"
        },
        {
            "time": "27.02.2021 04:10",
            "open": "16.962",
            "high": "16.962",
            "low": "16.962",
            "close": "16.95"
        },
        {
            "time": "27.02.2021 04:11",
            "open": "16.95",
            "high": "16.95",
            "low": "16.95",
            "close": "17.076"
        },
        {
            "time": "27.02.2021 04:16",
            "open": "17.076",
            "high": "17.076",
            "low": "17.076",
            "close": "17.083"
        },
        {
            "time": "27.02.2021 04:28",
            "open": "17.083",
            "high": "17.083",
            "low": "17.078",
            "close": "17.079"
        },
        {
            "time": "27.02.2021 04:29",
            "open": "17.079",
            "high": "17.081",
            "low": "17.079",
            "close": "17.07"
        },
        {
            "time": "27.02.2021 04:44",
            "open": "17.07",
            "high": "17.07",
            "low": "17.07",
            "close": "17.062"
        },
        {
            "time": "27.02.2021 04:45",
            "open": "17.062",
            "high": "17.062",
            "low": "17.062",
            "close": "17.199"
        },
        {
            "time": "27.02.2021 04:55",
            "open": "17.199",
            "high": "17.21",
            "low": "17.199",
            "close": "17.138"
        },
        {
            "time": "27.02.2021 05:06",
            "open": "17.138",
            "high": "17.138",
            "low": "17.138",
            "close": "17.067"
        },
        {
            "time": "27.02.2021 05:07",
            "open": "17.067",
            "high": "17.067",
            "low": "17.067",
            "close": "16.885"
        },
        {
            "time": "27.02.2021 05:35",
            "open": "16.885",
            "high": "16.885",
            "low": "16.885",
            "close": "16.902"
        },
        {
            "time": "27.02.2021 05:43",
            "open": "16.902",
            "high": "16.902",
            "low": "16.902",
            "close": "16.882"
        },
        {
            "time": "27.02.2021 05:52",
            "open": "16.882",
            "high": "16.882",
            "low": "16.877",
            "close": "16.811"
        },
        {
            "time": "27.02.2021 06:20",
            "open": "16.811",
            "high": "16.811",
            "low": "16.801",
            "close": "16.767"
        },
        {
            "time": "27.02.2021 06:42",
            "open": "16.767",
            "high": "16.77",
            "low": "16.767",
            "close": "16.742"
        },
        {
            "time": "27.02.2021 06:46",
            "open": "16.742",
            "high": "16.742",
            "low": "16.726",
            "close": "16.941"
        },
        {
            "time": "27.02.2021 06:55",
            "open": "16.941",
            "high": "16.941",
            "low": "16.941",
            "close": "16.945"
        },
        {
            "time": "27.02.2021 06:56",
            "open": "16.945",
            "high": "16.945",
            "low": "16.945",
            "close": "17.018"
        },
        {
            "time": "27.02.2021 07:02",
            "open": "17.018",
            "high": "17.018",
            "low": "17.018",
            "close": "17.051"
        },
        {
            "time": "27.02.2021 07:07",
            "open": "17.051",
            "high": "17.051",
            "low": "17.051",
            "close": "17.048"
        },
        {
            "time": "27.02.2021 07:08",
            "open": "17.048",
            "high": "17.049",
            "low": "17.048",
            "close": "17.043"
        },
        {
            "time": "27.02.2021 07:11",
            "open": "17.043",
            "high": "17.043",
            "low": "17.043",
            "close": "17.046"
        },
        {
            "time": "27.02.2021 07:13",
            "open": "17.046",
            "high": "17.046",
            "low": "17.046",
            "close": "17.076"
        },
        {
            "time": "27.02.2021 07:15",
            "open": "17.076",
            "high": "17.076",
            "low": "17.076",
            "close": "17.08"
        },
        {
            "time": "27.02.2021 07:16",
            "open": "17.08",
            "high": "17.08",
            "low": "17.08",
            "close": "17.044"
        },
        {
            "time": "27.02.2021 07:21",
            "open": "17.044",
            "high": "17.079",
            "low": "17.044",
            "close": "17.054"
        },
        {
            "time": "27.02.2021 07:25",
            "open": "17.054",
            "high": "17.054",
            "low": "17.054",
            "close": "17.077"
        },
        {
            "time": "27.02.2021 07:26",
            "open": "17.077",
            "high": "17.077",
            "low": "17.077",
            "close": "17.011"
        },
        {
            "time": "27.02.2021 07:31",
            "open": "17.011",
            "high": "17.011",
            "low": "17.011",
            "close": "17.012"
        },
        {
            "time": "27.02.2021 07:32",
            "open": "17.012",
            "high": "17.012",
            "low": "17.011",
            "close": "17.012"
        },
        {
            "time": "27.02.2021 07:36",
            "open": "17.012",
            "high": "17.012",
            "low": "17.012",
            "close": "17.011"
        },
        {
            "time": "27.02.2021 07:37",
            "open": "17.011",
            "high": "17.011",
            "low": "16.94",
            "close": "17"
        },
        {
            "time": "27.02.2021 07:41",
            "open": "17",
            "high": "17",
            "low": "17",
            "close": "17.21"
        },
        {
            "time": "27.02.2021 07:51",
            "open": "17.21",
            "high": "17.21",
            "low": "17.21",
            "close": "17.189"
        },
        {
            "time": "27.02.2021 07:55",
            "open": "17.189",
            "high": "17.189",
            "low": "17.148",
            "close": "17.08"
        },
        {
            "time": "27.02.2021 07:56",
            "open": "17.08",
            "high": "17.08",
            "low": "17.08",
            "close": "17.08"
        },
        {
            "time": "27.02.2021 07:58",
            "open": "17.08",
            "high": "17.08",
            "low": "17.075",
            "close": "17.035"
        },
        {
            "time": "27.02.2021 07:59",
            "open": "17.035",
            "high": "17.035",
            "low": "17.035",
            "close": "17"
        },
        {
            "time": "27.02.2021 08:00",
            "open": "17",
            "high": "17",
            "low": "17",
            "close": "16.98"
        },
        {
            "time": "27.02.2021 08:01",
            "open": "16.98",
            "high": "16.98",
            "low": "16.98",
            "close": "16.81"
        },
        {
            "time": "27.02.2021 08:04",
            "open": "16.81",
            "high": "16.81",
            "low": "16.76",
            "close": "16.804"
        },
        {
            "time": "27.02.2021 08:06",
            "open": "16.804",
            "high": "16.804",
            "low": "16.804",
            "close": "16.812"
        },
        {
            "time": "27.02.2021 08:11",
            "open": "16.812",
            "high": "16.812",
            "low": "16.802",
            "close": "16.84"
        },
        {
            "time": "27.02.2021 08:15",
            "open": "16.84",
            "high": "16.84",
            "low": "16.84",
            "close": "16.84"
        },
        {
            "time": "27.02.2021 08:16",
            "open": "16.84",
            "high": "16.84",
            "low": "16.84",
            "close": "16.871"
        },
        {
            "time": "27.02.2021 08:17",
            "open": "16.871",
            "high": "16.871",
            "low": "16.871",
            "close": "16.953"
        },
        {
            "time": "27.02.2021 08:20",
            "open": "16.953",
            "high": "16.953",
            "low": "16.953",
            "close": "17.002"
        },
        {
            "time": "27.02.2021 08:32",
            "open": "17.002",
            "high": "17.002",
            "low": "17.002",
            "close": "16.91"
        },
        {
            "time": "27.02.2021 08:37",
            "open": "16.91",
            "high": "16.91",
            "low": "16.91",
            "close": "16.898"
        },
        {
            "time": "27.02.2021 08:40",
            "open": "16.898",
            "high": "16.898",
            "low": "16.772",
            "close": "16.742"
        },
        {
            "time": "27.02.2021 08:42",
            "open": "16.742",
            "high": "16.742",
            "low": "16.742",
            "close": "16.736"
        },
        {
            "time": "27.02.2021 08:48",
            "open": "16.736",
            "high": "16.76",
            "low": "16.732",
            "close": "16.758"
        },
        {
            "time": "27.02.2021 08:49",
            "open": "16.758",
            "high": "16.759",
            "low": "16.758",
            "close": "16.751"
        },
        {
            "time": "27.02.2021 08:58",
            "open": "16.751",
            "high": "16.751",
            "low": "16.751",
            "close": "16.686"
        },
        {
            "time": "27.02.2021 09:04",
            "open": "16.686",
            "high": "16.686",
            "low": "16.638",
            "close": "16.704"
        },
        {
            "time": "27.02.2021 09:06",
            "open": "16.704",
            "high": "16.704",
            "low": "16.704",
            "close": "16.687"
        },
        {
            "time": "27.02.2021 09:16",
            "open": "16.687",
            "high": "16.687",
            "low": "16.687",
            "close": "16.683"
        },
        {
            "time": "27.02.2021 09:19",
            "open": "16.683",
            "high": "16.683",
            "low": "16.683",
            "close": "16.63"
        },
        {
            "time": "27.02.2021 09:20",
            "open": "16.63",
            "high": "16.63",
            "low": "16.538",
            "close": "16.533"
        },
        {
            "time": "27.02.2021 09:21",
            "open": "16.533",
            "high": "16.533",
            "low": "16.533",
            "close": "16.496"
        },
        {
            "time": "27.02.2021 09:22",
            "open": "16.496",
            "high": "16.496",
            "low": "16.487",
            "close": "16.474"
        },
        {
            "time": "27.02.2021 09:26",
            "open": "16.474",
            "high": "16.475",
            "low": "16.446",
            "close": "16.389"
        },
        {
            "time": "27.02.2021 09:30",
            "open": "16.389",
            "high": "16.389",
            "low": "16.389",
            "close": "16.429"
        },
        {
            "time": "27.02.2021 09:33",
            "open": "16.429",
            "high": "16.436",
            "low": "16.429",
            "close": "16.446"
        },
        {
            "time": "27.02.2021 09:34",
            "open": "16.446",
            "high": "16.446",
            "low": "16.446",
            "close": "16.352"
        },
        {
            "time": "27.02.2021 09:47",
            "open": "16.352",
            "high": "16.352",
            "low": "16.334",
            "close": "16.334"
        },
        {
            "time": "27.02.2021 09:49",
            "open": "16.334",
            "high": "16.338",
            "low": "16.334",
            "close": "16.338"
        },
        {
            "time": "27.02.2021 09:52",
            "open": "16.338",
            "high": "16.338",
            "low": "16.338",
            "close": "16.305"
        },
        {
            "time": "27.02.2021 09:55",
            "open": "16.305",
            "high": "16.309",
            "low": "16.27",
            "close": "16.295"
        },
        {
            "time": "27.02.2021 10:02",
            "open": "16.295",
            "high": "16.295",
            "low": "16.295",
            "close": "16.29"
        },
        {
            "time": "27.02.2021 10:04",
            "open": "16.29",
            "high": "16.29",
            "low": "16.24",
            "close": "16.239"
        },
        {
            "time": "27.02.2021 10:05",
            "open": "16.239",
            "high": "16.239",
            "low": "16.239",
            "close": "16.296"
        },
        {
            "time": "27.02.2021 10:11",
            "open": "16.296",
            "high": "16.296",
            "low": "16.296",
            "close": "16.278"
        },
        {
            "time": "27.02.2021 10:13",
            "open": "16.278",
            "high": "16.278",
            "low": "16.278",
            "close": "16.278"
        },
        {
            "time": "27.02.2021 10:14",
            "open": "16.278",
            "high": "16.278",
            "low": "16.278",
            "close": "16.278"
        },
        {
            "time": "27.02.2021 10:15",
            "open": "16.278",
            "high": "16.278",
            "low": "16.278",
            "close": "16.278"
        },
        {
            "time": "27.02.2021 10:16",
            "open": "16.278",
            "high": "16.278",
            "low": "16.278",
            "close": "16.277"
        },
        {
            "time": "27.02.2021 10:17",
            "open": "16.277",
            "high": "16.277",
            "low": "16.277",
            "close": "16.402"
        },
        {
            "time": "27.02.2021 10:23",
            "open": "16.402",
            "high": "16.402",
            "low": "16.399",
            "close": "16.37"
        },
        {
            "time": "27.02.2021 10:24",
            "open": "16.37",
            "high": "16.37",
            "low": "16.366",
            "close": "16.402"
        },
        {
            "time": "27.02.2021 10:25",
            "open": "16.402",
            "high": "16.402",
            "low": "16.402",
            "close": "16.364"
        },
        {
            "time": "27.02.2021 10:31",
            "open": "16.364",
            "high": "16.364",
            "low": "16.346",
            "close": "16.298"
        },
        {
            "time": "27.02.2021 10:35",
            "open": "16.298",
            "high": "16.298",
            "low": "16.297",
            "close": "16.277"
        },
        {
            "time": "27.02.2021 10:39",
            "open": "16.277",
            "high": "16.277",
            "low": "16.277",
            "close": "16.229"
        },
        {
            "time": "27.02.2021 10:45",
            "open": "16.229",
            "high": "16.229",
            "low": "16.229",
            "close": "16.239"
        },
        {
            "time": "27.02.2021 10:46",
            "open": "16.239",
            "high": "16.239",
            "low": "16.239",
            "close": "16.239"
        },
        {
            "time": "27.02.2021 10:47",
            "open": "16.239",
            "high": "16.239",
            "low": "16.239",
            "close": "16.288"
        },
        {
            "time": "27.02.2021 10:51",
            "open": "16.288",
            "high": "16.288",
            "low": "16.288",
            "close": "16.254"
        },
        {
            "time": "27.02.2021 10:52",
            "open": "16.254",
            "high": "16.254",
            "low": "16.254",
            "close": "16.33"
        },
        {
            "time": "27.02.2021 10:58",
            "open": "16.33",
            "high": "16.33",
            "low": "16.33",
            "close": "16.45"
        },
        {
            "time": "27.02.2021 11:04",
            "open": "16.45",
            "high": "16.468",
            "low": "16.45",
            "close": "16.51"
        },
        {
            "time": "27.02.2021 11:10",
            "open": "16.51",
            "high": "16.51",
            "low": "16.51",
            "close": "16.511"
        },
        {
            "time": "27.02.2021 11:11",
            "open": "16.511",
            "high": "16.512",
            "low": "16.51",
            "close": "16.51"
        },
        {
            "time": "27.02.2021 11:12",
            "open": "16.51",
            "high": "16.51",
            "low": "16.51",
            "close": "16.508"
        },
        {
            "time": "27.02.2021 11:13",
            "open": "16.508",
            "high": "16.508",
            "low": "16.508",
            "close": "16.501"
        },
        {
            "time": "27.02.2021 11:15",
            "open": "16.501",
            "high": "16.502",
            "low": "16.497",
            "close": "16.461"
        },
        {
            "time": "27.02.2021 11:16",
            "open": "16.461",
            "high": "16.461",
            "low": "16.461",
            "close": "16.504"
        },
        {
            "time": "27.02.2021 11:17",
            "open": "16.504",
            "high": "16.504",
            "low": "16.503",
            "close": "16.538"
        },
        {
            "time": "27.02.2021 11:19",
            "open": "16.538",
            "high": "16.538",
            "low": "16.538",
            "close": "16.545"
        },
        {
            "time": "27.02.2021 11:27",
            "open": "16.545",
            "high": "16.568",
            "low": "16.545",
            "close": "16.546"
        },
        {
            "time": "27.02.2021 11:31",
            "open": "16.546",
            "high": "16.546",
            "low": "16.546",
            "close": "16.557"
        },
        {
            "time": "27.02.2021 11:34",
            "open": "16.557",
            "high": "16.562",
            "low": "16.541",
            "close": "16.54"
        },
        {
            "time": "27.02.2021 11:35",
            "open": "16.54",
            "high": "16.54",
            "low": "16.54",
            "close": "16.539"
        },
        {
            "time": "27.02.2021 11:36",
            "open": "16.539",
            "high": "16.539",
            "low": "16.539",
            "close": "16.54"
        },
        {
            "time": "27.02.2021 11:37",
            "open": "16.54",
            "high": "16.54",
            "low": "16.54",
            "close": "16.496"
        },
        {
            "time": "27.02.2021 11:42",
            "open": "16.496",
            "high": "16.497",
            "low": "16.496",
            "close": "16.521"
        },
        {
            "time": "27.02.2021 11:47",
            "open": "16.521",
            "high": "16.54",
            "low": "16.517",
            "close": "16.54"
        },
        {
            "time": "27.02.2021 11:48",
            "open": "16.54",
            "high": "16.54",
            "low": "16.54",
            "close": "16.607"
        },
        {
            "time": "27.02.2021 11:49",
            "open": "16.607",
            "high": "16.685",
            "low": "16.607",
            "close": "16.729"
        },
        {
            "time": "27.02.2021 11:50",
            "open": "16.729",
            "high": "16.729",
            "low": "16.729",
            "close": "16.704"
        },
        {
            "time": "27.02.2021 11:51",
            "open": "16.704",
            "high": "16.704",
            "low": "16.704",
            "close": "16.711"
        },
        {
            "time": "27.02.2021 11:53",
            "open": "16.711",
            "high": "16.725",
            "low": "16.711",
            "close": "16.73"
        },
        {
            "time": "27.02.2021 11:54",
            "open": "16.73",
            "high": "16.73",
            "low": "16.73",
            "close": "16.726"
        },
        {
            "time": "27.02.2021 11:57",
            "open": "16.726",
            "high": "16.726",
            "low": "16.725",
            "close": "16.725"
        },
        {
            "time": "27.02.2021 11:58",
            "open": "16.725",
            "high": "16.725",
            "low": "16.725",
            "close": "16.725"
        },
        {
            "time": "27.02.2021 11:59",
            "open": "16.725",
            "high": "16.735",
            "low": "16.725",
            "close": "16.725"
        },
        {
            "time": "27.02.2021 12:00",
            "open": "16.725",
            "high": "16.725",
            "low": "16.686",
            "close": "16.672"
        },
        {
            "time": "27.02.2021 12:03",
            "open": "16.672",
            "high": "16.672",
            "low": "16.672",
            "close": "16.663"
        },
        {
            "time": "27.02.2021 12:05",
            "open": "16.663",
            "high": "16.663",
            "low": "16.663",
            "close": "16.626"
        },
        {
            "time": "27.02.2021 12:06",
            "open": "16.626",
            "high": "16.626",
            "low": "16.626",
            "close": "16.575"
        },
        {
            "time": "27.02.2021 12:07",
            "open": "16.575",
            "high": "16.575",
            "low": "16.568",
            "close": "16.556"
        },
        {
            "time": "27.02.2021 12:08",
            "open": "16.556",
            "high": "16.556",
            "low": "16.556",
            "close": "16.55"
        },
        {
            "time": "27.02.2021 12:10",
            "open": "16.55",
            "high": "16.55",
            "low": "16.55",
            "close": "16.548"
        },
        {
            "time": "27.02.2021 12:11",
            "open": "16.548",
            "high": "16.548",
            "low": "16.546",
            "close": "16.569"
        },
        {
            "time": "27.02.2021 12:12",
            "open": "16.569",
            "high": "16.569",
            "low": "16.569",
            "close": "16.551"
        },
        {
            "time": "27.02.2021 12:14",
            "open": "16.551",
            "high": "16.551",
            "low": "16.551",
            "close": "16.571"
        },
        {
            "time": "27.02.2021 12:19",
            "open": "16.571",
            "high": "16.571",
            "low": "16.571",
            "close": "16.614"
        },
        {
            "time": "27.02.2021 12:20",
            "open": "16.614",
            "high": "16.638",
            "low": "16.614",
            "close": "16.7"
        },
        {
            "time": "27.02.2021 12:23",
            "open": "16.7",
            "high": "16.7",
            "low": "16.66",
            "close": "16.705"
        },
        {
            "time": "27.02.2021 12:32",
            "open": "16.705",
            "high": "16.808",
            "low": "16.705",
            "close": "16.774"
        },
        {
            "time": "27.02.2021 12:34",
            "open": "16.774",
            "high": "16.774",
            "low": "16.774",
            "close": "16.761"
        },
        {
            "time": "27.02.2021 12:36",
            "open": "16.761",
            "high": "16.761",
            "low": "16.761",
            "close": "16.808"
        },
        {
            "time": "27.02.2021 12:39",
            "open": "16.808",
            "high": "16.826",
            "low": "16.808",
            "close": "16.828"
        },
        {
            "time": "27.02.2021 12:40",
            "open": "16.828",
            "high": "16.865",
            "low": "16.828",
            "close": "16.825"
        },
        {
            "time": "27.02.2021 12:41",
            "open": "16.825",
            "high": "16.825",
            "low": "16.825",
            "close": "16.835"
        },
        {
            "time": "27.02.2021 12:42",
            "open": "16.835",
            "high": "16.846",
            "low": "16.835",
            "close": "16.8"
        },
        {
            "time": "27.02.2021 12:43",
            "open": "16.8",
            "high": "16.8",
            "low": "16.71",
            "close": "16.853"
        },
        {
            "time": "27.02.2021 12:46",
            "open": "16.853",
            "high": "16.9",
            "low": "16.853",
            "close": "16.899"
        },
        {
            "time": "27.02.2021 12:47",
            "open": "16.899",
            "high": "16.955",
            "low": "16.899",
            "close": "16.972"
        },
        {
            "time": "27.02.2021 12:48",
            "open": "16.972",
            "high": "17.023",
            "low": "16.972",
            "close": "16.988"
        },
        {
            "time": "27.02.2021 12:49",
            "open": "16.988",
            "high": "16.988",
            "low": "16.988",
            "close": "16.983"
        },
        {
            "time": "27.02.2021 12:50",
            "open": "16.983",
            "high": "16.991",
            "low": "16.983",
            "close": "17.01"
        },
        {
            "time": "27.02.2021 12:51",
            "open": "17.01",
            "high": "17.013",
            "low": "17.008",
            "close": "17.016"
        },
        {
            "time": "27.02.2021 12:52",
            "open": "17.016",
            "high": "17.016",
            "low": "16.769",
            "close": "16.714"
        },
        {
            "time": "27.02.2021 12:53",
            "open": "16.714",
            "high": "16.758",
            "low": "16.705",
            "close": "16.728"
        },
        {
            "time": "27.02.2021 12:59",
            "open": "16.728",
            "high": "16.728",
            "low": "16.728",
            "close": "16.733"
        },
        {
            "time": "27.02.2021 13:00",
            "open": "16.733",
            "high": "16.735",
            "low": "16.733",
            "close": "16.703"
        },
        {
            "time": "27.02.2021 13:01",
            "open": "16.703",
            "high": "16.703",
            "low": "16.703",
            "close": "16.745"
        },
        {
            "time": "27.02.2021 13:02",
            "open": "16.745",
            "high": "16.745",
            "low": "16.745",
            "close": "16.771"
        },
        {
            "time": "27.02.2021 13:03",
            "open": "16.771",
            "high": "16.785",
            "low": "16.771",
            "close": "16.769"
        },
        {
            "time": "27.02.2021 13:04",
            "open": "16.769",
            "high": "16.769",
            "low": "16.745",
            "close": "16.741"
        },
        {
            "time": "27.02.2021 13:06",
            "open": "16.741",
            "high": "16.741",
            "low": "16.741",
            "close": "16.732"
        },
        {
            "time": "27.02.2021 13:16",
            "open": "16.732",
            "high": "16.741",
            "low": "16.732",
            "close": "16.732"
        },
        {
            "time": "27.02.2021 13:19",
            "open": "16.732",
            "high": "16.732",
            "low": "16.732",
            "close": "16.727"
        },
        {
            "time": "27.02.2021 13:20",
            "open": "16.727",
            "high": "16.727",
            "low": "16.659",
            "close": "16.616"
        },
        {
            "time": "27.02.2021 13:21",
            "open": "16.616",
            "high": "16.616",
            "low": "16.616",
            "close": "16.551"
        },
        {
            "time": "27.02.2021 13:22",
            "open": "16.551",
            "high": "16.551",
            "low": "16.446",
            "close": "16.402"
        },
        {
            "time": "27.02.2021 13:25",
            "open": "16.402",
            "high": "16.402",
            "low": "16.402",
            "close": "16.39"
        },
        {
            "time": "27.02.2021 13:26",
            "open": "16.39",
            "high": "16.393",
            "low": "16.39",
            "close": "16.48"
        },
        {
            "time": "27.02.2021 13:28",
            "open": "16.48",
            "high": "16.48",
            "low": "16.48",
            "close": "16.716"
        },
        {
            "time": "27.02.2021 13:37",
            "open": "16.716",
            "high": "16.778",
            "low": "16.716",
            "close": "16.77"
        },
        {
            "time": "27.02.2021 13:38",
            "open": "16.77",
            "high": "16.827",
            "low": "16.769",
            "close": "16.906"
        },
        {
            "time": "27.02.2021 13:39",
            "open": "16.906",
            "high": "16.906",
            "low": "16.906",
            "close": "16.938"
        },
        {
            "time": "27.02.2021 13:40",
            "open": "16.938",
            "high": "17.074",
            "low": "16.899",
            "close": "16.95"
        },
        {
            "time": "27.02.2021 13:42",
            "open": "16.95",
            "high": "16.95",
            "low": "16.95",
            "close": "16.967"
        },
        {
            "time": "27.02.2021 13:44",
            "open": "16.967",
            "high": "16.967",
            "low": "16.967",
            "close": "16.96"
        },
        {
            "time": "27.02.2021 13:45",
            "open": "16.96",
            "high": "16.96",
            "low": "16.96",
            "close": "16.954"
        },
        {
            "time": "27.02.2021 13:46",
            "open": "16.954",
            "high": "16.975",
            "low": "16.954",
            "close": "17"
        },
        {
            "time": "27.02.2021 13:47",
            "open": "17",
            "high": "17.035",
            "low": "17",
            "close": "17.068"
        },
        {
            "time": "27.02.2021 13:48",
            "open": "17.068",
            "high": "17.103",
            "low": "17.068",
            "close": "17.129"
        },
        {
            "time": "27.02.2021 13:49",
            "open": "17.129",
            "high": "17.129",
            "low": "17.128",
            "close": "17.096"
        },
        {
            "time": "27.02.2021 13:51",
            "open": "17.096",
            "high": "17.096",
            "low": "17.096",
            "close": "17.085"
        },
        {
            "time": "27.02.2021 13:54",
            "open": "17.085",
            "high": "17.085",
            "low": "17.085",
            "close": "17.119"
        },
        {
            "time": "27.02.2021 13:58",
            "open": "17.119",
            "high": "17.23",
            "low": "17.119",
            "close": "17.179"
        },
        {
            "time": "27.02.2021 13:59",
            "open": "17.179",
            "high": "17.208",
            "low": "17.179",
            "close": "17.237"
        },
        {
            "time": "27.02.2021 14:00",
            "open": "17.237",
            "high": "17.263",
            "low": "17.237",
            "close": "17.273"
        },
        {
            "time": "27.02.2021 14:01",
            "open": "17.273",
            "high": "17.286",
            "low": "17.251",
            "close": "17.256"
        },
        {
            "time": "27.02.2021 14:02",
            "open": "17.256",
            "high": "17.266",
            "low": "17.256",
            "close": "17.249"
        },
        {
            "time": "27.02.2021 14:03",
            "open": "17.249",
            "high": "17.249",
            "low": "17.223",
            "close": "17.23"
        },
        {
            "time": "27.02.2021 14:05",
            "open": "17.23",
            "high": "17.23",
            "low": "17.23",
            "close": "17.233"
        },
        {
            "time": "27.02.2021 14:07",
            "open": "17.233",
            "high": "17.233",
            "low": "17.233",
            "close": "17.236"
        },
        {
            "time": "27.02.2021 14:12",
            "open": "17.236",
            "high": "17.27",
            "low": "17.233",
            "close": "17.239"
        },
        {
            "time": "27.02.2021 14:13",
            "open": "17.239",
            "high": "17.239",
            "low": "17.223",
            "close": "17.188"
        },
        {
            "time": "27.02.2021 14:14",
            "open": "17.188",
            "high": "17.332",
            "low": "17.188",
            "close": "17.227"
        },
        {
            "time": "27.02.2021 14:22",
            "open": "17.227",
            "high": "17.227",
            "low": "17.175",
            "close": "17.149"
        },
        {
            "time": "27.02.2021 14:23",
            "open": "17.149",
            "high": "17.149",
            "low": "17.149",
            "close": "17.115"
        },
        {
            "time": "27.02.2021 14:25",
            "open": "17.115",
            "high": "17.115",
            "low": "17.081",
            "close": "17.081"
        },
        {
            "time": "27.02.2021 14:34",
            "open": "17.081",
            "high": "17.081",
            "low": "17.081",
            "close": "17.048"
        },
        {
            "time": "27.02.2021 14:36",
            "open": "17.048",
            "high": "17.048",
            "low": "17.048",
            "close": "16.993"
        },
        {
            "time": "27.02.2021 14:41",
            "open": "16.993",
            "high": "16.993",
            "low": "16.983",
            "close": "16.993"
        },
        {
            "time": "27.02.2021 14:46",
            "open": "16.993",
            "high": "16.993",
            "low": "16.99",
            "close": "17.007"
        },
        {
            "time": "27.02.2021 14:58",
            "open": "17.007",
            "high": "17.022",
            "low": "17.007",
            "close": "17.042"
        },
        {
            "time": "27.02.2021 15:00",
            "open": "17.042",
            "high": "17.042",
            "low": "17.042",
            "close": "17.149"
        },
        {
            "time": "27.02.2021 15:06",
            "open": "17.149",
            "high": "17.149",
            "low": "17.149",
            "close": "17.177"
        },
        {
            "time": "27.02.2021 15:07",
            "open": "17.177",
            "high": "17.177",
            "low": "17.177",
            "close": "17.158"
        },
        {
            "time": "27.02.2021 15:10",
            "open": "17.158",
            "high": "17.158",
            "low": "17.158",
            "close": "17.207"
        },
        {
            "time": "27.02.2021 15:12",
            "open": "17.207",
            "high": "17.258",
            "low": "17.199",
            "close": "17.163"
        },
        {
            "time": "27.02.2021 15:15",
            "open": "17.163",
            "high": "17.163",
            "low": "17.163",
            "close": "17.16"
        },
        {
            "time": "27.02.2021 15:20",
            "open": "17.16",
            "high": "17.16",
            "low": "17.16",
            "close": "17.153"
        },
        {
            "time": "27.02.2021 15:23",
            "open": "17.153",
            "high": "17.153",
            "low": "17.114",
            "close": "17.218"
        },
        {
            "time": "27.02.2021 15:30",
            "open": "17.218",
            "high": "17.218",
            "low": "17.218",
            "close": "17.161"
        },
        {
            "time": "27.02.2021 15:31",
            "open": "17.161",
            "high": "17.161",
            "low": "17.161",
            "close": "17.128"
        },
        {
            "time": "27.02.2021 15:33",
            "open": "17.128",
            "high": "17.128",
            "low": "17.128",
            "close": "17.021"
        },
        {
            "time": "27.02.2021 15:35",
            "open": "17.021",
            "high": "17.021",
            "low": "17.021",
            "close": "17.01"
        },
        {
            "time": "27.02.2021 15:36",
            "open": "17.01",
            "high": "17.01",
            "low": "16.943",
            "close": "16.982"
        },
        {
            "time": "27.02.2021 15:39",
            "open": "16.982",
            "high": "16.982",
            "low": "16.982",
            "close": "16.961"
        },
        {
            "time": "27.02.2021 15:40",
            "open": "16.961",
            "high": "16.961",
            "low": "16.961",
            "close": "16.993"
        },
        {
            "time": "27.02.2021 15:42",
            "open": "16.993",
            "high": "17.024",
            "low": "16.993",
            "close": "16.932"
        },
        {
            "time": "27.02.2021 15:49",
            "open": "16.932",
            "high": "16.932",
            "low": "16.918",
            "close": "16.87"
        },
        {
            "time": "27.02.2021 15:57",
            "open": "16.87",
            "high": "16.884",
            "low": "16.87",
            "close": "16.945"
        },
        {
            "time": "27.02.2021 16:02",
            "open": "16.945",
            "high": "16.945",
            "low": "16.945",
            "close": "16.948"
        },
        {
            "time": "27.02.2021 16:04",
            "open": "16.948",
            "high": "16.957",
            "low": "16.948",
            "close": "17.05"
        },
        {
            "time": "27.02.2021 16:06",
            "open": "17.05",
            "high": "17.05",
            "low": "17.05",
            "close": "16.938"
        },
        {
            "time": "27.02.2021 16:08",
            "open": "16.938",
            "high": "16.938",
            "low": "16.938",
            "close": "17.106"
        },
        {
            "time": "27.02.2021 16:10",
            "open": "17.106",
            "high": "17.106",
            "low": "17.106",
            "close": "17.112"
        },
        {
            "time": "27.02.2021 16:11",
            "open": "17.112",
            "high": "17.112",
            "low": "17.112",
            "close": "17.096"
        },
        {
            "time": "27.02.2021 16:16",
            "open": "17.096",
            "high": "17.096",
            "low": "17.096",
            "close": "17.083"
        },
        {
            "time": "27.02.2021 16:20",
            "open": "17.083",
            "high": "17.083",
            "low": "17.083",
            "close": "17.033"
        },
        {
            "time": "27.02.2021 16:21",
            "open": "17.033",
            "high": "17.034",
            "low": "17.033",
            "close": "16.939"
        },
        {
            "time": "27.02.2021 16:23",
            "open": "16.939",
            "high": "16.939",
            "low": "16.925",
            "close": "16.859"
        },
        {
            "time": "27.02.2021 16:30",
            "open": "16.859",
            "high": "16.859",
            "low": "16.749",
            "close": "16.749"
        },
        {
            "time": "27.02.2021 16:31",
            "open": "16.749",
            "high": "16.749",
            "low": "16.749",
            "close": "16.742"
        },
        {
            "time": "27.02.2021 16:34",
            "open": "16.742",
            "high": "16.742",
            "low": "16.742",
            "close": "16.69"
        },
        {
            "time": "27.02.2021 16:36",
            "open": "16.69",
            "high": "16.69",
            "low": "16.69",
            "close": "16.614"
        },
        {
            "time": "27.02.2021 16:41",
            "open": "16.614",
            "high": "16.614",
            "low": "16.613",
            "close": "16.605"
        },
        {
            "time": "27.02.2021 16:44",
            "open": "16.605",
            "high": "16.605",
            "low": "16.605",
            "close": "16.61"
        },
        {
            "time": "27.02.2021 16:46",
            "open": "16.61",
            "high": "16.61",
            "low": "16.61",
            "close": "16.62"
        },
        {
            "time": "27.02.2021 16:49",
            "open": "16.62",
            "high": "16.62",
            "low": "16.62",
            "close": "16.659"
        },
        {
            "time": "27.02.2021 16:51",
            "open": "16.659",
            "high": "16.659",
            "low": "16.659",
            "close": "16.63"
        },
        {
            "time": "27.02.2021 17:00",
            "open": "16.63",
            "high": "16.63",
            "low": "16.63",
            "close": "16.545"
        },
        {
            "time": "27.02.2021 17:01",
            "open": "16.545",
            "high": "16.545",
            "low": "16.359",
            "close": "16.592"
        },
        {
            "time": "27.02.2021 17:03",
            "open": "16.592",
            "high": "16.693",
            "low": "16.592",
            "close": "16.63"
        },
        {
            "time": "27.02.2021 17:06",
            "open": "16.63",
            "high": "16.63",
            "low": "16.551",
            "close": "16.636"
        },
        {
            "time": "27.02.2021 17:07",
            "open": "16.636",
            "high": "16.636",
            "low": "16.633",
            "close": "16.57"
        },
        {
            "time": "27.02.2021 17:08",
            "open": "16.57",
            "high": "16.57",
            "low": "16.57",
            "close": "16.546"
        },
        {
            "time": "27.02.2021 17:10",
            "open": "16.546",
            "high": "16.546",
            "low": "16.507",
            "close": "16.509"
        },
        {
            "time": "27.02.2021 17:13",
            "open": "16.509",
            "high": "16.509",
            "low": "16.45",
            "close": "16.527"
        },
        {
            "time": "27.02.2021 17:16",
            "open": "16.527",
            "high": "16.527",
            "low": "16.527",
            "close": "16.53"
        },
        {
            "time": "27.02.2021 17:17",
            "open": "16.53",
            "high": "16.556",
            "low": "16.53",
            "close": "16.559"
        },
        {
            "time": "27.02.2021 17:19",
            "open": "16.559",
            "high": "16.559",
            "low": "16.558",
            "close": "16.558"
        },
        {
            "time": "27.02.2021 17:20",
            "open": "16.558",
            "high": "16.563",
            "low": "16.558",
            "close": "16.587"
        },
        {
            "time": "27.02.2021 17:21",
            "open": "16.587",
            "high": "16.603",
            "low": "16.587",
            "close": "16.585"
        },
        {
            "time": "27.02.2021 17:22",
            "open": "16.585",
            "high": "16.593",
            "low": "16.585",
            "close": "16.549"
        },
        {
            "time": "27.02.2021 17:29",
            "open": "16.549",
            "high": "16.588",
            "low": "16.549",
            "close": "16.586"
        },
        {
            "time": "27.02.2021 17:30",
            "open": "16.586",
            "high": "16.587",
            "low": "16.586",
            "close": "16.588"
        },
        {
            "time": "27.02.2021 17:32",
            "open": "16.588",
            "high": "16.588",
            "low": "16.588",
            "close": "16.579"
        },
        {
            "time": "27.02.2021 17:34",
            "open": "16.579",
            "high": "16.579",
            "low": "16.579",
            "close": "16.58"
        },
        {
            "time": "27.02.2021 17:36",
            "open": "16.58",
            "high": "16.58",
            "low": "16.55",
            "close": "16.527"
        },
        {
            "time": "27.02.2021 17:42",
            "open": "16.527",
            "high": "16.527",
            "low": "16.527",
            "close": "16.571"
        },
        {
            "time": "27.02.2021 17:46",
            "open": "16.571",
            "high": "16.571",
            "low": "16.571",
            "close": "16.572"
        },
        {
            "time": "27.02.2021 17:49",
            "open": "16.572",
            "high": "16.572",
            "low": "16.572",
            "close": "16.587"
        },
        {
            "time": "27.02.2021 17:54",
            "open": "16.587",
            "high": "16.587",
            "low": "16.587",
            "close": "16.587"
        },
        {
            "time": "27.02.2021 17:55",
            "open": "16.587",
            "high": "16.587",
            "low": "16.587",
            "close": "16.587"
        },
        {
            "time": "27.02.2021 18:00",
            "open": "16.587",
            "high": "16.587",
            "low": "16.587",
            "close": "16.587"
        },
        {
            "time": "27.02.2021 18:01",
            "open": "16.587",
            "high": "16.587",
            "low": "16.587",
            "close": "16.554"
        },
        {
            "time": "27.02.2021 18:08",
            "open": "16.554",
            "high": "16.556",
            "low": "16.554",
            "close": "16.558"
        },
        {
            "time": "27.02.2021 18:10",
            "open": "16.558",
            "high": "16.57",
            "low": "16.558",
            "close": "16.568"
        },
        {
            "time": "27.02.2021 18:11",
            "open": "16.568",
            "high": "16.568",
            "low": "16.568",
            "close": "16.556"
        },
        {
            "time": "27.02.2021 18:12",
            "open": "16.556",
            "high": "16.556",
            "low": "16.556",
            "close": "16.556"
        },
        {
            "time": "27.02.2021 18:13",
            "open": "16.556",
            "high": "16.556",
            "low": "16.553",
            "close": "16.55"
        },
        {
            "time": "27.02.2021 18:14",
            "open": "16.55",
            "high": "16.559",
            "low": "16.548",
            "close": "16.555"
        },
        {
            "time": "27.02.2021 18:15",
            "open": "16.555",
            "high": "16.555",
            "low": "16.555",
            "close": "16.587"
        },
        {
            "time": "27.02.2021 18:19",
            "open": "16.587",
            "high": "16.7",
            "low": "16.587",
            "close": "16.7"
        },
        {
            "time": "27.02.2021 18:20",
            "open": "16.7",
            "high": "16.773",
            "low": "16.7",
            "close": "16.742"
        },
        {
            "time": "27.02.2021 18:22",
            "open": "16.742",
            "high": "16.742",
            "low": "16.742",
            "close": "16.73"
        },
        {
            "time": "27.02.2021 18:25",
            "open": "16.73",
            "high": "16.73",
            "low": "16.73",
            "close": "16.72"
        },
        {
            "time": "27.02.2021 18:26",
            "open": "16.72",
            "high": "16.72",
            "low": "16.72",
            "close": "16.692"
        },
        {
            "time": "27.02.2021 18:27",
            "open": "16.692",
            "high": "16.692",
            "low": "16.692",
            "close": "16.689"
        },
        {
            "time": "27.02.2021 18:28",
            "open": "16.689",
            "high": "16.689",
            "low": "16.606",
            "close": "16.586"
        },
        {
            "time": "27.02.2021 18:30",
            "open": "16.586",
            "high": "16.586",
            "low": "16.57",
            "close": "16.584"
        },
        {
            "time": "27.02.2021 18:31",
            "open": "16.584",
            "high": "16.584",
            "low": "16.584",
            "close": "16.616"
        },
        {
            "time": "27.02.2021 18:32",
            "open": "16.616",
            "high": "16.616",
            "low": "16.616",
            "close": "16.71"
        },
        {
            "time": "27.02.2021 18:36",
            "open": "16.71",
            "high": "16.711",
            "low": "16.71",
            "close": "16.719"
        },
        {
            "time": "27.02.2021 18:37",
            "open": "16.719",
            "high": "16.771",
            "low": "16.719",
            "close": "16.742"
        },
        {
            "time": "27.02.2021 18:39",
            "open": "16.742",
            "high": "16.742",
            "low": "16.733",
            "close": "16.794"
        },
        {
            "time": "27.02.2021 18:42",
            "open": "16.794",
            "high": "16.871",
            "low": "16.794",
            "close": "16.878"
        },
        {
            "time": "27.02.2021 18:50",
            "open": "16.878",
            "high": "16.878",
            "low": "16.878",
            "close": "16.896"
        },
        {
            "time": "27.02.2021 18:52",
            "open": "16.896",
            "high": "16.927",
            "low": "16.896",
            "close": "16.921"
        },
        {
            "time": "27.02.2021 18:53",
            "open": "16.921",
            "high": "16.921",
            "low": "16.921",
            "close": "16.932"
        },
        {
            "time": "27.02.2021 18:57",
            "open": "16.932",
            "high": "16.932",
            "low": "16.92",
            "close": "16.938"
        },
        {
            "time": "27.02.2021 19:01",
            "open": "16.938",
            "high": "16.972",
            "low": "16.938",
            "close": "17"
        },
        {
            "time": "27.02.2021 19:02",
            "open": "17",
            "high": "17",
            "low": "17",
            "close": "17.029"
        },
        {
            "time": "27.02.2021 19:04",
            "open": "17.029",
            "high": "17.052",
            "low": "17.029",
            "close": "17.068"
        },
        {
            "time": "27.02.2021 19:05",
            "open": "17.068",
            "high": "17.106",
            "low": "16.972",
            "close": "17.018"
        },
        {
            "time": "27.02.2021 19:06",
            "open": "17.018",
            "high": "17.107",
            "low": "17.018",
            "close": "17.093"
        },
        {
            "time": "27.02.2021 19:09",
            "open": "17.093",
            "high": "17.094",
            "low": "17.059",
            "close": "17.063"
        },
        {
            "time": "27.02.2021 19:12",
            "open": "17.063",
            "high": "17.063",
            "low": "17.063",
            "close": "17.074"
        },
        {
            "time": "27.02.2021 19:13",
            "open": "17.074",
            "high": "17.074",
            "low": "17.074",
            "close": "17.088"
        },
        {
            "time": "27.02.2021 19:17",
            "open": "17.088",
            "high": "17.088",
            "low": "17",
            "close": "16.957"
        },
        {
            "time": "27.02.2021 19:18",
            "open": "16.957",
            "high": "16.957",
            "low": "16.946",
            "close": "16.999"
        },
        {
            "time": "27.02.2021 19:22",
            "open": "16.999",
            "high": "16.999",
            "low": "16.999",
            "close": "17"
        },
        {
            "time": "27.02.2021 19:25",
            "open": "17",
            "high": "17",
            "low": "17",
            "close": "16.979"
        },
        {
            "time": "27.02.2021 19:27",
            "open": "16.979",
            "high": "17",
            "low": "16.979",
            "close": "17"
        },
        {
            "time": "27.02.2021 19:28",
            "open": "17",
            "high": "17",
            "low": "17",
            "close": "17.092"
        },
        {
            "time": "27.02.2021 19:36",
            "open": "17.092",
            "high": "17.095",
            "low": "17.092",
            "close": "17.135"
        },
        {
            "time": "27.02.2021 19:41",
            "open": "17.135",
            "high": "17.135",
            "low": "17.135",
            "close": "17.128"
        },
        {
            "time": "27.02.2021 19:43",
            "open": "17.128",
            "high": "17.128",
            "low": "17.128",
            "close": "17.131"
        },
        {
            "time": "27.02.2021 19:46",
            "open": "17.131",
            "high": "17.131",
            "low": "17.131",
            "close": "17"
        },
        {
            "time": "27.02.2021 19:48",
            "open": "17",
            "high": "17",
            "low": "17",
            "close": "16.955"
        },
        {
            "time": "27.02.2021 19:49",
            "open": "16.955",
            "high": "16.955",
            "low": "16.938",
            "close": "17.005"
        },
        {
            "time": "27.02.2021 19:51",
            "open": "17.005",
            "high": "17.005",
            "low": "17.003",
            "close": "17.003"
        },
        {
            "time": "27.02.2021 19:54",
            "open": "17.003",
            "high": "17.003",
            "low": "17.002",
            "close": "16.955"
        },
        {
            "time": "27.02.2021 19:55",
            "open": "16.955",
            "high": "16.98",
            "low": "16.955",
            "close": "16.973"
        },
        {
            "time": "27.02.2021 19:56",
            "open": "16.973",
            "high": "16.973",
            "low": "16.973",
            "close": "17.067"
        },
        {
            "time": "27.02.2021 20:00",
            "open": "17.067",
            "high": "17.067",
            "low": "17.067",
            "close": "17.15"
        },
        {
            "time": "27.02.2021 20:01",
            "open": "17.15",
            "high": "17.15",
            "low": "17.15",
            "close": "17.169"
        },
        {
            "time": "27.02.2021 20:05",
            "open": "17.169",
            "high": "17.2",
            "low": "17.169",
            "close": "17.186"
        },
        {
            "time": "27.02.2021 20:06",
            "open": "17.186",
            "high": "17.186",
            "low": "17.175",
            "close": "17.186"
        },
        {
            "time": "27.02.2021 20:07",
            "open": "17.186",
            "high": "17.212",
            "low": "17.186",
            "close": "17.221"
        },
        {
            "time": "27.02.2021 20:08",
            "open": "17.221",
            "high": "17.271",
            "low": "17.221",
            "close": "17.276"
        },
        {
            "time": "27.02.2021 20:09",
            "open": "17.276",
            "high": "17.342",
            "low": "17.276",
            "close": "17.333"
        },
        {
            "time": "27.02.2021 20:12",
            "open": "17.333",
            "high": "17.333",
            "low": "17.333",
            "close": "17.3"
        },
        {
            "time": "27.02.2021 20:13",
            "open": "17.3",
            "high": "17.3",
            "low": "17.3",
            "close": "17.33"
        },
        {
            "time": "27.02.2021 20:14",
            "open": "17.33",
            "high": "17.33",
            "low": "17.33",
            "close": "17.341"
        },
        {
            "time": "27.02.2021 20:21",
            "open": "17.341",
            "high": "17.341",
            "low": "17.341",
            "close": "17.357"
        },
        {
            "time": "27.02.2021 20:22",
            "open": "17.357",
            "high": "17.357",
            "low": "17.357",
            "close": "17.386"
        },
        {
            "time": "27.02.2021 20:24",
            "open": "17.386",
            "high": "17.389",
            "low": "17.369",
            "close": "17.35"
        },
        {
            "time": "27.02.2021 20:26",
            "open": "17.35",
            "high": "17.35",
            "low": "17.309",
            "close": "17.249"
        },
        {
            "time": "27.02.2021 20:31",
            "open": "17.249",
            "high": "17.249",
            "low": "17.249",
            "close": "17.311"
        },
        {
            "time": "27.02.2021 20:32",
            "open": "17.311",
            "high": "17.32",
            "low": "17.311",
            "close": "17.311"
        },
        {
            "time": "27.02.2021 20:33",
            "open": "17.311",
            "high": "17.311",
            "low": "17.311",
            "close": "17.32"
        },
        {
            "time": "27.02.2021 20:42",
            "open": "17.32",
            "high": "17.32",
            "low": "17.32",
            "close": "17.363"
        },
        {
            "time": "27.02.2021 20:43",
            "open": "17.363",
            "high": "17.363",
            "low": "17.363",
            "close": "17.381"
        },
        {
            "time": "27.02.2021 20:44",
            "open": "17.381",
            "high": "17.381",
            "low": "17.381",
            "close": "17.391"
        },
        {
            "time": "27.02.2021 20:46",
            "open": "17.391",
            "high": "17.391",
            "low": "17.391",
            "close": "17.4"
        },
        {
            "time": "27.02.2021 20:47",
            "open": "17.4",
            "high": "17.541",
            "low": "17.4",
            "close": "17.55"
        },
        {
            "time": "27.02.2021 20:48",
            "open": "17.55",
            "high": "17.55",
            "low": "17.427",
            "close": "17.538"
        },
        {
            "time": "27.02.2021 20:49",
            "open": "17.538",
            "high": "17.538",
            "low": "17.502",
            "close": "17.548"
        },
        {
            "time": "27.02.2021 20:50",
            "open": "17.548",
            "high": "17.549",
            "low": "17.548",
            "close": "17.549"
        },
        {
            "time": "27.02.2021 20:52",
            "open": "17.549",
            "high": "17.64",
            "low": "17.549",
            "close": "17.684"
        },
        {
            "time": "27.02.2021 20:53",
            "open": "17.684",
            "high": "17.684",
            "low": "17.668",
            "close": "17.637"
        },
        {
            "time": "27.02.2021 20:54",
            "open": "17.637",
            "high": "17.637",
            "low": "17.637",
            "close": "17.677"
        },
        {
            "time": "27.02.2021 20:55",
            "open": "17.677",
            "high": "17.762",
            "low": "17.677",
            "close": "17.7"
        },
        {
            "time": "27.02.2021 20:58",
            "open": "17.7",
            "high": "17.7",
            "low": "17.699",
            "close": "17.7"
        },
        {
            "time": "27.02.2021 20:59",
            "open": "17.7",
            "high": "17.769",
            "low": "17.7",
            "close": "17.769"
        },
        {
            "time": "27.02.2021 21:00",
            "open": "17.769",
            "high": "17.826",
            "low": "17.769",
            "close": "17.828"
        },
        {
            "time": "27.02.2021 21:01",
            "open": "17.828",
            "high": "17.828",
            "low": "17.828",
            "close": "17.817"
        },
        {
            "time": "27.02.2021 21:03",
            "open": "17.817",
            "high": "17.817",
            "low": "17.742",
            "close": "17.766"
        },
        {
            "time": "27.02.2021 21:04",
            "open": "17.766",
            "high": "17.828",
            "low": "17.766",
            "close": "17.764"
        },
        {
            "time": "27.02.2021 21:05",
            "open": "17.764",
            "high": "17.764",
            "low": "17.762",
            "close": "17.764"
        },
        {
            "time": "27.02.2021 21:06",
            "open": "17.764",
            "high": "17.805",
            "low": "17.755",
            "close": "17.772"
        },
        {
            "time": "27.02.2021 21:07",
            "open": "17.772",
            "high": "17.774",
            "low": "17.713",
            "close": "17.679"
        },
        {
            "time": "27.02.2021 21:08",
            "open": "17.679",
            "high": "17.688",
            "low": "17.678",
            "close": "17.638"
        },
        {
            "time": "27.02.2021 21:10",
            "open": "17.638",
            "high": "17.638",
            "low": "17.627",
            "close": "17.596"
        },
        {
            "time": "27.02.2021 21:11",
            "open": "17.596",
            "high": "17.596",
            "low": "17.596",
            "close": "17.595"
        },
        {
            "time": "27.02.2021 21:12",
            "open": "17.595",
            "high": "17.595",
            "low": "17.595",
            "close": "17.613"
        },
        {
            "time": "27.02.2021 21:14",
            "open": "17.613",
            "high": "17.658",
            "low": "17.595",
            "close": "17.651"
        },
        {
            "time": "27.02.2021 21:16",
            "open": "17.651",
            "high": "17.651",
            "low": "17.65",
            "close": "17.681"
        },
        {
            "time": "27.02.2021 21:17",
            "open": "17.681",
            "high": "17.681",
            "low": "17.651",
            "close": "17.627"
        },
        {
            "time": "27.02.2021 21:19",
            "open": "17.627",
            "high": "17.692",
            "low": "17.627",
            "close": "17.623"
        },
        {
            "time": "27.02.2021 21:22",
            "open": "17.623",
            "high": "17.623",
            "low": "17.623",
            "close": "17.676"
        },
        {
            "time": "27.02.2021 21:24",
            "open": "17.676",
            "high": "17.825",
            "low": "17.676",
            "close": "17.837"
        },
        {
            "time": "27.02.2021 21:25",
            "open": "17.837",
            "high": "17.899",
            "low": "17.821",
            "close": "17.893"
        },
        {
            "time": "27.02.2021 21:26",
            "open": "17.893",
            "high": "17.9",
            "low": "17.893",
            "close": "17.9"
        },
        {
            "time": "27.02.2021 21:28",
            "open": "17.9",
            "high": "17.9",
            "low": "17.9",
            "close": "17.936"
        },
        {
            "time": "27.02.2021 21:29",
            "open": "17.936",
            "high": "17.936",
            "low": "17.923",
            "close": "17.915"
        },
        {
            "time": "27.02.2021 21:31",
            "open": "17.915",
            "high": "17.915",
            "low": "17.915",
            "close": "17.944"
        },
        {
            "time": "27.02.2021 21:34",
            "open": "17.944",
            "high": "17.981",
            "low": "17.944",
            "close": "17.974"
        },
        {
            "time": "27.02.2021 21:35",
            "open": "17.974",
            "high": "17.974",
            "low": "17.974",
            "close": "17.939"
        },
        {
            "time": "27.02.2021 21:36",
            "open": "17.939",
            "high": "17.939",
            "low": "17.939",
            "close": "17.919"
        },
        {
            "time": "27.02.2021 21:37",
            "open": "17.919",
            "high": "17.919",
            "low": "17.89",
            "close": "17.92"
        },
        {
            "time": "27.02.2021 21:38",
            "open": "17.92",
            "high": "17.923",
            "low": "17.92",
            "close": "17.9"
        },
        {
            "time": "27.02.2021 21:40",
            "open": "17.9",
            "high": "17.901",
            "low": "17.766",
            "close": "17.72"
        },
        {
            "time": "27.02.2021 21:41",
            "open": "17.72",
            "high": "17.72",
            "low": "17.671",
            "close": "17.613"
        },
        {
            "time": "27.02.2021 21:42",
            "open": "17.613",
            "high": "17.613",
            "low": "17.497",
            "close": "17.469"
        },
        {
            "time": "27.02.2021 21:43",
            "open": "17.469",
            "high": "17.478",
            "low": "17.342",
            "close": "17.343"
        },
        {
            "time": "27.02.2021 21:44",
            "open": "17.343",
            "high": "17.434",
            "low": "17.343",
            "close": "17.419"
        },
        {
            "time": "27.02.2021 21:45",
            "open": "17.419",
            "high": "17.424",
            "low": "17.419",
            "close": "17.472"
        },
        {
            "time": "27.02.2021 21:46",
            "open": "17.472",
            "high": "17.472",
            "low": "17.472",
            "close": "17.481"
        },
        {
            "time": "27.02.2021 21:47",
            "open": "17.481",
            "high": "17.559",
            "low": "17.481",
            "close": "17.552"
        },
        {
            "time": "27.02.2021 21:48",
            "open": "17.552",
            "high": "17.613",
            "low": "17.552",
            "close": "17.613"
        },
        {
            "time": "27.02.2021 21:50",
            "open": "17.613",
            "high": "17.613",
            "low": "17.613",
            "close": "17.613"
        },
        {
            "time": "27.02.2021 21:51",
            "open": "17.613",
            "high": "17.613",
            "low": "17.611",
            "close": "17.581"
        },
        {
            "time": "27.02.2021 21:52",
            "open": "17.581",
            "high": "17.581",
            "low": "17.581",
            "close": "17.555"
        },
        {
            "time": "27.02.2021 21:53",
            "open": "17.555",
            "high": "17.559",
            "low": "17.555",
            "close": "17.554"
        },
        {
            "time": "27.02.2021 21:54",
            "open": "17.554",
            "high": "17.569",
            "low": "17.552",
            "close": "17.552"
        },
        {
            "time": "27.02.2021 21:56",
            "open": "17.552",
            "high": "17.552",
            "low": "17.552",
            "close": "17.529"
        },
        {
            "time": "27.02.2021 21:57",
            "open": "17.529",
            "high": "17.529",
            "low": "17.529",
            "close": "17.496"
        },
        {
            "time": "27.02.2021 22:01",
            "open": "17.496",
            "high": "17.496",
            "low": "17.496",
            "close": "17.533"
        },
        {
            "time": "27.02.2021 22:02",
            "open": "17.533",
            "high": "17.533",
            "low": "17.531",
            "close": "17.529"
        },
        {
            "time": "27.02.2021 22:03",
            "open": "17.529",
            "high": "17.533",
            "low": "17.529",
            "close": "17.514"
        },
        {
            "time": "27.02.2021 22:05",
            "open": "17.514",
            "high": "17.514",
            "low": "17.513",
            "close": "17.59"
        },
        {
            "time": "27.02.2021 22:15",
            "open": "17.59",
            "high": "17.62",
            "low": "17.59",
            "close": "17.699"
        },
        {
            "time": "27.02.2021 22:17",
            "open": "17.699",
            "high": "17.705",
            "low": "17.659",
            "close": "17.64"
        },
        {
            "time": "27.02.2021 22:18",
            "open": "17.64",
            "high": "17.64",
            "low": "17.64",
            "close": "17.628"
        },
        {
            "time": "27.02.2021 22:25",
            "open": "17.628",
            "high": "17.628",
            "low": "17.628",
            "close": "17.617"
        },
        {
            "time": "27.02.2021 22:30",
            "open": "17.617",
            "high": "17.617",
            "low": "17.541",
            "close": "17.576"
        },
        {
            "time": "27.02.2021 22:33",
            "open": "17.576",
            "high": "17.577",
            "low": "17.576",
            "close": "17.551"
        },
        {
            "time": "27.02.2021 22:39",
            "open": "17.551",
            "high": "17.551",
            "low": "17.55",
            "close": "17.531"
        },
        {
            "time": "27.02.2021 22:42",
            "open": "17.531",
            "high": "17.532",
            "low": "17.529",
            "close": "17.524"
        },
        {
            "time": "27.02.2021 22:43",
            "open": "17.524",
            "high": "17.524",
            "low": "17.521",
            "close": "17.5"
        },
        {
            "time": "27.02.2021 22:49",
            "open": "17.5",
            "high": "17.503",
            "low": "17.5",
            "close": "17.485"
        },
        {
            "time": "27.02.2021 22:52",
            "open": "17.485",
            "high": "17.486",
            "low": "17.45",
            "close": "17.52"
        },
        {
            "time": "27.02.2021 22:54",
            "open": "17.52",
            "high": "17.52",
            "low": "17.52",
            "close": "17.657"
        },
        {
            "time": "27.02.2021 23:05",
            "open": "17.657",
            "high": "17.657",
            "low": "17.653",
            "close": "17.65"
        },
        {
            "time": "27.02.2021 23:06",
            "open": "17.65",
            "high": "17.65",
            "low": "17.65",
            "close": "17.655"
        },
        {
            "time": "27.02.2021 23:07",
            "open": "17.655",
            "high": "17.655",
            "low": "17.655",
            "close": "17.741"
        },
        {
            "time": "27.02.2021 23:13",
            "open": "17.741",
            "high": "17.741",
            "low": "17.741",
            "close": "17.716"
        },
        {
            "time": "27.02.2021 23:14",
            "open": "17.716",
            "high": "17.716",
            "low": "17.716",
            "close": "17.751"
        },
        {
            "time": "27.02.2021 23:16",
            "open": "17.751",
            "high": "17.755",
            "low": "17.751",
            "close": "17.62"
        },
        {
            "time": "27.02.2021 23:18",
            "open": "17.62",
            "high": "17.62",
            "low": "17.573",
            "close": "17.507"
        },
        {
            "time": "27.02.2021 23:19",
            "open": "17.507",
            "high": "17.507",
            "low": "17.485",
            "close": "17.592"
        },
        {
            "time": "27.02.2021 23:21",
            "open": "17.592",
            "high": "17.659",
            "low": "17.592",
            "close": "17.659"
        },
        {
            "time": "27.02.2021 23:23",
            "open": "17.659",
            "high": "17.659",
            "low": "17.659",
            "close": "17.519"
        },
        {
            "time": "27.02.2021 23:28",
            "open": "17.519",
            "high": "17.519",
            "low": "17.392",
            "close": "17.495"
        },
        {
            "time": "27.02.2021 23:29",
            "open": "17.495",
            "high": "17.495",
            "low": "17.484",
            "close": "17.487"
        },
        {
            "time": "27.02.2021 23:30",
            "open": "17.487",
            "high": "17.487",
            "low": "17.393",
            "close": "17.413"
        },
        {
            "time": "27.02.2021 23:31",
            "open": "17.413",
            "high": "17.413",
            "low": "17.413",
            "close": "17.415"
        },
        {
            "time": "27.02.2021 23:32",
            "open": "17.415",
            "high": "17.42",
            "low": "17.415",
            "close": "17.42"
        },
        {
            "time": "27.02.2021 23:36",
            "open": "17.42",
            "high": "17.42",
            "low": "17.42",
            "close": "17.429"
        },
        {
            "time": "27.02.2021 23:37",
            "open": "17.429",
            "high": "17.429",
            "low": "17.429",
            "close": "17.49"
        },
        {
            "time": "27.02.2021 23:40",
            "open": "17.49",
            "high": "17.504",
            "low": "17.49",
            "close": "17.5"
        },
        {
            "time": "27.02.2021 23:41",
            "open": "17.5",
            "high": "17.5",
            "low": "17.5",
            "close": "17.501"
        },
        {
            "time": "27.02.2021 23:42",
            "open": "17.501",
            "high": "17.501",
            "low": "17.501",
            "close": "17.486"
        },
        {
            "time": "27.02.2021 23:43",
            "open": "17.486",
            "high": "17.486",
            "low": "17.486",
            "close": "17.473"
        },
        {
            "time": "27.02.2021 23:44",
            "open": "17.473",
            "high": "17.491",
            "low": "17.334",
            "close": "17.469"
        },
        {
            "time": "27.02.2021 23:45",
            "open": "17.469",
            "high": "17.469",
            "low": "17.448",
            "close": "17.448"
        },
        {
            "time": "27.02.2021 23:49",
            "open": "17.448",
            "high": "17.448",
            "low": "17.448",
            "close": "17.418"
        },
        {
            "time": "27.02.2021 23:51",
            "open": "17.418",
            "high": "17.418",
            "low": "17.418",
            "close": "17.358"
        },
        {
            "time": "27.02.2021 23:52",
            "open": "17.358",
            "high": "17.358",
            "low": "17.213",
            "close": "17.185"
        },
        {
            "time": "27.02.2021 23:53",
            "open": "17.185",
            "high": "17.244",
            "low": "17.185",
            "close": "17.189"
        },
        {
            "time": "27.02.2021 23:54",
            "open": "17.189",
            "high": "17.194",
            "low": "17.189",
            "close": "17.208"
        },
        {
            "time": "27.02.2021 23:55",
            "open": "17.208",
            "high": "17.208",
            "low": "17.188",
            "close": "17.125"
        },
        {
            "time": "27.02.2021 23:58",
            "open": "17.125",
            "high": "17.125",
            "low": "16.974",
            "close": "16.974"
        }
    ]
}