{
    "UMA-EUR": [
        {
            "time": "28.07.2021 23:38",
            "open": "7.202",
            "high": "7.202",
            "low": "7.202",
            "close": "7.201"
        },
        {
            "time": "29.07.2021 00:04",
            "open": "7.201",
            "high": "7.201",
            "low": "7.201",
            "close": "7.2"
        },
        {
            "time": "29.07.2021 00:07",
            "open": "7.2",
            "high": "7.2",
            "low": "7.2",
            "close": "7.207"
        },
        {
            "time": "29.07.2021 00:08",
            "open": "7.207",
            "high": "7.207",
            "low": "7.204",
            "close": "7.21"
        },
        {
            "time": "29.07.2021 00:16",
            "open": "7.21",
            "high": "7.215",
            "low": "7.21",
            "close": "7.22"
        },
        {
            "time": "29.07.2021 00:17",
            "open": "7.22",
            "high": "7.22",
            "low": "7.217",
            "close": "7.217"
        },
        {
            "time": "29.07.2021 00:20",
            "open": "7.217",
            "high": "7.217",
            "low": "7.217",
            "close": "7.225"
        },
        {
            "time": "29.07.2021 00:24",
            "open": "7.225",
            "high": "7.225",
            "low": "7.225",
            "close": "7.195"
        },
        {
            "time": "29.07.2021 00:31",
            "open": "7.195",
            "high": "7.195",
            "low": "7.195",
            "close": "7.195"
        },
        {
            "time": "29.07.2021 00:35",
            "open": "7.195",
            "high": "7.195",
            "low": "7.19",
            "close": "7.202"
        },
        {
            "time": "29.07.2021 00:42",
            "open": "7.202",
            "high": "7.204",
            "low": "7.202",
            "close": "7.19"
        },
        {
            "time": "29.07.2021 00:45",
            "open": "7.19",
            "high": "7.19",
            "low": "7.19",
            "close": "7.19"
        },
        {
            "time": "29.07.2021 00:47",
            "open": "7.19",
            "high": "7.19",
            "low": "7.18",
            "close": "7.175"
        },
        {
            "time": "29.07.2021 00:48",
            "open": "7.175",
            "high": "7.175",
            "low": "7.15",
            "close": "7.15"
        },
        {
            "time": "29.07.2021 00:49",
            "open": "7.15",
            "high": "7.15",
            "low": "7.15",
            "close": "7.15"
        },
        {
            "time": "29.07.2021 00:52",
            "open": "7.15",
            "high": "7.15",
            "low": "7.15",
            "close": "7.177"
        },
        {
            "time": "29.07.2021 01:08",
            "open": "7.177",
            "high": "7.19",
            "low": "7.177",
            "close": "7.195"
        },
        {
            "time": "29.07.2021 01:09",
            "open": "7.195",
            "high": "7.2",
            "low": "7.195",
            "close": "7.205"
        },
        {
            "time": "29.07.2021 01:18",
            "open": "7.205",
            "high": "7.205",
            "low": "7.205",
            "close": "7.21"
        },
        {
            "time": "29.07.2021 01:19",
            "open": "7.21",
            "high": "7.253",
            "low": "7.21",
            "close": "7.248"
        },
        {
            "time": "29.07.2021 01:21",
            "open": "7.248",
            "high": "7.248",
            "low": "7.236",
            "close": "7.22"
        },
        {
            "time": "29.07.2021 01:23",
            "open": "7.22",
            "high": "7.22",
            "low": "7.22",
            "close": "7.22"
        },
        {
            "time": "29.07.2021 01:24",
            "open": "7.22",
            "high": "7.22",
            "low": "7.205",
            "close": "7.205"
        },
        {
            "time": "29.07.2021 01:25",
            "open": "7.205",
            "high": "7.205",
            "low": "7.19",
            "close": "7.225"
        },
        {
            "time": "29.07.2021 01:28",
            "open": "7.225",
            "high": "7.225",
            "low": "7.225",
            "close": "7.204"
        },
        {
            "time": "29.07.2021 01:33",
            "open": "7.204",
            "high": "7.204",
            "low": "7.204",
            "close": "7.195"
        },
        {
            "time": "29.07.2021 01:35",
            "open": "7.195",
            "high": "7.195",
            "low": "7.195",
            "close": "7.195"
        },
        {
            "time": "29.07.2021 01:37",
            "open": "7.195",
            "high": "7.195",
            "low": "7.186",
            "close": "7.22"
        },
        {
            "time": "29.07.2021 01:47",
            "open": "7.22",
            "high": "7.225",
            "low": "7.22",
            "close": "7.23"
        },
        {
            "time": "29.07.2021 01:49",
            "open": "7.23",
            "high": "7.23",
            "low": "7.23",
            "close": "7.23"
        },
        {
            "time": "29.07.2021 02:01",
            "open": "7.23",
            "high": "7.235",
            "low": "7.23",
            "close": "7.223"
        },
        {
            "time": "29.07.2021 02:02",
            "open": "7.223",
            "high": "7.223",
            "low": "7.205",
            "close": "7.205"
        },
        {
            "time": "29.07.2021 02:03",
            "open": "7.205",
            "high": "7.205",
            "low": "7.205",
            "close": "7.2"
        },
        {
            "time": "29.07.2021 02:04",
            "open": "7.2",
            "high": "7.2",
            "low": "7.18",
            "close": "7.206"
        },
        {
            "time": "29.07.2021 02:11",
            "open": "7.206",
            "high": "7.219",
            "low": "7.206",
            "close": "7.194"
        },
        {
            "time": "29.07.2021 02:13",
            "open": "7.194",
            "high": "7.197",
            "low": "7.194",
            "close": "7.195"
        },
        {
            "time": "29.07.2021 02:14",
            "open": "7.195",
            "high": "7.24",
            "low": "7.194",
            "close": "7.226"
        },
        {
            "time": "29.07.2021 02:19",
            "open": "7.226",
            "high": "7.226",
            "low": "7.226",
            "close": "7.21"
        },
        {
            "time": "29.07.2021 02:21",
            "open": "7.21",
            "high": "7.21",
            "low": "7.21",
            "close": "7.21"
        },
        {
            "time": "29.07.2021 02:24",
            "open": "7.21",
            "high": "7.21",
            "low": "7.2",
            "close": "7.2"
        },
        {
            "time": "29.07.2021 02:25",
            "open": "7.2",
            "high": "7.2",
            "low": "7.19",
            "close": "7.19"
        },
        {
            "time": "29.07.2021 02:35",
            "open": "7.19",
            "high": "7.19",
            "low": "7.185",
            "close": "7.18"
        },
        {
            "time": "29.07.2021 02:37",
            "open": "7.18",
            "high": "7.18",
            "low": "7.175",
            "close": "7.178"
        },
        {
            "time": "29.07.2021 02:38",
            "open": "7.178",
            "high": "7.178",
            "low": "7.178",
            "close": "7.175"
        },
        {
            "time": "29.07.2021 02:55",
            "open": "7.175",
            "high": "7.175",
            "low": "7.17",
            "close": "7.17"
        },
        {
            "time": "29.07.2021 02:56",
            "open": "7.17",
            "high": "7.17",
            "low": "7.165",
            "close": "7.165"
        },
        {
            "time": "29.07.2021 02:59",
            "open": "7.165",
            "high": "7.165",
            "low": "7.155",
            "close": "7.182"
        },
        {
            "time": "29.07.2021 03:06",
            "open": "7.182",
            "high": "7.195",
            "low": "7.182",
            "close": "7.2"
        },
        {
            "time": "29.07.2021 03:07",
            "open": "7.2",
            "high": "7.2",
            "low": "7.2",
            "close": "7.205"
        },
        {
            "time": "29.07.2021 03:08",
            "open": "7.205",
            "high": "7.205",
            "low": "7.205",
            "close": "7.175"
        },
        {
            "time": "29.07.2021 03:11",
            "open": "7.175",
            "high": "7.175",
            "low": "7.175",
            "close": "7.175"
        },
        {
            "time": "29.07.2021 03:13",
            "open": "7.175",
            "high": "7.175",
            "low": "7.175",
            "close": "7.175"
        },
        {
            "time": "29.07.2021 03:21",
            "open": "7.175",
            "high": "7.175",
            "low": "7.17",
            "close": "7.17"
        },
        {
            "time": "29.07.2021 03:22",
            "open": "7.17",
            "high": "7.17",
            "low": "7.16",
            "close": "7.155"
        },
        {
            "time": "29.07.2021 03:23",
            "open": "7.155",
            "high": "7.155",
            "low": "7.145",
            "close": "7.145"
        },
        {
            "time": "29.07.2021 03:25",
            "open": "7.145",
            "high": "7.145",
            "low": "7.14",
            "close": "7.165"
        },
        {
            "time": "29.07.2021 03:26",
            "open": "7.165",
            "high": "7.178",
            "low": "7.165",
            "close": "7.18"
        },
        {
            "time": "29.07.2021 03:47",
            "open": "7.18",
            "high": "7.19",
            "low": "7.18",
            "close": "7.195"
        },
        {
            "time": "29.07.2021 03:49",
            "open": "7.195",
            "high": "7.195",
            "low": "7.195",
            "close": "7.2"
        },
        {
            "time": "29.07.2021 03:56",
            "open": "7.2",
            "high": "7.2",
            "low": "7.2",
            "close": "7.204"
        },
        {
            "time": "29.07.2021 04:03",
            "open": "7.204",
            "high": "7.21",
            "low": "7.204",
            "close": "7.215"
        },
        {
            "time": "29.07.2021 04:06",
            "open": "7.215",
            "high": "7.215",
            "low": "7.215",
            "close": "7.22"
        },
        {
            "time": "29.07.2021 04:08",
            "open": "7.22",
            "high": "7.22",
            "low": "7.22",
            "close": "7.225"
        },
        {
            "time": "29.07.2021 04:09",
            "open": "7.225",
            "high": "7.225",
            "low": "7.225",
            "close": "7.225"
        },
        {
            "time": "29.07.2021 04:11",
            "open": "7.225",
            "high": "7.225",
            "low": "7.225",
            "close": "7.23"
        },
        {
            "time": "29.07.2021 04:13",
            "open": "7.23",
            "high": "7.242",
            "low": "7.23",
            "close": "7.245"
        },
        {
            "time": "29.07.2021 04:14",
            "open": "7.245",
            "high": "7.26",
            "low": "7.245",
            "close": "7.265"
        },
        {
            "time": "29.07.2021 04:15",
            "open": "7.265",
            "high": "7.27",
            "low": "7.265",
            "close": "7.275"
        },
        {
            "time": "29.07.2021 04:24",
            "open": "7.275",
            "high": "7.275",
            "low": "7.275",
            "close": "7.28"
        },
        {
            "time": "29.07.2021 04:25",
            "open": "7.28",
            "high": "7.28",
            "low": "7.28",
            "close": "7.281"
        },
        {
            "time": "29.07.2021 04:26",
            "open": "7.281",
            "high": "7.281",
            "low": "7.281",
            "close": "7.281"
        },
        {
            "time": "29.07.2021 04:36",
            "open": "7.281",
            "high": "7.289",
            "low": "7.281",
            "close": "7.29"
        },
        {
            "time": "29.07.2021 04:37",
            "open": "7.29",
            "high": "7.305",
            "low": "7.29",
            "close": "7.304"
        },
        {
            "time": "29.07.2021 04:39",
            "open": "7.304",
            "high": "7.304",
            "low": "7.304",
            "close": "7.309"
        },
        {
            "time": "29.07.2021 04:49",
            "open": "7.309",
            "high": "7.309",
            "low": "7.309",
            "close": "7.275"
        },
        {
            "time": "29.07.2021 05:00",
            "open": "7.275",
            "high": "7.275",
            "low": "7.27",
            "close": "7.305"
        },
        {
            "time": "29.07.2021 05:06",
            "open": "7.305",
            "high": "7.305",
            "low": "7.305",
            "close": "7.282"
        },
        {
            "time": "29.07.2021 05:29",
            "open": "7.282",
            "high": "7.284",
            "low": "7.282",
            "close": "7.31"
        },
        {
            "time": "29.07.2021 05:53",
            "open": "7.31",
            "high": "7.313",
            "low": "7.31",
            "close": "7.297"
        },
        {
            "time": "29.07.2021 06:03",
            "open": "7.297",
            "high": "7.297",
            "low": "7.297",
            "close": "7.315"
        },
        {
            "time": "29.07.2021 06:05",
            "open": "7.315",
            "high": "7.32",
            "low": "7.315",
            "close": "7.319"
        },
        {
            "time": "29.07.2021 06:06",
            "open": "7.319",
            "high": "7.319",
            "low": "7.318",
            "close": "7.325"
        },
        {
            "time": "29.07.2021 06:07",
            "open": "7.325",
            "high": "7.325",
            "low": "7.325",
            "close": "7.33"
        },
        {
            "time": "29.07.2021 06:25",
            "open": "7.33",
            "high": "7.345",
            "low": "7.33",
            "close": "7.35"
        },
        {
            "time": "29.07.2021 06:28",
            "open": "7.35",
            "high": "7.355",
            "low": "7.35",
            "close": "7.36"
        },
        {
            "time": "29.07.2021 06:31",
            "open": "7.36",
            "high": "7.36",
            "low": "7.36",
            "close": "7.365"
        },
        {
            "time": "29.07.2021 06:32",
            "open": "7.365",
            "high": "7.37",
            "low": "7.36",
            "close": "7.375"
        },
        {
            "time": "29.07.2021 06:33",
            "open": "7.375",
            "high": "7.375",
            "low": "7.375",
            "close": "7.38"
        },
        {
            "time": "29.07.2021 06:35",
            "open": "7.38",
            "high": "7.395",
            "low": "7.38",
            "close": "7.4"
        },
        {
            "time": "29.07.2021 06:38",
            "open": "7.4",
            "high": "7.4",
            "low": "7.4",
            "close": "7.405"
        },
        {
            "time": "29.07.2021 06:39",
            "open": "7.405",
            "high": "7.43",
            "low": "7.405",
            "close": "7.435"
        },
        {
            "time": "29.07.2021 06:40",
            "open": "7.435",
            "high": "7.445",
            "low": "7.435",
            "close": "7.45"
        },
        {
            "time": "29.07.2021 06:41",
            "open": "7.45",
            "high": "7.475",
            "low": "7.45",
            "close": "7.48"
        },
        {
            "time": "29.07.2021 06:42",
            "open": "7.48",
            "high": "7.48",
            "low": "7.48",
            "close": "7.485"
        },
        {
            "time": "29.07.2021 06:43",
            "open": "7.485",
            "high": "7.53",
            "low": "7.485",
            "close": "7.51"
        },
        {
            "time": "29.07.2021 06:44",
            "open": "7.51",
            "high": "7.51",
            "low": "7.51",
            "close": "7.522"
        },
        {
            "time": "29.07.2021 06:45",
            "open": "7.522",
            "high": "7.55",
            "low": "7.522",
            "close": "7.549"
        },
        {
            "time": "29.07.2021 06:46",
            "open": "7.549",
            "high": "7.557",
            "low": "7.541",
            "close": "7.56"
        },
        {
            "time": "29.07.2021 06:47",
            "open": "7.56",
            "high": "7.56",
            "low": "7.56",
            "close": "7.551"
        },
        {
            "time": "29.07.2021 06:48",
            "open": "7.551",
            "high": "7.551",
            "low": "7.53",
            "close": "7.53"
        },
        {
            "time": "29.07.2021 06:50",
            "open": "7.53",
            "high": "7.53",
            "low": "7.49",
            "close": "7.49"
        },
        {
            "time": "29.07.2021 06:51",
            "open": "7.49",
            "high": "7.49",
            "low": "7.485",
            "close": "7.491"
        },
        {
            "time": "29.07.2021 06:52",
            "open": "7.491",
            "high": "7.491",
            "low": "7.491",
            "close": "7.488"
        },
        {
            "time": "29.07.2021 06:55",
            "open": "7.488",
            "high": "7.488",
            "low": "7.488",
            "close": "7.506"
        },
        {
            "time": "29.07.2021 07:00",
            "open": "7.506",
            "high": "7.507",
            "low": "7.506",
            "close": "7.512"
        },
        {
            "time": "29.07.2021 07:02",
            "open": "7.512",
            "high": "7.512",
            "low": "7.512",
            "close": "7.501"
        },
        {
            "time": "29.07.2021 07:05",
            "open": "7.501",
            "high": "7.501",
            "low": "7.501",
            "close": "7.485"
        },
        {
            "time": "29.07.2021 07:07",
            "open": "7.485",
            "high": "7.485",
            "low": "7.48",
            "close": "7.475"
        },
        {
            "time": "29.07.2021 07:08",
            "open": "7.475",
            "high": "7.475",
            "low": "7.455",
            "close": "7.458"
        },
        {
            "time": "29.07.2021 07:09",
            "open": "7.458",
            "high": "7.46",
            "low": "7.458",
            "close": "7.46"
        },
        {
            "time": "29.07.2021 07:10",
            "open": "7.46",
            "high": "7.46",
            "low": "7.46",
            "close": "7.46"
        },
        {
            "time": "29.07.2021 07:12",
            "open": "7.46",
            "high": "7.46",
            "low": "7.46",
            "close": "7.455"
        },
        {
            "time": "29.07.2021 07:13",
            "open": "7.455",
            "high": "7.455",
            "low": "7.435",
            "close": "7.435"
        },
        {
            "time": "29.07.2021 07:15",
            "open": "7.435",
            "high": "7.435",
            "low": "7.423",
            "close": "7.42"
        },
        {
            "time": "29.07.2021 07:22",
            "open": "7.42",
            "high": "7.42",
            "low": "7.42",
            "close": "7.435"
        },
        {
            "time": "29.07.2021 07:26",
            "open": "7.435",
            "high": "7.435",
            "low": "7.435",
            "close": "7.422"
        },
        {
            "time": "29.07.2021 07:29",
            "open": "7.422",
            "high": "7.422",
            "low": "7.41",
            "close": "7.415"
        },
        {
            "time": "29.07.2021 07:30",
            "open": "7.415",
            "high": "7.424",
            "low": "7.414",
            "close": "7.427"
        },
        {
            "time": "29.07.2021 07:32",
            "open": "7.427",
            "high": "7.427",
            "low": "7.427",
            "close": "7.445"
        },
        {
            "time": "29.07.2021 07:38",
            "open": "7.445",
            "high": "7.445",
            "low": "7.445",
            "close": "7.45"
        },
        {
            "time": "29.07.2021 07:40",
            "open": "7.45",
            "high": "7.455",
            "low": "7.45",
            "close": "7.46"
        },
        {
            "time": "29.07.2021 07:41",
            "open": "7.46",
            "high": "7.5",
            "low": "7.46",
            "close": "7.499"
        },
        {
            "time": "29.07.2021 07:44",
            "open": "7.499",
            "high": "7.499",
            "low": "7.499",
            "close": "7.489"
        },
        {
            "time": "29.07.2021 07:46",
            "open": "7.489",
            "high": "7.49",
            "low": "7.486",
            "close": "7.49"
        },
        {
            "time": "29.07.2021 07:51",
            "open": "7.49",
            "high": "7.51",
            "low": "7.49",
            "close": "7.515"
        },
        {
            "time": "29.07.2021 07:52",
            "open": "7.515",
            "high": "7.525",
            "low": "7.515",
            "close": "7.53"
        },
        {
            "time": "29.07.2021 07:53",
            "open": "7.53",
            "high": "7.536",
            "low": "7.53",
            "close": "7.529"
        },
        {
            "time": "29.07.2021 08:03",
            "open": "7.529",
            "high": "7.529",
            "low": "7.529",
            "close": "7.54"
        },
        {
            "time": "29.07.2021 08:07",
            "open": "7.54",
            "high": "7.541",
            "low": "7.54",
            "close": "7.533"
        },
        {
            "time": "29.07.2021 08:11",
            "open": "7.533",
            "high": "7.533",
            "low": "7.532",
            "close": "7.545"
        },
        {
            "time": "29.07.2021 08:13",
            "open": "7.545",
            "high": "7.545",
            "low": "7.545",
            "close": "7.515"
        },
        {
            "time": "29.07.2021 08:14",
            "open": "7.515",
            "high": "7.515",
            "low": "7.505",
            "close": "7.505"
        },
        {
            "time": "29.07.2021 08:15",
            "open": "7.505",
            "high": "7.505",
            "low": "7.5",
            "close": "7.5"
        },
        {
            "time": "29.07.2021 08:27",
            "open": "7.5",
            "high": "7.5",
            "low": "7.497",
            "close": "7.495"
        },
        {
            "time": "29.07.2021 08:28",
            "open": "7.495",
            "high": "7.495",
            "low": "7.493",
            "close": "7.49"
        },
        {
            "time": "29.07.2021 08:29",
            "open": "7.49",
            "high": "7.49",
            "low": "7.475",
            "close": "7.475"
        },
        {
            "time": "29.07.2021 08:30",
            "open": "7.475",
            "high": "7.475",
            "low": "7.465",
            "close": "7.465"
        },
        {
            "time": "29.07.2021 08:31",
            "open": "7.465",
            "high": "7.465",
            "low": "7.455",
            "close": "7.455"
        },
        {
            "time": "29.07.2021 08:35",
            "open": "7.455",
            "high": "7.455",
            "low": "7.45",
            "close": "7.466"
        },
        {
            "time": "29.07.2021 08:44",
            "open": "7.466",
            "high": "7.466",
            "low": "7.466",
            "close": "7.47"
        },
        {
            "time": "29.07.2021 08:48",
            "open": "7.47",
            "high": "7.49",
            "low": "7.47",
            "close": "7.488"
        },
        {
            "time": "29.07.2021 08:50",
            "open": "7.488",
            "high": "7.488",
            "low": "7.488",
            "close": "7.495"
        },
        {
            "time": "29.07.2021 08:51",
            "open": "7.495",
            "high": "7.51",
            "low": "7.495",
            "close": "7.515"
        },
        {
            "time": "29.07.2021 08:52",
            "open": "7.515",
            "high": "7.58",
            "low": "7.515",
            "close": "7.55"
        },
        {
            "time": "29.07.2021 08:53",
            "open": "7.55",
            "high": "7.55",
            "low": "7.55",
            "close": "7.572"
        },
        {
            "time": "29.07.2021 08:54",
            "open": "7.572",
            "high": "7.572",
            "low": "7.535",
            "close": "7.542"
        },
        {
            "time": "29.07.2021 08:55",
            "open": "7.542",
            "high": "7.546",
            "low": "7.53",
            "close": "7.53"
        },
        {
            "time": "29.07.2021 08:56",
            "open": "7.53",
            "high": "7.53",
            "low": "7.515",
            "close": "7.515"
        },
        {
            "time": "29.07.2021 08:58",
            "open": "7.515",
            "high": "7.515",
            "low": "7.51",
            "close": "7.51"
        },
        {
            "time": "29.07.2021 08:59",
            "open": "7.51",
            "high": "7.51",
            "low": "7.5",
            "close": "7.5"
        },
        {
            "time": "29.07.2021 09:00",
            "open": "7.5",
            "high": "7.5",
            "low": "7.485",
            "close": "7.485"
        },
        {
            "time": "29.07.2021 09:01",
            "open": "7.485",
            "high": "7.485",
            "low": "7.48",
            "close": "7.49"
        },
        {
            "time": "29.07.2021 09:02",
            "open": "7.49",
            "high": "7.498",
            "low": "7.49",
            "close": "7.498"
        },
        {
            "time": "29.07.2021 09:06",
            "open": "7.498",
            "high": "7.498",
            "low": "7.496",
            "close": "7.495"
        },
        {
            "time": "29.07.2021 09:07",
            "open": "7.495",
            "high": "7.495",
            "low": "7.495",
            "close": "7.483"
        },
        {
            "time": "29.07.2021 09:08",
            "open": "7.483",
            "high": "7.483",
            "low": "7.465",
            "close": "7.471"
        },
        {
            "time": "29.07.2021 09:10",
            "open": "7.471",
            "high": "7.471",
            "low": "7.471",
            "close": "7.46"
        },
        {
            "time": "29.07.2021 09:18",
            "open": "7.46",
            "high": "7.46",
            "low": "7.46",
            "close": "7.455"
        },
        {
            "time": "29.07.2021 09:19",
            "open": "7.455",
            "high": "7.455",
            "low": "7.454",
            "close": "7.45"
        },
        {
            "time": "29.07.2021 09:22",
            "open": "7.45",
            "high": "7.45",
            "low": "7.45",
            "close": "7.453"
        },
        {
            "time": "29.07.2021 09:23",
            "open": "7.453",
            "high": "7.453",
            "low": "7.453",
            "close": "7.45"
        },
        {
            "time": "29.07.2021 09:24",
            "open": "7.45",
            "high": "7.45",
            "low": "7.445",
            "close": "7.445"
        },
        {
            "time": "29.07.2021 09:27",
            "open": "7.445",
            "high": "7.445",
            "low": "7.44",
            "close": "7.446"
        },
        {
            "time": "29.07.2021 09:28",
            "open": "7.446",
            "high": "7.446",
            "low": "7.446",
            "close": "7.44"
        },
        {
            "time": "29.07.2021 09:30",
            "open": "7.44",
            "high": "7.44",
            "low": "7.44",
            "close": "7.435"
        },
        {
            "time": "29.07.2021 09:33",
            "open": "7.435",
            "high": "7.437",
            "low": "7.435",
            "close": "7.435"
        },
        {
            "time": "29.07.2021 09:34",
            "open": "7.435",
            "high": "7.435",
            "low": "7.43",
            "close": "7.43"
        },
        {
            "time": "29.07.2021 09:35",
            "open": "7.43",
            "high": "7.43",
            "low": "7.43",
            "close": "7.425"
        },
        {
            "time": "29.07.2021 09:36",
            "open": "7.425",
            "high": "7.425",
            "low": "7.425",
            "close": "7.424"
        },
        {
            "time": "29.07.2021 09:38",
            "open": "7.424",
            "high": "7.424",
            "low": "7.424",
            "close": "7.425"
        },
        {
            "time": "29.07.2021 09:39",
            "open": "7.425",
            "high": "7.435",
            "low": "7.425",
            "close": "7.42"
        },
        {
            "time": "29.07.2021 09:48",
            "open": "7.42",
            "high": "7.42",
            "low": "7.42",
            "close": "7.422"
        },
        {
            "time": "29.07.2021 09:50",
            "open": "7.422",
            "high": "7.422",
            "low": "7.422",
            "close": "7.42"
        },
        {
            "time": "29.07.2021 09:52",
            "open": "7.42",
            "high": "7.42",
            "low": "7.42",
            "close": "7.432"
        },
        {
            "time": "29.07.2021 09:56",
            "open": "7.432",
            "high": "7.432",
            "low": "7.432",
            "close": "7.418"
        },
        {
            "time": "29.07.2021 09:58",
            "open": "7.418",
            "high": "7.418",
            "low": "7.415",
            "close": "7.41"
        },
        {
            "time": "29.07.2021 09:59",
            "open": "7.41",
            "high": "7.41",
            "low": "7.39",
            "close": "7.408"
        },
        {
            "time": "29.07.2021 10:01",
            "open": "7.408",
            "high": "7.408",
            "low": "7.408",
            "close": "7.391"
        },
        {
            "time": "29.07.2021 10:07",
            "open": "7.391",
            "high": "7.391",
            "low": "7.391",
            "close": "7.385"
        },
        {
            "time": "29.07.2021 10:11",
            "open": "7.385",
            "high": "7.385",
            "low": "7.385",
            "close": "7.385"
        },
        {
            "time": "29.07.2021 10:12",
            "open": "7.385",
            "high": "7.388",
            "low": "7.381",
            "close": "7.381"
        },
        {
            "time": "29.07.2021 10:15",
            "open": "7.381",
            "high": "7.381",
            "low": "7.375",
            "close": "7.391"
        },
        {
            "time": "29.07.2021 10:26",
            "open": "7.391",
            "high": "7.395",
            "low": "7.391",
            "close": "7.404"
        },
        {
            "time": "29.07.2021 10:47",
            "open": "7.404",
            "high": "7.41",
            "low": "7.404",
            "close": "7.415"
        },
        {
            "time": "29.07.2021 10:48",
            "open": "7.415",
            "high": "7.415",
            "low": "7.401",
            "close": "7.412"
        },
        {
            "time": "29.07.2021 10:52",
            "open": "7.412",
            "high": "7.412",
            "low": "7.412",
            "close": "7.409"
        },
        {
            "time": "29.07.2021 10:55",
            "open": "7.409",
            "high": "7.409",
            "low": "7.409",
            "close": "7.414"
        },
        {
            "time": "29.07.2021 11:08",
            "open": "7.414",
            "high": "7.414",
            "low": "7.414",
            "close": "7.42"
        },
        {
            "time": "29.07.2021 11:13",
            "open": "7.42",
            "high": "7.42",
            "low": "7.42",
            "close": "7.425"
        },
        {
            "time": "29.07.2021 11:16",
            "open": "7.425",
            "high": "7.425",
            "low": "7.425",
            "close": "7.43"
        },
        {
            "time": "29.07.2021 11:21",
            "open": "7.43",
            "high": "7.45",
            "low": "7.43",
            "close": "7.44"
        },
        {
            "time": "29.07.2021 11:24",
            "open": "7.44",
            "high": "7.45",
            "low": "7.437",
            "close": "7.449"
        },
        {
            "time": "29.07.2021 11:30",
            "open": "7.449",
            "high": "7.451",
            "low": "7.449",
            "close": "7.455"
        },
        {
            "time": "29.07.2021 11:37",
            "open": "7.455",
            "high": "7.455",
            "low": "7.455",
            "close": "7.46"
        },
        {
            "time": "29.07.2021 11:39",
            "open": "7.46",
            "high": "7.46",
            "low": "7.46",
            "close": "7.465"
        },
        {
            "time": "29.07.2021 11:43",
            "open": "7.465",
            "high": "7.465",
            "low": "7.465",
            "close": "7.47"
        },
        {
            "time": "29.07.2021 11:44",
            "open": "7.47",
            "high": "7.475",
            "low": "7.47",
            "close": "7.48"
        },
        {
            "time": "29.07.2021 11:45",
            "open": "7.48",
            "high": "7.5",
            "low": "7.48",
            "close": "7.505"
        },
        {
            "time": "29.07.2021 11:47",
            "open": "7.505",
            "high": "7.515",
            "low": "7.505",
            "close": "7.485"
        },
        {
            "time": "29.07.2021 12:02",
            "open": "7.485",
            "high": "7.485",
            "low": "7.485",
            "close": "7.485"
        },
        {
            "time": "29.07.2021 12:04",
            "open": "7.485",
            "high": "7.485",
            "low": "7.482",
            "close": "7.515"
        },
        {
            "time": "29.07.2021 12:20",
            "open": "7.515",
            "high": "7.53",
            "low": "7.515",
            "close": "7.534"
        },
        {
            "time": "29.07.2021 12:21",
            "open": "7.534",
            "high": "7.546",
            "low": "7.529",
            "close": "7.547"
        },
        {
            "time": "29.07.2021 12:22",
            "open": "7.547",
            "high": "7.547",
            "low": "7.547",
            "close": "7.544"
        },
        {
            "time": "29.07.2021 12:23",
            "open": "7.544",
            "high": "7.544",
            "low": "7.544",
            "close": "7.515"
        },
        {
            "time": "29.07.2021 12:25",
            "open": "7.515",
            "high": "7.518",
            "low": "7.515",
            "close": "7.515"
        },
        {
            "time": "29.07.2021 12:38",
            "open": "7.515",
            "high": "7.515",
            "low": "7.51",
            "close": "7.51"
        },
        {
            "time": "29.07.2021 12:39",
            "open": "7.51",
            "high": "7.51",
            "low": "7.51",
            "close": "7.505"
        },
        {
            "time": "29.07.2021 12:40",
            "open": "7.505",
            "high": "7.505",
            "low": "7.505",
            "close": "7.5"
        },
        {
            "time": "29.07.2021 12:41",
            "open": "7.5",
            "high": "7.5",
            "low": "7.47",
            "close": "7.47"
        },
        {
            "time": "29.07.2021 12:52",
            "open": "7.47",
            "high": "7.47",
            "low": "7.468",
            "close": "7.471"
        },
        {
            "time": "29.07.2021 13:01",
            "open": "7.471",
            "high": "7.471",
            "low": "7.471",
            "close": "7.468"
        },
        {
            "time": "29.07.2021 13:03",
            "open": "7.468",
            "high": "7.468",
            "low": "7.465",
            "close": "7.465"
        },
        {
            "time": "29.07.2021 13:17",
            "open": "7.465",
            "high": "7.465",
            "low": "7.46",
            "close": "7.494"
        },
        {
            "time": "29.07.2021 13:25",
            "open": "7.494",
            "high": "7.494",
            "low": "7.494",
            "close": "7.479"
        },
        {
            "time": "29.07.2021 13:33",
            "open": "7.479",
            "high": "7.479",
            "low": "7.479",
            "close": "7.46"
        },
        {
            "time": "29.07.2021 13:38",
            "open": "7.46",
            "high": "7.46",
            "low": "7.435",
            "close": "7.435"
        },
        {
            "time": "29.07.2021 13:39",
            "open": "7.435",
            "high": "7.435",
            "low": "7.425",
            "close": "7.42"
        },
        {
            "time": "29.07.2021 13:40",
            "open": "7.42",
            "high": "7.42",
            "low": "7.415",
            "close": "7.41"
        },
        {
            "time": "29.07.2021 13:41",
            "open": "7.41",
            "high": "7.41",
            "low": "7.41",
            "close": "7.405"
        },
        {
            "time": "29.07.2021 13:43",
            "open": "7.405",
            "high": "7.405",
            "low": "7.405",
            "close": "7.4"
        },
        {
            "time": "29.07.2021 13:44",
            "open": "7.4",
            "high": "7.4",
            "low": "7.4",
            "close": "7.395"
        },
        {
            "time": "29.07.2021 13:46",
            "open": "7.395",
            "high": "7.395",
            "low": "7.395",
            "close": "7.39"
        },
        {
            "time": "29.07.2021 13:47",
            "open": "7.39",
            "high": "7.39",
            "low": "7.375",
            "close": "7.383"
        },
        {
            "time": "29.07.2021 13:50",
            "open": "7.383",
            "high": "7.383",
            "low": "7.383",
            "close": "7.383"
        },
        {
            "time": "29.07.2021 13:51",
            "open": "7.383",
            "high": "7.383",
            "low": "7.383",
            "close": "7.37"
        },
        {
            "time": "29.07.2021 14:01",
            "open": "7.37",
            "high": "7.37",
            "low": "7.37",
            "close": "7.37"
        },
        {
            "time": "29.07.2021 14:03",
            "open": "7.37",
            "high": "7.37",
            "low": "7.36",
            "close": "7.36"
        },
        {
            "time": "29.07.2021 14:04",
            "open": "7.36",
            "high": "7.36",
            "low": "7.36",
            "close": "7.355"
        },
        {
            "time": "29.07.2021 14:05",
            "open": "7.355",
            "high": "7.355",
            "low": "7.355",
            "close": "7.356"
        },
        {
            "time": "29.07.2021 14:10",
            "open": "7.356",
            "high": "7.356",
            "low": "7.356",
            "close": "7.355"
        },
        {
            "time": "29.07.2021 14:12",
            "open": "7.355",
            "high": "7.355",
            "low": "7.35",
            "close": "7.35"
        },
        {
            "time": "29.07.2021 14:13",
            "open": "7.35",
            "high": "7.35",
            "low": "7.35",
            "close": "7.35"
        },
        {
            "time": "29.07.2021 14:25",
            "open": "7.35",
            "high": "7.35",
            "low": "7.33",
            "close": "7.338"
        },
        {
            "time": "29.07.2021 14:26",
            "open": "7.338",
            "high": "7.338",
            "low": "7.338",
            "close": "7.335"
        },
        {
            "time": "29.07.2021 14:27",
            "open": "7.335",
            "high": "7.335",
            "low": "7.335",
            "close": "7.36"
        },
        {
            "time": "29.07.2021 14:30",
            "open": "7.36",
            "high": "7.375",
            "low": "7.36",
            "close": "7.345"
        },
        {
            "time": "29.07.2021 14:39",
            "open": "7.345",
            "high": "7.345",
            "low": "7.345",
            "close": "7.353"
        },
        {
            "time": "29.07.2021 15:01",
            "open": "7.353",
            "high": "7.354",
            "low": "7.353",
            "close": "7.34"
        },
        {
            "time": "29.07.2021 15:02",
            "open": "7.34",
            "high": "7.352",
            "low": "7.337",
            "close": "7.336"
        },
        {
            "time": "29.07.2021 15:03",
            "open": "7.336",
            "high": "7.336",
            "low": "7.335",
            "close": "7.361"
        },
        {
            "time": "29.07.2021 15:06",
            "open": "7.361",
            "high": "7.415",
            "low": "7.361",
            "close": "7.42"
        },
        {
            "time": "29.07.2021 15:07",
            "open": "7.42",
            "high": "7.42",
            "low": "7.42",
            "close": "7.425"
        },
        {
            "time": "29.07.2021 15:08",
            "open": "7.425",
            "high": "7.435",
            "low": "7.425",
            "close": "7.44"
        },
        {
            "time": "29.07.2021 15:09",
            "open": "7.44",
            "high": "7.44",
            "low": "7.44",
            "close": "7.445"
        },
        {
            "time": "29.07.2021 15:10",
            "open": "7.445",
            "high": "7.455",
            "low": "7.445",
            "close": "7.46"
        },
        {
            "time": "29.07.2021 15:11",
            "open": "7.46",
            "high": "7.465",
            "low": "7.46",
            "close": "7.47"
        },
        {
            "time": "29.07.2021 15:12",
            "open": "7.47",
            "high": "7.475",
            "low": "7.47",
            "close": "7.48"
        },
        {
            "time": "29.07.2021 15:13",
            "open": "7.48",
            "high": "7.485",
            "low": "7.48",
            "close": "7.49"
        },
        {
            "time": "29.07.2021 15:14",
            "open": "7.49",
            "high": "7.51",
            "low": "7.49",
            "close": "7.515"
        },
        {
            "time": "29.07.2021 15:17",
            "open": "7.515",
            "high": "7.518",
            "low": "7.515",
            "close": "7.52"
        },
        {
            "time": "29.07.2021 15:18",
            "open": "7.52",
            "high": "7.535",
            "low": "7.52",
            "close": "7.54"
        },
        {
            "time": "29.07.2021 15:20",
            "open": "7.54",
            "high": "7.542",
            "low": "7.54",
            "close": "7.545"
        },
        {
            "time": "29.07.2021 15:27",
            "open": "7.545",
            "high": "7.55",
            "low": "7.545",
            "close": "7.555"
        },
        {
            "time": "29.07.2021 15:29",
            "open": "7.555",
            "high": "7.565",
            "low": "7.555",
            "close": "7.57"
        },
        {
            "time": "29.07.2021 15:30",
            "open": "7.57",
            "high": "7.575",
            "low": "7.57",
            "close": "7.58"
        },
        {
            "time": "29.07.2021 15:32",
            "open": "7.58",
            "high": "7.586",
            "low": "7.58",
            "close": "7.585"
        },
        {
            "time": "29.07.2021 15:34",
            "open": "7.585",
            "high": "7.585",
            "low": "7.583",
            "close": "7.57"
        },
        {
            "time": "29.07.2021 15:35",
            "open": "7.57",
            "high": "7.57",
            "low": "7.5",
            "close": "7.495"
        },
        {
            "time": "29.07.2021 15:36",
            "open": "7.495",
            "high": "7.495",
            "low": "7.495",
            "close": "7.49"
        },
        {
            "time": "29.07.2021 15:37",
            "open": "7.49",
            "high": "7.49",
            "low": "7.475",
            "close": "7.47"
        },
        {
            "time": "29.07.2021 15:38",
            "open": "7.47",
            "high": "7.47",
            "low": "7.45",
            "close": "7.445"
        },
        {
            "time": "29.07.2021 15:39",
            "open": "7.445",
            "high": "7.447",
            "low": "7.44",
            "close": "7.451"
        },
        {
            "time": "29.07.2021 15:40",
            "open": "7.451",
            "high": "7.451",
            "low": "7.451",
            "close": "7.441"
        },
        {
            "time": "29.07.2021 15:41",
            "open": "7.441",
            "high": "7.441",
            "low": "7.441",
            "close": "7.443"
        },
        {
            "time": "29.07.2021 15:51",
            "open": "7.443",
            "high": "7.443",
            "low": "7.442",
            "close": "7.443"
        },
        {
            "time": "29.07.2021 15:56",
            "open": "7.443",
            "high": "7.443",
            "low": "7.443",
            "close": "7.441"
        },
        {
            "time": "29.07.2021 16:01",
            "open": "7.441",
            "high": "7.441",
            "low": "7.441",
            "close": "7.441"
        },
        {
            "time": "29.07.2021 16:02",
            "open": "7.441",
            "high": "7.441",
            "low": "7.441",
            "close": "7.443"
        },
        {
            "time": "29.07.2021 16:10",
            "open": "7.443",
            "high": "7.443",
            "low": "7.443",
            "close": "7.448"
        },
        {
            "time": "29.07.2021 16:13",
            "open": "7.448",
            "high": "7.448",
            "low": "7.448",
            "close": "7.449"
        },
        {
            "time": "29.07.2021 16:14",
            "open": "7.449",
            "high": "7.449",
            "low": "7.448",
            "close": "7.448"
        },
        {
            "time": "29.07.2021 16:16",
            "open": "7.448",
            "high": "7.448",
            "low": "7.448",
            "close": "7.441"
        },
        {
            "time": "29.07.2021 16:17",
            "open": "7.441",
            "high": "7.441",
            "low": "7.41",
            "close": "7.41"
        },
        {
            "time": "29.07.2021 16:18",
            "open": "7.41",
            "high": "7.41",
            "low": "7.4",
            "close": "7.4"
        },
        {
            "time": "29.07.2021 16:19",
            "open": "7.4",
            "high": "7.4",
            "low": "7.385",
            "close": "7.385"
        },
        {
            "time": "29.07.2021 16:21",
            "open": "7.385",
            "high": "7.385",
            "low": "7.385",
            "close": "7.38"
        },
        {
            "time": "29.07.2021 16:22",
            "open": "7.38",
            "high": "7.38",
            "low": "7.38",
            "close": "7.38"
        },
        {
            "time": "29.07.2021 16:24",
            "open": "7.38",
            "high": "7.38",
            "low": "7.376",
            "close": "7.382"
        },
        {
            "time": "29.07.2021 16:26",
            "open": "7.382",
            "high": "7.382",
            "low": "7.382",
            "close": "7.41"
        },
        {
            "time": "29.07.2021 16:30",
            "open": "7.41",
            "high": "7.42",
            "low": "7.41",
            "close": "7.425"
        },
        {
            "time": "29.07.2021 16:31",
            "open": "7.425",
            "high": "7.435",
            "low": "7.419",
            "close": "7.413"
        },
        {
            "time": "29.07.2021 16:32",
            "open": "7.413",
            "high": "7.413",
            "low": "7.405",
            "close": "7.405"
        },
        {
            "time": "29.07.2021 16:33",
            "open": "7.405",
            "high": "7.405",
            "low": "7.38",
            "close": "7.41"
        },
        {
            "time": "29.07.2021 16:38",
            "open": "7.41",
            "high": "7.421",
            "low": "7.41",
            "close": "7.425"
        },
        {
            "time": "29.07.2021 16:42",
            "open": "7.425",
            "high": "7.425",
            "low": "7.425",
            "close": "7.417"
        },
        {
            "time": "29.07.2021 16:43",
            "open": "7.417",
            "high": "7.417",
            "low": "7.409",
            "close": "7.414"
        },
        {
            "time": "29.07.2021 17:12",
            "open": "7.414",
            "high": "7.414",
            "low": "7.414",
            "close": "7.395"
        },
        {
            "time": "29.07.2021 17:15",
            "open": "7.395",
            "high": "7.395",
            "low": "7.375",
            "close": "7.383"
        },
        {
            "time": "29.07.2021 17:16",
            "open": "7.383",
            "high": "7.39",
            "low": "7.383",
            "close": "7.41"
        },
        {
            "time": "29.07.2021 17:18",
            "open": "7.41",
            "high": "7.42",
            "low": "7.41",
            "close": "7.425"
        },
        {
            "time": "29.07.2021 17:21",
            "open": "7.425",
            "high": "7.43",
            "low": "7.425",
            "close": "7.435"
        },
        {
            "time": "29.07.2021 17:29",
            "open": "7.435",
            "high": "7.435",
            "low": "7.435",
            "close": "7.435"
        },
        {
            "time": "29.07.2021 17:31",
            "open": "7.435",
            "high": "7.443",
            "low": "7.435",
            "close": "7.445"
        },
        {
            "time": "29.07.2021 17:32",
            "open": "7.445",
            "high": "7.45",
            "low": "7.445",
            "close": "7.438"
        },
        {
            "time": "29.07.2021 17:37",
            "open": "7.438",
            "high": "7.438",
            "low": "7.438",
            "close": "7.423"
        },
        {
            "time": "29.07.2021 17:38",
            "open": "7.423",
            "high": "7.423",
            "low": "7.423",
            "close": "7.424"
        },
        {
            "time": "29.07.2021 17:50",
            "open": "7.424",
            "high": "7.424",
            "low": "7.424",
            "close": "7.424"
        },
        {
            "time": "29.07.2021 17:52",
            "open": "7.424",
            "high": "7.424",
            "low": "7.424",
            "close": "7.422"
        },
        {
            "time": "29.07.2021 18:03",
            "open": "7.422",
            "high": "7.422",
            "low": "7.415",
            "close": "7.415"
        },
        {
            "time": "29.07.2021 18:04",
            "open": "7.415",
            "high": "7.415",
            "low": "7.41",
            "close": "7.415"
        },
        {
            "time": "29.07.2021 18:05",
            "open": "7.415",
            "high": "7.415",
            "low": "7.392",
            "close": "7.392"
        },
        {
            "time": "29.07.2021 18:09",
            "open": "7.392",
            "high": "7.392",
            "low": "7.392",
            "close": "7.39"
        },
        {
            "time": "29.07.2021 18:13",
            "open": "7.39",
            "high": "7.39",
            "low": "7.39",
            "close": "7.404"
        },
        {
            "time": "29.07.2021 18:18",
            "open": "7.404",
            "high": "7.404",
            "low": "7.404",
            "close": "7.42"
        },
        {
            "time": "29.07.2021 18:20",
            "open": "7.42",
            "high": "7.42",
            "low": "7.42",
            "close": "7.401"
        },
        {
            "time": "29.07.2021 18:25",
            "open": "7.401",
            "high": "7.401",
            "low": "7.401",
            "close": "7.39"
        },
        {
            "time": "29.07.2021 18:26",
            "open": "7.39",
            "high": "7.39",
            "low": "7.39",
            "close": "7.385"
        },
        {
            "time": "29.07.2021 18:27",
            "open": "7.385",
            "high": "7.385",
            "low": "7.385",
            "close": "7.385"
        },
        {
            "time": "29.07.2021 18:35",
            "open": "7.385",
            "high": "7.385",
            "low": "7.385",
            "close": "7.408"
        },
        {
            "time": "29.07.2021 19:10",
            "open": "7.408",
            "high": "7.408",
            "low": "7.408",
            "close": "7.42"
        },
        {
            "time": "29.07.2021 19:12",
            "open": "7.42",
            "high": "7.42",
            "low": "7.42",
            "close": "7.425"
        },
        {
            "time": "29.07.2021 19:16",
            "open": "7.425",
            "high": "7.426",
            "low": "7.425",
            "close": "7.414"
        },
        {
            "time": "29.07.2021 19:28",
            "open": "7.414",
            "high": "7.414",
            "low": "7.414",
            "close": "7.403"
        },
        {
            "time": "29.07.2021 19:41",
            "open": "7.403",
            "high": "7.403",
            "low": "7.403",
            "close": "7.424"
        },
        {
            "time": "29.07.2021 19:47",
            "open": "7.424",
            "high": "7.43",
            "low": "7.424",
            "close": "7.435"
        },
        {
            "time": "29.07.2021 19:50",
            "open": "7.435",
            "high": "7.435",
            "low": "7.435",
            "close": "7.44"
        },
        {
            "time": "29.07.2021 19:51",
            "open": "7.44",
            "high": "7.44",
            "low": "7.44",
            "close": "7.438"
        },
        {
            "time": "29.07.2021 19:54",
            "open": "7.438",
            "high": "7.438",
            "low": "7.427",
            "close": "7.41"
        },
        {
            "time": "29.07.2021 19:57",
            "open": "7.41",
            "high": "7.41",
            "low": "7.41",
            "close": "7.41"
        },
        {
            "time": "29.07.2021 19:58",
            "open": "7.41",
            "high": "7.41",
            "low": "7.4",
            "close": "7.4"
        },
        {
            "time": "29.07.2021 20:01",
            "open": "7.4",
            "high": "7.4",
            "low": "7.4",
            "close": "7.4"
        },
        {
            "time": "29.07.2021 20:06",
            "open": "7.4",
            "high": "7.4",
            "low": "7.4",
            "close": "7.403"
        },
        {
            "time": "29.07.2021 20:12",
            "open": "7.403",
            "high": "7.403",
            "low": "7.403",
            "close": "7.395"
        },
        {
            "time": "29.07.2021 20:21",
            "open": "7.395",
            "high": "7.395",
            "low": "7.395",
            "close": "7.395"
        },
        {
            "time": "29.07.2021 20:22",
            "open": "7.395",
            "high": "7.397",
            "low": "7.395",
            "close": "7.395"
        },
        {
            "time": "29.07.2021 20:24",
            "open": "7.395",
            "high": "7.395",
            "low": "7.39",
            "close": "7.385"
        },
        {
            "time": "29.07.2021 20:25",
            "open": "7.385",
            "high": "7.385",
            "low": "7.385",
            "close": "7.39"
        },
        {
            "time": "29.07.2021 20:27",
            "open": "7.39",
            "high": "7.39",
            "low": "7.39",
            "close": "7.38"
        },
        {
            "time": "29.07.2021 20:28",
            "open": "7.38",
            "high": "7.38",
            "low": "7.38",
            "close": "7.38"
        },
        {
            "time": "29.07.2021 20:32",
            "open": "7.38",
            "high": "7.38",
            "low": "7.38",
            "close": "7.376"
        },
        {
            "time": "29.07.2021 20:34",
            "open": "7.376",
            "high": "7.376",
            "low": "7.376",
            "close": "7.375"
        },
        {
            "time": "29.07.2021 21:03",
            "open": "7.375",
            "high": "7.375",
            "low": "7.37",
            "close": "7.387"
        },
        {
            "time": "29.07.2021 21:11",
            "open": "7.387",
            "high": "7.387",
            "low": "7.387",
            "close": "7.39"
        },
        {
            "time": "29.07.2021 21:30",
            "open": "7.396",
            "high": "7.396",
            "low": "7.396",
            "close": "7.395"
        },
        {
            "time": "29.07.2021 21:34",
            "open": "7.395",
            "high": "7.395",
            "low": "7.395",
            "close": "7.383"
        },
        {
            "time": "29.07.2021 21:45",
            "open": "7.383",
            "high": "7.383",
            "low": "7.383",
            "close": "7.382"
        },
        {
            "time": "29.07.2021 21:46",
            "open": "7.382",
            "high": "7.382",
            "low": "7.382",
            "close": "7.398"
        },
        {
            "time": "29.07.2021 22:09",
            "open": "7.398",
            "high": "7.398",
            "low": "7.398",
            "close": "7.398"
        },
        {
            "time": "29.07.2021 22:21",
            "open": "7.398",
            "high": "7.41",
            "low": "7.398",
            "close": "7.415"
        },
        {
            "time": "29.07.2021 22:34",
            "open": "7.415",
            "high": "7.427",
            "low": "7.415",
            "close": "7.427"
        },
        {
            "time": "29.07.2021 22:37",
            "open": "7.427",
            "high": "7.427",
            "low": "7.427",
            "close": "7.43"
        },
        {
            "time": "29.07.2021 22:51",
            "open": "7.43",
            "high": "7.44",
            "low": "7.43",
            "close": "7.445"
        },
        {
            "time": "29.07.2021 22:59",
            "open": "7.445",
            "high": "7.46",
            "low": "7.42",
            "close": "7.434"
        },
        {
            "time": "29.07.2021 23:01",
            "open": "7.434",
            "high": "7.435",
            "low": "7.434",
            "close": "7.42"
        },
        {
            "time": "29.07.2021 23:22",
            "open": "7.404",
            "high": "7.404",
            "low": "7.404",
            "close": "7.4"
        }
    ]
}