{
    "UMA-EUR": [
        {
            "time": "14.07.2021 23:58",
            "open": "7.206",
            "high": "7.206",
            "low": "7.206",
            "close": "7.206"
        },
        {
            "time": "15.07.2021 00:01",
            "open": "7.206",
            "high": "7.208",
            "low": "7.206",
            "close": "7.203"
        },
        {
            "time": "15.07.2021 00:20",
            "open": "7.203",
            "high": "7.203",
            "low": "7.203",
            "close": "7.22"
        },
        {
            "time": "15.07.2021 00:26",
            "open": "7.22",
            "high": "7.22",
            "low": "7.22",
            "close": "7.22"
        },
        {
            "time": "15.07.2021 00:27",
            "open": "7.22",
            "high": "7.229",
            "low": "7.22",
            "close": "7.229"
        },
        {
            "time": "15.07.2021 00:32",
            "open": "7.229",
            "high": "7.229",
            "low": "7.229",
            "close": "7.229"
        },
        {
            "time": "15.07.2021 00:42",
            "open": "7.229",
            "high": "7.229",
            "low": "7.229",
            "close": "7.23"
        },
        {
            "time": "15.07.2021 00:44",
            "open": "7.23",
            "high": "7.244",
            "low": "7.23",
            "close": "7.245"
        },
        {
            "time": "15.07.2021 00:45",
            "open": "7.245",
            "high": "7.25",
            "low": "7.245",
            "close": "7.254"
        },
        {
            "time": "15.07.2021 00:46",
            "open": "7.254",
            "high": "7.254",
            "low": "7.254",
            "close": "7.255"
        },
        {
            "time": "15.07.2021 00:58",
            "open": "7.255",
            "high": "7.27",
            "low": "7.255",
            "close": "7.264"
        },
        {
            "time": "15.07.2021 01:04",
            "open": "7.264",
            "high": "7.264",
            "low": "7.264",
            "close": "7.264"
        },
        {
            "time": "15.07.2021 01:16",
            "open": "7.264",
            "high": "7.264",
            "low": "7.264",
            "close": "7.259"
        },
        {
            "time": "15.07.2021 01:34",
            "open": "7.259",
            "high": "7.259",
            "low": "7.259",
            "close": "7.23"
        },
        {
            "time": "15.07.2021 01:43",
            "open": "7.23",
            "high": "7.23",
            "low": "7.225",
            "close": "7.225"
        },
        {
            "time": "15.07.2021 01:44",
            "open": "7.225",
            "high": "7.225",
            "low": "7.22",
            "close": "7.22"
        },
        {
            "time": "15.07.2021 01:47",
            "open": "7.22",
            "high": "7.22",
            "low": "7.22",
            "close": "7.238"
        },
        {
            "time": "15.07.2021 02:02",
            "open": "7.238",
            "high": "7.238",
            "low": "7.238",
            "close": "7.238"
        },
        {
            "time": "15.07.2021 02:03",
            "open": "7.238",
            "high": "7.238",
            "low": "7.238",
            "close": "7.215"
        },
        {
            "time": "15.07.2021 02:10",
            "open": "7.215",
            "high": "7.215",
            "low": "7.215",
            "close": "7.238"
        },
        {
            "time": "15.07.2021 02:11",
            "open": "7.238",
            "high": "7.238",
            "low": "7.238",
            "close": "7.224"
        },
        {
            "time": "15.07.2021 02:16",
            "open": "7.224",
            "high": "7.224",
            "low": "7.212",
            "close": "7.21"
        },
        {
            "time": "15.07.2021 02:18",
            "open": "7.21",
            "high": "7.21",
            "low": "7.21",
            "close": "7.236"
        },
        {
            "time": "15.07.2021 02:27",
            "open": "7.236",
            "high": "7.236",
            "low": "7.236",
            "close": "7.25"
        },
        {
            "time": "15.07.2021 02:28",
            "open": "7.25",
            "high": "7.25",
            "low": "7.25",
            "close": "7.227"
        },
        {
            "time": "15.07.2021 02:29",
            "open": "7.227",
            "high": "7.227",
            "low": "7.227",
            "close": "7.205"
        },
        {
            "time": "15.07.2021 02:31",
            "open": "7.205",
            "high": "7.205",
            "low": "7.2",
            "close": "7.225"
        },
        {
            "time": "15.07.2021 02:33",
            "open": "7.225",
            "high": "7.225",
            "low": "7.225",
            "close": "7.23"
        },
        {
            "time": "15.07.2021 02:39",
            "open": "7.23",
            "high": "7.246",
            "low": "7.23",
            "close": "7.25"
        },
        {
            "time": "15.07.2021 02:41",
            "open": "7.25",
            "high": "7.251",
            "low": "7.25",
            "close": "7.255"
        },
        {
            "time": "15.07.2021 02:42",
            "open": "7.255",
            "high": "7.255",
            "low": "7.255",
            "close": "7.26"
        },
        {
            "time": "15.07.2021 02:49",
            "open": "7.26",
            "high": "7.26",
            "low": "7.26",
            "close": "7.26"
        },
        {
            "time": "15.07.2021 02:50",
            "open": "7.26",
            "high": "7.266",
            "low": "7.26",
            "close": "7.266"
        },
        {
            "time": "15.07.2021 02:54",
            "open": "7.266",
            "high": "7.266",
            "low": "7.266",
            "close": "7.27"
        },
        {
            "time": "15.07.2021 02:56",
            "open": "7.27",
            "high": "7.274",
            "low": "7.27",
            "close": "7.275"
        },
        {
            "time": "15.07.2021 03:00",
            "open": "7.275",
            "high": "7.31",
            "low": "7.275",
            "close": "7.315"
        },
        {
            "time": "15.07.2021 03:01",
            "open": "7.315",
            "high": "7.341",
            "low": "7.315",
            "close": "7.345"
        },
        {
            "time": "15.07.2021 03:05",
            "open": "7.345",
            "high": "7.37",
            "low": "7.345",
            "close": "7.375"
        },
        {
            "time": "15.07.2021 03:08",
            "open": "7.375",
            "high": "7.376",
            "low": "7.375",
            "close": "7.376"
        },
        {
            "time": "15.07.2021 03:10",
            "open": "7.377",
            "high": "7.377",
            "low": "7.377",
            "close": "7.372"
        },
        {
            "time": "15.07.2021 03:15",
            "open": "7.372",
            "high": "7.372",
            "low": "7.335",
            "close": "7.335"
        },
        {
            "time": "15.07.2021 03:22",
            "open": "7.335",
            "high": "7.335",
            "low": "7.335",
            "close": "7.335"
        },
        {
            "time": "15.07.2021 03:23",
            "open": "7.335",
            "high": "7.335",
            "low": "7.33",
            "close": "7.325"
        },
        {
            "time": "15.07.2021 03:24",
            "open": "7.325",
            "high": "7.325",
            "low": "7.325",
            "close": "7.325"
        },
        {
            "time": "15.07.2021 03:26",
            "open": "7.325",
            "high": "7.325",
            "low": "7.315",
            "close": "7.315"
        },
        {
            "time": "15.07.2021 03:28",
            "open": "7.315",
            "high": "7.315",
            "low": "7.31",
            "close": "7.31"
        },
        {
            "time": "15.07.2021 03:30",
            "open": "7.31",
            "high": "7.31",
            "low": "7.3",
            "close": "7.318"
        },
        {
            "time": "15.07.2021 03:32",
            "open": "7.318",
            "high": "7.319",
            "low": "7.318",
            "close": "7.323"
        },
        {
            "time": "15.07.2021 03:37",
            "open": "7.323",
            "high": "7.325",
            "low": "7.323",
            "close": "7.32"
        },
        {
            "time": "15.07.2021 03:40",
            "open": "7.32",
            "high": "7.32",
            "low": "7.32",
            "close": "7.3"
        },
        {
            "time": "15.07.2021 03:45",
            "open": "7.3",
            "high": "7.3",
            "low": "7.295",
            "close": "7.301"
        },
        {
            "time": "15.07.2021 03:54",
            "open": "7.301",
            "high": "7.301",
            "low": "7.301",
            "close": "7.29"
        },
        {
            "time": "15.07.2021 04:01",
            "open": "7.29",
            "high": "7.29",
            "low": "7.285",
            "close": "7.285"
        },
        {
            "time": "15.07.2021 04:02",
            "open": "7.285",
            "high": "7.285",
            "low": "7.285",
            "close": "7.288"
        },
        {
            "time": "15.07.2021 04:17",
            "open": "7.288",
            "high": "7.288",
            "low": "7.288",
            "close": "7.28"
        },
        {
            "time": "15.07.2021 04:30",
            "open": "7.28",
            "high": "7.28",
            "low": "7.28",
            "close": "7.28"
        },
        {
            "time": "15.07.2021 04:31",
            "open": "7.28",
            "high": "7.28",
            "low": "7.255",
            "close": "7.251"
        },
        {
            "time": "15.07.2021 04:32",
            "open": "7.251",
            "high": "7.251",
            "low": "7.25",
            "close": "7.251"
        },
        {
            "time": "15.07.2021 04:33",
            "open": "7.251",
            "high": "7.26",
            "low": "7.251",
            "close": "7.257"
        },
        {
            "time": "15.07.2021 04:43",
            "open": "7.257",
            "high": "7.257",
            "low": "7.257",
            "close": "7.25"
        },
        {
            "time": "15.07.2021 04:49",
            "open": "7.25",
            "high": "7.25",
            "low": "7.25",
            "close": "7.259"
        },
        {
            "time": "15.07.2021 04:57",
            "open": "7.259",
            "high": "7.259",
            "low": "7.259",
            "close": "7.245"
        },
        {
            "time": "15.07.2021 05:02",
            "open": "7.245",
            "high": "7.245",
            "low": "7.245",
            "close": "7.24"
        },
        {
            "time": "15.07.2021 05:21",
            "open": "7.24",
            "high": "7.24",
            "low": "7.24",
            "close": "7.24"
        },
        {
            "time": "15.07.2021 05:22",
            "open": "7.24",
            "high": "7.24",
            "low": "7.24",
            "close": "7.236"
        },
        {
            "time": "15.07.2021 05:25",
            "open": "7.236",
            "high": "7.241",
            "low": "7.236",
            "close": "7.235"
        },
        {
            "time": "15.07.2021 06:02",
            "open": "7.235",
            "high": "7.235",
            "low": "7.195",
            "close": "7.195"
        },
        {
            "time": "15.07.2021 06:04",
            "open": "7.195",
            "high": "7.195",
            "low": "7.19",
            "close": "7.22"
        },
        {
            "time": "15.07.2021 06:31",
            "open": "7.22",
            "high": "7.22",
            "low": "7.22",
            "close": "7.23"
        },
        {
            "time": "15.07.2021 06:41",
            "open": "7.23",
            "high": "7.235",
            "low": "7.23",
            "close": "7.24"
        },
        {
            "time": "15.07.2021 06:42",
            "open": "7.24",
            "high": "7.24",
            "low": "7.24",
            "close": "7.245"
        },
        {
            "time": "15.07.2021 06:58",
            "open": "7.245",
            "high": "7.245",
            "low": "7.245",
            "close": "7.245"
        },
        {
            "time": "15.07.2021 07:04",
            "open": "7.245",
            "high": "7.245",
            "low": "7.245",
            "close": "7.205"
        },
        {
            "time": "15.07.2021 07:45",
            "open": "7.205",
            "high": "7.205",
            "low": "7.205",
            "close": "7.205"
        },
        {
            "time": "15.07.2021 07:46",
            "open": "7.205",
            "high": "7.205",
            "low": "7.195",
            "close": "7.194"
        },
        {
            "time": "15.07.2021 07:47",
            "open": "7.194",
            "high": "7.194",
            "low": "7.185",
            "close": "7.18"
        },
        {
            "time": "15.07.2021 07:48",
            "open": "7.18",
            "high": "7.18",
            "low": "7.18",
            "close": "7.175"
        },
        {
            "time": "15.07.2021 07:49",
            "open": "7.175",
            "high": "7.175",
            "low": "7.17",
            "close": "7.165"
        },
        {
            "time": "15.07.2021 07:51",
            "open": "7.165",
            "high": "7.165",
            "low": "7.155",
            "close": "7.15"
        },
        {
            "time": "15.07.2021 07:52",
            "open": "7.15",
            "high": "7.15",
            "low": "7.145",
            "close": "7.148"
        },
        {
            "time": "15.07.2021 07:55",
            "open": "7.148",
            "high": "7.148",
            "low": "7.148",
            "close": "7.153"
        },
        {
            "time": "15.07.2021 08:02",
            "open": "7.153",
            "high": "7.153",
            "low": "7.153",
            "close": "7.153"
        },
        {
            "time": "15.07.2021 08:06",
            "open": "7.153",
            "high": "7.153",
            "low": "7.153",
            "close": "7.145"
        },
        {
            "time": "15.07.2021 08:28",
            "open": "7.145",
            "high": "7.145",
            "low": "7.118",
            "close": "7.122"
        },
        {
            "time": "15.07.2021 08:29",
            "open": "7.122",
            "high": "7.122",
            "low": "7.122",
            "close": "7.115"
        },
        {
            "time": "15.07.2021 08:30",
            "open": "7.115",
            "high": "7.115",
            "low": "7.11",
            "close": "7.111"
        },
        {
            "time": "15.07.2021 08:31",
            "open": "7.111",
            "high": "7.114",
            "low": "7.111",
            "close": "7.11"
        },
        {
            "time": "15.07.2021 08:35",
            "open": "7.11",
            "high": "7.11",
            "low": "7.1",
            "close": "7.1"
        },
        {
            "time": "15.07.2021 08:36",
            "open": "7.1",
            "high": "7.1",
            "low": "7.1",
            "close": "7.106"
        },
        {
            "time": "15.07.2021 08:39",
            "open": "7.106",
            "high": "7.106",
            "low": "7.106",
            "close": "7.101"
        },
        {
            "time": "15.07.2021 08:42",
            "open": "7.101",
            "high": "7.101",
            "low": "7.099",
            "close": "7.095"
        },
        {
            "time": "15.07.2021 08:43",
            "open": "7.095",
            "high": "7.095",
            "low": "7.095",
            "close": "7.096"
        },
        {
            "time": "15.07.2021 08:45",
            "open": "7.096",
            "high": "7.108",
            "low": "7.096",
            "close": "7.114"
        },
        {
            "time": "15.07.2021 08:48",
            "open": "7.114",
            "high": "7.114",
            "low": "7.114",
            "close": "7.09"
        },
        {
            "time": "15.07.2021 09:00",
            "open": "7.09",
            "high": "7.09",
            "low": "7.085",
            "close": "7.081"
        },
        {
            "time": "15.07.2021 09:01",
            "open": "7.081",
            "high": "7.081",
            "low": "7.081",
            "close": "7.08"
        },
        {
            "time": "15.07.2021 09:02",
            "open": "7.08",
            "high": "7.08",
            "low": "7.08",
            "close": "7.076"
        },
        {
            "time": "15.07.2021 09:04",
            "open": "7.076",
            "high": "7.076",
            "low": "7.076",
            "close": "7.076"
        },
        {
            "time": "15.07.2021 09:07",
            "open": "7.076",
            "high": "7.076",
            "low": "7.065",
            "close": "7.105"
        },
        {
            "time": "15.07.2021 09:14",
            "open": "7.105",
            "high": "7.105",
            "low": "7.105",
            "close": "7.11"
        },
        {
            "time": "15.07.2021 09:18",
            "open": "7.11",
            "high": "7.11",
            "low": "7.11",
            "close": "7.115"
        },
        {
            "time": "15.07.2021 09:20",
            "open": "7.115",
            "high": "7.115",
            "low": "7.115",
            "close": "7.115"
        },
        {
            "time": "15.07.2021 09:21",
            "open": "7.115",
            "high": "7.115",
            "low": "7.115",
            "close": "7.09"
        },
        {
            "time": "15.07.2021 09:25",
            "open": "7.09",
            "high": "7.09",
            "low": "7.09",
            "close": "7.086"
        },
        {
            "time": "15.07.2021 09:28",
            "open": "7.086",
            "high": "7.09",
            "low": "7.086",
            "close": "7.112"
        },
        {
            "time": "15.07.2021 09:32",
            "open": "7.112",
            "high": "7.114",
            "low": "7.112",
            "close": "7.108"
        },
        {
            "time": "15.07.2021 09:45",
            "open": "7.108",
            "high": "7.13",
            "low": "7.108",
            "close": "7.135"
        },
        {
            "time": "15.07.2021 09:46",
            "open": "7.135",
            "high": "7.135",
            "low": "7.135",
            "close": "7.14"
        },
        {
            "time": "15.07.2021 09:49",
            "open": "7.14",
            "high": "7.14",
            "low": "7.14",
            "close": "7.132"
        },
        {
            "time": "15.07.2021 09:50",
            "open": "7.132",
            "high": "7.132",
            "low": "7.132",
            "close": "7.117"
        },
        {
            "time": "15.07.2021 09:54",
            "open": "7.117",
            "high": "7.127",
            "low": "7.116",
            "close": "7.145"
        },
        {
            "time": "15.07.2021 10:05",
            "open": "7.145",
            "high": "7.15",
            "low": "7.145",
            "close": "7.155"
        },
        {
            "time": "15.07.2021 10:07",
            "open": "7.155",
            "high": "7.16",
            "low": "7.155",
            "close": "7.161"
        },
        {
            "time": "15.07.2021 10:08",
            "open": "7.161",
            "high": "7.161",
            "low": "7.16",
            "close": "7.165"
        },
        {
            "time": "15.07.2021 10:09",
            "open": "7.165",
            "high": "7.17",
            "low": "7.165",
            "close": "7.131"
        },
        {
            "time": "15.07.2021 10:16",
            "open": "7.131",
            "high": "7.131",
            "low": "7.115",
            "close": "7.14"
        },
        {
            "time": "15.07.2021 11:10",
            "open": "7.14",
            "high": "7.14",
            "low": "7.14",
            "close": "7.155"
        },
        {
            "time": "15.07.2021 11:13",
            "open": "7.155",
            "high": "7.155",
            "low": "7.155",
            "close": "7.155"
        },
        {
            "time": "15.07.2021 11:17",
            "open": "7.155",
            "high": "7.16",
            "low": "7.155",
            "close": "7.165"
        },
        {
            "time": "15.07.2021 11:19",
            "open": "7.165",
            "high": "7.165",
            "low": "7.165",
            "close": "7.17"
        },
        {
            "time": "15.07.2021 11:20",
            "open": "7.17",
            "high": "7.17",
            "low": "7.17",
            "close": "7.175"
        },
        {
            "time": "15.07.2021 11:31",
            "open": "7.175",
            "high": "7.175",
            "low": "7.175",
            "close": "7.18"
        },
        {
            "time": "15.07.2021 11:46",
            "open": "7.18",
            "high": "7.18",
            "low": "7.18",
            "close": "7.185"
        },
        {
            "time": "15.07.2021 11:47",
            "open": "7.185",
            "high": "7.19",
            "low": "7.185",
            "close": "7.18"
        },
        {
            "time": "15.07.2021 11:50",
            "open": "7.18",
            "high": "7.18",
            "low": "7.177",
            "close": "7.194"
        },
        {
            "time": "15.07.2021 12:02",
            "open": "7.194",
            "high": "7.195",
            "low": "7.194",
            "close": "7.2"
        },
        {
            "time": "15.07.2021 12:04",
            "open": "7.2",
            "high": "7.2",
            "low": "7.2",
            "close": "7.205"
        },
        {
            "time": "15.07.2021 12:05",
            "open": "7.205",
            "high": "7.205",
            "low": "7.205",
            "close": "7.201"
        },
        {
            "time": "15.07.2021 12:06",
            "open": "7.201",
            "high": "7.201",
            "low": "7.201",
            "close": "7.21"
        },
        {
            "time": "15.07.2021 12:14",
            "open": "7.21",
            "high": "7.21",
            "low": "7.21",
            "close": "7.197"
        },
        {
            "time": "15.07.2021 12:20",
            "open": "7.197",
            "high": "7.197",
            "low": "7.197",
            "close": "7.17"
        },
        {
            "time": "15.07.2021 12:21",
            "open": "7.17",
            "high": "7.17",
            "low": "7.17",
            "close": "7.17"
        },
        {
            "time": "15.07.2021 12:22",
            "open": "7.17",
            "high": "7.17",
            "low": "7.125",
            "close": "7.125"
        },
        {
            "time": "15.07.2021 12:23",
            "open": "7.125",
            "high": "7.125",
            "low": "7.099",
            "close": "7.095"
        },
        {
            "time": "15.07.2021 12:24",
            "open": "7.095",
            "high": "7.095",
            "low": "7.095",
            "close": "7.09"
        },
        {
            "time": "15.07.2021 12:26",
            "open": "7.09",
            "high": "7.09",
            "low": "7.075",
            "close": "7.075"
        },
        {
            "time": "15.07.2021 12:29",
            "open": "7.075",
            "high": "7.075",
            "low": "7.072",
            "close": "7.078"
        },
        {
            "time": "15.07.2021 12:30",
            "open": "7.078",
            "high": "7.078",
            "low": "7.07",
            "close": "7.07"
        },
        {
            "time": "15.07.2021 12:31",
            "open": "7.07",
            "high": "7.07",
            "low": "7.051",
            "close": "7.05"
        },
        {
            "time": "15.07.2021 12:32",
            "open": "7.05",
            "high": "7.05",
            "low": "7.035",
            "close": "7.039"
        },
        {
            "time": "15.07.2021 12:36",
            "open": "7.039",
            "high": "7.039",
            "low": "7.039",
            "close": "7.03"
        },
        {
            "time": "15.07.2021 12:37",
            "open": "7.03",
            "high": "7.03",
            "low": "7.03",
            "close": "7.039"
        },
        {
            "time": "15.07.2021 12:38",
            "open": "7.039",
            "high": "7.041",
            "low": "7.039",
            "close": "7.036"
        },
        {
            "time": "15.07.2021 12:45",
            "open": "7.036",
            "high": "7.036",
            "low": "7.036",
            "close": "7.037"
        },
        {
            "time": "15.07.2021 13:06",
            "open": "7.037",
            "high": "7.037",
            "low": "7.037",
            "close": "7.033"
        },
        {
            "time": "15.07.2021 13:08",
            "open": "7.033",
            "high": "7.033",
            "low": "7.033",
            "close": "7.025"
        },
        {
            "time": "15.07.2021 13:09",
            "open": "7.025",
            "high": "7.025",
            "low": "7.022",
            "close": "7.02"
        },
        {
            "time": "15.07.2021 13:12",
            "open": "7.02",
            "high": "7.02",
            "low": "7.02",
            "close": "7.025"
        },
        {
            "time": "15.07.2021 13:13",
            "open": "7.025",
            "high": "7.075",
            "low": "7.025",
            "close": "7.076"
        },
        {
            "time": "15.07.2021 13:14",
            "open": "7.076",
            "high": "7.076",
            "low": "7.076",
            "close": "7.08"
        },
        {
            "time": "15.07.2021 13:18",
            "open": "7.08",
            "high": "7.08",
            "low": "7.08",
            "close": "7.083"
        },
        {
            "time": "15.07.2021 13:37",
            "open": "7.083",
            "high": "7.083",
            "low": "7.083",
            "close": "7.085"
        },
        {
            "time": "15.07.2021 13:49",
            "open": "7.085",
            "high": "7.1",
            "low": "7.085",
            "close": "7.074"
        },
        {
            "time": "15.07.2021 14:01",
            "open": "7.074",
            "high": "7.074",
            "low": "7.025",
            "close": "7.02"
        },
        {
            "time": "15.07.2021 14:02",
            "open": "7.02",
            "high": "7.02",
            "low": "7.016",
            "close": "7.06"
        },
        {
            "time": "15.07.2021 14:03",
            "open": "7.06",
            "high": "7.075",
            "low": "7.06",
            "close": "7.08"
        },
        {
            "time": "15.07.2021 14:04",
            "open": "7.08",
            "high": "7.105",
            "low": "7.08",
            "close": "7.083"
        },
        {
            "time": "15.07.2021 14:05",
            "open": "7.083",
            "high": "7.083",
            "low": "7.079",
            "close": "7.065"
        },
        {
            "time": "15.07.2021 14:06",
            "open": "7.065",
            "high": "7.065",
            "low": "7.055",
            "close": "7.055"
        },
        {
            "time": "15.07.2021 14:07",
            "open": "7.055",
            "high": "7.055",
            "low": "7.03",
            "close": "7.03"
        },
        {
            "time": "15.07.2021 14:08",
            "open": "7.03",
            "high": "7.035",
            "low": "7.022",
            "close": "7.02"
        },
        {
            "time": "15.07.2021 14:10",
            "open": "7.02",
            "high": "7.022",
            "low": "7.01",
            "close": "7.01"
        },
        {
            "time": "15.07.2021 14:11",
            "open": "7.01",
            "high": "7.01",
            "low": "6.995",
            "close": "6.995"
        },
        {
            "time": "15.07.2021 14:12",
            "open": "6.995",
            "high": "6.997",
            "low": "6.993",
            "close": "6.99"
        },
        {
            "time": "15.07.2021 14:13",
            "open": "6.99",
            "high": "6.99",
            "low": "6.98",
            "close": "6.984"
        },
        {
            "time": "15.07.2021 14:14",
            "open": "6.984",
            "high": "6.998",
            "low": "6.984",
            "close": "7"
        },
        {
            "time": "15.07.2021 14:15",
            "open": "7",
            "high": "7.01",
            "low": "7",
            "close": "7.015"
        },
        {
            "time": "15.07.2021 14:16",
            "open": "7.015",
            "high": "7.016",
            "low": "7.015",
            "close": "7.016"
        },
        {
            "time": "15.07.2021 14:17",
            "open": "7.016",
            "high": "7.035",
            "low": "7.016",
            "close": "7.035"
        },
        {
            "time": "15.07.2021 14:25",
            "open": "7.035",
            "high": "7.035",
            "low": "7.035",
            "close": "7.023"
        },
        {
            "time": "15.07.2021 14:27",
            "open": "7.023",
            "high": "7.023",
            "low": "7.022",
            "close": "7.025"
        },
        {
            "time": "15.07.2021 14:31",
            "open": "7.025",
            "high": "7.025",
            "low": "7.025",
            "close": "6.995"
        },
        {
            "time": "15.07.2021 14:36",
            "open": "6.995",
            "high": "6.995",
            "low": "6.995",
            "close": "6.995"
        },
        {
            "time": "15.07.2021 14:38",
            "open": "6.995",
            "high": "6.995",
            "low": "6.995",
            "close": "6.99"
        },
        {
            "time": "15.07.2021 14:40",
            "open": "6.99",
            "high": "6.99",
            "low": "6.99",
            "close": "6.99"
        },
        {
            "time": "15.07.2021 14:41",
            "open": "6.99",
            "high": "6.99",
            "low": "6.985",
            "close": "6.985"
        },
        {
            "time": "15.07.2021 14:44",
            "open": "6.985",
            "high": "6.985",
            "low": "6.981",
            "close": "6.991"
        },
        {
            "time": "15.07.2021 14:45",
            "open": "6.991",
            "high": "6.991",
            "low": "6.991",
            "close": "6.982"
        },
        {
            "time": "15.07.2021 14:47",
            "open": "6.982",
            "high": "6.982",
            "low": "6.982",
            "close": "7.01"
        },
        {
            "time": "15.07.2021 14:53",
            "open": "7.01",
            "high": "7.01",
            "low": "7.01",
            "close": "7.014"
        },
        {
            "time": "15.07.2021 14:55",
            "open": "7.014",
            "high": "7.017",
            "low": "7.014",
            "close": "7.019"
        },
        {
            "time": "15.07.2021 14:56",
            "open": "7.019",
            "high": "7.02",
            "low": "7.019",
            "close": "7.019"
        },
        {
            "time": "15.07.2021 14:58",
            "open": "7.019",
            "high": "7.019",
            "low": "7.019",
            "close": "6.981"
        },
        {
            "time": "15.07.2021 15:02",
            "open": "6.981",
            "high": "6.981",
            "low": "6.98",
            "close": "6.995"
        },
        {
            "time": "15.07.2021 15:10",
            "open": "6.995",
            "high": "6.995",
            "low": "6.995",
            "close": "6.98"
        },
        {
            "time": "15.07.2021 15:12",
            "open": "6.98",
            "high": "6.98",
            "low": "6.98",
            "close": "6.98"
        },
        {
            "time": "15.07.2021 15:13",
            "open": "6.98",
            "high": "6.98",
            "low": "6.98",
            "close": "6.975"
        },
        {
            "time": "15.07.2021 15:14",
            "open": "6.975",
            "high": "6.975",
            "low": "6.975",
            "close": "6.975"
        },
        {
            "time": "15.07.2021 15:15",
            "open": "6.975",
            "high": "6.975",
            "low": "6.97",
            "close": "6.97"
        },
        {
            "time": "15.07.2021 15:16",
            "open": "6.97",
            "high": "6.97",
            "low": "6.97",
            "close": "6.965"
        },
        {
            "time": "15.07.2021 15:17",
            "open": "6.965",
            "high": "6.965",
            "low": "6.965",
            "close": "6.965"
        },
        {
            "time": "15.07.2021 15:21",
            "open": "6.965",
            "high": "6.965",
            "low": "6.96",
            "close": "6.96"
        },
        {
            "time": "15.07.2021 15:25",
            "open": "6.96",
            "high": "6.96",
            "low": "6.907",
            "close": "6.899"
        },
        {
            "time": "15.07.2021 15:26",
            "open": "6.899",
            "high": "6.899",
            "low": "6.899",
            "close": "6.939"
        },
        {
            "time": "15.07.2021 15:27",
            "open": "6.939",
            "high": "6.965",
            "low": "6.939",
            "close": "6.97"
        },
        {
            "time": "15.07.2021 15:28",
            "open": "6.97",
            "high": "6.97",
            "low": "6.961",
            "close": "6.975"
        },
        {
            "time": "15.07.2021 15:32",
            "open": "6.975",
            "high": "6.975",
            "low": "6.975",
            "close": "6.975"
        },
        {
            "time": "15.07.2021 15:42",
            "open": "6.975",
            "high": "6.975",
            "low": "6.975",
            "close": "6.98"
        },
        {
            "time": "15.07.2021 15:49",
            "open": "6.98",
            "high": "6.98",
            "low": "6.98",
            "close": "6.981"
        },
        {
            "time": "15.07.2021 15:51",
            "open": "6.981",
            "high": "6.981",
            "low": "6.981",
            "close": "6.985"
        },
        {
            "time": "15.07.2021 15:53",
            "open": "6.985",
            "high": "6.985",
            "low": "6.985",
            "close": "6.99"
        },
        {
            "time": "15.07.2021 15:54",
            "open": "6.99",
            "high": "6.998",
            "low": "6.99",
            "close": "7"
        },
        {
            "time": "15.07.2021 15:55",
            "open": "7",
            "high": "7.037",
            "low": "7",
            "close": "7.031"
        },
        {
            "time": "15.07.2021 15:56",
            "open": "7.031",
            "high": "7.031",
            "low": "7.031",
            "close": "7.04"
        },
        {
            "time": "15.07.2021 16:08",
            "open": "7.04",
            "high": "7.04",
            "low": "7.04",
            "close": "7.04"
        },
        {
            "time": "15.07.2021 16:10",
            "open": "7.04",
            "high": "7.04",
            "low": "7.04",
            "close": "7.04"
        },
        {
            "time": "15.07.2021 16:11",
            "open": "7.04",
            "high": "7.04",
            "low": "7.04",
            "close": "7.03"
        },
        {
            "time": "15.07.2021 16:21",
            "open": "7.03",
            "high": "7.03",
            "low": "7.03",
            "close": "7.016"
        },
        {
            "time": "15.07.2021 16:26",
            "open": "7.016",
            "high": "7.016",
            "low": "7.016",
            "close": "7.001"
        },
        {
            "time": "15.07.2021 16:29",
            "open": "7.001",
            "high": "7.001",
            "low": "7.001",
            "close": "7.011"
        },
        {
            "time": "15.07.2021 16:31",
            "open": "7.011",
            "high": "7.011",
            "low": "7.011",
            "close": "7"
        },
        {
            "time": "15.07.2021 16:33",
            "open": "7",
            "high": "7",
            "low": "6.96",
            "close": "6.973"
        },
        {
            "time": "15.07.2021 16:34",
            "open": "6.973",
            "high": "6.981",
            "low": "6.973",
            "close": "7.005"
        },
        {
            "time": "15.07.2021 16:40",
            "open": "7.005",
            "high": "7.005",
            "low": "7.005",
            "close": "7.007"
        },
        {
            "time": "15.07.2021 16:45",
            "open": "7.007",
            "high": "7.01",
            "low": "7.007",
            "close": "7.011"
        },
        {
            "time": "15.07.2021 16:46",
            "open": "7.011",
            "high": "7.011",
            "low": "7.011",
            "close": "7.015"
        },
        {
            "time": "15.07.2021 16:47",
            "open": "7.015",
            "high": "7.015",
            "low": "7.015",
            "close": "7.015"
        },
        {
            "time": "15.07.2021 16:51",
            "open": "7.015",
            "high": "7.023",
            "low": "7.015",
            "close": "7.025"
        },
        {
            "time": "15.07.2021 16:52",
            "open": "7.025",
            "high": "7.028",
            "low": "7.025",
            "close": "7.013"
        },
        {
            "time": "15.07.2021 17:03",
            "open": "7.013",
            "high": "7.013",
            "low": "7.013",
            "close": "6.998"
        },
        {
            "time": "15.07.2021 17:05",
            "open": "6.998",
            "high": "6.998",
            "low": "6.998",
            "close": "7.02"
        },
        {
            "time": "15.07.2021 17:20",
            "open": "7.02",
            "high": "7.02",
            "low": "7.02",
            "close": "7.03"
        },
        {
            "time": "15.07.2021 17:25",
            "open": "7.03",
            "high": "7.04",
            "low": "7.03",
            "close": "7.031"
        },
        {
            "time": "15.07.2021 17:31",
            "open": "7.031",
            "high": "7.031",
            "low": "7.027",
            "close": "7"
        },
        {
            "time": "15.07.2021 17:44",
            "open": "7",
            "high": "7",
            "low": "7",
            "close": "6.995"
        },
        {
            "time": "15.07.2021 17:45",
            "open": "6.995",
            "high": "7.001",
            "low": "6.995",
            "close": "6.995"
        },
        {
            "time": "15.07.2021 17:57",
            "open": "6.982",
            "high": "6.982",
            "low": "6.982",
            "close": "6.982"
        },
        {
            "time": "15.07.2021 17:58",
            "open": "6.982",
            "high": "6.982",
            "low": "6.955",
            "close": "6.956"
        },
        {
            "time": "15.07.2021 17:59",
            "open": "6.958",
            "high": "6.958",
            "low": "6.958",
            "close": "6.955"
        },
        {
            "time": "15.07.2021 18:07",
            "open": "6.955",
            "high": "6.955",
            "low": "6.933",
            "close": "6.93"
        },
        {
            "time": "15.07.2021 18:14",
            "open": "6.93",
            "high": "6.93",
            "low": "6.925",
            "close": "6.92"
        },
        {
            "time": "15.07.2021 18:18",
            "open": "6.92",
            "high": "6.92",
            "low": "6.92",
            "close": "6.92"
        },
        {
            "time": "15.07.2021 18:20",
            "open": "6.92",
            "high": "6.92",
            "low": "6.91",
            "close": "6.9"
        },
        {
            "time": "15.07.2021 18:23",
            "open": "6.9",
            "high": "6.913",
            "low": "6.9",
            "close": "6.899"
        },
        {
            "time": "15.07.2021 18:25",
            "open": "6.899",
            "high": "6.899",
            "low": "6.889",
            "close": "6.893"
        },
        {
            "time": "15.07.2021 18:27",
            "open": "6.893",
            "high": "6.893",
            "low": "6.893",
            "close": "6.886"
        },
        {
            "time": "15.07.2021 18:32",
            "open": "6.886",
            "high": "6.886",
            "low": "6.886",
            "close": "6.876"
        },
        {
            "time": "15.07.2021 18:33",
            "open": "6.876",
            "high": "6.876",
            "low": "6.865",
            "close": "6.892"
        },
        {
            "time": "15.07.2021 18:35",
            "open": "6.892",
            "high": "6.893",
            "low": "6.892",
            "close": "6.894"
        },
        {
            "time": "15.07.2021 18:38",
            "open": "6.894",
            "high": "6.895",
            "low": "6.894",
            "close": "6.91"
        },
        {
            "time": "15.07.2021 18:43",
            "open": "6.91",
            "high": "6.911",
            "low": "6.91",
            "close": "6.915"
        },
        {
            "time": "15.07.2021 18:45",
            "open": "6.915",
            "high": "6.93",
            "low": "6.915",
            "close": "6.893"
        },
        {
            "time": "15.07.2021 18:51",
            "open": "6.893",
            "high": "6.893",
            "low": "6.893",
            "close": "6.89"
        },
        {
            "time": "15.07.2021 18:52",
            "open": "6.89",
            "high": "6.89",
            "low": "6.876",
            "close": "6.876"
        },
        {
            "time": "15.07.2021 18:54",
            "open": "6.876",
            "high": "6.876",
            "low": "6.875",
            "close": "6.87"
        },
        {
            "time": "15.07.2021 18:55",
            "open": "6.87",
            "high": "6.87",
            "low": "6.87",
            "close": "6.881"
        },
        {
            "time": "15.07.2021 19:00",
            "open": "6.881",
            "high": "6.881",
            "low": "6.881",
            "close": "6.865"
        },
        {
            "time": "15.07.2021 19:04",
            "open": "6.865",
            "high": "6.865",
            "low": "6.853",
            "close": "6.854"
        },
        {
            "time": "15.07.2021 19:05",
            "open": "6.854",
            "high": "6.86",
            "low": "6.854",
            "close": "6.845"
        },
        {
            "time": "15.07.2021 19:06",
            "open": "6.845",
            "high": "6.845",
            "low": "6.845",
            "close": "6.848"
        },
        {
            "time": "15.07.2021 19:08",
            "open": "6.848",
            "high": "6.848",
            "low": "6.848",
            "close": "6.842"
        },
        {
            "time": "15.07.2021 19:09",
            "open": "6.842",
            "high": "6.842",
            "low": "6.808",
            "close": "6.808"
        },
        {
            "time": "15.07.2021 19:10",
            "open": "6.808",
            "high": "6.808",
            "low": "6.8",
            "close": "6.81"
        },
        {
            "time": "15.07.2021 19:12",
            "open": "6.81",
            "high": "6.819",
            "low": "6.81",
            "close": "6.804"
        },
        {
            "time": "15.07.2021 19:13",
            "open": "6.804",
            "high": "6.804",
            "low": "6.803",
            "close": "6.8"
        },
        {
            "time": "15.07.2021 19:17",
            "open": "6.8",
            "high": "6.8",
            "low": "6.799",
            "close": "6.796"
        },
        {
            "time": "15.07.2021 19:19",
            "open": "6.796",
            "high": "6.796",
            "low": "6.789",
            "close": "6.798"
        },
        {
            "time": "15.07.2021 19:21",
            "open": "6.798",
            "high": "6.798",
            "low": "6.798",
            "close": "6.776"
        },
        {
            "time": "15.07.2021 19:50",
            "open": "6.776",
            "high": "6.776",
            "low": "6.776",
            "close": "6.776"
        },
        {
            "time": "15.07.2021 19:51",
            "open": "6.776",
            "high": "6.776",
            "low": "6.775",
            "close": "6.787"
        },
        {
            "time": "15.07.2021 19:55",
            "open": "6.787",
            "high": "6.787",
            "low": "6.774",
            "close": "6.795"
        },
        {
            "time": "15.07.2021 19:56",
            "open": "6.795",
            "high": "6.795",
            "low": "6.795",
            "close": "6.808"
        },
        {
            "time": "15.07.2021 19:57",
            "open": "6.808",
            "high": "6.811",
            "low": "6.808",
            "close": "6.815"
        },
        {
            "time": "15.07.2021 20:02",
            "open": "6.815",
            "high": "6.834",
            "low": "6.815",
            "close": "6.829"
        },
        {
            "time": "15.07.2021 20:03",
            "open": "6.829",
            "high": "6.829",
            "low": "6.829",
            "close": "6.831"
        },
        {
            "time": "15.07.2021 20:07",
            "open": "6.831",
            "high": "6.831",
            "low": "6.83",
            "close": "6.835"
        },
        {
            "time": "15.07.2021 20:12",
            "open": "6.835",
            "high": "6.844",
            "low": "6.835",
            "close": "6.845"
        },
        {
            "time": "15.07.2021 20:18",
            "open": "6.845",
            "high": "6.846",
            "low": "6.845",
            "close": "6.831"
        },
        {
            "time": "15.07.2021 20:32",
            "open": "6.831",
            "high": "6.831",
            "low": "6.831",
            "close": "6.814"
        },
        {
            "time": "15.07.2021 20:52",
            "open": "6.814",
            "high": "6.814",
            "low": "6.801",
            "close": "6.8"
        },
        {
            "time": "15.07.2021 20:53",
            "open": "6.8",
            "high": "6.8",
            "low": "6.795",
            "close": "6.813"
        },
        {
            "time": "15.07.2021 21:03",
            "open": "6.813",
            "high": "6.813",
            "low": "6.813",
            "close": "6.829"
        },
        {
            "time": "15.07.2021 21:18",
            "open": "6.829",
            "high": "6.829",
            "low": "6.829",
            "close": "6.839"
        },
        {
            "time": "15.07.2021 21:19",
            "open": "6.839",
            "high": "6.868",
            "low": "6.839",
            "close": "6.825"
        },
        {
            "time": "15.07.2021 21:24",
            "open": "6.825",
            "high": "6.825",
            "low": "6.825",
            "close": "6.825"
        },
        {
            "time": "15.07.2021 21:25",
            "open": "6.825",
            "high": "6.825",
            "low": "6.815",
            "close": "6.81"
        },
        {
            "time": "15.07.2021 21:28",
            "open": "6.81",
            "high": "6.81",
            "low": "6.808",
            "close": "6.808"
        },
        {
            "time": "15.07.2021 21:31",
            "open": "6.808",
            "high": "6.808",
            "low": "6.805",
            "close": "6.805"
        },
        {
            "time": "15.07.2021 21:38",
            "open": "6.805",
            "high": "6.805",
            "low": "6.805",
            "close": "6.8"
        },
        {
            "time": "15.07.2021 21:39",
            "open": "6.8",
            "high": "6.8",
            "low": "6.8",
            "close": "6.802"
        },
        {
            "time": "15.07.2021 21:40",
            "open": "6.802",
            "high": "6.802",
            "low": "6.802",
            "close": "6.842"
        },
        {
            "time": "15.07.2021 22:03",
            "open": "6.842",
            "high": "6.842",
            "low": "6.842",
            "close": "6.845"
        },
        {
            "time": "15.07.2021 22:29",
            "open": "6.845",
            "high": "6.845",
            "low": "6.845",
            "close": "6.837"
        },
        {
            "time": "15.07.2021 22:30",
            "open": "6.837",
            "high": "6.837",
            "low": "6.837",
            "close": "6.828"
        },
        {
            "time": "15.07.2021 22:33",
            "open": "6.828",
            "high": "6.828",
            "low": "6.826",
            "close": "6.84"
        },
        {
            "time": "15.07.2021 22:44",
            "open": "6.84",
            "high": "6.84",
            "low": "6.84",
            "close": "6.85"
        },
        {
            "time": "15.07.2021 22:47",
            "open": "6.85",
            "high": "6.859",
            "low": "6.85",
            "close": "6.86"
        },
        {
            "time": "15.07.2021 22:49",
            "open": "6.86",
            "high": "6.86",
            "low": "6.854",
            "close": "6.86"
        },
        {
            "time": "15.07.2021 23:08",
            "open": "6.86",
            "high": "6.862",
            "low": "6.86",
            "close": "6.851"
        },
        {
            "time": "15.07.2021 23:13",
            "open": "6.851",
            "high": "6.851",
            "low": "6.851",
            "close": "6.858"
        },
        {
            "time": "15.07.2021 23:26",
            "open": "6.858",
            "high": "6.858",
            "low": "6.858",
            "close": "6.841"
        },
        {
            "time": "15.07.2021 23:51",
            "open": "6.841",
            "high": "6.841",
            "low": "6.841",
            "close": "6.853"
        }
    ]
}