{
    "UMA-EUR": [
        {
            "time": "21.11.2020 23:48",
            "open": "7.061",
            "high": "7.078",
            "low": "7.061",
            "close": "7.02"
        },
        {
            "time": "22.11.2020 00:07",
            "open": "7.02",
            "high": "7.02",
            "low": "7.016",
            "close": "7.043"
        },
        {
            "time": "22.11.2020 00:11",
            "open": "7.043",
            "high": "7.043",
            "low": "7.043",
            "close": "7.015"
        },
        {
            "time": "22.11.2020 00:12",
            "open": "7.015",
            "high": "7.015",
            "low": "7.015",
            "close": "7.03"
        },
        {
            "time": "22.11.2020 00:14",
            "open": "7.03",
            "high": "7.03",
            "low": "7.015",
            "close": "7.008"
        },
        {
            "time": "22.11.2020 00:22",
            "open": "7.008",
            "high": "7.008",
            "low": "6.964",
            "close": "6.973"
        },
        {
            "time": "22.11.2020 00:23",
            "open": "6.973",
            "high": "6.973",
            "low": "6.973",
            "close": "6.98"
        },
        {
            "time": "22.11.2020 00:25",
            "open": "6.98",
            "high": "6.98",
            "low": "6.98",
            "close": "6.982"
        },
        {
            "time": "22.11.2020 00:33",
            "open": "6.982",
            "high": "6.982",
            "low": "6.982",
            "close": "7.068"
        },
        {
            "time": "22.11.2020 00:41",
            "open": "7.068",
            "high": "7.068",
            "low": "7.068",
            "close": "7.079"
        },
        {
            "time": "22.11.2020 00:48",
            "open": "7.079",
            "high": "7.079",
            "low": "7.079",
            "close": "7.137"
        },
        {
            "time": "22.11.2020 01:02",
            "open": "7.137",
            "high": "7.137",
            "low": "7.137",
            "close": "7.135"
        },
        {
            "time": "22.11.2020 01:12",
            "open": "7.135",
            "high": "7.135",
            "low": "7.135",
            "close": "7.137"
        },
        {
            "time": "22.11.2020 01:14",
            "open": "7.137",
            "high": "7.137",
            "low": "7.137",
            "close": "7.137"
        },
        {
            "time": "22.11.2020 01:15",
            "open": "7.137",
            "high": "7.137",
            "low": "7.137",
            "close": "7.135"
        },
        {
            "time": "22.11.2020 01:16",
            "open": "7.135",
            "high": "7.135",
            "low": "7.135",
            "close": "7.135"
        },
        {
            "time": "22.11.2020 01:17",
            "open": "7.135",
            "high": "7.135",
            "low": "7.135",
            "close": "7.137"
        },
        {
            "time": "22.11.2020 01:21",
            "open": "7.137",
            "high": "7.137",
            "low": "7.137",
            "close": "7.137"
        },
        {
            "time": "22.11.2020 01:26",
            "open": "7.137",
            "high": "7.152",
            "low": "7.137",
            "close": "7.147"
        },
        {
            "time": "22.11.2020 01:30",
            "open": "7.147",
            "high": "7.147",
            "low": "7.127",
            "close": "7.136"
        },
        {
            "time": "22.11.2020 01:32",
            "open": "7.136",
            "high": "7.137",
            "low": "7.136",
            "close": "7.146"
        },
        {
            "time": "22.11.2020 01:33",
            "open": "7.146",
            "high": "7.146",
            "low": "7.146",
            "close": "7.149"
        },
        {
            "time": "22.11.2020 01:42",
            "open": "7.149",
            "high": "7.149",
            "low": "7.149",
            "close": "7.15"
        },
        {
            "time": "22.11.2020 01:45",
            "open": "7.15",
            "high": "7.151",
            "low": "7.15",
            "close": "7.152"
        },
        {
            "time": "22.11.2020 01:54",
            "open": "7.152",
            "high": "7.152",
            "low": "7.152",
            "close": "7.15"
        },
        {
            "time": "22.11.2020 01:57",
            "open": "7.15",
            "high": "7.15",
            "low": "7.15",
            "close": "7.152"
        },
        {
            "time": "22.11.2020 01:58",
            "open": "7.152",
            "high": "7.152",
            "low": "7.15",
            "close": "7.105"
        },
        {
            "time": "22.11.2020 02:08",
            "open": "7.105",
            "high": "7.105",
            "low": "7.097",
            "close": "7.051"
        },
        {
            "time": "22.11.2020 02:12",
            "open": "7.051",
            "high": "7.062",
            "low": "7.019",
            "close": "7.055"
        },
        {
            "time": "22.11.2020 02:13",
            "open": "7.055",
            "high": "7.061",
            "low": "7.053",
            "close": "7.055"
        },
        {
            "time": "22.11.2020 02:14",
            "open": "7.055",
            "high": "7.055",
            "low": "7.047",
            "close": "7.031"
        },
        {
            "time": "22.11.2020 02:16",
            "open": "7.031",
            "high": "7.031",
            "low": "7.031",
            "close": "6.979"
        },
        {
            "time": "22.11.2020 02:25",
            "open": "6.98",
            "high": "6.98",
            "low": "6.98",
            "close": "7.005"
        },
        {
            "time": "22.11.2020 02:36",
            "open": "7.005",
            "high": "7.005",
            "low": "7.005",
            "close": "6.973"
        },
        {
            "time": "22.11.2020 02:41",
            "open": "6.973",
            "high": "6.973",
            "low": "6.926",
            "close": "6.925"
        },
        {
            "time": "22.11.2020 02:43",
            "open": "6.925",
            "high": "6.925",
            "low": "6.925",
            "close": "6.92"
        },
        {
            "time": "22.11.2020 02:44",
            "open": "6.92",
            "high": "6.92",
            "low": "6.907",
            "close": "6.9"
        },
        {
            "time": "22.11.2020 02:45",
            "open": "6.9",
            "high": "6.9",
            "low": "6.851",
            "close": "6.85"
        },
        {
            "time": "22.11.2020 02:46",
            "open": "6.85",
            "high": "6.85",
            "low": "6.8",
            "close": "6.789"
        },
        {
            "time": "22.11.2020 02:47",
            "open": "6.789",
            "high": "6.796",
            "low": "6.788",
            "close": "6.759"
        },
        {
            "time": "22.11.2020 02:48",
            "open": "6.759",
            "high": "6.759",
            "low": "6.753",
            "close": "6.756"
        },
        {
            "time": "22.11.2020 02:50",
            "open": "6.756",
            "high": "6.78",
            "low": "6.756",
            "close": "6.806"
        },
        {
            "time": "22.11.2020 02:51",
            "open": "6.806",
            "high": "6.827",
            "low": "6.806",
            "close": "6.819"
        },
        {
            "time": "22.11.2020 02:52",
            "open": "6.819",
            "high": "6.819",
            "low": "6.819",
            "close": "6.809"
        },
        {
            "time": "22.11.2020 02:55",
            "open": "6.809",
            "high": "6.814",
            "low": "6.808",
            "close": "6.808"
        },
        {
            "time": "22.11.2020 02:56",
            "open": "6.808",
            "high": "6.809",
            "low": "6.808",
            "close": "6.808"
        },
        {
            "time": "22.11.2020 03:01",
            "open": "6.808",
            "high": "6.808",
            "low": "6.808",
            "close": "6.811"
        },
        {
            "time": "22.11.2020 03:11",
            "open": "6.811",
            "high": "6.811",
            "low": "6.811",
            "close": "6.836"
        },
        {
            "time": "22.11.2020 03:20",
            "open": "6.836",
            "high": "6.837",
            "low": "6.836",
            "close": "6.837"
        },
        {
            "time": "22.11.2020 03:29",
            "open": "6.837",
            "high": "6.837",
            "low": "6.837",
            "close": "6.834"
        },
        {
            "time": "22.11.2020 03:33",
            "open": "6.834",
            "high": "6.834",
            "low": "6.834",
            "close": "6.836"
        },
        {
            "time": "22.11.2020 03:51",
            "open": "6.836",
            "high": "6.836",
            "low": "6.83",
            "close": "6.847"
        },
        {
            "time": "22.11.2020 04:06",
            "open": "6.847",
            "high": "6.848",
            "low": "6.847",
            "close": "6.848"
        },
        {
            "time": "22.11.2020 04:20",
            "open": "6.848",
            "high": "6.848",
            "low": "6.848",
            "close": "6.83"
        },
        {
            "time": "22.11.2020 04:28",
            "open": "6.83",
            "high": "6.83",
            "low": "6.83",
            "close": "6.796"
        },
        {
            "time": "22.11.2020 04:33",
            "open": "6.796",
            "high": "6.797",
            "low": "6.796",
            "close": "6.804"
        },
        {
            "time": "22.11.2020 04:35",
            "open": "6.804",
            "high": "6.804",
            "low": "6.804",
            "close": "6.81"
        },
        {
            "time": "22.11.2020 04:40",
            "open": "6.81",
            "high": "6.81",
            "low": "6.81",
            "close": "6.808"
        },
        {
            "time": "22.11.2020 05:20",
            "open": "6.808",
            "high": "6.808",
            "low": "6.808",
            "close": "6.838"
        },
        {
            "time": "22.11.2020 05:29",
            "open": "6.838",
            "high": "6.838",
            "low": "6.818",
            "close": "6.82"
        },
        {
            "time": "22.11.2020 05:30",
            "open": "6.82",
            "high": "6.82",
            "low": "6.808",
            "close": "6.829"
        },
        {
            "time": "22.11.2020 06:07",
            "open": "6.829",
            "high": "6.829",
            "low": "6.827",
            "close": "6.803"
        },
        {
            "time": "22.11.2020 06:08",
            "open": "6.803",
            "high": "6.803",
            "low": "6.801",
            "close": "6.792"
        },
        {
            "time": "22.11.2020 06:16",
            "open": "6.792",
            "high": "6.792",
            "low": "6.792",
            "close": "6.775"
        },
        {
            "time": "22.11.2020 06:17",
            "open": "6.775",
            "high": "6.775",
            "low": "6.775",
            "close": "6.784"
        },
        {
            "time": "22.11.2020 06:21",
            "open": "6.784",
            "high": "6.784",
            "low": "6.784",
            "close": "6.775"
        },
        {
            "time": "22.11.2020 06:23",
            "open": "6.775",
            "high": "6.775",
            "low": "6.75",
            "close": "6.75"
        },
        {
            "time": "22.11.2020 06:24",
            "open": "6.75",
            "high": "6.75",
            "low": "6.75",
            "close": "6.738"
        },
        {
            "time": "22.11.2020 06:25",
            "open": "6.738",
            "high": "6.738",
            "low": "6.738",
            "close": "6.737"
        },
        {
            "time": "22.11.2020 06:35",
            "open": "6.737",
            "high": "6.737",
            "low": "6.731",
            "close": "6.727"
        },
        {
            "time": "22.11.2020 06:36",
            "open": "6.727",
            "high": "6.727",
            "low": "6.723",
            "close": "6.718"
        },
        {
            "time": "22.11.2020 06:37",
            "open": "6.718",
            "high": "6.718",
            "low": "6.718",
            "close": "6.734"
        },
        {
            "time": "22.11.2020 07:11",
            "open": "6.734",
            "high": "6.734",
            "low": "6.734",
            "close": "6.729"
        },
        {
            "time": "22.11.2020 07:21",
            "open": "6.729",
            "high": "6.73",
            "low": "6.727",
            "close": "6.717"
        },
        {
            "time": "22.11.2020 07:23",
            "open": "6.717",
            "high": "6.717",
            "low": "6.7",
            "close": "6.694"
        },
        {
            "time": "22.11.2020 07:24",
            "open": "6.694",
            "high": "6.694",
            "low": "6.694",
            "close": "6.687"
        },
        {
            "time": "22.11.2020 07:29",
            "open": "6.687",
            "high": "6.687",
            "low": "6.687",
            "close": "6.686"
        },
        {
            "time": "22.11.2020 07:30",
            "open": "6.686",
            "high": "6.686",
            "low": "6.686",
            "close": "6.684"
        },
        {
            "time": "22.11.2020 07:33",
            "open": "6.684",
            "high": "6.685",
            "low": "6.684",
            "close": "6.679"
        },
        {
            "time": "22.11.2020 07:36",
            "open": "6.679",
            "high": "6.759",
            "low": "6.679",
            "close": "6.668"
        },
        {
            "time": "22.11.2020 07:52",
            "open": "6.668",
            "high": "6.668",
            "low": "6.668",
            "close": "6.675"
        },
        {
            "time": "22.11.2020 07:59",
            "open": "6.675",
            "high": "6.678",
            "low": "6.675",
            "close": "6.677"
        },
        {
            "time": "22.11.2020 08:02",
            "open": "6.677",
            "high": "6.677",
            "low": "6.677",
            "close": "6.666"
        },
        {
            "time": "22.11.2020 08:03",
            "open": "6.666",
            "high": "6.666",
            "low": "6.666",
            "close": "6.665"
        },
        {
            "time": "22.11.2020 08:07",
            "open": "6.665",
            "high": "6.666",
            "low": "6.665",
            "close": "6.66"
        },
        {
            "time": "22.11.2020 08:10",
            "open": "6.66",
            "high": "6.663",
            "low": "6.66",
            "close": "6.662"
        },
        {
            "time": "22.11.2020 08:11",
            "open": "6.662",
            "high": "6.662",
            "low": "6.662",
            "close": "6.659"
        },
        {
            "time": "22.11.2020 08:13",
            "open": "6.659",
            "high": "6.659",
            "low": "6.659",
            "close": "6.655"
        },
        {
            "time": "22.11.2020 08:15",
            "open": "6.655",
            "high": "6.655",
            "low": "6.655",
            "close": "6.655"
        },
        {
            "time": "22.11.2020 08:16",
            "open": "6.655",
            "high": "6.655",
            "low": "6.655",
            "close": "6.674"
        },
        {
            "time": "22.11.2020 08:20",
            "open": "6.674",
            "high": "6.676",
            "low": "6.674",
            "close": "6.654"
        },
        {
            "time": "22.11.2020 08:26",
            "open": "6.654",
            "high": "6.656",
            "low": "6.654",
            "close": "6.65"
        },
        {
            "time": "22.11.2020 08:27",
            "open": "6.65",
            "high": "6.65",
            "low": "6.65",
            "close": "6.64"
        },
        {
            "time": "22.11.2020 08:30",
            "open": "6.64",
            "high": "6.64",
            "low": "6.627",
            "close": "6.627"
        },
        {
            "time": "22.11.2020 08:31",
            "open": "6.627",
            "high": "6.627",
            "low": "6.627",
            "close": "6.611"
        },
        {
            "time": "22.11.2020 08:32",
            "open": "6.611",
            "high": "6.624",
            "low": "6.611",
            "close": "6.618"
        },
        {
            "time": "22.11.2020 08:36",
            "open": "6.618",
            "high": "6.618",
            "low": "6.615",
            "close": "6.615"
        },
        {
            "time": "22.11.2020 08:37",
            "open": "6.615",
            "high": "6.615",
            "low": "6.615",
            "close": "6.615"
        },
        {
            "time": "22.11.2020 08:43",
            "open": "6.615",
            "high": "6.615",
            "low": "6.615",
            "close": "6.658"
        },
        {
            "time": "22.11.2020 08:47",
            "open": "6.658",
            "high": "6.658",
            "low": "6.658",
            "close": "6.657"
        },
        {
            "time": "22.11.2020 08:48",
            "open": "6.657",
            "high": "6.657",
            "low": "6.657",
            "close": "6.676"
        },
        {
            "time": "22.11.2020 08:51",
            "open": "6.676",
            "high": "6.676",
            "low": "6.676",
            "close": "6.664"
        },
        {
            "time": "22.11.2020 08:54",
            "open": "6.664",
            "high": "6.894",
            "low": "6.664",
            "close": "6.668"
        },
        {
            "time": "22.11.2020 08:55",
            "open": "6.668",
            "high": "6.783",
            "low": "6.668",
            "close": "6.704"
        },
        {
            "time": "22.11.2020 08:56",
            "open": "6.704",
            "high": "6.704",
            "low": "6.704",
            "close": "6.685"
        },
        {
            "time": "22.11.2020 08:58",
            "open": "6.685",
            "high": "6.685",
            "low": "6.685",
            "close": "6.682"
        },
        {
            "time": "22.11.2020 09:02",
            "open": "6.682",
            "high": "6.682",
            "low": "6.682",
            "close": "6.684"
        },
        {
            "time": "22.11.2020 09:08",
            "open": "6.684",
            "high": "6.684",
            "low": "6.684",
            "close": "6.683"
        },
        {
            "time": "22.11.2020 09:12",
            "open": "6.683",
            "high": "6.683",
            "low": "6.683",
            "close": "6.685"
        },
        {
            "time": "22.11.2020 09:14",
            "open": "6.685",
            "high": "6.685",
            "low": "6.681",
            "close": "6.68"
        },
        {
            "time": "22.11.2020 09:18",
            "open": "6.68",
            "high": "6.68",
            "low": "6.68",
            "close": "6.68"
        },
        {
            "time": "22.11.2020 09:21",
            "open": "6.68",
            "high": "6.68",
            "low": "6.68",
            "close": "6.68"
        },
        {
            "time": "22.11.2020 09:25",
            "open": "6.68",
            "high": "6.68",
            "low": "6.674",
            "close": "6.679"
        },
        {
            "time": "22.11.2020 09:32",
            "open": "6.679",
            "high": "6.679",
            "low": "6.679",
            "close": "6.675"
        },
        {
            "time": "22.11.2020 09:33",
            "open": "6.675",
            "high": "6.675",
            "low": "6.675",
            "close": "6.681"
        },
        {
            "time": "22.11.2020 09:34",
            "open": "6.681",
            "high": "6.681",
            "low": "6.681",
            "close": "6.665"
        },
        {
            "time": "22.11.2020 09:39",
            "open": "6.665",
            "high": "6.665",
            "low": "6.665",
            "close": "6.651"
        },
        {
            "time": "22.11.2020 09:46",
            "open": "6.651",
            "high": "6.651",
            "low": "6.65",
            "close": "6.644"
        },
        {
            "time": "22.11.2020 09:47",
            "open": "6.644",
            "high": "6.644",
            "low": "6.644",
            "close": "6.637"
        },
        {
            "time": "22.11.2020 09:56",
            "open": "6.637",
            "high": "6.637",
            "low": "6.632",
            "close": "6.627"
        },
        {
            "time": "22.11.2020 09:57",
            "open": "6.627",
            "high": "6.627",
            "low": "6.602",
            "close": "6.616"
        },
        {
            "time": "22.11.2020 10:02",
            "open": "6.616",
            "high": "6.87",
            "low": "6.616",
            "close": "6.622"
        },
        {
            "time": "22.11.2020 10:03",
            "open": "6.622",
            "high": "6.622",
            "low": "6.622",
            "close": "6.614"
        },
        {
            "time": "22.11.2020 10:05",
            "open": "6.614",
            "high": "6.619",
            "low": "6.614",
            "close": "6.634"
        },
        {
            "time": "22.11.2020 10:10",
            "open": "6.634",
            "high": "6.634",
            "low": "6.634",
            "close": "6.628"
        },
        {
            "time": "22.11.2020 10:11",
            "open": "6.628",
            "high": "6.629",
            "low": "6.628",
            "close": "6.638"
        },
        {
            "time": "22.11.2020 10:12",
            "open": "6.638",
            "high": "6.638",
            "low": "6.638",
            "close": "6.638"
        },
        {
            "time": "22.11.2020 10:14",
            "open": "6.638",
            "high": "6.638",
            "low": "6.633",
            "close": "6.641"
        },
        {
            "time": "22.11.2020 10:18",
            "open": "6.641",
            "high": "6.641",
            "low": "6.641",
            "close": "6.646"
        },
        {
            "time": "22.11.2020 10:21",
            "open": "6.646",
            "high": "6.646",
            "low": "6.628",
            "close": "6.642"
        },
        {
            "time": "22.11.2020 10:31",
            "open": "6.642",
            "high": "6.642",
            "low": "6.642",
            "close": "6.641"
        },
        {
            "time": "22.11.2020 10:33",
            "open": "6.641",
            "high": "6.641",
            "low": "6.641",
            "close": "6.647"
        },
        {
            "time": "22.11.2020 10:34",
            "open": "6.647",
            "high": "6.647",
            "low": "6.647",
            "close": "6.648"
        },
        {
            "time": "22.11.2020 10:36",
            "open": "6.648",
            "high": "6.648",
            "low": "6.648",
            "close": "6.648"
        },
        {
            "time": "22.11.2020 10:38",
            "open": "6.648",
            "high": "6.659",
            "low": "6.648",
            "close": "6.658"
        },
        {
            "time": "22.11.2020 10:39",
            "open": "6.658",
            "high": "6.677",
            "low": "6.658",
            "close": "6.714"
        },
        {
            "time": "22.11.2020 10:43",
            "open": "6.714",
            "high": "6.715",
            "low": "6.714",
            "close": "6.714"
        },
        {
            "time": "22.11.2020 10:49",
            "open": "6.714",
            "high": "6.714",
            "low": "6.714",
            "close": "6.705"
        },
        {
            "time": "22.11.2020 10:51",
            "open": "6.705",
            "high": "6.705",
            "low": "6.705",
            "close": "6.697"
        },
        {
            "time": "22.11.2020 10:53",
            "open": "6.697",
            "high": "6.698",
            "low": "6.697",
            "close": "6.698"
        },
        {
            "time": "22.11.2020 10:54",
            "open": "6.698",
            "high": "6.698",
            "low": "6.698",
            "close": "6.692"
        },
        {
            "time": "22.11.2020 10:57",
            "open": "6.692",
            "high": "6.692",
            "low": "6.692",
            "close": "6.691"
        },
        {
            "time": "22.11.2020 11:00",
            "open": "6.691",
            "high": "6.691",
            "low": "6.686",
            "close": "6.689"
        },
        {
            "time": "22.11.2020 11:02",
            "open": "6.689",
            "high": "6.689",
            "low": "6.689",
            "close": "6.69"
        },
        {
            "time": "22.11.2020 11:03",
            "open": "6.69",
            "high": "6.69",
            "low": "6.69",
            "close": "6.69"
        },
        {
            "time": "22.11.2020 11:04",
            "open": "6.69",
            "high": "6.69",
            "low": "6.69",
            "close": "6.688"
        },
        {
            "time": "22.11.2020 11:05",
            "open": "6.688",
            "high": "6.688",
            "low": "6.686",
            "close": "6.681"
        },
        {
            "time": "22.11.2020 11:07",
            "open": "6.681",
            "high": "6.681",
            "low": "6.681",
            "close": "6.682"
        },
        {
            "time": "22.11.2020 11:13",
            "open": "6.682",
            "high": "6.682",
            "low": "6.682",
            "close": "6.682"
        },
        {
            "time": "22.11.2020 11:15",
            "open": "6.682",
            "high": "6.682",
            "low": "6.682",
            "close": "6.682"
        },
        {
            "time": "22.11.2020 11:17",
            "open": "6.682",
            "high": "6.682",
            "low": "6.682",
            "close": "6.686"
        },
        {
            "time": "22.11.2020 11:20",
            "open": "6.686",
            "high": "6.686",
            "low": "6.685",
            "close": "6.682"
        },
        {
            "time": "22.11.2020 11:23",
            "open": "6.682",
            "high": "6.682",
            "low": "6.682",
            "close": "6.668"
        },
        {
            "time": "22.11.2020 11:24",
            "open": "6.668",
            "high": "6.668",
            "low": "6.668",
            "close": "6.663"
        },
        {
            "time": "22.11.2020 11:27",
            "open": "6.663",
            "high": "6.663",
            "low": "6.656",
            "close": "6.665"
        },
        {
            "time": "22.11.2020 11:28",
            "open": "6.665",
            "high": "6.665",
            "low": "6.665",
            "close": "6.652"
        },
        {
            "time": "22.11.2020 11:30",
            "open": "6.652",
            "high": "6.652",
            "low": "6.65",
            "close": "6.65"
        },
        {
            "time": "22.11.2020 11:31",
            "open": "6.65",
            "high": "6.65",
            "low": "6.65",
            "close": "6.651"
        },
        {
            "time": "22.11.2020 11:32",
            "open": "6.651",
            "high": "6.651",
            "low": "6.651",
            "close": "6.663"
        },
        {
            "time": "22.11.2020 11:36",
            "open": "6.663",
            "high": "6.664",
            "low": "6.663",
            "close": "6.653"
        },
        {
            "time": "22.11.2020 11:37",
            "open": "6.653",
            "high": "6.66",
            "low": "6.653",
            "close": "6.657"
        },
        {
            "time": "22.11.2020 11:38",
            "open": "6.657",
            "high": "6.657",
            "low": "6.657",
            "close": "6.654"
        },
        {
            "time": "22.11.2020 11:40",
            "open": "6.654",
            "high": "6.654",
            "low": "6.652",
            "close": "6.652"
        },
        {
            "time": "22.11.2020 11:41",
            "open": "6.652",
            "high": "6.652",
            "low": "6.651",
            "close": "6.654"
        },
        {
            "time": "22.11.2020 11:43",
            "open": "6.654",
            "high": "6.654",
            "low": "6.654",
            "close": "6.656"
        },
        {
            "time": "22.11.2020 11:44",
            "open": "6.656",
            "high": "6.656",
            "low": "6.655",
            "close": "6.657"
        },
        {
            "time": "22.11.2020 11:45",
            "open": "6.657",
            "high": "6.659",
            "low": "6.657",
            "close": "6.656"
        },
        {
            "time": "22.11.2020 11:46",
            "open": "6.656",
            "high": "6.656",
            "low": "6.656",
            "close": "6.655"
        },
        {
            "time": "22.11.2020 11:47",
            "open": "6.655",
            "high": "6.666",
            "low": "6.652",
            "close": "6.653"
        },
        {
            "time": "22.11.2020 11:49",
            "open": "6.653",
            "high": "6.653",
            "low": "6.65",
            "close": "6.651"
        },
        {
            "time": "22.11.2020 11:50",
            "open": "6.651",
            "high": "6.651",
            "low": "6.65",
            "close": "6.65"
        },
        {
            "time": "22.11.2020 11:51",
            "open": "6.65",
            "high": "6.674",
            "low": "6.65",
            "close": "6.659"
        },
        {
            "time": "22.11.2020 11:52",
            "open": "6.659",
            "high": "6.659",
            "low": "6.659",
            "close": "6.651"
        },
        {
            "time": "22.11.2020 11:54",
            "open": "6.651",
            "high": "6.651",
            "low": "6.651",
            "close": "6.65"
        },
        {
            "time": "22.11.2020 11:55",
            "open": "6.65",
            "high": "6.651",
            "low": "6.62",
            "close": "6.639"
        },
        {
            "time": "22.11.2020 12:00",
            "open": "6.639",
            "high": "6.639",
            "low": "6.639",
            "close": "6.643"
        },
        {
            "time": "22.11.2020 12:01",
            "open": "6.643",
            "high": "6.687",
            "low": "6.643",
            "close": "6.625"
        },
        {
            "time": "22.11.2020 12:06",
            "open": "6.625",
            "high": "6.625",
            "low": "6.625",
            "close": "6.624"
        },
        {
            "time": "22.11.2020 12:08",
            "open": "6.624",
            "high": "6.624",
            "low": "6.624",
            "close": "6.624"
        },
        {
            "time": "22.11.2020 12:10",
            "open": "6.624",
            "high": "6.624",
            "low": "6.624",
            "close": "6.624"
        },
        {
            "time": "22.11.2020 12:19",
            "open": "6.624",
            "high": "6.625",
            "low": "6.62",
            "close": "6.621"
        },
        {
            "time": "22.11.2020 12:20",
            "open": "6.621",
            "high": "6.623",
            "low": "6.621",
            "close": "6.62"
        },
        {
            "time": "22.11.2020 12:23",
            "open": "6.62",
            "high": "6.62",
            "low": "6.603",
            "close": "6.601"
        },
        {
            "time": "22.11.2020 12:26",
            "open": "6.601",
            "high": "6.601",
            "low": "6.601",
            "close": "6.601"
        },
        {
            "time": "22.11.2020 12:27",
            "open": "6.601",
            "high": "6.601",
            "low": "6.601",
            "close": "6.601"
        },
        {
            "time": "22.11.2020 12:31",
            "open": "6.601",
            "high": "6.601",
            "low": "6.601",
            "close": "6.6"
        },
        {
            "time": "22.11.2020 12:33",
            "open": "6.6",
            "high": "6.601",
            "low": "6.597",
            "close": "6.59"
        },
        {
            "time": "22.11.2020 12:34",
            "open": "6.59",
            "high": "6.59",
            "low": "6.524",
            "close": "6.563"
        },
        {
            "time": "22.11.2020 12:35",
            "open": "6.563",
            "high": "6.563",
            "low": "6.563",
            "close": "6.597"
        },
        {
            "time": "22.11.2020 12:36",
            "open": "6.597",
            "high": "6.606",
            "low": "6.58",
            "close": "6.551"
        },
        {
            "time": "22.11.2020 12:38",
            "open": "6.551",
            "high": "6.551",
            "low": "6.551",
            "close": "6.557"
        },
        {
            "time": "22.11.2020 12:39",
            "open": "6.557",
            "high": "6.557",
            "low": "6.557",
            "close": "6.557"
        },
        {
            "time": "22.11.2020 12:40",
            "open": "6.557",
            "high": "6.558",
            "low": "6.557",
            "close": "6.557"
        },
        {
            "time": "22.11.2020 12:43",
            "open": "6.557",
            "high": "6.557",
            "low": "6.557",
            "close": "6.557"
        },
        {
            "time": "22.11.2020 12:49",
            "open": "6.557",
            "high": "6.557",
            "low": "6.557",
            "close": "6.557"
        },
        {
            "time": "22.11.2020 12:50",
            "open": "6.557",
            "high": "6.557",
            "low": "6.557",
            "close": "6.557"
        },
        {
            "time": "22.11.2020 12:51",
            "open": "6.557",
            "high": "6.557",
            "low": "6.538",
            "close": "6.537"
        },
        {
            "time": "22.11.2020 12:52",
            "open": "6.537",
            "high": "6.545",
            "low": "6.5",
            "close": "6.501"
        },
        {
            "time": "22.11.2020 12:53",
            "open": "6.501",
            "high": "6.518",
            "low": "6.5",
            "close": "6.5"
        },
        {
            "time": "22.11.2020 12:54",
            "open": "6.5",
            "high": "6.501",
            "low": "6.5",
            "close": "6.5"
        },
        {
            "time": "22.11.2020 12:55",
            "open": "6.5",
            "high": "6.512",
            "low": "6.49",
            "close": "6.499"
        },
        {
            "time": "22.11.2020 12:58",
            "open": "6.499",
            "high": "6.499",
            "low": "6.49",
            "close": "6.499"
        },
        {
            "time": "22.11.2020 13:00",
            "open": "6.499",
            "high": "6.499",
            "low": "6.499",
            "close": "6.5"
        },
        {
            "time": "22.11.2020 13:01",
            "open": "6.5",
            "high": "6.526",
            "low": "6.5",
            "close": "6.538"
        },
        {
            "time": "22.11.2020 13:02",
            "open": "6.538",
            "high": "6.545",
            "low": "6.538",
            "close": "6.545"
        },
        {
            "time": "22.11.2020 13:04",
            "open": "6.545",
            "high": "6.545",
            "low": "6.545",
            "close": "6.545"
        },
        {
            "time": "22.11.2020 13:05",
            "open": "6.545",
            "high": "6.545",
            "low": "6.545",
            "close": "6.536"
        },
        {
            "time": "22.11.2020 13:06",
            "open": "6.536",
            "high": "6.536",
            "low": "6.536",
            "close": "6.558"
        },
        {
            "time": "22.11.2020 13:10",
            "open": "6.558",
            "high": "6.563",
            "low": "6.558",
            "close": "6.583"
        },
        {
            "time": "22.11.2020 13:11",
            "open": "6.583",
            "high": "6.583",
            "low": "6.538",
            "close": "6.582"
        },
        {
            "time": "22.11.2020 13:13",
            "open": "6.582",
            "high": "6.582",
            "low": "6.582",
            "close": "6.594"
        },
        {
            "time": "22.11.2020 13:21",
            "open": "6.594",
            "high": "6.594",
            "low": "6.594",
            "close": "6.591"
        },
        {
            "time": "22.11.2020 13:22",
            "open": "6.591",
            "high": "6.599",
            "low": "6.591",
            "close": "6.598"
        },
        {
            "time": "22.11.2020 13:23",
            "open": "6.598",
            "high": "6.598",
            "low": "6.598",
            "close": "6.622"
        },
        {
            "time": "22.11.2020 13:24",
            "open": "6.622",
            "high": "6.622",
            "low": "6.622",
            "close": "6.599"
        },
        {
            "time": "22.11.2020 13:25",
            "open": "6.599",
            "high": "6.599",
            "low": "6.599",
            "close": "6.603"
        },
        {
            "time": "22.11.2020 13:28",
            "open": "6.603",
            "high": "6.603",
            "low": "6.603",
            "close": "6.622"
        },
        {
            "time": "22.11.2020 13:30",
            "open": "6.622",
            "high": "6.622",
            "low": "6.621",
            "close": "6.622"
        },
        {
            "time": "22.11.2020 13:31",
            "open": "6.622",
            "high": "6.643",
            "low": "6.622",
            "close": "6.622"
        },
        {
            "time": "22.11.2020 13:33",
            "open": "6.622",
            "high": "6.622",
            "low": "6.596",
            "close": "6.625"
        },
        {
            "time": "22.11.2020 13:35",
            "open": "6.625",
            "high": "6.625",
            "low": "6.625",
            "close": "6.605"
        },
        {
            "time": "22.11.2020 13:39",
            "open": "6.605",
            "high": "6.605",
            "low": "6.522",
            "close": "6.607"
        },
        {
            "time": "22.11.2020 13:42",
            "open": "6.607",
            "high": "6.607",
            "low": "6.607",
            "close": "6.623"
        },
        {
            "time": "22.11.2020 13:46",
            "open": "6.623",
            "high": "6.623",
            "low": "6.623",
            "close": "6.624"
        },
        {
            "time": "22.11.2020 13:51",
            "open": "6.624",
            "high": "6.624",
            "low": "6.624",
            "close": "6.623"
        },
        {
            "time": "22.11.2020 14:06",
            "open": "6.623",
            "high": "6.623",
            "low": "6.623",
            "close": "6.637"
        },
        {
            "time": "22.11.2020 14:10",
            "open": "6.637",
            "high": "6.754",
            "low": "6.637",
            "close": "6.623"
        },
        {
            "time": "22.11.2020 14:14",
            "open": "6.623",
            "high": "6.623",
            "low": "6.621",
            "close": "6.684"
        },
        {
            "time": "22.11.2020 14:21",
            "open": "6.684",
            "high": "6.684",
            "low": "6.684",
            "close": "6.655"
        },
        {
            "time": "22.11.2020 14:23",
            "open": "6.655",
            "high": "6.655",
            "low": "6.655",
            "close": "6.708"
        },
        {
            "time": "22.11.2020 14:25",
            "open": "6.708",
            "high": "6.708",
            "low": "6.708",
            "close": "6.686"
        },
        {
            "time": "22.11.2020 14:27",
            "open": "6.686",
            "high": "6.717",
            "low": "6.684",
            "close": "6.702"
        },
        {
            "time": "22.11.2020 14:35",
            "open": "6.702",
            "high": "6.702",
            "low": "6.702",
            "close": "6.705"
        },
        {
            "time": "22.11.2020 14:36",
            "open": "6.705",
            "high": "6.705",
            "low": "6.701",
            "close": "6.717"
        },
        {
            "time": "22.11.2020 14:40",
            "open": "6.717",
            "high": "6.726",
            "low": "6.717",
            "close": "6.691"
        },
        {
            "time": "22.11.2020 14:41",
            "open": "6.691",
            "high": "6.691",
            "low": "6.691",
            "close": "6.725"
        },
        {
            "time": "22.11.2020 14:44",
            "open": "6.725",
            "high": "6.736",
            "low": "6.725",
            "close": "6.73"
        },
        {
            "time": "22.11.2020 14:48",
            "open": "6.73",
            "high": "6.732",
            "low": "6.73",
            "close": "6.712"
        },
        {
            "time": "22.11.2020 14:50",
            "open": "6.712",
            "high": "6.712",
            "low": "6.712",
            "close": "6.72"
        },
        {
            "time": "22.11.2020 14:54",
            "open": "6.72",
            "high": "6.721",
            "low": "6.72",
            "close": "6.758"
        },
        {
            "time": "22.11.2020 15:13",
            "open": "6.758",
            "high": "6.759",
            "low": "6.758",
            "close": "6.734"
        },
        {
            "time": "22.11.2020 15:25",
            "open": "6.734",
            "high": "6.734",
            "low": "6.734",
            "close": "6.729"
        },
        {
            "time": "22.11.2020 15:26",
            "open": "6.729",
            "high": "6.729",
            "low": "6.729",
            "close": "6.719"
        },
        {
            "time": "22.11.2020 15:41",
            "open": "6.719",
            "high": "6.72",
            "low": "6.719",
            "close": "6.71"
        },
        {
            "time": "22.11.2020 15:53",
            "open": "6.71",
            "high": "6.71",
            "low": "6.71",
            "close": "6.71"
        },
        {
            "time": "22.11.2020 15:54",
            "open": "6.71",
            "high": "6.71",
            "low": "6.708",
            "close": "6.71"
        },
        {
            "time": "22.11.2020 15:55",
            "open": "6.71",
            "high": "6.71",
            "low": "6.709",
            "close": "6.71"
        },
        {
            "time": "22.11.2020 15:56",
            "open": "6.71",
            "high": "6.71",
            "low": "6.71",
            "close": "6.71"
        },
        {
            "time": "22.11.2020 16:01",
            "open": "6.71",
            "high": "6.71",
            "low": "6.71",
            "close": "6.741"
        },
        {
            "time": "22.11.2020 16:04",
            "open": "6.741",
            "high": "6.741",
            "low": "6.713",
            "close": "6.757"
        },
        {
            "time": "22.11.2020 16:07",
            "open": "6.757",
            "high": "6.757",
            "low": "6.757",
            "close": "6.764"
        },
        {
            "time": "22.11.2020 16:12",
            "open": "6.764",
            "high": "6.764",
            "low": "6.764",
            "close": "6.788"
        },
        {
            "time": "22.11.2020 16:13",
            "open": "6.788",
            "high": "6.806",
            "low": "6.788",
            "close": "6.807"
        },
        {
            "time": "22.11.2020 16:14",
            "open": "6.807",
            "high": "6.828",
            "low": "6.807",
            "close": "6.805"
        },
        {
            "time": "22.11.2020 16:15",
            "open": "6.805",
            "high": "6.827",
            "low": "6.805",
            "close": "6.817"
        },
        {
            "time": "22.11.2020 16:19",
            "open": "6.817",
            "high": "6.817",
            "low": "6.817",
            "close": "6.81"
        },
        {
            "time": "22.11.2020 16:20",
            "open": "6.81",
            "high": "6.81",
            "low": "6.809",
            "close": "6.804"
        },
        {
            "time": "22.11.2020 16:22",
            "open": "6.804",
            "high": "6.804",
            "low": "6.804",
            "close": "6.803"
        },
        {
            "time": "22.11.2020 16:26",
            "open": "6.803",
            "high": "6.803",
            "low": "6.803",
            "close": "6.757"
        },
        {
            "time": "22.11.2020 16:27",
            "open": "6.757",
            "high": "6.757",
            "low": "6.756",
            "close": "6.726"
        },
        {
            "time": "22.11.2020 16:30",
            "open": "6.726",
            "high": "6.726",
            "low": "6.726",
            "close": "6.726"
        },
        {
            "time": "22.11.2020 16:31",
            "open": "6.726",
            "high": "6.726",
            "low": "6.726",
            "close": "6.727"
        },
        {
            "time": "22.11.2020 16:32",
            "open": "6.727",
            "high": "6.727",
            "low": "6.726",
            "close": "6.726"
        },
        {
            "time": "22.11.2020 16:34",
            "open": "6.726",
            "high": "6.726",
            "low": "6.726",
            "close": "6.726"
        },
        {
            "time": "22.11.2020 16:35",
            "open": "6.726",
            "high": "6.726",
            "low": "6.726",
            "close": "6.755"
        },
        {
            "time": "22.11.2020 16:38",
            "open": "6.755",
            "high": "6.761",
            "low": "6.753",
            "close": "6.759"
        },
        {
            "time": "22.11.2020 16:39",
            "open": "6.759",
            "high": "6.759",
            "low": "6.759",
            "close": "6.747"
        },
        {
            "time": "22.11.2020 16:40",
            "open": "6.747",
            "high": "6.747",
            "low": "6.747",
            "close": "6.749"
        },
        {
            "time": "22.11.2020 16:41",
            "open": "6.749",
            "high": "6.75",
            "low": "6.749",
            "close": "6.75"
        },
        {
            "time": "22.11.2020 16:42",
            "open": "6.75",
            "high": "6.75",
            "low": "6.75",
            "close": "6.75"
        },
        {
            "time": "22.11.2020 16:45",
            "open": "6.75",
            "high": "6.788",
            "low": "6.75",
            "close": "6.788"
        },
        {
            "time": "22.11.2020 16:46",
            "open": "6.788",
            "high": "6.827",
            "low": "6.788",
            "close": "6.825"
        },
        {
            "time": "22.11.2020 16:47",
            "open": "6.825",
            "high": "6.849",
            "low": "6.824",
            "close": "6.847"
        },
        {
            "time": "22.11.2020 16:48",
            "open": "6.847",
            "high": "6.849",
            "low": "6.847",
            "close": "6.849"
        },
        {
            "time": "22.11.2020 16:49",
            "open": "6.849",
            "high": "6.849",
            "low": "6.849",
            "close": "6.849"
        },
        {
            "time": "22.11.2020 16:50",
            "open": "6.849",
            "high": "6.85",
            "low": "6.849",
            "close": "6.85"
        },
        {
            "time": "22.11.2020 16:53",
            "open": "6.85",
            "high": "6.899",
            "low": "6.85",
            "close": "6.899"
        },
        {
            "time": "22.11.2020 16:54",
            "open": "6.899",
            "high": "6.9",
            "low": "6.899",
            "close": "6.9"
        },
        {
            "time": "22.11.2020 16:55",
            "open": "6.9",
            "high": "6.9",
            "low": "6.9",
            "close": "6.887"
        },
        {
            "time": "22.11.2020 17:01",
            "open": "6.887",
            "high": "6.906",
            "low": "6.886",
            "close": "6.906"
        },
        {
            "time": "22.11.2020 17:02",
            "open": "6.906",
            "high": "6.934",
            "low": "6.906",
            "close": "6.934"
        },
        {
            "time": "22.11.2020 17:06",
            "open": "6.934",
            "high": "6.934",
            "low": "6.934",
            "close": "6.948"
        },
        {
            "time": "22.11.2020 17:07",
            "open": "6.948",
            "high": "6.95",
            "low": "6.948",
            "close": "6.973"
        },
        {
            "time": "22.11.2020 17:11",
            "open": "6.973",
            "high": "6.973",
            "low": "6.973",
            "close": "6.963"
        },
        {
            "time": "22.11.2020 17:12",
            "open": "6.963",
            "high": "6.973",
            "low": "6.963",
            "close": "6.973"
        },
        {
            "time": "22.11.2020 17:13",
            "open": "6.973",
            "high": "6.999",
            "low": "6.973",
            "close": "6.999"
        },
        {
            "time": "22.11.2020 17:14",
            "open": "6.999",
            "high": "7",
            "low": "6.999",
            "close": "7"
        },
        {
            "time": "22.11.2020 17:15",
            "open": "7",
            "high": "7",
            "low": "7",
            "close": "7.011"
        },
        {
            "time": "22.11.2020 17:16",
            "open": "7.011",
            "high": "7.029",
            "low": "7.011",
            "close": "7.021"
        },
        {
            "time": "22.11.2020 17:17",
            "open": "7.021",
            "high": "7.021",
            "low": "7.021",
            "close": "7.023"
        },
        {
            "time": "22.11.2020 17:19",
            "open": "7.023",
            "high": "7.023",
            "low": "7.023",
            "close": "7.017"
        },
        {
            "time": "22.11.2020 17:21",
            "open": "7.017",
            "high": "7.017",
            "low": "7.001",
            "close": "7.009"
        },
        {
            "time": "22.11.2020 17:23",
            "open": "7.009",
            "high": "7.009",
            "low": "7.009",
            "close": "7.01"
        },
        {
            "time": "22.11.2020 17:26",
            "open": "7.01",
            "high": "7.01",
            "low": "6.972",
            "close": "6.977"
        },
        {
            "time": "22.11.2020 17:27",
            "open": "6.977",
            "high": "6.991",
            "low": "6.977",
            "close": "6.96"
        },
        {
            "time": "22.11.2020 17:29",
            "open": "6.96",
            "high": "6.96",
            "low": "6.96",
            "close": "7"
        },
        {
            "time": "22.11.2020 17:35",
            "open": "7",
            "high": "7",
            "low": "7",
            "close": "6.999"
        },
        {
            "time": "22.11.2020 17:37",
            "open": "6.999",
            "high": "6.999",
            "low": "6.917",
            "close": "6.964"
        },
        {
            "time": "22.11.2020 17:50",
            "open": "6.964",
            "high": "6.964",
            "low": "6.964",
            "close": "6.979"
        },
        {
            "time": "22.11.2020 17:52",
            "open": "6.979",
            "high": "6.979",
            "low": "6.979",
            "close": "7"
        },
        {
            "time": "22.11.2020 17:54",
            "open": "7",
            "high": "7",
            "low": "7",
            "close": "7.011"
        },
        {
            "time": "22.11.2020 17:57",
            "open": "7.011",
            "high": "7.011",
            "low": "7.011",
            "close": "7.03"
        },
        {
            "time": "22.11.2020 17:58",
            "open": "7.03",
            "high": "7.03",
            "low": "7.029",
            "close": "7.022"
        },
        {
            "time": "22.11.2020 18:01",
            "open": "7.022",
            "high": "7.022",
            "low": "7.022",
            "close": "6.995"
        },
        {
            "time": "22.11.2020 18:05",
            "open": "6.995",
            "high": "6.995",
            "low": "6.995",
            "close": "6.976"
        },
        {
            "time": "22.11.2020 18:07",
            "open": "6.976",
            "high": "6.976",
            "low": "6.973",
            "close": "6.975"
        },
        {
            "time": "22.11.2020 18:09",
            "open": "6.975",
            "high": "6.975",
            "low": "6.975",
            "close": "6.965"
        },
        {
            "time": "22.11.2020 18:15",
            "open": "6.965",
            "high": "6.965",
            "low": "6.965",
            "close": "6.965"
        },
        {
            "time": "22.11.2020 18:17",
            "open": "6.965",
            "high": "6.965",
            "low": "6.959",
            "close": "6.984"
        },
        {
            "time": "22.11.2020 18:18",
            "open": "6.984",
            "high": "6.984",
            "low": "6.984",
            "close": "6.986"
        },
        {
            "time": "22.11.2020 18:19",
            "open": "6.986",
            "high": "6.986",
            "low": "6.986",
            "close": "6.98"
        },
        {
            "time": "22.11.2020 18:21",
            "open": "6.98",
            "high": "6.98",
            "low": "6.962",
            "close": "7"
        },
        {
            "time": "22.11.2020 18:24",
            "open": "7",
            "high": "7.039",
            "low": "7",
            "close": "7.003"
        },
        {
            "time": "22.11.2020 18:27",
            "open": "7.003",
            "high": "7.003",
            "low": "7.003",
            "close": "7.013"
        },
        {
            "time": "22.11.2020 18:29",
            "open": "7.013",
            "high": "7.013",
            "low": "7.013",
            "close": "7.022"
        },
        {
            "time": "22.11.2020 18:31",
            "open": "7.022",
            "high": "7.022",
            "low": "7.016",
            "close": "7.019"
        },
        {
            "time": "22.11.2020 18:32",
            "open": "7.019",
            "high": "7.019",
            "low": "7.018",
            "close": "7.023"
        },
        {
            "time": "22.11.2020 18:33",
            "open": "7.023",
            "high": "7.023",
            "low": "7.021",
            "close": "7.03"
        },
        {
            "time": "22.11.2020 18:35",
            "open": "7.03",
            "high": "7.032",
            "low": "7.03",
            "close": "7.037"
        },
        {
            "time": "22.11.2020 18:36",
            "open": "7.037",
            "high": "7.046",
            "low": "7.036",
            "close": "7.047"
        },
        {
            "time": "22.11.2020 18:37",
            "open": "7.047",
            "high": "7.051",
            "low": "7.047",
            "close": "7.062"
        },
        {
            "time": "22.11.2020 18:38",
            "open": "7.062",
            "high": "7.062",
            "low": "7.062",
            "close": "7.062"
        },
        {
            "time": "22.11.2020 18:39",
            "open": "7.062",
            "high": "7.08",
            "low": "7.062",
            "close": "7.08"
        },
        {
            "time": "22.11.2020 18:40",
            "open": "7.08",
            "high": "7.091",
            "low": "7.08",
            "close": "7.095"
        },
        {
            "time": "22.11.2020 18:42",
            "open": "7.095",
            "high": "7.096",
            "low": "7.095",
            "close": "7.074"
        },
        {
            "time": "22.11.2020 18:43",
            "open": "7.074",
            "high": "7.074",
            "low": "7.054",
            "close": "7.046"
        },
        {
            "time": "22.11.2020 18:47",
            "open": "7.046",
            "high": "7.046",
            "low": "7.046",
            "close": "7.045"
        },
        {
            "time": "22.11.2020 18:50",
            "open": "7.045",
            "high": "7.045",
            "low": "7.028",
            "close": "7.019"
        },
        {
            "time": "22.11.2020 19:01",
            "open": "7.019",
            "high": "7.019",
            "low": "7.018",
            "close": "7.018"
        },
        {
            "time": "22.11.2020 19:02",
            "open": "7.018",
            "high": "7.018",
            "low": "7.016",
            "close": "7.016"
        },
        {
            "time": "22.11.2020 19:03",
            "open": "7.016",
            "high": "7.017",
            "low": "7.016",
            "close": "7.016"
        },
        {
            "time": "22.11.2020 19:05",
            "open": "7.016",
            "high": "7.016",
            "low": "7.016",
            "close": "7.016"
        },
        {
            "time": "22.11.2020 19:16",
            "open": "7.016",
            "high": "7.028",
            "low": "7.002",
            "close": "7.028"
        },
        {
            "time": "22.11.2020 19:20",
            "open": "7.028",
            "high": "7.043",
            "low": "7.028",
            "close": "7.037"
        },
        {
            "time": "22.11.2020 19:21",
            "open": "7.037",
            "high": "7.048",
            "low": "7.037",
            "close": "7.05"
        },
        {
            "time": "22.11.2020 19:22",
            "open": "7.05",
            "high": "7.061",
            "low": "7.05",
            "close": "7.044"
        },
        {
            "time": "22.11.2020 19:23",
            "open": "7.044",
            "high": "7.044",
            "low": "7.043",
            "close": "7.067"
        },
        {
            "time": "22.11.2020 19:24",
            "open": "7.067",
            "high": "7.067",
            "low": "7.067",
            "close": "7.054"
        },
        {
            "time": "22.11.2020 19:26",
            "open": "7.054",
            "high": "7.054",
            "low": "7.025",
            "close": "7.096"
        },
        {
            "time": "22.11.2020 19:31",
            "open": "7.096",
            "high": "7.096",
            "low": "7.096",
            "close": "7.098"
        },
        {
            "time": "22.11.2020 19:34",
            "open": "7.098",
            "high": "7.098",
            "low": "7.098",
            "close": "7.098"
        },
        {
            "time": "22.11.2020 19:35",
            "open": "7.098",
            "high": "7.098",
            "low": "7.098",
            "close": "7.077"
        },
        {
            "time": "22.11.2020 19:36",
            "open": "7.077",
            "high": "7.077",
            "low": "7.077",
            "close": "7.098"
        },
        {
            "time": "22.11.2020 19:37",
            "open": "7.098",
            "high": "7.098",
            "low": "7.098",
            "close": "7.098"
        },
        {
            "time": "22.11.2020 19:39",
            "open": "7.098",
            "high": "7.098",
            "low": "7.098",
            "close": "7.087"
        },
        {
            "time": "22.11.2020 19:43",
            "open": "7.087",
            "high": "7.087",
            "low": "7.087",
            "close": "7.067"
        },
        {
            "time": "22.11.2020 19:46",
            "open": "7.067",
            "high": "7.067",
            "low": "7.054",
            "close": "7.088"
        },
        {
            "time": "22.11.2020 19:50",
            "open": "7.088",
            "high": "7.088",
            "low": "7.088",
            "close": "7.088"
        },
        {
            "time": "22.11.2020 19:51",
            "open": "7.088",
            "high": "7.088",
            "low": "7.088",
            "close": "7.046"
        },
        {
            "time": "22.11.2020 19:59",
            "open": "7.046",
            "high": "7.046",
            "low": "7.045",
            "close": "7.072"
        },
        {
            "time": "22.11.2020 20:02",
            "open": "7.072",
            "high": "7.072",
            "low": "7.072",
            "close": "7.059"
        },
        {
            "time": "22.11.2020 20:17",
            "open": "7.059",
            "high": "7.059",
            "low": "7.059",
            "close": "7.059"
        },
        {
            "time": "22.11.2020 20:18",
            "open": "7.059",
            "high": "7.059",
            "low": "7.032",
            "close": "7.07"
        },
        {
            "time": "22.11.2020 20:22",
            "open": "7.07",
            "high": "7.07",
            "low": "7.07",
            "close": "7.069"
        },
        {
            "time": "22.11.2020 20:28",
            "open": "7.069",
            "high": "7.069",
            "low": "7.069",
            "close": "7.057"
        },
        {
            "time": "22.11.2020 20:29",
            "open": "7.057",
            "high": "7.057",
            "low": "7.056",
            "close": "7.07"
        },
        {
            "time": "22.11.2020 20:30",
            "open": "7.07",
            "high": "7.07",
            "low": "7.07",
            "close": "7.039"
        },
        {
            "time": "22.11.2020 20:31",
            "open": "7.039",
            "high": "7.039",
            "low": "7.037",
            "close": "7.046"
        },
        {
            "time": "22.11.2020 20:33",
            "open": "7.046",
            "high": "7.063",
            "low": "7.041",
            "close": "7.04"
        },
        {
            "time": "22.11.2020 20:34",
            "open": "7.04",
            "high": "7.066",
            "low": "7.038",
            "close": "7.024"
        },
        {
            "time": "22.11.2020 20:41",
            "open": "7.024",
            "high": "7.024",
            "low": "7.024",
            "close": "7.018"
        },
        {
            "time": "22.11.2020 20:44",
            "open": "7.018",
            "high": "7.024",
            "low": "7.017",
            "close": "7.047"
        },
        {
            "time": "22.11.2020 20:45",
            "open": "7.047",
            "high": "7.047",
            "low": "7.047",
            "close": "7.029"
        },
        {
            "time": "22.11.2020 20:52",
            "open": "7.029",
            "high": "7.029",
            "low": "7.028",
            "close": "7.029"
        },
        {
            "time": "22.11.2020 20:57",
            "open": "7.029",
            "high": "7.029",
            "low": "7.028",
            "close": "7.028"
        },
        {
            "time": "22.11.2020 20:58",
            "open": "7.028",
            "high": "7.028",
            "low": "7.028",
            "close": "7.027"
        },
        {
            "time": "22.11.2020 21:00",
            "open": "7.027",
            "high": "7.028",
            "low": "7.027",
            "close": "7.054"
        },
        {
            "time": "22.11.2020 21:04",
            "open": "7.054",
            "high": "7.054",
            "low": "7.052",
            "close": "7.05"
        },
        {
            "time": "22.11.2020 21:08",
            "open": "7.05",
            "high": "7.05",
            "low": "7.046",
            "close": "7.051"
        },
        {
            "time": "22.11.2020 21:09",
            "open": "7.051",
            "high": "7.051",
            "low": "7.051",
            "close": "7.05"
        },
        {
            "time": "22.11.2020 21:10",
            "open": "7.05",
            "high": "7.05",
            "low": "7.05",
            "close": "7.051"
        },
        {
            "time": "22.11.2020 21:12",
            "open": "7.051",
            "high": "7.051",
            "low": "7.051",
            "close": "7.052"
        },
        {
            "time": "22.11.2020 21:14",
            "open": "7.052",
            "high": "7.054",
            "low": "7.052",
            "close": "7.054"
        },
        {
            "time": "22.11.2020 21:15",
            "open": "7.054",
            "high": "7.054",
            "low": "7.054",
            "close": "7.054"
        },
        {
            "time": "22.11.2020 21:16",
            "open": "7.054",
            "high": "7.054",
            "low": "7.025",
            "close": "7.054"
        },
        {
            "time": "22.11.2020 21:17",
            "open": "7.054",
            "high": "7.054",
            "low": "7.054",
            "close": "7.054"
        },
        {
            "time": "22.11.2020 21:18",
            "open": "7.054",
            "high": "7.054",
            "low": "7.054",
            "close": "7.024"
        },
        {
            "time": "22.11.2020 21:19",
            "open": "7.024",
            "high": "7.054",
            "low": "7.024",
            "close": "7.024"
        },
        {
            "time": "22.11.2020 21:20",
            "open": "7.024",
            "high": "7.052",
            "low": "7.024",
            "close": "7.052"
        },
        {
            "time": "22.11.2020 21:21",
            "open": "7.052",
            "high": "7.062",
            "low": "7.049",
            "close": "7.021"
        },
        {
            "time": "22.11.2020 21:32",
            "open": "7.021",
            "high": "7.021",
            "low": "7.021",
            "close": "7.046"
        },
        {
            "time": "22.11.2020 21:33",
            "open": "7.046",
            "high": "7.048",
            "low": "7.046",
            "close": "7.04"
        },
        {
            "time": "22.11.2020 21:35",
            "open": "7.04",
            "high": "7.04",
            "low": "7.04",
            "close": "7.022"
        },
        {
            "time": "22.11.2020 21:37",
            "open": "7.022",
            "high": "7.022",
            "low": "7.02",
            "close": "7.021"
        },
        {
            "time": "22.11.2020 21:38",
            "open": "7.021",
            "high": "7.021",
            "low": "7.021",
            "close": "7.023"
        },
        {
            "time": "22.11.2020 21:40",
            "open": "7.023",
            "high": "7.023",
            "low": "7.02",
            "close": "7.02"
        },
        {
            "time": "22.11.2020 21:42",
            "open": "7.02",
            "high": "7.02",
            "low": "7.016",
            "close": "7.016"
        },
        {
            "time": "22.11.2020 21:43",
            "open": "7.016",
            "high": "7.016",
            "low": "7.016",
            "close": "7.014"
        },
        {
            "time": "22.11.2020 21:44",
            "open": "7.014",
            "high": "7.014",
            "low": "7.014",
            "close": "7.02"
        },
        {
            "time": "22.11.2020 21:50",
            "open": "7.02",
            "high": "7.02",
            "low": "7.02",
            "close": "7.016"
        },
        {
            "time": "22.11.2020 21:51",
            "open": "7.016",
            "high": "7.016",
            "low": "7.016",
            "close": "7.015"
        },
        {
            "time": "22.11.2020 21:52",
            "open": "7.015",
            "high": "7.015",
            "low": "7.015",
            "close": "7.003"
        },
        {
            "time": "22.11.2020 21:53",
            "open": "7.003",
            "high": "7.003",
            "low": "7.002",
            "close": "7.016"
        },
        {
            "time": "22.11.2020 21:54",
            "open": "7.016",
            "high": "7.016",
            "low": "7.016",
            "close": "7.005"
        },
        {
            "time": "22.11.2020 22:02",
            "open": "7.005",
            "high": "7.005",
            "low": "7.004",
            "close": "7.006"
        },
        {
            "time": "22.11.2020 22:13",
            "open": "7.006",
            "high": "7.006",
            "low": "7.006",
            "close": "7.022"
        },
        {
            "time": "22.11.2020 22:16",
            "open": "7.022",
            "high": "7.022",
            "low": "7.012",
            "close": "7.006"
        },
        {
            "time": "22.11.2020 22:19",
            "open": "7.006",
            "high": "7.006",
            "low": "7.006",
            "close": "7.02"
        },
        {
            "time": "22.11.2020 22:22",
            "open": "7.02",
            "high": "7.02",
            "low": "7.02",
            "close": "7.023"
        },
        {
            "time": "22.11.2020 22:30",
            "open": "7.023",
            "high": "7.025",
            "low": "7.023",
            "close": "7.025"
        },
        {
            "time": "22.11.2020 22:32",
            "open": "7.025",
            "high": "7.032",
            "low": "7.025",
            "close": "7.037"
        },
        {
            "time": "22.11.2020 22:36",
            "open": "7.037",
            "high": "7.037",
            "low": "7.037",
            "close": "7.019"
        },
        {
            "time": "22.11.2020 23:06",
            "open": "7.019",
            "high": "7.019",
            "low": "7.019",
            "close": "7.012"
        },
        {
            "time": "22.11.2020 23:09",
            "open": "7.012",
            "high": "7.012",
            "low": "7.012",
            "close": "7.012"
        },
        {
            "time": "22.11.2020 23:10",
            "open": "7.012",
            "high": "7.012",
            "low": "7.012",
            "close": "7.012"
        },
        {
            "time": "22.11.2020 23:12",
            "open": "7.012",
            "high": "7.013",
            "low": "7.012",
            "close": "7.012"
        },
        {
            "time": "22.11.2020 23:13",
            "open": "7.012",
            "high": "7.012",
            "low": "7.012",
            "close": "7"
        },
        {
            "time": "22.11.2020 23:15",
            "open": "7",
            "high": "7",
            "low": "7",
            "close": "6.986"
        },
        {
            "time": "22.11.2020 23:20",
            "open": "6.986",
            "high": "6.986",
            "low": "6.985",
            "close": "7.019"
        },
        {
            "time": "22.11.2020 23:23",
            "open": "7.019",
            "high": "7.019",
            "low": "7.019",
            "close": "7.027"
        },
        {
            "time": "22.11.2020 23:26",
            "open": "7.027",
            "high": "7.028",
            "low": "7.026",
            "close": "7.029"
        },
        {
            "time": "22.11.2020 23:27",
            "open": "7.029",
            "high": "7.029",
            "low": "7.028",
            "close": "7.028"
        },
        {
            "time": "22.11.2020 23:28",
            "open": "7.028",
            "high": "7.03",
            "low": "7.028",
            "close": "7.03"
        },
        {
            "time": "22.11.2020 23:29",
            "open": "7.03",
            "high": "7.03",
            "low": "7.03",
            "close": "7.006"
        },
        {
            "time": "22.11.2020 23:32",
            "open": "7.006",
            "high": "7.006",
            "low": "7.005",
            "close": "7.027"
        },
        {
            "time": "22.11.2020 23:36",
            "open": "7.027",
            "high": "7.027",
            "low": "7.027",
            "close": "7.028"
        },
        {
            "time": "22.11.2020 23:47",
            "open": "7.028",
            "high": "7.028",
            "low": "7.008",
            "close": "7.008"
        },
        {
            "time": "22.11.2020 23:48",
            "open": "7.008",
            "high": "7.008",
            "low": "7.008",
            "close": "7.024"
        }
    ]
}