{
    "UMA-EUR": [
        {
            "time": "27.07.2021 23:42",
            "open": "7.18",
            "high": "7.188",
            "low": "7.18",
            "close": "7.161"
        },
        {
            "time": "28.07.2021 00:08",
            "open": "7.161",
            "high": "7.161",
            "low": "7.161",
            "close": "7.158"
        },
        {
            "time": "28.07.2021 00:15",
            "open": "7.158",
            "high": "7.158",
            "low": "7.158",
            "close": "7.155"
        },
        {
            "time": "28.07.2021 00:16",
            "open": "7.155",
            "high": "7.174",
            "low": "7.155",
            "close": "7.185"
        },
        {
            "time": "28.07.2021 00:24",
            "open": "7.185",
            "high": "7.185",
            "low": "7.185",
            "close": "7.19"
        },
        {
            "time": "28.07.2021 00:25",
            "open": "7.19",
            "high": "7.19",
            "low": "7.19",
            "close": "7.19"
        },
        {
            "time": "28.07.2021 00:26",
            "open": "7.19",
            "high": "7.19",
            "low": "7.179",
            "close": "7.195"
        },
        {
            "time": "28.07.2021 00:30",
            "open": "7.195",
            "high": "7.195",
            "low": "7.195",
            "close": "7.2"
        },
        {
            "time": "28.07.2021 00:33",
            "open": "7.2",
            "high": "7.225",
            "low": "7.2",
            "close": "7.23"
        },
        {
            "time": "28.07.2021 00:34",
            "open": "7.23",
            "high": "7.23",
            "low": "7.23",
            "close": "7.235"
        },
        {
            "time": "28.07.2021 00:38",
            "open": "7.235",
            "high": "7.24",
            "low": "7.235",
            "close": "7.245"
        },
        {
            "time": "28.07.2021 00:39",
            "open": "7.245",
            "high": "7.25",
            "low": "7.245",
            "close": "7.255"
        },
        {
            "time": "28.07.2021 00:40",
            "open": "7.255",
            "high": "7.26",
            "low": "7.255",
            "close": "7.265"
        },
        {
            "time": "28.07.2021 00:41",
            "open": "7.265",
            "high": "7.265",
            "low": "7.265",
            "close": "7.27"
        },
        {
            "time": "28.07.2021 00:42",
            "open": "7.27",
            "high": "7.27",
            "low": "7.27",
            "close": "7.275"
        },
        {
            "time": "28.07.2021 00:43",
            "open": "7.275",
            "high": "7.28",
            "low": "7.275",
            "close": "7.285"
        },
        {
            "time": "28.07.2021 00:44",
            "open": "7.285",
            "high": "7.29",
            "low": "7.285",
            "close": "7.295"
        },
        {
            "time": "28.07.2021 00:45",
            "open": "7.295",
            "high": "7.3",
            "low": "7.295",
            "close": "7.305"
        },
        {
            "time": "28.07.2021 00:46",
            "open": "7.305",
            "high": "7.321",
            "low": "7.305",
            "close": "7.294"
        },
        {
            "time": "28.07.2021 00:47",
            "open": "7.294",
            "high": "7.294",
            "low": "7.29",
            "close": "7.296"
        },
        {
            "time": "28.07.2021 00:50",
            "open": "7.296",
            "high": "7.296",
            "low": "7.296",
            "close": "7.32"
        },
        {
            "time": "28.07.2021 00:55",
            "open": "7.32",
            "high": "7.325",
            "low": "7.32",
            "close": "7.295"
        },
        {
            "time": "28.07.2021 00:58",
            "open": "7.295",
            "high": "7.295",
            "low": "7.295",
            "close": "7.295"
        },
        {
            "time": "28.07.2021 00:59",
            "open": "7.295",
            "high": "7.295",
            "low": "7.288",
            "close": "7.288"
        },
        {
            "time": "28.07.2021 01:00",
            "open": "7.288",
            "high": "7.288",
            "low": "7.286",
            "close": "7.285"
        },
        {
            "time": "28.07.2021 01:01",
            "open": "7.285",
            "high": "7.285",
            "low": "7.27",
            "close": "7.27"
        },
        {
            "time": "28.07.2021 01:02",
            "open": "7.27",
            "high": "7.27",
            "low": "7.231",
            "close": "7.23"
        },
        {
            "time": "28.07.2021 01:03",
            "open": "7.23",
            "high": "7.23",
            "low": "7.205",
            "close": "7.217"
        },
        {
            "time": "28.07.2021 01:05",
            "open": "7.217",
            "high": "7.231",
            "low": "7.217",
            "close": "7.24"
        },
        {
            "time": "28.07.2021 01:12",
            "open": "7.24",
            "high": "7.245",
            "low": "7.24",
            "close": "7.236"
        },
        {
            "time": "28.07.2021 01:14",
            "open": "7.236",
            "high": "7.236",
            "low": "7.235",
            "close": "7.236"
        },
        {
            "time": "28.07.2021 01:15",
            "open": "7.236",
            "high": "7.236",
            "low": "7.236",
            "close": "7.222"
        },
        {
            "time": "28.07.2021 01:18",
            "open": "7.222",
            "high": "7.222",
            "low": "7.219",
            "close": "7.234"
        },
        {
            "time": "28.07.2021 01:30",
            "open": "7.234",
            "high": "7.234",
            "low": "7.234",
            "close": "7.215"
        },
        {
            "time": "28.07.2021 01:35",
            "open": "7.215",
            "high": "7.215",
            "low": "7.215",
            "close": "7.217"
        },
        {
            "time": "28.07.2021 01:38",
            "open": "7.217",
            "high": "7.217",
            "low": "7.21",
            "close": "7.239"
        },
        {
            "time": "28.07.2021 01:50",
            "open": "7.239",
            "high": "7.239",
            "low": "7.239",
            "close": "7.24"
        },
        {
            "time": "28.07.2021 01:51",
            "open": "7.24",
            "high": "7.24",
            "low": "7.237",
            "close": "7.245"
        },
        {
            "time": "28.07.2021 01:52",
            "open": "7.245",
            "high": "7.245",
            "low": "7.245",
            "close": "7.25"
        },
        {
            "time": "28.07.2021 01:54",
            "open": "7.25",
            "high": "7.27",
            "low": "7.25",
            "close": "7.275"
        },
        {
            "time": "28.07.2021 01:58",
            "open": "7.275",
            "high": "7.28",
            "low": "7.275",
            "close": "7.285"
        },
        {
            "time": "28.07.2021 01:59",
            "open": "7.285",
            "high": "7.29",
            "low": "7.285",
            "close": "7.295"
        },
        {
            "time": "28.07.2021 02:03",
            "open": "7.295",
            "high": "7.295",
            "low": "7.286",
            "close": "7.265"
        },
        {
            "time": "28.07.2021 02:04",
            "open": "7.265",
            "high": "7.265",
            "low": "7.265",
            "close": "7.265"
        },
        {
            "time": "28.07.2021 02:05",
            "open": "7.265",
            "high": "7.265",
            "low": "7.255",
            "close": "7.25"
        },
        {
            "time": "28.07.2021 02:07",
            "open": "7.25",
            "high": "7.25",
            "low": "7.245",
            "close": "7.245"
        },
        {
            "time": "28.07.2021 02:08",
            "open": "7.245",
            "high": "7.245",
            "low": "7.235",
            "close": "7.235"
        },
        {
            "time": "28.07.2021 02:09",
            "open": "7.235",
            "high": "7.235",
            "low": "7.225",
            "close": "7.225"
        },
        {
            "time": "28.07.2021 02:10",
            "open": "7.225",
            "high": "7.225",
            "low": "7.215",
            "close": "7.235"
        },
        {
            "time": "28.07.2021 02:17",
            "open": "7.235",
            "high": "7.235",
            "low": "7.235",
            "close": "7.245"
        },
        {
            "time": "28.07.2021 02:21",
            "open": "7.245",
            "high": "7.245",
            "low": "7.245",
            "close": "7.25"
        },
        {
            "time": "28.07.2021 02:22",
            "open": "7.25",
            "high": "7.25",
            "low": "7.25",
            "close": "7.255"
        },
        {
            "time": "28.07.2021 02:23",
            "open": "7.255",
            "high": "7.255",
            "low": "7.255",
            "close": "7.26"
        },
        {
            "time": "28.07.2021 02:24",
            "open": "7.26",
            "high": "7.265",
            "low": "7.26",
            "close": "7.27"
        },
        {
            "time": "28.07.2021 02:25",
            "open": "7.27",
            "high": "7.28",
            "low": "7.27",
            "close": "7.25"
        },
        {
            "time": "28.07.2021 02:28",
            "open": "7.25",
            "high": "7.25",
            "low": "7.245",
            "close": "7.24"
        },
        {
            "time": "28.07.2021 02:29",
            "open": "7.24",
            "high": "7.24",
            "low": "7.24",
            "close": "7.24"
        },
        {
            "time": "28.07.2021 02:30",
            "open": "7.24",
            "high": "7.24",
            "low": "7.23",
            "close": "7.26"
        },
        {
            "time": "28.07.2021 02:33",
            "open": "7.26",
            "high": "7.265",
            "low": "7.26",
            "close": "7.235"
        },
        {
            "time": "28.07.2021 02:42",
            "open": "7.235",
            "high": "7.235",
            "low": "7.235",
            "close": "7.262"
        },
        {
            "time": "28.07.2021 02:52",
            "open": "7.262",
            "high": "7.262",
            "low": "7.262",
            "close": "7.265"
        },
        {
            "time": "28.07.2021 02:57",
            "open": "7.265",
            "high": "7.265",
            "low": "7.265",
            "close": "7.27"
        },
        {
            "time": "28.07.2021 02:58",
            "open": "7.27",
            "high": "7.275",
            "low": "7.27",
            "close": "7.263"
        },
        {
            "time": "28.07.2021 03:03",
            "open": "7.263",
            "high": "7.263",
            "low": "7.262",
            "close": "7.28"
        },
        {
            "time": "28.07.2021 03:08",
            "open": "7.28",
            "high": "7.28",
            "low": "7.28",
            "close": "7.285"
        },
        {
            "time": "28.07.2021 03:10",
            "open": "7.285",
            "high": "7.285",
            "low": "7.285",
            "close": "7.29"
        },
        {
            "time": "28.07.2021 03:11",
            "open": "7.29",
            "high": "7.305",
            "low": "7.29",
            "close": "7.31"
        },
        {
            "time": "28.07.2021 03:13",
            "open": "7.31",
            "high": "7.31",
            "low": "7.31",
            "close": "7.315"
        },
        {
            "time": "28.07.2021 03:18",
            "open": "7.315",
            "high": "7.315",
            "low": "7.315",
            "close": "7.314"
        },
        {
            "time": "28.07.2021 03:29",
            "open": "7.314",
            "high": "7.314",
            "low": "7.314",
            "close": "7.32"
        },
        {
            "time": "28.07.2021 03:30",
            "open": "7.32",
            "high": "7.32",
            "low": "7.32",
            "close": "7.325"
        },
        {
            "time": "28.07.2021 03:34",
            "open": "7.325",
            "high": "7.325",
            "low": "7.325",
            "close": "7.33"
        },
        {
            "time": "28.07.2021 03:35",
            "open": "7.33",
            "high": "7.35",
            "low": "7.33",
            "close": "7.343"
        },
        {
            "time": "28.07.2021 03:36",
            "open": "7.343",
            "high": "7.343",
            "low": "7.343",
            "close": "7.332"
        },
        {
            "time": "28.07.2021 03:42",
            "open": "7.332",
            "high": "7.332",
            "low": "7.323",
            "close": "7.35"
        },
        {
            "time": "28.07.2021 03:46",
            "open": "7.35",
            "high": "7.355",
            "low": "7.35",
            "close": "7.36"
        },
        {
            "time": "28.07.2021 03:51",
            "open": "7.36",
            "high": "7.36",
            "low": "7.36",
            "close": "7.365"
        },
        {
            "time": "28.07.2021 03:52",
            "open": "7.365",
            "high": "7.365",
            "low": "7.365",
            "close": "7.37"
        },
        {
            "time": "28.07.2021 03:53",
            "open": "7.37",
            "high": "7.37",
            "low": "7.37",
            "close": "7.375"
        },
        {
            "time": "28.07.2021 03:54",
            "open": "7.375",
            "high": "7.375",
            "low": "7.365",
            "close": "7.379"
        },
        {
            "time": "28.07.2021 03:55",
            "open": "7.379",
            "high": "7.379",
            "low": "7.379",
            "close": "7.38"
        },
        {
            "time": "28.07.2021 04:00",
            "open": "7.38",
            "high": "7.38",
            "low": "7.38",
            "close": "7.373"
        },
        {
            "time": "28.07.2021 04:01",
            "open": "7.373",
            "high": "7.373",
            "low": "7.37",
            "close": "7.376"
        },
        {
            "time": "28.07.2021 04:02",
            "open": "7.376",
            "high": "7.376",
            "low": "7.362",
            "close": "7.35"
        },
        {
            "time": "28.07.2021 04:03",
            "open": "7.35",
            "high": "7.35",
            "low": "7.35",
            "close": "7.35"
        },
        {
            "time": "28.07.2021 04:04",
            "open": "7.35",
            "high": "7.35",
            "low": "7.35",
            "close": "7.38"
        },
        {
            "time": "28.07.2021 04:13",
            "open": "7.38",
            "high": "7.386",
            "low": "7.38",
            "close": "7.39"
        },
        {
            "time": "28.07.2021 04:14",
            "open": "7.39",
            "high": "7.401",
            "low": "7.39",
            "close": "7.371"
        },
        {
            "time": "28.07.2021 04:22",
            "open": "7.371",
            "high": "7.371",
            "low": "7.371",
            "close": "7.37"
        },
        {
            "time": "28.07.2021 04:23",
            "open": "7.37",
            "high": "7.37",
            "low": "7.37",
            "close": "7.37"
        },
        {
            "time": "28.07.2021 04:27",
            "open": "7.37",
            "high": "7.37",
            "low": "7.345",
            "close": "7.34"
        },
        {
            "time": "28.07.2021 04:28",
            "open": "7.34",
            "high": "7.34",
            "low": "7.335",
            "close": "7.343"
        },
        {
            "time": "28.07.2021 04:34",
            "open": "7.343",
            "high": "7.343",
            "low": "7.343",
            "close": "7.341"
        },
        {
            "time": "28.07.2021 04:37",
            "open": "7.341",
            "high": "7.341",
            "low": "7.341",
            "close": "7.341"
        },
        {
            "time": "28.07.2021 04:47",
            "open": "7.341",
            "high": "7.342",
            "low": "7.341",
            "close": "7.335"
        },
        {
            "time": "28.07.2021 04:57",
            "open": "7.335",
            "high": "7.335",
            "low": "7.325",
            "close": "7.325"
        },
        {
            "time": "28.07.2021 04:58",
            "open": "7.325",
            "high": "7.325",
            "low": "7.31",
            "close": "7.305"
        },
        {
            "time": "28.07.2021 04:59",
            "open": "7.305",
            "high": "7.305",
            "low": "7.29",
            "close": "7.29"
        },
        {
            "time": "28.07.2021 05:01",
            "open": "7.29",
            "high": "7.29",
            "low": "7.245",
            "close": "7.245"
        },
        {
            "time": "28.07.2021 05:02",
            "open": "7.245",
            "high": "7.245",
            "low": "7.245",
            "close": "7.24"
        },
        {
            "time": "28.07.2021 05:03",
            "open": "7.24",
            "high": "7.24",
            "low": "7.24",
            "close": "7.24"
        },
        {
            "time": "28.07.2021 05:04",
            "open": "7.24",
            "high": "7.24",
            "low": "7.225",
            "close": "7.26"
        },
        {
            "time": "28.07.2021 05:20",
            "open": "7.26",
            "high": "7.285",
            "low": "7.26",
            "close": "7.29"
        },
        {
            "time": "28.07.2021 05:21",
            "open": "7.29",
            "high": "7.29",
            "low": "7.29",
            "close": "7.295"
        },
        {
            "time": "28.07.2021 05:27",
            "open": "7.295",
            "high": "7.295",
            "low": "7.295",
            "close": "7.3"
        },
        {
            "time": "28.07.2021 05:28",
            "open": "7.3",
            "high": "7.3",
            "low": "7.3",
            "close": "7.3"
        },
        {
            "time": "28.07.2021 05:29",
            "open": "7.3",
            "high": "7.3",
            "low": "7.3",
            "close": "7.3"
        },
        {
            "time": "28.07.2021 05:30",
            "open": "7.3",
            "high": "7.31",
            "low": "7.3",
            "close": "7.315"
        },
        {
            "time": "28.07.2021 05:31",
            "open": "7.315",
            "high": "7.325",
            "low": "7.315",
            "close": "7.33"
        },
        {
            "time": "28.07.2021 05:33",
            "open": "7.33",
            "high": "7.34",
            "low": "7.33",
            "close": "7.31"
        },
        {
            "time": "28.07.2021 05:41",
            "open": "7.31",
            "high": "7.31",
            "low": "7.295",
            "close": "7.295"
        },
        {
            "time": "28.07.2021 05:42",
            "open": "7.295",
            "high": "7.295",
            "low": "7.27",
            "close": "7.265"
        },
        {
            "time": "28.07.2021 05:43",
            "open": "7.265",
            "high": "7.265",
            "low": "7.265",
            "close": "7.26"
        },
        {
            "time": "28.07.2021 05:44",
            "open": "7.26",
            "high": "7.26",
            "low": "7.26",
            "close": "7.26"
        },
        {
            "time": "28.07.2021 05:49",
            "open": "7.26",
            "high": "7.26",
            "low": "7.26",
            "close": "7.255"
        },
        {
            "time": "28.07.2021 06:00",
            "open": "7.255",
            "high": "7.262",
            "low": "7.255",
            "close": "7.272"
        },
        {
            "time": "28.07.2021 06:05",
            "open": "7.272",
            "high": "7.272",
            "low": "7.272",
            "close": "7.273"
        },
        {
            "time": "28.07.2021 06:06",
            "open": "7.273",
            "high": "7.273",
            "low": "7.273",
            "close": "7.255"
        },
        {
            "time": "28.07.2021 06:08",
            "open": "7.255",
            "high": "7.255",
            "low": "7.255",
            "close": "7.25"
        },
        {
            "time": "28.07.2021 06:09",
            "open": "7.25",
            "high": "7.25",
            "low": "7.25",
            "close": "7.245"
        },
        {
            "time": "28.07.2021 06:10",
            "open": "7.245",
            "high": "7.245",
            "low": "7.245",
            "close": "7.24"
        },
        {
            "time": "28.07.2021 06:11",
            "open": "7.24",
            "high": "7.24",
            "low": "7.23",
            "close": "7.227"
        },
        {
            "time": "28.07.2021 06:35",
            "open": "7.227",
            "high": "7.233",
            "low": "7.227",
            "close": "7.225"
        },
        {
            "time": "28.07.2021 06:36",
            "open": "7.225",
            "high": "7.225",
            "low": "7.223",
            "close": "7.22"
        },
        {
            "time": "28.07.2021 06:40",
            "open": "7.22",
            "high": "7.22",
            "low": "7.22",
            "close": "7.229"
        },
        {
            "time": "28.07.2021 06:56",
            "open": "7.229",
            "high": "7.229",
            "low": "7.229",
            "close": "7.22"
        },
        {
            "time": "28.07.2021 06:59",
            "open": "7.22",
            "high": "7.22",
            "low": "7.215",
            "close": "7.21"
        },
        {
            "time": "28.07.2021 07:00",
            "open": "7.21",
            "high": "7.215",
            "low": "7.21",
            "close": "7.231"
        },
        {
            "time": "28.07.2021 07:11",
            "open": "7.231",
            "high": "7.231",
            "low": "7.226",
            "close": "7.24"
        },
        {
            "time": "28.07.2021 07:20",
            "open": "7.24",
            "high": "7.255",
            "low": "7.24",
            "close": "7.259"
        },
        {
            "time": "28.07.2021 07:27",
            "open": "7.259",
            "high": "7.265",
            "low": "7.259",
            "close": "7.267"
        },
        {
            "time": "28.07.2021 07:28",
            "open": "7.267",
            "high": "7.267",
            "low": "7.267",
            "close": "7.265"
        },
        {
            "time": "28.07.2021 07:29",
            "open": "7.265",
            "high": "7.267",
            "low": "7.265",
            "close": "7.269"
        },
        {
            "time": "28.07.2021 07:31",
            "open": "7.269",
            "high": "7.269",
            "low": "7.268",
            "close": "7.27"
        },
        {
            "time": "28.07.2021 07:44",
            "open": "7.27",
            "high": "7.27",
            "low": "7.266",
            "close": "7.272"
        },
        {
            "time": "28.07.2021 07:50",
            "open": "7.272",
            "high": "7.272",
            "low": "7.272",
            "close": "7.256"
        },
        {
            "time": "28.07.2021 07:51",
            "open": "7.256",
            "high": "7.256",
            "low": "7.25",
            "close": "7.253"
        },
        {
            "time": "28.07.2021 07:56",
            "open": "7.253",
            "high": "7.253",
            "low": "7.253",
            "close": "7.245"
        },
        {
            "time": "28.07.2021 07:59",
            "open": "7.245",
            "high": "7.245",
            "low": "7.245",
            "close": "7.24"
        },
        {
            "time": "28.07.2021 08:13",
            "open": "7.24",
            "high": "7.24",
            "low": "7.24",
            "close": "7.235"
        },
        {
            "time": "28.07.2021 08:17",
            "open": "7.235",
            "high": "7.235",
            "low": "7.225",
            "close": "7.22"
        },
        {
            "time": "28.07.2021 08:18",
            "open": "7.22",
            "high": "7.22",
            "low": "7.21",
            "close": "7.207"
        },
        {
            "time": "28.07.2021 08:24",
            "open": "7.207",
            "high": "7.207",
            "low": "7.207",
            "close": "7.231"
        },
        {
            "time": "28.07.2021 08:35",
            "open": "7.231",
            "high": "7.231",
            "low": "7.226",
            "close": "7.24"
        },
        {
            "time": "28.07.2021 08:40",
            "open": "7.24",
            "high": "7.25",
            "low": "7.228",
            "close": "7.228"
        },
        {
            "time": "28.07.2021 08:41",
            "open": "7.228",
            "high": "7.228",
            "low": "7.22",
            "close": "7.22"
        },
        {
            "time": "28.07.2021 08:42",
            "open": "7.22",
            "high": "7.22",
            "low": "7.165",
            "close": "7.165"
        },
        {
            "time": "28.07.2021 08:43",
            "open": "7.165",
            "high": "7.165",
            "low": "7.1",
            "close": "7.13"
        },
        {
            "time": "28.07.2021 08:48",
            "open": "7.13",
            "high": "7.13",
            "low": "7.13",
            "close": "7.133"
        },
        {
            "time": "28.07.2021 08:54",
            "open": "7.133",
            "high": "7.133",
            "low": "7.133",
            "close": "7.13"
        },
        {
            "time": "28.07.2021 08:59",
            "open": "7.13",
            "high": "7.13",
            "low": "7.13",
            "close": "7.135"
        },
        {
            "time": "28.07.2021 09:00",
            "open": "7.135",
            "high": "7.135",
            "low": "7.135",
            "close": "7.14"
        },
        {
            "time": "28.07.2021 09:01",
            "open": "7.14",
            "high": "7.143",
            "low": "7.14",
            "close": "7.145"
        },
        {
            "time": "28.07.2021 09:02",
            "open": "7.145",
            "high": "7.15",
            "low": "7.145",
            "close": "7.155"
        },
        {
            "time": "28.07.2021 09:07",
            "open": "7.155",
            "high": "7.174",
            "low": "7.155",
            "close": "7.143"
        },
        {
            "time": "28.07.2021 09:15",
            "open": "7.143",
            "high": "7.143",
            "low": "7.143",
            "close": "7.175"
        },
        {
            "time": "28.07.2021 09:24",
            "open": "7.175",
            "high": "7.175",
            "low": "7.175",
            "close": "7.18"
        },
        {
            "time": "28.07.2021 09:28",
            "open": "7.18",
            "high": "7.184",
            "low": "7.18",
            "close": "7.185"
        },
        {
            "time": "28.07.2021 09:40",
            "open": "7.185",
            "high": "7.185",
            "low": "7.185",
            "close": "7.19"
        },
        {
            "time": "28.07.2021 09:41",
            "open": "7.19",
            "high": "7.205",
            "low": "7.19",
            "close": "7.21"
        },
        {
            "time": "28.07.2021 09:42",
            "open": "7.21",
            "high": "7.21",
            "low": "7.21",
            "close": "7.21"
        },
        {
            "time": "28.07.2021 09:43",
            "open": "7.21",
            "high": "7.21",
            "low": "7.21",
            "close": "7.215"
        },
        {
            "time": "28.07.2021 09:45",
            "open": "7.215",
            "high": "7.215",
            "low": "7.215",
            "close": "7.207"
        },
        {
            "time": "28.07.2021 09:46",
            "open": "7.207",
            "high": "7.207",
            "low": "7.207",
            "close": "7.207"
        },
        {
            "time": "28.07.2021 09:51",
            "open": "7.207",
            "high": "7.207",
            "low": "7.207",
            "close": "7.207"
        },
        {
            "time": "28.07.2021 09:55",
            "open": "7.207",
            "high": "7.207",
            "low": "7.207",
            "close": "7.22"
        },
        {
            "time": "28.07.2021 09:58",
            "open": "7.22",
            "high": "7.255",
            "low": "7.219",
            "close": "7.26"
        },
        {
            "time": "28.07.2021 09:59",
            "open": "7.26",
            "high": "7.275",
            "low": "7.26",
            "close": "7.265"
        },
        {
            "time": "28.07.2021 10:03",
            "open": "7.265",
            "high": "7.271",
            "low": "7.265",
            "close": "7.268"
        },
        {
            "time": "28.07.2021 10:12",
            "open": "7.268",
            "high": "7.268",
            "low": "7.268",
            "close": "7.28"
        },
        {
            "time": "28.07.2021 10:13",
            "open": "7.28",
            "high": "7.285",
            "low": "7.28",
            "close": "7.29"
        },
        {
            "time": "28.07.2021 10:14",
            "open": "7.29",
            "high": "7.29",
            "low": "7.29",
            "close": "7.28"
        },
        {
            "time": "28.07.2021 10:15",
            "open": "7.28",
            "high": "7.28",
            "low": "7.278",
            "close": "7.26"
        },
        {
            "time": "28.07.2021 10:19",
            "open": "7.26",
            "high": "7.26",
            "low": "7.26",
            "close": "7.26"
        },
        {
            "time": "28.07.2021 10:20",
            "open": "7.26",
            "high": "7.26",
            "low": "7.25",
            "close": "7.246"
        },
        {
            "time": "28.07.2021 10:21",
            "open": "7.246",
            "high": "7.252",
            "low": "7.246",
            "close": "7.249"
        },
        {
            "time": "28.07.2021 10:30",
            "open": "7.249",
            "high": "7.249",
            "low": "7.249",
            "close": "7.245"
        },
        {
            "time": "28.07.2021 10:31",
            "open": "7.245",
            "high": "7.245",
            "low": "7.235",
            "close": "7.235"
        },
        {
            "time": "28.07.2021 10:35",
            "open": "7.235",
            "high": "7.235",
            "low": "7.23",
            "close": "7.23"
        },
        {
            "time": "28.07.2021 10:36",
            "open": "7.23",
            "high": "7.23",
            "low": "7.225",
            "close": "7.22"
        },
        {
            "time": "28.07.2021 10:37",
            "open": "7.22",
            "high": "7.22",
            "low": "7.22",
            "close": "7.222"
        },
        {
            "time": "28.07.2021 10:40",
            "open": "7.222",
            "high": "7.222",
            "low": "7.222",
            "close": "7.22"
        },
        {
            "time": "28.07.2021 10:41",
            "open": "7.22",
            "high": "7.22",
            "low": "7.21",
            "close": "7.205"
        },
        {
            "time": "28.07.2021 10:43",
            "open": "7.205",
            "high": "7.205",
            "low": "7.205",
            "close": "7.205"
        },
        {
            "time": "28.07.2021 10:44",
            "open": "7.205",
            "high": "7.205",
            "low": "7.205",
            "close": "7.204"
        },
        {
            "time": "28.07.2021 10:56",
            "open": "7.204",
            "high": "7.255",
            "low": "7.204",
            "close": "7.238"
        },
        {
            "time": "28.07.2021 10:57",
            "open": "7.238",
            "high": "7.238",
            "low": "7.238",
            "close": "7.26"
        },
        {
            "time": "28.07.2021 11:06",
            "open": "7.26",
            "high": "7.27",
            "low": "7.26",
            "close": "7.269"
        },
        {
            "time": "28.07.2021 11:07",
            "open": "7.269",
            "high": "7.275",
            "low": "7.269",
            "close": "7.262"
        },
        {
            "time": "28.07.2021 11:11",
            "open": "7.262",
            "high": "7.262",
            "low": "7.262",
            "close": "7.276"
        },
        {
            "time": "28.07.2021 11:22",
            "open": "7.276",
            "high": "7.28",
            "low": "7.276",
            "close": "7.285"
        },
        {
            "time": "28.07.2021 11:23",
            "open": "7.285",
            "high": "7.29",
            "low": "7.284",
            "close": "7.284"
        },
        {
            "time": "28.07.2021 11:24",
            "open": "7.284",
            "high": "7.284",
            "low": "7.284",
            "close": "7.28"
        },
        {
            "time": "28.07.2021 11:25",
            "open": "7.28",
            "high": "7.28",
            "low": "7.28",
            "close": "7.288"
        },
        {
            "time": "28.07.2021 11:28",
            "open": "7.288",
            "high": "7.288",
            "low": "7.288",
            "close": "7.276"
        },
        {
            "time": "28.07.2021 11:32",
            "open": "7.276",
            "high": "7.276",
            "low": "7.276",
            "close": "7.284"
        },
        {
            "time": "28.07.2021 11:38",
            "open": "7.284",
            "high": "7.284",
            "low": "7.284",
            "close": "7.277"
        },
        {
            "time": "28.07.2021 11:46",
            "open": "7.277",
            "high": "7.282",
            "low": "7.277",
            "close": "7.279"
        },
        {
            "time": "28.07.2021 11:50",
            "open": "7.279",
            "high": "7.279",
            "low": "7.274",
            "close": "7.274"
        },
        {
            "time": "28.07.2021 11:51",
            "open": "7.274",
            "high": "7.274",
            "low": "7.274",
            "close": "7.274"
        },
        {
            "time": "28.07.2021 12:07",
            "open": "7.274",
            "high": "7.275",
            "low": "7.274",
            "close": "7.291"
        },
        {
            "time": "28.07.2021 12:13",
            "open": "7.291",
            "high": "7.291",
            "low": "7.291",
            "close": "7.286"
        },
        {
            "time": "28.07.2021 12:17",
            "open": "7.286",
            "high": "7.286",
            "low": "7.281",
            "close": "7.264"
        },
        {
            "time": "28.07.2021 12:20",
            "open": "7.264",
            "high": "7.264",
            "low": "7.264",
            "close": "7.26"
        },
        {
            "time": "28.07.2021 12:22",
            "open": "7.26",
            "high": "7.26",
            "low": "7.26",
            "close": "7.274"
        },
        {
            "time": "28.07.2021 12:26",
            "open": "7.274",
            "high": "7.274",
            "low": "7.266",
            "close": "7.278"
        },
        {
            "time": "28.07.2021 12:27",
            "open": "7.278",
            "high": "7.278",
            "low": "7.278",
            "close": "7.278"
        },
        {
            "time": "28.07.2021 12:30",
            "open": "7.278",
            "high": "7.278",
            "low": "7.278",
            "close": "7.268"
        },
        {
            "time": "28.07.2021 12:31",
            "open": "7.268",
            "high": "7.27",
            "low": "7.268",
            "close": "7.26"
        },
        {
            "time": "28.07.2021 12:32",
            "open": "7.26",
            "high": "7.26",
            "low": "7.241",
            "close": "7.256"
        },
        {
            "time": "28.07.2021 12:50",
            "open": "7.256",
            "high": "7.264",
            "low": "7.256",
            "close": "7.264"
        },
        {
            "time": "28.07.2021 13:05",
            "open": "7.264",
            "high": "7.264",
            "low": "7.251",
            "close": "7.258"
        },
        {
            "time": "28.07.2021 13:08",
            "open": "7.258",
            "high": "7.258",
            "low": "7.258",
            "close": "7.264"
        },
        {
            "time": "28.07.2021 13:09",
            "open": "7.264",
            "high": "7.264",
            "low": "7.264",
            "close": "7.274"
        },
        {
            "time": "28.07.2021 13:13",
            "open": "7.274",
            "high": "7.285",
            "low": "7.274",
            "close": "7.28"
        },
        {
            "time": "28.07.2021 13:15",
            "open": "7.28",
            "high": "7.283",
            "low": "7.27",
            "close": "7.267"
        },
        {
            "time": "28.07.2021 13:24",
            "open": "7.267",
            "high": "7.267",
            "low": "7.267",
            "close": "7.282"
        },
        {
            "time": "28.07.2021 13:27",
            "open": "7.282",
            "high": "7.282",
            "low": "7.282",
            "close": "7.29"
        },
        {
            "time": "28.07.2021 13:28",
            "open": "7.29",
            "high": "7.29",
            "low": "7.29",
            "close": "7.29"
        },
        {
            "time": "28.07.2021 13:29",
            "open": "7.29",
            "high": "7.29",
            "low": "7.29",
            "close": "7.29"
        },
        {
            "time": "28.07.2021 13:30",
            "open": "7.29",
            "high": "7.29",
            "low": "7.29",
            "close": "7.295"
        },
        {
            "time": "28.07.2021 13:31",
            "open": "7.295",
            "high": "7.33",
            "low": "7.295",
            "close": "7.33"
        },
        {
            "time": "28.07.2021 13:32",
            "open": "7.33",
            "high": "7.33",
            "low": "7.318",
            "close": "7.334"
        },
        {
            "time": "28.07.2021 13:33",
            "open": "7.334",
            "high": "7.35",
            "low": "7.333",
            "close": "7.341"
        },
        {
            "time": "28.07.2021 13:36",
            "open": "7.341",
            "high": "7.341",
            "low": "7.341",
            "close": "7.355"
        },
        {
            "time": "28.07.2021 13:39",
            "open": "7.355",
            "high": "7.355",
            "low": "7.355",
            "close": "7.36"
        },
        {
            "time": "28.07.2021 13:42",
            "open": "7.36",
            "high": "7.404",
            "low": "7.36",
            "close": "7.404"
        },
        {
            "time": "28.07.2021 13:43",
            "open": "7.404",
            "high": "7.445",
            "low": "7.404",
            "close": "7.45"
        },
        {
            "time": "28.07.2021 13:44",
            "open": "7.45",
            "high": "7.545",
            "low": "7.45",
            "close": "7.545"
        },
        {
            "time": "28.07.2021 13:45",
            "open": "7.545",
            "high": "7.582",
            "low": "7.535",
            "close": "7.539"
        },
        {
            "time": "28.07.2021 13:46",
            "open": "7.539",
            "high": "7.56",
            "low": "7.533",
            "close": "7.565"
        },
        {
            "time": "28.07.2021 13:47",
            "open": "7.565",
            "high": "7.58",
            "low": "7.557",
            "close": "7.581"
        },
        {
            "time": "28.07.2021 13:48",
            "open": "7.581",
            "high": "7.635",
            "low": "7.577",
            "close": "7.609"
        },
        {
            "time": "28.07.2021 13:49",
            "open": "7.609",
            "high": "7.69",
            "low": "7.6",
            "close": "7.665"
        },
        {
            "time": "28.07.2021 13:50",
            "open": "7.665",
            "high": "7.7",
            "low": "7.665",
            "close": "7.705"
        },
        {
            "time": "28.07.2021 13:51",
            "open": "7.705",
            "high": "7.74",
            "low": "7.704",
            "close": "7.735"
        },
        {
            "time": "28.07.2021 13:52",
            "open": "7.735",
            "high": "7.736",
            "low": "7.726",
            "close": "7.744"
        },
        {
            "time": "28.07.2021 13:53",
            "open": "7.744",
            "high": "7.835",
            "low": "7.73",
            "close": "7.84"
        },
        {
            "time": "28.07.2021 13:54",
            "open": "7.84",
            "high": "7.865",
            "low": "7.815",
            "close": "7.848"
        },
        {
            "time": "28.07.2021 13:55",
            "open": "7.848",
            "high": "7.858",
            "low": "7.835",
            "close": "7.83"
        },
        {
            "time": "28.07.2021 13:56",
            "open": "7.83",
            "high": "7.83",
            "low": "7.69",
            "close": "7.698"
        },
        {
            "time": "28.07.2021 13:57",
            "open": "7.698",
            "high": "7.725",
            "low": "7.692",
            "close": "7.721"
        },
        {
            "time": "28.07.2021 13:59",
            "open": "7.721",
            "high": "7.724",
            "low": "7.721",
            "close": "7.705"
        },
        {
            "time": "28.07.2021 14:00",
            "open": "7.705",
            "high": "7.706",
            "low": "7.705",
            "close": "7.695"
        },
        {
            "time": "28.07.2021 14:01",
            "open": "7.695",
            "high": "7.695",
            "low": "7.695",
            "close": "7.695"
        },
        {
            "time": "28.07.2021 14:02",
            "open": "7.695",
            "high": "7.695",
            "low": "7.61",
            "close": "7.61"
        },
        {
            "time": "28.07.2021 14:03",
            "open": "7.61",
            "high": "7.61",
            "low": "7.591",
            "close": "7.597"
        },
        {
            "time": "28.07.2021 14:05",
            "open": "7.597",
            "high": "7.597",
            "low": "7.586",
            "close": "7.585"
        },
        {
            "time": "28.07.2021 14:10",
            "open": "7.585",
            "high": "7.585",
            "low": "7.58",
            "close": "7.575"
        },
        {
            "time": "28.07.2021 14:12",
            "open": "7.575",
            "high": "7.575",
            "low": "7.575",
            "close": "7.575"
        },
        {
            "time": "28.07.2021 14:13",
            "open": "7.575",
            "high": "7.575",
            "low": "7.575",
            "close": "7.571"
        },
        {
            "time": "28.07.2021 14:17",
            "open": "7.571",
            "high": "7.575",
            "low": "7.571",
            "close": "7.57"
        },
        {
            "time": "28.07.2021 14:18",
            "open": "7.57",
            "high": "7.575",
            "low": "7.57",
            "close": "7.602"
        },
        {
            "time": "28.07.2021 14:19",
            "open": "7.602",
            "high": "7.607",
            "low": "7.602",
            "close": "7.587"
        },
        {
            "time": "28.07.2021 14:20",
            "open": "7.587",
            "high": "7.587",
            "low": "7.587",
            "close": "7.578"
        },
        {
            "time": "28.07.2021 14:21",
            "open": "7.578",
            "high": "7.578",
            "low": "7.574",
            "close": "7.575"
        },
        {
            "time": "28.07.2021 14:23",
            "open": "7.575",
            "high": "7.575",
            "low": "7.575",
            "close": "7.573"
        },
        {
            "time": "28.07.2021 14:24",
            "open": "7.573",
            "high": "7.59",
            "low": "7.573",
            "close": "7.573"
        },
        {
            "time": "28.07.2021 14:26",
            "open": "7.573",
            "high": "7.589",
            "low": "7.573",
            "close": "7.593"
        },
        {
            "time": "28.07.2021 14:31",
            "open": "7.593",
            "high": "7.593",
            "low": "7.593",
            "close": "7.57"
        },
        {
            "time": "28.07.2021 14:39",
            "open": "7.57",
            "high": "7.57",
            "low": "7.56",
            "close": "7.555"
        },
        {
            "time": "28.07.2021 14:40",
            "open": "7.555",
            "high": "7.555",
            "low": "7.532",
            "close": "7.532"
        },
        {
            "time": "28.07.2021 14:41",
            "open": "7.532",
            "high": "7.532",
            "low": "7.505",
            "close": "7.505"
        },
        {
            "time": "28.07.2021 14:42",
            "open": "7.505",
            "high": "7.505",
            "low": "7.485",
            "close": "7.485"
        },
        {
            "time": "28.07.2021 14:43",
            "open": "7.485",
            "high": "7.485",
            "low": "7.475",
            "close": "7.47"
        },
        {
            "time": "28.07.2021 14:45",
            "open": "7.47",
            "high": "7.47",
            "low": "7.47",
            "close": "7.47"
        },
        {
            "time": "28.07.2021 14:48",
            "open": "7.47",
            "high": "7.47",
            "low": "7.47",
            "close": "7.465"
        },
        {
            "time": "28.07.2021 14:49",
            "open": "7.465",
            "high": "7.465",
            "low": "7.45",
            "close": "7.45"
        },
        {
            "time": "28.07.2021 14:50",
            "open": "7.45",
            "high": "7.45",
            "low": "7.44",
            "close": "7.44"
        },
        {
            "time": "28.07.2021 14:53",
            "open": "7.44",
            "high": "7.44",
            "low": "7.43",
            "close": "7.43"
        },
        {
            "time": "28.07.2021 14:56",
            "open": "7.43",
            "high": "7.43",
            "low": "7.425",
            "close": "7.443"
        },
        {
            "time": "28.07.2021 15:02",
            "open": "7.443",
            "high": "7.463",
            "low": "7.443",
            "close": "7.465"
        },
        {
            "time": "28.07.2021 15:04",
            "open": "7.465",
            "high": "7.465",
            "low": "7.465",
            "close": "7.465"
        },
        {
            "time": "28.07.2021 15:05",
            "open": "7.465",
            "high": "7.47",
            "low": "7.465",
            "close": "7.475"
        },
        {
            "time": "28.07.2021 15:06",
            "open": "7.475",
            "high": "7.484",
            "low": "7.475",
            "close": "7.485"
        },
        {
            "time": "28.07.2021 15:08",
            "open": "7.485",
            "high": "7.49",
            "low": "7.485",
            "close": "7.493"
        },
        {
            "time": "28.07.2021 15:17",
            "open": "7.493",
            "high": "7.493",
            "low": "7.493",
            "close": "7.481"
        },
        {
            "time": "28.07.2021 15:31",
            "open": "7.481",
            "high": "7.481",
            "low": "7.481",
            "close": "7.46"
        },
        {
            "time": "28.07.2021 15:32",
            "open": "7.46",
            "high": "7.46",
            "low": "7.46",
            "close": "7.46"
        },
        {
            "time": "28.07.2021 15:33",
            "open": "7.46",
            "high": "7.46",
            "low": "7.43",
            "close": "7.438"
        },
        {
            "time": "28.07.2021 15:39",
            "open": "7.438",
            "high": "7.447",
            "low": "7.438",
            "close": "7.443"
        },
        {
            "time": "28.07.2021 15:43",
            "open": "7.443",
            "high": "7.443",
            "low": "7.442",
            "close": "7.443"
        },
        {
            "time": "28.07.2021 15:46",
            "open": "7.443",
            "high": "7.444",
            "low": "7.439",
            "close": "7.43"
        },
        {
            "time": "28.07.2021 15:49",
            "open": "7.43",
            "high": "7.43",
            "low": "7.427",
            "close": "7.43"
        },
        {
            "time": "28.07.2021 15:50",
            "open": "7.43",
            "high": "7.43",
            "low": "7.428",
            "close": "7.425"
        },
        {
            "time": "28.07.2021 15:51",
            "open": "7.425",
            "high": "7.425",
            "low": "7.361",
            "close": "7.406"
        },
        {
            "time": "28.07.2021 15:52",
            "open": "7.406",
            "high": "7.406",
            "low": "7.392",
            "close": "7.401"
        },
        {
            "time": "28.07.2021 15:54",
            "open": "7.401",
            "high": "7.401",
            "low": "7.385",
            "close": "7.385"
        },
        {
            "time": "28.07.2021 15:55",
            "open": "7.385",
            "high": "7.385",
            "low": "7.365",
            "close": "7.36"
        },
        {
            "time": "28.07.2021 15:56",
            "open": "7.36",
            "high": "7.36",
            "low": "7.355",
            "close": "7.355"
        },
        {
            "time": "28.07.2021 15:57",
            "open": "7.355",
            "high": "7.355",
            "low": "7.34",
            "close": "7.354"
        },
        {
            "time": "28.07.2021 15:59",
            "open": "7.354",
            "high": "7.366",
            "low": "7.354",
            "close": "7.353"
        },
        {
            "time": "28.07.2021 16:00",
            "open": "7.353",
            "high": "7.353",
            "low": "7.353",
            "close": "7.34"
        },
        {
            "time": "28.07.2021 16:01",
            "open": "7.34",
            "high": "7.34",
            "low": "7.315",
            "close": "7.315"
        },
        {
            "time": "28.07.2021 16:02",
            "open": "7.315",
            "high": "7.315",
            "low": "7.295",
            "close": "7.295"
        },
        {
            "time": "28.07.2021 16:03",
            "open": "7.295",
            "high": "7.295",
            "low": "7.291",
            "close": "7.291"
        },
        {
            "time": "28.07.2021 16:04",
            "open": "7.291",
            "high": "7.291",
            "low": "7.28",
            "close": "7.302"
        },
        {
            "time": "28.07.2021 16:09",
            "open": "7.302",
            "high": "7.303",
            "low": "7.289",
            "close": "7.302"
        },
        {
            "time": "28.07.2021 16:14",
            "open": "7.302",
            "high": "7.302",
            "low": "7.302",
            "close": "7.311"
        },
        {
            "time": "28.07.2021 16:22",
            "open": "7.311",
            "high": "7.311",
            "low": "7.311",
            "close": "7.315"
        },
        {
            "time": "28.07.2021 16:23",
            "open": "7.315",
            "high": "7.315",
            "low": "7.315",
            "close": "7.317"
        },
        {
            "time": "28.07.2021 16:24",
            "open": "7.317",
            "high": "7.317",
            "low": "7.317",
            "close": "7.302"
        },
        {
            "time": "28.07.2021 16:26",
            "open": "7.302",
            "high": "7.302",
            "low": "7.302",
            "close": "7.303"
        },
        {
            "time": "28.07.2021 16:32",
            "open": "7.303",
            "high": "7.308",
            "low": "7.303",
            "close": "7.304"
        },
        {
            "time": "28.07.2021 16:33",
            "open": "7.304",
            "high": "7.304",
            "low": "7.304",
            "close": "7.299"
        },
        {
            "time": "28.07.2021 16:34",
            "open": "7.299",
            "high": "7.299",
            "low": "7.299",
            "close": "7.285"
        },
        {
            "time": "28.07.2021 16:36",
            "open": "7.285",
            "high": "7.29",
            "low": "7.285",
            "close": "7.294"
        },
        {
            "time": "28.07.2021 16:42",
            "open": "7.294",
            "high": "7.295",
            "low": "7.288",
            "close": "7.286"
        },
        {
            "time": "28.07.2021 16:46",
            "open": "7.286",
            "high": "7.289",
            "low": "7.286",
            "close": "7.285"
        },
        {
            "time": "28.07.2021 16:51",
            "open": "7.285",
            "high": "7.285",
            "low": "7.28",
            "close": "7.275"
        },
        {
            "time": "28.07.2021 16:52",
            "open": "7.275",
            "high": "7.275",
            "low": "7.275",
            "close": "7.279"
        },
        {
            "time": "28.07.2021 16:53",
            "open": "7.279",
            "high": "7.279",
            "low": "7.279",
            "close": "7.275"
        },
        {
            "time": "28.07.2021 16:54",
            "open": "7.275",
            "high": "7.275",
            "low": "7.265",
            "close": "7.26"
        },
        {
            "time": "28.07.2021 16:55",
            "open": "7.26",
            "high": "7.26",
            "low": "7.26",
            "close": "7.28"
        },
        {
            "time": "28.07.2021 16:59",
            "open": "7.28",
            "high": "7.294",
            "low": "7.28",
            "close": "7.295"
        },
        {
            "time": "28.07.2021 17:00",
            "open": "7.295",
            "high": "7.295",
            "low": "7.295",
            "close": "7.3"
        },
        {
            "time": "28.07.2021 17:32",
            "open": "7.3",
            "high": "7.31",
            "low": "7.3",
            "close": "7.311"
        },
        {
            "time": "28.07.2021 17:36",
            "open": "7.311",
            "high": "7.311",
            "low": "7.311",
            "close": "7.309"
        },
        {
            "time": "28.07.2021 17:40",
            "open": "7.309",
            "high": "7.309",
            "low": "7.309",
            "close": "7.315"
        },
        {
            "time": "28.07.2021 17:44",
            "open": "7.315",
            "high": "7.315",
            "low": "7.315",
            "close": "7.32"
        },
        {
            "time": "28.07.2021 17:45",
            "open": "7.32",
            "high": "7.325",
            "low": "7.32",
            "close": "7.33"
        },
        {
            "time": "28.07.2021 17:46",
            "open": "7.33",
            "high": "7.336",
            "low": "7.33",
            "close": "7.325"
        },
        {
            "time": "28.07.2021 17:49",
            "open": "7.325",
            "high": "7.325",
            "low": "7.325",
            "close": "7.322"
        },
        {
            "time": "28.07.2021 17:52",
            "open": "7.322",
            "high": "7.322",
            "low": "7.322",
            "close": "7.305"
        },
        {
            "time": "28.07.2021 17:55",
            "open": "7.305",
            "high": "7.305",
            "low": "7.305",
            "close": "7.3"
        },
        {
            "time": "28.07.2021 17:56",
            "open": "7.3",
            "high": "7.3",
            "low": "7.3",
            "close": "7.295"
        },
        {
            "time": "28.07.2021 17:58",
            "open": "7.295",
            "high": "7.295",
            "low": "7.295",
            "close": "7.29"
        },
        {
            "time": "28.07.2021 18:00",
            "open": "7.29",
            "high": "7.29",
            "low": "7.29",
            "close": "7.285"
        },
        {
            "time": "28.07.2021 18:01",
            "open": "7.285",
            "high": "7.285",
            "low": "7.285",
            "close": "7.285"
        },
        {
            "time": "28.07.2021 18:02",
            "open": "7.285",
            "high": "7.285",
            "low": "7.275",
            "close": "7.27"
        },
        {
            "time": "28.07.2021 18:03",
            "open": "7.27",
            "high": "7.27",
            "low": "7.27",
            "close": "7.27"
        },
        {
            "time": "28.07.2021 18:05",
            "open": "7.27",
            "high": "7.27",
            "low": "7.27",
            "close": "7.28"
        },
        {
            "time": "28.07.2021 18:10",
            "open": "7.28",
            "high": "7.291",
            "low": "7.28",
            "close": "7.291"
        },
        {
            "time": "28.07.2021 18:31",
            "open": "7.291",
            "high": "7.291",
            "low": "7.291",
            "close": "7.291"
        },
        {
            "time": "28.07.2021 18:35",
            "open": "7.291",
            "high": "7.291",
            "low": "7.291",
            "close": "7.3"
        },
        {
            "time": "28.07.2021 18:39",
            "open": "7.3",
            "high": "7.309",
            "low": "7.3",
            "close": "7.31"
        },
        {
            "time": "28.07.2021 18:50",
            "open": "7.31",
            "high": "7.31",
            "low": "7.31",
            "close": "7.315"
        },
        {
            "time": "28.07.2021 18:52",
            "open": "7.315",
            "high": "7.335",
            "low": "7.315",
            "close": "7.328"
        },
        {
            "time": "28.07.2021 18:56",
            "open": "7.328",
            "high": "7.328",
            "low": "7.328",
            "close": "7.308"
        },
        {
            "time": "28.07.2021 18:57",
            "open": "7.308",
            "high": "7.313",
            "low": "7.308",
            "close": "7.311"
        },
        {
            "time": "28.07.2021 19:04",
            "open": "7.311",
            "high": "7.311",
            "low": "7.311",
            "close": "7.305"
        },
        {
            "time": "28.07.2021 19:05",
            "open": "7.305",
            "high": "7.305",
            "low": "7.304",
            "close": "7.317"
        },
        {
            "time": "28.07.2021 19:09",
            "open": "7.317",
            "high": "7.317",
            "low": "7.317",
            "close": "7.333"
        },
        {
            "time": "28.07.2021 19:12",
            "open": "7.333",
            "high": "7.333",
            "low": "7.333",
            "close": "7.335"
        },
        {
            "time": "28.07.2021 19:20",
            "open": "7.335",
            "high": "7.34",
            "low": "7.335",
            "close": "7.334"
        },
        {
            "time": "28.07.2021 19:21",
            "open": "7.334",
            "high": "7.334",
            "low": "7.329",
            "close": "7.331"
        },
        {
            "time": "28.07.2021 19:22",
            "open": "7.331",
            "high": "7.331",
            "low": "7.331",
            "close": "7.322"
        },
        {
            "time": "28.07.2021 19:26",
            "open": "7.322",
            "high": "7.322",
            "low": "7.322",
            "close": "7.305"
        },
        {
            "time": "28.07.2021 19:27",
            "open": "7.305",
            "high": "7.305",
            "low": "7.28",
            "close": "7.275"
        },
        {
            "time": "28.07.2021 19:28",
            "open": "7.275",
            "high": "7.275",
            "low": "7.235",
            "close": "7.241"
        },
        {
            "time": "28.07.2021 19:29",
            "open": "7.241",
            "high": "7.251",
            "low": "7.241",
            "close": "7.235"
        },
        {
            "time": "28.07.2021 19:31",
            "open": "7.235",
            "high": "7.235",
            "low": "7.23",
            "close": "7.225"
        },
        {
            "time": "28.07.2021 19:32",
            "open": "7.225",
            "high": "7.225",
            "low": "7.22",
            "close": "7.215"
        },
        {
            "time": "28.07.2021 19:33",
            "open": "7.215",
            "high": "7.215",
            "low": "7.215",
            "close": "7.21"
        },
        {
            "time": "28.07.2021 19:35",
            "open": "7.21",
            "high": "7.21",
            "low": "7.205",
            "close": "7.2"
        },
        {
            "time": "28.07.2021 19:37",
            "open": "7.2",
            "high": "7.2",
            "low": "7.195",
            "close": "7.19"
        },
        {
            "time": "28.07.2021 19:38",
            "open": "7.19",
            "high": "7.19",
            "low": "7.178",
            "close": "7.175"
        },
        {
            "time": "28.07.2021 19:39",
            "open": "7.175",
            "high": "7.179",
            "low": "7.175",
            "close": "7.17"
        },
        {
            "time": "28.07.2021 19:40",
            "open": "7.17",
            "high": "7.17",
            "low": "7.16",
            "close": "7.155"
        },
        {
            "time": "28.07.2021 19:41",
            "open": "7.155",
            "high": "7.155",
            "low": "7.14",
            "close": "7.135"
        },
        {
            "time": "28.07.2021 19:42",
            "open": "7.135",
            "high": "7.136",
            "low": "7.132",
            "close": "7.141"
        },
        {
            "time": "28.07.2021 19:43",
            "open": "7.141",
            "high": "7.141",
            "low": "7.125",
            "close": "7.136"
        },
        {
            "time": "28.07.2021 19:45",
            "open": "7.136",
            "high": "7.136",
            "low": "7.136",
            "close": "7.152"
        },
        {
            "time": "28.07.2021 19:46",
            "open": "7.152",
            "high": "7.153",
            "low": "7.152",
            "close": "7.149"
        },
        {
            "time": "28.07.2021 19:47",
            "open": "7.149",
            "high": "7.149",
            "low": "7.149",
            "close": "7.149"
        },
        {
            "time": "28.07.2021 19:48",
            "open": "7.149",
            "high": "7.149",
            "low": "7.148",
            "close": "7.12"
        },
        {
            "time": "28.07.2021 19:49",
            "open": "7.12",
            "high": "7.12",
            "low": "7.12",
            "close": "7.12"
        },
        {
            "time": "28.07.2021 19:51",
            "open": "7.12",
            "high": "7.12",
            "low": "7.1",
            "close": "7.1"
        },
        {
            "time": "28.07.2021 19:52",
            "open": "7.1",
            "high": "7.1",
            "low": "7.1",
            "close": "7.095"
        },
        {
            "time": "28.07.2021 19:53",
            "open": "7.095",
            "high": "7.095",
            "low": "7.092",
            "close": "7.091"
        },
        {
            "time": "28.07.2021 19:55",
            "open": "7.091",
            "high": "7.103",
            "low": "7.091",
            "close": "7.09"
        },
        {
            "time": "28.07.2021 19:56",
            "open": "7.09",
            "high": "7.09",
            "low": "7.08",
            "close": "7.08"
        },
        {
            "time": "28.07.2021 19:57",
            "open": "7.08",
            "high": "7.08",
            "low": "7.071",
            "close": "7.091"
        },
        {
            "time": "28.07.2021 20:00",
            "open": "7.091",
            "high": "7.093",
            "low": "7.091",
            "close": "7.099"
        },
        {
            "time": "28.07.2021 20:01",
            "open": "7.099",
            "high": "7.11",
            "low": "7.099",
            "close": "7.115"
        },
        {
            "time": "28.07.2021 20:02",
            "open": "7.115",
            "high": "7.13",
            "low": "7.115",
            "close": "7.13"
        },
        {
            "time": "28.07.2021 20:03",
            "open": "7.13",
            "high": "7.135",
            "low": "7.13",
            "close": "7.14"
        },
        {
            "time": "28.07.2021 20:05",
            "open": "7.14",
            "high": "7.145",
            "low": "7.14",
            "close": "7.15"
        },
        {
            "time": "28.07.2021 20:06",
            "open": "7.15",
            "high": "7.152",
            "low": "7.15",
            "close": "7.152"
        },
        {
            "time": "28.07.2021 20:10",
            "open": "7.152",
            "high": "7.175",
            "low": "7.152",
            "close": "7.175"
        },
        {
            "time": "28.07.2021 20:13",
            "open": "7.175",
            "high": "7.195",
            "low": "7.175",
            "close": "7.195"
        },
        {
            "time": "28.07.2021 20:14",
            "open": "7.195",
            "high": "7.2",
            "low": "7.195",
            "close": "7.205"
        },
        {
            "time": "28.07.2021 20:15",
            "open": "7.205",
            "high": "7.21",
            "low": "7.205",
            "close": "7.215"
        },
        {
            "time": "28.07.2021 20:16",
            "open": "7.215",
            "high": "7.224",
            "low": "7.215",
            "close": "7.22"
        },
        {
            "time": "28.07.2021 20:17",
            "open": "7.22",
            "high": "7.24",
            "low": "7.22",
            "close": "7.245"
        },
        {
            "time": "28.07.2021 20:19",
            "open": "7.245",
            "high": "7.245",
            "low": "7.243",
            "close": "7.222"
        },
        {
            "time": "28.07.2021 20:22",
            "open": "7.222",
            "high": "7.227",
            "low": "7.222",
            "close": "7.215"
        },
        {
            "time": "28.07.2021 20:30",
            "open": "7.215",
            "high": "7.215",
            "low": "7.215",
            "close": "7.221"
        },
        {
            "time": "28.07.2021 20:32",
            "open": "7.221",
            "high": "7.238",
            "low": "7.221",
            "close": "7.242"
        },
        {
            "time": "28.07.2021 20:33",
            "open": "7.242",
            "high": "7.25",
            "low": "7.242",
            "close": "7.255"
        },
        {
            "time": "28.07.2021 20:34",
            "open": "7.255",
            "high": "7.288",
            "low": "7.255",
            "close": "7.288"
        },
        {
            "time": "28.07.2021 20:35",
            "open": "7.288",
            "high": "7.295",
            "low": "7.281",
            "close": "7.293"
        },
        {
            "time": "28.07.2021 20:39",
            "open": "7.293",
            "high": "7.305",
            "low": "7.293",
            "close": "7.31"
        },
        {
            "time": "28.07.2021 20:40",
            "open": "7.31",
            "high": "7.31",
            "low": "7.31",
            "close": "7.315"
        },
        {
            "time": "28.07.2021 20:42",
            "open": "7.315",
            "high": "7.34",
            "low": "7.315",
            "close": "7.326"
        },
        {
            "time": "28.07.2021 20:43",
            "open": "7.326",
            "high": "7.37",
            "low": "7.323",
            "close": "7.354"
        },
        {
            "time": "28.07.2021 20:44",
            "open": "7.354",
            "high": "7.354",
            "low": "7.341",
            "close": "7.356"
        },
        {
            "time": "28.07.2021 20:45",
            "open": "7.356",
            "high": "7.356",
            "low": "7.338",
            "close": "7.363"
        },
        {
            "time": "28.07.2021 20:47",
            "open": "7.363",
            "high": "7.388",
            "low": "7.361",
            "close": "7.389"
        },
        {
            "time": "28.07.2021 20:48",
            "open": "7.389",
            "high": "7.39",
            "low": "7.382",
            "close": "7.36"
        },
        {
            "time": "28.07.2021 20:49",
            "open": "7.36",
            "high": "7.36",
            "low": "7.36",
            "close": "7.36"
        },
        {
            "time": "28.07.2021 20:54",
            "open": "7.36",
            "high": "7.36",
            "low": "7.36",
            "close": "7.367"
        },
        {
            "time": "28.07.2021 20:59",
            "open": "7.367",
            "high": "7.367",
            "low": "7.367",
            "close": "7.378"
        },
        {
            "time": "28.07.2021 21:00",
            "open": "7.378",
            "high": "7.378",
            "low": "7.374",
            "close": "7.371"
        },
        {
            "time": "28.07.2021 21:02",
            "open": "7.371",
            "high": "7.38",
            "low": "7.371",
            "close": "7.37"
        },
        {
            "time": "28.07.2021 21:03",
            "open": "7.37",
            "high": "7.37",
            "low": "7.369",
            "close": "7.369"
        },
        {
            "time": "28.07.2021 21:05",
            "open": "7.369",
            "high": "7.369",
            "low": "7.355",
            "close": "7.355"
        },
        {
            "time": "28.07.2021 21:06",
            "open": "7.355",
            "high": "7.355",
            "low": "7.327",
            "close": "7.325"
        },
        {
            "time": "28.07.2021 21:07",
            "open": "7.325",
            "high": "7.325",
            "low": "7.32",
            "close": "7.32"
        },
        {
            "time": "28.07.2021 21:10",
            "open": "7.32",
            "high": "7.32",
            "low": "7.31",
            "close": "7.305"
        },
        {
            "time": "28.07.2021 21:11",
            "open": "7.305",
            "high": "7.324",
            "low": "7.305",
            "close": "7.301"
        },
        {
            "time": "28.07.2021 21:14",
            "open": "7.301",
            "high": "7.301",
            "low": "7.273",
            "close": "7.271"
        },
        {
            "time": "28.07.2021 21:16",
            "open": "7.261",
            "high": "7.261",
            "low": "7.261",
            "close": "7.26"
        },
        {
            "time": "28.07.2021 21:24",
            "open": "7.26",
            "high": "7.26",
            "low": "7.26",
            "close": "7.26"
        },
        {
            "time": "28.07.2021 21:27",
            "open": "7.26",
            "high": "7.26",
            "low": "7.252",
            "close": "7.25"
        },
        {
            "time": "28.07.2021 21:28",
            "open": "7.25",
            "high": "7.25",
            "low": "7.25",
            "close": "7.28"
        },
        {
            "time": "28.07.2021 21:29",
            "open": "7.28",
            "high": "7.28",
            "low": "7.28",
            "close": "7.285"
        },
        {
            "time": "28.07.2021 21:30",
            "open": "7.285",
            "high": "7.295",
            "low": "7.285",
            "close": "7.3"
        },
        {
            "time": "28.07.2021 21:31",
            "open": "7.3",
            "high": "7.345",
            "low": "7.3",
            "close": "7.35"
        },
        {
            "time": "28.07.2021 21:32",
            "open": "7.35",
            "high": "7.385",
            "low": "7.35",
            "close": "7.387"
        },
        {
            "time": "28.07.2021 21:34",
            "open": "7.387",
            "high": "7.405",
            "low": "7.385",
            "close": "7.39"
        },
        {
            "time": "28.07.2021 21:35",
            "open": "7.39",
            "high": "7.424",
            "low": "7.39",
            "close": "7.41"
        },
        {
            "time": "28.07.2021 21:36",
            "open": "7.41",
            "high": "7.41",
            "low": "7.41",
            "close": "7.39"
        },
        {
            "time": "28.07.2021 21:42",
            "open": "7.338",
            "high": "7.338",
            "low": "7.338",
            "close": "7.338"
        },
        {
            "time": "28.07.2021 21:44",
            "open": "7.338",
            "high": "7.338",
            "low": "7.307",
            "close": "7.318"
        },
        {
            "time": "28.07.2021 21:45",
            "open": "7.318",
            "high": "7.33",
            "low": "7.318",
            "close": "7.305"
        },
        {
            "time": "28.07.2021 21:58",
            "open": "7.305",
            "high": "7.305",
            "low": "7.305",
            "close": "7.305"
        },
        {
            "time": "28.07.2021 22:01",
            "open": "7.305",
            "high": "7.305",
            "low": "7.276",
            "close": "7.289"
        },
        {
            "time": "28.07.2021 22:02",
            "open": "7.289",
            "high": "7.289",
            "low": "7.288",
            "close": "7.275"
        },
        {
            "time": "28.07.2021 22:07",
            "open": "7.275",
            "high": "7.275",
            "low": "7.275",
            "close": "7.275"
        },
        {
            "time": "28.07.2021 22:08",
            "open": "7.275",
            "high": "7.275",
            "low": "7.245",
            "close": "7.245"
        },
        {
            "time": "28.07.2021 22:09",
            "open": "7.245",
            "high": "7.245",
            "low": "7.23",
            "close": "7.23"
        },
        {
            "time": "28.07.2021 22:10",
            "open": "7.23",
            "high": "7.23",
            "low": "7.216",
            "close": "7.24"
        },
        {
            "time": "28.07.2021 22:11",
            "open": "7.24",
            "high": "7.24",
            "low": "7.239",
            "close": "7.215"
        },
        {
            "time": "28.07.2021 22:22",
            "open": "7.215",
            "high": "7.215",
            "low": "7.19",
            "close": "7.185"
        },
        {
            "time": "28.07.2021 22:23",
            "open": "7.185",
            "high": "7.207",
            "low": "7.185",
            "close": "7.206"
        },
        {
            "time": "28.07.2021 22:25",
            "open": "7.206",
            "high": "7.206",
            "low": "7.206",
            "close": "7.188"
        },
        {
            "time": "28.07.2021 22:26",
            "open": "7.188",
            "high": "7.188",
            "low": "7.187",
            "close": "7.22"
        },
        {
            "time": "28.07.2021 22:27",
            "open": "7.22",
            "high": "7.235",
            "low": "7.205",
            "close": "7.211"
        },
        {
            "time": "28.07.2021 22:28",
            "open": "7.211",
            "high": "7.211",
            "low": "7.211",
            "close": "7.205"
        },
        {
            "time": "28.07.2021 22:29",
            "open": "7.205",
            "high": "7.205",
            "low": "7.205",
            "close": "7.205"
        },
        {
            "time": "28.07.2021 22:30",
            "open": "7.205",
            "high": "7.205",
            "low": "7.2",
            "close": "7.2"
        },
        {
            "time": "28.07.2021 22:31",
            "open": "7.2",
            "high": "7.2",
            "low": "7.181",
            "close": "7.181"
        },
        {
            "time": "28.07.2021 22:32",
            "open": "7.181",
            "high": "7.181",
            "low": "7.165",
            "close": "7.195"
        },
        {
            "time": "28.07.2021 22:38",
            "open": "7.195",
            "high": "7.205",
            "low": "7.195",
            "close": "7.21"
        },
        {
            "time": "28.07.2021 22:43",
            "open": "7.21",
            "high": "7.215",
            "low": "7.21",
            "close": "7.22"
        },
        {
            "time": "28.07.2021 22:46",
            "open": "7.22",
            "high": "7.23",
            "low": "7.22",
            "close": "7.216"
        },
        {
            "time": "28.07.2021 22:53",
            "open": "7.216",
            "high": "7.216",
            "low": "7.215",
            "close": "7.213"
        },
        {
            "time": "28.07.2021 22:59",
            "open": "7.213",
            "high": "7.213",
            "low": "7.213",
            "close": "7.2"
        },
        {
            "time": "28.07.2021 23:00",
            "open": "7.2",
            "high": "7.2",
            "low": "7.2",
            "close": "7.2"
        },
        {
            "time": "28.07.2021 23:01",
            "open": "7.2",
            "high": "7.2",
            "low": "7.195",
            "close": "7.195"
        },
        {
            "time": "28.07.2021 23:03",
            "open": "7.195",
            "high": "7.195",
            "low": "7.19",
            "close": "7.19"
        },
        {
            "time": "28.07.2021 23:15",
            "open": "7.19",
            "high": "7.19",
            "low": "7.19",
            "close": "7.185"
        },
        {
            "time": "28.07.2021 23:16",
            "open": "7.185",
            "high": "7.185",
            "low": "7.185",
            "close": "7.2"
        },
        {
            "time": "28.07.2021 23:36",
            "open": "7.2",
            "high": "7.202",
            "low": "7.2",
            "close": "7.201"
        }
    ]
}