{
    "UMA-EUR": [
        {
            "time": "26.01.2021 23:59",
            "open": "8.93",
            "high": "8.93",
            "low": "8.93",
            "close": "8.93"
        },
        {
            "time": "27.01.2021 00:00",
            "open": "8.93",
            "high": "8.93",
            "low": "8.93",
            "close": "8.957"
        },
        {
            "time": "27.01.2021 00:01",
            "open": "8.957",
            "high": "8.957",
            "low": "8.957",
            "close": "8.98"
        },
        {
            "time": "27.01.2021 00:03",
            "open": "8.98",
            "high": "9.033",
            "low": "8.98",
            "close": "8.996"
        },
        {
            "time": "27.01.2021 00:05",
            "open": "8.996",
            "high": "8.996",
            "low": "8.996",
            "close": "8.997"
        },
        {
            "time": "27.01.2021 00:06",
            "open": "8.997",
            "high": "8.997",
            "low": "8.997",
            "close": "9.064"
        },
        {
            "time": "27.01.2021 00:09",
            "open": "9.064",
            "high": "9.14",
            "low": "9.064",
            "close": "9.141"
        },
        {
            "time": "27.01.2021 00:11",
            "open": "9.141",
            "high": "9.23",
            "low": "9.141",
            "close": "9.212"
        },
        {
            "time": "27.01.2021 00:12",
            "open": "9.212",
            "high": "9.239",
            "low": "9.212",
            "close": "9.213"
        },
        {
            "time": "27.01.2021 00:13",
            "open": "9.213",
            "high": "9.213",
            "low": "9.213",
            "close": "9.216"
        },
        {
            "time": "27.01.2021 00:14",
            "open": "9.216",
            "high": "9.216",
            "low": "9.215",
            "close": "9.243"
        },
        {
            "time": "27.01.2021 00:15",
            "open": "9.243",
            "high": "9.287",
            "low": "9.233",
            "close": "9.211"
        },
        {
            "time": "27.01.2021 00:16",
            "open": "9.211",
            "high": "9.211",
            "low": "9.211",
            "close": "9.214"
        },
        {
            "time": "27.01.2021 00:20",
            "open": "9.214",
            "high": "9.214",
            "low": "9.214",
            "close": "9.223"
        },
        {
            "time": "27.01.2021 00:21",
            "open": "9.223",
            "high": "9.223",
            "low": "9.223",
            "close": "9.233"
        },
        {
            "time": "27.01.2021 00:22",
            "open": "9.233",
            "high": "9.234",
            "low": "9.233",
            "close": "9.236"
        },
        {
            "time": "27.01.2021 00:23",
            "open": "9.236",
            "high": "9.27",
            "low": "9.236",
            "close": "9.229"
        },
        {
            "time": "27.01.2021 00:24",
            "open": "9.229",
            "high": "9.229",
            "low": "9.229",
            "close": "9.235"
        },
        {
            "time": "27.01.2021 00:25",
            "open": "9.235",
            "high": "9.266",
            "low": "9.204",
            "close": "9.204"
        },
        {
            "time": "27.01.2021 00:30",
            "open": "9.204",
            "high": "9.204",
            "low": "9.204",
            "close": "9.169"
        },
        {
            "time": "27.01.2021 00:31",
            "open": "9.169",
            "high": "9.169",
            "low": "9.169",
            "close": "9.169"
        },
        {
            "time": "27.01.2021 00:38",
            "open": "9.169",
            "high": "9.169",
            "low": "9.169",
            "close": "9.137"
        },
        {
            "time": "27.01.2021 00:39",
            "open": "9.137",
            "high": "9.163",
            "low": "9.136",
            "close": "9.153"
        },
        {
            "time": "27.01.2021 00:40",
            "open": "9.153",
            "high": "9.153",
            "low": "9.153",
            "close": "9.086"
        },
        {
            "time": "27.01.2021 01:05",
            "open": "9.086",
            "high": "9.086",
            "low": "9.078",
            "close": "9.077"
        },
        {
            "time": "27.01.2021 01:09",
            "open": "9.077",
            "high": "9.077",
            "low": "9.077",
            "close": "9.028"
        },
        {
            "time": "27.01.2021 01:14",
            "open": "9.028",
            "high": "9.028",
            "low": "9.028",
            "close": "9"
        },
        {
            "time": "27.01.2021 01:23",
            "open": "9",
            "high": "9.005",
            "low": "8.996",
            "close": "9.038"
        },
        {
            "time": "27.01.2021 01:30",
            "open": "9.038",
            "high": "9.038",
            "low": "9.038",
            "close": "8.947"
        },
        {
            "time": "27.01.2021 01:40",
            "open": "8.947",
            "high": "8.949",
            "low": "8.947",
            "close": "8.967"
        },
        {
            "time": "27.01.2021 01:44",
            "open": "8.967",
            "high": "8.967",
            "low": "8.967",
            "close": "8.986"
        },
        {
            "time": "27.01.2021 01:45",
            "open": "8.986",
            "high": "8.986",
            "low": "8.986",
            "close": "8.955"
        },
        {
            "time": "27.01.2021 01:53",
            "open": "8.955",
            "high": "9.019",
            "low": "8.955",
            "close": "9.021"
        },
        {
            "time": "27.01.2021 02:02",
            "open": "9.021",
            "high": "9.055",
            "low": "9.021",
            "close": "8.991"
        },
        {
            "time": "27.01.2021 02:08",
            "open": "8.991",
            "high": "8.991",
            "low": "8.989",
            "close": "8.964"
        },
        {
            "time": "27.01.2021 02:33",
            "open": "8.964",
            "high": "8.964",
            "low": "8.964",
            "close": "8.924"
        },
        {
            "time": "27.01.2021 02:34",
            "open": "8.924",
            "high": "8.924",
            "low": "8.924",
            "close": "8.917"
        },
        {
            "time": "27.01.2021 02:47",
            "open": "8.917",
            "high": "8.917",
            "low": "8.903",
            "close": "8.908"
        },
        {
            "time": "27.01.2021 02:50",
            "open": "8.908",
            "high": "8.91",
            "low": "8.908",
            "close": "8.923"
        },
        {
            "time": "27.01.2021 02:58",
            "open": "8.923",
            "high": "8.923",
            "low": "8.923",
            "close": "8.933"
        },
        {
            "time": "27.01.2021 03:06",
            "open": "8.933",
            "high": "8.933",
            "low": "8.933",
            "close": "8.919"
        },
        {
            "time": "27.01.2021 03:29",
            "open": "8.919",
            "high": "8.919",
            "low": "8.912",
            "close": "8.929"
        },
        {
            "time": "27.01.2021 03:30",
            "open": "8.929",
            "high": "8.93",
            "low": "8.921",
            "close": "8.921"
        },
        {
            "time": "27.01.2021 03:35",
            "open": "8.921",
            "high": "8.921",
            "low": "8.921",
            "close": "8.907"
        },
        {
            "time": "27.01.2021 03:36",
            "open": "8.907",
            "high": "8.907",
            "low": "8.899",
            "close": "8.899"
        },
        {
            "time": "27.01.2021 03:50",
            "open": "8.899",
            "high": "8.899",
            "low": "8.899",
            "close": "8.899"
        },
        {
            "time": "27.01.2021 03:51",
            "open": "8.899",
            "high": "8.899",
            "low": "8.893",
            "close": "8.807"
        },
        {
            "time": "27.01.2021 04:01",
            "open": "8.807",
            "high": "8.807",
            "low": "8.807",
            "close": "8.787"
        },
        {
            "time": "27.01.2021 04:02",
            "open": "8.787",
            "high": "8.787",
            "low": "8.78",
            "close": "8.762"
        },
        {
            "time": "27.01.2021 04:07",
            "open": "8.762",
            "high": "8.762",
            "low": "8.762",
            "close": "8.75"
        },
        {
            "time": "27.01.2021 04:15",
            "open": "8.75",
            "high": "8.75",
            "low": "8.75",
            "close": "8.729"
        },
        {
            "time": "27.01.2021 04:20",
            "open": "8.729",
            "high": "8.729",
            "low": "8.729",
            "close": "8.72"
        },
        {
            "time": "27.01.2021 05:02",
            "open": "8.72",
            "high": "8.72",
            "low": "8.72",
            "close": "8.699"
        },
        {
            "time": "27.01.2021 05:14",
            "open": "8.699",
            "high": "8.699",
            "low": "8.699",
            "close": "8.679"
        },
        {
            "time": "27.01.2021 05:16",
            "open": "8.679",
            "high": "8.68",
            "low": "8.679",
            "close": "8.673"
        },
        {
            "time": "27.01.2021 05:17",
            "open": "8.673",
            "high": "8.673",
            "low": "8.67",
            "close": "8.672"
        },
        {
            "time": "27.01.2021 05:18",
            "open": "8.672",
            "high": "8.672",
            "low": "8.67",
            "close": "8.67"
        },
        {
            "time": "27.01.2021 05:19",
            "open": "8.67",
            "high": "8.67",
            "low": "8.67",
            "close": "8.673"
        },
        {
            "time": "27.01.2021 05:20",
            "open": "8.673",
            "high": "8.673",
            "low": "8.67",
            "close": "8.672"
        },
        {
            "time": "27.01.2021 05:24",
            "open": "8.672",
            "high": "8.672",
            "low": "8.672",
            "close": "8.672"
        },
        {
            "time": "27.01.2021 05:31",
            "open": "8.672",
            "high": "8.672",
            "low": "8.671",
            "close": "8.67"
        },
        {
            "time": "27.01.2021 05:51",
            "open": "8.67",
            "high": "8.67",
            "low": "8.67",
            "close": "8.67"
        },
        {
            "time": "27.01.2021 05:53",
            "open": "8.67",
            "high": "8.67",
            "low": "8.67",
            "close": "8.67"
        },
        {
            "time": "27.01.2021 05:54",
            "open": "8.67",
            "high": "8.67",
            "low": "8.67",
            "close": "8.656"
        },
        {
            "time": "27.01.2021 06:05",
            "open": "8.656",
            "high": "8.656",
            "low": "8.656",
            "close": "8.657"
        },
        {
            "time": "27.01.2021 06:06",
            "open": "8.657",
            "high": "8.657",
            "low": "8.656",
            "close": "8.621"
        },
        {
            "time": "27.01.2021 06:15",
            "open": "8.621",
            "high": "8.621",
            "low": "8.621",
            "close": "8.592"
        },
        {
            "time": "27.01.2021 06:25",
            "open": "8.592",
            "high": "8.592",
            "low": "8.592",
            "close": "8.574"
        },
        {
            "time": "27.01.2021 06:27",
            "open": "8.574",
            "high": "8.574",
            "low": "8.574",
            "close": "8.562"
        },
        {
            "time": "27.01.2021 06:28",
            "open": "8.562",
            "high": "8.563",
            "low": "8.562",
            "close": "8.562"
        },
        {
            "time": "27.01.2021 06:30",
            "open": "8.562",
            "high": "8.562",
            "low": "8.562",
            "close": "8.561"
        },
        {
            "time": "27.01.2021 06:33",
            "open": "8.561",
            "high": "8.561",
            "low": "8.561",
            "close": "8.561"
        },
        {
            "time": "27.01.2021 06:36",
            "open": "8.561",
            "high": "8.561",
            "low": "8.56",
            "close": "8.56"
        },
        {
            "time": "27.01.2021 06:38",
            "open": "8.56",
            "high": "8.56",
            "low": "8.56",
            "close": "8.56"
        },
        {
            "time": "27.01.2021 06:39",
            "open": "8.56",
            "high": "8.56",
            "low": "8.56",
            "close": "8.532"
        },
        {
            "time": "27.01.2021 06:46",
            "open": "8.532",
            "high": "8.532",
            "low": "8.532",
            "close": "8.502"
        },
        {
            "time": "27.01.2021 06:48",
            "open": "8.502",
            "high": "8.502",
            "low": "8.5",
            "close": "8.5"
        },
        {
            "time": "27.01.2021 06:50",
            "open": "8.5",
            "high": "8.5",
            "low": "8.5",
            "close": "8.5"
        },
        {
            "time": "27.01.2021 06:51",
            "open": "8.5",
            "high": "8.5",
            "low": "8.5",
            "close": "8.501"
        },
        {
            "time": "27.01.2021 06:52",
            "open": "8.501",
            "high": "8.501",
            "low": "8.5",
            "close": "8.5"
        },
        {
            "time": "27.01.2021 06:53",
            "open": "8.5",
            "high": "8.5",
            "low": "8.493",
            "close": "8.486"
        },
        {
            "time": "27.01.2021 07:00",
            "open": "8.486",
            "high": "8.486",
            "low": "8.486",
            "close": "8.482"
        },
        {
            "time": "27.01.2021 07:01",
            "open": "8.482",
            "high": "8.483",
            "low": "8.482",
            "close": "8.481"
        },
        {
            "time": "27.01.2021 07:14",
            "open": "8.481",
            "high": "8.481",
            "low": "8.481",
            "close": "8.471"
        },
        {
            "time": "27.01.2021 07:15",
            "open": "8.471",
            "high": "8.471",
            "low": "8.471",
            "close": "8.45"
        },
        {
            "time": "27.01.2021 07:17",
            "open": "8.45",
            "high": "8.45",
            "low": "8.45",
            "close": "8.468"
        },
        {
            "time": "27.01.2021 07:18",
            "open": "8.468",
            "high": "8.468",
            "low": "8.458",
            "close": "8.463"
        },
        {
            "time": "27.01.2021 07:19",
            "open": "8.463",
            "high": "8.466",
            "low": "8.463",
            "close": "8.445"
        },
        {
            "time": "27.01.2021 07:21",
            "open": "8.445",
            "high": "8.445",
            "low": "8.43",
            "close": "8.493"
        },
        {
            "time": "27.01.2021 07:23",
            "open": "8.493",
            "high": "8.493",
            "low": "8.461",
            "close": "8.469"
        },
        {
            "time": "27.01.2021 07:25",
            "open": "8.469",
            "high": "8.469",
            "low": "8.469",
            "close": "8.467"
        },
        {
            "time": "27.01.2021 07:27",
            "open": "8.467",
            "high": "8.467",
            "low": "8.467",
            "close": "8.468"
        },
        {
            "time": "27.01.2021 07:28",
            "open": "8.468",
            "high": "8.576",
            "low": "8.468",
            "close": "8.469"
        },
        {
            "time": "27.01.2021 07:29",
            "open": "8.469",
            "high": "8.469",
            "low": "8.469",
            "close": "8.483"
        },
        {
            "time": "27.01.2021 07:32",
            "open": "8.483",
            "high": "8.483",
            "low": "8.469",
            "close": "8.501"
        },
        {
            "time": "27.01.2021 07:33",
            "open": "8.501",
            "high": "8.501",
            "low": "8.501",
            "close": "8.528"
        },
        {
            "time": "27.01.2021 07:34",
            "open": "8.528",
            "high": "8.528",
            "low": "8.47",
            "close": "8.482"
        },
        {
            "time": "27.01.2021 07:38",
            "open": "8.482",
            "high": "8.482",
            "low": "8.482",
            "close": "8.469"
        },
        {
            "time": "27.01.2021 07:42",
            "open": "8.469",
            "high": "8.469",
            "low": "8.469",
            "close": "8.511"
        },
        {
            "time": "27.01.2021 07:53",
            "open": "8.511",
            "high": "8.523",
            "low": "8.511",
            "close": "8.518"
        },
        {
            "time": "27.01.2021 07:54",
            "open": "8.518",
            "high": "8.518",
            "low": "8.495",
            "close": "8.518"
        },
        {
            "time": "27.01.2021 07:55",
            "open": "8.518",
            "high": "8.518",
            "low": "8.518",
            "close": "8.497"
        },
        {
            "time": "27.01.2021 07:56",
            "open": "8.497",
            "high": "8.517",
            "low": "8.497",
            "close": "8.518"
        },
        {
            "time": "27.01.2021 07:58",
            "open": "8.518",
            "high": "8.521",
            "low": "8.518",
            "close": "8.626"
        },
        {
            "time": "27.01.2021 08:04",
            "open": "8.626",
            "high": "8.626",
            "low": "8.626",
            "close": "8.643"
        },
        {
            "time": "27.01.2021 08:05",
            "open": "8.643",
            "high": "8.643",
            "low": "8.643",
            "close": "8.604"
        },
        {
            "time": "27.01.2021 08:08",
            "open": "8.604",
            "high": "8.604",
            "low": "8.604",
            "close": "8.578"
        },
        {
            "time": "27.01.2021 08:15",
            "open": "8.578",
            "high": "8.599",
            "low": "8.578",
            "close": "8.6"
        },
        {
            "time": "27.01.2021 08:16",
            "open": "8.6",
            "high": "8.675",
            "low": "8.6",
            "close": "8.654"
        },
        {
            "time": "27.01.2021 08:17",
            "open": "8.654",
            "high": "8.654",
            "low": "8.653",
            "close": "8.67"
        },
        {
            "time": "27.01.2021 08:20",
            "open": "8.67",
            "high": "8.67",
            "low": "8.67",
            "close": "8.678"
        },
        {
            "time": "27.01.2021 08:23",
            "open": "8.678",
            "high": "8.682",
            "low": "8.678",
            "close": "8.687"
        },
        {
            "time": "27.01.2021 08:26",
            "open": "8.687",
            "high": "8.69",
            "low": "8.687",
            "close": "8.69"
        },
        {
            "time": "27.01.2021 08:27",
            "open": "8.69",
            "high": "8.69",
            "low": "8.69",
            "close": "8.598"
        },
        {
            "time": "27.01.2021 08:29",
            "open": "8.598",
            "high": "8.667",
            "low": "8.598",
            "close": "8.648"
        },
        {
            "time": "27.01.2021 08:31",
            "open": "8.648",
            "high": "8.648",
            "low": "8.648",
            "close": "8.683"
        },
        {
            "time": "27.01.2021 08:34",
            "open": "8.683",
            "high": "8.696",
            "low": "8.683",
            "close": "8.689"
        },
        {
            "time": "27.01.2021 08:36",
            "open": "8.689",
            "high": "8.715",
            "low": "8.689",
            "close": "8.696"
        },
        {
            "time": "27.01.2021 08:37",
            "open": "8.696",
            "high": "8.705",
            "low": "8.696",
            "close": "8.71"
        },
        {
            "time": "27.01.2021 08:38",
            "open": "8.71",
            "high": "8.71",
            "low": "8.71",
            "close": "8.705"
        },
        {
            "time": "27.01.2021 08:39",
            "open": "8.705",
            "high": "8.706",
            "low": "8.705",
            "close": "8.705"
        },
        {
            "time": "27.01.2021 08:40",
            "open": "8.705",
            "high": "8.705",
            "low": "8.705",
            "close": "8.651"
        },
        {
            "time": "27.01.2021 08:43",
            "open": "8.651",
            "high": "8.651",
            "low": "8.648",
            "close": "8.657"
        },
        {
            "time": "27.01.2021 08:49",
            "open": "8.657",
            "high": "8.657",
            "low": "8.657",
            "close": "8.661"
        },
        {
            "time": "27.01.2021 08:50",
            "open": "8.661",
            "high": "8.661",
            "low": "8.661",
            "close": "8.7"
        },
        {
            "time": "27.01.2021 08:55",
            "open": "8.7",
            "high": "8.701",
            "low": "8.677",
            "close": "8.689"
        },
        {
            "time": "27.01.2021 09:00",
            "open": "8.689",
            "high": "8.689",
            "low": "8.689",
            "close": "8.661"
        },
        {
            "time": "27.01.2021 09:01",
            "open": "8.661",
            "high": "8.661",
            "low": "8.648",
            "close": "8.648"
        },
        {
            "time": "27.01.2021 09:02",
            "open": "8.648",
            "high": "8.648",
            "low": "8.648",
            "close": "8.649"
        },
        {
            "time": "27.01.2021 09:03",
            "open": "8.649",
            "high": "8.649",
            "low": "8.649",
            "close": "8.651"
        },
        {
            "time": "27.01.2021 09:04",
            "open": "8.651",
            "high": "8.652",
            "low": "8.648",
            "close": "8.648"
        },
        {
            "time": "27.01.2021 09:05",
            "open": "8.648",
            "high": "8.648",
            "low": "8.648",
            "close": "8.556"
        },
        {
            "time": "27.01.2021 09:08",
            "open": "8.556",
            "high": "8.556",
            "low": "8.555",
            "close": "8.571"
        },
        {
            "time": "27.01.2021 09:15",
            "open": "8.571",
            "high": "8.571",
            "low": "8.571",
            "close": "8.557"
        },
        {
            "time": "27.01.2021 09:17",
            "open": "8.557",
            "high": "8.557",
            "low": "8.557",
            "close": "8.542"
        },
        {
            "time": "27.01.2021 09:18",
            "open": "8.542",
            "high": "8.543",
            "low": "8.542",
            "close": "8.549"
        },
        {
            "time": "27.01.2021 09:19",
            "open": "8.549",
            "high": "8.549",
            "low": "8.549",
            "close": "8.537"
        },
        {
            "time": "27.01.2021 09:25",
            "open": "8.537",
            "high": "8.549",
            "low": "8.537",
            "close": "8.5"
        },
        {
            "time": "27.01.2021 09:35",
            "open": "8.5",
            "high": "8.5",
            "low": "8.5",
            "close": "8.486"
        },
        {
            "time": "27.01.2021 09:36",
            "open": "8.486",
            "high": "8.486",
            "low": "8.458",
            "close": "8.49"
        },
        {
            "time": "27.01.2021 09:40",
            "open": "8.49",
            "high": "8.491",
            "low": "8.49",
            "close": "8.477"
        },
        {
            "time": "27.01.2021 09:41",
            "open": "8.477",
            "high": "8.477",
            "low": "8.477",
            "close": "8.455"
        },
        {
            "time": "27.01.2021 09:48",
            "open": "8.455",
            "high": "8.455",
            "low": "8.455",
            "close": "8.45"
        },
        {
            "time": "27.01.2021 09:49",
            "open": "8.45",
            "high": "8.45",
            "low": "8.45",
            "close": "8.436"
        },
        {
            "time": "27.01.2021 09:53",
            "open": "8.436",
            "high": "8.436",
            "low": "8.436",
            "close": "8.454"
        },
        {
            "time": "27.01.2021 09:59",
            "open": "8.454",
            "high": "8.454",
            "low": "8.454",
            "close": "8.426"
        },
        {
            "time": "27.01.2021 10:00",
            "open": "8.426",
            "high": "8.426",
            "low": "8.4",
            "close": "8.423"
        },
        {
            "time": "27.01.2021 10:01",
            "open": "8.423",
            "high": "8.423",
            "low": "8.423",
            "close": "8.403"
        },
        {
            "time": "27.01.2021 10:04",
            "open": "8.403",
            "high": "8.403",
            "low": "8.4",
            "close": "8.4"
        },
        {
            "time": "27.01.2021 10:05",
            "open": "8.4",
            "high": "8.402",
            "low": "8.4",
            "close": "8.401"
        },
        {
            "time": "27.01.2021 10:06",
            "open": "8.401",
            "high": "8.402",
            "low": "8.4",
            "close": "8.402"
        },
        {
            "time": "27.01.2021 10:07",
            "open": "8.402",
            "high": "8.433",
            "low": "8.401",
            "close": "8.401"
        },
        {
            "time": "27.01.2021 10:08",
            "open": "8.401",
            "high": "8.405",
            "low": "8.401",
            "close": "8.402"
        },
        {
            "time": "27.01.2021 10:09",
            "open": "8.402",
            "high": "8.402",
            "low": "8.401",
            "close": "8.401"
        },
        {
            "time": "27.01.2021 10:10",
            "open": "8.401",
            "high": "8.401",
            "low": "8.401",
            "close": "8.4"
        },
        {
            "time": "27.01.2021 10:12",
            "open": "8.4",
            "high": "8.4",
            "low": "8.4",
            "close": "8.402"
        },
        {
            "time": "27.01.2021 10:15",
            "open": "8.402",
            "high": "8.402",
            "low": "8.4",
            "close": "8.399"
        },
        {
            "time": "27.01.2021 10:17",
            "open": "8.399",
            "high": "8.399",
            "low": "8.398",
            "close": "8.39"
        },
        {
            "time": "27.01.2021 10:19",
            "open": "8.39",
            "high": "8.39",
            "low": "8.389",
            "close": "8.382"
        },
        {
            "time": "27.01.2021 10:20",
            "open": "8.382",
            "high": "8.382",
            "low": "8.34",
            "close": "8.34"
        },
        {
            "time": "27.01.2021 10:21",
            "open": "8.34",
            "high": "8.34",
            "low": "8.34",
            "close": "8.336"
        },
        {
            "time": "27.01.2021 10:24",
            "open": "8.336",
            "high": "8.336",
            "low": "8.318",
            "close": "8.319"
        },
        {
            "time": "27.01.2021 10:25",
            "open": "8.319",
            "high": "8.319",
            "low": "8.319",
            "close": "8.328"
        },
        {
            "time": "27.01.2021 10:27",
            "open": "8.328",
            "high": "8.329",
            "low": "8.315",
            "close": "8.345"
        },
        {
            "time": "27.01.2021 10:29",
            "open": "8.345",
            "high": "8.346",
            "low": "8.345",
            "close": "8.341"
        },
        {
            "time": "27.01.2021 10:32",
            "open": "8.341",
            "high": "8.341",
            "low": "8.341",
            "close": "8.352"
        },
        {
            "time": "27.01.2021 10:34",
            "open": "8.352",
            "high": "8.352",
            "low": "8.352",
            "close": "8.362"
        },
        {
            "time": "27.01.2021 10:37",
            "open": "8.362",
            "high": "8.362",
            "low": "8.362",
            "close": "8.347"
        },
        {
            "time": "27.01.2021 10:40",
            "open": "8.347",
            "high": "8.351",
            "low": "8.347",
            "close": "8.363"
        },
        {
            "time": "27.01.2021 10:41",
            "open": "8.363",
            "high": "8.363",
            "low": "8.35",
            "close": "8.396"
        },
        {
            "time": "27.01.2021 10:43",
            "open": "8.396",
            "high": "8.396",
            "low": "8.385",
            "close": "8.396"
        },
        {
            "time": "27.01.2021 10:45",
            "open": "8.396",
            "high": "8.396",
            "low": "8.396",
            "close": "8.397"
        },
        {
            "time": "27.01.2021 10:47",
            "open": "8.397",
            "high": "8.397",
            "low": "8.397",
            "close": "8.396"
        },
        {
            "time": "27.01.2021 10:50",
            "open": "8.396",
            "high": "8.397",
            "low": "8.396",
            "close": "8.456"
        },
        {
            "time": "27.01.2021 10:54",
            "open": "8.456",
            "high": "8.456",
            "low": "8.456",
            "close": "8.466"
        },
        {
            "time": "27.01.2021 10:55",
            "open": "8.466",
            "high": "8.466",
            "low": "8.466",
            "close": "8.524"
        },
        {
            "time": "27.01.2021 11:03",
            "open": "8.524",
            "high": "8.539",
            "low": "8.524",
            "close": "8.534"
        },
        {
            "time": "27.01.2021 11:16",
            "open": "8.534",
            "high": "8.534",
            "low": "8.534",
            "close": "8.56"
        },
        {
            "time": "27.01.2021 11:22",
            "open": "8.56",
            "high": "8.56",
            "low": "8.56",
            "close": "8.531"
        },
        {
            "time": "27.01.2021 11:24",
            "open": "8.531",
            "high": "8.56",
            "low": "8.531",
            "close": "8.561"
        },
        {
            "time": "27.01.2021 11:25",
            "open": "8.561",
            "high": "8.562",
            "low": "8.56",
            "close": "8.561"
        },
        {
            "time": "27.01.2021 11:26",
            "open": "8.561",
            "high": "8.561",
            "low": "8.561",
            "close": "8.562"
        },
        {
            "time": "27.01.2021 11:27",
            "open": "8.562",
            "high": "8.562",
            "low": "8.562",
            "close": "8.562"
        },
        {
            "time": "27.01.2021 11:28",
            "open": "8.562",
            "high": "8.562",
            "low": "8.562",
            "close": "8.562"
        },
        {
            "time": "27.01.2021 11:31",
            "open": "8.562",
            "high": "8.562",
            "low": "8.562",
            "close": "8.55"
        },
        {
            "time": "27.01.2021 11:32",
            "open": "8.55",
            "high": "8.55",
            "low": "8.55",
            "close": "8.571"
        },
        {
            "time": "27.01.2021 11:36",
            "open": "8.571",
            "high": "8.602",
            "low": "8.571",
            "close": "8.527"
        },
        {
            "time": "27.01.2021 11:45",
            "open": "8.527",
            "high": "8.527",
            "low": "8.527",
            "close": "8.526"
        },
        {
            "time": "27.01.2021 11:46",
            "open": "8.526",
            "high": "8.526",
            "low": "8.526",
            "close": "8.54"
        },
        {
            "time": "27.01.2021 11:47",
            "open": "8.54",
            "high": "8.54",
            "low": "8.54",
            "close": "8.526"
        },
        {
            "time": "27.01.2021 11:48",
            "open": "8.526",
            "high": "8.526",
            "low": "8.526",
            "close": "8.52"
        },
        {
            "time": "27.01.2021 11:55",
            "open": "8.52",
            "high": "8.52",
            "low": "8.52",
            "close": "8.467"
        },
        {
            "time": "27.01.2021 12:00",
            "open": "8.467",
            "high": "8.467",
            "low": "8.467",
            "close": "8.454"
        },
        {
            "time": "27.01.2021 12:01",
            "open": "8.454",
            "high": "8.454",
            "low": "8.454",
            "close": "8.444"
        },
        {
            "time": "27.01.2021 12:05",
            "open": "8.444",
            "high": "8.444",
            "low": "8.444",
            "close": "8.5"
        },
        {
            "time": "27.01.2021 12:18",
            "open": "8.5",
            "high": "8.501",
            "low": "8.5",
            "close": "8.504"
        },
        {
            "time": "27.01.2021 12:20",
            "open": "8.504",
            "high": "8.504",
            "low": "8.504",
            "close": "8.499"
        },
        {
            "time": "27.01.2021 12:22",
            "open": "8.499",
            "high": "8.511",
            "low": "8.499",
            "close": "8.501"
        },
        {
            "time": "27.01.2021 12:23",
            "open": "8.501",
            "high": "8.501",
            "low": "8.501",
            "close": "8.496"
        },
        {
            "time": "27.01.2021 12:25",
            "open": "8.496",
            "high": "8.506",
            "low": "8.496",
            "close": "8.497"
        },
        {
            "time": "27.01.2021 12:27",
            "open": "8.497",
            "high": "8.497",
            "low": "8.497",
            "close": "8.484"
        },
        {
            "time": "27.01.2021 12:30",
            "open": "8.484",
            "high": "8.484",
            "low": "8.484",
            "close": "8.472"
        },
        {
            "time": "27.01.2021 12:37",
            "open": "8.472",
            "high": "8.472",
            "low": "8.472",
            "close": "8.461"
        },
        {
            "time": "27.01.2021 12:41",
            "open": "8.461",
            "high": "8.461",
            "low": "8.461",
            "close": "8.435"
        },
        {
            "time": "27.01.2021 12:42",
            "open": "8.435",
            "high": "8.435",
            "low": "8.435",
            "close": "8.436"
        },
        {
            "time": "27.01.2021 12:44",
            "open": "8.436",
            "high": "8.436",
            "low": "8.397",
            "close": "8.395"
        },
        {
            "time": "27.01.2021 12:45",
            "open": "8.395",
            "high": "8.395",
            "low": "8.382",
            "close": "8.414"
        },
        {
            "time": "27.01.2021 12:50",
            "open": "8.414",
            "high": "8.415",
            "low": "8.414",
            "close": "8.411"
        },
        {
            "time": "27.01.2021 12:52",
            "open": "8.411",
            "high": "8.425",
            "low": "8.411",
            "close": "8.4"
        },
        {
            "time": "27.01.2021 12:55",
            "open": "8.4",
            "high": "8.408",
            "low": "8.398",
            "close": "8.405"
        },
        {
            "time": "27.01.2021 12:56",
            "open": "8.405",
            "high": "8.405",
            "low": "8.405",
            "close": "8.373"
        },
        {
            "time": "27.01.2021 12:58",
            "open": "8.373",
            "high": "8.373",
            "low": "8.373",
            "close": "8.396"
        },
        {
            "time": "27.01.2021 12:59",
            "open": "8.396",
            "high": "8.396",
            "low": "8.396",
            "close": "8.543"
        },
        {
            "time": "27.01.2021 13:00",
            "open": "8.543",
            "high": "8.543",
            "low": "8.358",
            "close": "8.364"
        },
        {
            "time": "27.01.2021 13:02",
            "open": "8.364",
            "high": "8.364",
            "low": "8.364",
            "close": "8.353"
        },
        {
            "time": "27.01.2021 13:03",
            "open": "8.353",
            "high": "8.353",
            "low": "8.35",
            "close": "8.382"
        },
        {
            "time": "27.01.2021 13:10",
            "open": "8.382",
            "high": "8.382",
            "low": "8.382",
            "close": "8.399"
        },
        {
            "time": "27.01.2021 13:11",
            "open": "8.399",
            "high": "8.399",
            "low": "8.399",
            "close": "8.375"
        },
        {
            "time": "27.01.2021 13:13",
            "open": "8.375",
            "high": "8.377",
            "low": "8.368",
            "close": "8.372"
        },
        {
            "time": "27.01.2021 13:14",
            "open": "8.372",
            "high": "8.374",
            "low": "8.365",
            "close": "8.366"
        },
        {
            "time": "27.01.2021 13:15",
            "open": "8.366",
            "high": "8.366",
            "low": "8.366",
            "close": "8.371"
        },
        {
            "time": "27.01.2021 13:16",
            "open": "8.371",
            "high": "8.371",
            "low": "8.371",
            "close": "8.367"
        },
        {
            "time": "27.01.2021 13:18",
            "open": "8.367",
            "high": "8.367",
            "low": "8.365",
            "close": "8.378"
        },
        {
            "time": "27.01.2021 13:22",
            "open": "8.378",
            "high": "8.38",
            "low": "8.378",
            "close": "8.36"
        },
        {
            "time": "27.01.2021 13:24",
            "open": "8.36",
            "high": "8.363",
            "low": "8.36",
            "close": "8.393"
        },
        {
            "time": "27.01.2021 13:28",
            "open": "8.393",
            "high": "8.394",
            "low": "8.393",
            "close": "8.44"
        },
        {
            "time": "27.01.2021 13:30",
            "open": "8.44",
            "high": "8.44",
            "low": "8.44",
            "close": "8.417"
        },
        {
            "time": "27.01.2021 13:43",
            "open": "8.417",
            "high": "8.417",
            "low": "8.417",
            "close": "8.41"
        },
        {
            "time": "27.01.2021 13:44",
            "open": "8.41",
            "high": "8.41",
            "low": "8.41",
            "close": "8.43"
        },
        {
            "time": "27.01.2021 13:51",
            "open": "8.43",
            "high": "8.43",
            "low": "8.43",
            "close": "8.446"
        },
        {
            "time": "27.01.2021 13:53",
            "open": "8.446",
            "high": "8.446",
            "low": "8.446",
            "close": "8.439"
        },
        {
            "time": "27.01.2021 14:01",
            "open": "8.439",
            "high": "8.439",
            "low": "8.439",
            "close": "8.451"
        },
        {
            "time": "27.01.2021 14:04",
            "open": "8.451",
            "high": "8.451",
            "low": "8.451",
            "close": "8.399"
        },
        {
            "time": "27.01.2021 14:06",
            "open": "8.399",
            "high": "8.399",
            "low": "8.399",
            "close": "8.443"
        },
        {
            "time": "27.01.2021 14:09",
            "open": "8.443",
            "high": "8.443",
            "low": "8.443",
            "close": "8.472"
        },
        {
            "time": "27.01.2021 14:21",
            "open": "8.472",
            "high": "8.472",
            "low": "8.472",
            "close": "8.459"
        },
        {
            "time": "27.01.2021 14:22",
            "open": "8.459",
            "high": "8.459",
            "low": "8.459",
            "close": "8.463"
        },
        {
            "time": "27.01.2021 14:23",
            "open": "8.463",
            "high": "8.463",
            "low": "8.463",
            "close": "8.436"
        },
        {
            "time": "27.01.2021 14:25",
            "open": "8.436",
            "high": "8.436",
            "low": "8.436",
            "close": "8.439"
        },
        {
            "time": "27.01.2021 14:35",
            "open": "8.439",
            "high": "8.439",
            "low": "8.439",
            "close": "8.398"
        },
        {
            "time": "27.01.2021 14:51",
            "open": "8.398",
            "high": "8.432",
            "low": "8.398",
            "close": "8.368"
        },
        {
            "time": "27.01.2021 14:53",
            "open": "8.368",
            "high": "8.368",
            "low": "8.368",
            "close": "8.355"
        },
        {
            "time": "27.01.2021 14:58",
            "open": "8.355",
            "high": "8.355",
            "low": "8.355",
            "close": "8.344"
        },
        {
            "time": "27.01.2021 14:59",
            "open": "8.344",
            "high": "8.344",
            "low": "8.344",
            "close": "8.316"
        },
        {
            "time": "27.01.2021 15:01",
            "open": "8.316",
            "high": "8.316",
            "low": "8.316",
            "close": "8.314"
        },
        {
            "time": "27.01.2021 15:02",
            "open": "8.314",
            "high": "8.314",
            "low": "8.314",
            "close": "8.311"
        },
        {
            "time": "27.01.2021 15:03",
            "open": "8.311",
            "high": "8.311",
            "low": "8.262",
            "close": "8.341"
        },
        {
            "time": "27.01.2021 15:04",
            "open": "8.341",
            "high": "8.341",
            "low": "8.341",
            "close": "8.307"
        },
        {
            "time": "27.01.2021 15:06",
            "open": "8.307",
            "high": "8.335",
            "low": "8.307",
            "close": "8.288"
        },
        {
            "time": "27.01.2021 15:09",
            "open": "8.288",
            "high": "8.288",
            "low": "8.287",
            "close": "8.307"
        },
        {
            "time": "27.01.2021 15:11",
            "open": "8.307",
            "high": "8.308",
            "low": "8.306",
            "close": "8.313"
        },
        {
            "time": "27.01.2021 15:17",
            "open": "8.318",
            "high": "8.318",
            "low": "8.318",
            "close": "8.332"
        },
        {
            "time": "27.01.2021 15:21",
            "open": "8.332",
            "high": "8.332",
            "low": "8.332",
            "close": "8.328"
        },
        {
            "time": "27.01.2021 15:24",
            "open": "8.328",
            "high": "8.328",
            "low": "8.328",
            "close": "8.291"
        },
        {
            "time": "27.01.2021 15:29",
            "open": "8.291",
            "high": "8.291",
            "low": "8.291",
            "close": "8.291"
        },
        {
            "time": "27.01.2021 15:30",
            "open": "8.291",
            "high": "8.291",
            "low": "8.291",
            "close": "8.291"
        },
        {
            "time": "27.01.2021 15:32",
            "open": "8.291",
            "high": "8.291",
            "low": "8.291",
            "close": "8.261"
        },
        {
            "time": "27.01.2021 15:35",
            "open": "8.261",
            "high": "8.261",
            "low": "8.25",
            "close": "8.25"
        },
        {
            "time": "27.01.2021 15:36",
            "open": "8.25",
            "high": "8.25",
            "low": "8.207",
            "close": "8.202"
        },
        {
            "time": "27.01.2021 15:37",
            "open": "8.202",
            "high": "8.202",
            "low": "8.189",
            "close": "8.189"
        },
        {
            "time": "27.01.2021 15:38",
            "open": "8.189",
            "high": "8.189",
            "low": "8.189",
            "close": "8.189"
        },
        {
            "time": "27.01.2021 15:39",
            "open": "8.189",
            "high": "8.189",
            "low": "8.18",
            "close": "8.18"
        },
        {
            "time": "27.01.2021 15:40",
            "open": "8.18",
            "high": "8.18",
            "low": "8.173",
            "close": "8.167"
        },
        {
            "time": "27.01.2021 15:41",
            "open": "8.167",
            "high": "8.168",
            "low": "8.13",
            "close": "8.13"
        },
        {
            "time": "27.01.2021 15:43",
            "open": "8.13",
            "high": "8.13",
            "low": "8.13",
            "close": "8.129"
        },
        {
            "time": "27.01.2021 15:44",
            "open": "8.129",
            "high": "8.129",
            "low": "8.125",
            "close": "8.136"
        },
        {
            "time": "27.01.2021 15:46",
            "open": "8.136",
            "high": "8.137",
            "low": "8.136",
            "close": "8.111"
        },
        {
            "time": "27.01.2021 15:49",
            "open": "8.111",
            "high": "8.111",
            "low": "8.11",
            "close": "8.121"
        },
        {
            "time": "27.01.2021 15:51",
            "open": "8.121",
            "high": "8.121",
            "low": "8.121",
            "close": "8.133"
        },
        {
            "time": "27.01.2021 15:59",
            "open": "8.133",
            "high": "8.133",
            "low": "8.133",
            "close": "8.302"
        },
        {
            "time": "27.01.2021 16:01",
            "open": "8.302",
            "high": "8.302",
            "low": "8.302",
            "close": "8.189"
        },
        {
            "time": "27.01.2021 16:03",
            "open": "8.189",
            "high": "8.194",
            "low": "8.189",
            "close": "8.186"
        },
        {
            "time": "27.01.2021 16:05",
            "open": "8.186",
            "high": "8.188",
            "low": "8.134",
            "close": "8.195"
        },
        {
            "time": "27.01.2021 16:07",
            "open": "8.195",
            "high": "8.195",
            "low": "8.194",
            "close": "8.183"
        },
        {
            "time": "27.01.2021 16:08",
            "open": "8.183",
            "high": "8.183",
            "low": "8.183",
            "close": "8.202"
        },
        {
            "time": "27.01.2021 16:09",
            "open": "8.202",
            "high": "8.202",
            "low": "8.202",
            "close": "8.204"
        },
        {
            "time": "27.01.2021 16:12",
            "open": "8.204",
            "high": "8.339",
            "low": "8.195",
            "close": "8.324"
        },
        {
            "time": "27.01.2021 16:17",
            "open": "8.324",
            "high": "8.324",
            "low": "8.324",
            "close": "8.341"
        },
        {
            "time": "27.01.2021 16:18",
            "open": "8.341",
            "high": "8.341",
            "low": "8.341",
            "close": "8.35"
        },
        {
            "time": "27.01.2021 16:19",
            "open": "8.35",
            "high": "8.4",
            "low": "8.35",
            "close": "8.465"
        },
        {
            "time": "27.01.2021 16:26",
            "open": "8.465",
            "high": "8.465",
            "low": "8.465",
            "close": "8.489"
        },
        {
            "time": "27.01.2021 16:27",
            "open": "8.489",
            "high": "8.489",
            "low": "8.489",
            "close": "8.5"
        },
        {
            "time": "27.01.2021 16:28",
            "open": "8.5",
            "high": "8.5",
            "low": "8.454",
            "close": "8.401"
        },
        {
            "time": "27.01.2021 16:30",
            "open": "8.401",
            "high": "8.404",
            "low": "8.401",
            "close": "8.364"
        },
        {
            "time": "27.01.2021 16:32",
            "open": "8.364",
            "high": "8.364",
            "low": "8.364",
            "close": "8.328"
        },
        {
            "time": "27.01.2021 16:34",
            "open": "8.328",
            "high": "8.334",
            "low": "8.328",
            "close": "8.349"
        },
        {
            "time": "27.01.2021 16:36",
            "open": "8.349",
            "high": "8.599",
            "low": "8.304",
            "close": "8.346"
        },
        {
            "time": "27.01.2021 16:38",
            "open": "8.346",
            "high": "8.35",
            "low": "8.346",
            "close": "8.35"
        },
        {
            "time": "27.01.2021 16:39",
            "open": "8.35",
            "high": "8.498",
            "low": "8.337",
            "close": "8.371"
        },
        {
            "time": "27.01.2021 16:40",
            "open": "8.371",
            "high": "8.371",
            "low": "8.37",
            "close": "8.379"
        },
        {
            "time": "27.01.2021 16:41",
            "open": "8.379",
            "high": "8.379",
            "low": "8.379",
            "close": "8.388"
        },
        {
            "time": "27.01.2021 16:42",
            "open": "8.388",
            "high": "8.388",
            "low": "8.386",
            "close": "8.519"
        },
        {
            "time": "27.01.2021 16:47",
            "open": "8.519",
            "high": "8.519",
            "low": "8.519",
            "close": "8.461"
        },
        {
            "time": "27.01.2021 16:52",
            "open": "8.461",
            "high": "8.461",
            "low": "8.422",
            "close": "8.476"
        },
        {
            "time": "27.01.2021 16:54",
            "open": "8.476",
            "high": "8.476",
            "low": "8.476",
            "close": "8.476"
        },
        {
            "time": "27.01.2021 17:04",
            "open": "8.476",
            "high": "8.476",
            "low": "8.476",
            "close": "8.571"
        },
        {
            "time": "27.01.2021 17:10",
            "open": "8.571",
            "high": "8.612",
            "low": "8.571",
            "close": "8.644"
        },
        {
            "time": "27.01.2021 17:11",
            "open": "8.644",
            "high": "8.644",
            "low": "8.644",
            "close": "8.663"
        },
        {
            "time": "27.01.2021 17:12",
            "open": "8.663",
            "high": "8.689",
            "low": "8.663",
            "close": "8.7"
        },
        {
            "time": "27.01.2021 17:13",
            "open": "8.7",
            "high": "8.735",
            "low": "8.7",
            "close": "8.75"
        },
        {
            "time": "27.01.2021 17:14",
            "open": "8.75",
            "high": "8.751",
            "low": "8.748",
            "close": "8.748"
        },
        {
            "time": "27.01.2021 17:15",
            "open": "8.748",
            "high": "8.748",
            "low": "8.748",
            "close": "8.714"
        },
        {
            "time": "27.01.2021 17:16",
            "open": "8.714",
            "high": "8.714",
            "low": "8.672",
            "close": "8.612"
        },
        {
            "time": "27.01.2021 17:18",
            "open": "8.612",
            "high": "8.612",
            "low": "8.612",
            "close": "8.612"
        },
        {
            "time": "27.01.2021 17:21",
            "open": "8.612",
            "high": "8.612",
            "low": "8.586",
            "close": "8.56"
        },
        {
            "time": "27.01.2021 17:23",
            "open": "8.56",
            "high": "8.56",
            "low": "8.56",
            "close": "8.534"
        },
        {
            "time": "27.01.2021 17:24",
            "open": "8.534",
            "high": "8.534",
            "low": "8.534",
            "close": "8.61"
        },
        {
            "time": "27.01.2021 17:26",
            "open": "8.61",
            "high": "8.612",
            "low": "8.61",
            "close": "8.558"
        },
        {
            "time": "27.01.2021 17:27",
            "open": "8.558",
            "high": "8.558",
            "low": "8.554",
            "close": "8.581"
        },
        {
            "time": "27.01.2021 17:28",
            "open": "8.581",
            "high": "8.581",
            "low": "8.581",
            "close": "8.652"
        },
        {
            "time": "27.01.2021 17:29",
            "open": "8.652",
            "high": "8.704",
            "low": "8.652",
            "close": "8.727"
        },
        {
            "time": "27.01.2021 17:31",
            "open": "8.727",
            "high": "8.727",
            "low": "8.727",
            "close": "8.709"
        },
        {
            "time": "27.01.2021 17:32",
            "open": "8.709",
            "high": "8.709",
            "low": "8.709",
            "close": "8.762"
        },
        {
            "time": "27.01.2021 17:33",
            "open": "8.762",
            "high": "8.762",
            "low": "8.734",
            "close": "8.722"
        },
        {
            "time": "27.01.2021 17:34",
            "open": "8.722",
            "high": "8.722",
            "low": "8.722",
            "close": "8.729"
        },
        {
            "time": "27.01.2021 17:35",
            "open": "8.729",
            "high": "8.729",
            "low": "8.729",
            "close": "8.706"
        },
        {
            "time": "27.01.2021 17:38",
            "open": "8.706",
            "high": "8.706",
            "low": "8.673",
            "close": "8.673"
        },
        {
            "time": "27.01.2021 17:39",
            "open": "8.673",
            "high": "8.673",
            "low": "8.673",
            "close": "8.632"
        },
        {
            "time": "27.01.2021 17:42",
            "open": "8.632",
            "high": "8.633",
            "low": "8.63",
            "close": "8.634"
        },
        {
            "time": "27.01.2021 17:44",
            "open": "8.634",
            "high": "8.634",
            "low": "8.634",
            "close": "8.618"
        },
        {
            "time": "27.01.2021 17:45",
            "open": "8.618",
            "high": "8.668",
            "low": "8.618",
            "close": "8.644"
        },
        {
            "time": "27.01.2021 17:47",
            "open": "8.644",
            "high": "8.644",
            "low": "8.644",
            "close": "8.672"
        },
        {
            "time": "27.01.2021 17:53",
            "open": "8.672",
            "high": "8.672",
            "low": "8.672",
            "close": "8.664"
        },
        {
            "time": "27.01.2021 17:57",
            "open": "8.664",
            "high": "8.664",
            "low": "8.664",
            "close": "8.588"
        },
        {
            "time": "27.01.2021 17:58",
            "open": "8.588",
            "high": "8.589",
            "low": "8.586",
            "close": "8.534"
        },
        {
            "time": "27.01.2021 17:59",
            "open": "8.534",
            "high": "8.534",
            "low": "8.534",
            "close": "8.532"
        },
        {
            "time": "27.01.2021 18:01",
            "open": "8.532",
            "high": "8.532",
            "low": "8.514",
            "close": "8.486"
        },
        {
            "time": "27.01.2021 18:02",
            "open": "8.486",
            "high": "8.486",
            "low": "8.476",
            "close": "8.499"
        },
        {
            "time": "27.01.2021 18:07",
            "open": "8.499",
            "high": "8.5",
            "low": "8.499",
            "close": "8.5"
        },
        {
            "time": "27.01.2021 18:08",
            "open": "8.5",
            "high": "8.52",
            "low": "8.5",
            "close": "8.556"
        },
        {
            "time": "27.01.2021 18:17",
            "open": "8.556",
            "high": "8.556",
            "low": "8.556",
            "close": "8.613"
        },
        {
            "time": "27.01.2021 18:20",
            "open": "8.613",
            "high": "8.613",
            "low": "8.613",
            "close": "8.508"
        },
        {
            "time": "27.01.2021 18:24",
            "open": "8.508",
            "high": "8.508",
            "low": "8.508",
            "close": "8.467"
        },
        {
            "time": "27.01.2021 18:29",
            "open": "8.467",
            "high": "8.467",
            "low": "8.467",
            "close": "8.418"
        },
        {
            "time": "27.01.2021 18:38",
            "open": "8.418",
            "high": "8.418",
            "low": "8.417",
            "close": "8.416"
        },
        {
            "time": "27.01.2021 18:39",
            "open": "8.416",
            "high": "8.416",
            "low": "8.411",
            "close": "8.388"
        },
        {
            "time": "27.01.2021 18:43",
            "open": "8.388",
            "high": "8.388",
            "low": "8.388",
            "close": "8.383"
        },
        {
            "time": "27.01.2021 18:49",
            "open": "8.383",
            "high": "8.383",
            "low": "8.383",
            "close": "8.382"
        },
        {
            "time": "27.01.2021 18:50",
            "open": "8.382",
            "high": "8.382",
            "low": "8.337",
            "close": "8.36"
        },
        {
            "time": "27.01.2021 18:59",
            "open": "8.36",
            "high": "8.362",
            "low": "8.36",
            "close": "8.358"
        },
        {
            "time": "27.01.2021 19:09",
            "open": "8.358",
            "high": "8.358",
            "low": "8.357",
            "close": "8.357"
        },
        {
            "time": "27.01.2021 19:10",
            "open": "8.357",
            "high": "8.358",
            "low": "8.357",
            "close": "8.357"
        },
        {
            "time": "27.01.2021 19:12",
            "open": "8.357",
            "high": "8.357",
            "low": "8.357",
            "close": "8.357"
        },
        {
            "time": "27.01.2021 19:19",
            "open": "8.357",
            "high": "8.362",
            "low": "8.345",
            "close": "8.362"
        },
        {
            "time": "27.01.2021 19:23",
            "open": "8.362",
            "high": "8.362",
            "low": "8.362",
            "close": "8.321"
        },
        {
            "time": "27.01.2021 19:31",
            "open": "8.321",
            "high": "8.321",
            "low": "8.321",
            "close": "8.315"
        },
        {
            "time": "27.01.2021 19:38",
            "open": "8.315",
            "high": "8.315",
            "low": "8.3",
            "close": "8.291"
        },
        {
            "time": "27.01.2021 19:39",
            "open": "8.291",
            "high": "8.291",
            "low": "8.291",
            "close": "8.278"
        },
        {
            "time": "27.01.2021 19:41",
            "open": "8.278",
            "high": "8.278",
            "low": "8.278",
            "close": "8.255"
        },
        {
            "time": "27.01.2021 19:43",
            "open": "8.255",
            "high": "8.255",
            "low": "8.255",
            "close": "8.25"
        },
        {
            "time": "27.01.2021 19:44",
            "open": "8.25",
            "high": "8.25",
            "low": "8.25",
            "close": "8.22"
        },
        {
            "time": "27.01.2021 19:45",
            "open": "8.22",
            "high": "8.22",
            "low": "8.22",
            "close": "8.174"
        },
        {
            "time": "27.01.2021 19:46",
            "open": "8.174",
            "high": "8.174",
            "low": "8.155",
            "close": "8.145"
        },
        {
            "time": "27.01.2021 19:47",
            "open": "8.145",
            "high": "8.145",
            "low": "8.133",
            "close": "8.17"
        },
        {
            "time": "27.01.2021 19:50",
            "open": "8.17",
            "high": "8.17",
            "low": "8.17",
            "close": "8.177"
        },
        {
            "time": "27.01.2021 19:56",
            "open": "8.177",
            "high": "8.177",
            "low": "8.177",
            "close": "8.182"
        },
        {
            "time": "27.01.2021 20:01",
            "open": "8.182",
            "high": "8.182",
            "low": "8.182",
            "close": "8.279"
        },
        {
            "time": "27.01.2021 20:11",
            "open": "8.279",
            "high": "8.344",
            "low": "8.279",
            "close": "8.355"
        },
        {
            "time": "27.01.2021 20:12",
            "open": "8.355",
            "high": "8.355",
            "low": "8.355",
            "close": "8.356"
        },
        {
            "time": "27.01.2021 20:15",
            "open": "8.356",
            "high": "8.356",
            "low": "8.356",
            "close": "8.357"
        },
        {
            "time": "27.01.2021 20:20",
            "open": "8.357",
            "high": "8.357",
            "low": "8.357",
            "close": "8.359"
        },
        {
            "time": "27.01.2021 20:30",
            "open": "8.359",
            "high": "8.359",
            "low": "8.359",
            "close": "8.368"
        },
        {
            "time": "27.01.2021 20:31",
            "open": "8.368",
            "high": "8.43",
            "low": "8.368",
            "close": "8.419"
        },
        {
            "time": "27.01.2021 20:32",
            "open": "8.419",
            "high": "8.419",
            "low": "8.419",
            "close": "8.374"
        },
        {
            "time": "27.01.2021 20:37",
            "open": "8.374",
            "high": "8.374",
            "low": "8.374",
            "close": "8.364"
        },
        {
            "time": "27.01.2021 20:38",
            "open": "8.364",
            "high": "8.364",
            "low": "8.364",
            "close": "8.349"
        },
        {
            "time": "27.01.2021 20:44",
            "open": "8.349",
            "high": "8.349",
            "low": "8.349",
            "close": "8.397"
        },
        {
            "time": "27.01.2021 20:53",
            "open": "8.397",
            "high": "8.397",
            "low": "8.397",
            "close": "8.338"
        },
        {
            "time": "27.01.2021 20:55",
            "open": "8.338",
            "high": "8.338",
            "low": "8.338",
            "close": "8.423"
        },
        {
            "time": "27.01.2021 20:56",
            "open": "8.423",
            "high": "8.423",
            "low": "8.423",
            "close": "8.452"
        },
        {
            "time": "27.01.2021 21:13",
            "open": "8.452",
            "high": "8.452",
            "low": "8.452",
            "close": "8.465"
        },
        {
            "time": "27.01.2021 21:17",
            "open": "8.465",
            "high": "8.465",
            "low": "8.465",
            "close": "8.489"
        },
        {
            "time": "27.01.2021 21:18",
            "open": "8.507",
            "high": "8.507",
            "low": "8.507",
            "close": "8.568"
        },
        {
            "time": "27.01.2021 21:24",
            "open": "8.568",
            "high": "8.58",
            "low": "8.534",
            "close": "8.522"
        },
        {
            "time": "27.01.2021 21:26",
            "open": "8.522",
            "high": "8.523",
            "low": "8.522",
            "close": "8.56"
        },
        {
            "time": "27.01.2021 21:30",
            "open": "8.56",
            "high": "8.56",
            "low": "8.56",
            "close": "8.518"
        },
        {
            "time": "27.01.2021 21:32",
            "open": "8.518",
            "high": "8.518",
            "low": "8.517",
            "close": "8.477"
        },
        {
            "time": "27.01.2021 21:40",
            "open": "8.477",
            "high": "8.477",
            "low": "8.476",
            "close": "8.538"
        },
        {
            "time": "27.01.2021 21:47",
            "open": "8.538",
            "high": "8.538",
            "low": "8.538",
            "close": "8.526"
        },
        {
            "time": "27.01.2021 21:48",
            "open": "8.526",
            "high": "8.527",
            "low": "8.526",
            "close": "8.498"
        },
        {
            "time": "27.01.2021 21:50",
            "open": "8.498",
            "high": "8.498",
            "low": "8.498",
            "close": "8.539"
        },
        {
            "time": "27.01.2021 21:53",
            "open": "8.539",
            "high": "8.54",
            "low": "8.539",
            "close": "8.465"
        },
        {
            "time": "27.01.2021 21:54",
            "open": "8.465",
            "high": "8.465",
            "low": "8.465",
            "close": "8.532"
        },
        {
            "time": "27.01.2021 22:01",
            "open": "8.532",
            "high": "8.532",
            "low": "8.532",
            "close": "8.511"
        },
        {
            "time": "27.01.2021 22:03",
            "open": "8.511",
            "high": "8.511",
            "low": "8.511",
            "close": "8.472"
        },
        {
            "time": "27.01.2021 22:08",
            "open": "8.472",
            "high": "8.472",
            "low": "8.472",
            "close": "8.472"
        },
        {
            "time": "27.01.2021 22:18",
            "open": "8.472",
            "high": "8.472",
            "low": "8.472",
            "close": "8.441"
        },
        {
            "time": "27.01.2021 22:21",
            "open": "8.441",
            "high": "8.441",
            "low": "8.43",
            "close": "8.386"
        },
        {
            "time": "27.01.2021 22:31",
            "open": "8.386",
            "high": "8.386",
            "low": "8.385",
            "close": "8.382"
        },
        {
            "time": "27.01.2021 22:32",
            "open": "8.382",
            "high": "8.382",
            "low": "8.382",
            "close": "8.382"
        },
        {
            "time": "27.01.2021 22:47",
            "open": "8.382",
            "high": "8.382",
            "low": "8.382",
            "close": "8.361"
        },
        {
            "time": "27.01.2021 23:04",
            "open": "8.361",
            "high": "8.361",
            "low": "8.36",
            "close": "8.361"
        },
        {
            "time": "27.01.2021 23:09",
            "open": "8.361",
            "high": "8.361",
            "low": "8.36",
            "close": "8.344"
        },
        {
            "time": "27.01.2021 23:10",
            "open": "8.344",
            "high": "8.344",
            "low": "8.344",
            "close": "8.382"
        },
        {
            "time": "27.01.2021 23:18",
            "open": "8.382",
            "high": "8.451",
            "low": "8.382",
            "close": "8.548"
        },
        {
            "time": "27.01.2021 23:19",
            "open": "8.548",
            "high": "8.548",
            "low": "8.512",
            "close": "8.373"
        },
        {
            "time": "27.01.2021 23:32",
            "open": "8.373",
            "high": "8.373",
            "low": "8.372",
            "close": "8.386"
        },
        {
            "time": "27.01.2021 23:33",
            "open": "8.386",
            "high": "8.386",
            "low": "8.386",
            "close": "8.385"
        },
        {
            "time": "27.01.2021 23:35",
            "open": "8.385",
            "high": "8.385",
            "low": "8.385",
            "close": "8.344"
        },
        {
            "time": "27.01.2021 23:41",
            "open": "8.344",
            "high": "8.344",
            "low": "8.34",
            "close": "8.34"
        },
        {
            "time": "27.01.2021 23:43",
            "open": "8.34",
            "high": "8.34",
            "low": "8.34",
            "close": "8.378"
        },
        {
            "time": "27.01.2021 23:45",
            "open": "8.378",
            "high": "8.378",
            "low": "8.378",
            "close": "8.29"
        },
        {
            "time": "27.01.2021 23:49",
            "open": "8.29",
            "high": "8.29",
            "low": "8.278",
            "close": "8.262"
        },
        {
            "time": "27.01.2021 23:50",
            "open": "8.262",
            "high": "8.262",
            "low": "8.262",
            "close": "8.262"
        },
        {
            "time": "27.01.2021 23:51",
            "open": "8.262",
            "high": "8.262",
            "low": "8.262",
            "close": "8.251"
        }
    ]
}