{
    "UMA-EUR": [
        {
            "time": "13.03.2021 23:59",
            "open": "20.777",
            "high": "20.777",
            "low": "20.777",
            "close": "20.737"
        },
        {
            "time": "14.03.2021 00:02",
            "open": "20.737",
            "high": "20.737",
            "low": "20.62",
            "close": "20.7"
        },
        {
            "time": "14.03.2021 00:03",
            "open": "20.7",
            "high": "20.701",
            "low": "20.7",
            "close": "20.61"
        },
        {
            "time": "14.03.2021 00:04",
            "open": "20.61",
            "high": "20.704",
            "low": "20.61",
            "close": "20.604"
        },
        {
            "time": "14.03.2021 00:05",
            "open": "20.604",
            "high": "20.604",
            "low": "20.6",
            "close": "20.776"
        },
        {
            "time": "14.03.2021 00:13",
            "open": "20.776",
            "high": "20.776",
            "low": "20.776",
            "close": "20.663"
        },
        {
            "time": "14.03.2021 00:22",
            "open": "20.663",
            "high": "20.664",
            "low": "20.662",
            "close": "20.712"
        },
        {
            "time": "14.03.2021 00:23",
            "open": "20.712",
            "high": "20.712",
            "low": "20.712",
            "close": "20.776"
        },
        {
            "time": "14.03.2021 00:31",
            "open": "20.776",
            "high": "20.776",
            "low": "20.776",
            "close": "20.767"
        },
        {
            "time": "14.03.2021 00:36",
            "open": "20.767",
            "high": "20.767",
            "low": "20.767",
            "close": "20.777"
        },
        {
            "time": "14.03.2021 00:43",
            "open": "20.777",
            "high": "20.791",
            "low": "20.777",
            "close": "20.792"
        },
        {
            "time": "14.03.2021 01:02",
            "open": "20.792",
            "high": "20.792",
            "low": "20.791",
            "close": "20.881"
        },
        {
            "time": "14.03.2021 01:04",
            "open": "20.881",
            "high": "20.881",
            "low": "20.881",
            "close": "20.913"
        },
        {
            "time": "14.03.2021 01:09",
            "open": "20.913",
            "high": "20.913",
            "low": "20.913",
            "close": "20.822"
        },
        {
            "time": "14.03.2021 01:10",
            "open": "20.822",
            "high": "20.825",
            "low": "20.822",
            "close": "20.963"
        },
        {
            "time": "14.03.2021 01:11",
            "open": "20.963",
            "high": "20.963",
            "low": "20.963",
            "close": "20.969"
        },
        {
            "time": "14.03.2021 01:15",
            "open": "20.969",
            "high": "20.991",
            "low": "20.969",
            "close": "21.079"
        },
        {
            "time": "14.03.2021 01:17",
            "open": "21.079",
            "high": "21.079",
            "low": "21.079",
            "close": "21.1"
        },
        {
            "time": "14.03.2021 01:21",
            "open": "21.1",
            "high": "21.1",
            "low": "21.099",
            "close": "21.146"
        },
        {
            "time": "14.03.2021 01:25",
            "open": "21.146",
            "high": "21.146",
            "low": "21.146",
            "close": "21.15"
        },
        {
            "time": "14.03.2021 01:31",
            "open": "21.15",
            "high": "21.15",
            "low": "21.15",
            "close": "21.15"
        },
        {
            "time": "14.03.2021 01:32",
            "open": "21.15",
            "high": "21.15",
            "low": "21.15",
            "close": "21.15"
        },
        {
            "time": "14.03.2021 01:34",
            "open": "21.15",
            "high": "21.15",
            "low": "21.15",
            "close": "21.157"
        },
        {
            "time": "14.03.2021 01:37",
            "open": "21.157",
            "high": "21.168",
            "low": "21.157",
            "close": "21.121"
        },
        {
            "time": "14.03.2021 01:39",
            "open": "21.121",
            "high": "21.121",
            "low": "21.121",
            "close": "21.17"
        },
        {
            "time": "14.03.2021 01:41",
            "open": "21.17",
            "high": "21.17",
            "low": "21.17",
            "close": "21.171"
        },
        {
            "time": "14.03.2021 01:42",
            "open": "21.171",
            "high": "21.171",
            "low": "21.171",
            "close": "21.178"
        },
        {
            "time": "14.03.2021 01:45",
            "open": "21.178",
            "high": "21.178",
            "low": "21.178",
            "close": "21.215"
        },
        {
            "time": "14.03.2021 01:46",
            "open": "21.215",
            "high": "21.241",
            "low": "21.215",
            "close": "21.234"
        },
        {
            "time": "14.03.2021 01:47",
            "open": "21.234",
            "high": "21.279",
            "low": "21.234",
            "close": "21.286"
        },
        {
            "time": "14.03.2021 01:48",
            "open": "21.286",
            "high": "21.326",
            "low": "21.286",
            "close": "21.287"
        },
        {
            "time": "14.03.2021 01:49",
            "open": "21.287",
            "high": "21.287",
            "low": "21.287",
            "close": "21.328"
        },
        {
            "time": "14.03.2021 01:52",
            "open": "21.328",
            "high": "21.364",
            "low": "21.328",
            "close": "21.312"
        },
        {
            "time": "14.03.2021 01:53",
            "open": "21.312",
            "high": "21.312",
            "low": "21.312",
            "close": "21.296"
        },
        {
            "time": "14.03.2021 01:54",
            "open": "21.296",
            "high": "21.296",
            "low": "21.296",
            "close": "21.365"
        },
        {
            "time": "14.03.2021 02:00",
            "open": "21.365",
            "high": "21.411",
            "low": "21.365",
            "close": "21.295"
        },
        {
            "time": "14.03.2021 02:02",
            "open": "21.295",
            "high": "21.295",
            "low": "21.243",
            "close": "21.188"
        },
        {
            "time": "14.03.2021 02:03",
            "open": "21.188",
            "high": "21.209",
            "low": "21.188",
            "close": "21.27"
        },
        {
            "time": "14.03.2021 02:05",
            "open": "21.27",
            "high": "21.27",
            "low": "21.27",
            "close": "21.271"
        },
        {
            "time": "14.03.2021 02:06",
            "open": "21.271",
            "high": "21.271",
            "low": "21.271",
            "close": "21.173"
        },
        {
            "time": "14.03.2021 02:08",
            "open": "21.173",
            "high": "21.173",
            "low": "21.173",
            "close": "21.02"
        },
        {
            "time": "14.03.2021 02:11",
            "open": "21.02",
            "high": "21.02",
            "low": "20.969",
            "close": "20.946"
        },
        {
            "time": "14.03.2021 02:13",
            "open": "20.946",
            "high": "20.946",
            "low": "20.912",
            "close": "20.848"
        },
        {
            "time": "14.03.2021 02:18",
            "open": "20.848",
            "high": "20.848",
            "low": "20.848",
            "close": "20.789"
        },
        {
            "time": "14.03.2021 02:19",
            "open": "20.789",
            "high": "20.789",
            "low": "20.789",
            "close": "20.748"
        },
        {
            "time": "14.03.2021 02:20",
            "open": "20.748",
            "high": "20.748",
            "low": "20.73",
            "close": "20.8"
        },
        {
            "time": "14.03.2021 02:22",
            "open": "20.8",
            "high": "20.8",
            "low": "20.8",
            "close": "20.793"
        },
        {
            "time": "14.03.2021 02:23",
            "open": "20.793",
            "high": "20.793",
            "low": "20.793",
            "close": "20.733"
        },
        {
            "time": "14.03.2021 02:27",
            "open": "20.733",
            "high": "20.733",
            "low": "20.67",
            "close": "20.748"
        },
        {
            "time": "14.03.2021 02:32",
            "open": "20.748",
            "high": "20.748",
            "low": "20.728",
            "close": "20.739"
        },
        {
            "time": "14.03.2021 02:34",
            "open": "20.739",
            "high": "20.739",
            "low": "20.724",
            "close": "20.755"
        },
        {
            "time": "14.03.2021 02:35",
            "open": "20.755",
            "high": "20.755",
            "low": "20.755",
            "close": "20.761"
        },
        {
            "time": "14.03.2021 02:50",
            "open": "20.761",
            "high": "20.761",
            "low": "20.761",
            "close": "20.763"
        },
        {
            "time": "14.03.2021 02:54",
            "open": "20.763",
            "high": "20.763",
            "low": "20.763",
            "close": "20.771"
        },
        {
            "time": "14.03.2021 02:56",
            "open": "20.771",
            "high": "20.771",
            "low": "20.771",
            "close": "20.897"
        },
        {
            "time": "14.03.2021 03:12",
            "open": "20.897",
            "high": "20.897",
            "low": "20.897",
            "close": "20.779"
        },
        {
            "time": "14.03.2021 03:39",
            "open": "20.779",
            "high": "20.805",
            "low": "20.779",
            "close": "20.822"
        },
        {
            "time": "14.03.2021 03:40",
            "open": "20.822",
            "high": "20.822",
            "low": "20.822",
            "close": "20.863"
        },
        {
            "time": "14.03.2021 03:50",
            "open": "20.863",
            "high": "20.863",
            "low": "20.863",
            "close": "20.783"
        },
        {
            "time": "14.03.2021 03:56",
            "open": "20.783",
            "high": "20.783",
            "low": "20.755",
            "close": "20.723"
        },
        {
            "time": "14.03.2021 03:58",
            "open": "20.723",
            "high": "20.723",
            "low": "20.722",
            "close": "20.701"
        },
        {
            "time": "14.03.2021 04:02",
            "open": "20.701",
            "high": "20.701",
            "low": "20.701",
            "close": "20.772"
        },
        {
            "time": "14.03.2021 04:29",
            "open": "20.772",
            "high": "20.772",
            "low": "20.772",
            "close": "20.866"
        },
        {
            "time": "14.03.2021 04:34",
            "open": "20.866",
            "high": "20.876",
            "low": "20.858",
            "close": "20.694"
        },
        {
            "time": "14.03.2021 05:03",
            "open": "20.694",
            "high": "20.694",
            "low": "20.619",
            "close": "20.567"
        },
        {
            "time": "14.03.2021 05:10",
            "open": "20.567",
            "high": "20.567",
            "low": "20.55",
            "close": "20.54"
        },
        {
            "time": "14.03.2021 05:11",
            "open": "20.54",
            "high": "20.57",
            "low": "20.54",
            "close": "20.948"
        },
        {
            "time": "14.03.2021 05:13",
            "open": "20.948",
            "high": "20.969",
            "low": "20.948",
            "close": "21.059"
        },
        {
            "time": "14.03.2021 05:14",
            "open": "21.059",
            "high": "21.206",
            "low": "21.059",
            "close": "21.263"
        },
        {
            "time": "14.03.2021 05:15",
            "open": "21.263",
            "high": "21.263",
            "low": "21.263",
            "close": "21.175"
        },
        {
            "time": "14.03.2021 05:17",
            "open": "21.175",
            "high": "21.196",
            "low": "21.175",
            "close": "21.187"
        },
        {
            "time": "14.03.2021 05:19",
            "open": "21.187",
            "high": "21.286",
            "low": "21.187",
            "close": "21.328"
        },
        {
            "time": "14.03.2021 05:24",
            "open": "21.328",
            "high": "21.366",
            "low": "21.328",
            "close": "21.366"
        },
        {
            "time": "14.03.2021 05:29",
            "open": "21.366",
            "high": "21.366",
            "low": "21.366",
            "close": "21.301"
        },
        {
            "time": "14.03.2021 05:31",
            "open": "21.301",
            "high": "21.301",
            "low": "21.301",
            "close": "21.4"
        },
        {
            "time": "14.03.2021 05:37",
            "open": "21.4",
            "high": "21.403",
            "low": "21.4",
            "close": "21.392"
        },
        {
            "time": "14.03.2021 05:38",
            "open": "21.392",
            "high": "21.392",
            "low": "21.392",
            "close": "21.442"
        },
        {
            "time": "14.03.2021 05:41",
            "open": "21.442",
            "high": "21.442",
            "low": "21.442",
            "close": "21.443"
        },
        {
            "time": "14.03.2021 05:42",
            "open": "21.443",
            "high": "21.47",
            "low": "21.443",
            "close": "21.5"
        },
        {
            "time": "14.03.2021 05:43",
            "open": "21.5",
            "high": "21.5",
            "low": "21.5",
            "close": "21.587"
        },
        {
            "time": "14.03.2021 05:44",
            "open": "21.587",
            "high": "21.587",
            "low": "21.58",
            "close": "21.483"
        },
        {
            "time": "14.03.2021 05:46",
            "open": "21.483",
            "high": "21.483",
            "low": "21.483",
            "close": "21.393"
        },
        {
            "time": "14.03.2021 05:49",
            "open": "21.393",
            "high": "21.393",
            "low": "21.309",
            "close": "21.6"
        },
        {
            "time": "14.03.2021 05:52",
            "open": "21.6",
            "high": "21.668",
            "low": "21.6",
            "close": "21.674"
        },
        {
            "time": "14.03.2021 05:53",
            "open": "21.674",
            "high": "21.674",
            "low": "21.674",
            "close": "21.675"
        },
        {
            "time": "14.03.2021 06:01",
            "open": "21.675",
            "high": "21.675",
            "low": "21.675",
            "close": "21.685"
        },
        {
            "time": "14.03.2021 06:02",
            "open": "21.685",
            "high": "21.724",
            "low": "21.685",
            "close": "21.755"
        },
        {
            "time": "14.03.2021 06:06",
            "open": "21.755",
            "high": "21.755",
            "low": "21.755",
            "close": "21.745"
        },
        {
            "time": "14.03.2021 06:08",
            "open": "21.745",
            "high": "21.745",
            "low": "21.745",
            "close": "21.456"
        },
        {
            "time": "14.03.2021 06:11",
            "open": "21.456",
            "high": "21.456",
            "low": "21.456",
            "close": "21.504"
        },
        {
            "time": "14.03.2021 06:14",
            "open": "21.504",
            "high": "21.504",
            "low": "21.504",
            "close": "21.286"
        },
        {
            "time": "14.03.2021 06:25",
            "open": "21.286",
            "high": "21.286",
            "low": "21.286",
            "close": "21.23"
        },
        {
            "time": "14.03.2021 06:27",
            "open": "21.23",
            "high": "21.23",
            "low": "21.199",
            "close": "21.204"
        },
        {
            "time": "14.03.2021 06:28",
            "open": "21.204",
            "high": "21.204",
            "low": "21.199",
            "close": "21.197"
        },
        {
            "time": "14.03.2021 06:31",
            "open": "21.197",
            "high": "21.197",
            "low": "21.151",
            "close": "21.151"
        },
        {
            "time": "14.03.2021 06:32",
            "open": "21.151",
            "high": "21.151",
            "low": "21.151",
            "close": "21.307"
        },
        {
            "time": "14.03.2021 06:34",
            "open": "21.307",
            "high": "21.307",
            "low": "21.307",
            "close": "21.247"
        },
        {
            "time": "14.03.2021 06:35",
            "open": "21.247",
            "high": "21.247",
            "low": "21.247",
            "close": "21.296"
        },
        {
            "time": "14.03.2021 06:37",
            "open": "21.296",
            "high": "21.296",
            "low": "21.296",
            "close": "21.246"
        },
        {
            "time": "14.03.2021 06:43",
            "open": "21.246",
            "high": "21.246",
            "low": "21.246",
            "close": "21.147"
        },
        {
            "time": "14.03.2021 06:52",
            "open": "21.147",
            "high": "21.147",
            "low": "21.131",
            "close": "21.123"
        },
        {
            "time": "14.03.2021 07:01",
            "open": "21.123",
            "high": "21.123",
            "low": "21.114",
            "close": "21.081"
        },
        {
            "time": "14.03.2021 07:02",
            "open": "21.081",
            "high": "21.081",
            "low": "21.081",
            "close": "20.969"
        },
        {
            "time": "14.03.2021 07:03",
            "open": "20.969",
            "high": "20.969",
            "low": "20.969",
            "close": "20.968"
        },
        {
            "time": "14.03.2021 07:04",
            "open": "20.968",
            "high": "20.968",
            "low": "20.968",
            "close": "20.965"
        },
        {
            "time": "14.03.2021 07:05",
            "open": "20.965",
            "high": "20.965",
            "low": "20.965",
            "close": "20.874"
        },
        {
            "time": "14.03.2021 07:15",
            "open": "20.874",
            "high": "20.874",
            "low": "20.874",
            "close": "20.908"
        },
        {
            "time": "14.03.2021 07:29",
            "open": "20.908",
            "high": "20.908",
            "low": "20.908",
            "close": "20.851"
        },
        {
            "time": "14.03.2021 07:35",
            "open": "20.851",
            "high": "20.851",
            "low": "20.851",
            "close": "20.854"
        },
        {
            "time": "14.03.2021 07:38",
            "open": "20.854",
            "high": "20.864",
            "low": "20.849",
            "close": "20.848"
        },
        {
            "time": "14.03.2021 07:40",
            "open": "20.848",
            "high": "20.848",
            "low": "20.848",
            "close": "20.838"
        },
        {
            "time": "14.03.2021 07:41",
            "open": "20.838",
            "high": "20.879",
            "low": "20.838",
            "close": "20.79"
        },
        {
            "time": "14.03.2021 07:48",
            "open": "20.79",
            "high": "20.79",
            "low": "20.79",
            "close": "20.772"
        },
        {
            "time": "14.03.2021 07:49",
            "open": "20.772",
            "high": "20.772",
            "low": "20.736",
            "close": "20.827"
        },
        {
            "time": "14.03.2021 07:51",
            "open": "20.827",
            "high": "20.827",
            "low": "20.827",
            "close": "20.918"
        },
        {
            "time": "14.03.2021 07:52",
            "open": "20.918",
            "high": "20.972",
            "low": "20.918",
            "close": "20.845"
        },
        {
            "time": "14.03.2021 07:55",
            "open": "20.845",
            "high": "20.845",
            "low": "20.845",
            "close": "20.777"
        },
        {
            "time": "14.03.2021 07:58",
            "open": "20.777",
            "high": "20.777",
            "low": "20.777",
            "close": "20.731"
        },
        {
            "time": "14.03.2021 07:59",
            "open": "20.731",
            "high": "20.74",
            "low": "20.708",
            "close": "20.709"
        },
        {
            "time": "14.03.2021 08:02",
            "open": "20.709",
            "high": "20.709",
            "low": "20.709",
            "close": "20.814"
        },
        {
            "time": "14.03.2021 08:15",
            "open": "20.814",
            "high": "20.814",
            "low": "20.814",
            "close": "20.783"
        },
        {
            "time": "14.03.2021 08:16",
            "open": "20.783",
            "high": "20.783",
            "low": "20.783",
            "close": "20.85"
        },
        {
            "time": "14.03.2021 08:20",
            "open": "20.85",
            "high": "20.863",
            "low": "20.85",
            "close": "20.87"
        },
        {
            "time": "14.03.2021 08:22",
            "open": "20.87",
            "high": "20.87",
            "low": "20.851",
            "close": "20.943"
        },
        {
            "time": "14.03.2021 08:27",
            "open": "20.943",
            "high": "20.943",
            "low": "20.887",
            "close": "20.877"
        },
        {
            "time": "14.03.2021 08:31",
            "open": "20.877",
            "high": "21.344",
            "low": "20.877",
            "close": "21.242"
        },
        {
            "time": "14.03.2021 08:32",
            "open": "21.242",
            "high": "21.244",
            "low": "21.242",
            "close": "21.365"
        },
        {
            "time": "14.03.2021 08:33",
            "open": "21.365",
            "high": "21.365",
            "low": "21.365",
            "close": "21.331"
        },
        {
            "time": "14.03.2021 08:37",
            "open": "21.331",
            "high": "21.331",
            "low": "21.331",
            "close": "21.289"
        },
        {
            "time": "14.03.2021 08:44",
            "open": "21.289",
            "high": "21.289",
            "low": "21.219",
            "close": "21.082"
        },
        {
            "time": "14.03.2021 08:48",
            "open": "21.082",
            "high": "21.082",
            "low": "21.082",
            "close": "20.969"
        },
        {
            "time": "14.03.2021 08:51",
            "open": "20.969",
            "high": "20.969",
            "low": "20.969",
            "close": "20.898"
        },
        {
            "time": "14.03.2021 08:55",
            "open": "20.898",
            "high": "20.898",
            "low": "20.877",
            "close": "20.851"
        },
        {
            "time": "14.03.2021 08:57",
            "open": "20.851",
            "high": "20.87",
            "low": "20.774",
            "close": "20.875"
        },
        {
            "time": "14.03.2021 08:58",
            "open": "20.875",
            "high": "20.876",
            "low": "20.875",
            "close": "20.925"
        },
        {
            "time": "14.03.2021 09:05",
            "open": "20.925",
            "high": "21.003",
            "low": "20.925",
            "close": "21.002"
        },
        {
            "time": "14.03.2021 09:10",
            "open": "21.002",
            "high": "21.002",
            "low": "21.002",
            "close": "20.902"
        },
        {
            "time": "14.03.2021 09:20",
            "open": "20.902",
            "high": "20.902",
            "low": "20.902",
            "close": "20.857"
        },
        {
            "time": "14.03.2021 09:21",
            "open": "20.857",
            "high": "20.857",
            "low": "20.857",
            "close": "20.931"
        },
        {
            "time": "14.03.2021 09:22",
            "open": "20.931",
            "high": "20.931",
            "low": "20.931",
            "close": "20.838"
        },
        {
            "time": "14.03.2021 09:29",
            "open": "20.838",
            "high": "20.838",
            "low": "20.838",
            "close": "20.78"
        },
        {
            "time": "14.03.2021 09:33",
            "open": "20.78",
            "high": "20.78",
            "low": "20.78",
            "close": "20.748"
        },
        {
            "time": "14.03.2021 09:35",
            "open": "20.748",
            "high": "20.748",
            "low": "20.721",
            "close": "20.79"
        },
        {
            "time": "14.03.2021 09:38",
            "open": "20.79",
            "high": "20.79",
            "low": "20.79",
            "close": "20.737"
        },
        {
            "time": "14.03.2021 09:40",
            "open": "20.737",
            "high": "20.737",
            "low": "20.737",
            "close": "20.827"
        },
        {
            "time": "14.03.2021 09:41",
            "open": "20.827",
            "high": "20.827",
            "low": "20.827",
            "close": "20.806"
        },
        {
            "time": "14.03.2021 09:42",
            "open": "20.806",
            "high": "20.806",
            "low": "20.806",
            "close": "20.851"
        },
        {
            "time": "14.03.2021 09:46",
            "open": "20.851",
            "high": "20.851",
            "low": "20.806",
            "close": "20.806"
        },
        {
            "time": "14.03.2021 09:48",
            "open": "20.806",
            "high": "20.806",
            "low": "20.806",
            "close": "20.806"
        },
        {
            "time": "14.03.2021 09:49",
            "open": "20.806",
            "high": "20.806",
            "low": "20.806",
            "close": "20.796"
        },
        {
            "time": "14.03.2021 09:57",
            "open": "20.796",
            "high": "20.796",
            "low": "20.796",
            "close": "20.795"
        },
        {
            "time": "14.03.2021 09:59",
            "open": "20.795",
            "high": "20.795",
            "low": "20.795",
            "close": "20.806"
        },
        {
            "time": "14.03.2021 10:02",
            "open": "20.806",
            "high": "20.806",
            "low": "20.806",
            "close": "20.822"
        },
        {
            "time": "14.03.2021 10:08",
            "open": "20.822",
            "high": "20.822",
            "low": "20.822",
            "close": "20.867"
        },
        {
            "time": "14.03.2021 10:13",
            "open": "20.867",
            "high": "20.867",
            "low": "20.867",
            "close": "20.881"
        },
        {
            "time": "14.03.2021 10:15",
            "open": "20.881",
            "high": "20.881",
            "low": "20.881",
            "close": "20.842"
        },
        {
            "time": "14.03.2021 10:24",
            "open": "20.842",
            "high": "20.842",
            "low": "20.842",
            "close": "20.841"
        },
        {
            "time": "14.03.2021 10:28",
            "open": "20.841",
            "high": "20.841",
            "low": "20.841",
            "close": "20.88"
        },
        {
            "time": "14.03.2021 10:31",
            "open": "20.88",
            "high": "20.88",
            "low": "20.88",
            "close": "20.881"
        },
        {
            "time": "14.03.2021 10:33",
            "open": "20.881",
            "high": "20.911",
            "low": "20.881",
            "close": "20.95"
        },
        {
            "time": "14.03.2021 10:34",
            "open": "20.95",
            "high": "20.95",
            "low": "20.95",
            "close": "20.908"
        },
        {
            "time": "14.03.2021 10:37",
            "open": "20.908",
            "high": "20.908",
            "low": "20.908",
            "close": "20.95"
        },
        {
            "time": "14.03.2021 10:40",
            "open": "20.95",
            "high": "20.959",
            "low": "20.95",
            "close": "20.966"
        },
        {
            "time": "14.03.2021 10:43",
            "open": "20.966",
            "high": "20.967",
            "low": "20.966",
            "close": "20.985"
        },
        {
            "time": "14.03.2021 10:50",
            "open": "20.985",
            "high": "20.985",
            "low": "20.985",
            "close": "20.949"
        },
        {
            "time": "14.03.2021 10:51",
            "open": "20.949",
            "high": "20.949",
            "low": "20.949",
            "close": "20.934"
        },
        {
            "time": "14.03.2021 11:07",
            "open": "20.934",
            "high": "20.934",
            "low": "20.913",
            "close": "20.889"
        },
        {
            "time": "14.03.2021 11:21",
            "open": "20.889",
            "high": "20.889",
            "low": "20.805",
            "close": "20.803"
        },
        {
            "time": "14.03.2021 11:25",
            "open": "20.803",
            "high": "20.803",
            "low": "20.803",
            "close": "20.829"
        },
        {
            "time": "14.03.2021 11:26",
            "open": "20.829",
            "high": "20.829",
            "low": "20.829",
            "close": "20.797"
        },
        {
            "time": "14.03.2021 11:28",
            "open": "20.797",
            "high": "20.797",
            "low": "20.797",
            "close": "20.798"
        },
        {
            "time": "14.03.2021 11:31",
            "open": "20.798",
            "high": "20.798",
            "low": "20.798",
            "close": "20.796"
        },
        {
            "time": "14.03.2021 11:32",
            "open": "20.796",
            "high": "20.796",
            "low": "20.709",
            "close": "20.7"
        },
        {
            "time": "14.03.2021 11:33",
            "open": "20.7",
            "high": "20.7",
            "low": "20.7",
            "close": "20.699"
        },
        {
            "time": "14.03.2021 11:35",
            "open": "20.699",
            "high": "20.7",
            "low": "20.699",
            "close": "20.7"
        },
        {
            "time": "14.03.2021 11:36",
            "open": "20.7",
            "high": "20.71",
            "low": "20.639",
            "close": "20.701"
        },
        {
            "time": "14.03.2021 11:37",
            "open": "20.701",
            "high": "20.703",
            "low": "20.638",
            "close": "20.712"
        },
        {
            "time": "14.03.2021 11:38",
            "open": "20.712",
            "high": "20.732",
            "low": "20.709",
            "close": "20.693"
        },
        {
            "time": "14.03.2021 11:39",
            "open": "20.693",
            "high": "20.741",
            "low": "20.642",
            "close": "20.73"
        },
        {
            "time": "14.03.2021 11:40",
            "open": "20.73",
            "high": "20.745",
            "low": "20.675",
            "close": "20.676"
        },
        {
            "time": "14.03.2021 11:41",
            "open": "20.676",
            "high": "20.676",
            "low": "20.6",
            "close": "20.55"
        },
        {
            "time": "14.03.2021 11:42",
            "open": "20.55",
            "high": "20.582",
            "low": "20.55",
            "close": "20.559"
        },
        {
            "time": "14.03.2021 11:45",
            "open": "20.559",
            "high": "20.559",
            "low": "20.559",
            "close": "20.559"
        },
        {
            "time": "14.03.2021 11:46",
            "open": "20.559",
            "high": "20.58",
            "low": "20.559",
            "close": "20.54"
        },
        {
            "time": "14.03.2021 11:49",
            "open": "20.54",
            "high": "20.54",
            "low": "20.54",
            "close": "20.537"
        },
        {
            "time": "14.03.2021 11:53",
            "open": "20.537",
            "high": "20.537",
            "low": "20.48",
            "close": "20.49"
        },
        {
            "time": "14.03.2021 11:55",
            "open": "20.49",
            "high": "20.49",
            "low": "20.489",
            "close": "20.49"
        },
        {
            "time": "14.03.2021 11:56",
            "open": "20.49",
            "high": "20.49",
            "low": "20.49",
            "close": "20.525"
        },
        {
            "time": "14.03.2021 11:58",
            "open": "20.525",
            "high": "20.525",
            "low": "20.525",
            "close": "20.577"
        },
        {
            "time": "14.03.2021 12:00",
            "open": "20.577",
            "high": "20.578",
            "low": "20.577",
            "close": "20.578"
        },
        {
            "time": "14.03.2021 12:01",
            "open": "20.578",
            "high": "20.58",
            "low": "20.578",
            "close": "20.58"
        },
        {
            "time": "14.03.2021 12:04",
            "open": "20.58",
            "high": "20.58",
            "low": "20.58",
            "close": "20.522"
        },
        {
            "time": "14.03.2021 12:07",
            "open": "20.522",
            "high": "20.522",
            "low": "20.522",
            "close": "20.465"
        },
        {
            "time": "14.03.2021 12:12",
            "open": "20.465",
            "high": "20.465",
            "low": "20.452",
            "close": "20.497"
        },
        {
            "time": "14.03.2021 12:14",
            "open": "20.497",
            "high": "20.554",
            "low": "20.451",
            "close": "20.385"
        },
        {
            "time": "14.03.2021 12:16",
            "open": "20.385",
            "high": "20.385",
            "low": "20.38",
            "close": "20.336"
        },
        {
            "time": "14.03.2021 12:17",
            "open": "20.336",
            "high": "20.336",
            "low": "20.276",
            "close": "20.276"
        },
        {
            "time": "14.03.2021 12:18",
            "open": "20.276",
            "high": "20.276",
            "low": "20.258",
            "close": "20.271"
        },
        {
            "time": "14.03.2021 12:19",
            "open": "20.271",
            "high": "20.357",
            "low": "20.271",
            "close": "20.383"
        },
        {
            "time": "14.03.2021 12:20",
            "open": "20.383",
            "high": "20.383",
            "low": "20.383",
            "close": "20.432"
        },
        {
            "time": "14.03.2021 12:21",
            "open": "20.432",
            "high": "20.432",
            "low": "20.432",
            "close": "20.383"
        },
        {
            "time": "14.03.2021 12:22",
            "open": "20.383",
            "high": "20.383",
            "low": "20.383",
            "close": "20.383"
        },
        {
            "time": "14.03.2021 12:23",
            "open": "20.383",
            "high": "20.383",
            "low": "20.317",
            "close": "20.255"
        },
        {
            "time": "14.03.2021 12:25",
            "open": "20.255",
            "high": "20.255",
            "low": "20.255",
            "close": "20.22"
        },
        {
            "time": "14.03.2021 12:27",
            "open": "20.22",
            "high": "20.22",
            "low": "20.188",
            "close": "20.15"
        },
        {
            "time": "14.03.2021 12:28",
            "open": "20.15",
            "high": "20.15",
            "low": "19.861",
            "close": "20"
        },
        {
            "time": "14.03.2021 12:29",
            "open": "20",
            "high": "20.033",
            "low": "20",
            "close": "20.051"
        },
        {
            "time": "14.03.2021 12:30",
            "open": "20.051",
            "high": "20.058",
            "low": "20.019",
            "close": "20.046"
        },
        {
            "time": "14.03.2021 12:31",
            "open": "20.046",
            "high": "20.099",
            "low": "20.046",
            "close": "20.147"
        },
        {
            "time": "14.03.2021 12:32",
            "open": "20.147",
            "high": "20.147",
            "low": "20.147",
            "close": "20.078"
        },
        {
            "time": "14.03.2021 12:35",
            "open": "20.078",
            "high": "20.078",
            "low": "20.078",
            "close": "20.093"
        },
        {
            "time": "14.03.2021 12:38",
            "open": "20.093",
            "high": "20.093",
            "low": "20.082",
            "close": "20.003"
        },
        {
            "time": "14.03.2021 12:41",
            "open": "20.003",
            "high": "20.003",
            "low": "19.972",
            "close": "20.007"
        },
        {
            "time": "14.03.2021 12:52",
            "open": "20.007",
            "high": "20.007",
            "low": "20.007",
            "close": "19.957"
        },
        {
            "time": "14.03.2021 12:53",
            "open": "19.957",
            "high": "19.957",
            "low": "19.957",
            "close": "20.08"
        },
        {
            "time": "14.03.2021 12:58",
            "open": "20.08",
            "high": "20.08",
            "low": "20.08",
            "close": "20.12"
        },
        {
            "time": "14.03.2021 13:01",
            "open": "20.12",
            "high": "20.12",
            "low": "20.12",
            "close": "20.107"
        },
        {
            "time": "14.03.2021 13:02",
            "open": "20.107",
            "high": "20.127",
            "low": "20.107",
            "close": "20.134"
        },
        {
            "time": "14.03.2021 13:03",
            "open": "20.134",
            "high": "20.169",
            "low": "20.134",
            "close": "20.116"
        },
        {
            "time": "14.03.2021 13:04",
            "open": "20.116",
            "high": "20.14",
            "low": "20.116",
            "close": "20.197"
        },
        {
            "time": "14.03.2021 13:06",
            "open": "20.197",
            "high": "20.197",
            "low": "20.197",
            "close": "20.199"
        },
        {
            "time": "14.03.2021 13:09",
            "open": "20.199",
            "high": "20.239",
            "low": "20.199",
            "close": "20.238"
        },
        {
            "time": "14.03.2021 13:11",
            "open": "20.238",
            "high": "20.264",
            "low": "20.238",
            "close": "20.212"
        },
        {
            "time": "14.03.2021 13:14",
            "open": "20.212",
            "high": "20.212",
            "low": "20.212",
            "close": "20.13"
        },
        {
            "time": "14.03.2021 13:15",
            "open": "20.13",
            "high": "20.13",
            "low": "20.13",
            "close": "20.259"
        },
        {
            "time": "14.03.2021 13:17",
            "open": "20.259",
            "high": "20.259",
            "low": "20.259",
            "close": "20.264"
        },
        {
            "time": "14.03.2021 13:18",
            "open": "20.264",
            "high": "20.269",
            "low": "20.264",
            "close": "20.285"
        },
        {
            "time": "14.03.2021 13:20",
            "open": "20.285",
            "high": "20.285",
            "low": "20.232",
            "close": "20.288"
        },
        {
            "time": "14.03.2021 13:21",
            "open": "20.288",
            "high": "20.288",
            "low": "20.218",
            "close": "20.219"
        },
        {
            "time": "14.03.2021 13:25",
            "open": "20.219",
            "high": "20.22",
            "low": "20.219",
            "close": "20.253"
        },
        {
            "time": "14.03.2021 13:26",
            "open": "20.253",
            "high": "20.253",
            "low": "20.203",
            "close": "20.251"
        },
        {
            "time": "14.03.2021 13:37",
            "open": "20.251",
            "high": "20.251",
            "low": "20.251",
            "close": "20.228"
        },
        {
            "time": "14.03.2021 13:38",
            "open": "20.228",
            "high": "20.228",
            "low": "20.204",
            "close": "20.213"
        },
        {
            "time": "14.03.2021 13:41",
            "open": "20.213",
            "high": "20.213",
            "low": "20.213",
            "close": "20.229"
        },
        {
            "time": "14.03.2021 13:46",
            "open": "20.229",
            "high": "20.229",
            "low": "20.229",
            "close": "20.249"
        },
        {
            "time": "14.03.2021 13:52",
            "open": "20.249",
            "high": "20.4",
            "low": "20.249",
            "close": "20.32"
        },
        {
            "time": "14.03.2021 13:57",
            "open": "20.32",
            "high": "20.431",
            "low": "20.313",
            "close": "20.297"
        },
        {
            "time": "14.03.2021 13:58",
            "open": "20.297",
            "high": "20.297",
            "low": "20.297",
            "close": "20.327"
        },
        {
            "time": "14.03.2021 14:06",
            "open": "20.327",
            "high": "20.327",
            "low": "20.327",
            "close": "20.309"
        },
        {
            "time": "14.03.2021 14:09",
            "open": "20.309",
            "high": "20.309",
            "low": "20.264",
            "close": "20.253"
        },
        {
            "time": "14.03.2021 14:13",
            "open": "20.253",
            "high": "20.253",
            "low": "20.253",
            "close": "20.274"
        },
        {
            "time": "14.03.2021 14:17",
            "open": "20.274",
            "high": "20.274",
            "low": "20.274",
            "close": "20.222"
        },
        {
            "time": "14.03.2021 14:22",
            "open": "20.222",
            "high": "20.237",
            "low": "20.213",
            "close": "20.203"
        },
        {
            "time": "14.03.2021 14:24",
            "open": "20.203",
            "high": "20.203",
            "low": "20.108",
            "close": "20.159"
        },
        {
            "time": "14.03.2021 14:26",
            "open": "20.159",
            "high": "20.159",
            "low": "20.159",
            "close": "20.084"
        },
        {
            "time": "14.03.2021 14:31",
            "open": "20.084",
            "high": "20.084",
            "low": "20.084",
            "close": "20.016"
        },
        {
            "time": "14.03.2021 14:33",
            "open": "20.016",
            "high": "20.016",
            "low": "20.01",
            "close": "20.003"
        },
        {
            "time": "14.03.2021 14:35",
            "open": "20.003",
            "high": "20.003",
            "low": "19.952",
            "close": "19.924"
        },
        {
            "time": "14.03.2021 14:39",
            "open": "19.924",
            "high": "19.924",
            "low": "19.924",
            "close": "19.93"
        },
        {
            "time": "14.03.2021 14:40",
            "open": "19.93",
            "high": "19.93",
            "low": "19.93",
            "close": "19.926"
        },
        {
            "time": "14.03.2021 14:46",
            "open": "19.926",
            "high": "19.926",
            "low": "19.926",
            "close": "19.96"
        },
        {
            "time": "14.03.2021 14:48",
            "open": "19.96",
            "high": "19.96",
            "low": "19.96",
            "close": "19.987"
        },
        {
            "time": "14.03.2021 14:50",
            "open": "19.987",
            "high": "19.987",
            "low": "19.987",
            "close": "20.032"
        },
        {
            "time": "14.03.2021 14:53",
            "open": "20.032",
            "high": "20.032",
            "low": "20.032",
            "close": "20"
        },
        {
            "time": "14.03.2021 14:56",
            "open": "20",
            "high": "20",
            "low": "20",
            "close": "19.979"
        },
        {
            "time": "14.03.2021 15:12",
            "open": "19.979",
            "high": "19.996",
            "low": "19.979",
            "close": "19.996"
        },
        {
            "time": "14.03.2021 15:16",
            "open": "19.996",
            "high": "19.996",
            "low": "19.996",
            "close": "20.081"
        },
        {
            "time": "14.03.2021 15:20",
            "open": "20.081",
            "high": "20.081",
            "low": "20.07",
            "close": "20.075"
        },
        {
            "time": "14.03.2021 15:22",
            "open": "20.075",
            "high": "20.075",
            "low": "20.075",
            "close": "20.131"
        },
        {
            "time": "14.03.2021 15:32",
            "open": "20.131",
            "high": "20.131",
            "low": "20.131",
            "close": "20.181"
        },
        {
            "time": "14.03.2021 15:34",
            "open": "20.181",
            "high": "20.181",
            "low": "20.147",
            "close": "20.224"
        },
        {
            "time": "14.03.2021 15:38",
            "open": "20.224",
            "high": "20.224",
            "low": "20.224",
            "close": "20.156"
        },
        {
            "time": "14.03.2021 15:48",
            "open": "20.156",
            "high": "20.156",
            "low": "20.156",
            "close": "20.139"
        },
        {
            "time": "14.03.2021 15:56",
            "open": "20.139",
            "high": "20.139",
            "low": "20.119",
            "close": "20.065"
        },
        {
            "time": "14.03.2021 15:57",
            "open": "20.065",
            "high": "20.065",
            "low": "20.065",
            "close": "20.041"
        },
        {
            "time": "14.03.2021 16:01",
            "open": "20.041",
            "high": "20.041",
            "low": "20.004",
            "close": "20.02"
        },
        {
            "time": "14.03.2021 16:15",
            "open": "20.02",
            "high": "20.02",
            "low": "20.02",
            "close": "20.001"
        },
        {
            "time": "14.03.2021 16:16",
            "open": "20.001",
            "high": "20.001",
            "low": "20.001",
            "close": "19.974"
        },
        {
            "time": "14.03.2021 16:17",
            "open": "19.974",
            "high": "19.974",
            "low": "19.97",
            "close": "20.042"
        },
        {
            "time": "14.03.2021 16:23",
            "open": "20.042",
            "high": "20.042",
            "low": "20.042",
            "close": "20.112"
        },
        {
            "time": "14.03.2021 16:24",
            "open": "20.112",
            "high": "20.112",
            "low": "20.112",
            "close": "20.097"
        },
        {
            "time": "14.03.2021 16:25",
            "open": "20.097",
            "high": "20.097",
            "low": "19.982",
            "close": "20.076"
        },
        {
            "time": "14.03.2021 16:26",
            "open": "20.076",
            "high": "20.1",
            "low": "20.076",
            "close": "20.146"
        },
        {
            "time": "14.03.2021 16:27",
            "open": "20.146",
            "high": "20.146",
            "low": "20.146",
            "close": "20.17"
        },
        {
            "time": "14.03.2021 16:28",
            "open": "20.17",
            "high": "20.17",
            "low": "20.15",
            "close": "20.121"
        },
        {
            "time": "14.03.2021 16:38",
            "open": "20.121",
            "high": "20.121",
            "low": "20.121",
            "close": "20.061"
        },
        {
            "time": "14.03.2021 16:39",
            "open": "20.061",
            "high": "20.061",
            "low": "20.011",
            "close": "20.094"
        },
        {
            "time": "14.03.2021 16:47",
            "open": "20.094",
            "high": "20.095",
            "low": "20.094",
            "close": "20.011"
        },
        {
            "time": "14.03.2021 16:49",
            "open": "20.011",
            "high": "20.011",
            "low": "20",
            "close": "20.018"
        },
        {
            "time": "14.03.2021 16:51",
            "open": "20.018",
            "high": "20.018",
            "low": "20.018",
            "close": "19.924"
        },
        {
            "time": "14.03.2021 16:52",
            "open": "19.924",
            "high": "19.924",
            "low": "19.924",
            "close": "19.79"
        },
        {
            "time": "14.03.2021 16:54",
            "open": "19.79",
            "high": "19.79",
            "low": "19.753",
            "close": "19.753"
        },
        {
            "time": "14.03.2021 16:55",
            "open": "19.753",
            "high": "19.753",
            "low": "19.701",
            "close": "19.753"
        },
        {
            "time": "14.03.2021 16:57",
            "open": "19.753",
            "high": "19.753",
            "low": "19.753",
            "close": "19.866"
        },
        {
            "time": "14.03.2021 17:00",
            "open": "19.866",
            "high": "19.875",
            "low": "19.866",
            "close": "19.818"
        },
        {
            "time": "14.03.2021 17:02",
            "open": "19.818",
            "high": "19.818",
            "low": "19.8",
            "close": "19.727"
        },
        {
            "time": "14.03.2021 17:03",
            "open": "19.727",
            "high": "19.727",
            "low": "19.727",
            "close": "19.699"
        },
        {
            "time": "14.03.2021 17:04",
            "open": "19.699",
            "high": "19.719",
            "low": "19.679",
            "close": "19.865"
        },
        {
            "time": "14.03.2021 17:13",
            "open": "19.865",
            "high": "19.865",
            "low": "19.865",
            "close": "19.937"
        },
        {
            "time": "14.03.2021 17:19",
            "open": "19.937",
            "high": "19.947",
            "low": "19.937",
            "close": "19.917"
        },
        {
            "time": "14.03.2021 17:20",
            "open": "19.917",
            "high": "19.917",
            "low": "19.912",
            "close": "19.903"
        },
        {
            "time": "14.03.2021 17:24",
            "open": "19.903",
            "high": "19.903",
            "low": "19.903",
            "close": "19.935"
        },
        {
            "time": "14.03.2021 17:38",
            "open": "19.935",
            "high": "19.935",
            "low": "19.935",
            "close": "19.945"
        },
        {
            "time": "14.03.2021 17:39",
            "open": "19.945",
            "high": "19.945",
            "low": "19.945",
            "close": "19.886"
        },
        {
            "time": "14.03.2021 17:41",
            "open": "19.886",
            "high": "19.886",
            "low": "19.886",
            "close": "19.969"
        },
        {
            "time": "14.03.2021 17:46",
            "open": "19.969",
            "high": "19.97",
            "low": "19.969",
            "close": "20.004"
        },
        {
            "time": "14.03.2021 17:48",
            "open": "20.004",
            "high": "20.023",
            "low": "20.004",
            "close": "20.053"
        },
        {
            "time": "14.03.2021 17:55",
            "open": "20.053",
            "high": "20.053",
            "low": "20.053",
            "close": "20.138"
        },
        {
            "time": "14.03.2021 17:56",
            "open": "20.138",
            "high": "20.15",
            "low": "20.138",
            "close": "20.327"
        },
        {
            "time": "14.03.2021 17:59",
            "open": "20.327",
            "high": "20.338",
            "low": "20.327",
            "close": "20.331"
        },
        {
            "time": "14.03.2021 18:00",
            "open": "20.331",
            "high": "20.36",
            "low": "20.317",
            "close": "20.314"
        },
        {
            "time": "14.03.2021 18:01",
            "open": "20.314",
            "high": "20.314",
            "low": "20.298",
            "close": "20.3"
        },
        {
            "time": "14.03.2021 18:06",
            "open": "20.3",
            "high": "20.3",
            "low": "20.3",
            "close": "20.285"
        },
        {
            "time": "14.03.2021 18:08",
            "open": "20.285",
            "high": "20.285",
            "low": "20.275",
            "close": "20.389"
        },
        {
            "time": "14.03.2021 18:10",
            "open": "20.389",
            "high": "20.537",
            "low": "20.389",
            "close": "20.565"
        },
        {
            "time": "14.03.2021 18:11",
            "open": "20.565",
            "high": "20.668",
            "low": "20.565",
            "close": "20.61"
        },
        {
            "time": "14.03.2021 18:12",
            "open": "20.61",
            "high": "20.61",
            "low": "20.609",
            "close": "20.679"
        },
        {
            "time": "14.03.2021 18:13",
            "open": "20.679",
            "high": "20.679",
            "low": "20.318",
            "close": "20.463"
        },
        {
            "time": "14.03.2021 18:14",
            "open": "20.463",
            "high": "20.463",
            "low": "20.07",
            "close": "20.11"
        },
        {
            "time": "14.03.2021 18:15",
            "open": "20.11",
            "high": "20.237",
            "low": "20.042",
            "close": "20.018"
        },
        {
            "time": "14.03.2021 18:16",
            "open": "20.018",
            "high": "20.044",
            "low": "19.978",
            "close": "20.051"
        },
        {
            "time": "14.03.2021 18:18",
            "open": "20.051",
            "high": "20.051",
            "low": "20.051",
            "close": "19.994"
        },
        {
            "time": "14.03.2021 18:20",
            "open": "19.994",
            "high": "19.994",
            "low": "19.954",
            "close": "19.978"
        },
        {
            "time": "14.03.2021 18:21",
            "open": "19.978",
            "high": "19.978",
            "low": "19.978",
            "close": "19.953"
        },
        {
            "time": "14.03.2021 18:23",
            "open": "19.953",
            "high": "19.953",
            "low": "19.953",
            "close": "19.945"
        },
        {
            "time": "14.03.2021 18:24",
            "open": "19.945",
            "high": "20.04",
            "low": "19.891",
            "close": "19.919"
        },
        {
            "time": "14.03.2021 18:25",
            "open": "19.919",
            "high": "19.957",
            "low": "19.919",
            "close": "19.921"
        },
        {
            "time": "14.03.2021 18:26",
            "open": "19.921",
            "high": "19.921",
            "low": "19.921",
            "close": "19.921"
        },
        {
            "time": "14.03.2021 18:27",
            "open": "19.921",
            "high": "19.921",
            "low": "19.921",
            "close": "19.891"
        },
        {
            "time": "14.03.2021 18:29",
            "open": "19.891",
            "high": "19.891",
            "low": "19.861",
            "close": "19.788"
        },
        {
            "time": "14.03.2021 18:32",
            "open": "19.788",
            "high": "19.84",
            "low": "19.788",
            "close": "19.847"
        },
        {
            "time": "14.03.2021 18:36",
            "open": "19.847",
            "high": "19.953",
            "low": "19.838",
            "close": "19.895"
        },
        {
            "time": "14.03.2021 18:37",
            "open": "19.895",
            "high": "19.906",
            "low": "19.84",
            "close": "19.842"
        },
        {
            "time": "14.03.2021 18:38",
            "open": "19.842",
            "high": "19.937",
            "low": "19.839",
            "close": "19.869"
        },
        {
            "time": "14.03.2021 18:39",
            "open": "19.869",
            "high": "19.869",
            "low": "19.843",
            "close": "19.835"
        },
        {
            "time": "14.03.2021 18:43",
            "open": "19.835",
            "high": "19.835",
            "low": "19.835",
            "close": "19.835"
        },
        {
            "time": "14.03.2021 18:49",
            "open": "19.835",
            "high": "19.835",
            "low": "19.825",
            "close": "19.801"
        },
        {
            "time": "14.03.2021 18:50",
            "open": "19.801",
            "high": "19.801",
            "low": "19.801",
            "close": "19.857"
        },
        {
            "time": "14.03.2021 18:51",
            "open": "19.857",
            "high": "19.857",
            "low": "19.807",
            "close": "19.86"
        },
        {
            "time": "14.03.2021 18:52",
            "open": "19.86",
            "high": "19.862",
            "low": "19.86",
            "close": "19.864"
        },
        {
            "time": "14.03.2021 18:54",
            "open": "19.864",
            "high": "19.864",
            "low": "19.864",
            "close": "19.829"
        },
        {
            "time": "14.03.2021 18:58",
            "open": "19.829",
            "high": "19.863",
            "low": "19.829",
            "close": "19.875"
        },
        {
            "time": "14.03.2021 19:09",
            "open": "19.875",
            "high": "19.875",
            "low": "19.875",
            "close": "19.926"
        },
        {
            "time": "14.03.2021 19:11",
            "open": "19.926",
            "high": "19.926",
            "low": "19.926",
            "close": "19.87"
        },
        {
            "time": "14.03.2021 19:12",
            "open": "19.87",
            "high": "19.87",
            "low": "19.87",
            "close": "19.917"
        },
        {
            "time": "14.03.2021 19:13",
            "open": "19.917",
            "high": "19.917",
            "low": "19.917",
            "close": "20"
        },
        {
            "time": "14.03.2021 19:14",
            "open": "20",
            "high": "20",
            "low": "20",
            "close": "20.073"
        },
        {
            "time": "14.03.2021 19:15",
            "open": "20.073",
            "high": "20.073",
            "low": "20.073",
            "close": "20.251"
        },
        {
            "time": "14.03.2021 19:20",
            "open": "20.251",
            "high": "20.251",
            "low": "20.251",
            "close": "20.249"
        },
        {
            "time": "14.03.2021 19:21",
            "open": "20.249",
            "high": "20.249",
            "low": "20.249",
            "close": "20.28"
        },
        {
            "time": "14.03.2021 19:22",
            "open": "20.28",
            "high": "20.28",
            "low": "20.28",
            "close": "20.293"
        },
        {
            "time": "14.03.2021 19:23",
            "open": "20.293",
            "high": "20.299",
            "low": "20.293",
            "close": "20.292"
        },
        {
            "time": "14.03.2021 19:24",
            "open": "20.292",
            "high": "20.292",
            "low": "20.292",
            "close": "20.299"
        },
        {
            "time": "14.03.2021 19:26",
            "open": "20.299",
            "high": "20.299",
            "low": "20.299",
            "close": "20.298"
        },
        {
            "time": "14.03.2021 19:27",
            "open": "20.298",
            "high": "20.298",
            "low": "20.298",
            "close": "20.297"
        },
        {
            "time": "14.03.2021 19:30",
            "open": "20.297",
            "high": "20.298",
            "low": "20.297",
            "close": "20.298"
        },
        {
            "time": "14.03.2021 19:39",
            "open": "20.298",
            "high": "20.298",
            "low": "20.298",
            "close": "20.291"
        },
        {
            "time": "14.03.2021 19:40",
            "open": "20.291",
            "high": "20.291",
            "low": "20.291",
            "close": "20.3"
        },
        {
            "time": "14.03.2021 19:48",
            "open": "20.3",
            "high": "20.315",
            "low": "20.3",
            "close": "20.325"
        },
        {
            "time": "14.03.2021 19:52",
            "open": "20.325",
            "high": "20.334",
            "low": "20.325",
            "close": "20.382"
        },
        {
            "time": "14.03.2021 19:53",
            "open": "20.382",
            "high": "20.382",
            "low": "20.302",
            "close": "20.315"
        },
        {
            "time": "14.03.2021 19:54",
            "open": "20.315",
            "high": "20.315",
            "low": "20.315",
            "close": "20.315"
        },
        {
            "time": "14.03.2021 19:56",
            "open": "20.315",
            "high": "20.315",
            "low": "20.315",
            "close": "20.315"
        },
        {
            "time": "14.03.2021 19:57",
            "open": "20.315",
            "high": "20.315",
            "low": "20.315",
            "close": "20.315"
        },
        {
            "time": "14.03.2021 19:58",
            "open": "20.315",
            "high": "20.315",
            "low": "20.315",
            "close": "20.315"
        },
        {
            "time": "14.03.2021 20:01",
            "open": "20.315",
            "high": "20.315",
            "low": "20.315",
            "close": "20.315"
        },
        {
            "time": "14.03.2021 20:03",
            "open": "20.315",
            "high": "20.315",
            "low": "20.313",
            "close": "20.31"
        },
        {
            "time": "14.03.2021 20:04",
            "open": "20.31",
            "high": "20.31",
            "low": "20.31",
            "close": "20.308"
        },
        {
            "time": "14.03.2021 20:05",
            "open": "20.308",
            "high": "20.308",
            "low": "20.308",
            "close": "20.297"
        },
        {
            "time": "14.03.2021 20:06",
            "open": "20.297",
            "high": "20.297",
            "low": "20.233",
            "close": "20.253"
        },
        {
            "time": "14.03.2021 20:07",
            "open": "20.253",
            "high": "20.253",
            "low": "20.253",
            "close": "20.253"
        },
        {
            "time": "14.03.2021 20:11",
            "open": "20.253",
            "high": "20.253",
            "low": "20.253",
            "close": "20.253"
        },
        {
            "time": "14.03.2021 20:13",
            "open": "20.253",
            "high": "20.253",
            "low": "20.253",
            "close": "20.253"
        },
        {
            "time": "14.03.2021 20:14",
            "open": "20.253",
            "high": "20.253",
            "low": "20.253",
            "close": "20.27"
        },
        {
            "time": "14.03.2021 20:16",
            "open": "20.27",
            "high": "20.27",
            "low": "20.27",
            "close": "20.236"
        },
        {
            "time": "14.03.2021 20:18",
            "open": "20.236",
            "high": "20.236",
            "low": "20.236",
            "close": "20.206"
        },
        {
            "time": "14.03.2021 20:24",
            "open": "20.206",
            "high": "20.206",
            "low": "20.206",
            "close": "20.161"
        },
        {
            "time": "14.03.2021 20:25",
            "open": "20.161",
            "high": "20.161",
            "low": "20.161",
            "close": "20.197"
        },
        {
            "time": "14.03.2021 20:30",
            "open": "20.197",
            "high": "20.243",
            "low": "20.197",
            "close": "20.223"
        },
        {
            "time": "14.03.2021 20:31",
            "open": "20.223",
            "high": "20.26",
            "low": "20.223",
            "close": "20.26"
        },
        {
            "time": "14.03.2021 20:32",
            "open": "20.26",
            "high": "20.26",
            "low": "20.26",
            "close": "20.272"
        },
        {
            "time": "14.03.2021 20:34",
            "open": "20.272",
            "high": "20.272",
            "low": "20.272",
            "close": "20.26"
        },
        {
            "time": "14.03.2021 20:35",
            "open": "20.26",
            "high": "20.26",
            "low": "20.26",
            "close": "20.263"
        },
        {
            "time": "14.03.2021 20:36",
            "open": "20.263",
            "high": "20.272",
            "low": "20.26",
            "close": "20.26"
        },
        {
            "time": "14.03.2021 20:37",
            "open": "20.26",
            "high": "20.26",
            "low": "20.26",
            "close": "20.261"
        },
        {
            "time": "14.03.2021 20:38",
            "open": "20.261",
            "high": "20.261",
            "low": "20.26",
            "close": "20.26"
        },
        {
            "time": "14.03.2021 20:39",
            "open": "20.26",
            "high": "20.26",
            "low": "20.26",
            "close": "20.261"
        },
        {
            "time": "14.03.2021 20:40",
            "open": "20.261",
            "high": "20.261",
            "low": "20.261",
            "close": "20.261"
        },
        {
            "time": "14.03.2021 20:41",
            "open": "20.261",
            "high": "20.265",
            "low": "20.261",
            "close": "20.265"
        },
        {
            "time": "14.03.2021 20:42",
            "open": "20.265",
            "high": "20.265",
            "low": "20.265",
            "close": "20.238"
        },
        {
            "time": "14.03.2021 20:43",
            "open": "20.238",
            "high": "20.379",
            "low": "20.238",
            "close": "20.261"
        },
        {
            "time": "14.03.2021 20:46",
            "open": "20.261",
            "high": "20.39",
            "low": "20.229",
            "close": "20.266"
        },
        {
            "time": "14.03.2021 20:49",
            "open": "20.266",
            "high": "20.266",
            "low": "20.266",
            "close": "20.23"
        },
        {
            "time": "14.03.2021 20:57",
            "open": "20.23",
            "high": "20.23",
            "low": "20.23",
            "close": "20.265"
        },
        {
            "time": "14.03.2021 21:03",
            "open": "20.265",
            "high": "20.265",
            "low": "20.212",
            "close": "20.174"
        },
        {
            "time": "14.03.2021 21:05",
            "open": "20.174",
            "high": "20.174",
            "low": "20.14",
            "close": "20.158"
        },
        {
            "time": "14.03.2021 21:09",
            "open": "20.158",
            "high": "20.158",
            "low": "20.139",
            "close": "20.155"
        },
        {
            "time": "14.03.2021 21:12",
            "open": "20.155",
            "high": "20.155",
            "low": "20.155",
            "close": "20.114"
        },
        {
            "time": "14.03.2021 21:15",
            "open": "20.114",
            "high": "20.114",
            "low": "19.936",
            "close": "20"
        },
        {
            "time": "14.03.2021 21:19",
            "open": "20",
            "high": "20",
            "low": "20",
            "close": "20.042"
        },
        {
            "time": "14.03.2021 21:27",
            "open": "20.042",
            "high": "20.042",
            "low": "20.042",
            "close": "20.075"
        },
        {
            "time": "14.03.2021 21:31",
            "open": "20.075",
            "high": "20.075",
            "low": "20.075",
            "close": "20.062"
        },
        {
            "time": "14.03.2021 21:32",
            "open": "20.062",
            "high": "20.062",
            "low": "20.062",
            "close": "20.005"
        },
        {
            "time": "14.03.2021 21:34",
            "open": "20.005",
            "high": "20.005",
            "low": "20.005",
            "close": "19.976"
        },
        {
            "time": "14.03.2021 21:41",
            "open": "19.976",
            "high": "20.001",
            "low": "19.976",
            "close": "20.04"
        },
        {
            "time": "14.03.2021 21:49",
            "open": "20.04",
            "high": "20.155",
            "low": "20.02",
            "close": "20.334"
        },
        {
            "time": "14.03.2021 21:51",
            "open": "20.334",
            "high": "20.334",
            "low": "20.334",
            "close": "20.364"
        },
        {
            "time": "14.03.2021 21:52",
            "open": "20.364",
            "high": "20.364",
            "low": "20.364",
            "close": "20.395"
        },
        {
            "time": "14.03.2021 21:53",
            "open": "20.395",
            "high": "20.405",
            "low": "20.395",
            "close": "20.388"
        },
        {
            "time": "14.03.2021 22:00",
            "open": "20.388",
            "high": "20.388",
            "low": "20.388",
            "close": "20.36"
        },
        {
            "time": "14.03.2021 22:20",
            "open": "20.36",
            "high": "20.36",
            "low": "20.36",
            "close": "20.35"
        },
        {
            "time": "14.03.2021 22:25",
            "open": "20.35",
            "high": "20.35",
            "low": "20.349",
            "close": "20.397"
        },
        {
            "time": "14.03.2021 22:27",
            "open": "20.397",
            "high": "20.397",
            "low": "20.397",
            "close": "20.413"
        },
        {
            "time": "14.03.2021 22:28",
            "open": "20.413",
            "high": "20.413",
            "low": "20.413",
            "close": "20.35"
        },
        {
            "time": "14.03.2021 22:38",
            "open": "20.35",
            "high": "20.35",
            "low": "20.35",
            "close": "20.31"
        },
        {
            "time": "14.03.2021 22:41",
            "open": "20.31",
            "high": "20.31",
            "low": "20.309",
            "close": "20.292"
        },
        {
            "time": "14.03.2021 22:43",
            "open": "20.292",
            "high": "20.292",
            "low": "20.292",
            "close": "20.203"
        },
        {
            "time": "14.03.2021 22:44",
            "open": "20.203",
            "high": "20.203",
            "low": "20.203",
            "close": "20.204"
        },
        {
            "time": "14.03.2021 22:45",
            "open": "20.204",
            "high": "20.204",
            "low": "20.204",
            "close": "20.155"
        },
        {
            "time": "14.03.2021 22:51",
            "open": "20.155",
            "high": "20.155",
            "low": "20.118",
            "close": "20.121"
        },
        {
            "time": "14.03.2021 22:52",
            "open": "20.121",
            "high": "20.123",
            "low": "20.121",
            "close": "20.142"
        },
        {
            "time": "14.03.2021 22:53",
            "open": "20.142",
            "high": "20.142",
            "low": "20.142",
            "close": "20.153"
        },
        {
            "time": "14.03.2021 22:54",
            "open": "20.153",
            "high": "20.153",
            "low": "20.153",
            "close": "20.231"
        },
        {
            "time": "14.03.2021 23:01",
            "open": "20.231",
            "high": "20.231",
            "low": "20.231",
            "close": "20.167"
        },
        {
            "time": "14.03.2021 23:13",
            "open": "20.167",
            "high": "20.167",
            "low": "20.167",
            "close": "20.233"
        },
        {
            "time": "14.03.2021 23:17",
            "open": "20.233",
            "high": "20.233",
            "low": "20.233",
            "close": "20.231"
        },
        {
            "time": "14.03.2021 23:38",
            "open": "20.231",
            "high": "20.231",
            "low": "20.231",
            "close": "20.25"
        },
        {
            "time": "14.03.2021 23:40",
            "open": "20.25",
            "high": "20.25",
            "low": "20.25",
            "close": "20.302"
        },
        {
            "time": "14.03.2021 23:47",
            "open": "20.302",
            "high": "20.302",
            "low": "20.302",
            "close": "20.316"
        },
        {
            "time": "14.03.2021 23:49",
            "open": "20.316",
            "high": "20.316",
            "low": "20.316",
            "close": "20.288"
        }
    ]
}