{
    "UMA-EUR": [
        {
            "time": "15.07.2021 23:53",
            "open": "6.853",
            "high": "6.854",
            "low": "6.853",
            "close": "6.844"
        },
        {
            "time": "16.07.2021 00:11",
            "open": "6.844",
            "high": "6.844",
            "low": "6.844",
            "close": "6.853"
        },
        {
            "time": "16.07.2021 00:28",
            "open": "6.853",
            "high": "6.854",
            "low": "6.853",
            "close": "6.846"
        },
        {
            "time": "16.07.2021 00:40",
            "open": "6.846",
            "high": "6.846",
            "low": "6.846",
            "close": "6.858"
        },
        {
            "time": "16.07.2021 01:01",
            "open": "6.858",
            "high": "6.858",
            "low": "6.858",
            "close": "6.865"
        },
        {
            "time": "16.07.2021 01:13",
            "open": "6.865",
            "high": "6.866",
            "low": "6.865",
            "close": "6.87"
        },
        {
            "time": "16.07.2021 01:17",
            "open": "6.87",
            "high": "6.87",
            "low": "6.87",
            "close": "6.875"
        },
        {
            "time": "16.07.2021 01:20",
            "open": "6.875",
            "high": "6.876",
            "low": "6.875",
            "close": "6.88"
        },
        {
            "time": "16.07.2021 01:21",
            "open": "6.88",
            "high": "6.88",
            "low": "6.88",
            "close": "6.885"
        },
        {
            "time": "16.07.2021 01:28",
            "open": "6.885",
            "high": "6.89",
            "low": "6.885",
            "close": "6.886"
        },
        {
            "time": "16.07.2021 01:29",
            "open": "6.886",
            "high": "6.886",
            "low": "6.886",
            "close": "6.858"
        },
        {
            "time": "16.07.2021 01:43",
            "open": "6.858",
            "high": "6.858",
            "low": "6.858",
            "close": "6.878"
        },
        {
            "time": "16.07.2021 01:58",
            "open": "6.878",
            "high": "6.895",
            "low": "6.878",
            "close": "6.9"
        },
        {
            "time": "16.07.2021 01:59",
            "open": "6.9",
            "high": "6.905",
            "low": "6.9",
            "close": "6.91"
        },
        {
            "time": "16.07.2021 02:00",
            "open": "6.91",
            "high": "6.93",
            "low": "6.91",
            "close": "6.935"
        },
        {
            "time": "16.07.2021 02:01",
            "open": "6.935",
            "high": "6.935",
            "low": "6.926",
            "close": "6.895"
        },
        {
            "time": "16.07.2021 02:05",
            "open": "6.895",
            "high": "6.895",
            "low": "6.895",
            "close": "6.895"
        },
        {
            "time": "16.07.2021 02:08",
            "open": "6.895",
            "high": "6.895",
            "low": "6.895",
            "close": "6.904"
        },
        {
            "time": "16.07.2021 02:10",
            "open": "6.904",
            "high": "6.904",
            "low": "6.904",
            "close": "6.935"
        },
        {
            "time": "16.07.2021 03:04",
            "open": "6.935",
            "high": "6.935",
            "low": "6.934",
            "close": "6.94"
        },
        {
            "time": "16.07.2021 03:05",
            "open": "6.94",
            "high": "6.94",
            "low": "6.932",
            "close": "6.945"
        },
        {
            "time": "16.07.2021 03:13",
            "open": "6.945",
            "high": "6.955",
            "low": "6.945",
            "close": "6.96"
        },
        {
            "time": "16.07.2021 03:16",
            "open": "6.96",
            "high": "6.96",
            "low": "6.96",
            "close": "6.965"
        },
        {
            "time": "16.07.2021 03:19",
            "open": "6.965",
            "high": "6.965",
            "low": "6.965",
            "close": "6.97"
        },
        {
            "time": "16.07.2021 03:20",
            "open": "6.97",
            "high": "6.97",
            "low": "6.97",
            "close": "6.972"
        },
        {
            "time": "16.07.2021 03:21",
            "open": "6.972",
            "high": "6.972",
            "low": "6.972",
            "close": "6.975"
        },
        {
            "time": "16.07.2021 03:23",
            "open": "6.975",
            "high": "6.975",
            "low": "6.975",
            "close": "6.977"
        },
        {
            "time": "16.07.2021 03:27",
            "open": "6.977",
            "high": "6.977",
            "low": "6.977",
            "close": "6.98"
        },
        {
            "time": "16.07.2021 03:28",
            "open": "6.98",
            "high": "6.981",
            "low": "6.98",
            "close": "6.981"
        },
        {
            "time": "16.07.2021 03:30",
            "open": "6.981",
            "high": "6.981",
            "low": "6.981",
            "close": "6.985"
        },
        {
            "time": "16.07.2021 03:32",
            "open": "6.985",
            "high": "6.996",
            "low": "6.985",
            "close": "6.994"
        },
        {
            "time": "16.07.2021 03:36",
            "open": "6.994",
            "high": "6.994",
            "low": "6.993",
            "close": "6.987"
        },
        {
            "time": "16.07.2021 03:37",
            "open": "6.987",
            "high": "6.987",
            "low": "6.986",
            "close": "6.991"
        },
        {
            "time": "16.07.2021 03:58",
            "open": "6.991",
            "high": "6.991",
            "low": "6.991",
            "close": "6.992"
        },
        {
            "time": "16.07.2021 04:01",
            "open": "6.992",
            "high": "6.992",
            "low": "6.992",
            "close": "7"
        },
        {
            "time": "16.07.2021 04:09",
            "open": "7.005",
            "high": "7.005",
            "low": "7.005",
            "close": "7.01"
        },
        {
            "time": "16.07.2021 04:10",
            "open": "7.01",
            "high": "7.01",
            "low": "7.01",
            "close": "7.015"
        },
        {
            "time": "16.07.2021 04:13",
            "open": "7.015",
            "high": "7.03",
            "low": "7.015",
            "close": "7.035"
        },
        {
            "time": "16.07.2021 04:14",
            "open": "7.035",
            "high": "7.035",
            "low": "7.035",
            "close": "7.04"
        },
        {
            "time": "16.07.2021 04:28",
            "open": "7.04",
            "high": "7.045",
            "low": "7.04",
            "close": "7.05"
        },
        {
            "time": "16.07.2021 04:29",
            "open": "7.05",
            "high": "7.051",
            "low": "7.05",
            "close": "7.055"
        },
        {
            "time": "16.07.2021 04:30",
            "open": "7.055",
            "high": "7.06",
            "low": "7.055",
            "close": "7.065"
        },
        {
            "time": "16.07.2021 04:37",
            "open": "7.065",
            "high": "7.065",
            "low": "7.065",
            "close": "7.07"
        },
        {
            "time": "16.07.2021 04:41",
            "open": "7.07",
            "high": "7.075",
            "low": "7.07",
            "close": "7.08"
        },
        {
            "time": "16.07.2021 04:45",
            "open": "7.08",
            "high": "7.083",
            "low": "7.08",
            "close": "7.083"
        },
        {
            "time": "16.07.2021 04:46",
            "open": "7.083",
            "high": "7.086",
            "low": "7.083",
            "close": "7.09"
        },
        {
            "time": "16.07.2021 04:49",
            "open": "7.09",
            "high": "7.09",
            "low": "7.09",
            "close": "7.095"
        },
        {
            "time": "16.07.2021 04:57",
            "open": "7.095",
            "high": "7.095",
            "low": "7.093",
            "close": "7.1"
        },
        {
            "time": "16.07.2021 04:58",
            "open": "7.1",
            "high": "7.105",
            "low": "7.1",
            "close": "7.106"
        },
        {
            "time": "16.07.2021 05:09",
            "open": "7.106",
            "high": "7.106",
            "low": "7.106",
            "close": "7.11"
        },
        {
            "time": "16.07.2021 05:13",
            "open": "7.11",
            "high": "7.15",
            "low": "7.11",
            "close": "7.144"
        },
        {
            "time": "16.07.2021 05:14",
            "open": "7.144",
            "high": "7.144",
            "low": "7.143",
            "close": "7.141"
        },
        {
            "time": "16.07.2021 05:20",
            "open": "7.141",
            "high": "7.212",
            "low": "7.141",
            "close": "7.214"
        },
        {
            "time": "16.07.2021 05:22",
            "open": "7.214",
            "high": "7.214",
            "low": "7.214",
            "close": "7.215"
        },
        {
            "time": "16.07.2021 05:28",
            "open": "7.215",
            "high": "7.222",
            "low": "7.215",
            "close": "7.225"
        },
        {
            "time": "16.07.2021 05:29",
            "open": "7.225",
            "high": "7.23",
            "low": "7.219",
            "close": "7.227"
        },
        {
            "time": "16.07.2021 05:30",
            "open": "7.227",
            "high": "7.235",
            "low": "7.227",
            "close": "7.24"
        },
        {
            "time": "16.07.2021 05:31",
            "open": "7.24",
            "high": "7.24",
            "low": "7.24",
            "close": "7.24"
        },
        {
            "time": "16.07.2021 05:32",
            "open": "7.24",
            "high": "7.25",
            "low": "7.24",
            "close": "7.255"
        },
        {
            "time": "16.07.2021 05:33",
            "open": "7.255",
            "high": "7.255",
            "low": "7.255",
            "close": "7.256"
        },
        {
            "time": "16.07.2021 05:34",
            "open": "7.256",
            "high": "7.264",
            "low": "7.256",
            "close": "7.263"
        },
        {
            "time": "16.07.2021 05:35",
            "open": "7.263",
            "high": "7.268",
            "low": "7.256",
            "close": "7.231"
        },
        {
            "time": "16.07.2021 05:38",
            "open": "7.231",
            "high": "7.231",
            "low": "7.23",
            "close": "7.225"
        },
        {
            "time": "16.07.2021 05:42",
            "open": "7.225",
            "high": "7.225",
            "low": "7.225",
            "close": "7.22"
        },
        {
            "time": "16.07.2021 05:43",
            "open": "7.22",
            "high": "7.22",
            "low": "7.22",
            "close": "7.22"
        },
        {
            "time": "16.07.2021 05:45",
            "open": "7.22",
            "high": "7.22",
            "low": "7.22",
            "close": "7.215"
        },
        {
            "time": "16.07.2021 05:47",
            "open": "7.215",
            "high": "7.215",
            "low": "7.215",
            "close": "7.21"
        },
        {
            "time": "16.07.2021 05:52",
            "open": "7.21",
            "high": "7.21",
            "low": "7.21",
            "close": "7.205"
        },
        {
            "time": "16.07.2021 05:53",
            "open": "7.205",
            "high": "7.205",
            "low": "7.205",
            "close": "7.2"
        },
        {
            "time": "16.07.2021 05:54",
            "open": "7.2",
            "high": "7.2",
            "low": "7.19",
            "close": "7.185"
        },
        {
            "time": "16.07.2021 05:56",
            "open": "7.185",
            "high": "7.185",
            "low": "7.185",
            "close": "7.18"
        },
        {
            "time": "16.07.2021 05:57",
            "open": "7.18",
            "high": "7.18",
            "low": "7.166",
            "close": "7.181"
        },
        {
            "time": "16.07.2021 06:00",
            "open": "7.181",
            "high": "7.181",
            "low": "7.181",
            "close": "7.21"
        },
        {
            "time": "16.07.2021 06:15",
            "open": "7.21",
            "high": "7.222",
            "low": "7.21",
            "close": "7.214"
        },
        {
            "time": "16.07.2021 06:17",
            "open": "7.214",
            "high": "7.214",
            "low": "7.214",
            "close": "7.224"
        },
        {
            "time": "16.07.2021 06:39",
            "open": "7.224",
            "high": "7.224",
            "low": "7.224",
            "close": "7.225"
        },
        {
            "time": "16.07.2021 06:43",
            "open": "7.225",
            "high": "7.23",
            "low": "7.225",
            "close": "7.21"
        },
        {
            "time": "16.07.2021 07:00",
            "open": "7.21",
            "high": "7.21",
            "low": "7.21",
            "close": "7.23"
        },
        {
            "time": "16.07.2021 07:17",
            "open": "7.23",
            "high": "7.233",
            "low": "7.23",
            "close": "7.194"
        },
        {
            "time": "16.07.2021 07:19",
            "open": "7.194",
            "high": "7.194",
            "low": "7.187",
            "close": "7.185"
        },
        {
            "time": "16.07.2021 07:24",
            "open": "7.185",
            "high": "7.185",
            "low": "7.179",
            "close": "7.203"
        },
        {
            "time": "16.07.2021 07:41",
            "open": "7.203",
            "high": "7.203",
            "low": "7.197",
            "close": "7.202"
        },
        {
            "time": "16.07.2021 07:43",
            "open": "7.202",
            "high": "7.203",
            "low": "7.202",
            "close": "7.185"
        },
        {
            "time": "16.07.2021 07:51",
            "open": "7.185",
            "high": "7.185",
            "low": "7.185",
            "close": "7.2"
        },
        {
            "time": "16.07.2021 07:58",
            "open": "7.2",
            "high": "7.2",
            "low": "7.2",
            "close": "7.183"
        },
        {
            "time": "16.07.2021 08:10",
            "open": "7.183",
            "high": "7.183",
            "low": "7.183",
            "close": "7.194"
        },
        {
            "time": "16.07.2021 08:12",
            "open": "7.194",
            "high": "7.227",
            "low": "7.194",
            "close": "7.193"
        },
        {
            "time": "16.07.2021 08:13",
            "open": "7.193",
            "high": "7.193",
            "low": "7.193",
            "close": "7.185"
        },
        {
            "time": "16.07.2021 08:19",
            "open": "7.185",
            "high": "7.185",
            "low": "7.175",
            "close": "7.175"
        },
        {
            "time": "16.07.2021 08:20",
            "open": "7.175",
            "high": "7.176",
            "low": "7.175",
            "close": "7.17"
        },
        {
            "time": "16.07.2021 08:25",
            "open": "7.17",
            "high": "7.17",
            "low": "7.165",
            "close": "7.173"
        },
        {
            "time": "16.07.2021 08:28",
            "open": "7.173",
            "high": "7.174",
            "low": "7.173",
            "close": "7.165"
        },
        {
            "time": "16.07.2021 08:33",
            "open": "7.165",
            "high": "7.165",
            "low": "7.158",
            "close": "7.172"
        },
        {
            "time": "16.07.2021 08:34",
            "open": "7.172",
            "high": "7.172",
            "low": "7.172",
            "close": "7.155"
        },
        {
            "time": "16.07.2021 08:38",
            "open": "7.155",
            "high": "7.155",
            "low": "7.15",
            "close": "7.145"
        },
        {
            "time": "16.07.2021 08:39",
            "open": "7.145",
            "high": "7.145",
            "low": "7.107",
            "close": "7.109"
        },
        {
            "time": "16.07.2021 08:40",
            "open": "7.109",
            "high": "7.109",
            "low": "7.109",
            "close": "7.105"
        },
        {
            "time": "16.07.2021 08:42",
            "open": "7.105",
            "high": "7.105",
            "low": "7.105",
            "close": "7.1"
        },
        {
            "time": "16.07.2021 08:43",
            "open": "7.1",
            "high": "7.1",
            "low": "7.09",
            "close": "7.09"
        },
        {
            "time": "16.07.2021 08:44",
            "open": "7.09",
            "high": "7.09",
            "low": "7.075",
            "close": "7.07"
        },
        {
            "time": "16.07.2021 08:45",
            "open": "7.07",
            "high": "7.07",
            "low": "7.061",
            "close": "7.073"
        },
        {
            "time": "16.07.2021 08:48",
            "open": "7.073",
            "high": "7.073",
            "low": "7.073",
            "close": "7.072"
        },
        {
            "time": "16.07.2021 08:49",
            "open": "7.072",
            "high": "7.072",
            "low": "7.072",
            "close": "7.078"
        },
        {
            "time": "16.07.2021 08:50",
            "open": "7.078",
            "high": "7.079",
            "low": "7.078",
            "close": "7.105"
        },
        {
            "time": "16.07.2021 09:13",
            "open": "7.105",
            "high": "7.11",
            "low": "7.105",
            "close": "7.115"
        },
        {
            "time": "16.07.2021 09:14",
            "open": "7.115",
            "high": "7.115",
            "low": "7.115",
            "close": "7.12"
        },
        {
            "time": "16.07.2021 09:19",
            "open": "7.12",
            "high": "7.12",
            "low": "7.12",
            "close": "7.112"
        },
        {
            "time": "16.07.2021 09:28",
            "open": "7.112",
            "high": "7.112",
            "low": "7.112",
            "close": "7.121"
        },
        {
            "time": "16.07.2021 09:31",
            "open": "7.121",
            "high": "7.121",
            "low": "7.115",
            "close": "7.122"
        },
        {
            "time": "16.07.2021 09:38",
            "open": "7.122",
            "high": "7.122",
            "low": "7.122",
            "close": "7.122"
        },
        {
            "time": "16.07.2021 09:43",
            "open": "7.122",
            "high": "7.125",
            "low": "7.122",
            "close": "7.13"
        },
        {
            "time": "16.07.2021 09:48",
            "open": "7.13",
            "high": "7.13",
            "low": "7.13",
            "close": "7.135"
        },
        {
            "time": "16.07.2021 09:55",
            "open": "7.135",
            "high": "7.135",
            "low": "7.135",
            "close": "7.139"
        },
        {
            "time": "16.07.2021 09:58",
            "open": "7.139",
            "high": "7.142",
            "low": "7.139",
            "close": "7.145"
        },
        {
            "time": "16.07.2021 10:04",
            "open": "7.145",
            "high": "7.145",
            "low": "7.145",
            "close": "7.15"
        },
        {
            "time": "16.07.2021 10:13",
            "open": "7.15",
            "high": "7.15",
            "low": "7.15",
            "close": "7.155"
        },
        {
            "time": "16.07.2021 10:17",
            "open": "7.155",
            "high": "7.155",
            "low": "7.155",
            "close": "7.158"
        },
        {
            "time": "16.07.2021 10:18",
            "open": "7.158",
            "high": "7.158",
            "low": "7.158",
            "close": "7.158"
        },
        {
            "time": "16.07.2021 10:23",
            "open": "7.158",
            "high": "7.158",
            "low": "7.158",
            "close": "7.16"
        },
        {
            "time": "16.07.2021 10:28",
            "open": "7.16",
            "high": "7.185",
            "low": "7.16",
            "close": "7.19"
        },
        {
            "time": "16.07.2021 10:29",
            "open": "7.19",
            "high": "7.206",
            "low": "7.19",
            "close": "7.21"
        },
        {
            "time": "16.07.2021 10:30",
            "open": "7.21",
            "high": "7.21",
            "low": "7.21",
            "close": "7.205"
        },
        {
            "time": "16.07.2021 10:31",
            "open": "7.205",
            "high": "7.205",
            "low": "7.195",
            "close": "7.201"
        },
        {
            "time": "16.07.2021 10:37",
            "open": "7.201",
            "high": "7.201",
            "low": "7.201",
            "close": "7.21"
        },
        {
            "time": "16.07.2021 10:38",
            "open": "7.21",
            "high": "7.21",
            "low": "7.21",
            "close": "7.165"
        },
        {
            "time": "16.07.2021 10:41",
            "open": "7.165",
            "high": "7.165",
            "low": "7.125",
            "close": "7.125"
        },
        {
            "time": "16.07.2021 10:42",
            "open": "7.125",
            "high": "7.125",
            "low": "7.105",
            "close": "7.124"
        },
        {
            "time": "16.07.2021 10:43",
            "open": "7.124",
            "high": "7.124",
            "low": "7.124",
            "close": "7.102"
        },
        {
            "time": "16.07.2021 10:50",
            "open": "7.102",
            "high": "7.102",
            "low": "7.1",
            "close": "7.1"
        },
        {
            "time": "16.07.2021 10:53",
            "open": "7.1",
            "high": "7.1",
            "low": "7.1",
            "close": "7.095"
        },
        {
            "time": "16.07.2021 10:54",
            "open": "7.095",
            "high": "7.095",
            "low": "7.08",
            "close": "7.08"
        },
        {
            "time": "16.07.2021 10:55",
            "open": "7.08",
            "high": "7.08",
            "low": "7.07",
            "close": "7.07"
        },
        {
            "time": "16.07.2021 10:56",
            "open": "7.07",
            "high": "7.07",
            "low": "7.07",
            "close": "7.083"
        },
        {
            "time": "16.07.2021 10:57",
            "open": "7.083",
            "high": "7.083",
            "low": "7.083",
            "close": "7.069"
        },
        {
            "time": "16.07.2021 11:03",
            "open": "7.069",
            "high": "7.069",
            "low": "7.069",
            "close": "7.065"
        },
        {
            "time": "16.07.2021 11:05",
            "open": "7.065",
            "high": "7.065",
            "low": "7.065",
            "close": "7.065"
        },
        {
            "time": "16.07.2021 11:06",
            "open": "7.065",
            "high": "7.065",
            "low": "7.06",
            "close": "7.06"
        },
        {
            "time": "16.07.2021 11:09",
            "open": "7.06",
            "high": "7.06",
            "low": "7.05",
            "close": "7.05"
        },
        {
            "time": "16.07.2021 11:10",
            "open": "7.05",
            "high": "7.05",
            "low": "7.045",
            "close": "7.045"
        },
        {
            "time": "16.07.2021 11:11",
            "open": "7.045",
            "high": "7.045",
            "low": "7.035",
            "close": "7.035"
        },
        {
            "time": "16.07.2021 11:12",
            "open": "7.035",
            "high": "7.035",
            "low": "7.035",
            "close": "7.046"
        },
        {
            "time": "16.07.2021 11:24",
            "open": "7.046",
            "high": "7.046",
            "low": "7.046",
            "close": "7.057"
        },
        {
            "time": "16.07.2021 11:28",
            "open": "7.057",
            "high": "7.057",
            "low": "7.057",
            "close": "7.075"
        },
        {
            "time": "16.07.2021 11:33",
            "open": "7.075",
            "high": "7.075",
            "low": "7.075",
            "close": "7.073"
        },
        {
            "time": "16.07.2021 11:34",
            "open": "7.073",
            "high": "7.073",
            "low": "7.07",
            "close": "7.08"
        },
        {
            "time": "16.07.2021 11:58",
            "open": "7.08",
            "high": "7.08",
            "low": "7.08",
            "close": "7.081"
        },
        {
            "time": "16.07.2021 12:00",
            "open": "7.081",
            "high": "7.082",
            "low": "7.081",
            "close": "7.067"
        },
        {
            "time": "16.07.2021 12:08",
            "open": "7.067",
            "high": "7.067",
            "low": "7.067",
            "close": "7.062"
        },
        {
            "time": "16.07.2021 12:09",
            "open": "7.062",
            "high": "7.062",
            "low": "7.062",
            "close": "7.062"
        },
        {
            "time": "16.07.2021 12:14",
            "open": "7.062",
            "high": "7.067",
            "low": "7.062",
            "close": "7.048"
        },
        {
            "time": "16.07.2021 12:20",
            "open": "7.048",
            "high": "7.048",
            "low": "7.048",
            "close": "7.046"
        },
        {
            "time": "16.07.2021 12:22",
            "open": "7.046",
            "high": "7.046",
            "low": "7.023",
            "close": "7.025"
        },
        {
            "time": "16.07.2021 12:23",
            "open": "7.025",
            "high": "7.025",
            "low": "7.005",
            "close": "7.005"
        },
        {
            "time": "16.07.2021 12:24",
            "open": "7.005",
            "high": "7.005",
            "low": "6.995",
            "close": "6.999"
        },
        {
            "time": "16.07.2021 12:25",
            "open": "6.999",
            "high": "7",
            "low": "6.995",
            "close": "6.99"
        },
        {
            "time": "16.07.2021 12:26",
            "open": "6.99",
            "high": "6.99",
            "low": "6.985",
            "close": "6.985"
        },
        {
            "time": "16.07.2021 12:27",
            "open": "6.985",
            "high": "6.986",
            "low": "6.975",
            "close": "6.975"
        },
        {
            "time": "16.07.2021 12:35",
            "open": "6.975",
            "high": "6.975",
            "low": "6.969",
            "close": "6.968"
        },
        {
            "time": "16.07.2021 12:37",
            "open": "6.968",
            "high": "6.968",
            "low": "6.968",
            "close": "6.97"
        },
        {
            "time": "16.07.2021 12:38",
            "open": "6.97",
            "high": "6.97",
            "low": "6.97",
            "close": "7.01"
        },
        {
            "time": "16.07.2021 12:45",
            "open": "7.01",
            "high": "7.035",
            "low": "7.01",
            "close": "7.024"
        },
        {
            "time": "16.07.2021 12:47",
            "open": "7.024",
            "high": "7.024",
            "low": "6.995",
            "close": "6.995"
        },
        {
            "time": "16.07.2021 12:48",
            "open": "6.995",
            "high": "6.995",
            "low": "6.981",
            "close": "6.981"
        },
        {
            "time": "16.07.2021 12:49",
            "open": "6.981",
            "high": "6.981",
            "low": "6.975",
            "close": "6.975"
        },
        {
            "time": "16.07.2021 12:50",
            "open": "6.975",
            "high": "6.975",
            "low": "6.969",
            "close": "6.966"
        },
        {
            "time": "16.07.2021 12:51",
            "open": "6.966",
            "high": "6.966",
            "low": "6.966",
            "close": "6.982"
        },
        {
            "time": "16.07.2021 12:58",
            "open": "6.982",
            "high": "6.982",
            "low": "6.982",
            "close": "6.965"
        },
        {
            "time": "16.07.2021 13:03",
            "open": "6.965",
            "high": "6.965",
            "low": "6.965",
            "close": "6.965"
        },
        {
            "time": "16.07.2021 13:04",
            "open": "6.965",
            "high": "6.965",
            "low": "6.965",
            "close": "6.96"
        },
        {
            "time": "16.07.2021 13:05",
            "open": "6.96",
            "high": "6.96",
            "low": "6.955",
            "close": "6.959"
        },
        {
            "time": "16.07.2021 13:15",
            "open": "6.959",
            "high": "6.959",
            "low": "6.958",
            "close": "6.973"
        },
        {
            "time": "16.07.2021 13:17",
            "open": "6.973",
            "high": "6.973",
            "low": "6.973",
            "close": "6.959"
        },
        {
            "time": "16.07.2021 13:19",
            "open": "6.959",
            "high": "6.959",
            "low": "6.959",
            "close": "6.972"
        },
        {
            "time": "16.07.2021 13:20",
            "open": "6.972",
            "high": "6.972",
            "low": "6.972",
            "close": "6.963"
        },
        {
            "time": "16.07.2021 13:28",
            "open": "6.963",
            "high": "6.964",
            "low": "6.963",
            "close": "6.972"
        },
        {
            "time": "16.07.2021 13:32",
            "open": "6.972",
            "high": "6.972",
            "low": "6.972",
            "close": "6.955"
        },
        {
            "time": "16.07.2021 13:44",
            "open": "6.955",
            "high": "6.955",
            "low": "6.955",
            "close": "6.955"
        },
        {
            "time": "16.07.2021 13:45",
            "open": "6.955",
            "high": "6.955",
            "low": "6.955",
            "close": "6.955"
        },
        {
            "time": "16.07.2021 13:46",
            "open": "6.955",
            "high": "6.955",
            "low": "6.955",
            "close": "6.955"
        },
        {
            "time": "16.07.2021 13:53",
            "open": "6.955",
            "high": "6.955",
            "low": "6.955",
            "close": "6.95"
        },
        {
            "time": "16.07.2021 13:57",
            "open": "6.95",
            "high": "6.95",
            "low": "6.947",
            "close": "6.948"
        },
        {
            "time": "16.07.2021 13:58",
            "open": "6.948",
            "high": "6.948",
            "low": "6.947",
            "close": "6.945"
        },
        {
            "time": "16.07.2021 13:59",
            "open": "6.945",
            "high": "6.945",
            "low": "6.945",
            "close": "6.94"
        },
        {
            "time": "16.07.2021 14:00",
            "open": "6.94",
            "high": "6.941",
            "low": "6.933",
            "close": "6.975"
        },
        {
            "time": "16.07.2021 14:08",
            "open": "6.975",
            "high": "6.975",
            "low": "6.975",
            "close": "6.98"
        },
        {
            "time": "16.07.2021 14:09",
            "open": "6.98",
            "high": "6.98",
            "low": "6.98",
            "close": "6.972"
        },
        {
            "time": "16.07.2021 14:12",
            "open": "6.972",
            "high": "6.972",
            "low": "6.972",
            "close": "6.985"
        },
        {
            "time": "16.07.2021 14:13",
            "open": "6.985",
            "high": "6.986",
            "low": "6.985",
            "close": "6.979"
        },
        {
            "time": "16.07.2021 14:17",
            "open": "6.979",
            "high": "6.979",
            "low": "6.979",
            "close": "6.99"
        },
        {
            "time": "16.07.2021 14:19",
            "open": "6.99",
            "high": "7.01",
            "low": "6.99",
            "close": "7.015"
        },
        {
            "time": "16.07.2021 14:20",
            "open": "7.015",
            "high": "7.03",
            "low": "7.015",
            "close": "7.035"
        },
        {
            "time": "16.07.2021 14:21",
            "open": "7.035",
            "high": "7.05",
            "low": "7.035",
            "close": "7.049"
        },
        {
            "time": "16.07.2021 14:22",
            "open": "7.049",
            "high": "7.053",
            "low": "7.049",
            "close": "7.055"
        },
        {
            "time": "16.07.2021 14:30",
            "open": "7.055",
            "high": "7.055",
            "low": "7.055",
            "close": "7.06"
        },
        {
            "time": "16.07.2021 14:34",
            "open": "7.06",
            "high": "7.07",
            "low": "7.06",
            "close": "7.075"
        },
        {
            "time": "16.07.2021 14:35",
            "open": "7.075",
            "high": "7.085",
            "low": "7.075",
            "close": "7.083"
        },
        {
            "time": "16.07.2021 14:43",
            "open": "7.083",
            "high": "7.095",
            "low": "7.083",
            "close": "7.075"
        },
        {
            "time": "16.07.2021 14:45",
            "open": "7.075",
            "high": "7.075",
            "low": "7.06",
            "close": "7.065"
        },
        {
            "time": "16.07.2021 14:46",
            "open": "7.065",
            "high": "7.065",
            "low": "7.065",
            "close": "7.082"
        },
        {
            "time": "16.07.2021 14:51",
            "open": "7.082",
            "high": "7.082",
            "low": "7.082",
            "close": "7.095"
        },
        {
            "time": "16.07.2021 14:53",
            "open": "7.095",
            "high": "7.126",
            "low": "7.095",
            "close": "7.126"
        },
        {
            "time": "16.07.2021 14:54",
            "open": "7.126",
            "high": "7.13",
            "low": "7.126",
            "close": "7.135"
        },
        {
            "time": "16.07.2021 14:55",
            "open": "7.135",
            "high": "7.135",
            "low": "7.135",
            "close": "7.14"
        },
        {
            "time": "16.07.2021 14:56",
            "open": "7.14",
            "high": "7.18",
            "low": "7.14",
            "close": "7.185"
        },
        {
            "time": "16.07.2021 14:57",
            "open": "7.185",
            "high": "7.185",
            "low": "7.185",
            "close": "7.19"
        },
        {
            "time": "16.07.2021 14:58",
            "open": "7.19",
            "high": "7.19",
            "low": "7.178",
            "close": "7.195"
        },
        {
            "time": "16.07.2021 14:59",
            "open": "7.195",
            "high": "7.199",
            "low": "7.195",
            "close": "7.2"
        },
        {
            "time": "16.07.2021 15:00",
            "open": "7.2",
            "high": "7.265",
            "low": "7.2",
            "close": "7.27"
        },
        {
            "time": "16.07.2021 15:01",
            "open": "7.27",
            "high": "7.284",
            "low": "7.27",
            "close": "7.272"
        },
        {
            "time": "16.07.2021 15:04",
            "open": "7.272",
            "high": "7.272",
            "low": "7.272",
            "close": "7.271"
        },
        {
            "time": "16.07.2021 15:05",
            "open": "7.271",
            "high": "7.271",
            "low": "7.271",
            "close": "7.285"
        },
        {
            "time": "16.07.2021 15:07",
            "open": "7.285",
            "high": "7.285",
            "low": "7.285",
            "close": "7.29"
        },
        {
            "time": "16.07.2021 15:08",
            "open": "7.29",
            "high": "7.295",
            "low": "7.29",
            "close": "7.3"
        },
        {
            "time": "16.07.2021 15:09",
            "open": "7.3",
            "high": "7.31",
            "low": "7.3",
            "close": "7.315"
        },
        {
            "time": "16.07.2021 15:10",
            "open": "7.315",
            "high": "7.327",
            "low": "7.315",
            "close": "7.33"
        },
        {
            "time": "16.07.2021 15:12",
            "open": "7.33",
            "high": "7.35",
            "low": "7.33",
            "close": "7.346"
        },
        {
            "time": "16.07.2021 15:13",
            "open": "7.346",
            "high": "7.355",
            "low": "7.346",
            "close": "7.359"
        },
        {
            "time": "16.07.2021 15:14",
            "open": "7.359",
            "high": "7.369",
            "low": "7.359",
            "close": "7.35"
        },
        {
            "time": "16.07.2021 15:16",
            "open": "7.35",
            "high": "7.35",
            "low": "7.35",
            "close": "7.349"
        },
        {
            "time": "16.07.2021 15:17",
            "open": "7.349",
            "high": "7.364",
            "low": "7.31",
            "close": "7.305"
        },
        {
            "time": "16.07.2021 15:18",
            "open": "7.305",
            "high": "7.305",
            "low": "7.265",
            "close": "7.305"
        },
        {
            "time": "16.07.2021 15:19",
            "open": "7.305",
            "high": "7.31",
            "low": "7.305",
            "close": "7.279"
        },
        {
            "time": "16.07.2021 15:20",
            "open": "7.279",
            "high": "7.279",
            "low": "7.27",
            "close": "7.27"
        },
        {
            "time": "16.07.2021 15:21",
            "open": "7.27",
            "high": "7.27",
            "low": "7.235",
            "close": "7.236"
        },
        {
            "time": "16.07.2021 15:22",
            "open": "7.236",
            "high": "7.236",
            "low": "7.236",
            "close": "7.242"
        },
        {
            "time": "16.07.2021 15:24",
            "open": "7.242",
            "high": "7.325",
            "low": "7.242",
            "close": "7.321"
        },
        {
            "time": "16.07.2021 15:25",
            "open": "7.321",
            "high": "7.321",
            "low": "7.321",
            "close": "7.319"
        },
        {
            "time": "16.07.2021 15:26",
            "open": "7.319",
            "high": "7.335",
            "low": "7.319",
            "close": "7.34"
        },
        {
            "time": "16.07.2021 15:27",
            "open": "7.34",
            "high": "7.355",
            "low": "7.34",
            "close": "7.36"
        },
        {
            "time": "16.07.2021 15:28",
            "open": "7.36",
            "high": "7.368",
            "low": "7.36",
            "close": "7.37"
        },
        {
            "time": "16.07.2021 15:29",
            "open": "7.37",
            "high": "7.375",
            "low": "7.37",
            "close": "7.38"
        },
        {
            "time": "16.07.2021 15:30",
            "open": "7.38",
            "high": "7.455",
            "low": "7.38",
            "close": "7.424"
        },
        {
            "time": "16.07.2021 15:31",
            "open": "7.424",
            "high": "7.428",
            "low": "7.423",
            "close": "7.455"
        },
        {
            "time": "16.07.2021 15:32",
            "open": "7.455",
            "high": "7.46",
            "low": "7.455",
            "close": "7.465"
        },
        {
            "time": "16.07.2021 15:33",
            "open": "7.465",
            "high": "7.465",
            "low": "7.36",
            "close": "7.355"
        },
        {
            "time": "16.07.2021 15:34",
            "open": "7.355",
            "high": "7.355",
            "low": "7.34",
            "close": "7.34"
        },
        {
            "time": "16.07.2021 15:35",
            "open": "7.34",
            "high": "7.34",
            "low": "7.305",
            "close": "7.305"
        },
        {
            "time": "16.07.2021 15:36",
            "open": "7.305",
            "high": "7.305",
            "low": "7.3",
            "close": "7.3"
        },
        {
            "time": "16.07.2021 15:37",
            "open": "7.3",
            "high": "7.3",
            "low": "7.28",
            "close": "7.297"
        },
        {
            "time": "16.07.2021 15:38",
            "open": "7.297",
            "high": "7.297",
            "low": "7.297",
            "close": "7.28"
        },
        {
            "time": "16.07.2021 15:39",
            "open": "7.28",
            "high": "7.28",
            "low": "7.265",
            "close": "7.275"
        },
        {
            "time": "16.07.2021 15:40",
            "open": "7.275",
            "high": "7.276",
            "low": "7.266",
            "close": "7.265"
        },
        {
            "time": "16.07.2021 15:41",
            "open": "7.265",
            "high": "7.265",
            "low": "7.257",
            "close": "7.262"
        },
        {
            "time": "16.07.2021 15:44",
            "open": "7.262",
            "high": "7.262",
            "low": "7.262",
            "close": "7.274"
        },
        {
            "time": "16.07.2021 15:45",
            "open": "7.274",
            "high": "7.274",
            "low": "7.274",
            "close": "7.255"
        },
        {
            "time": "16.07.2021 15:46",
            "open": "7.255",
            "high": "7.255",
            "low": "7.255",
            "close": "7.25"
        },
        {
            "time": "16.07.2021 15:47",
            "open": "7.25",
            "high": "7.25",
            "low": "7.25",
            "close": "7.25"
        },
        {
            "time": "16.07.2021 15:48",
            "open": "7.25",
            "high": "7.25",
            "low": "7.245",
            "close": "7.245"
        },
        {
            "time": "16.07.2021 15:50",
            "open": "7.245",
            "high": "7.245",
            "low": "7.222",
            "close": "7.227"
        },
        {
            "time": "16.07.2021 15:51",
            "open": "7.227",
            "high": "7.227",
            "low": "7.227",
            "close": "7.226"
        },
        {
            "time": "16.07.2021 15:53",
            "open": "7.226",
            "high": "7.227",
            "low": "7.226",
            "close": "7.259"
        },
        {
            "time": "16.07.2021 16:00",
            "open": "7.259",
            "high": "7.259",
            "low": "7.259",
            "close": "7.265"
        },
        {
            "time": "16.07.2021 16:01",
            "open": "7.265",
            "high": "7.275",
            "low": "7.265",
            "close": "7.272"
        },
        {
            "time": "16.07.2021 16:02",
            "open": "7.272",
            "high": "7.272",
            "low": "7.272",
            "close": "7.264"
        },
        {
            "time": "16.07.2021 16:04",
            "open": "7.264",
            "high": "7.264",
            "low": "7.261",
            "close": "7.258"
        },
        {
            "time": "16.07.2021 16:08",
            "open": "7.258",
            "high": "7.258",
            "low": "7.258",
            "close": "7.254"
        },
        {
            "time": "16.07.2021 16:10",
            "open": "7.254",
            "high": "7.254",
            "low": "7.25",
            "close": "7.26"
        },
        {
            "time": "16.07.2021 16:11",
            "open": "7.26",
            "high": "7.26",
            "low": "7.26",
            "close": "7.268"
        },
        {
            "time": "16.07.2021 16:14",
            "open": "7.268",
            "high": "7.268",
            "low": "7.268",
            "close": "7.266"
        },
        {
            "time": "16.07.2021 16:18",
            "open": "7.266",
            "high": "7.266",
            "low": "7.266",
            "close": "7.23"
        },
        {
            "time": "16.07.2021 16:20",
            "open": "7.23",
            "high": "7.23",
            "low": "7.23",
            "close": "7.23"
        },
        {
            "time": "16.07.2021 16:22",
            "open": "7.23",
            "high": "7.23",
            "low": "7.23",
            "close": "7.23"
        },
        {
            "time": "16.07.2021 16:23",
            "open": "7.23",
            "high": "7.234",
            "low": "7.23",
            "close": "7.233"
        },
        {
            "time": "16.07.2021 16:31",
            "open": "7.233",
            "high": "7.233",
            "low": "7.233",
            "close": "7.246"
        },
        {
            "time": "16.07.2021 16:34",
            "open": "7.246",
            "high": "7.246",
            "low": "7.246",
            "close": "7.236"
        },
        {
            "time": "16.07.2021 16:38",
            "open": "7.236",
            "high": "7.236",
            "low": "7.236",
            "close": "7.24"
        },
        {
            "time": "16.07.2021 16:39",
            "open": "7.24",
            "high": "7.24",
            "low": "7.24",
            "close": "7.249"
        },
        {
            "time": "16.07.2021 16:42",
            "open": "7.249",
            "high": "7.249",
            "low": "7.249",
            "close": "7.257"
        },
        {
            "time": "16.07.2021 16:52",
            "open": "7.257",
            "high": "7.257",
            "low": "7.257",
            "close": "7.27"
        },
        {
            "time": "16.07.2021 16:54",
            "open": "7.27",
            "high": "7.27",
            "low": "7.27",
            "close": "7.275"
        },
        {
            "time": "16.07.2021 16:55",
            "open": "7.275",
            "high": "7.275",
            "low": "7.275",
            "close": "7.275"
        },
        {
            "time": "16.07.2021 16:56",
            "open": "7.275",
            "high": "7.305",
            "low": "7.275",
            "close": "7.31"
        },
        {
            "time": "16.07.2021 16:57",
            "open": "7.31",
            "high": "7.345",
            "low": "7.31",
            "close": "7.35"
        },
        {
            "time": "16.07.2021 16:58",
            "open": "7.35",
            "high": "7.354",
            "low": "7.35",
            "close": "7.355"
        },
        {
            "time": "16.07.2021 16:59",
            "open": "7.355",
            "high": "7.356",
            "low": "7.353",
            "close": "7.34"
        },
        {
            "time": "16.07.2021 17:00",
            "open": "7.34",
            "high": "7.34",
            "low": "7.34",
            "close": "7.36"
        },
        {
            "time": "16.07.2021 17:01",
            "open": "7.36",
            "high": "7.365",
            "low": "7.36",
            "close": "7.37"
        },
        {
            "time": "16.07.2021 17:02",
            "open": "7.37",
            "high": "7.425",
            "low": "7.37",
            "close": "7.427"
        },
        {
            "time": "16.07.2021 17:03",
            "open": "7.427",
            "high": "7.427",
            "low": "7.424",
            "close": "7.385"
        },
        {
            "time": "16.07.2021 17:05",
            "open": "7.385",
            "high": "7.385",
            "low": "7.37",
            "close": "7.37"
        },
        {
            "time": "16.07.2021 17:06",
            "open": "7.37",
            "high": "7.37",
            "low": "7.34",
            "close": "7.34"
        },
        {
            "time": "16.07.2021 17:07",
            "open": "7.34",
            "high": "7.34",
            "low": "7.33",
            "close": "7.331"
        },
        {
            "time": "16.07.2021 17:08",
            "open": "7.331",
            "high": "7.331",
            "low": "7.33",
            "close": "7.325"
        },
        {
            "time": "16.07.2021 17:09",
            "open": "7.325",
            "high": "7.325",
            "low": "7.32",
            "close": "7.341"
        },
        {
            "time": "16.07.2021 17:12",
            "open": "7.341",
            "high": "7.39",
            "low": "7.341",
            "close": "7.39"
        },
        {
            "time": "16.07.2021 17:13",
            "open": "7.39",
            "high": "7.39",
            "low": "7.389",
            "close": "7.365"
        },
        {
            "time": "16.07.2021 17:14",
            "open": "7.365",
            "high": "7.365",
            "low": "7.365",
            "close": "7.36"
        },
        {
            "time": "16.07.2021 17:16",
            "open": "7.36",
            "high": "7.36",
            "low": "7.36",
            "close": "7.383"
        },
        {
            "time": "16.07.2021 17:18",
            "open": "7.383",
            "high": "7.383",
            "low": "7.383",
            "close": "7.387"
        },
        {
            "time": "16.07.2021 17:19",
            "open": "7.387",
            "high": "7.387",
            "low": "7.386",
            "close": "7.39"
        },
        {
            "time": "16.07.2021 17:20",
            "open": "7.39",
            "high": "7.39",
            "low": "7.39",
            "close": "7.395"
        },
        {
            "time": "16.07.2021 17:30",
            "open": "7.395",
            "high": "7.395",
            "low": "7.395",
            "close": "7.391"
        },
        {
            "time": "16.07.2021 17:31",
            "open": "7.391",
            "high": "7.391",
            "low": "7.391",
            "close": "7.39"
        },
        {
            "time": "16.07.2021 17:32",
            "open": "7.39",
            "high": "7.39",
            "low": "7.39",
            "close": "7.39"
        },
        {
            "time": "16.07.2021 17:33",
            "open": "7.39",
            "high": "7.4",
            "low": "7.39",
            "close": "7.405"
        },
        {
            "time": "16.07.2021 17:34",
            "open": "7.405",
            "high": "7.41",
            "low": "7.405",
            "close": "7.405"
        },
        {
            "time": "16.07.2021 17:35",
            "open": "7.405",
            "high": "7.405",
            "low": "7.404",
            "close": "7.402"
        },
        {
            "time": "16.07.2021 17:36",
            "open": "7.402",
            "high": "7.402",
            "low": "7.402",
            "close": "7.415"
        },
        {
            "time": "16.07.2021 17:40",
            "open": "7.415",
            "high": "7.42",
            "low": "7.415",
            "close": "7.406"
        },
        {
            "time": "16.07.2021 17:41",
            "open": "7.406",
            "high": "7.406",
            "low": "7.406",
            "close": "7.42"
        },
        {
            "time": "16.07.2021 17:44",
            "open": "7.42",
            "high": "7.42",
            "low": "7.42",
            "close": "7.42"
        },
        {
            "time": "16.07.2021 17:47",
            "open": "7.42",
            "high": "7.42",
            "low": "7.42",
            "close": "7.421"
        },
        {
            "time": "16.07.2021 17:58",
            "open": "7.421",
            "high": "7.421",
            "low": "7.421",
            "close": "7.425"
        },
        {
            "time": "16.07.2021 18:00",
            "open": "7.425",
            "high": "7.425",
            "low": "7.425",
            "close": "7.411"
        },
        {
            "time": "16.07.2021 18:01",
            "open": "7.411",
            "high": "7.411",
            "low": "7.411",
            "close": "7.423"
        },
        {
            "time": "16.07.2021 18:04",
            "open": "7.423",
            "high": "7.423",
            "low": "7.423",
            "close": "7.385"
        },
        {
            "time": "16.07.2021 18:12",
            "open": "7.385",
            "high": "7.385",
            "low": "7.36",
            "close": "7.36"
        },
        {
            "time": "16.07.2021 18:13",
            "open": "7.36",
            "high": "7.36",
            "low": "7.355",
            "close": "7.376"
        },
        {
            "time": "16.07.2021 18:16",
            "open": "7.376",
            "high": "7.377",
            "low": "7.375",
            "close": "7.389"
        },
        {
            "time": "16.07.2021 18:20",
            "open": "7.389",
            "high": "7.41",
            "low": "7.389",
            "close": "7.415"
        },
        {
            "time": "16.07.2021 18:21",
            "open": "7.415",
            "high": "7.42",
            "low": "7.415",
            "close": "7.425"
        },
        {
            "time": "16.07.2021 18:23",
            "open": "7.425",
            "high": "7.431",
            "low": "7.425",
            "close": "7.435"
        },
        {
            "time": "16.07.2021 18:24",
            "open": "7.435",
            "high": "7.435",
            "low": "7.435",
            "close": "7.429"
        },
        {
            "time": "16.07.2021 18:25",
            "open": "7.429",
            "high": "7.439",
            "low": "7.425",
            "close": "7.439"
        },
        {
            "time": "16.07.2021 18:28",
            "open": "7.439",
            "high": "7.44",
            "low": "7.439",
            "close": "7.445"
        },
        {
            "time": "16.07.2021 18:29",
            "open": "7.445",
            "high": "7.485",
            "low": "7.445",
            "close": "7.49"
        },
        {
            "time": "16.07.2021 18:30",
            "open": "7.49",
            "high": "7.535",
            "low": "7.49",
            "close": "7.529"
        },
        {
            "time": "16.07.2021 18:31",
            "open": "7.529",
            "high": "7.543",
            "low": "7.529",
            "close": "7.507"
        },
        {
            "time": "16.07.2021 18:34",
            "open": "7.507",
            "high": "7.507",
            "low": "7.507",
            "close": "7.5"
        },
        {
            "time": "16.07.2021 18:35",
            "open": "7.5",
            "high": "7.5",
            "low": "7.495",
            "close": "7.49"
        },
        {
            "time": "16.07.2021 18:36",
            "open": "7.49",
            "high": "7.493",
            "low": "7.48",
            "close": "7.475"
        },
        {
            "time": "16.07.2021 18:40",
            "open": "7.475",
            "high": "7.475",
            "low": "7.47",
            "close": "7.47"
        },
        {
            "time": "16.07.2021 18:41",
            "open": "7.47",
            "high": "7.47",
            "low": "7.434",
            "close": "7.436"
        },
        {
            "time": "16.07.2021 18:42",
            "open": "7.436",
            "high": "7.436",
            "low": "7.436",
            "close": "7.442"
        },
        {
            "time": "16.07.2021 18:47",
            "open": "7.442",
            "high": "7.444",
            "low": "7.442",
            "close": "7.447"
        },
        {
            "time": "16.07.2021 18:49",
            "open": "7.447",
            "high": "7.447",
            "low": "7.447",
            "close": "7.451"
        },
        {
            "time": "16.07.2021 18:50",
            "open": "7.451",
            "high": "7.452",
            "low": "7.451",
            "close": "7.468"
        },
        {
            "time": "16.07.2021 18:56",
            "open": "7.468",
            "high": "7.475",
            "low": "7.468",
            "close": "7.473"
        },
        {
            "time": "16.07.2021 18:58",
            "open": "7.473",
            "high": "7.473",
            "low": "7.473",
            "close": "7.48"
        },
        {
            "time": "16.07.2021 18:59",
            "open": "7.48",
            "high": "7.485",
            "low": "7.48",
            "close": "7.485"
        },
        {
            "time": "16.07.2021 19:00",
            "open": "7.485",
            "high": "7.49",
            "low": "7.485",
            "close": "7.495"
        },
        {
            "time": "16.07.2021 19:01",
            "open": "7.495",
            "high": "7.53",
            "low": "7.495",
            "close": "7.529"
        },
        {
            "time": "16.07.2021 19:02",
            "open": "7.529",
            "high": "7.53",
            "low": "7.525",
            "close": "7.53"
        },
        {
            "time": "16.07.2021 19:03",
            "open": "7.53",
            "high": "7.535",
            "low": "7.529",
            "close": "7.54"
        },
        {
            "time": "16.07.2021 19:04",
            "open": "7.54",
            "high": "7.54",
            "low": "7.54",
            "close": "7.545"
        },
        {
            "time": "16.07.2021 19:05",
            "open": "7.545",
            "high": "7.565",
            "low": "7.545",
            "close": "7.566"
        },
        {
            "time": "16.07.2021 19:06",
            "open": "7.566",
            "high": "7.568",
            "low": "7.552",
            "close": "7.57"
        },
        {
            "time": "16.07.2021 19:08",
            "open": "7.57",
            "high": "7.57",
            "low": "7.57",
            "close": "7.574"
        },
        {
            "time": "16.07.2021 19:09",
            "open": "7.574",
            "high": "7.574",
            "low": "7.574",
            "close": "7.575"
        },
        {
            "time": "16.07.2021 19:11",
            "open": "7.575",
            "high": "7.584",
            "low": "7.575",
            "close": "7.553"
        },
        {
            "time": "16.07.2021 19:13",
            "open": "7.553",
            "high": "7.553",
            "low": "7.553",
            "close": "7.55"
        },
        {
            "time": "16.07.2021 19:14",
            "open": "7.55",
            "high": "7.55",
            "low": "7.545",
            "close": "7.54"
        },
        {
            "time": "16.07.2021 19:19",
            "open": "7.54",
            "high": "7.54",
            "low": "7.535",
            "close": "7.531"
        },
        {
            "time": "16.07.2021 19:20",
            "open": "7.531",
            "high": "7.531",
            "low": "7.528",
            "close": "7.529"
        },
        {
            "time": "16.07.2021 19:21",
            "open": "7.529",
            "high": "7.536",
            "low": "7.529",
            "close": "7.525"
        },
        {
            "time": "16.07.2021 19:22",
            "open": "7.525",
            "high": "7.525",
            "low": "7.515",
            "close": "7.555"
        },
        {
            "time": "16.07.2021 19:25",
            "open": "7.555",
            "high": "7.565",
            "low": "7.555",
            "close": "7.541"
        },
        {
            "time": "16.07.2021 19:26",
            "open": "7.541",
            "high": "7.541",
            "low": "7.525",
            "close": "7.52"
        },
        {
            "time": "16.07.2021 19:27",
            "open": "7.52",
            "high": "7.52",
            "low": "7.515",
            "close": "7.515"
        },
        {
            "time": "16.07.2021 19:28",
            "open": "7.515",
            "high": "7.515",
            "low": "7.51",
            "close": "7.505"
        },
        {
            "time": "16.07.2021 19:31",
            "open": "7.505",
            "high": "7.505",
            "low": "7.497",
            "close": "7.497"
        },
        {
            "time": "16.07.2021 19:32",
            "open": "7.497",
            "high": "7.497",
            "low": "7.495",
            "close": "7.495"
        },
        {
            "time": "16.07.2021 19:33",
            "open": "7.495",
            "high": "7.498",
            "low": "7.495",
            "close": "7.495"
        },
        {
            "time": "16.07.2021 19:35",
            "open": "7.495",
            "high": "7.506",
            "low": "7.495",
            "close": "7.515"
        },
        {
            "time": "16.07.2021 19:41",
            "open": "7.515",
            "high": "7.515",
            "low": "7.515",
            "close": "7.502"
        },
        {
            "time": "16.07.2021 19:44",
            "open": "7.502",
            "high": "7.502",
            "low": "7.502",
            "close": "7.5"
        },
        {
            "time": "16.07.2021 19:48",
            "open": "7.5",
            "high": "7.5",
            "low": "7.5",
            "close": "7.54"
        },
        {
            "time": "16.07.2021 19:56",
            "open": "7.54",
            "high": "7.54",
            "low": "7.54",
            "close": "7.545"
        },
        {
            "time": "16.07.2021 19:58",
            "open": "7.545",
            "high": "7.545",
            "low": "7.545",
            "close": "7.538"
        },
        {
            "time": "16.07.2021 20:00",
            "open": "7.538",
            "high": "7.538",
            "low": "7.538",
            "close": "7.538"
        },
        {
            "time": "16.07.2021 20:03",
            "open": "7.538",
            "high": "7.538",
            "low": "7.538",
            "close": "7.509"
        },
        {
            "time": "16.07.2021 20:15",
            "open": "7.509",
            "high": "7.509",
            "low": "7.509",
            "close": "7.514"
        },
        {
            "time": "16.07.2021 20:25",
            "open": "7.514",
            "high": "7.514",
            "low": "7.514",
            "close": "7.534"
        },
        {
            "time": "16.07.2021 20:28",
            "open": "7.534",
            "high": "7.544",
            "low": "7.534",
            "close": "7.541"
        },
        {
            "time": "16.07.2021 20:31",
            "open": "7.541",
            "high": "7.541",
            "low": "7.516",
            "close": "7.529"
        },
        {
            "time": "16.07.2021 20:32",
            "open": "7.529",
            "high": "7.529",
            "low": "7.529",
            "close": "7.55"
        },
        {
            "time": "16.07.2021 20:33",
            "open": "7.55",
            "high": "7.565",
            "low": "7.55",
            "close": "7.561"
        },
        {
            "time": "16.07.2021 20:34",
            "open": "7.561",
            "high": "7.561",
            "low": "7.561",
            "close": "7.56"
        },
        {
            "time": "16.07.2021 20:35",
            "open": "7.56",
            "high": "7.56",
            "low": "7.56",
            "close": "7.57"
        },
        {
            "time": "16.07.2021 20:36",
            "open": "7.57",
            "high": "7.597",
            "low": "7.57",
            "close": "7.575"
        },
        {
            "time": "16.07.2021 20:37",
            "open": "7.575",
            "high": "7.575",
            "low": "7.572",
            "close": "7.589"
        },
        {
            "time": "16.07.2021 20:39",
            "open": "7.589",
            "high": "7.589",
            "low": "7.589",
            "close": "7.588"
        },
        {
            "time": "16.07.2021 20:40",
            "open": "7.588",
            "high": "7.633",
            "low": "7.588",
            "close": "7.635"
        },
        {
            "time": "16.07.2021 20:41",
            "open": "7.635",
            "high": "7.673",
            "low": "7.62",
            "close": "7.637"
        },
        {
            "time": "16.07.2021 20:42",
            "open": "7.637",
            "high": "7.648",
            "low": "7.621",
            "close": "7.65"
        },
        {
            "time": "16.07.2021 20:43",
            "open": "7.65",
            "high": "7.791",
            "low": "7.649",
            "close": "7.791"
        },
        {
            "time": "16.07.2021 20:44",
            "open": "7.791",
            "high": "7.818",
            "low": "7.739",
            "close": "7.817"
        },
        {
            "time": "16.07.2021 20:45",
            "open": "7.817",
            "high": "7.89",
            "low": "7.811",
            "close": "7.839"
        },
        {
            "time": "16.07.2021 20:46",
            "open": "7.839",
            "high": "7.839",
            "low": "7.836",
            "close": "7.855"
        },
        {
            "time": "16.07.2021 20:47",
            "open": "7.855",
            "high": "7.875",
            "low": "7.855",
            "close": "7.88"
        },
        {
            "time": "16.07.2021 20:48",
            "open": "7.88",
            "high": "7.985",
            "low": "7.88",
            "close": "7.895"
        },
        {
            "time": "16.07.2021 20:49",
            "open": "7.895",
            "high": "7.895",
            "low": "7.805",
            "close": "7.8"
        },
        {
            "time": "16.07.2021 20:50",
            "open": "7.8",
            "high": "7.8",
            "low": "7.76",
            "close": "7.795"
        },
        {
            "time": "16.07.2021 20:51",
            "open": "7.795",
            "high": "7.795",
            "low": "7.754",
            "close": "7.761"
        },
        {
            "time": "16.07.2021 20:52",
            "open": "7.761",
            "high": "7.775",
            "low": "7.761",
            "close": "7.757"
        },
        {
            "time": "16.07.2021 20:53",
            "open": "7.757",
            "high": "7.758",
            "low": "7.755",
            "close": "7.751"
        },
        {
            "time": "16.07.2021 20:54",
            "open": "7.751",
            "high": "7.751",
            "low": "7.688",
            "close": "7.685"
        },
        {
            "time": "16.07.2021 20:55",
            "open": "7.685",
            "high": "7.685",
            "low": "7.634",
            "close": "7.675"
        },
        {
            "time": "16.07.2021 20:56",
            "open": "7.675",
            "high": "7.745",
            "low": "7.675",
            "close": "7.745"
        },
        {
            "time": "16.07.2021 20:57",
            "open": "7.745",
            "high": "7.788",
            "low": "7.745",
            "close": "7.779"
        },
        {
            "time": "16.07.2021 20:58",
            "open": "7.779",
            "high": "7.779",
            "low": "7.779",
            "close": "7.78"
        },
        {
            "time": "16.07.2021 20:59",
            "open": "7.78",
            "high": "7.805",
            "low": "7.765",
            "close": "7.77"
        },
        {
            "time": "16.07.2021 21:00",
            "open": "7.77",
            "high": "7.77",
            "low": "7.72",
            "close": "7.72"
        },
        {
            "time": "16.07.2021 21:01",
            "open": "7.72",
            "high": "7.72",
            "low": "7.639",
            "close": "7.68"
        },
        {
            "time": "16.07.2021 21:02",
            "open": "7.68",
            "high": "7.71",
            "low": "7.68",
            "close": "7.715"
        },
        {
            "time": "16.07.2021 21:03",
            "open": "7.715",
            "high": "7.725",
            "low": "7.715",
            "close": "7.729"
        },
        {
            "time": "16.07.2021 21:04",
            "open": "7.729",
            "high": "7.729",
            "low": "7.722",
            "close": "7.73"
        },
        {
            "time": "16.07.2021 21:05",
            "open": "7.73",
            "high": "7.735",
            "low": "7.728",
            "close": "7.74"
        },
        {
            "time": "16.07.2021 21:06",
            "open": "7.74",
            "high": "7.764",
            "low": "7.74",
            "close": "7.765"
        },
        {
            "time": "16.07.2021 21:08",
            "open": "7.765",
            "high": "7.79",
            "low": "7.761",
            "close": "7.795"
        },
        {
            "time": "16.07.2021 21:09",
            "open": "7.795",
            "high": "7.821",
            "low": "7.795",
            "close": "7.825"
        },
        {
            "time": "16.07.2021 21:10",
            "open": "7.825",
            "high": "7.835",
            "low": "7.825",
            "close": "7.84"
        },
        {
            "time": "16.07.2021 21:11",
            "open": "7.84",
            "high": "7.852",
            "low": "7.84",
            "close": "7.848"
        },
        {
            "time": "16.07.2021 21:12",
            "open": "7.848",
            "high": "7.848",
            "low": "7.8",
            "close": "7.8"
        },
        {
            "time": "16.07.2021 21:13",
            "open": "7.8",
            "high": "7.8",
            "low": "7.755",
            "close": "7.755"
        },
        {
            "time": "16.07.2021 21:14",
            "open": "7.755",
            "high": "7.755",
            "low": "7.735",
            "close": "7.75"
        },
        {
            "time": "16.07.2021 21:16",
            "open": "7.75",
            "high": "7.75",
            "low": "7.739",
            "close": "7.735"
        },
        {
            "time": "16.07.2021 21:17",
            "open": "7.735",
            "high": "7.735",
            "low": "7.71",
            "close": "7.71"
        },
        {
            "time": "16.07.2021 21:18",
            "open": "7.71",
            "high": "7.71",
            "low": "7.688",
            "close": "7.728"
        },
        {
            "time": "16.07.2021 21:19",
            "open": "7.728",
            "high": "7.728",
            "low": "7.728",
            "close": "7.688"
        },
        {
            "time": "16.07.2021 21:20",
            "open": "7.688",
            "high": "7.688",
            "low": "7.67",
            "close": "7.67"
        },
        {
            "time": "16.07.2021 21:21",
            "open": "7.67",
            "high": "7.67",
            "low": "7.655",
            "close": "7.655"
        },
        {
            "time": "16.07.2021 21:22",
            "open": "7.655",
            "high": "7.655",
            "low": "7.65",
            "close": "7.654"
        },
        {
            "time": "16.07.2021 21:23",
            "open": "7.654",
            "high": "7.654",
            "low": "7.627",
            "close": "7.625"
        },
        {
            "time": "16.07.2021 21:24",
            "open": "7.625",
            "high": "7.652",
            "low": "7.624",
            "close": "7.656"
        },
        {
            "time": "16.07.2021 21:25",
            "open": "7.656",
            "high": "7.656",
            "low": "7.656",
            "close": "7.651"
        },
        {
            "time": "16.07.2021 21:27",
            "open": "7.651",
            "high": "7.651",
            "low": "7.644",
            "close": "7.621"
        },
        {
            "time": "16.07.2021 21:28",
            "open": "7.621",
            "high": "7.633",
            "low": "7.621",
            "close": "7.638"
        },
        {
            "time": "16.07.2021 21:29",
            "open": "7.638",
            "high": "7.638",
            "low": "7.632",
            "close": "7.62"
        },
        {
            "time": "16.07.2021 21:31",
            "open": "7.62",
            "high": "7.62",
            "low": "7.605",
            "close": "7.605"
        },
        {
            "time": "16.07.2021 21:32",
            "open": "7.605",
            "high": "7.605",
            "low": "7.564",
            "close": "7.57"
        },
        {
            "time": "16.07.2021 21:33",
            "open": "7.57",
            "high": "7.595",
            "low": "7.555",
            "close": "7.6"
        },
        {
            "time": "16.07.2021 21:34",
            "open": "7.6",
            "high": "7.62",
            "low": "7.6",
            "close": "7.625"
        },
        {
            "time": "16.07.2021 21:35",
            "open": "7.625",
            "high": "7.655",
            "low": "7.625",
            "close": "7.655"
        },
        {
            "time": "16.07.2021 21:36",
            "open": "7.655",
            "high": "7.665",
            "low": "7.655",
            "close": "7.67"
        },
        {
            "time": "16.07.2021 21:37",
            "open": "7.67",
            "high": "7.69",
            "low": "7.67",
            "close": "7.69"
        },
        {
            "time": "16.07.2021 21:38",
            "open": "7.69",
            "high": "7.69",
            "low": "7.69",
            "close": "7.692"
        },
        {
            "time": "16.07.2021 21:40",
            "open": "7.692",
            "high": "7.692",
            "low": "7.692",
            "close": "7.685"
        },
        {
            "time": "16.07.2021 21:41",
            "open": "7.685",
            "high": "7.695",
            "low": "7.685",
            "close": "7.7"
        },
        {
            "time": "16.07.2021 21:42",
            "open": "7.7",
            "high": "7.73",
            "low": "7.7",
            "close": "7.72"
        },
        {
            "time": "16.07.2021 21:43",
            "open": "7.72",
            "high": "7.72",
            "low": "7.696",
            "close": "7.713"
        },
        {
            "time": "16.07.2021 21:44",
            "open": "7.713",
            "high": "7.713",
            "low": "7.713",
            "close": "7.704"
        },
        {
            "time": "16.07.2021 21:46",
            "open": "7.704",
            "high": "7.704",
            "low": "7.685",
            "close": "7.725"
        },
        {
            "time": "16.07.2021 21:48",
            "open": "7.725",
            "high": "7.738",
            "low": "7.725",
            "close": "7.738"
        },
        {
            "time": "16.07.2021 21:49",
            "open": "7.738",
            "high": "7.895",
            "low": "7.738",
            "close": "7.855"
        },
        {
            "time": "16.07.2021 21:50",
            "open": "7.855",
            "high": "7.878",
            "low": "7.815",
            "close": "7.863"
        },
        {
            "time": "16.07.2021 21:51",
            "open": "7.863",
            "high": "7.87",
            "low": "7.835",
            "close": "7.869"
        },
        {
            "time": "16.07.2021 21:52",
            "open": "7.869",
            "high": "7.933",
            "low": "7.849",
            "close": "7.906"
        },
        {
            "time": "16.07.2021 21:53",
            "open": "7.906",
            "high": "7.926",
            "low": "7.89",
            "close": "7.92"
        },
        {
            "time": "16.07.2021 21:54",
            "open": "7.92",
            "high": "7.92",
            "low": "7.919",
            "close": "7.927"
        },
        {
            "time": "16.07.2021 21:55",
            "open": "7.927",
            "high": "7.97",
            "low": "7.927",
            "close": "7.956"
        },
        {
            "time": "16.07.2021 21:56",
            "open": "7.956",
            "high": "7.956",
            "low": "7.895",
            "close": "7.895"
        },
        {
            "time": "16.07.2021 21:57",
            "open": "7.895",
            "high": "7.895",
            "low": "7.845",
            "close": "7.885"
        },
        {
            "time": "16.07.2021 21:58",
            "open": "7.885",
            "high": "7.995",
            "low": "7.885",
            "close": "7.978"
        },
        {
            "time": "16.07.2021 21:59",
            "open": "7.978",
            "high": "7.984",
            "low": "7.94",
            "close": "7.94"
        },
        {
            "time": "16.07.2021 22:00",
            "open": "7.94",
            "high": "7.951",
            "low": "7.935",
            "close": "7.947"
        },
        {
            "time": "16.07.2021 22:01",
            "open": "7.947",
            "high": "7.98",
            "low": "7.946",
            "close": "7.985"
        },
        {
            "time": "16.07.2021 22:02",
            "open": "7.985",
            "high": "8.003",
            "low": "7.985",
            "close": "7.99"
        },
        {
            "time": "16.07.2021 22:03",
            "open": "7.99",
            "high": "8.047",
            "low": "7.986",
            "close": "8.046"
        },
        {
            "time": "16.07.2021 22:04",
            "open": "8.046",
            "high": "8.046",
            "low": "7.965",
            "close": "7.965"
        },
        {
            "time": "16.07.2021 22:05",
            "open": "7.965",
            "high": "7.965",
            "low": "7.895",
            "close": "7.895"
        },
        {
            "time": "16.07.2021 22:06",
            "open": "7.895",
            "high": "7.906",
            "low": "7.885",
            "close": "7.93"
        },
        {
            "time": "16.07.2021 22:07",
            "open": "7.93",
            "high": "7.985",
            "low": "7.93",
            "close": "7.962"
        },
        {
            "time": "16.07.2021 22:08",
            "open": "7.962",
            "high": "7.978",
            "low": "7.945",
            "close": "7.945"
        },
        {
            "time": "16.07.2021 22:09",
            "open": "7.945",
            "high": "7.98",
            "low": "7.94",
            "close": "7.975"
        },
        {
            "time": "16.07.2021 22:10",
            "open": "7.975",
            "high": "7.999",
            "low": "7.942",
            "close": "7.977"
        },
        {
            "time": "16.07.2021 22:11",
            "open": "7.977",
            "high": "7.977",
            "low": "7.977",
            "close": "7.971"
        },
        {
            "time": "16.07.2021 22:12",
            "open": "7.971",
            "high": "7.971",
            "low": "7.966",
            "close": "8"
        },
        {
            "time": "16.07.2021 22:13",
            "open": "8",
            "high": "8.034",
            "low": "7.99",
            "close": "8.032"
        },
        {
            "time": "16.07.2021 22:14",
            "open": "8.032",
            "high": "8.032",
            "low": "8.015",
            "close": "7.99"
        },
        {
            "time": "16.07.2021 22:15",
            "open": "7.99",
            "high": "7.99",
            "low": "7.955",
            "close": "7.964"
        },
        {
            "time": "16.07.2021 22:16",
            "open": "7.964",
            "high": "7.964",
            "low": "7.959",
            "close": "7.955"
        },
        {
            "time": "16.07.2021 22:17",
            "open": "7.955",
            "high": "7.956",
            "low": "7.955",
            "close": "7.966"
        },
        {
            "time": "16.07.2021 22:18",
            "open": "7.966",
            "high": "7.966",
            "low": "7.966",
            "close": "7.955"
        },
        {
            "time": "16.07.2021 22:19",
            "open": "7.955",
            "high": "7.955",
            "low": "7.93",
            "close": "7.93"
        },
        {
            "time": "16.07.2021 22:20",
            "open": "7.93",
            "high": "7.93",
            "low": "7.91",
            "close": "7.905"
        },
        {
            "time": "16.07.2021 22:21",
            "open": "7.905",
            "high": "7.916",
            "low": "7.895",
            "close": "7.935"
        },
        {
            "time": "16.07.2021 22:22",
            "open": "7.935",
            "high": "7.945",
            "low": "7.935",
            "close": "7.95"
        },
        {
            "time": "16.07.2021 22:23",
            "open": "7.95",
            "high": "7.995",
            "low": "7.95",
            "close": "7.978"
        },
        {
            "time": "16.07.2021 22:24",
            "open": "7.978",
            "high": "7.978",
            "low": "7.955",
            "close": "7.955"
        },
        {
            "time": "16.07.2021 22:25",
            "open": "7.955",
            "high": "7.959",
            "low": "7.95",
            "close": "7.959"
        },
        {
            "time": "16.07.2021 22:26",
            "open": "7.959",
            "high": "7.989",
            "low": "7.959",
            "close": "7.995"
        },
        {
            "time": "16.07.2021 22:27",
            "open": "7.995",
            "high": "8.002",
            "low": "7.995",
            "close": "8.004"
        },
        {
            "time": "16.07.2021 22:28",
            "open": "8.004",
            "high": "8.008",
            "low": "8.004",
            "close": "7.984"
        },
        {
            "time": "16.07.2021 22:30",
            "open": "7.984",
            "high": "7.984",
            "low": "7.984",
            "close": "7.973"
        },
        {
            "time": "16.07.2021 22:31",
            "open": "7.973",
            "high": "7.974",
            "low": "7.973",
            "close": "7.965"
        },
        {
            "time": "16.07.2021 22:32",
            "open": "7.965",
            "high": "7.971",
            "low": "7.955",
            "close": "7.964"
        },
        {
            "time": "16.07.2021 22:33",
            "open": "7.964",
            "high": "7.964",
            "low": "7.945",
            "close": "7.945"
        },
        {
            "time": "16.07.2021 22:34",
            "open": "7.945",
            "high": "7.945",
            "low": "7.887",
            "close": "7.906"
        },
        {
            "time": "16.07.2021 22:35",
            "open": "7.906",
            "high": "7.906",
            "low": "7.906",
            "close": "7.913"
        },
        {
            "time": "16.07.2021 22:36",
            "open": "7.913",
            "high": "7.913",
            "low": "7.912",
            "close": "7.924"
        },
        {
            "time": "16.07.2021 22:37",
            "open": "7.924",
            "high": "7.924",
            "low": "7.924",
            "close": "7.921"
        },
        {
            "time": "16.07.2021 22:38",
            "open": "7.921",
            "high": "7.921",
            "low": "7.921",
            "close": "7.93"
        },
        {
            "time": "16.07.2021 22:39",
            "open": "7.93",
            "high": "7.935",
            "low": "7.93",
            "close": "7.94"
        },
        {
            "time": "16.07.2021 22:40",
            "open": "7.94",
            "high": "8",
            "low": "7.94",
            "close": "8"
        },
        {
            "time": "16.07.2021 22:41",
            "open": "8",
            "high": "8.02",
            "low": "7.924",
            "close": "7.977"
        },
        {
            "time": "16.07.2021 22:42",
            "open": "7.977",
            "high": "7.978",
            "low": "7.971",
            "close": "7.963"
        },
        {
            "time": "16.07.2021 22:43",
            "open": "7.963",
            "high": "7.963",
            "low": "7.935",
            "close": "7.941"
        },
        {
            "time": "16.07.2021 22:44",
            "open": "7.941",
            "high": "7.97",
            "low": "7.935",
            "close": "7.975"
        },
        {
            "time": "16.07.2021 22:45",
            "open": "7.975",
            "high": "8.015",
            "low": "7.965",
            "close": "8.01"
        },
        {
            "time": "16.07.2021 22:46",
            "open": "8.01",
            "high": "8.015",
            "low": "8.003",
            "close": "8.001"
        },
        {
            "time": "16.07.2021 22:47",
            "open": "8.001",
            "high": "8.001",
            "low": "8",
            "close": "8.009"
        },
        {
            "time": "16.07.2021 22:48",
            "open": "8.009",
            "high": "8.009",
            "low": "8.004",
            "close": "7.992"
        },
        {
            "time": "16.07.2021 22:49",
            "open": "7.992",
            "high": "7.992",
            "low": "7.966",
            "close": "7.965"
        },
        {
            "time": "16.07.2021 22:50",
            "open": "7.965",
            "high": "7.965",
            "low": "7.935",
            "close": "7.98"
        },
        {
            "time": "16.07.2021 22:51",
            "open": "7.98",
            "high": "7.995",
            "low": "7.98",
            "close": "7.962"
        },
        {
            "time": "16.07.2021 22:52",
            "open": "7.962",
            "high": "7.981",
            "low": "7.962",
            "close": "7.99"
        },
        {
            "time": "16.07.2021 22:53",
            "open": "7.99",
            "high": "7.992",
            "low": "7.968",
            "close": "7.955"
        },
        {
            "time": "16.07.2021 22:54",
            "open": "7.955",
            "high": "7.955",
            "low": "7.91",
            "close": "7.91"
        },
        {
            "time": "16.07.2021 22:55",
            "open": "7.91",
            "high": "7.91",
            "low": "7.89",
            "close": "7.93"
        },
        {
            "time": "16.07.2021 22:56",
            "open": "7.93",
            "high": "7.93",
            "low": "7.872",
            "close": "7.875"
        },
        {
            "time": "16.07.2021 22:58",
            "open": "7.875",
            "high": "7.875",
            "low": "7.795",
            "close": "7.791"
        },
        {
            "time": "16.07.2021 22:59",
            "open": "7.791",
            "high": "7.84",
            "low": "7.791",
            "close": "7.807"
        },
        {
            "time": "16.07.2021 23:00",
            "open": "7.807",
            "high": "7.807",
            "low": "7.725",
            "close": "7.744"
        },
        {
            "time": "16.07.2021 23:01",
            "open": "7.744",
            "high": "7.791",
            "low": "7.744",
            "close": "7.788"
        },
        {
            "time": "16.07.2021 23:02",
            "open": "7.788",
            "high": "7.805",
            "low": "7.788",
            "close": "7.81"
        },
        {
            "time": "16.07.2021 23:04",
            "open": "7.81",
            "high": "7.815",
            "low": "7.81",
            "close": "7.82"
        },
        {
            "time": "16.07.2021 23:05",
            "open": "7.82",
            "high": "7.847",
            "low": "7.82",
            "close": "7.85"
        },
        {
            "time": "16.07.2021 23:06",
            "open": "7.85",
            "high": "7.855",
            "low": "7.847",
            "close": "7.833"
        },
        {
            "time": "16.07.2021 23:08",
            "open": "7.833",
            "high": "7.833",
            "low": "7.833",
            "close": "7.815"
        },
        {
            "time": "16.07.2021 23:10",
            "open": "7.815",
            "high": "7.815",
            "low": "7.815",
            "close": "7.815"
        },
        {
            "time": "16.07.2021 23:11",
            "open": "7.815",
            "high": "7.815",
            "low": "7.806",
            "close": "7.805"
        },
        {
            "time": "16.07.2021 23:12",
            "open": "7.805",
            "high": "7.805",
            "low": "7.79",
            "close": "7.79"
        },
        {
            "time": "16.07.2021 23:13",
            "open": "7.79",
            "high": "7.79",
            "low": "7.706",
            "close": "7.705"
        },
        {
            "time": "16.07.2021 23:14",
            "open": "7.705",
            "high": "7.705",
            "low": "7.685",
            "close": "7.685"
        },
        {
            "time": "16.07.2021 23:17",
            "open": "7.685",
            "high": "7.695",
            "low": "7.685",
            "close": "7.699"
        },
        {
            "time": "16.07.2021 23:18",
            "open": "7.699",
            "high": "7.712",
            "low": "7.694",
            "close": "7.725"
        },
        {
            "time": "16.07.2021 23:19",
            "open": "7.725",
            "high": "7.77",
            "low": "7.725",
            "close": "7.72"
        },
        {
            "time": "16.07.2021 23:20",
            "open": "7.72",
            "high": "7.765",
            "low": "7.72",
            "close": "7.765"
        },
        {
            "time": "16.07.2021 23:21",
            "open": "7.765",
            "high": "7.765",
            "low": "7.73",
            "close": "7.73"
        },
        {
            "time": "16.07.2021 23:22",
            "open": "7.73",
            "high": "7.73",
            "low": "7.711",
            "close": "7.71"
        },
        {
            "time": "16.07.2021 23:23",
            "open": "7.71",
            "high": "7.71",
            "low": "7.691",
            "close": "7.69"
        },
        {
            "time": "16.07.2021 23:25",
            "open": "7.69",
            "high": "7.69",
            "low": "7.69",
            "close": "7.685"
        },
        {
            "time": "16.07.2021 23:26",
            "open": "7.685",
            "high": "7.685",
            "low": "7.68",
            "close": "7.675"
        },
        {
            "time": "16.07.2021 23:27",
            "open": "7.675",
            "high": "7.675",
            "low": "7.645",
            "close": "7.64"
        },
        {
            "time": "16.07.2021 23:28",
            "open": "7.64",
            "high": "7.64",
            "low": "7.597",
            "close": "7.595"
        },
        {
            "time": "16.07.2021 23:30",
            "open": "7.595",
            "high": "7.595",
            "low": "7.591",
            "close": "7.59"
        },
        {
            "time": "16.07.2021 23:31",
            "open": "7.59",
            "high": "7.592",
            "low": "7.574",
            "close": "7.612"
        },
        {
            "time": "16.07.2021 23:32",
            "open": "7.612",
            "high": "7.63",
            "low": "7.612",
            "close": "7.614"
        },
        {
            "time": "16.07.2021 23:34",
            "open": "7.614",
            "high": "7.614",
            "low": "7.614",
            "close": "7.614"
        },
        {
            "time": "16.07.2021 23:36",
            "open": "7.614",
            "high": "7.614",
            "low": "7.59",
            "close": "7.59"
        },
        {
            "time": "16.07.2021 23:37",
            "open": "7.59",
            "high": "7.59",
            "low": "7.575",
            "close": "7.583"
        },
        {
            "time": "16.07.2021 23:38",
            "open": "7.583",
            "high": "7.583",
            "low": "7.568",
            "close": "7.565"
        },
        {
            "time": "16.07.2021 23:40",
            "open": "7.565",
            "high": "7.565",
            "low": "7.565",
            "close": "7.565"
        },
        {
            "time": "16.07.2021 23:41",
            "open": "7.565",
            "high": "7.569",
            "low": "7.56",
            "close": "7.563"
        },
        {
            "time": "16.07.2021 23:42",
            "open": "7.563",
            "high": "7.563",
            "low": "7.51",
            "close": "7.51"
        },
        {
            "time": "16.07.2021 23:43",
            "open": "7.51",
            "high": "7.51",
            "low": "7.495",
            "close": "7.495"
        },
        {
            "time": "16.07.2021 23:44",
            "open": "7.495",
            "high": "7.495",
            "low": "7.455",
            "close": "7.471"
        },
        {
            "time": "16.07.2021 23:45",
            "open": "7.471",
            "high": "7.5",
            "low": "7.471",
            "close": "7.505"
        },
        {
            "time": "16.07.2021 23:46",
            "open": "7.505",
            "high": "7.536",
            "low": "7.505",
            "close": "7.533"
        },
        {
            "time": "16.07.2021 23:47",
            "open": "7.533",
            "high": "7.54",
            "low": "7.533",
            "close": "7.545"
        },
        {
            "time": "16.07.2021 23:48",
            "open": "7.545",
            "high": "7.554",
            "low": "7.545",
            "close": "7.554"
        },
        {
            "time": "16.07.2021 23:49",
            "open": "7.554",
            "high": "7.555",
            "low": "7.554",
            "close": "7.56"
        },
        {
            "time": "16.07.2021 23:50",
            "open": "7.56",
            "high": "7.565",
            "low": "7.56",
            "close": "7.57"
        },
        {
            "time": "16.07.2021 23:51",
            "open": "7.57",
            "high": "7.579",
            "low": "7.57",
            "close": "7.58"
        },
        {
            "time": "16.07.2021 23:52",
            "open": "7.58",
            "high": "7.58",
            "low": "7.58",
            "close": "7.572"
        },
        {
            "time": "16.07.2021 23:54",
            "open": "7.572",
            "high": "7.572",
            "low": "7.572",
            "close": "7.557"
        },
        {
            "time": "16.07.2021 23:56",
            "open": "7.557",
            "high": "7.557",
            "low": "7.55",
            "close": "7.54"
        },
        {
            "time": "16.07.2021 23:57",
            "open": "7.54",
            "high": "7.54",
            "low": "7.54",
            "close": "7.54"
        },
        {
            "time": "16.07.2021 23:58",
            "open": "7.54",
            "high": "7.54",
            "low": "7.505",
            "close": "7.505"
        }
    ]
}