{
    "UMA-EUR": [
        {
            "time": "07.04.2021 23:58",
            "open": "19.723",
            "high": "19.726",
            "low": "19.723",
            "close": "19.687"
        },
        {
            "time": "08.04.2021 00:00",
            "open": "19.687",
            "high": "19.722",
            "low": "19.687",
            "close": "19.717"
        },
        {
            "time": "08.04.2021 00:01",
            "open": "19.717",
            "high": "19.717",
            "low": "19.717",
            "close": "19.736"
        },
        {
            "time": "08.04.2021 00:05",
            "open": "19.736",
            "high": "19.792",
            "low": "19.736",
            "close": "19.794"
        },
        {
            "time": "08.04.2021 00:18",
            "open": "19.794",
            "high": "19.794",
            "low": "19.792",
            "close": "19.792"
        },
        {
            "time": "08.04.2021 00:21",
            "open": "19.792",
            "high": "19.792",
            "low": "19.792",
            "close": "19.78"
        },
        {
            "time": "08.04.2021 00:22",
            "open": "19.78",
            "high": "19.78",
            "low": "19.78",
            "close": "19.69"
        },
        {
            "time": "08.04.2021 00:26",
            "open": "19.69",
            "high": "19.69",
            "low": "19.69",
            "close": "19.8"
        },
        {
            "time": "08.04.2021 00:37",
            "open": "19.8",
            "high": "19.929",
            "low": "19.8",
            "close": "19.868"
        },
        {
            "time": "08.04.2021 00:38",
            "open": "19.868",
            "high": "19.868",
            "low": "19.868",
            "close": "19.96"
        },
        {
            "time": "08.04.2021 00:39",
            "open": "19.96",
            "high": "19.96",
            "low": "19.95",
            "close": "19.963"
        },
        {
            "time": "08.04.2021 00:40",
            "open": "19.963",
            "high": "19.963",
            "low": "19.881",
            "close": "19.933"
        },
        {
            "time": "08.04.2021 00:43",
            "open": "19.933",
            "high": "19.94",
            "low": "19.933",
            "close": "19.964"
        },
        {
            "time": "08.04.2021 00:44",
            "open": "19.964",
            "high": "19.969",
            "low": "19.964",
            "close": "19.957"
        },
        {
            "time": "08.04.2021 00:45",
            "open": "19.957",
            "high": "19.957",
            "low": "19.957",
            "close": "19.981"
        },
        {
            "time": "08.04.2021 00:48",
            "open": "19.981",
            "high": "19.999",
            "low": "19.981",
            "close": "19.964"
        },
        {
            "time": "08.04.2021 00:49",
            "open": "19.964",
            "high": "19.964",
            "low": "19.964",
            "close": "19.986"
        },
        {
            "time": "08.04.2021 00:50",
            "open": "19.986",
            "high": "20",
            "low": "19.986",
            "close": "19.822"
        },
        {
            "time": "08.04.2021 00:55",
            "open": "19.822",
            "high": "19.836",
            "low": "19.822",
            "close": "19.863"
        },
        {
            "time": "08.04.2021 00:58",
            "open": "19.863",
            "high": "19.864",
            "low": "19.863",
            "close": "19.905"
        },
        {
            "time": "08.04.2021 01:00",
            "open": "19.905",
            "high": "19.905",
            "low": "19.905",
            "close": "20"
        },
        {
            "time": "08.04.2021 01:05",
            "open": "20",
            "high": "20",
            "low": "20",
            "close": "20.035"
        },
        {
            "time": "08.04.2021 01:11",
            "open": "20.035",
            "high": "20.05",
            "low": "20.035",
            "close": "20.006"
        },
        {
            "time": "08.04.2021 01:14",
            "open": "20.006",
            "high": "20.006",
            "low": "20.006",
            "close": "19.991"
        },
        {
            "time": "08.04.2021 01:20",
            "open": "19.991",
            "high": "19.993",
            "low": "19.943",
            "close": "19.943"
        },
        {
            "time": "08.04.2021 01:21",
            "open": "19.943",
            "high": "19.943",
            "low": "19.943",
            "close": "19.939"
        },
        {
            "time": "08.04.2021 01:22",
            "open": "19.939",
            "high": "19.939",
            "low": "19.939",
            "close": "19.898"
        },
        {
            "time": "08.04.2021 01:26",
            "open": "19.898",
            "high": "19.898",
            "low": "19.898",
            "close": "19.885"
        },
        {
            "time": "08.04.2021 01:27",
            "open": "19.885",
            "high": "19.885",
            "low": "19.885",
            "close": "19.866"
        },
        {
            "time": "08.04.2021 01:30",
            "open": "19.866",
            "high": "19.866",
            "low": "19.866",
            "close": "19.811"
        },
        {
            "time": "08.04.2021 01:39",
            "open": "19.811",
            "high": "19.811",
            "low": "19.806",
            "close": "19.796"
        },
        {
            "time": "08.04.2021 01:41",
            "open": "19.796",
            "high": "19.796",
            "low": "19.796",
            "close": "19.792"
        },
        {
            "time": "08.04.2021 01:44",
            "open": "19.792",
            "high": "19.792",
            "low": "19.792",
            "close": "19.781"
        },
        {
            "time": "08.04.2021 01:47",
            "open": "19.781",
            "high": "19.784",
            "low": "19.781",
            "close": "19.75"
        },
        {
            "time": "08.04.2021 01:49",
            "open": "19.75",
            "high": "19.75",
            "low": "19.75",
            "close": "19.714"
        },
        {
            "time": "08.04.2021 01:51",
            "open": "19.714",
            "high": "19.714",
            "low": "19.714",
            "close": "19.702"
        },
        {
            "time": "08.04.2021 01:55",
            "open": "19.702",
            "high": "19.702",
            "low": "19.686",
            "close": "19.673"
        },
        {
            "time": "08.04.2021 01:56",
            "open": "19.673",
            "high": "19.673",
            "low": "19.65",
            "close": "19.621"
        },
        {
            "time": "08.04.2021 01:57",
            "open": "19.621",
            "high": "19.621",
            "low": "19.621",
            "close": "19.594"
        },
        {
            "time": "08.04.2021 01:58",
            "open": "19.594",
            "high": "19.594",
            "low": "19.535",
            "close": "19.514"
        },
        {
            "time": "08.04.2021 01:59",
            "open": "19.514",
            "high": "19.604",
            "low": "19.514",
            "close": "19.578"
        },
        {
            "time": "08.04.2021 02:00",
            "open": "19.578",
            "high": "19.578",
            "low": "19.578",
            "close": "19.558"
        },
        {
            "time": "08.04.2021 02:09",
            "open": "19.558",
            "high": "19.6",
            "low": "19.558",
            "close": "19.792"
        },
        {
            "time": "08.04.2021 02:12",
            "open": "19.792",
            "high": "19.792",
            "low": "19.786",
            "close": "19.815"
        },
        {
            "time": "08.04.2021 02:15",
            "open": "19.815",
            "high": "19.815",
            "low": "19.815",
            "close": "19.767"
        },
        {
            "time": "08.04.2021 02:30",
            "open": "19.767",
            "high": "19.767",
            "low": "19.767",
            "close": "19.817"
        },
        {
            "time": "08.04.2021 02:39",
            "open": "19.817",
            "high": "19.843",
            "low": "19.817",
            "close": "19.871"
        },
        {
            "time": "08.04.2021 02:40",
            "open": "19.871",
            "high": "19.899",
            "low": "19.871",
            "close": "19.969"
        },
        {
            "time": "08.04.2021 02:41",
            "open": "19.969",
            "high": "19.981",
            "low": "19.969",
            "close": "19.99"
        },
        {
            "time": "08.04.2021 02:45",
            "open": "19.99",
            "high": "20.018",
            "low": "19.99",
            "close": "19.859"
        },
        {
            "time": "08.04.2021 03:03",
            "open": "19.859",
            "high": "19.866",
            "low": "19.808",
            "close": "19.848"
        },
        {
            "time": "08.04.2021 03:06",
            "open": "19.848",
            "high": "19.848",
            "low": "19.848",
            "close": "19.82"
        },
        {
            "time": "08.04.2021 03:08",
            "open": "19.82",
            "high": "19.82",
            "low": "19.82",
            "close": "19.929"
        },
        {
            "time": "08.04.2021 03:34",
            "open": "19.929",
            "high": "19.948",
            "low": "19.929",
            "close": "19.963"
        },
        {
            "time": "08.04.2021 03:37",
            "open": "19.963",
            "high": "19.963",
            "low": "19.963",
            "close": "19.944"
        },
        {
            "time": "08.04.2021 03:46",
            "open": "19.944",
            "high": "19.944",
            "low": "19.944",
            "close": "19.87"
        },
        {
            "time": "08.04.2021 04:13",
            "open": "19.87",
            "high": "19.87",
            "low": "19.87",
            "close": "19.95"
        },
        {
            "time": "08.04.2021 04:14",
            "open": "19.95",
            "high": "19.95",
            "low": "19.95",
            "close": "19.958"
        },
        {
            "time": "08.04.2021 04:22",
            "open": "19.958",
            "high": "19.981",
            "low": "19.958",
            "close": "19.897"
        },
        {
            "time": "08.04.2021 04:30",
            "open": "19.897",
            "high": "19.897",
            "low": "19.897",
            "close": "20.042"
        },
        {
            "time": "08.04.2021 05:51",
            "open": "20.042",
            "high": "20.063",
            "low": "20.042",
            "close": "20.063"
        },
        {
            "time": "08.04.2021 05:56",
            "open": "20.063",
            "high": "20.063",
            "low": "20.063",
            "close": "20.067"
        },
        {
            "time": "08.04.2021 06:00",
            "open": "20.067",
            "high": "20.067",
            "low": "20.067",
            "close": "20.068"
        },
        {
            "time": "08.04.2021 06:02",
            "open": "20.068",
            "high": "20.116",
            "low": "20.068",
            "close": "20.113"
        },
        {
            "time": "08.04.2021 06:03",
            "open": "20.113",
            "high": "20.113",
            "low": "20.113",
            "close": "20.097"
        },
        {
            "time": "08.04.2021 06:05",
            "open": "20.097",
            "high": "20.097",
            "low": "20.065",
            "close": "20.09"
        },
        {
            "time": "08.04.2021 06:20",
            "open": "20.09",
            "high": "20.09",
            "low": "20.09",
            "close": "20.081"
        },
        {
            "time": "08.04.2021 06:24",
            "open": "20.081",
            "high": "20.081",
            "low": "20.081",
            "close": "20.066"
        },
        {
            "time": "08.04.2021 06:28",
            "open": "20.066",
            "high": "20.075",
            "low": "20.066",
            "close": "20.032"
        },
        {
            "time": "08.04.2021 06:29",
            "open": "20.029",
            "high": "20.029",
            "low": "20.029",
            "close": "20.14"
        },
        {
            "time": "08.04.2021 06:39",
            "open": "20.14",
            "high": "20.14",
            "low": "20.14",
            "close": "20.146"
        },
        {
            "time": "08.04.2021 06:54",
            "open": "20.146",
            "high": "20.192",
            "low": "20.146",
            "close": "20.176"
        },
        {
            "time": "08.04.2021 06:55",
            "open": "20.176",
            "high": "20.2",
            "low": "20.176",
            "close": "20.217"
        },
        {
            "time": "08.04.2021 06:56",
            "open": "20.217",
            "high": "20.22",
            "low": "20.217",
            "close": "20.219"
        },
        {
            "time": "08.04.2021 06:57",
            "open": "20.219",
            "high": "20.219",
            "low": "20.219",
            "close": "20.198"
        },
        {
            "time": "08.04.2021 07:00",
            "open": "20.198",
            "high": "20.198",
            "low": "20.198",
            "close": "20.175"
        },
        {
            "time": "08.04.2021 07:17",
            "open": "20.175",
            "high": "20.175",
            "low": "20.175",
            "close": "20.227"
        },
        {
            "time": "08.04.2021 07:19",
            "open": "20.227",
            "high": "20.237",
            "low": "20.227",
            "close": "20.216"
        },
        {
            "time": "08.04.2021 07:21",
            "open": "20.216",
            "high": "20.216",
            "low": "20.216",
            "close": "20.249"
        },
        {
            "time": "08.04.2021 07:24",
            "open": "20.249",
            "high": "20.249",
            "low": "20.249",
            "close": "20.229"
        },
        {
            "time": "08.04.2021 07:33",
            "open": "20.229",
            "high": "20.229",
            "low": "20.191",
            "close": "20.215"
        },
        {
            "time": "08.04.2021 07:35",
            "open": "20.215",
            "high": "20.219",
            "low": "20.215",
            "close": "20.148"
        },
        {
            "time": "08.04.2021 07:37",
            "open": "20.148",
            "high": "20.177",
            "low": "20.146",
            "close": "20.127"
        },
        {
            "time": "08.04.2021 07:39",
            "open": "20.127",
            "high": "20.127",
            "low": "20.127",
            "close": "20.138"
        },
        {
            "time": "08.04.2021 07:43",
            "open": "20.138",
            "high": "20.138",
            "low": "20.138",
            "close": "20.163"
        },
        {
            "time": "08.04.2021 07:44",
            "open": "20.163",
            "high": "20.163",
            "low": "20.163",
            "close": "20.131"
        },
        {
            "time": "08.04.2021 07:48",
            "open": "20.131",
            "high": "20.131",
            "low": "20.131",
            "close": "20.185"
        },
        {
            "time": "08.04.2021 08:02",
            "open": "20.185",
            "high": "20.185",
            "low": "20.185",
            "close": "20.186"
        },
        {
            "time": "08.04.2021 08:05",
            "open": "20.186",
            "high": "20.203",
            "low": "20.186",
            "close": "20.208"
        },
        {
            "time": "08.04.2021 08:06",
            "open": "20.208",
            "high": "20.209",
            "low": "20.208",
            "close": "20.195"
        },
        {
            "time": "08.04.2021 08:09",
            "open": "20.195",
            "high": "20.195",
            "low": "20.195",
            "close": "20.238"
        },
        {
            "time": "08.04.2021 08:12",
            "open": "20.238",
            "high": "20.238",
            "low": "20.238",
            "close": "20.25"
        },
        {
            "time": "08.04.2021 08:14",
            "open": "20.25",
            "high": "20.256",
            "low": "20.25",
            "close": "20.257"
        },
        {
            "time": "08.04.2021 08:15",
            "open": "20.257",
            "high": "20.291",
            "low": "20.257",
            "close": "20.294"
        },
        {
            "time": "08.04.2021 08:24",
            "open": "20.294",
            "high": "20.294",
            "low": "20.287",
            "close": "20.295"
        },
        {
            "time": "08.04.2021 08:26",
            "open": "20.295",
            "high": "20.369",
            "low": "20.295",
            "close": "20.378"
        },
        {
            "time": "08.04.2021 08:27",
            "open": "20.378",
            "high": "20.43",
            "low": "20.378",
            "close": "20.44"
        },
        {
            "time": "08.04.2021 08:28",
            "open": "20.44",
            "high": "20.502",
            "low": "20.44",
            "close": "20.415"
        },
        {
            "time": "08.04.2021 08:30",
            "open": "20.415",
            "high": "20.441",
            "low": "20.408",
            "close": "20.319"
        },
        {
            "time": "08.04.2021 08:32",
            "open": "20.319",
            "high": "20.332",
            "low": "20.287",
            "close": "20.392"
        },
        {
            "time": "08.04.2021 08:35",
            "open": "20.392",
            "high": "20.392",
            "low": "20.392",
            "close": "20.356"
        },
        {
            "time": "08.04.2021 08:38",
            "open": "20.356",
            "high": "20.356",
            "low": "20.356",
            "close": "20.392"
        },
        {
            "time": "08.04.2021 08:39",
            "open": "20.392",
            "high": "20.392",
            "low": "20.392",
            "close": "20.41"
        },
        {
            "time": "08.04.2021 08:45",
            "open": "20.41",
            "high": "20.41",
            "low": "20.41",
            "close": "20.452"
        },
        {
            "time": "08.04.2021 08:47",
            "open": "20.452",
            "high": "20.452",
            "low": "20.452",
            "close": "20.432"
        },
        {
            "time": "08.04.2021 08:58",
            "open": "20.432",
            "high": "20.436",
            "low": "20.432",
            "close": "20.399"
        },
        {
            "time": "08.04.2021 08:59",
            "open": "20.399",
            "high": "20.399",
            "low": "20.391",
            "close": "20.4"
        },
        {
            "time": "08.04.2021 09:09",
            "open": "20.4",
            "high": "20.4",
            "low": "20.397",
            "close": "20.32"
        },
        {
            "time": "08.04.2021 09:12",
            "open": "20.32",
            "high": "20.32",
            "low": "20.32",
            "close": "20.308"
        },
        {
            "time": "08.04.2021 09:13",
            "open": "20.308",
            "high": "20.308",
            "low": "20.308",
            "close": "20.351"
        },
        {
            "time": "08.04.2021 09:20",
            "open": "20.351",
            "high": "20.352",
            "low": "20.351",
            "close": "20.353"
        },
        {
            "time": "08.04.2021 09:22",
            "open": "20.353",
            "high": "20.353",
            "low": "20.326",
            "close": "20.396"
        },
        {
            "time": "08.04.2021 09:24",
            "open": "20.396",
            "high": "20.438",
            "low": "20.396",
            "close": "20.472"
        },
        {
            "time": "08.04.2021 09:27",
            "open": "20.472",
            "high": "20.472",
            "low": "20.472",
            "close": "20.428"
        },
        {
            "time": "08.04.2021 09:29",
            "open": "20.428",
            "high": "20.428",
            "low": "20.428",
            "close": "20.478"
        },
        {
            "time": "08.04.2021 09:30",
            "open": "20.478",
            "high": "20.499",
            "low": "20.478",
            "close": "20.507"
        },
        {
            "time": "08.04.2021 09:31",
            "open": "20.507",
            "high": "20.507",
            "low": "20.507",
            "close": "20.511"
        },
        {
            "time": "08.04.2021 09:32",
            "open": "20.511",
            "high": "20.514",
            "low": "20.511",
            "close": "20.491"
        },
        {
            "time": "08.04.2021 09:33",
            "open": "20.491",
            "high": "20.492",
            "low": "20.491",
            "close": "20.499"
        },
        {
            "time": "08.04.2021 09:35",
            "open": "20.499",
            "high": "20.499",
            "low": "20.499",
            "close": "20.533"
        },
        {
            "time": "08.04.2021 09:38",
            "open": "20.533",
            "high": "20.533",
            "low": "20.533",
            "close": "20.539"
        },
        {
            "time": "08.04.2021 09:42",
            "open": "20.539",
            "high": "20.539",
            "low": "20.539",
            "close": "20.539"
        },
        {
            "time": "08.04.2021 09:44",
            "open": "20.539",
            "high": "20.539",
            "low": "20.539",
            "close": "20.55"
        },
        {
            "time": "08.04.2021 09:46",
            "open": "20.55",
            "high": "20.56",
            "low": "20.55",
            "close": "20.539"
        },
        {
            "time": "08.04.2021 09:48",
            "open": "20.539",
            "high": "20.566",
            "low": "20.539",
            "close": "20.57"
        },
        {
            "time": "08.04.2021 09:50",
            "open": "20.57",
            "high": "20.601",
            "low": "20.566",
            "close": "20.635"
        },
        {
            "time": "08.04.2021 09:53",
            "open": "20.635",
            "high": "20.635",
            "low": "20.635",
            "close": "20.65"
        },
        {
            "time": "08.04.2021 09:57",
            "open": "20.65",
            "high": "20.68",
            "low": "20.638",
            "close": "20.682"
        },
        {
            "time": "08.04.2021 09:58",
            "open": "20.682",
            "high": "20.7",
            "low": "20.654",
            "close": "20.71"
        },
        {
            "time": "08.04.2021 10:00",
            "open": "20.71",
            "high": "20.711",
            "low": "20.71",
            "close": "20.737"
        },
        {
            "time": "08.04.2021 10:01",
            "open": "20.737",
            "high": "20.757",
            "low": "20.737",
            "close": "20.747"
        },
        {
            "time": "08.04.2021 10:02",
            "open": "20.747",
            "high": "20.747",
            "low": "20.747",
            "close": "20.742"
        },
        {
            "time": "08.04.2021 10:09",
            "open": "20.742",
            "high": "20.742",
            "low": "20.742",
            "close": "20.724"
        },
        {
            "time": "08.04.2021 10:10",
            "open": "20.724",
            "high": "20.725",
            "low": "20.723",
            "close": "20.763"
        },
        {
            "time": "08.04.2021 10:11",
            "open": "20.763",
            "high": "20.773",
            "low": "20.763",
            "close": "20.77"
        },
        {
            "time": "08.04.2021 10:12",
            "open": "20.77",
            "high": "20.77",
            "low": "20.77",
            "close": "20.77"
        },
        {
            "time": "08.04.2021 10:14",
            "open": "20.77",
            "high": "20.77",
            "low": "20.769",
            "close": "20.773"
        },
        {
            "time": "08.04.2021 10:15",
            "open": "20.773",
            "high": "20.773",
            "low": "20.753",
            "close": "20.774"
        },
        {
            "time": "08.04.2021 10:16",
            "open": "20.785",
            "high": "20.785",
            "low": "20.785",
            "close": "20.795"
        },
        {
            "time": "08.04.2021 10:19",
            "open": "20.795",
            "high": "20.797",
            "low": "20.795",
            "close": "20.797"
        },
        {
            "time": "08.04.2021 10:20",
            "open": "20.797",
            "high": "20.798",
            "low": "20.797",
            "close": "20.795"
        },
        {
            "time": "08.04.2021 10:22",
            "open": "20.795",
            "high": "20.795",
            "low": "20.795",
            "close": "20.764"
        },
        {
            "time": "08.04.2021 10:23",
            "open": "20.764",
            "high": "20.764",
            "low": "20.764",
            "close": "20.769"
        },
        {
            "time": "08.04.2021 10:24",
            "open": "20.769",
            "high": "20.796",
            "low": "20.764",
            "close": "20.797"
        },
        {
            "time": "08.04.2021 10:25",
            "open": "20.797",
            "high": "20.797",
            "low": "20.797",
            "close": "20.796"
        },
        {
            "time": "08.04.2021 10:26",
            "open": "20.796",
            "high": "20.802",
            "low": "20.796",
            "close": "20.798"
        },
        {
            "time": "08.04.2021 10:27",
            "open": "20.798",
            "high": "20.84",
            "low": "20.798",
            "close": "20.832"
        },
        {
            "time": "08.04.2021 10:28",
            "open": "20.832",
            "high": "20.857",
            "low": "20.804",
            "close": "20.837"
        },
        {
            "time": "08.04.2021 10:29",
            "open": "20.837",
            "high": "20.837",
            "low": "20.811",
            "close": "20.866"
        },
        {
            "time": "08.04.2021 10:30",
            "open": "20.866",
            "high": "20.868",
            "low": "20.84",
            "close": "20.874"
        },
        {
            "time": "08.04.2021 10:31",
            "open": "20.874",
            "high": "20.874",
            "low": "20.733",
            "close": "20.749"
        },
        {
            "time": "08.04.2021 10:32",
            "open": "20.749",
            "high": "20.77",
            "low": "20.749",
            "close": "20.745"
        },
        {
            "time": "08.04.2021 10:33",
            "open": "20.745",
            "high": "20.745",
            "low": "20.738",
            "close": "20.629"
        },
        {
            "time": "08.04.2021 10:35",
            "open": "20.629",
            "high": "20.629",
            "low": "20.629",
            "close": "20.629"
        },
        {
            "time": "08.04.2021 10:36",
            "open": "20.629",
            "high": "20.629",
            "low": "20.629",
            "close": "20.588"
        },
        {
            "time": "08.04.2021 10:37",
            "open": "20.588",
            "high": "20.588",
            "low": "20.512",
            "close": "20.466"
        },
        {
            "time": "08.04.2021 10:39",
            "open": "20.466",
            "high": "20.466",
            "low": "20.408",
            "close": "20.384"
        },
        {
            "time": "08.04.2021 10:40",
            "open": "20.384",
            "high": "20.384",
            "low": "20.369",
            "close": "20.405"
        },
        {
            "time": "08.04.2021 10:41",
            "open": "20.405",
            "high": "20.429",
            "low": "20.405",
            "close": "20.386"
        },
        {
            "time": "08.04.2021 10:42",
            "open": "20.386",
            "high": "20.421",
            "low": "20.33",
            "close": "20.394"
        },
        {
            "time": "08.04.2021 10:43",
            "open": "20.394",
            "high": "20.394",
            "low": "20.376",
            "close": "20.409"
        },
        {
            "time": "08.04.2021 10:45",
            "open": "20.409",
            "high": "20.409",
            "low": "20.409",
            "close": "20.382"
        },
        {
            "time": "08.04.2021 10:46",
            "open": "20.382",
            "high": "20.382",
            "low": "20.382",
            "close": "20.328"
        },
        {
            "time": "08.04.2021 10:57",
            "open": "20.328",
            "high": "20.328",
            "low": "20.328",
            "close": "20.391"
        },
        {
            "time": "08.04.2021 11:01",
            "open": "20.391",
            "high": "20.404",
            "low": "20.391",
            "close": "20.388"
        },
        {
            "time": "08.04.2021 11:03",
            "open": "20.388",
            "high": "20.388",
            "low": "20.388",
            "close": "20.455"
        },
        {
            "time": "08.04.2021 11:09",
            "open": "20.455",
            "high": "20.455",
            "low": "20.455",
            "close": "20.457"
        },
        {
            "time": "08.04.2021 11:14",
            "open": "20.457",
            "high": "20.459",
            "low": "20.457",
            "close": "20.422"
        },
        {
            "time": "08.04.2021 11:15",
            "open": "20.422",
            "high": "20.422",
            "low": "20.41",
            "close": "20.345"
        },
        {
            "time": "08.04.2021 11:16",
            "open": "20.345",
            "high": "20.351",
            "low": "20.345",
            "close": "20.38"
        },
        {
            "time": "08.04.2021 11:17",
            "open": "20.38",
            "high": "20.38",
            "low": "20.349",
            "close": "20.369"
        },
        {
            "time": "08.04.2021 11:18",
            "open": "20.369",
            "high": "20.369",
            "low": "20.369",
            "close": "20.358"
        },
        {
            "time": "08.04.2021 11:19",
            "open": "20.358",
            "high": "20.358",
            "low": "20.358",
            "close": "20.301"
        },
        {
            "time": "08.04.2021 11:21",
            "open": "20.301",
            "high": "20.301",
            "low": "20.301",
            "close": "20.325"
        },
        {
            "time": "08.04.2021 11:25",
            "open": "20.325",
            "high": "20.325",
            "low": "20.325",
            "close": "20.326"
        },
        {
            "time": "08.04.2021 11:26",
            "open": "20.326",
            "high": "20.326",
            "low": "20.326",
            "close": "20.315"
        },
        {
            "time": "08.04.2021 11:28",
            "open": "20.315",
            "high": "20.356",
            "low": "20.315",
            "close": "20.311"
        },
        {
            "time": "08.04.2021 11:30",
            "open": "20.311",
            "high": "20.348",
            "low": "20.311",
            "close": "20.279"
        },
        {
            "time": "08.04.2021 11:38",
            "open": "20.279",
            "high": "20.279",
            "low": "20.263",
            "close": "20.277"
        },
        {
            "time": "08.04.2021 11:39",
            "open": "20.277",
            "high": "20.277",
            "low": "20.277",
            "close": "20.258"
        },
        {
            "time": "08.04.2021 11:40",
            "open": "20.258",
            "high": "20.258",
            "low": "20.258",
            "close": "20.26"
        },
        {
            "time": "08.04.2021 11:42",
            "open": "20.26",
            "high": "20.26",
            "low": "20.255",
            "close": "20.255"
        },
        {
            "time": "08.04.2021 11:51",
            "open": "20.255",
            "high": "20.255",
            "low": "20.255",
            "close": "20.202"
        },
        {
            "time": "08.04.2021 11:52",
            "open": "20.202",
            "high": "20.202",
            "low": "20.165",
            "close": "20.112"
        },
        {
            "time": "08.04.2021 11:54",
            "open": "20.112",
            "high": "20.112",
            "low": "20.112",
            "close": "20.076"
        },
        {
            "time": "08.04.2021 12:06",
            "open": "20.076",
            "high": "20.079",
            "low": "20.076",
            "close": "20.1"
        },
        {
            "time": "08.04.2021 12:07",
            "open": "20.1",
            "high": "20.1",
            "low": "20.1",
            "close": "20.079"
        },
        {
            "time": "08.04.2021 12:10",
            "open": "20.079",
            "high": "20.079",
            "low": "20.079",
            "close": "20.066"
        },
        {
            "time": "08.04.2021 12:12",
            "open": "20.066",
            "high": "20.066",
            "low": "20.061",
            "close": "20.061"
        },
        {
            "time": "08.04.2021 12:13",
            "open": "20.061",
            "high": "20.061",
            "low": "20.061",
            "close": "20.061"
        },
        {
            "time": "08.04.2021 12:14",
            "open": "20.061",
            "high": "20.061",
            "low": "20.002",
            "close": "20.061"
        },
        {
            "time": "08.04.2021 12:21",
            "open": "20.061",
            "high": "20.079",
            "low": "20.045",
            "close": "20.168"
        },
        {
            "time": "08.04.2021 12:28",
            "open": "20.168",
            "high": "20.176",
            "low": "20.162",
            "close": "20.17"
        },
        {
            "time": "08.04.2021 12:30",
            "open": "20.17",
            "high": "20.17",
            "low": "20.17",
            "close": "20.19"
        },
        {
            "time": "08.04.2021 12:32",
            "open": "20.19",
            "high": "20.19",
            "low": "20.19",
            "close": "20.281"
        },
        {
            "time": "08.04.2021 12:35",
            "open": "20.281",
            "high": "20.281",
            "low": "20.281",
            "close": "20.31"
        },
        {
            "time": "08.04.2021 12:36",
            "open": "20.31",
            "high": "20.31",
            "low": "20.31",
            "close": "20.314"
        },
        {
            "time": "08.04.2021 12:45",
            "open": "20.314",
            "high": "20.352",
            "low": "20.314",
            "close": "20.347"
        },
        {
            "time": "08.04.2021 12:47",
            "open": "20.347",
            "high": "20.347",
            "low": "20.347",
            "close": "20.341"
        },
        {
            "time": "08.04.2021 12:48",
            "open": "20.341",
            "high": "20.343",
            "low": "20.314",
            "close": "20.343"
        },
        {
            "time": "08.04.2021 12:49",
            "open": "20.343",
            "high": "20.344",
            "low": "20.311",
            "close": "20.341"
        },
        {
            "time": "08.04.2021 12:50",
            "open": "20.341",
            "high": "20.341",
            "low": "20.319",
            "close": "20.337"
        },
        {
            "time": "08.04.2021 12:53",
            "open": "20.337",
            "high": "20.337",
            "low": "20.306",
            "close": "20.301"
        },
        {
            "time": "08.04.2021 12:55",
            "open": "20.301",
            "high": "20.301",
            "low": "20.301",
            "close": "20.249"
        },
        {
            "time": "08.04.2021 12:57",
            "open": "20.249",
            "high": "20.261",
            "low": "20.249",
            "close": "20.249"
        },
        {
            "time": "08.04.2021 13:00",
            "open": "20.249",
            "high": "20.249",
            "low": "20.248",
            "close": "20.221"
        },
        {
            "time": "08.04.2021 13:01",
            "open": "20.221",
            "high": "20.221",
            "low": "20.221",
            "close": "20.176"
        },
        {
            "time": "08.04.2021 13:05",
            "open": "20.176",
            "high": "20.176",
            "low": "20.176",
            "close": "20.263"
        },
        {
            "time": "08.04.2021 13:14",
            "open": "20.263",
            "high": "20.263",
            "low": "20.263",
            "close": "20.256"
        },
        {
            "time": "08.04.2021 13:15",
            "open": "20.256",
            "high": "20.256",
            "low": "20.256",
            "close": "20.245"
        },
        {
            "time": "08.04.2021 13:17",
            "open": "20.245",
            "high": "20.27",
            "low": "20.236",
            "close": "20.238"
        },
        {
            "time": "08.04.2021 13:18",
            "open": "20.238",
            "high": "20.238",
            "low": "20.238",
            "close": "20.126"
        },
        {
            "time": "08.04.2021 13:21",
            "open": "20.126",
            "high": "20.134",
            "low": "20.126",
            "close": "20.09"
        },
        {
            "time": "08.04.2021 13:25",
            "open": "20.09",
            "high": "20.09",
            "low": "20.09",
            "close": "20.069"
        },
        {
            "time": "08.04.2021 13:26",
            "open": "20.069",
            "high": "20.069",
            "low": "20.069",
            "close": "20.086"
        },
        {
            "time": "08.04.2021 13:27",
            "open": "20.086",
            "high": "20.086",
            "low": "20.086",
            "close": "20.03"
        },
        {
            "time": "08.04.2021 13:30",
            "open": "20.03",
            "high": "20.043",
            "low": "20.022",
            "close": "20.03"
        },
        {
            "time": "08.04.2021 13:32",
            "open": "20.03",
            "high": "20.033",
            "low": "20.03",
            "close": "20.058"
        },
        {
            "time": "08.04.2021 13:33",
            "open": "20.058",
            "high": "20.058",
            "low": "20",
            "close": "20"
        },
        {
            "time": "08.04.2021 13:34",
            "open": "20",
            "high": "20",
            "low": "20",
            "close": "19.98"
        },
        {
            "time": "08.04.2021 13:36",
            "open": "19.98",
            "high": "19.98",
            "low": "19.953",
            "close": "19.947"
        },
        {
            "time": "08.04.2021 13:37",
            "open": "19.947",
            "high": "19.947",
            "low": "19.861",
            "close": "19.953"
        },
        {
            "time": "08.04.2021 13:40",
            "open": "19.953",
            "high": "19.961",
            "low": "19.953",
            "close": "19.93"
        },
        {
            "time": "08.04.2021 13:41",
            "open": "19.93",
            "high": "19.93",
            "low": "19.93",
            "close": "19.907"
        },
        {
            "time": "08.04.2021 13:45",
            "open": "19.907",
            "high": "19.91",
            "low": "19.907",
            "close": "19.875"
        },
        {
            "time": "08.04.2021 13:46",
            "open": "19.875",
            "high": "19.875",
            "low": "19.875",
            "close": "19.902"
        },
        {
            "time": "08.04.2021 13:47",
            "open": "19.902",
            "high": "19.903",
            "low": "19.902",
            "close": "19.879"
        },
        {
            "time": "08.04.2021 13:48",
            "open": "19.879",
            "high": "19.879",
            "low": "19.879",
            "close": "19.897"
        },
        {
            "time": "08.04.2021 13:49",
            "open": "19.897",
            "high": "19.907",
            "low": "19.897",
            "close": "19.855"
        },
        {
            "time": "08.04.2021 13:51",
            "open": "19.855",
            "high": "19.855",
            "low": "19.855",
            "close": "19.855"
        },
        {
            "time": "08.04.2021 13:54",
            "open": "19.855",
            "high": "19.886",
            "low": "19.855",
            "close": "19.805"
        },
        {
            "time": "08.04.2021 13:55",
            "open": "19.805",
            "high": "19.805",
            "low": "19.805",
            "close": "19.814"
        },
        {
            "time": "08.04.2021 13:57",
            "open": "19.814",
            "high": "19.814",
            "low": "19.814",
            "close": "19.83"
        },
        {
            "time": "08.04.2021 13:58",
            "open": "19.83",
            "high": "19.83",
            "low": "19.83",
            "close": "19.855"
        },
        {
            "time": "08.04.2021 14:00",
            "open": "19.855",
            "high": "19.855",
            "low": "19.855",
            "close": "19.857"
        },
        {
            "time": "08.04.2021 14:02",
            "open": "19.857",
            "high": "19.857",
            "low": "19.857",
            "close": "19.878"
        },
        {
            "time": "08.04.2021 14:03",
            "open": "19.878",
            "high": "19.878",
            "low": "19.878",
            "close": "19.988"
        },
        {
            "time": "08.04.2021 14:09",
            "open": "19.988",
            "high": "19.988",
            "low": "19.959",
            "close": "19.909"
        },
        {
            "time": "08.04.2021 14:13",
            "open": "19.909",
            "high": "19.909",
            "low": "19.909",
            "close": "20.03"
        },
        {
            "time": "08.04.2021 14:15",
            "open": "20.03",
            "high": "20.047",
            "low": "20.03",
            "close": "20.059"
        },
        {
            "time": "08.04.2021 14:16",
            "open": "20.059",
            "high": "20.059",
            "low": "20.059",
            "close": "20.129"
        },
        {
            "time": "08.04.2021 14:18",
            "open": "20.129",
            "high": "20.129",
            "low": "20.127",
            "close": "20.145"
        },
        {
            "time": "08.04.2021 14:19",
            "open": "20.145",
            "high": "20.145",
            "low": "20.145",
            "close": "20.146"
        },
        {
            "time": "08.04.2021 14:20",
            "open": "20.146",
            "high": "20.164",
            "low": "20.146",
            "close": "20.168"
        },
        {
            "time": "08.04.2021 14:21",
            "open": "20.168",
            "high": "20.185",
            "low": "20.168",
            "close": "20.196"
        },
        {
            "time": "08.04.2021 14:22",
            "open": "20.196",
            "high": "20.2",
            "low": "20.196",
            "close": "20.229"
        },
        {
            "time": "08.04.2021 14:26",
            "open": "20.229",
            "high": "20.229",
            "low": "20.229",
            "close": "20.238"
        },
        {
            "time": "08.04.2021 14:27",
            "open": "20.238",
            "high": "20.252",
            "low": "20.238",
            "close": "20.267"
        },
        {
            "time": "08.04.2021 14:28",
            "open": "20.267",
            "high": "20.297",
            "low": "20.267",
            "close": "20.288"
        },
        {
            "time": "08.04.2021 14:29",
            "open": "20.288",
            "high": "20.288",
            "low": "20.288",
            "close": "20.314"
        },
        {
            "time": "08.04.2021 14:30",
            "open": "20.314",
            "high": "20.314",
            "low": "20.314",
            "close": "20.368"
        },
        {
            "time": "08.04.2021 14:33",
            "open": "20.368",
            "high": "20.372",
            "low": "20.368",
            "close": "20.372"
        },
        {
            "time": "08.04.2021 14:35",
            "open": "20.372",
            "high": "20.372",
            "low": "20.372",
            "close": "20.372"
        },
        {
            "time": "08.04.2021 14:36",
            "open": "20.372",
            "high": "20.372",
            "low": "20.372",
            "close": "20.373"
        },
        {
            "time": "08.04.2021 14:39",
            "open": "20.373",
            "high": "20.396",
            "low": "20.373",
            "close": "20.397"
        },
        {
            "time": "08.04.2021 14:40",
            "open": "20.397",
            "high": "20.4",
            "low": "20.397",
            "close": "20.405"
        },
        {
            "time": "08.04.2021 14:43",
            "open": "20.405",
            "high": "20.421",
            "low": "20.402",
            "close": "20.458"
        },
        {
            "time": "08.04.2021 14:47",
            "open": "20.458",
            "high": "20.468",
            "low": "20.458",
            "close": "20.481"
        },
        {
            "time": "08.04.2021 14:48",
            "open": "20.481",
            "high": "20.5",
            "low": "20.481",
            "close": "20.523"
        },
        {
            "time": "08.04.2021 14:49",
            "open": "20.523",
            "high": "20.523",
            "low": "20.523",
            "close": "20.56"
        },
        {
            "time": "08.04.2021 14:50",
            "open": "20.56",
            "high": "20.64",
            "low": "20.48",
            "close": "20.437"
        },
        {
            "time": "08.04.2021 14:51",
            "open": "20.437",
            "high": "20.458",
            "low": "20.427",
            "close": "20.449"
        },
        {
            "time": "08.04.2021 14:53",
            "open": "20.449",
            "high": "20.449",
            "low": "20.449",
            "close": "20.367"
        },
        {
            "time": "08.04.2021 14:54",
            "open": "20.367",
            "high": "20.367",
            "low": "20.367",
            "close": "20.321"
        },
        {
            "time": "08.04.2021 14:56",
            "open": "20.321",
            "high": "20.321",
            "low": "20.302",
            "close": "20.328"
        },
        {
            "time": "08.04.2021 15:01",
            "open": "20.328",
            "high": "20.358",
            "low": "20.328",
            "close": "20.342"
        },
        {
            "time": "08.04.2021 15:03",
            "open": "20.342",
            "high": "20.352",
            "low": "20.342",
            "close": "20.339"
        },
        {
            "time": "08.04.2021 15:07",
            "open": "20.339",
            "high": "20.339",
            "low": "20.339",
            "close": "20.339"
        },
        {
            "time": "08.04.2021 15:08",
            "open": "20.339",
            "high": "20.339",
            "low": "20.339",
            "close": "20.322"
        },
        {
            "time": "08.04.2021 15:09",
            "open": "20.322",
            "high": "20.322",
            "low": "20.322",
            "close": "20.28"
        },
        {
            "time": "08.04.2021 15:10",
            "open": "20.28",
            "high": "20.28",
            "low": "20.28",
            "close": "20.292"
        },
        {
            "time": "08.04.2021 15:17",
            "open": "20.292",
            "high": "20.292",
            "low": "20.292",
            "close": "20.28"
        },
        {
            "time": "08.04.2021 15:18",
            "open": "20.28",
            "high": "20.28",
            "low": "20.272",
            "close": "20.322"
        },
        {
            "time": "08.04.2021 15:25",
            "open": "20.322",
            "high": "20.322",
            "low": "20.322",
            "close": "20.388"
        },
        {
            "time": "08.04.2021 15:27",
            "open": "20.388",
            "high": "20.388",
            "low": "20.388",
            "close": "20.42"
        },
        {
            "time": "08.04.2021 15:28",
            "open": "20.42",
            "high": "20.42",
            "low": "20.42",
            "close": "20.449"
        },
        {
            "time": "08.04.2021 15:29",
            "open": "20.449",
            "high": "20.455",
            "low": "20.436",
            "close": "20.492"
        },
        {
            "time": "08.04.2021 15:33",
            "open": "20.492",
            "high": "20.492",
            "low": "20.492",
            "close": "20.536"
        },
        {
            "time": "08.04.2021 15:36",
            "open": "20.536",
            "high": "20.541",
            "low": "20.536",
            "close": "20.474"
        },
        {
            "time": "08.04.2021 15:38",
            "open": "20.474",
            "high": "20.503",
            "low": "20.474",
            "close": "20.486"
        },
        {
            "time": "08.04.2021 15:40",
            "open": "20.486",
            "high": "20.486",
            "low": "20.486",
            "close": "20.474"
        },
        {
            "time": "08.04.2021 15:47",
            "open": "20.474",
            "high": "20.474",
            "low": "20.43",
            "close": "20.379"
        },
        {
            "time": "08.04.2021 15:48",
            "open": "20.379",
            "high": "20.379",
            "low": "20.379",
            "close": "20.378"
        },
        {
            "time": "08.04.2021 15:49",
            "open": "20.378",
            "high": "20.378",
            "low": "20.378",
            "close": "20.371"
        },
        {
            "time": "08.04.2021 15:52",
            "open": "20.371",
            "high": "20.371",
            "low": "20.371",
            "close": "20.307"
        },
        {
            "time": "08.04.2021 15:55",
            "open": "20.307",
            "high": "20.307",
            "low": "20.307",
            "close": "20.307"
        },
        {
            "time": "08.04.2021 15:58",
            "open": "20.307",
            "high": "20.321",
            "low": "20.307",
            "close": "20.337"
        },
        {
            "time": "08.04.2021 16:04",
            "open": "20.337",
            "high": "20.337",
            "low": "20.337",
            "close": "20.337"
        },
        {
            "time": "08.04.2021 16:07",
            "open": "20.337",
            "high": "20.337",
            "low": "20.337",
            "close": "20.332"
        },
        {
            "time": "08.04.2021 16:09",
            "open": "20.332",
            "high": "20.332",
            "low": "20.332",
            "close": "20.329"
        },
        {
            "time": "08.04.2021 16:10",
            "open": "20.329",
            "high": "20.329",
            "low": "20.329",
            "close": "20.339"
        },
        {
            "time": "08.04.2021 16:14",
            "open": "20.339",
            "high": "20.339",
            "low": "20.339",
            "close": "20.325"
        },
        {
            "time": "08.04.2021 16:19",
            "open": "20.325",
            "high": "20.34",
            "low": "20.325",
            "close": "20.34"
        },
        {
            "time": "08.04.2021 16:29",
            "open": "20.34",
            "high": "20.34",
            "low": "20.34",
            "close": "20.441"
        },
        {
            "time": "08.04.2021 16:30",
            "open": "20.441",
            "high": "20.441",
            "low": "20.432",
            "close": "20.362"
        },
        {
            "time": "08.04.2021 16:36",
            "open": "20.362",
            "high": "20.362",
            "low": "20.362",
            "close": "20.352"
        },
        {
            "time": "08.04.2021 16:39",
            "open": "20.352",
            "high": "20.352",
            "low": "20.352",
            "close": "20.381"
        },
        {
            "time": "08.04.2021 16:43",
            "open": "20.381",
            "high": "20.381",
            "low": "20.381",
            "close": "20.339"
        },
        {
            "time": "08.04.2021 16:44",
            "open": "20.339",
            "high": "20.339",
            "low": "20.339",
            "close": "20.341"
        },
        {
            "time": "08.04.2021 16:47",
            "open": "20.341",
            "high": "20.341",
            "low": "20.341",
            "close": "20.325"
        },
        {
            "time": "08.04.2021 16:50",
            "open": "20.325",
            "high": "20.325",
            "low": "20.325",
            "close": "20.339"
        },
        {
            "time": "08.04.2021 16:52",
            "open": "20.339",
            "high": "20.339",
            "low": "20.339",
            "close": "20.38"
        },
        {
            "time": "08.04.2021 16:55",
            "open": "20.38",
            "high": "20.38",
            "low": "20.38",
            "close": "20.386"
        },
        {
            "time": "08.04.2021 17:00",
            "open": "20.386",
            "high": "20.386",
            "low": "20.382",
            "close": "20.327"
        },
        {
            "time": "08.04.2021 17:08",
            "open": "20.327",
            "high": "20.327",
            "low": "20.327",
            "close": "20.319"
        },
        {
            "time": "08.04.2021 17:13",
            "open": "20.319",
            "high": "20.319",
            "low": "20.318",
            "close": "20.345"
        },
        {
            "time": "08.04.2021 17:14",
            "open": "20.345",
            "high": "20.345",
            "low": "20.345",
            "close": "20.36"
        },
        {
            "time": "08.04.2021 17:19",
            "open": "20.36",
            "high": "20.36",
            "low": "20.36",
            "close": "20.351"
        },
        {
            "time": "08.04.2021 17:21",
            "open": "20.351",
            "high": "20.363",
            "low": "20.351",
            "close": "20.328"
        },
        {
            "time": "08.04.2021 17:23",
            "open": "20.328",
            "high": "20.328",
            "low": "20.328",
            "close": "20.33"
        },
        {
            "time": "08.04.2021 17:24",
            "open": "20.33",
            "high": "20.33",
            "low": "20.33",
            "close": "20.308"
        },
        {
            "time": "08.04.2021 17:29",
            "open": "20.308",
            "high": "20.308",
            "low": "20.267",
            "close": "20.29"
        },
        {
            "time": "08.04.2021 17:34",
            "open": "20.29",
            "high": "20.29",
            "low": "20.29",
            "close": "20.265"
        },
        {
            "time": "08.04.2021 17:35",
            "open": "20.265",
            "high": "20.286",
            "low": "20.265",
            "close": "20.289"
        },
        {
            "time": "08.04.2021 17:36",
            "open": "20.289",
            "high": "20.289",
            "low": "20.289",
            "close": "20.281"
        },
        {
            "time": "08.04.2021 17:38",
            "open": "20.281",
            "high": "20.281",
            "low": "20.281",
            "close": "20.265"
        },
        {
            "time": "08.04.2021 17:41",
            "open": "20.265",
            "high": "20.265",
            "low": "20.259",
            "close": "20.24"
        },
        {
            "time": "08.04.2021 17:42",
            "open": "20.24",
            "high": "20.24",
            "low": "20.212",
            "close": "20.212"
        },
        {
            "time": "08.04.2021 17:49",
            "open": "20.212",
            "high": "20.212",
            "low": "20.212",
            "close": "20.212"
        },
        {
            "time": "08.04.2021 17:52",
            "open": "20.212",
            "high": "20.257",
            "low": "20.212",
            "close": "20.248"
        },
        {
            "time": "08.04.2021 17:55",
            "open": "20.248",
            "high": "20.248",
            "low": "20.248",
            "close": "20.402"
        },
        {
            "time": "08.04.2021 17:58",
            "open": "20.402",
            "high": "20.404",
            "low": "20.402",
            "close": "20.432"
        },
        {
            "time": "08.04.2021 18:01",
            "open": "20.432",
            "high": "20.432",
            "low": "20.432",
            "close": "20.492"
        },
        {
            "time": "08.04.2021 18:04",
            "open": "20.492",
            "high": "20.492",
            "low": "20.492",
            "close": "20.487"
        },
        {
            "time": "08.04.2021 18:08",
            "open": "20.487",
            "high": "20.487",
            "low": "20.479",
            "close": "20.451"
        },
        {
            "time": "08.04.2021 18:09",
            "open": "20.451",
            "high": "20.451",
            "low": "20.451",
            "close": "20.449"
        },
        {
            "time": "08.04.2021 18:10",
            "open": "20.449",
            "high": "20.449",
            "low": "20.432",
            "close": "20.433"
        },
        {
            "time": "08.04.2021 18:11",
            "open": "20.433",
            "high": "20.433",
            "low": "20.433",
            "close": "20.539"
        },
        {
            "time": "08.04.2021 18:16",
            "open": "20.539",
            "high": "20.541",
            "low": "20.539",
            "close": "20.49"
        },
        {
            "time": "08.04.2021 18:17",
            "open": "20.49",
            "high": "20.49",
            "low": "20.49",
            "close": "20.553"
        },
        {
            "time": "08.04.2021 18:22",
            "open": "20.553",
            "high": "20.553",
            "low": "20.553",
            "close": "20.516"
        },
        {
            "time": "08.04.2021 18:25",
            "open": "20.516",
            "high": "20.516",
            "low": "20.515",
            "close": "20.528"
        },
        {
            "time": "08.04.2021 18:28",
            "open": "20.528",
            "high": "20.528",
            "low": "20.528",
            "close": "20.541"
        },
        {
            "time": "08.04.2021 18:32",
            "open": "20.541",
            "high": "20.586",
            "low": "20.541",
            "close": "20.6"
        },
        {
            "time": "08.04.2021 18:34",
            "open": "20.6",
            "high": "20.605",
            "low": "20.596",
            "close": "20.638"
        },
        {
            "time": "08.04.2021 18:39",
            "open": "20.638",
            "high": "20.638",
            "low": "20.638",
            "close": "20.64"
        },
        {
            "time": "08.04.2021 18:44",
            "open": "20.64",
            "high": "20.64",
            "low": "20.64",
            "close": "20.621"
        },
        {
            "time": "08.04.2021 18:46",
            "open": "20.621",
            "high": "20.621",
            "low": "20.619",
            "close": "20.575"
        },
        {
            "time": "08.04.2021 18:48",
            "open": "20.575",
            "high": "20.575",
            "low": "20.575",
            "close": "20.575"
        },
        {
            "time": "08.04.2021 18:49",
            "open": "20.575",
            "high": "20.575",
            "low": "20.489",
            "close": "20.585"
        },
        {
            "time": "08.04.2021 18:57",
            "open": "20.585",
            "high": "20.585",
            "low": "20.584",
            "close": "20.518"
        },
        {
            "time": "08.04.2021 18:58",
            "open": "20.518",
            "high": "20.518",
            "low": "20.516",
            "close": "20.55"
        },
        {
            "time": "08.04.2021 19:02",
            "open": "20.55",
            "high": "20.55",
            "low": "20.55",
            "close": "20.581"
        },
        {
            "time": "08.04.2021 19:07",
            "open": "20.581",
            "high": "20.581",
            "low": "20.581",
            "close": "20.577"
        },
        {
            "time": "08.04.2021 19:09",
            "open": "20.577",
            "high": "20.604",
            "low": "20.577",
            "close": "20.609"
        },
        {
            "time": "08.04.2021 19:10",
            "open": "20.609",
            "high": "20.609",
            "low": "20.579",
            "close": "20.61"
        },
        {
            "time": "08.04.2021 19:11",
            "open": "20.61",
            "high": "20.61",
            "low": "20.61",
            "close": "20.616"
        },
        {
            "time": "08.04.2021 19:12",
            "open": "20.616",
            "high": "20.616",
            "low": "20.616",
            "close": "20.624"
        },
        {
            "time": "08.04.2021 19:13",
            "open": "20.624",
            "high": "20.63",
            "low": "20.624",
            "close": "20.627"
        },
        {
            "time": "08.04.2021 19:15",
            "open": "20.627",
            "high": "20.627",
            "low": "20.594",
            "close": "20.619"
        },
        {
            "time": "08.04.2021 19:16",
            "open": "20.619",
            "high": "20.619",
            "low": "20.619",
            "close": "20.633"
        },
        {
            "time": "08.04.2021 19:17",
            "open": "20.633",
            "high": "20.655",
            "low": "20.633",
            "close": "20.659"
        },
        {
            "time": "08.04.2021 19:18",
            "open": "20.659",
            "high": "20.7",
            "low": "20.655",
            "close": "20.711"
        },
        {
            "time": "08.04.2021 19:24",
            "open": "20.711",
            "high": "20.711",
            "low": "20.711",
            "close": "20.711"
        },
        {
            "time": "08.04.2021 19:25",
            "open": "20.711",
            "high": "20.711",
            "low": "20.711",
            "close": "20.677"
        },
        {
            "time": "08.04.2021 19:27",
            "open": "20.677",
            "high": "20.677",
            "low": "20.641",
            "close": "20.645"
        },
        {
            "time": "08.04.2021 19:30",
            "open": "20.645",
            "high": "20.645",
            "low": "20.645",
            "close": "20.703"
        },
        {
            "time": "08.04.2021 19:32",
            "open": "20.703",
            "high": "20.703",
            "low": "20.703",
            "close": "20.68"
        },
        {
            "time": "08.04.2021 19:33",
            "open": "20.68",
            "high": "20.68",
            "low": "20.68",
            "close": "20.65"
        },
        {
            "time": "08.04.2021 19:35",
            "open": "20.65",
            "high": "20.66",
            "low": "20.641",
            "close": "20.647"
        },
        {
            "time": "08.04.2021 19:38",
            "open": "20.647",
            "high": "20.647",
            "low": "20.647",
            "close": "20.641"
        },
        {
            "time": "08.04.2021 19:42",
            "open": "20.641",
            "high": "20.641",
            "low": "20.641",
            "close": "20.64"
        },
        {
            "time": "08.04.2021 19:44",
            "open": "20.64",
            "high": "20.64",
            "low": "20.633",
            "close": "20.626"
        },
        {
            "time": "08.04.2021 19:46",
            "open": "20.626",
            "high": "20.626",
            "low": "20.621",
            "close": "20.66"
        },
        {
            "time": "08.04.2021 19:48",
            "open": "20.66",
            "high": "20.66",
            "low": "20.631",
            "close": "20.665"
        },
        {
            "time": "08.04.2021 19:51",
            "open": "20.665",
            "high": "20.665",
            "low": "20.665",
            "close": "20.667"
        },
        {
            "time": "08.04.2021 19:55",
            "open": "20.667",
            "high": "20.667",
            "low": "20.634",
            "close": "20.635"
        },
        {
            "time": "08.04.2021 19:58",
            "open": "20.635",
            "high": "20.635",
            "low": "20.635",
            "close": "20.64"
        },
        {
            "time": "08.04.2021 20:02",
            "open": "20.64",
            "high": "20.64",
            "low": "20.631",
            "close": "20.63"
        },
        {
            "time": "08.04.2021 20:07",
            "open": "20.63",
            "high": "20.63",
            "low": "20.63",
            "close": "20.637"
        },
        {
            "time": "08.04.2021 20:09",
            "open": "20.637",
            "high": "20.637",
            "low": "20.612",
            "close": "20.649"
        },
        {
            "time": "08.04.2021 20:13",
            "open": "20.649",
            "high": "20.65",
            "low": "20.649",
            "close": "20.625"
        },
        {
            "time": "08.04.2021 20:15",
            "open": "20.625",
            "high": "20.625",
            "low": "20.625",
            "close": "20.609"
        },
        {
            "time": "08.04.2021 20:16",
            "open": "20.609",
            "high": "20.609",
            "low": "20.609",
            "close": "20.605"
        },
        {
            "time": "08.04.2021 20:17",
            "open": "20.605",
            "high": "20.605",
            "low": "20.605",
            "close": "20.646"
        },
        {
            "time": "08.04.2021 20:18",
            "open": "20.646",
            "high": "20.646",
            "low": "20.646",
            "close": "20.612"
        },
        {
            "time": "08.04.2021 20:22",
            "open": "20.612",
            "high": "20.612",
            "low": "20.612",
            "close": "20.631"
        },
        {
            "time": "08.04.2021 20:24",
            "open": "20.631",
            "high": "20.631",
            "low": "20.631",
            "close": "20.637"
        },
        {
            "time": "08.04.2021 20:25",
            "open": "20.637",
            "high": "20.637",
            "low": "20.637",
            "close": "20.627"
        },
        {
            "time": "08.04.2021 20:29",
            "open": "20.627",
            "high": "20.627",
            "low": "20.627",
            "close": "20.649"
        },
        {
            "time": "08.04.2021 20:33",
            "open": "20.649",
            "high": "20.649",
            "low": "20.649",
            "close": "20.644"
        },
        {
            "time": "08.04.2021 20:37",
            "open": "20.644",
            "high": "20.644",
            "low": "20.644",
            "close": "20.611"
        },
        {
            "time": "08.04.2021 20:40",
            "open": "20.611",
            "high": "20.638",
            "low": "20.611",
            "close": "20.596"
        },
        {
            "time": "08.04.2021 20:46",
            "open": "20.596",
            "high": "20.596",
            "low": "20.593",
            "close": "20.572"
        },
        {
            "time": "08.04.2021 20:51",
            "open": "20.572",
            "high": "20.572",
            "low": "20.562",
            "close": "20.571"
        },
        {
            "time": "08.04.2021 21:02",
            "open": "20.571",
            "high": "20.577",
            "low": "20.554",
            "close": "20.539"
        },
        {
            "time": "08.04.2021 21:03",
            "open": "20.539",
            "high": "20.539",
            "low": "20.539",
            "close": "20.566"
        },
        {
            "time": "08.04.2021 21:04",
            "open": "20.566",
            "high": "20.566",
            "low": "20.566",
            "close": "20.527"
        },
        {
            "time": "08.04.2021 21:07",
            "open": "20.527",
            "high": "20.527",
            "low": "20.527",
            "close": "20.515"
        },
        {
            "time": "08.04.2021 21:10",
            "open": "20.515",
            "high": "20.515",
            "low": "20.504",
            "close": "20.492"
        },
        {
            "time": "08.04.2021 21:11",
            "open": "20.492",
            "high": "20.492",
            "low": "20.492",
            "close": "20.496"
        },
        {
            "time": "08.04.2021 21:12",
            "open": "20.496",
            "high": "20.496",
            "low": "20.496",
            "close": "20.438"
        },
        {
            "time": "08.04.2021 21:14",
            "open": "20.438",
            "high": "20.438",
            "low": "20.425",
            "close": "20.426"
        },
        {
            "time": "08.04.2021 21:16",
            "open": "20.426",
            "high": "20.426",
            "low": "20.426",
            "close": "20.383"
        },
        {
            "time": "08.04.2021 21:21",
            "open": "20.383",
            "high": "20.383",
            "low": "20.361",
            "close": "20.377"
        },
        {
            "time": "08.04.2021 21:22",
            "open": "20.377",
            "high": "20.379",
            "low": "20.377",
            "close": "20.417"
        },
        {
            "time": "08.04.2021 21:26",
            "open": "20.417",
            "high": "20.5",
            "low": "20.417",
            "close": "20.533"
        },
        {
            "time": "08.04.2021 21:31",
            "open": "20.533",
            "high": "20.533",
            "low": "20.533",
            "close": "20.562"
        },
        {
            "time": "08.04.2021 21:32",
            "open": "20.562",
            "high": "20.575",
            "low": "20.562",
            "close": "20.503"
        },
        {
            "time": "08.04.2021 21:35",
            "open": "20.503",
            "high": "20.503",
            "low": "20.503",
            "close": "20.512"
        },
        {
            "time": "08.04.2021 21:36",
            "open": "20.512",
            "high": "20.512",
            "low": "20.512",
            "close": "20.467"
        },
        {
            "time": "08.04.2021 21:41",
            "open": "20.467",
            "high": "20.467",
            "low": "20.467",
            "close": "20.43"
        },
        {
            "time": "08.04.2021 21:46",
            "open": "20.43",
            "high": "20.43",
            "low": "20.43",
            "close": "20.449"
        },
        {
            "time": "08.04.2021 21:48",
            "open": "20.449",
            "high": "20.449",
            "low": "20.449",
            "close": "20.425"
        },
        {
            "time": "08.04.2021 21:52",
            "open": "20.425",
            "high": "20.425",
            "low": "20.425",
            "close": "20.412"
        },
        {
            "time": "08.04.2021 21:56",
            "open": "20.412",
            "high": "20.412",
            "low": "20.412",
            "close": "20.411"
        },
        {
            "time": "08.04.2021 21:58",
            "open": "20.411",
            "high": "20.411",
            "low": "20.367",
            "close": "20.399"
        },
        {
            "time": "08.04.2021 22:02",
            "open": "20.399",
            "high": "20.412",
            "low": "20.399",
            "close": "20.428"
        },
        {
            "time": "08.04.2021 22:03",
            "open": "20.428",
            "high": "20.428",
            "low": "20.428",
            "close": "20.391"
        },
        {
            "time": "08.04.2021 22:05",
            "open": "20.391",
            "high": "20.391",
            "low": "20.391",
            "close": "20.39"
        },
        {
            "time": "08.04.2021 22:09",
            "open": "20.39",
            "high": "20.39",
            "low": "20.358",
            "close": "20.371"
        },
        {
            "time": "08.04.2021 22:10",
            "open": "20.371",
            "high": "20.371",
            "low": "20.371",
            "close": "20.379"
        },
        {
            "time": "08.04.2021 22:11",
            "open": "20.379",
            "high": "20.379",
            "low": "20.379",
            "close": "20.357"
        },
        {
            "time": "08.04.2021 22:20",
            "open": "20.357",
            "high": "20.357",
            "low": "20.339",
            "close": "20.322"
        },
        {
            "time": "08.04.2021 22:22",
            "open": "20.322",
            "high": "20.323",
            "low": "20.322",
            "close": "20.431"
        },
        {
            "time": "08.04.2021 22:27",
            "open": "20.431",
            "high": "20.439",
            "low": "20.431",
            "close": "20.44"
        },
        {
            "time": "08.04.2021 22:31",
            "open": "20.44",
            "high": "20.44",
            "low": "20.418",
            "close": "20.442"
        },
        {
            "time": "08.04.2021 22:33",
            "open": "20.442",
            "high": "20.442",
            "low": "20.442",
            "close": "20.419"
        },
        {
            "time": "08.04.2021 22:38",
            "open": "20.419",
            "high": "20.419",
            "low": "20.419",
            "close": "20.414"
        },
        {
            "time": "08.04.2021 22:41",
            "open": "20.414",
            "high": "20.414",
            "low": "20.414",
            "close": "20.422"
        },
        {
            "time": "08.04.2021 22:43",
            "open": "20.422",
            "high": "20.422",
            "low": "20.422",
            "close": "20.434"
        },
        {
            "time": "08.04.2021 22:47",
            "open": "20.434",
            "high": "20.434",
            "low": "20.434",
            "close": "20.426"
        },
        {
            "time": "08.04.2021 22:49",
            "open": "20.426",
            "high": "20.426",
            "low": "20.426",
            "close": "20.366"
        },
        {
            "time": "08.04.2021 22:57",
            "open": "20.366",
            "high": "20.366",
            "low": "20.366",
            "close": "20.388"
        },
        {
            "time": "08.04.2021 23:06",
            "open": "20.388",
            "high": "20.388",
            "low": "20.388",
            "close": "20.387"
        },
        {
            "time": "08.04.2021 23:07",
            "open": "20.387",
            "high": "20.389",
            "low": "20.387",
            "close": "20.37"
        },
        {
            "time": "08.04.2021 23:08",
            "open": "20.37",
            "high": "20.387",
            "low": "20.357",
            "close": "20.35"
        },
        {
            "time": "08.04.2021 23:11",
            "open": "20.35",
            "high": "20.35",
            "low": "20.31",
            "close": "20.307"
        },
        {
            "time": "08.04.2021 23:12",
            "open": "20.307",
            "high": "20.307",
            "low": "20.307",
            "close": "20.305"
        },
        {
            "time": "08.04.2021 23:13",
            "open": "20.305",
            "high": "20.311",
            "low": "20.302",
            "close": "20.336"
        },
        {
            "time": "08.04.2021 23:14",
            "open": "20.336",
            "high": "20.336",
            "low": "20.336",
            "close": "20.331"
        },
        {
            "time": "08.04.2021 23:16",
            "open": "20.331",
            "high": "20.331",
            "low": "20.331",
            "close": "20.307"
        },
        {
            "time": "08.04.2021 23:18",
            "open": "20.307",
            "high": "20.307",
            "low": "20.307",
            "close": "20.312"
        },
        {
            "time": "08.04.2021 23:25",
            "open": "20.312",
            "high": "20.348",
            "low": "20.312",
            "close": "20.313"
        },
        {
            "time": "08.04.2021 23:26",
            "open": "20.313",
            "high": "20.313",
            "low": "20.313",
            "close": "20.313"
        },
        {
            "time": "08.04.2021 23:28",
            "open": "20.313",
            "high": "20.313",
            "low": "20.313",
            "close": "20.356"
        },
        {
            "time": "08.04.2021 23:32",
            "open": "20.356",
            "high": "20.359",
            "low": "20.356",
            "close": "20.349"
        },
        {
            "time": "08.04.2021 23:35",
            "open": "20.349",
            "high": "20.349",
            "low": "20.348",
            "close": "20.377"
        },
        {
            "time": "08.04.2021 23:36",
            "open": "20.377",
            "high": "20.377",
            "low": "20.232",
            "close": "20.266"
        },
        {
            "time": "08.04.2021 23:37",
            "open": "20.266",
            "high": "20.266",
            "low": "20.266",
            "close": "20.202"
        },
        {
            "time": "08.04.2021 23:38",
            "open": "20.202",
            "high": "20.229",
            "low": "20.195",
            "close": "20.224"
        },
        {
            "time": "08.04.2021 23:39",
            "open": "20.224",
            "high": "20.224",
            "low": "20.224",
            "close": "20.19"
        },
        {
            "time": "08.04.2021 23:40",
            "open": "20.19",
            "high": "20.19",
            "low": "20.19",
            "close": "20.226"
        },
        {
            "time": "08.04.2021 23:44",
            "open": "20.226",
            "high": "20.229",
            "low": "20.226",
            "close": "20.21"
        },
        {
            "time": "08.04.2021 23:45",
            "open": "20.21",
            "high": "20.21",
            "low": "20.21",
            "close": "20.225"
        },
        {
            "time": "08.04.2021 23:49",
            "open": "20.225",
            "high": "20.225",
            "low": "20.225",
            "close": "20.313"
        },
        {
            "time": "08.04.2021 23:54",
            "open": "20.313",
            "high": "20.313",
            "low": "20.313",
            "close": "20.276"
        },
        {
            "time": "08.04.2021 23:56",
            "open": "20.276",
            "high": "20.276",
            "low": "20.276",
            "close": "20.323"
        }
    ]
}