{
    "UMA-EUR": [
        {
            "time": "18.12.2020 23:43",
            "open": "6.872",
            "high": "6.922",
            "low": "6.872",
            "close": "6.854"
        },
        {
            "time": "19.12.2020 00:14",
            "open": "6.854",
            "high": "6.854",
            "low": "6.839",
            "close": "6.87"
        },
        {
            "time": "19.12.2020 00:15",
            "open": "6.87",
            "high": "6.887",
            "low": "6.87",
            "close": "6.878"
        },
        {
            "time": "19.12.2020 00:21",
            "open": "6.878",
            "high": "6.878",
            "low": "6.878",
            "close": "6.875"
        },
        {
            "time": "19.12.2020 00:23",
            "open": "6.875",
            "high": "6.875",
            "low": "6.875",
            "close": "6.878"
        },
        {
            "time": "19.12.2020 00:28",
            "open": "6.878",
            "high": "6.878",
            "low": "6.878",
            "close": "6.891"
        },
        {
            "time": "19.12.2020 00:47",
            "open": "6.891",
            "high": "6.891",
            "low": "6.891",
            "close": "6.883"
        },
        {
            "time": "19.12.2020 00:52",
            "open": "6.883",
            "high": "6.908",
            "low": "6.883",
            "close": "6.892"
        },
        {
            "time": "19.12.2020 00:54",
            "open": "6.892",
            "high": "6.892",
            "low": "6.892",
            "close": "6.905"
        },
        {
            "time": "19.12.2020 00:56",
            "open": "6.905",
            "high": "6.905",
            "low": "6.905",
            "close": "6.91"
        },
        {
            "time": "19.12.2020 00:58",
            "open": "6.91",
            "high": "6.91",
            "low": "6.91",
            "close": "6.893"
        },
        {
            "time": "19.12.2020 01:01",
            "open": "6.893",
            "high": "6.898",
            "low": "6.893",
            "close": "6.878"
        },
        {
            "time": "19.12.2020 01:07",
            "open": "6.878",
            "high": "6.878",
            "low": "6.878",
            "close": "6.882"
        },
        {
            "time": "19.12.2020 01:23",
            "open": "6.882",
            "high": "6.882",
            "low": "6.882",
            "close": "6.883"
        },
        {
            "time": "19.12.2020 01:25",
            "open": "6.883",
            "high": "6.883",
            "low": "6.883",
            "close": "6.91"
        },
        {
            "time": "19.12.2020 01:30",
            "open": "6.91",
            "high": "6.91",
            "low": "6.91",
            "close": "6.885"
        },
        {
            "time": "19.12.2020 01:33",
            "open": "6.885",
            "high": "6.93",
            "low": "6.885",
            "close": "6.905"
        },
        {
            "time": "19.12.2020 01:47",
            "open": "6.905",
            "high": "6.905",
            "low": "6.905",
            "close": "6.872"
        },
        {
            "time": "19.12.2020 01:49",
            "open": "6.872",
            "high": "6.872",
            "low": "6.872",
            "close": "6.905"
        },
        {
            "time": "19.12.2020 01:52",
            "open": "6.905",
            "high": "6.949",
            "low": "6.905",
            "close": "6.928"
        },
        {
            "time": "19.12.2020 01:53",
            "open": "6.928",
            "high": "6.928",
            "low": "6.928",
            "close": "6.928"
        },
        {
            "time": "19.12.2020 02:05",
            "open": "6.928",
            "high": "6.989",
            "low": "6.928",
            "close": "6.988"
        },
        {
            "time": "19.12.2020 02:07",
            "open": "6.988",
            "high": "6.998",
            "low": "6.988",
            "close": "6.998"
        },
        {
            "time": "19.12.2020 02:09",
            "open": "6.998",
            "high": "7.01",
            "low": "6.998",
            "close": "7.014"
        },
        {
            "time": "19.12.2020 02:10",
            "open": "7.014",
            "high": "7.014",
            "low": "7.014",
            "close": "6.977"
        },
        {
            "time": "19.12.2020 02:17",
            "open": "6.977",
            "high": "6.981",
            "low": "6.977",
            "close": "7.023"
        },
        {
            "time": "19.12.2020 02:47",
            "open": "7.023",
            "high": "7.023",
            "low": "7.023",
            "close": "7.03"
        },
        {
            "time": "19.12.2020 02:49",
            "open": "7.03",
            "high": "7.044",
            "low": "7.03",
            "close": "7.035"
        },
        {
            "time": "19.12.2020 02:50",
            "open": "7.035",
            "high": "7.045",
            "low": "7.035",
            "close": "7.025"
        },
        {
            "time": "19.12.2020 02:55",
            "open": "7.025",
            "high": "7.025",
            "low": "7.022",
            "close": "7.048"
        },
        {
            "time": "19.12.2020 03:00",
            "open": "7.048",
            "high": "7.049",
            "low": "7.048",
            "close": "7.024"
        },
        {
            "time": "19.12.2020 03:01",
            "open": "7.024",
            "high": "7.024",
            "low": "7.024",
            "close": "7.012"
        },
        {
            "time": "19.12.2020 03:05",
            "open": "7.012",
            "high": "7.012",
            "low": "7.012",
            "close": "7.029"
        },
        {
            "time": "19.12.2020 03:08",
            "open": "7.029",
            "high": "7.029",
            "low": "7.029",
            "close": "7.004"
        },
        {
            "time": "19.12.2020 03:19",
            "open": "7.004",
            "high": "7.004",
            "low": "7.004",
            "close": "6.985"
        },
        {
            "time": "19.12.2020 03:22",
            "open": "6.985",
            "high": "6.985",
            "low": "6.984",
            "close": "6.981"
        },
        {
            "time": "19.12.2020 03:40",
            "open": "6.981",
            "high": "6.981",
            "low": "6.981",
            "close": "6.915"
        },
        {
            "time": "19.12.2020 03:41",
            "open": "6.915",
            "high": "6.915",
            "low": "6.914",
            "close": "6.995"
        },
        {
            "time": "19.12.2020 03:53",
            "open": "6.995",
            "high": "6.995",
            "low": "6.982",
            "close": "6.982"
        },
        {
            "time": "19.12.2020 03:54",
            "open": "6.982",
            "high": "6.982",
            "low": "6.982",
            "close": "6.981"
        },
        {
            "time": "19.12.2020 04:07",
            "open": "6.981",
            "high": "6.988",
            "low": "6.981",
            "close": "6.959"
        },
        {
            "time": "19.12.2020 04:11",
            "open": "6.959",
            "high": "6.959",
            "low": "6.959",
            "close": "6.985"
        },
        {
            "time": "19.12.2020 04:23",
            "open": "6.985",
            "high": "6.985",
            "low": "6.985",
            "close": "6.953"
        },
        {
            "time": "19.12.2020 05:37",
            "open": "6.953",
            "high": "6.953",
            "low": "6.952",
            "close": "6.957"
        },
        {
            "time": "19.12.2020 05:54",
            "open": "6.957",
            "high": "6.957",
            "low": "6.957",
            "close": "6.947"
        },
        {
            "time": "19.12.2020 06:18",
            "open": "6.947",
            "high": "6.947",
            "low": "6.947",
            "close": "6.951"
        },
        {
            "time": "19.12.2020 06:28",
            "open": "6.951",
            "high": "6.951",
            "low": "6.951",
            "close": "6.923"
        },
        {
            "time": "19.12.2020 06:43",
            "open": "6.923",
            "high": "6.923",
            "low": "6.923",
            "close": "6.914"
        },
        {
            "time": "19.12.2020 07:23",
            "open": "6.914",
            "high": "6.914",
            "low": "6.914",
            "close": "6.896"
        },
        {
            "time": "19.12.2020 07:44",
            "open": "6.896",
            "high": "6.896",
            "low": "6.896",
            "close": "6.896"
        },
        {
            "time": "19.12.2020 07:48",
            "open": "6.896",
            "high": "6.896",
            "low": "6.896",
            "close": "6.897"
        },
        {
            "time": "19.12.2020 07:50",
            "open": "6.897",
            "high": "6.897",
            "low": "6.897",
            "close": "6.944"
        },
        {
            "time": "19.12.2020 08:18",
            "open": "6.944",
            "high": "6.944",
            "low": "6.944",
            "close": "6.902"
        },
        {
            "time": "19.12.2020 08:32",
            "open": "6.902",
            "high": "6.902",
            "low": "6.902",
            "close": "6.944"
        },
        {
            "time": "19.12.2020 08:44",
            "open": "6.944",
            "high": "6.944",
            "low": "6.944",
            "close": "6.944"
        },
        {
            "time": "19.12.2020 08:46",
            "open": "6.944",
            "high": "6.945",
            "low": "6.944",
            "close": "6.878"
        },
        {
            "time": "19.12.2020 09:17",
            "open": "6.878",
            "high": "6.878",
            "low": "6.878",
            "close": "6.923"
        },
        {
            "time": "19.12.2020 09:27",
            "open": "6.923",
            "high": "6.923",
            "low": "6.923",
            "close": "6.907"
        },
        {
            "time": "19.12.2020 09:37",
            "open": "6.907",
            "high": "6.907",
            "low": "6.907",
            "close": "6.913"
        },
        {
            "time": "19.12.2020 09:38",
            "open": "6.913",
            "high": "6.913",
            "low": "6.913",
            "close": "6.873"
        },
        {
            "time": "19.12.2020 09:51",
            "open": "6.873",
            "high": "6.873",
            "low": "6.856",
            "close": "6.856"
        },
        {
            "time": "19.12.2020 09:55",
            "open": "6.856",
            "high": "6.886",
            "low": "6.856",
            "close": "6.855"
        },
        {
            "time": "19.12.2020 10:08",
            "open": "6.855",
            "high": "6.855",
            "low": "6.835",
            "close": "6.867"
        },
        {
            "time": "19.12.2020 10:12",
            "open": "6.867",
            "high": "6.867",
            "low": "6.867",
            "close": "6.869"
        },
        {
            "time": "19.12.2020 10:16",
            "open": "6.869",
            "high": "6.869",
            "low": "6.869",
            "close": "6.9"
        },
        {
            "time": "19.12.2020 10:18",
            "open": "6.9",
            "high": "6.9",
            "low": "6.9",
            "close": "6.913"
        },
        {
            "time": "19.12.2020 10:22",
            "open": "6.913",
            "high": "6.913",
            "low": "6.876",
            "close": "6.933"
        },
        {
            "time": "19.12.2020 10:29",
            "open": "6.933",
            "high": "6.989",
            "low": "6.933",
            "close": "6.935"
        },
        {
            "time": "19.12.2020 10:30",
            "open": "6.935",
            "high": "6.935",
            "low": "6.935",
            "close": "6.935"
        },
        {
            "time": "19.12.2020 10:32",
            "open": "6.935",
            "high": "6.967",
            "low": "6.935",
            "close": "6.935"
        },
        {
            "time": "19.12.2020 10:34",
            "open": "6.935",
            "high": "6.935",
            "low": "6.935",
            "close": "6.956"
        },
        {
            "time": "19.12.2020 11:15",
            "open": "6.956",
            "high": "6.956",
            "low": "6.956",
            "close": "6.938"
        },
        {
            "time": "19.12.2020 11:32",
            "open": "6.938",
            "high": "6.938",
            "low": "6.938",
            "close": "6.926"
        },
        {
            "time": "19.12.2020 11:38",
            "open": "6.926",
            "high": "6.926",
            "low": "6.926",
            "close": "6.887"
        },
        {
            "time": "19.12.2020 11:44",
            "open": "6.887",
            "high": "6.887",
            "low": "6.887",
            "close": "6.882"
        },
        {
            "time": "19.12.2020 11:53",
            "open": "6.882",
            "high": "6.905",
            "low": "6.882",
            "close": "6.918"
        },
        {
            "time": "19.12.2020 11:54",
            "open": "6.918",
            "high": "6.918",
            "low": "6.918",
            "close": "6.897"
        },
        {
            "time": "19.12.2020 11:57",
            "open": "6.897",
            "high": "6.897",
            "low": "6.897",
            "close": "6.868"
        },
        {
            "time": "19.12.2020 11:59",
            "open": "6.868",
            "high": "6.868",
            "low": "6.868",
            "close": "6.855"
        },
        {
            "time": "19.12.2020 12:15",
            "open": "6.855",
            "high": "6.855",
            "low": "6.855",
            "close": "6.913"
        },
        {
            "time": "19.12.2020 12:19",
            "open": "6.913",
            "high": "6.988",
            "low": "6.913",
            "close": "6.896"
        },
        {
            "time": "19.12.2020 12:20",
            "open": "6.896",
            "high": "6.896",
            "low": "6.896",
            "close": "6.949"
        },
        {
            "time": "19.12.2020 12:21",
            "open": "6.949",
            "high": "6.989",
            "low": "6.949",
            "close": "6.888"
        },
        {
            "time": "19.12.2020 12:23",
            "open": "6.888",
            "high": "6.888",
            "low": "6.888",
            "close": "6.925"
        },
        {
            "time": "19.12.2020 12:32",
            "open": "6.925",
            "high": "6.925",
            "low": "6.925",
            "close": "6.874"
        },
        {
            "time": "19.12.2020 12:46",
            "open": "6.874",
            "high": "6.874",
            "low": "6.874",
            "close": "6.84"
        },
        {
            "time": "19.12.2020 12:54",
            "open": "6.84",
            "high": "6.84",
            "low": "6.84",
            "close": "6.865"
        },
        {
            "time": "19.12.2020 12:56",
            "open": "6.865",
            "high": "6.989",
            "low": "6.865",
            "close": "6.848"
        },
        {
            "time": "19.12.2020 13:02",
            "open": "6.848",
            "high": "6.848",
            "low": "6.848",
            "close": "6.832"
        },
        {
            "time": "19.12.2020 13:09",
            "open": "6.832",
            "high": "6.85",
            "low": "6.815",
            "close": "6.85"
        },
        {
            "time": "19.12.2020 13:10",
            "open": "6.85",
            "high": "6.85",
            "low": "6.816",
            "close": "6.815"
        },
        {
            "time": "19.12.2020 13:11",
            "open": "6.815",
            "high": "6.815",
            "low": "6.815",
            "close": "6.812"
        },
        {
            "time": "19.12.2020 13:18",
            "open": "6.812",
            "high": "6.812",
            "low": "6.805",
            "close": "6.807"
        },
        {
            "time": "19.12.2020 13:19",
            "open": "6.807",
            "high": "6.858",
            "low": "6.807",
            "close": "6.798"
        },
        {
            "time": "19.12.2020 13:23",
            "open": "6.798",
            "high": "6.798",
            "low": "6.798",
            "close": "6.802"
        },
        {
            "time": "19.12.2020 13:25",
            "open": "6.802",
            "high": "6.802",
            "low": "6.802",
            "close": "6.801"
        },
        {
            "time": "19.12.2020 13:26",
            "open": "6.801",
            "high": "6.801",
            "low": "6.801",
            "close": "6.791"
        },
        {
            "time": "19.12.2020 13:27",
            "open": "6.791",
            "high": "6.791",
            "low": "6.777",
            "close": "6.782"
        },
        {
            "time": "19.12.2020 13:29",
            "open": "6.782",
            "high": "6.782",
            "low": "6.782",
            "close": "6.811"
        },
        {
            "time": "19.12.2020 13:30",
            "open": "6.811",
            "high": "6.812",
            "low": "6.811",
            "close": "6.813"
        },
        {
            "time": "19.12.2020 13:31",
            "open": "6.813",
            "high": "6.815",
            "low": "6.813",
            "close": "6.823"
        },
        {
            "time": "19.12.2020 13:32",
            "open": "6.823",
            "high": "6.823",
            "low": "6.823",
            "close": "6.813"
        },
        {
            "time": "19.12.2020 13:33",
            "open": "6.813",
            "high": "6.822",
            "low": "6.813",
            "close": "6.813"
        },
        {
            "time": "19.12.2020 13:37",
            "open": "6.813",
            "high": "6.837",
            "low": "6.785",
            "close": "6.782"
        },
        {
            "time": "19.12.2020 13:38",
            "open": "6.782",
            "high": "6.846",
            "low": "6.78",
            "close": "6.826"
        },
        {
            "time": "19.12.2020 13:45",
            "open": "6.826",
            "high": "6.826",
            "low": "6.826",
            "close": "6.771"
        },
        {
            "time": "19.12.2020 13:50",
            "open": "6.771",
            "high": "6.771",
            "low": "6.76",
            "close": "6.76"
        },
        {
            "time": "19.12.2020 13:51",
            "open": "6.76",
            "high": "6.76",
            "low": "6.737",
            "close": "6.754"
        },
        {
            "time": "19.12.2020 13:52",
            "open": "6.754",
            "high": "6.754",
            "low": "6.753",
            "close": "6.751"
        },
        {
            "time": "19.12.2020 13:57",
            "open": "6.751",
            "high": "6.751",
            "low": "6.751",
            "close": "6.76"
        },
        {
            "time": "19.12.2020 14:06",
            "open": "6.76",
            "high": "6.761",
            "low": "6.75",
            "close": "6.73"
        },
        {
            "time": "19.12.2020 14:10",
            "open": "6.73",
            "high": "6.73",
            "low": "6.722",
            "close": "6.725"
        },
        {
            "time": "19.12.2020 14:14",
            "open": "6.725",
            "high": "6.725",
            "low": "6.725",
            "close": "6.778"
        },
        {
            "time": "19.12.2020 14:16",
            "open": "6.778",
            "high": "6.778",
            "low": "6.778",
            "close": "6.782"
        },
        {
            "time": "19.12.2020 14:17",
            "open": "6.782",
            "high": "6.782",
            "low": "6.782",
            "close": "6.739"
        },
        {
            "time": "19.12.2020 14:18",
            "open": "6.739",
            "high": "6.739",
            "low": "6.739",
            "close": "6.79"
        },
        {
            "time": "19.12.2020 14:19",
            "open": "6.79",
            "high": "6.79",
            "low": "6.79",
            "close": "6.791"
        },
        {
            "time": "19.12.2020 14:20",
            "open": "6.791",
            "high": "6.791",
            "low": "6.791",
            "close": "6.731"
        },
        {
            "time": "19.12.2020 14:21",
            "open": "6.731",
            "high": "6.731",
            "low": "6.731",
            "close": "6.792"
        },
        {
            "time": "19.12.2020 14:22",
            "open": "6.792",
            "high": "6.792",
            "low": "6.792",
            "close": "6.811"
        },
        {
            "time": "19.12.2020 14:36",
            "open": "6.811",
            "high": "6.811",
            "low": "6.811",
            "close": "6.786"
        },
        {
            "time": "19.12.2020 14:37",
            "open": "6.786",
            "high": "6.786",
            "low": "6.786",
            "close": "6.793"
        },
        {
            "time": "19.12.2020 14:38",
            "open": "6.793",
            "high": "6.793",
            "low": "6.793",
            "close": "6.833"
        },
        {
            "time": "19.12.2020 14:39",
            "open": "6.833",
            "high": "6.833",
            "low": "6.833",
            "close": "6.832"
        },
        {
            "time": "19.12.2020 14:42",
            "open": "6.832",
            "high": "6.833",
            "low": "6.832",
            "close": "6.78"
        },
        {
            "time": "19.12.2020 14:43",
            "open": "6.78",
            "high": "6.78",
            "low": "6.779",
            "close": "6.788"
        },
        {
            "time": "19.12.2020 14:47",
            "open": "6.788",
            "high": "6.788",
            "low": "6.788",
            "close": "6.831"
        },
        {
            "time": "19.12.2020 14:49",
            "open": "6.831",
            "high": "6.831",
            "low": "6.831",
            "close": "6.83"
        },
        {
            "time": "19.12.2020 14:53",
            "open": "6.83",
            "high": "6.838",
            "low": "6.83",
            "close": "6.805"
        },
        {
            "time": "19.12.2020 14:56",
            "open": "6.805",
            "high": "6.836",
            "low": "6.805",
            "close": "6.799"
        },
        {
            "time": "19.12.2020 15:02",
            "open": "6.799",
            "high": "6.835",
            "low": "6.799",
            "close": "6.801"
        },
        {
            "time": "19.12.2020 15:03",
            "open": "6.801",
            "high": "6.835",
            "low": "6.801",
            "close": "6.797"
        },
        {
            "time": "19.12.2020 15:04",
            "open": "6.797",
            "high": "6.797",
            "low": "6.797",
            "close": "6.796"
        },
        {
            "time": "19.12.2020 15:10",
            "open": "6.796",
            "high": "6.822",
            "low": "6.796",
            "close": "6.733"
        },
        {
            "time": "19.12.2020 15:15",
            "open": "6.733",
            "high": "6.733",
            "low": "6.73",
            "close": "6.799"
        },
        {
            "time": "19.12.2020 15:16",
            "open": "6.799",
            "high": "6.812",
            "low": "6.799",
            "close": "6.812"
        },
        {
            "time": "19.12.2020 15:17",
            "open": "6.812",
            "high": "6.812",
            "low": "6.812",
            "close": "6.842"
        },
        {
            "time": "19.12.2020 15:20",
            "open": "6.842",
            "high": "6.842",
            "low": "6.842",
            "close": "6.788"
        },
        {
            "time": "19.12.2020 15:24",
            "open": "6.788",
            "high": "6.788",
            "low": "6.788",
            "close": "6.781"
        },
        {
            "time": "19.12.2020 15:27",
            "open": "6.781",
            "high": "6.781",
            "low": "6.781",
            "close": "6.778"
        },
        {
            "time": "19.12.2020 15:28",
            "open": "6.778",
            "high": "6.778",
            "low": "6.778",
            "close": "6.775"
        },
        {
            "time": "19.12.2020 15:30",
            "open": "6.775",
            "high": "6.789",
            "low": "6.775",
            "close": "6.802"
        },
        {
            "time": "19.12.2020 15:32",
            "open": "6.802",
            "high": "6.802",
            "low": "6.802",
            "close": "6.749"
        },
        {
            "time": "19.12.2020 15:33",
            "open": "6.749",
            "high": "6.791",
            "low": "6.711",
            "close": "6.778"
        },
        {
            "time": "19.12.2020 15:36",
            "open": "6.778",
            "high": "6.778",
            "low": "6.713",
            "close": "6.746"
        },
        {
            "time": "19.12.2020 15:39",
            "open": "6.746",
            "high": "6.746",
            "low": "6.746",
            "close": "6.732"
        },
        {
            "time": "19.12.2020 15:54",
            "open": "6.732",
            "high": "6.732",
            "low": "6.732",
            "close": "6.714"
        },
        {
            "time": "19.12.2020 15:55",
            "open": "6.714",
            "high": "6.714",
            "low": "6.71",
            "close": "6.723"
        },
        {
            "time": "19.12.2020 15:56",
            "open": "6.723",
            "high": "6.723",
            "low": "6.7",
            "close": "6.701"
        },
        {
            "time": "19.12.2020 15:57",
            "open": "6.701",
            "high": "6.701",
            "low": "6.686",
            "close": "6.696"
        },
        {
            "time": "19.12.2020 15:58",
            "open": "6.696",
            "high": "6.696",
            "low": "6.687",
            "close": "6.69"
        },
        {
            "time": "19.12.2020 15:59",
            "open": "6.69",
            "high": "6.69",
            "low": "6.69",
            "close": "6.689"
        },
        {
            "time": "19.12.2020 16:00",
            "open": "6.689",
            "high": "6.689",
            "low": "6.688",
            "close": "6.754"
        },
        {
            "time": "19.12.2020 16:02",
            "open": "6.754",
            "high": "6.754",
            "low": "6.754",
            "close": "6.746"
        },
        {
            "time": "19.12.2020 16:05",
            "open": "6.746",
            "high": "6.746",
            "low": "6.73",
            "close": "6.733"
        },
        {
            "time": "19.12.2020 16:16",
            "open": "6.733",
            "high": "6.733",
            "low": "6.733",
            "close": "6.791"
        },
        {
            "time": "19.12.2020 16:18",
            "open": "6.791",
            "high": "6.791",
            "low": "6.791",
            "close": "6.733"
        },
        {
            "time": "19.12.2020 16:23",
            "open": "6.733",
            "high": "6.733",
            "low": "6.733",
            "close": "6.735"
        },
        {
            "time": "19.12.2020 16:24",
            "open": "6.735",
            "high": "6.736",
            "low": "6.711",
            "close": "6.721"
        },
        {
            "time": "19.12.2020 16:37",
            "open": "6.721",
            "high": "6.721",
            "low": "6.72",
            "close": "6.728"
        },
        {
            "time": "19.12.2020 16:38",
            "open": "6.728",
            "high": "6.729",
            "low": "6.728",
            "close": "6.71"
        },
        {
            "time": "19.12.2020 16:41",
            "open": "6.71",
            "high": "6.71",
            "low": "6.71",
            "close": "6.71"
        },
        {
            "time": "19.12.2020 16:42",
            "open": "6.71",
            "high": "6.71",
            "low": "6.71",
            "close": "6.71"
        },
        {
            "time": "19.12.2020 16:43",
            "open": "6.71",
            "high": "6.716",
            "low": "6.71",
            "close": "6.718"
        },
        {
            "time": "19.12.2020 16:47",
            "open": "6.718",
            "high": "6.718",
            "low": "6.718",
            "close": "6.716"
        },
        {
            "time": "19.12.2020 16:48",
            "open": "6.716",
            "high": "6.716",
            "low": "6.716",
            "close": "6.716"
        },
        {
            "time": "19.12.2020 16:50",
            "open": "6.716",
            "high": "6.716",
            "low": "6.716",
            "close": "6.807"
        },
        {
            "time": "19.12.2020 16:51",
            "open": "6.807",
            "high": "6.807",
            "low": "6.807",
            "close": "6.736"
        },
        {
            "time": "19.12.2020 17:12",
            "open": "6.736",
            "high": "6.78",
            "low": "6.736",
            "close": "6.813"
        },
        {
            "time": "19.12.2020 17:13",
            "open": "6.813",
            "high": "6.813",
            "low": "6.813",
            "close": "6.78"
        },
        {
            "time": "19.12.2020 17:15",
            "open": "6.78",
            "high": "6.78",
            "low": "6.73",
            "close": "6.769"
        },
        {
            "time": "19.12.2020 17:17",
            "open": "6.769",
            "high": "6.769",
            "low": "6.769",
            "close": "6.778"
        },
        {
            "time": "19.12.2020 17:18",
            "open": "6.778",
            "high": "6.778",
            "low": "6.778",
            "close": "6.775"
        },
        {
            "time": "19.12.2020 17:21",
            "open": "6.775",
            "high": "6.797",
            "low": "6.754",
            "close": "6.756"
        },
        {
            "time": "19.12.2020 17:22",
            "open": "6.756",
            "high": "6.758",
            "low": "6.756",
            "close": "6.736"
        },
        {
            "time": "19.12.2020 17:23",
            "open": "6.736",
            "high": "6.737",
            "low": "6.731",
            "close": "6.743"
        },
        {
            "time": "19.12.2020 17:24",
            "open": "6.743",
            "high": "6.744",
            "low": "6.743",
            "close": "6.731"
        },
        {
            "time": "19.12.2020 17:25",
            "open": "6.731",
            "high": "6.731",
            "low": "6.701",
            "close": "6.721"
        },
        {
            "time": "19.12.2020 17:32",
            "open": "6.721",
            "high": "6.721",
            "low": "6.721",
            "close": "6.711"
        },
        {
            "time": "19.12.2020 17:33",
            "open": "6.711",
            "high": "6.711",
            "low": "6.711",
            "close": "6.734"
        },
        {
            "time": "19.12.2020 17:37",
            "open": "6.734",
            "high": "6.737",
            "low": "6.734",
            "close": "6.765"
        },
        {
            "time": "19.12.2020 17:41",
            "open": "6.765",
            "high": "6.765",
            "low": "6.765",
            "close": "6.774"
        },
        {
            "time": "19.12.2020 17:47",
            "open": "6.774",
            "high": "6.774",
            "low": "6.774",
            "close": "6.78"
        },
        {
            "time": "19.12.2020 17:49",
            "open": "6.78",
            "high": "6.78",
            "low": "6.78",
            "close": "6.76"
        },
        {
            "time": "19.12.2020 17:55",
            "open": "6.76",
            "high": "6.76",
            "low": "6.76",
            "close": "6.781"
        },
        {
            "time": "19.12.2020 18:06",
            "open": "6.781",
            "high": "6.781",
            "low": "6.781",
            "close": "6.79"
        },
        {
            "time": "19.12.2020 18:10",
            "open": "6.79",
            "high": "6.856",
            "low": "6.79",
            "close": "6.847"
        },
        {
            "time": "19.12.2020 18:11",
            "open": "6.847",
            "high": "6.847",
            "low": "6.847",
            "close": "6.847"
        },
        {
            "time": "19.12.2020 18:13",
            "open": "6.847",
            "high": "6.847",
            "low": "6.847",
            "close": "6.816"
        },
        {
            "time": "19.12.2020 18:15",
            "open": "6.816",
            "high": "6.816",
            "low": "6.816",
            "close": "6.818"
        },
        {
            "time": "19.12.2020 18:16",
            "open": "6.818",
            "high": "6.818",
            "low": "6.809",
            "close": "6.811"
        },
        {
            "time": "19.12.2020 18:17",
            "open": "6.811",
            "high": "6.811",
            "low": "6.807",
            "close": "6.807"
        },
        {
            "time": "19.12.2020 18:20",
            "open": "6.807",
            "high": "6.807",
            "low": "6.807",
            "close": "6.807"
        },
        {
            "time": "19.12.2020 18:21",
            "open": "6.807",
            "high": "6.807",
            "low": "6.807",
            "close": "6.805"
        },
        {
            "time": "19.12.2020 18:22",
            "open": "6.805",
            "high": "6.805",
            "low": "6.805",
            "close": "6.782"
        },
        {
            "time": "19.12.2020 18:23",
            "open": "6.782",
            "high": "6.782",
            "low": "6.782",
            "close": "6.814"
        },
        {
            "time": "19.12.2020 18:24",
            "open": "6.814",
            "high": "6.814",
            "low": "6.814",
            "close": "6.767"
        },
        {
            "time": "19.12.2020 18:30",
            "open": "6.767",
            "high": "6.767",
            "low": "6.767",
            "close": "6.824"
        },
        {
            "time": "19.12.2020 18:31",
            "open": "6.824",
            "high": "6.834",
            "low": "6.824",
            "close": "6.808"
        },
        {
            "time": "19.12.2020 18:32",
            "open": "6.808",
            "high": "6.808",
            "low": "6.808",
            "close": "6.797"
        },
        {
            "time": "19.12.2020 18:33",
            "open": "6.797",
            "high": "6.819",
            "low": "6.797",
            "close": "6.795"
        },
        {
            "time": "19.12.2020 18:37",
            "open": "6.795",
            "high": "6.797",
            "low": "6.795",
            "close": "6.82"
        },
        {
            "time": "19.12.2020 18:38",
            "open": "6.82",
            "high": "6.82",
            "low": "6.82",
            "close": "6.794"
        },
        {
            "time": "19.12.2020 18:44",
            "open": "6.794",
            "high": "6.837",
            "low": "6.794",
            "close": "6.82"
        },
        {
            "time": "19.12.2020 18:45",
            "open": "6.82",
            "high": "6.82",
            "low": "6.82",
            "close": "6.844"
        },
        {
            "time": "19.12.2020 18:53",
            "open": "6.844",
            "high": "6.844",
            "low": "6.844",
            "close": "6.851"
        },
        {
            "time": "19.12.2020 18:57",
            "open": "6.851",
            "high": "6.851",
            "low": "6.851",
            "close": "6.843"
        },
        {
            "time": "19.12.2020 19:04",
            "open": "6.843",
            "high": "6.843",
            "low": "6.843",
            "close": "6.823"
        },
        {
            "time": "19.12.2020 19:05",
            "open": "6.823",
            "high": "6.823",
            "low": "6.823",
            "close": "6.824"
        },
        {
            "time": "19.12.2020 19:10",
            "open": "6.824",
            "high": "6.824",
            "low": "6.823",
            "close": "6.816"
        },
        {
            "time": "19.12.2020 19:12",
            "open": "6.816",
            "high": "6.816",
            "low": "6.816",
            "close": "6.76"
        },
        {
            "time": "19.12.2020 19:15",
            "open": "6.76",
            "high": "6.76",
            "low": "6.76",
            "close": "6.76"
        },
        {
            "time": "19.12.2020 19:16",
            "open": "6.76",
            "high": "6.76",
            "low": "6.76",
            "close": "6.739"
        },
        {
            "time": "19.12.2020 19:17",
            "open": "6.739",
            "high": "6.739",
            "low": "6.739",
            "close": "6.724"
        },
        {
            "time": "19.12.2020 19:18",
            "open": "6.724",
            "high": "6.754",
            "low": "6.724",
            "close": "6.727"
        },
        {
            "time": "19.12.2020 19:26",
            "open": "6.727",
            "high": "6.727",
            "low": "6.727",
            "close": "6.727"
        },
        {
            "time": "19.12.2020 19:27",
            "open": "6.727",
            "high": "6.727",
            "low": "6.727",
            "close": "6.722"
        },
        {
            "time": "19.12.2020 19:34",
            "open": "6.722",
            "high": "6.722",
            "low": "6.722",
            "close": "6.726"
        },
        {
            "time": "19.12.2020 19:35",
            "open": "6.726",
            "high": "6.726",
            "low": "6.726",
            "close": "6.701"
        },
        {
            "time": "19.12.2020 19:36",
            "open": "6.701",
            "high": "6.705",
            "low": "6.701",
            "close": "6.691"
        },
        {
            "time": "19.12.2020 19:43",
            "open": "6.691",
            "high": "6.691",
            "low": "6.691",
            "close": "6.708"
        },
        {
            "time": "19.12.2020 19:51",
            "open": "6.708",
            "high": "6.708",
            "low": "6.708",
            "close": "6.7"
        },
        {
            "time": "19.12.2020 19:52",
            "open": "6.7",
            "high": "6.7",
            "low": "6.7",
            "close": "6.703"
        },
        {
            "time": "19.12.2020 19:54",
            "open": "6.703",
            "high": "6.703",
            "low": "6.69",
            "close": "6.673"
        },
        {
            "time": "19.12.2020 19:55",
            "open": "6.673",
            "high": "6.673",
            "low": "6.673",
            "close": "6.67"
        },
        {
            "time": "19.12.2020 20:01",
            "open": "6.67",
            "high": "6.67",
            "low": "6.66",
            "close": "6.661"
        },
        {
            "time": "19.12.2020 20:03",
            "open": "6.661",
            "high": "6.661",
            "low": "6.661",
            "close": "6.66"
        },
        {
            "time": "19.12.2020 20:06",
            "open": "6.66",
            "high": "6.66",
            "low": "6.569",
            "close": "6.588"
        },
        {
            "time": "19.12.2020 20:07",
            "open": "6.588",
            "high": "6.588",
            "low": "6.553",
            "close": "6.564"
        },
        {
            "time": "19.12.2020 20:09",
            "open": "6.564",
            "high": "6.564",
            "low": "6.556",
            "close": "6.566"
        },
        {
            "time": "19.12.2020 20:11",
            "open": "6.566",
            "high": "6.566",
            "low": "6.566",
            "close": "6.566"
        },
        {
            "time": "19.12.2020 20:13",
            "open": "6.566",
            "high": "6.566",
            "low": "6.566",
            "close": "6.591"
        },
        {
            "time": "19.12.2020 20:14",
            "open": "6.591",
            "high": "6.591",
            "low": "6.55",
            "close": "6.55"
        },
        {
            "time": "19.12.2020 20:15",
            "open": "6.55",
            "high": "6.55",
            "low": "6.54",
            "close": "6.54"
        },
        {
            "time": "19.12.2020 20:16",
            "open": "6.54",
            "high": "6.54",
            "low": "6.52",
            "close": "6.535"
        },
        {
            "time": "19.12.2020 20:19",
            "open": "6.535",
            "high": "6.563",
            "low": "6.535",
            "close": "6.548"
        },
        {
            "time": "19.12.2020 20:21",
            "open": "6.548",
            "high": "6.566",
            "low": "6.548",
            "close": "6.536"
        },
        {
            "time": "19.12.2020 20:23",
            "open": "6.536",
            "high": "6.536",
            "low": "6.536",
            "close": "6.555"
        },
        {
            "time": "19.12.2020 20:24",
            "open": "6.555",
            "high": "6.564",
            "low": "6.555",
            "close": "6.534"
        },
        {
            "time": "19.12.2020 20:25",
            "open": "6.534",
            "high": "6.534",
            "low": "6.532",
            "close": "6.559"
        },
        {
            "time": "19.12.2020 20:26",
            "open": "6.559",
            "high": "6.566",
            "low": "6.559",
            "close": "6.561"
        },
        {
            "time": "19.12.2020 20:28",
            "open": "6.561",
            "high": "6.561",
            "low": "6.561",
            "close": "6.537"
        },
        {
            "time": "19.12.2020 20:29",
            "open": "6.537",
            "high": "6.537",
            "low": "6.536",
            "close": "6.544"
        },
        {
            "time": "19.12.2020 20:34",
            "open": "6.544",
            "high": "6.544",
            "low": "6.544",
            "close": "6.534"
        },
        {
            "time": "19.12.2020 20:39",
            "open": "6.534",
            "high": "6.544",
            "low": "6.514",
            "close": "6.528"
        },
        {
            "time": "19.12.2020 20:42",
            "open": "6.528",
            "high": "6.54",
            "low": "6.528",
            "close": "6.551"
        },
        {
            "time": "19.12.2020 20:46",
            "open": "6.551",
            "high": "6.551",
            "low": "6.551",
            "close": "6.551"
        },
        {
            "time": "19.12.2020 20:50",
            "open": "6.551",
            "high": "6.551",
            "low": "6.551",
            "close": "6.552"
        },
        {
            "time": "19.12.2020 20:51",
            "open": "6.552",
            "high": "6.553",
            "low": "6.552",
            "close": "6.571"
        },
        {
            "time": "19.12.2020 20:53",
            "open": "6.571",
            "high": "6.572",
            "low": "6.571",
            "close": "6.567"
        },
        {
            "time": "19.12.2020 20:54",
            "open": "6.567",
            "high": "6.583",
            "low": "6.551",
            "close": "6.562"
        },
        {
            "time": "19.12.2020 20:56",
            "open": "6.562",
            "high": "6.562",
            "low": "6.54",
            "close": "6.537"
        },
        {
            "time": "19.12.2020 20:57",
            "open": "6.537",
            "high": "6.537",
            "low": "6.537",
            "close": "6.536"
        },
        {
            "time": "19.12.2020 20:58",
            "open": "6.536",
            "high": "6.537",
            "low": "6.536",
            "close": "6.563"
        },
        {
            "time": "19.12.2020 21:08",
            "open": "6.563",
            "high": "6.563",
            "low": "6.561",
            "close": "6.563"
        },
        {
            "time": "19.12.2020 21:09",
            "open": "6.563",
            "high": "6.565",
            "low": "6.563",
            "close": "6.568"
        },
        {
            "time": "19.12.2020 21:12",
            "open": "6.568",
            "high": "6.568",
            "low": "6.568",
            "close": "6.558"
        },
        {
            "time": "19.12.2020 21:14",
            "open": "6.558",
            "high": "6.558",
            "low": "6.558",
            "close": "6.568"
        },
        {
            "time": "19.12.2020 21:16",
            "open": "6.568",
            "high": "6.568",
            "low": "6.568",
            "close": "6.601"
        },
        {
            "time": "19.12.2020 21:18",
            "open": "6.601",
            "high": "6.657",
            "low": "6.601",
            "close": "6.595"
        },
        {
            "time": "19.12.2020 21:21",
            "open": "6.595",
            "high": "6.595",
            "low": "6.595",
            "close": "6.586"
        },
        {
            "time": "19.12.2020 21:30",
            "open": "6.586",
            "high": "6.59",
            "low": "6.585",
            "close": "6.581"
        },
        {
            "time": "19.12.2020 21:32",
            "open": "6.581",
            "high": "6.641",
            "low": "6.581",
            "close": "6.603"
        },
        {
            "time": "19.12.2020 21:33",
            "open": "6.603",
            "high": "6.604",
            "low": "6.603",
            "close": "6.571"
        },
        {
            "time": "19.12.2020 21:37",
            "open": "6.571",
            "high": "6.571",
            "low": "6.571",
            "close": "6.561"
        },
        {
            "time": "19.12.2020 21:38",
            "open": "6.561",
            "high": "6.561",
            "low": "6.561",
            "close": "6.56"
        },
        {
            "time": "19.12.2020 21:41",
            "open": "6.56",
            "high": "6.56",
            "low": "6.56",
            "close": "6.56"
        },
        {
            "time": "19.12.2020 21:42",
            "open": "6.56",
            "high": "6.56",
            "low": "6.56",
            "close": "6.56"
        },
        {
            "time": "19.12.2020 21:45",
            "open": "6.56",
            "high": "6.56",
            "low": "6.56",
            "close": "6.56"
        },
        {
            "time": "19.12.2020 21:47",
            "open": "6.56",
            "high": "6.565",
            "low": "6.552",
            "close": "6.619"
        },
        {
            "time": "19.12.2020 21:52",
            "open": "6.619",
            "high": "6.62",
            "low": "6.552",
            "close": "6.563"
        },
        {
            "time": "19.12.2020 21:53",
            "open": "6.563",
            "high": "6.563",
            "low": "6.545",
            "close": "6.563"
        },
        {
            "time": "19.12.2020 21:54",
            "open": "6.563",
            "high": "6.563",
            "low": "6.563",
            "close": "6.573"
        },
        {
            "time": "19.12.2020 21:56",
            "open": "6.573",
            "high": "6.573",
            "low": "6.573",
            "close": "6.576"
        },
        {
            "time": "19.12.2020 21:58",
            "open": "6.576",
            "high": "6.576",
            "low": "6.565",
            "close": "6.577"
        },
        {
            "time": "19.12.2020 21:59",
            "open": "6.577",
            "high": "6.577",
            "low": "6.577",
            "close": "6.571"
        },
        {
            "time": "19.12.2020 22:01",
            "open": "6.571",
            "high": "6.571",
            "low": "6.568",
            "close": "6.537"
        },
        {
            "time": "19.12.2020 22:02",
            "open": "6.537",
            "high": "6.537",
            "low": "6.537",
            "close": "6.586"
        },
        {
            "time": "19.12.2020 22:04",
            "open": "6.586",
            "high": "6.588",
            "low": "6.586",
            "close": "6.527"
        },
        {
            "time": "19.12.2020 22:10",
            "open": "6.527",
            "high": "6.527",
            "low": "6.527",
            "close": "6.53"
        },
        {
            "time": "19.12.2020 22:12",
            "open": "6.53",
            "high": "6.53",
            "low": "6.53",
            "close": "6.555"
        },
        {
            "time": "19.12.2020 22:16",
            "open": "6.555",
            "high": "6.555",
            "low": "6.555",
            "close": "6.562"
        },
        {
            "time": "19.12.2020 22:20",
            "open": "6.562",
            "high": "6.562",
            "low": "6.562",
            "close": "6.546"
        },
        {
            "time": "19.12.2020 22:22",
            "open": "6.546",
            "high": "6.546",
            "low": "6.535",
            "close": "6.53"
        },
        {
            "time": "19.12.2020 22:23",
            "open": "6.53",
            "high": "6.53",
            "low": "6.513",
            "close": "6.512"
        },
        {
            "time": "19.12.2020 22:25",
            "open": "6.512",
            "high": "6.512",
            "low": "6.509",
            "close": "6.51"
        },
        {
            "time": "19.12.2020 22:26",
            "open": "6.51",
            "high": "6.51",
            "low": "6.509",
            "close": "6.508"
        },
        {
            "time": "19.12.2020 22:28",
            "open": "6.508",
            "high": "6.509",
            "low": "6.508",
            "close": "6.519"
        },
        {
            "time": "19.12.2020 22:31",
            "open": "6.519",
            "high": "6.519",
            "low": "6.519",
            "close": "6.509"
        },
        {
            "time": "19.12.2020 22:32",
            "open": "6.509",
            "high": "6.66",
            "low": "6.5",
            "close": "6.551"
        },
        {
            "time": "19.12.2020 22:33",
            "open": "6.551",
            "high": "6.551",
            "low": "6.551",
            "close": "6.51"
        },
        {
            "time": "19.12.2020 22:34",
            "open": "6.51",
            "high": "6.51",
            "low": "6.5",
            "close": "6.525"
        },
        {
            "time": "19.12.2020 22:37",
            "open": "6.525",
            "high": "6.525",
            "low": "6.525",
            "close": "6.534"
        },
        {
            "time": "19.12.2020 22:39",
            "open": "6.534",
            "high": "6.534",
            "low": "6.534",
            "close": "6.529"
        },
        {
            "time": "19.12.2020 22:40",
            "open": "6.529",
            "high": "6.536",
            "low": "6.529",
            "close": "6.542"
        },
        {
            "time": "19.12.2020 22:41",
            "open": "6.542",
            "high": "6.542",
            "low": "6.54",
            "close": "6.525"
        },
        {
            "time": "19.12.2020 22:42",
            "open": "6.525",
            "high": "6.525",
            "low": "6.525",
            "close": "6.524"
        },
        {
            "time": "19.12.2020 22:43",
            "open": "6.524",
            "high": "6.524",
            "low": "6.524",
            "close": "6.534"
        },
        {
            "time": "19.12.2020 22:44",
            "open": "6.534",
            "high": "6.534",
            "low": "6.534",
            "close": "6.532"
        },
        {
            "time": "19.12.2020 22:48",
            "open": "6.532",
            "high": "6.532",
            "low": "6.532",
            "close": "6.527"
        },
        {
            "time": "19.12.2020 22:50",
            "open": "6.527",
            "high": "6.527",
            "low": "6.527",
            "close": "6.525"
        },
        {
            "time": "19.12.2020 22:52",
            "open": "6.525",
            "high": "6.525",
            "low": "6.525",
            "close": "6.541"
        },
        {
            "time": "19.12.2020 22:57",
            "open": "6.541",
            "high": "6.541",
            "low": "6.541",
            "close": "6.546"
        },
        {
            "time": "19.12.2020 22:59",
            "open": "6.546",
            "high": "6.546",
            "low": "6.546",
            "close": "6.542"
        },
        {
            "time": "19.12.2020 23:03",
            "open": "6.542",
            "high": "6.542",
            "low": "6.542",
            "close": "6.541"
        },
        {
            "time": "19.12.2020 23:04",
            "open": "6.541",
            "high": "6.541",
            "low": "6.541",
            "close": "6.543"
        },
        {
            "time": "19.12.2020 23:12",
            "open": "6.543",
            "high": "6.543",
            "low": "6.543",
            "close": "6.543"
        },
        {
            "time": "19.12.2020 23:16",
            "open": "6.543",
            "high": "6.591",
            "low": "6.543",
            "close": "6.521"
        },
        {
            "time": "19.12.2020 23:20",
            "open": "6.521",
            "high": "6.521",
            "low": "6.521",
            "close": "6.543"
        },
        {
            "time": "19.12.2020 23:21",
            "open": "6.543",
            "high": "6.543",
            "low": "6.543",
            "close": "6.544"
        },
        {
            "time": "19.12.2020 23:25",
            "open": "6.544",
            "high": "6.544",
            "low": "6.544",
            "close": "6.559"
        },
        {
            "time": "19.12.2020 23:28",
            "open": "6.559",
            "high": "6.559",
            "low": "6.559",
            "close": "6.567"
        },
        {
            "time": "19.12.2020 23:30",
            "open": "6.567",
            "high": "6.567",
            "low": "6.567",
            "close": "6.577"
        },
        {
            "time": "19.12.2020 23:35",
            "open": "6.577",
            "high": "6.577",
            "low": "6.577",
            "close": "6.557"
        },
        {
            "time": "19.12.2020 23:36",
            "open": "6.557",
            "high": "6.573",
            "low": "6.541",
            "close": "6.594"
        },
        {
            "time": "19.12.2020 23:49",
            "open": "6.594",
            "high": "6.755",
            "low": "6.594",
            "close": "6.595"
        },
        {
            "time": "19.12.2020 23:52",
            "open": "6.595",
            "high": "6.602",
            "low": "6.595",
            "close": "6.591"
        },
        {
            "time": "19.12.2020 23:53",
            "open": "6.591",
            "high": "6.591",
            "low": "6.59",
            "close": "6.588"
        },
        {
            "time": "19.12.2020 23:56",
            "open": "6.588",
            "high": "6.588",
            "low": "6.588",
            "close": "6.614"
        },
        {
            "time": "19.12.2020 23:57",
            "open": "6.614",
            "high": "6.614",
            "low": "6.592",
            "close": "6.597"
        },
        {
            "time": "19.12.2020 23:58",
            "open": "6.597",
            "high": "6.597",
            "low": "6.597",
            "close": "6.59"
        }
    ]
}