{
    "UMA-EUR": [
        {
            "time": "20.12.2020 23:58",
            "open": "6.293",
            "high": "6.293",
            "low": "6.271",
            "close": "6.296"
        },
        {
            "time": "21.12.2020 00:03",
            "open": "6.296",
            "high": "6.296",
            "low": "6.293",
            "close": "6.293"
        },
        {
            "time": "21.12.2020 00:04",
            "open": "6.293",
            "high": "6.293",
            "low": "6.293",
            "close": "6.314"
        },
        {
            "time": "21.12.2020 00:06",
            "open": "6.314",
            "high": "6.318",
            "low": "6.314",
            "close": "6.329"
        },
        {
            "time": "21.12.2020 00:07",
            "open": "6.329",
            "high": "6.338",
            "low": "6.329",
            "close": "6.343"
        },
        {
            "time": "21.12.2020 00:08",
            "open": "6.343",
            "high": "6.343",
            "low": "6.343",
            "close": "6.337"
        },
        {
            "time": "21.12.2020 00:10",
            "open": "6.337",
            "high": "6.337",
            "low": "6.337",
            "close": "6.337"
        },
        {
            "time": "21.12.2020 00:11",
            "open": "6.337",
            "high": "6.337",
            "low": "6.262",
            "close": "6.335"
        },
        {
            "time": "21.12.2020 00:15",
            "open": "6.335",
            "high": "6.335",
            "low": "6.331",
            "close": "6.314"
        },
        {
            "time": "21.12.2020 00:16",
            "open": "6.314",
            "high": "6.314",
            "low": "6.314",
            "close": "6.343"
        },
        {
            "time": "21.12.2020 00:23",
            "open": "6.343",
            "high": "6.343",
            "low": "6.343",
            "close": "6.313"
        },
        {
            "time": "21.12.2020 00:24",
            "open": "6.313",
            "high": "6.313",
            "low": "6.298",
            "close": "6.347"
        },
        {
            "time": "21.12.2020 00:30",
            "open": "6.347",
            "high": "6.347",
            "low": "6.343",
            "close": "6.343"
        },
        {
            "time": "21.12.2020 00:52",
            "open": "6.343",
            "high": "6.352",
            "low": "6.329",
            "close": "6.344"
        },
        {
            "time": "21.12.2020 01:02",
            "open": "6.344",
            "high": "6.42",
            "low": "6.344",
            "close": "6.342"
        },
        {
            "time": "21.12.2020 01:15",
            "open": "6.342",
            "high": "6.342",
            "low": "6.342",
            "close": "6.324"
        },
        {
            "time": "21.12.2020 01:23",
            "open": "6.324",
            "high": "6.324",
            "low": "6.323",
            "close": "6.351"
        },
        {
            "time": "21.12.2020 01:38",
            "open": "6.351",
            "high": "6.351",
            "low": "6.351",
            "close": "6.373"
        },
        {
            "time": "21.12.2020 01:44",
            "open": "6.373",
            "high": "6.373",
            "low": "6.373",
            "close": "6.373"
        },
        {
            "time": "21.12.2020 01:46",
            "open": "6.373",
            "high": "6.373",
            "low": "6.373",
            "close": "6.374"
        },
        {
            "time": "21.12.2020 01:49",
            "open": "6.374",
            "high": "6.374",
            "low": "6.374",
            "close": "6.405"
        },
        {
            "time": "21.12.2020 01:51",
            "open": "6.405",
            "high": "6.405",
            "low": "6.405",
            "close": "6.405"
        },
        {
            "time": "21.12.2020 01:59",
            "open": "6.405",
            "high": "6.405",
            "low": "6.405",
            "close": "6.421"
        },
        {
            "time": "21.12.2020 02:01",
            "open": "6.421",
            "high": "6.425",
            "low": "6.421",
            "close": "6.432"
        },
        {
            "time": "21.12.2020 02:05",
            "open": "6.432",
            "high": "6.468",
            "low": "6.432",
            "close": "6.4"
        },
        {
            "time": "21.12.2020 02:09",
            "open": "6.4",
            "high": "6.4",
            "low": "6.392",
            "close": "6.391"
        },
        {
            "time": "21.12.2020 02:10",
            "open": "6.391",
            "high": "6.392",
            "low": "6.391",
            "close": "6.408"
        },
        {
            "time": "21.12.2020 02:11",
            "open": "6.408",
            "high": "6.408",
            "low": "6.408",
            "close": "6.408"
        },
        {
            "time": "21.12.2020 02:12",
            "open": "6.408",
            "high": "6.408",
            "low": "6.408",
            "close": "6.403"
        },
        {
            "time": "21.12.2020 02:20",
            "open": "6.403",
            "high": "6.403",
            "low": "6.403",
            "close": "6.398"
        },
        {
            "time": "21.12.2020 02:21",
            "open": "6.398",
            "high": "6.398",
            "low": "6.398",
            "close": "6.412"
        },
        {
            "time": "21.12.2020 02:22",
            "open": "6.412",
            "high": "6.427",
            "low": "6.412",
            "close": "6.414"
        },
        {
            "time": "21.12.2020 02:27",
            "open": "6.414",
            "high": "6.414",
            "low": "6.414",
            "close": "6.412"
        },
        {
            "time": "21.12.2020 02:29",
            "open": "6.412",
            "high": "6.412",
            "low": "6.412",
            "close": "6.426"
        },
        {
            "time": "21.12.2020 02:32",
            "open": "6.426",
            "high": "6.427",
            "low": "6.426",
            "close": "6.4"
        },
        {
            "time": "21.12.2020 02:34",
            "open": "6.4",
            "high": "6.4",
            "low": "6.4",
            "close": "6.418"
        },
        {
            "time": "21.12.2020 02:36",
            "open": "6.418",
            "high": "6.418",
            "low": "6.418",
            "close": "6.414"
        },
        {
            "time": "21.12.2020 02:38",
            "open": "6.414",
            "high": "6.415",
            "low": "6.414",
            "close": "6.416"
        },
        {
            "time": "21.12.2020 02:41",
            "open": "6.416",
            "high": "6.416",
            "low": "6.416",
            "close": "6.425"
        },
        {
            "time": "21.12.2020 02:44",
            "open": "6.425",
            "high": "6.426",
            "low": "6.425",
            "close": "6.446"
        },
        {
            "time": "21.12.2020 03:01",
            "open": "6.446",
            "high": "6.446",
            "low": "6.446",
            "close": "6.445"
        },
        {
            "time": "21.12.2020 03:02",
            "open": "6.445",
            "high": "6.445",
            "low": "6.445",
            "close": "6.421"
        },
        {
            "time": "21.12.2020 03:12",
            "open": "6.421",
            "high": "6.421",
            "low": "6.354",
            "close": "6.407"
        },
        {
            "time": "21.12.2020 03:13",
            "open": "6.407",
            "high": "6.427",
            "low": "6.407",
            "close": "6.435"
        },
        {
            "time": "21.12.2020 03:17",
            "open": "6.435",
            "high": "6.435",
            "low": "6.435",
            "close": "6.44"
        },
        {
            "time": "21.12.2020 03:19",
            "open": "6.44",
            "high": "6.444",
            "low": "6.44",
            "close": "6.47"
        },
        {
            "time": "21.12.2020 03:22",
            "open": "6.47",
            "high": "6.47",
            "low": "6.47",
            "close": "6.473"
        },
        {
            "time": "21.12.2020 03:45",
            "open": "6.473",
            "high": "6.473",
            "low": "6.473",
            "close": "6.467"
        },
        {
            "time": "21.12.2020 03:59",
            "open": "6.467",
            "high": "6.475",
            "low": "6.467",
            "close": "6.484"
        },
        {
            "time": "21.12.2020 04:21",
            "open": "6.484",
            "high": "6.484",
            "low": "6.484",
            "close": "6.5"
        },
        {
            "time": "21.12.2020 04:26",
            "open": "6.5",
            "high": "6.524",
            "low": "6.5",
            "close": "6.498"
        },
        {
            "time": "21.12.2020 04:37",
            "open": "6.498",
            "high": "6.498",
            "low": "6.496",
            "close": "6.5"
        },
        {
            "time": "21.12.2020 04:40",
            "open": "6.5",
            "high": "6.5",
            "low": "6.5",
            "close": "6.5"
        },
        {
            "time": "21.12.2020 04:45",
            "open": "6.5",
            "high": "6.5",
            "low": "6.5",
            "close": "6.5"
        },
        {
            "time": "21.12.2020 05:15",
            "open": "6.5",
            "high": "6.5",
            "low": "6.5",
            "close": "6.5"
        },
        {
            "time": "21.12.2020 05:23",
            "open": "6.5",
            "high": "6.5",
            "low": "6.5",
            "close": "6.473"
        },
        {
            "time": "21.12.2020 05:28",
            "open": "6.473",
            "high": "6.473",
            "low": "6.473",
            "close": "6.463"
        },
        {
            "time": "21.12.2020 05:29",
            "open": "6.463",
            "high": "6.463",
            "low": "6.461",
            "close": "6.496"
        },
        {
            "time": "21.12.2020 05:48",
            "open": "6.496",
            "high": "6.496",
            "low": "6.496",
            "close": "6.485"
        },
        {
            "time": "21.12.2020 06:00",
            "open": "6.485",
            "high": "6.485",
            "low": "6.485",
            "close": "6.492"
        },
        {
            "time": "21.12.2020 06:39",
            "open": "6.492",
            "high": "6.492",
            "low": "6.492",
            "close": "6.464"
        },
        {
            "time": "21.12.2020 06:44",
            "open": "6.464",
            "high": "6.48",
            "low": "6.464",
            "close": "6.512"
        },
        {
            "time": "21.12.2020 06:50",
            "open": "6.512",
            "high": "6.512",
            "low": "6.512",
            "close": "6.48"
        },
        {
            "time": "21.12.2020 06:52",
            "open": "6.48",
            "high": "6.512",
            "low": "6.48",
            "close": "6.53"
        },
        {
            "time": "21.12.2020 06:53",
            "open": "6.53",
            "high": "6.531",
            "low": "6.53",
            "close": "6.531"
        },
        {
            "time": "21.12.2020 06:55",
            "open": "6.531",
            "high": "6.535",
            "low": "6.531",
            "close": "6.494"
        },
        {
            "time": "21.12.2020 07:10",
            "open": "6.494",
            "high": "6.539",
            "low": "6.494",
            "close": "6.501"
        },
        {
            "time": "21.12.2020 07:11",
            "open": "6.504",
            "high": "6.504",
            "low": "6.504",
            "close": "6.493"
        },
        {
            "time": "21.12.2020 07:19",
            "open": "6.493",
            "high": "6.493",
            "low": "6.493",
            "close": "6.488"
        },
        {
            "time": "21.12.2020 07:24",
            "open": "6.488",
            "high": "6.488",
            "low": "6.482",
            "close": "6.487"
        },
        {
            "time": "21.12.2020 07:36",
            "open": "6.487",
            "high": "6.487",
            "low": "6.487",
            "close": "6.539"
        },
        {
            "time": "21.12.2020 07:41",
            "open": "6.539",
            "high": "6.539",
            "low": "6.539",
            "close": "6.504"
        },
        {
            "time": "21.12.2020 07:43",
            "open": "6.504",
            "high": "6.504",
            "low": "6.496",
            "close": "6.533"
        },
        {
            "time": "21.12.2020 07:44",
            "open": "6.533",
            "high": "6.533",
            "low": "6.533",
            "close": "6.495"
        },
        {
            "time": "21.12.2020 08:10",
            "open": "6.495",
            "high": "6.495",
            "low": "6.495",
            "close": "6.507"
        },
        {
            "time": "21.12.2020 08:15",
            "open": "6.507",
            "high": "6.507",
            "low": "6.507",
            "close": "6.516"
        },
        {
            "time": "21.12.2020 08:24",
            "open": "6.516",
            "high": "6.516",
            "low": "6.505",
            "close": "6.516"
        },
        {
            "time": "21.12.2020 08:32",
            "open": "6.516",
            "high": "6.516",
            "low": "6.516",
            "close": "6.516"
        },
        {
            "time": "21.12.2020 09:25",
            "open": "6.516",
            "high": "6.516",
            "low": "6.516",
            "close": "6.516"
        },
        {
            "time": "21.12.2020 09:31",
            "open": "6.548",
            "high": "6.548",
            "low": "6.548",
            "close": "6.53"
        },
        {
            "time": "21.12.2020 09:45",
            "open": "6.53",
            "high": "6.53",
            "low": "6.53",
            "close": "6.539"
        },
        {
            "time": "21.12.2020 09:53",
            "open": "6.539",
            "high": "6.539",
            "low": "6.539",
            "close": "6.495"
        },
        {
            "time": "21.12.2020 09:54",
            "open": "6.495",
            "high": "6.495",
            "low": "6.494",
            "close": "6.485"
        },
        {
            "time": "21.12.2020 09:55",
            "open": "6.485",
            "high": "6.494",
            "low": "6.484",
            "close": "6.487"
        },
        {
            "time": "21.12.2020 09:56",
            "open": "6.487",
            "high": "6.487",
            "low": "6.487",
            "close": "6.487"
        },
        {
            "time": "21.12.2020 09:59",
            "open": "6.487",
            "high": "6.487",
            "low": "6.482",
            "close": "6.482"
        },
        {
            "time": "21.12.2020 10:00",
            "open": "6.482",
            "high": "6.482",
            "low": "6.442",
            "close": "6.511"
        },
        {
            "time": "21.12.2020 10:02",
            "open": "6.511",
            "high": "6.511",
            "low": "6.511",
            "close": "6.476"
        },
        {
            "time": "21.12.2020 10:05",
            "open": "6.476",
            "high": "6.476",
            "low": "6.476",
            "close": "6.457"
        },
        {
            "time": "21.12.2020 10:08",
            "open": "6.457",
            "high": "6.457",
            "low": "6.457",
            "close": "6.463"
        },
        {
            "time": "21.12.2020 10:13",
            "open": "6.463",
            "high": "6.463",
            "low": "6.463",
            "close": "6.439"
        },
        {
            "time": "21.12.2020 10:15",
            "open": "6.439",
            "high": "6.439",
            "low": "6.439",
            "close": "6.413"
        },
        {
            "time": "21.12.2020 10:16",
            "open": "6.413",
            "high": "6.413",
            "low": "6.403",
            "close": "6.407"
        },
        {
            "time": "21.12.2020 10:18",
            "open": "6.407",
            "high": "6.407",
            "low": "6.407",
            "close": "6.42"
        },
        {
            "time": "21.12.2020 10:20",
            "open": "6.42",
            "high": "6.42",
            "low": "6.396",
            "close": "6.378"
        },
        {
            "time": "21.12.2020 10:25",
            "open": "6.378",
            "high": "6.389",
            "low": "6.378",
            "close": "6.406"
        },
        {
            "time": "21.12.2020 10:26",
            "open": "6.406",
            "high": "6.408",
            "low": "6.406",
            "close": "6.422"
        },
        {
            "time": "21.12.2020 10:28",
            "open": "6.422",
            "high": "6.422",
            "low": "6.422",
            "close": "6.403"
        },
        {
            "time": "21.12.2020 10:37",
            "open": "6.403",
            "high": "6.403",
            "low": "6.403",
            "close": "6.399"
        },
        {
            "time": "21.12.2020 10:50",
            "open": "6.399",
            "high": "6.399",
            "low": "6.399",
            "close": "6.404"
        },
        {
            "time": "21.12.2020 10:55",
            "open": "6.404",
            "high": "6.404",
            "low": "6.387",
            "close": "6.392"
        },
        {
            "time": "21.12.2020 11:05",
            "open": "6.392",
            "high": "6.392",
            "low": "6.392",
            "close": "6.392"
        },
        {
            "time": "21.12.2020 11:08",
            "open": "6.392",
            "high": "6.392",
            "low": "6.392",
            "close": "6.401"
        },
        {
            "time": "21.12.2020 11:09",
            "open": "6.401",
            "high": "6.401",
            "low": "6.386",
            "close": "6.389"
        },
        {
            "time": "21.12.2020 11:10",
            "open": "6.389",
            "high": "6.421",
            "low": "6.389",
            "close": "6.41"
        },
        {
            "time": "21.12.2020 11:11",
            "open": "6.41",
            "high": "6.41",
            "low": "6.4",
            "close": "6.405"
        },
        {
            "time": "21.12.2020 11:12",
            "open": "6.405",
            "high": "6.413",
            "low": "6.397",
            "close": "6.39"
        },
        {
            "time": "21.12.2020 11:14",
            "open": "6.39",
            "high": "6.391",
            "low": "6.39",
            "close": "6.388"
        },
        {
            "time": "21.12.2020 11:15",
            "open": "6.388",
            "high": "6.388",
            "low": "6.388",
            "close": "6.388"
        },
        {
            "time": "21.12.2020 11:16",
            "open": "6.388",
            "high": "6.388",
            "low": "6.358",
            "close": "6.342"
        },
        {
            "time": "21.12.2020 11:17",
            "open": "6.342",
            "high": "6.342",
            "low": "6.278",
            "close": "6.34"
        },
        {
            "time": "21.12.2020 11:18",
            "open": "6.34",
            "high": "6.34",
            "low": "6.34",
            "close": "6.331"
        },
        {
            "time": "21.12.2020 11:19",
            "open": "6.331",
            "high": "6.403",
            "low": "6.309",
            "close": "6.332"
        },
        {
            "time": "21.12.2020 11:20",
            "open": "6.332",
            "high": "6.332",
            "low": "6.332",
            "close": "6.314"
        },
        {
            "time": "21.12.2020 11:21",
            "open": "6.314",
            "high": "6.342",
            "low": "6.25",
            "close": "6.328"
        },
        {
            "time": "21.12.2020 11:22",
            "open": "6.328",
            "high": "6.343",
            "low": "6.305",
            "close": "6.357"
        },
        {
            "time": "21.12.2020 11:23",
            "open": "6.357",
            "high": "6.357",
            "low": "6.315",
            "close": "6.32"
        },
        {
            "time": "21.12.2020 11:25",
            "open": "6.32",
            "high": "6.32",
            "low": "6.32",
            "close": "6.318"
        },
        {
            "time": "21.12.2020 11:26",
            "open": "6.318",
            "high": "6.34",
            "low": "6.306",
            "close": "6.324"
        },
        {
            "time": "21.12.2020 11:27",
            "open": "6.324",
            "high": "6.381",
            "low": "6.317",
            "close": "6.266"
        },
        {
            "time": "21.12.2020 11:28",
            "open": "6.266",
            "high": "6.293",
            "low": "6.266",
            "close": "6.341"
        },
        {
            "time": "21.12.2020 11:30",
            "open": "6.341",
            "high": "6.341",
            "low": "6.31",
            "close": "6.281"
        },
        {
            "time": "21.12.2020 11:31",
            "open": "6.281",
            "high": "6.281",
            "low": "6.253",
            "close": "6.309"
        },
        {
            "time": "21.12.2020 11:32",
            "open": "6.309",
            "high": "6.384",
            "low": "6.309",
            "close": "6.319"
        },
        {
            "time": "21.12.2020 11:33",
            "open": "6.319",
            "high": "6.319",
            "low": "6.266",
            "close": "6.302"
        },
        {
            "time": "21.12.2020 11:34",
            "open": "6.302",
            "high": "6.377",
            "low": "6.302",
            "close": "6.325"
        },
        {
            "time": "21.12.2020 11:36",
            "open": "6.325",
            "high": "6.325",
            "low": "6.325",
            "close": "6.317"
        },
        {
            "time": "21.12.2020 11:37",
            "open": "6.317",
            "high": "6.326",
            "low": "6.314",
            "close": "6.302"
        },
        {
            "time": "21.12.2020 11:38",
            "open": "6.302",
            "high": "6.405",
            "low": "6.301",
            "close": "6.325"
        },
        {
            "time": "21.12.2020 11:39",
            "open": "6.325",
            "high": "6.325",
            "low": "6.319",
            "close": "6.341"
        },
        {
            "time": "21.12.2020 11:41",
            "open": "6.341",
            "high": "6.341",
            "low": "6.341",
            "close": "6.364"
        },
        {
            "time": "21.12.2020 11:42",
            "open": "6.364",
            "high": "6.364",
            "low": "6.364",
            "close": "6.325"
        },
        {
            "time": "21.12.2020 11:43",
            "open": "6.325",
            "high": "6.325",
            "low": "6.325",
            "close": "6.344"
        },
        {
            "time": "21.12.2020 11:45",
            "open": "6.344",
            "high": "6.344",
            "low": "6.3",
            "close": "6.266"
        },
        {
            "time": "21.12.2020 11:46",
            "open": "6.266",
            "high": "6.266",
            "low": "6.266",
            "close": "6.325"
        },
        {
            "time": "21.12.2020 11:47",
            "open": "6.325",
            "high": "6.325",
            "low": "6.325",
            "close": "6.286"
        },
        {
            "time": "21.12.2020 11:57",
            "open": "6.286",
            "high": "6.286",
            "low": "6.286",
            "close": "6.251"
        },
        {
            "time": "21.12.2020 11:59",
            "open": "6.251",
            "high": "6.251",
            "low": "6.25",
            "close": "6.252"
        },
        {
            "time": "21.12.2020 12:00",
            "open": "6.252",
            "high": "6.252",
            "low": "6.25",
            "close": "6.288"
        },
        {
            "time": "21.12.2020 12:01",
            "open": "6.288",
            "high": "6.304",
            "low": "6.288",
            "close": "6.294"
        },
        {
            "time": "21.12.2020 12:03",
            "open": "6.294",
            "high": "6.294",
            "low": "6.294",
            "close": "6.297"
        },
        {
            "time": "21.12.2020 12:05",
            "open": "6.297",
            "high": "6.297",
            "low": "6.297",
            "close": "6.276"
        },
        {
            "time": "21.12.2020 12:07",
            "open": "6.276",
            "high": "6.276",
            "low": "6.276",
            "close": "6.342"
        },
        {
            "time": "21.12.2020 12:18",
            "open": "6.342",
            "high": "6.343",
            "low": "6.342",
            "close": "6.282"
        },
        {
            "time": "21.12.2020 12:20",
            "open": "6.282",
            "high": "6.282",
            "low": "6.277",
            "close": "6.283"
        },
        {
            "time": "21.12.2020 12:21",
            "open": "6.283",
            "high": "6.283",
            "low": "6.283",
            "close": "6.322"
        },
        {
            "time": "21.12.2020 12:22",
            "open": "6.322",
            "high": "6.323",
            "low": "6.322",
            "close": "6.301"
        },
        {
            "time": "21.12.2020 12:32",
            "open": "6.301",
            "high": "6.302",
            "low": "6.301",
            "close": "6.259"
        },
        {
            "time": "21.12.2020 12:33",
            "open": "6.259",
            "high": "6.259",
            "low": "6.259",
            "close": "6.25"
        },
        {
            "time": "21.12.2020 12:35",
            "open": "6.25",
            "high": "6.25",
            "low": "6.25",
            "close": "6.25"
        },
        {
            "time": "21.12.2020 12:36",
            "open": "6.25",
            "high": "6.25",
            "low": "6.25",
            "close": "6.25"
        },
        {
            "time": "21.12.2020 12:37",
            "open": "6.25",
            "high": "6.25",
            "low": "6.25",
            "close": "6.25"
        },
        {
            "time": "21.12.2020 12:39",
            "open": "6.25",
            "high": "6.25",
            "low": "6.25",
            "close": "6.25"
        },
        {
            "time": "21.12.2020 12:40",
            "open": "6.25",
            "high": "6.25",
            "low": "6.25",
            "close": "6.281"
        },
        {
            "time": "21.12.2020 12:43",
            "open": "6.281",
            "high": "6.281",
            "low": "6.281",
            "close": "6.281"
        },
        {
            "time": "21.12.2020 12:49",
            "open": "6.281",
            "high": "6.281",
            "low": "6.281",
            "close": "6.25"
        },
        {
            "time": "21.12.2020 13:01",
            "open": "6.25",
            "high": "6.276",
            "low": "6.25",
            "close": "6.25"
        },
        {
            "time": "21.12.2020 13:02",
            "open": "6.25",
            "high": "6.25",
            "low": "6.244",
            "close": "6.244"
        },
        {
            "time": "21.12.2020 13:03",
            "open": "6.244",
            "high": "6.244",
            "low": "6.244",
            "close": "6.241"
        },
        {
            "time": "21.12.2020 13:06",
            "open": "6.226",
            "high": "6.226",
            "low": "6.226",
            "close": "6.22"
        },
        {
            "time": "21.12.2020 13:11",
            "open": "6.22",
            "high": "6.22",
            "low": "6.22",
            "close": "6.213"
        },
        {
            "time": "21.12.2020 13:12",
            "open": "6.213",
            "high": "6.266",
            "low": "6.195",
            "close": "6.202"
        },
        {
            "time": "21.12.2020 13:13",
            "open": "6.202",
            "high": "6.256",
            "low": "6.202",
            "close": "6.215"
        },
        {
            "time": "21.12.2020 13:15",
            "open": "6.215",
            "high": "6.217",
            "low": "6.202",
            "close": "6.203"
        },
        {
            "time": "21.12.2020 13:21",
            "open": "6.203",
            "high": "6.203",
            "low": "6.202",
            "close": "6.203"
        },
        {
            "time": "21.12.2020 13:23",
            "open": "6.203",
            "high": "6.203",
            "low": "6.203",
            "close": "6.246"
        },
        {
            "time": "21.12.2020 13:31",
            "open": "6.246",
            "high": "6.246",
            "low": "6.246",
            "close": "6.208"
        },
        {
            "time": "21.12.2020 13:32",
            "open": "6.208",
            "high": "6.208",
            "low": "6.196",
            "close": "6.257"
        },
        {
            "time": "21.12.2020 13:34",
            "open": "6.257",
            "high": "6.257",
            "low": "6.257",
            "close": "6.223"
        },
        {
            "time": "21.12.2020 13:35",
            "open": "6.223",
            "high": "6.223",
            "low": "6.223",
            "close": "6.211"
        },
        {
            "time": "21.12.2020 13:38",
            "open": "6.211",
            "high": "6.211",
            "low": "6.198",
            "close": "6.222"
        },
        {
            "time": "21.12.2020 13:40",
            "open": "6.222",
            "high": "6.222",
            "low": "6.204",
            "close": "6.195"
        },
        {
            "time": "21.12.2020 13:43",
            "open": "6.195",
            "high": "6.196",
            "low": "6.195",
            "close": "6.2"
        },
        {
            "time": "21.12.2020 13:45",
            "open": "6.2",
            "high": "6.2",
            "low": "6.2",
            "close": "6.223"
        },
        {
            "time": "21.12.2020 13:47",
            "open": "6.223",
            "high": "6.223",
            "low": "6.216",
            "close": "6.218"
        },
        {
            "time": "21.12.2020 13:48",
            "open": "6.218",
            "high": "6.218",
            "low": "6.218",
            "close": "6.195"
        },
        {
            "time": "21.12.2020 13:50",
            "open": "6.195",
            "high": "6.201",
            "low": "6.151",
            "close": "6.206"
        },
        {
            "time": "21.12.2020 13:58",
            "open": "6.206",
            "high": "6.206",
            "low": "6.206",
            "close": "6.205"
        },
        {
            "time": "21.12.2020 14:02",
            "open": "6.205",
            "high": "6.205",
            "low": "6.205",
            "close": "6.203"
        },
        {
            "time": "21.12.2020 14:03",
            "open": "6.203",
            "high": "6.214",
            "low": "6.203",
            "close": "6.227"
        },
        {
            "time": "21.12.2020 14:05",
            "open": "6.227",
            "high": "6.227",
            "low": "6.227",
            "close": "6.275"
        },
        {
            "time": "21.12.2020 14:06",
            "open": "6.275",
            "high": "6.275",
            "low": "6.275",
            "close": "6.275"
        },
        {
            "time": "21.12.2020 14:07",
            "open": "6.275",
            "high": "6.275",
            "low": "6.275",
            "close": "6.241"
        },
        {
            "time": "21.12.2020 14:09",
            "open": "6.241",
            "high": "6.241",
            "low": "6.241",
            "close": "6.291"
        },
        {
            "time": "21.12.2020 14:10",
            "open": "6.291",
            "high": "6.291",
            "low": "6.291",
            "close": "6.262"
        },
        {
            "time": "21.12.2020 14:13",
            "open": "6.262",
            "high": "6.262",
            "low": "6.262",
            "close": "6.281"
        },
        {
            "time": "21.12.2020 14:17",
            "open": "6.281",
            "high": "6.281",
            "low": "6.281",
            "close": "6.267"
        },
        {
            "time": "21.12.2020 14:22",
            "open": "6.267",
            "high": "6.267",
            "low": "6.267",
            "close": "6.325"
        },
        {
            "time": "21.12.2020 14:28",
            "open": "6.325",
            "high": "6.325",
            "low": "6.325",
            "close": "6.267"
        },
        {
            "time": "21.12.2020 14:30",
            "open": "6.267",
            "high": "6.267",
            "low": "6.267",
            "close": "6.267"
        },
        {
            "time": "21.12.2020 14:32",
            "open": "6.267",
            "high": "6.267",
            "low": "6.267",
            "close": "6.267"
        },
        {
            "time": "21.12.2020 14:33",
            "open": "6.267",
            "high": "6.267",
            "low": "6.267",
            "close": "6.267"
        },
        {
            "time": "21.12.2020 14:34",
            "open": "6.267",
            "high": "6.267",
            "low": "6.256",
            "close": "6.256"
        },
        {
            "time": "21.12.2020 14:36",
            "open": "6.256",
            "high": "6.256",
            "low": "6.246",
            "close": "6.267"
        },
        {
            "time": "21.12.2020 14:37",
            "open": "6.267",
            "high": "6.267",
            "low": "6.245",
            "close": "6.267"
        },
        {
            "time": "21.12.2020 14:38",
            "open": "6.267",
            "high": "6.267",
            "low": "6.243",
            "close": "6.243"
        },
        {
            "time": "21.12.2020 14:41",
            "open": "6.243",
            "high": "6.243",
            "low": "6.243",
            "close": "6.243"
        },
        {
            "time": "21.12.2020 14:42",
            "open": "6.243",
            "high": "6.243",
            "low": "6.243",
            "close": "6.243"
        },
        {
            "time": "21.12.2020 14:43",
            "open": "6.243",
            "high": "6.243",
            "low": "6.243",
            "close": "6.243"
        },
        {
            "time": "21.12.2020 14:44",
            "open": "6.243",
            "high": "6.243",
            "low": "6.243",
            "close": "6.284"
        },
        {
            "time": "21.12.2020 14:46",
            "open": "6.284",
            "high": "6.284",
            "low": "6.284",
            "close": "6.317"
        },
        {
            "time": "21.12.2020 15:02",
            "open": "6.317",
            "high": "6.317",
            "low": "6.317",
            "close": "6.321"
        },
        {
            "time": "21.12.2020 15:08",
            "open": "6.321",
            "high": "6.322",
            "low": "6.321",
            "close": "6.261"
        },
        {
            "time": "21.12.2020 15:31",
            "open": "6.261",
            "high": "6.261",
            "low": "6.261",
            "close": "6.268"
        },
        {
            "time": "21.12.2020 15:44",
            "open": "6.268",
            "high": "6.268",
            "low": "6.268",
            "close": "6.33"
        },
        {
            "time": "21.12.2020 15:48",
            "open": "6.33",
            "high": "6.384",
            "low": "6.33",
            "close": "6.322"
        },
        {
            "time": "21.12.2020 15:49",
            "open": "6.322",
            "high": "6.322",
            "low": "6.269",
            "close": "6.386"
        },
        {
            "time": "21.12.2020 16:14",
            "open": "6.386",
            "high": "6.674",
            "low": "6.386",
            "close": "6.674"
        },
        {
            "time": "21.12.2020 16:15",
            "open": "6.674",
            "high": "6.75",
            "low": "6.674",
            "close": "6.75"
        },
        {
            "time": "21.12.2020 16:16",
            "open": "6.75",
            "high": "6.75",
            "low": "6.75",
            "close": "6.761"
        },
        {
            "time": "21.12.2020 16:17",
            "open": "6.761",
            "high": "6.99",
            "low": "6.761",
            "close": "6.837"
        },
        {
            "time": "21.12.2020 16:18",
            "open": "6.837",
            "high": "7.05",
            "low": "6.836",
            "close": "7.05"
        },
        {
            "time": "21.12.2020 16:19",
            "open": "7.05",
            "high": "7.3",
            "low": "7.006",
            "close": "7.3"
        },
        {
            "time": "21.12.2020 16:20",
            "open": "7.3",
            "high": "7.418",
            "low": "6.691",
            "close": "7.317"
        },
        {
            "time": "21.12.2020 16:21",
            "open": "7.317",
            "high": "7.5",
            "low": "7.317",
            "close": "7.276"
        },
        {
            "time": "21.12.2020 16:22",
            "open": "7.276",
            "high": "7.58",
            "low": "6.854",
            "close": "7.222"
        },
        {
            "time": "21.12.2020 16:23",
            "open": "7.222",
            "high": "7.467",
            "low": "6.792",
            "close": "6.903"
        },
        {
            "time": "21.12.2020 16:24",
            "open": "6.903",
            "high": "7.345",
            "low": "6.888",
            "close": "7.276"
        },
        {
            "time": "21.12.2020 16:25",
            "open": "7.276",
            "high": "7.276",
            "low": "7.256",
            "close": "7.211"
        },
        {
            "time": "21.12.2020 16:26",
            "open": "7.211",
            "high": "7.211",
            "low": "7.04",
            "close": "7.123"
        },
        {
            "time": "21.12.2020 16:27",
            "open": "7.123",
            "high": "7.137",
            "low": "7.048",
            "close": "7.067"
        },
        {
            "time": "21.12.2020 16:28",
            "open": "7.067",
            "high": "7.067",
            "low": "6.929",
            "close": "7.105"
        },
        {
            "time": "21.12.2020 16:29",
            "open": "7.105",
            "high": "7.169",
            "low": "6.88",
            "close": "7.001"
        },
        {
            "time": "21.12.2020 16:30",
            "open": "7.001",
            "high": "7.159",
            "low": "6.919",
            "close": "7.074"
        },
        {
            "time": "21.12.2020 16:31",
            "open": "7.074",
            "high": "7.074",
            "low": "6.885",
            "close": "6.917"
        },
        {
            "time": "21.12.2020 16:32",
            "open": "6.917",
            "high": "7.2",
            "low": "6.903",
            "close": "7.045"
        },
        {
            "time": "21.12.2020 16:33",
            "open": "7.045",
            "high": "7.046",
            "low": "6.935",
            "close": "7.093"
        },
        {
            "time": "21.12.2020 16:34",
            "open": "7.093",
            "high": "7.328",
            "low": "7.024",
            "close": "7.076"
        },
        {
            "time": "21.12.2020 16:35",
            "open": "7.076",
            "high": "7.189",
            "low": "7.076",
            "close": "7.125"
        },
        {
            "time": "21.12.2020 16:36",
            "open": "7.125",
            "high": "7.125",
            "low": "7.084",
            "close": "7.118"
        },
        {
            "time": "21.12.2020 16:37",
            "open": "7.118",
            "high": "7.118",
            "low": "7.085",
            "close": "7.084"
        },
        {
            "time": "21.12.2020 16:38",
            "open": "7.084",
            "high": "7.129",
            "low": "6.902",
            "close": "6.932"
        },
        {
            "time": "21.12.2020 16:39",
            "open": "6.932",
            "high": "7.154",
            "low": "6.811",
            "close": "6.869"
        },
        {
            "time": "21.12.2020 16:40",
            "open": "6.869",
            "high": "7.111",
            "low": "6.805",
            "close": "7"
        },
        {
            "time": "21.12.2020 16:41",
            "open": "7",
            "high": "7.113",
            "low": "6.98",
            "close": "7.071"
        },
        {
            "time": "21.12.2020 16:42",
            "open": "7.071",
            "high": "7.487",
            "low": "7.026",
            "close": "7.071"
        },
        {
            "time": "21.12.2020 16:43",
            "open": "7.071",
            "high": "7.46",
            "low": "7.067",
            "close": "7.1"
        },
        {
            "time": "21.12.2020 16:44",
            "open": "7.1",
            "high": "7.16",
            "low": "7.1",
            "close": "7.166"
        },
        {
            "time": "21.12.2020 16:45",
            "open": "7.166",
            "high": "7.168",
            "low": "7.112",
            "close": "7.107"
        },
        {
            "time": "21.12.2020 16:46",
            "open": "7.107",
            "high": "7.152",
            "low": "7",
            "close": "7"
        },
        {
            "time": "21.12.2020 16:47",
            "open": "7",
            "high": "7.069",
            "low": "6.956",
            "close": "7.045"
        },
        {
            "time": "21.12.2020 16:48",
            "open": "7.045",
            "high": "7.096",
            "low": "6.935",
            "close": "7.008"
        },
        {
            "time": "21.12.2020 16:49",
            "open": "7.008",
            "high": "7.008",
            "low": "6.91",
            "close": "6.934"
        },
        {
            "time": "21.12.2020 16:50",
            "open": "6.934",
            "high": "7.132",
            "low": "6.913",
            "close": "7.128"
        },
        {
            "time": "21.12.2020 16:51",
            "open": "7.128",
            "high": "7.128",
            "low": "6.92",
            "close": "7.023"
        },
        {
            "time": "21.12.2020 16:52",
            "open": "7.023",
            "high": "7.131",
            "low": "6.938",
            "close": "7.06"
        },
        {
            "time": "21.12.2020 16:53",
            "open": "7.06",
            "high": "7.06",
            "low": "6.985",
            "close": "6.988"
        },
        {
            "time": "21.12.2020 16:54",
            "open": "6.988",
            "high": "6.988",
            "low": "6.801",
            "close": "6.944"
        },
        {
            "time": "21.12.2020 16:55",
            "open": "6.944",
            "high": "6.945",
            "low": "6.944",
            "close": "6.944"
        },
        {
            "time": "21.12.2020 16:57",
            "open": "6.944",
            "high": "6.944",
            "low": "6.841",
            "close": "6.848"
        },
        {
            "time": "21.12.2020 16:58",
            "open": "6.848",
            "high": "6.902",
            "low": "6.842",
            "close": "6.829"
        },
        {
            "time": "21.12.2020 16:59",
            "open": "6.829",
            "high": "6.844",
            "low": "6.801",
            "close": "6.801"
        },
        {
            "time": "21.12.2020 17:00",
            "open": "6.801",
            "high": "6.801",
            "low": "6.791",
            "close": "6.898"
        },
        {
            "time": "21.12.2020 17:01",
            "open": "6.898",
            "high": "6.945",
            "low": "6.771",
            "close": "6.877"
        },
        {
            "time": "21.12.2020 17:02",
            "open": "6.877",
            "high": "6.877",
            "low": "6.877",
            "close": "6.946"
        },
        {
            "time": "21.12.2020 17:03",
            "open": "6.946",
            "high": "6.975",
            "low": "6.877",
            "close": "6.827"
        },
        {
            "time": "21.12.2020 17:04",
            "open": "6.827",
            "high": "6.827",
            "low": "6.82",
            "close": "6.821"
        },
        {
            "time": "21.12.2020 17:05",
            "open": "6.821",
            "high": "6.821",
            "low": "6.82",
            "close": "6.82"
        },
        {
            "time": "21.12.2020 17:06",
            "open": "6.82",
            "high": "6.821",
            "low": "6.82",
            "close": "6.812"
        },
        {
            "time": "21.12.2020 17:07",
            "open": "6.812",
            "high": "6.812",
            "low": "6.812",
            "close": "6.791"
        },
        {
            "time": "21.12.2020 17:09",
            "open": "6.791",
            "high": "6.808",
            "low": "6.7",
            "close": "6.796"
        },
        {
            "time": "21.12.2020 17:10",
            "open": "6.796",
            "high": "6.801",
            "low": "6.785",
            "close": "6.794"
        },
        {
            "time": "21.12.2020 17:11",
            "open": "6.794",
            "high": "6.794",
            "low": "6.723",
            "close": "6.703"
        },
        {
            "time": "21.12.2020 17:12",
            "open": "6.703",
            "high": "6.806",
            "low": "6.703",
            "close": "6.727"
        },
        {
            "time": "21.12.2020 17:13",
            "open": "6.727",
            "high": "6.846",
            "low": "6.726",
            "close": "6.735"
        },
        {
            "time": "21.12.2020 17:14",
            "open": "6.735",
            "high": "6.756",
            "low": "6.423",
            "close": "6.684"
        },
        {
            "time": "21.12.2020 17:15",
            "open": "6.684",
            "high": "6.684",
            "low": "6.535",
            "close": "6.605"
        },
        {
            "time": "21.12.2020 17:16",
            "open": "6.605",
            "high": "6.605",
            "low": "6.54",
            "close": "6.599"
        },
        {
            "time": "21.12.2020 17:17",
            "open": "6.599",
            "high": "6.6",
            "low": "6.599",
            "close": "6.596"
        },
        {
            "time": "21.12.2020 17:18",
            "open": "6.596",
            "high": "6.597",
            "low": "6.596",
            "close": "6.6"
        },
        {
            "time": "21.12.2020 17:19",
            "open": "6.6",
            "high": "6.814",
            "low": "6.6",
            "close": "6.614"
        },
        {
            "time": "21.12.2020 17:20",
            "open": "6.614",
            "high": "6.98",
            "low": "6.614",
            "close": "6.912"
        },
        {
            "time": "21.12.2020 17:21",
            "open": "6.912",
            "high": "7",
            "low": "6.912",
            "close": "6.929"
        },
        {
            "time": "21.12.2020 17:23",
            "open": "6.929",
            "high": "6.93",
            "low": "6.886",
            "close": "6.845"
        },
        {
            "time": "21.12.2020 17:24",
            "open": "6.845",
            "high": "6.969",
            "low": "6.759",
            "close": "6.824"
        },
        {
            "time": "21.12.2020 17:25",
            "open": "6.824",
            "high": "6.857",
            "low": "6.778",
            "close": "6.857"
        },
        {
            "time": "21.12.2020 17:26",
            "open": "6.857",
            "high": "6.857",
            "low": "6.857",
            "close": "6.857"
        },
        {
            "time": "21.12.2020 17:27",
            "open": "6.857",
            "high": "6.857",
            "low": "6.772",
            "close": "6.836"
        },
        {
            "time": "21.12.2020 17:28",
            "open": "6.836",
            "high": "6.857",
            "low": "6.804",
            "close": "6.857"
        },
        {
            "time": "21.12.2020 17:29",
            "open": "6.857",
            "high": "6.857",
            "low": "6.789",
            "close": "6.857"
        },
        {
            "time": "21.12.2020 17:30",
            "open": "6.857",
            "high": "6.857",
            "low": "6.772",
            "close": "6.82"
        },
        {
            "time": "21.12.2020 17:31",
            "open": "6.82",
            "high": "7",
            "low": "6.679",
            "close": "6.795"
        },
        {
            "time": "21.12.2020 17:32",
            "open": "6.795",
            "high": "6.795",
            "low": "6.67",
            "close": "6.683"
        },
        {
            "time": "21.12.2020 17:33",
            "open": "6.683",
            "high": "6.683",
            "low": "6.651",
            "close": "6.656"
        },
        {
            "time": "21.12.2020 17:34",
            "open": "6.656",
            "high": "6.822",
            "low": "6.656",
            "close": "6.775"
        },
        {
            "time": "21.12.2020 17:35",
            "open": "6.775",
            "high": "6.775",
            "low": "6.703",
            "close": "6.824"
        },
        {
            "time": "21.12.2020 17:36",
            "open": "6.824",
            "high": "6.824",
            "low": "6.756",
            "close": "6.756"
        },
        {
            "time": "21.12.2020 17:37",
            "open": "6.756",
            "high": "6.756",
            "low": "6.743",
            "close": "6.755"
        },
        {
            "time": "21.12.2020 17:38",
            "open": "6.755",
            "high": "6.761",
            "low": "6.674",
            "close": "6.708"
        },
        {
            "time": "21.12.2020 17:39",
            "open": "6.708",
            "high": "6.708",
            "low": "6.708",
            "close": "6.7"
        },
        {
            "time": "21.12.2020 17:40",
            "open": "6.7",
            "high": "6.722",
            "low": "6.7",
            "close": "6.721"
        },
        {
            "time": "21.12.2020 17:41",
            "open": "6.721",
            "high": "6.733",
            "low": "6.721",
            "close": "6.74"
        },
        {
            "time": "21.12.2020 17:42",
            "open": "6.74",
            "high": "6.748",
            "low": "6.728",
            "close": "6.707"
        },
        {
            "time": "21.12.2020 17:44",
            "open": "6.707",
            "high": "6.737",
            "low": "6.707",
            "close": "6.775"
        },
        {
            "time": "21.12.2020 17:45",
            "open": "6.775",
            "high": "6.775",
            "low": "6.724",
            "close": "6.8"
        },
        {
            "time": "21.12.2020 17:46",
            "open": "6.8",
            "high": "6.8",
            "low": "6.723",
            "close": "6.723"
        },
        {
            "time": "21.12.2020 17:47",
            "open": "6.723",
            "high": "6.723",
            "low": "6.706",
            "close": "6.702"
        },
        {
            "time": "21.12.2020 17:48",
            "open": "6.702",
            "high": "6.702",
            "low": "6.701",
            "close": "6.717"
        },
        {
            "time": "21.12.2020 17:49",
            "open": "6.717",
            "high": "6.775",
            "low": "6.717",
            "close": "6.775"
        },
        {
            "time": "21.12.2020 17:50",
            "open": "6.775",
            "high": "6.775",
            "low": "6.705",
            "close": "6.775"
        },
        {
            "time": "21.12.2020 17:51",
            "open": "6.775",
            "high": "6.775",
            "low": "6.775",
            "close": "6.769"
        },
        {
            "time": "21.12.2020 17:52",
            "open": "6.769",
            "high": "6.769",
            "low": "6.769",
            "close": "6.715"
        },
        {
            "time": "21.12.2020 17:55",
            "open": "6.715",
            "high": "6.715",
            "low": "6.706",
            "close": "6.749"
        },
        {
            "time": "21.12.2020 17:56",
            "open": "6.749",
            "high": "6.749",
            "low": "6.737",
            "close": "6.731"
        },
        {
            "time": "21.12.2020 17:57",
            "open": "6.731",
            "high": "6.731",
            "low": "6.72",
            "close": "6.721"
        },
        {
            "time": "21.12.2020 17:59",
            "open": "6.721",
            "high": "6.721",
            "low": "6.721",
            "close": "6.722"
        },
        {
            "time": "21.12.2020 18:00",
            "open": "6.722",
            "high": "6.776",
            "low": "6.72",
            "close": "6.721"
        },
        {
            "time": "21.12.2020 18:02",
            "open": "6.721",
            "high": "6.721",
            "low": "6.699",
            "close": "6.717"
        },
        {
            "time": "21.12.2020 18:04",
            "open": "6.717",
            "high": "6.717",
            "low": "6.717",
            "close": "6.721"
        },
        {
            "time": "21.12.2020 18:05",
            "open": "6.721",
            "high": "6.721",
            "low": "6.721",
            "close": "6.721"
        },
        {
            "time": "21.12.2020 18:08",
            "open": "6.721",
            "high": "6.778",
            "low": "6.65",
            "close": "6.721"
        },
        {
            "time": "21.12.2020 18:09",
            "open": "6.721",
            "high": "6.721",
            "low": "6.721",
            "close": "6.664"
        },
        {
            "time": "21.12.2020 18:13",
            "open": "6.664",
            "high": "6.682",
            "low": "6.658",
            "close": "6.71"
        },
        {
            "time": "21.12.2020 18:14",
            "open": "6.71",
            "high": "6.71",
            "low": "6.652",
            "close": "6.721"
        },
        {
            "time": "21.12.2020 18:15",
            "open": "6.721",
            "high": "6.721",
            "low": "6.662",
            "close": "6.664"
        },
        {
            "time": "21.12.2020 18:16",
            "open": "6.664",
            "high": "6.664",
            "low": "6.651",
            "close": "6.651"
        },
        {
            "time": "21.12.2020 18:18",
            "open": "6.651",
            "high": "6.688",
            "low": "6.65",
            "close": "6.688"
        },
        {
            "time": "21.12.2020 18:19",
            "open": "6.688",
            "high": "6.689",
            "low": "6.688",
            "close": "6.689"
        },
        {
            "time": "21.12.2020 18:22",
            "open": "6.689",
            "high": "6.789",
            "low": "6.689",
            "close": "6.719"
        },
        {
            "time": "21.12.2020 18:23",
            "open": "6.719",
            "high": "6.719",
            "low": "6.587",
            "close": "6.663"
        },
        {
            "time": "21.12.2020 18:24",
            "open": "6.663",
            "high": "6.663",
            "low": "6.51",
            "close": "6.595"
        },
        {
            "time": "21.12.2020 18:25",
            "open": "6.595",
            "high": "6.602",
            "low": "6.51",
            "close": "6.605"
        },
        {
            "time": "21.12.2020 18:26",
            "open": "6.605",
            "high": "6.605",
            "low": "6.591",
            "close": "6.591"
        },
        {
            "time": "21.12.2020 18:27",
            "open": "6.591",
            "high": "6.605",
            "low": "6.591",
            "close": "6.557"
        },
        {
            "time": "21.12.2020 18:28",
            "open": "6.557",
            "high": "6.557",
            "low": "6.553",
            "close": "6.568"
        },
        {
            "time": "21.12.2020 18:29",
            "open": "6.568",
            "high": "6.573",
            "low": "6.562",
            "close": "6.641"
        },
        {
            "time": "21.12.2020 18:30",
            "open": "6.641",
            "high": "6.641",
            "low": "6.641",
            "close": "6.595"
        },
        {
            "time": "21.12.2020 18:31",
            "open": "6.595",
            "high": "6.601",
            "low": "6.493",
            "close": "6.587"
        },
        {
            "time": "21.12.2020 18:32",
            "open": "6.587",
            "high": "6.587",
            "low": "6.587",
            "close": "6.554"
        },
        {
            "time": "21.12.2020 18:34",
            "open": "6.554",
            "high": "6.583",
            "low": "6.541",
            "close": "6.582"
        },
        {
            "time": "21.12.2020 18:35",
            "open": "6.582",
            "high": "6.591",
            "low": "6.572",
            "close": "6.568"
        },
        {
            "time": "21.12.2020 18:36",
            "open": "6.568",
            "high": "6.568",
            "low": "6.446",
            "close": "6.562"
        },
        {
            "time": "21.12.2020 18:37",
            "open": "6.562",
            "high": "6.562",
            "low": "6.549",
            "close": "6.549"
        },
        {
            "time": "21.12.2020 18:38",
            "open": "6.549",
            "high": "6.586",
            "low": "6.549",
            "close": "6.588"
        },
        {
            "time": "21.12.2020 18:39",
            "open": "6.588",
            "high": "6.588",
            "low": "6.588",
            "close": "6.601"
        },
        {
            "time": "21.12.2020 18:41",
            "open": "6.601",
            "high": "6.607",
            "low": "6.601",
            "close": "6.544"
        },
        {
            "time": "21.12.2020 18:43",
            "open": "6.544",
            "high": "6.544",
            "low": "6.543",
            "close": "6.544"
        },
        {
            "time": "21.12.2020 18:46",
            "open": "6.544",
            "high": "6.544",
            "low": "6.544",
            "close": "6.579"
        },
        {
            "time": "21.12.2020 18:48",
            "open": "6.579",
            "high": "6.579",
            "low": "6.567",
            "close": "6.561"
        },
        {
            "time": "21.12.2020 18:49",
            "open": "6.561",
            "high": "6.587",
            "low": "6.536",
            "close": "6.569"
        },
        {
            "time": "21.12.2020 18:50",
            "open": "6.569",
            "high": "6.571",
            "low": "6.522",
            "close": "6.572"
        },
        {
            "time": "21.12.2020 18:51",
            "open": "6.572",
            "high": "6.572",
            "low": "6.561",
            "close": "6.571"
        },
        {
            "time": "21.12.2020 18:52",
            "open": "6.571",
            "high": "6.572",
            "low": "6.507",
            "close": "6.555"
        },
        {
            "time": "21.12.2020 18:53",
            "open": "6.555",
            "high": "6.555",
            "low": "6.555",
            "close": "6.555"
        },
        {
            "time": "21.12.2020 18:56",
            "open": "6.555",
            "high": "6.555",
            "low": "6.555",
            "close": "6.51"
        },
        {
            "time": "21.12.2020 18:57",
            "open": "6.51",
            "high": "6.51",
            "low": "6.51",
            "close": "6.51"
        },
        {
            "time": "21.12.2020 18:58",
            "open": "6.51",
            "high": "6.511",
            "low": "6.51",
            "close": "6.51"
        },
        {
            "time": "21.12.2020 18:59",
            "open": "6.51",
            "high": "6.511",
            "low": "6.494",
            "close": "6.509"
        },
        {
            "time": "21.12.2020 19:00",
            "open": "6.509",
            "high": "6.509",
            "low": "6.422",
            "close": "6.509"
        },
        {
            "time": "21.12.2020 19:01",
            "open": "6.509",
            "high": "6.51",
            "low": "6.509",
            "close": "6.556"
        },
        {
            "time": "21.12.2020 19:02",
            "open": "6.556",
            "high": "6.557",
            "low": "6.513",
            "close": "6.525"
        },
        {
            "time": "21.12.2020 19:03",
            "open": "6.525",
            "high": "6.576",
            "low": "6.481",
            "close": "6.516"
        },
        {
            "time": "21.12.2020 19:04",
            "open": "6.516",
            "high": "6.516",
            "low": "6.504",
            "close": "6.581"
        },
        {
            "time": "21.12.2020 19:07",
            "open": "6.581",
            "high": "6.601",
            "low": "6.531",
            "close": "6.595"
        },
        {
            "time": "21.12.2020 19:08",
            "open": "6.595",
            "high": "6.595",
            "low": "6.555",
            "close": "6.48"
        },
        {
            "time": "21.12.2020 19:10",
            "open": "6.48",
            "high": "6.48",
            "low": "6.48",
            "close": "6.51"
        },
        {
            "time": "21.12.2020 19:12",
            "open": "6.51",
            "high": "6.51",
            "low": "6.51",
            "close": "6.559"
        },
        {
            "time": "21.12.2020 19:13",
            "open": "6.559",
            "high": "6.559",
            "low": "6.559",
            "close": "6.559"
        },
        {
            "time": "21.12.2020 19:15",
            "open": "6.559",
            "high": "6.559",
            "low": "6.559",
            "close": "6.57"
        },
        {
            "time": "21.12.2020 19:17",
            "open": "6.57",
            "high": "6.57",
            "low": "6.57",
            "close": "6.577"
        },
        {
            "time": "21.12.2020 19:19",
            "open": "6.577",
            "high": "6.586",
            "low": "6.577",
            "close": "6.548"
        },
        {
            "time": "21.12.2020 19:21",
            "open": "6.548",
            "high": "6.634",
            "low": "6.548",
            "close": "6.588"
        },
        {
            "time": "21.12.2020 19:22",
            "open": "6.588",
            "high": "6.588",
            "low": "6.588",
            "close": "6.579"
        },
        {
            "time": "21.12.2020 19:23",
            "open": "6.579",
            "high": "6.579",
            "low": "6.579",
            "close": "6.605"
        },
        {
            "time": "21.12.2020 19:27",
            "open": "6.605",
            "high": "6.607",
            "low": "6.605",
            "close": "6.614"
        },
        {
            "time": "21.12.2020 19:31",
            "open": "6.614",
            "high": "6.641",
            "low": "6.614",
            "close": "6.661"
        },
        {
            "time": "21.12.2020 19:32",
            "open": "6.661",
            "high": "6.661",
            "low": "6.661",
            "close": "6.661"
        },
        {
            "time": "21.12.2020 19:33",
            "open": "6.661",
            "high": "6.661",
            "low": "6.661",
            "close": "6.681"
        },
        {
            "time": "21.12.2020 19:34",
            "open": "6.681",
            "high": "6.699",
            "low": "6.681",
            "close": "6.698"
        },
        {
            "time": "21.12.2020 19:35",
            "open": "6.698",
            "high": "6.698",
            "low": "6.693",
            "close": "6.699"
        },
        {
            "time": "21.12.2020 19:37",
            "open": "6.699",
            "high": "6.7",
            "low": "6.699",
            "close": "6.72"
        },
        {
            "time": "21.12.2020 19:45",
            "open": "6.72",
            "high": "6.72",
            "low": "6.72",
            "close": "6.72"
        },
        {
            "time": "21.12.2020 19:46",
            "open": "6.72",
            "high": "6.72",
            "low": "6.72",
            "close": "6.72"
        },
        {
            "time": "21.12.2020 19:47",
            "open": "6.72",
            "high": "6.72",
            "low": "6.72",
            "close": "6.72"
        },
        {
            "time": "21.12.2020 19:48",
            "open": "6.72",
            "high": "6.72",
            "low": "6.641",
            "close": "6.704"
        },
        {
            "time": "21.12.2020 19:49",
            "open": "6.704",
            "high": "6.704",
            "low": "6.67",
            "close": "6.721"
        },
        {
            "time": "21.12.2020 19:51",
            "open": "6.721",
            "high": "6.737",
            "low": "6.721",
            "close": "6.698"
        },
        {
            "time": "21.12.2020 19:54",
            "open": "6.698",
            "high": "6.698",
            "low": "6.698",
            "close": "6.697"
        },
        {
            "time": "21.12.2020 19:55",
            "open": "6.697",
            "high": "6.788",
            "low": "6.697",
            "close": "6.7"
        },
        {
            "time": "21.12.2020 20:01",
            "open": "6.7",
            "high": "6.7",
            "low": "6.7",
            "close": "6.713"
        },
        {
            "time": "21.12.2020 20:03",
            "open": "6.713",
            "high": "6.753",
            "low": "6.713",
            "close": "6.734"
        },
        {
            "time": "21.12.2020 20:04",
            "open": "6.734",
            "high": "6.734",
            "low": "6.734",
            "close": "6.766"
        },
        {
            "time": "21.12.2020 20:07",
            "open": "6.766",
            "high": "6.766",
            "low": "6.766",
            "close": "6.775"
        },
        {
            "time": "21.12.2020 20:12",
            "open": "6.775",
            "high": "6.775",
            "low": "6.775",
            "close": "6.762"
        },
        {
            "time": "21.12.2020 20:15",
            "open": "6.762",
            "high": "6.78",
            "low": "6.762",
            "close": "6.76"
        },
        {
            "time": "21.12.2020 20:17",
            "open": "6.76",
            "high": "6.76",
            "low": "6.7",
            "close": "6.729"
        },
        {
            "time": "21.12.2020 20:20",
            "open": "6.729",
            "high": "6.733",
            "low": "6.729",
            "close": "6.702"
        },
        {
            "time": "21.12.2020 20:21",
            "open": "6.702",
            "high": "6.702",
            "low": "6.702",
            "close": "6.72"
        },
        {
            "time": "21.12.2020 20:22",
            "open": "6.72",
            "high": "6.72",
            "low": "6.72",
            "close": "6.715"
        },
        {
            "time": "21.12.2020 20:23",
            "open": "6.715",
            "high": "6.715",
            "low": "6.713",
            "close": "6.7"
        },
        {
            "time": "21.12.2020 20:26",
            "open": "6.7",
            "high": "6.7",
            "low": "6.632",
            "close": "6.672"
        },
        {
            "time": "21.12.2020 20:28",
            "open": "6.672",
            "high": "6.672",
            "low": "6.671",
            "close": "6.679"
        },
        {
            "time": "21.12.2020 20:30",
            "open": "6.679",
            "high": "6.679",
            "low": "6.652",
            "close": "6.699"
        },
        {
            "time": "21.12.2020 20:32",
            "open": "6.699",
            "high": "6.7",
            "low": "6.699",
            "close": "6.687"
        },
        {
            "time": "21.12.2020 20:36",
            "open": "6.687",
            "high": "6.7",
            "low": "6.687",
            "close": "6.684"
        },
        {
            "time": "21.12.2020 20:39",
            "open": "6.684",
            "high": "6.684",
            "low": "6.683",
            "close": "6.684"
        },
        {
            "time": "21.12.2020 20:44",
            "open": "6.684",
            "high": "6.684",
            "low": "6.684",
            "close": "6.678"
        },
        {
            "time": "21.12.2020 20:45",
            "open": "6.678",
            "high": "6.678",
            "low": "6.678",
            "close": "6.671"
        },
        {
            "time": "21.12.2020 20:46",
            "open": "6.671",
            "high": "6.671",
            "low": "6.671",
            "close": "6.65"
        },
        {
            "time": "21.12.2020 20:48",
            "open": "6.65",
            "high": "6.65",
            "low": "6.65",
            "close": "6.65"
        },
        {
            "time": "21.12.2020 20:49",
            "open": "6.65",
            "high": "6.65",
            "low": "6.611",
            "close": "6.614"
        },
        {
            "time": "21.12.2020 20:51",
            "open": "6.614",
            "high": "6.614",
            "low": "6.614",
            "close": "6.622"
        },
        {
            "time": "21.12.2020 20:52",
            "open": "6.622",
            "high": "6.622",
            "low": "6.611",
            "close": "6.611"
        },
        {
            "time": "21.12.2020 20:53",
            "open": "6.611",
            "high": "6.611",
            "low": "6.61",
            "close": "6.619"
        },
        {
            "time": "21.12.2020 20:57",
            "open": "6.619",
            "high": "6.624",
            "low": "6.619",
            "close": "6.616"
        },
        {
            "time": "21.12.2020 20:59",
            "open": "6.616",
            "high": "6.616",
            "low": "6.592",
            "close": "6.595"
        },
        {
            "time": "21.12.2020 21:02",
            "open": "6.595",
            "high": "6.645",
            "low": "6.594",
            "close": "6.591"
        },
        {
            "time": "21.12.2020 21:04",
            "open": "6.591",
            "high": "6.625",
            "low": "6.584",
            "close": "6.647"
        },
        {
            "time": "21.12.2020 21:15",
            "open": "6.647",
            "high": "6.647",
            "low": "6.647",
            "close": "6.648"
        },
        {
            "time": "21.12.2020 21:20",
            "open": "6.648",
            "high": "6.648",
            "low": "6.648",
            "close": "6.644"
        },
        {
            "time": "21.12.2020 21:26",
            "open": "6.644",
            "high": "6.648",
            "low": "6.644",
            "close": "6.64"
        },
        {
            "time": "21.12.2020 21:37",
            "open": "6.64",
            "high": "6.664",
            "low": "6.64",
            "close": "6.664"
        },
        {
            "time": "21.12.2020 21:40",
            "open": "6.664",
            "high": "6.67",
            "low": "6.664",
            "close": "6.661"
        },
        {
            "time": "21.12.2020 21:41",
            "open": "6.661",
            "high": "6.696",
            "low": "6.661",
            "close": "6.687"
        },
        {
            "time": "21.12.2020 21:43",
            "open": "6.687",
            "high": "6.687",
            "low": "6.687",
            "close": "6.696"
        },
        {
            "time": "21.12.2020 21:51",
            "open": "6.696",
            "high": "6.696",
            "low": "6.696",
            "close": "6.695"
        },
        {
            "time": "21.12.2020 21:58",
            "open": "6.695",
            "high": "6.7",
            "low": "6.695",
            "close": "6.739"
        },
        {
            "time": "21.12.2020 22:00",
            "open": "6.739",
            "high": "6.739",
            "low": "6.739",
            "close": "6.741"
        },
        {
            "time": "21.12.2020 22:01",
            "open": "6.741",
            "high": "6.741",
            "low": "6.741",
            "close": "6.761"
        },
        {
            "time": "21.12.2020 22:07",
            "open": "6.761",
            "high": "6.781",
            "low": "6.761",
            "close": "6.779"
        },
        {
            "time": "21.12.2020 22:09",
            "open": "6.779",
            "high": "6.779",
            "low": "6.779",
            "close": "6.779"
        },
        {
            "time": "21.12.2020 22:11",
            "open": "6.779",
            "high": "6.779",
            "low": "6.779",
            "close": "6.8"
        },
        {
            "time": "21.12.2020 22:14",
            "open": "6.8",
            "high": "6.8",
            "low": "6.8",
            "close": "6.782"
        },
        {
            "time": "21.12.2020 22:15",
            "open": "6.782",
            "high": "6.782",
            "low": "6.782",
            "close": "6.802"
        },
        {
            "time": "21.12.2020 22:17",
            "open": "6.802",
            "high": "6.825",
            "low": "6.802",
            "close": "6.825"
        },
        {
            "time": "21.12.2020 22:18",
            "open": "6.825",
            "high": "6.825",
            "low": "6.825",
            "close": "6.825"
        },
        {
            "time": "21.12.2020 22:20",
            "open": "6.825",
            "high": "6.94",
            "low": "6.825",
            "close": "6.865"
        },
        {
            "time": "21.12.2020 22:23",
            "open": "6.865",
            "high": "6.876",
            "low": "6.847",
            "close": "6.849"
        },
        {
            "time": "21.12.2020 22:24",
            "open": "6.849",
            "high": "6.868",
            "low": "6.849",
            "close": "6.859"
        },
        {
            "time": "21.12.2020 22:25",
            "open": "6.859",
            "high": "6.898",
            "low": "6.859",
            "close": "6.889"
        },
        {
            "time": "21.12.2020 22:26",
            "open": "6.889",
            "high": "6.95",
            "low": "6.886",
            "close": "6.887"
        },
        {
            "time": "21.12.2020 22:27",
            "open": "6.887",
            "high": "7.155",
            "low": "6.887",
            "close": "7.018"
        },
        {
            "time": "21.12.2020 22:28",
            "open": "7.018",
            "high": "7.165",
            "low": "7.018",
            "close": "7.092"
        },
        {
            "time": "21.12.2020 22:29",
            "open": "7.092",
            "high": "7.092",
            "low": "7.034",
            "close": "7.02"
        },
        {
            "time": "21.12.2020 22:31",
            "open": "7.02",
            "high": "7.031",
            "low": "6.969",
            "close": "6.968"
        },
        {
            "time": "21.12.2020 22:32",
            "open": "6.968",
            "high": "7.009",
            "low": "6.968",
            "close": "6.974"
        },
        {
            "time": "21.12.2020 22:33",
            "open": "6.974",
            "high": "6.974",
            "low": "6.955",
            "close": "7.041"
        },
        {
            "time": "21.12.2020 22:34",
            "open": "7.041",
            "high": "7.041",
            "low": "7.041",
            "close": "7.071"
        },
        {
            "time": "21.12.2020 22:37",
            "open": "7.071",
            "high": "7.093",
            "low": "7.071",
            "close": "7.071"
        },
        {
            "time": "21.12.2020 22:38",
            "open": "7.071",
            "high": "7.071",
            "low": "7.071",
            "close": "7.072"
        },
        {
            "time": "21.12.2020 22:39",
            "open": "7.072",
            "high": "7.072",
            "low": "7.063",
            "close": "7.071"
        },
        {
            "time": "21.12.2020 22:40",
            "open": "7.071",
            "high": "7.073",
            "low": "7.071",
            "close": "7.091"
        },
        {
            "time": "21.12.2020 22:41",
            "open": "7.091",
            "high": "7.091",
            "low": "7.091",
            "close": "7.096"
        },
        {
            "time": "21.12.2020 22:42",
            "open": "7.096",
            "high": "7.112",
            "low": "7.096",
            "close": "7.088"
        },
        {
            "time": "21.12.2020 22:43",
            "open": "7.088",
            "high": "7.111",
            "low": "7.075",
            "close": "7.075"
        },
        {
            "time": "21.12.2020 22:44",
            "open": "7.075",
            "high": "7.101",
            "low": "7.055",
            "close": "7.074"
        },
        {
            "time": "21.12.2020 22:45",
            "open": "7.074",
            "high": "7.097",
            "low": "7.074",
            "close": "7.075"
        },
        {
            "time": "21.12.2020 22:47",
            "open": "7.075",
            "high": "7.075",
            "low": "7.018",
            "close": "7.004"
        },
        {
            "time": "21.12.2020 22:48",
            "open": "7.004",
            "high": "7.004",
            "low": "6.982",
            "close": "6.945"
        },
        {
            "time": "21.12.2020 22:49",
            "open": "6.945",
            "high": "6.945",
            "low": "6.936",
            "close": "6.935"
        },
        {
            "time": "21.12.2020 22:50",
            "open": "6.935",
            "high": "6.935",
            "low": "6.924",
            "close": "6.916"
        },
        {
            "time": "21.12.2020 22:51",
            "open": "6.916",
            "high": "6.953",
            "low": "6.916",
            "close": "6.938"
        },
        {
            "time": "21.12.2020 22:52",
            "open": "6.938",
            "high": "6.939",
            "low": "6.938",
            "close": "6.94"
        },
        {
            "time": "21.12.2020 22:53",
            "open": "6.94",
            "high": "6.94",
            "low": "6.939",
            "close": "6.914"
        },
        {
            "time": "21.12.2020 22:56",
            "open": "6.914",
            "high": "6.914",
            "low": "6.905",
            "close": "6.902"
        },
        {
            "time": "21.12.2020 22:57",
            "open": "6.902",
            "high": "6.902",
            "low": "6.9",
            "close": "6.897"
        },
        {
            "time": "21.12.2020 22:58",
            "open": "6.897",
            "high": "6.898",
            "low": "6.862",
            "close": "6.898"
        },
        {
            "time": "21.12.2020 23:00",
            "open": "6.898",
            "high": "6.898",
            "low": "6.896",
            "close": "6.896"
        },
        {
            "time": "21.12.2020 23:01",
            "open": "6.896",
            "high": "6.896",
            "low": "6.881",
            "close": "6.881"
        },
        {
            "time": "21.12.2020 23:02",
            "open": "6.881",
            "high": "6.881",
            "low": "6.856",
            "close": "6.865"
        },
        {
            "time": "21.12.2020 23:03",
            "open": "6.865",
            "high": "6.865",
            "low": "6.865",
            "close": "6.884"
        },
        {
            "time": "21.12.2020 23:05",
            "open": "6.884",
            "high": "6.884",
            "low": "6.865",
            "close": "6.916"
        },
        {
            "time": "21.12.2020 23:06",
            "open": "6.916",
            "high": "6.917",
            "low": "6.916",
            "close": "6.878"
        },
        {
            "time": "21.12.2020 23:07",
            "open": "6.878",
            "high": "6.894",
            "low": "6.878",
            "close": "6.916"
        },
        {
            "time": "21.12.2020 23:08",
            "open": "6.916",
            "high": "6.916",
            "low": "6.916",
            "close": "6.908"
        },
        {
            "time": "21.12.2020 23:09",
            "open": "6.908",
            "high": "6.908",
            "low": "6.888",
            "close": "6.896"
        },
        {
            "time": "21.12.2020 23:10",
            "open": "6.896",
            "high": "6.896",
            "low": "6.896",
            "close": "6.894"
        },
        {
            "time": "21.12.2020 23:11",
            "open": "6.894",
            "high": "6.894",
            "low": "6.894",
            "close": "6.909"
        },
        {
            "time": "21.12.2020 23:13",
            "open": "6.909",
            "high": "6.909",
            "low": "6.909",
            "close": "6.924"
        },
        {
            "time": "21.12.2020 23:15",
            "open": "6.924",
            "high": "6.942",
            "low": "6.924",
            "close": "6.938"
        },
        {
            "time": "21.12.2020 23:16",
            "open": "6.938",
            "high": "6.938",
            "low": "6.938",
            "close": "6.938"
        },
        {
            "time": "21.12.2020 23:19",
            "open": "6.938",
            "high": "6.938",
            "low": "6.938",
            "close": "6.938"
        },
        {
            "time": "21.12.2020 23:20",
            "open": "6.938",
            "high": "6.938",
            "low": "6.938",
            "close": "6.938"
        },
        {
            "time": "21.12.2020 23:21",
            "open": "6.938",
            "high": "6.938",
            "low": "6.938",
            "close": "7.017"
        },
        {
            "time": "21.12.2020 23:23",
            "open": "7.017",
            "high": "7.018",
            "low": "7.016",
            "close": "7.016"
        },
        {
            "time": "21.12.2020 23:26",
            "open": "7.016",
            "high": "7.016",
            "low": "7.016",
            "close": "7.03"
        },
        {
            "time": "21.12.2020 23:27",
            "open": "7.03",
            "high": "7.034",
            "low": "7.03",
            "close": "7.051"
        },
        {
            "time": "21.12.2020 23:31",
            "open": "7.051",
            "high": "7.086",
            "low": "7.051",
            "close": "7.072"
        },
        {
            "time": "21.12.2020 23:32",
            "open": "7.072",
            "high": "7.072",
            "low": "7.042",
            "close": "7.083"
        },
        {
            "time": "21.12.2020 23:34",
            "open": "7.083",
            "high": "7.083",
            "low": "7.083",
            "close": "7.043"
        },
        {
            "time": "21.12.2020 23:35",
            "open": "7.043",
            "high": "7.043",
            "low": "7.04",
            "close": "7.066"
        },
        {
            "time": "21.12.2020 23:36",
            "open": "7.066",
            "high": "7.066",
            "low": "7.065",
            "close": "7.082"
        },
        {
            "time": "21.12.2020 23:40",
            "open": "7.082",
            "high": "7.082",
            "low": "7.08",
            "close": "7.073"
        },
        {
            "time": "21.12.2020 23:41",
            "open": "7.073",
            "high": "7.11",
            "low": "7.073",
            "close": "7.094"
        },
        {
            "time": "21.12.2020 23:42",
            "open": "7.094",
            "high": "7.094",
            "low": "7.094",
            "close": "7.092"
        },
        {
            "time": "21.12.2020 23:43",
            "open": "7.092",
            "high": "7.099",
            "low": "7.065",
            "close": "7.098"
        },
        {
            "time": "21.12.2020 23:44",
            "open": "7.098",
            "high": "7.098",
            "low": "7.098",
            "close": "7.1"
        },
        {
            "time": "21.12.2020 23:45",
            "open": "7.1",
            "high": "7.126",
            "low": "7.1",
            "close": "7.086"
        },
        {
            "time": "21.12.2020 23:46",
            "open": "7.086",
            "high": "7.1",
            "low": "7.086",
            "close": "7.08"
        },
        {
            "time": "21.12.2020 23:47",
            "open": "7.08",
            "high": "7.113",
            "low": "7.08",
            "close": "7.124"
        },
        {
            "time": "21.12.2020 23:49",
            "open": "7.124",
            "high": "7.129",
            "low": "7.116",
            "close": "7.116"
        },
        {
            "time": "21.12.2020 23:50",
            "open": "7.116",
            "high": "7.118",
            "low": "7.116",
            "close": "7.105"
        },
        {
            "time": "21.12.2020 23:52",
            "open": "7.105",
            "high": "7.105",
            "low": "7.105",
            "close": "7.105"
        },
        {
            "time": "21.12.2020 23:53",
            "open": "7.105",
            "high": "7.105",
            "low": "7.105",
            "close": "7.105"
        },
        {
            "time": "21.12.2020 23:54",
            "open": "7.105",
            "high": "7.166",
            "low": "7.103",
            "close": "7.153"
        },
        {
            "time": "21.12.2020 23:56",
            "open": "7.153",
            "high": "7.153",
            "low": "7.123",
            "close": "7.162"
        },
        {
            "time": "21.12.2020 23:57",
            "open": "7.162",
            "high": "7.162",
            "low": "7.161",
            "close": "7.161"
        },
        {
            "time": "21.12.2020 23:58",
            "open": "7.161",
            "high": "7.166",
            "low": "7.137",
            "close": "7.165"
        }
    ]
}