{
    "UMA-EUR": [
        {
            "time": "23.12.2020 23:57",
            "open": "6.47",
            "high": "6.47",
            "low": "6.47",
            "close": "6.398"
        },
        {
            "time": "24.12.2020 00:01",
            "open": "6.398",
            "high": "6.398",
            "low": "6.398",
            "close": "6.449"
        },
        {
            "time": "24.12.2020 00:03",
            "open": "6.449",
            "high": "6.452",
            "low": "6.449",
            "close": "6.457"
        },
        {
            "time": "24.12.2020 00:05",
            "open": "6.457",
            "high": "6.458",
            "low": "6.457",
            "close": "6.433"
        },
        {
            "time": "24.12.2020 00:07",
            "open": "6.433",
            "high": "6.433",
            "low": "6.433",
            "close": "6.433"
        },
        {
            "time": "24.12.2020 00:08",
            "open": "6.433",
            "high": "6.433",
            "low": "6.433",
            "close": "6.471"
        },
        {
            "time": "24.12.2020 00:09",
            "open": "6.471",
            "high": "6.485",
            "low": "6.471",
            "close": "6.475"
        },
        {
            "time": "24.12.2020 00:10",
            "open": "6.475",
            "high": "6.475",
            "low": "6.475",
            "close": "6.423"
        },
        {
            "time": "24.12.2020 00:11",
            "open": "6.423",
            "high": "6.423",
            "low": "6.423",
            "close": "6.426"
        },
        {
            "time": "24.12.2020 00:12",
            "open": "6.426",
            "high": "6.426",
            "low": "6.426",
            "close": "6.443"
        },
        {
            "time": "24.12.2020 00:15",
            "open": "6.443",
            "high": "6.445",
            "low": "6.443",
            "close": "6.445"
        },
        {
            "time": "24.12.2020 00:21",
            "open": "6.445",
            "high": "6.474",
            "low": "6.425",
            "close": "6.443"
        },
        {
            "time": "24.12.2020 00:22",
            "open": "6.443",
            "high": "6.443",
            "low": "6.443",
            "close": "6.444"
        },
        {
            "time": "24.12.2020 00:23",
            "open": "6.444",
            "high": "6.444",
            "low": "6.444",
            "close": "6.444"
        },
        {
            "time": "24.12.2020 00:28",
            "open": "6.444",
            "high": "6.444",
            "low": "6.444",
            "close": "6.447"
        },
        {
            "time": "24.12.2020 00:32",
            "open": "6.447",
            "high": "6.447",
            "low": "6.447",
            "close": "6.486"
        },
        {
            "time": "24.12.2020 00:33",
            "open": "6.486",
            "high": "6.486",
            "low": "6.486",
            "close": "6.465"
        },
        {
            "time": "24.12.2020 00:34",
            "open": "6.465",
            "high": "6.475",
            "low": "6.465",
            "close": "6.5"
        },
        {
            "time": "24.12.2020 00:36",
            "open": "6.5",
            "high": "6.502",
            "low": "6.5",
            "close": "6.538"
        },
        {
            "time": "24.12.2020 00:41",
            "open": "6.538",
            "high": "6.538",
            "low": "6.538",
            "close": "6.528"
        },
        {
            "time": "24.12.2020 00:42",
            "open": "6.528",
            "high": "6.542",
            "low": "6.528",
            "close": "6.537"
        },
        {
            "time": "24.12.2020 00:43",
            "open": "6.537",
            "high": "6.537",
            "low": "6.537",
            "close": "6.532"
        },
        {
            "time": "24.12.2020 00:44",
            "open": "6.532",
            "high": "6.532",
            "low": "6.532",
            "close": "6.532"
        },
        {
            "time": "24.12.2020 00:45",
            "open": "6.532",
            "high": "6.532",
            "low": "6.521",
            "close": "6.531"
        },
        {
            "time": "24.12.2020 00:47",
            "open": "6.531",
            "high": "6.531",
            "low": "6.502",
            "close": "6.502"
        },
        {
            "time": "24.12.2020 00:49",
            "open": "6.502",
            "high": "6.502",
            "low": "6.502",
            "close": "6.5"
        },
        {
            "time": "24.12.2020 00:50",
            "open": "6.5",
            "high": "6.5",
            "low": "6.486",
            "close": "6.481"
        },
        {
            "time": "24.12.2020 00:56",
            "open": "6.481",
            "high": "6.481",
            "low": "6.481",
            "close": "6.429"
        },
        {
            "time": "24.12.2020 01:00",
            "open": "6.429",
            "high": "6.429",
            "low": "6.429",
            "close": "6.471"
        },
        {
            "time": "24.12.2020 01:04",
            "open": "6.471",
            "high": "6.471",
            "low": "6.471",
            "close": "6.466"
        },
        {
            "time": "24.12.2020 01:09",
            "open": "6.466",
            "high": "6.466",
            "low": "6.466",
            "close": "6.467"
        },
        {
            "time": "24.12.2020 01:11",
            "open": "6.467",
            "high": "6.467",
            "low": "6.467",
            "close": "6.468"
        },
        {
            "time": "24.12.2020 01:13",
            "open": "6.468",
            "high": "6.468",
            "low": "6.468",
            "close": "6.4"
        },
        {
            "time": "24.12.2020 01:16",
            "open": "6.4",
            "high": "6.4",
            "low": "6.4",
            "close": "6.4"
        },
        {
            "time": "24.12.2020 01:17",
            "open": "6.4",
            "high": "6.4",
            "low": "6.324",
            "close": "6.404"
        },
        {
            "time": "24.12.2020 01:18",
            "open": "6.404",
            "high": "6.404",
            "low": "6.404",
            "close": "6.41"
        },
        {
            "time": "24.12.2020 01:19",
            "open": "6.41",
            "high": "6.412",
            "low": "6.41",
            "close": "6.391"
        },
        {
            "time": "24.12.2020 01:20",
            "open": "6.391",
            "high": "6.411",
            "low": "6.391",
            "close": "6.396"
        },
        {
            "time": "24.12.2020 01:26",
            "open": "6.396",
            "high": "6.402",
            "low": "6.396",
            "close": "6.324"
        },
        {
            "time": "24.12.2020 01:29",
            "open": "6.324",
            "high": "6.324",
            "low": "6.324",
            "close": "6.31"
        },
        {
            "time": "24.12.2020 01:41",
            "open": "6.31",
            "high": "6.31",
            "low": "6.291",
            "close": "6.311"
        },
        {
            "time": "24.12.2020 01:42",
            "open": "6.311",
            "high": "6.311",
            "low": "6.29",
            "close": "6.29"
        },
        {
            "time": "24.12.2020 01:43",
            "open": "6.29",
            "high": "6.29",
            "low": "6.29",
            "close": "6.288"
        },
        {
            "time": "24.12.2020 01:44",
            "open": "6.288",
            "high": "6.288",
            "low": "6.288",
            "close": "6.283"
        },
        {
            "time": "24.12.2020 01:46",
            "open": "6.283",
            "high": "6.283",
            "low": "6.283",
            "close": "6.294"
        },
        {
            "time": "24.12.2020 01:52",
            "open": "6.294",
            "high": "6.452",
            "low": "6.294",
            "close": "6.283"
        },
        {
            "time": "24.12.2020 01:58",
            "open": "6.283",
            "high": "6.283",
            "low": "6.271",
            "close": "6.29"
        },
        {
            "time": "24.12.2020 01:59",
            "open": "6.29",
            "high": "6.29",
            "low": "6.29",
            "close": "6.315"
        },
        {
            "time": "24.12.2020 02:00",
            "open": "6.315",
            "high": "6.315",
            "low": "6.315",
            "close": "6.279"
        },
        {
            "time": "24.12.2020 02:02",
            "open": "6.279",
            "high": "6.279",
            "low": "6.279",
            "close": "6.288"
        },
        {
            "time": "24.12.2020 02:06",
            "open": "6.288",
            "high": "6.288",
            "low": "6.288",
            "close": "6.299"
        },
        {
            "time": "24.12.2020 02:15",
            "open": "6.299",
            "high": "6.299",
            "low": "6.299",
            "close": "6.322"
        },
        {
            "time": "24.12.2020 02:26",
            "open": "6.322",
            "high": "6.322",
            "low": "6.322",
            "close": "6.319"
        },
        {
            "time": "24.12.2020 02:37",
            "open": "6.319",
            "high": "6.319",
            "low": "6.319",
            "close": "6.32"
        },
        {
            "time": "24.12.2020 02:38",
            "open": "6.32",
            "high": "6.32",
            "low": "6.32",
            "close": "6.32"
        },
        {
            "time": "24.12.2020 02:40",
            "open": "6.32",
            "high": "6.32",
            "low": "6.32",
            "close": "6.32"
        },
        {
            "time": "24.12.2020 02:41",
            "open": "6.32",
            "high": "6.32",
            "low": "6.32",
            "close": "6.322"
        },
        {
            "time": "24.12.2020 02:47",
            "open": "6.322",
            "high": "6.382",
            "low": "6.306",
            "close": "6.363"
        },
        {
            "time": "24.12.2020 02:54",
            "open": "6.363",
            "high": "6.363",
            "low": "6.363",
            "close": "6.423"
        },
        {
            "time": "24.12.2020 03:01",
            "open": "6.423",
            "high": "6.423",
            "low": "6.423",
            "close": "6.454"
        },
        {
            "time": "24.12.2020 03:04",
            "open": "6.454",
            "high": "6.463",
            "low": "6.454",
            "close": "6.42"
        },
        {
            "time": "24.12.2020 03:06",
            "open": "6.42",
            "high": "6.462",
            "low": "6.42",
            "close": "6.442"
        },
        {
            "time": "24.12.2020 03:17",
            "open": "6.442",
            "high": "6.444",
            "low": "6.442",
            "close": "6.439"
        },
        {
            "time": "24.12.2020 03:18",
            "open": "6.439",
            "high": "6.439",
            "low": "6.439",
            "close": "6.438"
        },
        {
            "time": "24.12.2020 03:21",
            "open": "6.438",
            "high": "6.438",
            "low": "6.438",
            "close": "6.421"
        },
        {
            "time": "24.12.2020 03:23",
            "open": "6.421",
            "high": "6.421",
            "low": "6.421",
            "close": "6.42"
        },
        {
            "time": "24.12.2020 03:24",
            "open": "6.42",
            "high": "6.42",
            "low": "6.42",
            "close": "6.422"
        },
        {
            "time": "24.12.2020 03:25",
            "open": "6.422",
            "high": "6.449",
            "low": "6.412",
            "close": "6.464"
        },
        {
            "time": "24.12.2020 03:39",
            "open": "6.464",
            "high": "6.464",
            "low": "6.464",
            "close": "6.421"
        },
        {
            "time": "24.12.2020 03:41",
            "open": "6.421",
            "high": "6.421",
            "low": "6.395",
            "close": "6.438"
        },
        {
            "time": "24.12.2020 03:42",
            "open": "6.438",
            "high": "6.438",
            "low": "6.438",
            "close": "6.395"
        },
        {
            "time": "24.12.2020 03:43",
            "open": "6.395",
            "high": "6.395",
            "low": "6.395",
            "close": "6.356"
        },
        {
            "time": "24.12.2020 03:46",
            "open": "6.356",
            "high": "6.356",
            "low": "6.356",
            "close": "6.316"
        },
        {
            "time": "24.12.2020 03:54",
            "open": "6.316",
            "high": "6.316",
            "low": "6.31",
            "close": "6.302"
        },
        {
            "time": "24.12.2020 03:59",
            "open": "6.302",
            "high": "6.302",
            "low": "6.302",
            "close": "6.312"
        },
        {
            "time": "24.12.2020 04:04",
            "open": "6.312",
            "high": "6.312",
            "low": "6.312",
            "close": "6.326"
        },
        {
            "time": "24.12.2020 04:05",
            "open": "6.326",
            "high": "6.326",
            "low": "6.326",
            "close": "6.3"
        },
        {
            "time": "24.12.2020 04:17",
            "open": "6.3",
            "high": "6.3",
            "low": "6.3",
            "close": "6.326"
        },
        {
            "time": "24.12.2020 04:54",
            "open": "6.326",
            "high": "6.326",
            "low": "6.326",
            "close": "6.351"
        },
        {
            "time": "24.12.2020 04:58",
            "open": "6.351",
            "high": "6.351",
            "low": "6.351",
            "close": "6.381"
        },
        {
            "time": "24.12.2020 05:00",
            "open": "6.381",
            "high": "6.381",
            "low": "6.381",
            "close": "6.374"
        },
        {
            "time": "24.12.2020 05:20",
            "open": "6.374",
            "high": "6.374",
            "low": "6.374",
            "close": "6.447"
        },
        {
            "time": "24.12.2020 05:26",
            "open": "6.447",
            "high": "6.447",
            "low": "6.349",
            "close": "6.35"
        },
        {
            "time": "24.12.2020 05:30",
            "open": "6.35",
            "high": "6.35",
            "low": "6.347",
            "close": "6.3"
        },
        {
            "time": "24.12.2020 05:31",
            "open": "6.3",
            "high": "6.3",
            "low": "6.256",
            "close": "6.33"
        },
        {
            "time": "24.12.2020 05:36",
            "open": "6.33",
            "high": "6.418",
            "low": "6.33",
            "close": "6.313"
        },
        {
            "time": "24.12.2020 05:40",
            "open": "6.313",
            "high": "6.313",
            "low": "6.313",
            "close": "6.313"
        },
        {
            "time": "24.12.2020 06:01",
            "open": "6.313",
            "high": "6.313",
            "low": "6.313",
            "close": "6.293"
        },
        {
            "time": "24.12.2020 06:19",
            "open": "6.293",
            "high": "6.293",
            "low": "6.293",
            "close": "6.339"
        },
        {
            "time": "24.12.2020 06:22",
            "open": "6.339",
            "high": "6.9",
            "low": "6.306",
            "close": "6.311"
        },
        {
            "time": "24.12.2020 06:23",
            "open": "6.311",
            "high": "6.32",
            "low": "6.306",
            "close": "6.31"
        },
        {
            "time": "24.12.2020 06:29",
            "open": "6.31",
            "high": "6.31",
            "low": "6.31",
            "close": "6.323"
        },
        {
            "time": "24.12.2020 06:32",
            "open": "6.323",
            "high": "6.324",
            "low": "6.323",
            "close": "6.31"
        },
        {
            "time": "24.12.2020 06:34",
            "open": "6.31",
            "high": "6.31",
            "low": "6.31",
            "close": "6.331"
        },
        {
            "time": "24.12.2020 06:46",
            "open": "6.331",
            "high": "6.331",
            "low": "6.3",
            "close": "6.334"
        },
        {
            "time": "24.12.2020 06:54",
            "open": "6.334",
            "high": "6.334",
            "low": "6.334",
            "close": "6.339"
        },
        {
            "time": "24.12.2020 06:57",
            "open": "6.339",
            "high": "6.339",
            "low": "6.339",
            "close": "6.328"
        },
        {
            "time": "24.12.2020 07:01",
            "open": "6.328",
            "high": "6.328",
            "low": "6.327",
            "close": "6.33"
        },
        {
            "time": "24.12.2020 07:15",
            "open": "6.33",
            "high": "6.33",
            "low": "6.327",
            "close": "6.327"
        },
        {
            "time": "24.12.2020 07:18",
            "open": "6.327",
            "high": "6.327",
            "low": "6.327",
            "close": "6.301"
        },
        {
            "time": "24.12.2020 07:20",
            "open": "6.301",
            "high": "6.412",
            "low": "6.301",
            "close": "6.301"
        },
        {
            "time": "24.12.2020 07:23",
            "open": "6.301",
            "high": "6.303",
            "low": "6.301",
            "close": "6.323"
        },
        {
            "time": "24.12.2020 07:24",
            "open": "6.323",
            "high": "6.323",
            "low": "6.323",
            "close": "6.312"
        },
        {
            "time": "24.12.2020 07:28",
            "open": "6.312",
            "high": "6.312",
            "low": "6.312",
            "close": "6.323"
        },
        {
            "time": "24.12.2020 07:29",
            "open": "6.323",
            "high": "6.332",
            "low": "6.313",
            "close": "6.313"
        },
        {
            "time": "24.12.2020 07:36",
            "open": "6.313",
            "high": "6.313",
            "low": "6.313",
            "close": "6.3"
        },
        {
            "time": "24.12.2020 07:37",
            "open": "6.3",
            "high": "6.3",
            "low": "6.3",
            "close": "6.304"
        },
        {
            "time": "24.12.2020 07:38",
            "open": "6.304",
            "high": "6.304",
            "low": "6.304",
            "close": "6.311"
        },
        {
            "time": "24.12.2020 07:42",
            "open": "6.311",
            "high": "6.311",
            "low": "6.31",
            "close": "6.31"
        },
        {
            "time": "24.12.2020 07:43",
            "open": "6.31",
            "high": "6.31",
            "low": "6.309",
            "close": "6.309"
        },
        {
            "time": "24.12.2020 07:44",
            "open": "6.309",
            "high": "6.309",
            "low": "6.309",
            "close": "6.3"
        },
        {
            "time": "24.12.2020 07:46",
            "open": "6.3",
            "high": "6.3",
            "low": "6.3",
            "close": "6.28"
        },
        {
            "time": "24.12.2020 07:47",
            "open": "6.28",
            "high": "6.28",
            "low": "6.28",
            "close": "6.264"
        },
        {
            "time": "24.12.2020 07:50",
            "open": "6.264",
            "high": "6.264",
            "low": "6.264",
            "close": "6.251"
        },
        {
            "time": "24.12.2020 07:51",
            "open": "6.251",
            "high": "6.251",
            "low": "6.25",
            "close": "6.262"
        },
        {
            "time": "24.12.2020 07:52",
            "open": "6.262",
            "high": "6.262",
            "low": "6.262",
            "close": "6.221"
        },
        {
            "time": "24.12.2020 08:00",
            "open": "6.221",
            "high": "6.221",
            "low": "6.21",
            "close": "6.2"
        },
        {
            "time": "24.12.2020 08:01",
            "open": "6.2",
            "high": "6.2",
            "low": "6.2",
            "close": "6.2"
        },
        {
            "time": "24.12.2020 08:03",
            "open": "6.2",
            "high": "6.2",
            "low": "6.181",
            "close": "6.181"
        },
        {
            "time": "24.12.2020 08:04",
            "open": "6.181",
            "high": "6.181",
            "low": "6.181",
            "close": "6.23"
        },
        {
            "time": "24.12.2020 08:05",
            "open": "6.23",
            "high": "6.23",
            "low": "6.223",
            "close": "6.18"
        },
        {
            "time": "24.12.2020 08:07",
            "open": "6.18",
            "high": "6.18",
            "low": "6.18",
            "close": "6.204"
        },
        {
            "time": "24.12.2020 08:14",
            "open": "6.204",
            "high": "6.204",
            "low": "6.204",
            "close": "6.191"
        },
        {
            "time": "24.12.2020 08:16",
            "open": "6.191",
            "high": "6.191",
            "low": "6.191",
            "close": "6.196"
        },
        {
            "time": "24.12.2020 08:17",
            "open": "6.196",
            "high": "6.196",
            "low": "6.191",
            "close": "6.191"
        },
        {
            "time": "24.12.2020 08:18",
            "open": "6.191",
            "high": "6.191",
            "low": "6.191",
            "close": "6.191"
        },
        {
            "time": "24.12.2020 08:21",
            "open": "6.191",
            "high": "6.191",
            "low": "6.191",
            "close": "6.191"
        },
        {
            "time": "24.12.2020 08:22",
            "open": "6.191",
            "high": "6.191",
            "low": "6.191",
            "close": "6.195"
        },
        {
            "time": "24.12.2020 08:24",
            "open": "6.195",
            "high": "6.195",
            "low": "6.195",
            "close": "6.187"
        },
        {
            "time": "24.12.2020 08:26",
            "open": "6.187",
            "high": "6.187",
            "low": "6.187",
            "close": "6.196"
        },
        {
            "time": "24.12.2020 08:29",
            "open": "6.196",
            "high": "6.196",
            "low": "6.196",
            "close": "6.196"
        },
        {
            "time": "24.12.2020 08:30",
            "open": "6.196",
            "high": "6.196",
            "low": "6.196",
            "close": "6.196"
        },
        {
            "time": "24.12.2020 08:31",
            "open": "6.196",
            "high": "6.196",
            "low": "6.196",
            "close": "6.196"
        },
        {
            "time": "24.12.2020 08:32",
            "open": "6.196",
            "high": "6.197",
            "low": "6.196",
            "close": "6.196"
        },
        {
            "time": "24.12.2020 08:33",
            "open": "6.196",
            "high": "6.196",
            "low": "6.195",
            "close": "6.195"
        },
        {
            "time": "24.12.2020 08:34",
            "open": "6.195",
            "high": "6.196",
            "low": "6.195",
            "close": "6.196"
        },
        {
            "time": "24.12.2020 08:37",
            "open": "6.196",
            "high": "6.196",
            "low": "6.196",
            "close": "6.202"
        },
        {
            "time": "24.12.2020 08:42",
            "open": "6.202",
            "high": "6.202",
            "low": "6.202",
            "close": "6.242"
        },
        {
            "time": "24.12.2020 08:45",
            "open": "6.242",
            "high": "6.242",
            "low": "6.242",
            "close": "6.22"
        },
        {
            "time": "24.12.2020 08:53",
            "open": "6.22",
            "high": "6.22",
            "low": "6.22",
            "close": "6.227"
        },
        {
            "time": "24.12.2020 09:00",
            "open": "6.227",
            "high": "6.25",
            "low": "6.221",
            "close": "6.24"
        },
        {
            "time": "24.12.2020 09:01",
            "open": "6.24",
            "high": "6.242",
            "low": "6.231",
            "close": "6.223"
        },
        {
            "time": "24.12.2020 09:02",
            "open": "6.223",
            "high": "6.223",
            "low": "6.223",
            "close": "6.221"
        },
        {
            "time": "24.12.2020 09:03",
            "open": "6.221",
            "high": "6.221",
            "low": "6.221",
            "close": "6.237"
        },
        {
            "time": "24.12.2020 09:04",
            "open": "6.237",
            "high": "6.237",
            "low": "6.237",
            "close": "6.22"
        },
        {
            "time": "24.12.2020 09:08",
            "open": "6.22",
            "high": "6.221",
            "low": "6.22",
            "close": "6.236"
        },
        {
            "time": "24.12.2020 09:11",
            "open": "6.236",
            "high": "6.236",
            "low": "6.236",
            "close": "6.235"
        },
        {
            "time": "24.12.2020 09:13",
            "open": "6.235",
            "high": "6.317",
            "low": "6.235",
            "close": "6.239"
        },
        {
            "time": "24.12.2020 09:14",
            "open": "6.239",
            "high": "6.24",
            "low": "6.239",
            "close": "6.247"
        },
        {
            "time": "24.12.2020 09:15",
            "open": "6.247",
            "high": "6.248",
            "low": "6.247",
            "close": "6.25"
        },
        {
            "time": "24.12.2020 09:25",
            "open": "6.25",
            "high": "6.25",
            "low": "6.25",
            "close": "6.298"
        },
        {
            "time": "24.12.2020 09:26",
            "open": "6.298",
            "high": "6.395",
            "low": "6.296",
            "close": "6.287"
        },
        {
            "time": "24.12.2020 09:31",
            "open": "6.287",
            "high": "6.287",
            "low": "6.287",
            "close": "6.261"
        },
        {
            "time": "24.12.2020 09:32",
            "open": "6.261",
            "high": "6.261",
            "low": "6.261",
            "close": "6.287"
        },
        {
            "time": "24.12.2020 09:34",
            "open": "6.287",
            "high": "6.287",
            "low": "6.249",
            "close": "6.273"
        },
        {
            "time": "24.12.2020 09:35",
            "open": "6.273",
            "high": "6.273",
            "low": "6.273",
            "close": "6.249"
        },
        {
            "time": "24.12.2020 09:36",
            "open": "6.249",
            "high": "6.249",
            "low": "6.249",
            "close": "6.249"
        },
        {
            "time": "24.12.2020 09:37",
            "open": "6.249",
            "high": "6.249",
            "low": "6.249",
            "close": "6.264"
        },
        {
            "time": "24.12.2020 09:44",
            "open": "6.264",
            "high": "6.264",
            "low": "6.223",
            "close": "6.235"
        },
        {
            "time": "24.12.2020 09:46",
            "open": "6.235",
            "high": "6.244",
            "low": "6.235",
            "close": "6.246"
        },
        {
            "time": "24.12.2020 09:47",
            "open": "6.246",
            "high": "6.255",
            "low": "6.224",
            "close": "6.236"
        },
        {
            "time": "24.12.2020 09:50",
            "open": "6.236",
            "high": "6.24",
            "low": "6.236",
            "close": "6.245"
        },
        {
            "time": "24.12.2020 09:51",
            "open": "6.245",
            "high": "6.263",
            "low": "6.245",
            "close": "6.311"
        },
        {
            "time": "24.12.2020 09:59",
            "open": "6.311",
            "high": "6.312",
            "low": "6.271",
            "close": "6.347"
        },
        {
            "time": "24.12.2020 10:05",
            "open": "6.347",
            "high": "6.378",
            "low": "6.346",
            "close": "6.345"
        },
        {
            "time": "24.12.2020 10:08",
            "open": "6.345",
            "high": "6.345",
            "low": "6.342",
            "close": "6.359"
        },
        {
            "time": "24.12.2020 10:13",
            "open": "6.359",
            "high": "6.359",
            "low": "6.359",
            "close": "6.32"
        },
        {
            "time": "24.12.2020 10:14",
            "open": "6.32",
            "high": "6.32",
            "low": "6.32",
            "close": "6.393"
        },
        {
            "time": "24.12.2020 10:33",
            "open": "6.393",
            "high": "6.393",
            "low": "6.393",
            "close": "6.395"
        },
        {
            "time": "24.12.2020 10:34",
            "open": "6.395",
            "high": "6.395",
            "low": "6.395",
            "close": "6.397"
        },
        {
            "time": "24.12.2020 10:35",
            "open": "6.397",
            "high": "6.397",
            "low": "6.397",
            "close": "6.397"
        },
        {
            "time": "24.12.2020 10:43",
            "open": "6.397",
            "high": "6.397",
            "low": "6.397",
            "close": "6.405"
        },
        {
            "time": "24.12.2020 10:44",
            "open": "6.405",
            "high": "6.405",
            "low": "6.405",
            "close": "6.406"
        },
        {
            "time": "24.12.2020 10:45",
            "open": "6.406",
            "high": "6.406",
            "low": "6.406",
            "close": "6.406"
        },
        {
            "time": "24.12.2020 10:46",
            "open": "6.406",
            "high": "6.421",
            "low": "6.406",
            "close": "6.421"
        },
        {
            "time": "24.12.2020 10:47",
            "open": "6.421",
            "high": "6.45",
            "low": "6.421",
            "close": "6.44"
        },
        {
            "time": "24.12.2020 10:50",
            "open": "6.44",
            "high": "6.44",
            "low": "6.429",
            "close": "6.449"
        },
        {
            "time": "24.12.2020 10:52",
            "open": "6.449",
            "high": "6.449",
            "low": "6.449",
            "close": "6.447"
        },
        {
            "time": "24.12.2020 10:53",
            "open": "6.447",
            "high": "6.447",
            "low": "6.447",
            "close": "6.45"
        },
        {
            "time": "24.12.2020 10:54",
            "open": "6.45",
            "high": "6.45",
            "low": "6.45",
            "close": "6.45"
        },
        {
            "time": "24.12.2020 10:55",
            "open": "6.45",
            "high": "6.453",
            "low": "6.45",
            "close": "6.454"
        },
        {
            "time": "24.12.2020 10:56",
            "open": "6.454",
            "high": "6.481",
            "low": "6.454",
            "close": "6.481"
        },
        {
            "time": "24.12.2020 10:59",
            "open": "6.481",
            "high": "6.51",
            "low": "6.479",
            "close": "6.476"
        },
        {
            "time": "24.12.2020 11:00",
            "open": "6.476",
            "high": "6.476",
            "low": "6.466",
            "close": "6.473"
        },
        {
            "time": "24.12.2020 11:01",
            "open": "6.473",
            "high": "6.473",
            "low": "6.473",
            "close": "6.481"
        },
        {
            "time": "24.12.2020 11:02",
            "open": "6.481",
            "high": "6.486",
            "low": "6.481",
            "close": "6.485"
        },
        {
            "time": "24.12.2020 11:03",
            "open": "6.485",
            "high": "6.486",
            "low": "6.485",
            "close": "6.498"
        },
        {
            "time": "24.12.2020 11:04",
            "open": "6.498",
            "high": "6.498",
            "low": "6.472",
            "close": "6.465"
        },
        {
            "time": "24.12.2020 11:05",
            "open": "6.465",
            "high": "6.465",
            "low": "6.458",
            "close": "6.478"
        },
        {
            "time": "24.12.2020 11:06",
            "open": "6.478",
            "high": "6.478",
            "low": "6.461",
            "close": "6.462"
        },
        {
            "time": "24.12.2020 11:07",
            "open": "6.462",
            "high": "6.462",
            "low": "6.461",
            "close": "6.47"
        },
        {
            "time": "24.12.2020 11:09",
            "open": "6.47",
            "high": "6.471",
            "low": "6.47",
            "close": "6.484"
        },
        {
            "time": "24.12.2020 11:10",
            "open": "6.484",
            "high": "6.484",
            "low": "6.484",
            "close": "6.471"
        },
        {
            "time": "24.12.2020 11:11",
            "open": "6.471",
            "high": "6.472",
            "low": "6.457",
            "close": "6.467"
        },
        {
            "time": "24.12.2020 11:12",
            "open": "6.467",
            "high": "6.467",
            "low": "6.467",
            "close": "6.454"
        },
        {
            "time": "24.12.2020 11:13",
            "open": "6.454",
            "high": "6.482",
            "low": "6.454",
            "close": "6.468"
        },
        {
            "time": "24.12.2020 11:14",
            "open": "6.468",
            "high": "6.473",
            "low": "6.462",
            "close": "6.462"
        },
        {
            "time": "24.12.2020 11:15",
            "open": "6.462",
            "high": "6.462",
            "low": "6.461",
            "close": "6.431"
        },
        {
            "time": "24.12.2020 11:16",
            "open": "6.431",
            "high": "6.446",
            "low": "6.429",
            "close": "6.429"
        },
        {
            "time": "24.12.2020 11:17",
            "open": "6.429",
            "high": "6.444",
            "low": "6.429",
            "close": "6.426"
        },
        {
            "time": "24.12.2020 11:18",
            "open": "6.426",
            "high": "6.426",
            "low": "6.426",
            "close": "6.413"
        },
        {
            "time": "24.12.2020 11:19",
            "open": "6.413",
            "high": "6.413",
            "low": "6.413",
            "close": "6.404"
        },
        {
            "time": "24.12.2020 11:21",
            "open": "6.404",
            "high": "6.404",
            "low": "6.404",
            "close": "6.407"
        },
        {
            "time": "24.12.2020 11:22",
            "open": "6.407",
            "high": "6.408",
            "low": "6.4",
            "close": "6.412"
        },
        {
            "time": "24.12.2020 11:23",
            "open": "6.412",
            "high": "6.412",
            "low": "6.411",
            "close": "6.443"
        },
        {
            "time": "24.12.2020 11:24",
            "open": "6.443",
            "high": "6.443",
            "low": "6.443",
            "close": "6.423"
        },
        {
            "time": "24.12.2020 11:25",
            "open": "6.423",
            "high": "6.447",
            "low": "6.423",
            "close": "6.415"
        },
        {
            "time": "24.12.2020 11:26",
            "open": "6.415",
            "high": "6.422",
            "low": "6.415",
            "close": "6.441"
        },
        {
            "time": "24.12.2020 11:28",
            "open": "6.441",
            "high": "6.441",
            "low": "6.441",
            "close": "6.396"
        },
        {
            "time": "24.12.2020 11:32",
            "open": "6.396",
            "high": "6.441",
            "low": "6.396",
            "close": "6.398"
        },
        {
            "time": "24.12.2020 11:33",
            "open": "6.398",
            "high": "6.438",
            "low": "6.39",
            "close": "6.417"
        },
        {
            "time": "24.12.2020 11:34",
            "open": "6.417",
            "high": "6.417",
            "low": "6.404",
            "close": "6.423"
        },
        {
            "time": "24.12.2020 11:35",
            "open": "6.423",
            "high": "6.423",
            "low": "6.423",
            "close": "6.42"
        },
        {
            "time": "24.12.2020 11:41",
            "open": "6.42",
            "high": "6.42",
            "low": "6.42",
            "close": "6.42"
        },
        {
            "time": "24.12.2020 11:42",
            "open": "6.42",
            "high": "6.42",
            "low": "6.403",
            "close": "6.402"
        },
        {
            "time": "24.12.2020 11:45",
            "open": "6.402",
            "high": "6.402",
            "low": "6.402",
            "close": "6.428"
        },
        {
            "time": "24.12.2020 11:51",
            "open": "6.428",
            "high": "6.428",
            "low": "6.408",
            "close": "6.419"
        },
        {
            "time": "24.12.2020 11:53",
            "open": "6.419",
            "high": "6.419",
            "low": "6.419",
            "close": "6.395"
        },
        {
            "time": "24.12.2020 11:55",
            "open": "6.395",
            "high": "6.395",
            "low": "6.395",
            "close": "6.362"
        },
        {
            "time": "24.12.2020 12:01",
            "open": "6.362",
            "high": "6.362",
            "low": "6.362",
            "close": "6.362"
        },
        {
            "time": "24.12.2020 12:02",
            "open": "6.362",
            "high": "6.365",
            "low": "6.362",
            "close": "6.362"
        },
        {
            "time": "24.12.2020 12:03",
            "open": "6.362",
            "high": "6.362",
            "low": "6.362",
            "close": "6.362"
        },
        {
            "time": "24.12.2020 12:04",
            "open": "6.362",
            "high": "6.362",
            "low": "6.36",
            "close": "6.314"
        },
        {
            "time": "24.12.2020 12:10",
            "open": "6.314",
            "high": "6.316",
            "low": "6.314",
            "close": "6.323"
        },
        {
            "time": "24.12.2020 12:12",
            "open": "6.323",
            "high": "6.323",
            "low": "6.314",
            "close": "6.327"
        },
        {
            "time": "24.12.2020 12:13",
            "open": "6.327",
            "high": "6.327",
            "low": "6.315",
            "close": "6.339"
        },
        {
            "time": "24.12.2020 12:14",
            "open": "6.339",
            "high": "6.339",
            "low": "6.325",
            "close": "6.325"
        },
        {
            "time": "24.12.2020 12:15",
            "open": "6.325",
            "high": "6.325",
            "low": "6.315",
            "close": "6.315"
        },
        {
            "time": "24.12.2020 12:16",
            "open": "6.315",
            "high": "6.315",
            "low": "6.313",
            "close": "6.323"
        },
        {
            "time": "24.12.2020 12:17",
            "open": "6.323",
            "high": "6.323",
            "low": "6.323",
            "close": "6.321"
        },
        {
            "time": "24.12.2020 12:18",
            "open": "6.321",
            "high": "6.321",
            "low": "6.321",
            "close": "6.326"
        },
        {
            "time": "24.12.2020 12:19",
            "open": "6.326",
            "high": "6.326",
            "low": "6.326",
            "close": "6.332"
        },
        {
            "time": "24.12.2020 12:20",
            "open": "6.332",
            "high": "6.332",
            "low": "6.323",
            "close": "6.36"
        },
        {
            "time": "24.12.2020 12:23",
            "open": "6.36",
            "high": "6.36",
            "low": "6.36",
            "close": "6.353"
        },
        {
            "time": "24.12.2020 12:27",
            "open": "6.353",
            "high": "6.353",
            "low": "6.353",
            "close": "6.333"
        },
        {
            "time": "24.12.2020 12:30",
            "open": "6.333",
            "high": "6.333",
            "low": "6.332",
            "close": "6.332"
        },
        {
            "time": "24.12.2020 12:31",
            "open": "6.332",
            "high": "6.332",
            "low": "6.332",
            "close": "6.333"
        },
        {
            "time": "24.12.2020 12:33",
            "open": "6.333",
            "high": "6.333",
            "low": "6.333",
            "close": "6.369"
        },
        {
            "time": "24.12.2020 12:38",
            "open": "6.369",
            "high": "6.369",
            "low": "6.369",
            "close": "6.334"
        },
        {
            "time": "24.12.2020 12:41",
            "open": "6.334",
            "high": "6.334",
            "low": "6.334",
            "close": "6.325"
        },
        {
            "time": "24.12.2020 12:42",
            "open": "6.325",
            "high": "6.325",
            "low": "6.306",
            "close": "6.311"
        },
        {
            "time": "24.12.2020 12:47",
            "open": "6.311",
            "high": "6.311",
            "low": "6.311",
            "close": "6.296"
        },
        {
            "time": "24.12.2020 12:48",
            "open": "6.296",
            "high": "6.296",
            "low": "6.296",
            "close": "6.295"
        },
        {
            "time": "24.12.2020 12:58",
            "open": "6.295",
            "high": "6.295",
            "low": "6.295",
            "close": "6.359"
        },
        {
            "time": "24.12.2020 13:02",
            "open": "6.359",
            "high": "6.362",
            "low": "6.359",
            "close": "6.364"
        },
        {
            "time": "24.12.2020 13:04",
            "open": "6.364",
            "high": "6.364",
            "low": "6.36",
            "close": "6.359"
        },
        {
            "time": "24.12.2020 13:10",
            "open": "6.359",
            "high": "6.359",
            "low": "6.359",
            "close": "6.373"
        },
        {
            "time": "24.12.2020 13:13",
            "open": "6.373",
            "high": "6.373",
            "low": "6.336",
            "close": "6.326"
        },
        {
            "time": "24.12.2020 13:30",
            "open": "6.326",
            "high": "6.326",
            "low": "6.326",
            "close": "6.33"
        },
        {
            "time": "24.12.2020 13:48",
            "open": "6.33",
            "high": "6.33",
            "low": "6.33",
            "close": "6.33"
        },
        {
            "time": "24.12.2020 13:52",
            "open": "6.33",
            "high": "6.33",
            "low": "6.33",
            "close": "6.337"
        },
        {
            "time": "24.12.2020 13:56",
            "open": "6.337",
            "high": "6.337",
            "low": "6.337",
            "close": "6.331"
        },
        {
            "time": "24.12.2020 14:02",
            "open": "6.331",
            "high": "6.331",
            "low": "6.331",
            "close": "6.33"
        },
        {
            "time": "24.12.2020 14:04",
            "open": "6.33",
            "high": "6.33",
            "low": "6.33",
            "close": "6.33"
        },
        {
            "time": "24.12.2020 14:11",
            "open": "6.33",
            "high": "6.33",
            "low": "6.33",
            "close": "6.313"
        },
        {
            "time": "24.12.2020 14:14",
            "open": "6.313",
            "high": "6.313",
            "low": "6.313",
            "close": "6.335"
        },
        {
            "time": "24.12.2020 14:19",
            "open": "6.335",
            "high": "6.335",
            "low": "6.335",
            "close": "6.349"
        },
        {
            "time": "24.12.2020 14:22",
            "open": "6.349",
            "high": "6.349",
            "low": "6.349",
            "close": "6.34"
        },
        {
            "time": "24.12.2020 14:31",
            "open": "6.34",
            "high": "6.34",
            "low": "6.34",
            "close": "6.355"
        },
        {
            "time": "24.12.2020 14:35",
            "open": "6.355",
            "high": "6.355",
            "low": "6.355",
            "close": "6.357"
        },
        {
            "time": "24.12.2020 14:37",
            "open": "6.357",
            "high": "6.357",
            "low": "6.357",
            "close": "6.361"
        },
        {
            "time": "24.12.2020 14:39",
            "open": "6.361",
            "high": "6.374",
            "low": "6.361",
            "close": "6.385"
        },
        {
            "time": "24.12.2020 14:41",
            "open": "6.385",
            "high": "6.386",
            "low": "6.385",
            "close": "6.426"
        },
        {
            "time": "24.12.2020 14:47",
            "open": "6.426",
            "high": "6.426",
            "low": "6.425",
            "close": "6.428"
        },
        {
            "time": "24.12.2020 14:48",
            "open": "6.428",
            "high": "6.43",
            "low": "6.428",
            "close": "6.455"
        },
        {
            "time": "24.12.2020 14:50",
            "open": "6.455",
            "high": "6.455",
            "low": "6.455",
            "close": "6.456"
        },
        {
            "time": "24.12.2020 14:52",
            "open": "6.456",
            "high": "6.476",
            "low": "6.456",
            "close": "6.497"
        },
        {
            "time": "24.12.2020 14:53",
            "open": "6.497",
            "high": "6.52",
            "low": "6.496",
            "close": "6.495"
        },
        {
            "time": "24.12.2020 14:55",
            "open": "6.495",
            "high": "6.495",
            "low": "6.495",
            "close": "6.523"
        },
        {
            "time": "24.12.2020 14:56",
            "open": "6.523",
            "high": "6.562",
            "low": "6.523",
            "close": "6.562"
        },
        {
            "time": "24.12.2020 15:00",
            "open": "6.562",
            "high": "6.562",
            "low": "6.562",
            "close": "6.563"
        },
        {
            "time": "24.12.2020 15:03",
            "open": "6.563",
            "high": "6.573",
            "low": "6.563",
            "close": "6.546"
        },
        {
            "time": "24.12.2020 15:04",
            "open": "6.546",
            "high": "6.546",
            "low": "6.546",
            "close": "6.573"
        },
        {
            "time": "24.12.2020 15:06",
            "open": "6.573",
            "high": "6.573",
            "low": "6.564",
            "close": "6.575"
        },
        {
            "time": "24.12.2020 15:10",
            "open": "6.575",
            "high": "6.6",
            "low": "6.575",
            "close": "6.586"
        },
        {
            "time": "24.12.2020 15:11",
            "open": "6.586",
            "high": "6.593",
            "low": "6.586",
            "close": "6.593"
        },
        {
            "time": "24.12.2020 15:12",
            "open": "6.593",
            "high": "6.593",
            "low": "6.574",
            "close": "6.578"
        },
        {
            "time": "24.12.2020 15:13",
            "open": "6.578",
            "high": "6.629",
            "low": "6.578",
            "close": "6.615"
        },
        {
            "time": "24.12.2020 15:14",
            "open": "6.615",
            "high": "6.615",
            "low": "6.613",
            "close": "6.596"
        },
        {
            "time": "24.12.2020 15:16",
            "open": "6.596",
            "high": "6.628",
            "low": "6.589",
            "close": "6.603"
        },
        {
            "time": "24.12.2020 15:17",
            "open": "6.603",
            "high": "6.603",
            "low": "6.577",
            "close": "6.584"
        },
        {
            "time": "24.12.2020 15:18",
            "open": "6.584",
            "high": "6.6",
            "low": "6.529",
            "close": "6.554"
        },
        {
            "time": "24.12.2020 15:20",
            "open": "6.554",
            "high": "6.557",
            "low": "6.554",
            "close": "6.544"
        },
        {
            "time": "24.12.2020 15:25",
            "open": "6.544",
            "high": "6.544",
            "low": "6.544",
            "close": "6.552"
        },
        {
            "time": "24.12.2020 15:27",
            "open": "6.552",
            "high": "6.552",
            "low": "6.552",
            "close": "6.573"
        },
        {
            "time": "24.12.2020 15:28",
            "open": "6.573",
            "high": "6.573",
            "low": "6.573",
            "close": "6.556"
        },
        {
            "time": "24.12.2020 15:29",
            "open": "6.556",
            "high": "6.556",
            "low": "6.556",
            "close": "6.563"
        },
        {
            "time": "24.12.2020 15:32",
            "open": "6.563",
            "high": "6.563",
            "low": "6.563",
            "close": "6.573"
        },
        {
            "time": "24.12.2020 15:33",
            "open": "6.573",
            "high": "6.575",
            "low": "6.573",
            "close": "6.577"
        },
        {
            "time": "24.12.2020 15:34",
            "open": "6.577",
            "high": "6.577",
            "low": "6.562",
            "close": "6.558"
        },
        {
            "time": "24.12.2020 15:37",
            "open": "6.558",
            "high": "6.558",
            "low": "6.558",
            "close": "6.543"
        },
        {
            "time": "24.12.2020 15:43",
            "open": "6.543",
            "high": "6.543",
            "low": "6.54",
            "close": "6.55"
        },
        {
            "time": "24.12.2020 15:47",
            "open": "6.55",
            "high": "6.573",
            "low": "6.55",
            "close": "6.545"
        },
        {
            "time": "24.12.2020 15:50",
            "open": "6.545",
            "high": "6.574",
            "low": "6.544",
            "close": "6.555"
        },
        {
            "time": "24.12.2020 15:52",
            "open": "6.555",
            "high": "6.555",
            "low": "6.555",
            "close": "6.568"
        },
        {
            "time": "24.12.2020 15:55",
            "open": "6.568",
            "high": "6.568",
            "low": "6.566",
            "close": "6.518"
        },
        {
            "time": "24.12.2020 15:56",
            "open": "6.518",
            "high": "6.573",
            "low": "6.518",
            "close": "6.525"
        },
        {
            "time": "24.12.2020 15:57",
            "open": "6.525",
            "high": "6.525",
            "low": "6.525",
            "close": "6.522"
        },
        {
            "time": "24.12.2020 15:59",
            "open": "6.522",
            "high": "6.522",
            "low": "6.522",
            "close": "6.519"
        },
        {
            "time": "24.12.2020 16:04",
            "open": "6.519",
            "high": "6.52",
            "low": "6.519",
            "close": "6.507"
        },
        {
            "time": "24.12.2020 16:07",
            "open": "6.507",
            "high": "6.509",
            "low": "6.507",
            "close": "6.506"
        },
        {
            "time": "24.12.2020 16:08",
            "open": "6.506",
            "high": "6.506",
            "low": "6.506",
            "close": "6.518"
        },
        {
            "time": "24.12.2020 16:09",
            "open": "6.518",
            "high": "6.52",
            "low": "6.518",
            "close": "6.52"
        },
        {
            "time": "24.12.2020 16:10",
            "open": "6.52",
            "high": "6.52",
            "low": "6.52",
            "close": "6.5"
        },
        {
            "time": "24.12.2020 16:20",
            "open": "6.5",
            "high": "6.5",
            "low": "6.5",
            "close": "6.469"
        },
        {
            "time": "24.12.2020 16:27",
            "open": "6.469",
            "high": "6.469",
            "low": "6.469",
            "close": "6.464"
        },
        {
            "time": "24.12.2020 16:36",
            "open": "6.464",
            "high": "6.464",
            "low": "6.463",
            "close": "6.471"
        },
        {
            "time": "24.12.2020 16:39",
            "open": "6.471",
            "high": "6.471",
            "low": "6.471",
            "close": "6.488"
        },
        {
            "time": "24.12.2020 16:41",
            "open": "6.488",
            "high": "6.488",
            "low": "6.488",
            "close": "6.482"
        },
        {
            "time": "24.12.2020 16:45",
            "open": "6.482",
            "high": "6.482",
            "low": "6.47",
            "close": "6.53"
        },
        {
            "time": "24.12.2020 16:48",
            "open": "6.53",
            "high": "6.53",
            "low": "6.53",
            "close": "6.57"
        },
        {
            "time": "24.12.2020 16:50",
            "open": "6.57",
            "high": "6.57",
            "low": "6.556",
            "close": "6.51"
        },
        {
            "time": "24.12.2020 16:51",
            "open": "6.51",
            "high": "6.54",
            "low": "6.51",
            "close": "6.574"
        },
        {
            "time": "24.12.2020 16:53",
            "open": "6.574",
            "high": "6.574",
            "low": "6.574",
            "close": "6.58"
        },
        {
            "time": "24.12.2020 16:55",
            "open": "6.58",
            "high": "6.58",
            "low": "6.58",
            "close": "6.579"
        },
        {
            "time": "24.12.2020 17:01",
            "open": "6.579",
            "high": "6.579",
            "low": "6.576",
            "close": "6.496"
        },
        {
            "time": "24.12.2020 17:05",
            "open": "6.496",
            "high": "6.547",
            "low": "6.496",
            "close": "6.544"
        },
        {
            "time": "24.12.2020 17:07",
            "open": "6.544",
            "high": "6.544",
            "low": "6.544",
            "close": "6.517"
        },
        {
            "time": "24.12.2020 17:08",
            "open": "6.517",
            "high": "6.528",
            "low": "6.517",
            "close": "6.528"
        },
        {
            "time": "24.12.2020 17:11",
            "open": "6.528",
            "high": "6.528",
            "low": "6.528",
            "close": "6.528"
        },
        {
            "time": "24.12.2020 17:12",
            "open": "6.528",
            "high": "6.562",
            "low": "6.528",
            "close": "6.557"
        },
        {
            "time": "24.12.2020 17:13",
            "open": "6.557",
            "high": "6.557",
            "low": "6.557",
            "close": "6.58"
        },
        {
            "time": "24.12.2020 17:18",
            "open": "6.58",
            "high": "6.58",
            "low": "6.58",
            "close": "6.58"
        },
        {
            "time": "24.12.2020 17:19",
            "open": "6.58",
            "high": "6.645",
            "low": "6.567",
            "close": "6.589"
        },
        {
            "time": "24.12.2020 17:20",
            "open": "6.589",
            "high": "6.634",
            "low": "6.529",
            "close": "6.583"
        },
        {
            "time": "24.12.2020 17:21",
            "open": "6.583",
            "high": "6.583",
            "low": "6.582",
            "close": "6.619"
        },
        {
            "time": "24.12.2020 17:22",
            "open": "6.619",
            "high": "6.622",
            "low": "6.619",
            "close": "6.592"
        },
        {
            "time": "24.12.2020 17:23",
            "open": "6.592",
            "high": "6.592",
            "low": "6.584",
            "close": "6.56"
        },
        {
            "time": "24.12.2020 17:24",
            "open": "6.56",
            "high": "6.56",
            "low": "6.537",
            "close": "6.539"
        },
        {
            "time": "24.12.2020 17:25",
            "open": "6.539",
            "high": "6.54",
            "low": "6.534",
            "close": "6.534"
        },
        {
            "time": "24.12.2020 17:33",
            "open": "6.534",
            "high": "6.534",
            "low": "6.534",
            "close": "6.569"
        },
        {
            "time": "24.12.2020 17:35",
            "open": "6.569",
            "high": "6.569",
            "low": "6.569",
            "close": "6.54"
        },
        {
            "time": "24.12.2020 17:45",
            "open": "6.54",
            "high": "6.54",
            "low": "6.539",
            "close": "6.535"
        },
        {
            "time": "24.12.2020 17:51",
            "open": "6.535",
            "high": "6.535",
            "low": "6.535",
            "close": "6.517"
        },
        {
            "time": "24.12.2020 17:55",
            "open": "6.517",
            "high": "6.517",
            "low": "6.517",
            "close": "6.514"
        },
        {
            "time": "24.12.2020 17:56",
            "open": "6.514",
            "high": "6.514",
            "low": "6.514",
            "close": "6.493"
        },
        {
            "time": "24.12.2020 17:57",
            "open": "6.493",
            "high": "6.493",
            "low": "6.489",
            "close": "6.469"
        },
        {
            "time": "24.12.2020 17:58",
            "open": "6.469",
            "high": "6.469",
            "low": "6.448",
            "close": "6.44"
        },
        {
            "time": "24.12.2020 17:59",
            "open": "6.44",
            "high": "6.441",
            "low": "6.44",
            "close": "6.428"
        },
        {
            "time": "24.12.2020 18:03",
            "open": "6.428",
            "high": "6.428",
            "low": "6.428",
            "close": "6.412"
        },
        {
            "time": "24.12.2020 18:23",
            "open": "6.412",
            "high": "6.48",
            "low": "6.412",
            "close": "6.453"
        },
        {
            "time": "24.12.2020 18:24",
            "open": "6.453",
            "high": "6.453",
            "low": "6.453",
            "close": "6.437"
        },
        {
            "time": "24.12.2020 18:26",
            "open": "6.437",
            "high": "6.46",
            "low": "6.43",
            "close": "6.475"
        },
        {
            "time": "24.12.2020 18:30",
            "open": "6.475",
            "high": "6.475",
            "low": "6.475",
            "close": "6.499"
        },
        {
            "time": "24.12.2020 18:44",
            "open": "6.499",
            "high": "6.499",
            "low": "6.499",
            "close": "6.502"
        },
        {
            "time": "24.12.2020 18:45",
            "open": "6.502",
            "high": "6.502",
            "low": "6.502",
            "close": "6.503"
        },
        {
            "time": "24.12.2020 18:48",
            "open": "6.503",
            "high": "6.503",
            "low": "6.503",
            "close": "6.58"
        },
        {
            "time": "24.12.2020 19:08",
            "open": "6.58",
            "high": "6.58",
            "low": "6.58",
            "close": "6.561"
        },
        {
            "time": "24.12.2020 19:18",
            "open": "6.561",
            "high": "6.561",
            "low": "6.561",
            "close": "6.502"
        },
        {
            "time": "24.12.2020 19:42",
            "open": "6.502",
            "high": "6.502",
            "low": "6.502",
            "close": "6.502"
        },
        {
            "time": "24.12.2020 19:43",
            "open": "6.502",
            "high": "6.55",
            "low": "6.502",
            "close": "6.581"
        },
        {
            "time": "24.12.2020 19:44",
            "open": "6.581",
            "high": "6.592",
            "low": "6.581",
            "close": "6.593"
        },
        {
            "time": "24.12.2020 19:46",
            "open": "6.593",
            "high": "6.594",
            "low": "6.593",
            "close": "6.598"
        },
        {
            "time": "24.12.2020 19:47",
            "open": "6.598",
            "high": "6.598",
            "low": "6.597",
            "close": "6.601"
        },
        {
            "time": "24.12.2020 19:50",
            "open": "6.601",
            "high": "6.628",
            "low": "6.601",
            "close": "6.63"
        },
        {
            "time": "24.12.2020 19:51",
            "open": "6.63",
            "high": "6.63",
            "low": "6.614",
            "close": "6.617"
        },
        {
            "time": "24.12.2020 19:52",
            "open": "6.617",
            "high": "6.634",
            "low": "6.616",
            "close": "6.634"
        },
        {
            "time": "24.12.2020 19:58",
            "open": "6.634",
            "high": "6.634",
            "low": "6.634",
            "close": "6.643"
        },
        {
            "time": "24.12.2020 19:59",
            "open": "6.643",
            "high": "6.643",
            "low": "6.643",
            "close": "6.635"
        },
        {
            "time": "24.12.2020 20:00",
            "open": "6.635",
            "high": "6.635",
            "low": "6.635",
            "close": "6.634"
        },
        {
            "time": "24.12.2020 20:06",
            "open": "6.634",
            "high": "6.634",
            "low": "6.618",
            "close": "6.616"
        },
        {
            "time": "24.12.2020 20:26",
            "open": "6.616",
            "high": "6.616",
            "low": "6.616",
            "close": "6.638"
        },
        {
            "time": "24.12.2020 20:36",
            "open": "6.638",
            "high": "6.638",
            "low": "6.638",
            "close": "6.619"
        },
        {
            "time": "24.12.2020 20:42",
            "open": "6.619",
            "high": "6.623",
            "low": "6.619",
            "close": "6.609"
        },
        {
            "time": "24.12.2020 20:43",
            "open": "6.609",
            "high": "6.609",
            "low": "6.608",
            "close": "6.589"
        },
        {
            "time": "24.12.2020 20:44",
            "open": "6.589",
            "high": "6.589",
            "low": "6.587",
            "close": "6.571"
        },
        {
            "time": "24.12.2020 20:56",
            "open": "6.571",
            "high": "6.571",
            "low": "6.57",
            "close": "6.605"
        },
        {
            "time": "24.12.2020 21:09",
            "open": "6.605",
            "high": "6.605",
            "low": "6.605",
            "close": "6.549"
        },
        {
            "time": "24.12.2020 21:18",
            "open": "6.549",
            "high": "6.549",
            "low": "6.549",
            "close": "6.548"
        },
        {
            "time": "24.12.2020 21:22",
            "open": "6.548",
            "high": "6.548",
            "low": "6.548",
            "close": "6.571"
        },
        {
            "time": "24.12.2020 21:27",
            "open": "6.571",
            "high": "6.577",
            "low": "6.571",
            "close": "6.557"
        },
        {
            "time": "24.12.2020 21:38",
            "open": "6.557",
            "high": "6.558",
            "low": "6.557",
            "close": "6.559"
        },
        {
            "time": "24.12.2020 21:45",
            "open": "6.559",
            "high": "6.559",
            "low": "6.559",
            "close": "6.558"
        },
        {
            "time": "24.12.2020 21:47",
            "open": "6.558",
            "high": "6.558",
            "low": "6.558",
            "close": "6.585"
        },
        {
            "time": "24.12.2020 21:53",
            "open": "6.585",
            "high": "6.585",
            "low": "6.585",
            "close": "6.598"
        },
        {
            "time": "24.12.2020 21:56",
            "open": "6.598",
            "high": "6.626",
            "low": "6.598",
            "close": "6.622"
        },
        {
            "time": "24.12.2020 21:57",
            "open": "6.622",
            "high": "6.622",
            "low": "6.622",
            "close": "6.622"
        },
        {
            "time": "24.12.2020 22:00",
            "open": "6.622",
            "high": "6.622",
            "low": "6.622",
            "close": "6.597"
        },
        {
            "time": "24.12.2020 22:10",
            "open": "6.597",
            "high": "6.597",
            "low": "6.597",
            "close": "6.623"
        },
        {
            "time": "24.12.2020 22:11",
            "open": "6.623",
            "high": "6.623",
            "low": "6.623",
            "close": "6.627"
        },
        {
            "time": "24.12.2020 22:12",
            "open": "6.627",
            "high": "6.627",
            "low": "6.627",
            "close": "6.632"
        },
        {
            "time": "24.12.2020 22:13",
            "open": "6.632",
            "high": "6.9",
            "low": "6.632",
            "close": "6.639"
        },
        {
            "time": "24.12.2020 22:14",
            "open": "6.639",
            "high": "6.67",
            "low": "6.637",
            "close": "6.67"
        },
        {
            "time": "24.12.2020 22:16",
            "open": "6.67",
            "high": "6.673",
            "low": "6.67",
            "close": "6.711"
        },
        {
            "time": "24.12.2020 22:18",
            "open": "6.711",
            "high": "6.711",
            "low": "6.711",
            "close": "6.752"
        },
        {
            "time": "24.12.2020 22:21",
            "open": "6.752",
            "high": "6.752",
            "low": "6.752",
            "close": "6.757"
        },
        {
            "time": "24.12.2020 22:22",
            "open": "6.757",
            "high": "6.793",
            "low": "6.757",
            "close": "6.793"
        },
        {
            "time": "24.12.2020 22:23",
            "open": "6.793",
            "high": "6.831",
            "low": "6.793",
            "close": "6.83"
        },
        {
            "time": "24.12.2020 22:24",
            "open": "6.83",
            "high": "6.831",
            "low": "6.83",
            "close": "6.831"
        },
        {
            "time": "24.12.2020 22:25",
            "open": "6.831",
            "high": "6.831",
            "low": "6.831",
            "close": "6.837"
        },
        {
            "time": "24.12.2020 22:26",
            "open": "6.837",
            "high": "6.9",
            "low": "6.837",
            "close": "6.88"
        },
        {
            "time": "24.12.2020 22:27",
            "open": "6.88",
            "high": "6.899",
            "low": "6.88",
            "close": "6.889"
        },
        {
            "time": "24.12.2020 22:28",
            "open": "6.889",
            "high": "6.889",
            "low": "6.889",
            "close": "6.899"
        },
        {
            "time": "24.12.2020 22:29",
            "open": "6.899",
            "high": "6.9",
            "low": "6.899",
            "close": "6.9"
        },
        {
            "time": "24.12.2020 22:30",
            "open": "6.9",
            "high": "6.9",
            "low": "6.874",
            "close": "6.839"
        },
        {
            "time": "24.12.2020 22:31",
            "open": "6.839",
            "high": "6.9",
            "low": "6.828",
            "close": "6.787"
        },
        {
            "time": "24.12.2020 22:33",
            "open": "6.787",
            "high": "6.791",
            "low": "6.787",
            "close": "6.787"
        },
        {
            "time": "24.12.2020 22:39",
            "open": "6.787",
            "high": "6.787",
            "low": "6.787",
            "close": "6.786"
        },
        {
            "time": "24.12.2020 22:40",
            "open": "6.786",
            "high": "6.786",
            "low": "6.786",
            "close": "6.785"
        },
        {
            "time": "24.12.2020 22:42",
            "open": "6.785",
            "high": "6.786",
            "low": "6.785",
            "close": "6.773"
        },
        {
            "time": "24.12.2020 22:43",
            "open": "6.773",
            "high": "6.773",
            "low": "6.77",
            "close": "6.778"
        },
        {
            "time": "24.12.2020 22:47",
            "open": "6.778",
            "high": "6.778",
            "low": "6.777",
            "close": "6.788"
        },
        {
            "time": "24.12.2020 22:48",
            "open": "6.788",
            "high": "6.788",
            "low": "6.788",
            "close": "6.858"
        },
        {
            "time": "24.12.2020 22:49",
            "open": "6.858",
            "high": "6.883",
            "low": "6.858",
            "close": "6.816"
        },
        {
            "time": "24.12.2020 22:50",
            "open": "6.816",
            "high": "6.816",
            "low": "6.793",
            "close": "6.821"
        },
        {
            "time": "24.12.2020 22:52",
            "open": "6.821",
            "high": "6.821",
            "low": "6.814",
            "close": "6.852"
        },
        {
            "time": "24.12.2020 22:54",
            "open": "6.852",
            "high": "6.854",
            "low": "6.852",
            "close": "6.828"
        },
        {
            "time": "24.12.2020 22:55",
            "open": "6.828",
            "high": "6.891",
            "low": "6.828",
            "close": "6.843"
        },
        {
            "time": "24.12.2020 23:00",
            "open": "6.843",
            "high": "6.876",
            "low": "6.843",
            "close": "6.876"
        },
        {
            "time": "24.12.2020 23:05",
            "open": "6.876",
            "high": "6.876",
            "low": "6.876",
            "close": "6.876"
        },
        {
            "time": "24.12.2020 23:06",
            "open": "6.876",
            "high": "6.9",
            "low": "6.876",
            "close": "6.89"
        },
        {
            "time": "24.12.2020 23:07",
            "open": "6.89",
            "high": "6.9",
            "low": "6.89",
            "close": "6.902"
        },
        {
            "time": "24.12.2020 23:08",
            "open": "6.902",
            "high": "6.922",
            "low": "6.902",
            "close": "6.897"
        },
        {
            "time": "24.12.2020 23:09",
            "open": "6.897",
            "high": "6.897",
            "low": "6.897",
            "close": "6.888"
        },
        {
            "time": "24.12.2020 23:10",
            "open": "6.888",
            "high": "6.888",
            "low": "6.888",
            "close": "6.822"
        },
        {
            "time": "24.12.2020 23:15",
            "open": "6.822",
            "high": "6.822",
            "low": "6.822",
            "close": "6.795"
        },
        {
            "time": "24.12.2020 23:16",
            "open": "6.795",
            "high": "6.795",
            "low": "6.795",
            "close": "6.79"
        },
        {
            "time": "24.12.2020 23:17",
            "open": "6.79",
            "high": "6.79",
            "low": "6.789",
            "close": "6.81"
        },
        {
            "time": "24.12.2020 23:18",
            "open": "6.81",
            "high": "6.813",
            "low": "6.81",
            "close": "6.8"
        },
        {
            "time": "24.12.2020 23:19",
            "open": "6.8",
            "high": "6.8",
            "low": "6.783",
            "close": "6.84"
        },
        {
            "time": "24.12.2020 23:21",
            "open": "6.84",
            "high": "6.84",
            "low": "6.773",
            "close": "6.799"
        },
        {
            "time": "24.12.2020 23:23",
            "open": "6.799",
            "high": "6.799",
            "low": "6.744",
            "close": "6.76"
        },
        {
            "time": "24.12.2020 23:24",
            "open": "6.76",
            "high": "6.76",
            "low": "6.76",
            "close": "6.759"
        },
        {
            "time": "24.12.2020 23:25",
            "open": "6.759",
            "high": "6.759",
            "low": "6.759",
            "close": "6.764"
        },
        {
            "time": "24.12.2020 23:26",
            "open": "6.764",
            "high": "6.764",
            "low": "6.748",
            "close": "6.773"
        },
        {
            "time": "24.12.2020 23:28",
            "open": "6.773",
            "high": "6.774",
            "low": "6.764",
            "close": "6.774"
        },
        {
            "time": "24.12.2020 23:29",
            "open": "6.774",
            "high": "6.774",
            "low": "6.773",
            "close": "6.811"
        },
        {
            "time": "24.12.2020 23:30",
            "open": "6.811",
            "high": "6.811",
            "low": "6.751",
            "close": "6.792"
        },
        {
            "time": "24.12.2020 23:31",
            "open": "6.792",
            "high": "6.792",
            "low": "6.779",
            "close": "6.766"
        },
        {
            "time": "24.12.2020 23:32",
            "open": "6.766",
            "high": "6.775",
            "low": "6.749",
            "close": "6.748"
        },
        {
            "time": "24.12.2020 23:33",
            "open": "6.748",
            "high": "6.748",
            "low": "6.748",
            "close": "6.752"
        },
        {
            "time": "24.12.2020 23:34",
            "open": "6.752",
            "high": "6.752",
            "low": "6.752",
            "close": "6.754"
        },
        {
            "time": "24.12.2020 23:35",
            "open": "6.754",
            "high": "6.754",
            "low": "6.752",
            "close": "6.75"
        },
        {
            "time": "24.12.2020 23:39",
            "open": "6.75",
            "high": "6.75",
            "low": "6.744",
            "close": "6.744"
        },
        {
            "time": "24.12.2020 23:40",
            "open": "6.744",
            "high": "6.744",
            "low": "6.737",
            "close": "6.737"
        },
        {
            "time": "24.12.2020 23:41",
            "open": "6.737",
            "high": "6.737",
            "low": "6.729",
            "close": "6.77"
        },
        {
            "time": "24.12.2020 23:45",
            "open": "6.77",
            "high": "6.773",
            "low": "6.716",
            "close": "6.769"
        },
        {
            "time": "24.12.2020 23:50",
            "open": "6.769",
            "high": "6.769",
            "low": "6.769",
            "close": "6.767"
        },
        {
            "time": "24.12.2020 23:52",
            "open": "6.767",
            "high": "6.767",
            "low": "6.767",
            "close": "6.74"
        },
        {
            "time": "24.12.2020 23:56",
            "open": "6.74",
            "high": "6.74",
            "low": "6.74",
            "close": "6.755"
        }
    ]
}