{
    "UMA-EUR": [
        {
            "time": "12.01.2021 23:59",
            "open": "6.784",
            "high": "6.784",
            "low": "6.784",
            "close": "6.771"
        },
        {
            "time": "13.01.2021 00:00",
            "open": "6.771",
            "high": "6.771",
            "low": "6.771",
            "close": "6.78"
        },
        {
            "time": "13.01.2021 00:02",
            "open": "6.78",
            "high": "6.78",
            "low": "6.771",
            "close": "6.756"
        },
        {
            "time": "13.01.2021 00:03",
            "open": "6.756",
            "high": "6.777",
            "low": "6.755",
            "close": "6.76"
        },
        {
            "time": "13.01.2021 00:04",
            "open": "6.76",
            "high": "6.76",
            "low": "6.76",
            "close": "6.794"
        },
        {
            "time": "13.01.2021 00:13",
            "open": "6.794",
            "high": "6.794",
            "low": "6.794",
            "close": "6.778"
        },
        {
            "time": "13.01.2021 00:14",
            "open": "6.778",
            "high": "6.778",
            "low": "6.76",
            "close": "6.774"
        },
        {
            "time": "13.01.2021 00:15",
            "open": "6.774",
            "high": "6.774",
            "low": "6.774",
            "close": "6.75"
        },
        {
            "time": "13.01.2021 00:20",
            "open": "6.75",
            "high": "6.75",
            "low": "6.75",
            "close": "6.75"
        },
        {
            "time": "13.01.2021 00:21",
            "open": "6.75",
            "high": "6.75",
            "low": "6.726",
            "close": "6.819"
        },
        {
            "time": "13.01.2021 00:24",
            "open": "6.819",
            "high": "6.819",
            "low": "6.819",
            "close": "6.778"
        },
        {
            "time": "13.01.2021 00:25",
            "open": "6.778",
            "high": "6.778",
            "low": "6.749",
            "close": "6.741"
        },
        {
            "time": "13.01.2021 00:31",
            "open": "6.741",
            "high": "6.741",
            "low": "6.741",
            "close": "6.822"
        },
        {
            "time": "13.01.2021 00:32",
            "open": "6.822",
            "high": "6.822",
            "low": "6.715",
            "close": "6.728"
        },
        {
            "time": "13.01.2021 00:33",
            "open": "6.728",
            "high": "6.751",
            "low": "6.728",
            "close": "6.714"
        },
        {
            "time": "13.01.2021 00:34",
            "open": "6.714",
            "high": "6.714",
            "low": "6.714",
            "close": "6.711"
        },
        {
            "time": "13.01.2021 00:35",
            "open": "6.711",
            "high": "6.711",
            "low": "6.692",
            "close": "6.692"
        },
        {
            "time": "13.01.2021 00:36",
            "open": "6.692",
            "high": "6.692",
            "low": "6.684",
            "close": "6.698"
        },
        {
            "time": "13.01.2021 00:37",
            "open": "6.698",
            "high": "6.699",
            "low": "6.698",
            "close": "6.679"
        },
        {
            "time": "13.01.2021 00:39",
            "open": "6.679",
            "high": "6.679",
            "low": "6.679",
            "close": "6.654"
        },
        {
            "time": "13.01.2021 00:40",
            "open": "6.654",
            "high": "6.675",
            "low": "6.654",
            "close": "6.719"
        },
        {
            "time": "13.01.2021 00:41",
            "open": "6.719",
            "high": "6.719",
            "low": "6.687",
            "close": "6.687"
        },
        {
            "time": "13.01.2021 00:43",
            "open": "6.687",
            "high": "6.687",
            "low": "6.664",
            "close": "6.762"
        },
        {
            "time": "13.01.2021 00:44",
            "open": "6.762",
            "high": "6.762",
            "low": "6.762",
            "close": "6.746"
        },
        {
            "time": "13.01.2021 00:46",
            "open": "6.746",
            "high": "6.746",
            "low": "6.697",
            "close": "6.7"
        },
        {
            "time": "13.01.2021 00:47",
            "open": "6.7",
            "high": "6.717",
            "low": "6.7",
            "close": "6.751"
        },
        {
            "time": "13.01.2021 00:49",
            "open": "6.751",
            "high": "6.751",
            "low": "6.703",
            "close": "6.737"
        },
        {
            "time": "13.01.2021 00:51",
            "open": "6.737",
            "high": "6.737",
            "low": "6.737",
            "close": "6.722"
        },
        {
            "time": "13.01.2021 00:52",
            "open": "6.722",
            "high": "6.722",
            "low": "6.71",
            "close": "6.751"
        },
        {
            "time": "13.01.2021 00:53",
            "open": "6.751",
            "high": "6.751",
            "low": "6.739",
            "close": "6.716"
        },
        {
            "time": "13.01.2021 00:54",
            "open": "6.716",
            "high": "6.764",
            "low": "6.716",
            "close": "6.75"
        },
        {
            "time": "13.01.2021 00:55",
            "open": "6.75",
            "high": "6.75",
            "low": "6.75",
            "close": "6.725"
        },
        {
            "time": "13.01.2021 00:56",
            "open": "6.725",
            "high": "6.725",
            "low": "6.725",
            "close": "6.729"
        },
        {
            "time": "13.01.2021 01:01",
            "open": "6.729",
            "high": "6.754",
            "low": "6.729",
            "close": "6.676"
        },
        {
            "time": "13.01.2021 01:03",
            "open": "6.676",
            "high": "6.676",
            "low": "6.676",
            "close": "6.705"
        },
        {
            "time": "13.01.2021 01:05",
            "open": "6.705",
            "high": "6.765",
            "low": "6.705",
            "close": "6.745"
        },
        {
            "time": "13.01.2021 01:06",
            "open": "6.745",
            "high": "6.745",
            "low": "6.745",
            "close": "6.719"
        },
        {
            "time": "13.01.2021 01:08",
            "open": "6.719",
            "high": "6.719",
            "low": "6.719",
            "close": "6.71"
        },
        {
            "time": "13.01.2021 01:09",
            "open": "6.71",
            "high": "6.71",
            "low": "6.71",
            "close": "6.711"
        },
        {
            "time": "13.01.2021 01:12",
            "open": "6.711",
            "high": "6.711",
            "low": "6.711",
            "close": "6.756"
        },
        {
            "time": "13.01.2021 01:13",
            "open": "6.756",
            "high": "6.756",
            "low": "6.756",
            "close": "6.71"
        },
        {
            "time": "13.01.2021 01:14",
            "open": "6.71",
            "high": "6.71",
            "low": "6.71",
            "close": "6.707"
        },
        {
            "time": "13.01.2021 01:15",
            "open": "6.707",
            "high": "6.73",
            "low": "6.707",
            "close": "6.709"
        },
        {
            "time": "13.01.2021 01:17",
            "open": "6.709",
            "high": "6.709",
            "low": "6.709",
            "close": "6.69"
        },
        {
            "time": "13.01.2021 01:20",
            "open": "6.69",
            "high": "6.69",
            "low": "6.69",
            "close": "6.69"
        },
        {
            "time": "13.01.2021 01:22",
            "open": "6.69",
            "high": "6.69",
            "low": "6.658",
            "close": "6.656"
        },
        {
            "time": "13.01.2021 01:23",
            "open": "6.656",
            "high": "6.656",
            "low": "6.656",
            "close": "6.65"
        },
        {
            "time": "13.01.2021 01:25",
            "open": "6.65",
            "high": "6.65",
            "low": "6.643",
            "close": "6.759"
        },
        {
            "time": "13.01.2021 01:26",
            "open": "6.759",
            "high": "6.759",
            "low": "6.642",
            "close": "6.631"
        },
        {
            "time": "13.01.2021 01:27",
            "open": "6.631",
            "high": "6.733",
            "low": "6.63",
            "close": "6.657"
        },
        {
            "time": "13.01.2021 01:28",
            "open": "6.657",
            "high": "6.764",
            "low": "6.63",
            "close": "6.63"
        },
        {
            "time": "13.01.2021 01:29",
            "open": "6.63",
            "high": "6.63",
            "low": "6.63",
            "close": "6.63"
        },
        {
            "time": "13.01.2021 01:30",
            "open": "6.63",
            "high": "6.63",
            "low": "6.63",
            "close": "6.684"
        },
        {
            "time": "13.01.2021 01:33",
            "open": "6.684",
            "high": "6.684",
            "low": "6.684",
            "close": "6.63"
        },
        {
            "time": "13.01.2021 01:35",
            "open": "6.63",
            "high": "6.708",
            "low": "6.63",
            "close": "6.65"
        },
        {
            "time": "13.01.2021 01:36",
            "open": "6.65",
            "high": "6.65",
            "low": "6.65",
            "close": "6.63"
        },
        {
            "time": "13.01.2021 01:38",
            "open": "6.63",
            "high": "6.63",
            "low": "6.63",
            "close": "6.618"
        },
        {
            "time": "13.01.2021 01:40",
            "open": "6.618",
            "high": "6.618",
            "low": "6.616",
            "close": "6.613"
        },
        {
            "time": "13.01.2021 01:44",
            "open": "6.613",
            "high": "6.613",
            "low": "6.613",
            "close": "6.613"
        },
        {
            "time": "13.01.2021 01:46",
            "open": "6.613",
            "high": "6.613",
            "low": "6.61",
            "close": "6.6"
        },
        {
            "time": "13.01.2021 01:47",
            "open": "6.6",
            "high": "6.6",
            "low": "6.6",
            "close": "6.59"
        },
        {
            "time": "13.01.2021 01:49",
            "open": "6.59",
            "high": "6.59",
            "low": "6.59",
            "close": "6.595"
        },
        {
            "time": "13.01.2021 01:52",
            "open": "6.595",
            "high": "6.659",
            "low": "6.563",
            "close": "6.616"
        },
        {
            "time": "13.01.2021 01:53",
            "open": "6.616",
            "high": "6.616",
            "low": "6.616",
            "close": "6.596"
        },
        {
            "time": "13.01.2021 01:55",
            "open": "6.596",
            "high": "6.596",
            "low": "6.596",
            "close": "6.568"
        },
        {
            "time": "13.01.2021 01:56",
            "open": "6.568",
            "high": "6.568",
            "low": "6.568",
            "close": "6.536"
        },
        {
            "time": "13.01.2021 01:58",
            "open": "6.536",
            "high": "6.536",
            "low": "6.536",
            "close": "6.521"
        },
        {
            "time": "13.01.2021 01:59",
            "open": "6.521",
            "high": "6.521",
            "low": "6.481",
            "close": "6.488"
        },
        {
            "time": "13.01.2021 02:00",
            "open": "6.488",
            "high": "6.488",
            "low": "6.485",
            "close": "6.516"
        },
        {
            "time": "13.01.2021 02:04",
            "open": "6.516",
            "high": "6.523",
            "low": "6.516",
            "close": "6.525"
        },
        {
            "time": "13.01.2021 02:05",
            "open": "6.525",
            "high": "6.525",
            "low": "6.523",
            "close": "6.551"
        },
        {
            "time": "13.01.2021 02:08",
            "open": "6.551",
            "high": "6.551",
            "low": "6.551",
            "close": "6.536"
        },
        {
            "time": "13.01.2021 02:12",
            "open": "6.536",
            "high": "6.536",
            "low": "6.527",
            "close": "6.562"
        },
        {
            "time": "13.01.2021 02:19",
            "open": "6.562",
            "high": "6.562",
            "low": "6.561",
            "close": "6.562"
        },
        {
            "time": "13.01.2021 02:20",
            "open": "6.562",
            "high": "6.562",
            "low": "6.562",
            "close": "6.563"
        },
        {
            "time": "13.01.2021 02:22",
            "open": "6.563",
            "high": "6.563",
            "low": "6.542",
            "close": "6.562"
        },
        {
            "time": "13.01.2021 02:37",
            "open": "6.562",
            "high": "6.562",
            "low": "6.562",
            "close": "6.564"
        },
        {
            "time": "13.01.2021 02:40",
            "open": "6.564",
            "high": "6.564",
            "low": "6.564",
            "close": "6.535"
        },
        {
            "time": "13.01.2021 02:42",
            "open": "6.535",
            "high": "6.535",
            "low": "6.535",
            "close": "6.564"
        },
        {
            "time": "13.01.2021 02:46",
            "open": "6.564",
            "high": "6.564",
            "low": "6.564",
            "close": "6.596"
        },
        {
            "time": "13.01.2021 02:50",
            "open": "6.596",
            "high": "6.596",
            "low": "6.596",
            "close": "6.609"
        },
        {
            "time": "13.01.2021 02:53",
            "open": "6.609",
            "high": "6.609",
            "low": "6.609",
            "close": "6.605"
        },
        {
            "time": "13.01.2021 02:55",
            "open": "6.605",
            "high": "6.605",
            "low": "6.605",
            "close": "6.626"
        },
        {
            "time": "13.01.2021 03:00",
            "open": "6.626",
            "high": "6.626",
            "low": "6.626",
            "close": "6.671"
        },
        {
            "time": "13.01.2021 03:02",
            "open": "6.671",
            "high": "6.731",
            "low": "6.671",
            "close": "6.69"
        },
        {
            "time": "13.01.2021 03:08",
            "open": "6.69",
            "high": "6.69",
            "low": "6.69",
            "close": "6.687"
        },
        {
            "time": "13.01.2021 03:12",
            "open": "6.687",
            "high": "6.705",
            "low": "6.687",
            "close": "6.7"
        },
        {
            "time": "13.01.2021 03:13",
            "open": "6.7",
            "high": "6.7",
            "low": "6.699",
            "close": "6.723"
        },
        {
            "time": "13.01.2021 03:14",
            "open": "6.723",
            "high": "6.723",
            "low": "6.723",
            "close": "6.721"
        },
        {
            "time": "13.01.2021 03:19",
            "open": "6.721",
            "high": "6.721",
            "low": "6.721",
            "close": "6.732"
        },
        {
            "time": "13.01.2021 03:20",
            "open": "6.732",
            "high": "6.742",
            "low": "6.732",
            "close": "6.718"
        },
        {
            "time": "13.01.2021 03:24",
            "open": "6.718",
            "high": "6.718",
            "low": "6.718",
            "close": "6.673"
        },
        {
            "time": "13.01.2021 03:31",
            "open": "6.673",
            "high": "6.673",
            "low": "6.673",
            "close": "6.676"
        },
        {
            "time": "13.01.2021 03:33",
            "open": "6.676",
            "high": "6.676",
            "low": "6.676",
            "close": "6.672"
        },
        {
            "time": "13.01.2021 03:39",
            "open": "6.672",
            "high": "6.672",
            "low": "6.672",
            "close": "6.661"
        },
        {
            "time": "13.01.2021 03:40",
            "open": "6.661",
            "high": "6.661",
            "low": "6.661",
            "close": "6.626"
        },
        {
            "time": "13.01.2021 03:41",
            "open": "6.626",
            "high": "6.626",
            "low": "6.626",
            "close": "6.615"
        },
        {
            "time": "13.01.2021 03:42",
            "open": "6.615",
            "high": "6.615",
            "low": "6.615",
            "close": "6.6"
        },
        {
            "time": "13.01.2021 03:44",
            "open": "6.6",
            "high": "6.644",
            "low": "6.6",
            "close": "6.63"
        },
        {
            "time": "13.01.2021 03:45",
            "open": "6.63",
            "high": "6.63",
            "low": "6.601",
            "close": "6.6"
        },
        {
            "time": "13.01.2021 03:46",
            "open": "6.6",
            "high": "6.6",
            "low": "6.6",
            "close": "6.583"
        },
        {
            "time": "13.01.2021 03:47",
            "open": "6.583",
            "high": "6.613",
            "low": "6.583",
            "close": "6.656"
        },
        {
            "time": "13.01.2021 03:48",
            "open": "6.656",
            "high": "6.656",
            "low": "6.599",
            "close": "6.643"
        },
        {
            "time": "13.01.2021 03:49",
            "open": "6.643",
            "high": "6.643",
            "low": "6.603",
            "close": "6.646"
        },
        {
            "time": "13.01.2021 03:50",
            "open": "6.646",
            "high": "6.646",
            "low": "6.646",
            "close": "6.603"
        },
        {
            "time": "13.01.2021 03:51",
            "open": "6.603",
            "high": "6.603",
            "low": "6.599",
            "close": "6.592"
        },
        {
            "time": "13.01.2021 03:52",
            "open": "6.592",
            "high": "6.592",
            "low": "6.592",
            "close": "6.615"
        },
        {
            "time": "13.01.2021 03:53",
            "open": "6.615",
            "high": "6.643",
            "low": "6.584",
            "close": "6.667"
        },
        {
            "time": "13.01.2021 03:54",
            "open": "6.667",
            "high": "6.674",
            "low": "6.664",
            "close": "6.659"
        },
        {
            "time": "13.01.2021 03:55",
            "open": "6.659",
            "high": "6.659",
            "low": "6.659",
            "close": "6.648"
        },
        {
            "time": "13.01.2021 03:56",
            "open": "6.648",
            "high": "6.648",
            "low": "6.648",
            "close": "6.624"
        },
        {
            "time": "13.01.2021 03:57",
            "open": "6.624",
            "high": "6.64",
            "low": "6.624",
            "close": "6.64"
        },
        {
            "time": "13.01.2021 03:58",
            "open": "6.64",
            "high": "6.64",
            "low": "6.64",
            "close": "6.623"
        },
        {
            "time": "13.01.2021 03:59",
            "open": "6.623",
            "high": "6.623",
            "low": "6.623",
            "close": "6.659"
        },
        {
            "time": "13.01.2021 04:00",
            "open": "6.659",
            "high": "6.659",
            "low": "6.659",
            "close": "6.63"
        },
        {
            "time": "13.01.2021 04:01",
            "open": "6.63",
            "high": "6.63",
            "low": "6.63",
            "close": "6.624"
        },
        {
            "time": "13.01.2021 04:02",
            "open": "6.624",
            "high": "6.624",
            "low": "6.624",
            "close": "6.654"
        },
        {
            "time": "13.01.2021 04:03",
            "open": "6.654",
            "high": "6.654",
            "low": "6.654",
            "close": "6.745"
        },
        {
            "time": "13.01.2021 04:15",
            "open": "6.745",
            "high": "6.749",
            "low": "6.745",
            "close": "6.755"
        },
        {
            "time": "13.01.2021 04:16",
            "open": "6.755",
            "high": "6.755",
            "low": "6.743",
            "close": "6.757"
        },
        {
            "time": "13.01.2021 04:17",
            "open": "6.757",
            "high": "6.764",
            "low": "6.757",
            "close": "6.753"
        },
        {
            "time": "13.01.2021 04:26",
            "open": "6.753",
            "high": "6.753",
            "low": "6.753",
            "close": "6.735"
        },
        {
            "time": "13.01.2021 04:27",
            "open": "6.735",
            "high": "6.736",
            "low": "6.735",
            "close": "6.715"
        },
        {
            "time": "13.01.2021 04:33",
            "open": "6.715",
            "high": "6.715",
            "low": "6.713",
            "close": "6.763"
        },
        {
            "time": "13.01.2021 04:37",
            "open": "6.763",
            "high": "6.763",
            "low": "6.763",
            "close": "6.75"
        },
        {
            "time": "13.01.2021 04:51",
            "open": "6.75",
            "high": "6.75",
            "low": "6.75",
            "close": "6.765"
        },
        {
            "time": "13.01.2021 04:55",
            "open": "6.765",
            "high": "6.766",
            "low": "6.765",
            "close": "6.767"
        },
        {
            "time": "13.01.2021 04:59",
            "open": "6.767",
            "high": "6.775",
            "low": "6.767",
            "close": "6.774"
        },
        {
            "time": "13.01.2021 05:00",
            "open": "6.774",
            "high": "6.774",
            "low": "6.774",
            "close": "6.777"
        },
        {
            "time": "13.01.2021 05:01",
            "open": "6.777",
            "high": "6.777",
            "low": "6.777",
            "close": "6.785"
        },
        {
            "time": "13.01.2021 05:05",
            "open": "6.785",
            "high": "6.795",
            "low": "6.785",
            "close": "6.781"
        },
        {
            "time": "13.01.2021 05:18",
            "open": "6.781",
            "high": "6.784",
            "low": "6.781",
            "close": "6.769"
        },
        {
            "time": "13.01.2021 05:19",
            "open": "6.769",
            "high": "6.77",
            "low": "6.769",
            "close": "6.795"
        },
        {
            "time": "13.01.2021 05:31",
            "open": "6.795",
            "high": "6.797",
            "low": "6.795",
            "close": "6.763"
        },
        {
            "time": "13.01.2021 05:53",
            "open": "6.763",
            "high": "6.763",
            "low": "6.763",
            "close": "6.733"
        },
        {
            "time": "13.01.2021 06:02",
            "open": "6.733",
            "high": "6.733",
            "low": "6.733",
            "close": "6.672"
        },
        {
            "time": "13.01.2021 06:16",
            "open": "6.672",
            "high": "6.672",
            "low": "6.669",
            "close": "6.66"
        },
        {
            "time": "13.01.2021 06:17",
            "open": "6.66",
            "high": "6.66",
            "low": "6.653",
            "close": "6.646"
        },
        {
            "time": "13.01.2021 06:22",
            "open": "6.646",
            "high": "6.646",
            "low": "6.646",
            "close": "6.63"
        },
        {
            "time": "13.01.2021 06:23",
            "open": "6.63",
            "high": "6.63",
            "low": "6.623",
            "close": "6.693"
        },
        {
            "time": "13.01.2021 06:29",
            "open": "6.693",
            "high": "6.693",
            "low": "6.693",
            "close": "6.667"
        },
        {
            "time": "13.01.2021 06:30",
            "open": "6.667",
            "high": "6.667",
            "low": "6.651",
            "close": "6.646"
        },
        {
            "time": "13.01.2021 06:31",
            "open": "6.646",
            "high": "6.646",
            "low": "6.646",
            "close": "6.73"
        },
        {
            "time": "13.01.2021 06:34",
            "open": "6.73",
            "high": "6.73",
            "low": "6.73",
            "close": "6.666"
        },
        {
            "time": "13.01.2021 06:35",
            "open": "6.666",
            "high": "6.666",
            "low": "6.666",
            "close": "6.692"
        },
        {
            "time": "13.01.2021 06:37",
            "open": "6.692",
            "high": "6.692",
            "low": "6.692",
            "close": "6.703"
        },
        {
            "time": "13.01.2021 06:39",
            "open": "6.703",
            "high": "6.703",
            "low": "6.685",
            "close": "6.668"
        },
        {
            "time": "13.01.2021 06:45",
            "open": "6.668",
            "high": "6.668",
            "low": "6.668",
            "close": "6.719"
        },
        {
            "time": "13.01.2021 06:46",
            "open": "6.719",
            "high": "6.719",
            "low": "6.719",
            "close": "6.693"
        },
        {
            "time": "13.01.2021 06:47",
            "open": "6.693",
            "high": "6.693",
            "low": "6.693",
            "close": "6.679"
        },
        {
            "time": "13.01.2021 06:51",
            "open": "6.679",
            "high": "6.679",
            "low": "6.679",
            "close": "6.685"
        },
        {
            "time": "13.01.2021 06:55",
            "open": "6.685",
            "high": "6.685",
            "low": "6.685",
            "close": "6.688"
        },
        {
            "time": "13.01.2021 07:01",
            "open": "6.688",
            "high": "6.688",
            "low": "6.688",
            "close": "6.719"
        },
        {
            "time": "13.01.2021 07:04",
            "open": "6.719",
            "high": "6.719",
            "low": "6.719",
            "close": "6.721"
        },
        {
            "time": "13.01.2021 07:08",
            "open": "6.721",
            "high": "6.721",
            "low": "6.721",
            "close": "6.719"
        },
        {
            "time": "13.01.2021 07:10",
            "open": "6.719",
            "high": "6.719",
            "low": "6.719",
            "close": "6.72"
        },
        {
            "time": "13.01.2021 07:12",
            "open": "6.72",
            "high": "6.72",
            "low": "6.72",
            "close": "6.722"
        },
        {
            "time": "13.01.2021 07:13",
            "open": "6.722",
            "high": "6.722",
            "low": "6.721",
            "close": "6.786"
        },
        {
            "time": "13.01.2021 07:25",
            "open": "6.786",
            "high": "6.786",
            "low": "6.786",
            "close": "6.786"
        },
        {
            "time": "13.01.2021 07:26",
            "open": "6.786",
            "high": "6.789",
            "low": "6.786",
            "close": "6.75"
        },
        {
            "time": "13.01.2021 07:43",
            "open": "6.75",
            "high": "6.75",
            "low": "6.741",
            "close": "6.756"
        },
        {
            "time": "13.01.2021 07:57",
            "open": "6.756",
            "high": "6.756",
            "low": "6.756",
            "close": "6.762"
        },
        {
            "time": "13.01.2021 08:22",
            "open": "6.762",
            "high": "6.762",
            "low": "6.762",
            "close": "6.782"
        },
        {
            "time": "13.01.2021 08:30",
            "open": "6.782",
            "high": "6.782",
            "low": "6.782",
            "close": "6.782"
        },
        {
            "time": "13.01.2021 08:31",
            "open": "6.782",
            "high": "6.784",
            "low": "6.782",
            "close": "6.805"
        },
        {
            "time": "13.01.2021 08:43",
            "open": "6.805",
            "high": "6.818",
            "low": "6.805",
            "close": "6.818"
        },
        {
            "time": "13.01.2021 08:46",
            "open": "6.818",
            "high": "6.818",
            "low": "6.818",
            "close": "6.82"
        },
        {
            "time": "13.01.2021 08:48",
            "open": "6.82",
            "high": "6.82",
            "low": "6.82",
            "close": "6.825"
        },
        {
            "time": "13.01.2021 08:50",
            "open": "6.825",
            "high": "6.91",
            "low": "6.825",
            "close": "6.9"
        },
        {
            "time": "13.01.2021 08:51",
            "open": "6.9",
            "high": "6.927",
            "low": "6.9",
            "close": "6.929"
        },
        {
            "time": "13.01.2021 08:52",
            "open": "6.929",
            "high": "6.929",
            "low": "6.928",
            "close": "6.929"
        },
        {
            "time": "13.01.2021 08:55",
            "open": "6.929",
            "high": "7.15",
            "low": "6.929",
            "close": "6.969"
        },
        {
            "time": "13.01.2021 08:59",
            "open": "6.969",
            "high": "6.969",
            "low": "6.969",
            "close": "6.932"
        },
        {
            "time": "13.01.2021 09:04",
            "open": "6.932",
            "high": "6.932",
            "low": "6.909",
            "close": "6.953"
        },
        {
            "time": "13.01.2021 09:12",
            "open": "6.953",
            "high": "6.953",
            "low": "6.953",
            "close": "6.97"
        },
        {
            "time": "13.01.2021 09:13",
            "open": "6.97",
            "high": "6.97",
            "low": "6.97",
            "close": "6.985"
        },
        {
            "time": "13.01.2021 09:15",
            "open": "6.985",
            "high": "7.056",
            "low": "6.985",
            "close": "6.975"
        },
        {
            "time": "13.01.2021 09:18",
            "open": "6.975",
            "high": "6.985",
            "low": "6.975",
            "close": "6.971"
        },
        {
            "time": "13.01.2021 09:19",
            "open": "6.971",
            "high": "6.971",
            "low": "6.97",
            "close": "6.969"
        },
        {
            "time": "13.01.2021 09:20",
            "open": "6.969",
            "high": "6.969",
            "low": "6.961",
            "close": "6.997"
        },
        {
            "time": "13.01.2021 09:22",
            "open": "6.997",
            "high": "6.998",
            "low": "6.997",
            "close": "6.967"
        },
        {
            "time": "13.01.2021 09:23",
            "open": "6.967",
            "high": "6.967",
            "low": "6.967",
            "close": "6.967"
        },
        {
            "time": "13.01.2021 09:24",
            "open": "6.967",
            "high": "6.968",
            "low": "6.956",
            "close": "6.977"
        },
        {
            "time": "13.01.2021 09:28",
            "open": "6.977",
            "high": "7.031",
            "low": "6.977",
            "close": "6.986"
        },
        {
            "time": "13.01.2021 09:29",
            "open": "6.986",
            "high": "6.986",
            "low": "6.978",
            "close": "6.952"
        },
        {
            "time": "13.01.2021 09:34",
            "open": "6.952",
            "high": "6.952",
            "low": "6.952",
            "close": "6.939"
        },
        {
            "time": "13.01.2021 09:36",
            "open": "6.939",
            "high": "6.939",
            "low": "6.938",
            "close": "6.938"
        },
        {
            "time": "13.01.2021 09:41",
            "open": "6.938",
            "high": "6.938",
            "low": "6.938",
            "close": "6.935"
        },
        {
            "time": "13.01.2021 09:42",
            "open": "6.935",
            "high": "6.935",
            "low": "6.935",
            "close": "6.935"
        },
        {
            "time": "13.01.2021 09:43",
            "open": "6.935",
            "high": "6.935",
            "low": "6.935",
            "close": "6.935"
        },
        {
            "time": "13.01.2021 09:51",
            "open": "6.935",
            "high": "6.935",
            "low": "6.935",
            "close": "6.958"
        },
        {
            "time": "13.01.2021 09:55",
            "open": "6.958",
            "high": "6.958",
            "low": "6.958",
            "close": "6.97"
        },
        {
            "time": "13.01.2021 10:00",
            "open": "6.97",
            "high": "6.97",
            "low": "6.97",
            "close": "6.923"
        },
        {
            "time": "13.01.2021 10:01",
            "open": "6.923",
            "high": "6.923",
            "low": "6.923",
            "close": "6.94"
        },
        {
            "time": "13.01.2021 10:07",
            "open": "6.94",
            "high": "6.94",
            "low": "6.94",
            "close": "6.937"
        },
        {
            "time": "13.01.2021 10:10",
            "open": "6.937",
            "high": "6.938",
            "low": "6.937",
            "close": "6.944"
        },
        {
            "time": "13.01.2021 10:20",
            "open": "6.944",
            "high": "6.944",
            "low": "6.944",
            "close": "6.96"
        },
        {
            "time": "13.01.2021 10:24",
            "open": "6.96",
            "high": "6.974",
            "low": "6.96",
            "close": "6.944"
        },
        {
            "time": "13.01.2021 10:38",
            "open": "6.944",
            "high": "6.944",
            "low": "6.944",
            "close": "6.922"
        },
        {
            "time": "13.01.2021 10:40",
            "open": "6.922",
            "high": "6.922",
            "low": "6.922",
            "close": "6.928"
        },
        {
            "time": "13.01.2021 10:43",
            "open": "6.928",
            "high": "6.96",
            "low": "6.928",
            "close": "6.913"
        },
        {
            "time": "13.01.2021 10:44",
            "open": "6.913",
            "high": "6.913",
            "low": "6.913",
            "close": "6.953"
        },
        {
            "time": "13.01.2021 10:47",
            "open": "6.953",
            "high": "6.953",
            "low": "6.953",
            "close": "6.926"
        },
        {
            "time": "13.01.2021 10:52",
            "open": "6.926",
            "high": "6.927",
            "low": "6.926",
            "close": "6.954"
        },
        {
            "time": "13.01.2021 10:59",
            "open": "6.954",
            "high": "6.954",
            "low": "6.954",
            "close": "6.913"
        },
        {
            "time": "13.01.2021 11:03",
            "open": "6.913",
            "high": "6.913",
            "low": "6.913",
            "close": "6.932"
        },
        {
            "time": "13.01.2021 11:19",
            "open": "6.932",
            "high": "6.932",
            "low": "6.932",
            "close": "7.004"
        },
        {
            "time": "13.01.2021 11:20",
            "open": "7.004",
            "high": "7.004",
            "low": "7.004",
            "close": "7"
        },
        {
            "time": "13.01.2021 11:28",
            "open": "7",
            "high": "7",
            "low": "7",
            "close": "6.999"
        },
        {
            "time": "13.01.2021 11:31",
            "open": "6.999",
            "high": "6.999",
            "low": "6.999",
            "close": "6.997"
        },
        {
            "time": "13.01.2021 11:32",
            "open": "6.997",
            "high": "6.997",
            "low": "6.997",
            "close": "7"
        },
        {
            "time": "13.01.2021 11:34",
            "open": "7",
            "high": "7",
            "low": "7",
            "close": "6.979"
        },
        {
            "time": "13.01.2021 11:36",
            "open": "6.979",
            "high": "6.979",
            "low": "6.979",
            "close": "6.979"
        },
        {
            "time": "13.01.2021 11:39",
            "open": "6.979",
            "high": "7.027",
            "low": "6.979",
            "close": "7.012"
        },
        {
            "time": "13.01.2021 11:43",
            "open": "7.012",
            "high": "7.012",
            "low": "7.012",
            "close": "7.031"
        },
        {
            "time": "13.01.2021 11:45",
            "open": "7.031",
            "high": "7.047",
            "low": "7.031",
            "close": "7.046"
        },
        {
            "time": "13.01.2021 11:47",
            "open": "7.046",
            "high": "7.047",
            "low": "7.046",
            "close": "7.034"
        },
        {
            "time": "13.01.2021 11:52",
            "open": "7.034",
            "high": "7.034",
            "low": "7.034",
            "close": "7.025"
        },
        {
            "time": "13.01.2021 11:54",
            "open": "7.025",
            "high": "7.026",
            "low": "7.025",
            "close": "7.024"
        },
        {
            "time": "13.01.2021 11:57",
            "open": "7.024",
            "high": "7.024",
            "low": "7.024",
            "close": "7.034"
        },
        {
            "time": "13.01.2021 11:58",
            "open": "7.034",
            "high": "7.034",
            "low": "7.034",
            "close": "7.047"
        },
        {
            "time": "13.01.2021 12:00",
            "open": "7.047",
            "high": "7.049",
            "low": "7.047",
            "close": "7.049"
        },
        {
            "time": "13.01.2021 12:01",
            "open": "7.049",
            "high": "7.049",
            "low": "7.049",
            "close": "6.997"
        },
        {
            "time": "13.01.2021 12:07",
            "open": "6.997",
            "high": "6.997",
            "low": "6.997",
            "close": "6.985"
        },
        {
            "time": "13.01.2021 12:23",
            "open": "6.985",
            "high": "6.985",
            "low": "6.985",
            "close": "6.975"
        },
        {
            "time": "13.01.2021 12:24",
            "open": "6.975",
            "high": "6.985",
            "low": "6.949",
            "close": "6.983"
        },
        {
            "time": "13.01.2021 12:25",
            "open": "6.983",
            "high": "6.983",
            "low": "6.983",
            "close": "6.984"
        },
        {
            "time": "13.01.2021 12:35",
            "open": "6.984",
            "high": "6.984",
            "low": "6.984",
            "close": "6.967"
        },
        {
            "time": "13.01.2021 12:42",
            "open": "6.967",
            "high": "6.967",
            "low": "6.967",
            "close": "6.93"
        },
        {
            "time": "13.01.2021 12:43",
            "open": "6.93",
            "high": "6.93",
            "low": "6.93",
            "close": "6.955"
        },
        {
            "time": "13.01.2021 12:45",
            "open": "6.955",
            "high": "6.955",
            "low": "6.955",
            "close": "6.969"
        },
        {
            "time": "13.01.2021 12:48",
            "open": "6.969",
            "high": "6.969",
            "low": "6.969",
            "close": "6.939"
        },
        {
            "time": "13.01.2021 12:51",
            "open": "6.939",
            "high": "6.939",
            "low": "6.939",
            "close": "6.941"
        },
        {
            "time": "13.01.2021 12:52",
            "open": "6.941",
            "high": "6.942",
            "low": "6.936",
            "close": "6.929"
        },
        {
            "time": "13.01.2021 12:53",
            "open": "6.929",
            "high": "6.929",
            "low": "6.929",
            "close": "6.924"
        },
        {
            "time": "13.01.2021 12:54",
            "open": "6.924",
            "high": "6.924",
            "low": "6.924",
            "close": "6.96"
        },
        {
            "time": "13.01.2021 13:00",
            "open": "6.96",
            "high": "6.96",
            "low": "6.96",
            "close": "6.931"
        },
        {
            "time": "13.01.2021 13:01",
            "open": "6.931",
            "high": "6.931",
            "low": "6.9",
            "close": "6.975"
        },
        {
            "time": "13.01.2021 13:02",
            "open": "6.975",
            "high": "6.975",
            "low": "6.975",
            "close": "6.911"
        },
        {
            "time": "13.01.2021 13:04",
            "open": "6.911",
            "high": "6.911",
            "low": "6.91",
            "close": "6.912"
        },
        {
            "time": "13.01.2021 13:06",
            "open": "6.912",
            "high": "6.912",
            "low": "6.912",
            "close": "6.909"
        },
        {
            "time": "13.01.2021 13:09",
            "open": "6.909",
            "high": "6.909",
            "low": "6.909",
            "close": "6.897"
        },
        {
            "time": "13.01.2021 13:10",
            "open": "6.897",
            "high": "6.897",
            "low": "6.897",
            "close": "6.889"
        },
        {
            "time": "13.01.2021 13:11",
            "open": "6.889",
            "high": "6.889",
            "low": "6.888",
            "close": "6.888"
        },
        {
            "time": "13.01.2021 13:13",
            "open": "6.888",
            "high": "6.888",
            "low": "6.888",
            "close": "6.9"
        },
        {
            "time": "13.01.2021 13:15",
            "open": "6.9",
            "high": "6.9",
            "low": "6.9",
            "close": "6.861"
        },
        {
            "time": "13.01.2021 13:19",
            "open": "6.861",
            "high": "6.861",
            "low": "6.856",
            "close": "6.856"
        },
        {
            "time": "13.01.2021 13:21",
            "open": "6.856",
            "high": "6.856",
            "low": "6.856",
            "close": "6.858"
        },
        {
            "time": "13.01.2021 13:22",
            "open": "6.858",
            "high": "6.86",
            "low": "6.858",
            "close": "6.856"
        },
        {
            "time": "13.01.2021 13:24",
            "open": "6.856",
            "high": "6.856",
            "low": "6.856",
            "close": "6.875"
        },
        {
            "time": "13.01.2021 13:27",
            "open": "6.875",
            "high": "6.875",
            "low": "6.875",
            "close": "6.888"
        },
        {
            "time": "13.01.2021 13:30",
            "open": "6.888",
            "high": "6.888",
            "low": "6.888",
            "close": "6.911"
        },
        {
            "time": "13.01.2021 13:38",
            "open": "6.911",
            "high": "6.911",
            "low": "6.911",
            "close": "6.975"
        },
        {
            "time": "13.01.2021 13:40",
            "open": "6.975",
            "high": "6.975",
            "low": "6.898",
            "close": "6.925"
        },
        {
            "time": "13.01.2021 13:47",
            "open": "6.925",
            "high": "6.926",
            "low": "6.925",
            "close": "6.904"
        },
        {
            "time": "13.01.2021 13:50",
            "open": "6.904",
            "high": "6.904",
            "low": "6.904",
            "close": "6.945"
        },
        {
            "time": "13.01.2021 13:52",
            "open": "6.945",
            "high": "6.945",
            "low": "6.94",
            "close": "6.898"
        },
        {
            "time": "13.01.2021 13:58",
            "open": "6.898",
            "high": "6.905",
            "low": "6.898",
            "close": "6.897"
        },
        {
            "time": "13.01.2021 14:00",
            "open": "6.897",
            "high": "6.897",
            "low": "6.897",
            "close": "6.933"
        },
        {
            "time": "13.01.2021 14:16",
            "open": "6.933",
            "high": "6.933",
            "low": "6.933",
            "close": "6.941"
        },
        {
            "time": "13.01.2021 14:18",
            "open": "6.941",
            "high": "6.941",
            "low": "6.923",
            "close": "6.937"
        },
        {
            "time": "13.01.2021 14:19",
            "open": "6.937",
            "high": "6.937",
            "low": "6.937",
            "close": "6.934"
        },
        {
            "time": "13.01.2021 14:30",
            "open": "6.934",
            "high": "7",
            "low": "6.934",
            "close": "7.049"
        },
        {
            "time": "13.01.2021 14:33",
            "open": "7.049",
            "high": "7.049",
            "low": "7.049",
            "close": "7.05"
        },
        {
            "time": "13.01.2021 14:34",
            "open": "7.05",
            "high": "7.08",
            "low": "7.05",
            "close": "7.08"
        },
        {
            "time": "13.01.2021 14:36",
            "open": "7.08",
            "high": "7.108",
            "low": "7.076",
            "close": "7.124"
        },
        {
            "time": "13.01.2021 14:37",
            "open": "7.124",
            "high": "7.15",
            "low": "7.124",
            "close": "7.136"
        },
        {
            "time": "13.01.2021 14:39",
            "open": "7.136",
            "high": "7.136",
            "low": "7.135",
            "close": "7.135"
        },
        {
            "time": "13.01.2021 14:40",
            "open": "7.135",
            "high": "7.135",
            "low": "7.121",
            "close": "7.152"
        },
        {
            "time": "13.01.2021 14:41",
            "open": "7.152",
            "high": "7.199",
            "low": "7.136",
            "close": "7.159"
        },
        {
            "time": "13.01.2021 14:43",
            "open": "7.159",
            "high": "7.164",
            "low": "7.159",
            "close": "7.115"
        },
        {
            "time": "13.01.2021 14:45",
            "open": "7.115",
            "high": "7.115",
            "low": "7.093",
            "close": "7.112"
        },
        {
            "time": "13.01.2021 14:49",
            "open": "7.112",
            "high": "7.112",
            "low": "7.081",
            "close": "7.08"
        },
        {
            "time": "13.01.2021 14:50",
            "open": "7.08",
            "high": "7.08",
            "low": "7.076",
            "close": "7.049"
        },
        {
            "time": "13.01.2021 14:52",
            "open": "7.049",
            "high": "7.057",
            "low": "7.049",
            "close": "7.102"
        },
        {
            "time": "13.01.2021 14:55",
            "open": "7.102",
            "high": "7.102",
            "low": "7.102",
            "close": "7.106"
        },
        {
            "time": "13.01.2021 15:11",
            "open": "7.106",
            "high": "7.106",
            "low": "7.09",
            "close": "7.099"
        },
        {
            "time": "13.01.2021 15:16",
            "open": "7.099",
            "high": "7.099",
            "low": "7.099",
            "close": "7.116"
        },
        {
            "time": "13.01.2021 15:18",
            "open": "7.116",
            "high": "7.121",
            "low": "7.113",
            "close": "7.114"
        },
        {
            "time": "13.01.2021 15:26",
            "open": "7.114",
            "high": "7.114",
            "low": "7.114",
            "close": "7.113"
        },
        {
            "time": "13.01.2021 15:27",
            "open": "7.113",
            "high": "7.113",
            "low": "7.091",
            "close": "7.079"
        },
        {
            "time": "13.01.2021 15:31",
            "open": "7.079",
            "high": "7.079",
            "low": "7.079",
            "close": "7.051"
        },
        {
            "time": "13.01.2021 15:41",
            "open": "7.051",
            "high": "7.051",
            "low": "7.051",
            "close": "7.073"
        },
        {
            "time": "13.01.2021 15:52",
            "open": "7.073",
            "high": "7.073",
            "low": "7.073",
            "close": "7.057"
        },
        {
            "time": "13.01.2021 15:56",
            "open": "7.057",
            "high": "7.057",
            "low": "7.057",
            "close": "7.037"
        },
        {
            "time": "13.01.2021 15:57",
            "open": "7.037",
            "high": "7.037",
            "low": "7.037",
            "close": "7.029"
        },
        {
            "time": "13.01.2021 15:58",
            "open": "7.029",
            "high": "7.029",
            "low": "7.018",
            "close": "7.037"
        },
        {
            "time": "13.01.2021 16:23",
            "open": "7.037",
            "high": "7.037",
            "low": "7.037",
            "close": "7.068"
        },
        {
            "time": "13.01.2021 16:31",
            "open": "7.068",
            "high": "7.068",
            "low": "7.068",
            "close": "7.018"
        },
        {
            "time": "13.01.2021 16:45",
            "open": "7.018",
            "high": "7.018",
            "low": "7.018",
            "close": "6.993"
        },
        {
            "time": "13.01.2021 16:46",
            "open": "6.993",
            "high": "6.993",
            "low": "6.984",
            "close": "6.983"
        },
        {
            "time": "13.01.2021 16:47",
            "open": "6.983",
            "high": "6.983",
            "low": "6.983",
            "close": "6.998"
        },
        {
            "time": "13.01.2021 17:01",
            "open": "6.998",
            "high": "6.999",
            "low": "6.998",
            "close": "7"
        },
        {
            "time": "13.01.2021 17:02",
            "open": "7",
            "high": "7",
            "low": "7",
            "close": "7.072"
        },
        {
            "time": "13.01.2021 17:06",
            "open": "7.072",
            "high": "7.072",
            "low": "7.072",
            "close": "7.056"
        },
        {
            "time": "13.01.2021 17:09",
            "open": "7.056",
            "high": "7.059",
            "low": "7.056",
            "close": "7.059"
        },
        {
            "time": "13.01.2021 17:18",
            "open": "7.059",
            "high": "7.059",
            "low": "7.058",
            "close": "7.054"
        },
        {
            "time": "13.01.2021 17:22",
            "open": "7.054",
            "high": "7.054",
            "low": "7.053",
            "close": "7.081"
        },
        {
            "time": "13.01.2021 17:32",
            "open": "7.081",
            "high": "7.088",
            "low": "7.081",
            "close": "7.036"
        },
        {
            "time": "13.01.2021 17:33",
            "open": "7.036",
            "high": "7.036",
            "low": "7.036",
            "close": "7.02"
        },
        {
            "time": "13.01.2021 17:36",
            "open": "7.02",
            "high": "7.02",
            "low": "7.02",
            "close": "7.013"
        },
        {
            "time": "13.01.2021 17:41",
            "open": "7.013",
            "high": "7.013",
            "low": "7.012",
            "close": "7.034"
        },
        {
            "time": "13.01.2021 18:03",
            "open": "7.034",
            "high": "7.034",
            "low": "7.034",
            "close": "7.055"
        },
        {
            "time": "13.01.2021 18:06",
            "open": "7.055",
            "high": "7.07",
            "low": "7.055",
            "close": "7.09"
        },
        {
            "time": "13.01.2021 18:19",
            "open": "7.09",
            "high": "7.09",
            "low": "7.09",
            "close": "7.09"
        },
        {
            "time": "13.01.2021 18:20",
            "open": "7.09",
            "high": "7.09",
            "low": "7.09",
            "close": "7.09"
        },
        {
            "time": "13.01.2021 18:21",
            "open": "7.09",
            "high": "7.09",
            "low": "7.09",
            "close": "7.09"
        },
        {
            "time": "13.01.2021 18:25",
            "open": "7.09",
            "high": "7.09",
            "low": "7.09",
            "close": "7.09"
        },
        {
            "time": "13.01.2021 18:33",
            "open": "7.09",
            "high": "7.09",
            "low": "7.09",
            "close": "7.09"
        },
        {
            "time": "13.01.2021 18:38",
            "open": "7.09",
            "high": "7.148",
            "low": "7.09",
            "close": "7.078"
        },
        {
            "time": "13.01.2021 18:43",
            "open": "7.078",
            "high": "7.078",
            "low": "7.078",
            "close": "7.086"
        },
        {
            "time": "13.01.2021 19:00",
            "open": "7.086",
            "high": "7.087",
            "low": "7.086",
            "close": "7.09"
        },
        {
            "time": "13.01.2021 19:02",
            "open": "7.09",
            "high": "7.09",
            "low": "7.09",
            "close": "7.092"
        },
        {
            "time": "13.01.2021 19:04",
            "open": "7.092",
            "high": "7.092",
            "low": "7.092",
            "close": "7.097"
        },
        {
            "time": "13.01.2021 19:12",
            "open": "7.097",
            "high": "7.097",
            "low": "7.097",
            "close": "7.107"
        },
        {
            "time": "13.01.2021 19:17",
            "open": "7.107",
            "high": "7.107",
            "low": "7.107",
            "close": "7.101"
        },
        {
            "time": "13.01.2021 19:20",
            "open": "7.101",
            "high": "7.101",
            "low": "7.101",
            "close": "7.094"
        },
        {
            "time": "13.01.2021 19:22",
            "open": "7.094",
            "high": "7.094",
            "low": "7.094",
            "close": "7.106"
        },
        {
            "time": "13.01.2021 19:25",
            "open": "7.106",
            "high": "7.106",
            "low": "7.106",
            "close": "7.116"
        },
        {
            "time": "13.01.2021 19:26",
            "open": "7.116",
            "high": "7.116",
            "low": "7.116",
            "close": "7.12"
        },
        {
            "time": "13.01.2021 19:32",
            "open": "7.12",
            "high": "7.142",
            "low": "7.12",
            "close": "7.131"
        },
        {
            "time": "13.01.2021 19:40",
            "open": "7.131",
            "high": "7.131",
            "low": "7.13",
            "close": "7.13"
        },
        {
            "time": "13.01.2021 19:41",
            "open": "7.13",
            "high": "7.13",
            "low": "7.13",
            "close": "7.123"
        },
        {
            "time": "13.01.2021 19:46",
            "open": "7.123",
            "high": "7.123",
            "low": "7.119",
            "close": "7.12"
        },
        {
            "time": "13.01.2021 19:47",
            "open": "7.12",
            "high": "7.136",
            "low": "7.12",
            "close": "7.119"
        },
        {
            "time": "13.01.2021 19:52",
            "open": "7.119",
            "high": "7.119",
            "low": "7.119",
            "close": "7.119"
        },
        {
            "time": "13.01.2021 20:00",
            "open": "7.119",
            "high": "7.119",
            "low": "7.119",
            "close": "7.149"
        },
        {
            "time": "13.01.2021 20:05",
            "open": "7.149",
            "high": "7.154",
            "low": "7.149",
            "close": "7.163"
        },
        {
            "time": "13.01.2021 20:14",
            "open": "7.163",
            "high": "7.163",
            "low": "7.163",
            "close": "7.176"
        },
        {
            "time": "13.01.2021 20:22",
            "open": "7.176",
            "high": "7.176",
            "low": "7.176",
            "close": "7.176"
        },
        {
            "time": "13.01.2021 20:23",
            "open": "7.176",
            "high": "7.192",
            "low": "7.176",
            "close": "7.195"
        },
        {
            "time": "13.01.2021 20:31",
            "open": "7.195",
            "high": "7.2",
            "low": "7.195",
            "close": "7.2"
        },
        {
            "time": "13.01.2021 20:33",
            "open": "7.2",
            "high": "7.2",
            "low": "7.2",
            "close": "7.2"
        },
        {
            "time": "13.01.2021 20:34",
            "open": "7.2",
            "high": "7.2",
            "low": "7.2",
            "close": "7.2"
        },
        {
            "time": "13.01.2021 20:36",
            "open": "7.2",
            "high": "7.2",
            "low": "7.2",
            "close": "7.2"
        },
        {
            "time": "13.01.2021 20:37",
            "open": "7.2",
            "high": "7.2",
            "low": "7.2",
            "close": "7.2"
        },
        {
            "time": "13.01.2021 20:38",
            "open": "7.2",
            "high": "7.234",
            "low": "7.2",
            "close": "7.211"
        },
        {
            "time": "13.01.2021 20:39",
            "open": "7.211",
            "high": "7.211",
            "low": "7.211",
            "close": "7.236"
        },
        {
            "time": "13.01.2021 20:43",
            "open": "7.236",
            "high": "7.236",
            "low": "7.209",
            "close": "7.233"
        },
        {
            "time": "13.01.2021 20:45",
            "open": "7.233",
            "high": "7.233",
            "low": "7.233",
            "close": "7.243"
        },
        {
            "time": "13.01.2021 20:49",
            "open": "7.243",
            "high": "7.259",
            "low": "7.243",
            "close": "7.223"
        },
        {
            "time": "13.01.2021 20:52",
            "open": "7.223",
            "high": "7.223",
            "low": "7.223",
            "close": "7.258"
        },
        {
            "time": "13.01.2021 21:00",
            "open": "7.258",
            "high": "7.258",
            "low": "7.258",
            "close": "7.261"
        },
        {
            "time": "13.01.2021 21:04",
            "open": "7.261",
            "high": "7.261",
            "low": "7.261",
            "close": "7.261"
        },
        {
            "time": "13.01.2021 21:05",
            "open": "7.261",
            "high": "7.261",
            "low": "7.261",
            "close": "7.263"
        },
        {
            "time": "13.01.2021 21:07",
            "open": "7.263",
            "high": "7.295",
            "low": "7.263",
            "close": "7.288"
        },
        {
            "time": "13.01.2021 21:08",
            "open": "7.288",
            "high": "7.288",
            "low": "7.288",
            "close": "7.3"
        },
        {
            "time": "13.01.2021 21:11",
            "open": "7.3",
            "high": "7.3",
            "low": "7.296",
            "close": "7.3"
        },
        {
            "time": "13.01.2021 21:12",
            "open": "7.3",
            "high": "7.301",
            "low": "7.3",
            "close": "7.304"
        },
        {
            "time": "13.01.2021 21:15",
            "open": "7.304",
            "high": "7.32",
            "low": "7.304",
            "close": "7.32"
        },
        {
            "time": "13.01.2021 21:17",
            "open": "7.32",
            "high": "7.32",
            "low": "7.32",
            "close": "7.32"
        },
        {
            "time": "13.01.2021 21:18",
            "open": "7.32",
            "high": "7.32",
            "low": "7.32",
            "close": "7.32"
        },
        {
            "time": "13.01.2021 21:20",
            "open": "7.32",
            "high": "7.32",
            "low": "7.32",
            "close": "7.329"
        },
        {
            "time": "13.01.2021 21:22",
            "open": "7.329",
            "high": "7.35",
            "low": "7.329",
            "close": "7.35"
        },
        {
            "time": "13.01.2021 21:23",
            "open": "7.35",
            "high": "7.37",
            "low": "7.349",
            "close": "7.37"
        },
        {
            "time": "13.01.2021 21:25",
            "open": "7.37",
            "high": "7.37",
            "low": "7.37",
            "close": "7.297"
        },
        {
            "time": "13.01.2021 21:30",
            "open": "7.298",
            "high": "7.298",
            "low": "7.298",
            "close": "7.267"
        },
        {
            "time": "13.01.2021 21:32",
            "open": "7.267",
            "high": "7.267",
            "low": "7.267",
            "close": "7.278"
        },
        {
            "time": "13.01.2021 21:34",
            "open": "7.278",
            "high": "7.28",
            "low": "7.278",
            "close": "7.279"
        },
        {
            "time": "13.01.2021 21:35",
            "open": "7.279",
            "high": "7.279",
            "low": "7.201",
            "close": "7.271"
        },
        {
            "time": "13.01.2021 21:36",
            "open": "7.271",
            "high": "7.271",
            "low": "7.271",
            "close": "7.277"
        },
        {
            "time": "13.01.2021 21:42",
            "open": "7.277",
            "high": "7.28",
            "low": "7.277",
            "close": "7.295"
        },
        {
            "time": "13.01.2021 21:48",
            "open": "7.295",
            "high": "7.295",
            "low": "7.295",
            "close": "7.28"
        },
        {
            "time": "13.01.2021 21:50",
            "open": "7.28",
            "high": "7.28",
            "low": "7.28",
            "close": "7.325"
        },
        {
            "time": "13.01.2021 21:53",
            "open": "7.325",
            "high": "7.325",
            "low": "7.293",
            "close": "7.355"
        },
        {
            "time": "13.01.2021 21:56",
            "open": "7.355",
            "high": "7.355",
            "low": "7.355",
            "close": "7.33"
        },
        {
            "time": "13.01.2021 21:57",
            "open": "7.33",
            "high": "7.33",
            "low": "7.33",
            "close": "7.328"
        },
        {
            "time": "13.01.2021 21:58",
            "open": "7.328",
            "high": "7.328",
            "low": "7.302",
            "close": "7.352"
        },
        {
            "time": "13.01.2021 21:59",
            "open": "7.352",
            "high": "7.352",
            "low": "7.352",
            "close": "7.37"
        },
        {
            "time": "13.01.2021 22:03",
            "open": "7.37",
            "high": "7.37",
            "low": "7.37",
            "close": "7.37"
        },
        {
            "time": "13.01.2021 22:04",
            "open": "7.37",
            "high": "7.37",
            "low": "7.37",
            "close": "7.345"
        },
        {
            "time": "13.01.2021 22:05",
            "open": "7.345",
            "high": "7.345",
            "low": "7.345",
            "close": "7.371"
        },
        {
            "time": "13.01.2021 22:09",
            "open": "7.371",
            "high": "7.371",
            "low": "7.371",
            "close": "7.37"
        },
        {
            "time": "13.01.2021 22:11",
            "open": "7.37",
            "high": "7.37",
            "low": "7.37",
            "close": "7.394"
        },
        {
            "time": "13.01.2021 22:15",
            "open": "7.394",
            "high": "7.394",
            "low": "7.394",
            "close": "7.393"
        },
        {
            "time": "13.01.2021 22:16",
            "open": "7.393",
            "high": "7.393",
            "low": "7.393",
            "close": "7.364"
        },
        {
            "time": "13.01.2021 22:20",
            "open": "7.364",
            "high": "7.396",
            "low": "7.364",
            "close": "7.396"
        },
        {
            "time": "13.01.2021 22:22",
            "open": "7.396",
            "high": "7.396",
            "low": "7.389",
            "close": "7.331"
        },
        {
            "time": "13.01.2021 22:25",
            "open": "7.331",
            "high": "7.331",
            "low": "7.33",
            "close": "7.31"
        },
        {
            "time": "13.01.2021 22:27",
            "open": "7.31",
            "high": "7.326",
            "low": "7.309",
            "close": "7.346"
        },
        {
            "time": "13.01.2021 22:28",
            "open": "7.346",
            "high": "7.346",
            "low": "7.346",
            "close": "7.319"
        },
        {
            "time": "13.01.2021 22:30",
            "open": "7.319",
            "high": "7.319",
            "low": "7.319",
            "close": "7.314"
        },
        {
            "time": "13.01.2021 22:31",
            "open": "7.314",
            "high": "7.314",
            "low": "7.314",
            "close": "7.278"
        },
        {
            "time": "13.01.2021 22:34",
            "open": "7.278",
            "high": "7.278",
            "low": "7.278",
            "close": "7.274"
        },
        {
            "time": "13.01.2021 22:39",
            "open": "7.274",
            "high": "7.274",
            "low": "7.274",
            "close": "7.26"
        },
        {
            "time": "13.01.2021 22:43",
            "open": "7.26",
            "high": "7.26",
            "low": "7.26",
            "close": "7.247"
        },
        {
            "time": "13.01.2021 22:46",
            "open": "7.247",
            "high": "7.247",
            "low": "7.247",
            "close": "7.269"
        },
        {
            "time": "13.01.2021 22:47",
            "open": "7.269",
            "high": "7.269",
            "low": "7.269",
            "close": "7.252"
        },
        {
            "time": "13.01.2021 22:48",
            "open": "7.252",
            "high": "7.255",
            "low": "7.252",
            "close": "7.24"
        },
        {
            "time": "13.01.2021 22:49",
            "open": "7.24",
            "high": "7.254",
            "low": "7.218",
            "close": "7.246"
        },
        {
            "time": "13.01.2021 22:50",
            "open": "7.246",
            "high": "7.246",
            "low": "7.246",
            "close": "7.234"
        },
        {
            "time": "13.01.2021 22:51",
            "open": "7.234",
            "high": "7.234",
            "low": "7.234",
            "close": "7.263"
        },
        {
            "time": "13.01.2021 22:53",
            "open": "7.263",
            "high": "7.263",
            "low": "7.263",
            "close": "7.241"
        },
        {
            "time": "13.01.2021 22:56",
            "open": "7.241",
            "high": "7.241",
            "low": "7.241",
            "close": "7.257"
        },
        {
            "time": "13.01.2021 23:00",
            "open": "7.257",
            "high": "7.257",
            "low": "7.257",
            "close": "7.241"
        },
        {
            "time": "13.01.2021 23:01",
            "open": "7.241",
            "high": "7.258",
            "low": "7.241",
            "close": "7.256"
        },
        {
            "time": "13.01.2021 23:02",
            "open": "7.256",
            "high": "7.256",
            "low": "7.256",
            "close": "7.208"
        },
        {
            "time": "13.01.2021 23:06",
            "open": "7.208",
            "high": "7.208",
            "low": "7.201",
            "close": "7.199"
        },
        {
            "time": "13.01.2021 23:08",
            "open": "7.199",
            "high": "7.227",
            "low": "7.124",
            "close": "7.17"
        },
        {
            "time": "13.01.2021 23:13",
            "open": "7.17",
            "high": "7.17",
            "low": "7.17",
            "close": "7.162"
        },
        {
            "time": "13.01.2021 23:14",
            "open": "7.162",
            "high": "7.162",
            "low": "7.162",
            "close": "7.292"
        },
        {
            "time": "13.01.2021 23:25",
            "open": "7.292",
            "high": "7.292",
            "low": "7.292",
            "close": "7.3"
        },
        {
            "time": "13.01.2021 23:28",
            "open": "7.3",
            "high": "7.311",
            "low": "7.3",
            "close": "7.316"
        },
        {
            "time": "13.01.2021 23:30",
            "open": "7.316",
            "high": "7.316",
            "low": "7.286",
            "close": "7.323"
        },
        {
            "time": "13.01.2021 23:32",
            "open": "7.323",
            "high": "7.323",
            "low": "7.322",
            "close": "7.318"
        },
        {
            "time": "13.01.2021 23:33",
            "open": "7.318",
            "high": "7.318",
            "low": "7.318",
            "close": "7.308"
        },
        {
            "time": "13.01.2021 23:34",
            "open": "7.308",
            "high": "7.308",
            "low": "7.308",
            "close": "7.267"
        },
        {
            "time": "13.01.2021 23:36",
            "open": "7.267",
            "high": "7.267",
            "low": "7.267",
            "close": "7.298"
        },
        {
            "time": "13.01.2021 23:37",
            "open": "7.298",
            "high": "7.298",
            "low": "7.298",
            "close": "7.302"
        },
        {
            "time": "13.01.2021 23:38",
            "open": "7.302",
            "high": "7.302",
            "low": "7.302",
            "close": "7.292"
        },
        {
            "time": "13.01.2021 23:40",
            "open": "7.292",
            "high": "7.292",
            "low": "7.292",
            "close": "7.195"
        },
        {
            "time": "13.01.2021 23:42",
            "open": "7.195",
            "high": "7.195",
            "low": "7.194",
            "close": "7.27"
        },
        {
            "time": "13.01.2021 23:44",
            "open": "7.27",
            "high": "7.27",
            "low": "7.27",
            "close": "7.264"
        },
        {
            "time": "13.01.2021 23:45",
            "open": "7.264",
            "high": "7.264",
            "low": "7.264",
            "close": "7.272"
        },
        {
            "time": "13.01.2021 23:54",
            "open": "7.272",
            "high": "7.272",
            "low": "7.272",
            "close": "7.293"
        },
        {
            "time": "13.01.2021 23:56",
            "open": "7.293",
            "high": "7.293",
            "low": "7.293",
            "close": "7.322"
        }
    ]
}