{
    "UMA-EUR": [
        {
            "time": "31.12.2020 23:50",
            "open": "6.23",
            "high": "6.23",
            "low": "6.23",
            "close": "6.223"
        },
        {
            "time": "01.01.2021 00:09",
            "open": "6.223",
            "high": "6.223",
            "low": "6.223",
            "close": "6.226"
        },
        {
            "time": "01.01.2021 00:10",
            "open": "6.226",
            "high": "6.226",
            "low": "6.226",
            "close": "6.23"
        },
        {
            "time": "01.01.2021 00:11",
            "open": "6.23",
            "high": "6.231",
            "low": "6.23",
            "close": "6.234"
        },
        {
            "time": "01.01.2021 00:13",
            "open": "6.234",
            "high": "6.234",
            "low": "6.234",
            "close": "6.277"
        },
        {
            "time": "01.01.2021 00:45",
            "open": "6.277",
            "high": "6.29",
            "low": "6.277",
            "close": "6.241"
        },
        {
            "time": "01.01.2021 00:47",
            "open": "6.241",
            "high": "6.241",
            "low": "6.227",
            "close": "6.233"
        },
        {
            "time": "01.01.2021 00:51",
            "open": "6.233",
            "high": "6.233",
            "low": "6.232",
            "close": "6.248"
        },
        {
            "time": "01.01.2021 00:52",
            "open": "6.248",
            "high": "6.248",
            "low": "6.221",
            "close": "6.223"
        },
        {
            "time": "01.01.2021 00:54",
            "open": "6.223",
            "high": "6.223",
            "low": "6.223",
            "close": "6.221"
        },
        {
            "time": "01.01.2021 00:55",
            "open": "6.221",
            "high": "6.222",
            "low": "6.221",
            "close": "6.221"
        },
        {
            "time": "01.01.2021 00:56",
            "open": "6.221",
            "high": "6.221",
            "low": "6.221",
            "close": "6.22"
        },
        {
            "time": "01.01.2021 01:05",
            "open": "6.22",
            "high": "6.22",
            "low": "6.22",
            "close": "6.22"
        },
        {
            "time": "01.01.2021 01:09",
            "open": "6.22",
            "high": "6.22",
            "low": "6.22",
            "close": "6.22"
        },
        {
            "time": "01.01.2021 01:10",
            "open": "6.22",
            "high": "6.22",
            "low": "6.22",
            "close": "6.216"
        },
        {
            "time": "01.01.2021 01:12",
            "open": "6.216",
            "high": "6.216",
            "low": "6.216",
            "close": "6.222"
        },
        {
            "time": "01.01.2021 01:14",
            "open": "6.222",
            "high": "6.222",
            "low": "6.222",
            "close": "6.209"
        },
        {
            "time": "01.01.2021 01:17",
            "open": "6.209",
            "high": "6.209",
            "low": "6.2",
            "close": "6.213"
        },
        {
            "time": "01.01.2021 01:20",
            "open": "6.213",
            "high": "6.213",
            "low": "6.213",
            "close": "6.2"
        },
        {
            "time": "01.01.2021 01:21",
            "open": "6.2",
            "high": "6.2",
            "low": "6.2",
            "close": "6.207"
        },
        {
            "time": "01.01.2021 01:26",
            "open": "6.2",
            "high": "6.2",
            "low": "6.2",
            "close": "6.228"
        },
        {
            "time": "01.01.2021 01:39",
            "open": "6.228",
            "high": "6.228",
            "low": "6.22",
            "close": "6.25"
        },
        {
            "time": "01.01.2021 01:42",
            "open": "6.25",
            "high": "6.25",
            "low": "6.25",
            "close": "6.243"
        },
        {
            "time": "01.01.2021 01:45",
            "open": "6.243",
            "high": "6.243",
            "low": "6.243",
            "close": "6.249"
        },
        {
            "time": "01.01.2021 01:53",
            "open": "6.249",
            "high": "6.249",
            "low": "6.249",
            "close": "6.272"
        },
        {
            "time": "01.01.2021 02:00",
            "open": "6.272",
            "high": "6.272",
            "low": "6.267",
            "close": "6.267"
        },
        {
            "time": "01.01.2021 02:01",
            "open": "6.267",
            "high": "6.267",
            "low": "6.267",
            "close": "6.271"
        },
        {
            "time": "01.01.2021 02:02",
            "open": "6.271",
            "high": "6.271",
            "low": "6.271",
            "close": "6.269"
        },
        {
            "time": "01.01.2021 02:05",
            "open": "6.269",
            "high": "6.269",
            "low": "6.269",
            "close": "6.269"
        },
        {
            "time": "01.01.2021 02:07",
            "open": "6.269",
            "high": "6.269",
            "low": "6.269",
            "close": "6.269"
        },
        {
            "time": "01.01.2021 02:09",
            "open": "6.269",
            "high": "6.269",
            "low": "6.269",
            "close": "6.269"
        },
        {
            "time": "01.01.2021 02:11",
            "open": "6.269",
            "high": "6.269",
            "low": "6.268",
            "close": "6.265"
        },
        {
            "time": "01.01.2021 02:13",
            "open": "6.265",
            "high": "6.271",
            "low": "6.265",
            "close": "6.277"
        },
        {
            "time": "01.01.2021 02:15",
            "open": "6.277",
            "high": "6.277",
            "low": "6.277",
            "close": "6.258"
        },
        {
            "time": "01.01.2021 02:16",
            "open": "6.258",
            "high": "6.258",
            "low": "6.258",
            "close": "6.248"
        },
        {
            "time": "01.01.2021 02:20",
            "open": "6.248",
            "high": "6.248",
            "low": "6.248",
            "close": "6.242"
        },
        {
            "time": "01.01.2021 02:23",
            "open": "6.242",
            "high": "6.242",
            "low": "6.242",
            "close": "6.244"
        },
        {
            "time": "01.01.2021 02:24",
            "open": "6.244",
            "high": "6.244",
            "low": "6.244",
            "close": "6.249"
        },
        {
            "time": "01.01.2021 02:25",
            "open": "6.249",
            "high": "6.249",
            "low": "6.248",
            "close": "6.248"
        },
        {
            "time": "01.01.2021 02:26",
            "open": "6.248",
            "high": "6.248",
            "low": "6.248",
            "close": "6.248"
        },
        {
            "time": "01.01.2021 02:29",
            "open": "6.248",
            "high": "6.248",
            "low": "6.248",
            "close": "6.249"
        },
        {
            "time": "01.01.2021 02:30",
            "open": "6.249",
            "high": "6.249",
            "low": "6.249",
            "close": "6.249"
        },
        {
            "time": "01.01.2021 02:31",
            "open": "6.249",
            "high": "6.249",
            "low": "6.249",
            "close": "6.278"
        },
        {
            "time": "01.01.2021 02:33",
            "open": "6.278",
            "high": "6.278",
            "low": "6.253",
            "close": "6.272"
        },
        {
            "time": "01.01.2021 02:34",
            "open": "6.272",
            "high": "6.272",
            "low": "6.272",
            "close": "6.259"
        },
        {
            "time": "01.01.2021 02:37",
            "open": "6.259",
            "high": "6.259",
            "low": "6.253",
            "close": "6.259"
        },
        {
            "time": "01.01.2021 02:38",
            "open": "6.259",
            "high": "6.26",
            "low": "6.256",
            "close": "6.265"
        },
        {
            "time": "01.01.2021 02:39",
            "open": "6.265",
            "high": "6.277",
            "low": "6.265",
            "close": "6.289"
        },
        {
            "time": "01.01.2021 02:46",
            "open": "6.289",
            "high": "6.293",
            "low": "6.289",
            "close": "6.294"
        },
        {
            "time": "01.01.2021 02:48",
            "open": "6.294",
            "high": "6.294",
            "low": "6.294",
            "close": "6.294"
        },
        {
            "time": "01.01.2021 02:50",
            "open": "6.294",
            "high": "6.294",
            "low": "6.294",
            "close": "6.295"
        },
        {
            "time": "01.01.2021 02:52",
            "open": "6.295",
            "high": "6.296",
            "low": "6.295",
            "close": "6.296"
        },
        {
            "time": "01.01.2021 02:53",
            "open": "6.296",
            "high": "6.296",
            "low": "6.292",
            "close": "6.313"
        },
        {
            "time": "01.01.2021 02:58",
            "open": "6.313",
            "high": "6.395",
            "low": "6.313",
            "close": "6.39"
        },
        {
            "time": "01.01.2021 02:59",
            "open": "6.39",
            "high": "6.39",
            "low": "6.375",
            "close": "6.355"
        },
        {
            "time": "01.01.2021 03:00",
            "open": "6.355",
            "high": "6.355",
            "low": "6.355",
            "close": "6.378"
        },
        {
            "time": "01.01.2021 03:05",
            "open": "6.378",
            "high": "6.378",
            "low": "6.378",
            "close": "6.388"
        },
        {
            "time": "01.01.2021 03:06",
            "open": "6.388",
            "high": "6.388",
            "low": "6.388",
            "close": "6.385"
        },
        {
            "time": "01.01.2021 03:08",
            "open": "6.385",
            "high": "6.385",
            "low": "6.385",
            "close": "6.389"
        },
        {
            "time": "01.01.2021 03:11",
            "open": "6.389",
            "high": "6.39",
            "low": "6.389",
            "close": "6.389"
        },
        {
            "time": "01.01.2021 03:12",
            "open": "6.389",
            "high": "6.389",
            "low": "6.389",
            "close": "6.395"
        },
        {
            "time": "01.01.2021 03:13",
            "open": "6.395",
            "high": "6.395",
            "low": "6.395",
            "close": "6.402"
        },
        {
            "time": "01.01.2021 03:14",
            "open": "6.402",
            "high": "6.406",
            "low": "6.369",
            "close": "6.406"
        },
        {
            "time": "01.01.2021 03:17",
            "open": "6.406",
            "high": "6.406",
            "low": "6.387",
            "close": "6.405"
        },
        {
            "time": "01.01.2021 03:19",
            "open": "6.405",
            "high": "6.414",
            "low": "6.405",
            "close": "6.399"
        },
        {
            "time": "01.01.2021 03:23",
            "open": "6.399",
            "high": "6.401",
            "low": "6.399",
            "close": "6.376"
        },
        {
            "time": "01.01.2021 03:24",
            "open": "6.376",
            "high": "6.376",
            "low": "6.374",
            "close": "6.372"
        },
        {
            "time": "01.01.2021 03:25",
            "open": "6.372",
            "high": "6.372",
            "low": "6.372",
            "close": "6.376"
        },
        {
            "time": "01.01.2021 03:27",
            "open": "6.376",
            "high": "6.395",
            "low": "6.376",
            "close": "6.373"
        },
        {
            "time": "01.01.2021 03:28",
            "open": "6.373",
            "high": "6.373",
            "low": "6.373",
            "close": "6.373"
        },
        {
            "time": "01.01.2021 03:32",
            "open": "6.373",
            "high": "6.373",
            "low": "6.373",
            "close": "6.372"
        },
        {
            "time": "01.01.2021 03:38",
            "open": "6.372",
            "high": "6.372",
            "low": "6.372",
            "close": "6.365"
        },
        {
            "time": "01.01.2021 03:41",
            "open": "6.365",
            "high": "6.365",
            "low": "6.365",
            "close": "6.365"
        },
        {
            "time": "01.01.2021 03:43",
            "open": "6.365",
            "high": "6.365",
            "low": "6.365",
            "close": "6.364"
        },
        {
            "time": "01.01.2021 03:54",
            "open": "6.364",
            "high": "6.364",
            "low": "6.364",
            "close": "6.373"
        },
        {
            "time": "01.01.2021 03:58",
            "open": "6.373",
            "high": "6.385",
            "low": "6.373",
            "close": "6.383"
        },
        {
            "time": "01.01.2021 04:04",
            "open": "6.383",
            "high": "6.383",
            "low": "6.383",
            "close": "6.415"
        },
        {
            "time": "01.01.2021 04:06",
            "open": "6.415",
            "high": "6.418",
            "low": "6.415",
            "close": "6.419"
        },
        {
            "time": "01.01.2021 04:07",
            "open": "6.419",
            "high": "6.422",
            "low": "6.419",
            "close": "6.435"
        },
        {
            "time": "01.01.2021 04:08",
            "open": "6.435",
            "high": "6.435",
            "low": "6.435",
            "close": "6.441"
        },
        {
            "time": "01.01.2021 04:09",
            "open": "6.441",
            "high": "6.453",
            "low": "6.441",
            "close": "6.455"
        },
        {
            "time": "01.01.2021 04:10",
            "open": "6.455",
            "high": "6.464",
            "low": "6.455",
            "close": "6.434"
        },
        {
            "time": "01.01.2021 04:11",
            "open": "6.434",
            "high": "6.46",
            "low": "6.424",
            "close": "6.455"
        },
        {
            "time": "01.01.2021 04:13",
            "open": "6.455",
            "high": "6.455",
            "low": "6.455",
            "close": "6.464"
        },
        {
            "time": "01.01.2021 04:15",
            "open": "6.464",
            "high": "6.495",
            "low": "6.464",
            "close": "6.47"
        },
        {
            "time": "01.01.2021 04:16",
            "open": "6.47",
            "high": "6.47",
            "low": "6.447",
            "close": "6.462"
        },
        {
            "time": "01.01.2021 04:18",
            "open": "6.462",
            "high": "6.462",
            "low": "6.462",
            "close": "6.456"
        },
        {
            "time": "01.01.2021 04:19",
            "open": "6.456",
            "high": "6.456",
            "low": "6.456",
            "close": "6.456"
        },
        {
            "time": "01.01.2021 04:20",
            "open": "6.456",
            "high": "6.457",
            "low": "6.455",
            "close": "6.456"
        },
        {
            "time": "01.01.2021 04:22",
            "open": "6.456",
            "high": "6.456",
            "low": "6.456",
            "close": "6.456"
        },
        {
            "time": "01.01.2021 04:23",
            "open": "6.456",
            "high": "6.456",
            "low": "6.456",
            "close": "6.456"
        },
        {
            "time": "01.01.2021 04:24",
            "open": "6.456",
            "high": "6.456",
            "low": "6.433",
            "close": "6.414"
        },
        {
            "time": "01.01.2021 04:27",
            "open": "6.414",
            "high": "6.414",
            "low": "6.414",
            "close": "6.411"
        },
        {
            "time": "01.01.2021 04:30",
            "open": "6.411",
            "high": "6.411",
            "low": "6.411",
            "close": "6.411"
        },
        {
            "time": "01.01.2021 04:31",
            "open": "6.411",
            "high": "6.411",
            "low": "6.41",
            "close": "6.411"
        },
        {
            "time": "01.01.2021 04:35",
            "open": "6.411",
            "high": "6.411",
            "low": "6.411",
            "close": "6.411"
        },
        {
            "time": "01.01.2021 04:36",
            "open": "6.411",
            "high": "6.411",
            "low": "6.411",
            "close": "6.411"
        },
        {
            "time": "01.01.2021 04:37",
            "open": "6.411",
            "high": "6.411",
            "low": "6.411",
            "close": "6.414"
        },
        {
            "time": "01.01.2021 04:40",
            "open": "6.414",
            "high": "6.414",
            "low": "6.414",
            "close": "6.414"
        },
        {
            "time": "01.01.2021 04:41",
            "open": "6.414",
            "high": "6.434",
            "low": "6.414",
            "close": "6.433"
        },
        {
            "time": "01.01.2021 04:43",
            "open": "6.433",
            "high": "6.439",
            "low": "6.433",
            "close": "6.471"
        },
        {
            "time": "01.01.2021 04:46",
            "open": "6.471",
            "high": "6.495",
            "low": "6.471",
            "close": "6.491"
        },
        {
            "time": "01.01.2021 04:51",
            "open": "6.491",
            "high": "6.491",
            "low": "6.491",
            "close": "6.491"
        },
        {
            "time": "01.01.2021 04:52",
            "open": "6.491",
            "high": "6.491",
            "low": "6.491",
            "close": "6.494"
        },
        {
            "time": "01.01.2021 05:02",
            "open": "6.494",
            "high": "6.518",
            "low": "6.494",
            "close": "6.519"
        },
        {
            "time": "01.01.2021 05:07",
            "open": "6.519",
            "high": "6.519",
            "low": "6.519",
            "close": "6.528"
        },
        {
            "time": "01.01.2021 05:13",
            "open": "6.528",
            "high": "6.55",
            "low": "6.528",
            "close": "6.547"
        },
        {
            "time": "01.01.2021 05:14",
            "open": "6.547",
            "high": "6.558",
            "low": "6.518",
            "close": "6.512"
        },
        {
            "time": "01.01.2021 05:15",
            "open": "6.512",
            "high": "6.527",
            "low": "6.512",
            "close": "6.529"
        },
        {
            "time": "01.01.2021 05:16",
            "open": "6.529",
            "high": "6.529",
            "low": "6.529",
            "close": "6.53"
        },
        {
            "time": "01.01.2021 05:19",
            "open": "6.53",
            "high": "6.537",
            "low": "6.53",
            "close": "6.533"
        },
        {
            "time": "01.01.2021 05:20",
            "open": "6.533",
            "high": "6.533",
            "low": "6.532",
            "close": "6.535"
        },
        {
            "time": "01.01.2021 05:21",
            "open": "6.535",
            "high": "6.535",
            "low": "6.533",
            "close": "6.533"
        },
        {
            "time": "01.01.2021 05:22",
            "open": "6.533",
            "high": "6.533",
            "low": "6.533",
            "close": "6.511"
        },
        {
            "time": "01.01.2021 05:23",
            "open": "6.511",
            "high": "6.511",
            "low": "6.511",
            "close": "6.504"
        },
        {
            "time": "01.01.2021 05:25",
            "open": "6.504",
            "high": "6.504",
            "low": "6.504",
            "close": "6.483"
        },
        {
            "time": "01.01.2021 05:33",
            "open": "6.483",
            "high": "6.483",
            "low": "6.483",
            "close": "6.465"
        },
        {
            "time": "01.01.2021 05:38",
            "open": "6.465",
            "high": "6.465",
            "low": "6.464",
            "close": "6.471"
        },
        {
            "time": "01.01.2021 05:39",
            "open": "6.471",
            "high": "6.471",
            "low": "6.439",
            "close": "6.456"
        },
        {
            "time": "01.01.2021 05:42",
            "open": "6.456",
            "high": "6.457",
            "low": "6.456",
            "close": "6.467"
        },
        {
            "time": "01.01.2021 05:45",
            "open": "6.467",
            "high": "6.467",
            "low": "6.438",
            "close": "6.48"
        },
        {
            "time": "01.01.2021 05:47",
            "open": "6.48",
            "high": "6.48",
            "low": "6.48",
            "close": "6.479"
        },
        {
            "time": "01.01.2021 05:49",
            "open": "6.479",
            "high": "6.479",
            "low": "6.479",
            "close": "6.472"
        },
        {
            "time": "01.01.2021 06:28",
            "open": "6.472",
            "high": "6.472",
            "low": "6.472",
            "close": "6.489"
        },
        {
            "time": "01.01.2021 06:39",
            "open": "6.489",
            "high": "6.489",
            "low": "6.489",
            "close": "6.53"
        },
        {
            "time": "01.01.2021 06:42",
            "open": "6.53",
            "high": "6.53",
            "low": "6.53",
            "close": "6.559"
        },
        {
            "time": "01.01.2021 06:44",
            "open": "6.559",
            "high": "6.563",
            "low": "6.559",
            "close": "6.577"
        },
        {
            "time": "01.01.2021 06:45",
            "open": "6.577",
            "high": "6.584",
            "low": "6.517",
            "close": "6.585"
        },
        {
            "time": "01.01.2021 06:46",
            "open": "6.585",
            "high": "6.591",
            "low": "6.585",
            "close": "6.594"
        },
        {
            "time": "01.01.2021 06:53",
            "open": "6.594",
            "high": "6.595",
            "low": "6.594",
            "close": "6.595"
        },
        {
            "time": "01.01.2021 06:54",
            "open": "6.595",
            "high": "6.598",
            "low": "6.595",
            "close": "6.599"
        },
        {
            "time": "01.01.2021 06:58",
            "open": "6.599",
            "high": "6.599",
            "low": "6.599",
            "close": "6.598"
        },
        {
            "time": "01.01.2021 07:03",
            "open": "6.598",
            "high": "6.598",
            "low": "6.598",
            "close": "6.595"
        },
        {
            "time": "01.01.2021 07:20",
            "open": "6.595",
            "high": "6.595",
            "low": "6.595",
            "close": "6.572"
        },
        {
            "time": "01.01.2021 07:22",
            "open": "6.572",
            "high": "6.572",
            "low": "6.572",
            "close": "6.555"
        },
        {
            "time": "01.01.2021 07:29",
            "open": "6.555",
            "high": "6.555",
            "low": "6.555",
            "close": "6.559"
        },
        {
            "time": "01.01.2021 07:30",
            "open": "6.559",
            "high": "6.559",
            "low": "6.559",
            "close": "6.56"
        },
        {
            "time": "01.01.2021 07:37",
            "open": "6.56",
            "high": "6.56",
            "low": "6.56",
            "close": "6.551"
        },
        {
            "time": "01.01.2021 07:50",
            "open": "6.551",
            "high": "6.551",
            "low": "6.551",
            "close": "6.539"
        },
        {
            "time": "01.01.2021 08:13",
            "open": "6.54",
            "high": "6.54",
            "low": "6.54",
            "close": "6.518"
        },
        {
            "time": "01.01.2021 08:22",
            "open": "6.518",
            "high": "6.518",
            "low": "6.518",
            "close": "6.54"
        },
        {
            "time": "01.01.2021 08:34",
            "open": "6.54",
            "high": "6.54",
            "low": "6.54",
            "close": "6.538"
        },
        {
            "time": "01.01.2021 08:35",
            "open": "6.538",
            "high": "6.538",
            "low": "6.538",
            "close": "6.54"
        },
        {
            "time": "01.01.2021 08:38",
            "open": "6.54",
            "high": "6.54",
            "low": "6.54",
            "close": "6.54"
        },
        {
            "time": "01.01.2021 08:40",
            "open": "6.54",
            "high": "6.559",
            "low": "6.54",
            "close": "6.546"
        },
        {
            "time": "01.01.2021 08:55",
            "open": "6.546",
            "high": "6.546",
            "low": "6.546",
            "close": "6.56"
        },
        {
            "time": "01.01.2021 09:01",
            "open": "6.56",
            "high": "6.56",
            "low": "6.559",
            "close": "6.599"
        },
        {
            "time": "01.01.2021 09:18",
            "open": "6.599",
            "high": "6.614",
            "low": "6.599",
            "close": "6.614"
        },
        {
            "time": "01.01.2021 09:19",
            "open": "6.614",
            "high": "6.619",
            "low": "6.596",
            "close": "6.619"
        },
        {
            "time": "01.01.2021 09:20",
            "open": "6.619",
            "high": "6.619",
            "low": "6.616",
            "close": "6.62"
        },
        {
            "time": "01.01.2021 09:21",
            "open": "6.62",
            "high": "6.62",
            "low": "6.62",
            "close": "6.609"
        },
        {
            "time": "01.01.2021 09:22",
            "open": "6.609",
            "high": "6.64",
            "low": "6.609",
            "close": "6.64"
        },
        {
            "time": "01.01.2021 09:23",
            "open": "6.64",
            "high": "6.64",
            "low": "6.64",
            "close": "6.63"
        },
        {
            "time": "01.01.2021 09:24",
            "open": "6.63",
            "high": "6.65",
            "low": "6.63",
            "close": "6.65"
        },
        {
            "time": "01.01.2021 09:25",
            "open": "6.65",
            "high": "6.691",
            "low": "6.65",
            "close": "6.683"
        },
        {
            "time": "01.01.2021 09:28",
            "open": "6.683",
            "high": "6.683",
            "low": "6.683",
            "close": "6.683"
        },
        {
            "time": "01.01.2021 09:30",
            "open": "6.683",
            "high": "6.683",
            "low": "6.683",
            "close": "6.683"
        },
        {
            "time": "01.01.2021 09:32",
            "open": "6.683",
            "high": "6.683",
            "low": "6.683",
            "close": "6.643"
        },
        {
            "time": "01.01.2021 09:33",
            "open": "6.643",
            "high": "6.643",
            "low": "6.643",
            "close": "6.673"
        },
        {
            "time": "01.01.2021 09:35",
            "open": "6.673",
            "high": "6.673",
            "low": "6.673",
            "close": "6.681"
        },
        {
            "time": "01.01.2021 09:36",
            "open": "6.681",
            "high": "6.681",
            "low": "6.681",
            "close": "6.651"
        },
        {
            "time": "01.01.2021 09:39",
            "open": "6.651",
            "high": "6.67",
            "low": "6.651",
            "close": "6.665"
        },
        {
            "time": "01.01.2021 09:40",
            "open": "6.665",
            "high": "6.665",
            "low": "6.665",
            "close": "6.651"
        },
        {
            "time": "01.01.2021 09:41",
            "open": "6.651",
            "high": "6.651",
            "low": "6.65",
            "close": "6.673"
        },
        {
            "time": "01.01.2021 09:42",
            "open": "6.673",
            "high": "6.673",
            "low": "6.673",
            "close": "6.671"
        },
        {
            "time": "01.01.2021 09:43",
            "open": "6.671",
            "high": "6.671",
            "low": "6.67",
            "close": "6.617"
        },
        {
            "time": "01.01.2021 09:49",
            "open": "6.617",
            "high": "6.63",
            "low": "6.617",
            "close": "6.625"
        },
        {
            "time": "01.01.2021 10:02",
            "open": "6.625",
            "high": "6.625",
            "low": "6.625",
            "close": "6.625"
        },
        {
            "time": "01.01.2021 10:03",
            "open": "6.625",
            "high": "6.625",
            "low": "6.625",
            "close": "6.63"
        },
        {
            "time": "01.01.2021 10:04",
            "open": "6.63",
            "high": "6.63",
            "low": "6.63",
            "close": "6.652"
        },
        {
            "time": "01.01.2021 10:12",
            "open": "6.652",
            "high": "6.652",
            "low": "6.651",
            "close": "6.668"
        },
        {
            "time": "01.01.2021 10:16",
            "open": "6.668",
            "high": "6.668",
            "low": "6.668",
            "close": "6.67"
        },
        {
            "time": "01.01.2021 10:18",
            "open": "6.67",
            "high": "6.67",
            "low": "6.667",
            "close": "6.67"
        },
        {
            "time": "01.01.2021 10:19",
            "open": "6.67",
            "high": "6.67",
            "low": "6.67",
            "close": "6.67"
        },
        {
            "time": "01.01.2021 10:20",
            "open": "6.67",
            "high": "6.67",
            "low": "6.67",
            "close": "6.662"
        },
        {
            "time": "01.01.2021 10:26",
            "open": "6.662",
            "high": "6.662",
            "low": "6.662",
            "close": "6.651"
        },
        {
            "time": "01.01.2021 10:34",
            "open": "6.651",
            "high": "6.651",
            "low": "6.641",
            "close": "6.652"
        },
        {
            "time": "01.01.2021 10:49",
            "open": "6.652",
            "high": "6.653",
            "low": "6.652",
            "close": "6.645"
        },
        {
            "time": "01.01.2021 10:54",
            "open": "6.645",
            "high": "6.645",
            "low": "6.645",
            "close": "6.645"
        },
        {
            "time": "01.01.2021 10:55",
            "open": "6.645",
            "high": "6.681",
            "low": "6.645",
            "close": "6.68"
        },
        {
            "time": "01.01.2021 10:58",
            "open": "6.68",
            "high": "6.68",
            "low": "6.68",
            "close": "6.686"
        },
        {
            "time": "01.01.2021 11:02",
            "open": "6.686",
            "high": "6.686",
            "low": "6.686",
            "close": "6.686"
        },
        {
            "time": "01.01.2021 11:09",
            "open": "6.686",
            "high": "6.686",
            "low": "6.686",
            "close": "6.689"
        },
        {
            "time": "01.01.2021 11:16",
            "open": "6.689",
            "high": "6.689",
            "low": "6.689",
            "close": "6.69"
        },
        {
            "time": "01.01.2021 11:18",
            "open": "6.69",
            "high": "6.69",
            "low": "6.69",
            "close": "6.69"
        },
        {
            "time": "01.01.2021 11:19",
            "open": "6.69",
            "high": "6.69",
            "low": "6.69",
            "close": "6.69"
        },
        {
            "time": "01.01.2021 11:21",
            "open": "6.69",
            "high": "6.694",
            "low": "6.69",
            "close": "6.7"
        },
        {
            "time": "01.01.2021 11:22",
            "open": "6.7",
            "high": "6.709",
            "low": "6.7",
            "close": "6.707"
        },
        {
            "time": "01.01.2021 11:25",
            "open": "6.707",
            "high": "6.708",
            "low": "6.707",
            "close": "6.708"
        },
        {
            "time": "01.01.2021 11:26",
            "open": "6.708",
            "high": "6.708",
            "low": "6.7",
            "close": "6.701"
        },
        {
            "time": "01.01.2021 11:27",
            "open": "6.701",
            "high": "6.701",
            "low": "6.701",
            "close": "6.7"
        },
        {
            "time": "01.01.2021 11:28",
            "open": "6.7",
            "high": "6.7",
            "low": "6.7",
            "close": "6.709"
        },
        {
            "time": "01.01.2021 11:31",
            "open": "6.709",
            "high": "6.71",
            "low": "6.709",
            "close": "6.709"
        },
        {
            "time": "01.01.2021 11:32",
            "open": "6.709",
            "high": "6.71",
            "low": "6.709",
            "close": "6.71"
        },
        {
            "time": "01.01.2021 11:33",
            "open": "6.71",
            "high": "6.71",
            "low": "6.71",
            "close": "6.71"
        },
        {
            "time": "01.01.2021 11:34",
            "open": "6.71",
            "high": "6.71",
            "low": "6.71",
            "close": "6.71"
        },
        {
            "time": "01.01.2021 11:35",
            "open": "6.71",
            "high": "6.71",
            "low": "6.71",
            "close": "6.71"
        },
        {
            "time": "01.01.2021 11:37",
            "open": "6.71",
            "high": "6.71",
            "low": "6.71",
            "close": "6.71"
        },
        {
            "time": "01.01.2021 11:38",
            "open": "6.71",
            "high": "6.71",
            "low": "6.71",
            "close": "6.718"
        },
        {
            "time": "01.01.2021 11:39",
            "open": "6.718",
            "high": "6.718",
            "low": "6.718",
            "close": "6.718"
        },
        {
            "time": "01.01.2021 11:40",
            "open": "6.718",
            "high": "6.718",
            "low": "6.718",
            "close": "6.718"
        },
        {
            "time": "01.01.2021 11:41",
            "open": "6.718",
            "high": "6.749",
            "low": "6.718",
            "close": "6.75"
        },
        {
            "time": "01.01.2021 11:45",
            "open": "6.75",
            "high": "6.764",
            "low": "6.75",
            "close": "6.764"
        },
        {
            "time": "01.01.2021 11:46",
            "open": "6.764",
            "high": "6.788",
            "low": "6.764",
            "close": "6.783"
        },
        {
            "time": "01.01.2021 11:49",
            "open": "6.783",
            "high": "6.783",
            "low": "6.783",
            "close": "6.757"
        },
        {
            "time": "01.01.2021 11:50",
            "open": "6.757",
            "high": "6.758",
            "low": "6.757",
            "close": "6.758"
        },
        {
            "time": "01.01.2021 11:51",
            "open": "6.758",
            "high": "6.786",
            "low": "6.758",
            "close": "6.779"
        },
        {
            "time": "01.01.2021 11:52",
            "open": "6.779",
            "high": "6.779",
            "low": "6.779",
            "close": "6.767"
        },
        {
            "time": "01.01.2021 11:54",
            "open": "6.767",
            "high": "6.79",
            "low": "6.767",
            "close": "6.79"
        },
        {
            "time": "01.01.2021 11:56",
            "open": "6.79",
            "high": "6.79",
            "low": "6.785",
            "close": "6.79"
        },
        {
            "time": "01.01.2021 11:58",
            "open": "6.79",
            "high": "6.79",
            "low": "6.79",
            "close": "6.79"
        },
        {
            "time": "01.01.2021 11:59",
            "open": "6.79",
            "high": "6.79",
            "low": "6.79",
            "close": "6.79"
        },
        {
            "time": "01.01.2021 12:02",
            "open": "6.79",
            "high": "6.8",
            "low": "6.79",
            "close": "6.8"
        },
        {
            "time": "01.01.2021 12:03",
            "open": "6.8",
            "high": "6.8",
            "low": "6.778",
            "close": "6.747"
        },
        {
            "time": "01.01.2021 12:05",
            "open": "6.747",
            "high": "6.747",
            "low": "6.747",
            "close": "6.732"
        },
        {
            "time": "01.01.2021 12:07",
            "open": "6.732",
            "high": "6.743",
            "low": "6.732",
            "close": "6.725"
        },
        {
            "time": "01.01.2021 12:08",
            "open": "6.725",
            "high": "6.725",
            "low": "6.725",
            "close": "6.751"
        },
        {
            "time": "01.01.2021 12:10",
            "open": "6.751",
            "high": "6.751",
            "low": "6.751",
            "close": "6.753"
        },
        {
            "time": "01.01.2021 12:14",
            "open": "6.753",
            "high": "6.753",
            "low": "6.753",
            "close": "6.75"
        },
        {
            "time": "01.01.2021 12:15",
            "open": "6.75",
            "high": "6.75",
            "low": "6.75",
            "close": "6.758"
        },
        {
            "time": "01.01.2021 12:16",
            "open": "6.758",
            "high": "6.758",
            "low": "6.758",
            "close": "6.776"
        },
        {
            "time": "01.01.2021 12:19",
            "open": "6.776",
            "high": "6.776",
            "low": "6.776",
            "close": "6.737"
        },
        {
            "time": "01.01.2021 12:25",
            "open": "6.737",
            "high": "6.737",
            "low": "6.737",
            "close": "6.73"
        },
        {
            "time": "01.01.2021 12:32",
            "open": "6.73",
            "high": "6.73",
            "low": "6.73",
            "close": "6.73"
        },
        {
            "time": "01.01.2021 12:35",
            "open": "6.73",
            "high": "6.73",
            "low": "6.73",
            "close": "6.702"
        },
        {
            "time": "01.01.2021 12:37",
            "open": "6.702",
            "high": "6.702",
            "low": "6.702",
            "close": "6.703"
        },
        {
            "time": "01.01.2021 12:38",
            "open": "6.703",
            "high": "6.703",
            "low": "6.7",
            "close": "6.7"
        },
        {
            "time": "01.01.2021 12:39",
            "open": "6.7",
            "high": "6.7",
            "low": "6.686",
            "close": "6.68"
        },
        {
            "time": "01.01.2021 12:42",
            "open": "6.68",
            "high": "6.702",
            "low": "6.68",
            "close": "6.682"
        },
        {
            "time": "01.01.2021 12:47",
            "open": "6.682",
            "high": "6.682",
            "low": "6.681",
            "close": "6.636"
        },
        {
            "time": "01.01.2021 12:52",
            "open": "6.636",
            "high": "6.636",
            "low": "6.625",
            "close": "6.624"
        },
        {
            "time": "01.01.2021 12:54",
            "open": "6.624",
            "high": "6.634",
            "low": "6.621",
            "close": "6.643"
        },
        {
            "time": "01.01.2021 12:56",
            "open": "6.643",
            "high": "6.643",
            "low": "6.643",
            "close": "6.621"
        },
        {
            "time": "01.01.2021 12:57",
            "open": "6.621",
            "high": "6.621",
            "low": "6.621",
            "close": "6.639"
        },
        {
            "time": "01.01.2021 12:59",
            "open": "6.639",
            "high": "6.639",
            "low": "6.62",
            "close": "6.627"
        },
        {
            "time": "01.01.2021 13:03",
            "open": "6.627",
            "high": "6.627",
            "low": "6.627",
            "close": "6.643"
        },
        {
            "time": "01.01.2021 13:04",
            "open": "6.643",
            "high": "6.644",
            "low": "6.643",
            "close": "6.651"
        },
        {
            "time": "01.01.2021 13:07",
            "open": "6.651",
            "high": "6.651",
            "low": "6.651",
            "close": "6.628"
        },
        {
            "time": "01.01.2021 13:08",
            "open": "6.628",
            "high": "6.628",
            "low": "6.628",
            "close": "6.628"
        },
        {
            "time": "01.01.2021 13:09",
            "open": "6.628",
            "high": "6.628",
            "low": "6.628",
            "close": "6.62"
        },
        {
            "time": "01.01.2021 13:11",
            "open": "6.62",
            "high": "6.62",
            "low": "6.582",
            "close": "6.606"
        },
        {
            "time": "01.01.2021 13:12",
            "open": "6.606",
            "high": "6.606",
            "low": "6.606",
            "close": "6.59"
        },
        {
            "time": "01.01.2021 13:15",
            "open": "6.59",
            "high": "6.59",
            "low": "6.59",
            "close": "6.607"
        },
        {
            "time": "01.01.2021 13:19",
            "open": "6.607",
            "high": "6.614",
            "low": "6.607",
            "close": "6.594"
        },
        {
            "time": "01.01.2021 13:26",
            "open": "6.594",
            "high": "6.594",
            "low": "6.594",
            "close": "6.617"
        },
        {
            "time": "01.01.2021 13:30",
            "open": "6.617",
            "high": "6.617",
            "low": "6.617",
            "close": "6.637"
        },
        {
            "time": "01.01.2021 13:37",
            "open": "6.637",
            "high": "6.637",
            "low": "6.637",
            "close": "6.613"
        },
        {
            "time": "01.01.2021 13:43",
            "open": "6.613",
            "high": "6.613",
            "low": "6.613",
            "close": "6.618"
        },
        {
            "time": "01.01.2021 13:45",
            "open": "6.618",
            "high": "6.632",
            "low": "6.618",
            "close": "6.622"
        },
        {
            "time": "01.01.2021 13:48",
            "open": "6.622",
            "high": "6.622",
            "low": "6.622",
            "close": "6.62"
        },
        {
            "time": "01.01.2021 13:50",
            "open": "6.62",
            "high": "6.62",
            "low": "6.62",
            "close": "6.61"
        },
        {
            "time": "01.01.2021 13:56",
            "open": "6.61",
            "high": "6.611",
            "low": "6.61",
            "close": "6.61"
        },
        {
            "time": "01.01.2021 13:58",
            "open": "6.61",
            "high": "6.61",
            "low": "6.591",
            "close": "6.591"
        },
        {
            "time": "01.01.2021 13:59",
            "open": "6.591",
            "high": "6.591",
            "low": "6.579",
            "close": "6.596"
        },
        {
            "time": "01.01.2021 14:00",
            "open": "6.596",
            "high": "6.596",
            "low": "6.596",
            "close": "6.596"
        },
        {
            "time": "01.01.2021 14:01",
            "open": "6.596",
            "high": "6.596",
            "low": "6.596",
            "close": "6.597"
        },
        {
            "time": "01.01.2021 14:03",
            "open": "6.597",
            "high": "6.597",
            "low": "6.596",
            "close": "6.573"
        },
        {
            "time": "01.01.2021 14:05",
            "open": "6.573",
            "high": "6.573",
            "low": "6.546",
            "close": "6.55"
        },
        {
            "time": "01.01.2021 14:06",
            "open": "6.55",
            "high": "6.55",
            "low": "6.55",
            "close": "6.55"
        },
        {
            "time": "01.01.2021 14:14",
            "open": "6.55",
            "high": "6.55",
            "low": "6.55",
            "close": "6.565"
        },
        {
            "time": "01.01.2021 14:17",
            "open": "6.565",
            "high": "6.612",
            "low": "6.559",
            "close": "6.592"
        },
        {
            "time": "01.01.2021 14:31",
            "open": "6.592",
            "high": "6.612",
            "low": "6.592",
            "close": "6.618"
        },
        {
            "time": "01.01.2021 14:32",
            "open": "6.618",
            "high": "6.618",
            "low": "6.618",
            "close": "6.616"
        },
        {
            "time": "01.01.2021 14:43",
            "open": "6.616",
            "high": "6.645",
            "low": "6.616",
            "close": "6.599"
        },
        {
            "time": "01.01.2021 14:48",
            "open": "6.599",
            "high": "6.599",
            "low": "6.599",
            "close": "6.631"
        },
        {
            "time": "01.01.2021 14:50",
            "open": "6.631",
            "high": "6.66",
            "low": "6.631",
            "close": "6.656"
        },
        {
            "time": "01.01.2021 14:56",
            "open": "6.656",
            "high": "6.664",
            "low": "6.656",
            "close": "6.641"
        },
        {
            "time": "01.01.2021 14:57",
            "open": "6.641",
            "high": "6.678",
            "low": "6.641",
            "close": "6.634"
        },
        {
            "time": "01.01.2021 14:58",
            "open": "6.634",
            "high": "6.634",
            "low": "6.634",
            "close": "6.673"
        },
        {
            "time": "01.01.2021 15:09",
            "open": "6.673",
            "high": "6.673",
            "low": "6.673",
            "close": "6.66"
        },
        {
            "time": "01.01.2021 15:15",
            "open": "6.66",
            "high": "6.66",
            "low": "6.66",
            "close": "6.679"
        },
        {
            "time": "01.01.2021 15:19",
            "open": "6.679",
            "high": "6.702",
            "low": "6.679",
            "close": "6.682"
        },
        {
            "time": "01.01.2021 15:31",
            "open": "6.682",
            "high": "6.682",
            "low": "6.682",
            "close": "6.682"
        },
        {
            "time": "01.01.2021 15:32",
            "open": "6.682",
            "high": "6.682",
            "low": "6.682",
            "close": "6.682"
        },
        {
            "time": "01.01.2021 15:34",
            "open": "6.682",
            "high": "6.682",
            "low": "6.682",
            "close": "6.685"
        },
        {
            "time": "01.01.2021 15:36",
            "open": "6.685",
            "high": "6.685",
            "low": "6.685",
            "close": "6.701"
        },
        {
            "time": "01.01.2021 15:57",
            "open": "6.701",
            "high": "6.701",
            "low": "6.701",
            "close": "6.697"
        },
        {
            "time": "01.01.2021 16:06",
            "open": "6.697",
            "high": "6.697",
            "low": "6.697",
            "close": "6.685"
        },
        {
            "time": "01.01.2021 16:07",
            "open": "6.685",
            "high": "6.685",
            "low": "6.685",
            "close": "6.691"
        },
        {
            "time": "01.01.2021 16:08",
            "open": "6.691",
            "high": "6.691",
            "low": "6.691",
            "close": "6.672"
        },
        {
            "time": "01.01.2021 16:13",
            "open": "6.672",
            "high": "6.672",
            "low": "6.671",
            "close": "6.675"
        },
        {
            "time": "01.01.2021 16:15",
            "open": "6.675",
            "high": "6.675",
            "low": "6.675",
            "close": "6.67"
        },
        {
            "time": "01.01.2021 16:18",
            "open": "6.67",
            "high": "6.67",
            "low": "6.67",
            "close": "6.679"
        },
        {
            "time": "01.01.2021 16:21",
            "open": "6.679",
            "high": "6.679",
            "low": "6.679",
            "close": "6.666"
        },
        {
            "time": "01.01.2021 16:26",
            "open": "6.666",
            "high": "6.666",
            "low": "6.666",
            "close": "6.639"
        },
        {
            "time": "01.01.2021 16:37",
            "open": "6.639",
            "high": "6.639",
            "low": "6.639",
            "close": "6.644"
        },
        {
            "time": "01.01.2021 16:38",
            "open": "6.644",
            "high": "6.644",
            "low": "6.644",
            "close": "6.62"
        },
        {
            "time": "01.01.2021 16:39",
            "open": "6.62",
            "high": "6.62",
            "low": "6.62",
            "close": "6.606"
        },
        {
            "time": "01.01.2021 16:42",
            "open": "6.606",
            "high": "6.606",
            "low": "6.606",
            "close": "6.619"
        },
        {
            "time": "01.01.2021 16:43",
            "open": "6.619",
            "high": "6.619",
            "low": "6.619",
            "close": "6.606"
        },
        {
            "time": "01.01.2021 16:44",
            "open": "6.606",
            "high": "6.606",
            "low": "6.606",
            "close": "6.607"
        },
        {
            "time": "01.01.2021 16:49",
            "open": "6.607",
            "high": "6.607",
            "low": "6.607",
            "close": "6.602"
        },
        {
            "time": "01.01.2021 16:51",
            "open": "6.602",
            "high": "6.602",
            "low": "6.59",
            "close": "6.573"
        },
        {
            "time": "01.01.2021 16:55",
            "open": "6.573",
            "high": "6.573",
            "low": "6.556",
            "close": "6.572"
        },
        {
            "time": "01.01.2021 16:58",
            "open": "6.572",
            "high": "6.572",
            "low": "6.572",
            "close": "6.564"
        },
        {
            "time": "01.01.2021 16:59",
            "open": "6.564",
            "high": "6.564",
            "low": "6.564",
            "close": "6.564"
        },
        {
            "time": "01.01.2021 17:05",
            "open": "6.564",
            "high": "6.564",
            "low": "6.55",
            "close": "6.551"
        },
        {
            "time": "01.01.2021 17:06",
            "open": "6.551",
            "high": "6.551",
            "low": "6.536",
            "close": "6.531"
        },
        {
            "time": "01.01.2021 17:10",
            "open": "6.531",
            "high": "6.531",
            "low": "6.531",
            "close": "6.522"
        },
        {
            "time": "01.01.2021 17:28",
            "open": "6.522",
            "high": "6.522",
            "low": "6.518",
            "close": "6.516"
        },
        {
            "time": "01.01.2021 17:29",
            "open": "6.516",
            "high": "6.516",
            "low": "6.515",
            "close": "6.51"
        },
        {
            "time": "01.01.2021 17:31",
            "open": "6.51",
            "high": "6.51",
            "low": "6.5",
            "close": "6.5"
        },
        {
            "time": "01.01.2021 17:32",
            "open": "6.5",
            "high": "6.5",
            "low": "6.485",
            "close": "6.482"
        },
        {
            "time": "01.01.2021 17:33",
            "open": "6.482",
            "high": "6.482",
            "low": "6.482",
            "close": "6.485"
        },
        {
            "time": "01.01.2021 17:35",
            "open": "6.485",
            "high": "6.495",
            "low": "6.485",
            "close": "6.485"
        },
        {
            "time": "01.01.2021 17:36",
            "open": "6.485",
            "high": "6.485",
            "low": "6.485",
            "close": "6.48"
        },
        {
            "time": "01.01.2021 17:37",
            "open": "6.48",
            "high": "6.48",
            "low": "6.48",
            "close": "6.497"
        },
        {
            "time": "01.01.2021 17:46",
            "open": "6.497",
            "high": "6.498",
            "low": "6.497",
            "close": "6.481"
        },
        {
            "time": "01.01.2021 17:51",
            "open": "6.481",
            "high": "6.481",
            "low": "6.481",
            "close": "6.489"
        },
        {
            "time": "01.01.2021 17:56",
            "open": "6.489",
            "high": "6.489",
            "low": "6.489",
            "close": "6.484"
        },
        {
            "time": "01.01.2021 17:59",
            "open": "6.484",
            "high": "6.484",
            "low": "6.483",
            "close": "6.496"
        },
        {
            "time": "01.01.2021 18:00",
            "open": "6.496",
            "high": "6.498",
            "low": "6.496",
            "close": "6.481"
        },
        {
            "time": "01.01.2021 18:01",
            "open": "6.481",
            "high": "6.481",
            "low": "6.476",
            "close": "6.475"
        },
        {
            "time": "01.01.2021 18:07",
            "open": "6.475",
            "high": "6.475",
            "low": "6.475",
            "close": "6.481"
        },
        {
            "time": "01.01.2021 18:08",
            "open": "6.481",
            "high": "6.481",
            "low": "6.481",
            "close": "6.48"
        },
        {
            "time": "01.01.2021 18:09",
            "open": "6.48",
            "high": "6.48",
            "low": "6.48",
            "close": "6.475"
        },
        {
            "time": "01.01.2021 18:15",
            "open": "6.475",
            "high": "6.475",
            "low": "6.468",
            "close": "6.464"
        },
        {
            "time": "01.01.2021 18:17",
            "open": "6.464",
            "high": "6.464",
            "low": "6.441",
            "close": "6.442"
        },
        {
            "time": "01.01.2021 18:18",
            "open": "6.442",
            "high": "6.445",
            "low": "6.426",
            "close": "6.428"
        },
        {
            "time": "01.01.2021 18:19",
            "open": "6.428",
            "high": "6.428",
            "low": "6.425",
            "close": "6.433"
        },
        {
            "time": "01.01.2021 18:20",
            "open": "6.433",
            "high": "6.433",
            "low": "6.433",
            "close": "6.459"
        },
        {
            "time": "01.01.2021 18:22",
            "open": "6.459",
            "high": "6.462",
            "low": "6.459",
            "close": "6.413"
        },
        {
            "time": "01.01.2021 18:24",
            "open": "6.413",
            "high": "6.413",
            "low": "6.413",
            "close": "6.414"
        },
        {
            "time": "01.01.2021 18:25",
            "open": "6.414",
            "high": "6.414",
            "low": "6.411",
            "close": "6.41"
        },
        {
            "time": "01.01.2021 18:26",
            "open": "6.41",
            "high": "6.41",
            "low": "6.4",
            "close": "6.4"
        },
        {
            "time": "01.01.2021 18:35",
            "open": "6.4",
            "high": "6.4",
            "low": "6.391",
            "close": "6.394"
        },
        {
            "time": "01.01.2021 18:36",
            "open": "6.394",
            "high": "6.394",
            "low": "6.394",
            "close": "6.391"
        },
        {
            "time": "01.01.2021 18:37",
            "open": "6.391",
            "high": "6.391",
            "low": "6.391",
            "close": "6.391"
        },
        {
            "time": "01.01.2021 18:38",
            "open": "6.391",
            "high": "6.391",
            "low": "6.391",
            "close": "6.391"
        },
        {
            "time": "01.01.2021 18:39",
            "open": "6.391",
            "high": "6.391",
            "low": "6.391",
            "close": "6.391"
        },
        {
            "time": "01.01.2021 18:40",
            "open": "6.391",
            "high": "6.395",
            "low": "6.391",
            "close": "6.4"
        },
        {
            "time": "01.01.2021 18:43",
            "open": "6.4",
            "high": "6.4",
            "low": "6.4",
            "close": "6.411"
        },
        {
            "time": "01.01.2021 18:44",
            "open": "6.411",
            "high": "6.411",
            "low": "6.411",
            "close": "6.396"
        },
        {
            "time": "01.01.2021 18:50",
            "open": "6.396",
            "high": "6.396",
            "low": "6.396",
            "close": "6.428"
        },
        {
            "time": "01.01.2021 18:59",
            "open": "6.428",
            "high": "6.429",
            "low": "6.428",
            "close": "6.423"
        },
        {
            "time": "01.01.2021 19:02",
            "open": "6.423",
            "high": "6.423",
            "low": "6.423",
            "close": "6.422"
        },
        {
            "time": "01.01.2021 19:03",
            "open": "6.422",
            "high": "6.422",
            "low": "6.421",
            "close": "6.491"
        },
        {
            "time": "01.01.2021 19:23",
            "open": "6.491",
            "high": "6.491",
            "low": "6.491",
            "close": "6.494"
        },
        {
            "time": "01.01.2021 19:26",
            "open": "6.494",
            "high": "6.494",
            "low": "6.494",
            "close": "6.462"
        },
        {
            "time": "01.01.2021 19:44",
            "open": "6.462",
            "high": "6.462",
            "low": "6.462",
            "close": "6.462"
        },
        {
            "time": "01.01.2021 19:45",
            "open": "6.462",
            "high": "6.462",
            "low": "6.462",
            "close": "6.515"
        },
        {
            "time": "01.01.2021 20:02",
            "open": "6.515",
            "high": "6.516",
            "low": "6.515",
            "close": "6.515"
        },
        {
            "time": "01.01.2021 20:13",
            "open": "6.515",
            "high": "6.515",
            "low": "6.515",
            "close": "6.501"
        },
        {
            "time": "01.01.2021 20:14",
            "open": "6.501",
            "high": "6.501",
            "low": "6.501",
            "close": "6.499"
        },
        {
            "time": "01.01.2021 20:15",
            "open": "6.499",
            "high": "6.499",
            "low": "6.499",
            "close": "6.481"
        },
        {
            "time": "01.01.2021 20:18",
            "open": "6.481",
            "high": "6.481",
            "low": "6.481",
            "close": "6.494"
        },
        {
            "time": "01.01.2021 20:21",
            "open": "6.494",
            "high": "6.495",
            "low": "6.494",
            "close": "6.495"
        },
        {
            "time": "01.01.2021 20:27",
            "open": "6.495",
            "high": "6.511",
            "low": "6.495",
            "close": "6.506"
        },
        {
            "time": "01.01.2021 20:35",
            "open": "6.506",
            "high": "6.507",
            "low": "6.506",
            "close": "6.503"
        },
        {
            "time": "01.01.2021 20:42",
            "open": "6.503",
            "high": "6.503",
            "low": "6.503",
            "close": "6.522"
        },
        {
            "time": "01.01.2021 20:59",
            "open": "6.522",
            "high": "6.522",
            "low": "6.522",
            "close": "6.523"
        },
        {
            "time": "01.01.2021 21:23",
            "open": "6.523",
            "high": "6.529",
            "low": "6.523",
            "close": "6.532"
        },
        {
            "time": "01.01.2021 21:31",
            "open": "6.532",
            "high": "6.532",
            "low": "6.532",
            "close": "6.54"
        },
        {
            "time": "01.01.2021 21:40",
            "open": "6.54",
            "high": "6.54",
            "low": "6.54",
            "close": "6.54"
        },
        {
            "time": "01.01.2021 21:49",
            "open": "6.54",
            "high": "6.571",
            "low": "6.54",
            "close": "6.552"
        },
        {
            "time": "01.01.2021 21:50",
            "open": "6.552",
            "high": "6.552",
            "low": "6.552",
            "close": "6.569"
        },
        {
            "time": "01.01.2021 21:54",
            "open": "6.569",
            "high": "6.569",
            "low": "6.562",
            "close": "6.561"
        },
        {
            "time": "01.01.2021 21:57",
            "open": "6.561",
            "high": "6.561",
            "low": "6.561",
            "close": "6.561"
        },
        {
            "time": "01.01.2021 21:59",
            "open": "6.561",
            "high": "6.571",
            "low": "6.561",
            "close": "6.553"
        },
        {
            "time": "01.01.2021 22:23",
            "open": "6.553",
            "high": "6.553",
            "low": "6.553",
            "close": "6.546"
        },
        {
            "time": "01.01.2021 22:25",
            "open": "6.546",
            "high": "6.546",
            "low": "6.546",
            "close": "6.534"
        },
        {
            "time": "01.01.2021 22:26",
            "open": "6.534",
            "high": "6.534",
            "low": "6.534",
            "close": "6.536"
        },
        {
            "time": "01.01.2021 22:30",
            "open": "6.536",
            "high": "6.536",
            "low": "6.536",
            "close": "6.536"
        },
        {
            "time": "01.01.2021 22:53",
            "open": "6.536",
            "high": "6.536",
            "low": "6.536",
            "close": "6.518"
        },
        {
            "time": "01.01.2021 23:03",
            "open": "6.518",
            "high": "6.518",
            "low": "6.518",
            "close": "6.518"
        },
        {
            "time": "01.01.2021 23:12",
            "open": "6.518",
            "high": "6.518",
            "low": "6.518",
            "close": "6.491"
        },
        {
            "time": "01.01.2021 23:13",
            "open": "6.491",
            "high": "6.491",
            "low": "6.491",
            "close": "6.506"
        },
        {
            "time": "01.01.2021 23:19",
            "open": "6.506",
            "high": "6.506",
            "low": "6.506",
            "close": "6.539"
        },
        {
            "time": "01.01.2021 23:24",
            "open": "6.539",
            "high": "6.539",
            "low": "6.539",
            "close": "6.514"
        },
        {
            "time": "01.01.2021 23:33",
            "open": "6.514",
            "high": "6.514",
            "low": "6.514",
            "close": "6.521"
        },
        {
            "time": "01.01.2021 23:40",
            "open": "6.521",
            "high": "6.521",
            "low": "6.521",
            "close": "6.509"
        },
        {
            "time": "01.01.2021 23:44",
            "open": "6.509",
            "high": "6.509",
            "low": "6.509",
            "close": "6.513"
        }
    ]
}