{
    "UMA-EUR": [
        {
            "time": "31.10.2020 23:35",
            "open": "5.858",
            "high": "5.858",
            "low": "5.858",
            "close": "5.83"
        },
        {
            "time": "01.11.2020 00:12",
            "open": "5.83",
            "high": "5.83",
            "low": "5.83",
            "close": "5.8"
        },
        {
            "time": "01.11.2020 00:13",
            "open": "5.8",
            "high": "5.8",
            "low": "5.8",
            "close": "5.791"
        },
        {
            "time": "01.11.2020 00:15",
            "open": "5.791",
            "high": "5.791",
            "low": "5.791",
            "close": "5.79"
        },
        {
            "time": "01.11.2020 00:16",
            "open": "5.79",
            "high": "5.79",
            "low": "5.778",
            "close": "5.778"
        },
        {
            "time": "01.11.2020 01:02",
            "open": "5.778",
            "high": "5.778",
            "low": "5.778",
            "close": "5.802"
        },
        {
            "time": "01.11.2020 01:04",
            "open": "5.802",
            "high": "5.802",
            "low": "5.802",
            "close": "5.85"
        },
        {
            "time": "01.11.2020 01:12",
            "open": "5.85",
            "high": "5.85",
            "low": "5.85",
            "close": "5.84"
        },
        {
            "time": "01.11.2020 01:32",
            "open": "5.84",
            "high": "5.84",
            "low": "5.84",
            "close": "5.836"
        },
        {
            "time": "01.11.2020 01:55",
            "open": "5.836",
            "high": "5.836",
            "low": "5.836",
            "close": "5.889"
        },
        {
            "time": "01.11.2020 03:30",
            "open": "5.889",
            "high": "5.889",
            "low": "5.889",
            "close": "5.865"
        },
        {
            "time": "01.11.2020 03:42",
            "open": "5.863",
            "high": "5.863",
            "low": "5.863",
            "close": "5.77"
        },
        {
            "time": "01.11.2020 05:24",
            "open": "5.77",
            "high": "5.77",
            "low": "5.77",
            "close": "5.774"
        },
        {
            "time": "01.11.2020 05:39",
            "open": "5.774",
            "high": "5.774",
            "low": "5.774",
            "close": "5.782"
        },
        {
            "time": "01.11.2020 05:59",
            "open": "5.782",
            "high": "5.782",
            "low": "5.777",
            "close": "5.805"
        },
        {
            "time": "01.11.2020 06:19",
            "open": "5.805",
            "high": "5.805",
            "low": "5.803",
            "close": "5.806"
        },
        {
            "time": "01.11.2020 06:20",
            "open": "5.806",
            "high": "5.806",
            "low": "5.806",
            "close": "5.806"
        },
        {
            "time": "01.11.2020 06:28",
            "open": "5.806",
            "high": "5.806",
            "low": "5.806",
            "close": "5.806"
        },
        {
            "time": "01.11.2020 06:29",
            "open": "5.806",
            "high": "5.806",
            "low": "5.806",
            "close": "5.805"
        },
        {
            "time": "01.11.2020 06:37",
            "open": "5.805",
            "high": "5.805",
            "low": "5.785",
            "close": "5.783"
        },
        {
            "time": "01.11.2020 06:39",
            "open": "5.783",
            "high": "5.783",
            "low": "5.783",
            "close": "5.783"
        },
        {
            "time": "01.11.2020 06:49",
            "open": "5.783",
            "high": "5.783",
            "low": "5.783",
            "close": "5.783"
        },
        {
            "time": "01.11.2020 06:55",
            "open": "5.783",
            "high": "5.783",
            "low": "5.783",
            "close": "5.783"
        },
        {
            "time": "01.11.2020 06:56",
            "open": "5.783",
            "high": "5.783",
            "low": "5.783",
            "close": "5.782"
        },
        {
            "time": "01.11.2020 07:11",
            "open": "5.782",
            "high": "5.782",
            "low": "5.764",
            "close": "5.758"
        },
        {
            "time": "01.11.2020 07:12",
            "open": "5.758",
            "high": "5.758",
            "low": "5.75",
            "close": "5.748"
        },
        {
            "time": "01.11.2020 07:25",
            "open": "5.748",
            "high": "5.75",
            "low": "5.748",
            "close": "5.783"
        },
        {
            "time": "01.11.2020 07:45",
            "open": "5.783",
            "high": "5.783",
            "low": "5.783",
            "close": "5.859"
        },
        {
            "time": "01.11.2020 08:31",
            "open": "5.859",
            "high": "5.859",
            "low": "5.859",
            "close": "5.853"
        },
        {
            "time": "01.11.2020 08:49",
            "open": "5.853",
            "high": "5.853",
            "low": "5.853",
            "close": "5.854"
        },
        {
            "time": "01.11.2020 08:50",
            "open": "5.854",
            "high": "5.854",
            "low": "5.846",
            "close": "5.865"
        },
        {
            "time": "01.11.2020 08:54",
            "open": "5.865",
            "high": "5.865",
            "low": "5.852",
            "close": "5.869"
        },
        {
            "time": "01.11.2020 09:21",
            "open": "5.869",
            "high": "5.873",
            "low": "5.869",
            "close": "5.834"
        },
        {
            "time": "01.11.2020 10:17",
            "open": "5.834",
            "high": "5.834",
            "low": "5.834",
            "close": "5.849"
        },
        {
            "time": "01.11.2020 10:46",
            "open": "5.849",
            "high": "5.849",
            "low": "5.849",
            "close": "5.828"
        },
        {
            "time": "01.11.2020 11:27",
            "open": "5.828",
            "high": "5.828",
            "low": "5.826",
            "close": "5.823"
        },
        {
            "time": "01.11.2020 11:34",
            "open": "5.823",
            "high": "5.823",
            "low": "5.811",
            "close": "5.807"
        },
        {
            "time": "01.11.2020 12:44",
            "open": "5.807",
            "high": "5.807",
            "low": "5.799",
            "close": "5.809"
        },
        {
            "time": "01.11.2020 13:16",
            "open": "5.809",
            "high": "5.809",
            "low": "5.791",
            "close": "5.821"
        },
        {
            "time": "01.11.2020 13:43",
            "open": "5.821",
            "high": "5.821",
            "low": "5.821",
            "close": "5.795"
        },
        {
            "time": "01.11.2020 15:11",
            "open": "5.795",
            "high": "5.795",
            "low": "5.795",
            "close": "5.81"
        },
        {
            "time": "01.11.2020 15:34",
            "open": "5.81",
            "high": "5.811",
            "low": "5.81",
            "close": "5.785"
        },
        {
            "time": "01.11.2020 15:54",
            "open": "5.785",
            "high": "5.785",
            "low": "5.785",
            "close": "5.831"
        },
        {
            "time": "01.11.2020 16:00",
            "open": "5.831",
            "high": "5.831",
            "low": "5.831",
            "close": "5.832"
        },
        {
            "time": "01.11.2020 16:14",
            "open": "5.832",
            "high": "5.832",
            "low": "5.832",
            "close": "5.803"
        },
        {
            "time": "01.11.2020 16:45",
            "open": "5.803",
            "high": "5.803",
            "low": "5.79",
            "close": "5.832"
        },
        {
            "time": "01.11.2020 16:49",
            "open": "5.832",
            "high": "5.833",
            "low": "5.832",
            "close": "5.79"
        },
        {
            "time": "01.11.2020 17:57",
            "open": "5.79",
            "high": "5.79",
            "low": "5.778",
            "close": "5.773"
        },
        {
            "time": "01.11.2020 18:29",
            "open": "5.773",
            "high": "5.773",
            "low": "5.773",
            "close": "5.791"
        },
        {
            "time": "01.11.2020 18:32",
            "open": "5.791",
            "high": "5.791",
            "low": "5.76",
            "close": "5.787"
        },
        {
            "time": "01.11.2020 18:46",
            "open": "5.787",
            "high": "5.789",
            "low": "5.787",
            "close": "5.839"
        },
        {
            "time": "01.11.2020 18:54",
            "open": "5.839",
            "high": "5.839",
            "low": "5.839",
            "close": "5.818"
        },
        {
            "time": "01.11.2020 18:59",
            "open": "5.818",
            "high": "5.818",
            "low": "5.818",
            "close": "5.805"
        },
        {
            "time": "01.11.2020 19:02",
            "open": "5.805",
            "high": "5.805",
            "low": "5.805",
            "close": "5.805"
        },
        {
            "time": "01.11.2020 19:16",
            "open": "5.805",
            "high": "5.805",
            "low": "5.805",
            "close": "5.79"
        },
        {
            "time": "01.11.2020 19:21",
            "open": "5.79",
            "high": "5.79",
            "low": "5.789",
            "close": "5.806"
        },
        {
            "time": "01.11.2020 20:08",
            "open": "5.806",
            "high": "5.806",
            "low": "5.806",
            "close": "5.791"
        },
        {
            "time": "01.11.2020 20:42",
            "open": "5.791",
            "high": "5.791",
            "low": "5.791",
            "close": "5.764"
        },
        {
            "time": "01.11.2020 20:54",
            "open": "5.764",
            "high": "5.764",
            "low": "5.764",
            "close": "5.795"
        },
        {
            "time": "01.11.2020 21:03",
            "open": "5.795",
            "high": "5.795",
            "low": "5.795",
            "close": "5.797"
        },
        {
            "time": "01.11.2020 21:15",
            "open": "5.797",
            "high": "5.798",
            "low": "5.797",
            "close": "5.804"
        },
        {
            "time": "01.11.2020 21:34",
            "open": "5.804",
            "high": "5.804",
            "low": "5.804",
            "close": "5.825"
        },
        {
            "time": "01.11.2020 22:01",
            "open": "5.825",
            "high": "5.825",
            "low": "5.825",
            "close": "5.829"
        },
        {
            "time": "01.11.2020 22:04",
            "open": "5.829",
            "high": "5.829",
            "low": "5.829",
            "close": "5.848"
        },
        {
            "time": "01.11.2020 22:06",
            "open": "5.848",
            "high": "5.858",
            "low": "5.848",
            "close": "5.858"
        },
        {
            "time": "01.11.2020 22:15",
            "open": "5.858",
            "high": "5.858",
            "low": "5.858",
            "close": "5.851"
        },
        {
            "time": "01.11.2020 22:16",
            "open": "5.851",
            "high": "5.851",
            "low": "5.85",
            "close": "5.851"
        },
        {
            "time": "01.11.2020 22:17",
            "open": "5.851",
            "high": "5.851",
            "low": "5.851",
            "close": "5.851"
        },
        {
            "time": "01.11.2020 22:33",
            "open": "5.851",
            "high": "5.851",
            "low": "5.851",
            "close": "5.852"
        },
        {
            "time": "01.11.2020 22:58",
            "open": "5.852",
            "high": "5.852",
            "low": "5.852",
            "close": "5.878"
        },
        {
            "time": "01.11.2020 23:04",
            "open": "5.878",
            "high": "5.951",
            "low": "5.872",
            "close": "5.884"
        },
        {
            "time": "01.11.2020 23:06",
            "open": "5.884",
            "high": "5.884",
            "low": "5.884",
            "close": "5.881"
        },
        {
            "time": "01.11.2020 23:07",
            "open": "5.881",
            "high": "5.881",
            "low": "5.881",
            "close": "5.899"
        },
        {
            "time": "01.11.2020 23:19",
            "open": "5.899",
            "high": "5.899",
            "low": "5.899",
            "close": "5.905"
        },
        {
            "time": "01.11.2020 23:21",
            "open": "5.905",
            "high": "5.905",
            "low": "5.905",
            "close": "5.913"
        },
        {
            "time": "01.11.2020 23:22",
            "open": "5.913",
            "high": "5.913",
            "low": "5.913",
            "close": "5.907"
        },
        {
            "time": "01.11.2020 23:23",
            "open": "5.907",
            "high": "5.907",
            "low": "5.907",
            "close": "5.913"
        },
        {
            "time": "01.11.2020 23:24",
            "open": "5.913",
            "high": "5.913",
            "low": "5.913",
            "close": "5.903"
        },
        {
            "time": "01.11.2020 23:29",
            "open": "5.903",
            "high": "5.903",
            "low": "5.903",
            "close": "5.908"
        },
        {
            "time": "01.11.2020 23:40",
            "open": "5.908",
            "high": "5.908",
            "low": "5.908",
            "close": "5.907"
        }
    ]
}