{
    "UMA-EUR": [
        {
            "time": "07.11.2020 23:53",
            "open": "5.755",
            "high": "5.755",
            "low": "5.755",
            "close": "5.754"
        },
        {
            "time": "08.11.2020 00:14",
            "open": "5.754",
            "high": "5.754",
            "low": "5.754",
            "close": "5.755"
        },
        {
            "time": "08.11.2020 00:19",
            "open": "5.755",
            "high": "5.787",
            "low": "5.755",
            "close": "5.755"
        },
        {
            "time": "08.11.2020 00:23",
            "open": "5.755",
            "high": "5.755",
            "low": "5.754",
            "close": "5.794"
        },
        {
            "time": "08.11.2020 00:40",
            "open": "5.794",
            "high": "5.794",
            "low": "5.794",
            "close": "5.789"
        },
        {
            "time": "08.11.2020 00:44",
            "open": "5.789",
            "high": "5.789",
            "low": "5.786",
            "close": "5.778"
        },
        {
            "time": "08.11.2020 00:47",
            "open": "5.778",
            "high": "5.778",
            "low": "5.778",
            "close": "5.761"
        },
        {
            "time": "08.11.2020 01:06",
            "open": "5.761",
            "high": "5.761",
            "low": "5.73",
            "close": "5.765"
        },
        {
            "time": "08.11.2020 02:20",
            "open": "5.765",
            "high": "5.77",
            "low": "5.765",
            "close": "5.761"
        },
        {
            "time": "08.11.2020 02:25",
            "open": "5.761",
            "high": "5.761",
            "low": "5.761",
            "close": "5.81"
        },
        {
            "time": "08.11.2020 03:25",
            "open": "5.81",
            "high": "5.81",
            "low": "5.81",
            "close": "5.817"
        },
        {
            "time": "08.11.2020 03:34",
            "open": "5.817",
            "high": "5.818",
            "low": "5.817",
            "close": "5.83"
        },
        {
            "time": "08.11.2020 03:37",
            "open": "5.83",
            "high": "5.83",
            "low": "5.83",
            "close": "5.827"
        },
        {
            "time": "08.11.2020 03:40",
            "open": "5.827",
            "high": "5.827",
            "low": "5.827",
            "close": "5.826"
        },
        {
            "time": "08.11.2020 04:09",
            "open": "5.826",
            "high": "5.829",
            "low": "5.826",
            "close": "5.824"
        },
        {
            "time": "08.11.2020 04:35",
            "open": "5.824",
            "high": "5.824",
            "low": "5.824",
            "close": "5.843"
        },
        {
            "time": "08.11.2020 04:39",
            "open": "5.843",
            "high": "5.843",
            "low": "5.843",
            "close": "5.826"
        },
        {
            "time": "08.11.2020 04:51",
            "open": "5.826",
            "high": "5.826",
            "low": "5.826",
            "close": "5.777"
        },
        {
            "time": "08.11.2020 05:07",
            "open": "5.777",
            "high": "5.777",
            "low": "5.777",
            "close": "5.772"
        },
        {
            "time": "08.11.2020 05:12",
            "open": "5.772",
            "high": "5.774",
            "low": "5.772",
            "close": "5.793"
        },
        {
            "time": "08.11.2020 05:14",
            "open": "5.793",
            "high": "5.793",
            "low": "5.793",
            "close": "5.788"
        },
        {
            "time": "08.11.2020 05:23",
            "open": "5.788",
            "high": "5.792",
            "low": "5.788",
            "close": "5.792"
        },
        {
            "time": "08.11.2020 05:46",
            "open": "5.792",
            "high": "5.794",
            "low": "5.792",
            "close": "5.788"
        },
        {
            "time": "08.11.2020 05:48",
            "open": "5.788",
            "high": "5.792",
            "low": "5.787",
            "close": "5.787"
        },
        {
            "time": "08.11.2020 05:50",
            "open": "5.787",
            "high": "5.787",
            "low": "5.785",
            "close": "5.787"
        },
        {
            "time": "08.11.2020 05:52",
            "open": "5.787",
            "high": "5.787",
            "low": "5.786",
            "close": "5.771"
        },
        {
            "time": "08.11.2020 05:53",
            "open": "5.771",
            "high": "5.771",
            "low": "5.771",
            "close": "5.771"
        },
        {
            "time": "08.11.2020 05:55",
            "open": "5.771",
            "high": "5.771",
            "low": "5.771",
            "close": "5.771"
        },
        {
            "time": "08.11.2020 06:02",
            "open": "5.771",
            "high": "5.771",
            "low": "5.771",
            "close": "5.757"
        },
        {
            "time": "08.11.2020 06:07",
            "open": "5.757",
            "high": "5.759",
            "low": "5.757",
            "close": "5.756"
        },
        {
            "time": "08.11.2020 06:10",
            "open": "5.756",
            "high": "5.757",
            "low": "5.756",
            "close": "5.756"
        },
        {
            "time": "08.11.2020 06:16",
            "open": "5.756",
            "high": "5.756",
            "low": "5.756",
            "close": "5.757"
        },
        {
            "time": "08.11.2020 06:19",
            "open": "5.757",
            "high": "5.757",
            "low": "5.757",
            "close": "5.756"
        },
        {
            "time": "08.11.2020 06:20",
            "open": "5.756",
            "high": "5.756",
            "low": "5.756",
            "close": "5.756"
        },
        {
            "time": "08.11.2020 06:22",
            "open": "5.756",
            "high": "5.758",
            "low": "5.756",
            "close": "5.76"
        },
        {
            "time": "08.11.2020 06:30",
            "open": "5.76",
            "high": "5.76",
            "low": "5.76",
            "close": "5.773"
        },
        {
            "time": "08.11.2020 06:32",
            "open": "5.773",
            "high": "5.773",
            "low": "5.773",
            "close": "5.77"
        },
        {
            "time": "08.11.2020 06:56",
            "open": "5.77",
            "high": "5.781",
            "low": "5.77",
            "close": "5.82"
        },
        {
            "time": "08.11.2020 07:08",
            "open": "5.82",
            "high": "5.82",
            "low": "5.82",
            "close": "5.815"
        },
        {
            "time": "08.11.2020 07:10",
            "open": "5.815",
            "high": "5.817",
            "low": "5.815",
            "close": "5.813"
        },
        {
            "time": "08.11.2020 07:12",
            "open": "5.813",
            "high": "5.845",
            "low": "5.813",
            "close": "5.831"
        },
        {
            "time": "08.11.2020 07:16",
            "open": "5.831",
            "high": "5.831",
            "low": "5.831",
            "close": "5.771"
        },
        {
            "time": "08.11.2020 08:07",
            "open": "5.771",
            "high": "5.771",
            "low": "5.771",
            "close": "5.768"
        },
        {
            "time": "08.11.2020 08:11",
            "open": "5.768",
            "high": "5.768",
            "low": "5.768",
            "close": "5.768"
        },
        {
            "time": "08.11.2020 08:12",
            "open": "5.768",
            "high": "5.769",
            "low": "5.768",
            "close": "5.765"
        },
        {
            "time": "08.11.2020 08:14",
            "open": "5.765",
            "high": "5.765",
            "low": "5.765",
            "close": "5.764"
        },
        {
            "time": "08.11.2020 08:43",
            "open": "5.764",
            "high": "5.764",
            "low": "5.764",
            "close": "5.77"
        },
        {
            "time": "08.11.2020 08:46",
            "open": "5.77",
            "high": "5.77",
            "low": "5.765",
            "close": "5.77"
        },
        {
            "time": "08.11.2020 08:50",
            "open": "5.77",
            "high": "5.77",
            "low": "5.77",
            "close": "5.76"
        },
        {
            "time": "08.11.2020 09:02",
            "open": "5.76",
            "high": "5.76",
            "low": "5.76",
            "close": "5.761"
        },
        {
            "time": "08.11.2020 09:05",
            "open": "5.761",
            "high": "5.765",
            "low": "5.761",
            "close": "5.755"
        },
        {
            "time": "08.11.2020 09:08",
            "open": "5.755",
            "high": "5.764",
            "low": "5.755",
            "close": "5.767"
        },
        {
            "time": "08.11.2020 09:34",
            "open": "5.767",
            "high": "5.767",
            "low": "5.767",
            "close": "5.755"
        },
        {
            "time": "08.11.2020 09:35",
            "open": "5.755",
            "high": "5.755",
            "low": "5.753",
            "close": "5.75"
        },
        {
            "time": "08.11.2020 09:41",
            "open": "5.75",
            "high": "5.75",
            "low": "5.75",
            "close": "5.756"
        },
        {
            "time": "08.11.2020 09:59",
            "open": "5.756",
            "high": "5.78",
            "low": "5.756",
            "close": "5.752"
        },
        {
            "time": "08.11.2020 10:06",
            "open": "5.752",
            "high": "5.753",
            "low": "5.752",
            "close": "5.759"
        },
        {
            "time": "08.11.2020 10:08",
            "open": "5.761",
            "high": "5.761",
            "low": "5.761",
            "close": "5.742"
        },
        {
            "time": "08.11.2020 10:26",
            "open": "5.742",
            "high": "5.761",
            "low": "5.738",
            "close": "5.761"
        },
        {
            "time": "08.11.2020 10:27",
            "open": "5.761",
            "high": "5.761",
            "low": "5.761",
            "close": "5.761"
        },
        {
            "time": "08.11.2020 10:28",
            "open": "5.761",
            "high": "5.773",
            "low": "5.761",
            "close": "5.776"
        },
        {
            "time": "08.11.2020 10:38",
            "open": "5.776",
            "high": "5.776",
            "low": "5.776",
            "close": "5.761"
        },
        {
            "time": "08.11.2020 11:00",
            "open": "5.761",
            "high": "5.761",
            "low": "5.734",
            "close": "5.766"
        },
        {
            "time": "08.11.2020 11:13",
            "open": "5.766",
            "high": "5.766",
            "low": "5.766",
            "close": "5.777"
        },
        {
            "time": "08.11.2020 11:15",
            "open": "5.777",
            "high": "5.777",
            "low": "5.777",
            "close": "5.785"
        },
        {
            "time": "08.11.2020 11:18",
            "open": "5.785",
            "high": "5.785",
            "low": "5.785",
            "close": "5.745"
        },
        {
            "time": "08.11.2020 11:34",
            "open": "5.745",
            "high": "5.745",
            "low": "5.745",
            "close": "5.768"
        },
        {
            "time": "08.11.2020 11:38",
            "open": "5.768",
            "high": "5.768",
            "low": "5.768",
            "close": "5.786"
        },
        {
            "time": "08.11.2020 11:41",
            "open": "5.786",
            "high": "5.793",
            "low": "5.786",
            "close": "5.782"
        },
        {
            "time": "08.11.2020 11:43",
            "open": "5.782",
            "high": "5.782",
            "low": "5.782",
            "close": "5.794"
        },
        {
            "time": "08.11.2020 11:48",
            "open": "5.794",
            "high": "5.794",
            "low": "5.794",
            "close": "5.811"
        },
        {
            "time": "08.11.2020 11:49",
            "open": "5.811",
            "high": "5.813",
            "low": "5.809",
            "close": "5.782"
        },
        {
            "time": "08.11.2020 11:57",
            "open": "5.782",
            "high": "5.782",
            "low": "5.782",
            "close": "5.828"
        },
        {
            "time": "08.11.2020 11:59",
            "open": "5.828",
            "high": "5.828",
            "low": "5.828",
            "close": "5.851"
        },
        {
            "time": "08.11.2020 12:04",
            "open": "5.851",
            "high": "5.888",
            "low": "5.851",
            "close": "5.877"
        },
        {
            "time": "08.11.2020 12:10",
            "open": "5.877",
            "high": "5.885",
            "low": "5.868",
            "close": "5.885"
        },
        {
            "time": "08.11.2020 12:15",
            "open": "5.885",
            "high": "5.885",
            "low": "5.885",
            "close": "5.882"
        },
        {
            "time": "08.11.2020 12:26",
            "open": "5.882",
            "high": "5.882",
            "low": "5.882",
            "close": "5.889"
        },
        {
            "time": "08.11.2020 12:31",
            "open": "5.889",
            "high": "5.889",
            "low": "5.889",
            "close": "5.87"
        },
        {
            "time": "08.11.2020 12:38",
            "open": "5.87",
            "high": "5.872",
            "low": "5.867",
            "close": "5.856"
        },
        {
            "time": "08.11.2020 12:42",
            "open": "5.856",
            "high": "5.858",
            "low": "5.856",
            "close": "5.861"
        },
        {
            "time": "08.11.2020 12:43",
            "open": "5.861",
            "high": "5.884",
            "low": "5.861",
            "close": "5.879"
        },
        {
            "time": "08.11.2020 12:56",
            "open": "5.879",
            "high": "5.888",
            "low": "5.879",
            "close": "5.89"
        },
        {
            "time": "08.11.2020 12:59",
            "open": "5.89",
            "high": "5.89",
            "low": "5.89",
            "close": "5.89"
        },
        {
            "time": "08.11.2020 13:06",
            "open": "5.89",
            "high": "5.89",
            "low": "5.89",
            "close": "5.89"
        },
        {
            "time": "08.11.2020 13:19",
            "open": "5.89",
            "high": "5.89",
            "low": "5.89",
            "close": "5.933"
        },
        {
            "time": "08.11.2020 13:36",
            "open": "5.933",
            "high": "5.933",
            "low": "5.933",
            "close": "5.992"
        },
        {
            "time": "08.11.2020 13:37",
            "open": "5.992",
            "high": "6.008",
            "low": "5.989",
            "close": "6.037"
        },
        {
            "time": "08.11.2020 13:40",
            "open": "6.037",
            "high": "6.037",
            "low": "6.034",
            "close": "6.038"
        },
        {
            "time": "08.11.2020 13:41",
            "open": "6.038",
            "high": "6.038",
            "low": "6.038",
            "close": "6.038"
        },
        {
            "time": "08.11.2020 13:46",
            "open": "6.038",
            "high": "6.038",
            "low": "6.034",
            "close": "6.041"
        },
        {
            "time": "08.11.2020 13:50",
            "open": "6.041",
            "high": "6.07",
            "low": "6.041",
            "close": "6.071"
        },
        {
            "time": "08.11.2020 13:52",
            "open": "6.071",
            "high": "6.071",
            "low": "6.067",
            "close": "6.067"
        },
        {
            "time": "08.11.2020 14:00",
            "open": "6.067",
            "high": "6.067",
            "low": "6.067",
            "close": "6.034"
        },
        {
            "time": "08.11.2020 14:05",
            "open": "6.034",
            "high": "6.034",
            "low": "6.034",
            "close": "6.034"
        },
        {
            "time": "08.11.2020 14:07",
            "open": "6.034",
            "high": "6.034",
            "low": "6.007",
            "close": "6"
        },
        {
            "time": "08.11.2020 14:09",
            "open": "6",
            "high": "6",
            "low": "6",
            "close": "6.015"
        },
        {
            "time": "08.11.2020 14:10",
            "open": "6.015",
            "high": "6.015",
            "low": "6.015",
            "close": "5.977"
        },
        {
            "time": "08.11.2020 14:26",
            "open": "5.977",
            "high": "5.977",
            "low": "5.977",
            "close": "5.963"
        },
        {
            "time": "08.11.2020 14:51",
            "open": "5.963",
            "high": "5.963",
            "low": "5.963",
            "close": "5.97"
        },
        {
            "time": "08.11.2020 14:54",
            "open": "5.97",
            "high": "5.983",
            "low": "5.967",
            "close": "5.966"
        },
        {
            "time": "08.11.2020 14:58",
            "open": "5.966",
            "high": "5.966",
            "low": "5.966",
            "close": "5.965"
        },
        {
            "time": "08.11.2020 15:00",
            "open": "5.965",
            "high": "5.967",
            "low": "5.965",
            "close": "5.999"
        },
        {
            "time": "08.11.2020 15:18",
            "open": "5.999",
            "high": "6.005",
            "low": "5.999",
            "close": "6.022"
        },
        {
            "time": "08.11.2020 15:34",
            "open": "6.022",
            "high": "6.022",
            "low": "6.022",
            "close": "6.012"
        },
        {
            "time": "08.11.2020 15:37",
            "open": "6.012",
            "high": "6.012",
            "low": "6.012",
            "close": "6.012"
        },
        {
            "time": "08.11.2020 15:39",
            "open": "6.012",
            "high": "6.012",
            "low": "6.012",
            "close": "6.005"
        },
        {
            "time": "08.11.2020 15:48",
            "open": "6.005",
            "high": "6.005",
            "low": "5.999",
            "close": "6.012"
        },
        {
            "time": "08.11.2020 15:51",
            "open": "6.012",
            "high": "6.024",
            "low": "6.012",
            "close": "6.026"
        },
        {
            "time": "08.11.2020 15:53",
            "open": "6.026",
            "high": "6.026",
            "low": "6.026",
            "close": "6.015"
        },
        {
            "time": "08.11.2020 15:54",
            "open": "6.015",
            "high": "6.015",
            "low": "6.015",
            "close": "6.051"
        },
        {
            "time": "08.11.2020 16:00",
            "open": "6.051",
            "high": "6.051",
            "low": "6.051",
            "close": "6.057"
        },
        {
            "time": "08.11.2020 16:04",
            "open": "6.057",
            "high": "6.058",
            "low": "6.057",
            "close": "6.06"
        },
        {
            "time": "08.11.2020 16:05",
            "open": "6.06",
            "high": "6.12",
            "low": "6.06",
            "close": "6.12"
        },
        {
            "time": "08.11.2020 16:09",
            "open": "6.12",
            "high": "6.12",
            "low": "6.12",
            "close": "6.15"
        },
        {
            "time": "08.11.2020 16:11",
            "open": "6.15",
            "high": "6.162",
            "low": "6.15",
            "close": "6.158"
        },
        {
            "time": "08.11.2020 16:16",
            "open": "6.158",
            "high": "6.158",
            "low": "6.158",
            "close": "6.106"
        },
        {
            "time": "08.11.2020 16:17",
            "open": "6.106",
            "high": "6.106",
            "low": "6.101",
            "close": "6.138"
        },
        {
            "time": "08.11.2020 16:34",
            "open": "6.138",
            "high": "6.138",
            "low": "6.138",
            "close": "6.153"
        },
        {
            "time": "08.11.2020 17:01",
            "open": "6.153",
            "high": "6.153",
            "low": "6.153",
            "close": "6.151"
        },
        {
            "time": "08.11.2020 17:05",
            "open": "6.151",
            "high": "6.152",
            "low": "6.151",
            "close": "6.1"
        },
        {
            "time": "08.11.2020 17:16",
            "open": "6.1",
            "high": "6.1",
            "low": "6.09",
            "close": "6.097"
        },
        {
            "time": "08.11.2020 17:21",
            "open": "6.097",
            "high": "6.097",
            "low": "6.053",
            "close": "6.061"
        },
        {
            "time": "08.11.2020 17:31",
            "open": "6.061",
            "high": "6.061",
            "low": "6.061",
            "close": "6.14"
        },
        {
            "time": "08.11.2020 17:32",
            "open": "6.14",
            "high": "6.14",
            "low": "6.14",
            "close": "6.074"
        },
        {
            "time": "08.11.2020 17:43",
            "open": "6.074",
            "high": "6.074",
            "low": "6.074",
            "close": "6.068"
        },
        {
            "time": "08.11.2020 17:44",
            "open": "6.068",
            "high": "6.068",
            "low": "6.068",
            "close": "6.065"
        },
        {
            "time": "08.11.2020 17:45",
            "open": "6.059",
            "high": "6.059",
            "low": "6.059",
            "close": "6.081"
        },
        {
            "time": "08.11.2020 18:11",
            "open": "6.081",
            "high": "6.081",
            "low": "6.081",
            "close": "6.111"
        },
        {
            "time": "08.11.2020 18:23",
            "open": "6.111",
            "high": "6.119",
            "low": "6.111",
            "close": "6.119"
        },
        {
            "time": "08.11.2020 18:27",
            "open": "6.119",
            "high": "6.124",
            "low": "6.119",
            "close": "6.143"
        },
        {
            "time": "08.11.2020 18:28",
            "open": "6.143",
            "high": "6.143",
            "low": "6.143",
            "close": "6.144"
        },
        {
            "time": "08.11.2020 18:29",
            "open": "6.144",
            "high": "6.144",
            "low": "6.144",
            "close": "6.15"
        },
        {
            "time": "08.11.2020 18:35",
            "open": "6.15",
            "high": "6.15",
            "low": "6.15",
            "close": "6.142"
        },
        {
            "time": "08.11.2020 18:40",
            "open": "6.142",
            "high": "6.142",
            "low": "6.142",
            "close": "6.127"
        },
        {
            "time": "08.11.2020 18:51",
            "open": "6.127",
            "high": "6.127",
            "low": "6.127",
            "close": "6.119"
        },
        {
            "time": "08.11.2020 19:09",
            "open": "6.119",
            "high": "6.119",
            "low": "6.119",
            "close": "6.102"
        },
        {
            "time": "08.11.2020 19:11",
            "open": "6.102",
            "high": "6.102",
            "low": "6.087",
            "close": "6.072"
        },
        {
            "time": "08.11.2020 19:21",
            "open": "6.072",
            "high": "6.072",
            "low": "6.072",
            "close": "6.056"
        },
        {
            "time": "08.11.2020 19:23",
            "open": "6.056",
            "high": "6.056",
            "low": "6.056",
            "close": "6.056"
        },
        {
            "time": "08.11.2020 19:32",
            "open": "6.056",
            "high": "6.056",
            "low": "6.056",
            "close": "6.061"
        },
        {
            "time": "08.11.2020 19:42",
            "open": "6.061",
            "high": "6.075",
            "low": "6.061",
            "close": "6.082"
        },
        {
            "time": "08.11.2020 19:43",
            "open": "6.082",
            "high": "6.082",
            "low": "6.082",
            "close": "6.089"
        },
        {
            "time": "08.11.2020 19:49",
            "open": "6.089",
            "high": "6.089",
            "low": "6.089",
            "close": "6.069"
        },
        {
            "time": "08.11.2020 19:51",
            "open": "6.069",
            "high": "6.069",
            "low": "6.069",
            "close": "6.089"
        },
        {
            "time": "08.11.2020 20:03",
            "open": "6.089",
            "high": "6.089",
            "low": "6.089",
            "close": "6.1"
        },
        {
            "time": "08.11.2020 20:05",
            "open": "6.1",
            "high": "6.1",
            "low": "6.1",
            "close": "6.1"
        },
        {
            "time": "08.11.2020 20:09",
            "open": "6.1",
            "high": "6.113",
            "low": "6.1",
            "close": "6.073"
        },
        {
            "time": "08.11.2020 20:22",
            "open": "6.073",
            "high": "6.091",
            "low": "6.073",
            "close": "6.058"
        },
        {
            "time": "08.11.2020 20:29",
            "open": "6.058",
            "high": "6.058",
            "low": "6.057",
            "close": "6.066"
        },
        {
            "time": "08.11.2020 20:30",
            "open": "6.066",
            "high": "6.066",
            "low": "6.066",
            "close": "6.063"
        },
        {
            "time": "08.11.2020 20:39",
            "open": "6.063",
            "high": "6.068",
            "low": "6.063",
            "close": "6.06"
        },
        {
            "time": "08.11.2020 20:47",
            "open": "6.06",
            "high": "6.06",
            "low": "6.06",
            "close": "6.013"
        },
        {
            "time": "08.11.2020 20:52",
            "open": "6.013",
            "high": "6.013",
            "low": "6.013",
            "close": "6.01"
        },
        {
            "time": "08.11.2020 20:58",
            "open": "6.01",
            "high": "6.01",
            "low": "6.01",
            "close": "6.01"
        },
        {
            "time": "08.11.2020 21:00",
            "open": "6.01",
            "high": "6.01",
            "low": "6.01",
            "close": "6.01"
        },
        {
            "time": "08.11.2020 21:01",
            "open": "6.01",
            "high": "6.056",
            "low": "6.01",
            "close": "6.05"
        },
        {
            "time": "08.11.2020 21:10",
            "open": "6.05",
            "high": "6.05",
            "low": "6.05",
            "close": "6.049"
        },
        {
            "time": "08.11.2020 21:15",
            "open": "6.049",
            "high": "6.049",
            "low": "6.049",
            "close": "6.045"
        },
        {
            "time": "08.11.2020 21:29",
            "open": "6.045",
            "high": "6.045",
            "low": "6.045",
            "close": "6.056"
        },
        {
            "time": "08.11.2020 21:33",
            "open": "6.056",
            "high": "6.056",
            "low": "6.056",
            "close": "6.049"
        },
        {
            "time": "08.11.2020 21:47",
            "open": "6.049",
            "high": "6.049",
            "low": "6.049",
            "close": "6.026"
        },
        {
            "time": "08.11.2020 21:52",
            "open": "6.026",
            "high": "6.026",
            "low": "6.025",
            "close": "6.041"
        },
        {
            "time": "08.11.2020 22:05",
            "open": "6.041",
            "high": "6.048",
            "low": "6.041",
            "close": "6.05"
        },
        {
            "time": "08.11.2020 22:06",
            "open": "6.05",
            "high": "6.052",
            "low": "6.05",
            "close": "6.032"
        },
        {
            "time": "08.11.2020 22:10",
            "open": "6.032",
            "high": "6.032",
            "low": "6.032",
            "close": "6.02"
        },
        {
            "time": "08.11.2020 22:11",
            "open": "6.02",
            "high": "6.028",
            "low": "6.02",
            "close": "5.987"
        },
        {
            "time": "08.11.2020 22:28",
            "open": "5.987",
            "high": "5.987",
            "low": "5.987",
            "close": "5.997"
        },
        {
            "time": "08.11.2020 22:29",
            "open": "5.997",
            "high": "6",
            "low": "5.997",
            "close": "5.997"
        },
        {
            "time": "08.11.2020 22:31",
            "open": "5.997",
            "high": "5.997",
            "low": "5.997",
            "close": "6.016"
        },
        {
            "time": "08.11.2020 22:35",
            "open": "6.016",
            "high": "6.016",
            "low": "6.016",
            "close": "5.992"
        },
        {
            "time": "08.11.2020 22:36",
            "open": "5.992",
            "high": "5.992",
            "low": "5.992",
            "close": "6.021"
        },
        {
            "time": "08.11.2020 22:44",
            "open": "6.021",
            "high": "6.021",
            "low": "6.021",
            "close": "6.021"
        },
        {
            "time": "08.11.2020 22:48",
            "open": "6.021",
            "high": "6.021",
            "low": "6.021",
            "close": "6.007"
        },
        {
            "time": "08.11.2020 22:52",
            "open": "6.007",
            "high": "6.007",
            "low": "5.989",
            "close": "5.963"
        },
        {
            "time": "08.11.2020 22:53",
            "open": "5.963",
            "high": "5.963",
            "low": "5.95",
            "close": "5.921"
        },
        {
            "time": "08.11.2020 22:54",
            "open": "5.921",
            "high": "5.924",
            "low": "5.909",
            "close": "5.937"
        },
        {
            "time": "08.11.2020 22:58",
            "open": "5.937",
            "high": "5.937",
            "low": "5.937",
            "close": "5.962"
        },
        {
            "time": "08.11.2020 23:02",
            "open": "5.962",
            "high": "5.962",
            "low": "5.958",
            "close": "5.987"
        },
        {
            "time": "08.11.2020 23:21",
            "open": "5.987",
            "high": "5.988",
            "low": "5.987",
            "close": "6.002"
        },
        {
            "time": "08.11.2020 23:31",
            "open": "6.002",
            "high": "6.003",
            "low": "6.002",
            "close": "6.008"
        }
    ]
}