{
    "UMA-EUR": [
        {
            "time": "24.11.2020 23:59",
            "open": "7.448",
            "high": "7.448",
            "low": "7.448",
            "close": "7.388"
        },
        {
            "time": "25.11.2020 00:02",
            "open": "7.388",
            "high": "7.388",
            "low": "7.388",
            "close": "7.445"
        },
        {
            "time": "25.11.2020 00:03",
            "open": "7.445",
            "high": "7.49",
            "low": "7.445",
            "close": "7.49"
        },
        {
            "time": "25.11.2020 00:15",
            "open": "7.49",
            "high": "7.49",
            "low": "7.49",
            "close": "7.49"
        },
        {
            "time": "25.11.2020 00:16",
            "open": "7.49",
            "high": "7.49",
            "low": "7.49",
            "close": "7.499"
        },
        {
            "time": "25.11.2020 00:17",
            "open": "7.499",
            "high": "7.5",
            "low": "7.499",
            "close": "7.515"
        },
        {
            "time": "25.11.2020 00:18",
            "open": "7.515",
            "high": "7.529",
            "low": "7.515",
            "close": "7.564"
        },
        {
            "time": "25.11.2020 00:19",
            "open": "7.564",
            "high": "7.579",
            "low": "7.561",
            "close": "7.564"
        },
        {
            "time": "25.11.2020 00:20",
            "open": "7.564",
            "high": "7.575",
            "low": "7.562",
            "close": "7.584"
        },
        {
            "time": "25.11.2020 00:23",
            "open": "7.584",
            "high": "7.584",
            "low": "7.584",
            "close": "7.584"
        },
        {
            "time": "25.11.2020 00:24",
            "open": "7.584",
            "high": "7.59",
            "low": "7.584",
            "close": "7.6"
        },
        {
            "time": "25.11.2020 00:25",
            "open": "7.6",
            "high": "7.615",
            "low": "7.6",
            "close": "7.618"
        },
        {
            "time": "25.11.2020 00:26",
            "open": "7.618",
            "high": "7.634",
            "low": "7.618",
            "close": "7.629"
        },
        {
            "time": "25.11.2020 00:27",
            "open": "7.629",
            "high": "7.629",
            "low": "7.629",
            "close": "7.634"
        },
        {
            "time": "25.11.2020 00:28",
            "open": "7.634",
            "high": "7.66",
            "low": "7.634",
            "close": "7.642"
        },
        {
            "time": "25.11.2020 00:34",
            "open": "7.642",
            "high": "7.642",
            "low": "7.642",
            "close": "7.632"
        },
        {
            "time": "25.11.2020 00:42",
            "open": "7.632",
            "high": "7.632",
            "low": "7.6",
            "close": "7.657"
        },
        {
            "time": "25.11.2020 00:43",
            "open": "7.657",
            "high": "7.657",
            "low": "7.657",
            "close": "7.582"
        },
        {
            "time": "25.11.2020 00:44",
            "open": "7.582",
            "high": "7.582",
            "low": "7.582",
            "close": "7.637"
        },
        {
            "time": "25.11.2020 00:50",
            "open": "7.637",
            "high": "7.637",
            "low": "7.634",
            "close": "7.624"
        },
        {
            "time": "25.11.2020 00:55",
            "open": "7.624",
            "high": "7.624",
            "low": "7.605",
            "close": "7.59"
        },
        {
            "time": "25.11.2020 00:58",
            "open": "7.59",
            "high": "7.59",
            "low": "7.59",
            "close": "7.534"
        },
        {
            "time": "25.11.2020 01:03",
            "open": "7.534",
            "high": "7.534",
            "low": "7.534",
            "close": "7.554"
        },
        {
            "time": "25.11.2020 01:04",
            "open": "7.554",
            "high": "7.555",
            "low": "7.554",
            "close": "7.519"
        },
        {
            "time": "25.11.2020 01:05",
            "open": "7.519",
            "high": "7.519",
            "low": "7.511",
            "close": "7.502"
        },
        {
            "time": "25.11.2020 01:06",
            "open": "7.502",
            "high": "7.502",
            "low": "7.502",
            "close": "7.5"
        },
        {
            "time": "25.11.2020 01:18",
            "open": "7.5",
            "high": "7.5",
            "low": "7.46",
            "close": "7.46"
        },
        {
            "time": "25.11.2020 01:20",
            "open": "7.46",
            "high": "7.46",
            "low": "7.436",
            "close": "7.39"
        },
        {
            "time": "25.11.2020 01:21",
            "open": "7.39",
            "high": "7.39",
            "low": "7.39",
            "close": "7.457"
        },
        {
            "time": "25.11.2020 01:25",
            "open": "7.457",
            "high": "7.457",
            "low": "7.457",
            "close": "7.412"
        },
        {
            "time": "25.11.2020 01:30",
            "open": "7.412",
            "high": "7.412",
            "low": "7.392",
            "close": "7.405"
        },
        {
            "time": "25.11.2020 01:31",
            "open": "7.405",
            "high": "7.405",
            "low": "7.405",
            "close": "7.402"
        },
        {
            "time": "25.11.2020 01:34",
            "open": "7.402",
            "high": "7.404",
            "low": "7.402",
            "close": "7.409"
        },
        {
            "time": "25.11.2020 01:37",
            "open": "7.409",
            "high": "7.409",
            "low": "7.409",
            "close": "7.403"
        },
        {
            "time": "25.11.2020 01:38",
            "open": "7.403",
            "high": "7.403",
            "low": "7.403",
            "close": "7.439"
        },
        {
            "time": "25.11.2020 01:45",
            "open": "7.439",
            "high": "7.444",
            "low": "7.439",
            "close": "7.465"
        },
        {
            "time": "25.11.2020 02:14",
            "open": "7.465",
            "high": "7.465",
            "low": "7.465",
            "close": "7.442"
        },
        {
            "time": "25.11.2020 02:36",
            "open": "7.442",
            "high": "7.442",
            "low": "7.442",
            "close": "7.442"
        },
        {
            "time": "25.11.2020 02:52",
            "open": "7.442",
            "high": "7.442",
            "low": "7.437",
            "close": "7.45"
        },
        {
            "time": "25.11.2020 03:19",
            "open": "7.45",
            "high": "7.45",
            "low": "7.45",
            "close": "7.4"
        },
        {
            "time": "25.11.2020 03:27",
            "open": "7.4",
            "high": "7.4",
            "low": "7.397",
            "close": "7.392"
        },
        {
            "time": "25.11.2020 03:29",
            "open": "7.392",
            "high": "7.392",
            "low": "7.39",
            "close": "7.317"
        },
        {
            "time": "25.11.2020 03:39",
            "open": "7.317",
            "high": "7.317",
            "low": "7.315",
            "close": "7.315"
        },
        {
            "time": "25.11.2020 04:09",
            "open": "7.315",
            "high": "7.332",
            "low": "7.314",
            "close": "7.29"
        },
        {
            "time": "25.11.2020 04:12",
            "open": "7.29",
            "high": "7.29",
            "low": "7.25",
            "close": "7.224"
        },
        {
            "time": "25.11.2020 04:13",
            "open": "7.224",
            "high": "7.224",
            "low": "7.224",
            "close": "7.22"
        },
        {
            "time": "25.11.2020 04:14",
            "open": "7.22",
            "high": "7.22",
            "low": "7.213",
            "close": "7.193"
        },
        {
            "time": "25.11.2020 04:16",
            "open": "7.193",
            "high": "7.193",
            "low": "7.193",
            "close": "7.193"
        },
        {
            "time": "25.11.2020 04:18",
            "open": "7.193",
            "high": "7.193",
            "low": "7.193",
            "close": "7.198"
        },
        {
            "time": "25.11.2020 04:22",
            "open": "7.198",
            "high": "7.198",
            "low": "7.198",
            "close": "7.202"
        },
        {
            "time": "25.11.2020 04:23",
            "open": "7.202",
            "high": "7.202",
            "low": "7.202",
            "close": "7.19"
        },
        {
            "time": "25.11.2020 04:25",
            "open": "7.19",
            "high": "7.19",
            "low": "7.19",
            "close": "7.189"
        },
        {
            "time": "25.11.2020 04:28",
            "open": "7.189",
            "high": "7.189",
            "low": "7.189",
            "close": "7.157"
        },
        {
            "time": "25.11.2020 04:47",
            "open": "7.157",
            "high": "7.157",
            "low": "7.157",
            "close": "7.12"
        },
        {
            "time": "25.11.2020 04:48",
            "open": "7.12",
            "high": "7.12",
            "low": "7.12",
            "close": "7.117"
        },
        {
            "time": "25.11.2020 04:49",
            "open": "7.117",
            "high": "7.117",
            "low": "7.112",
            "close": "7.1"
        },
        {
            "time": "25.11.2020 04:52",
            "open": "7.1",
            "high": "7.1",
            "low": "7.1",
            "close": "7.098"
        },
        {
            "time": "25.11.2020 04:55",
            "open": "7.098",
            "high": "7.098",
            "low": "7.098",
            "close": "7.096"
        },
        {
            "time": "25.11.2020 04:56",
            "open": "7.096",
            "high": "7.096",
            "low": "7.09",
            "close": "7.063"
        },
        {
            "time": "25.11.2020 04:58",
            "open": "7.063",
            "high": "7.063",
            "low": "7.026",
            "close": "7.01"
        },
        {
            "time": "25.11.2020 05:02",
            "open": "7.01",
            "high": "7.01",
            "low": "7",
            "close": "7.09"
        },
        {
            "time": "25.11.2020 05:21",
            "open": "7.09",
            "high": "7.09",
            "low": "7.09",
            "close": "7.082"
        },
        {
            "time": "25.11.2020 05:24",
            "open": "7.082",
            "high": "7.082",
            "low": "7.082",
            "close": "7.078"
        },
        {
            "time": "25.11.2020 05:29",
            "open": "7.078",
            "high": "7.078",
            "low": "7.078",
            "close": "7.072"
        },
        {
            "time": "25.11.2020 05:30",
            "open": "7.072",
            "high": "7.072",
            "low": "7.071",
            "close": "7.094"
        },
        {
            "time": "25.11.2020 05:31",
            "open": "7.094",
            "high": "7.095",
            "low": "7.094",
            "close": "7.1"
        },
        {
            "time": "25.11.2020 05:34",
            "open": "7.1",
            "high": "7.1",
            "low": "7.1",
            "close": "7.07"
        },
        {
            "time": "25.11.2020 05:40",
            "open": "7.07",
            "high": "7.07",
            "low": "7.07",
            "close": "7.068"
        },
        {
            "time": "25.11.2020 05:44",
            "open": "7.068",
            "high": "7.068",
            "low": "7.068",
            "close": "7.034"
        },
        {
            "time": "25.11.2020 05:52",
            "open": "7.034",
            "high": "7.034",
            "low": "7.034",
            "close": "7.023"
        },
        {
            "time": "25.11.2020 06:00",
            "open": "7.023",
            "high": "7.023",
            "low": "7.021",
            "close": "7.023"
        },
        {
            "time": "25.11.2020 06:06",
            "open": "7.023",
            "high": "7.024",
            "low": "7.023",
            "close": "7.034"
        },
        {
            "time": "25.11.2020 06:10",
            "open": "7.034",
            "high": "7.034",
            "low": "7.034",
            "close": "7.032"
        },
        {
            "time": "25.11.2020 06:17",
            "open": "7.032",
            "high": "7.032",
            "low": "7.032",
            "close": "7.032"
        },
        {
            "time": "25.11.2020 06:33",
            "open": "7.032",
            "high": "7.032",
            "low": "7.032",
            "close": "7.079"
        },
        {
            "time": "25.11.2020 06:52",
            "open": "7.079",
            "high": "7.079",
            "low": "7.079",
            "close": "7.102"
        },
        {
            "time": "25.11.2020 06:53",
            "open": "7.102",
            "high": "7.102",
            "low": "7.102",
            "close": "7.112"
        },
        {
            "time": "25.11.2020 06:57",
            "open": "7.112",
            "high": "7.118",
            "low": "7.112",
            "close": "7.117"
        },
        {
            "time": "25.11.2020 06:58",
            "open": "7.117",
            "high": "7.117",
            "low": "7.117",
            "close": "7.099"
        },
        {
            "time": "25.11.2020 07:00",
            "open": "7.099",
            "high": "7.099",
            "low": "7.099",
            "close": "7.106"
        },
        {
            "time": "25.11.2020 07:07",
            "open": "7.106",
            "high": "7.165",
            "low": "7.106",
            "close": "7.094"
        },
        {
            "time": "25.11.2020 07:11",
            "open": "7.094",
            "high": "7.094",
            "low": "7.094",
            "close": "7.127"
        },
        {
            "time": "25.11.2020 07:23",
            "open": "7.127",
            "high": "7.127",
            "low": "7.127",
            "close": "7.145"
        },
        {
            "time": "25.11.2020 07:27",
            "open": "7.145",
            "high": "7.145",
            "low": "7.121",
            "close": "7.149"
        },
        {
            "time": "25.11.2020 07:32",
            "open": "7.149",
            "high": "7.149",
            "low": "7.149",
            "close": "7.152"
        },
        {
            "time": "25.11.2020 07:38",
            "open": "7.152",
            "high": "7.152",
            "low": "7.152",
            "close": "7.155"
        },
        {
            "time": "25.11.2020 07:42",
            "open": "7.155",
            "high": "7.155",
            "low": "7.15",
            "close": "7.154"
        },
        {
            "time": "25.11.2020 07:46",
            "open": "7.154",
            "high": "7.165",
            "low": "7.154",
            "close": "7.162"
        },
        {
            "time": "25.11.2020 07:47",
            "open": "7.162",
            "high": "7.164",
            "low": "7.162",
            "close": "7.166"
        },
        {
            "time": "25.11.2020 07:48",
            "open": "7.166",
            "high": "7.166",
            "low": "7.166",
            "close": "7.166"
        },
        {
            "time": "25.11.2020 07:49",
            "open": "7.166",
            "high": "7.274",
            "low": "7.166",
            "close": "7.165"
        },
        {
            "time": "25.11.2020 07:53",
            "open": "7.165",
            "high": "7.165",
            "low": "7.153",
            "close": "7.163"
        },
        {
            "time": "25.11.2020 07:55",
            "open": "7.163",
            "high": "7.173",
            "low": "7.163",
            "close": "7.184"
        },
        {
            "time": "25.11.2020 07:58",
            "open": "7.184",
            "high": "7.184",
            "low": "7.184",
            "close": "7.154"
        },
        {
            "time": "25.11.2020 08:04",
            "open": "7.154",
            "high": "7.154",
            "low": "7.154",
            "close": "7.159"
        },
        {
            "time": "25.11.2020 08:06",
            "open": "7.159",
            "high": "7.171",
            "low": "7.159",
            "close": "7.242"
        },
        {
            "time": "25.11.2020 08:15",
            "open": "7.242",
            "high": "7.242",
            "low": "7.242",
            "close": "7.177"
        },
        {
            "time": "25.11.2020 08:22",
            "open": "7.177",
            "high": "7.177",
            "low": "7.171",
            "close": "7.192"
        },
        {
            "time": "25.11.2020 08:32",
            "open": "7.192",
            "high": "7.192",
            "low": "7.192",
            "close": "7.193"
        },
        {
            "time": "25.11.2020 08:33",
            "open": "7.193",
            "high": "7.195",
            "low": "7.193",
            "close": "7.169"
        },
        {
            "time": "25.11.2020 08:38",
            "open": "7.169",
            "high": "7.169",
            "low": "7.169",
            "close": "7.201"
        },
        {
            "time": "25.11.2020 08:50",
            "open": "7.201",
            "high": "7.202",
            "low": "7.201",
            "close": "7.233"
        },
        {
            "time": "25.11.2020 09:00",
            "open": "7.233",
            "high": "7.233",
            "low": "7.186",
            "close": "7.176"
        },
        {
            "time": "25.11.2020 09:07",
            "open": "7.176",
            "high": "7.221",
            "low": "7.176",
            "close": "7.188"
        },
        {
            "time": "25.11.2020 09:13",
            "open": "7.188",
            "high": "7.2",
            "low": "7.188",
            "close": "7.201"
        },
        {
            "time": "25.11.2020 09:16",
            "open": "7.201",
            "high": "7.201",
            "low": "7.201",
            "close": "7.201"
        },
        {
            "time": "25.11.2020 09:17",
            "open": "7.201",
            "high": "7.201",
            "low": "7.201",
            "close": "7.164"
        },
        {
            "time": "25.11.2020 09:31",
            "open": "7.164",
            "high": "7.164",
            "low": "7.164",
            "close": "7.187"
        },
        {
            "time": "25.11.2020 09:34",
            "open": "7.187",
            "high": "7.187",
            "low": "7.187",
            "close": "7.173"
        },
        {
            "time": "25.11.2020 09:38",
            "open": "7.173",
            "high": "7.173",
            "low": "7.173",
            "close": "7.166"
        },
        {
            "time": "25.11.2020 09:40",
            "open": "7.166",
            "high": "7.166",
            "low": "7.164",
            "close": "7.174"
        },
        {
            "time": "25.11.2020 09:41",
            "open": "7.174",
            "high": "7.174",
            "low": "7.174",
            "close": "7.169"
        },
        {
            "time": "25.11.2020 09:42",
            "open": "7.169",
            "high": "7.181",
            "low": "7.169",
            "close": "7.184"
        },
        {
            "time": "25.11.2020 09:43",
            "open": "7.184",
            "high": "7.184",
            "low": "7.184",
            "close": "7.208"
        },
        {
            "time": "25.11.2020 09:44",
            "open": "7.208",
            "high": "7.208",
            "low": "7.208",
            "close": "7.216"
        },
        {
            "time": "25.11.2020 09:46",
            "open": "7.216",
            "high": "7.216",
            "low": "7.195",
            "close": "7.188"
        },
        {
            "time": "25.11.2020 09:47",
            "open": "7.188",
            "high": "7.188",
            "low": "7.188",
            "close": "7.178"
        },
        {
            "time": "25.11.2020 09:50",
            "open": "7.178",
            "high": "7.181",
            "low": "7.178",
            "close": "7.18"
        },
        {
            "time": "25.11.2020 09:52",
            "open": "7.18",
            "high": "7.18",
            "low": "7.18",
            "close": "7.202"
        },
        {
            "time": "25.11.2020 10:00",
            "open": "7.202",
            "high": "7.203",
            "low": "7.202",
            "close": "7.17"
        },
        {
            "time": "25.11.2020 10:02",
            "open": "7.17",
            "high": "7.174",
            "low": "7.17",
            "close": "7.187"
        },
        {
            "time": "25.11.2020 10:08",
            "open": "7.187",
            "high": "7.187",
            "low": "7.184",
            "close": "7.21"
        },
        {
            "time": "25.11.2020 10:17",
            "open": "7.21",
            "high": "7.21",
            "low": "7.21",
            "close": "7.2"
        },
        {
            "time": "25.11.2020 10:23",
            "open": "7.2",
            "high": "7.2",
            "low": "7.2",
            "close": "7.204"
        },
        {
            "time": "25.11.2020 10:24",
            "open": "7.204",
            "high": "7.204",
            "low": "7.204",
            "close": "7.2"
        },
        {
            "time": "25.11.2020 10:26",
            "open": "7.2",
            "high": "7.2",
            "low": "7.2",
            "close": "7.202"
        },
        {
            "time": "25.11.2020 10:37",
            "open": "7.202",
            "high": "7.202",
            "low": "7.202",
            "close": "7.202"
        },
        {
            "time": "25.11.2020 10:43",
            "open": "7.202",
            "high": "7.202",
            "low": "7.202",
            "close": "7.177"
        },
        {
            "time": "25.11.2020 10:45",
            "open": "7.177",
            "high": "7.178",
            "low": "7.177",
            "close": "7.202"
        },
        {
            "time": "25.11.2020 10:47",
            "open": "7.202",
            "high": "7.224",
            "low": "7.2",
            "close": "7.205"
        },
        {
            "time": "25.11.2020 10:48",
            "open": "7.205",
            "high": "7.205",
            "low": "7.203",
            "close": "7.201"
        },
        {
            "time": "25.11.2020 11:01",
            "open": "7.201",
            "high": "7.201",
            "low": "7.201",
            "close": "7.203"
        },
        {
            "time": "25.11.2020 11:04",
            "open": "7.203",
            "high": "7.225",
            "low": "7.203",
            "close": "7.24"
        },
        {
            "time": "25.11.2020 11:07",
            "open": "7.24",
            "high": "7.24",
            "low": "7.24",
            "close": "7.213"
        },
        {
            "time": "25.11.2020 11:10",
            "open": "7.213",
            "high": "7.213",
            "low": "7.213",
            "close": "7.219"
        },
        {
            "time": "25.11.2020 11:14",
            "open": "7.219",
            "high": "7.219",
            "low": "7.219",
            "close": "7.245"
        },
        {
            "time": "25.11.2020 11:17",
            "open": "7.245",
            "high": "7.282",
            "low": "7.245",
            "close": "7.284"
        },
        {
            "time": "25.11.2020 11:19",
            "open": "7.284",
            "high": "7.284",
            "low": "7.282",
            "close": "7.283"
        },
        {
            "time": "25.11.2020 11:20",
            "open": "7.283",
            "high": "7.283",
            "low": "7.283",
            "close": "7.282"
        },
        {
            "time": "25.11.2020 11:21",
            "open": "7.282",
            "high": "7.282",
            "low": "7.282",
            "close": "7.3"
        },
        {
            "time": "25.11.2020 11:23",
            "open": "7.3",
            "high": "7.3",
            "low": "7.282",
            "close": "7.282"
        },
        {
            "time": "25.11.2020 11:24",
            "open": "7.282",
            "high": "7.282",
            "low": "7.282",
            "close": "7.282"
        },
        {
            "time": "25.11.2020 11:25",
            "open": "7.282",
            "high": "7.282",
            "low": "7.282",
            "close": "7.283"
        },
        {
            "time": "25.11.2020 11:26",
            "open": "7.283",
            "high": "7.283",
            "low": "7.283",
            "close": "7.283"
        },
        {
            "time": "25.11.2020 11:27",
            "open": "7.283",
            "high": "7.283",
            "low": "7.282",
            "close": "7.282"
        },
        {
            "time": "25.11.2020 11:28",
            "open": "7.282",
            "high": "7.282",
            "low": "7.282",
            "close": "7.283"
        },
        {
            "time": "25.11.2020 11:30",
            "open": "7.283",
            "high": "7.283",
            "low": "7.283",
            "close": "7.283"
        },
        {
            "time": "25.11.2020 11:31",
            "open": "7.283",
            "high": "7.283",
            "low": "7.282",
            "close": "7.303"
        },
        {
            "time": "25.11.2020 11:33",
            "open": "7.303",
            "high": "7.309",
            "low": "7.284",
            "close": "7.316"
        },
        {
            "time": "25.11.2020 11:34",
            "open": "7.316",
            "high": "7.316",
            "low": "7.316",
            "close": "7.291"
        },
        {
            "time": "25.11.2020 11:37",
            "open": "7.291",
            "high": "7.291",
            "low": "7.282",
            "close": "7.282"
        },
        {
            "time": "25.11.2020 11:38",
            "open": "7.282",
            "high": "7.282",
            "low": "7.282",
            "close": "7.288"
        },
        {
            "time": "25.11.2020 11:39",
            "open": "7.288",
            "high": "7.288",
            "low": "7.281",
            "close": "7.264"
        },
        {
            "time": "25.11.2020 11:42",
            "open": "7.264",
            "high": "7.264",
            "low": "7.264",
            "close": "7.264"
        },
        {
            "time": "25.11.2020 11:43",
            "open": "7.264",
            "high": "7.264",
            "low": "7.264",
            "close": "7.32"
        },
        {
            "time": "25.11.2020 11:46",
            "open": "7.32",
            "high": "7.32",
            "low": "7.32",
            "close": "7.328"
        },
        {
            "time": "25.11.2020 11:50",
            "open": "7.328",
            "high": "7.328",
            "low": "7.328",
            "close": "7.349"
        },
        {
            "time": "25.11.2020 12:01",
            "open": "7.349",
            "high": "7.349",
            "low": "7.349",
            "close": "7.338"
        },
        {
            "time": "25.11.2020 12:02",
            "open": "7.338",
            "high": "7.341",
            "low": "7.338",
            "close": "7.338"
        },
        {
            "time": "25.11.2020 12:09",
            "open": "7.338",
            "high": "7.338",
            "low": "7.338",
            "close": "7.35"
        },
        {
            "time": "25.11.2020 12:14",
            "open": "7.35",
            "high": "7.35",
            "low": "7.35",
            "close": "7.314"
        },
        {
            "time": "25.11.2020 12:24",
            "open": "7.314",
            "high": "7.314",
            "low": "7.314",
            "close": "7.315"
        },
        {
            "time": "25.11.2020 12:29",
            "open": "7.315",
            "high": "7.315",
            "low": "7.315",
            "close": "7.305"
        },
        {
            "time": "25.11.2020 12:33",
            "open": "7.305",
            "high": "7.305",
            "low": "7.304",
            "close": "7.325"
        },
        {
            "time": "25.11.2020 12:39",
            "open": "7.325",
            "high": "7.325",
            "low": "7.325",
            "close": "7.35"
        },
        {
            "time": "25.11.2020 12:48",
            "open": "7.35",
            "high": "7.35",
            "low": "7.341",
            "close": "7.349"
        },
        {
            "time": "25.11.2020 12:49",
            "open": "7.349",
            "high": "7.35",
            "low": "7.339",
            "close": "7.344"
        },
        {
            "time": "25.11.2020 12:50",
            "open": "7.344",
            "high": "7.344",
            "low": "7.344",
            "close": "7.355"
        },
        {
            "time": "25.11.2020 12:51",
            "open": "7.355",
            "high": "7.355",
            "low": "7.355",
            "close": "7.346"
        },
        {
            "time": "25.11.2020 12:53",
            "open": "7.346",
            "high": "7.346",
            "low": "7.346",
            "close": "7.352"
        },
        {
            "time": "25.11.2020 12:54",
            "open": "7.352",
            "high": "7.352",
            "low": "7.352",
            "close": "7.351"
        },
        {
            "time": "25.11.2020 13:02",
            "open": "7.351",
            "high": "7.351",
            "low": "7.351",
            "close": "7.352"
        },
        {
            "time": "25.11.2020 13:04",
            "open": "7.352",
            "high": "7.352",
            "low": "7.352",
            "close": "7.342"
        },
        {
            "time": "25.11.2020 13:23",
            "open": "7.342",
            "high": "7.342",
            "low": "7.342",
            "close": "7.362"
        },
        {
            "time": "25.11.2020 13:36",
            "open": "7.362",
            "high": "7.399",
            "low": "7.362",
            "close": "7.366"
        },
        {
            "time": "25.11.2020 13:43",
            "open": "7.366",
            "high": "7.366",
            "low": "7.366",
            "close": "7.369"
        },
        {
            "time": "25.11.2020 13:45",
            "open": "7.369",
            "high": "7.37",
            "low": "7.369",
            "close": "7.353"
        },
        {
            "time": "25.11.2020 13:50",
            "open": "7.353",
            "high": "7.353",
            "low": "7.353",
            "close": "7.346"
        },
        {
            "time": "25.11.2020 13:52",
            "open": "7.346",
            "high": "7.346",
            "low": "7.346",
            "close": "7.323"
        },
        {
            "time": "25.11.2020 13:54",
            "open": "7.323",
            "high": "7.323",
            "low": "7.264",
            "close": "7.318"
        },
        {
            "time": "25.11.2020 14:00",
            "open": "7.318",
            "high": "7.32",
            "low": "7.318",
            "close": "7.361"
        },
        {
            "time": "25.11.2020 14:03",
            "open": "7.361",
            "high": "7.361",
            "low": "7.361",
            "close": "7.341"
        },
        {
            "time": "25.11.2020 14:04",
            "open": "7.341",
            "high": "7.341",
            "low": "7.341",
            "close": "7.4"
        },
        {
            "time": "25.11.2020 14:13",
            "open": "7.4",
            "high": "7.4",
            "low": "7.4",
            "close": "7.443"
        },
        {
            "time": "25.11.2020 14:22",
            "open": "7.443",
            "high": "7.443",
            "low": "7.443",
            "close": "7.42"
        },
        {
            "time": "25.11.2020 14:23",
            "open": "7.42",
            "high": "7.42",
            "low": "7.42",
            "close": "7.449"
        },
        {
            "time": "25.11.2020 14:25",
            "open": "7.449",
            "high": "7.449",
            "low": "7.449",
            "close": "7.462"
        },
        {
            "time": "25.11.2020 14:26",
            "open": "7.462",
            "high": "7.496",
            "low": "7.455",
            "close": "7.461"
        },
        {
            "time": "25.11.2020 14:31",
            "open": "7.461",
            "high": "7.461",
            "low": "7.377",
            "close": "7.381"
        },
        {
            "time": "25.11.2020 14:33",
            "open": "7.381",
            "high": "7.381",
            "low": "7.381",
            "close": "7.389"
        },
        {
            "time": "25.11.2020 14:37",
            "open": "7.389",
            "high": "7.389",
            "low": "7.389",
            "close": "7.396"
        },
        {
            "time": "25.11.2020 14:38",
            "open": "7.396",
            "high": "7.396",
            "low": "7.396",
            "close": "7.316"
        },
        {
            "time": "25.11.2020 14:44",
            "open": "7.316",
            "high": "7.321",
            "low": "7.316",
            "close": "7.296"
        },
        {
            "time": "25.11.2020 14:51",
            "open": "7.296",
            "high": "7.296",
            "low": "7.295",
            "close": "7.29"
        },
        {
            "time": "25.11.2020 14:52",
            "open": "7.29",
            "high": "7.29",
            "low": "7.261",
            "close": "7.272"
        },
        {
            "time": "25.11.2020 14:53",
            "open": "7.272",
            "high": "7.284",
            "low": "7.272",
            "close": "7.262"
        },
        {
            "time": "25.11.2020 14:54",
            "open": "7.262",
            "high": "7.262",
            "low": "7.262",
            "close": "7.26"
        },
        {
            "time": "25.11.2020 14:57",
            "open": "7.26",
            "high": "7.26",
            "low": "7.25",
            "close": "7.205"
        },
        {
            "time": "25.11.2020 15:02",
            "open": "7.205",
            "high": "7.206",
            "low": "7.205",
            "close": "7.209"
        },
        {
            "time": "25.11.2020 15:11",
            "open": "7.209",
            "high": "7.209",
            "low": "7.209",
            "close": "7.206"
        },
        {
            "time": "25.11.2020 15:18",
            "open": "7.206",
            "high": "7.232",
            "low": "7.206",
            "close": "7.232"
        },
        {
            "time": "25.11.2020 15:20",
            "open": "7.232",
            "high": "7.232",
            "low": "7.232",
            "close": "7.232"
        },
        {
            "time": "25.11.2020 15:24",
            "open": "7.232",
            "high": "7.276",
            "low": "7.232",
            "close": "7.273"
        },
        {
            "time": "25.11.2020 15:27",
            "open": "7.273",
            "high": "7.273",
            "low": "7.263",
            "close": "7.278"
        },
        {
            "time": "25.11.2020 15:29",
            "open": "7.278",
            "high": "7.278",
            "low": "7.278",
            "close": "7.286"
        },
        {
            "time": "25.11.2020 15:32",
            "open": "7.286",
            "high": "7.286",
            "low": "7.286",
            "close": "7.3"
        },
        {
            "time": "25.11.2020 15:34",
            "open": "7.3",
            "high": "7.3",
            "low": "7.3",
            "close": "7.29"
        },
        {
            "time": "25.11.2020 15:35",
            "open": "7.29",
            "high": "7.312",
            "low": "7.29",
            "close": "7.304"
        },
        {
            "time": "25.11.2020 15:40",
            "open": "7.304",
            "high": "7.304",
            "low": "7.304",
            "close": "7.32"
        },
        {
            "time": "25.11.2020 15:47",
            "open": "7.32",
            "high": "7.32",
            "low": "7.32",
            "close": "7.325"
        },
        {
            "time": "25.11.2020 15:50",
            "open": "7.325",
            "high": "7.325",
            "low": "7.325",
            "close": "7.344"
        },
        {
            "time": "25.11.2020 15:51",
            "open": "7.344",
            "high": "7.344",
            "low": "7.344",
            "close": "7.332"
        },
        {
            "time": "25.11.2020 16:05",
            "open": "7.332",
            "high": "7.372",
            "low": "7.332",
            "close": "7.334"
        },
        {
            "time": "25.11.2020 16:13",
            "open": "7.334",
            "high": "7.334",
            "low": "7.241",
            "close": "7.344"
        },
        {
            "time": "25.11.2020 16:15",
            "open": "7.344",
            "high": "7.344",
            "low": "7.344",
            "close": "7.34"
        },
        {
            "time": "25.11.2020 16:19",
            "open": "7.34",
            "high": "7.34",
            "low": "7.34",
            "close": "7.34"
        },
        {
            "time": "25.11.2020 16:20",
            "open": "7.34",
            "high": "7.34",
            "low": "7.34",
            "close": "7.34"
        },
        {
            "time": "25.11.2020 16:22",
            "open": "7.34",
            "high": "7.34",
            "low": "7.34",
            "close": "7.344"
        },
        {
            "time": "25.11.2020 16:32",
            "open": "7.344",
            "high": "7.344",
            "low": "7.344",
            "close": "7.379"
        },
        {
            "time": "25.11.2020 16:34",
            "open": "7.379",
            "high": "7.45",
            "low": "7.379",
            "close": "7.462"
        },
        {
            "time": "25.11.2020 16:35",
            "open": "7.462",
            "high": "7.522",
            "low": "7.462",
            "close": "7.529"
        },
        {
            "time": "25.11.2020 16:36",
            "open": "7.529",
            "high": "7.529",
            "low": "7.526",
            "close": "7.476"
        },
        {
            "time": "25.11.2020 16:45",
            "open": "7.476",
            "high": "7.476",
            "low": "7.476",
            "close": "7.401"
        },
        {
            "time": "25.11.2020 16:46",
            "open": "7.401",
            "high": "7.411",
            "low": "7.391",
            "close": "7.463"
        },
        {
            "time": "25.11.2020 16:53",
            "open": "7.463",
            "high": "7.463",
            "low": "7.463",
            "close": "7.467"
        },
        {
            "time": "25.11.2020 17:01",
            "open": "7.467",
            "high": "7.467",
            "low": "7.463",
            "close": "7.365"
        },
        {
            "time": "25.11.2020 17:04",
            "open": "7.365",
            "high": "7.365",
            "low": "7.365",
            "close": "7.388"
        },
        {
            "time": "25.11.2020 17:06",
            "open": "7.388",
            "high": "7.388",
            "low": "7.388",
            "close": "7.365"
        },
        {
            "time": "25.11.2020 17:10",
            "open": "7.365",
            "high": "7.378",
            "low": "7.365",
            "close": "7.376"
        },
        {
            "time": "25.11.2020 17:11",
            "open": "7.376",
            "high": "7.376",
            "low": "7.376",
            "close": "7.34"
        },
        {
            "time": "25.11.2020 17:17",
            "open": "7.34",
            "high": "7.34",
            "low": "7.34",
            "close": "7.325"
        },
        {
            "time": "25.11.2020 17:18",
            "open": "7.325",
            "high": "7.325",
            "low": "7.325",
            "close": "7.327"
        },
        {
            "time": "25.11.2020 17:21",
            "open": "7.327",
            "high": "7.327",
            "low": "7.327",
            "close": "7.29"
        },
        {
            "time": "25.11.2020 17:26",
            "open": "7.29",
            "high": "7.29",
            "low": "7.252",
            "close": "7.244"
        },
        {
            "time": "25.11.2020 17:27",
            "open": "7.244",
            "high": "7.252",
            "low": "7.244",
            "close": "7.277"
        },
        {
            "time": "25.11.2020 17:38",
            "open": "7.277",
            "high": "7.277",
            "low": "7.277",
            "close": "7.255"
        },
        {
            "time": "25.11.2020 17:45",
            "open": "7.255",
            "high": "7.255",
            "low": "7.255",
            "close": "7.259"
        },
        {
            "time": "25.11.2020 17:46",
            "open": "7.259",
            "high": "7.259",
            "low": "7.259",
            "close": "7.254"
        },
        {
            "time": "25.11.2020 17:49",
            "open": "7.254",
            "high": "7.254",
            "low": "7.254",
            "close": "7.245"
        },
        {
            "time": "25.11.2020 17:57",
            "open": "7.245",
            "high": "7.245",
            "low": "7.245",
            "close": "7.222"
        },
        {
            "time": "25.11.2020 18:06",
            "open": "7.222",
            "high": "7.222",
            "low": "7.222",
            "close": "7.246"
        },
        {
            "time": "25.11.2020 18:16",
            "open": "7.246",
            "high": "7.246",
            "low": "7.246",
            "close": "7.246"
        },
        {
            "time": "25.11.2020 18:18",
            "open": "7.246",
            "high": "7.246",
            "low": "7.246",
            "close": "7.295"
        },
        {
            "time": "25.11.2020 18:19",
            "open": "7.295",
            "high": "7.309",
            "low": "7.295",
            "close": "7.318"
        },
        {
            "time": "25.11.2020 18:22",
            "open": "7.318",
            "high": "7.318",
            "low": "7.318",
            "close": "7.327"
        },
        {
            "time": "25.11.2020 18:25",
            "open": "7.327",
            "high": "7.327",
            "low": "7.327",
            "close": "7.327"
        },
        {
            "time": "25.11.2020 18:33",
            "open": "7.327",
            "high": "7.327",
            "low": "7.327",
            "close": "7.27"
        },
        {
            "time": "25.11.2020 18:35",
            "open": "7.27",
            "high": "7.27",
            "low": "7.27",
            "close": "7.225"
        },
        {
            "time": "25.11.2020 18:37",
            "open": "7.225",
            "high": "7.225",
            "low": "7.223",
            "close": "7.254"
        },
        {
            "time": "25.11.2020 18:38",
            "open": "7.254",
            "high": "7.254",
            "low": "7.254",
            "close": "7.263"
        },
        {
            "time": "25.11.2020 18:47",
            "open": "7.263",
            "high": "7.263",
            "low": "7.263",
            "close": "7.274"
        },
        {
            "time": "25.11.2020 18:50",
            "open": "7.274",
            "high": "7.274",
            "low": "7.274",
            "close": "7.312"
        },
        {
            "time": "25.11.2020 18:59",
            "open": "7.312",
            "high": "7.312",
            "low": "7.312",
            "close": "7.339"
        },
        {
            "time": "25.11.2020 19:10",
            "open": "7.339",
            "high": "7.339",
            "low": "7.339",
            "close": "7.345"
        },
        {
            "time": "25.11.2020 19:17",
            "open": "7.345",
            "high": "7.349",
            "low": "7.345",
            "close": "7.317"
        },
        {
            "time": "25.11.2020 19:21",
            "open": "7.317",
            "high": "7.317",
            "low": "7.317",
            "close": "7.33"
        },
        {
            "time": "25.11.2020 19:25",
            "open": "7.33",
            "high": "7.33",
            "low": "7.33",
            "close": "7.346"
        },
        {
            "time": "25.11.2020 19:39",
            "open": "7.346",
            "high": "7.346",
            "low": "7.346",
            "close": "7.338"
        },
        {
            "time": "25.11.2020 19:44",
            "open": "7.338",
            "high": "7.338",
            "low": "7.338",
            "close": "7.338"
        },
        {
            "time": "25.11.2020 19:45",
            "open": "7.338",
            "high": "7.338",
            "low": "7.338",
            "close": "7.338"
        },
        {
            "time": "25.11.2020 19:48",
            "open": "7.338",
            "high": "7.338",
            "low": "7.338",
            "close": "7.338"
        },
        {
            "time": "25.11.2020 19:49",
            "open": "7.338",
            "high": "7.338",
            "low": "7.338",
            "close": "7.33"
        },
        {
            "time": "25.11.2020 19:50",
            "open": "7.33",
            "high": "7.33",
            "low": "7.33",
            "close": "7.329"
        },
        {
            "time": "25.11.2020 19:51",
            "open": "7.329",
            "high": "7.329",
            "low": "7.329",
            "close": "7.335"
        },
        {
            "time": "25.11.2020 19:55",
            "open": "7.335",
            "high": "7.335",
            "low": "7.335",
            "close": "7.331"
        },
        {
            "time": "25.11.2020 19:56",
            "open": "7.331",
            "high": "7.331",
            "low": "7.307",
            "close": "7.328"
        },
        {
            "time": "25.11.2020 19:58",
            "open": "7.328",
            "high": "7.329",
            "low": "7.328",
            "close": "7.301"
        },
        {
            "time": "25.11.2020 20:01",
            "open": "7.301",
            "high": "7.301",
            "low": "7.301",
            "close": "7.307"
        },
        {
            "time": "25.11.2020 20:02",
            "open": "7.307",
            "high": "7.307",
            "low": "7.301",
            "close": "7.307"
        },
        {
            "time": "25.11.2020 20:03",
            "open": "7.307",
            "high": "7.309",
            "low": "7.257",
            "close": "7.306"
        },
        {
            "time": "25.11.2020 20:05",
            "open": "7.306",
            "high": "7.306",
            "low": "7.3",
            "close": "7.294"
        },
        {
            "time": "25.11.2020 20:08",
            "open": "7.294",
            "high": "7.294",
            "low": "7.294",
            "close": "7.307"
        },
        {
            "time": "25.11.2020 20:12",
            "open": "7.307",
            "high": "7.307",
            "low": "7.306",
            "close": "7.286"
        },
        {
            "time": "25.11.2020 20:33",
            "open": "7.286",
            "high": "7.286",
            "low": "7.286",
            "close": "7.285"
        },
        {
            "time": "25.11.2020 20:35",
            "open": "7.285",
            "high": "7.285",
            "low": "7.285",
            "close": "7.268"
        },
        {
            "time": "25.11.2020 20:41",
            "open": "7.268",
            "high": "7.268",
            "low": "7.268",
            "close": "7.246"
        },
        {
            "time": "25.11.2020 20:44",
            "open": "7.246",
            "high": "7.246",
            "low": "7.245",
            "close": "7.25"
        },
        {
            "time": "25.11.2020 20:45",
            "open": "7.25",
            "high": "7.25",
            "low": "7.25",
            "close": "7.25"
        },
        {
            "time": "25.11.2020 20:46",
            "open": "7.25",
            "high": "7.25",
            "low": "7.25",
            "close": "7.244"
        },
        {
            "time": "25.11.2020 21:01",
            "open": "7.244",
            "high": "7.25",
            "low": "7.244",
            "close": "7.247"
        },
        {
            "time": "25.11.2020 21:04",
            "open": "7.247",
            "high": "7.247",
            "low": "7.247",
            "close": "7.225"
        },
        {
            "time": "25.11.2020 21:09",
            "open": "7.225",
            "high": "7.225",
            "low": "7.225",
            "close": "7.2"
        },
        {
            "time": "25.11.2020 21:11",
            "open": "7.2",
            "high": "7.2",
            "low": "7.2",
            "close": "7.193"
        },
        {
            "time": "25.11.2020 21:13",
            "open": "7.193",
            "high": "7.193",
            "low": "7.19",
            "close": "7.166"
        },
        {
            "time": "25.11.2020 21:15",
            "open": "7.166",
            "high": "7.168",
            "low": "7.128",
            "close": "7.1"
        },
        {
            "time": "25.11.2020 21:18",
            "open": "7.1",
            "high": "7.113",
            "low": "7.1",
            "close": "7.129"
        },
        {
            "time": "25.11.2020 21:23",
            "open": "7.129",
            "high": "7.129",
            "low": "7.105",
            "close": "7.106"
        },
        {
            "time": "25.11.2020 21:24",
            "open": "7.106",
            "high": "7.106",
            "low": "7.106",
            "close": "7.105"
        },
        {
            "time": "25.11.2020 21:25",
            "open": "7.105",
            "high": "7.105",
            "low": "7.102",
            "close": "7.118"
        },
        {
            "time": "25.11.2020 21:28",
            "open": "7.118",
            "high": "7.118",
            "low": "7.118",
            "close": "7.139"
        },
        {
            "time": "25.11.2020 21:29",
            "open": "7.139",
            "high": "7.14",
            "low": "7.139",
            "close": "7.14"
        },
        {
            "time": "25.11.2020 21:30",
            "open": "7.14",
            "high": "7.14",
            "low": "7.14",
            "close": "7.112"
        },
        {
            "time": "25.11.2020 21:37",
            "open": "7.112",
            "high": "7.112",
            "low": "7.1",
            "close": "7.1"
        },
        {
            "time": "25.11.2020 21:39",
            "open": "7.1",
            "high": "7.1",
            "low": "7.09",
            "close": "7.05"
        },
        {
            "time": "25.11.2020 21:40",
            "open": "7.05",
            "high": "7.05",
            "low": "7.05",
            "close": "7.05"
        },
        {
            "time": "25.11.2020 21:42",
            "open": "7.05",
            "high": "7.05",
            "low": "7.05",
            "close": "7.05"
        },
        {
            "time": "25.11.2020 21:43",
            "open": "7.05",
            "high": "7.05",
            "low": "7.05",
            "close": "7.045"
        },
        {
            "time": "25.11.2020 21:44",
            "open": "7.045",
            "high": "7.045",
            "low": "7",
            "close": "7.01"
        },
        {
            "time": "25.11.2020 21:45",
            "open": "7.01",
            "high": "7.054",
            "low": "6.99",
            "close": "6.998"
        },
        {
            "time": "25.11.2020 21:46",
            "open": "6.998",
            "high": "6.998",
            "low": "6.998",
            "close": "6.992"
        },
        {
            "time": "25.11.2020 21:49",
            "open": "6.992",
            "high": "6.992",
            "low": "6.992",
            "close": "6.992"
        },
        {
            "time": "25.11.2020 21:51",
            "open": "6.992",
            "high": "6.992",
            "low": "6.992",
            "close": "6.993"
        },
        {
            "time": "25.11.2020 21:55",
            "open": "6.993",
            "high": "6.993",
            "low": "6.993",
            "close": "7"
        },
        {
            "time": "25.11.2020 21:58",
            "open": "7",
            "high": "7.005",
            "low": "7",
            "close": "7.003"
        },
        {
            "time": "25.11.2020 21:59",
            "open": "7.003",
            "high": "7.003",
            "low": "7.003",
            "close": "7.075"
        },
        {
            "time": "25.11.2020 22:00",
            "open": "7.075",
            "high": "7.075",
            "low": "7.075",
            "close": "7.035"
        },
        {
            "time": "25.11.2020 22:05",
            "open": "7.035",
            "high": "7.035",
            "low": "7.035",
            "close": "7.03"
        },
        {
            "time": "25.11.2020 22:07",
            "open": "7.03",
            "high": "7.03",
            "low": "7.03",
            "close": "7.03"
        },
        {
            "time": "25.11.2020 22:08",
            "open": "7.03",
            "high": "7.03",
            "low": "7.03",
            "close": "7.03"
        },
        {
            "time": "25.11.2020 22:09",
            "open": "7.03",
            "high": "7.03",
            "low": "7.03",
            "close": "7.03"
        },
        {
            "time": "25.11.2020 22:10",
            "open": "7.03",
            "high": "7.049",
            "low": "7.03",
            "close": "7.038"
        },
        {
            "time": "25.11.2020 22:11",
            "open": "7.038",
            "high": "7.038",
            "low": "7.038",
            "close": "7.04"
        },
        {
            "time": "25.11.2020 22:12",
            "open": "7.04",
            "high": "7.04",
            "low": "7.04",
            "close": "7.04"
        },
        {
            "time": "25.11.2020 22:13",
            "open": "7.04",
            "high": "7.04",
            "low": "7.04",
            "close": "7.067"
        },
        {
            "time": "25.11.2020 22:14",
            "open": "7.067",
            "high": "7.067",
            "low": "7.067",
            "close": "7.059"
        },
        {
            "time": "25.11.2020 22:15",
            "open": "7.059",
            "high": "7.059",
            "low": "7.059",
            "close": "7.07"
        },
        {
            "time": "25.11.2020 22:16",
            "open": "7.07",
            "high": "7.07",
            "low": "7.07",
            "close": "7.07"
        },
        {
            "time": "25.11.2020 22:17",
            "open": "7.07",
            "high": "7.07",
            "low": "7.036",
            "close": "7.04"
        },
        {
            "time": "25.11.2020 22:19",
            "open": "7.04",
            "high": "7.054",
            "low": "7.04",
            "close": "7.049"
        },
        {
            "time": "25.11.2020 22:20",
            "open": "7.049",
            "high": "7.049",
            "low": "7.049",
            "close": "7.041"
        },
        {
            "time": "25.11.2020 22:21",
            "open": "7.041",
            "high": "7.041",
            "low": "7.041",
            "close": "7.052"
        },
        {
            "time": "25.11.2020 22:22",
            "open": "7.052",
            "high": "7.052",
            "low": "7.052",
            "close": "7.054"
        },
        {
            "time": "25.11.2020 22:23",
            "open": "7.054",
            "high": "7.054",
            "low": "7.054",
            "close": "7.071"
        },
        {
            "time": "25.11.2020 22:27",
            "open": "7.071",
            "high": "7.075",
            "low": "7.071",
            "close": "7.075"
        },
        {
            "time": "25.11.2020 22:29",
            "open": "7.075",
            "high": "7.075",
            "low": "7.075",
            "close": "7.075"
        },
        {
            "time": "25.11.2020 22:31",
            "open": "7.075",
            "high": "7.095",
            "low": "7.075",
            "close": "7.095"
        },
        {
            "time": "25.11.2020 22:32",
            "open": "7.095",
            "high": "7.095",
            "low": "7.093",
            "close": "7.09"
        },
        {
            "time": "25.11.2020 22:35",
            "open": "7.09",
            "high": "7.09",
            "low": "7.071",
            "close": "7.096"
        },
        {
            "time": "25.11.2020 22:36",
            "open": "7.096",
            "high": "7.096",
            "low": "7.096",
            "close": "7.086"
        },
        {
            "time": "25.11.2020 22:38",
            "open": "7.086",
            "high": "7.09",
            "low": "7.086",
            "close": "7.08"
        },
        {
            "time": "25.11.2020 22:42",
            "open": "7.08",
            "high": "7.08",
            "low": "7.08",
            "close": "7.099"
        },
        {
            "time": "25.11.2020 22:43",
            "open": "7.099",
            "high": "7.099",
            "low": "7.099",
            "close": "7.102"
        },
        {
            "time": "25.11.2020 22:45",
            "open": "7.102",
            "high": "7.102",
            "low": "7.102",
            "close": "7.104"
        },
        {
            "time": "25.11.2020 22:48",
            "open": "7.104",
            "high": "7.104",
            "low": "7.104",
            "close": "7.118"
        },
        {
            "time": "25.11.2020 22:54",
            "open": "7.118",
            "high": "7.123",
            "low": "7.118",
            "close": "7.12"
        },
        {
            "time": "25.11.2020 22:56",
            "open": "7.12",
            "high": "7.12",
            "low": "7.12",
            "close": "7.114"
        },
        {
            "time": "25.11.2020 22:57",
            "open": "7.114",
            "high": "7.114",
            "low": "7.114",
            "close": "7.166"
        },
        {
            "time": "25.11.2020 23:01",
            "open": "7.166",
            "high": "7.166",
            "low": "7.166",
            "close": "7.194"
        },
        {
            "time": "25.11.2020 23:05",
            "open": "7.194",
            "high": "7.194",
            "low": "7.194",
            "close": "7.176"
        },
        {
            "time": "25.11.2020 23:10",
            "open": "7.176",
            "high": "7.176",
            "low": "7.176",
            "close": "7.173"
        },
        {
            "time": "25.11.2020 23:15",
            "open": "7.173",
            "high": "7.173",
            "low": "7.172",
            "close": "7.158"
        },
        {
            "time": "25.11.2020 23:16",
            "open": "7.158",
            "high": "7.158",
            "low": "7.155",
            "close": "7.162"
        },
        {
            "time": "25.11.2020 23:25",
            "open": "7.162",
            "high": "7.162",
            "low": "7.162",
            "close": "7.161"
        },
        {
            "time": "25.11.2020 23:29",
            "open": "7.161",
            "high": "7.161",
            "low": "7.161",
            "close": "7.148"
        },
        {
            "time": "25.11.2020 23:31",
            "open": "7.148",
            "high": "7.148",
            "low": "7.135",
            "close": "7.147"
        },
        {
            "time": "25.11.2020 23:32",
            "open": "7.147",
            "high": "7.147",
            "low": "7.147",
            "close": "7.14"
        },
        {
            "time": "25.11.2020 23:36",
            "open": "7.14",
            "high": "7.14",
            "low": "7.14",
            "close": "7.124"
        },
        {
            "time": "25.11.2020 23:42",
            "open": "7.124",
            "high": "7.124",
            "low": "7.124",
            "close": "7.125"
        },
        {
            "time": "25.11.2020 23:43",
            "open": "7.125",
            "high": "7.125",
            "low": "7.125",
            "close": "7.105"
        },
        {
            "time": "25.11.2020 23:45",
            "open": "7.105",
            "high": "7.105",
            "low": "7.104",
            "close": "7.11"
        },
        {
            "time": "25.11.2020 23:49",
            "open": "7.11",
            "high": "7.11",
            "low": "7.104",
            "close": "7.107"
        },
        {
            "time": "25.11.2020 23:52",
            "open": "7.107",
            "high": "7.107",
            "low": "7.107",
            "close": "7.11"
        },
        {
            "time": "25.11.2020 23:53",
            "open": "7.11",
            "high": "7.112",
            "low": "7.11",
            "close": "7.127"
        },
        {
            "time": "25.11.2020 23:55",
            "open": "7.127",
            "high": "7.127",
            "low": "7.127",
            "close": "7.128"
        },
        {
            "time": "25.11.2020 23:56",
            "open": "7.128",
            "high": "7.128",
            "low": "7.128",
            "close": "7.106"
        }
    ]
}