{
    "ZRX-EUR": [
        {
            "time": "01.12.2020 23:49",
            "open": "0.336635",
            "high": "0.336635",
            "low": "0.336633",
            "close": "0.335"
        },
        {
            "time": "02.12.2020 00:03",
            "open": "0.335",
            "high": "0.335",
            "low": "0.335",
            "close": "0.335"
        },
        {
            "time": "02.12.2020 00:04",
            "open": "0.335",
            "high": "0.335",
            "low": "0.335",
            "close": "0.332261"
        },
        {
            "time": "02.12.2020 00:11",
            "open": "0.332261",
            "high": "0.332261",
            "low": "0.332261",
            "close": "0.332788"
        },
        {
            "time": "02.12.2020 00:12",
            "open": "0.332788",
            "high": "0.332788",
            "low": "0.332788",
            "close": "0.332753"
        },
        {
            "time": "02.12.2020 00:17",
            "open": "0.332753",
            "high": "0.332753",
            "low": "0.332753",
            "close": "0.332651"
        },
        {
            "time": "02.12.2020 00:18",
            "open": "0.332651",
            "high": "0.332755",
            "low": "0.332651",
            "close": "0.331806"
        },
        {
            "time": "02.12.2020 00:23",
            "open": "0.331806",
            "high": "0.331806",
            "low": "0.331806",
            "close": "0.33066"
        },
        {
            "time": "02.12.2020 00:30",
            "open": "0.33066",
            "high": "0.33066",
            "low": "0.330098",
            "close": "0.332139"
        },
        {
            "time": "02.12.2020 00:37",
            "open": "0.332139",
            "high": "0.332139",
            "low": "0.332139",
            "close": "0.33149"
        },
        {
            "time": "02.12.2020 00:40",
            "open": "0.33149",
            "high": "0.33149",
            "low": "0.33149",
            "close": "0.330432"
        },
        {
            "time": "02.12.2020 00:43",
            "open": "0.330432",
            "high": "0.330432",
            "low": "0.33",
            "close": "0.331931"
        },
        {
            "time": "02.12.2020 00:45",
            "open": "0.331931",
            "high": "0.331931",
            "low": "0.331931",
            "close": "0.331812"
        },
        {
            "time": "02.12.2020 00:46",
            "open": "0.331812",
            "high": "0.331812",
            "low": "0.331812",
            "close": "0.331811"
        },
        {
            "time": "02.12.2020 00:47",
            "open": "0.331811",
            "high": "0.331811",
            "low": "0.331811",
            "close": "0.332615"
        },
        {
            "time": "02.12.2020 00:48",
            "open": "0.332615",
            "high": "0.332615",
            "low": "0.332615",
            "close": "0.332625"
        },
        {
            "time": "02.12.2020 00:49",
            "open": "0.332625",
            "high": "0.332625",
            "low": "0.332625",
            "close": "0.33258"
        },
        {
            "time": "02.12.2020 00:55",
            "open": "0.33258",
            "high": "0.33258",
            "low": "0.33258",
            "close": "0.33"
        },
        {
            "time": "02.12.2020 01:02",
            "open": "0.33",
            "high": "0.33",
            "low": "0.329486",
            "close": "0.329"
        },
        {
            "time": "02.12.2020 01:03",
            "open": "0.329",
            "high": "0.329042",
            "low": "0.329",
            "close": "0.3287"
        },
        {
            "time": "02.12.2020 01:05",
            "open": "0.3287",
            "high": "0.328702",
            "low": "0.3287",
            "close": "0.32758"
        },
        {
            "time": "02.12.2020 01:06",
            "open": "0.32758",
            "high": "0.32758",
            "low": "0.32758",
            "close": "0.328454"
        },
        {
            "time": "02.12.2020 01:08",
            "open": "0.328454",
            "high": "0.329443",
            "low": "0.328454",
            "close": "0.328887"
        },
        {
            "time": "02.12.2020 01:09",
            "open": "0.328887",
            "high": "0.328985",
            "low": "0.328887",
            "close": "0.328541"
        },
        {
            "time": "02.12.2020 01:10",
            "open": "0.328541",
            "high": "0.32909",
            "low": "0.328541",
            "close": "0.333809"
        },
        {
            "time": "02.12.2020 01:19",
            "open": "0.333809",
            "high": "0.333809",
            "low": "0.333809",
            "close": "0.333134"
        },
        {
            "time": "02.12.2020 01:22",
            "open": "0.333134",
            "high": "0.333134",
            "low": "0.333134",
            "close": "0.333995"
        },
        {
            "time": "02.12.2020 01:23",
            "open": "0.333995",
            "high": "0.333995",
            "low": "0.333995",
            "close": "0.333995"
        },
        {
            "time": "02.12.2020 01:24",
            "open": "0.333995",
            "high": "0.333995",
            "low": "0.333995",
            "close": "0.334938"
        },
        {
            "time": "02.12.2020 01:25",
            "open": "0.334938",
            "high": "0.334938",
            "low": "0.334938",
            "close": "0.339903"
        },
        {
            "time": "02.12.2020 02:02",
            "open": "0.339903",
            "high": "0.339903",
            "low": "0.339903",
            "close": "0.34"
        },
        {
            "time": "02.12.2020 02:10",
            "open": "0.34",
            "high": "0.34",
            "low": "0.34",
            "close": "0.339283"
        },
        {
            "time": "02.12.2020 02:13",
            "open": "0.339283",
            "high": "0.339283",
            "low": "0.339283",
            "close": "0.340143"
        },
        {
            "time": "02.12.2020 02:29",
            "open": "0.340143",
            "high": "0.340143",
            "low": "0.340143",
            "close": "0.341417"
        },
        {
            "time": "02.12.2020 02:35",
            "open": "0.341417",
            "high": "0.341417",
            "low": "0.341417",
            "close": "0.3415"
        },
        {
            "time": "02.12.2020 02:38",
            "open": "0.3415",
            "high": "0.3415",
            "low": "0.3415",
            "close": "0.342251"
        },
        {
            "time": "02.12.2020 02:50",
            "open": "0.342251",
            "high": "0.342251",
            "low": "0.342251",
            "close": "0.341421"
        },
        {
            "time": "02.12.2020 03:18",
            "open": "0.341421",
            "high": "0.341421",
            "low": "0.341421",
            "close": "0.341421"
        },
        {
            "time": "02.12.2020 03:20",
            "open": "0.341421",
            "high": "0.341421",
            "low": "0.341421",
            "close": "0.341582"
        },
        {
            "time": "02.12.2020 03:26",
            "open": "0.341582",
            "high": "0.341582",
            "low": "0.341582",
            "close": "0.340583"
        },
        {
            "time": "02.12.2020 03:54",
            "open": "0.340583",
            "high": "0.340583",
            "low": "0.340583",
            "close": "0.340827"
        },
        {
            "time": "02.12.2020 04:08",
            "open": "0.340827",
            "high": "0.340827",
            "low": "0.340827",
            "close": "0.340583"
        },
        {
            "time": "02.12.2020 04:10",
            "open": "0.340583",
            "high": "0.340583",
            "low": "0.340516",
            "close": "0.338517"
        },
        {
            "time": "02.12.2020 04:15",
            "open": "0.338517",
            "high": "0.338517",
            "low": "0.338517",
            "close": "0.337226"
        },
        {
            "time": "02.12.2020 04:25",
            "open": "0.337226",
            "high": "0.337226",
            "low": "0.337226",
            "close": "0.337226"
        },
        {
            "time": "02.12.2020 04:27",
            "open": "0.337226",
            "high": "0.337226",
            "low": "0.337226",
            "close": "0.337481"
        },
        {
            "time": "02.12.2020 04:37",
            "open": "0.337481",
            "high": "0.337481",
            "low": "0.337478",
            "close": "0.336808"
        },
        {
            "time": "02.12.2020 05:00",
            "open": "0.336808",
            "high": "0.336808",
            "low": "0.336808",
            "close": "0.333198"
        },
        {
            "time": "02.12.2020 05:12",
            "open": "0.333198",
            "high": "0.333198",
            "low": "0.333198",
            "close": "0.333177"
        },
        {
            "time": "02.12.2020 05:20",
            "open": "0.333177",
            "high": "0.333177",
            "low": "0.333177",
            "close": "0.333177"
        },
        {
            "time": "02.12.2020 05:21",
            "open": "0.333177",
            "high": "0.333177",
            "low": "0.33312",
            "close": "0.332675"
        },
        {
            "time": "02.12.2020 05:24",
            "open": "0.332675",
            "high": "0.332675",
            "low": "0.332675",
            "close": "0.331884"
        },
        {
            "time": "02.12.2020 05:28",
            "open": "0.331884",
            "high": "0.33215",
            "low": "0.331884",
            "close": "0.333319"
        },
        {
            "time": "02.12.2020 05:30",
            "open": "0.333319",
            "high": "0.333319",
            "low": "0.333319",
            "close": "0.332849"
        },
        {
            "time": "02.12.2020 05:33",
            "open": "0.332849",
            "high": "0.332884",
            "low": "0.332849",
            "close": "0.332865"
        },
        {
            "time": "02.12.2020 05:34",
            "open": "0.332865",
            "high": "0.332865",
            "low": "0.331754",
            "close": "0.33278"
        },
        {
            "time": "02.12.2020 05:40",
            "open": "0.33278",
            "high": "0.33278",
            "low": "0.33278",
            "close": "0.33429"
        },
        {
            "time": "02.12.2020 05:48",
            "open": "0.33429",
            "high": "0.33429",
            "low": "0.33429",
            "close": "0.33429"
        },
        {
            "time": "02.12.2020 05:49",
            "open": "0.33429",
            "high": "0.33429",
            "low": "0.33429",
            "close": "0.333695"
        },
        {
            "time": "02.12.2020 05:51",
            "open": "0.333695",
            "high": "0.333695",
            "low": "0.333695",
            "close": "0.334292"
        },
        {
            "time": "02.12.2020 05:59",
            "open": "0.334292",
            "high": "0.334292",
            "low": "0.334292",
            "close": "0.332533"
        },
        {
            "time": "02.12.2020 06:03",
            "open": "0.332533",
            "high": "0.332533",
            "low": "0.332533",
            "close": "0.334261"
        },
        {
            "time": "02.12.2020 06:12",
            "open": "0.334261",
            "high": "0.334261",
            "low": "0.334261",
            "close": "0.335309"
        },
        {
            "time": "02.12.2020 06:15",
            "open": "0.335309",
            "high": "0.335309",
            "low": "0.335309",
            "close": "0.333286"
        },
        {
            "time": "02.12.2020 06:27",
            "open": "0.333286",
            "high": "0.33336",
            "low": "0.333286",
            "close": "0.333384"
        },
        {
            "time": "02.12.2020 06:30",
            "open": "0.333384",
            "high": "0.333384",
            "low": "0.333384",
            "close": "0.333858"
        },
        {
            "time": "02.12.2020 06:31",
            "open": "0.333858",
            "high": "0.333858",
            "low": "0.333858",
            "close": "0.334088"
        },
        {
            "time": "02.12.2020 06:32",
            "open": "0.334088",
            "high": "0.334088",
            "low": "0.333803",
            "close": "0.335445"
        },
        {
            "time": "02.12.2020 06:35",
            "open": "0.335445",
            "high": "0.335445",
            "low": "0.335445",
            "close": "0.334562"
        },
        {
            "time": "02.12.2020 06:36",
            "open": "0.334562",
            "high": "0.334562",
            "low": "0.334562",
            "close": "0.334749"
        },
        {
            "time": "02.12.2020 06:42",
            "open": "0.334749",
            "high": "0.334749",
            "low": "0.334724",
            "close": "0.334911"
        },
        {
            "time": "02.12.2020 06:45",
            "open": "0.334911",
            "high": "0.334911",
            "low": "0.334911",
            "close": "0.337052"
        },
        {
            "time": "02.12.2020 06:48",
            "open": "0.337052",
            "high": "0.337052",
            "low": "0.337052",
            "close": "0.336019"
        },
        {
            "time": "02.12.2020 06:49",
            "open": "0.336019",
            "high": "0.336019",
            "low": "0.336019",
            "close": "0.337481"
        },
        {
            "time": "02.12.2020 06:53",
            "open": "0.337481",
            "high": "0.337481",
            "low": "0.337481",
            "close": "0.337624"
        },
        {
            "time": "02.12.2020 06:55",
            "open": "0.337624",
            "high": "0.337624",
            "low": "0.337624",
            "close": "0.336335"
        },
        {
            "time": "02.12.2020 07:09",
            "open": "0.336335",
            "high": "0.337694",
            "low": "0.336335",
            "close": "0.33747"
        },
        {
            "time": "02.12.2020 07:13",
            "open": "0.33747",
            "high": "0.33747",
            "low": "0.33747",
            "close": "0.339084"
        },
        {
            "time": "02.12.2020 07:21",
            "open": "0.339084",
            "high": "0.339084",
            "low": "0.339084",
            "close": "0.338877"
        },
        {
            "time": "02.12.2020 07:22",
            "open": "0.338877",
            "high": "0.338877",
            "low": "0.338877",
            "close": "0.338831"
        },
        {
            "time": "02.12.2020 07:23",
            "open": "0.338831",
            "high": "0.338831",
            "low": "0.338831",
            "close": "0.3394"
        },
        {
            "time": "02.12.2020 07:25",
            "open": "0.3394",
            "high": "0.3394",
            "low": "0.3394",
            "close": "0.339398"
        },
        {
            "time": "02.12.2020 07:27",
            "open": "0.339398",
            "high": "0.339399",
            "low": "0.339398",
            "close": "0.33936"
        },
        {
            "time": "02.12.2020 07:28",
            "open": "0.33936",
            "high": "0.33936",
            "low": "0.33936",
            "close": "0.338337"
        },
        {
            "time": "02.12.2020 07:30",
            "open": "0.338337",
            "high": "0.338337",
            "low": "0.338337",
            "close": "0.338274"
        },
        {
            "time": "02.12.2020 07:32",
            "open": "0.338274",
            "high": "0.338274",
            "low": "0.338273",
            "close": "0.3394"
        },
        {
            "time": "02.12.2020 07:33",
            "open": "0.3394",
            "high": "0.3394",
            "low": "0.3394",
            "close": "0.338722"
        },
        {
            "time": "02.12.2020 07:38",
            "open": "0.338722",
            "high": "0.338722",
            "low": "0.338722",
            "close": "0.338719"
        },
        {
            "time": "02.12.2020 07:41",
            "open": "0.338719",
            "high": "0.338719",
            "low": "0.338711",
            "close": "0.339345"
        },
        {
            "time": "02.12.2020 07:45",
            "open": "0.339345",
            "high": "0.339345",
            "low": "0.339345",
            "close": "0.34"
        },
        {
            "time": "02.12.2020 07:48",
            "open": "0.34",
            "high": "0.34",
            "low": "0.34",
            "close": "0.341049"
        },
        {
            "time": "02.12.2020 07:49",
            "open": "0.341049",
            "high": "0.34105",
            "low": "0.341049",
            "close": "0.341506"
        },
        {
            "time": "02.12.2020 07:52",
            "open": "0.341506",
            "high": "0.341506",
            "low": "0.341506",
            "close": "0.3428"
        },
        {
            "time": "02.12.2020 07:53",
            "open": "0.3428",
            "high": "0.343",
            "low": "0.3428",
            "close": "0.343314"
        },
        {
            "time": "02.12.2020 08:00",
            "open": "0.343314",
            "high": "0.344047",
            "low": "0.343314",
            "close": "0.344425"
        },
        {
            "time": "02.12.2020 08:01",
            "open": "0.344425",
            "high": "0.344425",
            "low": "0.344425",
            "close": "0.345"
        },
        {
            "time": "02.12.2020 08:02",
            "open": "0.345",
            "high": "0.345",
            "low": "0.345",
            "close": "0.34441"
        },
        {
            "time": "02.12.2020 08:13",
            "open": "0.34441",
            "high": "0.34441",
            "low": "0.34441",
            "close": "0.343459"
        },
        {
            "time": "02.12.2020 08:14",
            "open": "0.343459",
            "high": "0.343459",
            "low": "0.343459",
            "close": "0.344693"
        },
        {
            "time": "02.12.2020 08:23",
            "open": "0.344693",
            "high": "0.344693",
            "low": "0.344693",
            "close": "0.343403"
        },
        {
            "time": "02.12.2020 08:25",
            "open": "0.343403",
            "high": "0.343403",
            "low": "0.343403",
            "close": "0.345349"
        },
        {
            "time": "02.12.2020 08:37",
            "open": "0.345349",
            "high": "0.345349",
            "low": "0.345349",
            "close": "0.344277"
        },
        {
            "time": "02.12.2020 08:39",
            "open": "0.344277",
            "high": "0.344277",
            "low": "0.344277",
            "close": "0.34475"
        },
        {
            "time": "02.12.2020 08:49",
            "open": "0.34475",
            "high": "0.34475",
            "low": "0.34475",
            "close": "0.344955"
        },
        {
            "time": "02.12.2020 08:54",
            "open": "0.344955",
            "high": "0.344955",
            "low": "0.344955",
            "close": "0.34577"
        },
        {
            "time": "02.12.2020 08:55",
            "open": "0.34577",
            "high": "0.34577",
            "low": "0.34577",
            "close": "0.3465"
        },
        {
            "time": "02.12.2020 08:59",
            "open": "0.3465",
            "high": "0.3465",
            "low": "0.3465",
            "close": "0.346293"
        },
        {
            "time": "02.12.2020 09:00",
            "open": "0.346293",
            "high": "0.346293",
            "low": "0.346291",
            "close": "0.345937"
        },
        {
            "time": "02.12.2020 09:04",
            "open": "0.345937",
            "high": "0.345937",
            "low": "0.345937",
            "close": "0.346107"
        },
        {
            "time": "02.12.2020 09:05",
            "open": "0.346107",
            "high": "0.346107",
            "low": "0.346107",
            "close": "0.346198"
        },
        {
            "time": "02.12.2020 09:06",
            "open": "0.346198",
            "high": "0.346198",
            "low": "0.346198",
            "close": "0.346198"
        },
        {
            "time": "02.12.2020 09:07",
            "open": "0.346198",
            "high": "0.346198",
            "low": "0.346198",
            "close": "0.346816"
        },
        {
            "time": "02.12.2020 09:12",
            "open": "0.346816",
            "high": "0.346816",
            "low": "0.346816",
            "close": "0.346899"
        },
        {
            "time": "02.12.2020 09:15",
            "open": "0.346899",
            "high": "0.3469",
            "low": "0.346899",
            "close": "0.3469"
        },
        {
            "time": "02.12.2020 09:16",
            "open": "0.3469",
            "high": "0.3469",
            "low": "0.3469",
            "close": "0.346624"
        },
        {
            "time": "02.12.2020 09:20",
            "open": "0.346624",
            "high": "0.346624",
            "low": "0.346624",
            "close": "0.3473"
        },
        {
            "time": "02.12.2020 09:25",
            "open": "0.3473",
            "high": "0.3473",
            "low": "0.3473",
            "close": "0.347669"
        },
        {
            "time": "02.12.2020 09:26",
            "open": "0.347669",
            "high": "0.347669",
            "low": "0.347669",
            "close": "0.347982"
        },
        {
            "time": "02.12.2020 09:27",
            "open": "0.347982",
            "high": "0.347983",
            "low": "0.347982",
            "close": "0.34896"
        },
        {
            "time": "02.12.2020 09:31",
            "open": "0.34896",
            "high": "0.34896",
            "low": "0.347983",
            "close": "0.347605"
        },
        {
            "time": "02.12.2020 09:32",
            "open": "0.347605",
            "high": "0.347605",
            "low": "0.347605",
            "close": "0.347983"
        },
        {
            "time": "02.12.2020 09:33",
            "open": "0.347983",
            "high": "0.348873",
            "low": "0.347983",
            "close": "0.346598"
        },
        {
            "time": "02.12.2020 09:38",
            "open": "0.346598",
            "high": "0.346736",
            "low": "0.346598",
            "close": "0.347841"
        },
        {
            "time": "02.12.2020 09:44",
            "open": "0.347841",
            "high": "0.347842",
            "low": "0.347841",
            "close": "0.348181"
        },
        {
            "time": "02.12.2020 09:52",
            "open": "0.348181",
            "high": "0.348181",
            "low": "0.348181",
            "close": "0.347042"
        },
        {
            "time": "02.12.2020 09:54",
            "open": "0.347042",
            "high": "0.347042",
            "low": "0.347042",
            "close": "0.347291"
        },
        {
            "time": "02.12.2020 09:55",
            "open": "0.347291",
            "high": "0.347291",
            "low": "0.347291",
            "close": "0.347443"
        },
        {
            "time": "02.12.2020 09:57",
            "open": "0.347443",
            "high": "0.347443",
            "low": "0.347443",
            "close": "0.347071"
        },
        {
            "time": "02.12.2020 09:59",
            "open": "0.347071",
            "high": "0.347071",
            "low": "0.347071",
            "close": "0.3486"
        },
        {
            "time": "02.12.2020 10:01",
            "open": "0.3486",
            "high": "0.3486",
            "low": "0.3486",
            "close": "0.347794"
        },
        {
            "time": "02.12.2020 10:02",
            "open": "0.347794",
            "high": "0.347794",
            "low": "0.347794",
            "close": "0.347794"
        },
        {
            "time": "02.12.2020 10:03",
            "open": "0.347794",
            "high": "0.347794",
            "low": "0.347794",
            "close": "0.347018"
        },
        {
            "time": "02.12.2020 10:04",
            "open": "0.347018",
            "high": "0.347018",
            "low": "0.347018",
            "close": "0.348496"
        },
        {
            "time": "02.12.2020 10:09",
            "open": "0.348496",
            "high": "0.348496",
            "low": "0.347933",
            "close": "0.349074"
        },
        {
            "time": "02.12.2020 10:15",
            "open": "0.349074",
            "high": "0.349674",
            "low": "0.349074",
            "close": "0.348779"
        },
        {
            "time": "02.12.2020 10:17",
            "open": "0.348779",
            "high": "0.348779",
            "low": "0.348779",
            "close": "0.349674"
        },
        {
            "time": "02.12.2020 10:18",
            "open": "0.349674",
            "high": "0.349674",
            "low": "0.349674",
            "close": "0.3497"
        },
        {
            "time": "02.12.2020 10:19",
            "open": "0.3497",
            "high": "0.35",
            "low": "0.3497",
            "close": "0.3509"
        },
        {
            "time": "02.12.2020 10:22",
            "open": "0.3509",
            "high": "0.3509",
            "low": "0.3509",
            "close": "0.351183"
        },
        {
            "time": "02.12.2020 10:24",
            "open": "0.351183",
            "high": "0.351183",
            "low": "0.351183",
            "close": "0.350998"
        },
        {
            "time": "02.12.2020 10:29",
            "open": "0.350998",
            "high": "0.350998",
            "low": "0.350998",
            "close": "0.349855"
        },
        {
            "time": "02.12.2020 10:30",
            "open": "0.349855",
            "high": "0.349855",
            "low": "0.349855",
            "close": "0.348698"
        },
        {
            "time": "02.12.2020 10:36",
            "open": "0.348698",
            "high": "0.348698",
            "low": "0.348698",
            "close": "0.349885"
        },
        {
            "time": "02.12.2020 10:46",
            "open": "0.349885",
            "high": "0.349886",
            "low": "0.349885",
            "close": "0.348745"
        },
        {
            "time": "02.12.2020 10:47",
            "open": "0.348745",
            "high": "0.348745",
            "low": "0.348712",
            "close": "0.348264"
        },
        {
            "time": "02.12.2020 10:48",
            "open": "0.348264",
            "high": "0.348264",
            "low": "0.348264",
            "close": "0.346519"
        },
        {
            "time": "02.12.2020 10:49",
            "open": "0.346519",
            "high": "0.346519",
            "low": "0.346519",
            "close": "0.349083"
        },
        {
            "time": "02.12.2020 10:52",
            "open": "0.349083",
            "high": "0.349083",
            "low": "0.347758",
            "close": "0.349059"
        },
        {
            "time": "02.12.2020 10:57",
            "open": "0.349059",
            "high": "0.349059",
            "low": "0.349059",
            "close": "0.349019"
        },
        {
            "time": "02.12.2020 11:02",
            "open": "0.349019",
            "high": "0.349019",
            "low": "0.347721",
            "close": "0.349"
        },
        {
            "time": "02.12.2020 11:03",
            "open": "0.349",
            "high": "0.349019",
            "low": "0.347946",
            "close": "0.349876"
        },
        {
            "time": "02.12.2020 11:05",
            "open": "0.349876",
            "high": "0.349876",
            "low": "0.349876",
            "close": "0.3483"
        },
        {
            "time": "02.12.2020 11:09",
            "open": "0.3483",
            "high": "0.3483",
            "low": "0.3483",
            "close": "0.346198"
        },
        {
            "time": "02.12.2020 11:14",
            "open": "0.346198",
            "high": "0.346198",
            "low": "0.346198",
            "close": "0.346539"
        },
        {
            "time": "02.12.2020 11:16",
            "open": "0.346539",
            "high": "0.346539",
            "low": "0.346477",
            "close": "0.34815"
        },
        {
            "time": "02.12.2020 11:23",
            "open": "0.34815",
            "high": "0.34815",
            "low": "0.34815",
            "close": "0.3493"
        },
        {
            "time": "02.12.2020 11:34",
            "open": "0.3493",
            "high": "0.3493",
            "low": "0.3493",
            "close": "0.349128"
        },
        {
            "time": "02.12.2020 11:36",
            "open": "0.349128",
            "high": "0.3493",
            "low": "0.349128",
            "close": "0.349299"
        },
        {
            "time": "02.12.2020 11:37",
            "open": "0.349299",
            "high": "0.349299",
            "low": "0.349018",
            "close": "0.3493"
        },
        {
            "time": "02.12.2020 11:39",
            "open": "0.3493",
            "high": "0.3493",
            "low": "0.3493",
            "close": "0.3493"
        },
        {
            "time": "02.12.2020 11:40",
            "open": "0.3493",
            "high": "0.3493",
            "low": "0.3493",
            "close": "0.349068"
        },
        {
            "time": "02.12.2020 11:44",
            "open": "0.349068",
            "high": "0.349068",
            "low": "0.349068",
            "close": "0.34995"
        },
        {
            "time": "02.12.2020 11:45",
            "open": "0.34995",
            "high": "0.34995",
            "low": "0.34995",
            "close": "0.349353"
        },
        {
            "time": "02.12.2020 11:46",
            "open": "0.349353",
            "high": "0.349353",
            "low": "0.349353",
            "close": "0.350134"
        },
        {
            "time": "02.12.2020 11:50",
            "open": "0.350134",
            "high": "0.350134",
            "low": "0.350134",
            "close": "0.351133"
        },
        {
            "time": "02.12.2020 11:51",
            "open": "0.351133",
            "high": "0.351133",
            "low": "0.351133",
            "close": "0.350131"
        },
        {
            "time": "02.12.2020 11:52",
            "open": "0.350131",
            "high": "0.350131",
            "low": "0.350131",
            "close": "0.350339"
        },
        {
            "time": "02.12.2020 11:53",
            "open": "0.350339",
            "high": "0.350339",
            "low": "0.350339",
            "close": "0.34979"
        },
        {
            "time": "02.12.2020 11:56",
            "open": "0.34979",
            "high": "0.350952",
            "low": "0.34979",
            "close": "0.350343"
        },
        {
            "time": "02.12.2020 11:57",
            "open": "0.350343",
            "high": "0.351599",
            "low": "0.349851",
            "close": "0.351599"
        },
        {
            "time": "02.12.2020 11:58",
            "open": "0.351599",
            "high": "0.352",
            "low": "0.351599",
            "close": "0.351458"
        },
        {
            "time": "02.12.2020 11:59",
            "open": "0.351458",
            "high": "0.351458",
            "low": "0.351458",
            "close": "0.351186"
        },
        {
            "time": "02.12.2020 12:00",
            "open": "0.351186",
            "high": "0.351186",
            "low": "0.351186",
            "close": "0.351984"
        },
        {
            "time": "02.12.2020 12:05",
            "open": "0.351984",
            "high": "0.351984",
            "low": "0.351942",
            "close": "0.352"
        },
        {
            "time": "02.12.2020 12:06",
            "open": "0.352",
            "high": "0.352",
            "low": "0.352",
            "close": "0.351594"
        },
        {
            "time": "02.12.2020 12:08",
            "open": "0.351594",
            "high": "0.351594",
            "low": "0.351594",
            "close": "0.35"
        },
        {
            "time": "02.12.2020 12:13",
            "open": "0.35",
            "high": "0.35",
            "low": "0.349747",
            "close": "0.349725"
        },
        {
            "time": "02.12.2020 12:14",
            "open": "0.349725",
            "high": "0.349725",
            "low": "0.349665",
            "close": "0.3507"
        },
        {
            "time": "02.12.2020 12:17",
            "open": "0.3507",
            "high": "0.3507",
            "low": "0.3507",
            "close": "0.350617"
        },
        {
            "time": "02.12.2020 12:20",
            "open": "0.350617",
            "high": "0.350617",
            "low": "0.350617",
            "close": "0.350619"
        },
        {
            "time": "02.12.2020 12:21",
            "open": "0.350619",
            "high": "0.350619",
            "low": "0.350619",
            "close": "0.348714"
        },
        {
            "time": "02.12.2020 12:22",
            "open": "0.348714",
            "high": "0.348714",
            "low": "0.348714",
            "close": "0.349426"
        },
        {
            "time": "02.12.2020 12:23",
            "open": "0.349426",
            "high": "0.349426",
            "low": "0.349104",
            "close": "0.350373"
        },
        {
            "time": "02.12.2020 12:26",
            "open": "0.350373",
            "high": "0.350373",
            "low": "0.350373",
            "close": "0.351487"
        },
        {
            "time": "02.12.2020 12:28",
            "open": "0.351487",
            "high": "0.351845",
            "low": "0.351487",
            "close": "0.351611"
        },
        {
            "time": "02.12.2020 12:32",
            "open": "0.351611",
            "high": "0.351611",
            "low": "0.351611",
            "close": "0.350365"
        },
        {
            "time": "02.12.2020 12:33",
            "open": "0.350365",
            "high": "0.350365",
            "low": "0.350365",
            "close": "0.349718"
        },
        {
            "time": "02.12.2020 12:43",
            "open": "0.349718",
            "high": "0.349718",
            "low": "0.349718",
            "close": "0.349597"
        },
        {
            "time": "02.12.2020 12:45",
            "open": "0.349597",
            "high": "0.349597",
            "low": "0.349597",
            "close": "0.34856"
        },
        {
            "time": "02.12.2020 12:52",
            "open": "0.34856",
            "high": "0.34856",
            "low": "0.34856",
            "close": "0.348563"
        },
        {
            "time": "02.12.2020 12:57",
            "open": "0.348563",
            "high": "0.348563",
            "low": "0.348562",
            "close": "0.349859"
        },
        {
            "time": "02.12.2020 12:59",
            "open": "0.349859",
            "high": "0.349859",
            "low": "0.349859",
            "close": "0.347853"
        },
        {
            "time": "02.12.2020 13:01",
            "open": "0.347853",
            "high": "0.347853",
            "low": "0.347853",
            "close": "0.345"
        },
        {
            "time": "02.12.2020 13:04",
            "open": "0.345",
            "high": "0.345",
            "low": "0.345",
            "close": "0.343686"
        },
        {
            "time": "02.12.2020 13:05",
            "open": "0.343686",
            "high": "0.344897",
            "low": "0.343686",
            "close": "0.344036"
        },
        {
            "time": "02.12.2020 13:08",
            "open": "0.344036",
            "high": "0.344962",
            "low": "0.344036",
            "close": "0.345438"
        },
        {
            "time": "02.12.2020 13:09",
            "open": "0.345438",
            "high": "0.345438",
            "low": "0.345438",
            "close": "0.344691"
        },
        {
            "time": "02.12.2020 13:10",
            "open": "0.344691",
            "high": "0.344691",
            "low": "0.344691",
            "close": "0.34423"
        },
        {
            "time": "02.12.2020 13:13",
            "open": "0.34423",
            "high": "0.34423",
            "low": "0.344214",
            "close": "0.344703"
        },
        {
            "time": "02.12.2020 13:16",
            "open": "0.344703",
            "high": "0.344703",
            "low": "0.344703",
            "close": "0.344042"
        },
        {
            "time": "02.12.2020 13:22",
            "open": "0.344042",
            "high": "0.344042",
            "low": "0.344042",
            "close": "0.344911"
        },
        {
            "time": "02.12.2020 13:23",
            "open": "0.344911",
            "high": "0.344912",
            "low": "0.344911",
            "close": "0.344816"
        },
        {
            "time": "02.12.2020 13:24",
            "open": "0.344816",
            "high": "0.344816",
            "low": "0.344816",
            "close": "0.345848"
        },
        {
            "time": "02.12.2020 13:28",
            "open": "0.345848",
            "high": "0.345922",
            "low": "0.345848",
            "close": "0.343608"
        },
        {
            "time": "02.12.2020 13:32",
            "open": "0.343608",
            "high": "0.343608",
            "low": "0.343608",
            "close": "0.343975"
        },
        {
            "time": "02.12.2020 13:33",
            "open": "0.343975",
            "high": "0.343975",
            "low": "0.343975",
            "close": "0.344635"
        },
        {
            "time": "02.12.2020 13:35",
            "open": "0.344635",
            "high": "0.344635",
            "low": "0.344635",
            "close": "0.345768"
        },
        {
            "time": "02.12.2020 13:37",
            "open": "0.345768",
            "high": "0.345768",
            "low": "0.345768",
            "close": "0.344736"
        },
        {
            "time": "02.12.2020 13:38",
            "open": "0.344736",
            "high": "0.344736",
            "low": "0.344736",
            "close": "0.344506"
        },
        {
            "time": "02.12.2020 13:39",
            "open": "0.344506",
            "high": "0.344506",
            "low": "0.344506",
            "close": "0.344455"
        },
        {
            "time": "02.12.2020 13:40",
            "open": "0.344455",
            "high": "0.344455",
            "low": "0.344455",
            "close": "0.343975"
        },
        {
            "time": "02.12.2020 13:43",
            "open": "0.343975",
            "high": "0.343975",
            "low": "0.343975",
            "close": "0.343631"
        },
        {
            "time": "02.12.2020 13:46",
            "open": "0.343631",
            "high": "0.343631",
            "low": "0.343631",
            "close": "0.34404"
        },
        {
            "time": "02.12.2020 13:47",
            "open": "0.34404",
            "high": "0.34404",
            "low": "0.34404",
            "close": "0.344877"
        },
        {
            "time": "02.12.2020 13:57",
            "open": "0.344877",
            "high": "0.344877",
            "low": "0.344598",
            "close": "0.345233"
        },
        {
            "time": "02.12.2020 14:01",
            "open": "0.345233",
            "high": "0.345233",
            "low": "0.345233",
            "close": "0.346101"
        },
        {
            "time": "02.12.2020 14:02",
            "open": "0.346101",
            "high": "0.346101",
            "low": "0.346072",
            "close": "0.346829"
        },
        {
            "time": "02.12.2020 14:12",
            "open": "0.346829",
            "high": "0.346829",
            "low": "0.346829",
            "close": "0.346831"
        },
        {
            "time": "02.12.2020 14:13",
            "open": "0.346831",
            "high": "0.346831",
            "low": "0.346831",
            "close": "0.346805"
        },
        {
            "time": "02.12.2020 14:14",
            "open": "0.346805",
            "high": "0.346805",
            "low": "0.3465",
            "close": "0.346626"
        },
        {
            "time": "02.12.2020 14:16",
            "open": "0.346626",
            "high": "0.346626",
            "low": "0.346626",
            "close": "0.346612"
        },
        {
            "time": "02.12.2020 14:24",
            "open": "0.346612",
            "high": "0.347457",
            "low": "0.346612",
            "close": "0.348218"
        },
        {
            "time": "02.12.2020 14:25",
            "open": "0.348218",
            "high": "0.3492",
            "low": "0.348218",
            "close": "0.348982"
        },
        {
            "time": "02.12.2020 14:26",
            "open": "0.348982",
            "high": "0.348982",
            "low": "0.348982",
            "close": "0.347617"
        },
        {
            "time": "02.12.2020 14:27",
            "open": "0.347617",
            "high": "0.347617",
            "low": "0.347616",
            "close": "0.349022"
        },
        {
            "time": "02.12.2020 14:29",
            "open": "0.349022",
            "high": "0.349193",
            "low": "0.349022",
            "close": "0.347182"
        },
        {
            "time": "02.12.2020 14:30",
            "open": "0.347182",
            "high": "0.347182",
            "low": "0.347182",
            "close": "0.348"
        },
        {
            "time": "02.12.2020 14:32",
            "open": "0.348",
            "high": "0.348",
            "low": "0.348",
            "close": "0.347691"
        },
        {
            "time": "02.12.2020 14:33",
            "open": "0.347691",
            "high": "0.347691",
            "low": "0.34769",
            "close": "0.347717"
        },
        {
            "time": "02.12.2020 14:35",
            "open": "0.347717",
            "high": "0.347717",
            "low": "0.347717",
            "close": "0.347507"
        },
        {
            "time": "02.12.2020 14:38",
            "open": "0.347507",
            "high": "0.347507",
            "low": "0.347507",
            "close": "0.349008"
        },
        {
            "time": "02.12.2020 14:39",
            "open": "0.349008",
            "high": "0.349008",
            "low": "0.349008",
            "close": "0.35"
        },
        {
            "time": "02.12.2020 14:56",
            "open": "0.35",
            "high": "0.35",
            "low": "0.35",
            "close": "0.35"
        },
        {
            "time": "02.12.2020 14:57",
            "open": "0.35",
            "high": "0.35",
            "low": "0.35",
            "close": "0.35"
        },
        {
            "time": "02.12.2020 14:59",
            "open": "0.35",
            "high": "0.35",
            "low": "0.349919",
            "close": "0.35"
        },
        {
            "time": "02.12.2020 15:00",
            "open": "0.35",
            "high": "0.35",
            "low": "0.35",
            "close": "0.350047"
        },
        {
            "time": "02.12.2020 15:02",
            "open": "0.350047",
            "high": "0.350047",
            "low": "0.349884",
            "close": "0.349575"
        },
        {
            "time": "02.12.2020 15:04",
            "open": "0.349575",
            "high": "0.349575",
            "low": "0.349575",
            "close": "0.349781"
        },
        {
            "time": "02.12.2020 15:06",
            "open": "0.349781",
            "high": "0.349781",
            "low": "0.349781",
            "close": "0.350754"
        },
        {
            "time": "02.12.2020 15:08",
            "open": "0.350754",
            "high": "0.350754",
            "low": "0.350754",
            "close": "0.350911"
        },
        {
            "time": "02.12.2020 15:09",
            "open": "0.350911",
            "high": "0.350911",
            "low": "0.350848",
            "close": "0.350901"
        },
        {
            "time": "02.12.2020 15:10",
            "open": "0.350901",
            "high": "0.350901",
            "low": "0.350901",
            "close": "0.352138"
        },
        {
            "time": "02.12.2020 15:14",
            "open": "0.352138",
            "high": "0.352138",
            "low": "0.351407",
            "close": "0.35214"
        },
        {
            "time": "02.12.2020 15:19",
            "open": "0.35214",
            "high": "0.35214",
            "low": "0.35214",
            "close": "0.350844"
        },
        {
            "time": "02.12.2020 15:21",
            "open": "0.350844",
            "high": "0.350844",
            "low": "0.350844",
            "close": "0.351701"
        },
        {
            "time": "02.12.2020 15:23",
            "open": "0.351701",
            "high": "0.3521",
            "low": "0.351701",
            "close": "0.351478"
        },
        {
            "time": "02.12.2020 15:24",
            "open": "0.351478",
            "high": "0.351478",
            "low": "0.35089",
            "close": "0.34936"
        },
        {
            "time": "02.12.2020 15:28",
            "open": "0.34936",
            "high": "0.34936",
            "low": "0.34936",
            "close": "0.349603"
        },
        {
            "time": "02.12.2020 15:31",
            "open": "0.349603",
            "high": "0.350211",
            "low": "0.348821",
            "close": "0.350959"
        },
        {
            "time": "02.12.2020 15:32",
            "open": "0.350959",
            "high": "0.350959",
            "low": "0.350959",
            "close": "0.349164"
        },
        {
            "time": "02.12.2020 15:40",
            "open": "0.349164",
            "high": "0.349164",
            "low": "0.349164",
            "close": "0.348556"
        },
        {
            "time": "02.12.2020 15:43",
            "open": "0.348556",
            "high": "0.34894",
            "low": "0.348555",
            "close": "0.348459"
        },
        {
            "time": "02.12.2020 15:46",
            "open": "0.348459",
            "high": "0.348459",
            "low": "0.348459",
            "close": "0.349215"
        },
        {
            "time": "02.12.2020 15:52",
            "open": "0.349215",
            "high": "0.349215",
            "low": "0.349215",
            "close": "0.350426"
        },
        {
            "time": "02.12.2020 15:55",
            "open": "0.350426",
            "high": "0.350426",
            "low": "0.350426",
            "close": "0.350276"
        },
        {
            "time": "02.12.2020 15:57",
            "open": "0.350276",
            "high": "0.350276",
            "low": "0.350276",
            "close": "0.348875"
        },
        {
            "time": "02.12.2020 15:59",
            "open": "0.348875",
            "high": "0.348875",
            "low": "0.348102",
            "close": "0.346135"
        },
        {
            "time": "02.12.2020 16:01",
            "open": "0.346135",
            "high": "0.346339",
            "low": "0.346135",
            "close": "0.345794"
        },
        {
            "time": "02.12.2020 16:04",
            "open": "0.345794",
            "high": "0.345794",
            "low": "0.345794",
            "close": "0.347072"
        },
        {
            "time": "02.12.2020 16:05",
            "open": "0.347072",
            "high": "0.347072",
            "low": "0.347072",
            "close": "0.346707"
        },
        {
            "time": "02.12.2020 16:06",
            "open": "0.346707",
            "high": "0.347072",
            "low": "0.346707",
            "close": "0.347004"
        },
        {
            "time": "02.12.2020 16:07",
            "open": "0.347004",
            "high": "0.347643",
            "low": "0.347004",
            "close": "0.348171"
        },
        {
            "time": "02.12.2020 16:08",
            "open": "0.348171",
            "high": "0.348171",
            "low": "0.348171",
            "close": "0.348277"
        },
        {
            "time": "02.12.2020 16:09",
            "open": "0.348277",
            "high": "0.348277",
            "low": "0.346044",
            "close": "0.348874"
        },
        {
            "time": "02.12.2020 16:11",
            "open": "0.348874",
            "high": "0.348874",
            "low": "0.348874",
            "close": "0.348818"
        },
        {
            "time": "02.12.2020 16:12",
            "open": "0.348818",
            "high": "0.34882",
            "low": "0.348818",
            "close": "0.350555"
        },
        {
            "time": "02.12.2020 16:15",
            "open": "0.350555",
            "high": "0.350555",
            "low": "0.350555",
            "close": "0.350475"
        },
        {
            "time": "02.12.2020 16:16",
            "open": "0.350475",
            "high": "0.350475",
            "low": "0.350475",
            "close": "0.348995"
        },
        {
            "time": "02.12.2020 16:17",
            "open": "0.348995",
            "high": "0.348995",
            "low": "0.348994",
            "close": "0.348862"
        },
        {
            "time": "02.12.2020 16:19",
            "open": "0.348862",
            "high": "0.348862",
            "low": "0.348862",
            "close": "0.3493"
        },
        {
            "time": "02.12.2020 16:23",
            "open": "0.3493",
            "high": "0.3493",
            "low": "0.3493",
            "close": "0.349887"
        },
        {
            "time": "02.12.2020 16:24",
            "open": "0.349887",
            "high": "0.349887",
            "low": "0.348097",
            "close": "0.349202"
        },
        {
            "time": "02.12.2020 16:26",
            "open": "0.349202",
            "high": "0.349202",
            "low": "0.349202",
            "close": "0.34875"
        },
        {
            "time": "02.12.2020 16:27",
            "open": "0.34875",
            "high": "0.34875",
            "low": "0.34875",
            "close": "0.348519"
        },
        {
            "time": "02.12.2020 16:34",
            "open": "0.348519",
            "high": "0.348739",
            "low": "0.348519",
            "close": "0.347203"
        },
        {
            "time": "02.12.2020 16:38",
            "open": "0.347203",
            "high": "0.347203",
            "low": "0.347102",
            "close": "0.347051"
        },
        {
            "time": "02.12.2020 16:41",
            "open": "0.347051",
            "high": "0.347051",
            "low": "0.347051",
            "close": "0.34705"
        },
        {
            "time": "02.12.2020 16:42",
            "open": "0.34705",
            "high": "0.34705",
            "low": "0.34705",
            "close": "0.347707"
        },
        {
            "time": "02.12.2020 16:46",
            "open": "0.347707",
            "high": "0.347707",
            "low": "0.347707",
            "close": "0.348879"
        },
        {
            "time": "02.12.2020 16:47",
            "open": "0.348879",
            "high": "0.348879",
            "low": "0.348879",
            "close": "0.349939"
        },
        {
            "time": "02.12.2020 16:51",
            "open": "0.349939",
            "high": "0.349939",
            "low": "0.349939",
            "close": "0.348022"
        },
        {
            "time": "02.12.2020 16:52",
            "open": "0.348022",
            "high": "0.348035",
            "low": "0.348022",
            "close": "0.348993"
        },
        {
            "time": "02.12.2020 16:53",
            "open": "0.348993",
            "high": "0.348994",
            "low": "0.348993",
            "close": "0.35"
        },
        {
            "time": "02.12.2020 16:57",
            "open": "0.35",
            "high": "0.35",
            "low": "0.35",
            "close": "0.347962"
        },
        {
            "time": "02.12.2020 17:02",
            "open": "0.347962",
            "high": "0.347962",
            "low": "0.347684",
            "close": "0.348916"
        },
        {
            "time": "02.12.2020 17:03",
            "open": "0.348916",
            "high": "0.348917",
            "low": "0.348916",
            "close": "0.347399"
        },
        {
            "time": "02.12.2020 17:06",
            "open": "0.347399",
            "high": "0.347399",
            "low": "0.347399",
            "close": "0.346927"
        },
        {
            "time": "02.12.2020 17:09",
            "open": "0.346927",
            "high": "0.346927",
            "low": "0.346927",
            "close": "0.345694"
        },
        {
            "time": "02.12.2020 17:10",
            "open": "0.345694",
            "high": "0.345694",
            "low": "0.345567",
            "close": "0.346796"
        },
        {
            "time": "02.12.2020 17:13",
            "open": "0.346796",
            "high": "0.347441",
            "low": "0.346796",
            "close": "0.347434"
        },
        {
            "time": "02.12.2020 17:16",
            "open": "0.347434",
            "high": "0.348",
            "low": "0.347434",
            "close": "0.347743"
        },
        {
            "time": "02.12.2020 17:19",
            "open": "0.347743",
            "high": "0.347743",
            "low": "0.347649",
            "close": "0.35"
        },
        {
            "time": "02.12.2020 17:27",
            "open": "0.35",
            "high": "0.35",
            "low": "0.35",
            "close": "0.349662"
        },
        {
            "time": "02.12.2020 17:36",
            "open": "0.349662",
            "high": "0.349662",
            "low": "0.349662",
            "close": "0.348484"
        },
        {
            "time": "02.12.2020 17:37",
            "open": "0.348484",
            "high": "0.348484",
            "low": "0.348484",
            "close": "0.34849"
        },
        {
            "time": "02.12.2020 17:39",
            "open": "0.34849",
            "high": "0.34849",
            "low": "0.34849",
            "close": "0.34849"
        },
        {
            "time": "02.12.2020 17:44",
            "open": "0.34849",
            "high": "0.34849",
            "low": "0.34849",
            "close": "0.34849"
        },
        {
            "time": "02.12.2020 17:46",
            "open": "0.34849",
            "high": "0.34849",
            "low": "0.34849",
            "close": "0.348603"
        },
        {
            "time": "02.12.2020 17:49",
            "open": "0.348603",
            "high": "0.348726",
            "low": "0.347431",
            "close": "0.347874"
        },
        {
            "time": "02.12.2020 17:50",
            "open": "0.347874",
            "high": "0.347874",
            "low": "0.347874",
            "close": "0.346884"
        },
        {
            "time": "02.12.2020 17:52",
            "open": "0.346884",
            "high": "0.346884",
            "low": "0.346884",
            "close": "0.347698"
        },
        {
            "time": "02.12.2020 17:54",
            "open": "0.347698",
            "high": "0.347698",
            "low": "0.346884",
            "close": "0.34626"
        },
        {
            "time": "02.12.2020 17:55",
            "open": "0.34626",
            "high": "0.34626",
            "low": "0.34626",
            "close": "0.347066"
        },
        {
            "time": "02.12.2020 18:01",
            "open": "0.347066",
            "high": "0.347066",
            "low": "0.347066",
            "close": "0.345878"
        },
        {
            "time": "02.12.2020 18:02",
            "open": "0.345878",
            "high": "0.345878",
            "low": "0.345878",
            "close": "0.346913"
        },
        {
            "time": "02.12.2020 18:03",
            "open": "0.346913",
            "high": "0.346913",
            "low": "0.346913",
            "close": "0.347546"
        },
        {
            "time": "02.12.2020 18:09",
            "open": "0.347546",
            "high": "0.347546",
            "low": "0.347546",
            "close": "0.34677"
        },
        {
            "time": "02.12.2020 18:10",
            "open": "0.34677",
            "high": "0.34677",
            "low": "0.34677",
            "close": "0.347546"
        },
        {
            "time": "02.12.2020 18:11",
            "open": "0.347546",
            "high": "0.347593",
            "low": "0.347546",
            "close": "0.347593"
        },
        {
            "time": "02.12.2020 18:12",
            "open": "0.347593",
            "high": "0.347993",
            "low": "0.347593",
            "close": "0.347993"
        },
        {
            "time": "02.12.2020 18:14",
            "open": "0.347993",
            "high": "0.347993",
            "low": "0.347993",
            "close": "0.348569"
        },
        {
            "time": "02.12.2020 18:15",
            "open": "0.348569",
            "high": "0.348569",
            "low": "0.348569",
            "close": "0.348868"
        },
        {
            "time": "02.12.2020 18:20",
            "open": "0.348868",
            "high": "0.348868",
            "low": "0.348868",
            "close": "0.349394"
        },
        {
            "time": "02.12.2020 18:21",
            "open": "0.349394",
            "high": "0.349494",
            "low": "0.349375",
            "close": "0.349461"
        },
        {
            "time": "02.12.2020 18:27",
            "open": "0.349461",
            "high": "0.349461",
            "low": "0.349461",
            "close": "0.3496"
        },
        {
            "time": "02.12.2020 18:28",
            "open": "0.3496",
            "high": "0.3496",
            "low": "0.3496",
            "close": "0.348886"
        },
        {
            "time": "02.12.2020 18:29",
            "open": "0.348886",
            "high": "0.348886",
            "low": "0.348886",
            "close": "0.348886"
        },
        {
            "time": "02.12.2020 18:30",
            "open": "0.348886",
            "high": "0.3496",
            "low": "0.348886",
            "close": "0.349104"
        },
        {
            "time": "02.12.2020 18:32",
            "open": "0.349104",
            "high": "0.349104",
            "low": "0.349104",
            "close": "0.349505"
        },
        {
            "time": "02.12.2020 18:37",
            "open": "0.349505",
            "high": "0.349505",
            "low": "0.349505",
            "close": "0.349189"
        },
        {
            "time": "02.12.2020 18:39",
            "open": "0.349189",
            "high": "0.349189",
            "low": "0.349189",
            "close": "0.348982"
        },
        {
            "time": "02.12.2020 18:40",
            "open": "0.348982",
            "high": "0.348982",
            "low": "0.348982",
            "close": "0.349588"
        },
        {
            "time": "02.12.2020 18:41",
            "open": "0.349588",
            "high": "0.349588",
            "low": "0.348855",
            "close": "0.3496"
        },
        {
            "time": "02.12.2020 18:47",
            "open": "0.3496",
            "high": "0.3496",
            "low": "0.3496",
            "close": "0.3496"
        },
        {
            "time": "02.12.2020 18:48",
            "open": "0.3496",
            "high": "0.349647",
            "low": "0.3496",
            "close": "0.35"
        },
        {
            "time": "02.12.2020 18:51",
            "open": "0.35",
            "high": "0.35",
            "low": "0.349973",
            "close": "0.35078"
        },
        {
            "time": "02.12.2020 18:52",
            "open": "0.35078",
            "high": "0.35078",
            "low": "0.35078",
            "close": "0.35078"
        },
        {
            "time": "02.12.2020 18:54",
            "open": "0.35078",
            "high": "0.35078",
            "low": "0.35078",
            "close": "0.35036"
        },
        {
            "time": "02.12.2020 18:55",
            "open": "0.35036",
            "high": "0.35036",
            "low": "0.35036",
            "close": "0.35078"
        },
        {
            "time": "02.12.2020 18:56",
            "open": "0.35078",
            "high": "0.351724",
            "low": "0.350547",
            "close": "0.351675"
        },
        {
            "time": "02.12.2020 18:58",
            "open": "0.351675",
            "high": "0.351675",
            "low": "0.351675",
            "close": "0.35187"
        },
        {
            "time": "02.12.2020 18:59",
            "open": "0.35187",
            "high": "0.351949",
            "low": "0.35187",
            "close": "0.350731"
        },
        {
            "time": "02.12.2020 19:01",
            "open": "0.350731",
            "high": "0.350731",
            "low": "0.350731",
            "close": "0.352424"
        },
        {
            "time": "02.12.2020 19:03",
            "open": "0.352424",
            "high": "0.352424",
            "low": "0.351229",
            "close": "0.35222"
        },
        {
            "time": "02.12.2020 19:04",
            "open": "0.35222",
            "high": "0.352353",
            "low": "0.35222",
            "close": "0.352425"
        },
        {
            "time": "02.12.2020 19:05",
            "open": "0.352425",
            "high": "0.352551",
            "low": "0.352251",
            "close": "0.35382"
        },
        {
            "time": "02.12.2020 19:11",
            "open": "0.35382",
            "high": "0.353855",
            "low": "0.35382",
            "close": "0.3539"
        },
        {
            "time": "02.12.2020 19:13",
            "open": "0.3539",
            "high": "0.3539",
            "low": "0.3539",
            "close": "0.354844"
        },
        {
            "time": "02.12.2020 19:14",
            "open": "0.354844",
            "high": "0.354899",
            "low": "0.354844",
            "close": "0.3549"
        },
        {
            "time": "02.12.2020 19:16",
            "open": "0.3549",
            "high": "0.354999",
            "low": "0.3549",
            "close": "0.354997"
        },
        {
            "time": "02.12.2020 19:17",
            "open": "0.354997",
            "high": "0.354999",
            "low": "0.354997",
            "close": "0.35403"
        },
        {
            "time": "02.12.2020 19:18",
            "open": "0.35403",
            "high": "0.35403",
            "low": "0.35403",
            "close": "0.354198"
        },
        {
            "time": "02.12.2020 19:20",
            "open": "0.354198",
            "high": "0.354198",
            "low": "0.354198",
            "close": "0.354028"
        },
        {
            "time": "02.12.2020 19:21",
            "open": "0.354028",
            "high": "0.354028",
            "low": "0.354028",
            "close": "0.355"
        },
        {
            "time": "02.12.2020 19:22",
            "open": "0.355",
            "high": "0.355",
            "low": "0.355",
            "close": "0.355"
        },
        {
            "time": "02.12.2020 19:23",
            "open": "0.355",
            "high": "0.355",
            "low": "0.355",
            "close": "0.355"
        },
        {
            "time": "02.12.2020 19:27",
            "open": "0.355",
            "high": "0.355",
            "low": "0.354998",
            "close": "0.354037"
        },
        {
            "time": "02.12.2020 19:28",
            "open": "0.354037",
            "high": "0.355414",
            "low": "0.354037",
            "close": "0.354207"
        },
        {
            "time": "02.12.2020 19:32",
            "open": "0.354207",
            "high": "0.354207",
            "low": "0.354207",
            "close": "0.355403"
        },
        {
            "time": "02.12.2020 19:33",
            "open": "0.355403",
            "high": "0.355625",
            "low": "0.355403",
            "close": "0.35505"
        },
        {
            "time": "02.12.2020 19:37",
            "open": "0.35505",
            "high": "0.35505",
            "low": "0.35505",
            "close": "0.355444"
        },
        {
            "time": "02.12.2020 19:40",
            "open": "0.355444",
            "high": "0.355444",
            "low": "0.355444",
            "close": "0.354816"
        },
        {
            "time": "02.12.2020 19:45",
            "open": "0.354816",
            "high": "0.354816",
            "low": "0.354816",
            "close": "0.356"
        },
        {
            "time": "02.12.2020 19:48",
            "open": "0.356",
            "high": "0.356594",
            "low": "0.356",
            "close": "0.356508"
        },
        {
            "time": "02.12.2020 19:51",
            "open": "0.356508",
            "high": "0.35651",
            "low": "0.356508",
            "close": "0.355381"
        },
        {
            "time": "02.12.2020 19:58",
            "open": "0.355381",
            "high": "0.355381",
            "low": "0.355381",
            "close": "0.356228"
        },
        {
            "time": "02.12.2020 19:59",
            "open": "0.356228",
            "high": "0.356228",
            "low": "0.356228",
            "close": "0.356594"
        },
        {
            "time": "02.12.2020 20:00",
            "open": "0.356594",
            "high": "0.356594",
            "low": "0.356594",
            "close": "0.355861"
        },
        {
            "time": "02.12.2020 20:01",
            "open": "0.355861",
            "high": "0.355861",
            "low": "0.355861",
            "close": "0.356998"
        },
        {
            "time": "02.12.2020 20:03",
            "open": "0.356998",
            "high": "0.356998",
            "low": "0.356998",
            "close": "0.356687"
        },
        {
            "time": "02.12.2020 20:06",
            "open": "0.356687",
            "high": "0.356687",
            "low": "0.356687",
            "close": "0.355787"
        },
        {
            "time": "02.12.2020 20:09",
            "open": "0.355787",
            "high": "0.356379",
            "low": "0.355787",
            "close": "0.356658"
        },
        {
            "time": "02.12.2020 20:10",
            "open": "0.356658",
            "high": "0.356658",
            "low": "0.356658",
            "close": "0.356642"
        },
        {
            "time": "02.12.2020 20:11",
            "open": "0.356642",
            "high": "0.356642",
            "low": "0.356642",
            "close": "0.355787"
        },
        {
            "time": "02.12.2020 20:16",
            "open": "0.355787",
            "high": "0.355787",
            "low": "0.355787",
            "close": "0.355402"
        },
        {
            "time": "02.12.2020 20:19",
            "open": "0.355402",
            "high": "0.355402",
            "low": "0.355402",
            "close": "0.35482"
        },
        {
            "time": "02.12.2020 20:20",
            "open": "0.35482",
            "high": "0.35482",
            "low": "0.353977",
            "close": "0.354352"
        },
        {
            "time": "02.12.2020 20:23",
            "open": "0.354352",
            "high": "0.354354",
            "low": "0.354352",
            "close": "0.353975"
        },
        {
            "time": "02.12.2020 20:24",
            "open": "0.353975",
            "high": "0.353975",
            "low": "0.353975",
            "close": "0.354718"
        },
        {
            "time": "02.12.2020 20:27",
            "open": "0.354718",
            "high": "0.354718",
            "low": "0.354718",
            "close": "0.354493"
        },
        {
            "time": "02.12.2020 20:28",
            "open": "0.354493",
            "high": "0.354493",
            "low": "0.354493",
            "close": "0.354592"
        },
        {
            "time": "02.12.2020 20:29",
            "open": "0.354592",
            "high": "0.354592",
            "low": "0.354592",
            "close": "0.353975"
        },
        {
            "time": "02.12.2020 20:30",
            "open": "0.353975",
            "high": "0.353975",
            "low": "0.353975",
            "close": "0.353977"
        },
        {
            "time": "02.12.2020 20:31",
            "open": "0.353977",
            "high": "0.353977",
            "low": "0.353977",
            "close": "0.354816"
        },
        {
            "time": "02.12.2020 20:33",
            "open": "0.354816",
            "high": "0.354816",
            "low": "0.354816",
            "close": "0.353977"
        },
        {
            "time": "02.12.2020 20:34",
            "open": "0.353977",
            "high": "0.353977",
            "low": "0.353975",
            "close": "0.353975"
        },
        {
            "time": "02.12.2020 20:35",
            "open": "0.353975",
            "high": "0.353975",
            "low": "0.353975",
            "close": "0.354007"
        },
        {
            "time": "02.12.2020 20:36",
            "open": "0.354007",
            "high": "0.354007",
            "low": "0.354006",
            "close": "0.354184"
        },
        {
            "time": "02.12.2020 20:41",
            "open": "0.354184",
            "high": "0.354184",
            "low": "0.354184",
            "close": "0.354177"
        },
        {
            "time": "02.12.2020 20:42",
            "open": "0.354177",
            "high": "0.354177",
            "low": "0.354177",
            "close": "0.354008"
        },
        {
            "time": "02.12.2020 20:43",
            "open": "0.354008",
            "high": "0.354008",
            "low": "0.354008",
            "close": "0.354935"
        },
        {
            "time": "02.12.2020 20:45",
            "open": "0.354935",
            "high": "0.354935",
            "low": "0.354935",
            "close": "0.354933"
        },
        {
            "time": "02.12.2020 20:46",
            "open": "0.354933",
            "high": "0.354933",
            "low": "0.354933",
            "close": "0.354935"
        },
        {
            "time": "02.12.2020 20:48",
            "open": "0.354935",
            "high": "0.354935",
            "low": "0.354935",
            "close": "0.354933"
        },
        {
            "time": "02.12.2020 20:49",
            "open": "0.354933",
            "high": "0.354933",
            "low": "0.354933",
            "close": "0.354243"
        },
        {
            "time": "02.12.2020 20:50",
            "open": "0.354243",
            "high": "0.354243",
            "low": "0.354243",
            "close": "0.354385"
        },
        {
            "time": "02.12.2020 20:51",
            "open": "0.354385",
            "high": "0.354385",
            "low": "0.354385",
            "close": "0.354935"
        },
        {
            "time": "02.12.2020 20:55",
            "open": "0.354935",
            "high": "0.354935",
            "low": "0.354935",
            "close": "0.353727"
        },
        {
            "time": "02.12.2020 21:03",
            "open": "0.353727",
            "high": "0.353727",
            "low": "0.353727",
            "close": "0.353206"
        },
        {
            "time": "02.12.2020 21:05",
            "open": "0.353206",
            "high": "0.354094",
            "low": "0.353206",
            "close": "0.353748"
        },
        {
            "time": "02.12.2020 21:07",
            "open": "0.353748",
            "high": "0.353748",
            "low": "0.353748",
            "close": "0.354274"
        },
        {
            "time": "02.12.2020 21:09",
            "open": "0.354274",
            "high": "0.354274",
            "low": "0.354274",
            "close": "0.352739"
        },
        {
            "time": "02.12.2020 21:10",
            "open": "0.352739",
            "high": "0.353845",
            "low": "0.352664",
            "close": "0.353564"
        },
        {
            "time": "02.12.2020 21:12",
            "open": "0.353564",
            "high": "0.353564",
            "low": "0.353564",
            "close": "0.35416"
        },
        {
            "time": "02.12.2020 21:18",
            "open": "0.35416",
            "high": "0.35416",
            "low": "0.35416",
            "close": "0.354131"
        },
        {
            "time": "02.12.2020 21:34",
            "open": "0.354131",
            "high": "0.354131",
            "low": "0.353024",
            "close": "0.354"
        },
        {
            "time": "02.12.2020 21:36",
            "open": "0.354",
            "high": "0.354161",
            "low": "0.353266",
            "close": "0.354161"
        },
        {
            "time": "02.12.2020 21:37",
            "open": "0.354161",
            "high": "0.354161",
            "low": "0.354161",
            "close": "0.354161"
        },
        {
            "time": "02.12.2020 21:42",
            "open": "0.354161",
            "high": "0.354161",
            "low": "0.354161",
            "close": "0.354161"
        },
        {
            "time": "02.12.2020 21:44",
            "open": "0.354161",
            "high": "0.354161",
            "low": "0.354161",
            "close": "0.354114"
        },
        {
            "time": "02.12.2020 21:47",
            "open": "0.354114",
            "high": "0.354114",
            "low": "0.354114",
            "close": "0.35302"
        },
        {
            "time": "02.12.2020 21:50",
            "open": "0.35302",
            "high": "0.35302",
            "low": "0.352883",
            "close": "0.352883"
        },
        {
            "time": "02.12.2020 21:51",
            "open": "0.352883",
            "high": "0.352883",
            "low": "0.352883",
            "close": "0.353373"
        },
        {
            "time": "02.12.2020 21:54",
            "open": "0.353373",
            "high": "0.353373",
            "low": "0.352404",
            "close": "0.353416"
        },
        {
            "time": "02.12.2020 21:57",
            "open": "0.353416",
            "high": "0.353416",
            "low": "0.353416",
            "close": "0.352296"
        },
        {
            "time": "02.12.2020 21:59",
            "open": "0.352296",
            "high": "0.352296",
            "low": "0.352296",
            "close": "0.352864"
        },
        {
            "time": "02.12.2020 22:08",
            "open": "0.352864",
            "high": "0.352864",
            "low": "0.352296",
            "close": "0.352296"
        },
        {
            "time": "02.12.2020 22:09",
            "open": "0.352296",
            "high": "0.352298",
            "low": "0.352296",
            "close": "0.352296"
        },
        {
            "time": "02.12.2020 22:10",
            "open": "0.352296",
            "high": "0.352296",
            "low": "0.35229",
            "close": "0.352051"
        },
        {
            "time": "02.12.2020 22:13",
            "open": "0.352051",
            "high": "0.352051",
            "low": "0.352051",
            "close": "0.352028"
        },
        {
            "time": "02.12.2020 22:14",
            "open": "0.352028",
            "high": "0.352028",
            "low": "0.352028",
            "close": "0.351132"
        },
        {
            "time": "02.12.2020 22:19",
            "open": "0.351132",
            "high": "0.351132",
            "low": "0.351132",
            "close": "0.350301"
        },
        {
            "time": "02.12.2020 22:25",
            "open": "0.350301",
            "high": "0.350301",
            "low": "0.350301",
            "close": "0.351141"
        },
        {
            "time": "02.12.2020 22:26",
            "open": "0.351141",
            "high": "0.351141",
            "low": "0.350302",
            "close": "0.349955"
        },
        {
            "time": "02.12.2020 22:29",
            "open": "0.349955",
            "high": "0.349955",
            "low": "0.349955",
            "close": "0.349999"
        },
        {
            "time": "02.12.2020 22:30",
            "open": "0.349999",
            "high": "0.349999",
            "low": "0.349999",
            "close": "0.349999"
        },
        {
            "time": "02.12.2020 22:32",
            "open": "0.349999",
            "high": "0.349999",
            "low": "0.349999",
            "close": "0.349771"
        },
        {
            "time": "02.12.2020 22:33",
            "open": "0.349771",
            "high": "0.349771",
            "low": "0.349771",
            "close": "0.349872"
        },
        {
            "time": "02.12.2020 22:35",
            "open": "0.349872",
            "high": "0.349872",
            "low": "0.349872",
            "close": "0.351389"
        },
        {
            "time": "02.12.2020 22:41",
            "open": "0.351389",
            "high": "0.35142",
            "low": "0.350382",
            "close": "0.351196"
        },
        {
            "time": "02.12.2020 22:46",
            "open": "0.351196",
            "high": "0.351196",
            "low": "0.351196",
            "close": "0.35142"
        },
        {
            "time": "02.12.2020 22:50",
            "open": "0.35142",
            "high": "0.35142",
            "low": "0.35142",
            "close": "0.35165"
        },
        {
            "time": "02.12.2020 22:56",
            "open": "0.35165",
            "high": "0.35165",
            "low": "0.35165",
            "close": "0.35165"
        },
        {
            "time": "02.12.2020 22:58",
            "open": "0.35165",
            "high": "0.35165",
            "low": "0.35165",
            "close": "0.35165"
        },
        {
            "time": "02.12.2020 23:00",
            "open": "0.35165",
            "high": "0.35165",
            "low": "0.35165",
            "close": "0.350623"
        },
        {
            "time": "02.12.2020 23:01",
            "open": "0.350623",
            "high": "0.350623",
            "low": "0.350623",
            "close": "0.350845"
        },
        {
            "time": "02.12.2020 23:02",
            "open": "0.350845",
            "high": "0.350845",
            "low": "0.350845",
            "close": "0.35165"
        },
        {
            "time": "02.12.2020 23:04",
            "open": "0.35165",
            "high": "0.35165",
            "low": "0.35165",
            "close": "0.35165"
        },
        {
            "time": "02.12.2020 23:05",
            "open": "0.35165",
            "high": "0.35165",
            "low": "0.35165",
            "close": "0.351351"
        },
        {
            "time": "02.12.2020 23:07",
            "open": "0.351351",
            "high": "0.351351",
            "low": "0.351351",
            "close": "0.352051"
        },
        {
            "time": "02.12.2020 23:08",
            "open": "0.352051",
            "high": "0.352289",
            "low": "0.352051",
            "close": "0.351307"
        },
        {
            "time": "02.12.2020 23:09",
            "open": "0.351307",
            "high": "0.351307",
            "low": "0.351306",
            "close": "0.352289"
        },
        {
            "time": "02.12.2020 23:10",
            "open": "0.352289",
            "high": "0.352289",
            "low": "0.352289",
            "close": "0.352066"
        },
        {
            "time": "02.12.2020 23:11",
            "open": "0.352066",
            "high": "0.352066",
            "low": "0.352066",
            "close": "0.352017"
        },
        {
            "time": "02.12.2020 23:14",
            "open": "0.352017",
            "high": "0.352017",
            "low": "0.351696",
            "close": "0.351306"
        },
        {
            "time": "02.12.2020 23:15",
            "open": "0.351306",
            "high": "0.351306",
            "low": "0.351306",
            "close": "0.351306"
        },
        {
            "time": "02.12.2020 23:25",
            "open": "0.351306",
            "high": "0.351306",
            "low": "0.351306",
            "close": "0.351482"
        },
        {
            "time": "02.12.2020 23:30",
            "open": "0.351482",
            "high": "0.351482",
            "low": "0.351482",
            "close": "0.351477"
        },
        {
            "time": "02.12.2020 23:33",
            "open": "0.351477",
            "high": "0.351477",
            "low": "0.351477",
            "close": "0.35183"
        },
        {
            "time": "02.12.2020 23:37",
            "open": "0.35183",
            "high": "0.35183",
            "low": "0.35183",
            "close": "0.351635"
        },
        {
            "time": "02.12.2020 23:38",
            "open": "0.351635",
            "high": "0.351635",
            "low": "0.351635",
            "close": "0.351468"
        },
        {
            "time": "02.12.2020 23:40",
            "open": "0.351468",
            "high": "0.351468",
            "low": "0.351468",
            "close": "0.352136"
        },
        {
            "time": "02.12.2020 23:47",
            "open": "0.352136",
            "high": "0.352137",
            "low": "0.352136",
            "close": "0.351874"
        },
        {
            "time": "02.12.2020 23:57",
            "open": "0.351874",
            "high": "0.351874",
            "low": "0.351874",
            "close": "0.351306"
        }
    ]
}