{
    "ZRX-EUR": [
        {
            "time": "31.12.2020 23:59",
            "open": "0.288207",
            "high": "0.288207",
            "low": "0.288207",
            "close": "0.288108"
        },
        {
            "time": "01.01.2021 00:03",
            "open": "0.288108",
            "high": "0.288108",
            "low": "0.288108",
            "close": "0.289577"
        },
        {
            "time": "01.01.2021 00:11",
            "open": "0.289577",
            "high": "0.289577",
            "low": "0.289577",
            "close": "0.290331"
        },
        {
            "time": "01.01.2021 00:12",
            "open": "0.290331",
            "high": "0.290331",
            "low": "0.290331",
            "close": "0.289074"
        },
        {
            "time": "01.01.2021 00:16",
            "open": "0.289074",
            "high": "0.289074",
            "low": "0.289074",
            "close": "0.288952"
        },
        {
            "time": "01.01.2021 00:47",
            "open": "0.288952",
            "high": "0.288952",
            "low": "0.288952",
            "close": "0.291127"
        },
        {
            "time": "01.01.2021 00:59",
            "open": "0.291127",
            "high": "0.291236",
            "low": "0.291127",
            "close": "0.291236"
        },
        {
            "time": "01.01.2021 01:03",
            "open": "0.291236",
            "high": "0.291236",
            "low": "0.291236",
            "close": "0.291346"
        },
        {
            "time": "01.01.2021 01:04",
            "open": "0.291346",
            "high": "0.29164",
            "low": "0.291346",
            "close": "0.291236"
        },
        {
            "time": "01.01.2021 01:07",
            "open": "0.291236",
            "high": "0.291236",
            "low": "0.291236",
            "close": "0.290693"
        },
        {
            "time": "01.01.2021 01:08",
            "open": "0.290693",
            "high": "0.290693",
            "low": "0.290693",
            "close": "0.289802"
        },
        {
            "time": "01.01.2021 01:09",
            "open": "0.289802",
            "high": "0.289802",
            "low": "0.289802",
            "close": "0.288994"
        },
        {
            "time": "01.01.2021 01:13",
            "open": "0.288994",
            "high": "0.288994",
            "low": "0.288994",
            "close": "0.289072"
        },
        {
            "time": "01.01.2021 01:14",
            "open": "0.289072",
            "high": "0.289072",
            "low": "0.289072",
            "close": "0.289065"
        },
        {
            "time": "01.01.2021 01:15",
            "open": "0.289065",
            "high": "0.289065",
            "low": "0.289065",
            "close": "0.289908"
        },
        {
            "time": "01.01.2021 01:16",
            "open": "0.289908",
            "high": "0.289908",
            "low": "0.289908",
            "close": "0.289115"
        },
        {
            "time": "01.01.2021 01:19",
            "open": "0.289115",
            "high": "0.289873",
            "low": "0.289115",
            "close": "0.289106"
        },
        {
            "time": "01.01.2021 01:22",
            "open": "0.289106",
            "high": "0.289106",
            "low": "0.289106",
            "close": "0.289116"
        },
        {
            "time": "01.01.2021 01:25",
            "open": "0.289116",
            "high": "0.289116",
            "low": "0.289116",
            "close": "0.288462"
        },
        {
            "time": "01.01.2021 01:26",
            "open": "0.288462",
            "high": "0.288462",
            "low": "0.288461",
            "close": "0.288472"
        },
        {
            "time": "01.01.2021 01:34",
            "open": "0.288475",
            "high": "0.288475",
            "low": "0.288475",
            "close": "0.289116"
        },
        {
            "time": "01.01.2021 01:46",
            "open": "0.289116",
            "high": "0.290118",
            "low": "0.289116",
            "close": "0.290282"
        },
        {
            "time": "01.01.2021 01:47",
            "open": "0.290282",
            "high": "0.290282",
            "low": "0.290282",
            "close": "0.290697"
        },
        {
            "time": "01.01.2021 01:51",
            "open": "0.290697",
            "high": "0.290697",
            "low": "0.290697",
            "close": "0.291743"
        },
        {
            "time": "01.01.2021 01:52",
            "open": "0.291743",
            "high": "0.292",
            "low": "0.291743",
            "close": "0.293196"
        },
        {
            "time": "01.01.2021 01:58",
            "open": "0.293196",
            "high": "0.293196",
            "low": "0.293196",
            "close": "0.293263"
        },
        {
            "time": "01.01.2021 02:00",
            "open": "0.293263",
            "high": "0.293263",
            "low": "0.293263",
            "close": "0.292701"
        },
        {
            "time": "01.01.2021 02:05",
            "open": "0.292701",
            "high": "0.292701",
            "low": "0.292701",
            "close": "0.292886"
        },
        {
            "time": "01.01.2021 02:06",
            "open": "0.292886",
            "high": "0.292886",
            "low": "0.292885",
            "close": "0.292558"
        },
        {
            "time": "01.01.2021 02:08",
            "open": "0.292558",
            "high": "0.292558",
            "low": "0.292558",
            "close": "0.293651"
        },
        {
            "time": "01.01.2021 02:09",
            "open": "0.293651",
            "high": "0.293653",
            "low": "0.293651",
            "close": "0.292558"
        },
        {
            "time": "01.01.2021 02:11",
            "open": "0.292558",
            "high": "0.292558",
            "low": "0.291858",
            "close": "0.290076"
        },
        {
            "time": "01.01.2021 02:12",
            "open": "0.290076",
            "high": "0.290076",
            "low": "0.289993",
            "close": "0.290068"
        },
        {
            "time": "01.01.2021 02:13",
            "open": "0.290068",
            "high": "0.290068",
            "low": "0.290068",
            "close": "0.290066"
        },
        {
            "time": "01.01.2021 02:15",
            "open": "0.290066",
            "high": "0.290068",
            "low": "0.290066",
            "close": "0.289498"
        },
        {
            "time": "01.01.2021 02:20",
            "open": "0.289498",
            "high": "0.289775",
            "low": "0.289498",
            "close": "0.29"
        },
        {
            "time": "01.01.2021 02:24",
            "open": "0.29",
            "high": "0.29",
            "low": "0.29",
            "close": "0.290967"
        },
        {
            "time": "01.01.2021 02:29",
            "open": "0.290967",
            "high": "0.290967",
            "low": "0.290967",
            "close": "0.291358"
        },
        {
            "time": "01.01.2021 02:41",
            "open": "0.291358",
            "high": "0.291429",
            "low": "0.291358",
            "close": "0.291997"
        },
        {
            "time": "01.01.2021 02:44",
            "open": "0.291997",
            "high": "0.293211",
            "low": "0.291997",
            "close": "0.294146"
        },
        {
            "time": "01.01.2021 02:49",
            "open": "0.294146",
            "high": "0.294161",
            "low": "0.294146",
            "close": "0.294531"
        },
        {
            "time": "01.01.2021 02:51",
            "open": "0.294531",
            "high": "0.295699",
            "low": "0.294531",
            "close": "0.295124"
        },
        {
            "time": "01.01.2021 02:52",
            "open": "0.295124",
            "high": "0.2957",
            "low": "0.295124",
            "close": "0.295157"
        },
        {
            "time": "01.01.2021 03:01",
            "open": "0.295157",
            "high": "0.295157",
            "low": "0.295157",
            "close": "0.294027"
        },
        {
            "time": "01.01.2021 03:03",
            "open": "0.294027",
            "high": "0.294791",
            "low": "0.294026",
            "close": "0.294791"
        },
        {
            "time": "01.01.2021 03:05",
            "open": "0.294791",
            "high": "0.295706",
            "low": "0.294791",
            "close": "0.295418"
        },
        {
            "time": "01.01.2021 03:25",
            "open": "0.295418",
            "high": "0.295418",
            "low": "0.295418",
            "close": "0.295496"
        },
        {
            "time": "01.01.2021 03:28",
            "open": "0.295496",
            "high": "0.295496",
            "low": "0.295496",
            "close": "0.295298"
        },
        {
            "time": "01.01.2021 03:48",
            "open": "0.295298",
            "high": "0.295298",
            "low": "0.295298",
            "close": "0.296099"
        },
        {
            "time": "01.01.2021 03:52",
            "open": "0.296099",
            "high": "0.296099",
            "low": "0.295722",
            "close": "0.294569"
        },
        {
            "time": "01.01.2021 03:54",
            "open": "0.294569",
            "high": "0.294569",
            "low": "0.294201",
            "close": "0.295131"
        },
        {
            "time": "01.01.2021 03:55",
            "open": "0.295131",
            "high": "0.295132",
            "low": "0.295131",
            "close": "0.295092"
        },
        {
            "time": "01.01.2021 04:01",
            "open": "0.295092",
            "high": "0.295092",
            "low": "0.295087",
            "close": "0.293918"
        },
        {
            "time": "01.01.2021 04:03",
            "open": "0.293918",
            "high": "0.293918",
            "low": "0.293918",
            "close": "0.293918"
        },
        {
            "time": "01.01.2021 04:04",
            "open": "0.293918",
            "high": "0.293918",
            "low": "0.293918",
            "close": "0.294132"
        },
        {
            "time": "01.01.2021 04:27",
            "open": "0.294132",
            "high": "0.294133",
            "low": "0.294132",
            "close": "0.294557"
        },
        {
            "time": "01.01.2021 04:35",
            "open": "0.294557",
            "high": "0.294558",
            "low": "0.294557",
            "close": "0.294752"
        },
        {
            "time": "01.01.2021 04:36",
            "open": "0.294752",
            "high": "0.294752",
            "low": "0.294752",
            "close": "0.295472"
        },
        {
            "time": "01.01.2021 04:39",
            "open": "0.295472",
            "high": "0.295472",
            "low": "0.295472",
            "close": "0.294186"
        },
        {
            "time": "01.01.2021 04:43",
            "open": "0.294186",
            "high": "0.294186",
            "low": "0.294185",
            "close": "0.293583"
        },
        {
            "time": "01.01.2021 04:44",
            "open": "0.293583",
            "high": "0.294275",
            "low": "0.293583",
            "close": "0.294678"
        },
        {
            "time": "01.01.2021 05:31",
            "open": "0.294678",
            "high": "0.294678",
            "low": "0.294678",
            "close": "0.294996"
        },
        {
            "time": "01.01.2021 05:33",
            "open": "0.294996",
            "high": "0.294996",
            "low": "0.294976",
            "close": "0.293751"
        },
        {
            "time": "01.01.2021 05:34",
            "open": "0.293751",
            "high": "0.293751",
            "low": "0.293751",
            "close": "0.293592"
        },
        {
            "time": "01.01.2021 05:41",
            "open": "0.293592",
            "high": "0.293592",
            "low": "0.293592",
            "close": "0.293592"
        },
        {
            "time": "01.01.2021 06:09",
            "open": "0.293592",
            "high": "0.293592",
            "low": "0.293592",
            "close": "0.293592"
        },
        {
            "time": "01.01.2021 06:39",
            "open": "0.293592",
            "high": "0.293592",
            "low": "0.293592",
            "close": "0.293592"
        },
        {
            "time": "01.01.2021 06:40",
            "open": "0.293592",
            "high": "0.293592",
            "low": "0.293592",
            "close": "0.293592"
        },
        {
            "time": "01.01.2021 06:52",
            "open": "0.293592",
            "high": "0.293592",
            "low": "0.292949",
            "close": "0.294676"
        },
        {
            "time": "01.01.2021 07:13",
            "open": "0.294676",
            "high": "0.294676",
            "low": "0.294676",
            "close": "0.293757"
        },
        {
            "time": "01.01.2021 07:24",
            "open": "0.293757",
            "high": "0.293757",
            "low": "0.293757",
            "close": "0.292736"
        },
        {
            "time": "01.01.2021 07:26",
            "open": "0.292736",
            "high": "0.292736",
            "low": "0.292514",
            "close": "0.291931"
        },
        {
            "time": "01.01.2021 07:28",
            "open": "0.291931",
            "high": "0.291931",
            "low": "0.29193",
            "close": "0.291514"
        },
        {
            "time": "01.01.2021 07:29",
            "open": "0.291514",
            "high": "0.291514",
            "low": "0.291513",
            "close": "0.29201"
        },
        {
            "time": "01.01.2021 07:36",
            "open": "0.29201",
            "high": "0.292011",
            "low": "0.29201",
            "close": "0.291985"
        },
        {
            "time": "01.01.2021 08:06",
            "open": "0.291985",
            "high": "0.291985",
            "low": "0.291985",
            "close": "0.290895"
        },
        {
            "time": "01.01.2021 08:13",
            "open": "0.290895",
            "high": "0.290895",
            "low": "0.290895",
            "close": "0.290989"
        },
        {
            "time": "01.01.2021 08:16",
            "open": "0.290989",
            "high": "0.290989",
            "low": "0.290989",
            "close": "0.292273"
        },
        {
            "time": "01.01.2021 08:18",
            "open": "0.292273",
            "high": "0.292273",
            "low": "0.292273",
            "close": "0.290812"
        },
        {
            "time": "01.01.2021 08:31",
            "open": "0.290812",
            "high": "0.290812",
            "low": "0.290812",
            "close": "0.291068"
        },
        {
            "time": "01.01.2021 08:39",
            "open": "0.291068",
            "high": "0.291068",
            "low": "0.291068",
            "close": "0.291802"
        },
        {
            "time": "01.01.2021 08:57",
            "open": "0.291802",
            "high": "0.291802",
            "low": "0.291802",
            "close": "0.291086"
        },
        {
            "time": "01.01.2021 09:03",
            "open": "0.291086",
            "high": "0.291086",
            "low": "0.290842",
            "close": "0.291332"
        },
        {
            "time": "01.01.2021 09:05",
            "open": "0.291332",
            "high": "0.291332",
            "low": "0.29076",
            "close": "0.289624"
        },
        {
            "time": "01.01.2021 09:21",
            "open": "0.289624",
            "high": "0.289624",
            "low": "0.289624",
            "close": "0.288415"
        },
        {
            "time": "01.01.2021 09:22",
            "open": "0.288415",
            "high": "0.289043",
            "low": "0.288415",
            "close": "0.289629"
        },
        {
            "time": "01.01.2021 09:24",
            "open": "0.289629",
            "high": "0.289629",
            "low": "0.289629",
            "close": "0.290344"
        },
        {
            "time": "01.01.2021 09:42",
            "open": "0.290344",
            "high": "0.290344",
            "low": "0.290344",
            "close": "0.289629"
        },
        {
            "time": "01.01.2021 09:43",
            "open": "0.289629",
            "high": "0.289629",
            "low": "0.289629",
            "close": "0.288346"
        },
        {
            "time": "01.01.2021 09:44",
            "open": "0.288346",
            "high": "0.288346",
            "low": "0.288346",
            "close": "0.289132"
        },
        {
            "time": "01.01.2021 09:48",
            "open": "0.289132",
            "high": "0.289132",
            "low": "0.289132",
            "close": "0.290354"
        },
        {
            "time": "01.01.2021 09:51",
            "open": "0.290354",
            "high": "0.290354",
            "low": "0.290354",
            "close": "0.290411"
        },
        {
            "time": "01.01.2021 09:58",
            "open": "0.290411",
            "high": "0.290411",
            "low": "0.290411",
            "close": "0.290467"
        },
        {
            "time": "01.01.2021 10:03",
            "open": "0.290467",
            "high": "0.290467",
            "low": "0.290467",
            "close": "0.289752"
        },
        {
            "time": "01.01.2021 10:10",
            "open": "0.289752",
            "high": "0.289752",
            "low": "0.289752",
            "close": "0.290411"
        },
        {
            "time": "01.01.2021 10:13",
            "open": "0.290411",
            "high": "0.290411",
            "low": "0.290411",
            "close": "0.290061"
        },
        {
            "time": "01.01.2021 10:14",
            "open": "0.290061",
            "high": "0.290314",
            "low": "0.290061",
            "close": "0.290508"
        },
        {
            "time": "01.01.2021 10:15",
            "open": "0.290508",
            "high": "0.290508",
            "low": "0.290508",
            "close": "0.29041"
        },
        {
            "time": "01.01.2021 10:18",
            "open": "0.29041",
            "high": "0.29041",
            "low": "0.29041",
            "close": "0.290909"
        },
        {
            "time": "01.01.2021 10:24",
            "open": "0.290909",
            "high": "0.290909",
            "low": "0.290909",
            "close": "0.290027"
        },
        {
            "time": "01.01.2021 10:30",
            "open": "0.290027",
            "high": "0.290027",
            "low": "0.290027",
            "close": "0.290043"
        },
        {
            "time": "01.01.2021 10:31",
            "open": "0.290043",
            "high": "0.290043",
            "low": "0.290043",
            "close": "0.290122"
        },
        {
            "time": "01.01.2021 10:35",
            "open": "0.290122",
            "high": "0.29115",
            "low": "0.290122",
            "close": "0.290369"
        },
        {
            "time": "01.01.2021 10:36",
            "open": "0.290369",
            "high": "0.290369",
            "low": "0.290369",
            "close": "0.290526"
        },
        {
            "time": "01.01.2021 10:42",
            "open": "0.290526",
            "high": "0.290526",
            "low": "0.290526",
            "close": "0.290584"
        },
        {
            "time": "01.01.2021 10:44",
            "open": "0.290584",
            "high": "0.290584",
            "low": "0.290584",
            "close": "0.290676"
        },
        {
            "time": "01.01.2021 10:54",
            "open": "0.290676",
            "high": "0.290676",
            "low": "0.290638",
            "close": "0.290702"
        },
        {
            "time": "01.01.2021 10:55",
            "open": "0.290702",
            "high": "0.29161",
            "low": "0.290702",
            "close": "0.2914"
        },
        {
            "time": "01.01.2021 10:56",
            "open": "0.2914",
            "high": "0.2914",
            "low": "0.2914",
            "close": "0.292375"
        },
        {
            "time": "01.01.2021 11:03",
            "open": "0.292375",
            "high": "0.293018",
            "low": "0.292375",
            "close": "0.29251"
        },
        {
            "time": "01.01.2021 11:04",
            "open": "0.29251",
            "high": "0.29251",
            "low": "0.29251",
            "close": "0.292821"
        },
        {
            "time": "01.01.2021 11:06",
            "open": "0.292821",
            "high": "0.292821",
            "low": "0.292821",
            "close": "0.29385"
        },
        {
            "time": "01.01.2021 11:09",
            "open": "0.29385",
            "high": "0.29385",
            "low": "0.29385",
            "close": "0.292177"
        },
        {
            "time": "01.01.2021 11:13",
            "open": "0.292177",
            "high": "0.292177",
            "low": "0.292177",
            "close": "0.293"
        },
        {
            "time": "01.01.2021 11:19",
            "open": "0.293",
            "high": "0.293",
            "low": "0.293",
            "close": "0.292968"
        },
        {
            "time": "01.01.2021 11:22",
            "open": "0.292968",
            "high": "0.292968",
            "low": "0.292968",
            "close": "0.293851"
        },
        {
            "time": "01.01.2021 11:23",
            "open": "0.293851",
            "high": "0.293851",
            "low": "0.293851",
            "close": "0.293851"
        },
        {
            "time": "01.01.2021 11:28",
            "open": "0.293851",
            "high": "0.293851",
            "low": "0.293786",
            "close": "0.293546"
        },
        {
            "time": "01.01.2021 11:29",
            "open": "0.293546",
            "high": "0.293546",
            "low": "0.293546",
            "close": "0.29385"
        },
        {
            "time": "01.01.2021 11:33",
            "open": "0.29385",
            "high": "0.29385",
            "low": "0.29385",
            "close": "0.293821"
        },
        {
            "time": "01.01.2021 11:34",
            "open": "0.293821",
            "high": "0.293821",
            "low": "0.293806",
            "close": "0.29385"
        },
        {
            "time": "01.01.2021 11:38",
            "open": "0.29385",
            "high": "0.29385",
            "low": "0.29385",
            "close": "0.29385"
        },
        {
            "time": "01.01.2021 11:40",
            "open": "0.29385",
            "high": "0.2939",
            "low": "0.29385",
            "close": "0.293899"
        },
        {
            "time": "01.01.2021 11:41",
            "open": "0.293899",
            "high": "0.2939",
            "low": "0.293864",
            "close": "0.2939"
        },
        {
            "time": "01.01.2021 11:42",
            "open": "0.2939",
            "high": "0.294473",
            "low": "0.2939",
            "close": "0.295046"
        },
        {
            "time": "01.01.2021 11:46",
            "open": "0.295046",
            "high": "0.295046",
            "low": "0.294965",
            "close": "0.294908"
        },
        {
            "time": "01.01.2021 11:48",
            "open": "0.294908",
            "high": "0.294908",
            "low": "0.294908",
            "close": "0.295046"
        },
        {
            "time": "01.01.2021 11:49",
            "open": "0.295046",
            "high": "0.296378",
            "low": "0.295046",
            "close": "0.296379"
        },
        {
            "time": "01.01.2021 11:50",
            "open": "0.296379",
            "high": "0.296379",
            "low": "0.296379",
            "close": "0.29564"
        },
        {
            "time": "01.01.2021 11:51",
            "open": "0.29564",
            "high": "0.29564",
            "low": "0.29564",
            "close": "0.295246"
        },
        {
            "time": "01.01.2021 11:52",
            "open": "0.295246",
            "high": "0.295246",
            "low": "0.294438",
            "close": "0.294657"
        },
        {
            "time": "01.01.2021 11:56",
            "open": "0.294657",
            "high": "0.294659",
            "low": "0.294657",
            "close": "0.295471"
        },
        {
            "time": "01.01.2021 11:57",
            "open": "0.295471",
            "high": "0.295471",
            "low": "0.295471",
            "close": "0.296112"
        },
        {
            "time": "01.01.2021 12:08",
            "open": "0.296112",
            "high": "0.296112",
            "low": "0.296112",
            "close": "0.29523"
        },
        {
            "time": "01.01.2021 12:16",
            "open": "0.29523",
            "high": "0.296288",
            "low": "0.29523",
            "close": "0.295992"
        },
        {
            "time": "01.01.2021 12:17",
            "open": "0.295992",
            "high": "0.295992",
            "low": "0.295992",
            "close": "0.296306"
        },
        {
            "time": "01.01.2021 12:18",
            "open": "0.296306",
            "high": "0.296306",
            "low": "0.296306",
            "close": "0.29671"
        },
        {
            "time": "01.01.2021 12:20",
            "open": "0.29671",
            "high": "0.29671",
            "low": "0.296709",
            "close": "0.29671"
        },
        {
            "time": "01.01.2021 12:22",
            "open": "0.29671",
            "high": "0.297",
            "low": "0.29671",
            "close": "0.295203"
        },
        {
            "time": "01.01.2021 12:25",
            "open": "0.295203",
            "high": "0.295203",
            "low": "0.293267",
            "close": "0.293887"
        },
        {
            "time": "01.01.2021 12:26",
            "open": "0.293887",
            "high": "0.293887",
            "low": "0.293887",
            "close": "0.294078"
        },
        {
            "time": "01.01.2021 12:27",
            "open": "0.294078",
            "high": "0.294078",
            "low": "0.294078",
            "close": "0.293887"
        },
        {
            "time": "01.01.2021 12:28",
            "open": "0.293887",
            "high": "0.293887",
            "low": "0.293887",
            "close": "0.294481"
        },
        {
            "time": "01.01.2021 12:30",
            "open": "0.294481",
            "high": "0.294481",
            "low": "0.294481",
            "close": "0.294332"
        },
        {
            "time": "01.01.2021 12:34",
            "open": "0.294332",
            "high": "0.294332",
            "low": "0.294332",
            "close": "0.294008"
        },
        {
            "time": "01.01.2021 12:37",
            "open": "0.294008",
            "high": "0.294008",
            "low": "0.294008",
            "close": "0.294689"
        },
        {
            "time": "01.01.2021 12:39",
            "open": "0.294689",
            "high": "0.294689",
            "low": "0.294689",
            "close": "0.295508"
        },
        {
            "time": "01.01.2021 12:40",
            "open": "0.295508",
            "high": "0.295508",
            "low": "0.295508",
            "close": "0.294891"
        },
        {
            "time": "01.01.2021 12:46",
            "open": "0.294891",
            "high": "0.294891",
            "low": "0.294505",
            "close": "0.295488"
        },
        {
            "time": "01.01.2021 12:49",
            "open": "0.295488",
            "high": "0.295488",
            "low": "0.291651",
            "close": "0.294087"
        },
        {
            "time": "01.01.2021 12:51",
            "open": "0.294087",
            "high": "0.294087",
            "low": "0.294087",
            "close": "0.294529"
        },
        {
            "time": "01.01.2021 12:54",
            "open": "0.294529",
            "high": "0.294529",
            "low": "0.294529",
            "close": "0.294937"
        },
        {
            "time": "01.01.2021 12:57",
            "open": "0.294937",
            "high": "0.294937",
            "low": "0.294937",
            "close": "0.295904"
        },
        {
            "time": "01.01.2021 13:01",
            "open": "0.295904",
            "high": "0.297",
            "low": "0.295904",
            "close": "0.297"
        },
        {
            "time": "01.01.2021 13:02",
            "open": "0.297",
            "high": "0.29711",
            "low": "0.296628",
            "close": "0.29711"
        },
        {
            "time": "01.01.2021 13:03",
            "open": "0.29711",
            "high": "0.297188",
            "low": "0.29711",
            "close": "0.297188"
        },
        {
            "time": "01.01.2021 13:13",
            "open": "0.300141",
            "high": "0.300779",
            "low": "0.300141",
            "close": "0.30034"
        },
        {
            "time": "01.01.2021 13:14",
            "open": "0.30034",
            "high": "0.30034",
            "low": "0.299504",
            "close": "0.298882"
        },
        {
            "time": "01.01.2021 13:15",
            "open": "0.298882",
            "high": "0.298882",
            "low": "0.298882",
            "close": "0.299559"
        },
        {
            "time": "01.01.2021 13:16",
            "open": "0.299559",
            "high": "0.300259",
            "low": "0.299152",
            "close": "0.30078"
        },
        {
            "time": "01.01.2021 13:19",
            "open": "0.30078",
            "high": "0.301",
            "low": "0.30078",
            "close": "0.301996"
        },
        {
            "time": "01.01.2021 13:20",
            "open": "0.301996",
            "high": "0.302",
            "low": "0.301996",
            "close": "0.302"
        },
        {
            "time": "01.01.2021 13:21",
            "open": "0.302",
            "high": "0.302286",
            "low": "0.301516",
            "close": "0.302286"
        },
        {
            "time": "01.01.2021 13:22",
            "open": "0.302286",
            "high": "0.303953",
            "low": "0.302286",
            "close": "0.303624"
        },
        {
            "time": "01.01.2021 13:23",
            "open": "0.303624",
            "high": "0.303624",
            "low": "0.303624",
            "close": "0.302476"
        },
        {
            "time": "01.01.2021 13:24",
            "open": "0.302476",
            "high": "0.302515",
            "low": "0.302476",
            "close": "0.303573"
        },
        {
            "time": "01.01.2021 13:25",
            "open": "0.303573",
            "high": "0.303573",
            "low": "0.303313",
            "close": "0.303024"
        },
        {
            "time": "01.01.2021 13:27",
            "open": "0.303024",
            "high": "0.303024",
            "low": "0.303024",
            "close": "0.30328"
        },
        {
            "time": "01.01.2021 13:28",
            "open": "0.30328",
            "high": "0.30328",
            "low": "0.30328",
            "close": "0.303313"
        },
        {
            "time": "01.01.2021 13:29",
            "open": "0.303313",
            "high": "0.303313",
            "low": "0.303076",
            "close": "0.303948"
        },
        {
            "time": "01.01.2021 13:30",
            "open": "0.303948",
            "high": "0.303948",
            "low": "0.303941",
            "close": "0.302318"
        },
        {
            "time": "01.01.2021 13:32",
            "open": "0.302318",
            "high": "0.302318",
            "low": "0.302318",
            "close": "0.301524"
        },
        {
            "time": "01.01.2021 13:34",
            "open": "0.301524",
            "high": "0.301524",
            "low": "0.301523",
            "close": "0.301786"
        },
        {
            "time": "01.01.2021 13:38",
            "open": "0.301786",
            "high": "0.301786",
            "low": "0.301786",
            "close": "0.3007"
        },
        {
            "time": "01.01.2021 13:39",
            "open": "0.3007",
            "high": "0.3007",
            "low": "0.3007",
            "close": "0.301734"
        },
        {
            "time": "01.01.2021 13:40",
            "open": "0.301734",
            "high": "0.301734",
            "low": "0.301734",
            "close": "0.303597"
        },
        {
            "time": "01.01.2021 13:43",
            "open": "0.303597",
            "high": "0.303597",
            "low": "0.303597",
            "close": "0.302841"
        },
        {
            "time": "01.01.2021 13:44",
            "open": "0.302841",
            "high": "0.302841",
            "low": "0.301992",
            "close": "0.3025"
        },
        {
            "time": "01.01.2021 13:50",
            "open": "0.3025",
            "high": "0.302501",
            "low": "0.301545",
            "close": "0.3018"
        },
        {
            "time": "01.01.2021 13:52",
            "open": "0.3018",
            "high": "0.3018",
            "low": "0.301036",
            "close": "0.299"
        },
        {
            "time": "01.01.2021 13:57",
            "open": "0.299",
            "high": "0.299",
            "low": "0.298973",
            "close": "0.298835"
        },
        {
            "time": "01.01.2021 13:59",
            "open": "0.298835",
            "high": "0.298835",
            "low": "0.298255",
            "close": "0.298693"
        },
        {
            "time": "01.01.2021 14:00",
            "open": "0.298693",
            "high": "0.298693",
            "low": "0.298693",
            "close": "0.299559"
        },
        {
            "time": "01.01.2021 14:01",
            "open": "0.299559",
            "high": "0.299559",
            "low": "0.299559",
            "close": "0.299884"
        },
        {
            "time": "01.01.2021 14:05",
            "open": "0.299884",
            "high": "0.299885",
            "low": "0.299697",
            "close": "0.299022"
        },
        {
            "time": "01.01.2021 14:06",
            "open": "0.299022",
            "high": "0.299022",
            "low": "0.299021",
            "close": "0.299719"
        },
        {
            "time": "01.01.2021 14:12",
            "open": "0.299719",
            "high": "0.299719",
            "low": "0.299718",
            "close": "0.300801"
        },
        {
            "time": "01.01.2021 14:14",
            "open": "0.300801",
            "high": "0.300801",
            "low": "0.299998",
            "close": "0.300676"
        },
        {
            "time": "01.01.2021 14:15",
            "open": "0.300676",
            "high": "0.300676",
            "low": "0.300676",
            "close": "0.299868"
        },
        {
            "time": "01.01.2021 14:16",
            "open": "0.299868",
            "high": "0.30013",
            "low": "0.299868",
            "close": "0.300997"
        },
        {
            "time": "01.01.2021 14:20",
            "open": "0.300997",
            "high": "0.301984",
            "low": "0.300997",
            "close": "0.301356"
        },
        {
            "time": "01.01.2021 14:21",
            "open": "0.301356",
            "high": "0.302037",
            "low": "0.301353",
            "close": "0.302037"
        },
        {
            "time": "01.01.2021 14:22",
            "open": "0.302037",
            "high": "0.302037",
            "low": "0.302037",
            "close": "0.301819"
        },
        {
            "time": "01.01.2021 14:24",
            "open": "0.301819",
            "high": "0.301819",
            "low": "0.3017",
            "close": "0.302314"
        },
        {
            "time": "01.01.2021 14:27",
            "open": "0.302314",
            "high": "0.302314",
            "low": "0.302314",
            "close": "0.302427"
        },
        {
            "time": "01.01.2021 14:30",
            "open": "0.302427",
            "high": "0.302427",
            "low": "0.302427",
            "close": "0.302152"
        },
        {
            "time": "01.01.2021 14:31",
            "open": "0.302152",
            "high": "0.302152",
            "low": "0.302152",
            "close": "0.3017"
        },
        {
            "time": "01.01.2021 14:34",
            "open": "0.3017",
            "high": "0.3017",
            "low": "0.3017",
            "close": "0.301951"
        },
        {
            "time": "01.01.2021 14:36",
            "open": "0.301951",
            "high": "0.301951",
            "low": "0.301951",
            "close": "0.302408"
        },
        {
            "time": "01.01.2021 14:37",
            "open": "0.302408",
            "high": "0.30241",
            "low": "0.302407",
            "close": "0.302354"
        },
        {
            "time": "01.01.2021 14:38",
            "open": "0.302354",
            "high": "0.302354",
            "low": "0.302354",
            "close": "0.3025"
        },
        {
            "time": "01.01.2021 14:42",
            "open": "0.3025",
            "high": "0.3025",
            "low": "0.3025",
            "close": "0.302482"
        },
        {
            "time": "01.01.2021 14:43",
            "open": "0.302482",
            "high": "0.302482",
            "low": "0.302482",
            "close": "0.302983"
        },
        {
            "time": "01.01.2021 14:45",
            "open": "0.302983",
            "high": "0.304126",
            "low": "0.302982",
            "close": "0.303351"
        },
        {
            "time": "01.01.2021 14:51",
            "open": "0.303351",
            "high": "0.303351",
            "low": "0.30335",
            "close": "0.303571"
        },
        {
            "time": "01.01.2021 14:54",
            "open": "0.303571",
            "high": "0.303571",
            "low": "0.303571",
            "close": "0.30336"
        },
        {
            "time": "01.01.2021 14:56",
            "open": "0.30336",
            "high": "0.30336",
            "low": "0.303244",
            "close": "0.303244"
        },
        {
            "time": "01.01.2021 15:01",
            "open": "0.303244",
            "high": "0.303244",
            "low": "0.303244",
            "close": "0.303197"
        },
        {
            "time": "01.01.2021 15:02",
            "open": "0.303197",
            "high": "0.303197",
            "low": "0.303197",
            "close": "0.3032"
        },
        {
            "time": "01.01.2021 15:03",
            "open": "0.3032",
            "high": "0.3032",
            "low": "0.3032",
            "close": "0.304216"
        },
        {
            "time": "01.01.2021 15:05",
            "open": "0.304216",
            "high": "0.304216",
            "low": "0.304216",
            "close": "0.304045"
        },
        {
            "time": "01.01.2021 15:06",
            "open": "0.304045",
            "high": "0.304045",
            "low": "0.304045",
            "close": "0.30415"
        },
        {
            "time": "01.01.2021 15:10",
            "open": "0.30415",
            "high": "0.30415",
            "low": "0.30415",
            "close": "0.303609"
        },
        {
            "time": "01.01.2021 15:14",
            "open": "0.303609",
            "high": "0.303609",
            "low": "0.303609",
            "close": "0.304082"
        },
        {
            "time": "01.01.2021 15:16",
            "open": "0.304082",
            "high": "0.304082",
            "low": "0.304082",
            "close": "0.304082"
        },
        {
            "time": "01.01.2021 15:20",
            "open": "0.304082",
            "high": "0.3049",
            "low": "0.304042",
            "close": "0.3049"
        },
        {
            "time": "01.01.2021 15:21",
            "open": "0.3049",
            "high": "0.306",
            "low": "0.3049",
            "close": "0.306055"
        },
        {
            "time": "01.01.2021 15:22",
            "open": "0.306055",
            "high": "0.306055",
            "low": "0.306039",
            "close": "0.3063"
        },
        {
            "time": "01.01.2021 15:26",
            "open": "0.3063",
            "high": "0.306879",
            "low": "0.306101",
            "close": "0.306881"
        },
        {
            "time": "01.01.2021 15:28",
            "open": "0.306881",
            "high": "0.306953",
            "low": "0.306881",
            "close": "0.306976"
        },
        {
            "time": "01.01.2021 15:32",
            "open": "0.306976",
            "high": "0.306976",
            "low": "0.306976",
            "close": "0.306996"
        },
        {
            "time": "01.01.2021 15:39",
            "open": "0.306996",
            "high": "0.307228",
            "low": "0.306996",
            "close": "0.3075"
        },
        {
            "time": "01.01.2021 15:41",
            "open": "0.3075",
            "high": "0.3075",
            "low": "0.3075",
            "close": "0.30799"
        },
        {
            "time": "01.01.2021 15:43",
            "open": "0.30799",
            "high": "0.307999",
            "low": "0.30799",
            "close": "0.307919"
        },
        {
            "time": "01.01.2021 15:44",
            "open": "0.307919",
            "high": "0.307919",
            "low": "0.305856",
            "close": "0.305798"
        },
        {
            "time": "01.01.2021 15:45",
            "open": "0.305798",
            "high": "0.305907",
            "low": "0.305798",
            "close": "0.305181"
        },
        {
            "time": "01.01.2021 15:46",
            "open": "0.305181",
            "high": "0.305181",
            "low": "0.305181",
            "close": "0.305233"
        },
        {
            "time": "01.01.2021 15:47",
            "open": "0.305233",
            "high": "0.305233",
            "low": "0.305233",
            "close": "0.305157"
        },
        {
            "time": "01.01.2021 15:49",
            "open": "0.305157",
            "high": "0.305157",
            "low": "0.305157",
            "close": "0.305347"
        },
        {
            "time": "01.01.2021 15:50",
            "open": "0.305347",
            "high": "0.305347",
            "low": "0.304437",
            "close": "0.304277"
        },
        {
            "time": "01.01.2021 15:51",
            "open": "0.304277",
            "high": "0.304277",
            "low": "0.304277",
            "close": "0.305012"
        },
        {
            "time": "01.01.2021 15:52",
            "open": "0.305012",
            "high": "0.305012",
            "low": "0.305012",
            "close": "0.305111"
        },
        {
            "time": "01.01.2021 15:59",
            "open": "0.305111",
            "high": "0.305111",
            "low": "0.305111",
            "close": "0.304286"
        },
        {
            "time": "01.01.2021 16:07",
            "open": "0.304286",
            "high": "0.304286",
            "low": "0.304286",
            "close": "0.305111"
        },
        {
            "time": "01.01.2021 16:12",
            "open": "0.305111",
            "high": "0.305111",
            "low": "0.305",
            "close": "0.305001"
        },
        {
            "time": "01.01.2021 16:13",
            "open": "0.305001",
            "high": "0.305001",
            "low": "0.305001",
            "close": "0.3049"
        },
        {
            "time": "01.01.2021 16:14",
            "open": "0.3049",
            "high": "0.305",
            "low": "0.3049",
            "close": "0.305111"
        },
        {
            "time": "01.01.2021 16:16",
            "open": "0.305111",
            "high": "0.3055",
            "low": "0.305111",
            "close": "0.3055"
        },
        {
            "time": "01.01.2021 16:17",
            "open": "0.3055",
            "high": "0.306456",
            "low": "0.3055",
            "close": "0.305838"
        },
        {
            "time": "01.01.2021 16:18",
            "open": "0.305838",
            "high": "0.305838",
            "low": "0.305838",
            "close": "0.3068"
        },
        {
            "time": "01.01.2021 16:19",
            "open": "0.3068",
            "high": "0.307184",
            "low": "0.3068",
            "close": "0.306991"
        },
        {
            "time": "01.01.2021 16:20",
            "open": "0.306991",
            "high": "0.306991",
            "low": "0.306969",
            "close": "0.306495"
        },
        {
            "time": "01.01.2021 16:21",
            "open": "0.306495",
            "high": "0.306495",
            "low": "0.305835",
            "close": "0.305835"
        },
        {
            "time": "01.01.2021 16:22",
            "open": "0.305835",
            "high": "0.305835",
            "low": "0.305835",
            "close": "0.305111"
        },
        {
            "time": "01.01.2021 16:24",
            "open": "0.305111",
            "high": "0.305111",
            "low": "0.305001",
            "close": "0.304529"
        },
        {
            "time": "01.01.2021 16:25",
            "open": "0.304529",
            "high": "0.304529",
            "low": "0.304529",
            "close": "0.303996"
        },
        {
            "time": "01.01.2021 16:26",
            "open": "0.303996",
            "high": "0.304804",
            "low": "0.303996",
            "close": "0.304219"
        },
        {
            "time": "01.01.2021 16:29",
            "open": "0.304219",
            "high": "0.304219",
            "low": "0.304219",
            "close": "0.304266"
        },
        {
            "time": "01.01.2021 16:30",
            "open": "0.304266",
            "high": "0.304266",
            "low": "0.304266",
            "close": "0.304234"
        },
        {
            "time": "01.01.2021 16:31",
            "open": "0.304234",
            "high": "0.304294",
            "low": "0.303481",
            "close": "0.303583"
        },
        {
            "time": "01.01.2021 16:32",
            "open": "0.303583",
            "high": "0.303583",
            "low": "0.303481",
            "close": "0.303481"
        },
        {
            "time": "01.01.2021 16:34",
            "open": "0.303481",
            "high": "0.303481",
            "low": "0.303481",
            "close": "0.302973"
        },
        {
            "time": "01.01.2021 16:35",
            "open": "0.302973",
            "high": "0.302973",
            "low": "0.302973",
            "close": "0.302746"
        },
        {
            "time": "01.01.2021 16:36",
            "open": "0.302746",
            "high": "0.302746",
            "low": "0.302746",
            "close": "0.301633"
        },
        {
            "time": "01.01.2021 16:37",
            "open": "0.301633",
            "high": "0.301633",
            "low": "0.301632",
            "close": "0.299863"
        },
        {
            "time": "01.01.2021 16:38",
            "open": "0.299863",
            "high": "0.300445",
            "low": "0.299728",
            "close": "0.29994"
        },
        {
            "time": "01.01.2021 16:41",
            "open": "0.29994",
            "high": "0.29994",
            "low": "0.29994",
            "close": "0.301019"
        },
        {
            "time": "01.01.2021 16:42",
            "open": "0.301019",
            "high": "0.301019",
            "low": "0.301019",
            "close": "0.301734"
        },
        {
            "time": "01.01.2021 16:44",
            "open": "0.301734",
            "high": "0.301734",
            "low": "0.301734",
            "close": "0.302199"
        },
        {
            "time": "01.01.2021 16:51",
            "open": "0.302199",
            "high": "0.302211",
            "low": "0.302199",
            "close": "0.302742"
        },
        {
            "time": "01.01.2021 16:57",
            "open": "0.302742",
            "high": "0.302742",
            "low": "0.302742",
            "close": "0.303421"
        },
        {
            "time": "01.01.2021 17:00",
            "open": "0.303421",
            "high": "0.303423",
            "low": "0.30342",
            "close": "0.303481"
        },
        {
            "time": "01.01.2021 17:01",
            "open": "0.303481",
            "high": "0.303481",
            "low": "0.303481",
            "close": "0.303483"
        },
        {
            "time": "01.01.2021 17:02",
            "open": "0.303483",
            "high": "0.303483",
            "low": "0.303284",
            "close": "0.302016"
        },
        {
            "time": "01.01.2021 17:04",
            "open": "0.302016",
            "high": "0.302016",
            "low": "0.302016",
            "close": "0.302488"
        },
        {
            "time": "01.01.2021 17:07",
            "open": "0.302488",
            "high": "0.302488",
            "low": "0.302488",
            "close": "0.30269"
        },
        {
            "time": "01.01.2021 17:08",
            "open": "0.30269",
            "high": "0.30269",
            "low": "0.30269",
            "close": "0.302689"
        },
        {
            "time": "01.01.2021 17:14",
            "open": "0.302689",
            "high": "0.302689",
            "low": "0.30233",
            "close": "0.30217"
        },
        {
            "time": "01.01.2021 17:15",
            "open": "0.30217",
            "high": "0.30217",
            "low": "0.30217",
            "close": "0.302415"
        },
        {
            "time": "01.01.2021 17:16",
            "open": "0.302415",
            "high": "0.302415",
            "low": "0.302415",
            "close": "0.301152"
        },
        {
            "time": "01.01.2021 17:17",
            "open": "0.301152",
            "high": "0.301152",
            "low": "0.301152",
            "close": "0.300069"
        },
        {
            "time": "01.01.2021 17:18",
            "open": "0.300069",
            "high": "0.300069",
            "low": "0.300069",
            "close": "0.302336"
        },
        {
            "time": "01.01.2021 17:21",
            "open": "0.302336",
            "high": "0.302337",
            "low": "0.301931",
            "close": "0.300662"
        },
        {
            "time": "01.01.2021 17:22",
            "open": "0.300662",
            "high": "0.300662",
            "low": "0.300662",
            "close": "0.300662"
        },
        {
            "time": "01.01.2021 17:23",
            "open": "0.300662",
            "high": "0.30142",
            "low": "0.300662",
            "close": "0.301606"
        },
        {
            "time": "01.01.2021 17:25",
            "open": "0.301606",
            "high": "0.301606",
            "low": "0.301606",
            "close": "0.301767"
        },
        {
            "time": "01.01.2021 17:31",
            "open": "0.301767",
            "high": "0.301767",
            "low": "0.301767",
            "close": "0.301173"
        },
        {
            "time": "01.01.2021 17:32",
            "open": "0.301173",
            "high": "0.301173",
            "low": "0.301173",
            "close": "0.301169"
        },
        {
            "time": "01.01.2021 17:33",
            "open": "0.301169",
            "high": "0.301169",
            "low": "0.300332",
            "close": "0.300184"
        },
        {
            "time": "01.01.2021 17:34",
            "open": "0.300184",
            "high": "0.300184",
            "low": "0.300184",
            "close": "0.299628"
        },
        {
            "time": "01.01.2021 17:35",
            "open": "0.299628",
            "high": "0.299628",
            "low": "0.299628",
            "close": "0.300313"
        },
        {
            "time": "01.01.2021 17:37",
            "open": "0.300313",
            "high": "0.300313",
            "low": "0.300313",
            "close": "0.299628"
        },
        {
            "time": "01.01.2021 17:39",
            "open": "0.299628",
            "high": "0.299628",
            "low": "0.299628",
            "close": "0.298843"
        },
        {
            "time": "01.01.2021 17:40",
            "open": "0.298843",
            "high": "0.298843",
            "low": "0.298843",
            "close": "0.299656"
        },
        {
            "time": "01.01.2021 17:41",
            "open": "0.299656",
            "high": "0.299656",
            "low": "0.299656",
            "close": "0.299228"
        },
        {
            "time": "01.01.2021 17:44",
            "open": "0.299228",
            "high": "0.299228",
            "low": "0.299182",
            "close": "0.300026"
        },
        {
            "time": "01.01.2021 17:45",
            "open": "0.300026",
            "high": "0.300026",
            "low": "0.300026",
            "close": "0.300025"
        },
        {
            "time": "01.01.2021 17:47",
            "open": "0.300025",
            "high": "0.300025",
            "low": "0.300025",
            "close": "0.300015"
        },
        {
            "time": "01.01.2021 17:51",
            "open": "0.300015",
            "high": "0.300015",
            "low": "0.300015",
            "close": "0.299602"
        },
        {
            "time": "01.01.2021 17:52",
            "open": "0.299602",
            "high": "0.299602",
            "low": "0.299372",
            "close": "0.299371"
        },
        {
            "time": "01.01.2021 17:53",
            "open": "0.299371",
            "high": "0.299371",
            "low": "0.299371",
            "close": "0.299265"
        },
        {
            "time": "01.01.2021 17:54",
            "open": "0.299265",
            "high": "0.299265",
            "low": "0.299265",
            "close": "0.299094"
        },
        {
            "time": "01.01.2021 17:56",
            "open": "0.299094",
            "high": "0.299094",
            "low": "0.299094",
            "close": "0.299278"
        },
        {
            "time": "01.01.2021 17:57",
            "open": "0.299278",
            "high": "0.299279",
            "low": "0.299278",
            "close": "0.29922"
        },
        {
            "time": "01.01.2021 18:00",
            "open": "0.29922",
            "high": "0.29922",
            "low": "0.29922",
            "close": "0.299507"
        },
        {
            "time": "01.01.2021 18:02",
            "open": "0.299507",
            "high": "0.299507",
            "low": "0.299507",
            "close": "0.299602"
        },
        {
            "time": "01.01.2021 18:03",
            "open": "0.299602",
            "high": "0.299605",
            "low": "0.299602",
            "close": "0.300024"
        },
        {
            "time": "01.01.2021 18:04",
            "open": "0.300024",
            "high": "0.300026",
            "low": "0.300024",
            "close": "0.30111"
        },
        {
            "time": "01.01.2021 18:06",
            "open": "0.30111",
            "high": "0.30111",
            "low": "0.300431",
            "close": "0.301085"
        },
        {
            "time": "01.01.2021 18:07",
            "open": "0.301085",
            "high": "0.301085",
            "low": "0.301085",
            "close": "0.301249"
        },
        {
            "time": "01.01.2021 18:11",
            "open": "0.301249",
            "high": "0.30125",
            "low": "0.301249",
            "close": "0.301843"
        },
        {
            "time": "01.01.2021 18:16",
            "open": "0.301843",
            "high": "0.301843",
            "low": "0.301843",
            "close": "0.301865"
        },
        {
            "time": "01.01.2021 18:18",
            "open": "0.301865",
            "high": "0.301865",
            "low": "0.301324",
            "close": "0.3012"
        },
        {
            "time": "01.01.2021 18:19",
            "open": "0.3012",
            "high": "0.3012",
            "low": "0.3012",
            "close": "0.301321"
        },
        {
            "time": "01.01.2021 18:21",
            "open": "0.301321",
            "high": "0.301439",
            "low": "0.301321",
            "close": "0.301178"
        },
        {
            "time": "01.01.2021 18:24",
            "open": "0.301178",
            "high": "0.301179",
            "low": "0.301178",
            "close": "0.299106"
        },
        {
            "time": "01.01.2021 18:26",
            "open": "0.299106",
            "high": "0.299106",
            "low": "0.299106",
            "close": "0.299223"
        },
        {
            "time": "01.01.2021 18:32",
            "open": "0.299223",
            "high": "0.299223",
            "low": "0.299223",
            "close": "0.299134"
        },
        {
            "time": "01.01.2021 18:36",
            "open": "0.299134",
            "high": "0.299135",
            "low": "0.299134",
            "close": "0.298762"
        },
        {
            "time": "01.01.2021 18:37",
            "open": "0.298762",
            "high": "0.298802",
            "low": "0.298762",
            "close": "0.299304"
        },
        {
            "time": "01.01.2021 18:38",
            "open": "0.299304",
            "high": "0.299305",
            "low": "0.299304",
            "close": "0.298546"
        },
        {
            "time": "01.01.2021 18:39",
            "open": "0.298546",
            "high": "0.298546",
            "low": "0.298402",
            "close": "0.298758"
        },
        {
            "time": "01.01.2021 18:40",
            "open": "0.298758",
            "high": "0.298758",
            "low": "0.298758",
            "close": "0.298"
        },
        {
            "time": "01.01.2021 18:45",
            "open": "0.298",
            "high": "0.298",
            "low": "0.297672",
            "close": "0.297051"
        },
        {
            "time": "01.01.2021 18:46",
            "open": "0.297051",
            "high": "0.297051",
            "low": "0.296646",
            "close": "0.297254"
        },
        {
            "time": "01.01.2021 18:47",
            "open": "0.297254",
            "high": "0.297254",
            "low": "0.297254",
            "close": "0.298622"
        },
        {
            "time": "01.01.2021 18:49",
            "open": "0.298622",
            "high": "0.298622",
            "low": "0.298622",
            "close": "0.300963"
        },
        {
            "time": "01.01.2021 18:58",
            "open": "0.300963",
            "high": "0.300963",
            "low": "0.300963",
            "close": "0.300711"
        },
        {
            "time": "01.01.2021 18:59",
            "open": "0.300711",
            "high": "0.300711",
            "low": "0.300711",
            "close": "0.299651"
        },
        {
            "time": "01.01.2021 19:00",
            "open": "0.299651",
            "high": "0.300075",
            "low": "0.299606",
            "close": "0.301146"
        },
        {
            "time": "01.01.2021 19:04",
            "open": "0.301146",
            "high": "0.301146",
            "low": "0.301146",
            "close": "0.301258"
        },
        {
            "time": "01.01.2021 19:05",
            "open": "0.301258",
            "high": "0.301258",
            "low": "0.301258",
            "close": "0.30239"
        },
        {
            "time": "01.01.2021 19:14",
            "open": "0.30239",
            "high": "0.30239",
            "low": "0.30239",
            "close": "0.302446"
        },
        {
            "time": "01.01.2021 19:15",
            "open": "0.302446",
            "high": "0.302446",
            "low": "0.301661",
            "close": "0.301607"
        },
        {
            "time": "01.01.2021 19:18",
            "open": "0.301607",
            "high": "0.301607",
            "low": "0.301607",
            "close": "0.300667"
        },
        {
            "time": "01.01.2021 19:19",
            "open": "0.300667",
            "high": "0.300667",
            "low": "0.300667",
            "close": "0.297609"
        },
        {
            "time": "01.01.2021 19:25",
            "open": "0.297609",
            "high": "0.297609",
            "low": "0.297609",
            "close": "0.297"
        },
        {
            "time": "01.01.2021 19:30",
            "open": "0.297",
            "high": "0.297",
            "low": "0.297",
            "close": "0.298"
        },
        {
            "time": "01.01.2021 19:33",
            "open": "0.298",
            "high": "0.298",
            "low": "0.298",
            "close": "0.298"
        },
        {
            "time": "01.01.2021 19:34",
            "open": "0.298",
            "high": "0.299243",
            "low": "0.298",
            "close": "0.298068"
        },
        {
            "time": "01.01.2021 19:35",
            "open": "0.298068",
            "high": "0.298068",
            "low": "0.298068",
            "close": "0.298717"
        },
        {
            "time": "01.01.2021 19:41",
            "open": "0.297191",
            "high": "0.297191",
            "low": "0.29659",
            "close": "0.296"
        },
        {
            "time": "01.01.2021 19:45",
            "open": "0.296",
            "high": "0.296",
            "low": "0.295",
            "close": "0.295362"
        },
        {
            "time": "01.01.2021 19:46",
            "open": "0.295362",
            "high": "0.295362",
            "low": "0.295362",
            "close": "0.29438"
        },
        {
            "time": "01.01.2021 19:47",
            "open": "0.29438",
            "high": "0.29438",
            "low": "0.294272",
            "close": "0.29708"
        },
        {
            "time": "01.01.2021 19:49",
            "open": "0.29708",
            "high": "0.29708",
            "low": "0.29708",
            "close": "0.297082"
        },
        {
            "time": "01.01.2021 19:50",
            "open": "0.297082",
            "high": "0.297082",
            "low": "0.297082",
            "close": "0.298667"
        },
        {
            "time": "01.01.2021 19:56",
            "open": "0.298667",
            "high": "0.298667",
            "low": "0.298667",
            "close": "0.2988"
        },
        {
            "time": "01.01.2021 19:57",
            "open": "0.2988",
            "high": "0.2988",
            "low": "0.2988",
            "close": "0.297722"
        },
        {
            "time": "01.01.2021 19:59",
            "open": "0.297722",
            "high": "0.297722",
            "low": "0.297722",
            "close": "0.298812"
        },
        {
            "time": "01.01.2021 20:02",
            "open": "0.298812",
            "high": "0.298812",
            "low": "0.298812",
            "close": "0.297067"
        },
        {
            "time": "01.01.2021 20:04",
            "open": "0.297067",
            "high": "0.297067",
            "low": "0.297067",
            "close": "0.298178"
        },
        {
            "time": "01.01.2021 20:05",
            "open": "0.298178",
            "high": "0.298178",
            "low": "0.298177",
            "close": "0.29718"
        },
        {
            "time": "01.01.2021 20:12",
            "open": "0.29718",
            "high": "0.29718",
            "low": "0.296813",
            "close": "0.296891"
        },
        {
            "time": "01.01.2021 20:13",
            "open": "0.296891",
            "high": "0.296891",
            "low": "0.296891",
            "close": "0.29689"
        },
        {
            "time": "01.01.2021 20:17",
            "open": "0.29689",
            "high": "0.29689",
            "low": "0.29689",
            "close": "0.296473"
        },
        {
            "time": "01.01.2021 20:18",
            "open": "0.296473",
            "high": "0.296473",
            "low": "0.296473",
            "close": "0.296491"
        },
        {
            "time": "01.01.2021 20:19",
            "open": "0.296491",
            "high": "0.297067",
            "low": "0.29649",
            "close": "0.297067"
        },
        {
            "time": "01.01.2021 20:20",
            "open": "0.297067",
            "high": "0.297586",
            "low": "0.297067",
            "close": "0.297578"
        },
        {
            "time": "01.01.2021 20:21",
            "open": "0.297578",
            "high": "0.297578",
            "low": "0.297578",
            "close": "0.297831"
        },
        {
            "time": "01.01.2021 20:24",
            "open": "0.297831",
            "high": "0.298503",
            "low": "0.297831",
            "close": "0.298636"
        },
        {
            "time": "01.01.2021 20:25",
            "open": "0.298636",
            "high": "0.298636",
            "low": "0.298636",
            "close": "0.298989"
        },
        {
            "time": "01.01.2021 20:26",
            "open": "0.298989",
            "high": "0.298989",
            "low": "0.298989",
            "close": "0.298577"
        },
        {
            "time": "01.01.2021 20:28",
            "open": "0.298577",
            "high": "0.298577",
            "low": "0.298577",
            "close": "0.298264"
        },
        {
            "time": "01.01.2021 20:30",
            "open": "0.298264",
            "high": "0.298265",
            "low": "0.298264",
            "close": "0.297885"
        },
        {
            "time": "01.01.2021 20:35",
            "open": "0.297885",
            "high": "0.297885",
            "low": "0.297885",
            "close": "0.29855"
        },
        {
            "time": "01.01.2021 20:37",
            "open": "0.29855",
            "high": "0.29855",
            "low": "0.29855",
            "close": "0.297786"
        },
        {
            "time": "01.01.2021 20:45",
            "open": "0.297786",
            "high": "0.297786",
            "low": "0.297786",
            "close": "0.297953"
        },
        {
            "time": "01.01.2021 20:46",
            "open": "0.297953",
            "high": "0.297953",
            "low": "0.297953",
            "close": "0.2982"
        },
        {
            "time": "01.01.2021 20:47",
            "open": "0.2982",
            "high": "0.2982",
            "low": "0.2982",
            "close": "0.297973"
        },
        {
            "time": "01.01.2021 20:48",
            "open": "0.297973",
            "high": "0.297973",
            "low": "0.297973",
            "close": "0.297718"
        },
        {
            "time": "01.01.2021 20:50",
            "open": "0.297718",
            "high": "0.297718",
            "low": "0.297718",
            "close": "0.297439"
        },
        {
            "time": "01.01.2021 20:51",
            "open": "0.297439",
            "high": "0.297439",
            "low": "0.297439",
            "close": "0.298105"
        },
        {
            "time": "01.01.2021 20:54",
            "open": "0.298105",
            "high": "0.298122",
            "low": "0.298105",
            "close": "0.297647"
        },
        {
            "time": "01.01.2021 20:56",
            "open": "0.297647",
            "high": "0.297647",
            "low": "0.297341",
            "close": "0.296909"
        },
        {
            "time": "01.01.2021 20:59",
            "open": "0.296909",
            "high": "0.297536",
            "low": "0.296909",
            "close": "0.2972"
        },
        {
            "time": "01.01.2021 21:00",
            "open": "0.2972",
            "high": "0.297202",
            "low": "0.297176",
            "close": "0.298524"
        },
        {
            "time": "01.01.2021 21:04",
            "open": "0.298524",
            "high": "0.298524",
            "low": "0.298524",
            "close": "0.298763"
        },
        {
            "time": "01.01.2021 21:08",
            "open": "0.298763",
            "high": "0.298763",
            "low": "0.298761",
            "close": "0.298561"
        },
        {
            "time": "01.01.2021 21:10",
            "open": "0.298561",
            "high": "0.298561",
            "low": "0.297878",
            "close": "0.298886"
        },
        {
            "time": "01.01.2021 21:11",
            "open": "0.298886",
            "high": "0.298886",
            "low": "0.298126",
            "close": "0.298678"
        },
        {
            "time": "01.01.2021 21:17",
            "open": "0.298678",
            "high": "0.298678",
            "low": "0.298678",
            "close": "0.299598"
        },
        {
            "time": "01.01.2021 21:22",
            "open": "0.298679",
            "high": "0.298679",
            "low": "0.298679",
            "close": "0.299485"
        },
        {
            "time": "01.01.2021 21:23",
            "open": "0.299485",
            "high": "0.299485",
            "low": "0.298835",
            "close": "0.299988"
        },
        {
            "time": "01.01.2021 21:28",
            "open": "0.299988",
            "high": "0.299988",
            "low": "0.299988",
            "close": "0.299379"
        },
        {
            "time": "01.01.2021 21:32",
            "open": "0.299379",
            "high": "0.299379",
            "low": "0.299375",
            "close": "0.299848"
        },
        {
            "time": "01.01.2021 21:33",
            "open": "0.299848",
            "high": "0.299848",
            "low": "0.299848",
            "close": "0.299858"
        },
        {
            "time": "01.01.2021 21:34",
            "open": "0.299858",
            "high": "0.299868",
            "low": "0.299858",
            "close": "0.298079"
        },
        {
            "time": "01.01.2021 21:42",
            "open": "0.298079",
            "high": "0.298827",
            "low": "0.297799",
            "close": "0.298205"
        },
        {
            "time": "01.01.2021 21:46",
            "open": "0.298205",
            "high": "0.298205",
            "low": "0.298205",
            "close": "0.299018"
        },
        {
            "time": "01.01.2021 21:48",
            "open": "0.299018",
            "high": "0.299018",
            "low": "0.299018",
            "close": "0.29935"
        },
        {
            "time": "01.01.2021 21:50",
            "open": "0.29935",
            "high": "0.299351",
            "low": "0.29935",
            "close": "0.299149"
        },
        {
            "time": "01.01.2021 22:04",
            "open": "0.299149",
            "high": "0.299149",
            "low": "0.299149",
            "close": "0.299323"
        },
        {
            "time": "01.01.2021 22:06",
            "open": "0.299323",
            "high": "0.299323",
            "low": "0.299308",
            "close": "0.299802"
        },
        {
            "time": "01.01.2021 22:08",
            "open": "0.299802",
            "high": "0.299802",
            "low": "0.299802",
            "close": "0.299138"
        },
        {
            "time": "01.01.2021 22:13",
            "open": "0.299138",
            "high": "0.299138",
            "low": "0.299138",
            "close": "0.299053"
        },
        {
            "time": "01.01.2021 22:15",
            "open": "0.299053",
            "high": "0.299053",
            "low": "0.299",
            "close": "0.299984"
        },
        {
            "time": "01.01.2021 22:24",
            "open": "0.299984",
            "high": "0.299984",
            "low": "0.299228",
            "close": "0.299918"
        },
        {
            "time": "01.01.2021 22:25",
            "open": "0.299918",
            "high": "0.299918",
            "low": "0.299918",
            "close": "0.299209"
        },
        {
            "time": "01.01.2021 22:26",
            "open": "0.299209",
            "high": "0.299835",
            "low": "0.299209",
            "close": "0.299835"
        },
        {
            "time": "01.01.2021 22:27",
            "open": "0.299835",
            "high": "0.299835",
            "low": "0.299835",
            "close": "0.299836"
        },
        {
            "time": "01.01.2021 22:29",
            "open": "0.299836",
            "high": "0.299836",
            "low": "0.299836",
            "close": "0.30032"
        },
        {
            "time": "01.01.2021 22:30",
            "open": "0.30032",
            "high": "0.30032",
            "low": "0.30032",
            "close": "0.300108"
        },
        {
            "time": "01.01.2021 22:31",
            "open": "0.300108",
            "high": "0.300563",
            "low": "0.300108",
            "close": "0.300474"
        },
        {
            "time": "01.01.2021 22:33",
            "open": "0.300474",
            "high": "0.300474",
            "low": "0.300474",
            "close": "0.300474"
        },
        {
            "time": "01.01.2021 22:35",
            "open": "0.300474",
            "high": "0.300474",
            "low": "0.300474",
            "close": "0.300474"
        },
        {
            "time": "01.01.2021 22:36",
            "open": "0.300474",
            "high": "0.300474",
            "low": "0.300474",
            "close": "0.3015"
        },
        {
            "time": "01.01.2021 22:37",
            "open": "0.3015",
            "high": "0.3015",
            "low": "0.3015",
            "close": "0.300911"
        },
        {
            "time": "01.01.2021 22:39",
            "open": "0.300911",
            "high": "0.300911",
            "low": "0.300911",
            "close": "0.300091"
        },
        {
            "time": "01.01.2021 22:40",
            "open": "0.300091",
            "high": "0.300808",
            "low": "0.300091",
            "close": "0.30065"
        },
        {
            "time": "01.01.2021 22:41",
            "open": "0.30065",
            "high": "0.30065",
            "low": "0.30065",
            "close": "0.300083"
        },
        {
            "time": "01.01.2021 22:43",
            "open": "0.300083",
            "high": "0.300083",
            "low": "0.300083",
            "close": "0.300638"
        },
        {
            "time": "01.01.2021 22:44",
            "open": "0.300638",
            "high": "0.300638",
            "low": "0.300638",
            "close": "0.30078"
        },
        {
            "time": "01.01.2021 22:45",
            "open": "0.30078",
            "high": "0.30078",
            "low": "0.30078",
            "close": "0.300867"
        },
        {
            "time": "01.01.2021 22:46",
            "open": "0.300867",
            "high": "0.300868",
            "low": "0.300867",
            "close": "0.3001"
        },
        {
            "time": "01.01.2021 22:49",
            "open": "0.3001",
            "high": "0.3001",
            "low": "0.3001",
            "close": "0.300827"
        },
        {
            "time": "01.01.2021 22:52",
            "open": "0.300827",
            "high": "0.300827",
            "low": "0.300827",
            "close": "0.299931"
        },
        {
            "time": "01.01.2021 22:53",
            "open": "0.299931",
            "high": "0.299931",
            "low": "0.299931",
            "close": "0.300451"
        },
        {
            "time": "01.01.2021 22:55",
            "open": "0.300451",
            "high": "0.300451",
            "low": "0.300451",
            "close": "0.3"
        },
        {
            "time": "01.01.2021 23:04",
            "open": "0.3",
            "high": "0.3",
            "low": "0.3",
            "close": "0.3"
        },
        {
            "time": "01.01.2021 23:06",
            "open": "0.3",
            "high": "0.3",
            "low": "0.29894",
            "close": "0.299653"
        },
        {
            "time": "01.01.2021 23:14",
            "open": "0.299653",
            "high": "0.299653",
            "low": "0.299653",
            "close": "0.299643"
        },
        {
            "time": "01.01.2021 23:22",
            "open": "0.299643",
            "high": "0.299643",
            "low": "0.299643",
            "close": "0.298977"
        },
        {
            "time": "01.01.2021 23:23",
            "open": "0.298977",
            "high": "0.298977",
            "low": "0.298977",
            "close": "0.299548"
        },
        {
            "time": "01.01.2021 23:29",
            "open": "0.299548",
            "high": "0.299653",
            "low": "0.299548",
            "close": "0.29895"
        },
        {
            "time": "01.01.2021 23:37",
            "open": "0.29895",
            "high": "0.29895",
            "low": "0.29895",
            "close": "0.299574"
        },
        {
            "time": "01.01.2021 23:47",
            "open": "0.299574",
            "high": "0.299574",
            "low": "0.299574",
            "close": "0.299441"
        }
    ]
}