{
    "ZRX-EUR": [
        {
            "time": "03.07.2021 23:59",
            "open": "0.589945",
            "high": "0.590397",
            "low": "0.589945",
            "close": "0.5901"
        },
        {
            "time": "04.07.2021 00:00",
            "open": "0.5901",
            "high": "0.590654",
            "low": "0.59007",
            "close": "0.589819"
        },
        {
            "time": "04.07.2021 00:01",
            "open": "0.589819",
            "high": "0.589819",
            "low": "0.589819",
            "close": "0.589819"
        },
        {
            "time": "04.07.2021 00:03",
            "open": "0.589819",
            "high": "0.589819",
            "low": "0.589577",
            "close": "0.58923"
        },
        {
            "time": "04.07.2021 00:05",
            "open": "0.58923",
            "high": "0.58923",
            "low": "0.58923",
            "close": "0.589249"
        },
        {
            "time": "04.07.2021 00:06",
            "open": "0.589249",
            "high": "0.589249",
            "low": "0.589249",
            "close": "0.589011"
        },
        {
            "time": "04.07.2021 00:07",
            "open": "0.589011",
            "high": "0.589011",
            "low": "0.589011",
            "close": "0.588601"
        },
        {
            "time": "04.07.2021 00:08",
            "open": "0.588601",
            "high": "0.588819",
            "low": "0.588601",
            "close": "0.588953"
        },
        {
            "time": "04.07.2021 00:09",
            "open": "0.588953",
            "high": "0.588959",
            "low": "0.588953",
            "close": "0.589011"
        },
        {
            "time": "04.07.2021 00:11",
            "open": "0.589011",
            "high": "0.589011",
            "low": "0.589011",
            "close": "0.590081"
        },
        {
            "time": "04.07.2021 00:12",
            "open": "0.590081",
            "high": "0.590081",
            "low": "0.590081",
            "close": "0.590326"
        },
        {
            "time": "04.07.2021 00:13",
            "open": "0.590326",
            "high": "0.590326",
            "low": "0.590326",
            "close": "0.589736"
        },
        {
            "time": "04.07.2021 00:14",
            "open": "0.589736",
            "high": "0.589736",
            "low": "0.589736",
            "close": "0.590326"
        },
        {
            "time": "04.07.2021 00:15",
            "open": "0.590326",
            "high": "0.591438",
            "low": "0.590326",
            "close": "0.59139"
        },
        {
            "time": "04.07.2021 00:17",
            "open": "0.59139",
            "high": "0.59139",
            "low": "0.59139",
            "close": "0.591199"
        },
        {
            "time": "04.07.2021 00:26",
            "open": "0.591199",
            "high": "0.591199",
            "low": "0.591199",
            "close": "0.590787"
        },
        {
            "time": "04.07.2021 00:27",
            "open": "0.590787",
            "high": "0.590787",
            "low": "0.588796",
            "close": "0.586249"
        },
        {
            "time": "04.07.2021 00:28",
            "open": "0.586249",
            "high": "0.586249",
            "low": "0.585509",
            "close": "0.586665"
        },
        {
            "time": "04.07.2021 00:29",
            "open": "0.586665",
            "high": "0.586665",
            "low": "0.586665",
            "close": "0.588071"
        },
        {
            "time": "04.07.2021 00:30",
            "open": "0.588071",
            "high": "0.588319",
            "low": "0.588071",
            "close": "0.588782"
        },
        {
            "time": "04.07.2021 00:31",
            "open": "0.588782",
            "high": "0.589173",
            "low": "0.588782",
            "close": "0.589173"
        },
        {
            "time": "04.07.2021 00:32",
            "open": "0.589173",
            "high": "0.589173",
            "low": "0.587405",
            "close": "0.586574"
        },
        {
            "time": "04.07.2021 00:33",
            "open": "0.586574",
            "high": "0.587254",
            "low": "0.585946",
            "close": "0.586851"
        },
        {
            "time": "04.07.2021 00:34",
            "open": "0.586851",
            "high": "0.586851",
            "low": "0.586435",
            "close": "0.586366"
        },
        {
            "time": "04.07.2021 00:35",
            "open": "0.586366",
            "high": "0.586912",
            "low": "0.586366",
            "close": "0.588238"
        },
        {
            "time": "04.07.2021 00:36",
            "open": "0.588238",
            "high": "0.588238",
            "low": "0.588238",
            "close": "0.587927"
        },
        {
            "time": "04.07.2021 00:37",
            "open": "0.587927",
            "high": "0.58827",
            "low": "0.587927",
            "close": "0.588374"
        },
        {
            "time": "04.07.2021 00:39",
            "open": "0.588374",
            "high": "0.588374",
            "low": "0.588374",
            "close": "0.588883"
        },
        {
            "time": "04.07.2021 00:44",
            "open": "0.588883",
            "high": "0.588883",
            "low": "0.588883",
            "close": "0.588757"
        },
        {
            "time": "04.07.2021 00:45",
            "open": "0.588757",
            "high": "0.588757",
            "low": "0.588757",
            "close": "0.589404"
        },
        {
            "time": "04.07.2021 00:46",
            "open": "0.589404",
            "high": "0.589405",
            "low": "0.589404",
            "close": "0.589318"
        },
        {
            "time": "04.07.2021 00:47",
            "open": "0.589318",
            "high": "0.589318",
            "low": "0.589263",
            "close": "0.589213"
        },
        {
            "time": "04.07.2021 00:50",
            "open": "0.589213",
            "high": "0.589213",
            "low": "0.589213",
            "close": "0.588903"
        },
        {
            "time": "04.07.2021 00:55",
            "open": "0.588903",
            "high": "0.588903",
            "low": "0.588903",
            "close": "0.589748"
        },
        {
            "time": "04.07.2021 00:57",
            "open": "0.589748",
            "high": "0.589749",
            "low": "0.589748",
            "close": "0.590699"
        },
        {
            "time": "04.07.2021 00:58",
            "open": "0.590699",
            "high": "0.590699",
            "low": "0.590343",
            "close": "0.588749"
        },
        {
            "time": "04.07.2021 00:59",
            "open": "0.588749",
            "high": "0.588903",
            "low": "0.588749",
            "close": "0.588749"
        },
        {
            "time": "04.07.2021 01:00",
            "open": "0.588749",
            "high": "0.588749",
            "low": "0.588749",
            "close": "0.587186"
        },
        {
            "time": "04.07.2021 01:01",
            "open": "0.587186",
            "high": "0.587186",
            "low": "0.587186",
            "close": "0.586912"
        },
        {
            "time": "04.07.2021 01:03",
            "open": "0.586912",
            "high": "0.586912",
            "low": "0.586912",
            "close": "0.586778"
        },
        {
            "time": "04.07.2021 01:05",
            "open": "0.586778",
            "high": "0.586778",
            "low": "0.586778",
            "close": "0.58495"
        },
        {
            "time": "04.07.2021 01:08",
            "open": "0.58495",
            "high": "0.58495",
            "low": "0.58495",
            "close": "0.585208"
        },
        {
            "time": "04.07.2021 01:09",
            "open": "0.585208",
            "high": "0.585208",
            "low": "0.585208",
            "close": "0.584105"
        },
        {
            "time": "04.07.2021 01:10",
            "open": "0.584105",
            "high": "0.584378",
            "low": "0.584105",
            "close": "0.584265"
        },
        {
            "time": "04.07.2021 01:11",
            "open": "0.584265",
            "high": "0.584633",
            "low": "0.584211",
            "close": "0.584633"
        },
        {
            "time": "04.07.2021 01:15",
            "open": "0.584633",
            "high": "0.584633",
            "low": "0.584633",
            "close": "0.584633"
        },
        {
            "time": "04.07.2021 01:16",
            "open": "0.584633",
            "high": "0.584633",
            "low": "0.584633",
            "close": "0.583069"
        },
        {
            "time": "04.07.2021 01:18",
            "open": "0.583069",
            "high": "0.583069",
            "low": "0.583069",
            "close": "0.583349"
        },
        {
            "time": "04.07.2021 01:19",
            "open": "0.583349",
            "high": "0.583349",
            "low": "0.583349",
            "close": "0.584546"
        },
        {
            "time": "04.07.2021 01:20",
            "open": "0.584546",
            "high": "0.584813",
            "low": "0.584546",
            "close": "0.58503"
        },
        {
            "time": "04.07.2021 01:21",
            "open": "0.58503",
            "high": "0.585539",
            "low": "0.58503",
            "close": "0.584172"
        },
        {
            "time": "04.07.2021 01:22",
            "open": "0.584172",
            "high": "0.584172",
            "low": "0.583972",
            "close": "0.584682"
        },
        {
            "time": "04.07.2021 01:23",
            "open": "0.584682",
            "high": "0.584852",
            "low": "0.584682",
            "close": "0.585285"
        },
        {
            "time": "04.07.2021 01:25",
            "open": "0.585285",
            "high": "0.585285",
            "low": "0.585207",
            "close": "0.584871"
        },
        {
            "time": "04.07.2021 01:26",
            "open": "0.584871",
            "high": "0.584995",
            "low": "0.584813",
            "close": "0.586492"
        },
        {
            "time": "04.07.2021 01:32",
            "open": "0.586492",
            "high": "0.586661",
            "low": "0.58618",
            "close": "0.58667"
        },
        {
            "time": "04.07.2021 01:34",
            "open": "0.58667",
            "high": "0.58667",
            "low": "0.58667",
            "close": "0.589757"
        },
        {
            "time": "04.07.2021 01:40",
            "open": "0.589757",
            "high": "0.589757",
            "low": "0.589612",
            "close": "0.58999"
        },
        {
            "time": "04.07.2021 01:44",
            "open": "0.58999",
            "high": "0.58999",
            "low": "0.58999",
            "close": "0.591142"
        },
        {
            "time": "04.07.2021 01:49",
            "open": "0.591142",
            "high": "0.591142",
            "low": "0.591142",
            "close": "0.590654"
        },
        {
            "time": "04.07.2021 01:51",
            "open": "0.590654",
            "high": "0.590662",
            "low": "0.590654",
            "close": "0.591514"
        },
        {
            "time": "04.07.2021 01:52",
            "open": "0.591514",
            "high": "0.591514",
            "low": "0.591514",
            "close": "0.592869"
        },
        {
            "time": "04.07.2021 01:53",
            "open": "0.592869",
            "high": "0.592869",
            "low": "0.592869",
            "close": "0.592678"
        },
        {
            "time": "04.07.2021 01:56",
            "open": "0.592678",
            "high": "0.592678",
            "low": "0.592559",
            "close": "0.592282"
        },
        {
            "time": "04.07.2021 02:01",
            "open": "0.592282",
            "high": "0.592282",
            "low": "0.591625",
            "close": "0.592397"
        },
        {
            "time": "04.07.2021 02:02",
            "open": "0.592397",
            "high": "0.592397",
            "low": "0.592397",
            "close": "0.592108"
        },
        {
            "time": "04.07.2021 02:03",
            "open": "0.592108",
            "high": "0.592108",
            "low": "0.592108",
            "close": "0.5919"
        },
        {
            "time": "04.07.2021 02:05",
            "open": "0.5919",
            "high": "0.5919",
            "low": "0.5919",
            "close": "0.59186"
        },
        {
            "time": "04.07.2021 02:06",
            "open": "0.59186",
            "high": "0.59186",
            "low": "0.591245",
            "close": "0.59053"
        },
        {
            "time": "04.07.2021 02:07",
            "open": "0.59053",
            "high": "0.590769",
            "low": "0.59053",
            "close": "0.590302"
        },
        {
            "time": "04.07.2021 02:08",
            "open": "0.590302",
            "high": "0.590302",
            "low": "0.5896",
            "close": "0.588996"
        },
        {
            "time": "04.07.2021 02:11",
            "open": "0.588996",
            "high": "0.588996",
            "low": "0.588178",
            "close": "0.588673"
        },
        {
            "time": "04.07.2021 02:20",
            "open": "0.588673",
            "high": "0.588856",
            "low": "0.588673",
            "close": "0.589519"
        },
        {
            "time": "04.07.2021 02:21",
            "open": "0.589519",
            "high": "0.59012",
            "low": "0.589318",
            "close": "0.589335"
        },
        {
            "time": "04.07.2021 02:22",
            "open": "0.589335",
            "high": "0.589335",
            "low": "0.588581",
            "close": "0.58838"
        },
        {
            "time": "04.07.2021 02:25",
            "open": "0.58838",
            "high": "0.588641",
            "low": "0.58838",
            "close": "0.587518"
        },
        {
            "time": "04.07.2021 02:27",
            "open": "0.587518",
            "high": "0.587518",
            "low": "0.587518",
            "close": "0.587778"
        },
        {
            "time": "04.07.2021 02:29",
            "open": "0.587778",
            "high": "0.587778",
            "low": "0.587778",
            "close": "0.587778"
        },
        {
            "time": "04.07.2021 02:33",
            "open": "0.587778",
            "high": "0.587778",
            "low": "0.587778",
            "close": "0.587518"
        },
        {
            "time": "04.07.2021 02:34",
            "open": "0.587518",
            "high": "0.587518",
            "low": "0.587518",
            "close": "0.587582"
        },
        {
            "time": "04.07.2021 02:40",
            "open": "0.587582",
            "high": "0.587582",
            "low": "0.587582",
            "close": "0.586551"
        },
        {
            "time": "04.07.2021 02:42",
            "open": "0.586551",
            "high": "0.586551",
            "low": "0.586551",
            "close": "0.587015"
        },
        {
            "time": "04.07.2021 02:44",
            "open": "0.587015",
            "high": "0.587015",
            "low": "0.587013",
            "close": "0.580894"
        },
        {
            "time": "04.07.2021 03:05",
            "open": "0.580894",
            "high": "0.580894",
            "low": "0.580029",
            "close": "0.579989"
        },
        {
            "time": "04.07.2021 03:07",
            "open": "0.579989",
            "high": "0.579989",
            "low": "0.579989",
            "close": "0.579277"
        },
        {
            "time": "04.07.2021 03:08",
            "open": "0.579277",
            "high": "0.579277",
            "low": "0.579277",
            "close": "0.579459"
        },
        {
            "time": "04.07.2021 03:09",
            "open": "0.579459",
            "high": "0.579459",
            "low": "0.579459",
            "close": "0.579169"
        },
        {
            "time": "04.07.2021 03:14",
            "open": "0.579169",
            "high": "0.579169",
            "low": "0.579169",
            "close": "0.579579"
        },
        {
            "time": "04.07.2021 03:17",
            "open": "0.579579",
            "high": "0.579579",
            "low": "0.579579",
            "close": "0.578798"
        },
        {
            "time": "04.07.2021 03:22",
            "open": "0.578798",
            "high": "0.578798",
            "low": "0.578798",
            "close": "0.577332"
        },
        {
            "time": "04.07.2021 03:32",
            "open": "0.577332",
            "high": "0.577332",
            "low": "0.577332",
            "close": "0.578158"
        },
        {
            "time": "04.07.2021 03:33",
            "open": "0.578158",
            "high": "0.578239",
            "low": "0.578158",
            "close": "0.57885"
        },
        {
            "time": "04.07.2021 03:34",
            "open": "0.57885",
            "high": "0.57885",
            "low": "0.57885",
            "close": "0.578239"
        },
        {
            "time": "04.07.2021 03:35",
            "open": "0.578239",
            "high": "0.578239",
            "low": "0.578239",
            "close": "0.577597"
        },
        {
            "time": "04.07.2021 03:38",
            "open": "0.577597",
            "high": "0.577597",
            "low": "0.577597",
            "close": "0.577232"
        },
        {
            "time": "04.07.2021 03:40",
            "open": "0.577232",
            "high": "0.577232",
            "low": "0.577232",
            "close": "0.576252"
        },
        {
            "time": "04.07.2021 03:41",
            "open": "0.576252",
            "high": "0.576252",
            "low": "0.576252",
            "close": "0.576621"
        },
        {
            "time": "04.07.2021 03:42",
            "open": "0.576621",
            "high": "0.578038",
            "low": "0.576621",
            "close": "0.578583"
        },
        {
            "time": "04.07.2021 03:43",
            "open": "0.578583",
            "high": "0.578664",
            "low": "0.578583",
            "close": "0.576872"
        },
        {
            "time": "04.07.2021 03:45",
            "open": "0.576872",
            "high": "0.576872",
            "low": "0.576872",
            "close": "0.577622"
        },
        {
            "time": "04.07.2021 03:47",
            "open": "0.577622",
            "high": "0.577982",
            "low": "0.577622",
            "close": "0.576167"
        },
        {
            "time": "04.07.2021 03:49",
            "open": "0.576167",
            "high": "0.577384",
            "low": "0.576167",
            "close": "0.576419"
        },
        {
            "time": "04.07.2021 03:50",
            "open": "0.576419",
            "high": "0.576419",
            "low": "0.576419",
            "close": "0.576122"
        },
        {
            "time": "04.07.2021 03:52",
            "open": "0.576122",
            "high": "0.576122",
            "low": "0.576122",
            "close": "0.576063"
        },
        {
            "time": "04.07.2021 03:55",
            "open": "0.576063",
            "high": "0.576063",
            "low": "0.576063",
            "close": "0.575438"
        },
        {
            "time": "04.07.2021 03:58",
            "open": "0.575438",
            "high": "0.575438",
            "low": "0.575438",
            "close": "0.575438"
        },
        {
            "time": "04.07.2021 03:59",
            "open": "0.575438",
            "high": "0.575438",
            "low": "0.574645",
            "close": "0.574645"
        },
        {
            "time": "04.07.2021 04:00",
            "open": "0.574645",
            "high": "0.574645",
            "low": "0.574021",
            "close": "0.573996"
        },
        {
            "time": "04.07.2021 04:01",
            "open": "0.573996",
            "high": "0.573996",
            "low": "0.573996",
            "close": "0.573704"
        },
        {
            "time": "04.07.2021 04:03",
            "open": "0.573704",
            "high": "0.573704",
            "low": "0.573704",
            "close": "0.576475"
        },
        {
            "time": "04.07.2021 04:09",
            "open": "0.576244",
            "high": "0.576244",
            "low": "0.576244",
            "close": "0.576304"
        },
        {
            "time": "04.07.2021 04:11",
            "open": "0.576304",
            "high": "0.576304",
            "low": "0.576247",
            "close": "0.576868"
        },
        {
            "time": "04.07.2021 04:13",
            "open": "0.576868",
            "high": "0.576868",
            "low": "0.576868",
            "close": "0.576619"
        },
        {
            "time": "04.07.2021 04:14",
            "open": "0.576619",
            "high": "0.576869",
            "low": "0.576619",
            "close": "0.576838"
        },
        {
            "time": "04.07.2021 04:15",
            "open": "0.576838",
            "high": "0.576838",
            "low": "0.576838",
            "close": "0.578647"
        },
        {
            "time": "04.07.2021 04:19",
            "open": "0.578647",
            "high": "0.578647",
            "low": "0.578646",
            "close": "0.578682"
        },
        {
            "time": "04.07.2021 04:20",
            "open": "0.578682",
            "high": "0.578682",
            "low": "0.578682",
            "close": "0.578751"
        },
        {
            "time": "04.07.2021 04:23",
            "open": "0.578751",
            "high": "0.578751",
            "low": "0.578751",
            "close": "0.578151"
        },
        {
            "time": "04.07.2021 04:24",
            "open": "0.578151",
            "high": "0.578151",
            "low": "0.578151",
            "close": "0.578335"
        },
        {
            "time": "04.07.2021 04:27",
            "open": "0.578335",
            "high": "0.578335",
            "low": "0.578093",
            "close": "0.579792"
        },
        {
            "time": "04.07.2021 04:32",
            "open": "0.579792",
            "high": "0.579792",
            "low": "0.579792",
            "close": "0.580048"
        },
        {
            "time": "04.07.2021 04:33",
            "open": "0.580048",
            "high": "0.580048",
            "low": "0.580048",
            "close": "0.580048"
        },
        {
            "time": "04.07.2021 04:34",
            "open": "0.580048",
            "high": "0.580048",
            "low": "0.580028",
            "close": "0.579285"
        },
        {
            "time": "04.07.2021 04:36",
            "open": "0.579285",
            "high": "0.579285",
            "low": "0.579285",
            "close": "0.579685"
        },
        {
            "time": "04.07.2021 04:37",
            "open": "0.579685",
            "high": "0.579685",
            "low": "0.579685",
            "close": "0.579685"
        },
        {
            "time": "04.07.2021 04:38",
            "open": "0.579685",
            "high": "0.579809",
            "low": "0.579685",
            "close": "0.579921"
        },
        {
            "time": "04.07.2021 04:42",
            "open": "0.579921",
            "high": "0.579921",
            "low": "0.579921",
            "close": "0.579927"
        },
        {
            "time": "04.07.2021 04:46",
            "open": "0.579927",
            "high": "0.579927",
            "low": "0.579927",
            "close": "0.579869"
        },
        {
            "time": "04.07.2021 04:54",
            "open": "0.579869",
            "high": "0.580007",
            "low": "0.579869",
            "close": "0.58001"
        },
        {
            "time": "04.07.2021 04:57",
            "open": "0.58001",
            "high": "0.58001",
            "low": "0.58001",
            "close": "0.579811"
        },
        {
            "time": "04.07.2021 05:00",
            "open": "0.579811",
            "high": "0.579811",
            "low": "0.579811",
            "close": "0.579685"
        },
        {
            "time": "04.07.2021 05:01",
            "open": "0.579685",
            "high": "0.579685",
            "low": "0.579685",
            "close": "0.580625"
        },
        {
            "time": "04.07.2021 05:06",
            "open": "0.580625",
            "high": "0.580899",
            "low": "0.580625",
            "close": "0.581254"
        },
        {
            "time": "04.07.2021 05:12",
            "open": "0.581254",
            "high": "0.581391",
            "low": "0.581254",
            "close": "0.581401"
        },
        {
            "time": "04.07.2021 05:21",
            "open": "0.581401",
            "high": "0.581401",
            "low": "0.581401",
            "close": "0.582326"
        },
        {
            "time": "04.07.2021 05:22",
            "open": "0.582326",
            "high": "0.582326",
            "low": "0.582326",
            "close": "0.581674"
        },
        {
            "time": "04.07.2021 05:30",
            "open": "0.581674",
            "high": "0.581674",
            "low": "0.581674",
            "close": "0.581674"
        },
        {
            "time": "04.07.2021 05:32",
            "open": "0.581674",
            "high": "0.581674",
            "low": "0.581674",
            "close": "0.581674"
        },
        {
            "time": "04.07.2021 05:33",
            "open": "0.581674",
            "high": "0.581674",
            "low": "0.581388",
            "close": "0.5802"
        },
        {
            "time": "04.07.2021 05:52",
            "open": "0.5802",
            "high": "0.5802",
            "low": "0.5802",
            "close": "0.580199"
        },
        {
            "time": "04.07.2021 05:57",
            "open": "0.580199",
            "high": "0.580199",
            "low": "0.579878",
            "close": "0.579878"
        },
        {
            "time": "04.07.2021 06:02",
            "open": "0.579878",
            "high": "0.579878",
            "low": "0.579878",
            "close": "0.579878"
        },
        {
            "time": "04.07.2021 06:08",
            "open": "0.579878",
            "high": "0.579878",
            "low": "0.579878",
            "close": "0.580505"
        },
        {
            "time": "04.07.2021 06:12",
            "open": "0.580505",
            "high": "0.580505",
            "low": "0.580505",
            "close": "0.582243"
        },
        {
            "time": "04.07.2021 06:31",
            "open": "0.582243",
            "high": "0.582374",
            "low": "0.582243",
            "close": "0.584498"
        },
        {
            "time": "04.07.2021 06:41",
            "open": "0.584498",
            "high": "0.584498",
            "low": "0.584458",
            "close": "0.583929"
        },
        {
            "time": "04.07.2021 06:42",
            "open": "0.583929",
            "high": "0.583929",
            "low": "0.583929",
            "close": "0.584346"
        },
        {
            "time": "04.07.2021 06:47",
            "open": "0.584346",
            "high": "0.584423",
            "low": "0.584346",
            "close": "0.583866"
        },
        {
            "time": "04.07.2021 07:01",
            "open": "0.583866",
            "high": "0.583918",
            "low": "0.583866",
            "close": "0.585422"
        },
        {
            "time": "04.07.2021 07:19",
            "open": "0.585422",
            "high": "0.585879",
            "low": "0.585422",
            "close": "0.585997"
        },
        {
            "time": "04.07.2021 07:28",
            "open": "0.585997",
            "high": "0.586447",
            "low": "0.585997",
            "close": "0.589138"
        },
        {
            "time": "04.07.2021 07:40",
            "open": "0.589138",
            "high": "0.589138",
            "low": "0.589138",
            "close": "0.589389"
        },
        {
            "time": "04.07.2021 07:41",
            "open": "0.589389",
            "high": "0.591132",
            "low": "0.589188",
            "close": "0.591098"
        },
        {
            "time": "04.07.2021 07:42",
            "open": "0.591098",
            "high": "0.592545",
            "low": "0.591098",
            "close": "0.59595"
        },
        {
            "time": "04.07.2021 08:00",
            "open": "0.59595",
            "high": "0.596111",
            "low": "0.595373",
            "close": "0.594848"
        },
        {
            "time": "04.07.2021 08:03",
            "open": "0.594848",
            "high": "0.594848",
            "low": "0.594848",
            "close": "0.595999"
        },
        {
            "time": "04.07.2021 08:07",
            "open": "0.595999",
            "high": "0.595999",
            "low": "0.595999",
            "close": "0.596094"
        },
        {
            "time": "04.07.2021 08:08",
            "open": "0.596094",
            "high": "0.59612",
            "low": "0.596094",
            "close": "0.595814"
        },
        {
            "time": "04.07.2021 08:14",
            "open": "0.595814",
            "high": "0.595814",
            "low": "0.595814",
            "close": "0.59513"
        },
        {
            "time": "04.07.2021 08:15",
            "open": "0.59513",
            "high": "0.59513",
            "low": "0.59513",
            "close": "0.594094"
        },
        {
            "time": "04.07.2021 08:19",
            "open": "0.594094",
            "high": "0.594094",
            "low": "0.594094",
            "close": "0.59602"
        },
        {
            "time": "04.07.2021 08:41",
            "open": "0.59602",
            "high": "0.59602",
            "low": "0.59602",
            "close": "0.59453"
        },
        {
            "time": "04.07.2021 08:49",
            "open": "0.59453",
            "high": "0.59453",
            "low": "0.59453",
            "close": "0.596212"
        },
        {
            "time": "04.07.2021 08:52",
            "open": "0.596212",
            "high": "0.596212",
            "low": "0.596212",
            "close": "0.596661"
        },
        {
            "time": "04.07.2021 08:53",
            "open": "0.596661",
            "high": "0.596661",
            "low": "0.596661",
            "close": "0.597035"
        },
        {
            "time": "04.07.2021 08:55",
            "open": "0.597035",
            "high": "0.597035",
            "low": "0.597035",
            "close": "0.595915"
        },
        {
            "time": "04.07.2021 09:06",
            "open": "0.595915",
            "high": "0.595915",
            "low": "0.595915",
            "close": "0.596685"
        },
        {
            "time": "04.07.2021 09:10",
            "open": "0.596685",
            "high": "0.596685",
            "low": "0.596685",
            "close": "0.597402"
        },
        {
            "time": "04.07.2021 09:17",
            "open": "0.597402",
            "high": "0.597402",
            "low": "0.597402",
            "close": "0.597294"
        },
        {
            "time": "04.07.2021 09:20",
            "open": "0.597294",
            "high": "0.597294",
            "low": "0.597294",
            "close": "0.597651"
        },
        {
            "time": "04.07.2021 09:22",
            "open": "0.597651",
            "high": "0.597651",
            "low": "0.597651",
            "close": "0.597625"
        },
        {
            "time": "04.07.2021 09:24",
            "open": "0.597625",
            "high": "0.597625",
            "low": "0.597623",
            "close": "0.599631"
        },
        {
            "time": "04.07.2021 09:25",
            "open": "0.599631",
            "high": "0.599631",
            "low": "0.599631",
            "close": "0.598633"
        },
        {
            "time": "04.07.2021 09:39",
            "open": "0.598633",
            "high": "0.598633",
            "low": "0.598633",
            "close": "0.599711"
        },
        {
            "time": "04.07.2021 09:42",
            "open": "0.599711",
            "high": "0.599711",
            "low": "0.599711",
            "close": "0.6"
        },
        {
            "time": "04.07.2021 09:43",
            "open": "0.6",
            "high": "0.6",
            "low": "0.6",
            "close": "0.600369"
        },
        {
            "time": "04.07.2021 09:49",
            "open": "0.600369",
            "high": "0.600369",
            "low": "0.600369",
            "close": "0.600365"
        },
        {
            "time": "04.07.2021 09:50",
            "open": "0.600365",
            "high": "0.600365",
            "low": "0.600365",
            "close": "0.600986"
        },
        {
            "time": "04.07.2021 09:53",
            "open": "0.600986",
            "high": "0.601855",
            "low": "0.600986",
            "close": "0.600829"
        },
        {
            "time": "04.07.2021 09:54",
            "open": "0.600829",
            "high": "0.600829",
            "low": "0.600696",
            "close": "0.60167"
        },
        {
            "time": "04.07.2021 09:55",
            "open": "0.60167",
            "high": "0.603069",
            "low": "0.601392",
            "close": "0.601283"
        },
        {
            "time": "04.07.2021 09:56",
            "open": "0.601283",
            "high": "0.601418",
            "low": "0.601283",
            "close": "0.600615"
        },
        {
            "time": "04.07.2021 09:59",
            "open": "0.600615",
            "high": "0.601111",
            "low": "0.600615",
            "close": "0.601523"
        },
        {
            "time": "04.07.2021 10:00",
            "open": "0.601523",
            "high": "0.601523",
            "low": "0.60131",
            "close": "0.60131"
        },
        {
            "time": "04.07.2021 10:02",
            "open": "0.60131",
            "high": "0.60131",
            "low": "0.60131",
            "close": "0.60101"
        },
        {
            "time": "04.07.2021 10:03",
            "open": "0.60101",
            "high": "0.60101",
            "low": "0.600211",
            "close": "0.600211"
        },
        {
            "time": "04.07.2021 10:04",
            "open": "0.600211",
            "high": "0.600211",
            "low": "0.6",
            "close": "0.600366"
        },
        {
            "time": "04.07.2021 10:05",
            "open": "0.600366",
            "high": "0.600483",
            "low": "0.600366",
            "close": "0.6"
        },
        {
            "time": "04.07.2021 10:07",
            "open": "0.6",
            "high": "0.6",
            "low": "0.6",
            "close": "0.599115"
        },
        {
            "time": "04.07.2021 10:13",
            "open": "0.599115",
            "high": "0.599115",
            "low": "0.599115",
            "close": "0.599986"
        },
        {
            "time": "04.07.2021 10:14",
            "open": "0.599986",
            "high": "0.600043",
            "low": "0.599986",
            "close": "0.599243"
        },
        {
            "time": "04.07.2021 10:15",
            "open": "0.599243",
            "high": "0.599243",
            "low": "0.599187",
            "close": "0.599307"
        },
        {
            "time": "04.07.2021 10:16",
            "open": "0.599307",
            "high": "0.599307",
            "low": "0.599307",
            "close": "0.598296"
        },
        {
            "time": "04.07.2021 10:18",
            "open": "0.598296",
            "high": "0.598296",
            "low": "0.598248",
            "close": "0.597992"
        },
        {
            "time": "04.07.2021 10:27",
            "open": "0.597992",
            "high": "0.597992",
            "low": "0.597992",
            "close": "0.597352"
        },
        {
            "time": "04.07.2021 10:28",
            "open": "0.597352",
            "high": "0.597352",
            "low": "0.597352",
            "close": "0.601626"
        },
        {
            "time": "04.07.2021 10:37",
            "open": "0.601626",
            "high": "0.601715",
            "low": "0.601033",
            "close": "0.599416"
        },
        {
            "time": "04.07.2021 10:38",
            "open": "0.599416",
            "high": "0.599416",
            "low": "0.599416",
            "close": "0.599658"
        },
        {
            "time": "04.07.2021 10:40",
            "open": "0.599658",
            "high": "0.599658",
            "low": "0.599658",
            "close": "0.600313"
        },
        {
            "time": "04.07.2021 10:42",
            "open": "0.600313",
            "high": "0.600313",
            "low": "0.600313",
            "close": "0.599606"
        },
        {
            "time": "04.07.2021 10:43",
            "open": "0.599606",
            "high": "0.599606",
            "low": "0.599497",
            "close": "0.599795"
        },
        {
            "time": "04.07.2021 10:45",
            "open": "0.599795",
            "high": "0.599795",
            "low": "0.599795",
            "close": "0.600477"
        },
        {
            "time": "04.07.2021 10:49",
            "open": "0.600477",
            "high": "0.600756",
            "low": "0.600477",
            "close": "0.600612"
        },
        {
            "time": "04.07.2021 10:52",
            "open": "0.600612",
            "high": "0.600612",
            "low": "0.600612",
            "close": "0.600488"
        },
        {
            "time": "04.07.2021 10:57",
            "open": "0.600488",
            "high": "0.600488",
            "low": "0.600488",
            "close": "0.597352"
        },
        {
            "time": "04.07.2021 11:06",
            "open": "0.597352",
            "high": "0.597352",
            "low": "0.597352",
            "close": "0.597398"
        },
        {
            "time": "04.07.2021 11:09",
            "open": "0.597398",
            "high": "0.597398",
            "low": "0.597398",
            "close": "0.597288"
        },
        {
            "time": "04.07.2021 11:11",
            "open": "0.597288",
            "high": "0.597288",
            "low": "0.597288",
            "close": "0.597603"
        },
        {
            "time": "04.07.2021 11:12",
            "open": "0.597603",
            "high": "0.597604",
            "low": "0.597603",
            "close": "0.596897"
        },
        {
            "time": "04.07.2021 11:13",
            "open": "0.596897",
            "high": "0.597028",
            "low": "0.596897",
            "close": "0.598051"
        },
        {
            "time": "04.07.2021 11:15",
            "open": "0.598051",
            "high": "0.598051",
            "low": "0.598051",
            "close": "0.59847"
        },
        {
            "time": "04.07.2021 11:16",
            "open": "0.59847",
            "high": "0.59847",
            "low": "0.59847",
            "close": "0.596844"
        },
        {
            "time": "04.07.2021 11:20",
            "open": "0.596844",
            "high": "0.597225",
            "low": "0.596844",
            "close": "0.596606"
        },
        {
            "time": "04.07.2021 11:22",
            "open": "0.596606",
            "high": "0.596606",
            "low": "0.596606",
            "close": "0.596598"
        },
        {
            "time": "04.07.2021 11:23",
            "open": "0.596598",
            "high": "0.596598",
            "low": "0.596589",
            "close": "0.597912"
        },
        {
            "time": "04.07.2021 11:27",
            "open": "0.597912",
            "high": "0.597912",
            "low": "0.597909",
            "close": "0.598462"
        },
        {
            "time": "04.07.2021 11:30",
            "open": "0.598462",
            "high": "0.598462",
            "low": "0.598462",
            "close": "0.595693"
        },
        {
            "time": "04.07.2021 11:38",
            "open": "0.595693",
            "high": "0.595693",
            "low": "0.595693",
            "close": "0.595818"
        },
        {
            "time": "04.07.2021 11:39",
            "open": "0.595818",
            "high": "0.596121",
            "low": "0.595799",
            "close": "0.596015"
        },
        {
            "time": "04.07.2021 11:40",
            "open": "0.596015",
            "high": "0.596017",
            "low": "0.596015",
            "close": "0.5958"
        },
        {
            "time": "04.07.2021 11:41",
            "open": "0.5958",
            "high": "0.5958",
            "low": "0.595794",
            "close": "0.597048"
        },
        {
            "time": "04.07.2021 11:48",
            "open": "0.597048",
            "high": "0.597048",
            "low": "0.597019",
            "close": "0.597936"
        },
        {
            "time": "04.07.2021 11:52",
            "open": "0.597936",
            "high": "0.598462",
            "low": "0.597936",
            "close": "0.599311"
        },
        {
            "time": "04.07.2021 12:00",
            "open": "0.599311",
            "high": "0.599311",
            "low": "0.599311",
            "close": "0.599778"
        },
        {
            "time": "04.07.2021 12:01",
            "open": "0.599778",
            "high": "0.599778",
            "low": "0.599778",
            "close": "0.599721"
        },
        {
            "time": "04.07.2021 12:02",
            "open": "0.599721",
            "high": "0.599721",
            "low": "0.599721",
            "close": "0.599463"
        },
        {
            "time": "04.07.2021 12:03",
            "open": "0.599463",
            "high": "0.599463",
            "low": "0.599463",
            "close": "0.599463"
        },
        {
            "time": "04.07.2021 12:04",
            "open": "0.599463",
            "high": "0.599463",
            "low": "0.599432",
            "close": "0.599413"
        },
        {
            "time": "04.07.2021 12:05",
            "open": "0.599413",
            "high": "0.599426",
            "low": "0.599413",
            "close": "0.598483"
        },
        {
            "time": "04.07.2021 12:07",
            "open": "0.598483",
            "high": "0.598483",
            "low": "0.598483",
            "close": "0.598447"
        },
        {
            "time": "04.07.2021 12:08",
            "open": "0.598447",
            "high": "0.598525",
            "low": "0.598447",
            "close": "0.5992"
        },
        {
            "time": "04.07.2021 12:12",
            "open": "0.5992",
            "high": "0.5992",
            "low": "0.5992",
            "close": "0.599095"
        },
        {
            "time": "04.07.2021 12:13",
            "open": "0.599095",
            "high": "0.599095",
            "low": "0.599094",
            "close": "0.599742"
        },
        {
            "time": "04.07.2021 12:15",
            "open": "0.599742",
            "high": "0.599742",
            "low": "0.599742",
            "close": "0.600176"
        },
        {
            "time": "04.07.2021 12:24",
            "open": "0.600176",
            "high": "0.600176",
            "low": "0.600176",
            "close": "0.599715"
        },
        {
            "time": "04.07.2021 12:30",
            "open": "0.599715",
            "high": "0.599715",
            "low": "0.599715",
            "close": "0.598945"
        },
        {
            "time": "04.07.2021 12:31",
            "open": "0.598945",
            "high": "0.598945",
            "low": "0.598945",
            "close": "0.599394"
        },
        {
            "time": "04.07.2021 12:34",
            "open": "0.599394",
            "high": "0.599394",
            "low": "0.599394",
            "close": "0.600291"
        },
        {
            "time": "04.07.2021 12:46",
            "open": "0.600291",
            "high": "0.600291",
            "low": "0.600291",
            "close": "0.6015"
        },
        {
            "time": "04.07.2021 12:49",
            "open": "0.6015",
            "high": "0.6015",
            "low": "0.601423",
            "close": "0.60124"
        },
        {
            "time": "04.07.2021 12:51",
            "open": "0.60124",
            "high": "0.60124",
            "low": "0.601215",
            "close": "0.60165"
        },
        {
            "time": "04.07.2021 12:52",
            "open": "0.60165",
            "high": "0.60165",
            "low": "0.60165",
            "close": "0.602012"
        },
        {
            "time": "04.07.2021 12:54",
            "open": "0.602012",
            "high": "0.602012",
            "low": "0.602012",
            "close": "0.602229"
        },
        {
            "time": "04.07.2021 12:56",
            "open": "0.602229",
            "high": "0.602229",
            "low": "0.602229",
            "close": "0.602089"
        },
        {
            "time": "04.07.2021 12:58",
            "open": "0.602089",
            "high": "0.602089",
            "low": "0.602089",
            "close": "0.601101"
        },
        {
            "time": "04.07.2021 13:02",
            "open": "0.601101",
            "high": "0.601101",
            "low": "0.601101",
            "close": "0.600871"
        },
        {
            "time": "04.07.2021 13:10",
            "open": "0.600871",
            "high": "0.600871",
            "low": "0.600871",
            "close": "0.601792"
        },
        {
            "time": "04.07.2021 13:13",
            "open": "0.601792",
            "high": "0.601792",
            "low": "0.601792",
            "close": "0.602343"
        },
        {
            "time": "04.07.2021 13:17",
            "open": "0.602343",
            "high": "0.602343",
            "low": "0.602265",
            "close": "0.60272"
        },
        {
            "time": "04.07.2021 13:19",
            "open": "0.60272",
            "high": "0.602775",
            "low": "0.60272",
            "close": "0.602425"
        },
        {
            "time": "04.07.2021 13:20",
            "open": "0.602425",
            "high": "0.602425",
            "low": "0.602425",
            "close": "0.600023"
        },
        {
            "time": "04.07.2021 13:21",
            "open": "0.600023",
            "high": "0.600023",
            "low": "0.600023",
            "close": "0.601527"
        },
        {
            "time": "04.07.2021 13:31",
            "open": "0.601527",
            "high": "0.601559",
            "low": "0.601527",
            "close": "0.602338"
        },
        {
            "time": "04.07.2021 13:39",
            "open": "0.602338",
            "high": "0.602338",
            "low": "0.602338",
            "close": "0.6025"
        },
        {
            "time": "04.07.2021 13:44",
            "open": "0.6025",
            "high": "0.6025",
            "low": "0.602493",
            "close": "0.602891"
        },
        {
            "time": "04.07.2021 13:45",
            "open": "0.602891",
            "high": "0.602891",
            "low": "0.602891",
            "close": "0.60194"
        },
        {
            "time": "04.07.2021 13:49",
            "open": "0.60194",
            "high": "0.60194",
            "low": "0.601753",
            "close": "0.601673"
        },
        {
            "time": "04.07.2021 13:51",
            "open": "0.601673",
            "high": "0.601673",
            "low": "0.601673",
            "close": "0.603289"
        },
        {
            "time": "04.07.2021 13:54",
            "open": "0.603289",
            "high": "0.603289",
            "low": "0.603289",
            "close": "0.603516"
        },
        {
            "time": "04.07.2021 13:55",
            "open": "0.603516",
            "high": "0.605242",
            "low": "0.603516",
            "close": "0.603441"
        },
        {
            "time": "04.07.2021 13:58",
            "open": "0.603441",
            "high": "0.603441",
            "low": "0.603441",
            "close": "0.60376"
        },
        {
            "time": "04.07.2021 14:01",
            "open": "0.60376",
            "high": "0.60376",
            "low": "0.60376",
            "close": "0.603282"
        },
        {
            "time": "04.07.2021 14:08",
            "open": "0.603282",
            "high": "0.603697",
            "low": "0.603282",
            "close": "0.604075"
        },
        {
            "time": "04.07.2021 14:10",
            "open": "0.604075",
            "high": "0.604106",
            "low": "0.604075",
            "close": "0.603395"
        },
        {
            "time": "04.07.2021 14:11",
            "open": "0.603395",
            "high": "0.603395",
            "low": "0.603395",
            "close": "0.60181"
        },
        {
            "time": "04.07.2021 14:13",
            "open": "0.60181",
            "high": "0.602933",
            "low": "0.60181",
            "close": "0.602334"
        },
        {
            "time": "04.07.2021 14:15",
            "open": "0.602334",
            "high": "0.602334",
            "low": "0.600481",
            "close": "0.599423"
        },
        {
            "time": "04.07.2021 14:17",
            "open": "0.599423",
            "high": "0.599423",
            "low": "0.599423",
            "close": "0.599423"
        },
        {
            "time": "04.07.2021 14:18",
            "open": "0.599423",
            "high": "0.599423",
            "low": "0.598623",
            "close": "0.599955"
        },
        {
            "time": "04.07.2021 14:20",
            "open": "0.599955",
            "high": "0.599955",
            "low": "0.599955",
            "close": "0.601936"
        },
        {
            "time": "04.07.2021 14:26",
            "open": "0.601936",
            "high": "0.601936",
            "low": "0.60161",
            "close": "0.601469"
        },
        {
            "time": "04.07.2021 14:27",
            "open": "0.601469",
            "high": "0.601827",
            "low": "0.601469",
            "close": "0.602074"
        },
        {
            "time": "04.07.2021 14:29",
            "open": "0.602074",
            "high": "0.602075",
            "low": "0.602074",
            "close": "0.602417"
        },
        {
            "time": "04.07.2021 14:30",
            "open": "0.602417",
            "high": "0.602417",
            "low": "0.602417",
            "close": "0.600395"
        },
        {
            "time": "04.07.2021 14:34",
            "open": "0.600395",
            "high": "0.60079",
            "low": "0.600338",
            "close": "0.601071"
        },
        {
            "time": "04.07.2021 14:35",
            "open": "0.601071",
            "high": "0.601447",
            "low": "0.601064",
            "close": "0.600755"
        },
        {
            "time": "04.07.2021 14:36",
            "open": "0.600755",
            "high": "0.600755",
            "low": "0.600755",
            "close": "0.600762"
        },
        {
            "time": "04.07.2021 14:37",
            "open": "0.600762",
            "high": "0.600762",
            "low": "0.600762",
            "close": "0.600549"
        },
        {
            "time": "04.07.2021 14:38",
            "open": "0.600549",
            "high": "0.600586",
            "low": "0.600549",
            "close": "0.600028"
        },
        {
            "time": "04.07.2021 14:40",
            "open": "0.600028",
            "high": "0.600028",
            "low": "0.599635",
            "close": "0.600111"
        },
        {
            "time": "04.07.2021 14:49",
            "open": "0.600111",
            "high": "0.600111",
            "low": "0.600076",
            "close": "0.600653"
        },
        {
            "time": "04.07.2021 14:50",
            "open": "0.600653",
            "high": "0.600653",
            "low": "0.600653",
            "close": "0.596695"
        },
        {
            "time": "04.07.2021 14:55",
            "open": "0.596695",
            "high": "0.596869",
            "low": "0.596695",
            "close": "0.597497"
        },
        {
            "time": "04.07.2021 15:05",
            "open": "0.597497",
            "high": "0.597505",
            "low": "0.597497",
            "close": "0.59804"
        },
        {
            "time": "04.07.2021 15:06",
            "open": "0.59804",
            "high": "0.59804",
            "low": "0.597948",
            "close": "0.596455"
        },
        {
            "time": "04.07.2021 15:10",
            "open": "0.596455",
            "high": "0.596455",
            "low": "0.596455",
            "close": "0.596896"
        },
        {
            "time": "04.07.2021 15:11",
            "open": "0.596896",
            "high": "0.596896",
            "low": "0.596896",
            "close": "0.596318"
        },
        {
            "time": "04.07.2021 15:16",
            "open": "0.596318",
            "high": "0.596318",
            "low": "0.596266",
            "close": "0.597767"
        },
        {
            "time": "04.07.2021 15:30",
            "open": "0.597767",
            "high": "0.598032",
            "low": "0.597767",
            "close": "0.598996"
        },
        {
            "time": "04.07.2021 15:32",
            "open": "0.598996",
            "high": "0.598996",
            "low": "0.598996",
            "close": "0.6001"
        },
        {
            "time": "04.07.2021 15:39",
            "open": "0.6001",
            "high": "0.6001",
            "low": "0.599964",
            "close": "0.599266"
        },
        {
            "time": "04.07.2021 15:41",
            "open": "0.599266",
            "high": "0.599266",
            "low": "0.599266",
            "close": "0.599605"
        },
        {
            "time": "04.07.2021 15:45",
            "open": "0.599605",
            "high": "0.599605",
            "low": "0.599351",
            "close": "0.600647"
        },
        {
            "time": "04.07.2021 15:50",
            "open": "0.600647",
            "high": "0.600649",
            "low": "0.600647",
            "close": "0.599775"
        },
        {
            "time": "04.07.2021 15:52",
            "open": "0.599775",
            "high": "0.599775",
            "low": "0.599775",
            "close": "0.600062"
        },
        {
            "time": "04.07.2021 15:55",
            "open": "0.600062",
            "high": "0.600062",
            "low": "0.599903",
            "close": "0.600712"
        },
        {
            "time": "04.07.2021 16:05",
            "open": "0.600712",
            "high": "0.600712",
            "low": "0.600712",
            "close": "0.601413"
        },
        {
            "time": "04.07.2021 16:07",
            "open": "0.601413",
            "high": "0.601413",
            "low": "0.601406",
            "close": "0.602363"
        },
        {
            "time": "04.07.2021 16:09",
            "open": "0.602363",
            "high": "0.602437",
            "low": "0.602363",
            "close": "0.602673"
        },
        {
            "time": "04.07.2021 16:10",
            "open": "0.602673",
            "high": "0.602673",
            "low": "0.602673",
            "close": "0.603464"
        },
        {
            "time": "04.07.2021 16:11",
            "open": "0.603464",
            "high": "0.603464",
            "low": "0.603464",
            "close": "0.602495"
        },
        {
            "time": "04.07.2021 16:12",
            "open": "0.602495",
            "high": "0.602495",
            "low": "0.602495",
            "close": "0.602251"
        },
        {
            "time": "04.07.2021 16:19",
            "open": "0.602251",
            "high": "0.602251",
            "low": "0.602251",
            "close": "0.601861"
        },
        {
            "time": "04.07.2021 16:25",
            "open": "0.601861",
            "high": "0.601969",
            "low": "0.601861",
            "close": "0.60216"
        },
        {
            "time": "04.07.2021 16:27",
            "open": "0.60216",
            "high": "0.602268",
            "low": "0.60216",
            "close": "0.602638"
        },
        {
            "time": "04.07.2021 16:29",
            "open": "0.602638",
            "high": "0.602638",
            "low": "0.602638",
            "close": "0.602618"
        },
        {
            "time": "04.07.2021 16:31",
            "open": "0.602618",
            "high": "0.602618",
            "low": "0.602618",
            "close": "0.60203"
        },
        {
            "time": "04.07.2021 16:33",
            "open": "0.60203",
            "high": "0.60203",
            "low": "0.60203",
            "close": "0.602693"
        },
        {
            "time": "04.07.2021 16:37",
            "open": "0.602693",
            "high": "0.602693",
            "low": "0.602693",
            "close": "0.603857"
        },
        {
            "time": "04.07.2021 16:43",
            "open": "0.603857",
            "high": "0.603857",
            "low": "0.603857",
            "close": "0.605052"
        },
        {
            "time": "04.07.2021 16:45",
            "open": "0.605052",
            "high": "0.605154",
            "low": "0.605052",
            "close": "0.605442"
        },
        {
            "time": "04.07.2021 16:49",
            "open": "0.605442",
            "high": "0.605442",
            "low": "0.605442",
            "close": "0.605442"
        },
        {
            "time": "04.07.2021 16:51",
            "open": "0.605442",
            "high": "0.605656",
            "low": "0.605442",
            "close": "0.605656"
        },
        {
            "time": "04.07.2021 16:53",
            "open": "0.605656",
            "high": "0.607466",
            "low": "0.605656",
            "close": "0.607466"
        },
        {
            "time": "04.07.2021 16:54",
            "open": "0.607466",
            "high": "0.608862",
            "low": "0.607466",
            "close": "0.608856"
        },
        {
            "time": "04.07.2021 16:55",
            "open": "0.608856",
            "high": "0.609277",
            "low": "0.608659",
            "close": "0.609442"
        },
        {
            "time": "04.07.2021 16:56",
            "open": "0.609442",
            "high": "0.609665",
            "low": "0.609442",
            "close": "0.609665"
        },
        {
            "time": "04.07.2021 16:57",
            "open": "0.609665",
            "high": "0.610634",
            "low": "0.609665",
            "close": "0.609846"
        },
        {
            "time": "04.07.2021 16:58",
            "open": "0.609846",
            "high": "0.609846",
            "low": "0.609846",
            "close": "0.608953"
        },
        {
            "time": "04.07.2021 17:00",
            "open": "0.608953",
            "high": "0.609007",
            "low": "0.608953",
            "close": "0.610045"
        },
        {
            "time": "04.07.2021 17:04",
            "open": "0.610045",
            "high": "0.610045",
            "low": "0.610045",
            "close": "0.609834"
        },
        {
            "time": "04.07.2021 17:05",
            "open": "0.609834",
            "high": "0.610213",
            "low": "0.609834",
            "close": "0.608908"
        },
        {
            "time": "04.07.2021 17:11",
            "open": "0.608908",
            "high": "0.608908",
            "low": "0.608908",
            "close": "0.608581"
        },
        {
            "time": "04.07.2021 17:12",
            "open": "0.608581",
            "high": "0.608581",
            "low": "0.608581",
            "close": "0.608347"
        },
        {
            "time": "04.07.2021 17:13",
            "open": "0.608347",
            "high": "0.608347",
            "low": "0.608347",
            "close": "0.608475"
        },
        {
            "time": "04.07.2021 17:18",
            "open": "0.608475",
            "high": "0.60857",
            "low": "0.608097",
            "close": "0.60751"
        },
        {
            "time": "04.07.2021 17:23",
            "open": "0.60751",
            "high": "0.607511",
            "low": "0.60751",
            "close": "0.607086"
        },
        {
            "time": "04.07.2021 17:24",
            "open": "0.607086",
            "high": "0.607086",
            "low": "0.607086",
            "close": "0.607186"
        },
        {
            "time": "04.07.2021 17:25",
            "open": "0.607186",
            "high": "0.607186",
            "low": "0.607186",
            "close": "0.607104"
        },
        {
            "time": "04.07.2021 17:26",
            "open": "0.607104",
            "high": "0.607104",
            "low": "0.606728",
            "close": "0.607186"
        },
        {
            "time": "04.07.2021 17:27",
            "open": "0.607186",
            "high": "0.607186",
            "low": "0.607186",
            "close": "0.607833"
        },
        {
            "time": "04.07.2021 17:34",
            "open": "0.607833",
            "high": "0.607833",
            "low": "0.607833",
            "close": "0.608518"
        },
        {
            "time": "04.07.2021 17:38",
            "open": "0.608518",
            "high": "0.608518",
            "low": "0.608518",
            "close": "0.608908"
        },
        {
            "time": "04.07.2021 17:39",
            "open": "0.608908",
            "high": "0.608908",
            "low": "0.608908",
            "close": "0.609305"
        },
        {
            "time": "04.07.2021 17:43",
            "open": "0.609305",
            "high": "0.609355",
            "low": "0.609305",
            "close": "0.608924"
        },
        {
            "time": "04.07.2021 17:44",
            "open": "0.608924",
            "high": "0.608924",
            "low": "0.608924",
            "close": "0.608581"
        },
        {
            "time": "04.07.2021 17:48",
            "open": "0.608581",
            "high": "0.608581",
            "low": "0.608479",
            "close": "0.609273"
        },
        {
            "time": "04.07.2021 17:52",
            "open": "0.609273",
            "high": "0.609273",
            "low": "0.609273",
            "close": "0.611234"
        },
        {
            "time": "04.07.2021 17:55",
            "open": "0.611234",
            "high": "0.613288",
            "low": "0.611234",
            "close": "0.611873"
        },
        {
            "time": "04.07.2021 17:56",
            "open": "0.611873",
            "high": "0.611873",
            "low": "0.611873",
            "close": "0.612594"
        },
        {
            "time": "04.07.2021 17:58",
            "open": "0.612594",
            "high": "0.612594",
            "low": "0.612594",
            "close": "0.61278"
        },
        {
            "time": "04.07.2021 17:59",
            "open": "0.61278",
            "high": "0.61278",
            "low": "0.611993",
            "close": "0.613311"
        },
        {
            "time": "04.07.2021 18:00",
            "open": "0.613311",
            "high": "0.614837",
            "low": "0.613311",
            "close": "0.612582"
        },
        {
            "time": "04.07.2021 18:01",
            "open": "0.612582",
            "high": "0.614135",
            "low": "0.612498",
            "close": "0.610607"
        },
        {
            "time": "04.07.2021 18:02",
            "open": "0.610607",
            "high": "0.610607",
            "low": "0.610228",
            "close": "0.610835"
        },
        {
            "time": "04.07.2021 18:03",
            "open": "0.610835",
            "high": "0.611614",
            "low": "0.610835",
            "close": "0.611614"
        },
        {
            "time": "04.07.2021 18:04",
            "open": "0.611614",
            "high": "0.611614",
            "low": "0.611614",
            "close": "0.610982"
        },
        {
            "time": "04.07.2021 18:06",
            "open": "0.610982",
            "high": "0.610982",
            "low": "0.610635",
            "close": "0.611501"
        },
        {
            "time": "04.07.2021 18:08",
            "open": "0.611501",
            "high": "0.611501",
            "low": "0.611112",
            "close": "0.612002"
        },
        {
            "time": "04.07.2021 18:09",
            "open": "0.612002",
            "high": "0.612002",
            "low": "0.612002",
            "close": "0.611247"
        },
        {
            "time": "04.07.2021 18:10",
            "open": "0.611247",
            "high": "0.611247",
            "low": "0.611157",
            "close": "0.612883"
        },
        {
            "time": "04.07.2021 18:14",
            "open": "0.612883",
            "high": "0.614565",
            "low": "0.612882",
            "close": "0.613833"
        },
        {
            "time": "04.07.2021 18:15",
            "open": "0.613833",
            "high": "0.615254",
            "low": "0.613827",
            "close": "0.6156"
        },
        {
            "time": "04.07.2021 18:16",
            "open": "0.6156",
            "high": "0.615601",
            "low": "0.6156",
            "close": "0.615433"
        },
        {
            "time": "04.07.2021 18:17",
            "open": "0.615433",
            "high": "0.615433",
            "low": "0.615433",
            "close": "0.6161"
        },
        {
            "time": "04.07.2021 18:20",
            "open": "0.6161",
            "high": "0.6161",
            "low": "0.6161",
            "close": "0.614192"
        },
        {
            "time": "04.07.2021 18:22",
            "open": "0.614192",
            "high": "0.614192",
            "low": "0.614192",
            "close": "0.615773"
        },
        {
            "time": "04.07.2021 18:26",
            "open": "0.615773",
            "high": "0.615773",
            "low": "0.615773",
            "close": "0.617247"
        },
        {
            "time": "04.07.2021 18:28",
            "open": "0.617247",
            "high": "0.617247",
            "low": "0.617247",
            "close": "0.615831"
        },
        {
            "time": "04.07.2021 18:29",
            "open": "0.615831",
            "high": "0.616093",
            "low": "0.615776",
            "close": "0.615918"
        },
        {
            "time": "04.07.2021 18:30",
            "open": "0.615918",
            "high": "0.616096",
            "low": "0.615918",
            "close": "0.615789"
        },
        {
            "time": "04.07.2021 18:31",
            "open": "0.615789",
            "high": "0.615789",
            "low": "0.615262",
            "close": "0.615262"
        },
        {
            "time": "04.07.2021 18:33",
            "open": "0.615262",
            "high": "0.615262",
            "low": "0.615229",
            "close": "0.615513"
        },
        {
            "time": "04.07.2021 18:34",
            "open": "0.615513",
            "high": "0.615513",
            "low": "0.615513",
            "close": "0.6153"
        },
        {
            "time": "04.07.2021 18:35",
            "open": "0.6153",
            "high": "0.6153",
            "low": "0.6153",
            "close": "0.615878"
        },
        {
            "time": "04.07.2021 18:39",
            "open": "0.615878",
            "high": "0.615878",
            "low": "0.615823",
            "close": "0.616715"
        },
        {
            "time": "04.07.2021 18:42",
            "open": "0.616715",
            "high": "0.616725",
            "low": "0.616715",
            "close": "0.616252"
        },
        {
            "time": "04.07.2021 18:45",
            "open": "0.616252",
            "high": "0.616252",
            "low": "0.616195",
            "close": "0.616089"
        },
        {
            "time": "04.07.2021 18:46",
            "open": "0.616089",
            "high": "0.616089",
            "low": "0.615229",
            "close": "0.61481"
        },
        {
            "time": "04.07.2021 18:47",
            "open": "0.61481",
            "high": "0.61481",
            "low": "0.614155",
            "close": "0.614464"
        },
        {
            "time": "04.07.2021 18:48",
            "open": "0.614464",
            "high": "0.61537",
            "low": "0.614464",
            "close": "0.616162"
        },
        {
            "time": "04.07.2021 18:50",
            "open": "0.616162",
            "high": "0.616162",
            "low": "0.615627",
            "close": "0.615628"
        },
        {
            "time": "04.07.2021 18:51",
            "open": "0.615628",
            "high": "0.615628",
            "low": "0.615628",
            "close": "0.615372"
        },
        {
            "time": "04.07.2021 18:56",
            "open": "0.615372",
            "high": "0.615373",
            "low": "0.615372",
            "close": "0.614892"
        },
        {
            "time": "04.07.2021 19:01",
            "open": "0.614892",
            "high": "0.614893",
            "low": "0.614892",
            "close": "0.614264"
        },
        {
            "time": "04.07.2021 19:03",
            "open": "0.614264",
            "high": "0.614264",
            "low": "0.614264",
            "close": "0.614587"
        },
        {
            "time": "04.07.2021 19:06",
            "open": "0.614587",
            "high": "0.614587",
            "low": "0.614587",
            "close": "0.6144"
        },
        {
            "time": "04.07.2021 19:09",
            "open": "0.6144",
            "high": "0.61495",
            "low": "0.6144",
            "close": "0.615912"
        },
        {
            "time": "04.07.2021 19:10",
            "open": "0.615912",
            "high": "0.615912",
            "low": "0.615912",
            "close": "0.615738"
        },
        {
            "time": "04.07.2021 19:11",
            "open": "0.615738",
            "high": "0.615738",
            "low": "0.615714",
            "close": "0.615744"
        },
        {
            "time": "04.07.2021 19:14",
            "open": "0.615744",
            "high": "0.615744",
            "low": "0.613062",
            "close": "0.614036"
        },
        {
            "time": "04.07.2021 19:15",
            "open": "0.614036",
            "high": "0.614928",
            "low": "0.61385",
            "close": "0.61523"
        },
        {
            "time": "04.07.2021 19:16",
            "open": "0.61523",
            "high": "0.61523",
            "low": "0.61484",
            "close": "0.614882"
        },
        {
            "time": "04.07.2021 19:17",
            "open": "0.614882",
            "high": "0.614882",
            "low": "0.614882",
            "close": "0.616082"
        },
        {
            "time": "04.07.2021 19:24",
            "open": "0.616082",
            "high": "0.616082",
            "low": "0.616039",
            "close": "0.617204"
        },
        {
            "time": "04.07.2021 19:27",
            "open": "0.617204",
            "high": "0.617205",
            "low": "0.617204",
            "close": "0.617181"
        },
        {
            "time": "04.07.2021 19:29",
            "open": "0.617181",
            "high": "0.617181",
            "low": "0.617181",
            "close": "0.617832"
        },
        {
            "time": "04.07.2021 19:30",
            "open": "0.617832",
            "high": "0.617868",
            "low": "0.617832",
            "close": "0.617206"
        },
        {
            "time": "04.07.2021 19:31",
            "open": "0.617206",
            "high": "0.617206",
            "low": "0.617206",
            "close": "0.617206"
        },
        {
            "time": "04.07.2021 19:34",
            "open": "0.617206",
            "high": "0.617206",
            "low": "0.615396",
            "close": "0.617181"
        },
        {
            "time": "04.07.2021 19:43",
            "open": "0.617181",
            "high": "0.617181",
            "low": "0.617062",
            "close": "0.617062"
        },
        {
            "time": "04.07.2021 19:46",
            "open": "0.617062",
            "high": "0.617062",
            "low": "0.617062",
            "close": "0.616886"
        },
        {
            "time": "04.07.2021 19:51",
            "open": "0.616886",
            "high": "0.616886",
            "low": "0.616886",
            "close": "0.616394"
        },
        {
            "time": "04.07.2021 19:52",
            "open": "0.616394",
            "high": "0.616394",
            "low": "0.616394",
            "close": "0.61733"
        },
        {
            "time": "04.07.2021 19:58",
            "open": "0.61733",
            "high": "0.61733",
            "low": "0.61733",
            "close": "0.617516"
        },
        {
            "time": "04.07.2021 20:01",
            "open": "0.617516",
            "high": "0.617758",
            "low": "0.617516",
            "close": "0.617388"
        },
        {
            "time": "04.07.2021 20:05",
            "open": "0.617388",
            "high": "0.617388",
            "low": "0.617388",
            "close": "0.617489"
        },
        {
            "time": "04.07.2021 20:08",
            "open": "0.617489",
            "high": "0.617702",
            "low": "0.617489",
            "close": "0.617717"
        },
        {
            "time": "04.07.2021 20:09",
            "open": "0.617717",
            "high": "0.617717",
            "low": "0.617702",
            "close": "0.617032"
        },
        {
            "time": "04.07.2021 20:12",
            "open": "0.617032",
            "high": "0.617032",
            "low": "0.617032",
            "close": "0.615789"
        },
        {
            "time": "04.07.2021 20:13",
            "open": "0.615789",
            "high": "0.615789",
            "low": "0.615789",
            "close": "0.616281"
        },
        {
            "time": "04.07.2021 20:27",
            "open": "0.616281",
            "high": "0.616281",
            "low": "0.616067",
            "close": "0.61691"
        },
        {
            "time": "04.07.2021 20:32",
            "open": "0.61691",
            "high": "0.61691",
            "low": "0.61691",
            "close": "0.617574"
        },
        {
            "time": "04.07.2021 20:36",
            "open": "0.617574",
            "high": "0.617574",
            "low": "0.617574",
            "close": "0.616404"
        },
        {
            "time": "04.07.2021 20:37",
            "open": "0.616404",
            "high": "0.616404",
            "low": "0.616259",
            "close": "0.61641"
        },
        {
            "time": "04.07.2021 20:38",
            "open": "0.61641",
            "high": "0.616633",
            "low": "0.61641",
            "close": "0.616708"
        },
        {
            "time": "04.07.2021 20:40",
            "open": "0.616708",
            "high": "0.616709",
            "low": "0.616708",
            "close": "0.61611"
        },
        {
            "time": "04.07.2021 20:41",
            "open": "0.61611",
            "high": "0.61611",
            "low": "0.61611",
            "close": "0.616264"
        },
        {
            "time": "04.07.2021 20:42",
            "open": "0.616264",
            "high": "0.616264",
            "low": "0.616264",
            "close": "0.615911"
        },
        {
            "time": "04.07.2021 20:43",
            "open": "0.615911",
            "high": "0.615911",
            "low": "0.615911",
            "close": "0.615994"
        },
        {
            "time": "04.07.2021 20:45",
            "open": "0.615994",
            "high": "0.615994",
            "low": "0.615911",
            "close": "0.616082"
        },
        {
            "time": "04.07.2021 20:47",
            "open": "0.616082",
            "high": "0.616082",
            "low": "0.615765",
            "close": "0.617758"
        },
        {
            "time": "04.07.2021 20:54",
            "open": "0.617758",
            "high": "0.617758",
            "low": "0.617758",
            "close": "0.617416"
        },
        {
            "time": "04.07.2021 20:57",
            "open": "0.617416",
            "high": "0.617475",
            "low": "0.617416",
            "close": "0.617171"
        },
        {
            "time": "04.07.2021 21:00",
            "open": "0.617171",
            "high": "0.618165",
            "low": "0.617147",
            "close": "0.618156"
        },
        {
            "time": "04.07.2021 21:02",
            "open": "0.618156",
            "high": "0.618156",
            "low": "0.618156",
            "close": "0.618164"
        },
        {
            "time": "04.07.2021 21:03",
            "open": "0.618164",
            "high": "0.618164",
            "low": "0.618164",
            "close": "0.618547"
        },
        {
            "time": "04.07.2021 21:04",
            "open": "0.618547",
            "high": "0.619271",
            "low": "0.618547",
            "close": "0.617413"
        },
        {
            "time": "04.07.2021 21:09",
            "open": "0.617413",
            "high": "0.617413",
            "low": "0.617413",
            "close": "0.617694"
        },
        {
            "time": "04.07.2021 21:10",
            "open": "0.617694",
            "high": "0.617694",
            "low": "0.617694",
            "close": "0.616932"
        },
        {
            "time": "04.07.2021 21:12",
            "open": "0.616932",
            "high": "0.616932",
            "low": "0.616932",
            "close": "0.617729"
        },
        {
            "time": "04.07.2021 21:16",
            "open": "0.617729",
            "high": "0.617854",
            "low": "0.617729",
            "close": "0.616587"
        },
        {
            "time": "04.07.2021 21:22",
            "open": "0.616587",
            "high": "0.616587",
            "low": "0.616587",
            "close": "0.616754"
        },
        {
            "time": "04.07.2021 21:23",
            "open": "0.616754",
            "high": "0.616759",
            "low": "0.616754",
            "close": "0.616217"
        },
        {
            "time": "04.07.2021 21:26",
            "open": "0.616217",
            "high": "0.616217",
            "low": "0.616217",
            "close": "0.616879"
        },
        {
            "time": "04.07.2021 21:29",
            "open": "0.616879",
            "high": "0.616921",
            "low": "0.616879",
            "close": "0.617748"
        },
        {
            "time": "04.07.2021 21:34",
            "open": "0.617748",
            "high": "0.617748",
            "low": "0.617748",
            "close": "0.618506"
        },
        {
            "time": "04.07.2021 21:39",
            "open": "0.618506",
            "high": "0.618506",
            "low": "0.618506",
            "close": "0.617582"
        },
        {
            "time": "04.07.2021 21:45",
            "open": "0.617582",
            "high": "0.617582",
            "low": "0.617582",
            "close": "0.616768"
        },
        {
            "time": "04.07.2021 21:48",
            "open": "0.616768",
            "high": "0.616768",
            "low": "0.616768",
            "close": "0.61612"
        },
        {
            "time": "04.07.2021 21:50",
            "open": "0.61612",
            "high": "0.61612",
            "low": "0.61612",
            "close": "0.616487"
        },
        {
            "time": "04.07.2021 21:53",
            "open": "0.616487",
            "high": "0.616487",
            "low": "0.616487",
            "close": "0.619145"
        },
        {
            "time": "04.07.2021 21:56",
            "open": "0.619145",
            "high": "0.619145",
            "low": "0.619145",
            "close": "0.617564"
        },
        {
            "time": "04.07.2021 21:58",
            "open": "0.617564",
            "high": "0.617564",
            "low": "0.617564",
            "close": "0.618164"
        },
        {
            "time": "04.07.2021 21:59",
            "open": "0.618164",
            "high": "0.618164",
            "low": "0.618164",
            "close": "0.616594"
        },
        {
            "time": "04.07.2021 22:12",
            "open": "0.616594",
            "high": "0.616594",
            "low": "0.616537",
            "close": "0.617389"
        },
        {
            "time": "04.07.2021 22:14",
            "open": "0.617389",
            "high": "0.617508",
            "low": "0.617389",
            "close": "0.617532"
        },
        {
            "time": "04.07.2021 22:15",
            "open": "0.617532",
            "high": "0.619886",
            "low": "0.617532",
            "close": "0.619829"
        },
        {
            "time": "04.07.2021 22:16",
            "open": "0.619829",
            "high": "0.619829",
            "low": "0.619829",
            "close": "0.619632"
        },
        {
            "time": "04.07.2021 22:23",
            "open": "0.619632",
            "high": "0.620428",
            "low": "0.619632",
            "close": "0.620505"
        },
        {
            "time": "04.07.2021 22:24",
            "open": "0.620505",
            "high": "0.621123",
            "low": "0.620505",
            "close": "0.620557"
        },
        {
            "time": "04.07.2021 22:25",
            "open": "0.620557",
            "high": "0.620557",
            "low": "0.620557",
            "close": "0.62076"
        },
        {
            "time": "04.07.2021 22:26",
            "open": "0.62076",
            "high": "0.621232",
            "low": "0.620757",
            "close": "0.621741"
        },
        {
            "time": "04.07.2021 22:29",
            "open": "0.621741",
            "high": "0.621741",
            "low": "0.621741",
            "close": "0.622138"
        },
        {
            "time": "04.07.2021 22:30",
            "open": "0.622138",
            "high": "0.622138",
            "low": "0.622138",
            "close": "0.622138"
        },
        {
            "time": "04.07.2021 22:32",
            "open": "0.622138",
            "high": "0.622138",
            "low": "0.622138",
            "close": "0.62236"
        },
        {
            "time": "04.07.2021 22:33",
            "open": "0.62236",
            "high": "0.62236",
            "low": "0.62236",
            "close": "0.62236"
        },
        {
            "time": "04.07.2021 22:34",
            "open": "0.62236",
            "high": "0.62236",
            "low": "0.622138",
            "close": "0.621537"
        },
        {
            "time": "04.07.2021 22:40",
            "open": "0.621537",
            "high": "0.621537",
            "low": "0.621537",
            "close": "0.621537"
        },
        {
            "time": "04.07.2021 22:43",
            "open": "0.621537",
            "high": "0.621843",
            "low": "0.621537",
            "close": "0.621061"
        },
        {
            "time": "04.07.2021 22:44",
            "open": "0.621061",
            "high": "0.621061",
            "low": "0.621061",
            "close": "0.62015"
        },
        {
            "time": "04.07.2021 22:45",
            "open": "0.62015",
            "high": "0.62015",
            "low": "0.620097",
            "close": "0.6205"
        },
        {
            "time": "04.07.2021 22:46",
            "open": "0.6205",
            "high": "0.6205",
            "low": "0.6205",
            "close": "0.621041"
        },
        {
            "time": "04.07.2021 22:55",
            "open": "0.621041",
            "high": "0.621277",
            "low": "0.621041",
            "close": "0.621389"
        },
        {
            "time": "04.07.2021 22:57",
            "open": "0.621389",
            "high": "0.621672",
            "low": "0.621389",
            "close": "0.622305"
        },
        {
            "time": "04.07.2021 23:01",
            "open": "0.622305",
            "high": "0.622305",
            "low": "0.622305",
            "close": "0.622586"
        },
        {
            "time": "04.07.2021 23:03",
            "open": "0.622586",
            "high": "0.623",
            "low": "0.622586",
            "close": "0.622858"
        },
        {
            "time": "04.07.2021 23:05",
            "open": "0.622858",
            "high": "0.622858",
            "low": "0.622858",
            "close": "0.622339"
        },
        {
            "time": "04.07.2021 23:06",
            "open": "0.622339",
            "high": "0.622339",
            "low": "0.621229",
            "close": "0.621553"
        },
        {
            "time": "04.07.2021 23:07",
            "open": "0.621553",
            "high": "0.621566",
            "low": "0.621553",
            "close": "0.620691"
        },
        {
            "time": "04.07.2021 23:09",
            "open": "0.620691",
            "high": "0.620691",
            "low": "0.620691",
            "close": "0.623"
        },
        {
            "time": "04.07.2021 23:16",
            "open": "0.623",
            "high": "0.623",
            "low": "0.623",
            "close": "0.622896"
        },
        {
            "time": "04.07.2021 23:18",
            "open": "0.622896",
            "high": "0.623487",
            "low": "0.622896",
            "close": "0.623098"
        },
        {
            "time": "04.07.2021 23:19",
            "open": "0.623098",
            "high": "0.623098",
            "low": "0.623098",
            "close": "0.62305"
        },
        {
            "time": "04.07.2021 23:21",
            "open": "0.62305",
            "high": "0.623536",
            "low": "0.62305",
            "close": "0.622961"
        },
        {
            "time": "04.07.2021 23:23",
            "open": "0.622961",
            "high": "0.622961",
            "low": "0.62261",
            "close": "0.622643"
        },
        {
            "time": "04.07.2021 23:30",
            "open": "0.622643",
            "high": "0.622643",
            "low": "0.622643",
            "close": "0.622163"
        },
        {
            "time": "04.07.2021 23:33",
            "open": "0.622163",
            "high": "0.622163",
            "low": "0.622039",
            "close": "0.623235"
        },
        {
            "time": "04.07.2021 23:37",
            "open": "0.623235",
            "high": "0.623235",
            "low": "0.623235",
            "close": "0.623235"
        },
        {
            "time": "04.07.2021 23:40",
            "open": "0.623235",
            "high": "0.623235",
            "low": "0.623235",
            "close": "0.623596"
        },
        {
            "time": "04.07.2021 23:43",
            "open": "0.623596",
            "high": "0.623596",
            "low": "0.623596",
            "close": "0.623728"
        },
        {
            "time": "04.07.2021 23:44",
            "open": "0.623728",
            "high": "0.623728",
            "low": "0.623691",
            "close": "0.624215"
        },
        {
            "time": "04.07.2021 23:47",
            "open": "0.624215",
            "high": "0.624215",
            "low": "0.624215",
            "close": "0.624214"
        },
        {
            "time": "04.07.2021 23:48",
            "open": "0.624214",
            "high": "0.624214",
            "low": "0.624214",
            "close": "0.623996"
        },
        {
            "time": "04.07.2021 23:50",
            "open": "0.623996",
            "high": "0.623996",
            "low": "0.62331",
            "close": "0.623895"
        },
        {
            "time": "04.07.2021 23:51",
            "open": "0.623895",
            "high": "0.623895",
            "low": "0.623895",
            "close": "0.624215"
        },
        {
            "time": "04.07.2021 23:52",
            "open": "0.624215",
            "high": "0.624328",
            "low": "0.624215",
            "close": "0.623829"
        }
    ]
}