{
    "ZRX-EUR": [
        {
            "time": "13.11.2020 23:57",
            "open": "0.323403",
            "high": "0.323798",
            "low": "0.323403",
            "close": "0.3251"
        },
        {
            "time": "14.11.2020 00:00",
            "open": "0.3251",
            "high": "0.325356",
            "low": "0.3251",
            "close": "0.325283"
        },
        {
            "time": "14.11.2020 00:02",
            "open": "0.325283",
            "high": "0.325283",
            "low": "0.325283",
            "close": "0.325432"
        },
        {
            "time": "14.11.2020 00:03",
            "open": "0.325432",
            "high": "0.325432",
            "low": "0.325432",
            "close": "0.324875"
        },
        {
            "time": "14.11.2020 00:04",
            "open": "0.324875",
            "high": "0.324875",
            "low": "0.324801",
            "close": "0.324774"
        },
        {
            "time": "14.11.2020 00:05",
            "open": "0.324774",
            "high": "0.324774",
            "low": "0.324762",
            "close": "0.324807"
        },
        {
            "time": "14.11.2020 00:06",
            "open": "0.324807",
            "high": "0.324807",
            "low": "0.324713",
            "close": "0.325626"
        },
        {
            "time": "14.11.2020 00:13",
            "open": "0.325626",
            "high": "0.326052",
            "low": "0.325626",
            "close": "0.326462"
        },
        {
            "time": "14.11.2020 00:14",
            "open": "0.326462",
            "high": "0.326602",
            "low": "0.326462",
            "close": "0.326673"
        },
        {
            "time": "14.11.2020 00:18",
            "open": "0.326673",
            "high": "0.326673",
            "low": "0.326358",
            "close": "0.326665"
        },
        {
            "time": "14.11.2020 00:19",
            "open": "0.326665",
            "high": "0.326665",
            "low": "0.326587",
            "close": "0.326203"
        },
        {
            "time": "14.11.2020 00:24",
            "open": "0.326203",
            "high": "0.326203",
            "low": "0.326203",
            "close": "0.325639"
        },
        {
            "time": "14.11.2020 00:26",
            "open": "0.325639",
            "high": "0.325639",
            "low": "0.325639",
            "close": "0.324929"
        },
        {
            "time": "14.11.2020 00:32",
            "open": "0.324929",
            "high": "0.324929",
            "low": "0.324929",
            "close": "0.325727"
        },
        {
            "time": "14.11.2020 00:42",
            "open": "0.325727",
            "high": "0.325727",
            "low": "0.325541",
            "close": "0.326036"
        },
        {
            "time": "14.11.2020 00:48",
            "open": "0.326036",
            "high": "0.326036",
            "low": "0.326036",
            "close": "0.32675"
        },
        {
            "time": "14.11.2020 00:50",
            "open": "0.32675",
            "high": "0.32675",
            "low": "0.32675",
            "close": "0.32675"
        },
        {
            "time": "14.11.2020 00:56",
            "open": "0.32675",
            "high": "0.32675",
            "low": "0.32675",
            "close": "0.32675"
        },
        {
            "time": "14.11.2020 00:58",
            "open": "0.32675",
            "high": "0.32675",
            "low": "0.32675",
            "close": "0.325078"
        },
        {
            "time": "14.11.2020 01:06",
            "open": "0.325078",
            "high": "0.325078",
            "low": "0.325078",
            "close": "0.324431"
        },
        {
            "time": "14.11.2020 01:16",
            "open": "0.324431",
            "high": "0.324431",
            "low": "0.324431",
            "close": "0.324035"
        },
        {
            "time": "14.11.2020 01:17",
            "open": "0.324035",
            "high": "0.324035",
            "low": "0.324035",
            "close": "0.323799"
        },
        {
            "time": "14.11.2020 01:18",
            "open": "0.323799",
            "high": "0.3238",
            "low": "0.323799",
            "close": "0.323484"
        },
        {
            "time": "14.11.2020 01:21",
            "open": "0.323484",
            "high": "0.323484",
            "low": "0.323484",
            "close": "0.323039"
        },
        {
            "time": "14.11.2020 01:25",
            "open": "0.323039",
            "high": "0.323039",
            "low": "0.323039",
            "close": "0.322554"
        },
        {
            "time": "14.11.2020 01:29",
            "open": "0.322554",
            "high": "0.322554",
            "low": "0.322554",
            "close": "0.321772"
        },
        {
            "time": "14.11.2020 01:30",
            "open": "0.321772",
            "high": "0.321772",
            "low": "0.321772",
            "close": "0.322654"
        },
        {
            "time": "14.11.2020 01:34",
            "open": "0.322654",
            "high": "0.322654",
            "low": "0.322654",
            "close": "0.32273"
        },
        {
            "time": "14.11.2020 01:37",
            "open": "0.32273",
            "high": "0.32273",
            "low": "0.32273",
            "close": "0.322"
        },
        {
            "time": "14.11.2020 01:41",
            "open": "0.322",
            "high": "0.322",
            "low": "0.322",
            "close": "0.322"
        },
        {
            "time": "14.11.2020 01:42",
            "open": "0.322",
            "high": "0.322",
            "low": "0.322",
            "close": "0.32156"
        },
        {
            "time": "14.11.2020 01:50",
            "open": "0.32156",
            "high": "0.32156",
            "low": "0.32156",
            "close": "0.321513"
        },
        {
            "time": "14.11.2020 01:53",
            "open": "0.321513",
            "high": "0.321513",
            "low": "0.321513",
            "close": "0.321639"
        },
        {
            "time": "14.11.2020 01:55",
            "open": "0.321639",
            "high": "0.321639",
            "low": "0.321639",
            "close": "0.321739"
        },
        {
            "time": "14.11.2020 02:09",
            "open": "0.321739",
            "high": "0.321739",
            "low": "0.321739",
            "close": "0.320572"
        },
        {
            "time": "14.11.2020 02:19",
            "open": "0.320572",
            "high": "0.320572",
            "low": "0.320572",
            "close": "0.320639"
        },
        {
            "time": "14.11.2020 02:21",
            "open": "0.320639",
            "high": "0.320639",
            "low": "0.320639",
            "close": "0.32"
        },
        {
            "time": "14.11.2020 02:47",
            "open": "0.32",
            "high": "0.32",
            "low": "0.32",
            "close": "0.319331"
        },
        {
            "time": "14.11.2020 02:50",
            "open": "0.319331",
            "high": "0.319331",
            "low": "0.319331",
            "close": "0.319"
        },
        {
            "time": "14.11.2020 02:51",
            "open": "0.319",
            "high": "0.319",
            "low": "0.318801",
            "close": "0.319796"
        },
        {
            "time": "14.11.2020 03:00",
            "open": "0.319796",
            "high": "0.319796",
            "low": "0.319796",
            "close": "0.319328"
        },
        {
            "time": "14.11.2020 03:18",
            "open": "0.319328",
            "high": "0.319328",
            "low": "0.319328",
            "close": "0.319372"
        },
        {
            "time": "14.11.2020 03:22",
            "open": "0.319372",
            "high": "0.319372",
            "low": "0.319371",
            "close": "0.320022"
        },
        {
            "time": "14.11.2020 03:25",
            "open": "0.320022",
            "high": "0.320022",
            "low": "0.320022",
            "close": "0.321739"
        },
        {
            "time": "14.11.2020 03:31",
            "open": "0.321739",
            "high": "0.321739",
            "low": "0.321739",
            "close": "0.322682"
        },
        {
            "time": "14.11.2020 03:36",
            "open": "0.322682",
            "high": "0.322793",
            "low": "0.32261",
            "close": "0.322651"
        },
        {
            "time": "14.11.2020 03:42",
            "open": "0.322651",
            "high": "0.322651",
            "low": "0.322651",
            "close": "0.321578"
        },
        {
            "time": "14.11.2020 03:44",
            "open": "0.321578",
            "high": "0.321578",
            "low": "0.321578",
            "close": "0.318522"
        },
        {
            "time": "14.11.2020 03:51",
            "open": "0.318522",
            "high": "0.318522",
            "low": "0.318522",
            "close": "0.318447"
        },
        {
            "time": "14.11.2020 03:54",
            "open": "0.318447",
            "high": "0.318495",
            "low": "0.318447",
            "close": "0.318434"
        },
        {
            "time": "14.11.2020 04:00",
            "open": "0.318434",
            "high": "0.318621",
            "low": "0.318434",
            "close": "0.319388"
        },
        {
            "time": "14.11.2020 04:01",
            "open": "0.319388",
            "high": "0.319388",
            "low": "0.319268",
            "close": "0.319283"
        },
        {
            "time": "14.11.2020 04:03",
            "open": "0.319283",
            "high": "0.319283",
            "low": "0.31918",
            "close": "0.319297"
        },
        {
            "time": "14.11.2020 04:15",
            "open": "0.319297",
            "high": "0.319297",
            "low": "0.319297",
            "close": "0.318377"
        },
        {
            "time": "14.11.2020 04:40",
            "open": "0.318377",
            "high": "0.318377",
            "low": "0.318377",
            "close": "0.318497"
        },
        {
            "time": "14.11.2020 04:44",
            "open": "0.318497",
            "high": "0.318497",
            "low": "0.318497",
            "close": "0.318124"
        },
        {
            "time": "14.11.2020 04:46",
            "open": "0.318124",
            "high": "0.318124",
            "low": "0.318",
            "close": "0.318317"
        },
        {
            "time": "14.11.2020 04:49",
            "open": "0.318317",
            "high": "0.318317",
            "low": "0.318317",
            "close": "0.317225"
        },
        {
            "time": "14.11.2020 05:11",
            "open": "0.317225",
            "high": "0.317225",
            "low": "0.317",
            "close": "0.316768"
        },
        {
            "time": "14.11.2020 05:12",
            "open": "0.316768",
            "high": "0.316768",
            "low": "0.316109",
            "close": "0.316"
        },
        {
            "time": "14.11.2020 05:14",
            "open": "0.316",
            "high": "0.316",
            "low": "0.316",
            "close": "0.316182"
        },
        {
            "time": "14.11.2020 05:20",
            "open": "0.316182",
            "high": "0.316182",
            "low": "0.316182",
            "close": "0.316"
        },
        {
            "time": "14.11.2020 05:35",
            "open": "0.316",
            "high": "0.316",
            "low": "0.316",
            "close": "0.315861"
        },
        {
            "time": "14.11.2020 05:39",
            "open": "0.315861",
            "high": "0.315861",
            "low": "0.315852",
            "close": "0.3156"
        },
        {
            "time": "14.11.2020 05:44",
            "open": "0.3156",
            "high": "0.3156",
            "low": "0.3156",
            "close": "0.315441"
        },
        {
            "time": "14.11.2020 05:48",
            "open": "0.315441",
            "high": "0.315441",
            "low": "0.315248",
            "close": "0.315"
        },
        {
            "time": "14.11.2020 05:51",
            "open": "0.315",
            "high": "0.315",
            "low": "0.315",
            "close": "0.3151"
        },
        {
            "time": "14.11.2020 05:55",
            "open": "0.3151",
            "high": "0.3151",
            "low": "0.3151",
            "close": "0.315051"
        },
        {
            "time": "14.11.2020 06:04",
            "open": "0.315051",
            "high": "0.315051",
            "low": "0.315051",
            "close": "0.315"
        },
        {
            "time": "14.11.2020 06:06",
            "open": "0.315",
            "high": "0.315",
            "low": "0.315",
            "close": "0.314"
        },
        {
            "time": "14.11.2020 06:07",
            "open": "0.314",
            "high": "0.314",
            "low": "0.314",
            "close": "0.314155"
        },
        {
            "time": "14.11.2020 06:11",
            "open": "0.314155",
            "high": "0.314155",
            "low": "0.314155",
            "close": "0.314301"
        },
        {
            "time": "14.11.2020 06:14",
            "open": "0.314301",
            "high": "0.314301",
            "low": "0.314301",
            "close": "0.315858"
        },
        {
            "time": "14.11.2020 06:27",
            "open": "0.315858",
            "high": "0.315934",
            "low": "0.315858",
            "close": "0.316521"
        },
        {
            "time": "14.11.2020 06:34",
            "open": "0.316521",
            "high": "0.31655",
            "low": "0.316521",
            "close": "0.316041"
        },
        {
            "time": "14.11.2020 07:03",
            "open": "0.316041",
            "high": "0.316041",
            "low": "0.316041",
            "close": "0.316715"
        },
        {
            "time": "14.11.2020 07:09",
            "open": "0.316715",
            "high": "0.316716",
            "low": "0.316715",
            "close": "0.316045"
        },
        {
            "time": "14.11.2020 07:23",
            "open": "0.316045",
            "high": "0.316045",
            "low": "0.316045",
            "close": "0.314396"
        },
        {
            "time": "14.11.2020 07:34",
            "open": "0.314396",
            "high": "0.314396",
            "low": "0.314396",
            "close": "0.313898"
        },
        {
            "time": "14.11.2020 07:42",
            "open": "0.313898",
            "high": "0.313898",
            "low": "0.313898",
            "close": "0.314021"
        },
        {
            "time": "14.11.2020 07:43",
            "open": "0.314021",
            "high": "0.314021",
            "low": "0.314021",
            "close": "0.313753"
        },
        {
            "time": "14.11.2020 07:44",
            "open": "0.313753",
            "high": "0.313753",
            "low": "0.313753",
            "close": "0.313752"
        },
        {
            "time": "14.11.2020 07:46",
            "open": "0.313752",
            "high": "0.313752",
            "low": "0.313752",
            "close": "0.313494"
        },
        {
            "time": "14.11.2020 07:47",
            "open": "0.313494",
            "high": "0.313494",
            "low": "0.313494",
            "close": "0.313"
        },
        {
            "time": "14.11.2020 07:48",
            "open": "0.313",
            "high": "0.313",
            "low": "0.312689",
            "close": "0.31342"
        },
        {
            "time": "14.11.2020 07:50",
            "open": "0.31342",
            "high": "0.3137",
            "low": "0.31342",
            "close": "0.31305"
        },
        {
            "time": "14.11.2020 08:01",
            "open": "0.31305",
            "high": "0.31305",
            "low": "0.31305",
            "close": "0.313647"
        },
        {
            "time": "14.11.2020 08:06",
            "open": "0.313647",
            "high": "0.313647",
            "low": "0.313647",
            "close": "0.313671"
        },
        {
            "time": "14.11.2020 08:09",
            "open": "0.313671",
            "high": "0.31393",
            "low": "0.313671",
            "close": "0.313296"
        },
        {
            "time": "14.11.2020 08:10",
            "open": "0.313296",
            "high": "0.313296",
            "low": "0.313296",
            "close": "0.312325"
        },
        {
            "time": "14.11.2020 08:15",
            "open": "0.312325",
            "high": "0.312325",
            "low": "0.312325",
            "close": "0.31232"
        },
        {
            "time": "14.11.2020 08:17",
            "open": "0.31232",
            "high": "0.31232",
            "low": "0.31232",
            "close": "0.312"
        },
        {
            "time": "14.11.2020 08:18",
            "open": "0.312",
            "high": "0.312",
            "low": "0.311651",
            "close": "0.312174"
        },
        {
            "time": "14.11.2020 08:23",
            "open": "0.312174",
            "high": "0.312174",
            "low": "0.312174",
            "close": "0.311598"
        },
        {
            "time": "14.11.2020 08:25",
            "open": "0.311598",
            "high": "0.312068",
            "low": "0.3115",
            "close": "0.311702"
        },
        {
            "time": "14.11.2020 08:26",
            "open": "0.311702",
            "high": "0.311702",
            "low": "0.311702",
            "close": "0.312149"
        },
        {
            "time": "14.11.2020 08:29",
            "open": "0.312149",
            "high": "0.312149",
            "low": "0.312149",
            "close": "0.311831"
        },
        {
            "time": "14.11.2020 08:38",
            "open": "0.311831",
            "high": "0.311831",
            "low": "0.311831",
            "close": "0.311702"
        },
        {
            "time": "14.11.2020 08:39",
            "open": "0.311702",
            "high": "0.311702",
            "low": "0.3115",
            "close": "0.313301"
        },
        {
            "time": "14.11.2020 08:54",
            "open": "0.313301",
            "high": "0.313301",
            "low": "0.313301",
            "close": "0.312003"
        },
        {
            "time": "14.11.2020 09:00",
            "open": "0.312003",
            "high": "0.312003",
            "low": "0.312003",
            "close": "0.312"
        },
        {
            "time": "14.11.2020 09:09",
            "open": "0.312",
            "high": "0.312",
            "low": "0.312",
            "close": "0.31216"
        },
        {
            "time": "14.11.2020 09:12",
            "open": "0.31216",
            "high": "0.31216",
            "low": "0.31216",
            "close": "0.3115"
        },
        {
            "time": "14.11.2020 09:14",
            "open": "0.3115",
            "high": "0.3115",
            "low": "0.311344",
            "close": "0.311"
        },
        {
            "time": "14.11.2020 09:15",
            "open": "0.311",
            "high": "0.311",
            "low": "0.310833",
            "close": "0.310727"
        },
        {
            "time": "14.11.2020 09:16",
            "open": "0.310727",
            "high": "0.310727",
            "low": "0.310727",
            "close": "0.310971"
        },
        {
            "time": "14.11.2020 09:17",
            "open": "0.310971",
            "high": "0.311049",
            "low": "0.310971",
            "close": "0.310947"
        },
        {
            "time": "14.11.2020 09:18",
            "open": "0.310947",
            "high": "0.310947",
            "low": "0.310947",
            "close": "0.3104"
        },
        {
            "time": "14.11.2020 09:21",
            "open": "0.3104",
            "high": "0.3104",
            "low": "0.309668",
            "close": "0.30928"
        },
        {
            "time": "14.11.2020 09:22",
            "open": "0.30928",
            "high": "0.30928",
            "low": "0.308532",
            "close": "0.309322"
        },
        {
            "time": "14.11.2020 09:23",
            "open": "0.309322",
            "high": "0.309908",
            "low": "0.309322",
            "close": "0.308436"
        },
        {
            "time": "14.11.2020 09:25",
            "open": "0.308436",
            "high": "0.308436",
            "low": "0.305537",
            "close": "0.308982"
        },
        {
            "time": "14.11.2020 09:27",
            "open": "0.308982",
            "high": "0.31039",
            "low": "0.308982",
            "close": "0.308891"
        },
        {
            "time": "14.11.2020 09:30",
            "open": "0.308891",
            "high": "0.309708",
            "low": "0.308891",
            "close": "0.310554"
        },
        {
            "time": "14.11.2020 09:31",
            "open": "0.310554",
            "high": "0.310584",
            "low": "0.305362",
            "close": "0.310674"
        },
        {
            "time": "14.11.2020 09:33",
            "open": "0.310674",
            "high": "0.310674",
            "low": "0.310674",
            "close": "0.311538"
        },
        {
            "time": "14.11.2020 09:36",
            "open": "0.311538",
            "high": "0.311543",
            "low": "0.311538",
            "close": "0.31055"
        },
        {
            "time": "14.11.2020 09:37",
            "open": "0.31055",
            "high": "0.31055",
            "low": "0.31055",
            "close": "0.310331"
        },
        {
            "time": "14.11.2020 09:40",
            "open": "0.310331",
            "high": "0.310331",
            "low": "0.310331",
            "close": "0.311085"
        },
        {
            "time": "14.11.2020 09:45",
            "open": "0.311085",
            "high": "0.311085",
            "low": "0.311085",
            "close": "0.310874"
        },
        {
            "time": "14.11.2020 09:47",
            "open": "0.310874",
            "high": "0.311132",
            "low": "0.310874",
            "close": "0.311137"
        },
        {
            "time": "14.11.2020 09:48",
            "open": "0.311137",
            "high": "0.311137",
            "low": "0.311005",
            "close": "0.310685"
        },
        {
            "time": "14.11.2020 09:49",
            "open": "0.310685",
            "high": "0.310685",
            "low": "0.310685",
            "close": "0.310869"
        },
        {
            "time": "14.11.2020 09:50",
            "open": "0.310869",
            "high": "0.310869",
            "low": "0.310869",
            "close": "0.310951"
        },
        {
            "time": "14.11.2020 09:56",
            "open": "0.310951",
            "high": "0.310951",
            "low": "0.310951",
            "close": "0.31103"
        },
        {
            "time": "14.11.2020 09:57",
            "open": "0.31103",
            "high": "0.31103",
            "low": "0.31103",
            "close": "0.30922"
        },
        {
            "time": "14.11.2020 10:05",
            "open": "0.30922",
            "high": "0.30922",
            "low": "0.30922",
            "close": "0.309167"
        },
        {
            "time": "14.11.2020 10:06",
            "open": "0.309167",
            "high": "0.309167",
            "low": "0.309167",
            "close": "0.30927"
        },
        {
            "time": "14.11.2020 10:08",
            "open": "0.30927",
            "high": "0.30927",
            "low": "0.308956",
            "close": "0.308817"
        },
        {
            "time": "14.11.2020 10:12",
            "open": "0.308817",
            "high": "0.308842",
            "low": "0.308817",
            "close": "0.308854"
        },
        {
            "time": "14.11.2020 10:22",
            "open": "0.308854",
            "high": "0.308854",
            "low": "0.308854",
            "close": "0.308854"
        },
        {
            "time": "14.11.2020 10:23",
            "open": "0.308854",
            "high": "0.308854",
            "low": "0.308854",
            "close": "0.309353"
        },
        {
            "time": "14.11.2020 10:26",
            "open": "0.309353",
            "high": "0.30946",
            "low": "0.309353",
            "close": "0.309418"
        },
        {
            "time": "14.11.2020 10:27",
            "open": "0.309418",
            "high": "0.309418",
            "low": "0.309418",
            "close": "0.309418"
        },
        {
            "time": "14.11.2020 10:28",
            "open": "0.309418",
            "high": "0.309418",
            "low": "0.309418",
            "close": "0.307759"
        },
        {
            "time": "14.11.2020 10:31",
            "open": "0.307759",
            "high": "0.308301",
            "low": "0.307759",
            "close": "0.307612"
        },
        {
            "time": "14.11.2020 10:32",
            "open": "0.307612",
            "high": "0.307612",
            "low": "0.307385",
            "close": "0.307508"
        },
        {
            "time": "14.11.2020 10:34",
            "open": "0.307508",
            "high": "0.307508",
            "low": "0.307507",
            "close": "0.307731"
        },
        {
            "time": "14.11.2020 10:35",
            "open": "0.307731",
            "high": "0.307731",
            "low": "0.307298",
            "close": "0.306077"
        },
        {
            "time": "14.11.2020 10:36",
            "open": "0.306077",
            "high": "0.306387",
            "low": "0.306077",
            "close": "0.306612"
        },
        {
            "time": "14.11.2020 10:37",
            "open": "0.306612",
            "high": "0.307079",
            "low": "0.306612",
            "close": "0.308462"
        },
        {
            "time": "14.11.2020 10:48",
            "open": "0.308462",
            "high": "0.308632",
            "low": "0.308462",
            "close": "0.308632"
        },
        {
            "time": "14.11.2020 10:52",
            "open": "0.308632",
            "high": "0.308632",
            "low": "0.308632",
            "close": "0.308632"
        },
        {
            "time": "14.11.2020 10:53",
            "open": "0.308632",
            "high": "0.308632",
            "low": "0.308632",
            "close": "0.307024"
        },
        {
            "time": "14.11.2020 10:56",
            "open": "0.307024",
            "high": "0.307024",
            "low": "0.307024",
            "close": "0.3066"
        },
        {
            "time": "14.11.2020 10:57",
            "open": "0.3066",
            "high": "0.3066",
            "low": "0.3066",
            "close": "0.306"
        },
        {
            "time": "14.11.2020 11:00",
            "open": "0.306",
            "high": "0.306",
            "low": "0.306",
            "close": "0.306"
        },
        {
            "time": "14.11.2020 11:01",
            "open": "0.306",
            "high": "0.306",
            "low": "0.306",
            "close": "0.30645"
        },
        {
            "time": "14.11.2020 11:02",
            "open": "0.30645",
            "high": "0.3065",
            "low": "0.30645",
            "close": "0.306866"
        },
        {
            "time": "14.11.2020 11:06",
            "open": "0.306866",
            "high": "0.306866",
            "low": "0.306866",
            "close": "0.307649"
        },
        {
            "time": "14.11.2020 11:08",
            "open": "0.307649",
            "high": "0.307649",
            "low": "0.307649",
            "close": "0.308069"
        },
        {
            "time": "14.11.2020 11:10",
            "open": "0.308069",
            "high": "0.30857",
            "low": "0.308069",
            "close": "0.308709"
        },
        {
            "time": "14.11.2020 11:13",
            "open": "0.308709",
            "high": "0.308709",
            "low": "0.308709",
            "close": "0.309159"
        },
        {
            "time": "14.11.2020 11:14",
            "open": "0.309159",
            "high": "0.309159",
            "low": "0.309159",
            "close": "0.308804"
        },
        {
            "time": "14.11.2020 11:20",
            "open": "0.308804",
            "high": "0.308804",
            "low": "0.308801",
            "close": "0.309181"
        },
        {
            "time": "14.11.2020 11:22",
            "open": "0.309181",
            "high": "0.309869",
            "low": "0.309181",
            "close": "0.308303"
        },
        {
            "time": "14.11.2020 11:24",
            "open": "0.308303",
            "high": "0.308303",
            "low": "0.308303",
            "close": "0.308202"
        },
        {
            "time": "14.11.2020 11:25",
            "open": "0.308202",
            "high": "0.308202",
            "low": "0.308202",
            "close": "0.308789"
        },
        {
            "time": "14.11.2020 11:27",
            "open": "0.308789",
            "high": "0.308789",
            "low": "0.308789",
            "close": "0.309591"
        },
        {
            "time": "14.11.2020 11:30",
            "open": "0.309591",
            "high": "0.309591",
            "low": "0.30959",
            "close": "0.309412"
        },
        {
            "time": "14.11.2020 11:32",
            "open": "0.309412",
            "high": "0.309412",
            "low": "0.309121",
            "close": "0.3087"
        },
        {
            "time": "14.11.2020 11:33",
            "open": "0.3087",
            "high": "0.3087",
            "low": "0.308198",
            "close": "0.308109"
        },
        {
            "time": "14.11.2020 11:34",
            "open": "0.308109",
            "high": "0.308109",
            "low": "0.308109",
            "close": "0.308042"
        },
        {
            "time": "14.11.2020 11:40",
            "open": "0.308042",
            "high": "0.308042",
            "low": "0.308042",
            "close": "0.3088"
        },
        {
            "time": "14.11.2020 11:46",
            "open": "0.3088",
            "high": "0.3088",
            "low": "0.3088",
            "close": "0.308698"
        },
        {
            "time": "14.11.2020 11:47",
            "open": "0.308698",
            "high": "0.308698",
            "low": "0.308698",
            "close": "0.308514"
        },
        {
            "time": "14.11.2020 11:48",
            "open": "0.308514",
            "high": "0.308562",
            "low": "0.308326",
            "close": "0.308042"
        },
        {
            "time": "14.11.2020 11:52",
            "open": "0.308042",
            "high": "0.308042",
            "low": "0.308042",
            "close": "0.307806"
        },
        {
            "time": "14.11.2020 11:53",
            "open": "0.307806",
            "high": "0.307806",
            "low": "0.307806",
            "close": "0.306992"
        },
        {
            "time": "14.11.2020 11:54",
            "open": "0.306992",
            "high": "0.306992",
            "low": "0.306877",
            "close": "0.307239"
        },
        {
            "time": "14.11.2020 11:57",
            "open": "0.307239",
            "high": "0.307239",
            "low": "0.307239",
            "close": "0.306632"
        },
        {
            "time": "14.11.2020 11:59",
            "open": "0.306632",
            "high": "0.306632",
            "low": "0.306632",
            "close": "0.308223"
        },
        {
            "time": "14.11.2020 12:03",
            "open": "0.308223",
            "high": "0.308224",
            "low": "0.308223",
            "close": "0.308226"
        },
        {
            "time": "14.11.2020 12:04",
            "open": "0.308226",
            "high": "0.308226",
            "low": "0.308226",
            "close": "0.308224"
        },
        {
            "time": "14.11.2020 12:05",
            "open": "0.308224",
            "high": "0.308224",
            "low": "0.308067",
            "close": "0.308067"
        },
        {
            "time": "14.11.2020 12:07",
            "open": "0.308067",
            "high": "0.308067",
            "low": "0.308067",
            "close": "0.308713"
        },
        {
            "time": "14.11.2020 12:09",
            "open": "0.308713",
            "high": "0.308713",
            "low": "0.308713",
            "close": "0.308061"
        },
        {
            "time": "14.11.2020 12:12",
            "open": "0.308061",
            "high": "0.308061",
            "low": "0.308059",
            "close": "0.308"
        },
        {
            "time": "14.11.2020 12:14",
            "open": "0.308",
            "high": "0.308",
            "low": "0.307594",
            "close": "0.307587"
        },
        {
            "time": "14.11.2020 12:15",
            "open": "0.307587",
            "high": "0.307587",
            "low": "0.307587",
            "close": "0.308095"
        },
        {
            "time": "14.11.2020 12:16",
            "open": "0.308095",
            "high": "0.308095",
            "low": "0.308095",
            "close": "0.308097"
        },
        {
            "time": "14.11.2020 12:17",
            "open": "0.308097",
            "high": "0.308097",
            "low": "0.308097",
            "close": "0.30749"
        },
        {
            "time": "14.11.2020 12:18",
            "open": "0.30749",
            "high": "0.307992",
            "low": "0.307423",
            "close": "0.307492"
        },
        {
            "time": "14.11.2020 12:19",
            "open": "0.307492",
            "high": "0.307492",
            "low": "0.307492",
            "close": "0.307524"
        },
        {
            "time": "14.11.2020 12:22",
            "open": "0.307524",
            "high": "0.307524",
            "low": "0.307524",
            "close": "0.308364"
        },
        {
            "time": "14.11.2020 12:27",
            "open": "0.308364",
            "high": "0.308364",
            "low": "0.308364",
            "close": "0.308445"
        },
        {
            "time": "14.11.2020 12:29",
            "open": "0.308445",
            "high": "0.30846",
            "low": "0.308445",
            "close": "0.308422"
        },
        {
            "time": "14.11.2020 12:30",
            "open": "0.308422",
            "high": "0.308422",
            "low": "0.308422",
            "close": "0.308428"
        },
        {
            "time": "14.11.2020 12:31",
            "open": "0.308428",
            "high": "0.308428",
            "low": "0.308428",
            "close": "0.308945"
        },
        {
            "time": "14.11.2020 12:48",
            "open": "0.308945",
            "high": "0.308945",
            "low": "0.308945",
            "close": "0.310868"
        },
        {
            "time": "14.11.2020 12:54",
            "open": "0.310868",
            "high": "0.310868",
            "low": "0.310868",
            "close": "0.310948"
        },
        {
            "time": "14.11.2020 12:55",
            "open": "0.310948",
            "high": "0.310948",
            "low": "0.310708",
            "close": "0.310069"
        },
        {
            "time": "14.11.2020 12:59",
            "open": "0.310069",
            "high": "0.310069",
            "low": "0.310069",
            "close": "0.310527"
        },
        {
            "time": "14.11.2020 13:00",
            "open": "0.310527",
            "high": "0.310527",
            "low": "0.310527",
            "close": "0.309081"
        },
        {
            "time": "14.11.2020 13:03",
            "open": "0.309081",
            "high": "0.309081",
            "low": "0.309081",
            "close": "0.310213"
        },
        {
            "time": "14.11.2020 13:09",
            "open": "0.310213",
            "high": "0.310313",
            "low": "0.310213",
            "close": "0.311353"
        },
        {
            "time": "14.11.2020 13:11",
            "open": "0.311353",
            "high": "0.31158",
            "low": "0.311353",
            "close": "0.311547"
        },
        {
            "time": "14.11.2020 13:12",
            "open": "0.311547",
            "high": "0.311547",
            "low": "0.311547",
            "close": "0.3116"
        },
        {
            "time": "14.11.2020 13:13",
            "open": "0.3116",
            "high": "0.312",
            "low": "0.3116",
            "close": "0.313"
        },
        {
            "time": "14.11.2020 13:14",
            "open": "0.313",
            "high": "0.315",
            "low": "0.313",
            "close": "0.315"
        },
        {
            "time": "14.11.2020 13:15",
            "open": "0.315",
            "high": "0.315",
            "low": "0.312489",
            "close": "0.312559"
        },
        {
            "time": "14.11.2020 13:16",
            "open": "0.312559",
            "high": "0.312559",
            "low": "0.312559",
            "close": "0.313079"
        },
        {
            "time": "14.11.2020 13:19",
            "open": "0.312969",
            "high": "0.312969",
            "low": "0.312969",
            "close": "0.311705"
        },
        {
            "time": "14.11.2020 13:20",
            "open": "0.311705",
            "high": "0.311705",
            "low": "0.311705",
            "close": "0.310854"
        },
        {
            "time": "14.11.2020 13:26",
            "open": "0.310854",
            "high": "0.310854",
            "low": "0.310707",
            "close": "0.310492"
        },
        {
            "time": "14.11.2020 13:28",
            "open": "0.310492",
            "high": "0.310492",
            "low": "0.31",
            "close": "0.310459"
        },
        {
            "time": "14.11.2020 13:29",
            "open": "0.310459",
            "high": "0.310483",
            "low": "0.310459",
            "close": "0.310461"
        },
        {
            "time": "14.11.2020 13:30",
            "open": "0.310461",
            "high": "0.310464",
            "low": "0.310461",
            "close": "0.310991"
        },
        {
            "time": "14.11.2020 13:35",
            "open": "0.310991",
            "high": "0.311148",
            "low": "0.310991",
            "close": "0.311678"
        },
        {
            "time": "14.11.2020 13:36",
            "open": "0.311678",
            "high": "0.311679",
            "low": "0.311223",
            "close": "0.311035"
        },
        {
            "time": "14.11.2020 13:37",
            "open": "0.311035",
            "high": "0.311146",
            "low": "0.311035",
            "close": "0.311145"
        },
        {
            "time": "14.11.2020 13:38",
            "open": "0.311145",
            "high": "0.311145",
            "low": "0.311145",
            "close": "0.312082"
        },
        {
            "time": "14.11.2020 13:39",
            "open": "0.312082",
            "high": "0.312082",
            "low": "0.312082",
            "close": "0.312135"
        },
        {
            "time": "14.11.2020 13:42",
            "open": "0.312135",
            "high": "0.312135",
            "low": "0.311544",
            "close": "0.311944"
        },
        {
            "time": "14.11.2020 13:44",
            "open": "0.311944",
            "high": "0.311944",
            "low": "0.311944",
            "close": "0.312708"
        },
        {
            "time": "14.11.2020 13:45",
            "open": "0.312708",
            "high": "0.312778",
            "low": "0.312708",
            "close": "0.312763"
        },
        {
            "time": "14.11.2020 13:50",
            "open": "0.312763",
            "high": "0.312763",
            "low": "0.312763",
            "close": "0.312886"
        },
        {
            "time": "14.11.2020 13:56",
            "open": "0.312886",
            "high": "0.312886",
            "low": "0.312886",
            "close": "0.312921"
        },
        {
            "time": "14.11.2020 13:59",
            "open": "0.312921",
            "high": "0.312921",
            "low": "0.312921",
            "close": "0.312329"
        },
        {
            "time": "14.11.2020 14:07",
            "open": "0.312329",
            "high": "0.312329",
            "low": "0.31228",
            "close": "0.312201"
        },
        {
            "time": "14.11.2020 14:09",
            "open": "0.312201",
            "high": "0.312201",
            "low": "0.312119",
            "close": "0.312107"
        },
        {
            "time": "14.11.2020 14:11",
            "open": "0.312107",
            "high": "0.312107",
            "low": "0.312107",
            "close": "0.312371"
        },
        {
            "time": "14.11.2020 14:12",
            "open": "0.312371",
            "high": "0.312371",
            "low": "0.312371",
            "close": "0.312967"
        },
        {
            "time": "14.11.2020 14:19",
            "open": "0.312967",
            "high": "0.313039",
            "low": "0.312967",
            "close": "0.313055"
        },
        {
            "time": "14.11.2020 14:25",
            "open": "0.313055",
            "high": "0.313055",
            "low": "0.313055",
            "close": "0.312573"
        },
        {
            "time": "14.11.2020 14:30",
            "open": "0.312573",
            "high": "0.312573",
            "low": "0.312573",
            "close": "0.312588"
        },
        {
            "time": "14.11.2020 14:37",
            "open": "0.312588",
            "high": "0.312588",
            "low": "0.312524",
            "close": "0.31299"
        },
        {
            "time": "14.11.2020 14:38",
            "open": "0.31299",
            "high": "0.31299",
            "low": "0.31299",
            "close": "0.312413"
        },
        {
            "time": "14.11.2020 14:39",
            "open": "0.312413",
            "high": "0.312413",
            "low": "0.312413",
            "close": "0.31305"
        },
        {
            "time": "14.11.2020 14:40",
            "open": "0.31305",
            "high": "0.31305",
            "low": "0.31305",
            "close": "0.313073"
        },
        {
            "time": "14.11.2020 14:50",
            "open": "0.313073",
            "high": "0.313073",
            "low": "0.313073",
            "close": "0.312574"
        },
        {
            "time": "14.11.2020 14:54",
            "open": "0.312574",
            "high": "0.313223",
            "low": "0.312574",
            "close": "0.3139"
        },
        {
            "time": "14.11.2020 15:07",
            "open": "0.3139",
            "high": "0.3139",
            "low": "0.3139",
            "close": "0.315044"
        },
        {
            "time": "14.11.2020 15:10",
            "open": "0.315044",
            "high": "0.315398",
            "low": "0.314424",
            "close": "0.314773"
        },
        {
            "time": "14.11.2020 15:20",
            "open": "0.314773",
            "high": "0.314773",
            "low": "0.314773",
            "close": "0.314424"
        },
        {
            "time": "14.11.2020 15:21",
            "open": "0.314424",
            "high": "0.314424",
            "low": "0.314424",
            "close": "0.313339"
        },
        {
            "time": "14.11.2020 15:25",
            "open": "0.313339",
            "high": "0.313339",
            "low": "0.313339",
            "close": "0.314039"
        },
        {
            "time": "14.11.2020 15:28",
            "open": "0.314039",
            "high": "0.314041",
            "low": "0.314039",
            "close": "0.314794"
        },
        {
            "time": "14.11.2020 15:51",
            "open": "0.314794",
            "high": "0.314794",
            "low": "0.314794",
            "close": "0.315158"
        },
        {
            "time": "14.11.2020 16:04",
            "open": "0.315158",
            "high": "0.315158",
            "low": "0.315079",
            "close": "0.314274"
        },
        {
            "time": "14.11.2020 16:08",
            "open": "0.314274",
            "high": "0.314274",
            "low": "0.314274",
            "close": "0.314313"
        },
        {
            "time": "14.11.2020 16:10",
            "open": "0.314313",
            "high": "0.314313",
            "low": "0.314313",
            "close": "0.313637"
        },
        {
            "time": "14.11.2020 16:11",
            "open": "0.313637",
            "high": "0.313637",
            "low": "0.313637",
            "close": "0.3152"
        },
        {
            "time": "14.11.2020 16:22",
            "open": "0.3152",
            "high": "0.3152",
            "low": "0.3152",
            "close": "0.314418"
        },
        {
            "time": "14.11.2020 16:26",
            "open": "0.314418",
            "high": "0.314418",
            "low": "0.314418",
            "close": "0.314702"
        },
        {
            "time": "14.11.2020 16:27",
            "open": "0.314702",
            "high": "0.314702",
            "low": "0.314702",
            "close": "0.314243"
        },
        {
            "time": "14.11.2020 16:34",
            "open": "0.314243",
            "high": "0.314243",
            "low": "0.314243",
            "close": "0.314385"
        },
        {
            "time": "14.11.2020 16:36",
            "open": "0.314385",
            "high": "0.314385",
            "low": "0.314385",
            "close": "0.314266"
        },
        {
            "time": "14.11.2020 16:41",
            "open": "0.314266",
            "high": "0.314266",
            "low": "0.314266",
            "close": "0.314569"
        },
        {
            "time": "14.11.2020 16:45",
            "open": "0.314569",
            "high": "0.314569",
            "low": "0.314569",
            "close": "0.314575"
        },
        {
            "time": "14.11.2020 16:49",
            "open": "0.314575",
            "high": "0.314575",
            "low": "0.314575",
            "close": "0.314048"
        },
        {
            "time": "14.11.2020 16:50",
            "open": "0.314048",
            "high": "0.314649",
            "low": "0.314048",
            "close": "0.31465"
        },
        {
            "time": "14.11.2020 16:51",
            "open": "0.31465",
            "high": "0.31465",
            "low": "0.31465",
            "close": "0.313647"
        },
        {
            "time": "14.11.2020 16:57",
            "open": "0.313647",
            "high": "0.313647",
            "low": "0.313647",
            "close": "0.314732"
        },
        {
            "time": "14.11.2020 17:07",
            "open": "0.314732",
            "high": "0.3152",
            "low": "0.314732",
            "close": "0.3157"
        },
        {
            "time": "14.11.2020 17:08",
            "open": "0.3157",
            "high": "0.317536",
            "low": "0.3157",
            "close": "0.315"
        },
        {
            "time": "14.11.2020 17:09",
            "open": "0.315",
            "high": "0.315",
            "low": "0.315",
            "close": "0.315332"
        },
        {
            "time": "14.11.2020 17:22",
            "open": "0.315332",
            "high": "0.315332",
            "low": "0.315332",
            "close": "0.315002"
        },
        {
            "time": "14.11.2020 17:23",
            "open": "0.315002",
            "high": "0.315002",
            "low": "0.315002",
            "close": "0.315"
        },
        {
            "time": "14.11.2020 17:24",
            "open": "0.315",
            "high": "0.315",
            "low": "0.315",
            "close": "0.315"
        },
        {
            "time": "14.11.2020 17:34",
            "open": "0.315",
            "high": "0.315",
            "low": "0.314289",
            "close": "0.31416"
        },
        {
            "time": "14.11.2020 17:36",
            "open": "0.31416",
            "high": "0.31416",
            "low": "0.31416",
            "close": "0.3118"
        },
        {
            "time": "14.11.2020 17:48",
            "open": "0.3118",
            "high": "0.3118",
            "low": "0.310506",
            "close": "0.310512"
        },
        {
            "time": "14.11.2020 17:53",
            "open": "0.310512",
            "high": "0.311035",
            "low": "0.310512",
            "close": "0.31096"
        },
        {
            "time": "14.11.2020 17:54",
            "open": "0.31096",
            "high": "0.31096",
            "low": "0.31096",
            "close": "0.310956"
        },
        {
            "time": "14.11.2020 17:56",
            "open": "0.310956",
            "high": "0.310956",
            "low": "0.310956",
            "close": "0.310954"
        },
        {
            "time": "14.11.2020 17:59",
            "open": "0.310954",
            "high": "0.311035",
            "low": "0.310954",
            "close": "0.311829"
        },
        {
            "time": "14.11.2020 18:03",
            "open": "0.311829",
            "high": "0.311829",
            "low": "0.310413",
            "close": "0.310727"
        },
        {
            "time": "14.11.2020 18:05",
            "open": "0.310727",
            "high": "0.310852",
            "low": "0.310247",
            "close": "0.310247"
        },
        {
            "time": "14.11.2020 18:08",
            "open": "0.310247",
            "high": "0.310247",
            "low": "0.310247",
            "close": "0.3105"
        },
        {
            "time": "14.11.2020 18:11",
            "open": "0.3105",
            "high": "0.3105",
            "low": "0.3105",
            "close": "0.310093"
        },
        {
            "time": "14.11.2020 18:12",
            "open": "0.310093",
            "high": "0.310093",
            "low": "0.310093",
            "close": "0.31"
        },
        {
            "time": "14.11.2020 18:13",
            "open": "0.31",
            "high": "0.31",
            "low": "0.31",
            "close": "0.309821"
        },
        {
            "time": "14.11.2020 18:16",
            "open": "0.309821",
            "high": "0.309821",
            "low": "0.309668",
            "close": "0.309392"
        },
        {
            "time": "14.11.2020 18:18",
            "open": "0.309392",
            "high": "0.309392",
            "low": "0.309021",
            "close": "0.309568"
        },
        {
            "time": "14.11.2020 18:19",
            "open": "0.309568",
            "high": "0.309913",
            "low": "0.309568",
            "close": "0.311737"
        },
        {
            "time": "14.11.2020 18:24",
            "open": "0.311737",
            "high": "0.311737",
            "low": "0.311737",
            "close": "0.312502"
        },
        {
            "time": "14.11.2020 18:29",
            "open": "0.312502",
            "high": "0.312502",
            "low": "0.312502",
            "close": "0.311741"
        },
        {
            "time": "14.11.2020 18:30",
            "open": "0.311741",
            "high": "0.311741",
            "low": "0.311741",
            "close": "0.312412"
        },
        {
            "time": "14.11.2020 18:31",
            "open": "0.312412",
            "high": "0.312412",
            "low": "0.312412",
            "close": "0.313213"
        },
        {
            "time": "14.11.2020 18:32",
            "open": "0.313213",
            "high": "0.313213",
            "low": "0.313213",
            "close": "0.312685"
        },
        {
            "time": "14.11.2020 18:35",
            "open": "0.312685",
            "high": "0.312685",
            "low": "0.312685",
            "close": "0.312023"
        },
        {
            "time": "14.11.2020 18:36",
            "open": "0.312023",
            "high": "0.312023",
            "low": "0.312023",
            "close": "0.312526"
        },
        {
            "time": "14.11.2020 18:38",
            "open": "0.312526",
            "high": "0.313011",
            "low": "0.312526",
            "close": "0.313503"
        },
        {
            "time": "14.11.2020 18:40",
            "open": "0.313503",
            "high": "0.313503",
            "low": "0.313503",
            "close": "0.314255"
        },
        {
            "time": "14.11.2020 18:46",
            "open": "0.314255",
            "high": "0.314255",
            "low": "0.314255",
            "close": "0.313124"
        },
        {
            "time": "14.11.2020 18:47",
            "open": "0.313124",
            "high": "0.313124",
            "low": "0.313124",
            "close": "0.313756"
        },
        {
            "time": "14.11.2020 18:50",
            "open": "0.313756",
            "high": "0.313756",
            "low": "0.313756",
            "close": "0.314315"
        },
        {
            "time": "14.11.2020 18:52",
            "open": "0.314315",
            "high": "0.314315",
            "low": "0.314315",
            "close": "0.314385"
        },
        {
            "time": "14.11.2020 18:53",
            "open": "0.314385",
            "high": "0.314385",
            "low": "0.314385",
            "close": "0.314475"
        },
        {
            "time": "14.11.2020 18:59",
            "open": "0.314475",
            "high": "0.314475",
            "low": "0.314475",
            "close": "0.314991"
        },
        {
            "time": "14.11.2020 19:01",
            "open": "0.314991",
            "high": "0.314991",
            "low": "0.314617",
            "close": "0.314781"
        },
        {
            "time": "14.11.2020 19:06",
            "open": "0.314781",
            "high": "0.314781",
            "low": "0.314753",
            "close": "0.315252"
        },
        {
            "time": "14.11.2020 19:17",
            "open": "0.315252",
            "high": "0.315252",
            "low": "0.315252",
            "close": "0.315222"
        },
        {
            "time": "14.11.2020 19:30",
            "open": "0.315222",
            "high": "0.315222",
            "low": "0.315222",
            "close": "0.314127"
        },
        {
            "time": "14.11.2020 19:36",
            "open": "0.314127",
            "high": "0.314127",
            "low": "0.314127",
            "close": "0.314402"
        },
        {
            "time": "14.11.2020 19:37",
            "open": "0.314402",
            "high": "0.314402",
            "low": "0.314402",
            "close": "0.315044"
        },
        {
            "time": "14.11.2020 19:39",
            "open": "0.315044",
            "high": "0.315044",
            "low": "0.315044",
            "close": "0.314265"
        },
        {
            "time": "14.11.2020 19:55",
            "open": "0.314265",
            "high": "0.314265",
            "low": "0.314094",
            "close": "0.313806"
        },
        {
            "time": "14.11.2020 19:57",
            "open": "0.313806",
            "high": "0.313806",
            "low": "0.313674",
            "close": "0.313659"
        },
        {
            "time": "14.11.2020 20:03",
            "open": "0.313659",
            "high": "0.313659",
            "low": "0.313659",
            "close": "0.315022"
        },
        {
            "time": "14.11.2020 20:14",
            "open": "0.315022",
            "high": "0.315022",
            "low": "0.314486",
            "close": "0.313614"
        },
        {
            "time": "14.11.2020 20:24",
            "open": "0.313614",
            "high": "0.313614",
            "low": "0.313614",
            "close": "0.313122"
        },
        {
            "time": "14.11.2020 20:26",
            "open": "0.313122",
            "high": "0.313122",
            "low": "0.313122",
            "close": "0.31529"
        },
        {
            "time": "14.11.2020 20:31",
            "open": "0.31529",
            "high": "0.31529",
            "low": "0.31529",
            "close": "0.314761"
        },
        {
            "time": "14.11.2020 20:34",
            "open": "0.314761",
            "high": "0.314761",
            "low": "0.314761",
            "close": "0.314322"
        },
        {
            "time": "14.11.2020 20:35",
            "open": "0.314322",
            "high": "0.314322",
            "low": "0.314322",
            "close": "0.313522"
        },
        {
            "time": "14.11.2020 20:40",
            "open": "0.313522",
            "high": "0.313599",
            "low": "0.313522",
            "close": "0.313599"
        },
        {
            "time": "14.11.2020 20:44",
            "open": "0.313599",
            "high": "0.313599",
            "low": "0.313599",
            "close": "0.314505"
        },
        {
            "time": "14.11.2020 20:55",
            "open": "0.314505",
            "high": "0.314505",
            "low": "0.314505",
            "close": "0.312838"
        },
        {
            "time": "14.11.2020 21:10",
            "open": "0.312838",
            "high": "0.312838",
            "low": "0.312838",
            "close": "0.314928"
        },
        {
            "time": "14.11.2020 21:16",
            "open": "0.314928",
            "high": "0.314928",
            "low": "0.314928",
            "close": "0.315279"
        },
        {
            "time": "14.11.2020 21:26",
            "open": "0.315279",
            "high": "0.316",
            "low": "0.315279",
            "close": "0.317"
        },
        {
            "time": "14.11.2020 21:32",
            "open": "0.317",
            "high": "0.317225",
            "low": "0.317",
            "close": "0.317225"
        },
        {
            "time": "14.11.2020 21:36",
            "open": "0.317225",
            "high": "0.317225",
            "low": "0.316844",
            "close": "0.317309"
        },
        {
            "time": "14.11.2020 21:51",
            "open": "0.317309",
            "high": "0.317309",
            "low": "0.317309",
            "close": "0.31651"
        },
        {
            "time": "14.11.2020 21:53",
            "open": "0.31651",
            "high": "0.31651",
            "low": "0.31651",
            "close": "0.316719"
        },
        {
            "time": "14.11.2020 21:54",
            "open": "0.316719",
            "high": "0.316776",
            "low": "0.316705",
            "close": "0.316746"
        },
        {
            "time": "14.11.2020 21:56",
            "open": "0.316746",
            "high": "0.31676",
            "low": "0.316746",
            "close": "0.316464"
        },
        {
            "time": "14.11.2020 21:58",
            "open": "0.316464",
            "high": "0.316464",
            "low": "0.316464",
            "close": "0.316582"
        },
        {
            "time": "14.11.2020 22:23",
            "open": "0.316582",
            "high": "0.316582",
            "low": "0.316582",
            "close": "0.316841"
        },
        {
            "time": "14.11.2020 22:26",
            "open": "0.316841",
            "high": "0.316841",
            "low": "0.316841",
            "close": "0.317229"
        },
        {
            "time": "14.11.2020 22:34",
            "open": "0.317229",
            "high": "0.317231",
            "low": "0.317229",
            "close": "0.316467"
        },
        {
            "time": "14.11.2020 22:35",
            "open": "0.316467",
            "high": "0.316467",
            "low": "0.316467",
            "close": "0.316467"
        },
        {
            "time": "14.11.2020 22:37",
            "open": "0.316467",
            "high": "0.316467",
            "low": "0.316232",
            "close": "0.316811"
        },
        {
            "time": "14.11.2020 22:45",
            "open": "0.316811",
            "high": "0.316811",
            "low": "0.316811",
            "close": "0.316862"
        },
        {
            "time": "14.11.2020 22:57",
            "open": "0.316862",
            "high": "0.316862",
            "low": "0.316862",
            "close": "0.316794"
        },
        {
            "time": "14.11.2020 23:00",
            "open": "0.316794",
            "high": "0.316794",
            "low": "0.316794",
            "close": "0.316612"
        },
        {
            "time": "14.11.2020 23:03",
            "open": "0.316612",
            "high": "0.316612",
            "low": "0.316611",
            "close": "0.316914"
        },
        {
            "time": "14.11.2020 23:13",
            "open": "0.316914",
            "high": "0.316914",
            "low": "0.316246",
            "close": "0.316738"
        },
        {
            "time": "14.11.2020 23:20",
            "open": "0.316738",
            "high": "0.316738",
            "low": "0.316738",
            "close": "0.316599"
        },
        {
            "time": "14.11.2020 23:22",
            "open": "0.316599",
            "high": "0.316599",
            "low": "0.316599",
            "close": "0.315268"
        },
        {
            "time": "14.11.2020 23:39",
            "open": "0.315268",
            "high": "0.315268",
            "low": "0.315268",
            "close": "0.3148"
        },
        {
            "time": "14.11.2020 23:52",
            "open": "0.3148",
            "high": "0.31551",
            "low": "0.3148",
            "close": "0.314869"
        },
        {
            "time": "14.11.2020 23:53",
            "open": "0.314869",
            "high": "0.314869",
            "low": "0.314869",
            "close": "0.315164"
        }
    ]
}