{
    "ZRX-EUR": [
        {
            "time": "01.11.2020 23:57",
            "open": "0.290578",
            "high": "0.290579",
            "low": "0.290578",
            "close": "0.289693"
        },
        {
            "time": "02.11.2020 00:04",
            "open": "0.289693",
            "high": "0.289693",
            "low": "0.289693",
            "close": "0.290247"
        },
        {
            "time": "02.11.2020 00:11",
            "open": "0.290247",
            "high": "0.290247",
            "low": "0.290188",
            "close": "0.290047"
        },
        {
            "time": "02.11.2020 00:12",
            "open": "0.290047",
            "high": "0.290047",
            "low": "0.290047",
            "close": "0.290549"
        },
        {
            "time": "02.11.2020 00:40",
            "open": "0.290549",
            "high": "0.290549",
            "low": "0.290549",
            "close": "0.290085"
        },
        {
            "time": "02.11.2020 00:46",
            "open": "0.290085",
            "high": "0.290085",
            "low": "0.290085",
            "close": "0.2902"
        },
        {
            "time": "02.11.2020 00:48",
            "open": "0.2902",
            "high": "0.2902",
            "low": "0.2902",
            "close": "0.290131"
        },
        {
            "time": "02.11.2020 00:50",
            "open": "0.290131",
            "high": "0.290131",
            "low": "0.290131",
            "close": "0.29079"
        },
        {
            "time": "02.11.2020 00:51",
            "open": "0.29079",
            "high": "0.29079",
            "low": "0.290255",
            "close": "0.290885"
        },
        {
            "time": "02.11.2020 00:57",
            "open": "0.290885",
            "high": "0.290885",
            "low": "0.290885",
            "close": "0.292"
        },
        {
            "time": "02.11.2020 01:02",
            "open": "0.292",
            "high": "0.292",
            "low": "0.292",
            "close": "0.292598"
        },
        {
            "time": "02.11.2020 01:04",
            "open": "0.292598",
            "high": "0.299039",
            "low": "0.292598",
            "close": "0.299047"
        },
        {
            "time": "02.11.2020 01:05",
            "open": "0.299047",
            "high": "0.299999",
            "low": "0.297446",
            "close": "0.298939"
        },
        {
            "time": "02.11.2020 01:06",
            "open": "0.298939",
            "high": "0.299093",
            "low": "0.298939",
            "close": "0.299998"
        },
        {
            "time": "02.11.2020 01:07",
            "open": "0.299998",
            "high": "0.3",
            "low": "0.299998",
            "close": "0.300564"
        },
        {
            "time": "02.11.2020 01:09",
            "open": "0.300564",
            "high": "0.300564",
            "low": "0.299655",
            "close": "0.299342"
        },
        {
            "time": "02.11.2020 01:10",
            "open": "0.299342",
            "high": "0.299342",
            "low": "0.299342",
            "close": "0.300441"
        },
        {
            "time": "02.11.2020 01:12",
            "open": "0.300441",
            "high": "0.300442",
            "low": "0.300441",
            "close": "0.300293"
        },
        {
            "time": "02.11.2020 01:15",
            "open": "0.300293",
            "high": "0.300293",
            "low": "0.300278",
            "close": "0.30031"
        },
        {
            "time": "02.11.2020 01:17",
            "open": "0.30031",
            "high": "0.30031",
            "low": "0.30031",
            "close": "0.300537"
        },
        {
            "time": "02.11.2020 01:18",
            "open": "0.300537",
            "high": "0.300537",
            "low": "0.300537",
            "close": "0.300832"
        },
        {
            "time": "02.11.2020 01:19",
            "open": "0.300832",
            "high": "0.300832",
            "low": "0.300247",
            "close": "0.300735"
        },
        {
            "time": "02.11.2020 01:20",
            "open": "0.300735",
            "high": "0.300735",
            "low": "0.300735",
            "close": "0.300208"
        },
        {
            "time": "02.11.2020 01:24",
            "open": "0.300208",
            "high": "0.300208",
            "low": "0.300208",
            "close": "0.300146"
        },
        {
            "time": "02.11.2020 01:28",
            "open": "0.300146",
            "high": "0.300146",
            "low": "0.300146",
            "close": "0.300202"
        },
        {
            "time": "02.11.2020 01:33",
            "open": "0.300202",
            "high": "0.300207",
            "low": "0.300202",
            "close": "0.300111"
        },
        {
            "time": "02.11.2020 01:34",
            "open": "0.300111",
            "high": "0.300112",
            "low": "0.300111",
            "close": "0.300112"
        },
        {
            "time": "02.11.2020 01:40",
            "open": "0.300112",
            "high": "0.30045",
            "low": "0.300112",
            "close": "0.300868"
        },
        {
            "time": "02.11.2020 01:45",
            "open": "0.300868",
            "high": "0.300868",
            "low": "0.300868",
            "close": "0.3008"
        },
        {
            "time": "02.11.2020 01:46",
            "open": "0.3008",
            "high": "0.3008",
            "low": "0.3008",
            "close": "0.300607"
        },
        {
            "time": "02.11.2020 01:47",
            "open": "0.300607",
            "high": "0.300607",
            "low": "0.30057",
            "close": "0.301"
        },
        {
            "time": "02.11.2020 01:48",
            "open": "0.301",
            "high": "0.301517",
            "low": "0.30092",
            "close": "0.301841"
        },
        {
            "time": "02.11.2020 01:49",
            "open": "0.301841",
            "high": "0.301841",
            "low": "0.301841",
            "close": "0.30187"
        },
        {
            "time": "02.11.2020 01:50",
            "open": "0.30187",
            "high": "0.302",
            "low": "0.30187",
            "close": "0.302857"
        },
        {
            "time": "02.11.2020 01:52",
            "open": "0.302857",
            "high": "0.303787",
            "low": "0.302857",
            "close": "0.303524"
        },
        {
            "time": "02.11.2020 01:54",
            "open": "0.303524",
            "high": "0.303524",
            "low": "0.303524",
            "close": "0.3032"
        },
        {
            "time": "02.11.2020 01:55",
            "open": "0.3032",
            "high": "0.3032",
            "low": "0.301373",
            "close": "0.30145"
        },
        {
            "time": "02.11.2020 01:56",
            "open": "0.30145",
            "high": "0.30145",
            "low": "0.300579",
            "close": "0.300626"
        },
        {
            "time": "02.11.2020 01:57",
            "open": "0.300626",
            "high": "0.301972",
            "low": "0.300626",
            "close": "0.302842"
        },
        {
            "time": "02.11.2020 01:58",
            "open": "0.302842",
            "high": "0.304",
            "low": "0.302842",
            "close": "0.303683"
        },
        {
            "time": "02.11.2020 01:59",
            "open": "0.303683",
            "high": "0.303684",
            "low": "0.303482",
            "close": "0.303187"
        },
        {
            "time": "02.11.2020 02:01",
            "open": "0.303187",
            "high": "0.303187",
            "low": "0.303187",
            "close": "0.303292"
        },
        {
            "time": "02.11.2020 02:02",
            "open": "0.303292",
            "high": "0.303292",
            "low": "0.303292",
            "close": "0.302009"
        },
        {
            "time": "02.11.2020 02:05",
            "open": "0.302009",
            "high": "0.302009",
            "low": "0.302009",
            "close": "0.302213"
        },
        {
            "time": "02.11.2020 02:09",
            "open": "0.302213",
            "high": "0.302213",
            "low": "0.301702",
            "close": "0.302501"
        },
        {
            "time": "02.11.2020 02:13",
            "open": "0.302501",
            "high": "0.302503",
            "low": "0.302501",
            "close": "0.302345"
        },
        {
            "time": "02.11.2020 02:17",
            "open": "0.302345",
            "high": "0.302345",
            "low": "0.302345",
            "close": "0.3018"
        },
        {
            "time": "02.11.2020 02:22",
            "open": "0.3018",
            "high": "0.3018",
            "low": "0.3018",
            "close": "0.302186"
        },
        {
            "time": "02.11.2020 02:25",
            "open": "0.302186",
            "high": "0.302186",
            "low": "0.302186",
            "close": "0.302412"
        },
        {
            "time": "02.11.2020 02:27",
            "open": "0.302412",
            "high": "0.302412",
            "low": "0.301982",
            "close": "0.301922"
        },
        {
            "time": "02.11.2020 02:33",
            "open": "0.301922",
            "high": "0.301922",
            "low": "0.301922",
            "close": "0.299734"
        },
        {
            "time": "02.11.2020 02:47",
            "open": "0.299734",
            "high": "0.299734",
            "low": "0.299734",
            "close": "0.29804"
        },
        {
            "time": "02.11.2020 02:54",
            "open": "0.29804",
            "high": "0.29804",
            "low": "0.29804",
            "close": "0.299819"
        },
        {
            "time": "02.11.2020 02:56",
            "open": "0.299819",
            "high": "0.300247",
            "low": "0.299819",
            "close": "0.300622"
        },
        {
            "time": "02.11.2020 02:58",
            "open": "0.300622",
            "high": "0.300622",
            "low": "0.30018",
            "close": "0.299342"
        },
        {
            "time": "02.11.2020 03:00",
            "open": "0.299342",
            "high": "0.30176",
            "low": "0.299342",
            "close": "0.300391"
        },
        {
            "time": "02.11.2020 03:02",
            "open": "0.300391",
            "high": "0.300391",
            "low": "0.300391",
            "close": "0.299514"
        },
        {
            "time": "02.11.2020 03:05",
            "open": "0.299514",
            "high": "0.299514",
            "low": "0.299514",
            "close": "0.297643"
        },
        {
            "time": "02.11.2020 03:08",
            "open": "0.297643",
            "high": "0.297643",
            "low": "0.297643",
            "close": "0.29717"
        },
        {
            "time": "02.11.2020 03:09",
            "open": "0.29717",
            "high": "0.29717",
            "low": "0.29717",
            "close": "0.297184"
        },
        {
            "time": "02.11.2020 03:10",
            "open": "0.297184",
            "high": "0.297184",
            "low": "0.297",
            "close": "0.296"
        },
        {
            "time": "02.11.2020 03:14",
            "open": "0.296",
            "high": "0.296",
            "low": "0.296",
            "close": "0.297434"
        },
        {
            "time": "02.11.2020 03:17",
            "open": "0.297434",
            "high": "0.297434",
            "low": "0.297434",
            "close": "0.297031"
        },
        {
            "time": "02.11.2020 03:21",
            "open": "0.297031",
            "high": "0.297148",
            "low": "0.297031",
            "close": "0.298314"
        },
        {
            "time": "02.11.2020 04:03",
            "open": "0.298314",
            "high": "0.298314",
            "low": "0.298314",
            "close": "0.297565"
        },
        {
            "time": "02.11.2020 04:04",
            "open": "0.297565",
            "high": "0.297565",
            "low": "0.297565",
            "close": "0.29663"
        },
        {
            "time": "02.11.2020 04:15",
            "open": "0.29663",
            "high": "0.29663",
            "low": "0.296629",
            "close": "0.3"
        },
        {
            "time": "02.11.2020 05:16",
            "open": "0.3",
            "high": "0.3",
            "low": "0.3",
            "close": "0.30035"
        },
        {
            "time": "02.11.2020 05:19",
            "open": "0.30035",
            "high": "0.30035",
            "low": "0.30035",
            "close": "0.300432"
        },
        {
            "time": "02.11.2020 05:21",
            "open": "0.300432",
            "high": "0.300432",
            "low": "0.300432",
            "close": "0.300594"
        },
        {
            "time": "02.11.2020 05:29",
            "open": "0.300594",
            "high": "0.300594",
            "low": "0.300594",
            "close": "0.299511"
        },
        {
            "time": "02.11.2020 05:33",
            "open": "0.299511",
            "high": "0.299511",
            "low": "0.299508",
            "close": "0.298419"
        },
        {
            "time": "02.11.2020 05:36",
            "open": "0.298419",
            "high": "0.298419",
            "low": "0.298418",
            "close": "0.298498"
        },
        {
            "time": "02.11.2020 05:38",
            "open": "0.298498",
            "high": "0.298498",
            "low": "0.298498",
            "close": "0.298498"
        },
        {
            "time": "02.11.2020 05:45",
            "open": "0.298498",
            "high": "0.298498",
            "low": "0.298498",
            "close": "0.298555"
        },
        {
            "time": "02.11.2020 06:24",
            "open": "0.298555",
            "high": "0.298555",
            "low": "0.298555",
            "close": "0.298569"
        },
        {
            "time": "02.11.2020 06:25",
            "open": "0.298569",
            "high": "0.298569",
            "low": "0.298569",
            "close": "0.29853"
        },
        {
            "time": "02.11.2020 06:49",
            "open": "0.29853",
            "high": "0.29853",
            "low": "0.29853",
            "close": "0.29853"
        },
        {
            "time": "02.11.2020 07:00",
            "open": "0.29853",
            "high": "0.29853",
            "low": "0.29853",
            "close": "0.299387"
        },
        {
            "time": "02.11.2020 07:10",
            "open": "0.299387",
            "high": "0.299387",
            "low": "0.299387",
            "close": "0.299636"
        },
        {
            "time": "02.11.2020 07:26",
            "open": "0.299636",
            "high": "0.3",
            "low": "0.299636",
            "close": "0.300385"
        },
        {
            "time": "02.11.2020 07:27",
            "open": "0.300385",
            "high": "0.300385",
            "low": "0.300385",
            "close": "0.299961"
        },
        {
            "time": "02.11.2020 07:36",
            "open": "0.299961",
            "high": "0.299961",
            "low": "0.299961",
            "close": "0.29992"
        },
        {
            "time": "02.11.2020 07:37",
            "open": "0.29992",
            "high": "0.29992",
            "low": "0.29992",
            "close": "0.300124"
        },
        {
            "time": "02.11.2020 07:38",
            "open": "0.300124",
            "high": "0.300124",
            "low": "0.3001",
            "close": "0.299768"
        },
        {
            "time": "02.11.2020 07:42",
            "open": "0.299768",
            "high": "0.299768",
            "low": "0.299768",
            "close": "0.3001"
        },
        {
            "time": "02.11.2020 07:57",
            "open": "0.3001",
            "high": "0.3001",
            "low": "0.3001",
            "close": "0.300632"
        },
        {
            "time": "02.11.2020 08:02",
            "open": "0.300632",
            "high": "0.300632",
            "low": "0.300632",
            "close": "0.300422"
        },
        {
            "time": "02.11.2020 08:04",
            "open": "0.300422",
            "high": "0.300422",
            "low": "0.300422",
            "close": "0.300431"
        },
        {
            "time": "02.11.2020 08:06",
            "open": "0.300431",
            "high": "0.300431",
            "low": "0.300431",
            "close": "0.3005"
        },
        {
            "time": "02.11.2020 08:11",
            "open": "0.3005",
            "high": "0.3005",
            "low": "0.3005",
            "close": "0.3005"
        },
        {
            "time": "02.11.2020 08:13",
            "open": "0.3005",
            "high": "0.30083",
            "low": "0.3005",
            "close": "0.300428"
        },
        {
            "time": "02.11.2020 08:20",
            "open": "0.300428",
            "high": "0.300428",
            "low": "0.300428",
            "close": "0.300983"
        },
        {
            "time": "02.11.2020 08:25",
            "open": "0.300983",
            "high": "0.300983",
            "low": "0.300983",
            "close": "0.301"
        },
        {
            "time": "02.11.2020 08:26",
            "open": "0.301",
            "high": "0.301",
            "low": "0.301",
            "close": "0.300985"
        },
        {
            "time": "02.11.2020 08:28",
            "open": "0.300985",
            "high": "0.300985",
            "low": "0.300985",
            "close": "0.30043"
        },
        {
            "time": "02.11.2020 08:29",
            "open": "0.30043",
            "high": "0.30043",
            "low": "0.300429",
            "close": "0.30043"
        },
        {
            "time": "02.11.2020 08:38",
            "open": "0.30043",
            "high": "0.30043",
            "low": "0.30043",
            "close": "0.300428"
        },
        {
            "time": "02.11.2020 08:50",
            "open": "0.300428",
            "high": "0.300428",
            "low": "0.300425",
            "close": "0.300958"
        },
        {
            "time": "02.11.2020 09:09",
            "open": "0.300958",
            "high": "0.300958",
            "low": "0.300958",
            "close": "0.301106"
        },
        {
            "time": "02.11.2020 09:10",
            "open": "0.301106",
            "high": "0.301107",
            "low": "0.301106",
            "close": "0.301107"
        },
        {
            "time": "02.11.2020 09:11",
            "open": "0.301107",
            "high": "0.301107",
            "low": "0.301107",
            "close": "0.301121"
        },
        {
            "time": "02.11.2020 09:12",
            "open": "0.301121",
            "high": "0.301121",
            "low": "0.300893",
            "close": "0.300425"
        },
        {
            "time": "02.11.2020 09:15",
            "open": "0.300425",
            "high": "0.300425",
            "low": "0.300425",
            "close": "0.300425"
        },
        {
            "time": "02.11.2020 09:20",
            "open": "0.300425",
            "high": "0.300425",
            "low": "0.300423",
            "close": "0.300643"
        },
        {
            "time": "02.11.2020 09:22",
            "open": "0.300643",
            "high": "0.300643",
            "low": "0.300643",
            "close": "0.300959"
        },
        {
            "time": "02.11.2020 09:25",
            "open": "0.300959",
            "high": "0.300959",
            "low": "0.298826",
            "close": "0.29853"
        },
        {
            "time": "02.11.2020 09:26",
            "open": "0.29853",
            "high": "0.29864",
            "low": "0.2982",
            "close": "0.297726"
        },
        {
            "time": "02.11.2020 09:27",
            "open": "0.297726",
            "high": "0.298206",
            "low": "0.297726",
            "close": "0.297891"
        },
        {
            "time": "02.11.2020 09:29",
            "open": "0.297891",
            "high": "0.297891",
            "low": "0.297891",
            "close": "0.297891"
        },
        {
            "time": "02.11.2020 09:32",
            "open": "0.297891",
            "high": "0.297891",
            "low": "0.297891",
            "close": "0.298195"
        },
        {
            "time": "02.11.2020 09:34",
            "open": "0.298195",
            "high": "0.298195",
            "low": "0.298195",
            "close": "0.296992"
        },
        {
            "time": "02.11.2020 09:36",
            "open": "0.296992",
            "high": "0.296992",
            "low": "0.2951",
            "close": "0.295"
        },
        {
            "time": "02.11.2020 09:37",
            "open": "0.295",
            "high": "0.296237",
            "low": "0.294323",
            "close": "0.295907"
        },
        {
            "time": "02.11.2020 09:38",
            "open": "0.295907",
            "high": "0.295907",
            "low": "0.295907",
            "close": "0.295448"
        },
        {
            "time": "02.11.2020 09:39",
            "open": "0.295448",
            "high": "0.29618",
            "low": "0.295448",
            "close": "0.295668"
        },
        {
            "time": "02.11.2020 09:40",
            "open": "0.295668",
            "high": "0.295978",
            "low": "0.295332",
            "close": "0.295021"
        },
        {
            "time": "02.11.2020 09:41",
            "open": "0.295021",
            "high": "0.295159",
            "low": "0.294991",
            "close": "0.295291"
        },
        {
            "time": "02.11.2020 09:44",
            "open": "0.295291",
            "high": "0.295438",
            "low": "0.295291",
            "close": "0.295267"
        },
        {
            "time": "02.11.2020 09:46",
            "open": "0.295267",
            "high": "0.295267",
            "low": "0.295267",
            "close": "0.295012"
        },
        {
            "time": "02.11.2020 09:47",
            "open": "0.295012",
            "high": "0.295012",
            "low": "0.295012",
            "close": "0.294"
        },
        {
            "time": "02.11.2020 09:48",
            "open": "0.294",
            "high": "0.294",
            "low": "0.293699",
            "close": "0.293627"
        },
        {
            "time": "02.11.2020 09:49",
            "open": "0.293627",
            "high": "0.293627",
            "low": "0.293627",
            "close": "0.294232"
        },
        {
            "time": "02.11.2020 09:51",
            "open": "0.294232",
            "high": "0.294232",
            "low": "0.294232",
            "close": "0.295013"
        },
        {
            "time": "02.11.2020 09:53",
            "open": "0.295013",
            "high": "0.295013",
            "low": "0.295013",
            "close": "0.293609"
        },
        {
            "time": "02.11.2020 09:55",
            "open": "0.293609",
            "high": "0.293851",
            "low": "0.293609",
            "close": "0.293871"
        },
        {
            "time": "02.11.2020 09:56",
            "open": "0.293871",
            "high": "0.293871",
            "low": "0.293871",
            "close": "0.293146"
        },
        {
            "time": "02.11.2020 09:57",
            "open": "0.293146",
            "high": "0.293146",
            "low": "0.291807",
            "close": "0.293599"
        },
        {
            "time": "02.11.2020 09:59",
            "open": "0.293599",
            "high": "0.293599",
            "low": "0.293596",
            "close": "0.291723"
        },
        {
            "time": "02.11.2020 10:00",
            "open": "0.291723",
            "high": "0.291723",
            "low": "0.291723",
            "close": "0.293123"
        },
        {
            "time": "02.11.2020 10:01",
            "open": "0.293123",
            "high": "0.293703",
            "low": "0.293123",
            "close": "0.293695"
        },
        {
            "time": "02.11.2020 10:03",
            "open": "0.293695",
            "high": "0.293695",
            "low": "0.293103",
            "close": "0.292821"
        },
        {
            "time": "02.11.2020 10:05",
            "open": "0.292821",
            "high": "0.293281",
            "low": "0.292821",
            "close": "0.29304"
        },
        {
            "time": "02.11.2020 10:10",
            "open": "0.29304",
            "high": "0.293495",
            "low": "0.29304",
            "close": "0.292443"
        },
        {
            "time": "02.11.2020 10:16",
            "open": "0.292443",
            "high": "0.2926",
            "low": "0.292442",
            "close": "0.293266"
        },
        {
            "time": "02.11.2020 10:18",
            "open": "0.293266",
            "high": "0.293266",
            "low": "0.293266",
            "close": "0.293344"
        },
        {
            "time": "02.11.2020 10:20",
            "open": "0.293344",
            "high": "0.293344",
            "low": "0.293344",
            "close": "0.292822"
        },
        {
            "time": "02.11.2020 10:22",
            "open": "0.292822",
            "high": "0.292822",
            "low": "0.292822",
            "close": "0.293375"
        },
        {
            "time": "02.11.2020 10:23",
            "open": "0.293375",
            "high": "0.293375",
            "low": "0.293375",
            "close": "0.293303"
        },
        {
            "time": "02.11.2020 10:26",
            "open": "0.293303",
            "high": "0.293303",
            "low": "0.292881",
            "close": "0.29271"
        },
        {
            "time": "02.11.2020 10:32",
            "open": "0.29271",
            "high": "0.29271",
            "low": "0.29271",
            "close": "0.293375"
        },
        {
            "time": "02.11.2020 10:37",
            "open": "0.293375",
            "high": "0.293375",
            "low": "0.293375",
            "close": "0.293898"
        },
        {
            "time": "02.11.2020 10:40",
            "open": "0.293898",
            "high": "0.293904",
            "low": "0.293898",
            "close": "0.293528"
        },
        {
            "time": "02.11.2020 10:50",
            "open": "0.294124",
            "high": "0.294124",
            "low": "0.293545",
            "close": "0.293843"
        },
        {
            "time": "02.11.2020 11:04",
            "open": "0.293843",
            "high": "0.293843",
            "low": "0.293843",
            "close": "0.293304"
        },
        {
            "time": "02.11.2020 11:09",
            "open": "0.293304",
            "high": "0.293304",
            "low": "0.293304",
            "close": "0.292632"
        },
        {
            "time": "02.11.2020 11:14",
            "open": "0.292632",
            "high": "0.292632",
            "low": "0.292632",
            "close": "0.292082"
        },
        {
            "time": "02.11.2020 11:16",
            "open": "0.292082",
            "high": "0.292082",
            "low": "0.292082",
            "close": "0.291921"
        },
        {
            "time": "02.11.2020 11:17",
            "open": "0.291921",
            "high": "0.291921",
            "low": "0.291921",
            "close": "0.293021"
        },
        {
            "time": "02.11.2020 11:21",
            "open": "0.293021",
            "high": "0.293021",
            "low": "0.293021",
            "close": "0.292961"
        },
        {
            "time": "02.11.2020 11:27",
            "open": "0.292961",
            "high": "0.292961",
            "low": "0.292961",
            "close": "0.292257"
        },
        {
            "time": "02.11.2020 11:29",
            "open": "0.292257",
            "high": "0.292257",
            "low": "0.292257",
            "close": "0.29187"
        },
        {
            "time": "02.11.2020 11:36",
            "open": "0.29187",
            "high": "0.29187",
            "low": "0.291841",
            "close": "0.291414"
        },
        {
            "time": "02.11.2020 11:41",
            "open": "0.291414",
            "high": "0.291414",
            "low": "0.29",
            "close": "0.290371"
        },
        {
            "time": "02.11.2020 11:43",
            "open": "0.290371",
            "high": "0.290371",
            "low": "0.29",
            "close": "0.290507"
        },
        {
            "time": "02.11.2020 11:44",
            "open": "0.290507",
            "high": "0.290507",
            "low": "0.290507",
            "close": "0.290495"
        },
        {
            "time": "02.11.2020 11:45",
            "open": "0.290495",
            "high": "0.29068",
            "low": "0.290495",
            "close": "0.290774"
        },
        {
            "time": "02.11.2020 11:46",
            "open": "0.290774",
            "high": "0.290823",
            "low": "0.290774",
            "close": "0.2905"
        },
        {
            "time": "02.11.2020 11:50",
            "open": "0.2905",
            "high": "0.2905",
            "low": "0.2905",
            "close": "0.29079"
        },
        {
            "time": "02.11.2020 11:54",
            "open": "0.29079",
            "high": "0.29079",
            "low": "0.29057",
            "close": "0.29126"
        },
        {
            "time": "02.11.2020 11:55",
            "open": "0.29126",
            "high": "0.29126",
            "low": "0.29126",
            "close": "0.2905"
        },
        {
            "time": "02.11.2020 11:59",
            "open": "0.2905",
            "high": "0.2905",
            "low": "0.2905",
            "close": "0.29038"
        },
        {
            "time": "02.11.2020 12:02",
            "open": "0.29038",
            "high": "0.29038",
            "low": "0.29038",
            "close": "0.29"
        },
        {
            "time": "02.11.2020 12:04",
            "open": "0.29",
            "high": "0.29039",
            "low": "0.29",
            "close": "0.290498"
        },
        {
            "time": "02.11.2020 12:05",
            "open": "0.290498",
            "high": "0.290758",
            "low": "0.290498",
            "close": "0.291155"
        },
        {
            "time": "02.11.2020 12:10",
            "open": "0.291155",
            "high": "0.291155",
            "low": "0.291096",
            "close": "0.290495"
        },
        {
            "time": "02.11.2020 12:14",
            "open": "0.290495",
            "high": "0.290495",
            "low": "0.290495",
            "close": "0.290344"
        },
        {
            "time": "02.11.2020 12:21",
            "open": "0.290344",
            "high": "0.290344",
            "low": "0.290344",
            "close": "0.29"
        },
        {
            "time": "02.11.2020 12:22",
            "open": "0.29",
            "high": "0.29",
            "low": "0.29",
            "close": "0.289788"
        },
        {
            "time": "02.11.2020 12:25",
            "open": "0.289788",
            "high": "0.289788",
            "low": "0.289788",
            "close": "0.289"
        },
        {
            "time": "02.11.2020 12:27",
            "open": "0.289",
            "high": "0.289",
            "low": "0.288965",
            "close": "0.288938"
        },
        {
            "time": "02.11.2020 12:28",
            "open": "0.288938",
            "high": "0.288938",
            "low": "0.288536",
            "close": "0.289578"
        },
        {
            "time": "02.11.2020 12:29",
            "open": "0.289578",
            "high": "0.289578",
            "low": "0.289578",
            "close": "0.2899"
        },
        {
            "time": "02.11.2020 12:30",
            "open": "0.2899",
            "high": "0.289901",
            "low": "0.2899",
            "close": "0.291238"
        },
        {
            "time": "02.11.2020 12:36",
            "open": "0.291238",
            "high": "0.291238",
            "low": "0.291238",
            "close": "0.290763"
        },
        {
            "time": "02.11.2020 12:37",
            "open": "0.290763",
            "high": "0.290763",
            "low": "0.290763",
            "close": "0.290978"
        },
        {
            "time": "02.11.2020 12:39",
            "open": "0.290978",
            "high": "0.290978",
            "low": "0.290978",
            "close": "0.291584"
        },
        {
            "time": "02.11.2020 12:42",
            "open": "0.291584",
            "high": "0.291585",
            "low": "0.291584",
            "close": "0.291228"
        },
        {
            "time": "02.11.2020 12:44",
            "open": "0.291228",
            "high": "0.291228",
            "low": "0.291228",
            "close": "0.289773"
        },
        {
            "time": "02.11.2020 12:45",
            "open": "0.289773",
            "high": "0.289773",
            "low": "0.289773",
            "close": "0.290532"
        },
        {
            "time": "02.11.2020 12:54",
            "open": "0.290532",
            "high": "0.290532",
            "low": "0.290532",
            "close": "0.290441"
        },
        {
            "time": "02.11.2020 13:04",
            "open": "0.290441",
            "high": "0.290441",
            "low": "0.290441",
            "close": "0.29005"
        },
        {
            "time": "02.11.2020 13:05",
            "open": "0.29005",
            "high": "0.29005",
            "low": "0.29005",
            "close": "0.288886"
        },
        {
            "time": "02.11.2020 13:10",
            "open": "0.288886",
            "high": "0.288886",
            "low": "0.288884",
            "close": "0.288929"
        },
        {
            "time": "02.11.2020 13:11",
            "open": "0.288929",
            "high": "0.288929",
            "low": "0.288929",
            "close": "0.289617"
        },
        {
            "time": "02.11.2020 13:16",
            "open": "0.289617",
            "high": "0.289617",
            "low": "0.289617",
            "close": "0.290492"
        },
        {
            "time": "02.11.2020 13:20",
            "open": "0.290492",
            "high": "0.290492",
            "low": "0.290492",
            "close": "0.29015"
        },
        {
            "time": "02.11.2020 13:24",
            "open": "0.29015",
            "high": "0.29015",
            "low": "0.29015",
            "close": "0.290482"
        },
        {
            "time": "02.11.2020 13:25",
            "open": "0.290482",
            "high": "0.290482",
            "low": "0.290477",
            "close": "0.29004"
        },
        {
            "time": "02.11.2020 13:27",
            "open": "0.29004",
            "high": "0.29004",
            "low": "0.29004",
            "close": "0.29077"
        },
        {
            "time": "02.11.2020 13:28",
            "open": "0.29077",
            "high": "0.29077",
            "low": "0.29077",
            "close": "0.290767"
        },
        {
            "time": "02.11.2020 13:31",
            "open": "0.291285",
            "high": "0.291285",
            "low": "0.291285",
            "close": "0.291331"
        },
        {
            "time": "02.11.2020 13:32",
            "open": "0.291331",
            "high": "0.291331",
            "low": "0.291331",
            "close": "0.29088"
        },
        {
            "time": "02.11.2020 13:35",
            "open": "0.29088",
            "high": "0.291039",
            "low": "0.290215",
            "close": "0.29069"
        },
        {
            "time": "02.11.2020 13:36",
            "open": "0.29069",
            "high": "0.290778",
            "low": "0.290672",
            "close": "0.289897"
        },
        {
            "time": "02.11.2020 13:38",
            "open": "0.289897",
            "high": "0.289897",
            "low": "0.289897",
            "close": "0.289059"
        },
        {
            "time": "02.11.2020 13:39",
            "open": "0.289059",
            "high": "0.289059",
            "low": "0.288882",
            "close": "0.288"
        },
        {
            "time": "02.11.2020 13:41",
            "open": "0.288",
            "high": "0.288",
            "low": "0.287713",
            "close": "0.287647"
        },
        {
            "time": "02.11.2020 13:42",
            "open": "0.287647",
            "high": "0.288321",
            "low": "0.287647",
            "close": "0.287896"
        },
        {
            "time": "02.11.2020 13:43",
            "open": "0.287896",
            "high": "0.287896",
            "low": "0.287214",
            "close": "0.287"
        },
        {
            "time": "02.11.2020 13:45",
            "open": "0.287",
            "high": "0.287",
            "low": "0.286288",
            "close": "0.286575"
        },
        {
            "time": "02.11.2020 13:47",
            "open": "0.286575",
            "high": "0.286575",
            "low": "0.286575",
            "close": "0.287303"
        },
        {
            "time": "02.11.2020 13:49",
            "open": "0.287303",
            "high": "0.287303",
            "low": "0.287303",
            "close": "0.28765"
        },
        {
            "time": "02.11.2020 13:54",
            "open": "0.28765",
            "high": "0.287823",
            "low": "0.28765",
            "close": "0.287641"
        },
        {
            "time": "02.11.2020 14:05",
            "open": "0.287641",
            "high": "0.287641",
            "low": "0.287641",
            "close": "0.28855"
        },
        {
            "time": "02.11.2020 14:07",
            "open": "0.28855",
            "high": "0.28855",
            "low": "0.28855",
            "close": "0.288923"
        },
        {
            "time": "02.11.2020 14:09",
            "open": "0.288923",
            "high": "0.288923",
            "low": "0.288921",
            "close": "0.289245"
        },
        {
            "time": "02.11.2020 14:13",
            "open": "0.289245",
            "high": "0.289245",
            "low": "0.289245",
            "close": "0.289715"
        },
        {
            "time": "02.11.2020 14:17",
            "open": "0.289715",
            "high": "0.290468",
            "low": "0.289715",
            "close": "0.290839"
        },
        {
            "time": "02.11.2020 14:21",
            "open": "0.290839",
            "high": "0.29084",
            "low": "0.290839",
            "close": "0.29164"
        },
        {
            "time": "02.11.2020 14:27",
            "open": "0.29164",
            "high": "0.291643",
            "low": "0.29164",
            "close": "0.292"
        },
        {
            "time": "02.11.2020 14:31",
            "open": "0.292",
            "high": "0.292",
            "low": "0.292",
            "close": "0.291777"
        },
        {
            "time": "02.11.2020 14:32",
            "open": "0.291777",
            "high": "0.29197",
            "low": "0.291403",
            "close": "0.292543"
        },
        {
            "time": "02.11.2020 14:33",
            "open": "0.292543",
            "high": "0.294188",
            "low": "0.292543",
            "close": "0.29482"
        },
        {
            "time": "02.11.2020 14:34",
            "open": "0.29482",
            "high": "0.29482",
            "low": "0.29482",
            "close": "0.295"
        },
        {
            "time": "02.11.2020 14:35",
            "open": "0.295",
            "high": "0.29566",
            "low": "0.295",
            "close": "0.295898"
        },
        {
            "time": "02.11.2020 14:37",
            "open": "0.295898",
            "high": "0.295898",
            "low": "0.295898",
            "close": "0.294952"
        },
        {
            "time": "02.11.2020 14:38",
            "open": "0.294952",
            "high": "0.294952",
            "low": "0.294625",
            "close": "0.2953"
        },
        {
            "time": "02.11.2020 14:46",
            "open": "0.2953",
            "high": "0.2953",
            "low": "0.2953",
            "close": "0.29555"
        },
        {
            "time": "02.11.2020 14:51",
            "open": "0.29555",
            "high": "0.29555",
            "low": "0.29555",
            "close": "0.29537"
        },
        {
            "time": "02.11.2020 14:52",
            "open": "0.29537",
            "high": "0.29537",
            "low": "0.29537",
            "close": "0.295508"
        },
        {
            "time": "02.11.2020 14:54",
            "open": "0.295508",
            "high": "0.295508",
            "low": "0.295508",
            "close": "0.295379"
        },
        {
            "time": "02.11.2020 14:56",
            "open": "0.295379",
            "high": "0.295379",
            "low": "0.295379",
            "close": "0.294845"
        },
        {
            "time": "02.11.2020 14:59",
            "open": "0.294845",
            "high": "0.294845",
            "low": "0.294845",
            "close": "0.29498"
        },
        {
            "time": "02.11.2020 15:02",
            "open": "0.29498",
            "high": "0.29498",
            "low": "0.29498",
            "close": "0.29475"
        },
        {
            "time": "02.11.2020 15:04",
            "open": "0.29475",
            "high": "0.29475",
            "low": "0.29475",
            "close": "0.29433"
        },
        {
            "time": "02.11.2020 15:07",
            "open": "0.29433",
            "high": "0.29439",
            "low": "0.29433",
            "close": "0.294006"
        },
        {
            "time": "02.11.2020 15:08",
            "open": "0.294006",
            "high": "0.294006",
            "low": "0.294006",
            "close": "0.294118"
        },
        {
            "time": "02.11.2020 15:09",
            "open": "0.294118",
            "high": "0.294118",
            "low": "0.294118",
            "close": "0.29344"
        },
        {
            "time": "02.11.2020 15:10",
            "open": "0.29344",
            "high": "0.29344",
            "low": "0.29344",
            "close": "0.292776"
        },
        {
            "time": "02.11.2020 15:11",
            "open": "0.292776",
            "high": "0.293663",
            "low": "0.292776",
            "close": "0.29298"
        },
        {
            "time": "02.11.2020 15:14",
            "open": "0.29298",
            "high": "0.29318",
            "low": "0.29298",
            "close": "0.293564"
        },
        {
            "time": "02.11.2020 15:17",
            "open": "0.293564",
            "high": "0.294021",
            "low": "0.293564",
            "close": "0.29413"
        },
        {
            "time": "02.11.2020 15:19",
            "open": "0.29413",
            "high": "0.29413",
            "low": "0.29413",
            "close": "0.293474"
        },
        {
            "time": "02.11.2020 15:20",
            "open": "0.293474",
            "high": "0.293474",
            "low": "0.293474",
            "close": "0.294624"
        },
        {
            "time": "02.11.2020 15:22",
            "open": "0.294624",
            "high": "0.294624",
            "low": "0.294624",
            "close": "0.294802"
        },
        {
            "time": "02.11.2020 15:25",
            "open": "0.294802",
            "high": "0.294802",
            "low": "0.294802",
            "close": "0.294455"
        },
        {
            "time": "02.11.2020 15:26",
            "open": "0.294455",
            "high": "0.294455",
            "low": "0.294455",
            "close": "0.294497"
        },
        {
            "time": "02.11.2020 15:27",
            "open": "0.294497",
            "high": "0.294497",
            "low": "0.294497",
            "close": "0.294111"
        },
        {
            "time": "02.11.2020 15:28",
            "open": "0.294111",
            "high": "0.294111",
            "low": "0.294111",
            "close": "0.29425"
        },
        {
            "time": "02.11.2020 15:34",
            "open": "0.29425",
            "high": "0.29425",
            "low": "0.29425",
            "close": "0.294617"
        },
        {
            "time": "02.11.2020 15:37",
            "open": "0.294617",
            "high": "0.294617",
            "low": "0.294459",
            "close": "0.29462"
        },
        {
            "time": "02.11.2020 15:39",
            "open": "0.29462",
            "high": "0.29462",
            "low": "0.29462",
            "close": "0.294709"
        },
        {
            "time": "02.11.2020 15:41",
            "open": "0.294709",
            "high": "0.294709",
            "low": "0.294709",
            "close": "0.295267"
        },
        {
            "time": "02.11.2020 15:46",
            "open": "0.295267",
            "high": "0.295267",
            "low": "0.295267",
            "close": "0.295989"
        },
        {
            "time": "02.11.2020 15:49",
            "open": "0.295989",
            "high": "0.295989",
            "low": "0.295928",
            "close": "0.295928"
        },
        {
            "time": "02.11.2020 15:52",
            "open": "0.295928",
            "high": "0.296",
            "low": "0.295928",
            "close": "0.297"
        },
        {
            "time": "02.11.2020 15:55",
            "open": "0.297",
            "high": "0.29717",
            "low": "0.297",
            "close": "0.297643"
        },
        {
            "time": "02.11.2020 15:57",
            "open": "0.297643",
            "high": "0.298",
            "low": "0.297643",
            "close": "0.29724"
        },
        {
            "time": "02.11.2020 16:00",
            "open": "0.29724",
            "high": "0.29724",
            "low": "0.297114",
            "close": "0.296717"
        },
        {
            "time": "02.11.2020 16:05",
            "open": "0.296717",
            "high": "0.296717",
            "low": "0.296717",
            "close": "0.296049"
        },
        {
            "time": "02.11.2020 16:09",
            "open": "0.296049",
            "high": "0.296049",
            "low": "0.296049",
            "close": "0.296362"
        },
        {
            "time": "02.11.2020 16:13",
            "open": "0.296362",
            "high": "0.296362",
            "low": "0.296362",
            "close": "0.296367"
        },
        {
            "time": "02.11.2020 16:14",
            "open": "0.296367",
            "high": "0.296367",
            "low": "0.296367",
            "close": "0.296823"
        },
        {
            "time": "02.11.2020 16:16",
            "open": "0.296823",
            "high": "0.296823",
            "low": "0.296823",
            "close": "0.297161"
        },
        {
            "time": "02.11.2020 16:22",
            "open": "0.297161",
            "high": "0.297161",
            "low": "0.29716",
            "close": "0.297878"
        },
        {
            "time": "02.11.2020 16:27",
            "open": "0.297878",
            "high": "0.297878",
            "low": "0.297878",
            "close": "0.297277"
        },
        {
            "time": "02.11.2020 16:28",
            "open": "0.297277",
            "high": "0.297277",
            "low": "0.297277",
            "close": "0.298186"
        },
        {
            "time": "02.11.2020 16:34",
            "open": "0.298186",
            "high": "0.298186",
            "low": "0.298186",
            "close": "0.298401"
        },
        {
            "time": "02.11.2020 16:37",
            "open": "0.298401",
            "high": "0.298401",
            "low": "0.298401",
            "close": "0.297658"
        },
        {
            "time": "02.11.2020 16:42",
            "open": "0.297658",
            "high": "0.297658",
            "low": "0.297658",
            "close": "0.298"
        },
        {
            "time": "02.11.2020 16:44",
            "open": "0.298",
            "high": "0.298",
            "low": "0.298",
            "close": "0.298401"
        },
        {
            "time": "02.11.2020 16:47",
            "open": "0.298401",
            "high": "0.298475",
            "low": "0.298401",
            "close": "0.297851"
        },
        {
            "time": "02.11.2020 16:51",
            "open": "0.297851",
            "high": "0.297851",
            "low": "0.297851",
            "close": "0.297862"
        },
        {
            "time": "02.11.2020 16:53",
            "open": "0.297862",
            "high": "0.297862",
            "low": "0.297862",
            "close": "0.297935"
        },
        {
            "time": "02.11.2020 16:57",
            "open": "0.297935",
            "high": "0.298541",
            "low": "0.297935",
            "close": "0.29854"
        },
        {
            "time": "02.11.2020 16:58",
            "open": "0.29854",
            "high": "0.29854",
            "low": "0.29787",
            "close": "0.298478"
        },
        {
            "time": "02.11.2020 17:02",
            "open": "0.298478",
            "high": "0.298478",
            "low": "0.297994",
            "close": "0.298556"
        },
        {
            "time": "02.11.2020 17:03",
            "open": "0.298556",
            "high": "0.298556",
            "low": "0.29842",
            "close": "0.296433"
        },
        {
            "time": "02.11.2020 17:07",
            "open": "0.296433",
            "high": "0.296433",
            "low": "0.296433",
            "close": "0.296071"
        },
        {
            "time": "02.11.2020 17:08",
            "open": "0.296071",
            "high": "0.296443",
            "low": "0.296014",
            "close": "0.29549"
        },
        {
            "time": "02.11.2020 17:13",
            "open": "0.29549",
            "high": "0.29549",
            "low": "0.29549",
            "close": "0.29512"
        },
        {
            "time": "02.11.2020 17:14",
            "open": "0.29512",
            "high": "0.29512",
            "low": "0.29512",
            "close": "0.295102"
        },
        {
            "time": "02.11.2020 17:15",
            "open": "0.295102",
            "high": "0.295102",
            "low": "0.295102",
            "close": "0.295416"
        },
        {
            "time": "02.11.2020 17:17",
            "open": "0.295416",
            "high": "0.295416",
            "low": "0.295416",
            "close": "0.295102"
        },
        {
            "time": "02.11.2020 17:19",
            "open": "0.295102",
            "high": "0.295102",
            "low": "0.294891",
            "close": "0.294329"
        },
        {
            "time": "02.11.2020 17:20",
            "open": "0.294329",
            "high": "0.294329",
            "low": "0.293657",
            "close": "0.2937"
        },
        {
            "time": "02.11.2020 17:22",
            "open": "0.2937",
            "high": "0.2937",
            "low": "0.2937",
            "close": "0.293262"
        },
        {
            "time": "02.11.2020 17:23",
            "open": "0.293262",
            "high": "0.293262",
            "low": "0.293262",
            "close": "0.293358"
        },
        {
            "time": "02.11.2020 17:24",
            "open": "0.293358",
            "high": "0.293445",
            "low": "0.293358",
            "close": "0.29383"
        },
        {
            "time": "02.11.2020 17:28",
            "open": "0.29383",
            "high": "0.29383",
            "low": "0.29383",
            "close": "0.294238"
        },
        {
            "time": "02.11.2020 17:30",
            "open": "0.294238",
            "high": "0.294238",
            "low": "0.294238",
            "close": "0.292546"
        },
        {
            "time": "02.11.2020 17:36",
            "open": "0.292546",
            "high": "0.292546",
            "low": "0.292546",
            "close": "0.291807"
        },
        {
            "time": "02.11.2020 17:39",
            "open": "0.291807",
            "high": "0.291807",
            "low": "0.29152",
            "close": "0.29182"
        },
        {
            "time": "02.11.2020 17:45",
            "open": "0.29182",
            "high": "0.29182",
            "low": "0.29182",
            "close": "0.292387"
        },
        {
            "time": "02.11.2020 17:46",
            "open": "0.292387",
            "high": "0.292387",
            "low": "0.291658",
            "close": "0.291493"
        },
        {
            "time": "02.11.2020 18:00",
            "open": "0.291493",
            "high": "0.291493",
            "low": "0.291493",
            "close": "0.29139"
        },
        {
            "time": "02.11.2020 18:01",
            "open": "0.29139",
            "high": "0.29139",
            "low": "0.29139",
            "close": "0.291343"
        },
        {
            "time": "02.11.2020 18:04",
            "open": "0.291343",
            "high": "0.291343",
            "low": "0.291343",
            "close": "0.291279"
        },
        {
            "time": "02.11.2020 18:07",
            "open": "0.291279",
            "high": "0.291279",
            "low": "0.291279",
            "close": "0.291"
        },
        {
            "time": "02.11.2020 18:14",
            "open": "0.291",
            "high": "0.291",
            "low": "0.291",
            "close": "0.291205"
        },
        {
            "time": "02.11.2020 18:17",
            "open": "0.291205",
            "high": "0.291205",
            "low": "0.291139",
            "close": "0.291656"
        },
        {
            "time": "02.11.2020 18:19",
            "open": "0.291656",
            "high": "0.291656",
            "low": "0.291656",
            "close": "0.29121"
        },
        {
            "time": "02.11.2020 18:21",
            "open": "0.29121",
            "high": "0.29121",
            "low": "0.29121",
            "close": "0.291742"
        },
        {
            "time": "02.11.2020 18:25",
            "open": "0.291742",
            "high": "0.291743",
            "low": "0.291742",
            "close": "0.2909"
        },
        {
            "time": "02.11.2020 18:38",
            "open": "0.2909",
            "high": "0.2909",
            "low": "0.290641",
            "close": "0.29022"
        },
        {
            "time": "02.11.2020 18:42",
            "open": "0.29022",
            "high": "0.29022",
            "low": "0.29022",
            "close": "0.290892"
        },
        {
            "time": "02.11.2020 18:51",
            "open": "0.290892",
            "high": "0.290892",
            "low": "0.290892",
            "close": "0.291847"
        },
        {
            "time": "02.11.2020 18:53",
            "open": "0.291847",
            "high": "0.291847",
            "low": "0.29133",
            "close": "0.291953"
        },
        {
            "time": "02.11.2020 18:58",
            "open": "0.291953",
            "high": "0.291953",
            "low": "0.291953",
            "close": "0.290756"
        },
        {
            "time": "02.11.2020 19:04",
            "open": "0.290756",
            "high": "0.291314",
            "low": "0.290756",
            "close": "0.291028"
        },
        {
            "time": "02.11.2020 19:05",
            "open": "0.291028",
            "high": "0.291028",
            "low": "0.29097",
            "close": "0.29156"
        },
        {
            "time": "02.11.2020 19:23",
            "open": "0.29156",
            "high": "0.291705",
            "low": "0.29105",
            "close": "0.29"
        },
        {
            "time": "02.11.2020 19:24",
            "open": "0.29",
            "high": "0.29",
            "low": "0.289763",
            "close": "0.290503"
        },
        {
            "time": "02.11.2020 19:26",
            "open": "0.290503",
            "high": "0.290503",
            "low": "0.290503",
            "close": "0.290855"
        },
        {
            "time": "02.11.2020 19:27",
            "open": "0.290855",
            "high": "0.290965",
            "low": "0.290855",
            "close": "0.290316"
        },
        {
            "time": "02.11.2020 19:28",
            "open": "0.290316",
            "high": "0.291185",
            "low": "0.290316",
            "close": "0.290091"
        },
        {
            "time": "02.11.2020 19:38",
            "open": "0.290091",
            "high": "0.290091",
            "low": "0.290091",
            "close": "0.29"
        },
        {
            "time": "02.11.2020 19:39",
            "open": "0.29",
            "high": "0.29",
            "low": "0.29",
            "close": "0.289452"
        },
        {
            "time": "02.11.2020 19:41",
            "open": "0.289452",
            "high": "0.290036",
            "low": "0.289452",
            "close": "0.289512"
        },
        {
            "time": "02.11.2020 19:43",
            "open": "0.289512",
            "high": "0.289512",
            "low": "0.289511",
            "close": "0.2896"
        },
        {
            "time": "02.11.2020 19:44",
            "open": "0.2896",
            "high": "0.2896",
            "low": "0.2896",
            "close": "0.28992"
        },
        {
            "time": "02.11.2020 19:45",
            "open": "0.28992",
            "high": "0.28992",
            "low": "0.28992",
            "close": "0.289278"
        },
        {
            "time": "02.11.2020 20:00",
            "open": "0.289278",
            "high": "0.289883",
            "low": "0.289278",
            "close": "0.289929"
        },
        {
            "time": "02.11.2020 20:01",
            "open": "0.289929",
            "high": "0.289929",
            "low": "0.289443",
            "close": "0.289983"
        },
        {
            "time": "02.11.2020 20:08",
            "open": "0.289983",
            "high": "0.289983",
            "low": "0.289983",
            "close": "0.289983"
        },
        {
            "time": "02.11.2020 20:15",
            "open": "0.289983",
            "high": "0.289983",
            "low": "0.289591",
            "close": "0.289517"
        },
        {
            "time": "02.11.2020 20:17",
            "open": "0.289517",
            "high": "0.289517",
            "low": "0.289517",
            "close": "0.289795"
        },
        {
            "time": "02.11.2020 20:23",
            "open": "0.289795",
            "high": "0.289795",
            "low": "0.289795",
            "close": "0.289437"
        },
        {
            "time": "02.11.2020 20:25",
            "open": "0.289437",
            "high": "0.289437",
            "low": "0.289437",
            "close": "0.289"
        },
        {
            "time": "02.11.2020 20:31",
            "open": "0.289",
            "high": "0.289",
            "low": "0.289",
            "close": "0.289212"
        },
        {
            "time": "02.11.2020 20:38",
            "open": "0.289212",
            "high": "0.289212",
            "low": "0.289212",
            "close": "0.288437"
        },
        {
            "time": "02.11.2020 20:49",
            "open": "0.288437",
            "high": "0.288437",
            "low": "0.288437",
            "close": "0.288787"
        },
        {
            "time": "02.11.2020 20:54",
            "open": "0.288787",
            "high": "0.288788",
            "low": "0.288787",
            "close": "0.288805"
        },
        {
            "time": "02.11.2020 20:55",
            "open": "0.288805",
            "high": "0.288944",
            "low": "0.288797",
            "close": "0.288848"
        },
        {
            "time": "02.11.2020 20:56",
            "open": "0.288848",
            "high": "0.288904",
            "low": "0.288846",
            "close": "0.288977"
        },
        {
            "time": "02.11.2020 20:57",
            "open": "0.288977",
            "high": "0.289046",
            "low": "0.288977",
            "close": "0.288967"
        },
        {
            "time": "02.11.2020 20:58",
            "open": "0.288967",
            "high": "0.289083",
            "low": "0.288936",
            "close": "0.289272"
        },
        {
            "time": "02.11.2020 21:01",
            "open": "0.289272",
            "high": "0.289272",
            "low": "0.289272",
            "close": "0.288776"
        },
        {
            "time": "02.11.2020 21:04",
            "open": "0.288776",
            "high": "0.288776",
            "low": "0.288776",
            "close": "0.288784"
        },
        {
            "time": "02.11.2020 21:06",
            "open": "0.288784",
            "high": "0.288784",
            "low": "0.288784",
            "close": "0.288912"
        },
        {
            "time": "02.11.2020 21:17",
            "open": "0.288912",
            "high": "0.288912",
            "low": "0.288912",
            "close": "0.289321"
        },
        {
            "time": "02.11.2020 21:19",
            "open": "0.289321",
            "high": "0.289321",
            "low": "0.28932",
            "close": "0.289792"
        },
        {
            "time": "02.11.2020 21:27",
            "open": "0.289792",
            "high": "0.289792",
            "low": "0.289765",
            "close": "0.290011"
        },
        {
            "time": "02.11.2020 21:31",
            "open": "0.290011",
            "high": "0.290011",
            "low": "0.290011",
            "close": "0.290151"
        },
        {
            "time": "02.11.2020 21:34",
            "open": "0.290151",
            "high": "0.2902",
            "low": "0.289678",
            "close": "0.289496"
        },
        {
            "time": "02.11.2020 21:39",
            "open": "0.289496",
            "high": "0.289496",
            "low": "0.289496",
            "close": "0.289356"
        },
        {
            "time": "02.11.2020 21:41",
            "open": "0.289356",
            "high": "0.289356",
            "low": "0.289356",
            "close": "0.289846"
        },
        {
            "time": "02.11.2020 21:55",
            "open": "0.289846",
            "high": "0.290198",
            "low": "0.289647",
            "close": "0.289797"
        },
        {
            "time": "02.11.2020 22:12",
            "open": "0.289797",
            "high": "0.289797",
            "low": "0.289268",
            "close": "0.289109"
        },
        {
            "time": "02.11.2020 22:36",
            "open": "0.289109",
            "high": "0.289109",
            "low": "0.289109",
            "close": "0.289649"
        },
        {
            "time": "02.11.2020 22:37",
            "open": "0.289649",
            "high": "0.289649",
            "low": "0.289649",
            "close": "0.289218"
        },
        {
            "time": "02.11.2020 22:39",
            "open": "0.289218",
            "high": "0.289218",
            "low": "0.289218",
            "close": "0.289635"
        },
        {
            "time": "02.11.2020 22:40",
            "open": "0.289635",
            "high": "0.289635",
            "low": "0.289635",
            "close": "0.288766"
        },
        {
            "time": "02.11.2020 22:53",
            "open": "0.288766",
            "high": "0.288767",
            "low": "0.288697",
            "close": "0.288776"
        },
        {
            "time": "02.11.2020 22:54",
            "open": "0.288776",
            "high": "0.288827",
            "low": "0.28872",
            "close": "0.28879"
        },
        {
            "time": "02.11.2020 22:55",
            "open": "0.28879",
            "high": "0.288827",
            "low": "0.288555",
            "close": "0.28851"
        },
        {
            "time": "02.11.2020 22:56",
            "open": "0.28851",
            "high": "0.28859",
            "low": "0.28851",
            "close": "0.28855"
        },
        {
            "time": "02.11.2020 22:57",
            "open": "0.28855",
            "high": "0.28874",
            "low": "0.28855",
            "close": "0.288609"
        },
        {
            "time": "02.11.2020 22:59",
            "open": "0.288609",
            "high": "0.28861",
            "low": "0.288609",
            "close": "0.28861"
        },
        {
            "time": "02.11.2020 23:00",
            "open": "0.28861",
            "high": "0.28861",
            "low": "0.28861",
            "close": "0.288196"
        },
        {
            "time": "02.11.2020 23:01",
            "open": "0.288196",
            "high": "0.288196",
            "low": "0.288196",
            "close": "0.288579"
        },
        {
            "time": "02.11.2020 23:05",
            "open": "0.288579",
            "high": "0.288579",
            "low": "0.288579",
            "close": "0.288519"
        },
        {
            "time": "02.11.2020 23:09",
            "open": "0.288519",
            "high": "0.288519",
            "low": "0.288519",
            "close": "0.288519"
        },
        {
            "time": "02.11.2020 23:11",
            "open": "0.288519",
            "high": "0.28852",
            "low": "0.288519",
            "close": "0.288"
        },
        {
            "time": "02.11.2020 23:15",
            "open": "0.288",
            "high": "0.288",
            "low": "0.288",
            "close": "0.287679"
        },
        {
            "time": "02.11.2020 23:25",
            "open": "0.287679",
            "high": "0.28768",
            "low": "0.287679",
            "close": "0.287814"
        },
        {
            "time": "02.11.2020 23:34",
            "open": "0.287814",
            "high": "0.287814",
            "low": "0.287814",
            "close": "0.287"
        },
        {
            "time": "02.11.2020 23:38",
            "open": "0.287",
            "high": "0.287",
            "low": "0.286858",
            "close": "0.286746"
        },
        {
            "time": "02.11.2020 23:41",
            "open": "0.286746",
            "high": "0.286746",
            "low": "0.286696",
            "close": "0.286085"
        },
        {
            "time": "02.11.2020 23:44",
            "open": "0.286085",
            "high": "0.286085",
            "low": "0.286",
            "close": "0.28563"
        },
        {
            "time": "02.11.2020 23:45",
            "open": "0.28563",
            "high": "0.28563",
            "low": "0.285",
            "close": "0.2845"
        },
        {
            "time": "02.11.2020 23:50",
            "open": "0.2845",
            "high": "0.284512",
            "low": "0.284",
            "close": "0.28383"
        },
        {
            "time": "02.11.2020 23:51",
            "open": "0.28383",
            "high": "0.283831",
            "low": "0.28383",
            "close": "0.28481"
        }
    ]
}