{
    "ZRX-EUR": [
        {
            "time": "10.12.2020 23:59",
            "open": "0.306383",
            "high": "0.306383",
            "low": "0.306001",
            "close": "0.306505"
        },
        {
            "time": "11.12.2020 00:00",
            "open": "0.306505",
            "high": "0.306505",
            "low": "0.306505",
            "close": "0.306001"
        },
        {
            "time": "11.12.2020 00:03",
            "open": "0.306001",
            "high": "0.306001",
            "low": "0.306001",
            "close": "0.306001"
        },
        {
            "time": "11.12.2020 00:15",
            "open": "0.306001",
            "high": "0.306001",
            "low": "0.306001",
            "close": "0.306002"
        },
        {
            "time": "11.12.2020 00:17",
            "open": "0.306002",
            "high": "0.306002",
            "low": "0.306002",
            "close": "0.306001"
        },
        {
            "time": "11.12.2020 00:23",
            "open": "0.306001",
            "high": "0.306001",
            "low": "0.306001",
            "close": "0.306001"
        },
        {
            "time": "11.12.2020 00:30",
            "open": "0.306001",
            "high": "0.306001",
            "low": "0.306001",
            "close": "0.306001"
        },
        {
            "time": "11.12.2020 00:31",
            "open": "0.306001",
            "high": "0.306001",
            "low": "0.306001",
            "close": "0.305"
        },
        {
            "time": "11.12.2020 00:35",
            "open": "0.305",
            "high": "0.305",
            "low": "0.305",
            "close": "0.305256"
        },
        {
            "time": "11.12.2020 00:41",
            "open": "0.305256",
            "high": "0.305256",
            "low": "0.305256",
            "close": "0.306349"
        },
        {
            "time": "11.12.2020 00:45",
            "open": "0.306349",
            "high": "0.306349",
            "low": "0.306349",
            "close": "0.306351"
        },
        {
            "time": "11.12.2020 00:47",
            "open": "0.306351",
            "high": "0.306351",
            "low": "0.306351",
            "close": "0.305944"
        },
        {
            "time": "11.12.2020 00:57",
            "open": "0.305944",
            "high": "0.305944",
            "low": "0.305944",
            "close": "0.304064"
        },
        {
            "time": "11.12.2020 00:59",
            "open": "0.304064",
            "high": "0.304064",
            "low": "0.304064",
            "close": "0.305351"
        },
        {
            "time": "11.12.2020 01:00",
            "open": "0.305351",
            "high": "0.305351",
            "low": "0.305351",
            "close": "0.304"
        },
        {
            "time": "11.12.2020 01:07",
            "open": "0.304",
            "high": "0.304",
            "low": "0.303392",
            "close": "0.302798"
        },
        {
            "time": "11.12.2020 01:10",
            "open": "0.302798",
            "high": "0.302798",
            "low": "0.302798",
            "close": "0.3028"
        },
        {
            "time": "11.12.2020 01:13",
            "open": "0.3028",
            "high": "0.3028",
            "low": "0.3028",
            "close": "0.302"
        },
        {
            "time": "11.12.2020 01:18",
            "open": "0.302",
            "high": "0.302",
            "low": "0.301858",
            "close": "0.301858"
        },
        {
            "time": "11.12.2020 01:28",
            "open": "0.301858",
            "high": "0.301858",
            "low": "0.301162",
            "close": "0.301162"
        },
        {
            "time": "11.12.2020 01:29",
            "open": "0.301162",
            "high": "0.301162",
            "low": "0.3",
            "close": "0.302195"
        },
        {
            "time": "11.12.2020 01:32",
            "open": "0.302195",
            "high": "0.302195",
            "low": "0.302195",
            "close": "0.301004"
        },
        {
            "time": "11.12.2020 01:33",
            "open": "0.301004",
            "high": "0.301004",
            "low": "0.301004",
            "close": "0.301347"
        },
        {
            "time": "11.12.2020 01:37",
            "open": "0.301347",
            "high": "0.301347",
            "low": "0.301347",
            "close": "0.301148"
        },
        {
            "time": "11.12.2020 01:38",
            "open": "0.301148",
            "high": "0.301148",
            "low": "0.301148",
            "close": "0.3012"
        },
        {
            "time": "11.12.2020 01:43",
            "open": "0.3012",
            "high": "0.3012",
            "low": "0.3012",
            "close": "0.300002"
        },
        {
            "time": "11.12.2020 01:47",
            "open": "0.300002",
            "high": "0.300002",
            "low": "0.3",
            "close": "0.300235"
        },
        {
            "time": "11.12.2020 01:48",
            "open": "0.300235",
            "high": "0.300235",
            "low": "0.3",
            "close": "0.3"
        },
        {
            "time": "11.12.2020 01:49",
            "open": "0.3",
            "high": "0.3",
            "low": "0.3",
            "close": "0.3"
        },
        {
            "time": "11.12.2020 01:51",
            "open": "0.3",
            "high": "0.3",
            "low": "0.3",
            "close": "0.299219"
        },
        {
            "time": "11.12.2020 01:52",
            "open": "0.299219",
            "high": "0.299219",
            "low": "0.29785",
            "close": "0.300382"
        },
        {
            "time": "11.12.2020 02:00",
            "open": "0.300382",
            "high": "0.300382",
            "low": "0.300146",
            "close": "0.298"
        },
        {
            "time": "11.12.2020 02:23",
            "open": "0.298",
            "high": "0.298",
            "low": "0.297753",
            "close": "0.298559"
        },
        {
            "time": "11.12.2020 02:25",
            "open": "0.298559",
            "high": "0.298559",
            "low": "0.298559",
            "close": "0.298533"
        },
        {
            "time": "11.12.2020 02:35",
            "open": "0.298533",
            "high": "0.298533",
            "low": "0.298533",
            "close": "0.298098"
        },
        {
            "time": "11.12.2020 02:36",
            "open": "0.298098",
            "high": "0.298098",
            "low": "0.298098",
            "close": "0.298734"
        },
        {
            "time": "11.12.2020 02:40",
            "open": "0.298734",
            "high": "0.298734",
            "low": "0.298734",
            "close": "0.29843"
        },
        {
            "time": "11.12.2020 02:46",
            "open": "0.29843",
            "high": "0.29843",
            "low": "0.29843",
            "close": "0.297003"
        },
        {
            "time": "11.12.2020 02:48",
            "open": "0.297003",
            "high": "0.297003",
            "low": "0.297003",
            "close": "0.297"
        },
        {
            "time": "11.12.2020 02:52",
            "open": "0.297",
            "high": "0.297",
            "low": "0.297",
            "close": "0.298221"
        },
        {
            "time": "11.12.2020 02:55",
            "open": "0.298221",
            "high": "0.298221",
            "low": "0.298221",
            "close": "0.299102"
        },
        {
            "time": "11.12.2020 03:01",
            "open": "0.299102",
            "high": "0.299102",
            "low": "0.299102",
            "close": "0.298614"
        },
        {
            "time": "11.12.2020 03:04",
            "open": "0.298614",
            "high": "0.298614",
            "low": "0.298614",
            "close": "0.29659"
        },
        {
            "time": "11.12.2020 03:16",
            "open": "0.29659",
            "high": "0.29659",
            "low": "0.296557",
            "close": "0.298791"
        },
        {
            "time": "11.12.2020 03:30",
            "open": "0.298791",
            "high": "0.298791",
            "low": "0.298791",
            "close": "0.297064"
        },
        {
            "time": "11.12.2020 03:45",
            "open": "0.297064",
            "high": "0.297064",
            "low": "0.297064",
            "close": "0.296944"
        },
        {
            "time": "11.12.2020 03:58",
            "open": "0.296944",
            "high": "0.296944",
            "low": "0.296944",
            "close": "0.296944"
        },
        {
            "time": "11.12.2020 04:06",
            "open": "0.296944",
            "high": "0.296944",
            "low": "0.296944",
            "close": "0.297195"
        },
        {
            "time": "11.12.2020 04:11",
            "open": "0.297195",
            "high": "0.297195",
            "low": "0.29587",
            "close": "0.29587"
        },
        {
            "time": "11.12.2020 04:12",
            "open": "0.29587",
            "high": "0.29587",
            "low": "0.294973",
            "close": "0.29677"
        },
        {
            "time": "11.12.2020 05:19",
            "open": "0.29677",
            "high": "0.29677",
            "low": "0.29677",
            "close": "0.296607"
        },
        {
            "time": "11.12.2020 05:24",
            "open": "0.296607",
            "high": "0.296607",
            "low": "0.296607",
            "close": "0.296788"
        },
        {
            "time": "11.12.2020 05:29",
            "open": "0.296788",
            "high": "0.296788",
            "low": "0.296673",
            "close": "0.296563"
        },
        {
            "time": "11.12.2020 05:33",
            "open": "0.296563",
            "high": "0.296563",
            "low": "0.296563",
            "close": "0.296563"
        },
        {
            "time": "11.12.2020 05:45",
            "open": "0.296563",
            "high": "0.296563",
            "low": "0.296563",
            "close": "0.29572"
        },
        {
            "time": "11.12.2020 05:46",
            "open": "0.29572",
            "high": "0.29572",
            "low": "0.29572",
            "close": "0.295767"
        },
        {
            "time": "11.12.2020 05:48",
            "open": "0.295767",
            "high": "0.295767",
            "low": "0.295767",
            "close": "0.296776"
        },
        {
            "time": "11.12.2020 05:50",
            "open": "0.296776",
            "high": "0.301066",
            "low": "0.295876",
            "close": "0.297221"
        },
        {
            "time": "11.12.2020 05:58",
            "open": "0.297221",
            "high": "0.297221",
            "low": "0.297219",
            "close": "0.297268"
        },
        {
            "time": "11.12.2020 06:00",
            "open": "0.297268",
            "high": "0.297625",
            "low": "0.297264",
            "close": "0.297624"
        },
        {
            "time": "11.12.2020 06:02",
            "open": "0.297624",
            "high": "0.297624",
            "low": "0.297624",
            "close": "0.297624"
        },
        {
            "time": "11.12.2020 06:03",
            "open": "0.297624",
            "high": "0.297624",
            "low": "0.297624",
            "close": "0.296518"
        },
        {
            "time": "11.12.2020 06:12",
            "open": "0.296518",
            "high": "0.296518",
            "low": "0.296518",
            "close": "0.295594"
        },
        {
            "time": "11.12.2020 06:16",
            "open": "0.295594",
            "high": "0.295594",
            "low": "0.295594",
            "close": "0.296291"
        },
        {
            "time": "11.12.2020 06:20",
            "open": "0.296291",
            "high": "0.296291",
            "low": "0.296291",
            "close": "0.295838"
        },
        {
            "time": "11.12.2020 06:23",
            "open": "0.295838",
            "high": "0.295838",
            "low": "0.295838",
            "close": "0.295838"
        },
        {
            "time": "11.12.2020 06:31",
            "open": "0.295838",
            "high": "0.295838",
            "low": "0.295838",
            "close": "0.296369"
        },
        {
            "time": "11.12.2020 06:35",
            "open": "0.296369",
            "high": "0.296371",
            "low": "0.296369",
            "close": "0.296518"
        },
        {
            "time": "11.12.2020 06:36",
            "open": "0.296518",
            "high": "0.296518",
            "low": "0.296518",
            "close": "0.296369"
        },
        {
            "time": "11.12.2020 06:40",
            "open": "0.296369",
            "high": "0.296369",
            "low": "0.296369",
            "close": "0.296754"
        },
        {
            "time": "11.12.2020 06:42",
            "open": "0.296754",
            "high": "0.296754",
            "low": "0.296754",
            "close": "0.297051"
        },
        {
            "time": "11.12.2020 06:43",
            "open": "0.297051",
            "high": "0.297051",
            "low": "0.297051",
            "close": "0.296"
        },
        {
            "time": "11.12.2020 06:44",
            "open": "0.296",
            "high": "0.296",
            "low": "0.296",
            "close": "0.296"
        },
        {
            "time": "11.12.2020 06:46",
            "open": "0.296",
            "high": "0.296",
            "low": "0.296",
            "close": "0.296275"
        },
        {
            "time": "11.12.2020 06:58",
            "open": "0.296275",
            "high": "0.296277",
            "low": "0.296275",
            "close": "0.296003"
        },
        {
            "time": "11.12.2020 07:00",
            "open": "0.296003",
            "high": "0.296003",
            "low": "0.296",
            "close": "0.296334"
        },
        {
            "time": "11.12.2020 07:02",
            "open": "0.296334",
            "high": "0.296334",
            "low": "0.296334",
            "close": "0.296"
        },
        {
            "time": "11.12.2020 07:12",
            "open": "0.296",
            "high": "0.296",
            "low": "0.296",
            "close": "0.296039"
        },
        {
            "time": "11.12.2020 07:14",
            "open": "0.296039",
            "high": "0.296039",
            "low": "0.296",
            "close": "0.295694"
        },
        {
            "time": "11.12.2020 07:15",
            "open": "0.295694",
            "high": "0.295694",
            "low": "0.295694",
            "close": "0.295"
        },
        {
            "time": "11.12.2020 07:17",
            "open": "0.295",
            "high": "0.295",
            "low": "0.295",
            "close": "0.295"
        },
        {
            "time": "11.12.2020 07:19",
            "open": "0.295",
            "high": "0.295",
            "low": "0.294673",
            "close": "0.29486"
        },
        {
            "time": "11.12.2020 07:26",
            "open": "0.29486",
            "high": "0.29486",
            "low": "0.29486",
            "close": "0.294432"
        },
        {
            "time": "11.12.2020 07:30",
            "open": "0.294432",
            "high": "0.294432",
            "low": "0.294432",
            "close": "0.294"
        },
        {
            "time": "11.12.2020 07:31",
            "open": "0.294",
            "high": "0.294",
            "low": "0.294",
            "close": "0.294238"
        },
        {
            "time": "11.12.2020 07:39",
            "open": "0.294238",
            "high": "0.294238",
            "low": "0.294238",
            "close": "0.294823"
        },
        {
            "time": "11.12.2020 07:40",
            "open": "0.294823",
            "high": "0.294823",
            "low": "0.294823",
            "close": "0.296439"
        },
        {
            "time": "11.12.2020 07:44",
            "open": "0.296439",
            "high": "0.296439",
            "low": "0.296439",
            "close": "0.296358"
        },
        {
            "time": "11.12.2020 07:46",
            "open": "0.296358",
            "high": "0.296358",
            "low": "0.296358",
            "close": "0.296409"
        },
        {
            "time": "11.12.2020 07:47",
            "open": "0.296409",
            "high": "0.296409",
            "low": "0.29516",
            "close": "0.29516"
        },
        {
            "time": "11.12.2020 07:48",
            "open": "0.29516",
            "high": "0.29516",
            "low": "0.295158",
            "close": "0.295702"
        },
        {
            "time": "11.12.2020 07:59",
            "open": "0.295702",
            "high": "0.295702",
            "low": "0.295702",
            "close": "0.295702"
        },
        {
            "time": "11.12.2020 08:00",
            "open": "0.295702",
            "high": "0.295702",
            "low": "0.295702",
            "close": "0.295"
        },
        {
            "time": "11.12.2020 08:03",
            "open": "0.295",
            "high": "0.295",
            "low": "0.295",
            "close": "0.294294"
        },
        {
            "time": "11.12.2020 08:05",
            "open": "0.294294",
            "high": "0.294294",
            "low": "0.294294",
            "close": "0.294457"
        },
        {
            "time": "11.12.2020 08:09",
            "open": "0.294457",
            "high": "0.294457",
            "low": "0.294457",
            "close": "0.294294"
        },
        {
            "time": "11.12.2020 08:10",
            "open": "0.294294",
            "high": "0.294294",
            "low": "0.294294",
            "close": "0.294294"
        },
        {
            "time": "11.12.2020 08:11",
            "open": "0.294294",
            "high": "0.294294",
            "low": "0.294294",
            "close": "0.294294"
        },
        {
            "time": "11.12.2020 08:16",
            "open": "0.294294",
            "high": "0.294541",
            "low": "0.294001",
            "close": "0.294"
        },
        {
            "time": "11.12.2020 08:18",
            "open": "0.294",
            "high": "0.294",
            "low": "0.29386",
            "close": "0.29311"
        },
        {
            "time": "11.12.2020 08:26",
            "open": "0.29311",
            "high": "0.29311",
            "low": "0.29311",
            "close": "0.29311"
        },
        {
            "time": "11.12.2020 08:27",
            "open": "0.29311",
            "high": "0.29311",
            "low": "0.291898",
            "close": "0.29194"
        },
        {
            "time": "11.12.2020 08:29",
            "open": "0.29194",
            "high": "0.29194",
            "low": "0.291937",
            "close": "0.292583"
        },
        {
            "time": "11.12.2020 08:31",
            "open": "0.292583",
            "high": "0.292583",
            "low": "0.292583",
            "close": "0.292631"
        },
        {
            "time": "11.12.2020 08:32",
            "open": "0.292631",
            "high": "0.292631",
            "low": "0.292631",
            "close": "0.291915"
        },
        {
            "time": "11.12.2020 08:35",
            "open": "0.291915",
            "high": "0.291915",
            "low": "0.29114",
            "close": "0.291141"
        },
        {
            "time": "11.12.2020 08:36",
            "open": "0.291141",
            "high": "0.291141",
            "low": "0.290754",
            "close": "0.291"
        },
        {
            "time": "11.12.2020 08:39",
            "open": "0.291",
            "high": "0.291",
            "low": "0.291",
            "close": "0.29104"
        },
        {
            "time": "11.12.2020 08:40",
            "open": "0.29104",
            "high": "0.29104",
            "low": "0.29104",
            "close": "0.290728"
        },
        {
            "time": "11.12.2020 08:41",
            "open": "0.290728",
            "high": "0.290728",
            "low": "0.29035",
            "close": "0.291042"
        },
        {
            "time": "11.12.2020 08:43",
            "open": "0.291042",
            "high": "0.291043",
            "low": "0.291042",
            "close": "0.29001"
        },
        {
            "time": "11.12.2020 08:46",
            "open": "0.29001",
            "high": "0.29001",
            "low": "0.29",
            "close": "0.291462"
        },
        {
            "time": "11.12.2020 08:47",
            "open": "0.291462",
            "high": "0.291462",
            "low": "0.291462",
            "close": "0.291461"
        },
        {
            "time": "11.12.2020 08:50",
            "open": "0.291461",
            "high": "0.291461",
            "low": "0.291461",
            "close": "0.291462"
        },
        {
            "time": "11.12.2020 08:51",
            "open": "0.291462",
            "high": "0.291462",
            "low": "0.291462",
            "close": "0.291462"
        },
        {
            "time": "11.12.2020 08:52",
            "open": "0.291462",
            "high": "0.291778",
            "low": "0.291462",
            "close": "0.293416"
        },
        {
            "time": "11.12.2020 08:56",
            "open": "0.293416",
            "high": "0.293416",
            "low": "0.293416",
            "close": "0.293624"
        },
        {
            "time": "11.12.2020 08:57",
            "open": "0.293624",
            "high": "0.293624",
            "low": "0.293624",
            "close": "0.293624"
        },
        {
            "time": "11.12.2020 08:58",
            "open": "0.293624",
            "high": "0.294091",
            "low": "0.292789",
            "close": "0.295782"
        },
        {
            "time": "11.12.2020 09:01",
            "open": "0.295782",
            "high": "0.295783",
            "low": "0.294502",
            "close": "0.295803"
        },
        {
            "time": "11.12.2020 09:03",
            "open": "0.295803",
            "high": "0.295803",
            "low": "0.295803",
            "close": "0.294502"
        },
        {
            "time": "11.12.2020 09:05",
            "open": "0.294502",
            "high": "0.295146",
            "low": "0.294502",
            "close": "0.295576"
        },
        {
            "time": "11.12.2020 09:10",
            "open": "0.295576",
            "high": "0.296697",
            "low": "0.295576",
            "close": "0.295781"
        },
        {
            "time": "11.12.2020 09:13",
            "open": "0.295781",
            "high": "0.295841",
            "low": "0.294225",
            "close": "0.294239"
        },
        {
            "time": "11.12.2020 09:15",
            "open": "0.294239",
            "high": "0.294239",
            "low": "0.294239",
            "close": "0.294707"
        },
        {
            "time": "11.12.2020 09:23",
            "open": "0.294707",
            "high": "0.295758",
            "low": "0.294707",
            "close": "0.295877"
        },
        {
            "time": "11.12.2020 09:24",
            "open": "0.295877",
            "high": "0.295879",
            "low": "0.295877",
            "close": "0.295429"
        },
        {
            "time": "11.12.2020 09:27",
            "open": "0.295429",
            "high": "0.295429",
            "low": "0.294667",
            "close": "0.293524"
        },
        {
            "time": "11.12.2020 09:35",
            "open": "0.293524",
            "high": "0.293524",
            "low": "0.293524",
            "close": "0.293647"
        },
        {
            "time": "11.12.2020 09:36",
            "open": "0.293647",
            "high": "0.293647",
            "low": "0.293647",
            "close": "0.29369"
        },
        {
            "time": "11.12.2020 09:37",
            "open": "0.29369",
            "high": "0.29719",
            "low": "0.29369",
            "close": "0.293695"
        },
        {
            "time": "11.12.2020 09:39",
            "open": "0.293695",
            "high": "0.293695",
            "low": "0.293692",
            "close": "0.292632"
        },
        {
            "time": "11.12.2020 09:43",
            "open": "0.292632",
            "high": "0.292632",
            "low": "0.292632",
            "close": "0.293136"
        },
        {
            "time": "11.12.2020 09:45",
            "open": "0.293136",
            "high": "0.293136",
            "low": "0.293136",
            "close": "0.292282"
        },
        {
            "time": "11.12.2020 09:49",
            "open": "0.292282",
            "high": "0.292282",
            "low": "0.292282",
            "close": "0.292282"
        },
        {
            "time": "11.12.2020 09:56",
            "open": "0.292282",
            "high": "0.292282",
            "low": "0.292282",
            "close": "0.292563"
        },
        {
            "time": "11.12.2020 10:02",
            "open": "0.292563",
            "high": "0.292563",
            "low": "0.292563",
            "close": "0.291636"
        },
        {
            "time": "11.12.2020 10:03",
            "open": "0.291636",
            "high": "0.291636",
            "low": "0.291636",
            "close": "0.292422"
        },
        {
            "time": "11.12.2020 10:04",
            "open": "0.292422",
            "high": "0.292422",
            "low": "0.292421",
            "close": "0.292"
        },
        {
            "time": "11.12.2020 10:05",
            "open": "0.292",
            "high": "0.292",
            "low": "0.292",
            "close": "0.291877"
        },
        {
            "time": "11.12.2020 10:07",
            "open": "0.291877",
            "high": "0.291877",
            "low": "0.291877",
            "close": "0.29124"
        },
        {
            "time": "11.12.2020 10:10",
            "open": "0.29124",
            "high": "0.29124",
            "low": "0.29124",
            "close": "0.290865"
        },
        {
            "time": "11.12.2020 10:11",
            "open": "0.290865",
            "high": "0.290865",
            "low": "0.290865",
            "close": "0.290862"
        },
        {
            "time": "11.12.2020 10:13",
            "open": "0.290862",
            "high": "0.290864",
            "low": "0.290862",
            "close": "0.290005"
        },
        {
            "time": "11.12.2020 10:14",
            "open": "0.290005",
            "high": "0.290238",
            "low": "0.289377",
            "close": "0.290228"
        },
        {
            "time": "11.12.2020 10:15",
            "open": "0.290228",
            "high": "0.290228",
            "low": "0.290228",
            "close": "0.290481"
        },
        {
            "time": "11.12.2020 10:16",
            "open": "0.290481",
            "high": "0.290481",
            "low": "0.290481",
            "close": "0.289877"
        },
        {
            "time": "11.12.2020 10:17",
            "open": "0.289877",
            "high": "0.289877",
            "low": "0.289877",
            "close": "0.289097"
        },
        {
            "time": "11.12.2020 10:18",
            "open": "0.289097",
            "high": "0.289097",
            "low": "0.289097",
            "close": "0.29013"
        },
        {
            "time": "11.12.2020 10:21",
            "open": "0.29013",
            "high": "0.29013",
            "low": "0.29013",
            "close": "0.290035"
        },
        {
            "time": "11.12.2020 10:23",
            "open": "0.290035",
            "high": "0.290085",
            "low": "0.289403",
            "close": "0.289497"
        },
        {
            "time": "11.12.2020 10:24",
            "open": "0.289497",
            "high": "0.289497",
            "low": "0.289497",
            "close": "0.29051"
        },
        {
            "time": "11.12.2020 10:25",
            "open": "0.29051",
            "high": "0.290929",
            "low": "0.290506",
            "close": "0.289792"
        },
        {
            "time": "11.12.2020 10:27",
            "open": "0.289792",
            "high": "0.289792",
            "low": "0.289792",
            "close": "0.289791"
        },
        {
            "time": "11.12.2020 10:28",
            "open": "0.289791",
            "high": "0.289791",
            "low": "0.289789",
            "close": "0.290122"
        },
        {
            "time": "11.12.2020 10:33",
            "open": "0.290122",
            "high": "0.290122",
            "low": "0.290121",
            "close": "0.291169"
        },
        {
            "time": "11.12.2020 10:35",
            "open": "0.291169",
            "high": "0.291169",
            "low": "0.291169",
            "close": "0.290317"
        },
        {
            "time": "11.12.2020 10:37",
            "open": "0.290317",
            "high": "0.290318",
            "low": "0.290317",
            "close": "0.290318"
        },
        {
            "time": "11.12.2020 10:38",
            "open": "0.290318",
            "high": "0.290318",
            "low": "0.290318",
            "close": "0.289333"
        },
        {
            "time": "11.12.2020 10:40",
            "open": "0.289333",
            "high": "0.289333",
            "low": "0.289333",
            "close": "0.289333"
        },
        {
            "time": "11.12.2020 10:41",
            "open": "0.289333",
            "high": "0.289333",
            "low": "0.289005",
            "close": "0.289524"
        },
        {
            "time": "11.12.2020 10:42",
            "open": "0.289524",
            "high": "0.290232",
            "low": "0.289524",
            "close": "0.29102"
        },
        {
            "time": "11.12.2020 10:44",
            "open": "0.29102",
            "high": "0.29102",
            "low": "0.29102",
            "close": "0.29203"
        },
        {
            "time": "11.12.2020 10:45",
            "open": "0.29203",
            "high": "0.29203",
            "low": "0.29203",
            "close": "0.290682"
        },
        {
            "time": "11.12.2020 10:47",
            "open": "0.290682",
            "high": "0.290682",
            "low": "0.290682",
            "close": "0.290603"
        },
        {
            "time": "11.12.2020 10:50",
            "open": "0.290603",
            "high": "0.290603",
            "low": "0.290603",
            "close": "0.291117"
        },
        {
            "time": "11.12.2020 10:54",
            "open": "0.291117",
            "high": "0.291193",
            "low": "0.291115",
            "close": "0.291062"
        },
        {
            "time": "11.12.2020 10:55",
            "open": "0.291062",
            "high": "0.291062",
            "low": "0.291062",
            "close": "0.290001"
        },
        {
            "time": "11.12.2020 10:56",
            "open": "0.290001",
            "high": "0.290001",
            "low": "0.290001",
            "close": "0.291571"
        },
        {
            "time": "11.12.2020 10:59",
            "open": "0.291571",
            "high": "0.291571",
            "low": "0.290542",
            "close": "0.290729"
        },
        {
            "time": "11.12.2020 11:00",
            "open": "0.290729",
            "high": "0.292158",
            "low": "0.290729",
            "close": "0.290896"
        },
        {
            "time": "11.12.2020 11:01",
            "open": "0.290896",
            "high": "0.292148",
            "low": "0.290896",
            "close": "0.290956"
        },
        {
            "time": "11.12.2020 11:02",
            "open": "0.290956",
            "high": "0.292078",
            "low": "0.290956",
            "close": "0.292026"
        },
        {
            "time": "11.12.2020 11:03",
            "open": "0.292026",
            "high": "0.292026",
            "low": "0.291084",
            "close": "0.292562"
        },
        {
            "time": "11.12.2020 11:04",
            "open": "0.292562",
            "high": "0.292562",
            "low": "0.2914",
            "close": "0.2925"
        },
        {
            "time": "11.12.2020 11:05",
            "open": "0.2925",
            "high": "0.2925",
            "low": "0.292069",
            "close": "0.291"
        },
        {
            "time": "11.12.2020 11:07",
            "open": "0.291",
            "high": "0.291",
            "low": "0.290284",
            "close": "0.291358"
        },
        {
            "time": "11.12.2020 11:08",
            "open": "0.291358",
            "high": "0.291359",
            "low": "0.291358",
            "close": "0.290721"
        },
        {
            "time": "11.12.2020 11:09",
            "open": "0.290721",
            "high": "0.290721",
            "low": "0.290721",
            "close": "0.290489"
        },
        {
            "time": "11.12.2020 11:11",
            "open": "0.290489",
            "high": "0.291402",
            "low": "0.290488",
            "close": "0.29"
        },
        {
            "time": "11.12.2020 11:15",
            "open": "0.29",
            "high": "0.29",
            "low": "0.29",
            "close": "0.290635"
        },
        {
            "time": "11.12.2020 11:16",
            "open": "0.290635",
            "high": "0.290635",
            "low": "0.290635",
            "close": "0.290538"
        },
        {
            "time": "11.12.2020 11:17",
            "open": "0.290538",
            "high": "0.290538",
            "low": "0.290538",
            "close": "0.289972"
        },
        {
            "time": "11.12.2020 11:20",
            "open": "0.289972",
            "high": "0.290001",
            "low": "0.289565",
            "close": "0.289611"
        },
        {
            "time": "11.12.2020 11:21",
            "open": "0.289611",
            "high": "0.289831",
            "low": "0.289611",
            "close": "0.289"
        },
        {
            "time": "11.12.2020 11:22",
            "open": "0.289",
            "high": "0.289284",
            "low": "0.289",
            "close": "0.289918"
        },
        {
            "time": "11.12.2020 11:23",
            "open": "0.289918",
            "high": "0.289918",
            "low": "0.289918",
            "close": "0.290191"
        },
        {
            "time": "11.12.2020 11:25",
            "open": "0.290191",
            "high": "0.290191",
            "low": "0.290191",
            "close": "0.292836"
        },
        {
            "time": "11.12.2020 11:26",
            "open": "0.292836",
            "high": "0.292836",
            "low": "0.292836",
            "close": "0.292343"
        },
        {
            "time": "11.12.2020 11:27",
            "open": "0.292343",
            "high": "0.292343",
            "low": "0.292343",
            "close": "0.293087"
        },
        {
            "time": "11.12.2020 11:30",
            "open": "0.293087",
            "high": "0.293087",
            "low": "0.293087",
            "close": "0.293087"
        },
        {
            "time": "11.12.2020 11:36",
            "open": "0.293087",
            "high": "0.293791",
            "low": "0.293087",
            "close": "0.29234"
        },
        {
            "time": "11.12.2020 11:44",
            "open": "0.29234",
            "high": "0.29234",
            "low": "0.29234",
            "close": "0.292245"
        },
        {
            "time": "11.12.2020 11:47",
            "open": "0.292245",
            "high": "0.292404",
            "low": "0.292245",
            "close": "0.292324"
        },
        {
            "time": "11.12.2020 11:48",
            "open": "0.292324",
            "high": "0.292324",
            "low": "0.292324",
            "close": "0.29155"
        },
        {
            "time": "11.12.2020 11:55",
            "open": "0.29155",
            "high": "0.29155",
            "low": "0.29155",
            "close": "0.291045"
        },
        {
            "time": "11.12.2020 12:00",
            "open": "0.291045",
            "high": "0.291045",
            "low": "0.290139",
            "close": "0.290139"
        },
        {
            "time": "11.12.2020 12:01",
            "open": "0.290139",
            "high": "0.290139",
            "low": "0.290138",
            "close": "0.29"
        },
        {
            "time": "11.12.2020 12:02",
            "open": "0.29",
            "high": "0.29",
            "low": "0.289501",
            "close": "0.289503"
        },
        {
            "time": "11.12.2020 12:03",
            "open": "0.289503",
            "high": "0.289503",
            "low": "0.2895",
            "close": "0.2895"
        },
        {
            "time": "11.12.2020 12:05",
            "open": "0.2895",
            "high": "0.2896",
            "low": "0.2895",
            "close": "0.288794"
        },
        {
            "time": "11.12.2020 12:13",
            "open": "0.288794",
            "high": "0.288794",
            "low": "0.288794",
            "close": "0.288813"
        },
        {
            "time": "11.12.2020 12:14",
            "open": "0.288813",
            "high": "0.288813",
            "low": "0.288813",
            "close": "0.288"
        },
        {
            "time": "11.12.2020 12:25",
            "open": "0.288",
            "high": "0.288919",
            "low": "0.287704",
            "close": "0.28891"
        },
        {
            "time": "11.12.2020 12:30",
            "open": "0.28891",
            "high": "0.28891",
            "low": "0.28891",
            "close": "0.287707"
        },
        {
            "time": "11.12.2020 12:35",
            "open": "0.287707",
            "high": "0.287707",
            "low": "0.287707",
            "close": "0.288401"
        },
        {
            "time": "11.12.2020 12:36",
            "open": "0.288401",
            "high": "0.288401",
            "low": "0.288401",
            "close": "0.289108"
        },
        {
            "time": "11.12.2020 12:43",
            "open": "0.289108",
            "high": "0.289108",
            "low": "0.288785",
            "close": "0.287827"
        },
        {
            "time": "11.12.2020 12:45",
            "open": "0.287827",
            "high": "0.287827",
            "low": "0.287827",
            "close": "0.287654"
        },
        {
            "time": "11.12.2020 12:49",
            "open": "0.287654",
            "high": "0.287897",
            "low": "0.287056",
            "close": "0.287896"
        },
        {
            "time": "11.12.2020 12:52",
            "open": "0.287896",
            "high": "0.288988",
            "low": "0.287896",
            "close": "0.287113"
        },
        {
            "time": "11.12.2020 12:53",
            "open": "0.287113",
            "high": "0.287113",
            "low": "0.287113",
            "close": "0.28891"
        },
        {
            "time": "11.12.2020 12:56",
            "open": "0.28891",
            "high": "0.288983",
            "low": "0.28891",
            "close": "0.288626"
        },
        {
            "time": "11.12.2020 12:58",
            "open": "0.288626",
            "high": "0.288626",
            "low": "0.288463",
            "close": "0.28763"
        },
        {
            "time": "11.12.2020 12:59",
            "open": "0.28763",
            "high": "0.28763",
            "low": "0.28763",
            "close": "0.28813"
        },
        {
            "time": "11.12.2020 13:00",
            "open": "0.28813",
            "high": "0.289349",
            "low": "0.28813",
            "close": "0.291323"
        },
        {
            "time": "11.12.2020 13:01",
            "open": "0.291323",
            "high": "0.291323",
            "low": "0.291322",
            "close": "0.288647"
        },
        {
            "time": "11.12.2020 13:02",
            "open": "0.288647",
            "high": "0.288982",
            "low": "0.288647",
            "close": "0.288777"
        },
        {
            "time": "11.12.2020 13:03",
            "open": "0.288777",
            "high": "0.288777",
            "low": "0.288777",
            "close": "0.289291"
        },
        {
            "time": "11.12.2020 13:05",
            "open": "0.289291",
            "high": "0.289291",
            "low": "0.289289",
            "close": "0.289628"
        },
        {
            "time": "11.12.2020 13:08",
            "open": "0.289628",
            "high": "0.289629",
            "low": "0.289628",
            "close": "0.289406"
        },
        {
            "time": "11.12.2020 13:09",
            "open": "0.289406",
            "high": "0.289406",
            "low": "0.28939",
            "close": "0.2887"
        },
        {
            "time": "11.12.2020 13:10",
            "open": "0.2887",
            "high": "0.2887",
            "low": "0.288625",
            "close": "0.288625"
        },
        {
            "time": "11.12.2020 13:11",
            "open": "0.288625",
            "high": "0.288625",
            "low": "0.288625",
            "close": "0.287849"
        },
        {
            "time": "11.12.2020 13:13",
            "open": "0.287849",
            "high": "0.287849",
            "low": "0.287849",
            "close": "0.288502"
        },
        {
            "time": "11.12.2020 13:15",
            "open": "0.288502",
            "high": "0.288502",
            "low": "0.288435",
            "close": "0.290029"
        },
        {
            "time": "11.12.2020 13:17",
            "open": "0.290029",
            "high": "0.290029",
            "low": "0.290029",
            "close": "0.290106"
        },
        {
            "time": "11.12.2020 13:18",
            "open": "0.290106",
            "high": "0.2923",
            "low": "0.290106",
            "close": "0.290956"
        },
        {
            "time": "11.12.2020 13:19",
            "open": "0.290956",
            "high": "0.290956",
            "low": "0.290956",
            "close": "0.292425"
        },
        {
            "time": "11.12.2020 13:27",
            "open": "0.292425",
            "high": "0.292425",
            "low": "0.290733",
            "close": "0.291844"
        },
        {
            "time": "11.12.2020 13:30",
            "open": "0.291844",
            "high": "0.291844",
            "low": "0.291844",
            "close": "0.290957"
        },
        {
            "time": "11.12.2020 13:32",
            "open": "0.290957",
            "high": "0.290957",
            "low": "0.290957",
            "close": "0.290792"
        },
        {
            "time": "11.12.2020 13:33",
            "open": "0.290792",
            "high": "0.290792",
            "low": "0.290792",
            "close": "0.290245"
        },
        {
            "time": "11.12.2020 13:37",
            "open": "0.290245",
            "high": "0.290245",
            "low": "0.290242",
            "close": "0.290243"
        },
        {
            "time": "11.12.2020 13:38",
            "open": "0.290243",
            "high": "0.290243",
            "low": "0.290243",
            "close": "0.290617"
        },
        {
            "time": "11.12.2020 13:40",
            "open": "0.290617",
            "high": "0.290617",
            "low": "0.290617",
            "close": "0.291497"
        },
        {
            "time": "11.12.2020 13:42",
            "open": "0.291497",
            "high": "0.291657",
            "low": "0.291497",
            "close": "0.292162"
        },
        {
            "time": "11.12.2020 13:46",
            "open": "0.292162",
            "high": "0.292162",
            "low": "0.292162",
            "close": "0.291341"
        },
        {
            "time": "11.12.2020 13:47",
            "open": "0.291341",
            "high": "0.291341",
            "low": "0.291339",
            "close": "0.292964"
        },
        {
            "time": "11.12.2020 13:50",
            "open": "0.292964",
            "high": "0.292964",
            "low": "0.292206",
            "close": "0.29126"
        },
        {
            "time": "11.12.2020 13:55",
            "open": "0.29126",
            "high": "0.29126",
            "low": "0.29126",
            "close": "0.290971"
        },
        {
            "time": "11.12.2020 13:57",
            "open": "0.290971",
            "high": "0.290971",
            "low": "0.290971",
            "close": "0.290971"
        },
        {
            "time": "11.12.2020 13:58",
            "open": "0.290971",
            "high": "0.291938",
            "low": "0.290971",
            "close": "0.293928"
        },
        {
            "time": "11.12.2020 14:01",
            "open": "0.293928",
            "high": "0.293929",
            "low": "0.293286",
            "close": "0.292806"
        },
        {
            "time": "11.12.2020 14:02",
            "open": "0.292806",
            "high": "0.292806",
            "low": "0.292804",
            "close": "0.292804"
        },
        {
            "time": "11.12.2020 14:06",
            "open": "0.292804",
            "high": "0.295938",
            "low": "0.292804",
            "close": "0.294008"
        },
        {
            "time": "11.12.2020 14:07",
            "open": "0.294008",
            "high": "0.294008",
            "low": "0.294008",
            "close": "0.293236"
        },
        {
            "time": "11.12.2020 14:15",
            "open": "0.293236",
            "high": "0.293256",
            "low": "0.293236",
            "close": "0.293545"
        },
        {
            "time": "11.12.2020 14:16",
            "open": "0.293545",
            "high": "0.293545",
            "low": "0.293545",
            "close": "0.2937"
        },
        {
            "time": "11.12.2020 14:19",
            "open": "0.2937",
            "high": "0.2937",
            "low": "0.2937",
            "close": "0.294652"
        },
        {
            "time": "11.12.2020 14:21",
            "open": "0.294652",
            "high": "0.294652",
            "low": "0.294652",
            "close": "0.29446"
        },
        {
            "time": "11.12.2020 14:22",
            "open": "0.29446",
            "high": "0.29446",
            "low": "0.29342",
            "close": "0.294227"
        },
        {
            "time": "11.12.2020 14:23",
            "open": "0.294227",
            "high": "0.294227",
            "low": "0.294227",
            "close": "0.293262"
        },
        {
            "time": "11.12.2020 14:33",
            "open": "0.293262",
            "high": "0.293262",
            "low": "0.293262",
            "close": "0.293256"
        },
        {
            "time": "11.12.2020 14:35",
            "open": "0.293256",
            "high": "0.293256",
            "low": "0.293154",
            "close": "0.293512"
        },
        {
            "time": "11.12.2020 14:38",
            "open": "0.293512",
            "high": "0.293512",
            "low": "0.293512",
            "close": "0.293553"
        },
        {
            "time": "11.12.2020 14:39",
            "open": "0.293553",
            "high": "0.293553",
            "low": "0.293553",
            "close": "0.292404"
        },
        {
            "time": "11.12.2020 14:41",
            "open": "0.292404",
            "high": "0.292404",
            "low": "0.292404",
            "close": "0.294174"
        },
        {
            "time": "11.12.2020 14:54",
            "open": "0.294174",
            "high": "0.294174",
            "low": "0.294174",
            "close": "0.294227"
        },
        {
            "time": "11.12.2020 14:58",
            "open": "0.294227",
            "high": "0.294584",
            "low": "0.294227",
            "close": "0.295069"
        },
        {
            "time": "11.12.2020 15:04",
            "open": "0.295069",
            "high": "0.295069",
            "low": "0.295069",
            "close": "0.295069"
        },
        {
            "time": "11.12.2020 15:06",
            "open": "0.295069",
            "high": "0.295311",
            "low": "0.29436",
            "close": "0.294981"
        },
        {
            "time": "11.12.2020 15:10",
            "open": "0.294981",
            "high": "0.294981",
            "low": "0.29495",
            "close": "0.294237"
        },
        {
            "time": "11.12.2020 15:13",
            "open": "0.294237",
            "high": "0.294237",
            "low": "0.294237",
            "close": "0.295384"
        },
        {
            "time": "11.12.2020 15:15",
            "open": "0.295384",
            "high": "0.295384",
            "low": "0.295384",
            "close": "0.29521"
        },
        {
            "time": "11.12.2020 15:17",
            "open": "0.29521",
            "high": "0.29521",
            "low": "0.29521",
            "close": "0.29468"
        },
        {
            "time": "11.12.2020 15:25",
            "open": "0.29468",
            "high": "0.294709",
            "low": "0.29468",
            "close": "0.29544"
        },
        {
            "time": "11.12.2020 15:31",
            "open": "0.29544",
            "high": "0.295442",
            "low": "0.294709",
            "close": "0.294991"
        },
        {
            "time": "11.12.2020 15:32",
            "open": "0.294991",
            "high": "0.294991",
            "low": "0.292797",
            "close": "0.294428"
        },
        {
            "time": "11.12.2020 15:36",
            "open": "0.294428",
            "high": "0.294428",
            "low": "0.294428",
            "close": "0.294428"
        },
        {
            "time": "11.12.2020 15:37",
            "open": "0.294428",
            "high": "0.294428",
            "low": "0.294428",
            "close": "0.294964"
        },
        {
            "time": "11.12.2020 15:41",
            "open": "0.294964",
            "high": "0.294964",
            "low": "0.294964",
            "close": "0.295"
        },
        {
            "time": "11.12.2020 15:55",
            "open": "0.295",
            "high": "0.295",
            "low": "0.295",
            "close": "0.294305"
        },
        {
            "time": "11.12.2020 15:58",
            "open": "0.294305",
            "high": "0.294305",
            "low": "0.294303",
            "close": "0.294925"
        },
        {
            "time": "11.12.2020 16:01",
            "open": "0.294925",
            "high": "0.294953",
            "low": "0.294925",
            "close": "0.295"
        },
        {
            "time": "11.12.2020 16:04",
            "open": "0.295",
            "high": "0.295979",
            "low": "0.295",
            "close": "0.295631"
        },
        {
            "time": "11.12.2020 16:07",
            "open": "0.295631",
            "high": "0.295631",
            "low": "0.295631",
            "close": "0.295338"
        },
        {
            "time": "11.12.2020 16:10",
            "open": "0.295338",
            "high": "0.295338",
            "low": "0.295338",
            "close": "0.295728"
        },
        {
            "time": "11.12.2020 16:13",
            "open": "0.295728",
            "high": "0.295728",
            "low": "0.295728",
            "close": "0.295564"
        },
        {
            "time": "11.12.2020 16:15",
            "open": "0.295564",
            "high": "0.295564",
            "low": "0.295564",
            "close": "0.295501"
        },
        {
            "time": "11.12.2020 16:16",
            "open": "0.295501",
            "high": "0.295501",
            "low": "0.295501",
            "close": "0.295094"
        },
        {
            "time": "11.12.2020 16:22",
            "open": "0.295094",
            "high": "0.295094",
            "low": "0.295094",
            "close": "0.295615"
        },
        {
            "time": "11.12.2020 16:24",
            "open": "0.295615",
            "high": "0.295615",
            "low": "0.294909",
            "close": "0.295427"
        },
        {
            "time": "11.12.2020 16:28",
            "open": "0.295427",
            "high": "0.295427",
            "low": "0.295427",
            "close": "0.295399"
        },
        {
            "time": "11.12.2020 16:29",
            "open": "0.295399",
            "high": "0.296159",
            "low": "0.295399",
            "close": "0.296065"
        },
        {
            "time": "11.12.2020 16:33",
            "open": "0.296065",
            "high": "0.296065",
            "low": "0.296065",
            "close": "0.296065"
        },
        {
            "time": "11.12.2020 16:35",
            "open": "0.296065",
            "high": "0.29717",
            "low": "0.296065",
            "close": "0.297243"
        },
        {
            "time": "11.12.2020 16:40",
            "open": "0.297243",
            "high": "0.297243",
            "low": "0.297243",
            "close": "0.297775"
        },
        {
            "time": "11.12.2020 16:45",
            "open": "0.297775",
            "high": "0.297775",
            "low": "0.297775",
            "close": "0.298"
        },
        {
            "time": "11.12.2020 16:58",
            "open": "0.298",
            "high": "0.298",
            "low": "0.298",
            "close": "0.297982"
        },
        {
            "time": "11.12.2020 17:01",
            "open": "0.297982",
            "high": "0.297982",
            "low": "0.297982",
            "close": "0.2965"
        },
        {
            "time": "11.12.2020 17:04",
            "open": "0.2965",
            "high": "0.2965",
            "low": "0.2965",
            "close": "0.297314"
        },
        {
            "time": "11.12.2020 17:11",
            "open": "0.297314",
            "high": "0.297314",
            "low": "0.297314",
            "close": "0.297313"
        },
        {
            "time": "11.12.2020 17:13",
            "open": "0.297313",
            "high": "0.297515",
            "low": "0.297313",
            "close": "0.297634"
        },
        {
            "time": "11.12.2020 17:14",
            "open": "0.297634",
            "high": "0.297634",
            "low": "0.297634",
            "close": "0.297833"
        },
        {
            "time": "11.12.2020 17:20",
            "open": "0.297833",
            "high": "0.297833",
            "low": "0.297833",
            "close": "0.296924"
        },
        {
            "time": "11.12.2020 17:21",
            "open": "0.296924",
            "high": "0.296924",
            "low": "0.296924",
            "close": "0.296924"
        },
        {
            "time": "11.12.2020 17:24",
            "open": "0.296924",
            "high": "0.296924",
            "low": "0.296924",
            "close": "0.29601"
        },
        {
            "time": "11.12.2020 17:41",
            "open": "0.29601",
            "high": "0.29601",
            "low": "0.29601",
            "close": "0.295399"
        },
        {
            "time": "11.12.2020 17:43",
            "open": "0.295399",
            "high": "0.295399",
            "low": "0.295399",
            "close": "0.295896"
        },
        {
            "time": "11.12.2020 17:50",
            "open": "0.295896",
            "high": "0.295896",
            "low": "0.295896",
            "close": "0.295772"
        },
        {
            "time": "11.12.2020 17:51",
            "open": "0.295772",
            "high": "0.295772",
            "low": "0.295772",
            "close": "0.296591"
        },
        {
            "time": "11.12.2020 17:52",
            "open": "0.296591",
            "high": "0.296863",
            "low": "0.295717",
            "close": "0.296613"
        },
        {
            "time": "11.12.2020 17:57",
            "open": "0.296613",
            "high": "0.296615",
            "low": "0.296613",
            "close": "0.296511"
        },
        {
            "time": "11.12.2020 17:59",
            "open": "0.296511",
            "high": "0.296511",
            "low": "0.296511",
            "close": "0.295736"
        },
        {
            "time": "11.12.2020 18:00",
            "open": "0.295736",
            "high": "0.295736",
            "low": "0.295736",
            "close": "0.29607"
        },
        {
            "time": "11.12.2020 18:06",
            "open": "0.29607",
            "high": "0.29607",
            "low": "0.29607",
            "close": "0.296"
        },
        {
            "time": "11.12.2020 18:07",
            "open": "0.296",
            "high": "0.296",
            "low": "0.296",
            "close": "0.296"
        },
        {
            "time": "11.12.2020 18:08",
            "open": "0.296",
            "high": "0.296",
            "low": "0.296",
            "close": "0.2949"
        },
        {
            "time": "11.12.2020 18:09",
            "open": "0.2949",
            "high": "0.2949",
            "low": "0.2949",
            "close": "0.2949"
        },
        {
            "time": "11.12.2020 18:12",
            "open": "0.2949",
            "high": "0.295775",
            "low": "0.2949",
            "close": "0.2949"
        },
        {
            "time": "11.12.2020 18:14",
            "open": "0.2949",
            "high": "0.2949",
            "low": "0.2949",
            "close": "0.2949"
        },
        {
            "time": "11.12.2020 18:15",
            "open": "0.2949",
            "high": "0.2949",
            "low": "0.294532",
            "close": "0.29452"
        },
        {
            "time": "11.12.2020 18:16",
            "open": "0.29452",
            "high": "0.29452",
            "low": "0.29452",
            "close": "0.294327"
        },
        {
            "time": "11.12.2020 18:23",
            "open": "0.294327",
            "high": "0.294327",
            "low": "0.294327",
            "close": "0.294404"
        },
        {
            "time": "11.12.2020 18:42",
            "open": "0.294404",
            "high": "0.294404",
            "low": "0.293512",
            "close": "0.294209"
        },
        {
            "time": "11.12.2020 18:45",
            "open": "0.294209",
            "high": "0.294209",
            "low": "0.294021",
            "close": "0.294604"
        },
        {
            "time": "11.12.2020 18:48",
            "open": "0.294604",
            "high": "0.294604",
            "low": "0.293763",
            "close": "0.294153"
        },
        {
            "time": "11.12.2020 18:53",
            "open": "0.294153",
            "high": "0.294153",
            "low": "0.294125",
            "close": "0.293788"
        },
        {
            "time": "11.12.2020 19:16",
            "open": "0.293788",
            "high": "0.293788",
            "low": "0.293264",
            "close": "0.293271"
        },
        {
            "time": "11.12.2020 19:20",
            "open": "0.293271",
            "high": "0.293271",
            "low": "0.293267",
            "close": "0.293924"
        },
        {
            "time": "11.12.2020 19:21",
            "open": "0.293924",
            "high": "0.293924",
            "low": "0.293857",
            "close": "0.293824"
        },
        {
            "time": "11.12.2020 19:23",
            "open": "0.293824",
            "high": "0.293825",
            "low": "0.293824",
            "close": "0.293326"
        },
        {
            "time": "11.12.2020 19:30",
            "open": "0.293326",
            "high": "0.293326",
            "low": "0.293326",
            "close": "0.29397"
        },
        {
            "time": "11.12.2020 19:35",
            "open": "0.29397",
            "high": "0.29397",
            "low": "0.29397",
            "close": "0.293715"
        },
        {
            "time": "11.12.2020 19:41",
            "open": "0.293715",
            "high": "0.293715",
            "low": "0.293715",
            "close": "0.293779"
        },
        {
            "time": "11.12.2020 19:48",
            "open": "0.293779",
            "high": "0.294495",
            "low": "0.293779",
            "close": "0.293391"
        },
        {
            "time": "11.12.2020 19:51",
            "open": "0.293391",
            "high": "0.293391",
            "low": "0.293391",
            "close": "0.295063"
        },
        {
            "time": "11.12.2020 19:53",
            "open": "0.295063",
            "high": "0.295063",
            "low": "0.295063",
            "close": "0.294913"
        },
        {
            "time": "11.12.2020 19:56",
            "open": "0.294913",
            "high": "0.294913",
            "low": "0.294913",
            "close": "0.294919"
        },
        {
            "time": "11.12.2020 20:06",
            "open": "0.294919",
            "high": "0.294919",
            "low": "0.294919",
            "close": "0.295926"
        },
        {
            "time": "11.12.2020 20:08",
            "open": "0.295926",
            "high": "0.295926",
            "low": "0.295926",
            "close": "0.295652"
        },
        {
            "time": "11.12.2020 20:09",
            "open": "0.295652",
            "high": "0.295652",
            "low": "0.295652",
            "close": "0.295868"
        },
        {
            "time": "11.12.2020 20:13",
            "open": "0.295868",
            "high": "0.295868",
            "low": "0.295868",
            "close": "0.295535"
        },
        {
            "time": "11.12.2020 20:14",
            "open": "0.295535",
            "high": "0.295535",
            "low": "0.295535",
            "close": "0.294796"
        },
        {
            "time": "11.12.2020 20:16",
            "open": "0.294796",
            "high": "0.294796",
            "low": "0.294795",
            "close": "0.295298"
        },
        {
            "time": "11.12.2020 20:24",
            "open": "0.295298",
            "high": "0.295298",
            "low": "0.295298",
            "close": "0.295249"
        },
        {
            "time": "11.12.2020 20:26",
            "open": "0.295249",
            "high": "0.295249",
            "low": "0.295249",
            "close": "0.293706"
        },
        {
            "time": "11.12.2020 20:41",
            "open": "0.293706",
            "high": "0.293707",
            "low": "0.293706",
            "close": "0.29481"
        },
        {
            "time": "11.12.2020 20:44",
            "open": "0.29481",
            "high": "0.294818",
            "low": "0.29481",
            "close": "0.295305"
        },
        {
            "time": "11.12.2020 20:50",
            "open": "0.295305",
            "high": "0.295305",
            "low": "0.295305",
            "close": "0.294393"
        },
        {
            "time": "11.12.2020 20:51",
            "open": "0.294393",
            "high": "0.294393",
            "low": "0.294393",
            "close": "0.294"
        },
        {
            "time": "11.12.2020 20:58",
            "open": "0.294",
            "high": "0.294",
            "low": "0.294",
            "close": "0.293988"
        },
        {
            "time": "11.12.2020 21:00",
            "open": "0.293988",
            "high": "0.295",
            "low": "0.293987",
            "close": "0.29557"
        },
        {
            "time": "11.12.2020 21:06",
            "open": "0.29557",
            "high": "0.29557",
            "low": "0.29557",
            "close": "0.294079"
        },
        {
            "time": "11.12.2020 21:15",
            "open": "0.294079",
            "high": "0.294079",
            "low": "0.294079",
            "close": "0.293583"
        },
        {
            "time": "11.12.2020 21:16",
            "open": "0.293583",
            "high": "0.293583",
            "low": "0.293583",
            "close": "0.295953"
        },
        {
            "time": "11.12.2020 21:21",
            "open": "0.295953",
            "high": "0.295953",
            "low": "0.295953",
            "close": "0.297"
        },
        {
            "time": "11.12.2020 21:38",
            "open": "0.297",
            "high": "0.297",
            "low": "0.297",
            "close": "0.297"
        },
        {
            "time": "11.12.2020 21:45",
            "open": "0.297",
            "high": "0.297",
            "low": "0.297",
            "close": "0.296401"
        },
        {
            "time": "11.12.2020 21:46",
            "open": "0.296401",
            "high": "0.296401",
            "low": "0.296401",
            "close": "0.296209"
        },
        {
            "time": "11.12.2020 21:48",
            "open": "0.296209",
            "high": "0.296209",
            "low": "0.296209",
            "close": "0.297"
        },
        {
            "time": "11.12.2020 21:53",
            "open": "0.297",
            "high": "0.297",
            "low": "0.297",
            "close": "0.297"
        },
        {
            "time": "11.12.2020 21:56",
            "open": "0.297",
            "high": "0.298028",
            "low": "0.297",
            "close": "0.298276"
        },
        {
            "time": "11.12.2020 21:57",
            "open": "0.298276",
            "high": "0.298276",
            "low": "0.298276",
            "close": "0.298258"
        },
        {
            "time": "11.12.2020 21:59",
            "open": "0.298258",
            "high": "0.298258",
            "low": "0.298258",
            "close": "0.298316"
        },
        {
            "time": "11.12.2020 22:09",
            "open": "0.298316",
            "high": "0.298852",
            "low": "0.298316",
            "close": "0.298839"
        },
        {
            "time": "11.12.2020 22:10",
            "open": "0.298839",
            "high": "0.301792",
            "low": "0.298839",
            "close": "0.29845"
        },
        {
            "time": "11.12.2020 22:13",
            "open": "0.29845",
            "high": "0.29845",
            "low": "0.298375",
            "close": "0.298805"
        },
        {
            "time": "11.12.2020 22:14",
            "open": "0.298805",
            "high": "0.29914",
            "low": "0.298805",
            "close": "0.299138"
        },
        {
            "time": "11.12.2020 22:15",
            "open": "0.299138",
            "high": "0.299138",
            "low": "0.299138",
            "close": "0.29917"
        },
        {
            "time": "11.12.2020 22:16",
            "open": "0.29917",
            "high": "0.29917",
            "low": "0.29917",
            "close": "0.298975"
        },
        {
            "time": "11.12.2020 22:18",
            "open": "0.298975",
            "high": "0.298976",
            "low": "0.298956",
            "close": "0.297701"
        },
        {
            "time": "11.12.2020 22:24",
            "open": "0.297701",
            "high": "0.297774",
            "low": "0.297701",
            "close": "0.297595"
        },
        {
            "time": "11.12.2020 22:26",
            "open": "0.297595",
            "high": "0.297595",
            "low": "0.297595",
            "close": "0.297595"
        },
        {
            "time": "11.12.2020 22:28",
            "open": "0.297595",
            "high": "0.297595",
            "low": "0.297595",
            "close": "0.2989"
        },
        {
            "time": "11.12.2020 22:31",
            "open": "0.2989",
            "high": "0.2989",
            "low": "0.2989",
            "close": "0.2989"
        },
        {
            "time": "11.12.2020 22:34",
            "open": "0.2989",
            "high": "0.2989",
            "low": "0.2989",
            "close": "0.2989"
        },
        {
            "time": "11.12.2020 22:35",
            "open": "0.2989",
            "high": "0.2989",
            "low": "0.2989",
            "close": "0.2989"
        },
        {
            "time": "11.12.2020 22:36",
            "open": "0.2989",
            "high": "0.2989",
            "low": "0.2989",
            "close": "0.298833"
        },
        {
            "time": "11.12.2020 22:37",
            "open": "0.298833",
            "high": "0.298833",
            "low": "0.298833",
            "close": "0.298822"
        },
        {
            "time": "11.12.2020 22:39",
            "open": "0.298822",
            "high": "0.298822",
            "low": "0.298822",
            "close": "0.298508"
        },
        {
            "time": "11.12.2020 22:43",
            "open": "0.298508",
            "high": "0.298508",
            "low": "0.298508",
            "close": "0.299824"
        },
        {
            "time": "11.12.2020 22:47",
            "open": "0.299824",
            "high": "0.299824",
            "low": "0.299824",
            "close": "0.299184"
        },
        {
            "time": "11.12.2020 22:49",
            "open": "0.299184",
            "high": "0.299184",
            "low": "0.299184",
            "close": "0.299628"
        },
        {
            "time": "11.12.2020 22:51",
            "open": "0.299628",
            "high": "0.299628",
            "low": "0.299628",
            "close": "0.30002"
        },
        {
            "time": "11.12.2020 22:54",
            "open": "0.30002",
            "high": "0.30002",
            "low": "0.30002",
            "close": "0.300333"
        },
        {
            "time": "11.12.2020 23:02",
            "open": "0.300333",
            "high": "0.300336",
            "low": "0.300333",
            "close": "0.300097"
        },
        {
            "time": "11.12.2020 23:04",
            "open": "0.300097",
            "high": "0.300097",
            "low": "0.3",
            "close": "0.300238"
        },
        {
            "time": "11.12.2020 23:09",
            "open": "0.300238",
            "high": "0.300238",
            "low": "0.300238",
            "close": "0.299658"
        },
        {
            "time": "11.12.2020 23:15",
            "open": "0.299658",
            "high": "0.299658",
            "low": "0.299656",
            "close": "0.300236"
        },
        {
            "time": "11.12.2020 23:18",
            "open": "0.300236",
            "high": "0.300586",
            "low": "0.300236",
            "close": "0.299601"
        },
        {
            "time": "11.12.2020 23:23",
            "open": "0.299601",
            "high": "0.299601",
            "low": "0.299601",
            "close": "0.30021"
        },
        {
            "time": "11.12.2020 23:25",
            "open": "0.30021",
            "high": "0.30021",
            "low": "0.300203",
            "close": "0.299601"
        },
        {
            "time": "11.12.2020 23:27",
            "open": "0.299601",
            "high": "0.299601",
            "low": "0.299601",
            "close": "0.300213"
        },
        {
            "time": "11.12.2020 23:28",
            "open": "0.300213",
            "high": "0.300213",
            "low": "0.300213",
            "close": "0.30015"
        },
        {
            "time": "11.12.2020 23:42",
            "open": "0.30015",
            "high": "0.30015",
            "low": "0.30015",
            "close": "0.2996"
        },
        {
            "time": "11.12.2020 23:46",
            "open": "0.2996",
            "high": "0.2996",
            "low": "0.2996",
            "close": "0.298018"
        },
        {
            "time": "11.12.2020 23:47",
            "open": "0.298018",
            "high": "0.298018",
            "low": "0.298018",
            "close": "0.299715"
        },
        {
            "time": "11.12.2020 23:53",
            "open": "0.299715",
            "high": "0.299715",
            "low": "0.299715",
            "close": "0.298811"
        }
    ]
}