{
    "ZRX-EUR": [
        {
            "time": "30.10.2020 23:57",
            "open": "0.28053",
            "high": "0.28053",
            "low": "0.28053",
            "close": "0.2798"
        },
        {
            "time": "31.10.2020 00:06",
            "open": "0.2798",
            "high": "0.2798",
            "low": "0.2797",
            "close": "0.279536"
        },
        {
            "time": "31.10.2020 00:14",
            "open": "0.279536",
            "high": "0.279536",
            "low": "0.2795",
            "close": "0.279707"
        },
        {
            "time": "31.10.2020 00:21",
            "open": "0.279707",
            "high": "0.279707",
            "low": "0.279707",
            "close": "0.279708"
        },
        {
            "time": "31.10.2020 00:23",
            "open": "0.279708",
            "high": "0.279708",
            "low": "0.279708",
            "close": "0.28038"
        },
        {
            "time": "31.10.2020 00:49",
            "open": "0.28038",
            "high": "0.28038",
            "low": "0.28038",
            "close": "0.280318"
        },
        {
            "time": "31.10.2020 00:50",
            "open": "0.280318",
            "high": "0.280318",
            "low": "0.280318",
            "close": "0.280288"
        },
        {
            "time": "31.10.2020 00:51",
            "open": "0.280288",
            "high": "0.280288",
            "low": "0.280288",
            "close": "0.280312"
        },
        {
            "time": "31.10.2020 00:54",
            "open": "0.280312",
            "high": "0.280312",
            "low": "0.280312",
            "close": "0.279708"
        },
        {
            "time": "31.10.2020 00:56",
            "open": "0.279708",
            "high": "0.279708",
            "low": "0.279708",
            "close": "0.279367"
        },
        {
            "time": "31.10.2020 01:02",
            "open": "0.2792",
            "high": "0.2792",
            "low": "0.2792",
            "close": "0.278486"
        },
        {
            "time": "31.10.2020 01:20",
            "open": "0.278486",
            "high": "0.278486",
            "low": "0.278486",
            "close": "0.2816"
        },
        {
            "time": "31.10.2020 01:44",
            "open": "0.2816",
            "high": "0.2816",
            "low": "0.2816",
            "close": "0.281349"
        },
        {
            "time": "31.10.2020 01:55",
            "open": "0.281349",
            "high": "0.281349",
            "low": "0.281349",
            "close": "0.282598"
        },
        {
            "time": "31.10.2020 02:30",
            "open": "0.282598",
            "high": "0.282598",
            "low": "0.282598",
            "close": "0.282161"
        },
        {
            "time": "31.10.2020 02:31",
            "open": "0.282161",
            "high": "0.282161",
            "low": "0.282161",
            "close": "0.283"
        },
        {
            "time": "31.10.2020 02:32",
            "open": "0.283",
            "high": "0.283",
            "low": "0.283",
            "close": "0.282541"
        },
        {
            "time": "31.10.2020 02:33",
            "open": "0.282541",
            "high": "0.282541",
            "low": "0.282541",
            "close": "0.283"
        },
        {
            "time": "31.10.2020 02:34",
            "open": "0.283",
            "high": "0.283",
            "low": "0.28267",
            "close": "0.283"
        },
        {
            "time": "31.10.2020 02:41",
            "open": "0.283",
            "high": "0.283",
            "low": "0.283",
            "close": "0.283484"
        },
        {
            "time": "31.10.2020 02:54",
            "open": "0.283484",
            "high": "0.283484",
            "low": "0.283365",
            "close": "0.283895"
        },
        {
            "time": "31.10.2020 03:00",
            "open": "0.283895",
            "high": "0.2839",
            "low": "0.283895",
            "close": "0.284447"
        },
        {
            "time": "31.10.2020 03:05",
            "open": "0.284447",
            "high": "0.284447",
            "low": "0.284447",
            "close": "0.284447"
        },
        {
            "time": "31.10.2020 03:09",
            "open": "0.284447",
            "high": "0.284447",
            "low": "0.284447",
            "close": "0.283227"
        },
        {
            "time": "31.10.2020 03:21",
            "open": "0.283227",
            "high": "0.283227",
            "low": "0.283227",
            "close": "0.283008"
        },
        {
            "time": "31.10.2020 03:24",
            "open": "0.283008",
            "high": "0.283008",
            "low": "0.283008",
            "close": "0.280673"
        },
        {
            "time": "31.10.2020 04:08",
            "open": "0.280673",
            "high": "0.280673",
            "low": "0.280673",
            "close": "0.280279"
        },
        {
            "time": "31.10.2020 04:09",
            "open": "0.280279",
            "high": "0.280287",
            "low": "0.280279",
            "close": "0.280321"
        },
        {
            "time": "31.10.2020 04:13",
            "open": "0.280321",
            "high": "0.280321",
            "low": "0.280321",
            "close": "0.280145"
        },
        {
            "time": "31.10.2020 04:24",
            "open": "0.280145",
            "high": "0.280186",
            "low": "0.280145",
            "close": "0.281216"
        },
        {
            "time": "31.10.2020 04:36",
            "open": "0.281216",
            "high": "0.281216",
            "low": "0.281216",
            "close": "0.280856"
        },
        {
            "time": "31.10.2020 04:42",
            "open": "0.280856",
            "high": "0.280856",
            "low": "0.280856",
            "close": "0.281832"
        },
        {
            "time": "31.10.2020 04:59",
            "open": "0.281832",
            "high": "0.281832",
            "low": "0.281832",
            "close": "0.282224"
        },
        {
            "time": "31.10.2020 05:22",
            "open": "0.282224",
            "high": "0.282319",
            "low": "0.282224",
            "close": "0.282339"
        },
        {
            "time": "31.10.2020 05:25",
            "open": "0.282339",
            "high": "0.282339",
            "low": "0.282339",
            "close": "0.282182"
        },
        {
            "time": "31.10.2020 05:29",
            "open": "0.282182",
            "high": "0.282182",
            "low": "0.282182",
            "close": "0.281242"
        },
        {
            "time": "31.10.2020 05:51",
            "open": "0.281242",
            "high": "0.281242",
            "low": "0.281242",
            "close": "0.281331"
        },
        {
            "time": "31.10.2020 06:28",
            "open": "0.281331",
            "high": "0.281331",
            "low": "0.281331",
            "close": "0.28207"
        },
        {
            "time": "31.10.2020 06:44",
            "open": "0.28207",
            "high": "0.28207",
            "low": "0.28207",
            "close": "0.28188"
        },
        {
            "time": "31.10.2020 06:48",
            "open": "0.28188",
            "high": "0.28188",
            "low": "0.28188",
            "close": "0.281239"
        },
        {
            "time": "31.10.2020 07:19",
            "open": "0.281239",
            "high": "0.281239",
            "low": "0.281239",
            "close": "0.282005"
        },
        {
            "time": "31.10.2020 07:34",
            "open": "0.282005",
            "high": "0.282005",
            "low": "0.282005",
            "close": "0.281482"
        },
        {
            "time": "31.10.2020 07:43",
            "open": "0.281482",
            "high": "0.281482",
            "low": "0.281482",
            "close": "0.28267"
        },
        {
            "time": "31.10.2020 07:50",
            "open": "0.28267",
            "high": "0.28267",
            "low": "0.28267",
            "close": "0.282999"
        },
        {
            "time": "31.10.2020 07:59",
            "open": "0.282999",
            "high": "0.283",
            "low": "0.282999",
            "close": "0.28277"
        },
        {
            "time": "31.10.2020 08:04",
            "open": "0.28277",
            "high": "0.28277",
            "low": "0.28277",
            "close": "0.283467"
        },
        {
            "time": "31.10.2020 08:09",
            "open": "0.283467",
            "high": "0.283467",
            "low": "0.283467",
            "close": "0.283449"
        },
        {
            "time": "31.10.2020 08:13",
            "open": "0.283449",
            "high": "0.283449",
            "low": "0.283449",
            "close": "0.283309"
        },
        {
            "time": "31.10.2020 08:16",
            "open": "0.283309",
            "high": "0.283309",
            "low": "0.282904",
            "close": "0.282628"
        },
        {
            "time": "31.10.2020 08:25",
            "open": "0.282628",
            "high": "0.282628",
            "low": "0.282628",
            "close": "0.282267"
        },
        {
            "time": "31.10.2020 09:26",
            "open": "0.282267",
            "high": "0.282267",
            "low": "0.282267",
            "close": "0.283533"
        },
        {
            "time": "31.10.2020 09:33",
            "open": "0.283533",
            "high": "0.284284",
            "low": "0.283533",
            "close": "0.284242"
        },
        {
            "time": "31.10.2020 09:39",
            "open": "0.284242",
            "high": "0.284242",
            "low": "0.284242",
            "close": "0.283742"
        },
        {
            "time": "31.10.2020 09:40",
            "open": "0.283742",
            "high": "0.283742",
            "low": "0.283742",
            "close": "0.284511"
        },
        {
            "time": "31.10.2020 09:43",
            "open": "0.284511",
            "high": "0.284511",
            "low": "0.284511",
            "close": "0.284511"
        },
        {
            "time": "31.10.2020 09:47",
            "open": "0.284511",
            "high": "0.284584",
            "low": "0.284511",
            "close": "0.284712"
        },
        {
            "time": "31.10.2020 09:48",
            "open": "0.284712",
            "high": "0.284712",
            "low": "0.284712",
            "close": "0.285"
        },
        {
            "time": "31.10.2020 09:49",
            "open": "0.285",
            "high": "0.285",
            "low": "0.285",
            "close": "0.285"
        },
        {
            "time": "31.10.2020 09:50",
            "open": "0.285",
            "high": "0.285",
            "low": "0.285",
            "close": "0.285405"
        },
        {
            "time": "31.10.2020 09:53",
            "open": "0.285405",
            "high": "0.285788",
            "low": "0.285405",
            "close": "0.28592"
        },
        {
            "time": "31.10.2020 09:54",
            "open": "0.28592",
            "high": "0.28592",
            "low": "0.28592",
            "close": "0.285967"
        },
        {
            "time": "31.10.2020 09:56",
            "open": "0.285967",
            "high": "0.285967",
            "low": "0.285967",
            "close": "0.285968"
        },
        {
            "time": "31.10.2020 09:57",
            "open": "0.285968",
            "high": "0.285968",
            "low": "0.285968",
            "close": "0.285716"
        },
        {
            "time": "31.10.2020 09:58",
            "open": "0.285716",
            "high": "0.285716",
            "low": "0.285716",
            "close": "0.284812"
        },
        {
            "time": "31.10.2020 10:03",
            "open": "0.284812",
            "high": "0.284812",
            "low": "0.284812",
            "close": "0.28482"
        },
        {
            "time": "31.10.2020 10:05",
            "open": "0.28482",
            "high": "0.28491",
            "low": "0.28482",
            "close": "0.284333"
        },
        {
            "time": "31.10.2020 10:06",
            "open": "0.284333",
            "high": "0.284333",
            "low": "0.284333",
            "close": "0.284917"
        },
        {
            "time": "31.10.2020 10:14",
            "open": "0.284917",
            "high": "0.28513",
            "low": "0.284917",
            "close": "0.284917"
        },
        {
            "time": "31.10.2020 10:15",
            "open": "0.284917",
            "high": "0.284917",
            "low": "0.284917",
            "close": "0.285558"
        },
        {
            "time": "31.10.2020 10:16",
            "open": "0.285558",
            "high": "0.285558",
            "low": "0.285558",
            "close": "0.2858"
        },
        {
            "time": "31.10.2020 10:22",
            "open": "0.2858",
            "high": "0.2858",
            "low": "0.2858",
            "close": "0.285258"
        },
        {
            "time": "31.10.2020 10:23",
            "open": "0.285258",
            "high": "0.2858",
            "low": "0.285258",
            "close": "0.285123"
        },
        {
            "time": "31.10.2020 10:24",
            "open": "0.285123",
            "high": "0.285127",
            "low": "0.285123",
            "close": "0.285184"
        },
        {
            "time": "31.10.2020 10:25",
            "open": "0.285184",
            "high": "0.285184",
            "low": "0.285184",
            "close": "0.285745"
        },
        {
            "time": "31.10.2020 10:29",
            "open": "0.285745",
            "high": "0.285745",
            "low": "0.285745",
            "close": "0.28579"
        },
        {
            "time": "31.10.2020 10:33",
            "open": "0.28579",
            "high": "0.28579",
            "low": "0.28579",
            "close": "0.286"
        },
        {
            "time": "31.10.2020 10:36",
            "open": "0.286",
            "high": "0.286084",
            "low": "0.286",
            "close": "0.285898"
        },
        {
            "time": "31.10.2020 10:43",
            "open": "0.285898",
            "high": "0.285898",
            "low": "0.285886",
            "close": "0.286058"
        },
        {
            "time": "31.10.2020 10:45",
            "open": "0.286058",
            "high": "0.286058",
            "low": "0.286058",
            "close": "0.285531"
        },
        {
            "time": "31.10.2020 10:50",
            "open": "0.285531",
            "high": "0.285531",
            "low": "0.285531",
            "close": "0.286085"
        },
        {
            "time": "31.10.2020 10:51",
            "open": "0.286085",
            "high": "0.28611",
            "low": "0.286085",
            "close": "0.285798"
        },
        {
            "time": "31.10.2020 10:55",
            "open": "0.285798",
            "high": "0.285798",
            "low": "0.285452",
            "close": "0.286746"
        },
        {
            "time": "31.10.2020 11:03",
            "open": "0.286746",
            "high": "0.286746",
            "low": "0.286746",
            "close": "0.287"
        },
        {
            "time": "31.10.2020 11:04",
            "open": "0.287",
            "high": "0.287",
            "low": "0.287",
            "close": "0.287"
        },
        {
            "time": "31.10.2020 11:05",
            "open": "0.287",
            "high": "0.287",
            "low": "0.286651",
            "close": "0.285452"
        },
        {
            "time": "31.10.2020 11:06",
            "open": "0.285452",
            "high": "0.285829",
            "low": "0.285452",
            "close": "0.28574"
        },
        {
            "time": "31.10.2020 11:07",
            "open": "0.28574",
            "high": "0.285772",
            "low": "0.28574",
            "close": "0.285812"
        },
        {
            "time": "31.10.2020 11:09",
            "open": "0.285812",
            "high": "0.285812",
            "low": "0.285812",
            "close": "0.285452"
        },
        {
            "time": "31.10.2020 11:11",
            "open": "0.285452",
            "high": "0.285452",
            "low": "0.285452",
            "close": "0.284639"
        },
        {
            "time": "31.10.2020 11:13",
            "open": "0.284639",
            "high": "0.284639",
            "low": "0.284639",
            "close": "0.284883"
        },
        {
            "time": "31.10.2020 11:15",
            "open": "0.284883",
            "high": "0.28496",
            "low": "0.284883",
            "close": "0.284538"
        },
        {
            "time": "31.10.2020 11:16",
            "open": "0.284538",
            "high": "0.284538",
            "low": "0.284538",
            "close": "0.284375"
        },
        {
            "time": "31.10.2020 11:17",
            "open": "0.284375",
            "high": "0.284375",
            "low": "0.284375",
            "close": "0.28469"
        },
        {
            "time": "31.10.2020 11:20",
            "open": "0.28469",
            "high": "0.28469",
            "low": "0.28469",
            "close": "0.284906"
        },
        {
            "time": "31.10.2020 11:22",
            "open": "0.284906",
            "high": "0.284959",
            "low": "0.284906",
            "close": "0.284196"
        },
        {
            "time": "31.10.2020 11:23",
            "open": "0.283162",
            "high": "0.283162",
            "low": "0.283162",
            "close": "0.283292"
        },
        {
            "time": "31.10.2020 11:26",
            "open": "0.283292",
            "high": "0.283673",
            "low": "0.28292",
            "close": "0.283445"
        },
        {
            "time": "31.10.2020 11:29",
            "open": "0.283445",
            "high": "0.283446",
            "low": "0.283445",
            "close": "0.283998"
        },
        {
            "time": "31.10.2020 11:32",
            "open": "0.283998",
            "high": "0.284",
            "low": "0.283998",
            "close": "0.283743"
        },
        {
            "time": "31.10.2020 11:33",
            "open": "0.283743",
            "high": "0.283743",
            "low": "0.283743",
            "close": "0.283927"
        },
        {
            "time": "31.10.2020 11:35",
            "open": "0.283927",
            "high": "0.283927",
            "low": "0.283927",
            "close": "0.284868"
        },
        {
            "time": "31.10.2020 11:40",
            "open": "0.284868",
            "high": "0.284868",
            "low": "0.284868",
            "close": "0.284473"
        },
        {
            "time": "31.10.2020 11:43",
            "open": "0.284473",
            "high": "0.284473",
            "low": "0.284473",
            "close": "0.28507"
        },
        {
            "time": "31.10.2020 11:46",
            "open": "0.28507",
            "high": "0.28507",
            "low": "0.28507",
            "close": "0.284473"
        },
        {
            "time": "31.10.2020 11:47",
            "open": "0.284473",
            "high": "0.284473",
            "low": "0.284473",
            "close": "0.284568"
        },
        {
            "time": "31.10.2020 11:49",
            "open": "0.284568",
            "high": "0.284568",
            "low": "0.284568",
            "close": "0.28484"
        },
        {
            "time": "31.10.2020 11:54",
            "open": "0.28484",
            "high": "0.28484",
            "low": "0.28484",
            "close": "0.284235"
        },
        {
            "time": "31.10.2020 11:55",
            "open": "0.284235",
            "high": "0.28473",
            "low": "0.284235",
            "close": "0.28479"
        },
        {
            "time": "31.10.2020 11:57",
            "open": "0.28479",
            "high": "0.28479",
            "low": "0.28479",
            "close": "0.284433"
        },
        {
            "time": "31.10.2020 11:58",
            "open": "0.284433",
            "high": "0.284433",
            "low": "0.284433",
            "close": "0.28395"
        },
        {
            "time": "31.10.2020 12:10",
            "open": "0.28395",
            "high": "0.28395",
            "low": "0.28395",
            "close": "0.28442"
        },
        {
            "time": "31.10.2020 12:11",
            "open": "0.28442",
            "high": "0.28442",
            "low": "0.28442",
            "close": "0.28409"
        },
        {
            "time": "31.10.2020 12:14",
            "open": "0.28409",
            "high": "0.28409",
            "low": "0.284089",
            "close": "0.28449"
        },
        {
            "time": "31.10.2020 12:15",
            "open": "0.28449",
            "high": "0.28449",
            "low": "0.28449",
            "close": "0.284055"
        },
        {
            "time": "31.10.2020 12:19",
            "open": "0.284055",
            "high": "0.284055",
            "low": "0.284055",
            "close": "0.284587"
        },
        {
            "time": "31.10.2020 12:20",
            "open": "0.284587",
            "high": "0.284587",
            "low": "0.284587",
            "close": "0.28455"
        },
        {
            "time": "31.10.2020 12:21",
            "open": "0.28455",
            "high": "0.28455",
            "low": "0.28455",
            "close": "0.284034"
        },
        {
            "time": "31.10.2020 12:25",
            "open": "0.284034",
            "high": "0.284034",
            "low": "0.284034",
            "close": "0.283516"
        },
        {
            "time": "31.10.2020 12:26",
            "open": "0.283516",
            "high": "0.283516",
            "low": "0.283516",
            "close": "0.283689"
        },
        {
            "time": "31.10.2020 12:28",
            "open": "0.283689",
            "high": "0.283689",
            "low": "0.283689",
            "close": "0.283046"
        },
        {
            "time": "31.10.2020 12:29",
            "open": "0.283046",
            "high": "0.283046",
            "low": "0.283046",
            "close": "0.283051"
        },
        {
            "time": "31.10.2020 12:30",
            "open": "0.283051",
            "high": "0.283688",
            "low": "0.283051",
            "close": "0.282848"
        },
        {
            "time": "31.10.2020 12:34",
            "open": "0.282848",
            "high": "0.282848",
            "low": "0.282848",
            "close": "0.282389"
        },
        {
            "time": "31.10.2020 12:38",
            "open": "0.282389",
            "high": "0.282389",
            "low": "0.282389",
            "close": "0.282781"
        },
        {
            "time": "31.10.2020 12:43",
            "open": "0.282781",
            "high": "0.282781",
            "low": "0.282781",
            "close": "0.283647"
        },
        {
            "time": "31.10.2020 12:50",
            "open": "0.283647",
            "high": "0.283647",
            "low": "0.283647",
            "close": "0.284296"
        },
        {
            "time": "31.10.2020 12:54",
            "open": "0.284296",
            "high": "0.284296",
            "low": "0.284296",
            "close": "0.283763"
        },
        {
            "time": "31.10.2020 12:57",
            "open": "0.283763",
            "high": "0.28438",
            "low": "0.283763",
            "close": "0.284307"
        },
        {
            "time": "31.10.2020 12:59",
            "open": "0.284307",
            "high": "0.284307",
            "low": "0.284307",
            "close": "0.283645"
        },
        {
            "time": "31.10.2020 13:00",
            "open": "0.283645",
            "high": "0.283835",
            "low": "0.283645",
            "close": "0.284089"
        },
        {
            "time": "31.10.2020 13:04",
            "open": "0.284089",
            "high": "0.284089",
            "low": "0.284089",
            "close": "0.284252"
        },
        {
            "time": "31.10.2020 13:05",
            "open": "0.284252",
            "high": "0.285559",
            "low": "0.284252",
            "close": "0.285878"
        },
        {
            "time": "31.10.2020 13:06",
            "open": "0.285878",
            "high": "0.286513",
            "low": "0.285878",
            "close": "0.286512"
        },
        {
            "time": "31.10.2020 13:07",
            "open": "0.286512",
            "high": "0.286512",
            "low": "0.286042",
            "close": "0.286513"
        },
        {
            "time": "31.10.2020 13:08",
            "open": "0.286513",
            "high": "0.286513",
            "low": "0.286513",
            "close": "0.287261"
        },
        {
            "time": "31.10.2020 13:09",
            "open": "0.287261",
            "high": "0.287261",
            "low": "0.287261",
            "close": "0.28728"
        },
        {
            "time": "31.10.2020 13:10",
            "open": "0.28728",
            "high": "0.28728",
            "low": "0.28728",
            "close": "0.2875"
        },
        {
            "time": "31.10.2020 13:11",
            "open": "0.2875",
            "high": "0.2875",
            "low": "0.2875",
            "close": "0.2875"
        },
        {
            "time": "31.10.2020 13:12",
            "open": "0.2875",
            "high": "0.2875",
            "low": "0.2875",
            "close": "0.2875"
        },
        {
            "time": "31.10.2020 13:15",
            "open": "0.2875",
            "high": "0.288",
            "low": "0.2875",
            "close": "0.287649"
        },
        {
            "time": "31.10.2020 13:16",
            "open": "0.287649",
            "high": "0.287649",
            "low": "0.286585",
            "close": "0.285997"
        },
        {
            "time": "31.10.2020 13:17",
            "open": "0.285997",
            "high": "0.285997",
            "low": "0.285925",
            "close": "0.286305"
        },
        {
            "time": "31.10.2020 13:18",
            "open": "0.286305",
            "high": "0.286305",
            "low": "0.286305",
            "close": "0.286278"
        },
        {
            "time": "31.10.2020 13:27",
            "open": "0.286278",
            "high": "0.28628",
            "low": "0.286278",
            "close": "0.286059"
        },
        {
            "time": "31.10.2020 13:29",
            "open": "0.286059",
            "high": "0.286059",
            "low": "0.286059",
            "close": "0.286022"
        },
        {
            "time": "31.10.2020 13:30",
            "open": "0.286022",
            "high": "0.286022",
            "low": "0.286022",
            "close": "0.285964"
        },
        {
            "time": "31.10.2020 13:34",
            "open": "0.285964",
            "high": "0.285964",
            "low": "0.285964",
            "close": "0.285955"
        },
        {
            "time": "31.10.2020 13:43",
            "open": "0.285955",
            "high": "0.285955",
            "low": "0.285955",
            "close": "0.285382"
        },
        {
            "time": "31.10.2020 13:49",
            "open": "0.285382",
            "high": "0.287646",
            "low": "0.285381",
            "close": "0.286754"
        },
        {
            "time": "31.10.2020 13:50",
            "open": "0.286754",
            "high": "0.286754",
            "low": "0.286466",
            "close": "0.28623"
        },
        {
            "time": "31.10.2020 13:53",
            "open": "0.28623",
            "high": "0.28623",
            "low": "0.28623",
            "close": "0.286417"
        },
        {
            "time": "31.10.2020 14:01",
            "open": "0.286417",
            "high": "0.286417",
            "low": "0.286417",
            "close": "0.28636"
        },
        {
            "time": "31.10.2020 14:04",
            "open": "0.28636",
            "high": "0.28636",
            "low": "0.28636",
            "close": "0.286697"
        },
        {
            "time": "31.10.2020 14:09",
            "open": "0.286697",
            "high": "0.286697",
            "low": "0.286697",
            "close": "0.286697"
        },
        {
            "time": "31.10.2020 14:10",
            "open": "0.286697",
            "high": "0.286697",
            "low": "0.286697",
            "close": "0.286854"
        },
        {
            "time": "31.10.2020 14:15",
            "open": "0.286854",
            "high": "0.286854",
            "low": "0.286854",
            "close": "0.28692"
        },
        {
            "time": "31.10.2020 14:28",
            "open": "0.28692",
            "high": "0.28692",
            "low": "0.286354",
            "close": "0.2863"
        },
        {
            "time": "31.10.2020 14:32",
            "open": "0.2863",
            "high": "0.2863",
            "low": "0.2863",
            "close": "0.285641"
        },
        {
            "time": "31.10.2020 14:44",
            "open": "0.285641",
            "high": "0.285641",
            "low": "0.28564",
            "close": "0.285082"
        },
        {
            "time": "31.10.2020 14:52",
            "open": "0.285082",
            "high": "0.285082",
            "low": "0.285082",
            "close": "0.285684"
        },
        {
            "time": "31.10.2020 14:54",
            "open": "0.285684",
            "high": "0.285684",
            "low": "0.285684",
            "close": "0.285275"
        },
        {
            "time": "31.10.2020 15:02",
            "open": "0.285275",
            "high": "0.285275",
            "low": "0.285275",
            "close": "0.285"
        },
        {
            "time": "31.10.2020 15:05",
            "open": "0.285",
            "high": "0.285",
            "low": "0.285",
            "close": "0.284654"
        },
        {
            "time": "31.10.2020 15:07",
            "open": "0.284654",
            "high": "0.284654",
            "low": "0.284654",
            "close": "0.284087"
        },
        {
            "time": "31.10.2020 15:13",
            "open": "0.284087",
            "high": "0.284548",
            "low": "0.284087",
            "close": "0.283936"
        },
        {
            "time": "31.10.2020 15:18",
            "open": "0.283936",
            "high": "0.283936",
            "low": "0.283936",
            "close": "0.283757"
        },
        {
            "time": "31.10.2020 15:20",
            "open": "0.283757",
            "high": "0.28376",
            "low": "0.283757",
            "close": "0.282714"
        },
        {
            "time": "31.10.2020 15:28",
            "open": "0.282714",
            "high": "0.282714",
            "low": "0.282713",
            "close": "0.283088"
        },
        {
            "time": "31.10.2020 15:31",
            "open": "0.283088",
            "high": "0.283088",
            "low": "0.283088",
            "close": "0.282959"
        },
        {
            "time": "31.10.2020 15:36",
            "open": "0.282959",
            "high": "0.282959",
            "low": "0.282959",
            "close": "0.282877"
        },
        {
            "time": "31.10.2020 15:37",
            "open": "0.282877",
            "high": "0.282877",
            "low": "0.282877",
            "close": "0.28406"
        },
        {
            "time": "31.10.2020 15:54",
            "open": "0.28406",
            "high": "0.284063",
            "low": "0.28406",
            "close": "0.283347"
        },
        {
            "time": "31.10.2020 15:59",
            "open": "0.283347",
            "high": "0.283347",
            "low": "0.283347",
            "close": "0.283264"
        },
        {
            "time": "31.10.2020 16:00",
            "open": "0.283264",
            "high": "0.283264",
            "low": "0.283264",
            "close": "0.283205"
        },
        {
            "time": "31.10.2020 16:07",
            "open": "0.283205",
            "high": "0.283205",
            "low": "0.283205",
            "close": "0.283031"
        },
        {
            "time": "31.10.2020 16:15",
            "open": "0.283031",
            "high": "0.283032",
            "low": "0.283031",
            "close": "0.282873"
        },
        {
            "time": "31.10.2020 16:26",
            "open": "0.282873",
            "high": "0.282873",
            "low": "0.282873",
            "close": "0.28293"
        },
        {
            "time": "31.10.2020 16:27",
            "open": "0.28293",
            "high": "0.28293",
            "low": "0.28293",
            "close": "0.28293"
        },
        {
            "time": "31.10.2020 16:29",
            "open": "0.28293",
            "high": "0.28293",
            "low": "0.28293",
            "close": "0.282275"
        },
        {
            "time": "31.10.2020 16:33",
            "open": "0.282275",
            "high": "0.282275",
            "low": "0.282275",
            "close": "0.28234"
        },
        {
            "time": "31.10.2020 16:35",
            "open": "0.28234",
            "high": "0.28234",
            "low": "0.28234",
            "close": "0.282769"
        },
        {
            "time": "31.10.2020 16:39",
            "open": "0.282769",
            "high": "0.282769",
            "low": "0.282769",
            "close": "0.28273"
        },
        {
            "time": "31.10.2020 16:47",
            "open": "0.28273",
            "high": "0.28273",
            "low": "0.28273",
            "close": "0.283002"
        },
        {
            "time": "31.10.2020 16:51",
            "open": "0.283002",
            "high": "0.283002",
            "low": "0.282439",
            "close": "0.282363"
        },
        {
            "time": "31.10.2020 16:55",
            "open": "0.282363",
            "high": "0.282363",
            "low": "0.282363",
            "close": "0.283007"
        },
        {
            "time": "31.10.2020 16:57",
            "open": "0.283007",
            "high": "0.283007",
            "low": "0.283007",
            "close": "0.283008"
        },
        {
            "time": "31.10.2020 16:58",
            "open": "0.283008",
            "high": "0.283008",
            "low": "0.283008",
            "close": "0.283154"
        },
        {
            "time": "31.10.2020 17:01",
            "open": "0.283154",
            "high": "0.283154",
            "low": "0.283154",
            "close": "0.282795"
        },
        {
            "time": "31.10.2020 17:12",
            "open": "0.282795",
            "high": "0.283339",
            "low": "0.282712",
            "close": "0.282641"
        },
        {
            "time": "31.10.2020 17:14",
            "open": "0.282641",
            "high": "0.282641",
            "low": "0.282641",
            "close": "0.28272"
        },
        {
            "time": "31.10.2020 17:16",
            "open": "0.28272",
            "high": "0.28272",
            "low": "0.28272",
            "close": "0.283155"
        },
        {
            "time": "31.10.2020 17:20",
            "open": "0.283155",
            "high": "0.283155",
            "low": "0.283155",
            "close": "0.282305"
        },
        {
            "time": "31.10.2020 17:43",
            "open": "0.282305",
            "high": "0.282915",
            "low": "0.282305",
            "close": "0.282847"
        },
        {
            "time": "31.10.2020 17:50",
            "open": "0.282847",
            "high": "0.282847",
            "low": "0.282847",
            "close": "0.282898"
        },
        {
            "time": "31.10.2020 17:57",
            "open": "0.282898",
            "high": "0.282898",
            "low": "0.282898",
            "close": "0.282395"
        },
        {
            "time": "31.10.2020 17:58",
            "open": "0.282395",
            "high": "0.282395",
            "low": "0.282395",
            "close": "0.282974"
        },
        {
            "time": "31.10.2020 18:04",
            "open": "0.282974",
            "high": "0.282976",
            "low": "0.282974",
            "close": "0.282463"
        },
        {
            "time": "31.10.2020 18:08",
            "open": "0.282463",
            "high": "0.282463",
            "low": "0.282463",
            "close": "0.282981"
        },
        {
            "time": "31.10.2020 18:10",
            "open": "0.282981",
            "high": "0.282981",
            "low": "0.282981",
            "close": "0.283002"
        },
        {
            "time": "31.10.2020 18:24",
            "open": "0.283002",
            "high": "0.283002",
            "low": "0.282386",
            "close": "0.2822"
        },
        {
            "time": "31.10.2020 18:25",
            "open": "0.2822",
            "high": "0.2822",
            "low": "0.2822",
            "close": "0.2822"
        },
        {
            "time": "31.10.2020 18:38",
            "open": "0.2822",
            "high": "0.282363",
            "low": "0.2822",
            "close": "0.28232"
        },
        {
            "time": "31.10.2020 18:39",
            "open": "0.28232",
            "high": "0.28232",
            "low": "0.281854",
            "close": "0.281842"
        },
        {
            "time": "31.10.2020 18:54",
            "open": "0.281842",
            "high": "0.281842",
            "low": "0.281842",
            "close": "0.282446"
        },
        {
            "time": "31.10.2020 19:04",
            "open": "0.282446",
            "high": "0.282446",
            "low": "0.282446",
            "close": "0.281297"
        },
        {
            "time": "31.10.2020 19:09",
            "open": "0.281297",
            "high": "0.281297",
            "low": "0.281297",
            "close": "0.281011"
        },
        {
            "time": "31.10.2020 19:13",
            "open": "0.281011",
            "high": "0.281011",
            "low": "0.281011",
            "close": "0.281413"
        },
        {
            "time": "31.10.2020 19:16",
            "open": "0.281413",
            "high": "0.281554",
            "low": "0.281413",
            "close": "0.281619"
        },
        {
            "time": "31.10.2020 19:17",
            "open": "0.281619",
            "high": "0.281619",
            "low": "0.281619",
            "close": "0.281011"
        },
        {
            "time": "31.10.2020 19:26",
            "open": "0.281011",
            "high": "0.281011",
            "low": "0.28082",
            "close": "0.280893"
        },
        {
            "time": "31.10.2020 19:27",
            "open": "0.280893",
            "high": "0.280893",
            "low": "0.280893",
            "close": "0.280874"
        },
        {
            "time": "31.10.2020 19:35",
            "open": "0.280874",
            "high": "0.280874",
            "low": "0.280874",
            "close": "0.281655"
        },
        {
            "time": "31.10.2020 19:48",
            "open": "0.281655",
            "high": "0.281655",
            "low": "0.281655",
            "close": "0.281703"
        },
        {
            "time": "31.10.2020 19:51",
            "open": "0.281703",
            "high": "0.281703",
            "low": "0.281703",
            "close": "0.280928"
        },
        {
            "time": "31.10.2020 20:00",
            "open": "0.280928",
            "high": "0.281391",
            "low": "0.280928",
            "close": "0.28082"
        },
        {
            "time": "31.10.2020 20:01",
            "open": "0.28082",
            "high": "0.28082",
            "low": "0.28082",
            "close": "0.280497"
        },
        {
            "time": "31.10.2020 20:18",
            "open": "0.280497",
            "high": "0.280497",
            "low": "0.280497",
            "close": "0.280981"
        },
        {
            "time": "31.10.2020 20:24",
            "open": "0.280981",
            "high": "0.281157",
            "low": "0.280981",
            "close": "0.282251"
        },
        {
            "time": "31.10.2020 20:30",
            "open": "0.282251",
            "high": "0.282251",
            "low": "0.282251",
            "close": "0.281743"
        },
        {
            "time": "31.10.2020 20:32",
            "open": "0.281743",
            "high": "0.281743",
            "low": "0.281743",
            "close": "0.281617"
        },
        {
            "time": "31.10.2020 20:35",
            "open": "0.281617",
            "high": "0.282262",
            "low": "0.281617",
            "close": "0.28163"
        },
        {
            "time": "31.10.2020 20:43",
            "open": "0.28163",
            "high": "0.28163",
            "low": "0.28163",
            "close": "0.28216"
        },
        {
            "time": "31.10.2020 20:48",
            "open": "0.28216",
            "high": "0.28216",
            "low": "0.28216",
            "close": "0.282259"
        },
        {
            "time": "31.10.2020 20:54",
            "open": "0.282259",
            "high": "0.282259",
            "low": "0.282259",
            "close": "0.281418"
        },
        {
            "time": "31.10.2020 21:03",
            "open": "0.281418",
            "high": "0.281418",
            "low": "0.281418",
            "close": "0.281548"
        },
        {
            "time": "31.10.2020 21:07",
            "open": "0.281548",
            "high": "0.281548",
            "low": "0.281548",
            "close": "0.282049"
        },
        {
            "time": "31.10.2020 21:11",
            "open": "0.282049",
            "high": "0.282049",
            "low": "0.281447",
            "close": "0.282057"
        },
        {
            "time": "31.10.2020 21:29",
            "open": "0.282057",
            "high": "0.282057",
            "low": "0.282057",
            "close": "0.282243"
        },
        {
            "time": "31.10.2020 21:34",
            "open": "0.282243",
            "high": "0.282243",
            "low": "0.282243",
            "close": "0.282187"
        },
        {
            "time": "31.10.2020 21:35",
            "open": "0.282187",
            "high": "0.282245",
            "low": "0.282187",
            "close": "0.281581"
        },
        {
            "time": "31.10.2020 21:47",
            "open": "0.281581",
            "high": "0.281581",
            "low": "0.281581",
            "close": "0.281718"
        },
        {
            "time": "31.10.2020 22:00",
            "open": "0.281718",
            "high": "0.281718",
            "low": "0.281718",
            "close": "0.28166"
        },
        {
            "time": "31.10.2020 22:01",
            "open": "0.28166",
            "high": "0.28166",
            "low": "0.281589",
            "close": "0.280764"
        },
        {
            "time": "31.10.2020 22:05",
            "open": "0.280764",
            "high": "0.280764",
            "low": "0.280764",
            "close": "0.280363"
        },
        {
            "time": "31.10.2020 22:06",
            "open": "0.280363",
            "high": "0.280363",
            "low": "0.280363",
            "close": "0.28056"
        },
        {
            "time": "31.10.2020 22:10",
            "open": "0.28056",
            "high": "0.28056",
            "low": "0.28056",
            "close": "0.280248"
        },
        {
            "time": "31.10.2020 22:17",
            "open": "0.280248",
            "high": "0.280248",
            "low": "0.280248",
            "close": "0.280174"
        },
        {
            "time": "31.10.2020 22:25",
            "open": "0.280174",
            "high": "0.280174",
            "low": "0.28",
            "close": "0.280174"
        },
        {
            "time": "31.10.2020 22:29",
            "open": "0.280174",
            "high": "0.28022",
            "low": "0.280174",
            "close": "0.280243"
        },
        {
            "time": "31.10.2020 22:34",
            "open": "0.280243",
            "high": "0.280243",
            "low": "0.280243",
            "close": "0.2798"
        },
        {
            "time": "31.10.2020 22:52",
            "open": "0.2798",
            "high": "0.2798",
            "low": "0.2798",
            "close": "0.279"
        },
        {
            "time": "31.10.2020 22:53",
            "open": "0.279",
            "high": "0.279",
            "low": "0.279",
            "close": "0.278308"
        },
        {
            "time": "31.10.2020 22:56",
            "open": "0.278308",
            "high": "0.278308",
            "low": "0.278116",
            "close": "0.278"
        },
        {
            "time": "31.10.2020 23:00",
            "open": "0.278",
            "high": "0.278",
            "low": "0.27792",
            "close": "0.27834"
        },
        {
            "time": "31.10.2020 23:02",
            "open": "0.27834",
            "high": "0.27834",
            "low": "0.27834",
            "close": "0.277745"
        },
        {
            "time": "31.10.2020 23:05",
            "open": "0.277745",
            "high": "0.277745",
            "low": "0.277745",
            "close": "0.278209"
        },
        {
            "time": "31.10.2020 23:07",
            "open": "0.278209",
            "high": "0.27821",
            "low": "0.278209",
            "close": "0.278251"
        },
        {
            "time": "31.10.2020 23:10",
            "open": "0.278251",
            "high": "0.278251",
            "low": "0.278251",
            "close": "0.278826"
        },
        {
            "time": "31.10.2020 23:18",
            "open": "0.278826",
            "high": "0.278826",
            "low": "0.278826",
            "close": "0.278315"
        },
        {
            "time": "31.10.2020 23:25",
            "open": "0.278315",
            "high": "0.278315",
            "low": "0.278315",
            "close": "0.278177"
        },
        {
            "time": "31.10.2020 23:32",
            "open": "0.278177",
            "high": "0.278177",
            "low": "0.278177",
            "close": "0.278"
        },
        {
            "time": "31.10.2020 23:33",
            "open": "0.278",
            "high": "0.278",
            "low": "0.278",
            "close": "0.27731"
        },
        {
            "time": "31.10.2020 23:36",
            "open": "0.27731",
            "high": "0.27731",
            "low": "0.277277",
            "close": "0.277"
        },
        {
            "time": "31.10.2020 23:37",
            "open": "0.277",
            "high": "0.277",
            "low": "0.276673",
            "close": "0.277016"
        },
        {
            "time": "31.10.2020 23:41",
            "open": "0.277016",
            "high": "0.277016",
            "low": "0.277016",
            "close": "0.276707"
        },
        {
            "time": "31.10.2020 23:42",
            "open": "0.276707",
            "high": "0.276707",
            "low": "0.276707",
            "close": "0.276403"
        },
        {
            "time": "31.10.2020 23:43",
            "open": "0.276403",
            "high": "0.276403",
            "low": "0.276",
            "close": "0.276"
        },
        {
            "time": "31.10.2020 23:44",
            "open": "0.276",
            "high": "0.276",
            "low": "0.276",
            "close": "0.276"
        },
        {
            "time": "31.10.2020 23:45",
            "open": "0.276",
            "high": "0.27629",
            "low": "0.276",
            "close": "0.276305"
        },
        {
            "time": "31.10.2020 23:46",
            "open": "0.276305",
            "high": "0.27645",
            "low": "0.276173",
            "close": "0.276449"
        },
        {
            "time": "31.10.2020 23:47",
            "open": "0.276449",
            "high": "0.276499",
            "low": "0.276401",
            "close": "0.276459"
        },
        {
            "time": "31.10.2020 23:48",
            "open": "0.276459",
            "high": "0.27646",
            "low": "0.276459",
            "close": "0.276542"
        },
        {
            "time": "31.10.2020 23:49",
            "open": "0.276542",
            "high": "0.27655",
            "low": "0.276542",
            "close": "0.277068"
        },
        {
            "time": "31.10.2020 23:51",
            "open": "0.277068",
            "high": "0.277068",
            "low": "0.27701",
            "close": "0.276982"
        },
        {
            "time": "31.10.2020 23:52",
            "open": "0.276982",
            "high": "0.27717",
            "low": "0.276982",
            "close": "0.27717"
        },
        {
            "time": "31.10.2020 23:53",
            "open": "0.27717",
            "high": "0.277259",
            "low": "0.277169",
            "close": "0.27733"
        },
        {
            "time": "31.10.2020 23:54",
            "open": "0.27733",
            "high": "0.27733",
            "low": "0.27733",
            "close": "0.277"
        },
        {
            "time": "31.10.2020 23:55",
            "open": "0.277",
            "high": "0.277",
            "low": "0.277",
            "close": "0.276712"
        }
    ]
}