{
    "ZRX-EUR": [
        {
            "time": "09.07.2021 23:59",
            "open": "0.696156",
            "high": "0.696156",
            "low": "0.696156",
            "close": "0.700451"
        },
        {
            "time": "10.07.2021 00:01",
            "open": "0.700451",
            "high": "0.701716",
            "low": "0.700451",
            "close": "0.704432"
        },
        {
            "time": "10.07.2021 00:03",
            "open": "0.704432",
            "high": "0.704432",
            "low": "0.703478",
            "close": "0.704249"
        },
        {
            "time": "10.07.2021 00:05",
            "open": "0.704249",
            "high": "0.704249",
            "low": "0.704249",
            "close": "0.703435"
        },
        {
            "time": "10.07.2021 00:06",
            "open": "0.703435",
            "high": "0.703435",
            "low": "0.70219",
            "close": "0.70192"
        },
        {
            "time": "10.07.2021 00:07",
            "open": "0.70192",
            "high": "0.70192",
            "low": "0.70192",
            "close": "0.701994"
        },
        {
            "time": "10.07.2021 00:08",
            "open": "0.701994",
            "high": "0.7026",
            "low": "0.701994",
            "close": "0.701428"
        },
        {
            "time": "10.07.2021 00:09",
            "open": "0.701428",
            "high": "0.701428",
            "low": "0.701323",
            "close": "0.701699"
        },
        {
            "time": "10.07.2021 00:14",
            "open": "0.701699",
            "high": "0.701699",
            "low": "0.70139",
            "close": "0.701291"
        },
        {
            "time": "10.07.2021 00:15",
            "open": "0.701291",
            "high": "0.701291",
            "low": "0.701291",
            "close": "0.701694"
        },
        {
            "time": "10.07.2021 00:17",
            "open": "0.701694",
            "high": "0.701694",
            "low": "0.701694",
            "close": "0.70088"
        },
        {
            "time": "10.07.2021 00:18",
            "open": "0.70088",
            "high": "0.70088",
            "low": "0.70088",
            "close": "0.700049"
        },
        {
            "time": "10.07.2021 00:20",
            "open": "0.700049",
            "high": "0.700049",
            "low": "0.699355",
            "close": "0.699614"
        },
        {
            "time": "10.07.2021 00:21",
            "open": "0.699614",
            "high": "0.699614",
            "low": "0.699614",
            "close": "0.699593"
        },
        {
            "time": "10.07.2021 00:23",
            "open": "0.699593",
            "high": "0.699593",
            "low": "0.699593",
            "close": "0.702072"
        },
        {
            "time": "10.07.2021 00:27",
            "open": "0.702072",
            "high": "0.702072",
            "low": "0.701729",
            "close": "0.704291"
        },
        {
            "time": "10.07.2021 00:29",
            "open": "0.704291",
            "high": "0.704291",
            "low": "0.704291",
            "close": "0.707013"
        },
        {
            "time": "10.07.2021 00:35",
            "open": "0.707013",
            "high": "0.708756",
            "low": "0.707013",
            "close": "0.709263"
        },
        {
            "time": "10.07.2021 00:37",
            "open": "0.709263",
            "high": "0.709263",
            "low": "0.709263",
            "close": "0.710666"
        },
        {
            "time": "10.07.2021 00:40",
            "open": "0.710666",
            "high": "0.711555",
            "low": "0.710666",
            "close": "0.713626"
        },
        {
            "time": "10.07.2021 00:41",
            "open": "0.713626",
            "high": "0.713944",
            "low": "0.713626",
            "close": "0.710504"
        },
        {
            "time": "10.07.2021 00:43",
            "open": "0.710504",
            "high": "0.710504",
            "low": "0.710469",
            "close": "0.711836"
        },
        {
            "time": "10.07.2021 00:44",
            "open": "0.711836",
            "high": "0.711836",
            "low": "0.711836",
            "close": "0.712018"
        },
        {
            "time": "10.07.2021 00:45",
            "open": "0.712018",
            "high": "0.712018",
            "low": "0.712018",
            "close": "0.711088"
        },
        {
            "time": "10.07.2021 00:46",
            "open": "0.711088",
            "high": "0.711088",
            "low": "0.711088",
            "close": "0.707681"
        },
        {
            "time": "10.07.2021 00:48",
            "open": "0.707681",
            "high": "0.707681",
            "low": "0.707681",
            "close": "0.707856"
        },
        {
            "time": "10.07.2021 00:53",
            "open": "0.707856",
            "high": "0.707856",
            "low": "0.706785",
            "close": "0.707045"
        },
        {
            "time": "10.07.2021 00:54",
            "open": "0.707045",
            "high": "0.707133",
            "low": "0.707045",
            "close": "0.712613"
        },
        {
            "time": "10.07.2021 00:58",
            "open": "0.712613",
            "high": "0.712613",
            "low": "0.710298",
            "close": "0.710775"
        },
        {
            "time": "10.07.2021 00:59",
            "open": "0.710775",
            "high": "0.710775",
            "low": "0.710775",
            "close": "0.709086"
        },
        {
            "time": "10.07.2021 01:01",
            "open": "0.709086",
            "high": "0.709086",
            "low": "0.709086",
            "close": "0.709028"
        },
        {
            "time": "10.07.2021 01:02",
            "open": "0.709028",
            "high": "0.709028",
            "low": "0.709028",
            "close": "0.712719"
        },
        {
            "time": "10.07.2021 01:08",
            "open": "0.712719",
            "high": "0.712719",
            "low": "0.712719",
            "close": "0.710606"
        },
        {
            "time": "10.07.2021 01:10",
            "open": "0.710606",
            "high": "0.710773",
            "low": "0.710606",
            "close": "0.71061"
        },
        {
            "time": "10.07.2021 01:11",
            "open": "0.71061",
            "high": "0.710718",
            "low": "0.71061",
            "close": "0.710231"
        },
        {
            "time": "10.07.2021 01:14",
            "open": "0.710231",
            "high": "0.710231",
            "low": "0.710231",
            "close": "0.709063"
        },
        {
            "time": "10.07.2021 01:18",
            "open": "0.709063",
            "high": "0.709063",
            "low": "0.709063",
            "close": "0.708445"
        },
        {
            "time": "10.07.2021 01:21",
            "open": "0.708445",
            "high": "0.708445",
            "low": "0.708445",
            "close": "0.707967"
        },
        {
            "time": "10.07.2021 01:25",
            "open": "0.707967",
            "high": "0.707967",
            "low": "0.707967",
            "close": "0.709369"
        },
        {
            "time": "10.07.2021 01:31",
            "open": "0.709369",
            "high": "0.709369",
            "low": "0.709369",
            "close": "0.710743"
        },
        {
            "time": "10.07.2021 01:43",
            "open": "0.710743",
            "high": "0.710743",
            "low": "0.710708",
            "close": "0.710307"
        },
        {
            "time": "10.07.2021 01:46",
            "open": "0.710307",
            "high": "0.710307",
            "low": "0.710307",
            "close": "0.708462"
        },
        {
            "time": "10.07.2021 01:49",
            "open": "0.708462",
            "high": "0.708462",
            "low": "0.708462",
            "close": "0.710673"
        },
        {
            "time": "10.07.2021 01:53",
            "open": "0.710673",
            "high": "0.710673",
            "low": "0.710673",
            "close": "0.710738"
        },
        {
            "time": "10.07.2021 01:56",
            "open": "0.710738",
            "high": "0.710738",
            "low": "0.710738",
            "close": "0.711206"
        },
        {
            "time": "10.07.2021 01:57",
            "open": "0.711206",
            "high": "0.711575",
            "low": "0.711206",
            "close": "0.711206"
        },
        {
            "time": "10.07.2021 01:58",
            "open": "0.711206",
            "high": "0.711206",
            "low": "0.711206",
            "close": "0.707353"
        },
        {
            "time": "10.07.2021 01:59",
            "open": "0.707353",
            "high": "0.708153",
            "low": "0.706528",
            "close": "0.705434"
        },
        {
            "time": "10.07.2021 02:01",
            "open": "0.705434",
            "high": "0.705581",
            "low": "0.704332",
            "close": "0.710467"
        },
        {
            "time": "10.07.2021 02:03",
            "open": "0.710467",
            "high": "0.710467",
            "low": "0.710402",
            "close": "0.713282"
        },
        {
            "time": "10.07.2021 02:05",
            "open": "0.713282",
            "high": "0.713282",
            "low": "0.713282",
            "close": "0.714335"
        },
        {
            "time": "10.07.2021 02:06",
            "open": "0.714335",
            "high": "0.715984",
            "low": "0.714335",
            "close": "0.717638"
        },
        {
            "time": "10.07.2021 02:07",
            "open": "0.717638",
            "high": "0.717638",
            "low": "0.717638",
            "close": "0.718088"
        },
        {
            "time": "10.07.2021 02:08",
            "open": "0.718088",
            "high": "0.718088",
            "low": "0.718088",
            "close": "0.719657"
        },
        {
            "time": "10.07.2021 02:09",
            "open": "0.719657",
            "high": "0.719657",
            "low": "0.71959",
            "close": "0.721043"
        },
        {
            "time": "10.07.2021 02:10",
            "open": "0.721043",
            "high": "0.721043",
            "low": "0.720583",
            "close": "0.720916"
        },
        {
            "time": "10.07.2021 02:11",
            "open": "0.720916",
            "high": "0.720916",
            "low": "0.720916",
            "close": "0.716928"
        },
        {
            "time": "10.07.2021 02:13",
            "open": "0.716928",
            "high": "0.716928",
            "low": "0.716928",
            "close": "0.71608"
        },
        {
            "time": "10.07.2021 02:15",
            "open": "0.71608",
            "high": "0.71608",
            "low": "0.71608",
            "close": "0.712486"
        },
        {
            "time": "10.07.2021 02:20",
            "open": "0.712486",
            "high": "0.71257",
            "low": "0.712486",
            "close": "0.71417"
        },
        {
            "time": "10.07.2021 02:21",
            "open": "0.71417",
            "high": "0.71417",
            "low": "0.71417",
            "close": "0.712238"
        },
        {
            "time": "10.07.2021 02:25",
            "open": "0.712238",
            "high": "0.712345",
            "low": "0.710503",
            "close": "0.710021"
        },
        {
            "time": "10.07.2021 02:26",
            "open": "0.710021",
            "high": "0.710021",
            "low": "0.710021",
            "close": "0.710401"
        },
        {
            "time": "10.07.2021 02:28",
            "open": "0.710401",
            "high": "0.710401",
            "low": "0.707586",
            "close": "0.706785"
        },
        {
            "time": "10.07.2021 02:29",
            "open": "0.706785",
            "high": "0.706785",
            "low": "0.705784",
            "close": "0.704332"
        },
        {
            "time": "10.07.2021 02:30",
            "open": "0.704332",
            "high": "0.704896",
            "low": "0.703679",
            "close": "0.702685"
        },
        {
            "time": "10.07.2021 02:31",
            "open": "0.702685",
            "high": "0.702685",
            "low": "0.702685",
            "close": "0.704245"
        },
        {
            "time": "10.07.2021 02:32",
            "open": "0.704245",
            "high": "0.704245",
            "low": "0.701946",
            "close": "0.700596"
        },
        {
            "time": "10.07.2021 02:33",
            "open": "0.700596",
            "high": "0.700596",
            "low": "0.700596",
            "close": "0.700487"
        },
        {
            "time": "10.07.2021 02:34",
            "open": "0.700487",
            "high": "0.700487",
            "low": "0.700487",
            "close": "0.701277"
        },
        {
            "time": "10.07.2021 02:39",
            "open": "0.701277",
            "high": "0.701277",
            "low": "0.70088",
            "close": "0.701306"
        },
        {
            "time": "10.07.2021 02:42",
            "open": "0.701306",
            "high": "0.704145",
            "low": "0.701306",
            "close": "0.702965"
        },
        {
            "time": "10.07.2021 02:43",
            "open": "0.702965",
            "high": "0.702965",
            "low": "0.6999",
            "close": "0.698736"
        },
        {
            "time": "10.07.2021 02:44",
            "open": "0.698736",
            "high": "0.698736",
            "low": "0.698299",
            "close": "0.697365"
        },
        {
            "time": "10.07.2021 02:45",
            "open": "0.697365",
            "high": "0.697365",
            "low": "0.693796",
            "close": "0.69461"
        },
        {
            "time": "10.07.2021 02:46",
            "open": "0.69461",
            "high": "0.694818",
            "low": "0.69461",
            "close": "0.696161"
        },
        {
            "time": "10.07.2021 02:47",
            "open": "0.696161",
            "high": "0.697136",
            "low": "0.696161",
            "close": "0.698119"
        },
        {
            "time": "10.07.2021 02:48",
            "open": "0.698119",
            "high": "0.698119",
            "low": "0.694706",
            "close": "0.694449"
        },
        {
            "time": "10.07.2021 02:50",
            "open": "0.694449",
            "high": "0.694449",
            "low": "0.694227",
            "close": "0.695339"
        },
        {
            "time": "10.07.2021 02:51",
            "open": "0.695339",
            "high": "0.695409",
            "low": "0.695339",
            "close": "0.695951"
        },
        {
            "time": "10.07.2021 02:52",
            "open": "0.695951",
            "high": "0.695951",
            "low": "0.695168",
            "close": "0.69296"
        },
        {
            "time": "10.07.2021 02:56",
            "open": "0.69296",
            "high": "0.69296",
            "low": "0.688203",
            "close": "0.690657"
        },
        {
            "time": "10.07.2021 02:57",
            "open": "0.690657",
            "high": "0.690961",
            "low": "0.690657",
            "close": "0.691711"
        },
        {
            "time": "10.07.2021 02:58",
            "open": "0.691711",
            "high": "0.691711",
            "low": "0.691711",
            "close": "0.691306"
        },
        {
            "time": "10.07.2021 02:59",
            "open": "0.691306",
            "high": "0.691306",
            "low": "0.690974",
            "close": "0.69156"
        },
        {
            "time": "10.07.2021 03:00",
            "open": "0.69156",
            "high": "0.69156",
            "low": "0.69156",
            "close": "0.687917"
        },
        {
            "time": "10.07.2021 03:02",
            "open": "0.687917",
            "high": "0.688224",
            "low": "0.687588",
            "close": "0.688741"
        },
        {
            "time": "10.07.2021 03:05",
            "open": "0.688741",
            "high": "0.688741",
            "low": "0.688741",
            "close": "0.691226"
        },
        {
            "time": "10.07.2021 03:07",
            "open": "0.691226",
            "high": "0.691226",
            "low": "0.690886",
            "close": "0.69156"
        },
        {
            "time": "10.07.2021 03:08",
            "open": "0.69156",
            "high": "0.691925",
            "low": "0.69156",
            "close": "0.692577"
        },
        {
            "time": "10.07.2021 03:09",
            "open": "0.692577",
            "high": "0.692577",
            "low": "0.692577",
            "close": "0.692925"
        },
        {
            "time": "10.07.2021 03:12",
            "open": "0.692925",
            "high": "0.692925",
            "low": "0.691925",
            "close": "0.692819"
        },
        {
            "time": "10.07.2021 03:14",
            "open": "0.692819",
            "high": "0.692819",
            "low": "0.691356",
            "close": "0.692706"
        },
        {
            "time": "10.07.2021 03:15",
            "open": "0.692706",
            "high": "0.692706",
            "low": "0.692706",
            "close": "0.69226"
        },
        {
            "time": "10.07.2021 03:16",
            "open": "0.69226",
            "high": "0.69226",
            "low": "0.69226",
            "close": "0.694308"
        },
        {
            "time": "10.07.2021 03:18",
            "open": "0.694308",
            "high": "0.694308",
            "low": "0.694308",
            "close": "0.694706"
        },
        {
            "time": "10.07.2021 03:19",
            "open": "0.694706",
            "high": "0.694706",
            "low": "0.694706",
            "close": "0.695939"
        },
        {
            "time": "10.07.2021 03:20",
            "open": "0.695939",
            "high": "0.695939",
            "low": "0.695939",
            "close": "0.697152"
        },
        {
            "time": "10.07.2021 03:24",
            "open": "0.697152",
            "high": "0.697152",
            "low": "0.697152",
            "close": "0.69739"
        },
        {
            "time": "10.07.2021 03:25",
            "open": "0.69739",
            "high": "0.697521",
            "low": "0.69739",
            "close": "0.697519"
        },
        {
            "time": "10.07.2021 03:28",
            "open": "0.697519",
            "high": "0.697519",
            "low": "0.697519",
            "close": "0.69442"
        },
        {
            "time": "10.07.2021 03:30",
            "open": "0.69442",
            "high": "0.695412",
            "low": "0.694313",
            "close": "0.695933"
        },
        {
            "time": "10.07.2021 03:31",
            "open": "0.695933",
            "high": "0.695933",
            "low": "0.695933",
            "close": "0.695068"
        },
        {
            "time": "10.07.2021 03:36",
            "open": "0.695068",
            "high": "0.695068",
            "low": "0.694962",
            "close": "0.69392"
        },
        {
            "time": "10.07.2021 03:37",
            "open": "0.69392",
            "high": "0.694094",
            "low": "0.691367",
            "close": "0.691782"
        },
        {
            "time": "10.07.2021 03:49",
            "open": "0.691782",
            "high": "0.691782",
            "low": "0.691782",
            "close": "0.690621"
        },
        {
            "time": "10.07.2021 03:50",
            "open": "0.690621",
            "high": "0.690621",
            "low": "0.690621",
            "close": "0.690527"
        },
        {
            "time": "10.07.2021 03:51",
            "open": "0.690527",
            "high": "0.690527",
            "low": "0.690527",
            "close": "0.690686"
        },
        {
            "time": "10.07.2021 03:58",
            "open": "0.690686",
            "high": "0.690686",
            "low": "0.690686",
            "close": "0.689095"
        },
        {
            "time": "10.07.2021 04:00",
            "open": "0.689095",
            "high": "0.689095",
            "low": "0.689095",
            "close": "0.688369"
        },
        {
            "time": "10.07.2021 04:03",
            "open": "0.688369",
            "high": "0.688369",
            "low": "0.688369",
            "close": "0.690125"
        },
        {
            "time": "10.07.2021 04:04",
            "open": "0.689548",
            "high": "0.689548",
            "low": "0.689548",
            "close": "0.686686"
        },
        {
            "time": "10.07.2021 04:11",
            "open": "0.686686",
            "high": "0.687462",
            "low": "0.685234",
            "close": "0.686079"
        },
        {
            "time": "10.07.2021 04:12",
            "open": "0.686079",
            "high": "0.686081",
            "low": "0.686079",
            "close": "0.688074"
        },
        {
            "time": "10.07.2021 04:20",
            "open": "0.688074",
            "high": "0.688074",
            "low": "0.687958",
            "close": "0.685843"
        },
        {
            "time": "10.07.2021 04:29",
            "open": "0.685843",
            "high": "0.685843",
            "low": "0.685843",
            "close": "0.6842"
        },
        {
            "time": "10.07.2021 04:34",
            "open": "0.6842",
            "high": "0.6842",
            "low": "0.6842",
            "close": "0.682344"
        },
        {
            "time": "10.07.2021 04:41",
            "open": "0.682344",
            "high": "0.682344",
            "low": "0.682344",
            "close": "0.683452"
        },
        {
            "time": "10.07.2021 04:46",
            "open": "0.683452",
            "high": "0.683452",
            "low": "0.683452",
            "close": "0.683509"
        },
        {
            "time": "10.07.2021 04:52",
            "open": "0.683509",
            "high": "0.683693",
            "low": "0.683509",
            "close": "0.682913"
        },
        {
            "time": "10.07.2021 04:58",
            "open": "0.682913",
            "high": "0.682913",
            "low": "0.682913",
            "close": "0.689118"
        },
        {
            "time": "10.07.2021 05:04",
            "open": "0.689118",
            "high": "0.689118",
            "low": "0.689118",
            "close": "0.693313"
        },
        {
            "time": "10.07.2021 05:07",
            "open": "0.693313",
            "high": "0.693313",
            "low": "0.693313",
            "close": "0.69447"
        },
        {
            "time": "10.07.2021 05:08",
            "open": "0.69447",
            "high": "0.69447",
            "low": "0.69447",
            "close": "0.694248"
        },
        {
            "time": "10.07.2021 05:10",
            "open": "0.694248",
            "high": "0.694248",
            "low": "0.694248",
            "close": "0.695305"
        },
        {
            "time": "10.07.2021 05:11",
            "open": "0.695305",
            "high": "0.695305",
            "low": "0.695305",
            "close": "0.69705"
        },
        {
            "time": "10.07.2021 05:28",
            "open": "0.69705",
            "high": "0.69705",
            "low": "0.69705",
            "close": "0.695593"
        },
        {
            "time": "10.07.2021 05:30",
            "open": "0.695593",
            "high": "0.695593",
            "low": "0.69529",
            "close": "0.695925"
        },
        {
            "time": "10.07.2021 05:32",
            "open": "0.695925",
            "high": "0.696336",
            "low": "0.695296",
            "close": "0.695125"
        },
        {
            "time": "10.07.2021 05:33",
            "open": "0.695125",
            "high": "0.695125",
            "low": "0.693289",
            "close": "0.694066"
        },
        {
            "time": "10.07.2021 05:34",
            "open": "0.694066",
            "high": "0.694066",
            "low": "0.694066",
            "close": "0.696318"
        },
        {
            "time": "10.07.2021 05:44",
            "open": "0.696318",
            "high": "0.696318",
            "low": "0.696318",
            "close": "0.695674"
        },
        {
            "time": "10.07.2021 05:53",
            "open": "0.695674",
            "high": "0.695674",
            "low": "0.695674",
            "close": "0.694683"
        },
        {
            "time": "10.07.2021 05:59",
            "open": "0.694683",
            "high": "0.694683",
            "low": "0.694683",
            "close": "0.694807"
        },
        {
            "time": "10.07.2021 06:01",
            "open": "0.694807",
            "high": "0.694807",
            "low": "0.694807",
            "close": "0.696435"
        },
        {
            "time": "10.07.2021 06:06",
            "open": "0.696435",
            "high": "0.696564",
            "low": "0.696435",
            "close": "0.695341"
        },
        {
            "time": "10.07.2021 06:10",
            "open": "0.695341",
            "high": "0.695341",
            "low": "0.695341",
            "close": "0.696568"
        },
        {
            "time": "10.07.2021 06:16",
            "open": "0.696568",
            "high": "0.69667",
            "low": "0.696568",
            "close": "0.698231"
        },
        {
            "time": "10.07.2021 06:25",
            "open": "0.698231",
            "high": "0.69827",
            "low": "0.698231",
            "close": "0.695567"
        },
        {
            "time": "10.07.2021 06:42",
            "open": "0.695567",
            "high": "0.695687",
            "low": "0.695567",
            "close": "0.695057"
        },
        {
            "time": "10.07.2021 06:43",
            "open": "0.695057",
            "high": "0.695057",
            "low": "0.695057",
            "close": "0.695387"
        },
        {
            "time": "10.07.2021 06:48",
            "open": "0.695387",
            "high": "0.695387",
            "low": "0.69446",
            "close": "0.695263"
        },
        {
            "time": "10.07.2021 06:49",
            "open": "0.695263",
            "high": "0.695263",
            "low": "0.695263",
            "close": "0.694342"
        },
        {
            "time": "10.07.2021 06:50",
            "open": "0.694342",
            "high": "0.694342",
            "low": "0.694342",
            "close": "0.691326"
        },
        {
            "time": "10.07.2021 06:54",
            "open": "0.691326",
            "high": "0.691326",
            "low": "0.691326",
            "close": "0.692343"
        },
        {
            "time": "10.07.2021 06:55",
            "open": "0.692343",
            "high": "0.692902",
            "low": "0.692227",
            "close": "0.689481"
        },
        {
            "time": "10.07.2021 07:00",
            "open": "0.689481",
            "high": "0.689916",
            "low": "0.689481",
            "close": "0.686946"
        },
        {
            "time": "10.07.2021 07:01",
            "open": "0.686946",
            "high": "0.686947",
            "low": "0.686946",
            "close": "0.685422"
        },
        {
            "time": "10.07.2021 07:02",
            "open": "0.685422",
            "high": "0.685422",
            "low": "0.685422",
            "close": "0.691323"
        },
        {
            "time": "10.07.2021 07:06",
            "open": "0.691323",
            "high": "0.691323",
            "low": "0.691323",
            "close": "0.697741"
        },
        {
            "time": "10.07.2021 07:10",
            "open": "0.697741",
            "high": "0.697741",
            "low": "0.697741",
            "close": "0.695516"
        },
        {
            "time": "10.07.2021 07:13",
            "open": "0.695516",
            "high": "0.695516",
            "low": "0.695397",
            "close": "0.6985"
        },
        {
            "time": "10.07.2021 07:16",
            "open": "0.6985",
            "high": "0.6985",
            "low": "0.6985",
            "close": "0.699367"
        },
        {
            "time": "10.07.2021 07:17",
            "open": "0.699367",
            "high": "0.699367",
            "low": "0.699367",
            "close": "0.697551"
        },
        {
            "time": "10.07.2021 07:18",
            "open": "0.697551",
            "high": "0.697551",
            "low": "0.697437",
            "close": "0.694784"
        },
        {
            "time": "10.07.2021 07:21",
            "open": "0.694784",
            "high": "0.698799",
            "low": "0.694784",
            "close": "0.698111"
        },
        {
            "time": "10.07.2021 07:22",
            "open": "0.698111",
            "high": "0.698111",
            "low": "0.697933",
            "close": "0.695725"
        },
        {
            "time": "10.07.2021 07:23",
            "open": "0.695725",
            "high": "0.695725",
            "low": "0.695725",
            "close": "0.695586"
        },
        {
            "time": "10.07.2021 07:28",
            "open": "0.695586",
            "high": "0.695586",
            "low": "0.695586",
            "close": "0.690894"
        },
        {
            "time": "10.07.2021 07:29",
            "open": "0.690894",
            "high": "0.690894",
            "low": "0.690894",
            "close": "0.692306"
        },
        {
            "time": "10.07.2021 07:30",
            "open": "0.692306",
            "high": "0.692306",
            "low": "0.692192",
            "close": "0.69916"
        },
        {
            "time": "10.07.2021 07:36",
            "open": "0.69916",
            "high": "0.69916",
            "low": "0.69916",
            "close": "0.699166"
        },
        {
            "time": "10.07.2021 07:38",
            "open": "0.699166",
            "high": "0.699166",
            "low": "0.699166",
            "close": "0.69797"
        },
        {
            "time": "10.07.2021 07:45",
            "open": "0.69797",
            "high": "0.69797",
            "low": "0.69797",
            "close": "0.699397"
        },
        {
            "time": "10.07.2021 07:46",
            "open": "0.699397",
            "high": "0.699518",
            "low": "0.699397",
            "close": "0.698967"
        },
        {
            "time": "10.07.2021 07:54",
            "open": "0.698967",
            "high": "0.698967",
            "low": "0.698967",
            "close": "0.69834"
        },
        {
            "time": "10.07.2021 08:11",
            "open": "0.69834",
            "high": "0.698341",
            "low": "0.69834",
            "close": "0.698341"
        },
        {
            "time": "10.07.2021 08:12",
            "open": "0.698341",
            "high": "0.698341",
            "low": "0.698341",
            "close": "0.695301"
        },
        {
            "time": "10.07.2021 08:26",
            "open": "0.695301",
            "high": "0.695301",
            "low": "0.693728",
            "close": "0.693592"
        },
        {
            "time": "10.07.2021 08:27",
            "open": "0.693592",
            "high": "0.693593",
            "low": "0.69303",
            "close": "0.692457"
        },
        {
            "time": "10.07.2021 08:28",
            "open": "0.692457",
            "high": "0.69282",
            "low": "0.689441",
            "close": "0.688205"
        },
        {
            "time": "10.07.2021 08:29",
            "open": "0.688205",
            "high": "0.688451",
            "low": "0.688205",
            "close": "0.687781"
        },
        {
            "time": "10.07.2021 08:31",
            "open": "0.687781",
            "high": "0.687781",
            "low": "0.687022",
            "close": "0.687069"
        },
        {
            "time": "10.07.2021 08:33",
            "open": "0.687069",
            "high": "0.687069",
            "low": "0.687069",
            "close": "0.687781"
        },
        {
            "time": "10.07.2021 08:34",
            "open": "0.687781",
            "high": "0.687781",
            "low": "0.687781",
            "close": "0.68702"
        },
        {
            "time": "10.07.2021 08:36",
            "open": "0.68702",
            "high": "0.68702",
            "low": "0.68702",
            "close": "0.68764"
        },
        {
            "time": "10.07.2021 08:45",
            "open": "0.68764",
            "high": "0.68764",
            "low": "0.68764",
            "close": "0.683961"
        },
        {
            "time": "10.07.2021 08:47",
            "open": "0.683961",
            "high": "0.683961",
            "low": "0.683961",
            "close": "0.68709"
        },
        {
            "time": "10.07.2021 08:52",
            "open": "0.68709",
            "high": "0.68709",
            "low": "0.68709",
            "close": "0.689528"
        },
        {
            "time": "10.07.2021 08:54",
            "open": "0.689528",
            "high": "0.689528",
            "low": "0.689528",
            "close": "0.688061"
        },
        {
            "time": "10.07.2021 08:57",
            "open": "0.688061",
            "high": "0.688062",
            "low": "0.688061",
            "close": "0.688062"
        },
        {
            "time": "10.07.2021 08:59",
            "open": "0.688062",
            "high": "0.688062",
            "low": "0.688062",
            "close": "0.687406"
        },
        {
            "time": "10.07.2021 09:00",
            "open": "0.687406",
            "high": "0.687406",
            "low": "0.686228",
            "close": "0.685112"
        },
        {
            "time": "10.07.2021 09:01",
            "open": "0.685112",
            "high": "0.685112",
            "low": "0.684079",
            "close": "0.684079"
        },
        {
            "time": "10.07.2021 09:02",
            "open": "0.684079",
            "high": "0.684079",
            "low": "0.684079",
            "close": "0.683364"
        },
        {
            "time": "10.07.2021 09:03",
            "open": "0.683364",
            "high": "0.683364",
            "low": "0.683345",
            "close": "0.68319"
        },
        {
            "time": "10.07.2021 09:04",
            "open": "0.68319",
            "high": "0.68319",
            "low": "0.683",
            "close": "0.68319"
        },
        {
            "time": "10.07.2021 09:06",
            "open": "0.68319",
            "high": "0.683498",
            "low": "0.68319",
            "close": "0.684367"
        },
        {
            "time": "10.07.2021 09:07",
            "open": "0.684367",
            "high": "0.684367",
            "low": "0.684367",
            "close": "0.684367"
        },
        {
            "time": "10.07.2021 09:09",
            "open": "0.684367",
            "high": "0.684367",
            "low": "0.684367",
            "close": "0.683994"
        },
        {
            "time": "10.07.2021 09:10",
            "open": "0.683994",
            "high": "0.683994",
            "low": "0.683994",
            "close": "0.683994"
        },
        {
            "time": "10.07.2021 09:11",
            "open": "0.683994",
            "high": "0.683994",
            "low": "0.683994",
            "close": "0.683883"
        },
        {
            "time": "10.07.2021 09:12",
            "open": "0.683883",
            "high": "0.683883",
            "low": "0.683278",
            "close": "0.683883"
        },
        {
            "time": "10.07.2021 09:13",
            "open": "0.683883",
            "high": "0.683883",
            "low": "0.683483",
            "close": "0.683"
        },
        {
            "time": "10.07.2021 09:14",
            "open": "0.683",
            "high": "0.683",
            "low": "0.683",
            "close": "0.683001"
        },
        {
            "time": "10.07.2021 09:16",
            "open": "0.683001",
            "high": "0.683001",
            "low": "0.683",
            "close": "0.683"
        },
        {
            "time": "10.07.2021 09:17",
            "open": "0.683",
            "high": "0.683277",
            "low": "0.683",
            "close": "0.683277"
        },
        {
            "time": "10.07.2021 09:18",
            "open": "0.683277",
            "high": "0.683277",
            "low": "0.683",
            "close": "0.683098"
        },
        {
            "time": "10.07.2021 09:20",
            "open": "0.683098",
            "high": "0.683098",
            "low": "0.683004",
            "close": "0.683004"
        },
        {
            "time": "10.07.2021 09:21",
            "open": "0.683004",
            "high": "0.683004",
            "low": "0.682497",
            "close": "0.681781"
        },
        {
            "time": "10.07.2021 09:22",
            "open": "0.681781",
            "high": "0.681781",
            "low": "0.679597",
            "close": "0.680671"
        },
        {
            "time": "10.07.2021 09:24",
            "open": "0.680671",
            "high": "0.680676",
            "low": "0.680671",
            "close": "0.681696"
        },
        {
            "time": "10.07.2021 09:25",
            "open": "0.681696",
            "high": "0.681696",
            "low": "0.681696",
            "close": "0.681696"
        },
        {
            "time": "10.07.2021 09:26",
            "open": "0.681696",
            "high": "0.681696",
            "low": "0.681696",
            "close": "0.681804"
        },
        {
            "time": "10.07.2021 09:27",
            "open": "0.681804",
            "high": "0.682951",
            "low": "0.681804",
            "close": "0.683155"
        },
        {
            "time": "10.07.2021 09:28",
            "open": "0.683155",
            "high": "0.683155",
            "low": "0.683155",
            "close": "0.682474"
        },
        {
            "time": "10.07.2021 09:29",
            "open": "0.682474",
            "high": "0.683155",
            "low": "0.682474",
            "close": "0.684221"
        },
        {
            "time": "10.07.2021 09:30",
            "open": "0.684221",
            "high": "0.684221",
            "low": "0.68378",
            "close": "0.68378"
        },
        {
            "time": "10.07.2021 09:31",
            "open": "0.68378",
            "high": "0.68378",
            "low": "0.68378",
            "close": "0.68378"
        },
        {
            "time": "10.07.2021 09:32",
            "open": "0.68378",
            "high": "0.68378",
            "low": "0.68378",
            "close": "0.687039"
        },
        {
            "time": "10.07.2021 09:36",
            "open": "0.687039",
            "high": "0.687039",
            "low": "0.687039",
            "close": "0.685787"
        },
        {
            "time": "10.07.2021 09:37",
            "open": "0.685787",
            "high": "0.685787",
            "low": "0.685238",
            "close": "0.684919"
        },
        {
            "time": "10.07.2021 09:41",
            "open": "0.684919",
            "high": "0.684919",
            "low": "0.684919",
            "close": "0.68627"
        },
        {
            "time": "10.07.2021 09:47",
            "open": "0.68627",
            "high": "0.68627",
            "low": "0.685958",
            "close": "0.687806"
        },
        {
            "time": "10.07.2021 09:49",
            "open": "0.687806",
            "high": "0.687806",
            "low": "0.687806",
            "close": "0.688473"
        },
        {
            "time": "10.07.2021 09:53",
            "open": "0.688473",
            "high": "0.688473",
            "low": "0.688473",
            "close": "0.68792"
        },
        {
            "time": "10.07.2021 09:54",
            "open": "0.68792",
            "high": "0.68792",
            "low": "0.68773",
            "close": "0.687904"
        },
        {
            "time": "10.07.2021 09:58",
            "open": "0.687904",
            "high": "0.687904",
            "low": "0.687904",
            "close": "0.686639"
        },
        {
            "time": "10.07.2021 09:59",
            "open": "0.686639",
            "high": "0.686639",
            "low": "0.686639",
            "close": "0.68378"
        },
        {
            "time": "10.07.2021 10:02",
            "open": "0.68378",
            "high": "0.68378",
            "low": "0.68378",
            "close": "0.685149"
        },
        {
            "time": "10.07.2021 10:05",
            "open": "0.685149",
            "high": "0.685149",
            "low": "0.685149",
            "close": "0.685343"
        },
        {
            "time": "10.07.2021 10:06",
            "open": "0.685343",
            "high": "0.685343",
            "low": "0.685343",
            "close": "0.685215"
        },
        {
            "time": "10.07.2021 10:08",
            "open": "0.685215",
            "high": "0.685215",
            "low": "0.685215",
            "close": "0.685247"
        },
        {
            "time": "10.07.2021 10:09",
            "open": "0.685247",
            "high": "0.685247",
            "low": "0.685247",
            "close": "0.685215"
        },
        {
            "time": "10.07.2021 10:11",
            "open": "0.685215",
            "high": "0.685215",
            "low": "0.685215",
            "close": "0.685495"
        },
        {
            "time": "10.07.2021 10:15",
            "open": "0.685495",
            "high": "0.685495",
            "low": "0.685495",
            "close": "0.686235"
        },
        {
            "time": "10.07.2021 10:17",
            "open": "0.686235",
            "high": "0.686372",
            "low": "0.686235",
            "close": "0.688583"
        },
        {
            "time": "10.07.2021 10:21",
            "open": "0.688583",
            "high": "0.688583",
            "low": "0.687959",
            "close": "0.688657"
        },
        {
            "time": "10.07.2021 10:25",
            "open": "0.688657",
            "high": "0.688657",
            "low": "0.688657",
            "close": "0.688657"
        },
        {
            "time": "10.07.2021 10:26",
            "open": "0.688657",
            "high": "0.688657",
            "low": "0.688657",
            "close": "0.688657"
        },
        {
            "time": "10.07.2021 10:27",
            "open": "0.688657",
            "high": "0.688657",
            "low": "0.688657",
            "close": "0.687467"
        },
        {
            "time": "10.07.2021 10:32",
            "open": "0.687467",
            "high": "0.687467",
            "low": "0.686676",
            "close": "0.686595"
        },
        {
            "time": "10.07.2021 10:34",
            "open": "0.686595",
            "high": "0.686595",
            "low": "0.686595",
            "close": "0.686688"
        },
        {
            "time": "10.07.2021 10:36",
            "open": "0.686688",
            "high": "0.686688",
            "low": "0.686688",
            "close": "0.686854"
        },
        {
            "time": "10.07.2021 10:37",
            "open": "0.686854",
            "high": "0.686854",
            "low": "0.686854",
            "close": "0.686632"
        },
        {
            "time": "10.07.2021 10:38",
            "open": "0.686632",
            "high": "0.686632",
            "low": "0.686507",
            "close": "0.686256"
        },
        {
            "time": "10.07.2021 10:41",
            "open": "0.686256",
            "high": "0.686256",
            "low": "0.686256",
            "close": "0.685553"
        },
        {
            "time": "10.07.2021 10:42",
            "open": "0.685553",
            "high": "0.685553",
            "low": "0.685553",
            "close": "0.685215"
        },
        {
            "time": "10.07.2021 10:46",
            "open": "0.685215",
            "high": "0.685215",
            "low": "0.685215",
            "close": "0.685252"
        },
        {
            "time": "10.07.2021 10:49",
            "open": "0.685252",
            "high": "0.685252",
            "low": "0.68514",
            "close": "0.686443"
        },
        {
            "time": "10.07.2021 10:56",
            "open": "0.686443",
            "high": "0.686443",
            "low": "0.686443",
            "close": "0.684101"
        },
        {
            "time": "10.07.2021 10:59",
            "open": "0.684101",
            "high": "0.684101",
            "low": "0.684101",
            "close": "0.684101"
        },
        {
            "time": "10.07.2021 11:00",
            "open": "0.684101",
            "high": "0.684101",
            "low": "0.684101",
            "close": "0.684101"
        },
        {
            "time": "10.07.2021 11:01",
            "open": "0.684101",
            "high": "0.684229",
            "low": "0.684101",
            "close": "0.684229"
        },
        {
            "time": "10.07.2021 11:03",
            "open": "0.684229",
            "high": "0.684229",
            "low": "0.684229",
            "close": "0.683718"
        },
        {
            "time": "10.07.2021 11:04",
            "open": "0.683718",
            "high": "0.684658",
            "low": "0.683718",
            "close": "0.684658"
        },
        {
            "time": "10.07.2021 11:05",
            "open": "0.684658",
            "high": "0.685254",
            "low": "0.684658",
            "close": "0.685254"
        },
        {
            "time": "10.07.2021 11:06",
            "open": "0.685254",
            "high": "0.685953",
            "low": "0.684641",
            "close": "0.685119"
        },
        {
            "time": "10.07.2021 11:08",
            "open": "0.685119",
            "high": "0.685119",
            "low": "0.685119",
            "close": "0.685512"
        },
        {
            "time": "10.07.2021 11:09",
            "open": "0.685512",
            "high": "0.685512",
            "low": "0.685512",
            "close": "0.686377"
        },
        {
            "time": "10.07.2021 11:10",
            "open": "0.686377",
            "high": "0.686377",
            "low": "0.686377",
            "close": "0.687208"
        },
        {
            "time": "10.07.2021 11:18",
            "open": "0.687208",
            "high": "0.687208",
            "low": "0.687208",
            "close": "0.687205"
        },
        {
            "time": "10.07.2021 11:19",
            "open": "0.687205",
            "high": "0.687205",
            "low": "0.686041",
            "close": "0.68682"
        },
        {
            "time": "10.07.2021 11:21",
            "open": "0.68682",
            "high": "0.688015",
            "low": "0.68682",
            "close": "0.688015"
        },
        {
            "time": "10.07.2021 11:23",
            "open": "0.688015",
            "high": "0.688015",
            "low": "0.686828",
            "close": "0.688213"
        },
        {
            "time": "10.07.2021 11:24",
            "open": "0.688213",
            "high": "0.688213",
            "low": "0.688213",
            "close": "0.688227"
        },
        {
            "time": "10.07.2021 11:25",
            "open": "0.688227",
            "high": "0.6885",
            "low": "0.688227",
            "close": "0.688178"
        },
        {
            "time": "10.07.2021 11:26",
            "open": "0.688178",
            "high": "0.688178",
            "low": "0.688178",
            "close": "0.688178"
        },
        {
            "time": "10.07.2021 11:28",
            "open": "0.688178",
            "high": "0.688178",
            "low": "0.688178",
            "close": "0.687228"
        },
        {
            "time": "10.07.2021 11:31",
            "open": "0.687228",
            "high": "0.687228",
            "low": "0.687228",
            "close": "0.687113"
        },
        {
            "time": "10.07.2021 11:32",
            "open": "0.687113",
            "high": "0.687113",
            "low": "0.687113",
            "close": "0.687113"
        },
        {
            "time": "10.07.2021 11:33",
            "open": "0.687113",
            "high": "0.687233",
            "low": "0.687113",
            "close": "0.68708"
        },
        {
            "time": "10.07.2021 11:41",
            "open": "0.68708",
            "high": "0.68708",
            "low": "0.68708",
            "close": "0.688497"
        },
        {
            "time": "10.07.2021 11:46",
            "open": "0.688497",
            "high": "0.688497",
            "low": "0.688497",
            "close": "0.686333"
        },
        {
            "time": "10.07.2021 11:51",
            "open": "0.686333",
            "high": "0.686333",
            "low": "0.685119",
            "close": "0.685119"
        },
        {
            "time": "10.07.2021 11:52",
            "open": "0.685119",
            "high": "0.685119",
            "low": "0.685119",
            "close": "0.684666"
        },
        {
            "time": "10.07.2021 11:54",
            "open": "0.684666",
            "high": "0.684666",
            "low": "0.684666",
            "close": "0.684923"
        },
        {
            "time": "10.07.2021 11:55",
            "open": "0.684923",
            "high": "0.685386",
            "low": "0.684923",
            "close": "0.684532"
        },
        {
            "time": "10.07.2021 11:56",
            "open": "0.684532",
            "high": "0.684532",
            "low": "0.684532",
            "close": "0.681055"
        },
        {
            "time": "10.07.2021 12:02",
            "open": "0.681055",
            "high": "0.681055",
            "low": "0.680936",
            "close": "0.680339"
        },
        {
            "time": "10.07.2021 12:06",
            "open": "0.680339",
            "high": "0.680526",
            "low": "0.680339",
            "close": "0.684348"
        },
        {
            "time": "10.07.2021 12:16",
            "open": "0.684348",
            "high": "0.684348",
            "low": "0.684123",
            "close": "0.686902"
        },
        {
            "time": "10.07.2021 12:19",
            "open": "0.686902",
            "high": "0.686902",
            "low": "0.685436",
            "close": "0.686586"
        },
        {
            "time": "10.07.2021 12:20",
            "open": "0.686586",
            "high": "0.686586",
            "low": "0.686586",
            "close": "0.682198"
        },
        {
            "time": "10.07.2021 12:22",
            "open": "0.682198",
            "high": "0.682198",
            "low": "0.682198",
            "close": "0.681508"
        },
        {
            "time": "10.07.2021 12:25",
            "open": "0.681508",
            "high": "0.681508",
            "low": "0.680541",
            "close": "0.679793"
        },
        {
            "time": "10.07.2021 12:31",
            "open": "0.679793",
            "high": "0.680018",
            "low": "0.679793",
            "close": "0.677593"
        },
        {
            "time": "10.07.2021 12:33",
            "open": "0.677593",
            "high": "0.677794",
            "low": "0.676237",
            "close": "0.678994"
        },
        {
            "time": "10.07.2021 12:35",
            "open": "0.678994",
            "high": "0.679008",
            "low": "0.677764",
            "close": "0.677764"
        },
        {
            "time": "10.07.2021 12:36",
            "open": "0.677764",
            "high": "0.677764",
            "low": "0.677175",
            "close": "0.679061"
        },
        {
            "time": "10.07.2021 12:37",
            "open": "0.679061",
            "high": "0.679061",
            "low": "0.679061",
            "close": "0.67885"
        },
        {
            "time": "10.07.2021 12:39",
            "open": "0.67885",
            "high": "0.67885",
            "low": "0.67873",
            "close": "0.67992"
        },
        {
            "time": "10.07.2021 12:40",
            "open": "0.67992",
            "high": "0.67992",
            "low": "0.67992",
            "close": "0.679853"
        },
        {
            "time": "10.07.2021 12:41",
            "open": "0.679853",
            "high": "0.680091",
            "low": "0.679853",
            "close": "0.679608"
        },
        {
            "time": "10.07.2021 12:50",
            "open": "0.679608",
            "high": "0.679608",
            "low": "0.679483",
            "close": "0.678299"
        },
        {
            "time": "10.07.2021 12:51",
            "open": "0.678299",
            "high": "0.678299",
            "low": "0.678175",
            "close": "0.679172"
        },
        {
            "time": "10.07.2021 12:53",
            "open": "0.679172",
            "high": "0.679194",
            "low": "0.679172",
            "close": "0.6766"
        },
        {
            "time": "10.07.2021 12:54",
            "open": "0.6766",
            "high": "0.6766",
            "low": "0.6766",
            "close": "0.682213"
        },
        {
            "time": "10.07.2021 13:03",
            "open": "0.682213",
            "high": "0.682331",
            "low": "0.682213",
            "close": "0.680552"
        },
        {
            "time": "10.07.2021 13:05",
            "open": "0.680552",
            "high": "0.680552",
            "low": "0.680552",
            "close": "0.678892"
        },
        {
            "time": "10.07.2021 13:08",
            "open": "0.678892",
            "high": "0.678892",
            "low": "0.678892",
            "close": "0.679177"
        },
        {
            "time": "10.07.2021 13:09",
            "open": "0.679177",
            "high": "0.679177",
            "low": "0.679177",
            "close": "0.68"
        },
        {
            "time": "10.07.2021 13:16",
            "open": "0.68",
            "high": "0.68",
            "low": "0.68",
            "close": "0.678477"
        },
        {
            "time": "10.07.2021 13:19",
            "open": "0.678477",
            "high": "0.678477",
            "low": "0.678477",
            "close": "0.678947"
        },
        {
            "time": "10.07.2021 13:21",
            "open": "0.678947",
            "high": "0.678947",
            "low": "0.678823",
            "close": "0.679765"
        },
        {
            "time": "10.07.2021 13:23",
            "open": "0.679765",
            "high": "0.679765",
            "low": "0.679765",
            "close": "0.682281"
        },
        {
            "time": "10.07.2021 13:25",
            "open": "0.682281",
            "high": "0.682404",
            "low": "0.682281",
            "close": "0.68524"
        },
        {
            "time": "10.07.2021 13:29",
            "open": "0.68524",
            "high": "0.68524",
            "low": "0.68524",
            "close": "0.684774"
        },
        {
            "time": "10.07.2021 13:32",
            "open": "0.684774",
            "high": "0.684774",
            "low": "0.684774",
            "close": "0.68767"
        },
        {
            "time": "10.07.2021 13:35",
            "open": "0.68767",
            "high": "0.68767",
            "low": "0.68767",
            "close": "0.688"
        },
        {
            "time": "10.07.2021 13:38",
            "open": "0.688",
            "high": "0.6884",
            "low": "0.687841",
            "close": "0.688663"
        },
        {
            "time": "10.07.2021 13:39",
            "open": "0.688663",
            "high": "0.688774",
            "low": "0.687646",
            "close": "0.687185"
        },
        {
            "time": "10.07.2021 13:42",
            "open": "0.687185",
            "high": "0.687185",
            "low": "0.687185",
            "close": "0.687421"
        },
        {
            "time": "10.07.2021 13:43",
            "open": "0.687421",
            "high": "0.687421",
            "low": "0.687314",
            "close": "0.68776"
        },
        {
            "time": "10.07.2021 13:47",
            "open": "0.68776",
            "high": "0.68776",
            "low": "0.68776",
            "close": "0.687114"
        },
        {
            "time": "10.07.2021 13:48",
            "open": "0.687114",
            "high": "0.687195",
            "low": "0.687114",
            "close": "0.688558"
        },
        {
            "time": "10.07.2021 13:55",
            "open": "0.688558",
            "high": "0.688623",
            "low": "0.688558",
            "close": "0.683503"
        },
        {
            "time": "10.07.2021 14:04",
            "open": "0.683503",
            "high": "0.683503",
            "low": "0.68335",
            "close": "0.683018"
        },
        {
            "time": "10.07.2021 14:07",
            "open": "0.683018",
            "high": "0.683697",
            "low": "0.683018",
            "close": "0.683945"
        },
        {
            "time": "10.07.2021 14:08",
            "open": "0.683945",
            "high": "0.683945",
            "low": "0.683945",
            "close": "0.684062"
        },
        {
            "time": "10.07.2021 14:10",
            "open": "0.684062",
            "high": "0.684192",
            "low": "0.684062",
            "close": "0.683956"
        },
        {
            "time": "10.07.2021 14:11",
            "open": "0.683956",
            "high": "0.683966",
            "low": "0.68284",
            "close": "0.684608"
        },
        {
            "time": "10.07.2021 14:12",
            "open": "0.684608",
            "high": "0.684608",
            "low": "0.684608",
            "close": "0.683914"
        },
        {
            "time": "10.07.2021 14:14",
            "open": "0.683914",
            "high": "0.683914",
            "low": "0.683914",
            "close": "0.68445"
        },
        {
            "time": "10.07.2021 14:16",
            "open": "0.68445",
            "high": "0.68445",
            "low": "0.684319",
            "close": "0.685091"
        },
        {
            "time": "10.07.2021 14:27",
            "open": "0.685091",
            "high": "0.685091",
            "low": "0.685091",
            "close": "0.688529"
        },
        {
            "time": "10.07.2021 14:35",
            "open": "0.688529",
            "high": "0.688529",
            "low": "0.688529",
            "close": "0.689153"
        },
        {
            "time": "10.07.2021 14:38",
            "open": "0.689153",
            "high": "0.689153",
            "low": "0.688675",
            "close": "0.690131"
        },
        {
            "time": "10.07.2021 14:39",
            "open": "0.690131",
            "high": "0.690131",
            "low": "0.690131",
            "close": "0.688761"
        },
        {
            "time": "10.07.2021 14:43",
            "open": "0.688761",
            "high": "0.689126",
            "low": "0.688761",
            "close": "0.688223"
        },
        {
            "time": "10.07.2021 14:46",
            "open": "0.688223",
            "high": "0.688223",
            "low": "0.688223",
            "close": "0.687377"
        },
        {
            "time": "10.07.2021 14:48",
            "open": "0.687377",
            "high": "0.687377",
            "low": "0.687377",
            "close": "0.687488"
        },
        {
            "time": "10.07.2021 14:49",
            "open": "0.687488",
            "high": "0.687826",
            "low": "0.687488",
            "close": "0.688827"
        },
        {
            "time": "10.07.2021 14:55",
            "open": "0.688827",
            "high": "0.688827",
            "low": "0.688711",
            "close": "0.689486"
        },
        {
            "time": "10.07.2021 14:56",
            "open": "0.689486",
            "high": "0.690885",
            "low": "0.689486",
            "close": "0.68797"
        },
        {
            "time": "10.07.2021 14:57",
            "open": "0.68797",
            "high": "0.68797",
            "low": "0.68797",
            "close": "0.690158"
        },
        {
            "time": "10.07.2021 15:02",
            "open": "0.690158",
            "high": "0.690158",
            "low": "0.690158",
            "close": "0.688266"
        },
        {
            "time": "10.07.2021 15:12",
            "open": "0.688266",
            "high": "0.688266",
            "low": "0.687672",
            "close": "0.689395"
        },
        {
            "time": "10.07.2021 15:16",
            "open": "0.689395",
            "high": "0.689395",
            "low": "0.689395",
            "close": "0.689"
        },
        {
            "time": "10.07.2021 15:19",
            "open": "0.689",
            "high": "0.689",
            "low": "0.689",
            "close": "0.690048"
        },
        {
            "time": "10.07.2021 15:20",
            "open": "0.690048",
            "high": "0.690048",
            "low": "0.690048",
            "close": "0.690028"
        },
        {
            "time": "10.07.2021 15:21",
            "open": "0.690028",
            "high": "0.690117",
            "low": "0.690028",
            "close": "0.690497"
        },
        {
            "time": "10.07.2021 15:22",
            "open": "0.690497",
            "high": "0.690608",
            "low": "0.690497",
            "close": "0.689651"
        },
        {
            "time": "10.07.2021 15:24",
            "open": "0.689651",
            "high": "0.689746",
            "low": "0.689651",
            "close": "0.690441"
        },
        {
            "time": "10.07.2021 15:27",
            "open": "0.690441",
            "high": "0.690441",
            "low": "0.690441",
            "close": "0.690494"
        },
        {
            "time": "10.07.2021 15:30",
            "open": "0.690494",
            "high": "0.690494",
            "low": "0.690494",
            "close": "0.689966"
        },
        {
            "time": "10.07.2021 15:31",
            "open": "0.689966",
            "high": "0.689966",
            "low": "0.688013",
            "close": "0.687432"
        },
        {
            "time": "10.07.2021 15:32",
            "open": "0.687432",
            "high": "0.687432",
            "low": "0.687432",
            "close": "0.68749"
        },
        {
            "time": "10.07.2021 15:33",
            "open": "0.68749",
            "high": "0.68749",
            "low": "0.68749",
            "close": "0.686855"
        },
        {
            "time": "10.07.2021 15:34",
            "open": "0.686855",
            "high": "0.686855",
            "low": "0.685543",
            "close": "0.685"
        },
        {
            "time": "10.07.2021 15:35",
            "open": "0.685",
            "high": "0.685",
            "low": "0.685",
            "close": "0.686082"
        },
        {
            "time": "10.07.2021 15:36",
            "open": "0.686082",
            "high": "0.686082",
            "low": "0.686082",
            "close": "0.684261"
        },
        {
            "time": "10.07.2021 15:37",
            "open": "0.684261",
            "high": "0.684261",
            "low": "0.684261",
            "close": "0.685735"
        },
        {
            "time": "10.07.2021 15:41",
            "open": "0.685735",
            "high": "0.685735",
            "low": "0.685622",
            "close": "0.686604"
        },
        {
            "time": "10.07.2021 15:54",
            "open": "0.686604",
            "high": "0.686604",
            "low": "0.686604",
            "close": "0.688273"
        },
        {
            "time": "10.07.2021 15:59",
            "open": "0.688273",
            "high": "0.688436",
            "low": "0.688273",
            "close": "0.685978"
        },
        {
            "time": "10.07.2021 16:01",
            "open": "0.685978",
            "high": "0.685978",
            "low": "0.685978",
            "close": "0.689"
        },
        {
            "time": "10.07.2021 16:03",
            "open": "0.689",
            "high": "0.689",
            "low": "0.689",
            "close": "0.690435"
        },
        {
            "time": "10.07.2021 16:08",
            "open": "0.690435",
            "high": "0.690435",
            "low": "0.690435",
            "close": "0.68923"
        },
        {
            "time": "10.07.2021 16:14",
            "open": "0.68923",
            "high": "0.689351",
            "low": "0.68923",
            "close": "0.690051"
        },
        {
            "time": "10.07.2021 16:19",
            "open": "0.690051",
            "high": "0.690175",
            "low": "0.690051",
            "close": "0.690772"
        },
        {
            "time": "10.07.2021 16:20",
            "open": "0.690772",
            "high": "0.691186",
            "low": "0.688717",
            "close": "0.689425"
        },
        {
            "time": "10.07.2021 16:21",
            "open": "0.689425",
            "high": "0.689425",
            "low": "0.689425",
            "close": "0.688491"
        },
        {
            "time": "10.07.2021 16:22",
            "open": "0.688491",
            "high": "0.688491",
            "low": "0.688491",
            "close": "0.68957"
        },
        {
            "time": "10.07.2021 16:23",
            "open": "0.68957",
            "high": "0.68957",
            "low": "0.68957",
            "close": "0.690216"
        },
        {
            "time": "10.07.2021 16:25",
            "open": "0.690216",
            "high": "0.690216",
            "low": "0.690216",
            "close": "0.688265"
        },
        {
            "time": "10.07.2021 16:26",
            "open": "0.688265",
            "high": "0.688265",
            "low": "0.688265",
            "close": "0.689702"
        },
        {
            "time": "10.07.2021 16:28",
            "open": "0.689702",
            "high": "0.689806",
            "low": "0.689702",
            "close": "0.691297"
        },
        {
            "time": "10.07.2021 16:30",
            "open": "0.691297",
            "high": "0.691297",
            "low": "0.691297",
            "close": "0.69144"
        },
        {
            "time": "10.07.2021 16:31",
            "open": "0.69144",
            "high": "0.69144",
            "low": "0.69144",
            "close": "0.691749"
        },
        {
            "time": "10.07.2021 16:32",
            "open": "0.691749",
            "high": "0.691749",
            "low": "0.691749",
            "close": "0.690115"
        },
        {
            "time": "10.07.2021 16:35",
            "open": "0.690115",
            "high": "0.690115",
            "low": "0.690115",
            "close": "0.691521"
        },
        {
            "time": "10.07.2021 16:38",
            "open": "0.691521",
            "high": "0.691521",
            "low": "0.691476",
            "close": "0.691146"
        },
        {
            "time": "10.07.2021 16:39",
            "open": "0.691146",
            "high": "0.691146",
            "low": "0.691146",
            "close": "0.690616"
        },
        {
            "time": "10.07.2021 16:40",
            "open": "0.690616",
            "high": "0.690616",
            "low": "0.690496",
            "close": "0.691576"
        },
        {
            "time": "10.07.2021 16:42",
            "open": "0.691576",
            "high": "0.691576",
            "low": "0.691576",
            "close": "0.691289"
        },
        {
            "time": "10.07.2021 16:44",
            "open": "0.691289",
            "high": "0.691289",
            "low": "0.691289",
            "close": "0.689901"
        },
        {
            "time": "10.07.2021 16:49",
            "open": "0.689901",
            "high": "0.689901",
            "low": "0.689361",
            "close": "0.694253"
        },
        {
            "time": "10.07.2021 16:52",
            "open": "0.694253",
            "high": "0.695416",
            "low": "0.694253",
            "close": "0.694064"
        },
        {
            "time": "10.07.2021 16:53",
            "open": "0.694064",
            "high": "0.694248",
            "low": "0.693603",
            "close": "0.694248"
        },
        {
            "time": "10.07.2021 16:54",
            "open": "0.694248",
            "high": "0.694248",
            "low": "0.694248",
            "close": "0.695143"
        },
        {
            "time": "10.07.2021 16:55",
            "open": "0.695143",
            "high": "0.695143",
            "low": "0.695143",
            "close": "0.696518"
        },
        {
            "time": "10.07.2021 17:01",
            "open": "0.696518",
            "high": "0.696518",
            "low": "0.696518",
            "close": "0.695813"
        },
        {
            "time": "10.07.2021 17:02",
            "open": "0.695813",
            "high": "0.695813",
            "low": "0.695759",
            "close": "0.695358"
        },
        {
            "time": "10.07.2021 17:06",
            "open": "0.695358",
            "high": "0.695774",
            "low": "0.695358",
            "close": "0.696371"
        },
        {
            "time": "10.07.2021 17:07",
            "open": "0.696371",
            "high": "0.696371",
            "low": "0.696249",
            "close": "0.696384"
        },
        {
            "time": "10.07.2021 17:17",
            "open": "0.696384",
            "high": "0.696384",
            "low": "0.696384",
            "close": "0.697301"
        },
        {
            "time": "10.07.2021 17:18",
            "open": "0.697301",
            "high": "0.698048",
            "low": "0.697301",
            "close": "0.69714"
        },
        {
            "time": "10.07.2021 17:19",
            "open": "0.69714",
            "high": "0.69714",
            "low": "0.69714",
            "close": "0.697719"
        },
        {
            "time": "10.07.2021 17:23",
            "open": "0.697719",
            "high": "0.697719",
            "low": "0.697719",
            "close": "0.700156"
        },
        {
            "time": "10.07.2021 17:26",
            "open": "0.700156",
            "high": "0.700378",
            "low": "0.700156",
            "close": "0.700685"
        },
        {
            "time": "10.07.2021 17:29",
            "open": "0.700685",
            "high": "0.700893",
            "low": "0.700685",
            "close": "0.702205"
        },
        {
            "time": "10.07.2021 17:31",
            "open": "0.702205",
            "high": "0.70309",
            "low": "0.702205",
            "close": "0.70309"
        },
        {
            "time": "10.07.2021 17:34",
            "open": "0.70309",
            "high": "0.70309",
            "low": "0.70309",
            "close": "0.702761"
        },
        {
            "time": "10.07.2021 17:35",
            "open": "0.702761",
            "high": "0.702761",
            "low": "0.702761",
            "close": "0.702761"
        },
        {
            "time": "10.07.2021 17:36",
            "open": "0.702761",
            "high": "0.703075",
            "low": "0.701485",
            "close": "0.70352"
        },
        {
            "time": "10.07.2021 17:37",
            "open": "0.70352",
            "high": "0.70445",
            "low": "0.70352",
            "close": "0.703056"
        },
        {
            "time": "10.07.2021 17:39",
            "open": "0.703056",
            "high": "0.703056",
            "low": "0.703056",
            "close": "0.703294"
        },
        {
            "time": "10.07.2021 17:43",
            "open": "0.703294",
            "high": "0.703295",
            "low": "0.703294",
            "close": "0.7022"
        },
        {
            "time": "10.07.2021 17:44",
            "open": "0.7022",
            "high": "0.7022",
            "low": "0.7022",
            "close": "0.698425"
        },
        {
            "time": "10.07.2021 17:47",
            "open": "0.698425",
            "high": "0.699151",
            "low": "0.698425",
            "close": "0.701172"
        },
        {
            "time": "10.07.2021 17:48",
            "open": "0.701172",
            "high": "0.701172",
            "low": "0.701172",
            "close": "0.699645"
        },
        {
            "time": "10.07.2021 17:49",
            "open": "0.699645",
            "high": "0.699645",
            "low": "0.699645",
            "close": "0.699864"
        },
        {
            "time": "10.07.2021 17:52",
            "open": "0.699864",
            "high": "0.699864",
            "low": "0.699649",
            "close": "0.70097"
        },
        {
            "time": "10.07.2021 17:54",
            "open": "0.70097",
            "high": "0.70097",
            "low": "0.70097",
            "close": "0.699555"
        },
        {
            "time": "10.07.2021 17:59",
            "open": "0.699555",
            "high": "0.699555",
            "low": "0.699168",
            "close": "0.698732"
        },
        {
            "time": "10.07.2021 18:00",
            "open": "0.698732",
            "high": "0.698732",
            "low": "0.698701",
            "close": "0.699162"
        },
        {
            "time": "10.07.2021 18:01",
            "open": "0.699162",
            "high": "0.699162",
            "low": "0.699162",
            "close": "0.695256"
        },
        {
            "time": "10.07.2021 18:02",
            "open": "0.695256",
            "high": "0.695256",
            "low": "0.69394",
            "close": "0.694334"
        },
        {
            "time": "10.07.2021 18:08",
            "open": "0.694334",
            "high": "0.694334",
            "low": "0.694305",
            "close": "0.69368"
        },
        {
            "time": "10.07.2021 18:20",
            "open": "0.69368",
            "high": "0.69368",
            "low": "0.69368",
            "close": "0.694305"
        },
        {
            "time": "10.07.2021 18:21",
            "open": "0.694305",
            "high": "0.694305",
            "low": "0.694305",
            "close": "0.7008"
        },
        {
            "time": "10.07.2021 18:28",
            "open": "0.7008",
            "high": "0.701518",
            "low": "0.7008",
            "close": "0.703235"
        },
        {
            "time": "10.07.2021 18:30",
            "open": "0.703235",
            "high": "0.703606",
            "low": "0.703235",
            "close": "0.7008"
        },
        {
            "time": "10.07.2021 18:34",
            "open": "0.7008",
            "high": "0.7008",
            "low": "0.7008",
            "close": "0.700822"
        },
        {
            "time": "10.07.2021 18:38",
            "open": "0.700822",
            "high": "0.700822",
            "low": "0.700822",
            "close": "0.701884"
        },
        {
            "time": "10.07.2021 18:40",
            "open": "0.701884",
            "high": "0.701884",
            "low": "0.701884",
            "close": "0.702941"
        },
        {
            "time": "10.07.2021 18:44",
            "open": "0.702941",
            "high": "0.702941",
            "low": "0.702941",
            "close": "0.695562"
        },
        {
            "time": "10.07.2021 19:02",
            "open": "0.695562",
            "high": "0.695562",
            "low": "0.695439",
            "close": "0.69736"
        },
        {
            "time": "10.07.2021 19:04",
            "open": "0.69736",
            "high": "0.697422",
            "low": "0.69736",
            "close": "0.697921"
        },
        {
            "time": "10.07.2021 19:05",
            "open": "0.697921",
            "high": "0.697921",
            "low": "0.697921",
            "close": "0.68891"
        },
        {
            "time": "10.07.2021 19:10",
            "open": "0.68891",
            "high": "0.689055",
            "low": "0.68891",
            "close": "0.688437"
        },
        {
            "time": "10.07.2021 19:11",
            "open": "0.688437",
            "high": "0.688967",
            "low": "0.688437",
            "close": "0.685308"
        },
        {
            "time": "10.07.2021 19:12",
            "open": "0.685308",
            "high": "0.685712",
            "low": "0.681781",
            "close": "0.685608"
        },
        {
            "time": "10.07.2021 19:13",
            "open": "0.685608",
            "high": "0.685608",
            "low": "0.685608",
            "close": "0.682747"
        },
        {
            "time": "10.07.2021 19:14",
            "open": "0.682747",
            "high": "0.682748",
            "low": "0.682747",
            "close": "0.680971"
        },
        {
            "time": "10.07.2021 19:15",
            "open": "0.680971",
            "high": "0.680971",
            "low": "0.68",
            "close": "0.68"
        },
        {
            "time": "10.07.2021 19:16",
            "open": "0.68",
            "high": "0.68",
            "low": "0.678368",
            "close": "0.678887"
        },
        {
            "time": "10.07.2021 19:17",
            "open": "0.678887",
            "high": "0.678887",
            "low": "0.678887",
            "close": "0.677308"
        },
        {
            "time": "10.07.2021 19:22",
            "open": "0.677308",
            "high": "0.677308",
            "low": "0.675471",
            "close": "0.675189"
        },
        {
            "time": "10.07.2021 19:23",
            "open": "0.675189",
            "high": "0.675189",
            "low": "0.669995",
            "close": "0.67466"
        },
        {
            "time": "10.07.2021 19:24",
            "open": "0.67466",
            "high": "0.67466",
            "low": "0.673165",
            "close": "0.674718"
        },
        {
            "time": "10.07.2021 19:25",
            "open": "0.674718",
            "high": "0.674718",
            "low": "0.674718",
            "close": "0.674984"
        },
        {
            "time": "10.07.2021 19:26",
            "open": "0.674984",
            "high": "0.677975",
            "low": "0.674984",
            "close": "0.673036"
        },
        {
            "time": "10.07.2021 19:28",
            "open": "0.673036",
            "high": "0.673036",
            "low": "0.673036",
            "close": "0.673009"
        },
        {
            "time": "10.07.2021 19:29",
            "open": "0.673009",
            "high": "0.67311",
            "low": "0.673009",
            "close": "0.672836"
        },
        {
            "time": "10.07.2021 19:30",
            "open": "0.672836",
            "high": "0.672836",
            "low": "0.672836",
            "close": "0.672437"
        },
        {
            "time": "10.07.2021 19:31",
            "open": "0.672437",
            "high": "0.672437",
            "low": "0.672437",
            "close": "0.670242"
        },
        {
            "time": "10.07.2021 19:32",
            "open": "0.670242",
            "high": "0.670242",
            "low": "0.669946",
            "close": "0.670556"
        },
        {
            "time": "10.07.2021 19:33",
            "open": "0.670556",
            "high": "0.670556",
            "low": "0.66718",
            "close": "0.667313"
        },
        {
            "time": "10.07.2021 19:34",
            "open": "0.667313",
            "high": "0.6681",
            "low": "0.667313",
            "close": "0.664217"
        },
        {
            "time": "10.07.2021 19:36",
            "open": "0.664217",
            "high": "0.664217",
            "low": "0.663636",
            "close": "0.665055"
        },
        {
            "time": "10.07.2021 19:37",
            "open": "0.665055",
            "high": "0.665055",
            "low": "0.665055",
            "close": "0.666025"
        },
        {
            "time": "10.07.2021 19:39",
            "open": "0.666025",
            "high": "0.666025",
            "low": "0.666025",
            "close": "0.668317"
        },
        {
            "time": "10.07.2021 19:41",
            "open": "0.668317",
            "high": "0.668417",
            "low": "0.668317",
            "close": "0.670553"
        },
        {
            "time": "10.07.2021 19:45",
            "open": "0.670553",
            "high": "0.670553",
            "low": "0.670553",
            "close": "0.671091"
        },
        {
            "time": "10.07.2021 19:46",
            "open": "0.671091",
            "high": "0.671091",
            "low": "0.671091",
            "close": "0.670983"
        },
        {
            "time": "10.07.2021 19:50",
            "open": "0.670983",
            "high": "0.670983",
            "low": "0.670983",
            "close": "0.668992"
        },
        {
            "time": "10.07.2021 19:51",
            "open": "0.668992",
            "high": "0.669085",
            "low": "0.668992",
            "close": "0.669246"
        },
        {
            "time": "10.07.2021 19:52",
            "open": "0.669246",
            "high": "0.669246",
            "low": "0.669164",
            "close": "0.669701"
        },
        {
            "time": "10.07.2021 19:54",
            "open": "0.669701",
            "high": "0.669701",
            "low": "0.668185",
            "close": "0.668602"
        },
        {
            "time": "10.07.2021 19:55",
            "open": "0.668602",
            "high": "0.668602",
            "low": "0.668341",
            "close": "0.668718"
        },
        {
            "time": "10.07.2021 19:58",
            "open": "0.668718",
            "high": "0.668718",
            "low": "0.668341",
            "close": "0.668233"
        },
        {
            "time": "10.07.2021 20:00",
            "open": "0.668233",
            "high": "0.668357",
            "low": "0.668137",
            "close": "0.67037"
        },
        {
            "time": "10.07.2021 20:03",
            "open": "0.67037",
            "high": "0.67044",
            "low": "0.67037",
            "close": "0.668776"
        },
        {
            "time": "10.07.2021 20:09",
            "open": "0.668776",
            "high": "0.668776",
            "low": "0.666948",
            "close": "0.667069"
        },
        {
            "time": "10.07.2021 20:10",
            "open": "0.667069",
            "high": "0.667253",
            "low": "0.667069",
            "close": "0.667174"
        },
        {
            "time": "10.07.2021 20:11",
            "open": "0.667174",
            "high": "0.667174",
            "low": "0.667174",
            "close": "0.666824"
        },
        {
            "time": "10.07.2021 20:12",
            "open": "0.666824",
            "high": "0.666824",
            "low": "0.665748",
            "close": "0.66563"
        },
        {
            "time": "10.07.2021 20:13",
            "open": "0.66563",
            "high": "0.665692",
            "low": "0.662249",
            "close": "0.662166"
        },
        {
            "time": "10.07.2021 20:14",
            "open": "0.662166",
            "high": "0.662166",
            "low": "0.660036",
            "close": "0.660553"
        },
        {
            "time": "10.07.2021 20:15",
            "open": "0.660553",
            "high": "0.660554",
            "low": "0.660365",
            "close": "0.661734"
        },
        {
            "time": "10.07.2021 20:30",
            "open": "0.661734",
            "high": "0.661946",
            "low": "0.661734",
            "close": "0.66165"
        },
        {
            "time": "10.07.2021 20:32",
            "open": "0.66165",
            "high": "0.66165",
            "low": "0.66165",
            "close": "0.663761"
        },
        {
            "time": "10.07.2021 20:37",
            "open": "0.663761",
            "high": "0.664173",
            "low": "0.66294",
            "close": "0.663451"
        },
        {
            "time": "10.07.2021 20:41",
            "open": "0.663451",
            "high": "0.66423",
            "low": "0.663451",
            "close": "0.664255"
        },
        {
            "time": "10.07.2021 20:43",
            "open": "0.664255",
            "high": "0.664255",
            "low": "0.663035",
            "close": "0.662"
        },
        {
            "time": "10.07.2021 20:44",
            "open": "0.662",
            "high": "0.662",
            "low": "0.662",
            "close": "0.664947"
        },
        {
            "time": "10.07.2021 20:58",
            "open": "0.664947",
            "high": "0.664967",
            "low": "0.664947",
            "close": "0.66542"
        },
        {
            "time": "10.07.2021 21:03",
            "open": "0.66542",
            "high": "0.665422",
            "low": "0.66542",
            "close": "0.667253"
        },
        {
            "time": "10.07.2021 21:04",
            "open": "0.667253",
            "high": "0.667253",
            "low": "0.667253",
            "close": "0.667253"
        },
        {
            "time": "10.07.2021 21:05",
            "open": "0.667253",
            "high": "0.667253",
            "low": "0.667253",
            "close": "0.669074"
        },
        {
            "time": "10.07.2021 21:07",
            "open": "0.669074",
            "high": "0.669074",
            "low": "0.669074",
            "close": "0.667169"
        },
        {
            "time": "10.07.2021 21:10",
            "open": "0.667169",
            "high": "0.667169",
            "low": "0.667169",
            "close": "0.6666"
        },
        {
            "time": "10.07.2021 21:11",
            "open": "0.6666",
            "high": "0.6666",
            "low": "0.665292",
            "close": "0.664225"
        },
        {
            "time": "10.07.2021 21:14",
            "open": "0.664225",
            "high": "0.664681",
            "low": "0.664167",
            "close": "0.663392"
        },
        {
            "time": "10.07.2021 21:21",
            "open": "0.663392",
            "high": "0.663393",
            "low": "0.663392",
            "close": "0.664965"
        },
        {
            "time": "10.07.2021 21:23",
            "open": "0.664965",
            "high": "0.665074",
            "low": "0.664965",
            "close": "0.664414"
        },
        {
            "time": "10.07.2021 21:27",
            "open": "0.664414",
            "high": "0.664414",
            "low": "0.664406",
            "close": "0.663233"
        },
        {
            "time": "10.07.2021 21:30",
            "open": "0.663233",
            "high": "0.663233",
            "low": "0.662739",
            "close": "0.662739"
        },
        {
            "time": "10.07.2021 21:31",
            "open": "0.662739",
            "high": "0.662739",
            "low": "0.662739",
            "close": "0.662154"
        },
        {
            "time": "10.07.2021 21:32",
            "open": "0.662154",
            "high": "0.662154",
            "low": "0.662154",
            "close": "0.659693"
        },
        {
            "time": "10.07.2021 21:34",
            "open": "0.659693",
            "high": "0.659693",
            "low": "0.659375",
            "close": "0.6595"
        },
        {
            "time": "10.07.2021 21:35",
            "open": "0.6595",
            "high": "0.6595",
            "low": "0.659375",
            "close": "0.659694"
        },
        {
            "time": "10.07.2021 21:36",
            "open": "0.659694",
            "high": "0.659694",
            "low": "0.659694",
            "close": "0.661102"
        },
        {
            "time": "10.07.2021 21:42",
            "open": "0.661102",
            "high": "0.661102",
            "low": "0.66087",
            "close": "0.659806"
        },
        {
            "time": "10.07.2021 21:53",
            "open": "0.659806",
            "high": "0.659806",
            "low": "0.659806",
            "close": "0.659806"
        },
        {
            "time": "10.07.2021 21:54",
            "open": "0.659806",
            "high": "0.659806",
            "low": "0.659806",
            "close": "0.660053"
        },
        {
            "time": "10.07.2021 21:58",
            "open": "0.660053",
            "high": "0.660053",
            "low": "0.660053",
            "close": "0.660563"
        },
        {
            "time": "10.07.2021 21:59",
            "open": "0.660563",
            "high": "0.660566",
            "low": "0.660563",
            "close": "0.659385"
        },
        {
            "time": "10.07.2021 22:01",
            "open": "0.659385",
            "high": "0.659385",
            "low": "0.658984",
            "close": "0.659462"
        },
        {
            "time": "10.07.2021 22:02",
            "open": "0.659462",
            "high": "0.659712",
            "low": "0.659462",
            "close": "0.658571"
        },
        {
            "time": "10.07.2021 22:07",
            "open": "0.658571",
            "high": "0.658571",
            "low": "0.657613",
            "close": "0.657115"
        },
        {
            "time": "10.07.2021 22:09",
            "open": "0.657115",
            "high": "0.657508",
            "low": "0.657115",
            "close": "0.65679"
        },
        {
            "time": "10.07.2021 22:10",
            "open": "0.65679",
            "high": "0.656908",
            "low": "0.65679",
            "close": "0.65454"
        },
        {
            "time": "10.07.2021 22:11",
            "open": "0.65454",
            "high": "0.65454",
            "low": "0.653649",
            "close": "0.653185"
        },
        {
            "time": "10.07.2021 22:12",
            "open": "0.653185",
            "high": "0.653876",
            "low": "0.653185",
            "close": "0.654776"
        },
        {
            "time": "10.07.2021 22:16",
            "open": "0.654776",
            "high": "0.655502",
            "low": "0.654764",
            "close": "0.656"
        },
        {
            "time": "10.07.2021 22:17",
            "open": "0.656",
            "high": "0.656521",
            "low": "0.656",
            "close": "0.658625"
        },
        {
            "time": "10.07.2021 22:20",
            "open": "0.658625",
            "high": "0.658625",
            "low": "0.658492",
            "close": "0.660094"
        },
        {
            "time": "10.07.2021 22:23",
            "open": "0.660094",
            "high": "0.660988",
            "low": "0.660094",
            "close": "0.660697"
        },
        {
            "time": "10.07.2021 22:25",
            "open": "0.660697",
            "high": "0.660713",
            "low": "0.6596",
            "close": "0.660581"
        },
        {
            "time": "10.07.2021 22:31",
            "open": "0.660581",
            "high": "0.660581",
            "low": "0.660581",
            "close": "0.659303"
        },
        {
            "time": "10.07.2021 22:33",
            "open": "0.659303",
            "high": "0.659303",
            "low": "0.659303",
            "close": "0.659057"
        },
        {
            "time": "10.07.2021 22:34",
            "open": "0.659057",
            "high": "0.659057",
            "low": "0.659057",
            "close": "0.657669"
        },
        {
            "time": "10.07.2021 22:36",
            "open": "0.657669",
            "high": "0.657669",
            "low": "0.657542",
            "close": "0.656553"
        },
        {
            "time": "10.07.2021 22:37",
            "open": "0.656553",
            "high": "0.656553",
            "low": "0.653675",
            "close": "0.654389"
        },
        {
            "time": "10.07.2021 22:41",
            "open": "0.654389",
            "high": "0.654389",
            "low": "0.654389",
            "close": "0.653"
        },
        {
            "time": "10.07.2021 22:43",
            "open": "0.653",
            "high": "0.653",
            "low": "0.653",
            "close": "0.6546"
        },
        {
            "time": "10.07.2021 22:46",
            "open": "0.6546",
            "high": "0.6546",
            "low": "0.6546",
            "close": "0.65554"
        },
        {
            "time": "10.07.2021 22:47",
            "open": "0.65554",
            "high": "0.65554",
            "low": "0.65554",
            "close": "0.655699"
        },
        {
            "time": "10.07.2021 22:48",
            "open": "0.655699",
            "high": "0.655699",
            "low": "0.6546",
            "close": "0.654678"
        },
        {
            "time": "10.07.2021 22:49",
            "open": "0.654678",
            "high": "0.654678",
            "low": "0.654678",
            "close": "0.657058"
        },
        {
            "time": "10.07.2021 22:52",
            "open": "0.657058",
            "high": "0.657058",
            "low": "0.657058",
            "close": "0.655474"
        },
        {
            "time": "10.07.2021 22:58",
            "open": "0.655474",
            "high": "0.655474",
            "low": "0.655474",
            "close": "0.655215"
        },
        {
            "time": "10.07.2021 22:59",
            "open": "0.655215",
            "high": "0.655215",
            "low": "0.655084",
            "close": "0.656391"
        },
        {
            "time": "10.07.2021 23:18",
            "open": "0.656391",
            "high": "0.656404",
            "low": "0.656391",
            "close": "0.657716"
        },
        {
            "time": "10.07.2021 23:27",
            "open": "0.657716",
            "high": "0.65772",
            "low": "0.657467",
            "close": "0.656991"
        },
        {
            "time": "10.07.2021 23:30",
            "open": "0.656991",
            "high": "0.656991",
            "low": "0.656991",
            "close": "0.65718"
        },
        {
            "time": "10.07.2021 23:34",
            "open": "0.65718",
            "high": "0.657298",
            "low": "0.65718",
            "close": "0.656964"
        },
        {
            "time": "10.07.2021 23:38",
            "open": "0.656964",
            "high": "0.656994",
            "low": "0.656964",
            "close": "0.653722"
        },
        {
            "time": "10.07.2021 23:41",
            "open": "0.653722",
            "high": "0.653722",
            "low": "0.653722",
            "close": "0.656038"
        },
        {
            "time": "10.07.2021 23:49",
            "open": "0.656038",
            "high": "0.657383",
            "low": "0.656038",
            "close": "0.660125"
        }
    ]
}