{
    "ZRX-EUR": [
        {
            "time": "15.11.2020 23:59",
            "open": "0.303485",
            "high": "0.303596",
            "low": "0.303485",
            "close": "0.303673"
        },
        {
            "time": "16.11.2020 00:00",
            "open": "0.303673",
            "high": "0.303673",
            "low": "0.303673",
            "close": "0.304251"
        },
        {
            "time": "16.11.2020 00:01",
            "open": "0.304251",
            "high": "0.304251",
            "low": "0.304251",
            "close": "0.303327"
        },
        {
            "time": "16.11.2020 00:04",
            "open": "0.303327",
            "high": "0.303327",
            "low": "0.303327",
            "close": "0.303904"
        },
        {
            "time": "16.11.2020 00:10",
            "open": "0.303904",
            "high": "0.303904",
            "low": "0.303904",
            "close": "0.304309"
        },
        {
            "time": "16.11.2020 00:14",
            "open": "0.304309",
            "high": "0.304309",
            "low": "0.304309",
            "close": "0.3047"
        },
        {
            "time": "16.11.2020 00:26",
            "open": "0.3047",
            "high": "0.305223",
            "low": "0.3047",
            "close": "0.305056"
        },
        {
            "time": "16.11.2020 00:42",
            "open": "0.305056",
            "high": "0.305056",
            "low": "0.304991",
            "close": "0.30499"
        },
        {
            "time": "16.11.2020 00:44",
            "open": "0.30499",
            "high": "0.30499",
            "low": "0.30499",
            "close": "0.304991"
        },
        {
            "time": "16.11.2020 00:45",
            "open": "0.304991",
            "high": "0.304991",
            "low": "0.304991",
            "close": "0.3045"
        },
        {
            "time": "16.11.2020 00:52",
            "open": "0.3045",
            "high": "0.3045",
            "low": "0.3045",
            "close": "0.3045"
        },
        {
            "time": "16.11.2020 00:53",
            "open": "0.3045",
            "high": "0.3045",
            "low": "0.3045",
            "close": "0.304024"
        },
        {
            "time": "16.11.2020 01:00",
            "open": "0.304024",
            "high": "0.304083",
            "low": "0.304",
            "close": "0.304"
        },
        {
            "time": "16.11.2020 01:01",
            "open": "0.304",
            "high": "0.304",
            "low": "0.30344",
            "close": "0.30344"
        },
        {
            "time": "16.11.2020 01:02",
            "open": "0.30344",
            "high": "0.30344",
            "low": "0.30344",
            "close": "0.303295"
        },
        {
            "time": "16.11.2020 01:05",
            "open": "0.303295",
            "high": "0.303295",
            "low": "0.303295",
            "close": "0.303635"
        },
        {
            "time": "16.11.2020 01:19",
            "open": "0.303635",
            "high": "0.303635",
            "low": "0.303635",
            "close": "0.305895"
        },
        {
            "time": "16.11.2020 02:21",
            "open": "0.305895",
            "high": "0.305895",
            "low": "0.305895",
            "close": "0.305666"
        },
        {
            "time": "16.11.2020 02:43",
            "open": "0.305666",
            "high": "0.305668",
            "low": "0.305666",
            "close": "0.305763"
        },
        {
            "time": "16.11.2020 02:45",
            "open": "0.305763",
            "high": "0.305763",
            "low": "0.305763",
            "close": "0.30558"
        },
        {
            "time": "16.11.2020 03:03",
            "open": "0.30558",
            "high": "0.30558",
            "low": "0.30558",
            "close": "0.30558"
        },
        {
            "time": "16.11.2020 03:04",
            "open": "0.30558",
            "high": "0.30558",
            "low": "0.30558",
            "close": "0.30558"
        },
        {
            "time": "16.11.2020 03:05",
            "open": "0.30558",
            "high": "0.30558",
            "low": "0.30558",
            "close": "0.30558"
        },
        {
            "time": "16.11.2020 03:06",
            "open": "0.30558",
            "high": "0.30558",
            "low": "0.30558",
            "close": "0.304281"
        },
        {
            "time": "16.11.2020 03:10",
            "open": "0.304281",
            "high": "0.304281",
            "low": "0.304281",
            "close": "0.303559"
        },
        {
            "time": "16.11.2020 03:11",
            "open": "0.303559",
            "high": "0.303559",
            "low": "0.303559",
            "close": "0.304974"
        },
        {
            "time": "16.11.2020 03:25",
            "open": "0.304974",
            "high": "0.304974",
            "low": "0.304974",
            "close": "0.303429"
        },
        {
            "time": "16.11.2020 03:38",
            "open": "0.303429",
            "high": "0.303429",
            "low": "0.303359",
            "close": "0.303305"
        },
        {
            "time": "16.11.2020 03:53",
            "open": "0.303305",
            "high": "0.303305",
            "low": "0.303305",
            "close": "0.302559"
        },
        {
            "time": "16.11.2020 03:59",
            "open": "0.302559",
            "high": "0.302559",
            "low": "0.302559",
            "close": "0.30335"
        },
        {
            "time": "16.11.2020 04:01",
            "open": "0.30335",
            "high": "0.30335",
            "low": "0.30335",
            "close": "0.306"
        },
        {
            "time": "16.11.2020 04:31",
            "open": "0.306",
            "high": "0.306",
            "low": "0.306",
            "close": "0.306152"
        },
        {
            "time": "16.11.2020 04:33",
            "open": "0.306152",
            "high": "0.306152",
            "low": "0.306152",
            "close": "0.305974"
        },
        {
            "time": "16.11.2020 04:39",
            "open": "0.305974",
            "high": "0.305974",
            "low": "0.305974",
            "close": "0.306591"
        },
        {
            "time": "16.11.2020 04:46",
            "open": "0.306591",
            "high": "0.306591",
            "low": "0.306591",
            "close": "0.305954"
        },
        {
            "time": "16.11.2020 04:48",
            "open": "0.305954",
            "high": "0.305954",
            "low": "0.305954",
            "close": "0.3069"
        },
        {
            "time": "16.11.2020 05:41",
            "open": "0.3069",
            "high": "0.307132",
            "low": "0.3069",
            "close": "0.3075"
        },
        {
            "time": "16.11.2020 06:00",
            "open": "0.3075",
            "high": "0.3075",
            "low": "0.3075",
            "close": "0.307831"
        },
        {
            "time": "16.11.2020 06:05",
            "open": "0.307831",
            "high": "0.307831",
            "low": "0.307831",
            "close": "0.3079"
        },
        {
            "time": "16.11.2020 06:07",
            "open": "0.3079",
            "high": "0.308",
            "low": "0.3079",
            "close": "0.307648"
        },
        {
            "time": "16.11.2020 06:11",
            "open": "0.307648",
            "high": "0.307648",
            "low": "0.307561",
            "close": "0.307793"
        },
        {
            "time": "16.11.2020 06:35",
            "open": "0.307793",
            "high": "0.307793",
            "low": "0.307793",
            "close": "0.307959"
        },
        {
            "time": "16.11.2020 06:36",
            "open": "0.307959",
            "high": "0.308053",
            "low": "0.307959",
            "close": "0.306862"
        },
        {
            "time": "16.11.2020 06:43",
            "open": "0.306862",
            "high": "0.306862",
            "low": "0.306862",
            "close": "0.3075"
        },
        {
            "time": "16.11.2020 06:51",
            "open": "0.3075",
            "high": "0.307716",
            "low": "0.3075",
            "close": "0.308919"
        },
        {
            "time": "16.11.2020 07:11",
            "open": "0.308919",
            "high": "0.309",
            "low": "0.308919",
            "close": "0.309"
        },
        {
            "time": "16.11.2020 07:13",
            "open": "0.309",
            "high": "0.309",
            "low": "0.309",
            "close": "0.308614"
        },
        {
            "time": "16.11.2020 07:28",
            "open": "0.308614",
            "high": "0.3092",
            "low": "0.308362",
            "close": "0.308228"
        },
        {
            "time": "16.11.2020 07:29",
            "open": "0.308228",
            "high": "0.308228",
            "low": "0.308228",
            "close": "0.30916"
        },
        {
            "time": "16.11.2020 07:30",
            "open": "0.30916",
            "high": "0.30916",
            "low": "0.30916",
            "close": "0.309063"
        },
        {
            "time": "16.11.2020 07:31",
            "open": "0.309063",
            "high": "0.309063",
            "low": "0.308987",
            "close": "0.307544"
        },
        {
            "time": "16.11.2020 07:41",
            "open": "0.307544",
            "high": "0.307544",
            "low": "0.307544",
            "close": "0.308975"
        },
        {
            "time": "16.11.2020 07:52",
            "open": "0.308975",
            "high": "0.308975",
            "low": "0.308975",
            "close": "0.308201"
        },
        {
            "time": "16.11.2020 07:53",
            "open": "0.308201",
            "high": "0.308201",
            "low": "0.308201",
            "close": "0.30838"
        },
        {
            "time": "16.11.2020 07:54",
            "open": "0.30838",
            "high": "0.30838",
            "low": "0.30838",
            "close": "0.30715"
        },
        {
            "time": "16.11.2020 08:24",
            "open": "0.30715",
            "high": "0.30715",
            "low": "0.30715",
            "close": "0.307681"
        },
        {
            "time": "16.11.2020 08:27",
            "open": "0.307681",
            "high": "0.307681",
            "low": "0.307681",
            "close": "0.307681"
        },
        {
            "time": "16.11.2020 08:47",
            "open": "0.307681",
            "high": "0.307681",
            "low": "0.307393",
            "close": "0.308109"
        },
        {
            "time": "16.11.2020 08:48",
            "open": "0.308109",
            "high": "0.308109",
            "low": "0.308109",
            "close": "0.308195"
        },
        {
            "time": "16.11.2020 08:54",
            "open": "0.308195",
            "high": "0.308195",
            "low": "0.308195",
            "close": "0.307326"
        },
        {
            "time": "16.11.2020 09:04",
            "open": "0.307326",
            "high": "0.307326",
            "low": "0.307256",
            "close": "0.307217"
        },
        {
            "time": "16.11.2020 09:05",
            "open": "0.307217",
            "high": "0.307217",
            "low": "0.307217",
            "close": "0.307217"
        },
        {
            "time": "16.11.2020 09:12",
            "open": "0.307217",
            "high": "0.307217",
            "low": "0.307217",
            "close": "0.30761"
        },
        {
            "time": "16.11.2020 09:22",
            "open": "0.30761",
            "high": "0.30761",
            "low": "0.30761",
            "close": "0.308869"
        },
        {
            "time": "16.11.2020 09:27",
            "open": "0.308869",
            "high": "0.30899",
            "low": "0.308869",
            "close": "0.307759"
        },
        {
            "time": "16.11.2020 09:35",
            "open": "0.307759",
            "high": "0.307759",
            "low": "0.307759",
            "close": "0.307153"
        },
        {
            "time": "16.11.2020 09:38",
            "open": "0.307153",
            "high": "0.307153",
            "low": "0.307153",
            "close": "0.307913"
        },
        {
            "time": "16.11.2020 09:42",
            "open": "0.307913",
            "high": "0.307913",
            "low": "0.307913",
            "close": "0.307476"
        },
        {
            "time": "16.11.2020 09:43",
            "open": "0.307476",
            "high": "0.307476",
            "low": "0.307476",
            "close": "0.307471"
        },
        {
            "time": "16.11.2020 09:56",
            "open": "0.307471",
            "high": "0.307471",
            "low": "0.307471",
            "close": "0.308118"
        },
        {
            "time": "16.11.2020 09:57",
            "open": "0.308118",
            "high": "0.308118",
            "low": "0.308118",
            "close": "0.307322"
        },
        {
            "time": "16.11.2020 10:03",
            "open": "0.307322",
            "high": "0.307322",
            "low": "0.307322",
            "close": "0.308081"
        },
        {
            "time": "16.11.2020 10:07",
            "open": "0.308081",
            "high": "0.308081",
            "low": "0.308081",
            "close": "0.307894"
        },
        {
            "time": "16.11.2020 10:10",
            "open": "0.307894",
            "high": "0.307894",
            "low": "0.307894",
            "close": "0.307323"
        },
        {
            "time": "16.11.2020 10:13",
            "open": "0.307323",
            "high": "0.307323",
            "low": "0.307231",
            "close": "0.307748"
        },
        {
            "time": "16.11.2020 10:15",
            "open": "0.307748",
            "high": "0.307748",
            "low": "0.307748",
            "close": "0.306993"
        },
        {
            "time": "16.11.2020 10:17",
            "open": "0.306993",
            "high": "0.306993",
            "low": "0.306993",
            "close": "0.307403"
        },
        {
            "time": "16.11.2020 10:18",
            "open": "0.307403",
            "high": "0.307403",
            "low": "0.307403",
            "close": "0.306993"
        },
        {
            "time": "16.11.2020 10:19",
            "open": "0.306993",
            "high": "0.306993",
            "low": "0.30668",
            "close": "0.307216"
        },
        {
            "time": "16.11.2020 10:24",
            "open": "0.307216",
            "high": "0.307216",
            "low": "0.307216",
            "close": "0.307263"
        },
        {
            "time": "16.11.2020 10:34",
            "open": "0.307263",
            "high": "0.307263",
            "low": "0.307263",
            "close": "0.307121"
        },
        {
            "time": "16.11.2020 10:37",
            "open": "0.307121",
            "high": "0.307121",
            "low": "0.307121",
            "close": "0.306673"
        },
        {
            "time": "16.11.2020 10:38",
            "open": "0.306673",
            "high": "0.306673",
            "low": "0.306574",
            "close": "0.307604"
        },
        {
            "time": "16.11.2020 10:44",
            "open": "0.307604",
            "high": "0.307604",
            "low": "0.307604",
            "close": "0.307706"
        },
        {
            "time": "16.11.2020 10:46",
            "open": "0.307706",
            "high": "0.307706",
            "low": "0.307706",
            "close": "0.307899"
        },
        {
            "time": "16.11.2020 10:50",
            "open": "0.307899",
            "high": "0.30798",
            "low": "0.307899",
            "close": "0.307239"
        },
        {
            "time": "16.11.2020 10:51",
            "open": "0.307239",
            "high": "0.307239",
            "low": "0.307239",
            "close": "0.30731"
        },
        {
            "time": "16.11.2020 10:55",
            "open": "0.30731",
            "high": "0.30731",
            "low": "0.307244",
            "close": "0.307262"
        },
        {
            "time": "16.11.2020 10:57",
            "open": "0.307262",
            "high": "0.307262",
            "low": "0.307262",
            "close": "0.308118"
        },
        {
            "time": "16.11.2020 10:59",
            "open": "0.308118",
            "high": "0.308118",
            "low": "0.308118",
            "close": "0.307586"
        },
        {
            "time": "16.11.2020 11:00",
            "open": "0.307586",
            "high": "0.307592",
            "low": "0.307586",
            "close": "0.307588"
        },
        {
            "time": "16.11.2020 11:04",
            "open": "0.307588",
            "high": "0.307588",
            "low": "0.307588",
            "close": "0.307613"
        },
        {
            "time": "16.11.2020 11:05",
            "open": "0.307613",
            "high": "0.308118",
            "low": "0.307613",
            "close": "0.307595"
        },
        {
            "time": "16.11.2020 11:07",
            "open": "0.307595",
            "high": "0.307595",
            "low": "0.307595",
            "close": "0.307584"
        },
        {
            "time": "16.11.2020 11:13",
            "open": "0.307584",
            "high": "0.307584",
            "low": "0.307584",
            "close": "0.307594"
        },
        {
            "time": "16.11.2020 11:16",
            "open": "0.307594",
            "high": "0.307594",
            "low": "0.307594",
            "close": "0.308115"
        },
        {
            "time": "16.11.2020 11:18",
            "open": "0.308115",
            "high": "0.308115",
            "low": "0.308115",
            "close": "0.308118"
        },
        {
            "time": "16.11.2020 11:20",
            "open": "0.308118",
            "high": "0.308118",
            "low": "0.308118",
            "close": "0.308593"
        },
        {
            "time": "16.11.2020 11:21",
            "open": "0.308593",
            "high": "0.308593",
            "low": "0.308528",
            "close": "0.307471"
        },
        {
            "time": "16.11.2020 11:32",
            "open": "0.307471",
            "high": "0.307471",
            "low": "0.307471",
            "close": "0.308441"
        },
        {
            "time": "16.11.2020 11:46",
            "open": "0.308441",
            "high": "0.308441",
            "low": "0.308441",
            "close": "0.307653"
        },
        {
            "time": "16.11.2020 11:49",
            "open": "0.307653",
            "high": "0.307653",
            "low": "0.307653",
            "close": "0.308003"
        },
        {
            "time": "16.11.2020 11:50",
            "open": "0.308003",
            "high": "0.308003",
            "low": "0.308003",
            "close": "0.308131"
        },
        {
            "time": "16.11.2020 11:51",
            "open": "0.308131",
            "high": "0.308131",
            "low": "0.308131",
            "close": "0.308573"
        },
        {
            "time": "16.11.2020 11:57",
            "open": "0.308573",
            "high": "0.308573",
            "low": "0.308573",
            "close": "0.307877"
        },
        {
            "time": "16.11.2020 12:00",
            "open": "0.307877",
            "high": "0.307877",
            "low": "0.307877",
            "close": "0.308528"
        },
        {
            "time": "16.11.2020 12:01",
            "open": "0.308528",
            "high": "0.30862",
            "low": "0.308528",
            "close": "0.307857"
        },
        {
            "time": "16.11.2020 12:05",
            "open": "0.307857",
            "high": "0.307857",
            "low": "0.307857",
            "close": "0.30678"
        },
        {
            "time": "16.11.2020 12:07",
            "open": "0.30678",
            "high": "0.30678",
            "low": "0.30678",
            "close": "0.307594"
        },
        {
            "time": "16.11.2020 12:14",
            "open": "0.307594",
            "high": "0.307594",
            "low": "0.307594",
            "close": "0.307429"
        },
        {
            "time": "16.11.2020 12:19",
            "open": "0.307429",
            "high": "0.307429",
            "low": "0.307429",
            "close": "0.307941"
        },
        {
            "time": "16.11.2020 12:29",
            "open": "0.307941",
            "high": "0.307941",
            "low": "0.307941",
            "close": "0.307569"
        },
        {
            "time": "16.11.2020 12:31",
            "open": "0.307569",
            "high": "0.307569",
            "low": "0.307569",
            "close": "0.307569"
        },
        {
            "time": "16.11.2020 12:32",
            "open": "0.307569",
            "high": "0.307574",
            "low": "0.307569",
            "close": "0.307917"
        },
        {
            "time": "16.11.2020 12:33",
            "open": "0.307917",
            "high": "0.307917",
            "low": "0.307917",
            "close": "0.307864"
        },
        {
            "time": "16.11.2020 12:34",
            "open": "0.307864",
            "high": "0.307864",
            "low": "0.307806",
            "close": "0.307522"
        },
        {
            "time": "16.11.2020 12:41",
            "open": "0.307522",
            "high": "0.307522",
            "low": "0.307522",
            "close": "0.307925"
        },
        {
            "time": "16.11.2020 12:50",
            "open": "0.307925",
            "high": "0.307925",
            "low": "0.307925",
            "close": "0.3083"
        },
        {
            "time": "16.11.2020 12:52",
            "open": "0.3083",
            "high": "0.3083",
            "low": "0.3083",
            "close": "0.308082"
        },
        {
            "time": "16.11.2020 12:55",
            "open": "0.308082",
            "high": "0.308082",
            "low": "0.308082",
            "close": "0.308633"
        },
        {
            "time": "16.11.2020 12:57",
            "open": "0.308633",
            "high": "0.308633",
            "low": "0.308633",
            "close": "0.308859"
        },
        {
            "time": "16.11.2020 13:01",
            "open": "0.308859",
            "high": "0.308859",
            "low": "0.308859",
            "close": "0.309093"
        },
        {
            "time": "16.11.2020 13:12",
            "open": "0.309093",
            "high": "0.309093",
            "low": "0.309093",
            "close": "0.30848"
        },
        {
            "time": "16.11.2020 13:14",
            "open": "0.30848",
            "high": "0.30848",
            "low": "0.30848",
            "close": "0.309668"
        },
        {
            "time": "16.11.2020 13:21",
            "open": "0.309668",
            "high": "0.309716",
            "low": "0.309668",
            "close": "0.31"
        },
        {
            "time": "16.11.2020 13:23",
            "open": "0.31",
            "high": "0.31",
            "low": "0.31",
            "close": "0.3101"
        },
        {
            "time": "16.11.2020 13:24",
            "open": "0.310503",
            "high": "0.310503",
            "low": "0.310503",
            "close": "0.310757"
        },
        {
            "time": "16.11.2020 13:26",
            "open": "0.310757",
            "high": "0.310757",
            "low": "0.310757",
            "close": "0.3108"
        },
        {
            "time": "16.11.2020 13:29",
            "open": "0.3108",
            "high": "0.3108",
            "low": "0.3108",
            "close": "0.310842"
        },
        {
            "time": "16.11.2020 13:30",
            "open": "0.310842",
            "high": "0.310842",
            "low": "0.310842",
            "close": "0.31088"
        },
        {
            "time": "16.11.2020 13:31",
            "open": "0.31088",
            "high": "0.3109",
            "low": "0.31088",
            "close": "0.311"
        },
        {
            "time": "16.11.2020 13:32",
            "open": "0.311",
            "high": "0.313079",
            "low": "0.311",
            "close": "0.31301"
        },
        {
            "time": "16.11.2020 13:33",
            "open": "0.31301",
            "high": "0.31301",
            "low": "0.313",
            "close": "0.312633"
        },
        {
            "time": "16.11.2020 13:35",
            "open": "0.312633",
            "high": "0.312633",
            "low": "0.312633",
            "close": "0.3135"
        },
        {
            "time": "16.11.2020 13:36",
            "open": "0.3135",
            "high": "0.313713",
            "low": "0.3135",
            "close": "0.312828"
        },
        {
            "time": "16.11.2020 13:37",
            "open": "0.312828",
            "high": "0.312828",
            "low": "0.311874",
            "close": "0.312785"
        },
        {
            "time": "16.11.2020 13:38",
            "open": "0.312785",
            "high": "0.312785",
            "low": "0.312785",
            "close": "0.312723"
        },
        {
            "time": "16.11.2020 13:40",
            "open": "0.312723",
            "high": "0.312723",
            "low": "0.312723",
            "close": "0.313519"
        },
        {
            "time": "16.11.2020 13:42",
            "open": "0.313519",
            "high": "0.313519",
            "low": "0.313519",
            "close": "0.313094"
        },
        {
            "time": "16.11.2020 13:44",
            "open": "0.313094",
            "high": "0.313094",
            "low": "0.313094",
            "close": "0.313545"
        },
        {
            "time": "16.11.2020 13:45",
            "open": "0.313545",
            "high": "0.313617",
            "low": "0.313014",
            "close": "0.313984"
        },
        {
            "time": "16.11.2020 13:47",
            "open": "0.313984",
            "high": "0.3141",
            "low": "0.313984",
            "close": "0.314563"
        },
        {
            "time": "16.11.2020 13:48",
            "open": "0.314563",
            "high": "0.314563",
            "low": "0.314563",
            "close": "0.314487"
        },
        {
            "time": "16.11.2020 13:50",
            "open": "0.314487",
            "high": "0.314487",
            "low": "0.314487",
            "close": "0.313768"
        },
        {
            "time": "16.11.2020 13:56",
            "open": "0.313768",
            "high": "0.314454",
            "low": "0.313768",
            "close": "0.313355"
        },
        {
            "time": "16.11.2020 14:04",
            "open": "0.313355",
            "high": "0.313355",
            "low": "0.313355",
            "close": "0.313779"
        },
        {
            "time": "16.11.2020 14:07",
            "open": "0.313779",
            "high": "0.313781",
            "low": "0.313779",
            "close": "0.313221"
        },
        {
            "time": "16.11.2020 14:08",
            "open": "0.313221",
            "high": "0.313221",
            "low": "0.313221",
            "close": "0.31328"
        },
        {
            "time": "16.11.2020 14:10",
            "open": "0.31328",
            "high": "0.31328",
            "low": "0.31328",
            "close": "0.312581"
        },
        {
            "time": "16.11.2020 14:11",
            "open": "0.312581",
            "high": "0.312581",
            "low": "0.312581",
            "close": "0.312496"
        },
        {
            "time": "16.11.2020 14:12",
            "open": "0.312496",
            "high": "0.312496",
            "low": "0.312496",
            "close": "0.31354"
        },
        {
            "time": "16.11.2020 14:13",
            "open": "0.31354",
            "high": "0.31354",
            "low": "0.31354",
            "close": "0.314108"
        },
        {
            "time": "16.11.2020 14:14",
            "open": "0.314108",
            "high": "0.314108",
            "low": "0.314108",
            "close": "0.314563"
        },
        {
            "time": "16.11.2020 14:15",
            "open": "0.314563",
            "high": "0.314676",
            "low": "0.314563",
            "close": "0.315"
        },
        {
            "time": "16.11.2020 14:17",
            "open": "0.315",
            "high": "0.315358",
            "low": "0.315",
            "close": "0.315358"
        },
        {
            "time": "16.11.2020 14:18",
            "open": "0.315358",
            "high": "0.315358",
            "low": "0.313992",
            "close": "0.31484"
        },
        {
            "time": "16.11.2020 14:19",
            "open": "0.31484",
            "high": "0.315358",
            "low": "0.31484",
            "close": "0.3156"
        },
        {
            "time": "16.11.2020 14:20",
            "open": "0.3156",
            "high": "0.316189",
            "low": "0.3156",
            "close": "0.316494"
        },
        {
            "time": "16.11.2020 14:21",
            "open": "0.316494",
            "high": "0.316494",
            "low": "0.316494",
            "close": "0.316609"
        },
        {
            "time": "16.11.2020 14:27",
            "open": "0.316609",
            "high": "0.317289",
            "low": "0.316609",
            "close": "0.3173"
        },
        {
            "time": "16.11.2020 14:28",
            "open": "0.3173",
            "high": "0.317676",
            "low": "0.3173",
            "close": "0.317207"
        },
        {
            "time": "16.11.2020 14:29",
            "open": "0.317207",
            "high": "0.317233",
            "low": "0.316957",
            "close": "0.3175"
        },
        {
            "time": "16.11.2020 14:30",
            "open": "0.3175",
            "high": "0.3185",
            "low": "0.3175",
            "close": "0.318556"
        },
        {
            "time": "16.11.2020 14:31",
            "open": "0.318556",
            "high": "0.31932",
            "low": "0.318556",
            "close": "0.318917"
        },
        {
            "time": "16.11.2020 14:32",
            "open": "0.318917",
            "high": "0.318917",
            "low": "0.318858",
            "close": "0.318828"
        },
        {
            "time": "16.11.2020 14:36",
            "open": "0.318828",
            "high": "0.318857",
            "low": "0.318828",
            "close": "0.319158"
        },
        {
            "time": "16.11.2020 14:37",
            "open": "0.319158",
            "high": "0.319158",
            "low": "0.319158",
            "close": "0.318886"
        },
        {
            "time": "16.11.2020 14:38",
            "open": "0.318886",
            "high": "0.3194",
            "low": "0.318886",
            "close": "0.3194"
        },
        {
            "time": "16.11.2020 14:39",
            "open": "0.3194",
            "high": "0.3194",
            "low": "0.318942",
            "close": "0.3194"
        },
        {
            "time": "16.11.2020 14:40",
            "open": "0.3194",
            "high": "0.3194",
            "low": "0.31923",
            "close": "0.319154"
        },
        {
            "time": "16.11.2020 14:41",
            "open": "0.319154",
            "high": "0.319743",
            "low": "0.319142",
            "close": "0.318721"
        },
        {
            "time": "16.11.2020 14:42",
            "open": "0.318721",
            "high": "0.318721",
            "low": "0.318721",
            "close": "0.318449"
        },
        {
            "time": "16.11.2020 14:44",
            "open": "0.318449",
            "high": "0.318449",
            "low": "0.31829",
            "close": "0.319398"
        },
        {
            "time": "16.11.2020 14:46",
            "open": "0.319398",
            "high": "0.319404",
            "low": "0.319398",
            "close": "0.319446"
        },
        {
            "time": "16.11.2020 14:47",
            "open": "0.319446",
            "high": "0.319446",
            "low": "0.319446",
            "close": "0.318944"
        },
        {
            "time": "16.11.2020 14:48",
            "open": "0.318944",
            "high": "0.319252",
            "low": "0.318944",
            "close": "0.317808"
        },
        {
            "time": "16.11.2020 14:50",
            "open": "0.317808",
            "high": "0.317808",
            "low": "0.317808",
            "close": "0.317808"
        },
        {
            "time": "16.11.2020 14:51",
            "open": "0.317808",
            "high": "0.317808",
            "low": "0.317808",
            "close": "0.318"
        },
        {
            "time": "16.11.2020 14:52",
            "open": "0.318",
            "high": "0.318011",
            "low": "0.318",
            "close": "0.318012"
        },
        {
            "time": "16.11.2020 14:55",
            "open": "0.318012",
            "high": "0.318012",
            "low": "0.318012",
            "close": "0.317726"
        },
        {
            "time": "16.11.2020 14:56",
            "open": "0.317726",
            "high": "0.317726",
            "low": "0.317723",
            "close": "0.317738"
        },
        {
            "time": "16.11.2020 14:57",
            "open": "0.317738",
            "high": "0.317738",
            "low": "0.317736",
            "close": "0.317737"
        },
        {
            "time": "16.11.2020 14:58",
            "open": "0.317737",
            "high": "0.317737",
            "low": "0.317737",
            "close": "0.318399"
        },
        {
            "time": "16.11.2020 15:00",
            "open": "0.318399",
            "high": "0.318983",
            "low": "0.318399",
            "close": "0.319867"
        },
        {
            "time": "16.11.2020 15:01",
            "open": "0.319867",
            "high": "0.319867",
            "low": "0.319867",
            "close": "0.32"
        },
        {
            "time": "16.11.2020 15:03",
            "open": "0.32",
            "high": "0.32",
            "low": "0.32",
            "close": "0.319911"
        },
        {
            "time": "16.11.2020 15:04",
            "open": "0.319911",
            "high": "0.319911",
            "low": "0.319689",
            "close": "0.319745"
        },
        {
            "time": "16.11.2020 15:06",
            "open": "0.319745",
            "high": "0.319745",
            "low": "0.319731",
            "close": "0.319412"
        },
        {
            "time": "16.11.2020 15:07",
            "open": "0.319412",
            "high": "0.319412",
            "low": "0.319412",
            "close": "0.319412"
        },
        {
            "time": "16.11.2020 15:08",
            "open": "0.319412",
            "high": "0.319412",
            "low": "0.319412",
            "close": "0.32"
        },
        {
            "time": "16.11.2020 15:10",
            "open": "0.32",
            "high": "0.32",
            "low": "0.32",
            "close": "0.319862"
        },
        {
            "time": "16.11.2020 15:13",
            "open": "0.319862",
            "high": "0.319862",
            "low": "0.319862",
            "close": "0.319457"
        },
        {
            "time": "16.11.2020 15:15",
            "open": "0.319457",
            "high": "0.319457",
            "low": "0.319457",
            "close": "0.319164"
        },
        {
            "time": "16.11.2020 15:16",
            "open": "0.319164",
            "high": "0.319164",
            "low": "0.319164",
            "close": "0.318789"
        },
        {
            "time": "16.11.2020 15:17",
            "open": "0.318789",
            "high": "0.318789",
            "low": "0.318789",
            "close": "0.31927"
        },
        {
            "time": "16.11.2020 15:21",
            "open": "0.31927",
            "high": "0.31927",
            "low": "0.319269",
            "close": "0.319755"
        },
        {
            "time": "16.11.2020 15:23",
            "open": "0.319755",
            "high": "0.319911",
            "low": "0.319755",
            "close": "0.319704"
        },
        {
            "time": "16.11.2020 15:24",
            "open": "0.319704",
            "high": "0.320386",
            "low": "0.319704",
            "close": "0.320657"
        },
        {
            "time": "16.11.2020 15:25",
            "open": "0.320657",
            "high": "0.320657",
            "low": "0.32056",
            "close": "0.3207"
        },
        {
            "time": "16.11.2020 15:27",
            "open": "0.3207",
            "high": "0.3207",
            "low": "0.3207",
            "close": "0.3208"
        },
        {
            "time": "16.11.2020 15:28",
            "open": "0.3208",
            "high": "0.320935",
            "low": "0.3208",
            "close": "0.32093"
        },
        {
            "time": "16.11.2020 15:31",
            "open": "0.32093",
            "high": "0.321",
            "low": "0.32093",
            "close": "0.3208"
        },
        {
            "time": "16.11.2020 15:32",
            "open": "0.3208",
            "high": "0.3208",
            "low": "0.3206",
            "close": "0.3185"
        },
        {
            "time": "16.11.2020 15:34",
            "open": "0.3185",
            "high": "0.3185",
            "low": "0.3185",
            "close": "0.320046"
        },
        {
            "time": "16.11.2020 15:36",
            "open": "0.320046",
            "high": "0.320046",
            "low": "0.320046",
            "close": "0.319907"
        },
        {
            "time": "16.11.2020 15:38",
            "open": "0.319907",
            "high": "0.319907",
            "low": "0.319876",
            "close": "0.320519"
        },
        {
            "time": "16.11.2020 15:39",
            "open": "0.320519",
            "high": "0.3215",
            "low": "0.320519",
            "close": "0.3215"
        },
        {
            "time": "16.11.2020 15:40",
            "open": "0.3215",
            "high": "0.3215",
            "low": "0.3215",
            "close": "0.321097"
        },
        {
            "time": "16.11.2020 15:41",
            "open": "0.321097",
            "high": "0.321097",
            "low": "0.321055",
            "close": "0.321109"
        },
        {
            "time": "16.11.2020 15:46",
            "open": "0.321109",
            "high": "0.321109",
            "low": "0.321109",
            "close": "0.320967"
        },
        {
            "time": "16.11.2020 15:47",
            "open": "0.320967",
            "high": "0.321543",
            "low": "0.320967",
            "close": "0.319903"
        },
        {
            "time": "16.11.2020 15:54",
            "open": "0.319903",
            "high": "0.319903",
            "low": "0.319903",
            "close": "0.321003"
        },
        {
            "time": "16.11.2020 15:58",
            "open": "0.321003",
            "high": "0.321003",
            "low": "0.320905",
            "close": "0.321048"
        },
        {
            "time": "16.11.2020 16:00",
            "open": "0.321048",
            "high": "0.321048",
            "low": "0.320911",
            "close": "0.320859"
        },
        {
            "time": "16.11.2020 16:04",
            "open": "0.320859",
            "high": "0.320859",
            "low": "0.320859",
            "close": "0.321404"
        },
        {
            "time": "16.11.2020 16:07",
            "open": "0.321404",
            "high": "0.321404",
            "low": "0.321404",
            "close": "0.320982"
        },
        {
            "time": "16.11.2020 16:18",
            "open": "0.320982",
            "high": "0.320982",
            "low": "0.320982",
            "close": "0.32126"
        },
        {
            "time": "16.11.2020 16:20",
            "open": "0.32126",
            "high": "0.32126",
            "low": "0.32126",
            "close": "0.32081"
        },
        {
            "time": "16.11.2020 16:21",
            "open": "0.32081",
            "high": "0.32081",
            "low": "0.32081",
            "close": "0.320619"
        },
        {
            "time": "16.11.2020 16:22",
            "open": "0.320619",
            "high": "0.320619",
            "low": "0.320267",
            "close": "0.320808"
        },
        {
            "time": "16.11.2020 16:23",
            "open": "0.320808",
            "high": "0.320808",
            "low": "0.320808",
            "close": "0.320807"
        },
        {
            "time": "16.11.2020 16:24",
            "open": "0.320807",
            "high": "0.32081",
            "low": "0.320807",
            "close": "0.32081"
        },
        {
            "time": "16.11.2020 16:25",
            "open": "0.32081",
            "high": "0.32081",
            "low": "0.32049",
            "close": "0.320435"
        },
        {
            "time": "16.11.2020 16:27",
            "open": "0.320435",
            "high": "0.320809",
            "low": "0.320435",
            "close": "0.32081"
        },
        {
            "time": "16.11.2020 16:28",
            "open": "0.32081",
            "high": "0.32081",
            "low": "0.32081",
            "close": "0.320738"
        },
        {
            "time": "16.11.2020 16:29",
            "open": "0.320738",
            "high": "0.320738",
            "low": "0.320738",
            "close": "0.32081"
        },
        {
            "time": "16.11.2020 16:30",
            "open": "0.32081",
            "high": "0.32081",
            "low": "0.32081",
            "close": "0.32081"
        },
        {
            "time": "16.11.2020 16:31",
            "open": "0.32081",
            "high": "0.32081",
            "low": "0.32081",
            "close": "0.32126"
        },
        {
            "time": "16.11.2020 16:32",
            "open": "0.32126",
            "high": "0.32126",
            "low": "0.321188",
            "close": "0.321534"
        },
        {
            "time": "16.11.2020 16:33",
            "open": "0.321534",
            "high": "0.321534",
            "low": "0.321534",
            "close": "0.321578"
        },
        {
            "time": "16.11.2020 16:34",
            "open": "0.321578",
            "high": "0.321578",
            "low": "0.321003",
            "close": "0.320905"
        },
        {
            "time": "16.11.2020 16:35",
            "open": "0.320905",
            "high": "0.320905",
            "low": "0.320905",
            "close": "0.319379"
        },
        {
            "time": "16.11.2020 16:41",
            "open": "0.319379",
            "high": "0.319379",
            "low": "0.319316",
            "close": "0.318796"
        },
        {
            "time": "16.11.2020 16:44",
            "open": "0.318796",
            "high": "0.318796",
            "low": "0.318767",
            "close": "0.318319"
        },
        {
            "time": "16.11.2020 16:49",
            "open": "0.318319",
            "high": "0.318697",
            "low": "0.318319",
            "close": "0.319119"
        },
        {
            "time": "16.11.2020 16:53",
            "open": "0.319119",
            "high": "0.319859",
            "low": "0.319119",
            "close": "0.318926"
        },
        {
            "time": "16.11.2020 16:57",
            "open": "0.318926",
            "high": "0.318926",
            "low": "0.318926",
            "close": "0.318856"
        },
        {
            "time": "16.11.2020 16:58",
            "open": "0.318856",
            "high": "0.319744",
            "low": "0.318856",
            "close": "0.319734"
        },
        {
            "time": "16.11.2020 17:00",
            "open": "0.319734",
            "high": "0.319734",
            "low": "0.319734",
            "close": "0.31959"
        },
        {
            "time": "16.11.2020 17:02",
            "open": "0.31959",
            "high": "0.31959",
            "low": "0.31959",
            "close": "0.318713"
        },
        {
            "time": "16.11.2020 17:03",
            "open": "0.318713",
            "high": "0.318713",
            "low": "0.318173",
            "close": "0.319273"
        },
        {
            "time": "16.11.2020 17:04",
            "open": "0.319273",
            "high": "0.319582",
            "low": "0.319273",
            "close": "0.318828"
        },
        {
            "time": "16.11.2020 17:05",
            "open": "0.318828",
            "high": "0.318828",
            "low": "0.318828",
            "close": "0.318765"
        },
        {
            "time": "16.11.2020 17:06",
            "open": "0.318765",
            "high": "0.318765",
            "low": "0.317845",
            "close": "0.316455"
        },
        {
            "time": "16.11.2020 17:09",
            "open": "0.316455",
            "high": "0.31711",
            "low": "0.316455",
            "close": "0.3178"
        },
        {
            "time": "16.11.2020 17:14",
            "open": "0.3178",
            "high": "0.3178",
            "low": "0.3178",
            "close": "0.317622"
        },
        {
            "time": "16.11.2020 17:18",
            "open": "0.317622",
            "high": "0.317622",
            "low": "0.317437",
            "close": "0.316403"
        },
        {
            "time": "16.11.2020 17:20",
            "open": "0.316403",
            "high": "0.316403",
            "low": "0.316403",
            "close": "0.316436"
        },
        {
            "time": "16.11.2020 17:22",
            "open": "0.316436",
            "high": "0.316436",
            "low": "0.316436",
            "close": "0.316927"
        },
        {
            "time": "16.11.2020 17:23",
            "open": "0.316927",
            "high": "0.317044",
            "low": "0.316927",
            "close": "0.316308"
        },
        {
            "time": "16.11.2020 17:26",
            "open": "0.316308",
            "high": "0.316308",
            "low": "0.316308",
            "close": "0.316306"
        },
        {
            "time": "16.11.2020 17:27",
            "open": "0.316306",
            "high": "0.316306",
            "low": "0.316306",
            "close": "0.316697"
        },
        {
            "time": "16.11.2020 17:32",
            "open": "0.316697",
            "high": "0.317107",
            "low": "0.316697",
            "close": "0.316087"
        },
        {
            "time": "16.11.2020 17:33",
            "open": "0.316087",
            "high": "0.316087",
            "low": "0.316087",
            "close": "0.315197"
        },
        {
            "time": "16.11.2020 17:39",
            "open": "0.315197",
            "high": "0.315197",
            "low": "0.315197",
            "close": "0.314594"
        },
        {
            "time": "16.11.2020 17:40",
            "open": "0.314594",
            "high": "0.315098",
            "low": "0.314594",
            "close": "0.314501"
        },
        {
            "time": "16.11.2020 17:41",
            "open": "0.314501",
            "high": "0.314501",
            "low": "0.314501",
            "close": "0.315023"
        },
        {
            "time": "16.11.2020 17:42",
            "open": "0.315023",
            "high": "0.315023",
            "low": "0.315023",
            "close": "0.315076"
        },
        {
            "time": "16.11.2020 17:43",
            "open": "0.315076",
            "high": "0.315076",
            "low": "0.315076",
            "close": "0.3145"
        },
        {
            "time": "16.11.2020 17:44",
            "open": "0.3145",
            "high": "0.3145",
            "low": "0.3145",
            "close": "0.314"
        },
        {
            "time": "16.11.2020 17:45",
            "open": "0.314",
            "high": "0.315421",
            "low": "0.313946",
            "close": "0.317631"
        },
        {
            "time": "16.11.2020 17:46",
            "open": "0.317631",
            "high": "0.317631",
            "low": "0.317337",
            "close": "0.317122"
        },
        {
            "time": "16.11.2020 17:52",
            "open": "0.317122",
            "high": "0.317122",
            "low": "0.317122",
            "close": "0.316631"
        },
        {
            "time": "16.11.2020 17:54",
            "open": "0.316631",
            "high": "0.316631",
            "low": "0.316631",
            "close": "0.315984"
        },
        {
            "time": "16.11.2020 17:57",
            "open": "0.315984",
            "high": "0.315984",
            "low": "0.315984",
            "close": "0.316777"
        },
        {
            "time": "16.11.2020 18:08",
            "open": "0.316777",
            "high": "0.316777",
            "low": "0.316777",
            "close": "0.317084"
        },
        {
            "time": "16.11.2020 18:11",
            "open": "0.317084",
            "high": "0.317084",
            "low": "0.3166",
            "close": "0.316669"
        },
        {
            "time": "16.11.2020 18:13",
            "open": "0.316669",
            "high": "0.316669",
            "low": "0.3166",
            "close": "0.3166"
        },
        {
            "time": "16.11.2020 18:16",
            "open": "0.3166",
            "high": "0.3166",
            "low": "0.3166",
            "close": "0.3166"
        },
        {
            "time": "16.11.2020 18:19",
            "open": "0.3166",
            "high": "0.3166",
            "low": "0.3166",
            "close": "0.3166"
        },
        {
            "time": "16.11.2020 18:20",
            "open": "0.3166",
            "high": "0.3166",
            "low": "0.3166",
            "close": "0.316929"
        },
        {
            "time": "16.11.2020 18:22",
            "open": "0.316929",
            "high": "0.31693",
            "low": "0.316929",
            "close": "0.31693"
        },
        {
            "time": "16.11.2020 18:23",
            "open": "0.31693",
            "high": "0.31693",
            "low": "0.31693",
            "close": "0.317164"
        },
        {
            "time": "16.11.2020 18:24",
            "open": "0.317164",
            "high": "0.317286",
            "low": "0.316626",
            "close": "0.3166"
        },
        {
            "time": "16.11.2020 18:25",
            "open": "0.3166",
            "high": "0.3166",
            "low": "0.3166",
            "close": "0.3166"
        },
        {
            "time": "16.11.2020 18:26",
            "open": "0.3166",
            "high": "0.3166",
            "low": "0.3166",
            "close": "0.3166"
        },
        {
            "time": "16.11.2020 18:27",
            "open": "0.3166",
            "high": "0.3166",
            "low": "0.3166",
            "close": "0.317"
        },
        {
            "time": "16.11.2020 18:28",
            "open": "0.317",
            "high": "0.317",
            "low": "0.317",
            "close": "0.317373"
        },
        {
            "time": "16.11.2020 18:29",
            "open": "0.317373",
            "high": "0.317373",
            "low": "0.316912",
            "close": "0.317495"
        },
        {
            "time": "16.11.2020 18:30",
            "open": "0.317495",
            "high": "0.317524",
            "low": "0.317495",
            "close": "0.31751"
        },
        {
            "time": "16.11.2020 18:31",
            "open": "0.31751",
            "high": "0.31751",
            "low": "0.31751",
            "close": "0.316948"
        },
        {
            "time": "16.11.2020 18:33",
            "open": "0.316948",
            "high": "0.316948",
            "low": "0.316948",
            "close": "0.3166"
        },
        {
            "time": "16.11.2020 18:36",
            "open": "0.3166",
            "high": "0.3166",
            "low": "0.3166",
            "close": "0.315518"
        },
        {
            "time": "16.11.2020 18:38",
            "open": "0.315518",
            "high": "0.315518",
            "low": "0.315518",
            "close": "0.314296"
        },
        {
            "time": "16.11.2020 18:40",
            "open": "0.314296",
            "high": "0.314296",
            "low": "0.314296",
            "close": "0.315675"
        },
        {
            "time": "16.11.2020 18:42",
            "open": "0.315675",
            "high": "0.315675",
            "low": "0.315675",
            "close": "0.315117"
        },
        {
            "time": "16.11.2020 18:43",
            "open": "0.315117",
            "high": "0.315117",
            "low": "0.315117",
            "close": "0.3157"
        },
        {
            "time": "16.11.2020 18:44",
            "open": "0.3157",
            "high": "0.3157",
            "low": "0.3157",
            "close": "0.315505"
        },
        {
            "time": "16.11.2020 18:46",
            "open": "0.315505",
            "high": "0.315531",
            "low": "0.315505",
            "close": "0.31563"
        },
        {
            "time": "16.11.2020 18:47",
            "open": "0.31563",
            "high": "0.31563",
            "low": "0.31563",
            "close": "0.315972"
        },
        {
            "time": "16.11.2020 18:50",
            "open": "0.315972",
            "high": "0.315972",
            "low": "0.315972",
            "close": "0.315872"
        },
        {
            "time": "16.11.2020 18:51",
            "open": "0.315872",
            "high": "0.315872",
            "low": "0.315872",
            "close": "0.31518"
        },
        {
            "time": "16.11.2020 18:54",
            "open": "0.31518",
            "high": "0.31518",
            "low": "0.315115",
            "close": "0.315898"
        },
        {
            "time": "16.11.2020 18:55",
            "open": "0.315898",
            "high": "0.315898",
            "low": "0.315888",
            "close": "0.314863"
        },
        {
            "time": "16.11.2020 18:56",
            "open": "0.314863",
            "high": "0.315597",
            "low": "0.314863",
            "close": "0.315406"
        },
        {
            "time": "16.11.2020 19:02",
            "open": "0.315406",
            "high": "0.315406",
            "low": "0.315406",
            "close": "0.316222"
        },
        {
            "time": "16.11.2020 19:03",
            "open": "0.316222",
            "high": "0.316222",
            "low": "0.316222",
            "close": "0.315284"
        },
        {
            "time": "16.11.2020 19:07",
            "open": "0.315284",
            "high": "0.315284",
            "low": "0.315284",
            "close": "0.316161"
        },
        {
            "time": "16.11.2020 19:09",
            "open": "0.316161",
            "high": "0.316161",
            "low": "0.316161",
            "close": "0.315392"
        },
        {
            "time": "16.11.2020 19:15",
            "open": "0.315392",
            "high": "0.316054",
            "low": "0.315392",
            "close": "0.316141"
        },
        {
            "time": "16.11.2020 19:16",
            "open": "0.316141",
            "high": "0.316141",
            "low": "0.316141",
            "close": "0.315776"
        },
        {
            "time": "16.11.2020 19:21",
            "open": "0.315776",
            "high": "0.315776",
            "low": "0.315776",
            "close": "0.315405"
        },
        {
            "time": "16.11.2020 19:25",
            "open": "0.315405",
            "high": "0.315405",
            "low": "0.315405",
            "close": "0.316088"
        },
        {
            "time": "16.11.2020 19:26",
            "open": "0.316088",
            "high": "0.316169",
            "low": "0.316088",
            "close": "0.315"
        },
        {
            "time": "16.11.2020 19:28",
            "open": "0.315",
            "high": "0.315323",
            "low": "0.315",
            "close": "0.315504"
        },
        {
            "time": "16.11.2020 19:39",
            "open": "0.315504",
            "high": "0.315504",
            "low": "0.315504",
            "close": "0.315009"
        },
        {
            "time": "16.11.2020 19:42",
            "open": "0.315009",
            "high": "0.3151",
            "low": "0.315009",
            "close": "0.315115"
        },
        {
            "time": "16.11.2020 19:50",
            "open": "0.315115",
            "high": "0.315115",
            "low": "0.315001",
            "close": "0.315356"
        },
        {
            "time": "16.11.2020 19:52",
            "open": "0.315356",
            "high": "0.315356",
            "low": "0.315356",
            "close": "0.315496"
        },
        {
            "time": "16.11.2020 19:53",
            "open": "0.315496",
            "high": "0.31555",
            "low": "0.315496",
            "close": "0.315219"
        },
        {
            "time": "16.11.2020 20:00",
            "open": "0.315219",
            "high": "0.315219",
            "low": "0.315219",
            "close": "0.315448"
        },
        {
            "time": "16.11.2020 20:04",
            "open": "0.315448",
            "high": "0.315448",
            "low": "0.315448",
            "close": "0.315"
        },
        {
            "time": "16.11.2020 20:05",
            "open": "0.315",
            "high": "0.315",
            "low": "0.315",
            "close": "0.315"
        },
        {
            "time": "16.11.2020 20:06",
            "open": "0.315",
            "high": "0.315",
            "low": "0.315",
            "close": "0.3143"
        },
        {
            "time": "16.11.2020 20:07",
            "open": "0.3143",
            "high": "0.3143",
            "low": "0.3143",
            "close": "0.3139"
        },
        {
            "time": "16.11.2020 20:11",
            "open": "0.3139",
            "high": "0.314256",
            "low": "0.3139",
            "close": "0.314269"
        },
        {
            "time": "16.11.2020 20:12",
            "open": "0.314269",
            "high": "0.314269",
            "low": "0.314269",
            "close": "0.3139"
        },
        {
            "time": "16.11.2020 20:14",
            "open": "0.3139",
            "high": "0.3139",
            "low": "0.3139",
            "close": "0.3139"
        },
        {
            "time": "16.11.2020 20:15",
            "open": "0.3139",
            "high": "0.3139",
            "low": "0.31336",
            "close": "0.313"
        },
        {
            "time": "16.11.2020 20:17",
            "open": "0.313",
            "high": "0.313",
            "low": "0.312755",
            "close": "0.3126"
        },
        {
            "time": "16.11.2020 20:18",
            "open": "0.3126",
            "high": "0.3126",
            "low": "0.311658",
            "close": "0.312464"
        },
        {
            "time": "16.11.2020 20:20",
            "open": "0.312464",
            "high": "0.312464",
            "low": "0.312464",
            "close": "0.312464"
        },
        {
            "time": "16.11.2020 20:28",
            "open": "0.312464",
            "high": "0.312464",
            "low": "0.312464",
            "close": "0.312464"
        },
        {
            "time": "16.11.2020 20:29",
            "open": "0.312464",
            "high": "0.312932",
            "low": "0.312464",
            "close": "0.312464"
        },
        {
            "time": "16.11.2020 20:30",
            "open": "0.312464",
            "high": "0.312464",
            "low": "0.312464",
            "close": "0.312464"
        },
        {
            "time": "16.11.2020 20:32",
            "open": "0.312464",
            "high": "0.312464",
            "low": "0.312464",
            "close": "0.312464"
        },
        {
            "time": "16.11.2020 20:33",
            "open": "0.312464",
            "high": "0.312464",
            "low": "0.312464",
            "close": "0.311952"
        },
        {
            "time": "16.11.2020 20:35",
            "open": "0.311952",
            "high": "0.311952",
            "low": "0.311952",
            "close": "0.311656"
        },
        {
            "time": "16.11.2020 20:39",
            "open": "0.311656",
            "high": "0.311656",
            "low": "0.310909",
            "close": "0.311667"
        },
        {
            "time": "16.11.2020 20:42",
            "open": "0.311667",
            "high": "0.311667",
            "low": "0.311667",
            "close": "0.311238"
        },
        {
            "time": "16.11.2020 20:50",
            "open": "0.311238",
            "high": "0.311238",
            "low": "0.311238",
            "close": "0.311527"
        },
        {
            "time": "16.11.2020 20:52",
            "open": "0.311527",
            "high": "0.311527",
            "low": "0.311527",
            "close": "0.311465"
        },
        {
            "time": "16.11.2020 20:53",
            "open": "0.311465",
            "high": "0.311465",
            "low": "0.311465",
            "close": "0.311366"
        },
        {
            "time": "16.11.2020 20:54",
            "open": "0.311366",
            "high": "0.311366",
            "low": "0.311366",
            "close": "0.311301"
        },
        {
            "time": "16.11.2020 20:57",
            "open": "0.311301",
            "high": "0.311301",
            "low": "0.3111",
            "close": "0.311516"
        },
        {
            "time": "16.11.2020 20:58",
            "open": "0.311516",
            "high": "0.311516",
            "low": "0.311516",
            "close": "0.311631"
        },
        {
            "time": "16.11.2020 21:00",
            "open": "0.311631",
            "high": "0.311631",
            "low": "0.3111",
            "close": "0.311819"
        },
        {
            "time": "16.11.2020 21:09",
            "open": "0.311819",
            "high": "0.311819",
            "low": "0.311819",
            "close": "0.3115"
        },
        {
            "time": "16.11.2020 21:10",
            "open": "0.3115",
            "high": "0.3115",
            "low": "0.3115",
            "close": "0.311716"
        },
        {
            "time": "16.11.2020 21:11",
            "open": "0.311716",
            "high": "0.311716",
            "low": "0.311716",
            "close": "0.311511"
        },
        {
            "time": "16.11.2020 21:17",
            "open": "0.311511",
            "high": "0.311511",
            "low": "0.311511",
            "close": "0.31215"
        },
        {
            "time": "16.11.2020 21:18",
            "open": "0.31215",
            "high": "0.31215",
            "low": "0.31215",
            "close": "0.312059"
        },
        {
            "time": "16.11.2020 21:21",
            "open": "0.312059",
            "high": "0.312068",
            "low": "0.312059",
            "close": "0.312165"
        },
        {
            "time": "16.11.2020 21:27",
            "open": "0.312165",
            "high": "0.312585",
            "low": "0.312165",
            "close": "0.312901"
        },
        {
            "time": "16.11.2020 21:28",
            "open": "0.312901",
            "high": "0.312901",
            "low": "0.312901",
            "close": "0.312901"
        },
        {
            "time": "16.11.2020 21:29",
            "open": "0.312901",
            "high": "0.312901",
            "low": "0.312901",
            "close": "0.312675"
        },
        {
            "time": "16.11.2020 21:31",
            "open": "0.312675",
            "high": "0.312675",
            "low": "0.312675",
            "close": "0.313"
        },
        {
            "time": "16.11.2020 21:34",
            "open": "0.313",
            "high": "0.313037",
            "low": "0.313",
            "close": "0.31278"
        },
        {
            "time": "16.11.2020 21:36",
            "open": "0.31278",
            "high": "0.31278",
            "low": "0.31272",
            "close": "0.313757"
        },
        {
            "time": "16.11.2020 21:49",
            "open": "0.313757",
            "high": "0.313757",
            "low": "0.313757",
            "close": "0.312854"
        },
        {
            "time": "16.11.2020 21:50",
            "open": "0.312854",
            "high": "0.313365",
            "low": "0.312854",
            "close": "0.312811"
        },
        {
            "time": "16.11.2020 21:55",
            "open": "0.312811",
            "high": "0.312811",
            "low": "0.312811",
            "close": "0.312811"
        },
        {
            "time": "16.11.2020 22:17",
            "open": "0.312811",
            "high": "0.312811",
            "low": "0.312811",
            "close": "0.311504"
        },
        {
            "time": "16.11.2020 22:26",
            "open": "0.311504",
            "high": "0.311504",
            "low": "0.311504",
            "close": "0.312362"
        },
        {
            "time": "16.11.2020 22:28",
            "open": "0.312362",
            "high": "0.312362",
            "low": "0.312362",
            "close": "0.312204"
        },
        {
            "time": "16.11.2020 22:30",
            "open": "0.312204",
            "high": "0.312204",
            "low": "0.312204",
            "close": "0.31246"
        },
        {
            "time": "16.11.2020 22:39",
            "open": "0.31246",
            "high": "0.31246",
            "low": "0.312363",
            "close": "0.313287"
        },
        {
            "time": "16.11.2020 22:40",
            "open": "0.313287",
            "high": "0.313352",
            "low": "0.313287",
            "close": "0.312731"
        },
        {
            "time": "16.11.2020 22:44",
            "open": "0.312731",
            "high": "0.312731",
            "low": "0.312731",
            "close": "0.3115"
        },
        {
            "time": "16.11.2020 22:47",
            "open": "0.3115",
            "high": "0.3115",
            "low": "0.3115",
            "close": "0.311102"
        },
        {
            "time": "16.11.2020 22:48",
            "open": "0.311102",
            "high": "0.311102",
            "low": "0.311045",
            "close": "0.31088"
        },
        {
            "time": "16.11.2020 22:50",
            "open": "0.31088",
            "high": "0.31105",
            "low": "0.310154",
            "close": "0.311369"
        },
        {
            "time": "16.11.2020 22:51",
            "open": "0.311369",
            "high": "0.311433",
            "low": "0.311369",
            "close": "0.311085"
        },
        {
            "time": "16.11.2020 22:53",
            "open": "0.311085",
            "high": "0.311085",
            "low": "0.311085",
            "close": "0.311595"
        },
        {
            "time": "16.11.2020 22:56",
            "open": "0.311595",
            "high": "0.311619",
            "low": "0.311595",
            "close": "0.31101"
        },
        {
            "time": "16.11.2020 22:57",
            "open": "0.310883",
            "high": "0.310883",
            "low": "0.310883",
            "close": "0.311425"
        },
        {
            "time": "16.11.2020 23:03",
            "open": "0.311425",
            "high": "0.311425",
            "low": "0.311425",
            "close": "0.31141"
        },
        {
            "time": "16.11.2020 23:05",
            "open": "0.31141",
            "high": "0.31141",
            "low": "0.31141",
            "close": "0.31141"
        },
        {
            "time": "16.11.2020 23:06",
            "open": "0.31141",
            "high": "0.31141",
            "low": "0.31141",
            "close": "0.311257"
        },
        {
            "time": "16.11.2020 23:15",
            "open": "0.311257",
            "high": "0.311257",
            "low": "0.311257",
            "close": "0.311639"
        },
        {
            "time": "16.11.2020 23:17",
            "open": "0.311639",
            "high": "0.311639",
            "low": "0.311639",
            "close": "0.312425"
        },
        {
            "time": "16.11.2020 23:32",
            "open": "0.312425",
            "high": "0.312425",
            "low": "0.312425",
            "close": "0.312427"
        },
        {
            "time": "16.11.2020 23:34",
            "open": "0.312427",
            "high": "0.312427",
            "low": "0.311104",
            "close": "0.312146"
        },
        {
            "time": "16.11.2020 23:39",
            "open": "0.312146",
            "high": "0.312146",
            "low": "0.312146",
            "close": "0.311432"
        },
        {
            "time": "16.11.2020 23:44",
            "open": "0.311432",
            "high": "0.311432",
            "low": "0.311432",
            "close": "0.312145"
        },
        {
            "time": "16.11.2020 23:48",
            "open": "0.312145",
            "high": "0.312145",
            "low": "0.312145",
            "close": "0.312994"
        },
        {
            "time": "16.11.2020 23:53",
            "open": "0.312994",
            "high": "0.312999",
            "low": "0.312994",
            "close": "0.312392"
        },
        {
            "time": "16.11.2020 23:54",
            "open": "0.312392",
            "high": "0.312392",
            "low": "0.312392",
            "close": "0.313"
        },
        {
            "time": "16.11.2020 23:56",
            "open": "0.313",
            "high": "0.313",
            "low": "0.313",
            "close": "0.313038"
        }
    ]
}