{
    "ZRX-EUR": [
        {
            "time": "18.06.2021 23:55",
            "open": "0.682715",
            "high": "0.682715",
            "low": "0.682715",
            "close": "0.683109"
        },
        {
            "time": "19.06.2021 00:00",
            "open": "0.683109",
            "high": "0.683109",
            "low": "0.682682",
            "close": "0.682563"
        },
        {
            "time": "19.06.2021 00:01",
            "open": "0.682563",
            "high": "0.682563",
            "low": "0.682563",
            "close": "0.683079"
        },
        {
            "time": "19.06.2021 00:04",
            "open": "0.683079",
            "high": "0.683079",
            "low": "0.683079",
            "close": "0.682515"
        },
        {
            "time": "19.06.2021 00:05",
            "open": "0.682515",
            "high": "0.682515",
            "low": "0.682515",
            "close": "0.682392"
        },
        {
            "time": "19.06.2021 00:06",
            "open": "0.682392",
            "high": "0.682456",
            "low": "0.682392",
            "close": "0.682456"
        },
        {
            "time": "19.06.2021 00:10",
            "open": "0.682456",
            "high": "0.682456",
            "low": "0.68233",
            "close": "0.681888"
        },
        {
            "time": "19.06.2021 00:12",
            "open": "0.681888",
            "high": "0.682007",
            "low": "0.681888",
            "close": "0.682043"
        },
        {
            "time": "19.06.2021 00:15",
            "open": "0.682043",
            "high": "0.682168",
            "low": "0.682043",
            "close": "0.683867"
        },
        {
            "time": "19.06.2021 00:19",
            "open": "0.683867",
            "high": "0.683867",
            "low": "0.683867",
            "close": "0.68335"
        },
        {
            "time": "19.06.2021 00:20",
            "open": "0.68335",
            "high": "0.68335",
            "low": "0.68335",
            "close": "0.68289"
        },
        {
            "time": "19.06.2021 00:22",
            "open": "0.68289",
            "high": "0.68289",
            "low": "0.682826",
            "close": "0.683312"
        },
        {
            "time": "19.06.2021 00:23",
            "open": "0.683312",
            "high": "0.683312",
            "low": "0.683312",
            "close": "0.681449"
        },
        {
            "time": "19.06.2021 00:29",
            "open": "0.681603",
            "high": "0.681603",
            "low": "0.681603",
            "close": "0.679649"
        },
        {
            "time": "19.06.2021 00:49",
            "open": "0.679649",
            "high": "0.67969",
            "low": "0.679554",
            "close": "0.681541"
        },
        {
            "time": "19.06.2021 00:54",
            "open": "0.681541",
            "high": "0.681541",
            "low": "0.681541",
            "close": "0.683446"
        },
        {
            "time": "19.06.2021 00:56",
            "open": "0.683446",
            "high": "0.683446",
            "low": "0.683057",
            "close": "0.68403"
        },
        {
            "time": "19.06.2021 00:57",
            "open": "0.68403",
            "high": "0.68403",
            "low": "0.68403",
            "close": "0.684591"
        },
        {
            "time": "19.06.2021 00:58",
            "open": "0.684591",
            "high": "0.684591",
            "low": "0.684591",
            "close": "0.685942"
        },
        {
            "time": "19.06.2021 01:00",
            "open": "0.685942",
            "high": "0.686006",
            "low": "0.685942",
            "close": "0.685663"
        },
        {
            "time": "19.06.2021 01:02",
            "open": "0.685663",
            "high": "0.685663",
            "low": "0.68545",
            "close": "0.685482"
        },
        {
            "time": "19.06.2021 01:03",
            "open": "0.685482",
            "high": "0.685632",
            "low": "0.685482",
            "close": "0.68472"
        },
        {
            "time": "19.06.2021 01:05",
            "open": "0.68472",
            "high": "0.68472",
            "low": "0.684055",
            "close": "0.684469"
        },
        {
            "time": "19.06.2021 01:06",
            "open": "0.684469",
            "high": "0.684469",
            "low": "0.684082",
            "close": "0.683526"
        },
        {
            "time": "19.06.2021 01:07",
            "open": "0.683526",
            "high": "0.683526",
            "low": "0.682989",
            "close": "0.67961"
        },
        {
            "time": "19.06.2021 01:09",
            "open": "0.67961",
            "high": "0.679952",
            "low": "0.679329",
            "close": "0.679744"
        },
        {
            "time": "19.06.2021 01:10",
            "open": "0.679744",
            "high": "0.679744",
            "low": "0.679744",
            "close": "0.679732"
        },
        {
            "time": "19.06.2021 01:11",
            "open": "0.679732",
            "high": "0.679732",
            "low": "0.679732",
            "close": "0.680095"
        },
        {
            "time": "19.06.2021 01:12",
            "open": "0.680095",
            "high": "0.680095",
            "low": "0.679957",
            "close": "0.677936"
        },
        {
            "time": "19.06.2021 01:16",
            "open": "0.678176",
            "high": "0.678176",
            "low": "0.678176",
            "close": "0.6787"
        },
        {
            "time": "19.06.2021 01:22",
            "open": "0.6787",
            "high": "0.679",
            "low": "0.6787",
            "close": "0.679742"
        },
        {
            "time": "19.06.2021 01:23",
            "open": "0.679742",
            "high": "0.679742",
            "low": "0.679742",
            "close": "0.679518"
        },
        {
            "time": "19.06.2021 01:25",
            "open": "0.679518",
            "high": "0.679518",
            "low": "0.679518",
            "close": "0.68162"
        },
        {
            "time": "19.06.2021 01:27",
            "open": "0.68162",
            "high": "0.68162",
            "low": "0.68162",
            "close": "0.681553"
        },
        {
            "time": "19.06.2021 01:28",
            "open": "0.681553",
            "high": "0.681553",
            "low": "0.681553",
            "close": "0.682424"
        },
        {
            "time": "19.06.2021 01:29",
            "open": "0.682424",
            "high": "0.682424",
            "low": "0.682424",
            "close": "0.682883"
        },
        {
            "time": "19.06.2021 01:30",
            "open": "0.682883",
            "high": "0.683298",
            "low": "0.682883",
            "close": "0.683375"
        },
        {
            "time": "19.06.2021 01:31",
            "open": "0.683375",
            "high": "0.683375",
            "low": "0.683375",
            "close": "0.684948"
        },
        {
            "time": "19.06.2021 01:32",
            "open": "0.684948",
            "high": "0.684948",
            "low": "0.684948",
            "close": "0.685506"
        },
        {
            "time": "19.06.2021 01:33",
            "open": "0.685506",
            "high": "0.685779",
            "low": "0.685506",
            "close": "0.686493"
        },
        {
            "time": "19.06.2021 01:34",
            "open": "0.686493",
            "high": "0.686493",
            "low": "0.686493",
            "close": "0.686933"
        },
        {
            "time": "19.06.2021 01:36",
            "open": "0.686933",
            "high": "0.686933",
            "low": "0.686749",
            "close": "0.687503"
        },
        {
            "time": "19.06.2021 01:37",
            "open": "0.687503",
            "high": "0.687503",
            "low": "0.687241",
            "close": "0.687166"
        },
        {
            "time": "19.06.2021 01:39",
            "open": "0.687166",
            "high": "0.688644",
            "low": "0.687166",
            "close": "0.688593"
        },
        {
            "time": "19.06.2021 01:40",
            "open": "0.688593",
            "high": "0.688593",
            "low": "0.688593",
            "close": "0.689284"
        },
        {
            "time": "19.06.2021 01:41",
            "open": "0.689284",
            "high": "0.689284",
            "low": "0.689283",
            "close": "0.688573"
        },
        {
            "time": "19.06.2021 01:42",
            "open": "0.688573",
            "high": "0.688573",
            "low": "0.688573",
            "close": "0.688725"
        },
        {
            "time": "19.06.2021 01:44",
            "open": "0.688725",
            "high": "0.688725",
            "low": "0.688371",
            "close": "0.688171"
        },
        {
            "time": "19.06.2021 01:46",
            "open": "0.688171",
            "high": "0.688171",
            "low": "0.688171",
            "close": "0.687712"
        },
        {
            "time": "19.06.2021 01:47",
            "open": "0.687712",
            "high": "0.687712",
            "low": "0.687712",
            "close": "0.687382"
        },
        {
            "time": "19.06.2021 01:48",
            "open": "0.687382",
            "high": "0.687382",
            "low": "0.687382",
            "close": "0.687415"
        },
        {
            "time": "19.06.2021 01:49",
            "open": "0.687415",
            "high": "0.687415",
            "low": "0.687415",
            "close": "0.686954"
        },
        {
            "time": "19.06.2021 01:50",
            "open": "0.686954",
            "high": "0.686954",
            "low": "0.686953",
            "close": "0.685812"
        },
        {
            "time": "19.06.2021 01:51",
            "open": "0.685812",
            "high": "0.685812",
            "low": "0.685812",
            "close": "0.685287"
        },
        {
            "time": "19.06.2021 01:52",
            "open": "0.685287",
            "high": "0.685287",
            "low": "0.685287",
            "close": "0.684894"
        },
        {
            "time": "19.06.2021 01:53",
            "open": "0.684894",
            "high": "0.684894",
            "low": "0.684894",
            "close": "0.684911"
        },
        {
            "time": "19.06.2021 01:54",
            "open": "0.684911",
            "high": "0.684911",
            "low": "0.684911",
            "close": "0.684514"
        },
        {
            "time": "19.06.2021 01:55",
            "open": "0.684514",
            "high": "0.684581",
            "low": "0.684514",
            "close": "0.684353"
        },
        {
            "time": "19.06.2021 01:56",
            "open": "0.684353",
            "high": "0.684353",
            "low": "0.684075",
            "close": "0.686357"
        },
        {
            "time": "19.06.2021 01:57",
            "open": "0.686357",
            "high": "0.686357",
            "low": "0.686224",
            "close": "0.686205"
        },
        {
            "time": "19.06.2021 01:58",
            "open": "0.686205",
            "high": "0.686205",
            "low": "0.685781",
            "close": "0.686264"
        },
        {
            "time": "19.06.2021 01:59",
            "open": "0.686264",
            "high": "0.689815",
            "low": "0.686264",
            "close": "0.689898"
        },
        {
            "time": "19.06.2021 02:00",
            "open": "0.689898",
            "high": "0.689898",
            "low": "0.687342",
            "close": "0.687496"
        },
        {
            "time": "19.06.2021 02:01",
            "open": "0.687496",
            "high": "0.687496",
            "low": "0.686163",
            "close": "0.687479"
        },
        {
            "time": "19.06.2021 02:02",
            "open": "0.687479",
            "high": "0.687936",
            "low": "0.686463",
            "close": "0.686956"
        },
        {
            "time": "19.06.2021 02:04",
            "open": "0.686956",
            "high": "0.687017",
            "low": "0.686956",
            "close": "0.687278"
        },
        {
            "time": "19.06.2021 02:05",
            "open": "0.687278",
            "high": "0.687278",
            "low": "0.687278",
            "close": "0.687781"
        },
        {
            "time": "19.06.2021 02:07",
            "open": "0.687781",
            "high": "0.688683",
            "low": "0.687781",
            "close": "0.689469"
        },
        {
            "time": "19.06.2021 02:09",
            "open": "0.689469",
            "high": "0.689469",
            "low": "0.689469",
            "close": "0.691294"
        },
        {
            "time": "19.06.2021 02:18",
            "open": "0.691294",
            "high": "0.691294",
            "low": "0.691294",
            "close": "0.690982"
        },
        {
            "time": "19.06.2021 02:21",
            "open": "0.690982",
            "high": "0.690982",
            "low": "0.690982",
            "close": "0.691021"
        },
        {
            "time": "19.06.2021 02:22",
            "open": "0.691021",
            "high": "0.691067",
            "low": "0.691021",
            "close": "0.690626"
        },
        {
            "time": "19.06.2021 02:23",
            "open": "0.690626",
            "high": "0.690626",
            "low": "0.690626",
            "close": "0.690591"
        },
        {
            "time": "19.06.2021 02:28",
            "open": "0.690591",
            "high": "0.690591",
            "low": "0.690591",
            "close": "0.689913"
        },
        {
            "time": "19.06.2021 02:29",
            "open": "0.689913",
            "high": "0.689913",
            "low": "0.689913",
            "close": "0.689992"
        },
        {
            "time": "19.06.2021 02:30",
            "open": "0.689992",
            "high": "0.689992",
            "low": "0.689992",
            "close": "0.688958"
        },
        {
            "time": "19.06.2021 02:37",
            "open": "0.688958",
            "high": "0.688958",
            "low": "0.688958",
            "close": "0.689026"
        },
        {
            "time": "19.06.2021 02:43",
            "open": "0.689026",
            "high": "0.689026",
            "low": "0.689026",
            "close": "0.689241"
        },
        {
            "time": "19.06.2021 02:44",
            "open": "0.689241",
            "high": "0.689241",
            "low": "0.689241",
            "close": "0.687867"
        },
        {
            "time": "19.06.2021 02:50",
            "open": "0.687867",
            "high": "0.687867",
            "low": "0.687545",
            "close": "0.686164"
        },
        {
            "time": "19.06.2021 02:59",
            "open": "0.686164",
            "high": "0.68647",
            "low": "0.686164",
            "close": "0.691695"
        },
        {
            "time": "19.06.2021 03:10",
            "open": "0.691695",
            "high": "0.691695",
            "low": "0.691695",
            "close": "0.692339"
        },
        {
            "time": "19.06.2021 03:12",
            "open": "0.692339",
            "high": "0.692339",
            "low": "0.692339",
            "close": "0.692854"
        },
        {
            "time": "19.06.2021 03:15",
            "open": "0.692854",
            "high": "0.692854",
            "low": "0.692854",
            "close": "0.692881"
        },
        {
            "time": "19.06.2021 03:18",
            "open": "0.692881",
            "high": "0.692881",
            "low": "0.692881",
            "close": "0.69251"
        },
        {
            "time": "19.06.2021 03:19",
            "open": "0.69251",
            "high": "0.69251",
            "low": "0.692148",
            "close": "0.692148"
        },
        {
            "time": "19.06.2021 03:20",
            "open": "0.692148",
            "high": "0.692148",
            "low": "0.69128",
            "close": "0.689706"
        },
        {
            "time": "19.06.2021 03:26",
            "open": "0.689706",
            "high": "0.690285",
            "low": "0.689706",
            "close": "0.69007"
        },
        {
            "time": "19.06.2021 03:27",
            "open": "0.69007",
            "high": "0.69007",
            "low": "0.69007",
            "close": "0.689268"
        },
        {
            "time": "19.06.2021 03:29",
            "open": "0.689268",
            "high": "0.689268",
            "low": "0.689268",
            "close": "0.69054"
        },
        {
            "time": "19.06.2021 03:34",
            "open": "0.69054",
            "high": "0.69054",
            "low": "0.69054",
            "close": "0.690338"
        },
        {
            "time": "19.06.2021 03:37",
            "open": "0.690338",
            "high": "0.690338",
            "low": "0.690338",
            "close": "0.689385"
        },
        {
            "time": "19.06.2021 03:44",
            "open": "0.689385",
            "high": "0.689385",
            "low": "0.689385",
            "close": "0.691508"
        },
        {
            "time": "19.06.2021 03:55",
            "open": "0.691508",
            "high": "0.691508",
            "low": "0.691126",
            "close": "0.692573"
        },
        {
            "time": "19.06.2021 04:01",
            "open": "0.692579",
            "high": "0.692579",
            "low": "0.692579",
            "close": "0.691807"
        },
        {
            "time": "19.06.2021 04:16",
            "open": "0.691807",
            "high": "0.691807",
            "low": "0.691807",
            "close": "0.687826"
        },
        {
            "time": "19.06.2021 04:25",
            "open": "0.687826",
            "high": "0.687826",
            "low": "0.687826",
            "close": "0.688112"
        },
        {
            "time": "19.06.2021 04:27",
            "open": "0.688112",
            "high": "0.688112",
            "low": "0.688112",
            "close": "0.68778"
        },
        {
            "time": "19.06.2021 04:28",
            "open": "0.68778",
            "high": "0.68778",
            "low": "0.68778",
            "close": "0.688164"
        },
        {
            "time": "19.06.2021 04:30",
            "open": "0.688164",
            "high": "0.688164",
            "low": "0.688164",
            "close": "0.686163"
        },
        {
            "time": "19.06.2021 04:33",
            "open": "0.686163",
            "high": "0.686163",
            "low": "0.685451",
            "close": "0.682163"
        },
        {
            "time": "19.06.2021 04:35",
            "open": "0.682163",
            "high": "0.68219",
            "low": "0.681778",
            "close": "0.683161"
        },
        {
            "time": "19.06.2021 04:36",
            "open": "0.683161",
            "high": "0.683161",
            "low": "0.683161",
            "close": "0.682433"
        },
        {
            "time": "19.06.2021 04:39",
            "open": "0.682433",
            "high": "0.682433",
            "low": "0.682433",
            "close": "0.682008"
        },
        {
            "time": "19.06.2021 04:43",
            "open": "0.682008",
            "high": "0.682008",
            "low": "0.682008",
            "close": "0.681118"
        },
        {
            "time": "19.06.2021 04:50",
            "open": "0.681118",
            "high": "0.681118",
            "low": "0.681118",
            "close": "0.680542"
        },
        {
            "time": "19.06.2021 04:53",
            "open": "0.680542",
            "high": "0.680542",
            "low": "0.680542",
            "close": "0.679966"
        },
        {
            "time": "19.06.2021 04:54",
            "open": "0.679966",
            "high": "0.679966",
            "low": "0.679966",
            "close": "0.679709"
        },
        {
            "time": "19.06.2021 05:01",
            "open": "0.679709",
            "high": "0.679709",
            "low": "0.679646",
            "close": "0.67837"
        },
        {
            "time": "19.06.2021 05:03",
            "open": "0.67837",
            "high": "0.67837",
            "low": "0.67837",
            "close": "0.67707"
        },
        {
            "time": "19.06.2021 05:12",
            "open": "0.67707",
            "high": "0.67707",
            "low": "0.67707",
            "close": "0.676322"
        },
        {
            "time": "19.06.2021 05:13",
            "open": "0.676322",
            "high": "0.676322",
            "low": "0.675",
            "close": "0.674069"
        },
        {
            "time": "19.06.2021 05:14",
            "open": "0.674069",
            "high": "0.674905",
            "low": "0.674069",
            "close": "0.67449"
        },
        {
            "time": "19.06.2021 05:15",
            "open": "0.67449",
            "high": "0.67449",
            "low": "0.67449",
            "close": "0.673511"
        },
        {
            "time": "19.06.2021 05:16",
            "open": "0.673511",
            "high": "0.673778",
            "low": "0.673511",
            "close": "0.673769"
        },
        {
            "time": "19.06.2021 05:17",
            "open": "0.673769",
            "high": "0.674204",
            "low": "0.673769",
            "close": "0.673898"
        },
        {
            "time": "19.06.2021 05:18",
            "open": "0.673898",
            "high": "0.673898",
            "low": "0.673898",
            "close": "0.672026"
        },
        {
            "time": "19.06.2021 05:26",
            "open": "0.672026",
            "high": "0.672026",
            "low": "0.671281",
            "close": "0.670739"
        },
        {
            "time": "19.06.2021 05:27",
            "open": "0.670739",
            "high": "0.670739",
            "low": "0.670739",
            "close": "0.668525"
        },
        {
            "time": "19.06.2021 05:29",
            "open": "0.668525",
            "high": "0.668525",
            "low": "0.666967",
            "close": "0.666963"
        },
        {
            "time": "19.06.2021 05:30",
            "open": "0.666963",
            "high": "0.667526",
            "low": "0.666319",
            "close": "0.66941"
        },
        {
            "time": "19.06.2021 05:31",
            "open": "0.66941",
            "high": "0.66941",
            "low": "0.66941",
            "close": "0.669622"
        },
        {
            "time": "19.06.2021 05:32",
            "open": "0.669622",
            "high": "0.669622",
            "low": "0.669622",
            "close": "0.668344"
        },
        {
            "time": "19.06.2021 05:38",
            "open": "0.668344",
            "high": "0.668344",
            "low": "0.668344",
            "close": "0.666799"
        },
        {
            "time": "19.06.2021 05:47",
            "open": "0.666799",
            "high": "0.666799",
            "low": "0.665758",
            "close": "0.665028"
        },
        {
            "time": "19.06.2021 05:48",
            "open": "0.665028",
            "high": "0.665028",
            "low": "0.664543",
            "close": "0.664235"
        },
        {
            "time": "19.06.2021 05:49",
            "open": "0.664235",
            "high": "0.664886",
            "low": "0.664235",
            "close": "0.665011"
        },
        {
            "time": "19.06.2021 05:51",
            "open": "0.665011",
            "high": "0.665694",
            "low": "0.665011",
            "close": "0.665636"
        },
        {
            "time": "19.06.2021 05:52",
            "open": "0.665636",
            "high": "0.665708",
            "low": "0.665636",
            "close": "0.666648"
        },
        {
            "time": "19.06.2021 05:54",
            "open": "0.666648",
            "high": "0.666648",
            "low": "0.666648",
            "close": "0.666817"
        },
        {
            "time": "19.06.2021 05:57",
            "open": "0.666817",
            "high": "0.666817",
            "low": "0.666817",
            "close": "0.667932"
        },
        {
            "time": "19.06.2021 06:04",
            "open": "0.667932",
            "high": "0.667932",
            "low": "0.667932",
            "close": "0.669526"
        },
        {
            "time": "19.06.2021 06:10",
            "open": "0.669526",
            "high": "0.669526",
            "low": "0.669526",
            "close": "0.670119"
        },
        {
            "time": "19.06.2021 06:19",
            "open": "0.670119",
            "high": "0.670119",
            "low": "0.670119",
            "close": "0.670111"
        },
        {
            "time": "19.06.2021 06:22",
            "open": "0.670111",
            "high": "0.670111",
            "low": "0.670111",
            "close": "0.671378"
        },
        {
            "time": "19.06.2021 06:23",
            "open": "0.671378",
            "high": "0.671378",
            "low": "0.671378",
            "close": "0.672663"
        },
        {
            "time": "19.06.2021 06:26",
            "open": "0.672663",
            "high": "0.672663",
            "low": "0.672663",
            "close": "0.673719"
        },
        {
            "time": "19.06.2021 06:29",
            "open": "0.673719",
            "high": "0.673957",
            "low": "0.673719",
            "close": "0.675219"
        },
        {
            "time": "19.06.2021 06:30",
            "open": "0.675219",
            "high": "0.677353",
            "low": "0.675219",
            "close": "0.677787"
        },
        {
            "time": "19.06.2021 06:33",
            "open": "0.677787",
            "high": "0.678276",
            "low": "0.677201",
            "close": "0.676958"
        },
        {
            "time": "19.06.2021 06:35",
            "open": "0.676958",
            "high": "0.676958",
            "low": "0.676958",
            "close": "0.674798"
        },
        {
            "time": "19.06.2021 06:36",
            "open": "0.674798",
            "high": "0.674798",
            "low": "0.673719",
            "close": "0.672983"
        },
        {
            "time": "19.06.2021 06:39",
            "open": "0.672983",
            "high": "0.672983",
            "low": "0.672983",
            "close": "0.673732"
        },
        {
            "time": "19.06.2021 06:40",
            "open": "0.673732",
            "high": "0.673732",
            "low": "0.673732",
            "close": "0.67413"
        },
        {
            "time": "19.06.2021 06:43",
            "open": "0.67413",
            "high": "0.67413",
            "low": "0.673864",
            "close": "0.674737"
        },
        {
            "time": "19.06.2021 06:44",
            "open": "0.674737",
            "high": "0.674738",
            "low": "0.674737",
            "close": "0.674529"
        },
        {
            "time": "19.06.2021 06:48",
            "open": "0.674529",
            "high": "0.674532",
            "low": "0.673979",
            "close": "0.67204"
        },
        {
            "time": "19.06.2021 06:52",
            "open": "0.67204",
            "high": "0.672424",
            "low": "0.67204",
            "close": "0.673484"
        },
        {
            "time": "19.06.2021 06:53",
            "open": "0.673484",
            "high": "0.673484",
            "low": "0.673484",
            "close": "0.673196"
        },
        {
            "time": "19.06.2021 06:54",
            "open": "0.673196",
            "high": "0.673484",
            "low": "0.673196",
            "close": "0.673897"
        },
        {
            "time": "19.06.2021 06:55",
            "open": "0.673897",
            "high": "0.674182",
            "low": "0.673751",
            "close": "0.677261"
        },
        {
            "time": "19.06.2021 07:00",
            "open": "0.677261",
            "high": "0.678739",
            "low": "0.677261",
            "close": "0.677812"
        },
        {
            "time": "19.06.2021 07:02",
            "open": "0.677812",
            "high": "0.677812",
            "low": "0.677812",
            "close": "0.679351"
        },
        {
            "time": "19.06.2021 07:13",
            "open": "0.679351",
            "high": "0.679622",
            "low": "0.679181",
            "close": "0.681938"
        },
        {
            "time": "19.06.2021 07:20",
            "open": "0.681938",
            "high": "0.682069",
            "low": "0.681938",
            "close": "0.683871"
        },
        {
            "time": "19.06.2021 07:24",
            "open": "0.683871",
            "high": "0.683871",
            "low": "0.683871",
            "close": "0.685106"
        },
        {
            "time": "19.06.2021 07:25",
            "open": "0.685106",
            "high": "0.685106",
            "low": "0.68428",
            "close": "0.686381"
        },
        {
            "time": "19.06.2021 07:34",
            "open": "0.686381",
            "high": "0.686381",
            "low": "0.686381",
            "close": "0.68862"
        },
        {
            "time": "19.06.2021 07:41",
            "open": "0.68862",
            "high": "0.68862",
            "low": "0.68862",
            "close": "0.688305"
        },
        {
            "time": "19.06.2021 07:42",
            "open": "0.688305",
            "high": "0.688305",
            "low": "0.687877",
            "close": "0.687877"
        },
        {
            "time": "19.06.2021 07:43",
            "open": "0.687877",
            "high": "0.687877",
            "low": "0.687877",
            "close": "0.687093"
        },
        {
            "time": "19.06.2021 07:44",
            "open": "0.687093",
            "high": "0.687093",
            "low": "0.687093",
            "close": "0.687216"
        },
        {
            "time": "19.06.2021 07:47",
            "open": "0.687216",
            "high": "0.687216",
            "low": "0.687216",
            "close": "0.687656"
        },
        {
            "time": "19.06.2021 07:48",
            "open": "0.687656",
            "high": "0.687656",
            "low": "0.687656",
            "close": "0.687323"
        },
        {
            "time": "19.06.2021 07:49",
            "open": "0.687323",
            "high": "0.687323",
            "low": "0.68723",
            "close": "0.688033"
        },
        {
            "time": "19.06.2021 07:56",
            "open": "0.688033",
            "high": "0.688033",
            "low": "0.688033",
            "close": "0.688827"
        },
        {
            "time": "19.06.2021 07:59",
            "open": "0.688827",
            "high": "0.689022",
            "low": "0.688827",
            "close": "0.691655"
        },
        {
            "time": "19.06.2021 08:03",
            "open": "0.691655",
            "high": "0.691655",
            "low": "0.691655",
            "close": "0.692399"
        },
        {
            "time": "19.06.2021 08:09",
            "open": "0.692399",
            "high": "0.692436",
            "low": "0.692399",
            "close": "0.692921"
        },
        {
            "time": "19.06.2021 08:11",
            "open": "0.692921",
            "high": "0.692921",
            "low": "0.692921",
            "close": "0.692177"
        },
        {
            "time": "19.06.2021 08:19",
            "open": "0.692177",
            "high": "0.692177",
            "low": "0.691655",
            "close": "0.692"
        },
        {
            "time": "19.06.2021 08:29",
            "open": "0.692",
            "high": "0.692",
            "low": "0.692",
            "close": "0.691846"
        },
        {
            "time": "19.06.2021 08:31",
            "open": "0.691846",
            "high": "0.691846",
            "low": "0.691846",
            "close": "0.690999"
        },
        {
            "time": "19.06.2021 08:32",
            "open": "0.690999",
            "high": "0.690999",
            "low": "0.690996",
            "close": "0.691738"
        },
        {
            "time": "19.06.2021 08:35",
            "open": "0.691738",
            "high": "0.69224",
            "low": "0.691738",
            "close": "0.691862"
        },
        {
            "time": "19.06.2021 08:36",
            "open": "0.691862",
            "high": "0.691862",
            "low": "0.691862",
            "close": "0.691809"
        },
        {
            "time": "19.06.2021 08:37",
            "open": "0.691809",
            "high": "0.691809",
            "low": "0.691809",
            "close": "0.690628"
        },
        {
            "time": "19.06.2021 08:38",
            "open": "0.690628",
            "high": "0.690628",
            "low": "0.690548",
            "close": "0.689143"
        },
        {
            "time": "19.06.2021 08:39",
            "open": "0.689143",
            "high": "0.689143",
            "low": "0.688912",
            "close": "0.690864"
        },
        {
            "time": "19.06.2021 08:42",
            "open": "0.690864",
            "high": "0.690864",
            "low": "0.690864",
            "close": "0.68964"
        },
        {
            "time": "19.06.2021 08:44",
            "open": "0.68964",
            "high": "0.68964",
            "low": "0.688346",
            "close": "0.685157"
        },
        {
            "time": "19.06.2021 08:50",
            "open": "0.685157",
            "high": "0.685157",
            "low": "0.684928",
            "close": "0.685472"
        },
        {
            "time": "19.06.2021 08:51",
            "open": "0.685472",
            "high": "0.685472",
            "low": "0.685472",
            "close": "0.684569"
        },
        {
            "time": "19.06.2021 08:52",
            "open": "0.684569",
            "high": "0.684569",
            "low": "0.684569",
            "close": "0.685285"
        },
        {
            "time": "19.06.2021 08:53",
            "open": "0.685285",
            "high": "0.685712",
            "low": "0.685285",
            "close": "0.685712"
        },
        {
            "time": "19.06.2021 08:55",
            "open": "0.685712",
            "high": "0.685712",
            "low": "0.685712",
            "close": "0.687165"
        },
        {
            "time": "19.06.2021 08:59",
            "open": "0.687165",
            "high": "0.687165",
            "low": "0.687165",
            "close": "0.687488"
        },
        {
            "time": "19.06.2021 09:00",
            "open": "0.687488",
            "high": "0.687488",
            "low": "0.687471",
            "close": "0.687021"
        },
        {
            "time": "19.06.2021 09:02",
            "open": "0.687021",
            "high": "0.687021",
            "low": "0.687021",
            "close": "0.686711"
        },
        {
            "time": "19.06.2021 09:05",
            "open": "0.686711",
            "high": "0.686711",
            "low": "0.686711",
            "close": "0.68591"
        },
        {
            "time": "19.06.2021 09:09",
            "open": "0.68591",
            "high": "0.68591",
            "low": "0.68548",
            "close": "0.685858"
        },
        {
            "time": "19.06.2021 09:11",
            "open": "0.685858",
            "high": "0.685858",
            "low": "0.685858",
            "close": "0.685877"
        },
        {
            "time": "19.06.2021 09:12",
            "open": "0.685877",
            "high": "0.685877",
            "low": "0.685877",
            "close": "0.68229"
        },
        {
            "time": "19.06.2021 09:23",
            "open": "0.68229",
            "high": "0.682333",
            "low": "0.681735",
            "close": "0.681298"
        },
        {
            "time": "19.06.2021 09:25",
            "open": "0.681298",
            "high": "0.681298",
            "low": "0.681298",
            "close": "0.680637"
        },
        {
            "time": "19.06.2021 09:27",
            "open": "0.680637",
            "high": "0.680637",
            "low": "0.680563",
            "close": "0.680623"
        },
        {
            "time": "19.06.2021 09:30",
            "open": "0.680623",
            "high": "0.680623",
            "low": "0.680549",
            "close": "0.681625"
        },
        {
            "time": "19.06.2021 09:31",
            "open": "0.681625",
            "high": "0.682075",
            "low": "0.681625",
            "close": "0.684596"
        },
        {
            "time": "19.06.2021 09:37",
            "open": "0.684596",
            "high": "0.684596",
            "low": "0.684596",
            "close": "0.686272"
        },
        {
            "time": "19.06.2021 09:47",
            "open": "0.686272",
            "high": "0.686272",
            "low": "0.686272",
            "close": "0.685225"
        },
        {
            "time": "19.06.2021 09:51",
            "open": "0.685225",
            "high": "0.685225",
            "low": "0.685225",
            "close": "0.687023"
        },
        {
            "time": "19.06.2021 09:56",
            "open": "0.687023",
            "high": "0.687203",
            "low": "0.686207",
            "close": "0.687819"
        },
        {
            "time": "19.06.2021 09:58",
            "open": "0.687819",
            "high": "0.687819",
            "low": "0.687819",
            "close": "0.688203"
        },
        {
            "time": "19.06.2021 09:59",
            "open": "0.688203",
            "high": "0.688203",
            "low": "0.688203",
            "close": "0.688512"
        },
        {
            "time": "19.06.2021 10:00",
            "open": "0.688512",
            "high": "0.688512",
            "low": "0.688512",
            "close": "0.687548"
        },
        {
            "time": "19.06.2021 10:01",
            "open": "0.687548",
            "high": "0.687548",
            "low": "0.687548",
            "close": "0.685699"
        },
        {
            "time": "19.06.2021 10:04",
            "open": "0.685699",
            "high": "0.685699",
            "low": "0.685699",
            "close": "0.686897"
        },
        {
            "time": "19.06.2021 10:07",
            "open": "0.686897",
            "high": "0.686897",
            "low": "0.686897",
            "close": "0.685547"
        },
        {
            "time": "19.06.2021 10:16",
            "open": "0.685547",
            "high": "0.685547",
            "low": "0.685547",
            "close": "0.687516"
        },
        {
            "time": "19.06.2021 10:23",
            "open": "0.687516",
            "high": "0.687961",
            "low": "0.687516",
            "close": "0.687961"
        },
        {
            "time": "19.06.2021 10:24",
            "open": "0.687961",
            "high": "0.687961",
            "low": "0.687961",
            "close": "0.688549"
        },
        {
            "time": "19.06.2021 10:30",
            "open": "0.688549",
            "high": "0.688549",
            "low": "0.688476",
            "close": "0.691166"
        },
        {
            "time": "19.06.2021 10:33",
            "open": "0.691166",
            "high": "0.693174",
            "low": "0.691166",
            "close": "0.693174"
        },
        {
            "time": "19.06.2021 10:35",
            "open": "0.693174",
            "high": "0.693174",
            "low": "0.693174",
            "close": "0.691604"
        },
        {
            "time": "19.06.2021 10:41",
            "open": "0.691604",
            "high": "0.692408",
            "low": "0.691604",
            "close": "0.693149"
        },
        {
            "time": "19.06.2021 10:45",
            "open": "0.693149",
            "high": "0.693149",
            "low": "0.692365",
            "close": "0.69234"
        },
        {
            "time": "19.06.2021 10:47",
            "open": "0.69234",
            "high": "0.69234",
            "low": "0.69234",
            "close": "0.692125"
        },
        {
            "time": "19.06.2021 10:48",
            "open": "0.692125",
            "high": "0.692125",
            "low": "0.692125",
            "close": "0.692125"
        },
        {
            "time": "19.06.2021 10:54",
            "open": "0.692125",
            "high": "0.6922",
            "low": "0.692125",
            "close": "0.692734"
        },
        {
            "time": "19.06.2021 10:56",
            "open": "0.692734",
            "high": "0.693148",
            "low": "0.692734",
            "close": "0.692907"
        },
        {
            "time": "19.06.2021 11:00",
            "open": "0.692907",
            "high": "0.692907",
            "low": "0.692842",
            "close": "0.692842"
        },
        {
            "time": "19.06.2021 11:02",
            "open": "0.692842",
            "high": "0.692842",
            "low": "0.692842",
            "close": "0.692575"
        },
        {
            "time": "19.06.2021 11:06",
            "open": "0.692575",
            "high": "0.693209",
            "low": "0.692575",
            "close": "0.692785"
        },
        {
            "time": "19.06.2021 11:07",
            "open": "0.692785",
            "high": "0.692999",
            "low": "0.692785",
            "close": "0.692614"
        },
        {
            "time": "19.06.2021 11:12",
            "open": "0.692614",
            "high": "0.692614",
            "low": "0.692467",
            "close": "0.690367"
        },
        {
            "time": "19.06.2021 11:13",
            "open": "0.690367",
            "high": "0.690463",
            "low": "0.690367",
            "close": "0.688024"
        },
        {
            "time": "19.06.2021 11:16",
            "open": "0.688024",
            "high": "0.688024",
            "low": "0.687978",
            "close": "0.686812"
        },
        {
            "time": "19.06.2021 11:20",
            "open": "0.686812",
            "high": "0.686812",
            "low": "0.686812",
            "close": "0.686455"
        },
        {
            "time": "19.06.2021 11:21",
            "open": "0.686455",
            "high": "0.686455",
            "low": "0.686453",
            "close": "0.686074"
        },
        {
            "time": "19.06.2021 11:22",
            "open": "0.686074",
            "high": "0.686495",
            "low": "0.686074",
            "close": "0.686045"
        },
        {
            "time": "19.06.2021 11:23",
            "open": "0.686045",
            "high": "0.686045",
            "low": "0.686045",
            "close": "0.685679"
        },
        {
            "time": "19.06.2021 11:26",
            "open": "0.685679",
            "high": "0.685679",
            "low": "0.685679",
            "close": "0.685301"
        },
        {
            "time": "19.06.2021 11:30",
            "open": "0.685301",
            "high": "0.685301",
            "low": "0.685301",
            "close": "0.687249"
        },
        {
            "time": "19.06.2021 11:36",
            "open": "0.687249",
            "high": "0.687249",
            "low": "0.687249",
            "close": "0.687843"
        },
        {
            "time": "19.06.2021 11:37",
            "open": "0.687843",
            "high": "0.687843",
            "low": "0.687843",
            "close": "0.689505"
        },
        {
            "time": "19.06.2021 11:43",
            "open": "0.689505",
            "high": "0.689505",
            "low": "0.689505",
            "close": "0.684881"
        },
        {
            "time": "19.06.2021 11:49",
            "open": "0.684881",
            "high": "0.684881",
            "low": "0.684881",
            "close": "0.682543"
        },
        {
            "time": "19.06.2021 11:54",
            "open": "0.682543",
            "high": "0.682543",
            "low": "0.682522",
            "close": "0.683141"
        },
        {
            "time": "19.06.2021 11:55",
            "open": "0.683141",
            "high": "0.683141",
            "low": "0.683141",
            "close": "0.68497"
        },
        {
            "time": "19.06.2021 12:00",
            "open": "0.68497",
            "high": "0.68497",
            "low": "0.684838",
            "close": "0.684217"
        },
        {
            "time": "19.06.2021 12:12",
            "open": "0.684217",
            "high": "0.684217",
            "low": "0.684215",
            "close": "0.684552"
        },
        {
            "time": "19.06.2021 12:14",
            "open": "0.684552",
            "high": "0.684805",
            "low": "0.684552",
            "close": "0.681481"
        },
        {
            "time": "19.06.2021 12:21",
            "open": "0.681481",
            "high": "0.681481",
            "low": "0.681481",
            "close": "0.683138"
        },
        {
            "time": "19.06.2021 12:28",
            "open": "0.683138",
            "high": "0.683138",
            "low": "0.683138",
            "close": "0.683865"
        },
        {
            "time": "19.06.2021 12:30",
            "open": "0.683865",
            "high": "0.684238",
            "low": "0.683865",
            "close": "0.686728"
        },
        {
            "time": "19.06.2021 12:31",
            "open": "0.686728",
            "high": "0.686728",
            "low": "0.686567",
            "close": "0.684444"
        },
        {
            "time": "19.06.2021 12:34",
            "open": "0.684444",
            "high": "0.684444",
            "low": "0.684444",
            "close": "0.681266"
        },
        {
            "time": "19.06.2021 12:36",
            "open": "0.681266",
            "high": "0.681266",
            "low": "0.681266",
            "close": "0.681385"
        },
        {
            "time": "19.06.2021 12:37",
            "open": "0.681385",
            "high": "0.681385",
            "low": "0.681385",
            "close": "0.683296"
        },
        {
            "time": "19.06.2021 12:38",
            "open": "0.683296",
            "high": "0.683296",
            "low": "0.683296",
            "close": "0.683598"
        },
        {
            "time": "19.06.2021 12:40",
            "open": "0.683598",
            "high": "0.683598",
            "low": "0.683598",
            "close": "0.682318"
        },
        {
            "time": "19.06.2021 12:44",
            "open": "0.682318",
            "high": "0.682318",
            "low": "0.68229",
            "close": "0.683727"
        },
        {
            "time": "19.06.2021 12:46",
            "open": "0.683727",
            "high": "0.683727",
            "low": "0.683727",
            "close": "0.684073"
        },
        {
            "time": "19.06.2021 12:49",
            "open": "0.684073",
            "high": "0.684073",
            "low": "0.684073",
            "close": "0.684616"
        },
        {
            "time": "19.06.2021 12:51",
            "open": "0.684616",
            "high": "0.684616",
            "low": "0.684616",
            "close": "0.681672"
        },
        {
            "time": "19.06.2021 12:55",
            "open": "0.681672",
            "high": "0.681672",
            "low": "0.68037",
            "close": "0.680242"
        },
        {
            "time": "19.06.2021 12:56",
            "open": "0.680242",
            "high": "0.680242",
            "low": "0.680242",
            "close": "0.682757"
        },
        {
            "time": "19.06.2021 13:02",
            "open": "0.682757",
            "high": "0.683056",
            "low": "0.682757",
            "close": "0.68298"
        },
        {
            "time": "19.06.2021 13:08",
            "open": "0.68298",
            "high": "0.68298",
            "low": "0.682786",
            "close": "0.684026"
        },
        {
            "time": "19.06.2021 13:15",
            "open": "0.684026",
            "high": "0.684026",
            "low": "0.684026",
            "close": "0.685418"
        },
        {
            "time": "19.06.2021 13:16",
            "open": "0.685418",
            "high": "0.685418",
            "low": "0.685418",
            "close": "0.684118"
        },
        {
            "time": "19.06.2021 13:24",
            "open": "0.684118",
            "high": "0.684118",
            "low": "0.684118",
            "close": "0.685142"
        },
        {
            "time": "19.06.2021 13:27",
            "open": "0.685142",
            "high": "0.685209",
            "low": "0.685142",
            "close": "0.686979"
        },
        {
            "time": "19.06.2021 13:34",
            "open": "0.686979",
            "high": "0.687444",
            "low": "0.686979",
            "close": "0.686568"
        },
        {
            "time": "19.06.2021 13:35",
            "open": "0.686568",
            "high": "0.686568",
            "low": "0.686568",
            "close": "0.686079"
        },
        {
            "time": "19.06.2021 13:40",
            "open": "0.686079",
            "high": "0.686324",
            "low": "0.686079",
            "close": "0.685457"
        },
        {
            "time": "19.06.2021 13:41",
            "open": "0.685457",
            "high": "0.685457",
            "low": "0.685209",
            "close": "0.684709"
        },
        {
            "time": "19.06.2021 13:46",
            "open": "0.684709",
            "high": "0.684942",
            "low": "0.684709",
            "close": "0.685455"
        },
        {
            "time": "19.06.2021 13:47",
            "open": "0.685455",
            "high": "0.685455",
            "low": "0.685455",
            "close": "0.686573"
        },
        {
            "time": "19.06.2021 13:53",
            "open": "0.686573",
            "high": "0.686573",
            "low": "0.686573",
            "close": "0.687234"
        },
        {
            "time": "19.06.2021 13:55",
            "open": "0.687234",
            "high": "0.687234",
            "low": "0.687234",
            "close": "0.686429"
        },
        {
            "time": "19.06.2021 14:01",
            "open": "0.686429",
            "high": "0.686429",
            "low": "0.686429",
            "close": "0.686429"
        },
        {
            "time": "19.06.2021 14:02",
            "open": "0.686429",
            "high": "0.686429",
            "low": "0.686429",
            "close": "0.686971"
        },
        {
            "time": "19.06.2021 14:04",
            "open": "0.686971",
            "high": "0.686971",
            "low": "0.686971",
            "close": "0.691597"
        },
        {
            "time": "19.06.2021 14:07",
            "open": "0.691597",
            "high": "0.692525",
            "low": "0.691597",
            "close": "0.69327"
        },
        {
            "time": "19.06.2021 14:12",
            "open": "0.69327",
            "high": "0.694",
            "low": "0.69327",
            "close": "0.694799"
        },
        {
            "time": "19.06.2021 14:13",
            "open": "0.694799",
            "high": "0.695147",
            "low": "0.694799",
            "close": "0.696738"
        },
        {
            "time": "19.06.2021 14:15",
            "open": "0.696738",
            "high": "0.696738",
            "low": "0.696738",
            "close": "0.69872"
        },
        {
            "time": "19.06.2021 14:16",
            "open": "0.69872",
            "high": "0.699221",
            "low": "0.69872",
            "close": "0.70006"
        },
        {
            "time": "19.06.2021 14:17",
            "open": "0.70006",
            "high": "0.70006",
            "low": "0.70006",
            "close": "0.700007"
        },
        {
            "time": "19.06.2021 14:20",
            "open": "0.700007",
            "high": "0.700007",
            "low": "0.699408",
            "close": "0.6997"
        },
        {
            "time": "19.06.2021 14:21",
            "open": "0.6997",
            "high": "0.700264",
            "low": "0.6997",
            "close": "0.699633"
        },
        {
            "time": "19.06.2021 14:24",
            "open": "0.699633",
            "high": "0.699846",
            "low": "0.699633",
            "close": "0.699632"
        },
        {
            "time": "19.06.2021 14:25",
            "open": "0.699632",
            "high": "0.699632",
            "low": "0.699632",
            "close": "0.699769"
        },
        {
            "time": "19.06.2021 14:27",
            "open": "0.699769",
            "high": "0.699769",
            "low": "0.699769",
            "close": "0.698708"
        },
        {
            "time": "19.06.2021 14:28",
            "open": "0.698708",
            "high": "0.698708",
            "low": "0.698708",
            "close": "0.699012"
        },
        {
            "time": "19.06.2021 14:29",
            "open": "0.699012",
            "high": "0.699012",
            "low": "0.699012",
            "close": "0.699012"
        },
        {
            "time": "19.06.2021 14:31",
            "open": "0.699012",
            "high": "0.699039",
            "low": "0.699012",
            "close": "0.699012"
        },
        {
            "time": "19.06.2021 14:33",
            "open": "0.699012",
            "high": "0.699012",
            "low": "0.698548",
            "close": "0.700199"
        },
        {
            "time": "19.06.2021 14:36",
            "open": "0.700199",
            "high": "0.700199",
            "low": "0.700199",
            "close": "0.699526"
        },
        {
            "time": "19.06.2021 14:37",
            "open": "0.699526",
            "high": "0.699526",
            "low": "0.699526",
            "close": "0.699146"
        },
        {
            "time": "19.06.2021 14:40",
            "open": "0.699146",
            "high": "0.699146",
            "low": "0.699078",
            "close": "0.698626"
        },
        {
            "time": "19.06.2021 14:42",
            "open": "0.698626",
            "high": "0.698642",
            "low": "0.698626",
            "close": "0.692888"
        },
        {
            "time": "19.06.2021 14:48",
            "open": "0.692888",
            "high": "0.692888",
            "low": "0.692816",
            "close": "0.694967"
        },
        {
            "time": "19.06.2021 14:54",
            "open": "0.694967",
            "high": "0.694967",
            "low": "0.694967",
            "close": "0.694555"
        },
        {
            "time": "19.06.2021 14:55",
            "open": "0.694555",
            "high": "0.694555",
            "low": "0.694555",
            "close": "0.695792"
        },
        {
            "time": "19.06.2021 14:59",
            "open": "0.695792",
            "high": "0.695792",
            "low": "0.695744",
            "close": "0.697465"
        },
        {
            "time": "19.06.2021 15:00",
            "open": "0.697465",
            "high": "0.697465",
            "low": "0.697465",
            "close": "0.697569"
        },
        {
            "time": "19.06.2021 15:03",
            "open": "0.697569",
            "high": "0.697569",
            "low": "0.693115",
            "close": "0.692457"
        },
        {
            "time": "19.06.2021 15:04",
            "open": "0.692457",
            "high": "0.692688",
            "low": "0.691564",
            "close": "0.691119"
        },
        {
            "time": "19.06.2021 15:12",
            "open": "0.691119",
            "high": "0.691501",
            "low": "0.691119",
            "close": "0.691671"
        },
        {
            "time": "19.06.2021 15:14",
            "open": "0.691671",
            "high": "0.691671",
            "low": "0.691671",
            "close": "0.692289"
        },
        {
            "time": "19.06.2021 15:15",
            "open": "0.692289",
            "high": "0.692289",
            "low": "0.692289",
            "close": "0.696531"
        },
        {
            "time": "19.06.2021 15:19",
            "open": "0.696531",
            "high": "0.696531",
            "low": "0.696339",
            "close": "0.696339"
        },
        {
            "time": "19.06.2021 15:20",
            "open": "0.696339",
            "high": "0.696339",
            "low": "0.696339",
            "close": "0.696213"
        },
        {
            "time": "19.06.2021 15:27",
            "open": "0.696213",
            "high": "0.696213",
            "low": "0.696213",
            "close": "0.696463"
        },
        {
            "time": "19.06.2021 15:29",
            "open": "0.696463",
            "high": "0.696463",
            "low": "0.696463",
            "close": "0.696039"
        },
        {
            "time": "19.06.2021 15:32",
            "open": "0.696039",
            "high": "0.696039",
            "low": "0.696039",
            "close": "0.690673"
        },
        {
            "time": "19.06.2021 15:52",
            "open": "0.690673",
            "high": "0.690673",
            "low": "0.690673",
            "close": "0.68971"
        },
        {
            "time": "19.06.2021 15:55",
            "open": "0.68971",
            "high": "0.68971",
            "low": "0.68971",
            "close": "0.689285"
        },
        {
            "time": "19.06.2021 15:56",
            "open": "0.689285",
            "high": "0.689345",
            "low": "0.689285",
            "close": "0.691655"
        },
        {
            "time": "19.06.2021 16:01",
            "open": "0.691655",
            "high": "0.691655",
            "low": "0.691655",
            "close": "0.693035"
        },
        {
            "time": "19.06.2021 16:02",
            "open": "0.693035",
            "high": "0.693035",
            "low": "0.693035",
            "close": "0.693517"
        },
        {
            "time": "19.06.2021 16:03",
            "open": "0.693517",
            "high": "0.693517",
            "low": "0.692552",
            "close": "0.69297"
        },
        {
            "time": "19.06.2021 16:04",
            "open": "0.69297",
            "high": "0.69297",
            "low": "0.69297",
            "close": "0.694259"
        },
        {
            "time": "19.06.2021 16:08",
            "open": "0.694259",
            "high": "0.694259",
            "low": "0.694259",
            "close": "0.693284"
        },
        {
            "time": "19.06.2021 16:11",
            "open": "0.693284",
            "high": "0.693284",
            "low": "0.693284",
            "close": "0.692723"
        },
        {
            "time": "19.06.2021 16:13",
            "open": "0.692723",
            "high": "0.692723",
            "low": "0.691175",
            "close": "0.691437"
        },
        {
            "time": "19.06.2021 16:14",
            "open": "0.691437",
            "high": "0.691437",
            "low": "0.691437",
            "close": "0.691283"
        },
        {
            "time": "19.06.2021 16:17",
            "open": "0.691283",
            "high": "0.691283",
            "low": "0.691055",
            "close": "0.691593"
        },
        {
            "time": "19.06.2021 16:18",
            "open": "0.691593",
            "high": "0.691793",
            "low": "0.691593",
            "close": "0.691793"
        },
        {
            "time": "19.06.2021 16:20",
            "open": "0.691793",
            "high": "0.691793",
            "low": "0.691793",
            "close": "0.692622"
        },
        {
            "time": "19.06.2021 16:21",
            "open": "0.692622",
            "high": "0.692622",
            "low": "0.692622",
            "close": "0.693897"
        },
        {
            "time": "19.06.2021 16:22",
            "open": "0.693897",
            "high": "0.693897",
            "low": "0.693897",
            "close": "0.694431"
        },
        {
            "time": "19.06.2021 16:23",
            "open": "0.694431",
            "high": "0.694431",
            "low": "0.69418",
            "close": "0.694982"
        },
        {
            "time": "19.06.2021 16:24",
            "open": "0.694982",
            "high": "0.694982",
            "low": "0.694321",
            "close": "0.69452"
        },
        {
            "time": "19.06.2021 16:27",
            "open": "0.69452",
            "high": "0.69452",
            "low": "0.69452",
            "close": "0.695714"
        },
        {
            "time": "19.06.2021 16:30",
            "open": "0.695714",
            "high": "0.696833",
            "low": "0.695714",
            "close": "0.697418"
        },
        {
            "time": "19.06.2021 16:31",
            "open": "0.697418",
            "high": "0.697418",
            "low": "0.697418",
            "close": "0.697449"
        },
        {
            "time": "19.06.2021 16:32",
            "open": "0.697449",
            "high": "0.697449",
            "low": "0.697418",
            "close": "0.697887"
        },
        {
            "time": "19.06.2021 16:33",
            "open": "0.697887",
            "high": "0.697887",
            "low": "0.697887",
            "close": "0.699802"
        },
        {
            "time": "19.06.2021 16:36",
            "open": "0.699802",
            "high": "0.700142",
            "low": "0.699802",
            "close": "0.699022"
        },
        {
            "time": "19.06.2021 16:37",
            "open": "0.699022",
            "high": "0.699022",
            "low": "0.699022",
            "close": "0.698452"
        },
        {
            "time": "19.06.2021 16:38",
            "open": "0.698452",
            "high": "0.698452",
            "low": "0.698452",
            "close": "0.697693"
        },
        {
            "time": "19.06.2021 16:39",
            "open": "0.697693",
            "high": "0.697693",
            "low": "0.697693",
            "close": "0.696736"
        },
        {
            "time": "19.06.2021 16:41",
            "open": "0.696736",
            "high": "0.696736",
            "low": "0.696736",
            "close": "0.697172"
        },
        {
            "time": "19.06.2021 16:42",
            "open": "0.697172",
            "high": "0.697231",
            "low": "0.697172",
            "close": "0.696883"
        },
        {
            "time": "19.06.2021 16:44",
            "open": "0.696883",
            "high": "0.696883",
            "low": "0.696883",
            "close": "0.694224"
        },
        {
            "time": "19.06.2021 16:48",
            "open": "0.694224",
            "high": "0.694224",
            "low": "0.694224",
            "close": "0.699018"
        },
        {
            "time": "19.06.2021 17:00",
            "open": "0.699018",
            "high": "0.699018",
            "low": "0.699018",
            "close": "0.700852"
        },
        {
            "time": "19.06.2021 17:01",
            "open": "0.700852",
            "high": "0.700852",
            "low": "0.700653",
            "close": "0.699528"
        },
        {
            "time": "19.06.2021 17:02",
            "open": "0.699528",
            "high": "0.699528",
            "low": "0.699528",
            "close": "0.698066"
        },
        {
            "time": "19.06.2021 17:03",
            "open": "0.698066",
            "high": "0.698066",
            "low": "0.698066",
            "close": "0.697135"
        },
        {
            "time": "19.06.2021 17:09",
            "open": "0.697135",
            "high": "0.697135",
            "low": "0.697135",
            "close": "0.697965"
        },
        {
            "time": "19.06.2021 17:14",
            "open": "0.697965",
            "high": "0.697965",
            "low": "0.697965",
            "close": "0.697892"
        },
        {
            "time": "19.06.2021 17:15",
            "open": "0.697892",
            "high": "0.697892",
            "low": "0.697892",
            "close": "0.697486"
        },
        {
            "time": "19.06.2021 17:17",
            "open": "0.697486",
            "high": "0.697486",
            "low": "0.697486",
            "close": "0.69724"
        },
        {
            "time": "19.06.2021 17:27",
            "open": "0.69724",
            "high": "0.69724",
            "low": "0.69724",
            "close": "0.69724"
        },
        {
            "time": "19.06.2021 17:35",
            "open": "0.69724",
            "high": "0.69724",
            "low": "0.69712",
            "close": "0.692247"
        },
        {
            "time": "19.06.2021 17:46",
            "open": "0.692247",
            "high": "0.692247",
            "low": "0.692247",
            "close": "0.692797"
        },
        {
            "time": "19.06.2021 17:48",
            "open": "0.692797",
            "high": "0.692852",
            "low": "0.692797",
            "close": "0.692985"
        },
        {
            "time": "19.06.2021 17:50",
            "open": "0.692985",
            "high": "0.693053",
            "low": "0.692985",
            "close": "0.694088"
        },
        {
            "time": "19.06.2021 17:53",
            "open": "0.694088",
            "high": "0.694088",
            "low": "0.694088",
            "close": "0.694079"
        },
        {
            "time": "19.06.2021 17:55",
            "open": "0.694079",
            "high": "0.694079",
            "low": "0.694079",
            "close": "0.698618"
        },
        {
            "time": "19.06.2021 17:59",
            "open": "0.698618",
            "high": "0.70148",
            "low": "0.698618",
            "close": "0.701103"
        },
        {
            "time": "19.06.2021 18:00",
            "open": "0.701103",
            "high": "0.701251",
            "low": "0.697609",
            "close": "0.697871"
        },
        {
            "time": "19.06.2021 18:01",
            "open": "0.697871",
            "high": "0.697871",
            "low": "0.697871",
            "close": "0.697864"
        },
        {
            "time": "19.06.2021 18:02",
            "open": "0.697864",
            "high": "0.697864",
            "low": "0.697864",
            "close": "0.696721"
        },
        {
            "time": "19.06.2021 18:05",
            "open": "0.696721",
            "high": "0.696721",
            "low": "0.696407",
            "close": "0.69439"
        },
        {
            "time": "19.06.2021 18:08",
            "open": "0.69439",
            "high": "0.69439",
            "low": "0.69439",
            "close": "0.693245"
        },
        {
            "time": "19.06.2021 18:13",
            "open": "0.693245",
            "high": "0.693245",
            "low": "0.693245",
            "close": "0.692473"
        },
        {
            "time": "19.06.2021 18:16",
            "open": "0.692473",
            "high": "0.692473",
            "low": "0.692473",
            "close": "0.692173"
        },
        {
            "time": "19.06.2021 18:17",
            "open": "0.692173",
            "high": "0.692173",
            "low": "0.691374",
            "close": "0.691374"
        },
        {
            "time": "19.06.2021 18:18",
            "open": "0.691374",
            "high": "0.691374",
            "low": "0.691374",
            "close": "0.688371"
        },
        {
            "time": "19.06.2021 18:20",
            "open": "0.688371",
            "high": "0.688371",
            "low": "0.688371",
            "close": "0.689074"
        },
        {
            "time": "19.06.2021 18:21",
            "open": "0.689074",
            "high": "0.689081",
            "low": "0.688525",
            "close": "0.689614"
        },
        {
            "time": "19.06.2021 18:23",
            "open": "0.689614",
            "high": "0.689614",
            "low": "0.689614",
            "close": "0.689676"
        },
        {
            "time": "19.06.2021 18:29",
            "open": "0.689676",
            "high": "0.689676",
            "low": "0.689676",
            "close": "0.689709"
        },
        {
            "time": "19.06.2021 18:30",
            "open": "0.689709",
            "high": "0.689709",
            "low": "0.689709",
            "close": "0.690254"
        },
        {
            "time": "19.06.2021 18:33",
            "open": "0.690254",
            "high": "0.690254",
            "low": "0.690254",
            "close": "0.692606"
        },
        {
            "time": "19.06.2021 18:36",
            "open": "0.692606",
            "high": "0.692608",
            "low": "0.692606",
            "close": "0.692839"
        },
        {
            "time": "19.06.2021 18:38",
            "open": "0.692839",
            "high": "0.692839",
            "low": "0.692608",
            "close": "0.692816"
        },
        {
            "time": "19.06.2021 18:41",
            "open": "0.692816",
            "high": "0.692816",
            "low": "0.692816",
            "close": "0.692606"
        },
        {
            "time": "19.06.2021 18:42",
            "open": "0.692606",
            "high": "0.692606",
            "low": "0.692606",
            "close": "0.69214"
        },
        {
            "time": "19.06.2021 18:46",
            "open": "0.69214",
            "high": "0.69214",
            "low": "0.69214",
            "close": "0.692873"
        },
        {
            "time": "19.06.2021 18:57",
            "open": "0.692873",
            "high": "0.692873",
            "low": "0.692873",
            "close": "0.69247"
        },
        {
            "time": "19.06.2021 18:58",
            "open": "0.69247",
            "high": "0.69247",
            "low": "0.69247",
            "close": "0.691965"
        },
        {
            "time": "19.06.2021 19:00",
            "open": "0.691965",
            "high": "0.691965",
            "low": "0.691965",
            "close": "0.691742"
        },
        {
            "time": "19.06.2021 19:01",
            "open": "0.691742",
            "high": "0.691742",
            "low": "0.691742",
            "close": "0.690433"
        },
        {
            "time": "19.06.2021 19:02",
            "open": "0.690433",
            "high": "0.690433",
            "low": "0.690433",
            "close": "0.690658"
        },
        {
            "time": "19.06.2021 19:04",
            "open": "0.690658",
            "high": "0.690658",
            "low": "0.690408",
            "close": "0.688932"
        },
        {
            "time": "19.06.2021 19:08",
            "open": "0.688932",
            "high": "0.688932",
            "low": "0.688932",
            "close": "0.688262"
        },
        {
            "time": "19.06.2021 19:13",
            "open": "0.688262",
            "high": "0.688262",
            "low": "0.688262",
            "close": "0.688043"
        },
        {
            "time": "19.06.2021 19:23",
            "open": "0.688043",
            "high": "0.688043",
            "low": "0.688043",
            "close": "0.690658"
        },
        {
            "time": "19.06.2021 19:28",
            "open": "0.690658",
            "high": "0.690658",
            "low": "0.690658",
            "close": "0.688525"
        },
        {
            "time": "19.06.2021 19:43",
            "open": "0.688525",
            "high": "0.688525",
            "low": "0.688525",
            "close": "0.688525"
        },
        {
            "time": "19.06.2021 19:44",
            "open": "0.688525",
            "high": "0.688525",
            "low": "0.688525",
            "close": "0.687368"
        },
        {
            "time": "19.06.2021 19:46",
            "open": "0.687368",
            "high": "0.687368",
            "low": "0.687368",
            "close": "0.687368"
        },
        {
            "time": "19.06.2021 19:47",
            "open": "0.687368",
            "high": "0.687487",
            "low": "0.687368",
            "close": "0.687368"
        },
        {
            "time": "19.06.2021 19:49",
            "open": "0.687368",
            "high": "0.687368",
            "low": "0.687288",
            "close": "0.688525"
        },
        {
            "time": "19.06.2021 19:55",
            "open": "0.688525",
            "high": "0.68947",
            "low": "0.688525",
            "close": "0.688728"
        },
        {
            "time": "19.06.2021 19:56",
            "open": "0.688728",
            "high": "0.688728",
            "low": "0.688728",
            "close": "0.686678"
        },
        {
            "time": "19.06.2021 20:00",
            "open": "0.686678",
            "high": "0.686678",
            "low": "0.686678",
            "close": "0.685"
        },
        {
            "time": "19.06.2021 20:02",
            "open": "0.685",
            "high": "0.685",
            "low": "0.685",
            "close": "0.679849"
        },
        {
            "time": "19.06.2021 20:05",
            "open": "0.679849",
            "high": "0.680688",
            "low": "0.679481",
            "close": "0.680336"
        },
        {
            "time": "19.06.2021 20:06",
            "open": "0.680336",
            "high": "0.680336",
            "low": "0.680336",
            "close": "0.680688"
        },
        {
            "time": "19.06.2021 20:07",
            "open": "0.680688",
            "high": "0.68089",
            "low": "0.678963",
            "close": "0.67789"
        },
        {
            "time": "19.06.2021 20:08",
            "open": "0.67789",
            "high": "0.67789",
            "low": "0.67789",
            "close": "0.679016"
        },
        {
            "time": "19.06.2021 20:10",
            "open": "0.679016",
            "high": "0.679016",
            "low": "0.679016",
            "close": "0.679424"
        },
        {
            "time": "19.06.2021 20:11",
            "open": "0.679424",
            "high": "0.679542",
            "low": "0.679301",
            "close": "0.679301"
        },
        {
            "time": "19.06.2021 20:12",
            "open": "0.679301",
            "high": "0.679301",
            "low": "0.676939",
            "close": "0.67911"
        },
        {
            "time": "19.06.2021 20:16",
            "open": "0.67911",
            "high": "0.67911",
            "low": "0.67911",
            "close": "0.678757"
        },
        {
            "time": "19.06.2021 20:17",
            "open": "0.678757",
            "high": "0.678813",
            "low": "0.678331",
            "close": "0.675901"
        },
        {
            "time": "19.06.2021 20:18",
            "open": "0.675901",
            "high": "0.675901",
            "low": "0.675015",
            "close": "0.675624"
        },
        {
            "time": "19.06.2021 20:19",
            "open": "0.675624",
            "high": "0.675624",
            "low": "0.675624",
            "close": "0.675793"
        },
        {
            "time": "19.06.2021 20:20",
            "open": "0.675793",
            "high": "0.678094",
            "low": "0.675793",
            "close": "0.678151"
        },
        {
            "time": "19.06.2021 20:22",
            "open": "0.678151",
            "high": "0.678151",
            "low": "0.678151",
            "close": "0.67783"
        },
        {
            "time": "19.06.2021 20:23",
            "open": "0.67783",
            "high": "0.67783",
            "low": "0.67783",
            "close": "0.678097"
        },
        {
            "time": "19.06.2021 20:24",
            "open": "0.678097",
            "high": "0.678492",
            "low": "0.678097",
            "close": "0.678263"
        },
        {
            "time": "19.06.2021 20:25",
            "open": "0.678263",
            "high": "0.678264",
            "low": "0.677033",
            "close": "0.675968"
        },
        {
            "time": "19.06.2021 20:31",
            "open": "0.675968",
            "high": "0.675968",
            "low": "0.675781",
            "close": "0.675802"
        },
        {
            "time": "19.06.2021 20:32",
            "open": "0.675802",
            "high": "0.676103",
            "low": "0.675802",
            "close": "0.676232"
        },
        {
            "time": "19.06.2021 20:33",
            "open": "0.676232",
            "high": "0.677664",
            "low": "0.676232",
            "close": "0.678139"
        },
        {
            "time": "19.06.2021 20:35",
            "open": "0.678139",
            "high": "0.679725",
            "low": "0.678139",
            "close": "0.680432"
        },
        {
            "time": "19.06.2021 20:36",
            "open": "0.680432",
            "high": "0.680473",
            "low": "0.680308",
            "close": "0.677554"
        },
        {
            "time": "19.06.2021 20:38",
            "open": "0.677554",
            "high": "0.677554",
            "low": "0.677554",
            "close": "0.679781"
        },
        {
            "time": "19.06.2021 20:41",
            "open": "0.679781",
            "high": "0.679781",
            "low": "0.679781",
            "close": "0.680628"
        },
        {
            "time": "19.06.2021 20:42",
            "open": "0.680628",
            "high": "0.680628",
            "low": "0.680221",
            "close": "0.680044"
        },
        {
            "time": "19.06.2021 20:43",
            "open": "0.680044",
            "high": "0.680745",
            "low": "0.680044",
            "close": "0.683414"
        },
        {
            "time": "19.06.2021 20:46",
            "open": "0.683414",
            "high": "0.683414",
            "low": "0.683414",
            "close": "0.682883"
        },
        {
            "time": "19.06.2021 20:50",
            "open": "0.682883",
            "high": "0.682883",
            "low": "0.682706",
            "close": "0.684393"
        },
        {
            "time": "19.06.2021 20:54",
            "open": "0.684393",
            "high": "0.684393",
            "low": "0.684393",
            "close": "0.683122"
        },
        {
            "time": "19.06.2021 20:55",
            "open": "0.683122",
            "high": "0.683122",
            "low": "0.683122",
            "close": "0.682506"
        },
        {
            "time": "19.06.2021 20:58",
            "open": "0.682506",
            "high": "0.682506",
            "low": "0.682506",
            "close": "0.682106"
        },
        {
            "time": "19.06.2021 21:00",
            "open": "0.682106",
            "high": "0.682106",
            "low": "0.682106",
            "close": "0.681635"
        },
        {
            "time": "19.06.2021 21:01",
            "open": "0.681635",
            "high": "0.681635",
            "low": "0.681635",
            "close": "0.682745"
        },
        {
            "time": "19.06.2021 21:03",
            "open": "0.682745",
            "high": "0.682745",
            "low": "0.682745",
            "close": "0.683145"
        },
        {
            "time": "19.06.2021 21:04",
            "open": "0.683145",
            "high": "0.683145",
            "low": "0.683145",
            "close": "0.683133"
        },
        {
            "time": "19.06.2021 21:05",
            "open": "0.683133",
            "high": "0.683133",
            "low": "0.683133",
            "close": "0.682671"
        },
        {
            "time": "19.06.2021 21:06",
            "open": "0.682671",
            "high": "0.682671",
            "low": "0.682671",
            "close": "0.683953"
        },
        {
            "time": "19.06.2021 21:18",
            "open": "0.683953",
            "high": "0.683967",
            "low": "0.683953",
            "close": "0.684666"
        },
        {
            "time": "19.06.2021 21:21",
            "open": "0.684666",
            "high": "0.688073",
            "low": "0.684666",
            "close": "0.687621"
        },
        {
            "time": "19.06.2021 21:22",
            "open": "0.687621",
            "high": "0.690271",
            "low": "0.687574",
            "close": "0.68842"
        },
        {
            "time": "19.06.2021 21:23",
            "open": "0.68842",
            "high": "0.688885",
            "low": "0.68842",
            "close": "0.689878"
        },
        {
            "time": "19.06.2021 21:26",
            "open": "0.689878",
            "high": "0.689878",
            "low": "0.689573",
            "close": "0.688197"
        },
        {
            "time": "19.06.2021 21:27",
            "open": "0.688197",
            "high": "0.688197",
            "low": "0.688197",
            "close": "0.687851"
        },
        {
            "time": "19.06.2021 21:29",
            "open": "0.687851",
            "high": "0.687869",
            "low": "0.686562",
            "close": "0.684799"
        },
        {
            "time": "19.06.2021 21:30",
            "open": "0.684799",
            "high": "0.684799",
            "low": "0.684799",
            "close": "0.684215"
        },
        {
            "time": "19.06.2021 21:31",
            "open": "0.684215",
            "high": "0.684215",
            "low": "0.683273",
            "close": "0.682951"
        },
        {
            "time": "19.06.2021 21:32",
            "open": "0.682951",
            "high": "0.682964",
            "low": "0.682951",
            "close": "0.683135"
        },
        {
            "time": "19.06.2021 21:33",
            "open": "0.683135",
            "high": "0.683135",
            "low": "0.683135",
            "close": "0.682113"
        },
        {
            "time": "19.06.2021 21:34",
            "open": "0.682113",
            "high": "0.682113",
            "low": "0.681984",
            "close": "0.681808"
        },
        {
            "time": "19.06.2021 21:35",
            "open": "0.681808",
            "high": "0.681808",
            "low": "0.68174",
            "close": "0.681836"
        },
        {
            "time": "19.06.2021 21:36",
            "open": "0.681836",
            "high": "0.682154",
            "low": "0.681836",
            "close": "0.682152"
        },
        {
            "time": "19.06.2021 21:37",
            "open": "0.682152",
            "high": "0.682152",
            "low": "0.682152",
            "close": "0.682668"
        },
        {
            "time": "19.06.2021 21:39",
            "open": "0.682668",
            "high": "0.683798",
            "low": "0.682668",
            "close": "0.684"
        },
        {
            "time": "19.06.2021 21:41",
            "open": "0.684",
            "high": "0.684",
            "low": "0.684",
            "close": "0.684744"
        },
        {
            "time": "19.06.2021 21:43",
            "open": "0.684744",
            "high": "0.684744",
            "low": "0.684744",
            "close": "0.684922"
        },
        {
            "time": "19.06.2021 21:44",
            "open": "0.684922",
            "high": "0.684922",
            "low": "0.684922",
            "close": "0.684907"
        },
        {
            "time": "19.06.2021 21:45",
            "open": "0.684907",
            "high": "0.684907",
            "low": "0.684907",
            "close": "0.684313"
        },
        {
            "time": "19.06.2021 21:46",
            "open": "0.684313",
            "high": "0.684313",
            "low": "0.684313",
            "close": "0.68346"
        },
        {
            "time": "19.06.2021 21:47",
            "open": "0.68346",
            "high": "0.68346",
            "low": "0.68346",
            "close": "0.682804"
        },
        {
            "time": "19.06.2021 21:48",
            "open": "0.682804",
            "high": "0.682804",
            "low": "0.682804",
            "close": "0.683704"
        },
        {
            "time": "19.06.2021 21:55",
            "open": "0.683704",
            "high": "0.684787",
            "low": "0.683704",
            "close": "0.684508"
        },
        {
            "time": "19.06.2021 21:56",
            "open": "0.684508",
            "high": "0.684508",
            "low": "0.684508",
            "close": "0.684062"
        },
        {
            "time": "19.06.2021 21:57",
            "open": "0.684062",
            "high": "0.684062",
            "low": "0.684062",
            "close": "0.684632"
        },
        {
            "time": "19.06.2021 21:59",
            "open": "0.684632",
            "high": "0.684632",
            "low": "0.684632",
            "close": "0.685895"
        },
        {
            "time": "19.06.2021 22:00",
            "open": "0.685895",
            "high": "0.685895",
            "low": "0.685895",
            "close": "0.686133"
        },
        {
            "time": "19.06.2021 22:03",
            "open": "0.686133",
            "high": "0.686534",
            "low": "0.686133",
            "close": "0.686265"
        },
        {
            "time": "19.06.2021 22:04",
            "open": "0.686265",
            "high": "0.686265",
            "low": "0.686265",
            "close": "0.686475"
        },
        {
            "time": "19.06.2021 22:07",
            "open": "0.686475",
            "high": "0.686475",
            "low": "0.686475",
            "close": "0.686308"
        },
        {
            "time": "19.06.2021 22:08",
            "open": "0.686308",
            "high": "0.686308",
            "low": "0.686308",
            "close": "0.686545"
        },
        {
            "time": "19.06.2021 22:09",
            "open": "0.686545",
            "high": "0.686545",
            "low": "0.686545",
            "close": "0.685935"
        },
        {
            "time": "19.06.2021 22:12",
            "open": "0.685935",
            "high": "0.685935",
            "low": "0.685616",
            "close": "0.685796"
        },
        {
            "time": "19.06.2021 22:15",
            "open": "0.685796",
            "high": "0.685796",
            "low": "0.685796",
            "close": "0.684873"
        },
        {
            "time": "19.06.2021 22:16",
            "open": "0.684873",
            "high": "0.684873",
            "low": "0.684307",
            "close": "0.684328"
        },
        {
            "time": "19.06.2021 22:17",
            "open": "0.684328",
            "high": "0.684328",
            "low": "0.684328",
            "close": "0.682508"
        },
        {
            "time": "19.06.2021 22:25",
            "open": "0.682508",
            "high": "0.682508",
            "low": "0.682508",
            "close": "0.683217"
        },
        {
            "time": "19.06.2021 22:31",
            "open": "0.683217",
            "high": "0.683217",
            "low": "0.683217",
            "close": "0.68306"
        },
        {
            "time": "19.06.2021 22:33",
            "open": "0.68306",
            "high": "0.68306",
            "low": "0.68306",
            "close": "0.682992"
        },
        {
            "time": "19.06.2021 22:35",
            "open": "0.682992",
            "high": "0.682996",
            "low": "0.682992",
            "close": "0.684023"
        },
        {
            "time": "19.06.2021 22:37",
            "open": "0.684023",
            "high": "0.684023",
            "low": "0.684023",
            "close": "0.683998"
        },
        {
            "time": "19.06.2021 22:41",
            "open": "0.683998",
            "high": "0.683998",
            "low": "0.683998",
            "close": "0.685157"
        },
        {
            "time": "19.06.2021 22:45",
            "open": "0.685157",
            "high": "0.685157",
            "low": "0.685157",
            "close": "0.685233"
        },
        {
            "time": "19.06.2021 22:46",
            "open": "0.685233",
            "high": "0.686242",
            "low": "0.685233",
            "close": "0.687123"
        },
        {
            "time": "19.06.2021 22:49",
            "open": "0.687123",
            "high": "0.687123",
            "low": "0.687123",
            "close": "0.68911"
        },
        {
            "time": "19.06.2021 22:53",
            "open": "0.68911",
            "high": "0.68911",
            "low": "0.68911",
            "close": "0.689189"
        },
        {
            "time": "19.06.2021 22:54",
            "open": "0.689189",
            "high": "0.689189",
            "low": "0.689189",
            "close": "0.688832"
        },
        {
            "time": "19.06.2021 22:57",
            "open": "0.688832",
            "high": "0.688832",
            "low": "0.688832",
            "close": "0.687479"
        },
        {
            "time": "19.06.2021 23:00",
            "open": "0.687479",
            "high": "0.687479",
            "low": "0.687308",
            "close": "0.68724"
        },
        {
            "time": "19.06.2021 23:01",
            "open": "0.68724",
            "high": "0.68724",
            "low": "0.68724",
            "close": "0.686646"
        },
        {
            "time": "19.06.2021 23:02",
            "open": "0.686646",
            "high": "0.686646",
            "low": "0.686646",
            "close": "0.686839"
        },
        {
            "time": "19.06.2021 23:03",
            "open": "0.686839",
            "high": "0.686839",
            "low": "0.686839",
            "close": "0.686631"
        },
        {
            "time": "19.06.2021 23:04",
            "open": "0.686631",
            "high": "0.686677",
            "low": "0.686631",
            "close": "0.686253"
        },
        {
            "time": "19.06.2021 23:09",
            "open": "0.686253",
            "high": "0.686253",
            "low": "0.686253",
            "close": "0.68656"
        },
        {
            "time": "19.06.2021 23:10",
            "open": "0.68656",
            "high": "0.68656",
            "low": "0.68656",
            "close": "0.68427"
        },
        {
            "time": "19.06.2021 23:19",
            "open": "0.68427",
            "high": "0.68427",
            "low": "0.68427",
            "close": "0.683775"
        },
        {
            "time": "19.06.2021 23:35",
            "open": "0.683775",
            "high": "0.683785",
            "low": "0.683775",
            "close": "0.683404"
        },
        {
            "time": "19.06.2021 23:37",
            "open": "0.683404",
            "high": "0.683404",
            "low": "0.683345",
            "close": "0.683933"
        },
        {
            "time": "19.06.2021 23:38",
            "open": "0.683933",
            "high": "0.683933",
            "low": "0.683933",
            "close": "0.683895"
        },
        {
            "time": "19.06.2021 23:39",
            "open": "0.683895",
            "high": "0.683895",
            "low": "0.683895",
            "close": "0.683391"
        },
        {
            "time": "19.06.2021 23:40",
            "open": "0.683391",
            "high": "0.683391",
            "low": "0.683379",
            "close": "0.683534"
        },
        {
            "time": "19.06.2021 23:42",
            "open": "0.683534",
            "high": "0.683534",
            "low": "0.683534",
            "close": "0.682655"
        },
        {
            "time": "19.06.2021 23:43",
            "open": "0.682655",
            "high": "0.682655",
            "low": "0.680158",
            "close": "0.680776"
        },
        {
            "time": "19.06.2021 23:44",
            "open": "0.680776",
            "high": "0.680776",
            "low": "0.680776",
            "close": "0.681645"
        },
        {
            "time": "19.06.2021 23:45",
            "open": "0.681645",
            "high": "0.681645",
            "low": "0.681645",
            "close": "0.682868"
        },
        {
            "time": "19.06.2021 23:48",
            "open": "0.682868",
            "high": "0.683055",
            "low": "0.682868",
            "close": "0.683724"
        },
        {
            "time": "19.06.2021 23:52",
            "open": "0.683724",
            "high": "0.683724",
            "low": "0.683724",
            "close": "0.682148"
        }
    ]
}