{
    "ZRX-EUR": [
        {
            "time": "31.10.2020 23:56",
            "open": "0.276712",
            "high": "0.276712",
            "low": "0.276712",
            "close": "0.276574"
        },
        {
            "time": "01.11.2020 00:12",
            "open": "0.276574",
            "high": "0.276574",
            "low": "0.276574",
            "close": "0.276239"
        },
        {
            "time": "01.11.2020 00:13",
            "open": "0.276239",
            "high": "0.276239",
            "low": "0.276239",
            "close": "0.276302"
        },
        {
            "time": "01.11.2020 00:15",
            "open": "0.276302",
            "high": "0.276302",
            "low": "0.276302",
            "close": "0.27666"
        },
        {
            "time": "01.11.2020 00:20",
            "open": "0.27666",
            "high": "0.27666",
            "low": "0.27666",
            "close": "0.276523"
        },
        {
            "time": "01.11.2020 00:25",
            "open": "0.276523",
            "high": "0.276523",
            "low": "0.276523",
            "close": "0.276589"
        },
        {
            "time": "01.11.2020 00:44",
            "open": "0.276589",
            "high": "0.276589",
            "low": "0.276589",
            "close": "0.276739"
        },
        {
            "time": "01.11.2020 00:58",
            "open": "0.276739",
            "high": "0.276739",
            "low": "0.276739",
            "close": "0.277209"
        },
        {
            "time": "01.11.2020 01:03",
            "open": "0.277209",
            "high": "0.277209",
            "low": "0.277209",
            "close": "0.27861"
        },
        {
            "time": "01.11.2020 01:12",
            "open": "0.27861",
            "high": "0.27861",
            "low": "0.27861",
            "close": "0.278187"
        },
        {
            "time": "01.11.2020 01:17",
            "open": "0.278187",
            "high": "0.278187",
            "low": "0.278129",
            "close": "0.277968"
        },
        {
            "time": "01.11.2020 01:22",
            "open": "0.277968",
            "high": "0.277968",
            "low": "0.277968",
            "close": "0.277968"
        },
        {
            "time": "01.11.2020 01:23",
            "open": "0.277968",
            "high": "0.27797",
            "low": "0.277968",
            "close": "0.279213"
        },
        {
            "time": "01.11.2020 01:25",
            "open": "0.279213",
            "high": "0.279213",
            "low": "0.279213",
            "close": "0.277209"
        },
        {
            "time": "01.11.2020 01:37",
            "open": "0.277209",
            "high": "0.277209",
            "low": "0.277209",
            "close": "0.276531"
        },
        {
            "time": "01.11.2020 01:40",
            "open": "0.276531",
            "high": "0.276531",
            "low": "0.276531",
            "close": "0.276799"
        },
        {
            "time": "01.11.2020 01:42",
            "open": "0.276799",
            "high": "0.276799",
            "low": "0.276799",
            "close": "0.276418"
        },
        {
            "time": "01.11.2020 01:43",
            "open": "0.276418",
            "high": "0.276418",
            "low": "0.276418",
            "close": "0.27742"
        },
        {
            "time": "01.11.2020 01:44",
            "open": "0.27742",
            "high": "0.277443",
            "low": "0.2773",
            "close": "0.276924"
        },
        {
            "time": "01.11.2020 01:45",
            "open": "0.276924",
            "high": "0.2771",
            "low": "0.27686",
            "close": "0.27715"
        },
        {
            "time": "01.11.2020 01:46",
            "open": "0.27715",
            "high": "0.277401",
            "low": "0.27715",
            "close": "0.279712"
        },
        {
            "time": "01.11.2020 01:47",
            "open": "0.279712",
            "high": "0.280508",
            "low": "0.279712",
            "close": "0.280408"
        },
        {
            "time": "01.11.2020 01:48",
            "open": "0.280408",
            "high": "0.283",
            "low": "0.280408",
            "close": "0.283624"
        },
        {
            "time": "01.11.2020 01:49",
            "open": "0.283624",
            "high": "0.286084",
            "low": "0.281026",
            "close": "0.28151"
        },
        {
            "time": "01.11.2020 01:50",
            "open": "0.28151",
            "high": "0.28151",
            "low": "0.28067",
            "close": "0.28071"
        },
        {
            "time": "01.11.2020 01:51",
            "open": "0.28071",
            "high": "0.281588",
            "low": "0.28071",
            "close": "0.2822"
        },
        {
            "time": "01.11.2020 01:54",
            "open": "0.2822",
            "high": "0.2822",
            "low": "0.2822",
            "close": "0.28183"
        },
        {
            "time": "01.11.2020 01:55",
            "open": "0.28183",
            "high": "0.28183",
            "low": "0.28183",
            "close": "0.280853"
        },
        {
            "time": "01.11.2020 01:56",
            "open": "0.280853",
            "high": "0.280853",
            "low": "0.280853",
            "close": "0.281612"
        },
        {
            "time": "01.11.2020 02:24",
            "open": "0.281612",
            "high": "0.281612",
            "low": "0.280876",
            "close": "0.28003"
        },
        {
            "time": "01.11.2020 02:25",
            "open": "0.28003",
            "high": "0.28003",
            "low": "0.279663",
            "close": "0.279902"
        },
        {
            "time": "01.11.2020 02:27",
            "open": "0.279902",
            "high": "0.279902",
            "low": "0.279902",
            "close": "0.279944"
        },
        {
            "time": "01.11.2020 02:36",
            "open": "0.279944",
            "high": "0.279944",
            "low": "0.279944",
            "close": "0.281894"
        },
        {
            "time": "01.11.2020 02:54",
            "open": "0.281894",
            "high": "0.281894",
            "low": "0.281894",
            "close": "0.280401"
        },
        {
            "time": "01.11.2020 03:38",
            "open": "0.280401",
            "high": "0.280401",
            "low": "0.280401",
            "close": "0.280769"
        },
        {
            "time": "01.11.2020 04:04",
            "open": "0.280769",
            "high": "0.280769",
            "low": "0.280769",
            "close": "0.280961"
        },
        {
            "time": "01.11.2020 04:05",
            "open": "0.280961",
            "high": "0.280962",
            "low": "0.280961",
            "close": "0.280207"
        },
        {
            "time": "01.11.2020 04:18",
            "open": "0.280207",
            "high": "0.280207",
            "low": "0.280207",
            "close": "0.279276"
        },
        {
            "time": "01.11.2020 04:21",
            "open": "0.279276",
            "high": "0.279276",
            "low": "0.279276",
            "close": "0.279093"
        },
        {
            "time": "01.11.2020 04:46",
            "open": "0.279093",
            "high": "0.279093",
            "low": "0.279093",
            "close": "0.279"
        },
        {
            "time": "01.11.2020 05:11",
            "open": "0.279",
            "high": "0.279",
            "low": "0.279",
            "close": "0.279554"
        },
        {
            "time": "01.11.2020 05:12",
            "open": "0.279554",
            "high": "0.279624",
            "low": "0.279485",
            "close": "0.280225"
        },
        {
            "time": "01.11.2020 05:16",
            "open": "0.280225",
            "high": "0.280372",
            "low": "0.280225",
            "close": "0.277754"
        },
        {
            "time": "01.11.2020 05:17",
            "open": "0.277754",
            "high": "0.277754",
            "low": "0.277754",
            "close": "0.278442"
        },
        {
            "time": "01.11.2020 05:21",
            "open": "0.278442",
            "high": "0.278442",
            "low": "0.278442",
            "close": "0.276898"
        },
        {
            "time": "01.11.2020 05:38",
            "open": "0.276898",
            "high": "0.276898",
            "low": "0.276898",
            "close": "0.277008"
        },
        {
            "time": "01.11.2020 05:40",
            "open": "0.277008",
            "high": "0.277008",
            "low": "0.276578",
            "close": "0.277367"
        },
        {
            "time": "01.11.2020 05:41",
            "open": "0.277367",
            "high": "0.277367",
            "low": "0.277367",
            "close": "0.277996"
        },
        {
            "time": "01.11.2020 05:42",
            "open": "0.277996",
            "high": "0.279014",
            "low": "0.277996",
            "close": "0.278191"
        },
        {
            "time": "01.11.2020 05:44",
            "open": "0.278191",
            "high": "0.278193",
            "low": "0.278045",
            "close": "0.277696"
        },
        {
            "time": "01.11.2020 05:45",
            "open": "0.277696",
            "high": "0.277696",
            "low": "0.276796",
            "close": "0.27733"
        },
        {
            "time": "01.11.2020 05:46",
            "open": "0.27733",
            "high": "0.27733",
            "low": "0.27733",
            "close": "0.27754"
        },
        {
            "time": "01.11.2020 05:49",
            "open": "0.27754",
            "high": "0.278082",
            "low": "0.27754",
            "close": "0.279166"
        },
        {
            "time": "01.11.2020 05:50",
            "open": "0.279166",
            "high": "0.279166",
            "low": "0.278309",
            "close": "0.279337"
        },
        {
            "time": "01.11.2020 05:51",
            "open": "0.279337",
            "high": "0.279337",
            "low": "0.279337",
            "close": "0.279242"
        },
        {
            "time": "01.11.2020 06:09",
            "open": "0.279242",
            "high": "0.279242",
            "low": "0.279242",
            "close": "0.279977"
        },
        {
            "time": "01.11.2020 06:17",
            "open": "0.279977",
            "high": "0.279977",
            "low": "0.279977",
            "close": "0.280474"
        },
        {
            "time": "01.11.2020 06:24",
            "open": "0.280474",
            "high": "0.280474",
            "low": "0.280235",
            "close": "0.281641"
        },
        {
            "time": "01.11.2020 06:30",
            "open": "0.281641",
            "high": "0.281641",
            "low": "0.281641",
            "close": "0.281271"
        },
        {
            "time": "01.11.2020 06:32",
            "open": "0.281271",
            "high": "0.281271",
            "low": "0.281271",
            "close": "0.280913"
        },
        {
            "time": "01.11.2020 06:37",
            "open": "0.280913",
            "high": "0.280913",
            "low": "0.280911",
            "close": "0.281583"
        },
        {
            "time": "01.11.2020 06:43",
            "open": "0.281583",
            "high": "0.281583",
            "low": "0.281583",
            "close": "0.281259"
        },
        {
            "time": "01.11.2020 06:46",
            "open": "0.281259",
            "high": "0.281259",
            "low": "0.281258",
            "close": "0.280312"
        },
        {
            "time": "01.11.2020 07:15",
            "open": "0.280312",
            "high": "0.280312",
            "low": "0.280312",
            "close": "0.281283"
        },
        {
            "time": "01.11.2020 08:29",
            "open": "0.281283",
            "high": "0.281283",
            "low": "0.281283",
            "close": "0.281309"
        },
        {
            "time": "01.11.2020 08:32",
            "open": "0.281309",
            "high": "0.281309",
            "low": "0.281309",
            "close": "0.281426"
        },
        {
            "time": "01.11.2020 08:38",
            "open": "0.281426",
            "high": "0.281426",
            "low": "0.281426",
            "close": "0.280944"
        },
        {
            "time": "01.11.2020 08:45",
            "open": "0.280944",
            "high": "0.280944",
            "low": "0.280944",
            "close": "0.280891"
        },
        {
            "time": "01.11.2020 08:46",
            "open": "0.280891",
            "high": "0.280891",
            "low": "0.280891",
            "close": "0.2822"
        },
        {
            "time": "01.11.2020 08:52",
            "open": "0.2822",
            "high": "0.2822",
            "low": "0.2822",
            "close": "0.28241"
        },
        {
            "time": "01.11.2020 09:07",
            "open": "0.28241",
            "high": "0.28241",
            "low": "0.28241",
            "close": "0.282994"
        },
        {
            "time": "01.11.2020 09:08",
            "open": "0.282994",
            "high": "0.282994",
            "low": "0.282445",
            "close": "0.283016"
        },
        {
            "time": "01.11.2020 09:13",
            "open": "0.283016",
            "high": "0.283016",
            "low": "0.283016",
            "close": "0.282496"
        },
        {
            "time": "01.11.2020 09:31",
            "open": "0.282496",
            "high": "0.282496",
            "low": "0.282496",
            "close": "0.282235"
        },
        {
            "time": "01.11.2020 09:34",
            "open": "0.282235",
            "high": "0.282235",
            "low": "0.282235",
            "close": "0.282786"
        },
        {
            "time": "01.11.2020 09:35",
            "open": "0.282786",
            "high": "0.282786",
            "low": "0.282205",
            "close": "0.282699"
        },
        {
            "time": "01.11.2020 09:41",
            "open": "0.282699",
            "high": "0.282699",
            "low": "0.282699",
            "close": "0.28225"
        },
        {
            "time": "01.11.2020 09:42",
            "open": "0.28225",
            "high": "0.28225",
            "low": "0.282226",
            "close": "0.282439"
        },
        {
            "time": "01.11.2020 09:56",
            "open": "0.282439",
            "high": "0.282439",
            "low": "0.282439",
            "close": "0.281639"
        },
        {
            "time": "01.11.2020 10:05",
            "open": "0.281639",
            "high": "0.281639",
            "low": "0.281639",
            "close": "0.280193"
        },
        {
            "time": "01.11.2020 10:26",
            "open": "0.280193",
            "high": "0.280193",
            "low": "0.280193",
            "close": "0.280982"
        },
        {
            "time": "01.11.2020 10:30",
            "open": "0.280982",
            "high": "0.280982",
            "low": "0.280982",
            "close": "0.280883"
        },
        {
            "time": "01.11.2020 10:31",
            "open": "0.280883",
            "high": "0.280883",
            "low": "0.280883",
            "close": "0.280281"
        },
        {
            "time": "01.11.2020 10:32",
            "open": "0.280281",
            "high": "0.280836",
            "low": "0.280281",
            "close": "0.280979"
        },
        {
            "time": "01.11.2020 10:40",
            "open": "0.280979",
            "high": "0.280979",
            "low": "0.280979",
            "close": "0.280343"
        },
        {
            "time": "01.11.2020 10:41",
            "open": "0.280343",
            "high": "0.280343",
            "low": "0.280343",
            "close": "0.28"
        },
        {
            "time": "01.11.2020 10:52",
            "open": "0.28",
            "high": "0.28",
            "low": "0.28",
            "close": "0.280054"
        },
        {
            "time": "01.11.2020 10:53",
            "open": "0.280054",
            "high": "0.280054",
            "low": "0.280054",
            "close": "0.279777"
        },
        {
            "time": "01.11.2020 10:54",
            "open": "0.279777",
            "high": "0.279777",
            "low": "0.279777",
            "close": "0.28"
        },
        {
            "time": "01.11.2020 11:02",
            "open": "0.28",
            "high": "0.28",
            "low": "0.28",
            "close": "0.2802"
        },
        {
            "time": "01.11.2020 11:07",
            "open": "0.2802",
            "high": "0.2802",
            "low": "0.2802",
            "close": "0.280354"
        },
        {
            "time": "01.11.2020 11:08",
            "open": "0.280354",
            "high": "0.280354",
            "low": "0.280354",
            "close": "0.2801"
        },
        {
            "time": "01.11.2020 11:10",
            "open": "0.280574",
            "high": "0.280574",
            "low": "0.280574",
            "close": "0.279874"
        },
        {
            "time": "01.11.2020 11:16",
            "open": "0.279874",
            "high": "0.279874",
            "low": "0.279874",
            "close": "0.280359"
        },
        {
            "time": "01.11.2020 11:23",
            "open": "0.280359",
            "high": "0.280359",
            "low": "0.280359",
            "close": "0.279874"
        },
        {
            "time": "01.11.2020 11:27",
            "open": "0.279874",
            "high": "0.279874",
            "low": "0.279874",
            "close": "0.279417"
        },
        {
            "time": "01.11.2020 11:28",
            "open": "0.279417",
            "high": "0.279417",
            "low": "0.279417",
            "close": "0.279991"
        },
        {
            "time": "01.11.2020 11:41",
            "open": "0.279991",
            "high": "0.279991",
            "low": "0.279991",
            "close": "0.279361"
        },
        {
            "time": "01.11.2020 11:42",
            "open": "0.279361",
            "high": "0.279371",
            "low": "0.279361",
            "close": "0.28025"
        },
        {
            "time": "01.11.2020 11:49",
            "open": "0.28025",
            "high": "0.280316",
            "low": "0.279871",
            "close": "0.28036"
        },
        {
            "time": "01.11.2020 11:52",
            "open": "0.28036",
            "high": "0.28036",
            "low": "0.28036",
            "close": "0.280731"
        },
        {
            "time": "01.11.2020 12:04",
            "open": "0.280731",
            "high": "0.280732",
            "low": "0.280731",
            "close": "0.281217"
        },
        {
            "time": "01.11.2020 12:05",
            "open": "0.281217",
            "high": "0.281217",
            "low": "0.281217",
            "close": "0.281689"
        },
        {
            "time": "01.11.2020 12:21",
            "open": "0.281689",
            "high": "0.281689",
            "low": "0.281689",
            "close": "0.281077"
        },
        {
            "time": "01.11.2020 12:22",
            "open": "0.281077",
            "high": "0.281077",
            "low": "0.281077",
            "close": "0.281705"
        },
        {
            "time": "01.11.2020 12:25",
            "open": "0.281705",
            "high": "0.281705",
            "low": "0.281705",
            "close": "0.28158"
        },
        {
            "time": "01.11.2020 12:26",
            "open": "0.28158",
            "high": "0.28158",
            "low": "0.28158",
            "close": "0.280142"
        },
        {
            "time": "01.11.2020 12:48",
            "open": "0.280142",
            "high": "0.280142",
            "low": "0.280142",
            "close": "0.280715"
        },
        {
            "time": "01.11.2020 12:53",
            "open": "0.280715",
            "high": "0.280715",
            "low": "0.280715",
            "close": "0.280796"
        },
        {
            "time": "01.11.2020 12:55",
            "open": "0.280796",
            "high": "0.280796",
            "low": "0.280796",
            "close": "0.280916"
        },
        {
            "time": "01.11.2020 12:56",
            "open": "0.280916",
            "high": "0.280916",
            "low": "0.280916",
            "close": "0.280291"
        },
        {
            "time": "01.11.2020 12:58",
            "open": "0.280291",
            "high": "0.280291",
            "low": "0.280291",
            "close": "0.280988"
        },
        {
            "time": "01.11.2020 13:06",
            "open": "0.280988",
            "high": "0.280988",
            "low": "0.280988",
            "close": "0.2805"
        },
        {
            "time": "01.11.2020 13:11",
            "open": "0.2805",
            "high": "0.2805",
            "low": "0.2805",
            "close": "0.281795"
        },
        {
            "time": "01.11.2020 13:26",
            "open": "0.281795",
            "high": "0.281795",
            "low": "0.281795",
            "close": "0.28275"
        },
        {
            "time": "01.11.2020 13:36",
            "open": "0.28275",
            "high": "0.28275",
            "low": "0.28275",
            "close": "0.283447"
        },
        {
            "time": "01.11.2020 13:48",
            "open": "0.283447",
            "high": "0.283447",
            "low": "0.283447",
            "close": "0.283531"
        },
        {
            "time": "01.11.2020 13:52",
            "open": "0.283531",
            "high": "0.283531",
            "low": "0.283531",
            "close": "0.283639"
        },
        {
            "time": "01.11.2020 14:04",
            "open": "0.283639",
            "high": "0.283639",
            "low": "0.283639",
            "close": "0.283933"
        },
        {
            "time": "01.11.2020 14:06",
            "open": "0.283933",
            "high": "0.284",
            "low": "0.283933",
            "close": "0.284734"
        },
        {
            "time": "01.11.2020 14:21",
            "open": "0.284734",
            "high": "0.284734",
            "low": "0.284734",
            "close": "0.284315"
        },
        {
            "time": "01.11.2020 14:34",
            "open": "0.284315",
            "high": "0.284315",
            "low": "0.283715",
            "close": "0.28375"
        },
        {
            "time": "01.11.2020 14:40",
            "open": "0.28375",
            "high": "0.28375",
            "low": "0.28375",
            "close": "0.283738"
        },
        {
            "time": "01.11.2020 14:45",
            "open": "0.283738",
            "high": "0.283738",
            "low": "0.283738",
            "close": "0.285177"
        },
        {
            "time": "01.11.2020 15:00",
            "open": "0.285177",
            "high": "0.28563",
            "low": "0.285177",
            "close": "0.286"
        },
        {
            "time": "01.11.2020 15:01",
            "open": "0.286",
            "high": "0.286085",
            "low": "0.286",
            "close": "0.286"
        },
        {
            "time": "01.11.2020 15:02",
            "open": "0.286",
            "high": "0.286",
            "low": "0.286",
            "close": "0.286229"
        },
        {
            "time": "01.11.2020 15:06",
            "open": "0.286229",
            "high": "0.286229",
            "low": "0.286229",
            "close": "0.2857"
        },
        {
            "time": "01.11.2020 15:07",
            "open": "0.2857",
            "high": "0.2857",
            "low": "0.2857",
            "close": "0.286131"
        },
        {
            "time": "01.11.2020 15:12",
            "open": "0.286131",
            "high": "0.286131",
            "low": "0.286131",
            "close": "0.286125"
        },
        {
            "time": "01.11.2020 15:13",
            "open": "0.286125",
            "high": "0.286125",
            "low": "0.286063",
            "close": "0.28641"
        },
        {
            "time": "01.11.2020 15:15",
            "open": "0.28641",
            "high": "0.28641",
            "low": "0.28641",
            "close": "0.286344"
        },
        {
            "time": "01.11.2020 15:16",
            "open": "0.286344",
            "high": "0.286344",
            "low": "0.286344",
            "close": "0.285945"
        },
        {
            "time": "01.11.2020 15:23",
            "open": "0.285945",
            "high": "0.285947",
            "low": "0.285656",
            "close": "0.285368"
        },
        {
            "time": "01.11.2020 15:24",
            "open": "0.285368",
            "high": "0.285889",
            "low": "0.285368",
            "close": "0.286153"
        },
        {
            "time": "01.11.2020 15:25",
            "open": "0.286153",
            "high": "0.286153",
            "low": "0.286153",
            "close": "0.285462"
        },
        {
            "time": "01.11.2020 15:26",
            "open": "0.285377",
            "high": "0.285377",
            "low": "0.285377",
            "close": "0.285399"
        },
        {
            "time": "01.11.2020 15:29",
            "open": "0.285399",
            "high": "0.2854",
            "low": "0.285399",
            "close": "0.285121"
        },
        {
            "time": "01.11.2020 15:35",
            "open": "0.285121",
            "high": "0.285121",
            "low": "0.285121",
            "close": "0.28522"
        },
        {
            "time": "01.11.2020 15:41",
            "open": "0.28522",
            "high": "0.28522",
            "low": "0.28522",
            "close": "0.2854"
        },
        {
            "time": "01.11.2020 15:58",
            "open": "0.2854",
            "high": "0.2854",
            "low": "0.2854",
            "close": "0.2854"
        },
        {
            "time": "01.11.2020 16:00",
            "open": "0.2854",
            "high": "0.2854",
            "low": "0.2854",
            "close": "0.2854"
        },
        {
            "time": "01.11.2020 16:05",
            "open": "0.2854",
            "high": "0.285764",
            "low": "0.2854",
            "close": "0.2858"
        },
        {
            "time": "01.11.2020 16:07",
            "open": "0.2858",
            "high": "0.2858",
            "low": "0.2858",
            "close": "0.286746"
        },
        {
            "time": "01.11.2020 16:09",
            "open": "0.286746",
            "high": "0.286746",
            "low": "0.286746",
            "close": "0.287"
        },
        {
            "time": "01.11.2020 16:11",
            "open": "0.287",
            "high": "0.287",
            "low": "0.287",
            "close": "0.287"
        },
        {
            "time": "01.11.2020 16:12",
            "open": "0.287",
            "high": "0.287041",
            "low": "0.287",
            "close": "0.287178"
        },
        {
            "time": "01.11.2020 16:13",
            "open": "0.287178",
            "high": "0.287178",
            "low": "0.287178",
            "close": "0.287002"
        },
        {
            "time": "01.11.2020 16:17",
            "open": "0.287002",
            "high": "0.287002",
            "low": "0.287002",
            "close": "0.286335"
        },
        {
            "time": "01.11.2020 16:18",
            "open": "0.286335",
            "high": "0.286335",
            "low": "0.286335",
            "close": "0.286197"
        },
        {
            "time": "01.11.2020 16:29",
            "open": "0.286197",
            "high": "0.286197",
            "low": "0.286197",
            "close": "0.287014"
        },
        {
            "time": "01.11.2020 16:33",
            "open": "0.287014",
            "high": "0.287015",
            "low": "0.287014",
            "close": "0.287025"
        },
        {
            "time": "01.11.2020 16:36",
            "open": "0.287025",
            "high": "0.287025",
            "low": "0.287025",
            "close": "0.287015"
        },
        {
            "time": "01.11.2020 16:38",
            "open": "0.287015",
            "high": "0.287015",
            "low": "0.287015",
            "close": "0.287015"
        },
        {
            "time": "01.11.2020 16:42",
            "open": "0.287015",
            "high": "0.287015",
            "low": "0.287015",
            "close": "0.287015"
        },
        {
            "time": "01.11.2020 16:43",
            "open": "0.287015",
            "high": "0.287015",
            "low": "0.287015",
            "close": "0.287015"
        },
        {
            "time": "01.11.2020 16:45",
            "open": "0.287015",
            "high": "0.287015",
            "low": "0.287015",
            "close": "0.287"
        },
        {
            "time": "01.11.2020 16:49",
            "open": "0.287",
            "high": "0.287",
            "low": "0.287",
            "close": "0.286845"
        },
        {
            "time": "01.11.2020 16:59",
            "open": "0.286845",
            "high": "0.286846",
            "low": "0.286845",
            "close": "0.286001"
        },
        {
            "time": "01.11.2020 17:06",
            "open": "0.286001",
            "high": "0.286001",
            "low": "0.286001",
            "close": "0.286"
        },
        {
            "time": "01.11.2020 17:08",
            "open": "0.286",
            "high": "0.286",
            "low": "0.285748",
            "close": "0.285821"
        },
        {
            "time": "01.11.2020 17:18",
            "open": "0.285821",
            "high": "0.285821",
            "low": "0.285821",
            "close": "0.286028"
        },
        {
            "time": "01.11.2020 17:23",
            "open": "0.286028",
            "high": "0.286028",
            "low": "0.286028",
            "close": "0.285709"
        },
        {
            "time": "01.11.2020 17:40",
            "open": "0.285709",
            "high": "0.28623",
            "low": "0.285709",
            "close": "0.286347"
        },
        {
            "time": "01.11.2020 17:44",
            "open": "0.286347",
            "high": "0.286347",
            "low": "0.285769",
            "close": "0.28631"
        },
        {
            "time": "01.11.2020 17:45",
            "open": "0.28631",
            "high": "0.287015",
            "low": "0.28631",
            "close": "0.28644"
        },
        {
            "time": "01.11.2020 17:46",
            "open": "0.28644",
            "high": "0.28644",
            "low": "0.28644",
            "close": "0.28658"
        },
        {
            "time": "01.11.2020 17:51",
            "open": "0.28658",
            "high": "0.28853",
            "low": "0.28658",
            "close": "0.286406"
        },
        {
            "time": "01.11.2020 17:52",
            "open": "0.286406",
            "high": "0.28688",
            "low": "0.286406",
            "close": "0.28699"
        },
        {
            "time": "01.11.2020 17:57",
            "open": "0.28699",
            "high": "0.28699",
            "low": "0.28675",
            "close": "0.28721"
        },
        {
            "time": "01.11.2020 18:00",
            "open": "0.28721",
            "high": "0.28721",
            "low": "0.28721",
            "close": "0.286866"
        },
        {
            "time": "01.11.2020 18:03",
            "open": "0.286866",
            "high": "0.286866",
            "low": "0.286866",
            "close": "0.286699"
        },
        {
            "time": "01.11.2020 18:06",
            "open": "0.286699",
            "high": "0.286699",
            "low": "0.286698",
            "close": "0.286698"
        },
        {
            "time": "01.11.2020 18:07",
            "open": "0.286698",
            "high": "0.286698",
            "low": "0.286698",
            "close": "0.28721"
        },
        {
            "time": "01.11.2020 18:08",
            "open": "0.28721",
            "high": "0.28721",
            "low": "0.28721",
            "close": "0.286776"
        },
        {
            "time": "01.11.2020 18:10",
            "open": "0.286776",
            "high": "0.286776",
            "low": "0.286776",
            "close": "0.286776"
        },
        {
            "time": "01.11.2020 18:15",
            "open": "0.286776",
            "high": "0.286776",
            "low": "0.286776",
            "close": "0.286776"
        },
        {
            "time": "01.11.2020 18:16",
            "open": "0.286776",
            "high": "0.286776",
            "low": "0.286685",
            "close": "0.286627"
        },
        {
            "time": "01.11.2020 18:18",
            "open": "0.286627",
            "high": "0.286776",
            "low": "0.286627",
            "close": "0.286776"
        },
        {
            "time": "01.11.2020 18:19",
            "open": "0.286776",
            "high": "0.286776",
            "low": "0.286776",
            "close": "0.28685"
        },
        {
            "time": "01.11.2020 18:25",
            "open": "0.28685",
            "high": "0.28685",
            "low": "0.28685",
            "close": "0.28744"
        },
        {
            "time": "01.11.2020 18:31",
            "open": "0.28744",
            "high": "0.28744",
            "low": "0.28744",
            "close": "0.287474"
        },
        {
            "time": "01.11.2020 18:32",
            "open": "0.287474",
            "high": "0.287474",
            "low": "0.287474",
            "close": "0.287499"
        },
        {
            "time": "01.11.2020 18:33",
            "open": "0.287499",
            "high": "0.28759",
            "low": "0.287499",
            "close": "0.28747"
        },
        {
            "time": "01.11.2020 18:35",
            "open": "0.28747",
            "high": "0.28747",
            "low": "0.28747",
            "close": "0.287042"
        },
        {
            "time": "01.11.2020 18:36",
            "open": "0.287042",
            "high": "0.287042",
            "low": "0.287042",
            "close": "0.287859"
        },
        {
            "time": "01.11.2020 18:41",
            "open": "0.287859",
            "high": "0.287859",
            "low": "0.287859",
            "close": "0.287541"
        },
        {
            "time": "01.11.2020 18:50",
            "open": "0.287541",
            "high": "0.287541",
            "low": "0.287541",
            "close": "0.287659"
        },
        {
            "time": "01.11.2020 18:55",
            "open": "0.287659",
            "high": "0.287659",
            "low": "0.287659",
            "close": "0.28761"
        },
        {
            "time": "01.11.2020 19:01",
            "open": "0.28761",
            "high": "0.28761",
            "low": "0.28761",
            "close": "0.28717"
        },
        {
            "time": "01.11.2020 19:10",
            "open": "0.28717",
            "high": "0.28717",
            "low": "0.28717",
            "close": "0.287171"
        },
        {
            "time": "01.11.2020 19:13",
            "open": "0.287171",
            "high": "0.287171",
            "low": "0.287171",
            "close": "0.287171"
        },
        {
            "time": "01.11.2020 19:15",
            "open": "0.287171",
            "high": "0.287171",
            "low": "0.287171",
            "close": "0.286725"
        },
        {
            "time": "01.11.2020 19:22",
            "open": "0.286725",
            "high": "0.28705",
            "low": "0.286725",
            "close": "0.2877"
        },
        {
            "time": "01.11.2020 19:52",
            "open": "0.2877",
            "high": "0.28785",
            "low": "0.2877",
            "close": "0.2877"
        },
        {
            "time": "01.11.2020 19:54",
            "open": "0.2877",
            "high": "0.2877",
            "low": "0.2877",
            "close": "0.287331"
        },
        {
            "time": "01.11.2020 20:02",
            "open": "0.287331",
            "high": "0.287331",
            "low": "0.287331",
            "close": "0.287356"
        },
        {
            "time": "01.11.2020 20:07",
            "open": "0.287356",
            "high": "0.287356",
            "low": "0.287356",
            "close": "0.287357"
        },
        {
            "time": "01.11.2020 20:08",
            "open": "0.287357",
            "high": "0.287402",
            "low": "0.287342",
            "close": "0.28786"
        },
        {
            "time": "01.11.2020 20:19",
            "open": "0.28786",
            "high": "0.28786",
            "low": "0.28786",
            "close": "0.2878"
        },
        {
            "time": "01.11.2020 20:28",
            "open": "0.2878",
            "high": "0.287911",
            "low": "0.2878",
            "close": "0.287911"
        },
        {
            "time": "01.11.2020 20:36",
            "open": "0.287911",
            "high": "0.287911",
            "low": "0.287911",
            "close": "0.288267"
        },
        {
            "time": "01.11.2020 20:49",
            "open": "0.288267",
            "high": "0.288267",
            "low": "0.288267",
            "close": "0.288"
        },
        {
            "time": "01.11.2020 20:51",
            "open": "0.288",
            "high": "0.288173",
            "low": "0.288",
            "close": "0.288"
        },
        {
            "time": "01.11.2020 20:52",
            "open": "0.288",
            "high": "0.288133",
            "low": "0.288",
            "close": "0.287533"
        },
        {
            "time": "01.11.2020 21:02",
            "open": "0.287533",
            "high": "0.287919",
            "low": "0.287533",
            "close": "0.28782"
        },
        {
            "time": "01.11.2020 21:06",
            "open": "0.28782",
            "high": "0.28782",
            "low": "0.28782",
            "close": "0.288123"
        },
        {
            "time": "01.11.2020 21:21",
            "open": "0.288123",
            "high": "0.288123",
            "low": "0.288123",
            "close": "0.288123"
        },
        {
            "time": "01.11.2020 21:22",
            "open": "0.288123",
            "high": "0.288123",
            "low": "0.288123",
            "close": "0.288123"
        },
        {
            "time": "01.11.2020 21:24",
            "open": "0.288123",
            "high": "0.288123",
            "low": "0.288123",
            "close": "0.287957"
        },
        {
            "time": "01.11.2020 21:25",
            "open": "0.287957",
            "high": "0.287957",
            "low": "0.28788",
            "close": "0.287253"
        },
        {
            "time": "01.11.2020 21:37",
            "open": "0.287253",
            "high": "0.28771",
            "low": "0.287253",
            "close": "0.287258"
        },
        {
            "time": "01.11.2020 21:40",
            "open": "0.287258",
            "high": "0.287258",
            "low": "0.287258",
            "close": "0.287297"
        },
        {
            "time": "01.11.2020 21:41",
            "open": "0.287297",
            "high": "0.287297",
            "low": "0.287296",
            "close": "0.288123"
        },
        {
            "time": "01.11.2020 21:45",
            "open": "0.288123",
            "high": "0.289024",
            "low": "0.288123",
            "close": "0.288512"
        },
        {
            "time": "01.11.2020 21:47",
            "open": "0.288512",
            "high": "0.288514",
            "low": "0.288512",
            "close": "0.288885"
        },
        {
            "time": "01.11.2020 21:54",
            "open": "0.288885",
            "high": "0.2891",
            "low": "0.288885",
            "close": "0.28923"
        },
        {
            "time": "01.11.2020 21:58",
            "open": "0.28923",
            "high": "0.28923",
            "low": "0.28923",
            "close": "0.2897"
        },
        {
            "time": "01.11.2020 22:01",
            "open": "0.2897",
            "high": "0.29024",
            "low": "0.2897",
            "close": "0.2907"
        },
        {
            "time": "01.11.2020 22:02",
            "open": "0.2907",
            "high": "0.2907",
            "low": "0.2907",
            "close": "0.291"
        },
        {
            "time": "01.11.2020 22:07",
            "open": "0.291",
            "high": "0.291",
            "low": "0.291",
            "close": "0.291106"
        },
        {
            "time": "01.11.2020 22:10",
            "open": "0.291106",
            "high": "0.291106",
            "low": "0.291106",
            "close": "0.291335"
        },
        {
            "time": "01.11.2020 22:27",
            "open": "0.291335",
            "high": "0.291335",
            "low": "0.29094",
            "close": "0.291343"
        },
        {
            "time": "01.11.2020 22:32",
            "open": "0.291343",
            "high": "0.291343",
            "low": "0.291343",
            "close": "0.291489"
        },
        {
            "time": "01.11.2020 22:36",
            "open": "0.291489",
            "high": "0.291489",
            "low": "0.291489",
            "close": "0.291606"
        },
        {
            "time": "01.11.2020 22:38",
            "open": "0.291606",
            "high": "0.291606",
            "low": "0.291606",
            "close": "0.291356"
        },
        {
            "time": "01.11.2020 22:44",
            "open": "0.291356",
            "high": "0.291356",
            "low": "0.291356",
            "close": "0.291046"
        },
        {
            "time": "01.11.2020 22:49",
            "open": "0.291046",
            "high": "0.291046",
            "low": "0.291046",
            "close": "0.291207"
        },
        {
            "time": "01.11.2020 22:59",
            "open": "0.291207",
            "high": "0.291207",
            "low": "0.291207",
            "close": "0.291655"
        },
        {
            "time": "01.11.2020 23:07",
            "open": "0.291655",
            "high": "0.2917",
            "low": "0.291655",
            "close": "0.291807"
        },
        {
            "time": "01.11.2020 23:10",
            "open": "0.291807",
            "high": "0.291807",
            "low": "0.291807",
            "close": "0.291798"
        },
        {
            "time": "01.11.2020 23:22",
            "open": "0.291798",
            "high": "0.291798",
            "low": "0.291798",
            "close": "0.291807"
        },
        {
            "time": "01.11.2020 23:23",
            "open": "0.291807",
            "high": "0.291807",
            "low": "0.291807",
            "close": "0.291806"
        },
        {
            "time": "01.11.2020 23:24",
            "open": "0.291806",
            "high": "0.291876",
            "low": "0.291806",
            "close": "0.291251"
        },
        {
            "time": "01.11.2020 23:26",
            "open": "0.291251",
            "high": "0.291806",
            "low": "0.291251",
            "close": "0.291365"
        },
        {
            "time": "01.11.2020 23:28",
            "open": "0.291365",
            "high": "0.291365",
            "low": "0.291365",
            "close": "0.291849"
        },
        {
            "time": "01.11.2020 23:32",
            "open": "0.291849",
            "high": "0.291849",
            "low": "0.291849",
            "close": "0.291252"
        },
        {
            "time": "01.11.2020 23:34",
            "open": "0.291252",
            "high": "0.291252",
            "low": "0.291252",
            "close": "0.291719"
        },
        {
            "time": "01.11.2020 23:40",
            "open": "0.291719",
            "high": "0.291719",
            "low": "0.291719",
            "close": "0.290574"
        },
        {
            "time": "01.11.2020 23:46",
            "open": "0.290574",
            "high": "0.290574",
            "low": "0.290435",
            "close": "0.29"
        },
        {
            "time": "01.11.2020 23:47",
            "open": "0.29",
            "high": "0.29",
            "low": "0.289601",
            "close": "0.289439"
        },
        {
            "time": "01.11.2020 23:49",
            "open": "0.289439",
            "high": "0.28944",
            "low": "0.289439",
            "close": "0.289886"
        },
        {
            "time": "01.11.2020 23:52",
            "open": "0.289886",
            "high": "0.289886",
            "low": "0.289886",
            "close": "0.290578"
        }
    ]
}