{
    "ZRX-EUR": [
        {
            "time": "27.11.2020 23:43",
            "open": "0.332575",
            "high": "0.332575",
            "low": "0.332575",
            "close": "0.331468"
        },
        {
            "time": "28.11.2020 00:02",
            "open": "0.331468",
            "high": "0.331468",
            "low": "0.331468",
            "close": "0.333511"
        },
        {
            "time": "28.11.2020 00:05",
            "open": "0.333511",
            "high": "0.333511",
            "low": "0.333511",
            "close": "0.333508"
        },
        {
            "time": "28.11.2020 00:06",
            "open": "0.333508",
            "high": "0.333508",
            "low": "0.333508",
            "close": "0.333505"
        },
        {
            "time": "28.11.2020 00:12",
            "open": "0.333505",
            "high": "0.333505",
            "low": "0.333505",
            "close": "0.333504"
        },
        {
            "time": "28.11.2020 00:13",
            "open": "0.333504",
            "high": "0.333504",
            "low": "0.333504",
            "close": "0.33428"
        },
        {
            "time": "28.11.2020 00:17",
            "open": "0.33428",
            "high": "0.33428",
            "low": "0.33428",
            "close": "0.334577"
        },
        {
            "time": "28.11.2020 00:27",
            "open": "0.334577",
            "high": "0.334577",
            "low": "0.334577",
            "close": "0.335"
        },
        {
            "time": "28.11.2020 00:41",
            "open": "0.335",
            "high": "0.335593",
            "low": "0.335",
            "close": "0.335497"
        },
        {
            "time": "28.11.2020 00:42",
            "open": "0.335497",
            "high": "0.335497",
            "low": "0.335497",
            "close": "0.335481"
        },
        {
            "time": "28.11.2020 00:47",
            "open": "0.335481",
            "high": "0.335481",
            "low": "0.335481",
            "close": "0.335"
        },
        {
            "time": "28.11.2020 00:50",
            "open": "0.335",
            "high": "0.335",
            "low": "0.335",
            "close": "0.334389"
        },
        {
            "time": "28.11.2020 00:52",
            "open": "0.334389",
            "high": "0.334389",
            "low": "0.334389",
            "close": "0.336398"
        },
        {
            "time": "28.11.2020 00:53",
            "open": "0.336398",
            "high": "0.336398",
            "low": "0.336398",
            "close": "0.33693"
        },
        {
            "time": "28.11.2020 01:01",
            "open": "0.33693",
            "high": "0.337607",
            "low": "0.33693",
            "close": "0.338"
        },
        {
            "time": "28.11.2020 01:02",
            "open": "0.338",
            "high": "0.338",
            "low": "0.337856",
            "close": "0.336"
        },
        {
            "time": "28.11.2020 01:04",
            "open": "0.336",
            "high": "0.336",
            "low": "0.336",
            "close": "0.336291"
        },
        {
            "time": "28.11.2020 01:06",
            "open": "0.336291",
            "high": "0.336291",
            "low": "0.335159",
            "close": "0.335099"
        },
        {
            "time": "28.11.2020 01:15",
            "open": "0.335099",
            "high": "0.335099",
            "low": "0.335099",
            "close": "0.335099"
        },
        {
            "time": "28.11.2020 01:16",
            "open": "0.335099",
            "high": "0.335099",
            "low": "0.335099",
            "close": "0.335"
        },
        {
            "time": "28.11.2020 01:20",
            "open": "0.335",
            "high": "0.335",
            "low": "0.335",
            "close": "0.336462"
        },
        {
            "time": "28.11.2020 01:21",
            "open": "0.336462",
            "high": "0.336462",
            "low": "0.336462",
            "close": "0.337195"
        },
        {
            "time": "28.11.2020 01:22",
            "open": "0.337195",
            "high": "0.337322",
            "low": "0.337195",
            "close": "0.337741"
        },
        {
            "time": "28.11.2020 01:25",
            "open": "0.337741",
            "high": "0.337741",
            "low": "0.337741",
            "close": "0.338409"
        },
        {
            "time": "28.11.2020 01:30",
            "open": "0.338409",
            "high": "0.338409",
            "low": "0.338409",
            "close": "0.33779"
        },
        {
            "time": "28.11.2020 01:39",
            "open": "0.33779",
            "high": "0.338863",
            "low": "0.337788",
            "close": "0.338849"
        },
        {
            "time": "28.11.2020 01:40",
            "open": "0.338849",
            "high": "0.338849",
            "low": "0.338849",
            "close": "0.339"
        },
        {
            "time": "28.11.2020 01:41",
            "open": "0.339",
            "high": "0.339136",
            "low": "0.339",
            "close": "0.3399"
        },
        {
            "time": "28.11.2020 01:42",
            "open": "0.3399",
            "high": "0.34",
            "low": "0.339802",
            "close": "0.340909"
        },
        {
            "time": "28.11.2020 01:43",
            "open": "0.340909",
            "high": "0.340909",
            "low": "0.339469",
            "close": "0.338971"
        },
        {
            "time": "28.11.2020 01:46",
            "open": "0.338971",
            "high": "0.338971",
            "low": "0.338971",
            "close": "0.340419"
        },
        {
            "time": "28.11.2020 01:59",
            "open": "0.340419",
            "high": "0.340419",
            "low": "0.340419",
            "close": "0.338832"
        },
        {
            "time": "28.11.2020 02:05",
            "open": "0.338832",
            "high": "0.338832",
            "low": "0.338832",
            "close": "0.338901"
        },
        {
            "time": "28.11.2020 02:06",
            "open": "0.338901",
            "high": "0.338901",
            "low": "0.338901",
            "close": "0.338903"
        },
        {
            "time": "28.11.2020 02:08",
            "open": "0.338903",
            "high": "0.338903",
            "low": "0.338903",
            "close": "0.339537"
        },
        {
            "time": "28.11.2020 02:11",
            "open": "0.339537",
            "high": "0.339537",
            "low": "0.339536",
            "close": "0.339392"
        },
        {
            "time": "28.11.2020 02:13",
            "open": "0.339392",
            "high": "0.339924",
            "low": "0.339392",
            "close": "0.34"
        },
        {
            "time": "28.11.2020 02:14",
            "open": "0.34",
            "high": "0.34",
            "low": "0.34",
            "close": "0.34"
        },
        {
            "time": "28.11.2020 02:15",
            "open": "0.34",
            "high": "0.34",
            "low": "0.34",
            "close": "0.340995"
        },
        {
            "time": "28.11.2020 02:17",
            "open": "0.340995",
            "high": "0.340995",
            "low": "0.340995",
            "close": "0.341"
        },
        {
            "time": "28.11.2020 02:18",
            "open": "0.341",
            "high": "0.341",
            "low": "0.341",
            "close": "0.340897"
        },
        {
            "time": "28.11.2020 02:23",
            "open": "0.340897",
            "high": "0.340897",
            "low": "0.340895",
            "close": "0.340636"
        },
        {
            "time": "28.11.2020 02:25",
            "open": "0.340636",
            "high": "0.340638",
            "low": "0.340612",
            "close": "0.339082"
        },
        {
            "time": "28.11.2020 02:43",
            "open": "0.339082",
            "high": "0.339082",
            "low": "0.339082",
            "close": "0.340582"
        },
        {
            "time": "28.11.2020 02:44",
            "open": "0.340582",
            "high": "0.340582",
            "low": "0.340582",
            "close": "0.340372"
        },
        {
            "time": "28.11.2020 02:50",
            "open": "0.340372",
            "high": "0.340372",
            "low": "0.340372",
            "close": "0.337913"
        },
        {
            "time": "28.11.2020 03:10",
            "open": "0.337913",
            "high": "0.337913",
            "low": "0.337913",
            "close": "0.336683"
        },
        {
            "time": "28.11.2020 03:35",
            "open": "0.336683",
            "high": "0.336683",
            "low": "0.336683",
            "close": "0.335595"
        },
        {
            "time": "28.11.2020 03:40",
            "open": "0.335595",
            "high": "0.335595",
            "low": "0.335594",
            "close": "0.336448"
        },
        {
            "time": "28.11.2020 03:42",
            "open": "0.336448",
            "high": "0.336448",
            "low": "0.336448",
            "close": "0.336712"
        },
        {
            "time": "28.11.2020 03:44",
            "open": "0.336712",
            "high": "0.336712",
            "low": "0.336712",
            "close": "0.3359"
        },
        {
            "time": "28.11.2020 03:58",
            "open": "0.3359",
            "high": "0.3359",
            "low": "0.3359",
            "close": "0.334169"
        },
        {
            "time": "28.11.2020 04:12",
            "open": "0.334169",
            "high": "0.334169",
            "low": "0.334169",
            "close": "0.33482"
        },
        {
            "time": "28.11.2020 04:15",
            "open": "0.33482",
            "high": "0.33482",
            "low": "0.33482",
            "close": "0.336224"
        },
        {
            "time": "28.11.2020 04:31",
            "open": "0.336224",
            "high": "0.336224",
            "low": "0.336224",
            "close": "0.334764"
        },
        {
            "time": "28.11.2020 04:48",
            "open": "0.334764",
            "high": "0.334764",
            "low": "0.334764",
            "close": "0.332486"
        },
        {
            "time": "28.11.2020 05:22",
            "open": "0.332486",
            "high": "0.332486",
            "low": "0.332486",
            "close": "0.331645"
        },
        {
            "time": "28.11.2020 05:25",
            "open": "0.331645",
            "high": "0.331645",
            "low": "0.331645",
            "close": "0.332843"
        },
        {
            "time": "28.11.2020 05:26",
            "open": "0.332843",
            "high": "0.333251",
            "low": "0.332843",
            "close": "0.333304"
        },
        {
            "time": "28.11.2020 05:27",
            "open": "0.333304",
            "high": "0.333304",
            "low": "0.333304",
            "close": "0.331334"
        },
        {
            "time": "28.11.2020 05:44",
            "open": "0.331334",
            "high": "0.331334",
            "low": "0.3306",
            "close": "0.331084"
        },
        {
            "time": "28.11.2020 05:45",
            "open": "0.331084",
            "high": "0.331084",
            "low": "0.331084",
            "close": "0.332182"
        },
        {
            "time": "28.11.2020 05:46",
            "open": "0.332182",
            "high": "0.332182",
            "low": "0.332182",
            "close": "0.333188"
        },
        {
            "time": "28.11.2020 05:54",
            "open": "0.333188",
            "high": "0.333188",
            "low": "0.333188",
            "close": "0.332272"
        },
        {
            "time": "28.11.2020 05:55",
            "open": "0.332272",
            "high": "0.332272",
            "low": "0.332272",
            "close": "0.3323"
        },
        {
            "time": "28.11.2020 05:59",
            "open": "0.3323",
            "high": "0.3323",
            "low": "0.3323",
            "close": "0.3323"
        },
        {
            "time": "28.11.2020 06:12",
            "open": "0.3323",
            "high": "0.3323",
            "low": "0.3323",
            "close": "0.332199"
        },
        {
            "time": "28.11.2020 06:15",
            "open": "0.332199",
            "high": "0.332199",
            "low": "0.332199",
            "close": "0.332463"
        },
        {
            "time": "28.11.2020 06:23",
            "open": "0.332463",
            "high": "0.332463",
            "low": "0.332463",
            "close": "0.332379"
        },
        {
            "time": "28.11.2020 06:27",
            "open": "0.332379",
            "high": "0.332379",
            "low": "0.332379",
            "close": "0.331169"
        },
        {
            "time": "28.11.2020 06:29",
            "open": "0.331169",
            "high": "0.331169",
            "low": "0.331169",
            "close": "0.333005"
        },
        {
            "time": "28.11.2020 06:46",
            "open": "0.333005",
            "high": "0.333156",
            "low": "0.333005",
            "close": "0.331561"
        },
        {
            "time": "28.11.2020 06:51",
            "open": "0.331561",
            "high": "0.331561",
            "low": "0.331561",
            "close": "0.332715"
        },
        {
            "time": "28.11.2020 06:54",
            "open": "0.332715",
            "high": "0.332715",
            "low": "0.332715",
            "close": "0.33281"
        },
        {
            "time": "28.11.2020 06:56",
            "open": "0.33281",
            "high": "0.33281",
            "low": "0.33281",
            "close": "0.333017"
        },
        {
            "time": "28.11.2020 07:09",
            "open": "0.333017",
            "high": "0.333017",
            "low": "0.333017",
            "close": "0.334"
        },
        {
            "time": "28.11.2020 07:18",
            "open": "0.334",
            "high": "0.334",
            "low": "0.334",
            "close": "0.333849"
        },
        {
            "time": "28.11.2020 07:21",
            "open": "0.333849",
            "high": "0.333849",
            "low": "0.333849",
            "close": "0.333849"
        },
        {
            "time": "28.11.2020 07:30",
            "open": "0.333849",
            "high": "0.333849",
            "low": "0.333849",
            "close": "0.332976"
        },
        {
            "time": "28.11.2020 07:42",
            "open": "0.332976",
            "high": "0.332976",
            "low": "0.332976",
            "close": "0.332571"
        },
        {
            "time": "28.11.2020 07:44",
            "open": "0.332571",
            "high": "0.332571",
            "low": "0.332571",
            "close": "0.332489"
        },
        {
            "time": "28.11.2020 07:54",
            "open": "0.332489",
            "high": "0.332489",
            "low": "0.332489",
            "close": "0.333847"
        },
        {
            "time": "28.11.2020 07:55",
            "open": "0.333847",
            "high": "0.333847",
            "low": "0.333847",
            "close": "0.333572"
        },
        {
            "time": "28.11.2020 08:00",
            "open": "0.333572",
            "high": "0.333572",
            "low": "0.333572",
            "close": "0.333847"
        },
        {
            "time": "28.11.2020 08:03",
            "open": "0.333847",
            "high": "0.333847",
            "low": "0.333847",
            "close": "0.333847"
        },
        {
            "time": "28.11.2020 08:05",
            "open": "0.333847",
            "high": "0.333849",
            "low": "0.333847",
            "close": "0.333847"
        },
        {
            "time": "28.11.2020 08:06",
            "open": "0.333847",
            "high": "0.334",
            "low": "0.333717",
            "close": "0.333852"
        },
        {
            "time": "28.11.2020 08:07",
            "open": "0.333852",
            "high": "0.333981",
            "low": "0.333741",
            "close": "0.33396"
        },
        {
            "time": "28.11.2020 08:08",
            "open": "0.33396",
            "high": "0.334353",
            "low": "0.33396",
            "close": "0.333138"
        },
        {
            "time": "28.11.2020 08:11",
            "open": "0.333138",
            "high": "0.333138",
            "low": "0.333138",
            "close": "0.333787"
        },
        {
            "time": "28.11.2020 08:12",
            "open": "0.333787",
            "high": "0.333973",
            "low": "0.333787",
            "close": "0.334345"
        },
        {
            "time": "28.11.2020 08:13",
            "open": "0.334345",
            "high": "0.334345",
            "low": "0.334345",
            "close": "0.333689"
        },
        {
            "time": "28.11.2020 08:20",
            "open": "0.333689",
            "high": "0.333689",
            "low": "0.333689",
            "close": "0.334595"
        },
        {
            "time": "28.11.2020 08:21",
            "open": "0.334595",
            "high": "0.334595",
            "low": "0.334595",
            "close": "0.334697"
        },
        {
            "time": "28.11.2020 08:24",
            "open": "0.334697",
            "high": "0.335003",
            "low": "0.334697",
            "close": "0.335859"
        },
        {
            "time": "28.11.2020 08:26",
            "open": "0.335859",
            "high": "0.335859",
            "low": "0.335859",
            "close": "0.334575"
        },
        {
            "time": "28.11.2020 08:27",
            "open": "0.334575",
            "high": "0.334808",
            "low": "0.334575",
            "close": "0.333942"
        },
        {
            "time": "28.11.2020 08:36",
            "open": "0.333942",
            "high": "0.333996",
            "low": "0.333942",
            "close": "0.333694"
        },
        {
            "time": "28.11.2020 08:39",
            "open": "0.333694",
            "high": "0.333694",
            "low": "0.333694",
            "close": "0.333433"
        },
        {
            "time": "28.11.2020 08:40",
            "open": "0.333433",
            "high": "0.333433",
            "low": "0.333433",
            "close": "0.33249"
        },
        {
            "time": "28.11.2020 08:43",
            "open": "0.33249",
            "high": "0.33249",
            "low": "0.33249",
            "close": "0.333453"
        },
        {
            "time": "28.11.2020 08:44",
            "open": "0.333453",
            "high": "0.333453",
            "low": "0.333453",
            "close": "0.334075"
        },
        {
            "time": "28.11.2020 08:47",
            "open": "0.334075",
            "high": "0.334079",
            "low": "0.334075",
            "close": "0.333272"
        },
        {
            "time": "28.11.2020 09:06",
            "open": "0.333272",
            "high": "0.333272",
            "low": "0.333272",
            "close": "0.333355"
        },
        {
            "time": "28.11.2020 09:08",
            "open": "0.333355",
            "high": "0.333355",
            "low": "0.332497",
            "close": "0.333236"
        },
        {
            "time": "28.11.2020 09:11",
            "open": "0.333236",
            "high": "0.333236",
            "low": "0.333236",
            "close": "0.330458"
        },
        {
            "time": "28.11.2020 09:16",
            "open": "0.330458",
            "high": "0.330458",
            "low": "0.330455",
            "close": "0.330904"
        },
        {
            "time": "28.11.2020 09:23",
            "open": "0.330904",
            "high": "0.330904",
            "low": "0.330904",
            "close": "0.330856"
        },
        {
            "time": "28.11.2020 09:28",
            "open": "0.330856",
            "high": "0.330856",
            "low": "0.330856",
            "close": "0.33"
        },
        {
            "time": "28.11.2020 09:33",
            "open": "0.33",
            "high": "0.33",
            "low": "0.33",
            "close": "0.330491"
        },
        {
            "time": "28.11.2020 09:36",
            "open": "0.330491",
            "high": "0.330491",
            "low": "0.330491",
            "close": "0.330491"
        },
        {
            "time": "28.11.2020 09:37",
            "open": "0.330491",
            "high": "0.330491",
            "low": "0.330491",
            "close": "0.33095"
        },
        {
            "time": "28.11.2020 09:45",
            "open": "0.33095",
            "high": "0.331226",
            "low": "0.33095",
            "close": "0.33"
        },
        {
            "time": "28.11.2020 09:46",
            "open": "0.33",
            "high": "0.33",
            "low": "0.33",
            "close": "0.33056"
        },
        {
            "time": "28.11.2020 09:55",
            "open": "0.33056",
            "high": "0.33056",
            "low": "0.33056",
            "close": "0.329175"
        },
        {
            "time": "28.11.2020 09:56",
            "open": "0.329175",
            "high": "0.329175",
            "low": "0.329175",
            "close": "0.329174"
        },
        {
            "time": "28.11.2020 09:57",
            "open": "0.329174",
            "high": "0.329174",
            "low": "0.329174",
            "close": "0.329873"
        },
        {
            "time": "28.11.2020 10:05",
            "open": "0.329873",
            "high": "0.329873",
            "low": "0.32885",
            "close": "0.329945"
        },
        {
            "time": "28.11.2020 10:09",
            "open": "0.329945",
            "high": "0.329947",
            "low": "0.328794",
            "close": "0.329046"
        },
        {
            "time": "28.11.2020 10:16",
            "open": "0.329046",
            "high": "0.329046",
            "low": "0.329046",
            "close": "0.330203"
        },
        {
            "time": "28.11.2020 10:30",
            "open": "0.330203",
            "high": "0.330779",
            "low": "0.330203",
            "close": "0.330582"
        },
        {
            "time": "28.11.2020 10:32",
            "open": "0.330582",
            "high": "0.330582",
            "low": "0.329942",
            "close": "0.33054"
        },
        {
            "time": "28.11.2020 10:35",
            "open": "0.33054",
            "high": "0.33054",
            "low": "0.33054",
            "close": "0.32944"
        },
        {
            "time": "28.11.2020 10:40",
            "open": "0.32944",
            "high": "0.32944",
            "low": "0.32944",
            "close": "0.330232"
        },
        {
            "time": "28.11.2020 10:41",
            "open": "0.330232",
            "high": "0.330352",
            "low": "0.330232",
            "close": "0.330577"
        },
        {
            "time": "28.11.2020 10:48",
            "open": "0.330577",
            "high": "0.330577",
            "low": "0.330577",
            "close": "0.329484"
        },
        {
            "time": "28.11.2020 10:54",
            "open": "0.329484",
            "high": "0.329484",
            "low": "0.329484",
            "close": "0.330415"
        },
        {
            "time": "28.11.2020 10:56",
            "open": "0.330415",
            "high": "0.330415",
            "low": "0.330415",
            "close": "0.329763"
        },
        {
            "time": "28.11.2020 10:57",
            "open": "0.329763",
            "high": "0.329763",
            "low": "0.329763",
            "close": "0.331745"
        },
        {
            "time": "28.11.2020 11:12",
            "open": "0.331745",
            "high": "0.331745",
            "low": "0.331745",
            "close": "0.330385"
        },
        {
            "time": "28.11.2020 11:14",
            "open": "0.330385",
            "high": "0.330385",
            "low": "0.330385",
            "close": "0.331746"
        },
        {
            "time": "28.11.2020 11:15",
            "open": "0.331746",
            "high": "0.331746",
            "low": "0.331746",
            "close": "0.332586"
        },
        {
            "time": "28.11.2020 11:17",
            "open": "0.332586",
            "high": "0.332586",
            "low": "0.332586",
            "close": "0.332585"
        },
        {
            "time": "28.11.2020 11:19",
            "open": "0.332585",
            "high": "0.332585",
            "low": "0.332585",
            "close": "0.333108"
        },
        {
            "time": "28.11.2020 11:26",
            "open": "0.333108",
            "high": "0.333108",
            "low": "0.333108",
            "close": "0.333087"
        },
        {
            "time": "28.11.2020 11:27",
            "open": "0.333087",
            "high": "0.333087",
            "low": "0.333083",
            "close": "0.333435"
        },
        {
            "time": "28.11.2020 11:28",
            "open": "0.333435",
            "high": "0.333435",
            "low": "0.333435",
            "close": "0.333595"
        },
        {
            "time": "28.11.2020 11:29",
            "open": "0.333595",
            "high": "0.333595",
            "low": "0.333595",
            "close": "0.332315"
        },
        {
            "time": "28.11.2020 11:30",
            "open": "0.332315",
            "high": "0.332857",
            "low": "0.332315",
            "close": "0.332696"
        },
        {
            "time": "28.11.2020 11:31",
            "open": "0.332696",
            "high": "0.332696",
            "low": "0.332696",
            "close": "0.331561"
        },
        {
            "time": "28.11.2020 11:33",
            "open": "0.331561",
            "high": "0.331561",
            "low": "0.331559",
            "close": "0.332321"
        },
        {
            "time": "28.11.2020 11:37",
            "open": "0.332321",
            "high": "0.332321",
            "low": "0.332321",
            "close": "0.335196"
        },
        {
            "time": "28.11.2020 11:48",
            "open": "0.335196",
            "high": "0.335196",
            "low": "0.335099",
            "close": "0.334584"
        },
        {
            "time": "28.11.2020 11:51",
            "open": "0.334584",
            "high": "0.334584",
            "low": "0.334584",
            "close": "0.334584"
        },
        {
            "time": "28.11.2020 11:56",
            "open": "0.334584",
            "high": "0.334584",
            "low": "0.334584",
            "close": "0.334961"
        },
        {
            "time": "28.11.2020 11:57",
            "open": "0.334961",
            "high": "0.334961",
            "low": "0.333891",
            "close": "0.335041"
        },
        {
            "time": "28.11.2020 12:03",
            "open": "0.335041",
            "high": "0.335041",
            "low": "0.33418",
            "close": "0.335041"
        },
        {
            "time": "28.11.2020 12:04",
            "open": "0.335041",
            "high": "0.335041",
            "low": "0.335041",
            "close": "0.333891"
        },
        {
            "time": "28.11.2020 12:05",
            "open": "0.333891",
            "high": "0.333891",
            "low": "0.333891",
            "close": "0.333006"
        },
        {
            "time": "28.11.2020 12:09",
            "open": "0.333006",
            "high": "0.333006",
            "low": "0.333006",
            "close": "0.333793"
        },
        {
            "time": "28.11.2020 12:11",
            "open": "0.333793",
            "high": "0.333793",
            "low": "0.333793",
            "close": "0.333006"
        },
        {
            "time": "28.11.2020 12:12",
            "open": "0.333006",
            "high": "0.333006",
            "low": "0.333006",
            "close": "0.332012"
        },
        {
            "time": "28.11.2020 12:16",
            "open": "0.332012",
            "high": "0.33301",
            "low": "0.332012",
            "close": "0.332264"
        },
        {
            "time": "28.11.2020 12:19",
            "open": "0.332264",
            "high": "0.332357",
            "low": "0.332264",
            "close": "0.333303"
        },
        {
            "time": "28.11.2020 12:20",
            "open": "0.333303",
            "high": "0.333303",
            "low": "0.333303",
            "close": "0.333877"
        },
        {
            "time": "28.11.2020 12:24",
            "open": "0.333877",
            "high": "0.333877",
            "low": "0.333877",
            "close": "0.333642"
        },
        {
            "time": "28.11.2020 12:26",
            "open": "0.333642",
            "high": "0.333642",
            "low": "0.333642",
            "close": "0.333659"
        },
        {
            "time": "28.11.2020 12:27",
            "open": "0.333659",
            "high": "0.333659",
            "low": "0.333659",
            "close": "0.334259"
        },
        {
            "time": "28.11.2020 12:31",
            "open": "0.334259",
            "high": "0.334259",
            "low": "0.334259",
            "close": "0.33598"
        },
        {
            "time": "28.11.2020 12:36",
            "open": "0.33598",
            "high": "0.335985",
            "low": "0.33598",
            "close": "0.335157"
        },
        {
            "time": "28.11.2020 12:39",
            "open": "0.335157",
            "high": "0.335157",
            "low": "0.335157",
            "close": "0.335644"
        },
        {
            "time": "28.11.2020 12:40",
            "open": "0.335644",
            "high": "0.335644",
            "low": "0.335644",
            "close": "0.336037"
        },
        {
            "time": "28.11.2020 12:43",
            "open": "0.336037",
            "high": "0.336037",
            "low": "0.336037",
            "close": "0.335551"
        },
        {
            "time": "28.11.2020 12:44",
            "open": "0.335551",
            "high": "0.335593",
            "low": "0.335551",
            "close": "0.335659"
        },
        {
            "time": "28.11.2020 12:45",
            "open": "0.335659",
            "high": "0.335659",
            "low": "0.335628",
            "close": "0.336733"
        },
        {
            "time": "28.11.2020 12:46",
            "open": "0.336733",
            "high": "0.336733",
            "low": "0.336733",
            "close": "0.336102"
        },
        {
            "time": "28.11.2020 12:49",
            "open": "0.336102",
            "high": "0.336102",
            "low": "0.336102",
            "close": "0.336423"
        },
        {
            "time": "28.11.2020 12:51",
            "open": "0.336423",
            "high": "0.336423",
            "low": "0.336423",
            "close": "0.336122"
        },
        {
            "time": "28.11.2020 12:57",
            "open": "0.336122",
            "high": "0.336122",
            "low": "0.336122",
            "close": "0.335653"
        },
        {
            "time": "28.11.2020 12:58",
            "open": "0.335653",
            "high": "0.336542",
            "low": "0.335653",
            "close": "0.335905"
        },
        {
            "time": "28.11.2020 13:00",
            "open": "0.335905",
            "high": "0.338015",
            "low": "0.335905",
            "close": "0.336637"
        },
        {
            "time": "28.11.2020 13:01",
            "open": "0.336637",
            "high": "0.336637",
            "low": "0.336637",
            "close": "0.336633"
        },
        {
            "time": "28.11.2020 13:03",
            "open": "0.336633",
            "high": "0.336633",
            "low": "0.336633",
            "close": "0.336027"
        },
        {
            "time": "28.11.2020 13:04",
            "open": "0.336027",
            "high": "0.336862",
            "low": "0.336027",
            "close": "0.337129"
        },
        {
            "time": "28.11.2020 13:05",
            "open": "0.337129",
            "high": "0.337129",
            "low": "0.337129",
            "close": "0.338489"
        },
        {
            "time": "28.11.2020 13:09",
            "open": "0.338489",
            "high": "0.338576",
            "low": "0.338489",
            "close": "0.338823"
        },
        {
            "time": "28.11.2020 13:10",
            "open": "0.338823",
            "high": "0.339999",
            "low": "0.338782",
            "close": "0.339266"
        },
        {
            "time": "28.11.2020 13:13",
            "open": "0.339266",
            "high": "0.339266",
            "low": "0.339266",
            "close": "0.337794"
        },
        {
            "time": "28.11.2020 13:15",
            "open": "0.337794",
            "high": "0.337794",
            "low": "0.337794",
            "close": "0.338825"
        },
        {
            "time": "28.11.2020 13:23",
            "open": "0.338825",
            "high": "0.338825",
            "low": "0.338825",
            "close": "0.338825"
        },
        {
            "time": "28.11.2020 13:25",
            "open": "0.338825",
            "high": "0.338825",
            "low": "0.338825",
            "close": "0.33992"
        },
        {
            "time": "28.11.2020 13:26",
            "open": "0.33992",
            "high": "0.33992",
            "low": "0.338716",
            "close": "0.338716"
        },
        {
            "time": "28.11.2020 13:35",
            "open": "0.338716",
            "high": "0.338716",
            "low": "0.338716",
            "close": "0.338379"
        },
        {
            "time": "28.11.2020 13:37",
            "open": "0.338379",
            "high": "0.338379",
            "low": "0.338379",
            "close": "0.338576"
        },
        {
            "time": "28.11.2020 13:43",
            "open": "0.338576",
            "high": "0.338576",
            "low": "0.338576",
            "close": "0.338373"
        },
        {
            "time": "28.11.2020 13:55",
            "open": "0.338373",
            "high": "0.338373",
            "low": "0.338373",
            "close": "0.339061"
        },
        {
            "time": "28.11.2020 14:03",
            "open": "0.339061",
            "high": "0.339061",
            "low": "0.338184",
            "close": "0.339277"
        },
        {
            "time": "28.11.2020 14:04",
            "open": "0.339277",
            "high": "0.339277",
            "low": "0.3388",
            "close": "0.3384"
        },
        {
            "time": "28.11.2020 14:10",
            "open": "0.3384",
            "high": "0.3384",
            "low": "0.338182",
            "close": "0.338187"
        },
        {
            "time": "28.11.2020 14:11",
            "open": "0.338187",
            "high": "0.338187",
            "low": "0.338187",
            "close": "0.34"
        },
        {
            "time": "28.11.2020 14:17",
            "open": "0.34",
            "high": "0.342",
            "low": "0.34",
            "close": "0.342443"
        },
        {
            "time": "28.11.2020 14:18",
            "open": "0.342443",
            "high": "0.343",
            "low": "0.342423",
            "close": "0.3435"
        },
        {
            "time": "28.11.2020 14:19",
            "open": "0.3435",
            "high": "0.3435",
            "low": "0.343424",
            "close": "0.3435"
        },
        {
            "time": "28.11.2020 14:20",
            "open": "0.3435",
            "high": "0.3435",
            "low": "0.341752",
            "close": "0.343"
        },
        {
            "time": "28.11.2020 14:21",
            "open": "0.343",
            "high": "0.343",
            "low": "0.34298",
            "close": "0.342966"
        },
        {
            "time": "28.11.2020 14:22",
            "open": "0.342966",
            "high": "0.342966",
            "low": "0.342964",
            "close": "0.343"
        },
        {
            "time": "28.11.2020 14:23",
            "open": "0.343",
            "high": "0.343",
            "low": "0.343",
            "close": "0.343"
        },
        {
            "time": "28.11.2020 14:24",
            "open": "0.343",
            "high": "0.3435",
            "low": "0.343",
            "close": "0.343472"
        },
        {
            "time": "28.11.2020 14:25",
            "open": "0.343472",
            "high": "0.345",
            "low": "0.343134",
            "close": "0.3453"
        },
        {
            "time": "28.11.2020 14:26",
            "open": "0.3453",
            "high": "0.348561",
            "low": "0.3453",
            "close": "0.348293"
        },
        {
            "time": "28.11.2020 14:27",
            "open": "0.348293",
            "high": "0.349163",
            "low": "0.348293",
            "close": "0.349152"
        },
        {
            "time": "28.11.2020 14:28",
            "open": "0.349152",
            "high": "0.349152",
            "low": "0.347376",
            "close": "0.34687"
        },
        {
            "time": "28.11.2020 14:29",
            "open": "0.34687",
            "high": "0.347",
            "low": "0.345908",
            "close": "0.348082"
        },
        {
            "time": "28.11.2020 14:30",
            "open": "0.348082",
            "high": "0.348082",
            "low": "0.348082",
            "close": "0.349264"
        },
        {
            "time": "28.11.2020 14:31",
            "open": "0.349264",
            "high": "0.349264",
            "low": "0.349264",
            "close": "0.347706"
        },
        {
            "time": "28.11.2020 14:32",
            "open": "0.347706",
            "high": "0.347706",
            "low": "0.347706",
            "close": "0.347081"
        },
        {
            "time": "28.11.2020 14:34",
            "open": "0.347081",
            "high": "0.347081",
            "low": "0.3465",
            "close": "0.346939"
        },
        {
            "time": "28.11.2020 14:37",
            "open": "0.346939",
            "high": "0.346939",
            "low": "0.346939",
            "close": "0.34782"
        },
        {
            "time": "28.11.2020 14:38",
            "open": "0.34782",
            "high": "0.34782",
            "low": "0.34782",
            "close": "0.348848"
        },
        {
            "time": "28.11.2020 14:39",
            "open": "0.348848",
            "high": "0.348848",
            "low": "0.348848",
            "close": "0.347815"
        },
        {
            "time": "28.11.2020 14:40",
            "open": "0.347815",
            "high": "0.348388",
            "low": "0.347815",
            "close": "0.346586"
        },
        {
            "time": "28.11.2020 14:41",
            "open": "0.346586",
            "high": "0.346586",
            "low": "0.346586",
            "close": "0.346914"
        },
        {
            "time": "28.11.2020 14:42",
            "open": "0.346914",
            "high": "0.346914",
            "low": "0.346913",
            "close": "0.34774"
        },
        {
            "time": "28.11.2020 14:43",
            "open": "0.34774",
            "high": "0.34774",
            "low": "0.34774",
            "close": "0.347398"
        },
        {
            "time": "28.11.2020 14:44",
            "open": "0.347398",
            "high": "0.347398",
            "low": "0.347398",
            "close": "0.34635"
        },
        {
            "time": "28.11.2020 14:45",
            "open": "0.34635",
            "high": "0.34635",
            "low": "0.34635",
            "close": "0.346742"
        },
        {
            "time": "28.11.2020 14:46",
            "open": "0.346742",
            "high": "0.346742",
            "low": "0.346742",
            "close": "0.347333"
        },
        {
            "time": "28.11.2020 14:49",
            "open": "0.347333",
            "high": "0.347333",
            "low": "0.347307",
            "close": "0.34804"
        },
        {
            "time": "28.11.2020 14:51",
            "open": "0.34804",
            "high": "0.348041",
            "low": "0.34804",
            "close": "0.348041"
        },
        {
            "time": "28.11.2020 14:54",
            "open": "0.348041",
            "high": "0.348041",
            "low": "0.348041",
            "close": "0.347162"
        },
        {
            "time": "28.11.2020 14:55",
            "open": "0.347162",
            "high": "0.347162",
            "low": "0.347162",
            "close": "0.346754"
        },
        {
            "time": "28.11.2020 14:56",
            "open": "0.346754",
            "high": "0.346754",
            "low": "0.346754",
            "close": "0.347998"
        },
        {
            "time": "28.11.2020 14:58",
            "open": "0.347998",
            "high": "0.347998",
            "low": "0.347998",
            "close": "0.347953"
        },
        {
            "time": "28.11.2020 15:00",
            "open": "0.347953",
            "high": "0.347953",
            "low": "0.346666",
            "close": "0.345577"
        },
        {
            "time": "28.11.2020 15:01",
            "open": "0.345577",
            "high": "0.345577",
            "low": "0.344396",
            "close": "0.344502"
        },
        {
            "time": "28.11.2020 15:02",
            "open": "0.344502",
            "high": "0.345771",
            "low": "0.344398",
            "close": "0.347828"
        },
        {
            "time": "28.11.2020 15:03",
            "open": "0.347828",
            "high": "0.347828",
            "low": "0.347828",
            "close": "0.347645"
        },
        {
            "time": "28.11.2020 15:05",
            "open": "0.347645",
            "high": "0.347645",
            "low": "0.343331",
            "close": "0.347354"
        },
        {
            "time": "28.11.2020 15:06",
            "open": "0.347354",
            "high": "0.347354",
            "low": "0.347275",
            "close": "0.347824"
        },
        {
            "time": "28.11.2020 15:07",
            "open": "0.347824",
            "high": "0.347824",
            "low": "0.346716",
            "close": "0.347361"
        },
        {
            "time": "28.11.2020 15:09",
            "open": "0.347361",
            "high": "0.347586",
            "low": "0.347361",
            "close": "0.347078"
        },
        {
            "time": "28.11.2020 15:10",
            "open": "0.347078",
            "high": "0.347078",
            "low": "0.346588",
            "close": "0.347213"
        },
        {
            "time": "28.11.2020 15:11",
            "open": "0.347213",
            "high": "0.347213",
            "low": "0.347213",
            "close": "0.347212"
        },
        {
            "time": "28.11.2020 15:12",
            "open": "0.347212",
            "high": "0.347212",
            "low": "0.347212",
            "close": "0.347469"
        },
        {
            "time": "28.11.2020 15:13",
            "open": "0.347469",
            "high": "0.347469",
            "low": "0.347469",
            "close": "0.347826"
        },
        {
            "time": "28.11.2020 15:14",
            "open": "0.347826",
            "high": "0.347826",
            "low": "0.347826",
            "close": "0.347563"
        },
        {
            "time": "28.11.2020 15:15",
            "open": "0.347563",
            "high": "0.347564",
            "low": "0.347563",
            "close": "0.347709"
        },
        {
            "time": "28.11.2020 15:17",
            "open": "0.347709",
            "high": "0.347709",
            "low": "0.347593",
            "close": "0.347548"
        },
        {
            "time": "28.11.2020 15:18",
            "open": "0.347548",
            "high": "0.347548",
            "low": "0.347548",
            "close": "0.3483"
        },
        {
            "time": "28.11.2020 15:19",
            "open": "0.3483",
            "high": "0.3483",
            "low": "0.3483",
            "close": "0.349082"
        },
        {
            "time": "28.11.2020 15:20",
            "open": "0.349082",
            "high": "0.34916",
            "low": "0.347937",
            "close": "0.348986"
        },
        {
            "time": "28.11.2020 15:21",
            "open": "0.348986",
            "high": "0.348986",
            "low": "0.348986",
            "close": "0.349212"
        },
        {
            "time": "28.11.2020 15:22",
            "open": "0.349212",
            "high": "0.349212",
            "low": "0.348647",
            "close": "0.349452"
        },
        {
            "time": "28.11.2020 15:23",
            "open": "0.349452",
            "high": "0.349452",
            "low": "0.34945",
            "close": "0.348999"
        },
        {
            "time": "28.11.2020 15:28",
            "open": "0.348999",
            "high": "0.348999",
            "low": "0.348999",
            "close": "0.348999"
        },
        {
            "time": "28.11.2020 15:29",
            "open": "0.348999",
            "high": "0.349451",
            "low": "0.348999",
            "close": "0.348627"
        },
        {
            "time": "28.11.2020 15:30",
            "open": "0.348627",
            "high": "0.348627",
            "low": "0.348625",
            "close": "0.34804"
        },
        {
            "time": "28.11.2020 15:31",
            "open": "0.34804",
            "high": "0.34804",
            "low": "0.34804",
            "close": "0.348625"
        },
        {
            "time": "28.11.2020 15:32",
            "open": "0.348625",
            "high": "0.348625",
            "low": "0.348625",
            "close": "0.348545"
        },
        {
            "time": "28.11.2020 15:33",
            "open": "0.348545",
            "high": "0.348545",
            "low": "0.348545",
            "close": "0.348837"
        },
        {
            "time": "28.11.2020 15:34",
            "open": "0.348837",
            "high": "0.348837",
            "low": "0.348837",
            "close": "0.349013"
        },
        {
            "time": "28.11.2020 15:35",
            "open": "0.349013",
            "high": "0.349013",
            "low": "0.347296",
            "close": "0.348338"
        },
        {
            "time": "28.11.2020 15:36",
            "open": "0.348338",
            "high": "0.34877",
            "low": "0.348174",
            "close": "0.347681"
        },
        {
            "time": "28.11.2020 15:37",
            "open": "0.347681",
            "high": "0.347681",
            "low": "0.347681",
            "close": "0.348619"
        },
        {
            "time": "28.11.2020 15:39",
            "open": "0.348619",
            "high": "0.348619",
            "low": "0.347683",
            "close": "0.348775"
        },
        {
            "time": "28.11.2020 15:41",
            "open": "0.348775",
            "high": "0.348775",
            "low": "0.348774",
            "close": "0.348774"
        },
        {
            "time": "28.11.2020 15:44",
            "open": "0.348774",
            "high": "0.348774",
            "low": "0.348668",
            "close": "0.348775"
        },
        {
            "time": "28.11.2020 15:46",
            "open": "0.348775",
            "high": "0.348775",
            "low": "0.348596",
            "close": "0.349399"
        },
        {
            "time": "28.11.2020 15:47",
            "open": "0.349399",
            "high": "0.349399",
            "low": "0.348567",
            "close": "0.348671"
        },
        {
            "time": "28.11.2020 15:49",
            "open": "0.348671",
            "high": "0.349396",
            "low": "0.347976",
            "close": "0.347259"
        },
        {
            "time": "28.11.2020 15:51",
            "open": "0.347259",
            "high": "0.347259",
            "low": "0.347259",
            "close": "0.347259"
        },
        {
            "time": "28.11.2020 15:54",
            "open": "0.347259",
            "high": "0.347259",
            "low": "0.347259",
            "close": "0.347247"
        },
        {
            "time": "28.11.2020 15:55",
            "open": "0.347247",
            "high": "0.348879",
            "low": "0.347247",
            "close": "0.348878"
        },
        {
            "time": "28.11.2020 15:57",
            "open": "0.348878",
            "high": "0.349128",
            "low": "0.348878",
            "close": "0.349127"
        },
        {
            "time": "28.11.2020 15:58",
            "open": "0.349127",
            "high": "0.349127",
            "low": "0.349127",
            "close": "0.349126"
        },
        {
            "time": "28.11.2020 15:59",
            "open": "0.349126",
            "high": "0.349598",
            "low": "0.349126",
            "close": "0.349597"
        },
        {
            "time": "28.11.2020 16:00",
            "open": "0.349597",
            "high": "0.35",
            "low": "0.349597",
            "close": "0.349999"
        },
        {
            "time": "28.11.2020 16:01",
            "open": "0.349999",
            "high": "0.35",
            "low": "0.349999",
            "close": "0.350228"
        },
        {
            "time": "28.11.2020 16:02",
            "open": "0.350228",
            "high": "0.350228",
            "low": "0.35",
            "close": "0.350229"
        },
        {
            "time": "28.11.2020 16:03",
            "open": "0.350229",
            "high": "0.351082",
            "low": "0.350229",
            "close": "0.350524"
        },
        {
            "time": "28.11.2020 16:04",
            "open": "0.350524",
            "high": "0.350525",
            "low": "0.350379",
            "close": "0.351246"
        },
        {
            "time": "28.11.2020 16:07",
            "open": "0.351246",
            "high": "0.351914",
            "low": "0.351246",
            "close": "0.351199"
        },
        {
            "time": "28.11.2020 16:09",
            "open": "0.351199",
            "high": "0.351199",
            "low": "0.350019",
            "close": "0.34992"
        },
        {
            "time": "28.11.2020 16:10",
            "open": "0.34992",
            "high": "0.351213",
            "low": "0.34992",
            "close": "0.351204"
        },
        {
            "time": "28.11.2020 16:11",
            "open": "0.351204",
            "high": "0.351213",
            "low": "0.349953",
            "close": "0.351213"
        },
        {
            "time": "28.11.2020 16:12",
            "open": "0.351213",
            "high": "0.35176",
            "low": "0.351213",
            "close": "0.350913"
        },
        {
            "time": "28.11.2020 16:13",
            "open": "0.350913",
            "high": "0.350913",
            "low": "0.350236",
            "close": "0.350866"
        },
        {
            "time": "28.11.2020 16:14",
            "open": "0.350866",
            "high": "0.351144",
            "low": "0.350866",
            "close": "0.3511"
        },
        {
            "time": "28.11.2020 16:16",
            "open": "0.3511",
            "high": "0.3511",
            "low": "0.3511",
            "close": "0.34846"
        },
        {
            "time": "28.11.2020 16:18",
            "open": "0.34846",
            "high": "0.348496",
            "low": "0.34846",
            "close": "0.349798"
        },
        {
            "time": "28.11.2020 16:19",
            "open": "0.349798",
            "high": "0.349798",
            "low": "0.349798",
            "close": "0.350328"
        },
        {
            "time": "28.11.2020 16:21",
            "open": "0.350328",
            "high": "0.350328",
            "low": "0.350328",
            "close": "0.35176"
        },
        {
            "time": "28.11.2020 16:26",
            "open": "0.35176",
            "high": "0.35176",
            "low": "0.35176",
            "close": "0.351437"
        },
        {
            "time": "28.11.2020 16:27",
            "open": "0.351437",
            "high": "0.351437",
            "low": "0.35099",
            "close": "0.351136"
        },
        {
            "time": "28.11.2020 16:29",
            "open": "0.351136",
            "high": "0.351136",
            "low": "0.351136",
            "close": "0.350159"
        },
        {
            "time": "28.11.2020 16:30",
            "open": "0.350159",
            "high": "0.35136",
            "low": "0.350099",
            "close": "0.35111"
        },
        {
            "time": "28.11.2020 16:31",
            "open": "0.35111",
            "high": "0.351169",
            "low": "0.35111",
            "close": "0.350902"
        },
        {
            "time": "28.11.2020 16:32",
            "open": "0.350902",
            "high": "0.350902",
            "low": "0.350024",
            "close": "0.350554"
        },
        {
            "time": "28.11.2020 16:33",
            "open": "0.350554",
            "high": "0.350554",
            "low": "0.350554",
            "close": "0.350602"
        },
        {
            "time": "28.11.2020 16:34",
            "open": "0.350602",
            "high": "0.350714",
            "low": "0.350602",
            "close": "0.35176"
        },
        {
            "time": "28.11.2020 16:38",
            "open": "0.35176",
            "high": "0.35176",
            "low": "0.35176",
            "close": "0.351512"
        },
        {
            "time": "28.11.2020 16:39",
            "open": "0.351512",
            "high": "0.351999",
            "low": "0.351512",
            "close": "0.351579"
        },
        {
            "time": "28.11.2020 16:40",
            "open": "0.351579",
            "high": "0.353264",
            "low": "0.351579",
            "close": "0.353244"
        },
        {
            "time": "28.11.2020 16:41",
            "open": "0.353244",
            "high": "0.353264",
            "low": "0.352614",
            "close": "0.352776"
        },
        {
            "time": "28.11.2020 16:42",
            "open": "0.352776",
            "high": "0.352968",
            "low": "0.352776",
            "close": "0.3529"
        },
        {
            "time": "28.11.2020 16:43",
            "open": "0.3529",
            "high": "0.3529",
            "low": "0.352741",
            "close": "0.353751"
        },
        {
            "time": "28.11.2020 16:44",
            "open": "0.353751",
            "high": "0.353751",
            "low": "0.353751",
            "close": "0.353057"
        },
        {
            "time": "28.11.2020 16:45",
            "open": "0.353057",
            "high": "0.353057",
            "low": "0.353057",
            "close": "0.352414"
        },
        {
            "time": "28.11.2020 16:46",
            "open": "0.352414",
            "high": "0.352414",
            "low": "0.351045",
            "close": "0.352694"
        },
        {
            "time": "28.11.2020 16:47",
            "open": "0.352694",
            "high": "0.352694",
            "low": "0.352694",
            "close": "0.351317"
        },
        {
            "time": "28.11.2020 16:50",
            "open": "0.351317",
            "high": "0.351317",
            "low": "0.351317",
            "close": "0.351"
        },
        {
            "time": "28.11.2020 16:51",
            "open": "0.351",
            "high": "0.351845",
            "low": "0.351",
            "close": "0.351507"
        },
        {
            "time": "28.11.2020 16:53",
            "open": "0.351507",
            "high": "0.351507",
            "low": "0.351507",
            "close": "0.351418"
        },
        {
            "time": "28.11.2020 16:55",
            "open": "0.351418",
            "high": "0.351418",
            "low": "0.351418",
            "close": "0.350774"
        },
        {
            "time": "28.11.2020 16:56",
            "open": "0.350774",
            "high": "0.350774",
            "low": "0.350405",
            "close": "0.351061"
        },
        {
            "time": "28.11.2020 16:58",
            "open": "0.351061",
            "high": "0.351061",
            "low": "0.34667",
            "close": "0.352166"
        },
        {
            "time": "28.11.2020 16:59",
            "open": "0.352166",
            "high": "0.352166",
            "low": "0.352166",
            "close": "0.352015"
        },
        {
            "time": "28.11.2020 17:00",
            "open": "0.352015",
            "high": "0.352177",
            "low": "0.352015",
            "close": "0.35252"
        },
        {
            "time": "28.11.2020 17:02",
            "open": "0.35252",
            "high": "0.35252",
            "low": "0.351816",
            "close": "0.35252"
        },
        {
            "time": "28.11.2020 17:03",
            "open": "0.35252",
            "high": "0.353619",
            "low": "0.35252",
            "close": "0.35342"
        },
        {
            "time": "28.11.2020 17:04",
            "open": "0.35342",
            "high": "0.353774",
            "low": "0.351939",
            "close": "0.353774"
        },
        {
            "time": "28.11.2020 17:05",
            "open": "0.353774",
            "high": "0.353774",
            "low": "0.353342",
            "close": "0.353776"
        },
        {
            "time": "28.11.2020 17:06",
            "open": "0.353776",
            "high": "0.3539",
            "low": "0.353776",
            "close": "0.353958"
        },
        {
            "time": "28.11.2020 17:07",
            "open": "0.353958",
            "high": "0.353999",
            "low": "0.353597",
            "close": "0.353998"
        },
        {
            "time": "28.11.2020 17:08",
            "open": "0.353998",
            "high": "0.354523",
            "low": "0.353998",
            "close": "0.353999"
        },
        {
            "time": "28.11.2020 17:09",
            "open": "0.353999",
            "high": "0.355",
            "low": "0.353999",
            "close": "0.355"
        },
        {
            "time": "28.11.2020 17:10",
            "open": "0.355",
            "high": "0.355466",
            "low": "0.352853",
            "close": "0.352038"
        },
        {
            "time": "28.11.2020 17:11",
            "open": "0.352038",
            "high": "0.353984",
            "low": "0.352038",
            "close": "0.355906"
        },
        {
            "time": "28.11.2020 17:12",
            "open": "0.355906",
            "high": "0.355906",
            "low": "0.355906",
            "close": "0.354166"
        },
        {
            "time": "28.11.2020 17:14",
            "open": "0.354166",
            "high": "0.354166",
            "low": "0.354166",
            "close": "0.355485"
        },
        {
            "time": "28.11.2020 17:15",
            "open": "0.355485",
            "high": "0.355485",
            "low": "0.354389",
            "close": "0.354794"
        },
        {
            "time": "28.11.2020 17:16",
            "open": "0.354794",
            "high": "0.354794",
            "low": "0.354794",
            "close": "0.353666"
        },
        {
            "time": "28.11.2020 17:17",
            "open": "0.353666",
            "high": "0.353666",
            "low": "0.353666",
            "close": "0.353963"
        },
        {
            "time": "28.11.2020 17:18",
            "open": "0.353963",
            "high": "0.355501",
            "low": "0.353963",
            "close": "0.354659"
        },
        {
            "time": "28.11.2020 17:20",
            "open": "0.354659",
            "high": "0.354659",
            "low": "0.351842",
            "close": "0.352141"
        },
        {
            "time": "28.11.2020 17:21",
            "open": "0.352141",
            "high": "0.352141",
            "low": "0.352141",
            "close": "0.353473"
        },
        {
            "time": "28.11.2020 17:25",
            "open": "0.353473",
            "high": "0.353473",
            "low": "0.353472",
            "close": "0.352523"
        },
        {
            "time": "28.11.2020 17:26",
            "open": "0.352523",
            "high": "0.352523",
            "low": "0.352523",
            "close": "0.354917"
        },
        {
            "time": "28.11.2020 17:28",
            "open": "0.354917",
            "high": "0.354917",
            "low": "0.354557",
            "close": "0.354821"
        },
        {
            "time": "28.11.2020 17:31",
            "open": "0.354821",
            "high": "0.355868",
            "low": "0.354821",
            "close": "0.355763"
        },
        {
            "time": "28.11.2020 17:32",
            "open": "0.355763",
            "high": "0.355763",
            "low": "0.355763",
            "close": "0.35409"
        },
        {
            "time": "28.11.2020 17:36",
            "open": "0.35409",
            "high": "0.35409",
            "low": "0.35409",
            "close": "0.354172"
        },
        {
            "time": "28.11.2020 17:37",
            "open": "0.354172",
            "high": "0.354172",
            "low": "0.354172",
            "close": "0.355004"
        },
        {
            "time": "28.11.2020 17:38",
            "open": "0.355004",
            "high": "0.355004",
            "low": "0.354716",
            "close": "0.354293"
        },
        {
            "time": "28.11.2020 17:40",
            "open": "0.354293",
            "high": "0.355502",
            "low": "0.354293",
            "close": "0.355308"
        },
        {
            "time": "28.11.2020 17:41",
            "open": "0.355308",
            "high": "0.355308",
            "low": "0.355308",
            "close": "0.354995"
        },
        {
            "time": "28.11.2020 17:42",
            "open": "0.354995",
            "high": "0.354995",
            "low": "0.35499",
            "close": "0.354225"
        },
        {
            "time": "28.11.2020 17:43",
            "open": "0.354225",
            "high": "0.354225",
            "low": "0.354225",
            "close": "0.355061"
        },
        {
            "time": "28.11.2020 17:44",
            "open": "0.355061",
            "high": "0.355061",
            "low": "0.355061",
            "close": "0.354238"
        },
        {
            "time": "28.11.2020 17:48",
            "open": "0.354238",
            "high": "0.354238",
            "low": "0.354032",
            "close": "0.353674"
        },
        {
            "time": "28.11.2020 17:50",
            "open": "0.353674",
            "high": "0.35375",
            "low": "0.353674",
            "close": "0.354042"
        },
        {
            "time": "28.11.2020 17:51",
            "open": "0.354042",
            "high": "0.354042",
            "low": "0.354042",
            "close": "0.353115"
        },
        {
            "time": "28.11.2020 17:52",
            "open": "0.353115",
            "high": "0.353233",
            "low": "0.353087",
            "close": "0.352727"
        },
        {
            "time": "28.11.2020 17:54",
            "open": "0.352727",
            "high": "0.352727",
            "low": "0.352727",
            "close": "0.352285"
        },
        {
            "time": "28.11.2020 17:57",
            "open": "0.352285",
            "high": "0.352285",
            "low": "0.352285",
            "close": "0.35185"
        },
        {
            "time": "28.11.2020 17:58",
            "open": "0.35185",
            "high": "0.35185",
            "low": "0.35185",
            "close": "0.351593"
        },
        {
            "time": "28.11.2020 17:59",
            "open": "0.351593",
            "high": "0.352666",
            "low": "0.351591",
            "close": "0.353566"
        },
        {
            "time": "28.11.2020 18:01",
            "open": "0.353566",
            "high": "0.353566",
            "low": "0.353554",
            "close": "0.353546"
        },
        {
            "time": "28.11.2020 18:02",
            "open": "0.353546",
            "high": "0.353546",
            "low": "0.353546",
            "close": "0.346902"
        },
        {
            "time": "28.11.2020 18:08",
            "open": "0.346902",
            "high": "0.346902",
            "low": "0.345919",
            "close": "0.344359"
        },
        {
            "time": "28.11.2020 18:09",
            "open": "0.344359",
            "high": "0.345178",
            "low": "0.343601",
            "close": "0.346771"
        },
        {
            "time": "28.11.2020 18:11",
            "open": "0.346771",
            "high": "0.346858",
            "low": "0.346771",
            "close": "0.345752"
        },
        {
            "time": "28.11.2020 18:14",
            "open": "0.345752",
            "high": "0.345752",
            "low": "0.345752",
            "close": "0.348319"
        },
        {
            "time": "28.11.2020 18:18",
            "open": "0.348319",
            "high": "0.348319",
            "low": "0.348319",
            "close": "0.348396"
        },
        {
            "time": "28.11.2020 18:19",
            "open": "0.348396",
            "high": "0.348396",
            "low": "0.348396",
            "close": "0.348516"
        },
        {
            "time": "28.11.2020 18:20",
            "open": "0.348516",
            "high": "0.348516",
            "low": "0.347274",
            "close": "0.347607"
        },
        {
            "time": "28.11.2020 18:23",
            "open": "0.347607",
            "high": "0.347607",
            "low": "0.347607",
            "close": "0.348669"
        },
        {
            "time": "28.11.2020 18:26",
            "open": "0.348669",
            "high": "0.348669",
            "low": "0.348669",
            "close": "0.348"
        },
        {
            "time": "28.11.2020 18:28",
            "open": "0.348",
            "high": "0.348",
            "low": "0.348",
            "close": "0.347452"
        },
        {
            "time": "28.11.2020 18:29",
            "open": "0.347452",
            "high": "0.347452",
            "low": "0.347452",
            "close": "0.348816"
        },
        {
            "time": "28.11.2020 18:30",
            "open": "0.348816",
            "high": "0.348816",
            "low": "0.347721",
            "close": "0.349085"
        },
        {
            "time": "28.11.2020 18:33",
            "open": "0.349085",
            "high": "0.349085",
            "low": "0.349085",
            "close": "0.349103"
        },
        {
            "time": "28.11.2020 18:34",
            "open": "0.349103",
            "high": "0.349103",
            "low": "0.349012",
            "close": "0.348326"
        },
        {
            "time": "28.11.2020 18:35",
            "open": "0.348326",
            "high": "0.348326",
            "low": "0.348326",
            "close": "0.347476"
        },
        {
            "time": "28.11.2020 18:38",
            "open": "0.347476",
            "high": "0.347476",
            "low": "0.347476",
            "close": "0.348288"
        },
        {
            "time": "28.11.2020 18:44",
            "open": "0.348288",
            "high": "0.348288",
            "low": "0.348288",
            "close": "0.347476"
        },
        {
            "time": "28.11.2020 18:46",
            "open": "0.347476",
            "high": "0.347476",
            "low": "0.347476",
            "close": "0.348287"
        },
        {
            "time": "28.11.2020 18:47",
            "open": "0.348287",
            "high": "0.348287",
            "low": "0.348287",
            "close": "0.348288"
        },
        {
            "time": "28.11.2020 18:48",
            "open": "0.348288",
            "high": "0.348288",
            "low": "0.347477",
            "close": "0.347994"
        },
        {
            "time": "28.11.2020 18:50",
            "open": "0.347994",
            "high": "0.347994",
            "low": "0.347994",
            "close": "0.348462"
        },
        {
            "time": "28.11.2020 18:52",
            "open": "0.348462",
            "high": "0.348865",
            "low": "0.347796",
            "close": "0.347906"
        },
        {
            "time": "28.11.2020 18:53",
            "open": "0.347906",
            "high": "0.347906",
            "low": "0.347906",
            "close": "0.348832"
        },
        {
            "time": "28.11.2020 18:54",
            "open": "0.348832",
            "high": "0.348865",
            "low": "0.348832",
            "close": "0.348865"
        },
        {
            "time": "28.11.2020 18:56",
            "open": "0.348865",
            "high": "0.348865",
            "low": "0.348865",
            "close": "0.349"
        },
        {
            "time": "28.11.2020 18:59",
            "open": "0.349",
            "high": "0.351245",
            "low": "0.349",
            "close": "0.350403"
        },
        {
            "time": "28.11.2020 19:01",
            "open": "0.350403",
            "high": "0.350403",
            "low": "0.350403",
            "close": "0.349261"
        },
        {
            "time": "28.11.2020 19:04",
            "open": "0.349261",
            "high": "0.349261",
            "low": "0.349261",
            "close": "0.35"
        },
        {
            "time": "28.11.2020 19:08",
            "open": "0.35",
            "high": "0.35",
            "low": "0.35",
            "close": "0.351"
        },
        {
            "time": "28.11.2020 19:10",
            "open": "0.351",
            "high": "0.351",
            "low": "0.351",
            "close": "0.351165"
        },
        {
            "time": "28.11.2020 19:11",
            "open": "0.351165",
            "high": "0.351246",
            "low": "0.351121",
            "close": "0.35085"
        },
        {
            "time": "28.11.2020 19:12",
            "open": "0.35085",
            "high": "0.35085",
            "low": "0.35085",
            "close": "0.35"
        },
        {
            "time": "28.11.2020 19:16",
            "open": "0.35",
            "high": "0.35",
            "low": "0.35",
            "close": "0.350443"
        },
        {
            "time": "28.11.2020 19:18",
            "open": "0.350443",
            "high": "0.350443",
            "low": "0.350443",
            "close": "0.349487"
        },
        {
            "time": "28.11.2020 19:22",
            "open": "0.349487",
            "high": "0.349487",
            "low": "0.349487",
            "close": "0.3508"
        },
        {
            "time": "28.11.2020 19:24",
            "open": "0.3508",
            "high": "0.351246",
            "low": "0.3508",
            "close": "0.352304"
        },
        {
            "time": "28.11.2020 19:25",
            "open": "0.352304",
            "high": "0.352304",
            "low": "0.350975",
            "close": "0.352837"
        },
        {
            "time": "28.11.2020 19:26",
            "open": "0.352837",
            "high": "0.3539",
            "low": "0.352837",
            "close": "0.353975"
        },
        {
            "time": "28.11.2020 19:27",
            "open": "0.353975",
            "high": "0.353975",
            "low": "0.353975",
            "close": "0.356"
        },
        {
            "time": "28.11.2020 19:31",
            "open": "0.356",
            "high": "0.356",
            "low": "0.356",
            "close": "0.356"
        },
        {
            "time": "28.11.2020 19:32",
            "open": "0.356",
            "high": "0.357323",
            "low": "0.356",
            "close": "0.356233"
        },
        {
            "time": "28.11.2020 19:33",
            "open": "0.356233",
            "high": "0.356233",
            "low": "0.356233",
            "close": "0.355051"
        },
        {
            "time": "28.11.2020 19:34",
            "open": "0.355051",
            "high": "0.355051",
            "low": "0.355051",
            "close": "0.355546"
        },
        {
            "time": "28.11.2020 19:37",
            "open": "0.355546",
            "high": "0.355548",
            "low": "0.355546",
            "close": "0.354532"
        },
        {
            "time": "28.11.2020 19:38",
            "open": "0.354532",
            "high": "0.354532",
            "low": "0.354532",
            "close": "0.354828"
        },
        {
            "time": "28.11.2020 19:40",
            "open": "0.354828",
            "high": "0.354828",
            "low": "0.354828",
            "close": "0.355388"
        },
        {
            "time": "28.11.2020 19:41",
            "open": "0.355388",
            "high": "0.355388",
            "low": "0.355388",
            "close": "0.354804"
        },
        {
            "time": "28.11.2020 19:42",
            "open": "0.354804",
            "high": "0.354804",
            "low": "0.354804",
            "close": "0.354097"
        },
        {
            "time": "28.11.2020 19:43",
            "open": "0.354097",
            "high": "0.354097",
            "low": "0.354097",
            "close": "0.355402"
        },
        {
            "time": "28.11.2020 19:47",
            "open": "0.355402",
            "high": "0.355402",
            "low": "0.355402",
            "close": "0.355561"
        },
        {
            "time": "28.11.2020 19:48",
            "open": "0.355561",
            "high": "0.355561",
            "low": "0.354804",
            "close": "0.354708"
        },
        {
            "time": "28.11.2020 19:49",
            "open": "0.354708",
            "high": "0.354708",
            "low": "0.354708",
            "close": "0.356792"
        },
        {
            "time": "28.11.2020 19:50",
            "open": "0.356792",
            "high": "0.356792",
            "low": "0.356792",
            "close": "0.35597"
        },
        {
            "time": "28.11.2020 19:52",
            "open": "0.35597",
            "high": "0.35597",
            "low": "0.35597",
            "close": "0.356337"
        },
        {
            "time": "28.11.2020 19:53",
            "open": "0.356337",
            "high": "0.35783",
            "low": "0.356337",
            "close": "0.357132"
        },
        {
            "time": "28.11.2020 19:54",
            "open": "0.357132",
            "high": "0.357213",
            "low": "0.357132",
            "close": "0.356018"
        },
        {
            "time": "28.11.2020 19:55",
            "open": "0.356018",
            "high": "0.356018",
            "low": "0.356018",
            "close": "0.357399"
        },
        {
            "time": "28.11.2020 19:58",
            "open": "0.357399",
            "high": "0.357399",
            "low": "0.357399",
            "close": "0.35796"
        },
        {
            "time": "28.11.2020 20:00",
            "open": "0.35796",
            "high": "0.358271",
            "low": "0.35796",
            "close": "0.358271"
        },
        {
            "time": "28.11.2020 20:01",
            "open": "0.358271",
            "high": "0.358271",
            "low": "0.358271",
            "close": "0.358182"
        },
        {
            "time": "28.11.2020 20:03",
            "open": "0.358182",
            "high": "0.358271",
            "low": "0.358182",
            "close": "0.35844"
        },
        {
            "time": "28.11.2020 20:04",
            "open": "0.35844",
            "high": "0.359097",
            "low": "0.35844",
            "close": "0.35901"
        },
        {
            "time": "28.11.2020 20:05",
            "open": "0.35901",
            "high": "0.35901",
            "low": "0.357821",
            "close": "0.357814"
        },
        {
            "time": "28.11.2020 20:06",
            "open": "0.357814",
            "high": "0.358837",
            "low": "0.357814",
            "close": "0.359097"
        },
        {
            "time": "28.11.2020 20:07",
            "open": "0.359097",
            "high": "0.359097",
            "low": "0.359097",
            "close": "0.358832"
        },
        {
            "time": "28.11.2020 20:08",
            "open": "0.358832",
            "high": "0.358832",
            "low": "0.358832",
            "close": "0.358877"
        },
        {
            "time": "28.11.2020 20:09",
            "open": "0.358877",
            "high": "0.359095",
            "low": "0.358385",
            "close": "0.35873"
        },
        {
            "time": "28.11.2020 20:10",
            "open": "0.35873",
            "high": "0.35873",
            "low": "0.35873",
            "close": "0.358385"
        },
        {
            "time": "28.11.2020 20:11",
            "open": "0.358385",
            "high": "0.358385",
            "low": "0.357855",
            "close": "0.358291"
        },
        {
            "time": "28.11.2020 20:12",
            "open": "0.358291",
            "high": "0.358291",
            "low": "0.35829",
            "close": "0.358756"
        },
        {
            "time": "28.11.2020 20:14",
            "open": "0.358756",
            "high": "0.359097",
            "low": "0.358756",
            "close": "0.359082"
        },
        {
            "time": "28.11.2020 20:15",
            "open": "0.359082",
            "high": "0.359082",
            "low": "0.359082",
            "close": "0.358923"
        },
        {
            "time": "28.11.2020 20:16",
            "open": "0.358923",
            "high": "0.358923",
            "low": "0.358923",
            "close": "0.359052"
        },
        {
            "time": "28.11.2020 20:17",
            "open": "0.359052",
            "high": "0.359052",
            "low": "0.359052",
            "close": "0.356475"
        },
        {
            "time": "28.11.2020 20:20",
            "open": "0.356475",
            "high": "0.35659",
            "low": "0.356475",
            "close": "0.355616"
        },
        {
            "time": "28.11.2020 20:22",
            "open": "0.355616",
            "high": "0.355616",
            "low": "0.355616",
            "close": "0.355581"
        },
        {
            "time": "28.11.2020 20:24",
            "open": "0.355581",
            "high": "0.355581",
            "low": "0.355581",
            "close": "0.356838"
        },
        {
            "time": "28.11.2020 20:26",
            "open": "0.356838",
            "high": "0.356838",
            "low": "0.356838",
            "close": "0.357538"
        },
        {
            "time": "28.11.2020 20:28",
            "open": "0.357538",
            "high": "0.357538",
            "low": "0.357497",
            "close": "0.355538"
        },
        {
            "time": "28.11.2020 20:29",
            "open": "0.355538",
            "high": "0.355538",
            "low": "0.355538",
            "close": "0.3565"
        },
        {
            "time": "28.11.2020 20:30",
            "open": "0.3565",
            "high": "0.358",
            "low": "0.3565",
            "close": "0.357648"
        },
        {
            "time": "28.11.2020 20:31",
            "open": "0.357648",
            "high": "0.357648",
            "low": "0.3574",
            "close": "0.357375"
        },
        {
            "time": "28.11.2020 20:32",
            "open": "0.357375",
            "high": "0.357375",
            "low": "0.357375",
            "close": "0.356877"
        },
        {
            "time": "28.11.2020 20:33",
            "open": "0.356877",
            "high": "0.357912",
            "low": "0.356877",
            "close": "0.357912"
        },
        {
            "time": "28.11.2020 20:34",
            "open": "0.357912",
            "high": "0.357912",
            "low": "0.357912",
            "close": "0.356147"
        },
        {
            "time": "28.11.2020 20:35",
            "open": "0.356147",
            "high": "0.357724",
            "low": "0.355558",
            "close": "0.357717"
        },
        {
            "time": "28.11.2020 20:36",
            "open": "0.357717",
            "high": "0.357717",
            "low": "0.357717",
            "close": "0.358"
        },
        {
            "time": "28.11.2020 20:37",
            "open": "0.358",
            "high": "0.358385",
            "low": "0.358",
            "close": "0.358385"
        },
        {
            "time": "28.11.2020 20:42",
            "open": "0.358385",
            "high": "0.358385",
            "low": "0.358385",
            "close": "0.358"
        },
        {
            "time": "28.11.2020 20:45",
            "open": "0.358",
            "high": "0.358",
            "low": "0.358",
            "close": "0.356823"
        },
        {
            "time": "28.11.2020 20:50",
            "open": "0.356823",
            "high": "0.357951",
            "low": "0.356823",
            "close": "0.357951"
        },
        {
            "time": "28.11.2020 20:51",
            "open": "0.357951",
            "high": "0.357951",
            "low": "0.357951",
            "close": "0.357574"
        },
        {
            "time": "28.11.2020 20:52",
            "open": "0.357574",
            "high": "0.357574",
            "low": "0.357572",
            "close": "0.357635"
        },
        {
            "time": "28.11.2020 20:53",
            "open": "0.357635",
            "high": "0.357635",
            "low": "0.357635",
            "close": "0.3576"
        },
        {
            "time": "28.11.2020 20:54",
            "open": "0.3576",
            "high": "0.357996",
            "low": "0.3576",
            "close": "0.357607"
        },
        {
            "time": "28.11.2020 20:55",
            "open": "0.357607",
            "high": "0.357607",
            "low": "0.357607",
            "close": "0.359096"
        },
        {
            "time": "28.11.2020 20:56",
            "open": "0.359096",
            "high": "0.359096",
            "low": "0.359096",
            "close": "0.358178"
        },
        {
            "time": "28.11.2020 20:58",
            "open": "0.358178",
            "high": "0.359097",
            "low": "0.358178",
            "close": "0.358237"
        },
        {
            "time": "28.11.2020 21:00",
            "open": "0.358237",
            "high": "0.358237",
            "low": "0.358237",
            "close": "0.3576"
        },
        {
            "time": "28.11.2020 21:01",
            "open": "0.3576",
            "high": "0.3576",
            "low": "0.3576",
            "close": "0.35811"
        },
        {
            "time": "28.11.2020 21:02",
            "open": "0.35811",
            "high": "0.358828",
            "low": "0.35811",
            "close": "0.358488"
        },
        {
            "time": "28.11.2020 21:03",
            "open": "0.358488",
            "high": "0.358488",
            "low": "0.358488",
            "close": "0.35816"
        },
        {
            "time": "28.11.2020 21:05",
            "open": "0.35816",
            "high": "0.35816",
            "low": "0.35816",
            "close": "0.35816"
        },
        {
            "time": "28.11.2020 21:06",
            "open": "0.35816",
            "high": "0.358469",
            "low": "0.35816",
            "close": "0.358396"
        },
        {
            "time": "28.11.2020 21:07",
            "open": "0.358396",
            "high": "0.358396",
            "low": "0.358396",
            "close": "0.358396"
        },
        {
            "time": "28.11.2020 21:08",
            "open": "0.358396",
            "high": "0.358396",
            "low": "0.358258",
            "close": "0.356642"
        },
        {
            "time": "28.11.2020 21:10",
            "open": "0.356642",
            "high": "0.356642",
            "low": "0.356642",
            "close": "0.358633"
        },
        {
            "time": "28.11.2020 21:11",
            "open": "0.358633",
            "high": "0.358633",
            "low": "0.358633",
            "close": "0.357357"
        },
        {
            "time": "28.11.2020 21:17",
            "open": "0.357357",
            "high": "0.358522",
            "low": "0.356447",
            "close": "0.356917"
        },
        {
            "time": "28.11.2020 21:18",
            "open": "0.356917",
            "high": "0.356917",
            "low": "0.356917",
            "close": "0.356044"
        },
        {
            "time": "28.11.2020 21:24",
            "open": "0.356044",
            "high": "0.356044",
            "low": "0.356044",
            "close": "0.356047"
        },
        {
            "time": "28.11.2020 21:26",
            "open": "0.356047",
            "high": "0.356047",
            "low": "0.356047",
            "close": "0.356362"
        },
        {
            "time": "28.11.2020 21:31",
            "open": "0.356362",
            "high": "0.356362",
            "low": "0.356362",
            "close": "0.355702"
        },
        {
            "time": "28.11.2020 21:35",
            "open": "0.355702",
            "high": "0.355702",
            "low": "0.355702",
            "close": "0.356489"
        },
        {
            "time": "28.11.2020 21:37",
            "open": "0.356489",
            "high": "0.3565",
            "low": "0.356489",
            "close": "0.3565"
        },
        {
            "time": "28.11.2020 21:47",
            "open": "0.3565",
            "high": "0.3565",
            "low": "0.3565",
            "close": "0.357103"
        },
        {
            "time": "28.11.2020 21:48",
            "open": "0.357103",
            "high": "0.357103",
            "low": "0.357103",
            "close": "0.356553"
        },
        {
            "time": "28.11.2020 21:50",
            "open": "0.356553",
            "high": "0.356553",
            "low": "0.356553",
            "close": "0.352534"
        },
        {
            "time": "28.11.2020 21:53",
            "open": "0.352534",
            "high": "0.353016",
            "low": "0.352534",
            "close": "0.354105"
        },
        {
            "time": "28.11.2020 21:54",
            "open": "0.354105",
            "high": "0.354105",
            "low": "0.354104",
            "close": "0.353512"
        },
        {
            "time": "28.11.2020 21:56",
            "open": "0.353512",
            "high": "0.353512",
            "low": "0.353512",
            "close": "0.352608"
        },
        {
            "time": "28.11.2020 21:57",
            "open": "0.352608",
            "high": "0.352608",
            "low": "0.352608",
            "close": "0.352666"
        },
        {
            "time": "28.11.2020 22:00",
            "open": "0.352666",
            "high": "0.353432",
            "low": "0.352666",
            "close": "0.353783"
        },
        {
            "time": "28.11.2020 22:08",
            "open": "0.353783",
            "high": "0.353783",
            "low": "0.353783",
            "close": "0.354024"
        },
        {
            "time": "28.11.2020 22:09",
            "open": "0.354024",
            "high": "0.354024",
            "low": "0.354024",
            "close": "0.354034"
        },
        {
            "time": "28.11.2020 22:14",
            "open": "0.354034",
            "high": "0.354034",
            "low": "0.354034",
            "close": "0.353966"
        },
        {
            "time": "28.11.2020 22:15",
            "open": "0.353966",
            "high": "0.353966",
            "low": "0.353966",
            "close": "0.353879"
        },
        {
            "time": "28.11.2020 22:16",
            "open": "0.353879",
            "high": "0.353879",
            "low": "0.353879",
            "close": "0.35302"
        },
        {
            "time": "28.11.2020 22:17",
            "open": "0.35302",
            "high": "0.35302",
            "low": "0.35302",
            "close": "0.353866"
        },
        {
            "time": "28.11.2020 22:19",
            "open": "0.353866",
            "high": "0.353866",
            "low": "0.353866",
            "close": "0.35302"
        },
        {
            "time": "28.11.2020 22:21",
            "open": "0.35302",
            "high": "0.35302",
            "low": "0.35302",
            "close": "0.353399"
        },
        {
            "time": "28.11.2020 22:22",
            "open": "0.353399",
            "high": "0.353399",
            "low": "0.352776",
            "close": "0.353013"
        },
        {
            "time": "28.11.2020 22:29",
            "open": "0.353013",
            "high": "0.353013",
            "low": "0.353013",
            "close": "0.352932"
        },
        {
            "time": "28.11.2020 22:30",
            "open": "0.352932",
            "high": "0.352932",
            "low": "0.352932",
            "close": "0.352864"
        },
        {
            "time": "28.11.2020 22:32",
            "open": "0.352864",
            "high": "0.352864",
            "low": "0.352864",
            "close": "0.351731"
        },
        {
            "time": "28.11.2020 22:33",
            "open": "0.351731",
            "high": "0.351731",
            "low": "0.351729",
            "close": "0.352256"
        },
        {
            "time": "28.11.2020 22:34",
            "open": "0.352256",
            "high": "0.352256",
            "low": "0.351731",
            "close": "0.352666"
        },
        {
            "time": "28.11.2020 22:51",
            "open": "0.352666",
            "high": "0.352666",
            "low": "0.352666",
            "close": "0.353224"
        },
        {
            "time": "28.11.2020 22:53",
            "open": "0.353224",
            "high": "0.353224",
            "low": "0.353224",
            "close": "0.353502"
        },
        {
            "time": "28.11.2020 22:54",
            "open": "0.353502",
            "high": "0.353502",
            "low": "0.353502",
            "close": "0.352348"
        },
        {
            "time": "28.11.2020 22:58",
            "open": "0.352348",
            "high": "0.352348",
            "low": "0.352348",
            "close": "0.352361"
        },
        {
            "time": "28.11.2020 23:01",
            "open": "0.352361",
            "high": "0.353364",
            "low": "0.352361",
            "close": "0.351994"
        },
        {
            "time": "28.11.2020 23:07",
            "open": "0.351994",
            "high": "0.351994",
            "low": "0.351994",
            "close": "0.352967"
        },
        {
            "time": "28.11.2020 23:10",
            "open": "0.352967",
            "high": "0.352967",
            "low": "0.352967",
            "close": "0.351891"
        },
        {
            "time": "28.11.2020 23:11",
            "open": "0.351891",
            "high": "0.352202",
            "low": "0.351891",
            "close": "0.352003"
        },
        {
            "time": "28.11.2020 23:13",
            "open": "0.352003",
            "high": "0.352003",
            "low": "0.352003",
            "close": "0.351754"
        },
        {
            "time": "28.11.2020 23:16",
            "open": "0.351754",
            "high": "0.351754",
            "low": "0.351754",
            "close": "0.353156"
        },
        {
            "time": "28.11.2020 23:21",
            "open": "0.353156",
            "high": "0.353156",
            "low": "0.353156",
            "close": "0.352896"
        },
        {
            "time": "28.11.2020 23:22",
            "open": "0.352896",
            "high": "0.352896",
            "low": "0.352896",
            "close": "0.351813"
        },
        {
            "time": "28.11.2020 23:23",
            "open": "0.351813",
            "high": "0.351813",
            "low": "0.351743",
            "close": "0.351792"
        },
        {
            "time": "28.11.2020 23:24",
            "open": "0.351792",
            "high": "0.351792",
            "low": "0.351792",
            "close": "0.351637"
        },
        {
            "time": "28.11.2020 23:25",
            "open": "0.351637",
            "high": "0.351637",
            "low": "0.351637",
            "close": "0.35207"
        },
        {
            "time": "28.11.2020 23:30",
            "open": "0.35207",
            "high": "0.35207",
            "low": "0.35207",
            "close": "0.352365"
        },
        {
            "time": "28.11.2020 23:36",
            "open": "0.352365",
            "high": "0.352365",
            "low": "0.351827",
            "close": "0.353929"
        },
        {
            "time": "28.11.2020 23:37",
            "open": "0.353929",
            "high": "0.353929",
            "low": "0.353929",
            "close": "0.353842"
        },
        {
            "time": "28.11.2020 23:39",
            "open": "0.353842",
            "high": "0.353842",
            "low": "0.353842",
            "close": "0.353346"
        },
        {
            "time": "28.11.2020 23:42",
            "open": "0.353346",
            "high": "0.353348",
            "low": "0.353346",
            "close": "0.35207"
        },
        {
            "time": "28.11.2020 23:44",
            "open": "0.35207",
            "high": "0.35207",
            "low": "0.352039",
            "close": "0.353444"
        },
        {
            "time": "28.11.2020 23:47",
            "open": "0.353444",
            "high": "0.353444",
            "low": "0.353444",
            "close": "0.352039"
        },
        {
            "time": "28.11.2020 23:48",
            "open": "0.352039",
            "high": "0.352579",
            "low": "0.352039",
            "close": "0.35125"
        },
        {
            "time": "28.11.2020 23:49",
            "open": "0.35125",
            "high": "0.35125",
            "low": "0.350366",
            "close": "0.350367"
        },
        {
            "time": "28.11.2020 23:50",
            "open": "0.350367",
            "high": "0.350367",
            "low": "0.349452",
            "close": "0.349082"
        },
        {
            "time": "28.11.2020 23:51",
            "open": "0.349082",
            "high": "0.349082",
            "low": "0.349082",
            "close": "0.349478"
        },
        {
            "time": "28.11.2020 23:53",
            "open": "0.349478",
            "high": "0.349478",
            "low": "0.349478",
            "close": "0.350249"
        },
        {
            "time": "28.11.2020 23:54",
            "open": "0.350249",
            "high": "0.350249",
            "low": "0.350152",
            "close": "0.348915"
        }
    ]
}