{
    "ZRX-EUR": [
        {
            "time": "24.12.2020 23:59",
            "open": "0.303102",
            "high": "0.304286",
            "low": "0.303102",
            "close": "0.304302"
        },
        {
            "time": "25.12.2020 00:00",
            "open": "0.304302",
            "high": "0.304302",
            "low": "0.303296",
            "close": "0.302104"
        },
        {
            "time": "25.12.2020 00:02",
            "open": "0.302104",
            "high": "0.303146",
            "low": "0.302104",
            "close": "0.3021"
        },
        {
            "time": "25.12.2020 00:05",
            "open": "0.3021",
            "high": "0.3021",
            "low": "0.301936",
            "close": "0.303134"
        },
        {
            "time": "25.12.2020 00:06",
            "open": "0.303134",
            "high": "0.303134",
            "low": "0.303134",
            "close": "0.303146"
        },
        {
            "time": "25.12.2020 00:09",
            "open": "0.303146",
            "high": "0.303146",
            "low": "0.303145",
            "close": "0.301913"
        },
        {
            "time": "25.12.2020 00:12",
            "open": "0.301913",
            "high": "0.301913",
            "low": "0.301399",
            "close": "0.30264"
        },
        {
            "time": "25.12.2020 00:15",
            "open": "0.30264",
            "high": "0.30264",
            "low": "0.30264",
            "close": "0.302994"
        },
        {
            "time": "25.12.2020 00:17",
            "open": "0.302994",
            "high": "0.303062",
            "low": "0.302994",
            "close": "0.302756"
        },
        {
            "time": "25.12.2020 00:18",
            "open": "0.302756",
            "high": "0.302756",
            "low": "0.302756",
            "close": "0.301975"
        },
        {
            "time": "25.12.2020 00:19",
            "open": "0.301975",
            "high": "0.303066",
            "low": "0.30197",
            "close": "0.302002"
        },
        {
            "time": "25.12.2020 00:20",
            "open": "0.302002",
            "high": "0.302002",
            "low": "0.30043",
            "close": "0.300168"
        },
        {
            "time": "25.12.2020 00:23",
            "open": "0.300168",
            "high": "0.300168",
            "low": "0.3",
            "close": "0.3"
        },
        {
            "time": "25.12.2020 00:25",
            "open": "0.3",
            "high": "0.3",
            "low": "0.3",
            "close": "0.299523"
        },
        {
            "time": "25.12.2020 00:29",
            "open": "0.299523",
            "high": "0.299523",
            "low": "0.299523",
            "close": "0.298984"
        },
        {
            "time": "25.12.2020 00:32",
            "open": "0.298984",
            "high": "0.299999",
            "low": "0.298937",
            "close": "0.29922"
        },
        {
            "time": "25.12.2020 00:33",
            "open": "0.29922",
            "high": "0.299998",
            "low": "0.29922",
            "close": "0.299851"
        },
        {
            "time": "25.12.2020 00:34",
            "open": "0.299851",
            "high": "0.299982",
            "low": "0.299851",
            "close": "0.299381"
        },
        {
            "time": "25.12.2020 00:35",
            "open": "0.299381",
            "high": "0.299381",
            "low": "0.299381",
            "close": "0.29804"
        },
        {
            "time": "25.12.2020 00:36",
            "open": "0.29804",
            "high": "0.29804",
            "low": "0.29804",
            "close": "0.298255"
        },
        {
            "time": "25.12.2020 00:37",
            "open": "0.298255",
            "high": "0.298255",
            "low": "0.298255",
            "close": "0.298327"
        },
        {
            "time": "25.12.2020 00:42",
            "open": "0.298327",
            "high": "0.298327",
            "low": "0.297173",
            "close": "0.2975"
        },
        {
            "time": "25.12.2020 00:45",
            "open": "0.2975",
            "high": "0.298037",
            "low": "0.2975",
            "close": "0.298039"
        },
        {
            "time": "25.12.2020 00:46",
            "open": "0.298039",
            "high": "0.298039",
            "low": "0.298039",
            "close": "0.297091"
        },
        {
            "time": "25.12.2020 00:47",
            "open": "0.297091",
            "high": "0.297091",
            "low": "0.297091",
            "close": "0.298042"
        },
        {
            "time": "25.12.2020 00:48",
            "open": "0.298042",
            "high": "0.298042",
            "low": "0.298042",
            "close": "0.297837"
        },
        {
            "time": "25.12.2020 00:49",
            "open": "0.297837",
            "high": "0.297837",
            "low": "0.297837",
            "close": "0.298801"
        },
        {
            "time": "25.12.2020 00:53",
            "open": "0.298801",
            "high": "0.298801",
            "low": "0.298801",
            "close": "0.298794"
        },
        {
            "time": "25.12.2020 00:56",
            "open": "0.298794",
            "high": "0.298794",
            "low": "0.298794",
            "close": "0.298794"
        },
        {
            "time": "25.12.2020 01:00",
            "open": "0.298794",
            "high": "0.298794",
            "low": "0.298794",
            "close": "0.298616"
        },
        {
            "time": "25.12.2020 01:01",
            "open": "0.298616",
            "high": "0.298616",
            "low": "0.298616",
            "close": "0.298666"
        },
        {
            "time": "25.12.2020 01:02",
            "open": "0.298666",
            "high": "0.298666",
            "low": "0.298666",
            "close": "0.298914"
        },
        {
            "time": "25.12.2020 01:06",
            "open": "0.298914",
            "high": "0.298914",
            "low": "0.298891",
            "close": "0.298926"
        },
        {
            "time": "25.12.2020 01:07",
            "open": "0.298926",
            "high": "0.298926",
            "low": "0.298926",
            "close": "0.297863"
        },
        {
            "time": "25.12.2020 01:08",
            "open": "0.297863",
            "high": "0.297863",
            "low": "0.297861",
            "close": "0.297864"
        },
        {
            "time": "25.12.2020 01:09",
            "open": "0.297864",
            "high": "0.297864",
            "low": "0.297497",
            "close": "0.297497"
        },
        {
            "time": "25.12.2020 01:10",
            "open": "0.297497",
            "high": "0.297497",
            "low": "0.297497",
            "close": "0.297828"
        },
        {
            "time": "25.12.2020 01:11",
            "open": "0.297828",
            "high": "0.297828",
            "low": "0.297828",
            "close": "0.297497"
        },
        {
            "time": "25.12.2020 01:12",
            "open": "0.297497",
            "high": "0.297497",
            "low": "0.296336",
            "close": "0.29742"
        },
        {
            "time": "25.12.2020 01:16",
            "open": "0.29742",
            "high": "0.29742",
            "low": "0.29742",
            "close": "0.29702"
        },
        {
            "time": "25.12.2020 01:18",
            "open": "0.29702",
            "high": "0.29702",
            "low": "0.29702",
            "close": "0.296343"
        },
        {
            "time": "25.12.2020 01:19",
            "open": "0.296343",
            "high": "0.296343",
            "low": "0.296096",
            "close": "0.298184"
        },
        {
            "time": "25.12.2020 01:28",
            "open": "0.298184",
            "high": "0.29819",
            "low": "0.298184",
            "close": "0.298378"
        },
        {
            "time": "25.12.2020 01:34",
            "open": "0.298378",
            "high": "0.298379",
            "low": "0.298378",
            "close": "0.298075"
        },
        {
            "time": "25.12.2020 01:36",
            "open": "0.298075",
            "high": "0.298075",
            "low": "0.298075",
            "close": "0.3"
        },
        {
            "time": "25.12.2020 01:45",
            "open": "0.3",
            "high": "0.3",
            "low": "0.3",
            "close": "0.299997"
        },
        {
            "time": "25.12.2020 01:47",
            "open": "0.299997",
            "high": "0.299997",
            "low": "0.299997",
            "close": "0.3"
        },
        {
            "time": "25.12.2020 01:49",
            "open": "0.3",
            "high": "0.3",
            "low": "0.3",
            "close": "0.300699"
        },
        {
            "time": "25.12.2020 02:13",
            "open": "0.300699",
            "high": "0.300699",
            "low": "0.300699",
            "close": "0.300103"
        },
        {
            "time": "25.12.2020 02:27",
            "open": "0.300103",
            "high": "0.300103",
            "low": "0.300103",
            "close": "0.301092"
        },
        {
            "time": "25.12.2020 02:28",
            "open": "0.301092",
            "high": "0.301092",
            "low": "0.301092",
            "close": "0.300113"
        },
        {
            "time": "25.12.2020 03:01",
            "open": "0.300113",
            "high": "0.300132",
            "low": "0.300113",
            "close": "0.300974"
        },
        {
            "time": "25.12.2020 03:04",
            "open": "0.300974",
            "high": "0.300974",
            "low": "0.300974",
            "close": "0.300868"
        },
        {
            "time": "25.12.2020 03:06",
            "open": "0.300868",
            "high": "0.300868",
            "low": "0.300185",
            "close": "0.300185"
        },
        {
            "time": "25.12.2020 03:08",
            "open": "0.300185",
            "high": "0.300185",
            "low": "0.300185",
            "close": "0.300187"
        },
        {
            "time": "25.12.2020 03:13",
            "open": "0.300187",
            "high": "0.300187",
            "low": "0.300187",
            "close": "0.300185"
        },
        {
            "time": "25.12.2020 03:17",
            "open": "0.300185",
            "high": "0.300185",
            "low": "0.300185",
            "close": "0.300668"
        },
        {
            "time": "25.12.2020 03:18",
            "open": "0.300668",
            "high": "0.30067",
            "low": "0.300668",
            "close": "0.300767"
        },
        {
            "time": "25.12.2020 03:21",
            "open": "0.300767",
            "high": "0.300886",
            "low": "0.300767",
            "close": "0.300982"
        },
        {
            "time": "25.12.2020 03:25",
            "open": "0.300982",
            "high": "0.300982",
            "low": "0.300982",
            "close": "0.300189"
        },
        {
            "time": "25.12.2020 03:26",
            "open": "0.300189",
            "high": "0.300985",
            "low": "0.300187",
            "close": "0.300985"
        },
        {
            "time": "25.12.2020 03:27",
            "open": "0.300985",
            "high": "0.300985",
            "low": "0.300187",
            "close": "0.300852"
        },
        {
            "time": "25.12.2020 03:29",
            "open": "0.300852",
            "high": "0.300852",
            "low": "0.300852",
            "close": "0.300189"
        },
        {
            "time": "25.12.2020 03:31",
            "open": "0.300189",
            "high": "0.300189",
            "low": "0.300187",
            "close": "0.300918"
        },
        {
            "time": "25.12.2020 03:34",
            "open": "0.300918",
            "high": "0.300918",
            "low": "0.300918",
            "close": "0.300187"
        },
        {
            "time": "25.12.2020 03:36",
            "open": "0.300187",
            "high": "0.300187",
            "low": "0.29938",
            "close": "0.29811"
        },
        {
            "time": "25.12.2020 03:45",
            "open": "0.29811",
            "high": "0.29811",
            "low": "0.29811",
            "close": "0.300936"
        },
        {
            "time": "25.12.2020 03:54",
            "open": "0.300936",
            "high": "0.300936",
            "low": "0.300936",
            "close": "0.298166"
        },
        {
            "time": "25.12.2020 04:00",
            "open": "0.298166",
            "high": "0.298166",
            "low": "0.298166",
            "close": "0.299865"
        },
        {
            "time": "25.12.2020 04:01",
            "open": "0.299865",
            "high": "0.299865",
            "low": "0.299865",
            "close": "0.299028"
        },
        {
            "time": "25.12.2020 04:12",
            "open": "0.299028",
            "high": "0.299028",
            "low": "0.299028",
            "close": "0.298367"
        },
        {
            "time": "25.12.2020 04:14",
            "open": "0.298367",
            "high": "0.298367",
            "low": "0.298366",
            "close": "0.299127"
        },
        {
            "time": "25.12.2020 04:16",
            "open": "0.299127",
            "high": "0.299127",
            "low": "0.299127",
            "close": "0.298"
        },
        {
            "time": "25.12.2020 04:28",
            "open": "0.298",
            "high": "0.298",
            "low": "0.298",
            "close": "0.297765"
        },
        {
            "time": "25.12.2020 04:54",
            "open": "0.297765",
            "high": "0.297765",
            "low": "0.297765",
            "close": "0.297231"
        },
        {
            "time": "25.12.2020 04:59",
            "open": "0.297231",
            "high": "0.297231",
            "low": "0.297231",
            "close": "0.298075"
        },
        {
            "time": "25.12.2020 05:05",
            "open": "0.298075",
            "high": "0.298075",
            "low": "0.298065",
            "close": "0.298058"
        },
        {
            "time": "25.12.2020 05:14",
            "open": "0.298058",
            "high": "0.298058",
            "low": "0.298058",
            "close": "0.298353"
        },
        {
            "time": "25.12.2020 05:16",
            "open": "0.298353",
            "high": "0.298356",
            "low": "0.298353",
            "close": "0.299111"
        },
        {
            "time": "25.12.2020 05:34",
            "open": "0.299111",
            "high": "0.299111",
            "low": "0.299109",
            "close": "0.296621"
        },
        {
            "time": "25.12.2020 06:15",
            "open": "0.296621",
            "high": "0.296621",
            "low": "0.296612",
            "close": "0.296781"
        },
        {
            "time": "25.12.2020 06:23",
            "open": "0.296781",
            "high": "0.296781",
            "low": "0.296781",
            "close": "0.296782"
        },
        {
            "time": "25.12.2020 06:24",
            "open": "0.296782",
            "high": "0.296782",
            "low": "0.296782",
            "close": "0.298847"
        },
        {
            "time": "25.12.2020 06:44",
            "open": "0.298847",
            "high": "0.298847",
            "low": "0.29873",
            "close": "0.298475"
        },
        {
            "time": "25.12.2020 06:52",
            "open": "0.298475",
            "high": "0.298478",
            "low": "0.298475",
            "close": "0.297318"
        },
        {
            "time": "25.12.2020 06:55",
            "open": "0.297318",
            "high": "0.297318",
            "low": "0.297318",
            "close": "0.29898"
        },
        {
            "time": "25.12.2020 07:27",
            "open": "0.29898",
            "high": "0.29898",
            "low": "0.29898",
            "close": "0.29964"
        },
        {
            "time": "25.12.2020 07:34",
            "open": "0.29964",
            "high": "0.299642",
            "low": "0.29964",
            "close": "0.300502"
        },
        {
            "time": "25.12.2020 07:37",
            "open": "0.300502",
            "high": "0.300502",
            "low": "0.300502",
            "close": "0.300255"
        },
        {
            "time": "25.12.2020 07:43",
            "open": "0.300255",
            "high": "0.300255",
            "low": "0.300255",
            "close": "0.300591"
        },
        {
            "time": "25.12.2020 07:44",
            "open": "0.300591",
            "high": "0.300593",
            "low": "0.300591",
            "close": "0.29993"
        },
        {
            "time": "25.12.2020 07:46",
            "open": "0.29993",
            "high": "0.29993",
            "low": "0.299646",
            "close": "0.30091"
        },
        {
            "time": "25.12.2020 07:57",
            "open": "0.30091",
            "high": "0.300928",
            "low": "0.30091",
            "close": "0.300526"
        },
        {
            "time": "25.12.2020 08:03",
            "open": "0.300526",
            "high": "0.300526",
            "low": "0.300526",
            "close": "0.300381"
        },
        {
            "time": "25.12.2020 08:07",
            "open": "0.300381",
            "high": "0.300381",
            "low": "0.300381",
            "close": "0.300272"
        },
        {
            "time": "25.12.2020 08:17",
            "open": "0.300272",
            "high": "0.300272",
            "low": "0.300272",
            "close": "0.29934"
        },
        {
            "time": "25.12.2020 08:19",
            "open": "0.29934",
            "high": "0.29934",
            "low": "0.29934",
            "close": "0.299139"
        },
        {
            "time": "25.12.2020 08:24",
            "open": "0.299139",
            "high": "0.299139",
            "low": "0.299139",
            "close": "0.299423"
        },
        {
            "time": "25.12.2020 08:26",
            "open": "0.299423",
            "high": "0.299423",
            "low": "0.299412",
            "close": "0.300635"
        },
        {
            "time": "25.12.2020 08:40",
            "open": "0.300635",
            "high": "0.300635",
            "low": "0.300635",
            "close": "0.300701"
        },
        {
            "time": "25.12.2020 08:47",
            "open": "0.300701",
            "high": "0.300714",
            "low": "0.300701",
            "close": "0.300834"
        },
        {
            "time": "25.12.2020 08:58",
            "open": "0.300834",
            "high": "0.300834",
            "low": "0.300834",
            "close": "0.302"
        },
        {
            "time": "25.12.2020 09:01",
            "open": "0.302",
            "high": "0.302",
            "low": "0.302",
            "close": "0.302221"
        },
        {
            "time": "25.12.2020 09:02",
            "open": "0.302221",
            "high": "0.302221",
            "low": "0.302221",
            "close": "0.302753"
        },
        {
            "time": "25.12.2020 09:10",
            "open": "0.302753",
            "high": "0.302753",
            "low": "0.302753",
            "close": "0.303146"
        },
        {
            "time": "25.12.2020 09:13",
            "open": "0.303146",
            "high": "0.303704",
            "low": "0.303146",
            "close": "0.302696"
        },
        {
            "time": "25.12.2020 09:26",
            "open": "0.302696",
            "high": "0.302696",
            "low": "0.302696",
            "close": "0.303683"
        },
        {
            "time": "25.12.2020 09:30",
            "open": "0.303683",
            "high": "0.303683",
            "low": "0.303683",
            "close": "0.303999"
        },
        {
            "time": "25.12.2020 09:31",
            "open": "0.303999",
            "high": "0.303999",
            "low": "0.303999",
            "close": "0.302167"
        },
        {
            "time": "25.12.2020 09:35",
            "open": "0.302167",
            "high": "0.302167",
            "low": "0.302167",
            "close": "0.303033"
        },
        {
            "time": "25.12.2020 09:41",
            "open": "0.303033",
            "high": "0.303033",
            "low": "0.303033",
            "close": "0.302486"
        },
        {
            "time": "25.12.2020 09:52",
            "open": "0.302486",
            "high": "0.302486",
            "low": "0.302486",
            "close": "0.302225"
        },
        {
            "time": "25.12.2020 09:57",
            "open": "0.302225",
            "high": "0.303075",
            "low": "0.302225",
            "close": "0.302978"
        },
        {
            "time": "25.12.2020 10:01",
            "open": "0.302978",
            "high": "0.302978",
            "low": "0.302786",
            "close": "0.30376"
        },
        {
            "time": "25.12.2020 10:04",
            "open": "0.30376",
            "high": "0.30376",
            "low": "0.30376",
            "close": "0.304"
        },
        {
            "time": "25.12.2020 10:19",
            "open": "0.304",
            "high": "0.304",
            "low": "0.304",
            "close": "0.303976"
        },
        {
            "time": "25.12.2020 10:20",
            "open": "0.303976",
            "high": "0.303976",
            "low": "0.303975",
            "close": "0.302486"
        },
        {
            "time": "25.12.2020 10:32",
            "open": "0.302486",
            "high": "0.302486",
            "low": "0.302486",
            "close": "0.303329"
        },
        {
            "time": "25.12.2020 10:33",
            "open": "0.303329",
            "high": "0.303329",
            "low": "0.303329",
            "close": "0.304"
        },
        {
            "time": "25.12.2020 10:36",
            "open": "0.304",
            "high": "0.30439",
            "low": "0.304",
            "close": "0.3045"
        },
        {
            "time": "25.12.2020 10:42",
            "open": "0.3045",
            "high": "0.305198",
            "low": "0.3045",
            "close": "0.3052"
        },
        {
            "time": "25.12.2020 10:44",
            "open": "0.3052",
            "high": "0.305274",
            "low": "0.304823",
            "close": "0.305214"
        },
        {
            "time": "25.12.2020 10:45",
            "open": "0.305214",
            "high": "0.305214",
            "low": "0.305214",
            "close": "0.305336"
        },
        {
            "time": "25.12.2020 10:49",
            "open": "0.305336",
            "high": "0.305336",
            "low": "0.305336",
            "close": "0.305382"
        },
        {
            "time": "25.12.2020 10:50",
            "open": "0.305382",
            "high": "0.305382",
            "low": "0.304884",
            "close": "0.305382"
        },
        {
            "time": "25.12.2020 10:51",
            "open": "0.305382",
            "high": "0.305954",
            "low": "0.305382",
            "close": "0.306"
        },
        {
            "time": "25.12.2020 10:53",
            "open": "0.306",
            "high": "0.306177",
            "low": "0.306",
            "close": "0.306457"
        },
        {
            "time": "25.12.2020 10:54",
            "open": "0.306457",
            "high": "0.306457",
            "low": "0.306457",
            "close": "0.305393"
        },
        {
            "time": "25.12.2020 10:56",
            "open": "0.305393",
            "high": "0.305393",
            "low": "0.305393",
            "close": "0.305504"
        },
        {
            "time": "25.12.2020 11:00",
            "open": "0.305504",
            "high": "0.305504",
            "low": "0.305504",
            "close": "0.304465"
        },
        {
            "time": "25.12.2020 11:01",
            "open": "0.304465",
            "high": "0.304465",
            "low": "0.304465",
            "close": "0.305729"
        },
        {
            "time": "25.12.2020 11:03",
            "open": "0.305729",
            "high": "0.305729",
            "low": "0.305729",
            "close": "0.30685"
        },
        {
            "time": "25.12.2020 11:04",
            "open": "0.30685",
            "high": "0.30685",
            "low": "0.30685",
            "close": "0.305959"
        },
        {
            "time": "25.12.2020 11:05",
            "open": "0.305959",
            "high": "0.305959",
            "low": "0.305959",
            "close": "0.306517"
        },
        {
            "time": "25.12.2020 11:06",
            "open": "0.306517",
            "high": "0.306517",
            "low": "0.305336",
            "close": "0.305058"
        },
        {
            "time": "25.12.2020 11:07",
            "open": "0.305058",
            "high": "0.305058",
            "low": "0.305058",
            "close": "0.304462"
        },
        {
            "time": "25.12.2020 11:09",
            "open": "0.304462",
            "high": "0.304462",
            "low": "0.304462",
            "close": "0.304491"
        },
        {
            "time": "25.12.2020 11:10",
            "open": "0.304491",
            "high": "0.305703",
            "low": "0.304491",
            "close": "0.304396"
        },
        {
            "time": "25.12.2020 11:11",
            "open": "0.304396",
            "high": "0.304396",
            "low": "0.304396",
            "close": "0.305933"
        },
        {
            "time": "25.12.2020 11:15",
            "open": "0.305933",
            "high": "0.305933",
            "low": "0.305933",
            "close": "0.305267"
        },
        {
            "time": "25.12.2020 11:17",
            "open": "0.305267",
            "high": "0.305267",
            "low": "0.305267",
            "close": "0.305237"
        },
        {
            "time": "25.12.2020 11:18",
            "open": "0.305237",
            "high": "0.305237",
            "low": "0.305237",
            "close": "0.305379"
        },
        {
            "time": "25.12.2020 11:20",
            "open": "0.305379",
            "high": "0.305742",
            "low": "0.305379",
            "close": "0.306091"
        },
        {
            "time": "25.12.2020 11:22",
            "open": "0.306091",
            "high": "0.306091",
            "low": "0.306091",
            "close": "0.306091"
        },
        {
            "time": "25.12.2020 11:24",
            "open": "0.306091",
            "high": "0.306091",
            "low": "0.306091",
            "close": "0.306091"
        },
        {
            "time": "25.12.2020 11:25",
            "open": "0.306091",
            "high": "0.307998",
            "low": "0.306091",
            "close": "0.307639"
        },
        {
            "time": "25.12.2020 11:27",
            "open": "0.307639",
            "high": "0.307639",
            "low": "0.307639",
            "close": "0.307431"
        },
        {
            "time": "25.12.2020 11:28",
            "open": "0.307431",
            "high": "0.307431",
            "low": "0.307431",
            "close": "0.307774"
        },
        {
            "time": "25.12.2020 11:32",
            "open": "0.307774",
            "high": "0.307774",
            "low": "0.307774",
            "close": "0.307177"
        },
        {
            "time": "25.12.2020 11:34",
            "open": "0.307177",
            "high": "0.307774",
            "low": "0.307177",
            "close": "0.307917"
        },
        {
            "time": "25.12.2020 11:36",
            "open": "0.307917",
            "high": "0.307917",
            "low": "0.307917",
            "close": "0.307997"
        },
        {
            "time": "25.12.2020 11:39",
            "open": "0.307997",
            "high": "0.307997",
            "low": "0.307997",
            "close": "0.307113"
        },
        {
            "time": "25.12.2020 11:40",
            "open": "0.307113",
            "high": "0.307113",
            "low": "0.307113",
            "close": "0.307997"
        },
        {
            "time": "25.12.2020 11:41",
            "open": "0.307997",
            "high": "0.307997",
            "low": "0.307997",
            "close": "0.307218"
        },
        {
            "time": "25.12.2020 11:43",
            "open": "0.307218",
            "high": "0.307218",
            "low": "0.307218",
            "close": "0.306805"
        },
        {
            "time": "25.12.2020 11:44",
            "open": "0.306805",
            "high": "0.306805",
            "low": "0.306805",
            "close": "0.306364"
        },
        {
            "time": "25.12.2020 11:46",
            "open": "0.306364",
            "high": "0.306364",
            "low": "0.306364",
            "close": "0.307314"
        },
        {
            "time": "25.12.2020 11:49",
            "open": "0.307314",
            "high": "0.307314",
            "low": "0.307314",
            "close": "0.307423"
        },
        {
            "time": "25.12.2020 11:51",
            "open": "0.307423",
            "high": "0.307423",
            "low": "0.307421",
            "close": "0.307928"
        },
        {
            "time": "25.12.2020 11:52",
            "open": "0.307928",
            "high": "0.307928",
            "low": "0.307928",
            "close": "0.307248"
        },
        {
            "time": "25.12.2020 11:53",
            "open": "0.307248",
            "high": "0.307248",
            "low": "0.307248",
            "close": "0.307976"
        },
        {
            "time": "25.12.2020 11:55",
            "open": "0.307976",
            "high": "0.307976",
            "low": "0.307976",
            "close": "0.307589"
        },
        {
            "time": "25.12.2020 11:58",
            "open": "0.307589",
            "high": "0.307589",
            "low": "0.307589",
            "close": "0.307999"
        },
        {
            "time": "25.12.2020 12:00",
            "open": "0.307999",
            "high": "0.307999",
            "low": "0.307999",
            "close": "0.307796"
        },
        {
            "time": "25.12.2020 12:03",
            "open": "0.307796",
            "high": "0.307798",
            "low": "0.307796",
            "close": "0.306728"
        },
        {
            "time": "25.12.2020 12:10",
            "open": "0.306728",
            "high": "0.306728",
            "low": "0.306728",
            "close": "0.307076"
        },
        {
            "time": "25.12.2020 12:13",
            "open": "0.307076",
            "high": "0.307076",
            "low": "0.307076",
            "close": "0.307928"
        },
        {
            "time": "25.12.2020 12:19",
            "open": "0.307928",
            "high": "0.307928",
            "low": "0.307928",
            "close": "0.307927"
        },
        {
            "time": "25.12.2020 12:20",
            "open": "0.307927",
            "high": "0.307927",
            "low": "0.307922",
            "close": "0.307928"
        },
        {
            "time": "25.12.2020 12:22",
            "open": "0.307928",
            "high": "0.308",
            "low": "0.307928",
            "close": "0.307999"
        },
        {
            "time": "25.12.2020 12:23",
            "open": "0.307999",
            "high": "0.307999",
            "low": "0.307999",
            "close": "0.308"
        },
        {
            "time": "25.12.2020 12:25",
            "open": "0.308",
            "high": "0.308311",
            "low": "0.308",
            "close": "0.308346"
        },
        {
            "time": "25.12.2020 12:26",
            "open": "0.308346",
            "high": "0.308382",
            "low": "0.308345",
            "close": "0.308269"
        },
        {
            "time": "25.12.2020 12:27",
            "open": "0.308269",
            "high": "0.308269",
            "low": "0.308269",
            "close": "0.308782"
        },
        {
            "time": "25.12.2020 12:29",
            "open": "0.308782",
            "high": "0.308782",
            "low": "0.308782",
            "close": "0.307597"
        },
        {
            "time": "25.12.2020 12:30",
            "open": "0.307597",
            "high": "0.307597",
            "low": "0.307597",
            "close": "0.309"
        },
        {
            "time": "25.12.2020 12:33",
            "open": "0.309",
            "high": "0.309",
            "low": "0.309",
            "close": "0.308303"
        },
        {
            "time": "25.12.2020 12:35",
            "open": "0.308303",
            "high": "0.308303",
            "low": "0.308303",
            "close": "0.309448"
        },
        {
            "time": "25.12.2020 12:36",
            "open": "0.309448",
            "high": "0.3096",
            "low": "0.309448",
            "close": "0.307351"
        },
        {
            "time": "25.12.2020 12:42",
            "open": "0.307351",
            "high": "0.307351",
            "low": "0.307351",
            "close": "0.308542"
        },
        {
            "time": "25.12.2020 12:46",
            "open": "0.308542",
            "high": "0.308542",
            "low": "0.308542",
            "close": "0.309747"
        },
        {
            "time": "25.12.2020 12:50",
            "open": "0.309747",
            "high": "0.309761",
            "low": "0.309747",
            "close": "0.3099"
        },
        {
            "time": "25.12.2020 12:51",
            "open": "0.3099",
            "high": "0.3099",
            "low": "0.3099",
            "close": "0.31"
        },
        {
            "time": "25.12.2020 12:52",
            "open": "0.31",
            "high": "0.31",
            "low": "0.31",
            "close": "0.31"
        },
        {
            "time": "25.12.2020 12:53",
            "open": "0.31",
            "high": "0.31",
            "low": "0.3099",
            "close": "0.308719"
        },
        {
            "time": "25.12.2020 12:55",
            "open": "0.308719",
            "high": "0.309734",
            "low": "0.308719",
            "close": "0.309998"
        },
        {
            "time": "25.12.2020 12:57",
            "open": "0.309998",
            "high": "0.309998",
            "low": "0.309998",
            "close": "0.31"
        },
        {
            "time": "25.12.2020 12:58",
            "open": "0.31",
            "high": "0.31",
            "low": "0.31",
            "close": "0.3094"
        },
        {
            "time": "25.12.2020 12:59",
            "open": "0.3094",
            "high": "0.309628",
            "low": "0.308457",
            "close": "0.309264"
        },
        {
            "time": "25.12.2020 13:02",
            "open": "0.309264",
            "high": "0.309264",
            "low": "0.309264",
            "close": "0.309739"
        },
        {
            "time": "25.12.2020 13:03",
            "open": "0.309739",
            "high": "0.309739",
            "low": "0.309739",
            "close": "0.308077"
        },
        {
            "time": "25.12.2020 13:10",
            "open": "0.308077",
            "high": "0.308077",
            "low": "0.308077",
            "close": "0.308077"
        },
        {
            "time": "25.12.2020 13:11",
            "open": "0.308077",
            "high": "0.308077",
            "low": "0.308077",
            "close": "0.308139"
        },
        {
            "time": "25.12.2020 13:12",
            "open": "0.308139",
            "high": "0.308139",
            "low": "0.308137",
            "close": "0.307575"
        },
        {
            "time": "25.12.2020 13:14",
            "open": "0.307575",
            "high": "0.307575",
            "low": "0.307212",
            "close": "0.307695"
        },
        {
            "time": "25.12.2020 13:15",
            "open": "0.307695",
            "high": "0.307695",
            "low": "0.307695",
            "close": "0.308136"
        },
        {
            "time": "25.12.2020 13:21",
            "open": "0.308136",
            "high": "0.308136",
            "low": "0.308136",
            "close": "0.307217"
        },
        {
            "time": "25.12.2020 13:22",
            "open": "0.307217",
            "high": "0.307217",
            "low": "0.307215",
            "close": "0.307308"
        },
        {
            "time": "25.12.2020 13:27",
            "open": "0.307308",
            "high": "0.308176",
            "low": "0.307308",
            "close": "0.307727"
        },
        {
            "time": "25.12.2020 13:29",
            "open": "0.307727",
            "high": "0.307727",
            "low": "0.307727",
            "close": "0.307509"
        },
        {
            "time": "25.12.2020 13:31",
            "open": "0.307509",
            "high": "0.307509",
            "low": "0.307509",
            "close": "0.306732"
        },
        {
            "time": "25.12.2020 13:36",
            "open": "0.306732",
            "high": "0.306732",
            "low": "0.306732",
            "close": "0.308085"
        },
        {
            "time": "25.12.2020 13:38",
            "open": "0.308085",
            "high": "0.308085",
            "low": "0.308085",
            "close": "0.307553"
        },
        {
            "time": "25.12.2020 13:39",
            "open": "0.307553",
            "high": "0.307553",
            "low": "0.307553",
            "close": "0.306645"
        },
        {
            "time": "25.12.2020 13:41",
            "open": "0.306645",
            "high": "0.306645",
            "low": "0.306645",
            "close": "0.306645"
        },
        {
            "time": "25.12.2020 13:42",
            "open": "0.306645",
            "high": "0.306645",
            "low": "0.306561",
            "close": "0.306952"
        },
        {
            "time": "25.12.2020 13:44",
            "open": "0.306952",
            "high": "0.306952",
            "low": "0.306952",
            "close": "0.304331"
        },
        {
            "time": "25.12.2020 13:48",
            "open": "0.304331",
            "high": "0.304331",
            "low": "0.304331",
            "close": "0.305419"
        },
        {
            "time": "25.12.2020 13:51",
            "open": "0.305419",
            "high": "0.305419",
            "low": "0.305419",
            "close": "0.305133"
        },
        {
            "time": "25.12.2020 13:52",
            "open": "0.305133",
            "high": "0.305133",
            "low": "0.305133",
            "close": "0.304135"
        },
        {
            "time": "25.12.2020 13:53",
            "open": "0.304135",
            "high": "0.304135",
            "low": "0.304135",
            "close": "0.302479"
        },
        {
            "time": "25.12.2020 13:56",
            "open": "0.302479",
            "high": "0.302479",
            "low": "0.302478",
            "close": "0.302478"
        },
        {
            "time": "25.12.2020 13:57",
            "open": "0.302478",
            "high": "0.303076",
            "low": "0.302478",
            "close": "0.302169"
        },
        {
            "time": "25.12.2020 13:58",
            "open": "0.302169",
            "high": "0.302169",
            "low": "0.302169",
            "close": "0.302533"
        },
        {
            "time": "25.12.2020 13:59",
            "open": "0.302533",
            "high": "0.302533",
            "low": "0.301342",
            "close": "0.301289"
        },
        {
            "time": "25.12.2020 14:00",
            "open": "0.301289",
            "high": "0.301289",
            "low": "0.301243",
            "close": "0.302365"
        },
        {
            "time": "25.12.2020 14:01",
            "open": "0.302365",
            "high": "0.302365",
            "low": "0.302365",
            "close": "0.301915"
        },
        {
            "time": "25.12.2020 14:02",
            "open": "0.301915",
            "high": "0.301915",
            "low": "0.301915",
            "close": "0.302984"
        },
        {
            "time": "25.12.2020 14:03",
            "open": "0.302984",
            "high": "0.302984",
            "low": "0.302977",
            "close": "0.302336"
        },
        {
            "time": "25.12.2020 14:05",
            "open": "0.302336",
            "high": "0.302336",
            "low": "0.302336",
            "close": "0.30287"
        },
        {
            "time": "25.12.2020 14:07",
            "open": "0.30287",
            "high": "0.30287",
            "low": "0.30287",
            "close": "0.302647"
        },
        {
            "time": "25.12.2020 14:08",
            "open": "0.302647",
            "high": "0.302719",
            "low": "0.302647",
            "close": "0.302654"
        },
        {
            "time": "25.12.2020 14:11",
            "open": "0.302654",
            "high": "0.302654",
            "low": "0.302653",
            "close": "0.302725"
        },
        {
            "time": "25.12.2020 14:15",
            "open": "0.302725",
            "high": "0.302725",
            "low": "0.302725",
            "close": "0.302647"
        },
        {
            "time": "25.12.2020 14:16",
            "open": "0.302647",
            "high": "0.302647",
            "low": "0.302647",
            "close": "0.302647"
        },
        {
            "time": "25.12.2020 14:17",
            "open": "0.302647",
            "high": "0.302647",
            "low": "0.302647",
            "close": "0.303141"
        },
        {
            "time": "25.12.2020 14:24",
            "open": "0.303141",
            "high": "0.303141",
            "low": "0.302673",
            "close": "0.302657"
        },
        {
            "time": "25.12.2020 14:26",
            "open": "0.302657",
            "high": "0.302657",
            "low": "0.302657",
            "close": "0.303268"
        },
        {
            "time": "25.12.2020 14:27",
            "open": "0.303268",
            "high": "0.303268",
            "low": "0.303268",
            "close": "0.302647"
        },
        {
            "time": "25.12.2020 14:33",
            "open": "0.302647",
            "high": "0.302647",
            "low": "0.302371",
            "close": "0.302387"
        },
        {
            "time": "25.12.2020 14:34",
            "open": "0.302387",
            "high": "0.302387",
            "low": "0.302387",
            "close": "0.302387"
        },
        {
            "time": "25.12.2020 14:35",
            "open": "0.302387",
            "high": "0.302389",
            "low": "0.302387",
            "close": "0.301867"
        },
        {
            "time": "25.12.2020 14:36",
            "open": "0.301867",
            "high": "0.301867",
            "low": "0.301867",
            "close": "0.301979"
        },
        {
            "time": "25.12.2020 14:37",
            "open": "0.301979",
            "high": "0.301979",
            "low": "0.301979",
            "close": "0.302178"
        },
        {
            "time": "25.12.2020 14:39",
            "open": "0.302178",
            "high": "0.302178",
            "low": "0.302178",
            "close": "0.301979"
        },
        {
            "time": "25.12.2020 14:40",
            "open": "0.301979",
            "high": "0.301979",
            "low": "0.30165",
            "close": "0.302736"
        },
        {
            "time": "25.12.2020 14:47",
            "open": "0.302736",
            "high": "0.302736",
            "low": "0.302736",
            "close": "0.30205"
        },
        {
            "time": "25.12.2020 14:50",
            "open": "0.30205",
            "high": "0.30205",
            "low": "0.30205",
            "close": "0.302699"
        },
        {
            "time": "25.12.2020 14:56",
            "open": "0.302699",
            "high": "0.302699",
            "low": "0.302699",
            "close": "0.302459"
        },
        {
            "time": "25.12.2020 14:59",
            "open": "0.302459",
            "high": "0.302922",
            "low": "0.302459",
            "close": "0.302492"
        },
        {
            "time": "25.12.2020 15:00",
            "open": "0.302492",
            "high": "0.302492",
            "low": "0.302492",
            "close": "0.302633"
        },
        {
            "time": "25.12.2020 15:03",
            "open": "0.302633",
            "high": "0.302633",
            "low": "0.302633",
            "close": "0.302183"
        },
        {
            "time": "25.12.2020 15:05",
            "open": "0.302183",
            "high": "0.302185",
            "low": "0.302183",
            "close": "0.301872"
        },
        {
            "time": "25.12.2020 15:08",
            "open": "0.301872",
            "high": "0.301872",
            "low": "0.301872",
            "close": "0.30185"
        },
        {
            "time": "25.12.2020 15:12",
            "open": "0.30185",
            "high": "0.30185",
            "low": "0.30185",
            "close": "0.301456"
        },
        {
            "time": "25.12.2020 15:13",
            "open": "0.301456",
            "high": "0.301456",
            "low": "0.301456",
            "close": "0.301451"
        },
        {
            "time": "25.12.2020 15:14",
            "open": "0.301451",
            "high": "0.301451",
            "low": "0.300922",
            "close": "0.301999"
        },
        {
            "time": "25.12.2020 15:20",
            "open": "0.301999",
            "high": "0.301999",
            "low": "0.301999",
            "close": "0.301266"
        },
        {
            "time": "25.12.2020 15:21",
            "open": "0.301266",
            "high": "0.30173",
            "low": "0.301266",
            "close": "0.302"
        },
        {
            "time": "25.12.2020 15:22",
            "open": "0.302",
            "high": "0.302",
            "low": "0.302",
            "close": "0.302394"
        },
        {
            "time": "25.12.2020 15:25",
            "open": "0.302394",
            "high": "0.302394",
            "low": "0.302394",
            "close": "0.302614"
        },
        {
            "time": "25.12.2020 15:28",
            "open": "0.302614",
            "high": "0.302614",
            "low": "0.302614",
            "close": "0.3028"
        },
        {
            "time": "25.12.2020 15:30",
            "open": "0.3028",
            "high": "0.3028",
            "low": "0.3028",
            "close": "0.302756"
        },
        {
            "time": "25.12.2020 15:31",
            "open": "0.302756",
            "high": "0.302756",
            "low": "0.302756",
            "close": "0.302397"
        },
        {
            "time": "25.12.2020 15:32",
            "open": "0.302397",
            "high": "0.302397",
            "low": "0.302394",
            "close": "0.30235"
        },
        {
            "time": "25.12.2020 15:37",
            "open": "0.30235",
            "high": "0.30235",
            "low": "0.30235",
            "close": "0.302085"
        },
        {
            "time": "25.12.2020 15:41",
            "open": "0.302085",
            "high": "0.302085",
            "low": "0.302051",
            "close": "0.301598"
        },
        {
            "time": "25.12.2020 15:42",
            "open": "0.301598",
            "high": "0.301598",
            "low": "0.301598",
            "close": "0.300002"
        },
        {
            "time": "25.12.2020 15:43",
            "open": "0.300002",
            "high": "0.300002",
            "low": "0.298534",
            "close": "0.3006"
        },
        {
            "time": "25.12.2020 15:44",
            "open": "0.3006",
            "high": "0.3006",
            "low": "0.3006",
            "close": "0.301089"
        },
        {
            "time": "25.12.2020 15:45",
            "open": "0.301089",
            "high": "0.301089",
            "low": "0.301089",
            "close": "0.301457"
        },
        {
            "time": "25.12.2020 15:46",
            "open": "0.301457",
            "high": "0.301457",
            "low": "0.299528",
            "close": "0.299913"
        },
        {
            "time": "25.12.2020 15:47",
            "open": "0.299913",
            "high": "0.299913",
            "low": "0.299913",
            "close": "0.3"
        },
        {
            "time": "25.12.2020 15:48",
            "open": "0.3",
            "high": "0.3",
            "low": "0.3",
            "close": "0.299221"
        },
        {
            "time": "25.12.2020 15:50",
            "open": "0.299221",
            "high": "0.299819",
            "low": "0.299221",
            "close": "0.298285"
        },
        {
            "time": "25.12.2020 15:51",
            "open": "0.298285",
            "high": "0.298285",
            "low": "0.298285",
            "close": "0.299113"
        },
        {
            "time": "25.12.2020 15:52",
            "open": "0.299113",
            "high": "0.299967",
            "low": "0.299113",
            "close": "0.299522"
        },
        {
            "time": "25.12.2020 15:54",
            "open": "0.299522",
            "high": "0.299522",
            "low": "0.299522",
            "close": "0.299247"
        },
        {
            "time": "25.12.2020 15:55",
            "open": "0.299247",
            "high": "0.299247",
            "low": "0.299062",
            "close": "0.29908"
        },
        {
            "time": "25.12.2020 15:56",
            "open": "0.29908",
            "high": "0.29908",
            "low": "0.299079",
            "close": "0.299591"
        },
        {
            "time": "25.12.2020 16:01",
            "open": "0.299591",
            "high": "0.299591",
            "low": "0.299591",
            "close": "0.299271"
        },
        {
            "time": "25.12.2020 16:04",
            "open": "0.299271",
            "high": "0.299271",
            "low": "0.299271",
            "close": "0.298871"
        },
        {
            "time": "25.12.2020 16:06",
            "open": "0.298871",
            "high": "0.298871",
            "low": "0.298871",
            "close": "0.299815"
        },
        {
            "time": "25.12.2020 16:14",
            "open": "0.299815",
            "high": "0.299815",
            "low": "0.299815",
            "close": "0.29888"
        },
        {
            "time": "25.12.2020 16:18",
            "open": "0.29888",
            "high": "0.29888",
            "low": "0.29888",
            "close": "0.29989"
        },
        {
            "time": "25.12.2020 16:19",
            "open": "0.29989",
            "high": "0.29989",
            "low": "0.29989",
            "close": "0.29961"
        },
        {
            "time": "25.12.2020 16:22",
            "open": "0.29961",
            "high": "0.29961",
            "low": "0.29961",
            "close": "0.29941"
        },
        {
            "time": "25.12.2020 16:24",
            "open": "0.29941",
            "high": "0.29941",
            "low": "0.29941",
            "close": "0.299875"
        },
        {
            "time": "25.12.2020 16:29",
            "open": "0.299875",
            "high": "0.299875",
            "low": "0.29939",
            "close": "0.299014"
        },
        {
            "time": "25.12.2020 16:37",
            "open": "0.299014",
            "high": "0.299176",
            "low": "0.299014",
            "close": "0.299099"
        },
        {
            "time": "25.12.2020 16:41",
            "open": "0.299099",
            "high": "0.299099",
            "low": "0.299099",
            "close": "0.2987"
        },
        {
            "time": "25.12.2020 16:43",
            "open": "0.2987",
            "high": "0.2987",
            "low": "0.2987",
            "close": "0.2987"
        },
        {
            "time": "25.12.2020 16:46",
            "open": "0.2987",
            "high": "0.2987",
            "low": "0.2987",
            "close": "0.298"
        },
        {
            "time": "25.12.2020 16:49",
            "open": "0.298",
            "high": "0.298",
            "low": "0.298",
            "close": "0.297"
        },
        {
            "time": "25.12.2020 16:57",
            "open": "0.297",
            "high": "0.297",
            "low": "0.297",
            "close": "0.29659"
        },
        {
            "time": "25.12.2020 16:58",
            "open": "0.29659",
            "high": "0.29659",
            "low": "0.29659",
            "close": "0.297265"
        },
        {
            "time": "25.12.2020 17:00",
            "open": "0.297265",
            "high": "0.297265",
            "low": "0.297265",
            "close": "0.2991"
        },
        {
            "time": "25.12.2020 17:08",
            "open": "0.2991",
            "high": "0.2991",
            "low": "0.2991",
            "close": "0.299266"
        },
        {
            "time": "25.12.2020 17:09",
            "open": "0.299266",
            "high": "0.299266",
            "low": "0.299265",
            "close": "0.299341"
        },
        {
            "time": "25.12.2020 17:10",
            "open": "0.299341",
            "high": "0.299341",
            "low": "0.299341",
            "close": "0.299388"
        },
        {
            "time": "25.12.2020 17:13",
            "open": "0.299388",
            "high": "0.29939",
            "low": "0.299388",
            "close": "0.3"
        },
        {
            "time": "25.12.2020 17:22",
            "open": "0.3",
            "high": "0.3",
            "low": "0.3",
            "close": "0.3"
        },
        {
            "time": "25.12.2020 17:23",
            "open": "0.3",
            "high": "0.3",
            "low": "0.3",
            "close": "0.3"
        },
        {
            "time": "25.12.2020 17:25",
            "open": "0.3",
            "high": "0.3",
            "low": "0.3",
            "close": "0.3"
        },
        {
            "time": "25.12.2020 17:26",
            "open": "0.3",
            "high": "0.3",
            "low": "0.3",
            "close": "0.3"
        },
        {
            "time": "25.12.2020 17:27",
            "open": "0.3",
            "high": "0.3",
            "low": "0.3",
            "close": "0.300539"
        },
        {
            "time": "25.12.2020 17:28",
            "open": "0.300539",
            "high": "0.300539",
            "low": "0.300539",
            "close": "0.299792"
        },
        {
            "time": "25.12.2020 17:29",
            "open": "0.299792",
            "high": "0.299792",
            "low": "0.299792",
            "close": "0.300172"
        },
        {
            "time": "25.12.2020 17:36",
            "open": "0.300172",
            "high": "0.300172",
            "low": "0.300172",
            "close": "0.298015"
        },
        {
            "time": "25.12.2020 17:43",
            "open": "0.298015",
            "high": "0.298015",
            "low": "0.298015",
            "close": "0.296"
        },
        {
            "time": "25.12.2020 17:48",
            "open": "0.296",
            "high": "0.296",
            "low": "0.295",
            "close": "0.294916"
        },
        {
            "time": "25.12.2020 17:49",
            "open": "0.294916",
            "high": "0.294916",
            "low": "0.294916",
            "close": "0.295506"
        },
        {
            "time": "25.12.2020 17:52",
            "open": "0.295506",
            "high": "0.295506",
            "low": "0.295506",
            "close": "0.294813"
        },
        {
            "time": "25.12.2020 17:54",
            "open": "0.294813",
            "high": "0.294813",
            "low": "0.294813",
            "close": "0.294406"
        },
        {
            "time": "25.12.2020 17:55",
            "open": "0.294406",
            "high": "0.294406",
            "low": "0.294406",
            "close": "0.294"
        },
        {
            "time": "25.12.2020 17:56",
            "open": "0.294",
            "high": "0.294",
            "low": "0.293678",
            "close": "0.293678"
        },
        {
            "time": "25.12.2020 17:58",
            "open": "0.293678",
            "high": "0.293678",
            "low": "0.292105",
            "close": "0.292105"
        },
        {
            "time": "25.12.2020 18:00",
            "open": "0.292105",
            "high": "0.292105",
            "low": "0.291",
            "close": "0.290789"
        },
        {
            "time": "25.12.2020 18:01",
            "open": "0.290789",
            "high": "0.290789",
            "low": "0.2905",
            "close": "0.2903"
        },
        {
            "time": "25.12.2020 18:02",
            "open": "0.2903",
            "high": "0.2903",
            "low": "0.289649",
            "close": "0.292273"
        },
        {
            "time": "25.12.2020 18:04",
            "open": "0.292273",
            "high": "0.292273",
            "low": "0.292273",
            "close": "0.290284"
        },
        {
            "time": "25.12.2020 18:05",
            "open": "0.290284",
            "high": "0.290284",
            "low": "0.290284",
            "close": "0.292678"
        },
        {
            "time": "25.12.2020 18:07",
            "open": "0.292678",
            "high": "0.292678",
            "low": "0.292678",
            "close": "0.291512"
        },
        {
            "time": "25.12.2020 18:08",
            "open": "0.291512",
            "high": "0.291512",
            "low": "0.291203",
            "close": "0.29093"
        },
        {
            "time": "25.12.2020 18:12",
            "open": "0.29093",
            "high": "0.29093",
            "low": "0.29093",
            "close": "0.291604"
        },
        {
            "time": "25.12.2020 18:16",
            "open": "0.291604",
            "high": "0.291606",
            "low": "0.291604",
            "close": "0.292023"
        },
        {
            "time": "25.12.2020 18:18",
            "open": "0.292023",
            "high": "0.292023",
            "low": "0.292023",
            "close": "0.292241"
        },
        {
            "time": "25.12.2020 18:19",
            "open": "0.292241",
            "high": "0.292534",
            "low": "0.292241",
            "close": "0.292648"
        },
        {
            "time": "25.12.2020 18:24",
            "open": "0.292648",
            "high": "0.292648",
            "low": "0.292648",
            "close": "0.29327"
        },
        {
            "time": "25.12.2020 18:27",
            "open": "0.29327",
            "high": "0.29327",
            "low": "0.29327",
            "close": "0.293208"
        },
        {
            "time": "25.12.2020 18:30",
            "open": "0.293208",
            "high": "0.293208",
            "low": "0.293208",
            "close": "0.292983"
        },
        {
            "time": "25.12.2020 18:31",
            "open": "0.292983",
            "high": "0.292983",
            "low": "0.292983",
            "close": "0.292429"
        },
        {
            "time": "25.12.2020 18:32",
            "open": "0.292429",
            "high": "0.292429",
            "low": "0.292429",
            "close": "0.292439"
        },
        {
            "time": "25.12.2020 18:39",
            "open": "0.292439",
            "high": "0.292439",
            "low": "0.292439",
            "close": "0.293442"
        },
        {
            "time": "25.12.2020 18:45",
            "open": "0.293442",
            "high": "0.293442",
            "low": "0.293442",
            "close": "0.2928"
        },
        {
            "time": "25.12.2020 18:46",
            "open": "0.2928",
            "high": "0.2928",
            "low": "0.2928",
            "close": "0.292764"
        },
        {
            "time": "25.12.2020 18:47",
            "open": "0.292764",
            "high": "0.292764",
            "low": "0.292764",
            "close": "0.292967"
        },
        {
            "time": "25.12.2020 18:48",
            "open": "0.292967",
            "high": "0.292967",
            "low": "0.292506",
            "close": "0.293634"
        },
        {
            "time": "25.12.2020 18:50",
            "open": "0.293634",
            "high": "0.293634",
            "low": "0.293634",
            "close": "0.293669"
        },
        {
            "time": "25.12.2020 18:54",
            "open": "0.293669",
            "high": "0.293811",
            "low": "0.293669",
            "close": "0.293043"
        },
        {
            "time": "25.12.2020 18:55",
            "open": "0.293043",
            "high": "0.293043",
            "low": "0.293043",
            "close": "0.293602"
        },
        {
            "time": "25.12.2020 18:56",
            "open": "0.293602",
            "high": "0.294105",
            "low": "0.292741",
            "close": "0.294153"
        },
        {
            "time": "25.12.2020 18:57",
            "open": "0.294153",
            "high": "0.294153",
            "low": "0.294153",
            "close": "0.292877"
        },
        {
            "time": "25.12.2020 18:58",
            "open": "0.292877",
            "high": "0.292877",
            "low": "0.292877",
            "close": "0.293789"
        },
        {
            "time": "25.12.2020 19:03",
            "open": "0.293789",
            "high": "0.294591",
            "low": "0.293789",
            "close": "0.293919"
        },
        {
            "time": "25.12.2020 19:05",
            "open": "0.293919",
            "high": "0.293919",
            "low": "0.293919",
            "close": "0.293936"
        },
        {
            "time": "25.12.2020 19:10",
            "open": "0.293936",
            "high": "0.293936",
            "low": "0.293936",
            "close": "0.293122"
        },
        {
            "time": "25.12.2020 19:23",
            "open": "0.293122",
            "high": "0.293122",
            "low": "0.293122",
            "close": "0.293122"
        },
        {
            "time": "25.12.2020 19:25",
            "open": "0.293122",
            "high": "0.293122",
            "low": "0.293122",
            "close": "0.29216"
        },
        {
            "time": "25.12.2020 19:26",
            "open": "0.29216",
            "high": "0.29216",
            "low": "0.29216",
            "close": "0.29315"
        },
        {
            "time": "25.12.2020 19:32",
            "open": "0.29315",
            "high": "0.29315",
            "low": "0.29223",
            "close": "0.292749"
        },
        {
            "time": "25.12.2020 19:34",
            "open": "0.292749",
            "high": "0.292749",
            "low": "0.292749",
            "close": "0.293"
        },
        {
            "time": "25.12.2020 19:41",
            "open": "0.293",
            "high": "0.293",
            "low": "0.293",
            "close": "0.292946"
        },
        {
            "time": "25.12.2020 19:44",
            "open": "0.292946",
            "high": "0.292946",
            "low": "0.292946",
            "close": "0.293545"
        },
        {
            "time": "25.12.2020 19:54",
            "open": "0.293545",
            "high": "0.293545",
            "low": "0.293545",
            "close": "0.293544"
        },
        {
            "time": "25.12.2020 19:59",
            "open": "0.293544",
            "high": "0.294136",
            "low": "0.293544",
            "close": "0.293474"
        },
        {
            "time": "25.12.2020 20:00",
            "open": "0.293474",
            "high": "0.293474",
            "low": "0.293474",
            "close": "0.292879"
        },
        {
            "time": "25.12.2020 20:03",
            "open": "0.292879",
            "high": "0.292879",
            "low": "0.292879",
            "close": "0.292944"
        },
        {
            "time": "25.12.2020 20:19",
            "open": "0.292944",
            "high": "0.292944",
            "low": "0.292944",
            "close": "0.293765"
        },
        {
            "time": "25.12.2020 20:25",
            "open": "0.293765",
            "high": "0.293765",
            "low": "0.293765",
            "close": "0.29381"
        },
        {
            "time": "25.12.2020 20:26",
            "open": "0.29381",
            "high": "0.29381",
            "low": "0.293002",
            "close": "0.293754"
        },
        {
            "time": "25.12.2020 20:31",
            "open": "0.293754",
            "high": "0.293754",
            "low": "0.293754",
            "close": "0.29407"
        },
        {
            "time": "25.12.2020 20:34",
            "open": "0.29407",
            "high": "0.29407",
            "low": "0.29407",
            "close": "0.294041"
        },
        {
            "time": "25.12.2020 20:35",
            "open": "0.294041",
            "high": "0.294361",
            "low": "0.294041",
            "close": "0.294626"
        },
        {
            "time": "25.12.2020 20:48",
            "open": "0.294626",
            "high": "0.294628",
            "low": "0.294005",
            "close": "0.294768"
        },
        {
            "time": "25.12.2020 20:53",
            "open": "0.294768",
            "high": "0.294768",
            "low": "0.294768",
            "close": "0.2948"
        },
        {
            "time": "25.12.2020 20:56",
            "open": "0.2948",
            "high": "0.2948",
            "low": "0.2948",
            "close": "0.2948"
        },
        {
            "time": "25.12.2020 21:00",
            "open": "0.2948",
            "high": "0.295674",
            "low": "0.2948",
            "close": "0.295223"
        },
        {
            "time": "25.12.2020 21:01",
            "open": "0.295223",
            "high": "0.295223",
            "low": "0.295223",
            "close": "0.294429"
        },
        {
            "time": "25.12.2020 21:02",
            "open": "0.294429",
            "high": "0.294429",
            "low": "0.294336",
            "close": "0.294007"
        },
        {
            "time": "25.12.2020 21:03",
            "open": "0.294007",
            "high": "0.294007",
            "low": "0.294007",
            "close": "0.294998"
        },
        {
            "time": "25.12.2020 21:05",
            "open": "0.294998",
            "high": "0.294998",
            "low": "0.294998",
            "close": "0.294702"
        },
        {
            "time": "25.12.2020 21:06",
            "open": "0.294702",
            "high": "0.294702",
            "low": "0.294702",
            "close": "0.294132"
        },
        {
            "time": "25.12.2020 21:10",
            "open": "0.294132",
            "high": "0.294964",
            "low": "0.294071",
            "close": "0.294658"
        },
        {
            "time": "25.12.2020 21:15",
            "open": "0.294658",
            "high": "0.294659",
            "low": "0.294356",
            "close": "0.29453"
        },
        {
            "time": "25.12.2020 21:18",
            "open": "0.29453",
            "high": "0.29453",
            "low": "0.29453",
            "close": "0.294568"
        },
        {
            "time": "25.12.2020 21:26",
            "open": "0.294568",
            "high": "0.294568",
            "low": "0.294568",
            "close": "0.29461"
        },
        {
            "time": "25.12.2020 21:27",
            "open": "0.29461",
            "high": "0.29461",
            "low": "0.29461",
            "close": "0.294877"
        },
        {
            "time": "25.12.2020 21:32",
            "open": "0.294877",
            "high": "0.294877",
            "low": "0.294877",
            "close": "0.294764"
        },
        {
            "time": "25.12.2020 21:37",
            "open": "0.294764",
            "high": "0.294764",
            "low": "0.294764",
            "close": "0.295041"
        },
        {
            "time": "25.12.2020 21:56",
            "open": "0.295041",
            "high": "0.295041",
            "low": "0.295041",
            "close": "0.294098"
        },
        {
            "time": "25.12.2020 22:00",
            "open": "0.294098",
            "high": "0.294098",
            "low": "0.294098",
            "close": "0.295533"
        },
        {
            "time": "25.12.2020 22:02",
            "open": "0.295533",
            "high": "0.295533",
            "low": "0.295533",
            "close": "0.294769"
        },
        {
            "time": "25.12.2020 22:06",
            "open": "0.294769",
            "high": "0.294769",
            "low": "0.294769",
            "close": "0.294219"
        },
        {
            "time": "25.12.2020 22:08",
            "open": "0.294219",
            "high": "0.294948",
            "low": "0.294219",
            "close": "0.295254"
        },
        {
            "time": "25.12.2020 22:09",
            "open": "0.295254",
            "high": "0.295254",
            "low": "0.295254",
            "close": "0.294284"
        },
        {
            "time": "25.12.2020 22:18",
            "open": "0.294284",
            "high": "0.294284",
            "low": "0.294284",
            "close": "0.294254"
        },
        {
            "time": "25.12.2020 22:19",
            "open": "0.294254",
            "high": "0.294254",
            "low": "0.294254",
            "close": "0.293017"
        },
        {
            "time": "25.12.2020 22:20",
            "open": "0.293017",
            "high": "0.293017",
            "low": "0.293017",
            "close": "0.292776"
        },
        {
            "time": "25.12.2020 22:21",
            "open": "0.292776",
            "high": "0.292776",
            "low": "0.292776",
            "close": "0.292594"
        },
        {
            "time": "25.12.2020 22:28",
            "open": "0.292594",
            "high": "0.292594",
            "low": "0.292594",
            "close": "0.292725"
        },
        {
            "time": "25.12.2020 22:32",
            "open": "0.292725",
            "high": "0.292725",
            "low": "0.292594",
            "close": "0.292357"
        },
        {
            "time": "25.12.2020 22:33",
            "open": "0.292357",
            "high": "0.293221",
            "low": "0.292357",
            "close": "0.293423"
        },
        {
            "time": "25.12.2020 22:37",
            "open": "0.293423",
            "high": "0.293423",
            "low": "0.293423",
            "close": "0.293492"
        },
        {
            "time": "25.12.2020 22:38",
            "open": "0.293492",
            "high": "0.293493",
            "low": "0.293492",
            "close": "0.292628"
        },
        {
            "time": "25.12.2020 22:40",
            "open": "0.292628",
            "high": "0.292628",
            "low": "0.292628",
            "close": "0.293592"
        },
        {
            "time": "25.12.2020 22:49",
            "open": "0.293592",
            "high": "0.293592",
            "low": "0.293592",
            "close": "0.293593"
        },
        {
            "time": "25.12.2020 22:54",
            "open": "0.293593",
            "high": "0.293593",
            "low": "0.293593",
            "close": "0.293997"
        },
        {
            "time": "25.12.2020 22:55",
            "open": "0.293997",
            "high": "0.293997",
            "low": "0.293997",
            "close": "0.293548"
        },
        {
            "time": "25.12.2020 23:03",
            "open": "0.293548",
            "high": "0.293548",
            "low": "0.293548",
            "close": "0.293786"
        },
        {
            "time": "25.12.2020 23:04",
            "open": "0.293786",
            "high": "0.293786",
            "low": "0.293786",
            "close": "0.293361"
        },
        {
            "time": "25.12.2020 23:15",
            "open": "0.293361",
            "high": "0.293361",
            "low": "0.293361",
            "close": "0.292328"
        },
        {
            "time": "25.12.2020 23:17",
            "open": "0.292328",
            "high": "0.292328",
            "low": "0.292327",
            "close": "0.292477"
        },
        {
            "time": "25.12.2020 23:21",
            "open": "0.292477",
            "high": "0.293974",
            "low": "0.292477",
            "close": "0.292983"
        },
        {
            "time": "25.12.2020 23:47",
            "open": "0.292983",
            "high": "0.292983",
            "low": "0.29292",
            "close": "0.292919"
        },
        {
            "time": "25.12.2020 23:51",
            "open": "0.292919",
            "high": "0.292919",
            "low": "0.292919",
            "close": "0.2929"
        },
        {
            "time": "25.12.2020 23:52",
            "open": "0.2929",
            "high": "0.2929",
            "low": "0.291503",
            "close": "0.292"
        }
    ]
}