{
    "ZRX-EUR": [
        {
            "time": "02.11.2020 23:55",
            "open": "0.28481",
            "high": "0.28481",
            "low": "0.284703",
            "close": "0.28606"
        },
        {
            "time": "03.11.2020 00:01",
            "open": "0.28606",
            "high": "0.28606",
            "low": "0.28606",
            "close": "0.28589"
        },
        {
            "time": "03.11.2020 00:02",
            "open": "0.28589",
            "high": "0.28589",
            "low": "0.28589",
            "close": "0.283504"
        },
        {
            "time": "03.11.2020 00:21",
            "open": "0.283504",
            "high": "0.283504",
            "low": "0.283504",
            "close": "0.283"
        },
        {
            "time": "03.11.2020 00:28",
            "open": "0.283",
            "high": "0.283",
            "low": "0.282978",
            "close": "0.283188"
        },
        {
            "time": "03.11.2020 00:34",
            "open": "0.283189",
            "high": "0.283189",
            "low": "0.283189",
            "close": "0.283233"
        },
        {
            "time": "03.11.2020 00:47",
            "open": "0.283233",
            "high": "0.283233",
            "low": "0.283233",
            "close": "0.282898"
        },
        {
            "time": "03.11.2020 00:48",
            "open": "0.282898",
            "high": "0.283111",
            "low": "0.282898",
            "close": "0.28241"
        },
        {
            "time": "03.11.2020 00:54",
            "open": "0.28241",
            "high": "0.28241",
            "low": "0.28241",
            "close": "0.2822"
        },
        {
            "time": "03.11.2020 01:02",
            "open": "0.2822",
            "high": "0.2822",
            "low": "0.281744",
            "close": "0.281718"
        },
        {
            "time": "03.11.2020 01:04",
            "open": "0.281718",
            "high": "0.281718",
            "low": "0.281718",
            "close": "0.281416"
        },
        {
            "time": "03.11.2020 01:05",
            "open": "0.281416",
            "high": "0.281416",
            "low": "0.281416",
            "close": "0.2811"
        },
        {
            "time": "03.11.2020 01:06",
            "open": "0.2811",
            "high": "0.2811",
            "low": "0.281",
            "close": "0.28099"
        },
        {
            "time": "03.11.2020 01:08",
            "open": "0.28099",
            "high": "0.28099",
            "low": "0.280851",
            "close": "0.281225"
        },
        {
            "time": "03.11.2020 01:16",
            "open": "0.281225",
            "high": "0.281225",
            "low": "0.281225",
            "close": "0.281225"
        },
        {
            "time": "03.11.2020 01:30",
            "open": "0.281225",
            "high": "0.281225",
            "low": "0.281225",
            "close": "0.28136"
        },
        {
            "time": "03.11.2020 01:36",
            "open": "0.28136",
            "high": "0.28136",
            "low": "0.28136",
            "close": "0.281743"
        },
        {
            "time": "03.11.2020 01:44",
            "open": "0.281743",
            "high": "0.281841",
            "low": "0.281743",
            "close": "0.281616"
        },
        {
            "time": "03.11.2020 02:00",
            "open": "0.281616",
            "high": "0.281616",
            "low": "0.281558",
            "close": "0.281621"
        },
        {
            "time": "03.11.2020 02:03",
            "open": "0.281621",
            "high": "0.281621",
            "low": "0.281621",
            "close": "0.2822"
        },
        {
            "time": "03.11.2020 02:17",
            "open": "0.2822",
            "high": "0.2822",
            "low": "0.2822",
            "close": "0.282285"
        },
        {
            "time": "03.11.2020 02:24",
            "open": "0.282285",
            "high": "0.282285",
            "low": "0.282285",
            "close": "0.282494"
        },
        {
            "time": "03.11.2020 02:57",
            "open": "0.282494",
            "high": "0.282494",
            "low": "0.282494",
            "close": "0.282567"
        },
        {
            "time": "03.11.2020 03:02",
            "open": "0.282567",
            "high": "0.282567",
            "low": "0.282567",
            "close": "0.282568"
        },
        {
            "time": "03.11.2020 03:04",
            "open": "0.282568",
            "high": "0.282568",
            "low": "0.282568",
            "close": "0.283189"
        },
        {
            "time": "03.11.2020 03:25",
            "open": "0.283189",
            "high": "0.283189",
            "low": "0.283189",
            "close": "0.281926"
        },
        {
            "time": "03.11.2020 03:36",
            "open": "0.281926",
            "high": "0.281926",
            "low": "0.281926",
            "close": "0.2806"
        },
        {
            "time": "03.11.2020 03:41",
            "open": "0.2806",
            "high": "0.2806",
            "low": "0.280363",
            "close": "0.280688"
        },
        {
            "time": "03.11.2020 03:42",
            "open": "0.281669",
            "high": "0.281669",
            "low": "0.281669",
            "close": "0.280062"
        },
        {
            "time": "03.11.2020 03:47",
            "open": "0.280062",
            "high": "0.280062",
            "low": "0.28",
            "close": "0.28"
        },
        {
            "time": "03.11.2020 03:48",
            "open": "0.28",
            "high": "0.28",
            "low": "0.28",
            "close": "0.281731"
        },
        {
            "time": "03.11.2020 03:51",
            "open": "0.281731",
            "high": "0.282406",
            "low": "0.281731",
            "close": "0.281788"
        },
        {
            "time": "03.11.2020 04:01",
            "open": "0.281788",
            "high": "0.281788",
            "low": "0.281195",
            "close": "0.280914"
        },
        {
            "time": "03.11.2020 04:02",
            "open": "0.280914",
            "high": "0.280914",
            "low": "0.280914",
            "close": "0.279"
        },
        {
            "time": "03.11.2020 04:11",
            "open": "0.279",
            "high": "0.279",
            "low": "0.278",
            "close": "0.277909"
        },
        {
            "time": "03.11.2020 04:12",
            "open": "0.277909",
            "high": "0.27841",
            "low": "0.277",
            "close": "0.278411"
        },
        {
            "time": "03.11.2020 04:13",
            "open": "0.278411",
            "high": "0.279538",
            "low": "0.278392",
            "close": "0.278661"
        },
        {
            "time": "03.11.2020 04:14",
            "open": "0.278661",
            "high": "0.278661",
            "low": "0.278373",
            "close": "0.277909"
        },
        {
            "time": "03.11.2020 04:15",
            "open": "0.277909",
            "high": "0.277909",
            "low": "0.277647",
            "close": "0.278085"
        },
        {
            "time": "03.11.2020 04:16",
            "open": "0.278085",
            "high": "0.278085",
            "low": "0.277812",
            "close": "0.277679"
        },
        {
            "time": "03.11.2020 04:18",
            "open": "0.277679",
            "high": "0.277679",
            "low": "0.277679",
            "close": "0.277839"
        },
        {
            "time": "03.11.2020 04:25",
            "open": "0.277839",
            "high": "0.277839",
            "low": "0.277839",
            "close": "0.277431"
        },
        {
            "time": "03.11.2020 04:27",
            "open": "0.277431",
            "high": "0.277431",
            "low": "0.277431",
            "close": "0.276413"
        },
        {
            "time": "03.11.2020 04:30",
            "open": "0.276413",
            "high": "0.276413",
            "low": "0.2764",
            "close": "0.276"
        },
        {
            "time": "03.11.2020 04:32",
            "open": "0.276",
            "high": "0.276",
            "low": "0.276",
            "close": "0.277767"
        },
        {
            "time": "03.11.2020 04:37",
            "open": "0.277767",
            "high": "0.277767",
            "low": "0.277765",
            "close": "0.276941"
        },
        {
            "time": "03.11.2020 04:55",
            "open": "0.276941",
            "high": "0.276941",
            "low": "0.276941",
            "close": "0.276324"
        },
        {
            "time": "03.11.2020 04:57",
            "open": "0.276324",
            "high": "0.276324",
            "low": "0.276324",
            "close": "0.276324"
        },
        {
            "time": "03.11.2020 05:00",
            "open": "0.276324",
            "high": "0.279056",
            "low": "0.276324",
            "close": "0.278558"
        },
        {
            "time": "03.11.2020 05:01",
            "open": "0.278558",
            "high": "0.278558",
            "low": "0.278163",
            "close": "0.278267"
        },
        {
            "time": "03.11.2020 05:02",
            "open": "0.278267",
            "high": "0.279533",
            "low": "0.278267",
            "close": "0.279643"
        },
        {
            "time": "03.11.2020 05:06",
            "open": "0.279643",
            "high": "0.279643",
            "low": "0.279643",
            "close": "0.277815"
        },
        {
            "time": "03.11.2020 05:30",
            "open": "0.277815",
            "high": "0.277815",
            "low": "0.277815",
            "close": "0.27767"
        },
        {
            "time": "03.11.2020 05:31",
            "open": "0.27767",
            "high": "0.27767",
            "low": "0.27767",
            "close": "0.275772"
        },
        {
            "time": "03.11.2020 05:32",
            "open": "0.275772",
            "high": "0.275772",
            "low": "0.275607",
            "close": "0.276877"
        },
        {
            "time": "03.11.2020 05:33",
            "open": "0.276877",
            "high": "0.276877",
            "low": "0.276877",
            "close": "0.277589"
        },
        {
            "time": "03.11.2020 05:43",
            "open": "0.277589",
            "high": "0.277589",
            "low": "0.277589",
            "close": "0.278095"
        },
        {
            "time": "03.11.2020 05:49",
            "open": "0.278095",
            "high": "0.278095",
            "low": "0.278095",
            "close": "0.279158"
        },
        {
            "time": "03.11.2020 06:12",
            "open": "0.279158",
            "high": "0.279158",
            "low": "0.279158",
            "close": "0.278431"
        },
        {
            "time": "03.11.2020 06:25",
            "open": "0.278431",
            "high": "0.278431",
            "low": "0.278431",
            "close": "0.278799"
        },
        {
            "time": "03.11.2020 06:26",
            "open": "0.278799",
            "high": "0.278799",
            "low": "0.278799",
            "close": "0.279063"
        },
        {
            "time": "03.11.2020 06:36",
            "open": "0.279063",
            "high": "0.279063",
            "low": "0.279063",
            "close": "0.278877"
        },
        {
            "time": "03.11.2020 06:42",
            "open": "0.278877",
            "high": "0.278877",
            "low": "0.278877",
            "close": "0.277977"
        },
        {
            "time": "03.11.2020 06:54",
            "open": "0.277977",
            "high": "0.277977",
            "low": "0.277977",
            "close": "0.27791"
        },
        {
            "time": "03.11.2020 06:55",
            "open": "0.27791",
            "high": "0.27791",
            "low": "0.27791",
            "close": "0.277421"
        },
        {
            "time": "03.11.2020 06:57",
            "open": "0.277421",
            "high": "0.277421",
            "low": "0.277123",
            "close": "0.277943"
        },
        {
            "time": "03.11.2020 06:59",
            "open": "0.277943",
            "high": "0.277945",
            "low": "0.277943",
            "close": "0.276751"
        },
        {
            "time": "03.11.2020 07:02",
            "open": "0.276751",
            "high": "0.276751",
            "low": "0.276391",
            "close": "0.276281"
        },
        {
            "time": "03.11.2020 07:04",
            "open": "0.276281",
            "high": "0.276281",
            "low": "0.276281",
            "close": "0.276419"
        },
        {
            "time": "03.11.2020 07:10",
            "open": "0.276419",
            "high": "0.276419",
            "low": "0.276358",
            "close": "0.27676"
        },
        {
            "time": "03.11.2020 07:14",
            "open": "0.27676",
            "high": "0.27676",
            "low": "0.27676",
            "close": "0.278576"
        },
        {
            "time": "03.11.2020 07:16",
            "open": "0.278576",
            "high": "0.278633",
            "low": "0.278576",
            "close": "0.279602"
        },
        {
            "time": "03.11.2020 07:31",
            "open": "0.279602",
            "high": "0.28",
            "low": "0.279602",
            "close": "0.27955"
        },
        {
            "time": "03.11.2020 07:32",
            "open": "0.27955",
            "high": "0.27955",
            "low": "0.279334",
            "close": "0.280063"
        },
        {
            "time": "03.11.2020 07:34",
            "open": "0.280063",
            "high": "0.280063",
            "low": "0.280063",
            "close": "0.279926"
        },
        {
            "time": "03.11.2020 07:35",
            "open": "0.279926",
            "high": "0.279926",
            "low": "0.279926",
            "close": "0.279848"
        },
        {
            "time": "03.11.2020 07:45",
            "open": "0.279848",
            "high": "0.279848",
            "low": "0.279848",
            "close": "0.279848"
        },
        {
            "time": "03.11.2020 07:47",
            "open": "0.279848",
            "high": "0.279848",
            "low": "0.279848",
            "close": "0.279339"
        },
        {
            "time": "03.11.2020 07:50",
            "open": "0.279339",
            "high": "0.279339",
            "low": "0.279339",
            "close": "0.27985"
        },
        {
            "time": "03.11.2020 07:51",
            "open": "0.27985",
            "high": "0.27985",
            "low": "0.27985",
            "close": "0.279689"
        },
        {
            "time": "03.11.2020 07:52",
            "open": "0.279689",
            "high": "0.279689",
            "low": "0.279689",
            "close": "0.278977"
        },
        {
            "time": "03.11.2020 08:09",
            "open": "0.278977",
            "high": "0.279043",
            "low": "0.278977",
            "close": "0.27857"
        },
        {
            "time": "03.11.2020 08:13",
            "open": "0.27857",
            "high": "0.27857",
            "low": "0.27857",
            "close": "0.278408"
        },
        {
            "time": "03.11.2020 08:14",
            "open": "0.278408",
            "high": "0.278408",
            "low": "0.278408",
            "close": "0.279105"
        },
        {
            "time": "03.11.2020 08:17",
            "open": "0.279105",
            "high": "0.279105",
            "low": "0.279105",
            "close": "0.27857"
        },
        {
            "time": "03.11.2020 08:18",
            "open": "0.27857",
            "high": "0.27857",
            "low": "0.27857",
            "close": "0.279182"
        },
        {
            "time": "03.11.2020 08:21",
            "open": "0.279182",
            "high": "0.279182",
            "low": "0.279182",
            "close": "0.279147"
        },
        {
            "time": "03.11.2020 08:24",
            "open": "0.279147",
            "high": "0.279147",
            "low": "0.279147",
            "close": "0.278305"
        },
        {
            "time": "03.11.2020 08:25",
            "open": "0.278305",
            "high": "0.278305",
            "low": "0.278305",
            "close": "0.278545"
        },
        {
            "time": "03.11.2020 08:27",
            "open": "0.278545",
            "high": "0.278545",
            "low": "0.278545",
            "close": "0.278565"
        },
        {
            "time": "03.11.2020 08:30",
            "open": "0.278565",
            "high": "0.278565",
            "low": "0.278565",
            "close": "0.278565"
        },
        {
            "time": "03.11.2020 08:32",
            "open": "0.278565",
            "high": "0.278565",
            "low": "0.278565",
            "close": "0.278845"
        },
        {
            "time": "03.11.2020 08:35",
            "open": "0.278845",
            "high": "0.278845",
            "low": "0.278845",
            "close": "0.279045"
        },
        {
            "time": "03.11.2020 08:44",
            "open": "0.279045",
            "high": "0.279045",
            "low": "0.279045",
            "close": "0.279383"
        },
        {
            "time": "03.11.2020 08:47",
            "open": "0.279383",
            "high": "0.279383",
            "low": "0.278635",
            "close": "0.2789"
        },
        {
            "time": "03.11.2020 08:49",
            "open": "0.2789",
            "high": "0.279451",
            "low": "0.2789",
            "close": "0.278846"
        },
        {
            "time": "03.11.2020 08:51",
            "open": "0.278846",
            "high": "0.278846",
            "low": "0.278846",
            "close": "0.279664"
        },
        {
            "time": "03.11.2020 08:56",
            "open": "0.279664",
            "high": "0.279664",
            "low": "0.279664",
            "close": "0.279547"
        },
        {
            "time": "03.11.2020 08:58",
            "open": "0.279547",
            "high": "0.279547",
            "low": "0.279547",
            "close": "0.279507"
        },
        {
            "time": "03.11.2020 08:59",
            "open": "0.279507",
            "high": "0.282286",
            "low": "0.279507",
            "close": "0.2791"
        },
        {
            "time": "03.11.2020 09:02",
            "open": "0.2791",
            "high": "0.2791",
            "low": "0.2791",
            "close": "0.2787"
        },
        {
            "time": "03.11.2020 09:06",
            "open": "0.2787",
            "high": "0.2787",
            "low": "0.278459",
            "close": "0.278459"
        },
        {
            "time": "03.11.2020 09:07",
            "open": "0.278459",
            "high": "0.278459",
            "low": "0.278459",
            "close": "0.281063"
        },
        {
            "time": "03.11.2020 09:16",
            "open": "0.281063",
            "high": "0.281063",
            "low": "0.281063",
            "close": "0.280256"
        },
        {
            "time": "03.11.2020 09:18",
            "open": "0.280256",
            "high": "0.280256",
            "low": "0.280256",
            "close": "0.280214"
        },
        {
            "time": "03.11.2020 09:21",
            "open": "0.280214",
            "high": "0.280356",
            "low": "0.280214",
            "close": "0.280363"
        },
        {
            "time": "03.11.2020 09:27",
            "open": "0.280363",
            "high": "0.280363",
            "low": "0.280363",
            "close": "0.279611"
        },
        {
            "time": "03.11.2020 09:29",
            "open": "0.279611",
            "high": "0.279611",
            "low": "0.27954",
            "close": "0.279817"
        },
        {
            "time": "03.11.2020 09:31",
            "open": "0.279817",
            "high": "0.279817",
            "low": "0.279817",
            "close": "0.27945"
        },
        {
            "time": "03.11.2020 09:35",
            "open": "0.27945",
            "high": "0.27945",
            "low": "0.27945",
            "close": "0.27931"
        },
        {
            "time": "03.11.2020 09:44",
            "open": "0.27931",
            "high": "0.27931",
            "low": "0.27931",
            "close": "0.27931"
        },
        {
            "time": "03.11.2020 09:45",
            "open": "0.27931",
            "high": "0.27931",
            "low": "0.278549",
            "close": "0.27855"
        },
        {
            "time": "03.11.2020 09:50",
            "open": "0.27855",
            "high": "0.27855",
            "low": "0.27842",
            "close": "0.278983"
        },
        {
            "time": "03.11.2020 09:51",
            "open": "0.278983",
            "high": "0.278983",
            "low": "0.278983",
            "close": "0.279787"
        },
        {
            "time": "03.11.2020 09:56",
            "open": "0.279787",
            "high": "0.279787",
            "low": "0.279787",
            "close": "0.279735"
        },
        {
            "time": "03.11.2020 09:58",
            "open": "0.279735",
            "high": "0.279735",
            "low": "0.279735",
            "close": "0.279588"
        },
        {
            "time": "03.11.2020 10:06",
            "open": "0.279588",
            "high": "0.279588",
            "low": "0.279588",
            "close": "0.278862"
        },
        {
            "time": "03.11.2020 10:09",
            "open": "0.278862",
            "high": "0.278862",
            "low": "0.278862",
            "close": "0.278693"
        },
        {
            "time": "03.11.2020 10:10",
            "open": "0.278693",
            "high": "0.278693",
            "low": "0.278693",
            "close": "0.278669"
        },
        {
            "time": "03.11.2020 10:12",
            "open": "0.278669",
            "high": "0.278669",
            "low": "0.278669",
            "close": "0.278727"
        },
        {
            "time": "03.11.2020 10:15",
            "open": "0.278727",
            "high": "0.279211",
            "low": "0.278727",
            "close": "0.27912"
        },
        {
            "time": "03.11.2020 10:19",
            "open": "0.27912",
            "high": "0.27912",
            "low": "0.27912",
            "close": "0.279176"
        },
        {
            "time": "03.11.2020 10:22",
            "open": "0.279176",
            "high": "0.279176",
            "low": "0.279176",
            "close": "0.27928"
        },
        {
            "time": "03.11.2020 10:28",
            "open": "0.27928",
            "high": "0.27928",
            "low": "0.27928",
            "close": "0.279172"
        },
        {
            "time": "03.11.2020 10:29",
            "open": "0.279172",
            "high": "0.279172",
            "low": "0.279172",
            "close": "0.27886"
        },
        {
            "time": "03.11.2020 10:31",
            "open": "0.27886",
            "high": "0.27886",
            "low": "0.27886",
            "close": "0.279279"
        },
        {
            "time": "03.11.2020 10:34",
            "open": "0.279279",
            "high": "0.279279",
            "low": "0.279279",
            "close": "0.279279"
        },
        {
            "time": "03.11.2020 10:35",
            "open": "0.279279",
            "high": "0.279279",
            "low": "0.279279",
            "close": "0.279861"
        },
        {
            "time": "03.11.2020 10:37",
            "open": "0.279861",
            "high": "0.279861",
            "low": "0.279601",
            "close": "0.279665"
        },
        {
            "time": "03.11.2020 10:39",
            "open": "0.279665",
            "high": "0.279665",
            "low": "0.279662",
            "close": "0.28"
        },
        {
            "time": "03.11.2020 10:45",
            "open": "0.28",
            "high": "0.28",
            "low": "0.28",
            "close": "0.280558"
        },
        {
            "time": "03.11.2020 10:48",
            "open": "0.280558",
            "high": "0.280558",
            "low": "0.280558",
            "close": "0.280611"
        },
        {
            "time": "03.11.2020 10:52",
            "open": "0.280611",
            "high": "0.28096",
            "low": "0.280611",
            "close": "0.280348"
        },
        {
            "time": "03.11.2020 10:55",
            "open": "0.280348",
            "high": "0.280348",
            "low": "0.280348",
            "close": "0.280787"
        },
        {
            "time": "03.11.2020 10:57",
            "open": "0.280787",
            "high": "0.280787",
            "low": "0.280787",
            "close": "0.280118"
        },
        {
            "time": "03.11.2020 11:05",
            "open": "0.280118",
            "high": "0.280118",
            "low": "0.280118",
            "close": "0.279113"
        },
        {
            "time": "03.11.2020 11:10",
            "open": "0.279113",
            "high": "0.279113",
            "low": "0.279113",
            "close": "0.279393"
        },
        {
            "time": "03.11.2020 11:17",
            "open": "0.279393",
            "high": "0.279393",
            "low": "0.279393",
            "close": "0.279382"
        },
        {
            "time": "03.11.2020 11:18",
            "open": "0.279382",
            "high": "0.279382",
            "low": "0.279382",
            "close": "0.278973"
        },
        {
            "time": "03.11.2020 11:24",
            "open": "0.278973",
            "high": "0.278973",
            "low": "0.278973",
            "close": "0.279457"
        },
        {
            "time": "03.11.2020 11:33",
            "open": "0.279457",
            "high": "0.27946",
            "low": "0.279457",
            "close": "0.279309"
        },
        {
            "time": "03.11.2020 11:39",
            "open": "0.279309",
            "high": "0.279309",
            "low": "0.279307",
            "close": "0.278659"
        },
        {
            "time": "03.11.2020 11:40",
            "open": "0.278659",
            "high": "0.278802",
            "low": "0.277444",
            "close": "0.278586"
        },
        {
            "time": "03.11.2020 11:41",
            "open": "0.278586",
            "high": "0.278587",
            "low": "0.278586",
            "close": "0.27783"
        },
        {
            "time": "03.11.2020 11:45",
            "open": "0.27783",
            "high": "0.27783",
            "low": "0.27783",
            "close": "0.279357"
        },
        {
            "time": "03.11.2020 12:01",
            "open": "0.279357",
            "high": "0.279357",
            "low": "0.279065",
            "close": "0.279949"
        },
        {
            "time": "03.11.2020 12:09",
            "open": "0.279949",
            "high": "0.279949",
            "low": "0.279949",
            "close": "0.279736"
        },
        {
            "time": "03.11.2020 12:10",
            "open": "0.279736",
            "high": "0.279736",
            "low": "0.279736",
            "close": "0.280002"
        },
        {
            "time": "03.11.2020 12:17",
            "open": "0.280002",
            "high": "0.280002",
            "low": "0.280002",
            "close": "0.279939"
        },
        {
            "time": "03.11.2020 12:26",
            "open": "0.279939",
            "high": "0.279939",
            "low": "0.279939",
            "close": "0.279299"
        },
        {
            "time": "03.11.2020 12:28",
            "open": "0.279299",
            "high": "0.279299",
            "low": "0.279299",
            "close": "0.279185"
        },
        {
            "time": "03.11.2020 12:39",
            "open": "0.279185",
            "high": "0.279187",
            "low": "0.279185",
            "close": "0.279161"
        },
        {
            "time": "03.11.2020 12:42",
            "open": "0.279161",
            "high": "0.279161",
            "low": "0.279161",
            "close": "0.278574"
        },
        {
            "time": "03.11.2020 12:53",
            "open": "0.278574",
            "high": "0.278574",
            "low": "0.278574",
            "close": "0.278423"
        },
        {
            "time": "03.11.2020 12:56",
            "open": "0.278423",
            "high": "0.278423",
            "low": "0.278423",
            "close": "0.278378"
        },
        {
            "time": "03.11.2020 13:04",
            "open": "0.278378",
            "high": "0.2784",
            "low": "0.278378",
            "close": "0.278831"
        },
        {
            "time": "03.11.2020 13:08",
            "open": "0.278831",
            "high": "0.279426",
            "low": "0.278831",
            "close": "0.279511"
        },
        {
            "time": "03.11.2020 13:10",
            "open": "0.279511",
            "high": "0.279544",
            "low": "0.279511",
            "close": "0.27833"
        },
        {
            "time": "03.11.2020 13:14",
            "open": "0.27833",
            "high": "0.27833",
            "low": "0.27833",
            "close": "0.277984"
        },
        {
            "time": "03.11.2020 13:15",
            "open": "0.277984",
            "high": "0.277984",
            "low": "0.277538",
            "close": "0.277755"
        },
        {
            "time": "03.11.2020 13:18",
            "open": "0.277755",
            "high": "0.277756",
            "low": "0.277755",
            "close": "0.277001"
        },
        {
            "time": "03.11.2020 13:19",
            "open": "0.277001",
            "high": "0.277001",
            "low": "0.277001",
            "close": "0.277413"
        },
        {
            "time": "03.11.2020 13:23",
            "open": "0.277413",
            "high": "0.277413",
            "low": "0.277413",
            "close": "0.276142"
        },
        {
            "time": "03.11.2020 13:31",
            "open": "0.276142",
            "high": "0.276142",
            "low": "0.276142",
            "close": "0.276443"
        },
        {
            "time": "03.11.2020 13:33",
            "open": "0.276443",
            "high": "0.276443",
            "low": "0.276443",
            "close": "0.27628"
        },
        {
            "time": "03.11.2020 13:34",
            "open": "0.27628",
            "high": "0.27628",
            "low": "0.27628",
            "close": "0.276"
        },
        {
            "time": "03.11.2020 13:37",
            "open": "0.276",
            "high": "0.276",
            "low": "0.276",
            "close": "0.276536"
        },
        {
            "time": "03.11.2020 13:55",
            "open": "0.276536",
            "high": "0.276536",
            "low": "0.276536",
            "close": "0.27643"
        },
        {
            "time": "03.11.2020 14:04",
            "open": "0.27643",
            "high": "0.27643",
            "low": "0.27643",
            "close": "0.275667"
        },
        {
            "time": "03.11.2020 14:09",
            "open": "0.275667",
            "high": "0.275667",
            "low": "0.275667",
            "close": "0.275391"
        },
        {
            "time": "03.11.2020 14:13",
            "open": "0.275391",
            "high": "0.275391",
            "low": "0.275391",
            "close": "0.277149"
        },
        {
            "time": "03.11.2020 14:26",
            "open": "0.277149",
            "high": "0.277149",
            "low": "0.277149",
            "close": "0.279912"
        },
        {
            "time": "03.11.2020 14:31",
            "open": "0.279912",
            "high": "0.279912",
            "low": "0.279912",
            "close": "0.278842"
        },
        {
            "time": "03.11.2020 14:32",
            "open": "0.278842",
            "high": "0.278842",
            "low": "0.278842",
            "close": "0.278799"
        },
        {
            "time": "03.11.2020 14:37",
            "open": "0.278799",
            "high": "0.278858",
            "low": "0.278799",
            "close": "0.278987"
        },
        {
            "time": "03.11.2020 14:39",
            "open": "0.278987",
            "high": "0.278987",
            "low": "0.278987",
            "close": "0.27811"
        },
        {
            "time": "03.11.2020 14:46",
            "open": "0.27811",
            "high": "0.27857",
            "low": "0.27811",
            "close": "0.278585"
        },
        {
            "time": "03.11.2020 14:47",
            "open": "0.278585",
            "high": "0.27887",
            "low": "0.278585",
            "close": "0.278939"
        },
        {
            "time": "03.11.2020 14:52",
            "open": "0.278939",
            "high": "0.278939",
            "low": "0.278939",
            "close": "0.279018"
        },
        {
            "time": "03.11.2020 14:54",
            "open": "0.279018",
            "high": "0.279018",
            "low": "0.279018",
            "close": "0.278903"
        },
        {
            "time": "03.11.2020 14:56",
            "open": "0.278903",
            "high": "0.278903",
            "low": "0.278903",
            "close": "0.278656"
        },
        {
            "time": "03.11.2020 15:06",
            "open": "0.278656",
            "high": "0.278656",
            "low": "0.277633",
            "close": "0.277673"
        },
        {
            "time": "03.11.2020 15:09",
            "open": "0.277673",
            "high": "0.277673",
            "low": "0.277673",
            "close": "0.278171"
        },
        {
            "time": "03.11.2020 15:15",
            "open": "0.278171",
            "high": "0.278171",
            "low": "0.27817",
            "close": "0.27876"
        },
        {
            "time": "03.11.2020 15:16",
            "open": "0.27876",
            "high": "0.27876",
            "low": "0.27876",
            "close": "0.27876"
        },
        {
            "time": "03.11.2020 15:20",
            "open": "0.27876",
            "high": "0.27876",
            "low": "0.27876",
            "close": "0.278506"
        },
        {
            "time": "03.11.2020 15:23",
            "open": "0.278506",
            "high": "0.278506",
            "low": "0.278449",
            "close": "0.278829"
        },
        {
            "time": "03.11.2020 15:25",
            "open": "0.278829",
            "high": "0.278829",
            "low": "0.278399",
            "close": "0.278746"
        },
        {
            "time": "03.11.2020 15:30",
            "open": "0.278746",
            "high": "0.278746",
            "low": "0.278746",
            "close": "0.27864"
        },
        {
            "time": "03.11.2020 15:32",
            "open": "0.27864",
            "high": "0.278641",
            "low": "0.27819",
            "close": "0.278849"
        },
        {
            "time": "03.11.2020 15:55",
            "open": "0.278849",
            "high": "0.278849",
            "low": "0.278271",
            "close": "0.278853"
        },
        {
            "time": "03.11.2020 15:58",
            "open": "0.278853",
            "high": "0.278853",
            "low": "0.278853",
            "close": "0.278831"
        },
        {
            "time": "03.11.2020 15:59",
            "open": "0.278831",
            "high": "0.278831",
            "low": "0.278831",
            "close": "0.27923"
        },
        {
            "time": "03.11.2020 16:00",
            "open": "0.27923",
            "high": "0.27923",
            "low": "0.27923",
            "close": "0.278535"
        },
        {
            "time": "03.11.2020 16:01",
            "open": "0.278535",
            "high": "0.278535",
            "low": "0.278535",
            "close": "0.279111"
        },
        {
            "time": "03.11.2020 16:03",
            "open": "0.279111",
            "high": "0.279111",
            "low": "0.279111",
            "close": "0.278482"
        },
        {
            "time": "03.11.2020 16:14",
            "open": "0.278482",
            "high": "0.278482",
            "low": "0.277549",
            "close": "0.278041"
        },
        {
            "time": "03.11.2020 16:15",
            "open": "0.278041",
            "high": "0.278041",
            "low": "0.278041",
            "close": "0.2779"
        },
        {
            "time": "03.11.2020 16:21",
            "open": "0.2779",
            "high": "0.2779",
            "low": "0.2779",
            "close": "0.277"
        },
        {
            "time": "03.11.2020 16:22",
            "open": "0.277",
            "high": "0.277",
            "low": "0.277",
            "close": "0.276792"
        },
        {
            "time": "03.11.2020 16:23",
            "open": "0.276792",
            "high": "0.276979",
            "low": "0.276792",
            "close": "0.276912"
        },
        {
            "time": "03.11.2020 16:34",
            "open": "0.276912",
            "high": "0.276933",
            "low": "0.276912",
            "close": "0.276933"
        },
        {
            "time": "03.11.2020 16:36",
            "open": "0.276933",
            "high": "0.276933",
            "low": "0.276933",
            "close": "0.276815"
        },
        {
            "time": "03.11.2020 16:38",
            "open": "0.276815",
            "high": "0.276815",
            "low": "0.27671",
            "close": "0.276855"
        },
        {
            "time": "03.11.2020 16:42",
            "open": "0.276855",
            "high": "0.276855",
            "low": "0.276855",
            "close": "0.275842"
        },
        {
            "time": "03.11.2020 16:53",
            "open": "0.275842",
            "high": "0.275842",
            "low": "0.275608",
            "close": "0.275"
        },
        {
            "time": "03.11.2020 16:54",
            "open": "0.275",
            "high": "0.275043",
            "low": "0.274988",
            "close": "0.275383"
        },
        {
            "time": "03.11.2020 16:57",
            "open": "0.275383",
            "high": "0.275383",
            "low": "0.275383",
            "close": "0.274987"
        },
        {
            "time": "03.11.2020 16:58",
            "open": "0.274987",
            "high": "0.274987",
            "low": "0.274",
            "close": "0.2737"
        },
        {
            "time": "03.11.2020 17:00",
            "open": "0.2737",
            "high": "0.2737",
            "low": "0.2737",
            "close": "0.27347"
        },
        {
            "time": "03.11.2020 17:01",
            "open": "0.27347",
            "high": "0.27347",
            "low": "0.27347",
            "close": "0.27345"
        },
        {
            "time": "03.11.2020 17:03",
            "open": "0.27345",
            "high": "0.27345",
            "low": "0.27345",
            "close": "0.273613"
        },
        {
            "time": "03.11.2020 17:05",
            "open": "0.273613",
            "high": "0.273614",
            "low": "0.273613",
            "close": "0.274011"
        },
        {
            "time": "03.11.2020 17:06",
            "open": "0.274011",
            "high": "0.274011",
            "low": "0.274",
            "close": "0.273743"
        },
        {
            "time": "03.11.2020 17:11",
            "open": "0.273743",
            "high": "0.273743",
            "low": "0.273506",
            "close": "0.273835"
        },
        {
            "time": "03.11.2020 17:13",
            "open": "0.273835",
            "high": "0.273835",
            "low": "0.273835",
            "close": "0.273454"
        },
        {
            "time": "03.11.2020 17:14",
            "open": "0.273454",
            "high": "0.273454",
            "low": "0.273454",
            "close": "0.273618"
        },
        {
            "time": "03.11.2020 17:19",
            "open": "0.273553",
            "high": "0.273553",
            "low": "0.273553",
            "close": "0.274113"
        },
        {
            "time": "03.11.2020 17:44",
            "open": "0.274113",
            "high": "0.274113",
            "low": "0.274113",
            "close": "0.274983"
        },
        {
            "time": "03.11.2020 17:52",
            "open": "0.274983",
            "high": "0.274983",
            "low": "0.274983",
            "close": "0.27488"
        },
        {
            "time": "03.11.2020 18:03",
            "open": "0.274881",
            "high": "0.274881",
            "low": "0.274881",
            "close": "0.274704"
        },
        {
            "time": "03.11.2020 18:22",
            "open": "0.274704",
            "high": "0.274704",
            "low": "0.274704",
            "close": "0.274728"
        },
        {
            "time": "03.11.2020 18:23",
            "open": "0.274728",
            "high": "0.274728",
            "low": "0.274728",
            "close": "0.274141"
        },
        {
            "time": "03.11.2020 18:24",
            "open": "0.274141",
            "high": "0.274141",
            "low": "0.274141",
            "close": "0.274425"
        },
        {
            "time": "03.11.2020 18:50",
            "open": "0.274425",
            "high": "0.274788",
            "low": "0.274424",
            "close": "0.27425"
        },
        {
            "time": "03.11.2020 18:51",
            "open": "0.27425",
            "high": "0.27425",
            "low": "0.274105",
            "close": "0.273724"
        },
        {
            "time": "03.11.2020 18:52",
            "open": "0.273724",
            "high": "0.273724",
            "low": "0.273724",
            "close": "0.275103"
        },
        {
            "time": "03.11.2020 19:08",
            "open": "0.275103",
            "high": "0.275103",
            "low": "0.275103",
            "close": "0.275024"
        },
        {
            "time": "03.11.2020 19:18",
            "open": "0.275024",
            "high": "0.275024",
            "low": "0.275024",
            "close": "0.274507"
        },
        {
            "time": "03.11.2020 19:19",
            "open": "0.274507",
            "high": "0.274507",
            "low": "0.274507",
            "close": "0.2753"
        },
        {
            "time": "03.11.2020 19:28",
            "open": "0.2753",
            "high": "0.2753",
            "low": "0.2753",
            "close": "0.274727"
        },
        {
            "time": "03.11.2020 19:29",
            "open": "0.274727",
            "high": "0.274727",
            "low": "0.274664",
            "close": "0.275516"
        },
        {
            "time": "03.11.2020 19:46",
            "open": "0.275516",
            "high": "0.275516",
            "low": "0.275516",
            "close": "0.275558"
        },
        {
            "time": "03.11.2020 19:52",
            "open": "0.275558",
            "high": "0.275558",
            "low": "0.275538",
            "close": "0.275526"
        },
        {
            "time": "03.11.2020 19:53",
            "open": "0.275526",
            "high": "0.275526",
            "low": "0.275526",
            "close": "0.275454"
        },
        {
            "time": "03.11.2020 20:01",
            "open": "0.275454",
            "high": "0.275582",
            "low": "0.275454",
            "close": "0.276632"
        },
        {
            "time": "03.11.2020 20:07",
            "open": "0.276632",
            "high": "0.276632",
            "low": "0.276632",
            "close": "0.277073"
        },
        {
            "time": "03.11.2020 20:11",
            "open": "0.277073",
            "high": "0.277073",
            "low": "0.277073",
            "close": "0.276559"
        },
        {
            "time": "03.11.2020 20:13",
            "open": "0.276559",
            "high": "0.276559",
            "low": "0.276559",
            "close": "0.276666"
        },
        {
            "time": "03.11.2020 20:14",
            "open": "0.276666",
            "high": "0.276666",
            "low": "0.276666",
            "close": "0.277231"
        },
        {
            "time": "03.11.2020 20:15",
            "open": "0.277231",
            "high": "0.277231",
            "low": "0.277231",
            "close": "0.277553"
        },
        {
            "time": "03.11.2020 20:16",
            "open": "0.277553",
            "high": "0.278015",
            "low": "0.277553",
            "close": "0.27818"
        },
        {
            "time": "03.11.2020 20:17",
            "open": "0.27818",
            "high": "0.27818",
            "low": "0.278063",
            "close": "0.27843"
        },
        {
            "time": "03.11.2020 20:20",
            "open": "0.27843",
            "high": "0.278431",
            "low": "0.27843",
            "close": "0.277798"
        },
        {
            "time": "03.11.2020 20:21",
            "open": "0.277798",
            "high": "0.277798",
            "low": "0.277798",
            "close": "0.277412"
        },
        {
            "time": "03.11.2020 20:23",
            "open": "0.277412",
            "high": "0.277412",
            "low": "0.27738",
            "close": "0.27738"
        },
        {
            "time": "03.11.2020 20:26",
            "open": "0.27738",
            "high": "0.27738",
            "low": "0.27738",
            "close": "0.277661"
        },
        {
            "time": "03.11.2020 20:27",
            "open": "0.277661",
            "high": "0.277661",
            "low": "0.277661",
            "close": "0.277564"
        },
        {
            "time": "03.11.2020 20:29",
            "open": "0.277564",
            "high": "0.277564",
            "low": "0.277564",
            "close": "0.277637"
        },
        {
            "time": "03.11.2020 20:35",
            "open": "0.277637",
            "high": "0.277637",
            "low": "0.277637",
            "close": "0.276876"
        },
        {
            "time": "03.11.2020 20:39",
            "open": "0.276876",
            "high": "0.276876",
            "low": "0.276876",
            "close": "0.276824"
        },
        {
            "time": "03.11.2020 20:46",
            "open": "0.276824",
            "high": "0.276824",
            "low": "0.276824",
            "close": "0.2769"
        },
        {
            "time": "03.11.2020 20:48",
            "open": "0.2769",
            "high": "0.2769",
            "low": "0.27645",
            "close": "0.277062"
        },
        {
            "time": "03.11.2020 20:49",
            "open": "0.277062",
            "high": "0.277062",
            "low": "0.277062",
            "close": "0.276511"
        },
        {
            "time": "03.11.2020 20:51",
            "open": "0.276511",
            "high": "0.276991",
            "low": "0.276511",
            "close": "0.276471"
        },
        {
            "time": "03.11.2020 21:03",
            "open": "0.276471",
            "high": "0.276471",
            "low": "0.276471",
            "close": "0.276481"
        },
        {
            "time": "03.11.2020 21:04",
            "open": "0.276481",
            "high": "0.276481",
            "low": "0.276481",
            "close": "0.276023"
        },
        {
            "time": "03.11.2020 21:05",
            "open": "0.276023",
            "high": "0.276481",
            "low": "0.276023",
            "close": "0.276536"
        },
        {
            "time": "03.11.2020 21:14",
            "open": "0.276536",
            "high": "0.276536",
            "low": "0.276536",
            "close": "0.276661"
        },
        {
            "time": "03.11.2020 21:15",
            "open": "0.276661",
            "high": "0.276661",
            "low": "0.276661",
            "close": "0.27619"
        },
        {
            "time": "03.11.2020 21:16",
            "open": "0.27619",
            "high": "0.27619",
            "low": "0.27619",
            "close": "0.276148"
        },
        {
            "time": "03.11.2020 21:17",
            "open": "0.276148",
            "high": "0.276148",
            "low": "0.276148",
            "close": "0.276698"
        },
        {
            "time": "03.11.2020 21:24",
            "open": "0.276698",
            "high": "0.276698",
            "low": "0.276325",
            "close": "0.277271"
        },
        {
            "time": "03.11.2020 21:34",
            "open": "0.277271",
            "high": "0.277295",
            "low": "0.277271",
            "close": "0.276888"
        },
        {
            "time": "03.11.2020 21:35",
            "open": "0.276888",
            "high": "0.277485",
            "low": "0.276888",
            "close": "0.277409"
        },
        {
            "time": "03.11.2020 21:52",
            "open": "0.277409",
            "high": "0.277487",
            "low": "0.277409",
            "close": "0.27754"
        },
        {
            "time": "03.11.2020 21:53",
            "open": "0.27754",
            "high": "0.27754",
            "low": "0.277409",
            "close": "0.277409"
        },
        {
            "time": "03.11.2020 21:55",
            "open": "0.277409",
            "high": "0.277409",
            "low": "0.277409",
            "close": "0.277397"
        },
        {
            "time": "03.11.2020 21:58",
            "open": "0.277397",
            "high": "0.277397",
            "low": "0.277397",
            "close": "0.277357"
        },
        {
            "time": "03.11.2020 21:59",
            "open": "0.277357",
            "high": "0.277357",
            "low": "0.276975",
            "close": "0.277648"
        },
        {
            "time": "03.11.2020 22:00",
            "open": "0.277648",
            "high": "0.277648",
            "low": "0.277648",
            "close": "0.277637"
        },
        {
            "time": "03.11.2020 22:02",
            "open": "0.277637",
            "high": "0.277637",
            "low": "0.277637",
            "close": "0.277509"
        },
        {
            "time": "03.11.2020 22:04",
            "open": "0.277509",
            "high": "0.277509",
            "low": "0.277509",
            "close": "0.277425"
        },
        {
            "time": "03.11.2020 22:07",
            "open": "0.277425",
            "high": "0.277425",
            "low": "0.277425",
            "close": "0.277559"
        },
        {
            "time": "03.11.2020 22:15",
            "open": "0.277559",
            "high": "0.27756",
            "low": "0.277559",
            "close": "0.27727"
        },
        {
            "time": "03.11.2020 22:19",
            "open": "0.27727",
            "high": "0.277279",
            "low": "0.277192",
            "close": "0.277002"
        },
        {
            "time": "03.11.2020 22:28",
            "open": "0.277002",
            "high": "0.277002",
            "low": "0.277002",
            "close": "0.277"
        },
        {
            "time": "03.11.2020 22:35",
            "open": "0.277",
            "high": "0.277",
            "low": "0.277",
            "close": "0.277162"
        },
        {
            "time": "03.11.2020 22:36",
            "open": "0.277162",
            "high": "0.277162",
            "low": "0.277162",
            "close": "0.277"
        },
        {
            "time": "03.11.2020 22:39",
            "open": "0.277",
            "high": "0.277",
            "low": "0.277",
            "close": "0.277"
        },
        {
            "time": "03.11.2020 22:41",
            "open": "0.277",
            "high": "0.277",
            "low": "0.277",
            "close": "0.277167"
        },
        {
            "time": "03.11.2020 22:42",
            "open": "0.277167",
            "high": "0.277167",
            "low": "0.277152",
            "close": "0.277"
        },
        {
            "time": "03.11.2020 22:43",
            "open": "0.277",
            "high": "0.277",
            "low": "0.277",
            "close": "0.277327"
        },
        {
            "time": "03.11.2020 22:45",
            "open": "0.277327",
            "high": "0.277327",
            "low": "0.277327",
            "close": "0.277322"
        },
        {
            "time": "03.11.2020 22:46",
            "open": "0.277322",
            "high": "0.277322",
            "low": "0.277322",
            "close": "0.277304"
        },
        {
            "time": "03.11.2020 22:56",
            "open": "0.277304",
            "high": "0.277304",
            "low": "0.277",
            "close": "0.277296"
        },
        {
            "time": "03.11.2020 22:57",
            "open": "0.277296",
            "high": "0.277296",
            "low": "0.277296",
            "close": "0.277"
        },
        {
            "time": "03.11.2020 23:01",
            "open": "0.277",
            "high": "0.277",
            "low": "0.276833",
            "close": "0.276646"
        },
        {
            "time": "03.11.2020 23:02",
            "open": "0.276646",
            "high": "0.276647",
            "low": "0.276646",
            "close": "0.275341"
        },
        {
            "time": "03.11.2020 23:05",
            "open": "0.275341",
            "high": "0.275401",
            "low": "0.275341",
            "close": "0.2752"
        },
        {
            "time": "03.11.2020 23:06",
            "open": "0.2752",
            "high": "0.2752",
            "low": "0.2752",
            "close": "0.274664"
        },
        {
            "time": "03.11.2020 23:08",
            "open": "0.274664",
            "high": "0.274664",
            "low": "0.274196",
            "close": "0.273691"
        },
        {
            "time": "03.11.2020 23:09",
            "open": "0.273691",
            "high": "0.274041",
            "low": "0.273691",
            "close": "0.274032"
        },
        {
            "time": "03.11.2020 23:10",
            "open": "0.274032",
            "high": "0.274032",
            "low": "0.274032",
            "close": "0.275288"
        },
        {
            "time": "03.11.2020 23:29",
            "open": "0.275288",
            "high": "0.275288",
            "low": "0.275288",
            "close": "0.274859"
        },
        {
            "time": "03.11.2020 23:32",
            "open": "0.274859",
            "high": "0.274888",
            "low": "0.274859",
            "close": "0.275286"
        },
        {
            "time": "03.11.2020 23:34",
            "open": "0.275286",
            "high": "0.275288",
            "low": "0.275286",
            "close": "0.277047"
        },
        {
            "time": "03.11.2020 23:35",
            "open": "0.277047",
            "high": "0.277493",
            "low": "0.277047",
            "close": "0.278688"
        },
        {
            "time": "03.11.2020 23:38",
            "open": "0.278688",
            "high": "0.279456",
            "low": "0.278682",
            "close": "0.279595"
        },
        {
            "time": "03.11.2020 23:39",
            "open": "0.279595",
            "high": "0.280023",
            "low": "0.279595",
            "close": "0.280029"
        },
        {
            "time": "03.11.2020 23:42",
            "open": "0.280029",
            "high": "0.280587",
            "low": "0.280029",
            "close": "0.280231"
        },
        {
            "time": "03.11.2020 23:43",
            "open": "0.280231",
            "high": "0.280231",
            "low": "0.279428",
            "close": "0.278844"
        },
        {
            "time": "03.11.2020 23:46",
            "open": "0.278844",
            "high": "0.278844",
            "low": "0.278844",
            "close": "0.27908"
        },
        {
            "time": "03.11.2020 23:52",
            "open": "0.27908",
            "high": "0.27908",
            "low": "0.27908",
            "close": "0.278446"
        }
    ]
}