{
    "ZRX-EUR": [
        {
            "time": "18.11.2020 23:59",
            "open": "0.307606",
            "high": "0.307606",
            "low": "0.307606",
            "close": "0.308526"
        },
        {
            "time": "19.11.2020 00:00",
            "open": "0.308526",
            "high": "0.308817",
            "low": "0.308526",
            "close": "0.307918"
        },
        {
            "time": "19.11.2020 00:03",
            "open": "0.307918",
            "high": "0.307918",
            "low": "0.307918",
            "close": "0.307035"
        },
        {
            "time": "19.11.2020 00:04",
            "open": "0.307035",
            "high": "0.307035",
            "low": "0.307035",
            "close": "0.306701"
        },
        {
            "time": "19.11.2020 00:05",
            "open": "0.306701",
            "high": "0.306701",
            "low": "0.306701",
            "close": "0.306974"
        },
        {
            "time": "19.11.2020 00:08",
            "open": "0.306974",
            "high": "0.306974",
            "low": "0.306819",
            "close": "0.307645"
        },
        {
            "time": "19.11.2020 00:14",
            "open": "0.307645",
            "high": "0.307645",
            "low": "0.307645",
            "close": "0.306819"
        },
        {
            "time": "19.11.2020 00:18",
            "open": "0.306819",
            "high": "0.306819",
            "low": "0.306161",
            "close": "0.306919"
        },
        {
            "time": "19.11.2020 00:23",
            "open": "0.306919",
            "high": "0.306919",
            "low": "0.306919",
            "close": "0.307879"
        },
        {
            "time": "19.11.2020 00:34",
            "open": "0.307879",
            "high": "0.307879",
            "low": "0.307879",
            "close": "0.307731"
        },
        {
            "time": "19.11.2020 00:37",
            "open": "0.307731",
            "high": "0.307731",
            "low": "0.307731",
            "close": "0.308337"
        },
        {
            "time": "19.11.2020 00:39",
            "open": "0.308337",
            "high": "0.308337",
            "low": "0.308337",
            "close": "0.309"
        },
        {
            "time": "19.11.2020 00:47",
            "open": "0.309",
            "high": "0.309",
            "low": "0.309",
            "close": "0.309"
        },
        {
            "time": "19.11.2020 00:48",
            "open": "0.309",
            "high": "0.309",
            "low": "0.309",
            "close": "0.309175"
        },
        {
            "time": "19.11.2020 00:49",
            "open": "0.309175",
            "high": "0.309518",
            "low": "0.309175",
            "close": "0.30954"
        },
        {
            "time": "19.11.2020 00:50",
            "open": "0.30954",
            "high": "0.30971",
            "low": "0.30954",
            "close": "0.309571"
        },
        {
            "time": "19.11.2020 00:51",
            "open": "0.309571",
            "high": "0.309571",
            "low": "0.309571",
            "close": "0.30844"
        },
        {
            "time": "19.11.2020 00:59",
            "open": "0.30844",
            "high": "0.308982",
            "low": "0.30844",
            "close": "0.309304"
        },
        {
            "time": "19.11.2020 01:00",
            "open": "0.309304",
            "high": "0.31",
            "low": "0.309304",
            "close": "0.31"
        },
        {
            "time": "19.11.2020 01:01",
            "open": "0.31",
            "high": "0.31",
            "low": "0.309907",
            "close": "0.309813"
        },
        {
            "time": "19.11.2020 01:02",
            "open": "0.309813",
            "high": "0.309813",
            "low": "0.30905",
            "close": "0.309323"
        },
        {
            "time": "19.11.2020 01:04",
            "open": "0.309323",
            "high": "0.309334",
            "low": "0.309319",
            "close": "0.308724"
        },
        {
            "time": "19.11.2020 01:08",
            "open": "0.308724",
            "high": "0.308724",
            "low": "0.308721",
            "close": "0.308031"
        },
        {
            "time": "19.11.2020 01:14",
            "open": "0.308031",
            "high": "0.308052",
            "low": "0.308031",
            "close": "0.307455"
        },
        {
            "time": "19.11.2020 01:18",
            "open": "0.307455",
            "high": "0.307455",
            "low": "0.307264",
            "close": "0.308566"
        },
        {
            "time": "19.11.2020 01:23",
            "open": "0.308566",
            "high": "0.308566",
            "low": "0.308566",
            "close": "0.307184"
        },
        {
            "time": "19.11.2020 01:33",
            "open": "0.307184",
            "high": "0.307184",
            "low": "0.307184",
            "close": "0.309061"
        },
        {
            "time": "19.11.2020 01:47",
            "open": "0.309061",
            "high": "0.309061",
            "low": "0.309061",
            "close": "0.309696"
        },
        {
            "time": "19.11.2020 01:59",
            "open": "0.309696",
            "high": "0.309696",
            "low": "0.309651",
            "close": "0.309696"
        },
        {
            "time": "19.11.2020 02:01",
            "open": "0.309696",
            "high": "0.309696",
            "low": "0.308715",
            "close": "0.308715"
        },
        {
            "time": "19.11.2020 02:08",
            "open": "0.308715",
            "high": "0.308715",
            "low": "0.308715",
            "close": "0.308715"
        },
        {
            "time": "19.11.2020 02:10",
            "open": "0.308715",
            "high": "0.308715",
            "low": "0.308327",
            "close": "0.308693"
        },
        {
            "time": "19.11.2020 02:14",
            "open": "0.308693",
            "high": "0.308693",
            "low": "0.308693",
            "close": "0.309211"
        },
        {
            "time": "19.11.2020 02:22",
            "open": "0.309211",
            "high": "0.309211",
            "low": "0.309211",
            "close": "0.309978"
        },
        {
            "time": "19.11.2020 02:38",
            "open": "0.309978",
            "high": "0.31",
            "low": "0.309978",
            "close": "0.310506"
        },
        {
            "time": "19.11.2020 02:42",
            "open": "0.310506",
            "high": "0.310506",
            "low": "0.310273",
            "close": "0.309519"
        },
        {
            "time": "19.11.2020 02:52",
            "open": "0.309519",
            "high": "0.309519",
            "low": "0.309519",
            "close": "0.3108"
        },
        {
            "time": "19.11.2020 03:00",
            "open": "0.3108",
            "high": "0.311099",
            "low": "0.310575",
            "close": "0.309834"
        },
        {
            "time": "19.11.2020 03:02",
            "open": "0.309834",
            "high": "0.309834",
            "low": "0.309834",
            "close": "0.308431"
        },
        {
            "time": "19.11.2020 03:04",
            "open": "0.308431",
            "high": "0.308431",
            "low": "0.308431",
            "close": "0.308268"
        },
        {
            "time": "19.11.2020 03:05",
            "open": "0.308268",
            "high": "0.309383",
            "low": "0.308267",
            "close": "0.309253"
        },
        {
            "time": "19.11.2020 03:06",
            "open": "0.309253",
            "high": "0.309253",
            "low": "0.309253",
            "close": "0.309279"
        },
        {
            "time": "19.11.2020 03:07",
            "open": "0.309279",
            "high": "0.309279",
            "low": "0.309279",
            "close": "0.309291"
        },
        {
            "time": "19.11.2020 03:17",
            "open": "0.309291",
            "high": "0.309291",
            "low": "0.309291",
            "close": "0.311545"
        },
        {
            "time": "19.11.2020 03:32",
            "open": "0.311545",
            "high": "0.311611",
            "low": "0.311545",
            "close": "0.31167"
        },
        {
            "time": "19.11.2020 03:34",
            "open": "0.31167",
            "high": "0.31167",
            "low": "0.31167",
            "close": "0.3119"
        },
        {
            "time": "19.11.2020 03:36",
            "open": "0.3119",
            "high": "0.3119",
            "low": "0.3119",
            "close": "0.3119"
        },
        {
            "time": "19.11.2020 03:41",
            "open": "0.3119",
            "high": "0.3119",
            "low": "0.3119",
            "close": "0.31157"
        },
        {
            "time": "19.11.2020 03:43",
            "open": "0.31157",
            "high": "0.31157",
            "low": "0.31157",
            "close": "0.310815"
        },
        {
            "time": "19.11.2020 03:46",
            "open": "0.310815",
            "high": "0.310815",
            "low": "0.310815",
            "close": "0.31034"
        },
        {
            "time": "19.11.2020 03:47",
            "open": "0.31034",
            "high": "0.31034",
            "low": "0.31034",
            "close": "0.30945"
        },
        {
            "time": "19.11.2020 03:48",
            "open": "0.30945",
            "high": "0.30945",
            "low": "0.30945",
            "close": "0.310313"
        },
        {
            "time": "19.11.2020 03:51",
            "open": "0.310313",
            "high": "0.310313",
            "low": "0.310313",
            "close": "0.311103"
        },
        {
            "time": "19.11.2020 03:52",
            "open": "0.311103",
            "high": "0.311103",
            "low": "0.311103",
            "close": "0.311103"
        },
        {
            "time": "19.11.2020 03:54",
            "open": "0.311103",
            "high": "0.311103",
            "low": "0.310953",
            "close": "0.311138"
        },
        {
            "time": "19.11.2020 03:55",
            "open": "0.311138",
            "high": "0.311179",
            "low": "0.310523",
            "close": "0.311242"
        },
        {
            "time": "19.11.2020 04:02",
            "open": "0.311242",
            "high": "0.311242",
            "low": "0.311242",
            "close": "0.311121"
        },
        {
            "time": "19.11.2020 04:07",
            "open": "0.311121",
            "high": "0.311121",
            "low": "0.311121",
            "close": "0.310991"
        },
        {
            "time": "19.11.2020 04:08",
            "open": "0.310991",
            "high": "0.310991",
            "low": "0.310991",
            "close": "0.3099"
        },
        {
            "time": "19.11.2020 04:13",
            "open": "0.3099",
            "high": "0.3099",
            "low": "0.309561",
            "close": "0.309338"
        },
        {
            "time": "19.11.2020 04:14",
            "open": "0.309338",
            "high": "0.30934",
            "low": "0.309338",
            "close": "0.309832"
        },
        {
            "time": "19.11.2020 04:15",
            "open": "0.309832",
            "high": "0.309832",
            "low": "0.309832",
            "close": "0.310147"
        },
        {
            "time": "19.11.2020 04:19",
            "open": "0.310147",
            "high": "0.310147",
            "low": "0.310147",
            "close": "0.310029"
        },
        {
            "time": "19.11.2020 04:22",
            "open": "0.310029",
            "high": "0.310029",
            "low": "0.309655",
            "close": "0.31025"
        },
        {
            "time": "19.11.2020 04:25",
            "open": "0.31025",
            "high": "0.31025",
            "low": "0.31025",
            "close": "0.310344"
        },
        {
            "time": "19.11.2020 04:46",
            "open": "0.310344",
            "high": "0.310344",
            "low": "0.310344",
            "close": "0.30945"
        },
        {
            "time": "19.11.2020 05:19",
            "open": "0.30945",
            "high": "0.30945",
            "low": "0.30945",
            "close": "0.310458"
        },
        {
            "time": "19.11.2020 05:22",
            "open": "0.310458",
            "high": "0.310759",
            "low": "0.310458",
            "close": "0.3105"
        },
        {
            "time": "19.11.2020 05:49",
            "open": "0.3105",
            "high": "0.3105",
            "low": "0.3105",
            "close": "0.3105"
        },
        {
            "time": "19.11.2020 05:58",
            "open": "0.3105",
            "high": "0.3105",
            "low": "0.3105",
            "close": "0.30913"
        },
        {
            "time": "19.11.2020 06:10",
            "open": "0.30913",
            "high": "0.30913",
            "low": "0.30913",
            "close": "0.310283"
        },
        {
            "time": "19.11.2020 06:19",
            "open": "0.310283",
            "high": "0.310283",
            "low": "0.310283",
            "close": "0.30937"
        },
        {
            "time": "19.11.2020 06:33",
            "open": "0.30937",
            "high": "0.30937",
            "low": "0.30937",
            "close": "0.30933"
        },
        {
            "time": "19.11.2020 06:54",
            "open": "0.30933",
            "high": "0.30933",
            "low": "0.30933",
            "close": "0.308947"
        },
        {
            "time": "19.11.2020 06:57",
            "open": "0.308947",
            "high": "0.308947",
            "low": "0.30832",
            "close": "0.308685"
        },
        {
            "time": "19.11.2020 06:58",
            "open": "0.308685",
            "high": "0.308686",
            "low": "0.308685",
            "close": "0.30665"
        },
        {
            "time": "19.11.2020 07:02",
            "open": "0.30665",
            "high": "0.30665",
            "low": "0.30665",
            "close": "0.305459"
        },
        {
            "time": "19.11.2020 07:03",
            "open": "0.305459",
            "high": "0.307264",
            "low": "0.30527",
            "close": "0.307545"
        },
        {
            "time": "19.11.2020 07:04",
            "open": "0.307545",
            "high": "0.307545",
            "low": "0.307392",
            "close": "0.306887"
        },
        {
            "time": "19.11.2020 07:09",
            "open": "0.306887",
            "high": "0.306887",
            "low": "0.306887",
            "close": "0.307252"
        },
        {
            "time": "19.11.2020 07:11",
            "open": "0.307252",
            "high": "0.307252",
            "low": "0.306952",
            "close": "0.307065"
        },
        {
            "time": "19.11.2020 07:12",
            "open": "0.307065",
            "high": "0.307065",
            "low": "0.307065",
            "close": "0.307771"
        },
        {
            "time": "19.11.2020 07:16",
            "open": "0.307771",
            "high": "0.307771",
            "low": "0.307771",
            "close": "0.307304"
        },
        {
            "time": "19.11.2020 07:17",
            "open": "0.307304",
            "high": "0.307304",
            "low": "0.307304",
            "close": "0.306887"
        },
        {
            "time": "19.11.2020 07:20",
            "open": "0.306887",
            "high": "0.306952",
            "low": "0.306582",
            "close": "0.307043"
        },
        {
            "time": "19.11.2020 07:22",
            "open": "0.307043",
            "high": "0.307553",
            "low": "0.307043",
            "close": "0.308634"
        },
        {
            "time": "19.11.2020 07:26",
            "open": "0.308634",
            "high": "0.308634",
            "low": "0.308634",
            "close": "0.307476"
        },
        {
            "time": "19.11.2020 07:37",
            "open": "0.307476",
            "high": "0.307476",
            "low": "0.307476",
            "close": "0.306551"
        },
        {
            "time": "19.11.2020 07:44",
            "open": "0.306551",
            "high": "0.306551",
            "low": "0.306551",
            "close": "0.306385"
        },
        {
            "time": "19.11.2020 07:45",
            "open": "0.306385",
            "high": "0.306385",
            "low": "0.306385",
            "close": "0.307236"
        },
        {
            "time": "19.11.2020 08:09",
            "open": "0.307236",
            "high": "0.307236",
            "low": "0.307157",
            "close": "0.306503"
        },
        {
            "time": "19.11.2020 08:10",
            "open": "0.306503",
            "high": "0.306503",
            "low": "0.306503",
            "close": "0.307428"
        },
        {
            "time": "19.11.2020 08:13",
            "open": "0.307428",
            "high": "0.307428",
            "low": "0.307428",
            "close": "0.306707"
        },
        {
            "time": "19.11.2020 08:19",
            "open": "0.306707",
            "high": "0.306707",
            "low": "0.306707",
            "close": "0.307405"
        },
        {
            "time": "19.11.2020 08:26",
            "open": "0.307405",
            "high": "0.307405",
            "low": "0.307405",
            "close": "0.306954"
        },
        {
            "time": "19.11.2020 08:29",
            "open": "0.306954",
            "high": "0.306954",
            "low": "0.306954",
            "close": "0.307232"
        },
        {
            "time": "19.11.2020 08:31",
            "open": "0.307232",
            "high": "0.307232",
            "low": "0.307232",
            "close": "0.305112"
        },
        {
            "time": "19.11.2020 08:39",
            "open": "0.305112",
            "high": "0.305112",
            "low": "0.305112",
            "close": "0.305469"
        },
        {
            "time": "19.11.2020 08:53",
            "open": "0.305469",
            "high": "0.305469",
            "low": "0.305469",
            "close": "0.305641"
        },
        {
            "time": "19.11.2020 09:01",
            "open": "0.305641",
            "high": "0.30575",
            "low": "0.305307",
            "close": "0.30565"
        },
        {
            "time": "19.11.2020 09:10",
            "open": "0.30565",
            "high": "0.30565",
            "low": "0.30565",
            "close": "0.306322"
        },
        {
            "time": "19.11.2020 09:12",
            "open": "0.306322",
            "high": "0.306334",
            "low": "0.306322",
            "close": "0.305144"
        },
        {
            "time": "19.11.2020 09:19",
            "open": "0.305144",
            "high": "0.305144",
            "low": "0.305144",
            "close": "0.305"
        },
        {
            "time": "19.11.2020 09:20",
            "open": "0.305",
            "high": "0.305",
            "low": "0.304997",
            "close": "0.304662"
        },
        {
            "time": "19.11.2020 09:21",
            "open": "0.304662",
            "high": "0.304662",
            "low": "0.304414",
            "close": "0.304883"
        },
        {
            "time": "19.11.2020 09:22",
            "open": "0.304883",
            "high": "0.304883",
            "low": "0.304883",
            "close": "0.304736"
        },
        {
            "time": "19.11.2020 09:29",
            "open": "0.304736",
            "high": "0.304736",
            "low": "0.304154",
            "close": "0.306649"
        },
        {
            "time": "19.11.2020 09:33",
            "open": "0.306649",
            "high": "0.306649",
            "low": "0.306649",
            "close": "0.306275"
        },
        {
            "time": "19.11.2020 09:35",
            "open": "0.306275",
            "high": "0.306275",
            "low": "0.306275",
            "close": "0.305895"
        },
        {
            "time": "19.11.2020 09:36",
            "open": "0.305895",
            "high": "0.305895",
            "low": "0.305893",
            "close": "0.30472"
        },
        {
            "time": "19.11.2020 09:37",
            "open": "0.30472",
            "high": "0.30472",
            "low": "0.30472",
            "close": "0.304821"
        },
        {
            "time": "19.11.2020 09:40",
            "open": "0.304821",
            "high": "0.304821",
            "low": "0.304821",
            "close": "0.303632"
        },
        {
            "time": "19.11.2020 09:45",
            "open": "0.303632",
            "high": "0.303632",
            "low": "0.303504",
            "close": "0.303113"
        },
        {
            "time": "19.11.2020 09:46",
            "open": "0.303113",
            "high": "0.303113",
            "low": "0.302915",
            "close": "0.303658"
        },
        {
            "time": "19.11.2020 09:48",
            "open": "0.303658",
            "high": "0.303658",
            "low": "0.303136",
            "close": "0.304176"
        },
        {
            "time": "19.11.2020 09:49",
            "open": "0.304176",
            "high": "0.304176",
            "low": "0.304176",
            "close": "0.304221"
        },
        {
            "time": "19.11.2020 09:50",
            "open": "0.304221",
            "high": "0.304221",
            "low": "0.304058",
            "close": "0.304445"
        },
        {
            "time": "19.11.2020 09:51",
            "open": "0.304275",
            "high": "0.304275",
            "low": "0.304275",
            "close": "0.304329"
        },
        {
            "time": "19.11.2020 09:56",
            "open": "0.304329",
            "high": "0.304329",
            "low": "0.304329",
            "close": "0.304083"
        },
        {
            "time": "19.11.2020 09:57",
            "open": "0.304083",
            "high": "0.304083",
            "low": "0.303868",
            "close": "0.304"
        },
        {
            "time": "19.11.2020 10:01",
            "open": "0.304",
            "high": "0.304",
            "low": "0.304",
            "close": "0.304015"
        },
        {
            "time": "19.11.2020 10:03",
            "open": "0.304015",
            "high": "0.304015",
            "low": "0.304014",
            "close": "0.303904"
        },
        {
            "time": "19.11.2020 10:12",
            "open": "0.303904",
            "high": "0.303904",
            "low": "0.303904",
            "close": "0.303364"
        },
        {
            "time": "19.11.2020 10:18",
            "open": "0.303364",
            "high": "0.303372",
            "low": "0.303339",
            "close": "0.303203"
        },
        {
            "time": "19.11.2020 10:21",
            "open": "0.303203",
            "high": "0.303203",
            "low": "0.303203",
            "close": "0.303"
        },
        {
            "time": "19.11.2020 10:25",
            "open": "0.303",
            "high": "0.303",
            "low": "0.30288",
            "close": "0.302698"
        },
        {
            "time": "19.11.2020 10:32",
            "open": "0.302698",
            "high": "0.302698",
            "low": "0.302698",
            "close": "0.302626"
        },
        {
            "time": "19.11.2020 10:36",
            "open": "0.302626",
            "high": "0.302626",
            "low": "0.302276",
            "close": "0.302526"
        },
        {
            "time": "19.11.2020 10:37",
            "open": "0.302526",
            "high": "0.302799",
            "low": "0.302526",
            "close": "0.302857"
        },
        {
            "time": "19.11.2020 10:43",
            "open": "0.302857",
            "high": "0.302857",
            "low": "0.302857",
            "close": "0.302243"
        },
        {
            "time": "19.11.2020 10:44",
            "open": "0.302243",
            "high": "0.302243",
            "low": "0.302243",
            "close": "0.302001"
        },
        {
            "time": "19.11.2020 10:45",
            "open": "0.302001",
            "high": "0.302001",
            "low": "0.302001",
            "close": "0.302"
        },
        {
            "time": "19.11.2020 10:47",
            "open": "0.302",
            "high": "0.302",
            "low": "0.302",
            "close": "0.301405"
        },
        {
            "time": "19.11.2020 10:48",
            "open": "0.301405",
            "high": "0.301405",
            "low": "0.301405",
            "close": "0.301487"
        },
        {
            "time": "19.11.2020 10:49",
            "open": "0.301487",
            "high": "0.301487",
            "low": "0.301487",
            "close": "0.301259"
        },
        {
            "time": "19.11.2020 10:50",
            "open": "0.301259",
            "high": "0.301658",
            "low": "0.301259",
            "close": "0.302"
        },
        {
            "time": "19.11.2020 10:51",
            "open": "0.302",
            "high": "0.302",
            "low": "0.301809",
            "close": "0.301598"
        },
        {
            "time": "19.11.2020 10:53",
            "open": "0.301598",
            "high": "0.301598",
            "low": "0.301598",
            "close": "0.302"
        },
        {
            "time": "19.11.2020 10:57",
            "open": "0.302",
            "high": "0.30264",
            "low": "0.302",
            "close": "0.302604"
        },
        {
            "time": "19.11.2020 10:59",
            "open": "0.302604",
            "high": "0.302604",
            "low": "0.302604",
            "close": "0.301493"
        },
        {
            "time": "19.11.2020 11:00",
            "open": "0.301493",
            "high": "0.301493",
            "low": "0.301493",
            "close": "0.302898"
        },
        {
            "time": "19.11.2020 11:05",
            "open": "0.302898",
            "high": "0.302898",
            "low": "0.302898",
            "close": "0.302425"
        },
        {
            "time": "19.11.2020 11:08",
            "open": "0.302425",
            "high": "0.302425",
            "low": "0.302425",
            "close": "0.303206"
        },
        {
            "time": "19.11.2020 11:09",
            "open": "0.303206",
            "high": "0.303206",
            "low": "0.303206",
            "close": "0.303096"
        },
        {
            "time": "19.11.2020 11:12",
            "open": "0.303096",
            "high": "0.303096",
            "low": "0.303096",
            "close": "0.303342"
        },
        {
            "time": "19.11.2020 11:18",
            "open": "0.303342",
            "high": "0.303342",
            "low": "0.303342",
            "close": "0.301428"
        },
        {
            "time": "19.11.2020 11:23",
            "open": "0.301428",
            "high": "0.301428",
            "low": "0.301428",
            "close": "0.302489"
        },
        {
            "time": "19.11.2020 11:38",
            "open": "0.302489",
            "high": "0.303455",
            "low": "0.302489",
            "close": "0.303457"
        },
        {
            "time": "19.11.2020 11:47",
            "open": "0.303457",
            "high": "0.303457",
            "low": "0.303455",
            "close": "0.303025"
        },
        {
            "time": "19.11.2020 11:48",
            "open": "0.303025",
            "high": "0.303025",
            "low": "0.303025",
            "close": "0.303904"
        },
        {
            "time": "19.11.2020 11:49",
            "open": "0.303904",
            "high": "0.303904",
            "low": "0.303904",
            "close": "0.30444"
        },
        {
            "time": "19.11.2020 11:54",
            "open": "0.30444",
            "high": "0.30444",
            "low": "0.30444",
            "close": "0.303173"
        },
        {
            "time": "19.11.2020 11:56",
            "open": "0.303173",
            "high": "0.303436",
            "low": "0.303077",
            "close": "0.303349"
        },
        {
            "time": "19.11.2020 11:57",
            "open": "0.303349",
            "high": "0.303349",
            "low": "0.303349",
            "close": "0.303115"
        },
        {
            "time": "19.11.2020 12:00",
            "open": "0.303115",
            "high": "0.303115",
            "low": "0.303115",
            "close": "0.303935"
        },
        {
            "time": "19.11.2020 12:07",
            "open": "0.303935",
            "high": "0.303935",
            "low": "0.303935",
            "close": "0.304411"
        },
        {
            "time": "19.11.2020 12:09",
            "open": "0.304411",
            "high": "0.304411",
            "low": "0.304411",
            "close": "0.303391"
        },
        {
            "time": "19.11.2020 12:10",
            "open": "0.303391",
            "high": "0.303391",
            "low": "0.303391",
            "close": "0.302887"
        },
        {
            "time": "19.11.2020 12:12",
            "open": "0.302887",
            "high": "0.302887",
            "low": "0.302887",
            "close": "0.303056"
        },
        {
            "time": "19.11.2020 12:14",
            "open": "0.303056",
            "high": "0.303056",
            "low": "0.303056",
            "close": "0.303084"
        },
        {
            "time": "19.11.2020 12:21",
            "open": "0.303084",
            "high": "0.303084",
            "low": "0.303084",
            "close": "0.30307"
        },
        {
            "time": "19.11.2020 12:24",
            "open": "0.30307",
            "high": "0.30307",
            "low": "0.30307",
            "close": "0.303012"
        },
        {
            "time": "19.11.2020 12:27",
            "open": "0.303012",
            "high": "0.303012",
            "low": "0.302358",
            "close": "0.302579"
        },
        {
            "time": "19.11.2020 12:28",
            "open": "0.302579",
            "high": "0.303701",
            "low": "0.302579",
            "close": "0.302124"
        },
        {
            "time": "19.11.2020 12:29",
            "open": "0.302124",
            "high": "0.302884",
            "low": "0.302124",
            "close": "0.302276"
        },
        {
            "time": "19.11.2020 12:31",
            "open": "0.302276",
            "high": "0.302276",
            "low": "0.302276",
            "close": "0.303546"
        },
        {
            "time": "19.11.2020 12:32",
            "open": "0.303546",
            "high": "0.303546",
            "low": "0.303546",
            "close": "0.30354"
        },
        {
            "time": "19.11.2020 12:36",
            "open": "0.30354",
            "high": "0.30354",
            "low": "0.30354",
            "close": "0.303719"
        },
        {
            "time": "19.11.2020 12:39",
            "open": "0.303719",
            "high": "0.303914",
            "low": "0.303719",
            "close": "0.305407"
        },
        {
            "time": "19.11.2020 12:40",
            "open": "0.305407",
            "high": "0.305407",
            "low": "0.305407",
            "close": "0.305592"
        },
        {
            "time": "19.11.2020 12:41",
            "open": "0.305592",
            "high": "0.305592",
            "low": "0.305592",
            "close": "0.305276"
        },
        {
            "time": "19.11.2020 12:45",
            "open": "0.305276",
            "high": "0.305939",
            "low": "0.305276",
            "close": "0.305474"
        },
        {
            "time": "19.11.2020 12:46",
            "open": "0.305474",
            "high": "0.305474",
            "low": "0.305474",
            "close": "0.305912"
        },
        {
            "time": "19.11.2020 12:48",
            "open": "0.305912",
            "high": "0.305912",
            "low": "0.305912",
            "close": "0.306716"
        },
        {
            "time": "19.11.2020 12:49",
            "open": "0.306716",
            "high": "0.306716",
            "low": "0.306716",
            "close": "0.306674"
        },
        {
            "time": "19.11.2020 12:52",
            "open": "0.306674",
            "high": "0.306674",
            "low": "0.306674",
            "close": "0.308031"
        },
        {
            "time": "19.11.2020 12:56",
            "open": "0.308031",
            "high": "0.308031",
            "low": "0.308031",
            "close": "0.306764"
        },
        {
            "time": "19.11.2020 12:59",
            "open": "0.306764",
            "high": "0.307524",
            "low": "0.306704",
            "close": "0.307755"
        },
        {
            "time": "19.11.2020 13:00",
            "open": "0.307755",
            "high": "0.307755",
            "low": "0.307524",
            "close": "0.307442"
        },
        {
            "time": "19.11.2020 13:01",
            "open": "0.307442",
            "high": "0.307442",
            "low": "0.307442",
            "close": "0.306753"
        },
        {
            "time": "19.11.2020 13:04",
            "open": "0.306753",
            "high": "0.306753",
            "low": "0.306753",
            "close": "0.30687"
        },
        {
            "time": "19.11.2020 13:06",
            "open": "0.30687",
            "high": "0.30687",
            "low": "0.30687",
            "close": "0.30658"
        },
        {
            "time": "19.11.2020 13:09",
            "open": "0.30658",
            "high": "0.30658",
            "low": "0.30658",
            "close": "0.306853"
        },
        {
            "time": "19.11.2020 13:14",
            "open": "0.306853",
            "high": "0.306853",
            "low": "0.30679",
            "close": "0.307505"
        },
        {
            "time": "19.11.2020 13:15",
            "open": "0.307505",
            "high": "0.307505",
            "low": "0.307505",
            "close": "0.30817"
        },
        {
            "time": "19.11.2020 13:16",
            "open": "0.30817",
            "high": "0.308172",
            "low": "0.30817",
            "close": "0.308172"
        },
        {
            "time": "19.11.2020 13:17",
            "open": "0.308172",
            "high": "0.308516",
            "low": "0.308172",
            "close": "0.307937"
        },
        {
            "time": "19.11.2020 13:20",
            "open": "0.307937",
            "high": "0.307937",
            "low": "0.307937",
            "close": "0.308176"
        },
        {
            "time": "19.11.2020 13:21",
            "open": "0.308176",
            "high": "0.308176",
            "low": "0.308176",
            "close": "0.307657"
        },
        {
            "time": "19.11.2020 13:31",
            "open": "0.307657",
            "high": "0.307657",
            "low": "0.307657",
            "close": "0.308316"
        },
        {
            "time": "19.11.2020 13:35",
            "open": "0.308316",
            "high": "0.308316",
            "low": "0.308309",
            "close": "0.308662"
        },
        {
            "time": "19.11.2020 13:36",
            "open": "0.308662",
            "high": "0.308662",
            "low": "0.308662",
            "close": "0.30867"
        },
        {
            "time": "19.11.2020 13:41",
            "open": "0.30867",
            "high": "0.30867",
            "low": "0.30867",
            "close": "0.3089"
        },
        {
            "time": "19.11.2020 13:42",
            "open": "0.3089",
            "high": "0.309155",
            "low": "0.308655",
            "close": "0.309175"
        },
        {
            "time": "19.11.2020 13:43",
            "open": "0.309175",
            "high": "0.309175",
            "low": "0.309175",
            "close": "0.309175"
        },
        {
            "time": "19.11.2020 13:45",
            "open": "0.309175",
            "high": "0.309175",
            "low": "0.309175",
            "close": "0.309266"
        },
        {
            "time": "19.11.2020 13:46",
            "open": "0.309266",
            "high": "0.309266",
            "low": "0.308717",
            "close": "0.309668"
        },
        {
            "time": "19.11.2020 13:54",
            "open": "0.309668",
            "high": "0.309669",
            "low": "0.309668",
            "close": "0.309337"
        },
        {
            "time": "19.11.2020 13:55",
            "open": "0.309337",
            "high": "0.3098",
            "low": "0.309337",
            "close": "0.309669"
        },
        {
            "time": "19.11.2020 13:56",
            "open": "0.309669",
            "high": "0.309669",
            "low": "0.309669",
            "close": "0.31"
        },
        {
            "time": "19.11.2020 13:58",
            "open": "0.31",
            "high": "0.310438",
            "low": "0.31",
            "close": "0.310499"
        },
        {
            "time": "19.11.2020 14:01",
            "open": "0.310499",
            "high": "0.310499",
            "low": "0.310112",
            "close": "0.3105"
        },
        {
            "time": "19.11.2020 14:02",
            "open": "0.3105",
            "high": "0.3105",
            "low": "0.3105",
            "close": "0.3105"
        },
        {
            "time": "19.11.2020 14:03",
            "open": "0.3105",
            "high": "0.3105",
            "low": "0.3105",
            "close": "0.310397"
        },
        {
            "time": "19.11.2020 14:04",
            "open": "0.310397",
            "high": "0.310397",
            "low": "0.310397",
            "close": "0.31088"
        },
        {
            "time": "19.11.2020 14:05",
            "open": "0.31088",
            "high": "0.31088",
            "low": "0.310616",
            "close": "0.311"
        },
        {
            "time": "19.11.2020 14:06",
            "open": "0.311",
            "high": "0.3111",
            "low": "0.311",
            "close": "0.311477"
        },
        {
            "time": "19.11.2020 14:07",
            "open": "0.311477",
            "high": "0.311477",
            "low": "0.310844",
            "close": "0.311501"
        },
        {
            "time": "19.11.2020 14:12",
            "open": "0.311501",
            "high": "0.311501",
            "low": "0.3111",
            "close": "0.3111"
        },
        {
            "time": "19.11.2020 14:13",
            "open": "0.3111",
            "high": "0.3111",
            "low": "0.3111",
            "close": "0.310876"
        },
        {
            "time": "19.11.2020 14:14",
            "open": "0.310876",
            "high": "0.310876",
            "low": "0.310876",
            "close": "0.311502"
        },
        {
            "time": "19.11.2020 14:17",
            "open": "0.311502",
            "high": "0.311502",
            "low": "0.311502",
            "close": "0.311681"
        },
        {
            "time": "19.11.2020 14:18",
            "open": "0.311681",
            "high": "0.311681",
            "low": "0.311303",
            "close": "0.310876"
        },
        {
            "time": "19.11.2020 14:19",
            "open": "0.310876",
            "high": "0.310876",
            "low": "0.310769",
            "close": "0.310932"
        },
        {
            "time": "19.11.2020 14:20",
            "open": "0.310932",
            "high": "0.310932",
            "low": "0.310932",
            "close": "0.310927"
        },
        {
            "time": "19.11.2020 14:22",
            "open": "0.310927",
            "high": "0.310927",
            "low": "0.310927",
            "close": "0.310424"
        },
        {
            "time": "19.11.2020 14:25",
            "open": "0.310424",
            "high": "0.310424",
            "low": "0.310362",
            "close": "0.310337"
        },
        {
            "time": "19.11.2020 14:28",
            "open": "0.310337",
            "high": "0.310337",
            "low": "0.310336",
            "close": "0.31064"
        },
        {
            "time": "19.11.2020 14:29",
            "open": "0.31064",
            "high": "0.31064",
            "low": "0.310579",
            "close": "0.310373"
        },
        {
            "time": "19.11.2020 14:35",
            "open": "0.310373",
            "high": "0.310373",
            "low": "0.310373",
            "close": "0.310358"
        },
        {
            "time": "19.11.2020 14:40",
            "open": "0.310358",
            "high": "0.310358",
            "low": "0.30998",
            "close": "0.311047"
        },
        {
            "time": "19.11.2020 14:42",
            "open": "0.311047",
            "high": "0.311047",
            "low": "0.311047",
            "close": "0.311049"
        },
        {
            "time": "19.11.2020 14:43",
            "open": "0.311049",
            "high": "0.311189",
            "low": "0.311049",
            "close": "0.311189"
        },
        {
            "time": "19.11.2020 14:44",
            "open": "0.311189",
            "high": "0.311189",
            "low": "0.311189",
            "close": "0.311376"
        },
        {
            "time": "19.11.2020 14:46",
            "open": "0.311376",
            "high": "0.311376",
            "low": "0.311376",
            "close": "0.310896"
        },
        {
            "time": "19.11.2020 14:51",
            "open": "0.310896",
            "high": "0.310896",
            "low": "0.310896",
            "close": "0.311757"
        },
        {
            "time": "19.11.2020 14:52",
            "open": "0.311757",
            "high": "0.311757",
            "low": "0.311588",
            "close": "0.311214"
        },
        {
            "time": "19.11.2020 15:01",
            "open": "0.311214",
            "high": "0.311214",
            "low": "0.311212",
            "close": "0.311237"
        },
        {
            "time": "19.11.2020 15:02",
            "open": "0.311237",
            "high": "0.311237",
            "low": "0.311237",
            "close": "0.311012"
        },
        {
            "time": "19.11.2020 15:03",
            "open": "0.311012",
            "high": "0.311064",
            "low": "0.311012",
            "close": "0.310086"
        },
        {
            "time": "19.11.2020 15:04",
            "open": "0.310086",
            "high": "0.310086",
            "low": "0.310086",
            "close": "0.310672"
        },
        {
            "time": "19.11.2020 15:06",
            "open": "0.310672",
            "high": "0.310672",
            "low": "0.310672",
            "close": "0.309923"
        },
        {
            "time": "19.11.2020 15:07",
            "open": "0.309923",
            "high": "0.310006",
            "low": "0.309923",
            "close": "0.311"
        },
        {
            "time": "19.11.2020 15:15",
            "open": "0.311",
            "high": "0.311",
            "low": "0.311",
            "close": "0.311482"
        },
        {
            "time": "19.11.2020 15:17",
            "open": "0.311482",
            "high": "0.31156",
            "low": "0.311482",
            "close": "0.310271"
        },
        {
            "time": "19.11.2020 15:18",
            "open": "0.310271",
            "high": "0.310271",
            "low": "0.31027",
            "close": "0.310085"
        },
        {
            "time": "19.11.2020 15:25",
            "open": "0.310085",
            "high": "0.310085",
            "low": "0.310085",
            "close": "0.310574"
        },
        {
            "time": "19.11.2020 15:31",
            "open": "0.310574",
            "high": "0.310574",
            "low": "0.310574",
            "close": "0.311458"
        },
        {
            "time": "19.11.2020 15:35",
            "open": "0.311458",
            "high": "0.311458",
            "low": "0.311458",
            "close": "0.310346"
        },
        {
            "time": "19.11.2020 15:38",
            "open": "0.310346",
            "high": "0.310346",
            "low": "0.310346",
            "close": "0.310311"
        },
        {
            "time": "19.11.2020 15:39",
            "open": "0.310311",
            "high": "0.310311",
            "low": "0.310311",
            "close": "0.311054"
        },
        {
            "time": "19.11.2020 15:51",
            "open": "0.311054",
            "high": "0.311054",
            "low": "0.311054",
            "close": "0.311134"
        },
        {
            "time": "19.11.2020 15:57",
            "open": "0.311134",
            "high": "0.311134",
            "low": "0.311134",
            "close": "0.310556"
        },
        {
            "time": "19.11.2020 15:59",
            "open": "0.310556",
            "high": "0.310556",
            "low": "0.310449",
            "close": "0.309833"
        },
        {
            "time": "19.11.2020 16:01",
            "open": "0.309833",
            "high": "0.309833",
            "low": "0.309833",
            "close": "0.310001"
        },
        {
            "time": "19.11.2020 16:03",
            "open": "0.310001",
            "high": "0.310039",
            "low": "0.310001",
            "close": "0.310711"
        },
        {
            "time": "19.11.2020 16:05",
            "open": "0.310711",
            "high": "0.310711",
            "low": "0.310711",
            "close": "0.310556"
        },
        {
            "time": "19.11.2020 16:06",
            "open": "0.310556",
            "high": "0.310556",
            "low": "0.310556",
            "close": "0.310556"
        },
        {
            "time": "19.11.2020 16:09",
            "open": "0.310556",
            "high": "0.311644",
            "low": "0.310556",
            "close": "0.310257"
        },
        {
            "time": "19.11.2020 16:15",
            "open": "0.310257",
            "high": "0.310269",
            "low": "0.310257",
            "close": "0.311505"
        },
        {
            "time": "19.11.2020 16:19",
            "open": "0.311505",
            "high": "0.311569",
            "low": "0.311505",
            "close": "0.311638"
        },
        {
            "time": "19.11.2020 16:20",
            "open": "0.311638",
            "high": "0.311638",
            "low": "0.311638",
            "close": "0.311542"
        },
        {
            "time": "19.11.2020 16:21",
            "open": "0.311542",
            "high": "0.311542",
            "low": "0.310705",
            "close": "0.311092"
        },
        {
            "time": "19.11.2020 16:24",
            "open": "0.311092",
            "high": "0.311184",
            "low": "0.311092",
            "close": "0.310518"
        },
        {
            "time": "19.11.2020 16:25",
            "open": "0.310518",
            "high": "0.311265",
            "low": "0.310518",
            "close": "0.311053"
        },
        {
            "time": "19.11.2020 16:29",
            "open": "0.311053",
            "high": "0.311053",
            "low": "0.311053",
            "close": "0.3119"
        },
        {
            "time": "19.11.2020 16:30",
            "open": "0.3119",
            "high": "0.3119",
            "low": "0.3119",
            "close": "0.311162"
        },
        {
            "time": "19.11.2020 16:31",
            "open": "0.311162",
            "high": "0.311162",
            "low": "0.311024",
            "close": "0.310145"
        },
        {
            "time": "19.11.2020 16:32",
            "open": "0.310145",
            "high": "0.310145",
            "low": "0.310145",
            "close": "0.310673"
        },
        {
            "time": "19.11.2020 16:35",
            "open": "0.310673",
            "high": "0.312311",
            "low": "0.310673",
            "close": "0.311645"
        },
        {
            "time": "19.11.2020 16:36",
            "open": "0.311645",
            "high": "0.311646",
            "low": "0.310906",
            "close": "0.31083"
        },
        {
            "time": "19.11.2020 16:42",
            "open": "0.31083",
            "high": "0.31083",
            "low": "0.31083",
            "close": "0.311678"
        },
        {
            "time": "19.11.2020 16:49",
            "open": "0.311678",
            "high": "0.311678",
            "low": "0.311678",
            "close": "0.311333"
        },
        {
            "time": "19.11.2020 16:51",
            "open": "0.311333",
            "high": "0.311333",
            "low": "0.311333",
            "close": "0.310906"
        },
        {
            "time": "19.11.2020 16:52",
            "open": "0.310906",
            "high": "0.310906",
            "low": "0.310732",
            "close": "0.31081"
        },
        {
            "time": "19.11.2020 16:53",
            "open": "0.31081",
            "high": "0.31081",
            "low": "0.310349",
            "close": "0.310582"
        },
        {
            "time": "19.11.2020 16:56",
            "open": "0.310582",
            "high": "0.310582",
            "low": "0.310582",
            "close": "0.312029"
        },
        {
            "time": "19.11.2020 17:00",
            "open": "0.312029",
            "high": "0.312029",
            "low": "0.312029",
            "close": "0.312066"
        },
        {
            "time": "19.11.2020 17:01",
            "open": "0.312066",
            "high": "0.312066",
            "low": "0.312066",
            "close": "0.309281"
        },
        {
            "time": "19.11.2020 17:06",
            "open": "0.309281",
            "high": "0.30981",
            "low": "0.309188",
            "close": "0.310067"
        },
        {
            "time": "19.11.2020 17:08",
            "open": "0.310067",
            "high": "0.310067",
            "low": "0.309989",
            "close": "0.31254"
        },
        {
            "time": "19.11.2020 17:09",
            "open": "0.31254",
            "high": "0.31254",
            "low": "0.31254",
            "close": "0.313"
        },
        {
            "time": "19.11.2020 17:10",
            "open": "0.313",
            "high": "0.3131",
            "low": "0.313",
            "close": "0.3136"
        },
        {
            "time": "19.11.2020 17:11",
            "open": "0.3136",
            "high": "0.314",
            "low": "0.312367",
            "close": "0.311794"
        },
        {
            "time": "19.11.2020 17:12",
            "open": "0.311794",
            "high": "0.311805",
            "low": "0.311794",
            "close": "0.31246"
        },
        {
            "time": "19.11.2020 17:15",
            "open": "0.31246",
            "high": "0.31246",
            "low": "0.312304",
            "close": "0.312876"
        },
        {
            "time": "19.11.2020 17:18",
            "open": "0.312876",
            "high": "0.312876",
            "low": "0.312876",
            "close": "0.313649"
        },
        {
            "time": "19.11.2020 17:24",
            "open": "0.313649",
            "high": "0.314202",
            "low": "0.313649",
            "close": "0.314045"
        },
        {
            "time": "19.11.2020 17:27",
            "open": "0.314045",
            "high": "0.314045",
            "low": "0.314045",
            "close": "0.314045"
        },
        {
            "time": "19.11.2020 17:28",
            "open": "0.314045",
            "high": "0.314045",
            "low": "0.314045",
            "close": "0.314354"
        },
        {
            "time": "19.11.2020 17:31",
            "open": "0.314354",
            "high": "0.314354",
            "low": "0.314354",
            "close": "0.313534"
        },
        {
            "time": "19.11.2020 17:35",
            "open": "0.313534",
            "high": "0.313534",
            "low": "0.313534",
            "close": "0.313842"
        },
        {
            "time": "19.11.2020 17:37",
            "open": "0.313842",
            "high": "0.313842",
            "low": "0.313842",
            "close": "0.31392"
        },
        {
            "time": "19.11.2020 17:40",
            "open": "0.31392",
            "high": "0.31392",
            "low": "0.31392",
            "close": "0.31374"
        },
        {
            "time": "19.11.2020 17:44",
            "open": "0.31374",
            "high": "0.313874",
            "low": "0.31374",
            "close": "0.312928"
        },
        {
            "time": "19.11.2020 17:46",
            "open": "0.312928",
            "high": "0.312928",
            "low": "0.312928",
            "close": "0.313709"
        },
        {
            "time": "19.11.2020 17:54",
            "open": "0.313709",
            "high": "0.313709",
            "low": "0.313709",
            "close": "0.314326"
        },
        {
            "time": "19.11.2020 17:55",
            "open": "0.314326",
            "high": "0.314326",
            "low": "0.314326",
            "close": "0.31459"
        },
        {
            "time": "19.11.2020 18:02",
            "open": "0.31459",
            "high": "0.31459",
            "low": "0.314081",
            "close": "0.314584"
        },
        {
            "time": "19.11.2020 18:04",
            "open": "0.314584",
            "high": "0.314584",
            "low": "0.314584",
            "close": "0.312876"
        },
        {
            "time": "19.11.2020 18:10",
            "open": "0.312876",
            "high": "0.312876",
            "low": "0.312826",
            "close": "0.31365"
        },
        {
            "time": "19.11.2020 18:17",
            "open": "0.31365",
            "high": "0.31365",
            "low": "0.31365",
            "close": "0.31374"
        },
        {
            "time": "19.11.2020 18:21",
            "open": "0.31374",
            "high": "0.31374",
            "low": "0.313621",
            "close": "0.313686"
        },
        {
            "time": "19.11.2020 18:22",
            "open": "0.313686",
            "high": "0.313686",
            "low": "0.313686",
            "close": "0.313166"
        },
        {
            "time": "19.11.2020 18:27",
            "open": "0.313166",
            "high": "0.313166",
            "low": "0.313166",
            "close": "0.313847"
        },
        {
            "time": "19.11.2020 18:28",
            "open": "0.313847",
            "high": "0.313847",
            "low": "0.313847",
            "close": "0.313764"
        },
        {
            "time": "19.11.2020 18:29",
            "open": "0.313764",
            "high": "0.313764",
            "low": "0.313764",
            "close": "0.313796"
        },
        {
            "time": "19.11.2020 18:33",
            "open": "0.313796",
            "high": "0.3146",
            "low": "0.313796",
            "close": "0.3146"
        },
        {
            "time": "19.11.2020 18:35",
            "open": "0.3146",
            "high": "0.3146",
            "low": "0.3146",
            "close": "0.314712"
        },
        {
            "time": "19.11.2020 18:36",
            "open": "0.314712",
            "high": "0.315",
            "low": "0.314712",
            "close": "0.315357"
        },
        {
            "time": "19.11.2020 18:37",
            "open": "0.315357",
            "high": "0.315357",
            "low": "0.315357",
            "close": "0.314981"
        },
        {
            "time": "19.11.2020 18:39",
            "open": "0.314981",
            "high": "0.314981",
            "low": "0.314981",
            "close": "0.315195"
        },
        {
            "time": "19.11.2020 18:42",
            "open": "0.315195",
            "high": "0.315861",
            "low": "0.315111",
            "close": "0.315889"
        },
        {
            "time": "19.11.2020 18:44",
            "open": "0.315889",
            "high": "0.315889",
            "low": "0.315221",
            "close": "0.315769"
        },
        {
            "time": "19.11.2020 18:45",
            "open": "0.315769",
            "high": "0.315769",
            "low": "0.315769",
            "close": "0.315221"
        },
        {
            "time": "19.11.2020 18:46",
            "open": "0.315221",
            "high": "0.315221",
            "low": "0.315093",
            "close": "0.314618"
        },
        {
            "time": "19.11.2020 18:47",
            "open": "0.314618",
            "high": "0.314618",
            "low": "0.314618",
            "close": "0.312669"
        },
        {
            "time": "19.11.2020 18:48",
            "open": "0.312669",
            "high": "0.313659",
            "low": "0.312565",
            "close": "0.313997"
        },
        {
            "time": "19.11.2020 18:49",
            "open": "0.313997",
            "high": "0.314503",
            "low": "0.313997",
            "close": "0.313379"
        },
        {
            "time": "19.11.2020 18:53",
            "open": "0.313379",
            "high": "0.313379",
            "low": "0.313379",
            "close": "0.313989"
        },
        {
            "time": "19.11.2020 18:55",
            "open": "0.313989",
            "high": "0.31399",
            "low": "0.313989",
            "close": "0.313877"
        },
        {
            "time": "19.11.2020 18:58",
            "open": "0.313877",
            "high": "0.313877",
            "low": "0.313877",
            "close": "0.31385"
        },
        {
            "time": "19.11.2020 19:02",
            "open": "0.31385",
            "high": "0.31385",
            "low": "0.31385",
            "close": "0.313687"
        },
        {
            "time": "19.11.2020 19:05",
            "open": "0.313687",
            "high": "0.313687",
            "low": "0.313687",
            "close": "0.31324"
        },
        {
            "time": "19.11.2020 19:07",
            "open": "0.31324",
            "high": "0.31324",
            "low": "0.31324",
            "close": "0.313273"
        },
        {
            "time": "19.11.2020 19:08",
            "open": "0.313273",
            "high": "0.313273",
            "low": "0.313227",
            "close": "0.312538"
        },
        {
            "time": "19.11.2020 19:09",
            "open": "0.312538",
            "high": "0.312538",
            "low": "0.312454",
            "close": "0.312295"
        },
        {
            "time": "19.11.2020 19:11",
            "open": "0.312295",
            "high": "0.312295",
            "low": "0.312295",
            "close": "0.312077"
        },
        {
            "time": "19.11.2020 19:12",
            "open": "0.312077",
            "high": "0.312077",
            "low": "0.312077",
            "close": "0.3117"
        },
        {
            "time": "19.11.2020 19:14",
            "open": "0.3117",
            "high": "0.312261",
            "low": "0.3117",
            "close": "0.311696"
        },
        {
            "time": "19.11.2020 19:20",
            "open": "0.311696",
            "high": "0.311696",
            "low": "0.311696",
            "close": "0.312203"
        },
        {
            "time": "19.11.2020 19:22",
            "open": "0.312203",
            "high": "0.312257",
            "low": "0.312203",
            "close": "0.313021"
        },
        {
            "time": "19.11.2020 19:27",
            "open": "0.313021",
            "high": "0.313021",
            "low": "0.313021",
            "close": "0.312648"
        },
        {
            "time": "19.11.2020 19:31",
            "open": "0.312648",
            "high": "0.312648",
            "low": "0.312648",
            "close": "0.312674"
        },
        {
            "time": "19.11.2020 19:32",
            "open": "0.312674",
            "high": "0.312674",
            "low": "0.312674",
            "close": "0.313155"
        },
        {
            "time": "19.11.2020 19:33",
            "open": "0.313155",
            "high": "0.313155",
            "low": "0.313155",
            "close": "0.313311"
        },
        {
            "time": "19.11.2020 19:41",
            "open": "0.313311",
            "high": "0.313311",
            "low": "0.313311",
            "close": "0.312177"
        },
        {
            "time": "19.11.2020 19:54",
            "open": "0.312177",
            "high": "0.312177",
            "low": "0.312177",
            "close": "0.31219"
        },
        {
            "time": "19.11.2020 19:55",
            "open": "0.31219",
            "high": "0.31219",
            "low": "0.31219",
            "close": "0.312129"
        },
        {
            "time": "19.11.2020 19:56",
            "open": "0.312129",
            "high": "0.313065",
            "low": "0.312129",
            "close": "0.313355"
        },
        {
            "time": "19.11.2020 19:57",
            "open": "0.313355",
            "high": "0.313355",
            "low": "0.313355",
            "close": "0.312454"
        },
        {
            "time": "19.11.2020 20:06",
            "open": "0.312454",
            "high": "0.312454",
            "low": "0.312454",
            "close": "0.31296"
        },
        {
            "time": "19.11.2020 20:07",
            "open": "0.31296",
            "high": "0.31296",
            "low": "0.31296",
            "close": "0.312397"
        },
        {
            "time": "19.11.2020 20:09",
            "open": "0.312397",
            "high": "0.312397",
            "low": "0.312397",
            "close": "0.311535"
        },
        {
            "time": "19.11.2020 20:11",
            "open": "0.311535",
            "high": "0.311535",
            "low": "0.310721",
            "close": "0.311556"
        },
        {
            "time": "19.11.2020 20:13",
            "open": "0.311556",
            "high": "0.311556",
            "low": "0.311556",
            "close": "0.311382"
        },
        {
            "time": "19.11.2020 20:15",
            "open": "0.311382",
            "high": "0.312279",
            "low": "0.310897",
            "close": "0.310899"
        },
        {
            "time": "19.11.2020 20:16",
            "open": "0.310899",
            "high": "0.310899",
            "low": "0.310899",
            "close": "0.310622"
        },
        {
            "time": "19.11.2020 20:17",
            "open": "0.310622",
            "high": "0.310735",
            "low": "0.310622",
            "close": "0.310779"
        },
        {
            "time": "19.11.2020 20:21",
            "open": "0.310779",
            "high": "0.310779",
            "low": "0.310779",
            "close": "0.310147"
        },
        {
            "time": "19.11.2020 20:23",
            "open": "0.310147",
            "high": "0.310943",
            "low": "0.310147",
            "close": "0.309989"
        },
        {
            "time": "19.11.2020 20:32",
            "open": "0.309989",
            "high": "0.309989",
            "low": "0.30996",
            "close": "0.309956"
        },
        {
            "time": "19.11.2020 20:37",
            "open": "0.309956",
            "high": "0.309956",
            "low": "0.309956",
            "close": "0.310702"
        },
        {
            "time": "19.11.2020 20:40",
            "open": "0.310702",
            "high": "0.310702",
            "low": "0.309934",
            "close": "0.309893"
        },
        {
            "time": "19.11.2020 20:44",
            "open": "0.309893",
            "high": "0.309893",
            "low": "0.309893",
            "close": "0.310176"
        },
        {
            "time": "19.11.2020 20:45",
            "open": "0.310176",
            "high": "0.310176",
            "low": "0.309668",
            "close": "0.309668"
        },
        {
            "time": "19.11.2020 20:47",
            "open": "0.309668",
            "high": "0.309668",
            "low": "0.309612",
            "close": "0.309476"
        },
        {
            "time": "19.11.2020 20:49",
            "open": "0.309476",
            "high": "0.309476",
            "low": "0.309476",
            "close": "0.309175"
        },
        {
            "time": "19.11.2020 20:55",
            "open": "0.309175",
            "high": "0.309304",
            "low": "0.309002",
            "close": "0.309"
        },
        {
            "time": "19.11.2020 20:59",
            "open": "0.309",
            "high": "0.309",
            "low": "0.309",
            "close": "0.308289"
        },
        {
            "time": "19.11.2020 21:02",
            "open": "0.308289",
            "high": "0.308289",
            "low": "0.308289",
            "close": "0.308456"
        },
        {
            "time": "19.11.2020 21:11",
            "open": "0.308456",
            "high": "0.308456",
            "low": "0.308456",
            "close": "0.309163"
        },
        {
            "time": "19.11.2020 21:18",
            "open": "0.309163",
            "high": "0.309163",
            "low": "0.309163",
            "close": "0.308956"
        },
        {
            "time": "19.11.2020 21:20",
            "open": "0.308956",
            "high": "0.308956",
            "low": "0.308948",
            "close": "0.309398"
        },
        {
            "time": "19.11.2020 21:25",
            "open": "0.309398",
            "high": "0.309398",
            "low": "0.309398",
            "close": "0.309028"
        },
        {
            "time": "19.11.2020 21:31",
            "open": "0.309028",
            "high": "0.309028",
            "low": "0.309028",
            "close": "0.309314"
        },
        {
            "time": "19.11.2020 21:40",
            "open": "0.309314",
            "high": "0.309314",
            "low": "0.309314",
            "close": "0.309506"
        },
        {
            "time": "19.11.2020 21:42",
            "open": "0.309506",
            "high": "0.309506",
            "low": "0.309379",
            "close": "0.309592"
        },
        {
            "time": "19.11.2020 21:44",
            "open": "0.309592",
            "high": "0.31",
            "low": "0.309592",
            "close": "0.309647"
        },
        {
            "time": "19.11.2020 21:46",
            "open": "0.309647",
            "high": "0.309647",
            "low": "0.309647",
            "close": "0.309425"
        },
        {
            "time": "19.11.2020 21:47",
            "open": "0.309425",
            "high": "0.31",
            "low": "0.309425",
            "close": "0.309947"
        },
        {
            "time": "19.11.2020 21:49",
            "open": "0.309947",
            "high": "0.309947",
            "low": "0.309947",
            "close": "0.310327"
        },
        {
            "time": "19.11.2020 21:57",
            "open": "0.310327",
            "high": "0.310327",
            "low": "0.310327",
            "close": "0.309559"
        },
        {
            "time": "19.11.2020 22:01",
            "open": "0.309559",
            "high": "0.309559",
            "low": "0.309559",
            "close": "0.309568"
        },
        {
            "time": "19.11.2020 22:05",
            "open": "0.309568",
            "high": "0.309568",
            "low": "0.309568",
            "close": "0.3102"
        },
        {
            "time": "19.11.2020 22:10",
            "open": "0.3102",
            "high": "0.3102",
            "low": "0.309709",
            "close": "0.309659"
        },
        {
            "time": "19.11.2020 22:16",
            "open": "0.309659",
            "high": "0.309659",
            "low": "0.309659",
            "close": "0.309376"
        },
        {
            "time": "19.11.2020 22:17",
            "open": "0.309376",
            "high": "0.309376",
            "low": "0.309376",
            "close": "0.309526"
        },
        {
            "time": "19.11.2020 22:26",
            "open": "0.309526",
            "high": "0.309526",
            "low": "0.309526",
            "close": "0.309184"
        },
        {
            "time": "19.11.2020 22:30",
            "open": "0.309184",
            "high": "0.309184",
            "low": "0.309184",
            "close": "0.309058"
        },
        {
            "time": "19.11.2020 22:31",
            "open": "0.309058",
            "high": "0.309058",
            "low": "0.309058",
            "close": "0.308597"
        },
        {
            "time": "19.11.2020 22:32",
            "open": "0.308597",
            "high": "0.308599",
            "low": "0.308597",
            "close": "0.308"
        },
        {
            "time": "19.11.2020 22:33",
            "open": "0.308",
            "high": "0.308",
            "low": "0.308",
            "close": "0.30828"
        },
        {
            "time": "19.11.2020 22:35",
            "open": "0.30828",
            "high": "0.308484",
            "low": "0.30828",
            "close": "0.308464"
        },
        {
            "time": "19.11.2020 22:36",
            "open": "0.308464",
            "high": "0.308637",
            "low": "0.308464",
            "close": "0.308438"
        },
        {
            "time": "19.11.2020 22:37",
            "open": "0.308438",
            "high": "0.308438",
            "low": "0.308438",
            "close": "0.308"
        },
        {
            "time": "19.11.2020 22:38",
            "open": "0.308",
            "high": "0.308122",
            "low": "0.308",
            "close": "0.308122"
        },
        {
            "time": "19.11.2020 22:47",
            "open": "0.308122",
            "high": "0.308122",
            "low": "0.308",
            "close": "0.30744"
        },
        {
            "time": "19.11.2020 22:52",
            "open": "0.30744",
            "high": "0.30744",
            "low": "0.307224",
            "close": "0.307353"
        },
        {
            "time": "19.11.2020 23:03",
            "open": "0.307353",
            "high": "0.307353",
            "low": "0.307353",
            "close": "0.307"
        },
        {
            "time": "19.11.2020 23:06",
            "open": "0.307",
            "high": "0.307",
            "low": "0.306003",
            "close": "0.307034"
        },
        {
            "time": "19.11.2020 23:12",
            "open": "0.307034",
            "high": "0.307034",
            "low": "0.307034",
            "close": "0.307418"
        },
        {
            "time": "19.11.2020 23:18",
            "open": "0.307418",
            "high": "0.307418",
            "low": "0.307418",
            "close": "0.30734"
        },
        {
            "time": "19.11.2020 23:20",
            "open": "0.30734",
            "high": "0.30734",
            "low": "0.30734",
            "close": "0.307016"
        },
        {
            "time": "19.11.2020 23:25",
            "open": "0.307016",
            "high": "0.307016",
            "low": "0.307016",
            "close": "0.307435"
        },
        {
            "time": "19.11.2020 23:26",
            "open": "0.307435",
            "high": "0.307435",
            "low": "0.307435",
            "close": "0.306427"
        },
        {
            "time": "19.11.2020 23:40",
            "open": "0.306427",
            "high": "0.306427",
            "low": "0.306426",
            "close": "0.307221"
        },
        {
            "time": "19.11.2020 23:46",
            "open": "0.307221",
            "high": "0.307221",
            "low": "0.306635",
            "close": "0.307509"
        },
        {
            "time": "19.11.2020 23:49",
            "open": "0.307509",
            "high": "0.307509",
            "low": "0.307509",
            "close": "0.306792"
        },
        {
            "time": "19.11.2020 23:55",
            "open": "0.306792",
            "high": "0.306802",
            "low": "0.306792",
            "close": "0.306004"
        }
    ]
}