{
    "ZRX-EUR": [
        {
            "time": "28.11.2020 23:56",
            "open": "0.348915",
            "high": "0.348916",
            "low": "0.348915",
            "close": "0.350713"
        },
        {
            "time": "29.11.2020 00:00",
            "open": "0.350713",
            "high": "0.351",
            "low": "0.350713",
            "close": "0.350997"
        },
        {
            "time": "29.11.2020 00:01",
            "open": "0.350997",
            "high": "0.350997",
            "low": "0.350997",
            "close": "0.349935"
        },
        {
            "time": "29.11.2020 00:02",
            "open": "0.349935",
            "high": "0.349935",
            "low": "0.349935",
            "close": "0.349954"
        },
        {
            "time": "29.11.2020 00:10",
            "open": "0.349954",
            "high": "0.349954",
            "low": "0.349954",
            "close": "0.350243"
        },
        {
            "time": "29.11.2020 00:16",
            "open": "0.350243",
            "high": "0.350243",
            "low": "0.350241",
            "close": "0.35046"
        },
        {
            "time": "29.11.2020 00:19",
            "open": "0.35046",
            "high": "0.35046",
            "low": "0.35046",
            "close": "0.350998"
        },
        {
            "time": "29.11.2020 00:33",
            "open": "0.350998",
            "high": "0.351",
            "low": "0.350998",
            "close": "0.350685"
        },
        {
            "time": "29.11.2020 00:44",
            "open": "0.350685",
            "high": "0.350685",
            "low": "0.350685",
            "close": "0.3477"
        },
        {
            "time": "29.11.2020 00:49",
            "open": "0.3477",
            "high": "0.3477",
            "low": "0.3477",
            "close": "0.347705"
        },
        {
            "time": "29.11.2020 00:51",
            "open": "0.347705",
            "high": "0.347705",
            "low": "0.347705",
            "close": "0.34849"
        },
        {
            "time": "29.11.2020 00:56",
            "open": "0.34849",
            "high": "0.348492",
            "low": "0.34849",
            "close": "0.349"
        },
        {
            "time": "29.11.2020 01:02",
            "open": "0.349",
            "high": "0.349",
            "low": "0.349",
            "close": "0.348542"
        },
        {
            "time": "29.11.2020 01:05",
            "open": "0.348542",
            "high": "0.348542",
            "low": "0.348019",
            "close": "0.347108"
        },
        {
            "time": "29.11.2020 01:06",
            "open": "0.347108",
            "high": "0.347108",
            "low": "0.346858",
            "close": "0.347305"
        },
        {
            "time": "29.11.2020 01:08",
            "open": "0.347305",
            "high": "0.347306",
            "low": "0.345919",
            "close": "0.345747"
        },
        {
            "time": "29.11.2020 01:10",
            "open": "0.345747",
            "high": "0.345747",
            "low": "0.345747",
            "close": "0.346736"
        },
        {
            "time": "29.11.2020 01:11",
            "open": "0.346736",
            "high": "0.346736",
            "low": "0.346736",
            "close": "0.346157"
        },
        {
            "time": "29.11.2020 01:13",
            "open": "0.346157",
            "high": "0.346157",
            "low": "0.346157",
            "close": "0.34579"
        },
        {
            "time": "29.11.2020 01:22",
            "open": "0.34579",
            "high": "0.34579",
            "low": "0.344",
            "close": "0.3439"
        },
        {
            "time": "29.11.2020 01:23",
            "open": "0.3439",
            "high": "0.3439",
            "low": "0.3421",
            "close": "0.34421"
        },
        {
            "time": "29.11.2020 01:25",
            "open": "0.34421",
            "high": "0.34421",
            "low": "0.34421",
            "close": "0.342"
        },
        {
            "time": "29.11.2020 01:26",
            "open": "0.342",
            "high": "0.342",
            "low": "0.340002",
            "close": "0.341024"
        },
        {
            "time": "29.11.2020 01:29",
            "open": "0.341024",
            "high": "0.342399",
            "low": "0.341024",
            "close": "0.340369"
        },
        {
            "time": "29.11.2020 01:30",
            "open": "0.340369",
            "high": "0.340369",
            "low": "0.340369",
            "close": "0.342823"
        },
        {
            "time": "29.11.2020 01:32",
            "open": "0.342823",
            "high": "0.343107",
            "low": "0.342823",
            "close": "0.344694"
        },
        {
            "time": "29.11.2020 01:37",
            "open": "0.344694",
            "high": "0.344711",
            "low": "0.344694",
            "close": "0.344289"
        },
        {
            "time": "29.11.2020 01:41",
            "open": "0.344289",
            "high": "0.344289",
            "low": "0.344289",
            "close": "0.346394"
        },
        {
            "time": "29.11.2020 01:54",
            "open": "0.346394",
            "high": "0.346394",
            "low": "0.346394",
            "close": "0.346475"
        },
        {
            "time": "29.11.2020 01:58",
            "open": "0.346475",
            "high": "0.346475",
            "low": "0.346475",
            "close": "0.34745"
        },
        {
            "time": "29.11.2020 02:00",
            "open": "0.34745",
            "high": "0.34745",
            "low": "0.345837",
            "close": "0.346251"
        },
        {
            "time": "29.11.2020 02:05",
            "open": "0.346251",
            "high": "0.346251",
            "low": "0.346251",
            "close": "0.346833"
        },
        {
            "time": "29.11.2020 02:13",
            "open": "0.346833",
            "high": "0.346833",
            "low": "0.346833",
            "close": "0.346432"
        },
        {
            "time": "29.11.2020 02:15",
            "open": "0.346432",
            "high": "0.346432",
            "low": "0.346432",
            "close": "0.345662"
        },
        {
            "time": "29.11.2020 02:16",
            "open": "0.345662",
            "high": "0.345662",
            "low": "0.345662",
            "close": "0.345245"
        },
        {
            "time": "29.11.2020 02:17",
            "open": "0.345245",
            "high": "0.345245",
            "low": "0.345245",
            "close": "0.344723"
        },
        {
            "time": "29.11.2020 02:26",
            "open": "0.344723",
            "high": "0.344723",
            "low": "0.344723",
            "close": "0.34388"
        },
        {
            "time": "29.11.2020 02:27",
            "open": "0.344388",
            "high": "0.344388",
            "low": "0.344388",
            "close": "0.34252"
        },
        {
            "time": "29.11.2020 02:34",
            "open": "0.34252",
            "high": "0.343051",
            "low": "0.341925",
            "close": "0.341177"
        },
        {
            "time": "29.11.2020 02:38",
            "open": "0.341177",
            "high": "0.341177",
            "low": "0.340885",
            "close": "0.340254"
        },
        {
            "time": "29.11.2020 02:40",
            "open": "0.340254",
            "high": "0.340254",
            "low": "0.339373",
            "close": "0.339136"
        },
        {
            "time": "29.11.2020 02:42",
            "open": "0.339136",
            "high": "0.339136",
            "low": "0.339136",
            "close": "0.34"
        },
        {
            "time": "29.11.2020 02:43",
            "open": "0.34",
            "high": "0.34",
            "low": "0.339617",
            "close": "0.340457"
        },
        {
            "time": "29.11.2020 02:45",
            "open": "0.340457",
            "high": "0.340457",
            "low": "0.340457",
            "close": "0.339354"
        },
        {
            "time": "29.11.2020 02:49",
            "open": "0.339354",
            "high": "0.339354",
            "low": "0.339354",
            "close": "0.341938"
        },
        {
            "time": "29.11.2020 02:56",
            "open": "0.341938",
            "high": "0.341938",
            "low": "0.341938",
            "close": "0.341175"
        },
        {
            "time": "29.11.2020 02:57",
            "open": "0.341175",
            "high": "0.341175",
            "low": "0.341175",
            "close": "0.343"
        },
        {
            "time": "29.11.2020 03:19",
            "open": "0.343",
            "high": "0.343",
            "low": "0.343",
            "close": "0.343076"
        },
        {
            "time": "29.11.2020 03:23",
            "open": "0.343076",
            "high": "0.343076",
            "low": "0.343076",
            "close": "0.344055"
        },
        {
            "time": "29.11.2020 03:40",
            "open": "0.344055",
            "high": "0.344055",
            "low": "0.344055",
            "close": "0.344141"
        },
        {
            "time": "29.11.2020 03:41",
            "open": "0.344141",
            "high": "0.344141",
            "low": "0.344141",
            "close": "0.343903"
        },
        {
            "time": "29.11.2020 03:46",
            "open": "0.343903",
            "high": "0.343903",
            "low": "0.343903",
            "close": "0.344106"
        },
        {
            "time": "29.11.2020 03:53",
            "open": "0.344106",
            "high": "0.344106",
            "low": "0.344106",
            "close": "0.345017"
        },
        {
            "time": "29.11.2020 03:57",
            "open": "0.345017",
            "high": "0.345017",
            "low": "0.345017",
            "close": "0.3451"
        },
        {
            "time": "29.11.2020 04:00",
            "open": "0.3451",
            "high": "0.345218",
            "low": "0.3451",
            "close": "0.345919"
        },
        {
            "time": "29.11.2020 04:05",
            "open": "0.345919",
            "high": "0.345919",
            "low": "0.345919",
            "close": "0.346361"
        },
        {
            "time": "29.11.2020 04:09",
            "open": "0.346361",
            "high": "0.346361",
            "low": "0.346361",
            "close": "0.34636"
        },
        {
            "time": "29.11.2020 04:38",
            "open": "0.34636",
            "high": "0.34636",
            "low": "0.34636",
            "close": "0.34727"
        },
        {
            "time": "29.11.2020 04:41",
            "open": "0.34727",
            "high": "0.34727",
            "low": "0.34727",
            "close": "0.345907"
        },
        {
            "time": "29.11.2020 04:43",
            "open": "0.345907",
            "high": "0.345907",
            "low": "0.345907",
            "close": "0.346765"
        },
        {
            "time": "29.11.2020 05:43",
            "open": "0.346765",
            "high": "0.346765",
            "low": "0.346765",
            "close": "0.345058"
        },
        {
            "time": "29.11.2020 06:06",
            "open": "0.345058",
            "high": "0.345058",
            "low": "0.345058",
            "close": "0.346953"
        },
        {
            "time": "29.11.2020 06:30",
            "open": "0.346953",
            "high": "0.346953",
            "low": "0.346953",
            "close": "0.345722"
        },
        {
            "time": "29.11.2020 06:55",
            "open": "0.345722",
            "high": "0.345722",
            "low": "0.345722",
            "close": "0.345722"
        },
        {
            "time": "29.11.2020 07:05",
            "open": "0.345722",
            "high": "0.345722",
            "low": "0.345722",
            "close": "0.346292"
        },
        {
            "time": "29.11.2020 07:06",
            "open": "0.346292",
            "high": "0.346292",
            "low": "0.346292",
            "close": "0.34359"
        },
        {
            "time": "29.11.2020 07:50",
            "open": "0.34359",
            "high": "0.34359",
            "low": "0.342921",
            "close": "0.342921"
        },
        {
            "time": "29.11.2020 08:03",
            "open": "0.342921",
            "high": "0.342921",
            "low": "0.342106",
            "close": "0.342674"
        },
        {
            "time": "29.11.2020 08:08",
            "open": "0.342674",
            "high": "0.342674",
            "low": "0.342674",
            "close": "0.342909"
        },
        {
            "time": "29.11.2020 08:15",
            "open": "0.342909",
            "high": "0.342909",
            "low": "0.342909",
            "close": "0.343296"
        },
        {
            "time": "29.11.2020 08:16",
            "open": "0.343296",
            "high": "0.343296",
            "low": "0.343296",
            "close": "0.3445"
        },
        {
            "time": "29.11.2020 08:34",
            "open": "0.3445",
            "high": "0.3445",
            "low": "0.343161",
            "close": "0.345858"
        },
        {
            "time": "29.11.2020 08:38",
            "open": "0.345858",
            "high": "0.345858",
            "low": "0.344883",
            "close": "0.345857"
        },
        {
            "time": "29.11.2020 08:46",
            "open": "0.345857",
            "high": "0.345857",
            "low": "0.345857",
            "close": "0.346979"
        },
        {
            "time": "29.11.2020 08:48",
            "open": "0.346979",
            "high": "0.347005",
            "low": "0.346412",
            "close": "0.346723"
        },
        {
            "time": "29.11.2020 08:50",
            "open": "0.346723",
            "high": "0.346952",
            "low": "0.346665",
            "close": "0.346738"
        },
        {
            "time": "29.11.2020 08:51",
            "open": "0.346738",
            "high": "0.346738",
            "low": "0.346738",
            "close": "0.346738"
        },
        {
            "time": "29.11.2020 08:52",
            "open": "0.346738",
            "high": "0.34697",
            "low": "0.346558",
            "close": "0.346845"
        },
        {
            "time": "29.11.2020 08:54",
            "open": "0.346845",
            "high": "0.346845",
            "low": "0.346845",
            "close": "0.347299"
        },
        {
            "time": "29.11.2020 08:55",
            "open": "0.347299",
            "high": "0.347299",
            "low": "0.347299",
            "close": "0.346839"
        },
        {
            "time": "29.11.2020 09:00",
            "open": "0.346839",
            "high": "0.347158",
            "low": "0.346839",
            "close": "0.347185"
        },
        {
            "time": "29.11.2020 09:01",
            "open": "0.347185",
            "high": "0.347701",
            "low": "0.347185",
            "close": "0.347365"
        },
        {
            "time": "29.11.2020 09:02",
            "open": "0.347365",
            "high": "0.347365",
            "low": "0.347103",
            "close": "0.347958"
        },
        {
            "time": "29.11.2020 09:03",
            "open": "0.347958",
            "high": "0.347959",
            "low": "0.347958",
            "close": "0.347981"
        },
        {
            "time": "29.11.2020 09:04",
            "open": "0.347981",
            "high": "0.348743",
            "low": "0.347981",
            "close": "0.34876"
        },
        {
            "time": "29.11.2020 09:05",
            "open": "0.34876",
            "high": "0.349029",
            "low": "0.34876",
            "close": "0.348882"
        },
        {
            "time": "29.11.2020 09:06",
            "open": "0.348882",
            "high": "0.348882",
            "low": "0.348882",
            "close": "0.348881"
        },
        {
            "time": "29.11.2020 09:07",
            "open": "0.348881",
            "high": "0.348881",
            "low": "0.348881",
            "close": "0.348527"
        },
        {
            "time": "29.11.2020 09:11",
            "open": "0.348527",
            "high": "0.349452",
            "low": "0.348526",
            "close": "0.349452"
        },
        {
            "time": "29.11.2020 09:13",
            "open": "0.349452",
            "high": "0.349452",
            "low": "0.349452",
            "close": "0.349999"
        },
        {
            "time": "29.11.2020 09:15",
            "open": "0.349999",
            "high": "0.350524",
            "low": "0.349999",
            "close": "0.350148"
        },
        {
            "time": "29.11.2020 09:16",
            "open": "0.350148",
            "high": "0.350153",
            "low": "0.350148",
            "close": "0.349452"
        },
        {
            "time": "29.11.2020 09:17",
            "open": "0.349452",
            "high": "0.349452",
            "low": "0.349452",
            "close": "0.349549"
        },
        {
            "time": "29.11.2020 09:20",
            "open": "0.349549",
            "high": "0.349549",
            "low": "0.349499",
            "close": "0.348933"
        },
        {
            "time": "29.11.2020 09:21",
            "open": "0.348933",
            "high": "0.348933",
            "low": "0.348933",
            "close": "0.350058"
        },
        {
            "time": "29.11.2020 09:22",
            "open": "0.350058",
            "high": "0.350058",
            "low": "0.350058",
            "close": "0.350059"
        },
        {
            "time": "29.11.2020 09:24",
            "open": "0.350059",
            "high": "0.350059",
            "low": "0.350059",
            "close": "0.350004"
        },
        {
            "time": "29.11.2020 09:25",
            "open": "0.350004",
            "high": "0.350004",
            "low": "0.350004",
            "close": "0.350059"
        },
        {
            "time": "29.11.2020 09:26",
            "open": "0.350059",
            "high": "0.350059",
            "low": "0.350059",
            "close": "0.350059"
        },
        {
            "time": "29.11.2020 09:28",
            "open": "0.350059",
            "high": "0.350835",
            "low": "0.350059",
            "close": "0.350304"
        },
        {
            "time": "29.11.2020 09:29",
            "open": "0.350304",
            "high": "0.350304",
            "low": "0.350304",
            "close": "0.348737"
        },
        {
            "time": "29.11.2020 09:33",
            "open": "0.348737",
            "high": "0.348737",
            "low": "0.348737",
            "close": "0.350093"
        },
        {
            "time": "29.11.2020 09:40",
            "open": "0.350093",
            "high": "0.350093",
            "low": "0.350093",
            "close": "0.349403"
        },
        {
            "time": "29.11.2020 09:45",
            "open": "0.349403",
            "high": "0.349403",
            "low": "0.349403",
            "close": "0.350457"
        },
        {
            "time": "29.11.2020 09:46",
            "open": "0.350457",
            "high": "0.350458",
            "low": "0.350457",
            "close": "0.351008"
        },
        {
            "time": "29.11.2020 09:49",
            "open": "0.351008",
            "high": "0.351008",
            "low": "0.351008",
            "close": "0.350764"
        },
        {
            "time": "29.11.2020 09:51",
            "open": "0.350764",
            "high": "0.350764",
            "low": "0.350764",
            "close": "0.35073"
        },
        {
            "time": "29.11.2020 09:53",
            "open": "0.35073",
            "high": "0.35073",
            "low": "0.35073",
            "close": "0.350116"
        },
        {
            "time": "29.11.2020 09:55",
            "open": "0.350116",
            "high": "0.350116",
            "low": "0.350116",
            "close": "0.3511"
        },
        {
            "time": "29.11.2020 09:58",
            "open": "0.3511",
            "high": "0.351447",
            "low": "0.3511",
            "close": "0.351633"
        },
        {
            "time": "29.11.2020 10:00",
            "open": "0.351633",
            "high": "0.3518",
            "low": "0.351633",
            "close": "0.351479"
        },
        {
            "time": "29.11.2020 10:01",
            "open": "0.351479",
            "high": "0.351479",
            "low": "0.351",
            "close": "0.351"
        },
        {
            "time": "29.11.2020 10:02",
            "open": "0.351",
            "high": "0.351",
            "low": "0.351",
            "close": "0.35159"
        },
        {
            "time": "29.11.2020 10:05",
            "open": "0.35159",
            "high": "0.35159",
            "low": "0.350741",
            "close": "0.351033"
        },
        {
            "time": "29.11.2020 10:06",
            "open": "0.351033",
            "high": "0.351033",
            "low": "0.35",
            "close": "0.35"
        },
        {
            "time": "29.11.2020 10:07",
            "open": "0.35",
            "high": "0.350867",
            "low": "0.35",
            "close": "0.350932"
        },
        {
            "time": "29.11.2020 10:10",
            "open": "0.350932",
            "high": "0.350932",
            "low": "0.350932",
            "close": "0.350124"
        },
        {
            "time": "29.11.2020 10:11",
            "open": "0.350124",
            "high": "0.350124",
            "low": "0.350124",
            "close": "0.351229"
        },
        {
            "time": "29.11.2020 10:13",
            "open": "0.351229",
            "high": "0.351229",
            "low": "0.351229",
            "close": "0.351031"
        },
        {
            "time": "29.11.2020 10:14",
            "open": "0.351031",
            "high": "0.351031",
            "low": "0.350568",
            "close": "0.351"
        },
        {
            "time": "29.11.2020 10:15",
            "open": "0.351",
            "high": "0.351",
            "low": "0.351",
            "close": "0.351671"
        },
        {
            "time": "29.11.2020 10:16",
            "open": "0.351671",
            "high": "0.351671",
            "low": "0.351671",
            "close": "0.351994"
        },
        {
            "time": "29.11.2020 10:17",
            "open": "0.351994",
            "high": "0.351996",
            "low": "0.351994",
            "close": "0.351995"
        },
        {
            "time": "29.11.2020 10:18",
            "open": "0.351995",
            "high": "0.351995",
            "low": "0.351995",
            "close": "0.351994"
        },
        {
            "time": "29.11.2020 10:19",
            "open": "0.351994",
            "high": "0.351994",
            "low": "0.351994",
            "close": "0.351578"
        },
        {
            "time": "29.11.2020 10:23",
            "open": "0.351578",
            "high": "0.351578",
            "low": "0.351578",
            "close": "0.351365"
        },
        {
            "time": "29.11.2020 10:25",
            "open": "0.351365",
            "high": "0.351578",
            "low": "0.351365",
            "close": "0.351187"
        },
        {
            "time": "29.11.2020 10:26",
            "open": "0.351187",
            "high": "0.351187",
            "low": "0.351187",
            "close": "0.351886"
        },
        {
            "time": "29.11.2020 10:29",
            "open": "0.351886",
            "high": "0.351886",
            "low": "0.351113",
            "close": "0.351402"
        },
        {
            "time": "29.11.2020 10:32",
            "open": "0.351402",
            "high": "0.351402",
            "low": "0.351402",
            "close": "0.350786"
        },
        {
            "time": "29.11.2020 10:35",
            "open": "0.350786",
            "high": "0.350786",
            "low": "0.350786",
            "close": "0.349479"
        },
        {
            "time": "29.11.2020 10:41",
            "open": "0.349479",
            "high": "0.349479",
            "low": "0.349479",
            "close": "0.349479"
        },
        {
            "time": "29.11.2020 10:49",
            "open": "0.349479",
            "high": "0.349479",
            "low": "0.349479",
            "close": "0.349348"
        },
        {
            "time": "29.11.2020 10:50",
            "open": "0.349348",
            "high": "0.349348",
            "low": "0.349348",
            "close": "0.350312"
        },
        {
            "time": "29.11.2020 10:51",
            "open": "0.350312",
            "high": "0.350313",
            "low": "0.350312",
            "close": "0.349369"
        },
        {
            "time": "29.11.2020 10:56",
            "open": "0.349369",
            "high": "0.349369",
            "low": "0.349369",
            "close": "0.348787"
        },
        {
            "time": "29.11.2020 10:57",
            "open": "0.348787",
            "high": "0.348787",
            "low": "0.348787",
            "close": "0.349"
        },
        {
            "time": "29.11.2020 10:58",
            "open": "0.349",
            "high": "0.349",
            "low": "0.349",
            "close": "0.349"
        },
        {
            "time": "29.11.2020 10:59",
            "open": "0.349",
            "high": "0.349",
            "low": "0.349",
            "close": "0.348737"
        },
        {
            "time": "29.11.2020 11:04",
            "open": "0.348737",
            "high": "0.348737",
            "low": "0.348737",
            "close": "0.348161"
        },
        {
            "time": "29.11.2020 11:06",
            "open": "0.348161",
            "high": "0.348352",
            "low": "0.348161",
            "close": "0.347774"
        },
        {
            "time": "29.11.2020 11:13",
            "open": "0.347774",
            "high": "0.347774",
            "low": "0.347774",
            "close": "0.349117"
        },
        {
            "time": "29.11.2020 11:25",
            "open": "0.349117",
            "high": "0.349117",
            "low": "0.349117",
            "close": "0.349165"
        },
        {
            "time": "29.11.2020 11:29",
            "open": "0.349165",
            "high": "0.349165",
            "low": "0.349165",
            "close": "0.348133"
        },
        {
            "time": "29.11.2020 11:30",
            "open": "0.348133",
            "high": "0.348133",
            "low": "0.348133",
            "close": "0.348478"
        },
        {
            "time": "29.11.2020 11:37",
            "open": "0.348478",
            "high": "0.348478",
            "low": "0.348196",
            "close": "0.34831"
        },
        {
            "time": "29.11.2020 11:39",
            "open": "0.34831",
            "high": "0.34831",
            "low": "0.34831",
            "close": "0.347446"
        },
        {
            "time": "29.11.2020 11:44",
            "open": "0.347446",
            "high": "0.347446",
            "low": "0.347442",
            "close": "0.347455"
        },
        {
            "time": "29.11.2020 11:46",
            "open": "0.347455",
            "high": "0.348601",
            "low": "0.347455",
            "close": "0.347475"
        },
        {
            "time": "29.11.2020 11:49",
            "open": "0.347475",
            "high": "0.347475",
            "low": "0.347475",
            "close": "0.349385"
        },
        {
            "time": "29.11.2020 11:51",
            "open": "0.349385",
            "high": "0.349385",
            "low": "0.349385",
            "close": "0.349384"
        },
        {
            "time": "29.11.2020 11:52",
            "open": "0.349384",
            "high": "0.349384",
            "low": "0.349384",
            "close": "0.350009"
        },
        {
            "time": "29.11.2020 11:57",
            "open": "0.350009",
            "high": "0.350009",
            "low": "0.350009",
            "close": "0.350178"
        },
        {
            "time": "29.11.2020 12:03",
            "open": "0.350178",
            "high": "0.350178",
            "low": "0.350178",
            "close": "0.349715"
        },
        {
            "time": "29.11.2020 12:05",
            "open": "0.349715",
            "high": "0.349715",
            "low": "0.349715",
            "close": "0.35108"
        },
        {
            "time": "29.11.2020 12:08",
            "open": "0.35108",
            "high": "0.35108",
            "low": "0.35108",
            "close": "0.351067"
        },
        {
            "time": "29.11.2020 12:09",
            "open": "0.351067",
            "high": "0.351067",
            "low": "0.351067",
            "close": "0.349948"
        },
        {
            "time": "29.11.2020 12:10",
            "open": "0.349948",
            "high": "0.349948",
            "low": "0.349948",
            "close": "0.350424"
        },
        {
            "time": "29.11.2020 12:11",
            "open": "0.350424",
            "high": "0.350424",
            "low": "0.350424",
            "close": "0.351441"
        },
        {
            "time": "29.11.2020 12:12",
            "open": "0.351441",
            "high": "0.351441",
            "low": "0.351441",
            "close": "0.3499"
        },
        {
            "time": "29.11.2020 12:20",
            "open": "0.3499",
            "high": "0.3499",
            "low": "0.3499",
            "close": "0.348162"
        },
        {
            "time": "29.11.2020 12:25",
            "open": "0.348162",
            "high": "0.348162",
            "low": "0.348162",
            "close": "0.348163"
        },
        {
            "time": "29.11.2020 12:26",
            "open": "0.348163",
            "high": "0.348163",
            "low": "0.348163",
            "close": "0.347598"
        },
        {
            "time": "29.11.2020 12:28",
            "open": "0.347598",
            "high": "0.347598",
            "low": "0.347598",
            "close": "0.347"
        },
        {
            "time": "29.11.2020 12:29",
            "open": "0.347",
            "high": "0.347",
            "low": "0.347",
            "close": "0.346254"
        },
        {
            "time": "29.11.2020 12:33",
            "open": "0.346254",
            "high": "0.346254",
            "low": "0.346251",
            "close": "0.346252"
        },
        {
            "time": "29.11.2020 12:34",
            "open": "0.346252",
            "high": "0.346252",
            "low": "0.345465",
            "close": "0.345244"
        },
        {
            "time": "29.11.2020 12:38",
            "open": "0.345244",
            "high": "0.345244",
            "low": "0.345",
            "close": "0.344929"
        },
        {
            "time": "29.11.2020 12:39",
            "open": "0.344929",
            "high": "0.344929",
            "low": "0.344928",
            "close": "0.34436"
        },
        {
            "time": "29.11.2020 12:41",
            "open": "0.34436",
            "high": "0.34436",
            "low": "0.344359",
            "close": "0.34463"
        },
        {
            "time": "29.11.2020 12:43",
            "open": "0.34463",
            "high": "0.34463",
            "low": "0.34463",
            "close": "0.346179"
        },
        {
            "time": "29.11.2020 12:46",
            "open": "0.346179",
            "high": "0.346179",
            "low": "0.346179",
            "close": "0.345383"
        },
        {
            "time": "29.11.2020 12:47",
            "open": "0.345383",
            "high": "0.345383",
            "low": "0.345383",
            "close": "0.345397"
        },
        {
            "time": "29.11.2020 12:53",
            "open": "0.345397",
            "high": "0.345397",
            "low": "0.345397",
            "close": "0.345398"
        },
        {
            "time": "29.11.2020 13:05",
            "open": "0.345398",
            "high": "0.345398",
            "low": "0.345398",
            "close": "0.345917"
        },
        {
            "time": "29.11.2020 13:06",
            "open": "0.345917",
            "high": "0.345917",
            "low": "0.345917",
            "close": "0.3454"
        },
        {
            "time": "29.11.2020 13:10",
            "open": "0.3454",
            "high": "0.3454",
            "low": "0.3454",
            "close": "0.34496"
        },
        {
            "time": "29.11.2020 13:11",
            "open": "0.34496",
            "high": "0.34496",
            "low": "0.34496",
            "close": "0.343914"
        },
        {
            "time": "29.11.2020 13:15",
            "open": "0.343914",
            "high": "0.343914",
            "low": "0.343914",
            "close": "0.344627"
        },
        {
            "time": "29.11.2020 13:17",
            "open": "0.344627",
            "high": "0.344627",
            "low": "0.344627",
            "close": "0.343915"
        },
        {
            "time": "29.11.2020 13:18",
            "open": "0.343915",
            "high": "0.343915",
            "low": "0.3421",
            "close": "0.341601"
        },
        {
            "time": "29.11.2020 13:19",
            "open": "0.341601",
            "high": "0.341601",
            "low": "0.3416",
            "close": "0.342108"
        },
        {
            "time": "29.11.2020 13:22",
            "open": "0.342108",
            "high": "0.342108",
            "low": "0.342108",
            "close": "0.341127"
        },
        {
            "time": "29.11.2020 13:26",
            "open": "0.341127",
            "high": "0.341127",
            "low": "0.341127",
            "close": "0.342963"
        },
        {
            "time": "29.11.2020 13:29",
            "open": "0.342963",
            "high": "0.342963",
            "low": "0.342963",
            "close": "0.341952"
        },
        {
            "time": "29.11.2020 13:30",
            "open": "0.341952",
            "high": "0.341952",
            "low": "0.341808",
            "close": "0.341809"
        },
        {
            "time": "29.11.2020 13:32",
            "open": "0.341809",
            "high": "0.341809",
            "low": "0.341809",
            "close": "0.341408"
        },
        {
            "time": "29.11.2020 13:33",
            "open": "0.341408",
            "high": "0.341408",
            "low": "0.341408",
            "close": "0.341161"
        },
        {
            "time": "29.11.2020 13:34",
            "open": "0.341161",
            "high": "0.341161",
            "low": "0.341161",
            "close": "0.341586"
        },
        {
            "time": "29.11.2020 13:36",
            "open": "0.341586",
            "high": "0.341586",
            "low": "0.341586",
            "close": "0.342009"
        },
        {
            "time": "29.11.2020 13:37",
            "open": "0.342009",
            "high": "0.34202",
            "low": "0.342009",
            "close": "0.342409"
        },
        {
            "time": "29.11.2020 13:39",
            "open": "0.342409",
            "high": "0.342409",
            "low": "0.342409",
            "close": "0.341655"
        },
        {
            "time": "29.11.2020 13:40",
            "open": "0.341655",
            "high": "0.341655",
            "low": "0.341655",
            "close": "0.342924"
        },
        {
            "time": "29.11.2020 13:46",
            "open": "0.342924",
            "high": "0.343266",
            "low": "0.342924",
            "close": "0.343265"
        },
        {
            "time": "29.11.2020 13:48",
            "open": "0.343265",
            "high": "0.343265",
            "low": "0.343265",
            "close": "0.343564"
        },
        {
            "time": "29.11.2020 13:51",
            "open": "0.343564",
            "high": "0.344192",
            "low": "0.343564",
            "close": "0.344191"
        },
        {
            "time": "29.11.2020 13:54",
            "open": "0.344191",
            "high": "0.344191",
            "low": "0.344191",
            "close": "0.344066"
        },
        {
            "time": "29.11.2020 13:57",
            "open": "0.344066",
            "high": "0.344066",
            "low": "0.344066",
            "close": "0.341853"
        },
        {
            "time": "29.11.2020 13:58",
            "open": "0.341853",
            "high": "0.341853",
            "low": "0.341853",
            "close": "0.343977"
        },
        {
            "time": "29.11.2020 14:01",
            "open": "0.343977",
            "high": "0.343977",
            "low": "0.343977",
            "close": "0.344065"
        },
        {
            "time": "29.11.2020 14:04",
            "open": "0.344065",
            "high": "0.344065",
            "low": "0.344053",
            "close": "0.34404"
        },
        {
            "time": "29.11.2020 14:07",
            "open": "0.34404",
            "high": "0.34404",
            "low": "0.34404",
            "close": "0.343998"
        },
        {
            "time": "29.11.2020 14:10",
            "open": "0.343998",
            "high": "0.343998",
            "low": "0.343998",
            "close": "0.344038"
        },
        {
            "time": "29.11.2020 14:13",
            "open": "0.344038",
            "high": "0.344038",
            "low": "0.344038",
            "close": "0.343428"
        },
        {
            "time": "29.11.2020 14:16",
            "open": "0.343428",
            "high": "0.343428",
            "low": "0.343428",
            "close": "0.343428"
        },
        {
            "time": "29.11.2020 14:17",
            "open": "0.343428",
            "high": "0.343428",
            "low": "0.343014",
            "close": "0.343"
        },
        {
            "time": "29.11.2020 14:18",
            "open": "0.343",
            "high": "0.343",
            "low": "0.343",
            "close": "0.343101"
        },
        {
            "time": "29.11.2020 14:20",
            "open": "0.343101",
            "high": "0.343101",
            "low": "0.343101",
            "close": "0.34404"
        },
        {
            "time": "29.11.2020 14:22",
            "open": "0.34404",
            "high": "0.345002",
            "low": "0.34404",
            "close": "0.3449"
        },
        {
            "time": "29.11.2020 14:30",
            "open": "0.3449",
            "high": "0.3449",
            "low": "0.3449",
            "close": "0.345055"
        },
        {
            "time": "29.11.2020 14:31",
            "open": "0.345055",
            "high": "0.345055",
            "low": "0.344834",
            "close": "0.343989"
        },
        {
            "time": "29.11.2020 14:36",
            "open": "0.343989",
            "high": "0.344023",
            "low": "0.343988",
            "close": "0.344691"
        },
        {
            "time": "29.11.2020 14:45",
            "open": "0.344691",
            "high": "0.344691",
            "low": "0.343735",
            "close": "0.343735"
        },
        {
            "time": "29.11.2020 14:47",
            "open": "0.343735",
            "high": "0.343735",
            "low": "0.343735",
            "close": "0.343917"
        },
        {
            "time": "29.11.2020 14:50",
            "open": "0.343917",
            "high": "0.343917",
            "low": "0.343917",
            "close": "0.343735"
        },
        {
            "time": "29.11.2020 14:52",
            "open": "0.343735",
            "high": "0.343735",
            "low": "0.343735",
            "close": "0.344969"
        },
        {
            "time": "29.11.2020 14:53",
            "open": "0.344969",
            "high": "0.344969",
            "low": "0.344969",
            "close": "0.34529"
        },
        {
            "time": "29.11.2020 14:56",
            "open": "0.34529",
            "high": "0.34529",
            "low": "0.34529",
            "close": "0.345289"
        },
        {
            "time": "29.11.2020 15:00",
            "open": "0.345289",
            "high": "0.346782",
            "low": "0.345289",
            "close": "0.346697"
        },
        {
            "time": "29.11.2020 15:02",
            "open": "0.346697",
            "high": "0.346699",
            "low": "0.346616",
            "close": "0.346615"
        },
        {
            "time": "29.11.2020 15:04",
            "open": "0.346615",
            "high": "0.346615",
            "low": "0.346615",
            "close": "0.347101"
        },
        {
            "time": "29.11.2020 15:08",
            "open": "0.347101",
            "high": "0.347101",
            "low": "0.347101",
            "close": "0.346381"
        },
        {
            "time": "29.11.2020 15:09",
            "open": "0.346381",
            "high": "0.346381",
            "low": "0.346381",
            "close": "0.346381"
        },
        {
            "time": "29.11.2020 15:11",
            "open": "0.346381",
            "high": "0.346381",
            "low": "0.346381",
            "close": "0.346739"
        },
        {
            "time": "29.11.2020 15:12",
            "open": "0.346739",
            "high": "0.346802",
            "low": "0.346739",
            "close": "0.34587"
        },
        {
            "time": "29.11.2020 15:13",
            "open": "0.34587",
            "high": "0.34587",
            "low": "0.34587",
            "close": "0.34679"
        },
        {
            "time": "29.11.2020 15:19",
            "open": "0.34679",
            "high": "0.34679",
            "low": "0.34679",
            "close": "0.346486"
        },
        {
            "time": "29.11.2020 15:24",
            "open": "0.346486",
            "high": "0.346486",
            "low": "0.346486",
            "close": "0.346485"
        },
        {
            "time": "29.11.2020 15:31",
            "open": "0.346485",
            "high": "0.346485",
            "low": "0.346485",
            "close": "0.346485"
        },
        {
            "time": "29.11.2020 15:32",
            "open": "0.346485",
            "high": "0.346485",
            "low": "0.346485",
            "close": "0.345086"
        },
        {
            "time": "29.11.2020 15:37",
            "open": "0.345086",
            "high": "0.345086",
            "low": "0.345086",
            "close": "0.345173"
        },
        {
            "time": "29.11.2020 15:38",
            "open": "0.345173",
            "high": "0.345173",
            "low": "0.345173",
            "close": "0.346097"
        },
        {
            "time": "29.11.2020 15:40",
            "open": "0.346097",
            "high": "0.346097",
            "low": "0.346097",
            "close": "0.345157"
        },
        {
            "time": "29.11.2020 15:41",
            "open": "0.345157",
            "high": "0.345157",
            "low": "0.345157",
            "close": "0.34516"
        },
        {
            "time": "29.11.2020 15:42",
            "open": "0.34516",
            "high": "0.34516",
            "low": "0.34516",
            "close": "0.345161"
        },
        {
            "time": "29.11.2020 15:44",
            "open": "0.345161",
            "high": "0.345161",
            "low": "0.345161",
            "close": "0.345116"
        },
        {
            "time": "29.11.2020 15:45",
            "open": "0.345116",
            "high": "0.345117",
            "low": "0.345116",
            "close": "0.345222"
        },
        {
            "time": "29.11.2020 15:46",
            "open": "0.345222",
            "high": "0.345222",
            "low": "0.345222",
            "close": "0.344427"
        },
        {
            "time": "29.11.2020 15:48",
            "open": "0.344427",
            "high": "0.344427",
            "low": "0.344427",
            "close": "0.344266"
        },
        {
            "time": "29.11.2020 15:50",
            "open": "0.344266",
            "high": "0.344988",
            "low": "0.344266",
            "close": "0.344268"
        },
        {
            "time": "29.11.2020 15:51",
            "open": "0.344268",
            "high": "0.344268",
            "low": "0.344268",
            "close": "0.343604"
        },
        {
            "time": "29.11.2020 15:52",
            "open": "0.343604",
            "high": "0.343604",
            "low": "0.343604",
            "close": "0.343614"
        },
        {
            "time": "29.11.2020 15:55",
            "open": "0.343614",
            "high": "0.343614",
            "low": "0.343614",
            "close": "0.343659"
        },
        {
            "time": "29.11.2020 15:56",
            "open": "0.343659",
            "high": "0.343659",
            "low": "0.343659",
            "close": "0.345182"
        },
        {
            "time": "29.11.2020 15:57",
            "open": "0.345182",
            "high": "0.345184",
            "low": "0.344425",
            "close": "0.343"
        },
        {
            "time": "29.11.2020 16:03",
            "open": "0.343",
            "high": "0.343",
            "low": "0.3425",
            "close": "0.344304"
        },
        {
            "time": "29.11.2020 16:08",
            "open": "0.344304",
            "high": "0.344306",
            "low": "0.344304",
            "close": "0.343283"
        },
        {
            "time": "29.11.2020 16:09",
            "open": "0.343283",
            "high": "0.343283",
            "low": "0.343283",
            "close": "0.34504"
        },
        {
            "time": "29.11.2020 16:13",
            "open": "0.34504",
            "high": "0.34504",
            "low": "0.34504",
            "close": "0.343311"
        },
        {
            "time": "29.11.2020 16:24",
            "open": "0.343311",
            "high": "0.343312",
            "low": "0.343311",
            "close": "0.342809"
        },
        {
            "time": "29.11.2020 16:29",
            "open": "0.342809",
            "high": "0.342809",
            "low": "0.342809",
            "close": "0.343137"
        },
        {
            "time": "29.11.2020 16:37",
            "open": "0.343137",
            "high": "0.343137",
            "low": "0.343137",
            "close": "0.343499"
        },
        {
            "time": "29.11.2020 16:38",
            "open": "0.343499",
            "high": "0.3435",
            "low": "0.342812",
            "close": "0.342813"
        },
        {
            "time": "29.11.2020 16:41",
            "open": "0.342813",
            "high": "0.342813",
            "low": "0.342813",
            "close": "0.34195"
        },
        {
            "time": "29.11.2020 16:46",
            "open": "0.34195",
            "high": "0.34195",
            "low": "0.341391",
            "close": "0.341392"
        },
        {
            "time": "29.11.2020 16:47",
            "open": "0.341392",
            "high": "0.341392",
            "low": "0.341392",
            "close": "0.34309"
        },
        {
            "time": "29.11.2020 16:49",
            "open": "0.34309",
            "high": "0.34309",
            "low": "0.34206",
            "close": "0.342061"
        },
        {
            "time": "29.11.2020 16:51",
            "open": "0.342061",
            "high": "0.342061",
            "low": "0.342061",
            "close": "0.343292"
        },
        {
            "time": "29.11.2020 17:00",
            "open": "0.343292",
            "high": "0.343292",
            "low": "0.343292",
            "close": "0.343291"
        },
        {
            "time": "29.11.2020 17:02",
            "open": "0.343291",
            "high": "0.343291",
            "low": "0.343291",
            "close": "0.341693"
        },
        {
            "time": "29.11.2020 17:09",
            "open": "0.341693",
            "high": "0.341693",
            "low": "0.341693",
            "close": "0.342067"
        },
        {
            "time": "29.11.2020 17:10",
            "open": "0.342067",
            "high": "0.342067",
            "low": "0.341731",
            "close": "0.34136"
        },
        {
            "time": "29.11.2020 17:11",
            "open": "0.34136",
            "high": "0.341413",
            "low": "0.34136",
            "close": "0.341413"
        },
        {
            "time": "29.11.2020 17:12",
            "open": "0.341413",
            "high": "0.341413",
            "low": "0.341413",
            "close": "0.341974"
        },
        {
            "time": "29.11.2020 17:18",
            "open": "0.341974",
            "high": "0.341974",
            "low": "0.341973",
            "close": "0.340256"
        },
        {
            "time": "29.11.2020 17:25",
            "open": "0.340256",
            "high": "0.340256",
            "low": "0.338437",
            "close": "0.340318"
        },
        {
            "time": "29.11.2020 17:30",
            "open": "0.340318",
            "high": "0.340318",
            "low": "0.340318",
            "close": "0.340325"
        },
        {
            "time": "29.11.2020 17:36",
            "open": "0.340325",
            "high": "0.340325",
            "low": "0.340325",
            "close": "0.340847"
        },
        {
            "time": "29.11.2020 17:43",
            "open": "0.340847",
            "high": "0.340847",
            "low": "0.340847",
            "close": "0.339825"
        },
        {
            "time": "29.11.2020 17:44",
            "open": "0.339825",
            "high": "0.339825",
            "low": "0.339825",
            "close": "0.34052"
        },
        {
            "time": "29.11.2020 17:50",
            "open": "0.34052",
            "high": "0.340524",
            "low": "0.34052",
            "close": "0.341723"
        },
        {
            "time": "29.11.2020 17:53",
            "open": "0.341723",
            "high": "0.341723",
            "low": "0.341723",
            "close": "0.340784"
        },
        {
            "time": "29.11.2020 17:58",
            "open": "0.340784",
            "high": "0.340784",
            "low": "0.340783",
            "close": "0.341721"
        },
        {
            "time": "29.11.2020 17:59",
            "open": "0.341721",
            "high": "0.341721",
            "low": "0.341698",
            "close": "0.341712"
        },
        {
            "time": "29.11.2020 18:02",
            "open": "0.341712",
            "high": "0.341712",
            "low": "0.341712",
            "close": "0.34298"
        },
        {
            "time": "29.11.2020 18:10",
            "open": "0.34298",
            "high": "0.34298",
            "low": "0.34298",
            "close": "0.342979"
        },
        {
            "time": "29.11.2020 18:13",
            "open": "0.342979",
            "high": "0.344203",
            "low": "0.342979",
            "close": "0.344202"
        },
        {
            "time": "29.11.2020 18:16",
            "open": "0.344202",
            "high": "0.344202",
            "low": "0.344202",
            "close": "0.344966"
        },
        {
            "time": "29.11.2020 18:21",
            "open": "0.344966",
            "high": "0.344966",
            "low": "0.344966",
            "close": "0.344966"
        },
        {
            "time": "29.11.2020 18:27",
            "open": "0.344966",
            "high": "0.344966",
            "low": "0.344966",
            "close": "0.344966"
        },
        {
            "time": "29.11.2020 18:29",
            "open": "0.344966",
            "high": "0.345321",
            "low": "0.344966",
            "close": "0.34532"
        },
        {
            "time": "29.11.2020 18:34",
            "open": "0.34532",
            "high": "0.34532",
            "low": "0.345317",
            "close": "0.344309"
        },
        {
            "time": "29.11.2020 18:38",
            "open": "0.344309",
            "high": "0.344309",
            "low": "0.344309",
            "close": "0.345134"
        },
        {
            "time": "29.11.2020 18:53",
            "open": "0.345134",
            "high": "0.345134",
            "low": "0.345134",
            "close": "0.3453"
        },
        {
            "time": "29.11.2020 18:58",
            "open": "0.3453",
            "high": "0.3453",
            "low": "0.3453",
            "close": "0.343431"
        },
        {
            "time": "29.11.2020 19:02",
            "open": "0.343431",
            "high": "0.343431",
            "low": "0.343431",
            "close": "0.343504"
        },
        {
            "time": "29.11.2020 19:05",
            "open": "0.343504",
            "high": "0.343504",
            "low": "0.343504",
            "close": "0.342832"
        },
        {
            "time": "29.11.2020 19:11",
            "open": "0.342832",
            "high": "0.342832",
            "low": "0.342832",
            "close": "0.343259"
        },
        {
            "time": "29.11.2020 19:15",
            "open": "0.343259",
            "high": "0.343259",
            "low": "0.343259",
            "close": "0.341278"
        },
        {
            "time": "29.11.2020 19:18",
            "open": "0.341278",
            "high": "0.341278",
            "low": "0.341278",
            "close": "0.341609"
        },
        {
            "time": "29.11.2020 19:19",
            "open": "0.341609",
            "high": "0.341913",
            "low": "0.341609",
            "close": "0.342752"
        },
        {
            "time": "29.11.2020 19:22",
            "open": "0.342752",
            "high": "0.342752",
            "low": "0.342752",
            "close": "0.34284"
        },
        {
            "time": "29.11.2020 19:35",
            "open": "0.34284",
            "high": "0.342842",
            "low": "0.342838",
            "close": "0.341889"
        },
        {
            "time": "29.11.2020 19:36",
            "open": "0.341889",
            "high": "0.341891",
            "low": "0.341889",
            "close": "0.342748"
        },
        {
            "time": "29.11.2020 19:37",
            "open": "0.342748",
            "high": "0.342748",
            "low": "0.342748",
            "close": "0.341891"
        },
        {
            "time": "29.11.2020 19:41",
            "open": "0.341891",
            "high": "0.341891",
            "low": "0.341891",
            "close": "0.341889"
        },
        {
            "time": "29.11.2020 19:44",
            "open": "0.341889",
            "high": "0.341889",
            "low": "0.341889",
            "close": "0.343323"
        },
        {
            "time": "29.11.2020 19:49",
            "open": "0.343323",
            "high": "0.343323",
            "low": "0.343323",
            "close": "0.342563"
        },
        {
            "time": "29.11.2020 19:56",
            "open": "0.342563",
            "high": "0.342563",
            "low": "0.342563",
            "close": "0.343323"
        },
        {
            "time": "29.11.2020 20:01",
            "open": "0.343323",
            "high": "0.343707",
            "low": "0.343323",
            "close": "0.343593"
        },
        {
            "time": "29.11.2020 20:02",
            "open": "0.343593",
            "high": "0.343593",
            "low": "0.343593",
            "close": "0.343513"
        },
        {
            "time": "29.11.2020 20:09",
            "open": "0.343513",
            "high": "0.343513",
            "low": "0.343513",
            "close": "0.342837"
        },
        {
            "time": "29.11.2020 20:11",
            "open": "0.342837",
            "high": "0.342837",
            "low": "0.342837",
            "close": "0.342779"
        },
        {
            "time": "29.11.2020 20:14",
            "open": "0.342779",
            "high": "0.342779",
            "low": "0.341822",
            "close": "0.341724"
        },
        {
            "time": "29.11.2020 20:18",
            "open": "0.341724",
            "high": "0.341724",
            "low": "0.341724",
            "close": "0.341735"
        },
        {
            "time": "29.11.2020 20:19",
            "open": "0.341735",
            "high": "0.341735",
            "low": "0.341735",
            "close": "0.342431"
        },
        {
            "time": "29.11.2020 20:33",
            "open": "0.342431",
            "high": "0.342603",
            "low": "0.342431",
            "close": "0.341499"
        },
        {
            "time": "29.11.2020 20:39",
            "open": "0.341499",
            "high": "0.341499",
            "low": "0.341499",
            "close": "0.342077"
        },
        {
            "time": "29.11.2020 20:46",
            "open": "0.342077",
            "high": "0.342777",
            "low": "0.342077",
            "close": "0.342776"
        },
        {
            "time": "29.11.2020 20:47",
            "open": "0.342776",
            "high": "0.342778",
            "low": "0.342776",
            "close": "0.341942"
        },
        {
            "time": "29.11.2020 20:50",
            "open": "0.341942",
            "high": "0.341942",
            "low": "0.341942",
            "close": "0.342762"
        },
        {
            "time": "29.11.2020 20:52",
            "open": "0.342762",
            "high": "0.342762",
            "low": "0.342762",
            "close": "0.341017"
        },
        {
            "time": "29.11.2020 20:57",
            "open": "0.341017",
            "high": "0.341017",
            "low": "0.341017",
            "close": "0.341643"
        },
        {
            "time": "29.11.2020 21:08",
            "open": "0.341643",
            "high": "0.341643",
            "low": "0.341643",
            "close": "0.341459"
        },
        {
            "time": "29.11.2020 21:14",
            "open": "0.341459",
            "high": "0.341459",
            "low": "0.341459",
            "close": "0.341714"
        },
        {
            "time": "29.11.2020 21:17",
            "open": "0.341714",
            "high": "0.341714",
            "low": "0.341714",
            "close": "0.342703"
        },
        {
            "time": "29.11.2020 21:21",
            "open": "0.342703",
            "high": "0.342703",
            "low": "0.342703",
            "close": "0.343142"
        },
        {
            "time": "29.11.2020 21:22",
            "open": "0.343142",
            "high": "0.343142",
            "low": "0.343142",
            "close": "0.343309"
        },
        {
            "time": "29.11.2020 21:23",
            "open": "0.343309",
            "high": "0.343309",
            "low": "0.343309",
            "close": "0.344356"
        },
        {
            "time": "29.11.2020 21:24",
            "open": "0.344356",
            "high": "0.344356",
            "low": "0.344356",
            "close": "0.342258"
        },
        {
            "time": "29.11.2020 21:25",
            "open": "0.342258",
            "high": "0.342865",
            "low": "0.342258",
            "close": "0.344134"
        },
        {
            "time": "29.11.2020 21:28",
            "open": "0.344134",
            "high": "0.344134",
            "low": "0.344134",
            "close": "0.342985"
        },
        {
            "time": "29.11.2020 21:30",
            "open": "0.342985",
            "high": "0.342985",
            "low": "0.342985",
            "close": "0.342055"
        },
        {
            "time": "29.11.2020 21:32",
            "open": "0.342055",
            "high": "0.342626",
            "low": "0.342053",
            "close": "0.342502"
        },
        {
            "time": "29.11.2020 21:33",
            "open": "0.342502",
            "high": "0.342502",
            "low": "0.3425",
            "close": "0.3425"
        },
        {
            "time": "29.11.2020 21:35",
            "open": "0.3425",
            "high": "0.3425",
            "low": "0.3425",
            "close": "0.342365"
        },
        {
            "time": "29.11.2020 21:36",
            "open": "0.342365",
            "high": "0.342365",
            "low": "0.342365",
            "close": "0.342717"
        },
        {
            "time": "29.11.2020 21:39",
            "open": "0.342717",
            "high": "0.342717",
            "low": "0.342717",
            "close": "0.342053"
        },
        {
            "time": "29.11.2020 21:49",
            "open": "0.342053",
            "high": "0.342053",
            "low": "0.342053",
            "close": "0.343106"
        },
        {
            "time": "29.11.2020 21:55",
            "open": "0.343106",
            "high": "0.343106",
            "low": "0.343106",
            "close": "0.343448"
        },
        {
            "time": "29.11.2020 22:05",
            "open": "0.343448",
            "high": "0.343448",
            "low": "0.343448",
            "close": "0.344466"
        },
        {
            "time": "29.11.2020 22:07",
            "open": "0.344466",
            "high": "0.344466",
            "low": "0.344466",
            "close": "0.344595"
        },
        {
            "time": "29.11.2020 22:10",
            "open": "0.344595",
            "high": "0.344595",
            "low": "0.344595",
            "close": "0.34341"
        },
        {
            "time": "29.11.2020 22:11",
            "open": "0.34341",
            "high": "0.34341",
            "low": "0.34341",
            "close": "0.345101"
        },
        {
            "time": "29.11.2020 22:13",
            "open": "0.345101",
            "high": "0.345101",
            "low": "0.345101",
            "close": "0.345559"
        },
        {
            "time": "29.11.2020 22:14",
            "open": "0.345559",
            "high": "0.345662",
            "low": "0.345559",
            "close": "0.345661"
        },
        {
            "time": "29.11.2020 22:15",
            "open": "0.345661",
            "high": "0.345919",
            "low": "0.345661",
            "close": "0.346002"
        },
        {
            "time": "29.11.2020 22:17",
            "open": "0.346002",
            "high": "0.346002",
            "low": "0.346",
            "close": "0.346"
        },
        {
            "time": "29.11.2020 22:18",
            "open": "0.346",
            "high": "0.346",
            "low": "0.346",
            "close": "0.345649"
        },
        {
            "time": "29.11.2020 22:22",
            "open": "0.345649",
            "high": "0.345649",
            "low": "0.345649",
            "close": "0.346875"
        },
        {
            "time": "29.11.2020 22:27",
            "open": "0.346875",
            "high": "0.346875",
            "low": "0.346875",
            "close": "0.346069"
        },
        {
            "time": "29.11.2020 22:28",
            "open": "0.346069",
            "high": "0.346069",
            "low": "0.346069",
            "close": "0.34765"
        },
        {
            "time": "29.11.2020 22:30",
            "open": "0.34765",
            "high": "0.34818",
            "low": "0.34765",
            "close": "0.348011"
        },
        {
            "time": "29.11.2020 22:31",
            "open": "0.348011",
            "high": "0.348011",
            "low": "0.346978",
            "close": "0.348476"
        },
        {
            "time": "29.11.2020 22:32",
            "open": "0.348476",
            "high": "0.348533",
            "low": "0.348476",
            "close": "0.347531"
        },
        {
            "time": "29.11.2020 22:33",
            "open": "0.347531",
            "high": "0.347531",
            "low": "0.347531",
            "close": "0.347744"
        },
        {
            "time": "29.11.2020 22:35",
            "open": "0.347744",
            "high": "0.347744",
            "low": "0.347531",
            "close": "0.34712"
        },
        {
            "time": "29.11.2020 22:38",
            "open": "0.34712",
            "high": "0.34712",
            "low": "0.346768",
            "close": "0.345769"
        },
        {
            "time": "29.11.2020 22:42",
            "open": "0.345769",
            "high": "0.345769",
            "low": "0.345769",
            "close": "0.345867"
        },
        {
            "time": "29.11.2020 22:43",
            "open": "0.345867",
            "high": "0.345867",
            "low": "0.345867",
            "close": "0.347317"
        },
        {
            "time": "29.11.2020 22:48",
            "open": "0.347317",
            "high": "0.347317",
            "low": "0.347317",
            "close": "0.347443"
        },
        {
            "time": "29.11.2020 22:53",
            "open": "0.347443",
            "high": "0.347443",
            "low": "0.347443",
            "close": "0.347099"
        },
        {
            "time": "29.11.2020 22:54",
            "open": "0.347099",
            "high": "0.347317",
            "low": "0.347099",
            "close": "0.347195"
        },
        {
            "time": "29.11.2020 22:58",
            "open": "0.347195",
            "high": "0.347195",
            "low": "0.347195",
            "close": "0.346269"
        },
        {
            "time": "29.11.2020 23:01",
            "open": "0.346269",
            "high": "0.346269",
            "low": "0.346269",
            "close": "0.346738"
        },
        {
            "time": "29.11.2020 23:02",
            "open": "0.346738",
            "high": "0.346738",
            "low": "0.346738",
            "close": "0.346242"
        },
        {
            "time": "29.11.2020 23:07",
            "open": "0.346242",
            "high": "0.346242",
            "low": "0.346242",
            "close": "0.345604"
        },
        {
            "time": "29.11.2020 23:08",
            "open": "0.345604",
            "high": "0.345604",
            "low": "0.345604",
            "close": "0.34571"
        },
        {
            "time": "29.11.2020 23:12",
            "open": "0.34571",
            "high": "0.34571",
            "low": "0.34571",
            "close": "0.346997"
        },
        {
            "time": "29.11.2020 23:15",
            "open": "0.346997",
            "high": "0.346997",
            "low": "0.346996",
            "close": "0.345604"
        },
        {
            "time": "29.11.2020 23:23",
            "open": "0.345604",
            "high": "0.345604",
            "low": "0.345604",
            "close": "0.343463"
        },
        {
            "time": "29.11.2020 23:24",
            "open": "0.343463",
            "high": "0.343775",
            "low": "0.343463",
            "close": "0.344734"
        },
        {
            "time": "29.11.2020 23:28",
            "open": "0.344734",
            "high": "0.345933",
            "low": "0.344734",
            "close": "0.345354"
        },
        {
            "time": "29.11.2020 23:29",
            "open": "0.345354",
            "high": "0.345354",
            "low": "0.345354",
            "close": "0.34509"
        },
        {
            "time": "29.11.2020 23:33",
            "open": "0.34509",
            "high": "0.34509",
            "low": "0.34509",
            "close": "0.347013"
        },
        {
            "time": "29.11.2020 23:49",
            "open": "0.347013",
            "high": "0.347013",
            "low": "0.346771",
            "close": "0.345182"
        }
    ]
}