{
    "ZRX-EUR": [
        {
            "time": "10.07.2021 23:53",
            "open": "0.660125",
            "high": "0.660592",
            "low": "0.660125",
            "close": "0.660601"
        },
        {
            "time": "11.07.2021 00:01",
            "open": "0.660601",
            "high": "0.660601",
            "low": "0.660601",
            "close": "0.660295"
        },
        {
            "time": "11.07.2021 00:06",
            "open": "0.660295",
            "high": "0.660295",
            "low": "0.657929",
            "close": "0.655152"
        },
        {
            "time": "11.07.2021 00:08",
            "open": "0.655152",
            "high": "0.655394",
            "low": "0.655152",
            "close": "0.657164"
        },
        {
            "time": "11.07.2021 00:09",
            "open": "0.657164",
            "high": "0.658731",
            "low": "0.657164",
            "close": "0.658294"
        },
        {
            "time": "11.07.2021 00:11",
            "open": "0.658294",
            "high": "0.658295",
            "low": "0.658294",
            "close": "0.658459"
        },
        {
            "time": "11.07.2021 00:18",
            "open": "0.658459",
            "high": "0.658565",
            "low": "0.658459",
            "close": "0.658447"
        },
        {
            "time": "11.07.2021 00:23",
            "open": "0.658447",
            "high": "0.658447",
            "low": "0.658447",
            "close": "0.659171"
        },
        {
            "time": "11.07.2021 00:31",
            "open": "0.659171",
            "high": "0.659171",
            "low": "0.659171",
            "close": "0.659816"
        },
        {
            "time": "11.07.2021 00:39",
            "open": "0.659816",
            "high": "0.659816",
            "low": "0.659816",
            "close": "0.662412"
        },
        {
            "time": "11.07.2021 00:51",
            "open": "0.662412",
            "high": "0.662412",
            "low": "0.662412",
            "close": "0.663556"
        },
        {
            "time": "11.07.2021 00:54",
            "open": "0.663556",
            "high": "0.663556",
            "low": "0.663556",
            "close": "0.662659"
        },
        {
            "time": "11.07.2021 00:57",
            "open": "0.662659",
            "high": "0.662659",
            "low": "0.662659",
            "close": "0.663458"
        },
        {
            "time": "11.07.2021 00:58",
            "open": "0.663458",
            "high": "0.663458",
            "low": "0.663458",
            "close": "0.662588"
        },
        {
            "time": "11.07.2021 01:01",
            "open": "0.662588",
            "high": "0.662588",
            "low": "0.662588",
            "close": "0.662588"
        },
        {
            "time": "11.07.2021 01:03",
            "open": "0.662588",
            "high": "0.662588",
            "low": "0.662588",
            "close": "0.662718"
        },
        {
            "time": "11.07.2021 01:04",
            "open": "0.662718",
            "high": "0.662718",
            "low": "0.662718",
            "close": "0.661872"
        },
        {
            "time": "11.07.2021 01:09",
            "open": "0.661872",
            "high": "0.662164",
            "low": "0.661872",
            "close": "0.662491"
        },
        {
            "time": "11.07.2021 01:12",
            "open": "0.662491",
            "high": "0.662491",
            "low": "0.662484",
            "close": "0.663231"
        },
        {
            "time": "11.07.2021 01:17",
            "open": "0.663231",
            "high": "0.663791",
            "low": "0.663231",
            "close": "0.665757"
        },
        {
            "time": "11.07.2021 01:25",
            "open": "0.665757",
            "high": "0.665757",
            "low": "0.665757",
            "close": "0.667242"
        },
        {
            "time": "11.07.2021 01:34",
            "open": "0.667242",
            "high": "0.667244",
            "low": "0.667242",
            "close": "0.666897"
        },
        {
            "time": "11.07.2021 01:36",
            "open": "0.666897",
            "high": "0.666897",
            "low": "0.666897",
            "close": "0.668654"
        },
        {
            "time": "11.07.2021 01:48",
            "open": "0.668654",
            "high": "0.668654",
            "low": "0.668654",
            "close": "0.664724"
        },
        {
            "time": "11.07.2021 01:52",
            "open": "0.664724",
            "high": "0.664724",
            "low": "0.664599",
            "close": "0.665569"
        },
        {
            "time": "11.07.2021 01:55",
            "open": "0.665569",
            "high": "0.665569",
            "low": "0.665569",
            "close": "0.665093"
        },
        {
            "time": "11.07.2021 01:56",
            "open": "0.665093",
            "high": "0.665093",
            "low": "0.665093",
            "close": "0.663548"
        },
        {
            "time": "11.07.2021 02:07",
            "open": "0.663548",
            "high": "0.663548",
            "low": "0.663416",
            "close": "0.665977"
        },
        {
            "time": "11.07.2021 02:21",
            "open": "0.665977",
            "high": "0.665977",
            "low": "0.665977",
            "close": "0.661399"
        },
        {
            "time": "11.07.2021 02:25",
            "open": "0.661399",
            "high": "0.661522",
            "low": "0.661399",
            "close": "0.659287"
        },
        {
            "time": "11.07.2021 02:27",
            "open": "0.659287",
            "high": "0.659287",
            "low": "0.659287",
            "close": "0.659142"
        },
        {
            "time": "11.07.2021 02:28",
            "open": "0.659142",
            "high": "0.659142",
            "low": "0.659142",
            "close": "0.659229"
        },
        {
            "time": "11.07.2021 02:29",
            "open": "0.659229",
            "high": "0.659229",
            "low": "0.659229",
            "close": "0.659229"
        },
        {
            "time": "11.07.2021 02:33",
            "open": "0.659229",
            "high": "0.659229",
            "low": "0.659229",
            "close": "0.662125"
        },
        {
            "time": "11.07.2021 03:01",
            "open": "0.662125",
            "high": "0.662125",
            "low": "0.662125",
            "close": "0.662125"
        },
        {
            "time": "11.07.2021 03:02",
            "open": "0.662125",
            "high": "0.662125",
            "low": "0.662125",
            "close": "0.662125"
        },
        {
            "time": "11.07.2021 03:03",
            "open": "0.662125",
            "high": "0.662125",
            "low": "0.662125",
            "close": "0.660413"
        },
        {
            "time": "11.07.2021 03:04",
            "open": "0.660413",
            "high": "0.660413",
            "low": "0.660413",
            "close": "0.655934"
        },
        {
            "time": "11.07.2021 03:08",
            "open": "0.655934",
            "high": "0.65597",
            "low": "0.655934",
            "close": "0.656943"
        },
        {
            "time": "11.07.2021 03:10",
            "open": "0.656943",
            "high": "0.656943",
            "low": "0.656943",
            "close": "0.657214"
        },
        {
            "time": "11.07.2021 03:13",
            "open": "0.657214",
            "high": "0.657214",
            "low": "0.657214",
            "close": "0.655252"
        },
        {
            "time": "11.07.2021 03:28",
            "open": "0.655252",
            "high": "0.655461",
            "low": "0.655252",
            "close": "0.653446"
        },
        {
            "time": "11.07.2021 03:31",
            "open": "0.653446",
            "high": "0.653446",
            "low": "0.653446",
            "close": "0.653629"
        },
        {
            "time": "11.07.2021 03:32",
            "open": "0.653629",
            "high": "0.653629",
            "low": "0.653629",
            "close": "0.65501"
        },
        {
            "time": "11.07.2021 03:33",
            "open": "0.65501",
            "high": "0.65501",
            "low": "0.65501",
            "close": "0.655461"
        },
        {
            "time": "11.07.2021 03:35",
            "open": "0.655461",
            "high": "0.655461",
            "low": "0.655461",
            "close": "0.655923"
        },
        {
            "time": "11.07.2021 03:36",
            "open": "0.655923",
            "high": "0.656807",
            "low": "0.655923",
            "close": "0.657386"
        },
        {
            "time": "11.07.2021 03:44",
            "open": "0.657386",
            "high": "0.657386",
            "low": "0.657235",
            "close": "0.661109"
        },
        {
            "time": "11.07.2021 03:54",
            "open": "0.661109",
            "high": "0.661109",
            "low": "0.660423",
            "close": "0.661777"
        },
        {
            "time": "11.07.2021 03:56",
            "open": "0.661777",
            "high": "0.661777",
            "low": "0.661777",
            "close": "0.661348"
        },
        {
            "time": "11.07.2021 03:57",
            "open": "0.661348",
            "high": "0.661348",
            "low": "0.661348",
            "close": "0.660937"
        },
        {
            "time": "11.07.2021 03:59",
            "open": "0.660937",
            "high": "0.660937",
            "low": "0.660937",
            "close": "0.660452"
        },
        {
            "time": "11.07.2021 04:01",
            "open": "0.660452",
            "high": "0.660452",
            "low": "0.660452",
            "close": "0.659812"
        },
        {
            "time": "11.07.2021 04:02",
            "open": "0.659812",
            "high": "0.6599",
            "low": "0.659812",
            "close": "0.65987"
        },
        {
            "time": "11.07.2021 04:03",
            "open": "0.65987",
            "high": "0.65987",
            "low": "0.65987",
            "close": "0.658622"
        },
        {
            "time": "11.07.2021 04:06",
            "open": "0.658622",
            "high": "0.658622",
            "low": "0.658622",
            "close": "0.658478"
        },
        {
            "time": "11.07.2021 04:07",
            "open": "0.658478",
            "high": "0.658478",
            "low": "0.658478",
            "close": "0.658"
        },
        {
            "time": "11.07.2021 04:09",
            "open": "0.658",
            "high": "0.658",
            "low": "0.658",
            "close": "0.657235"
        },
        {
            "time": "11.07.2021 04:10",
            "open": "0.657235",
            "high": "0.657235",
            "low": "0.657235",
            "close": "0.657769"
        },
        {
            "time": "11.07.2021 04:11",
            "open": "0.657769",
            "high": "0.657792",
            "low": "0.657769",
            "close": "0.657235"
        },
        {
            "time": "11.07.2021 04:16",
            "open": "0.657235",
            "high": "0.657235",
            "low": "0.657235",
            "close": "0.656143"
        },
        {
            "time": "11.07.2021 04:25",
            "open": "0.656143",
            "high": "0.656143",
            "low": "0.656143",
            "close": "0.655241"
        },
        {
            "time": "11.07.2021 04:32",
            "open": "0.655241",
            "high": "0.656143",
            "low": "0.655241",
            "close": "0.653692"
        },
        {
            "time": "11.07.2021 04:35",
            "open": "0.653692",
            "high": "0.653692",
            "low": "0.653246",
            "close": "0.656143"
        },
        {
            "time": "11.07.2021 04:38",
            "open": "0.656143",
            "high": "0.656143",
            "low": "0.656143",
            "close": "0.656533"
        },
        {
            "time": "11.07.2021 04:40",
            "open": "0.656533",
            "high": "0.656533",
            "low": "0.656533",
            "close": "0.659047"
        },
        {
            "time": "11.07.2021 04:54",
            "open": "0.659047",
            "high": "0.659047",
            "low": "0.659047",
            "close": "0.658846"
        },
        {
            "time": "11.07.2021 04:55",
            "open": "0.658846",
            "high": "0.658846",
            "low": "0.656766",
            "close": "0.655506"
        },
        {
            "time": "11.07.2021 04:57",
            "open": "0.655506",
            "high": "0.655506",
            "low": "0.655506",
            "close": "0.655252"
        },
        {
            "time": "11.07.2021 05:00",
            "open": "0.655252",
            "high": "0.655252",
            "low": "0.655252",
            "close": "0.656419"
        },
        {
            "time": "11.07.2021 05:01",
            "open": "0.656419",
            "high": "0.656419",
            "low": "0.656419",
            "close": "0.657234"
        },
        {
            "time": "11.07.2021 05:05",
            "open": "0.657234",
            "high": "0.657234",
            "low": "0.656596",
            "close": "0.655392"
        },
        {
            "time": "11.07.2021 05:27",
            "open": "0.655392",
            "high": "0.655392",
            "low": "0.65519",
            "close": "0.656233"
        },
        {
            "time": "11.07.2021 05:38",
            "open": "0.656233",
            "high": "0.656276",
            "low": "0.656233",
            "close": "0.654847"
        },
        {
            "time": "11.07.2021 05:40",
            "open": "0.654847",
            "high": "0.654847",
            "low": "0.654847",
            "close": "0.652491"
        },
        {
            "time": "11.07.2021 05:44",
            "open": "0.652491",
            "high": "0.652568",
            "low": "0.650976",
            "close": "0.651019"
        },
        {
            "time": "11.07.2021 05:45",
            "open": "0.651019",
            "high": "0.651167",
            "low": "0.651019",
            "close": "0.650432"
        },
        {
            "time": "11.07.2021 05:46",
            "open": "0.650432",
            "high": "0.650547",
            "low": "0.648682",
            "close": "0.649824"
        },
        {
            "time": "11.07.2021 05:47",
            "open": "0.649824",
            "high": "0.650016",
            "low": "0.649824",
            "close": "0.650056"
        },
        {
            "time": "11.07.2021 05:50",
            "open": "0.650056",
            "high": "0.650056",
            "low": "0.650056",
            "close": "0.649265"
        },
        {
            "time": "11.07.2021 05:54",
            "open": "0.649265",
            "high": "0.649394",
            "low": "0.649265",
            "close": "0.648701"
        },
        {
            "time": "11.07.2021 05:55",
            "open": "0.648701",
            "high": "0.648701",
            "low": "0.648701",
            "close": "0.648424"
        },
        {
            "time": "11.07.2021 05:58",
            "open": "0.648424",
            "high": "0.648424",
            "low": "0.647565",
            "close": "0.646973"
        },
        {
            "time": "11.07.2021 05:59",
            "open": "0.646973",
            "high": "0.648395",
            "low": "0.646973",
            "close": "0.649643"
        },
        {
            "time": "11.07.2021 06:00",
            "open": "0.649643",
            "high": "0.649643",
            "low": "0.649643",
            "close": "0.648693"
        },
        {
            "time": "11.07.2021 06:05",
            "open": "0.648693",
            "high": "0.648693",
            "low": "0.648693",
            "close": "0.646382"
        },
        {
            "time": "11.07.2021 06:08",
            "open": "0.646382",
            "high": "0.646382",
            "low": "0.646382",
            "close": "0.645265"
        },
        {
            "time": "11.07.2021 06:11",
            "open": "0.645265",
            "high": "0.645265",
            "low": "0.645265",
            "close": "0.645238"
        },
        {
            "time": "11.07.2021 06:12",
            "open": "0.645238",
            "high": "0.645238",
            "low": "0.644056",
            "close": "0.644076"
        },
        {
            "time": "11.07.2021 06:13",
            "open": "0.644076",
            "high": "0.644226",
            "low": "0.644076",
            "close": "0.644851"
        },
        {
            "time": "11.07.2021 06:14",
            "open": "0.644851",
            "high": "0.644851",
            "low": "0.644851",
            "close": "0.647742"
        },
        {
            "time": "11.07.2021 06:20",
            "open": "0.647742",
            "high": "0.647808",
            "low": "0.647742",
            "close": "0.64689"
        },
        {
            "time": "11.07.2021 06:22",
            "open": "0.64689",
            "high": "0.64689",
            "low": "0.645999",
            "close": "0.644032"
        },
        {
            "time": "11.07.2021 06:28",
            "open": "0.644032",
            "high": "0.644276",
            "low": "0.644032",
            "close": "0.645173"
        },
        {
            "time": "11.07.2021 06:33",
            "open": "0.645173",
            "high": "0.645173",
            "low": "0.645173",
            "close": "0.649585"
        },
        {
            "time": "11.07.2021 06:53",
            "open": "0.649585",
            "high": "0.649585",
            "low": "0.649585",
            "close": "0.650671"
        },
        {
            "time": "11.07.2021 06:54",
            "open": "0.650671",
            "high": "0.650671",
            "low": "0.650671",
            "close": "0.651196"
        },
        {
            "time": "11.07.2021 07:01",
            "open": "0.651196",
            "high": "0.651196",
            "low": "0.651196",
            "close": "0.649849"
        },
        {
            "time": "11.07.2021 07:02",
            "open": "0.649849",
            "high": "0.649849",
            "low": "0.649474",
            "close": "0.649081"
        },
        {
            "time": "11.07.2021 07:05",
            "open": "0.649081",
            "high": "0.649081",
            "low": "0.649081",
            "close": "0.650622"
        },
        {
            "time": "11.07.2021 07:12",
            "open": "0.650622",
            "high": "0.650622",
            "low": "0.650622",
            "close": "0.654671"
        },
        {
            "time": "11.07.2021 07:15",
            "open": "0.654671",
            "high": "0.654671",
            "low": "0.654671",
            "close": "0.654837"
        },
        {
            "time": "11.07.2021 07:16",
            "open": "0.654837",
            "high": "0.654837",
            "low": "0.654837",
            "close": "0.654796"
        },
        {
            "time": "11.07.2021 07:17",
            "open": "0.654796",
            "high": "0.654796",
            "low": "0.654796",
            "close": "0.652261"
        },
        {
            "time": "11.07.2021 07:22",
            "open": "0.652261",
            "high": "0.652261",
            "low": "0.652261",
            "close": "0.652885"
        },
        {
            "time": "11.07.2021 07:23",
            "open": "0.652885",
            "high": "0.652885",
            "low": "0.652885",
            "close": "0.652416"
        },
        {
            "time": "11.07.2021 07:24",
            "open": "0.652416",
            "high": "0.652416",
            "low": "0.652416",
            "close": "0.653976"
        },
        {
            "time": "11.07.2021 07:30",
            "open": "0.653976",
            "high": "0.653976",
            "low": "0.653976",
            "close": "0.657901"
        },
        {
            "time": "11.07.2021 07:44",
            "open": "0.657901",
            "high": "0.657901",
            "low": "0.657667",
            "close": "0.658302"
        },
        {
            "time": "11.07.2021 08:01",
            "open": "0.658302",
            "high": "0.658302",
            "low": "0.658301",
            "close": "0.657838"
        },
        {
            "time": "11.07.2021 08:02",
            "open": "0.657838",
            "high": "0.658456",
            "low": "0.657838",
            "close": "0.657483"
        },
        {
            "time": "11.07.2021 08:03",
            "open": "0.657483",
            "high": "0.657483",
            "low": "0.657483",
            "close": "0.659642"
        },
        {
            "time": "11.07.2021 08:06",
            "open": "0.659642",
            "high": "0.659642",
            "low": "0.659642",
            "close": "0.660552"
        },
        {
            "time": "11.07.2021 08:07",
            "open": "0.660552",
            "high": "0.660612",
            "low": "0.660552",
            "close": "0.660399"
        },
        {
            "time": "11.07.2021 08:09",
            "open": "0.660399",
            "high": "0.660399",
            "low": "0.660399",
            "close": "0.659673"
        },
        {
            "time": "11.07.2021 08:11",
            "open": "0.659673",
            "high": "0.659673",
            "low": "0.659078",
            "close": "0.658225"
        },
        {
            "time": "11.07.2021 08:12",
            "open": "0.658225",
            "high": "0.658225",
            "low": "0.657214",
            "close": "0.654229"
        },
        {
            "time": "11.07.2021 08:28",
            "open": "0.654229",
            "high": "0.654229",
            "low": "0.654229",
            "close": "0.650622"
        },
        {
            "time": "11.07.2021 08:36",
            "open": "0.650622",
            "high": "0.650622",
            "low": "0.650622",
            "close": "0.650706"
        },
        {
            "time": "11.07.2021 08:37",
            "open": "0.650706",
            "high": "0.650706",
            "low": "0.650706",
            "close": "0.654427"
        },
        {
            "time": "11.07.2021 08:44",
            "open": "0.654427",
            "high": "0.654575",
            "low": "0.654427",
            "close": "0.653497"
        },
        {
            "time": "11.07.2021 08:49",
            "open": "0.653497",
            "high": "0.653497",
            "low": "0.653497",
            "close": "0.652753"
        },
        {
            "time": "11.07.2021 08:51",
            "open": "0.652753",
            "high": "0.652753",
            "low": "0.652753",
            "close": "0.652687"
        },
        {
            "time": "11.07.2021 08:56",
            "open": "0.652687",
            "high": "0.652687",
            "low": "0.652687",
            "close": "0.651976"
        },
        {
            "time": "11.07.2021 09:00",
            "open": "0.651976",
            "high": "0.651976",
            "low": "0.651976",
            "close": "0.655442"
        },
        {
            "time": "11.07.2021 09:09",
            "open": "0.655442",
            "high": "0.655442",
            "low": "0.655442",
            "close": "0.655442"
        },
        {
            "time": "11.07.2021 09:10",
            "open": "0.655442",
            "high": "0.655442",
            "low": "0.655166",
            "close": "0.655294"
        },
        {
            "time": "11.07.2021 09:23",
            "open": "0.655294",
            "high": "0.655294",
            "low": "0.654237",
            "close": "0.654237"
        },
        {
            "time": "11.07.2021 09:28",
            "open": "0.654237",
            "high": "0.654237",
            "low": "0.654237",
            "close": "0.656162"
        },
        {
            "time": "11.07.2021 09:38",
            "open": "0.656162",
            "high": "0.656162",
            "low": "0.656162",
            "close": "0.657524"
        },
        {
            "time": "11.07.2021 09:43",
            "open": "0.657524",
            "high": "0.657524",
            "low": "0.657524",
            "close": "0.656318"
        },
        {
            "time": "11.07.2021 09:48",
            "open": "0.656318",
            "high": "0.656318",
            "low": "0.656318",
            "close": "0.655994"
        },
        {
            "time": "11.07.2021 09:49",
            "open": "0.655994",
            "high": "0.655994",
            "low": "0.655994",
            "close": "0.657832"
        },
        {
            "time": "11.07.2021 09:52",
            "open": "0.657832",
            "high": "0.657832",
            "low": "0.65726",
            "close": "0.657303"
        },
        {
            "time": "11.07.2021 09:54",
            "open": "0.657303",
            "high": "0.657303",
            "low": "0.657056",
            "close": "0.657687"
        },
        {
            "time": "11.07.2021 09:59",
            "open": "0.657687",
            "high": "0.657688",
            "low": "0.657687",
            "close": "0.658909"
        },
        {
            "time": "11.07.2021 10:00",
            "open": "0.658909",
            "high": "0.658909",
            "low": "0.658909",
            "close": "0.657996"
        },
        {
            "time": "11.07.2021 10:01",
            "open": "0.657996",
            "high": "0.657996",
            "low": "0.657648",
            "close": "0.654012"
        },
        {
            "time": "11.07.2021 10:09",
            "open": "0.654012",
            "high": "0.654012",
            "low": "0.654012",
            "close": "0.654012"
        },
        {
            "time": "11.07.2021 10:11",
            "open": "0.654012",
            "high": "0.654012",
            "low": "0.654012",
            "close": "0.654878"
        },
        {
            "time": "11.07.2021 10:15",
            "open": "0.654878",
            "high": "0.654878",
            "low": "0.654878",
            "close": "0.657565"
        },
        {
            "time": "11.07.2021 10:19",
            "open": "0.657565",
            "high": "0.657565",
            "low": "0.6574",
            "close": "0.657163"
        },
        {
            "time": "11.07.2021 10:20",
            "open": "0.657163",
            "high": "0.657163",
            "low": "0.657163",
            "close": "0.660614"
        },
        {
            "time": "11.07.2021 10:27",
            "open": "0.660614",
            "high": "0.660614",
            "low": "0.660584",
            "close": "0.661333"
        },
        {
            "time": "11.07.2021 10:31",
            "open": "0.661333",
            "high": "0.661333",
            "low": "0.661333",
            "close": "0.661223"
        },
        {
            "time": "11.07.2021 10:32",
            "open": "0.661223",
            "high": "0.661223",
            "low": "0.661223",
            "close": "0.658495"
        },
        {
            "time": "11.07.2021 10:34",
            "open": "0.658495",
            "high": "0.658495",
            "low": "0.658495",
            "close": "0.6582"
        },
        {
            "time": "11.07.2021 10:35",
            "open": "0.6582",
            "high": "0.6582",
            "low": "0.6582",
            "close": "0.65992"
        },
        {
            "time": "11.07.2021 10:46",
            "open": "0.65992",
            "high": "0.65992",
            "low": "0.65992",
            "close": "0.658405"
        },
        {
            "time": "11.07.2021 10:54",
            "open": "0.658405",
            "high": "0.658405",
            "low": "0.658405",
            "close": "0.659905"
        },
        {
            "time": "11.07.2021 11:04",
            "open": "0.659905",
            "high": "0.659905",
            "low": "0.659905",
            "close": "0.660967"
        },
        {
            "time": "11.07.2021 11:12",
            "open": "0.660967",
            "high": "0.660967",
            "low": "0.660967",
            "close": "0.6609"
        },
        {
            "time": "11.07.2021 11:14",
            "open": "0.6609",
            "high": "0.6609",
            "low": "0.6609",
            "close": "0.661145"
        },
        {
            "time": "11.07.2021 11:15",
            "open": "0.661145",
            "high": "0.661146",
            "low": "0.661145",
            "close": "0.662865"
        },
        {
            "time": "11.07.2021 11:17",
            "open": "0.662865",
            "high": "0.662865",
            "low": "0.662865",
            "close": "0.663231"
        },
        {
            "time": "11.07.2021 11:30",
            "open": "0.663231",
            "high": "0.663661",
            "low": "0.663095",
            "close": "0.663"
        },
        {
            "time": "11.07.2021 11:32",
            "open": "0.663",
            "high": "0.663",
            "low": "0.663",
            "close": "0.663"
        },
        {
            "time": "11.07.2021 11:33",
            "open": "0.663",
            "high": "0.663",
            "low": "0.663",
            "close": "0.66256"
        },
        {
            "time": "11.07.2021 11:37",
            "open": "0.66256",
            "high": "0.66256",
            "low": "0.66256",
            "close": "0.66019"
        },
        {
            "time": "11.07.2021 11:40",
            "open": "0.66019",
            "high": "0.66019",
            "low": "0.66019",
            "close": "0.658036"
        },
        {
            "time": "11.07.2021 11:42",
            "open": "0.658036",
            "high": "0.658036",
            "low": "0.657163",
            "close": "0.657"
        },
        {
            "time": "11.07.2021 11:48",
            "open": "0.657",
            "high": "0.657",
            "low": "0.657",
            "close": "0.657474"
        },
        {
            "time": "11.07.2021 11:53",
            "open": "0.657474",
            "high": "0.657474",
            "low": "0.657474",
            "close": "0.656804"
        },
        {
            "time": "11.07.2021 11:56",
            "open": "0.656804",
            "high": "0.6569",
            "low": "0.656804",
            "close": "0.656368"
        },
        {
            "time": "11.07.2021 11:57",
            "open": "0.656368",
            "high": "0.656368",
            "low": "0.656368",
            "close": "0.655863"
        },
        {
            "time": "11.07.2021 11:59",
            "open": "0.655863",
            "high": "0.655863",
            "low": "0.655863",
            "close": "0.654161"
        },
        {
            "time": "11.07.2021 12:01",
            "open": "0.654161",
            "high": "0.654161",
            "low": "0.654161",
            "close": "0.656141"
        },
        {
            "time": "11.07.2021 12:14",
            "open": "0.656141",
            "high": "0.656141",
            "low": "0.656141",
            "close": "0.656746"
        },
        {
            "time": "11.07.2021 12:24",
            "open": "0.656746",
            "high": "0.656825",
            "low": "0.656746",
            "close": "0.655091"
        },
        {
            "time": "11.07.2021 12:27",
            "open": "0.655091",
            "high": "0.655091",
            "low": "0.654791",
            "close": "0.654847"
        },
        {
            "time": "11.07.2021 12:28",
            "open": "0.654847",
            "high": "0.654847",
            "low": "0.654812",
            "close": "0.653596"
        },
        {
            "time": "11.07.2021 12:30",
            "open": "0.653596",
            "high": "0.653596",
            "low": "0.653596",
            "close": "0.653703"
        },
        {
            "time": "11.07.2021 12:39",
            "open": "0.653703",
            "high": "0.653711",
            "low": "0.653703",
            "close": "0.65332"
        },
        {
            "time": "11.07.2021 12:41",
            "open": "0.65332",
            "high": "0.65332",
            "low": "0.653207",
            "close": "0.653207"
        },
        {
            "time": "11.07.2021 12:46",
            "open": "0.653207",
            "high": "0.653207",
            "low": "0.653207",
            "close": "0.653464"
        },
        {
            "time": "11.07.2021 12:55",
            "open": "0.653464",
            "high": "0.653576",
            "low": "0.653464",
            "close": "0.652825"
        },
        {
            "time": "11.07.2021 13:13",
            "open": "0.652825",
            "high": "0.652825",
            "low": "0.652678",
            "close": "0.653449"
        },
        {
            "time": "11.07.2021 13:15",
            "open": "0.653449",
            "high": "0.653449",
            "low": "0.653449",
            "close": "0.653011"
        },
        {
            "time": "11.07.2021 13:16",
            "open": "0.653011",
            "high": "0.653011",
            "low": "0.653011",
            "close": "0.652919"
        },
        {
            "time": "11.07.2021 13:22",
            "open": "0.652919",
            "high": "0.652919",
            "low": "0.652919",
            "close": "0.653025"
        },
        {
            "time": "11.07.2021 13:27",
            "open": "0.653025",
            "high": "0.653025",
            "low": "0.653025",
            "close": "0.652748"
        },
        {
            "time": "11.07.2021 13:33",
            "open": "0.652748",
            "high": "0.652748",
            "low": "0.652748",
            "close": "0.652"
        },
        {
            "time": "11.07.2021 13:47",
            "open": "0.652",
            "high": "0.652",
            "low": "0.652",
            "close": "0.6517"
        },
        {
            "time": "11.07.2021 13:52",
            "open": "0.6517",
            "high": "0.6517",
            "low": "0.6517",
            "close": "0.651746"
        },
        {
            "time": "11.07.2021 13:53",
            "open": "0.651746",
            "high": "0.651746",
            "low": "0.651746",
            "close": "0.652952"
        },
        {
            "time": "11.07.2021 13:54",
            "open": "0.652952",
            "high": "0.652952",
            "low": "0.652952",
            "close": "0.652852"
        },
        {
            "time": "11.07.2021 13:55",
            "open": "0.652852",
            "high": "0.652852",
            "low": "0.652852",
            "close": "0.655223"
        },
        {
            "time": "11.07.2021 14:03",
            "open": "0.655223",
            "high": "0.655223",
            "low": "0.655223",
            "close": "0.653833"
        },
        {
            "time": "11.07.2021 14:04",
            "open": "0.653833",
            "high": "0.653833",
            "low": "0.653833",
            "close": "0.65326"
        },
        {
            "time": "11.07.2021 14:21",
            "open": "0.65326",
            "high": "0.65326",
            "low": "0.65326",
            "close": "0.65346"
        },
        {
            "time": "11.07.2021 14:22",
            "open": "0.65346",
            "high": "0.653461",
            "low": "0.65346",
            "close": "0.65326"
        },
        {
            "time": "11.07.2021 14:23",
            "open": "0.65326",
            "high": "0.65326",
            "low": "0.65326",
            "close": "0.654263"
        },
        {
            "time": "11.07.2021 14:26",
            "open": "0.654263",
            "high": "0.654263",
            "low": "0.654263",
            "close": "0.653854"
        },
        {
            "time": "11.07.2021 14:28",
            "open": "0.653854",
            "high": "0.653854",
            "low": "0.653839",
            "close": "0.656246"
        },
        {
            "time": "11.07.2021 14:32",
            "open": "0.656246",
            "high": "0.656246",
            "low": "0.656246",
            "close": "0.654535"
        },
        {
            "time": "11.07.2021 14:54",
            "open": "0.654535",
            "high": "0.654535",
            "low": "0.654461",
            "close": "0.655706"
        },
        {
            "time": "11.07.2021 15:09",
            "open": "0.655706",
            "high": "0.655706",
            "low": "0.655706",
            "close": "0.655301"
        },
        {
            "time": "11.07.2021 15:13",
            "open": "0.655301",
            "high": "0.655301",
            "low": "0.655301",
            "close": "0.655301"
        },
        {
            "time": "11.07.2021 15:16",
            "open": "0.655301",
            "high": "0.655301",
            "low": "0.655301",
            "close": "0.654829"
        },
        {
            "time": "11.07.2021 15:19",
            "open": "0.654829",
            "high": "0.654829",
            "low": "0.654829",
            "close": "0.655501"
        },
        {
            "time": "11.07.2021 15:22",
            "open": "0.655501",
            "high": "0.655572",
            "low": "0.655501",
            "close": "0.655762"
        },
        {
            "time": "11.07.2021 15:25",
            "open": "0.655762",
            "high": "0.655762",
            "low": "0.655762",
            "close": "0.657704"
        },
        {
            "time": "11.07.2021 15:29",
            "open": "0.657704",
            "high": "0.657704",
            "low": "0.657704",
            "close": "0.659475"
        },
        {
            "time": "11.07.2021 15:31",
            "open": "0.659475",
            "high": "0.659576",
            "low": "0.659475",
            "close": "0.659443"
        },
        {
            "time": "11.07.2021 15:32",
            "open": "0.659443",
            "high": "0.659656",
            "low": "0.659013",
            "close": "0.659328"
        },
        {
            "time": "11.07.2021 15:33",
            "open": "0.659328",
            "high": "0.659328",
            "low": "0.659328",
            "close": "0.661069"
        },
        {
            "time": "11.07.2021 15:39",
            "open": "0.661069",
            "high": "0.661069",
            "low": "0.661069",
            "close": "0.662"
        },
        {
            "time": "11.07.2021 15:57",
            "open": "0.662",
            "high": "0.662",
            "low": "0.662",
            "close": "0.661745"
        },
        {
            "time": "11.07.2021 15:58",
            "open": "0.661745",
            "high": "0.662",
            "low": "0.661745",
            "close": "0.662821"
        },
        {
            "time": "11.07.2021 15:59",
            "open": "0.662821",
            "high": "0.662821",
            "low": "0.662821",
            "close": "0.66379"
        },
        {
            "time": "11.07.2021 16:00",
            "open": "0.66379",
            "high": "0.66379",
            "low": "0.663575",
            "close": "0.663575"
        },
        {
            "time": "11.07.2021 16:02",
            "open": "0.663575",
            "high": "0.663575",
            "low": "0.663575",
            "close": "0.663575"
        },
        {
            "time": "11.07.2021 16:03",
            "open": "0.663575",
            "high": "0.663575",
            "low": "0.663575",
            "close": "0.6619"
        },
        {
            "time": "11.07.2021 16:04",
            "open": "0.6619",
            "high": "0.6619",
            "low": "0.6619",
            "close": "0.662516"
        },
        {
            "time": "11.07.2021 16:05",
            "open": "0.662516",
            "high": "0.662527",
            "low": "0.661889",
            "close": "0.660773"
        },
        {
            "time": "11.07.2021 16:12",
            "open": "0.660773",
            "high": "0.661117",
            "low": "0.660773",
            "close": "0.660615"
        },
        {
            "time": "11.07.2021 16:17",
            "open": "0.660615",
            "high": "0.660744",
            "low": "0.660615",
            "close": "0.662473"
        },
        {
            "time": "11.07.2021 16:25",
            "open": "0.662473",
            "high": "0.662473",
            "low": "0.662473",
            "close": "0.662175"
        },
        {
            "time": "11.07.2021 16:26",
            "open": "0.662175",
            "high": "0.662176",
            "low": "0.662175",
            "close": "0.662625"
        },
        {
            "time": "11.07.2021 16:34",
            "open": "0.662625",
            "high": "0.662625",
            "low": "0.662625",
            "close": "0.663163"
        },
        {
            "time": "11.07.2021 16:39",
            "open": "0.663163",
            "high": "0.66335",
            "low": "0.663163",
            "close": "0.664199"
        },
        {
            "time": "11.07.2021 16:41",
            "open": "0.664199",
            "high": "0.664199",
            "low": "0.664199",
            "close": "0.664595"
        },
        {
            "time": "11.07.2021 16:43",
            "open": "0.664595",
            "high": "0.664595",
            "low": "0.664595",
            "close": "0.665505"
        },
        {
            "time": "11.07.2021 16:47",
            "open": "0.665505",
            "high": "0.665505",
            "low": "0.665505",
            "close": "0.664963"
        },
        {
            "time": "11.07.2021 16:51",
            "open": "0.664963",
            "high": "0.664963",
            "low": "0.664963",
            "close": "0.666056"
        },
        {
            "time": "11.07.2021 16:54",
            "open": "0.666056",
            "high": "0.666056",
            "low": "0.665843",
            "close": "0.666707"
        },
        {
            "time": "11.07.2021 16:58",
            "open": "0.666707",
            "high": "0.666707",
            "low": "0.666705",
            "close": "0.667272"
        },
        {
            "time": "11.07.2021 17:00",
            "open": "0.667272",
            "high": "0.667331",
            "low": "0.667272",
            "close": "0.667356"
        },
        {
            "time": "11.07.2021 17:01",
            "open": "0.667356",
            "high": "0.667356",
            "low": "0.667356",
            "close": "0.667356"
        },
        {
            "time": "11.07.2021 17:02",
            "open": "0.667356",
            "high": "0.667481",
            "low": "0.667356",
            "close": "0.66722"
        },
        {
            "time": "11.07.2021 17:03",
            "open": "0.66722",
            "high": "0.66722",
            "low": "0.66722",
            "close": "0.669381"
        },
        {
            "time": "11.07.2021 17:09",
            "open": "0.669381",
            "high": "0.670188",
            "low": "0.669381",
            "close": "0.669402"
        },
        {
            "time": "11.07.2021 17:10",
            "open": "0.669402",
            "high": "0.670256",
            "low": "0.669395",
            "close": "0.671455"
        },
        {
            "time": "11.07.2021 17:13",
            "open": "0.671455",
            "high": "0.671455",
            "low": "0.671455",
            "close": "0.670464"
        },
        {
            "time": "11.07.2021 17:15",
            "open": "0.670464",
            "high": "0.671425",
            "low": "0.670464",
            "close": "0.671858"
        },
        {
            "time": "11.07.2021 17:17",
            "open": "0.671858",
            "high": "0.671858",
            "low": "0.670601",
            "close": "0.669807"
        },
        {
            "time": "11.07.2021 17:21",
            "open": "0.669807",
            "high": "0.669807",
            "low": "0.669586",
            "close": "0.670025"
        },
        {
            "time": "11.07.2021 17:27",
            "open": "0.670025",
            "high": "0.670433",
            "low": "0.669951",
            "close": "0.670433"
        },
        {
            "time": "11.07.2021 17:28",
            "open": "0.670433",
            "high": "0.670433",
            "low": "0.670433",
            "close": "0.671373"
        },
        {
            "time": "11.07.2021 17:32",
            "open": "0.671373",
            "high": "0.671373",
            "low": "0.671373",
            "close": "0.670558"
        },
        {
            "time": "11.07.2021 17:35",
            "open": "0.670558",
            "high": "0.670677",
            "low": "0.670052",
            "close": "0.670767"
        },
        {
            "time": "11.07.2021 17:38",
            "open": "0.670767",
            "high": "0.67132",
            "low": "0.670767",
            "close": "0.670802"
        },
        {
            "time": "11.07.2021 17:53",
            "open": "0.670802",
            "high": "0.670802",
            "low": "0.670802",
            "close": "0.672677"
        },
        {
            "time": "11.07.2021 17:57",
            "open": "0.672677",
            "high": "0.672677",
            "low": "0.672596",
            "close": "0.672472"
        },
        {
            "time": "11.07.2021 17:58",
            "open": "0.672472",
            "high": "0.672472",
            "low": "0.672472",
            "close": "0.673538"
        },
        {
            "time": "11.07.2021 17:59",
            "open": "0.673538",
            "high": "0.673538",
            "low": "0.672975",
            "close": "0.673076"
        },
        {
            "time": "11.07.2021 18:01",
            "open": "0.673076",
            "high": "0.673076",
            "low": "0.673076",
            "close": "0.673076"
        },
        {
            "time": "11.07.2021 18:02",
            "open": "0.673076",
            "high": "0.67332",
            "low": "0.673076",
            "close": "0.67332"
        },
        {
            "time": "11.07.2021 18:03",
            "open": "0.67332",
            "high": "0.67332",
            "low": "0.67332",
            "close": "0.670025"
        },
        {
            "time": "11.07.2021 18:04",
            "open": "0.670025",
            "high": "0.670025",
            "low": "0.668768",
            "close": "0.668212"
        },
        {
            "time": "11.07.2021 18:05",
            "open": "0.668212",
            "high": "0.668212",
            "low": "0.667912",
            "close": "0.66888"
        },
        {
            "time": "11.07.2021 18:07",
            "open": "0.66888",
            "high": "0.669111",
            "low": "0.668879",
            "close": "0.670651"
        },
        {
            "time": "11.07.2021 18:09",
            "open": "0.670651",
            "high": "0.670651",
            "low": "0.670651",
            "close": "0.669745"
        },
        {
            "time": "11.07.2021 18:10",
            "open": "0.669745",
            "high": "0.669745",
            "low": "0.669745",
            "close": "0.668305"
        },
        {
            "time": "11.07.2021 18:13",
            "open": "0.668305",
            "high": "0.668448",
            "low": "0.668305",
            "close": "0.665843"
        },
        {
            "time": "11.07.2021 18:17",
            "open": "0.665843",
            "high": "0.665843",
            "low": "0.665843",
            "close": "0.665972"
        },
        {
            "time": "11.07.2021 18:21",
            "open": "0.665972",
            "high": "0.665972",
            "low": "0.665972",
            "close": "0.666204"
        },
        {
            "time": "11.07.2021 18:24",
            "open": "0.666204",
            "high": "0.666204",
            "low": "0.666204",
            "close": "0.665899"
        },
        {
            "time": "11.07.2021 18:25",
            "open": "0.665899",
            "high": "0.665899",
            "low": "0.665899",
            "close": "0.66901"
        },
        {
            "time": "11.07.2021 18:28",
            "open": "0.66901",
            "high": "0.66901",
            "low": "0.66901",
            "close": "0.668413"
        },
        {
            "time": "11.07.2021 18:30",
            "open": "0.668413",
            "high": "0.668413",
            "low": "0.668413",
            "close": "0.667357"
        },
        {
            "time": "11.07.2021 18:33",
            "open": "0.667357",
            "high": "0.667357",
            "low": "0.667357",
            "close": "0.669616"
        },
        {
            "time": "11.07.2021 18:35",
            "open": "0.669616",
            "high": "0.669616",
            "low": "0.669616",
            "close": "0.669243"
        },
        {
            "time": "11.07.2021 18:37",
            "open": "0.669243",
            "high": "0.669243",
            "low": "0.669243",
            "close": "0.663997"
        },
        {
            "time": "11.07.2021 18:39",
            "open": "0.663997",
            "high": "0.663997",
            "low": "0.663997",
            "close": "0.665613"
        },
        {
            "time": "11.07.2021 18:41",
            "open": "0.665613",
            "high": "0.665613",
            "low": "0.665613",
            "close": "0.666624"
        },
        {
            "time": "11.07.2021 18:42",
            "open": "0.666624",
            "high": "0.666624",
            "low": "0.666624",
            "close": "0.665979"
        },
        {
            "time": "11.07.2021 18:44",
            "open": "0.665979",
            "high": "0.665979",
            "low": "0.665979",
            "close": "0.666778"
        },
        {
            "time": "11.07.2021 18:45",
            "open": "0.666778",
            "high": "0.666778",
            "low": "0.665987",
            "close": "0.668876"
        },
        {
            "time": "11.07.2021 18:50",
            "open": "0.668876",
            "high": "0.668876",
            "low": "0.667315",
            "close": "0.668726"
        },
        {
            "time": "11.07.2021 18:53",
            "open": "0.668726",
            "high": "0.668726",
            "low": "0.668726",
            "close": "0.667151"
        },
        {
            "time": "11.07.2021 19:00",
            "open": "0.667151",
            "high": "0.667151",
            "low": "0.667127",
            "close": "0.666925"
        },
        {
            "time": "11.07.2021 19:04",
            "open": "0.666925",
            "high": "0.667127",
            "low": "0.666925",
            "close": "0.66706"
        },
        {
            "time": "11.07.2021 19:05",
            "open": "0.66706",
            "high": "0.66706",
            "low": "0.66706",
            "close": "0.668456"
        },
        {
            "time": "11.07.2021 19:08",
            "open": "0.668456",
            "high": "0.668456",
            "low": "0.668443",
            "close": "0.668515"
        },
        {
            "time": "11.07.2021 19:09",
            "open": "0.668515",
            "high": "0.668639",
            "low": "0.668515",
            "close": "0.667561"
        },
        {
            "time": "11.07.2021 19:10",
            "open": "0.667561",
            "high": "0.667561",
            "low": "0.667561",
            "close": "0.666575"
        },
        {
            "time": "11.07.2021 19:16",
            "open": "0.666575",
            "high": "0.666575",
            "low": "0.666575",
            "close": "0.667596"
        },
        {
            "time": "11.07.2021 19:28",
            "open": "0.667596",
            "high": "0.667596",
            "low": "0.667596",
            "close": "0.665134"
        },
        {
            "time": "11.07.2021 19:35",
            "open": "0.665134",
            "high": "0.665134",
            "low": "0.665134",
            "close": "0.665643"
        },
        {
            "time": "11.07.2021 19:38",
            "open": "0.665643",
            "high": "0.665643",
            "low": "0.665243",
            "close": "0.665918"
        },
        {
            "time": "11.07.2021 19:39",
            "open": "0.665918",
            "high": "0.665918",
            "low": "0.665918",
            "close": "0.665238"
        },
        {
            "time": "11.07.2021 19:40",
            "open": "0.665238",
            "high": "0.665238",
            "low": "0.665238",
            "close": "0.664833"
        },
        {
            "time": "11.07.2021 19:45",
            "open": "0.664833",
            "high": "0.664833",
            "low": "0.664833",
            "close": "0.665134"
        },
        {
            "time": "11.07.2021 19:50",
            "open": "0.665134",
            "high": "0.665134",
            "low": "0.665134",
            "close": "0.66351"
        },
        {
            "time": "11.07.2021 19:53",
            "open": "0.66351",
            "high": "0.66351",
            "low": "0.66351",
            "close": "0.663258"
        },
        {
            "time": "11.07.2021 20:00",
            "open": "0.663258",
            "high": "0.663258",
            "low": "0.663254",
            "close": "0.663612"
        },
        {
            "time": "11.07.2021 20:02",
            "open": "0.663612",
            "high": "0.663612",
            "low": "0.663612",
            "close": "0.662087"
        },
        {
            "time": "11.07.2021 20:12",
            "open": "0.662087",
            "high": "0.662087",
            "low": "0.662087",
            "close": "0.661407"
        },
        {
            "time": "11.07.2021 20:19",
            "open": "0.661407",
            "high": "0.661407",
            "low": "0.661407",
            "close": "0.661499"
        },
        {
            "time": "11.07.2021 20:29",
            "open": "0.661499",
            "high": "0.661499",
            "low": "0.661499",
            "close": "0.66173"
        },
        {
            "time": "11.07.2021 20:36",
            "open": "0.66173",
            "high": "0.661776",
            "low": "0.66173",
            "close": "0.661989"
        },
        {
            "time": "11.07.2021 20:39",
            "open": "0.661989",
            "high": "0.661989",
            "low": "0.661989",
            "close": "0.66177"
        },
        {
            "time": "11.07.2021 20:41",
            "open": "0.66177",
            "high": "0.66177",
            "low": "0.66177",
            "close": "0.660559"
        },
        {
            "time": "11.07.2021 20:59",
            "open": "0.660559",
            "high": "0.660559",
            "low": "0.660559",
            "close": "0.660685"
        },
        {
            "time": "11.07.2021 21:04",
            "open": "0.660685",
            "high": "0.661242",
            "low": "0.660685",
            "close": "0.660314"
        },
        {
            "time": "11.07.2021 21:06",
            "open": "0.660314",
            "high": "0.660735",
            "low": "0.660314",
            "close": "0.660232"
        },
        {
            "time": "11.07.2021 21:13",
            "open": "0.660232",
            "high": "0.660232",
            "low": "0.660232",
            "close": "0.660084"
        },
        {
            "time": "11.07.2021 21:15",
            "open": "0.660084",
            "high": "0.660084",
            "low": "0.660084",
            "close": "0.658668"
        },
        {
            "time": "11.07.2021 21:22",
            "open": "0.658668",
            "high": "0.658686",
            "low": "0.658005",
            "close": "0.658064"
        },
        {
            "time": "11.07.2021 21:31",
            "open": "0.658064",
            "high": "0.658064",
            "low": "0.658064",
            "close": "0.657548"
        },
        {
            "time": "11.07.2021 21:32",
            "open": "0.657548",
            "high": "0.657548",
            "low": "0.657548",
            "close": "0.658064"
        },
        {
            "time": "11.07.2021 21:34",
            "open": "0.658064",
            "high": "0.658064",
            "low": "0.658064",
            "close": "0.657941"
        },
        {
            "time": "11.07.2021 21:43",
            "open": "0.657941",
            "high": "0.657941",
            "low": "0.657941",
            "close": "0.657413"
        },
        {
            "time": "11.07.2021 21:44",
            "open": "0.657413",
            "high": "0.657413",
            "low": "0.657413",
            "close": "0.658764"
        },
        {
            "time": "11.07.2021 21:48",
            "open": "0.658764",
            "high": "0.658764",
            "low": "0.658764",
            "close": "0.658211"
        },
        {
            "time": "11.07.2021 21:49",
            "open": "0.658211",
            "high": "0.658211",
            "low": "0.658178",
            "close": "0.658066"
        },
        {
            "time": "11.07.2021 21:57",
            "open": "0.658066",
            "high": "0.658321",
            "low": "0.658066",
            "close": "0.657725"
        },
        {
            "time": "11.07.2021 21:59",
            "open": "0.657725",
            "high": "0.657725",
            "low": "0.657718",
            "close": "0.657861"
        },
        {
            "time": "11.07.2021 22:00",
            "open": "0.657861",
            "high": "0.657861",
            "low": "0.657861",
            "close": "0.661097"
        },
        {
            "time": "11.07.2021 22:07",
            "open": "0.661097",
            "high": "0.661097",
            "low": "0.660982",
            "close": "0.661093"
        },
        {
            "time": "11.07.2021 22:08",
            "open": "0.661093",
            "high": "0.661093",
            "low": "0.661093",
            "close": "0.661598"
        },
        {
            "time": "11.07.2021 22:11",
            "open": "0.661598",
            "high": "0.661598",
            "low": "0.661598",
            "close": "0.661374"
        },
        {
            "time": "11.07.2021 22:12",
            "open": "0.661374",
            "high": "0.661374",
            "low": "0.661374",
            "close": "0.660801"
        },
        {
            "time": "11.07.2021 22:13",
            "open": "0.660801",
            "high": "0.661052",
            "low": "0.660801",
            "close": "0.660909"
        },
        {
            "time": "11.07.2021 22:16",
            "open": "0.660909",
            "high": "0.660909",
            "low": "0.660909",
            "close": "0.661177"
        },
        {
            "time": "11.07.2021 22:20",
            "open": "0.661177",
            "high": "0.661177",
            "low": "0.660747",
            "close": "0.661068"
        },
        {
            "time": "11.07.2021 22:23",
            "open": "0.661068",
            "high": "0.661068",
            "low": "0.661068",
            "close": "0.659848"
        },
        {
            "time": "11.07.2021 22:24",
            "open": "0.659848",
            "high": "0.659848",
            "low": "0.659848",
            "close": "0.658707"
        },
        {
            "time": "11.07.2021 22:26",
            "open": "0.658707",
            "high": "0.658707",
            "low": "0.658706",
            "close": "0.657101"
        },
        {
            "time": "11.07.2021 22:33",
            "open": "0.657101",
            "high": "0.657525",
            "low": "0.657101",
            "close": "0.658594"
        },
        {
            "time": "11.07.2021 22:34",
            "open": "0.658594",
            "high": "0.658594",
            "low": "0.658594",
            "close": "0.65905"
        },
        {
            "time": "11.07.2021 22:41",
            "open": "0.65905",
            "high": "0.65905",
            "low": "0.65905",
            "close": "0.658837"
        },
        {
            "time": "11.07.2021 22:43",
            "open": "0.658837",
            "high": "0.659527",
            "low": "0.658837",
            "close": "0.660647"
        },
        {
            "time": "11.07.2021 22:49",
            "open": "0.660647",
            "high": "0.660647",
            "low": "0.66005",
            "close": "0.66005"
        },
        {
            "time": "11.07.2021 22:50",
            "open": "0.66005",
            "high": "0.66005",
            "low": "0.66005",
            "close": "0.659685"
        },
        {
            "time": "11.07.2021 22:53",
            "open": "0.659685",
            "high": "0.659685",
            "low": "0.659671",
            "close": "0.66114"
        },
        {
            "time": "11.07.2021 22:55",
            "open": "0.66114",
            "high": "0.66114",
            "low": "0.66114",
            "close": "0.659877"
        },
        {
            "time": "11.07.2021 22:57",
            "open": "0.659877",
            "high": "0.659877",
            "low": "0.659877",
            "close": "0.659332"
        },
        {
            "time": "11.07.2021 23:00",
            "open": "0.659332",
            "high": "0.659332",
            "low": "0.659332",
            "close": "0.658689"
        },
        {
            "time": "11.07.2021 23:01",
            "open": "0.658689",
            "high": "0.658689",
            "low": "0.658688",
            "close": "0.655"
        },
        {
            "time": "11.07.2021 23:05",
            "open": "0.655",
            "high": "0.655",
            "low": "0.655",
            "close": "0.654344"
        },
        {
            "time": "11.07.2021 23:06",
            "open": "0.654344",
            "high": "0.654344",
            "low": "0.654344",
            "close": "0.654241"
        },
        {
            "time": "11.07.2021 23:12",
            "open": "0.654241",
            "high": "0.654241",
            "low": "0.654241",
            "close": "0.659821"
        },
        {
            "time": "11.07.2021 23:23",
            "open": "0.659821",
            "high": "0.659821",
            "low": "0.659821",
            "close": "0.661346"
        },
        {
            "time": "11.07.2021 23:24",
            "open": "0.661346",
            "high": "0.661346",
            "low": "0.661346",
            "close": "0.662168"
        },
        {
            "time": "11.07.2021 23:25",
            "open": "0.662168",
            "high": "0.662168",
            "low": "0.662168",
            "close": "0.661418"
        },
        {
            "time": "11.07.2021 23:27",
            "open": "0.661418",
            "high": "0.661757",
            "low": "0.661418",
            "close": "0.661757"
        },
        {
            "time": "11.07.2021 23:32",
            "open": "0.661757",
            "high": "0.661757",
            "low": "0.661118",
            "close": "0.65966"
        },
        {
            "time": "11.07.2021 23:33",
            "open": "0.65966",
            "high": "0.66353",
            "low": "0.659269",
            "close": "0.663648"
        },
        {
            "time": "11.07.2021 23:34",
            "open": "0.663648",
            "high": "0.663648",
            "low": "0.663648",
            "close": "0.66454"
        },
        {
            "time": "11.07.2021 23:35",
            "open": "0.66454",
            "high": "0.66454",
            "low": "0.66454",
            "close": "0.665484"
        },
        {
            "time": "11.07.2021 23:36",
            "open": "0.665484",
            "high": "0.665484",
            "low": "0.665484",
            "close": "0.6656"
        },
        {
            "time": "11.07.2021 23:37",
            "open": "0.6656",
            "high": "0.6656",
            "low": "0.665509",
            "close": "0.666941"
        },
        {
            "time": "11.07.2021 23:40",
            "open": "0.666941",
            "high": "0.667009",
            "low": "0.666941",
            "close": "0.668327"
        },
        {
            "time": "11.07.2021 23:44",
            "open": "0.668327",
            "high": "0.668327",
            "low": "0.668327",
            "close": "0.668249"
        },
        {
            "time": "11.07.2021 23:46",
            "open": "0.668249",
            "high": "0.668249",
            "low": "0.667928",
            "close": "0.66892"
        },
        {
            "time": "11.07.2021 23:49",
            "open": "0.66892",
            "high": "0.66892",
            "low": "0.66892",
            "close": "0.669287"
        },
        {
            "time": "11.07.2021 23:50",
            "open": "0.669287",
            "high": "0.669287",
            "low": "0.669287",
            "close": "0.669744"
        },
        {
            "time": "11.07.2021 23:51",
            "open": "0.669744",
            "high": "0.669744",
            "low": "0.669283",
            "close": "0.668397"
        },
        {
            "time": "11.07.2021 23:55",
            "open": "0.668397",
            "high": "0.668397",
            "low": "0.668397",
            "close": "0.669387"
        }
    ]
}