{
    "ZRX-EUR": [
        {
            "time": "12.12.2020 23:56",
            "open": "0.327534",
            "high": "0.327534",
            "low": "0.327534",
            "close": "0.326664"
        },
        {
            "time": "13.12.2020 00:05",
            "open": "0.326664",
            "high": "0.326664",
            "low": "0.326664",
            "close": "0.325389"
        },
        {
            "time": "13.12.2020 00:10",
            "open": "0.325389",
            "high": "0.326138",
            "low": "0.325389",
            "close": "0.325466"
        },
        {
            "time": "13.12.2020 00:11",
            "open": "0.325466",
            "high": "0.325466",
            "low": "0.325466",
            "close": "0.326124"
        },
        {
            "time": "13.12.2020 00:15",
            "open": "0.326124",
            "high": "0.326124",
            "low": "0.326124",
            "close": "0.326134"
        },
        {
            "time": "13.12.2020 00:16",
            "open": "0.326134",
            "high": "0.326136",
            "low": "0.326134",
            "close": "0.325159"
        },
        {
            "time": "13.12.2020 00:29",
            "open": "0.325159",
            "high": "0.325159",
            "low": "0.325159",
            "close": "0.325496"
        },
        {
            "time": "13.12.2020 00:31",
            "open": "0.325496",
            "high": "0.325496",
            "low": "0.324345",
            "close": "0.324097"
        },
        {
            "time": "13.12.2020 00:32",
            "open": "0.324097",
            "high": "0.324097",
            "low": "0.324097",
            "close": "0.325199"
        },
        {
            "time": "13.12.2020 00:35",
            "open": "0.325199",
            "high": "0.325199",
            "low": "0.325199",
            "close": "0.325161"
        },
        {
            "time": "13.12.2020 00:38",
            "open": "0.325161",
            "high": "0.325161",
            "low": "0.325161",
            "close": "0.32516"
        },
        {
            "time": "13.12.2020 00:39",
            "open": "0.32516",
            "high": "0.32516",
            "low": "0.32516",
            "close": "0.324249"
        },
        {
            "time": "13.12.2020 00:45",
            "open": "0.324249",
            "high": "0.324249",
            "low": "0.324249",
            "close": "0.324051"
        },
        {
            "time": "13.12.2020 00:55",
            "open": "0.324051",
            "high": "0.324051",
            "low": "0.324051",
            "close": "0.324058"
        },
        {
            "time": "13.12.2020 00:56",
            "open": "0.324058",
            "high": "0.324058",
            "low": "0.323046",
            "close": "0.324556"
        },
        {
            "time": "13.12.2020 01:03",
            "open": "0.324556",
            "high": "0.324556",
            "low": "0.324556",
            "close": "0.324308"
        },
        {
            "time": "13.12.2020 01:08",
            "open": "0.324308",
            "high": "0.32431",
            "low": "0.324308",
            "close": "0.323593"
        },
        {
            "time": "13.12.2020 01:13",
            "open": "0.323593",
            "high": "0.323593",
            "low": "0.323593",
            "close": "0.322126"
        },
        {
            "time": "13.12.2020 01:15",
            "open": "0.322126",
            "high": "0.322843",
            "low": "0.322126",
            "close": "0.322923"
        },
        {
            "time": "13.12.2020 01:16",
            "open": "0.322923",
            "high": "0.322925",
            "low": "0.322923",
            "close": "0.324005"
        },
        {
            "time": "13.12.2020 01:25",
            "open": "0.324005",
            "high": "0.324005",
            "low": "0.324005",
            "close": "0.320812"
        },
        {
            "time": "13.12.2020 01:40",
            "open": "0.320812",
            "high": "0.320812",
            "low": "0.320124",
            "close": "0.320125"
        },
        {
            "time": "13.12.2020 01:41",
            "open": "0.320125",
            "high": "0.320372",
            "low": "0.318001",
            "close": "0.321"
        },
        {
            "time": "13.12.2020 01:54",
            "open": "0.321",
            "high": "0.321",
            "low": "0.321",
            "close": "0.321"
        },
        {
            "time": "13.12.2020 01:55",
            "open": "0.321",
            "high": "0.321304",
            "low": "0.321",
            "close": "0.320773"
        },
        {
            "time": "13.12.2020 01:58",
            "open": "0.320773",
            "high": "0.320773",
            "low": "0.320773",
            "close": "0.321488"
        },
        {
            "time": "13.12.2020 02:05",
            "open": "0.321488",
            "high": "0.321488",
            "low": "0.32117",
            "close": "0.32215"
        },
        {
            "time": "13.12.2020 02:06",
            "open": "0.32215",
            "high": "0.32215",
            "low": "0.32215",
            "close": "0.321516"
        },
        {
            "time": "13.12.2020 02:20",
            "open": "0.321516",
            "high": "0.321516",
            "low": "0.321516",
            "close": "0.320994"
        },
        {
            "time": "13.12.2020 02:41",
            "open": "0.320994",
            "high": "0.320994",
            "low": "0.320994",
            "close": "0.32194"
        },
        {
            "time": "13.12.2020 02:46",
            "open": "0.32194",
            "high": "0.32194",
            "low": "0.32194",
            "close": "0.321938"
        },
        {
            "time": "13.12.2020 02:51",
            "open": "0.321938",
            "high": "0.321938",
            "low": "0.321938",
            "close": "0.321937"
        },
        {
            "time": "13.12.2020 02:53",
            "open": "0.321937",
            "high": "0.321937",
            "low": "0.321937",
            "close": "0.321158"
        },
        {
            "time": "13.12.2020 02:54",
            "open": "0.321158",
            "high": "0.321158",
            "low": "0.321158",
            "close": "0.320951"
        },
        {
            "time": "13.12.2020 03:01",
            "open": "0.320951",
            "high": "0.320951",
            "low": "0.320951",
            "close": "0.320643"
        },
        {
            "time": "13.12.2020 03:10",
            "open": "0.320643",
            "high": "0.320643",
            "low": "0.320643",
            "close": "0.322369"
        },
        {
            "time": "13.12.2020 03:30",
            "open": "0.322369",
            "high": "0.322369",
            "low": "0.322369",
            "close": "0.321595"
        },
        {
            "time": "13.12.2020 03:37",
            "open": "0.321595",
            "high": "0.321595",
            "low": "0.321595",
            "close": "0.322065"
        },
        {
            "time": "13.12.2020 03:56",
            "open": "0.322065",
            "high": "0.322065",
            "low": "0.322065",
            "close": "0.321605"
        },
        {
            "time": "13.12.2020 03:58",
            "open": "0.321605",
            "high": "0.321605",
            "low": "0.321605",
            "close": "0.322502"
        },
        {
            "time": "13.12.2020 04:03",
            "open": "0.322502",
            "high": "0.322504",
            "low": "0.322502",
            "close": "0.322502"
        },
        {
            "time": "13.12.2020 04:14",
            "open": "0.322502",
            "high": "0.322502",
            "low": "0.322502",
            "close": "0.321894"
        },
        {
            "time": "13.12.2020 04:18",
            "open": "0.321894",
            "high": "0.321894",
            "low": "0.321894",
            "close": "0.321931"
        },
        {
            "time": "13.12.2020 04:25",
            "open": "0.321931",
            "high": "0.321931",
            "low": "0.321931",
            "close": "0.322723"
        },
        {
            "time": "13.12.2020 04:43",
            "open": "0.322723",
            "high": "0.322723",
            "low": "0.322723",
            "close": "0.321193"
        },
        {
            "time": "13.12.2020 04:46",
            "open": "0.321193",
            "high": "0.321193",
            "low": "0.321193",
            "close": "0.320401"
        },
        {
            "time": "13.12.2020 04:58",
            "open": "0.320401",
            "high": "0.320401",
            "low": "0.320401",
            "close": "0.319337"
        },
        {
            "time": "13.12.2020 05:00",
            "open": "0.319337",
            "high": "0.319337",
            "low": "0.319337",
            "close": "0.320646"
        },
        {
            "time": "13.12.2020 05:25",
            "open": "0.320646",
            "high": "0.320646",
            "low": "0.320646",
            "close": "0.320134"
        },
        {
            "time": "13.12.2020 05:29",
            "open": "0.320134",
            "high": "0.320134",
            "low": "0.320134",
            "close": "0.320634"
        },
        {
            "time": "13.12.2020 06:19",
            "open": "0.320634",
            "high": "0.320634",
            "low": "0.320634",
            "close": "0.321651"
        },
        {
            "time": "13.12.2020 06:25",
            "open": "0.321651",
            "high": "0.321653",
            "low": "0.321651",
            "close": "0.321653"
        },
        {
            "time": "13.12.2020 06:26",
            "open": "0.321653",
            "high": "0.321653",
            "low": "0.321652",
            "close": "0.321651"
        },
        {
            "time": "13.12.2020 06:27",
            "open": "0.321651",
            "high": "0.321651",
            "low": "0.321651",
            "close": "0.319521"
        },
        {
            "time": "13.12.2020 06:45",
            "open": "0.319521",
            "high": "0.319521",
            "low": "0.319519",
            "close": "0.320674"
        },
        {
            "time": "13.12.2020 07:04",
            "open": "0.320674",
            "high": "0.32088",
            "low": "0.320674",
            "close": "0.319995"
        },
        {
            "time": "13.12.2020 07:06",
            "open": "0.319995",
            "high": "0.319995",
            "low": "0.319995",
            "close": "0.320998"
        },
        {
            "time": "13.12.2020 07:12",
            "open": "0.320998",
            "high": "0.320998",
            "low": "0.320998",
            "close": "0.321061"
        },
        {
            "time": "13.12.2020 07:20",
            "open": "0.321061",
            "high": "0.321061",
            "low": "0.321061",
            "close": "0.320999"
        },
        {
            "time": "13.12.2020 07:40",
            "open": "0.320999",
            "high": "0.320999",
            "low": "0.320999",
            "close": "0.32099"
        },
        {
            "time": "13.12.2020 08:01",
            "open": "0.32099",
            "high": "0.32099",
            "low": "0.32099",
            "close": "0.32099"
        },
        {
            "time": "13.12.2020 08:02",
            "open": "0.32099",
            "high": "0.32099",
            "low": "0.32099",
            "close": "0.322939"
        },
        {
            "time": "13.12.2020 08:20",
            "open": "0.322939",
            "high": "0.322941",
            "low": "0.322939",
            "close": "0.32294"
        },
        {
            "time": "13.12.2020 08:22",
            "open": "0.32294",
            "high": "0.32294",
            "low": "0.32294",
            "close": "0.323715"
        },
        {
            "time": "13.12.2020 08:46",
            "open": "0.323715",
            "high": "0.323715",
            "low": "0.323715",
            "close": "0.32373"
        },
        {
            "time": "13.12.2020 08:50",
            "open": "0.32373",
            "high": "0.32373",
            "low": "0.32373",
            "close": "0.323315"
        },
        {
            "time": "13.12.2020 08:56",
            "open": "0.323315",
            "high": "0.323315",
            "low": "0.323315",
            "close": "0.323601"
        },
        {
            "time": "13.12.2020 08:59",
            "open": "0.323601",
            "high": "0.323601",
            "low": "0.323601",
            "close": "0.32501"
        },
        {
            "time": "13.12.2020 09:14",
            "open": "0.32501",
            "high": "0.32501",
            "low": "0.32501",
            "close": "0.326176"
        },
        {
            "time": "13.12.2020 09:18",
            "open": "0.326176",
            "high": "0.326176",
            "low": "0.326176",
            "close": "0.326177"
        },
        {
            "time": "13.12.2020 09:19",
            "open": "0.326177",
            "high": "0.32629",
            "low": "0.326177",
            "close": "0.326212"
        },
        {
            "time": "13.12.2020 09:20",
            "open": "0.326212",
            "high": "0.326212",
            "low": "0.326212",
            "close": "0.326441"
        },
        {
            "time": "13.12.2020 09:23",
            "open": "0.326441",
            "high": "0.326441",
            "low": "0.326441",
            "close": "0.322947"
        },
        {
            "time": "13.12.2020 09:29",
            "open": "0.322947",
            "high": "0.322947",
            "low": "0.322947",
            "close": "0.322941"
        },
        {
            "time": "13.12.2020 09:30",
            "open": "0.322941",
            "high": "0.322941",
            "low": "0.322941",
            "close": "0.320997"
        },
        {
            "time": "13.12.2020 09:31",
            "open": "0.320997",
            "high": "0.320997",
            "low": "0.320997",
            "close": "0.319927"
        },
        {
            "time": "13.12.2020 09:33",
            "open": "0.319927",
            "high": "0.319927",
            "low": "0.319927",
            "close": "0.319926"
        },
        {
            "time": "13.12.2020 09:34",
            "open": "0.319926",
            "high": "0.319927",
            "low": "0.319926",
            "close": "0.319928"
        },
        {
            "time": "13.12.2020 09:36",
            "open": "0.319928",
            "high": "0.319928",
            "low": "0.319928",
            "close": "0.319928"
        },
        {
            "time": "13.12.2020 09:41",
            "open": "0.319928",
            "high": "0.319928",
            "low": "0.319928",
            "close": "0.319928"
        },
        {
            "time": "13.12.2020 09:42",
            "open": "0.319928",
            "high": "0.320429",
            "low": "0.319928",
            "close": "0.320978"
        },
        {
            "time": "13.12.2020 09:46",
            "open": "0.320978",
            "high": "0.320978",
            "low": "0.320978",
            "close": "0.320097"
        },
        {
            "time": "13.12.2020 09:54",
            "open": "0.320097",
            "high": "0.320097",
            "low": "0.320097",
            "close": "0.32096"
        },
        {
            "time": "13.12.2020 09:55",
            "open": "0.32096",
            "high": "0.320962",
            "low": "0.32096",
            "close": "0.321024"
        },
        {
            "time": "13.12.2020 09:56",
            "open": "0.321024",
            "high": "0.321024",
            "low": "0.321024",
            "close": "0.320103"
        },
        {
            "time": "13.12.2020 10:09",
            "open": "0.320103",
            "high": "0.320103",
            "low": "0.320103",
            "close": "0.320103"
        },
        {
            "time": "13.12.2020 10:10",
            "open": "0.320103",
            "high": "0.320103",
            "low": "0.320103",
            "close": "0.320103"
        },
        {
            "time": "13.12.2020 10:12",
            "open": "0.320103",
            "high": "0.32111",
            "low": "0.320103",
            "close": "0.321284"
        },
        {
            "time": "13.12.2020 10:13",
            "open": "0.321284",
            "high": "0.321284",
            "low": "0.320278",
            "close": "0.321175"
        },
        {
            "time": "13.12.2020 10:14",
            "open": "0.321175",
            "high": "0.321175",
            "low": "0.321175",
            "close": "0.32136"
        },
        {
            "time": "13.12.2020 10:20",
            "open": "0.32136",
            "high": "0.32136",
            "low": "0.32136",
            "close": "0.321476"
        },
        {
            "time": "13.12.2020 10:27",
            "open": "0.321476",
            "high": "0.321476",
            "low": "0.321476",
            "close": "0.322019"
        },
        {
            "time": "13.12.2020 10:40",
            "open": "0.322019",
            "high": "0.322019",
            "low": "0.322019",
            "close": "0.322908"
        },
        {
            "time": "13.12.2020 10:43",
            "open": "0.322908",
            "high": "0.322908",
            "low": "0.322908",
            "close": "0.322907"
        },
        {
            "time": "13.12.2020 10:46",
            "open": "0.322907",
            "high": "0.322907",
            "low": "0.322907",
            "close": "0.322906"
        },
        {
            "time": "13.12.2020 10:47",
            "open": "0.322906",
            "high": "0.323959",
            "low": "0.322906",
            "close": "0.323209"
        },
        {
            "time": "13.12.2020 10:52",
            "open": "0.323209",
            "high": "0.323209",
            "low": "0.323209",
            "close": "0.3229"
        },
        {
            "time": "13.12.2020 10:54",
            "open": "0.3229",
            "high": "0.3229",
            "low": "0.3229",
            "close": "0.323403"
        },
        {
            "time": "13.12.2020 10:59",
            "open": "0.323403",
            "high": "0.323403",
            "low": "0.323403",
            "close": "0.323402"
        },
        {
            "time": "13.12.2020 11:03",
            "open": "0.323402",
            "high": "0.323402",
            "low": "0.323401",
            "close": "0.323016"
        },
        {
            "time": "13.12.2020 11:04",
            "open": "0.323016",
            "high": "0.323016",
            "low": "0.323016",
            "close": "0.32363"
        },
        {
            "time": "13.12.2020 11:07",
            "open": "0.32363",
            "high": "0.32363",
            "low": "0.32363",
            "close": "0.3236"
        },
        {
            "time": "13.12.2020 11:13",
            "open": "0.3236",
            "high": "0.3236",
            "low": "0.3236",
            "close": "0.3236"
        },
        {
            "time": "13.12.2020 11:14",
            "open": "0.3236",
            "high": "0.323602",
            "low": "0.3236",
            "close": "0.3236"
        },
        {
            "time": "13.12.2020 11:15",
            "open": "0.3236",
            "high": "0.3236",
            "low": "0.3236",
            "close": "0.323893"
        },
        {
            "time": "13.12.2020 11:16",
            "open": "0.323893",
            "high": "0.323894",
            "low": "0.323893",
            "close": "0.323611"
        },
        {
            "time": "13.12.2020 11:20",
            "open": "0.323611",
            "high": "0.323611",
            "low": "0.323611",
            "close": "0.322652"
        },
        {
            "time": "13.12.2020 11:26",
            "open": "0.322652",
            "high": "0.322652",
            "low": "0.322652",
            "close": "0.323699"
        },
        {
            "time": "13.12.2020 11:27",
            "open": "0.323699",
            "high": "0.323699",
            "low": "0.323699",
            "close": "0.324201"
        },
        {
            "time": "13.12.2020 11:34",
            "open": "0.324201",
            "high": "0.324201",
            "low": "0.324201",
            "close": "0.323765"
        },
        {
            "time": "13.12.2020 11:42",
            "open": "0.323765",
            "high": "0.323765",
            "low": "0.323765",
            "close": "0.323214"
        },
        {
            "time": "13.12.2020 11:49",
            "open": "0.323214",
            "high": "0.323535",
            "low": "0.322357",
            "close": "0.323846"
        },
        {
            "time": "13.12.2020 11:54",
            "open": "0.323846",
            "high": "0.323846",
            "low": "0.323846",
            "close": "0.322317"
        },
        {
            "time": "13.12.2020 12:02",
            "open": "0.322317",
            "high": "0.322317",
            "low": "0.322317",
            "close": "0.323604"
        },
        {
            "time": "13.12.2020 12:05",
            "open": "0.323604",
            "high": "0.323604",
            "low": "0.323604",
            "close": "0.321418"
        },
        {
            "time": "13.12.2020 12:16",
            "open": "0.321418",
            "high": "0.321418",
            "low": "0.321418",
            "close": "0.3228"
        },
        {
            "time": "13.12.2020 12:23",
            "open": "0.3228",
            "high": "0.3228",
            "low": "0.3228",
            "close": "0.32272"
        },
        {
            "time": "13.12.2020 12:28",
            "open": "0.32272",
            "high": "0.32272",
            "low": "0.32272",
            "close": "0.3227"
        },
        {
            "time": "13.12.2020 12:32",
            "open": "0.3227",
            "high": "0.3227",
            "low": "0.3227",
            "close": "0.32185"
        },
        {
            "time": "13.12.2020 12:35",
            "open": "0.32185",
            "high": "0.32185",
            "low": "0.32185",
            "close": "0.32177"
        },
        {
            "time": "13.12.2020 12:36",
            "open": "0.32177",
            "high": "0.32177",
            "low": "0.321769",
            "close": "0.322826"
        },
        {
            "time": "13.12.2020 12:37",
            "open": "0.322826",
            "high": "0.322826",
            "low": "0.322826",
            "close": "0.321811"
        },
        {
            "time": "13.12.2020 12:40",
            "open": "0.321811",
            "high": "0.321811",
            "low": "0.321811",
            "close": "0.32195"
        },
        {
            "time": "13.12.2020 12:42",
            "open": "0.32195",
            "high": "0.32195",
            "low": "0.32195",
            "close": "0.322233"
        },
        {
            "time": "13.12.2020 12:49",
            "open": "0.322233",
            "high": "0.322233",
            "low": "0.322233",
            "close": "0.322233"
        },
        {
            "time": "13.12.2020 12:52",
            "open": "0.322233",
            "high": "0.322233",
            "low": "0.322233",
            "close": "0.322488"
        },
        {
            "time": "13.12.2020 12:56",
            "open": "0.322488",
            "high": "0.322596",
            "low": "0.322488",
            "close": "0.323256"
        },
        {
            "time": "13.12.2020 13:02",
            "open": "0.323256",
            "high": "0.323256",
            "low": "0.323256",
            "close": "0.322233"
        },
        {
            "time": "13.12.2020 13:06",
            "open": "0.322233",
            "high": "0.322726",
            "low": "0.322233",
            "close": "0.322235"
        },
        {
            "time": "13.12.2020 13:07",
            "open": "0.322235",
            "high": "0.322235",
            "low": "0.322233",
            "close": "0.322233"
        },
        {
            "time": "13.12.2020 13:13",
            "open": "0.322233",
            "high": "0.322233",
            "low": "0.321961",
            "close": "0.321947"
        },
        {
            "time": "13.12.2020 13:18",
            "open": "0.321947",
            "high": "0.321947",
            "low": "0.321947",
            "close": "0.321957"
        },
        {
            "time": "13.12.2020 13:20",
            "open": "0.321957",
            "high": "0.321957",
            "low": "0.321957",
            "close": "0.321156"
        },
        {
            "time": "13.12.2020 13:29",
            "open": "0.321156",
            "high": "0.321156",
            "low": "0.321156",
            "close": "0.322283"
        },
        {
            "time": "13.12.2020 13:31",
            "open": "0.322283",
            "high": "0.322283",
            "low": "0.322283",
            "close": "0.32258"
        },
        {
            "time": "13.12.2020 13:45",
            "open": "0.32258",
            "high": "0.32258",
            "low": "0.32258",
            "close": "0.322509"
        },
        {
            "time": "13.12.2020 13:56",
            "open": "0.322509",
            "high": "0.322509",
            "low": "0.322509",
            "close": "0.324175"
        },
        {
            "time": "13.12.2020 14:00",
            "open": "0.324175",
            "high": "0.324175",
            "low": "0.324175",
            "close": "0.324188"
        },
        {
            "time": "13.12.2020 14:03",
            "open": "0.324188",
            "high": "0.324188",
            "low": "0.324188",
            "close": "0.325616"
        },
        {
            "time": "13.12.2020 14:04",
            "open": "0.325616",
            "high": "0.325616",
            "low": "0.325616",
            "close": "0.325941"
        },
        {
            "time": "13.12.2020 14:06",
            "open": "0.325941",
            "high": "0.325941",
            "low": "0.325941",
            "close": "0.325278"
        },
        {
            "time": "13.12.2020 14:07",
            "open": "0.325278",
            "high": "0.325278",
            "low": "0.325278",
            "close": "0.325622"
        },
        {
            "time": "13.12.2020 14:08",
            "open": "0.325622",
            "high": "0.325622",
            "low": "0.325604",
            "close": "0.3254"
        },
        {
            "time": "13.12.2020 14:10",
            "open": "0.3254",
            "high": "0.3254",
            "low": "0.325146",
            "close": "0.32512"
        },
        {
            "time": "13.12.2020 14:11",
            "open": "0.32512",
            "high": "0.32512",
            "low": "0.32512",
            "close": "0.32524"
        },
        {
            "time": "13.12.2020 14:12",
            "open": "0.32524",
            "high": "0.32524",
            "low": "0.32524",
            "close": "0.325307"
        },
        {
            "time": "13.12.2020 14:15",
            "open": "0.325307",
            "high": "0.325307",
            "low": "0.325307",
            "close": "0.32577"
        },
        {
            "time": "13.12.2020 14:16",
            "open": "0.32577",
            "high": "0.32577",
            "low": "0.32577",
            "close": "0.325381"
        },
        {
            "time": "13.12.2020 14:18",
            "open": "0.325381",
            "high": "0.325381",
            "low": "0.325381",
            "close": "0.325769"
        },
        {
            "time": "13.12.2020 14:22",
            "open": "0.325769",
            "high": "0.325769",
            "low": "0.325769",
            "close": "0.325147"
        },
        {
            "time": "13.12.2020 14:28",
            "open": "0.325147",
            "high": "0.325147",
            "low": "0.325147",
            "close": "0.325985"
        },
        {
            "time": "13.12.2020 14:30",
            "open": "0.325985",
            "high": "0.325985",
            "low": "0.325985",
            "close": "0.325727"
        },
        {
            "time": "13.12.2020 14:34",
            "open": "0.325727",
            "high": "0.326969",
            "low": "0.325727",
            "close": "0.327171"
        },
        {
            "time": "13.12.2020 14:36",
            "open": "0.327171",
            "high": "0.327171",
            "low": "0.327171",
            "close": "0.328832"
        },
        {
            "time": "13.12.2020 14:41",
            "open": "0.328832",
            "high": "0.328902",
            "low": "0.328832",
            "close": "0.329"
        },
        {
            "time": "13.12.2020 14:42",
            "open": "0.329",
            "high": "0.329",
            "low": "0.329",
            "close": "0.327747"
        },
        {
            "time": "13.12.2020 14:54",
            "open": "0.327747",
            "high": "0.327747",
            "low": "0.327746",
            "close": "0.327999"
        },
        {
            "time": "13.12.2020 14:55",
            "open": "0.327999",
            "high": "0.327999",
            "low": "0.327999",
            "close": "0.328"
        },
        {
            "time": "13.12.2020 14:58",
            "open": "0.328",
            "high": "0.328",
            "low": "0.328",
            "close": "0.328422"
        },
        {
            "time": "13.12.2020 14:59",
            "open": "0.328422",
            "high": "0.328422",
            "low": "0.328422",
            "close": "0.326388"
        },
        {
            "time": "13.12.2020 15:11",
            "open": "0.326388",
            "high": "0.327228",
            "low": "0.326388",
            "close": "0.32742"
        },
        {
            "time": "13.12.2020 15:12",
            "open": "0.32742",
            "high": "0.32742",
            "low": "0.32742",
            "close": "0.32694"
        },
        {
            "time": "13.12.2020 15:18",
            "open": "0.32694",
            "high": "0.32694",
            "low": "0.32694",
            "close": "0.326962"
        },
        {
            "time": "13.12.2020 15:19",
            "open": "0.326962",
            "high": "0.327731",
            "low": "0.326962",
            "close": "0.327612"
        },
        {
            "time": "13.12.2020 15:22",
            "open": "0.327612",
            "high": "0.327612",
            "low": "0.327612",
            "close": "0.325709"
        },
        {
            "time": "13.12.2020 15:33",
            "open": "0.325709",
            "high": "0.325709",
            "low": "0.325706",
            "close": "0.32551"
        },
        {
            "time": "13.12.2020 15:40",
            "open": "0.32551",
            "high": "0.32551",
            "low": "0.32551",
            "close": "0.325451"
        },
        {
            "time": "13.12.2020 15:42",
            "open": "0.325451",
            "high": "0.325451",
            "low": "0.325451",
            "close": "0.326256"
        },
        {
            "time": "13.12.2020 15:47",
            "open": "0.326256",
            "high": "0.326256",
            "low": "0.326256",
            "close": "0.329594"
        },
        {
            "time": "13.12.2020 15:57",
            "open": "0.329594",
            "high": "0.329594",
            "low": "0.329594",
            "close": "0.329593"
        },
        {
            "time": "13.12.2020 15:58",
            "open": "0.329593",
            "high": "0.3309",
            "low": "0.329593",
            "close": "0.3309"
        },
        {
            "time": "13.12.2020 15:59",
            "open": "0.3309",
            "high": "0.3315",
            "low": "0.3309",
            "close": "0.332"
        },
        {
            "time": "13.12.2020 16:00",
            "open": "0.332",
            "high": "0.33314",
            "low": "0.331973",
            "close": "0.331179"
        },
        {
            "time": "13.12.2020 16:10",
            "open": "0.331179",
            "high": "0.331179",
            "low": "0.331179",
            "close": "0.330416"
        },
        {
            "time": "13.12.2020 16:12",
            "open": "0.330416",
            "high": "0.330416",
            "low": "0.328882",
            "close": "0.328882"
        },
        {
            "time": "13.12.2020 16:13",
            "open": "0.328882",
            "high": "0.32902",
            "low": "0.328882",
            "close": "0.325451"
        },
        {
            "time": "13.12.2020 16:20",
            "open": "0.325451",
            "high": "0.325451",
            "low": "0.324864",
            "close": "0.324732"
        },
        {
            "time": "13.12.2020 16:31",
            "open": "0.324732",
            "high": "0.325015",
            "low": "0.324732",
            "close": "0.32443"
        },
        {
            "time": "13.12.2020 16:32",
            "open": "0.32443",
            "high": "0.32443",
            "low": "0.32443",
            "close": "0.323085"
        },
        {
            "time": "13.12.2020 16:33",
            "open": "0.323085",
            "high": "0.323085",
            "low": "0.323085",
            "close": "0.323981"
        },
        {
            "time": "13.12.2020 16:38",
            "open": "0.323981",
            "high": "0.324124",
            "low": "0.32381",
            "close": "0.323968"
        },
        {
            "time": "13.12.2020 16:39",
            "open": "0.323968",
            "high": "0.325029",
            "low": "0.32381",
            "close": "0.324827"
        },
        {
            "time": "13.12.2020 16:49",
            "open": "0.324827",
            "high": "0.324827",
            "low": "0.324827",
            "close": "0.324885"
        },
        {
            "time": "13.12.2020 16:50",
            "open": "0.324885",
            "high": "0.324885",
            "low": "0.324885",
            "close": "0.324502"
        },
        {
            "time": "13.12.2020 16:58",
            "open": "0.324502",
            "high": "0.324502",
            "low": "0.324502",
            "close": "0.325232"
        },
        {
            "time": "13.12.2020 16:59",
            "open": "0.325232",
            "high": "0.325232",
            "low": "0.325232",
            "close": "0.33"
        },
        {
            "time": "13.12.2020 17:16",
            "open": "0.33",
            "high": "0.33",
            "low": "0.33",
            "close": "0.329999"
        },
        {
            "time": "13.12.2020 17:17",
            "open": "0.329999",
            "high": "0.33",
            "low": "0.329999",
            "close": "0.329364"
        },
        {
            "time": "13.12.2020 17:19",
            "open": "0.329364",
            "high": "0.329364",
            "low": "0.329364",
            "close": "0.329405"
        },
        {
            "time": "13.12.2020 17:20",
            "open": "0.329405",
            "high": "0.329405",
            "low": "0.329405",
            "close": "0.329169"
        },
        {
            "time": "13.12.2020 17:21",
            "open": "0.329169",
            "high": "0.329169",
            "low": "0.329169",
            "close": "0.329955"
        },
        {
            "time": "13.12.2020 17:23",
            "open": "0.329955",
            "high": "0.33",
            "low": "0.329955",
            "close": "0.329156"
        },
        {
            "time": "13.12.2020 17:27",
            "open": "0.329156",
            "high": "0.329156",
            "low": "0.329156",
            "close": "0.329998"
        },
        {
            "time": "13.12.2020 17:31",
            "open": "0.329998",
            "high": "0.329998",
            "low": "0.329998",
            "close": "0.3299"
        },
        {
            "time": "13.12.2020 17:32",
            "open": "0.3299",
            "high": "0.329998",
            "low": "0.3299",
            "close": "0.330865"
        },
        {
            "time": "13.12.2020 17:34",
            "open": "0.330865",
            "high": "0.330865",
            "low": "0.330865",
            "close": "0.330186"
        },
        {
            "time": "13.12.2020 17:35",
            "open": "0.330186",
            "high": "0.330186",
            "low": "0.330186",
            "close": "0.331014"
        },
        {
            "time": "13.12.2020 17:36",
            "open": "0.331014",
            "high": "0.331179",
            "low": "0.331014",
            "close": "0.331711"
        },
        {
            "time": "13.12.2020 17:41",
            "open": "0.331711",
            "high": "0.331713",
            "low": "0.331711",
            "close": "0.332047"
        },
        {
            "time": "13.12.2020 17:42",
            "open": "0.332047",
            "high": "0.332047",
            "low": "0.332047",
            "close": "0.332056"
        },
        {
            "time": "13.12.2020 17:45",
            "open": "0.332056",
            "high": "0.332056",
            "low": "0.332056",
            "close": "0.332714"
        },
        {
            "time": "13.12.2020 17:46",
            "open": "0.332714",
            "high": "0.332714",
            "low": "0.332714",
            "close": "0.332129"
        },
        {
            "time": "13.12.2020 17:49",
            "open": "0.332129",
            "high": "0.332364",
            "low": "0.332129",
            "close": "0.331914"
        },
        {
            "time": "13.12.2020 17:53",
            "open": "0.331914",
            "high": "0.331914",
            "low": "0.331914",
            "close": "0.331169"
        },
        {
            "time": "13.12.2020 17:57",
            "open": "0.331169",
            "high": "0.331169",
            "low": "0.331169",
            "close": "0.331644"
        },
        {
            "time": "13.12.2020 18:04",
            "open": "0.331644",
            "high": "0.331644",
            "low": "0.331644",
            "close": "0.3299"
        },
        {
            "time": "13.12.2020 18:09",
            "open": "0.3299",
            "high": "0.3299",
            "low": "0.3299",
            "close": "0.330273"
        },
        {
            "time": "13.12.2020 18:11",
            "open": "0.330273",
            "high": "0.330273",
            "low": "0.330271",
            "close": "0.330582"
        },
        {
            "time": "13.12.2020 18:12",
            "open": "0.330582",
            "high": "0.330582",
            "low": "0.330582",
            "close": "0.330582"
        },
        {
            "time": "13.12.2020 18:15",
            "open": "0.330582",
            "high": "0.330582",
            "low": "0.330582",
            "close": "0.331092"
        },
        {
            "time": "13.12.2020 18:16",
            "open": "0.331092",
            "high": "0.331092",
            "low": "0.331092",
            "close": "0.3299"
        },
        {
            "time": "13.12.2020 18:18",
            "open": "0.3299",
            "high": "0.331032",
            "low": "0.329677",
            "close": "0.329584"
        },
        {
            "time": "13.12.2020 18:21",
            "open": "0.329584",
            "high": "0.329584",
            "low": "0.329584",
            "close": "0.330687"
        },
        {
            "time": "13.12.2020 18:24",
            "open": "0.330687",
            "high": "0.330687",
            "low": "0.330687",
            "close": "0.330585"
        },
        {
            "time": "13.12.2020 18:26",
            "open": "0.330585",
            "high": "0.330585",
            "low": "0.330585",
            "close": "0.330421"
        },
        {
            "time": "13.12.2020 18:27",
            "open": "0.330421",
            "high": "0.330421",
            "low": "0.329102",
            "close": "0.329102"
        },
        {
            "time": "13.12.2020 18:30",
            "open": "0.329102",
            "high": "0.329102",
            "low": "0.328921",
            "close": "0.328937"
        },
        {
            "time": "13.12.2020 18:31",
            "open": "0.328937",
            "high": "0.328937",
            "low": "0.328937",
            "close": "0.329953"
        },
        {
            "time": "13.12.2020 18:33",
            "open": "0.329953",
            "high": "0.329953",
            "low": "0.329953",
            "close": "0.329977"
        },
        {
            "time": "13.12.2020 18:36",
            "open": "0.329977",
            "high": "0.32998",
            "low": "0.329977",
            "close": "0.328902"
        },
        {
            "time": "13.12.2020 18:39",
            "open": "0.328902",
            "high": "0.328902",
            "low": "0.328902",
            "close": "0.329971"
        },
        {
            "time": "13.12.2020 18:46",
            "open": "0.329971",
            "high": "0.329971",
            "low": "0.329971",
            "close": "0.328519"
        },
        {
            "time": "13.12.2020 18:50",
            "open": "0.328519",
            "high": "0.328519",
            "low": "0.328519",
            "close": "0.329551"
        },
        {
            "time": "13.12.2020 18:53",
            "open": "0.329551",
            "high": "0.329551",
            "low": "0.329551",
            "close": "0.329551"
        },
        {
            "time": "13.12.2020 18:54",
            "open": "0.329551",
            "high": "0.329551",
            "low": "0.329551",
            "close": "0.329914"
        },
        {
            "time": "13.12.2020 18:55",
            "open": "0.329914",
            "high": "0.329914",
            "low": "0.329914",
            "close": "0.328853"
        },
        {
            "time": "13.12.2020 19:08",
            "open": "0.328853",
            "high": "0.328853",
            "low": "0.328853",
            "close": "0.328728"
        },
        {
            "time": "13.12.2020 19:09",
            "open": "0.328728",
            "high": "0.328728",
            "low": "0.328728",
            "close": "0.328627"
        },
        {
            "time": "13.12.2020 19:10",
            "open": "0.328627",
            "high": "0.328627",
            "low": "0.328626",
            "close": "0.328697"
        },
        {
            "time": "13.12.2020 19:11",
            "open": "0.328697",
            "high": "0.328697",
            "low": "0.327575",
            "close": "0.327314"
        },
        {
            "time": "13.12.2020 19:13",
            "open": "0.327314",
            "high": "0.327314",
            "low": "0.327314",
            "close": "0.32699"
        },
        {
            "time": "13.12.2020 19:14",
            "open": "0.32699",
            "high": "0.32699",
            "low": "0.32699",
            "close": "0.326967"
        },
        {
            "time": "13.12.2020 19:16",
            "open": "0.326967",
            "high": "0.326967",
            "low": "0.326967",
            "close": "0.326856"
        },
        {
            "time": "13.12.2020 19:19",
            "open": "0.326856",
            "high": "0.326856",
            "low": "0.326856",
            "close": "0.326823"
        },
        {
            "time": "13.12.2020 19:20",
            "open": "0.326823",
            "high": "0.326823",
            "low": "0.326823",
            "close": "0.326525"
        },
        {
            "time": "13.12.2020 19:22",
            "open": "0.326525",
            "high": "0.326525",
            "low": "0.326488",
            "close": "0.327207"
        },
        {
            "time": "13.12.2020 19:27",
            "open": "0.327207",
            "high": "0.327207",
            "low": "0.327207",
            "close": "0.328365"
        },
        {
            "time": "13.12.2020 19:28",
            "open": "0.328365",
            "high": "0.328365",
            "low": "0.328365",
            "close": "0.328395"
        },
        {
            "time": "13.12.2020 19:40",
            "open": "0.328395",
            "high": "0.328395",
            "low": "0.328395",
            "close": "0.328153"
        },
        {
            "time": "13.12.2020 19:43",
            "open": "0.328153",
            "high": "0.328153",
            "low": "0.328153",
            "close": "0.328002"
        },
        {
            "time": "13.12.2020 19:45",
            "open": "0.328002",
            "high": "0.328002",
            "low": "0.326819",
            "close": "0.327988"
        },
        {
            "time": "13.12.2020 19:50",
            "open": "0.327988",
            "high": "0.327988",
            "low": "0.327988",
            "close": "0.327294"
        },
        {
            "time": "13.12.2020 19:51",
            "open": "0.327294",
            "high": "0.327294",
            "low": "0.327294",
            "close": "0.327132"
        },
        {
            "time": "13.12.2020 19:55",
            "open": "0.327132",
            "high": "0.327132",
            "low": "0.327132",
            "close": "0.32799"
        },
        {
            "time": "13.12.2020 20:05",
            "open": "0.32799",
            "high": "0.32799",
            "low": "0.32799",
            "close": "0.32799"
        },
        {
            "time": "13.12.2020 20:09",
            "open": "0.32799",
            "high": "0.32799",
            "low": "0.32799",
            "close": "0.32799"
        },
        {
            "time": "13.12.2020 20:11",
            "open": "0.32799",
            "high": "0.32799",
            "low": "0.32799",
            "close": "0.327648"
        },
        {
            "time": "13.12.2020 20:12",
            "open": "0.327648",
            "high": "0.327648",
            "low": "0.327251",
            "close": "0.328834"
        },
        {
            "time": "13.12.2020 20:18",
            "open": "0.328834",
            "high": "0.328836",
            "low": "0.328834",
            "close": "0.329485"
        },
        {
            "time": "13.12.2020 20:27",
            "open": "0.329485",
            "high": "0.329485",
            "low": "0.329485",
            "close": "0.328665"
        },
        {
            "time": "13.12.2020 20:30",
            "open": "0.328665",
            "high": "0.328665",
            "low": "0.328665",
            "close": "0.329166"
        },
        {
            "time": "13.12.2020 20:41",
            "open": "0.329166",
            "high": "0.329166",
            "low": "0.329166",
            "close": "0.329425"
        },
        {
            "time": "13.12.2020 20:50",
            "open": "0.329425",
            "high": "0.329425",
            "low": "0.329425",
            "close": "0.328665"
        },
        {
            "time": "13.12.2020 20:53",
            "open": "0.328665",
            "high": "0.328665",
            "low": "0.328665",
            "close": "0.328312"
        },
        {
            "time": "13.12.2020 20:57",
            "open": "0.328312",
            "high": "0.328312",
            "low": "0.328312",
            "close": "0.32655"
        },
        {
            "time": "13.12.2020 21:13",
            "open": "0.32655",
            "high": "0.32655",
            "low": "0.32655",
            "close": "0.32655"
        },
        {
            "time": "13.12.2020 21:14",
            "open": "0.32655",
            "high": "0.32655",
            "low": "0.32655",
            "close": "0.326355"
        },
        {
            "time": "13.12.2020 21:22",
            "open": "0.326355",
            "high": "0.326355",
            "low": "0.326355",
            "close": "0.325"
        },
        {
            "time": "13.12.2020 21:32",
            "open": "0.325",
            "high": "0.325",
            "low": "0.324568",
            "close": "0.325"
        },
        {
            "time": "13.12.2020 21:34",
            "open": "0.325",
            "high": "0.325",
            "low": "0.325",
            "close": "0.325"
        },
        {
            "time": "13.12.2020 21:35",
            "open": "0.325",
            "high": "0.325",
            "low": "0.325",
            "close": "0.326177"
        },
        {
            "time": "13.12.2020 21:37",
            "open": "0.326177",
            "high": "0.326179",
            "low": "0.326177",
            "close": "0.324999"
        },
        {
            "time": "13.12.2020 21:44",
            "open": "0.324999",
            "high": "0.324999",
            "low": "0.324999",
            "close": "0.325699"
        },
        {
            "time": "13.12.2020 21:50",
            "open": "0.325699",
            "high": "0.325699",
            "low": "0.325699",
            "close": "0.325836"
        },
        {
            "time": "13.12.2020 21:56",
            "open": "0.325836",
            "high": "0.325836",
            "low": "0.325836",
            "close": "0.325001"
        },
        {
            "time": "13.12.2020 22:00",
            "open": "0.325001",
            "high": "0.325001",
            "low": "0.325001",
            "close": "0.325562"
        },
        {
            "time": "13.12.2020 22:02",
            "open": "0.325562",
            "high": "0.325562",
            "low": "0.325562",
            "close": "0.325041"
        },
        {
            "time": "13.12.2020 22:05",
            "open": "0.325041",
            "high": "0.325041",
            "low": "0.325001",
            "close": "0.326012"
        },
        {
            "time": "13.12.2020 22:06",
            "open": "0.326012",
            "high": "0.326012",
            "low": "0.326012",
            "close": "0.325941"
        },
        {
            "time": "13.12.2020 22:10",
            "open": "0.325941",
            "high": "0.325941",
            "low": "0.325941",
            "close": "0.326012"
        },
        {
            "time": "13.12.2020 22:11",
            "open": "0.326012",
            "high": "0.326012",
            "low": "0.326012",
            "close": "0.325758"
        },
        {
            "time": "13.12.2020 22:15",
            "open": "0.325758",
            "high": "0.325758",
            "low": "0.325756",
            "close": "0.326507"
        },
        {
            "time": "13.12.2020 22:17",
            "open": "0.326507",
            "high": "0.326507",
            "low": "0.326507",
            "close": "0.326507"
        },
        {
            "time": "13.12.2020 22:26",
            "open": "0.326507",
            "high": "0.326509",
            "low": "0.325689",
            "close": "0.326241"
        },
        {
            "time": "13.12.2020 22:43",
            "open": "0.326241",
            "high": "0.326241",
            "low": "0.326241",
            "close": "0.326998"
        },
        {
            "time": "13.12.2020 22:52",
            "open": "0.326998",
            "high": "0.326998",
            "low": "0.326998",
            "close": "0.326998"
        },
        {
            "time": "13.12.2020 22:58",
            "open": "0.326998",
            "high": "0.326998",
            "low": "0.326998",
            "close": "0.327"
        },
        {
            "time": "13.12.2020 23:00",
            "open": "0.327",
            "high": "0.327",
            "low": "0.327",
            "close": "0.327"
        },
        {
            "time": "13.12.2020 23:04",
            "open": "0.327",
            "high": "0.327",
            "low": "0.32643",
            "close": "0.326996"
        },
        {
            "time": "13.12.2020 23:09",
            "open": "0.326996",
            "high": "0.326996",
            "low": "0.326996",
            "close": "0.32643"
        },
        {
            "time": "13.12.2020 23:16",
            "open": "0.32643",
            "high": "0.32643",
            "low": "0.32643",
            "close": "0.325002"
        },
        {
            "time": "13.12.2020 23:17",
            "open": "0.325002",
            "high": "0.325002",
            "low": "0.325",
            "close": "0.323"
        },
        {
            "time": "13.12.2020 23:25",
            "open": "0.323",
            "high": "0.323",
            "low": "0.322475",
            "close": "0.324169"
        }
    ]
}