{
    "ALGO-EUR": [
        {
            "time": "05.12.2020 23:53",
            "open": "0.2799",
            "high": "0.2799",
            "low": "0.2799",
            "close": "0.2811"
        },
        {
            "time": "06.12.2020 00:06",
            "open": "0.2811",
            "high": "0.2811",
            "low": "0.2811",
            "close": "0.2818"
        },
        {
            "time": "06.12.2020 00:07",
            "open": "0.2818",
            "high": "0.2818",
            "low": "0.2818",
            "close": "0.2817"
        },
        {
            "time": "06.12.2020 00:09",
            "open": "0.2817",
            "high": "0.2817",
            "low": "0.2817",
            "close": "0.2833"
        },
        {
            "time": "06.12.2020 00:10",
            "open": "0.2833",
            "high": "0.2834",
            "low": "0.2833",
            "close": "0.285"
        },
        {
            "time": "06.12.2020 00:11",
            "open": "0.285",
            "high": "0.285",
            "low": "0.285",
            "close": "0.2846"
        },
        {
            "time": "06.12.2020 00:12",
            "open": "0.2846",
            "high": "0.2846",
            "low": "0.2822",
            "close": "0.2835"
        },
        {
            "time": "06.12.2020 00:13",
            "open": "0.2835",
            "high": "0.2837",
            "low": "0.2835",
            "close": "0.2823"
        },
        {
            "time": "06.12.2020 00:14",
            "open": "0.2823",
            "high": "0.2823",
            "low": "0.2823",
            "close": "0.2825"
        },
        {
            "time": "06.12.2020 00:15",
            "open": "0.2825",
            "high": "0.2835",
            "low": "0.2824",
            "close": "0.2831"
        },
        {
            "time": "06.12.2020 00:17",
            "open": "0.2831",
            "high": "0.2831",
            "low": "0.2831",
            "close": "0.2833"
        },
        {
            "time": "06.12.2020 00:20",
            "open": "0.2833",
            "high": "0.2833",
            "low": "0.2833",
            "close": "0.2825"
        },
        {
            "time": "06.12.2020 00:22",
            "open": "0.2825",
            "high": "0.2825",
            "low": "0.2825",
            "close": "0.2837"
        },
        {
            "time": "06.12.2020 00:28",
            "open": "0.2837",
            "high": "0.2838",
            "low": "0.2837",
            "close": "0.2836"
        },
        {
            "time": "06.12.2020 00:29",
            "open": "0.2836",
            "high": "0.2836",
            "low": "0.2836",
            "close": "0.2829"
        },
        {
            "time": "06.12.2020 00:30",
            "open": "0.2829",
            "high": "0.2829",
            "low": "0.282",
            "close": "0.2827"
        },
        {
            "time": "06.12.2020 00:31",
            "open": "0.2827",
            "high": "0.2828",
            "low": "0.2827",
            "close": "0.2825"
        },
        {
            "time": "06.12.2020 00:35",
            "open": "0.2825",
            "high": "0.2825",
            "low": "0.2825",
            "close": "0.282"
        },
        {
            "time": "06.12.2020 00:36",
            "open": "0.282",
            "high": "0.282",
            "low": "0.282",
            "close": "0.2831"
        },
        {
            "time": "06.12.2020 00:42",
            "open": "0.2831",
            "high": "0.2832",
            "low": "0.2831",
            "close": "0.2842"
        },
        {
            "time": "06.12.2020 00:45",
            "open": "0.2842",
            "high": "0.2842",
            "low": "0.2842",
            "close": "0.285"
        },
        {
            "time": "06.12.2020 00:53",
            "open": "0.285",
            "high": "0.285",
            "low": "0.285",
            "close": "0.2844"
        },
        {
            "time": "06.12.2020 00:54",
            "open": "0.2844",
            "high": "0.2844",
            "low": "0.2844",
            "close": "0.2845"
        },
        {
            "time": "06.12.2020 00:57",
            "open": "0.2845",
            "high": "0.2846",
            "low": "0.2845",
            "close": "0.2844"
        },
        {
            "time": "06.12.2020 00:59",
            "open": "0.2844",
            "high": "0.2844",
            "low": "0.2844",
            "close": "0.284"
        },
        {
            "time": "06.12.2020 01:00",
            "open": "0.284",
            "high": "0.284",
            "low": "0.284",
            "close": "0.2839"
        },
        {
            "time": "06.12.2020 01:01",
            "open": "0.2839",
            "high": "0.2839",
            "low": "0.2834",
            "close": "0.285"
        },
        {
            "time": "06.12.2020 01:03",
            "open": "0.285",
            "high": "0.285",
            "low": "0.285",
            "close": "0.2834"
        },
        {
            "time": "06.12.2020 01:05",
            "open": "0.2834",
            "high": "0.2834",
            "low": "0.2834",
            "close": "0.2845"
        },
        {
            "time": "06.12.2020 01:11",
            "open": "0.2845",
            "high": "0.2845",
            "low": "0.2845",
            "close": "0.2853"
        },
        {
            "time": "06.12.2020 01:19",
            "open": "0.2853",
            "high": "0.2853",
            "low": "0.2853",
            "close": "0.2848"
        },
        {
            "time": "06.12.2020 01:27",
            "open": "0.2848",
            "high": "0.2848",
            "low": "0.2847",
            "close": "0.286"
        },
        {
            "time": "06.12.2020 01:33",
            "open": "0.286",
            "high": "0.286",
            "low": "0.286",
            "close": "0.2865"
        },
        {
            "time": "06.12.2020 01:34",
            "open": "0.2865",
            "high": "0.2865",
            "low": "0.2865",
            "close": "0.2877"
        },
        {
            "time": "06.12.2020 01:35",
            "open": "0.2877",
            "high": "0.2881",
            "low": "0.2877",
            "close": "0.2871"
        },
        {
            "time": "06.12.2020 01:38",
            "open": "0.2871",
            "high": "0.2871",
            "low": "0.2864",
            "close": "0.2864"
        },
        {
            "time": "06.12.2020 01:39",
            "open": "0.2864",
            "high": "0.2864",
            "low": "0.2864",
            "close": "0.2844"
        },
        {
            "time": "06.12.2020 01:44",
            "open": "0.2844",
            "high": "0.2847",
            "low": "0.2844",
            "close": "0.2849"
        },
        {
            "time": "06.12.2020 01:46",
            "open": "0.2849",
            "high": "0.2849",
            "low": "0.2849",
            "close": "0.2842"
        },
        {
            "time": "06.12.2020 01:49",
            "open": "0.2842",
            "high": "0.2843",
            "low": "0.2842",
            "close": "0.2856"
        },
        {
            "time": "06.12.2020 01:50",
            "open": "0.2856",
            "high": "0.2857",
            "low": "0.2854",
            "close": "0.2846"
        },
        {
            "time": "06.12.2020 01:53",
            "open": "0.2846",
            "high": "0.2846",
            "low": "0.2846",
            "close": "0.2844"
        },
        {
            "time": "06.12.2020 01:54",
            "open": "0.2844",
            "high": "0.2844",
            "low": "0.2844",
            "close": "0.286"
        },
        {
            "time": "06.12.2020 01:59",
            "open": "0.286",
            "high": "0.286",
            "low": "0.286",
            "close": "0.2841"
        },
        {
            "time": "06.12.2020 02:00",
            "open": "0.2841",
            "high": "0.2845",
            "low": "0.2841",
            "close": "0.2845"
        },
        {
            "time": "06.12.2020 02:01",
            "open": "0.2845",
            "high": "0.2845",
            "low": "0.284",
            "close": "0.284"
        },
        {
            "time": "06.12.2020 02:02",
            "open": "0.284",
            "high": "0.284",
            "low": "0.284",
            "close": "0.2837"
        },
        {
            "time": "06.12.2020 02:03",
            "open": "0.2837",
            "high": "0.2837",
            "low": "0.2837",
            "close": "0.2835"
        },
        {
            "time": "06.12.2020 02:04",
            "open": "0.2835",
            "high": "0.2837",
            "low": "0.2835",
            "close": "0.2844"
        },
        {
            "time": "06.12.2020 02:10",
            "open": "0.2844",
            "high": "0.2844",
            "low": "0.2844",
            "close": "0.2844"
        },
        {
            "time": "06.12.2020 02:13",
            "open": "0.2844",
            "high": "0.2847",
            "low": "0.2844",
            "close": "0.2839"
        },
        {
            "time": "06.12.2020 02:14",
            "open": "0.2839",
            "high": "0.2839",
            "low": "0.2836",
            "close": "0.2843"
        },
        {
            "time": "06.12.2020 02:16",
            "open": "0.2843",
            "high": "0.2843",
            "low": "0.2843",
            "close": "0.285"
        },
        {
            "time": "06.12.2020 02:17",
            "open": "0.285",
            "high": "0.2851",
            "low": "0.285",
            "close": "0.2826"
        },
        {
            "time": "06.12.2020 02:22",
            "open": "0.2826",
            "high": "0.2826",
            "low": "0.2826",
            "close": "0.2829"
        },
        {
            "time": "06.12.2020 02:33",
            "open": "0.2829",
            "high": "0.2829",
            "low": "0.2826",
            "close": "0.283"
        },
        {
            "time": "06.12.2020 02:35",
            "open": "0.283",
            "high": "0.283",
            "low": "0.283",
            "close": "0.2832"
        },
        {
            "time": "06.12.2020 02:37",
            "open": "0.2832",
            "high": "0.2834",
            "low": "0.2826",
            "close": "0.283"
        },
        {
            "time": "06.12.2020 02:46",
            "open": "0.283",
            "high": "0.283",
            "low": "0.283",
            "close": "0.2826"
        },
        {
            "time": "06.12.2020 02:51",
            "open": "0.2826",
            "high": "0.2826",
            "low": "0.2826",
            "close": "0.2827"
        },
        {
            "time": "06.12.2020 02:53",
            "open": "0.2827",
            "high": "0.2827",
            "low": "0.2827",
            "close": "0.2826"
        },
        {
            "time": "06.12.2020 02:55",
            "open": "0.2826",
            "high": "0.2826",
            "low": "0.2826",
            "close": "0.282"
        },
        {
            "time": "06.12.2020 02:56",
            "open": "0.282",
            "high": "0.282",
            "low": "0.282",
            "close": "0.2821"
        },
        {
            "time": "06.12.2020 03:07",
            "open": "0.2821",
            "high": "0.2821",
            "low": "0.2821",
            "close": "0.2808"
        },
        {
            "time": "06.12.2020 03:12",
            "open": "0.2808",
            "high": "0.2808",
            "low": "0.2808",
            "close": "0.2809"
        },
        {
            "time": "06.12.2020 03:14",
            "open": "0.2809",
            "high": "0.2809",
            "low": "0.2809",
            "close": "0.2804"
        },
        {
            "time": "06.12.2020 03:37",
            "open": "0.2804",
            "high": "0.2804",
            "low": "0.2804",
            "close": "0.2812"
        },
        {
            "time": "06.12.2020 03:39",
            "open": "0.2812",
            "high": "0.2815",
            "low": "0.2812",
            "close": "0.2811"
        },
        {
            "time": "06.12.2020 03:44",
            "open": "0.2811",
            "high": "0.2811",
            "low": "0.2811",
            "close": "0.281"
        },
        {
            "time": "06.12.2020 03:47",
            "open": "0.281",
            "high": "0.281",
            "low": "0.281",
            "close": "0.2808"
        },
        {
            "time": "06.12.2020 03:53",
            "open": "0.2808",
            "high": "0.2808",
            "low": "0.2808",
            "close": "0.28"
        },
        {
            "time": "06.12.2020 04:16",
            "open": "0.28",
            "high": "0.28",
            "low": "0.279",
            "close": "0.2782"
        },
        {
            "time": "06.12.2020 04:17",
            "open": "0.2782",
            "high": "0.2785",
            "low": "0.2782",
            "close": "0.277"
        },
        {
            "time": "06.12.2020 04:18",
            "open": "0.277",
            "high": "0.2773",
            "low": "0.277",
            "close": "0.2785"
        },
        {
            "time": "06.12.2020 04:19",
            "open": "0.2785",
            "high": "0.2786",
            "low": "0.2785",
            "close": "0.2782"
        },
        {
            "time": "06.12.2020 04:20",
            "open": "0.2782",
            "high": "0.2782",
            "low": "0.2782",
            "close": "0.2791"
        },
        {
            "time": "06.12.2020 04:22",
            "open": "0.2791",
            "high": "0.2791",
            "low": "0.2791",
            "close": "0.2805"
        },
        {
            "time": "06.12.2020 04:27",
            "open": "0.2805",
            "high": "0.2805",
            "low": "0.2805",
            "close": "0.2791"
        },
        {
            "time": "06.12.2020 04:30",
            "open": "0.2791",
            "high": "0.2791",
            "low": "0.2791",
            "close": "0.2801"
        },
        {
            "time": "06.12.2020 04:57",
            "open": "0.2801",
            "high": "0.2801",
            "low": "0.2801",
            "close": "0.2801"
        },
        {
            "time": "06.12.2020 04:58",
            "open": "0.2801",
            "high": "0.2801",
            "low": "0.2796",
            "close": "0.2783"
        },
        {
            "time": "06.12.2020 04:59",
            "open": "0.2783",
            "high": "0.279",
            "low": "0.278",
            "close": "0.2788"
        },
        {
            "time": "06.12.2020 05:00",
            "open": "0.2788",
            "high": "0.2788",
            "low": "0.2788",
            "close": "0.2804"
        },
        {
            "time": "06.12.2020 05:02",
            "open": "0.2804",
            "high": "0.2804",
            "low": "0.2804",
            "close": "0.2797"
        },
        {
            "time": "06.12.2020 05:05",
            "open": "0.2797",
            "high": "0.2803",
            "low": "0.2785",
            "close": "0.2802"
        },
        {
            "time": "06.12.2020 05:06",
            "open": "0.2802",
            "high": "0.2802",
            "low": "0.2789",
            "close": "0.2793"
        },
        {
            "time": "06.12.2020 05:07",
            "open": "0.2793",
            "high": "0.2806",
            "low": "0.2793",
            "close": "0.2796"
        },
        {
            "time": "06.12.2020 05:08",
            "open": "0.2796",
            "high": "0.2796",
            "low": "0.2796",
            "close": "0.2795"
        },
        {
            "time": "06.12.2020 05:09",
            "open": "0.2795",
            "high": "0.28",
            "low": "0.2788",
            "close": "0.2788"
        },
        {
            "time": "06.12.2020 05:15",
            "open": "0.2788",
            "high": "0.2788",
            "low": "0.2778",
            "close": "0.2781"
        },
        {
            "time": "06.12.2020 05:16",
            "open": "0.2781",
            "high": "0.2783",
            "low": "0.2781",
            "close": "0.2774"
        },
        {
            "time": "06.12.2020 05:18",
            "open": "0.2774",
            "high": "0.2786",
            "low": "0.2774",
            "close": "0.2786"
        },
        {
            "time": "06.12.2020 05:19",
            "open": "0.2786",
            "high": "0.2786",
            "low": "0.2786",
            "close": "0.2782"
        },
        {
            "time": "06.12.2020 05:21",
            "open": "0.2782",
            "high": "0.279",
            "low": "0.2782",
            "close": "0.278"
        },
        {
            "time": "06.12.2020 05:22",
            "open": "0.278",
            "high": "0.278",
            "low": "0.278",
            "close": "0.2785"
        },
        {
            "time": "06.12.2020 05:23",
            "open": "0.2785",
            "high": "0.2787",
            "low": "0.2785",
            "close": "0.2797"
        },
        {
            "time": "06.12.2020 05:25",
            "open": "0.2797",
            "high": "0.2797",
            "low": "0.2796",
            "close": "0.2782"
        },
        {
            "time": "06.12.2020 05:27",
            "open": "0.2782",
            "high": "0.2782",
            "low": "0.2782",
            "close": "0.2792"
        },
        {
            "time": "06.12.2020 05:28",
            "open": "0.2792",
            "high": "0.2792",
            "low": "0.2792",
            "close": "0.279"
        },
        {
            "time": "06.12.2020 06:09",
            "open": "0.279",
            "high": "0.279",
            "low": "0.279",
            "close": "0.2783"
        },
        {
            "time": "06.12.2020 06:19",
            "open": "0.2783",
            "high": "0.279",
            "low": "0.278",
            "close": "0.2768"
        },
        {
            "time": "06.12.2020 06:24",
            "open": "0.2768",
            "high": "0.2775",
            "low": "0.2753",
            "close": "0.277"
        },
        {
            "time": "06.12.2020 06:25",
            "open": "0.277",
            "high": "0.277",
            "low": "0.2756",
            "close": "0.2757"
        },
        {
            "time": "06.12.2020 06:26",
            "open": "0.2757",
            "high": "0.2763",
            "low": "0.2757",
            "close": "0.2767"
        },
        {
            "time": "06.12.2020 06:28",
            "open": "0.2767",
            "high": "0.2767",
            "low": "0.2767",
            "close": "0.2764"
        },
        {
            "time": "06.12.2020 06:30",
            "open": "0.2764",
            "high": "0.2764",
            "low": "0.2764",
            "close": "0.2764"
        },
        {
            "time": "06.12.2020 06:32",
            "open": "0.2764",
            "high": "0.2764",
            "low": "0.2764",
            "close": "0.2768"
        },
        {
            "time": "06.12.2020 06:36",
            "open": "0.2768",
            "high": "0.2768",
            "low": "0.2768",
            "close": "0.2783"
        },
        {
            "time": "06.12.2020 06:37",
            "open": "0.2783",
            "high": "0.2783",
            "low": "0.2783",
            "close": "0.2773"
        },
        {
            "time": "06.12.2020 06:42",
            "open": "0.2773",
            "high": "0.2773",
            "low": "0.2773",
            "close": "0.277"
        },
        {
            "time": "06.12.2020 06:45",
            "open": "0.277",
            "high": "0.277",
            "low": "0.277",
            "close": "0.2776"
        },
        {
            "time": "06.12.2020 06:54",
            "open": "0.2776",
            "high": "0.2782",
            "low": "0.2776",
            "close": "0.278"
        },
        {
            "time": "06.12.2020 06:55",
            "open": "0.278",
            "high": "0.278",
            "low": "0.2765",
            "close": "0.2771"
        },
        {
            "time": "06.12.2020 06:57",
            "open": "0.2771",
            "high": "0.2778",
            "low": "0.2771",
            "close": "0.2778"
        },
        {
            "time": "06.12.2020 06:58",
            "open": "0.2778",
            "high": "0.2778",
            "low": "0.2778",
            "close": "0.277"
        },
        {
            "time": "06.12.2020 06:59",
            "open": "0.277",
            "high": "0.277",
            "low": "0.277",
            "close": "0.2769"
        },
        {
            "time": "06.12.2020 07:01",
            "open": "0.2769",
            "high": "0.2769",
            "low": "0.2769",
            "close": "0.2772"
        },
        {
            "time": "06.12.2020 07:07",
            "open": "0.2772",
            "high": "0.2772",
            "low": "0.2772",
            "close": "0.2761"
        },
        {
            "time": "06.12.2020 07:12",
            "open": "0.2761",
            "high": "0.2761",
            "low": "0.2761",
            "close": "0.2768"
        },
        {
            "time": "06.12.2020 07:15",
            "open": "0.2768",
            "high": "0.2797",
            "low": "0.2768",
            "close": "0.2791"
        },
        {
            "time": "06.12.2020 07:16",
            "open": "0.2791",
            "high": "0.2808",
            "low": "0.2781",
            "close": "0.2798"
        },
        {
            "time": "06.12.2020 07:17",
            "open": "0.2798",
            "high": "0.2798",
            "low": "0.2795",
            "close": "0.2799"
        },
        {
            "time": "06.12.2020 07:18",
            "open": "0.2799",
            "high": "0.2817",
            "low": "0.2799",
            "close": "0.2818"
        },
        {
            "time": "06.12.2020 07:19",
            "open": "0.2818",
            "high": "0.2833",
            "low": "0.2818",
            "close": "0.282"
        },
        {
            "time": "06.12.2020 07:20",
            "open": "0.282",
            "high": "0.2821",
            "low": "0.2817",
            "close": "0.2821"
        },
        {
            "time": "06.12.2020 07:21",
            "open": "0.2821",
            "high": "0.2834",
            "low": "0.2821",
            "close": "0.2818"
        },
        {
            "time": "06.12.2020 07:22",
            "open": "0.2818",
            "high": "0.2821",
            "low": "0.2808",
            "close": "0.2812"
        },
        {
            "time": "06.12.2020 07:23",
            "open": "0.2812",
            "high": "0.2821",
            "low": "0.2812",
            "close": "0.2817"
        },
        {
            "time": "06.12.2020 07:24",
            "open": "0.2817",
            "high": "0.2819",
            "low": "0.2817",
            "close": "0.2814"
        },
        {
            "time": "06.12.2020 07:25",
            "open": "0.2814",
            "high": "0.2814",
            "low": "0.2804",
            "close": "0.2808"
        },
        {
            "time": "06.12.2020 07:26",
            "open": "0.2808",
            "high": "0.2825",
            "low": "0.2808",
            "close": "0.2822"
        },
        {
            "time": "06.12.2020 07:27",
            "open": "0.2822",
            "high": "0.2822",
            "low": "0.2815",
            "close": "0.2801"
        },
        {
            "time": "06.12.2020 07:29",
            "open": "0.2801",
            "high": "0.2801",
            "low": "0.2801",
            "close": "0.2801"
        },
        {
            "time": "06.12.2020 07:30",
            "open": "0.2801",
            "high": "0.2801",
            "low": "0.2801",
            "close": "0.2798"
        },
        {
            "time": "06.12.2020 07:31",
            "open": "0.2798",
            "high": "0.2798",
            "low": "0.2798",
            "close": "0.2801"
        },
        {
            "time": "06.12.2020 07:32",
            "open": "0.2801",
            "high": "0.2801",
            "low": "0.2801",
            "close": "0.2796"
        },
        {
            "time": "06.12.2020 07:33",
            "open": "0.2796",
            "high": "0.2796",
            "low": "0.2796",
            "close": "0.2794"
        },
        {
            "time": "06.12.2020 07:38",
            "open": "0.2794",
            "high": "0.2795",
            "low": "0.2794",
            "close": "0.2796"
        },
        {
            "time": "06.12.2020 07:41",
            "open": "0.2796",
            "high": "0.2796",
            "low": "0.2793",
            "close": "0.279"
        },
        {
            "time": "06.12.2020 07:42",
            "open": "0.279",
            "high": "0.279",
            "low": "0.2789",
            "close": "0.2784"
        },
        {
            "time": "06.12.2020 07:43",
            "open": "0.2784",
            "high": "0.2786",
            "low": "0.2784",
            "close": "0.279"
        },
        {
            "time": "06.12.2020 07:44",
            "open": "0.279",
            "high": "0.2792",
            "low": "0.279",
            "close": "0.2787"
        },
        {
            "time": "06.12.2020 07:49",
            "open": "0.2787",
            "high": "0.2787",
            "low": "0.2786",
            "close": "0.2773"
        },
        {
            "time": "06.12.2020 07:57",
            "open": "0.2773",
            "high": "0.2773",
            "low": "0.2773",
            "close": "0.2782"
        },
        {
            "time": "06.12.2020 08:00",
            "open": "0.2782",
            "high": "0.2782",
            "low": "0.2782",
            "close": "0.279"
        },
        {
            "time": "06.12.2020 08:02",
            "open": "0.279",
            "high": "0.279",
            "low": "0.279",
            "close": "0.2788"
        },
        {
            "time": "06.12.2020 08:07",
            "open": "0.2788",
            "high": "0.2788",
            "low": "0.2788",
            "close": "0.2816"
        },
        {
            "time": "06.12.2020 08:11",
            "open": "0.2816",
            "high": "0.2816",
            "low": "0.2816",
            "close": "0.2814"
        },
        {
            "time": "06.12.2020 08:33",
            "open": "0.2814",
            "high": "0.2814",
            "low": "0.2814",
            "close": "0.281"
        },
        {
            "time": "06.12.2020 08:34",
            "open": "0.281",
            "high": "0.281",
            "low": "0.281",
            "close": "0.2816"
        },
        {
            "time": "06.12.2020 08:35",
            "open": "0.2816",
            "high": "0.2817",
            "low": "0.2816",
            "close": "0.2812"
        },
        {
            "time": "06.12.2020 08:37",
            "open": "0.2812",
            "high": "0.2812",
            "low": "0.2812",
            "close": "0.2811"
        },
        {
            "time": "06.12.2020 08:40",
            "open": "0.2811",
            "high": "0.2818",
            "low": "0.2811",
            "close": "0.2813"
        },
        {
            "time": "06.12.2020 08:51",
            "open": "0.2813",
            "high": "0.2813",
            "low": "0.2813",
            "close": "0.2804"
        },
        {
            "time": "06.12.2020 08:55",
            "open": "0.2804",
            "high": "0.2804",
            "low": "0.2804",
            "close": "0.2803"
        },
        {
            "time": "06.12.2020 09:05",
            "open": "0.2803",
            "high": "0.2803",
            "low": "0.2803",
            "close": "0.2801"
        },
        {
            "time": "06.12.2020 09:22",
            "open": "0.2801",
            "high": "0.2801",
            "low": "0.2801",
            "close": "0.2786"
        },
        {
            "time": "06.12.2020 09:27",
            "open": "0.2786",
            "high": "0.2786",
            "low": "0.2786",
            "close": "0.2801"
        },
        {
            "time": "06.12.2020 09:30",
            "open": "0.2801",
            "high": "0.2801",
            "low": "0.2801",
            "close": "0.2783"
        },
        {
            "time": "06.12.2020 09:32",
            "open": "0.2783",
            "high": "0.2783",
            "low": "0.2783",
            "close": "0.2771"
        },
        {
            "time": "06.12.2020 09:35",
            "open": "0.2771",
            "high": "0.2783",
            "low": "0.2771",
            "close": "0.2762"
        },
        {
            "time": "06.12.2020 09:36",
            "open": "0.2762",
            "high": "0.2772",
            "low": "0.2762",
            "close": "0.2777"
        },
        {
            "time": "06.12.2020 09:37",
            "open": "0.2777",
            "high": "0.2778",
            "low": "0.2777",
            "close": "0.2771"
        },
        {
            "time": "06.12.2020 09:41",
            "open": "0.2771",
            "high": "0.2771",
            "low": "0.2771",
            "close": "0.2768"
        },
        {
            "time": "06.12.2020 09:42",
            "open": "0.2768",
            "high": "0.2768",
            "low": "0.2768",
            "close": "0.2769"
        },
        {
            "time": "06.12.2020 09:43",
            "open": "0.2769",
            "high": "0.2769",
            "low": "0.2767",
            "close": "0.2764"
        },
        {
            "time": "06.12.2020 09:45",
            "open": "0.2764",
            "high": "0.2764",
            "low": "0.2764",
            "close": "0.2769"
        },
        {
            "time": "06.12.2020 09:47",
            "open": "0.2769",
            "high": "0.2769",
            "low": "0.2769",
            "close": "0.2779"
        },
        {
            "time": "06.12.2020 09:53",
            "open": "0.2779",
            "high": "0.2779",
            "low": "0.2779",
            "close": "0.2772"
        },
        {
            "time": "06.12.2020 09:54",
            "open": "0.2772",
            "high": "0.2772",
            "low": "0.2772",
            "close": "0.2775"
        },
        {
            "time": "06.12.2020 09:55",
            "open": "0.2775",
            "high": "0.2775",
            "low": "0.2775",
            "close": "0.2769"
        },
        {
            "time": "06.12.2020 09:56",
            "open": "0.2769",
            "high": "0.2769",
            "low": "0.2769",
            "close": "0.2766"
        },
        {
            "time": "06.12.2020 09:58",
            "open": "0.2766",
            "high": "0.2766",
            "low": "0.2761",
            "close": "0.275"
        },
        {
            "time": "06.12.2020 09:59",
            "open": "0.275",
            "high": "0.2753",
            "low": "0.2732",
            "close": "0.2744"
        },
        {
            "time": "06.12.2020 10:00",
            "open": "0.2744",
            "high": "0.2744",
            "low": "0.274",
            "close": "0.2752"
        },
        {
            "time": "06.12.2020 10:01",
            "open": "0.2752",
            "high": "0.2752",
            "low": "0.2752",
            "close": "0.2754"
        },
        {
            "time": "06.12.2020 10:02",
            "open": "0.2754",
            "high": "0.2754",
            "low": "0.2754",
            "close": "0.2763"
        },
        {
            "time": "06.12.2020 10:03",
            "open": "0.2763",
            "high": "0.2763",
            "low": "0.2763",
            "close": "0.276"
        },
        {
            "time": "06.12.2020 10:05",
            "open": "0.276",
            "high": "0.276",
            "low": "0.276",
            "close": "0.276"
        },
        {
            "time": "06.12.2020 10:08",
            "open": "0.276",
            "high": "0.276",
            "low": "0.276",
            "close": "0.2763"
        },
        {
            "time": "06.12.2020 10:09",
            "open": "0.2763",
            "high": "0.2763",
            "low": "0.2763",
            "close": "0.2763"
        },
        {
            "time": "06.12.2020 10:11",
            "open": "0.2763",
            "high": "0.2763",
            "low": "0.2752",
            "close": "0.2763"
        },
        {
            "time": "06.12.2020 10:14",
            "open": "0.2763",
            "high": "0.2763",
            "low": "0.2763",
            "close": "0.276"
        },
        {
            "time": "06.12.2020 10:24",
            "open": "0.276",
            "high": "0.276",
            "low": "0.276",
            "close": "0.2761"
        },
        {
            "time": "06.12.2020 10:25",
            "open": "0.2761",
            "high": "0.2761",
            "low": "0.2761",
            "close": "0.2758"
        },
        {
            "time": "06.12.2020 10:28",
            "open": "0.2758",
            "high": "0.2758",
            "low": "0.2758",
            "close": "0.2755"
        },
        {
            "time": "06.12.2020 10:29",
            "open": "0.2755",
            "high": "0.2755",
            "low": "0.2755",
            "close": "0.2761"
        },
        {
            "time": "06.12.2020 10:30",
            "open": "0.2761",
            "high": "0.2761",
            "low": "0.2761",
            "close": "0.2755"
        },
        {
            "time": "06.12.2020 10:32",
            "open": "0.2755",
            "high": "0.2755",
            "low": "0.2755",
            "close": "0.2755"
        },
        {
            "time": "06.12.2020 10:36",
            "open": "0.2755",
            "high": "0.2755",
            "low": "0.2747",
            "close": "0.2735"
        },
        {
            "time": "06.12.2020 10:37",
            "open": "0.2735",
            "high": "0.2735",
            "low": "0.272",
            "close": "0.2712"
        },
        {
            "time": "06.12.2020 10:38",
            "open": "0.2712",
            "high": "0.2738",
            "low": "0.271",
            "close": "0.272"
        },
        {
            "time": "06.12.2020 10:39",
            "open": "0.272",
            "high": "0.2741",
            "low": "0.272",
            "close": "0.2736"
        },
        {
            "time": "06.12.2020 10:40",
            "open": "0.2736",
            "high": "0.2744",
            "low": "0.2736",
            "close": "0.2753"
        },
        {
            "time": "06.12.2020 10:45",
            "open": "0.2753",
            "high": "0.2753",
            "low": "0.2753",
            "close": "0.2758"
        },
        {
            "time": "06.12.2020 10:47",
            "open": "0.2758",
            "high": "0.2758",
            "low": "0.2758",
            "close": "0.2742"
        },
        {
            "time": "06.12.2020 10:50",
            "open": "0.2742",
            "high": "0.2742",
            "low": "0.2742",
            "close": "0.2742"
        },
        {
            "time": "06.12.2020 10:51",
            "open": "0.2742",
            "high": "0.2742",
            "low": "0.2742",
            "close": "0.276"
        },
        {
            "time": "06.12.2020 10:54",
            "open": "0.276",
            "high": "0.276",
            "low": "0.276",
            "close": "0.2759"
        },
        {
            "time": "06.12.2020 10:55",
            "open": "0.2759",
            "high": "0.2763",
            "low": "0.2759",
            "close": "0.2764"
        },
        {
            "time": "06.12.2020 10:59",
            "open": "0.2764",
            "high": "0.2764",
            "low": "0.2764",
            "close": "0.2764"
        },
        {
            "time": "06.12.2020 11:00",
            "open": "0.2764",
            "high": "0.2765",
            "low": "0.2764",
            "close": "0.2765"
        },
        {
            "time": "06.12.2020 11:02",
            "open": "0.2765",
            "high": "0.2765",
            "low": "0.2764",
            "close": "0.2758"
        },
        {
            "time": "06.12.2020 11:06",
            "open": "0.2758",
            "high": "0.2762",
            "low": "0.2756",
            "close": "0.2756"
        },
        {
            "time": "06.12.2020 11:07",
            "open": "0.2756",
            "high": "0.2756",
            "low": "0.2756",
            "close": "0.2757"
        },
        {
            "time": "06.12.2020 11:09",
            "open": "0.2757",
            "high": "0.2757",
            "low": "0.2757",
            "close": "0.2753"
        },
        {
            "time": "06.12.2020 11:10",
            "open": "0.2753",
            "high": "0.2753",
            "low": "0.2753",
            "close": "0.2745"
        },
        {
            "time": "06.12.2020 11:12",
            "open": "0.2745",
            "high": "0.2745",
            "low": "0.2741",
            "close": "0.2762"
        },
        {
            "time": "06.12.2020 11:16",
            "open": "0.2762",
            "high": "0.2766",
            "low": "0.2758",
            "close": "0.2765"
        },
        {
            "time": "06.12.2020 11:17",
            "open": "0.2765",
            "high": "0.2765",
            "low": "0.2753",
            "close": "0.2764"
        },
        {
            "time": "06.12.2020 11:20",
            "open": "0.2764",
            "high": "0.2764",
            "low": "0.2764",
            "close": "0.2766"
        },
        {
            "time": "06.12.2020 11:22",
            "open": "0.2766",
            "high": "0.2766",
            "low": "0.2766",
            "close": "0.2774"
        },
        {
            "time": "06.12.2020 11:23",
            "open": "0.2774",
            "high": "0.2774",
            "low": "0.2774",
            "close": "0.278"
        },
        {
            "time": "06.12.2020 11:24",
            "open": "0.278",
            "high": "0.278",
            "low": "0.278",
            "close": "0.2777"
        },
        {
            "time": "06.12.2020 11:25",
            "open": "0.2777",
            "high": "0.2777",
            "low": "0.2777",
            "close": "0.2776"
        },
        {
            "time": "06.12.2020 11:26",
            "open": "0.2776",
            "high": "0.2776",
            "low": "0.2762",
            "close": "0.2773"
        },
        {
            "time": "06.12.2020 11:31",
            "open": "0.2773",
            "high": "0.2773",
            "low": "0.2773",
            "close": "0.2777"
        },
        {
            "time": "06.12.2020 11:39",
            "open": "0.2777",
            "high": "0.2777",
            "low": "0.2777",
            "close": "0.2776"
        },
        {
            "time": "06.12.2020 11:40",
            "open": "0.2776",
            "high": "0.2776",
            "low": "0.2776",
            "close": "0.2776"
        },
        {
            "time": "06.12.2020 11:42",
            "open": "0.2776",
            "high": "0.2776",
            "low": "0.2776",
            "close": "0.277"
        },
        {
            "time": "06.12.2020 11:48",
            "open": "0.277",
            "high": "0.277",
            "low": "0.2759",
            "close": "0.2752"
        },
        {
            "time": "06.12.2020 11:50",
            "open": "0.2752",
            "high": "0.2762",
            "low": "0.2752",
            "close": "0.2759"
        },
        {
            "time": "06.12.2020 11:51",
            "open": "0.2759",
            "high": "0.2761",
            "low": "0.2759",
            "close": "0.2757"
        },
        {
            "time": "06.12.2020 11:52",
            "open": "0.2757",
            "high": "0.2757",
            "low": "0.2755",
            "close": "0.276"
        },
        {
            "time": "06.12.2020 11:53",
            "open": "0.276",
            "high": "0.2769",
            "low": "0.276",
            "close": "0.2766"
        },
        {
            "time": "06.12.2020 11:54",
            "open": "0.2766",
            "high": "0.278",
            "low": "0.2766",
            "close": "0.2775"
        },
        {
            "time": "06.12.2020 11:55",
            "open": "0.2775",
            "high": "0.278",
            "low": "0.277",
            "close": "0.2788"
        },
        {
            "time": "06.12.2020 11:56",
            "open": "0.2788",
            "high": "0.2788",
            "low": "0.2787",
            "close": "0.2789"
        },
        {
            "time": "06.12.2020 11:57",
            "open": "0.2789",
            "high": "0.2789",
            "low": "0.2789",
            "close": "0.2779"
        },
        {
            "time": "06.12.2020 12:02",
            "open": "0.2779",
            "high": "0.2789",
            "low": "0.2779",
            "close": "0.2791"
        },
        {
            "time": "06.12.2020 12:10",
            "open": "0.2791",
            "high": "0.2791",
            "low": "0.2785",
            "close": "0.2779"
        },
        {
            "time": "06.12.2020 12:11",
            "open": "0.2779",
            "high": "0.2786",
            "low": "0.2779",
            "close": "0.2791"
        },
        {
            "time": "06.12.2020 12:12",
            "open": "0.2791",
            "high": "0.2791",
            "low": "0.2791",
            "close": "0.2789"
        },
        {
            "time": "06.12.2020 12:14",
            "open": "0.2789",
            "high": "0.2789",
            "low": "0.2789",
            "close": "0.2783"
        },
        {
            "time": "06.12.2020 12:19",
            "open": "0.2783",
            "high": "0.2783",
            "low": "0.2783",
            "close": "0.2779"
        },
        {
            "time": "06.12.2020 12:20",
            "open": "0.2779",
            "high": "0.2779",
            "low": "0.2779",
            "close": "0.277"
        },
        {
            "time": "06.12.2020 12:21",
            "open": "0.277",
            "high": "0.277",
            "low": "0.2769",
            "close": "0.2768"
        },
        {
            "time": "06.12.2020 12:22",
            "open": "0.2768",
            "high": "0.277",
            "low": "0.2768",
            "close": "0.2765"
        },
        {
            "time": "06.12.2020 12:24",
            "open": "0.2765",
            "high": "0.2765",
            "low": "0.2763",
            "close": "0.2753"
        },
        {
            "time": "06.12.2020 12:28",
            "open": "0.2753",
            "high": "0.2763",
            "low": "0.2753",
            "close": "0.276"
        },
        {
            "time": "06.12.2020 12:29",
            "open": "0.276",
            "high": "0.276",
            "low": "0.276",
            "close": "0.276"
        },
        {
            "time": "06.12.2020 12:30",
            "open": "0.276",
            "high": "0.2778",
            "low": "0.276",
            "close": "0.2769"
        },
        {
            "time": "06.12.2020 12:31",
            "open": "0.2769",
            "high": "0.2773",
            "low": "0.2763",
            "close": "0.2771"
        },
        {
            "time": "06.12.2020 12:35",
            "open": "0.2771",
            "high": "0.2771",
            "low": "0.2771",
            "close": "0.2773"
        },
        {
            "time": "06.12.2020 12:39",
            "open": "0.2773",
            "high": "0.2773",
            "low": "0.2773",
            "close": "0.2775"
        },
        {
            "time": "06.12.2020 12:47",
            "open": "0.2775",
            "high": "0.2775",
            "low": "0.2775",
            "close": "0.2776"
        },
        {
            "time": "06.12.2020 12:49",
            "open": "0.2776",
            "high": "0.2776",
            "low": "0.2776",
            "close": "0.278"
        },
        {
            "time": "06.12.2020 12:53",
            "open": "0.278",
            "high": "0.278",
            "low": "0.278",
            "close": "0.2784"
        },
        {
            "time": "06.12.2020 12:54",
            "open": "0.2784",
            "high": "0.279",
            "low": "0.2784",
            "close": "0.2796"
        },
        {
            "time": "06.12.2020 12:55",
            "open": "0.2796",
            "high": "0.2796",
            "low": "0.2786",
            "close": "0.2782"
        },
        {
            "time": "06.12.2020 12:56",
            "open": "0.2782",
            "high": "0.2799",
            "low": "0.2782",
            "close": "0.2802"
        },
        {
            "time": "06.12.2020 12:57",
            "open": "0.2802",
            "high": "0.2802",
            "low": "0.2802",
            "close": "0.2798"
        },
        {
            "time": "06.12.2020 12:58",
            "open": "0.2798",
            "high": "0.2798",
            "low": "0.2793",
            "close": "0.279"
        },
        {
            "time": "06.12.2020 12:59",
            "open": "0.279",
            "high": "0.2792",
            "low": "0.279",
            "close": "0.2788"
        },
        {
            "time": "06.12.2020 13:00",
            "open": "0.2788",
            "high": "0.2788",
            "low": "0.2788",
            "close": "0.2788"
        },
        {
            "time": "06.12.2020 13:01",
            "open": "0.2788",
            "high": "0.2795",
            "low": "0.2788",
            "close": "0.2793"
        },
        {
            "time": "06.12.2020 13:03",
            "open": "0.2793",
            "high": "0.2793",
            "low": "0.2793",
            "close": "0.278"
        },
        {
            "time": "06.12.2020 13:10",
            "open": "0.278",
            "high": "0.278",
            "low": "0.278",
            "close": "0.2781"
        },
        {
            "time": "06.12.2020 13:11",
            "open": "0.2781",
            "high": "0.2781",
            "low": "0.2781",
            "close": "0.2781"
        },
        {
            "time": "06.12.2020 13:12",
            "open": "0.2781",
            "high": "0.2781",
            "low": "0.2781",
            "close": "0.2782"
        },
        {
            "time": "06.12.2020 13:13",
            "open": "0.2782",
            "high": "0.2782",
            "low": "0.2782",
            "close": "0.2757"
        },
        {
            "time": "06.12.2020 13:37",
            "open": "0.2757",
            "high": "0.2769",
            "low": "0.2757",
            "close": "0.2767"
        },
        {
            "time": "06.12.2020 13:40",
            "open": "0.2767",
            "high": "0.2767",
            "low": "0.2767",
            "close": "0.2768"
        },
        {
            "time": "06.12.2020 13:41",
            "open": "0.2768",
            "high": "0.2771",
            "low": "0.2768",
            "close": "0.2767"
        },
        {
            "time": "06.12.2020 13:43",
            "open": "0.2767",
            "high": "0.2767",
            "low": "0.2767",
            "close": "0.2765"
        },
        {
            "time": "06.12.2020 13:44",
            "open": "0.2765",
            "high": "0.2765",
            "low": "0.2765",
            "close": "0.2757"
        },
        {
            "time": "06.12.2020 13:48",
            "open": "0.2757",
            "high": "0.2757",
            "low": "0.2757",
            "close": "0.2755"
        },
        {
            "time": "06.12.2020 13:49",
            "open": "0.2755",
            "high": "0.2755",
            "low": "0.2755",
            "close": "0.2756"
        },
        {
            "time": "06.12.2020 13:50",
            "open": "0.2756",
            "high": "0.2757",
            "low": "0.2755",
            "close": "0.275"
        },
        {
            "time": "06.12.2020 13:51",
            "open": "0.275",
            "high": "0.275",
            "low": "0.2738",
            "close": "0.2738"
        },
        {
            "time": "06.12.2020 13:52",
            "open": "0.2738",
            "high": "0.2738",
            "low": "0.273",
            "close": "0.2732"
        },
        {
            "time": "06.12.2020 13:53",
            "open": "0.2732",
            "high": "0.2733",
            "low": "0.2732",
            "close": "0.2735"
        },
        {
            "time": "06.12.2020 13:54",
            "open": "0.2735",
            "high": "0.2744",
            "low": "0.2735",
            "close": "0.2746"
        },
        {
            "time": "06.12.2020 13:55",
            "open": "0.2746",
            "high": "0.2746",
            "low": "0.2735",
            "close": "0.2737"
        },
        {
            "time": "06.12.2020 13:56",
            "open": "0.2737",
            "high": "0.2746",
            "low": "0.2737",
            "close": "0.2751"
        },
        {
            "time": "06.12.2020 13:57",
            "open": "0.2751",
            "high": "0.2751",
            "low": "0.2751",
            "close": "0.2754"
        },
        {
            "time": "06.12.2020 14:00",
            "open": "0.2754",
            "high": "0.2756",
            "low": "0.2748",
            "close": "0.274"
        },
        {
            "time": "06.12.2020 14:03",
            "open": "0.274",
            "high": "0.274",
            "low": "0.274",
            "close": "0.2739"
        },
        {
            "time": "06.12.2020 14:04",
            "open": "0.2739",
            "high": "0.2747",
            "low": "0.2739",
            "close": "0.2753"
        },
        {
            "time": "06.12.2020 14:05",
            "open": "0.2753",
            "high": "0.2753",
            "low": "0.2753",
            "close": "0.2751"
        },
        {
            "time": "06.12.2020 14:06",
            "open": "0.2751",
            "high": "0.2751",
            "low": "0.2749",
            "close": "0.2751"
        },
        {
            "time": "06.12.2020 14:07",
            "open": "0.2751",
            "high": "0.2751",
            "low": "0.2751",
            "close": "0.2755"
        },
        {
            "time": "06.12.2020 14:09",
            "open": "0.2755",
            "high": "0.2762",
            "low": "0.2755",
            "close": "0.2756"
        },
        {
            "time": "06.12.2020 14:10",
            "open": "0.2756",
            "high": "0.2756",
            "low": "0.2751",
            "close": "0.275"
        },
        {
            "time": "06.12.2020 14:11",
            "open": "0.275",
            "high": "0.275",
            "low": "0.2746",
            "close": "0.2746"
        },
        {
            "time": "06.12.2020 14:12",
            "open": "0.2746",
            "high": "0.2746",
            "low": "0.2746",
            "close": "0.2736"
        },
        {
            "time": "06.12.2020 14:14",
            "open": "0.2736",
            "high": "0.2742",
            "low": "0.2736",
            "close": "0.2748"
        },
        {
            "time": "06.12.2020 14:15",
            "open": "0.2748",
            "high": "0.2748",
            "low": "0.2744",
            "close": "0.2747"
        },
        {
            "time": "06.12.2020 14:16",
            "open": "0.2747",
            "high": "0.2753",
            "low": "0.2747",
            "close": "0.2757"
        },
        {
            "time": "06.12.2020 14:17",
            "open": "0.2757",
            "high": "0.2757",
            "low": "0.2757",
            "close": "0.2761"
        },
        {
            "time": "06.12.2020 14:20",
            "open": "0.2761",
            "high": "0.2761",
            "low": "0.2761",
            "close": "0.2761"
        },
        {
            "time": "06.12.2020 14:21",
            "open": "0.2761",
            "high": "0.2761",
            "low": "0.2761",
            "close": "0.2755"
        },
        {
            "time": "06.12.2020 14:24",
            "open": "0.2755",
            "high": "0.2755",
            "low": "0.2755",
            "close": "0.276"
        },
        {
            "time": "06.12.2020 14:31",
            "open": "0.276",
            "high": "0.276",
            "low": "0.276",
            "close": "0.2744"
        },
        {
            "time": "06.12.2020 14:32",
            "open": "0.2744",
            "high": "0.2747",
            "low": "0.2733",
            "close": "0.2732"
        },
        {
            "time": "06.12.2020 14:34",
            "open": "0.2732",
            "high": "0.2737",
            "low": "0.2732",
            "close": "0.2737"
        },
        {
            "time": "06.12.2020 14:35",
            "open": "0.2737",
            "high": "0.2737",
            "low": "0.2737",
            "close": "0.273"
        },
        {
            "time": "06.12.2020 14:36",
            "open": "0.273",
            "high": "0.273",
            "low": "0.2726",
            "close": "0.2726"
        },
        {
            "time": "06.12.2020 14:37",
            "open": "0.2726",
            "high": "0.2739",
            "low": "0.2726",
            "close": "0.2733"
        },
        {
            "time": "06.12.2020 14:38",
            "open": "0.2733",
            "high": "0.2733",
            "low": "0.2727",
            "close": "0.274"
        },
        {
            "time": "06.12.2020 14:39",
            "open": "0.274",
            "high": "0.2744",
            "low": "0.2735",
            "close": "0.2754"
        },
        {
            "time": "06.12.2020 14:40",
            "open": "0.2754",
            "high": "0.2759",
            "low": "0.2754",
            "close": "0.2747"
        },
        {
            "time": "06.12.2020 14:41",
            "open": "0.2747",
            "high": "0.2755",
            "low": "0.2747",
            "close": "0.2758"
        },
        {
            "time": "06.12.2020 14:42",
            "open": "0.2758",
            "high": "0.2758",
            "low": "0.2752",
            "close": "0.2752"
        },
        {
            "time": "06.12.2020 14:43",
            "open": "0.2752",
            "high": "0.2752",
            "low": "0.2748",
            "close": "0.2744"
        },
        {
            "time": "06.12.2020 14:44",
            "open": "0.2744",
            "high": "0.2745",
            "low": "0.2736",
            "close": "0.2742"
        },
        {
            "time": "06.12.2020 14:45",
            "open": "0.2742",
            "high": "0.2742",
            "low": "0.2742",
            "close": "0.2745"
        },
        {
            "time": "06.12.2020 14:46",
            "open": "0.2745",
            "high": "0.2746",
            "low": "0.2742",
            "close": "0.2738"
        },
        {
            "time": "06.12.2020 14:47",
            "open": "0.2738",
            "high": "0.2738",
            "low": "0.2738",
            "close": "0.2735"
        },
        {
            "time": "06.12.2020 14:48",
            "open": "0.2735",
            "high": "0.2737",
            "low": "0.2735",
            "close": "0.2743"
        },
        {
            "time": "06.12.2020 14:49",
            "open": "0.2743",
            "high": "0.2743",
            "low": "0.2742",
            "close": "0.2744"
        },
        {
            "time": "06.12.2020 14:51",
            "open": "0.2744",
            "high": "0.2745",
            "low": "0.2739",
            "close": "0.2747"
        },
        {
            "time": "06.12.2020 14:52",
            "open": "0.2747",
            "high": "0.2747",
            "low": "0.2734",
            "close": "0.2735"
        },
        {
            "time": "06.12.2020 14:53",
            "open": "0.2735",
            "high": "0.2735",
            "low": "0.2735",
            "close": "0.274"
        },
        {
            "time": "06.12.2020 14:56",
            "open": "0.274",
            "high": "0.2743",
            "low": "0.2727",
            "close": "0.2744"
        },
        {
            "time": "06.12.2020 14:57",
            "open": "0.2744",
            "high": "0.2746",
            "low": "0.2744",
            "close": "0.2746"
        },
        {
            "time": "06.12.2020 14:58",
            "open": "0.2746",
            "high": "0.2746",
            "low": "0.2746",
            "close": "0.2753"
        },
        {
            "time": "06.12.2020 14:59",
            "open": "0.2753",
            "high": "0.2753",
            "low": "0.2753",
            "close": "0.2751"
        },
        {
            "time": "06.12.2020 15:00",
            "open": "0.2751",
            "high": "0.2751",
            "low": "0.2748",
            "close": "0.2758"
        },
        {
            "time": "06.12.2020 15:02",
            "open": "0.2758",
            "high": "0.276",
            "low": "0.2754",
            "close": "0.2756"
        },
        {
            "time": "06.12.2020 15:03",
            "open": "0.2756",
            "high": "0.2757",
            "low": "0.2755",
            "close": "0.2748"
        },
        {
            "time": "06.12.2020 15:04",
            "open": "0.2748",
            "high": "0.2748",
            "low": "0.2748",
            "close": "0.2763"
        },
        {
            "time": "06.12.2020 15:05",
            "open": "0.2763",
            "high": "0.2763",
            "low": "0.2757",
            "close": "0.2754"
        },
        {
            "time": "06.12.2020 15:06",
            "open": "0.2754",
            "high": "0.2763",
            "low": "0.2754",
            "close": "0.2756"
        },
        {
            "time": "06.12.2020 15:07",
            "open": "0.2756",
            "high": "0.2757",
            "low": "0.2756",
            "close": "0.2757"
        },
        {
            "time": "06.12.2020 15:08",
            "open": "0.2757",
            "high": "0.2766",
            "low": "0.2757",
            "close": "0.2767"
        },
        {
            "time": "06.12.2020 15:09",
            "open": "0.2767",
            "high": "0.2767",
            "low": "0.2767",
            "close": "0.2761"
        },
        {
            "time": "06.12.2020 15:11",
            "open": "0.2761",
            "high": "0.2761",
            "low": "0.2749",
            "close": "0.2753"
        },
        {
            "time": "06.12.2020 15:12",
            "open": "0.2753",
            "high": "0.276",
            "low": "0.2753",
            "close": "0.2748"
        },
        {
            "time": "06.12.2020 15:13",
            "open": "0.2748",
            "high": "0.276",
            "low": "0.2748",
            "close": "0.2765"
        },
        {
            "time": "06.12.2020 15:14",
            "open": "0.2765",
            "high": "0.2768",
            "low": "0.2765",
            "close": "0.2769"
        },
        {
            "time": "06.12.2020 15:15",
            "open": "0.2769",
            "high": "0.2769",
            "low": "0.2757",
            "close": "0.2786"
        },
        {
            "time": "06.12.2020 15:20",
            "open": "0.2786",
            "high": "0.2786",
            "low": "0.2774",
            "close": "0.2781"
        },
        {
            "time": "06.12.2020 15:21",
            "open": "0.2781",
            "high": "0.2782",
            "low": "0.2774",
            "close": "0.2778"
        },
        {
            "time": "06.12.2020 15:22",
            "open": "0.2778",
            "high": "0.2778",
            "low": "0.2778",
            "close": "0.2784"
        },
        {
            "time": "06.12.2020 15:23",
            "open": "0.2784",
            "high": "0.2784",
            "low": "0.2784",
            "close": "0.2789"
        },
        {
            "time": "06.12.2020 15:26",
            "open": "0.2789",
            "high": "0.2789",
            "low": "0.2789",
            "close": "0.2785"
        },
        {
            "time": "06.12.2020 15:29",
            "open": "0.2785",
            "high": "0.2785",
            "low": "0.2784",
            "close": "0.2782"
        },
        {
            "time": "06.12.2020 15:31",
            "open": "0.2782",
            "high": "0.2788",
            "low": "0.2782",
            "close": "0.2788"
        },
        {
            "time": "06.12.2020 15:33",
            "open": "0.2788",
            "high": "0.2788",
            "low": "0.2788",
            "close": "0.2785"
        },
        {
            "time": "06.12.2020 15:37",
            "open": "0.2785",
            "high": "0.2785",
            "low": "0.2785",
            "close": "0.2778"
        },
        {
            "time": "06.12.2020 15:42",
            "open": "0.2778",
            "high": "0.2778",
            "low": "0.2778",
            "close": "0.2778"
        },
        {
            "time": "06.12.2020 15:43",
            "open": "0.2778",
            "high": "0.2779",
            "low": "0.2778",
            "close": "0.2775"
        },
        {
            "time": "06.12.2020 15:46",
            "open": "0.2775",
            "high": "0.2776",
            "low": "0.2771",
            "close": "0.2784"
        },
        {
            "time": "06.12.2020 15:47",
            "open": "0.2784",
            "high": "0.2794",
            "low": "0.2783",
            "close": "0.2782"
        },
        {
            "time": "06.12.2020 15:48",
            "open": "0.2782",
            "high": "0.2782",
            "low": "0.2772",
            "close": "0.2775"
        },
        {
            "time": "06.12.2020 15:49",
            "open": "0.2775",
            "high": "0.2777",
            "low": "0.2772",
            "close": "0.2781"
        },
        {
            "time": "06.12.2020 15:50",
            "open": "0.2781",
            "high": "0.2781",
            "low": "0.2781",
            "close": "0.2775"
        },
        {
            "time": "06.12.2020 15:51",
            "open": "0.2775",
            "high": "0.2776",
            "low": "0.2775",
            "close": "0.278"
        },
        {
            "time": "06.12.2020 15:54",
            "open": "0.278",
            "high": "0.2783",
            "low": "0.2779",
            "close": "0.2783"
        },
        {
            "time": "06.12.2020 15:58",
            "open": "0.2783",
            "high": "0.2783",
            "low": "0.2783",
            "close": "0.2787"
        },
        {
            "time": "06.12.2020 16:00",
            "open": "0.2787",
            "high": "0.2787",
            "low": "0.2779",
            "close": "0.2772"
        },
        {
            "time": "06.12.2020 16:01",
            "open": "0.2772",
            "high": "0.2772",
            "low": "0.2772",
            "close": "0.2779"
        },
        {
            "time": "06.12.2020 16:02",
            "open": "0.2779",
            "high": "0.2787",
            "low": "0.2779",
            "close": "0.2793"
        },
        {
            "time": "06.12.2020 16:03",
            "open": "0.2793",
            "high": "0.2797",
            "low": "0.2793",
            "close": "0.2792"
        },
        {
            "time": "06.12.2020 16:04",
            "open": "0.2792",
            "high": "0.2792",
            "low": "0.2792",
            "close": "0.2787"
        },
        {
            "time": "06.12.2020 16:10",
            "open": "0.2787",
            "high": "0.2787",
            "low": "0.2787",
            "close": "0.2788"
        },
        {
            "time": "06.12.2020 16:11",
            "open": "0.2788",
            "high": "0.2788",
            "low": "0.278",
            "close": "0.2785"
        },
        {
            "time": "06.12.2020 16:12",
            "open": "0.2785",
            "high": "0.2785",
            "low": "0.2785",
            "close": "0.2789"
        },
        {
            "time": "06.12.2020 16:16",
            "open": "0.2789",
            "high": "0.2789",
            "low": "0.2789",
            "close": "0.2783"
        },
        {
            "time": "06.12.2020 16:22",
            "open": "0.2783",
            "high": "0.2783",
            "low": "0.2783",
            "close": "0.278"
        },
        {
            "time": "06.12.2020 16:23",
            "open": "0.278",
            "high": "0.278",
            "low": "0.2779",
            "close": "0.2779"
        },
        {
            "time": "06.12.2020 16:24",
            "open": "0.2779",
            "high": "0.2779",
            "low": "0.2779",
            "close": "0.2785"
        },
        {
            "time": "06.12.2020 16:25",
            "open": "0.2785",
            "high": "0.2789",
            "low": "0.2785",
            "close": "0.2791"
        },
        {
            "time": "06.12.2020 16:26",
            "open": "0.2791",
            "high": "0.2791",
            "low": "0.2791",
            "close": "0.2786"
        },
        {
            "time": "06.12.2020 16:27",
            "open": "0.2786",
            "high": "0.2786",
            "low": "0.2786",
            "close": "0.2788"
        },
        {
            "time": "06.12.2020 16:29",
            "open": "0.2788",
            "high": "0.2788",
            "low": "0.2788",
            "close": "0.2785"
        },
        {
            "time": "06.12.2020 16:31",
            "open": "0.2785",
            "high": "0.2785",
            "low": "0.2785",
            "close": "0.2785"
        },
        {
            "time": "06.12.2020 16:32",
            "open": "0.2785",
            "high": "0.2785",
            "low": "0.2785",
            "close": "0.2794"
        },
        {
            "time": "06.12.2020 16:35",
            "open": "0.2794",
            "high": "0.2794",
            "low": "0.2794",
            "close": "0.2789"
        },
        {
            "time": "06.12.2020 16:36",
            "open": "0.2789",
            "high": "0.2789",
            "low": "0.2789",
            "close": "0.2787"
        },
        {
            "time": "06.12.2020 16:40",
            "open": "0.2787",
            "high": "0.2787",
            "low": "0.2787",
            "close": "0.2787"
        },
        {
            "time": "06.12.2020 16:46",
            "open": "0.2787",
            "high": "0.2787",
            "low": "0.2787",
            "close": "0.278"
        },
        {
            "time": "06.12.2020 16:48",
            "open": "0.278",
            "high": "0.278",
            "low": "0.278",
            "close": "0.2783"
        },
        {
            "time": "06.12.2020 16:50",
            "open": "0.2783",
            "high": "0.2783",
            "low": "0.2783",
            "close": "0.2793"
        },
        {
            "time": "06.12.2020 16:55",
            "open": "0.2793",
            "high": "0.2801",
            "low": "0.2793",
            "close": "0.28"
        },
        {
            "time": "06.12.2020 16:56",
            "open": "0.28",
            "high": "0.28",
            "low": "0.2794",
            "close": "0.2788"
        },
        {
            "time": "06.12.2020 16:57",
            "open": "0.2788",
            "high": "0.2792",
            "low": "0.2788",
            "close": "0.2792"
        },
        {
            "time": "06.12.2020 16:58",
            "open": "0.2792",
            "high": "0.2792",
            "low": "0.2787",
            "close": "0.2785"
        },
        {
            "time": "06.12.2020 16:59",
            "open": "0.2785",
            "high": "0.2792",
            "low": "0.2785",
            "close": "0.2787"
        },
        {
            "time": "06.12.2020 17:00",
            "open": "0.2787",
            "high": "0.2791",
            "low": "0.2784",
            "close": "0.2778"
        },
        {
            "time": "06.12.2020 17:01",
            "open": "0.2778",
            "high": "0.2793",
            "low": "0.2777",
            "close": "0.2786"
        },
        {
            "time": "06.12.2020 17:02",
            "open": "0.2786",
            "high": "0.2786",
            "low": "0.2784",
            "close": "0.2797"
        },
        {
            "time": "06.12.2020 17:05",
            "open": "0.2797",
            "high": "0.2799",
            "low": "0.2796",
            "close": "0.28"
        },
        {
            "time": "06.12.2020 17:06",
            "open": "0.28",
            "high": "0.28",
            "low": "0.2796",
            "close": "0.279"
        },
        {
            "time": "06.12.2020 17:07",
            "open": "0.279",
            "high": "0.2791",
            "low": "0.279",
            "close": "0.2793"
        },
        {
            "time": "06.12.2020 17:08",
            "open": "0.2793",
            "high": "0.2793",
            "low": "0.2791",
            "close": "0.279"
        },
        {
            "time": "06.12.2020 17:09",
            "open": "0.279",
            "high": "0.279",
            "low": "0.2785",
            "close": "0.2782"
        },
        {
            "time": "06.12.2020 17:10",
            "open": "0.2782",
            "high": "0.2786",
            "low": "0.2782",
            "close": "0.2782"
        },
        {
            "time": "06.12.2020 17:13",
            "open": "0.2782",
            "high": "0.2783",
            "low": "0.2782",
            "close": "0.2776"
        },
        {
            "time": "06.12.2020 17:16",
            "open": "0.2776",
            "high": "0.2776",
            "low": "0.2768",
            "close": "0.2767"
        },
        {
            "time": "06.12.2020 17:17",
            "open": "0.2767",
            "high": "0.2767",
            "low": "0.2761",
            "close": "0.2764"
        },
        {
            "time": "06.12.2020 17:18",
            "open": "0.2764",
            "high": "0.2765",
            "low": "0.2764",
            "close": "0.2768"
        },
        {
            "time": "06.12.2020 17:19",
            "open": "0.2768",
            "high": "0.2768",
            "low": "0.2768",
            "close": "0.277"
        },
        {
            "time": "06.12.2020 17:20",
            "open": "0.277",
            "high": "0.277",
            "low": "0.2765",
            "close": "0.2757"
        },
        {
            "time": "06.12.2020 17:22",
            "open": "0.2757",
            "high": "0.2758",
            "low": "0.2757",
            "close": "0.2761"
        },
        {
            "time": "06.12.2020 17:23",
            "open": "0.2761",
            "high": "0.2761",
            "low": "0.2761",
            "close": "0.2763"
        },
        {
            "time": "06.12.2020 17:25",
            "open": "0.2763",
            "high": "0.2764",
            "low": "0.2763",
            "close": "0.2754"
        },
        {
            "time": "06.12.2020 17:26",
            "open": "0.2754",
            "high": "0.2754",
            "low": "0.2754",
            "close": "0.2766"
        },
        {
            "time": "06.12.2020 17:27",
            "open": "0.2766",
            "high": "0.2766",
            "low": "0.2755",
            "close": "0.2762"
        },
        {
            "time": "06.12.2020 17:30",
            "open": "0.2762",
            "high": "0.2768",
            "low": "0.2762",
            "close": "0.276"
        },
        {
            "time": "06.12.2020 17:34",
            "open": "0.276",
            "high": "0.276",
            "low": "0.276",
            "close": "0.276"
        },
        {
            "time": "06.12.2020 17:35",
            "open": "0.276",
            "high": "0.276",
            "low": "0.2759",
            "close": "0.2763"
        },
        {
            "time": "06.12.2020 17:36",
            "open": "0.2763",
            "high": "0.2769",
            "low": "0.2763",
            "close": "0.2774"
        },
        {
            "time": "06.12.2020 17:41",
            "open": "0.2774",
            "high": "0.2774",
            "low": "0.2774",
            "close": "0.2777"
        },
        {
            "time": "06.12.2020 17:45",
            "open": "0.2777",
            "high": "0.2777",
            "low": "0.2777",
            "close": "0.2761"
        },
        {
            "time": "06.12.2020 17:52",
            "open": "0.2761",
            "high": "0.2761",
            "low": "0.2761",
            "close": "0.2772"
        },
        {
            "time": "06.12.2020 17:54",
            "open": "0.2772",
            "high": "0.2772",
            "low": "0.2772",
            "close": "0.2767"
        },
        {
            "time": "06.12.2020 17:59",
            "open": "0.2767",
            "high": "0.2767",
            "low": "0.2767",
            "close": "0.2772"
        },
        {
            "time": "06.12.2020 18:00",
            "open": "0.2772",
            "high": "0.2772",
            "low": "0.2772",
            "close": "0.2774"
        },
        {
            "time": "06.12.2020 18:01",
            "open": "0.2774",
            "high": "0.2774",
            "low": "0.2774",
            "close": "0.2768"
        },
        {
            "time": "06.12.2020 18:03",
            "open": "0.2768",
            "high": "0.2768",
            "low": "0.2768",
            "close": "0.2771"
        },
        {
            "time": "06.12.2020 18:04",
            "open": "0.2771",
            "high": "0.2771",
            "low": "0.2771",
            "close": "0.2766"
        },
        {
            "time": "06.12.2020 18:06",
            "open": "0.2766",
            "high": "0.2766",
            "low": "0.2766",
            "close": "0.2768"
        },
        {
            "time": "06.12.2020 18:10",
            "open": "0.2768",
            "high": "0.2768",
            "low": "0.2768",
            "close": "0.2769"
        },
        {
            "time": "06.12.2020 18:12",
            "open": "0.2769",
            "high": "0.2769",
            "low": "0.2769",
            "close": "0.2776"
        },
        {
            "time": "06.12.2020 18:16",
            "open": "0.2776",
            "high": "0.2776",
            "low": "0.2776",
            "close": "0.2785"
        },
        {
            "time": "06.12.2020 18:20",
            "open": "0.2785",
            "high": "0.2785",
            "low": "0.2785",
            "close": "0.2783"
        },
        {
            "time": "06.12.2020 18:23",
            "open": "0.2783",
            "high": "0.2783",
            "low": "0.2783",
            "close": "0.278"
        },
        {
            "time": "06.12.2020 18:27",
            "open": "0.278",
            "high": "0.278",
            "low": "0.2779",
            "close": "0.2775"
        },
        {
            "time": "06.12.2020 18:28",
            "open": "0.2775",
            "high": "0.2776",
            "low": "0.2775",
            "close": "0.2779"
        },
        {
            "time": "06.12.2020 18:33",
            "open": "0.2779",
            "high": "0.2784",
            "low": "0.2779",
            "close": "0.2779"
        },
        {
            "time": "06.12.2020 18:35",
            "open": "0.2779",
            "high": "0.2782",
            "low": "0.2779",
            "close": "0.2781"
        },
        {
            "time": "06.12.2020 18:40",
            "open": "0.2781",
            "high": "0.2782",
            "low": "0.2777",
            "close": "0.278"
        },
        {
            "time": "06.12.2020 18:41",
            "open": "0.278",
            "high": "0.278",
            "low": "0.278",
            "close": "0.2779"
        },
        {
            "time": "06.12.2020 18:43",
            "open": "0.2779",
            "high": "0.278",
            "low": "0.2779",
            "close": "0.2775"
        },
        {
            "time": "06.12.2020 18:44",
            "open": "0.2775",
            "high": "0.2775",
            "low": "0.2775",
            "close": "0.2774"
        },
        {
            "time": "06.12.2020 18:45",
            "open": "0.2774",
            "high": "0.2774",
            "low": "0.2774",
            "close": "0.2774"
        },
        {
            "time": "06.12.2020 18:48",
            "open": "0.2774",
            "high": "0.2774",
            "low": "0.2774",
            "close": "0.2779"
        },
        {
            "time": "06.12.2020 18:55",
            "open": "0.2779",
            "high": "0.2784",
            "low": "0.2779",
            "close": "0.2784"
        },
        {
            "time": "06.12.2020 18:59",
            "open": "0.2784",
            "high": "0.2784",
            "low": "0.2784",
            "close": "0.2775"
        },
        {
            "time": "06.12.2020 19:08",
            "open": "0.2775",
            "high": "0.2775",
            "low": "0.2775",
            "close": "0.2783"
        },
        {
            "time": "06.12.2020 19:13",
            "open": "0.2783",
            "high": "0.2783",
            "low": "0.2783",
            "close": "0.2792"
        },
        {
            "time": "06.12.2020 19:15",
            "open": "0.2792",
            "high": "0.2792",
            "low": "0.2792",
            "close": "0.2801"
        },
        {
            "time": "06.12.2020 19:19",
            "open": "0.2801",
            "high": "0.2801",
            "low": "0.2801",
            "close": "0.2803"
        },
        {
            "time": "06.12.2020 19:26",
            "open": "0.2803",
            "high": "0.2805",
            "low": "0.2803",
            "close": "0.2796"
        },
        {
            "time": "06.12.2020 19:27",
            "open": "0.2796",
            "high": "0.2796",
            "low": "0.2792",
            "close": "0.2804"
        },
        {
            "time": "06.12.2020 19:30",
            "open": "0.2804",
            "high": "0.2804",
            "low": "0.2804",
            "close": "0.28"
        },
        {
            "time": "06.12.2020 19:38",
            "open": "0.28",
            "high": "0.28",
            "low": "0.28",
            "close": "0.28"
        },
        {
            "time": "06.12.2020 19:44",
            "open": "0.28",
            "high": "0.2804",
            "low": "0.28",
            "close": "0.28"
        },
        {
            "time": "06.12.2020 19:45",
            "open": "0.28",
            "high": "0.28",
            "low": "0.28",
            "close": "0.2803"
        },
        {
            "time": "06.12.2020 19:48",
            "open": "0.2803",
            "high": "0.2803",
            "low": "0.2803",
            "close": "0.2798"
        },
        {
            "time": "06.12.2020 19:50",
            "open": "0.2798",
            "high": "0.2798",
            "low": "0.2798",
            "close": "0.28"
        },
        {
            "time": "06.12.2020 19:54",
            "open": "0.28",
            "high": "0.28",
            "low": "0.28",
            "close": "0.2802"
        },
        {
            "time": "06.12.2020 20:09",
            "open": "0.2802",
            "high": "0.2802",
            "low": "0.2798",
            "close": "0.2801"
        },
        {
            "time": "06.12.2020 20:12",
            "open": "0.2801",
            "high": "0.2802",
            "low": "0.2801",
            "close": "0.2802"
        },
        {
            "time": "06.12.2020 20:13",
            "open": "0.2802",
            "high": "0.2802",
            "low": "0.2802",
            "close": "0.2802"
        },
        {
            "time": "06.12.2020 20:14",
            "open": "0.2802",
            "high": "0.2802",
            "low": "0.2802",
            "close": "0.2795"
        },
        {
            "time": "06.12.2020 20:20",
            "open": "0.2795",
            "high": "0.2795",
            "low": "0.2794",
            "close": "0.2783"
        },
        {
            "time": "06.12.2020 20:22",
            "open": "0.2783",
            "high": "0.2786",
            "low": "0.2783",
            "close": "0.278"
        },
        {
            "time": "06.12.2020 20:26",
            "open": "0.278",
            "high": "0.278",
            "low": "0.278",
            "close": "0.2791"
        },
        {
            "time": "06.12.2020 20:35",
            "open": "0.2791",
            "high": "0.2791",
            "low": "0.2784",
            "close": "0.2794"
        },
        {
            "time": "06.12.2020 20:36",
            "open": "0.2794",
            "high": "0.2797",
            "low": "0.2794",
            "close": "0.2796"
        },
        {
            "time": "06.12.2020 20:37",
            "open": "0.2796",
            "high": "0.2796",
            "low": "0.2796",
            "close": "0.2793"
        },
        {
            "time": "06.12.2020 20:38",
            "open": "0.2793",
            "high": "0.2793",
            "low": "0.2792",
            "close": "0.2783"
        },
        {
            "time": "06.12.2020 20:40",
            "open": "0.2783",
            "high": "0.2789",
            "low": "0.2783",
            "close": "0.2814"
        },
        {
            "time": "06.12.2020 20:56",
            "open": "0.2814",
            "high": "0.2814",
            "low": "0.2812",
            "close": "0.2809"
        },
        {
            "time": "06.12.2020 20:59",
            "open": "0.2809",
            "high": "0.2809",
            "low": "0.2805",
            "close": "0.2805"
        },
        {
            "time": "06.12.2020 21:00",
            "open": "0.2805",
            "high": "0.2809",
            "low": "0.2805",
            "close": "0.2809"
        },
        {
            "time": "06.12.2020 21:01",
            "open": "0.2809",
            "high": "0.2809",
            "low": "0.2806",
            "close": "0.2811"
        },
        {
            "time": "06.12.2020 21:06",
            "open": "0.2811",
            "high": "0.2811",
            "low": "0.2811",
            "close": "0.2806"
        },
        {
            "time": "06.12.2020 21:08",
            "open": "0.2806",
            "high": "0.2806",
            "low": "0.2801",
            "close": "0.2785"
        },
        {
            "time": "06.12.2020 21:11",
            "open": "0.2785",
            "high": "0.2785",
            "low": "0.2777",
            "close": "0.2779"
        },
        {
            "time": "06.12.2020 21:12",
            "open": "0.2779",
            "high": "0.2783",
            "low": "0.2775",
            "close": "0.2778"
        },
        {
            "time": "06.12.2020 21:13",
            "open": "0.2778",
            "high": "0.2783",
            "low": "0.2777",
            "close": "0.2788"
        },
        {
            "time": "06.12.2020 21:14",
            "open": "0.2788",
            "high": "0.279",
            "low": "0.2786",
            "close": "0.2787"
        },
        {
            "time": "06.12.2020 21:15",
            "open": "0.2787",
            "high": "0.279",
            "low": "0.2787",
            "close": "0.279"
        },
        {
            "time": "06.12.2020 21:16",
            "open": "0.279",
            "high": "0.279",
            "low": "0.2786",
            "close": "0.2788"
        },
        {
            "time": "06.12.2020 21:19",
            "open": "0.2788",
            "high": "0.2792",
            "low": "0.2785",
            "close": "0.2784"
        },
        {
            "time": "06.12.2020 21:20",
            "open": "0.2784",
            "high": "0.2789",
            "low": "0.2784",
            "close": "0.2797"
        },
        {
            "time": "06.12.2020 21:21",
            "open": "0.2797",
            "high": "0.2797",
            "low": "0.2783",
            "close": "0.2788"
        },
        {
            "time": "06.12.2020 21:22",
            "open": "0.2788",
            "high": "0.2788",
            "low": "0.2788",
            "close": "0.2786"
        },
        {
            "time": "06.12.2020 21:24",
            "open": "0.2786",
            "high": "0.2786",
            "low": "0.2784",
            "close": "0.2789"
        },
        {
            "time": "06.12.2020 21:26",
            "open": "0.2789",
            "high": "0.2791",
            "low": "0.2789",
            "close": "0.2787"
        },
        {
            "time": "06.12.2020 21:31",
            "open": "0.2787",
            "high": "0.2787",
            "low": "0.2787",
            "close": "0.2792"
        },
        {
            "time": "06.12.2020 21:32",
            "open": "0.2792",
            "high": "0.2792",
            "low": "0.2786",
            "close": "0.2781"
        },
        {
            "time": "06.12.2020 21:39",
            "open": "0.2781",
            "high": "0.2781",
            "low": "0.2781",
            "close": "0.2786"
        },
        {
            "time": "06.12.2020 21:41",
            "open": "0.2786",
            "high": "0.2786",
            "low": "0.2786",
            "close": "0.2794"
        },
        {
            "time": "06.12.2020 21:42",
            "open": "0.2794",
            "high": "0.2794",
            "low": "0.2794",
            "close": "0.2788"
        },
        {
            "time": "06.12.2020 21:43",
            "open": "0.2788",
            "high": "0.2788",
            "low": "0.2788",
            "close": "0.279"
        },
        {
            "time": "06.12.2020 21:45",
            "open": "0.279",
            "high": "0.279",
            "low": "0.279",
            "close": "0.2794"
        },
        {
            "time": "06.12.2020 21:47",
            "open": "0.2794",
            "high": "0.2794",
            "low": "0.2794",
            "close": "0.2789"
        },
        {
            "time": "06.12.2020 21:48",
            "open": "0.2789",
            "high": "0.2789",
            "low": "0.2789",
            "close": "0.2783"
        },
        {
            "time": "06.12.2020 21:50",
            "open": "0.2783",
            "high": "0.2783",
            "low": "0.2783",
            "close": "0.278"
        },
        {
            "time": "06.12.2020 21:51",
            "open": "0.278",
            "high": "0.2786",
            "low": "0.278",
            "close": "0.2785"
        },
        {
            "time": "06.12.2020 21:52",
            "open": "0.2785",
            "high": "0.2788",
            "low": "0.2785",
            "close": "0.2795"
        },
        {
            "time": "06.12.2020 21:55",
            "open": "0.2795",
            "high": "0.2795",
            "low": "0.2795",
            "close": "0.2795"
        },
        {
            "time": "06.12.2020 21:56",
            "open": "0.2795",
            "high": "0.2795",
            "low": "0.2791",
            "close": "0.2788"
        },
        {
            "time": "06.12.2020 21:57",
            "open": "0.2788",
            "high": "0.2788",
            "low": "0.2788",
            "close": "0.279"
        },
        {
            "time": "06.12.2020 21:59",
            "open": "0.279",
            "high": "0.279",
            "low": "0.279",
            "close": "0.279"
        },
        {
            "time": "06.12.2020 22:00",
            "open": "0.279",
            "high": "0.279",
            "low": "0.279",
            "close": "0.2785"
        },
        {
            "time": "06.12.2020 22:02",
            "open": "0.2785",
            "high": "0.2785",
            "low": "0.2775",
            "close": "0.278"
        },
        {
            "time": "06.12.2020 22:04",
            "open": "0.278",
            "high": "0.2782",
            "low": "0.2778",
            "close": "0.2774"
        },
        {
            "time": "06.12.2020 22:05",
            "open": "0.2774",
            "high": "0.2774",
            "low": "0.2774",
            "close": "0.2766"
        },
        {
            "time": "06.12.2020 22:06",
            "open": "0.2766",
            "high": "0.2766",
            "low": "0.2759",
            "close": "0.2754"
        },
        {
            "time": "06.12.2020 22:07",
            "open": "0.2754",
            "high": "0.276",
            "low": "0.2754",
            "close": "0.2758"
        },
        {
            "time": "06.12.2020 22:08",
            "open": "0.2758",
            "high": "0.2762",
            "low": "0.2758",
            "close": "0.2766"
        },
        {
            "time": "06.12.2020 22:09",
            "open": "0.2766",
            "high": "0.2766",
            "low": "0.2764",
            "close": "0.2767"
        },
        {
            "time": "06.12.2020 22:10",
            "open": "0.2767",
            "high": "0.277",
            "low": "0.2767",
            "close": "0.2773"
        },
        {
            "time": "06.12.2020 22:11",
            "open": "0.2773",
            "high": "0.2773",
            "low": "0.2773",
            "close": "0.2772"
        },
        {
            "time": "06.12.2020 22:14",
            "open": "0.2772",
            "high": "0.2772",
            "low": "0.2772",
            "close": "0.2765"
        },
        {
            "time": "06.12.2020 22:15",
            "open": "0.2765",
            "high": "0.2765",
            "low": "0.2765",
            "close": "0.2768"
        },
        {
            "time": "06.12.2020 22:20",
            "open": "0.2768",
            "high": "0.2768",
            "low": "0.2768",
            "close": "0.2772"
        },
        {
            "time": "06.12.2020 22:21",
            "open": "0.2772",
            "high": "0.2772",
            "low": "0.2772",
            "close": "0.2765"
        },
        {
            "time": "06.12.2020 22:26",
            "open": "0.2765",
            "high": "0.2765",
            "low": "0.2765",
            "close": "0.2765"
        },
        {
            "time": "06.12.2020 22:29",
            "open": "0.2765",
            "high": "0.2765",
            "low": "0.2765",
            "close": "0.2765"
        },
        {
            "time": "06.12.2020 22:30",
            "open": "0.2765",
            "high": "0.2765",
            "low": "0.2765",
            "close": "0.2765"
        },
        {
            "time": "06.12.2020 22:31",
            "open": "0.2765",
            "high": "0.2777",
            "low": "0.2765",
            "close": "0.2753"
        },
        {
            "time": "06.12.2020 22:37",
            "open": "0.2753",
            "high": "0.2753",
            "low": "0.2753",
            "close": "0.276"
        },
        {
            "time": "06.12.2020 22:38",
            "open": "0.276",
            "high": "0.276",
            "low": "0.276",
            "close": "0.2757"
        },
        {
            "time": "06.12.2020 22:40",
            "open": "0.2757",
            "high": "0.2757",
            "low": "0.2757",
            "close": "0.2757"
        },
        {
            "time": "06.12.2020 22:41",
            "open": "0.2757",
            "high": "0.2757",
            "low": "0.2757",
            "close": "0.2755"
        },
        {
            "time": "06.12.2020 22:45",
            "open": "0.2755",
            "high": "0.2756",
            "low": "0.2755",
            "close": "0.2761"
        },
        {
            "time": "06.12.2020 22:46",
            "open": "0.2761",
            "high": "0.2768",
            "low": "0.2761",
            "close": "0.2754"
        },
        {
            "time": "06.12.2020 22:50",
            "open": "0.2754",
            "high": "0.2754",
            "low": "0.2754",
            "close": "0.2756"
        },
        {
            "time": "06.12.2020 22:55",
            "open": "0.2756",
            "high": "0.2756",
            "low": "0.2752",
            "close": "0.2753"
        },
        {
            "time": "06.12.2020 22:56",
            "open": "0.2753",
            "high": "0.2753",
            "low": "0.2753",
            "close": "0.2753"
        },
        {
            "time": "06.12.2020 22:59",
            "open": "0.2753",
            "high": "0.2756",
            "low": "0.2753",
            "close": "0.2754"
        },
        {
            "time": "06.12.2020 23:00",
            "open": "0.2754",
            "high": "0.2755",
            "low": "0.2754",
            "close": "0.2762"
        },
        {
            "time": "06.12.2020 23:01",
            "open": "0.2762",
            "high": "0.2762",
            "low": "0.2762",
            "close": "0.2762"
        },
        {
            "time": "06.12.2020 23:02",
            "open": "0.2762",
            "high": "0.2762",
            "low": "0.2753",
            "close": "0.276"
        },
        {
            "time": "06.12.2020 23:05",
            "open": "0.276",
            "high": "0.276",
            "low": "0.276",
            "close": "0.2764"
        },
        {
            "time": "06.12.2020 23:08",
            "open": "0.2764",
            "high": "0.2764",
            "low": "0.2759",
            "close": "0.2764"
        },
        {
            "time": "06.12.2020 23:09",
            "open": "0.2764",
            "high": "0.2772",
            "low": "0.2764",
            "close": "0.2771"
        },
        {
            "time": "06.12.2020 23:13",
            "open": "0.2771",
            "high": "0.2771",
            "low": "0.2771",
            "close": "0.2765"
        },
        {
            "time": "06.12.2020 23:20",
            "open": "0.2765",
            "high": "0.2765",
            "low": "0.2765",
            "close": "0.2762"
        },
        {
            "time": "06.12.2020 23:27",
            "open": "0.2762",
            "high": "0.2762",
            "low": "0.2762",
            "close": "0.2757"
        },
        {
            "time": "06.12.2020 23:31",
            "open": "0.2757",
            "high": "0.2757",
            "low": "0.2757",
            "close": "0.2761"
        },
        {
            "time": "06.12.2020 23:32",
            "open": "0.2761",
            "high": "0.2762",
            "low": "0.2761",
            "close": "0.2756"
        },
        {
            "time": "06.12.2020 23:33",
            "open": "0.2756",
            "high": "0.2756",
            "low": "0.2756",
            "close": "0.275"
        },
        {
            "time": "06.12.2020 23:37",
            "open": "0.275",
            "high": "0.275",
            "low": "0.2733",
            "close": "0.2738"
        },
        {
            "time": "06.12.2020 23:38",
            "open": "0.2738",
            "high": "0.2738",
            "low": "0.2737",
            "close": "0.274"
        },
        {
            "time": "06.12.2020 23:39",
            "open": "0.274",
            "high": "0.2749",
            "low": "0.274",
            "close": "0.2744"
        },
        {
            "time": "06.12.2020 23:40",
            "open": "0.2744",
            "high": "0.2747",
            "low": "0.2743",
            "close": "0.2751"
        },
        {
            "time": "06.12.2020 23:41",
            "open": "0.2751",
            "high": "0.2751",
            "low": "0.2751",
            "close": "0.2754"
        },
        {
            "time": "06.12.2020 23:42",
            "open": "0.2754",
            "high": "0.2754",
            "low": "0.2754",
            "close": "0.2745"
        },
        {
            "time": "06.12.2020 23:44",
            "open": "0.2745",
            "high": "0.2745",
            "low": "0.2745",
            "close": "0.2749"
        },
        {
            "time": "06.12.2020 23:45",
            "open": "0.2749",
            "high": "0.2749",
            "low": "0.2749",
            "close": "0.2751"
        },
        {
            "time": "06.12.2020 23:49",
            "open": "0.2751",
            "high": "0.2751",
            "low": "0.2751",
            "close": "0.2746"
        },
        {
            "time": "06.12.2020 23:52",
            "open": "0.2746",
            "high": "0.2746",
            "low": "0.2746",
            "close": "0.2752"
        },
        {
            "time": "06.12.2020 23:54",
            "open": "0.2752",
            "high": "0.2752",
            "low": "0.2751",
            "close": "0.2751"
        },
        {
            "time": "06.12.2020 23:55",
            "open": "0.2751",
            "high": "0.2758",
            "low": "0.2751",
            "close": "0.2762"
        }
    ]
}