{
    "ALGO-EUR": [
        {
            "time": "10.12.2020 23:31",
            "open": "0.2434",
            "high": "0.2434",
            "low": "0.2434",
            "close": "0.2434"
        },
        {
            "time": "11.12.2020 00:01",
            "open": "0.2434",
            "high": "0.2434",
            "low": "0.2434",
            "close": "0.2435"
        },
        {
            "time": "11.12.2020 00:03",
            "open": "0.2435",
            "high": "0.2435",
            "low": "0.2435",
            "close": "0.2434"
        },
        {
            "time": "11.12.2020 00:05",
            "open": "0.2434",
            "high": "0.2434",
            "low": "0.2434",
            "close": "0.2432"
        },
        {
            "time": "11.12.2020 00:07",
            "open": "0.2432",
            "high": "0.2432",
            "low": "0.2432",
            "close": "0.2425"
        },
        {
            "time": "11.12.2020 00:16",
            "open": "0.2425",
            "high": "0.2425",
            "low": "0.2425",
            "close": "0.242"
        },
        {
            "time": "11.12.2020 00:32",
            "open": "0.242",
            "high": "0.242",
            "low": "0.242",
            "close": "0.2418"
        },
        {
            "time": "11.12.2020 00:33",
            "open": "0.2418",
            "high": "0.2419",
            "low": "0.2418",
            "close": "0.2414"
        },
        {
            "time": "11.12.2020 00:34",
            "open": "0.2414",
            "high": "0.2414",
            "low": "0.2414",
            "close": "0.2414"
        },
        {
            "time": "11.12.2020 00:37",
            "open": "0.2414",
            "high": "0.2414",
            "low": "0.2414",
            "close": "0.2419"
        },
        {
            "time": "11.12.2020 00:40",
            "open": "0.2419",
            "high": "0.2419",
            "low": "0.2419",
            "close": "0.2434"
        },
        {
            "time": "11.12.2020 00:43",
            "open": "0.2434",
            "high": "0.2434",
            "low": "0.2434",
            "close": "0.2426"
        },
        {
            "time": "11.12.2020 00:52",
            "open": "0.2426",
            "high": "0.2426",
            "low": "0.2426",
            "close": "0.2425"
        },
        {
            "time": "11.12.2020 00:57",
            "open": "0.2425",
            "high": "0.2425",
            "low": "0.2425",
            "close": "0.2425"
        },
        {
            "time": "11.12.2020 01:00",
            "open": "0.2425",
            "high": "0.2425",
            "low": "0.2425",
            "close": "0.2427"
        },
        {
            "time": "11.12.2020 01:02",
            "open": "0.2427",
            "high": "0.2427",
            "low": "0.242",
            "close": "0.2414"
        },
        {
            "time": "11.12.2020 01:03",
            "open": "0.2414",
            "high": "0.2414",
            "low": "0.2414",
            "close": "0.2411"
        },
        {
            "time": "11.12.2020 01:04",
            "open": "0.2411",
            "high": "0.2411",
            "low": "0.241",
            "close": "0.2406"
        },
        {
            "time": "11.12.2020 01:07",
            "open": "0.2406",
            "high": "0.2406",
            "low": "0.2406",
            "close": "0.2413"
        },
        {
            "time": "11.12.2020 01:11",
            "open": "0.2413",
            "high": "0.2413",
            "low": "0.2413",
            "close": "0.2405"
        },
        {
            "time": "11.12.2020 01:14",
            "open": "0.2405",
            "high": "0.2405",
            "low": "0.2405",
            "close": "0.2401"
        },
        {
            "time": "11.12.2020 01:17",
            "open": "0.2401",
            "high": "0.2401",
            "low": "0.2401",
            "close": "0.24"
        },
        {
            "time": "11.12.2020 01:19",
            "open": "0.24",
            "high": "0.24",
            "low": "0.24",
            "close": "0.24"
        },
        {
            "time": "11.12.2020 01:21",
            "open": "0.24",
            "high": "0.24",
            "low": "0.24",
            "close": "0.2397"
        },
        {
            "time": "11.12.2020 01:25",
            "open": "0.2397",
            "high": "0.2397",
            "low": "0.2397",
            "close": "0.2397"
        },
        {
            "time": "11.12.2020 01:26",
            "open": "0.2397",
            "high": "0.2397",
            "low": "0.2397",
            "close": "0.2396"
        },
        {
            "time": "11.12.2020 01:29",
            "open": "0.2396",
            "high": "0.2396",
            "low": "0.2392",
            "close": "0.2386"
        },
        {
            "time": "11.12.2020 01:30",
            "open": "0.2386",
            "high": "0.2386",
            "low": "0.2385",
            "close": "0.2382"
        },
        {
            "time": "11.12.2020 01:38",
            "open": "0.2382",
            "high": "0.2382",
            "low": "0.2382",
            "close": "0.2383"
        },
        {
            "time": "11.12.2020 01:39",
            "open": "0.2383",
            "high": "0.2384",
            "low": "0.2383",
            "close": "0.2382"
        },
        {
            "time": "11.12.2020 01:40",
            "open": "0.2382",
            "high": "0.2382",
            "low": "0.238",
            "close": "0.2373"
        },
        {
            "time": "11.12.2020 01:42",
            "open": "0.2373",
            "high": "0.2373",
            "low": "0.2369",
            "close": "0.2369"
        },
        {
            "time": "11.12.2020 01:43",
            "open": "0.2369",
            "high": "0.2369",
            "low": "0.2369",
            "close": "0.2368"
        },
        {
            "time": "11.12.2020 01:44",
            "open": "0.2368",
            "high": "0.2368",
            "low": "0.2368",
            "close": "0.2365"
        },
        {
            "time": "11.12.2020 01:46",
            "open": "0.2365",
            "high": "0.2365",
            "low": "0.2365",
            "close": "0.237"
        },
        {
            "time": "11.12.2020 01:47",
            "open": "0.237",
            "high": "0.237",
            "low": "0.237",
            "close": "0.2363"
        },
        {
            "time": "11.12.2020 01:50",
            "open": "0.2363",
            "high": "0.2363",
            "low": "0.2361",
            "close": "0.2361"
        },
        {
            "time": "11.12.2020 01:51",
            "open": "0.2361",
            "high": "0.2361",
            "low": "0.235",
            "close": "0.235"
        },
        {
            "time": "11.12.2020 01:52",
            "open": "0.235",
            "high": "0.2352",
            "low": "0.235",
            "close": "0.2344"
        },
        {
            "time": "11.12.2020 01:53",
            "open": "0.2344",
            "high": "0.2344",
            "low": "0.2335",
            "close": "0.2335"
        },
        {
            "time": "11.12.2020 01:55",
            "open": "0.2335",
            "high": "0.2338",
            "low": "0.2335",
            "close": "0.233"
        },
        {
            "time": "11.12.2020 02:01",
            "open": "0.233",
            "high": "0.233",
            "low": "0.233",
            "close": "0.2337"
        },
        {
            "time": "11.12.2020 02:02",
            "open": "0.2337",
            "high": "0.2338",
            "low": "0.2337",
            "close": "0.2343"
        },
        {
            "time": "11.12.2020 02:04",
            "open": "0.2343",
            "high": "0.2343",
            "low": "0.2343",
            "close": "0.2349"
        },
        {
            "time": "11.12.2020 02:05",
            "open": "0.2349",
            "high": "0.2349",
            "low": "0.2349",
            "close": "0.234"
        },
        {
            "time": "11.12.2020 02:06",
            "open": "0.234",
            "high": "0.2341",
            "low": "0.234",
            "close": "0.2354"
        },
        {
            "time": "11.12.2020 02:10",
            "open": "0.2354",
            "high": "0.2354",
            "low": "0.2354",
            "close": "0.2341"
        },
        {
            "time": "11.12.2020 02:13",
            "open": "0.2341",
            "high": "0.2344",
            "low": "0.2341",
            "close": "0.2337"
        },
        {
            "time": "11.12.2020 02:16",
            "open": "0.2337",
            "high": "0.2337",
            "low": "0.2337",
            "close": "0.234"
        },
        {
            "time": "11.12.2020 02:17",
            "open": "0.234",
            "high": "0.234",
            "low": "0.234",
            "close": "0.2338"
        },
        {
            "time": "11.12.2020 02:20",
            "open": "0.2338",
            "high": "0.2338",
            "low": "0.2338",
            "close": "0.2335"
        },
        {
            "time": "11.12.2020 02:22",
            "open": "0.2335",
            "high": "0.2335",
            "low": "0.2335",
            "close": "0.2333"
        },
        {
            "time": "11.12.2020 02:23",
            "open": "0.2333",
            "high": "0.2338",
            "low": "0.2333",
            "close": "0.2334"
        },
        {
            "time": "11.12.2020 02:24",
            "open": "0.2334",
            "high": "0.2334",
            "low": "0.2334",
            "close": "0.233"
        },
        {
            "time": "11.12.2020 02:25",
            "open": "0.233",
            "high": "0.2335",
            "low": "0.233",
            "close": "0.2325"
        },
        {
            "time": "11.12.2020 02:30",
            "open": "0.2325",
            "high": "0.2325",
            "low": "0.2324",
            "close": "0.2323"
        },
        {
            "time": "11.12.2020 02:31",
            "open": "0.2323",
            "high": "0.2325",
            "low": "0.2321",
            "close": "0.2327"
        },
        {
            "time": "11.12.2020 02:32",
            "open": "0.2327",
            "high": "0.2333",
            "low": "0.2327",
            "close": "0.2335"
        },
        {
            "time": "11.12.2020 02:36",
            "open": "0.2335",
            "high": "0.2335",
            "low": "0.2335",
            "close": "0.2346"
        },
        {
            "time": "11.12.2020 02:45",
            "open": "0.2346",
            "high": "0.2346",
            "low": "0.2346",
            "close": "0.2337"
        },
        {
            "time": "11.12.2020 02:46",
            "open": "0.2337",
            "high": "0.2337",
            "low": "0.2337",
            "close": "0.2328"
        },
        {
            "time": "11.12.2020 02:49",
            "open": "0.2328",
            "high": "0.2328",
            "low": "0.2328",
            "close": "0.2332"
        },
        {
            "time": "11.12.2020 02:52",
            "open": "0.2332",
            "high": "0.2332",
            "low": "0.2332",
            "close": "0.2334"
        },
        {
            "time": "11.12.2020 03:01",
            "open": "0.2334",
            "high": "0.2334",
            "low": "0.2334",
            "close": "0.2327"
        },
        {
            "time": "11.12.2020 03:02",
            "open": "0.2327",
            "high": "0.2327",
            "low": "0.2327",
            "close": "0.2328"
        },
        {
            "time": "11.12.2020 03:03",
            "open": "0.2328",
            "high": "0.2328",
            "low": "0.2328",
            "close": "0.2325"
        },
        {
            "time": "11.12.2020 03:09",
            "open": "0.2325",
            "high": "0.2325",
            "low": "0.2325",
            "close": "0.2326"
        },
        {
            "time": "11.12.2020 03:10",
            "open": "0.2326",
            "high": "0.2326",
            "low": "0.2326",
            "close": "0.2326"
        },
        {
            "time": "11.12.2020 03:13",
            "open": "0.2326",
            "high": "0.2326",
            "low": "0.2326",
            "close": "0.2332"
        },
        {
            "time": "11.12.2020 03:35",
            "open": "0.2332",
            "high": "0.2332",
            "low": "0.2332",
            "close": "0.2332"
        },
        {
            "time": "11.12.2020 03:45",
            "open": "0.2332",
            "high": "0.2332",
            "low": "0.2332",
            "close": "0.2333"
        },
        {
            "time": "11.12.2020 03:52",
            "open": "0.2333",
            "high": "0.2333",
            "low": "0.2333",
            "close": "0.2339"
        },
        {
            "time": "11.12.2020 04:06",
            "open": "0.2339",
            "high": "0.2339",
            "low": "0.2333",
            "close": "0.2327"
        },
        {
            "time": "11.12.2020 04:11",
            "open": "0.2327",
            "high": "0.2327",
            "low": "0.2321",
            "close": "0.2321"
        },
        {
            "time": "11.12.2020 04:12",
            "open": "0.2321",
            "high": "0.2321",
            "low": "0.232",
            "close": "0.2321"
        },
        {
            "time": "11.12.2020 04:13",
            "open": "0.2321",
            "high": "0.2321",
            "low": "0.2321",
            "close": "0.2336"
        },
        {
            "time": "11.12.2020 04:14",
            "open": "0.2336",
            "high": "0.2336",
            "low": "0.2336",
            "close": "0.2336"
        },
        {
            "time": "11.12.2020 04:16",
            "open": "0.2336",
            "high": "0.2336",
            "low": "0.2336",
            "close": "0.2337"
        },
        {
            "time": "11.12.2020 04:18",
            "open": "0.2337",
            "high": "0.2337",
            "low": "0.2337",
            "close": "0.235"
        },
        {
            "time": "11.12.2020 04:42",
            "open": "0.235",
            "high": "0.235",
            "low": "0.235",
            "close": "0.235"
        },
        {
            "time": "11.12.2020 04:57",
            "open": "0.235",
            "high": "0.235",
            "low": "0.2349",
            "close": "0.234"
        },
        {
            "time": "11.12.2020 04:59",
            "open": "0.234",
            "high": "0.234",
            "low": "0.234",
            "close": "0.234"
        },
        {
            "time": "11.12.2020 05:00",
            "open": "0.234",
            "high": "0.234",
            "low": "0.2339",
            "close": "0.2337"
        },
        {
            "time": "11.12.2020 05:01",
            "open": "0.2337",
            "high": "0.2337",
            "low": "0.2333",
            "close": "0.2327"
        },
        {
            "time": "11.12.2020 05:10",
            "open": "0.2327",
            "high": "0.2327",
            "low": "0.2327",
            "close": "0.233"
        },
        {
            "time": "11.12.2020 05:22",
            "open": "0.233",
            "high": "0.233",
            "low": "0.233",
            "close": "0.2327"
        },
        {
            "time": "11.12.2020 05:23",
            "open": "0.2327",
            "high": "0.2327",
            "low": "0.2327",
            "close": "0.2339"
        },
        {
            "time": "11.12.2020 06:00",
            "open": "0.2339",
            "high": "0.2339",
            "low": "0.2339",
            "close": "0.2338"
        },
        {
            "time": "11.12.2020 06:04",
            "open": "0.2338",
            "high": "0.2338",
            "low": "0.2338",
            "close": "0.2339"
        },
        {
            "time": "11.12.2020 06:06",
            "open": "0.2339",
            "high": "0.2339",
            "low": "0.2339",
            "close": "0.2339"
        },
        {
            "time": "11.12.2020 06:09",
            "open": "0.2339",
            "high": "0.2339",
            "low": "0.2339",
            "close": "0.2339"
        },
        {
            "time": "11.12.2020 06:11",
            "open": "0.2339",
            "high": "0.2339",
            "low": "0.2339",
            "close": "0.2327"
        },
        {
            "time": "11.12.2020 06:14",
            "open": "0.2327",
            "high": "0.2327",
            "low": "0.2327",
            "close": "0.2318"
        },
        {
            "time": "11.12.2020 06:30",
            "open": "0.2318",
            "high": "0.2318",
            "low": "0.2318",
            "close": "0.2325"
        },
        {
            "time": "11.12.2020 06:31",
            "open": "0.2325",
            "high": "0.2325",
            "low": "0.2325",
            "close": "0.2325"
        },
        {
            "time": "11.12.2020 06:32",
            "open": "0.2325",
            "high": "0.2325",
            "low": "0.2325",
            "close": "0.2327"
        },
        {
            "time": "11.12.2020 06:35",
            "open": "0.2327",
            "high": "0.2327",
            "low": "0.2327",
            "close": "0.2339"
        },
        {
            "time": "11.12.2020 06:37",
            "open": "0.2339",
            "high": "0.2339",
            "low": "0.2339",
            "close": "0.2318"
        },
        {
            "time": "11.12.2020 06:45",
            "open": "0.2318",
            "high": "0.2318",
            "low": "0.2317",
            "close": "0.233"
        },
        {
            "time": "11.12.2020 06:54",
            "open": "0.233",
            "high": "0.233",
            "low": "0.233",
            "close": "0.2337"
        },
        {
            "time": "11.12.2020 07:05",
            "open": "0.2337",
            "high": "0.2337",
            "low": "0.2337",
            "close": "0.2331"
        },
        {
            "time": "11.12.2020 07:08",
            "open": "0.2331",
            "high": "0.2331",
            "low": "0.233",
            "close": "0.2324"
        },
        {
            "time": "11.12.2020 07:09",
            "open": "0.2324",
            "high": "0.2328",
            "low": "0.2324",
            "close": "0.2318"
        },
        {
            "time": "11.12.2020 07:15",
            "open": "0.2318",
            "high": "0.2318",
            "low": "0.2318",
            "close": "0.2314"
        },
        {
            "time": "11.12.2020 07:16",
            "open": "0.2314",
            "high": "0.2314",
            "low": "0.2313",
            "close": "0.2314"
        },
        {
            "time": "11.12.2020 07:17",
            "open": "0.2314",
            "high": "0.2314",
            "low": "0.2314",
            "close": "0.2311"
        },
        {
            "time": "11.12.2020 07:19",
            "open": "0.2311",
            "high": "0.2311",
            "low": "0.2306",
            "close": "0.231"
        },
        {
            "time": "11.12.2020 07:21",
            "open": "0.231",
            "high": "0.2311",
            "low": "0.231",
            "close": "0.2317"
        },
        {
            "time": "11.12.2020 07:24",
            "open": "0.2317",
            "high": "0.2317",
            "low": "0.2316",
            "close": "0.231"
        },
        {
            "time": "11.12.2020 07:25",
            "open": "0.231",
            "high": "0.231",
            "low": "0.231",
            "close": "0.2314"
        },
        {
            "time": "11.12.2020 07:27",
            "open": "0.2314",
            "high": "0.2314",
            "low": "0.2308",
            "close": "0.2309"
        },
        {
            "time": "11.12.2020 07:28",
            "open": "0.2309",
            "high": "0.2309",
            "low": "0.2309",
            "close": "0.2314"
        },
        {
            "time": "11.12.2020 07:34",
            "open": "0.2314",
            "high": "0.2314",
            "low": "0.2314",
            "close": "0.2314"
        },
        {
            "time": "11.12.2020 07:35",
            "open": "0.2314",
            "high": "0.2314",
            "low": "0.2314",
            "close": "0.2312"
        },
        {
            "time": "11.12.2020 07:40",
            "open": "0.2312",
            "high": "0.2312",
            "low": "0.2312",
            "close": "0.2312"
        },
        {
            "time": "11.12.2020 07:41",
            "open": "0.2312",
            "high": "0.2312",
            "low": "0.2312",
            "close": "0.2319"
        },
        {
            "time": "11.12.2020 07:49",
            "open": "0.2319",
            "high": "0.2319",
            "low": "0.2319",
            "close": "0.232"
        },
        {
            "time": "11.12.2020 07:53",
            "open": "0.232",
            "high": "0.232",
            "low": "0.232",
            "close": "0.2318"
        },
        {
            "time": "11.12.2020 07:58",
            "open": "0.2318",
            "high": "0.2318",
            "low": "0.2318",
            "close": "0.2321"
        },
        {
            "time": "11.12.2020 07:59",
            "open": "0.2321",
            "high": "0.2321",
            "low": "0.2321",
            "close": "0.2316"
        },
        {
            "time": "11.12.2020 08:04",
            "open": "0.2316",
            "high": "0.2316",
            "low": "0.2316",
            "close": "0.2315"
        },
        {
            "time": "11.12.2020 08:05",
            "open": "0.2315",
            "high": "0.2315",
            "low": "0.2315",
            "close": "0.2312"
        },
        {
            "time": "11.12.2020 08:12",
            "open": "0.2312",
            "high": "0.2312",
            "low": "0.2312",
            "close": "0.2317"
        },
        {
            "time": "11.12.2020 08:13",
            "open": "0.2317",
            "high": "0.2317",
            "low": "0.2317",
            "close": "0.2324"
        },
        {
            "time": "11.12.2020 08:17",
            "open": "0.2324",
            "high": "0.2324",
            "low": "0.2324",
            "close": "0.2318"
        },
        {
            "time": "11.12.2020 08:19",
            "open": "0.2318",
            "high": "0.2318",
            "low": "0.2314",
            "close": "0.2312"
        },
        {
            "time": "11.12.2020 08:20",
            "open": "0.2312",
            "high": "0.2316",
            "low": "0.2311",
            "close": "0.2312"
        },
        {
            "time": "11.12.2020 08:22",
            "open": "0.2312",
            "high": "0.2312",
            "low": "0.2312",
            "close": "0.231"
        },
        {
            "time": "11.12.2020 08:23",
            "open": "0.231",
            "high": "0.231",
            "low": "0.2308",
            "close": "0.2315"
        },
        {
            "time": "11.12.2020 08:25",
            "open": "0.2315",
            "high": "0.2315",
            "low": "0.231",
            "close": "0.2305"
        },
        {
            "time": "11.12.2020 08:27",
            "open": "0.2305",
            "high": "0.2305",
            "low": "0.23",
            "close": "0.2301"
        },
        {
            "time": "11.12.2020 08:28",
            "open": "0.2301",
            "high": "0.2301",
            "low": "0.2301",
            "close": "0.2303"
        },
        {
            "time": "11.12.2020 08:29",
            "open": "0.2303",
            "high": "0.2303",
            "low": "0.2303",
            "close": "0.2303"
        },
        {
            "time": "11.12.2020 08:30",
            "open": "0.2303",
            "high": "0.2305",
            "low": "0.2303",
            "close": "0.2312"
        },
        {
            "time": "11.12.2020 08:31",
            "open": "0.2312",
            "high": "0.2312",
            "low": "0.2312",
            "close": "0.23"
        },
        {
            "time": "11.12.2020 08:34",
            "open": "0.23",
            "high": "0.23",
            "low": "0.23",
            "close": "0.2302"
        },
        {
            "time": "11.12.2020 08:35",
            "open": "0.2302",
            "high": "0.2305",
            "low": "0.2302",
            "close": "0.23"
        },
        {
            "time": "11.12.2020 08:36",
            "open": "0.23",
            "high": "0.23",
            "low": "0.2298",
            "close": "0.2306"
        },
        {
            "time": "11.12.2020 08:37",
            "open": "0.2306",
            "high": "0.2306",
            "low": "0.2306",
            "close": "0.23"
        },
        {
            "time": "11.12.2020 08:39",
            "open": "0.23",
            "high": "0.2333",
            "low": "0.2295",
            "close": "0.2296"
        },
        {
            "time": "11.12.2020 08:41",
            "open": "0.2296",
            "high": "0.2296",
            "low": "0.2296",
            "close": "0.2291"
        },
        {
            "time": "11.12.2020 08:42",
            "open": "0.2291",
            "high": "0.2291",
            "low": "0.2291",
            "close": "0.2293"
        },
        {
            "time": "11.12.2020 08:45",
            "open": "0.2293",
            "high": "0.2293",
            "low": "0.2293",
            "close": "0.2298"
        },
        {
            "time": "11.12.2020 08:47",
            "open": "0.2298",
            "high": "0.2301",
            "low": "0.2298",
            "close": "0.2304"
        },
        {
            "time": "11.12.2020 08:48",
            "open": "0.2304",
            "high": "0.2304",
            "low": "0.2304",
            "close": "0.2308"
        },
        {
            "time": "11.12.2020 08:49",
            "open": "0.2308",
            "high": "0.2308",
            "low": "0.2308",
            "close": "0.2315"
        },
        {
            "time": "11.12.2020 08:51",
            "open": "0.2315",
            "high": "0.2315",
            "low": "0.2315",
            "close": "0.2316"
        },
        {
            "time": "11.12.2020 08:52",
            "open": "0.2316",
            "high": "0.2316",
            "low": "0.2316",
            "close": "0.233"
        },
        {
            "time": "11.12.2020 08:55",
            "open": "0.233",
            "high": "0.233",
            "low": "0.233",
            "close": "0.233"
        },
        {
            "time": "11.12.2020 08:57",
            "open": "0.233",
            "high": "0.233",
            "low": "0.233",
            "close": "0.233"
        },
        {
            "time": "11.12.2020 08:58",
            "open": "0.233",
            "high": "0.233",
            "low": "0.233",
            "close": "0.233"
        },
        {
            "time": "11.12.2020 08:59",
            "open": "0.233",
            "high": "0.233",
            "low": "0.233",
            "close": "0.2335"
        },
        {
            "time": "11.12.2020 09:00",
            "open": "0.2335",
            "high": "0.2347",
            "low": "0.2335",
            "close": "0.2345"
        },
        {
            "time": "11.12.2020 09:01",
            "open": "0.2345",
            "high": "0.2345",
            "low": "0.2343",
            "close": "0.2331"
        },
        {
            "time": "11.12.2020 09:02",
            "open": "0.2331",
            "high": "0.2334",
            "low": "0.2331",
            "close": "0.2348"
        },
        {
            "time": "11.12.2020 09:08",
            "open": "0.2348",
            "high": "0.2348",
            "low": "0.2343",
            "close": "0.2349"
        },
        {
            "time": "11.12.2020 09:09",
            "open": "0.2349",
            "high": "0.2349",
            "low": "0.2349",
            "close": "0.2353"
        },
        {
            "time": "11.12.2020 09:14",
            "open": "0.2353",
            "high": "0.2357",
            "low": "0.2353",
            "close": "0.2342"
        },
        {
            "time": "11.12.2020 09:16",
            "open": "0.2342",
            "high": "0.2342",
            "low": "0.2342",
            "close": "0.2343"
        },
        {
            "time": "11.12.2020 09:17",
            "open": "0.2343",
            "high": "0.2343",
            "low": "0.2343",
            "close": "0.2346"
        },
        {
            "time": "11.12.2020 09:20",
            "open": "0.2346",
            "high": "0.2346",
            "low": "0.2346",
            "close": "0.2351"
        },
        {
            "time": "11.12.2020 09:21",
            "open": "0.2351",
            "high": "0.2351",
            "low": "0.2351",
            "close": "0.2352"
        },
        {
            "time": "11.12.2020 09:23",
            "open": "0.2352",
            "high": "0.2352",
            "low": "0.2352",
            "close": "0.2354"
        },
        {
            "time": "11.12.2020 09:24",
            "open": "0.2354",
            "high": "0.2354",
            "low": "0.2354",
            "close": "0.2357"
        },
        {
            "time": "11.12.2020 09:25",
            "open": "0.2357",
            "high": "0.2357",
            "low": "0.2357",
            "close": "0.2351"
        },
        {
            "time": "11.12.2020 09:28",
            "open": "0.2351",
            "high": "0.2351",
            "low": "0.235",
            "close": "0.2347"
        },
        {
            "time": "11.12.2020 09:29",
            "open": "0.2347",
            "high": "0.2347",
            "low": "0.2347",
            "close": "0.2336"
        },
        {
            "time": "11.12.2020 09:33",
            "open": "0.2336",
            "high": "0.2336",
            "low": "0.2336",
            "close": "0.2336"
        },
        {
            "time": "11.12.2020 09:34",
            "open": "0.2336",
            "high": "0.2336",
            "low": "0.2336",
            "close": "0.2336"
        },
        {
            "time": "11.12.2020 09:36",
            "open": "0.2336",
            "high": "0.2336",
            "low": "0.2336",
            "close": "0.2341"
        },
        {
            "time": "11.12.2020 09:37",
            "open": "0.2341",
            "high": "0.2341",
            "low": "0.2338",
            "close": "0.2343"
        },
        {
            "time": "11.12.2020 09:38",
            "open": "0.2343",
            "high": "0.2344",
            "low": "0.2341",
            "close": "0.234"
        },
        {
            "time": "11.12.2020 09:39",
            "open": "0.234",
            "high": "0.2341",
            "low": "0.234",
            "close": "0.2333"
        },
        {
            "time": "11.12.2020 09:40",
            "open": "0.2333",
            "high": "0.2333",
            "low": "0.2333",
            "close": "0.2335"
        },
        {
            "time": "11.12.2020 09:41",
            "open": "0.2335",
            "high": "0.2335",
            "low": "0.2335",
            "close": "0.2333"
        },
        {
            "time": "11.12.2020 09:42",
            "open": "0.2333",
            "high": "0.2333",
            "low": "0.2326",
            "close": "0.2333"
        },
        {
            "time": "11.12.2020 09:44",
            "open": "0.2333",
            "high": "0.2333",
            "low": "0.2324",
            "close": "0.2322"
        },
        {
            "time": "11.12.2020 09:45",
            "open": "0.2322",
            "high": "0.2335",
            "low": "0.2322",
            "close": "0.233"
        },
        {
            "time": "11.12.2020 09:46",
            "open": "0.233",
            "high": "0.233",
            "low": "0.2326",
            "close": "0.232"
        },
        {
            "time": "11.12.2020 09:48",
            "open": "0.232",
            "high": "0.232",
            "low": "0.232",
            "close": "0.2324"
        },
        {
            "time": "11.12.2020 09:49",
            "open": "0.2324",
            "high": "0.2345",
            "low": "0.2324",
            "close": "0.2321"
        },
        {
            "time": "11.12.2020 09:50",
            "open": "0.2321",
            "high": "0.2321",
            "low": "0.2321",
            "close": "0.2321"
        },
        {
            "time": "11.12.2020 09:51",
            "open": "0.2321",
            "high": "0.2321",
            "low": "0.2321",
            "close": "0.2325"
        },
        {
            "time": "11.12.2020 09:52",
            "open": "0.2325",
            "high": "0.2325",
            "low": "0.2325",
            "close": "0.2325"
        },
        {
            "time": "11.12.2020 09:53",
            "open": "0.2325",
            "high": "0.2325",
            "low": "0.2325",
            "close": "0.2328"
        },
        {
            "time": "11.12.2020 09:54",
            "open": "0.2328",
            "high": "0.2329",
            "low": "0.2326",
            "close": "0.233"
        },
        {
            "time": "11.12.2020 09:55",
            "open": "0.233",
            "high": "0.2332",
            "low": "0.233",
            "close": "0.2326"
        },
        {
            "time": "11.12.2020 09:56",
            "open": "0.2326",
            "high": "0.2326",
            "low": "0.2324",
            "close": "0.2323"
        },
        {
            "time": "11.12.2020 09:57",
            "open": "0.2323",
            "high": "0.2323",
            "low": "0.2323",
            "close": "0.233"
        },
        {
            "time": "11.12.2020 09:58",
            "open": "0.233",
            "high": "0.2333",
            "low": "0.233",
            "close": "0.2332"
        },
        {
            "time": "11.12.2020 09:59",
            "open": "0.2332",
            "high": "0.2332",
            "low": "0.2332",
            "close": "0.2328"
        },
        {
            "time": "11.12.2020 10:02",
            "open": "0.2328",
            "high": "0.2328",
            "low": "0.2328",
            "close": "0.2327"
        },
        {
            "time": "11.12.2020 10:04",
            "open": "0.2327",
            "high": "0.2327",
            "low": "0.2327",
            "close": "0.2327"
        },
        {
            "time": "11.12.2020 10:06",
            "open": "0.2327",
            "high": "0.2328",
            "low": "0.2327",
            "close": "0.2328"
        },
        {
            "time": "11.12.2020 10:07",
            "open": "0.2328",
            "high": "0.2328",
            "low": "0.2328",
            "close": "0.2328"
        },
        {
            "time": "11.12.2020 10:11",
            "open": "0.2328",
            "high": "0.2328",
            "low": "0.2328",
            "close": "0.2325"
        },
        {
            "time": "11.12.2020 10:12",
            "open": "0.2325",
            "high": "0.2325",
            "low": "0.2323",
            "close": "0.2323"
        },
        {
            "time": "11.12.2020 10:13",
            "open": "0.2323",
            "high": "0.2323",
            "low": "0.232",
            "close": "0.2314"
        },
        {
            "time": "11.12.2020 10:14",
            "open": "0.2314",
            "high": "0.2314",
            "low": "0.231",
            "close": "0.2318"
        },
        {
            "time": "11.12.2020 10:15",
            "open": "0.2318",
            "high": "0.2318",
            "low": "0.2318",
            "close": "0.2313"
        },
        {
            "time": "11.12.2020 10:16",
            "open": "0.2313",
            "high": "0.2313",
            "low": "0.2313",
            "close": "0.232"
        },
        {
            "time": "11.12.2020 10:17",
            "open": "0.232",
            "high": "0.232",
            "low": "0.232",
            "close": "0.2312"
        },
        {
            "time": "11.12.2020 10:18",
            "open": "0.2312",
            "high": "0.232",
            "low": "0.2312",
            "close": "0.2317"
        },
        {
            "time": "11.12.2020 10:22",
            "open": "0.2317",
            "high": "0.2317",
            "low": "0.2316",
            "close": "0.2315"
        },
        {
            "time": "11.12.2020 10:25",
            "open": "0.2315",
            "high": "0.2316",
            "low": "0.2315",
            "close": "0.2318"
        },
        {
            "time": "11.12.2020 10:29",
            "open": "0.2318",
            "high": "0.2323",
            "low": "0.2318",
            "close": "0.2318"
        },
        {
            "time": "11.12.2020 10:30",
            "open": "0.2318",
            "high": "0.2324",
            "low": "0.2318",
            "close": "0.2325"
        },
        {
            "time": "11.12.2020 10:32",
            "open": "0.2325",
            "high": "0.2325",
            "low": "0.2325",
            "close": "0.2326"
        },
        {
            "time": "11.12.2020 10:35",
            "open": "0.2326",
            "high": "0.2327",
            "low": "0.2326",
            "close": "0.2326"
        },
        {
            "time": "11.12.2020 10:36",
            "open": "0.2326",
            "high": "0.2326",
            "low": "0.2326",
            "close": "0.2313"
        },
        {
            "time": "11.12.2020 10:40",
            "open": "0.2313",
            "high": "0.2313",
            "low": "0.2313",
            "close": "0.231"
        },
        {
            "time": "11.12.2020 10:41",
            "open": "0.231",
            "high": "0.231",
            "low": "0.231",
            "close": "0.2306"
        },
        {
            "time": "11.12.2020 10:42",
            "open": "0.2306",
            "high": "0.2306",
            "low": "0.2301",
            "close": "0.2302"
        },
        {
            "time": "11.12.2020 10:43",
            "open": "0.2302",
            "high": "0.2302",
            "low": "0.2302",
            "close": "0.2303"
        },
        {
            "time": "11.12.2020 10:44",
            "open": "0.2303",
            "high": "0.2303",
            "low": "0.2303",
            "close": "0.2308"
        },
        {
            "time": "11.12.2020 10:45",
            "open": "0.2308",
            "high": "0.2308",
            "low": "0.2308",
            "close": "0.2308"
        },
        {
            "time": "11.12.2020 10:46",
            "open": "0.2308",
            "high": "0.2309",
            "low": "0.2308",
            "close": "0.2306"
        },
        {
            "time": "11.12.2020 10:52",
            "open": "0.2306",
            "high": "0.2306",
            "low": "0.2305",
            "close": "0.2309"
        },
        {
            "time": "11.12.2020 10:54",
            "open": "0.2309",
            "high": "0.2309",
            "low": "0.2304",
            "close": "0.2304"
        },
        {
            "time": "11.12.2020 10:55",
            "open": "0.2304",
            "high": "0.2304",
            "low": "0.2304",
            "close": "0.2315"
        },
        {
            "time": "11.12.2020 10:59",
            "open": "0.2315",
            "high": "0.2315",
            "low": "0.2315",
            "close": "0.2319"
        },
        {
            "time": "11.12.2020 11:02",
            "open": "0.2319",
            "high": "0.2322",
            "low": "0.2319",
            "close": "0.2321"
        },
        {
            "time": "11.12.2020 11:03",
            "open": "0.2321",
            "high": "0.2321",
            "low": "0.2321",
            "close": "0.2322"
        },
        {
            "time": "11.12.2020 11:04",
            "open": "0.2322",
            "high": "0.2323",
            "low": "0.2321",
            "close": "0.2313"
        },
        {
            "time": "11.12.2020 11:06",
            "open": "0.2313",
            "high": "0.2313",
            "low": "0.2313",
            "close": "0.231"
        },
        {
            "time": "11.12.2020 11:07",
            "open": "0.231",
            "high": "0.231",
            "low": "0.231",
            "close": "0.2308"
        },
        {
            "time": "11.12.2020 11:09",
            "open": "0.2308",
            "high": "0.2308",
            "low": "0.2308",
            "close": "0.2312"
        },
        {
            "time": "11.12.2020 11:12",
            "open": "0.2312",
            "high": "0.2312",
            "low": "0.2312",
            "close": "0.2312"
        },
        {
            "time": "11.12.2020 11:13",
            "open": "0.2312",
            "high": "0.2313",
            "low": "0.2305",
            "close": "0.2305"
        },
        {
            "time": "11.12.2020 11:14",
            "open": "0.2305",
            "high": "0.2305",
            "low": "0.2305",
            "close": "0.2311"
        },
        {
            "time": "11.12.2020 11:17",
            "open": "0.2311",
            "high": "0.2311",
            "low": "0.2311",
            "close": "0.2305"
        },
        {
            "time": "11.12.2020 11:19",
            "open": "0.2305",
            "high": "0.2305",
            "low": "0.2305",
            "close": "0.23"
        },
        {
            "time": "11.12.2020 11:21",
            "open": "0.23",
            "high": "0.23",
            "low": "0.2296",
            "close": "0.2293"
        },
        {
            "time": "11.12.2020 11:22",
            "open": "0.2293",
            "high": "0.2293",
            "low": "0.2282",
            "close": "0.2289"
        },
        {
            "time": "11.12.2020 11:23",
            "open": "0.2289",
            "high": "0.2294",
            "low": "0.2289",
            "close": "0.2301"
        },
        {
            "time": "11.12.2020 11:24",
            "open": "0.2301",
            "high": "0.2301",
            "low": "0.2299",
            "close": "0.2299"
        },
        {
            "time": "11.12.2020 11:25",
            "open": "0.2299",
            "high": "0.2311",
            "low": "0.2291",
            "close": "0.2312"
        },
        {
            "time": "11.12.2020 11:26",
            "open": "0.2312",
            "high": "0.2312",
            "low": "0.2311",
            "close": "0.2313"
        },
        {
            "time": "11.12.2020 11:27",
            "open": "0.2313",
            "high": "0.2313",
            "low": "0.2313",
            "close": "0.2331"
        },
        {
            "time": "11.12.2020 11:31",
            "open": "0.2331",
            "high": "0.2338",
            "low": "0.2331",
            "close": "0.2329"
        },
        {
            "time": "11.12.2020 11:32",
            "open": "0.2329",
            "high": "0.2336",
            "low": "0.2329",
            "close": "0.2337"
        },
        {
            "time": "11.12.2020 11:35",
            "open": "0.2337",
            "high": "0.2337",
            "low": "0.2337",
            "close": "0.233"
        },
        {
            "time": "11.12.2020 11:39",
            "open": "0.233",
            "high": "0.233",
            "low": "0.2325",
            "close": "0.2317"
        },
        {
            "time": "11.12.2020 11:41",
            "open": "0.2317",
            "high": "0.2317",
            "low": "0.2317",
            "close": "0.2326"
        },
        {
            "time": "11.12.2020 11:43",
            "open": "0.2326",
            "high": "0.2326",
            "low": "0.2326",
            "close": "0.2318"
        },
        {
            "time": "11.12.2020 11:46",
            "open": "0.2318",
            "high": "0.2318",
            "low": "0.2318",
            "close": "0.2316"
        },
        {
            "time": "11.12.2020 11:49",
            "open": "0.2316",
            "high": "0.2316",
            "low": "0.2313",
            "close": "0.2319"
        },
        {
            "time": "11.12.2020 11:51",
            "open": "0.2319",
            "high": "0.2319",
            "low": "0.2313",
            "close": "0.2317"
        },
        {
            "time": "11.12.2020 11:52",
            "open": "0.2317",
            "high": "0.2318",
            "low": "0.2317",
            "close": "0.2315"
        },
        {
            "time": "11.12.2020 11:53",
            "open": "0.2315",
            "high": "0.2315",
            "low": "0.2309",
            "close": "0.2307"
        },
        {
            "time": "11.12.2020 11:54",
            "open": "0.2307",
            "high": "0.231",
            "low": "0.2306",
            "close": "0.2307"
        },
        {
            "time": "11.12.2020 11:55",
            "open": "0.2307",
            "high": "0.2307",
            "low": "0.2307",
            "close": "0.2311"
        },
        {
            "time": "11.12.2020 11:56",
            "open": "0.2311",
            "high": "0.2311",
            "low": "0.231",
            "close": "0.2307"
        },
        {
            "time": "11.12.2020 11:57",
            "open": "0.2307",
            "high": "0.2307",
            "low": "0.2307",
            "close": "0.2306"
        },
        {
            "time": "11.12.2020 12:00",
            "open": "0.2306",
            "high": "0.2306",
            "low": "0.2306",
            "close": "0.23"
        },
        {
            "time": "11.12.2020 12:01",
            "open": "0.23",
            "high": "0.2304",
            "low": "0.23",
            "close": "0.2301"
        },
        {
            "time": "11.12.2020 12:02",
            "open": "0.2301",
            "high": "0.2301",
            "low": "0.2301",
            "close": "0.2297"
        },
        {
            "time": "11.12.2020 12:03",
            "open": "0.2297",
            "high": "0.2298",
            "low": "0.2297",
            "close": "0.23"
        },
        {
            "time": "11.12.2020 12:04",
            "open": "0.23",
            "high": "0.23",
            "low": "0.2298",
            "close": "0.2293"
        },
        {
            "time": "11.12.2020 12:05",
            "open": "0.2293",
            "high": "0.2293",
            "low": "0.2293",
            "close": "0.2299"
        },
        {
            "time": "11.12.2020 12:07",
            "open": "0.2299",
            "high": "0.2299",
            "low": "0.2299",
            "close": "0.2298"
        },
        {
            "time": "11.12.2020 12:08",
            "open": "0.2298",
            "high": "0.23",
            "low": "0.2298",
            "close": "0.2291"
        },
        {
            "time": "11.12.2020 12:11",
            "open": "0.2291",
            "high": "0.2291",
            "low": "0.229",
            "close": "0.229"
        },
        {
            "time": "11.12.2020 12:15",
            "open": "0.229",
            "high": "0.2291",
            "low": "0.2289",
            "close": "0.2298"
        },
        {
            "time": "11.12.2020 12:21",
            "open": "0.2298",
            "high": "0.2298",
            "low": "0.2298",
            "close": "0.2301"
        },
        {
            "time": "11.12.2020 12:24",
            "open": "0.2301",
            "high": "0.2301",
            "low": "0.2301",
            "close": "0.2295"
        },
        {
            "time": "11.12.2020 12:25",
            "open": "0.2295",
            "high": "0.2295",
            "low": "0.2295",
            "close": "0.2292"
        },
        {
            "time": "11.12.2020 12:27",
            "open": "0.2292",
            "high": "0.2295",
            "low": "0.2292",
            "close": "0.2292"
        },
        {
            "time": "11.12.2020 12:29",
            "open": "0.2292",
            "high": "0.2292",
            "low": "0.2292",
            "close": "0.2292"
        },
        {
            "time": "11.12.2020 12:32",
            "open": "0.2292",
            "high": "0.2292",
            "low": "0.2292",
            "close": "0.2296"
        },
        {
            "time": "11.12.2020 12:33",
            "open": "0.2296",
            "high": "0.2297",
            "low": "0.2296",
            "close": "0.229"
        },
        {
            "time": "11.12.2020 12:36",
            "open": "0.229",
            "high": "0.229",
            "low": "0.229",
            "close": "0.2294"
        },
        {
            "time": "11.12.2020 12:38",
            "open": "0.2294",
            "high": "0.2294",
            "low": "0.2294",
            "close": "0.2302"
        },
        {
            "time": "11.12.2020 12:42",
            "open": "0.2302",
            "high": "0.2302",
            "low": "0.2302",
            "close": "0.2302"
        },
        {
            "time": "11.12.2020 12:43",
            "open": "0.2302",
            "high": "0.2304",
            "low": "0.2302",
            "close": "0.2293"
        },
        {
            "time": "11.12.2020 12:45",
            "open": "0.2293",
            "high": "0.2293",
            "low": "0.2293",
            "close": "0.2295"
        },
        {
            "time": "11.12.2020 12:46",
            "open": "0.2295",
            "high": "0.2295",
            "low": "0.2295",
            "close": "0.23"
        },
        {
            "time": "11.12.2020 12:47",
            "open": "0.23",
            "high": "0.23",
            "low": "0.23",
            "close": "0.2295"
        },
        {
            "time": "11.12.2020 12:48",
            "open": "0.2295",
            "high": "0.2295",
            "low": "0.2289",
            "close": "0.2287"
        },
        {
            "time": "11.12.2020 12:49",
            "open": "0.2287",
            "high": "0.2287",
            "low": "0.2281",
            "close": "0.2291"
        },
        {
            "time": "11.12.2020 12:50",
            "open": "0.2291",
            "high": "0.2291",
            "low": "0.2287",
            "close": "0.2287"
        },
        {
            "time": "11.12.2020 12:52",
            "open": "0.2287",
            "high": "0.2287",
            "low": "0.2287",
            "close": "0.2291"
        },
        {
            "time": "11.12.2020 12:55",
            "open": "0.2291",
            "high": "0.2291",
            "low": "0.2291",
            "close": "0.2295"
        },
        {
            "time": "11.12.2020 12:56",
            "open": "0.2295",
            "high": "0.2295",
            "low": "0.2295",
            "close": "0.2294"
        },
        {
            "time": "11.12.2020 12:57",
            "open": "0.2294",
            "high": "0.2294",
            "low": "0.2294",
            "close": "0.2293"
        },
        {
            "time": "11.12.2020 12:59",
            "open": "0.2293",
            "high": "0.2293",
            "low": "0.2293",
            "close": "0.2307"
        },
        {
            "time": "11.12.2020 13:06",
            "open": "0.2307",
            "high": "0.2309",
            "low": "0.2307",
            "close": "0.2311"
        },
        {
            "time": "11.12.2020 13:07",
            "open": "0.2311",
            "high": "0.2311",
            "low": "0.2311",
            "close": "0.2291"
        },
        {
            "time": "11.12.2020 13:11",
            "open": "0.2291",
            "high": "0.2292",
            "low": "0.2291",
            "close": "0.229"
        },
        {
            "time": "11.12.2020 13:12",
            "open": "0.229",
            "high": "0.2292",
            "low": "0.229",
            "close": "0.2292"
        },
        {
            "time": "11.12.2020 13:13",
            "open": "0.2292",
            "high": "0.2295",
            "low": "0.2292",
            "close": "0.2302"
        },
        {
            "time": "11.12.2020 13:15",
            "open": "0.2302",
            "high": "0.2302",
            "low": "0.2302",
            "close": "0.232"
        },
        {
            "time": "11.12.2020 13:16",
            "open": "0.232",
            "high": "0.233",
            "low": "0.232",
            "close": "0.2317"
        },
        {
            "time": "11.12.2020 13:21",
            "open": "0.2317",
            "high": "0.2317",
            "low": "0.2317",
            "close": "0.2333"
        },
        {
            "time": "11.12.2020 13:25",
            "open": "0.2333",
            "high": "0.2334",
            "low": "0.2333",
            "close": "0.2332"
        },
        {
            "time": "11.12.2020 13:27",
            "open": "0.2332",
            "high": "0.2332",
            "low": "0.2332",
            "close": "0.2329"
        },
        {
            "time": "11.12.2020 13:30",
            "open": "0.2329",
            "high": "0.2329",
            "low": "0.2329",
            "close": "0.2327"
        },
        {
            "time": "11.12.2020 13:31",
            "open": "0.2327",
            "high": "0.2327",
            "low": "0.2327",
            "close": "0.2335"
        },
        {
            "time": "11.12.2020 13:34",
            "open": "0.2335",
            "high": "0.2336",
            "low": "0.2335",
            "close": "0.2335"
        },
        {
            "time": "11.12.2020 13:35",
            "open": "0.2335",
            "high": "0.2335",
            "low": "0.2335",
            "close": "0.2327"
        },
        {
            "time": "11.12.2020 13:36",
            "open": "0.2327",
            "high": "0.2327",
            "low": "0.2327",
            "close": "0.2324"
        },
        {
            "time": "11.12.2020 13:38",
            "open": "0.2324",
            "high": "0.2326",
            "low": "0.2323",
            "close": "0.2335"
        },
        {
            "time": "11.12.2020 13:42",
            "open": "0.2335",
            "high": "0.2335",
            "low": "0.2335",
            "close": "0.2327"
        },
        {
            "time": "11.12.2020 13:43",
            "open": "0.2327",
            "high": "0.2329",
            "low": "0.2323",
            "close": "0.2337"
        },
        {
            "time": "11.12.2020 13:50",
            "open": "0.2337",
            "high": "0.2337",
            "low": "0.2337",
            "close": "0.2337"
        },
        {
            "time": "11.12.2020 13:51",
            "open": "0.2337",
            "high": "0.2337",
            "low": "0.2337",
            "close": "0.2339"
        },
        {
            "time": "11.12.2020 13:52",
            "open": "0.2339",
            "high": "0.2339",
            "low": "0.2339",
            "close": "0.234"
        },
        {
            "time": "11.12.2020 13:55",
            "open": "0.234",
            "high": "0.234",
            "low": "0.234",
            "close": "0.2346"
        },
        {
            "time": "11.12.2020 13:56",
            "open": "0.2346",
            "high": "0.2346",
            "low": "0.2339",
            "close": "0.233"
        },
        {
            "time": "11.12.2020 13:57",
            "open": "0.233",
            "high": "0.233",
            "low": "0.233",
            "close": "0.2337"
        },
        {
            "time": "11.12.2020 13:58",
            "open": "0.2337",
            "high": "0.2337",
            "low": "0.2337",
            "close": "0.2334"
        },
        {
            "time": "11.12.2020 14:04",
            "open": "0.2334",
            "high": "0.2334",
            "low": "0.2334",
            "close": "0.2343"
        },
        {
            "time": "11.12.2020 14:06",
            "open": "0.2343",
            "high": "0.2353",
            "low": "0.2343",
            "close": "0.2349"
        },
        {
            "time": "11.12.2020 14:07",
            "open": "0.2349",
            "high": "0.2349",
            "low": "0.2349",
            "close": "0.2346"
        },
        {
            "time": "11.12.2020 14:12",
            "open": "0.2346",
            "high": "0.2346",
            "low": "0.2346",
            "close": "0.2344"
        },
        {
            "time": "11.12.2020 14:19",
            "open": "0.2344",
            "high": "0.2345",
            "low": "0.2344",
            "close": "0.2342"
        },
        {
            "time": "11.12.2020 14:21",
            "open": "0.2342",
            "high": "0.2342",
            "low": "0.2342",
            "close": "0.2349"
        },
        {
            "time": "11.12.2020 14:29",
            "open": "0.2349",
            "high": "0.2349",
            "low": "0.2349",
            "close": "0.2358"
        },
        {
            "time": "11.12.2020 14:36",
            "open": "0.2358",
            "high": "0.2359",
            "low": "0.2358",
            "close": "0.2351"
        },
        {
            "time": "11.12.2020 14:37",
            "open": "0.2351",
            "high": "0.2351",
            "low": "0.2351",
            "close": "0.2347"
        },
        {
            "time": "11.12.2020 14:38",
            "open": "0.2347",
            "high": "0.2347",
            "low": "0.2347",
            "close": "0.2348"
        },
        {
            "time": "11.12.2020 14:39",
            "open": "0.2348",
            "high": "0.2349",
            "low": "0.2348",
            "close": "0.2342"
        },
        {
            "time": "11.12.2020 14:41",
            "open": "0.2342",
            "high": "0.2342",
            "low": "0.2342",
            "close": "0.2346"
        },
        {
            "time": "11.12.2020 14:44",
            "open": "0.2346",
            "high": "0.2346",
            "low": "0.2346",
            "close": "0.2349"
        },
        {
            "time": "11.12.2020 14:46",
            "open": "0.2349",
            "high": "0.2349",
            "low": "0.2349",
            "close": "0.2356"
        },
        {
            "time": "11.12.2020 14:54",
            "open": "0.2356",
            "high": "0.2359",
            "low": "0.2356",
            "close": "0.2356"
        },
        {
            "time": "11.12.2020 14:55",
            "open": "0.2356",
            "high": "0.2363",
            "low": "0.2356",
            "close": "0.2361"
        },
        {
            "time": "11.12.2020 15:00",
            "open": "0.2361",
            "high": "0.2361",
            "low": "0.2361",
            "close": "0.2354"
        },
        {
            "time": "11.12.2020 15:02",
            "open": "0.2354",
            "high": "0.2354",
            "low": "0.2354",
            "close": "0.2357"
        },
        {
            "time": "11.12.2020 15:07",
            "open": "0.2357",
            "high": "0.2357",
            "low": "0.2357",
            "close": "0.2364"
        },
        {
            "time": "11.12.2020 15:10",
            "open": "0.2364",
            "high": "0.2364",
            "low": "0.2364",
            "close": "0.2366"
        },
        {
            "time": "11.12.2020 15:12",
            "open": "0.2366",
            "high": "0.2367",
            "low": "0.2366",
            "close": "0.236"
        },
        {
            "time": "11.12.2020 15:14",
            "open": "0.236",
            "high": "0.236",
            "low": "0.236",
            "close": "0.236"
        },
        {
            "time": "11.12.2020 15:16",
            "open": "0.236",
            "high": "0.236",
            "low": "0.236",
            "close": "0.236"
        },
        {
            "time": "11.12.2020 15:17",
            "open": "0.236",
            "high": "0.236",
            "low": "0.236",
            "close": "0.2355"
        },
        {
            "time": "11.12.2020 15:18",
            "open": "0.2355",
            "high": "0.2355",
            "low": "0.2355",
            "close": "0.2356"
        },
        {
            "time": "11.12.2020 15:19",
            "open": "0.2356",
            "high": "0.2356",
            "low": "0.2355",
            "close": "0.235"
        },
        {
            "time": "11.12.2020 15:20",
            "open": "0.235",
            "high": "0.235",
            "low": "0.2345",
            "close": "0.2344"
        },
        {
            "time": "11.12.2020 15:22",
            "open": "0.2344",
            "high": "0.2344",
            "low": "0.2344",
            "close": "0.2349"
        },
        {
            "time": "11.12.2020 15:24",
            "open": "0.2349",
            "high": "0.2354",
            "low": "0.2349",
            "close": "0.2354"
        },
        {
            "time": "11.12.2020 15:26",
            "open": "0.2354",
            "high": "0.2354",
            "low": "0.2354",
            "close": "0.2359"
        },
        {
            "time": "11.12.2020 15:28",
            "open": "0.2359",
            "high": "0.2359",
            "low": "0.2359",
            "close": "0.237"
        },
        {
            "time": "11.12.2020 15:30",
            "open": "0.237",
            "high": "0.237",
            "low": "0.237",
            "close": "0.2368"
        },
        {
            "time": "11.12.2020 15:31",
            "open": "0.2368",
            "high": "0.2371",
            "low": "0.2368",
            "close": "0.2353"
        },
        {
            "time": "11.12.2020 15:32",
            "open": "0.2353",
            "high": "0.2353",
            "low": "0.2353",
            "close": "0.2359"
        },
        {
            "time": "11.12.2020 15:34",
            "open": "0.2359",
            "high": "0.2359",
            "low": "0.2359",
            "close": "0.2358"
        },
        {
            "time": "11.12.2020 15:36",
            "open": "0.2358",
            "high": "0.2358",
            "low": "0.2358",
            "close": "0.2364"
        },
        {
            "time": "11.12.2020 15:43",
            "open": "0.2364",
            "high": "0.2364",
            "low": "0.2358",
            "close": "0.2364"
        },
        {
            "time": "11.12.2020 15:44",
            "open": "0.2364",
            "high": "0.2364",
            "low": "0.2358",
            "close": "0.2358"
        },
        {
            "time": "11.12.2020 15:46",
            "open": "0.2358",
            "high": "0.2358",
            "low": "0.2358",
            "close": "0.2364"
        },
        {
            "time": "11.12.2020 15:47",
            "open": "0.2364",
            "high": "0.2372",
            "low": "0.2364",
            "close": "0.2368"
        },
        {
            "time": "11.12.2020 15:50",
            "open": "0.2368",
            "high": "0.2368",
            "low": "0.2368",
            "close": "0.2367"
        },
        {
            "time": "11.12.2020 15:51",
            "open": "0.2367",
            "high": "0.2367",
            "low": "0.2367",
            "close": "0.237"
        },
        {
            "time": "11.12.2020 15:52",
            "open": "0.237",
            "high": "0.237",
            "low": "0.237",
            "close": "0.2372"
        },
        {
            "time": "11.12.2020 15:53",
            "open": "0.2372",
            "high": "0.2372",
            "low": "0.2372",
            "close": "0.2372"
        },
        {
            "time": "11.12.2020 15:55",
            "open": "0.2372",
            "high": "0.2372",
            "low": "0.2372",
            "close": "0.2364"
        },
        {
            "time": "11.12.2020 15:56",
            "open": "0.2364",
            "high": "0.2364",
            "low": "0.2346",
            "close": "0.2348"
        },
        {
            "time": "11.12.2020 15:57",
            "open": "0.2348",
            "high": "0.2354",
            "low": "0.2348",
            "close": "0.235"
        },
        {
            "time": "11.12.2020 15:58",
            "open": "0.235",
            "high": "0.2354",
            "low": "0.235",
            "close": "0.2365"
        },
        {
            "time": "11.12.2020 16:00",
            "open": "0.2365",
            "high": "0.2365",
            "low": "0.2365",
            "close": "0.2367"
        },
        {
            "time": "11.12.2020 16:01",
            "open": "0.2367",
            "high": "0.2367",
            "low": "0.2367",
            "close": "0.2367"
        },
        {
            "time": "11.12.2020 16:02",
            "open": "0.2367",
            "high": "0.2367",
            "low": "0.2367",
            "close": "0.2367"
        },
        {
            "time": "11.12.2020 16:03",
            "open": "0.2367",
            "high": "0.2367",
            "low": "0.2367",
            "close": "0.2363"
        },
        {
            "time": "11.12.2020 16:04",
            "open": "0.2363",
            "high": "0.2363",
            "low": "0.2363",
            "close": "0.2365"
        },
        {
            "time": "11.12.2020 16:05",
            "open": "0.2365",
            "high": "0.2365",
            "low": "0.2365",
            "close": "0.2363"
        },
        {
            "time": "11.12.2020 16:07",
            "open": "0.2363",
            "high": "0.2363",
            "low": "0.2363",
            "close": "0.2362"
        },
        {
            "time": "11.12.2020 16:09",
            "open": "0.2362",
            "high": "0.2362",
            "low": "0.2362",
            "close": "0.2357"
        },
        {
            "time": "11.12.2020 16:12",
            "open": "0.2357",
            "high": "0.2357",
            "low": "0.2356",
            "close": "0.2364"
        },
        {
            "time": "11.12.2020 16:14",
            "open": "0.2364",
            "high": "0.2364",
            "low": "0.2364",
            "close": "0.2358"
        },
        {
            "time": "11.12.2020 16:16",
            "open": "0.2358",
            "high": "0.2358",
            "low": "0.2358",
            "close": "0.236"
        },
        {
            "time": "11.12.2020 16:19",
            "open": "0.236",
            "high": "0.236",
            "low": "0.236",
            "close": "0.2361"
        },
        {
            "time": "11.12.2020 16:22",
            "open": "0.2361",
            "high": "0.2366",
            "low": "0.2361",
            "close": "0.2361"
        },
        {
            "time": "11.12.2020 16:24",
            "open": "0.2361",
            "high": "0.2365",
            "low": "0.2361",
            "close": "0.236"
        },
        {
            "time": "11.12.2020 16:25",
            "open": "0.236",
            "high": "0.236",
            "low": "0.236",
            "close": "0.236"
        },
        {
            "time": "11.12.2020 16:27",
            "open": "0.236",
            "high": "0.236",
            "low": "0.236",
            "close": "0.2367"
        },
        {
            "time": "11.12.2020 16:32",
            "open": "0.2367",
            "high": "0.2369",
            "low": "0.2367",
            "close": "0.237"
        },
        {
            "time": "11.12.2020 16:34",
            "open": "0.237",
            "high": "0.237",
            "low": "0.237",
            "close": "0.2363"
        },
        {
            "time": "11.12.2020 16:38",
            "open": "0.2363",
            "high": "0.2363",
            "low": "0.2363",
            "close": "0.2363"
        },
        {
            "time": "11.12.2020 16:39",
            "open": "0.2363",
            "high": "0.2363",
            "low": "0.2363",
            "close": "0.2365"
        },
        {
            "time": "11.12.2020 16:41",
            "open": "0.2365",
            "high": "0.2365",
            "low": "0.2365",
            "close": "0.2365"
        },
        {
            "time": "11.12.2020 16:42",
            "open": "0.2365",
            "high": "0.2371",
            "low": "0.2365",
            "close": "0.2371"
        },
        {
            "time": "11.12.2020 16:50",
            "open": "0.2371",
            "high": "0.2371",
            "low": "0.2371",
            "close": "0.2369"
        },
        {
            "time": "11.12.2020 16:53",
            "open": "0.2369",
            "high": "0.2369",
            "low": "0.2369",
            "close": "0.2371"
        },
        {
            "time": "11.12.2020 16:56",
            "open": "0.2371",
            "high": "0.2371",
            "low": "0.2371",
            "close": "0.2372"
        },
        {
            "time": "11.12.2020 16:58",
            "open": "0.2372",
            "high": "0.2372",
            "low": "0.2372",
            "close": "0.2372"
        },
        {
            "time": "11.12.2020 16:59",
            "open": "0.2372",
            "high": "0.2372",
            "low": "0.2369",
            "close": "0.2371"
        },
        {
            "time": "11.12.2020 17:00",
            "open": "0.2371",
            "high": "0.2371",
            "low": "0.2371",
            "close": "0.2362"
        },
        {
            "time": "11.12.2020 17:04",
            "open": "0.2362",
            "high": "0.2362",
            "low": "0.2362",
            "close": "0.2359"
        },
        {
            "time": "11.12.2020 17:05",
            "open": "0.2359",
            "high": "0.2359",
            "low": "0.2359",
            "close": "0.2355"
        },
        {
            "time": "11.12.2020 17:11",
            "open": "0.2355",
            "high": "0.2355",
            "low": "0.2355",
            "close": "0.2354"
        },
        {
            "time": "11.12.2020 17:15",
            "open": "0.2354",
            "high": "0.2354",
            "low": "0.2354",
            "close": "0.236"
        },
        {
            "time": "11.12.2020 17:23",
            "open": "0.236",
            "high": "0.236",
            "low": "0.236",
            "close": "0.2352"
        },
        {
            "time": "11.12.2020 17:33",
            "open": "0.2352",
            "high": "0.2352",
            "low": "0.2352",
            "close": "0.2353"
        },
        {
            "time": "11.12.2020 17:34",
            "open": "0.2353",
            "high": "0.2354",
            "low": "0.2353",
            "close": "0.2353"
        },
        {
            "time": "11.12.2020 17:35",
            "open": "0.2353",
            "high": "0.2353",
            "low": "0.2353",
            "close": "0.2347"
        },
        {
            "time": "11.12.2020 17:37",
            "open": "0.2347",
            "high": "0.2347",
            "low": "0.2347",
            "close": "0.2347"
        },
        {
            "time": "11.12.2020 17:38",
            "open": "0.2347",
            "high": "0.2347",
            "low": "0.2347",
            "close": "0.2345"
        },
        {
            "time": "11.12.2020 17:40",
            "open": "0.2345",
            "high": "0.2345",
            "low": "0.2345",
            "close": "0.2337"
        },
        {
            "time": "11.12.2020 17:43",
            "open": "0.2337",
            "high": "0.2337",
            "low": "0.2337",
            "close": "0.2339"
        },
        {
            "time": "11.12.2020 17:44",
            "open": "0.2339",
            "high": "0.2339",
            "low": "0.2339",
            "close": "0.234"
        },
        {
            "time": "11.12.2020 17:47",
            "open": "0.234",
            "high": "0.234",
            "low": "0.234",
            "close": "0.2348"
        },
        {
            "time": "11.12.2020 17:50",
            "open": "0.2348",
            "high": "0.2348",
            "low": "0.2348",
            "close": "0.2346"
        },
        {
            "time": "11.12.2020 17:52",
            "open": "0.2346",
            "high": "0.2346",
            "low": "0.2342",
            "close": "0.2341"
        },
        {
            "time": "11.12.2020 17:55",
            "open": "0.2341",
            "high": "0.2342",
            "low": "0.2341",
            "close": "0.2346"
        },
        {
            "time": "11.12.2020 17:56",
            "open": "0.2346",
            "high": "0.2346",
            "low": "0.2346",
            "close": "0.2347"
        },
        {
            "time": "11.12.2020 17:57",
            "open": "0.2347",
            "high": "0.2347",
            "low": "0.2347",
            "close": "0.2344"
        },
        {
            "time": "11.12.2020 18:08",
            "open": "0.2344",
            "high": "0.2344",
            "low": "0.2344",
            "close": "0.2344"
        },
        {
            "time": "11.12.2020 18:09",
            "open": "0.2344",
            "high": "0.2344",
            "low": "0.2338",
            "close": "0.2337"
        },
        {
            "time": "11.12.2020 18:11",
            "open": "0.2337",
            "high": "0.2337",
            "low": "0.2333",
            "close": "0.2341"
        },
        {
            "time": "11.12.2020 18:12",
            "open": "0.2341",
            "high": "0.2341",
            "low": "0.2341",
            "close": "0.2331"
        },
        {
            "time": "11.12.2020 18:22",
            "open": "0.2331",
            "high": "0.2331",
            "low": "0.2331",
            "close": "0.2331"
        },
        {
            "time": "11.12.2020 18:23",
            "open": "0.2331",
            "high": "0.2331",
            "low": "0.2331",
            "close": "0.234"
        },
        {
            "time": "11.12.2020 18:27",
            "open": "0.234",
            "high": "0.234",
            "low": "0.234",
            "close": "0.2336"
        },
        {
            "time": "11.12.2020 18:30",
            "open": "0.2336",
            "high": "0.2336",
            "low": "0.2336",
            "close": "0.2331"
        },
        {
            "time": "11.12.2020 18:32",
            "open": "0.2331",
            "high": "0.2341",
            "low": "0.2331",
            "close": "0.2343"
        },
        {
            "time": "11.12.2020 18:33",
            "open": "0.2343",
            "high": "0.2343",
            "low": "0.2343",
            "close": "0.2339"
        },
        {
            "time": "11.12.2020 18:36",
            "open": "0.2339",
            "high": "0.2339",
            "low": "0.2339",
            "close": "0.2341"
        },
        {
            "time": "11.12.2020 18:46",
            "open": "0.2341",
            "high": "0.2341",
            "low": "0.2341",
            "close": "0.2345"
        },
        {
            "time": "11.12.2020 18:54",
            "open": "0.2345",
            "high": "0.2345",
            "low": "0.2345",
            "close": "0.2341"
        },
        {
            "time": "11.12.2020 19:05",
            "open": "0.2341",
            "high": "0.2341",
            "low": "0.2341",
            "close": "0.2342"
        },
        {
            "time": "11.12.2020 19:10",
            "open": "0.2342",
            "high": "0.2342",
            "low": "0.2342",
            "close": "0.2345"
        },
        {
            "time": "11.12.2020 19:16",
            "open": "0.2345",
            "high": "0.2345",
            "low": "0.2344",
            "close": "0.2345"
        },
        {
            "time": "11.12.2020 19:17",
            "open": "0.2345",
            "high": "0.2345",
            "low": "0.2345",
            "close": "0.2342"
        },
        {
            "time": "11.12.2020 19:19",
            "open": "0.2342",
            "high": "0.2342",
            "low": "0.2342",
            "close": "0.2347"
        },
        {
            "time": "11.12.2020 19:22",
            "open": "0.2347",
            "high": "0.2347",
            "low": "0.2347",
            "close": "0.2341"
        },
        {
            "time": "11.12.2020 19:24",
            "open": "0.2341",
            "high": "0.2346",
            "low": "0.2341",
            "close": "0.2345"
        },
        {
            "time": "11.12.2020 19:25",
            "open": "0.2345",
            "high": "0.2347",
            "low": "0.2345",
            "close": "0.2346"
        },
        {
            "time": "11.12.2020 19:26",
            "open": "0.2346",
            "high": "0.2346",
            "low": "0.2346",
            "close": "0.2345"
        },
        {
            "time": "11.12.2020 19:47",
            "open": "0.2345",
            "high": "0.2345",
            "low": "0.2345",
            "close": "0.2345"
        },
        {
            "time": "11.12.2020 19:52",
            "open": "0.2345",
            "high": "0.2345",
            "low": "0.2345",
            "close": "0.2347"
        },
        {
            "time": "11.12.2020 19:53",
            "open": "0.2347",
            "high": "0.2347",
            "low": "0.2347",
            "close": "0.2343"
        },
        {
            "time": "11.12.2020 20:00",
            "open": "0.2343",
            "high": "0.2343",
            "low": "0.2341",
            "close": "0.2342"
        },
        {
            "time": "11.12.2020 20:11",
            "open": "0.2342",
            "high": "0.2342",
            "low": "0.2342",
            "close": "0.2343"
        },
        {
            "time": "11.12.2020 20:12",
            "open": "0.2343",
            "high": "0.2343",
            "low": "0.2343",
            "close": "0.2346"
        },
        {
            "time": "11.12.2020 20:13",
            "open": "0.2346",
            "high": "0.2346",
            "low": "0.2346",
            "close": "0.2349"
        },
        {
            "time": "11.12.2020 20:14",
            "open": "0.2349",
            "high": "0.2349",
            "low": "0.2349",
            "close": "0.2342"
        },
        {
            "time": "11.12.2020 20:33",
            "open": "0.2342",
            "high": "0.2342",
            "low": "0.2342",
            "close": "0.2342"
        },
        {
            "time": "11.12.2020 20:34",
            "open": "0.2342",
            "high": "0.2342",
            "low": "0.2342",
            "close": "0.2343"
        },
        {
            "time": "11.12.2020 20:38",
            "open": "0.2343",
            "high": "0.2349",
            "low": "0.2343",
            "close": "0.2351"
        },
        {
            "time": "11.12.2020 20:45",
            "open": "0.2351",
            "high": "0.2351",
            "low": "0.2351",
            "close": "0.235"
        },
        {
            "time": "11.12.2020 20:46",
            "open": "0.235",
            "high": "0.235",
            "low": "0.235",
            "close": "0.237"
        },
        {
            "time": "11.12.2020 21:00",
            "open": "0.237",
            "high": "0.237",
            "low": "0.237",
            "close": "0.2373"
        },
        {
            "time": "11.12.2020 21:01",
            "open": "0.2373",
            "high": "0.2373",
            "low": "0.2372",
            "close": "0.2365"
        },
        {
            "time": "11.12.2020 21:02",
            "open": "0.2365",
            "high": "0.2366",
            "low": "0.2365",
            "close": "0.2349"
        },
        {
            "time": "11.12.2020 21:11",
            "open": "0.2349",
            "high": "0.2349",
            "low": "0.2345",
            "close": "0.2354"
        },
        {
            "time": "11.12.2020 21:19",
            "open": "0.2354",
            "high": "0.2354",
            "low": "0.2354",
            "close": "0.2369"
        },
        {
            "time": "11.12.2020 21:21",
            "open": "0.2369",
            "high": "0.2369",
            "low": "0.2368",
            "close": "0.237"
        },
        {
            "time": "11.12.2020 21:22",
            "open": "0.237",
            "high": "0.237",
            "low": "0.237",
            "close": "0.2366"
        },
        {
            "time": "11.12.2020 21:30",
            "open": "0.2366",
            "high": "0.2366",
            "low": "0.2366",
            "close": "0.2372"
        },
        {
            "time": "11.12.2020 21:31",
            "open": "0.2372",
            "high": "0.2372",
            "low": "0.2372",
            "close": "0.2374"
        },
        {
            "time": "11.12.2020 21:36",
            "open": "0.2374",
            "high": "0.2374",
            "low": "0.2374",
            "close": "0.238"
        },
        {
            "time": "11.12.2020 21:42",
            "open": "0.238",
            "high": "0.238",
            "low": "0.238",
            "close": "0.238"
        },
        {
            "time": "11.12.2020 21:43",
            "open": "0.238",
            "high": "0.2381",
            "low": "0.238",
            "close": "0.2376"
        },
        {
            "time": "11.12.2020 21:45",
            "open": "0.2376",
            "high": "0.2376",
            "low": "0.2376",
            "close": "0.2365"
        },
        {
            "time": "11.12.2020 21:49",
            "open": "0.2365",
            "high": "0.2371",
            "low": "0.2365",
            "close": "0.2375"
        },
        {
            "time": "11.12.2020 21:52",
            "open": "0.2375",
            "high": "0.2375",
            "low": "0.2375",
            "close": "0.2368"
        },
        {
            "time": "11.12.2020 21:53",
            "open": "0.2368",
            "high": "0.2368",
            "low": "0.2368",
            "close": "0.2374"
        },
        {
            "time": "11.12.2020 21:54",
            "open": "0.2374",
            "high": "0.2374",
            "low": "0.2374",
            "close": "0.2377"
        },
        {
            "time": "11.12.2020 21:55",
            "open": "0.2377",
            "high": "0.2377",
            "low": "0.2377",
            "close": "0.2374"
        },
        {
            "time": "11.12.2020 21:57",
            "open": "0.2374",
            "high": "0.2374",
            "low": "0.2374",
            "close": "0.238"
        },
        {
            "time": "11.12.2020 21:59",
            "open": "0.238",
            "high": "0.238",
            "low": "0.238",
            "close": "0.2378"
        },
        {
            "time": "11.12.2020 22:01",
            "open": "0.2378",
            "high": "0.2378",
            "low": "0.2378",
            "close": "0.2382"
        },
        {
            "time": "11.12.2020 22:02",
            "open": "0.2382",
            "high": "0.2384",
            "low": "0.2382",
            "close": "0.2381"
        },
        {
            "time": "11.12.2020 22:05",
            "open": "0.2381",
            "high": "0.2386",
            "low": "0.2381",
            "close": "0.238"
        },
        {
            "time": "11.12.2020 22:09",
            "open": "0.238",
            "high": "0.238",
            "low": "0.2378",
            "close": "0.2381"
        },
        {
            "time": "11.12.2020 22:12",
            "open": "0.2381",
            "high": "0.2381",
            "low": "0.2381",
            "close": "0.2379"
        },
        {
            "time": "11.12.2020 22:15",
            "open": "0.2379",
            "high": "0.238",
            "low": "0.2379",
            "close": "0.237"
        },
        {
            "time": "11.12.2020 22:18",
            "open": "0.237",
            "high": "0.237",
            "low": "0.237",
            "close": "0.2369"
        },
        {
            "time": "11.12.2020 22:19",
            "open": "0.2369",
            "high": "0.2371",
            "low": "0.2369",
            "close": "0.2367"
        },
        {
            "time": "11.12.2020 22:25",
            "open": "0.2367",
            "high": "0.2367",
            "low": "0.2367",
            "close": "0.2375"
        },
        {
            "time": "11.12.2020 22:29",
            "open": "0.2375",
            "high": "0.2375",
            "low": "0.2375",
            "close": "0.2369"
        },
        {
            "time": "11.12.2020 22:30",
            "open": "0.2369",
            "high": "0.2369",
            "low": "0.2369",
            "close": "0.238"
        },
        {
            "time": "11.12.2020 22:32",
            "open": "0.238",
            "high": "0.238",
            "low": "0.238",
            "close": "0.2384"
        },
        {
            "time": "11.12.2020 22:38",
            "open": "0.2384",
            "high": "0.2384",
            "low": "0.2384",
            "close": "0.2384"
        },
        {
            "time": "11.12.2020 22:39",
            "open": "0.2384",
            "high": "0.2384",
            "low": "0.2384",
            "close": "0.2372"
        },
        {
            "time": "11.12.2020 22:43",
            "open": "0.2372",
            "high": "0.2372",
            "low": "0.2372",
            "close": "0.2378"
        },
        {
            "time": "11.12.2020 22:45",
            "open": "0.2378",
            "high": "0.2378",
            "low": "0.2378",
            "close": "0.2376"
        },
        {
            "time": "11.12.2020 22:46",
            "open": "0.2376",
            "high": "0.2376",
            "low": "0.2376",
            "close": "0.2376"
        },
        {
            "time": "11.12.2020 22:47",
            "open": "0.2376",
            "high": "0.2376",
            "low": "0.2376",
            "close": "0.237"
        },
        {
            "time": "11.12.2020 22:49",
            "open": "0.237",
            "high": "0.237",
            "low": "0.237",
            "close": "0.2376"
        },
        {
            "time": "11.12.2020 22:50",
            "open": "0.2376",
            "high": "0.2376",
            "low": "0.2376",
            "close": "0.2378"
        },
        {
            "time": "11.12.2020 22:55",
            "open": "0.2378",
            "high": "0.2378",
            "low": "0.2376",
            "close": "0.2373"
        },
        {
            "time": "11.12.2020 22:56",
            "open": "0.2373",
            "high": "0.2373",
            "low": "0.2373",
            "close": "0.2374"
        },
        {
            "time": "11.12.2020 23:06",
            "open": "0.2374",
            "high": "0.2379",
            "low": "0.2374",
            "close": "0.2389"
        },
        {
            "time": "11.12.2020 23:09",
            "open": "0.2389",
            "high": "0.2389",
            "low": "0.2389",
            "close": "0.239"
        },
        {
            "time": "11.12.2020 23:14",
            "open": "0.239",
            "high": "0.239",
            "low": "0.239",
            "close": "0.2392"
        },
        {
            "time": "11.12.2020 23:15",
            "open": "0.2392",
            "high": "0.2392",
            "low": "0.2392",
            "close": "0.2394"
        },
        {
            "time": "11.12.2020 23:16",
            "open": "0.2394",
            "high": "0.2398",
            "low": "0.2394",
            "close": "0.2398"
        },
        {
            "time": "11.12.2020 23:17",
            "open": "0.2398",
            "high": "0.2398",
            "low": "0.2398",
            "close": "0.2392"
        },
        {
            "time": "11.12.2020 23:18",
            "open": "0.2392",
            "high": "0.2392",
            "low": "0.2392",
            "close": "0.2397"
        },
        {
            "time": "11.12.2020 23:22",
            "open": "0.2397",
            "high": "0.2397",
            "low": "0.2397",
            "close": "0.24"
        },
        {
            "time": "11.12.2020 23:27",
            "open": "0.24",
            "high": "0.24",
            "low": "0.24",
            "close": "0.2397"
        },
        {
            "time": "11.12.2020 23:28",
            "open": "0.2397",
            "high": "0.2397",
            "low": "0.2397",
            "close": "0.2397"
        },
        {
            "time": "11.12.2020 23:29",
            "open": "0.2397",
            "high": "0.2397",
            "low": "0.2397",
            "close": "0.2398"
        },
        {
            "time": "11.12.2020 23:33",
            "open": "0.2398",
            "high": "0.2398",
            "low": "0.2398",
            "close": "0.2398"
        },
        {
            "time": "11.12.2020 23:34",
            "open": "0.2398",
            "high": "0.2398",
            "low": "0.2398",
            "close": "0.2399"
        },
        {
            "time": "11.12.2020 23:36",
            "open": "0.2399",
            "high": "0.2399",
            "low": "0.2399",
            "close": "0.24"
        },
        {
            "time": "11.12.2020 23:38",
            "open": "0.24",
            "high": "0.24",
            "low": "0.24",
            "close": "0.24"
        },
        {
            "time": "11.12.2020 23:41",
            "open": "0.24",
            "high": "0.24",
            "low": "0.24",
            "close": "0.2396"
        },
        {
            "time": "11.12.2020 23:42",
            "open": "0.2396",
            "high": "0.2396",
            "low": "0.2396",
            "close": "0.2394"
        },
        {
            "time": "11.12.2020 23:46",
            "open": "0.2394",
            "high": "0.2399",
            "low": "0.2394",
            "close": "0.2392"
        },
        {
            "time": "11.12.2020 23:48",
            "open": "0.2392",
            "high": "0.2392",
            "low": "0.2392",
            "close": "0.2389"
        },
        {
            "time": "11.12.2020 23:49",
            "open": "0.2389",
            "high": "0.2389",
            "low": "0.2389",
            "close": "0.24"
        },
        {
            "time": "11.12.2020 23:50",
            "open": "0.24",
            "high": "0.24",
            "low": "0.2399",
            "close": "0.2403"
        },
        {
            "time": "11.12.2020 23:51",
            "open": "0.2403",
            "high": "0.2408",
            "low": "0.2403",
            "close": "0.2409"
        }
    ]
}