{
    "ALGO-EUR": [
        {
            "time": "11.12.2020 23:52",
            "open": "0.2409",
            "high": "0.241",
            "low": "0.2409",
            "close": "0.2408"
        },
        {
            "time": "12.12.2020 00:01",
            "open": "0.2408",
            "high": "0.2408",
            "low": "0.2396",
            "close": "0.2403"
        },
        {
            "time": "12.12.2020 00:04",
            "open": "0.2403",
            "high": "0.2403",
            "low": "0.2403",
            "close": "0.2397"
        },
        {
            "time": "12.12.2020 00:13",
            "open": "0.2397",
            "high": "0.2397",
            "low": "0.2397",
            "close": "0.2411"
        },
        {
            "time": "12.12.2020 00:21",
            "open": "0.2411",
            "high": "0.2411",
            "low": "0.2411",
            "close": "0.2393"
        },
        {
            "time": "12.12.2020 00:39",
            "open": "0.2393",
            "high": "0.2393",
            "low": "0.2393",
            "close": "0.239"
        },
        {
            "time": "12.12.2020 00:55",
            "open": "0.239",
            "high": "0.239",
            "low": "0.239",
            "close": "0.2402"
        },
        {
            "time": "12.12.2020 01:02",
            "open": "0.2402",
            "high": "0.2402",
            "low": "0.2402",
            "close": "0.2387"
        },
        {
            "time": "12.12.2020 01:03",
            "open": "0.2387",
            "high": "0.2388",
            "low": "0.2382",
            "close": "0.2391"
        },
        {
            "time": "12.12.2020 01:04",
            "open": "0.2391",
            "high": "0.2391",
            "low": "0.2391",
            "close": "0.241"
        },
        {
            "time": "12.12.2020 01:05",
            "open": "0.241",
            "high": "0.2415",
            "low": "0.2407",
            "close": "0.242"
        },
        {
            "time": "12.12.2020 01:07",
            "open": "0.242",
            "high": "0.2426",
            "low": "0.242",
            "close": "0.2425"
        },
        {
            "time": "12.12.2020 01:08",
            "open": "0.2425",
            "high": "0.2425",
            "low": "0.2425",
            "close": "0.2424"
        },
        {
            "time": "12.12.2020 01:09",
            "open": "0.2424",
            "high": "0.2424",
            "low": "0.2424",
            "close": "0.2417"
        },
        {
            "time": "12.12.2020 01:13",
            "open": "0.2417",
            "high": "0.2417",
            "low": "0.2417",
            "close": "0.2423"
        },
        {
            "time": "12.12.2020 01:16",
            "open": "0.2423",
            "high": "0.243",
            "low": "0.2423",
            "close": "0.243"
        },
        {
            "time": "12.12.2020 01:17",
            "open": "0.243",
            "high": "0.2439",
            "low": "0.243",
            "close": "0.244"
        },
        {
            "time": "12.12.2020 01:18",
            "open": "0.244",
            "high": "0.2447",
            "low": "0.244",
            "close": "0.245"
        },
        {
            "time": "12.12.2020 01:19",
            "open": "0.245",
            "high": "0.2459",
            "low": "0.245",
            "close": "0.246"
        },
        {
            "time": "12.12.2020 01:20",
            "open": "0.246",
            "high": "0.249",
            "low": "0.246",
            "close": "0.2493"
        },
        {
            "time": "12.12.2020 01:21",
            "open": "0.2493",
            "high": "0.2495",
            "low": "0.2492",
            "close": "0.2493"
        },
        {
            "time": "12.12.2020 01:22",
            "open": "0.2493",
            "high": "0.2493",
            "low": "0.2489",
            "close": "0.2485"
        },
        {
            "time": "12.12.2020 01:23",
            "open": "0.2485",
            "high": "0.2485",
            "low": "0.2485",
            "close": "0.2479"
        },
        {
            "time": "12.12.2020 01:24",
            "open": "0.2479",
            "high": "0.2487",
            "low": "0.2479",
            "close": "0.2496"
        },
        {
            "time": "12.12.2020 01:25",
            "open": "0.2496",
            "high": "0.2502",
            "low": "0.2496",
            "close": "0.2492"
        },
        {
            "time": "12.12.2020 01:26",
            "open": "0.2492",
            "high": "0.2498",
            "low": "0.2492",
            "close": "0.2492"
        },
        {
            "time": "12.12.2020 01:30",
            "open": "0.2492",
            "high": "0.2492",
            "low": "0.2492",
            "close": "0.2483"
        },
        {
            "time": "12.12.2020 01:31",
            "open": "0.2483",
            "high": "0.2483",
            "low": "0.2482",
            "close": "0.2484"
        },
        {
            "time": "12.12.2020 01:35",
            "open": "0.2484",
            "high": "0.2502",
            "low": "0.2484",
            "close": "0.2502"
        },
        {
            "time": "12.12.2020 01:36",
            "open": "0.2502",
            "high": "0.2526",
            "low": "0.2502",
            "close": "0.2527"
        },
        {
            "time": "12.12.2020 01:37",
            "open": "0.2527",
            "high": "0.2528",
            "low": "0.2509",
            "close": "0.2525"
        },
        {
            "time": "12.12.2020 01:38",
            "open": "0.2525",
            "high": "0.2527",
            "low": "0.2522",
            "close": "0.2522"
        },
        {
            "time": "12.12.2020 01:39",
            "open": "0.2522",
            "high": "0.2538",
            "low": "0.2522",
            "close": "0.2538"
        },
        {
            "time": "12.12.2020 01:40",
            "open": "0.2538",
            "high": "0.2554",
            "low": "0.2538",
            "close": "0.2544"
        },
        {
            "time": "12.12.2020 01:41",
            "open": "0.2544",
            "high": "0.2551",
            "low": "0.2544",
            "close": "0.2554"
        },
        {
            "time": "12.12.2020 01:42",
            "open": "0.2554",
            "high": "0.2555",
            "low": "0.2554",
            "close": "0.2559"
        },
        {
            "time": "12.12.2020 01:43",
            "open": "0.2559",
            "high": "0.256",
            "low": "0.2557",
            "close": "0.2552"
        },
        {
            "time": "12.12.2020 01:44",
            "open": "0.2552",
            "high": "0.2555",
            "low": "0.2552",
            "close": "0.2537"
        },
        {
            "time": "12.12.2020 01:45",
            "open": "0.2537",
            "high": "0.2537",
            "low": "0.2513",
            "close": "0.2523"
        },
        {
            "time": "12.12.2020 01:46",
            "open": "0.2523",
            "high": "0.2523",
            "low": "0.2523",
            "close": "0.2525"
        },
        {
            "time": "12.12.2020 01:47",
            "open": "0.2525",
            "high": "0.2531",
            "low": "0.2525",
            "close": "0.2521"
        },
        {
            "time": "12.12.2020 01:48",
            "open": "0.2521",
            "high": "0.2535",
            "low": "0.2521",
            "close": "0.2525"
        },
        {
            "time": "12.12.2020 01:49",
            "open": "0.2525",
            "high": "0.2525",
            "low": "0.2523",
            "close": "0.2519"
        },
        {
            "time": "12.12.2020 01:50",
            "open": "0.2519",
            "high": "0.2519",
            "low": "0.2519",
            "close": "0.2517"
        },
        {
            "time": "12.12.2020 01:51",
            "open": "0.2517",
            "high": "0.252",
            "low": "0.2517",
            "close": "0.2512"
        },
        {
            "time": "12.12.2020 01:52",
            "open": "0.2512",
            "high": "0.2521",
            "low": "0.2512",
            "close": "0.2531"
        },
        {
            "time": "12.12.2020 01:55",
            "open": "0.2531",
            "high": "0.2532",
            "low": "0.2531",
            "close": "0.2529"
        },
        {
            "time": "12.12.2020 01:57",
            "open": "0.2529",
            "high": "0.2529",
            "low": "0.2529",
            "close": "0.2534"
        },
        {
            "time": "12.12.2020 02:00",
            "open": "0.2534",
            "high": "0.2534",
            "low": "0.2534",
            "close": "0.2521"
        },
        {
            "time": "12.12.2020 02:01",
            "open": "0.2521",
            "high": "0.2521",
            "low": "0.2521",
            "close": "0.2517"
        },
        {
            "time": "12.12.2020 02:02",
            "open": "0.2517",
            "high": "0.2517",
            "low": "0.2512",
            "close": "0.2516"
        },
        {
            "time": "12.12.2020 02:03",
            "open": "0.2516",
            "high": "0.2516",
            "low": "0.2516",
            "close": "0.2523"
        },
        {
            "time": "12.12.2020 02:04",
            "open": "0.2523",
            "high": "0.2523",
            "low": "0.2523",
            "close": "0.2519"
        },
        {
            "time": "12.12.2020 02:05",
            "open": "0.2519",
            "high": "0.2519",
            "low": "0.2519",
            "close": "0.2525"
        },
        {
            "time": "12.12.2020 02:10",
            "open": "0.2525",
            "high": "0.2525",
            "low": "0.2525",
            "close": "0.2525"
        },
        {
            "time": "12.12.2020 02:14",
            "open": "0.2525",
            "high": "0.2525",
            "low": "0.2525",
            "close": "0.2527"
        },
        {
            "time": "12.12.2020 02:20",
            "open": "0.2527",
            "high": "0.2527",
            "low": "0.2526",
            "close": "0.2519"
        },
        {
            "time": "12.12.2020 02:23",
            "open": "0.2519",
            "high": "0.2519",
            "low": "0.2519",
            "close": "0.2527"
        },
        {
            "time": "12.12.2020 02:28",
            "open": "0.2527",
            "high": "0.2527",
            "low": "0.2527",
            "close": "0.2519"
        },
        {
            "time": "12.12.2020 02:31",
            "open": "0.2519",
            "high": "0.2519",
            "low": "0.2519",
            "close": "0.2522"
        },
        {
            "time": "12.12.2020 02:32",
            "open": "0.2522",
            "high": "0.2522",
            "low": "0.2519",
            "close": "0.2521"
        },
        {
            "time": "12.12.2020 02:33",
            "open": "0.2521",
            "high": "0.2521",
            "low": "0.2521",
            "close": "0.2524"
        },
        {
            "time": "12.12.2020 02:39",
            "open": "0.2524",
            "high": "0.2532",
            "low": "0.2523",
            "close": "0.2522"
        },
        {
            "time": "12.12.2020 02:42",
            "open": "0.2522",
            "high": "0.2522",
            "low": "0.2521",
            "close": "0.2521"
        },
        {
            "time": "12.12.2020 02:46",
            "open": "0.2521",
            "high": "0.2521",
            "low": "0.2518",
            "close": "0.2525"
        },
        {
            "time": "12.12.2020 02:47",
            "open": "0.2525",
            "high": "0.2525",
            "low": "0.2525",
            "close": "0.2525"
        },
        {
            "time": "12.12.2020 02:50",
            "open": "0.2525",
            "high": "0.2525",
            "low": "0.2523",
            "close": "0.2527"
        },
        {
            "time": "12.12.2020 02:52",
            "open": "0.2527",
            "high": "0.2529",
            "low": "0.2527",
            "close": "0.2528"
        },
        {
            "time": "12.12.2020 02:55",
            "open": "0.2528",
            "high": "0.2528",
            "low": "0.2528",
            "close": "0.2528"
        },
        {
            "time": "12.12.2020 02:59",
            "open": "0.2528",
            "high": "0.2531",
            "low": "0.2528",
            "close": "0.2541"
        },
        {
            "time": "12.12.2020 03:00",
            "open": "0.2541",
            "high": "0.2541",
            "low": "0.2541",
            "close": "0.2546"
        },
        {
            "time": "12.12.2020 03:01",
            "open": "0.2546",
            "high": "0.2547",
            "low": "0.2545",
            "close": "0.2549"
        },
        {
            "time": "12.12.2020 03:02",
            "open": "0.2549",
            "high": "0.2549",
            "low": "0.2549",
            "close": "0.2548"
        },
        {
            "time": "12.12.2020 03:03",
            "open": "0.2548",
            "high": "0.2548",
            "low": "0.2548",
            "close": "0.2539"
        },
        {
            "time": "12.12.2020 03:16",
            "open": "0.2539",
            "high": "0.2545",
            "low": "0.2539",
            "close": "0.2532"
        },
        {
            "time": "12.12.2020 03:17",
            "open": "0.2532",
            "high": "0.2532",
            "low": "0.2532",
            "close": "0.2531"
        },
        {
            "time": "12.12.2020 03:21",
            "open": "0.2531",
            "high": "0.2531",
            "low": "0.2531",
            "close": "0.2531"
        },
        {
            "time": "12.12.2020 03:23",
            "open": "0.2531",
            "high": "0.2531",
            "low": "0.2529",
            "close": "0.2536"
        },
        {
            "time": "12.12.2020 03:38",
            "open": "0.2536",
            "high": "0.2536",
            "low": "0.2536",
            "close": "0.2544"
        },
        {
            "time": "12.12.2020 03:48",
            "open": "0.2544",
            "high": "0.2544",
            "low": "0.2544",
            "close": "0.2554"
        },
        {
            "time": "12.12.2020 03:50",
            "open": "0.2554",
            "high": "0.2554",
            "low": "0.2554",
            "close": "0.255"
        },
        {
            "time": "12.12.2020 03:55",
            "open": "0.255",
            "high": "0.255",
            "low": "0.255",
            "close": "0.2552"
        },
        {
            "time": "12.12.2020 03:59",
            "open": "0.2552",
            "high": "0.2552",
            "low": "0.2547",
            "close": "0.2544"
        },
        {
            "time": "12.12.2020 04:05",
            "open": "0.2544",
            "high": "0.2544",
            "low": "0.2544",
            "close": "0.2544"
        },
        {
            "time": "12.12.2020 04:12",
            "open": "0.2544",
            "high": "0.2544",
            "low": "0.2544",
            "close": "0.2544"
        },
        {
            "time": "12.12.2020 04:15",
            "open": "0.2544",
            "high": "0.2544",
            "low": "0.2544",
            "close": "0.2555"
        },
        {
            "time": "12.12.2020 04:32",
            "open": "0.2555",
            "high": "0.2564",
            "low": "0.2555",
            "close": "0.2562"
        },
        {
            "time": "12.12.2020 04:33",
            "open": "0.2562",
            "high": "0.257",
            "low": "0.2562",
            "close": "0.2565"
        },
        {
            "time": "12.12.2020 04:37",
            "open": "0.2565",
            "high": "0.2565",
            "low": "0.2565",
            "close": "0.256"
        },
        {
            "time": "12.12.2020 04:38",
            "open": "0.256",
            "high": "0.256",
            "low": "0.256",
            "close": "0.2565"
        },
        {
            "time": "12.12.2020 04:42",
            "open": "0.2565",
            "high": "0.2565",
            "low": "0.2565",
            "close": "0.2561"
        },
        {
            "time": "12.12.2020 04:47",
            "open": "0.2561",
            "high": "0.2561",
            "low": "0.2558",
            "close": "0.2542"
        },
        {
            "time": "12.12.2020 05:01",
            "open": "0.2542",
            "high": "0.2542",
            "low": "0.2542",
            "close": "0.2555"
        },
        {
            "time": "12.12.2020 05:11",
            "open": "0.2555",
            "high": "0.2555",
            "low": "0.2555",
            "close": "0.257"
        },
        {
            "time": "12.12.2020 05:31",
            "open": "0.257",
            "high": "0.2574",
            "low": "0.257",
            "close": "0.2577"
        },
        {
            "time": "12.12.2020 05:32",
            "open": "0.2577",
            "high": "0.2577",
            "low": "0.2577",
            "close": "0.2558"
        },
        {
            "time": "12.12.2020 05:37",
            "open": "0.2558",
            "high": "0.2558",
            "low": "0.2558",
            "close": "0.2549"
        },
        {
            "time": "12.12.2020 05:45",
            "open": "0.2549",
            "high": "0.2549",
            "low": "0.2549",
            "close": "0.255"
        },
        {
            "time": "12.12.2020 05:46",
            "open": "0.255",
            "high": "0.255",
            "low": "0.255",
            "close": "0.255"
        },
        {
            "time": "12.12.2020 05:48",
            "open": "0.255",
            "high": "0.255",
            "low": "0.2549",
            "close": "0.2556"
        },
        {
            "time": "12.12.2020 05:51",
            "open": "0.2556",
            "high": "0.2567",
            "low": "0.2556",
            "close": "0.2567"
        },
        {
            "time": "12.12.2020 05:52",
            "open": "0.2567",
            "high": "0.2575",
            "low": "0.2567",
            "close": "0.257"
        },
        {
            "time": "12.12.2020 05:53",
            "open": "0.257",
            "high": "0.257",
            "low": "0.257",
            "close": "0.2578"
        },
        {
            "time": "12.12.2020 06:00",
            "open": "0.2578",
            "high": "0.2578",
            "low": "0.2578",
            "close": "0.2578"
        },
        {
            "time": "12.12.2020 06:03",
            "open": "0.2578",
            "high": "0.2578",
            "low": "0.2578",
            "close": "0.2578"
        },
        {
            "time": "12.12.2020 06:04",
            "open": "0.2578",
            "high": "0.2578",
            "low": "0.2578",
            "close": "0.2577"
        },
        {
            "time": "12.12.2020 06:06",
            "open": "0.2577",
            "high": "0.2577",
            "low": "0.2577",
            "close": "0.2578"
        },
        {
            "time": "12.12.2020 06:07",
            "open": "0.2578",
            "high": "0.2578",
            "low": "0.2578",
            "close": "0.2578"
        },
        {
            "time": "12.12.2020 06:08",
            "open": "0.2578",
            "high": "0.2578",
            "low": "0.2578",
            "close": "0.2577"
        },
        {
            "time": "12.12.2020 06:11",
            "open": "0.2577",
            "high": "0.2577",
            "low": "0.2568",
            "close": "0.2568"
        },
        {
            "time": "12.12.2020 06:12",
            "open": "0.2568",
            "high": "0.2568",
            "low": "0.2568",
            "close": "0.2562"
        },
        {
            "time": "12.12.2020 06:16",
            "open": "0.2562",
            "high": "0.2567",
            "low": "0.2562",
            "close": "0.2566"
        },
        {
            "time": "12.12.2020 06:21",
            "open": "0.2566",
            "high": "0.2566",
            "low": "0.2566",
            "close": "0.2558"
        },
        {
            "time": "12.12.2020 06:37",
            "open": "0.2558",
            "high": "0.2558",
            "low": "0.2557",
            "close": "0.2562"
        },
        {
            "time": "12.12.2020 06:38",
            "open": "0.2562",
            "high": "0.2562",
            "low": "0.2562",
            "close": "0.2563"
        },
        {
            "time": "12.12.2020 06:45",
            "open": "0.2563",
            "high": "0.2563",
            "low": "0.2563",
            "close": "0.2563"
        },
        {
            "time": "12.12.2020 06:47",
            "open": "0.2563",
            "high": "0.2563",
            "low": "0.2563",
            "close": "0.2574"
        },
        {
            "time": "12.12.2020 07:04",
            "open": "0.2574",
            "high": "0.2574",
            "low": "0.2574",
            "close": "0.2579"
        },
        {
            "time": "12.12.2020 07:06",
            "open": "0.2579",
            "high": "0.2579",
            "low": "0.2576",
            "close": "0.2579"
        },
        {
            "time": "12.12.2020 07:14",
            "open": "0.2579",
            "high": "0.258",
            "low": "0.2579",
            "close": "0.2582"
        },
        {
            "time": "12.12.2020 07:16",
            "open": "0.2582",
            "high": "0.2585",
            "low": "0.2582",
            "close": "0.2587"
        },
        {
            "time": "12.12.2020 07:19",
            "open": "0.2587",
            "high": "0.2589",
            "low": "0.2587",
            "close": "0.2589"
        },
        {
            "time": "12.12.2020 07:20",
            "open": "0.2589",
            "high": "0.2589",
            "low": "0.2589",
            "close": "0.2589"
        },
        {
            "time": "12.12.2020 07:21",
            "open": "0.2589",
            "high": "0.2589",
            "low": "0.2589",
            "close": "0.2571"
        },
        {
            "time": "12.12.2020 07:36",
            "open": "0.2571",
            "high": "0.2571",
            "low": "0.257",
            "close": "0.2578"
        },
        {
            "time": "12.12.2020 07:41",
            "open": "0.2578",
            "high": "0.2578",
            "low": "0.2578",
            "close": "0.2578"
        },
        {
            "time": "12.12.2020 07:43",
            "open": "0.2578",
            "high": "0.2578",
            "low": "0.2573",
            "close": "0.2577"
        },
        {
            "time": "12.12.2020 07:46",
            "open": "0.2577",
            "high": "0.2577",
            "low": "0.2577",
            "close": "0.258"
        },
        {
            "time": "12.12.2020 07:52",
            "open": "0.258",
            "high": "0.258",
            "low": "0.258",
            "close": "0.259"
        },
        {
            "time": "12.12.2020 08:04",
            "open": "0.259",
            "high": "0.2592",
            "low": "0.259",
            "close": "0.259"
        },
        {
            "time": "12.12.2020 08:07",
            "open": "0.259",
            "high": "0.259",
            "low": "0.259",
            "close": "0.259"
        },
        {
            "time": "12.12.2020 08:18",
            "open": "0.259",
            "high": "0.259",
            "low": "0.259",
            "close": "0.2592"
        },
        {
            "time": "12.12.2020 08:19",
            "open": "0.2592",
            "high": "0.2592",
            "low": "0.2592",
            "close": "0.2593"
        },
        {
            "time": "12.12.2020 08:20",
            "open": "0.2593",
            "high": "0.2595",
            "low": "0.2593",
            "close": "0.2598"
        },
        {
            "time": "12.12.2020 08:21",
            "open": "0.2598",
            "high": "0.2599",
            "low": "0.2598",
            "close": "0.2593"
        },
        {
            "time": "12.12.2020 08:23",
            "open": "0.2593",
            "high": "0.2598",
            "low": "0.2593",
            "close": "0.2597"
        },
        {
            "time": "12.12.2020 08:30",
            "open": "0.2597",
            "high": "0.2597",
            "low": "0.2597",
            "close": "0.2597"
        },
        {
            "time": "12.12.2020 08:31",
            "open": "0.2597",
            "high": "0.2597",
            "low": "0.2597",
            "close": "0.2591"
        },
        {
            "time": "12.12.2020 08:35",
            "open": "0.2591",
            "high": "0.2591",
            "low": "0.2591",
            "close": "0.2597"
        },
        {
            "time": "12.12.2020 08:38",
            "open": "0.2597",
            "high": "0.26",
            "low": "0.2597",
            "close": "0.26"
        },
        {
            "time": "12.12.2020 08:39",
            "open": "0.26",
            "high": "0.26",
            "low": "0.2599",
            "close": "0.2599"
        },
        {
            "time": "12.12.2020 08:40",
            "open": "0.2599",
            "high": "0.2599",
            "low": "0.2599",
            "close": "0.2598"
        },
        {
            "time": "12.12.2020 08:41",
            "open": "0.2598",
            "high": "0.2598",
            "low": "0.2598",
            "close": "0.2599"
        },
        {
            "time": "12.12.2020 08:42",
            "open": "0.2599",
            "high": "0.2599",
            "low": "0.2588",
            "close": "0.2598"
        },
        {
            "time": "12.12.2020 08:44",
            "open": "0.2598",
            "high": "0.2598",
            "low": "0.2598",
            "close": "0.2598"
        },
        {
            "time": "12.12.2020 08:47",
            "open": "0.2598",
            "high": "0.2598",
            "low": "0.2598",
            "close": "0.26"
        },
        {
            "time": "12.12.2020 08:50",
            "open": "0.26",
            "high": "0.26",
            "low": "0.26",
            "close": "0.2596"
        },
        {
            "time": "12.12.2020 08:52",
            "open": "0.2596",
            "high": "0.2596",
            "low": "0.2596",
            "close": "0.26"
        },
        {
            "time": "12.12.2020 08:59",
            "open": "0.26",
            "high": "0.26",
            "low": "0.26",
            "close": "0.2596"
        },
        {
            "time": "12.12.2020 09:00",
            "open": "0.2596",
            "high": "0.2598",
            "low": "0.2596",
            "close": "0.2599"
        },
        {
            "time": "12.12.2020 09:01",
            "open": "0.2599",
            "high": "0.2599",
            "low": "0.2599",
            "close": "0.2601"
        },
        {
            "time": "12.12.2020 09:02",
            "open": "0.2601",
            "high": "0.2601",
            "low": "0.2601",
            "close": "0.2604"
        },
        {
            "time": "12.12.2020 09:03",
            "open": "0.2604",
            "high": "0.2604",
            "low": "0.2604",
            "close": "0.2599"
        },
        {
            "time": "12.12.2020 09:08",
            "open": "0.2599",
            "high": "0.2599",
            "low": "0.2596",
            "close": "0.2587"
        },
        {
            "time": "12.12.2020 09:14",
            "open": "0.2587",
            "high": "0.2587",
            "low": "0.2585",
            "close": "0.2582"
        },
        {
            "time": "12.12.2020 09:15",
            "open": "0.2582",
            "high": "0.2582",
            "low": "0.2582",
            "close": "0.2574"
        },
        {
            "time": "12.12.2020 09:20",
            "open": "0.2574",
            "high": "0.2574",
            "low": "0.2574",
            "close": "0.2571"
        },
        {
            "time": "12.12.2020 09:21",
            "open": "0.2571",
            "high": "0.2571",
            "low": "0.257",
            "close": "0.2571"
        },
        {
            "time": "12.12.2020 09:22",
            "open": "0.2571",
            "high": "0.2571",
            "low": "0.2571",
            "close": "0.2575"
        },
        {
            "time": "12.12.2020 09:23",
            "open": "0.2575",
            "high": "0.2575",
            "low": "0.2575",
            "close": "0.2575"
        },
        {
            "time": "12.12.2020 09:24",
            "open": "0.2575",
            "high": "0.2575",
            "low": "0.2575",
            "close": "0.2571"
        },
        {
            "time": "12.12.2020 09:25",
            "open": "0.2571",
            "high": "0.2571",
            "low": "0.2571",
            "close": "0.2555"
        },
        {
            "time": "12.12.2020 09:30",
            "open": "0.2555",
            "high": "0.2555",
            "low": "0.2555",
            "close": "0.2559"
        },
        {
            "time": "12.12.2020 09:32",
            "open": "0.2559",
            "high": "0.2559",
            "low": "0.2559",
            "close": "0.2564"
        },
        {
            "time": "12.12.2020 09:33",
            "open": "0.2564",
            "high": "0.2564",
            "low": "0.2564",
            "close": "0.2561"
        },
        {
            "time": "12.12.2020 09:34",
            "open": "0.2561",
            "high": "0.2561",
            "low": "0.2561",
            "close": "0.2565"
        },
        {
            "time": "12.12.2020 09:40",
            "open": "0.2565",
            "high": "0.2565",
            "low": "0.2565",
            "close": "0.257"
        },
        {
            "time": "12.12.2020 09:47",
            "open": "0.257",
            "high": "0.257",
            "low": "0.257",
            "close": "0.2573"
        },
        {
            "time": "12.12.2020 09:48",
            "open": "0.2573",
            "high": "0.2573",
            "low": "0.2568",
            "close": "0.2565"
        },
        {
            "time": "12.12.2020 09:51",
            "open": "0.2565",
            "high": "0.2565",
            "low": "0.2565",
            "close": "0.2564"
        },
        {
            "time": "12.12.2020 09:53",
            "open": "0.2564",
            "high": "0.2564",
            "low": "0.2564",
            "close": "0.2564"
        },
        {
            "time": "12.12.2020 09:56",
            "open": "0.2564",
            "high": "0.2567",
            "low": "0.2558",
            "close": "0.2569"
        },
        {
            "time": "12.12.2020 09:57",
            "open": "0.2569",
            "high": "0.2569",
            "low": "0.2569",
            "close": "0.2569"
        },
        {
            "time": "12.12.2020 10:00",
            "open": "0.2569",
            "high": "0.2569",
            "low": "0.2569",
            "close": "0.2561"
        },
        {
            "time": "12.12.2020 10:05",
            "open": "0.2561",
            "high": "0.2567",
            "low": "0.2561",
            "close": "0.257"
        },
        {
            "time": "12.12.2020 10:10",
            "open": "0.257",
            "high": "0.257",
            "low": "0.257",
            "close": "0.2565"
        },
        {
            "time": "12.12.2020 10:12",
            "open": "0.2565",
            "high": "0.2566",
            "low": "0.2565",
            "close": "0.2566"
        },
        {
            "time": "12.12.2020 10:13",
            "open": "0.2566",
            "high": "0.2566",
            "low": "0.2566",
            "close": "0.2566"
        },
        {
            "time": "12.12.2020 10:15",
            "open": "0.2566",
            "high": "0.2566",
            "low": "0.2565",
            "close": "0.2563"
        },
        {
            "time": "12.12.2020 10:17",
            "open": "0.2563",
            "high": "0.2563",
            "low": "0.2563",
            "close": "0.2563"
        },
        {
            "time": "12.12.2020 10:20",
            "open": "0.2563",
            "high": "0.257",
            "low": "0.2563",
            "close": "0.2562"
        },
        {
            "time": "12.12.2020 10:21",
            "open": "0.2562",
            "high": "0.2562",
            "low": "0.2562",
            "close": "0.2569"
        },
        {
            "time": "12.12.2020 10:22",
            "open": "0.2569",
            "high": "0.2575",
            "low": "0.2565",
            "close": "0.2571"
        },
        {
            "time": "12.12.2020 10:24",
            "open": "0.2571",
            "high": "0.2571",
            "low": "0.2571",
            "close": "0.2567"
        },
        {
            "time": "12.12.2020 10:29",
            "open": "0.2567",
            "high": "0.2567",
            "low": "0.2567",
            "close": "0.2566"
        },
        {
            "time": "12.12.2020 10:30",
            "open": "0.2566",
            "high": "0.2566",
            "low": "0.2566",
            "close": "0.2566"
        },
        {
            "time": "12.12.2020 10:31",
            "open": "0.2566",
            "high": "0.2566",
            "low": "0.2566",
            "close": "0.2571"
        },
        {
            "time": "12.12.2020 10:32",
            "open": "0.2571",
            "high": "0.2571",
            "low": "0.2571",
            "close": "0.2565"
        },
        {
            "time": "12.12.2020 10:38",
            "open": "0.2565",
            "high": "0.2565",
            "low": "0.2561",
            "close": "0.2562"
        },
        {
            "time": "12.12.2020 10:41",
            "open": "0.2562",
            "high": "0.2562",
            "low": "0.2562",
            "close": "0.2562"
        },
        {
            "time": "12.12.2020 10:42",
            "open": "0.2562",
            "high": "0.2562",
            "low": "0.2557",
            "close": "0.2555"
        },
        {
            "time": "12.12.2020 10:49",
            "open": "0.2555",
            "high": "0.2555",
            "low": "0.2555",
            "close": "0.2554"
        },
        {
            "time": "12.12.2020 10:51",
            "open": "0.2554",
            "high": "0.2554",
            "low": "0.2554",
            "close": "0.2551"
        },
        {
            "time": "12.12.2020 10:52",
            "open": "0.2551",
            "high": "0.2551",
            "low": "0.2551",
            "close": "0.2545"
        },
        {
            "time": "12.12.2020 10:55",
            "open": "0.2545",
            "high": "0.2545",
            "low": "0.2544",
            "close": "0.2549"
        },
        {
            "time": "12.12.2020 10:58",
            "open": "0.2549",
            "high": "0.2549",
            "low": "0.2549",
            "close": "0.2552"
        },
        {
            "time": "12.12.2020 11:00",
            "open": "0.2552",
            "high": "0.2562",
            "low": "0.2552",
            "close": "0.2566"
        },
        {
            "time": "12.12.2020 11:02",
            "open": "0.2566",
            "high": "0.2566",
            "low": "0.2566",
            "close": "0.2563"
        },
        {
            "time": "12.12.2020 11:05",
            "open": "0.2563",
            "high": "0.2563",
            "low": "0.2563",
            "close": "0.2553"
        },
        {
            "time": "12.12.2020 11:16",
            "open": "0.2553",
            "high": "0.2553",
            "low": "0.2553",
            "close": "0.2554"
        },
        {
            "time": "12.12.2020 11:18",
            "open": "0.2554",
            "high": "0.2554",
            "low": "0.2554",
            "close": "0.255"
        },
        {
            "time": "12.12.2020 11:23",
            "open": "0.255",
            "high": "0.2552",
            "low": "0.255",
            "close": "0.2542"
        },
        {
            "time": "12.12.2020 11:28",
            "open": "0.2542",
            "high": "0.2542",
            "low": "0.2542",
            "close": "0.2542"
        },
        {
            "time": "12.12.2020 11:31",
            "open": "0.2542",
            "high": "0.2542",
            "low": "0.2542",
            "close": "0.2551"
        },
        {
            "time": "12.12.2020 11:35",
            "open": "0.2551",
            "high": "0.2554",
            "low": "0.2551",
            "close": "0.2562"
        },
        {
            "time": "12.12.2020 11:41",
            "open": "0.2562",
            "high": "0.2562",
            "low": "0.2562",
            "close": "0.2571"
        },
        {
            "time": "12.12.2020 11:43",
            "open": "0.2571",
            "high": "0.2572",
            "low": "0.2571",
            "close": "0.2567"
        },
        {
            "time": "12.12.2020 11:46",
            "open": "0.2567",
            "high": "0.257",
            "low": "0.2567",
            "close": "0.2569"
        },
        {
            "time": "12.12.2020 11:47",
            "open": "0.2569",
            "high": "0.257",
            "low": "0.2569",
            "close": "0.2569"
        },
        {
            "time": "12.12.2020 11:48",
            "open": "0.2569",
            "high": "0.2569",
            "low": "0.2569",
            "close": "0.2564"
        },
        {
            "time": "12.12.2020 11:57",
            "open": "0.2564",
            "high": "0.2564",
            "low": "0.2564",
            "close": "0.2566"
        },
        {
            "time": "12.12.2020 11:58",
            "open": "0.2566",
            "high": "0.2566",
            "low": "0.2566",
            "close": "0.2567"
        },
        {
            "time": "12.12.2020 12:01",
            "open": "0.2567",
            "high": "0.2567",
            "low": "0.2567",
            "close": "0.2566"
        },
        {
            "time": "12.12.2020 12:02",
            "open": "0.2566",
            "high": "0.2567",
            "low": "0.2566",
            "close": "0.2562"
        },
        {
            "time": "12.12.2020 12:03",
            "open": "0.2562",
            "high": "0.2562",
            "low": "0.2562",
            "close": "0.2569"
        },
        {
            "time": "12.12.2020 12:06",
            "open": "0.2569",
            "high": "0.2569",
            "low": "0.2569",
            "close": "0.257"
        },
        {
            "time": "12.12.2020 12:09",
            "open": "0.257",
            "high": "0.2571",
            "low": "0.257",
            "close": "0.2571"
        },
        {
            "time": "12.12.2020 12:10",
            "open": "0.2571",
            "high": "0.2571",
            "low": "0.2571",
            "close": "0.2568"
        },
        {
            "time": "12.12.2020 12:12",
            "open": "0.2568",
            "high": "0.2568",
            "low": "0.2568",
            "close": "0.2568"
        },
        {
            "time": "12.12.2020 12:13",
            "open": "0.2568",
            "high": "0.2568",
            "low": "0.2568",
            "close": "0.2568"
        },
        {
            "time": "12.12.2020 12:16",
            "open": "0.2568",
            "high": "0.2568",
            "low": "0.2568",
            "close": "0.2569"
        },
        {
            "time": "12.12.2020 12:17",
            "open": "0.2569",
            "high": "0.2569",
            "low": "0.2569",
            "close": "0.2565"
        },
        {
            "time": "12.12.2020 12:21",
            "open": "0.2565",
            "high": "0.2566",
            "low": "0.2565",
            "close": "0.257"
        },
        {
            "time": "12.12.2020 12:23",
            "open": "0.257",
            "high": "0.257",
            "low": "0.257",
            "close": "0.2569"
        },
        {
            "time": "12.12.2020 12:26",
            "open": "0.2569",
            "high": "0.2569",
            "low": "0.2564",
            "close": "0.2567"
        },
        {
            "time": "12.12.2020 12:28",
            "open": "0.2567",
            "high": "0.2567",
            "low": "0.2563",
            "close": "0.2567"
        },
        {
            "time": "12.12.2020 12:30",
            "open": "0.2567",
            "high": "0.2567",
            "low": "0.2567",
            "close": "0.2562"
        },
        {
            "time": "12.12.2020 12:31",
            "open": "0.2562",
            "high": "0.2562",
            "low": "0.2562",
            "close": "0.2569"
        },
        {
            "time": "12.12.2020 12:33",
            "open": "0.2569",
            "high": "0.2569",
            "low": "0.2569",
            "close": "0.2564"
        },
        {
            "time": "12.12.2020 12:34",
            "open": "0.2564",
            "high": "0.2564",
            "low": "0.2564",
            "close": "0.257"
        },
        {
            "time": "12.12.2020 12:35",
            "open": "0.257",
            "high": "0.257",
            "low": "0.257",
            "close": "0.2571"
        },
        {
            "time": "12.12.2020 12:36",
            "open": "0.2571",
            "high": "0.2571",
            "low": "0.2571",
            "close": "0.2567"
        },
        {
            "time": "12.12.2020 12:40",
            "open": "0.2567",
            "high": "0.2567",
            "low": "0.2567",
            "close": "0.2572"
        },
        {
            "time": "12.12.2020 12:44",
            "open": "0.2572",
            "high": "0.2572",
            "low": "0.2572",
            "close": "0.2567"
        },
        {
            "time": "12.12.2020 12:45",
            "open": "0.2567",
            "high": "0.2568",
            "low": "0.2567",
            "close": "0.2562"
        },
        {
            "time": "12.12.2020 12:46",
            "open": "0.2562",
            "high": "0.2562",
            "low": "0.2562",
            "close": "0.2564"
        },
        {
            "time": "12.12.2020 12:50",
            "open": "0.2564",
            "high": "0.2564",
            "low": "0.2564",
            "close": "0.2559"
        },
        {
            "time": "12.12.2020 12:55",
            "open": "0.2559",
            "high": "0.2565",
            "low": "0.2559",
            "close": "0.2564"
        },
        {
            "time": "12.12.2020 12:59",
            "open": "0.2564",
            "high": "0.2564",
            "low": "0.2564",
            "close": "0.2564"
        },
        {
            "time": "12.12.2020 13:00",
            "open": "0.2564",
            "high": "0.2564",
            "low": "0.2564",
            "close": "0.2564"
        },
        {
            "time": "12.12.2020 13:01",
            "open": "0.2564",
            "high": "0.2564",
            "low": "0.2564",
            "close": "0.2558"
        },
        {
            "time": "12.12.2020 13:02",
            "open": "0.2558",
            "high": "0.2558",
            "low": "0.2558",
            "close": "0.2557"
        },
        {
            "time": "12.12.2020 13:03",
            "open": "0.2557",
            "high": "0.2557",
            "low": "0.2557",
            "close": "0.2563"
        },
        {
            "time": "12.12.2020 13:04",
            "open": "0.2563",
            "high": "0.2563",
            "low": "0.2563",
            "close": "0.2558"
        },
        {
            "time": "12.12.2020 13:13",
            "open": "0.2558",
            "high": "0.2559",
            "low": "0.2558",
            "close": "0.2551"
        },
        {
            "time": "12.12.2020 13:24",
            "open": "0.2551",
            "high": "0.2551",
            "low": "0.2551",
            "close": "0.2561"
        },
        {
            "time": "12.12.2020 13:28",
            "open": "0.2561",
            "high": "0.2561",
            "low": "0.2561",
            "close": "0.2561"
        },
        {
            "time": "12.12.2020 13:29",
            "open": "0.2561",
            "high": "0.2562",
            "low": "0.2561",
            "close": "0.2563"
        },
        {
            "time": "12.12.2020 13:31",
            "open": "0.2563",
            "high": "0.2563",
            "low": "0.2563",
            "close": "0.2557"
        },
        {
            "time": "12.12.2020 13:33",
            "open": "0.2557",
            "high": "0.2557",
            "low": "0.2557",
            "close": "0.2562"
        },
        {
            "time": "12.12.2020 13:36",
            "open": "0.2562",
            "high": "0.2562",
            "low": "0.2557",
            "close": "0.2557"
        },
        {
            "time": "12.12.2020 13:37",
            "open": "0.2557",
            "high": "0.2557",
            "low": "0.2557",
            "close": "0.256"
        },
        {
            "time": "12.12.2020 13:38",
            "open": "0.256",
            "high": "0.256",
            "low": "0.256",
            "close": "0.2554"
        },
        {
            "time": "12.12.2020 13:39",
            "open": "0.2554",
            "high": "0.2554",
            "low": "0.2554",
            "close": "0.2554"
        },
        {
            "time": "12.12.2020 13:40",
            "open": "0.2554",
            "high": "0.2554",
            "low": "0.2554",
            "close": "0.2546"
        },
        {
            "time": "12.12.2020 13:53",
            "open": "0.2546",
            "high": "0.2546",
            "low": "0.2546",
            "close": "0.2547"
        },
        {
            "time": "12.12.2020 13:55",
            "open": "0.2547",
            "high": "0.2547",
            "low": "0.2547",
            "close": "0.2548"
        },
        {
            "time": "12.12.2020 13:58",
            "open": "0.2548",
            "high": "0.2548",
            "low": "0.2547",
            "close": "0.2548"
        },
        {
            "time": "12.12.2020 14:01",
            "open": "0.2548",
            "high": "0.2548",
            "low": "0.2548",
            "close": "0.254"
        },
        {
            "time": "12.12.2020 14:11",
            "open": "0.254",
            "high": "0.254",
            "low": "0.2532",
            "close": "0.2529"
        },
        {
            "time": "12.12.2020 14:16",
            "open": "0.2529",
            "high": "0.2529",
            "low": "0.2529",
            "close": "0.2535"
        },
        {
            "time": "12.12.2020 14:20",
            "open": "0.2535",
            "high": "0.2535",
            "low": "0.2535",
            "close": "0.2539"
        },
        {
            "time": "12.12.2020 14:25",
            "open": "0.2539",
            "high": "0.2539",
            "low": "0.2539",
            "close": "0.2539"
        },
        {
            "time": "12.12.2020 14:29",
            "open": "0.2539",
            "high": "0.2543",
            "low": "0.2539",
            "close": "0.254"
        },
        {
            "time": "12.12.2020 14:30",
            "open": "0.254",
            "high": "0.254",
            "low": "0.254",
            "close": "0.2545"
        },
        {
            "time": "12.12.2020 14:31",
            "open": "0.2545",
            "high": "0.2545",
            "low": "0.2545",
            "close": "0.2539"
        },
        {
            "time": "12.12.2020 14:34",
            "open": "0.2539",
            "high": "0.2539",
            "low": "0.2537",
            "close": "0.2544"
        },
        {
            "time": "12.12.2020 14:36",
            "open": "0.2544",
            "high": "0.2544",
            "low": "0.2544",
            "close": "0.2543"
        },
        {
            "time": "12.12.2020 14:38",
            "open": "0.2543",
            "high": "0.2543",
            "low": "0.2543",
            "close": "0.2542"
        },
        {
            "time": "12.12.2020 14:47",
            "open": "0.2542",
            "high": "0.2542",
            "low": "0.2542",
            "close": "0.254"
        },
        {
            "time": "12.12.2020 14:59",
            "open": "0.254",
            "high": "0.254",
            "low": "0.254",
            "close": "0.2537"
        },
        {
            "time": "12.12.2020 15:00",
            "open": "0.2537",
            "high": "0.2537",
            "low": "0.2537",
            "close": "0.2534"
        },
        {
            "time": "12.12.2020 15:01",
            "open": "0.2534",
            "high": "0.2534",
            "low": "0.2534",
            "close": "0.2534"
        },
        {
            "time": "12.12.2020 15:03",
            "open": "0.2534",
            "high": "0.2534",
            "low": "0.2534",
            "close": "0.2529"
        },
        {
            "time": "12.12.2020 15:05",
            "open": "0.2529",
            "high": "0.2529",
            "low": "0.2529",
            "close": "0.2533"
        },
        {
            "time": "12.12.2020 15:09",
            "open": "0.2533",
            "high": "0.2533",
            "low": "0.2533",
            "close": "0.2522"
        },
        {
            "time": "12.12.2020 15:13",
            "open": "0.2522",
            "high": "0.2522",
            "low": "0.2522",
            "close": "0.2522"
        },
        {
            "time": "12.12.2020 15:15",
            "open": "0.2522",
            "high": "0.2525",
            "low": "0.2522",
            "close": "0.2532"
        },
        {
            "time": "12.12.2020 15:18",
            "open": "0.2532",
            "high": "0.2532",
            "low": "0.2532",
            "close": "0.2532"
        },
        {
            "time": "12.12.2020 15:19",
            "open": "0.2532",
            "high": "0.2532",
            "low": "0.2532",
            "close": "0.2536"
        },
        {
            "time": "12.12.2020 15:22",
            "open": "0.2536",
            "high": "0.2536",
            "low": "0.2536",
            "close": "0.2539"
        },
        {
            "time": "12.12.2020 15:24",
            "open": "0.2539",
            "high": "0.2539",
            "low": "0.2539",
            "close": "0.2535"
        },
        {
            "time": "12.12.2020 15:33",
            "open": "0.2535",
            "high": "0.2535",
            "low": "0.2535",
            "close": "0.2531"
        },
        {
            "time": "12.12.2020 15:38",
            "open": "0.2531",
            "high": "0.2531",
            "low": "0.2531",
            "close": "0.2532"
        },
        {
            "time": "12.12.2020 15:39",
            "open": "0.2532",
            "high": "0.2533",
            "low": "0.2532",
            "close": "0.252"
        },
        {
            "time": "12.12.2020 15:41",
            "open": "0.252",
            "high": "0.252",
            "low": "0.2519",
            "close": "0.2524"
        },
        {
            "time": "12.12.2020 15:42",
            "open": "0.2524",
            "high": "0.2531",
            "low": "0.2515",
            "close": "0.2517"
        },
        {
            "time": "12.12.2020 15:43",
            "open": "0.2517",
            "high": "0.2521",
            "low": "0.2508",
            "close": "0.2516"
        },
        {
            "time": "12.12.2020 15:44",
            "open": "0.2516",
            "high": "0.2521",
            "low": "0.2512",
            "close": "0.2515"
        },
        {
            "time": "12.12.2020 15:46",
            "open": "0.2515",
            "high": "0.2523",
            "low": "0.2515",
            "close": "0.2509"
        },
        {
            "time": "12.12.2020 15:49",
            "open": "0.2509",
            "high": "0.2509",
            "low": "0.2507",
            "close": "0.2507"
        },
        {
            "time": "12.12.2020 15:50",
            "open": "0.2507",
            "high": "0.2515",
            "low": "0.2507",
            "close": "0.2515"
        },
        {
            "time": "12.12.2020 15:52",
            "open": "0.2515",
            "high": "0.2515",
            "low": "0.2515",
            "close": "0.251"
        },
        {
            "time": "12.12.2020 15:58",
            "open": "0.251",
            "high": "0.2515",
            "low": "0.251",
            "close": "0.2506"
        },
        {
            "time": "12.12.2020 16:03",
            "open": "0.2506",
            "high": "0.2506",
            "low": "0.2504",
            "close": "0.2502"
        },
        {
            "time": "12.12.2020 16:04",
            "open": "0.2502",
            "high": "0.2502",
            "low": "0.2502",
            "close": "0.2506"
        },
        {
            "time": "12.12.2020 16:10",
            "open": "0.2506",
            "high": "0.2506",
            "low": "0.2506",
            "close": "0.2512"
        },
        {
            "time": "12.12.2020 16:20",
            "open": "0.2512",
            "high": "0.2512",
            "low": "0.2508",
            "close": "0.2515"
        },
        {
            "time": "12.12.2020 16:23",
            "open": "0.2515",
            "high": "0.2516",
            "low": "0.2515",
            "close": "0.2507"
        },
        {
            "time": "12.12.2020 16:26",
            "open": "0.2507",
            "high": "0.2507",
            "low": "0.2507",
            "close": "0.2509"
        },
        {
            "time": "12.12.2020 16:27",
            "open": "0.2509",
            "high": "0.2512",
            "low": "0.2509",
            "close": "0.2512"
        },
        {
            "time": "12.12.2020 16:31",
            "open": "0.2512",
            "high": "0.2512",
            "low": "0.2512",
            "close": "0.2517"
        },
        {
            "time": "12.12.2020 16:33",
            "open": "0.2517",
            "high": "0.2517",
            "low": "0.2517",
            "close": "0.2523"
        },
        {
            "time": "12.12.2020 16:38",
            "open": "0.2523",
            "high": "0.2523",
            "low": "0.2523",
            "close": "0.2511"
        },
        {
            "time": "12.12.2020 16:41",
            "open": "0.2511",
            "high": "0.2511",
            "low": "0.2511",
            "close": "0.2514"
        },
        {
            "time": "12.12.2020 16:43",
            "open": "0.2514",
            "high": "0.2514",
            "low": "0.2513",
            "close": "0.251"
        },
        {
            "time": "12.12.2020 16:53",
            "open": "0.251",
            "high": "0.251",
            "low": "0.251",
            "close": "0.251"
        },
        {
            "time": "12.12.2020 16:56",
            "open": "0.251",
            "high": "0.251",
            "low": "0.251",
            "close": "0.2511"
        },
        {
            "time": "12.12.2020 16:58",
            "open": "0.2511",
            "high": "0.2511",
            "low": "0.2511",
            "close": "0.2517"
        },
        {
            "time": "12.12.2020 17:03",
            "open": "0.2517",
            "high": "0.2517",
            "low": "0.2517",
            "close": "0.2533"
        },
        {
            "time": "12.12.2020 17:10",
            "open": "0.2533",
            "high": "0.2533",
            "low": "0.2533",
            "close": "0.2531"
        },
        {
            "time": "12.12.2020 17:15",
            "open": "0.2531",
            "high": "0.2531",
            "low": "0.2531",
            "close": "0.2529"
        },
        {
            "time": "12.12.2020 17:17",
            "open": "0.2529",
            "high": "0.2529",
            "low": "0.2529",
            "close": "0.254"
        },
        {
            "time": "12.12.2020 17:19",
            "open": "0.254",
            "high": "0.254",
            "low": "0.254",
            "close": "0.2538"
        },
        {
            "time": "12.12.2020 17:20",
            "open": "0.2538",
            "high": "0.2538",
            "low": "0.2537",
            "close": "0.2534"
        },
        {
            "time": "12.12.2020 17:21",
            "open": "0.2534",
            "high": "0.2534",
            "low": "0.2533",
            "close": "0.2544"
        },
        {
            "time": "12.12.2020 17:24",
            "open": "0.2544",
            "high": "0.2544",
            "low": "0.2544",
            "close": "0.2543"
        },
        {
            "time": "12.12.2020 17:25",
            "open": "0.2543",
            "high": "0.2543",
            "low": "0.2543",
            "close": "0.2544"
        },
        {
            "time": "12.12.2020 17:27",
            "open": "0.2544",
            "high": "0.2544",
            "low": "0.2544",
            "close": "0.2549"
        },
        {
            "time": "12.12.2020 17:30",
            "open": "0.2549",
            "high": "0.2549",
            "low": "0.2549",
            "close": "0.2553"
        },
        {
            "time": "12.12.2020 17:34",
            "open": "0.2553",
            "high": "0.2553",
            "low": "0.2553",
            "close": "0.255"
        },
        {
            "time": "12.12.2020 17:40",
            "open": "0.255",
            "high": "0.255",
            "low": "0.255",
            "close": "0.2548"
        },
        {
            "time": "12.12.2020 17:41",
            "open": "0.2548",
            "high": "0.2548",
            "low": "0.2547",
            "close": "0.2539"
        },
        {
            "time": "12.12.2020 17:46",
            "open": "0.2539",
            "high": "0.2539",
            "low": "0.2539",
            "close": "0.2548"
        },
        {
            "time": "12.12.2020 17:55",
            "open": "0.2548",
            "high": "0.2548",
            "low": "0.2548",
            "close": "0.2553"
        },
        {
            "time": "12.12.2020 17:56",
            "open": "0.2553",
            "high": "0.2553",
            "low": "0.2553",
            "close": "0.2553"
        },
        {
            "time": "12.12.2020 18:00",
            "open": "0.2553",
            "high": "0.2553",
            "low": "0.2553",
            "close": "0.2553"
        },
        {
            "time": "12.12.2020 18:01",
            "open": "0.2553",
            "high": "0.2553",
            "low": "0.2553",
            "close": "0.2557"
        },
        {
            "time": "12.12.2020 18:02",
            "open": "0.2557",
            "high": "0.2557",
            "low": "0.2557",
            "close": "0.2559"
        },
        {
            "time": "12.12.2020 18:04",
            "open": "0.2559",
            "high": "0.256",
            "low": "0.2559",
            "close": "0.2553"
        },
        {
            "time": "12.12.2020 18:18",
            "open": "0.2553",
            "high": "0.2557",
            "low": "0.2553",
            "close": "0.2551"
        },
        {
            "time": "12.12.2020 18:23",
            "open": "0.2551",
            "high": "0.2552",
            "low": "0.2551",
            "close": "0.2551"
        },
        {
            "time": "12.12.2020 18:24",
            "open": "0.2551",
            "high": "0.2551",
            "low": "0.2551",
            "close": "0.2548"
        },
        {
            "time": "12.12.2020 18:25",
            "open": "0.2548",
            "high": "0.2548",
            "low": "0.2548",
            "close": "0.2547"
        },
        {
            "time": "12.12.2020 18:31",
            "open": "0.2547",
            "high": "0.2548",
            "low": "0.2547",
            "close": "0.255"
        },
        {
            "time": "12.12.2020 18:32",
            "open": "0.255",
            "high": "0.255",
            "low": "0.255",
            "close": "0.2549"
        },
        {
            "time": "12.12.2020 18:41",
            "open": "0.2549",
            "high": "0.2549",
            "low": "0.2549",
            "close": "0.255"
        },
        {
            "time": "12.12.2020 18:42",
            "open": "0.255",
            "high": "0.255",
            "low": "0.255",
            "close": "0.2557"
        },
        {
            "time": "12.12.2020 18:43",
            "open": "0.2557",
            "high": "0.2557",
            "low": "0.2551",
            "close": "0.2564"
        },
        {
            "time": "12.12.2020 18:47",
            "open": "0.2564",
            "high": "0.2569",
            "low": "0.2564",
            "close": "0.2575"
        },
        {
            "time": "12.12.2020 18:48",
            "open": "0.2575",
            "high": "0.2606",
            "low": "0.2574",
            "close": "0.2599"
        },
        {
            "time": "12.12.2020 18:49",
            "open": "0.2599",
            "high": "0.2616",
            "low": "0.2597",
            "close": "0.2594"
        },
        {
            "time": "12.12.2020 18:50",
            "open": "0.2594",
            "high": "0.2614",
            "low": "0.2594",
            "close": "0.2612"
        },
        {
            "time": "12.12.2020 18:51",
            "open": "0.2612",
            "high": "0.2613",
            "low": "0.2611",
            "close": "0.2605"
        },
        {
            "time": "12.12.2020 18:52",
            "open": "0.2605",
            "high": "0.2605",
            "low": "0.2592",
            "close": "0.2588"
        },
        {
            "time": "12.12.2020 18:56",
            "open": "0.2588",
            "high": "0.2588",
            "low": "0.2588",
            "close": "0.2593"
        },
        {
            "time": "12.12.2020 18:57",
            "open": "0.2593",
            "high": "0.2594",
            "low": "0.2593",
            "close": "0.2594"
        },
        {
            "time": "12.12.2020 18:59",
            "open": "0.2594",
            "high": "0.2594",
            "low": "0.2594",
            "close": "0.2588"
        },
        {
            "time": "12.12.2020 19:00",
            "open": "0.2588",
            "high": "0.2588",
            "low": "0.2588",
            "close": "0.259"
        },
        {
            "time": "12.12.2020 19:01",
            "open": "0.259",
            "high": "0.259",
            "low": "0.259",
            "close": "0.2591"
        },
        {
            "time": "12.12.2020 19:06",
            "open": "0.2591",
            "high": "0.2591",
            "low": "0.2586",
            "close": "0.259"
        },
        {
            "time": "12.12.2020 19:07",
            "open": "0.259",
            "high": "0.259",
            "low": "0.2587",
            "close": "0.2597"
        },
        {
            "time": "12.12.2020 19:15",
            "open": "0.2597",
            "high": "0.2597",
            "low": "0.2597",
            "close": "0.2602"
        },
        {
            "time": "12.12.2020 19:16",
            "open": "0.2602",
            "high": "0.2602",
            "low": "0.2601",
            "close": "0.2609"
        },
        {
            "time": "12.12.2020 19:17",
            "open": "0.2609",
            "high": "0.2609",
            "low": "0.2607",
            "close": "0.2601"
        },
        {
            "time": "12.12.2020 19:19",
            "open": "0.2601",
            "high": "0.2601",
            "low": "0.2601",
            "close": "0.2597"
        },
        {
            "time": "12.12.2020 19:25",
            "open": "0.2597",
            "high": "0.2604",
            "low": "0.2597",
            "close": "0.2604"
        },
        {
            "time": "12.12.2020 19:27",
            "open": "0.2604",
            "high": "0.2604",
            "low": "0.2604",
            "close": "0.2603"
        },
        {
            "time": "12.12.2020 19:30",
            "open": "0.2603",
            "high": "0.2603",
            "low": "0.2602",
            "close": "0.26"
        },
        {
            "time": "12.12.2020 19:32",
            "open": "0.26",
            "high": "0.26",
            "low": "0.26",
            "close": "0.2603"
        },
        {
            "time": "12.12.2020 19:34",
            "open": "0.2603",
            "high": "0.2603",
            "low": "0.2603",
            "close": "0.2596"
        },
        {
            "time": "12.12.2020 19:37",
            "open": "0.2596",
            "high": "0.2604",
            "low": "0.2596",
            "close": "0.2595"
        },
        {
            "time": "12.12.2020 19:42",
            "open": "0.2595",
            "high": "0.2595",
            "low": "0.2595",
            "close": "0.2599"
        },
        {
            "time": "12.12.2020 19:43",
            "open": "0.2599",
            "high": "0.2599",
            "low": "0.2594",
            "close": "0.2598"
        },
        {
            "time": "12.12.2020 19:44",
            "open": "0.2598",
            "high": "0.2598",
            "low": "0.2598",
            "close": "0.2593"
        },
        {
            "time": "12.12.2020 19:45",
            "open": "0.2593",
            "high": "0.2593",
            "low": "0.2592",
            "close": "0.2597"
        },
        {
            "time": "12.12.2020 19:46",
            "open": "0.2597",
            "high": "0.2597",
            "low": "0.2597",
            "close": "0.2592"
        },
        {
            "time": "12.12.2020 19:50",
            "open": "0.2592",
            "high": "0.2592",
            "low": "0.2577",
            "close": "0.2577"
        },
        {
            "time": "12.12.2020 19:51",
            "open": "0.2577",
            "high": "0.2595",
            "low": "0.2577",
            "close": "0.2601"
        },
        {
            "time": "12.12.2020 19:52",
            "open": "0.2601",
            "high": "0.2604",
            "low": "0.2601",
            "close": "0.2604"
        },
        {
            "time": "12.12.2020 19:53",
            "open": "0.2604",
            "high": "0.2604",
            "low": "0.2604",
            "close": "0.2598"
        },
        {
            "time": "12.12.2020 19:59",
            "open": "0.2598",
            "high": "0.2598",
            "low": "0.2598",
            "close": "0.2596"
        },
        {
            "time": "12.12.2020 20:02",
            "open": "0.2596",
            "high": "0.2596",
            "low": "0.2596",
            "close": "0.2592"
        },
        {
            "time": "12.12.2020 20:05",
            "open": "0.2592",
            "high": "0.2592",
            "low": "0.2589",
            "close": "0.2596"
        },
        {
            "time": "12.12.2020 20:11",
            "open": "0.2596",
            "high": "0.26",
            "low": "0.2596",
            "close": "0.2604"
        },
        {
            "time": "12.12.2020 20:13",
            "open": "0.2604",
            "high": "0.2608",
            "low": "0.26",
            "close": "0.2599"
        },
        {
            "time": "12.12.2020 20:14",
            "open": "0.2599",
            "high": "0.2599",
            "low": "0.2597",
            "close": "0.2598"
        },
        {
            "time": "12.12.2020 20:16",
            "open": "0.2598",
            "high": "0.2598",
            "low": "0.2589",
            "close": "0.2598"
        },
        {
            "time": "12.12.2020 20:17",
            "open": "0.2598",
            "high": "0.2598",
            "low": "0.2598",
            "close": "0.2591"
        },
        {
            "time": "12.12.2020 20:30",
            "open": "0.2591",
            "high": "0.2591",
            "low": "0.259",
            "close": "0.2586"
        },
        {
            "time": "12.12.2020 20:31",
            "open": "0.2586",
            "high": "0.2586",
            "low": "0.2586",
            "close": "0.2584"
        },
        {
            "time": "12.12.2020 20:32",
            "open": "0.2584",
            "high": "0.2584",
            "low": "0.2584",
            "close": "0.2596"
        },
        {
            "time": "12.12.2020 20:35",
            "open": "0.2596",
            "high": "0.2596",
            "low": "0.2596",
            "close": "0.2602"
        },
        {
            "time": "12.12.2020 20:37",
            "open": "0.2602",
            "high": "0.2602",
            "low": "0.2602",
            "close": "0.2602"
        },
        {
            "time": "12.12.2020 20:38",
            "open": "0.2602",
            "high": "0.2602",
            "low": "0.2602",
            "close": "0.2599"
        },
        {
            "time": "12.12.2020 20:40",
            "open": "0.2599",
            "high": "0.2599",
            "low": "0.2599",
            "close": "0.26"
        },
        {
            "time": "12.12.2020 20:43",
            "open": "0.26",
            "high": "0.26",
            "low": "0.26",
            "close": "0.2593"
        },
        {
            "time": "12.12.2020 20:49",
            "open": "0.2593",
            "high": "0.2593",
            "low": "0.2593",
            "close": "0.2587"
        },
        {
            "time": "12.12.2020 20:52",
            "open": "0.2587",
            "high": "0.2587",
            "low": "0.2587",
            "close": "0.2593"
        },
        {
            "time": "12.12.2020 20:57",
            "open": "0.2593",
            "high": "0.2593",
            "low": "0.2593",
            "close": "0.2582"
        },
        {
            "time": "12.12.2020 21:01",
            "open": "0.2582",
            "high": "0.2582",
            "low": "0.2582",
            "close": "0.2577"
        },
        {
            "time": "12.12.2020 21:08",
            "open": "0.2577",
            "high": "0.2577",
            "low": "0.2577",
            "close": "0.2581"
        },
        {
            "time": "12.12.2020 21:10",
            "open": "0.2581",
            "high": "0.2581",
            "low": "0.2581",
            "close": "0.2575"
        },
        {
            "time": "12.12.2020 21:15",
            "open": "0.2575",
            "high": "0.2575",
            "low": "0.2574",
            "close": "0.2574"
        },
        {
            "time": "12.12.2020 21:26",
            "open": "0.2574",
            "high": "0.2577",
            "low": "0.2574",
            "close": "0.2574"
        },
        {
            "time": "12.12.2020 21:32",
            "open": "0.2574",
            "high": "0.2574",
            "low": "0.2574",
            "close": "0.2574"
        },
        {
            "time": "12.12.2020 21:35",
            "open": "0.2574",
            "high": "0.2574",
            "low": "0.2574",
            "close": "0.2584"
        },
        {
            "time": "12.12.2020 21:37",
            "open": "0.2584",
            "high": "0.2584",
            "low": "0.2584",
            "close": "0.2579"
        },
        {
            "time": "12.12.2020 21:41",
            "open": "0.2579",
            "high": "0.2579",
            "low": "0.2579",
            "close": "0.2588"
        },
        {
            "time": "12.12.2020 21:45",
            "open": "0.2588",
            "high": "0.2588",
            "low": "0.2588",
            "close": "0.2589"
        },
        {
            "time": "12.12.2020 21:48",
            "open": "0.2589",
            "high": "0.2589",
            "low": "0.2589",
            "close": "0.2589"
        },
        {
            "time": "12.12.2020 21:52",
            "open": "0.2589",
            "high": "0.2589",
            "low": "0.2589",
            "close": "0.2584"
        },
        {
            "time": "12.12.2020 21:53",
            "open": "0.2584",
            "high": "0.2584",
            "low": "0.2584",
            "close": "0.2583"
        },
        {
            "time": "12.12.2020 21:54",
            "open": "0.2583",
            "high": "0.2583",
            "low": "0.2583",
            "close": "0.2587"
        },
        {
            "time": "12.12.2020 22:04",
            "open": "0.2587",
            "high": "0.2587",
            "low": "0.2587",
            "close": "0.2587"
        },
        {
            "time": "12.12.2020 22:08",
            "open": "0.2587",
            "high": "0.2587",
            "low": "0.2587",
            "close": "0.2587"
        },
        {
            "time": "12.12.2020 22:09",
            "open": "0.2587",
            "high": "0.2587",
            "low": "0.2587",
            "close": "0.2586"
        },
        {
            "time": "12.12.2020 22:12",
            "open": "0.2586",
            "high": "0.2587",
            "low": "0.2586",
            "close": "0.2585"
        },
        {
            "time": "12.12.2020 22:14",
            "open": "0.2585",
            "high": "0.2585",
            "low": "0.2585",
            "close": "0.2581"
        },
        {
            "time": "12.12.2020 22:16",
            "open": "0.2581",
            "high": "0.2581",
            "low": "0.2581",
            "close": "0.2581"
        },
        {
            "time": "12.12.2020 22:17",
            "open": "0.2581",
            "high": "0.2581",
            "low": "0.2581",
            "close": "0.2579"
        },
        {
            "time": "12.12.2020 22:20",
            "open": "0.2579",
            "high": "0.258",
            "low": "0.2579",
            "close": "0.2581"
        },
        {
            "time": "12.12.2020 22:23",
            "open": "0.2581",
            "high": "0.2581",
            "low": "0.2581",
            "close": "0.2582"
        },
        {
            "time": "12.12.2020 22:25",
            "open": "0.2582",
            "high": "0.2583",
            "low": "0.2577",
            "close": "0.2578"
        },
        {
            "time": "12.12.2020 22:28",
            "open": "0.2578",
            "high": "0.2578",
            "low": "0.2578",
            "close": "0.2578"
        },
        {
            "time": "12.12.2020 22:29",
            "open": "0.2578",
            "high": "0.2578",
            "low": "0.2578",
            "close": "0.2578"
        },
        {
            "time": "12.12.2020 22:30",
            "open": "0.2578",
            "high": "0.2578",
            "low": "0.2578",
            "close": "0.2588"
        },
        {
            "time": "12.12.2020 22:31",
            "open": "0.2588",
            "high": "0.2588",
            "low": "0.2587",
            "close": "0.2575"
        },
        {
            "time": "12.12.2020 22:37",
            "open": "0.2575",
            "high": "0.2575",
            "low": "0.257",
            "close": "0.2572"
        },
        {
            "time": "12.12.2020 22:53",
            "open": "0.2572",
            "high": "0.2572",
            "low": "0.2572",
            "close": "0.2572"
        },
        {
            "time": "12.12.2020 22:54",
            "open": "0.2572",
            "high": "0.2572",
            "low": "0.2572",
            "close": "0.2583"
        },
        {
            "time": "12.12.2020 22:56",
            "open": "0.2583",
            "high": "0.2583",
            "low": "0.2583",
            "close": "0.2579"
        },
        {
            "time": "12.12.2020 23:01",
            "open": "0.2579",
            "high": "0.2579",
            "low": "0.2579",
            "close": "0.2578"
        },
        {
            "time": "12.12.2020 23:07",
            "open": "0.2578",
            "high": "0.2578",
            "low": "0.2578",
            "close": "0.2566"
        },
        {
            "time": "12.12.2020 23:10",
            "open": "0.2566",
            "high": "0.2566",
            "low": "0.2565",
            "close": "0.2566"
        },
        {
            "time": "12.12.2020 23:15",
            "open": "0.2566",
            "high": "0.2566",
            "low": "0.2566",
            "close": "0.2574"
        },
        {
            "time": "12.12.2020 23:17",
            "open": "0.2574",
            "high": "0.2574",
            "low": "0.2574",
            "close": "0.2574"
        },
        {
            "time": "12.12.2020 23:19",
            "open": "0.2574",
            "high": "0.2574",
            "low": "0.2574",
            "close": "0.2561"
        },
        {
            "time": "12.12.2020 23:27",
            "open": "0.2561",
            "high": "0.2561",
            "low": "0.2561",
            "close": "0.2562"
        },
        {
            "time": "12.12.2020 23:31",
            "open": "0.2562",
            "high": "0.2562",
            "low": "0.2551",
            "close": "0.2563"
        },
        {
            "time": "12.12.2020 23:33",
            "open": "0.2563",
            "high": "0.2563",
            "low": "0.2555",
            "close": "0.2557"
        },
        {
            "time": "12.12.2020 23:34",
            "open": "0.2557",
            "high": "0.2557",
            "low": "0.2553",
            "close": "0.2553"
        },
        {
            "time": "12.12.2020 23:35",
            "open": "0.2553",
            "high": "0.2553",
            "low": "0.2553",
            "close": "0.255"
        },
        {
            "time": "12.12.2020 23:38",
            "open": "0.255",
            "high": "0.255",
            "low": "0.255",
            "close": "0.2552"
        },
        {
            "time": "12.12.2020 23:41",
            "open": "0.2552",
            "high": "0.2552",
            "low": "0.2552",
            "close": "0.2552"
        }
    ]
}