{
    "LINK-EUR": [
        {
            "time": "14.11.2020 23:58",
            "open": "10.58406",
            "high": "10.58406",
            "low": "10.58406",
            "close": "10.5888"
        },
        {
            "time": "15.11.2020 00:02",
            "open": "10.5888",
            "high": "10.5888",
            "low": "10.5888",
            "close": "10.59125"
        },
        {
            "time": "15.11.2020 00:04",
            "open": "10.59125",
            "high": "10.59125",
            "low": "10.5888",
            "close": "10.59802"
        },
        {
            "time": "15.11.2020 00:05",
            "open": "10.59802",
            "high": "10.59802",
            "low": "10.59747",
            "close": "10.59512"
        },
        {
            "time": "15.11.2020 00:06",
            "open": "10.59512",
            "high": "10.59961",
            "low": "10.5888",
            "close": "10.5888"
        },
        {
            "time": "15.11.2020 00:07",
            "open": "10.5888",
            "high": "10.5888",
            "low": "10.5888",
            "close": "10.6"
        },
        {
            "time": "15.11.2020 00:10",
            "open": "10.6",
            "high": "10.6",
            "low": "10.6",
            "close": "10.60424"
        },
        {
            "time": "15.11.2020 00:11",
            "open": "10.60424",
            "high": "10.60424",
            "low": "10.60424",
            "close": "10.63162"
        },
        {
            "time": "15.11.2020 00:15",
            "open": "10.63162",
            "high": "10.63398",
            "low": "10.63162",
            "close": "10.63255"
        },
        {
            "time": "15.11.2020 00:16",
            "open": "10.63255",
            "high": "10.63255",
            "low": "10.63255",
            "close": "10.68224"
        },
        {
            "time": "15.11.2020 00:29",
            "open": "10.68224",
            "high": "10.68224",
            "low": "10.65464",
            "close": "10.67597"
        },
        {
            "time": "15.11.2020 00:30",
            "open": "10.67597",
            "high": "10.67597",
            "low": "10.67597",
            "close": "10.67337"
        },
        {
            "time": "15.11.2020 00:31",
            "open": "10.67337",
            "high": "10.67337",
            "low": "10.67337",
            "close": "10.66742"
        },
        {
            "time": "15.11.2020 00:33",
            "open": "10.66742",
            "high": "10.66742",
            "low": "10.66742",
            "close": "10.65273"
        },
        {
            "time": "15.11.2020 00:34",
            "open": "10.65273",
            "high": "10.65273",
            "low": "10.65273",
            "close": "10.66847"
        },
        {
            "time": "15.11.2020 00:41",
            "open": "10.66847",
            "high": "10.66847",
            "low": "10.66847",
            "close": "10.67093"
        },
        {
            "time": "15.11.2020 00:42",
            "open": "10.67093",
            "high": "10.67093",
            "low": "10.67093",
            "close": "10.66564"
        },
        {
            "time": "15.11.2020 00:47",
            "open": "10.66564",
            "high": "10.66564",
            "low": "10.66559",
            "close": "10.63818"
        },
        {
            "time": "15.11.2020 00:58",
            "open": "10.63818",
            "high": "10.63818",
            "low": "10.63818",
            "close": "10.62512"
        },
        {
            "time": "15.11.2020 00:59",
            "open": "10.62512",
            "high": "10.62512",
            "low": "10.62512",
            "close": "10.60926"
        },
        {
            "time": "15.11.2020 01:19",
            "open": "10.60926",
            "high": "10.60926",
            "low": "10.60926",
            "close": "10.60628"
        },
        {
            "time": "15.11.2020 01:21",
            "open": "10.60628",
            "high": "10.60628",
            "low": "10.60628",
            "close": "10.61583"
        },
        {
            "time": "15.11.2020 01:24",
            "open": "10.61583",
            "high": "10.61583",
            "low": "10.61583",
            "close": "10.66808"
        },
        {
            "time": "15.11.2020 01:30",
            "open": "10.66808",
            "high": "10.66808",
            "low": "10.66808",
            "close": "10.65818"
        },
        {
            "time": "15.11.2020 01:35",
            "open": "10.65818",
            "high": "10.65818",
            "low": "10.65818",
            "close": "10.65719"
        },
        {
            "time": "15.11.2020 01:40",
            "open": "10.65719",
            "high": "10.65719",
            "low": "10.65685",
            "close": "10.67617"
        },
        {
            "time": "15.11.2020 01:44",
            "open": "10.67617",
            "high": "10.67617",
            "low": "10.67617",
            "close": "10.67566"
        },
        {
            "time": "15.11.2020 01:45",
            "open": "10.67566",
            "high": "10.67566",
            "low": "10.67566",
            "close": "10.66367"
        },
        {
            "time": "15.11.2020 01:46",
            "open": "10.66367",
            "high": "10.66367",
            "low": "10.66367",
            "close": "10.685"
        },
        {
            "time": "15.11.2020 01:59",
            "open": "10.685",
            "high": "10.685",
            "low": "10.685",
            "close": "10.64205"
        },
        {
            "time": "15.11.2020 02:08",
            "open": "10.64205",
            "high": "10.64205",
            "low": "10.64205",
            "close": "10.61225"
        },
        {
            "time": "15.11.2020 02:09",
            "open": "10.61225",
            "high": "10.61225",
            "low": "10.6032",
            "close": "10.61597"
        },
        {
            "time": "15.11.2020 02:19",
            "open": "10.61597",
            "high": "10.61597",
            "low": "10.61597",
            "close": "10.64287"
        },
        {
            "time": "15.11.2020 02:20",
            "open": "10.64287",
            "high": "10.64287",
            "low": "10.64287",
            "close": "10.67253"
        },
        {
            "time": "15.11.2020 02:37",
            "open": "10.67253",
            "high": "10.67253",
            "low": "10.66499",
            "close": "10.66499"
        },
        {
            "time": "15.11.2020 02:38",
            "open": "10.66499",
            "high": "10.66499",
            "low": "10.66499",
            "close": "10.66266"
        },
        {
            "time": "15.11.2020 02:42",
            "open": "10.66266",
            "high": "10.66266",
            "low": "10.66266",
            "close": "10.6062"
        },
        {
            "time": "15.11.2020 02:54",
            "open": "10.6062",
            "high": "10.6062",
            "low": "10.6062",
            "close": "10.6"
        },
        {
            "time": "15.11.2020 02:58",
            "open": "10.6",
            "high": "10.6",
            "low": "10.6",
            "close": "10.59923"
        },
        {
            "time": "15.11.2020 03:01",
            "open": "10.59923",
            "high": "10.59923",
            "low": "10.59923",
            "close": "10.5938"
        },
        {
            "time": "15.11.2020 03:02",
            "open": "10.5938",
            "high": "10.5938",
            "low": "10.5938",
            "close": "10.56792"
        },
        {
            "time": "15.11.2020 03:05",
            "open": "10.56792",
            "high": "10.56792",
            "low": "10.56792",
            "close": "10.61528"
        },
        {
            "time": "15.11.2020 03:20",
            "open": "10.61528",
            "high": "10.61528",
            "low": "10.61528",
            "close": "10.61107"
        },
        {
            "time": "15.11.2020 03:21",
            "open": "10.61107",
            "high": "10.61107",
            "low": "10.61107",
            "close": "10.6199"
        },
        {
            "time": "15.11.2020 03:23",
            "open": "10.6199",
            "high": "10.6199",
            "low": "10.6199",
            "close": "10.62075"
        },
        {
            "time": "15.11.2020 03:26",
            "open": "10.62075",
            "high": "10.62075",
            "low": "10.62075",
            "close": "10.61489"
        },
        {
            "time": "15.11.2020 03:27",
            "open": "10.61489",
            "high": "10.61489",
            "low": "10.61489",
            "close": "10.56361"
        },
        {
            "time": "15.11.2020 03:45",
            "open": "10.56361",
            "high": "10.56361",
            "low": "10.56361",
            "close": "10.57533"
        },
        {
            "time": "15.11.2020 03:46",
            "open": "10.57533",
            "high": "10.57533",
            "low": "10.57533",
            "close": "10.57154"
        },
        {
            "time": "15.11.2020 03:53",
            "open": "10.57154",
            "high": "10.57154",
            "low": "10.57154",
            "close": "10.53312"
        },
        {
            "time": "15.11.2020 04:12",
            "open": "10.53312",
            "high": "10.53312",
            "low": "10.53312",
            "close": "10.51277"
        },
        {
            "time": "15.11.2020 04:53",
            "open": "10.51277",
            "high": "10.51277",
            "low": "10.51277",
            "close": "10.5125"
        },
        {
            "time": "15.11.2020 04:54",
            "open": "10.5125",
            "high": "10.5125",
            "low": "10.5125",
            "close": "10.54503"
        },
        {
            "time": "15.11.2020 05:10",
            "open": "10.54503",
            "high": "10.54503",
            "low": "10.54503",
            "close": "10.55147"
        },
        {
            "time": "15.11.2020 06:06",
            "open": "10.55147",
            "high": "10.55147",
            "low": "10.55147",
            "close": "10.61724"
        },
        {
            "time": "15.11.2020 06:55",
            "open": "10.61724",
            "high": "10.61724",
            "low": "10.61724",
            "close": "10.605"
        },
        {
            "time": "15.11.2020 07:05",
            "open": "10.605",
            "high": "10.605",
            "low": "10.605",
            "close": "10.64093"
        },
        {
            "time": "15.11.2020 07:40",
            "open": "10.64093",
            "high": "10.64093",
            "low": "10.64093",
            "close": "10.64093"
        },
        {
            "time": "15.11.2020 07:55",
            "open": "10.64093",
            "high": "10.64093",
            "low": "10.64",
            "close": "10.62812"
        },
        {
            "time": "15.11.2020 07:58",
            "open": "10.62812",
            "high": "10.62812",
            "low": "10.62492",
            "close": "10.67113"
        },
        {
            "time": "15.11.2020 08:11",
            "open": "10.67113",
            "high": "10.67113",
            "low": "10.67113",
            "close": "10.64732"
        },
        {
            "time": "15.11.2020 08:25",
            "open": "10.64732",
            "high": "10.64732",
            "low": "10.64732",
            "close": "10.65246"
        },
        {
            "time": "15.11.2020 08:27",
            "open": "10.65246",
            "high": "10.65246",
            "low": "10.65246",
            "close": "10.65054"
        },
        {
            "time": "15.11.2020 08:30",
            "open": "10.65054",
            "high": "10.65054",
            "low": "10.65054",
            "close": "10.63568"
        },
        {
            "time": "15.11.2020 08:31",
            "open": "10.63568",
            "high": "10.63568",
            "low": "10.63568",
            "close": "10.65792"
        },
        {
            "time": "15.11.2020 08:47",
            "open": "10.65792",
            "high": "10.65792",
            "low": "10.65792",
            "close": "10.67101"
        },
        {
            "time": "15.11.2020 08:54",
            "open": "10.67101",
            "high": "10.67111",
            "low": "10.67101",
            "close": "10.66604"
        },
        {
            "time": "15.11.2020 08:57",
            "open": "10.66604",
            "high": "10.66678",
            "low": "10.66604",
            "close": "10.66714"
        },
        {
            "time": "15.11.2020 09:02",
            "open": "10.66714",
            "high": "10.66714",
            "low": "10.66162",
            "close": "10.67112"
        },
        {
            "time": "15.11.2020 09:05",
            "open": "10.67112",
            "high": "10.67112",
            "low": "10.67112",
            "close": "10.66162"
        },
        {
            "time": "15.11.2020 09:06",
            "open": "10.66162",
            "high": "10.66162",
            "low": "10.66162",
            "close": "10.64767"
        },
        {
            "time": "15.11.2020 09:14",
            "open": "10.64767",
            "high": "10.64767",
            "low": "10.64767",
            "close": "10.63478"
        },
        {
            "time": "15.11.2020 09:15",
            "open": "10.63478",
            "high": "10.63478",
            "low": "10.63384",
            "close": "10.65702"
        },
        {
            "time": "15.11.2020 09:20",
            "open": "10.65702",
            "high": "10.65702",
            "low": "10.65702",
            "close": "10.66162"
        },
        {
            "time": "15.11.2020 09:22",
            "open": "10.66162",
            "high": "10.66162",
            "low": "10.66162",
            "close": "10.68599"
        },
        {
            "time": "15.11.2020 09:24",
            "open": "10.68599",
            "high": "10.68599",
            "low": "10.68599",
            "close": "10.69655"
        },
        {
            "time": "15.11.2020 09:26",
            "open": "10.69655",
            "high": "10.7",
            "low": "10.69306",
            "close": "10.69466"
        },
        {
            "time": "15.11.2020 09:27",
            "open": "10.69466",
            "high": "10.69466",
            "low": "10.68809",
            "close": "10.694"
        },
        {
            "time": "15.11.2020 09:30",
            "open": "10.694",
            "high": "10.694",
            "low": "10.694",
            "close": "10.70852"
        },
        {
            "time": "15.11.2020 09:32",
            "open": "10.70852",
            "high": "10.70852",
            "low": "10.70852",
            "close": "10.67765"
        },
        {
            "time": "15.11.2020 09:35",
            "open": "10.67765",
            "high": "10.68628",
            "low": "10.67765",
            "close": "10.68409"
        },
        {
            "time": "15.11.2020 09:36",
            "open": "10.68409",
            "high": "10.68666",
            "low": "10.68409",
            "close": "10.66888"
        },
        {
            "time": "15.11.2020 09:42",
            "open": "10.66888",
            "high": "10.66888",
            "low": "10.66888",
            "close": "10.6619"
        },
        {
            "time": "15.11.2020 09:43",
            "open": "10.6619",
            "high": "10.6632",
            "low": "10.6619",
            "close": "10.66536"
        },
        {
            "time": "15.11.2020 09:44",
            "open": "10.66536",
            "high": "10.66544",
            "low": "10.66536",
            "close": "10.67767"
        },
        {
            "time": "15.11.2020 09:45",
            "open": "10.67767",
            "high": "10.67768",
            "low": "10.67498",
            "close": "10.67288"
        },
        {
            "time": "15.11.2020 09:47",
            "open": "10.67288",
            "high": "10.67288",
            "low": "10.67288",
            "close": "10.64895"
        },
        {
            "time": "15.11.2020 09:49",
            "open": "10.64895",
            "high": "10.64895",
            "low": "10.64895",
            "close": "10.67234"
        },
        {
            "time": "15.11.2020 09:51",
            "open": "10.67234",
            "high": "10.67234",
            "low": "10.67234",
            "close": "10.66808"
        },
        {
            "time": "15.11.2020 09:54",
            "open": "10.66808",
            "high": "10.66808",
            "low": "10.66808",
            "close": "10.67187"
        },
        {
            "time": "15.11.2020 09:59",
            "open": "10.67187",
            "high": "10.67187",
            "low": "10.67187",
            "close": "10.66716"
        },
        {
            "time": "15.11.2020 10:09",
            "open": "10.66716",
            "high": "10.67532",
            "low": "10.66716",
            "close": "10.67059"
        },
        {
            "time": "15.11.2020 10:10",
            "open": "10.67059",
            "high": "10.67371",
            "low": "10.67059",
            "close": "10.66"
        },
        {
            "time": "15.11.2020 10:11",
            "open": "10.66",
            "high": "10.66",
            "low": "10.66",
            "close": "10.65981"
        },
        {
            "time": "15.11.2020 10:12",
            "open": "10.65981",
            "high": "10.65981",
            "low": "10.65981",
            "close": "10.66553"
        },
        {
            "time": "15.11.2020 10:16",
            "open": "10.66553",
            "high": "10.66553",
            "low": "10.65283",
            "close": "10.65921"
        },
        {
            "time": "15.11.2020 10:21",
            "open": "10.65921",
            "high": "10.66711",
            "low": "10.65921",
            "close": "10.65329"
        },
        {
            "time": "15.11.2020 10:25",
            "open": "10.65329",
            "high": "10.65592",
            "low": "10.65329",
            "close": "10.64924"
        },
        {
            "time": "15.11.2020 10:27",
            "open": "10.64924",
            "high": "10.64924",
            "low": "10.63404",
            "close": "10.64757"
        },
        {
            "time": "15.11.2020 10:30",
            "open": "10.64757",
            "high": "10.64757",
            "low": "10.64757",
            "close": "10.63447"
        },
        {
            "time": "15.11.2020 10:32",
            "open": "10.63447",
            "high": "10.63447",
            "low": "10.6332",
            "close": "10.63435"
        },
        {
            "time": "15.11.2020 10:34",
            "open": "10.63435",
            "high": "10.63435",
            "low": "10.63435",
            "close": "10.63604"
        },
        {
            "time": "15.11.2020 10:35",
            "open": "10.63604",
            "high": "10.63604",
            "low": "10.63604",
            "close": "10.63514"
        },
        {
            "time": "15.11.2020 10:38",
            "open": "10.63514",
            "high": "10.63514",
            "low": "10.63514",
            "close": "10.63414"
        },
        {
            "time": "15.11.2020 10:40",
            "open": "10.63414",
            "high": "10.63414",
            "low": "10.63414",
            "close": "10.63384"
        },
        {
            "time": "15.11.2020 10:44",
            "open": "10.63384",
            "high": "10.63384",
            "low": "10.63384",
            "close": "10.62925"
        },
        {
            "time": "15.11.2020 10:46",
            "open": "10.62925",
            "high": "10.63165",
            "low": "10.62925",
            "close": "10.63224"
        },
        {
            "time": "15.11.2020 10:47",
            "open": "10.63224",
            "high": "10.63224",
            "low": "10.63224",
            "close": "10.63224"
        },
        {
            "time": "15.11.2020 10:48",
            "open": "10.63224",
            "high": "10.63397",
            "low": "10.63224",
            "close": "10.62993"
        },
        {
            "time": "15.11.2020 10:51",
            "open": "10.62993",
            "high": "10.62993",
            "low": "10.62993",
            "close": "10.64149"
        },
        {
            "time": "15.11.2020 10:56",
            "open": "10.64149",
            "high": "10.64149",
            "low": "10.64117",
            "close": "10.63248"
        },
        {
            "time": "15.11.2020 10:58",
            "open": "10.63248",
            "high": "10.63248",
            "low": "10.63248",
            "close": "10.64558"
        },
        {
            "time": "15.11.2020 11:01",
            "open": "10.64558",
            "high": "10.64558",
            "low": "10.64558",
            "close": "10.64483"
        },
        {
            "time": "15.11.2020 11:03",
            "open": "10.64483",
            "high": "10.64483",
            "low": "10.64483",
            "close": "10.64336"
        },
        {
            "time": "15.11.2020 11:05",
            "open": "10.64336",
            "high": "10.64336",
            "low": "10.64335",
            "close": "10.64998"
        },
        {
            "time": "15.11.2020 11:07",
            "open": "10.64998",
            "high": "10.64998",
            "low": "10.64998",
            "close": "10.65325"
        },
        {
            "time": "15.11.2020 11:09",
            "open": "10.65325",
            "high": "10.65325",
            "low": "10.65325",
            "close": "10.61724"
        },
        {
            "time": "15.11.2020 11:15",
            "open": "10.61724",
            "high": "10.61724",
            "low": "10.60674",
            "close": "10.59054"
        },
        {
            "time": "15.11.2020 11:20",
            "open": "10.59054",
            "high": "10.59054",
            "low": "10.59054",
            "close": "10.59265"
        },
        {
            "time": "15.11.2020 11:21",
            "open": "10.59265",
            "high": "10.59265",
            "low": "10.59265",
            "close": "10.59054"
        },
        {
            "time": "15.11.2020 11:22",
            "open": "10.59054",
            "high": "10.59054",
            "low": "10.59054",
            "close": "10.56746"
        },
        {
            "time": "15.11.2020 11:23",
            "open": "10.56746",
            "high": "10.58719",
            "low": "10.56295",
            "close": "10.56"
        },
        {
            "time": "15.11.2020 11:25",
            "open": "10.56",
            "high": "10.56512",
            "low": "10.56",
            "close": "10.57626"
        },
        {
            "time": "15.11.2020 11:27",
            "open": "10.57626",
            "high": "10.57627",
            "low": "10.57626",
            "close": "10.56"
        },
        {
            "time": "15.11.2020 11:31",
            "open": "10.56",
            "high": "10.56",
            "low": "10.56",
            "close": "10.55147"
        },
        {
            "time": "15.11.2020 11:32",
            "open": "10.55147",
            "high": "10.55147",
            "low": "10.55147",
            "close": "10.56304"
        },
        {
            "time": "15.11.2020 11:33",
            "open": "10.56304",
            "high": "10.56304",
            "low": "10.56304",
            "close": "10.56339"
        },
        {
            "time": "15.11.2020 11:39",
            "open": "10.56339",
            "high": "10.56339",
            "low": "10.56339",
            "close": "10.57596"
        },
        {
            "time": "15.11.2020 11:44",
            "open": "10.57596",
            "high": "10.57596",
            "low": "10.57596",
            "close": "10.57481"
        },
        {
            "time": "15.11.2020 11:46",
            "open": "10.57481",
            "high": "10.57596",
            "low": "10.57481",
            "close": "10.58227"
        },
        {
            "time": "15.11.2020 11:47",
            "open": "10.58227",
            "high": "10.58227",
            "low": "10.58227",
            "close": "10.57593"
        },
        {
            "time": "15.11.2020 11:49",
            "open": "10.57593",
            "high": "10.57593",
            "low": "10.57593",
            "close": "10.57181"
        },
        {
            "time": "15.11.2020 11:51",
            "open": "10.57181",
            "high": "10.57181",
            "low": "10.57181",
            "close": "10.55713"
        },
        {
            "time": "15.11.2020 11:52",
            "open": "10.55713",
            "high": "10.56491",
            "low": "10.55713",
            "close": "10.58692"
        },
        {
            "time": "15.11.2020 12:07",
            "open": "10.58692",
            "high": "10.58692",
            "low": "10.58692",
            "close": "10.58657"
        },
        {
            "time": "15.11.2020 12:09",
            "open": "10.58657",
            "high": "10.58657",
            "low": "10.58657",
            "close": "10.57724"
        },
        {
            "time": "15.11.2020 12:10",
            "open": "10.57724",
            "high": "10.58122",
            "low": "10.56499",
            "close": "10.56491"
        },
        {
            "time": "15.11.2020 12:15",
            "open": "10.56491",
            "high": "10.56491",
            "low": "10.56491",
            "close": "10.56491"
        },
        {
            "time": "15.11.2020 12:16",
            "open": "10.56491",
            "high": "10.56491",
            "low": "10.56491",
            "close": "10.56644"
        },
        {
            "time": "15.11.2020 12:17",
            "open": "10.56644",
            "high": "10.56644",
            "low": "10.56644",
            "close": "10.55937"
        },
        {
            "time": "15.11.2020 12:19",
            "open": "10.55937",
            "high": "10.55937",
            "low": "10.55937",
            "close": "10.55724"
        },
        {
            "time": "15.11.2020 12:20",
            "open": "10.55724",
            "high": "10.55724",
            "low": "10.55",
            "close": "10.55139"
        },
        {
            "time": "15.11.2020 12:22",
            "open": "10.55139",
            "high": "10.56624",
            "low": "10.55139",
            "close": "10.58056"
        },
        {
            "time": "15.11.2020 12:26",
            "open": "10.58056",
            "high": "10.58056",
            "low": "10.58056",
            "close": "10.58303"
        },
        {
            "time": "15.11.2020 12:28",
            "open": "10.58303",
            "high": "10.58303",
            "low": "10.5725",
            "close": "10.59982"
        },
        {
            "time": "15.11.2020 12:31",
            "open": "10.59982",
            "high": "10.59982",
            "low": "10.59735",
            "close": "10.61305"
        },
        {
            "time": "15.11.2020 12:33",
            "open": "10.61305",
            "high": "10.61305",
            "low": "10.61305",
            "close": "10.59757"
        },
        {
            "time": "15.11.2020 12:38",
            "open": "10.59757",
            "high": "10.59757",
            "low": "10.59757",
            "close": "10.5841"
        },
        {
            "time": "15.11.2020 12:44",
            "open": "10.5841",
            "high": "10.5841",
            "low": "10.56694",
            "close": "10.56314"
        },
        {
            "time": "15.11.2020 12:48",
            "open": "10.56314",
            "high": "10.56314",
            "low": "10.55785",
            "close": "10.55414"
        },
        {
            "time": "15.11.2020 12:49",
            "open": "10.55414",
            "high": "10.55414",
            "low": "10.55414",
            "close": "10.54577"
        },
        {
            "time": "15.11.2020 12:50",
            "open": "10.54577",
            "high": "10.54577",
            "low": "10.54577",
            "close": "10.53793"
        },
        {
            "time": "15.11.2020 12:51",
            "open": "10.53793",
            "high": "10.53793",
            "low": "10.53549",
            "close": "10.52885"
        },
        {
            "time": "15.11.2020 12:52",
            "open": "10.52885",
            "high": "10.52885",
            "low": "10.52545",
            "close": "10.52"
        },
        {
            "time": "15.11.2020 12:55",
            "open": "10.52",
            "high": "10.52",
            "low": "10.52",
            "close": "10.521"
        },
        {
            "time": "15.11.2020 12:57",
            "open": "10.521",
            "high": "10.521",
            "low": "10.521",
            "close": "10.521"
        },
        {
            "time": "15.11.2020 13:00",
            "open": "10.521",
            "high": "10.521",
            "low": "10.48",
            "close": "10.517"
        },
        {
            "time": "15.11.2020 13:01",
            "open": "10.517",
            "high": "10.517",
            "low": "10.517",
            "close": "10.55005"
        },
        {
            "time": "15.11.2020 13:02",
            "open": "10.55005",
            "high": "10.55005",
            "low": "10.55005",
            "close": "10.54516"
        },
        {
            "time": "15.11.2020 13:03",
            "open": "10.54516",
            "high": "10.54516",
            "low": "10.54516",
            "close": "10.51206"
        },
        {
            "time": "15.11.2020 13:04",
            "open": "10.51206",
            "high": "10.51206",
            "low": "10.51206",
            "close": "10.51597"
        },
        {
            "time": "15.11.2020 13:05",
            "open": "10.51597",
            "high": "10.51597",
            "low": "10.51597",
            "close": "10.51956"
        },
        {
            "time": "15.11.2020 13:06",
            "open": "10.51956",
            "high": "10.51956",
            "low": "10.51956",
            "close": "10.52603"
        },
        {
            "time": "15.11.2020 13:11",
            "open": "10.52603",
            "high": "10.52603",
            "low": "10.52603",
            "close": "10.5348"
        },
        {
            "time": "15.11.2020 13:13",
            "open": "10.5348",
            "high": "10.5348",
            "low": "10.5348",
            "close": "10.52733"
        },
        {
            "time": "15.11.2020 13:15",
            "open": "10.52733",
            "high": "10.54416",
            "low": "10.52733",
            "close": "10.56576"
        },
        {
            "time": "15.11.2020 13:25",
            "open": "10.56576",
            "high": "10.56821",
            "low": "10.56576",
            "close": "10.55422"
        },
        {
            "time": "15.11.2020 13:26",
            "open": "10.55422",
            "high": "10.56229",
            "low": "10.55422",
            "close": "10.55872"
        },
        {
            "time": "15.11.2020 13:27",
            "open": "10.55872",
            "high": "10.56065",
            "low": "10.55872",
            "close": "10.57"
        },
        {
            "time": "15.11.2020 13:37",
            "open": "10.57",
            "high": "10.57",
            "low": "10.57",
            "close": "10.58494"
        },
        {
            "time": "15.11.2020 13:41",
            "open": "10.58494",
            "high": "10.6",
            "low": "10.58494",
            "close": "10.5839"
        },
        {
            "time": "15.11.2020 13:42",
            "open": "10.5839",
            "high": "10.5839",
            "low": "10.5839",
            "close": "10.58742"
        },
        {
            "time": "15.11.2020 13:43",
            "open": "10.58742",
            "high": "10.58742",
            "low": "10.58742",
            "close": "10.5631"
        },
        {
            "time": "15.11.2020 13:44",
            "open": "10.5631",
            "high": "10.5631",
            "low": "10.5631",
            "close": "10.59226"
        },
        {
            "time": "15.11.2020 13:46",
            "open": "10.59226",
            "high": "10.59227",
            "low": "10.59226",
            "close": "10.58506"
        },
        {
            "time": "15.11.2020 13:48",
            "open": "10.58506",
            "high": "10.58506",
            "low": "10.58506",
            "close": "10.58106"
        },
        {
            "time": "15.11.2020 13:51",
            "open": "10.58106",
            "high": "10.58106",
            "low": "10.58106",
            "close": "10.56832"
        },
        {
            "time": "15.11.2020 13:54",
            "open": "10.56832",
            "high": "10.56832",
            "low": "10.56832",
            "close": "10.56548"
        },
        {
            "time": "15.11.2020 13:57",
            "open": "10.56548",
            "high": "10.56548",
            "low": "10.56548",
            "close": "10.56099"
        },
        {
            "time": "15.11.2020 14:00",
            "open": "10.56099",
            "high": "10.56099",
            "low": "10.56099",
            "close": "10.58392"
        },
        {
            "time": "15.11.2020 14:01",
            "open": "10.58392",
            "high": "10.58392",
            "low": "10.58392",
            "close": "10.57007"
        },
        {
            "time": "15.11.2020 14:02",
            "open": "10.57007",
            "high": "10.57007",
            "low": "10.57007",
            "close": "10.56326"
        },
        {
            "time": "15.11.2020 14:03",
            "open": "10.56326",
            "high": "10.56326",
            "low": "10.56326",
            "close": "10.54353"
        },
        {
            "time": "15.11.2020 14:05",
            "open": "10.54353",
            "high": "10.55211",
            "low": "10.54353",
            "close": "10.55211"
        },
        {
            "time": "15.11.2020 14:06",
            "open": "10.55211",
            "high": "10.55434",
            "low": "10.54023",
            "close": "10.54436"
        },
        {
            "time": "15.11.2020 14:08",
            "open": "10.54436",
            "high": "10.54437",
            "low": "10.5413",
            "close": "10.54306"
        },
        {
            "time": "15.11.2020 14:12",
            "open": "10.54306",
            "high": "10.54306",
            "low": "10.54306",
            "close": "10.55842"
        },
        {
            "time": "15.11.2020 14:19",
            "open": "10.55842",
            "high": "10.55842",
            "low": "10.55842",
            "close": "10.56055"
        },
        {
            "time": "15.11.2020 14:20",
            "open": "10.56055",
            "high": "10.56055",
            "low": "10.55219",
            "close": "10.56875"
        },
        {
            "time": "15.11.2020 14:22",
            "open": "10.56875",
            "high": "10.56967",
            "low": "10.56515",
            "close": "10.57858"
        },
        {
            "time": "15.11.2020 14:23",
            "open": "10.57858",
            "high": "10.57858",
            "low": "10.57858",
            "close": "10.59016"
        },
        {
            "time": "15.11.2020 14:31",
            "open": "10.59016",
            "high": "10.59016",
            "low": "10.59016",
            "close": "10.57871"
        },
        {
            "time": "15.11.2020 14:32",
            "open": "10.57871",
            "high": "10.57871",
            "low": "10.57871",
            "close": "10.5796"
        },
        {
            "time": "15.11.2020 14:36",
            "open": "10.5796",
            "high": "10.5796",
            "low": "10.5796",
            "close": "10.61039"
        },
        {
            "time": "15.11.2020 14:40",
            "open": "10.61039",
            "high": "10.61039",
            "low": "10.61039",
            "close": "10.60485"
        },
        {
            "time": "15.11.2020 14:41",
            "open": "10.60485",
            "high": "10.60485",
            "low": "10.60485",
            "close": "10.60302"
        },
        {
            "time": "15.11.2020 14:45",
            "open": "10.60302",
            "high": "10.60302",
            "low": "10.60302",
            "close": "10.58491"
        },
        {
            "time": "15.11.2020 14:49",
            "open": "10.58491",
            "high": "10.58491",
            "low": "10.58491",
            "close": "10.60169"
        },
        {
            "time": "15.11.2020 14:50",
            "open": "10.60169",
            "high": "10.60169",
            "low": "10.60169",
            "close": "10.59189"
        },
        {
            "time": "15.11.2020 14:53",
            "open": "10.59189",
            "high": "10.59189",
            "low": "10.59189",
            "close": "10.57673"
        },
        {
            "time": "15.11.2020 14:57",
            "open": "10.57673",
            "high": "10.57673",
            "low": "10.57638",
            "close": "10.58514"
        },
        {
            "time": "15.11.2020 14:58",
            "open": "10.58514",
            "high": "10.5906",
            "low": "10.58514",
            "close": "10.57934"
        },
        {
            "time": "15.11.2020 14:59",
            "open": "10.57934",
            "high": "10.58679",
            "low": "10.57344",
            "close": "10.58616"
        },
        {
            "time": "15.11.2020 15:00",
            "open": "10.58616",
            "high": "10.58616",
            "low": "10.58616",
            "close": "10.58258"
        },
        {
            "time": "15.11.2020 15:02",
            "open": "10.58258",
            "high": "10.58258",
            "low": "10.58258",
            "close": "10.57316"
        },
        {
            "time": "15.11.2020 15:03",
            "open": "10.57316",
            "high": "10.57316",
            "low": "10.57316",
            "close": "10.58682"
        },
        {
            "time": "15.11.2020 15:06",
            "open": "10.58682",
            "high": "10.58682",
            "low": "10.58682",
            "close": "10.5763"
        },
        {
            "time": "15.11.2020 15:10",
            "open": "10.5763",
            "high": "10.5763",
            "low": "10.5763",
            "close": "10.57843"
        },
        {
            "time": "15.11.2020 15:15",
            "open": "10.57843",
            "high": "10.57843",
            "low": "10.57843",
            "close": "10.6"
        },
        {
            "time": "15.11.2020 15:22",
            "open": "10.6",
            "high": "10.6",
            "low": "10.6",
            "close": "10.61724"
        },
        {
            "time": "15.11.2020 15:23",
            "open": "10.61724",
            "high": "10.61724",
            "low": "10.61724",
            "close": "10.60971"
        },
        {
            "time": "15.11.2020 15:25",
            "open": "10.60971",
            "high": "10.62521",
            "low": "10.60971",
            "close": "10.61342"
        },
        {
            "time": "15.11.2020 15:28",
            "open": "10.61342",
            "high": "10.61342",
            "low": "10.61342",
            "close": "10.61114"
        },
        {
            "time": "15.11.2020 15:30",
            "open": "10.61114",
            "high": "10.61114",
            "low": "10.60906",
            "close": "10.61293"
        },
        {
            "time": "15.11.2020 15:35",
            "open": "10.61293",
            "high": "10.61293",
            "low": "10.61293",
            "close": "10.59592"
        },
        {
            "time": "15.11.2020 15:38",
            "open": "10.59592",
            "high": "10.59592",
            "low": "10.59592",
            "close": "10.60213"
        },
        {
            "time": "15.11.2020 15:43",
            "open": "10.60213",
            "high": "10.60215",
            "low": "10.60213",
            "close": "10.60663"
        },
        {
            "time": "15.11.2020 15:46",
            "open": "10.60663",
            "high": "10.60663",
            "low": "10.59363",
            "close": "10.58988"
        },
        {
            "time": "15.11.2020 15:49",
            "open": "10.58988",
            "high": "10.58988",
            "low": "10.58988",
            "close": "10.5948"
        },
        {
            "time": "15.11.2020 15:50",
            "open": "10.5948",
            "high": "10.5948",
            "low": "10.5948",
            "close": "10.59544"
        },
        {
            "time": "15.11.2020 15:52",
            "open": "10.59544",
            "high": "10.59544",
            "low": "10.59544",
            "close": "10.58068"
        },
        {
            "time": "15.11.2020 15:55",
            "open": "10.58068",
            "high": "10.58068",
            "low": "10.58068",
            "close": "10.60598"
        },
        {
            "time": "15.11.2020 15:56",
            "open": "10.60598",
            "high": "10.60598",
            "low": "10.60598",
            "close": "10.59782"
        },
        {
            "time": "15.11.2020 16:02",
            "open": "10.59782",
            "high": "10.59782",
            "low": "10.59781",
            "close": "10.63034"
        },
        {
            "time": "15.11.2020 16:04",
            "open": "10.63034",
            "high": "10.63034",
            "low": "10.63034",
            "close": "10.61616"
        },
        {
            "time": "15.11.2020 16:05",
            "open": "10.61616",
            "high": "10.61616",
            "low": "10.61616",
            "close": "10.62002"
        },
        {
            "time": "15.11.2020 16:08",
            "open": "10.62002",
            "high": "10.62002",
            "low": "10.62002",
            "close": "10.60609"
        },
        {
            "time": "15.11.2020 16:13",
            "open": "10.60609",
            "high": "10.6061",
            "low": "10.60609",
            "close": "10.5896"
        },
        {
            "time": "15.11.2020 16:16",
            "open": "10.5896",
            "high": "10.5896",
            "low": "10.5896",
            "close": "10.5896"
        },
        {
            "time": "15.11.2020 16:17",
            "open": "10.5896",
            "high": "10.59834",
            "low": "10.5896",
            "close": "10.59697"
        },
        {
            "time": "15.11.2020 16:21",
            "open": "10.59697",
            "high": "10.59697",
            "low": "10.59697",
            "close": "10.58837"
        },
        {
            "time": "15.11.2020 16:24",
            "open": "10.58837",
            "high": "10.58837",
            "low": "10.58837",
            "close": "10.58435"
        },
        {
            "time": "15.11.2020 16:26",
            "open": "10.58435",
            "high": "10.58435",
            "low": "10.58435",
            "close": "10.56711"
        },
        {
            "time": "15.11.2020 16:30",
            "open": "10.56711",
            "high": "10.56711",
            "low": "10.56711",
            "close": "10.58386"
        },
        {
            "time": "15.11.2020 16:32",
            "open": "10.58386",
            "high": "10.58797",
            "low": "10.58386",
            "close": "10.58189"
        },
        {
            "time": "15.11.2020 16:35",
            "open": "10.58189",
            "high": "10.58189",
            "low": "10.58189",
            "close": "10.56155"
        },
        {
            "time": "15.11.2020 16:37",
            "open": "10.56155",
            "high": "10.56853",
            "low": "10.56155",
            "close": "10.55396"
        },
        {
            "time": "15.11.2020 16:38",
            "open": "10.55396",
            "high": "10.55396",
            "low": "10.55396",
            "close": "10.55396"
        },
        {
            "time": "15.11.2020 16:39",
            "open": "10.55396",
            "high": "10.55765",
            "low": "10.55396",
            "close": "10.56667"
        },
        {
            "time": "15.11.2020 16:41",
            "open": "10.56667",
            "high": "10.57136",
            "low": "10.56667",
            "close": "10.55283"
        },
        {
            "time": "15.11.2020 16:44",
            "open": "10.55283",
            "high": "10.55283",
            "low": "10.55283",
            "close": "10.56567"
        },
        {
            "time": "15.11.2020 16:46",
            "open": "10.56567",
            "high": "10.56567",
            "low": "10.56567",
            "close": "10.56565"
        },
        {
            "time": "15.11.2020 16:47",
            "open": "10.56565",
            "high": "10.56565",
            "low": "10.56565",
            "close": "10.57024"
        },
        {
            "time": "15.11.2020 16:59",
            "open": "10.57024",
            "high": "10.57024",
            "low": "10.57024",
            "close": "10.5573"
        },
        {
            "time": "15.11.2020 17:00",
            "open": "10.5573",
            "high": "10.5573",
            "low": "10.5573",
            "close": "10.55208"
        },
        {
            "time": "15.11.2020 17:01",
            "open": "10.55208",
            "high": "10.55208",
            "low": "10.5349",
            "close": "10.56169"
        },
        {
            "time": "15.11.2020 17:02",
            "open": "10.56169",
            "high": "10.56169",
            "low": "10.56169",
            "close": "10.56782"
        },
        {
            "time": "15.11.2020 17:04",
            "open": "10.56782",
            "high": "10.58965",
            "low": "10.56782",
            "close": "10.59808"
        },
        {
            "time": "15.11.2020 17:05",
            "open": "10.59808",
            "high": "10.59808",
            "low": "10.59808",
            "close": "10.62393"
        },
        {
            "time": "15.11.2020 17:06",
            "open": "10.62393",
            "high": "10.63103",
            "low": "10.62393",
            "close": "10.58965"
        },
        {
            "time": "15.11.2020 17:07",
            "open": "10.58965",
            "high": "10.58965",
            "low": "10.58965",
            "close": "10.60822"
        },
        {
            "time": "15.11.2020 17:08",
            "open": "10.60822",
            "high": "10.60822",
            "low": "10.60822",
            "close": "10.5918"
        },
        {
            "time": "15.11.2020 17:09",
            "open": "10.5918",
            "high": "10.5918",
            "low": "10.5918",
            "close": "10.59359"
        },
        {
            "time": "15.11.2020 17:10",
            "open": "10.59359",
            "high": "10.59359",
            "low": "10.59359",
            "close": "10.54827"
        },
        {
            "time": "15.11.2020 17:13",
            "open": "10.54827",
            "high": "10.54827",
            "low": "10.54827",
            "close": "10.55555"
        },
        {
            "time": "15.11.2020 17:14",
            "open": "10.55555",
            "high": "10.55556",
            "low": "10.55555",
            "close": "10.53949"
        },
        {
            "time": "15.11.2020 17:15",
            "open": "10.53949",
            "high": "10.53949",
            "low": "10.53656",
            "close": "10.55144"
        },
        {
            "time": "15.11.2020 17:18",
            "open": "10.55144",
            "high": "10.55144",
            "low": "10.55144",
            "close": "10.55144"
        },
        {
            "time": "15.11.2020 17:19",
            "open": "10.55144",
            "high": "10.55144",
            "low": "10.55144",
            "close": "10.56"
        },
        {
            "time": "15.11.2020 17:22",
            "open": "10.56",
            "high": "10.56258",
            "low": "10.55294",
            "close": "10.56869"
        },
        {
            "time": "15.11.2020 17:24",
            "open": "10.56869",
            "high": "10.56869",
            "low": "10.56869",
            "close": "10.55741"
        },
        {
            "time": "15.11.2020 17:25",
            "open": "10.55741",
            "high": "10.55741",
            "low": "10.53995",
            "close": "10.53134"
        },
        {
            "time": "15.11.2020 17:27",
            "open": "10.53134",
            "high": "10.53134",
            "low": "10.50627",
            "close": "10.50782"
        },
        {
            "time": "15.11.2020 17:28",
            "open": "10.50782",
            "high": "10.50782",
            "low": "10.50781",
            "close": "10.52555"
        },
        {
            "time": "15.11.2020 17:30",
            "open": "10.52555",
            "high": "10.52555",
            "low": "10.52555",
            "close": "10.54592"
        },
        {
            "time": "15.11.2020 17:31",
            "open": "10.54592",
            "high": "10.54592",
            "low": "10.54592",
            "close": "10.54386"
        },
        {
            "time": "15.11.2020 17:37",
            "open": "10.54386",
            "high": "10.54386",
            "low": "10.54386",
            "close": "10.54104"
        },
        {
            "time": "15.11.2020 17:38",
            "open": "10.54104",
            "high": "10.54399",
            "low": "10.54104",
            "close": "10.52065"
        },
        {
            "time": "15.11.2020 17:40",
            "open": "10.52065",
            "high": "10.52066",
            "low": "10.50982",
            "close": "10.504"
        },
        {
            "time": "15.11.2020 17:41",
            "open": "10.504",
            "high": "10.504",
            "low": "10.5",
            "close": "10.49239"
        },
        {
            "time": "15.11.2020 17:43",
            "open": "10.49239",
            "high": "10.49239",
            "low": "10.48625",
            "close": "10.52074"
        },
        {
            "time": "15.11.2020 17:46",
            "open": "10.52074",
            "high": "10.52074",
            "low": "10.52074",
            "close": "10.51892"
        },
        {
            "time": "15.11.2020 17:50",
            "open": "10.51892",
            "high": "10.51892",
            "low": "10.50029",
            "close": "10.5121"
        },
        {
            "time": "15.11.2020 17:55",
            "open": "10.5121",
            "high": "10.52661",
            "low": "10.5121",
            "close": "10.54393"
        },
        {
            "time": "15.11.2020 17:56",
            "open": "10.54393",
            "high": "10.54393",
            "low": "10.54393",
            "close": "10.51774"
        },
        {
            "time": "15.11.2020 18:00",
            "open": "10.51774",
            "high": "10.51774",
            "low": "10.51774",
            "close": "10.49096"
        },
        {
            "time": "15.11.2020 18:02",
            "open": "10.49096",
            "high": "10.49096",
            "low": "10.48725",
            "close": "10.51286"
        },
        {
            "time": "15.11.2020 18:06",
            "open": "10.51286",
            "high": "10.51286",
            "low": "10.51286",
            "close": "10.50331"
        },
        {
            "time": "15.11.2020 18:07",
            "open": "10.50331",
            "high": "10.50331",
            "low": "10.46551",
            "close": "10.47024"
        },
        {
            "time": "15.11.2020 18:08",
            "open": "10.47024",
            "high": "10.48099",
            "low": "10.41799",
            "close": "10.43197"
        },
        {
            "time": "15.11.2020 18:09",
            "open": "10.43197",
            "high": "10.45926",
            "low": "10.41618",
            "close": "10.45634"
        },
        {
            "time": "15.11.2020 18:10",
            "open": "10.45634",
            "high": "10.4564",
            "low": "10.45634",
            "close": "10.46551"
        },
        {
            "time": "15.11.2020 18:11",
            "open": "10.46551",
            "high": "10.48514",
            "low": "10.46551",
            "close": "10.47465"
        },
        {
            "time": "15.11.2020 18:12",
            "open": "10.47465",
            "high": "10.47465",
            "low": "10.47465",
            "close": "10.47187"
        },
        {
            "time": "15.11.2020 18:13",
            "open": "10.47187",
            "high": "10.47187",
            "low": "10.47187",
            "close": "10.47845"
        },
        {
            "time": "15.11.2020 18:15",
            "open": "10.47845",
            "high": "10.47845",
            "low": "10.47845",
            "close": "10.47146"
        },
        {
            "time": "15.11.2020 18:17",
            "open": "10.47146",
            "high": "10.47146",
            "low": "10.47146",
            "close": "10.48523"
        },
        {
            "time": "15.11.2020 18:18",
            "open": "10.48523",
            "high": "10.48523",
            "low": "10.48121",
            "close": "10.47301"
        },
        {
            "time": "15.11.2020 18:19",
            "open": "10.47301",
            "high": "10.47301",
            "low": "10.46471",
            "close": "10.46797"
        },
        {
            "time": "15.11.2020 18:20",
            "open": "10.46797",
            "high": "10.46797",
            "low": "10.46797",
            "close": "10.43485"
        },
        {
            "time": "15.11.2020 18:21",
            "open": "10.43485",
            "high": "10.44",
            "low": "10.38551",
            "close": "10.40166"
        },
        {
            "time": "15.11.2020 18:22",
            "open": "10.40166",
            "high": "10.41269",
            "low": "10.39514",
            "close": "10.39514"
        },
        {
            "time": "15.11.2020 18:23",
            "open": "10.39514",
            "high": "10.39514",
            "low": "10.31101",
            "close": "10.33896"
        },
        {
            "time": "15.11.2020 18:24",
            "open": "10.33896",
            "high": "10.35844",
            "low": "10.33371",
            "close": "10.34871"
        },
        {
            "time": "15.11.2020 18:25",
            "open": "10.34871",
            "high": "10.34871",
            "low": "10.34549",
            "close": "10.36156"
        },
        {
            "time": "15.11.2020 18:26",
            "open": "10.36156",
            "high": "10.36516",
            "low": "10.35616",
            "close": "10.35941"
        },
        {
            "time": "15.11.2020 18:27",
            "open": "10.35941",
            "high": "10.35941",
            "low": "10.35366",
            "close": "10.34779"
        },
        {
            "time": "15.11.2020 18:28",
            "open": "10.34779",
            "high": "10.34779",
            "low": "10.34779",
            "close": "10.35091"
        },
        {
            "time": "15.11.2020 18:29",
            "open": "10.35091",
            "high": "10.35091",
            "low": "10.32986",
            "close": "10.30331"
        },
        {
            "time": "15.11.2020 18:30",
            "open": "10.30331",
            "high": "10.31369",
            "low": "10.28",
            "close": "10.31509"
        },
        {
            "time": "15.11.2020 18:31",
            "open": "10.31509",
            "high": "10.32291",
            "low": "10.31504",
            "close": "10.30002"
        },
        {
            "time": "15.11.2020 18:33",
            "open": "10.30002",
            "high": "10.30002",
            "low": "10.25",
            "close": "10.27855"
        },
        {
            "time": "15.11.2020 18:34",
            "open": "10.27855",
            "high": "10.29514",
            "low": "10.27855",
            "close": "10.26"
        },
        {
            "time": "15.11.2020 18:35",
            "open": "10.26",
            "high": "10.26956",
            "low": "10.26",
            "close": "10.28052"
        },
        {
            "time": "15.11.2020 18:36",
            "open": "10.28052",
            "high": "10.29132",
            "low": "10.27447",
            "close": "10.25"
        },
        {
            "time": "15.11.2020 18:37",
            "open": "10.25",
            "high": "10.25343",
            "low": "10.1763",
            "close": "10.22019"
        },
        {
            "time": "15.11.2020 18:38",
            "open": "10.22019",
            "high": "10.22173",
            "low": "10.19461",
            "close": "10.25631"
        },
        {
            "time": "15.11.2020 18:39",
            "open": "10.25631",
            "high": "10.25791",
            "low": "10.25038",
            "close": "10.27283"
        },
        {
            "time": "15.11.2020 18:40",
            "open": "10.27283",
            "high": "10.27984",
            "low": "10.26338",
            "close": "10.29192"
        },
        {
            "time": "15.11.2020 18:41",
            "open": "10.29192",
            "high": "10.29192",
            "low": "10.29192",
            "close": "10.26635"
        },
        {
            "time": "15.11.2020 18:42",
            "open": "10.26635",
            "high": "10.26635",
            "low": "10.25854",
            "close": "10.25292"
        },
        {
            "time": "15.11.2020 18:43",
            "open": "10.25292",
            "high": "10.25292",
            "low": "10.23972",
            "close": "10.25849"
        },
        {
            "time": "15.11.2020 18:44",
            "open": "10.25849",
            "high": "10.2624",
            "low": "10.23977",
            "close": "10.24564"
        },
        {
            "time": "15.11.2020 18:45",
            "open": "10.24564",
            "high": "10.25364",
            "low": "10.23664",
            "close": "10.21779"
        },
        {
            "time": "15.11.2020 18:46",
            "open": "10.21779",
            "high": "10.23909",
            "low": "10.21433",
            "close": "10.23817"
        },
        {
            "time": "15.11.2020 18:47",
            "open": "10.23817",
            "high": "10.23817",
            "low": "10.20632",
            "close": "10.18942"
        },
        {
            "time": "15.11.2020 18:48",
            "open": "10.18942",
            "high": "10.22301",
            "low": "10.18942",
            "close": "10.21726"
        },
        {
            "time": "15.11.2020 18:49",
            "open": "10.21726",
            "high": "10.26689",
            "low": "10.2097",
            "close": "10.21035"
        },
        {
            "time": "15.11.2020 18:50",
            "open": "10.21035",
            "high": "10.21035",
            "low": "10.21035",
            "close": "10.23673"
        },
        {
            "time": "15.11.2020 18:52",
            "open": "10.23673",
            "high": "10.23673",
            "low": "10.23673",
            "close": "10.23499"
        },
        {
            "time": "15.11.2020 18:54",
            "open": "10.23499",
            "high": "10.23499",
            "low": "10.23499",
            "close": "10.235"
        },
        {
            "time": "15.11.2020 18:55",
            "open": "10.235",
            "high": "10.23959",
            "low": "10.23007",
            "close": "10.25631"
        },
        {
            "time": "15.11.2020 18:56",
            "open": "10.25631",
            "high": "10.25631",
            "low": "10.23345",
            "close": "10.23128"
        },
        {
            "time": "15.11.2020 18:57",
            "open": "10.23128",
            "high": "10.26124",
            "low": "10.23128",
            "close": "10.24724"
        },
        {
            "time": "15.11.2020 18:58",
            "open": "10.24724",
            "high": "10.24725",
            "low": "10.24724",
            "close": "10.23629"
        },
        {
            "time": "15.11.2020 19:00",
            "open": "10.23629",
            "high": "10.2363",
            "low": "10.16641",
            "close": "10.22526"
        },
        {
            "time": "15.11.2020 19:01",
            "open": "10.22526",
            "high": "10.22527",
            "low": "10.22526",
            "close": "10.24059"
        },
        {
            "time": "15.11.2020 19:02",
            "open": "10.24059",
            "high": "10.26839",
            "low": "10.24059",
            "close": "10.24958"
        },
        {
            "time": "15.11.2020 19:03",
            "open": "10.24958",
            "high": "10.24958",
            "low": "10.24846",
            "close": "10.23763"
        },
        {
            "time": "15.11.2020 19:04",
            "open": "10.23763",
            "high": "10.23763",
            "low": "10.19851",
            "close": "10.21123"
        },
        {
            "time": "15.11.2020 19:05",
            "open": "10.21123",
            "high": "10.21123",
            "low": "10.21123",
            "close": "10.21139"
        },
        {
            "time": "15.11.2020 19:06",
            "open": "10.21139",
            "high": "10.21139",
            "low": "10.19501",
            "close": "10.18685"
        },
        {
            "time": "15.11.2020 19:07",
            "open": "10.18685",
            "high": "10.18685",
            "low": "10.16",
            "close": "10.1753"
        },
        {
            "time": "15.11.2020 19:08",
            "open": "10.1753",
            "high": "10.1779",
            "low": "10.17367",
            "close": "10.16763"
        },
        {
            "time": "15.11.2020 19:09",
            "open": "10.16763",
            "high": "10.16763",
            "low": "10.11",
            "close": "10.11"
        },
        {
            "time": "15.11.2020 19:10",
            "open": "10.11",
            "high": "10.12866",
            "low": "10.11",
            "close": "10.14927"
        },
        {
            "time": "15.11.2020 19:11",
            "open": "10.14927",
            "high": "10.14927",
            "low": "10.14891",
            "close": "10.1492"
        },
        {
            "time": "15.11.2020 19:12",
            "open": "10.1492",
            "high": "10.15856",
            "low": "10.1492",
            "close": "10.15334"
        },
        {
            "time": "15.11.2020 19:13",
            "open": "10.15334",
            "high": "10.16406",
            "low": "10.15334",
            "close": "10.1546"
        },
        {
            "time": "15.11.2020 19:14",
            "open": "10.1546",
            "high": "10.1546",
            "low": "10.1546",
            "close": "10.18728"
        },
        {
            "time": "15.11.2020 19:15",
            "open": "10.18728",
            "high": "10.19534",
            "low": "10.15471",
            "close": "10.18997"
        },
        {
            "time": "15.11.2020 19:16",
            "open": "10.18997",
            "high": "10.18997",
            "low": "10.17977",
            "close": "10.20663"
        },
        {
            "time": "15.11.2020 19:17",
            "open": "10.20663",
            "high": "10.20782",
            "low": "10.20663",
            "close": "10.21191"
        },
        {
            "time": "15.11.2020 19:18",
            "open": "10.21191",
            "high": "10.21191",
            "low": "10.21191",
            "close": "10.22502"
        },
        {
            "time": "15.11.2020 19:19",
            "open": "10.22502",
            "high": "10.22502",
            "low": "10.22502",
            "close": "10.21561"
        },
        {
            "time": "15.11.2020 19:20",
            "open": "10.21561",
            "high": "10.21561",
            "low": "10.21347",
            "close": "10.20412"
        },
        {
            "time": "15.11.2020 19:21",
            "open": "10.20412",
            "high": "10.20496",
            "low": "10.20412",
            "close": "10.21284"
        },
        {
            "time": "15.11.2020 19:22",
            "open": "10.21284",
            "high": "10.21721",
            "low": "10.20355",
            "close": "10.21544"
        },
        {
            "time": "15.11.2020 19:23",
            "open": "10.21544",
            "high": "10.22227",
            "low": "10.21544",
            "close": "10.2463"
        },
        {
            "time": "15.11.2020 19:24",
            "open": "10.2463",
            "high": "10.24797",
            "low": "10.2463",
            "close": "10.2168"
        },
        {
            "time": "15.11.2020 19:25",
            "open": "10.2168",
            "high": "10.23912",
            "low": "10.2168",
            "close": "10.2314"
        },
        {
            "time": "15.11.2020 19:26",
            "open": "10.2314",
            "high": "10.24704",
            "low": "10.22731",
            "close": "10.23865"
        },
        {
            "time": "15.11.2020 19:27",
            "open": "10.23865",
            "high": "10.23865",
            "low": "10.23865",
            "close": "10.24519"
        },
        {
            "time": "15.11.2020 19:29",
            "open": "10.24519",
            "high": "10.24519",
            "low": "10.24519",
            "close": "10.24897"
        },
        {
            "time": "15.11.2020 19:30",
            "open": "10.24897",
            "high": "10.26085",
            "low": "10.24897",
            "close": "10.23647"
        },
        {
            "time": "15.11.2020 19:31",
            "open": "10.23647",
            "high": "10.23647",
            "low": "10.23647",
            "close": "10.25986"
        },
        {
            "time": "15.11.2020 19:32",
            "open": "10.25986",
            "high": "10.25986",
            "low": "10.23497",
            "close": "10.24676"
        },
        {
            "time": "15.11.2020 19:33",
            "open": "10.24676",
            "high": "10.24676",
            "low": "10.24676",
            "close": "10.27625"
        },
        {
            "time": "15.11.2020 19:34",
            "open": "10.27625",
            "high": "10.27787",
            "low": "10.25803",
            "close": "10.25803"
        },
        {
            "time": "15.11.2020 19:35",
            "open": "10.25803",
            "high": "10.25803",
            "low": "10.24676",
            "close": "10.2628"
        },
        {
            "time": "15.11.2020 19:36",
            "open": "10.2628",
            "high": "10.2628",
            "low": "10.2628",
            "close": "10.25"
        },
        {
            "time": "15.11.2020 19:39",
            "open": "10.25",
            "high": "10.25",
            "low": "10.25",
            "close": "10.22824"
        },
        {
            "time": "15.11.2020 19:41",
            "open": "10.22824",
            "high": "10.23382",
            "low": "10.22824",
            "close": "10.23382"
        },
        {
            "time": "15.11.2020 19:42",
            "open": "10.23382",
            "high": "10.23382",
            "low": "10.22026",
            "close": "10.23873"
        },
        {
            "time": "15.11.2020 19:45",
            "open": "10.23873",
            "high": "10.23873",
            "low": "10.23873",
            "close": "10.22671"
        },
        {
            "time": "15.11.2020 19:46",
            "open": "10.22671",
            "high": "10.22671",
            "low": "10.22671",
            "close": "10.2512"
        },
        {
            "time": "15.11.2020 19:47",
            "open": "10.2512",
            "high": "10.2512",
            "low": "10.2512",
            "close": "10.23849"
        },
        {
            "time": "15.11.2020 19:48",
            "open": "10.23849",
            "high": "10.24557",
            "low": "10.23849",
            "close": "10.24"
        },
        {
            "time": "15.11.2020 19:49",
            "open": "10.24",
            "high": "10.24",
            "low": "10.24",
            "close": "10.23342"
        },
        {
            "time": "15.11.2020 19:51",
            "open": "10.23342",
            "high": "10.24524",
            "low": "10.23342",
            "close": "10.26807"
        },
        {
            "time": "15.11.2020 19:53",
            "open": "10.26807",
            "high": "10.26807",
            "low": "10.26807",
            "close": "10.27479"
        },
        {
            "time": "15.11.2020 19:54",
            "open": "10.27479",
            "high": "10.27479",
            "low": "10.27479",
            "close": "10.2744"
        },
        {
            "time": "15.11.2020 19:56",
            "open": "10.2744",
            "high": "10.28007",
            "low": "10.2744",
            "close": "10.27237"
        },
        {
            "time": "15.11.2020 19:57",
            "open": "10.27237",
            "high": "10.27237",
            "low": "10.27237",
            "close": "10.25"
        },
        {
            "time": "15.11.2020 19:58",
            "open": "10.25",
            "high": "10.25",
            "low": "10.25",
            "close": "10.26264"
        },
        {
            "time": "15.11.2020 19:59",
            "open": "10.26264",
            "high": "10.26264",
            "low": "10.25404",
            "close": "10.25105"
        },
        {
            "time": "15.11.2020 20:00",
            "open": "10.25105",
            "high": "10.25105",
            "low": "10.25105",
            "close": "10.24557"
        },
        {
            "time": "15.11.2020 20:01",
            "open": "10.24557",
            "high": "10.24557",
            "low": "10.24557",
            "close": "10.23941"
        },
        {
            "time": "15.11.2020 20:02",
            "open": "10.23941",
            "high": "10.23941",
            "low": "10.23941",
            "close": "10.22412"
        },
        {
            "time": "15.11.2020 20:03",
            "open": "10.22412",
            "high": "10.22413",
            "low": "10.21906",
            "close": "10.22214"
        },
        {
            "time": "15.11.2020 20:04",
            "open": "10.22214",
            "high": "10.22214",
            "low": "10.22213",
            "close": "10.24735"
        },
        {
            "time": "15.11.2020 20:05",
            "open": "10.24735",
            "high": "10.24735",
            "low": "10.24321",
            "close": "10.20914"
        },
        {
            "time": "15.11.2020 20:06",
            "open": "10.20914",
            "high": "10.20914",
            "low": "10.20914",
            "close": "10.2"
        },
        {
            "time": "15.11.2020 20:08",
            "open": "10.2",
            "high": "10.2",
            "low": "10.2",
            "close": "10.20427"
        },
        {
            "time": "15.11.2020 20:10",
            "open": "10.20427",
            "high": "10.21043",
            "low": "10.20427",
            "close": "10.20957"
        },
        {
            "time": "15.11.2020 20:12",
            "open": "10.20957",
            "high": "10.20957",
            "low": "10.20957",
            "close": "10.21315"
        },
        {
            "time": "15.11.2020 20:13",
            "open": "10.21315",
            "high": "10.21315",
            "low": "10.20589",
            "close": "10.2136"
        },
        {
            "time": "15.11.2020 20:15",
            "open": "10.2136",
            "high": "10.2136",
            "low": "10.2136",
            "close": "10.27332"
        },
        {
            "time": "15.11.2020 20:18",
            "open": "10.27332",
            "high": "10.283",
            "low": "10.268",
            "close": "10.25987"
        },
        {
            "time": "15.11.2020 20:19",
            "open": "10.25987",
            "high": "10.27245",
            "low": "10.25987",
            "close": "10.25987"
        },
        {
            "time": "15.11.2020 20:21",
            "open": "10.25987",
            "high": "10.25987",
            "low": "10.25987",
            "close": "10.24861"
        },
        {
            "time": "15.11.2020 20:22",
            "open": "10.24861",
            "high": "10.24861",
            "low": "10.24861",
            "close": "10.24354"
        },
        {
            "time": "15.11.2020 20:23",
            "open": "10.24354",
            "high": "10.24354",
            "low": "10.23851",
            "close": "10.2413"
        },
        {
            "time": "15.11.2020 20:24",
            "open": "10.2413",
            "high": "10.2413",
            "low": "10.23805",
            "close": "10.25044"
        },
        {
            "time": "15.11.2020 20:25",
            "open": "10.25044",
            "high": "10.25044",
            "low": "10.24897",
            "close": "10.26003"
        },
        {
            "time": "15.11.2020 20:26",
            "open": "10.26003",
            "high": "10.26003",
            "low": "10.26003",
            "close": "10.25"
        },
        {
            "time": "15.11.2020 20:27",
            "open": "10.25",
            "high": "10.25",
            "low": "10.25",
            "close": "10.25"
        },
        {
            "time": "15.11.2020 20:29",
            "open": "10.25",
            "high": "10.25255",
            "low": "10.24596",
            "close": "10.23096"
        },
        {
            "time": "15.11.2020 20:34",
            "open": "10.23096",
            "high": "10.23096",
            "low": "10.23096",
            "close": "10.2328"
        },
        {
            "time": "15.11.2020 20:36",
            "open": "10.2328",
            "high": "10.2328",
            "low": "10.2328",
            "close": "10.22967"
        },
        {
            "time": "15.11.2020 20:37",
            "open": "10.22967",
            "high": "10.22967",
            "low": "10.22967",
            "close": "10.23229"
        },
        {
            "time": "15.11.2020 20:39",
            "open": "10.23229",
            "high": "10.23229",
            "low": "10.23229",
            "close": "10.22874"
        },
        {
            "time": "15.11.2020 20:40",
            "open": "10.22874",
            "high": "10.23081",
            "low": "10.22874",
            "close": "10.2574"
        },
        {
            "time": "15.11.2020 20:42",
            "open": "10.2574",
            "high": "10.2574",
            "low": "10.2574",
            "close": "10.23971"
        },
        {
            "time": "15.11.2020 20:43",
            "open": "10.23971",
            "high": "10.23971",
            "low": "10.22977",
            "close": "10.22599"
        },
        {
            "time": "15.11.2020 20:44",
            "open": "10.22599",
            "high": "10.22599",
            "low": "10.22",
            "close": "10.2"
        },
        {
            "time": "15.11.2020 20:45",
            "open": "10.2",
            "high": "10.20252",
            "low": "10.2",
            "close": "10.22111"
        },
        {
            "time": "15.11.2020 20:47",
            "open": "10.22111",
            "high": "10.22111",
            "low": "10.22111",
            "close": "10.22385"
        },
        {
            "time": "15.11.2020 20:48",
            "open": "10.22385",
            "high": "10.22385",
            "low": "10.22385",
            "close": "10.21121"
        },
        {
            "time": "15.11.2020 20:52",
            "open": "10.21121",
            "high": "10.21121",
            "low": "10.21121",
            "close": "10.21121"
        },
        {
            "time": "15.11.2020 20:55",
            "open": "10.21121",
            "high": "10.21121",
            "low": "10.21121",
            "close": "10.19"
        },
        {
            "time": "15.11.2020 20:57",
            "open": "10.19",
            "high": "10.19027",
            "low": "10.18886",
            "close": "10.18517"
        },
        {
            "time": "15.11.2020 20:58",
            "open": "10.18517",
            "high": "10.18665",
            "low": "10.18513",
            "close": "10.19228"
        },
        {
            "time": "15.11.2020 20:59",
            "open": "10.19228",
            "high": "10.19228",
            "low": "10.19228",
            "close": "10.17667"
        },
        {
            "time": "15.11.2020 21:00",
            "open": "10.17667",
            "high": "10.17667",
            "low": "10.15841",
            "close": "10.17548"
        },
        {
            "time": "15.11.2020 21:01",
            "open": "10.17548",
            "high": "10.17548",
            "low": "10.17548",
            "close": "10.18095"
        },
        {
            "time": "15.11.2020 21:02",
            "open": "10.18095",
            "high": "10.18095",
            "low": "10.18095",
            "close": "10.16451"
        },
        {
            "time": "15.11.2020 21:03",
            "open": "10.16451",
            "high": "10.16451",
            "low": "10.16451",
            "close": "10.19393"
        },
        {
            "time": "15.11.2020 21:06",
            "open": "10.19393",
            "high": "10.20412",
            "low": "10.19393",
            "close": "10.21255"
        },
        {
            "time": "15.11.2020 21:09",
            "open": "10.21255",
            "high": "10.2214",
            "low": "10.21255",
            "close": "10.21296"
        },
        {
            "time": "15.11.2020 21:10",
            "open": "10.21296",
            "high": "10.21296",
            "low": "10.2",
            "close": "10.21133"
        },
        {
            "time": "15.11.2020 21:11",
            "open": "10.21133",
            "high": "10.21133",
            "low": "10.21133",
            "close": "10.20433"
        },
        {
            "time": "15.11.2020 21:12",
            "open": "10.20433",
            "high": "10.20433",
            "low": "10.20433",
            "close": "10.22106"
        },
        {
            "time": "15.11.2020 21:14",
            "open": "10.22106",
            "high": "10.22106",
            "low": "10.21856",
            "close": "10.21057"
        },
        {
            "time": "15.11.2020 21:16",
            "open": "10.21057",
            "high": "10.21057",
            "low": "10.21057",
            "close": "10.17003"
        },
        {
            "time": "15.11.2020 21:18",
            "open": "10.17003",
            "high": "10.18238",
            "low": "10.17003",
            "close": "10.18238"
        },
        {
            "time": "15.11.2020 21:19",
            "open": "10.18238",
            "high": "10.18238",
            "low": "10.18238",
            "close": "10.17"
        },
        {
            "time": "15.11.2020 21:20",
            "open": "10.17",
            "high": "10.17",
            "low": "10.17",
            "close": "10.16707"
        },
        {
            "time": "15.11.2020 21:21",
            "open": "10.16707",
            "high": "10.16707",
            "low": "10.16707",
            "close": "10.14783"
        },
        {
            "time": "15.11.2020 21:22",
            "open": "10.14783",
            "high": "10.14783",
            "low": "10.14783",
            "close": "10.14"
        },
        {
            "time": "15.11.2020 21:23",
            "open": "10.14",
            "high": "10.14",
            "low": "10.11787",
            "close": "10.13"
        },
        {
            "time": "15.11.2020 21:24",
            "open": "10.13",
            "high": "10.1591",
            "low": "10.13",
            "close": "10.15083"
        },
        {
            "time": "15.11.2020 21:25",
            "open": "10.15083",
            "high": "10.15089",
            "low": "10.13947",
            "close": "10.11"
        },
        {
            "time": "15.11.2020 21:27",
            "open": "10.11",
            "high": "10.11",
            "low": "10.11",
            "close": "10.11832"
        },
        {
            "time": "15.11.2020 21:28",
            "open": "10.11832",
            "high": "10.13253",
            "low": "10.11624",
            "close": "10.11"
        },
        {
            "time": "15.11.2020 21:29",
            "open": "10.11",
            "high": "10.11",
            "low": "10.11",
            "close": "10.10611"
        },
        {
            "time": "15.11.2020 21:30",
            "open": "10.10611",
            "high": "10.10648",
            "low": "10.10478",
            "close": "10.10919"
        },
        {
            "time": "15.11.2020 21:31",
            "open": "10.10919",
            "high": "10.13259",
            "low": "10.10919",
            "close": "10.12266"
        },
        {
            "time": "15.11.2020 21:32",
            "open": "10.12266",
            "high": "10.13454",
            "low": "10.12266",
            "close": "10.14504"
        },
        {
            "time": "15.11.2020 21:34",
            "open": "10.14504",
            "high": "10.15638",
            "low": "10.14504",
            "close": "10.15862"
        },
        {
            "time": "15.11.2020 21:35",
            "open": "10.15862",
            "high": "10.15862",
            "low": "10.14867",
            "close": "10.1539"
        },
        {
            "time": "15.11.2020 21:36",
            "open": "10.1539",
            "high": "10.1539",
            "low": "10.1539",
            "close": "10.16475"
        },
        {
            "time": "15.11.2020 21:37",
            "open": "10.16475",
            "high": "10.17307",
            "low": "10.16475",
            "close": "10.17329"
        },
        {
            "time": "15.11.2020 21:40",
            "open": "10.17329",
            "high": "10.18041",
            "low": "10.17218",
            "close": "10.18298"
        },
        {
            "time": "15.11.2020 21:41",
            "open": "10.18298",
            "high": "10.18298",
            "low": "10.18298",
            "close": "10.17191"
        },
        {
            "time": "15.11.2020 21:42",
            "open": "10.17191",
            "high": "10.18608",
            "low": "10.16734",
            "close": "10.1733"
        },
        {
            "time": "15.11.2020 21:43",
            "open": "10.1733",
            "high": "10.18175",
            "low": "10.1733",
            "close": "10.18906"
        },
        {
            "time": "15.11.2020 21:45",
            "open": "10.18906",
            "high": "10.21457",
            "low": "10.18906",
            "close": "10.20424"
        },
        {
            "time": "15.11.2020 21:46",
            "open": "10.20424",
            "high": "10.20424",
            "low": "10.20424",
            "close": "10.19516"
        },
        {
            "time": "15.11.2020 21:47",
            "open": "10.19516",
            "high": "10.19516",
            "low": "10.19516",
            "close": "10.2055"
        },
        {
            "time": "15.11.2020 21:48",
            "open": "10.2055",
            "high": "10.2055",
            "low": "10.2055",
            "close": "10.2088"
        },
        {
            "time": "15.11.2020 21:49",
            "open": "10.2088",
            "high": "10.2088",
            "low": "10.2088",
            "close": "10.2"
        },
        {
            "time": "15.11.2020 21:50",
            "open": "10.2",
            "high": "10.21536",
            "low": "10.2",
            "close": "10.21379"
        },
        {
            "time": "15.11.2020 21:52",
            "open": "10.21379",
            "high": "10.21379",
            "low": "10.21379",
            "close": "10.201"
        },
        {
            "time": "15.11.2020 21:53",
            "open": "10.201",
            "high": "10.201",
            "low": "10.2",
            "close": "10.1875"
        },
        {
            "time": "15.11.2020 21:55",
            "open": "10.1875",
            "high": "10.1875",
            "low": "10.1875",
            "close": "10.16263"
        },
        {
            "time": "15.11.2020 22:01",
            "open": "10.16263",
            "high": "10.16263",
            "low": "10.16263",
            "close": "10.15604"
        },
        {
            "time": "15.11.2020 22:03",
            "open": "10.15604",
            "high": "10.15604",
            "low": "10.15604",
            "close": "10.1455"
        },
        {
            "time": "15.11.2020 22:05",
            "open": "10.1455",
            "high": "10.16065",
            "low": "10.1455",
            "close": "10.17856"
        },
        {
            "time": "15.11.2020 22:06",
            "open": "10.17856",
            "high": "10.17856",
            "low": "10.17856",
            "close": "10.19048"
        },
        {
            "time": "15.11.2020 22:07",
            "open": "10.19048",
            "high": "10.19048",
            "low": "10.19048",
            "close": "10.19335"
        },
        {
            "time": "15.11.2020 22:11",
            "open": "10.19335",
            "high": "10.19335",
            "low": "10.19048",
            "close": "10.19048"
        },
        {
            "time": "15.11.2020 22:12",
            "open": "10.19048",
            "high": "10.20474",
            "low": "10.19048",
            "close": "10.1909"
        },
        {
            "time": "15.11.2020 22:13",
            "open": "10.1909",
            "high": "10.1909",
            "low": "10.1909",
            "close": "10.16851"
        },
        {
            "time": "15.11.2020 22:14",
            "open": "10.16851",
            "high": "10.16851",
            "low": "10.16851",
            "close": "10.19915"
        },
        {
            "time": "15.11.2020 22:16",
            "open": "10.19915",
            "high": "10.19915",
            "low": "10.19915",
            "close": "10.20018"
        },
        {
            "time": "15.11.2020 22:17",
            "open": "10.20018",
            "high": "10.20018",
            "low": "10.20018",
            "close": "10.1912"
        },
        {
            "time": "15.11.2020 22:18",
            "open": "10.1912",
            "high": "10.20388",
            "low": "10.1912",
            "close": "10.2039"
        },
        {
            "time": "15.11.2020 22:19",
            "open": "10.2039",
            "high": "10.2039",
            "low": "10.20386",
            "close": "10.18086"
        },
        {
            "time": "15.11.2020 22:22",
            "open": "10.18086",
            "high": "10.18086",
            "low": "10.15454",
            "close": "10.17"
        },
        {
            "time": "15.11.2020 22:24",
            "open": "10.17",
            "high": "10.17",
            "low": "10.17",
            "close": "10.17618"
        },
        {
            "time": "15.11.2020 22:26",
            "open": "10.17618",
            "high": "10.17618",
            "low": "10.17618",
            "close": "10.17235"
        },
        {
            "time": "15.11.2020 22:27",
            "open": "10.17235",
            "high": "10.18141",
            "low": "10.17235",
            "close": "10.17612"
        },
        {
            "time": "15.11.2020 22:28",
            "open": "10.17612",
            "high": "10.17612",
            "low": "10.17612",
            "close": "10.15471"
        },
        {
            "time": "15.11.2020 22:29",
            "open": "10.15471",
            "high": "10.16333",
            "low": "10.15471",
            "close": "10.17942"
        },
        {
            "time": "15.11.2020 22:31",
            "open": "10.17942",
            "high": "10.18232",
            "low": "10.17942",
            "close": "10.1654"
        },
        {
            "time": "15.11.2020 22:34",
            "open": "10.1654",
            "high": "10.1654",
            "low": "10.1654",
            "close": "10.17339"
        },
        {
            "time": "15.11.2020 22:36",
            "open": "10.17339",
            "high": "10.17339",
            "low": "10.17339",
            "close": "10.17365"
        },
        {
            "time": "15.11.2020 22:38",
            "open": "10.17365",
            "high": "10.17371",
            "low": "10.16377",
            "close": "10.17553"
        },
        {
            "time": "15.11.2020 22:39",
            "open": "10.17553",
            "high": "10.17553",
            "low": "10.17553",
            "close": "10.1608"
        },
        {
            "time": "15.11.2020 22:40",
            "open": "10.1608",
            "high": "10.17149",
            "low": "10.1608",
            "close": "10.16768"
        },
        {
            "time": "15.11.2020 22:41",
            "open": "10.16768",
            "high": "10.16768",
            "low": "10.16",
            "close": "10.15146"
        },
        {
            "time": "15.11.2020 22:42",
            "open": "10.15146",
            "high": "10.15146",
            "low": "10.14803",
            "close": "10.14018"
        },
        {
            "time": "15.11.2020 22:43",
            "open": "10.14018",
            "high": "10.14018",
            "low": "10.14018",
            "close": "10.14018"
        },
        {
            "time": "15.11.2020 22:44",
            "open": "10.14018",
            "high": "10.14018",
            "low": "10.14018",
            "close": "10.14148"
        },
        {
            "time": "15.11.2020 22:45",
            "open": "10.14148",
            "high": "10.14148",
            "low": "10.14148",
            "close": "10.14876"
        },
        {
            "time": "15.11.2020 22:47",
            "open": "10.14876",
            "high": "10.14876",
            "low": "10.14876",
            "close": "10.15152"
        },
        {
            "time": "15.11.2020 22:48",
            "open": "10.15152",
            "high": "10.15152",
            "low": "10.15152",
            "close": "10.15402"
        },
        {
            "time": "15.11.2020 22:49",
            "open": "10.15402",
            "high": "10.15402",
            "low": "10.15402",
            "close": "10.16019"
        },
        {
            "time": "15.11.2020 22:50",
            "open": "10.16019",
            "high": "10.16019",
            "low": "10.16019",
            "close": "10.15486"
        },
        {
            "time": "15.11.2020 22:51",
            "open": "10.15486",
            "high": "10.15486",
            "low": "10.15486",
            "close": "10.15749"
        },
        {
            "time": "15.11.2020 22:52",
            "open": "10.15749",
            "high": "10.16103",
            "low": "10.15749",
            "close": "10.14849"
        },
        {
            "time": "15.11.2020 22:54",
            "open": "10.14849",
            "high": "10.14849",
            "low": "10.14849",
            "close": "10.14035"
        },
        {
            "time": "15.11.2020 22:57",
            "open": "10.14035",
            "high": "10.14117",
            "low": "10.12805",
            "close": "10.13269"
        },
        {
            "time": "15.11.2020 23:01",
            "open": "10.13269",
            "high": "10.13272",
            "low": "10.13269",
            "close": "10.13595"
        },
        {
            "time": "15.11.2020 23:03",
            "open": "10.13595",
            "high": "10.13595",
            "low": "10.12",
            "close": "10.10864"
        },
        {
            "time": "15.11.2020 23:05",
            "open": "10.10864",
            "high": "10.12682",
            "low": "10.10864",
            "close": "10.11527"
        },
        {
            "time": "15.11.2020 23:07",
            "open": "10.11527",
            "high": "10.11527",
            "low": "10.11527",
            "close": "10.10184"
        },
        {
            "time": "15.11.2020 23:08",
            "open": "10.10184",
            "high": "10.10371",
            "low": "10.1",
            "close": "10.1"
        },
        {
            "time": "15.11.2020 23:09",
            "open": "10.1",
            "high": "10.10102",
            "low": "10.1",
            "close": "10.10422"
        },
        {
            "time": "15.11.2020 23:10",
            "open": "10.10422",
            "high": "10.10422",
            "low": "10.09",
            "close": "10.07"
        },
        {
            "time": "15.11.2020 23:11",
            "open": "10.07",
            "high": "10.07145",
            "low": "10.05",
            "close": "10.05504"
        },
        {
            "time": "15.11.2020 23:12",
            "open": "10.05504",
            "high": "10.06265",
            "low": "10.05118",
            "close": "10.06055"
        },
        {
            "time": "15.11.2020 23:13",
            "open": "10.06055",
            "high": "10.06055",
            "low": "10.04",
            "close": "10.04876"
        },
        {
            "time": "15.11.2020 23:14",
            "open": "10.04876",
            "high": "10.04876",
            "low": "10.04852",
            "close": "10.05148"
        },
        {
            "time": "15.11.2020 23:15",
            "open": "10.05148",
            "high": "10.05269",
            "low": "10.05148",
            "close": "10.04701"
        },
        {
            "time": "15.11.2020 23:16",
            "open": "10.04701",
            "high": "10.05493",
            "low": "10.04701",
            "close": "10.06174"
        },
        {
            "time": "15.11.2020 23:17",
            "open": "10.06174",
            "high": "10.06174",
            "low": "10.05025",
            "close": "10.05589"
        },
        {
            "time": "15.11.2020 23:18",
            "open": "10.05589",
            "high": "10.06935",
            "low": "10.05589",
            "close": "10.04418"
        },
        {
            "time": "15.11.2020 23:20",
            "open": "10.04418",
            "high": "10.04418",
            "low": "10.02718",
            "close": "10.02222"
        },
        {
            "time": "15.11.2020 23:21",
            "open": "10.02222",
            "high": "10.02222",
            "low": "10.02222",
            "close": "10.02222"
        },
        {
            "time": "15.11.2020 23:22",
            "open": "10.02222",
            "high": "10.02222",
            "low": "10.02222",
            "close": "10.08131"
        },
        {
            "time": "15.11.2020 23:26",
            "open": "10.08131",
            "high": "10.10333",
            "low": "10.08131",
            "close": "10.10082"
        },
        {
            "time": "15.11.2020 23:27",
            "open": "10.10082",
            "high": "10.10082",
            "low": "10.09977",
            "close": "10.08185"
        },
        {
            "time": "15.11.2020 23:28",
            "open": "10.08185",
            "high": "10.08185",
            "low": "10.08185",
            "close": "10.09818"
        },
        {
            "time": "15.11.2020 23:31",
            "open": "10.09818",
            "high": "10.09818",
            "low": "10.09818",
            "close": "10.15151"
        },
        {
            "time": "15.11.2020 23:34",
            "open": "10.15151",
            "high": "10.15151",
            "low": "10.1478",
            "close": "10.18644"
        },
        {
            "time": "15.11.2020 23:40",
            "open": "10.18644",
            "high": "10.21109",
            "low": "10.18644",
            "close": "10.18878"
        },
        {
            "time": "15.11.2020 23:42",
            "open": "10.18878",
            "high": "10.18878",
            "low": "10.18878",
            "close": "10.17981"
        },
        {
            "time": "15.11.2020 23:43",
            "open": "10.17981",
            "high": "10.17981",
            "low": "10.17981",
            "close": "10.17738"
        },
        {
            "time": "15.11.2020 23:44",
            "open": "10.17738",
            "high": "10.17738",
            "low": "10.17738",
            "close": "10.20159"
        },
        {
            "time": "15.11.2020 23:45",
            "open": "10.20159",
            "high": "10.20159",
            "low": "10.20159",
            "close": "10.19592"
        },
        {
            "time": "15.11.2020 23:49",
            "open": "10.19592",
            "high": "10.20415",
            "low": "10.19592",
            "close": "10.20307"
        },
        {
            "time": "15.11.2020 23:50",
            "open": "10.20307",
            "high": "10.20309",
            "low": "10.20307",
            "close": "10.20574"
        },
        {
            "time": "15.11.2020 23:51",
            "open": "10.20574",
            "high": "10.21434",
            "low": "10.20574",
            "close": "10.20486"
        },
        {
            "time": "15.11.2020 23:52",
            "open": "10.20486",
            "high": "10.20486",
            "low": "10.20486",
            "close": "10.20736"
        },
        {
            "time": "15.11.2020 23:53",
            "open": "10.20736",
            "high": "10.20736",
            "low": "10.20736",
            "close": "10.22451"
        },
        {
            "time": "15.11.2020 23:55",
            "open": "10.22451",
            "high": "10.23617",
            "low": "10.22422",
            "close": "10.24212"
        },
        {
            "time": "15.11.2020 23:56",
            "open": "10.24212",
            "high": "10.24212",
            "low": "10.23839",
            "close": "10.21516"
        },
        {
            "time": "15.11.2020 23:57",
            "open": "10.21516",
            "high": "10.21516",
            "low": "10.21516",
            "close": "10.19533"
        },
        {
            "time": "15.11.2020 23:58",
            "open": "10.19533",
            "high": "10.21844",
            "low": "10.19533",
            "close": "10.22249"
        }
    ]
}