{
    "LINK-EUR": [
        {
            "time": "19.12.2020 23:59",
            "open": "11.08527",
            "high": "11.08527",
            "low": "11.08527",
            "close": "11.08527"
        },
        {
            "time": "20.12.2020 00:00",
            "open": "11.08527",
            "high": "11.0942",
            "low": "11.08527",
            "close": "11.0942"
        },
        {
            "time": "20.12.2020 00:01",
            "open": "11.0942",
            "high": "11.0942",
            "low": "11.07615",
            "close": "11.06547"
        },
        {
            "time": "20.12.2020 00:03",
            "open": "11.06547",
            "high": "11.06547",
            "low": "11.06547",
            "close": "11.08179"
        },
        {
            "time": "20.12.2020 00:04",
            "open": "11.08179",
            "high": "11.08179",
            "low": "11.07615",
            "close": "11.05817"
        },
        {
            "time": "20.12.2020 00:06",
            "open": "11.05817",
            "high": "11.05817",
            "low": "11.05",
            "close": "11.05"
        },
        {
            "time": "20.12.2020 00:07",
            "open": "11.05",
            "high": "11.05736",
            "low": "11.04807",
            "close": "11.05494"
        },
        {
            "time": "20.12.2020 00:08",
            "open": "11.05494",
            "high": "11.05494",
            "low": "11.035",
            "close": "11.03881"
        },
        {
            "time": "20.12.2020 00:09",
            "open": "11.03881",
            "high": "11.05095",
            "low": "11.03881",
            "close": "11.06338"
        },
        {
            "time": "20.12.2020 00:14",
            "open": "11.06338",
            "high": "11.06338",
            "low": "11.0439",
            "close": "11.01984"
        },
        {
            "time": "20.12.2020 00:15",
            "open": "11.01984",
            "high": "11.01984",
            "low": "10.98053",
            "close": "10.97965"
        },
        {
            "time": "20.12.2020 00:16",
            "open": "10.97965",
            "high": "11",
            "low": "10.97965",
            "close": "10.99248"
        },
        {
            "time": "20.12.2020 00:18",
            "open": "10.99248",
            "high": "10.99248",
            "low": "10.99248",
            "close": "10.99755"
        },
        {
            "time": "20.12.2020 00:19",
            "open": "10.99755",
            "high": "10.99755",
            "low": "10.98984",
            "close": "10.99721"
        },
        {
            "time": "20.12.2020 00:20",
            "open": "10.99721",
            "high": "10.99721",
            "low": "10.99721",
            "close": "10.98228"
        },
        {
            "time": "20.12.2020 00:22",
            "open": "10.98228",
            "high": "10.99046",
            "low": "10.92772",
            "close": "10.92603"
        },
        {
            "time": "20.12.2020 00:24",
            "open": "10.9293",
            "high": "10.9293",
            "low": "10.9293",
            "close": "10.9293"
        },
        {
            "time": "20.12.2020 00:25",
            "open": "10.9146",
            "high": "10.9146",
            "low": "10.9146",
            "close": "10.9"
        },
        {
            "time": "20.12.2020 12:50",
            "open": "10.9446",
            "high": "10.9446",
            "low": "10.9446",
            "close": "10.95725"
        },
        {
            "time": "20.12.2020 12:51",
            "open": "10.95725",
            "high": "10.95725",
            "low": "10.95699",
            "close": "10.94662"
        },
        {
            "time": "20.12.2020 12:55",
            "open": "10.94662",
            "high": "10.94662",
            "low": "10.94662",
            "close": "10.93"
        },
        {
            "time": "20.12.2020 12:57",
            "open": "10.93",
            "high": "10.93",
            "low": "10.91947",
            "close": "10.94261"
        },
        {
            "time": "20.12.2020 12:59",
            "open": "10.94261",
            "high": "10.94261",
            "low": "10.94261",
            "close": "10.94607"
        },
        {
            "time": "20.12.2020 13:00",
            "open": "10.94607",
            "high": "10.94607",
            "low": "10.93232",
            "close": "10.936"
        },
        {
            "time": "20.12.2020 13:02",
            "open": "10.936",
            "high": "10.936",
            "low": "10.936",
            "close": "10.936"
        },
        {
            "time": "20.12.2020 13:03",
            "open": "10.936",
            "high": "10.936",
            "low": "10.92302",
            "close": "10.936"
        },
        {
            "time": "20.12.2020 13:04",
            "open": "10.936",
            "high": "10.94017",
            "low": "10.92301",
            "close": "10.923"
        },
        {
            "time": "20.12.2020 13:05",
            "open": "10.923",
            "high": "10.923",
            "low": "10.9009",
            "close": "10.9"
        },
        {
            "time": "20.12.2020 13:06",
            "open": "10.9",
            "high": "10.9",
            "low": "10.87867",
            "close": "10.89232"
        },
        {
            "time": "20.12.2020 13:07",
            "open": "10.89232",
            "high": "10.89232",
            "low": "10.88642",
            "close": "10.89053"
        },
        {
            "time": "20.12.2020 13:09",
            "open": "10.89053",
            "high": "10.89053",
            "low": "10.89053",
            "close": "10.887"
        },
        {
            "time": "20.12.2020 13:10",
            "open": "10.887",
            "high": "10.887",
            "low": "10.887",
            "close": "10.887"
        },
        {
            "time": "20.12.2020 13:11",
            "open": "10.887",
            "high": "10.887",
            "low": "10.887",
            "close": "10.90459"
        },
        {
            "time": "20.12.2020 13:13",
            "open": "10.90459",
            "high": "10.90459",
            "low": "10.90459",
            "close": "10.91847"
        },
        {
            "time": "20.12.2020 13:15",
            "open": "10.91847",
            "high": "10.92056",
            "low": "10.91847",
            "close": "10.91342"
        },
        {
            "time": "20.12.2020 13:17",
            "open": "10.91342",
            "high": "10.91342",
            "low": "10.9091",
            "close": "10.92325"
        },
        {
            "time": "20.12.2020 13:18",
            "open": "10.92325",
            "high": "10.92325",
            "low": "10.92325",
            "close": "10.92456"
        },
        {
            "time": "20.12.2020 13:19",
            "open": "10.92456",
            "high": "10.92457",
            "low": "10.9245",
            "close": "10.9073"
        },
        {
            "time": "20.12.2020 13:20",
            "open": "10.9073",
            "high": "10.9073",
            "low": "10.9073",
            "close": "10.92301"
        },
        {
            "time": "20.12.2020 13:21",
            "open": "10.92301",
            "high": "10.92301",
            "low": "10.91878",
            "close": "10.91935"
        },
        {
            "time": "20.12.2020 13:22",
            "open": "10.91935",
            "high": "10.91935",
            "low": "10.91935",
            "close": "10.90175"
        },
        {
            "time": "20.12.2020 13:28",
            "open": "10.90175",
            "high": "10.90175",
            "low": "10.90175",
            "close": "10.90148"
        },
        {
            "time": "20.12.2020 13:29",
            "open": "10.90148",
            "high": "10.90148",
            "low": "10.89917",
            "close": "10.90798"
        },
        {
            "time": "20.12.2020 13:32",
            "open": "10.90798",
            "high": "10.90921",
            "low": "10.85144",
            "close": "10.92157"
        },
        {
            "time": "20.12.2020 13:33",
            "open": "10.92157",
            "high": "10.92157",
            "low": "10.90973",
            "close": "10.91133"
        },
        {
            "time": "20.12.2020 13:35",
            "open": "10.91133",
            "high": "10.91133",
            "low": "10.91133",
            "close": "10.89398"
        },
        {
            "time": "20.12.2020 13:39",
            "open": "10.83194",
            "high": "10.83194",
            "low": "10.83194",
            "close": "10.83055"
        },
        {
            "time": "20.12.2020 13:41",
            "open": "10.83055",
            "high": "10.83055",
            "low": "10.79309",
            "close": "10.81021"
        },
        {
            "time": "20.12.2020 13:42",
            "open": "10.81021",
            "high": "10.81343",
            "low": "10.80139",
            "close": "10.7981"
        },
        {
            "time": "20.12.2020 13:43",
            "open": "10.7981",
            "high": "10.7981",
            "low": "10.7981",
            "close": "10.81462"
        },
        {
            "time": "20.12.2020 13:45",
            "open": "10.81462",
            "high": "10.81462",
            "low": "10.81462",
            "close": "10.78229"
        },
        {
            "time": "20.12.2020 13:46",
            "open": "10.78229",
            "high": "10.78229",
            "low": "10.78229",
            "close": "10.83783"
        },
        {
            "time": "20.12.2020 13:48",
            "open": "10.83783",
            "high": "10.83783",
            "low": "10.83783",
            "close": "10.82931"
        },
        {
            "time": "20.12.2020 13:49",
            "open": "10.82931",
            "high": "10.82931",
            "low": "10.82931",
            "close": "10.84921"
        },
        {
            "time": "20.12.2020 13:50",
            "open": "10.84921",
            "high": "10.85523",
            "low": "10.84",
            "close": "10.83353"
        },
        {
            "time": "20.12.2020 13:52",
            "open": "10.83353",
            "high": "10.83364",
            "low": "10.83353",
            "close": "10.83495"
        },
        {
            "time": "20.12.2020 13:53",
            "open": "10.83495",
            "high": "10.83528",
            "low": "10.83371",
            "close": "10.85101"
        },
        {
            "time": "20.12.2020 13:54",
            "open": "10.85101",
            "high": "10.85101",
            "low": "10.8498",
            "close": "10.85206"
        },
        {
            "time": "20.12.2020 13:55",
            "open": "10.85206",
            "high": "10.85206",
            "low": "10.85206",
            "close": "10.84399"
        },
        {
            "time": "20.12.2020 13:58",
            "open": "10.84399",
            "high": "10.84399",
            "low": "10.84398",
            "close": "10.85295"
        },
        {
            "time": "20.12.2020 13:59",
            "open": "10.85295",
            "high": "10.85295",
            "low": "10.85295",
            "close": "10.84802"
        },
        {
            "time": "20.12.2020 14:00",
            "open": "10.84802",
            "high": "10.84802",
            "low": "10.84802",
            "close": "10.87604"
        },
        {
            "time": "20.12.2020 14:02",
            "open": "10.87604",
            "high": "10.87668",
            "low": "10.87604",
            "close": "10.87858"
        },
        {
            "time": "20.12.2020 14:03",
            "open": "10.87858",
            "high": "10.88906",
            "low": "10.87574",
            "close": "10.87428"
        },
        {
            "time": "20.12.2020 14:04",
            "open": "10.87428",
            "high": "10.87428",
            "low": "10.87428",
            "close": "10.87403"
        },
        {
            "time": "20.12.2020 14:05",
            "open": "10.87403",
            "high": "10.87403",
            "low": "10.87403",
            "close": "10.86246"
        },
        {
            "time": "20.12.2020 14:07",
            "open": "10.8423",
            "high": "10.8423",
            "low": "10.8423",
            "close": "10.84969"
        },
        {
            "time": "20.12.2020 14:08",
            "open": "10.84969",
            "high": "10.84969",
            "low": "10.81418",
            "close": "10.83902"
        },
        {
            "time": "20.12.2020 14:09",
            "open": "10.83902",
            "high": "10.83907",
            "low": "10.83836",
            "close": "10.8522"
        },
        {
            "time": "20.12.2020 14:10",
            "open": "10.8522",
            "high": "10.8522",
            "low": "10.8522",
            "close": "10.82171"
        },
        {
            "time": "20.12.2020 14:11",
            "open": "10.82171",
            "high": "10.82171",
            "low": "10.82171",
            "close": "10.81696"
        },
        {
            "time": "20.12.2020 14:12",
            "open": "10.81696",
            "high": "10.81696",
            "low": "10.81579",
            "close": "10.79985"
        },
        {
            "time": "20.12.2020 14:13",
            "open": "10.79985",
            "high": "10.79985",
            "low": "10.78842",
            "close": "10.78229"
        },
        {
            "time": "20.12.2020 14:14",
            "open": "10.78229",
            "high": "10.78229",
            "low": "10.77489",
            "close": "10.76769"
        },
        {
            "time": "20.12.2020 14:15",
            "open": "10.76769",
            "high": "10.76769",
            "low": "10.76",
            "close": "10.75201"
        },
        {
            "time": "20.12.2020 14:16",
            "open": "10.75201",
            "high": "10.75201",
            "low": "10.752",
            "close": "10.77755"
        },
        {
            "time": "20.12.2020 14:17",
            "open": "10.77755",
            "high": "10.78779",
            "low": "10.77755",
            "close": "10.81181"
        },
        {
            "time": "20.12.2020 14:18",
            "open": "10.81181",
            "high": "10.81743",
            "low": "10.81165",
            "close": "10.81956"
        },
        {
            "time": "20.12.2020 14:19",
            "open": "10.81956",
            "high": "10.83227",
            "low": "10.81947",
            "close": "10.80886"
        },
        {
            "time": "20.12.2020 14:20",
            "open": "10.80886",
            "high": "10.80886",
            "low": "10.80886",
            "close": "10.81345"
        },
        {
            "time": "20.12.2020 14:21",
            "open": "10.81345",
            "high": "10.81473",
            "low": "10.80783",
            "close": "10.80648"
        },
        {
            "time": "20.12.2020 14:22",
            "open": "10.80648",
            "high": "10.80648",
            "low": "10.80648",
            "close": "10.80509"
        },
        {
            "time": "20.12.2020 14:24",
            "open": "10.80509",
            "high": "10.82373",
            "low": "10.80508",
            "close": "10.84966"
        },
        {
            "time": "20.12.2020 14:25",
            "open": "10.84966",
            "high": "10.84967",
            "low": "10.84966",
            "close": "10.84966"
        },
        {
            "time": "20.12.2020 14:26",
            "open": "10.84966",
            "high": "10.84966",
            "low": "10.84966",
            "close": "10.83111"
        },
        {
            "time": "20.12.2020 14:27",
            "open": "10.83111",
            "high": "10.83111",
            "low": "10.83111",
            "close": "10.82621"
        },
        {
            "time": "20.12.2020 14:29",
            "open": "10.82621",
            "high": "10.8327",
            "low": "10.82621",
            "close": "10.83189"
        },
        {
            "time": "20.12.2020 14:34",
            "open": "10.8677",
            "high": "10.8677",
            "low": "10.8677",
            "close": "10.82733"
        },
        {
            "time": "20.12.2020 14:36",
            "open": "10.82733",
            "high": "10.82733",
            "low": "10.82732",
            "close": "10.84268"
        },
        {
            "time": "20.12.2020 14:37",
            "open": "10.84268",
            "high": "10.84545",
            "low": "10.84161",
            "close": "10.82916"
        },
        {
            "time": "20.12.2020 14:38",
            "open": "10.82916",
            "high": "10.83731",
            "low": "10.82916",
            "close": "10.81605"
        },
        {
            "time": "20.12.2020 14:40",
            "open": "10.81605",
            "high": "10.81605",
            "low": "10.81218",
            "close": "10.84446"
        },
        {
            "time": "20.12.2020 14:42",
            "open": "10.84446",
            "high": "10.84446",
            "low": "10.84446",
            "close": "10.84323"
        },
        {
            "time": "20.12.2020 14:46",
            "open": "10.84323",
            "high": "10.84323",
            "low": "10.84323",
            "close": "10.8587"
        },
        {
            "time": "20.12.2020 14:47",
            "open": "10.8587",
            "high": "10.86002",
            "low": "10.8587",
            "close": "10.86706"
        },
        {
            "time": "20.12.2020 14:48",
            "open": "10.86706",
            "high": "10.86706",
            "low": "10.84937",
            "close": "10.83986"
        },
        {
            "time": "20.12.2020 14:50",
            "open": "10.83986",
            "high": "10.83986",
            "low": "10.83986",
            "close": "10.86203"
        },
        {
            "time": "20.12.2020 14:53",
            "open": "10.86203",
            "high": "10.89274",
            "low": "10.86203",
            "close": "10.86757"
        },
        {
            "time": "20.12.2020 14:54",
            "open": "10.86757",
            "high": "10.87899",
            "low": "10.86757",
            "close": "10.87926"
        },
        {
            "time": "20.12.2020 14:55",
            "open": "10.87926",
            "high": "10.87926",
            "low": "10.87604",
            "close": "10.89389"
        },
        {
            "time": "20.12.2020 14:56",
            "open": "10.89389",
            "high": "10.89389",
            "low": "10.87989",
            "close": "10.87869"
        },
        {
            "time": "20.12.2020 14:57",
            "open": "10.87869",
            "high": "10.87869",
            "low": "10.87869",
            "close": "10.8857"
        },
        {
            "time": "20.12.2020 14:58",
            "open": "10.8857",
            "high": "10.8857",
            "low": "10.8857",
            "close": "10.87079"
        },
        {
            "time": "20.12.2020 15:01",
            "open": "10.87079",
            "high": "10.87079",
            "low": "10.87079",
            "close": "10.87353"
        },
        {
            "time": "20.12.2020 15:02",
            "open": "10.87353",
            "high": "10.87353",
            "low": "10.87353",
            "close": "10.8735"
        },
        {
            "time": "20.12.2020 15:09",
            "open": "10.8735",
            "high": "10.8857",
            "low": "10.8735",
            "close": "10.88444"
        },
        {
            "time": "20.12.2020 15:10",
            "open": "10.88444",
            "high": "10.88445",
            "low": "10.88444",
            "close": "10.88236"
        },
        {
            "time": "20.12.2020 15:11",
            "open": "10.88236",
            "high": "10.88236",
            "low": "10.87776",
            "close": "10.88466"
        },
        {
            "time": "20.12.2020 15:12",
            "open": "10.88466",
            "high": "10.89164",
            "low": "10.88466",
            "close": "10.91232"
        },
        {
            "time": "20.12.2020 15:14",
            "open": "10.91232",
            "high": "10.91232",
            "low": "10.90845",
            "close": "10.91059"
        },
        {
            "time": "20.12.2020 15:15",
            "open": "10.91059",
            "high": "10.92364",
            "low": "10.91059",
            "close": "10.92363"
        },
        {
            "time": "20.12.2020 15:16",
            "open": "10.92363",
            "high": "10.94425",
            "low": "10.92363",
            "close": "10.95197"
        },
        {
            "time": "20.12.2020 15:17",
            "open": "10.95197",
            "high": "10.95197",
            "low": "10.95196",
            "close": "10.96242"
        },
        {
            "time": "20.12.2020 15:18",
            "open": "10.96242",
            "high": "10.96242",
            "low": "10.9477",
            "close": "10.95741"
        },
        {
            "time": "20.12.2020 15:20",
            "open": "10.95741",
            "high": "10.95741",
            "low": "10.94953",
            "close": "10.98057"
        },
        {
            "time": "20.12.2020 15:24",
            "open": "10.98057",
            "high": "10.98469",
            "low": "10.98057",
            "close": "11.00662"
        },
        {
            "time": "20.12.2020 15:27",
            "open": "11.00662",
            "high": "11.00662",
            "low": "11.00129",
            "close": "11.00129"
        },
        {
            "time": "20.12.2020 15:28",
            "open": "11.00129",
            "high": "11.00129",
            "low": "10.97844",
            "close": "10.96826"
        },
        {
            "time": "20.12.2020 15:30",
            "open": "10.96826",
            "high": "10.96826",
            "low": "10.96826",
            "close": "10.9712"
        },
        {
            "time": "20.12.2020 15:32",
            "open": "10.9712",
            "high": "10.9712",
            "low": "10.95991",
            "close": "10.98581"
        },
        {
            "time": "20.12.2020 15:33",
            "open": "10.98581",
            "high": "10.98581",
            "low": "10.98246",
            "close": "10.97292"
        },
        {
            "time": "20.12.2020 15:34",
            "open": "10.97292",
            "high": "10.97292",
            "low": "10.97292",
            "close": "11"
        },
        {
            "time": "20.12.2020 15:36",
            "open": "11",
            "high": "11",
            "low": "10.99999",
            "close": "10.98783"
        },
        {
            "time": "20.12.2020 15:37",
            "open": "10.98783",
            "high": "11.00558",
            "low": "10.98783",
            "close": "10.98877"
        },
        {
            "time": "20.12.2020 15:38",
            "open": "10.98877",
            "high": "10.98877",
            "low": "10.98877",
            "close": "10.94973"
        },
        {
            "time": "20.12.2020 15:41",
            "open": "10.94973",
            "high": "10.94973",
            "low": "10.94973",
            "close": "10.96681"
        },
        {
            "time": "20.12.2020 15:45",
            "open": "10.96681",
            "high": "10.96681",
            "low": "10.96681",
            "close": "10.96664"
        },
        {
            "time": "20.12.2020 15:49",
            "open": "10.96664",
            "high": "10.96664",
            "low": "10.96664",
            "close": "10.96874"
        },
        {
            "time": "20.12.2020 15:50",
            "open": "10.96874",
            "high": "10.97094",
            "low": "10.96874",
            "close": "10.97616"
        },
        {
            "time": "20.12.2020 15:51",
            "open": "10.97616",
            "high": "10.98651",
            "low": "10.97616",
            "close": "10.98384"
        },
        {
            "time": "20.12.2020 15:52",
            "open": "10.98384",
            "high": "10.98384",
            "low": "10.98384",
            "close": "10.99033"
        },
        {
            "time": "20.12.2020 15:53",
            "open": "10.99033",
            "high": "10.99033",
            "low": "10.98425",
            "close": "10.98057"
        },
        {
            "time": "20.12.2020 15:54",
            "open": "10.98057",
            "high": "10.98201",
            "low": "10.98057",
            "close": "10.99152"
        },
        {
            "time": "20.12.2020 15:55",
            "open": "10.99152",
            "high": "11.00871",
            "low": "10.99152",
            "close": "10.99757"
        },
        {
            "time": "20.12.2020 15:57",
            "open": "10.99757",
            "high": "10.99757",
            "low": "10.99757",
            "close": "11.00575"
        },
        {
            "time": "20.12.2020 15:58",
            "open": "11.00575",
            "high": "11.00575",
            "low": "11.0009",
            "close": "10.98058"
        },
        {
            "time": "20.12.2020 16:00",
            "open": "10.98058",
            "high": "10.98445",
            "low": "10.97994",
            "close": "10.98482"
        },
        {
            "time": "20.12.2020 16:01",
            "open": "10.98482",
            "high": "10.99785",
            "low": "10.98482",
            "close": "11.0024"
        },
        {
            "time": "20.12.2020 16:02",
            "open": "11.0024",
            "high": "11.0024",
            "low": "11.0024",
            "close": "11.01984"
        },
        {
            "time": "20.12.2020 16:03",
            "open": "11.01984",
            "high": "11.01984",
            "low": "11.01984",
            "close": "11.01984"
        },
        {
            "time": "20.12.2020 16:04",
            "open": "11.01984",
            "high": "11.02336",
            "low": "11.01984",
            "close": "11.02567"
        },
        {
            "time": "20.12.2020 16:05",
            "open": "11.02567",
            "high": "11.02567",
            "low": "11.02567",
            "close": "11.03852"
        },
        {
            "time": "20.12.2020 16:06",
            "open": "11.03852",
            "high": "11.06",
            "low": "11.03852",
            "close": "11.05421"
        },
        {
            "time": "20.12.2020 16:08",
            "open": "11.05421",
            "high": "11.05421",
            "low": "11.05421",
            "close": "11.07606"
        },
        {
            "time": "20.12.2020 16:13",
            "open": "11.07606",
            "high": "11.07606",
            "low": "11.07606",
            "close": "11.06507"
        },
        {
            "time": "20.12.2020 16:14",
            "open": "11.06507",
            "high": "11.06507",
            "low": "11.06507",
            "close": "11.0886"
        },
        {
            "time": "20.12.2020 16:15",
            "open": "11.0886",
            "high": "11.0967",
            "low": "11.0886",
            "close": "11.1"
        },
        {
            "time": "20.12.2020 16:16",
            "open": "11.1",
            "high": "11.1",
            "low": "11.08093",
            "close": "11.07987"
        },
        {
            "time": "20.12.2020 16:19",
            "open": "11.07987",
            "high": "11.07987",
            "low": "11.0718",
            "close": "11.06391"
        },
        {
            "time": "20.12.2020 16:20",
            "open": "11.06391",
            "high": "11.06391",
            "low": "11.06391",
            "close": "11.07105"
        },
        {
            "time": "20.12.2020 16:21",
            "open": "11.07105",
            "high": "11.07105",
            "low": "11.06875",
            "close": "11.06773"
        },
        {
            "time": "20.12.2020 16:22",
            "open": "11.06773",
            "high": "11.07179",
            "low": "11.06772",
            "close": "11.07439"
        },
        {
            "time": "20.12.2020 16:25",
            "open": "11.07439",
            "high": "11.07439",
            "low": "11.07439",
            "close": "11.08122"
        },
        {
            "time": "20.12.2020 16:26",
            "open": "11.08122",
            "high": "11.08122",
            "low": "11.08122",
            "close": "11.0829"
        },
        {
            "time": "20.12.2020 16:27",
            "open": "11.0829",
            "high": "11.0829",
            "low": "11.0829",
            "close": "11.07625"
        },
        {
            "time": "20.12.2020 16:28",
            "open": "11.07625",
            "high": "11.07625",
            "low": "11.07625",
            "close": "11.06539"
        },
        {
            "time": "20.12.2020 16:29",
            "open": "11.06539",
            "high": "11.06539",
            "low": "11.06539",
            "close": "11.07898"
        },
        {
            "time": "20.12.2020 16:30",
            "open": "11.07898",
            "high": "11.07898",
            "low": "11.07331",
            "close": "11.07306"
        },
        {
            "time": "20.12.2020 16:31",
            "open": "11.07306",
            "high": "11.08632",
            "low": "11.07306",
            "close": "11.06484"
        },
        {
            "time": "20.12.2020 16:32",
            "open": "11.06484",
            "high": "11.07383",
            "low": "11.05901",
            "close": "11.0763"
        },
        {
            "time": "20.12.2020 16:33",
            "open": "11.0763",
            "high": "11.08684",
            "low": "11.0763",
            "close": "11.06315"
        },
        {
            "time": "20.12.2020 16:34",
            "open": "11.06315",
            "high": "11.06315",
            "low": "11.06315",
            "close": "11.05995"
        },
        {
            "time": "20.12.2020 16:35",
            "open": "11.05995",
            "high": "11.06846",
            "low": "11.05995",
            "close": "11.06087"
        },
        {
            "time": "20.12.2020 16:36",
            "open": "11.06087",
            "high": "11.06785",
            "low": "11.06087",
            "close": "11.04017"
        },
        {
            "time": "20.12.2020 16:39",
            "open": "11.04017",
            "high": "11.04017",
            "low": "11.04017",
            "close": "11.04008"
        },
        {
            "time": "20.12.2020 16:42",
            "open": "11.04008",
            "high": "11.04008",
            "low": "11.04007",
            "close": "11.04316"
        },
        {
            "time": "20.12.2020 16:43",
            "open": "11.04316",
            "high": "11.04316",
            "low": "11.0352",
            "close": "11.03265"
        },
        {
            "time": "20.12.2020 16:44",
            "open": "11.03265",
            "high": "11.03563",
            "low": "11.03265",
            "close": "11.02262"
        },
        {
            "time": "20.12.2020 16:45",
            "open": "11.02262",
            "high": "11.02262",
            "low": "11.02262",
            "close": "11.02263"
        },
        {
            "time": "20.12.2020 16:46",
            "open": "11.02263",
            "high": "11.02263",
            "low": "11.02263",
            "close": "11.04965"
        },
        {
            "time": "20.12.2020 16:49",
            "open": "11.04965",
            "high": "11.05289",
            "low": "11.04965",
            "close": "11.02214"
        },
        {
            "time": "20.12.2020 16:52",
            "open": "11.02214",
            "high": "11.02214",
            "low": "11.02214",
            "close": "11.01696"
        },
        {
            "time": "20.12.2020 16:54",
            "open": "11.01696",
            "high": "11.02663",
            "low": "11.01019",
            "close": "11.02672"
        },
        {
            "time": "20.12.2020 16:55",
            "open": "11.02672",
            "high": "11.02672",
            "low": "11.02672",
            "close": "11.03344"
        },
        {
            "time": "20.12.2020 16:56",
            "open": "11.03344",
            "high": "11.03344",
            "low": "11.03344",
            "close": "11.04745"
        },
        {
            "time": "20.12.2020 17:01",
            "open": "11.04745",
            "high": "11.04745",
            "low": "11.00825",
            "close": "11"
        },
        {
            "time": "20.12.2020 17:04",
            "open": "11",
            "high": "11.00565",
            "low": "11",
            "close": "11.00565"
        },
        {
            "time": "20.12.2020 17:05",
            "open": "11.00565",
            "high": "11.02257",
            "low": "11.00243",
            "close": "11.02116"
        },
        {
            "time": "20.12.2020 17:07",
            "open": "11.02116",
            "high": "11.02116",
            "low": "11.02116",
            "close": "11.02119"
        },
        {
            "time": "20.12.2020 17:08",
            "open": "11.02119",
            "high": "11.02119",
            "low": "11.02119",
            "close": "11.03717"
        },
        {
            "time": "20.12.2020 17:09",
            "open": "11.03717",
            "high": "11.03717",
            "low": "11.03717",
            "close": "11.03717"
        },
        {
            "time": "20.12.2020 17:10",
            "open": "11.03717",
            "high": "11.03717",
            "low": "11.03717",
            "close": "11.0504"
        },
        {
            "time": "20.12.2020 17:11",
            "open": "11.0504",
            "high": "11.0504",
            "low": "11.03779",
            "close": "11.02691"
        },
        {
            "time": "20.12.2020 17:13",
            "open": "11.02691",
            "high": "11.02692",
            "low": "11.01578",
            "close": "11.03408"
        },
        {
            "time": "20.12.2020 17:15",
            "open": "11.03408",
            "high": "11.03408",
            "low": "11.0241",
            "close": "11.01225"
        },
        {
            "time": "20.12.2020 17:16",
            "open": "11.01225",
            "high": "11.01225",
            "low": "11.01225",
            "close": "11"
        },
        {
            "time": "20.12.2020 17:19",
            "open": "11",
            "high": "11",
            "low": "10.99524",
            "close": "11.0048"
        },
        {
            "time": "20.12.2020 17:21",
            "open": "11.0048",
            "high": "11.0048",
            "low": "11.0048",
            "close": "11.00001"
        },
        {
            "time": "20.12.2020 17:22",
            "open": "11.00001",
            "high": "11.00983",
            "low": "11",
            "close": "11.00349"
        },
        {
            "time": "20.12.2020 17:23",
            "open": "11.00349",
            "high": "11.00431",
            "low": "11",
            "close": "11"
        },
        {
            "time": "20.12.2020 17:24",
            "open": "11",
            "high": "11.00089",
            "low": "10.9985",
            "close": "11.00348"
        },
        {
            "time": "20.12.2020 17:25",
            "open": "11.00348",
            "high": "11.00348",
            "low": "11.00009",
            "close": "11.00234"
        },
        {
            "time": "20.12.2020 17:26",
            "open": "11.00234",
            "high": "11.00234",
            "low": "10.99854",
            "close": "10.99793"
        },
        {
            "time": "20.12.2020 17:27",
            "open": "10.99793",
            "high": "10.99793",
            "low": "10.99768",
            "close": "10.99075"
        },
        {
            "time": "20.12.2020 17:28",
            "open": "10.99075",
            "high": "10.99075",
            "low": "10.99075",
            "close": "11.00128"
        },
        {
            "time": "20.12.2020 17:29",
            "open": "11.00128",
            "high": "11.00327",
            "low": "11.00128",
            "close": "11.023"
        },
        {
            "time": "20.12.2020 17:30",
            "open": "11.023",
            "high": "11.03044",
            "low": "11.023",
            "close": "11.1"
        },
        {
            "time": "20.12.2020 17:33",
            "open": "11.1",
            "high": "11.1",
            "low": "11.08579",
            "close": "11.09455"
        },
        {
            "time": "20.12.2020 17:34",
            "open": "11.09455",
            "high": "11.10479",
            "low": "11.09205",
            "close": "11.10222"
        },
        {
            "time": "20.12.2020 17:35",
            "open": "11.10222",
            "high": "11.10222",
            "low": "11.09463",
            "close": "11.0732"
        },
        {
            "time": "20.12.2020 17:36",
            "open": "11.0732",
            "high": "11.07331",
            "low": "11.07319",
            "close": "11.04422"
        },
        {
            "time": "20.12.2020 17:37",
            "open": "11.04422",
            "high": "11.04422",
            "low": "11.04422",
            "close": "11.02664"
        },
        {
            "time": "20.12.2020 17:38",
            "open": "11.02664",
            "high": "11.02665",
            "low": "11.02663",
            "close": "11.01011"
        },
        {
            "time": "20.12.2020 17:39",
            "open": "11.01011",
            "high": "11.01011",
            "low": "11.01011",
            "close": "11.03286"
        },
        {
            "time": "20.12.2020 17:41",
            "open": "11.03286",
            "high": "11.03286",
            "low": "11.03286",
            "close": "11.0428"
        },
        {
            "time": "20.12.2020 17:43",
            "open": "11.0428",
            "high": "11.0428",
            "low": "11.03194",
            "close": "11.03657"
        },
        {
            "time": "20.12.2020 17:45",
            "open": "11.03657",
            "high": "11.03657",
            "low": "11.03657",
            "close": "11.03657"
        },
        {
            "time": "20.12.2020 17:46",
            "open": "11.03657",
            "high": "11.0428",
            "low": "11.03657",
            "close": "11.05223"
        },
        {
            "time": "20.12.2020 17:47",
            "open": "11.05223",
            "high": "11.05229",
            "low": "11.04103",
            "close": "11.06128"
        },
        {
            "time": "20.12.2020 17:48",
            "open": "11.06128",
            "high": "11.06275",
            "low": "11.05025",
            "close": "11.05841"
        },
        {
            "time": "20.12.2020 17:49",
            "open": "11.05841",
            "high": "11.05841",
            "low": "11.05841",
            "close": "11.06685"
        },
        {
            "time": "20.12.2020 17:50",
            "open": "11.06685",
            "high": "11.07995",
            "low": "11.06685",
            "close": "11.1029"
        },
        {
            "time": "20.12.2020 17:52",
            "open": "11.1029",
            "high": "11.1029",
            "low": "11.10268",
            "close": "11.10267"
        },
        {
            "time": "20.12.2020 17:53",
            "open": "11.10267",
            "high": "11.10267",
            "low": "11.10267",
            "close": "11.11413"
        },
        {
            "time": "20.12.2020 17:54",
            "open": "11.11413",
            "high": "11.11535",
            "low": "11.11413",
            "close": "11.06978"
        },
        {
            "time": "20.12.2020 17:55",
            "open": "11.06978",
            "high": "11.06978",
            "low": "11.06978",
            "close": "11.10476"
        },
        {
            "time": "20.12.2020 17:57",
            "open": "11.10476",
            "high": "11.10476",
            "low": "11.10476",
            "close": "11.0781"
        },
        {
            "time": "20.12.2020 17:59",
            "open": "11.0781",
            "high": "11.0781",
            "low": "11.06143",
            "close": "11.06491"
        },
        {
            "time": "20.12.2020 18:00",
            "open": "11.06491",
            "high": "11.06491",
            "low": "11.05978",
            "close": "11.08279"
        },
        {
            "time": "20.12.2020 18:01",
            "open": "11.08279",
            "high": "11.08279",
            "low": "11.08279",
            "close": "11.08578"
        },
        {
            "time": "20.12.2020 18:02",
            "open": "11.08578",
            "high": "11.08578",
            "low": "11.08578",
            "close": "11.08737"
        },
        {
            "time": "20.12.2020 18:04",
            "open": "11.08737",
            "high": "11.0874",
            "low": "11.08737",
            "close": "11.0874"
        },
        {
            "time": "20.12.2020 18:05",
            "open": "11.0874",
            "high": "11.0874",
            "low": "11.0776",
            "close": "11.07268"
        },
        {
            "time": "20.12.2020 18:06",
            "open": "11.07268",
            "high": "11.07268",
            "low": "11.07268",
            "close": "11.07104"
        },
        {
            "time": "20.12.2020 18:07",
            "open": "11.07104",
            "high": "11.07104",
            "low": "11.07104",
            "close": "11.07635"
        },
        {
            "time": "20.12.2020 18:08",
            "open": "11.07635",
            "high": "11.07635",
            "low": "11.07487",
            "close": "11.06564"
        },
        {
            "time": "20.12.2020 18:09",
            "open": "11.06564",
            "high": "11.06564",
            "low": "11.06564",
            "close": "11.02418"
        },
        {
            "time": "20.12.2020 18:11",
            "open": "11.02418",
            "high": "11.02962",
            "low": "11.02297",
            "close": "11.04"
        },
        {
            "time": "20.12.2020 18:15",
            "open": "11.04",
            "high": "11.04",
            "low": "11.04",
            "close": "11.03494"
        },
        {
            "time": "20.12.2020 18:16",
            "open": "11.03494",
            "high": "11.03494",
            "low": "11.03494",
            "close": "11.03969"
        },
        {
            "time": "20.12.2020 18:18",
            "open": "11.03969",
            "high": "11.03969",
            "low": "11.02354",
            "close": "11.04155"
        },
        {
            "time": "20.12.2020 18:20",
            "open": "11.04155",
            "high": "11.04155",
            "low": "11.03747",
            "close": "11.03465"
        },
        {
            "time": "20.12.2020 18:22",
            "open": "11.03465",
            "high": "11.03465",
            "low": "11.03465",
            "close": "11.02525"
        },
        {
            "time": "20.12.2020 18:23",
            "open": "11.02525",
            "high": "11.02525",
            "low": "11.02525",
            "close": "11.04217"
        },
        {
            "time": "20.12.2020 18:24",
            "open": "11.04217",
            "high": "11.04217",
            "low": "11.04217",
            "close": "11.04212"
        },
        {
            "time": "20.12.2020 18:25",
            "open": "11.04212",
            "high": "11.04212",
            "low": "11.04212",
            "close": "11.03435"
        },
        {
            "time": "20.12.2020 18:27",
            "open": "11.03435",
            "high": "11.03435",
            "low": "11.03213",
            "close": "11.03337"
        },
        {
            "time": "20.12.2020 18:28",
            "open": "11.03337",
            "high": "11.03337",
            "low": "11.03337",
            "close": "11.02382"
        },
        {
            "time": "20.12.2020 18:29",
            "open": "11.02382",
            "high": "11.02382",
            "low": "11.02382",
            "close": "11.02435"
        },
        {
            "time": "20.12.2020 18:30",
            "open": "11.02435",
            "high": "11.02435",
            "low": "11.01361",
            "close": "11.01743"
        },
        {
            "time": "20.12.2020 18:31",
            "open": "11.01743",
            "high": "11.01743",
            "low": "11.01743",
            "close": "11.00856"
        },
        {
            "time": "20.12.2020 18:32",
            "open": "11.00856",
            "high": "11.00856",
            "low": "11.00856",
            "close": "11.01377"
        },
        {
            "time": "20.12.2020 18:34",
            "open": "11.01377",
            "high": "11.01377",
            "low": "11.01377",
            "close": "11.01547"
        },
        {
            "time": "20.12.2020 18:35",
            "open": "11.01547",
            "high": "11.01547",
            "low": "11.01547",
            "close": "11.01511"
        },
        {
            "time": "20.12.2020 18:36",
            "open": "11.01511",
            "high": "11.01511",
            "low": "11.01499",
            "close": "10.98441"
        },
        {
            "time": "20.12.2020 18:38",
            "open": "10.98441",
            "high": "10.98441",
            "low": "10.98441",
            "close": "10.98334"
        },
        {
            "time": "20.12.2020 18:39",
            "open": "10.98334",
            "high": "10.98928",
            "low": "10.98334",
            "close": "11"
        },
        {
            "time": "20.12.2020 18:40",
            "open": "11",
            "high": "11.00294",
            "low": "11",
            "close": "11.0103"
        },
        {
            "time": "20.12.2020 18:41",
            "open": "11.0103",
            "high": "11.0103",
            "low": "11.0103",
            "close": "11.01435"
        },
        {
            "time": "20.12.2020 18:42",
            "open": "11.01435",
            "high": "11.01975",
            "low": "11.01435",
            "close": "11.02048"
        },
        {
            "time": "20.12.2020 18:44",
            "open": "11.02048",
            "high": "11.02048",
            "low": "11.02048",
            "close": "11.02267"
        },
        {
            "time": "20.12.2020 18:50",
            "open": "11.02267",
            "high": "11.02267",
            "low": "11.02265",
            "close": "10.97973"
        },
        {
            "time": "20.12.2020 18:54",
            "open": "10.97973",
            "high": "10.97973",
            "low": "10.97973",
            "close": "10.99723"
        },
        {
            "time": "20.12.2020 18:55",
            "open": "10.99723",
            "high": "10.99723",
            "low": "10.99723",
            "close": "10.96583"
        },
        {
            "time": "20.12.2020 18:58",
            "open": "10.96583",
            "high": "10.96583",
            "low": "10.96583",
            "close": "10.97338"
        },
        {
            "time": "20.12.2020 19:00",
            "open": "10.97338",
            "high": "10.97338",
            "low": "10.97338",
            "close": "11.01407"
        },
        {
            "time": "20.12.2020 19:05",
            "open": "11.01407",
            "high": "11.01407",
            "low": "11.01407",
            "close": "11.0007"
        },
        {
            "time": "20.12.2020 19:07",
            "open": "11.0007",
            "high": "11.00225",
            "low": "11.0007",
            "close": "10.98148"
        },
        {
            "time": "20.12.2020 19:08",
            "open": "10.98148",
            "high": "10.98148",
            "low": "10.98148",
            "close": "10.97602"
        },
        {
            "time": "20.12.2020 19:10",
            "open": "10.97602",
            "high": "10.97633",
            "low": "10.97602",
            "close": "10.97962"
        },
        {
            "time": "20.12.2020 19:11",
            "open": "10.97962",
            "high": "10.97962",
            "low": "10.9796",
            "close": "10.97864"
        },
        {
            "time": "20.12.2020 19:14",
            "open": "10.97864",
            "high": "10.97864",
            "low": "10.97864",
            "close": "10.97509"
        },
        {
            "time": "20.12.2020 19:15",
            "open": "10.97509",
            "high": "10.9793",
            "low": "10.97427",
            "close": "10.98609"
        },
        {
            "time": "20.12.2020 19:16",
            "open": "10.98609",
            "high": "10.98609",
            "low": "10.98609",
            "close": "10.99298"
        },
        {
            "time": "20.12.2020 19:17",
            "open": "10.99298",
            "high": "10.99298",
            "low": "10.99128",
            "close": "10.97791"
        },
        {
            "time": "20.12.2020 19:19",
            "open": "10.97791",
            "high": "10.97791",
            "low": "10.97791",
            "close": "10.972"
        },
        {
            "time": "20.12.2020 19:20",
            "open": "10.972",
            "high": "10.972",
            "low": "10.972",
            "close": "10.95859"
        },
        {
            "time": "20.12.2020 19:22",
            "open": "10.95859",
            "high": "10.95859",
            "low": "10.95859",
            "close": "10.98438"
        },
        {
            "time": "20.12.2020 19:27",
            "open": "10.98438",
            "high": "10.98438",
            "low": "10.98438",
            "close": "10.98139"
        },
        {
            "time": "20.12.2020 19:30",
            "open": "10.98139",
            "high": "10.98139",
            "low": "10.98113",
            "close": "10.97213"
        },
        {
            "time": "20.12.2020 19:31",
            "open": "10.97213",
            "high": "10.97213",
            "low": "10.97111",
            "close": "10.9971"
        },
        {
            "time": "20.12.2020 19:33",
            "open": "10.9971",
            "high": "11.00566",
            "low": "10.9971",
            "close": "10.99082"
        },
        {
            "time": "20.12.2020 19:34",
            "open": "10.99082",
            "high": "11.0073",
            "low": "10.99",
            "close": "11.01552"
        },
        {
            "time": "20.12.2020 19:35",
            "open": "11.01552",
            "high": "11.01552",
            "low": "11.01552",
            "close": "11.02114"
        },
        {
            "time": "20.12.2020 19:36",
            "open": "11.02114",
            "high": "11.02114",
            "low": "11.02114",
            "close": "11.03529"
        },
        {
            "time": "20.12.2020 19:37",
            "open": "11.03529",
            "high": "11.03783",
            "low": "11.02561",
            "close": "11.02689"
        },
        {
            "time": "20.12.2020 19:41",
            "open": "11.02689",
            "high": "11.02689",
            "low": "11.02689",
            "close": "11.02528"
        },
        {
            "time": "20.12.2020 19:42",
            "open": "11.02528",
            "high": "11.03276",
            "low": "11.02528",
            "close": "11.02903"
        },
        {
            "time": "20.12.2020 19:43",
            "open": "11.02903",
            "high": "11.02903",
            "low": "11.02049",
            "close": "11.04122"
        },
        {
            "time": "20.12.2020 19:47",
            "open": "11.04122",
            "high": "11.04357",
            "low": "11.04122",
            "close": "11.04081"
        },
        {
            "time": "20.12.2020 19:48",
            "open": "11.04081",
            "high": "11.04081",
            "low": "11.04081",
            "close": "11.02083"
        },
        {
            "time": "20.12.2020 19:50",
            "open": "11.02083",
            "high": "11.03",
            "low": "11.02083",
            "close": "11.05723"
        },
        {
            "time": "20.12.2020 19:51",
            "open": "11.05723",
            "high": "11.05723",
            "low": "11.05723",
            "close": "11.05755"
        },
        {
            "time": "20.12.2020 19:52",
            "open": "11.05755",
            "high": "11.05755",
            "low": "11.05755",
            "close": "11.0505"
        },
        {
            "time": "20.12.2020 19:53",
            "open": "11.0505",
            "high": "11.0505",
            "low": "11.03465",
            "close": "11.04372"
        },
        {
            "time": "20.12.2020 19:54",
            "open": "11.04372",
            "high": "11.0445",
            "low": "11.04372",
            "close": "11.0219"
        },
        {
            "time": "20.12.2020 19:56",
            "open": "11.0219",
            "high": "11.02442",
            "low": "11.02189",
            "close": "11.03768"
        },
        {
            "time": "20.12.2020 19:57",
            "open": "11.03768",
            "high": "11.03768",
            "low": "11.03768",
            "close": "11.02596"
        },
        {
            "time": "20.12.2020 19:59",
            "open": "11.02596",
            "high": "11.03994",
            "low": "11.02596",
            "close": "11.04305"
        },
        {
            "time": "20.12.2020 20:00",
            "open": "11.04305",
            "high": "11.04305",
            "low": "11.04305",
            "close": "11.02906"
        },
        {
            "time": "20.12.2020 20:01",
            "open": "11.02906",
            "high": "11.02906",
            "low": "11.02056",
            "close": "11.01801"
        },
        {
            "time": "20.12.2020 20:02",
            "open": "11.01801",
            "high": "11.01801",
            "low": "10.99925",
            "close": "10.98924"
        },
        {
            "time": "20.12.2020 20:03",
            "open": "10.98924",
            "high": "10.98924",
            "low": "10.98884",
            "close": "10.98406"
        },
        {
            "time": "20.12.2020 20:04",
            "open": "10.98406",
            "high": "10.98431",
            "low": "10.98406",
            "close": "10.98339"
        },
        {
            "time": "20.12.2020 20:05",
            "open": "10.98339",
            "high": "10.9897",
            "low": "10.98339",
            "close": "10.99348"
        },
        {
            "time": "20.12.2020 20:06",
            "open": "10.99348",
            "high": "10.99348",
            "low": "10.99348",
            "close": "10.9838"
        },
        {
            "time": "20.12.2020 20:07",
            "open": "10.9838",
            "high": "10.9838",
            "low": "10.97879",
            "close": "10.99147"
        },
        {
            "time": "20.12.2020 20:08",
            "open": "10.99147",
            "high": "10.99147",
            "low": "10.99147",
            "close": "10.99239"
        },
        {
            "time": "20.12.2020 20:09",
            "open": "10.99239",
            "high": "10.99239",
            "low": "10.99239",
            "close": "10.98094"
        },
        {
            "time": "20.12.2020 20:10",
            "open": "10.98094",
            "high": "10.98094",
            "low": "10.98015",
            "close": "10.98599"
        },
        {
            "time": "20.12.2020 20:11",
            "open": "10.98599",
            "high": "10.99181",
            "low": "10.98599",
            "close": "10.99817"
        },
        {
            "time": "20.12.2020 20:13",
            "open": "10.99817",
            "high": "10.99817",
            "low": "10.99681",
            "close": "10.99623"
        },
        {
            "time": "20.12.2020 20:14",
            "open": "10.99623",
            "high": "10.99623",
            "low": "10.99002",
            "close": "10.98771"
        },
        {
            "time": "20.12.2020 20:15",
            "open": "10.98771",
            "high": "10.98771",
            "low": "10.98433",
            "close": "10.98224"
        },
        {
            "time": "20.12.2020 20:16",
            "open": "10.98224",
            "high": "10.98227",
            "low": "10.97435",
            "close": "10.96302"
        },
        {
            "time": "20.12.2020 20:17",
            "open": "10.96302",
            "high": "10.97294",
            "low": "10.9607",
            "close": "10.973"
        },
        {
            "time": "20.12.2020 20:19",
            "open": "10.973",
            "high": "10.973",
            "low": "10.973",
            "close": "10.96655"
        },
        {
            "time": "20.12.2020 20:20",
            "open": "10.96655",
            "high": "10.96655",
            "low": "10.96655",
            "close": "10.97536"
        },
        {
            "time": "20.12.2020 20:22",
            "open": "10.97536",
            "high": "10.97536",
            "low": "10.97536",
            "close": "10.96091"
        },
        {
            "time": "20.12.2020 20:23",
            "open": "10.96091",
            "high": "10.96091",
            "low": "10.96091",
            "close": "10.95193"
        },
        {
            "time": "20.12.2020 20:24",
            "open": "10.95193",
            "high": "10.96302",
            "low": "10.95193",
            "close": "10.97136"
        },
        {
            "time": "20.12.2020 20:25",
            "open": "10.97136",
            "high": "10.97541",
            "low": "10.97136",
            "close": "10.9632"
        },
        {
            "time": "20.12.2020 20:26",
            "open": "10.9632",
            "high": "10.9632",
            "low": "10.94921",
            "close": "10.94695"
        },
        {
            "time": "20.12.2020 20:27",
            "open": "10.94695",
            "high": "10.94695",
            "low": "10.94367",
            "close": "10.92725"
        },
        {
            "time": "20.12.2020 20:28",
            "open": "10.92725",
            "high": "10.93243",
            "low": "10.92725",
            "close": "10.94114"
        },
        {
            "time": "20.12.2020 20:29",
            "open": "10.94114",
            "high": "10.95387",
            "low": "10.94114",
            "close": "10.93262"
        },
        {
            "time": "20.12.2020 20:30",
            "open": "10.93262",
            "high": "10.93678",
            "low": "10.93262",
            "close": "10.95333"
        },
        {
            "time": "20.12.2020 20:31",
            "open": "10.95333",
            "high": "10.96427",
            "low": "10.95223",
            "close": "10.94382"
        },
        {
            "time": "20.12.2020 20:33",
            "open": "10.94382",
            "high": "10.94382",
            "low": "10.94382",
            "close": "10.93654"
        },
        {
            "time": "20.12.2020 20:34",
            "open": "10.93654",
            "high": "10.93654",
            "low": "10.93654",
            "close": "10.94627"
        },
        {
            "time": "20.12.2020 20:35",
            "open": "10.94627",
            "high": "10.94627",
            "low": "10.94627",
            "close": "10.93225"
        },
        {
            "time": "20.12.2020 20:37",
            "open": "10.93225",
            "high": "10.94838",
            "low": "10.93225",
            "close": "10.92316"
        },
        {
            "time": "20.12.2020 20:40",
            "open": "10.92316",
            "high": "10.92316",
            "low": "10.92316",
            "close": "10.93151"
        },
        {
            "time": "20.12.2020 20:41",
            "open": "10.93151",
            "high": "10.93151",
            "low": "10.9315",
            "close": "10.9418"
        },
        {
            "time": "20.12.2020 20:44",
            "open": "10.9418",
            "high": "10.9418",
            "low": "10.90189",
            "close": "10.9019"
        },
        {
            "time": "20.12.2020 20:45",
            "open": "10.9019",
            "high": "10.9019",
            "low": "10.89605",
            "close": "10.91558"
        },
        {
            "time": "20.12.2020 20:47",
            "open": "10.91558",
            "high": "10.91558",
            "low": "10.90555",
            "close": "10.91504"
        },
        {
            "time": "20.12.2020 20:50",
            "open": "10.91504",
            "high": "10.91504",
            "low": "10.91504",
            "close": "10.9178"
        },
        {
            "time": "20.12.2020 20:52",
            "open": "10.9178",
            "high": "10.92127",
            "low": "10.9178",
            "close": "10.89013"
        },
        {
            "time": "20.12.2020 20:54",
            "open": "10.89013",
            "high": "10.89096",
            "low": "10.88117",
            "close": "10.91514"
        },
        {
            "time": "20.12.2020 20:55",
            "open": "10.91514",
            "high": "10.91514",
            "low": "10.91514",
            "close": "10.91443"
        },
        {
            "time": "20.12.2020 20:57",
            "open": "10.91443",
            "high": "10.91443",
            "low": "10.91443",
            "close": "10.91498"
        },
        {
            "time": "20.12.2020 20:59",
            "open": "10.91498",
            "high": "10.91498",
            "low": "10.91498",
            "close": "10.92091"
        },
        {
            "time": "20.12.2020 21:00",
            "open": "10.92091",
            "high": "10.92091",
            "low": "10.92091",
            "close": "10.90418"
        },
        {
            "time": "20.12.2020 21:01",
            "open": "10.90418",
            "high": "10.90418",
            "low": "10.90418",
            "close": "10.91039"
        },
        {
            "time": "20.12.2020 21:02",
            "open": "10.91039",
            "high": "10.91039",
            "low": "10.91039",
            "close": "10.92403"
        },
        {
            "time": "20.12.2020 21:03",
            "open": "10.92403",
            "high": "10.92403",
            "low": "10.92403",
            "close": "10.91203"
        },
        {
            "time": "20.12.2020 21:04",
            "open": "10.91203",
            "high": "10.91203",
            "low": "10.91203",
            "close": "10.90158"
        },
        {
            "time": "20.12.2020 21:05",
            "open": "10.90158",
            "high": "10.93579",
            "low": "10.90158",
            "close": "10.94916"
        },
        {
            "time": "20.12.2020 21:06",
            "open": "10.94916",
            "high": "10.94916",
            "low": "10.94392",
            "close": "10.93358"
        },
        {
            "time": "20.12.2020 21:07",
            "open": "10.93358",
            "high": "10.93358",
            "low": "10.93358",
            "close": "10.93102"
        },
        {
            "time": "20.12.2020 21:08",
            "open": "10.93102",
            "high": "10.97102",
            "low": "10.93102",
            "close": "10.96682"
        },
        {
            "time": "20.12.2020 21:09",
            "open": "10.96682",
            "high": "10.96682",
            "low": "10.96681",
            "close": "10.96517"
        },
        {
            "time": "20.12.2020 21:10",
            "open": "10.96517",
            "high": "10.98279",
            "low": "10.96516",
            "close": "10.99227"
        },
        {
            "time": "20.12.2020 21:11",
            "open": "10.99227",
            "high": "11.00127",
            "low": "10.99227",
            "close": "10.99578"
        },
        {
            "time": "20.12.2020 21:12",
            "open": "10.99578",
            "high": "10.99578",
            "low": "10.98361",
            "close": "10.9601"
        },
        {
            "time": "20.12.2020 21:13",
            "open": "10.9601",
            "high": "10.96214",
            "low": "10.9601",
            "close": "10.96618"
        },
        {
            "time": "20.12.2020 21:15",
            "open": "10.96618",
            "high": "10.97121",
            "low": "10.96568",
            "close": "10.97585"
        },
        {
            "time": "20.12.2020 21:16",
            "open": "10.97585",
            "high": "10.99088",
            "low": "10.9727",
            "close": "10.98028"
        },
        {
            "time": "20.12.2020 21:17",
            "open": "10.98028",
            "high": "10.98028",
            "low": "10.98028",
            "close": "10.97749"
        },
        {
            "time": "20.12.2020 21:18",
            "open": "10.97749",
            "high": "10.97749",
            "low": "10.97685",
            "close": "10.97817"
        },
        {
            "time": "20.12.2020 21:19",
            "open": "10.97817",
            "high": "10.9806",
            "low": "10.97817",
            "close": "10.98167"
        },
        {
            "time": "20.12.2020 21:21",
            "open": "10.98167",
            "high": "10.98452",
            "low": "10.9772",
            "close": "10.97631"
        },
        {
            "time": "20.12.2020 21:22",
            "open": "10.97631",
            "high": "10.97836",
            "low": "10.97631",
            "close": "10.9858"
        },
        {
            "time": "20.12.2020 21:24",
            "open": "10.9858",
            "high": "10.98858",
            "low": "10.98034",
            "close": "10.9805"
        },
        {
            "time": "20.12.2020 21:26",
            "open": "10.9805",
            "high": "10.98183",
            "low": "10.9805",
            "close": "10.98489"
        },
        {
            "time": "20.12.2020 21:27",
            "open": "10.98489",
            "high": "10.98489",
            "low": "10.97779",
            "close": "10.98143"
        },
        {
            "time": "20.12.2020 21:29",
            "open": "10.98143",
            "high": "10.98143",
            "low": "10.98143",
            "close": "10.98774"
        },
        {
            "time": "20.12.2020 21:30",
            "open": "10.98774",
            "high": "11.00333",
            "low": "10.98773",
            "close": "11.00634"
        },
        {
            "time": "20.12.2020 21:31",
            "open": "11.00634",
            "high": "11.00634",
            "low": "11.00634",
            "close": "10.9819"
        },
        {
            "time": "20.12.2020 21:33",
            "open": "10.9819",
            "high": "10.9819",
            "low": "10.98188",
            "close": "11.00828"
        },
        {
            "time": "20.12.2020 21:34",
            "open": "11.00828",
            "high": "11.02101",
            "low": "11.00648",
            "close": "11.01694"
        },
        {
            "time": "20.12.2020 21:35",
            "open": "11.01694",
            "high": "11.023",
            "low": "11.01694",
            "close": "11.02242"
        },
        {
            "time": "20.12.2020 21:37",
            "open": "11.02242",
            "high": "11.02389",
            "low": "11.02242",
            "close": "11.03032"
        },
        {
            "time": "20.12.2020 21:38",
            "open": "11.03032",
            "high": "11.03527",
            "low": "11.03032",
            "close": "10.99143"
        },
        {
            "time": "20.12.2020 21:40",
            "open": "10.99143",
            "high": "10.99143",
            "low": "10.9889",
            "close": "10.99843"
        },
        {
            "time": "20.12.2020 21:41",
            "open": "10.99843",
            "high": "10.99844",
            "low": "10.99843",
            "close": "11.02665"
        },
        {
            "time": "20.12.2020 21:42",
            "open": "11.02665",
            "high": "11.02665",
            "low": "11.02665",
            "close": "11.03763"
        },
        {
            "time": "20.12.2020 21:43",
            "open": "11.03763",
            "high": "11.05509",
            "low": "11.03763",
            "close": "11.05406"
        },
        {
            "time": "20.12.2020 21:44",
            "open": "11.05406",
            "high": "11.05406",
            "low": "11.05406",
            "close": "11.03409"
        },
        {
            "time": "20.12.2020 21:47",
            "open": "11.03409",
            "high": "11.03409",
            "low": "11.03409",
            "close": "11.04174"
        },
        {
            "time": "20.12.2020 21:48",
            "open": "11.04174",
            "high": "11.04174",
            "low": "11.03739",
            "close": "11.04585"
        },
        {
            "time": "20.12.2020 21:49",
            "open": "11.04585",
            "high": "11.04585",
            "low": "11.04585",
            "close": "11.02629"
        },
        {
            "time": "20.12.2020 21:50",
            "open": "11.02629",
            "high": "11.05065",
            "low": "11.02629",
            "close": "11.03057"
        },
        {
            "time": "20.12.2020 21:52",
            "open": "11.03057",
            "high": "11.03057",
            "low": "11.03057",
            "close": "11.06564"
        },
        {
            "time": "20.12.2020 21:53",
            "open": "11.06564",
            "high": "11.06564",
            "low": "11.06564",
            "close": "11.06135"
        },
        {
            "time": "20.12.2020 21:54",
            "open": "11.06135",
            "high": "11.06564",
            "low": "11.06135",
            "close": "11.06564"
        },
        {
            "time": "20.12.2020 21:55",
            "open": "11.06564",
            "high": "11.06564",
            "low": "11.06564",
            "close": "11.08327"
        },
        {
            "time": "20.12.2020 21:57",
            "open": "11.08327",
            "high": "11.08327",
            "low": "11.0684",
            "close": "11.07463"
        },
        {
            "time": "20.12.2020 21:58",
            "open": "11.07463",
            "high": "11.07463",
            "low": "11.06423",
            "close": "11.06462"
        },
        {
            "time": "20.12.2020 21:59",
            "open": "11.06462",
            "high": "11.06462",
            "low": "11.05737",
            "close": "11.08098"
        },
        {
            "time": "20.12.2020 22:00",
            "open": "11.08098",
            "high": "11.08098",
            "low": "11.05664",
            "close": "11.06071"
        },
        {
            "time": "20.12.2020 22:02",
            "open": "11.06071",
            "high": "11.06071",
            "low": "11.06071",
            "close": "11.05382"
        },
        {
            "time": "20.12.2020 22:03",
            "open": "11.05382",
            "high": "11.05382",
            "low": "11.04807",
            "close": "11.06994"
        },
        {
            "time": "20.12.2020 22:04",
            "open": "11.06994",
            "high": "11.08531",
            "low": "11.06994",
            "close": "11.10557"
        },
        {
            "time": "20.12.2020 22:07",
            "open": "11.10557",
            "high": "11.10557",
            "low": "11.10557",
            "close": "11.11"
        },
        {
            "time": "20.12.2020 22:08",
            "open": "11.11",
            "high": "11.11322",
            "low": "11.10997",
            "close": "11.10024"
        },
        {
            "time": "20.12.2020 22:09",
            "open": "11.10024",
            "high": "11.10024",
            "low": "11.05995",
            "close": "11.06292"
        },
        {
            "time": "20.12.2020 22:10",
            "open": "11.06292",
            "high": "11.06292",
            "low": "11.0374",
            "close": "11"
        },
        {
            "time": "20.12.2020 22:11",
            "open": "11",
            "high": "11.01834",
            "low": "10.99171",
            "close": "11.01031"
        },
        {
            "time": "20.12.2020 22:12",
            "open": "11.01031",
            "high": "11.01031",
            "low": "10.96787",
            "close": "10.95946"
        },
        {
            "time": "20.12.2020 22:13",
            "open": "10.95946",
            "high": "10.95946",
            "low": "10.9455",
            "close": "10.92272"
        },
        {
            "time": "20.12.2020 22:14",
            "open": "10.92272",
            "high": "10.92552",
            "low": "10.92272",
            "close": "10.90656"
        },
        {
            "time": "20.12.2020 22:15",
            "open": "10.90656",
            "high": "10.90656",
            "low": "10.8903",
            "close": "10.89313"
        },
        {
            "time": "20.12.2020 22:16",
            "open": "10.89313",
            "high": "10.90879",
            "low": "10.89313",
            "close": "10.91332"
        },
        {
            "time": "20.12.2020 22:17",
            "open": "10.91332",
            "high": "10.91651",
            "low": "10.88508",
            "close": "10.89256"
        },
        {
            "time": "20.12.2020 22:18",
            "open": "10.89256",
            "high": "10.89256",
            "low": "10.88509",
            "close": "10.87529"
        },
        {
            "time": "20.12.2020 22:19",
            "open": "10.87529",
            "high": "10.87529",
            "low": "10.87162",
            "close": "10.88171"
        },
        {
            "time": "20.12.2020 22:21",
            "open": "10.88171",
            "high": "10.88171",
            "low": "10.88171",
            "close": "10.89274"
        },
        {
            "time": "20.12.2020 22:22",
            "open": "10.89274",
            "high": "10.89274",
            "low": "10.89274",
            "close": "10.88795"
        },
        {
            "time": "20.12.2020 22:23",
            "open": "10.88795",
            "high": "10.88795",
            "low": "10.88795",
            "close": "10.90234"
        },
        {
            "time": "20.12.2020 22:25",
            "open": "10.90234",
            "high": "10.90613",
            "low": "10.90234",
            "close": "10.88538"
        },
        {
            "time": "20.12.2020 22:26",
            "open": "10.88538",
            "high": "10.88538",
            "low": "10.88538",
            "close": "10.89504"
        },
        {
            "time": "20.12.2020 22:27",
            "open": "10.89504",
            "high": "10.90359",
            "low": "10.89504",
            "close": "10.90353"
        },
        {
            "time": "20.12.2020 22:28",
            "open": "10.90353",
            "high": "10.90668",
            "low": "10.90353",
            "close": "10.90516"
        },
        {
            "time": "20.12.2020 22:30",
            "open": "10.90516",
            "high": "10.90516",
            "low": "10.89894",
            "close": "10.90902"
        },
        {
            "time": "20.12.2020 22:31",
            "open": "10.90902",
            "high": "10.90902",
            "low": "10.90902",
            "close": "10.91426"
        },
        {
            "time": "20.12.2020 22:32",
            "open": "10.91426",
            "high": "10.91426",
            "low": "10.91426",
            "close": "10.90195"
        },
        {
            "time": "20.12.2020 22:34",
            "open": "10.90195",
            "high": "10.90195",
            "low": "10.90195",
            "close": "10.85002"
        },
        {
            "time": "20.12.2020 22:35",
            "open": "10.85002",
            "high": "10.87431",
            "low": "10.84356",
            "close": "10.86717"
        },
        {
            "time": "20.12.2020 22:36",
            "open": "10.86717",
            "high": "10.86717",
            "low": "10.80934",
            "close": "10.82083"
        },
        {
            "time": "20.12.2020 22:37",
            "open": "10.82083",
            "high": "10.82083",
            "low": "10.76769",
            "close": "10.78331"
        },
        {
            "time": "20.12.2020 22:38",
            "open": "10.78331",
            "high": "10.8264",
            "low": "10.77824",
            "close": "10.80107"
        },
        {
            "time": "20.12.2020 22:39",
            "open": "10.80107",
            "high": "10.80541",
            "low": "10.78993",
            "close": "10.78703"
        },
        {
            "time": "20.12.2020 22:40",
            "open": "10.78703",
            "high": "10.81731",
            "low": "10.78703",
            "close": "10.82597"
        },
        {
            "time": "20.12.2020 22:41",
            "open": "10.82597",
            "high": "10.84223",
            "low": "10.81946",
            "close": "10.81339"
        },
        {
            "time": "20.12.2020 22:42",
            "open": "10.81339",
            "high": "10.82636",
            "low": "10.81339",
            "close": "10.83116"
        },
        {
            "time": "20.12.2020 22:43",
            "open": "10.83116",
            "high": "10.846",
            "low": "10.83116",
            "close": "10.82376"
        },
        {
            "time": "20.12.2020 22:44",
            "open": "10.82376",
            "high": "10.82376",
            "low": "10.82376",
            "close": "10.81312"
        },
        {
            "time": "20.12.2020 22:45",
            "open": "10.81312",
            "high": "10.83721",
            "low": "10.81312",
            "close": "10.83449"
        },
        {
            "time": "20.12.2020 22:47",
            "open": "10.83449",
            "high": "10.83583",
            "low": "10.82904",
            "close": "10.82898"
        },
        {
            "time": "20.12.2020 22:49",
            "open": "10.82898",
            "high": "10.82898",
            "low": "10.82269",
            "close": "10.81353"
        },
        {
            "time": "20.12.2020 22:50",
            "open": "10.81353",
            "high": "10.81353",
            "low": "10.79533",
            "close": "10.80713"
        },
        {
            "time": "20.12.2020 22:51",
            "open": "10.80713",
            "high": "10.80715",
            "low": "10.80537",
            "close": "10.80893"
        },
        {
            "time": "20.12.2020 22:52",
            "open": "10.80893",
            "high": "10.80893",
            "low": "10.80893",
            "close": "10.8172"
        },
        {
            "time": "20.12.2020 22:53",
            "open": "10.8172",
            "high": "10.8172",
            "low": "10.81008",
            "close": "10.79775"
        },
        {
            "time": "20.12.2020 22:54",
            "open": "10.79775",
            "high": "10.80476",
            "low": "10.79534",
            "close": "10.81078"
        },
        {
            "time": "20.12.2020 22:55",
            "open": "10.81078",
            "high": "10.81078",
            "low": "10.79847",
            "close": "10.8158"
        },
        {
            "time": "20.12.2020 22:57",
            "open": "10.8158",
            "high": "10.82413",
            "low": "10.8158",
            "close": "10.79766"
        },
        {
            "time": "20.12.2020 22:58",
            "open": "10.79766",
            "high": "10.79766",
            "low": "10.79533",
            "close": "10.79533"
        },
        {
            "time": "20.12.2020 22:59",
            "open": "10.79533",
            "high": "10.79533",
            "low": "10.76",
            "close": "10.76"
        },
        {
            "time": "20.12.2020 23:00",
            "open": "10.76",
            "high": "10.76002",
            "low": "10.74",
            "close": "10.74"
        },
        {
            "time": "20.12.2020 23:01",
            "open": "10.74",
            "high": "10.74",
            "low": "10.61047",
            "close": "10.63213"
        },
        {
            "time": "20.12.2020 23:02",
            "open": "10.63213",
            "high": "10.63213",
            "low": "10.37002",
            "close": "10.40997"
        },
        {
            "time": "20.12.2020 23:03",
            "open": "10.40997",
            "high": "10.46661",
            "low": "10.35",
            "close": "10.45178"
        },
        {
            "time": "20.12.2020 23:04",
            "open": "10.45178",
            "high": "10.53941",
            "low": "10.45178",
            "close": "10.53844"
        },
        {
            "time": "20.12.2020 23:05",
            "open": "10.53844",
            "high": "10.59",
            "low": "10.50893",
            "close": "10.59"
        },
        {
            "time": "20.12.2020 23:06",
            "open": "10.59",
            "high": "10.62265",
            "low": "10.58938",
            "close": "10.5526"
        },
        {
            "time": "20.12.2020 23:07",
            "open": "10.5526",
            "high": "10.55485",
            "low": "10.53398",
            "close": "10.53721"
        },
        {
            "time": "20.12.2020 23:08",
            "open": "10.53721",
            "high": "10.53721",
            "low": "10.53721",
            "close": "10.53456"
        },
        {
            "time": "20.12.2020 23:09",
            "open": "10.53456",
            "high": "10.53456",
            "low": "10.5",
            "close": "10.47962"
        },
        {
            "time": "20.12.2020 23:10",
            "open": "10.47962",
            "high": "10.47962",
            "low": "10.42216",
            "close": "10.44331"
        },
        {
            "time": "20.12.2020 23:11",
            "open": "10.44331",
            "high": "10.47903",
            "low": "10.44331",
            "close": "10.48304"
        },
        {
            "time": "20.12.2020 23:12",
            "open": "10.48304",
            "high": "10.50138",
            "low": "10.48304",
            "close": "10.58412"
        },
        {
            "time": "20.12.2020 23:14",
            "open": "10.58412",
            "high": "10.59161",
            "low": "10.56237",
            "close": "10.59151"
        },
        {
            "time": "20.12.2020 23:15",
            "open": "10.59151",
            "high": "10.59237",
            "low": "10.59151",
            "close": "10.59237"
        },
        {
            "time": "20.12.2020 23:17",
            "open": "10.59237",
            "high": "10.59237",
            "low": "10.59237",
            "close": "10.57636"
        },
        {
            "time": "20.12.2020 23:18",
            "open": "10.57636",
            "high": "10.57636",
            "low": "10.55512",
            "close": "10.56038"
        },
        {
            "time": "20.12.2020 23:19",
            "open": "10.56038",
            "high": "10.57324",
            "low": "10.56037",
            "close": "10.56904"
        },
        {
            "time": "20.12.2020 23:20",
            "open": "10.56904",
            "high": "10.56904",
            "low": "10.55159",
            "close": "10.58324"
        },
        {
            "time": "20.12.2020 23:22",
            "open": "10.58324",
            "high": "10.61595",
            "low": "10.55593",
            "close": "10.60033"
        },
        {
            "time": "20.12.2020 23:24",
            "open": "10.60033",
            "high": "10.63924",
            "low": "10.60033",
            "close": "10.60111"
        },
        {
            "time": "20.12.2020 23:25",
            "open": "10.60111",
            "high": "10.641",
            "low": "10.60111",
            "close": "10.63765"
        },
        {
            "time": "20.12.2020 23:26",
            "open": "10.63765",
            "high": "10.63765",
            "low": "10.63765",
            "close": "10.61464"
        },
        {
            "time": "20.12.2020 23:28",
            "open": "10.61464",
            "high": "10.62765",
            "low": "10.61464",
            "close": "10.61145"
        },
        {
            "time": "20.12.2020 23:29",
            "open": "10.61145",
            "high": "10.61145",
            "low": "10.61145",
            "close": "10.61249"
        },
        {
            "time": "20.12.2020 23:30",
            "open": "10.61249",
            "high": "10.61249",
            "low": "10.59694",
            "close": "10.61109"
        },
        {
            "time": "20.12.2020 23:31",
            "open": "10.61109",
            "high": "10.61109",
            "low": "10.61109",
            "close": "10.61248"
        },
        {
            "time": "20.12.2020 23:32",
            "open": "10.61248",
            "high": "10.63226",
            "low": "10.61248",
            "close": "10.58462"
        },
        {
            "time": "20.12.2020 23:35",
            "open": "10.58462",
            "high": "10.60267",
            "low": "10.57498",
            "close": "10.59398"
        },
        {
            "time": "20.12.2020 23:36",
            "open": "10.59398",
            "high": "10.60725",
            "low": "10.58141",
            "close": "10.5944"
        },
        {
            "time": "20.12.2020 23:37",
            "open": "10.5944",
            "high": "10.63198",
            "low": "10.5944",
            "close": "10.61895"
        },
        {
            "time": "20.12.2020 23:38",
            "open": "10.61895",
            "high": "10.63982",
            "low": "10.60881",
            "close": "10.63952"
        },
        {
            "time": "20.12.2020 23:39",
            "open": "10.63952",
            "high": "10.63952",
            "low": "10.63812",
            "close": "10.6112"
        },
        {
            "time": "20.12.2020 23:40",
            "open": "10.6112",
            "high": "10.64012",
            "low": "10.6112",
            "close": "10.6"
        },
        {
            "time": "20.12.2020 23:41",
            "open": "10.6",
            "high": "10.61162",
            "low": "10.59625",
            "close": "10.61563"
        },
        {
            "time": "20.12.2020 23:42",
            "open": "10.61563",
            "high": "10.62207",
            "low": "10.60544",
            "close": "10.62851"
        },
        {
            "time": "20.12.2020 23:43",
            "open": "10.62851",
            "high": "10.62852",
            "low": "10.62851",
            "close": "10.64999"
        },
        {
            "time": "20.12.2020 23:44",
            "open": "10.64999",
            "high": "10.65",
            "low": "10.64999",
            "close": "10.60848"
        },
        {
            "time": "20.12.2020 23:45",
            "open": "10.60848",
            "high": "10.60848",
            "low": "10.60391",
            "close": "10.61664"
        },
        {
            "time": "20.12.2020 23:46",
            "open": "10.61664",
            "high": "10.61665",
            "low": "10.59789",
            "close": "10.62986"
        },
        {
            "time": "20.12.2020 23:47",
            "open": "10.62986",
            "high": "10.62987",
            "low": "10.62986",
            "close": "10.62812"
        },
        {
            "time": "20.12.2020 23:48",
            "open": "10.62812",
            "high": "10.63075",
            "low": "10.615",
            "close": "10.62936"
        },
        {
            "time": "20.12.2020 23:49",
            "open": "10.62936",
            "high": "10.62936",
            "low": "10.61096",
            "close": "10.60792"
        },
        {
            "time": "20.12.2020 23:50",
            "open": "10.60792",
            "high": "10.60792",
            "low": "10.60792",
            "close": "10.62306"
        },
        {
            "time": "20.12.2020 23:51",
            "open": "10.62306",
            "high": "10.62645",
            "low": "10.6136",
            "close": "10.61226"
        },
        {
            "time": "20.12.2020 23:52",
            "open": "10.61226",
            "high": "10.61226",
            "low": "10.61226",
            "close": "10.6127"
        },
        {
            "time": "20.12.2020 23:53",
            "open": "10.6127",
            "high": "10.6127",
            "low": "10.61071",
            "close": "10.60967"
        },
        {
            "time": "20.12.2020 23:54",
            "open": "10.60967",
            "high": "10.61989",
            "low": "10.60967",
            "close": "10.61043"
        },
        {
            "time": "20.12.2020 23:55",
            "open": "10.61043",
            "high": "10.62128",
            "low": "10.61043",
            "close": "10.62557"
        },
        {
            "time": "20.12.2020 23:56",
            "open": "10.62557",
            "high": "10.6262",
            "low": "10.62389",
            "close": "10.61313"
        },
        {
            "time": "20.12.2020 23:57",
            "open": "10.61313",
            "high": "10.62574",
            "low": "10.61311",
            "close": "10.6213"
        },
        {
            "time": "20.12.2020 23:58",
            "open": "10.6213",
            "high": "10.62574",
            "low": "10.6213",
            "close": "10.6242"
        }
    ]
}