{
    "LINK-EUR": [
        {
            "time": "31.10.2020 23:58",
            "open": "9.66044",
            "high": "9.66044",
            "low": "9.66044",
            "close": "9.64654"
        },
        {
            "time": "01.11.2020 00:00",
            "open": "9.64654",
            "high": "9.64654",
            "low": "9.63582",
            "close": "9.64179"
        },
        {
            "time": "01.11.2020 00:01",
            "open": "9.64179",
            "high": "9.64179",
            "low": "9.64179",
            "close": "9.64763"
        },
        {
            "time": "01.11.2020 00:03",
            "open": "9.64763",
            "high": "9.64763",
            "low": "9.64763",
            "close": "9.62382"
        },
        {
            "time": "01.11.2020 00:04",
            "open": "9.62382",
            "high": "9.62382",
            "low": "9.62382",
            "close": "9.61314"
        },
        {
            "time": "01.11.2020 00:06",
            "open": "9.61314",
            "high": "9.61314",
            "low": "9.61313",
            "close": "9.62393"
        },
        {
            "time": "01.11.2020 00:07",
            "open": "9.62393",
            "high": "9.62397",
            "low": "9.62393",
            "close": "9.62647"
        },
        {
            "time": "01.11.2020 00:08",
            "open": "9.62647",
            "high": "9.62647",
            "low": "9.62647",
            "close": "9.63223"
        },
        {
            "time": "01.11.2020 00:09",
            "open": "9.63223",
            "high": "9.63223",
            "low": "9.61831",
            "close": "9.61043"
        },
        {
            "time": "01.11.2020 00:13",
            "open": "9.61043",
            "high": "9.61043",
            "low": "9.60999",
            "close": "9.60422"
        },
        {
            "time": "01.11.2020 00:14",
            "open": "9.60422",
            "high": "9.60422",
            "low": "9.60422",
            "close": "9.59773"
        },
        {
            "time": "01.11.2020 00:15",
            "open": "9.59773",
            "high": "9.59774",
            "low": "9.59773",
            "close": "9.61948"
        },
        {
            "time": "01.11.2020 00:19",
            "open": "9.61948",
            "high": "9.61948",
            "low": "9.61948",
            "close": "9.6128"
        },
        {
            "time": "01.11.2020 00:20",
            "open": "9.6128",
            "high": "9.61283",
            "low": "9.61279",
            "close": "9.62441"
        },
        {
            "time": "01.11.2020 00:23",
            "open": "9.62441",
            "high": "9.62441",
            "low": "9.62441",
            "close": "9.62812"
        },
        {
            "time": "01.11.2020 00:25",
            "open": "9.62812",
            "high": "9.62812",
            "low": "9.62811",
            "close": "9.64006"
        },
        {
            "time": "01.11.2020 00:27",
            "open": "9.64006",
            "high": "9.64006",
            "low": "9.63979",
            "close": "9.63773"
        },
        {
            "time": "01.11.2020 00:28",
            "open": "9.63773",
            "high": "9.63774",
            "low": "9.63773",
            "close": "9.63431"
        },
        {
            "time": "01.11.2020 00:29",
            "open": "9.63431",
            "high": "9.63432",
            "low": "9.63431",
            "close": "9.62156"
        },
        {
            "time": "01.11.2020 00:30",
            "open": "9.62156",
            "high": "9.64083",
            "low": "9.62095",
            "close": "9.63811"
        },
        {
            "time": "01.11.2020 00:32",
            "open": "9.63811",
            "high": "9.64101",
            "low": "9.63811",
            "close": "9.62477"
        },
        {
            "time": "01.11.2020 00:33",
            "open": "9.62477",
            "high": "9.62478",
            "low": "9.61562",
            "close": "9.62384"
        },
        {
            "time": "01.11.2020 00:34",
            "open": "9.62384",
            "high": "9.62384",
            "low": "9.62384",
            "close": "9.65021"
        },
        {
            "time": "01.11.2020 00:37",
            "open": "9.65021",
            "high": "9.65021",
            "low": "9.65021",
            "close": "9.63437"
        },
        {
            "time": "01.11.2020 00:38",
            "open": "9.63437",
            "high": "9.63437",
            "low": "9.63437",
            "close": "9.62795"
        },
        {
            "time": "01.11.2020 00:39",
            "open": "9.62795",
            "high": "9.64115",
            "low": "9.62795",
            "close": "9.66187"
        },
        {
            "time": "01.11.2020 00:48",
            "open": "9.66187",
            "high": "9.66187",
            "low": "9.66187",
            "close": "9.66631"
        },
        {
            "time": "01.11.2020 00:51",
            "open": "9.66631",
            "high": "9.6664",
            "low": "9.66631",
            "close": "9.65551"
        },
        {
            "time": "01.11.2020 00:53",
            "open": "9.65551",
            "high": "9.65551",
            "low": "9.65551",
            "close": "9.66787"
        },
        {
            "time": "01.11.2020 00:54",
            "open": "9.66787",
            "high": "9.66787",
            "low": "9.66787",
            "close": "9.65551"
        },
        {
            "time": "01.11.2020 00:56",
            "open": "9.65551",
            "high": "9.65551",
            "low": "9.65551",
            "close": "9.65806"
        },
        {
            "time": "01.11.2020 00:59",
            "open": "9.65806",
            "high": "9.65806",
            "low": "9.65372",
            "close": "9.608"
        },
        {
            "time": "01.11.2020 01:00",
            "open": "9.608",
            "high": "9.608",
            "low": "9.608",
            "close": "9.60801"
        },
        {
            "time": "01.11.2020 01:01",
            "open": "9.60801",
            "high": "9.60801",
            "low": "9.608",
            "close": "9.62994"
        },
        {
            "time": "01.11.2020 01:02",
            "open": "9.62994",
            "high": "9.63",
            "low": "9.62994",
            "close": "9.67371"
        },
        {
            "time": "01.11.2020 01:03",
            "open": "9.67371",
            "high": "9.67371",
            "low": "9.67371",
            "close": "9.685"
        },
        {
            "time": "01.11.2020 01:04",
            "open": "9.685",
            "high": "9.69215",
            "low": "9.685",
            "close": "9.68107"
        },
        {
            "time": "01.11.2020 01:05",
            "open": "9.68107",
            "high": "9.68107",
            "low": "9.68107",
            "close": "9.6942"
        },
        {
            "time": "01.11.2020 01:06",
            "open": "9.6942",
            "high": "9.6942",
            "low": "9.68761",
            "close": "9.6942"
        },
        {
            "time": "01.11.2020 01:07",
            "open": "9.6942",
            "high": "9.70167",
            "low": "9.6942",
            "close": "9.70627"
        },
        {
            "time": "01.11.2020 01:08",
            "open": "9.70627",
            "high": "9.70627",
            "low": "9.70051",
            "close": "9.70051"
        },
        {
            "time": "01.11.2020 01:13",
            "open": "9.70051",
            "high": "9.70051",
            "low": "9.70051",
            "close": "9.71099"
        },
        {
            "time": "01.11.2020 01:14",
            "open": "9.71099",
            "high": "9.71099",
            "low": "9.71098",
            "close": "9.70804"
        },
        {
            "time": "01.11.2020 01:15",
            "open": "9.70804",
            "high": "9.70804",
            "low": "9.70804",
            "close": "9.70485"
        },
        {
            "time": "01.11.2020 01:16",
            "open": "9.70485",
            "high": "9.70485",
            "low": "9.69468",
            "close": "9.71834"
        },
        {
            "time": "01.11.2020 01:20",
            "open": "9.71834",
            "high": "9.71834",
            "low": "9.71834",
            "close": "9.71289"
        },
        {
            "time": "01.11.2020 01:21",
            "open": "9.71289",
            "high": "9.71289",
            "low": "9.71286",
            "close": "9.75475"
        },
        {
            "time": "01.11.2020 01:26",
            "open": "9.75475",
            "high": "9.76",
            "low": "9.75213",
            "close": "9.75595"
        },
        {
            "time": "01.11.2020 01:28",
            "open": "9.75595",
            "high": "9.75596",
            "low": "9.75595",
            "close": "9.74158"
        },
        {
            "time": "01.11.2020 01:29",
            "open": "9.74158",
            "high": "9.74645",
            "low": "9.74158",
            "close": "9.72437"
        },
        {
            "time": "01.11.2020 01:33",
            "open": "9.72437",
            "high": "9.72437",
            "low": "9.71884",
            "close": "9.72314"
        },
        {
            "time": "01.11.2020 01:34",
            "open": "9.72314",
            "high": "9.72314",
            "low": "9.72211",
            "close": "9.70792"
        },
        {
            "time": "01.11.2020 01:35",
            "open": "9.70792",
            "high": "9.70793",
            "low": "9.69719",
            "close": "9.64799"
        },
        {
            "time": "01.11.2020 01:38",
            "open": "9.64799",
            "high": "9.66054",
            "low": "9.63615",
            "close": "9.63538"
        },
        {
            "time": "01.11.2020 01:39",
            "open": "9.63538",
            "high": "9.63539",
            "low": "9.63538",
            "close": "9.62935"
        },
        {
            "time": "01.11.2020 01:40",
            "open": "9.62935",
            "high": "9.62935",
            "low": "9.62935",
            "close": "9.67215"
        },
        {
            "time": "01.11.2020 01:46",
            "open": "9.67215",
            "high": "9.67217",
            "low": "9.67215",
            "close": "9.69129"
        },
        {
            "time": "01.11.2020 01:51",
            "open": "9.69129",
            "high": "9.69129",
            "low": "9.69129",
            "close": "9.69605"
        },
        {
            "time": "01.11.2020 01:54",
            "open": "9.69605",
            "high": "9.69606",
            "low": "9.66573",
            "close": "9.64818"
        },
        {
            "time": "01.11.2020 01:55",
            "open": "9.64818",
            "high": "9.64818",
            "low": "9.64818",
            "close": "9.66147"
        },
        {
            "time": "01.11.2020 01:59",
            "open": "9.66147",
            "high": "9.66147",
            "low": "9.66147",
            "close": "9.69423"
        },
        {
            "time": "01.11.2020 02:18",
            "open": "9.69423",
            "high": "9.69423",
            "low": "9.69423",
            "close": "9.70873"
        },
        {
            "time": "01.11.2020 02:20",
            "open": "9.70873",
            "high": "9.70874",
            "low": "9.70873",
            "close": "9.72051"
        },
        {
            "time": "01.11.2020 02:21",
            "open": "9.72051",
            "high": "9.72051",
            "low": "9.72051",
            "close": "9.73554"
        },
        {
            "time": "01.11.2020 02:22",
            "open": "9.73554",
            "high": "9.73554",
            "low": "9.73554",
            "close": "9.71212"
        },
        {
            "time": "01.11.2020 02:26",
            "open": "9.71212",
            "high": "9.71212",
            "low": "9.6988",
            "close": "9.7029"
        },
        {
            "time": "01.11.2020 02:30",
            "open": "9.7029",
            "high": "9.7029",
            "low": "9.7029",
            "close": "9.69361"
        },
        {
            "time": "01.11.2020 02:36",
            "open": "9.69361",
            "high": "9.69361",
            "low": "9.69361",
            "close": "9.66842"
        },
        {
            "time": "01.11.2020 02:47",
            "open": "9.66842",
            "high": "9.66842",
            "low": "9.66842",
            "close": "9.68332"
        },
        {
            "time": "01.11.2020 02:48",
            "open": "9.68332",
            "high": "9.68332",
            "low": "9.68332",
            "close": "9.688"
        },
        {
            "time": "01.11.2020 02:49",
            "open": "9.688",
            "high": "9.688",
            "low": "9.688",
            "close": "9.69247"
        },
        {
            "time": "01.11.2020 02:50",
            "open": "9.69247",
            "high": "9.69247",
            "low": "9.69247",
            "close": "9.7119"
        },
        {
            "time": "01.11.2020 02:51",
            "open": "9.7119",
            "high": "9.71192",
            "low": "9.7119",
            "close": "9.67002"
        },
        {
            "time": "01.11.2020 02:53",
            "open": "9.67002",
            "high": "9.67002",
            "low": "9.67",
            "close": "9.67"
        },
        {
            "time": "01.11.2020 02:54",
            "open": "9.67",
            "high": "9.67",
            "low": "9.67",
            "close": "9.70733"
        },
        {
            "time": "01.11.2020 03:04",
            "open": "9.70733",
            "high": "9.70733",
            "low": "9.70733",
            "close": "9.6968"
        },
        {
            "time": "01.11.2020 03:13",
            "open": "9.6968",
            "high": "9.6968",
            "low": "9.69495",
            "close": "9.68926"
        },
        {
            "time": "01.11.2020 03:28",
            "open": "9.68926",
            "high": "9.68926",
            "low": "9.68926",
            "close": "9.65411"
        },
        {
            "time": "01.11.2020 03:36",
            "open": "9.65411",
            "high": "9.65411",
            "low": "9.65411",
            "close": "9.66164"
        },
        {
            "time": "01.11.2020 03:52",
            "open": "9.66164",
            "high": "9.66428",
            "low": "9.66164",
            "close": "9.63424"
        },
        {
            "time": "01.11.2020 04:00",
            "open": "9.63424",
            "high": "9.63424",
            "low": "9.63424",
            "close": "9.62373"
        },
        {
            "time": "01.11.2020 04:01",
            "open": "9.62373",
            "high": "9.62373",
            "low": "9.62373",
            "close": "9.64342"
        },
        {
            "time": "01.11.2020 04:02",
            "open": "9.64342",
            "high": "9.64342",
            "low": "9.64342",
            "close": "9.66086"
        },
        {
            "time": "01.11.2020 04:18",
            "open": "9.66086",
            "high": "9.66086",
            "low": "9.66086",
            "close": "9.63711"
        },
        {
            "time": "01.11.2020 04:21",
            "open": "9.63711",
            "high": "9.63711",
            "low": "9.63711",
            "close": "9.62279"
        },
        {
            "time": "01.11.2020 04:25",
            "open": "9.62279",
            "high": "9.62279",
            "low": "9.62279",
            "close": "9.63657"
        },
        {
            "time": "01.11.2020 04:26",
            "open": "9.63657",
            "high": "9.63657",
            "low": "9.6282",
            "close": "9.6456"
        },
        {
            "time": "01.11.2020 04:28",
            "open": "9.6456",
            "high": "9.64561",
            "low": "9.6456",
            "close": "9.59331"
        },
        {
            "time": "01.11.2020 04:46",
            "open": "9.59331",
            "high": "9.59331",
            "low": "9.59331",
            "close": "9.5888"
        },
        {
            "time": "01.11.2020 04:47",
            "open": "9.5888",
            "high": "9.59036",
            "low": "9.5888",
            "close": "9.64334"
        },
        {
            "time": "01.11.2020 04:51",
            "open": "9.64334",
            "high": "9.64334",
            "low": "9.64334",
            "close": "9.67444"
        },
        {
            "time": "01.11.2020 04:52",
            "open": "9.67444",
            "high": "9.67444",
            "low": "9.66654",
            "close": "9.65115"
        },
        {
            "time": "01.11.2020 05:04",
            "open": "9.65115",
            "high": "9.65115",
            "low": "9.63452",
            "close": "9.61103"
        },
        {
            "time": "01.11.2020 05:05",
            "open": "9.61103",
            "high": "9.61103",
            "low": "9.61103",
            "close": "9.60637"
        },
        {
            "time": "01.11.2020 05:06",
            "open": "9.60637",
            "high": "9.60637",
            "low": "9.59217",
            "close": "9.58476"
        },
        {
            "time": "01.11.2020 05:15",
            "open": "9.58476",
            "high": "9.58476",
            "low": "9.58476",
            "close": "9.59001"
        },
        {
            "time": "01.11.2020 05:19",
            "open": "9.59001",
            "high": "9.59001",
            "low": "9.59001",
            "close": "9.60121"
        },
        {
            "time": "01.11.2020 05:23",
            "open": "9.60121",
            "high": "9.60121",
            "low": "9.60121",
            "close": "9.5974"
        },
        {
            "time": "01.11.2020 05:24",
            "open": "9.5974",
            "high": "9.5974",
            "low": "9.5974",
            "close": "9.60337"
        },
        {
            "time": "01.11.2020 05:25",
            "open": "9.60337",
            "high": "9.61228",
            "low": "9.60337",
            "close": "9.60474"
        },
        {
            "time": "01.11.2020 05:29",
            "open": "9.60474",
            "high": "9.60474",
            "low": "9.60474",
            "close": "9.59668"
        },
        {
            "time": "01.11.2020 05:40",
            "open": "9.59668",
            "high": "9.59668",
            "low": "9.59668",
            "close": "9.61959"
        },
        {
            "time": "01.11.2020 05:48",
            "open": "9.61959",
            "high": "9.61959",
            "low": "9.61959",
            "close": "9.58101"
        },
        {
            "time": "01.11.2020 06:03",
            "open": "9.58101",
            "high": "9.58101",
            "low": "9.58101",
            "close": "9.61781"
        },
        {
            "time": "01.11.2020 06:44",
            "open": "9.61781",
            "high": "9.61781",
            "low": "9.61781",
            "close": "9.58173"
        },
        {
            "time": "01.11.2020 06:58",
            "open": "9.58173",
            "high": "9.58173",
            "low": "9.58173",
            "close": "9.59824"
        },
        {
            "time": "01.11.2020 07:17",
            "open": "9.59824",
            "high": "9.59824",
            "low": "9.59824",
            "close": "9.61427"
        },
        {
            "time": "01.11.2020 07:32",
            "open": "9.61427",
            "high": "9.61427",
            "low": "9.61427",
            "close": "9.62"
        },
        {
            "time": "01.11.2020 07:37",
            "open": "9.62",
            "high": "9.62",
            "low": "9.62",
            "close": "9.62"
        },
        {
            "time": "01.11.2020 07:47",
            "open": "9.62",
            "high": "9.62",
            "low": "9.62",
            "close": "9.61942"
        },
        {
            "time": "01.11.2020 07:51",
            "open": "9.61942",
            "high": "9.61942",
            "low": "9.61565",
            "close": "9.60457"
        },
        {
            "time": "01.11.2020 07:57",
            "open": "9.60457",
            "high": "9.60457",
            "low": "9.60457",
            "close": "9.62985"
        },
        {
            "time": "01.11.2020 08:09",
            "open": "9.62985",
            "high": "9.62985",
            "low": "9.62985",
            "close": "9.62598"
        },
        {
            "time": "01.11.2020 08:17",
            "open": "9.62598",
            "high": "9.62599",
            "low": "9.62598",
            "close": "9.64034"
        },
        {
            "time": "01.11.2020 08:22",
            "open": "9.64034",
            "high": "9.64035",
            "low": "9.64034",
            "close": "9.63582"
        },
        {
            "time": "01.11.2020 08:24",
            "open": "9.63582",
            "high": "9.63583",
            "low": "9.62552",
            "close": "9.62143"
        },
        {
            "time": "01.11.2020 08:35",
            "open": "9.62143",
            "high": "9.62143",
            "low": "9.62143",
            "close": "9.62478"
        },
        {
            "time": "01.11.2020 08:40",
            "open": "9.62478",
            "high": "9.62478",
            "low": "9.62477",
            "close": "9.64138"
        },
        {
            "time": "01.11.2020 08:41",
            "open": "9.64138",
            "high": "9.64138",
            "low": "9.64138",
            "close": "9.66541"
        },
        {
            "time": "01.11.2020 08:49",
            "open": "9.66541",
            "high": "9.66541",
            "low": "9.66541",
            "close": "9.66539"
        },
        {
            "time": "01.11.2020 08:53",
            "open": "9.66539",
            "high": "9.66539",
            "low": "9.66539",
            "close": "9.6742"
        },
        {
            "time": "01.11.2020 09:04",
            "open": "9.6742",
            "high": "9.6742",
            "low": "9.6742",
            "close": "9.68252"
        },
        {
            "time": "01.11.2020 09:07",
            "open": "9.68252",
            "high": "9.68255",
            "low": "9.68252",
            "close": "9.67888"
        },
        {
            "time": "01.11.2020 09:08",
            "open": "9.67888",
            "high": "9.67888",
            "low": "9.67888",
            "close": "9.68042"
        },
        {
            "time": "01.11.2020 09:12",
            "open": "9.68042",
            "high": "9.68157",
            "low": "9.68042",
            "close": "9.67962"
        },
        {
            "time": "01.11.2020 09:13",
            "open": "9.67962",
            "high": "9.67962",
            "low": "9.67962",
            "close": "9.67272"
        },
        {
            "time": "01.11.2020 09:14",
            "open": "9.67272",
            "high": "9.67272",
            "low": "9.67272",
            "close": "9.65882"
        },
        {
            "time": "01.11.2020 09:15",
            "open": "9.65882",
            "high": "9.67244",
            "low": "9.65882",
            "close": "9.6644"
        },
        {
            "time": "01.11.2020 09:18",
            "open": "9.6644",
            "high": "9.6644",
            "low": "9.6644",
            "close": "9.68292"
        },
        {
            "time": "01.11.2020 09:20",
            "open": "9.68292",
            "high": "9.68292",
            "low": "9.68292",
            "close": "9.68151"
        },
        {
            "time": "01.11.2020 09:25",
            "open": "9.68151",
            "high": "9.68151",
            "low": "9.68123",
            "close": "9.6641"
        },
        {
            "time": "01.11.2020 09:26",
            "open": "9.6641",
            "high": "9.6641",
            "low": "9.6599",
            "close": "9.66167"
        },
        {
            "time": "01.11.2020 09:30",
            "open": "9.66167",
            "high": "9.66167",
            "low": "9.66167",
            "close": "9.64525"
        },
        {
            "time": "01.11.2020 09:38",
            "open": "9.64525",
            "high": "9.64525",
            "low": "9.64525",
            "close": "9.66769"
        },
        {
            "time": "01.11.2020 09:43",
            "open": "9.66769",
            "high": "9.66769",
            "low": "9.6572",
            "close": "9.64525"
        },
        {
            "time": "01.11.2020 09:50",
            "open": "9.64525",
            "high": "9.64525",
            "low": "9.64525",
            "close": "9.6394"
        },
        {
            "time": "01.11.2020 09:53",
            "open": "9.6394",
            "high": "9.6394",
            "low": "9.6394",
            "close": "9.64509"
        },
        {
            "time": "01.11.2020 10:02",
            "open": "9.64509",
            "high": "9.64537",
            "low": "9.64509",
            "close": "9.62474"
        },
        {
            "time": "01.11.2020 10:06",
            "open": "9.62474",
            "high": "9.62474",
            "low": "9.62474",
            "close": "9.60814"
        },
        {
            "time": "01.11.2020 10:08",
            "open": "9.60814",
            "high": "9.60814",
            "low": "9.60063",
            "close": "9.575"
        },
        {
            "time": "01.11.2020 10:09",
            "open": "9.575",
            "high": "9.575",
            "low": "9.56409",
            "close": "9.56679"
        },
        {
            "time": "01.11.2020 10:10",
            "open": "9.56679",
            "high": "9.56679",
            "low": "9.56679",
            "close": "9.5637"
        },
        {
            "time": "01.11.2020 10:14",
            "open": "9.5637",
            "high": "9.5637",
            "low": "9.5637",
            "close": "9.5702"
        },
        {
            "time": "01.11.2020 10:16",
            "open": "9.5702",
            "high": "9.57055",
            "low": "9.5702",
            "close": "9.55667"
        },
        {
            "time": "01.11.2020 10:18",
            "open": "9.55667",
            "high": "9.55667",
            "low": "9.55667",
            "close": "9.53923"
        },
        {
            "time": "01.11.2020 10:24",
            "open": "9.53923",
            "high": "9.53923",
            "low": "9.53922",
            "close": "9.5498"
        },
        {
            "time": "01.11.2020 10:25",
            "open": "9.5498",
            "high": "9.54981",
            "low": "9.5498",
            "close": "9.54276"
        },
        {
            "time": "01.11.2020 10:26",
            "open": "9.54276",
            "high": "9.54276",
            "low": "9.54275",
            "close": "9.55192"
        },
        {
            "time": "01.11.2020 10:28",
            "open": "9.55192",
            "high": "9.56071",
            "low": "9.55191",
            "close": "9.54246"
        },
        {
            "time": "01.11.2020 10:29",
            "open": "9.54246",
            "high": "9.55677",
            "low": "9.54246",
            "close": "9.55462"
        },
        {
            "time": "01.11.2020 10:33",
            "open": "9.55462",
            "high": "9.55463",
            "low": "9.55462",
            "close": "9.55838"
        },
        {
            "time": "01.11.2020 10:35",
            "open": "9.55838",
            "high": "9.55838",
            "low": "9.55838",
            "close": "9.56516"
        },
        {
            "time": "01.11.2020 10:38",
            "open": "9.56516",
            "high": "9.56516",
            "low": "9.56516",
            "close": "9.54976"
        },
        {
            "time": "01.11.2020 10:44",
            "open": "9.54976",
            "high": "9.54976",
            "low": "9.54555",
            "close": "9.54541"
        },
        {
            "time": "01.11.2020 10:46",
            "open": "9.54541",
            "high": "9.54541",
            "low": "9.54541",
            "close": "9.54595"
        },
        {
            "time": "01.11.2020 10:48",
            "open": "9.54595",
            "high": "9.54595",
            "low": "9.5147",
            "close": "9.52094"
        },
        {
            "time": "01.11.2020 10:49",
            "open": "9.52094",
            "high": "9.52094",
            "low": "9.52094",
            "close": "9.52846"
        },
        {
            "time": "01.11.2020 10:51",
            "open": "9.52846",
            "high": "9.52846",
            "low": "9.52845",
            "close": "9.54028"
        },
        {
            "time": "01.11.2020 10:53",
            "open": "9.54028",
            "high": "9.54028",
            "low": "9.54028",
            "close": "9.54484"
        },
        {
            "time": "01.11.2020 10:56",
            "open": "9.54484",
            "high": "9.54484",
            "low": "9.54484",
            "close": "9.52524"
        },
        {
            "time": "01.11.2020 10:58",
            "open": "9.52524",
            "high": "9.52524",
            "low": "9.52524",
            "close": "9.52097"
        },
        {
            "time": "01.11.2020 11:01",
            "open": "9.52097",
            "high": "9.52097",
            "low": "9.51906",
            "close": "9.53955"
        },
        {
            "time": "01.11.2020 11:02",
            "open": "9.53955",
            "high": "9.53955",
            "low": "9.53955",
            "close": "9.53955"
        },
        {
            "time": "01.11.2020 11:03",
            "open": "9.53955",
            "high": "9.54331",
            "low": "9.53955",
            "close": "9.54096"
        },
        {
            "time": "01.11.2020 11:09",
            "open": "9.54096",
            "high": "9.54096",
            "low": "9.54055",
            "close": "9.53652"
        },
        {
            "time": "01.11.2020 11:12",
            "open": "9.53652",
            "high": "9.53652",
            "low": "9.53652",
            "close": "9.53903"
        },
        {
            "time": "01.11.2020 11:15",
            "open": "9.53903",
            "high": "9.53903",
            "low": "9.53903",
            "close": "9.53891"
        },
        {
            "time": "01.11.2020 11:16",
            "open": "9.53891",
            "high": "9.53892",
            "low": "9.53891",
            "close": "9.5439"
        },
        {
            "time": "01.11.2020 11:19",
            "open": "9.5439",
            "high": "9.5439",
            "low": "9.5439",
            "close": "9.54903"
        },
        {
            "time": "01.11.2020 11:23",
            "open": "9.54903",
            "high": "9.55066",
            "low": "9.54903",
            "close": "9.54927"
        },
        {
            "time": "01.11.2020 11:24",
            "open": "9.54927",
            "high": "9.55363",
            "low": "9.54925",
            "close": "9.56265"
        },
        {
            "time": "01.11.2020 11:27",
            "open": "9.56265",
            "high": "9.56265",
            "low": "9.56265",
            "close": "9.56"
        },
        {
            "time": "01.11.2020 11:29",
            "open": "9.56",
            "high": "9.56",
            "low": "9.55998",
            "close": "9.55877"
        },
        {
            "time": "01.11.2020 11:30",
            "open": "9.55877",
            "high": "9.55877",
            "low": "9.55536",
            "close": "9.56706"
        },
        {
            "time": "01.11.2020 11:35",
            "open": "9.56706",
            "high": "9.56706",
            "low": "9.56706",
            "close": "9.56708"
        },
        {
            "time": "01.11.2020 11:37",
            "open": "9.56708",
            "high": "9.56708",
            "low": "9.56708",
            "close": "9.56708"
        },
        {
            "time": "01.11.2020 11:39",
            "open": "9.56708",
            "high": "9.57402",
            "low": "9.56708",
            "close": "9.56763"
        },
        {
            "time": "01.11.2020 11:43",
            "open": "9.56763",
            "high": "9.56763",
            "low": "9.56613",
            "close": "9.57067"
        },
        {
            "time": "01.11.2020 11:44",
            "open": "9.57067",
            "high": "9.57067",
            "low": "9.57067",
            "close": "9.57648"
        },
        {
            "time": "01.11.2020 11:46",
            "open": "9.57648",
            "high": "9.57867",
            "low": "9.57648",
            "close": "9.58094"
        },
        {
            "time": "01.11.2020 11:51",
            "open": "9.58094",
            "high": "9.58094",
            "low": "9.58094",
            "close": "9.57684"
        },
        {
            "time": "01.11.2020 11:54",
            "open": "9.57684",
            "high": "9.57684",
            "low": "9.57684",
            "close": "9.59807"
        },
        {
            "time": "01.11.2020 12:04",
            "open": "9.59807",
            "high": "9.59807",
            "low": "9.59807",
            "close": "9.57707"
        },
        {
            "time": "01.11.2020 12:05",
            "open": "9.57707",
            "high": "9.57707",
            "low": "9.57707",
            "close": "9.59193"
        },
        {
            "time": "01.11.2020 12:06",
            "open": "9.59193",
            "high": "9.59197",
            "low": "9.59193",
            "close": "9.58895"
        },
        {
            "time": "01.11.2020 12:10",
            "open": "9.58895",
            "high": "9.58895",
            "low": "9.58895",
            "close": "9.58153"
        },
        {
            "time": "01.11.2020 12:11",
            "open": "9.58153",
            "high": "9.58153",
            "low": "9.58153",
            "close": "9.5873"
        },
        {
            "time": "01.11.2020 12:12",
            "open": "9.5873",
            "high": "9.58733",
            "low": "9.57819",
            "close": "9.59638"
        },
        {
            "time": "01.11.2020 12:16",
            "open": "9.59638",
            "high": "9.59639",
            "low": "9.59638",
            "close": "9.59638"
        },
        {
            "time": "01.11.2020 12:18",
            "open": "9.59638",
            "high": "9.59639",
            "low": "9.59638",
            "close": "9.58004"
        },
        {
            "time": "01.11.2020 12:20",
            "open": "9.58004",
            "high": "9.58004",
            "low": "9.58004",
            "close": "9.592"
        },
        {
            "time": "01.11.2020 12:21",
            "open": "9.592",
            "high": "9.592",
            "low": "9.58006",
            "close": "9.59348"
        },
        {
            "time": "01.11.2020 12:23",
            "open": "9.59348",
            "high": "9.59349",
            "low": "9.59348",
            "close": "9.58291"
        },
        {
            "time": "01.11.2020 12:26",
            "open": "9.58291",
            "high": "9.58323",
            "low": "9.57286",
            "close": "9.56003"
        },
        {
            "time": "01.11.2020 12:29",
            "open": "9.56003",
            "high": "9.56003",
            "low": "9.56003",
            "close": "9.56"
        },
        {
            "time": "01.11.2020 12:30",
            "open": "9.56",
            "high": "9.56173",
            "low": "9.55726",
            "close": "9.55909"
        },
        {
            "time": "01.11.2020 12:31",
            "open": "9.55909",
            "high": "9.55962",
            "low": "9.55879",
            "close": "9.55873"
        },
        {
            "time": "01.11.2020 12:32",
            "open": "9.55873",
            "high": "9.55873",
            "low": "9.55873",
            "close": "9.55966"
        },
        {
            "time": "01.11.2020 12:34",
            "open": "9.55966",
            "high": "9.55966",
            "low": "9.55966",
            "close": "9.55683"
        },
        {
            "time": "01.11.2020 12:35",
            "open": "9.55683",
            "high": "9.55683",
            "low": "9.55683",
            "close": "9.55525"
        },
        {
            "time": "01.11.2020 12:36",
            "open": "9.55525",
            "high": "9.55525",
            "low": "9.55525",
            "close": "9.55524"
        },
        {
            "time": "01.11.2020 12:41",
            "open": "9.55524",
            "high": "9.55524",
            "low": "9.55524",
            "close": "9.53808"
        },
        {
            "time": "01.11.2020 12:42",
            "open": "9.53808",
            "high": "9.53808",
            "low": "9.53807",
            "close": "9.5441"
        },
        {
            "time": "01.11.2020 12:43",
            "open": "9.5441",
            "high": "9.5441",
            "low": "9.5441",
            "close": "9.53672"
        },
        {
            "time": "01.11.2020 12:44",
            "open": "9.53672",
            "high": "9.53672",
            "low": "9.53672",
            "close": "9.50964"
        },
        {
            "time": "01.11.2020 12:45",
            "open": "9.50964",
            "high": "9.50964",
            "low": "9.5",
            "close": "9.48513"
        },
        {
            "time": "01.11.2020 12:46",
            "open": "9.48513",
            "high": "9.48513",
            "low": "9.48513",
            "close": "9.48513"
        },
        {
            "time": "01.11.2020 12:47",
            "open": "9.48513",
            "high": "9.48686",
            "low": "9.48513",
            "close": "9.51956"
        },
        {
            "time": "01.11.2020 12:50",
            "open": "9.51956",
            "high": "9.52354",
            "low": "9.51956",
            "close": "9.52897"
        },
        {
            "time": "01.11.2020 12:51",
            "open": "9.52897",
            "high": "9.52897",
            "low": "9.52897",
            "close": "9.51136"
        },
        {
            "time": "01.11.2020 12:53",
            "open": "9.51136",
            "high": "9.51136",
            "low": "9.51136",
            "close": "9.51149"
        },
        {
            "time": "01.11.2020 12:56",
            "open": "9.51149",
            "high": "9.51149",
            "low": "9.51149",
            "close": "9.53455"
        },
        {
            "time": "01.11.2020 12:58",
            "open": "9.53455",
            "high": "9.53455",
            "low": "9.53455",
            "close": "9.52157"
        },
        {
            "time": "01.11.2020 13:05",
            "open": "9.52157",
            "high": "9.52157",
            "low": "9.52157",
            "close": "9.52273"
        },
        {
            "time": "01.11.2020 13:06",
            "open": "9.52273",
            "high": "9.52274",
            "low": "9.52273",
            "close": "9.4963"
        },
        {
            "time": "01.11.2020 13:08",
            "open": "9.4963",
            "high": "9.4963",
            "low": "9.49629",
            "close": "9.51093"
        },
        {
            "time": "01.11.2020 13:09",
            "open": "9.51093",
            "high": "9.51093",
            "low": "9.51093",
            "close": "9.49066"
        },
        {
            "time": "01.11.2020 13:10",
            "open": "9.49066",
            "high": "9.49066",
            "low": "9.49027",
            "close": "9.4952"
        },
        {
            "time": "01.11.2020 13:11",
            "open": "9.4952",
            "high": "9.4952",
            "low": "9.4952",
            "close": "9.50504"
        },
        {
            "time": "01.11.2020 13:12",
            "open": "9.50504",
            "high": "9.50504",
            "low": "9.50504",
            "close": "9.52678"
        },
        {
            "time": "01.11.2020 13:16",
            "open": "9.52678",
            "high": "9.52902",
            "low": "9.52678",
            "close": "9.52518"
        },
        {
            "time": "01.11.2020 13:18",
            "open": "9.52518",
            "high": "9.52518",
            "low": "9.52518",
            "close": "9.50931"
        },
        {
            "time": "01.11.2020 13:20",
            "open": "9.50931",
            "high": "9.50931",
            "low": "9.50931",
            "close": "9.53354"
        },
        {
            "time": "01.11.2020 13:23",
            "open": "9.53354",
            "high": "9.53354",
            "low": "9.53354",
            "close": "9.54317"
        },
        {
            "time": "01.11.2020 13:28",
            "open": "9.54317",
            "high": "9.54317",
            "low": "9.54317",
            "close": "9.53978"
        },
        {
            "time": "01.11.2020 13:30",
            "open": "9.53978",
            "high": "9.53978",
            "low": "9.53978",
            "close": "9.55221"
        },
        {
            "time": "01.11.2020 13:31",
            "open": "9.55221",
            "high": "9.55221",
            "low": "9.55221",
            "close": "9.56264"
        },
        {
            "time": "01.11.2020 13:32",
            "open": "9.56264",
            "high": "9.56267",
            "low": "9.56264",
            "close": "9.55238"
        },
        {
            "time": "01.11.2020 13:38",
            "open": "9.55238",
            "high": "9.55239",
            "low": "9.55238",
            "close": "9.55805"
        },
        {
            "time": "01.11.2020 13:39",
            "open": "9.55805",
            "high": "9.55805",
            "low": "9.55805",
            "close": "9.54219"
        },
        {
            "time": "01.11.2020 13:41",
            "open": "9.54219",
            "high": "9.54219",
            "low": "9.54219",
            "close": "9.52878"
        },
        {
            "time": "01.11.2020 13:44",
            "open": "9.52878",
            "high": "9.52878",
            "low": "9.52536",
            "close": "9.5183"
        },
        {
            "time": "01.11.2020 13:45",
            "open": "9.5183",
            "high": "9.5183",
            "low": "9.5183",
            "close": "9.55"
        },
        {
            "time": "01.11.2020 13:57",
            "open": "9.55",
            "high": "9.55",
            "low": "9.55",
            "close": "9.55649"
        },
        {
            "time": "01.11.2020 13:59",
            "open": "9.55649",
            "high": "9.55649",
            "low": "9.55649",
            "close": "9.55639"
        },
        {
            "time": "01.11.2020 14:00",
            "open": "9.55639",
            "high": "9.55639",
            "low": "9.55639",
            "close": "9.5639"
        },
        {
            "time": "01.11.2020 14:02",
            "open": "9.5639",
            "high": "9.56391",
            "low": "9.54041",
            "close": "9.54688"
        },
        {
            "time": "01.11.2020 14:03",
            "open": "9.54688",
            "high": "9.54689",
            "low": "9.54688",
            "close": "9.53802"
        },
        {
            "time": "01.11.2020 14:04",
            "open": "9.53802",
            "high": "9.53832",
            "low": "9.52294",
            "close": "9.55214"
        },
        {
            "time": "01.11.2020 14:06",
            "open": "9.55214",
            "high": "9.55215",
            "low": "9.55214",
            "close": "9.5504"
        },
        {
            "time": "01.11.2020 14:07",
            "open": "9.5504",
            "high": "9.5504",
            "low": "9.5504",
            "close": "9.53635"
        },
        {
            "time": "01.11.2020 14:09",
            "open": "9.53635",
            "high": "9.53638",
            "low": "9.53635",
            "close": "9.52678"
        },
        {
            "time": "01.11.2020 14:15",
            "open": "9.52678",
            "high": "9.52678",
            "low": "9.52678",
            "close": "9.51141"
        },
        {
            "time": "01.11.2020 14:20",
            "open": "9.51141",
            "high": "9.51141",
            "low": "9.5114",
            "close": "9.53361"
        },
        {
            "time": "01.11.2020 14:24",
            "open": "9.53361",
            "high": "9.53361",
            "low": "9.53361",
            "close": "9.52113"
        },
        {
            "time": "01.11.2020 14:25",
            "open": "9.52113",
            "high": "9.52113",
            "low": "9.52113",
            "close": "9.5224"
        },
        {
            "time": "01.11.2020 14:27",
            "open": "9.5224",
            "high": "9.5224",
            "low": "9.5224",
            "close": "9.5407"
        },
        {
            "time": "01.11.2020 14:29",
            "open": "9.5407",
            "high": "9.5407",
            "low": "9.5407",
            "close": "9.52633"
        },
        {
            "time": "01.11.2020 14:32",
            "open": "9.52633",
            "high": "9.52633",
            "low": "9.52633",
            "close": "9.50905"
        },
        {
            "time": "01.11.2020 14:34",
            "open": "9.50905",
            "high": "9.52633",
            "low": "9.50904",
            "close": "9.51918"
        },
        {
            "time": "01.11.2020 14:36",
            "open": "9.51918",
            "high": "9.51918",
            "low": "9.51918",
            "close": "9.53553"
        },
        {
            "time": "01.11.2020 14:39",
            "open": "9.53553",
            "high": "9.53553",
            "low": "9.53553",
            "close": "9.52633"
        },
        {
            "time": "01.11.2020 14:44",
            "open": "9.52633",
            "high": "9.52634",
            "low": "9.52633",
            "close": "9.53992"
        },
        {
            "time": "01.11.2020 14:47",
            "open": "9.53992",
            "high": "9.53992",
            "low": "9.53992",
            "close": "9.55964"
        },
        {
            "time": "01.11.2020 14:51",
            "open": "9.55964",
            "high": "9.55964",
            "low": "9.55964",
            "close": "9.5429"
        },
        {
            "time": "01.11.2020 14:57",
            "open": "9.5429",
            "high": "9.5429",
            "low": "9.5429",
            "close": "9.53283"
        },
        {
            "time": "01.11.2020 14:58",
            "open": "9.53283",
            "high": "9.53283",
            "low": "9.53283",
            "close": "9.55631"
        },
        {
            "time": "01.11.2020 15:01",
            "open": "9.55631",
            "high": "9.55631",
            "low": "9.55631",
            "close": "9.54362"
        },
        {
            "time": "01.11.2020 15:02",
            "open": "9.54362",
            "high": "9.54365",
            "low": "9.54362",
            "close": "9.57004"
        },
        {
            "time": "01.11.2020 15:05",
            "open": "9.57004",
            "high": "9.57004",
            "low": "9.57004",
            "close": "9.57587"
        },
        {
            "time": "01.11.2020 15:06",
            "open": "9.57587",
            "high": "9.57587",
            "low": "9.57587",
            "close": "9.57726"
        },
        {
            "time": "01.11.2020 15:07",
            "open": "9.57726",
            "high": "9.57726",
            "low": "9.57726",
            "close": "9.56993"
        },
        {
            "time": "01.11.2020 15:09",
            "open": "9.56993",
            "high": "9.56993",
            "low": "9.56496",
            "close": "9.56801"
        },
        {
            "time": "01.11.2020 15:11",
            "open": "9.56801",
            "high": "9.56801",
            "low": "9.56801",
            "close": "9.568"
        },
        {
            "time": "01.11.2020 15:13",
            "open": "9.568",
            "high": "9.568",
            "low": "9.56767",
            "close": "9.575"
        },
        {
            "time": "01.11.2020 15:14",
            "open": "9.575",
            "high": "9.575",
            "low": "9.575",
            "close": "9.56"
        },
        {
            "time": "01.11.2020 15:15",
            "open": "9.56",
            "high": "9.56",
            "low": "9.55958",
            "close": "9.56511"
        },
        {
            "time": "01.11.2020 15:16",
            "open": "9.56511",
            "high": "9.56511",
            "low": "9.56511",
            "close": "9.56832"
        },
        {
            "time": "01.11.2020 15:18",
            "open": "9.56832",
            "high": "9.56832",
            "low": "9.56832",
            "close": "9.56832"
        },
        {
            "time": "01.11.2020 15:20",
            "open": "9.56832",
            "high": "9.5772",
            "low": "9.56832",
            "close": "9.56867"
        },
        {
            "time": "01.11.2020 15:27",
            "open": "9.56868",
            "high": "9.56868",
            "low": "9.56868",
            "close": "9.5728"
        },
        {
            "time": "01.11.2020 15:31",
            "open": "9.5728",
            "high": "9.5728",
            "low": "9.5728",
            "close": "9.57856"
        },
        {
            "time": "01.11.2020 15:32",
            "open": "9.57856",
            "high": "9.57856",
            "low": "9.57856",
            "close": "9.54955"
        },
        {
            "time": "01.11.2020 15:37",
            "open": "9.54955",
            "high": "9.54955",
            "low": "9.54955",
            "close": "9.56683"
        },
        {
            "time": "01.11.2020 15:41",
            "open": "9.56683",
            "high": "9.56683",
            "low": "9.56683",
            "close": "9.56661"
        },
        {
            "time": "01.11.2020 15:42",
            "open": "9.56661",
            "high": "9.56661",
            "low": "9.56661",
            "close": "9.55828"
        },
        {
            "time": "01.11.2020 15:43",
            "open": "9.55828",
            "high": "9.55828",
            "low": "9.55828",
            "close": "9.5626"
        },
        {
            "time": "01.11.2020 15:44",
            "open": "9.5626",
            "high": "9.5626",
            "low": "9.5626",
            "close": "9.55727"
        },
        {
            "time": "01.11.2020 15:45",
            "open": "9.55727",
            "high": "9.55727",
            "low": "9.55727",
            "close": "9.55206"
        },
        {
            "time": "01.11.2020 15:49",
            "open": "9.55206",
            "high": "9.55207",
            "low": "9.55206",
            "close": "9.54322"
        },
        {
            "time": "01.11.2020 15:50",
            "open": "9.54322",
            "high": "9.54322",
            "low": "9.54322",
            "close": "9.56176"
        },
        {
            "time": "01.11.2020 15:52",
            "open": "9.56176",
            "high": "9.56176",
            "low": "9.56176",
            "close": "9.56296"
        },
        {
            "time": "01.11.2020 15:54",
            "open": "9.56296",
            "high": "9.56296",
            "low": "9.56296",
            "close": "9.57121"
        },
        {
            "time": "01.11.2020 15:59",
            "open": "9.57121",
            "high": "9.57122",
            "low": "9.57121",
            "close": "9.62373"
        },
        {
            "time": "01.11.2020 16:11",
            "open": "9.62373",
            "high": "9.62373",
            "low": "9.62373",
            "close": "9.63706"
        },
        {
            "time": "01.11.2020 16:12",
            "open": "9.63706",
            "high": "9.63706",
            "low": "9.63705",
            "close": "9.62946"
        },
        {
            "time": "01.11.2020 16:14",
            "open": "9.62946",
            "high": "9.62946",
            "low": "9.62946",
            "close": "9.61465"
        },
        {
            "time": "01.11.2020 16:18",
            "open": "9.61465",
            "high": "9.61466",
            "low": "9.60526",
            "close": "9.6271"
        },
        {
            "time": "01.11.2020 16:21",
            "open": "9.6271",
            "high": "9.62711",
            "low": "9.6271",
            "close": "9.61237"
        },
        {
            "time": "01.11.2020 16:24",
            "open": "9.61237",
            "high": "9.61237",
            "low": "9.61237",
            "close": "9.61186"
        },
        {
            "time": "01.11.2020 16:29",
            "open": "9.61186",
            "high": "9.61186",
            "low": "9.61186",
            "close": "9.6304"
        },
        {
            "time": "01.11.2020 16:30",
            "open": "9.6304",
            "high": "9.6304",
            "low": "9.6304",
            "close": "9.62435"
        },
        {
            "time": "01.11.2020 16:33",
            "open": "9.62435",
            "high": "9.62436",
            "low": "9.62435",
            "close": "9.63858"
        },
        {
            "time": "01.11.2020 16:36",
            "open": "9.63858",
            "high": "9.63858",
            "low": "9.63858",
            "close": "9.62198"
        },
        {
            "time": "01.11.2020 16:37",
            "open": "9.62198",
            "high": "9.62198",
            "low": "9.61638",
            "close": "9.61942"
        },
        {
            "time": "01.11.2020 16:38",
            "open": "9.61942",
            "high": "9.61942",
            "low": "9.61942",
            "close": "9.60819"
        },
        {
            "time": "01.11.2020 16:39",
            "open": "9.60819",
            "high": "9.60819",
            "low": "9.60485",
            "close": "9.6215"
        },
        {
            "time": "01.11.2020 16:43",
            "open": "9.6215",
            "high": "9.6215",
            "low": "9.61938",
            "close": "9.62121"
        },
        {
            "time": "01.11.2020 16:44",
            "open": "9.62121",
            "high": "9.62122",
            "low": "9.62121",
            "close": "9.61083"
        },
        {
            "time": "01.11.2020 16:45",
            "open": "9.61083",
            "high": "9.61083",
            "low": "9.61082",
            "close": "9.61077"
        },
        {
            "time": "01.11.2020 16:48",
            "open": "9.61077",
            "high": "9.61887",
            "low": "9.61077",
            "close": "9.61476"
        },
        {
            "time": "01.11.2020 16:49",
            "open": "9.61476",
            "high": "9.61476",
            "low": "9.61476",
            "close": "9.62228"
        },
        {
            "time": "01.11.2020 16:52",
            "open": "9.62228",
            "high": "9.62228",
            "low": "9.62228",
            "close": "9.6056"
        },
        {
            "time": "01.11.2020 16:57",
            "open": "9.6056",
            "high": "9.62221",
            "low": "9.6056",
            "close": "9.60171"
        },
        {
            "time": "01.11.2020 16:59",
            "open": "9.60171",
            "high": "9.60171",
            "low": "9.60171",
            "close": "9.58236"
        },
        {
            "time": "01.11.2020 17:01",
            "open": "9.58236",
            "high": "9.58236",
            "low": "9.58236",
            "close": "9.61667"
        },
        {
            "time": "01.11.2020 17:06",
            "open": "9.61667",
            "high": "9.61667",
            "low": "9.61667",
            "close": "9.61814"
        },
        {
            "time": "01.11.2020 17:07",
            "open": "9.61814",
            "high": "9.61814",
            "low": "9.61814",
            "close": "9.61067"
        },
        {
            "time": "01.11.2020 17:09",
            "open": "9.61067",
            "high": "9.61067",
            "low": "9.61067",
            "close": "9.60694"
        },
        {
            "time": "01.11.2020 17:11",
            "open": "9.60694",
            "high": "9.60694",
            "low": "9.60694",
            "close": "9.61604"
        },
        {
            "time": "01.11.2020 17:12",
            "open": "9.61604",
            "high": "9.619",
            "low": "9.61604",
            "close": "9.63784"
        },
        {
            "time": "01.11.2020 17:19",
            "open": "9.63784",
            "high": "9.63785",
            "low": "9.63784",
            "close": "9.64463"
        },
        {
            "time": "01.11.2020 17:21",
            "open": "9.64463",
            "high": "9.64463",
            "low": "9.64463",
            "close": "9.63895"
        },
        {
            "time": "01.11.2020 17:22",
            "open": "9.63895",
            "high": "9.63927",
            "low": "9.63173",
            "close": "9.6381"
        },
        {
            "time": "01.11.2020 17:24",
            "open": "9.6381",
            "high": "9.63815",
            "low": "9.6381",
            "close": "9.61577"
        },
        {
            "time": "01.11.2020 17:26",
            "open": "9.61577",
            "high": "9.61577",
            "low": "9.59687",
            "close": "9.59413"
        },
        {
            "time": "01.11.2020 17:28",
            "open": "9.59413",
            "high": "9.60407",
            "low": "9.58714",
            "close": "9.6171"
        },
        {
            "time": "01.11.2020 17:37",
            "open": "9.6171",
            "high": "9.6171",
            "low": "9.6171",
            "close": "9.59855"
        },
        {
            "time": "01.11.2020 17:47",
            "open": "9.59855",
            "high": "9.59855",
            "low": "9.59852",
            "close": "9.59917"
        },
        {
            "time": "01.11.2020 17:51",
            "open": "9.59917",
            "high": "9.59917",
            "low": "9.59917",
            "close": "9.60056"
        },
        {
            "time": "01.11.2020 17:53",
            "open": "9.60056",
            "high": "9.60313",
            "low": "9.59063",
            "close": "9.60753"
        },
        {
            "time": "01.11.2020 17:55",
            "open": "9.60753",
            "high": "9.60807",
            "low": "9.60753",
            "close": "9.60599"
        },
        {
            "time": "01.11.2020 17:57",
            "open": "9.60599",
            "high": "9.606",
            "low": "9.60599",
            "close": "9.60764"
        },
        {
            "time": "01.11.2020 17:58",
            "open": "9.60764",
            "high": "9.60829",
            "low": "9.60764",
            "close": "9.61707"
        },
        {
            "time": "01.11.2020 17:59",
            "open": "9.61707",
            "high": "9.62004",
            "low": "9.61707",
            "close": "9.61321"
        },
        {
            "time": "01.11.2020 18:09",
            "open": "9.61321",
            "high": "9.61321",
            "low": "9.61321",
            "close": "9.60753"
        },
        {
            "time": "01.11.2020 18:10",
            "open": "9.60753",
            "high": "9.60753",
            "low": "9.6044",
            "close": "9.61279"
        },
        {
            "time": "01.11.2020 18:25",
            "open": "9.61279",
            "high": "9.61279",
            "low": "9.60421",
            "close": "9.62159"
        },
        {
            "time": "01.11.2020 18:26",
            "open": "9.62159",
            "high": "9.62159",
            "low": "9.61378",
            "close": "9.62002"
        },
        {
            "time": "01.11.2020 18:28",
            "open": "9.62002",
            "high": "9.63166",
            "low": "9.62002",
            "close": "9.62757"
        },
        {
            "time": "01.11.2020 18:33",
            "open": "9.62757",
            "high": "9.62757",
            "low": "9.62757",
            "close": "9.6345"
        },
        {
            "time": "01.11.2020 18:36",
            "open": "9.6345",
            "high": "9.6345",
            "low": "9.6345",
            "close": "9.62699"
        },
        {
            "time": "01.11.2020 18:37",
            "open": "9.62699",
            "high": "9.62699",
            "low": "9.62699",
            "close": "9.63367"
        },
        {
            "time": "01.11.2020 18:38",
            "open": "9.63367",
            "high": "9.63368",
            "low": "9.627",
            "close": "9.62978"
        },
        {
            "time": "01.11.2020 18:43",
            "open": "9.62978",
            "high": "9.62978",
            "low": "9.62978",
            "close": "9.64293"
        },
        {
            "time": "01.11.2020 18:45",
            "open": "9.64293",
            "high": "9.64454",
            "low": "9.64293",
            "close": "9.65"
        },
        {
            "time": "01.11.2020 18:46",
            "open": "9.65",
            "high": "9.65104",
            "low": "9.65",
            "close": "9.6379"
        },
        {
            "time": "01.11.2020 18:47",
            "open": "9.6379",
            "high": "9.6379",
            "low": "9.63471",
            "close": "9.63899"
        },
        {
            "time": "01.11.2020 18:54",
            "open": "9.63899",
            "high": "9.63899",
            "low": "9.63899",
            "close": "9.62646"
        },
        {
            "time": "01.11.2020 18:55",
            "open": "9.62646",
            "high": "9.62646",
            "low": "9.62615",
            "close": "9.63649"
        },
        {
            "time": "01.11.2020 18:57",
            "open": "9.63649",
            "high": "9.6365",
            "low": "9.6299",
            "close": "9.62361"
        },
        {
            "time": "01.11.2020 18:59",
            "open": "9.62361",
            "high": "9.62361",
            "low": "9.62361",
            "close": "9.63454"
        },
        {
            "time": "01.11.2020 19:00",
            "open": "9.63454",
            "high": "9.63458",
            "low": "9.63454",
            "close": "9.64452"
        },
        {
            "time": "01.11.2020 19:01",
            "open": "9.64452",
            "high": "9.65294",
            "low": "9.64452",
            "close": "9.63979"
        },
        {
            "time": "01.11.2020 19:08",
            "open": "9.63979",
            "high": "9.63979",
            "low": "9.63979",
            "close": "9.6506"
        },
        {
            "time": "01.11.2020 19:09",
            "open": "9.6506",
            "high": "9.65061",
            "low": "9.6506",
            "close": "9.65485"
        },
        {
            "time": "01.11.2020 19:11",
            "open": "9.65485",
            "high": "9.65486",
            "low": "9.65485",
            "close": "9.62489"
        },
        {
            "time": "01.11.2020 19:30",
            "open": "9.62489",
            "high": "9.62489",
            "low": "9.62489",
            "close": "9.64203"
        },
        {
            "time": "01.11.2020 19:37",
            "open": "9.64203",
            "high": "9.64203",
            "low": "9.64203",
            "close": "9.62361"
        },
        {
            "time": "01.11.2020 19:41",
            "open": "9.62361",
            "high": "9.62361",
            "low": "9.62361",
            "close": "9.62988"
        },
        {
            "time": "01.11.2020 19:43",
            "open": "9.62988",
            "high": "9.62988",
            "low": "9.62988",
            "close": "9.63107"
        },
        {
            "time": "01.11.2020 19:45",
            "open": "9.63107",
            "high": "9.63107",
            "low": "9.63107",
            "close": "9.62639"
        },
        {
            "time": "01.11.2020 19:50",
            "open": "9.62639",
            "high": "9.63028",
            "low": "9.62639",
            "close": "9.6257"
        },
        {
            "time": "01.11.2020 19:53",
            "open": "9.6257",
            "high": "9.6257",
            "low": "9.6257",
            "close": "9.61275"
        },
        {
            "time": "01.11.2020 19:57",
            "open": "9.61275",
            "high": "9.61275",
            "low": "9.61275",
            "close": "9.60913"
        },
        {
            "time": "01.11.2020 20:00",
            "open": "9.60913",
            "high": "9.60913",
            "low": "9.60913",
            "close": "9.63236"
        },
        {
            "time": "01.11.2020 20:06",
            "open": "9.63236",
            "high": "9.63236",
            "low": "9.63236",
            "close": "9.63152"
        },
        {
            "time": "01.11.2020 20:10",
            "open": "9.63152",
            "high": "9.63152",
            "low": "9.63152",
            "close": "9.64172"
        },
        {
            "time": "01.11.2020 20:18",
            "open": "9.64172",
            "high": "9.64172",
            "low": "9.64172",
            "close": "9.63656"
        },
        {
            "time": "01.11.2020 20:23",
            "open": "9.63656",
            "high": "9.63656",
            "low": "9.63656",
            "close": "9.63649"
        },
        {
            "time": "01.11.2020 20:24",
            "open": "9.63649",
            "high": "9.63649",
            "low": "9.63649",
            "close": "9.63728"
        },
        {
            "time": "01.11.2020 20:28",
            "open": "9.63728",
            "high": "9.63847",
            "low": "9.63728",
            "close": "9.65347"
        },
        {
            "time": "01.11.2020 20:35",
            "open": "9.65347",
            "high": "9.65347",
            "low": "9.64673",
            "close": "9.64842"
        },
        {
            "time": "01.11.2020 20:36",
            "open": "9.64842",
            "high": "9.64842",
            "low": "9.64842",
            "close": "9.63729"
        },
        {
            "time": "01.11.2020 20:39",
            "open": "9.63729",
            "high": "9.63982",
            "low": "9.63729",
            "close": "9.63767"
        },
        {
            "time": "01.11.2020 20:40",
            "open": "9.63767",
            "high": "9.63767",
            "low": "9.63767",
            "close": "9.65206"
        },
        {
            "time": "01.11.2020 20:41",
            "open": "9.65206",
            "high": "9.65207",
            "low": "9.65206",
            "close": "9.64729"
        },
        {
            "time": "01.11.2020 20:43",
            "open": "9.64729",
            "high": "9.64729",
            "low": "9.64729",
            "close": "9.6539"
        },
        {
            "time": "01.11.2020 20:44",
            "open": "9.6539",
            "high": "9.6539",
            "low": "9.6539",
            "close": "9.65177"
        },
        {
            "time": "01.11.2020 20:47",
            "open": "9.65177",
            "high": "9.65177",
            "low": "9.65177",
            "close": "9.64055"
        },
        {
            "time": "01.11.2020 20:48",
            "open": "9.64055",
            "high": "9.64055",
            "low": "9.64055",
            "close": "9.65049"
        },
        {
            "time": "01.11.2020 20:49",
            "open": "9.65049",
            "high": "9.65049",
            "low": "9.65049",
            "close": "9.64939"
        },
        {
            "time": "01.11.2020 20:50",
            "open": "9.64939",
            "high": "9.64942",
            "low": "9.64939",
            "close": "9.64"
        },
        {
            "time": "01.11.2020 20:54",
            "open": "9.64",
            "high": "9.64",
            "low": "9.64",
            "close": "9.652"
        },
        {
            "time": "01.11.2020 21:02",
            "open": "9.652",
            "high": "9.652",
            "low": "9.652",
            "close": "9.65371"
        },
        {
            "time": "01.11.2020 21:05",
            "open": "9.65371",
            "high": "9.65371",
            "low": "9.65371",
            "close": "9.65328"
        },
        {
            "time": "01.11.2020 21:06",
            "open": "9.65328",
            "high": "9.65328",
            "low": "9.65328",
            "close": "9.65555"
        },
        {
            "time": "01.11.2020 21:07",
            "open": "9.65555",
            "high": "9.65555",
            "low": "9.65555",
            "close": "9.6615"
        },
        {
            "time": "01.11.2020 21:10",
            "open": "9.6615",
            "high": "9.6615",
            "low": "9.64826",
            "close": "9.66082"
        },
        {
            "time": "01.11.2020 21:11",
            "open": "9.66082",
            "high": "9.66082",
            "low": "9.66082",
            "close": "9.66691"
        },
        {
            "time": "01.11.2020 21:12",
            "open": "9.66691",
            "high": "9.66691",
            "low": "9.66691",
            "close": "9.64879"
        },
        {
            "time": "01.11.2020 21:13",
            "open": "9.64879",
            "high": "9.64879",
            "low": "9.64877",
            "close": "9.65896"
        },
        {
            "time": "01.11.2020 21:14",
            "open": "9.65896",
            "high": "9.65897",
            "low": "9.65896",
            "close": "9.6641"
        },
        {
            "time": "01.11.2020 21:17",
            "open": "9.6641",
            "high": "9.6641",
            "low": "9.6641",
            "close": "9.66573"
        },
        {
            "time": "01.11.2020 21:18",
            "open": "9.66573",
            "high": "9.66573",
            "low": "9.66573",
            "close": "9.65782"
        },
        {
            "time": "01.11.2020 21:20",
            "open": "9.65782",
            "high": "9.65782",
            "low": "9.65782",
            "close": "9.66275"
        },
        {
            "time": "01.11.2020 21:24",
            "open": "9.66275",
            "high": "9.66275",
            "low": "9.66275",
            "close": "9.66131"
        },
        {
            "time": "01.11.2020 21:25",
            "open": "9.66131",
            "high": "9.66541",
            "low": "9.66131",
            "close": "9.64952"
        },
        {
            "time": "01.11.2020 21:27",
            "open": "9.64952",
            "high": "9.6629",
            "low": "9.64925",
            "close": "9.67091"
        },
        {
            "time": "01.11.2020 21:34",
            "open": "9.67091",
            "high": "9.67091",
            "low": "9.67091",
            "close": "9.66802"
        },
        {
            "time": "01.11.2020 21:35",
            "open": "9.66802",
            "high": "9.66803",
            "low": "9.66802",
            "close": "9.67107"
        },
        {
            "time": "01.11.2020 21:42",
            "open": "9.67107",
            "high": "9.6911",
            "low": "9.67107",
            "close": "9.7"
        },
        {
            "time": "01.11.2020 21:44",
            "open": "9.7",
            "high": "9.7",
            "low": "9.7",
            "close": "9.7"
        },
        {
            "time": "01.11.2020 21:45",
            "open": "9.7",
            "high": "9.707",
            "low": "9.69007",
            "close": "9.70151"
        },
        {
            "time": "01.11.2020 21:46",
            "open": "9.70151",
            "high": "9.70974",
            "low": "9.68877",
            "close": "9.69621"
        },
        {
            "time": "01.11.2020 21:47",
            "open": "9.69621",
            "high": "9.69621",
            "low": "9.69621",
            "close": "9.71017"
        },
        {
            "time": "01.11.2020 21:53",
            "open": "9.71017",
            "high": "9.71017",
            "low": "9.71017",
            "close": "9.72"
        },
        {
            "time": "01.11.2020 21:56",
            "open": "9.72",
            "high": "9.72",
            "low": "9.72",
            "close": "9.72021"
        },
        {
            "time": "01.11.2020 21:57",
            "open": "9.72021",
            "high": "9.72021",
            "low": "9.7196",
            "close": "9.71385"
        },
        {
            "time": "01.11.2020 21:58",
            "open": "9.71385",
            "high": "9.71385",
            "low": "9.69771",
            "close": "9.71343"
        },
        {
            "time": "01.11.2020 21:59",
            "open": "9.71343",
            "high": "9.71343",
            "low": "9.71343",
            "close": "9.74886"
        },
        {
            "time": "01.11.2020 22:05",
            "open": "9.74886",
            "high": "9.75265",
            "low": "9.74886",
            "close": "9.75472"
        },
        {
            "time": "01.11.2020 22:07",
            "open": "9.75472",
            "high": "9.76",
            "low": "9.74892",
            "close": "9.76"
        },
        {
            "time": "01.11.2020 22:08",
            "open": "9.76",
            "high": "9.76",
            "low": "9.75426",
            "close": "9.76557"
        },
        {
            "time": "01.11.2020 22:09",
            "open": "9.76557",
            "high": "9.76679",
            "low": "9.76557",
            "close": "9.76603"
        },
        {
            "time": "01.11.2020 22:10",
            "open": "9.76603",
            "high": "9.76909",
            "low": "9.76603",
            "close": "9.765"
        },
        {
            "time": "01.11.2020 22:12",
            "open": "9.765",
            "high": "9.765",
            "low": "9.765",
            "close": "9.77235"
        },
        {
            "time": "01.11.2020 22:15",
            "open": "9.77235",
            "high": "9.77252",
            "low": "9.77235",
            "close": "9.76003"
        },
        {
            "time": "01.11.2020 22:16",
            "open": "9.76003",
            "high": "9.76057",
            "low": "9.7593",
            "close": "9.76849"
        },
        {
            "time": "01.11.2020 22:18",
            "open": "9.76849",
            "high": "9.7685",
            "low": "9.76849",
            "close": "9.75772"
        },
        {
            "time": "01.11.2020 22:21",
            "open": "9.75772",
            "high": "9.75772",
            "low": "9.75772",
            "close": "9.77728"
        },
        {
            "time": "01.11.2020 22:24",
            "open": "9.77728",
            "high": "9.77728",
            "low": "9.76135",
            "close": "9.75953"
        },
        {
            "time": "01.11.2020 22:26",
            "open": "9.75953",
            "high": "9.75953",
            "low": "9.74",
            "close": "9.74349"
        },
        {
            "time": "01.11.2020 22:27",
            "open": "9.74349",
            "high": "9.74349",
            "low": "9.73182",
            "close": "9.75342"
        },
        {
            "time": "01.11.2020 22:29",
            "open": "9.75342",
            "high": "9.75342",
            "low": "9.75342",
            "close": "9.75342"
        },
        {
            "time": "01.11.2020 22:32",
            "open": "9.75342",
            "high": "9.75342",
            "low": "9.75342",
            "close": "9.7361"
        },
        {
            "time": "01.11.2020 22:34",
            "open": "9.7361",
            "high": "9.7361",
            "low": "9.7361",
            "close": "9.74738"
        },
        {
            "time": "01.11.2020 22:35",
            "open": "9.74738",
            "high": "9.74738",
            "low": "9.74738",
            "close": "9.73"
        },
        {
            "time": "01.11.2020 22:36",
            "open": "9.73",
            "high": "9.73",
            "low": "9.7155",
            "close": "9.71999"
        },
        {
            "time": "01.11.2020 22:37",
            "open": "9.71999",
            "high": "9.72",
            "low": "9.71999",
            "close": "9.72836"
        },
        {
            "time": "01.11.2020 22:38",
            "open": "9.72836",
            "high": "9.72836",
            "low": "9.722",
            "close": "9.74471"
        },
        {
            "time": "01.11.2020 22:39",
            "open": "9.74471",
            "high": "9.74471",
            "low": "9.73292",
            "close": "9.74926"
        },
        {
            "time": "01.11.2020 22:40",
            "open": "9.74926",
            "high": "9.74927",
            "low": "9.74926",
            "close": "9.74927"
        },
        {
            "time": "01.11.2020 22:41",
            "open": "9.74927",
            "high": "9.74927",
            "low": "9.74927",
            "close": "9.75471"
        },
        {
            "time": "01.11.2020 22:42",
            "open": "9.75471",
            "high": "9.75471",
            "low": "9.75471",
            "close": "9.75126"
        },
        {
            "time": "01.11.2020 22:44",
            "open": "9.75126",
            "high": "9.75126",
            "low": "9.75126",
            "close": "9.7442"
        },
        {
            "time": "01.11.2020 22:45",
            "open": "9.7442",
            "high": "9.74421",
            "low": "9.7329",
            "close": "9.72776"
        },
        {
            "time": "01.11.2020 22:46",
            "open": "9.72776",
            "high": "9.73318",
            "low": "9.72776",
            "close": "9.71513"
        },
        {
            "time": "01.11.2020 22:47",
            "open": "9.71513",
            "high": "9.71513",
            "low": "9.71513",
            "close": "9.72485"
        },
        {
            "time": "01.11.2020 22:48",
            "open": "9.72485",
            "high": "9.72485",
            "low": "9.72485",
            "close": "9.72413"
        },
        {
            "time": "01.11.2020 22:51",
            "open": "9.72413",
            "high": "9.72413",
            "low": "9.72413",
            "close": "9.73984"
        },
        {
            "time": "01.11.2020 22:53",
            "open": "9.73984",
            "high": "9.74184",
            "low": "9.73984",
            "close": "9.74723"
        },
        {
            "time": "01.11.2020 22:54",
            "open": "9.74723",
            "high": "9.74989",
            "low": "9.74723",
            "close": "9.74884"
        },
        {
            "time": "01.11.2020 22:55",
            "open": "9.74884",
            "high": "9.74887",
            "low": "9.73742",
            "close": "9.74327"
        },
        {
            "time": "01.11.2020 22:56",
            "open": "9.74327",
            "high": "9.74328",
            "low": "9.74327",
            "close": "9.73818"
        },
        {
            "time": "01.11.2020 22:58",
            "open": "9.73818",
            "high": "9.73942",
            "low": "9.73818",
            "close": "9.74547"
        },
        {
            "time": "01.11.2020 22:59",
            "open": "9.74547",
            "high": "9.74547",
            "low": "9.74547",
            "close": "9.77512"
        },
        {
            "time": "01.11.2020 23:00",
            "open": "9.77512",
            "high": "9.77512",
            "low": "9.77512",
            "close": "9.76308"
        },
        {
            "time": "01.11.2020 23:01",
            "open": "9.76308",
            "high": "9.77551",
            "low": "9.76308",
            "close": "9.74546"
        },
        {
            "time": "01.11.2020 23:02",
            "open": "9.74546",
            "high": "9.75093",
            "low": "9.74546",
            "close": "9.72742"
        },
        {
            "time": "01.11.2020 23:07",
            "open": "9.72742",
            "high": "9.72742",
            "low": "9.72742",
            "close": "9.73558"
        },
        {
            "time": "01.11.2020 23:08",
            "open": "9.73558",
            "high": "9.73558",
            "low": "9.73558",
            "close": "9.73534"
        },
        {
            "time": "01.11.2020 23:11",
            "open": "9.73534",
            "high": "9.73534",
            "low": "9.73533",
            "close": "9.74991"
        },
        {
            "time": "01.11.2020 23:12",
            "open": "9.74991",
            "high": "9.74991",
            "low": "9.74991",
            "close": "9.7449"
        },
        {
            "time": "01.11.2020 23:14",
            "open": "9.7449",
            "high": "9.74522",
            "low": "9.73584",
            "close": "9.73408"
        },
        {
            "time": "01.11.2020 23:15",
            "open": "9.73408",
            "high": "9.73408",
            "low": "9.73408",
            "close": "9.74718"
        },
        {
            "time": "01.11.2020 23:16",
            "open": "9.74718",
            "high": "9.74718",
            "low": "9.74718",
            "close": "9.73924"
        },
        {
            "time": "01.11.2020 23:18",
            "open": "9.73924",
            "high": "9.73924",
            "low": "9.73924",
            "close": "9.75093"
        },
        {
            "time": "01.11.2020 23:19",
            "open": "9.75093",
            "high": "9.75093",
            "low": "9.75093",
            "close": "9.7599"
        },
        {
            "time": "01.11.2020 23:20",
            "open": "9.7599",
            "high": "9.76592",
            "low": "9.7599",
            "close": "9.76243"
        },
        {
            "time": "01.11.2020 23:22",
            "open": "9.76243",
            "high": "9.77592",
            "low": "9.76243",
            "close": "9.7913"
        },
        {
            "time": "01.11.2020 23:23",
            "open": "9.7913",
            "high": "9.81",
            "low": "9.7913",
            "close": "9.82"
        },
        {
            "time": "01.11.2020 23:25",
            "open": "9.82",
            "high": "9.82",
            "low": "9.82",
            "close": "9.82"
        },
        {
            "time": "01.11.2020 23:27",
            "open": "9.82",
            "high": "9.82",
            "low": "9.82",
            "close": "9.81552"
        },
        {
            "time": "01.11.2020 23:28",
            "open": "9.81552",
            "high": "9.81552",
            "low": "9.81552",
            "close": "9.82491"
        },
        {
            "time": "01.11.2020 23:29",
            "open": "9.82491",
            "high": "9.82751",
            "low": "9.82491",
            "close": "9.84615"
        },
        {
            "time": "01.11.2020 23:30",
            "open": "9.84615",
            "high": "9.84619",
            "low": "9.84004",
            "close": "9.849"
        },
        {
            "time": "01.11.2020 23:32",
            "open": "9.849",
            "high": "9.84901",
            "low": "9.83685",
            "close": "9.84887"
        },
        {
            "time": "01.11.2020 23:33",
            "open": "9.84887",
            "high": "9.85215",
            "low": "9.84886",
            "close": "9.86"
        },
        {
            "time": "01.11.2020 23:34",
            "open": "9.86",
            "high": "9.86",
            "low": "9.86",
            "close": "9.86"
        },
        {
            "time": "01.11.2020 23:35",
            "open": "9.86",
            "high": "9.88794",
            "low": "9.86",
            "close": "9.891"
        },
        {
            "time": "01.11.2020 23:36",
            "open": "9.891",
            "high": "9.891",
            "low": "9.891",
            "close": "9.89616"
        },
        {
            "time": "01.11.2020 23:37",
            "open": "9.89616",
            "high": "9.89616",
            "low": "9.89",
            "close": "9.9"
        },
        {
            "time": "01.11.2020 23:38",
            "open": "9.9",
            "high": "9.9",
            "low": "9.89862",
            "close": "9.90834"
        },
        {
            "time": "01.11.2020 23:39",
            "open": "9.90834",
            "high": "9.90834",
            "low": "9.90834",
            "close": "9.89073"
        },
        {
            "time": "01.11.2020 23:41",
            "open": "9.89073",
            "high": "9.89073",
            "low": "9.85399",
            "close": "9.86594"
        },
        {
            "time": "01.11.2020 23:42",
            "open": "9.86594",
            "high": "9.86594",
            "low": "9.85319",
            "close": "9.89242"
        },
        {
            "time": "01.11.2020 23:43",
            "open": "9.89242",
            "high": "9.89243",
            "low": "9.89242",
            "close": "9.87144"
        },
        {
            "time": "01.11.2020 23:44",
            "open": "9.87144",
            "high": "9.87144",
            "low": "9.87144",
            "close": "9.86803"
        },
        {
            "time": "01.11.2020 23:45",
            "open": "9.86803",
            "high": "9.86803",
            "low": "9.86328",
            "close": "9.85758"
        },
        {
            "time": "01.11.2020 23:46",
            "open": "9.85758",
            "high": "9.85758",
            "low": "9.83556",
            "close": "9.81932"
        },
        {
            "time": "01.11.2020 23:48",
            "open": "9.81932",
            "high": "9.81932",
            "low": "9.79943",
            "close": "9.83379"
        },
        {
            "time": "01.11.2020 23:49",
            "open": "9.83379",
            "high": "9.83379",
            "low": "9.83379",
            "close": "9.83616"
        },
        {
            "time": "01.11.2020 23:50",
            "open": "9.83616",
            "high": "9.84375",
            "low": "9.83616",
            "close": "9.87031"
        },
        {
            "time": "01.11.2020 23:51",
            "open": "9.87031",
            "high": "9.87558",
            "low": "9.87031",
            "close": "9.86823"
        },
        {
            "time": "01.11.2020 23:53",
            "open": "9.86823",
            "high": "9.86823",
            "low": "9.85438",
            "close": "9.83446"
        },
        {
            "time": "01.11.2020 23:54",
            "open": "9.83446",
            "high": "9.83446",
            "low": "9.83445",
            "close": "9.85957"
        },
        {
            "time": "01.11.2020 23:56",
            "open": "9.85957",
            "high": "9.87526",
            "low": "9.85849",
            "close": "9.84236"
        },
        {
            "time": "01.11.2020 23:58",
            "open": "9.84236",
            "high": "9.84236",
            "low": "9.84233",
            "close": "9.85105"
        }
    ]
}