{
    "BTC-EUR": [
        {
            "time": "04.01.2021 17:55",
            "open": "25564.18",
            "high": "25652.8",
            "low": "25537.18",
            "close": "25598.98"
        },
        {
            "time": "04.01.2021 17:56",
            "open": "25598.98",
            "high": "25646.76",
            "low": "25582.97",
            "close": "25622.81"
        },
        {
            "time": "04.01.2021 18:01",
            "open": "25685.74",
            "high": "25685.74",
            "low": "25685.74",
            "close": "25711.52"
        },
        {
            "time": "04.01.2021 18:02",
            "open": "25711.52",
            "high": "25730.99",
            "low": "25655.86",
            "close": "25683.86"
        },
        {
            "time": "04.01.2021 18:03",
            "open": "25683.86",
            "high": "25707.03",
            "low": "25635.44",
            "close": "25655.97"
        },
        {
            "time": "04.01.2021 18:04",
            "open": "25655.97",
            "high": "25691.66",
            "low": "25629.45",
            "close": "25657.34"
        },
        {
            "time": "04.01.2021 18:05",
            "open": "25657.34",
            "high": "25686",
            "low": "25610.99",
            "close": "25630.04"
        },
        {
            "time": "04.01.2021 18:06",
            "open": "25630.04",
            "high": "25734.63",
            "low": "25584.84",
            "close": "25608.49"
        },
        {
            "time": "04.01.2021 18:07",
            "open": "25608.49",
            "high": "25674.75",
            "low": "25582.44",
            "close": "25637.73"
        },
        {
            "time": "04.01.2021 18:08",
            "open": "25637.73",
            "high": "25664.14",
            "low": "25575.75",
            "close": "25593.05"
        },
        {
            "time": "04.01.2021 18:09",
            "open": "25593.05",
            "high": "25611.8",
            "low": "25529.53",
            "close": "25540.81"
        },
        {
            "time": "04.01.2021 18:10",
            "open": "25540.81",
            "high": "25599.9",
            "low": "25532.24",
            "close": "25568.02"
        },
        {
            "time": "04.01.2021 18:11",
            "open": "25568.02",
            "high": "25578.13",
            "low": "25467.39",
            "close": "25499.88"
        },
        {
            "time": "04.01.2021 18:12",
            "open": "25499.88",
            "high": "25562.14",
            "low": "25462.26",
            "close": "25507.67"
        },
        {
            "time": "04.01.2021 18:13",
            "open": "25507.67",
            "high": "25507.67",
            "low": "25450.96",
            "close": "25451.13"
        },
        {
            "time": "04.01.2021 18:14",
            "open": "25451.13",
            "high": "25472.84",
            "low": "25279.78",
            "close": "25318.93"
        },
        {
            "time": "04.01.2021 18:15",
            "open": "25318.93",
            "high": "25400",
            "low": "25225.01",
            "close": "25244.63"
        },
        {
            "time": "04.01.2021 18:16",
            "open": "25244.63",
            "high": "25343.31",
            "low": "25225.04",
            "close": "25243.81"
        },
        {
            "time": "04.01.2021 18:17",
            "open": "25266.16",
            "high": "25285.54",
            "low": "25235.38",
            "close": "25282.66"
        },
        {
            "time": "04.01.2021 18:18",
            "open": "25282.66",
            "high": "25314.48",
            "low": "25267.93",
            "close": "25288.13"
        },
        {
            "time": "04.01.2021 18:19",
            "open": "25288.13",
            "high": "25344.33",
            "low": "25254.6",
            "close": "25322.82"
        },
        {
            "time": "04.01.2021 18:20",
            "open": "25322.82",
            "high": "25423.31",
            "low": "25322.82",
            "close": "25399.47"
        },
        {
            "time": "04.01.2021 18:21",
            "open": "25399.47",
            "high": "25424.65",
            "low": "25366.78",
            "close": "25366.78"
        },
        {
            "time": "04.01.2021 18:22",
            "open": "25366.78",
            "high": "25405.03",
            "low": "25346.05",
            "close": "25390"
        },
        {
            "time": "04.01.2021 18:23",
            "open": "25390",
            "high": "25404.41",
            "low": "25327.95",
            "close": "25376.05"
        },
        {
            "time": "04.01.2021 18:24",
            "open": "25376.05",
            "high": "25403.65",
            "low": "25338.74",
            "close": "25358.18"
        },
        {
            "time": "04.01.2021 18:25",
            "open": "25358.18",
            "high": "25366.42",
            "low": "25270.53",
            "close": "25389.99"
        },
        {
            "time": "04.01.2021 18:26",
            "open": "25389.99",
            "high": "25540.36",
            "low": "25372.47",
            "close": "25500.72"
        },
        {
            "time": "04.01.2021 18:27",
            "open": "25500.72",
            "high": "25504.01",
            "low": "25444.31",
            "close": "25460.33"
        },
        {
            "time": "04.01.2021 18:28",
            "open": "25460.33",
            "high": "25473.52",
            "low": "25350",
            "close": "25380.93"
        },
        {
            "time": "04.01.2021 18:29",
            "open": "25380.93",
            "high": "25380.93",
            "low": "25268.44",
            "close": "25301.69"
        },
        {
            "time": "04.01.2021 18:30",
            "open": "25301.69",
            "high": "25349.98",
            "low": "25203.38",
            "close": "25227.99"
        },
        {
            "time": "04.01.2021 18:31",
            "open": "25227.99",
            "high": "25316.78",
            "low": "25227.99",
            "close": "25267.06"
        },
        {
            "time": "04.01.2021 18:32",
            "open": "25267.06",
            "high": "25314.65",
            "low": "25219.09",
            "close": "25290.47"
        },
        {
            "time": "04.01.2021 18:33",
            "open": "25290.47",
            "high": "25306.2",
            "low": "25220.48",
            "close": "25277.25"
        },
        {
            "time": "04.01.2021 18:34",
            "open": "25277.25",
            "high": "25308.95",
            "low": "25245.23",
            "close": "25264.02"
        },
        {
            "time": "04.01.2021 18:35",
            "open": "25264.02",
            "high": "25298.97",
            "low": "25226.57",
            "close": "25242.04"
        },
        {
            "time": "04.01.2021 18:36",
            "open": "25242.04",
            "high": "25264.22",
            "low": "25169.49",
            "close": "25261.73"
        },
        {
            "time": "04.01.2021 18:37",
            "open": "25261.73",
            "high": "25261.73",
            "low": "25157.26",
            "close": "25193.42"
        },
        {
            "time": "04.01.2021 18:38",
            "open": "25193.42",
            "high": "25245.69",
            "low": "25184.52",
            "close": "25238.36"
        },
        {
            "time": "04.01.2021 18:39",
            "open": "25238.36",
            "high": "25316.01",
            "low": "25205.17",
            "close": "25311.67"
        },
        {
            "time": "04.01.2021 18:40",
            "open": "25311.67",
            "high": "25376.23",
            "low": "25295.8",
            "close": "25350"
        },
        {
            "time": "04.01.2021 18:41",
            "open": "25350",
            "high": "25358.56",
            "low": "25237.07",
            "close": "25242.45"
        },
        {
            "time": "04.01.2021 18:42",
            "open": "25242.45",
            "high": "25242.45",
            "low": "25158.9",
            "close": "25203.63"
        },
        {
            "time": "04.01.2021 18:43",
            "open": "25203.63",
            "high": "25209.6",
            "low": "25127.1",
            "close": "25198.17"
        },
        {
            "time": "04.01.2021 18:44",
            "open": "25198.17",
            "high": "25212.66",
            "low": "25138.09",
            "close": "25157.66"
        },
        {
            "time": "04.01.2021 18:45",
            "open": "25157.66",
            "high": "25157.7",
            "low": "25100",
            "close": "25143.2"
        },
        {
            "time": "04.01.2021 18:46",
            "open": "25143.2",
            "high": "25143.2",
            "low": "25008.39",
            "close": "25046.29"
        },
        {
            "time": "04.01.2021 18:47",
            "open": "25046.29",
            "high": "25047.15",
            "low": "24987.31",
            "close": "25031.6"
        },
        {
            "time": "04.01.2021 18:48",
            "open": "25031.6",
            "high": "25136.56",
            "low": "25019.71",
            "close": "25067.89"
        },
        {
            "time": "04.01.2021 18:49",
            "open": "25067.89",
            "high": "25123.13",
            "low": "24962.92",
            "close": "25006.55"
        },
        {
            "time": "04.01.2021 18:50",
            "open": "25006.55",
            "high": "25097.3",
            "low": "24986.09",
            "close": "25089.45"
        },
        {
            "time": "04.01.2021 18:51",
            "open": "25089.45",
            "high": "25142.53",
            "low": "25063.41",
            "close": "25081.97"
        },
        {
            "time": "04.01.2021 18:52",
            "open": "25081.97",
            "high": "25171.07",
            "low": "25076.3",
            "close": "25125.75"
        },
        {
            "time": "04.01.2021 18:53",
            "open": "25125.75",
            "high": "25200",
            "low": "25112.95",
            "close": "25173.06"
        },
        {
            "time": "04.01.2021 18:54",
            "open": "25173.06",
            "high": "25241.26",
            "low": "25100",
            "close": "25212.93"
        },
        {
            "time": "04.01.2021 18:55",
            "open": "25212.93",
            "high": "25236.08",
            "low": "25201.08",
            "close": "25216.54"
        },
        {
            "time": "04.01.2021 18:56",
            "open": "25216.54",
            "high": "25347.13",
            "low": "25086.25",
            "close": "25342.22"
        },
        {
            "time": "04.01.2021 18:57",
            "open": "25342.22",
            "high": "25342.76",
            "low": "25267.21",
            "close": "25325.62"
        },
        {
            "time": "04.01.2021 18:58",
            "open": "25325.62",
            "high": "25325.62",
            "low": "25254.55",
            "close": "25324.36"
        },
        {
            "time": "04.01.2021 18:59",
            "open": "25324.36",
            "high": "25324.37",
            "low": "25289.22",
            "close": "25314.64"
        },
        {
            "time": "04.01.2021 19:00",
            "open": "25314.64",
            "high": "25470.11",
            "low": "25297.12",
            "close": "25457.56"
        },
        {
            "time": "04.01.2021 19:01",
            "open": "25457.56",
            "high": "25472.86",
            "low": "25390.3",
            "close": "25408.54"
        },
        {
            "time": "04.01.2021 19:02",
            "open": "25408.54",
            "high": "25486.83",
            "low": "25408.54",
            "close": "25405.34"
        },
        {
            "time": "04.01.2021 19:03",
            "open": "25405.34",
            "high": "25469",
            "low": "25405.27",
            "close": "25458.67"
        },
        {
            "time": "04.01.2021 19:04",
            "open": "25458.67",
            "high": "25501.87",
            "low": "25445.09",
            "close": "25514"
        },
        {
            "time": "04.01.2021 19:05",
            "open": "25514",
            "high": "25534.33",
            "low": "25464.01",
            "close": "25499.99"
        },
        {
            "time": "04.01.2021 19:06",
            "open": "25499.99",
            "high": "25499.99",
            "low": "25451.76",
            "close": "25480.35"
        },
        {
            "time": "04.01.2021 19:07",
            "open": "25480.35",
            "high": "25482.38",
            "low": "25443.31",
            "close": "25491.92"
        },
        {
            "time": "04.01.2021 19:08",
            "open": "25491.92",
            "high": "25491.92",
            "low": "25441.66",
            "close": "25479.72"
        },
        {
            "time": "04.01.2021 19:09",
            "open": "25479.72",
            "high": "25506.09",
            "low": "25462.46",
            "close": "25465.83"
        },
        {
            "time": "04.01.2021 19:10",
            "open": "25465.83",
            "high": "25474.67",
            "low": "25435.8",
            "close": "25461.57"
        },
        {
            "time": "04.01.2021 19:11",
            "open": "25461.57",
            "high": "25491.58",
            "low": "25461.52",
            "close": "25479.41"
        },
        {
            "time": "04.01.2021 19:12",
            "open": "25479.41",
            "high": "25500",
            "low": "25450",
            "close": "25450"
        },
        {
            "time": "04.01.2021 19:13",
            "open": "25450",
            "high": "25484.63",
            "low": "25444.29",
            "close": "25487.11"
        },
        {
            "time": "04.01.2021 19:14",
            "open": "25487.11",
            "high": "25487.11",
            "low": "25452.41",
            "close": "25441.69"
        },
        {
            "time": "04.01.2021 19:15",
            "open": "25441.69",
            "high": "25458.26",
            "low": "25413.12",
            "close": "25447.85"
        },
        {
            "time": "04.01.2021 19:16",
            "open": "25447.85",
            "high": "25477.47",
            "low": "25424.52",
            "close": "25474.25"
        },
        {
            "time": "04.01.2021 19:17",
            "open": "25474.25",
            "high": "25474.32",
            "low": "25417.93",
            "close": "25410.52"
        },
        {
            "time": "04.01.2021 19:18",
            "open": "25410.52",
            "high": "25475.92",
            "low": "25410.52",
            "close": "25475.92"
        },
        {
            "time": "04.01.2021 19:19",
            "open": "25475.92",
            "high": "25506.09",
            "low": "25458.02",
            "close": "25491.16"
        },
        {
            "time": "04.01.2021 19:20",
            "open": "25491.16",
            "high": "25491.16",
            "low": "25355.12",
            "close": "25373.26"
        },
        {
            "time": "04.01.2021 19:21",
            "open": "25373.26",
            "high": "25373.26",
            "low": "25312.19",
            "close": "25347.72"
        },
        {
            "time": "04.01.2021 19:22",
            "open": "25347.72",
            "high": "25403.18",
            "low": "25337.61",
            "close": "25380.38"
        },
        {
            "time": "04.01.2021 19:23",
            "open": "25380.38",
            "high": "25437.99",
            "low": "25380.38",
            "close": "25418.5"
        },
        {
            "time": "04.01.2021 19:24",
            "open": "25418.5",
            "high": "25418.5",
            "low": "25330.47",
            "close": "25380"
        },
        {
            "time": "04.01.2021 19:25",
            "open": "25380",
            "high": "25417.09",
            "low": "25364.39",
            "close": "25402.44"
        },
        {
            "time": "04.01.2021 19:26",
            "open": "25402.44",
            "high": "25493.78",
            "low": "25374.32",
            "close": "25466.27"
        },
        {
            "time": "04.01.2021 19:27",
            "open": "25466.27",
            "high": "25555",
            "low": "25466.27",
            "close": "25511.04"
        },
        {
            "time": "04.01.2021 19:28",
            "open": "25511.04",
            "high": "25647.61",
            "low": "25509.36",
            "close": "25621.09"
        },
        {
            "time": "04.01.2021 19:29",
            "open": "25621.09",
            "high": "25655.07",
            "low": "25554.49",
            "close": "25657.7"
        },
        {
            "time": "04.01.2021 19:30",
            "open": "25657.7",
            "high": "25660.69",
            "low": "25587.19",
            "close": "25601.55"
        },
        {
            "time": "04.01.2021 19:31",
            "open": "25601.55",
            "high": "25690.72",
            "low": "25601.54",
            "close": "25665.06"
        },
        {
            "time": "04.01.2021 19:32",
            "open": "25665.06",
            "high": "25665.06",
            "low": "25600.22",
            "close": "25624.58"
        },
        {
            "time": "04.01.2021 19:33",
            "open": "25624.58",
            "high": "25624.58",
            "low": "25562.51",
            "close": "25584.12"
        },
        {
            "time": "04.01.2021 19:34",
            "open": "25584.12",
            "high": "25623.56",
            "low": "25560",
            "close": "25572.74"
        },
        {
            "time": "04.01.2021 19:35",
            "open": "25572.74",
            "high": "25626.98",
            "low": "25572.74",
            "close": "25597.68"
        },
        {
            "time": "04.01.2021 19:36",
            "open": "25597.68",
            "high": "25612.33",
            "low": "25563.55",
            "close": "25582.7"
        },
        {
            "time": "04.01.2021 19:37",
            "open": "25582.7",
            "high": "25588.91",
            "low": "25547.59",
            "close": "25567.6"
        },
        {
            "time": "04.01.2021 19:38",
            "open": "25567.6",
            "high": "25579.09",
            "low": "25538.76",
            "close": "25581.74"
        },
        {
            "time": "04.01.2021 19:39",
            "open": "25581.74",
            "high": "25624.24",
            "low": "25552.72",
            "close": "25570.38"
        },
        {
            "time": "04.01.2021 19:40",
            "open": "25570.38",
            "high": "25595.73",
            "low": "25549.81",
            "close": "25571.74"
        },
        {
            "time": "04.01.2021 19:41",
            "open": "25571.74",
            "high": "25595.85",
            "low": "25553.51",
            "close": "25565.16"
        },
        {
            "time": "04.01.2021 19:42",
            "open": "25565.16",
            "high": "25570.96",
            "low": "25531.63",
            "close": "25529.35"
        },
        {
            "time": "04.01.2021 19:43",
            "open": "25529.35",
            "high": "25628.75",
            "low": "25528.92",
            "close": "25630"
        },
        {
            "time": "04.01.2021 19:44",
            "open": "25630",
            "high": "25642.67",
            "low": "25585.87",
            "close": "25586.02"
        },
        {
            "time": "04.01.2021 19:45",
            "open": "25586.02",
            "high": "25634.88",
            "low": "25586.02",
            "close": "25606.68"
        },
        {
            "time": "04.01.2021 19:46",
            "open": "25606.68",
            "high": "25623.6",
            "low": "25577.76",
            "close": "25607.06"
        },
        {
            "time": "04.01.2021 19:47",
            "open": "25607.06",
            "high": "25607.06",
            "low": "25538.64",
            "close": "25537.74"
        },
        {
            "time": "04.01.2021 19:48",
            "open": "25537.74",
            "high": "25560.47",
            "low": "25480.47",
            "close": "25498.74"
        },
        {
            "time": "04.01.2021 19:49",
            "open": "25498.74",
            "high": "25501.86",
            "low": "25442.86",
            "close": "25440.36"
        },
        {
            "time": "04.01.2021 19:50",
            "open": "25440.36",
            "high": "25479.88",
            "low": "25435.81",
            "close": "25473.35"
        },
        {
            "time": "04.01.2021 19:51",
            "open": "25473.35",
            "high": "25483.71",
            "low": "25410.35",
            "close": "25467.03"
        },
        {
            "time": "04.01.2021 19:52",
            "open": "25467.03",
            "high": "25498.54",
            "low": "25422.71",
            "close": "25488.08"
        },
        {
            "time": "04.01.2021 19:53",
            "open": "25488.08",
            "high": "25526.69",
            "low": "25456.27",
            "close": "25497.15"
        },
        {
            "time": "04.01.2021 19:54",
            "open": "25497.15",
            "high": "25503.56",
            "low": "25446.67",
            "close": "25462.54"
        },
        {
            "time": "04.01.2021 19:55",
            "open": "25462.54",
            "high": "25489.22",
            "low": "25443.28",
            "close": "25487.57"
        },
        {
            "time": "04.01.2021 19:56",
            "open": "25487.57",
            "high": "25540.65",
            "low": "25487.57",
            "close": "25489.21"
        },
        {
            "time": "04.01.2021 19:57",
            "open": "25489.21",
            "high": "25508.29",
            "low": "25425.95",
            "close": "25446.24"
        },
        {
            "time": "04.01.2021 19:58",
            "open": "25446.24",
            "high": "25499.99",
            "low": "25382.32",
            "close": "25428.31"
        },
        {
            "time": "04.01.2021 19:59",
            "open": "25428.31",
            "high": "25465.16",
            "low": "25404.16",
            "close": "25464.15"
        },
        {
            "time": "04.01.2021 20:00",
            "open": "25464.15",
            "high": "25540.64",
            "low": "25446.09",
            "close": "25526.47"
        },
        {
            "time": "04.01.2021 20:01",
            "open": "25526.47",
            "high": "25579.99",
            "low": "25519.86",
            "close": "25579.38"
        },
        {
            "time": "04.01.2021 20:02",
            "open": "25579.38",
            "high": "25580",
            "low": "25543.34",
            "close": "25578.92"
        },
        {
            "time": "04.01.2021 20:03",
            "open": "25578.92",
            "high": "25599.99",
            "low": "25548.91",
            "close": "25573.03"
        },
        {
            "time": "04.01.2021 20:04",
            "open": "25573.03",
            "high": "25585.57",
            "low": "25535.27",
            "close": "25557.32"
        },
        {
            "time": "04.01.2021 20:05",
            "open": "25557.32",
            "high": "25564.88",
            "low": "25531.51",
            "close": "25564.87"
        },
        {
            "time": "04.01.2021 20:06",
            "open": "25564.87",
            "high": "25588.15",
            "low": "25559.21",
            "close": "25581.52"
        },
        {
            "time": "04.01.2021 20:07",
            "open": "25581.52",
            "high": "25581.61",
            "low": "25498.89",
            "close": "25488.4"
        },
        {
            "time": "04.01.2021 20:08",
            "open": "25488.4",
            "high": "25509.19",
            "low": "25455.88",
            "close": "25486.82"
        },
        {
            "time": "04.01.2021 20:09",
            "open": "25486.82",
            "high": "25486.83",
            "low": "25427.76",
            "close": "25431.62"
        },
        {
            "time": "04.01.2021 20:10",
            "open": "25431.62",
            "high": "25445.22",
            "low": "25421.62",
            "close": "25423.27"
        },
        {
            "time": "04.01.2021 20:11",
            "open": "25423.27",
            "high": "25496.94",
            "low": "25413.1",
            "close": "25453.82"
        },
        {
            "time": "04.01.2021 20:12",
            "open": "25453.82",
            "high": "25474.02",
            "low": "25417.81",
            "close": "25472.36"
        },
        {
            "time": "04.01.2021 20:13",
            "open": "25472.36",
            "high": "25472.36",
            "low": "25390",
            "close": "25438.82"
        },
        {
            "time": "04.01.2021 20:14",
            "open": "25438.82",
            "high": "25438.93",
            "low": "25421.77",
            "close": "25420"
        },
        {
            "time": "04.01.2021 20:15",
            "open": "25420",
            "high": "25435.32",
            "low": "25399.64",
            "close": "25434.4"
        },
        {
            "time": "04.01.2021 20:16",
            "open": "25434.4",
            "high": "25468.66",
            "low": "25423.14",
            "close": "25459.31"
        },
        {
            "time": "04.01.2021 20:17",
            "open": "25459.31",
            "high": "25481.36",
            "low": "25449.54",
            "close": "25477.63"
        },
        {
            "time": "04.01.2021 20:18",
            "open": "25477.63",
            "high": "25508.1",
            "low": "25458.67",
            "close": "25496.5"
        },
        {
            "time": "04.01.2021 20:19",
            "open": "25496.5",
            "high": "25526.75",
            "low": "25482.43",
            "close": "25496.52"
        },
        {
            "time": "04.01.2021 20:20",
            "open": "25496.52",
            "high": "25531.46",
            "low": "25496.52",
            "close": "25517.38"
        },
        {
            "time": "04.01.2021 20:21",
            "open": "25517.38",
            "high": "25571.34",
            "low": "25517.38",
            "close": "25566.96"
        },
        {
            "time": "04.01.2021 20:22",
            "open": "25566.96",
            "high": "25567.73",
            "low": "25537.6",
            "close": "25564.05"
        },
        {
            "time": "04.01.2021 20:23",
            "open": "25564.05",
            "high": "25570.56",
            "low": "25537.62",
            "close": "25560"
        },
        {
            "time": "04.01.2021 20:24",
            "open": "25560",
            "high": "25578.05",
            "low": "25542.82",
            "close": "25562.91"
        },
        {
            "time": "04.01.2021 20:25",
            "open": "25562.91",
            "high": "25585.48",
            "low": "25500",
            "close": "25518.34"
        },
        {
            "time": "04.01.2021 20:26",
            "open": "25518.34",
            "high": "25572.03",
            "low": "25518.32",
            "close": "25568.64"
        },
        {
            "time": "04.01.2021 20:27",
            "open": "25568.64",
            "high": "25696.84",
            "low": "25568.64",
            "close": "25642.66"
        },
        {
            "time": "04.01.2021 20:28",
            "open": "25642.66",
            "high": "25672.91",
            "low": "25623.3",
            "close": "25664.62"
        },
        {
            "time": "04.01.2021 20:29",
            "open": "25664.62",
            "high": "25698.85",
            "low": "25628.85",
            "close": "25657.54"
        },
        {
            "time": "04.01.2021 20:30",
            "open": "25657.54",
            "high": "25728.69",
            "low": "25631.58",
            "close": "25728.68"
        },
        {
            "time": "04.01.2021 20:31",
            "open": "25728.68",
            "high": "25728.69",
            "low": "25695.09",
            "close": "25713.79"
        },
        {
            "time": "04.01.2021 20:32",
            "open": "25713.79",
            "high": "25728.69",
            "low": "25695",
            "close": "25707.63"
        },
        {
            "time": "04.01.2021 20:33",
            "open": "25707.63",
            "high": "25863.93",
            "low": "25697.12",
            "close": "25841.32"
        },
        {
            "time": "04.01.2021 20:34",
            "open": "25841.32",
            "high": "25895.94",
            "low": "25808.75",
            "close": "25896.43"
        },
        {
            "time": "04.01.2021 20:35",
            "open": "25896.43",
            "high": "25900",
            "low": "25808.21",
            "close": "25869.32"
        },
        {
            "time": "04.01.2021 20:36",
            "open": "25869.32",
            "high": "25920.72",
            "low": "25869.32",
            "close": "25886"
        },
        {
            "time": "04.01.2021 20:37",
            "open": "25886",
            "high": "25919.92",
            "low": "25865.29",
            "close": "25901.32"
        },
        {
            "time": "04.01.2021 20:38",
            "open": "25901.32",
            "high": "25916.18",
            "low": "25868.94",
            "close": "25912.47"
        },
        {
            "time": "04.01.2021 20:39",
            "open": "25912.47",
            "high": "25912.47",
            "low": "25884.72",
            "close": "25899.77"
        },
        {
            "time": "04.01.2021 20:40",
            "open": "25899.77",
            "high": "25910",
            "low": "25880.87",
            "close": "25895.67"
        },
        {
            "time": "04.01.2021 20:41",
            "open": "25895.67",
            "high": "25920.72",
            "low": "25874.58",
            "close": "25920.72"
        },
        {
            "time": "04.01.2021 20:42",
            "open": "25920.72",
            "high": "25995",
            "low": "25914.77",
            "close": "25993.69"
        },
        {
            "time": "04.01.2021 20:43",
            "open": "25993.69",
            "high": "25995",
            "low": "25900",
            "close": "25900"
        },
        {
            "time": "04.01.2021 20:44",
            "open": "25900",
            "high": "25900",
            "low": "25840.19",
            "close": "25840.16"
        },
        {
            "time": "04.01.2021 20:45",
            "open": "25840.16",
            "high": "25896.93",
            "low": "25833.11",
            "close": "25856.73"
        },
        {
            "time": "04.01.2021 20:46",
            "open": "25856.73",
            "high": "25870.9",
            "low": "25838.32",
            "close": "25829.03"
        },
        {
            "time": "04.01.2021 20:47",
            "open": "25829.03",
            "high": "25829.03",
            "low": "25788.22",
            "close": "25805.89"
        },
        {
            "time": "04.01.2021 20:48",
            "open": "25805.89",
            "high": "25898.25",
            "low": "25780.92",
            "close": "25860.01"
        },
        {
            "time": "04.01.2021 20:49",
            "open": "25860.01",
            "high": "25865.8",
            "low": "25809.95",
            "close": "25830.11"
        },
        {
            "time": "04.01.2021 20:50",
            "open": "25830.11",
            "high": "25853.54",
            "low": "25809.94",
            "close": "25849.39"
        },
        {
            "time": "04.01.2021 20:51",
            "open": "25849.39",
            "high": "25876.33",
            "low": "25812.77",
            "close": "25828.72"
        },
        {
            "time": "04.01.2021 20:52",
            "open": "25828.72",
            "high": "25854.44",
            "low": "25809.94",
            "close": "25828.1"
        },
        {
            "time": "04.01.2021 20:53",
            "open": "25828.1",
            "high": "25840.26",
            "low": "25813.18",
            "close": "25830.54"
        },
        {
            "time": "04.01.2021 20:54",
            "open": "25830.54",
            "high": "25848.38",
            "low": "25809.94",
            "close": "25821.84"
        },
        {
            "time": "04.01.2021 20:55",
            "open": "25821.84",
            "high": "25885.28",
            "low": "25821.84",
            "close": "25838.54"
        },
        {
            "time": "04.01.2021 20:56",
            "open": "25838.54",
            "high": "25866.42",
            "low": "25776.93",
            "close": "25807.58"
        },
        {
            "time": "04.01.2021 20:57",
            "open": "25807.58",
            "high": "25854.25",
            "low": "25807.57",
            "close": "25839.07"
        },
        {
            "time": "04.01.2021 20:58",
            "open": "25839.07",
            "high": "25895.7",
            "low": "25826.84",
            "close": "25880.97"
        },
        {
            "time": "04.01.2021 20:59",
            "open": "25880.97",
            "high": "25880.97",
            "low": "25823.61",
            "close": "25840.83"
        },
        {
            "time": "04.01.2021 21:00",
            "open": "25840.83",
            "high": "25962.88",
            "low": "25837.07",
            "close": "25958.14"
        },
        {
            "time": "04.01.2021 21:01",
            "open": "25958.14",
            "high": "25981.15",
            "low": "25913.74",
            "close": "25936.07"
        },
        {
            "time": "04.01.2021 21:02",
            "open": "25936.07",
            "high": "25936.07",
            "low": "25884.08",
            "close": "25899.5"
        },
        {
            "time": "04.01.2021 21:03",
            "open": "25899.5",
            "high": "25905.86",
            "low": "25826.09",
            "close": "25840"
        },
        {
            "time": "04.01.2021 21:04",
            "open": "25840",
            "high": "25840",
            "low": "25702.79",
            "close": "25726.43"
        },
        {
            "time": "04.01.2021 21:05",
            "open": "25726.43",
            "high": "25749.97",
            "low": "25676.32",
            "close": "25737.63"
        },
        {
            "time": "04.01.2021 21:06",
            "open": "25737.63",
            "high": "25746.48",
            "low": "25677.01",
            "close": "25677.17"
        },
        {
            "time": "04.01.2021 21:07",
            "open": "25677.17",
            "high": "25723.07",
            "low": "25677.17",
            "close": "25700"
        },
        {
            "time": "04.01.2021 21:08",
            "open": "25700",
            "high": "25720.63",
            "low": "25684.73",
            "close": "25707.87"
        },
        {
            "time": "04.01.2021 21:09",
            "open": "25707.87",
            "high": "25727.96",
            "low": "25692.18",
            "close": "25703"
        },
        {
            "time": "04.01.2021 21:10",
            "open": "25703",
            "high": "25750",
            "low": "25687",
            "close": "25750"
        },
        {
            "time": "04.01.2021 21:11",
            "open": "25750",
            "high": "25788.2",
            "low": "25737.87",
            "close": "25774.16"
        },
        {
            "time": "04.01.2021 21:12",
            "open": "25774.16",
            "high": "25782.81",
            "low": "25750.34",
            "close": "25765.25"
        },
        {
            "time": "04.01.2021 21:13",
            "open": "25765.25",
            "high": "25775.37",
            "low": "25720.2",
            "close": "25766.11"
        },
        {
            "time": "04.01.2021 21:14",
            "open": "25766.11",
            "high": "25766.15",
            "low": "25755",
            "close": "25755"
        },
        {
            "time": "04.01.2021 21:15",
            "open": "25755",
            "high": "25755",
            "low": "25711.69",
            "close": "25728.57"
        },
        {
            "time": "04.01.2021 21:16",
            "open": "25728.57",
            "high": "25904.49",
            "low": "25728.57",
            "close": "25851.83"
        },
        {
            "time": "04.01.2021 21:17",
            "open": "25851.83",
            "high": "25851.85",
            "low": "25799.81",
            "close": "25810.73"
        },
        {
            "time": "04.01.2021 21:18",
            "open": "25810.73",
            "high": "25832.04",
            "low": "25804.69",
            "close": "25812.45"
        },
        {
            "time": "04.01.2021 21:19",
            "open": "25812.45",
            "high": "25822.69",
            "low": "25778.33",
            "close": "25800.45"
        },
        {
            "time": "04.01.2021 21:20",
            "open": "25800.45",
            "high": "25808.08",
            "low": "25757.04",
            "close": "25798.45"
        },
        {
            "time": "04.01.2021 21:21",
            "open": "25798.45",
            "high": "25862.4",
            "low": "25785.41",
            "close": "25803.04"
        },
        {
            "time": "04.01.2021 21:22",
            "open": "25803.04",
            "high": "25819.84",
            "low": "25705.48",
            "close": "25701.01"
        },
        {
            "time": "04.01.2021 21:23",
            "open": "25701.01",
            "high": "25717.42",
            "low": "25643.61",
            "close": "25666.29"
        },
        {
            "time": "04.01.2021 21:24",
            "open": "25666.29",
            "high": "25685.59",
            "low": "25616.69",
            "close": "25600.8"
        },
        {
            "time": "04.01.2021 21:25",
            "open": "25600.8",
            "high": "25648.89",
            "low": "25582.87",
            "close": "25648.57"
        },
        {
            "time": "04.01.2021 21:26",
            "open": "25648.57",
            "high": "25679.79",
            "low": "25628.4",
            "close": "25650.32"
        },
        {
            "time": "04.01.2021 21:27",
            "open": "25650.32",
            "high": "25670.38",
            "low": "25590.9",
            "close": "25600.74"
        },
        {
            "time": "04.01.2021 21:28",
            "open": "25600.74",
            "high": "25647.99",
            "low": "25525.1",
            "close": "25626.68"
        },
        {
            "time": "04.01.2021 21:29",
            "open": "25626.68",
            "high": "25626.68",
            "low": "25588.54",
            "close": "25609.53"
        },
        {
            "time": "04.01.2021 21:30",
            "open": "25609.53",
            "high": "25668.81",
            "low": "25596.41",
            "close": "25641.74"
        },
        {
            "time": "04.01.2021 21:31",
            "open": "25641.74",
            "high": "25651.99",
            "low": "25611.31",
            "close": "25646.43"
        },
        {
            "time": "04.01.2021 21:32",
            "open": "25646.43",
            "high": "25651.8",
            "low": "25583.25",
            "close": "25601.54"
        },
        {
            "time": "04.01.2021 21:33",
            "open": "25601.54",
            "high": "25654.05",
            "low": "25601.54",
            "close": "25636.24"
        },
        {
            "time": "04.01.2021 21:34",
            "open": "25636.24",
            "high": "25685.28",
            "low": "25636.23",
            "close": "25664.94"
        },
        {
            "time": "04.01.2021 21:35",
            "open": "25664.94",
            "high": "25705.65",
            "low": "25650.37",
            "close": "25696.15"
        },
        {
            "time": "04.01.2021 21:36",
            "open": "25696.15",
            "high": "25702.09",
            "low": "25670.11",
            "close": "25682.04"
        },
        {
            "time": "04.01.2021 21:37",
            "open": "25682.04",
            "high": "25697.2",
            "low": "25650",
            "close": "25666.63"
        },
        {
            "time": "04.01.2021 21:38",
            "open": "25666.63",
            "high": "25690.53",
            "low": "25638.3",
            "close": "25638.6"
        },
        {
            "time": "04.01.2021 21:39",
            "open": "25638.6",
            "high": "25662.4",
            "low": "25590.25",
            "close": "25610.86"
        },
        {
            "time": "04.01.2021 21:40",
            "open": "25610.86",
            "high": "25610.86",
            "low": "25557.96",
            "close": "25575.2"
        },
        {
            "time": "04.01.2021 21:41",
            "open": "25575.2",
            "high": "25611.67",
            "low": "25558.22",
            "close": "25602.1"
        },
        {
            "time": "04.01.2021 21:42",
            "open": "25602.1",
            "high": "25611.67",
            "low": "25600.1",
            "close": "25611.64"
        },
        {
            "time": "04.01.2021 21:43",
            "open": "25611.64",
            "high": "25611.64",
            "low": "25525.02",
            "close": "25545"
        },
        {
            "time": "04.01.2021 21:44",
            "open": "25545",
            "high": "25583.28",
            "low": "25532.44",
            "close": "25583.28"
        },
        {
            "time": "04.01.2021 21:45",
            "open": "25583.28",
            "high": "25590.2",
            "low": "25541.53",
            "close": "25560.12"
        },
        {
            "time": "04.01.2021 21:46",
            "open": "25560.12",
            "high": "25590.2",
            "low": "25560.12",
            "close": "25581.39"
        },
        {
            "time": "04.01.2021 21:47",
            "open": "25581.39",
            "high": "25643.49",
            "low": "25581.39",
            "close": "25626.5"
        },
        {
            "time": "04.01.2021 21:48",
            "open": "25626.5",
            "high": "25659.39",
            "low": "25613.46",
            "close": "25626.78"
        },
        {
            "time": "04.01.2021 21:49",
            "open": "25626.78",
            "high": "25626.78",
            "low": "25579.15",
            "close": "25618.31"
        },
        {
            "time": "04.01.2021 21:50",
            "open": "25618.31",
            "high": "25629.44",
            "low": "25569.23",
            "close": "25614.94"
        },
        {
            "time": "04.01.2021 21:51",
            "open": "25614.94",
            "high": "25649.96",
            "low": "25591.6",
            "close": "25631.07"
        },
        {
            "time": "04.01.2021 21:52",
            "open": "25631.07",
            "high": "25678.44",
            "low": "25631.07",
            "close": "25649.14"
        },
        {
            "time": "04.01.2021 21:53",
            "open": "25649.14",
            "high": "25670.83",
            "low": "25636.18",
            "close": "25636.08"
        },
        {
            "time": "04.01.2021 21:54",
            "open": "25636.08",
            "high": "25674.9",
            "low": "25636.08",
            "close": "25631.56"
        },
        {
            "time": "04.01.2021 21:55",
            "open": "25631.56",
            "high": "25640.19",
            "low": "25600.09",
            "close": "25611.39"
        },
        {
            "time": "04.01.2021 21:56",
            "open": "25611.39",
            "high": "25626.55",
            "low": "25511.49",
            "close": "25534.98"
        },
        {
            "time": "04.01.2021 21:57",
            "open": "25534.98",
            "high": "25551.86",
            "low": "25518.17",
            "close": "25552.51"
        },
        {
            "time": "04.01.2021 21:58",
            "open": "25552.51",
            "high": "25598.45",
            "low": "25526.17",
            "close": "25523.47"
        },
        {
            "time": "04.01.2021 21:59",
            "open": "25523.47",
            "high": "25542.71",
            "low": "25470.61",
            "close": "25522.38"
        },
        {
            "time": "04.01.2021 22:00",
            "open": "25522.38",
            "high": "25557.39",
            "low": "25489.92",
            "close": "25547.04"
        },
        {
            "time": "04.01.2021 22:01",
            "open": "25547.04",
            "high": "25603.01",
            "low": "25526.78",
            "close": "25552.73"
        },
        {
            "time": "04.01.2021 22:02",
            "open": "25552.73",
            "high": "25568.37",
            "low": "25519.24",
            "close": "25546.37"
        },
        {
            "time": "04.01.2021 22:03",
            "open": "25546.37",
            "high": "25583.32",
            "low": "25538.31",
            "close": "25583.32"
        },
        {
            "time": "04.01.2021 22:04",
            "open": "25583.32",
            "high": "25594.39",
            "low": "25557.81",
            "close": "25588.9"
        },
        {
            "time": "04.01.2021 22:05",
            "open": "25588.9",
            "high": "25600",
            "low": "25554.85",
            "close": "25591.92"
        },
        {
            "time": "04.01.2021 22:06",
            "open": "25591.92",
            "high": "25627.76",
            "low": "25566.49",
            "close": "25628.1"
        },
        {
            "time": "04.01.2021 22:07",
            "open": "25628.1",
            "high": "25663.21",
            "low": "25617.05",
            "close": "25662.13"
        },
        {
            "time": "04.01.2021 22:08",
            "open": "25662.13",
            "high": "25662.13",
            "low": "25627.17",
            "close": "25652.16"
        },
        {
            "time": "04.01.2021 22:09",
            "open": "25652.16",
            "high": "25652.16",
            "low": "25611.66",
            "close": "25636.86"
        },
        {
            "time": "04.01.2021 22:10",
            "open": "25636.86",
            "high": "25731.18",
            "low": "25636.86",
            "close": "25730.86"
        },
        {
            "time": "04.01.2021 22:11",
            "open": "25730.86",
            "high": "25749.54",
            "low": "25713.25",
            "close": "25717.38"
        },
        {
            "time": "04.01.2021 22:12",
            "open": "25717.38",
            "high": "25743.59",
            "low": "25711.24",
            "close": "25728.1"
        },
        {
            "time": "04.01.2021 22:13",
            "open": "25728.1",
            "high": "25728.55",
            "low": "25688.98",
            "close": "25711.82"
        },
        {
            "time": "04.01.2021 22:14",
            "open": "25711.82",
            "high": "25774.91",
            "low": "25696.74",
            "close": "25746.26"
        },
        {
            "time": "04.01.2021 22:15",
            "open": "25746.26",
            "high": "25752.6",
            "low": "25684.44",
            "close": "25697.05"
        },
        {
            "time": "04.01.2021 22:16",
            "open": "25697.05",
            "high": "25711.96",
            "low": "25673.44",
            "close": "25701.91"
        },
        {
            "time": "04.01.2021 22:17",
            "open": "25701.91",
            "high": "25718.37",
            "low": "25684.66",
            "close": "25698.89"
        },
        {
            "time": "04.01.2021 22:18",
            "open": "25698.89",
            "high": "25710.65",
            "low": "25659.58",
            "close": "25690.25"
        },
        {
            "time": "04.01.2021 22:19",
            "open": "25690.25",
            "high": "25698.87",
            "low": "25661.57",
            "close": "25687.14"
        },
        {
            "time": "04.01.2021 22:20",
            "open": "25687.14",
            "high": "25696.42",
            "low": "25617.96",
            "close": "25640.86"
        },
        {
            "time": "04.01.2021 22:21",
            "open": "25640.86",
            "high": "25640.86",
            "low": "25604.44",
            "close": "25652.01"
        },
        {
            "time": "04.01.2021 22:22",
            "open": "25652.01",
            "high": "25675.81",
            "low": "25602",
            "close": "25626.87"
        },
        {
            "time": "04.01.2021 22:23",
            "open": "25626.87",
            "high": "25640.48",
            "low": "25577.83",
            "close": "25624.38"
        },
        {
            "time": "04.01.2021 22:24",
            "open": "25624.38",
            "high": "25624.38",
            "low": "25575.75",
            "close": "25585.25"
        },
        {
            "time": "04.01.2021 22:25",
            "open": "25585.25",
            "high": "25585.25",
            "low": "25515.04",
            "close": "25566.73"
        },
        {
            "time": "04.01.2021 22:26",
            "open": "25566.73",
            "high": "25577.08",
            "low": "25497.33",
            "close": "25522.47"
        },
        {
            "time": "04.01.2021 22:27",
            "open": "25522.47",
            "high": "25549.66",
            "low": "25480.53",
            "close": "25488.3"
        },
        {
            "time": "04.01.2021 22:28",
            "open": "25488.3",
            "high": "25488.3",
            "low": "25333.33",
            "close": "25388.66"
        },
        {
            "time": "04.01.2021 22:29",
            "open": "25388.66",
            "high": "25461.52",
            "low": "25375.02",
            "close": "25399.73"
        },
        {
            "time": "04.01.2021 22:30",
            "open": "25399.73",
            "high": "25476.75",
            "low": "25364.75",
            "close": "25465.92"
        },
        {
            "time": "04.01.2021 22:31",
            "open": "25465.92",
            "high": "25478.87",
            "low": "25429.58",
            "close": "25430.07"
        },
        {
            "time": "04.01.2021 22:32",
            "open": "25430.07",
            "high": "25453.72",
            "low": "25400",
            "close": "25402.7"
        },
        {
            "time": "04.01.2021 22:33",
            "open": "25402.7",
            "high": "25438.22",
            "low": "25400",
            "close": "25409.57"
        },
        {
            "time": "04.01.2021 22:34",
            "open": "25409.57",
            "high": "25409.57",
            "low": "25300",
            "close": "25319.01"
        },
        {
            "time": "04.01.2021 22:35",
            "open": "25319.01",
            "high": "25334.68",
            "low": "25246.56",
            "close": "25240.99"
        },
        {
            "time": "04.01.2021 22:36",
            "open": "25240.99",
            "high": "25532.69",
            "low": "25229.55",
            "close": "25239.19"
        },
        {
            "time": "04.01.2021 22:37",
            "open": "25239.19",
            "high": "25273.6",
            "low": "25230.26",
            "close": "25251.26"
        },
        {
            "time": "04.01.2021 22:38",
            "open": "25251.26",
            "high": "25324.66",
            "low": "25225.02",
            "close": "25339.69"
        },
        {
            "time": "04.01.2021 22:39",
            "open": "25339.69",
            "high": "25339.69",
            "low": "25246.46",
            "close": "25251.37"
        },
        {
            "time": "04.01.2021 22:40",
            "open": "25251.37",
            "high": "25309.25",
            "low": "25222.06",
            "close": "25287.4"
        },
        {
            "time": "04.01.2021 22:41",
            "open": "25287.4",
            "high": "25318.44",
            "low": "25279.2",
            "close": "25300.05"
        },
        {
            "time": "04.01.2021 22:42",
            "open": "25300.05",
            "high": "25320.2",
            "low": "25289",
            "close": "25303.32"
        },
        {
            "time": "04.01.2021 22:43",
            "open": "25303.32",
            "high": "25317.23",
            "low": "25250.3",
            "close": "25278.96"
        },
        {
            "time": "04.01.2021 22:44",
            "open": "25278.96",
            "high": "25278.96",
            "low": "25229.32",
            "close": "25242.42"
        },
        {
            "time": "04.01.2021 22:45",
            "open": "25242.42",
            "high": "25275.99",
            "low": "25201.89",
            "close": "25275.98"
        },
        {
            "time": "04.01.2021 22:46",
            "open": "25275.98",
            "high": "25349.96",
            "low": "25275.98",
            "close": "25350"
        },
        {
            "time": "04.01.2021 22:47",
            "open": "25350",
            "high": "25350",
            "low": "25280.89",
            "close": "25280.92"
        },
        {
            "time": "04.01.2021 22:48",
            "open": "25280.92",
            "high": "25330.05",
            "low": "25280.91",
            "close": "25317.56"
        },
        {
            "time": "04.01.2021 22:49",
            "open": "25317.56",
            "high": "25328.53",
            "low": "25250",
            "close": "25254.97"
        },
        {
            "time": "04.01.2021 22:50",
            "open": "25254.97",
            "high": "25273.88",
            "low": "25200",
            "close": "25222.06"
        },
        {
            "time": "04.01.2021 22:51",
            "open": "25222.06",
            "high": "25252.61",
            "low": "25200",
            "close": "25236.42"
        },
        {
            "time": "04.01.2021 22:52",
            "open": "25236.42",
            "high": "25303.56",
            "low": "25227.28",
            "close": "25285.92"
        },
        {
            "time": "04.01.2021 22:53",
            "open": "25285.92",
            "high": "25319.72",
            "low": "25236.46",
            "close": "25262.82"
        },
        {
            "time": "04.01.2021 22:54",
            "open": "25262.82",
            "high": "25289.52",
            "low": "25236.77",
            "close": "25290.29"
        },
        {
            "time": "04.01.2021 22:55",
            "open": "25290.29",
            "high": "25362.36",
            "low": "25269.19",
            "close": "25348.94"
        },
        {
            "time": "04.01.2021 22:56",
            "open": "25348.94",
            "high": "25348.94",
            "low": "25301.95",
            "close": "25317.59"
        },
        {
            "time": "04.01.2021 22:57",
            "open": "25317.59",
            "high": "25397.74",
            "low": "25317.59",
            "close": "25334.99"
        },
        {
            "time": "04.01.2021 22:58",
            "open": "25334.99",
            "high": "25339.36",
            "low": "25287.78",
            "close": "25322.3"
        },
        {
            "time": "04.01.2021 22:59",
            "open": "25322.3",
            "high": "25352.91",
            "low": "25303.77",
            "close": "25334.58"
        },
        {
            "time": "04.01.2021 23:00",
            "open": "25334.58",
            "high": "25334.58",
            "low": "25278.78",
            "close": "25274.52"
        },
        {
            "time": "04.01.2021 23:01",
            "open": "25274.52",
            "high": "25292.36",
            "low": "25272.44",
            "close": "25291.78"
        },
        {
            "time": "04.01.2021 23:02",
            "open": "25291.78",
            "high": "25319.5",
            "low": "25279.61",
            "close": "25288.36"
        },
        {
            "time": "04.01.2021 23:03",
            "open": "25288.36",
            "high": "25312.6",
            "low": "25288.36",
            "close": "25299.97"
        },
        {
            "time": "04.01.2021 23:04",
            "open": "25299.97",
            "high": "25319.36",
            "low": "25289.59",
            "close": "25307.26"
        },
        {
            "time": "04.01.2021 23:05",
            "open": "25307.26",
            "high": "25384.52",
            "low": "25307.26",
            "close": "25382.73"
        },
        {
            "time": "04.01.2021 23:06",
            "open": "25382.73",
            "high": "25382.73",
            "low": "25344.89",
            "close": "25344.27"
        },
        {
            "time": "04.01.2021 23:07",
            "open": "25344.27",
            "high": "25344.27",
            "low": "25323.23",
            "close": "25326.7"
        },
        {
            "time": "04.01.2021 23:08",
            "open": "25326.7",
            "high": "25362.6",
            "low": "25326.7",
            "close": "25350"
        },
        {
            "time": "04.01.2021 23:09",
            "open": "25350",
            "high": "25351.29",
            "low": "25330.01",
            "close": "25340"
        },
        {
            "time": "04.01.2021 23:10",
            "open": "25340",
            "high": "25386.49",
            "low": "25330",
            "close": "25369.61"
        },
        {
            "time": "04.01.2021 23:11",
            "open": "25369.61",
            "high": "25455.93",
            "low": "25369.61",
            "close": "25420.11"
        },
        {
            "time": "04.01.2021 23:12",
            "open": "25420.11",
            "high": "25456",
            "low": "25420.11",
            "close": "25455.95"
        },
        {
            "time": "04.01.2021 23:13",
            "open": "25455.95",
            "high": "25458.63",
            "low": "25444.09",
            "close": "25457.43"
        },
        {
            "time": "04.01.2021 23:14",
            "open": "25457.43",
            "high": "25492.03",
            "low": "25437.81",
            "close": "25460.91"
        },
        {
            "time": "04.01.2021 23:15",
            "open": "25460.91",
            "high": "25500",
            "low": "25454.71",
            "close": "25500"
        },
        {
            "time": "04.01.2021 23:16",
            "open": "25500",
            "high": "25547.17",
            "low": "25488.36",
            "close": "25539.76"
        },
        {
            "time": "04.01.2021 23:17",
            "open": "25539.76",
            "high": "25560",
            "low": "25524.61",
            "close": "25552.98"
        },
        {
            "time": "04.01.2021 23:18",
            "open": "25552.98",
            "high": "25570.68",
            "low": "25550.8",
            "close": "25570.68"
        },
        {
            "time": "04.01.2021 23:19",
            "open": "25570.68",
            "high": "25570.68",
            "low": "25533.8",
            "close": "25558.46"
        },
        {
            "time": "04.01.2021 23:20",
            "open": "25558.46",
            "high": "25558.46",
            "low": "25515.26",
            "close": "25525.44"
        },
        {
            "time": "04.01.2021 23:21",
            "open": "25525.44",
            "high": "25570.67",
            "low": "25513.96",
            "close": "25566.68"
        },
        {
            "time": "04.01.2021 23:22",
            "open": "25566.68",
            "high": "25566.69",
            "low": "25516.8",
            "close": "25509.09"
        },
        {
            "time": "04.01.2021 23:23",
            "open": "25509.09",
            "high": "25524.57",
            "low": "25506.64",
            "close": "25518.97"
        },
        {
            "time": "04.01.2021 23:24",
            "open": "25518.97",
            "high": "25518.97",
            "low": "25501.38",
            "close": "25500.1"
        },
        {
            "time": "04.01.2021 23:25",
            "open": "25500.1",
            "high": "25514.28",
            "low": "25500",
            "close": "25500"
        },
        {
            "time": "04.01.2021 23:26",
            "open": "25500",
            "high": "25500",
            "low": "25431.6",
            "close": "25496.85"
        },
        {
            "time": "04.01.2021 23:27",
            "open": "25496.85",
            "high": "25516.86",
            "low": "25495.39",
            "close": "25510.15"
        },
        {
            "time": "04.01.2021 23:28",
            "open": "25510.15",
            "high": "25556.2",
            "low": "25510.15",
            "close": "25553.46"
        },
        {
            "time": "04.01.2021 23:29",
            "open": "25553.46",
            "high": "25558.04",
            "low": "25533.27",
            "close": "25540.74"
        },
        {
            "time": "04.01.2021 23:30",
            "open": "25540.74",
            "high": "25558.14",
            "low": "25540.08",
            "close": "25545.13"
        },
        {
            "time": "04.01.2021 23:31",
            "open": "25545.13",
            "high": "25545.13",
            "low": "25481.98",
            "close": "25507.33"
        },
        {
            "time": "04.01.2021 23:32",
            "open": "25507.33",
            "high": "25544.7",
            "low": "25507.33",
            "close": "25549.43"
        },
        {
            "time": "04.01.2021 23:33",
            "open": "25549.43",
            "high": "25549.62",
            "low": "25525.66",
            "close": "25540.79"
        },
        {
            "time": "04.01.2021 23:34",
            "open": "25540.79",
            "high": "25540.79",
            "low": "25518.05",
            "close": "25520.87"
        },
        {
            "time": "04.01.2021 23:35",
            "open": "25520.87",
            "high": "25534.62",
            "low": "25510.36",
            "close": "25510.45"
        },
        {
            "time": "04.01.2021 23:36",
            "open": "25510.45",
            "high": "25547.94",
            "low": "25503.36",
            "close": "25525.69"
        },
        {
            "time": "04.01.2021 23:37",
            "open": "25525.69",
            "high": "25533.36",
            "low": "25521.51",
            "close": "25531.5"
        },
        {
            "time": "04.01.2021 23:38",
            "open": "25531.5",
            "high": "25533.34",
            "low": "25525.09",
            "close": "25533.33"
        },
        {
            "time": "04.01.2021 23:39",
            "open": "25533.33",
            "high": "25580.92",
            "low": "25533.33",
            "close": "25575.52"
        },
        {
            "time": "04.01.2021 23:40",
            "open": "25575.52",
            "high": "25600",
            "low": "25559.27",
            "close": "25599.99"
        },
        {
            "time": "04.01.2021 23:41",
            "open": "25599.99",
            "high": "25599.99",
            "low": "25581.38",
            "close": "25600"
        },
        {
            "time": "04.01.2021 23:42",
            "open": "25600",
            "high": "25628.1",
            "low": "25596.8",
            "close": "25628.09"
        },
        {
            "time": "04.01.2021 23:43",
            "open": "25628.09",
            "high": "25651.38",
            "low": "25626.87",
            "close": "25646.88"
        },
        {
            "time": "04.01.2021 23:44",
            "open": "25646.88",
            "high": "25651.38",
            "low": "25637.72",
            "close": "25649.74"
        },
        {
            "time": "04.01.2021 23:45",
            "open": "25649.74",
            "high": "25671.22",
            "low": "25624.45",
            "close": "25605.15"
        },
        {
            "time": "04.01.2021 23:46",
            "open": "25605.15",
            "high": "25624.75",
            "low": "25591.92",
            "close": "25623.56"
        },
        {
            "time": "04.01.2021 23:47",
            "open": "25623.56",
            "high": "25634.37",
            "low": "25593.68",
            "close": "25593.11"
        },
        {
            "time": "04.01.2021 23:48",
            "open": "25593.11",
            "high": "25593.11",
            "low": "25557.34",
            "close": "25583.39"
        },
        {
            "time": "04.01.2021 23:49",
            "open": "25583.39",
            "high": "25591.82",
            "low": "25545.11",
            "close": "25567.69"
        },
        {
            "time": "04.01.2021 23:50",
            "open": "25567.69",
            "high": "25619.97",
            "low": "25567.69",
            "close": "25604.06"
        },
        {
            "time": "04.01.2021 23:51",
            "open": "25604.06",
            "high": "25608.56",
            "low": "25584.57",
            "close": "25601.49"
        },
        {
            "time": "04.01.2021 23:52",
            "open": "25601.49",
            "high": "25619.92",
            "low": "25595.24",
            "close": "25616.02"
        },
        {
            "time": "04.01.2021 23:53",
            "open": "25616.02",
            "high": "25616.17",
            "low": "25600.23",
            "close": "25614.36"
        },
        {
            "time": "04.01.2021 23:54",
            "open": "25614.36",
            "high": "25640.76",
            "low": "25572.13",
            "close": "25584.02"
        },
        {
            "time": "04.01.2021 23:55",
            "open": "25584.02",
            "high": "25615.41",
            "low": "25568.8",
            "close": "25604.07"
        },
        {
            "time": "04.01.2021 23:56",
            "open": "25604.07",
            "high": "25604.07",
            "low": "25559.27",
            "close": "25559.37"
        },
        {
            "time": "04.01.2021 23:57",
            "open": "25559.37",
            "high": "25570.28",
            "low": "25539.21",
            "close": "25563.38"
        },
        {
            "time": "04.01.2021 23:58",
            "open": "25563.38",
            "high": "25598.02",
            "low": "25546.52",
            "close": "25598.03"
        }
    ]
}