{
    "BAND-EUR": [
        {
            "time": "15.07.2021 23:59",
            "open": "4.7034",
            "high": "4.7034",
            "low": "4.695",
            "close": "4.6905"
        },
        {
            "time": "16.07.2021 00:00",
            "open": "4.6905",
            "high": "4.6927",
            "low": "4.6905",
            "close": "4.6983"
        },
        {
            "time": "16.07.2021 00:02",
            "open": "4.6983",
            "high": "4.6983",
            "low": "4.6983",
            "close": "4.6988"
        },
        {
            "time": "16.07.2021 00:03",
            "open": "4.6988",
            "high": "4.6988",
            "low": "4.6988",
            "close": "4.7037"
        },
        {
            "time": "16.07.2021 00:05",
            "open": "4.7037",
            "high": "4.7037",
            "low": "4.7037",
            "close": "4.7077"
        },
        {
            "time": "16.07.2021 00:07",
            "open": "4.7077",
            "high": "4.7077",
            "low": "4.7077",
            "close": "4.714"
        },
        {
            "time": "16.07.2021 00:10",
            "open": "4.714",
            "high": "4.714",
            "low": "4.714",
            "close": "4.7141"
        },
        {
            "time": "16.07.2021 00:11",
            "open": "4.7141",
            "high": "4.72",
            "low": "4.7141",
            "close": "4.7248"
        },
        {
            "time": "16.07.2021 00:12",
            "open": "4.7248",
            "high": "4.7248",
            "low": "4.7248",
            "close": "4.7109"
        },
        {
            "time": "16.07.2021 00:14",
            "open": "4.7109",
            "high": "4.7109",
            "low": "4.7109",
            "close": "4.725"
        },
        {
            "time": "16.07.2021 00:22",
            "open": "4.725",
            "high": "4.725",
            "low": "4.725",
            "close": "4.725"
        },
        {
            "time": "16.07.2021 00:26",
            "open": "4.725",
            "high": "4.725",
            "low": "4.725",
            "close": "4.73"
        },
        {
            "time": "16.07.2021 00:27",
            "open": "4.73",
            "high": "4.7396",
            "low": "4.73",
            "close": "4.7399"
        },
        {
            "time": "16.07.2021 00:30",
            "open": "4.7399",
            "high": "4.7399",
            "low": "4.7317",
            "close": "4.715"
        },
        {
            "time": "16.07.2021 00:40",
            "open": "4.715",
            "high": "4.715",
            "low": "4.7141",
            "close": "4.71"
        },
        {
            "time": "16.07.2021 00:41",
            "open": "4.71",
            "high": "4.71",
            "low": "4.71",
            "close": "4.705"
        },
        {
            "time": "16.07.2021 00:46",
            "open": "4.705",
            "high": "4.705",
            "low": "4.7",
            "close": "4.695"
        },
        {
            "time": "16.07.2021 00:48",
            "open": "4.695",
            "high": "4.695",
            "low": "4.695",
            "close": "4.7035"
        },
        {
            "time": "16.07.2021 00:59",
            "open": "4.7035",
            "high": "4.7035",
            "low": "4.7035",
            "close": "4.715"
        },
        {
            "time": "16.07.2021 01:00",
            "open": "4.715",
            "high": "4.725",
            "low": "4.715",
            "close": "4.7266"
        },
        {
            "time": "16.07.2021 01:02",
            "open": "4.7266",
            "high": "4.7266",
            "low": "4.725",
            "close": "4.73"
        },
        {
            "time": "16.07.2021 01:03",
            "open": "4.73",
            "high": "4.73",
            "low": "4.73",
            "close": "4.7291"
        },
        {
            "time": "16.07.2021 01:04",
            "open": "4.7291",
            "high": "4.7291",
            "low": "4.7258",
            "close": "4.7207"
        },
        {
            "time": "16.07.2021 01:05",
            "open": "4.7207",
            "high": "4.7207",
            "low": "4.7207",
            "close": "4.71"
        },
        {
            "time": "16.07.2021 01:06",
            "open": "4.71",
            "high": "4.71",
            "low": "4.71",
            "close": "4.705"
        },
        {
            "time": "16.07.2021 01:08",
            "open": "4.705",
            "high": "4.705",
            "low": "4.705",
            "close": "4.7"
        },
        {
            "time": "16.07.2021 01:09",
            "open": "4.7",
            "high": "4.7",
            "low": "4.7",
            "close": "4.7014"
        },
        {
            "time": "16.07.2021 01:10",
            "open": "4.7014",
            "high": "4.7014",
            "low": "4.7014",
            "close": "4.72"
        },
        {
            "time": "16.07.2021 01:18",
            "open": "4.72",
            "high": "4.72",
            "low": "4.72",
            "close": "4.725"
        },
        {
            "time": "16.07.2021 01:20",
            "open": "4.725",
            "high": "4.725",
            "low": "4.725",
            "close": "4.73"
        },
        {
            "time": "16.07.2021 01:26",
            "open": "4.73",
            "high": "4.73",
            "low": "4.73",
            "close": "4.735"
        },
        {
            "time": "16.07.2021 01:30",
            "open": "4.735",
            "high": "4.735",
            "low": "4.735",
            "close": "4.735"
        },
        {
            "time": "16.07.2021 01:32",
            "open": "4.735",
            "high": "4.735",
            "low": "4.735",
            "close": "4.735"
        },
        {
            "time": "16.07.2021 01:34",
            "open": "4.735",
            "high": "4.735",
            "low": "4.735",
            "close": "4.7378"
        },
        {
            "time": "16.07.2021 01:35",
            "open": "4.7378",
            "high": "4.7378",
            "low": "4.7378",
            "close": "4.715"
        },
        {
            "time": "16.07.2021 01:37",
            "open": "4.715",
            "high": "4.715",
            "low": "4.715",
            "close": "4.71"
        },
        {
            "time": "16.07.2021 01:38",
            "open": "4.71",
            "high": "4.71",
            "low": "4.705",
            "close": "4.7"
        },
        {
            "time": "16.07.2021 01:39",
            "open": "4.7",
            "high": "4.7",
            "low": "4.68",
            "close": "4.675"
        },
        {
            "time": "16.07.2021 01:41",
            "open": "4.675",
            "high": "4.675",
            "low": "4.66",
            "close": "4.655"
        },
        {
            "time": "16.07.2021 01:43",
            "open": "4.655",
            "high": "4.655",
            "low": "4.6487",
            "close": "4.645"
        },
        {
            "time": "16.07.2021 01:44",
            "open": "4.645",
            "high": "4.645",
            "low": "4.6437",
            "close": "4.645"
        },
        {
            "time": "16.07.2021 01:46",
            "open": "4.645",
            "high": "4.65",
            "low": "4.645",
            "close": "4.6464"
        },
        {
            "time": "16.07.2021 01:47",
            "open": "4.6464",
            "high": "4.6464",
            "low": "4.6464",
            "close": "4.6433"
        },
        {
            "time": "16.07.2021 01:49",
            "open": "4.6433",
            "high": "4.6433",
            "low": "4.6433",
            "close": "4.6412"
        },
        {
            "time": "16.07.2021 01:51",
            "open": "4.6412",
            "high": "4.6412",
            "low": "4.6412",
            "close": "4.6527"
        },
        {
            "time": "16.07.2021 01:53",
            "open": "4.6527",
            "high": "4.655",
            "low": "4.6527",
            "close": "4.66"
        },
        {
            "time": "16.07.2021 01:54",
            "open": "4.66",
            "high": "4.66",
            "low": "4.6539",
            "close": "4.665"
        },
        {
            "time": "16.07.2021 01:58",
            "open": "4.665",
            "high": "4.685",
            "low": "4.665",
            "close": "4.69"
        },
        {
            "time": "16.07.2021 01:59",
            "open": "4.69",
            "high": "4.695",
            "low": "4.69",
            "close": "4.675"
        },
        {
            "time": "16.07.2021 02:02",
            "open": "4.675",
            "high": "4.675",
            "low": "4.665",
            "close": "4.66"
        },
        {
            "time": "16.07.2021 02:04",
            "open": "4.66",
            "high": "4.66",
            "low": "4.6351",
            "close": "4.6351"
        },
        {
            "time": "16.07.2021 02:05",
            "open": "4.6351",
            "high": "4.6351",
            "low": "4.6239",
            "close": "4.6297"
        },
        {
            "time": "16.07.2021 02:06",
            "open": "4.6297",
            "high": "4.6399",
            "low": "4.6297",
            "close": "4.6218"
        },
        {
            "time": "16.07.2021 02:07",
            "open": "4.6218",
            "high": "4.6218",
            "low": "4.6196",
            "close": "4.64"
        },
        {
            "time": "16.07.2021 02:09",
            "open": "4.64",
            "high": "4.6436",
            "low": "4.64",
            "close": "4.6437"
        },
        {
            "time": "16.07.2021 02:10",
            "open": "4.6437",
            "high": "4.6437",
            "low": "4.6437",
            "close": "4.6437"
        },
        {
            "time": "16.07.2021 02:11",
            "open": "4.6437",
            "high": "4.66",
            "low": "4.6437",
            "close": "4.665"
        },
        {
            "time": "16.07.2021 02:12",
            "open": "4.665",
            "high": "4.675",
            "low": "4.665",
            "close": "4.68"
        },
        {
            "time": "16.07.2021 02:13",
            "open": "4.68",
            "high": "4.685",
            "low": "4.68",
            "close": "4.69"
        },
        {
            "time": "16.07.2021 02:14",
            "open": "4.69",
            "high": "4.6905",
            "low": "4.69",
            "close": "4.6711"
        },
        {
            "time": "16.07.2021 02:20",
            "open": "4.6711",
            "high": "4.6711",
            "low": "4.66",
            "close": "4.66"
        },
        {
            "time": "16.07.2021 02:21",
            "open": "4.66",
            "high": "4.66",
            "low": "4.655",
            "close": "4.65"
        },
        {
            "time": "16.07.2021 02:22",
            "open": "4.65",
            "high": "4.65",
            "low": "4.65",
            "close": "4.652"
        },
        {
            "time": "16.07.2021 02:25",
            "open": "4.652",
            "high": "4.652",
            "low": "4.652",
            "close": "4.65"
        },
        {
            "time": "16.07.2021 02:27",
            "open": "4.65",
            "high": "4.65",
            "low": "4.65",
            "close": "4.645"
        },
        {
            "time": "16.07.2021 02:28",
            "open": "4.645",
            "high": "4.645",
            "low": "4.6437",
            "close": "4.6437"
        },
        {
            "time": "16.07.2021 02:31",
            "open": "4.6437",
            "high": "4.6437",
            "low": "4.64",
            "close": "4.635"
        },
        {
            "time": "16.07.2021 02:32",
            "open": "4.635",
            "high": "4.635",
            "low": "4.635",
            "close": "4.63"
        },
        {
            "time": "16.07.2021 02:34",
            "open": "4.63",
            "high": "4.63",
            "low": "4.6205",
            "close": "4.6205"
        },
        {
            "time": "16.07.2021 02:35",
            "open": "4.6205",
            "high": "4.6205",
            "low": "4.62",
            "close": "4.615"
        },
        {
            "time": "16.07.2021 02:36",
            "open": "4.615",
            "high": "4.615",
            "low": "4.615",
            "close": "4.615"
        },
        {
            "time": "16.07.2021 02:42",
            "open": "4.615",
            "high": "4.615",
            "low": "4.6098",
            "close": "4.6098"
        },
        {
            "time": "16.07.2021 02:43",
            "open": "4.6098",
            "high": "4.61",
            "low": "4.6098",
            "close": "4.6098"
        },
        {
            "time": "16.07.2021 02:44",
            "open": "4.6098",
            "high": "4.6098",
            "low": "4.6049",
            "close": "4.615"
        },
        {
            "time": "16.07.2021 02:45",
            "open": "4.615",
            "high": "4.615",
            "low": "4.615",
            "close": "4.6141"
        },
        {
            "time": "16.07.2021 02:47",
            "open": "4.6141",
            "high": "4.6141",
            "low": "4.6141",
            "close": "4.6018"
        },
        {
            "time": "16.07.2021 02:48",
            "open": "4.6018",
            "high": "4.6018",
            "low": "4.6018",
            "close": "4.6018"
        },
        {
            "time": "16.07.2021 02:49",
            "open": "4.6018",
            "high": "4.6018",
            "low": "4.6",
            "close": "4.62"
        },
        {
            "time": "16.07.2021 02:50",
            "open": "4.62",
            "high": "4.62",
            "low": "4.62",
            "close": "4.625"
        },
        {
            "time": "16.07.2021 02:51",
            "open": "4.625",
            "high": "4.625",
            "low": "4.625",
            "close": "4.63"
        },
        {
            "time": "16.07.2021 02:52",
            "open": "4.63",
            "high": "4.64",
            "low": "4.63",
            "close": "4.6437"
        },
        {
            "time": "16.07.2021 02:54",
            "open": "4.6437",
            "high": "4.645",
            "low": "4.6437",
            "close": "4.65"
        },
        {
            "time": "16.07.2021 02:55",
            "open": "4.65",
            "high": "4.655",
            "low": "4.65",
            "close": "4.66"
        },
        {
            "time": "16.07.2021 02:56",
            "open": "4.66",
            "high": "4.665",
            "low": "4.66",
            "close": "4.667"
        },
        {
            "time": "16.07.2021 02:59",
            "open": "4.667",
            "high": "4.667",
            "low": "4.667",
            "close": "4.67"
        },
        {
            "time": "16.07.2021 03:00",
            "open": "4.67",
            "high": "4.68",
            "low": "4.67",
            "close": "4.685"
        },
        {
            "time": "16.07.2021 03:01",
            "open": "4.685",
            "high": "4.6905",
            "low": "4.685",
            "close": "4.6927"
        },
        {
            "time": "16.07.2021 03:04",
            "open": "4.6927",
            "high": "4.6927",
            "low": "4.6927",
            "close": "4.695"
        },
        {
            "time": "16.07.2021 03:05",
            "open": "4.695",
            "high": "4.7",
            "low": "4.695",
            "close": "4.705"
        },
        {
            "time": "16.07.2021 03:06",
            "open": "4.705",
            "high": "4.705",
            "low": "4.705",
            "close": "4.71"
        },
        {
            "time": "16.07.2021 03:07",
            "open": "4.71",
            "high": "4.71",
            "low": "4.71",
            "close": "4.69"
        },
        {
            "time": "16.07.2021 03:08",
            "open": "4.69",
            "high": "4.69",
            "low": "4.69",
            "close": "4.69"
        },
        {
            "time": "16.07.2021 03:15",
            "open": "4.69",
            "high": "4.69",
            "low": "4.685",
            "close": "4.685"
        },
        {
            "time": "16.07.2021 03:16",
            "open": "4.685",
            "high": "4.685",
            "low": "4.68",
            "close": "4.705"
        },
        {
            "time": "16.07.2021 03:20",
            "open": "4.705",
            "high": "4.712",
            "low": "4.705",
            "close": "4.7056"
        },
        {
            "time": "16.07.2021 03:23",
            "open": "4.7056",
            "high": "4.7056",
            "low": "4.7056",
            "close": "4.7141"
        },
        {
            "time": "16.07.2021 03:26",
            "open": "4.7141",
            "high": "4.715",
            "low": "4.7141",
            "close": "4.7165"
        },
        {
            "time": "16.07.2021 03:28",
            "open": "4.7165",
            "high": "4.7165",
            "low": "4.7165",
            "close": "4.72"
        },
        {
            "time": "16.07.2021 03:29",
            "open": "4.72",
            "high": "4.72",
            "low": "4.72",
            "close": "4.711"
        },
        {
            "time": "16.07.2021 03:45",
            "open": "4.711",
            "high": "4.711",
            "low": "4.711",
            "close": "4.7136"
        },
        {
            "time": "16.07.2021 03:52",
            "open": "4.7136",
            "high": "4.73",
            "low": "4.7136",
            "close": "4.735"
        },
        {
            "time": "16.07.2021 03:53",
            "open": "4.735",
            "high": "4.735",
            "low": "4.735",
            "close": "4.7265"
        },
        {
            "time": "16.07.2021 03:56",
            "open": "4.7265",
            "high": "4.7265",
            "low": "4.7265",
            "close": "4.7376"
        },
        {
            "time": "16.07.2021 04:03",
            "open": "4.7376",
            "high": "4.7376",
            "low": "4.7376",
            "close": "4.7378"
        },
        {
            "time": "16.07.2021 04:06",
            "open": "4.7378",
            "high": "4.7564",
            "low": "4.7378",
            "close": "4.7595"
        },
        {
            "time": "16.07.2021 04:07",
            "open": "4.7595",
            "high": "4.7636",
            "low": "4.7595",
            "close": "4.7636"
        },
        {
            "time": "16.07.2021 04:08",
            "open": "4.7636",
            "high": "4.7749",
            "low": "4.7636",
            "close": "4.7749"
        },
        {
            "time": "16.07.2021 04:09",
            "open": "4.78",
            "high": "4.78",
            "low": "4.78",
            "close": "4.785"
        },
        {
            "time": "16.07.2021 04:10",
            "open": "4.785",
            "high": "4.7855",
            "low": "4.785",
            "close": "4.79"
        },
        {
            "time": "16.07.2021 04:11",
            "open": "4.79",
            "high": "4.79",
            "low": "4.79",
            "close": "4.7752"
        },
        {
            "time": "16.07.2021 04:21",
            "open": "4.7752",
            "high": "4.7752",
            "low": "4.7752",
            "close": "4.7831"
        },
        {
            "time": "16.07.2021 04:22",
            "open": "4.7831",
            "high": "4.7831",
            "low": "4.7831",
            "close": "4.77"
        },
        {
            "time": "16.07.2021 04:33",
            "open": "4.77",
            "high": "4.77",
            "low": "4.77",
            "close": "4.795"
        },
        {
            "time": "16.07.2021 04:45",
            "open": "4.795",
            "high": "4.8",
            "low": "4.795",
            "close": "4.7968"
        },
        {
            "time": "16.07.2021 04:46",
            "open": "4.7968",
            "high": "4.7968",
            "low": "4.7953",
            "close": "4.8"
        },
        {
            "time": "16.07.2021 04:47",
            "open": "4.8",
            "high": "4.8037",
            "low": "4.8",
            "close": "4.8028"
        },
        {
            "time": "16.07.2021 04:48",
            "open": "4.8028",
            "high": "4.8038",
            "low": "4.8028",
            "close": "4.7953"
        },
        {
            "time": "16.07.2021 04:49",
            "open": "4.7953",
            "high": "4.7953",
            "low": "4.7953",
            "close": "4.8039"
        },
        {
            "time": "16.07.2021 04:50",
            "open": "4.8039",
            "high": "4.8039",
            "low": "4.8039",
            "close": "4.7896"
        },
        {
            "time": "16.07.2021 04:59",
            "open": "4.7896",
            "high": "4.7896",
            "low": "4.7713",
            "close": "4.781"
        },
        {
            "time": "16.07.2021 05:00",
            "open": "4.781",
            "high": "4.781",
            "low": "4.781",
            "close": "4.77"
        },
        {
            "time": "16.07.2021 05:07",
            "open": "4.77",
            "high": "4.77",
            "low": "4.77",
            "close": "4.77"
        },
        {
            "time": "16.07.2021 05:08",
            "open": "4.77",
            "high": "4.775",
            "low": "4.77",
            "close": "4.7696"
        },
        {
            "time": "16.07.2021 05:10",
            "open": "4.7696",
            "high": "4.78",
            "low": "4.7667",
            "close": "4.785"
        },
        {
            "time": "16.07.2021 05:11",
            "open": "4.785",
            "high": "4.785",
            "low": "4.785",
            "close": "4.79"
        },
        {
            "time": "16.07.2021 05:12",
            "open": "4.79",
            "high": "4.79",
            "low": "4.79",
            "close": "4.795"
        },
        {
            "time": "16.07.2021 05:13",
            "open": "4.795",
            "high": "4.795",
            "low": "4.795",
            "close": "4.7989"
        },
        {
            "time": "16.07.2021 05:20",
            "open": "4.7989",
            "high": "4.7989",
            "low": "4.7989",
            "close": "4.8"
        },
        {
            "time": "16.07.2021 05:23",
            "open": "4.8",
            "high": "4.8",
            "low": "4.8",
            "close": "4.7964"
        },
        {
            "time": "16.07.2021 05:36",
            "open": "4.7964",
            "high": "4.7964",
            "low": "4.7873",
            "close": "4.793"
        },
        {
            "time": "16.07.2021 05:40",
            "open": "4.793",
            "high": "4.793",
            "low": "4.793",
            "close": "4.785"
        },
        {
            "time": "16.07.2021 06:18",
            "open": "4.785",
            "high": "4.785",
            "low": "4.785",
            "close": "4.785"
        },
        {
            "time": "16.07.2021 06:19",
            "open": "4.785",
            "high": "4.79",
            "low": "4.785",
            "close": "4.78"
        },
        {
            "time": "16.07.2021 06:27",
            "open": "4.78",
            "high": "4.78",
            "low": "4.775",
            "close": "4.77"
        },
        {
            "time": "16.07.2021 06:30",
            "open": "4.77",
            "high": "4.77",
            "low": "4.77",
            "close": "4.765"
        },
        {
            "time": "16.07.2021 06:33",
            "open": "4.765",
            "high": "4.765",
            "low": "4.765",
            "close": "4.765"
        },
        {
            "time": "16.07.2021 06:34",
            "open": "4.765",
            "high": "4.765",
            "low": "4.75",
            "close": "4.7501"
        },
        {
            "time": "16.07.2021 06:35",
            "open": "4.7501",
            "high": "4.7501",
            "low": "4.7501",
            "close": "4.7694"
        },
        {
            "time": "16.07.2021 06:46",
            "open": "4.7694",
            "high": "4.7694",
            "low": "4.7694",
            "close": "4.775"
        },
        {
            "time": "16.07.2021 07:01",
            "open": "4.775",
            "high": "4.775",
            "low": "4.775",
            "close": "4.78"
        },
        {
            "time": "16.07.2021 07:02",
            "open": "4.78",
            "high": "4.78",
            "low": "4.78",
            "close": "4.76"
        },
        {
            "time": "16.07.2021 07:07",
            "open": "4.76",
            "high": "4.76",
            "low": "4.755",
            "close": "4.774"
        },
        {
            "time": "16.07.2021 07:11",
            "open": "4.774",
            "high": "4.774",
            "low": "4.774",
            "close": "4.755"
        },
        {
            "time": "16.07.2021 07:16",
            "open": "4.755",
            "high": "4.755",
            "low": "4.74",
            "close": "4.74"
        },
        {
            "time": "16.07.2021 07:19",
            "open": "4.74",
            "high": "4.74",
            "low": "4.73",
            "close": "4.7301"
        },
        {
            "time": "16.07.2021 07:20",
            "open": "4.7301",
            "high": "4.7301",
            "low": "4.7301",
            "close": "4.73"
        },
        {
            "time": "16.07.2021 07:29",
            "open": "4.73",
            "high": "4.73",
            "low": "4.72",
            "close": "4.7201"
        },
        {
            "time": "16.07.2021 07:30",
            "open": "4.7201",
            "high": "4.7201",
            "low": "4.7201",
            "close": "4.7244"
        },
        {
            "time": "16.07.2021 07:36",
            "open": "4.7244",
            "high": "4.7244",
            "low": "4.7244",
            "close": "4.7333"
        },
        {
            "time": "16.07.2021 07:42",
            "open": "4.7333",
            "high": "4.7333",
            "low": "4.7333",
            "close": "4.72"
        },
        {
            "time": "16.07.2021 07:44",
            "open": "4.72",
            "high": "4.72",
            "low": "4.71",
            "close": "4.71"
        },
        {
            "time": "16.07.2021 07:50",
            "open": "4.71",
            "high": "4.71",
            "low": "4.705",
            "close": "4.7104"
        },
        {
            "time": "16.07.2021 07:51",
            "open": "4.7104",
            "high": "4.7104",
            "low": "4.7104",
            "close": "4.705"
        },
        {
            "time": "16.07.2021 07:52",
            "open": "4.705",
            "high": "4.705",
            "low": "4.705",
            "close": "4.7079"
        },
        {
            "time": "16.07.2021 08:00",
            "open": "4.7079",
            "high": "4.7079",
            "low": "4.7079",
            "close": "4.725"
        },
        {
            "time": "16.07.2021 08:07",
            "open": "4.725",
            "high": "4.725",
            "low": "4.725",
            "close": "4.7138"
        },
        {
            "time": "16.07.2021 08:11",
            "open": "4.7138",
            "high": "4.7164",
            "low": "4.6865",
            "close": "4.6974"
        },
        {
            "time": "16.07.2021 08:18",
            "open": "4.6974",
            "high": "4.6974",
            "low": "4.6974",
            "close": "4.685"
        },
        {
            "time": "16.07.2021 08:19",
            "open": "4.685",
            "high": "4.685",
            "low": "4.675",
            "close": "4.6749"
        },
        {
            "time": "16.07.2021 08:20",
            "open": "4.6749",
            "high": "4.6749",
            "low": "4.6749",
            "close": "4.6701"
        },
        {
            "time": "16.07.2021 08:25",
            "open": "4.6701",
            "high": "4.6701",
            "low": "4.67",
            "close": "4.6699"
        },
        {
            "time": "16.07.2021 08:26",
            "open": "4.6699",
            "high": "4.6699",
            "low": "4.6699",
            "close": "4.667"
        },
        {
            "time": "16.07.2021 08:29",
            "open": "4.667",
            "high": "4.667",
            "low": "4.667",
            "close": "4.667"
        },
        {
            "time": "16.07.2021 08:30",
            "open": "4.667",
            "high": "4.667",
            "low": "4.665",
            "close": "4.665"
        },
        {
            "time": "16.07.2021 08:33",
            "open": "4.665",
            "high": "4.665",
            "low": "4.66",
            "close": "4.66"
        },
        {
            "time": "16.07.2021 08:34",
            "open": "4.66",
            "high": "4.66",
            "low": "4.655",
            "close": "4.65"
        },
        {
            "time": "16.07.2021 08:35",
            "open": "4.65",
            "high": "4.65",
            "low": "4.65",
            "close": "4.65"
        },
        {
            "time": "16.07.2021 08:37",
            "open": "4.65",
            "high": "4.65",
            "low": "4.645",
            "close": "4.645"
        },
        {
            "time": "16.07.2021 08:38",
            "open": "4.645",
            "high": "4.645",
            "low": "4.64",
            "close": "4.6351"
        },
        {
            "time": "16.07.2021 08:39",
            "open": "4.6351",
            "high": "4.6396",
            "low": "4.625",
            "close": "4.625"
        },
        {
            "time": "16.07.2021 08:44",
            "open": "4.625",
            "high": "4.625",
            "low": "4.6239",
            "close": "4.6239"
        },
        {
            "time": "16.07.2021 08:45",
            "open": "4.6239",
            "high": "4.6239",
            "low": "4.6239",
            "close": "4.6205"
        },
        {
            "time": "16.07.2021 08:48",
            "open": "4.6205",
            "high": "4.6257",
            "low": "4.6205",
            "close": "4.6205"
        },
        {
            "time": "16.07.2021 08:49",
            "open": "4.6205",
            "high": "4.6205",
            "low": "4.62",
            "close": "4.6303"
        },
        {
            "time": "16.07.2021 08:50",
            "open": "4.6303",
            "high": "4.6303",
            "low": "4.6303",
            "close": "4.615"
        },
        {
            "time": "16.07.2021 08:54",
            "open": "4.615",
            "high": "4.615",
            "low": "4.615",
            "close": "4.61"
        },
        {
            "time": "16.07.2021 08:57",
            "open": "4.61",
            "high": "4.61",
            "low": "4.61",
            "close": "4.6251"
        },
        {
            "time": "16.07.2021 09:01",
            "open": "4.6251",
            "high": "4.6277",
            "low": "4.6251",
            "close": "4.63"
        },
        {
            "time": "16.07.2021 09:03",
            "open": "4.63",
            "high": "4.635",
            "low": "4.63",
            "close": "4.64"
        },
        {
            "time": "16.07.2021 09:12",
            "open": "4.64",
            "high": "4.64",
            "low": "4.64",
            "close": "4.6437"
        },
        {
            "time": "16.07.2021 09:14",
            "open": "4.6437",
            "high": "4.6437",
            "low": "4.6437",
            "close": "4.6226"
        },
        {
            "time": "16.07.2021 09:17",
            "open": "4.6226",
            "high": "4.6226",
            "low": "4.6204",
            "close": "4.6269"
        },
        {
            "time": "16.07.2021 09:18",
            "open": "4.6269",
            "high": "4.6279",
            "low": "4.6269",
            "close": "4.62"
        },
        {
            "time": "16.07.2021 09:24",
            "open": "4.62",
            "high": "4.62",
            "low": "4.61",
            "close": "4.61"
        },
        {
            "time": "16.07.2021 09:25",
            "open": "4.61",
            "high": "4.61",
            "low": "4.61",
            "close": "4.605"
        },
        {
            "time": "16.07.2021 09:28",
            "open": "4.605",
            "high": "4.605",
            "low": "4.5974",
            "close": "4.5974"
        },
        {
            "time": "16.07.2021 09:29",
            "open": "4.5974",
            "high": "4.5974",
            "low": "4.5892",
            "close": "4.585"
        },
        {
            "time": "16.07.2021 09:31",
            "open": "4.585",
            "high": "4.585",
            "low": "4.5846",
            "close": "4.5846"
        },
        {
            "time": "16.07.2021 09:32",
            "open": "4.5846",
            "high": "4.5846",
            "low": "4.5846",
            "close": "4.605"
        },
        {
            "time": "16.07.2021 09:38",
            "open": "4.605",
            "high": "4.61",
            "low": "4.605",
            "close": "4.615"
        },
        {
            "time": "16.07.2021 09:39",
            "open": "4.615",
            "high": "4.615",
            "low": "4.615",
            "close": "4.59"
        },
        {
            "time": "16.07.2021 09:43",
            "open": "4.59",
            "high": "4.59",
            "low": "4.59",
            "close": "4.585"
        },
        {
            "time": "16.07.2021 09:44",
            "open": "4.585",
            "high": "4.585",
            "low": "4.5734",
            "close": "4.5846"
        },
        {
            "time": "16.07.2021 09:45",
            "open": "4.5846",
            "high": "4.5974",
            "low": "4.5846",
            "close": "4.5974"
        },
        {
            "time": "16.07.2021 09:46",
            "open": "4.5974",
            "high": "4.6",
            "low": "4.5974",
            "close": "4.605"
        },
        {
            "time": "16.07.2021 09:47",
            "open": "4.605",
            "high": "4.605",
            "low": "4.605",
            "close": "4.6006"
        },
        {
            "time": "16.07.2021 09:50",
            "open": "4.6006",
            "high": "4.6006",
            "low": "4.6006",
            "close": "4.5912"
        },
        {
            "time": "16.07.2021 09:55",
            "open": "4.5912",
            "high": "4.5912",
            "low": "4.59",
            "close": "4.6096"
        },
        {
            "time": "16.07.2021 10:00",
            "open": "4.6096",
            "high": "4.61",
            "low": "4.6096",
            "close": "4.59"
        },
        {
            "time": "16.07.2021 10:02",
            "open": "4.59",
            "high": "4.59",
            "low": "4.59",
            "close": "4.59"
        },
        {
            "time": "16.07.2021 10:03",
            "open": "4.59",
            "high": "4.59",
            "low": "4.59",
            "close": "4.585"
        },
        {
            "time": "16.07.2021 10:04",
            "open": "4.585",
            "high": "4.5901",
            "low": "4.585",
            "close": "4.585"
        },
        {
            "time": "16.07.2021 10:06",
            "open": "4.585",
            "high": "4.585",
            "low": "4.585",
            "close": "4.5867"
        },
        {
            "time": "16.07.2021 10:07",
            "open": "4.5867",
            "high": "4.5867",
            "low": "4.5867",
            "close": "4.58"
        },
        {
            "time": "16.07.2021 10:08",
            "open": "4.58",
            "high": "4.58",
            "low": "4.575",
            "close": "4.5772"
        },
        {
            "time": "16.07.2021 10:10",
            "open": "4.5772",
            "high": "4.5772",
            "low": "4.565",
            "close": "4.5614"
        },
        {
            "time": "16.07.2021 10:11",
            "open": "4.5614",
            "high": "4.5614",
            "low": "4.555",
            "close": "4.575"
        },
        {
            "time": "16.07.2021 10:17",
            "open": "4.575",
            "high": "4.575",
            "low": "4.575",
            "close": "4.555"
        },
        {
            "time": "16.07.2021 10:26",
            "open": "4.555",
            "high": "4.555",
            "low": "4.5534",
            "close": "4.5534"
        },
        {
            "time": "16.07.2021 10:29",
            "open": "4.5534",
            "high": "4.5534",
            "low": "4.5534",
            "close": "4.5515"
        },
        {
            "time": "16.07.2021 10:30",
            "open": "4.5515",
            "high": "4.5515",
            "low": "4.5515",
            "close": "4.5747"
        },
        {
            "time": "16.07.2021 10:32",
            "open": "4.5747",
            "high": "4.5747",
            "low": "4.5747",
            "close": "4.5515"
        },
        {
            "time": "16.07.2021 10:40",
            "open": "4.5515",
            "high": "4.5515",
            "low": "4.5287",
            "close": "4.526"
        },
        {
            "time": "16.07.2021 10:41",
            "open": "4.526",
            "high": "4.53",
            "low": "4.505",
            "close": "4.51"
        },
        {
            "time": "16.07.2021 10:43",
            "open": "4.51",
            "high": "4.51",
            "low": "4.51",
            "close": "4.5208"
        },
        {
            "time": "16.07.2021 10:45",
            "open": "4.5208",
            "high": "4.5208",
            "low": "4.5208",
            "close": "4.5146"
        },
        {
            "time": "16.07.2021 10:49",
            "open": "4.5146",
            "high": "4.5146",
            "low": "4.5146",
            "close": "4.5137"
        },
        {
            "time": "16.07.2021 10:50",
            "open": "4.5137",
            "high": "4.53",
            "low": "4.51",
            "close": "4.535"
        },
        {
            "time": "16.07.2021 10:51",
            "open": "4.535",
            "high": "4.535",
            "low": "4.5301",
            "close": "4.54"
        },
        {
            "time": "16.07.2021 10:52",
            "open": "4.54",
            "high": "4.54",
            "low": "4.54",
            "close": "4.5225"
        },
        {
            "time": "16.07.2021 10:55",
            "open": "4.5225",
            "high": "4.5323",
            "low": "4.5225",
            "close": "4.5431"
        },
        {
            "time": "16.07.2021 11:01",
            "open": "4.5431",
            "high": "4.5431",
            "low": "4.5431",
            "close": "4.545"
        },
        {
            "time": "16.07.2021 11:03",
            "open": "4.545",
            "high": "4.545",
            "low": "4.545",
            "close": "4.525"
        },
        {
            "time": "16.07.2021 11:07",
            "open": "4.525",
            "high": "4.525",
            "low": "4.515",
            "close": "4.515"
        },
        {
            "time": "16.07.2021 11:08",
            "open": "4.515",
            "high": "4.515",
            "low": "4.515",
            "close": "4.51"
        },
        {
            "time": "16.07.2021 11:09",
            "open": "4.51",
            "high": "4.51",
            "low": "4.5",
            "close": "4.5"
        },
        {
            "time": "16.07.2021 11:11",
            "open": "4.5",
            "high": "4.5",
            "low": "4.495",
            "close": "4.49"
        },
        {
            "time": "16.07.2021 11:12",
            "open": "4.49",
            "high": "4.49",
            "low": "4.49",
            "close": "4.49"
        },
        {
            "time": "16.07.2021 11:14",
            "open": "4.49",
            "high": "4.49",
            "low": "4.49",
            "close": "4.49"
        },
        {
            "time": "16.07.2021 11:16",
            "open": "4.49",
            "high": "4.49",
            "low": "4.4836",
            "close": "4.505"
        },
        {
            "time": "16.07.2021 11:17",
            "open": "4.505",
            "high": "4.5136",
            "low": "4.505",
            "close": "4.5109"
        },
        {
            "time": "16.07.2021 11:22",
            "open": "4.5109",
            "high": "4.5109",
            "low": "4.5109",
            "close": "4.515"
        },
        {
            "time": "16.07.2021 11:23",
            "open": "4.515",
            "high": "4.5229",
            "low": "4.515",
            "close": "4.5249"
        },
        {
            "time": "16.07.2021 11:31",
            "open": "4.5249",
            "high": "4.525",
            "low": "4.5249",
            "close": "4.52"
        },
        {
            "time": "16.07.2021 11:33",
            "open": "4.52",
            "high": "4.52",
            "low": "4.52",
            "close": "4.5"
        },
        {
            "time": "16.07.2021 11:39",
            "open": "4.5",
            "high": "4.5",
            "low": "4.5",
            "close": "4.495"
        },
        {
            "time": "16.07.2021 11:41",
            "open": "4.495",
            "high": "4.495",
            "low": "4.495",
            "close": "4.5037"
        },
        {
            "time": "16.07.2021 11:48",
            "open": "4.5037",
            "high": "4.5078",
            "low": "4.5037",
            "close": "4.52"
        },
        {
            "time": "16.07.2021 11:52",
            "open": "4.52",
            "high": "4.525",
            "low": "4.52",
            "close": "4.5281"
        },
        {
            "time": "16.07.2021 11:53",
            "open": "4.5281",
            "high": "4.53",
            "low": "4.5281",
            "close": "4.5198"
        },
        {
            "time": "16.07.2021 11:55",
            "open": "4.5198",
            "high": "4.5198",
            "low": "4.5198",
            "close": "4.5061"
        },
        {
            "time": "16.07.2021 11:59",
            "open": "4.5061",
            "high": "4.5061",
            "low": "4.5061",
            "close": "4.505"
        },
        {
            "time": "16.07.2021 12:00",
            "open": "4.505",
            "high": "4.505",
            "low": "4.49",
            "close": "4.49"
        },
        {
            "time": "16.07.2021 12:10",
            "open": "4.49",
            "high": "4.49",
            "low": "4.4858",
            "close": "4.485"
        },
        {
            "time": "16.07.2021 12:12",
            "open": "4.485",
            "high": "4.485",
            "low": "4.4807",
            "close": "4.4807"
        },
        {
            "time": "16.07.2021 12:14",
            "open": "4.4807",
            "high": "4.4807",
            "low": "4.475",
            "close": "4.4707"
        },
        {
            "time": "16.07.2021 12:15",
            "open": "4.4707",
            "high": "4.4765",
            "low": "4.465",
            "close": "4.4749"
        },
        {
            "time": "16.07.2021 12:16",
            "open": "4.4749",
            "high": "4.4749",
            "low": "4.4749",
            "close": "4.4623"
        },
        {
            "time": "16.07.2021 12:17",
            "open": "4.4623",
            "high": "4.4623",
            "low": "4.4612",
            "close": "4.475"
        },
        {
            "time": "16.07.2021 12:19",
            "open": "4.475",
            "high": "4.4771",
            "low": "4.475",
            "close": "4.48"
        },
        {
            "time": "16.07.2021 12:20",
            "open": "4.48",
            "high": "4.485",
            "low": "4.48",
            "close": "4.4697"
        },
        {
            "time": "16.07.2021 12:22",
            "open": "4.4697",
            "high": "4.4697",
            "low": "4.4671",
            "close": "4.465"
        },
        {
            "time": "16.07.2021 12:26",
            "open": "4.465",
            "high": "4.465",
            "low": "4.465",
            "close": "4.4612"
        },
        {
            "time": "16.07.2021 12:27",
            "open": "4.4612",
            "high": "4.4612",
            "low": "4.46",
            "close": "4.46"
        },
        {
            "time": "16.07.2021 12:28",
            "open": "4.46",
            "high": "4.46",
            "low": "4.455",
            "close": "4.48"
        },
        {
            "time": "16.07.2021 12:30",
            "open": "4.48",
            "high": "4.485",
            "low": "4.48",
            "close": "4.49"
        },
        {
            "time": "16.07.2021 12:31",
            "open": "4.49",
            "high": "4.495",
            "low": "4.49",
            "close": "4.495"
        },
        {
            "time": "16.07.2021 12:32",
            "open": "4.495",
            "high": "4.495",
            "low": "4.495",
            "close": "4.475"
        },
        {
            "time": "16.07.2021 12:33",
            "open": "4.475",
            "high": "4.475",
            "low": "4.475",
            "close": "4.475"
        },
        {
            "time": "16.07.2021 12:34",
            "open": "4.475",
            "high": "4.475",
            "low": "4.465",
            "close": "4.4612"
        },
        {
            "time": "16.07.2021 12:35",
            "open": "4.4612",
            "high": "4.4612",
            "low": "4.46",
            "close": "4.46"
        },
        {
            "time": "16.07.2021 12:36",
            "open": "4.46",
            "high": "4.46",
            "low": "4.455",
            "close": "4.4643"
        },
        {
            "time": "16.07.2021 12:41",
            "open": "4.4643",
            "high": "4.4643",
            "low": "4.4643",
            "close": "4.48"
        },
        {
            "time": "16.07.2021 12:43",
            "open": "4.48",
            "high": "4.49",
            "low": "4.48",
            "close": "4.495"
        },
        {
            "time": "16.07.2021 12:44",
            "open": "4.495",
            "high": "4.495",
            "low": "4.495",
            "close": "4.5"
        },
        {
            "time": "16.07.2021 12:45",
            "open": "4.5",
            "high": "4.515",
            "low": "4.5",
            "close": "4.5109"
        },
        {
            "time": "16.07.2021 12:46",
            "open": "4.5109",
            "high": "4.5109",
            "low": "4.495",
            "close": "4.495"
        },
        {
            "time": "16.07.2021 12:47",
            "open": "4.495",
            "high": "4.495",
            "low": "4.47",
            "close": "4.4689"
        },
        {
            "time": "16.07.2021 12:48",
            "open": "4.4689",
            "high": "4.4689",
            "low": "4.4656",
            "close": "4.4656"
        },
        {
            "time": "16.07.2021 12:49",
            "open": "4.4656",
            "high": "4.4656",
            "low": "4.4612",
            "close": "4.4612"
        },
        {
            "time": "16.07.2021 12:50",
            "open": "4.4612",
            "high": "4.4612",
            "low": "4.46",
            "close": "4.48"
        },
        {
            "time": "16.07.2021 12:52",
            "open": "4.48",
            "high": "4.48",
            "low": "4.48",
            "close": "4.4836"
        },
        {
            "time": "16.07.2021 12:56",
            "open": "4.4836",
            "high": "4.49",
            "low": "4.4836",
            "close": "4.47"
        },
        {
            "time": "16.07.2021 13:01",
            "open": "4.47",
            "high": "4.47",
            "low": "4.47",
            "close": "4.465"
        },
        {
            "time": "16.07.2021 13:02",
            "open": "4.465",
            "high": "4.4668",
            "low": "4.46",
            "close": "4.4669"
        },
        {
            "time": "16.07.2021 13:04",
            "open": "4.4669",
            "high": "4.4669",
            "low": "4.4669",
            "close": "4.4636"
        },
        {
            "time": "16.07.2021 13:05",
            "open": "4.4636",
            "high": "4.4663",
            "low": "4.4636",
            "close": "4.4773"
        },
        {
            "time": "16.07.2021 13:08",
            "open": "4.4773",
            "high": "4.4773",
            "low": "4.4773",
            "close": "4.4654"
        },
        {
            "time": "16.07.2021 13:09",
            "open": "4.4654",
            "high": "4.4654",
            "low": "4.4654",
            "close": "4.4654"
        },
        {
            "time": "16.07.2021 13:12",
            "open": "4.4654",
            "high": "4.4654",
            "low": "4.46",
            "close": "4.455"
        },
        {
            "time": "16.07.2021 13:13",
            "open": "4.455",
            "high": "4.455",
            "low": "4.4459",
            "close": "4.45"
        },
        {
            "time": "16.07.2021 13:14",
            "open": "4.45",
            "high": "4.45",
            "low": "4.45",
            "close": "4.4439"
        },
        {
            "time": "16.07.2021 13:15",
            "open": "4.4439",
            "high": "4.4439",
            "low": "4.4428",
            "close": "4.4459"
        },
        {
            "time": "16.07.2021 13:16",
            "open": "4.4459",
            "high": "4.4459",
            "low": "4.4459",
            "close": "4.4387"
        },
        {
            "time": "16.07.2021 13:17",
            "open": "4.4387",
            "high": "4.4387",
            "low": "4.4387",
            "close": "4.43"
        },
        {
            "time": "16.07.2021 13:18",
            "open": "4.43",
            "high": "4.43",
            "low": "4.43",
            "close": "4.44"
        },
        {
            "time": "16.07.2021 13:19",
            "open": "4.44",
            "high": "4.44",
            "low": "4.44",
            "close": "4.445"
        },
        {
            "time": "16.07.2021 13:20",
            "open": "4.445",
            "high": "4.455",
            "low": "4.445",
            "close": "4.4506"
        },
        {
            "time": "16.07.2021 13:24",
            "open": "4.4506",
            "high": "4.4527",
            "low": "4.4506",
            "close": "4.4495"
        },
        {
            "time": "16.07.2021 13:25",
            "open": "4.4495",
            "high": "4.4495",
            "low": "4.4495",
            "close": "4.46"
        },
        {
            "time": "16.07.2021 13:26",
            "open": "4.46",
            "high": "4.46",
            "low": "4.46",
            "close": "4.465"
        },
        {
            "time": "16.07.2021 13:31",
            "open": "4.465",
            "high": "4.465",
            "low": "4.465",
            "close": "4.47"
        },
        {
            "time": "16.07.2021 13:32",
            "open": "4.47",
            "high": "4.47",
            "low": "4.47",
            "close": "4.45"
        },
        {
            "time": "16.07.2021 13:39",
            "open": "4.45",
            "high": "4.45",
            "low": "4.45",
            "close": "4.45"
        },
        {
            "time": "16.07.2021 13:41",
            "open": "4.45",
            "high": "4.45",
            "low": "4.445",
            "close": "4.445"
        },
        {
            "time": "16.07.2021 13:45",
            "open": "4.445",
            "high": "4.4483",
            "low": "4.445",
            "close": "4.465"
        },
        {
            "time": "16.07.2021 13:46",
            "open": "4.465",
            "high": "4.47",
            "low": "4.465",
            "close": "4.475"
        },
        {
            "time": "16.07.2021 13:47",
            "open": "4.475",
            "high": "4.475",
            "low": "4.475",
            "close": "4.48"
        },
        {
            "time": "16.07.2021 13:48",
            "open": "4.48",
            "high": "4.485",
            "low": "4.48",
            "close": "4.465"
        },
        {
            "time": "16.07.2021 13:50",
            "open": "4.465",
            "high": "4.465",
            "low": "4.465",
            "close": "4.465"
        },
        {
            "time": "16.07.2021 13:54",
            "open": "4.465",
            "high": "4.465",
            "low": "4.455",
            "close": "4.4551"
        },
        {
            "time": "16.07.2021 13:55",
            "open": "4.4551",
            "high": "4.4551",
            "low": "4.4551",
            "close": "4.4591"
        },
        {
            "time": "16.07.2021 13:56",
            "open": "4.4591",
            "high": "4.4591",
            "low": "4.45",
            "close": "4.45"
        },
        {
            "time": "16.07.2021 13:57",
            "open": "4.45",
            "high": "4.45",
            "low": "4.445",
            "close": "4.445"
        },
        {
            "time": "16.07.2021 13:58",
            "open": "4.445",
            "high": "4.445",
            "low": "4.445",
            "close": "4.44"
        },
        {
            "time": "16.07.2021 13:59",
            "open": "4.44",
            "high": "4.44",
            "low": "4.44",
            "close": "4.465"
        },
        {
            "time": "16.07.2021 14:01",
            "open": "4.465",
            "high": "4.475",
            "low": "4.465",
            "close": "4.48"
        },
        {
            "time": "16.07.2021 14:02",
            "open": "4.48",
            "high": "4.485",
            "low": "4.48",
            "close": "4.49"
        },
        {
            "time": "16.07.2021 14:07",
            "open": "4.49",
            "high": "4.49",
            "low": "4.49",
            "close": "4.495"
        },
        {
            "time": "16.07.2021 14:08",
            "open": "4.495",
            "high": "4.5",
            "low": "4.495",
            "close": "4.505"
        },
        {
            "time": "16.07.2021 14:09",
            "open": "4.505",
            "high": "4.5091",
            "low": "4.505",
            "close": "4.51"
        },
        {
            "time": "16.07.2021 14:10",
            "open": "4.51",
            "high": "4.51",
            "low": "4.51",
            "close": "4.49"
        },
        {
            "time": "16.07.2021 14:14",
            "open": "4.49",
            "high": "4.49",
            "low": "4.49",
            "close": "4.4973"
        },
        {
            "time": "16.07.2021 14:15",
            "open": "4.4973",
            "high": "4.4973",
            "low": "4.4973",
            "close": "4.515"
        },
        {
            "time": "16.07.2021 14:17",
            "open": "4.515",
            "high": "4.515",
            "low": "4.515",
            "close": "4.52"
        },
        {
            "time": "16.07.2021 14:18",
            "open": "4.52",
            "high": "4.52",
            "low": "4.52",
            "close": "4.525"
        },
        {
            "time": "16.07.2021 14:19",
            "open": "4.525",
            "high": "4.535",
            "low": "4.525",
            "close": "4.5291"
        },
        {
            "time": "16.07.2021 14:20",
            "open": "4.5291",
            "high": "4.55",
            "low": "4.5291",
            "close": "4.5435"
        },
        {
            "time": "16.07.2021 14:21",
            "open": "4.5435",
            "high": "4.5435",
            "low": "4.5435",
            "close": "4.53"
        },
        {
            "time": "16.07.2021 14:22",
            "open": "4.53",
            "high": "4.53",
            "low": "4.525",
            "close": "4.525"
        },
        {
            "time": "16.07.2021 14:24",
            "open": "4.525",
            "high": "4.525",
            "low": "4.525",
            "close": "4.5244"
        },
        {
            "time": "16.07.2021 14:25",
            "open": "4.5244",
            "high": "4.5244",
            "low": "4.51",
            "close": "4.51"
        },
        {
            "time": "16.07.2021 14:31",
            "open": "4.51",
            "high": "4.51",
            "low": "4.505",
            "close": "4.505"
        },
        {
            "time": "16.07.2021 14:33",
            "open": "4.505",
            "high": "4.505",
            "low": "4.5005",
            "close": "4.5129"
        },
        {
            "time": "16.07.2021 14:35",
            "open": "4.5129",
            "high": "4.5129",
            "low": "4.5129",
            "close": "4.5114"
        },
        {
            "time": "16.07.2021 14:37",
            "open": "4.5114",
            "high": "4.5114",
            "low": "4.5114",
            "close": "4.5"
        },
        {
            "time": "16.07.2021 14:39",
            "open": "4.5",
            "high": "4.5",
            "low": "4.5",
            "close": "4.5"
        },
        {
            "time": "16.07.2021 14:40",
            "open": "4.5",
            "high": "4.5",
            "low": "4.4975",
            "close": "4.495"
        },
        {
            "time": "16.07.2021 14:43",
            "open": "4.495",
            "high": "4.495",
            "low": "4.495",
            "close": "4.49"
        },
        {
            "time": "16.07.2021 14:44",
            "open": "4.49",
            "high": "4.49",
            "low": "4.49",
            "close": "4.485"
        },
        {
            "time": "16.07.2021 14:45",
            "open": "4.485",
            "high": "4.485",
            "low": "4.475",
            "close": "4.495"
        },
        {
            "time": "16.07.2021 14:46",
            "open": "4.495",
            "high": "4.495",
            "low": "4.495",
            "close": "4.495"
        },
        {
            "time": "16.07.2021 14:48",
            "open": "4.495",
            "high": "4.495",
            "low": "4.495",
            "close": "4.5"
        },
        {
            "time": "16.07.2021 14:50",
            "open": "4.5",
            "high": "4.505",
            "low": "4.5",
            "close": "4.51"
        },
        {
            "time": "16.07.2021 14:53",
            "open": "4.51",
            "high": "4.54",
            "low": "4.51",
            "close": "4.5311"
        },
        {
            "time": "16.07.2021 14:55",
            "open": "4.5311",
            "high": "4.5311",
            "low": "4.5311",
            "close": "4.545"
        },
        {
            "time": "16.07.2021 14:56",
            "open": "4.545",
            "high": "4.566",
            "low": "4.545",
            "close": "4.5699"
        },
        {
            "time": "16.07.2021 14:57",
            "open": "4.5699",
            "high": "4.57",
            "low": "4.5699",
            "close": "4.575"
        },
        {
            "time": "16.07.2021 14:58",
            "open": "4.575",
            "high": "4.58",
            "low": "4.575",
            "close": "4.5788"
        },
        {
            "time": "16.07.2021 14:59",
            "open": "4.5788",
            "high": "4.585",
            "low": "4.5788",
            "close": "4.59"
        },
        {
            "time": "16.07.2021 15:00",
            "open": "4.59",
            "high": "4.625",
            "low": "4.59",
            "close": "4.6239"
        },
        {
            "time": "16.07.2021 15:01",
            "open": "4.6239",
            "high": "4.6239",
            "low": "4.6239",
            "close": "4.6159"
        },
        {
            "time": "16.07.2021 15:03",
            "open": "4.6159",
            "high": "4.6159",
            "low": "4.6159",
            "close": "4.605"
        },
        {
            "time": "16.07.2021 15:10",
            "open": "4.605",
            "high": "4.605",
            "low": "4.605",
            "close": "4.605"
        },
        {
            "time": "16.07.2021 15:11",
            "open": "4.605",
            "high": "4.605",
            "low": "4.6",
            "close": "4.6061"
        },
        {
            "time": "16.07.2021 15:12",
            "open": "4.6061",
            "high": "4.6072",
            "low": "4.6061",
            "close": "4.595"
        },
        {
            "time": "16.07.2021 15:14",
            "open": "4.595",
            "high": "4.595",
            "low": "4.595",
            "close": "4.59"
        },
        {
            "time": "16.07.2021 15:16",
            "open": "4.59",
            "high": "4.59",
            "low": "4.59",
            "close": "4.59"
        },
        {
            "time": "16.07.2021 15:17",
            "open": "4.59",
            "high": "4.59",
            "low": "4.58",
            "close": "4.58"
        },
        {
            "time": "16.07.2021 15:18",
            "open": "4.58",
            "high": "4.58",
            "low": "4.575",
            "close": "4.6"
        },
        {
            "time": "16.07.2021 15:19",
            "open": "4.6",
            "high": "4.605",
            "low": "4.6",
            "close": "4.5921"
        },
        {
            "time": "16.07.2021 15:20",
            "open": "4.5921",
            "high": "4.5921",
            "low": "4.5921",
            "close": "4.5889"
        },
        {
            "time": "16.07.2021 15:21",
            "open": "4.5889",
            "high": "4.5889",
            "low": "4.585",
            "close": "4.585"
        },
        {
            "time": "16.07.2021 15:23",
            "open": "4.585",
            "high": "4.585",
            "low": "4.58",
            "close": "4.5907"
        },
        {
            "time": "16.07.2021 15:25",
            "open": "4.5907",
            "high": "4.5907",
            "low": "4.5907",
            "close": "4.5916"
        },
        {
            "time": "16.07.2021 15:29",
            "open": "4.5916",
            "high": "4.5916",
            "low": "4.5916",
            "close": "4.605"
        },
        {
            "time": "16.07.2021 15:30",
            "open": "4.605",
            "high": "4.605",
            "low": "4.605",
            "close": "4.6046"
        },
        {
            "time": "16.07.2021 15:32",
            "open": "4.6046",
            "high": "4.615",
            "low": "4.6046",
            "close": "4.6073"
        },
        {
            "time": "16.07.2021 15:38",
            "open": "4.6073",
            "high": "4.6073",
            "low": "4.6073",
            "close": "4.6041"
        },
        {
            "time": "16.07.2021 15:41",
            "open": "4.6041",
            "high": "4.6041",
            "low": "4.6041",
            "close": "4.6036"
        },
        {
            "time": "16.07.2021 15:42",
            "open": "4.6036",
            "high": "4.6085",
            "low": "4.6036",
            "close": "4.5955"
        },
        {
            "time": "16.07.2021 15:43",
            "open": "4.5955",
            "high": "4.5955",
            "low": "4.595",
            "close": "4.59"
        },
        {
            "time": "16.07.2021 15:45",
            "open": "4.59",
            "high": "4.59",
            "low": "4.585",
            "close": "4.585"
        },
        {
            "time": "16.07.2021 15:46",
            "open": "4.585",
            "high": "4.585",
            "low": "4.575",
            "close": "4.5796"
        },
        {
            "time": "16.07.2021 15:49",
            "open": "4.5796",
            "high": "4.5796",
            "low": "4.5796",
            "close": "4.575"
        },
        {
            "time": "16.07.2021 15:51",
            "open": "4.575",
            "high": "4.575",
            "low": "4.575",
            "close": "4.57"
        },
        {
            "time": "16.07.2021 15:52",
            "open": "4.57",
            "high": "4.57",
            "low": "4.57",
            "close": "4.565"
        },
        {
            "time": "16.07.2021 15:53",
            "open": "4.565",
            "high": "4.5725",
            "low": "4.565",
            "close": "4.5735"
        },
        {
            "time": "16.07.2021 15:55",
            "open": "4.5735",
            "high": "4.5735",
            "low": "4.5735",
            "close": "4.5773"
        },
        {
            "time": "16.07.2021 15:56",
            "open": "4.5773",
            "high": "4.5773",
            "low": "4.5773",
            "close": "4.565"
        },
        {
            "time": "16.07.2021 15:58",
            "open": "4.565",
            "high": "4.565",
            "low": "4.56",
            "close": "4.56"
        },
        {
            "time": "16.07.2021 16:02",
            "open": "4.56",
            "high": "4.56",
            "low": "4.55",
            "close": "4.559"
        },
        {
            "time": "16.07.2021 16:03",
            "open": "4.559",
            "high": "4.563",
            "low": "4.559",
            "close": "4.5563"
        },
        {
            "time": "16.07.2021 16:07",
            "open": "4.5563",
            "high": "4.5563",
            "low": "4.5563",
            "close": "4.5638"
        },
        {
            "time": "16.07.2021 16:08",
            "open": "4.5638",
            "high": "4.5638",
            "low": "4.5638",
            "close": "4.5707"
        },
        {
            "time": "16.07.2021 16:15",
            "open": "4.5707",
            "high": "4.5707",
            "low": "4.5707",
            "close": "4.553"
        },
        {
            "time": "16.07.2021 16:30",
            "open": "4.553",
            "high": "4.553",
            "low": "4.553",
            "close": "4.5548"
        },
        {
            "time": "16.07.2021 16:32",
            "open": "4.5548",
            "high": "4.5565",
            "low": "4.55",
            "close": "4.545"
        },
        {
            "time": "16.07.2021 16:33",
            "open": "4.545",
            "high": "4.5493",
            "low": "4.545",
            "close": "4.5512"
        },
        {
            "time": "16.07.2021 16:35",
            "open": "4.5512",
            "high": "4.5512",
            "low": "4.5512",
            "close": "4.5587"
        },
        {
            "time": "16.07.2021 16:40",
            "open": "4.5587",
            "high": "4.5591",
            "low": "4.5587",
            "close": "4.565"
        },
        {
            "time": "16.07.2021 16:43",
            "open": "4.565",
            "high": "4.57",
            "low": "4.565",
            "close": "4.55"
        },
        {
            "time": "16.07.2021 16:48",
            "open": "4.55",
            "high": "4.55",
            "low": "4.55",
            "close": "4.5561"
        },
        {
            "time": "16.07.2021 16:53",
            "open": "4.5561",
            "high": "4.5561",
            "low": "4.5561",
            "close": "4.57"
        },
        {
            "time": "16.07.2021 17:01",
            "open": "4.57",
            "high": "4.57",
            "low": "4.57",
            "close": "4.55"
        },
        {
            "time": "16.07.2021 17:06",
            "open": "4.55",
            "high": "4.55",
            "low": "4.545",
            "close": "4.54"
        },
        {
            "time": "16.07.2021 17:07",
            "open": "4.54",
            "high": "4.54",
            "low": "4.533",
            "close": "4.53"
        },
        {
            "time": "16.07.2021 17:08",
            "open": "4.53",
            "high": "4.53",
            "low": "4.53",
            "close": "4.525"
        },
        {
            "time": "16.07.2021 17:09",
            "open": "4.525",
            "high": "4.525",
            "low": "4.52",
            "close": "4.52"
        },
        {
            "time": "16.07.2021 17:10",
            "open": "4.52",
            "high": "4.52",
            "low": "4.52",
            "close": "4.5256"
        },
        {
            "time": "16.07.2021 17:11",
            "open": "4.5256",
            "high": "4.5256",
            "low": "4.5256",
            "close": "4.5165"
        },
        {
            "time": "16.07.2021 17:16",
            "open": "4.5165",
            "high": "4.5165",
            "low": "4.5165",
            "close": "4.515"
        },
        {
            "time": "16.07.2021 17:24",
            "open": "4.515",
            "high": "4.515",
            "low": "4.515",
            "close": "4.5147"
        },
        {
            "time": "16.07.2021 17:25",
            "open": "4.5147",
            "high": "4.5147",
            "low": "4.5147",
            "close": "4.5273"
        },
        {
            "time": "16.07.2021 17:30",
            "open": "4.5273",
            "high": "4.5273",
            "low": "4.5273",
            "close": "4.535"
        },
        {
            "time": "16.07.2021 17:33",
            "open": "4.535",
            "high": "4.5395",
            "low": "4.535",
            "close": "4.54"
        },
        {
            "time": "16.07.2021 17:34",
            "open": "4.54",
            "high": "4.5589",
            "low": "4.54",
            "close": "4.5508"
        },
        {
            "time": "16.07.2021 17:35",
            "open": "4.5508",
            "high": "4.5508",
            "low": "4.5508",
            "close": "4.56"
        },
        {
            "time": "16.07.2021 17:44",
            "open": "4.56",
            "high": "4.56",
            "low": "4.56",
            "close": "4.565"
        },
        {
            "time": "16.07.2021 17:47",
            "open": "4.565",
            "high": "4.59",
            "low": "4.565",
            "close": "4.595"
        },
        {
            "time": "16.07.2021 17:48",
            "open": "4.595",
            "high": "4.6",
            "low": "4.595",
            "close": "4.5979"
        },
        {
            "time": "16.07.2021 17:49",
            "open": "4.5979",
            "high": "4.5979",
            "low": "4.5979",
            "close": "4.605"
        },
        {
            "time": "16.07.2021 17:56",
            "open": "4.605",
            "high": "4.6099",
            "low": "4.605",
            "close": "4.61"
        },
        {
            "time": "16.07.2021 17:59",
            "open": "4.61",
            "high": "4.61",
            "low": "4.61",
            "close": "4.615"
        },
        {
            "time": "16.07.2021 18:00",
            "open": "4.615",
            "high": "4.615",
            "low": "4.615",
            "close": "4.595"
        },
        {
            "time": "16.07.2021 18:03",
            "open": "4.595",
            "high": "4.595",
            "low": "4.59",
            "close": "4.59"
        },
        {
            "time": "16.07.2021 18:04",
            "open": "4.59",
            "high": "4.59",
            "low": "4.585",
            "close": "4.585"
        },
        {
            "time": "16.07.2021 18:05",
            "open": "4.585",
            "high": "4.585",
            "low": "4.575",
            "close": "4.575"
        },
        {
            "time": "16.07.2021 18:07",
            "open": "4.575",
            "high": "4.575",
            "low": "4.555",
            "close": "4.555"
        },
        {
            "time": "16.07.2021 18:09",
            "open": "4.555",
            "high": "4.5559",
            "low": "4.55",
            "close": "4.5529"
        },
        {
            "time": "16.07.2021 18:10",
            "open": "4.5529",
            "high": "4.5548",
            "low": "4.5522",
            "close": "4.55"
        },
        {
            "time": "16.07.2021 18:11",
            "open": "4.55",
            "high": "4.55",
            "low": "4.535",
            "close": "4.535"
        },
        {
            "time": "16.07.2021 18:12",
            "open": "4.535",
            "high": "4.535",
            "low": "4.5192",
            "close": "4.522"
        },
        {
            "time": "16.07.2021 18:13",
            "open": "4.522",
            "high": "4.522",
            "low": "4.522",
            "close": "4.5278"
        },
        {
            "time": "16.07.2021 18:14",
            "open": "4.5278",
            "high": "4.5278",
            "low": "4.5278",
            "close": "4.5389"
        },
        {
            "time": "16.07.2021 18:16",
            "open": "4.5389",
            "high": "4.545",
            "low": "4.5389",
            "close": "4.55"
        },
        {
            "time": "16.07.2021 18:18",
            "open": "4.55",
            "high": "4.565",
            "low": "4.55",
            "close": "4.5691"
        },
        {
            "time": "16.07.2021 18:20",
            "open": "4.5691",
            "high": "4.5691",
            "low": "4.5691",
            "close": "4.5698"
        },
        {
            "time": "16.07.2021 18:21",
            "open": "4.5698",
            "high": "4.5698",
            "low": "4.5698",
            "close": "4.545"
        },
        {
            "time": "16.07.2021 18:27",
            "open": "4.545",
            "high": "4.545",
            "low": "4.545",
            "close": "4.5558"
        },
        {
            "time": "16.07.2021 18:30",
            "open": "4.5558",
            "high": "4.575",
            "low": "4.5558",
            "close": "4.575"
        },
        {
            "time": "16.07.2021 18:31",
            "open": "4.575",
            "high": "4.575",
            "low": "4.575",
            "close": "4.58"
        },
        {
            "time": "16.07.2021 18:33",
            "open": "4.58",
            "high": "4.585",
            "low": "4.58",
            "close": "4.59"
        },
        {
            "time": "16.07.2021 18:34",
            "open": "4.59",
            "high": "4.59",
            "low": "4.59",
            "close": "4.5786"
        },
        {
            "time": "16.07.2021 18:40",
            "open": "4.5786",
            "high": "4.5786",
            "low": "4.56",
            "close": "4.555"
        },
        {
            "time": "16.07.2021 18:41",
            "open": "4.555",
            "high": "4.555",
            "low": "4.55",
            "close": "4.56"
        },
        {
            "time": "16.07.2021 18:42",
            "open": "4.56",
            "high": "4.56",
            "low": "4.56",
            "close": "4.55"
        },
        {
            "time": "16.07.2021 18:47",
            "open": "4.55",
            "high": "4.55",
            "low": "4.5414",
            "close": "4.565"
        },
        {
            "time": "16.07.2021 18:50",
            "open": "4.565",
            "high": "4.565",
            "low": "4.565",
            "close": "4.57"
        },
        {
            "time": "16.07.2021 18:51",
            "open": "4.57",
            "high": "4.57",
            "low": "4.57",
            "close": "4.575"
        },
        {
            "time": "16.07.2021 18:54",
            "open": "4.575",
            "high": "4.575",
            "low": "4.575",
            "close": "4.58"
        },
        {
            "time": "16.07.2021 19:02",
            "open": "4.58",
            "high": "4.58",
            "low": "4.58",
            "close": "4.5846"
        },
        {
            "time": "16.07.2021 19:03",
            "open": "4.5846",
            "high": "4.5846",
            "low": "4.5846",
            "close": "4.585"
        },
        {
            "time": "16.07.2021 19:04",
            "open": "4.585",
            "high": "4.585",
            "low": "4.585",
            "close": "4.59"
        },
        {
            "time": "16.07.2021 19:05",
            "open": "4.59",
            "high": "4.595",
            "low": "4.59",
            "close": "4.595"
        },
        {
            "time": "16.07.2021 19:06",
            "open": "4.595",
            "high": "4.595",
            "low": "4.595",
            "close": "4.575"
        },
        {
            "time": "16.07.2021 19:18",
            "open": "4.575",
            "high": "4.575",
            "low": "4.575",
            "close": "4.5833"
        },
        {
            "time": "16.07.2021 19:23",
            "open": "4.5833",
            "high": "4.5833",
            "low": "4.5833",
            "close": "4.57"
        },
        {
            "time": "16.07.2021 19:27",
            "open": "4.57",
            "high": "4.57",
            "low": "4.57",
            "close": "4.565"
        },
        {
            "time": "16.07.2021 19:28",
            "open": "4.565",
            "high": "4.565",
            "low": "4.565",
            "close": "4.565"
        },
        {
            "time": "16.07.2021 19:29",
            "open": "4.565",
            "high": "4.565",
            "low": "4.555",
            "close": "4.555"
        },
        {
            "time": "16.07.2021 19:32",
            "open": "4.555",
            "high": "4.555",
            "low": "4.555",
            "close": "4.5502"
        },
        {
            "time": "16.07.2021 19:33",
            "open": "4.5502",
            "high": "4.5502",
            "low": "4.55",
            "close": "4.55"
        },
        {
            "time": "16.07.2021 19:34",
            "open": "4.55",
            "high": "4.55",
            "low": "4.545",
            "close": "4.5452"
        },
        {
            "time": "16.07.2021 19:41",
            "open": "4.5452",
            "high": "4.5452",
            "low": "4.535",
            "close": "4.535"
        },
        {
            "time": "16.07.2021 19:42",
            "open": "4.535",
            "high": "4.535",
            "low": "4.525",
            "close": "4.52"
        },
        {
            "time": "16.07.2021 19:44",
            "open": "4.52",
            "high": "4.52",
            "low": "4.5124",
            "close": "4.51"
        },
        {
            "time": "16.07.2021 19:45",
            "open": "4.51",
            "high": "4.51",
            "low": "4.4968",
            "close": "4.5021"
        },
        {
            "time": "16.07.2021 19:46",
            "open": "4.5021",
            "high": "4.5076",
            "low": "4.5021",
            "close": "4.5"
        },
        {
            "time": "16.07.2021 19:49",
            "open": "4.5",
            "high": "4.5",
            "low": "4.495",
            "close": "4.4974"
        },
        {
            "time": "16.07.2021 19:52",
            "open": "4.4974",
            "high": "4.4974",
            "low": "4.4974",
            "close": "4.49"
        },
        {
            "time": "16.07.2021 20:06",
            "open": "4.49",
            "high": "4.49",
            "low": "4.49",
            "close": "4.4882"
        },
        {
            "time": "16.07.2021 20:07",
            "open": "4.4882",
            "high": "4.4882",
            "low": "4.4882",
            "close": "4.485"
        },
        {
            "time": "16.07.2021 20:08",
            "open": "4.485",
            "high": "4.485",
            "low": "4.48",
            "close": "4.4873"
        },
        {
            "time": "16.07.2021 20:14",
            "open": "4.4873",
            "high": "4.4873",
            "low": "4.4873",
            "close": "4.4854"
        },
        {
            "time": "16.07.2021 20:26",
            "open": "4.4854",
            "high": "4.4854",
            "low": "4.4854",
            "close": "4.5"
        },
        {
            "time": "16.07.2021 20:36",
            "open": "4.5",
            "high": "4.5",
            "low": "4.5",
            "close": "4.505"
        },
        {
            "time": "16.07.2021 20:37",
            "open": "4.505",
            "high": "4.505",
            "low": "4.505",
            "close": "4.505"
        },
        {
            "time": "16.07.2021 20:38",
            "open": "4.505",
            "high": "4.505",
            "low": "4.505",
            "close": "4.5033"
        },
        {
            "time": "16.07.2021 20:40",
            "open": "4.5033",
            "high": "4.5033",
            "low": "4.5033",
            "close": "4.5083"
        },
        {
            "time": "16.07.2021 20:41",
            "open": "4.5083",
            "high": "4.5083",
            "low": "4.5083",
            "close": "4.485"
        },
        {
            "time": "16.07.2021 20:53",
            "open": "4.485",
            "high": "4.485",
            "low": "4.485",
            "close": "4.4836"
        },
        {
            "time": "16.07.2021 20:55",
            "open": "4.4836",
            "high": "4.4836",
            "low": "4.4836",
            "close": "4.483"
        },
        {
            "time": "16.07.2021 21:00",
            "open": "4.483",
            "high": "4.483",
            "low": "4.475",
            "close": "4.4825"
        },
        {
            "time": "16.07.2021 21:01",
            "open": "4.4825",
            "high": "4.4825",
            "low": "4.4825",
            "close": "4.475"
        },
        {
            "time": "16.07.2021 21:14",
            "open": "4.475",
            "high": "4.475",
            "low": "4.4708",
            "close": "4.495"
        },
        {
            "time": "16.07.2021 21:23",
            "open": "4.495",
            "high": "4.495",
            "low": "4.495",
            "close": "4.4982"
        },
        {
            "time": "16.07.2021 21:24",
            "open": "4.4982",
            "high": "4.5",
            "low": "4.4982",
            "close": "4.48"
        },
        {
            "time": "16.07.2021 21:29",
            "open": "4.48",
            "high": "4.48",
            "low": "4.4723",
            "close": "4.47"
        },
        {
            "time": "16.07.2021 21:31",
            "open": "4.47",
            "high": "4.47",
            "low": "4.455",
            "close": "4.455"
        },
        {
            "time": "16.07.2021 21:32",
            "open": "4.455",
            "high": "4.455",
            "low": "4.45",
            "close": "4.445"
        },
        {
            "time": "16.07.2021 21:33",
            "open": "4.445",
            "high": "4.445",
            "low": "4.4428",
            "close": "4.44"
        },
        {
            "time": "16.07.2021 21:36",
            "open": "4.44",
            "high": "4.44",
            "low": "4.44",
            "close": "4.435"
        },
        {
            "time": "16.07.2021 21:44",
            "open": "4.435",
            "high": "4.435",
            "low": "4.435",
            "close": "4.4306"
        },
        {
            "time": "16.07.2021 21:50",
            "open": "4.4306",
            "high": "4.4311",
            "low": "4.4306",
            "close": "4.43"
        },
        {
            "time": "16.07.2021 21:51",
            "open": "4.43",
            "high": "4.43",
            "low": "4.43",
            "close": "4.4368"
        },
        {
            "time": "16.07.2021 21:53",
            "open": "4.4368",
            "high": "4.4368",
            "low": "4.4368",
            "close": "4.45"
        },
        {
            "time": "16.07.2021 22:01",
            "open": "4.45",
            "high": "4.45",
            "low": "4.45",
            "close": "4.455"
        },
        {
            "time": "16.07.2021 22:02",
            "open": "4.455",
            "high": "4.455",
            "low": "4.455",
            "close": "4.4543"
        },
        {
            "time": "16.07.2021 22:05",
            "open": "4.4543",
            "high": "4.4544",
            "low": "4.4543",
            "close": "4.435"
        },
        {
            "time": "16.07.2021 22:09",
            "open": "4.435",
            "high": "4.435",
            "low": "4.435",
            "close": "4.43"
        },
        {
            "time": "16.07.2021 22:18",
            "open": "4.43",
            "high": "4.43",
            "low": "4.4227",
            "close": "4.42"
        },
        {
            "time": "16.07.2021 22:19",
            "open": "4.42",
            "high": "4.42",
            "low": "4.41",
            "close": "4.4195"
        },
        {
            "time": "16.07.2021 22:20",
            "open": "4.4195",
            "high": "4.4195",
            "low": "4.4195",
            "close": "4.4222"
        },
        {
            "time": "16.07.2021 22:21",
            "open": "4.4222",
            "high": "4.425",
            "low": "4.4222",
            "close": "4.4211"
        },
        {
            "time": "16.07.2021 22:28",
            "open": "4.4211",
            "high": "4.4211",
            "low": "4.4211",
            "close": "4.405"
        },
        {
            "time": "16.07.2021 22:31",
            "open": "4.405",
            "high": "4.405",
            "low": "4.4",
            "close": "4.4"
        },
        {
            "time": "16.07.2021 22:32",
            "open": "4.4",
            "high": "4.4",
            "low": "4.4",
            "close": "4.4006"
        },
        {
            "time": "16.07.2021 22:33",
            "open": "4.4006",
            "high": "4.4006",
            "low": "4.4006",
            "close": "4.4147"
        },
        {
            "time": "16.07.2021 22:37",
            "open": "4.4147",
            "high": "4.4147",
            "low": "4.4147",
            "close": "4.407"
        },
        {
            "time": "16.07.2021 22:40",
            "open": "4.407",
            "high": "4.407",
            "low": "4.407",
            "close": "4.395"
        },
        {
            "time": "16.07.2021 22:50",
            "open": "4.395",
            "high": "4.395",
            "low": "4.395",
            "close": "4.3932"
        },
        {
            "time": "16.07.2021 22:52",
            "open": "4.3932",
            "high": "4.3932",
            "low": "4.3818",
            "close": "4.38"
        },
        {
            "time": "16.07.2021 22:53",
            "open": "4.38",
            "high": "4.38",
            "low": "4.38",
            "close": "4.385"
        },
        {
            "time": "16.07.2021 22:55",
            "open": "4.385",
            "high": "4.385",
            "low": "4.385",
            "close": "4.3731"
        },
        {
            "time": "16.07.2021 23:00",
            "open": "4.3731",
            "high": "4.3744",
            "low": "4.3731",
            "close": "4.3823"
        },
        {
            "time": "16.07.2021 23:03",
            "open": "4.3823",
            "high": "4.3823",
            "low": "4.3823",
            "close": "4.39"
        },
        {
            "time": "16.07.2021 23:07",
            "open": "4.39",
            "high": "4.39",
            "low": "4.39",
            "close": "4.39"
        },
        {
            "time": "16.07.2021 23:08",
            "open": "4.39",
            "high": "4.3921",
            "low": "4.39",
            "close": "4.395"
        },
        {
            "time": "16.07.2021 23:12",
            "open": "4.395",
            "high": "4.395",
            "low": "4.395",
            "close": "4.375"
        },
        {
            "time": "16.07.2021 23:15",
            "open": "4.375",
            "high": "4.375",
            "low": "4.365",
            "close": "4.385"
        },
        {
            "time": "16.07.2021 23:20",
            "open": "4.385",
            "high": "4.385",
            "low": "4.385",
            "close": "4.39"
        },
        {
            "time": "16.07.2021 23:21",
            "open": "4.39",
            "high": "4.3939",
            "low": "4.39",
            "close": "4.395"
        },
        {
            "time": "16.07.2021 23:27",
            "open": "4.395",
            "high": "4.395",
            "low": "4.395",
            "close": "4.3737"
        },
        {
            "time": "16.07.2021 23:31",
            "open": "4.3737",
            "high": "4.3737",
            "low": "4.3737",
            "close": "4.3904"
        },
        {
            "time": "16.07.2021 23:40",
            "open": "4.3904",
            "high": "4.3904",
            "low": "4.3904",
            "close": "4.395"
        },
        {
            "time": "16.07.2021 23:42",
            "open": "4.395",
            "high": "4.395",
            "low": "4.395",
            "close": "4.4"
        },
        {
            "time": "16.07.2021 23:43",
            "open": "4.4",
            "high": "4.4032",
            "low": "4.4",
            "close": "4.38"
        },
        {
            "time": "16.07.2021 23:44",
            "open": "4.38",
            "high": "4.38",
            "low": "4.375",
            "close": "4.395"
        },
        {
            "time": "16.07.2021 23:45",
            "open": "4.395",
            "high": "4.405",
            "low": "4.395",
            "close": "4.41"
        },
        {
            "time": "16.07.2021 23:52",
            "open": "4.41",
            "high": "4.4111",
            "low": "4.4034",
            "close": "4.39"
        },
        {
            "time": "16.07.2021 23:57",
            "open": "4.39",
            "high": "4.39",
            "low": "4.39",
            "close": "4.385"
        },
        {
            "time": "16.07.2021 23:58",
            "open": "4.385",
            "high": "4.385",
            "low": "4.38",
            "close": "4.375"
        }
    ]
}