{
    "BAND-EUR": [
        {
            "time": "01.11.2020 23:59",
            "open": "3.9239",
            "high": "3.9361",
            "low": "3.9239",
            "close": "3.9306"
        },
        {
            "time": "02.11.2020 00:00",
            "open": "3.9306",
            "high": "3.9331",
            "low": "3.9306",
            "close": "3.9371"
        },
        {
            "time": "02.11.2020 00:01",
            "open": "3.9371",
            "high": "3.9371",
            "low": "3.9361",
            "close": "3.938"
        },
        {
            "time": "02.11.2020 00:03",
            "open": "3.938",
            "high": "3.9381",
            "low": "3.9282",
            "close": "3.912"
        },
        {
            "time": "02.11.2020 00:04",
            "open": "3.912",
            "high": "3.912",
            "low": "3.912",
            "close": "3.9032"
        },
        {
            "time": "02.11.2020 00:05",
            "open": "3.9032",
            "high": "3.9032",
            "low": "3.9032",
            "close": "3.9045"
        },
        {
            "time": "02.11.2020 00:07",
            "open": "3.9045",
            "high": "3.9045",
            "low": "3.8936",
            "close": "3.9006"
        },
        {
            "time": "02.11.2020 00:12",
            "open": "3.9006",
            "high": "3.9006",
            "low": "3.8959",
            "close": "3.9126"
        },
        {
            "time": "02.11.2020 00:15",
            "open": "3.9126",
            "high": "3.9126",
            "low": "3.9126",
            "close": "3.94"
        },
        {
            "time": "02.11.2020 00:19",
            "open": "3.94",
            "high": "3.9599",
            "low": "3.931",
            "close": "3.9426"
        },
        {
            "time": "02.11.2020 00:20",
            "open": "3.9426",
            "high": "3.9426",
            "low": "3.9204",
            "close": "3.9023"
        },
        {
            "time": "02.11.2020 00:36",
            "open": "3.9023",
            "high": "3.9023",
            "low": "3.9",
            "close": "3.9061"
        },
        {
            "time": "02.11.2020 00:43",
            "open": "3.9061",
            "high": "3.9061",
            "low": "3.9056",
            "close": "3.9038"
        },
        {
            "time": "02.11.2020 00:44",
            "open": "3.9038",
            "high": "3.9038",
            "low": "3.9038",
            "close": "3.8671"
        },
        {
            "time": "02.11.2020 00:47",
            "open": "3.8671",
            "high": "3.8671",
            "low": "3.8671",
            "close": "3.8671"
        },
        {
            "time": "02.11.2020 00:48",
            "open": "3.8671",
            "high": "3.8731",
            "low": "3.8671",
            "close": "3.8706"
        },
        {
            "time": "02.11.2020 00:49",
            "open": "3.8706",
            "high": "3.8706",
            "low": "3.8706",
            "close": "3.8756"
        },
        {
            "time": "02.11.2020 00:54",
            "open": "3.8756",
            "high": "3.8756",
            "low": "3.8756",
            "close": "3.8743"
        },
        {
            "time": "02.11.2020 00:55",
            "open": "3.8743",
            "high": "3.8743",
            "low": "3.8743",
            "close": "3.8879"
        },
        {
            "time": "02.11.2020 01:05",
            "open": "3.8879",
            "high": "3.8885",
            "low": "3.8879",
            "close": "3.8942"
        },
        {
            "time": "02.11.2020 01:06",
            "open": "3.8942",
            "high": "3.8942",
            "low": "3.8942",
            "close": "3.9029"
        },
        {
            "time": "02.11.2020 01:09",
            "open": "3.9029",
            "high": "3.9029",
            "low": "3.9029",
            "close": "3.9102"
        },
        {
            "time": "02.11.2020 01:12",
            "open": "3.9102",
            "high": "3.911",
            "low": "3.9102",
            "close": "3.9269"
        },
        {
            "time": "02.11.2020 01:18",
            "open": "3.9269",
            "high": "3.9328",
            "low": "3.9269",
            "close": "3.9346"
        },
        {
            "time": "02.11.2020 01:19",
            "open": "3.9346",
            "high": "3.9521",
            "low": "3.9346",
            "close": "3.96"
        },
        {
            "time": "02.11.2020 01:22",
            "open": "3.96",
            "high": "3.96",
            "low": "3.96",
            "close": "3.9649"
        },
        {
            "time": "02.11.2020 01:23",
            "open": "3.9649",
            "high": "3.9649",
            "low": "3.9649",
            "close": "3.965"
        },
        {
            "time": "02.11.2020 01:24",
            "open": "3.965",
            "high": "3.97",
            "low": "3.965",
            "close": "3.972"
        },
        {
            "time": "02.11.2020 01:26",
            "open": "3.972",
            "high": "3.9885",
            "low": "3.966",
            "close": "3.9708"
        },
        {
            "time": "02.11.2020 01:28",
            "open": "3.9708",
            "high": "3.9708",
            "low": "3.9708",
            "close": "3.99"
        },
        {
            "time": "02.11.2020 01:30",
            "open": "3.99",
            "high": "3.99",
            "low": "3.9857",
            "close": "3.9759"
        },
        {
            "time": "02.11.2020 01:33",
            "open": "3.9759",
            "high": "3.9759",
            "low": "3.9759",
            "close": "3.974"
        },
        {
            "time": "02.11.2020 01:35",
            "open": "3.974",
            "high": "3.974",
            "low": "3.974",
            "close": "3.958"
        },
        {
            "time": "02.11.2020 01:37",
            "open": "3.958",
            "high": "3.958",
            "low": "3.958",
            "close": "3.9871"
        },
        {
            "time": "02.11.2020 01:44",
            "open": "3.9871",
            "high": "3.9871",
            "low": "3.9838",
            "close": "3.9746"
        },
        {
            "time": "02.11.2020 01:46",
            "open": "3.9746",
            "high": "3.9746",
            "low": "3.9534",
            "close": "3.9444"
        },
        {
            "time": "02.11.2020 01:47",
            "open": "3.9444",
            "high": "3.9446",
            "low": "3.9444",
            "close": "3.9406"
        },
        {
            "time": "02.11.2020 01:52",
            "open": "3.9406",
            "high": "3.9406",
            "low": "3.9406",
            "close": "3.9446"
        },
        {
            "time": "02.11.2020 02:02",
            "open": "3.9446",
            "high": "3.9446",
            "low": "3.93",
            "close": "3.9305"
        },
        {
            "time": "02.11.2020 02:03",
            "open": "3.9305",
            "high": "3.9306",
            "low": "3.9305",
            "close": "3.936"
        },
        {
            "time": "02.11.2020 02:05",
            "open": "3.942",
            "high": "3.942",
            "low": "3.942",
            "close": "3.942"
        },
        {
            "time": "02.11.2020 02:07",
            "open": "3.942",
            "high": "3.942",
            "low": "3.942",
            "close": "3.9361"
        },
        {
            "time": "02.11.2020 02:08",
            "open": "3.9361",
            "high": "3.9367",
            "low": "3.9361",
            "close": "3.9442"
        },
        {
            "time": "02.11.2020 02:13",
            "open": "3.9442",
            "high": "3.9451",
            "low": "3.9442",
            "close": "3.9472"
        },
        {
            "time": "02.11.2020 02:25",
            "open": "3.9472",
            "high": "3.9476",
            "low": "3.9472",
            "close": "3.9469"
        },
        {
            "time": "02.11.2020 02:28",
            "open": "3.9469",
            "high": "3.9469",
            "low": "3.9397",
            "close": "3.9276"
        },
        {
            "time": "02.11.2020 02:29",
            "open": "3.9276",
            "high": "3.9276",
            "low": "3.9267",
            "close": "3.9012"
        },
        {
            "time": "02.11.2020 02:35",
            "open": "3.9012",
            "high": "3.9012",
            "low": "3.8852",
            "close": "3.8908"
        },
        {
            "time": "02.11.2020 02:37",
            "open": "3.8908",
            "high": "3.9053",
            "low": "3.8908",
            "close": "3.8949"
        },
        {
            "time": "02.11.2020 02:38",
            "open": "3.8949",
            "high": "3.8949",
            "low": "3.8949",
            "close": "3.9016"
        },
        {
            "time": "02.11.2020 02:40",
            "open": "3.9016",
            "high": "3.9026",
            "low": "3.9016",
            "close": "3.9117"
        },
        {
            "time": "02.11.2020 02:42",
            "open": "3.9117",
            "high": "3.9117",
            "low": "3.9117",
            "close": "3.9235"
        },
        {
            "time": "02.11.2020 02:43",
            "open": "3.9235",
            "high": "3.9235",
            "low": "3.9187",
            "close": "3.9034"
        },
        {
            "time": "02.11.2020 02:46",
            "open": "3.9034",
            "high": "3.9034",
            "low": "3.9034",
            "close": "3.8884"
        },
        {
            "time": "02.11.2020 02:48",
            "open": "3.8884",
            "high": "3.8884",
            "low": "3.8824",
            "close": "3.8886"
        },
        {
            "time": "02.11.2020 02:54",
            "open": "3.8886",
            "high": "3.8886",
            "low": "3.8874",
            "close": "3.8838"
        },
        {
            "time": "02.11.2020 02:56",
            "open": "3.8838",
            "high": "3.9109",
            "low": "3.8838",
            "close": "3.9075"
        },
        {
            "time": "02.11.2020 02:57",
            "open": "3.9075",
            "high": "3.9075",
            "low": "3.9069",
            "close": "3.9087"
        },
        {
            "time": "02.11.2020 03:02",
            "open": "3.9087",
            "high": "3.9087",
            "low": "3.9087",
            "close": "3.9042"
        },
        {
            "time": "02.11.2020 03:03",
            "open": "3.9042",
            "high": "3.9042",
            "low": "3.9042",
            "close": "3.8868"
        },
        {
            "time": "02.11.2020 03:05",
            "open": "3.8868",
            "high": "3.8868",
            "low": "3.8868",
            "close": "3.8781"
        },
        {
            "time": "02.11.2020 03:09",
            "open": "3.8781",
            "high": "3.8781",
            "low": "3.8781",
            "close": "3.8781"
        },
        {
            "time": "02.11.2020 03:10",
            "open": "3.8781",
            "high": "3.8816",
            "low": "3.8781",
            "close": "3.878"
        },
        {
            "time": "02.11.2020 03:12",
            "open": "3.878",
            "high": "3.878",
            "low": "3.878",
            "close": "3.8548"
        },
        {
            "time": "02.11.2020 03:14",
            "open": "3.8548",
            "high": "3.8606",
            "low": "3.8548",
            "close": "3.8635"
        },
        {
            "time": "02.11.2020 03:19",
            "open": "3.8635",
            "high": "3.8635",
            "low": "3.8635",
            "close": "3.8805"
        },
        {
            "time": "02.11.2020 03:21",
            "open": "3.8805",
            "high": "3.8805",
            "low": "3.8805",
            "close": "3.8761"
        },
        {
            "time": "02.11.2020 03:24",
            "open": "3.8761",
            "high": "3.8761",
            "low": "3.8729",
            "close": "3.8717"
        },
        {
            "time": "02.11.2020 03:25",
            "open": "3.8717",
            "high": "3.8717",
            "low": "3.8716",
            "close": "3.8631"
        },
        {
            "time": "02.11.2020 03:35",
            "open": "3.8631",
            "high": "3.8631",
            "low": "3.8631",
            "close": "3.8672"
        },
        {
            "time": "02.11.2020 03:54",
            "open": "3.8672",
            "high": "3.8672",
            "low": "3.8643",
            "close": "3.8688"
        },
        {
            "time": "02.11.2020 03:56",
            "open": "3.8688",
            "high": "3.8688",
            "low": "3.8688",
            "close": "3.8523"
        },
        {
            "time": "02.11.2020 04:16",
            "open": "3.8523",
            "high": "3.8524",
            "low": "3.8523",
            "close": "3.8499"
        },
        {
            "time": "02.11.2020 04:19",
            "open": "3.8499",
            "high": "3.8577",
            "low": "3.8499",
            "close": "3.8644"
        },
        {
            "time": "02.11.2020 04:27",
            "open": "3.8644",
            "high": "3.8644",
            "low": "3.8638",
            "close": "3.8511"
        },
        {
            "time": "02.11.2020 04:33",
            "open": "3.8511",
            "high": "3.8512",
            "low": "3.8511",
            "close": "3.8535"
        },
        {
            "time": "02.11.2020 04:36",
            "open": "3.8535",
            "high": "3.8535",
            "low": "3.8507",
            "close": "3.8427"
        },
        {
            "time": "02.11.2020 04:37",
            "open": "3.8427",
            "high": "3.849",
            "low": "3.8427",
            "close": "3.8626"
        },
        {
            "time": "02.11.2020 05:26",
            "open": "3.8626",
            "high": "3.8626",
            "low": "3.8626",
            "close": "3.8501"
        },
        {
            "time": "02.11.2020 05:30",
            "open": "3.8501",
            "high": "3.8501",
            "low": "3.8447",
            "close": "3.8344"
        },
        {
            "time": "02.11.2020 05:33",
            "open": "3.8344",
            "high": "3.8344",
            "low": "3.8344",
            "close": "3.8253"
        },
        {
            "time": "02.11.2020 05:35",
            "open": "3.8253",
            "high": "3.8253",
            "low": "3.8071",
            "close": "3.8082"
        },
        {
            "time": "02.11.2020 05:36",
            "open": "3.8082",
            "high": "3.8082",
            "low": "3.8028",
            "close": "3.8061"
        },
        {
            "time": "02.11.2020 05:37",
            "open": "3.8061",
            "high": "3.8071",
            "low": "3.8054",
            "close": "3.8074"
        },
        {
            "time": "02.11.2020 05:38",
            "open": "3.8074",
            "high": "3.8074",
            "low": "3.8074",
            "close": "3.809"
        },
        {
            "time": "02.11.2020 05:39",
            "open": "3.809",
            "high": "3.809",
            "low": "3.809",
            "close": "3.8149"
        },
        {
            "time": "02.11.2020 05:40",
            "open": "3.8149",
            "high": "3.815",
            "low": "3.8149",
            "close": "3.81"
        },
        {
            "time": "02.11.2020 05:42",
            "open": "3.81",
            "high": "3.81",
            "low": "3.8075",
            "close": "3.8064"
        },
        {
            "time": "02.11.2020 05:43",
            "open": "3.8064",
            "high": "3.8134",
            "low": "3.8051",
            "close": "3.8296"
        },
        {
            "time": "02.11.2020 05:47",
            "open": "3.8296",
            "high": "3.8296",
            "low": "3.8296",
            "close": "3.836"
        },
        {
            "time": "02.11.2020 06:04",
            "open": "3.836",
            "high": "3.8361",
            "low": "3.836",
            "close": "3.8311"
        },
        {
            "time": "02.11.2020 06:15",
            "open": "3.8311",
            "high": "3.8311",
            "low": "3.8311",
            "close": "3.8375"
        },
        {
            "time": "02.11.2020 06:23",
            "open": "3.8375",
            "high": "3.8375",
            "low": "3.8375",
            "close": "3.8361"
        },
        {
            "time": "02.11.2020 06:40",
            "open": "3.8361",
            "high": "3.8361",
            "low": "3.8318",
            "close": "3.8431"
        },
        {
            "time": "02.11.2020 06:41",
            "open": "3.8431",
            "high": "3.8431",
            "low": "3.8431",
            "close": "3.8352"
        },
        {
            "time": "02.11.2020 07:02",
            "open": "3.8352",
            "high": "3.8352",
            "low": "3.8352",
            "close": "3.8463"
        },
        {
            "time": "02.11.2020 07:24",
            "open": "3.8463",
            "high": "3.8463",
            "low": "3.8451",
            "close": "3.8371"
        },
        {
            "time": "02.11.2020 07:26",
            "open": "3.8371",
            "high": "3.85",
            "low": "3.8371",
            "close": "3.8477"
        },
        {
            "time": "02.11.2020 07:27",
            "open": "3.8477",
            "high": "3.85",
            "low": "3.8477",
            "close": "3.8559"
        },
        {
            "time": "02.11.2020 07:28",
            "open": "3.8559",
            "high": "3.856",
            "low": "3.8559",
            "close": "3.859"
        },
        {
            "time": "02.11.2020 07:29",
            "open": "3.859",
            "high": "3.8599",
            "low": "3.8569",
            "close": "3.8598"
        },
        {
            "time": "02.11.2020 07:35",
            "open": "3.8598",
            "high": "3.8598",
            "low": "3.8549",
            "close": "3.8577"
        },
        {
            "time": "02.11.2020 07:37",
            "open": "3.8577",
            "high": "3.8577",
            "low": "3.8577",
            "close": "3.8549"
        },
        {
            "time": "02.11.2020 07:39",
            "open": "3.8549",
            "high": "3.8567",
            "low": "3.8549",
            "close": "3.8571"
        },
        {
            "time": "02.11.2020 07:40",
            "open": "3.8571",
            "high": "3.8577",
            "low": "3.8571",
            "close": "3.8577"
        },
        {
            "time": "02.11.2020 07:41",
            "open": "3.8577",
            "high": "3.8577",
            "low": "3.8577",
            "close": "3.8581"
        },
        {
            "time": "02.11.2020 07:42",
            "open": "3.8581",
            "high": "3.8584",
            "low": "3.8581",
            "close": "3.8586"
        },
        {
            "time": "02.11.2020 07:43",
            "open": "3.8586",
            "high": "3.8586",
            "low": "3.8586",
            "close": "3.8597"
        },
        {
            "time": "02.11.2020 07:45",
            "open": "3.8597",
            "high": "3.8749",
            "low": "3.8524",
            "close": "3.8574"
        },
        {
            "time": "02.11.2020 07:46",
            "open": "3.8574",
            "high": "3.8574",
            "low": "3.8574",
            "close": "3.8572"
        },
        {
            "time": "02.11.2020 07:47",
            "open": "3.8572",
            "high": "3.8572",
            "low": "3.8553",
            "close": "3.857"
        },
        {
            "time": "02.11.2020 07:49",
            "open": "3.857",
            "high": "3.8749",
            "low": "3.8568",
            "close": "3.8607"
        },
        {
            "time": "02.11.2020 07:50",
            "open": "3.8607",
            "high": "3.861",
            "low": "3.8605",
            "close": "3.8612"
        },
        {
            "time": "02.11.2020 07:51",
            "open": "3.8612",
            "high": "3.8634",
            "low": "3.861",
            "close": "3.8635"
        },
        {
            "time": "02.11.2020 07:52",
            "open": "3.8635",
            "high": "3.8639",
            "low": "3.8633",
            "close": "3.8635"
        },
        {
            "time": "02.11.2020 07:53",
            "open": "3.8635",
            "high": "3.8645",
            "low": "3.8628",
            "close": "3.8655"
        },
        {
            "time": "02.11.2020 07:55",
            "open": "3.8655",
            "high": "3.8655",
            "low": "3.8655",
            "close": "3.8655"
        },
        {
            "time": "02.11.2020 07:56",
            "open": "3.8655",
            "high": "3.8743",
            "low": "3.8648",
            "close": "3.8734"
        },
        {
            "time": "02.11.2020 07:57",
            "open": "3.8734",
            "high": "3.8762",
            "low": "3.8733",
            "close": "3.8725"
        },
        {
            "time": "02.11.2020 07:58",
            "open": "3.8725",
            "high": "3.879",
            "low": "3.8725",
            "close": "3.8791"
        },
        {
            "time": "02.11.2020 07:59",
            "open": "3.8791",
            "high": "3.8882",
            "low": "3.8787",
            "close": "3.8831"
        },
        {
            "time": "02.11.2020 08:00",
            "open": "3.8831",
            "high": "3.887",
            "low": "3.8831",
            "close": "3.8766"
        },
        {
            "time": "02.11.2020 08:02",
            "open": "3.8766",
            "high": "3.8766",
            "low": "3.8766",
            "close": "3.8791"
        },
        {
            "time": "02.11.2020 08:04",
            "open": "3.8791",
            "high": "3.8802",
            "low": "3.8791",
            "close": "3.8808"
        },
        {
            "time": "02.11.2020 08:05",
            "open": "3.8808",
            "high": "3.8808",
            "low": "3.8808",
            "close": "3.8826"
        },
        {
            "time": "02.11.2020 08:07",
            "open": "3.8826",
            "high": "3.8826",
            "low": "3.8826",
            "close": "3.8844"
        },
        {
            "time": "02.11.2020 08:08",
            "open": "3.8844",
            "high": "3.8937",
            "low": "3.8844",
            "close": "3.8957"
        },
        {
            "time": "02.11.2020 08:14",
            "open": "3.8957",
            "high": "3.9054",
            "low": "3.8957",
            "close": "3.9132"
        },
        {
            "time": "02.11.2020 08:15",
            "open": "3.9132",
            "high": "3.9154",
            "low": "3.9132",
            "close": "3.9155"
        },
        {
            "time": "02.11.2020 08:16",
            "open": "3.9155",
            "high": "3.92",
            "low": "3.9155",
            "close": "3.9198"
        },
        {
            "time": "02.11.2020 08:17",
            "open": "3.9198",
            "high": "3.92",
            "low": "3.9198",
            "close": "3.9199"
        },
        {
            "time": "02.11.2020 08:18",
            "open": "3.9199",
            "high": "3.9199",
            "low": "3.9199",
            "close": "3.915"
        },
        {
            "time": "02.11.2020 08:19",
            "open": "3.915",
            "high": "3.915",
            "low": "3.9008",
            "close": "3.8942"
        },
        {
            "time": "02.11.2020 08:22",
            "open": "3.8942",
            "high": "3.8965",
            "low": "3.8942",
            "close": "3.8995"
        },
        {
            "time": "02.11.2020 08:24",
            "open": "3.8995",
            "high": "3.8995",
            "low": "3.899",
            "close": "3.9139"
        },
        {
            "time": "02.11.2020 08:26",
            "open": "3.9139",
            "high": "3.9151",
            "low": "3.9139",
            "close": "3.9098"
        },
        {
            "time": "02.11.2020 08:31",
            "open": "3.9098",
            "high": "3.9098",
            "low": "3.9098",
            "close": "3.91"
        },
        {
            "time": "02.11.2020 08:32",
            "open": "3.91",
            "high": "3.91",
            "low": "3.9065",
            "close": "3.9144"
        },
        {
            "time": "02.11.2020 08:35",
            "open": "3.9144",
            "high": "3.9144",
            "low": "3.9048",
            "close": "3.9132"
        },
        {
            "time": "02.11.2020 08:43",
            "open": "3.9132",
            "high": "3.9132",
            "low": "3.9132",
            "close": "3.9135"
        },
        {
            "time": "02.11.2020 08:54",
            "open": "3.9135",
            "high": "3.9135",
            "low": "3.9135",
            "close": "3.913"
        },
        {
            "time": "02.11.2020 09:07",
            "open": "3.913",
            "high": "3.913",
            "low": "3.913",
            "close": "3.9"
        },
        {
            "time": "02.11.2020 09:14",
            "open": "3.9",
            "high": "3.9",
            "low": "3.8974",
            "close": "3.88"
        },
        {
            "time": "02.11.2020 09:17",
            "open": "3.88",
            "high": "3.88",
            "low": "3.88",
            "close": "3.8873"
        },
        {
            "time": "02.11.2020 09:21",
            "open": "3.8873",
            "high": "3.8875",
            "low": "3.8873",
            "close": "3.8943"
        },
        {
            "time": "02.11.2020 09:23",
            "open": "3.8943",
            "high": "3.8943",
            "low": "3.8943",
            "close": "3.8707"
        },
        {
            "time": "02.11.2020 09:25",
            "open": "3.8707",
            "high": "3.8707",
            "low": "3.87",
            "close": "3.8513"
        },
        {
            "time": "02.11.2020 09:26",
            "open": "3.8513",
            "high": "3.878",
            "low": "3.8513",
            "close": "3.8769"
        },
        {
            "time": "02.11.2020 09:27",
            "open": "3.8769",
            "high": "3.8814",
            "low": "3.8636",
            "close": "3.8838"
        },
        {
            "time": "02.11.2020 09:28",
            "open": "3.8838",
            "high": "3.8858",
            "low": "3.8794",
            "close": "3.8774"
        },
        {
            "time": "02.11.2020 09:29",
            "open": "3.8774",
            "high": "3.8774",
            "low": "3.8757",
            "close": "3.8624"
        },
        {
            "time": "02.11.2020 09:30",
            "open": "3.8624",
            "high": "3.872",
            "low": "3.8566",
            "close": "3.867"
        },
        {
            "time": "02.11.2020 09:31",
            "open": "3.867",
            "high": "3.8688",
            "low": "3.867",
            "close": "3.8483"
        },
        {
            "time": "02.11.2020 09:36",
            "open": "3.8483",
            "high": "3.8483",
            "low": "3.8269",
            "close": "3.8384"
        },
        {
            "time": "02.11.2020 09:37",
            "open": "3.8384",
            "high": "3.8555",
            "low": "3.8214",
            "close": "3.852"
        },
        {
            "time": "02.11.2020 09:38",
            "open": "3.852",
            "high": "3.852",
            "low": "3.8429",
            "close": "3.844"
        },
        {
            "time": "02.11.2020 09:39",
            "open": "3.844",
            "high": "3.844",
            "low": "3.844",
            "close": "3.8369"
        },
        {
            "time": "02.11.2020 09:40",
            "open": "3.8369",
            "high": "3.8434",
            "low": "3.8369",
            "close": "3.8336"
        },
        {
            "time": "02.11.2020 09:41",
            "open": "3.8336",
            "high": "3.8336",
            "low": "3.8336",
            "close": "3.83"
        },
        {
            "time": "02.11.2020 09:42",
            "open": "3.83",
            "high": "3.83",
            "low": "3.8253",
            "close": "3.8271"
        },
        {
            "time": "02.11.2020 09:43",
            "open": "3.8271",
            "high": "3.8271",
            "low": "3.8271",
            "close": "3.8325"
        },
        {
            "time": "02.11.2020 09:44",
            "open": "3.8325",
            "high": "3.8471",
            "low": "3.8325",
            "close": "3.8434"
        },
        {
            "time": "02.11.2020 09:45",
            "open": "3.8434",
            "high": "3.846",
            "low": "3.8434",
            "close": "3.8246"
        },
        {
            "time": "02.11.2020 09:47",
            "open": "3.8246",
            "high": "3.8246",
            "low": "3.8246",
            "close": "3.8246"
        },
        {
            "time": "02.11.2020 09:52",
            "open": "3.8246",
            "high": "3.833",
            "low": "3.8246",
            "close": "3.8154"
        },
        {
            "time": "02.11.2020 09:53",
            "open": "3.8154",
            "high": "3.8154",
            "low": "3.788",
            "close": "3.8058"
        },
        {
            "time": "02.11.2020 09:55",
            "open": "3.8058",
            "high": "3.8058",
            "low": "3.7856",
            "close": "3.7843"
        },
        {
            "time": "02.11.2020 09:56",
            "open": "3.7843",
            "high": "3.7843",
            "low": "3.7726",
            "close": "3.7705"
        },
        {
            "time": "02.11.2020 09:57",
            "open": "3.7705",
            "high": "3.7796",
            "low": "3.7501",
            "close": "3.7573"
        },
        {
            "time": "02.11.2020 09:58",
            "open": "3.7573",
            "high": "3.764",
            "low": "3.7573",
            "close": "3.75"
        },
        {
            "time": "02.11.2020 10:00",
            "open": "3.75",
            "high": "3.77",
            "low": "3.75",
            "close": "3.769"
        },
        {
            "time": "02.11.2020 10:01",
            "open": "3.769",
            "high": "3.8026",
            "low": "3.769",
            "close": "3.7923"
        },
        {
            "time": "02.11.2020 10:02",
            "open": "3.7923",
            "high": "3.7923",
            "low": "3.7745",
            "close": "3.7513"
        },
        {
            "time": "02.11.2020 10:03",
            "open": "3.7513",
            "high": "3.7602",
            "low": "3.7513",
            "close": "3.7658"
        },
        {
            "time": "02.11.2020 10:04",
            "open": "3.7658",
            "high": "3.767",
            "low": "3.7658",
            "close": "3.7677"
        },
        {
            "time": "02.11.2020 10:11",
            "open": "3.7677",
            "high": "3.7677",
            "low": "3.7677",
            "close": "3.7752"
        },
        {
            "time": "02.11.2020 10:14",
            "open": "3.7752",
            "high": "3.7753",
            "low": "3.7752",
            "close": "3.7665"
        },
        {
            "time": "02.11.2020 10:18",
            "open": "3.7665",
            "high": "3.7665",
            "low": "3.7665",
            "close": "3.766"
        },
        {
            "time": "02.11.2020 10:20",
            "open": "3.766",
            "high": "3.766",
            "low": "3.766",
            "close": "3.7612"
        },
        {
            "time": "02.11.2020 10:25",
            "open": "3.7612",
            "high": "3.7626",
            "low": "3.7612",
            "close": "3.7645"
        },
        {
            "time": "02.11.2020 10:26",
            "open": "3.7645",
            "high": "3.7654",
            "low": "3.7645",
            "close": "3.7665"
        },
        {
            "time": "02.11.2020 10:33",
            "open": "3.7665",
            "high": "3.7665",
            "low": "3.7665",
            "close": "3.7764"
        },
        {
            "time": "02.11.2020 10:34",
            "open": "3.7764",
            "high": "3.8004",
            "low": "3.7764",
            "close": "3.7811"
        },
        {
            "time": "02.11.2020 10:35",
            "open": "3.7811",
            "high": "3.7838",
            "low": "3.7811",
            "close": "3.7751"
        },
        {
            "time": "02.11.2020 10:38",
            "open": "3.7751",
            "high": "3.7779",
            "low": "3.7751",
            "close": "3.7798"
        },
        {
            "time": "02.11.2020 10:39",
            "open": "3.7798",
            "high": "3.7798",
            "low": "3.7798",
            "close": "3.777"
        },
        {
            "time": "02.11.2020 10:40",
            "open": "3.777",
            "high": "3.777",
            "low": "3.777",
            "close": "3.7796"
        },
        {
            "time": "02.11.2020 10:41",
            "open": "3.7796",
            "high": "3.7796",
            "low": "3.7767",
            "close": "3.7767"
        },
        {
            "time": "02.11.2020 10:42",
            "open": "3.7767",
            "high": "3.782",
            "low": "3.7767",
            "close": "3.7772"
        },
        {
            "time": "02.11.2020 10:44",
            "open": "3.7772",
            "high": "3.7772",
            "low": "3.7772",
            "close": "3.7743"
        },
        {
            "time": "02.11.2020 10:45",
            "open": "3.7743",
            "high": "3.7743",
            "low": "3.7743",
            "close": "3.7739"
        },
        {
            "time": "02.11.2020 10:46",
            "open": "3.7739",
            "high": "3.7739",
            "low": "3.7739",
            "close": "3.7701"
        },
        {
            "time": "02.11.2020 10:48",
            "open": "3.7701",
            "high": "3.7703",
            "low": "3.77",
            "close": "3.7708"
        },
        {
            "time": "02.11.2020 10:50",
            "open": "3.7723",
            "high": "3.7724",
            "low": "3.7723",
            "close": "3.7744"
        },
        {
            "time": "02.11.2020 10:51",
            "open": "3.7744",
            "high": "3.7756",
            "low": "3.7744",
            "close": "3.773"
        },
        {
            "time": "02.11.2020 10:52",
            "open": "3.773",
            "high": "3.773",
            "low": "3.7724",
            "close": "3.7724"
        },
        {
            "time": "02.11.2020 10:54",
            "open": "3.7724",
            "high": "3.7724",
            "low": "3.7724",
            "close": "3.7724"
        },
        {
            "time": "02.11.2020 10:55",
            "open": "3.7724",
            "high": "3.7724",
            "low": "3.7606",
            "close": "3.7597"
        },
        {
            "time": "02.11.2020 10:56",
            "open": "3.7597",
            "high": "3.761",
            "low": "3.7567",
            "close": "3.7574"
        },
        {
            "time": "02.11.2020 10:57",
            "open": "3.7574",
            "high": "3.7623",
            "low": "3.7574",
            "close": "3.7637"
        },
        {
            "time": "02.11.2020 10:58",
            "open": "3.7637",
            "high": "3.7637",
            "low": "3.7637",
            "close": "3.7506"
        },
        {
            "time": "02.11.2020 11:01",
            "open": "3.7506",
            "high": "3.7506",
            "low": "3.7502",
            "close": "3.75"
        },
        {
            "time": "02.11.2020 11:02",
            "open": "3.75",
            "high": "3.75",
            "low": "3.75",
            "close": "3.75"
        },
        {
            "time": "02.11.2020 11:03",
            "open": "3.75",
            "high": "3.755",
            "low": "3.7402",
            "close": "3.7416"
        },
        {
            "time": "02.11.2020 11:04",
            "open": "3.7416",
            "high": "3.7459",
            "low": "3.7402",
            "close": "3.7438"
        },
        {
            "time": "02.11.2020 11:05",
            "open": "3.7438",
            "high": "3.7454",
            "low": "3.7321",
            "close": "3.7332"
        },
        {
            "time": "02.11.2020 11:06",
            "open": "3.7332",
            "high": "3.7388",
            "low": "3.7326",
            "close": "3.7326"
        },
        {
            "time": "02.11.2020 11:07",
            "open": "3.7326",
            "high": "3.7448",
            "low": "3.7326",
            "close": "3.7406"
        },
        {
            "time": "02.11.2020 11:08",
            "open": "3.7406",
            "high": "3.7445",
            "low": "3.7388",
            "close": "3.7363"
        },
        {
            "time": "02.11.2020 11:09",
            "open": "3.7363",
            "high": "3.7366",
            "low": "3.7227",
            "close": "3.7348"
        },
        {
            "time": "02.11.2020 11:10",
            "open": "3.7348",
            "high": "3.7348",
            "low": "3.7348",
            "close": "3.732"
        },
        {
            "time": "02.11.2020 11:16",
            "open": "3.732",
            "high": "3.732",
            "low": "3.7194",
            "close": "3.7099"
        },
        {
            "time": "02.11.2020 11:17",
            "open": "3.7099",
            "high": "3.7099",
            "low": "3.7001",
            "close": "3.7001"
        },
        {
            "time": "02.11.2020 11:18",
            "open": "3.7001",
            "high": "3.732",
            "low": "3.7001",
            "close": "3.7333"
        },
        {
            "time": "02.11.2020 11:19",
            "open": "3.7333",
            "high": "3.7373",
            "low": "3.7314",
            "close": "3.739"
        },
        {
            "time": "02.11.2020 11:20",
            "open": "3.739",
            "high": "3.7616",
            "low": "3.739",
            "close": "3.7459"
        },
        {
            "time": "02.11.2020 11:21",
            "open": "3.7459",
            "high": "3.7552",
            "low": "3.7459",
            "close": "3.7596"
        },
        {
            "time": "02.11.2020 11:22",
            "open": "3.7596",
            "high": "3.7718",
            "low": "3.7596",
            "close": "3.7503"
        },
        {
            "time": "02.11.2020 11:24",
            "open": "3.7503",
            "high": "3.7503",
            "low": "3.7491",
            "close": "3.7286"
        },
        {
            "time": "02.11.2020 11:25",
            "open": "3.7286",
            "high": "3.7286",
            "low": "3.7286",
            "close": "3.7349"
        },
        {
            "time": "02.11.2020 11:26",
            "open": "3.7349",
            "high": "3.7366",
            "low": "3.7349",
            "close": "3.7475"
        },
        {
            "time": "02.11.2020 11:27",
            "open": "3.7475",
            "high": "3.7475",
            "low": "3.7416",
            "close": "3.7447"
        },
        {
            "time": "02.11.2020 11:28",
            "open": "3.7447",
            "high": "3.747",
            "low": "3.7447",
            "close": "3.7563"
        },
        {
            "time": "02.11.2020 11:29",
            "open": "3.7563",
            "high": "3.7564",
            "low": "3.7563",
            "close": "3.7473"
        },
        {
            "time": "02.11.2020 11:32",
            "open": "3.7473",
            "high": "3.7473",
            "low": "3.7473",
            "close": "3.7401"
        },
        {
            "time": "02.11.2020 11:37",
            "open": "3.7401",
            "high": "3.7401",
            "low": "3.7401",
            "close": "3.7295"
        },
        {
            "time": "02.11.2020 11:43",
            "open": "3.7295",
            "high": "3.7349",
            "low": "3.7295",
            "close": "3.7226"
        },
        {
            "time": "02.11.2020 11:44",
            "open": "3.7226",
            "high": "3.7226",
            "low": "3.7226",
            "close": "3.7314"
        },
        {
            "time": "02.11.2020 11:45",
            "open": "3.7314",
            "high": "3.7314",
            "low": "3.7314",
            "close": "3.7359"
        },
        {
            "time": "02.11.2020 11:48",
            "open": "3.7359",
            "high": "3.7372",
            "low": "3.7359",
            "close": "3.7358"
        },
        {
            "time": "02.11.2020 11:54",
            "open": "3.7358",
            "high": "3.7358",
            "low": "3.7358",
            "close": "3.72"
        },
        {
            "time": "02.11.2020 11:57",
            "open": "3.72",
            "high": "3.72",
            "low": "3.72",
            "close": "3.72"
        },
        {
            "time": "02.11.2020 11:59",
            "open": "3.72",
            "high": "3.72",
            "low": "3.7103",
            "close": "3.7205"
        },
        {
            "time": "02.11.2020 12:02",
            "open": "3.7205",
            "high": "3.7217",
            "low": "3.7205",
            "close": "3.7175"
        },
        {
            "time": "02.11.2020 12:03",
            "open": "3.7175",
            "high": "3.7175",
            "low": "3.7175",
            "close": "3.7229"
        },
        {
            "time": "02.11.2020 12:04",
            "open": "3.7229",
            "high": "3.7421",
            "low": "3.7229",
            "close": "3.7429"
        },
        {
            "time": "02.11.2020 12:05",
            "open": "3.7429",
            "high": "3.7429",
            "low": "3.7429",
            "close": "3.71"
        },
        {
            "time": "02.11.2020 12:14",
            "open": "3.71",
            "high": "3.71",
            "low": "3.7069",
            "close": "3.7061"
        },
        {
            "time": "02.11.2020 12:15",
            "open": "3.7061",
            "high": "3.7122",
            "low": "3.7061",
            "close": "3.7062"
        },
        {
            "time": "02.11.2020 12:22",
            "open": "3.7062",
            "high": "3.7062",
            "low": "3.7",
            "close": "3.7002"
        },
        {
            "time": "02.11.2020 12:23",
            "open": "3.7002",
            "high": "3.7002",
            "low": "3.7002",
            "close": "3.7001"
        },
        {
            "time": "02.11.2020 12:24",
            "open": "3.7001",
            "high": "3.7053",
            "low": "3.7001",
            "close": "3.7"
        },
        {
            "time": "02.11.2020 12:25",
            "open": "3.7",
            "high": "3.7",
            "low": "3.6999",
            "close": "3.7001"
        },
        {
            "time": "02.11.2020 12:26",
            "open": "3.7001",
            "high": "3.7018",
            "low": "3.7001",
            "close": "3.7001"
        },
        {
            "time": "02.11.2020 12:27",
            "open": "3.7001",
            "high": "3.7001",
            "low": "3.6997",
            "close": "3.6997"
        },
        {
            "time": "02.11.2020 12:28",
            "open": "3.6997",
            "high": "3.701",
            "low": "3.6996",
            "close": "3.6999"
        },
        {
            "time": "02.11.2020 12:29",
            "open": "3.6999",
            "high": "3.7102",
            "low": "3.6996",
            "close": "3.712"
        },
        {
            "time": "02.11.2020 12:30",
            "open": "3.712",
            "high": "3.7153",
            "low": "3.712",
            "close": "3.707"
        },
        {
            "time": "02.11.2020 12:33",
            "open": "3.707",
            "high": "3.707",
            "low": "3.707",
            "close": "3.7058"
        },
        {
            "time": "02.11.2020 12:36",
            "open": "3.7058",
            "high": "3.7076",
            "low": "3.7044",
            "close": "3.7017"
        },
        {
            "time": "02.11.2020 12:37",
            "open": "3.7017",
            "high": "3.7017",
            "low": "3.7017",
            "close": "3.7032"
        },
        {
            "time": "02.11.2020 12:40",
            "open": "3.7032",
            "high": "3.7035",
            "low": "3.7032",
            "close": "3.7041"
        },
        {
            "time": "02.11.2020 12:41",
            "open": "3.7041",
            "high": "3.7041",
            "low": "3.7041",
            "close": "3.7"
        },
        {
            "time": "02.11.2020 12:44",
            "open": "3.7",
            "high": "3.7",
            "low": "3.7",
            "close": "3.7"
        },
        {
            "time": "02.11.2020 12:45",
            "open": "3.7",
            "high": "3.7019",
            "low": "3.7",
            "close": "3.7031"
        },
        {
            "time": "02.11.2020 12:46",
            "open": "3.7031",
            "high": "3.7031",
            "low": "3.7031",
            "close": "3.7066"
        },
        {
            "time": "02.11.2020 12:47",
            "open": "3.7066",
            "high": "3.7086",
            "low": "3.7066",
            "close": "3.709"
        },
        {
            "time": "02.11.2020 12:53",
            "open": "3.709",
            "high": "3.709",
            "low": "3.709",
            "close": "3.709"
        },
        {
            "time": "02.11.2020 12:54",
            "open": "3.709",
            "high": "3.709",
            "low": "3.709",
            "close": "3.7091"
        },
        {
            "time": "02.11.2020 12:55",
            "open": "3.7091",
            "high": "3.7091",
            "low": "3.709",
            "close": "3.709"
        },
        {
            "time": "02.11.2020 12:56",
            "open": "3.709",
            "high": "3.709",
            "low": "3.7",
            "close": "3.7002"
        },
        {
            "time": "02.11.2020 12:57",
            "open": "3.7002",
            "high": "3.708",
            "low": "3.7002",
            "close": "3.7002"
        },
        {
            "time": "02.11.2020 12:59",
            "open": "3.7002",
            "high": "3.7046",
            "low": "3.7",
            "close": "3.7001"
        },
        {
            "time": "02.11.2020 13:00",
            "open": "3.7001",
            "high": "3.7001",
            "low": "3.7",
            "close": "3.6996"
        },
        {
            "time": "02.11.2020 13:01",
            "open": "3.6996",
            "high": "3.6996",
            "low": "3.6996",
            "close": "3.6996"
        },
        {
            "time": "02.11.2020 13:02",
            "open": "3.6996",
            "high": "3.6996",
            "low": "3.6996",
            "close": "3.6997"
        },
        {
            "time": "02.11.2020 13:03",
            "open": "3.6997",
            "high": "3.7044",
            "low": "3.6997",
            "close": "3.702"
        },
        {
            "time": "02.11.2020 13:04",
            "open": "3.702",
            "high": "3.7027",
            "low": "3.702",
            "close": "3.7"
        },
        {
            "time": "02.11.2020 13:05",
            "open": "3.7",
            "high": "3.7009",
            "low": "3.7",
            "close": "3.7"
        },
        {
            "time": "02.11.2020 13:07",
            "open": "3.7",
            "high": "3.7",
            "low": "3.6936",
            "close": "3.6933"
        },
        {
            "time": "02.11.2020 13:08",
            "open": "3.6933",
            "high": "3.6933",
            "low": "3.6929",
            "close": "3.6902"
        },
        {
            "time": "02.11.2020 13:10",
            "open": "3.6902",
            "high": "3.6902",
            "low": "3.6245",
            "close": "3.6762"
        },
        {
            "time": "02.11.2020 13:12",
            "open": "3.6762",
            "high": "3.6762",
            "low": "3.6642",
            "close": "3.66"
        },
        {
            "time": "02.11.2020 13:13",
            "open": "3.66",
            "high": "3.66",
            "low": "3.6416",
            "close": "3.6545"
        },
        {
            "time": "02.11.2020 13:14",
            "open": "3.6545",
            "high": "3.6669",
            "low": "3.6545",
            "close": "3.644"
        },
        {
            "time": "02.11.2020 13:15",
            "open": "3.644",
            "high": "3.674",
            "low": "3.644",
            "close": "3.6652"
        },
        {
            "time": "02.11.2020 13:16",
            "open": "3.6652",
            "high": "3.6837",
            "low": "3.6652",
            "close": "3.6839"
        },
        {
            "time": "02.11.2020 13:17",
            "open": "3.6839",
            "high": "3.6839",
            "low": "3.6727",
            "close": "3.6706"
        },
        {
            "time": "02.11.2020 13:18",
            "open": "3.6706",
            "high": "3.6711",
            "low": "3.6706",
            "close": "3.6757"
        },
        {
            "time": "02.11.2020 13:20",
            "open": "3.6757",
            "high": "3.6793",
            "low": "3.6757",
            "close": "3.6688"
        },
        {
            "time": "02.11.2020 13:29",
            "open": "3.6688",
            "high": "3.6688",
            "low": "3.6688",
            "close": "3.67"
        },
        {
            "time": "02.11.2020 13:30",
            "open": "3.67",
            "high": "3.67",
            "low": "3.67",
            "close": "3.6593"
        },
        {
            "time": "02.11.2020 13:35",
            "open": "3.6593",
            "high": "3.6594",
            "low": "3.6593",
            "close": "3.6596"
        },
        {
            "time": "02.11.2020 13:38",
            "open": "3.6596",
            "high": "3.6596",
            "low": "3.6594",
            "close": "3.6432"
        },
        {
            "time": "02.11.2020 13:40",
            "open": "3.6432",
            "high": "3.6432",
            "low": "3.6353",
            "close": "3.6398"
        },
        {
            "time": "02.11.2020 13:42",
            "open": "3.6398",
            "high": "3.6398",
            "low": "3.6304",
            "close": "3.6382"
        },
        {
            "time": "02.11.2020 13:44",
            "open": "3.6382",
            "high": "3.6383",
            "low": "3.6196",
            "close": "3.6214"
        },
        {
            "time": "02.11.2020 13:45",
            "open": "3.6214",
            "high": "3.6235",
            "low": "3.6183",
            "close": "3.6112"
        },
        {
            "time": "02.11.2020 13:46",
            "open": "3.6112",
            "high": "3.674",
            "low": "3.6",
            "close": "3.6223"
        },
        {
            "time": "02.11.2020 13:47",
            "open": "3.6223",
            "high": "3.6335",
            "low": "3.6223",
            "close": "3.6288"
        },
        {
            "time": "02.11.2020 13:50",
            "open": "3.6288",
            "high": "3.6288",
            "low": "3.6224",
            "close": "3.626"
        },
        {
            "time": "02.11.2020 13:51",
            "open": "3.626",
            "high": "3.626",
            "low": "3.626",
            "close": "3.6256"
        },
        {
            "time": "02.11.2020 13:52",
            "open": "3.6256",
            "high": "3.6297",
            "low": "3.6256",
            "close": "3.6354"
        },
        {
            "time": "02.11.2020 13:54",
            "open": "3.6354",
            "high": "3.6368",
            "low": "3.6354",
            "close": "3.631"
        },
        {
            "time": "02.11.2020 13:59",
            "open": "3.631",
            "high": "3.631",
            "low": "3.631",
            "close": "3.6303"
        },
        {
            "time": "02.11.2020 14:00",
            "open": "3.6303",
            "high": "3.6316",
            "low": "3.6303",
            "close": "3.6293"
        },
        {
            "time": "02.11.2020 14:02",
            "open": "3.6293",
            "high": "3.6314",
            "low": "3.6293",
            "close": "3.6458"
        },
        {
            "time": "02.11.2020 14:04",
            "open": "3.6458",
            "high": "3.6458",
            "low": "3.6458",
            "close": "3.6413"
        },
        {
            "time": "02.11.2020 14:09",
            "open": "3.6413",
            "high": "3.6413",
            "low": "3.6412",
            "close": "3.6412"
        },
        {
            "time": "02.11.2020 14:11",
            "open": "3.6412",
            "high": "3.6412",
            "low": "3.6412",
            "close": "3.6449"
        },
        {
            "time": "02.11.2020 14:20",
            "open": "3.6449",
            "high": "3.6449",
            "low": "3.6449",
            "close": "3.6619"
        },
        {
            "time": "02.11.2020 14:40",
            "open": "3.6619",
            "high": "3.6653",
            "low": "3.6619",
            "close": "3.6616"
        },
        {
            "time": "02.11.2020 14:42",
            "open": "3.6616",
            "high": "3.6616",
            "low": "3.6616",
            "close": "3.6616"
        },
        {
            "time": "02.11.2020 14:43",
            "open": "3.6616",
            "high": "3.6616",
            "low": "3.6616",
            "close": "3.6637"
        },
        {
            "time": "02.11.2020 14:49",
            "open": "3.6637",
            "high": "3.6637",
            "low": "3.6637",
            "close": "3.6775"
        },
        {
            "time": "02.11.2020 14:55",
            "open": "3.6775",
            "high": "3.679",
            "low": "3.6775",
            "close": "3.6855"
        },
        {
            "time": "02.11.2020 14:56",
            "open": "3.6855",
            "high": "3.6897",
            "low": "3.6855",
            "close": "3.6702"
        },
        {
            "time": "02.11.2020 15:00",
            "open": "3.6702",
            "high": "3.6702",
            "low": "3.67",
            "close": "3.6616"
        },
        {
            "time": "02.11.2020 15:01",
            "open": "3.6616",
            "high": "3.6616",
            "low": "3.651",
            "close": "3.6601"
        },
        {
            "time": "02.11.2020 15:06",
            "open": "3.6601",
            "high": "3.6601",
            "low": "3.6601",
            "close": "3.6514"
        },
        {
            "time": "02.11.2020 15:08",
            "open": "3.6514",
            "high": "3.6514",
            "low": "3.643",
            "close": "3.6483"
        },
        {
            "time": "02.11.2020 15:09",
            "open": "3.6483",
            "high": "3.6483",
            "low": "3.6483",
            "close": "3.6509"
        },
        {
            "time": "02.11.2020 15:10",
            "open": "3.6509",
            "high": "3.6539",
            "low": "3.6486",
            "close": "3.6403"
        },
        {
            "time": "02.11.2020 15:19",
            "open": "3.6403",
            "high": "3.6414",
            "low": "3.6403",
            "close": "3.6486"
        },
        {
            "time": "02.11.2020 15:23",
            "open": "3.6486",
            "high": "3.6486",
            "low": "3.6486",
            "close": "3.6486"
        },
        {
            "time": "02.11.2020 15:24",
            "open": "3.6486",
            "high": "3.6486",
            "low": "3.6485",
            "close": "3.6486"
        },
        {
            "time": "02.11.2020 15:25",
            "open": "3.6486",
            "high": "3.6486",
            "low": "3.6485",
            "close": "3.6486"
        },
        {
            "time": "02.11.2020 15:26",
            "open": "3.6486",
            "high": "3.6486",
            "low": "3.6485",
            "close": "3.6486"
        },
        {
            "time": "02.11.2020 15:27",
            "open": "3.6486",
            "high": "3.6524",
            "low": "3.6486",
            "close": "3.6528"
        },
        {
            "time": "02.11.2020 15:28",
            "open": "3.6528",
            "high": "3.6529",
            "low": "3.6526",
            "close": "3.6486"
        },
        {
            "time": "02.11.2020 15:29",
            "open": "3.6486",
            "high": "3.6486",
            "low": "3.6477",
            "close": "3.6442"
        },
        {
            "time": "02.11.2020 15:30",
            "open": "3.6442",
            "high": "3.6442",
            "low": "3.6389",
            "close": "3.6524"
        },
        {
            "time": "02.11.2020 15:38",
            "open": "3.6524",
            "high": "3.6524",
            "low": "3.6524",
            "close": "3.6653"
        },
        {
            "time": "02.11.2020 15:42",
            "open": "3.6653",
            "high": "3.6653",
            "low": "3.6653",
            "close": "3.6798"
        },
        {
            "time": "02.11.2020 15:45",
            "open": "3.6798",
            "high": "3.6986",
            "low": "3.6739",
            "close": "3.6867"
        },
        {
            "time": "02.11.2020 16:05",
            "open": "3.6867",
            "high": "3.6867",
            "low": "3.6867",
            "close": "3.6883"
        },
        {
            "time": "02.11.2020 16:11",
            "open": "3.6883",
            "high": "3.6883",
            "low": "3.6883",
            "close": "3.6924"
        },
        {
            "time": "02.11.2020 16:17",
            "open": "3.6924",
            "high": "3.6924",
            "low": "3.6904",
            "close": "3.6943"
        },
        {
            "time": "02.11.2020 16:18",
            "open": "3.6943",
            "high": "3.6943",
            "low": "3.6943",
            "close": "3.7168"
        },
        {
            "time": "02.11.2020 16:22",
            "open": "3.7168",
            "high": "3.7185",
            "low": "3.7168",
            "close": "3.7272"
        },
        {
            "time": "02.11.2020 16:23",
            "open": "3.7272",
            "high": "3.7395",
            "low": "3.7272",
            "close": "3.7398"
        },
        {
            "time": "02.11.2020 16:24",
            "open": "3.7398",
            "high": "3.7446",
            "low": "3.7398",
            "close": "3.7505"
        },
        {
            "time": "02.11.2020 16:25",
            "open": "3.7505",
            "high": "3.7529",
            "low": "3.7505",
            "close": "3.7579"
        },
        {
            "time": "02.11.2020 16:26",
            "open": "3.7579",
            "high": "3.7601",
            "low": "3.7417",
            "close": "3.7289"
        },
        {
            "time": "02.11.2020 16:27",
            "open": "3.7289",
            "high": "3.7435",
            "low": "3.7289",
            "close": "3.7522"
        },
        {
            "time": "02.11.2020 16:28",
            "open": "3.7522",
            "high": "3.7522",
            "low": "3.7522",
            "close": "3.7412"
        },
        {
            "time": "02.11.2020 16:30",
            "open": "3.7412",
            "high": "3.7412",
            "low": "3.7412",
            "close": "3.7317"
        },
        {
            "time": "02.11.2020 16:32",
            "open": "3.7317",
            "high": "3.7317",
            "low": "3.7302",
            "close": "3.7404"
        },
        {
            "time": "02.11.2020 16:39",
            "open": "3.7404",
            "high": "3.7405",
            "low": "3.7404",
            "close": "3.7356"
        },
        {
            "time": "02.11.2020 16:44",
            "open": "3.7356",
            "high": "3.7356",
            "low": "3.7356",
            "close": "3.7228"
        },
        {
            "time": "02.11.2020 16:54",
            "open": "3.7228",
            "high": "3.7229",
            "low": "3.7213",
            "close": "3.7246"
        },
        {
            "time": "02.11.2020 16:59",
            "open": "3.7246",
            "high": "3.7253",
            "low": "3.7225",
            "close": "3.7224"
        },
        {
            "time": "02.11.2020 17:00",
            "open": "3.7224",
            "high": "3.7246",
            "low": "3.7224",
            "close": "3.7259"
        },
        {
            "time": "02.11.2020 17:01",
            "open": "3.7259",
            "high": "3.7261",
            "low": "3.7225",
            "close": "3.7228"
        },
        {
            "time": "02.11.2020 17:02",
            "open": "3.7228",
            "high": "3.7268",
            "low": "3.7225",
            "close": "3.7303"
        },
        {
            "time": "02.11.2020 17:03",
            "open": "3.7303",
            "high": "3.7399",
            "low": "3.7297",
            "close": "3.7229"
        },
        {
            "time": "02.11.2020 17:05",
            "open": "3.7229",
            "high": "3.7258",
            "low": "3.7229",
            "close": "3.7243"
        },
        {
            "time": "02.11.2020 17:06",
            "open": "3.7243",
            "high": "3.7283",
            "low": "3.7243",
            "close": "3.7239"
        },
        {
            "time": "02.11.2020 17:08",
            "open": "3.7239",
            "high": "3.7239",
            "low": "3.7239",
            "close": "3.7243"
        },
        {
            "time": "02.11.2020 17:09",
            "open": "3.7243",
            "high": "3.7243",
            "low": "3.7225",
            "close": "3.7229"
        },
        {
            "time": "02.11.2020 17:10",
            "open": "3.7229",
            "high": "3.7247",
            "low": "3.7227",
            "close": "3.7234"
        },
        {
            "time": "02.11.2020 17:11",
            "open": "3.7234",
            "high": "3.7235",
            "low": "3.7234",
            "close": "3.7236"
        },
        {
            "time": "02.11.2020 17:12",
            "open": "3.7236",
            "high": "3.7256",
            "low": "3.7235",
            "close": "3.7224"
        },
        {
            "time": "02.11.2020 17:22",
            "open": "3.7224",
            "high": "3.7224",
            "low": "3.7224",
            "close": "3.726"
        },
        {
            "time": "02.11.2020 17:35",
            "open": "3.726",
            "high": "3.726",
            "low": "3.7236",
            "close": "3.7147"
        },
        {
            "time": "02.11.2020 17:36",
            "open": "3.7147",
            "high": "3.7147",
            "low": "3.7147",
            "close": "3.7126"
        },
        {
            "time": "02.11.2020 17:41",
            "open": "3.7126",
            "high": "3.7143",
            "low": "3.7126",
            "close": "3.7059"
        },
        {
            "time": "02.11.2020 17:46",
            "open": "3.7059",
            "high": "3.7066",
            "low": "3.7059",
            "close": "3.7"
        },
        {
            "time": "02.11.2020 17:53",
            "open": "3.7",
            "high": "3.7",
            "low": "3.7",
            "close": "3.6925"
        },
        {
            "time": "02.11.2020 17:55",
            "open": "3.69",
            "high": "3.69",
            "low": "3.69",
            "close": "3.6899"
        },
        {
            "time": "02.11.2020 18:03",
            "open": "3.6899",
            "high": "3.6924",
            "low": "3.6899",
            "close": "3.6774"
        },
        {
            "time": "02.11.2020 18:04",
            "open": "3.6774",
            "high": "3.6774",
            "low": "3.6744",
            "close": "3.6763"
        },
        {
            "time": "02.11.2020 18:05",
            "open": "3.6763",
            "high": "3.6781",
            "low": "3.6763",
            "close": "3.6672"
        },
        {
            "time": "02.11.2020 18:07",
            "open": "3.6672",
            "high": "3.6672",
            "low": "3.6672",
            "close": "3.6616"
        },
        {
            "time": "02.11.2020 18:20",
            "open": "3.6616",
            "high": "3.6622",
            "low": "3.6534",
            "close": "3.6708"
        },
        {
            "time": "02.11.2020 18:21",
            "open": "3.6708",
            "high": "3.6708",
            "low": "3.6708",
            "close": "3.6682"
        },
        {
            "time": "02.11.2020 18:23",
            "open": "3.6682",
            "high": "3.6682",
            "low": "3.6682",
            "close": "3.6682"
        },
        {
            "time": "02.11.2020 18:31",
            "open": "3.6682",
            "high": "3.6682",
            "low": "3.6682",
            "close": "3.6621"
        },
        {
            "time": "02.11.2020 18:41",
            "open": "3.6621",
            "high": "3.6647",
            "low": "3.6621",
            "close": "3.6517"
        },
        {
            "time": "02.11.2020 18:52",
            "open": "3.6517",
            "high": "3.6517",
            "low": "3.6517",
            "close": "3.6566"
        },
        {
            "time": "02.11.2020 18:57",
            "open": "3.6566",
            "high": "3.6566",
            "low": "3.6566",
            "close": "3.6502"
        },
        {
            "time": "02.11.2020 19:00",
            "open": "3.6502",
            "high": "3.6502",
            "low": "3.6385",
            "close": "3.6356"
        },
        {
            "time": "02.11.2020 19:04",
            "open": "3.6356",
            "high": "3.6367",
            "low": "3.6356",
            "close": "3.6361"
        },
        {
            "time": "02.11.2020 19:05",
            "open": "3.6361",
            "high": "3.6361",
            "low": "3.6361",
            "close": "3.639"
        },
        {
            "time": "02.11.2020 19:06",
            "open": "3.639",
            "high": "3.6396",
            "low": "3.639",
            "close": "3.6493"
        },
        {
            "time": "02.11.2020 19:11",
            "open": "3.6493",
            "high": "3.6493",
            "low": "3.6493",
            "close": "3.6433"
        },
        {
            "time": "02.11.2020 19:15",
            "open": "3.6433",
            "high": "3.6433",
            "low": "3.6433",
            "close": "3.6432"
        },
        {
            "time": "02.11.2020 19:18",
            "open": "3.6432",
            "high": "3.6473",
            "low": "3.6432",
            "close": "3.6477"
        },
        {
            "time": "02.11.2020 19:21",
            "open": "3.6477",
            "high": "3.6483",
            "low": "3.6477",
            "close": "3.6439"
        },
        {
            "time": "02.11.2020 19:26",
            "open": "3.6439",
            "high": "3.6506",
            "low": "3.6439",
            "close": "3.6447"
        },
        {
            "time": "02.11.2020 19:27",
            "open": "3.6447",
            "high": "3.6447",
            "low": "3.6447",
            "close": "3.6422"
        },
        {
            "time": "02.11.2020 19:29",
            "open": "3.6422",
            "high": "3.6442",
            "low": "3.6407",
            "close": "3.6378"
        },
        {
            "time": "02.11.2020 19:30",
            "open": "3.6378",
            "high": "3.6382",
            "low": "3.6378",
            "close": "3.6375"
        },
        {
            "time": "02.11.2020 19:31",
            "open": "3.6375",
            "high": "3.6375",
            "low": "3.637",
            "close": "3.6367"
        },
        {
            "time": "02.11.2020 19:32",
            "open": "3.6367",
            "high": "3.6397",
            "low": "3.6365",
            "close": "3.6404"
        },
        {
            "time": "02.11.2020 19:33",
            "open": "3.6404",
            "high": "3.6429",
            "low": "3.6373",
            "close": "3.642"
        },
        {
            "time": "02.11.2020 19:41",
            "open": "3.642",
            "high": "3.642",
            "low": "3.642",
            "close": "3.6446"
        },
        {
            "time": "02.11.2020 19:42",
            "open": "3.6446",
            "high": "3.6467",
            "low": "3.6446",
            "close": "3.6463"
        },
        {
            "time": "02.11.2020 19:43",
            "open": "3.6463",
            "high": "3.648",
            "low": "3.6463",
            "close": "3.6514"
        },
        {
            "time": "02.11.2020 19:44",
            "open": "3.6514",
            "high": "3.6535",
            "low": "3.6514",
            "close": "3.6528"
        },
        {
            "time": "02.11.2020 19:45",
            "open": "3.6528",
            "high": "3.6561",
            "low": "3.6513",
            "close": "3.6528"
        },
        {
            "time": "02.11.2020 19:46",
            "open": "3.6528",
            "high": "3.6564",
            "low": "3.6515",
            "close": "3.656"
        },
        {
            "time": "02.11.2020 19:47",
            "open": "3.656",
            "high": "3.656",
            "low": "3.656",
            "close": "3.6571"
        },
        {
            "time": "02.11.2020 19:48",
            "open": "3.6571",
            "high": "3.6575",
            "low": "3.6571",
            "close": "3.6585"
        },
        {
            "time": "02.11.2020 19:49",
            "open": "3.6585",
            "high": "3.6614",
            "low": "3.6585",
            "close": "3.6568"
        },
        {
            "time": "02.11.2020 19:50",
            "open": "3.6568",
            "high": "3.657",
            "low": "3.6555",
            "close": "3.6557"
        },
        {
            "time": "02.11.2020 19:51",
            "open": "3.6557",
            "high": "3.6557",
            "low": "3.6557",
            "close": "3.6531"
        },
        {
            "time": "02.11.2020 19:52",
            "open": "3.6531",
            "high": "3.6531",
            "low": "3.6531",
            "close": "3.6528"
        },
        {
            "time": "02.11.2020 19:53",
            "open": "3.6528",
            "high": "3.6533",
            "low": "3.6525",
            "close": "3.6525"
        },
        {
            "time": "02.11.2020 19:54",
            "open": "3.6525",
            "high": "3.6531",
            "low": "3.6524",
            "close": "3.6526"
        },
        {
            "time": "02.11.2020 19:55",
            "open": "3.6526",
            "high": "3.6526",
            "low": "3.6523",
            "close": "3.6524"
        },
        {
            "time": "02.11.2020 19:56",
            "open": "3.6524",
            "high": "3.6532",
            "low": "3.6523",
            "close": "3.6533"
        },
        {
            "time": "02.11.2020 19:57",
            "open": "3.6533",
            "high": "3.6549",
            "low": "3.6531",
            "close": "3.6539"
        },
        {
            "time": "02.11.2020 19:58",
            "open": "3.6539",
            "high": "3.6563",
            "low": "3.6535",
            "close": "3.6543"
        },
        {
            "time": "02.11.2020 19:59",
            "open": "3.6543",
            "high": "3.6593",
            "low": "3.6543",
            "close": "3.6575"
        },
        {
            "time": "02.11.2020 20:00",
            "open": "3.6575",
            "high": "3.6575",
            "low": "3.6575",
            "close": "3.6549"
        },
        {
            "time": "02.11.2020 20:01",
            "open": "3.6549",
            "high": "3.6554",
            "low": "3.6548",
            "close": "3.6557"
        },
        {
            "time": "02.11.2020 20:02",
            "open": "3.6557",
            "high": "3.6571",
            "low": "3.6554",
            "close": "3.6543"
        },
        {
            "time": "02.11.2020 20:03",
            "open": "3.6543",
            "high": "3.6543",
            "low": "3.6524",
            "close": "3.6663"
        },
        {
            "time": "02.11.2020 20:06",
            "open": "3.6663",
            "high": "3.6673",
            "low": "3.6663",
            "close": "3.6659"
        },
        {
            "time": "02.11.2020 20:07",
            "open": "3.6659",
            "high": "3.6688",
            "low": "3.6659",
            "close": "3.6682"
        },
        {
            "time": "02.11.2020 20:12",
            "open": "3.6682",
            "high": "3.6685",
            "low": "3.6682",
            "close": "3.6689"
        },
        {
            "time": "02.11.2020 20:13",
            "open": "3.6689",
            "high": "3.6697",
            "low": "3.6689",
            "close": "3.6689"
        },
        {
            "time": "02.11.2020 20:14",
            "open": "3.6689",
            "high": "3.6689",
            "low": "3.6689",
            "close": "3.6721"
        },
        {
            "time": "02.11.2020 20:15",
            "open": "3.6721",
            "high": "3.6721",
            "low": "3.6721",
            "close": "3.6688"
        },
        {
            "time": "02.11.2020 20:16",
            "open": "3.6688",
            "high": "3.6688",
            "low": "3.6688",
            "close": "3.674"
        },
        {
            "time": "02.11.2020 20:20",
            "open": "3.674",
            "high": "3.674",
            "low": "3.674",
            "close": "3.6646"
        },
        {
            "time": "02.11.2020 20:38",
            "open": "3.6646",
            "high": "3.6646",
            "low": "3.6646",
            "close": "3.6653"
        },
        {
            "time": "02.11.2020 20:39",
            "open": "3.6653",
            "high": "3.666",
            "low": "3.6653",
            "close": "3.6479"
        },
        {
            "time": "02.11.2020 20:46",
            "open": "3.6479",
            "high": "3.6479",
            "low": "3.6479",
            "close": "3.6443"
        },
        {
            "time": "02.11.2020 20:47",
            "open": "3.6443",
            "high": "3.6443",
            "low": "3.6443",
            "close": "3.6466"
        },
        {
            "time": "02.11.2020 20:50",
            "open": "3.6466",
            "high": "3.6471",
            "low": "3.6466",
            "close": "3.6437"
        },
        {
            "time": "02.11.2020 20:57",
            "open": "3.6437",
            "high": "3.6456",
            "low": "3.6437",
            "close": "3.6446"
        },
        {
            "time": "02.11.2020 20:58",
            "open": "3.6446",
            "high": "3.6453",
            "low": "3.6446",
            "close": "3.6349"
        },
        {
            "time": "02.11.2020 21:06",
            "open": "3.6349",
            "high": "3.6349",
            "low": "3.6324",
            "close": "3.6326"
        },
        {
            "time": "02.11.2020 21:08",
            "open": "3.6326",
            "high": "3.6326",
            "low": "3.6326",
            "close": "3.6426"
        },
        {
            "time": "02.11.2020 21:09",
            "open": "3.6426",
            "high": "3.6426",
            "low": "3.6426",
            "close": "3.6426"
        },
        {
            "time": "02.11.2020 21:11",
            "open": "3.6426",
            "high": "3.6697",
            "low": "3.6426",
            "close": "3.6449"
        },
        {
            "time": "02.11.2020 21:12",
            "open": "3.6449",
            "high": "3.6467",
            "low": "3.6449",
            "close": "3.6459"
        },
        {
            "time": "02.11.2020 21:15",
            "open": "3.6459",
            "high": "3.6485",
            "low": "3.6459",
            "close": "3.6459"
        },
        {
            "time": "02.11.2020 21:16",
            "open": "3.6459",
            "high": "3.6459",
            "low": "3.6459",
            "close": "3.6484"
        },
        {
            "time": "02.11.2020 21:17",
            "open": "3.6484",
            "high": "3.6506",
            "low": "3.6484",
            "close": "3.6463"
        },
        {
            "time": "02.11.2020 21:18",
            "open": "3.6463",
            "high": "3.6485",
            "low": "3.6463",
            "close": "3.6489"
        },
        {
            "time": "02.11.2020 21:19",
            "open": "3.6489",
            "high": "3.6489",
            "low": "3.6489",
            "close": "3.6495"
        },
        {
            "time": "02.11.2020 21:20",
            "open": "3.6495",
            "high": "3.6495",
            "low": "3.6495",
            "close": "3.6539"
        },
        {
            "time": "02.11.2020 21:22",
            "open": "3.6539",
            "high": "3.6539",
            "low": "3.6539",
            "close": "3.6495"
        },
        {
            "time": "02.11.2020 21:23",
            "open": "3.6495",
            "high": "3.6533",
            "low": "3.6488",
            "close": "3.6535"
        },
        {
            "time": "02.11.2020 21:24",
            "open": "3.6535",
            "high": "3.656",
            "low": "3.6535",
            "close": "3.65"
        },
        {
            "time": "02.11.2020 21:25",
            "open": "3.65",
            "high": "3.65",
            "low": "3.6474",
            "close": "3.649"
        },
        {
            "time": "02.11.2020 21:27",
            "open": "3.649",
            "high": "3.6513",
            "low": "3.649",
            "close": "3.6525"
        },
        {
            "time": "02.11.2020 21:28",
            "open": "3.6525",
            "high": "3.6525",
            "low": "3.6525",
            "close": "3.658"
        },
        {
            "time": "02.11.2020 21:29",
            "open": "3.658",
            "high": "3.6602",
            "low": "3.658",
            "close": "3.661"
        },
        {
            "time": "02.11.2020 21:30",
            "open": "3.661",
            "high": "3.6627",
            "low": "3.661",
            "close": "3.6659"
        },
        {
            "time": "02.11.2020 21:31",
            "open": "3.6659",
            "high": "3.6665",
            "low": "3.6648",
            "close": "3.6654"
        },
        {
            "time": "02.11.2020 21:32",
            "open": "3.6654",
            "high": "3.6664",
            "low": "3.6654",
            "close": "3.6664"
        },
        {
            "time": "02.11.2020 21:34",
            "open": "3.6664",
            "high": "3.6664",
            "low": "3.6664",
            "close": "3.6626"
        },
        {
            "time": "02.11.2020 21:36",
            "open": "3.6626",
            "high": "3.6721",
            "low": "3.6626",
            "close": "3.6737"
        },
        {
            "time": "02.11.2020 21:37",
            "open": "3.6737",
            "high": "3.6805",
            "low": "3.6733",
            "close": "3.6775"
        },
        {
            "time": "02.11.2020 21:38",
            "open": "3.6775",
            "high": "3.6775",
            "low": "3.6726",
            "close": "3.6725"
        },
        {
            "time": "02.11.2020 21:39",
            "open": "3.6725",
            "high": "3.6776",
            "low": "3.6725",
            "close": "3.6736"
        },
        {
            "time": "02.11.2020 21:45",
            "open": "3.6736",
            "high": "3.6741",
            "low": "3.6736",
            "close": "3.6753"
        },
        {
            "time": "02.11.2020 21:52",
            "open": "3.6753",
            "high": "3.6941",
            "low": "3.6753",
            "close": "3.6779"
        },
        {
            "time": "02.11.2020 21:53",
            "open": "3.6779",
            "high": "3.6822",
            "low": "3.6779",
            "close": "3.6763"
        },
        {
            "time": "02.11.2020 21:54",
            "open": "3.6763",
            "high": "3.6891",
            "low": "3.6763",
            "close": "3.6836"
        },
        {
            "time": "02.11.2020 21:55",
            "open": "3.6836",
            "high": "3.6934",
            "low": "3.6836",
            "close": "3.6935"
        },
        {
            "time": "02.11.2020 21:56",
            "open": "3.6935",
            "high": "3.6935",
            "low": "3.6901",
            "close": "3.6892"
        },
        {
            "time": "02.11.2020 21:57",
            "open": "3.6892",
            "high": "3.6964",
            "low": "3.6892",
            "close": "3.6921"
        },
        {
            "time": "02.11.2020 21:58",
            "open": "3.6921",
            "high": "3.6928",
            "low": "3.6921",
            "close": "3.6934"
        },
        {
            "time": "02.11.2020 21:59",
            "open": "3.6934",
            "high": "3.6946",
            "low": "3.6933",
            "close": "3.6945"
        },
        {
            "time": "02.11.2020 22:00",
            "open": "3.6945",
            "high": "3.6969",
            "low": "3.6945",
            "close": "3.6951"
        },
        {
            "time": "02.11.2020 22:01",
            "open": "3.6951",
            "high": "3.6978",
            "low": "3.6951",
            "close": "3.6966"
        },
        {
            "time": "02.11.2020 22:02",
            "open": "3.6966",
            "high": "3.7336",
            "low": "3.6966",
            "close": "3.7008"
        },
        {
            "time": "02.11.2020 22:03",
            "open": "3.7008",
            "high": "3.7008",
            "low": "3.6993",
            "close": "3.7004"
        },
        {
            "time": "02.11.2020 22:04",
            "open": "3.7004",
            "high": "3.7078",
            "low": "3.7004",
            "close": "3.7065"
        },
        {
            "time": "02.11.2020 22:05",
            "open": "3.7065",
            "high": "3.7082",
            "low": "3.7061",
            "close": "3.7064"
        },
        {
            "time": "02.11.2020 22:06",
            "open": "3.7064",
            "high": "3.7064",
            "low": "3.7064",
            "close": "3.7045"
        },
        {
            "time": "02.11.2020 22:07",
            "open": "3.7045",
            "high": "3.707",
            "low": "3.7045",
            "close": "3.7024"
        },
        {
            "time": "02.11.2020 22:08",
            "open": "3.7024",
            "high": "3.7024",
            "low": "3.6966",
            "close": "3.6969"
        },
        {
            "time": "02.11.2020 22:09",
            "open": "3.6969",
            "high": "3.6982",
            "low": "3.6969",
            "close": "3.6968"
        },
        {
            "time": "02.11.2020 22:10",
            "open": "3.6968",
            "high": "3.697",
            "low": "3.6961",
            "close": "3.6987"
        },
        {
            "time": "02.11.2020 22:11",
            "open": "3.6987",
            "high": "3.6987",
            "low": "3.6982",
            "close": "3.6946"
        },
        {
            "time": "02.11.2020 22:13",
            "open": "3.6946",
            "high": "3.6951",
            "low": "3.6946",
            "close": "3.6977"
        },
        {
            "time": "02.11.2020 22:15",
            "open": "3.6977",
            "high": "3.6977",
            "low": "3.6977",
            "close": "3.6956"
        },
        {
            "time": "02.11.2020 22:16",
            "open": "3.6956",
            "high": "3.6956",
            "low": "3.6956",
            "close": "3.6957"
        },
        {
            "time": "02.11.2020 22:17",
            "open": "3.6957",
            "high": "3.6957",
            "low": "3.6957",
            "close": "3.698"
        },
        {
            "time": "02.11.2020 22:18",
            "open": "3.698",
            "high": "3.698",
            "low": "3.6943",
            "close": "3.6927"
        },
        {
            "time": "02.11.2020 22:20",
            "open": "3.6927",
            "high": "3.6927",
            "low": "3.6927",
            "close": "3.6933"
        },
        {
            "time": "02.11.2020 22:22",
            "open": "3.6933",
            "high": "3.6936",
            "low": "3.6933",
            "close": "3.6932"
        },
        {
            "time": "02.11.2020 22:23",
            "open": "3.6932",
            "high": "3.6932",
            "low": "3.6932",
            "close": "3.6989"
        },
        {
            "time": "02.11.2020 22:25",
            "open": "3.6989",
            "high": "3.7007",
            "low": "3.6989",
            "close": "3.6942"
        },
        {
            "time": "02.11.2020 22:26",
            "open": "3.6942",
            "high": "3.6942",
            "low": "3.6942",
            "close": "3.6987"
        },
        {
            "time": "02.11.2020 22:29",
            "open": "3.6987",
            "high": "3.6987",
            "low": "3.6987",
            "close": "3.6955"
        },
        {
            "time": "02.11.2020 22:32",
            "open": "3.6955",
            "high": "3.6958",
            "low": "3.6955",
            "close": "3.6925"
        },
        {
            "time": "02.11.2020 22:34",
            "open": "3.6925",
            "high": "3.6929",
            "low": "3.6924",
            "close": "3.6931"
        },
        {
            "time": "02.11.2020 22:43",
            "open": "3.6931",
            "high": "3.6931",
            "low": "3.6931",
            "close": "3.6915"
        },
        {
            "time": "02.11.2020 22:45",
            "open": "3.6915",
            "high": "3.6934",
            "low": "3.6915",
            "close": "3.6961"
        },
        {
            "time": "02.11.2020 22:48",
            "open": "3.6961",
            "high": "3.6961",
            "low": "3.6961",
            "close": "3.6961"
        },
        {
            "time": "02.11.2020 22:55",
            "open": "3.6961",
            "high": "3.6961",
            "low": "3.6891",
            "close": "3.6884"
        },
        {
            "time": "02.11.2020 22:56",
            "open": "3.6884",
            "high": "3.6884",
            "low": "3.6884",
            "close": "3.6884"
        },
        {
            "time": "02.11.2020 23:05",
            "open": "3.6884",
            "high": "3.6884",
            "low": "3.6884",
            "close": "3.6884"
        },
        {
            "time": "02.11.2020 23:06",
            "open": "3.6884",
            "high": "3.6884",
            "low": "3.6802",
            "close": "3.6802"
        },
        {
            "time": "02.11.2020 23:07",
            "open": "3.6802",
            "high": "3.681",
            "low": "3.6802",
            "close": "3.6803"
        },
        {
            "time": "02.11.2020 23:08",
            "open": "3.6803",
            "high": "3.6839",
            "low": "3.6803",
            "close": "3.6814"
        },
        {
            "time": "02.11.2020 23:09",
            "open": "3.6814",
            "high": "3.6814",
            "low": "3.6789",
            "close": "3.6913"
        },
        {
            "time": "02.11.2020 23:30",
            "open": "3.6913",
            "high": "3.6914",
            "low": "3.6913",
            "close": "3.6915"
        },
        {
            "time": "02.11.2020 23:32",
            "open": "3.6915",
            "high": "3.6915",
            "low": "3.6915",
            "close": "3.6908"
        },
        {
            "time": "02.11.2020 23:37",
            "open": "3.6908",
            "high": "3.6911",
            "low": "3.6908",
            "close": "3.6673"
        },
        {
            "time": "02.11.2020 23:50",
            "open": "3.6673",
            "high": "3.6733",
            "low": "3.6673",
            "close": "3.6777"
        },
        {
            "time": "02.11.2020 23:51",
            "open": "3.6777",
            "high": "3.6777",
            "low": "3.672",
            "close": "3.6824"
        },
        {
            "time": "02.11.2020 23:58",
            "open": "3.6824",
            "high": "3.6825",
            "low": "3.6824",
            "close": "3.6893"
        }
    ]
}