{
    "BAND-EUR": [
        {
            "time": "14.07.2021 23:37",
            "open": "5.1069",
            "high": "5.1069",
            "low": "5.1069",
            "close": "5.1069"
        },
        {
            "time": "15.07.2021 00:04",
            "open": "5.1069",
            "high": "5.1069",
            "low": "5.1069",
            "close": "5.1"
        },
        {
            "time": "15.07.2021 00:09",
            "open": "5.1",
            "high": "5.1",
            "low": "5.085",
            "close": "5.0822"
        },
        {
            "time": "15.07.2021 00:10",
            "open": "5.0822",
            "high": "5.0822",
            "low": "5.0822",
            "close": "5.0849"
        },
        {
            "time": "15.07.2021 00:11",
            "open": "5.0849",
            "high": "5.085",
            "low": "5.08",
            "close": "5.1005"
        },
        {
            "time": "15.07.2021 00:15",
            "open": "5.1005",
            "high": "5.1005",
            "low": "5.1005",
            "close": "5.1032"
        },
        {
            "time": "15.07.2021 00:16",
            "open": "5.1032",
            "high": "5.1032",
            "low": "5.1032",
            "close": "5.105"
        },
        {
            "time": "15.07.2021 00:18",
            "open": "5.105",
            "high": "5.11",
            "low": "5.105",
            "close": "5.115"
        },
        {
            "time": "15.07.2021 00:21",
            "open": "5.115",
            "high": "5.12",
            "low": "5.115",
            "close": "5.1172"
        },
        {
            "time": "15.07.2021 00:26",
            "open": "5.1172",
            "high": "5.1172",
            "low": "5.1172",
            "close": "5.125"
        },
        {
            "time": "15.07.2021 00:31",
            "open": "5.125",
            "high": "5.125",
            "low": "5.125",
            "close": "5.13"
        },
        {
            "time": "15.07.2021 00:33",
            "open": "5.13",
            "high": "5.13",
            "low": "5.13",
            "close": "5.13"
        },
        {
            "time": "15.07.2021 00:34",
            "open": "5.13",
            "high": "5.13",
            "low": "5.13",
            "close": "5.1334"
        },
        {
            "time": "15.07.2021 00:35",
            "open": "5.1334",
            "high": "5.1334",
            "low": "5.1334",
            "close": "5.13"
        },
        {
            "time": "15.07.2021 00:36",
            "open": "5.13",
            "high": "5.13",
            "low": "5.13",
            "close": "5.1334"
        },
        {
            "time": "15.07.2021 00:38",
            "open": "5.1334",
            "high": "5.135",
            "low": "5.1334",
            "close": "5.14"
        },
        {
            "time": "15.07.2021 00:42",
            "open": "5.14",
            "high": "5.1413",
            "low": "5.14",
            "close": "5.1402"
        },
        {
            "time": "15.07.2021 00:43",
            "open": "5.1402",
            "high": "5.1402",
            "low": "5.1402",
            "close": "5.1334"
        },
        {
            "time": "15.07.2021 00:49",
            "open": "5.1334",
            "high": "5.1334",
            "low": "5.1334",
            "close": "5.13"
        },
        {
            "time": "15.07.2021 01:00",
            "open": "5.13",
            "high": "5.13",
            "low": "5.125",
            "close": "5.125"
        },
        {
            "time": "15.07.2021 01:01",
            "open": "5.125",
            "high": "5.125",
            "low": "5.125",
            "close": "5.12"
        },
        {
            "time": "15.07.2021 01:02",
            "open": "5.12",
            "high": "5.12",
            "low": "5.115",
            "close": "5.11"
        },
        {
            "time": "15.07.2021 01:04",
            "open": "5.11",
            "high": "5.11",
            "low": "5.11",
            "close": "5.1077"
        },
        {
            "time": "15.07.2021 01:05",
            "open": "5.1077",
            "high": "5.1077",
            "low": "5.1077",
            "close": "5.105"
        },
        {
            "time": "15.07.2021 01:06",
            "open": "5.105",
            "high": "5.105",
            "low": "5.105",
            "close": "5.1"
        },
        {
            "time": "15.07.2021 01:07",
            "open": "5.1",
            "high": "5.1",
            "low": "5.1",
            "close": "5.095"
        },
        {
            "time": "15.07.2021 01:11",
            "open": "5.095",
            "high": "5.095",
            "low": "5.0822",
            "close": "5.08"
        },
        {
            "time": "15.07.2021 01:12",
            "open": "5.08",
            "high": "5.08",
            "low": "5.075",
            "close": "5.07"
        },
        {
            "time": "15.07.2021 01:13",
            "open": "5.07",
            "high": "5.07",
            "low": "5.065",
            "close": "5.0601"
        },
        {
            "time": "15.07.2021 01:14",
            "open": "5.0601",
            "high": "5.0601",
            "low": "5.0601",
            "close": "5.0681"
        },
        {
            "time": "15.07.2021 01:15",
            "open": "5.0681",
            "high": "5.0681",
            "low": "5.0681",
            "close": "5.0657"
        },
        {
            "time": "15.07.2021 01:16",
            "open": "5.0657",
            "high": "5.0657",
            "low": "5.0657",
            "close": "5.0736"
        },
        {
            "time": "15.07.2021 01:17",
            "open": "5.0736",
            "high": "5.0736",
            "low": "5.0736",
            "close": "5.06"
        },
        {
            "time": "15.07.2021 01:20",
            "open": "5.06",
            "high": "5.0689",
            "low": "5.06",
            "close": "5.0568"
        },
        {
            "time": "15.07.2021 01:29",
            "open": "5.0568",
            "high": "5.0568",
            "low": "5.0568",
            "close": "5.055"
        },
        {
            "time": "15.07.2021 01:30",
            "open": "5.055",
            "high": "5.0574",
            "low": "5.05",
            "close": "5.05"
        },
        {
            "time": "15.07.2021 01:32",
            "open": "5.05",
            "high": "5.05",
            "low": "5.05",
            "close": "5.0529"
        },
        {
            "time": "15.07.2021 01:33",
            "open": "5.0529",
            "high": "5.0674",
            "low": "5.0529",
            "close": "5.045"
        },
        {
            "time": "15.07.2021 01:37",
            "open": "5.045",
            "high": "5.045",
            "low": "5.045",
            "close": "5.045"
        },
        {
            "time": "15.07.2021 01:43",
            "open": "5.045",
            "high": "5.045",
            "low": "5.03",
            "close": "5.0406"
        },
        {
            "time": "15.07.2021 01:50",
            "open": "5.0406",
            "high": "5.0406",
            "low": "5.0381",
            "close": "5.055"
        },
        {
            "time": "15.07.2021 01:57",
            "open": "5.055",
            "high": "5.0568",
            "low": "5.055",
            "close": "5.0568"
        },
        {
            "time": "15.07.2021 01:58",
            "open": "5.0568",
            "high": "5.06",
            "low": "5.0568",
            "close": "5.06"
        },
        {
            "time": "15.07.2021 02:00",
            "open": "5.06",
            "high": "5.06",
            "low": "5.06",
            "close": "5.04"
        },
        {
            "time": "15.07.2021 02:03",
            "open": "5.04",
            "high": "5.04",
            "low": "5.04",
            "close": "5.035"
        },
        {
            "time": "15.07.2021 02:05",
            "open": "5.035",
            "high": "5.035",
            "low": "5.035",
            "close": "5.0315"
        },
        {
            "time": "15.07.2021 02:07",
            "open": "5.0315",
            "high": "5.0315",
            "low": "5.03",
            "close": "5.025"
        },
        {
            "time": "15.07.2021 02:08",
            "open": "5.025",
            "high": "5.025",
            "low": "5.005",
            "close": "5.0163"
        },
        {
            "time": "15.07.2021 02:10",
            "open": "5.0163",
            "high": "5.0163",
            "low": "5.0163",
            "close": "5"
        },
        {
            "time": "15.07.2021 02:15",
            "open": "5",
            "high": "5",
            "low": "4.99",
            "close": "4.985"
        },
        {
            "time": "15.07.2021 02:16",
            "open": "4.985",
            "high": "4.985",
            "low": "4.98",
            "close": "4.9784"
        },
        {
            "time": "15.07.2021 02:17",
            "open": "4.9784",
            "high": "4.9807",
            "low": "4.975",
            "close": "4.995"
        },
        {
            "time": "15.07.2021 02:19",
            "open": "4.995",
            "high": "5",
            "low": "4.995",
            "close": "5.005"
        },
        {
            "time": "15.07.2021 02:20",
            "open": "5.005",
            "high": "5.01",
            "low": "5.005",
            "close": "5.015"
        },
        {
            "time": "15.07.2021 02:22",
            "open": "5.015",
            "high": "5.02",
            "low": "5.015",
            "close": "5.025"
        },
        {
            "time": "15.07.2021 02:27",
            "open": "5.025",
            "high": "5.025",
            "low": "5.025",
            "close": "5.03"
        },
        {
            "time": "15.07.2021 02:28",
            "open": "5.03",
            "high": "5.03",
            "low": "5.03",
            "close": "5.03"
        },
        {
            "time": "15.07.2021 02:39",
            "open": "5.03",
            "high": "5.035",
            "low": "5.03",
            "close": "5.04"
        },
        {
            "time": "15.07.2021 02:41",
            "open": "5.04",
            "high": "5.05",
            "low": "5.04",
            "close": "5.0496"
        },
        {
            "time": "15.07.2021 02:42",
            "open": "5.0496",
            "high": "5.0496",
            "low": "5.0496",
            "close": "5.055"
        },
        {
            "time": "15.07.2021 02:47",
            "open": "5.055",
            "high": "5.055",
            "low": "5.055",
            "close": "5.0568"
        },
        {
            "time": "15.07.2021 02:49",
            "open": "5.0568",
            "high": "5.065",
            "low": "5.0568",
            "close": "5.07"
        },
        {
            "time": "15.07.2021 02:50",
            "open": "5.07",
            "high": "5.07",
            "low": "5.07",
            "close": "5.075"
        },
        {
            "time": "15.07.2021 02:51",
            "open": "5.075",
            "high": "5.08",
            "low": "5.075",
            "close": "5.0822"
        },
        {
            "time": "15.07.2021 02:52",
            "open": "5.0822",
            "high": "5.0822",
            "low": "5.0822",
            "close": "5.0822"
        },
        {
            "time": "15.07.2021 02:55",
            "open": "5.0822",
            "high": "5.0822",
            "low": "5.0822",
            "close": "5.085"
        },
        {
            "time": "15.07.2021 02:57",
            "open": "5.085",
            "high": "5.085",
            "low": "5.085",
            "close": "5.09"
        },
        {
            "time": "15.07.2021 02:58",
            "open": "5.09",
            "high": "5.09",
            "low": "5.09",
            "close": "5.095"
        },
        {
            "time": "15.07.2021 03:00",
            "open": "5.095",
            "high": "5.125",
            "low": "5.095",
            "close": "5.1246"
        },
        {
            "time": "15.07.2021 03:01",
            "open": "5.1246",
            "high": "5.145",
            "low": "5.1246",
            "close": "5.1328"
        },
        {
            "time": "15.07.2021 03:02",
            "open": "5.1328",
            "high": "5.1328",
            "low": "5.1328",
            "close": "5.145"
        },
        {
            "time": "15.07.2021 03:03",
            "open": "5.145",
            "high": "5.145",
            "low": "5.145",
            "close": "5.1448"
        },
        {
            "time": "15.07.2021 03:05",
            "open": "5.1448",
            "high": "5.155",
            "low": "5.1448",
            "close": "5.1574"
        },
        {
            "time": "15.07.2021 03:09",
            "open": "5.1574",
            "high": "5.1577",
            "low": "5.1574",
            "close": "5.1592"
        },
        {
            "time": "15.07.2021 03:10",
            "open": "5.162",
            "high": "5.162",
            "low": "5.162",
            "close": "5.165"
        },
        {
            "time": "15.07.2021 03:11",
            "open": "5.165",
            "high": "5.165",
            "low": "5.165",
            "close": "5.17"
        },
        {
            "time": "15.07.2021 03:13",
            "open": "5.17",
            "high": "5.17",
            "low": "5.17",
            "close": "5.1747"
        },
        {
            "time": "15.07.2021 03:14",
            "open": "5.1747",
            "high": "5.1747",
            "low": "5.1747",
            "close": "5.15"
        },
        {
            "time": "15.07.2021 03:21",
            "open": "5.15",
            "high": "5.15",
            "low": "5.1388",
            "close": "5.135"
        },
        {
            "time": "15.07.2021 03:23",
            "open": "5.135",
            "high": "5.135",
            "low": "5.125",
            "close": "5.1299"
        },
        {
            "time": "15.07.2021 03:24",
            "open": "5.1299",
            "high": "5.1299",
            "low": "5.1299",
            "close": "5.125"
        },
        {
            "time": "15.07.2021 03:26",
            "open": "5.125",
            "high": "5.125",
            "low": "5.11",
            "close": "5.11"
        },
        {
            "time": "15.07.2021 03:27",
            "open": "5.11",
            "high": "5.11",
            "low": "5.105",
            "close": "5.1"
        },
        {
            "time": "15.07.2021 03:28",
            "open": "5.1",
            "high": "5.1023",
            "low": "5.1",
            "close": "5.1129"
        },
        {
            "time": "15.07.2021 03:29",
            "open": "5.1129",
            "high": "5.1129",
            "low": "5.1129",
            "close": "5.1004"
        },
        {
            "time": "15.07.2021 03:32",
            "open": "5.1004",
            "high": "5.1004",
            "low": "5.1004",
            "close": "5.1004"
        },
        {
            "time": "15.07.2021 03:33",
            "open": "5.1004",
            "high": "5.1004",
            "low": "5.1004",
            "close": "5.095"
        },
        {
            "time": "15.07.2021 03:34",
            "open": "5.095",
            "high": "5.095",
            "low": "5.095",
            "close": "5.09"
        },
        {
            "time": "15.07.2021 03:36",
            "open": "5.09",
            "high": "5.09",
            "low": "5.085",
            "close": "5.0881"
        },
        {
            "time": "15.07.2021 03:40",
            "open": "5.0881",
            "high": "5.0881",
            "low": "5.0881",
            "close": "5.085"
        },
        {
            "time": "15.07.2021 03:43",
            "open": "5.085",
            "high": "5.085",
            "low": "5.08",
            "close": "5.08"
        },
        {
            "time": "15.07.2021 03:44",
            "open": "5.08",
            "high": "5.08",
            "low": "5.08",
            "close": "5.0899"
        },
        {
            "time": "15.07.2021 03:50",
            "open": "5.0899",
            "high": "5.0899",
            "low": "5.0899",
            "close": "5.075"
        },
        {
            "time": "15.07.2021 03:56",
            "open": "5.075",
            "high": "5.075",
            "low": "5.07",
            "close": "5.065"
        },
        {
            "time": "15.07.2021 03:58",
            "open": "5.065",
            "high": "5.065",
            "low": "5.055",
            "close": "5.055"
        },
        {
            "time": "15.07.2021 03:59",
            "open": "5.055",
            "high": "5.055",
            "low": "5.05",
            "close": "5.0615"
        },
        {
            "time": "15.07.2021 04:03",
            "open": "5.0615",
            "high": "5.0615",
            "low": "5.0615",
            "close": "5.07"
        },
        {
            "time": "15.07.2021 04:07",
            "open": "5.07",
            "high": "5.07",
            "low": "5.07",
            "close": "5.075"
        },
        {
            "time": "15.07.2021 04:08",
            "open": "5.075",
            "high": "5.08",
            "low": "5.075",
            "close": "5.0822"
        },
        {
            "time": "15.07.2021 04:09",
            "open": "5.1004",
            "high": "5.1004",
            "low": "5.1004",
            "close": "5.0865"
        },
        {
            "time": "15.07.2021 04:10",
            "open": "5.0865",
            "high": "5.0865",
            "low": "5.0865",
            "close": "5.105"
        },
        {
            "time": "15.07.2021 04:12",
            "open": "5.105",
            "high": "5.11",
            "low": "5.105",
            "close": "5.1129"
        },
        {
            "time": "15.07.2021 04:13",
            "open": "5.1129",
            "high": "5.1129",
            "low": "5.1129",
            "close": "5.09"
        },
        {
            "time": "15.07.2021 04:18",
            "open": "5.09",
            "high": "5.09",
            "low": "5.085",
            "close": "5.0968"
        },
        {
            "time": "15.07.2021 04:24",
            "open": "5.0968",
            "high": "5.0968",
            "low": "5.0968",
            "close": "5.085"
        },
        {
            "time": "15.07.2021 04:26",
            "open": "5.085",
            "high": "5.085",
            "low": "5.0822",
            "close": "5.08"
        },
        {
            "time": "15.07.2021 04:27",
            "open": "5.08",
            "high": "5.08",
            "low": "5.075",
            "close": "5.07"
        },
        {
            "time": "15.07.2021 04:30",
            "open": "5.07",
            "high": "5.07",
            "low": "5.06",
            "close": "5.0568"
        },
        {
            "time": "15.07.2021 04:31",
            "open": "5.0568",
            "high": "5.0568",
            "low": "5.0568",
            "close": "5.0776"
        },
        {
            "time": "15.07.2021 04:43",
            "open": "5.0776",
            "high": "5.0776",
            "low": "5.0776",
            "close": "5.08"
        },
        {
            "time": "15.07.2021 04:47",
            "open": "5.08",
            "high": "5.085",
            "low": "5.08",
            "close": "5.074"
        },
        {
            "time": "15.07.2021 04:49",
            "open": "5.074",
            "high": "5.074",
            "low": "5.074",
            "close": "5.06"
        },
        {
            "time": "15.07.2021 05:01",
            "open": "5.06",
            "high": "5.06",
            "low": "5.055",
            "close": "5.0574"
        },
        {
            "time": "15.07.2021 05:03",
            "open": "5.0574",
            "high": "5.0574",
            "low": "5.0574",
            "close": "5.05"
        },
        {
            "time": "15.07.2021 05:04",
            "open": "5.05",
            "high": "5.05",
            "low": "5.05",
            "close": "5.065"
        },
        {
            "time": "15.07.2021 05:07",
            "open": "5.065",
            "high": "5.065",
            "low": "5.065",
            "close": "5.0618"
        },
        {
            "time": "15.07.2021 05:11",
            "open": "5.0618",
            "high": "5.0618",
            "low": "5.0618",
            "close": "5.0714"
        },
        {
            "time": "15.07.2021 05:15",
            "open": "5.0714",
            "high": "5.0714",
            "low": "5.0714",
            "close": "5.075"
        },
        {
            "time": "15.07.2021 05:25",
            "open": "5.075",
            "high": "5.08",
            "low": "5.075",
            "close": "5.08"
        },
        {
            "time": "15.07.2021 05:29",
            "open": "5.08",
            "high": "5.0822",
            "low": "5.08",
            "close": "5.085"
        },
        {
            "time": "15.07.2021 05:32",
            "open": "5.085",
            "high": "5.0921",
            "low": "5.085",
            "close": "5.0857"
        },
        {
            "time": "15.07.2021 05:43",
            "open": "5.0857",
            "high": "5.0857",
            "low": "5.0857",
            "close": "5.095"
        },
        {
            "time": "15.07.2021 05:49",
            "open": "5.095",
            "high": "5.095",
            "low": "5.095",
            "close": "5.0768"
        },
        {
            "time": "15.07.2021 05:53",
            "open": "5.0768",
            "high": "5.0768",
            "low": "5.0761",
            "close": "5.083"
        },
        {
            "time": "15.07.2021 05:54",
            "open": "5.083",
            "high": "5.083",
            "low": "5.083",
            "close": "5.075"
        },
        {
            "time": "15.07.2021 05:56",
            "open": "5.075",
            "high": "5.075",
            "low": "5.075",
            "close": "5.07"
        },
        {
            "time": "15.07.2021 05:57",
            "open": "5.07",
            "high": "5.07",
            "low": "5.07",
            "close": "5.065"
        },
        {
            "time": "15.07.2021 06:00",
            "open": "5.065",
            "high": "5.065",
            "low": "5.06",
            "close": "5.0568"
        },
        {
            "time": "15.07.2021 06:01",
            "open": "5.0568",
            "high": "5.0568",
            "low": "5.055",
            "close": "5.055"
        },
        {
            "time": "15.07.2021 06:02",
            "open": "5.055",
            "high": "5.055",
            "low": "5.02",
            "close": "5.015"
        },
        {
            "time": "15.07.2021 06:03",
            "open": "5.015",
            "high": "5.015",
            "low": "5.005",
            "close": "5"
        },
        {
            "time": "15.07.2021 06:04",
            "open": "5",
            "high": "5",
            "low": "4.995",
            "close": "5.0056"
        },
        {
            "time": "15.07.2021 06:05",
            "open": "5.0056",
            "high": "5.0056",
            "low": "5.0056",
            "close": "5.0058"
        },
        {
            "time": "15.07.2021 06:13",
            "open": "5.0058",
            "high": "5.0058",
            "low": "5.0058",
            "close": "4.99"
        },
        {
            "time": "15.07.2021 06:14",
            "open": "4.99",
            "high": "4.994",
            "low": "4.99",
            "close": "5.01"
        },
        {
            "time": "15.07.2021 06:16",
            "open": "5.01",
            "high": "5.01",
            "low": "5.01",
            "close": "5.0112"
        },
        {
            "time": "15.07.2021 06:21",
            "open": "5.0112",
            "high": "5.0112",
            "low": "5.0112",
            "close": "5.0148"
        },
        {
            "time": "15.07.2021 06:29",
            "open": "5.0148",
            "high": "5.0148",
            "low": "5.0148",
            "close": "5.015"
        },
        {
            "time": "15.07.2021 06:31",
            "open": "5.015",
            "high": "5.02",
            "low": "5.015",
            "close": "5"
        },
        {
            "time": "15.07.2021 06:35",
            "open": "5",
            "high": "5",
            "low": "5",
            "close": "4.995"
        },
        {
            "time": "15.07.2021 06:36",
            "open": "4.995",
            "high": "4.995",
            "low": "4.995",
            "close": "4.99"
        },
        {
            "time": "15.07.2021 06:37",
            "open": "4.99",
            "high": "4.99",
            "low": "4.99",
            "close": "4.99"
        },
        {
            "time": "15.07.2021 06:38",
            "open": "4.99",
            "high": "4.99",
            "low": "4.99",
            "close": "4.985"
        },
        {
            "time": "15.07.2021 06:40",
            "open": "4.985",
            "high": "4.985",
            "low": "4.9844",
            "close": "4.9813"
        },
        {
            "time": "15.07.2021 06:41",
            "open": "4.9813",
            "high": "4.9813",
            "low": "4.98",
            "close": "4.975"
        },
        {
            "time": "15.07.2021 06:47",
            "open": "4.975",
            "high": "4.975",
            "low": "4.97",
            "close": "4.9949"
        },
        {
            "time": "15.07.2021 06:52",
            "open": "4.9949",
            "high": "4.9951",
            "low": "4.9949",
            "close": "5"
        },
        {
            "time": "15.07.2021 06:57",
            "open": "5",
            "high": "5",
            "low": "5",
            "close": "5.001"
        },
        {
            "time": "15.07.2021 06:58",
            "open": "5.001",
            "high": "5.0179",
            "low": "5.001",
            "close": "4.995"
        },
        {
            "time": "15.07.2021 07:01",
            "open": "4.995",
            "high": "4.995",
            "low": "4.99",
            "close": "4.985"
        },
        {
            "time": "15.07.2021 07:02",
            "open": "4.985",
            "high": "4.985",
            "low": "4.9813",
            "close": "4.98"
        },
        {
            "time": "15.07.2021 07:05",
            "open": "4.98",
            "high": "4.98",
            "low": "4.98",
            "close": "4.9945"
        },
        {
            "time": "15.07.2021 07:21",
            "open": "4.9945",
            "high": "4.9945",
            "low": "4.9945",
            "close": "5.005"
        },
        {
            "time": "15.07.2021 07:23",
            "open": "5.005",
            "high": "5.005",
            "low": "5.005",
            "close": "5.0063"
        },
        {
            "time": "15.07.2021 07:24",
            "open": "5.0063",
            "high": "5.0063",
            "low": "5.0063",
            "close": "5.0024"
        },
        {
            "time": "15.07.2021 07:27",
            "open": "5.0024",
            "high": "5.0024",
            "low": "5.0024",
            "close": "5.01"
        },
        {
            "time": "15.07.2021 07:31",
            "open": "5.01",
            "high": "5.015",
            "low": "5.01",
            "close": "5.0191"
        },
        {
            "time": "15.07.2021 07:32",
            "open": "5.0191",
            "high": "5.0199",
            "low": "5.0191",
            "close": "5.0064"
        },
        {
            "time": "15.07.2021 07:36",
            "open": "5.0064",
            "high": "5.0064",
            "low": "5.0064",
            "close": "4.9982"
        },
        {
            "time": "15.07.2021 07:47",
            "open": "4.9982",
            "high": "4.9982",
            "low": "4.995",
            "close": "4.99"
        },
        {
            "time": "15.07.2021 07:48",
            "open": "4.99",
            "high": "4.99",
            "low": "4.98",
            "close": "4.975"
        },
        {
            "time": "15.07.2021 07:49",
            "open": "4.975",
            "high": "4.975",
            "low": "4.975",
            "close": "4.995"
        },
        {
            "time": "15.07.2021 07:56",
            "open": "4.995",
            "high": "5",
            "low": "4.995",
            "close": "5.005"
        },
        {
            "time": "15.07.2021 07:57",
            "open": "5.005",
            "high": "5.0063",
            "low": "5.005",
            "close": "5.01"
        },
        {
            "time": "15.07.2021 07:59",
            "open": "5.01",
            "high": "5.01",
            "low": "5.01",
            "close": "4.99"
        },
        {
            "time": "15.07.2021 08:02",
            "open": "4.99",
            "high": "4.99",
            "low": "4.99",
            "close": "4.985"
        },
        {
            "time": "15.07.2021 08:03",
            "open": "4.985",
            "high": "4.985",
            "low": "4.98",
            "close": "4.975"
        },
        {
            "time": "15.07.2021 08:04",
            "open": "4.975",
            "high": "4.975",
            "low": "4.97",
            "close": "4.9911"
        },
        {
            "time": "15.07.2021 08:07",
            "open": "4.9911",
            "high": "4.9911",
            "low": "4.9911",
            "close": "4.995"
        },
        {
            "time": "15.07.2021 08:12",
            "open": "4.995",
            "high": "4.995",
            "low": "4.995",
            "close": "5"
        },
        {
            "time": "15.07.2021 08:13",
            "open": "5",
            "high": "5.015",
            "low": "5",
            "close": "4.995"
        },
        {
            "time": "15.07.2021 08:17",
            "open": "4.995",
            "high": "4.995",
            "low": "4.995",
            "close": "4.99"
        },
        {
            "time": "15.07.2021 08:19",
            "open": "4.99",
            "high": "4.99",
            "low": "4.99",
            "close": "4.9926"
        },
        {
            "time": "15.07.2021 08:20",
            "open": "4.9926",
            "high": "4.9926",
            "low": "4.98",
            "close": "4.975"
        },
        {
            "time": "15.07.2021 08:21",
            "open": "4.975",
            "high": "4.975",
            "low": "4.975",
            "close": "4.97"
        },
        {
            "time": "15.07.2021 08:22",
            "open": "4.97",
            "high": "4.97",
            "low": "4.965",
            "close": "4.9638"
        },
        {
            "time": "15.07.2021 08:24",
            "open": "4.9638",
            "high": "4.9638",
            "low": "4.9638",
            "close": "4.96"
        },
        {
            "time": "15.07.2021 08:25",
            "open": "4.96",
            "high": "4.96",
            "low": "4.955",
            "close": "4.95"
        },
        {
            "time": "15.07.2021 08:26",
            "open": "4.95",
            "high": "4.95",
            "low": "4.95",
            "close": "4.945"
        },
        {
            "time": "15.07.2021 08:27",
            "open": "4.945",
            "high": "4.945",
            "low": "4.9423",
            "close": "4.94"
        },
        {
            "time": "15.07.2021 08:28",
            "open": "4.94",
            "high": "4.94",
            "low": "4.9208",
            "close": "4.9274"
        },
        {
            "time": "15.07.2021 08:30",
            "open": "4.9274",
            "high": "4.9274",
            "low": "4.915",
            "close": "4.94"
        },
        {
            "time": "15.07.2021 08:38",
            "open": "4.94",
            "high": "4.94",
            "low": "4.94",
            "close": "4.9406"
        },
        {
            "time": "15.07.2021 08:40",
            "open": "4.9406",
            "high": "4.9406",
            "low": "4.9406",
            "close": "4.92"
        },
        {
            "time": "15.07.2021 08:42",
            "open": "4.92",
            "high": "4.92",
            "low": "4.92",
            "close": "4.915"
        },
        {
            "time": "15.07.2021 08:43",
            "open": "4.915",
            "high": "4.915",
            "low": "4.915",
            "close": "4.935"
        },
        {
            "time": "15.07.2021 08:46",
            "open": "4.935",
            "high": "4.935",
            "low": "4.935",
            "close": "4.9399"
        },
        {
            "time": "15.07.2021 08:48",
            "open": "4.9399",
            "high": "4.945",
            "low": "4.9399",
            "close": "4.925"
        },
        {
            "time": "15.07.2021 08:56",
            "open": "4.925",
            "high": "4.925",
            "low": "4.9221",
            "close": "4.9214"
        },
        {
            "time": "15.07.2021 08:57",
            "open": "4.9214",
            "high": "4.9214",
            "low": "4.9214",
            "close": "4.92"
        },
        {
            "time": "15.07.2021 08:58",
            "open": "4.92",
            "high": "4.92",
            "low": "4.92",
            "close": "4.915"
        },
        {
            "time": "15.07.2021 08:59",
            "open": "4.915",
            "high": "4.915",
            "low": "4.915",
            "close": "4.91"
        },
        {
            "time": "15.07.2021 09:00",
            "open": "4.91",
            "high": "4.91",
            "low": "4.9",
            "close": "4.9064"
        },
        {
            "time": "15.07.2021 09:01",
            "open": "4.9064",
            "high": "4.9064",
            "low": "4.9064",
            "close": "4.895"
        },
        {
            "time": "15.07.2021 09:02",
            "open": "4.895",
            "high": "4.895",
            "low": "4.885",
            "close": "4.9046"
        },
        {
            "time": "15.07.2021 09:05",
            "open": "4.9046",
            "high": "4.91",
            "low": "4.9046",
            "close": "4.915"
        },
        {
            "time": "15.07.2021 09:07",
            "open": "4.915",
            "high": "4.915",
            "low": "4.915",
            "close": "4.92"
        },
        {
            "time": "15.07.2021 09:08",
            "open": "4.92",
            "high": "4.92",
            "low": "4.92",
            "close": "4.925"
        },
        {
            "time": "15.07.2021 09:09",
            "open": "4.925",
            "high": "4.9316",
            "low": "4.925",
            "close": "4.935"
        },
        {
            "time": "15.07.2021 09:10",
            "open": "4.935",
            "high": "4.94",
            "low": "4.935",
            "close": "4.945"
        },
        {
            "time": "15.07.2021 09:11",
            "open": "4.945",
            "high": "4.945",
            "low": "4.945",
            "close": "4.95"
        },
        {
            "time": "15.07.2021 09:17",
            "open": "4.95",
            "high": "4.9564",
            "low": "4.95",
            "close": "4.9564"
        },
        {
            "time": "15.07.2021 09:18",
            "open": "4.9564",
            "high": "4.96",
            "low": "4.9564",
            "close": "4.94"
        },
        {
            "time": "15.07.2021 09:25",
            "open": "4.94",
            "high": "4.94",
            "low": "4.935",
            "close": "4.9316"
        },
        {
            "time": "15.07.2021 09:26",
            "open": "4.9316",
            "high": "4.9316",
            "low": "4.9316",
            "close": "4.955"
        },
        {
            "time": "15.07.2021 09:29",
            "open": "4.955",
            "high": "4.955",
            "low": "4.955",
            "close": "4.9475"
        },
        {
            "time": "15.07.2021 09:33",
            "open": "4.9475",
            "high": "4.9475",
            "low": "4.9475",
            "close": "4.935"
        },
        {
            "time": "15.07.2021 09:37",
            "open": "4.935",
            "high": "4.935",
            "low": "4.935",
            "close": "4.9316"
        },
        {
            "time": "15.07.2021 09:38",
            "open": "4.9316",
            "high": "4.9316",
            "low": "4.93",
            "close": "4.95"
        },
        {
            "time": "15.07.2021 09:42",
            "open": "4.95",
            "high": "4.95",
            "low": "4.9397",
            "close": "4.955"
        },
        {
            "time": "15.07.2021 09:51",
            "open": "4.955",
            "high": "4.955",
            "low": "4.955",
            "close": "4.935"
        },
        {
            "time": "15.07.2021 09:54",
            "open": "4.935",
            "high": "4.935",
            "low": "4.92",
            "close": "4.9224"
        },
        {
            "time": "15.07.2021 09:55",
            "open": "4.9224",
            "high": "4.9224",
            "low": "4.9224",
            "close": "4.94"
        },
        {
            "time": "15.07.2021 09:56",
            "open": "4.94",
            "high": "4.94",
            "low": "4.94",
            "close": "4.945"
        },
        {
            "time": "15.07.2021 09:58",
            "open": "4.945",
            "high": "4.945",
            "low": "4.945",
            "close": "4.95"
        },
        {
            "time": "15.07.2021 09:59",
            "open": "4.95",
            "high": "4.9563",
            "low": "4.95",
            "close": "4.9564"
        },
        {
            "time": "15.07.2021 10:02",
            "open": "4.9564",
            "high": "4.975",
            "low": "4.9564",
            "close": "4.98"
        },
        {
            "time": "15.07.2021 10:03",
            "open": "4.98",
            "high": "4.99",
            "low": "4.98",
            "close": "4.9946"
        },
        {
            "time": "15.07.2021 10:07",
            "open": "4.9946",
            "high": "4.995",
            "low": "4.9946",
            "close": "5"
        },
        {
            "time": "15.07.2021 10:08",
            "open": "5",
            "high": "5",
            "low": "5",
            "close": "5.0049"
        },
        {
            "time": "15.07.2021 10:09",
            "open": "5.0049",
            "high": "5.02",
            "low": "5.0049",
            "close": "5"
        },
        {
            "time": "15.07.2021 10:13",
            "open": "5",
            "high": "5",
            "low": "5",
            "close": "4.995"
        },
        {
            "time": "15.07.2021 10:14",
            "open": "4.995",
            "high": "4.995",
            "low": "4.99",
            "close": "4.99"
        },
        {
            "time": "15.07.2021 10:15",
            "open": "4.99",
            "high": "4.99",
            "low": "4.985",
            "close": "4.985"
        },
        {
            "time": "15.07.2021 10:16",
            "open": "4.985",
            "high": "4.985",
            "low": "4.96",
            "close": "4.96"
        },
        {
            "time": "15.07.2021 10:17",
            "open": "4.96",
            "high": "4.96",
            "low": "4.96",
            "close": "4.98"
        },
        {
            "time": "15.07.2021 10:18",
            "open": "4.98",
            "high": "4.98",
            "low": "4.98",
            "close": "4.985"
        },
        {
            "time": "15.07.2021 10:19",
            "open": "4.985",
            "high": "4.985",
            "low": "4.985",
            "close": "4.965"
        },
        {
            "time": "15.07.2021 10:25",
            "open": "4.965",
            "high": "4.965",
            "low": "4.96",
            "close": "4.9709"
        },
        {
            "time": "15.07.2021 10:27",
            "open": "4.9709",
            "high": "4.9709",
            "low": "4.9709",
            "close": "4.96"
        },
        {
            "time": "15.07.2021 10:32",
            "open": "4.96",
            "high": "4.96",
            "low": "4.9564",
            "close": "4.98"
        },
        {
            "time": "15.07.2021 10:39",
            "open": "4.98",
            "high": "4.98",
            "low": "4.98",
            "close": "4.98"
        },
        {
            "time": "15.07.2021 10:41",
            "open": "4.98",
            "high": "4.9813",
            "low": "4.98",
            "close": "4.985"
        },
        {
            "time": "15.07.2021 10:42",
            "open": "4.985",
            "high": "4.99",
            "low": "4.985",
            "close": "4.9841"
        },
        {
            "time": "15.07.2021 10:48",
            "open": "4.9841",
            "high": "4.9841",
            "low": "4.9841",
            "close": "4.9879"
        },
        {
            "time": "15.07.2021 10:50",
            "open": "4.9879",
            "high": "4.9879",
            "low": "4.9879",
            "close": "4.995"
        },
        {
            "time": "15.07.2021 10:53",
            "open": "4.995",
            "high": "5",
            "low": "4.995",
            "close": "5.005"
        },
        {
            "time": "15.07.2021 10:54",
            "open": "5.005",
            "high": "5.005",
            "low": "5.005",
            "close": "4.985"
        },
        {
            "time": "15.07.2021 10:55",
            "open": "4.985",
            "high": "4.985",
            "low": "4.985",
            "close": "4.985"
        },
        {
            "time": "15.07.2021 10:57",
            "open": "4.985",
            "high": "4.985",
            "low": "4.985",
            "close": "4.98"
        },
        {
            "time": "15.07.2021 10:58",
            "open": "4.98",
            "high": "4.98",
            "low": "4.98",
            "close": "4.975"
        },
        {
            "time": "15.07.2021 11:00",
            "open": "4.975",
            "high": "4.975",
            "low": "4.97",
            "close": "4.965"
        },
        {
            "time": "15.07.2021 11:01",
            "open": "4.965",
            "high": "4.965",
            "low": "4.965",
            "close": "4.96"
        },
        {
            "time": "15.07.2021 11:02",
            "open": "4.96",
            "high": "4.96",
            "low": "4.955",
            "close": "4.975"
        },
        {
            "time": "15.07.2021 11:07",
            "open": "4.975",
            "high": "4.975",
            "low": "4.975",
            "close": "4.98"
        },
        {
            "time": "15.07.2021 11:08",
            "open": "4.98",
            "high": "4.9813",
            "low": "4.98",
            "close": "4.985"
        },
        {
            "time": "15.07.2021 11:09",
            "open": "4.985",
            "high": "4.99",
            "low": "4.985",
            "close": "4.995"
        },
        {
            "time": "15.07.2021 11:10",
            "open": "4.995",
            "high": "5",
            "low": "4.995",
            "close": "5.005"
        },
        {
            "time": "15.07.2021 11:11",
            "open": "5.005",
            "high": "5.005",
            "low": "5.005",
            "close": "5.0003"
        },
        {
            "time": "15.07.2021 11:12",
            "open": "5.0003",
            "high": "5.0063",
            "low": "5.0003",
            "close": "5.01"
        },
        {
            "time": "15.07.2021 11:13",
            "open": "5.01",
            "high": "5.015",
            "low": "5.01",
            "close": "5.02"
        },
        {
            "time": "15.07.2021 11:14",
            "open": "5.02",
            "high": "5.025",
            "low": "5.02",
            "close": "5.025"
        },
        {
            "time": "15.07.2021 11:17",
            "open": "5.025",
            "high": "5.035",
            "low": "5.025",
            "close": "5.015"
        },
        {
            "time": "15.07.2021 11:29",
            "open": "5.015",
            "high": "5.015",
            "low": "5.015",
            "close": "5.0202"
        },
        {
            "time": "15.07.2021 11:38",
            "open": "5.0202",
            "high": "5.0202",
            "low": "5.0202",
            "close": "5.01"
        },
        {
            "time": "15.07.2021 11:40",
            "open": "5.01",
            "high": "5.01",
            "low": "5.01",
            "close": "5.0063"
        },
        {
            "time": "15.07.2021 11:50",
            "open": "5.0063",
            "high": "5.0063",
            "low": "5.005",
            "close": "5"
        },
        {
            "time": "15.07.2021 11:52",
            "open": "5",
            "high": "5",
            "low": "5",
            "close": "5.0138"
        },
        {
            "time": "15.07.2021 11:56",
            "open": "5.0138",
            "high": "5.0138",
            "low": "5.0138",
            "close": "5.0199"
        },
        {
            "time": "15.07.2021 11:58",
            "open": "5.0199",
            "high": "5.0199",
            "low": "5.0199",
            "close": "5.02"
        },
        {
            "time": "15.07.2021 12:01",
            "open": "5.02",
            "high": "5.024",
            "low": "5.02",
            "close": "5.025"
        },
        {
            "time": "15.07.2021 12:03",
            "open": "5.025",
            "high": "5.025",
            "low": "5.025",
            "close": "5.0296"
        },
        {
            "time": "15.07.2021 12:04",
            "open": "5.0296",
            "high": "5.035",
            "low": "5.0295",
            "close": "5.04"
        },
        {
            "time": "15.07.2021 12:05",
            "open": "5.04",
            "high": "5.04",
            "low": "5.04",
            "close": "5.045"
        },
        {
            "time": "15.07.2021 12:15",
            "open": "5.045",
            "high": "5.045",
            "low": "5.045",
            "close": "5.0248"
        },
        {
            "time": "15.07.2021 12:20",
            "open": "5.0248",
            "high": "5.0248",
            "low": "5.0248",
            "close": "5.02"
        },
        {
            "time": "15.07.2021 12:21",
            "open": "5.02",
            "high": "5.02",
            "low": "5.005",
            "close": "5"
        },
        {
            "time": "15.07.2021 12:22",
            "open": "5",
            "high": "5",
            "low": "4.965",
            "close": "4.965"
        },
        {
            "time": "15.07.2021 12:24",
            "open": "4.965",
            "high": "4.965",
            "low": "4.95",
            "close": "4.95"
        },
        {
            "time": "15.07.2021 12:25",
            "open": "4.95",
            "high": "4.95",
            "low": "4.945",
            "close": "4.945"
        },
        {
            "time": "15.07.2021 12:26",
            "open": "4.945",
            "high": "4.945",
            "low": "4.92",
            "close": "4.915"
        },
        {
            "time": "15.07.2021 12:27",
            "open": "4.915",
            "high": "4.915",
            "low": "4.91",
            "close": "4.9262"
        },
        {
            "time": "15.07.2021 12:29",
            "open": "4.9262",
            "high": "4.9275",
            "low": "4.9262",
            "close": "4.91"
        },
        {
            "time": "15.07.2021 12:30",
            "open": "4.91",
            "high": "4.91",
            "low": "4.895",
            "close": "4.8903"
        },
        {
            "time": "15.07.2021 12:31",
            "open": "4.8903",
            "high": "4.8903",
            "low": "4.8766",
            "close": "4.8855"
        },
        {
            "time": "15.07.2021 12:32",
            "open": "4.8855",
            "high": "4.8855",
            "low": "4.838",
            "close": "4.8451"
        },
        {
            "time": "15.07.2021 12:33",
            "open": "4.8451",
            "high": "4.875",
            "low": "4.8451",
            "close": "4.875"
        },
        {
            "time": "15.07.2021 12:34",
            "open": "4.875",
            "high": "4.885",
            "low": "4.87",
            "close": "4.89"
        },
        {
            "time": "15.07.2021 12:35",
            "open": "4.89",
            "high": "4.895",
            "low": "4.89",
            "close": "4.875"
        },
        {
            "time": "15.07.2021 12:36",
            "open": "4.875",
            "high": "4.875",
            "low": "4.87",
            "close": "4.87"
        },
        {
            "time": "15.07.2021 12:37",
            "open": "4.87",
            "high": "4.87",
            "low": "4.86",
            "close": "4.8652"
        },
        {
            "time": "15.07.2021 12:38",
            "open": "4.8652",
            "high": "4.8714",
            "low": "4.8652",
            "close": "4.8714"
        },
        {
            "time": "15.07.2021 12:39",
            "open": "4.8714",
            "high": "4.8714",
            "low": "4.8714",
            "close": "4.86"
        },
        {
            "time": "15.07.2021 12:44",
            "open": "4.86",
            "high": "4.86",
            "low": "4.8426",
            "close": "4.8529"
        },
        {
            "time": "15.07.2021 12:45",
            "open": "4.8529",
            "high": "4.865",
            "low": "4.8529",
            "close": "4.87"
        },
        {
            "time": "15.07.2021 12:46",
            "open": "4.87",
            "high": "4.87",
            "low": "4.87",
            "close": "4.875"
        },
        {
            "time": "15.07.2021 12:51",
            "open": "4.875",
            "high": "4.885",
            "low": "4.875",
            "close": "4.8687"
        },
        {
            "time": "15.07.2021 12:54",
            "open": "4.8687",
            "high": "4.8687",
            "low": "4.8687",
            "close": "4.865"
        },
        {
            "time": "15.07.2021 12:55",
            "open": "4.865",
            "high": "4.865",
            "low": "4.855",
            "close": "4.85"
        },
        {
            "time": "15.07.2021 12:56",
            "open": "4.85",
            "high": "4.8575",
            "low": "4.85",
            "close": "4.87"
        },
        {
            "time": "15.07.2021 12:57",
            "open": "4.87",
            "high": "4.875",
            "low": "4.87",
            "close": "4.88"
        },
        {
            "time": "15.07.2021 12:58",
            "open": "4.88",
            "high": "4.88",
            "low": "4.88",
            "close": "4.86"
        },
        {
            "time": "15.07.2021 12:59",
            "open": "4.86",
            "high": "4.86",
            "low": "4.86",
            "close": "4.86"
        },
        {
            "time": "15.07.2021 13:00",
            "open": "4.86",
            "high": "4.86",
            "low": "4.855",
            "close": "4.875"
        },
        {
            "time": "15.07.2021 13:01",
            "open": "4.875",
            "high": "4.875",
            "low": "4.875",
            "close": "4.88"
        },
        {
            "time": "15.07.2021 13:04",
            "open": "4.88",
            "high": "4.88",
            "low": "4.88",
            "close": "4.8824"
        },
        {
            "time": "15.07.2021 13:12",
            "open": "4.8824",
            "high": "4.8824",
            "low": "4.8824",
            "close": "4.8824"
        },
        {
            "time": "15.07.2021 13:13",
            "open": "4.8824",
            "high": "4.885",
            "low": "4.8824",
            "close": "4.89"
        },
        {
            "time": "15.07.2021 13:14",
            "open": "4.89",
            "high": "4.89",
            "low": "4.89",
            "close": "4.895"
        },
        {
            "time": "15.07.2021 13:17",
            "open": "4.895",
            "high": "4.895",
            "low": "4.895",
            "close": "4.87"
        },
        {
            "time": "15.07.2021 13:20",
            "open": "4.87",
            "high": "4.87",
            "low": "4.87",
            "close": "4.87"
        },
        {
            "time": "15.07.2021 13:21",
            "open": "4.87",
            "high": "4.87",
            "low": "4.865",
            "close": "4.8765"
        },
        {
            "time": "15.07.2021 13:24",
            "open": "4.8765",
            "high": "4.8765",
            "low": "4.8765",
            "close": "4.8651"
        },
        {
            "time": "15.07.2021 13:25",
            "open": "4.8651",
            "high": "4.8666",
            "low": "4.8651",
            "close": "4.8781"
        },
        {
            "time": "15.07.2021 13:30",
            "open": "4.8781",
            "high": "4.8799",
            "low": "4.8781",
            "close": "4.89"
        },
        {
            "time": "15.07.2021 13:31",
            "open": "4.89",
            "high": "4.89",
            "low": "4.89",
            "close": "4.8926"
        },
        {
            "time": "15.07.2021 13:39",
            "open": "4.8926",
            "high": "4.8926",
            "low": "4.8926",
            "close": "4.8846"
        },
        {
            "time": "15.07.2021 13:41",
            "open": "4.8846",
            "high": "4.8846",
            "low": "4.8846",
            "close": "4.8764"
        },
        {
            "time": "15.07.2021 13:42",
            "open": "4.8764",
            "high": "4.8764",
            "low": "4.8707",
            "close": "4.8847"
        },
        {
            "time": "15.07.2021 13:45",
            "open": "4.8847",
            "high": "4.8847",
            "low": "4.8847",
            "close": "4.895"
        },
        {
            "time": "15.07.2021 13:48",
            "open": "4.895",
            "high": "4.9026",
            "low": "4.895",
            "close": "4.9025"
        },
        {
            "time": "15.07.2021 13:50",
            "open": "4.9025",
            "high": "4.9025",
            "low": "4.9025",
            "close": "4.8804"
        },
        {
            "time": "15.07.2021 13:55",
            "open": "4.8804",
            "high": "4.8804",
            "low": "4.88",
            "close": "4.8784"
        },
        {
            "time": "15.07.2021 13:57",
            "open": "4.8784",
            "high": "4.8784",
            "low": "4.8784",
            "close": "4.8819"
        },
        {
            "time": "15.07.2021 13:58",
            "open": "4.8819",
            "high": "4.8819",
            "low": "4.8819",
            "close": "4.875"
        },
        {
            "time": "15.07.2021 14:01",
            "open": "4.875",
            "high": "4.875",
            "low": "4.855",
            "close": "4.85"
        },
        {
            "time": "15.07.2021 14:02",
            "open": "4.85",
            "high": "4.85",
            "low": "4.845",
            "close": "4.865"
        },
        {
            "time": "15.07.2021 14:03",
            "open": "4.865",
            "high": "4.895",
            "low": "4.865",
            "close": "4.9"
        },
        {
            "time": "15.07.2021 14:04",
            "open": "4.9",
            "high": "4.935",
            "low": "4.9",
            "close": "4.915"
        },
        {
            "time": "15.07.2021 14:05",
            "open": "4.915",
            "high": "4.915",
            "low": "4.9",
            "close": "4.895"
        },
        {
            "time": "15.07.2021 14:06",
            "open": "4.895",
            "high": "4.895",
            "low": "4.885",
            "close": "4.8824"
        },
        {
            "time": "15.07.2021 14:07",
            "open": "4.8824",
            "high": "4.8824",
            "low": "4.87",
            "close": "4.8822"
        },
        {
            "time": "15.07.2021 14:08",
            "open": "4.8822",
            "high": "4.8833",
            "low": "4.8822",
            "close": "4.8753"
        },
        {
            "time": "15.07.2021 14:09",
            "open": "4.8753",
            "high": "4.8753",
            "low": "4.8753",
            "close": "4.8695"
        },
        {
            "time": "15.07.2021 14:10",
            "open": "4.8695",
            "high": "4.8695",
            "low": "4.85",
            "close": "4.85"
        },
        {
            "time": "15.07.2021 14:11",
            "open": "4.85",
            "high": "4.85",
            "low": "4.8337",
            "close": "4.8317"
        },
        {
            "time": "15.07.2021 14:12",
            "open": "4.8317",
            "high": "4.8317",
            "low": "4.8317",
            "close": "4.83"
        },
        {
            "time": "15.07.2021 14:13",
            "open": "4.83",
            "high": "4.83",
            "low": "4.82",
            "close": "4.8227"
        },
        {
            "time": "15.07.2021 14:14",
            "open": "4.8227",
            "high": "4.8227",
            "low": "4.8226",
            "close": "4.8206"
        },
        {
            "time": "15.07.2021 14:15",
            "open": "4.8206",
            "high": "4.84",
            "low": "4.8206",
            "close": "4.8402"
        },
        {
            "time": "15.07.2021 14:17",
            "open": "4.8402",
            "high": "4.85",
            "low": "4.8402",
            "close": "4.8384"
        },
        {
            "time": "15.07.2021 14:19",
            "open": "4.8384",
            "high": "4.8384",
            "low": "4.8384",
            "close": "4.8397"
        },
        {
            "time": "15.07.2021 14:21",
            "open": "4.8397",
            "high": "4.8397",
            "low": "4.8397",
            "close": "4.8386"
        },
        {
            "time": "15.07.2021 14:25",
            "open": "4.8386",
            "high": "4.8386",
            "low": "4.83",
            "close": "4.83"
        },
        {
            "time": "15.07.2021 14:26",
            "open": "4.83",
            "high": "4.83",
            "low": "4.825",
            "close": "4.825"
        },
        {
            "time": "15.07.2021 14:27",
            "open": "4.825",
            "high": "4.825",
            "low": "4.82",
            "close": "4.8189"
        },
        {
            "time": "15.07.2021 14:28",
            "open": "4.8189",
            "high": "4.8189",
            "low": "4.815",
            "close": "4.8113"
        },
        {
            "time": "15.07.2021 14:29",
            "open": "4.8113",
            "high": "4.815",
            "low": "4.8113",
            "close": "4.821"
        },
        {
            "time": "15.07.2021 14:30",
            "open": "4.821",
            "high": "4.8211",
            "low": "4.821",
            "close": "4.8306"
        },
        {
            "time": "15.07.2021 14:31",
            "open": "4.8306",
            "high": "4.8306",
            "low": "4.8284",
            "close": "4.8246"
        },
        {
            "time": "15.07.2021 14:33",
            "open": "4.8246",
            "high": "4.8246",
            "low": "4.8246",
            "close": "4.8209"
        },
        {
            "time": "15.07.2021 14:37",
            "open": "4.8209",
            "high": "4.8209",
            "low": "4.8209",
            "close": "4.8233"
        },
        {
            "time": "15.07.2021 14:38",
            "open": "4.8233",
            "high": "4.8233",
            "low": "4.8233",
            "close": "4.8113"
        },
        {
            "time": "15.07.2021 14:44",
            "open": "4.8113",
            "high": "4.8113",
            "low": "4.8",
            "close": "4.82"
        },
        {
            "time": "15.07.2021 14:46",
            "open": "4.82",
            "high": "4.8249",
            "low": "4.82",
            "close": "4.8"
        },
        {
            "time": "15.07.2021 14:47",
            "open": "4.8",
            "high": "4.8",
            "low": "4.8",
            "close": "4.8188"
        },
        {
            "time": "15.07.2021 14:48",
            "open": "4.8188",
            "high": "4.8188",
            "low": "4.8188",
            "close": "4.82"
        },
        {
            "time": "15.07.2021 14:49",
            "open": "4.82",
            "high": "4.82",
            "low": "4.82",
            "close": "4.82"
        },
        {
            "time": "15.07.2021 14:50",
            "open": "4.82",
            "high": "4.82",
            "low": "4.819",
            "close": "4.82"
        },
        {
            "time": "15.07.2021 14:51",
            "open": "4.822",
            "high": "4.822",
            "low": "4.822",
            "close": "4.825"
        },
        {
            "time": "15.07.2021 14:52",
            "open": "4.825",
            "high": "4.83",
            "low": "4.825",
            "close": "4.8337"
        },
        {
            "time": "15.07.2021 14:53",
            "open": "4.8337",
            "high": "4.835",
            "low": "4.8337",
            "close": "4.8241"
        },
        {
            "time": "15.07.2021 14:58",
            "open": "4.8241",
            "high": "4.8241",
            "low": "4.8241",
            "close": "4.822"
        },
        {
            "time": "15.07.2021 14:59",
            "open": "4.822",
            "high": "4.822",
            "low": "4.815",
            "close": "4.815"
        },
        {
            "time": "15.07.2021 15:00",
            "open": "4.815",
            "high": "4.815",
            "low": "4.805",
            "close": "4.8051"
        },
        {
            "time": "15.07.2021 15:02",
            "open": "4.8051",
            "high": "4.8051",
            "low": "4.8051",
            "close": "4.8245"
        },
        {
            "time": "15.07.2021 15:06",
            "open": "4.8245",
            "high": "4.8245",
            "low": "4.8245",
            "close": "4.8256"
        },
        {
            "time": "15.07.2021 15:08",
            "open": "4.8256",
            "high": "4.8256",
            "low": "4.8252",
            "close": "4.8155"
        },
        {
            "time": "15.07.2021 15:10",
            "open": "4.8155",
            "high": "4.8155",
            "low": "4.8155",
            "close": "4.805"
        },
        {
            "time": "15.07.2021 15:14",
            "open": "4.805",
            "high": "4.805",
            "low": "4.805",
            "close": "4.8"
        },
        {
            "time": "15.07.2021 15:16",
            "open": "4.8",
            "high": "4.8",
            "low": "4.795",
            "close": "4.7901"
        },
        {
            "time": "15.07.2021 15:17",
            "open": "4.7901",
            "high": "4.7901",
            "low": "4.79",
            "close": "4.7855"
        },
        {
            "time": "15.07.2021 15:18",
            "open": "4.7855",
            "high": "4.7855",
            "low": "4.78",
            "close": "4.775"
        },
        {
            "time": "15.07.2021 15:22",
            "open": "4.775",
            "high": "4.775",
            "low": "4.7735",
            "close": "4.768"
        },
        {
            "time": "15.07.2021 15:23",
            "open": "4.768",
            "high": "4.771",
            "low": "4.768",
            "close": "4.7655"
        },
        {
            "time": "15.07.2021 15:25",
            "open": "4.7655",
            "high": "4.7655",
            "low": "4.7478",
            "close": "4.755"
        },
        {
            "time": "15.07.2021 15:26",
            "open": "4.755",
            "high": "4.7576",
            "low": "4.755",
            "close": "4.76"
        },
        {
            "time": "15.07.2021 15:27",
            "open": "4.76",
            "high": "4.8224",
            "low": "4.76",
            "close": "4.8029"
        },
        {
            "time": "15.07.2021 15:28",
            "open": "4.8029",
            "high": "4.8029",
            "low": "4.79",
            "close": "4.7855"
        },
        {
            "time": "15.07.2021 15:30",
            "open": "4.7855",
            "high": "4.7855",
            "low": "4.775",
            "close": "4.8"
        },
        {
            "time": "15.07.2021 15:31",
            "open": "4.8",
            "high": "4.8",
            "low": "4.8",
            "close": "4.805"
        },
        {
            "time": "15.07.2021 15:32",
            "open": "4.805",
            "high": "4.815",
            "low": "4.805",
            "close": "4.795"
        },
        {
            "time": "15.07.2021 15:35",
            "open": "4.795",
            "high": "4.795",
            "low": "4.795",
            "close": "4.795"
        },
        {
            "time": "15.07.2021 15:37",
            "open": "4.795",
            "high": "4.795",
            "low": "4.79",
            "close": "4.79"
        },
        {
            "time": "15.07.2021 15:43",
            "open": "4.78",
            "high": "4.78",
            "low": "4.78",
            "close": "4.805"
        },
        {
            "time": "15.07.2021 15:48",
            "open": "4.805",
            "high": "4.805",
            "low": "4.805",
            "close": "4.8095"
        },
        {
            "time": "15.07.2021 15:49",
            "open": "4.8095",
            "high": "4.8095",
            "low": "4.8095",
            "close": "4.81"
        },
        {
            "time": "15.07.2021 15:50",
            "open": "4.81",
            "high": "4.81",
            "low": "4.8078",
            "close": "4.8079"
        },
        {
            "time": "15.07.2021 15:51",
            "open": "4.8079",
            "high": "4.815",
            "low": "4.8079",
            "close": "4.82"
        },
        {
            "time": "15.07.2021 15:54",
            "open": "4.82",
            "high": "4.82",
            "low": "4.82",
            "close": "4.825"
        },
        {
            "time": "15.07.2021 15:55",
            "open": "4.825",
            "high": "4.83",
            "low": "4.825",
            "close": "4.8202"
        },
        {
            "time": "15.07.2021 16:00",
            "open": "4.8202",
            "high": "4.8202",
            "low": "4.8201",
            "close": "4.8337"
        },
        {
            "time": "15.07.2021 16:04",
            "open": "4.8337",
            "high": "4.8337",
            "low": "4.8337",
            "close": "4.8337"
        },
        {
            "time": "15.07.2021 16:05",
            "open": "4.8337",
            "high": "4.835",
            "low": "4.8337",
            "close": "4.84"
        },
        {
            "time": "15.07.2021 16:08",
            "open": "4.84",
            "high": "4.85",
            "low": "4.84",
            "close": "4.855"
        },
        {
            "time": "15.07.2021 16:09",
            "open": "4.855",
            "high": "4.87",
            "low": "4.855",
            "close": "4.8725"
        },
        {
            "time": "15.07.2021 16:10",
            "open": "4.8725",
            "high": "4.875",
            "low": "4.8725",
            "close": "4.8712"
        },
        {
            "time": "15.07.2021 16:11",
            "open": "4.8599",
            "high": "4.8599",
            "low": "4.8599",
            "close": "4.855"
        },
        {
            "time": "15.07.2021 16:19",
            "open": "4.855",
            "high": "4.855",
            "low": "4.855",
            "close": "4.85"
        },
        {
            "time": "15.07.2021 16:21",
            "open": "4.85",
            "high": "4.85",
            "low": "4.845",
            "close": "4.84"
        },
        {
            "time": "15.07.2021 16:22",
            "open": "4.84",
            "high": "4.84",
            "low": "4.84",
            "close": "4.835"
        },
        {
            "time": "15.07.2021 16:25",
            "open": "4.835",
            "high": "4.835",
            "low": "4.8337",
            "close": "4.8337"
        },
        {
            "time": "15.07.2021 16:26",
            "open": "4.8337",
            "high": "4.8337",
            "low": "4.8337",
            "close": "4.8375"
        },
        {
            "time": "15.07.2021 16:27",
            "open": "4.8375",
            "high": "4.8375",
            "low": "4.83",
            "close": "4.8292"
        },
        {
            "time": "15.07.2021 16:30",
            "open": "4.8292",
            "high": "4.8292",
            "low": "4.8292",
            "close": "4.8267"
        },
        {
            "time": "15.07.2021 16:31",
            "open": "4.8267",
            "high": "4.8267",
            "low": "4.8251",
            "close": "4.825"
        },
        {
            "time": "15.07.2021 16:33",
            "open": "4.825",
            "high": "4.825",
            "low": "4.8095",
            "close": "4.83"
        },
        {
            "time": "15.07.2021 16:34",
            "open": "4.83",
            "high": "4.83",
            "low": "4.83",
            "close": "4.8337"
        },
        {
            "time": "15.07.2021 16:35",
            "open": "4.8337",
            "high": "4.835",
            "low": "4.8337",
            "close": "4.84"
        },
        {
            "time": "15.07.2021 16:36",
            "open": "4.84",
            "high": "4.84",
            "low": "4.84",
            "close": "4.845"
        },
        {
            "time": "15.07.2021 16:37",
            "open": "4.845",
            "high": "4.845",
            "low": "4.845",
            "close": "4.85"
        },
        {
            "time": "15.07.2021 16:39",
            "open": "4.85",
            "high": "4.858",
            "low": "4.85",
            "close": "4.858"
        },
        {
            "time": "15.07.2021 16:46",
            "open": "4.858",
            "high": "4.86",
            "low": "4.858",
            "close": "4.86"
        },
        {
            "time": "15.07.2021 16:47",
            "open": "4.86",
            "high": "4.86",
            "low": "4.86",
            "close": "4.86"
        },
        {
            "time": "15.07.2021 16:49",
            "open": "4.86",
            "high": "4.8628",
            "low": "4.86",
            "close": "4.8507"
        },
        {
            "time": "15.07.2021 16:50",
            "open": "4.8507",
            "high": "4.8507",
            "low": "4.8507",
            "close": "4.84"
        },
        {
            "time": "15.07.2021 17:00",
            "open": "4.84",
            "high": "4.84",
            "low": "4.8337",
            "close": "4.8456"
        },
        {
            "time": "15.07.2021 17:06",
            "open": "4.8456",
            "high": "4.8456",
            "low": "4.8456",
            "close": "4.83"
        },
        {
            "time": "15.07.2021 17:09",
            "open": "4.83",
            "high": "4.83",
            "low": "4.83",
            "close": "4.825"
        },
        {
            "time": "15.07.2021 17:15",
            "open": "4.825",
            "high": "4.8292",
            "low": "4.825",
            "close": "4.8356"
        },
        {
            "time": "15.07.2021 17:23",
            "open": "4.8356",
            "high": "4.8356",
            "low": "4.8356",
            "close": "4.8233"
        },
        {
            "time": "15.07.2021 17:27",
            "open": "4.8233",
            "high": "4.827",
            "low": "4.8233",
            "close": "4.82"
        },
        {
            "time": "15.07.2021 17:28",
            "open": "4.82",
            "high": "4.82",
            "low": "4.8151",
            "close": "4.815"
        },
        {
            "time": "15.07.2021 17:30",
            "open": "4.815",
            "high": "4.815",
            "low": "4.805",
            "close": "4.8001"
        },
        {
            "time": "15.07.2021 17:31",
            "open": "4.8001",
            "high": "4.8001",
            "low": "4.795",
            "close": "4.7901"
        },
        {
            "time": "15.07.2021 17:32",
            "open": "4.7901",
            "high": "4.7901",
            "low": "4.79",
            "close": "4.7855"
        },
        {
            "time": "15.07.2021 17:36",
            "open": "4.7855",
            "high": "4.7855",
            "low": "4.78",
            "close": "4.777"
        },
        {
            "time": "15.07.2021 17:37",
            "open": "4.777",
            "high": "4.7777",
            "low": "4.775",
            "close": "4.7723"
        },
        {
            "time": "15.07.2021 17:39",
            "open": "4.7723",
            "high": "4.7777",
            "low": "4.7674",
            "close": "4.7748"
        },
        {
            "time": "15.07.2021 17:40",
            "open": "4.7748",
            "high": "4.7748",
            "low": "4.7748",
            "close": "4.765"
        },
        {
            "time": "15.07.2021 17:43",
            "open": "4.765",
            "high": "4.765",
            "low": "4.7604",
            "close": "4.7601"
        },
        {
            "time": "15.07.2021 17:44",
            "open": "4.7601",
            "high": "4.7601",
            "low": "4.76",
            "close": "4.7616"
        },
        {
            "time": "15.07.2021 17:48",
            "open": "4.7616",
            "high": "4.7616",
            "low": "4.7616",
            "close": "4.7678"
        },
        {
            "time": "15.07.2021 17:49",
            "open": "4.7678",
            "high": "4.7678",
            "low": "4.7678",
            "close": "4.78"
        },
        {
            "time": "15.07.2021 17:51",
            "open": "4.78",
            "high": "4.78",
            "low": "4.78",
            "close": "4.7624"
        },
        {
            "time": "15.07.2021 17:55",
            "open": "4.7624",
            "high": "4.7624",
            "low": "4.7624",
            "close": "4.76"
        },
        {
            "time": "15.07.2021 17:56",
            "open": "4.76",
            "high": "4.76",
            "low": "4.76",
            "close": "4.7643"
        },
        {
            "time": "15.07.2021 17:57",
            "open": "4.7643",
            "high": "4.7643",
            "low": "4.7643",
            "close": "4.76"
        },
        {
            "time": "15.07.2021 17:59",
            "open": "4.76",
            "high": "4.76",
            "low": "4.76",
            "close": "4.755"
        },
        {
            "time": "15.07.2021 18:00",
            "open": "4.755",
            "high": "4.755",
            "low": "4.755",
            "close": "4.7551"
        },
        {
            "time": "15.07.2021 18:06",
            "open": "4.7551",
            "high": "4.7594",
            "low": "4.7546",
            "close": "4.7546"
        },
        {
            "time": "15.07.2021 18:07",
            "open": "4.7546",
            "high": "4.7546",
            "low": "4.7546",
            "close": "4.7546"
        },
        {
            "time": "15.07.2021 18:08",
            "open": "4.7546",
            "high": "4.7546",
            "low": "4.7546",
            "close": "4.75"
        },
        {
            "time": "15.07.2021 18:14",
            "open": "4.75",
            "high": "4.75",
            "low": "4.75",
            "close": "4.745"
        },
        {
            "time": "15.07.2021 18:15",
            "open": "4.745",
            "high": "4.745",
            "low": "4.7286",
            "close": "4.7286"
        },
        {
            "time": "15.07.2021 18:16",
            "open": "4.7286",
            "high": "4.73",
            "low": "4.7286",
            "close": "4.7229"
        },
        {
            "time": "15.07.2021 18:17",
            "open": "4.7229",
            "high": "4.7229",
            "low": "4.7229",
            "close": "4.7167"
        },
        {
            "time": "15.07.2021 18:20",
            "open": "4.7167",
            "high": "4.7167",
            "low": "4.7141",
            "close": "4.7141"
        },
        {
            "time": "15.07.2021 18:21",
            "open": "4.7141",
            "high": "4.7141",
            "low": "4.71",
            "close": "4.735"
        },
        {
            "time": "15.07.2021 18:24",
            "open": "4.735",
            "high": "4.735",
            "low": "4.735",
            "close": "4.7327"
        },
        {
            "time": "15.07.2021 18:25",
            "open": "4.7327",
            "high": "4.7327",
            "low": "4.7327",
            "close": "4.7326"
        },
        {
            "time": "15.07.2021 18:26",
            "open": "4.7326",
            "high": "4.7326",
            "low": "4.7326",
            "close": "4.7347"
        },
        {
            "time": "15.07.2021 18:27",
            "open": "4.7347",
            "high": "4.735",
            "low": "4.7347",
            "close": "4.735"
        },
        {
            "time": "15.07.2021 18:28",
            "open": "4.735",
            "high": "4.735",
            "low": "4.735",
            "close": "4.715"
        },
        {
            "time": "15.07.2021 18:31",
            "open": "4.715",
            "high": "4.715",
            "low": "4.715",
            "close": "4.71"
        },
        {
            "time": "15.07.2021 18:32",
            "open": "4.71",
            "high": "4.71",
            "low": "4.7086",
            "close": "4.7011"
        },
        {
            "time": "15.07.2021 18:33",
            "open": "4.7011",
            "high": "4.72",
            "low": "4.7007",
            "close": "4.725"
        },
        {
            "time": "15.07.2021 18:36",
            "open": "4.725",
            "high": "4.725",
            "low": "4.725",
            "close": "4.73"
        },
        {
            "time": "15.07.2021 18:37",
            "open": "4.73",
            "high": "4.73",
            "low": "4.73",
            "close": "4.7349"
        },
        {
            "time": "15.07.2021 18:38",
            "open": "4.7349",
            "high": "4.7349",
            "low": "4.7349",
            "close": "4.735"
        },
        {
            "time": "15.07.2021 18:40",
            "open": "4.735",
            "high": "4.735",
            "low": "4.735",
            "close": "4.735"
        },
        {
            "time": "15.07.2021 18:41",
            "open": "4.735",
            "high": "4.74",
            "low": "4.7348",
            "close": "4.745"
        },
        {
            "time": "15.07.2021 18:43",
            "open": "4.745",
            "high": "4.745",
            "low": "4.745",
            "close": "4.75"
        },
        {
            "time": "15.07.2021 18:44",
            "open": "4.75",
            "high": "4.755",
            "low": "4.75",
            "close": "4.76"
        },
        {
            "time": "15.07.2021 18:45",
            "open": "4.76",
            "high": "4.77",
            "low": "4.76",
            "close": "4.75"
        },
        {
            "time": "15.07.2021 18:47",
            "open": "4.75",
            "high": "4.75",
            "low": "4.75",
            "close": "4.75"
        },
        {
            "time": "15.07.2021 18:48",
            "open": "4.75",
            "high": "4.75",
            "low": "4.73",
            "close": "4.73"
        },
        {
            "time": "15.07.2021 18:49",
            "open": "4.73",
            "high": "4.73",
            "low": "4.725",
            "close": "4.725"
        },
        {
            "time": "15.07.2021 18:52",
            "open": "4.725",
            "high": "4.725",
            "low": "4.72",
            "close": "4.7243"
        },
        {
            "time": "15.07.2021 18:58",
            "open": "4.7243",
            "high": "4.7243",
            "low": "4.7243",
            "close": "4.73"
        },
        {
            "time": "15.07.2021 18:59",
            "open": "4.73",
            "high": "4.735",
            "low": "4.73",
            "close": "4.74"
        },
        {
            "time": "15.07.2021 19:00",
            "open": "4.74",
            "high": "4.745",
            "low": "4.7222",
            "close": "4.72"
        },
        {
            "time": "15.07.2021 19:04",
            "open": "4.72",
            "high": "4.72",
            "low": "4.7141",
            "close": "4.7141"
        },
        {
            "time": "15.07.2021 19:09",
            "open": "4.7141",
            "high": "4.7141",
            "low": "4.6827",
            "close": "4.68"
        },
        {
            "time": "15.07.2021 19:11",
            "open": "4.68",
            "high": "4.69",
            "low": "4.68",
            "close": "4.695"
        },
        {
            "time": "15.07.2021 19:12",
            "open": "4.695",
            "high": "4.7",
            "low": "4.695",
            "close": "4.705"
        },
        {
            "time": "15.07.2021 19:15",
            "open": "4.705",
            "high": "4.705",
            "low": "4.705",
            "close": "4.685"
        },
        {
            "time": "15.07.2021 19:18",
            "open": "4.685",
            "high": "4.685",
            "low": "4.68",
            "close": "4.68"
        },
        {
            "time": "15.07.2021 19:19",
            "open": "4.68",
            "high": "4.68",
            "low": "4.675",
            "close": "4.675"
        },
        {
            "time": "15.07.2021 19:20",
            "open": "4.675",
            "high": "4.675",
            "low": "4.6746",
            "close": "4.6888"
        },
        {
            "time": "15.07.2021 19:23",
            "open": "4.6888",
            "high": "4.6888",
            "low": "4.6888",
            "close": "4.695"
        },
        {
            "time": "15.07.2021 19:27",
            "open": "4.695",
            "high": "4.695",
            "low": "4.695",
            "close": "4.7"
        },
        {
            "time": "15.07.2021 19:29",
            "open": "4.7",
            "high": "4.7",
            "low": "4.7",
            "close": "4.705"
        },
        {
            "time": "15.07.2021 19:30",
            "open": "4.705",
            "high": "4.7184",
            "low": "4.705",
            "close": "4.72"
        },
        {
            "time": "15.07.2021 19:31",
            "open": "4.72",
            "high": "4.72",
            "low": "4.72",
            "close": "4.7"
        },
        {
            "time": "15.07.2021 19:35",
            "open": "4.7",
            "high": "4.7",
            "low": "4.6905",
            "close": "4.6905"
        },
        {
            "time": "15.07.2021 19:36",
            "open": "4.6905",
            "high": "4.6905",
            "low": "4.6751",
            "close": "4.675"
        },
        {
            "time": "15.07.2021 19:37",
            "open": "4.675",
            "high": "4.675",
            "low": "4.675",
            "close": "4.674"
        },
        {
            "time": "15.07.2021 19:41",
            "open": "4.674",
            "high": "4.674",
            "low": "4.67",
            "close": "4.667"
        },
        {
            "time": "15.07.2021 19:45",
            "open": "4.667",
            "high": "4.667",
            "low": "4.66",
            "close": "4.654"
        },
        {
            "time": "15.07.2021 19:46",
            "open": "4.654",
            "high": "4.66",
            "low": "4.654",
            "close": "4.665"
        },
        {
            "time": "15.07.2021 19:47",
            "open": "4.665",
            "high": "4.675",
            "low": "4.665",
            "close": "4.655"
        },
        {
            "time": "15.07.2021 19:50",
            "open": "4.655",
            "high": "4.655",
            "low": "4.655",
            "close": "4.655"
        },
        {
            "time": "15.07.2021 19:51",
            "open": "4.655",
            "high": "4.655",
            "low": "4.6437",
            "close": "4.64"
        },
        {
            "time": "15.07.2021 19:53",
            "open": "4.64",
            "high": "4.6408",
            "low": "4.64",
            "close": "4.6351"
        },
        {
            "time": "15.07.2021 19:55",
            "open": "4.6351",
            "high": "4.6351",
            "low": "4.63",
            "close": "4.635"
        },
        {
            "time": "15.07.2021 19:56",
            "open": "4.635",
            "high": "4.655",
            "low": "4.635",
            "close": "4.66"
        },
        {
            "time": "15.07.2021 20:00",
            "open": "4.66",
            "high": "4.66",
            "low": "4.66",
            "close": "4.665"
        },
        {
            "time": "15.07.2021 20:02",
            "open": "4.665",
            "high": "4.6695",
            "low": "4.665",
            "close": "4.67"
        },
        {
            "time": "15.07.2021 20:03",
            "open": "4.67",
            "high": "4.6778",
            "low": "4.67",
            "close": "4.68"
        },
        {
            "time": "15.07.2021 20:04",
            "open": "4.68",
            "high": "4.68",
            "low": "4.68",
            "close": "4.6799"
        },
        {
            "time": "15.07.2021 20:05",
            "open": "4.6799",
            "high": "4.6799",
            "low": "4.6799",
            "close": "4.68"
        },
        {
            "time": "15.07.2021 20:07",
            "open": "4.68",
            "high": "4.68",
            "low": "4.6799",
            "close": "4.6715"
        },
        {
            "time": "15.07.2021 20:13",
            "open": "4.6715",
            "high": "4.6751",
            "low": "4.6715",
            "close": "4.68"
        },
        {
            "time": "15.07.2021 20:19",
            "open": "4.68",
            "high": "4.68",
            "low": "4.68",
            "close": "4.6709"
        },
        {
            "time": "15.07.2021 20:24",
            "open": "4.6709",
            "high": "4.6786",
            "low": "4.6709",
            "close": "4.6786"
        },
        {
            "time": "15.07.2021 20:31",
            "open": "4.6786",
            "high": "4.6786",
            "low": "4.6786",
            "close": "4.685"
        },
        {
            "time": "15.07.2021 20:35",
            "open": "4.685",
            "high": "4.685",
            "low": "4.685",
            "close": "4.69"
        },
        {
            "time": "15.07.2021 20:40",
            "open": "4.69",
            "high": "4.6905",
            "low": "4.69",
            "close": "4.6925"
        },
        {
            "time": "15.07.2021 20:42",
            "open": "4.6926",
            "high": "4.6926",
            "low": "4.6926",
            "close": "4.6834"
        },
        {
            "time": "15.07.2021 20:46",
            "open": "4.6834",
            "high": "4.6834",
            "low": "4.6834",
            "close": "4.695"
        },
        {
            "time": "15.07.2021 20:51",
            "open": "4.695",
            "high": "4.695",
            "low": "4.695",
            "close": "4.6876"
        },
        {
            "time": "15.07.2021 20:55",
            "open": "4.6876",
            "high": "4.6876",
            "low": "4.6876",
            "close": "4.675"
        },
        {
            "time": "15.07.2021 21:01",
            "open": "4.675",
            "high": "4.675",
            "low": "4.675",
            "close": "4.67"
        },
        {
            "time": "15.07.2021 21:04",
            "open": "4.67",
            "high": "4.67",
            "low": "4.67",
            "close": "4.667"
        },
        {
            "time": "15.07.2021 21:07",
            "open": "4.667",
            "high": "4.667",
            "low": "4.667",
            "close": "4.665"
        },
        {
            "time": "15.07.2021 21:08",
            "open": "4.665",
            "high": "4.6688",
            "low": "4.665",
            "close": "4.66"
        },
        {
            "time": "15.07.2021 21:10",
            "open": "4.66",
            "high": "4.66",
            "low": "4.66",
            "close": "4.68"
        },
        {
            "time": "15.07.2021 21:17",
            "open": "4.68",
            "high": "4.685",
            "low": "4.68",
            "close": "4.69"
        },
        {
            "time": "15.07.2021 21:18",
            "open": "4.69",
            "high": "4.7",
            "low": "4.69",
            "close": "4.705"
        },
        {
            "time": "15.07.2021 21:19",
            "open": "4.705",
            "high": "4.7252",
            "low": "4.705",
            "close": "4.705"
        },
        {
            "time": "15.07.2021 21:21",
            "open": "4.705",
            "high": "4.705",
            "low": "4.705",
            "close": "4.7"
        },
        {
            "time": "15.07.2021 21:22",
            "open": "4.7",
            "high": "4.7",
            "low": "4.696",
            "close": "4.6972"
        },
        {
            "time": "15.07.2021 21:23",
            "open": "4.6972",
            "high": "4.6972",
            "low": "4.6972",
            "close": "4.696"
        },
        {
            "time": "15.07.2021 21:32",
            "open": "4.696",
            "high": "4.696",
            "low": "4.695",
            "close": "4.695"
        },
        {
            "time": "15.07.2021 21:33",
            "open": "4.695",
            "high": "4.6989",
            "low": "4.695",
            "close": "4.6905"
        },
        {
            "time": "15.07.2021 21:34",
            "open": "4.6905",
            "high": "4.6905",
            "low": "4.69",
            "close": "4.6911"
        },
        {
            "time": "15.07.2021 21:36",
            "open": "4.6911",
            "high": "4.6911",
            "low": "4.6911",
            "close": "4.685"
        },
        {
            "time": "15.07.2021 21:39",
            "open": "4.685",
            "high": "4.685",
            "low": "4.685",
            "close": "4.68"
        },
        {
            "time": "15.07.2021 21:42",
            "open": "4.68",
            "high": "4.68",
            "low": "4.68",
            "close": "4.6825"
        },
        {
            "time": "15.07.2021 21:45",
            "open": "4.6825",
            "high": "4.6825",
            "low": "4.6825",
            "close": "4.6825"
        },
        {
            "time": "15.07.2021 21:46",
            "open": "4.6825",
            "high": "4.6825",
            "low": "4.6825",
            "close": "4.6825"
        },
        {
            "time": "15.07.2021 21:48",
            "open": "4.6825",
            "high": "4.6825",
            "low": "4.6825",
            "close": "4.6944"
        },
        {
            "time": "15.07.2021 21:50",
            "open": "4.6944",
            "high": "4.6944",
            "low": "4.6944",
            "close": "4.705"
        },
        {
            "time": "15.07.2021 21:52",
            "open": "4.705",
            "high": "4.705",
            "low": "4.705",
            "close": "4.7032"
        },
        {
            "time": "15.07.2021 22:00",
            "open": "4.7032",
            "high": "4.7032",
            "low": "4.7032",
            "close": "4.71"
        },
        {
            "time": "15.07.2021 22:16",
            "open": "4.71",
            "high": "4.71",
            "low": "4.71",
            "close": "4.7141"
        },
        {
            "time": "15.07.2021 22:28",
            "open": "4.7141",
            "high": "4.715",
            "low": "4.7141",
            "close": "4.715"
        },
        {
            "time": "15.07.2021 22:29",
            "open": "4.715",
            "high": "4.72",
            "low": "4.715",
            "close": "4.7136"
        },
        {
            "time": "15.07.2021 22:37",
            "open": "4.7136",
            "high": "4.717",
            "low": "4.7136",
            "close": "4.7095"
        },
        {
            "time": "15.07.2021 22:40",
            "open": "4.7095",
            "high": "4.7095",
            "low": "4.7095",
            "close": "4.7061"
        },
        {
            "time": "15.07.2021 22:42",
            "open": "4.7061",
            "high": "4.7061",
            "low": "4.7061",
            "close": "4.7187"
        },
        {
            "time": "15.07.2021 22:49",
            "open": "4.7187",
            "high": "4.72",
            "low": "4.7187",
            "close": "4.7236"
        },
        {
            "time": "15.07.2021 22:50",
            "open": "4.7236",
            "high": "4.7236",
            "low": "4.7236",
            "close": "4.725"
        },
        {
            "time": "15.07.2021 22:53",
            "open": "4.725",
            "high": "4.725",
            "low": "4.725",
            "close": "4.7283"
        },
        {
            "time": "15.07.2021 22:54",
            "open": "4.7283",
            "high": "4.7331",
            "low": "4.7283",
            "close": "4.735"
        },
        {
            "time": "15.07.2021 22:57",
            "open": "4.735",
            "high": "4.7397",
            "low": "4.735",
            "close": "4.7303"
        },
        {
            "time": "15.07.2021 23:21",
            "open": "4.7303",
            "high": "4.7303",
            "low": "4.7251",
            "close": "4.7375"
        },
        {
            "time": "15.07.2021 23:22",
            "open": "4.7375",
            "high": "4.7585",
            "low": "4.7375",
            "close": "4.735"
        },
        {
            "time": "15.07.2021 23:27",
            "open": "4.735",
            "high": "4.735",
            "low": "4.735",
            "close": "4.7353"
        },
        {
            "time": "15.07.2021 23:31",
            "open": "4.7353",
            "high": "4.7353",
            "low": "4.7353",
            "close": "4.73"
        },
        {
            "time": "15.07.2021 23:33",
            "open": "4.73",
            "high": "4.73",
            "low": "4.73",
            "close": "4.725"
        },
        {
            "time": "15.07.2021 23:34",
            "open": "4.725",
            "high": "4.725",
            "low": "4.725",
            "close": "4.725"
        },
        {
            "time": "15.07.2021 23:36",
            "open": "4.725",
            "high": "4.725",
            "low": "4.725",
            "close": "4.7273"
        },
        {
            "time": "15.07.2021 23:37",
            "open": "4.7273",
            "high": "4.7311",
            "low": "4.7273",
            "close": "4.7205"
        },
        {
            "time": "15.07.2021 23:38",
            "open": "4.7205",
            "high": "4.7205",
            "low": "4.72",
            "close": "4.7164"
        },
        {
            "time": "15.07.2021 23:39",
            "open": "4.7164",
            "high": "4.7164",
            "low": "4.7164",
            "close": "4.7252"
        },
        {
            "time": "15.07.2021 23:40",
            "open": "4.7252",
            "high": "4.7252",
            "low": "4.7252",
            "close": "4.7157"
        },
        {
            "time": "15.07.2021 23:45",
            "open": "4.7157",
            "high": "4.7157",
            "low": "4.7141",
            "close": "4.71"
        },
        {
            "time": "15.07.2021 23:50",
            "open": "4.71",
            "high": "4.71",
            "low": "4.71",
            "close": "4.71"
        },
        {
            "time": "15.07.2021 23:51",
            "open": "4.71",
            "high": "4.71",
            "low": "4.71",
            "close": "4.705"
        },
        {
            "time": "15.07.2021 23:53",
            "open": "4.705",
            "high": "4.705",
            "low": "4.7034",
            "close": "4.7034"
        }
    ]
}