{
    "BAND-EUR": [
        {
            "time": "01.08.2021 23:59",
            "open": "5.4829",
            "high": "5.4829",
            "low": "5.4829",
            "close": "5.4733"
        },
        {
            "time": "02.08.2021 00:01",
            "open": "5.4733",
            "high": "5.4733",
            "low": "5.4733",
            "close": "5.4766"
        },
        {
            "time": "02.08.2021 00:02",
            "open": "5.4766",
            "high": "5.4844",
            "low": "5.4766",
            "close": "5.4861"
        },
        {
            "time": "02.08.2021 00:03",
            "open": "5.4861",
            "high": "5.4861",
            "low": "5.4861",
            "close": "5.4864"
        },
        {
            "time": "02.08.2021 00:04",
            "open": "5.4864",
            "high": "5.4864",
            "low": "5.4864",
            "close": "5.4853"
        },
        {
            "time": "02.08.2021 00:05",
            "open": "5.4853",
            "high": "5.4853",
            "low": "5.4853",
            "close": "5.4866"
        },
        {
            "time": "02.08.2021 00:06",
            "open": "5.4866",
            "high": "5.4866",
            "low": "5.4804",
            "close": "5.4942"
        },
        {
            "time": "02.08.2021 00:07",
            "open": "5.4942",
            "high": "5.4942",
            "low": "5.4942",
            "close": "5.4944"
        },
        {
            "time": "02.08.2021 00:08",
            "open": "5.4944",
            "high": "5.4944",
            "low": "5.4884",
            "close": "5.4946"
        },
        {
            "time": "02.08.2021 00:09",
            "open": "5.4946",
            "high": "5.4946",
            "low": "5.4946",
            "close": "5.4923"
        },
        {
            "time": "02.08.2021 00:11",
            "open": "5.4923",
            "high": "5.4923",
            "low": "5.4923",
            "close": "5.4682"
        },
        {
            "time": "02.08.2021 00:12",
            "open": "5.4682",
            "high": "5.4682",
            "low": "5.4682",
            "close": "5.4879"
        },
        {
            "time": "02.08.2021 00:13",
            "open": "5.4879",
            "high": "5.4879",
            "low": "5.4879",
            "close": "5.464"
        },
        {
            "time": "02.08.2021 00:20",
            "open": "5.464",
            "high": "5.464",
            "low": "5.464",
            "close": "5.4618"
        },
        {
            "time": "02.08.2021 00:21",
            "open": "5.4618",
            "high": "5.4618",
            "low": "5.4271",
            "close": "5.4162"
        },
        {
            "time": "02.08.2021 00:22",
            "open": "5.4162",
            "high": "5.4162",
            "low": "5.4",
            "close": "5.3875"
        },
        {
            "time": "02.08.2021 00:25",
            "open": "5.3875",
            "high": "5.3875",
            "low": "5.3824",
            "close": "5.3711"
        },
        {
            "time": "02.08.2021 00:28",
            "open": "5.3711",
            "high": "5.3711",
            "low": "5.3711",
            "close": "5.3557"
        },
        {
            "time": "02.08.2021 00:30",
            "open": "5.3557",
            "high": "5.3557",
            "low": "5.3273",
            "close": "5.3275"
        },
        {
            "time": "02.08.2021 00:31",
            "open": "5.3275",
            "high": "5.3425",
            "low": "5.3275",
            "close": "5.3431"
        },
        {
            "time": "02.08.2021 00:32",
            "open": "5.3431",
            "high": "5.3453",
            "low": "5.337",
            "close": "5.3399"
        },
        {
            "time": "02.08.2021 00:34",
            "open": "5.3399",
            "high": "5.3399",
            "low": "5.3361",
            "close": "5.3459"
        },
        {
            "time": "02.08.2021 00:35",
            "open": "5.3459",
            "high": "5.3468",
            "low": "5.3459",
            "close": "5.3233"
        },
        {
            "time": "02.08.2021 00:40",
            "open": "5.3233",
            "high": "5.3233",
            "low": "5.3233",
            "close": "5.3056"
        },
        {
            "time": "02.08.2021 00:42",
            "open": "5.3056",
            "high": "5.3056",
            "low": "5.3035",
            "close": "5.3035"
        },
        {
            "time": "02.08.2021 00:45",
            "open": "5.3035",
            "high": "5.3035",
            "low": "5.2996",
            "close": "5.2939"
        },
        {
            "time": "02.08.2021 00:46",
            "open": "5.2939",
            "high": "5.3066",
            "low": "5.2939",
            "close": "5.3177"
        },
        {
            "time": "02.08.2021 00:47",
            "open": "5.3177",
            "high": "5.3177",
            "low": "5.3177",
            "close": "5.3088"
        },
        {
            "time": "02.08.2021 00:48",
            "open": "5.3088",
            "high": "5.3088",
            "low": "5.3088",
            "close": "5.3213"
        },
        {
            "time": "02.08.2021 00:50",
            "open": "5.3213",
            "high": "5.3304",
            "low": "5.3213",
            "close": "5.3354"
        },
        {
            "time": "02.08.2021 00:51",
            "open": "5.3354",
            "high": "5.3369",
            "low": "5.33",
            "close": "5.3259"
        },
        {
            "time": "02.08.2021 00:52",
            "open": "5.3259",
            "high": "5.3259",
            "low": "5.3259",
            "close": "5.3257"
        },
        {
            "time": "02.08.2021 00:54",
            "open": "5.3257",
            "high": "5.3259",
            "low": "5.3257",
            "close": "5.313"
        },
        {
            "time": "02.08.2021 00:55",
            "open": "5.313",
            "high": "5.3136",
            "low": "5.313",
            "close": "5.3128"
        },
        {
            "time": "02.08.2021 00:59",
            "open": "5.3128",
            "high": "5.3128",
            "low": "5.3128",
            "close": "5.3004"
        },
        {
            "time": "02.08.2021 01:00",
            "open": "5.3004",
            "high": "5.3004",
            "low": "5.3",
            "close": "5.3041"
        },
        {
            "time": "02.08.2021 01:01",
            "open": "5.3041",
            "high": "5.312",
            "low": "5.3041",
            "close": "5.3214"
        },
        {
            "time": "02.08.2021 01:02",
            "open": "5.3214",
            "high": "5.3214",
            "low": "5.3214",
            "close": "5.3329"
        },
        {
            "time": "02.08.2021 01:03",
            "open": "5.3329",
            "high": "5.3403",
            "low": "5.3329",
            "close": "5.3335"
        },
        {
            "time": "02.08.2021 01:04",
            "open": "5.3335",
            "high": "5.336",
            "low": "5.3271",
            "close": "5.3345"
        },
        {
            "time": "02.08.2021 01:05",
            "open": "5.3345",
            "high": "5.3345",
            "low": "5.3345",
            "close": "5.3326"
        },
        {
            "time": "02.08.2021 01:06",
            "open": "5.3326",
            "high": "5.3429",
            "low": "5.3326",
            "close": "5.3278"
        },
        {
            "time": "02.08.2021 01:10",
            "open": "5.3278",
            "high": "5.3278",
            "low": "5.3278",
            "close": "5.3231"
        },
        {
            "time": "02.08.2021 01:13",
            "open": "5.3231",
            "high": "5.3262",
            "low": "5.3231",
            "close": "5.3266"
        },
        {
            "time": "02.08.2021 01:15",
            "open": "5.3266",
            "high": "5.3266",
            "low": "5.3266",
            "close": "5.3371"
        },
        {
            "time": "02.08.2021 01:17",
            "open": "5.3371",
            "high": "5.3371",
            "low": "5.3371",
            "close": "5.3213"
        },
        {
            "time": "02.08.2021 01:21",
            "open": "5.3213",
            "high": "5.3213",
            "low": "5.3213",
            "close": "5.2975"
        },
        {
            "time": "02.08.2021 01:24",
            "open": "5.2975",
            "high": "5.2975",
            "low": "5.285",
            "close": "5.28"
        },
        {
            "time": "02.08.2021 01:25",
            "open": "5.28",
            "high": "5.28",
            "low": "5.245",
            "close": "5.245"
        },
        {
            "time": "02.08.2021 01:26",
            "open": "5.245",
            "high": "5.245",
            "low": "5.2019",
            "close": "5.2194"
        },
        {
            "time": "02.08.2021 01:27",
            "open": "5.2194",
            "high": "5.2305",
            "low": "5.205",
            "close": "5.2105"
        },
        {
            "time": "02.08.2021 01:28",
            "open": "5.2105",
            "high": "5.2106",
            "low": "5.14",
            "close": "5.1408"
        },
        {
            "time": "02.08.2021 01:29",
            "open": "5.1408",
            "high": "5.1929",
            "low": "5.14",
            "close": "5.17"
        },
        {
            "time": "02.08.2021 01:30",
            "open": "5.17",
            "high": "5.19",
            "low": "5.17",
            "close": "5.165"
        },
        {
            "time": "02.08.2021 01:31",
            "open": "5.165",
            "high": "5.19",
            "low": "5.15",
            "close": "5.195"
        },
        {
            "time": "02.08.2021 01:32",
            "open": "5.195",
            "high": "5.1979",
            "low": "5.1863",
            "close": "5.1982"
        },
        {
            "time": "02.08.2021 01:33",
            "open": "5.1982",
            "high": "5.205",
            "low": "5.1922",
            "close": "5.21"
        },
        {
            "time": "02.08.2021 01:34",
            "open": "5.21",
            "high": "5.21",
            "low": "5.2042",
            "close": "5.2021"
        },
        {
            "time": "02.08.2021 01:35",
            "open": "5.2021",
            "high": "5.2021",
            "low": "5.19",
            "close": "5.1904"
        },
        {
            "time": "02.08.2021 01:36",
            "open": "5.1904",
            "high": "5.1966",
            "low": "5.1904",
            "close": "5.2051"
        },
        {
            "time": "02.08.2021 01:37",
            "open": "5.2051",
            "high": "5.2077",
            "low": "5.2051",
            "close": "5.185"
        },
        {
            "time": "02.08.2021 01:44",
            "open": "5.185",
            "high": "5.185",
            "low": "5.18",
            "close": "5.1884"
        },
        {
            "time": "02.08.2021 01:45",
            "open": "5.1884",
            "high": "5.1886",
            "low": "5.1884",
            "close": "5.1998"
        },
        {
            "time": "02.08.2021 01:47",
            "open": "5.1998",
            "high": "5.205",
            "low": "5.1998",
            "close": "5.21"
        },
        {
            "time": "02.08.2021 01:49",
            "open": "5.21",
            "high": "5.21",
            "low": "5.21",
            "close": "5.2096"
        },
        {
            "time": "02.08.2021 01:50",
            "open": "5.2096",
            "high": "5.2096",
            "low": "5.2093",
            "close": "5.215"
        },
        {
            "time": "02.08.2021 01:51",
            "open": "5.215",
            "high": "5.22",
            "low": "5.215",
            "close": "5.225"
        },
        {
            "time": "02.08.2021 01:52",
            "open": "5.225",
            "high": "5.225",
            "low": "5.225",
            "close": "5.2156"
        },
        {
            "time": "02.08.2021 01:53",
            "open": "5.2156",
            "high": "5.2156",
            "low": "5.2156",
            "close": "5.23"
        },
        {
            "time": "02.08.2021 01:54",
            "open": "5.23",
            "high": "5.235",
            "low": "5.23",
            "close": "5.2335"
        },
        {
            "time": "02.08.2021 01:55",
            "open": "5.2335",
            "high": "5.2335",
            "low": "5.2301",
            "close": "5.215"
        },
        {
            "time": "02.08.2021 01:58",
            "open": "5.215",
            "high": "5.215",
            "low": "5.215",
            "close": "5.215"
        },
        {
            "time": "02.08.2021 01:59",
            "open": "5.215",
            "high": "5.215",
            "low": "5.21",
            "close": "5.205"
        },
        {
            "time": "02.08.2021 02:00",
            "open": "5.205",
            "high": "5.205",
            "low": "5.205",
            "close": "5.2106"
        },
        {
            "time": "02.08.2021 02:01",
            "open": "5.2106",
            "high": "5.225",
            "low": "5.2106",
            "close": "5.23"
        },
        {
            "time": "02.08.2021 02:02",
            "open": "5.23",
            "high": "5.2399",
            "low": "5.2289",
            "close": "5.24"
        },
        {
            "time": "02.08.2021 02:03",
            "open": "5.24",
            "high": "5.24",
            "low": "5.24",
            "close": "5.245"
        },
        {
            "time": "02.08.2021 02:04",
            "open": "5.245",
            "high": "5.255",
            "low": "5.245",
            "close": "5.26"
        },
        {
            "time": "02.08.2021 02:05",
            "open": "5.26",
            "high": "5.2634",
            "low": "5.26",
            "close": "5.265"
        },
        {
            "time": "02.08.2021 02:06",
            "open": "5.265",
            "high": "5.265",
            "low": "5.2623",
            "close": "5.2563"
        },
        {
            "time": "02.08.2021 02:07",
            "open": "5.2563",
            "high": "5.2651",
            "low": "5.2563",
            "close": "5.2635"
        },
        {
            "time": "02.08.2021 02:08",
            "open": "5.2635",
            "high": "5.2635",
            "low": "5.2635",
            "close": "5.2692"
        },
        {
            "time": "02.08.2021 02:09",
            "open": "5.2692",
            "high": "5.2692",
            "low": "5.2692",
            "close": "5.2647"
        },
        {
            "time": "02.08.2021 02:11",
            "open": "5.2647",
            "high": "5.2647",
            "low": "5.2647",
            "close": "5.2601"
        },
        {
            "time": "02.08.2021 02:15",
            "open": "5.2601",
            "high": "5.2601",
            "low": "5.2551",
            "close": "5.27"
        },
        {
            "time": "02.08.2021 02:17",
            "open": "5.27",
            "high": "5.27",
            "low": "5.27",
            "close": "5.25"
        },
        {
            "time": "02.08.2021 02:20",
            "open": "5.25",
            "high": "5.25",
            "low": "5.25",
            "close": "5.2473"
        },
        {
            "time": "02.08.2021 02:21",
            "open": "5.2473",
            "high": "5.2473",
            "low": "5.2473",
            "close": "5.245"
        },
        {
            "time": "02.08.2021 02:24",
            "open": "5.245",
            "high": "5.245",
            "low": "5.225",
            "close": "5.2371"
        },
        {
            "time": "02.08.2021 02:27",
            "open": "5.2371",
            "high": "5.2371",
            "low": "5.2371",
            "close": "5.2239"
        },
        {
            "time": "02.08.2021 02:29",
            "open": "5.2239",
            "high": "5.2239",
            "low": "5.2239",
            "close": "5.22"
        },
        {
            "time": "02.08.2021 02:30",
            "open": "5.22",
            "high": "5.22",
            "low": "5.215",
            "close": "5.2198"
        },
        {
            "time": "02.08.2021 02:31",
            "open": "5.2198",
            "high": "5.2221",
            "low": "5.2198",
            "close": "5.21"
        },
        {
            "time": "02.08.2021 02:34",
            "open": "5.21",
            "high": "5.21",
            "low": "5.21",
            "close": "5.21"
        },
        {
            "time": "02.08.2021 02:36",
            "open": "5.21",
            "high": "5.21",
            "low": "5.1961",
            "close": "5.199"
        },
        {
            "time": "02.08.2021 02:37",
            "open": "5.199",
            "high": "5.199",
            "low": "5.19",
            "close": "5.1925"
        },
        {
            "time": "02.08.2021 02:38",
            "open": "5.1925",
            "high": "5.1925",
            "low": "5.185",
            "close": "5.18"
        },
        {
            "time": "02.08.2021 02:41",
            "open": "5.18",
            "high": "5.18",
            "low": "5.17",
            "close": "5.165"
        },
        {
            "time": "02.08.2021 02:42",
            "open": "5.165",
            "high": "5.165",
            "low": "5.1625",
            "close": "5.165"
        },
        {
            "time": "02.08.2021 02:43",
            "open": "5.165",
            "high": "5.165",
            "low": "5.155",
            "close": "5.175"
        },
        {
            "time": "02.08.2021 02:46",
            "open": "5.175",
            "high": "5.185",
            "low": "5.175",
            "close": "5.1884"
        },
        {
            "time": "02.08.2021 02:47",
            "open": "5.1884",
            "high": "5.1884",
            "low": "5.1884",
            "close": "5.1837"
        },
        {
            "time": "02.08.2021 02:49",
            "open": "5.1837",
            "high": "5.1837",
            "low": "5.16",
            "close": "5.155"
        },
        {
            "time": "02.08.2021 02:50",
            "open": "5.155",
            "high": "5.155",
            "low": "5.14",
            "close": "5.16"
        },
        {
            "time": "02.08.2021 02:51",
            "open": "5.16",
            "high": "5.165",
            "low": "5.16",
            "close": "5.1692"
        },
        {
            "time": "02.08.2021 02:52",
            "open": "5.1692",
            "high": "5.17",
            "low": "5.1692",
            "close": "5.175"
        },
        {
            "time": "02.08.2021 02:53",
            "open": "5.175",
            "high": "5.175",
            "low": "5.1649",
            "close": "5.1738"
        },
        {
            "time": "02.08.2021 02:55",
            "open": "5.1738",
            "high": "5.1738",
            "low": "5.1584",
            "close": "5.1705"
        },
        {
            "time": "02.08.2021 02:56",
            "open": "5.1705",
            "high": "5.1705",
            "low": "5.1525",
            "close": "5.1658"
        },
        {
            "time": "02.08.2021 02:57",
            "open": "5.1658",
            "high": "5.1671",
            "low": "5.1658",
            "close": "5.1516"
        },
        {
            "time": "02.08.2021 02:58",
            "open": "5.1516",
            "high": "5.1516",
            "low": "5.14",
            "close": "5.14"
        },
        {
            "time": "02.08.2021 03:01",
            "open": "5.14",
            "high": "5.14",
            "low": "5.13",
            "close": "5.1381"
        },
        {
            "time": "02.08.2021 03:02",
            "open": "5.1381",
            "high": "5.1395",
            "low": "5.137",
            "close": "5.1461"
        },
        {
            "time": "02.08.2021 03:03",
            "open": "5.1461",
            "high": "5.15",
            "low": "5.1461",
            "close": "5.155"
        },
        {
            "time": "02.08.2021 03:04",
            "open": "5.155",
            "high": "5.165",
            "low": "5.155",
            "close": "5.17"
        },
        {
            "time": "02.08.2021 03:05",
            "open": "5.17",
            "high": "5.17",
            "low": "5.17",
            "close": "5.175"
        },
        {
            "time": "02.08.2021 03:07",
            "open": "5.175",
            "high": "5.185",
            "low": "5.175",
            "close": "5.165"
        },
        {
            "time": "02.08.2021 03:13",
            "open": "5.165",
            "high": "5.165",
            "low": "5.165",
            "close": "5.165"
        },
        {
            "time": "02.08.2021 03:16",
            "open": "5.165",
            "high": "5.165",
            "low": "5.165",
            "close": "5.185"
        },
        {
            "time": "02.08.2021 03:17",
            "open": "5.185",
            "high": "5.185",
            "low": "5.185",
            "close": "5.165"
        },
        {
            "time": "02.08.2021 03:22",
            "open": "5.165",
            "high": "5.165",
            "low": "5.165",
            "close": "5.16"
        },
        {
            "time": "02.08.2021 03:23",
            "open": "5.16",
            "high": "5.16",
            "low": "5.16",
            "close": "5.1627"
        },
        {
            "time": "02.08.2021 03:25",
            "open": "5.1627",
            "high": "5.1627",
            "low": "5.16",
            "close": "5.155"
        },
        {
            "time": "02.08.2021 03:26",
            "open": "5.155",
            "high": "5.155",
            "low": "5.15",
            "close": "5.175"
        },
        {
            "time": "02.08.2021 03:30",
            "open": "5.175",
            "high": "5.1782",
            "low": "5.175",
            "close": "5.18"
        },
        {
            "time": "02.08.2021 03:31",
            "open": "5.18",
            "high": "5.185",
            "low": "5.18",
            "close": "5.19"
        },
        {
            "time": "02.08.2021 03:34",
            "open": "5.19",
            "high": "5.19",
            "low": "5.19",
            "close": "5.195"
        },
        {
            "time": "02.08.2021 03:35",
            "open": "5.195",
            "high": "5.195",
            "low": "5.195",
            "close": "5.2"
        },
        {
            "time": "02.08.2021 03:36",
            "open": "5.2",
            "high": "5.2",
            "low": "5.2",
            "close": "5.205"
        },
        {
            "time": "02.08.2021 03:46",
            "open": "5.205",
            "high": "5.205",
            "low": "5.205",
            "close": "5.185"
        },
        {
            "time": "02.08.2021 03:50",
            "open": "5.185",
            "high": "5.185",
            "low": "5.185",
            "close": "5.18"
        },
        {
            "time": "02.08.2021 03:54",
            "open": "5.18",
            "high": "5.18",
            "low": "5.165",
            "close": "5.165"
        },
        {
            "time": "02.08.2021 03:55",
            "open": "5.165",
            "high": "5.165",
            "low": "5.16",
            "close": "5.1614"
        },
        {
            "time": "02.08.2021 03:56",
            "open": "5.1614",
            "high": "5.1614",
            "low": "5.1614",
            "close": "5.18"
        },
        {
            "time": "02.08.2021 03:59",
            "open": "5.18",
            "high": "5.185",
            "low": "5.18",
            "close": "5.165"
        },
        {
            "time": "02.08.2021 04:00",
            "open": "5.165",
            "high": "5.165",
            "low": "5.165",
            "close": "5.185"
        },
        {
            "time": "02.08.2021 04:01",
            "open": "5.185",
            "high": "5.19",
            "low": "5.185",
            "close": "5.195"
        },
        {
            "time": "02.08.2021 04:04",
            "open": "5.195",
            "high": "5.1952",
            "low": "5.195",
            "close": "5.2"
        },
        {
            "time": "02.08.2021 04:05",
            "open": "5.2",
            "high": "5.205",
            "low": "5.2",
            "close": "5.21"
        },
        {
            "time": "02.08.2021 04:06",
            "open": "5.21",
            "high": "5.21",
            "low": "5.21",
            "close": "5.19"
        },
        {
            "time": "02.08.2021 04:13",
            "open": "5.19",
            "high": "5.19",
            "low": "5.185",
            "close": "5.185"
        },
        {
            "time": "02.08.2021 04:14",
            "open": "5.185",
            "high": "5.185",
            "low": "5.17",
            "close": "5.19"
        },
        {
            "time": "02.08.2021 04:17",
            "open": "5.19",
            "high": "5.19",
            "low": "5.19",
            "close": "5.195"
        },
        {
            "time": "02.08.2021 04:19",
            "open": "5.195",
            "high": "5.2",
            "low": "5.195",
            "close": "5.205"
        },
        {
            "time": "02.08.2021 04:24",
            "open": "5.205",
            "high": "5.21",
            "low": "5.205",
            "close": "5.1995"
        },
        {
            "time": "02.08.2021 04:30",
            "open": "5.1995",
            "high": "5.1995",
            "low": "5.1995",
            "close": "5.19"
        },
        {
            "time": "02.08.2021 04:31",
            "open": "5.19",
            "high": "5.19",
            "low": "5.19",
            "close": "5.21"
        },
        {
            "time": "02.08.2021 04:34",
            "open": "5.21",
            "high": "5.215",
            "low": "5.21",
            "close": "5.22"
        },
        {
            "time": "02.08.2021 04:35",
            "open": "5.22",
            "high": "5.235",
            "low": "5.22",
            "close": "5.24"
        },
        {
            "time": "02.08.2021 04:38",
            "open": "5.24",
            "high": "5.24",
            "low": "5.24",
            "close": "5.2315"
        },
        {
            "time": "02.08.2021 04:47",
            "open": "5.2315",
            "high": "5.2315",
            "low": "5.231",
            "close": "5.2417"
        },
        {
            "time": "02.08.2021 04:48",
            "open": "5.2417",
            "high": "5.2423",
            "low": "5.2417",
            "close": "5.245"
        },
        {
            "time": "02.08.2021 04:49",
            "open": "5.245",
            "high": "5.25",
            "low": "5.245",
            "close": "5.2484"
        },
        {
            "time": "02.08.2021 04:51",
            "open": "5.2484",
            "high": "5.2484",
            "low": "5.2484",
            "close": "5.2467"
        },
        {
            "time": "02.08.2021 04:52",
            "open": "5.2467",
            "high": "5.2489",
            "low": "5.2467",
            "close": "5.2526"
        },
        {
            "time": "02.08.2021 04:55",
            "open": "5.2526",
            "high": "5.2526",
            "low": "5.2526",
            "close": "5.2526"
        },
        {
            "time": "02.08.2021 04:56",
            "open": "5.2526",
            "high": "5.2526",
            "low": "5.2526",
            "close": "5.255"
        },
        {
            "time": "02.08.2021 04:58",
            "open": "5.255",
            "high": "5.255",
            "low": "5.255",
            "close": "5.2537"
        },
        {
            "time": "02.08.2021 04:59",
            "open": "5.2537",
            "high": "5.2537",
            "low": "5.2537",
            "close": "5.26"
        },
        {
            "time": "02.08.2021 05:01",
            "open": "5.26",
            "high": "5.26",
            "low": "5.26",
            "close": "5.265"
        },
        {
            "time": "02.08.2021 05:02",
            "open": "5.265",
            "high": "5.2659",
            "low": "5.265",
            "close": "5.2613"
        },
        {
            "time": "02.08.2021 05:08",
            "open": "5.2613",
            "high": "5.2613",
            "low": "5.2613",
            "close": "5.2699"
        },
        {
            "time": "02.08.2021 05:24",
            "open": "5.2699",
            "high": "5.2707",
            "low": "5.2699",
            "close": "5.2641"
        },
        {
            "time": "02.08.2021 05:45",
            "open": "5.2641",
            "high": "5.2644",
            "low": "5.2641",
            "close": "5.25"
        },
        {
            "time": "02.08.2021 05:54",
            "open": "5.25",
            "high": "5.25",
            "low": "5.25",
            "close": "5.2535"
        },
        {
            "time": "02.08.2021 06:00",
            "open": "5.2535",
            "high": "5.2535",
            "low": "5.2535",
            "close": "5.2593"
        },
        {
            "time": "02.08.2021 06:01",
            "open": "5.2593",
            "high": "5.2593",
            "low": "5.2593",
            "close": "5.245"
        },
        {
            "time": "02.08.2021 06:12",
            "open": "5.245",
            "high": "5.245",
            "low": "5.24",
            "close": "5.235"
        },
        {
            "time": "02.08.2021 06:13",
            "open": "5.235",
            "high": "5.235",
            "low": "5.2306",
            "close": "5.2469"
        },
        {
            "time": "02.08.2021 06:24",
            "open": "5.2469",
            "high": "5.2469",
            "low": "5.2469",
            "close": "5.255"
        },
        {
            "time": "02.08.2021 06:25",
            "open": "5.255",
            "high": "5.255",
            "low": "5.255",
            "close": "5.26"
        },
        {
            "time": "02.08.2021 06:26",
            "open": "5.26",
            "high": "5.29",
            "low": "5.26",
            "close": "5.2831"
        },
        {
            "time": "02.08.2021 06:27",
            "open": "5.2831",
            "high": "5.2831",
            "low": "5.2831",
            "close": "5.29"
        },
        {
            "time": "02.08.2021 06:28",
            "open": "5.29",
            "high": "5.29",
            "low": "5.2863",
            "close": "5.2768"
        },
        {
            "time": "02.08.2021 06:29",
            "open": "5.2768",
            "high": "5.2864",
            "low": "5.2768",
            "close": "5.2913"
        },
        {
            "time": "02.08.2021 06:31",
            "open": "5.2913",
            "high": "5.2913",
            "low": "5.2913",
            "close": "5.281"
        },
        {
            "time": "02.08.2021 06:35",
            "open": "5.281",
            "high": "5.281",
            "low": "5.281",
            "close": "5.27"
        },
        {
            "time": "02.08.2021 06:39",
            "open": "5.27",
            "high": "5.27",
            "low": "5.27",
            "close": "5.265"
        },
        {
            "time": "02.08.2021 06:40",
            "open": "5.265",
            "high": "5.265",
            "low": "5.26",
            "close": "5.2551"
        },
        {
            "time": "02.08.2021 06:45",
            "open": "5.2551",
            "high": "5.2551",
            "low": "5.245",
            "close": "5.27"
        },
        {
            "time": "02.08.2021 06:46",
            "open": "5.27",
            "high": "5.27",
            "low": "5.27",
            "close": "5.275"
        },
        {
            "time": "02.08.2021 06:47",
            "open": "5.275",
            "high": "5.275",
            "low": "5.275",
            "close": "5.2637"
        },
        {
            "time": "02.08.2021 06:48",
            "open": "5.2637",
            "high": "5.2637",
            "low": "5.2637",
            "close": "5.255"
        },
        {
            "time": "02.08.2021 06:49",
            "open": "5.255",
            "high": "5.255",
            "low": "5.255",
            "close": "5.25"
        },
        {
            "time": "02.08.2021 06:50",
            "open": "5.25",
            "high": "5.25",
            "low": "5.25",
            "close": "5.2473"
        },
        {
            "time": "02.08.2021 06:52",
            "open": "5.2473",
            "high": "5.2473",
            "low": "5.24",
            "close": "5.24"
        },
        {
            "time": "02.08.2021 06:53",
            "open": "5.24",
            "high": "5.24",
            "low": "5.2399",
            "close": "5.238"
        },
        {
            "time": "02.08.2021 06:59",
            "open": "5.238",
            "high": "5.238",
            "low": "5.235",
            "close": "5.23"
        },
        {
            "time": "02.08.2021 07:00",
            "open": "5.23",
            "high": "5.23",
            "low": "5.23",
            "close": "5.25"
        },
        {
            "time": "02.08.2021 07:01",
            "open": "5.25",
            "high": "5.255",
            "low": "5.25",
            "close": "5.26"
        },
        {
            "time": "02.08.2021 07:03",
            "open": "5.26",
            "high": "5.265",
            "low": "5.26",
            "close": "5.27"
        },
        {
            "time": "02.08.2021 07:07",
            "open": "5.27",
            "high": "5.27",
            "low": "5.27",
            "close": "5.2652"
        },
        {
            "time": "02.08.2021 07:08",
            "open": "5.2652",
            "high": "5.2652",
            "low": "5.2652",
            "close": "5.2552"
        },
        {
            "time": "02.08.2021 07:14",
            "open": "5.2552",
            "high": "5.2552",
            "low": "5.235",
            "close": "5.2521"
        },
        {
            "time": "02.08.2021 07:27",
            "open": "5.2521",
            "high": "5.2521",
            "low": "5.2521",
            "close": "5.255"
        },
        {
            "time": "02.08.2021 07:30",
            "open": "5.255",
            "high": "5.255",
            "low": "5.255",
            "close": "5.26"
        },
        {
            "time": "02.08.2021 07:31",
            "open": "5.26",
            "high": "5.265",
            "low": "5.2589",
            "close": "5.2518"
        },
        {
            "time": "02.08.2021 07:32",
            "open": "5.2518",
            "high": "5.2518",
            "low": "5.2437",
            "close": "5.24"
        },
        {
            "time": "02.08.2021 07:34",
            "open": "5.24",
            "high": "5.26",
            "low": "5.24",
            "close": "5.2594"
        },
        {
            "time": "02.08.2021 07:36",
            "open": "5.2594",
            "high": "5.2594",
            "low": "5.2541",
            "close": "5.2615"
        },
        {
            "time": "02.08.2021 07:42",
            "open": "5.2615",
            "high": "5.2615",
            "low": "5.2615",
            "close": "5.2579"
        },
        {
            "time": "02.08.2021 07:43",
            "open": "5.2579",
            "high": "5.2579",
            "low": "5.2579",
            "close": "5.2648"
        },
        {
            "time": "02.08.2021 07:44",
            "open": "5.2648",
            "high": "5.2648",
            "low": "5.2648",
            "close": "5.265"
        },
        {
            "time": "02.08.2021 07:45",
            "open": "5.265",
            "high": "5.2687",
            "low": "5.265",
            "close": "5.2551"
        },
        {
            "time": "02.08.2021 08:01",
            "open": "5.2551",
            "high": "5.257",
            "low": "5.2551",
            "close": "5.27"
        },
        {
            "time": "02.08.2021 08:03",
            "open": "5.27",
            "high": "5.275",
            "low": "5.27",
            "close": "5.255"
        },
        {
            "time": "02.08.2021 08:05",
            "open": "5.255",
            "high": "5.255",
            "low": "5.2542",
            "close": "5.2522"
        },
        {
            "time": "02.08.2021 08:06",
            "open": "5.2522",
            "high": "5.2522",
            "low": "5.2521",
            "close": "5.25"
        },
        {
            "time": "02.08.2021 08:07",
            "open": "5.25",
            "high": "5.25",
            "low": "5.25",
            "close": "5.25"
        },
        {
            "time": "02.08.2021 08:11",
            "open": "5.25",
            "high": "5.25",
            "low": "5.245",
            "close": "5.245"
        },
        {
            "time": "02.08.2021 08:13",
            "open": "5.245",
            "high": "5.245",
            "low": "5.245",
            "close": "5.2574"
        },
        {
            "time": "02.08.2021 08:16",
            "open": "5.2574",
            "high": "5.2575",
            "low": "5.2574",
            "close": "5.2628"
        },
        {
            "time": "02.08.2021 08:17",
            "open": "5.2628",
            "high": "5.2628",
            "low": "5.2628",
            "close": "5.2564"
        },
        {
            "time": "02.08.2021 08:18",
            "open": "5.2564",
            "high": "5.2564",
            "low": "5.2564",
            "close": "5.26"
        },
        {
            "time": "02.08.2021 08:19",
            "open": "5.26",
            "high": "5.2643",
            "low": "5.2541",
            "close": "5.27"
        },
        {
            "time": "02.08.2021 08:22",
            "open": "5.27",
            "high": "5.27",
            "low": "5.27",
            "close": "5.2676"
        },
        {
            "time": "02.08.2021 08:23",
            "open": "5.2676",
            "high": "5.2676",
            "low": "5.2676",
            "close": "5.275"
        },
        {
            "time": "02.08.2021 08:25",
            "open": "5.275",
            "high": "5.275",
            "low": "5.275",
            "close": "5.28"
        },
        {
            "time": "02.08.2021 08:26",
            "open": "5.28",
            "high": "5.28",
            "low": "5.28",
            "close": "5.2807"
        },
        {
            "time": "02.08.2021 08:27",
            "open": "5.2807",
            "high": "5.2807",
            "low": "5.2807",
            "close": "5.2759"
        },
        {
            "time": "02.08.2021 08:29",
            "open": "5.2759",
            "high": "5.285",
            "low": "5.2759",
            "close": "5.29"
        },
        {
            "time": "02.08.2021 08:30",
            "open": "5.29",
            "high": "5.29",
            "low": "5.2832",
            "close": "5.27"
        },
        {
            "time": "02.08.2021 08:31",
            "open": "5.27",
            "high": "5.27",
            "low": "5.27",
            "close": "5.27"
        },
        {
            "time": "02.08.2021 08:32",
            "open": "5.27",
            "high": "5.27",
            "low": "5.265",
            "close": "5.29"
        },
        {
            "time": "02.08.2021 08:34",
            "open": "5.29",
            "high": "5.2999",
            "low": "5.29",
            "close": "5.2996"
        },
        {
            "time": "02.08.2021 08:37",
            "open": "5.2996",
            "high": "5.3",
            "low": "5.2996",
            "close": "5.3044"
        },
        {
            "time": "02.08.2021 08:40",
            "open": "5.3044",
            "high": "5.309",
            "low": "5.3044",
            "close": "5.3291"
        },
        {
            "time": "02.08.2021 08:41",
            "open": "5.3291",
            "high": "5.3291",
            "low": "5.3291",
            "close": "5.3291"
        },
        {
            "time": "02.08.2021 08:42",
            "open": "5.3291",
            "high": "5.3443",
            "low": "5.3291",
            "close": "5.3462"
        },
        {
            "time": "02.08.2021 08:43",
            "open": "5.3462",
            "high": "5.3489",
            "low": "5.3462",
            "close": "5.35"
        },
        {
            "time": "02.08.2021 08:44",
            "open": "5.35",
            "high": "5.3516",
            "low": "5.35",
            "close": "5.3567"
        },
        {
            "time": "02.08.2021 08:46",
            "open": "5.3567",
            "high": "5.3567",
            "low": "5.3567",
            "close": "5.3659"
        },
        {
            "time": "02.08.2021 08:49",
            "open": "5.3659",
            "high": "5.3659",
            "low": "5.3659",
            "close": "5.3733"
        },
        {
            "time": "02.08.2021 08:50",
            "open": "5.3733",
            "high": "5.3733",
            "low": "5.3733",
            "close": "5.3678"
        },
        {
            "time": "02.08.2021 08:51",
            "open": "5.3678",
            "high": "5.3678",
            "low": "5.3678",
            "close": "5.3712"
        },
        {
            "time": "02.08.2021 08:52",
            "open": "5.3712",
            "high": "5.3712",
            "low": "5.3692",
            "close": "5.3584"
        },
        {
            "time": "02.08.2021 08:55",
            "open": "5.3584",
            "high": "5.3584",
            "low": "5.3583",
            "close": "5.3721"
        },
        {
            "time": "02.08.2021 08:56",
            "open": "5.3721",
            "high": "5.3721",
            "low": "5.3699",
            "close": "5.3671"
        },
        {
            "time": "02.08.2021 09:00",
            "open": "5.3671",
            "high": "5.3671",
            "low": "5.3671",
            "close": "5.3593"
        },
        {
            "time": "02.08.2021 09:02",
            "open": "5.3593",
            "high": "5.3593",
            "low": "5.3593",
            "close": "5.3733"
        },
        {
            "time": "02.08.2021 09:04",
            "open": "5.3733",
            "high": "5.3733",
            "low": "5.3733",
            "close": "5.3745"
        },
        {
            "time": "02.08.2021 09:06",
            "open": "5.3745",
            "high": "5.379",
            "low": "5.3745",
            "close": "5.39"
        },
        {
            "time": "02.08.2021 09:08",
            "open": "5.39",
            "high": "5.4059",
            "low": "5.3824",
            "close": "5.3901"
        },
        {
            "time": "02.08.2021 09:09",
            "open": "5.3901",
            "high": "5.3901",
            "low": "5.3789",
            "close": "5.3909"
        },
        {
            "time": "02.08.2021 09:12",
            "open": "5.3909",
            "high": "5.3909",
            "low": "5.3909",
            "close": "5.3897"
        },
        {
            "time": "02.08.2021 09:15",
            "open": "5.3897",
            "high": "5.3897",
            "low": "5.3897",
            "close": "5.3738"
        },
        {
            "time": "02.08.2021 09:17",
            "open": "5.3738",
            "high": "5.3738",
            "low": "5.3738",
            "close": "5.3583"
        },
        {
            "time": "02.08.2021 09:31",
            "open": "5.3583",
            "high": "5.3583",
            "low": "5.3583",
            "close": "5.3321"
        },
        {
            "time": "02.08.2021 09:52",
            "open": "5.3321",
            "high": "5.3321",
            "low": "5.3321",
            "close": "5.3381"
        },
        {
            "time": "02.08.2021 09:53",
            "open": "5.3381",
            "high": "5.3381",
            "low": "5.3381",
            "close": "5.3286"
        },
        {
            "time": "02.08.2021 09:55",
            "open": "5.3286",
            "high": "5.3286",
            "low": "5.3286",
            "close": "5.33"
        },
        {
            "time": "02.08.2021 10:06",
            "open": "5.33",
            "high": "5.33",
            "low": "5.33",
            "close": "5.3078"
        },
        {
            "time": "02.08.2021 10:10",
            "open": "5.3078",
            "high": "5.3078",
            "low": "5.2997",
            "close": "5.2897"
        },
        {
            "time": "02.08.2021 10:23",
            "open": "5.2897",
            "high": "5.2897",
            "low": "5.2897",
            "close": "5.2869"
        },
        {
            "time": "02.08.2021 10:26",
            "open": "5.2869",
            "high": "5.2869",
            "low": "5.2869",
            "close": "5.28"
        },
        {
            "time": "02.08.2021 10:27",
            "open": "5.28",
            "high": "5.28",
            "low": "5.27",
            "close": "5.27"
        },
        {
            "time": "02.08.2021 10:28",
            "open": "5.27",
            "high": "5.27",
            "low": "5.265",
            "close": "5.26"
        },
        {
            "time": "02.08.2021 10:29",
            "open": "5.26",
            "high": "5.26",
            "low": "5.2423",
            "close": "5.265"
        },
        {
            "time": "02.08.2021 10:31",
            "open": "5.265",
            "high": "5.275",
            "low": "5.265",
            "close": "5.2648"
        },
        {
            "time": "02.08.2021 10:32",
            "open": "5.2648",
            "high": "5.2648",
            "low": "5.2648",
            "close": "5.2675"
        },
        {
            "time": "02.08.2021 10:33",
            "open": "5.2675",
            "high": "5.2675",
            "low": "5.255",
            "close": "5.255"
        },
        {
            "time": "02.08.2021 10:35",
            "open": "5.255",
            "high": "5.255",
            "low": "5.25",
            "close": "5.25"
        },
        {
            "time": "02.08.2021 10:36",
            "open": "5.25",
            "high": "5.25",
            "low": "5.245",
            "close": "5.245"
        },
        {
            "time": "02.08.2021 10:37",
            "open": "5.245",
            "high": "5.245",
            "low": "5.24",
            "close": "5.2404"
        },
        {
            "time": "02.08.2021 10:38",
            "open": "5.2404",
            "high": "5.2404",
            "low": "5.23",
            "close": "5.2492"
        },
        {
            "time": "02.08.2021 10:39",
            "open": "5.2492",
            "high": "5.26",
            "low": "5.2492",
            "close": "5.2574"
        },
        {
            "time": "02.08.2021 10:40",
            "open": "5.2574",
            "high": "5.2574",
            "low": "5.2574",
            "close": "5.2539"
        },
        {
            "time": "02.08.2021 10:42",
            "open": "5.2539",
            "high": "5.2539",
            "low": "5.2539",
            "close": "5.2626"
        },
        {
            "time": "02.08.2021 10:45",
            "open": "5.2626",
            "high": "5.2647",
            "low": "5.2623",
            "close": "5.265"
        },
        {
            "time": "02.08.2021 10:46",
            "open": "5.265",
            "high": "5.2683",
            "low": "5.265",
            "close": "5.2634"
        },
        {
            "time": "02.08.2021 10:51",
            "open": "5.2634",
            "high": "5.2635",
            "low": "5.2634",
            "close": "5.2591"
        },
        {
            "time": "02.08.2021 10:55",
            "open": "5.2591",
            "high": "5.2591",
            "low": "5.2591",
            "close": "5.245"
        },
        {
            "time": "02.08.2021 10:56",
            "open": "5.245",
            "high": "5.245",
            "low": "5.245",
            "close": "5.24"
        },
        {
            "time": "02.08.2021 10:57",
            "open": "5.24",
            "high": "5.24",
            "low": "5.24",
            "close": "5.2365"
        },
        {
            "time": "02.08.2021 11:03",
            "open": "5.2365",
            "high": "5.2365",
            "low": "5.2365",
            "close": "5.235"
        },
        {
            "time": "02.08.2021 11:04",
            "open": "5.235",
            "high": "5.235",
            "low": "5.235",
            "close": "5.235"
        },
        {
            "time": "02.08.2021 11:05",
            "open": "5.235",
            "high": "5.235",
            "low": "5.2291",
            "close": "5.2291"
        },
        {
            "time": "02.08.2021 11:06",
            "open": "5.2291",
            "high": "5.2291",
            "low": "5.225",
            "close": "5.2443"
        },
        {
            "time": "02.08.2021 11:13",
            "open": "5.2443",
            "high": "5.2443",
            "low": "5.2443",
            "close": "5.25"
        },
        {
            "time": "02.08.2021 11:15",
            "open": "5.25",
            "high": "5.255",
            "low": "5.25",
            "close": "5.26"
        },
        {
            "time": "02.08.2021 11:16",
            "open": "5.26",
            "high": "5.265",
            "low": "5.26",
            "close": "5.27"
        },
        {
            "time": "02.08.2021 11:17",
            "open": "5.27",
            "high": "5.28",
            "low": "5.27",
            "close": "5.2828"
        },
        {
            "time": "02.08.2021 11:20",
            "open": "5.2828",
            "high": "5.2828",
            "low": "5.2828",
            "close": "5.2759"
        },
        {
            "time": "02.08.2021 11:21",
            "open": "5.2759",
            "high": "5.2759",
            "low": "5.2759",
            "close": "5.285"
        },
        {
            "time": "02.08.2021 11:22",
            "open": "5.285",
            "high": "5.285",
            "low": "5.285",
            "close": "5.2787"
        },
        {
            "time": "02.08.2021 11:23",
            "open": "5.2787",
            "high": "5.29",
            "low": "5.2787",
            "close": "5.2857"
        },
        {
            "time": "02.08.2021 11:24",
            "open": "5.2857",
            "high": "5.295",
            "low": "5.2857",
            "close": "5.2825"
        },
        {
            "time": "02.08.2021 11:27",
            "open": "5.2825",
            "high": "5.2825",
            "low": "5.2751",
            "close": "5.275"
        },
        {
            "time": "02.08.2021 11:34",
            "open": "5.275",
            "high": "5.275",
            "low": "5.275",
            "close": "5.27"
        },
        {
            "time": "02.08.2021 11:35",
            "open": "5.27",
            "high": "5.27",
            "low": "5.27",
            "close": "5.265"
        },
        {
            "time": "02.08.2021 11:45",
            "open": "5.265",
            "high": "5.265",
            "low": "5.265",
            "close": "5.282"
        },
        {
            "time": "02.08.2021 11:49",
            "open": "5.282",
            "high": "5.2825",
            "low": "5.282",
            "close": "5.29"
        },
        {
            "time": "02.08.2021 11:52",
            "open": "5.29",
            "high": "5.29",
            "low": "5.29",
            "close": "5.295"
        },
        {
            "time": "02.08.2021 11:53",
            "open": "5.295",
            "high": "5.295",
            "low": "5.295",
            "close": "5.3"
        },
        {
            "time": "02.08.2021 11:55",
            "open": "5.3",
            "high": "5.3",
            "low": "5.3",
            "close": "5.28"
        },
        {
            "time": "02.08.2021 11:58",
            "open": "5.28",
            "high": "5.28",
            "low": "5.28",
            "close": "5.28"
        },
        {
            "time": "02.08.2021 12:02",
            "open": "5.28",
            "high": "5.28",
            "low": "5.275",
            "close": "5.2857"
        },
        {
            "time": "02.08.2021 12:12",
            "open": "5.2857",
            "high": "5.315",
            "low": "5.2857",
            "close": "5.3081"
        },
        {
            "time": "02.08.2021 12:17",
            "open": "5.3081",
            "high": "5.3081",
            "low": "5.3081",
            "close": "5.3011"
        },
        {
            "time": "02.08.2021 12:18",
            "open": "5.3011",
            "high": "5.3011",
            "low": "5.295",
            "close": "5.3088"
        },
        {
            "time": "02.08.2021 12:31",
            "open": "5.3088",
            "high": "5.3237",
            "low": "5.3087",
            "close": "5.3249"
        },
        {
            "time": "02.08.2021 12:32",
            "open": "5.3249",
            "high": "5.3249",
            "low": "5.3233",
            "close": "5.3"
        },
        {
            "time": "02.08.2021 12:34",
            "open": "5.3",
            "high": "5.3",
            "low": "5.29",
            "close": "5.29"
        },
        {
            "time": "02.08.2021 12:35",
            "open": "5.29",
            "high": "5.29",
            "low": "5.29",
            "close": "5.3054"
        },
        {
            "time": "02.08.2021 12:36",
            "open": "5.3054",
            "high": "5.3063",
            "low": "5.3054",
            "close": "5.2884"
        },
        {
            "time": "02.08.2021 12:38",
            "open": "5.2884",
            "high": "5.2884",
            "low": "5.2884",
            "close": "5.285"
        },
        {
            "time": "02.08.2021 12:39",
            "open": "5.285",
            "high": "5.285",
            "low": "5.285",
            "close": "5.2915"
        },
        {
            "time": "02.08.2021 12:40",
            "open": "5.2915",
            "high": "5.2915",
            "low": "5.2915",
            "close": "5.2912"
        },
        {
            "time": "02.08.2021 12:44",
            "open": "5.2912",
            "high": "5.2912",
            "low": "5.2912",
            "close": "5.2983"
        },
        {
            "time": "02.08.2021 12:48",
            "open": "5.2983",
            "high": "5.2983",
            "low": "5.2983",
            "close": "5.2991"
        },
        {
            "time": "02.08.2021 12:53",
            "open": "5.2991",
            "high": "5.2991",
            "low": "5.2991",
            "close": "5.2991"
        },
        {
            "time": "02.08.2021 12:55",
            "open": "5.2991",
            "high": "5.2991",
            "low": "5.2991",
            "close": "5.285"
        },
        {
            "time": "02.08.2021 13:04",
            "open": "5.285",
            "high": "5.285",
            "low": "5.27",
            "close": "5.27"
        },
        {
            "time": "02.08.2021 13:06",
            "open": "5.27",
            "high": "5.27",
            "low": "5.27",
            "close": "5.265"
        },
        {
            "time": "02.08.2021 13:07",
            "open": "5.265",
            "high": "5.265",
            "low": "5.26",
            "close": "5.255"
        },
        {
            "time": "02.08.2021 13:08",
            "open": "5.255",
            "high": "5.255",
            "low": "5.255",
            "close": "5.255"
        },
        {
            "time": "02.08.2021 13:09",
            "open": "5.255",
            "high": "5.255",
            "low": "5.255",
            "close": "5.2549"
        },
        {
            "time": "02.08.2021 13:10",
            "open": "5.2549",
            "high": "5.2549",
            "low": "5.2549",
            "close": "5.2709"
        },
        {
            "time": "02.08.2021 13:14",
            "open": "5.2709",
            "high": "5.2709",
            "low": "5.2709",
            "close": "5.272"
        },
        {
            "time": "02.08.2021 13:18",
            "open": "5.272",
            "high": "5.272",
            "low": "5.272",
            "close": "5.272"
        },
        {
            "time": "02.08.2021 13:19",
            "open": "5.272",
            "high": "5.275",
            "low": "5.272",
            "close": "5.28"
        },
        {
            "time": "02.08.2021 13:20",
            "open": "5.28",
            "high": "5.285",
            "low": "5.28",
            "close": "5.29"
        },
        {
            "time": "02.08.2021 13:22",
            "open": "5.29",
            "high": "5.295",
            "low": "5.29",
            "close": "5.2864"
        },
        {
            "time": "02.08.2021 13:26",
            "open": "5.2864",
            "high": "5.2864",
            "low": "5.2864",
            "close": "5.275"
        },
        {
            "time": "02.08.2021 13:38",
            "open": "5.275",
            "high": "5.275",
            "low": "5.275",
            "close": "5.27"
        },
        {
            "time": "02.08.2021 13:41",
            "open": "5.27",
            "high": "5.27",
            "low": "5.265",
            "close": "5.265"
        },
        {
            "time": "02.08.2021 13:49",
            "open": "5.265",
            "high": "5.265",
            "low": "5.265",
            "close": "5.2753"
        },
        {
            "time": "02.08.2021 13:52",
            "open": "5.2753",
            "high": "5.2753",
            "low": "5.2753",
            "close": "5.2814"
        },
        {
            "time": "02.08.2021 13:58",
            "open": "5.2814",
            "high": "5.2814",
            "low": "5.2814",
            "close": "5.2646"
        },
        {
            "time": "02.08.2021 13:59",
            "open": "5.2646",
            "high": "5.2646",
            "low": "5.2646",
            "close": "5.285"
        },
        {
            "time": "02.08.2021 14:00",
            "open": "5.285",
            "high": "5.285",
            "low": "5.285",
            "close": "5.2737"
        },
        {
            "time": "02.08.2021 14:01",
            "open": "5.2737",
            "high": "5.2737",
            "low": "5.2737",
            "close": "5.29"
        },
        {
            "time": "02.08.2021 14:04",
            "open": "5.29",
            "high": "5.3",
            "low": "5.29",
            "close": "5.305"
        },
        {
            "time": "02.08.2021 14:05",
            "open": "5.305",
            "high": "5.31",
            "low": "5.305",
            "close": "5.29"
        },
        {
            "time": "02.08.2021 14:08",
            "open": "5.29",
            "high": "5.29",
            "low": "5.285",
            "close": "5.285"
        },
        {
            "time": "02.08.2021 14:09",
            "open": "5.285",
            "high": "5.285",
            "low": "5.27",
            "close": "5.27"
        },
        {
            "time": "02.08.2021 14:10",
            "open": "5.27",
            "high": "5.27",
            "low": "5.27",
            "close": "5.265"
        },
        {
            "time": "02.08.2021 14:11",
            "open": "5.265",
            "high": "5.2686",
            "low": "5.265",
            "close": "5.26"
        },
        {
            "time": "02.08.2021 14:12",
            "open": "5.26",
            "high": "5.26",
            "low": "5.245",
            "close": "5.245"
        },
        {
            "time": "02.08.2021 14:13",
            "open": "5.245",
            "high": "5.245",
            "low": "5.23",
            "close": "5.225"
        },
        {
            "time": "02.08.2021 14:14",
            "open": "5.225",
            "high": "5.225",
            "low": "5.215",
            "close": "5.215"
        },
        {
            "time": "02.08.2021 14:15",
            "open": "5.215",
            "high": "5.2243",
            "low": "5.21",
            "close": "5.23"
        },
        {
            "time": "02.08.2021 14:16",
            "open": "5.23",
            "high": "5.235",
            "low": "5.23",
            "close": "5.215"
        },
        {
            "time": "02.08.2021 14:26",
            "open": "5.215",
            "high": "5.215",
            "low": "5.215",
            "close": "5.21"
        },
        {
            "time": "02.08.2021 14:27",
            "open": "5.21",
            "high": "5.21",
            "low": "5.21",
            "close": "5.2063"
        },
        {
            "time": "02.08.2021 14:28",
            "open": "5.2063",
            "high": "5.2063",
            "low": "5.2063",
            "close": "5.2063"
        },
        {
            "time": "02.08.2021 14:29",
            "open": "5.2063",
            "high": "5.2063",
            "low": "5.205",
            "close": "5.2019"
        },
        {
            "time": "02.08.2021 14:30",
            "open": "5.2019",
            "high": "5.2019",
            "low": "5.19",
            "close": "5.185"
        },
        {
            "time": "02.08.2021 14:31",
            "open": "5.185",
            "high": "5.185",
            "low": "5.18",
            "close": "5.1751"
        },
        {
            "time": "02.08.2021 14:32",
            "open": "5.1751",
            "high": "5.195",
            "low": "5.175",
            "close": "5.2"
        },
        {
            "time": "02.08.2021 14:33",
            "open": "5.2",
            "high": "5.2047",
            "low": "5.2",
            "close": "5.2015"
        },
        {
            "time": "02.08.2021 14:34",
            "open": "5.2015",
            "high": "5.215",
            "low": "5.2015",
            "close": "5.2117"
        },
        {
            "time": "02.08.2021 14:35",
            "open": "5.2117",
            "high": "5.2152",
            "low": "5.2072",
            "close": "5.2111"
        },
        {
            "time": "02.08.2021 14:36",
            "open": "5.2111",
            "high": "5.225",
            "low": "5.2111",
            "close": "5.23"
        },
        {
            "time": "02.08.2021 14:48",
            "open": "5.23",
            "high": "5.23",
            "low": "5.23",
            "close": "5.235"
        },
        {
            "time": "02.08.2021 14:49",
            "open": "5.235",
            "high": "5.245",
            "low": "5.235",
            "close": "5.25"
        },
        {
            "time": "02.08.2021 14:53",
            "open": "5.25",
            "high": "5.25",
            "low": "5.25",
            "close": "5.255"
        },
        {
            "time": "02.08.2021 14:54",
            "open": "5.255",
            "high": "5.255",
            "low": "5.255",
            "close": "5.26"
        },
        {
            "time": "02.08.2021 14:57",
            "open": "5.26",
            "high": "5.26",
            "low": "5.26",
            "close": "5.255"
        },
        {
            "time": "02.08.2021 14:59",
            "open": "5.255",
            "high": "5.255",
            "low": "5.255",
            "close": "5.2494"
        },
        {
            "time": "02.08.2021 15:00",
            "open": "5.2494",
            "high": "5.2494",
            "low": "5.2494",
            "close": "5.24"
        },
        {
            "time": "02.08.2021 15:02",
            "open": "5.24",
            "high": "5.24",
            "low": "5.24",
            "close": "5.235"
        },
        {
            "time": "02.08.2021 15:04",
            "open": "5.235",
            "high": "5.235",
            "low": "5.23",
            "close": "5.23"
        },
        {
            "time": "02.08.2021 15:05",
            "open": "5.23",
            "high": "5.23",
            "low": "5.23",
            "close": "5.2318"
        },
        {
            "time": "02.08.2021 15:09",
            "open": "5.2318",
            "high": "5.2359",
            "low": "5.2318",
            "close": "5.225"
        },
        {
            "time": "02.08.2021 15:10",
            "open": "5.225",
            "high": "5.225",
            "low": "5.22",
            "close": "5.2401"
        },
        {
            "time": "02.08.2021 15:16",
            "open": "5.2401",
            "high": "5.2401",
            "low": "5.2401",
            "close": "5.245"
        },
        {
            "time": "02.08.2021 15:17",
            "open": "5.245",
            "high": "5.245",
            "low": "5.245",
            "close": "5.25"
        },
        {
            "time": "02.08.2021 15:25",
            "open": "5.25",
            "high": "5.255",
            "low": "5.25",
            "close": "5.26"
        },
        {
            "time": "02.08.2021 15:26",
            "open": "5.26",
            "high": "5.28",
            "low": "5.26",
            "close": "5.2758"
        },
        {
            "time": "02.08.2021 15:27",
            "open": "5.2758",
            "high": "5.2758",
            "low": "5.2691",
            "close": "5.285"
        },
        {
            "time": "02.08.2021 15:36",
            "open": "5.285",
            "high": "5.2852",
            "low": "5.285",
            "close": "5.2852"
        },
        {
            "time": "02.08.2021 15:37",
            "open": "5.2852",
            "high": "5.29",
            "low": "5.2852",
            "close": "5.295"
        },
        {
            "time": "02.08.2021 15:39",
            "open": "5.295",
            "high": "5.295",
            "low": "5.295",
            "close": "5.2981"
        },
        {
            "time": "02.08.2021 15:54",
            "open": "5.2981",
            "high": "5.3009",
            "low": "5.2981",
            "close": "5.3044"
        },
        {
            "time": "02.08.2021 15:55",
            "open": "5.3044",
            "high": "5.31",
            "low": "5.3044",
            "close": "5.315"
        },
        {
            "time": "02.08.2021 15:56",
            "open": "5.315",
            "high": "5.32",
            "low": "5.315",
            "close": "5.325"
        },
        {
            "time": "02.08.2021 15:57",
            "open": "5.325",
            "high": "5.325",
            "low": "5.325",
            "close": "5.329"
        },
        {
            "time": "02.08.2021 15:59",
            "open": "5.329",
            "high": "5.329",
            "low": "5.329",
            "close": "5.3291"
        },
        {
            "time": "02.08.2021 16:00",
            "open": "5.3291",
            "high": "5.3291",
            "low": "5.3291",
            "close": "5.3291"
        },
        {
            "time": "02.08.2021 16:01",
            "open": "5.3291",
            "high": "5.34",
            "low": "5.3291",
            "close": "5.342"
        },
        {
            "time": "02.08.2021 16:03",
            "open": "5.342",
            "high": "5.3462",
            "low": "5.342",
            "close": "5.3417"
        },
        {
            "time": "02.08.2021 16:04",
            "open": "5.3417",
            "high": "5.3417",
            "low": "5.3417",
            "close": "5.3462"
        },
        {
            "time": "02.08.2021 16:05",
            "open": "5.3462",
            "high": "5.3462",
            "low": "5.3462",
            "close": "5.3426"
        },
        {
            "time": "02.08.2021 16:10",
            "open": "5.3426",
            "high": "5.3426",
            "low": "5.3426",
            "close": "5.338"
        },
        {
            "time": "02.08.2021 16:16",
            "open": "5.338",
            "high": "5.338",
            "low": "5.325",
            "close": "5.3241"
        },
        {
            "time": "02.08.2021 16:22",
            "open": "5.3241",
            "high": "5.3241",
            "low": "5.32",
            "close": "5.32"
        },
        {
            "time": "02.08.2021 16:24",
            "open": "5.32",
            "high": "5.32",
            "low": "5.3101",
            "close": "5.3226"
        },
        {
            "time": "02.08.2021 16:25",
            "open": "5.3226",
            "high": "5.3226",
            "low": "5.3226",
            "close": "5.3212"
        },
        {
            "time": "02.08.2021 16:30",
            "open": "5.3212",
            "high": "5.3212",
            "low": "5.3212",
            "close": "5.335"
        },
        {
            "time": "02.08.2021 16:32",
            "open": "5.335",
            "high": "5.335",
            "low": "5.335",
            "close": "5.3274"
        },
        {
            "time": "02.08.2021 16:34",
            "open": "5.3274",
            "high": "5.3274",
            "low": "5.3274",
            "close": "5.34"
        },
        {
            "time": "02.08.2021 16:50",
            "open": "5.34",
            "high": "5.34",
            "low": "5.34",
            "close": "5.345"
        },
        {
            "time": "02.08.2021 16:51",
            "open": "5.345",
            "high": "5.345",
            "low": "5.345",
            "close": "5.3429"
        },
        {
            "time": "02.08.2021 16:56",
            "open": "5.3429",
            "high": "5.3429",
            "low": "5.3429",
            "close": "5.35"
        },
        {
            "time": "02.08.2021 17:00",
            "open": "5.35",
            "high": "5.36",
            "low": "5.35",
            "close": "5.3479"
        },
        {
            "time": "02.08.2021 17:01",
            "open": "5.3479",
            "high": "5.3479",
            "low": "5.3479",
            "close": "5.3564"
        },
        {
            "time": "02.08.2021 17:02",
            "open": "5.3564",
            "high": "5.3564",
            "low": "5.3564",
            "close": "5.365"
        },
        {
            "time": "02.08.2021 17:04",
            "open": "5.365",
            "high": "5.3733",
            "low": "5.365",
            "close": "5.3643"
        },
        {
            "time": "02.08.2021 17:06",
            "open": "5.3643",
            "high": "5.3643",
            "low": "5.3643",
            "close": "5.3733"
        },
        {
            "time": "02.08.2021 17:09",
            "open": "5.3733",
            "high": "5.375",
            "low": "5.3733",
            "close": "5.3776"
        },
        {
            "time": "02.08.2021 17:12",
            "open": "5.3776",
            "high": "5.3776",
            "low": "5.3776",
            "close": "5.38"
        },
        {
            "time": "02.08.2021 17:13",
            "open": "5.38",
            "high": "5.4",
            "low": "5.38",
            "close": "5.401"
        },
        {
            "time": "02.08.2021 17:14",
            "open": "5.401",
            "high": "5.401",
            "low": "5.401",
            "close": "5.405"
        },
        {
            "time": "02.08.2021 17:16",
            "open": "5.405",
            "high": "5.415",
            "low": "5.405",
            "close": "5.3951"
        },
        {
            "time": "02.08.2021 17:17",
            "open": "5.3951",
            "high": "5.3951",
            "low": "5.395",
            "close": "5.3977"
        },
        {
            "time": "02.08.2021 17:18",
            "open": "5.3977",
            "high": "5.3977",
            "low": "5.3977",
            "close": "5.395"
        },
        {
            "time": "02.08.2021 17:19",
            "open": "5.395",
            "high": "5.395",
            "low": "5.385",
            "close": "5.385"
        },
        {
            "time": "02.08.2021 17:20",
            "open": "5.385",
            "high": "5.385",
            "low": "5.38",
            "close": "5.3944"
        },
        {
            "time": "02.08.2021 17:26",
            "open": "5.3944",
            "high": "5.3944",
            "low": "5.3944",
            "close": "5.38"
        },
        {
            "time": "02.08.2021 17:28",
            "open": "5.38",
            "high": "5.38",
            "low": "5.375",
            "close": "5.3859"
        },
        {
            "time": "02.08.2021 17:30",
            "open": "5.3859",
            "high": "5.3859",
            "low": "5.3859",
            "close": "5.3892"
        },
        {
            "time": "02.08.2021 17:33",
            "open": "5.3892",
            "high": "5.3892",
            "low": "5.3892",
            "close": "5.395"
        },
        {
            "time": "02.08.2021 17:36",
            "open": "5.395",
            "high": "5.395",
            "low": "5.3899",
            "close": "5.3984"
        },
        {
            "time": "02.08.2021 17:38",
            "open": "5.3984",
            "high": "5.399",
            "low": "5.3984",
            "close": "5.375"
        },
        {
            "time": "02.08.2021 17:41",
            "open": "5.375",
            "high": "5.3839",
            "low": "5.375",
            "close": "5.3831"
        },
        {
            "time": "02.08.2021 17:49",
            "open": "5.3831",
            "high": "5.3831",
            "low": "5.3831",
            "close": "5.3782"
        },
        {
            "time": "02.08.2021 17:55",
            "open": "5.3782",
            "high": "5.3782",
            "low": "5.3782",
            "close": "5.375"
        },
        {
            "time": "02.08.2021 17:56",
            "open": "5.375",
            "high": "5.375",
            "low": "5.37",
            "close": "5.3686"
        },
        {
            "time": "02.08.2021 17:57",
            "open": "5.3686",
            "high": "5.3686",
            "low": "5.3686",
            "close": "5.3746"
        },
        {
            "time": "02.08.2021 18:02",
            "open": "5.3746",
            "high": "5.3746",
            "low": "5.3746",
            "close": "5.365"
        },
        {
            "time": "02.08.2021 18:03",
            "open": "5.365",
            "high": "5.365",
            "low": "5.365",
            "close": "5.3679"
        },
        {
            "time": "02.08.2021 18:04",
            "open": "5.3679",
            "high": "5.3679",
            "low": "5.3679",
            "close": "5.3779"
        },
        {
            "time": "02.08.2021 18:07",
            "open": "5.3779",
            "high": "5.378",
            "low": "5.3779",
            "close": "5.385"
        },
        {
            "time": "02.08.2021 18:17",
            "open": "5.385",
            "high": "5.385",
            "low": "5.385",
            "close": "5.3832"
        },
        {
            "time": "02.08.2021 18:18",
            "open": "5.3832",
            "high": "5.39",
            "low": "5.3831",
            "close": "5.3914"
        },
        {
            "time": "02.08.2021 18:19",
            "open": "5.3914",
            "high": "5.3914",
            "low": "5.3914",
            "close": "5.395"
        },
        {
            "time": "02.08.2021 18:21",
            "open": "5.395",
            "high": "5.4003",
            "low": "5.395",
            "close": "5.4003"
        },
        {
            "time": "02.08.2021 18:22",
            "open": "5.4003",
            "high": "5.4009",
            "low": "5.4003",
            "close": "5.405"
        },
        {
            "time": "02.08.2021 18:23",
            "open": "5.405",
            "high": "5.4084",
            "low": "5.405",
            "close": "5.41"
        },
        {
            "time": "02.08.2021 18:26",
            "open": "5.41",
            "high": "5.41",
            "low": "5.41",
            "close": "5.3972"
        },
        {
            "time": "02.08.2021 18:37",
            "open": "5.3972",
            "high": "5.3973",
            "low": "5.3972",
            "close": "5.385"
        },
        {
            "time": "02.08.2021 18:44",
            "open": "5.385",
            "high": "5.385",
            "low": "5.385",
            "close": "5.38"
        },
        {
            "time": "02.08.2021 18:46",
            "open": "5.38",
            "high": "5.38",
            "low": "5.355",
            "close": "5.3606"
        },
        {
            "time": "02.08.2021 18:47",
            "open": "5.3606",
            "high": "5.3606",
            "low": "5.3606",
            "close": "5.355"
        },
        {
            "time": "02.08.2021 18:48",
            "open": "5.355",
            "high": "5.355",
            "low": "5.355",
            "close": "5.35"
        },
        {
            "time": "02.08.2021 18:49",
            "open": "5.35",
            "high": "5.35",
            "low": "5.35",
            "close": "5.37"
        },
        {
            "time": "02.08.2021 18:51",
            "open": "5.37",
            "high": "5.37",
            "low": "5.37",
            "close": "5.3726"
        },
        {
            "time": "02.08.2021 18:55",
            "open": "5.3726",
            "high": "5.3749",
            "low": "5.3726",
            "close": "5.375"
        },
        {
            "time": "02.08.2021 18:58",
            "open": "5.375",
            "high": "5.375",
            "low": "5.375",
            "close": "5.38"
        },
        {
            "time": "02.08.2021 19:00",
            "open": "5.38",
            "high": "5.385",
            "low": "5.38",
            "close": "5.3747"
        },
        {
            "time": "02.08.2021 19:03",
            "open": "5.3747",
            "high": "5.3747",
            "low": "5.3747",
            "close": "5.365"
        },
        {
            "time": "02.08.2021 19:07",
            "open": "5.365",
            "high": "5.365",
            "low": "5.36",
            "close": "5.355"
        },
        {
            "time": "02.08.2021 19:09",
            "open": "5.355",
            "high": "5.355",
            "low": "5.355",
            "close": "5.355"
        },
        {
            "time": "02.08.2021 19:11",
            "open": "5.355",
            "high": "5.355",
            "low": "5.355",
            "close": "5.35"
        },
        {
            "time": "02.08.2021 19:13",
            "open": "5.35",
            "high": "5.35",
            "low": "5.345",
            "close": "5.34"
        },
        {
            "time": "02.08.2021 19:26",
            "open": "5.34",
            "high": "5.34",
            "low": "5.34",
            "close": "5.3577"
        },
        {
            "time": "02.08.2021 19:31",
            "open": "5.3577",
            "high": "5.3577",
            "low": "5.3577",
            "close": "5.3577"
        },
        {
            "time": "02.08.2021 19:34",
            "open": "5.3577",
            "high": "5.3577",
            "low": "5.3577",
            "close": "5.36"
        },
        {
            "time": "02.08.2021 19:36",
            "open": "5.36",
            "high": "5.365",
            "low": "5.36",
            "close": "5.37"
        },
        {
            "time": "02.08.2021 19:37",
            "open": "5.37",
            "high": "5.38",
            "low": "5.37",
            "close": "5.385"
        },
        {
            "time": "02.08.2021 19:38",
            "open": "5.385",
            "high": "5.385",
            "low": "5.385",
            "close": "5.39"
        },
        {
            "time": "02.08.2021 19:39",
            "open": "5.39",
            "high": "5.39",
            "low": "5.3885",
            "close": "5.395"
        },
        {
            "time": "02.08.2021 19:40",
            "open": "5.395",
            "high": "5.395",
            "low": "5.395",
            "close": "5.3818"
        },
        {
            "time": "02.08.2021 19:48",
            "open": "5.3818",
            "high": "5.3818",
            "low": "5.3818",
            "close": "5.375"
        },
        {
            "time": "02.08.2021 19:51",
            "open": "5.375",
            "high": "5.375",
            "low": "5.375",
            "close": "5.375"
        },
        {
            "time": "02.08.2021 19:52",
            "open": "5.375",
            "high": "5.375",
            "low": "5.375",
            "close": "5.385"
        },
        {
            "time": "02.08.2021 19:55",
            "open": "5.385",
            "high": "5.385",
            "low": "5.385",
            "close": "5.37"
        },
        {
            "time": "02.08.2021 20:04",
            "open": "5.37",
            "high": "5.37",
            "low": "5.365",
            "close": "5.365"
        },
        {
            "time": "02.08.2021 20:11",
            "open": "5.365",
            "high": "5.365",
            "low": "5.365",
            "close": "5.36"
        },
        {
            "time": "02.08.2021 20:12",
            "open": "5.36",
            "high": "5.36",
            "low": "5.35",
            "close": "5.35"
        },
        {
            "time": "02.08.2021 20:13",
            "open": "5.35",
            "high": "5.35",
            "low": "5.335",
            "close": "5.335"
        },
        {
            "time": "02.08.2021 20:14",
            "open": "5.325",
            "high": "5.325",
            "low": "5.325",
            "close": "5.3402"
        },
        {
            "time": "02.08.2021 20:19",
            "open": "5.3402",
            "high": "5.3402",
            "low": "5.3402",
            "close": "5.3469"
        },
        {
            "time": "02.08.2021 20:21",
            "open": "5.3469",
            "high": "5.3469",
            "low": "5.3443",
            "close": "5.3491"
        },
        {
            "time": "02.08.2021 20:28",
            "open": "5.3491",
            "high": "5.3491",
            "low": "5.3491",
            "close": "5.35"
        },
        {
            "time": "02.08.2021 20:31",
            "open": "5.35",
            "high": "5.354",
            "low": "5.35",
            "close": "5.355"
        },
        {
            "time": "02.08.2021 20:32",
            "open": "5.355",
            "high": "5.3572",
            "low": "5.355",
            "close": "5.3423"
        },
        {
            "time": "02.08.2021 20:39",
            "open": "5.3423",
            "high": "5.3423",
            "low": "5.3423",
            "close": "5.335"
        },
        {
            "time": "02.08.2021 20:53",
            "open": "5.335",
            "high": "5.335",
            "low": "5.335",
            "close": "5.3436"
        },
        {
            "time": "02.08.2021 20:58",
            "open": "5.3436",
            "high": "5.3436",
            "low": "5.3436",
            "close": "5.335"
        },
        {
            "time": "02.08.2021 20:59",
            "open": "5.335",
            "high": "5.335",
            "low": "5.335",
            "close": "5.3417"
        },
        {
            "time": "02.08.2021 21:05",
            "open": "5.3417",
            "high": "5.3417",
            "low": "5.3417",
            "close": "5.3438"
        },
        {
            "time": "02.08.2021 21:12",
            "open": "5.3438",
            "high": "5.3438",
            "low": "5.3438",
            "close": "5.33"
        },
        {
            "time": "02.08.2021 21:16",
            "open": "5.33",
            "high": "5.33",
            "low": "5.32",
            "close": "5.315"
        },
        {
            "time": "02.08.2021 21:17",
            "open": "5.315",
            "high": "5.315",
            "low": "5.295",
            "close": "5.295"
        },
        {
            "time": "02.08.2021 21:20",
            "open": "5.2932",
            "high": "5.2932",
            "low": "5.2932",
            "close": "5.31"
        },
        {
            "time": "02.08.2021 21:29",
            "open": "5.31",
            "high": "5.31",
            "low": "5.31",
            "close": "5.29"
        },
        {
            "time": "02.08.2021 21:34",
            "open": "5.29",
            "high": "5.29",
            "low": "5.29",
            "close": "5.285"
        },
        {
            "time": "02.08.2021 21:37",
            "open": "5.285",
            "high": "5.285",
            "low": "5.275",
            "close": "5.27"
        },
        {
            "time": "02.08.2021 21:38",
            "open": "5.27",
            "high": "5.27",
            "low": "5.27",
            "close": "5.27"
        },
        {
            "time": "02.08.2021 21:45",
            "open": "5.27",
            "high": "5.27",
            "low": "5.265",
            "close": "5.2739"
        },
        {
            "time": "02.08.2021 21:47",
            "open": "5.2739",
            "high": "5.2739",
            "low": "5.2739",
            "close": "5.26"
        },
        {
            "time": "02.08.2021 21:48",
            "open": "5.26",
            "high": "5.26",
            "low": "5.26",
            "close": "5.255"
        },
        {
            "time": "02.08.2021 21:49",
            "open": "5.255",
            "high": "5.255",
            "low": "5.2517",
            "close": "5.2503"
        },
        {
            "time": "02.08.2021 21:53",
            "open": "5.2503",
            "high": "5.2503",
            "low": "5.2502",
            "close": "5.2713"
        },
        {
            "time": "02.08.2021 21:57",
            "open": "5.2713",
            "high": "5.2713",
            "low": "5.2713",
            "close": "5.275"
        },
        {
            "time": "02.08.2021 22:00",
            "open": "5.275",
            "high": "5.275",
            "low": "5.2715",
            "close": "5.26"
        },
        {
            "time": "02.08.2021 22:04",
            "open": "5.26",
            "high": "5.26",
            "low": "5.255",
            "close": "5.2525"
        },
        {
            "time": "02.08.2021 22:05",
            "open": "5.2525",
            "high": "5.2525",
            "low": "5.245",
            "close": "5.245"
        },
        {
            "time": "02.08.2021 22:06",
            "open": "5.245",
            "high": "5.245",
            "low": "5.2339",
            "close": "5.23"
        },
        {
            "time": "02.08.2021 22:07",
            "open": "5.23",
            "high": "5.23",
            "low": "5.22",
            "close": "5.24"
        },
        {
            "time": "02.08.2021 22:10",
            "open": "5.24",
            "high": "5.245",
            "low": "5.24",
            "close": "5.2336"
        },
        {
            "time": "02.08.2021 22:15",
            "open": "5.2336",
            "high": "5.2336",
            "low": "5.215",
            "close": "5.2352"
        },
        {
            "time": "02.08.2021 22:17",
            "open": "5.2352",
            "high": "5.2352",
            "low": "5.2352",
            "close": "5.2348"
        },
        {
            "time": "02.08.2021 22:20",
            "open": "5.2348",
            "high": "5.2348",
            "low": "5.2238",
            "close": "5.24"
        },
        {
            "time": "02.08.2021 22:22",
            "open": "5.24",
            "high": "5.245",
            "low": "5.24",
            "close": "5.245"
        },
        {
            "time": "02.08.2021 22:23",
            "open": "5.245",
            "high": "5.255",
            "low": "5.245",
            "close": "5.26"
        },
        {
            "time": "02.08.2021 22:24",
            "open": "5.26",
            "high": "5.27",
            "low": "5.26",
            "close": "5.25"
        },
        {
            "time": "02.08.2021 22:30",
            "open": "5.25",
            "high": "5.25",
            "low": "5.23",
            "close": "5.23"
        },
        {
            "time": "02.08.2021 22:33",
            "open": "5.23",
            "high": "5.23",
            "low": "5.225",
            "close": "5.225"
        },
        {
            "time": "02.08.2021 22:34",
            "open": "5.225",
            "high": "5.225",
            "low": "5.22",
            "close": "5.215"
        },
        {
            "time": "02.08.2021 22:37",
            "open": "5.215",
            "high": "5.215",
            "low": "5.2103",
            "close": "5.218"
        },
        {
            "time": "02.08.2021 22:38",
            "open": "5.218",
            "high": "5.218",
            "low": "5.218",
            "close": "5.2103"
        },
        {
            "time": "02.08.2021 22:39",
            "open": "5.2103",
            "high": "5.2103",
            "low": "5.205",
            "close": "5.225"
        },
        {
            "time": "02.08.2021 23:02",
            "open": "5.225",
            "high": "5.225",
            "low": "5.225",
            "close": "5.2132"
        },
        {
            "time": "02.08.2021 23:06",
            "open": "5.2132",
            "high": "5.2214",
            "low": "5.2132",
            "close": "5.2221"
        },
        {
            "time": "02.08.2021 23:13",
            "open": "5.2221",
            "high": "5.2221",
            "low": "5.2221",
            "close": "5.2103"
        },
        {
            "time": "02.08.2021 23:25",
            "open": "5.2103",
            "high": "5.2103",
            "low": "5.21",
            "close": "5.205"
        },
        {
            "time": "02.08.2021 23:26",
            "open": "5.205",
            "high": "5.205",
            "low": "5.2",
            "close": "5.2"
        },
        {
            "time": "02.08.2021 23:28",
            "open": "5.2",
            "high": "5.2",
            "low": "5.2",
            "close": "5.22"
        },
        {
            "time": "02.08.2021 23:37",
            "open": "5.22",
            "high": "5.23",
            "low": "5.22",
            "close": "5.235"
        },
        {
            "time": "02.08.2021 23:38",
            "open": "5.235",
            "high": "5.24",
            "low": "5.235",
            "close": "5.24"
        },
        {
            "time": "02.08.2021 23:39",
            "open": "5.24",
            "high": "5.245",
            "low": "5.24",
            "close": "5.25"
        },
        {
            "time": "02.08.2021 23:42",
            "open": "5.25",
            "high": "5.25",
            "low": "5.25",
            "close": "5.255"
        },
        {
            "time": "02.08.2021 23:48",
            "open": "5.255",
            "high": "5.255",
            "low": "5.255",
            "close": "5.26"
        },
        {
            "time": "02.08.2021 23:55",
            "open": "5.26",
            "high": "5.26",
            "low": "5.26",
            "close": "5.2591"
        }
    ]
}