{
    "BAND-EUR": [
        {
            "time": "13.07.2021 23:56",
            "open": "5.3609",
            "high": "5.3609",
            "low": "5.3609",
            "close": "5.3604"
        },
        {
            "time": "14.07.2021 00:01",
            "open": "5.3604",
            "high": "5.3604",
            "low": "5.3604",
            "close": "5.3826"
        },
        {
            "time": "14.07.2021 00:07",
            "open": "5.3826",
            "high": "5.3826",
            "low": "5.3826",
            "close": "5.385"
        },
        {
            "time": "14.07.2021 00:08",
            "open": "5.385",
            "high": "5.3947",
            "low": "5.385",
            "close": "5.395"
        },
        {
            "time": "14.07.2021 00:09",
            "open": "5.395",
            "high": "5.3973",
            "low": "5.395",
            "close": "5.3974"
        },
        {
            "time": "14.07.2021 00:10",
            "open": "5.3974",
            "high": "5.4",
            "low": "5.3974",
            "close": "5.4"
        },
        {
            "time": "14.07.2021 00:11",
            "open": "5.4",
            "high": "5.4",
            "low": "5.4",
            "close": "5.4"
        },
        {
            "time": "14.07.2021 00:12",
            "open": "5.4",
            "high": "5.4049",
            "low": "5.4",
            "close": "5.4022"
        },
        {
            "time": "14.07.2021 00:13",
            "open": "5.4022",
            "high": "5.4022",
            "low": "5.4013",
            "close": "5.3912"
        },
        {
            "time": "14.07.2021 00:20",
            "open": "5.3912",
            "high": "5.3912",
            "low": "5.3912",
            "close": "5.4004"
        },
        {
            "time": "14.07.2021 00:21",
            "open": "5.4004",
            "high": "5.4004",
            "low": "5.4004",
            "close": "5.405"
        },
        {
            "time": "14.07.2021 00:23",
            "open": "5.405",
            "high": "5.4149",
            "low": "5.405",
            "close": "5.4148"
        },
        {
            "time": "14.07.2021 00:24",
            "open": "5.4148",
            "high": "5.4148",
            "low": "5.4148",
            "close": "5.415"
        },
        {
            "time": "14.07.2021 00:27",
            "open": "5.415",
            "high": "5.42",
            "low": "5.415",
            "close": "5.42"
        },
        {
            "time": "14.07.2021 00:28",
            "open": "5.42",
            "high": "5.437",
            "low": "5.42",
            "close": "5.4182"
        },
        {
            "time": "14.07.2021 00:31",
            "open": "5.4182",
            "high": "5.4182",
            "low": "5.4182",
            "close": "5.415"
        },
        {
            "time": "14.07.2021 00:32",
            "open": "5.415",
            "high": "5.415",
            "low": "5.415",
            "close": "5.415"
        },
        {
            "time": "14.07.2021 00:33",
            "open": "5.415",
            "high": "5.415",
            "low": "5.415",
            "close": "5.415"
        },
        {
            "time": "14.07.2021 00:37",
            "open": "5.415",
            "high": "5.415",
            "low": "5.41",
            "close": "5.41"
        },
        {
            "time": "14.07.2021 00:38",
            "open": "5.41",
            "high": "5.41",
            "low": "5.39",
            "close": "5.39"
        },
        {
            "time": "14.07.2021 00:39",
            "open": "5.39",
            "high": "5.39",
            "low": "5.385",
            "close": "5.38"
        },
        {
            "time": "14.07.2021 00:44",
            "open": "5.38",
            "high": "5.38",
            "low": "5.38",
            "close": "5.375"
        },
        {
            "time": "14.07.2021 00:45",
            "open": "5.375",
            "high": "5.375",
            "low": "5.37",
            "close": "5.365"
        },
        {
            "time": "14.07.2021 00:46",
            "open": "5.365",
            "high": "5.365",
            "low": "5.365",
            "close": "5.36"
        },
        {
            "time": "14.07.2021 00:47",
            "open": "5.36",
            "high": "5.36",
            "low": "5.36",
            "close": "5.355"
        },
        {
            "time": "14.07.2021 00:48",
            "open": "5.355",
            "high": "5.355",
            "low": "5.34",
            "close": "5.336"
        },
        {
            "time": "14.07.2021 00:49",
            "open": "5.336",
            "high": "5.336",
            "low": "5.336",
            "close": "5.335"
        },
        {
            "time": "14.07.2021 00:50",
            "open": "5.335",
            "high": "5.335",
            "low": "5.335",
            "close": "5.3312"
        },
        {
            "time": "14.07.2021 00:51",
            "open": "5.3312",
            "high": "5.3312",
            "low": "5.3312",
            "close": "5.33"
        },
        {
            "time": "14.07.2021 00:53",
            "open": "5.33",
            "high": "5.33",
            "low": "5.3284",
            "close": "5.35"
        },
        {
            "time": "14.07.2021 00:55",
            "open": "5.35",
            "high": "5.35",
            "low": "5.35",
            "close": "5.355"
        },
        {
            "time": "14.07.2021 00:56",
            "open": "5.355",
            "high": "5.365",
            "low": "5.355",
            "close": "5.37"
        },
        {
            "time": "14.07.2021 00:57",
            "open": "5.37",
            "high": "5.3704",
            "low": "5.37",
            "close": "5.375"
        },
        {
            "time": "14.07.2021 00:58",
            "open": "5.375",
            "high": "5.375",
            "low": "5.375",
            "close": "5.38"
        },
        {
            "time": "14.07.2021 00:59",
            "open": "5.38",
            "high": "5.38",
            "low": "5.38",
            "close": "5.3752"
        },
        {
            "time": "14.07.2021 01:01",
            "open": "5.3752",
            "high": "5.3752",
            "low": "5.36",
            "close": "5.355"
        },
        {
            "time": "14.07.2021 01:02",
            "open": "5.355",
            "high": "5.355",
            "low": "5.3435",
            "close": "5.3435"
        },
        {
            "time": "14.07.2021 01:03",
            "open": "5.3435",
            "high": "5.3448",
            "low": "5.3435",
            "close": "5.36"
        },
        {
            "time": "14.07.2021 01:04",
            "open": "5.36",
            "high": "5.36",
            "low": "5.36",
            "close": "5.365"
        },
        {
            "time": "14.07.2021 01:09",
            "open": "5.365",
            "high": "5.365",
            "low": "5.365",
            "close": "5.37"
        },
        {
            "time": "14.07.2021 01:10",
            "open": "5.37",
            "high": "5.375",
            "low": "5.37",
            "close": "5.375"
        },
        {
            "time": "14.07.2021 01:12",
            "open": "5.375",
            "high": "5.3812",
            "low": "5.375",
            "close": "5.385"
        },
        {
            "time": "14.07.2021 01:17",
            "open": "5.385",
            "high": "5.39",
            "low": "5.385",
            "close": "5.395"
        },
        {
            "time": "14.07.2021 01:18",
            "open": "5.395",
            "high": "5.4",
            "low": "5.395",
            "close": "5.4023"
        },
        {
            "time": "14.07.2021 01:20",
            "open": "5.4023",
            "high": "5.4023",
            "low": "5.4023",
            "close": "5.3813"
        },
        {
            "time": "14.07.2021 01:26",
            "open": "5.3813",
            "high": "5.3813",
            "low": "5.3813",
            "close": "5.405"
        },
        {
            "time": "14.07.2021 01:30",
            "open": "5.405",
            "high": "5.405",
            "low": "5.405",
            "close": "5.41"
        },
        {
            "time": "14.07.2021 01:31",
            "open": "5.41",
            "high": "5.41",
            "low": "5.41",
            "close": "5.41"
        },
        {
            "time": "14.07.2021 01:32",
            "open": "5.41",
            "high": "5.41",
            "low": "5.41",
            "close": "5.41"
        },
        {
            "time": "14.07.2021 01:33",
            "open": "5.41",
            "high": "5.41",
            "low": "5.41",
            "close": "5.39"
        },
        {
            "time": "14.07.2021 01:38",
            "open": "5.39",
            "high": "5.39",
            "low": "5.39",
            "close": "5.385"
        },
        {
            "time": "14.07.2021 01:43",
            "open": "5.385",
            "high": "5.385",
            "low": "5.385",
            "close": "5.385"
        },
        {
            "time": "14.07.2021 01:44",
            "open": "5.385",
            "high": "5.385",
            "low": "5.385",
            "close": "5.38"
        },
        {
            "time": "14.07.2021 01:45",
            "open": "5.38",
            "high": "5.38",
            "low": "5.375",
            "close": "5.3704"
        },
        {
            "time": "14.07.2021 01:47",
            "open": "5.3704",
            "high": "5.3704",
            "low": "5.36",
            "close": "5.355"
        },
        {
            "time": "14.07.2021 01:48",
            "open": "5.355",
            "high": "5.355",
            "low": "5.355",
            "close": "5.35"
        },
        {
            "time": "14.07.2021 01:49",
            "open": "5.35",
            "high": "5.35",
            "low": "5.35",
            "close": "5.375"
        },
        {
            "time": "14.07.2021 01:55",
            "open": "5.375",
            "high": "5.38",
            "low": "5.375",
            "close": "5.385"
        },
        {
            "time": "14.07.2021 01:56",
            "open": "5.385",
            "high": "5.3974",
            "low": "5.385",
            "close": "5.3974"
        },
        {
            "time": "14.07.2021 01:57",
            "open": "5.3974",
            "high": "5.405",
            "low": "5.3974",
            "close": "5.385"
        },
        {
            "time": "14.07.2021 02:02",
            "open": "5.385",
            "high": "5.385",
            "low": "5.375",
            "close": "5.375"
        },
        {
            "time": "14.07.2021 02:03",
            "open": "5.375",
            "high": "5.375",
            "low": "5.3704",
            "close": "5.395"
        },
        {
            "time": "14.07.2021 02:04",
            "open": "5.395",
            "high": "5.395",
            "low": "5.395",
            "close": "5.4"
        },
        {
            "time": "14.07.2021 02:05",
            "open": "5.4",
            "high": "5.4",
            "low": "5.4",
            "close": "5.405"
        },
        {
            "time": "14.07.2021 02:06",
            "open": "5.405",
            "high": "5.4099",
            "low": "5.405",
            "close": "5.41"
        },
        {
            "time": "14.07.2021 02:07",
            "open": "5.41",
            "high": "5.41",
            "low": "5.41",
            "close": "5.4149"
        },
        {
            "time": "14.07.2021 02:08",
            "open": "5.4149",
            "high": "5.415",
            "low": "5.4149",
            "close": "5.415"
        },
        {
            "time": "14.07.2021 02:09",
            "open": "5.415",
            "high": "5.42",
            "low": "5.415",
            "close": "5.42"
        },
        {
            "time": "14.07.2021 02:10",
            "open": "5.42",
            "high": "5.425",
            "low": "5.42",
            "close": "5.405"
        },
        {
            "time": "14.07.2021 02:15",
            "open": "5.405",
            "high": "5.405",
            "low": "5.395",
            "close": "5.39"
        },
        {
            "time": "14.07.2021 02:16",
            "open": "5.39",
            "high": "5.39",
            "low": "5.385",
            "close": "5.385"
        },
        {
            "time": "14.07.2021 02:17",
            "open": "5.385",
            "high": "5.385",
            "low": "5.38",
            "close": "5.375"
        },
        {
            "time": "14.07.2021 02:18",
            "open": "5.375",
            "high": "5.375",
            "low": "5.375",
            "close": "5.375"
        },
        {
            "time": "14.07.2021 02:20",
            "open": "5.375",
            "high": "5.375",
            "low": "5.375",
            "close": "5.3704"
        },
        {
            "time": "14.07.2021 02:21",
            "open": "5.3704",
            "high": "5.3704",
            "low": "5.36",
            "close": "5.355"
        },
        {
            "time": "14.07.2021 02:22",
            "open": "5.355",
            "high": "5.355",
            "low": "5.355",
            "close": "5.355"
        },
        {
            "time": "14.07.2021 02:23",
            "open": "5.355",
            "high": "5.355",
            "low": "5.3435",
            "close": "5.3435"
        },
        {
            "time": "14.07.2021 02:25",
            "open": "5.3435",
            "high": "5.3435",
            "low": "5.33",
            "close": "5.325"
        },
        {
            "time": "14.07.2021 02:26",
            "open": "5.325",
            "high": "5.325",
            "low": "5.325",
            "close": "5.325"
        },
        {
            "time": "14.07.2021 02:27",
            "open": "5.325",
            "high": "5.325",
            "low": "5.325",
            "close": "5.32"
        },
        {
            "time": "14.07.2021 02:28",
            "open": "5.32",
            "high": "5.32",
            "low": "5.32",
            "close": "5.3234"
        },
        {
            "time": "14.07.2021 02:31",
            "open": "5.3234",
            "high": "5.3315",
            "low": "5.3234",
            "close": "5.34"
        },
        {
            "time": "14.07.2021 02:32",
            "open": "5.34",
            "high": "5.34",
            "low": "5.34",
            "close": "5.3449"
        },
        {
            "time": "14.07.2021 02:33",
            "open": "5.3449",
            "high": "5.3449",
            "low": "5.3313",
            "close": "5.33"
        },
        {
            "time": "14.07.2021 02:34",
            "open": "5.33",
            "high": "5.33",
            "low": "5.33",
            "close": "5.33"
        },
        {
            "time": "14.07.2021 02:35",
            "open": "5.33",
            "high": "5.33",
            "low": "5.32",
            "close": "5.3266"
        },
        {
            "time": "14.07.2021 02:39",
            "open": "5.3266",
            "high": "5.3266",
            "low": "5.3134",
            "close": "5.3106"
        },
        {
            "time": "14.07.2021 02:40",
            "open": "5.3106",
            "high": "5.3106",
            "low": "5.3",
            "close": "5.3045"
        },
        {
            "time": "14.07.2021 02:43",
            "open": "5.3045",
            "high": "5.3045",
            "low": "5.3045",
            "close": "5.3006"
        },
        {
            "time": "14.07.2021 02:45",
            "open": "5.3006",
            "high": "5.3092",
            "low": "5.3",
            "close": "5.32"
        },
        {
            "time": "14.07.2021 02:48",
            "open": "5.32",
            "high": "5.32",
            "low": "5.32",
            "close": "5.325"
        },
        {
            "time": "14.07.2021 02:53",
            "open": "5.325",
            "high": "5.325",
            "low": "5.325",
            "close": "5.3264"
        },
        {
            "time": "14.07.2021 02:54",
            "open": "5.3264",
            "high": "5.3264",
            "low": "5.3264",
            "close": "5.305"
        },
        {
            "time": "14.07.2021 02:55",
            "open": "5.305",
            "high": "5.305",
            "low": "5.2996",
            "close": "5.295"
        },
        {
            "time": "14.07.2021 02:56",
            "open": "5.295",
            "high": "5.295",
            "low": "5.2939",
            "close": "5.2946"
        },
        {
            "time": "14.07.2021 02:58",
            "open": "5.2946",
            "high": "5.308",
            "low": "5.2657",
            "close": "5.2902"
        },
        {
            "time": "14.07.2021 02:59",
            "open": "5.2902",
            "high": "5.2902",
            "low": "5.2872",
            "close": "5.275"
        },
        {
            "time": "14.07.2021 03:02",
            "open": "5.275",
            "high": "5.275",
            "low": "5.2611",
            "close": "5.2701"
        },
        {
            "time": "14.07.2021 03:03",
            "open": "5.2701",
            "high": "5.285",
            "low": "5.2701",
            "close": "5.29"
        },
        {
            "time": "14.07.2021 03:04",
            "open": "5.29",
            "high": "5.3047",
            "low": "5.2897",
            "close": "5.2801"
        },
        {
            "time": "14.07.2021 03:05",
            "open": "5.2801",
            "high": "5.2801",
            "low": "5.275",
            "close": "5.2895"
        },
        {
            "time": "14.07.2021 03:08",
            "open": "5.2895",
            "high": "5.2896",
            "low": "5.265",
            "close": "5.265"
        },
        {
            "time": "14.07.2021 03:09",
            "open": "5.265",
            "high": "5.265",
            "low": "5.221",
            "close": "5.24"
        },
        {
            "time": "14.07.2021 03:12",
            "open": "5.24",
            "high": "5.24",
            "low": "5.1851",
            "close": "5.19"
        },
        {
            "time": "14.07.2021 03:16",
            "open": "5.19",
            "high": "5.19",
            "low": "5.19",
            "close": "5.195"
        },
        {
            "time": "14.07.2021 03:20",
            "open": "5.195",
            "high": "5.2",
            "low": "5.195",
            "close": "5.205"
        },
        {
            "time": "14.07.2021 03:23",
            "open": "5.205",
            "high": "5.205",
            "low": "5.205",
            "close": "5.185"
        },
        {
            "time": "14.07.2021 03:27",
            "open": "5.185",
            "high": "5.185",
            "low": "5.17",
            "close": "5.185"
        },
        {
            "time": "14.07.2021 03:28",
            "open": "5.185",
            "high": "5.185",
            "low": "5.185",
            "close": "5.165"
        },
        {
            "time": "14.07.2021 03:31",
            "open": "5.165",
            "high": "5.165",
            "low": "5.1601",
            "close": "5.1656"
        },
        {
            "time": "14.07.2021 03:33",
            "open": "5.1656",
            "high": "5.1656",
            "low": "5.1656",
            "close": "5.185"
        },
        {
            "time": "14.07.2021 03:35",
            "open": "5.185",
            "high": "5.205",
            "low": "5.185",
            "close": "5.21"
        },
        {
            "time": "14.07.2021 03:36",
            "open": "5.21",
            "high": "5.22",
            "low": "5.21",
            "close": "5.225"
        },
        {
            "time": "14.07.2021 03:39",
            "open": "5.225",
            "high": "5.225",
            "low": "5.225",
            "close": "5.23"
        },
        {
            "time": "14.07.2021 03:47",
            "open": "5.23",
            "high": "5.23",
            "low": "5.23",
            "close": "5.235"
        },
        {
            "time": "14.07.2021 03:48",
            "open": "5.235",
            "high": "5.24",
            "low": "5.235",
            "close": "5.22"
        },
        {
            "time": "14.07.2021 03:54",
            "open": "5.22",
            "high": "5.22",
            "low": "5.205",
            "close": "5.205"
        },
        {
            "time": "14.07.2021 03:55",
            "open": "5.205",
            "high": "5.205",
            "low": "5.195",
            "close": "5.19"
        },
        {
            "time": "14.07.2021 03:56",
            "open": "5.19",
            "high": "5.19",
            "low": "5.18",
            "close": "5.175"
        },
        {
            "time": "14.07.2021 03:57",
            "open": "5.175",
            "high": "5.175",
            "low": "5.165",
            "close": "5.165"
        },
        {
            "time": "14.07.2021 04:00",
            "open": "5.165",
            "high": "5.165",
            "low": "5.1334",
            "close": "5.1334"
        },
        {
            "time": "14.07.2021 04:01",
            "open": "5.1334",
            "high": "5.1356",
            "low": "5.1334",
            "close": "5.145"
        },
        {
            "time": "14.07.2021 04:02",
            "open": "5.145",
            "high": "5.15",
            "low": "5.145",
            "close": "5.155"
        },
        {
            "time": "14.07.2021 04:03",
            "open": "5.155",
            "high": "5.165",
            "low": "5.155",
            "close": "5.17"
        },
        {
            "time": "14.07.2021 04:04",
            "open": "5.17",
            "high": "5.17",
            "low": "5.166",
            "close": "5.15"
        },
        {
            "time": "14.07.2021 04:06",
            "open": "5.15",
            "high": "5.15",
            "low": "5.145",
            "close": "5.1401"
        },
        {
            "time": "14.07.2021 04:08",
            "open": "5.1401",
            "high": "5.1401",
            "low": "5.14",
            "close": "5.1401"
        },
        {
            "time": "14.07.2021 04:09",
            "open": "5.1304",
            "high": "5.1304",
            "low": "5.1304",
            "close": "5.15"
        },
        {
            "time": "14.07.2021 04:15",
            "open": "5.15",
            "high": "5.15",
            "low": "5.15",
            "close": "5.153"
        },
        {
            "time": "14.07.2021 04:17",
            "open": "5.153",
            "high": "5.153",
            "low": "5.153",
            "close": "5.1414"
        },
        {
            "time": "14.07.2021 04:21",
            "open": "5.1414",
            "high": "5.1414",
            "low": "5.1414",
            "close": "5.1482"
        },
        {
            "time": "14.07.2021 04:30",
            "open": "5.1482",
            "high": "5.1482",
            "low": "5.1482",
            "close": "5.13"
        },
        {
            "time": "14.07.2021 04:31",
            "open": "5.13",
            "high": "5.13",
            "low": "5.13",
            "close": "5.125"
        },
        {
            "time": "14.07.2021 04:32",
            "open": "5.125",
            "high": "5.125",
            "low": "5.125",
            "close": "5.1251"
        },
        {
            "time": "14.07.2021 04:35",
            "open": "5.1251",
            "high": "5.1251",
            "low": "5.1251",
            "close": "5.15"
        },
        {
            "time": "14.07.2021 04:39",
            "open": "5.15",
            "high": "5.15",
            "low": "5.15",
            "close": "5.145"
        },
        {
            "time": "14.07.2021 04:41",
            "open": "5.145",
            "high": "5.145",
            "low": "5.145",
            "close": "5.155"
        },
        {
            "time": "14.07.2021 04:56",
            "open": "5.155",
            "high": "5.16",
            "low": "5.155",
            "close": "5.165"
        },
        {
            "time": "14.07.2021 04:57",
            "open": "5.165",
            "high": "5.17",
            "low": "5.165",
            "close": "5.175"
        },
        {
            "time": "14.07.2021 04:58",
            "open": "5.175",
            "high": "5.175",
            "low": "5.175",
            "close": "5.18"
        },
        {
            "time": "14.07.2021 05:00",
            "open": "5.18",
            "high": "5.185",
            "low": "5.18",
            "close": "5.185"
        },
        {
            "time": "14.07.2021 05:01",
            "open": "5.185",
            "high": "5.1851",
            "low": "5.185",
            "close": "5.1706"
        },
        {
            "time": "14.07.2021 05:03",
            "open": "5.1706",
            "high": "5.1948",
            "low": "5.17",
            "close": "5.165"
        },
        {
            "time": "14.07.2021 05:06",
            "open": "5.165",
            "high": "5.165",
            "low": "5.155",
            "close": "5.15"
        },
        {
            "time": "14.07.2021 05:09",
            "open": "5.15",
            "high": "5.15",
            "low": "5.15",
            "close": "5.145"
        },
        {
            "time": "14.07.2021 05:10",
            "open": "5.145",
            "high": "5.145",
            "low": "5.145",
            "close": "5.14"
        },
        {
            "time": "14.07.2021 05:15",
            "open": "5.14",
            "high": "5.14",
            "low": "5.13",
            "close": "5.13"
        },
        {
            "time": "14.07.2021 05:16",
            "open": "5.13",
            "high": "5.13",
            "low": "5.13",
            "close": "5.125"
        },
        {
            "time": "14.07.2021 05:17",
            "open": "5.125",
            "high": "5.125",
            "low": "5.125",
            "close": "5.1115"
        },
        {
            "time": "14.07.2021 05:18",
            "open": "5.1115",
            "high": "5.1115",
            "low": "5.1115",
            "close": "5.1115"
        },
        {
            "time": "14.07.2021 05:20",
            "open": "5.1115",
            "high": "5.1115",
            "low": "5.0963",
            "close": "5.0963"
        },
        {
            "time": "14.07.2021 05:21",
            "open": "5.0963",
            "high": "5.0963",
            "low": "5.0963",
            "close": "5.0931"
        },
        {
            "time": "14.07.2021 05:22",
            "open": "5.0931",
            "high": "5.0931",
            "low": "5.0705",
            "close": "5.0568"
        },
        {
            "time": "14.07.2021 05:23",
            "open": "5.0568",
            "high": "5.0568",
            "low": "5.0404",
            "close": "5.0317"
        },
        {
            "time": "14.07.2021 05:24",
            "open": "5.0317",
            "high": "5.0317",
            "low": "4.9626",
            "close": "4.9813"
        },
        {
            "time": "14.07.2021 05:25",
            "open": "4.9813",
            "high": "4.9813",
            "low": "4.9461",
            "close": "4.9686"
        },
        {
            "time": "14.07.2021 05:27",
            "open": "4.9686",
            "high": "4.9813",
            "low": "4.9686",
            "close": "4.9564"
        },
        {
            "time": "14.07.2021 05:30",
            "open": "4.9564",
            "high": "4.9564",
            "low": "4.9355",
            "close": "4.9458"
        },
        {
            "time": "14.07.2021 05:32",
            "open": "4.9458",
            "high": "4.9458",
            "low": "4.9316",
            "close": "4.928"
        },
        {
            "time": "14.07.2021 05:33",
            "open": "4.928",
            "high": "4.9564",
            "low": "4.928",
            "close": "4.935"
        },
        {
            "time": "14.07.2021 05:34",
            "open": "4.935",
            "high": "4.9374",
            "low": "4.9123",
            "close": "4.945"
        },
        {
            "time": "14.07.2021 05:35",
            "open": "4.945",
            "high": "4.945",
            "low": "4.9412",
            "close": "4.95"
        },
        {
            "time": "14.07.2021 05:36",
            "open": "4.95",
            "high": "4.95",
            "low": "4.95",
            "close": "4.955"
        },
        {
            "time": "14.07.2021 05:37",
            "open": "4.955",
            "high": "4.9564",
            "low": "4.9459",
            "close": "4.9585"
        },
        {
            "time": "14.07.2021 05:39",
            "open": "4.9585",
            "high": "4.96",
            "low": "4.9585",
            "close": "4.965"
        },
        {
            "time": "14.07.2021 05:40",
            "open": "4.965",
            "high": "4.9656",
            "low": "4.965",
            "close": "4.97"
        },
        {
            "time": "14.07.2021 05:44",
            "open": "4.97",
            "high": "4.9813",
            "low": "4.97",
            "close": "4.9813"
        },
        {
            "time": "14.07.2021 05:45",
            "open": "4.9813",
            "high": "4.9813",
            "low": "4.9671",
            "close": "4.96"
        },
        {
            "time": "14.07.2021 05:47",
            "open": "4.96",
            "high": "4.96",
            "low": "4.96",
            "close": "4.96"
        },
        {
            "time": "14.07.2021 05:48",
            "open": "4.96",
            "high": "4.96",
            "low": "4.95",
            "close": "4.95"
        },
        {
            "time": "14.07.2021 05:51",
            "open": "4.95",
            "high": "4.95",
            "low": "4.935",
            "close": "4.96"
        },
        {
            "time": "14.07.2021 05:54",
            "open": "4.96",
            "high": "4.96",
            "low": "4.96",
            "close": "4.965"
        },
        {
            "time": "14.07.2021 05:55",
            "open": "4.965",
            "high": "4.965",
            "low": "4.965",
            "close": "4.97"
        },
        {
            "time": "14.07.2021 05:56",
            "open": "4.97",
            "high": "4.97",
            "low": "4.97",
            "close": "4.9664"
        },
        {
            "time": "14.07.2021 05:57",
            "open": "4.9664",
            "high": "4.9665",
            "low": "4.9601",
            "close": "4.95"
        },
        {
            "time": "14.07.2021 06:03",
            "open": "4.95",
            "high": "4.95",
            "low": "4.95",
            "close": "4.95"
        },
        {
            "time": "14.07.2021 06:04",
            "open": "4.95",
            "high": "4.95",
            "low": "4.95",
            "close": "4.9684"
        },
        {
            "time": "14.07.2021 06:08",
            "open": "4.9684",
            "high": "4.9684",
            "low": "4.9684",
            "close": "4.97"
        },
        {
            "time": "14.07.2021 06:09",
            "open": "4.97",
            "high": "4.97",
            "low": "4.97",
            "close": "4.9726"
        },
        {
            "time": "14.07.2021 06:11",
            "open": "4.9726",
            "high": "4.9726",
            "low": "4.9726",
            "close": "4.975"
        },
        {
            "time": "14.07.2021 06:12",
            "open": "4.975",
            "high": "4.9813",
            "low": "4.975",
            "close": "4.985"
        },
        {
            "time": "14.07.2021 06:13",
            "open": "4.985",
            "high": "4.985",
            "low": "4.985",
            "close": "4.99"
        },
        {
            "time": "14.07.2021 06:14",
            "open": "4.99",
            "high": "4.99",
            "low": "4.99",
            "close": "4.995"
        },
        {
            "time": "14.07.2021 06:17",
            "open": "4.995",
            "high": "4.995",
            "low": "4.995",
            "close": "5"
        },
        {
            "time": "14.07.2021 06:18",
            "open": "5",
            "high": "5.01",
            "low": "5",
            "close": "5.015"
        },
        {
            "time": "14.07.2021 06:19",
            "open": "5.015",
            "high": "5.015",
            "low": "5.015",
            "close": "5.02"
        },
        {
            "time": "14.07.2021 06:20",
            "open": "5.02",
            "high": "5.0206",
            "low": "5.0187",
            "close": "5.025"
        },
        {
            "time": "14.07.2021 06:26",
            "open": "5.025",
            "high": "5.025",
            "low": "5.025",
            "close": "5.0095"
        },
        {
            "time": "14.07.2021 06:32",
            "open": "5.0095",
            "high": "5.0121",
            "low": "5.0095",
            "close": "5.005"
        },
        {
            "time": "14.07.2021 06:33",
            "open": "5.005",
            "high": "5.005",
            "low": "5.005",
            "close": "5.005"
        },
        {
            "time": "14.07.2021 06:34",
            "open": "5.005",
            "high": "5.005",
            "low": "5.005",
            "close": "5.005"
        },
        {
            "time": "14.07.2021 06:37",
            "open": "5.005",
            "high": "5.005",
            "low": "5.005",
            "close": "5.0127"
        },
        {
            "time": "14.07.2021 06:39",
            "open": "5.0127",
            "high": "5.0154",
            "low": "5.0127",
            "close": "5.0154"
        },
        {
            "time": "14.07.2021 06:40",
            "open": "5.0154",
            "high": "5.0154",
            "low": "5.0154",
            "close": "5"
        },
        {
            "time": "14.07.2021 06:45",
            "open": "5",
            "high": "5",
            "low": "4.99",
            "close": "5.0004"
        },
        {
            "time": "14.07.2021 06:47",
            "open": "5.0004",
            "high": "5.0004",
            "low": "5.0004",
            "close": "5.0027"
        },
        {
            "time": "14.07.2021 06:48",
            "open": "5.0027",
            "high": "5.0027",
            "low": "5.0027",
            "close": "5.0051"
        },
        {
            "time": "14.07.2021 06:52",
            "open": "5.0051",
            "high": "5.0051",
            "low": "5.0051",
            "close": "4.985"
        },
        {
            "time": "14.07.2021 07:04",
            "open": "4.985",
            "high": "4.985",
            "low": "4.97",
            "close": "4.99"
        },
        {
            "time": "14.07.2021 07:08",
            "open": "4.99",
            "high": "4.99",
            "low": "4.99",
            "close": "4.995"
        },
        {
            "time": "14.07.2021 07:09",
            "open": "4.995",
            "high": "4.995",
            "low": "4.995",
            "close": "4.995"
        },
        {
            "time": "14.07.2021 07:12",
            "open": "4.995",
            "high": "4.995",
            "low": "4.995",
            "close": "4.9895"
        },
        {
            "time": "14.07.2021 07:14",
            "open": "4.9895",
            "high": "4.9895",
            "low": "4.984",
            "close": "4.9803"
        },
        {
            "time": "14.07.2021 07:20",
            "open": "4.9803",
            "high": "4.9803",
            "low": "4.9803",
            "close": "4.975"
        },
        {
            "time": "14.07.2021 07:21",
            "open": "4.975",
            "high": "4.975",
            "low": "4.97",
            "close": "4.965"
        },
        {
            "time": "14.07.2021 07:22",
            "open": "4.965",
            "high": "4.965",
            "low": "4.945",
            "close": "4.9659"
        },
        {
            "time": "14.07.2021 07:24",
            "open": "4.9659",
            "high": "4.97",
            "low": "4.9659",
            "close": "4.975"
        },
        {
            "time": "14.07.2021 07:25",
            "open": "4.975",
            "high": "4.975",
            "low": "4.975",
            "close": "4.975"
        },
        {
            "time": "14.07.2021 07:28",
            "open": "4.975",
            "high": "4.975",
            "low": "4.975",
            "close": "4.955"
        },
        {
            "time": "14.07.2021 07:29",
            "open": "4.955",
            "high": "4.955",
            "low": "4.955",
            "close": "4.955"
        },
        {
            "time": "14.07.2021 07:34",
            "open": "4.955",
            "high": "4.955",
            "low": "4.94",
            "close": "4.935"
        },
        {
            "time": "14.07.2021 07:37",
            "open": "4.935",
            "high": "4.935",
            "low": "4.93",
            "close": "4.93"
        },
        {
            "time": "14.07.2021 07:38",
            "open": "4.93",
            "high": "4.93",
            "low": "4.925",
            "close": "4.9235"
        },
        {
            "time": "14.07.2021 07:39",
            "open": "4.9235",
            "high": "4.925",
            "low": "4.9235",
            "close": "4.93"
        },
        {
            "time": "14.07.2021 07:40",
            "open": "4.93",
            "high": "4.94",
            "low": "4.93",
            "close": "4.9378"
        },
        {
            "time": "14.07.2021 07:43",
            "open": "4.9378",
            "high": "4.9378",
            "low": "4.905",
            "close": "4.9028"
        },
        {
            "time": "14.07.2021 07:44",
            "open": "4.9028",
            "high": "4.9154",
            "low": "4.8903",
            "close": "4.905"
        },
        {
            "time": "14.07.2021 07:45",
            "open": "4.905",
            "high": "4.92",
            "low": "4.9",
            "close": "4.925"
        },
        {
            "time": "14.07.2021 07:46",
            "open": "4.925",
            "high": "4.9347",
            "low": "4.925",
            "close": "4.935"
        },
        {
            "time": "14.07.2021 07:47",
            "open": "4.935",
            "high": "4.96",
            "low": "4.935",
            "close": "4.965"
        },
        {
            "time": "14.07.2021 07:48",
            "open": "4.965",
            "high": "4.965",
            "low": "4.9579",
            "close": "4.97"
        },
        {
            "time": "14.07.2021 07:49",
            "open": "4.97",
            "high": "4.97",
            "low": "4.97",
            "close": "4.95"
        },
        {
            "time": "14.07.2021 07:52",
            "open": "4.95",
            "high": "4.95",
            "low": "4.95",
            "close": "4.95"
        },
        {
            "time": "14.07.2021 07:53",
            "open": "4.95",
            "high": "4.95",
            "low": "4.925",
            "close": "4.925"
        },
        {
            "time": "14.07.2021 07:54",
            "open": "4.925",
            "high": "4.925",
            "low": "4.9069",
            "close": "4.9069"
        },
        {
            "time": "14.07.2021 07:56",
            "open": "4.9069",
            "high": "4.9069",
            "low": "4.905",
            "close": "4.925"
        },
        {
            "time": "14.07.2021 07:58",
            "open": "4.925",
            "high": "4.925",
            "low": "4.925",
            "close": "4.93"
        },
        {
            "time": "14.07.2021 08:00",
            "open": "4.93",
            "high": "4.94",
            "low": "4.93",
            "close": "4.945"
        },
        {
            "time": "14.07.2021 08:01",
            "open": "4.945",
            "high": "4.945",
            "low": "4.945",
            "close": "4.9498"
        },
        {
            "time": "14.07.2021 08:02",
            "open": "4.9498",
            "high": "4.9564",
            "low": "4.9498",
            "close": "4.9505"
        },
        {
            "time": "14.07.2021 08:03",
            "open": "4.9505",
            "high": "4.9505",
            "low": "4.9505",
            "close": "4.9564"
        },
        {
            "time": "14.07.2021 08:04",
            "open": "4.9564",
            "high": "4.9564",
            "low": "4.9564",
            "close": "4.935"
        },
        {
            "time": "14.07.2021 08:07",
            "open": "4.935",
            "high": "4.935",
            "low": "4.935",
            "close": "4.935"
        },
        {
            "time": "14.07.2021 08:08",
            "open": "4.935",
            "high": "4.935",
            "low": "4.92",
            "close": "4.915"
        },
        {
            "time": "14.07.2021 08:09",
            "open": "4.915",
            "high": "4.915",
            "low": "4.915",
            "close": "4.915"
        },
        {
            "time": "14.07.2021 08:13",
            "open": "4.915",
            "high": "4.915",
            "low": "4.905",
            "close": "4.9057"
        },
        {
            "time": "14.07.2021 08:14",
            "open": "4.9057",
            "high": "4.9109",
            "low": "4.9057",
            "close": "4.9"
        },
        {
            "time": "14.07.2021 08:15",
            "open": "4.9",
            "high": "4.9185",
            "low": "4.9",
            "close": "4.92"
        },
        {
            "time": "14.07.2021 08:16",
            "open": "4.92",
            "high": "4.945",
            "low": "4.92",
            "close": "4.95"
        },
        {
            "time": "14.07.2021 08:19",
            "open": "4.95",
            "high": "4.95",
            "low": "4.95",
            "close": "4.93"
        },
        {
            "time": "14.07.2021 08:22",
            "open": "4.93",
            "high": "4.93",
            "low": "4.93",
            "close": "4.93"
        },
        {
            "time": "14.07.2021 08:24",
            "open": "4.93",
            "high": "4.9336",
            "low": "4.925",
            "close": "4.9464"
        },
        {
            "time": "14.07.2021 08:28",
            "open": "4.9464",
            "high": "4.9465",
            "low": "4.9464",
            "close": "4.95"
        },
        {
            "time": "14.07.2021 08:30",
            "open": "4.95",
            "high": "4.9564",
            "low": "4.95",
            "close": "4.9564"
        },
        {
            "time": "14.07.2021 08:31",
            "open": "4.9564",
            "high": "4.9647",
            "low": "4.9564",
            "close": "4.9577"
        },
        {
            "time": "14.07.2021 08:33",
            "open": "4.9577",
            "high": "4.9577",
            "low": "4.9577",
            "close": "4.965"
        },
        {
            "time": "14.07.2021 08:34",
            "open": "4.965",
            "high": "4.97",
            "low": "4.965",
            "close": "4.975"
        },
        {
            "time": "14.07.2021 08:37",
            "open": "4.975",
            "high": "4.975",
            "low": "4.975",
            "close": "4.98"
        },
        {
            "time": "14.07.2021 08:38",
            "open": "4.98",
            "high": "4.985",
            "low": "4.98",
            "close": "4.9893"
        },
        {
            "time": "14.07.2021 08:39",
            "open": "4.9893",
            "high": "4.9893",
            "low": "4.9893",
            "close": "4.99"
        },
        {
            "time": "14.07.2021 08:40",
            "open": "4.99",
            "high": "4.99",
            "low": "4.99",
            "close": "4.995"
        },
        {
            "time": "14.07.2021 08:41",
            "open": "4.995",
            "high": "4.9999",
            "low": "4.995",
            "close": "4.9998"
        },
        {
            "time": "14.07.2021 08:43",
            "open": "4.9998",
            "high": "5.0048",
            "low": "4.9998",
            "close": "4.98"
        },
        {
            "time": "14.07.2021 08:44",
            "open": "4.98",
            "high": "4.98",
            "low": "4.98",
            "close": "4.98"
        },
        {
            "time": "14.07.2021 08:45",
            "open": "4.98",
            "high": "4.98",
            "low": "4.97",
            "close": "4.97"
        },
        {
            "time": "14.07.2021 08:47",
            "open": "4.97",
            "high": "4.97",
            "low": "4.965",
            "close": "4.9776"
        },
        {
            "time": "14.07.2021 08:50",
            "open": "4.9776",
            "high": "4.9776",
            "low": "4.9776",
            "close": "4.966"
        },
        {
            "time": "14.07.2021 08:51",
            "open": "4.966",
            "high": "4.966",
            "low": "4.966",
            "close": "4.966"
        },
        {
            "time": "14.07.2021 08:55",
            "open": "4.966",
            "high": "4.966",
            "low": "4.95",
            "close": "4.95"
        },
        {
            "time": "14.07.2021 08:56",
            "open": "4.95",
            "high": "4.95",
            "low": "4.945",
            "close": "4.945"
        },
        {
            "time": "14.07.2021 08:58",
            "open": "4.945",
            "high": "4.945",
            "low": "4.935",
            "close": "4.9469"
        },
        {
            "time": "14.07.2021 08:59",
            "open": "4.9469",
            "high": "4.9469",
            "low": "4.9469",
            "close": "4.9518"
        },
        {
            "time": "14.07.2021 09:03",
            "open": "4.9518",
            "high": "4.9518",
            "low": "4.9518",
            "close": "4.96"
        },
        {
            "time": "14.07.2021 09:04",
            "open": "4.96",
            "high": "4.97",
            "low": "4.96",
            "close": "4.975"
        },
        {
            "time": "14.07.2021 09:05",
            "open": "4.975",
            "high": "4.9798",
            "low": "4.975",
            "close": "4.98"
        },
        {
            "time": "14.07.2021 09:06",
            "open": "4.98",
            "high": "5.0049",
            "low": "4.98",
            "close": "4.98"
        },
        {
            "time": "14.07.2021 09:10",
            "open": "4.98",
            "high": "4.98",
            "low": "4.975",
            "close": "5"
        },
        {
            "time": "14.07.2021 09:16",
            "open": "5",
            "high": "5.0063",
            "low": "5",
            "close": "5.005"
        },
        {
            "time": "14.07.2021 09:17",
            "open": "5.005",
            "high": "5.005",
            "low": "5.005",
            "close": "4.9986"
        },
        {
            "time": "14.07.2021 09:18",
            "open": "4.9986",
            "high": "5.01",
            "low": "4.9986",
            "close": "5.0133"
        },
        {
            "time": "14.07.2021 09:20",
            "open": "5.0133",
            "high": "5.0133",
            "low": "5.0133",
            "close": "5.0088"
        },
        {
            "time": "14.07.2021 09:27",
            "open": "5.0088",
            "high": "5.0088",
            "low": "5.0088",
            "close": "4.9944"
        },
        {
            "time": "14.07.2021 09:28",
            "open": "4.9944",
            "high": "4.9944",
            "low": "4.9944",
            "close": "4.99"
        },
        {
            "time": "14.07.2021 09:32",
            "open": "4.99",
            "high": "4.99",
            "low": "4.99",
            "close": "4.99"
        },
        {
            "time": "14.07.2021 09:33",
            "open": "4.99",
            "high": "4.99",
            "low": "4.99",
            "close": "5.0014"
        },
        {
            "time": "14.07.2021 09:34",
            "open": "5.0014",
            "high": "5.0014",
            "low": "5.0014",
            "close": "5.0095"
        },
        {
            "time": "14.07.2021 09:35",
            "open": "5.0095",
            "high": "5.015",
            "low": "5.0095",
            "close": "5.02"
        },
        {
            "time": "14.07.2021 09:36",
            "open": "5.02",
            "high": "5.025",
            "low": "5.02",
            "close": "5.0155"
        },
        {
            "time": "14.07.2021 09:43",
            "open": "5.0155",
            "high": "5.0155",
            "low": "5.0155",
            "close": "5.0155"
        },
        {
            "time": "14.07.2021 09:44",
            "open": "5.0155",
            "high": "5.0155",
            "low": "5.0057",
            "close": "5.03"
        },
        {
            "time": "14.07.2021 09:45",
            "open": "5.03",
            "high": "5.03",
            "low": "5.03",
            "close": "5.0315"
        },
        {
            "time": "14.07.2021 09:49",
            "open": "5.0315",
            "high": "5.0315",
            "low": "5.0271",
            "close": "5.01"
        },
        {
            "time": "14.07.2021 10:01",
            "open": "5.01",
            "high": "5.01",
            "low": "5.01",
            "close": "5.01"
        },
        {
            "time": "14.07.2021 10:02",
            "open": "5.01",
            "high": "5.01",
            "low": "5.0063",
            "close": "5.005"
        },
        {
            "time": "14.07.2021 10:03",
            "open": "5.005",
            "high": "5.005",
            "low": "5.005",
            "close": "5.005"
        },
        {
            "time": "14.07.2021 10:04",
            "open": "5.005",
            "high": "5.005",
            "low": "5.005",
            "close": "5.005"
        },
        {
            "time": "14.07.2021 10:05",
            "open": "5.005",
            "high": "5.0154",
            "low": "5.005",
            "close": "5.025"
        },
        {
            "time": "14.07.2021 10:06",
            "open": "5.025",
            "high": "5.0315",
            "low": "5.025",
            "close": "5.0277"
        },
        {
            "time": "14.07.2021 10:15",
            "open": "5.0277",
            "high": "5.0277",
            "low": "5.0277",
            "close": "5.0154"
        },
        {
            "time": "14.07.2021 10:17",
            "open": "5.0154",
            "high": "5.0154",
            "low": "5.0154",
            "close": "5.01"
        },
        {
            "time": "14.07.2021 10:18",
            "open": "5.01",
            "high": "5.01",
            "low": "5.005",
            "close": "5.02"
        },
        {
            "time": "14.07.2021 10:22",
            "open": "5.02",
            "high": "5.0295",
            "low": "5.02",
            "close": "5.0265"
        },
        {
            "time": "14.07.2021 10:31",
            "open": "5.0265",
            "high": "5.0265",
            "low": "5.0265",
            "close": "5.0216"
        },
        {
            "time": "14.07.2021 10:39",
            "open": "5.0216",
            "high": "5.0216",
            "low": "5.0216",
            "close": "5.005"
        },
        {
            "time": "14.07.2021 10:44",
            "open": "5.005",
            "high": "5.005",
            "low": "5",
            "close": "5"
        },
        {
            "time": "14.07.2021 10:49",
            "open": "5",
            "high": "5",
            "low": "4.98",
            "close": "4.9824"
        },
        {
            "time": "14.07.2021 10:51",
            "open": "4.9824",
            "high": "4.9824",
            "low": "4.9824",
            "close": "4.9867"
        },
        {
            "time": "14.07.2021 10:52",
            "open": "4.9867",
            "high": "4.9868",
            "low": "4.9867",
            "close": "4.98"
        },
        {
            "time": "14.07.2021 10:54",
            "open": "4.98",
            "high": "4.98",
            "low": "4.95",
            "close": "4.95"
        },
        {
            "time": "14.07.2021 10:55",
            "open": "4.95",
            "high": "4.9549",
            "low": "4.945",
            "close": "4.945"
        },
        {
            "time": "14.07.2021 10:57",
            "open": "4.945",
            "high": "4.945",
            "low": "4.94",
            "close": "4.935"
        },
        {
            "time": "14.07.2021 10:58",
            "open": "4.935",
            "high": "4.9413",
            "low": "4.9323",
            "close": "4.9316"
        },
        {
            "time": "14.07.2021 11:00",
            "open": "4.9316",
            "high": "4.9316",
            "low": "4.905",
            "close": "4.925"
        },
        {
            "time": "14.07.2021 11:02",
            "open": "4.925",
            "high": "4.9564",
            "low": "4.925",
            "close": "4.9564"
        },
        {
            "time": "14.07.2021 11:03",
            "open": "4.9564",
            "high": "5.01",
            "low": "4.9564",
            "close": "5.015"
        },
        {
            "time": "14.07.2021 11:04",
            "open": "5.015",
            "high": "5.035",
            "low": "5.015",
            "close": "5.04"
        },
        {
            "time": "14.07.2021 11:05",
            "open": "5.04",
            "high": "5.0547",
            "low": "5.04",
            "close": "5.055"
        },
        {
            "time": "14.07.2021 11:06",
            "open": "5.055",
            "high": "5.065",
            "low": "5.055",
            "close": "5.07"
        },
        {
            "time": "14.07.2021 11:07",
            "open": "5.07",
            "high": "5.075",
            "low": "5.07",
            "close": "5.0551"
        },
        {
            "time": "14.07.2021 11:08",
            "open": "5.0551",
            "high": "5.0551",
            "low": "5.045",
            "close": "5.045"
        },
        {
            "time": "14.07.2021 11:10",
            "open": "5.045",
            "high": "5.065",
            "low": "5.0301",
            "close": "5.0526"
        },
        {
            "time": "14.07.2021 11:11",
            "open": "5.0526",
            "high": "5.055",
            "low": "5.0526",
            "close": "5.065"
        },
        {
            "time": "14.07.2021 11:14",
            "open": "5.065",
            "high": "5.07",
            "low": "5.065",
            "close": "5.075"
        },
        {
            "time": "14.07.2021 11:15",
            "open": "5.075",
            "high": "5.08",
            "low": "5.075",
            "close": "5.0822"
        },
        {
            "time": "14.07.2021 11:16",
            "open": "5.0822",
            "high": "5.135",
            "low": "5.0822",
            "close": "5.1289"
        },
        {
            "time": "14.07.2021 11:17",
            "open": "5.1289",
            "high": "5.1408",
            "low": "5.1289",
            "close": "5.12"
        },
        {
            "time": "14.07.2021 11:20",
            "open": "5.12",
            "high": "5.12",
            "low": "5.12",
            "close": "5.12"
        },
        {
            "time": "14.07.2021 11:21",
            "open": "5.12",
            "high": "5.12",
            "low": "5.115",
            "close": "5.1125"
        },
        {
            "time": "14.07.2021 11:22",
            "open": "5.1125",
            "high": "5.1125",
            "low": "5.1125",
            "close": "5.11"
        },
        {
            "time": "14.07.2021 11:25",
            "open": "5.11",
            "high": "5.1117",
            "low": "5.11",
            "close": "5.1077"
        },
        {
            "time": "14.07.2021 11:26",
            "open": "5.1077",
            "high": "5.1077",
            "low": "5.1",
            "close": "5.1"
        },
        {
            "time": "14.07.2021 11:31",
            "open": "5.1",
            "high": "5.1",
            "low": "5.0955",
            "close": "5.099"
        },
        {
            "time": "14.07.2021 11:32",
            "open": "5.099",
            "high": "5.099",
            "low": "5.099",
            "close": "5.0953"
        },
        {
            "time": "14.07.2021 11:33",
            "open": "5.0953",
            "high": "5.0953",
            "low": "5.0953",
            "close": "5.0953"
        },
        {
            "time": "14.07.2021 11:34",
            "open": "5.0953",
            "high": "5.1153",
            "low": "5.0953",
            "close": "5.109"
        },
        {
            "time": "14.07.2021 11:35",
            "open": "5.109",
            "high": "5.109",
            "low": "5.109",
            "close": "5.095"
        },
        {
            "time": "14.07.2021 11:37",
            "open": "5.095",
            "high": "5.0985",
            "low": "5.0853",
            "close": "5.085"
        },
        {
            "time": "14.07.2021 11:39",
            "open": "5.085",
            "high": "5.085",
            "low": "5.085",
            "close": "5.0851"
        },
        {
            "time": "14.07.2021 11:43",
            "open": "5.0851",
            "high": "5.0851",
            "low": "5.0822",
            "close": "5.0822"
        },
        {
            "time": "14.07.2021 11:45",
            "open": "5.0822",
            "high": "5.0822",
            "low": "5.07",
            "close": "5.0701"
        },
        {
            "time": "14.07.2021 11:46",
            "open": "5.0701",
            "high": "5.0701",
            "low": "5.0701",
            "close": "5.07"
        },
        {
            "time": "14.07.2021 11:48",
            "open": "5.07",
            "high": "5.07",
            "low": "5.065",
            "close": "5.065"
        },
        {
            "time": "14.07.2021 11:49",
            "open": "5.065",
            "high": "5.065",
            "low": "5.0568",
            "close": "5.0598"
        },
        {
            "time": "14.07.2021 11:50",
            "open": "5.0598",
            "high": "5.0598",
            "low": "5.0598",
            "close": "5.0584"
        },
        {
            "time": "14.07.2021 11:51",
            "open": "5.0584",
            "high": "5.0634",
            "low": "5.0584",
            "close": "5.08"
        },
        {
            "time": "14.07.2021 11:55",
            "open": "5.08",
            "high": "5.0812",
            "low": "5.08",
            "close": "5.0796"
        },
        {
            "time": "14.07.2021 11:58",
            "open": "5.0796",
            "high": "5.0796",
            "low": "5.0796",
            "close": "5.0839"
        },
        {
            "time": "14.07.2021 12:00",
            "open": "5.0839",
            "high": "5.0839",
            "low": "5.0839",
            "close": "5.0686"
        },
        {
            "time": "14.07.2021 12:01",
            "open": "5.0686",
            "high": "5.0686",
            "low": "5.0686",
            "close": "5.0673"
        },
        {
            "time": "14.07.2021 12:03",
            "open": "5.0673",
            "high": "5.0673",
            "low": "5.0621",
            "close": "5.0806"
        },
        {
            "time": "14.07.2021 12:06",
            "open": "5.0806",
            "high": "5.0806",
            "low": "5.0806",
            "close": "5.0848"
        },
        {
            "time": "14.07.2021 12:07",
            "open": "5.0848",
            "high": "5.0848",
            "low": "5.0848",
            "close": "5.085"
        },
        {
            "time": "14.07.2021 12:08",
            "open": "5.085",
            "high": "5.09",
            "low": "5.085",
            "close": "5.09"
        },
        {
            "time": "14.07.2021 12:09",
            "open": "5.09",
            "high": "5.09",
            "low": "5.09",
            "close": "5.095"
        },
        {
            "time": "14.07.2021 12:10",
            "open": "5.095",
            "high": "5.095",
            "low": "5.095",
            "close": "5.1"
        },
        {
            "time": "14.07.2021 12:11",
            "open": "5.1",
            "high": "5.1",
            "low": "5.1",
            "close": "5.1"
        },
        {
            "time": "14.07.2021 12:13",
            "open": "5.1",
            "high": "5.105",
            "low": "5.1",
            "close": "5.1077"
        },
        {
            "time": "14.07.2021 12:14",
            "open": "5.1077",
            "high": "5.1077",
            "low": "5.1077",
            "close": "5.11"
        },
        {
            "time": "14.07.2021 12:15",
            "open": "5.11",
            "high": "5.12",
            "low": "5.11",
            "close": "5.125"
        },
        {
            "time": "14.07.2021 12:16",
            "open": "5.125",
            "high": "5.14",
            "low": "5.125",
            "close": "5.1242"
        },
        {
            "time": "14.07.2021 12:17",
            "open": "5.1242",
            "high": "5.1242",
            "low": "5.1242",
            "close": "5.14"
        },
        {
            "time": "14.07.2021 12:18",
            "open": "5.14",
            "high": "5.145",
            "low": "5.14",
            "close": "5.125"
        },
        {
            "time": "14.07.2021 12:23",
            "open": "5.125",
            "high": "5.125",
            "low": "5.125",
            "close": "5.1293"
        },
        {
            "time": "14.07.2021 12:24",
            "open": "5.1293",
            "high": "5.1293",
            "low": "5.1293",
            "close": "5.125"
        },
        {
            "time": "14.07.2021 12:25",
            "open": "5.125",
            "high": "5.125",
            "low": "5.125",
            "close": "5.128"
        },
        {
            "time": "14.07.2021 12:26",
            "open": "5.128",
            "high": "5.155",
            "low": "5.128",
            "close": "5.1434"
        },
        {
            "time": "14.07.2021 12:32",
            "open": "5.1434",
            "high": "5.1434",
            "low": "5.1434",
            "close": "5.135"
        },
        {
            "time": "14.07.2021 12:33",
            "open": "5.135",
            "high": "5.135",
            "low": "5.135",
            "close": "5.13"
        },
        {
            "time": "14.07.2021 12:34",
            "open": "5.13",
            "high": "5.13",
            "low": "5.125",
            "close": "5.12"
        },
        {
            "time": "14.07.2021 12:46",
            "open": "5.12",
            "high": "5.12",
            "low": "5.12",
            "close": "5.115"
        },
        {
            "time": "14.07.2021 12:47",
            "open": "5.115",
            "high": "5.115",
            "low": "5.1077",
            "close": "5.1077"
        },
        {
            "time": "14.07.2021 12:48",
            "open": "5.1077",
            "high": "5.1077",
            "low": "5.1077",
            "close": "5.105"
        },
        {
            "time": "14.07.2021 12:50",
            "open": "5.105",
            "high": "5.105",
            "low": "5.105",
            "close": "5.12"
        },
        {
            "time": "14.07.2021 12:54",
            "open": "5.12",
            "high": "5.125",
            "low": "5.12",
            "close": "5.1234"
        },
        {
            "time": "14.07.2021 12:57",
            "open": "5.1234",
            "high": "5.1254",
            "low": "5.1234",
            "close": "5.1243"
        },
        {
            "time": "14.07.2021 13:00",
            "open": "5.1243",
            "high": "5.1342",
            "low": "5.1243",
            "close": "5.135"
        },
        {
            "time": "14.07.2021 13:01",
            "open": "5.135",
            "high": "5.1551",
            "low": "5.135",
            "close": "5.135"
        },
        {
            "time": "14.07.2021 13:10",
            "open": "5.135",
            "high": "5.135",
            "low": "5.135",
            "close": "5.1322"
        },
        {
            "time": "14.07.2021 13:14",
            "open": "5.1322",
            "high": "5.1322",
            "low": "5.13",
            "close": "5.125"
        },
        {
            "time": "14.07.2021 13:15",
            "open": "5.125",
            "high": "5.125",
            "low": "5.125",
            "close": "5.1206"
        },
        {
            "time": "14.07.2021 13:17",
            "open": "5.1206",
            "high": "5.1206",
            "low": "5.1206",
            "close": "5.1343"
        },
        {
            "time": "14.07.2021 13:20",
            "open": "5.1343",
            "high": "5.1343",
            "low": "5.1343",
            "close": "5.1345"
        },
        {
            "time": "14.07.2021 13:21",
            "open": "5.1345",
            "high": "5.1345",
            "low": "5.1345",
            "close": "5.12"
        },
        {
            "time": "14.07.2021 13:22",
            "open": "5.12",
            "high": "5.12",
            "low": "5.12",
            "close": "5.115"
        },
        {
            "time": "14.07.2021 13:23",
            "open": "5.115",
            "high": "5.115",
            "low": "5.115",
            "close": "5.11"
        },
        {
            "time": "14.07.2021 13:31",
            "open": "5.11",
            "high": "5.11",
            "low": "5.1077",
            "close": "5.105"
        },
        {
            "time": "14.07.2021 13:32",
            "open": "5.105",
            "high": "5.105",
            "low": "5.105",
            "close": "5.105"
        },
        {
            "time": "14.07.2021 13:34",
            "open": "5.105",
            "high": "5.1143",
            "low": "5.105",
            "close": "5.1"
        },
        {
            "time": "14.07.2021 13:38",
            "open": "5.1",
            "high": "5.1",
            "low": "5.08",
            "close": "5.08"
        },
        {
            "time": "14.07.2021 13:39",
            "open": "5.08",
            "high": "5.08",
            "low": "5.0784",
            "close": "5.0781"
        },
        {
            "time": "14.07.2021 13:40",
            "open": "5.0781",
            "high": "5.0883",
            "low": "5.0781",
            "close": "5.1"
        },
        {
            "time": "14.07.2021 13:42",
            "open": "5.1",
            "high": "5.1024",
            "low": "5.1",
            "close": "5.1049"
        },
        {
            "time": "14.07.2021 13:45",
            "open": "5.1049",
            "high": "5.1049",
            "low": "5.1049",
            "close": "5.105"
        },
        {
            "time": "14.07.2021 13:46",
            "open": "5.105",
            "high": "5.11",
            "low": "5.105",
            "close": "5.115"
        },
        {
            "time": "14.07.2021 13:52",
            "open": "5.115",
            "high": "5.1198",
            "low": "5.115",
            "close": "5.12"
        },
        {
            "time": "14.07.2021 13:53",
            "open": "5.12",
            "high": "5.12",
            "low": "5.12",
            "close": "5.1141"
        },
        {
            "time": "14.07.2021 13:54",
            "open": "5.1141",
            "high": "5.1141",
            "low": "5.1141",
            "close": "5.125"
        },
        {
            "time": "14.07.2021 14:00",
            "open": "5.125",
            "high": "5.1369",
            "low": "5.125",
            "close": "5.115"
        },
        {
            "time": "14.07.2021 14:01",
            "open": "5.115",
            "high": "5.115",
            "low": "5.1",
            "close": "5.1023"
        },
        {
            "time": "14.07.2021 14:06",
            "open": "5.1023",
            "high": "5.1023",
            "low": "5.095",
            "close": "5.09"
        },
        {
            "time": "14.07.2021 14:08",
            "open": "5.09",
            "high": "5.09",
            "low": "5.0822",
            "close": "5.0823"
        },
        {
            "time": "14.07.2021 14:12",
            "open": "5.0823",
            "high": "5.0823",
            "low": "5.08",
            "close": "5.075"
        },
        {
            "time": "14.07.2021 14:14",
            "open": "5.075",
            "high": "5.075",
            "low": "5.075",
            "close": "5.07"
        },
        {
            "time": "14.07.2021 14:17",
            "open": "5.07",
            "high": "5.07",
            "low": "5.0565",
            "close": "5.055"
        },
        {
            "time": "14.07.2021 14:18",
            "open": "5.055",
            "high": "5.055",
            "low": "5.045",
            "close": "5.065"
        },
        {
            "time": "14.07.2021 14:20",
            "open": "5.065",
            "high": "5.065",
            "low": "5.065",
            "close": "5.0679"
        },
        {
            "time": "14.07.2021 14:22",
            "open": "5.0679",
            "high": "5.0679",
            "low": "5.0679",
            "close": "5.0675"
        },
        {
            "time": "14.07.2021 14:23",
            "open": "5.0675",
            "high": "5.0675",
            "low": "5.0675",
            "close": "5.0687"
        },
        {
            "time": "14.07.2021 14:30",
            "open": "5.0687",
            "high": "5.0687",
            "low": "5.0687",
            "close": "5.0488"
        },
        {
            "time": "14.07.2021 14:37",
            "open": "5.0488",
            "high": "5.0488",
            "low": "5.0488",
            "close": "5.0609"
        },
        {
            "time": "14.07.2021 14:39",
            "open": "5.0609",
            "high": "5.069",
            "low": "5.0609",
            "close": "5.045"
        },
        {
            "time": "14.07.2021 14:43",
            "open": "5.045",
            "high": "5.045",
            "low": "5.04",
            "close": "5.04"
        },
        {
            "time": "14.07.2021 14:44",
            "open": "5.04",
            "high": "5.04",
            "low": "5.035",
            "close": "5.035"
        },
        {
            "time": "14.07.2021 14:45",
            "open": "5.035",
            "high": "5.035",
            "low": "5.03",
            "close": "5.0354"
        },
        {
            "time": "14.07.2021 14:46",
            "open": "5.0354",
            "high": "5.0354",
            "low": "5.0354",
            "close": "5.044"
        },
        {
            "time": "14.07.2021 14:47",
            "open": "5.044",
            "high": "5.044",
            "low": "5.044",
            "close": "5.0412"
        },
        {
            "time": "14.07.2021 14:52",
            "open": "5.0412",
            "high": "5.0412",
            "low": "5.0412",
            "close": "5.0324"
        },
        {
            "time": "14.07.2021 14:55",
            "open": "5.0324",
            "high": "5.0324",
            "low": "5.0324",
            "close": "5.055"
        },
        {
            "time": "14.07.2021 15:04",
            "open": "5.055",
            "high": "5.0568",
            "low": "5.055",
            "close": "5.0568"
        },
        {
            "time": "14.07.2021 15:05",
            "open": "5.0568",
            "high": "5.0568",
            "low": "5.0568",
            "close": "5.06"
        },
        {
            "time": "14.07.2021 15:06",
            "open": "5.06",
            "high": "5.06",
            "low": "5.06",
            "close": "5.065"
        },
        {
            "time": "14.07.2021 15:07",
            "open": "5.065",
            "high": "5.065",
            "low": "5.065",
            "close": "5.07"
        },
        {
            "time": "14.07.2021 15:08",
            "open": "5.07",
            "high": "5.075",
            "low": "5.07",
            "close": "5.08"
        },
        {
            "time": "14.07.2021 15:10",
            "open": "5.08",
            "high": "5.0822",
            "low": "5.08",
            "close": "5.085"
        },
        {
            "time": "14.07.2021 15:11",
            "open": "5.085",
            "high": "5.085",
            "low": "5.085",
            "close": "5.09"
        },
        {
            "time": "14.07.2021 15:12",
            "open": "5.09",
            "high": "5.105",
            "low": "5.09",
            "close": "5.1077"
        },
        {
            "time": "14.07.2021 15:13",
            "open": "5.1077",
            "high": "5.1334",
            "low": "5.1077",
            "close": "5.1334"
        },
        {
            "time": "14.07.2021 15:14",
            "open": "5.1334",
            "high": "5.14",
            "low": "5.1334",
            "close": "5.145"
        },
        {
            "time": "14.07.2021 15:15",
            "open": "5.145",
            "high": "5.15",
            "low": "5.145",
            "close": "5.13"
        },
        {
            "time": "14.07.2021 15:16",
            "open": "5.13",
            "high": "5.13",
            "low": "5.12",
            "close": "5.115"
        },
        {
            "time": "14.07.2021 15:17",
            "open": "5.115",
            "high": "5.1157",
            "low": "5.115",
            "close": "5.1204"
        },
        {
            "time": "14.07.2021 15:18",
            "open": "5.1204",
            "high": "5.1204",
            "low": "5.1179",
            "close": "5.1127"
        },
        {
            "time": "14.07.2021 15:22",
            "open": "5.1127",
            "high": "5.1127",
            "low": "5.1127",
            "close": "5.135"
        },
        {
            "time": "14.07.2021 15:25",
            "open": "5.135",
            "high": "5.135",
            "low": "5.135",
            "close": "5.1386"
        },
        {
            "time": "14.07.2021 15:27",
            "open": "5.1386",
            "high": "5.14",
            "low": "5.1386",
            "close": "5.145"
        },
        {
            "time": "14.07.2021 15:28",
            "open": "5.145",
            "high": "5.15",
            "low": "5.145",
            "close": "5.155"
        },
        {
            "time": "14.07.2021 15:29",
            "open": "5.155",
            "high": "5.1798",
            "low": "5.155",
            "close": "5.1697"
        },
        {
            "time": "14.07.2021 15:32",
            "open": "5.1697",
            "high": "5.1697",
            "low": "5.1697",
            "close": "5.18"
        },
        {
            "time": "14.07.2021 15:35",
            "open": "5.18",
            "high": "5.18",
            "low": "5.18",
            "close": "5.1812"
        },
        {
            "time": "14.07.2021 15:36",
            "open": "5.1812",
            "high": "5.1851",
            "low": "5.1812",
            "close": "5.19"
        },
        {
            "time": "14.07.2021 15:37",
            "open": "5.19",
            "high": "5.197",
            "low": "5.19",
            "close": "5.1982"
        },
        {
            "time": "14.07.2021 15:38",
            "open": "5.1982",
            "high": "5.2",
            "low": "5.1982",
            "close": "5.205"
        },
        {
            "time": "14.07.2021 15:43",
            "open": "5.205",
            "high": "5.205",
            "low": "5.205",
            "close": "5.209"
        },
        {
            "time": "14.07.2021 15:44",
            "open": "5.209",
            "high": "5.209",
            "low": "5.209",
            "close": "5.2049"
        },
        {
            "time": "14.07.2021 15:48",
            "open": "5.2049",
            "high": "5.2101",
            "low": "5.2049",
            "close": "5.2101"
        },
        {
            "time": "14.07.2021 15:50",
            "open": "5.2101",
            "high": "5.22",
            "low": "5.2101",
            "close": "5.225"
        },
        {
            "time": "14.07.2021 16:00",
            "open": "5.225",
            "high": "5.225",
            "low": "5.225",
            "close": "5.2257"
        },
        {
            "time": "14.07.2021 16:01",
            "open": "5.2257",
            "high": "5.2257",
            "low": "5.2257",
            "close": "5.23"
        },
        {
            "time": "14.07.2021 16:07",
            "open": "5.23",
            "high": "5.23",
            "low": "5.23",
            "close": "5.2257"
        },
        {
            "time": "14.07.2021 16:12",
            "open": "5.2257",
            "high": "5.2257",
            "low": "5.2257",
            "close": "5.2219"
        },
        {
            "time": "14.07.2021 16:13",
            "open": "5.2219",
            "high": "5.2219",
            "low": "5.2219",
            "close": "5.21"
        },
        {
            "time": "14.07.2021 16:16",
            "open": "5.21",
            "high": "5.21",
            "low": "5.195",
            "close": "5.195"
        },
        {
            "time": "14.07.2021 16:17",
            "open": "5.195",
            "high": "5.195",
            "low": "5.19",
            "close": "5.1852"
        },
        {
            "time": "14.07.2021 16:18",
            "open": "5.1852",
            "high": "5.1852",
            "low": "5.185",
            "close": "5.1896"
        },
        {
            "time": "14.07.2021 16:21",
            "open": "5.1896",
            "high": "5.1896",
            "low": "5.1836",
            "close": "5.1864"
        },
        {
            "time": "14.07.2021 16:22",
            "open": "5.1864",
            "high": "5.1864",
            "low": "5.1864",
            "close": "5.18"
        },
        {
            "time": "14.07.2021 16:27",
            "open": "5.18",
            "high": "5.18",
            "low": "5.18",
            "close": "5.18"
        },
        {
            "time": "14.07.2021 16:28",
            "open": "5.18",
            "high": "5.18",
            "low": "5.17",
            "close": "5.17"
        },
        {
            "time": "14.07.2021 16:29",
            "open": "5.17",
            "high": "5.17",
            "low": "5.17",
            "close": "5.19"
        },
        {
            "time": "14.07.2021 16:35",
            "open": "5.19",
            "high": "5.2",
            "low": "5.19",
            "close": "5.1865"
        },
        {
            "time": "14.07.2021 16:54",
            "open": "5.1865",
            "high": "5.1865",
            "low": "5.1865",
            "close": "5.1772"
        },
        {
            "time": "14.07.2021 16:57",
            "open": "5.1772",
            "high": "5.1772",
            "low": "5.1772",
            "close": "5.175"
        },
        {
            "time": "14.07.2021 17:05",
            "open": "5.175",
            "high": "5.175",
            "low": "5.175",
            "close": "5.1744"
        },
        {
            "time": "14.07.2021 17:06",
            "open": "5.1744",
            "high": "5.1744",
            "low": "5.1744",
            "close": "5.1948"
        },
        {
            "time": "14.07.2021 17:11",
            "open": "5.1948",
            "high": "5.1948",
            "low": "5.1948",
            "close": "5.195"
        },
        {
            "time": "14.07.2021 17:14",
            "open": "5.195",
            "high": "5.1999",
            "low": "5.195",
            "close": "5.1833"
        },
        {
            "time": "14.07.2021 17:24",
            "open": "5.1833",
            "high": "5.1833",
            "low": "5.1833",
            "close": "5.175"
        },
        {
            "time": "14.07.2021 17:31",
            "open": "5.175",
            "high": "5.175",
            "low": "5.175",
            "close": "5.1795"
        },
        {
            "time": "14.07.2021 17:33",
            "open": "5.1795",
            "high": "5.1795",
            "low": "5.1795",
            "close": "5.1796"
        },
        {
            "time": "14.07.2021 17:38",
            "open": "5.1796",
            "high": "5.1796",
            "low": "5.1796",
            "close": "5.17"
        },
        {
            "time": "14.07.2021 17:39",
            "open": "5.17",
            "high": "5.17",
            "low": "5.17",
            "close": "5.165"
        },
        {
            "time": "14.07.2021 17:40",
            "open": "5.165",
            "high": "5.165",
            "low": "5.165",
            "close": "5.165"
        },
        {
            "time": "14.07.2021 17:42",
            "open": "5.165",
            "high": "5.165",
            "low": "5.165",
            "close": "5.16"
        },
        {
            "time": "14.07.2021 17:44",
            "open": "5.16",
            "high": "5.16",
            "low": "5.14",
            "close": "5.1425"
        },
        {
            "time": "14.07.2021 17:45",
            "open": "5.1425",
            "high": "5.1425",
            "low": "5.1425",
            "close": "5.1418"
        },
        {
            "time": "14.07.2021 17:47",
            "open": "5.1418",
            "high": "5.1483",
            "low": "5.1418",
            "close": "5.14"
        },
        {
            "time": "14.07.2021 17:49",
            "open": "5.14",
            "high": "5.14",
            "low": "5.13",
            "close": "5.13"
        },
        {
            "time": "14.07.2021 17:50",
            "open": "5.13",
            "high": "5.13",
            "low": "5.13",
            "close": "5.1315"
        },
        {
            "time": "14.07.2021 17:54",
            "open": "5.1315",
            "high": "5.1394",
            "low": "5.1043",
            "close": "5.1334"
        },
        {
            "time": "14.07.2021 17:56",
            "open": "5.1334",
            "high": "5.145",
            "low": "5.1334",
            "close": "5.1393"
        },
        {
            "time": "14.07.2021 17:57",
            "open": "5.1393",
            "high": "5.1393",
            "low": "5.1393",
            "close": "5.15"
        },
        {
            "time": "14.07.2021 18:01",
            "open": "5.15",
            "high": "5.15",
            "low": "5.15",
            "close": "5.155"
        },
        {
            "time": "14.07.2021 18:02",
            "open": "5.155",
            "high": "5.155",
            "low": "5.155",
            "close": "5.1588"
        },
        {
            "time": "14.07.2021 18:04",
            "open": "5.1588",
            "high": "5.1588",
            "low": "5.1588",
            "close": "5.1592"
        },
        {
            "time": "14.07.2021 18:07",
            "open": "5.1592",
            "high": "5.16",
            "low": "5.1592",
            "close": "5.158"
        },
        {
            "time": "14.07.2021 18:13",
            "open": "5.158",
            "high": "5.158",
            "low": "5.158",
            "close": "5.14"
        },
        {
            "time": "14.07.2021 18:15",
            "open": "5.14",
            "high": "5.14",
            "low": "5.1334",
            "close": "5.13"
        },
        {
            "time": "14.07.2021 18:16",
            "open": "5.13",
            "high": "5.13",
            "low": "5.125",
            "close": "5.125"
        },
        {
            "time": "14.07.2021 18:17",
            "open": "5.125",
            "high": "5.125",
            "low": "5.115",
            "close": "5.11"
        },
        {
            "time": "14.07.2021 18:18",
            "open": "5.11",
            "high": "5.11",
            "low": "5.11",
            "close": "5.11"
        },
        {
            "time": "14.07.2021 18:19",
            "open": "5.11",
            "high": "5.11",
            "low": "5.1",
            "close": "5.1037"
        },
        {
            "time": "14.07.2021 18:20",
            "open": "5.1037",
            "high": "5.1037",
            "low": "5.1037",
            "close": "5.1099"
        },
        {
            "time": "14.07.2021 18:21",
            "open": "5.1099",
            "high": "5.1099",
            "low": "5.1099",
            "close": "5.1142"
        },
        {
            "time": "14.07.2021 18:23",
            "open": "5.1142",
            "high": "5.1156",
            "low": "5.1119",
            "close": "5.125"
        },
        {
            "time": "14.07.2021 18:24",
            "open": "5.125",
            "high": "5.125",
            "low": "5.125",
            "close": "5.13"
        },
        {
            "time": "14.07.2021 18:25",
            "open": "5.13",
            "high": "5.14",
            "low": "5.13",
            "close": "5.145"
        },
        {
            "time": "14.07.2021 18:26",
            "open": "5.145",
            "high": "5.145",
            "low": "5.145",
            "close": "5.15"
        },
        {
            "time": "14.07.2021 18:31",
            "open": "5.15",
            "high": "5.15",
            "low": "5.15",
            "close": "5.13"
        },
        {
            "time": "14.07.2021 18:35",
            "open": "5.13",
            "high": "5.13",
            "low": "5.11",
            "close": "5.135"
        },
        {
            "time": "14.07.2021 18:37",
            "open": "5.135",
            "high": "5.135",
            "low": "5.135",
            "close": "5.1383"
        },
        {
            "time": "14.07.2021 18:39",
            "open": "5.1383",
            "high": "5.1383",
            "low": "5.1383",
            "close": "5.14"
        },
        {
            "time": "14.07.2021 18:40",
            "open": "5.14",
            "high": "5.145",
            "low": "5.14",
            "close": "5.15"
        },
        {
            "time": "14.07.2021 18:41",
            "open": "5.15",
            "high": "5.15",
            "low": "5.15",
            "close": "5.1433"
        },
        {
            "time": "14.07.2021 18:45",
            "open": "5.1433",
            "high": "5.1433",
            "low": "5.1433",
            "close": "5.1302"
        },
        {
            "time": "14.07.2021 18:50",
            "open": "5.1302",
            "high": "5.1302",
            "low": "5.1302",
            "close": "5.13"
        },
        {
            "time": "14.07.2021 18:51",
            "open": "5.13",
            "high": "5.13",
            "low": "5.13",
            "close": "5.13"
        },
        {
            "time": "14.07.2021 18:52",
            "open": "5.13",
            "high": "5.13",
            "low": "5.13",
            "close": "5.1441"
        },
        {
            "time": "14.07.2021 19:03",
            "open": "5.1441",
            "high": "5.1441",
            "low": "5.1441",
            "close": "5.1461"
        },
        {
            "time": "14.07.2021 19:16",
            "open": "5.1461",
            "high": "5.1461",
            "low": "5.1461",
            "close": "5.1335"
        },
        {
            "time": "14.07.2021 19:20",
            "open": "5.1335",
            "high": "5.1335",
            "low": "5.1335",
            "close": "5.1251"
        },
        {
            "time": "14.07.2021 19:26",
            "open": "5.1251",
            "high": "5.1251",
            "low": "5.12",
            "close": "5.1223"
        },
        {
            "time": "14.07.2021 19:27",
            "open": "5.1223",
            "high": "5.1223",
            "low": "5.1223",
            "close": "5.116"
        },
        {
            "time": "14.07.2021 19:28",
            "open": "5.116",
            "high": "5.116",
            "low": "5.116",
            "close": "5.1237"
        },
        {
            "time": "14.07.2021 19:35",
            "open": "5.1237",
            "high": "5.1237",
            "low": "5.1237",
            "close": "5.1377"
        },
        {
            "time": "14.07.2021 19:39",
            "open": "5.1377",
            "high": "5.1378",
            "low": "5.1377",
            "close": "5.115"
        },
        {
            "time": "14.07.2021 19:43",
            "open": "5.115",
            "high": "5.115",
            "low": "5.115",
            "close": "5.11"
        },
        {
            "time": "14.07.2021 19:44",
            "open": "5.11",
            "high": "5.11",
            "low": "5.1077",
            "close": "5.1218"
        },
        {
            "time": "14.07.2021 19:49",
            "open": "5.1218",
            "high": "5.1218",
            "low": "5.1218",
            "close": "5.13"
        },
        {
            "time": "14.07.2021 20:04",
            "open": "5.13",
            "high": "5.13",
            "low": "5.13",
            "close": "5.135"
        },
        {
            "time": "14.07.2021 20:05",
            "open": "5.135",
            "high": "5.135",
            "low": "5.135",
            "close": "5.1225"
        },
        {
            "time": "14.07.2021 20:06",
            "open": "5.1225",
            "high": "5.1225",
            "low": "5.1213",
            "close": "5.1223"
        },
        {
            "time": "14.07.2021 20:07",
            "open": "5.1223",
            "high": "5.1223",
            "low": "5.1223",
            "close": "5.115"
        },
        {
            "time": "14.07.2021 20:09",
            "open": "5.115",
            "high": "5.115",
            "low": "5.115",
            "close": "5.1331"
        },
        {
            "time": "14.07.2021 20:20",
            "open": "5.1331",
            "high": "5.135",
            "low": "5.1331",
            "close": "5.1341"
        },
        {
            "time": "14.07.2021 20:28",
            "open": "5.1341",
            "high": "5.1341",
            "low": "5.1249",
            "close": "5.14"
        },
        {
            "time": "14.07.2021 20:38",
            "open": "5.14",
            "high": "5.1635",
            "low": "5.14",
            "close": "5.14"
        },
        {
            "time": "14.07.2021 20:47",
            "open": "5.14",
            "high": "5.14",
            "low": "5.14",
            "close": "5.14"
        },
        {
            "time": "14.07.2021 20:48",
            "open": "5.14",
            "high": "5.14",
            "low": "5.12",
            "close": "5.115"
        },
        {
            "time": "14.07.2021 20:49",
            "open": "5.115",
            "high": "5.115",
            "low": "5.0908",
            "close": "5.0908"
        },
        {
            "time": "14.07.2021 20:52",
            "open": "5.0908",
            "high": "5.0908",
            "low": "5.09",
            "close": "5.085"
        },
        {
            "time": "14.07.2021 20:53",
            "open": "5.085",
            "high": "5.085",
            "low": "5.075",
            "close": "5.07"
        },
        {
            "time": "14.07.2021 20:54",
            "open": "5.07",
            "high": "5.07",
            "low": "5.065",
            "close": "5.06"
        },
        {
            "time": "14.07.2021 20:55",
            "open": "5.06",
            "high": "5.06",
            "low": "5.05",
            "close": "5.0535"
        },
        {
            "time": "14.07.2021 20:57",
            "open": "5.0535",
            "high": "5.0582",
            "low": "5.0535",
            "close": "5.053"
        },
        {
            "time": "14.07.2021 20:59",
            "open": "5.053",
            "high": "5.053",
            "low": "5.053",
            "close": "5.0481"
        },
        {
            "time": "14.07.2021 21:00",
            "open": "5.0481",
            "high": "5.0481",
            "low": "5.0481",
            "close": "5.045"
        },
        {
            "time": "14.07.2021 21:01",
            "open": "5.045",
            "high": "5.045",
            "low": "5.035",
            "close": "5.035"
        },
        {
            "time": "14.07.2021 21:09",
            "open": "5.035",
            "high": "5.035",
            "low": "5.0315",
            "close": "5.0315"
        },
        {
            "time": "14.07.2021 21:10",
            "open": "5.0315",
            "high": "5.0315",
            "low": "5.025",
            "close": "5.0392"
        },
        {
            "time": "14.07.2021 21:31",
            "open": "5.0392",
            "high": "5.0392",
            "low": "5.0392",
            "close": "5.041"
        },
        {
            "time": "14.07.2021 21:32",
            "open": "5.041",
            "high": "5.041",
            "low": "5.041",
            "close": "5.05"
        },
        {
            "time": "14.07.2021 21:37",
            "open": "5.05",
            "high": "5.05",
            "low": "5.05",
            "close": "5.05"
        },
        {
            "time": "14.07.2021 21:38",
            "open": "5.05",
            "high": "5.05",
            "low": "5.05",
            "close": "5.055"
        },
        {
            "time": "14.07.2021 21:39",
            "open": "5.055",
            "high": "5.0568",
            "low": "5.055",
            "close": "5.06"
        },
        {
            "time": "14.07.2021 21:40",
            "open": "5.06",
            "high": "5.065",
            "low": "5.06",
            "close": "5.07"
        },
        {
            "time": "14.07.2021 21:41",
            "open": "5.07",
            "high": "5.075",
            "low": "5.07",
            "close": "5.0728"
        },
        {
            "time": "14.07.2021 21:52",
            "open": "5.0728",
            "high": "5.08",
            "low": "5.0728",
            "close": "5.055"
        },
        {
            "time": "14.07.2021 21:58",
            "open": "5.055",
            "high": "5.055",
            "low": "5.055",
            "close": "5.05"
        },
        {
            "time": "14.07.2021 21:59",
            "open": "5.05",
            "high": "5.05",
            "low": "5.05",
            "close": "5.07"
        },
        {
            "time": "14.07.2021 22:05",
            "open": "5.07",
            "high": "5.07",
            "low": "5.07",
            "close": "5.07"
        },
        {
            "time": "14.07.2021 22:11",
            "open": "5.07",
            "high": "5.07",
            "low": "5.07",
            "close": "5.07"
        },
        {
            "time": "14.07.2021 22:12",
            "open": "5.07",
            "high": "5.07",
            "low": "5.07",
            "close": "5.075"
        },
        {
            "time": "14.07.2021 22:13",
            "open": "5.075",
            "high": "5.0849",
            "low": "5.075",
            "close": "5.0729"
        },
        {
            "time": "14.07.2021 22:21",
            "open": "5.0729",
            "high": "5.0729",
            "low": "5.0729",
            "close": "5.0793"
        },
        {
            "time": "14.07.2021 22:32",
            "open": "5.0793",
            "high": "5.0793",
            "low": "5.0793",
            "close": "5.085"
        },
        {
            "time": "14.07.2021 22:35",
            "open": "5.085",
            "high": "5.085",
            "low": "5.085",
            "close": "5.085"
        },
        {
            "time": "14.07.2021 22:36",
            "open": "5.085",
            "high": "5.085",
            "low": "5.085",
            "close": "5.085"
        },
        {
            "time": "14.07.2021 22:37",
            "open": "5.085",
            "high": "5.085",
            "low": "5.085",
            "close": "5.085"
        },
        {
            "time": "14.07.2021 22:39",
            "open": "5.085",
            "high": "5.085",
            "low": "5.085",
            "close": "5.09"
        },
        {
            "time": "14.07.2021 22:46",
            "open": "5.09",
            "high": "5.09",
            "low": "5.09",
            "close": "5.095"
        },
        {
            "time": "14.07.2021 22:50",
            "open": "5.095",
            "high": "5.1",
            "low": "5.095",
            "close": "5.1011"
        },
        {
            "time": "14.07.2021 22:53",
            "open": "5.1011",
            "high": "5.1011",
            "low": "5.1011",
            "close": "5.105"
        },
        {
            "time": "14.07.2021 23:00",
            "open": "5.105",
            "high": "5.1077",
            "low": "5.105",
            "close": "5.1077"
        },
        {
            "time": "14.07.2021 23:01",
            "open": "5.1077",
            "high": "5.115",
            "low": "5.1077",
            "close": "5.1175"
        },
        {
            "time": "14.07.2021 23:03",
            "open": "5.1175",
            "high": "5.12",
            "low": "5.115",
            "close": "5.125"
        },
        {
            "time": "14.07.2021 23:04",
            "open": "5.125",
            "high": "5.125",
            "low": "5.125",
            "close": "5.13"
        },
        {
            "time": "14.07.2021 23:07",
            "open": "5.13",
            "high": "5.13",
            "low": "5.1275",
            "close": "5.11"
        },
        {
            "time": "14.07.2021 23:09",
            "open": "5.11",
            "high": "5.11",
            "low": "5.11",
            "close": "5.105"
        },
        {
            "time": "14.07.2021 23:26",
            "open": "5.105",
            "high": "5.105",
            "low": "5.105",
            "close": "5.1069"
        }
    ]
}