{
    "BAND-EUR": [
        {
            "time": "18.06.2021 23:58",
            "open": "5.3572",
            "high": "5.3573",
            "low": "5.3572",
            "close": "5.3585"
        },
        {
            "time": "19.06.2021 00:00",
            "open": "5.3585",
            "high": "5.3585",
            "low": "5.3585",
            "close": "5.3585"
        },
        {
            "time": "19.06.2021 00:04",
            "open": "5.3585",
            "high": "5.3585",
            "low": "5.3585",
            "close": "5.3408"
        },
        {
            "time": "19.06.2021 00:07",
            "open": "5.3408",
            "high": "5.3408",
            "low": "5.3408",
            "close": "5.3454"
        },
        {
            "time": "19.06.2021 00:11",
            "open": "5.3454",
            "high": "5.347",
            "low": "5.3454",
            "close": "5.3384"
        },
        {
            "time": "19.06.2021 00:28",
            "open": "5.3384",
            "high": "5.3384",
            "low": "5.3384",
            "close": "5.3282"
        },
        {
            "time": "19.06.2021 00:32",
            "open": "5.3282",
            "high": "5.3282",
            "low": "5.3282",
            "close": "5.3072"
        },
        {
            "time": "19.06.2021 00:40",
            "open": "5.3072",
            "high": "5.3072",
            "low": "5.3072",
            "close": "5.3064"
        },
        {
            "time": "19.06.2021 00:46",
            "open": "5.3064",
            "high": "5.3064",
            "low": "5.3064",
            "close": "5.2954"
        },
        {
            "time": "19.06.2021 00:49",
            "open": "5.2954",
            "high": "5.2954",
            "low": "5.2954",
            "close": "5.3023"
        },
        {
            "time": "19.06.2021 00:50",
            "open": "5.3023",
            "high": "5.3023",
            "low": "5.3023",
            "close": "5.3127"
        },
        {
            "time": "19.06.2021 00:54",
            "open": "5.3127",
            "high": "5.3187",
            "low": "5.3127",
            "close": "5.3459"
        },
        {
            "time": "19.06.2021 00:59",
            "open": "5.3459",
            "high": "5.3459",
            "low": "5.3459",
            "close": "5.3369"
        },
        {
            "time": "19.06.2021 01:03",
            "open": "5.3369",
            "high": "5.3369",
            "low": "5.3369",
            "close": "5.3315"
        },
        {
            "time": "19.06.2021 01:06",
            "open": "5.3315",
            "high": "5.3315",
            "low": "5.3241",
            "close": "5.325"
        },
        {
            "time": "19.06.2021 01:07",
            "open": "5.325",
            "high": "5.325",
            "low": "5.325",
            "close": "5.3204"
        },
        {
            "time": "19.06.2021 01:11",
            "open": "5.3204",
            "high": "5.3204",
            "low": "5.3204",
            "close": "5.3276"
        },
        {
            "time": "19.06.2021 01:22",
            "open": "5.3276",
            "high": "5.3276",
            "low": "5.3276",
            "close": "5.3424"
        },
        {
            "time": "19.06.2021 01:23",
            "open": "5.3424",
            "high": "5.3424",
            "low": "5.3424",
            "close": "5.3484"
        },
        {
            "time": "19.06.2021 01:26",
            "open": "5.3484",
            "high": "5.3484",
            "low": "5.3484",
            "close": "5.3664"
        },
        {
            "time": "19.06.2021 01:30",
            "open": "5.3664",
            "high": "5.3664",
            "low": "5.3664",
            "close": "5.3664"
        },
        {
            "time": "19.06.2021 01:32",
            "open": "5.3664",
            "high": "5.3868",
            "low": "5.3664",
            "close": "5.3908"
        },
        {
            "time": "19.06.2021 01:33",
            "open": "5.3908",
            "high": "5.3908",
            "low": "5.3908",
            "close": "5.3908"
        },
        {
            "time": "19.06.2021 01:34",
            "open": "5.3908",
            "high": "5.3908",
            "low": "5.3908",
            "close": "5.401"
        },
        {
            "time": "19.06.2021 01:39",
            "open": "5.401",
            "high": "5.401",
            "low": "5.401",
            "close": "5.3683"
        },
        {
            "time": "19.06.2021 01:53",
            "open": "5.3683",
            "high": "5.3683",
            "low": "5.3683",
            "close": "5.3686"
        },
        {
            "time": "19.06.2021 01:54",
            "open": "5.3686",
            "high": "5.3686",
            "low": "5.3686",
            "close": "5.381"
        },
        {
            "time": "19.06.2021 01:59",
            "open": "5.381",
            "high": "5.3898",
            "low": "5.381",
            "close": "5.3698"
        },
        {
            "time": "19.06.2021 02:01",
            "open": "5.3698",
            "high": "5.373",
            "low": "5.3698",
            "close": "5.3705"
        },
        {
            "time": "19.06.2021 02:02",
            "open": "5.3705",
            "high": "5.3833",
            "low": "5.3705",
            "close": "5.3701"
        },
        {
            "time": "19.06.2021 02:03",
            "open": "5.3701",
            "high": "5.3701",
            "low": "5.3701",
            "close": "5.4116"
        },
        {
            "time": "19.06.2021 02:18",
            "open": "5.4116",
            "high": "5.4116",
            "low": "5.4116",
            "close": "5.3983"
        },
        {
            "time": "19.06.2021 02:26",
            "open": "5.3983",
            "high": "5.3983",
            "low": "5.3983",
            "close": "5.3986"
        },
        {
            "time": "19.06.2021 02:27",
            "open": "5.3986",
            "high": "5.4007",
            "low": "5.3986",
            "close": "5.3987"
        },
        {
            "time": "19.06.2021 02:29",
            "open": "5.3987",
            "high": "5.3987",
            "low": "5.3987",
            "close": "5.4071"
        },
        {
            "time": "19.06.2021 02:30",
            "open": "5.4071",
            "high": "5.4073",
            "low": "5.4071",
            "close": "5.4007"
        },
        {
            "time": "19.06.2021 02:32",
            "open": "5.4007",
            "high": "5.4007",
            "low": "5.4007",
            "close": "5.3935"
        },
        {
            "time": "19.06.2021 02:48",
            "open": "5.3935",
            "high": "5.3935",
            "low": "5.3935",
            "close": "5.3866"
        },
        {
            "time": "19.06.2021 02:52",
            "open": "5.3866",
            "high": "5.3891",
            "low": "5.3866",
            "close": "5.3814"
        },
        {
            "time": "19.06.2021 02:58",
            "open": "5.3814",
            "high": "5.3814",
            "low": "5.3814",
            "close": "5.3783"
        },
        {
            "time": "19.06.2021 03:00",
            "open": "5.3783",
            "high": "5.3783",
            "low": "5.3783",
            "close": "5.4032"
        },
        {
            "time": "19.06.2021 03:11",
            "open": "5.4032",
            "high": "5.4032",
            "low": "5.4032",
            "close": "5.4106"
        },
        {
            "time": "19.06.2021 03:12",
            "open": "5.4106",
            "high": "5.4106",
            "low": "5.4106",
            "close": "5.42"
        },
        {
            "time": "19.06.2021 03:14",
            "open": "5.42",
            "high": "5.4238",
            "low": "5.42",
            "close": "5.4238"
        },
        {
            "time": "19.06.2021 03:18",
            "open": "5.4238",
            "high": "5.4238",
            "low": "5.4238",
            "close": "5.438"
        },
        {
            "time": "19.06.2021 03:32",
            "open": "5.438",
            "high": "5.4437",
            "low": "5.438",
            "close": "5.4437"
        },
        {
            "time": "19.06.2021 03:35",
            "open": "5.4437",
            "high": "5.4437",
            "low": "5.4437",
            "close": "5.4379"
        },
        {
            "time": "19.06.2021 03:38",
            "open": "5.4379",
            "high": "5.4379",
            "low": "5.4379",
            "close": "5.4448"
        },
        {
            "time": "19.06.2021 03:42",
            "open": "5.4448",
            "high": "5.4472",
            "low": "5.4448",
            "close": "5.4448"
        },
        {
            "time": "19.06.2021 03:45",
            "open": "5.4448",
            "high": "5.4448",
            "low": "5.4448",
            "close": "5.4535"
        },
        {
            "time": "19.06.2021 03:51",
            "open": "5.4535",
            "high": "5.4535",
            "low": "5.4535",
            "close": "5.4666"
        },
        {
            "time": "19.06.2021 04:03",
            "open": "5.4666",
            "high": "5.4679",
            "low": "5.4329",
            "close": "5.4428"
        },
        {
            "time": "19.06.2021 04:04",
            "open": "5.4428",
            "high": "5.4531",
            "low": "5.4428",
            "close": "5.4443"
        },
        {
            "time": "19.06.2021 04:07",
            "open": "5.4443",
            "high": "5.4443",
            "low": "5.4443",
            "close": "5.449"
        },
        {
            "time": "19.06.2021 04:16",
            "open": "5.449",
            "high": "5.4856",
            "low": "5.449",
            "close": "5.4669"
        },
        {
            "time": "19.06.2021 04:17",
            "open": "5.4669",
            "high": "5.4769",
            "low": "5.4669",
            "close": "5.4853"
        },
        {
            "time": "19.06.2021 04:19",
            "open": "5.4853",
            "high": "5.4863",
            "low": "5.4853",
            "close": "5.4838"
        },
        {
            "time": "19.06.2021 04:20",
            "open": "5.4838",
            "high": "5.4838",
            "low": "5.448",
            "close": "5.3844"
        },
        {
            "time": "19.06.2021 04:33",
            "open": "5.3844",
            "high": "5.3844",
            "low": "5.3844",
            "close": "5.3666"
        },
        {
            "time": "19.06.2021 04:35",
            "open": "5.3666",
            "high": "5.3666",
            "low": "5.3666",
            "close": "5.3585"
        },
        {
            "time": "19.06.2021 04:39",
            "open": "5.3585",
            "high": "5.3585",
            "low": "5.3585",
            "close": "5.357"
        },
        {
            "time": "19.06.2021 04:40",
            "open": "5.357",
            "high": "5.357",
            "low": "5.357",
            "close": "5.3544"
        },
        {
            "time": "19.06.2021 04:43",
            "open": "5.3544",
            "high": "5.3544",
            "low": "5.3544",
            "close": "5.3451"
        },
        {
            "time": "19.06.2021 04:44",
            "open": "5.3451",
            "high": "5.3488",
            "low": "5.3451",
            "close": "5.338"
        },
        {
            "time": "19.06.2021 04:53",
            "open": "5.338",
            "high": "5.338",
            "low": "5.3377",
            "close": "5.33"
        },
        {
            "time": "19.06.2021 04:58",
            "open": "5.33",
            "high": "5.33",
            "low": "5.33",
            "close": "5.3338"
        },
        {
            "time": "19.06.2021 04:59",
            "open": "5.3338",
            "high": "5.3338",
            "low": "5.3338",
            "close": "5.3421"
        },
        {
            "time": "19.06.2021 05:02",
            "open": "5.3421",
            "high": "5.3421",
            "low": "5.3421",
            "close": "5.322"
        },
        {
            "time": "19.06.2021 05:05",
            "open": "5.322",
            "high": "5.322",
            "low": "5.322",
            "close": "5.3246"
        },
        {
            "time": "19.06.2021 05:06",
            "open": "5.3246",
            "high": "5.3246",
            "low": "5.3246",
            "close": "5.3162"
        },
        {
            "time": "19.06.2021 05:07",
            "open": "5.3162",
            "high": "5.3162",
            "low": "5.3162",
            "close": "5.3136"
        },
        {
            "time": "19.06.2021 05:14",
            "open": "5.3136",
            "high": "5.3136",
            "low": "5.3136",
            "close": "5.2996"
        },
        {
            "time": "19.06.2021 05:16",
            "open": "5.2996",
            "high": "5.2996",
            "low": "5.2958",
            "close": "5.2992"
        },
        {
            "time": "19.06.2021 05:17",
            "open": "5.2992",
            "high": "5.2992",
            "low": "5.2992",
            "close": "5.2994"
        },
        {
            "time": "19.06.2021 05:19",
            "open": "5.2994",
            "high": "5.2994",
            "low": "5.2994",
            "close": "5.2939"
        },
        {
            "time": "19.06.2021 05:23",
            "open": "5.2939",
            "high": "5.2939",
            "low": "5.2939",
            "close": "5.2939"
        },
        {
            "time": "19.06.2021 05:24",
            "open": "5.2939",
            "high": "5.2939",
            "low": "5.2939",
            "close": "5.2928"
        },
        {
            "time": "19.06.2021 05:25",
            "open": "5.2928",
            "high": "5.2928",
            "low": "5.2928",
            "close": "5.2914"
        },
        {
            "time": "19.06.2021 05:26",
            "open": "5.2914",
            "high": "5.2914",
            "low": "5.2914",
            "close": "5.262"
        },
        {
            "time": "19.06.2021 05:28",
            "open": "5.262",
            "high": "5.262",
            "low": "5.262",
            "close": "5.2611"
        },
        {
            "time": "19.06.2021 05:29",
            "open": "5.2611",
            "high": "5.2611",
            "low": "5.234",
            "close": "5.2416"
        },
        {
            "time": "19.06.2021 05:30",
            "open": "5.2416",
            "high": "5.2618",
            "low": "5.2416",
            "close": "5.2625"
        },
        {
            "time": "19.06.2021 05:38",
            "open": "5.2625",
            "high": "5.2625",
            "low": "5.2625",
            "close": "5.238"
        },
        {
            "time": "19.06.2021 05:44",
            "open": "5.238",
            "high": "5.238",
            "low": "5.238",
            "close": "5.2434"
        },
        {
            "time": "19.06.2021 05:45",
            "open": "5.2434",
            "high": "5.2437",
            "low": "5.2434",
            "close": "5.2291"
        },
        {
            "time": "19.06.2021 05:47",
            "open": "5.2291",
            "high": "5.2291",
            "low": "5.2291",
            "close": "5.2291"
        },
        {
            "time": "19.06.2021 05:48",
            "open": "5.2291",
            "high": "5.2313",
            "low": "5.2291",
            "close": "5.2238"
        },
        {
            "time": "19.06.2021 05:49",
            "open": "5.2238",
            "high": "5.2238",
            "low": "5.2238",
            "close": "5.2268"
        },
        {
            "time": "19.06.2021 05:51",
            "open": "5.2268",
            "high": "5.2268",
            "low": "5.2268",
            "close": "5.2345"
        },
        {
            "time": "19.06.2021 05:55",
            "open": "5.2345",
            "high": "5.2345",
            "low": "5.2345",
            "close": "5.2563"
        },
        {
            "time": "19.06.2021 06:04",
            "open": "5.2563",
            "high": "5.2563",
            "low": "5.2563",
            "close": "5.2345"
        },
        {
            "time": "19.06.2021 06:15",
            "open": "5.2345",
            "high": "5.2345",
            "low": "5.2345",
            "close": "5.2256"
        },
        {
            "time": "19.06.2021 06:23",
            "open": "5.2256",
            "high": "5.2256",
            "low": "5.2256",
            "close": "5.2461"
        },
        {
            "time": "19.06.2021 06:37",
            "open": "5.2461",
            "high": "5.2511",
            "low": "5.241",
            "close": "5.254"
        },
        {
            "time": "19.06.2021 06:39",
            "open": "5.254",
            "high": "5.254",
            "low": "5.254",
            "close": "5.2574"
        },
        {
            "time": "19.06.2021 06:40",
            "open": "5.2574",
            "high": "5.2574",
            "low": "5.2574",
            "close": "5.2535"
        },
        {
            "time": "19.06.2021 06:43",
            "open": "5.2535",
            "high": "5.2535",
            "low": "5.2535",
            "close": "5.2536"
        },
        {
            "time": "19.06.2021 06:44",
            "open": "5.2536",
            "high": "5.2585",
            "low": "5.2536",
            "close": "5.251"
        },
        {
            "time": "19.06.2021 06:47",
            "open": "5.251",
            "high": "5.251",
            "low": "5.251",
            "close": "5.2557"
        },
        {
            "time": "19.06.2021 06:58",
            "open": "5.2557",
            "high": "5.2557",
            "low": "5.2557",
            "close": "5.253"
        },
        {
            "time": "19.06.2021 06:59",
            "open": "5.253",
            "high": "5.253",
            "low": "5.253",
            "close": "5.2736"
        },
        {
            "time": "19.06.2021 07:02",
            "open": "5.2736",
            "high": "5.2736",
            "low": "5.2736",
            "close": "5.2769"
        },
        {
            "time": "19.06.2021 07:08",
            "open": "5.2769",
            "high": "5.2769",
            "low": "5.2769",
            "close": "5.3044"
        },
        {
            "time": "19.06.2021 07:17",
            "open": "5.3044",
            "high": "5.3071",
            "low": "5.3044",
            "close": "5.3441"
        },
        {
            "time": "19.06.2021 07:27",
            "open": "5.3441",
            "high": "5.3441",
            "low": "5.3441",
            "close": "5.3433"
        },
        {
            "time": "19.06.2021 07:29",
            "open": "5.3433",
            "high": "5.3433",
            "low": "5.3433",
            "close": "5.3441"
        },
        {
            "time": "19.06.2021 07:31",
            "open": "5.3441",
            "high": "5.3516",
            "low": "5.3441",
            "close": "5.3586"
        },
        {
            "time": "19.06.2021 07:32",
            "open": "5.3586",
            "high": "5.3586",
            "low": "5.3586",
            "close": "5.3664"
        },
        {
            "time": "19.06.2021 07:34",
            "open": "5.3664",
            "high": "5.3664",
            "low": "5.3664",
            "close": "5.3664"
        },
        {
            "time": "19.06.2021 07:35",
            "open": "5.3664",
            "high": "5.3664",
            "low": "5.3664",
            "close": "5.3685"
        },
        {
            "time": "19.06.2021 07:39",
            "open": "5.3685",
            "high": "5.3685",
            "low": "5.3685",
            "close": "5.3685"
        },
        {
            "time": "19.06.2021 07:40",
            "open": "5.3685",
            "high": "5.3685",
            "low": "5.3685",
            "close": "5.3604"
        },
        {
            "time": "19.06.2021 07:50",
            "open": "5.3604",
            "high": "5.3604",
            "low": "5.3604",
            "close": "5.3606"
        },
        {
            "time": "19.06.2021 07:53",
            "open": "5.3606",
            "high": "5.3606",
            "low": "5.3606",
            "close": "5.3908"
        },
        {
            "time": "19.06.2021 08:00",
            "open": "5.3908",
            "high": "5.3908",
            "low": "5.3908",
            "close": "5.3908"
        },
        {
            "time": "19.06.2021 08:03",
            "open": "5.3908",
            "high": "5.3908",
            "low": "5.3908",
            "close": "5.42"
        },
        {
            "time": "19.06.2021 08:15",
            "open": "5.42",
            "high": "5.42",
            "low": "5.42",
            "close": "5.4227"
        },
        {
            "time": "19.06.2021 08:17",
            "open": "5.4227",
            "high": "5.4227",
            "low": "5.4227",
            "close": "5.4195"
        },
        {
            "time": "19.06.2021 08:30",
            "open": "5.4195",
            "high": "5.4195",
            "low": "5.4195",
            "close": "5.4238"
        },
        {
            "time": "19.06.2021 08:31",
            "open": "5.4238",
            "high": "5.426",
            "low": "5.4238",
            "close": "5.4245"
        },
        {
            "time": "19.06.2021 08:37",
            "open": "5.4245",
            "high": "5.4245",
            "low": "5.4245",
            "close": "5.4165"
        },
        {
            "time": "19.06.2021 08:39",
            "open": "5.4165",
            "high": "5.4165",
            "low": "5.4165",
            "close": "5.3986"
        },
        {
            "time": "19.06.2021 08:50",
            "open": "5.3986",
            "high": "5.3986",
            "low": "5.3986",
            "close": "5.3956"
        },
        {
            "time": "19.06.2021 08:51",
            "open": "5.3956",
            "high": "5.3956",
            "low": "5.3956",
            "close": "5.3987"
        },
        {
            "time": "19.06.2021 08:57",
            "open": "5.3987",
            "high": "5.3987",
            "low": "5.3987",
            "close": "5.419"
        },
        {
            "time": "19.06.2021 09:00",
            "open": "5.419",
            "high": "5.4199",
            "low": "5.419",
            "close": "5.4251"
        },
        {
            "time": "19.06.2021 09:01",
            "open": "5.4251",
            "high": "5.4251",
            "low": "5.4251",
            "close": "5.4209"
        },
        {
            "time": "19.06.2021 09:02",
            "open": "5.4209",
            "high": "5.4209",
            "low": "5.4177",
            "close": "5.3968"
        },
        {
            "time": "19.06.2021 09:11",
            "open": "5.3968",
            "high": "5.3968",
            "low": "5.3968",
            "close": "5.3891"
        },
        {
            "time": "19.06.2021 09:15",
            "open": "5.3891",
            "high": "5.3891",
            "low": "5.3891",
            "close": "5.3654"
        },
        {
            "time": "19.06.2021 09:27",
            "open": "5.3654",
            "high": "5.3654",
            "low": "5.3654",
            "close": "5.3666"
        },
        {
            "time": "19.06.2021 09:28",
            "open": "5.3666",
            "high": "5.3779",
            "low": "5.3616",
            "close": "5.4177"
        },
        {
            "time": "19.06.2021 09:43",
            "open": "5.4177",
            "high": "5.4215",
            "low": "5.4177",
            "close": "5.438"
        },
        {
            "time": "19.06.2021 09:48",
            "open": "5.438",
            "high": "5.4437",
            "low": "5.438",
            "close": "5.4437"
        },
        {
            "time": "19.06.2021 10:01",
            "open": "5.4437",
            "high": "5.4437",
            "low": "5.4437",
            "close": "5.436"
        },
        {
            "time": "19.06.2021 10:04",
            "open": "5.436",
            "high": "5.436",
            "low": "5.436",
            "close": "5.4421"
        },
        {
            "time": "19.06.2021 10:05",
            "open": "5.4421",
            "high": "5.4421",
            "low": "5.4421",
            "close": "5.4371"
        },
        {
            "time": "19.06.2021 10:12",
            "open": "5.4371",
            "high": "5.4371",
            "low": "5.4371",
            "close": "5.4398"
        },
        {
            "time": "19.06.2021 10:19",
            "open": "5.4398",
            "high": "5.4398",
            "low": "5.4398",
            "close": "5.4636"
        },
        {
            "time": "19.06.2021 10:33",
            "open": "5.4636",
            "high": "5.4741",
            "low": "5.4636",
            "close": "5.4706"
        },
        {
            "time": "19.06.2021 10:41",
            "open": "5.4706",
            "high": "5.4706",
            "low": "5.4706",
            "close": "5.475"
        },
        {
            "time": "19.06.2021 10:48",
            "open": "5.475",
            "high": "5.475",
            "low": "5.475",
            "close": "5.4738"
        },
        {
            "time": "19.06.2021 10:53",
            "open": "5.4738",
            "high": "5.4738",
            "low": "5.4738",
            "close": "5.4687"
        },
        {
            "time": "19.06.2021 11:01",
            "open": "5.4687",
            "high": "5.4687",
            "low": "5.4615",
            "close": "5.4608"
        },
        {
            "time": "19.06.2021 11:03",
            "open": "5.4608",
            "high": "5.4608",
            "low": "5.4608",
            "close": "5.4498"
        },
        {
            "time": "19.06.2021 11:08",
            "open": "5.4498",
            "high": "5.4498",
            "low": "5.4498",
            "close": "5.4492"
        },
        {
            "time": "19.06.2021 11:12",
            "open": "5.4492",
            "high": "5.4492",
            "low": "5.4492",
            "close": "5.4027"
        },
        {
            "time": "19.06.2021 11:31",
            "open": "5.4027",
            "high": "5.4027",
            "low": "5.4027",
            "close": "5.4081"
        },
        {
            "time": "19.06.2021 11:32",
            "open": "5.4081",
            "high": "5.4081",
            "low": "5.4081",
            "close": "5.4247"
        },
        {
            "time": "19.06.2021 11:43",
            "open": "5.4247",
            "high": "5.4247",
            "low": "5.4225",
            "close": "5.4087"
        },
        {
            "time": "19.06.2021 11:45",
            "open": "5.4087",
            "high": "5.4087",
            "low": "5.4087",
            "close": "5.3666"
        },
        {
            "time": "19.06.2021 11:54",
            "open": "5.3666",
            "high": "5.3681",
            "low": "5.3666",
            "close": "5.3666"
        },
        {
            "time": "19.06.2021 12:15",
            "open": "5.3666",
            "high": "5.3666",
            "low": "5.3666",
            "close": "5.3519"
        },
        {
            "time": "19.06.2021 12:19",
            "open": "5.3519",
            "high": "5.3519",
            "low": "5.3519",
            "close": "5.3545"
        },
        {
            "time": "19.06.2021 12:21",
            "open": "5.3545",
            "high": "5.3545",
            "low": "5.3545",
            "close": "5.3578"
        },
        {
            "time": "19.06.2021 12:27",
            "open": "5.3578",
            "high": "5.3578",
            "low": "5.3578",
            "close": "5.3751"
        },
        {
            "time": "19.06.2021 12:32",
            "open": "5.3751",
            "high": "5.3751",
            "low": "5.3751",
            "close": "5.3377"
        },
        {
            "time": "19.06.2021 12:36",
            "open": "5.3377",
            "high": "5.3377",
            "low": "5.3377",
            "close": "5.34"
        },
        {
            "time": "19.06.2021 12:37",
            "open": "5.34",
            "high": "5.34",
            "low": "5.34",
            "close": "5.3529"
        },
        {
            "time": "19.06.2021 12:42",
            "open": "5.3529",
            "high": "5.3529",
            "low": "5.3529",
            "close": "5.343"
        },
        {
            "time": "19.06.2021 12:44",
            "open": "5.343",
            "high": "5.343",
            "low": "5.343",
            "close": "5.352"
        },
        {
            "time": "19.06.2021 12:47",
            "open": "5.352",
            "high": "5.352",
            "low": "5.3459",
            "close": "5.3394"
        },
        {
            "time": "19.06.2021 12:48",
            "open": "5.3394",
            "high": "5.3394",
            "low": "5.3394",
            "close": "5.3415"
        },
        {
            "time": "19.06.2021 12:51",
            "open": "5.3415",
            "high": "5.3415",
            "low": "5.3415",
            "close": "5.3374"
        },
        {
            "time": "19.06.2021 12:53",
            "open": "5.3374",
            "high": "5.3374",
            "low": "5.3257",
            "close": "5.3162"
        },
        {
            "time": "19.06.2021 12:56",
            "open": "5.3162",
            "high": "5.3162",
            "low": "5.3162",
            "close": "5.3136"
        },
        {
            "time": "19.06.2021 12:57",
            "open": "5.3136",
            "high": "5.3136",
            "low": "5.3136",
            "close": "5.3146"
        },
        {
            "time": "19.06.2021 13:00",
            "open": "5.3146",
            "high": "5.3146",
            "low": "5.3146",
            "close": "5.3219"
        },
        {
            "time": "19.06.2021 13:08",
            "open": "5.3219",
            "high": "5.3219",
            "low": "5.3219",
            "close": "5.3312"
        },
        {
            "time": "19.06.2021 13:16",
            "open": "5.3312",
            "high": "5.3312",
            "low": "5.3312",
            "close": "5.3312"
        },
        {
            "time": "19.06.2021 13:19",
            "open": "5.3312",
            "high": "5.3312",
            "low": "5.3312",
            "close": "5.3424"
        },
        {
            "time": "19.06.2021 13:46",
            "open": "5.3424",
            "high": "5.3424",
            "low": "5.3424",
            "close": "5.3671"
        },
        {
            "time": "19.06.2021 13:57",
            "open": "5.3671",
            "high": "5.3671",
            "low": "5.3671",
            "close": "5.3671"
        },
        {
            "time": "19.06.2021 14:01",
            "open": "5.3671",
            "high": "5.3671",
            "low": "5.3671",
            "close": "5.3965"
        },
        {
            "time": "19.06.2021 14:08",
            "open": "5.3965",
            "high": "5.3965",
            "low": "5.3965",
            "close": "5.3965"
        },
        {
            "time": "19.06.2021 14:09",
            "open": "5.3965",
            "high": "5.3965",
            "low": "5.3965",
            "close": "5.42"
        },
        {
            "time": "19.06.2021 14:13",
            "open": "5.42",
            "high": "5.42",
            "low": "5.42",
            "close": "5.438"
        },
        {
            "time": "19.06.2021 14:15",
            "open": "5.438",
            "high": "5.4437",
            "low": "5.438",
            "close": "5.4519"
        },
        {
            "time": "19.06.2021 14:16",
            "open": "5.4519",
            "high": "5.4519",
            "low": "5.4393",
            "close": "5.3419"
        },
        {
            "time": "19.06.2021 14:53",
            "open": "5.3419",
            "high": "5.3419",
            "low": "5.3419",
            "close": "5.344"
        },
        {
            "time": "19.06.2021 14:56",
            "open": "5.344",
            "high": "5.344",
            "low": "5.344",
            "close": "5.3377"
        },
        {
            "time": "19.06.2021 15:03",
            "open": "5.3377",
            "high": "5.3377",
            "low": "5.3377",
            "close": "5.3162"
        },
        {
            "time": "19.06.2021 15:09",
            "open": "5.3162",
            "high": "5.3162",
            "low": "5.3136",
            "close": "5.3136"
        },
        {
            "time": "19.06.2021 15:10",
            "open": "5.3136",
            "high": "5.3136",
            "low": "5.3136",
            "close": "5.3186"
        },
        {
            "time": "19.06.2021 15:11",
            "open": "5.3186",
            "high": "5.3205",
            "low": "5.3186",
            "close": "5.3393"
        },
        {
            "time": "19.06.2021 15:32",
            "open": "5.3393",
            "high": "5.3393",
            "low": "5.3393",
            "close": "5.34"
        },
        {
            "time": "19.06.2021 15:33",
            "open": "5.34",
            "high": "5.34",
            "low": "5.34",
            "close": "5.3376"
        },
        {
            "time": "19.06.2021 15:37",
            "open": "5.3376",
            "high": "5.3376",
            "low": "5.3344",
            "close": "5.3128"
        },
        {
            "time": "19.06.2021 15:46",
            "open": "5.3128",
            "high": "5.3128",
            "low": "5.3128",
            "close": "5.2996"
        },
        {
            "time": "19.06.2021 15:54",
            "open": "5.2996",
            "high": "5.2996",
            "low": "5.2939",
            "close": "5.2914"
        },
        {
            "time": "19.06.2021 15:55",
            "open": "5.2914",
            "high": "5.2914",
            "low": "5.2914",
            "close": "5.2914"
        },
        {
            "time": "19.06.2021 15:56",
            "open": "5.2914",
            "high": "5.2914",
            "low": "5.2914",
            "close": "5.2843"
        },
        {
            "time": "19.06.2021 15:57",
            "open": "5.2843",
            "high": "5.2892",
            "low": "5.2843",
            "close": "5.3299"
        },
        {
            "time": "19.06.2021 16:14",
            "open": "5.3299",
            "high": "5.3299",
            "low": "5.3299",
            "close": "5.3258"
        },
        {
            "time": "19.06.2021 16:15",
            "open": "5.3258",
            "high": "5.3258",
            "low": "5.3258",
            "close": "5.3908"
        },
        {
            "time": "19.06.2021 16:35",
            "open": "5.3908",
            "high": "5.3908",
            "low": "5.3901",
            "close": "5.381"
        },
        {
            "time": "19.06.2021 17:01",
            "open": "5.381",
            "high": "5.381",
            "low": "5.381",
            "close": "5.3504"
        },
        {
            "time": "19.06.2021 17:12",
            "open": "5.3504",
            "high": "5.3504",
            "low": "5.3497",
            "close": "5.3576"
        },
        {
            "time": "19.06.2021 17:14",
            "open": "5.3576",
            "high": "5.3576",
            "low": "5.3576",
            "close": "5.3449"
        },
        {
            "time": "19.06.2021 17:27",
            "open": "5.3449",
            "high": "5.3449",
            "low": "5.3433",
            "close": "5.3424"
        },
        {
            "time": "19.06.2021 17:59",
            "open": "5.3424",
            "high": "5.3483",
            "low": "5.3424",
            "close": "5.3675"
        },
        {
            "time": "19.06.2021 18:00",
            "open": "5.3675",
            "high": "5.3675",
            "low": "5.3534",
            "close": "5.3499"
        },
        {
            "time": "19.06.2021 18:01",
            "open": "5.3499",
            "high": "5.3499",
            "low": "5.3479",
            "close": "5.3369"
        },
        {
            "time": "19.06.2021 18:02",
            "open": "5.3369",
            "high": "5.3458",
            "low": "5.3369",
            "close": "5.3377"
        },
        {
            "time": "19.06.2021 18:03",
            "open": "5.3377",
            "high": "5.3377",
            "low": "5.3377",
            "close": "5.3165"
        },
        {
            "time": "19.06.2021 18:08",
            "open": "5.3165",
            "high": "5.3213",
            "low": "5.3165",
            "close": "5.3142"
        },
        {
            "time": "19.06.2021 18:12",
            "open": "5.3142",
            "high": "5.3182",
            "low": "5.3142",
            "close": "5.3055"
        },
        {
            "time": "19.06.2021 18:13",
            "open": "5.3055",
            "high": "5.3055",
            "low": "5.3055",
            "close": "5.2818"
        },
        {
            "time": "19.06.2021 18:20",
            "open": "5.2818",
            "high": "5.2818",
            "low": "5.2818",
            "close": "5.282"
        },
        {
            "time": "19.06.2021 18:21",
            "open": "5.282",
            "high": "5.282",
            "low": "5.282",
            "close": "5.2821"
        },
        {
            "time": "19.06.2021 18:23",
            "open": "5.2821",
            "high": "5.2821",
            "low": "5.2821",
            "close": "5.2863"
        },
        {
            "time": "19.06.2021 18:26",
            "open": "5.2863",
            "high": "5.2863",
            "low": "5.2863",
            "close": "5.2802"
        },
        {
            "time": "19.06.2021 18:31",
            "open": "5.2802",
            "high": "5.2802",
            "low": "5.2802",
            "close": "5.3012"
        },
        {
            "time": "19.06.2021 18:41",
            "open": "5.3012",
            "high": "5.3012",
            "low": "5.299",
            "close": "5.2926"
        },
        {
            "time": "19.06.2021 18:42",
            "open": "5.2926",
            "high": "5.2948",
            "low": "5.2926",
            "close": "5.2802"
        },
        {
            "time": "19.06.2021 18:47",
            "open": "5.2802",
            "high": "5.2802",
            "low": "5.2802",
            "close": "5.3202"
        },
        {
            "time": "19.06.2021 18:55",
            "open": "5.3202",
            "high": "5.3213",
            "low": "5.3202",
            "close": "5.3277"
        },
        {
            "time": "19.06.2021 18:58",
            "open": "5.3277",
            "high": "5.3277",
            "low": "5.3234",
            "close": "5.277"
        },
        {
            "time": "19.06.2021 19:13",
            "open": "5.277",
            "high": "5.277",
            "low": "5.277",
            "close": "5.2678"
        },
        {
            "time": "19.06.2021 19:18",
            "open": "5.2678",
            "high": "5.2678",
            "low": "5.2678",
            "close": "5.2838"
        },
        {
            "time": "19.06.2021 19:27",
            "open": "5.2838",
            "high": "5.2838",
            "low": "5.2838",
            "close": "5.2848"
        },
        {
            "time": "19.06.2021 19:29",
            "open": "5.2848",
            "high": "5.2848",
            "low": "5.2848",
            "close": "5.2678"
        },
        {
            "time": "19.06.2021 19:40",
            "open": "5.2678",
            "high": "5.2678",
            "low": "5.2678",
            "close": "5.2611"
        },
        {
            "time": "19.06.2021 19:42",
            "open": "5.2611",
            "high": "5.2611",
            "low": "5.2611",
            "close": "5.25"
        },
        {
            "time": "19.06.2021 19:49",
            "open": "5.25",
            "high": "5.25",
            "low": "5.25",
            "close": "5.248"
        },
        {
            "time": "19.06.2021 19:53",
            "open": "5.248",
            "high": "5.248",
            "low": "5.248",
            "close": "5.248"
        },
        {
            "time": "19.06.2021 19:55",
            "open": "5.248",
            "high": "5.248",
            "low": "5.248",
            "close": "5.2427"
        },
        {
            "time": "19.06.2021 20:00",
            "open": "5.2427",
            "high": "5.2427",
            "low": "5.2427",
            "close": "5.2291"
        },
        {
            "time": "19.06.2021 20:02",
            "open": "5.2291",
            "high": "5.2291",
            "low": "5.2163",
            "close": "5.21"
        },
        {
            "time": "19.06.2021 20:03",
            "open": "5.21",
            "high": "5.21",
            "low": "5.2047",
            "close": "5.2019"
        },
        {
            "time": "19.06.2021 20:04",
            "open": "5.2019",
            "high": "5.2019",
            "low": "5.2019",
            "close": "5.2019"
        },
        {
            "time": "19.06.2021 20:05",
            "open": "5.2019",
            "high": "5.2019",
            "low": "5.2",
            "close": "5.1903"
        },
        {
            "time": "19.06.2021 20:10",
            "open": "5.1903",
            "high": "5.1984",
            "low": "5.1903",
            "close": "5.2046"
        },
        {
            "time": "19.06.2021 20:14",
            "open": "5.2046",
            "high": "5.2046",
            "low": "5.2046",
            "close": "5.2149"
        },
        {
            "time": "19.06.2021 20:15",
            "open": "5.2149",
            "high": "5.2149",
            "low": "5.2149",
            "close": "5.1891"
        },
        {
            "time": "19.06.2021 20:18",
            "open": "5.1891",
            "high": "5.1891",
            "low": "5.18",
            "close": "5.1855"
        },
        {
            "time": "19.06.2021 20:19",
            "open": "5.1855",
            "high": "5.1855",
            "low": "5.1855",
            "close": "5.1776"
        },
        {
            "time": "19.06.2021 20:20",
            "open": "5.1776",
            "high": "5.181",
            "low": "5.1776",
            "close": "5.1863"
        },
        {
            "time": "19.06.2021 20:21",
            "open": "5.1863",
            "high": "5.1863",
            "low": "5.1863",
            "close": "5.1894"
        },
        {
            "time": "19.06.2021 20:27",
            "open": "5.1894",
            "high": "5.1894",
            "low": "5.1894",
            "close": "5.1898"
        },
        {
            "time": "19.06.2021 20:29",
            "open": "5.1898",
            "high": "5.1898",
            "low": "5.1898",
            "close": "5.1703"
        },
        {
            "time": "19.06.2021 20:31",
            "open": "5.1703",
            "high": "5.1703",
            "low": "5.1703",
            "close": "5.1779"
        },
        {
            "time": "19.06.2021 20:32",
            "open": "5.1779",
            "high": "5.1779",
            "low": "5.1779",
            "close": "5.2094"
        },
        {
            "time": "19.06.2021 20:37",
            "open": "5.2094",
            "high": "5.2094",
            "low": "5.2094",
            "close": "5.2003"
        },
        {
            "time": "19.06.2021 20:38",
            "open": "5.2003",
            "high": "5.2003",
            "low": "5.2003",
            "close": "5.2003"
        },
        {
            "time": "19.06.2021 20:41",
            "open": "5.2003",
            "high": "5.2075",
            "low": "5.2003",
            "close": "5.2248"
        },
        {
            "time": "19.06.2021 20:42",
            "open": "5.2248",
            "high": "5.2248",
            "low": "5.2149",
            "close": "5.2394"
        },
        {
            "time": "19.06.2021 20:46",
            "open": "5.2394",
            "high": "5.2405",
            "low": "5.2332",
            "close": "5.244"
        },
        {
            "time": "19.06.2021 20:49",
            "open": "5.244",
            "high": "5.244",
            "low": "5.244",
            "close": "5.2553"
        },
        {
            "time": "19.06.2021 20:55",
            "open": "5.2553",
            "high": "5.2553",
            "low": "5.2553",
            "close": "5.252"
        },
        {
            "time": "19.06.2021 21:00",
            "open": "5.252",
            "high": "5.252",
            "low": "5.2516",
            "close": "5.2445"
        },
        {
            "time": "19.06.2021 21:01",
            "open": "5.2445",
            "high": "5.2445",
            "low": "5.2445",
            "close": "5.2383"
        },
        {
            "time": "19.06.2021 21:07",
            "open": "5.2383",
            "high": "5.2383",
            "low": "5.2383",
            "close": "5.2306"
        },
        {
            "time": "19.06.2021 21:15",
            "open": "5.2306",
            "high": "5.2306",
            "low": "5.2306",
            "close": "5.2529"
        },
        {
            "time": "19.06.2021 21:21",
            "open": "5.2529",
            "high": "5.2681",
            "low": "5.2529",
            "close": "5.2943"
        },
        {
            "time": "19.06.2021 21:25",
            "open": "5.2943",
            "high": "5.2943",
            "low": "5.2943",
            "close": "5.2951"
        },
        {
            "time": "19.06.2021 21:26",
            "open": "5.2951",
            "high": "5.2951",
            "low": "5.2951",
            "close": "5.2905"
        },
        {
            "time": "19.06.2021 21:27",
            "open": "5.2905",
            "high": "5.2905",
            "low": "5.2905",
            "close": "5.263"
        },
        {
            "time": "19.06.2021 21:30",
            "open": "5.263",
            "high": "5.263",
            "low": "5.263",
            "close": "5.2463"
        },
        {
            "time": "19.06.2021 21:39",
            "open": "5.2463",
            "high": "5.2483",
            "low": "5.2463",
            "close": "5.2592"
        },
        {
            "time": "19.06.2021 21:40",
            "open": "5.2592",
            "high": "5.2592",
            "low": "5.2592",
            "close": "5.2601"
        },
        {
            "time": "19.06.2021 21:46",
            "open": "5.2601",
            "high": "5.2601",
            "low": "5.2601",
            "close": "5.2531"
        },
        {
            "time": "19.06.2021 21:48",
            "open": "5.2531",
            "high": "5.2531",
            "low": "5.2531",
            "close": "5.2563"
        },
        {
            "time": "19.06.2021 21:50",
            "open": "5.2563",
            "high": "5.2563",
            "low": "5.2563",
            "close": "5.2616"
        },
        {
            "time": "19.06.2021 21:57",
            "open": "5.2616",
            "high": "5.2616",
            "low": "5.2616",
            "close": "5.2667"
        },
        {
            "time": "19.06.2021 22:06",
            "open": "5.2667",
            "high": "5.2667",
            "low": "5.2667",
            "close": "5.2618"
        },
        {
            "time": "19.06.2021 22:08",
            "open": "5.2618",
            "high": "5.2618",
            "low": "5.2618",
            "close": "5.2456"
        },
        {
            "time": "19.06.2021 22:17",
            "open": "5.2456",
            "high": "5.2456",
            "low": "5.2456",
            "close": "5.2377"
        },
        {
            "time": "19.06.2021 22:25",
            "open": "5.2377",
            "high": "5.2377",
            "low": "5.2377",
            "close": "5.2217"
        },
        {
            "time": "19.06.2021 22:28",
            "open": "5.2217",
            "high": "5.2236",
            "low": "5.2217",
            "close": "5.2236"
        },
        {
            "time": "19.06.2021 22:29",
            "open": "5.2236",
            "high": "5.2389",
            "low": "5.2236",
            "close": "5.2414"
        },
        {
            "time": "19.06.2021 22:31",
            "open": "5.2414",
            "high": "5.2414",
            "low": "5.2374",
            "close": "5.2393"
        },
        {
            "time": "19.06.2021 22:39",
            "open": "5.2393",
            "high": "5.2393",
            "low": "5.2393",
            "close": "5.2494"
        },
        {
            "time": "19.06.2021 22:46",
            "open": "5.2494",
            "high": "5.2494",
            "low": "5.2494",
            "close": "5.2844"
        },
        {
            "time": "19.06.2021 23:09",
            "open": "5.2844",
            "high": "5.2844",
            "low": "5.2844",
            "close": "5.2548"
        },
        {
            "time": "19.06.2021 23:43",
            "open": "5.2548",
            "high": "5.2548",
            "low": "5.2548",
            "close": "5.2546"
        }
    ]
}