{
    "BAND-EUR": [
        {
            "time": "26.06.2021 23:59",
            "open": "3.9556",
            "high": "3.9621",
            "low": "3.9556",
            "close": "3.9613"
        },
        {
            "time": "27.06.2021 00:01",
            "open": "3.9613",
            "high": "3.9704",
            "low": "3.9613",
            "close": "3.9668"
        },
        {
            "time": "27.06.2021 00:06",
            "open": "3.9668",
            "high": "3.9668",
            "low": "3.9646",
            "close": "3.9744"
        },
        {
            "time": "27.06.2021 00:10",
            "open": "3.9744",
            "high": "3.9744",
            "low": "3.9703",
            "close": "3.9839"
        },
        {
            "time": "27.06.2021 00:12",
            "open": "3.9839",
            "high": "3.9839",
            "low": "3.9839",
            "close": "3.986"
        },
        {
            "time": "27.06.2021 00:27",
            "open": "3.986",
            "high": "3.986",
            "low": "3.986",
            "close": "3.9936"
        },
        {
            "time": "27.06.2021 00:31",
            "open": "3.9936",
            "high": "3.9938",
            "low": "3.9936",
            "close": "4.0001"
        },
        {
            "time": "27.06.2021 00:32",
            "open": "4.0001",
            "high": "4.0021",
            "low": "4.0001",
            "close": "4.004"
        },
        {
            "time": "27.06.2021 00:33",
            "open": "4.004",
            "high": "4.004",
            "low": "4.004",
            "close": "4.01"
        },
        {
            "time": "27.06.2021 00:38",
            "open": "4.01",
            "high": "4.01",
            "low": "4.01",
            "close": "4.0258"
        },
        {
            "time": "27.06.2021 00:43",
            "open": "4.0258",
            "high": "4.0258",
            "low": "4.0258",
            "close": "4.0331"
        },
        {
            "time": "27.06.2021 00:49",
            "open": "4.0331",
            "high": "4.0331",
            "low": "4.0211",
            "close": "4.0315"
        },
        {
            "time": "27.06.2021 00:50",
            "open": "4.0315",
            "high": "4.0315",
            "low": "4.0315",
            "close": "4.0376"
        },
        {
            "time": "27.06.2021 00:56",
            "open": "4.0376",
            "high": "4.04",
            "low": "4.0376",
            "close": "4.04"
        },
        {
            "time": "27.06.2021 01:01",
            "open": "4.04",
            "high": "4.04",
            "low": "4.035",
            "close": "4.0249"
        },
        {
            "time": "27.06.2021 01:06",
            "open": "4.0249",
            "high": "4.0249",
            "low": "4.0249",
            "close": "4.0322"
        },
        {
            "time": "27.06.2021 01:31",
            "open": "4.0322",
            "high": "4.0322",
            "low": "4.0322",
            "close": "4.0344"
        },
        {
            "time": "27.06.2021 01:35",
            "open": "4.0344",
            "high": "4.0344",
            "low": "4.0344",
            "close": "4.0664"
        },
        {
            "time": "27.06.2021 01:52",
            "open": "4.0664",
            "high": "4.0664",
            "low": "4.0664",
            "close": "4.0729"
        },
        {
            "time": "27.06.2021 01:53",
            "open": "4.0729",
            "high": "4.0764",
            "low": "4.0729",
            "close": "4.0721"
        },
        {
            "time": "27.06.2021 01:56",
            "open": "4.0721",
            "high": "4.0721",
            "low": "4.0721",
            "close": "4.0937"
        },
        {
            "time": "27.06.2021 01:57",
            "open": "4.0937",
            "high": "4.0937",
            "low": "4.0937",
            "close": "4.1045"
        },
        {
            "time": "27.06.2021 01:58",
            "open": "4.1045",
            "high": "4.1045",
            "low": "4.1045",
            "close": "4.1045"
        },
        {
            "time": "27.06.2021 01:59",
            "open": "4.1045",
            "high": "4.1045",
            "low": "4.1045",
            "close": "4.1028"
        },
        {
            "time": "27.06.2021 02:01",
            "open": "4.1028",
            "high": "4.1028",
            "low": "4.087",
            "close": "4.077"
        },
        {
            "time": "27.06.2021 02:02",
            "open": "4.077",
            "high": "4.0771",
            "low": "4.0746",
            "close": "4.054"
        },
        {
            "time": "27.06.2021 02:06",
            "open": "4.054",
            "high": "4.054",
            "low": "4.054",
            "close": "4.054"
        },
        {
            "time": "27.06.2021 02:07",
            "open": "4.054",
            "high": "4.054",
            "low": "4.054",
            "close": "4.0611"
        },
        {
            "time": "27.06.2021 02:08",
            "open": "4.0611",
            "high": "4.0611",
            "low": "4.0611",
            "close": "4.1102"
        },
        {
            "time": "27.06.2021 02:10",
            "open": "4.1102",
            "high": "4.1194",
            "low": "4.1102",
            "close": "4.1207"
        },
        {
            "time": "27.06.2021 02:11",
            "open": "4.1207",
            "high": "4.1207",
            "low": "4.1147",
            "close": "4.1147"
        },
        {
            "time": "27.06.2021 02:13",
            "open": "4.1147",
            "high": "4.122",
            "low": "4.1147",
            "close": "4.122"
        },
        {
            "time": "27.06.2021 02:15",
            "open": "4.122",
            "high": "4.122",
            "low": "4.122",
            "close": "4.1038"
        },
        {
            "time": "27.06.2021 02:19",
            "open": "4.1038",
            "high": "4.1038",
            "low": "4.1038",
            "close": "4.1062"
        },
        {
            "time": "27.06.2021 02:20",
            "open": "4.1062",
            "high": "4.1064",
            "low": "4.1062",
            "close": "4.1"
        },
        {
            "time": "27.06.2021 02:21",
            "open": "4.1",
            "high": "4.1023",
            "low": "4.1",
            "close": "4.1023"
        },
        {
            "time": "27.06.2021 02:23",
            "open": "4.1023",
            "high": "4.1023",
            "low": "4.1023",
            "close": "4.1152"
        },
        {
            "time": "27.06.2021 02:32",
            "open": "4.1152",
            "high": "4.1152",
            "low": "4.1152",
            "close": "4.1177"
        },
        {
            "time": "27.06.2021 02:33",
            "open": "4.1177",
            "high": "4.1182",
            "low": "4.1177",
            "close": "4.1152"
        },
        {
            "time": "27.06.2021 02:35",
            "open": "4.1152",
            "high": "4.1152",
            "low": "4.1152",
            "close": "4.1195"
        },
        {
            "time": "27.06.2021 02:37",
            "open": "4.1195",
            "high": "4.1195",
            "low": "4.1195",
            "close": "4.1257"
        },
        {
            "time": "27.06.2021 02:38",
            "open": "4.1257",
            "high": "4.1257",
            "low": "4.1257",
            "close": "4.1096"
        },
        {
            "time": "27.06.2021 02:41",
            "open": "4.1096",
            "high": "4.1096",
            "low": "4.1096",
            "close": "4.0976"
        },
        {
            "time": "27.06.2021 02:48",
            "open": "4.0976",
            "high": "4.0976",
            "low": "4.0976",
            "close": "4.0976"
        },
        {
            "time": "27.06.2021 02:49",
            "open": "4.0976",
            "high": "4.0976",
            "low": "4.0976",
            "close": "4.104"
        },
        {
            "time": "27.06.2021 02:52",
            "open": "4.104",
            "high": "4.104",
            "low": "4.104",
            "close": "4.1282"
        },
        {
            "time": "27.06.2021 02:55",
            "open": "4.1282",
            "high": "4.131",
            "low": "4.1282",
            "close": "4.1483"
        },
        {
            "time": "27.06.2021 02:58",
            "open": "4.1483",
            "high": "4.1495",
            "low": "4.1437",
            "close": "4.142"
        },
        {
            "time": "27.06.2021 02:59",
            "open": "4.142",
            "high": "4.142",
            "low": "4.1386",
            "close": "4.1482"
        },
        {
            "time": "27.06.2021 03:01",
            "open": "4.1482",
            "high": "4.1482",
            "low": "4.1482",
            "close": "4.156"
        },
        {
            "time": "27.06.2021 03:19",
            "open": "4.156",
            "high": "4.183",
            "low": "4.156",
            "close": "4.1753"
        },
        {
            "time": "27.06.2021 03:20",
            "open": "4.1753",
            "high": "4.1753",
            "low": "4.1743",
            "close": "4.1542"
        },
        {
            "time": "27.06.2021 03:25",
            "open": "4.1542",
            "high": "4.1542",
            "low": "4.1542",
            "close": "4.151"
        },
        {
            "time": "27.06.2021 03:26",
            "open": "4.151",
            "high": "4.1537",
            "low": "4.151",
            "close": "4.1688"
        },
        {
            "time": "27.06.2021 03:30",
            "open": "4.1688",
            "high": "4.1688",
            "low": "4.1688",
            "close": "4.1756"
        },
        {
            "time": "27.06.2021 03:31",
            "open": "4.1756",
            "high": "4.1816",
            "low": "4.1756",
            "close": "4.177"
        },
        {
            "time": "27.06.2021 03:32",
            "open": "4.177",
            "high": "4.177",
            "low": "4.1688",
            "close": "4.1736"
        },
        {
            "time": "27.06.2021 03:33",
            "open": "4.1736",
            "high": "4.1764",
            "low": "4.1736",
            "close": "4.1694"
        },
        {
            "time": "27.06.2021 03:34",
            "open": "4.1694",
            "high": "4.1694",
            "low": "4.1612",
            "close": "4.1609"
        },
        {
            "time": "27.06.2021 03:35",
            "open": "4.1609",
            "high": "4.171",
            "low": "4.1609",
            "close": "4.1723"
        },
        {
            "time": "27.06.2021 03:36",
            "open": "4.1723",
            "high": "4.199",
            "low": "4.1723",
            "close": "4.1792"
        },
        {
            "time": "27.06.2021 03:37",
            "open": "4.1792",
            "high": "4.1792",
            "low": "4.173",
            "close": "4.1906"
        },
        {
            "time": "27.06.2021 03:38",
            "open": "4.1906",
            "high": "4.1906",
            "low": "4.1878",
            "close": "4.1894"
        },
        {
            "time": "27.06.2021 03:40",
            "open": "4.1894",
            "high": "4.1894",
            "low": "4.1894",
            "close": "4.1876"
        },
        {
            "time": "27.06.2021 03:41",
            "open": "4.1876",
            "high": "4.1876",
            "low": "4.1876",
            "close": "4.1833"
        },
        {
            "time": "27.06.2021 03:44",
            "open": "4.1833",
            "high": "4.1833",
            "low": "4.1833",
            "close": "4.1707"
        },
        {
            "time": "27.06.2021 03:58",
            "open": "4.1707",
            "high": "4.1707",
            "low": "4.1707",
            "close": "4.1861"
        },
        {
            "time": "27.06.2021 03:59",
            "open": "4.1861",
            "high": "4.1861",
            "low": "4.1861",
            "close": "4.2"
        },
        {
            "time": "27.06.2021 04:04",
            "open": "4.2",
            "high": "4.2",
            "low": "4.2",
            "close": "4.2048"
        },
        {
            "time": "27.06.2021 04:05",
            "open": "4.2048",
            "high": "4.2048",
            "low": "4.2048",
            "close": "4.2087"
        },
        {
            "time": "27.06.2021 04:11",
            "open": "4.2087",
            "high": "4.2087",
            "low": "4.2087",
            "close": "4.226"
        },
        {
            "time": "27.06.2021 04:27",
            "open": "4.226",
            "high": "4.226",
            "low": "4.226",
            "close": "4.2395"
        },
        {
            "time": "27.06.2021 04:28",
            "open": "4.2395",
            "high": "4.2395",
            "low": "4.2395",
            "close": "4.2273"
        },
        {
            "time": "27.06.2021 04:29",
            "open": "4.2273",
            "high": "4.2711",
            "low": "4.2273",
            "close": "4.2604"
        },
        {
            "time": "27.06.2021 04:30",
            "open": "4.2604",
            "high": "4.2604",
            "low": "4.2536",
            "close": "4.2537"
        },
        {
            "time": "27.06.2021 04:31",
            "open": "4.2537",
            "high": "4.2537",
            "low": "4.2519",
            "close": "4.2387"
        },
        {
            "time": "27.06.2021 04:33",
            "open": "4.2387",
            "high": "4.2387",
            "low": "4.2384",
            "close": "4.2488"
        },
        {
            "time": "27.06.2021 04:34",
            "open": "4.2488",
            "high": "4.2488",
            "low": "4.2488",
            "close": "4.2666"
        },
        {
            "time": "27.06.2021 04:42",
            "open": "4.2666",
            "high": "4.2666",
            "low": "4.2551",
            "close": "4.2492"
        },
        {
            "time": "27.06.2021 04:53",
            "open": "4.2492",
            "high": "4.2492",
            "low": "4.2492",
            "close": "4.27"
        },
        {
            "time": "27.06.2021 04:58",
            "open": "4.27",
            "high": "4.27",
            "low": "4.27",
            "close": "4.2722"
        },
        {
            "time": "27.06.2021 05:05",
            "open": "4.2722",
            "high": "4.2722",
            "low": "4.2722",
            "close": "4.2715"
        },
        {
            "time": "27.06.2021 05:21",
            "open": "4.2715",
            "high": "4.2715",
            "low": "4.2715",
            "close": "4.2768"
        },
        {
            "time": "27.06.2021 05:32",
            "open": "4.2768",
            "high": "4.2769",
            "low": "4.2768",
            "close": "4.3"
        },
        {
            "time": "27.06.2021 05:40",
            "open": "4.3",
            "high": "4.3",
            "low": "4.3",
            "close": "4.3"
        },
        {
            "time": "27.06.2021 05:41",
            "open": "4.3",
            "high": "4.3",
            "low": "4.3",
            "close": "4.3033"
        },
        {
            "time": "27.06.2021 05:55",
            "open": "4.3033",
            "high": "4.3033",
            "low": "4.3033",
            "close": "4.3098"
        },
        {
            "time": "27.06.2021 05:58",
            "open": "4.3098",
            "high": "4.3098",
            "low": "4.3098",
            "close": "4.3011"
        },
        {
            "time": "27.06.2021 05:59",
            "open": "4.3011",
            "high": "4.3011",
            "low": "4.3011",
            "close": "4.307"
        },
        {
            "time": "27.06.2021 06:00",
            "open": "4.307",
            "high": "4.307",
            "low": "4.307",
            "close": "4.307"
        },
        {
            "time": "27.06.2021 06:01",
            "open": "4.307",
            "high": "4.307",
            "low": "4.307",
            "close": "4.2923"
        },
        {
            "time": "27.06.2021 06:06",
            "open": "4.2923",
            "high": "4.2923",
            "low": "4.2923",
            "close": "4.2693"
        },
        {
            "time": "27.06.2021 06:11",
            "open": "4.2693",
            "high": "4.2693",
            "low": "4.2693",
            "close": "4.2693"
        },
        {
            "time": "27.06.2021 06:33",
            "open": "4.2693",
            "high": "4.2693",
            "low": "4.2693",
            "close": "4.2504"
        },
        {
            "time": "27.06.2021 06:40",
            "open": "4.2504",
            "high": "4.2504",
            "low": "4.2504",
            "close": "4.2538"
        },
        {
            "time": "27.06.2021 06:50",
            "open": "4.2538",
            "high": "4.254",
            "low": "4.2538",
            "close": "4.2539"
        },
        {
            "time": "27.06.2021 06:51",
            "open": "4.2539",
            "high": "4.254",
            "low": "4.2539",
            "close": "4.2536"
        },
        {
            "time": "27.06.2021 06:55",
            "open": "4.2536",
            "high": "4.2536",
            "low": "4.2536",
            "close": "4.2443"
        },
        {
            "time": "27.06.2021 06:56",
            "open": "4.2443",
            "high": "4.2443",
            "low": "4.2442",
            "close": "4.1967"
        },
        {
            "time": "27.06.2021 07:43",
            "open": "4.1967",
            "high": "4.1967",
            "low": "4.1967",
            "close": "4.1914"
        },
        {
            "time": "27.06.2021 07:44",
            "open": "4.1914",
            "high": "4.1914",
            "low": "4.1914",
            "close": "4.1914"
        },
        {
            "time": "27.06.2021 07:45",
            "open": "4.1914",
            "high": "4.1914",
            "low": "4.1914",
            "close": "4.2357"
        },
        {
            "time": "27.06.2021 08:15",
            "open": "4.2357",
            "high": "4.2357",
            "low": "4.2335",
            "close": "4.1962"
        },
        {
            "time": "27.06.2021 08:25",
            "open": "4.1962",
            "high": "4.1962",
            "low": "4.1962",
            "close": "4.1791"
        },
        {
            "time": "27.06.2021 08:34",
            "open": "4.1791",
            "high": "4.1791",
            "low": "4.179",
            "close": "4.1716"
        },
        {
            "time": "27.06.2021 08:35",
            "open": "4.1716",
            "high": "4.1716",
            "low": "4.1716",
            "close": "4.1705"
        },
        {
            "time": "27.06.2021 08:37",
            "open": "4.1705",
            "high": "4.1705",
            "low": "4.1705",
            "close": "4.1672"
        },
        {
            "time": "27.06.2021 08:40",
            "open": "4.1672",
            "high": "4.1672",
            "low": "4.1672",
            "close": "4.172"
        },
        {
            "time": "27.06.2021 08:42",
            "open": "4.172",
            "high": "4.172",
            "low": "4.172",
            "close": "4.1805"
        },
        {
            "time": "27.06.2021 08:45",
            "open": "4.1805",
            "high": "4.1805",
            "low": "4.1805",
            "close": "4.1866"
        },
        {
            "time": "27.06.2021 08:51",
            "open": "4.1866",
            "high": "4.1866",
            "low": "4.1856",
            "close": "4.1864"
        },
        {
            "time": "27.06.2021 08:52",
            "open": "4.1864",
            "high": "4.1864",
            "low": "4.1863",
            "close": "4.1926"
        },
        {
            "time": "27.06.2021 08:54",
            "open": "4.1926",
            "high": "4.1926",
            "low": "4.1926",
            "close": "4.182"
        },
        {
            "time": "27.06.2021 09:10",
            "open": "4.182",
            "high": "4.182",
            "low": "4.182",
            "close": "4.2144"
        },
        {
            "time": "27.06.2021 09:33",
            "open": "4.2144",
            "high": "4.2144",
            "low": "4.2144",
            "close": "4.2364"
        },
        {
            "time": "27.06.2021 09:36",
            "open": "4.2364",
            "high": "4.2367",
            "low": "4.2364",
            "close": "4.2325"
        },
        {
            "time": "27.06.2021 09:37",
            "open": "4.2325",
            "high": "4.2325",
            "low": "4.2325",
            "close": "4.2512"
        },
        {
            "time": "27.06.2021 09:50",
            "open": "4.2512",
            "high": "4.2512",
            "low": "4.245",
            "close": "4.2397"
        },
        {
            "time": "27.06.2021 09:53",
            "open": "4.2397",
            "high": "4.2397",
            "low": "4.2397",
            "close": "4.2473"
        },
        {
            "time": "27.06.2021 09:54",
            "open": "4.2473",
            "high": "4.2473",
            "low": "4.2473",
            "close": "4.2423"
        },
        {
            "time": "27.06.2021 10:01",
            "open": "4.2423",
            "high": "4.2423",
            "low": "4.2423",
            "close": "4.2496"
        },
        {
            "time": "27.06.2021 10:10",
            "open": "4.2496",
            "high": "4.2496",
            "low": "4.2496",
            "close": "4.2425"
        },
        {
            "time": "27.06.2021 10:12",
            "open": "4.2425",
            "high": "4.2425",
            "low": "4.2425",
            "close": "4.2473"
        },
        {
            "time": "27.06.2021 10:16",
            "open": "4.2473",
            "high": "4.2503",
            "low": "4.2473",
            "close": "4.2416"
        },
        {
            "time": "27.06.2021 10:19",
            "open": "4.2416",
            "high": "4.2416",
            "low": "4.2416",
            "close": "4.2493"
        },
        {
            "time": "27.06.2021 10:27",
            "open": "4.2493",
            "high": "4.2494",
            "low": "4.2493",
            "close": "4.2377"
        },
        {
            "time": "27.06.2021 10:29",
            "open": "4.2377",
            "high": "4.2377",
            "low": "4.2377",
            "close": "4.2038"
        },
        {
            "time": "27.06.2021 10:50",
            "open": "4.2038",
            "high": "4.2038",
            "low": "4.2038",
            "close": "4.2038"
        },
        {
            "time": "27.06.2021 10:52",
            "open": "4.2038",
            "high": "4.2038",
            "low": "4.2038",
            "close": "4.2"
        },
        {
            "time": "27.06.2021 10:53",
            "open": "4.2",
            "high": "4.2",
            "low": "4.2",
            "close": "4.2"
        },
        {
            "time": "27.06.2021 11:07",
            "open": "4.2",
            "high": "4.2",
            "low": "4.2",
            "close": "4.211"
        },
        {
            "time": "27.06.2021 11:11",
            "open": "4.211",
            "high": "4.211",
            "low": "4.2039",
            "close": "4.2107"
        },
        {
            "time": "27.06.2021 11:17",
            "open": "4.2107",
            "high": "4.2107",
            "low": "4.2107",
            "close": "4.1788"
        },
        {
            "time": "27.06.2021 11:26",
            "open": "4.1788",
            "high": "4.1788",
            "low": "4.1788",
            "close": "4.1788"
        },
        {
            "time": "27.06.2021 11:27",
            "open": "4.1788",
            "high": "4.1788",
            "low": "4.1788",
            "close": "4.164"
        },
        {
            "time": "27.06.2021 11:30",
            "open": "4.164",
            "high": "4.164",
            "low": "4.1613",
            "close": "4.1546"
        },
        {
            "time": "27.06.2021 11:33",
            "open": "4.1546",
            "high": "4.1546",
            "low": "4.1546",
            "close": "4.142"
        },
        {
            "time": "27.06.2021 11:34",
            "open": "4.142",
            "high": "4.142",
            "low": "4.142",
            "close": "4.1348"
        },
        {
            "time": "27.06.2021 11:35",
            "open": "4.1348",
            "high": "4.1348",
            "low": "4.1348",
            "close": "4.1224"
        },
        {
            "time": "27.06.2021 11:45",
            "open": "4.1224",
            "high": "4.1224",
            "low": "4.1224",
            "close": "4.1262"
        },
        {
            "time": "27.06.2021 11:48",
            "open": "4.1262",
            "high": "4.1262",
            "low": "4.1262",
            "close": "4.1432"
        },
        {
            "time": "27.06.2021 11:56",
            "open": "4.1432",
            "high": "4.1432",
            "low": "4.1432",
            "close": "4.1432"
        },
        {
            "time": "27.06.2021 11:57",
            "open": "4.1432",
            "high": "4.1432",
            "low": "4.1413",
            "close": "4.1333"
        },
        {
            "time": "27.06.2021 12:09",
            "open": "4.1333",
            "high": "4.1333",
            "low": "4.1333",
            "close": "4.1235"
        },
        {
            "time": "27.06.2021 12:20",
            "open": "4.1235",
            "high": "4.1235",
            "low": "4.1235",
            "close": "4.1142"
        },
        {
            "time": "27.06.2021 12:30",
            "open": "4.1142",
            "high": "4.1142",
            "low": "4.1142",
            "close": "4.1086"
        },
        {
            "time": "27.06.2021 12:32",
            "open": "4.1086",
            "high": "4.1086",
            "low": "4.1086",
            "close": "4.1"
        },
        {
            "time": "27.06.2021 12:33",
            "open": "4.1",
            "high": "4.1003",
            "low": "4.0999",
            "close": "4.0905"
        },
        {
            "time": "27.06.2021 12:37",
            "open": "4.0905",
            "high": "4.0905",
            "low": "4.0905",
            "close": "4.0916"
        },
        {
            "time": "27.06.2021 12:39",
            "open": "4.0916",
            "high": "4.0923",
            "low": "4.0916",
            "close": "4.1062"
        },
        {
            "time": "27.06.2021 12:46",
            "open": "4.1062",
            "high": "4.1062",
            "low": "4.1062",
            "close": "4.0912"
        },
        {
            "time": "27.06.2021 13:01",
            "open": "4.0912",
            "high": "4.0912",
            "low": "4.0912",
            "close": "4.0953"
        },
        {
            "time": "27.06.2021 13:04",
            "open": "4.0953",
            "high": "4.0953",
            "low": "4.0953",
            "close": "4.1097"
        },
        {
            "time": "27.06.2021 13:12",
            "open": "4.1097",
            "high": "4.111",
            "low": "4.1097",
            "close": "4.0968"
        },
        {
            "time": "27.06.2021 13:17",
            "open": "4.0968",
            "high": "4.0968",
            "low": "4.0968",
            "close": "4.0986"
        },
        {
            "time": "27.06.2021 13:25",
            "open": "4.0986",
            "high": "4.0986",
            "low": "4.0986",
            "close": "4.1058"
        },
        {
            "time": "27.06.2021 13:26",
            "open": "4.1058",
            "high": "4.1058",
            "low": "4.1058",
            "close": "4.141"
        },
        {
            "time": "27.06.2021 13:30",
            "open": "4.141",
            "high": "4.141",
            "low": "4.141",
            "close": "4.1628"
        },
        {
            "time": "27.06.2021 13:36",
            "open": "4.1628",
            "high": "4.1628",
            "low": "4.16",
            "close": "4.16"
        },
        {
            "time": "27.06.2021 13:40",
            "open": "4.16",
            "high": "4.16",
            "low": "4.16",
            "close": "4.141"
        },
        {
            "time": "27.06.2021 13:42",
            "open": "4.141",
            "high": "4.141",
            "low": "4.141",
            "close": "4.1258"
        },
        {
            "time": "27.06.2021 13:44",
            "open": "4.1258",
            "high": "4.1272",
            "low": "4.1258",
            "close": "4.1409"
        },
        {
            "time": "27.06.2021 13:59",
            "open": "4.1409",
            "high": "4.1409",
            "low": "4.14",
            "close": "4.1515"
        },
        {
            "time": "27.06.2021 14:00",
            "open": "4.1515",
            "high": "4.1515",
            "low": "4.1515",
            "close": "4.1352"
        },
        {
            "time": "27.06.2021 14:01",
            "open": "4.1352",
            "high": "4.1352",
            "low": "4.1271",
            "close": "4.1294"
        },
        {
            "time": "27.06.2021 14:03",
            "open": "4.1294",
            "high": "4.1294",
            "low": "4.1271",
            "close": "4.1207"
        },
        {
            "time": "27.06.2021 14:05",
            "open": "4.1207",
            "high": "4.1207",
            "low": "4.12",
            "close": "4.1575"
        },
        {
            "time": "27.06.2021 14:18",
            "open": "4.1575",
            "high": "4.1575",
            "low": "4.1575",
            "close": "4.1596"
        },
        {
            "time": "27.06.2021 14:20",
            "open": "4.1596",
            "high": "4.1596",
            "low": "4.1596",
            "close": "4.1809"
        },
        {
            "time": "27.06.2021 14:31",
            "open": "4.1809",
            "high": "4.1809",
            "low": "4.1809",
            "close": "4.1918"
        },
        {
            "time": "27.06.2021 14:34",
            "open": "4.1918",
            "high": "4.1918",
            "low": "4.1917",
            "close": "4.1809"
        },
        {
            "time": "27.06.2021 14:38",
            "open": "4.1809",
            "high": "4.1809",
            "low": "4.1809",
            "close": "4.1674"
        },
        {
            "time": "27.06.2021 14:45",
            "open": "4.1674",
            "high": "4.1715",
            "low": "4.1674",
            "close": "4.171"
        },
        {
            "time": "27.06.2021 14:46",
            "open": "4.171",
            "high": "4.1736",
            "low": "4.171",
            "close": "4.171"
        },
        {
            "time": "27.06.2021 14:47",
            "open": "4.171",
            "high": "4.171",
            "low": "4.171",
            "close": "4.1665"
        },
        {
            "time": "27.06.2021 14:48",
            "open": "4.1665",
            "high": "4.1665",
            "low": "4.1665",
            "close": "4.166"
        },
        {
            "time": "27.06.2021 14:55",
            "open": "4.166",
            "high": "4.166",
            "low": "4.166",
            "close": "4.1716"
        },
        {
            "time": "27.06.2021 14:56",
            "open": "4.1716",
            "high": "4.1716",
            "low": "4.1716",
            "close": "4.167"
        },
        {
            "time": "27.06.2021 14:57",
            "open": "4.167",
            "high": "4.167",
            "low": "4.167",
            "close": "4.1596"
        },
        {
            "time": "27.06.2021 15:03",
            "open": "4.1596",
            "high": "4.1596",
            "low": "4.1596",
            "close": "4.1507"
        },
        {
            "time": "27.06.2021 15:08",
            "open": "4.1507",
            "high": "4.1507",
            "low": "4.1507",
            "close": "4.1597"
        },
        {
            "time": "27.06.2021 15:18",
            "open": "4.1597",
            "high": "4.1597",
            "low": "4.1597",
            "close": "4.1558"
        },
        {
            "time": "27.06.2021 15:19",
            "open": "4.1558",
            "high": "4.1558",
            "low": "4.1558",
            "close": "4.1402"
        },
        {
            "time": "27.06.2021 15:29",
            "open": "4.1402",
            "high": "4.1402",
            "low": "4.1402",
            "close": "4.1058"
        },
        {
            "time": "27.06.2021 15:48",
            "open": "4.1058",
            "high": "4.1058",
            "low": "4.1058",
            "close": "4.1187"
        },
        {
            "time": "27.06.2021 15:59",
            "open": "4.1187",
            "high": "4.1187",
            "low": "4.1187",
            "close": "4.1144"
        },
        {
            "time": "27.06.2021 16:00",
            "open": "4.1144",
            "high": "4.1144",
            "low": "4.109",
            "close": "4.0701"
        },
        {
            "time": "27.06.2021 16:14",
            "open": "4.0701",
            "high": "4.0701",
            "low": "4.0701",
            "close": "4.0863"
        },
        {
            "time": "27.06.2021 16:17",
            "open": "4.0863",
            "high": "4.0863",
            "low": "4.0863",
            "close": "4.0864"
        },
        {
            "time": "27.06.2021 16:20",
            "open": "4.0864",
            "high": "4.0864",
            "low": "4.0864",
            "close": "4.0835"
        },
        {
            "time": "27.06.2021 16:30",
            "open": "4.0835",
            "high": "4.0835",
            "low": "4.0835",
            "close": "4.0835"
        },
        {
            "time": "27.06.2021 16:31",
            "open": "4.0835",
            "high": "4.0835",
            "low": "4.0835",
            "close": "4.0961"
        },
        {
            "time": "27.06.2021 16:32",
            "open": "4.0961",
            "high": "4.0961",
            "low": "4.0933",
            "close": "4.1166"
        },
        {
            "time": "27.06.2021 16:49",
            "open": "4.1166",
            "high": "4.1167",
            "low": "4.1166",
            "close": "4.1111"
        },
        {
            "time": "27.06.2021 16:56",
            "open": "4.1111",
            "high": "4.1111",
            "low": "4.1111",
            "close": "4.1107"
        },
        {
            "time": "27.06.2021 17:01",
            "open": "4.1107",
            "high": "4.1107",
            "low": "4.1107",
            "close": "4.1082"
        },
        {
            "time": "27.06.2021 17:16",
            "open": "4.1082",
            "high": "4.1082",
            "low": "4.095",
            "close": "4.089"
        },
        {
            "time": "27.06.2021 17:17",
            "open": "4.089",
            "high": "4.089",
            "low": "4.089",
            "close": "4.0925"
        },
        {
            "time": "27.06.2021 17:21",
            "open": "4.0925",
            "high": "4.0963",
            "low": "4.0925",
            "close": "4.161"
        },
        {
            "time": "27.06.2021 17:31",
            "open": "4.161",
            "high": "4.161",
            "low": "4.161",
            "close": "4.161"
        },
        {
            "time": "27.06.2021 17:33",
            "open": "4.161",
            "high": "4.161",
            "low": "4.161",
            "close": "4.1516"
        },
        {
            "time": "27.06.2021 17:37",
            "open": "4.1516",
            "high": "4.1516",
            "low": "4.1425",
            "close": "4.1112"
        },
        {
            "time": "27.06.2021 17:39",
            "open": "4.1112",
            "high": "4.1112",
            "low": "4.1111",
            "close": "4.086"
        },
        {
            "time": "27.06.2021 17:41",
            "open": "4.086",
            "high": "4.0871",
            "low": "4.084",
            "close": "4.0839"
        },
        {
            "time": "27.06.2021 17:43",
            "open": "4.0839",
            "high": "4.0839",
            "low": "4.0839",
            "close": "4.068"
        },
        {
            "time": "27.06.2021 17:48",
            "open": "4.068",
            "high": "4.0681",
            "low": "4.0678",
            "close": "4.0762"
        },
        {
            "time": "27.06.2021 17:49",
            "open": "4.0762",
            "high": "4.0763",
            "low": "4.0762",
            "close": "4.0804"
        },
        {
            "time": "27.06.2021 17:54",
            "open": "4.0804",
            "high": "4.0804",
            "low": "4.0804",
            "close": "4.0845"
        },
        {
            "time": "27.06.2021 18:00",
            "open": "4.0845",
            "high": "4.0845",
            "low": "4.0845",
            "close": "4.0779"
        },
        {
            "time": "27.06.2021 18:02",
            "open": "4.0779",
            "high": "4.0779",
            "low": "4.0779",
            "close": "4.0654"
        },
        {
            "time": "27.06.2021 18:20",
            "open": "4.0654",
            "high": "4.0654",
            "low": "4.0654",
            "close": "4.076"
        },
        {
            "time": "27.06.2021 18:21",
            "open": "4.076",
            "high": "4.076",
            "low": "4.076",
            "close": "4.0628"
        },
        {
            "time": "27.06.2021 18:24",
            "open": "4.0628",
            "high": "4.0628",
            "low": "4.0628",
            "close": "4.0539"
        },
        {
            "time": "27.06.2021 18:31",
            "open": "4.0539",
            "high": "4.0539",
            "low": "4.0487",
            "close": "4.0387"
        },
        {
            "time": "27.06.2021 18:35",
            "open": "4.0387",
            "high": "4.0387",
            "low": "4.0387",
            "close": "4.0431"
        },
        {
            "time": "27.06.2021 18:37",
            "open": "4.0431",
            "high": "4.0431",
            "low": "4.0431",
            "close": "4.0353"
        },
        {
            "time": "27.06.2021 18:47",
            "open": "4.0353",
            "high": "4.0353",
            "low": "4.0319",
            "close": "4.035"
        },
        {
            "time": "27.06.2021 18:54",
            "open": "4.035",
            "high": "4.0362",
            "low": "4.035",
            "close": "4.0192"
        },
        {
            "time": "27.06.2021 19:03",
            "open": "4.0192",
            "high": "4.0192",
            "low": "4.0192",
            "close": "4.0066"
        },
        {
            "time": "27.06.2021 19:06",
            "open": "4.0066",
            "high": "4.0066",
            "low": "4.0065",
            "close": "4.0343"
        },
        {
            "time": "27.06.2021 19:16",
            "open": "4.0343",
            "high": "4.0366",
            "low": "4.0343",
            "close": "4.0025"
        },
        {
            "time": "27.06.2021 19:34",
            "open": "4.0025",
            "high": "4.0025",
            "low": "3.9989",
            "close": "4.0186"
        },
        {
            "time": "27.06.2021 19:55",
            "open": "4.0186",
            "high": "4.0186",
            "low": "4.0186",
            "close": "3.9606"
        },
        {
            "time": "27.06.2021 20:07",
            "open": "3.9606",
            "high": "3.9606",
            "low": "3.9552",
            "close": "3.9517"
        },
        {
            "time": "27.06.2021 20:09",
            "open": "3.9517",
            "high": "3.9517",
            "low": "3.95",
            "close": "3.945"
        },
        {
            "time": "27.06.2021 20:11",
            "open": "3.945",
            "high": "3.945",
            "low": "3.945",
            "close": "3.9451"
        },
        {
            "time": "27.06.2021 20:15",
            "open": "3.9451",
            "high": "3.9451",
            "low": "3.9451",
            "close": "3.9868"
        },
        {
            "time": "27.06.2021 20:23",
            "open": "3.9868",
            "high": "3.9868",
            "low": "3.9868",
            "close": "3.9835"
        },
        {
            "time": "27.06.2021 20:27",
            "open": "3.9835",
            "high": "3.9835",
            "low": "3.9835",
            "close": "3.9797"
        },
        {
            "time": "27.06.2021 20:28",
            "open": "3.9797",
            "high": "3.9827",
            "low": "3.9797",
            "close": "3.9603"
        },
        {
            "time": "27.06.2021 20:30",
            "open": "3.9603",
            "high": "3.9603",
            "low": "3.9596",
            "close": "3.956"
        },
        {
            "time": "27.06.2021 20:31",
            "open": "3.956",
            "high": "3.9583",
            "low": "3.956",
            "close": "3.9542"
        },
        {
            "time": "27.06.2021 20:32",
            "open": "3.9542",
            "high": "3.9542",
            "low": "3.9542",
            "close": "3.9483"
        },
        {
            "time": "27.06.2021 20:33",
            "open": "3.9483",
            "high": "3.9483",
            "low": "3.9451",
            "close": "3.9506"
        },
        {
            "time": "27.06.2021 20:39",
            "open": "3.9506",
            "high": "3.9506",
            "low": "3.9506",
            "close": "3.9542"
        },
        {
            "time": "27.06.2021 20:44",
            "open": "3.9542",
            "high": "3.9542",
            "low": "3.9542",
            "close": "3.9585"
        },
        {
            "time": "27.06.2021 20:45",
            "open": "3.9585",
            "high": "3.9585",
            "low": "3.9571",
            "close": "3.9377"
        },
        {
            "time": "27.06.2021 20:52",
            "open": "3.9377",
            "high": "3.9393",
            "low": "3.9377",
            "close": "3.9445"
        },
        {
            "time": "27.06.2021 20:53",
            "open": "3.9445",
            "high": "3.9445",
            "low": "3.9445",
            "close": "3.9453"
        },
        {
            "time": "27.06.2021 20:56",
            "open": "3.9453",
            "high": "3.9477",
            "low": "3.9453",
            "close": "3.9565"
        },
        {
            "time": "27.06.2021 21:00",
            "open": "3.9565",
            "high": "3.9565",
            "low": "3.9429",
            "close": "3.9415"
        },
        {
            "time": "27.06.2021 21:02",
            "open": "3.9415",
            "high": "3.9429",
            "low": "3.9415",
            "close": "3.9429"
        },
        {
            "time": "27.06.2021 21:03",
            "open": "3.9429",
            "high": "3.9429",
            "low": "3.9429",
            "close": "3.9457"
        },
        {
            "time": "27.06.2021 21:12",
            "open": "3.9457",
            "high": "3.9465",
            "low": "3.9457",
            "close": "3.9432"
        },
        {
            "time": "27.06.2021 21:15",
            "open": "3.9432",
            "high": "3.9454",
            "low": "3.9432",
            "close": "3.9299"
        },
        {
            "time": "27.06.2021 21:20",
            "open": "3.9299",
            "high": "3.9299",
            "low": "3.9299",
            "close": "3.9249"
        },
        {
            "time": "27.06.2021 21:21",
            "open": "3.9249",
            "high": "3.9249",
            "low": "3.9249",
            "close": "3.9344"
        },
        {
            "time": "27.06.2021 21:30",
            "open": "3.9344",
            "high": "3.9344",
            "low": "3.9344",
            "close": "4.011"
        },
        {
            "time": "27.06.2021 21:53",
            "open": "4.011",
            "high": "4.0174",
            "low": "4.011",
            "close": "4.0049"
        },
        {
            "time": "27.06.2021 22:01",
            "open": "4.0049",
            "high": "4.0049",
            "low": "4.0049",
            "close": "3.9708"
        },
        {
            "time": "27.06.2021 22:09",
            "open": "3.9708",
            "high": "3.9742",
            "low": "3.9708",
            "close": "3.9863"
        },
        {
            "time": "27.06.2021 22:11",
            "open": "3.9863",
            "high": "3.9864",
            "low": "3.9863",
            "close": "4.0066"
        },
        {
            "time": "27.06.2021 22:19",
            "open": "4.0066",
            "high": "4.0066",
            "low": "4.0059",
            "close": "4.008"
        },
        {
            "time": "27.06.2021 22:35",
            "open": "4.008",
            "high": "4.008",
            "low": "4.008",
            "close": "4.0088"
        },
        {
            "time": "27.06.2021 22:40",
            "open": "4.0088",
            "high": "4.0088",
            "low": "4.0088",
            "close": "4.0001"
        },
        {
            "time": "27.06.2021 22:49",
            "open": "4.0001",
            "high": "4.0001",
            "low": "4",
            "close": "3.9968"
        },
        {
            "time": "27.06.2021 22:50",
            "open": "3.9968",
            "high": "3.9968",
            "low": "3.9968",
            "close": "3.9846"
        },
        {
            "time": "27.06.2021 22:53",
            "open": "3.9846",
            "high": "3.9846",
            "low": "3.9846",
            "close": "3.9846"
        },
        {
            "time": "27.06.2021 23:03",
            "open": "3.9846",
            "high": "3.9846",
            "low": "3.9846",
            "close": "4.0281"
        },
        {
            "time": "27.06.2021 23:09",
            "open": "4.0281",
            "high": "4.0301",
            "low": "4.0281",
            "close": "4.0301"
        },
        {
            "time": "27.06.2021 23:15",
            "open": "4.0301",
            "high": "4.0305",
            "low": "4.0301",
            "close": "4.0004"
        },
        {
            "time": "27.06.2021 23:22",
            "open": "4.0004",
            "high": "4.0004",
            "low": "3.9965",
            "close": "4.0214"
        },
        {
            "time": "27.06.2021 23:38",
            "open": "4.0214",
            "high": "4.0214",
            "low": "4.0214",
            "close": "4.0053"
        },
        {
            "time": "27.06.2021 23:43",
            "open": "4.0053",
            "high": "4.0101",
            "low": "4.0053",
            "close": "4.0017"
        },
        {
            "time": "27.06.2021 23:44",
            "open": "4.0017",
            "high": "4.0017",
            "low": "4.0017",
            "close": "3.9966"
        },
        {
            "time": "27.06.2021 23:45",
            "open": "3.9966",
            "high": "3.9966",
            "low": "3.9966",
            "close": "3.9905"
        },
        {
            "time": "27.06.2021 23:46",
            "open": "3.9905",
            "high": "3.9905",
            "low": "3.9905",
            "close": "3.9926"
        },
        {
            "time": "27.06.2021 23:47",
            "open": "3.9926",
            "high": "3.9926",
            "low": "3.9926",
            "close": "4.0333"
        },
        {
            "time": "27.06.2021 23:53",
            "open": "4.0333",
            "high": "4.0333",
            "low": "4.0333",
            "close": "4.0389"
        }
    ]
}