{
    "BAND-EUR": [
        {
            "time": "06.07.2021 23:55",
            "open": "5.2927",
            "high": "5.2927",
            "low": "5.2927",
            "close": "5.3274"
        },
        {
            "time": "07.07.2021 00:03",
            "open": "5.3274",
            "high": "5.3275",
            "low": "5.3274",
            "close": "5.3391"
        },
        {
            "time": "07.07.2021 00:08",
            "open": "5.3391",
            "high": "5.3404",
            "low": "5.3391",
            "close": "5.3542"
        },
        {
            "time": "07.07.2021 00:14",
            "open": "5.3542",
            "high": "5.361",
            "low": "5.3542",
            "close": "5.35"
        },
        {
            "time": "07.07.2021 00:17",
            "open": "5.35",
            "high": "5.35",
            "low": "5.35",
            "close": "5.3568"
        },
        {
            "time": "07.07.2021 00:19",
            "open": "5.3568",
            "high": "5.3568",
            "low": "5.3493",
            "close": "5.3655"
        },
        {
            "time": "07.07.2021 00:24",
            "open": "5.3655",
            "high": "5.3655",
            "low": "5.3655",
            "close": "5.3666"
        },
        {
            "time": "07.07.2021 00:30",
            "open": "5.3666",
            "high": "5.3666",
            "low": "5.3666",
            "close": "5.4114"
        },
        {
            "time": "07.07.2021 00:40",
            "open": "5.4114",
            "high": "5.42",
            "low": "5.4114",
            "close": "5.4199"
        },
        {
            "time": "07.07.2021 00:41",
            "open": "5.4199",
            "high": "5.4199",
            "low": "5.4128",
            "close": "5.42"
        },
        {
            "time": "07.07.2021 00:45",
            "open": "5.42",
            "high": "5.4238",
            "low": "5.42",
            "close": "5.4238"
        },
        {
            "time": "07.07.2021 00:48",
            "open": "5.4238",
            "high": "5.4238",
            "low": "5.4238",
            "close": "5.4163"
        },
        {
            "time": "07.07.2021 00:50",
            "open": "5.4163",
            "high": "5.4163",
            "low": "5.4163",
            "close": "5.4185"
        },
        {
            "time": "07.07.2021 01:11",
            "open": "5.4185",
            "high": "5.4185",
            "low": "5.4178",
            "close": "5.4407"
        },
        {
            "time": "07.07.2021 01:16",
            "open": "5.4407",
            "high": "5.4407",
            "low": "5.4407",
            "close": "5.4402"
        },
        {
            "time": "07.07.2021 01:23",
            "open": "5.4402",
            "high": "5.4402",
            "low": "5.4402",
            "close": "5.45"
        },
        {
            "time": "07.07.2021 01:24",
            "open": "5.45",
            "high": "5.4501",
            "low": "5.45",
            "close": "5.4415"
        },
        {
            "time": "07.07.2021 01:28",
            "open": "5.4415",
            "high": "5.4415",
            "low": "5.4415",
            "close": "5.451"
        },
        {
            "time": "07.07.2021 01:29",
            "open": "5.451",
            "high": "5.451",
            "low": "5.4494",
            "close": "5.4365"
        },
        {
            "time": "07.07.2021 01:31",
            "open": "5.4365",
            "high": "5.4365",
            "low": "5.4365",
            "close": "5.4333"
        },
        {
            "time": "07.07.2021 01:33",
            "open": "5.4333",
            "high": "5.4333",
            "low": "5.4333",
            "close": "5.4263"
        },
        {
            "time": "07.07.2021 01:58",
            "open": "5.4263",
            "high": "5.4263",
            "low": "5.4263",
            "close": "5.4054"
        },
        {
            "time": "07.07.2021 01:59",
            "open": "5.4054",
            "high": "5.4054",
            "low": "5.4054",
            "close": "5.3996"
        },
        {
            "time": "07.07.2021 02:01",
            "open": "5.3996",
            "high": "5.3996",
            "low": "5.3918",
            "close": "5.4054"
        },
        {
            "time": "07.07.2021 02:02",
            "open": "5.4054",
            "high": "5.4084",
            "low": "5.393",
            "close": "5.393"
        },
        {
            "time": "07.07.2021 02:03",
            "open": "5.393",
            "high": "5.393",
            "low": "5.393",
            "close": "5.3965"
        },
        {
            "time": "07.07.2021 02:05",
            "open": "5.3965",
            "high": "5.4263",
            "low": "5.3804",
            "close": "5.4102"
        },
        {
            "time": "07.07.2021 02:06",
            "open": "5.4102",
            "high": "5.4102",
            "low": "5.404",
            "close": "5.4092"
        },
        {
            "time": "07.07.2021 02:07",
            "open": "5.4092",
            "high": "5.4092",
            "low": "5.4092",
            "close": "5.433"
        },
        {
            "time": "07.07.2021 02:10",
            "open": "5.433",
            "high": "5.4393",
            "low": "5.433",
            "close": "5.4447"
        },
        {
            "time": "07.07.2021 02:12",
            "open": "5.4447",
            "high": "5.4447",
            "low": "5.4307",
            "close": "5.4148"
        },
        {
            "time": "07.07.2021 02:15",
            "open": "5.4148",
            "high": "5.4148",
            "low": "5.4148",
            "close": "5.3808"
        },
        {
            "time": "07.07.2021 02:24",
            "open": "5.3808",
            "high": "5.3808",
            "low": "5.3808",
            "close": "5.3507"
        },
        {
            "time": "07.07.2021 02:30",
            "open": "5.3507",
            "high": "5.3507",
            "low": "5.3507",
            "close": "5.343"
        },
        {
            "time": "07.07.2021 02:31",
            "open": "5.343",
            "high": "5.343",
            "low": "5.3364",
            "close": "5.32"
        },
        {
            "time": "07.07.2021 02:32",
            "open": "5.32",
            "high": "5.32",
            "low": "5.3136",
            "close": "5.3136"
        },
        {
            "time": "07.07.2021 02:33",
            "open": "5.3136",
            "high": "5.3136",
            "low": "5.2996",
            "close": "5.2939"
        },
        {
            "time": "07.07.2021 02:34",
            "open": "5.2939",
            "high": "5.2939",
            "low": "5.29",
            "close": "5.3291"
        },
        {
            "time": "07.07.2021 02:38",
            "open": "5.3291",
            "high": "5.3291",
            "low": "5.3291",
            "close": "5.3264"
        },
        {
            "time": "07.07.2021 02:40",
            "open": "5.3264",
            "high": "5.3264",
            "low": "5.3264",
            "close": "5.3335"
        },
        {
            "time": "07.07.2021 02:55",
            "open": "5.3335",
            "high": "5.3335",
            "low": "5.3326",
            "close": "5.368"
        },
        {
            "time": "07.07.2021 03:02",
            "open": "5.368",
            "high": "5.368",
            "low": "5.368",
            "close": "5.368"
        },
        {
            "time": "07.07.2021 03:07",
            "open": "5.368",
            "high": "5.368",
            "low": "5.368",
            "close": "5.3915"
        },
        {
            "time": "07.07.2021 03:23",
            "open": "5.3915",
            "high": "5.3962",
            "low": "5.3915",
            "close": "5.41"
        },
        {
            "time": "07.07.2021 03:26",
            "open": "5.41",
            "high": "5.4174",
            "low": "5.41",
            "close": "5.4164"
        },
        {
            "time": "07.07.2021 03:27",
            "open": "5.4164",
            "high": "5.42",
            "low": "5.4164",
            "close": "5.4197"
        },
        {
            "time": "07.07.2021 03:28",
            "open": "5.4197",
            "high": "5.4197",
            "low": "5.4197",
            "close": "5.42"
        },
        {
            "time": "07.07.2021 03:29",
            "open": "5.42",
            "high": "5.42",
            "low": "5.42",
            "close": "5.4238"
        },
        {
            "time": "07.07.2021 03:30",
            "open": "5.4238",
            "high": "5.4342",
            "low": "5.4238",
            "close": "5.4254"
        },
        {
            "time": "07.07.2021 03:31",
            "open": "5.4254",
            "high": "5.4254",
            "low": "5.4178",
            "close": "5.4084"
        },
        {
            "time": "07.07.2021 03:32",
            "open": "5.4084",
            "high": "5.4084",
            "low": "5.4025",
            "close": "5.4103"
        },
        {
            "time": "07.07.2021 03:33",
            "open": "5.4103",
            "high": "5.4103",
            "low": "5.4103",
            "close": "5.4025"
        },
        {
            "time": "07.07.2021 03:36",
            "open": "5.4025",
            "high": "5.4025",
            "low": "5.393",
            "close": "5.3891"
        },
        {
            "time": "07.07.2021 03:37",
            "open": "5.3891",
            "high": "5.3891",
            "low": "5.3833",
            "close": "5.3773"
        },
        {
            "time": "07.07.2021 03:38",
            "open": "5.3773",
            "high": "5.3773",
            "low": "5.3668",
            "close": "5.346"
        },
        {
            "time": "07.07.2021 03:40",
            "open": "5.346",
            "high": "5.346",
            "low": "5.3438",
            "close": "5.3857"
        },
        {
            "time": "07.07.2021 03:43",
            "open": "5.3857",
            "high": "5.4139",
            "low": "5.3857",
            "close": "5.3753"
        },
        {
            "time": "07.07.2021 03:44",
            "open": "5.3753",
            "high": "5.3753",
            "low": "5.3633",
            "close": "5.353"
        },
        {
            "time": "07.07.2021 03:49",
            "open": "5.353",
            "high": "5.353",
            "low": "5.353",
            "close": "5.3839"
        },
        {
            "time": "07.07.2021 03:59",
            "open": "5.3839",
            "high": "5.3839",
            "low": "5.3839",
            "close": "5.3902"
        },
        {
            "time": "07.07.2021 04:01",
            "open": "5.3813",
            "high": "5.3813",
            "low": "5.3813",
            "close": "5.3404"
        },
        {
            "time": "07.07.2021 04:21",
            "open": "5.3404",
            "high": "5.3404",
            "low": "5.3404",
            "close": "5.3563"
        },
        {
            "time": "07.07.2021 04:25",
            "open": "5.3563",
            "high": "5.3563",
            "low": "5.3563",
            "close": "5.3506"
        },
        {
            "time": "07.07.2021 04:29",
            "open": "5.3506",
            "high": "5.3586",
            "low": "5.3506",
            "close": "5.3747"
        },
        {
            "time": "07.07.2021 04:30",
            "open": "5.3747",
            "high": "5.3747",
            "low": "5.3747",
            "close": "5.4069"
        },
        {
            "time": "07.07.2021 04:38",
            "open": "5.4069",
            "high": "5.4069",
            "low": "5.4069",
            "close": "5.4193"
        },
        {
            "time": "07.07.2021 04:41",
            "open": "5.4193",
            "high": "5.4194",
            "low": "5.4193",
            "close": "5.4319"
        },
        {
            "time": "07.07.2021 04:44",
            "open": "5.4319",
            "high": "5.4319",
            "low": "5.4319",
            "close": "5.4407"
        },
        {
            "time": "07.07.2021 04:48",
            "open": "5.4407",
            "high": "5.4453",
            "low": "5.4407",
            "close": "5.463"
        },
        {
            "time": "07.07.2021 04:51",
            "open": "5.463",
            "high": "5.463",
            "low": "5.463",
            "close": "5.4686"
        },
        {
            "time": "07.07.2021 04:54",
            "open": "5.4686",
            "high": "5.4728",
            "low": "5.4686",
            "close": "5.4741"
        },
        {
            "time": "07.07.2021 04:57",
            "open": "5.4741",
            "high": "5.4969",
            "low": "5.4717",
            "close": "5.5241"
        },
        {
            "time": "07.07.2021 04:58",
            "open": "5.5241",
            "high": "5.5369",
            "low": "5.5241",
            "close": "5.5303"
        },
        {
            "time": "07.07.2021 04:59",
            "open": "5.5303",
            "high": "5.5561",
            "low": "5.5303",
            "close": "5.571"
        },
        {
            "time": "07.07.2021 05:00",
            "open": "5.571",
            "high": "5.571",
            "low": "5.571",
            "close": "5.5709"
        },
        {
            "time": "07.07.2021 05:01",
            "open": "5.5709",
            "high": "5.5709",
            "low": "5.5709",
            "close": "5.567"
        },
        {
            "time": "07.07.2021 05:02",
            "open": "5.567",
            "high": "5.5697",
            "low": "5.5552",
            "close": "5.556"
        },
        {
            "time": "07.07.2021 05:03",
            "open": "5.556",
            "high": "5.556",
            "low": "5.556",
            "close": "5.5553"
        },
        {
            "time": "07.07.2021 05:06",
            "open": "5.5553",
            "high": "5.5553",
            "low": "5.5466",
            "close": "5.568"
        },
        {
            "time": "07.07.2021 05:10",
            "open": "5.568",
            "high": "5.568",
            "low": "5.568",
            "close": "5.5612"
        },
        {
            "time": "07.07.2021 05:29",
            "open": "5.5612",
            "high": "5.5612",
            "low": "5.5483",
            "close": "5.5485"
        },
        {
            "time": "07.07.2021 05:51",
            "open": "5.5485",
            "high": "5.5486",
            "low": "5.5485",
            "close": "5.571"
        },
        {
            "time": "07.07.2021 05:57",
            "open": "5.571",
            "high": "5.58",
            "low": "5.571",
            "close": "5.5717"
        },
        {
            "time": "07.07.2021 05:58",
            "open": "5.5717",
            "high": "5.5717",
            "low": "5.5717",
            "close": "5.5717"
        },
        {
            "time": "07.07.2021 06:01",
            "open": "5.5717",
            "high": "5.5717",
            "low": "5.5717",
            "close": "5.5717"
        },
        {
            "time": "07.07.2021 06:08",
            "open": "5.5717",
            "high": "5.5717",
            "low": "5.5717",
            "close": "5.5514"
        },
        {
            "time": "07.07.2021 06:10",
            "open": "5.5514",
            "high": "5.5514",
            "low": "5.5514",
            "close": "5.5415"
        },
        {
            "time": "07.07.2021 06:12",
            "open": "5.5415",
            "high": "5.5415",
            "low": "5.5415",
            "close": "5.5627"
        },
        {
            "time": "07.07.2021 06:13",
            "open": "5.5627",
            "high": "5.5627",
            "low": "5.56",
            "close": "5.5557"
        },
        {
            "time": "07.07.2021 06:14",
            "open": "5.5557",
            "high": "5.5557",
            "low": "5.5557",
            "close": "5.5576"
        },
        {
            "time": "07.07.2021 06:15",
            "open": "5.5576",
            "high": "5.5576",
            "low": "5.5576",
            "close": "5.5433"
        },
        {
            "time": "07.07.2021 06:18",
            "open": "5.5433",
            "high": "5.5583",
            "low": "5.5433",
            "close": "5.578"
        },
        {
            "time": "07.07.2021 06:22",
            "open": "5.578",
            "high": "5.578",
            "low": "5.5779",
            "close": "5.578"
        },
        {
            "time": "07.07.2021 06:23",
            "open": "5.578",
            "high": "5.5891",
            "low": "5.578",
            "close": "5.5839"
        },
        {
            "time": "07.07.2021 06:31",
            "open": "5.5839",
            "high": "5.5839",
            "low": "5.5839",
            "close": "5.5883"
        },
        {
            "time": "07.07.2021 06:41",
            "open": "5.5883",
            "high": "5.5883",
            "low": "5.5883",
            "close": "5.5891"
        },
        {
            "time": "07.07.2021 06:52",
            "open": "5.5891",
            "high": "5.6001",
            "low": "5.5891",
            "close": "5.6"
        },
        {
            "time": "07.07.2021 06:53",
            "open": "5.6",
            "high": "5.6",
            "low": "5.5968",
            "close": "5.6001"
        },
        {
            "time": "07.07.2021 06:55",
            "open": "5.6001",
            "high": "5.6058",
            "low": "5.6001",
            "close": "5.6084"
        },
        {
            "time": "07.07.2021 06:56",
            "open": "5.6084",
            "high": "5.6094",
            "low": "5.6084",
            "close": "5.6113"
        },
        {
            "time": "07.07.2021 06:58",
            "open": "5.6113",
            "high": "5.6113",
            "low": "5.6113",
            "close": "5.6112"
        },
        {
            "time": "07.07.2021 06:59",
            "open": "5.6112",
            "high": "5.6112",
            "low": "5.6112",
            "close": "5.6112"
        },
        {
            "time": "07.07.2021 07:03",
            "open": "5.6112",
            "high": "5.6169",
            "low": "5.6112",
            "close": "5.6224"
        },
        {
            "time": "07.07.2021 07:04",
            "open": "5.6224",
            "high": "5.6224",
            "low": "5.6224",
            "close": "5.6097"
        },
        {
            "time": "07.07.2021 07:06",
            "open": "5.6097",
            "high": "5.6097",
            "low": "5.6097",
            "close": "5.5951"
        },
        {
            "time": "07.07.2021 07:08",
            "open": "5.5951",
            "high": "5.5951",
            "low": "5.5951",
            "close": "5.5906"
        },
        {
            "time": "07.07.2021 07:10",
            "open": "5.5906",
            "high": "5.5906",
            "low": "5.5906",
            "close": "5.612"
        },
        {
            "time": "07.07.2021 07:15",
            "open": "5.612",
            "high": "5.612",
            "low": "5.612",
            "close": "5.6094"
        },
        {
            "time": "07.07.2021 07:19",
            "open": "5.6094",
            "high": "5.6094",
            "low": "5.6094",
            "close": "5.6061"
        },
        {
            "time": "07.07.2021 07:22",
            "open": "5.6061",
            "high": "5.6062",
            "low": "5.6061",
            "close": "5.6074"
        },
        {
            "time": "07.07.2021 07:26",
            "open": "5.6074",
            "high": "5.6074",
            "low": "5.6074",
            "close": "5.613"
        },
        {
            "time": "07.07.2021 07:29",
            "open": "5.613",
            "high": "5.613",
            "low": "5.613",
            "close": "5.613"
        },
        {
            "time": "07.07.2021 07:31",
            "open": "5.613",
            "high": "5.613",
            "low": "5.613",
            "close": "5.607"
        },
        {
            "time": "07.07.2021 07:33",
            "open": "5.607",
            "high": "5.607",
            "low": "5.607",
            "close": "5.6178"
        },
        {
            "time": "07.07.2021 07:35",
            "open": "5.6178",
            "high": "5.6178",
            "low": "5.6178",
            "close": "5.6023"
        },
        {
            "time": "07.07.2021 07:36",
            "open": "5.6023",
            "high": "5.6023",
            "low": "5.6017",
            "close": "5.6225"
        },
        {
            "time": "07.07.2021 07:37",
            "open": "5.6225",
            "high": "5.6225",
            "low": "5.6225",
            "close": "5.6225"
        },
        {
            "time": "07.07.2021 07:38",
            "open": "5.6225",
            "high": "5.6289",
            "low": "5.6225",
            "close": "5.6288"
        },
        {
            "time": "07.07.2021 07:42",
            "open": "5.6288",
            "high": "5.6288",
            "low": "5.6288",
            "close": "5.6189"
        },
        {
            "time": "07.07.2021 07:43",
            "open": "5.6189",
            "high": "5.6189",
            "low": "5.6189",
            "close": "5.6288"
        },
        {
            "time": "07.07.2021 07:54",
            "open": "5.6288",
            "high": "5.6288",
            "low": "5.6281",
            "close": "5.6121"
        },
        {
            "time": "07.07.2021 08:10",
            "open": "5.6121",
            "high": "5.6121",
            "low": "5.6121",
            "close": "5.617"
        },
        {
            "time": "07.07.2021 08:11",
            "open": "5.617",
            "high": "5.617",
            "low": "5.617",
            "close": "5.5942"
        },
        {
            "time": "07.07.2021 08:24",
            "open": "5.5942",
            "high": "5.5942",
            "low": "5.5942",
            "close": "5.5897"
        },
        {
            "time": "07.07.2021 08:30",
            "open": "5.5897",
            "high": "5.5897",
            "low": "5.5897",
            "close": "5.6166"
        },
        {
            "time": "07.07.2021 08:35",
            "open": "5.6166",
            "high": "5.6166",
            "low": "5.6166",
            "close": "5.6071"
        },
        {
            "time": "07.07.2021 08:51",
            "open": "5.6071",
            "high": "5.6071",
            "low": "5.6071",
            "close": "5.5895"
        },
        {
            "time": "07.07.2021 08:55",
            "open": "5.5895",
            "high": "5.5895",
            "low": "5.5895",
            "close": "5.6038"
        },
        {
            "time": "07.07.2021 09:04",
            "open": "5.6038",
            "high": "5.6038",
            "low": "5.6038",
            "close": "5.6117"
        },
        {
            "time": "07.07.2021 09:23",
            "open": "5.6117",
            "high": "5.6117",
            "low": "5.6117",
            "close": "5.6129"
        },
        {
            "time": "07.07.2021 09:29",
            "open": "5.6129",
            "high": "5.6129",
            "low": "5.6129",
            "close": "5.6166"
        },
        {
            "time": "07.07.2021 09:30",
            "open": "5.6166",
            "high": "5.6166",
            "low": "5.6148",
            "close": "5.6222"
        },
        {
            "time": "07.07.2021 09:31",
            "open": "5.6222",
            "high": "5.6289",
            "low": "5.6222",
            "close": "5.6236"
        },
        {
            "time": "07.07.2021 09:32",
            "open": "5.6236",
            "high": "5.6236",
            "low": "5.6236",
            "close": "5.6334"
        },
        {
            "time": "07.07.2021 09:34",
            "open": "5.6334",
            "high": "5.6334",
            "low": "5.6334",
            "close": "5.6012"
        },
        {
            "time": "07.07.2021 09:39",
            "open": "5.6012",
            "high": "5.6012",
            "low": "5.6012",
            "close": "5.6119"
        },
        {
            "time": "07.07.2021 09:41",
            "open": "5.6119",
            "high": "5.6119",
            "low": "5.61",
            "close": "5.5785"
        },
        {
            "time": "07.07.2021 09:56",
            "open": "5.5785",
            "high": "5.5785",
            "low": "5.5603",
            "close": "5.5429"
        },
        {
            "time": "07.07.2021 10:01",
            "open": "5.5429",
            "high": "5.5429",
            "low": "5.5428",
            "close": "5.5406"
        },
        {
            "time": "07.07.2021 10:02",
            "open": "5.5406",
            "high": "5.5515",
            "low": "5.5406",
            "close": "5.5751"
        },
        {
            "time": "07.07.2021 10:03",
            "open": "5.5751",
            "high": "5.5751",
            "low": "5.5751",
            "close": "5.5745"
        },
        {
            "time": "07.07.2021 10:05",
            "open": "5.5745",
            "high": "5.5829",
            "low": "5.5745",
            "close": "5.5956"
        },
        {
            "time": "07.07.2021 10:11",
            "open": "5.5956",
            "high": "5.5956",
            "low": "5.5956",
            "close": "5.5803"
        },
        {
            "time": "07.07.2021 10:12",
            "open": "5.5803",
            "high": "5.5803",
            "low": "5.5803",
            "close": "5.5882"
        },
        {
            "time": "07.07.2021 10:15",
            "open": "5.5882",
            "high": "5.5882",
            "low": "5.5858",
            "close": "5.5725"
        },
        {
            "time": "07.07.2021 10:31",
            "open": "5.5725",
            "high": "5.5725",
            "low": "5.5725",
            "close": "5.5645"
        },
        {
            "time": "07.07.2021 10:36",
            "open": "5.5645",
            "high": "5.575",
            "low": "5.5645",
            "close": "5.5735"
        },
        {
            "time": "07.07.2021 10:40",
            "open": "5.5735",
            "high": "5.5735",
            "low": "5.567",
            "close": "5.5672"
        },
        {
            "time": "07.07.2021 10:42",
            "open": "5.5672",
            "high": "5.5672",
            "low": "5.567",
            "close": "5.5591"
        },
        {
            "time": "07.07.2021 10:43",
            "open": "5.5591",
            "high": "5.5591",
            "low": "5.5591",
            "close": "5.5744"
        },
        {
            "time": "07.07.2021 10:48",
            "open": "5.5744",
            "high": "5.58",
            "low": "5.5725",
            "close": "5.5546"
        },
        {
            "time": "07.07.2021 11:03",
            "open": "5.5546",
            "high": "5.5546",
            "low": "5.5546",
            "close": "5.5475"
        },
        {
            "time": "07.07.2021 11:04",
            "open": "5.5475",
            "high": "5.5475",
            "low": "5.5401",
            "close": "5.529"
        },
        {
            "time": "07.07.2021 11:14",
            "open": "5.529",
            "high": "5.529",
            "low": "5.5287",
            "close": "5.522"
        },
        {
            "time": "07.07.2021 11:16",
            "open": "5.522",
            "high": "5.522",
            "low": "5.522",
            "close": "5.5354"
        },
        {
            "time": "07.07.2021 11:22",
            "open": "5.5354",
            "high": "5.5354",
            "low": "5.5354",
            "close": "5.5262"
        },
        {
            "time": "07.07.2021 11:25",
            "open": "5.5262",
            "high": "5.5262",
            "low": "5.5262",
            "close": "5.5503"
        },
        {
            "time": "07.07.2021 11:33",
            "open": "5.5503",
            "high": "5.5503",
            "low": "5.5503",
            "close": "5.5426"
        },
        {
            "time": "07.07.2021 11:34",
            "open": "5.5426",
            "high": "5.5426",
            "low": "5.5426",
            "close": "5.553"
        },
        {
            "time": "07.07.2021 11:37",
            "open": "5.553",
            "high": "5.553",
            "low": "5.553",
            "close": "5.5411"
        },
        {
            "time": "07.07.2021 11:45",
            "open": "5.5411",
            "high": "5.5411",
            "low": "5.5387",
            "close": "5.5255"
        },
        {
            "time": "07.07.2021 11:47",
            "open": "5.5255",
            "high": "5.5255",
            "low": "5.5255",
            "close": "5.5095"
        },
        {
            "time": "07.07.2021 11:53",
            "open": "5.5095",
            "high": "5.5196",
            "low": "5.5095",
            "close": "5.5047"
        },
        {
            "time": "07.07.2021 11:54",
            "open": "5.5047",
            "high": "5.5047",
            "low": "5.5",
            "close": "5.495"
        },
        {
            "time": "07.07.2021 11:55",
            "open": "5.495",
            "high": "5.4984",
            "low": "5.495",
            "close": "5.5103"
        },
        {
            "time": "07.07.2021 12:04",
            "open": "5.5103",
            "high": "5.5103",
            "low": "5.5103",
            "close": "5.4874"
        },
        {
            "time": "07.07.2021 12:07",
            "open": "5.4874",
            "high": "5.4936",
            "low": "5.4874",
            "close": "5.4873"
        },
        {
            "time": "07.07.2021 12:09",
            "open": "5.4873",
            "high": "5.4873",
            "low": "5.4811",
            "close": "5.4878"
        },
        {
            "time": "07.07.2021 12:10",
            "open": "5.4878",
            "high": "5.5007",
            "low": "5.4878",
            "close": "5.4974"
        },
        {
            "time": "07.07.2021 12:11",
            "open": "5.4974",
            "high": "5.4974",
            "low": "5.4974",
            "close": "5.5158"
        },
        {
            "time": "07.07.2021 12:18",
            "open": "5.5158",
            "high": "5.5158",
            "low": "5.5156",
            "close": "5.5312"
        },
        {
            "time": "07.07.2021 12:30",
            "open": "5.5312",
            "high": "5.5312",
            "low": "5.5312",
            "close": "5.5463"
        },
        {
            "time": "07.07.2021 12:35",
            "open": "5.5463",
            "high": "5.5463",
            "low": "5.5453",
            "close": "5.5212"
        },
        {
            "time": "07.07.2021 12:40",
            "open": "5.5212",
            "high": "5.5213",
            "low": "5.517",
            "close": "5.5119"
        },
        {
            "time": "07.07.2021 12:41",
            "open": "5.5119",
            "high": "5.5119",
            "low": "5.5119",
            "close": "5.5315"
        },
        {
            "time": "07.07.2021 12:46",
            "open": "5.5315",
            "high": "5.5315",
            "low": "5.5314",
            "close": "5.5175"
        },
        {
            "time": "07.07.2021 12:56",
            "open": "5.5175",
            "high": "5.5175",
            "low": "5.5175",
            "close": "5.5153"
        },
        {
            "time": "07.07.2021 12:57",
            "open": "5.5153",
            "high": "5.5168",
            "low": "5.5153",
            "close": "5.5168"
        },
        {
            "time": "07.07.2021 13:02",
            "open": "5.5168",
            "high": "5.5168",
            "low": "5.5168",
            "close": "5.5621"
        },
        {
            "time": "07.07.2021 13:08",
            "open": "5.5621",
            "high": "5.5621",
            "low": "5.5531",
            "close": "5.57"
        },
        {
            "time": "07.07.2021 13:10",
            "open": "5.57",
            "high": "5.57",
            "low": "5.57",
            "close": "5.58"
        },
        {
            "time": "07.07.2021 13:11",
            "open": "5.58",
            "high": "5.5804",
            "low": "5.58",
            "close": "5.6001"
        },
        {
            "time": "07.07.2021 13:18",
            "open": "5.6001",
            "high": "5.6164",
            "low": "5.6001",
            "close": "5.6348"
        },
        {
            "time": "07.07.2021 13:19",
            "open": "5.6348",
            "high": "5.6377",
            "low": "5.6348",
            "close": "5.6389"
        },
        {
            "time": "07.07.2021 13:20",
            "open": "5.6389",
            "high": "5.6389",
            "low": "5.6389",
            "close": "5.6361"
        },
        {
            "time": "07.07.2021 13:21",
            "open": "5.6361",
            "high": "5.6361",
            "low": "5.6361",
            "close": "5.639"
        },
        {
            "time": "07.07.2021 13:29",
            "open": "5.639",
            "high": "5.6558",
            "low": "5.639",
            "close": "5.6372"
        },
        {
            "time": "07.07.2021 13:30",
            "open": "5.6372",
            "high": "5.6372",
            "low": "5.6372",
            "close": "5.6231"
        },
        {
            "time": "07.07.2021 13:31",
            "open": "5.6231",
            "high": "5.6231",
            "low": "5.6231",
            "close": "5.6372"
        },
        {
            "time": "07.07.2021 13:32",
            "open": "5.6372",
            "high": "5.6372",
            "low": "5.6372",
            "close": "5.6614"
        },
        {
            "time": "07.07.2021 13:33",
            "open": "5.6614",
            "high": "5.6614",
            "low": "5.6614",
            "close": "5.66"
        },
        {
            "time": "07.07.2021 13:35",
            "open": "5.66",
            "high": "5.66",
            "low": "5.66",
            "close": "5.6476"
        },
        {
            "time": "07.07.2021 13:37",
            "open": "5.6476",
            "high": "5.6476",
            "low": "5.6476",
            "close": "5.6583"
        },
        {
            "time": "07.07.2021 13:39",
            "open": "5.6583",
            "high": "5.6583",
            "low": "5.6583",
            "close": "5.6705"
        },
        {
            "time": "07.07.2021 13:41",
            "open": "5.6705",
            "high": "5.6705",
            "low": "5.6705",
            "close": "5.6489"
        },
        {
            "time": "07.07.2021 13:44",
            "open": "5.6489",
            "high": "5.6489",
            "low": "5.6489",
            "close": "5.6641"
        },
        {
            "time": "07.07.2021 13:45",
            "open": "5.6641",
            "high": "5.6641",
            "low": "5.6641",
            "close": "5.6553"
        },
        {
            "time": "07.07.2021 13:49",
            "open": "5.6553",
            "high": "5.6553",
            "low": "5.6553",
            "close": "5.654"
        },
        {
            "time": "07.07.2021 13:52",
            "open": "5.654",
            "high": "5.654",
            "low": "5.654",
            "close": "5.662"
        },
        {
            "time": "07.07.2021 13:55",
            "open": "5.662",
            "high": "5.662",
            "low": "5.662",
            "close": "5.681"
        },
        {
            "time": "07.07.2021 13:58",
            "open": "5.681",
            "high": "5.7534",
            "low": "5.681",
            "close": "5.7233"
        },
        {
            "time": "07.07.2021 13:59",
            "open": "5.7233",
            "high": "5.7865",
            "low": "5.7233",
            "close": "5.786"
        },
        {
            "time": "07.07.2021 14:00",
            "open": "5.786",
            "high": "5.7891",
            "low": "5.786",
            "close": "5.7731"
        },
        {
            "time": "07.07.2021 14:01",
            "open": "5.7731",
            "high": "5.7731",
            "low": "5.7719",
            "close": "5.7996"
        },
        {
            "time": "07.07.2021 14:02",
            "open": "5.7996",
            "high": "5.8102",
            "low": "5.7899",
            "close": "5.8095"
        },
        {
            "time": "07.07.2021 14:03",
            "open": "5.8095",
            "high": "5.8095",
            "low": "5.8095",
            "close": "5.8102"
        },
        {
            "time": "07.07.2021 14:04",
            "open": "5.8102",
            "high": "5.8121",
            "low": "5.8034",
            "close": "5.8156"
        },
        {
            "time": "07.07.2021 14:05",
            "open": "5.8156",
            "high": "5.8179",
            "low": "5.8156",
            "close": "5.8167"
        },
        {
            "time": "07.07.2021 14:06",
            "open": "5.8167",
            "high": "5.8167",
            "low": "5.8167",
            "close": "5.834"
        },
        {
            "time": "07.07.2021 14:07",
            "open": "5.834",
            "high": "5.8351",
            "low": "5.834",
            "close": "5.8262"
        },
        {
            "time": "07.07.2021 14:09",
            "open": "5.8262",
            "high": "5.8262",
            "low": "5.8106",
            "close": "5.8165"
        },
        {
            "time": "07.07.2021 14:10",
            "open": "5.8165",
            "high": "5.8165",
            "low": "5.8093",
            "close": "5.8021"
        },
        {
            "time": "07.07.2021 14:11",
            "open": "5.8021",
            "high": "5.8021",
            "low": "5.7871",
            "close": "5.8157"
        },
        {
            "time": "07.07.2021 14:13",
            "open": "5.8157",
            "high": "5.8461",
            "low": "5.8157",
            "close": "5.85"
        },
        {
            "time": "07.07.2021 14:14",
            "open": "5.85",
            "high": "5.8681",
            "low": "5.8431",
            "close": "5.8681"
        },
        {
            "time": "07.07.2021 14:15",
            "open": "5.8681",
            "high": "5.885",
            "low": "5.8681",
            "close": "5.8934"
        },
        {
            "time": "07.07.2021 14:16",
            "open": "5.8934",
            "high": "5.8953",
            "low": "5.8644",
            "close": "5.8582"
        },
        {
            "time": "07.07.2021 14:17",
            "open": "5.8582",
            "high": "5.8582",
            "low": "5.836",
            "close": "5.8389"
        },
        {
            "time": "07.07.2021 14:18",
            "open": "5.8389",
            "high": "5.8412",
            "low": "5.8262",
            "close": "5.8281"
        },
        {
            "time": "07.07.2021 14:20",
            "open": "5.8281",
            "high": "5.8281",
            "low": "5.8267",
            "close": "5.8181"
        },
        {
            "time": "07.07.2021 14:21",
            "open": "5.8181",
            "high": "5.8181",
            "low": "5.7993",
            "close": "5.8219"
        },
        {
            "time": "07.07.2021 14:24",
            "open": "5.8219",
            "high": "5.8219",
            "low": "5.8177",
            "close": "5.8139"
        },
        {
            "time": "07.07.2021 14:26",
            "open": "5.8139",
            "high": "5.8139",
            "low": "5.8027",
            "close": "5.7989"
        },
        {
            "time": "07.07.2021 14:28",
            "open": "5.7989",
            "high": "5.8102",
            "low": "5.7989",
            "close": "5.7947"
        },
        {
            "time": "07.07.2021 14:31",
            "open": "5.7947",
            "high": "5.7947",
            "low": "5.7947",
            "close": "5.7947"
        },
        {
            "time": "07.07.2021 14:36",
            "open": "5.7947",
            "high": "5.7947",
            "low": "5.7944",
            "close": "5.7903"
        },
        {
            "time": "07.07.2021 14:37",
            "open": "5.7903",
            "high": "5.7903",
            "low": "5.7903",
            "close": "5.79"
        },
        {
            "time": "07.07.2021 14:38",
            "open": "5.79",
            "high": "5.7944",
            "low": "5.79",
            "close": "5.777"
        },
        {
            "time": "07.07.2021 14:41",
            "open": "5.777",
            "high": "5.777",
            "low": "5.777",
            "close": "5.777"
        },
        {
            "time": "07.07.2021 14:42",
            "open": "5.777",
            "high": "5.7778",
            "low": "5.777",
            "close": "5.7785"
        },
        {
            "time": "07.07.2021 14:44",
            "open": "5.7785",
            "high": "5.7785",
            "low": "5.7785",
            "close": "5.7879"
        },
        {
            "time": "07.07.2021 14:45",
            "open": "5.7879",
            "high": "5.7879",
            "low": "5.7879",
            "close": "5.7801"
        },
        {
            "time": "07.07.2021 14:46",
            "open": "5.7801",
            "high": "5.7801",
            "low": "5.7801",
            "close": "5.7906"
        },
        {
            "time": "07.07.2021 14:47",
            "open": "5.7906",
            "high": "5.7906",
            "low": "5.7906",
            "close": "5.8179"
        },
        {
            "time": "07.07.2021 14:48",
            "open": "5.8179",
            "high": "5.8179",
            "low": "5.8179",
            "close": "5.8178"
        },
        {
            "time": "07.07.2021 14:50",
            "open": "5.8178",
            "high": "5.8178",
            "low": "5.8023",
            "close": "5.7973"
        },
        {
            "time": "07.07.2021 14:51",
            "open": "5.7973",
            "high": "5.7973",
            "low": "5.7973",
            "close": "5.7988"
        },
        {
            "time": "07.07.2021 14:55",
            "open": "5.7988",
            "high": "5.7988",
            "low": "5.7988",
            "close": "5.8026"
        },
        {
            "time": "07.07.2021 14:56",
            "open": "5.8026",
            "high": "5.8026",
            "low": "5.8026",
            "close": "5.8104"
        },
        {
            "time": "07.07.2021 15:03",
            "open": "5.8104",
            "high": "5.8104",
            "low": "5.8104",
            "close": "5.8336"
        },
        {
            "time": "07.07.2021 15:05",
            "open": "5.8336",
            "high": "5.8579",
            "low": "5.8336",
            "close": "5.8693"
        },
        {
            "time": "07.07.2021 15:06",
            "open": "5.8693",
            "high": "5.8693",
            "low": "5.8659",
            "close": "5.8497"
        },
        {
            "time": "07.07.2021 15:07",
            "open": "5.8497",
            "high": "5.8497",
            "low": "5.8151",
            "close": "5.8212"
        },
        {
            "time": "07.07.2021 15:08",
            "open": "5.8212",
            "high": "5.8212",
            "low": "5.8212",
            "close": "5.8135"
        },
        {
            "time": "07.07.2021 15:10",
            "open": "5.8135",
            "high": "5.8135",
            "low": "5.8135",
            "close": "5.8208"
        },
        {
            "time": "07.07.2021 15:12",
            "open": "5.8208",
            "high": "5.8208",
            "low": "5.8208",
            "close": "5.8423"
        },
        {
            "time": "07.07.2021 15:13",
            "open": "5.8423",
            "high": "5.8423",
            "low": "5.8372",
            "close": "5.8411"
        },
        {
            "time": "07.07.2021 15:14",
            "open": "5.8411",
            "high": "5.8411",
            "low": "5.8411",
            "close": "5.8433"
        },
        {
            "time": "07.07.2021 15:15",
            "open": "5.8433",
            "high": "5.8433",
            "low": "5.8433",
            "close": "5.8284"
        },
        {
            "time": "07.07.2021 15:17",
            "open": "5.8284",
            "high": "5.8284",
            "low": "5.8284",
            "close": "5.8182"
        },
        {
            "time": "07.07.2021 15:20",
            "open": "5.8182",
            "high": "5.8182",
            "low": "5.8182",
            "close": "5.8287"
        },
        {
            "time": "07.07.2021 15:21",
            "open": "5.8287",
            "high": "5.8287",
            "low": "5.8287",
            "close": "5.8433"
        },
        {
            "time": "07.07.2021 15:23",
            "open": "5.8433",
            "high": "5.8433",
            "low": "5.8338",
            "close": "5.844"
        },
        {
            "time": "07.07.2021 15:31",
            "open": "5.844",
            "high": "5.844",
            "low": "5.8438",
            "close": "5.8504"
        },
        {
            "time": "07.07.2021 15:32",
            "open": "5.8504",
            "high": "5.8504",
            "low": "5.8504",
            "close": "5.8611"
        },
        {
            "time": "07.07.2021 15:33",
            "open": "5.8611",
            "high": "5.8611",
            "low": "5.861",
            "close": "5.861"
        },
        {
            "time": "07.07.2021 15:35",
            "open": "5.861",
            "high": "5.861",
            "low": "5.861",
            "close": "5.8721"
        },
        {
            "time": "07.07.2021 15:37",
            "open": "5.8721",
            "high": "5.8721",
            "low": "5.8721",
            "close": "5.8816"
        },
        {
            "time": "07.07.2021 15:38",
            "open": "5.8816",
            "high": "5.8916",
            "low": "5.8816",
            "close": "5.8915"
        },
        {
            "time": "07.07.2021 15:39",
            "open": "5.8915",
            "high": "5.8915",
            "low": "5.8915",
            "close": "5.8883"
        },
        {
            "time": "07.07.2021 15:40",
            "open": "5.8883",
            "high": "5.8883",
            "low": "5.8883",
            "close": "5.8999"
        },
        {
            "time": "07.07.2021 15:41",
            "open": "5.8999",
            "high": "5.8999",
            "low": "5.8804",
            "close": "5.8852"
        },
        {
            "time": "07.07.2021 15:43",
            "open": "5.8852",
            "high": "5.8852",
            "low": "5.8852",
            "close": "5.8914"
        },
        {
            "time": "07.07.2021 15:44",
            "open": "5.8914",
            "high": "5.8918",
            "low": "5.8802",
            "close": "5.8929"
        },
        {
            "time": "07.07.2021 15:45",
            "open": "5.8929",
            "high": "5.893",
            "low": "5.8929",
            "close": "5.9"
        },
        {
            "time": "07.07.2021 15:47",
            "open": "5.9",
            "high": "5.9126",
            "low": "5.9",
            "close": "5.9162"
        },
        {
            "time": "07.07.2021 15:48",
            "open": "5.9162",
            "high": "5.9306",
            "low": "5.9162",
            "close": "5.9206"
        },
        {
            "time": "07.07.2021 15:49",
            "open": "5.9206",
            "high": "5.9206",
            "low": "5.9206",
            "close": "5.9222"
        },
        {
            "time": "07.07.2021 15:52",
            "open": "5.9222",
            "high": "5.9222",
            "low": "5.9222",
            "close": "5.9179"
        },
        {
            "time": "07.07.2021 15:54",
            "open": "5.9179",
            "high": "5.9179",
            "low": "5.9179",
            "close": "5.9078"
        },
        {
            "time": "07.07.2021 15:55",
            "open": "5.9078",
            "high": "5.92",
            "low": "5.9078",
            "close": "5.92"
        },
        {
            "time": "07.07.2021 15:56",
            "open": "5.92",
            "high": "5.92",
            "low": "5.908",
            "close": "5.9314"
        },
        {
            "time": "07.07.2021 15:58",
            "open": "5.9314",
            "high": "5.957",
            "low": "5.9314",
            "close": "5.9497"
        },
        {
            "time": "07.07.2021 16:01",
            "open": "5.9497",
            "high": "5.9497",
            "low": "5.9497",
            "close": "5.9124"
        },
        {
            "time": "07.07.2021 16:02",
            "open": "5.9124",
            "high": "5.9124",
            "low": "5.9124",
            "close": "5.8944"
        },
        {
            "time": "07.07.2021 16:05",
            "open": "5.8944",
            "high": "5.8945",
            "low": "5.8944",
            "close": "5.9053"
        },
        {
            "time": "07.07.2021 16:06",
            "open": "5.9053",
            "high": "5.9053",
            "low": "5.9053",
            "close": "5.8959"
        },
        {
            "time": "07.07.2021 16:10",
            "open": "5.8959",
            "high": "5.8959",
            "low": "5.8959",
            "close": "5.9157"
        },
        {
            "time": "07.07.2021 16:14",
            "open": "5.9157",
            "high": "5.9157",
            "low": "5.9043",
            "close": "5.9309"
        },
        {
            "time": "07.07.2021 16:23",
            "open": "5.9309",
            "high": "5.9309",
            "low": "5.9309",
            "close": "5.8951"
        },
        {
            "time": "07.07.2021 16:28",
            "open": "5.8951",
            "high": "5.8969",
            "low": "5.8951",
            "close": "5.9023"
        },
        {
            "time": "07.07.2021 16:29",
            "open": "5.9023",
            "high": "5.9023",
            "low": "5.9023",
            "close": "5.8888"
        },
        {
            "time": "07.07.2021 16:30",
            "open": "5.8888",
            "high": "5.8888",
            "low": "5.8888",
            "close": "5.8815"
        },
        {
            "time": "07.07.2021 16:31",
            "open": "5.8815",
            "high": "5.8815",
            "low": "5.8767",
            "close": "5.8906"
        },
        {
            "time": "07.07.2021 16:32",
            "open": "5.8906",
            "high": "5.8906",
            "low": "5.8906",
            "close": "5.8388"
        },
        {
            "time": "07.07.2021 16:39",
            "open": "5.8388",
            "high": "5.8429",
            "low": "5.8388",
            "close": "5.8455"
        },
        {
            "time": "07.07.2021 16:40",
            "open": "5.8455",
            "high": "5.8514",
            "low": "5.8455",
            "close": "5.8418"
        },
        {
            "time": "07.07.2021 16:42",
            "open": "5.8418",
            "high": "5.8418",
            "low": "5.8418",
            "close": "5.8252"
        },
        {
            "time": "07.07.2021 16:44",
            "open": "5.8252",
            "high": "5.8252",
            "low": "5.8151",
            "close": "5.8486"
        },
        {
            "time": "07.07.2021 16:45",
            "open": "5.8486",
            "high": "5.8599",
            "low": "5.8483",
            "close": "5.8524"
        },
        {
            "time": "07.07.2021 16:47",
            "open": "5.8524",
            "high": "5.8524",
            "low": "5.8524",
            "close": "5.8677"
        },
        {
            "time": "07.07.2021 16:51",
            "open": "5.8677",
            "high": "5.8677",
            "low": "5.8677",
            "close": "5.8585"
        },
        {
            "time": "07.07.2021 17:03",
            "open": "5.8585",
            "high": "5.8673",
            "low": "5.8585",
            "close": "5.8677"
        },
        {
            "time": "07.07.2021 17:04",
            "open": "5.8677",
            "high": "5.8677",
            "low": "5.8677",
            "close": "5.8577"
        },
        {
            "time": "07.07.2021 17:11",
            "open": "5.8577",
            "high": "5.8577",
            "low": "5.8577",
            "close": "5.8525"
        },
        {
            "time": "07.07.2021 17:15",
            "open": "5.8525",
            "high": "5.8525",
            "low": "5.8525",
            "close": "5.835"
        },
        {
            "time": "07.07.2021 17:18",
            "open": "5.835",
            "high": "5.835",
            "low": "5.835",
            "close": "5.8352"
        },
        {
            "time": "07.07.2021 17:19",
            "open": "5.8352",
            "high": "5.8352",
            "low": "5.8352",
            "close": "5.8483"
        },
        {
            "time": "07.07.2021 17:22",
            "open": "5.8483",
            "high": "5.8483",
            "low": "5.8483",
            "close": "5.8426"
        },
        {
            "time": "07.07.2021 17:23",
            "open": "5.8426",
            "high": "5.8426",
            "low": "5.8426",
            "close": "5.8151"
        },
        {
            "time": "07.07.2021 17:25",
            "open": "5.8151",
            "high": "5.8151",
            "low": "5.7959",
            "close": "5.8117"
        },
        {
            "time": "07.07.2021 17:31",
            "open": "5.8117",
            "high": "5.8117",
            "low": "5.8114",
            "close": "5.8036"
        },
        {
            "time": "07.07.2021 17:32",
            "open": "5.8036",
            "high": "5.8036",
            "low": "5.8036",
            "close": "5.8012"
        },
        {
            "time": "07.07.2021 17:33",
            "open": "5.8012",
            "high": "5.8012",
            "low": "5.8012",
            "close": "5.7988"
        },
        {
            "time": "07.07.2021 17:34",
            "open": "5.7988",
            "high": "5.7988",
            "low": "5.7988",
            "close": "5.8315"
        },
        {
            "time": "07.07.2021 17:41",
            "open": "5.8315",
            "high": "5.8315",
            "low": "5.8315",
            "close": "5.835"
        },
        {
            "time": "07.07.2021 17:42",
            "open": "5.835",
            "high": "5.835",
            "low": "5.835",
            "close": "5.835"
        },
        {
            "time": "07.07.2021 17:43",
            "open": "5.835",
            "high": "5.835",
            "low": "5.835",
            "close": "5.8193"
        },
        {
            "time": "07.07.2021 17:45",
            "open": "5.8193",
            "high": "5.8193",
            "low": "5.8193",
            "close": "5.8145"
        },
        {
            "time": "07.07.2021 17:46",
            "open": "5.8145",
            "high": "5.8145",
            "low": "5.8145",
            "close": "5.8102"
        },
        {
            "time": "07.07.2021 17:52",
            "open": "5.8102",
            "high": "5.8102",
            "low": "5.8064",
            "close": "5.7787"
        },
        {
            "time": "07.07.2021 17:54",
            "open": "5.7787",
            "high": "5.7875",
            "low": "5.777",
            "close": "5.7875"
        },
        {
            "time": "07.07.2021 17:55",
            "open": "5.7875",
            "high": "5.7875",
            "low": "5.7845",
            "close": "5.7881"
        },
        {
            "time": "07.07.2021 17:57",
            "open": "5.7881",
            "high": "5.7881",
            "low": "5.7881",
            "close": "5.7981"
        },
        {
            "time": "07.07.2021 18:01",
            "open": "5.7981",
            "high": "5.7996",
            "low": "5.7853",
            "close": "5.8053"
        },
        {
            "time": "07.07.2021 18:03",
            "open": "5.8053",
            "high": "5.8053",
            "low": "5.8053",
            "close": "5.7817"
        },
        {
            "time": "07.07.2021 18:06",
            "open": "5.7817",
            "high": "5.7817",
            "low": "5.772",
            "close": "5.7863"
        },
        {
            "time": "07.07.2021 18:08",
            "open": "5.7863",
            "high": "5.7863",
            "low": "5.7863",
            "close": "5.788"
        },
        {
            "time": "07.07.2021 18:12",
            "open": "5.788",
            "high": "5.788",
            "low": "5.788",
            "close": "5.8042"
        },
        {
            "time": "07.07.2021 18:15",
            "open": "5.8042",
            "high": "5.8042",
            "low": "5.8042",
            "close": "5.8222"
        },
        {
            "time": "07.07.2021 18:19",
            "open": "5.8222",
            "high": "5.8222",
            "low": "5.8222",
            "close": "5.8426"
        },
        {
            "time": "07.07.2021 18:22",
            "open": "5.8426",
            "high": "5.8426",
            "low": "5.8414",
            "close": "5.8304"
        },
        {
            "time": "07.07.2021 18:31",
            "open": "5.8304",
            "high": "5.8308",
            "low": "5.8303",
            "close": "5.8265"
        },
        {
            "time": "07.07.2021 18:32",
            "open": "5.8265",
            "high": "5.8293",
            "low": "5.8265",
            "close": "5.8123"
        },
        {
            "time": "07.07.2021 18:33",
            "open": "5.8123",
            "high": "5.8123",
            "low": "5.8115",
            "close": "5.834"
        },
        {
            "time": "07.07.2021 18:35",
            "open": "5.834",
            "high": "5.834",
            "low": "5.834",
            "close": "5.8176"
        },
        {
            "time": "07.07.2021 18:47",
            "open": "5.8176",
            "high": "5.818",
            "low": "5.8176",
            "close": "5.8028"
        },
        {
            "time": "07.07.2021 18:50",
            "open": "5.8028",
            "high": "5.8028",
            "low": "5.8028",
            "close": "5.8003"
        },
        {
            "time": "07.07.2021 18:52",
            "open": "5.8003",
            "high": "5.8003",
            "low": "5.8003",
            "close": "5.7936"
        },
        {
            "time": "07.07.2021 18:55",
            "open": "5.7936",
            "high": "5.7936",
            "low": "5.7936",
            "close": "5.762"
        },
        {
            "time": "07.07.2021 19:08",
            "open": "5.762",
            "high": "5.762",
            "low": "5.7616",
            "close": "5.7743"
        },
        {
            "time": "07.07.2021 19:15",
            "open": "5.7743",
            "high": "5.7743",
            "low": "5.7743",
            "close": "5.7564"
        },
        {
            "time": "07.07.2021 19:20",
            "open": "5.7564",
            "high": "5.7564",
            "low": "5.7564",
            "close": "5.7565"
        },
        {
            "time": "07.07.2021 19:25",
            "open": "5.7565",
            "high": "5.7565",
            "low": "5.7564",
            "close": "5.7657"
        },
        {
            "time": "07.07.2021 19:27",
            "open": "5.7657",
            "high": "5.7657",
            "low": "5.7657",
            "close": "5.7585"
        },
        {
            "time": "07.07.2021 19:29",
            "open": "5.7585",
            "high": "5.7585",
            "low": "5.7585",
            "close": "5.7564"
        },
        {
            "time": "07.07.2021 19:31",
            "open": "5.7564",
            "high": "5.7564",
            "low": "5.7564",
            "close": "5.7827"
        },
        {
            "time": "07.07.2021 19:34",
            "open": "5.7827",
            "high": "5.7936",
            "low": "5.7827",
            "close": "5.8016"
        },
        {
            "time": "07.07.2021 19:35",
            "open": "5.8016",
            "high": "5.8022",
            "low": "5.8016",
            "close": "5.8319"
        },
        {
            "time": "07.07.2021 19:48",
            "open": "5.8319",
            "high": "5.8319",
            "low": "5.8216",
            "close": "5.8255"
        },
        {
            "time": "07.07.2021 19:50",
            "open": "5.8255",
            "high": "5.8291",
            "low": "5.8241",
            "close": "5.8373"
        },
        {
            "time": "07.07.2021 19:56",
            "open": "5.8373",
            "high": "5.8373",
            "low": "5.8373",
            "close": "5.8386"
        },
        {
            "time": "07.07.2021 19:57",
            "open": "5.8386",
            "high": "5.8386",
            "low": "5.8386",
            "close": "5.8375"
        },
        {
            "time": "07.07.2021 19:58",
            "open": "5.8375",
            "high": "5.8375",
            "low": "5.834",
            "close": "5.8202"
        },
        {
            "time": "07.07.2021 20:02",
            "open": "5.8202",
            "high": "5.8202",
            "low": "5.8202",
            "close": "5.8331"
        },
        {
            "time": "07.07.2021 20:05",
            "open": "5.8331",
            "high": "5.8331",
            "low": "5.8331",
            "close": "5.8542"
        },
        {
            "time": "07.07.2021 20:09",
            "open": "5.8542",
            "high": "5.8542",
            "low": "5.8542",
            "close": "5.8447"
        },
        {
            "time": "07.07.2021 20:10",
            "open": "5.8447",
            "high": "5.8469",
            "low": "5.8447",
            "close": "5.8469"
        },
        {
            "time": "07.07.2021 20:11",
            "open": "5.8469",
            "high": "5.8469",
            "low": "5.8469",
            "close": "5.8469"
        },
        {
            "time": "07.07.2021 20:12",
            "open": "5.8469",
            "high": "5.8469",
            "low": "5.8469",
            "close": "5.8547"
        },
        {
            "time": "07.07.2021 20:22",
            "open": "5.8547",
            "high": "5.8554",
            "low": "5.8547",
            "close": "5.8514"
        },
        {
            "time": "07.07.2021 20:23",
            "open": "5.8514",
            "high": "5.8535",
            "low": "5.8514",
            "close": "5.8607"
        },
        {
            "time": "07.07.2021 20:29",
            "open": "5.8607",
            "high": "5.8607",
            "low": "5.8607",
            "close": "5.8661"
        },
        {
            "time": "07.07.2021 20:32",
            "open": "5.8661",
            "high": "5.8715",
            "low": "5.8661",
            "close": "5.8715"
        },
        {
            "time": "07.07.2021 20:33",
            "open": "5.8715",
            "high": "5.8715",
            "low": "5.8715",
            "close": "5.8821"
        },
        {
            "time": "07.07.2021 20:34",
            "open": "5.8821",
            "high": "5.8821",
            "low": "5.8821",
            "close": "5.8821"
        },
        {
            "time": "07.07.2021 20:35",
            "open": "5.8821",
            "high": "5.8821",
            "low": "5.8821",
            "close": "5.9006"
        },
        {
            "time": "07.07.2021 20:37",
            "open": "5.9006",
            "high": "5.9006",
            "low": "5.9006",
            "close": "5.9238"
        },
        {
            "time": "07.07.2021 20:41",
            "open": "5.9238",
            "high": "5.9266",
            "low": "5.9238",
            "close": "5.9266"
        },
        {
            "time": "07.07.2021 20:44",
            "open": "5.9266",
            "high": "5.9372",
            "low": "5.9266",
            "close": "5.934"
        },
        {
            "time": "07.07.2021 20:48",
            "open": "5.934",
            "high": "5.934",
            "low": "5.934",
            "close": "5.9375"
        },
        {
            "time": "07.07.2021 20:49",
            "open": "5.9375",
            "high": "5.939",
            "low": "5.9375",
            "close": "5.946"
        },
        {
            "time": "07.07.2021 20:52",
            "open": "5.946",
            "high": "5.9461",
            "low": "5.946",
            "close": "5.9339"
        },
        {
            "time": "07.07.2021 20:53",
            "open": "5.9339",
            "high": "5.9339",
            "low": "5.9339",
            "close": "5.9449"
        },
        {
            "time": "07.07.2021 20:55",
            "open": "5.9449",
            "high": "5.945",
            "low": "5.9449",
            "close": "5.9462"
        },
        {
            "time": "07.07.2021 20:59",
            "open": "5.9462",
            "high": "5.9462",
            "low": "5.9462",
            "close": "5.9474"
        },
        {
            "time": "07.07.2021 21:00",
            "open": "5.9474",
            "high": "5.9474",
            "low": "5.9474",
            "close": "5.9233"
        },
        {
            "time": "07.07.2021 21:01",
            "open": "5.9233",
            "high": "5.9233",
            "low": "5.9158",
            "close": "5.957"
        },
        {
            "time": "07.07.2021 21:02",
            "open": "5.957",
            "high": "5.957",
            "low": "5.957",
            "close": "5.957"
        },
        {
            "time": "07.07.2021 21:03",
            "open": "5.957",
            "high": "5.9918",
            "low": "5.957",
            "close": "5.9918"
        },
        {
            "time": "07.07.2021 21:04",
            "open": "5.9918",
            "high": "6.0179",
            "low": "5.9918",
            "close": "6.02"
        },
        {
            "time": "07.07.2021 21:05",
            "open": "6.02",
            "high": "6.0284",
            "low": "6.02",
            "close": "6.0374"
        },
        {
            "time": "07.07.2021 21:06",
            "open": "6.0374",
            "high": "6.0535",
            "low": "6.0374",
            "close": "6.0562"
        },
        {
            "time": "07.07.2021 21:07",
            "open": "6.0562",
            "high": "6.0611",
            "low": "6.0562",
            "close": "6.0611"
        },
        {
            "time": "07.07.2021 21:08",
            "open": "6.0611",
            "high": "6.0611",
            "low": "6.0569",
            "close": "6.0569"
        },
        {
            "time": "07.07.2021 21:10",
            "open": "6.0569",
            "high": "6.0569",
            "low": "6.0003",
            "close": "6.0045"
        },
        {
            "time": "07.07.2021 21:11",
            "open": "6.0045",
            "high": "6.0237",
            "low": "6.0045",
            "close": "6.0372"
        },
        {
            "time": "07.07.2021 21:15",
            "open": "6.0372",
            "high": "6.0372",
            "low": "6.0372",
            "close": "6.0329"
        },
        {
            "time": "07.07.2021 21:16",
            "open": "6.0329",
            "high": "6.0569",
            "low": "6.0329",
            "close": "6.0004"
        },
        {
            "time": "07.07.2021 21:17",
            "open": "6.0004",
            "high": "6.0004",
            "low": "6.0002",
            "close": "6.018"
        },
        {
            "time": "07.07.2021 21:18",
            "open": "6.018",
            "high": "6.0266",
            "low": "6.018",
            "close": "6.0102"
        },
        {
            "time": "07.07.2021 21:19",
            "open": "6.0102",
            "high": "6.0259",
            "low": "6.0087",
            "close": "6.005"
        },
        {
            "time": "07.07.2021 21:23",
            "open": "6.005",
            "high": "6.0061",
            "low": "6.005",
            "close": "6.009"
        },
        {
            "time": "07.07.2021 21:26",
            "open": "6.009",
            "high": "6.024",
            "low": "6.009",
            "close": "6.0074"
        },
        {
            "time": "07.07.2021 21:27",
            "open": "6.0074",
            "high": "6.0074",
            "low": "6.0074",
            "close": "6.02"
        },
        {
            "time": "07.07.2021 21:36",
            "open": "6.02",
            "high": "6.02",
            "low": "6.0075",
            "close": "6.02"
        },
        {
            "time": "07.07.2021 21:37",
            "open": "6.02",
            "high": "6.02",
            "low": "6.02",
            "close": "6.0204"
        },
        {
            "time": "07.07.2021 21:38",
            "open": "6.0204",
            "high": "6.0204",
            "low": "6.0204",
            "close": "6.0527"
        },
        {
            "time": "07.07.2021 21:43",
            "open": "6.0527",
            "high": "6.0527",
            "low": "6.0405",
            "close": "6.0423"
        },
        {
            "time": "07.07.2021 21:44",
            "open": "6.0423",
            "high": "6.0423",
            "low": "6.0406",
            "close": "6.0389"
        },
        {
            "time": "07.07.2021 21:45",
            "open": "6.0389",
            "high": "6.0389",
            "low": "6.0389",
            "close": "6.0515"
        },
        {
            "time": "07.07.2021 21:46",
            "open": "6.0515",
            "high": "6.0515",
            "low": "6.0515",
            "close": "6.0484"
        },
        {
            "time": "07.07.2021 21:47",
            "open": "6.0484",
            "high": "6.0484",
            "low": "6.0484",
            "close": "6.0213"
        },
        {
            "time": "07.07.2021 21:49",
            "open": "6.0213",
            "high": "6.0227",
            "low": "6.0213",
            "close": "6.0081"
        },
        {
            "time": "07.07.2021 21:50",
            "open": "6.0081",
            "high": "6.0198",
            "low": "6.0081",
            "close": "6.0154"
        },
        {
            "time": "07.07.2021 21:53",
            "open": "6.0154",
            "high": "6.0154",
            "low": "6.0154",
            "close": "6.0263"
        },
        {
            "time": "07.07.2021 21:56",
            "open": "6.0263",
            "high": "6.0263",
            "low": "6.0263",
            "close": "6.0171"
        },
        {
            "time": "07.07.2021 22:02",
            "open": "6.0171",
            "high": "6.0171",
            "low": "6.0171",
            "close": "6.0135"
        },
        {
            "time": "07.07.2021 22:07",
            "open": "6.0135",
            "high": "6.0135",
            "low": "6.0126",
            "close": "6.0191"
        },
        {
            "time": "07.07.2021 22:08",
            "open": "6.0191",
            "high": "6.0191",
            "low": "6.0191",
            "close": "6.0007"
        },
        {
            "time": "07.07.2021 22:11",
            "open": "6.0007",
            "high": "6.0007",
            "low": "5.9984",
            "close": "6.0017"
        },
        {
            "time": "07.07.2021 22:12",
            "open": "6.0017",
            "high": "6.0017",
            "low": "6.0017",
            "close": "5.9973"
        },
        {
            "time": "07.07.2021 22:15",
            "open": "5.9973",
            "high": "5.9973",
            "low": "5.9973",
            "close": "6.0075"
        },
        {
            "time": "07.07.2021 22:16",
            "open": "6.0075",
            "high": "6.0075",
            "low": "5.9879",
            "close": "6.0139"
        },
        {
            "time": "07.07.2021 22:17",
            "open": "6.0139",
            "high": "6.0139",
            "low": "6.0139",
            "close": "6.0082"
        },
        {
            "time": "07.07.2021 22:18",
            "open": "6.0082",
            "high": "6.0082",
            "low": "6.0082",
            "close": "5.9928"
        },
        {
            "time": "07.07.2021 22:19",
            "open": "5.9928",
            "high": "5.9928",
            "low": "5.988",
            "close": "5.9663"
        },
        {
            "time": "07.07.2021 22:22",
            "open": "5.9663",
            "high": "5.9663",
            "low": "5.9605",
            "close": "5.97"
        },
        {
            "time": "07.07.2021 22:24",
            "open": "5.97",
            "high": "5.9713",
            "low": "5.9699",
            "close": "5.9342"
        },
        {
            "time": "07.07.2021 22:31",
            "open": "5.9342",
            "high": "5.9342",
            "low": "5.9133",
            "close": "5.9105"
        },
        {
            "time": "07.07.2021 22:32",
            "open": "5.9105",
            "high": "5.9105",
            "low": "5.9087",
            "close": "5.9224"
        },
        {
            "time": "07.07.2021 22:39",
            "open": "5.9224",
            "high": "5.9224",
            "low": "5.9224",
            "close": "5.934"
        },
        {
            "time": "07.07.2021 22:41",
            "open": "5.934",
            "high": "5.934",
            "low": "5.934",
            "close": "5.9184"
        },
        {
            "time": "07.07.2021 22:46",
            "open": "5.9184",
            "high": "5.9184",
            "low": "5.9184",
            "close": "5.92"
        },
        {
            "time": "07.07.2021 22:48",
            "open": "5.92",
            "high": "5.9304",
            "low": "5.916",
            "close": "5.9304"
        },
        {
            "time": "07.07.2021 22:51",
            "open": "5.9304",
            "high": "5.9304",
            "low": "5.9304",
            "close": "5.8992"
        },
        {
            "time": "07.07.2021 22:57",
            "open": "5.8992",
            "high": "5.8992",
            "low": "5.8992",
            "close": "5.9"
        },
        {
            "time": "07.07.2021 22:58",
            "open": "5.9",
            "high": "5.91",
            "low": "5.9",
            "close": "5.8992"
        },
        {
            "time": "07.07.2021 23:01",
            "open": "5.8992",
            "high": "5.8992",
            "low": "5.8992",
            "close": "5.8809"
        },
        {
            "time": "07.07.2021 23:02",
            "open": "5.8809",
            "high": "5.89",
            "low": "5.8809",
            "close": "5.89"
        },
        {
            "time": "07.07.2021 23:03",
            "open": "5.89",
            "high": "5.89",
            "low": "5.89",
            "close": "5.8832"
        },
        {
            "time": "07.07.2021 23:04",
            "open": "5.8832",
            "high": "5.8832",
            "low": "5.8832",
            "close": "5.8809"
        },
        {
            "time": "07.07.2021 23:05",
            "open": "5.8809",
            "high": "5.8809",
            "low": "5.8683",
            "close": "5.8726"
        },
        {
            "time": "07.07.2021 23:07",
            "open": "5.8726",
            "high": "5.8726",
            "low": "5.8726",
            "close": "5.8683"
        },
        {
            "time": "07.07.2021 23:12",
            "open": "5.8683",
            "high": "5.8683",
            "low": "5.8407",
            "close": "5.8347"
        },
        {
            "time": "07.07.2021 23:23",
            "open": "5.8347",
            "high": "5.8376",
            "low": "5.8347",
            "close": "5.8245"
        },
        {
            "time": "07.07.2021 23:39",
            "open": "5.8245",
            "high": "5.8245",
            "low": "5.8151",
            "close": "5.8103"
        },
        {
            "time": "07.07.2021 23:40",
            "open": "5.8103",
            "high": "5.8103",
            "low": "5.81",
            "close": "5.7787"
        },
        {
            "time": "07.07.2021 23:42",
            "open": "5.7787",
            "high": "5.781",
            "low": "5.7787",
            "close": "5.8023"
        },
        {
            "time": "07.07.2021 23:44",
            "open": "5.8023",
            "high": "5.8037",
            "low": "5.8023",
            "close": "5.8049"
        },
        {
            "time": "07.07.2021 23:45",
            "open": "5.8049",
            "high": "5.8049",
            "low": "5.8049",
            "close": "5.8155"
        },
        {
            "time": "07.07.2021 23:49",
            "open": "5.8155",
            "high": "5.8157",
            "low": "5.8155",
            "close": "5.8229"
        },
        {
            "time": "07.07.2021 23:54",
            "open": "5.8229",
            "high": "5.8229",
            "low": "5.8229",
            "close": "5.8159"
        },
        {
            "time": "07.07.2021 23:55",
            "open": "5.8159",
            "high": "5.8159",
            "low": "5.8159",
            "close": "5.8084"
        },
        {
            "time": "07.07.2021 23:56",
            "open": "5.8084",
            "high": "5.8194",
            "low": "5.8084",
            "close": "5.8055"
        }
    ]
}