{
    "BAND-EUR": [
        {
            "time": "31.10.2020 23:59",
            "open": "3.7249",
            "high": "3.727",
            "low": "3.7228",
            "close": "3.7246"
        },
        {
            "time": "01.11.2020 00:00",
            "open": "3.7246",
            "high": "3.7246",
            "low": "3.7125",
            "close": "3.7126"
        },
        {
            "time": "01.11.2020 00:01",
            "open": "3.7126",
            "high": "3.716",
            "low": "3.7008",
            "close": "3.7061"
        },
        {
            "time": "01.11.2020 00:02",
            "open": "3.7061",
            "high": "3.7061",
            "low": "3.7008",
            "close": "3.705"
        },
        {
            "time": "01.11.2020 00:03",
            "open": "3.705",
            "high": "3.725",
            "low": "3.7026",
            "close": "3.7119"
        },
        {
            "time": "01.11.2020 00:04",
            "open": "3.7119",
            "high": "3.7135",
            "low": "3.7102",
            "close": "3.7171"
        },
        {
            "time": "01.11.2020 00:05",
            "open": "3.7171",
            "high": "3.7198",
            "low": "3.7171",
            "close": "3.7008"
        },
        {
            "time": "01.11.2020 00:06",
            "open": "3.7008",
            "high": "3.7099",
            "low": "3.7008",
            "close": "3.7008"
        },
        {
            "time": "01.11.2020 00:09",
            "open": "3.7008",
            "high": "3.7008",
            "low": "3.7008",
            "close": "3.7008"
        },
        {
            "time": "01.11.2020 00:10",
            "open": "3.7008",
            "high": "3.7035",
            "low": "3.7008",
            "close": "3.701"
        },
        {
            "time": "01.11.2020 00:11",
            "open": "3.701",
            "high": "3.701",
            "low": "3.701",
            "close": "3.7008"
        },
        {
            "time": "01.11.2020 00:12",
            "open": "3.7008",
            "high": "3.7122",
            "low": "3.7008",
            "close": "3.7008"
        },
        {
            "time": "01.11.2020 00:15",
            "open": "3.7008",
            "high": "3.7008",
            "low": "3.7001",
            "close": "3.7001"
        },
        {
            "time": "01.11.2020 00:16",
            "open": "3.7001",
            "high": "3.7005",
            "low": "3.7001",
            "close": "3.7052"
        },
        {
            "time": "01.11.2020 00:18",
            "open": "3.7052",
            "high": "3.7059",
            "low": "3.7052",
            "close": "3.7071"
        },
        {
            "time": "01.11.2020 00:25",
            "open": "3.7071",
            "high": "3.7071",
            "low": "3.7071",
            "close": "3.7008"
        },
        {
            "time": "01.11.2020 00:30",
            "open": "3.7008",
            "high": "3.7008",
            "low": "3.7008",
            "close": "3.7005"
        },
        {
            "time": "01.11.2020 00:32",
            "open": "3.7005",
            "high": "3.7007",
            "low": "3.7005",
            "close": "3.707"
        },
        {
            "time": "01.11.2020 00:37",
            "open": "3.707",
            "high": "3.707",
            "low": "3.707",
            "close": "3.7"
        },
        {
            "time": "01.11.2020 00:39",
            "open": "3.7",
            "high": "3.7066",
            "low": "3.7",
            "close": "3.7082"
        },
        {
            "time": "01.11.2020 00:44",
            "open": "3.7082",
            "high": "3.7082",
            "low": "3.705",
            "close": "3.7226"
        },
        {
            "time": "01.11.2020 00:58",
            "open": "3.7226",
            "high": "3.7247",
            "low": "3.7226",
            "close": "3.7377"
        },
        {
            "time": "01.11.2020 00:59",
            "open": "3.7377",
            "high": "3.7377",
            "low": "3.7377",
            "close": "3.7358"
        },
        {
            "time": "01.11.2020 01:04",
            "open": "3.7358",
            "high": "3.7358",
            "low": "3.7358",
            "close": "3.7494"
        },
        {
            "time": "01.11.2020 01:11",
            "open": "3.7494",
            "high": "3.7494",
            "low": "3.7481",
            "close": "3.7474"
        },
        {
            "time": "01.11.2020 01:12",
            "open": "3.7474",
            "high": "3.7474",
            "low": "3.7474",
            "close": "3.7392"
        },
        {
            "time": "01.11.2020 01:13",
            "open": "3.7392",
            "high": "3.7392",
            "low": "3.7392",
            "close": "3.7358"
        },
        {
            "time": "01.11.2020 01:16",
            "open": "3.7358",
            "high": "3.7358",
            "low": "3.7358",
            "close": "3.7498"
        },
        {
            "time": "01.11.2020 01:20",
            "open": "3.7498",
            "high": "3.7498",
            "low": "3.7498",
            "close": "3.7498"
        },
        {
            "time": "01.11.2020 01:21",
            "open": "3.7498",
            "high": "3.7498",
            "low": "3.7498",
            "close": "3.7481"
        },
        {
            "time": "01.11.2020 01:30",
            "open": "3.7481",
            "high": "3.7481",
            "low": "3.748",
            "close": "3.7506"
        },
        {
            "time": "01.11.2020 01:34",
            "open": "3.7506",
            "high": "3.7506",
            "low": "3.7506",
            "close": "3.7209"
        },
        {
            "time": "01.11.2020 01:38",
            "open": "3.7209",
            "high": "3.7234",
            "low": "3.7209",
            "close": "3.7"
        },
        {
            "time": "01.11.2020 01:39",
            "open": "3.7",
            "high": "3.7",
            "low": "3.7",
            "close": "3.7101"
        },
        {
            "time": "01.11.2020 01:53",
            "open": "3.7101",
            "high": "3.7101",
            "low": "3.71",
            "close": "3.7197"
        },
        {
            "time": "01.11.2020 01:56",
            "open": "3.7197",
            "high": "3.7197",
            "low": "3.7197",
            "close": "3.722"
        },
        {
            "time": "01.11.2020 01:58",
            "open": "3.722",
            "high": "3.722",
            "low": "3.722",
            "close": "3.7105"
        },
        {
            "time": "01.11.2020 02:04",
            "open": "3.7105",
            "high": "3.713",
            "low": "3.7105",
            "close": "3.713"
        },
        {
            "time": "01.11.2020 02:14",
            "open": "3.713",
            "high": "3.7168",
            "low": "3.713",
            "close": "3.7217"
        },
        {
            "time": "01.11.2020 02:19",
            "open": "3.7217",
            "high": "3.7217",
            "low": "3.7217",
            "close": "3.7217"
        },
        {
            "time": "01.11.2020 02:25",
            "open": "3.7217",
            "high": "3.7217",
            "low": "3.7217",
            "close": "3.7222"
        },
        {
            "time": "01.11.2020 02:30",
            "open": "3.7222",
            "high": "3.7223",
            "low": "3.7222",
            "close": "3.7246"
        },
        {
            "time": "01.11.2020 02:31",
            "open": "3.7246",
            "high": "3.7246",
            "low": "3.7233",
            "close": "3.7237"
        },
        {
            "time": "01.11.2020 02:38",
            "open": "3.7237",
            "high": "3.7237",
            "low": "3.7237",
            "close": "3.7212"
        },
        {
            "time": "01.11.2020 02:59",
            "open": "3.7212",
            "high": "3.7212",
            "low": "3.7212",
            "close": "3.7296"
        },
        {
            "time": "01.11.2020 03:03",
            "open": "3.7285",
            "high": "3.7285",
            "low": "3.7285",
            "close": "3.7333"
        },
        {
            "time": "01.11.2020 03:17",
            "open": "3.7333",
            "high": "3.7333",
            "low": "3.7333",
            "close": "3.7278"
        },
        {
            "time": "01.11.2020 03:36",
            "open": "3.7278",
            "high": "3.7278",
            "low": "3.7278",
            "close": "3.7016"
        },
        {
            "time": "01.11.2020 04:46",
            "open": "3.7016",
            "high": "3.7016",
            "low": "3.7014",
            "close": "3.7056"
        },
        {
            "time": "01.11.2020 04:47",
            "open": "3.7056",
            "high": "3.7057",
            "low": "3.7056",
            "close": "3.73"
        },
        {
            "time": "01.11.2020 04:52",
            "open": "3.73",
            "high": "3.7304",
            "low": "3.7259",
            "close": "3.7206"
        },
        {
            "time": "01.11.2020 04:53",
            "open": "3.7206",
            "high": "3.7206",
            "low": "3.7206",
            "close": "3.714"
        },
        {
            "time": "01.11.2020 05:04",
            "open": "3.714",
            "high": "3.715",
            "low": "3.714",
            "close": "3.7043"
        },
        {
            "time": "01.11.2020 05:22",
            "open": "3.7043",
            "high": "3.7045",
            "low": "3.7043",
            "close": "3.695"
        },
        {
            "time": "01.11.2020 05:39",
            "open": "3.695",
            "high": "3.695",
            "low": "3.695",
            "close": "3.6931"
        },
        {
            "time": "01.11.2020 05:59",
            "open": "3.6931",
            "high": "3.6931",
            "low": "3.6931",
            "close": "3.6911"
        },
        {
            "time": "01.11.2020 06:01",
            "open": "3.6911",
            "high": "3.6911",
            "low": "3.69",
            "close": "3.69"
        },
        {
            "time": "01.11.2020 06:02",
            "open": "3.69",
            "high": "3.69",
            "low": "3.69",
            "close": "3.6901"
        },
        {
            "time": "01.11.2020 06:03",
            "open": "3.6901",
            "high": "3.6912",
            "low": "3.6751",
            "close": "3.6787"
        },
        {
            "time": "01.11.2020 06:04",
            "open": "3.6787",
            "high": "3.6845",
            "low": "3.6783",
            "close": "3.6825"
        },
        {
            "time": "01.11.2020 06:05",
            "open": "3.6825",
            "high": "3.6978",
            "low": "3.6804",
            "close": "3.691"
        },
        {
            "time": "01.11.2020 06:06",
            "open": "3.691",
            "high": "3.6938",
            "low": "3.691",
            "close": "3.6969"
        },
        {
            "time": "01.11.2020 06:07",
            "open": "3.6969",
            "high": "3.6969",
            "low": "3.6969",
            "close": "3.7215"
        },
        {
            "time": "01.11.2020 06:21",
            "open": "3.7215",
            "high": "3.7215",
            "low": "3.7215",
            "close": "3.725"
        },
        {
            "time": "01.11.2020 06:22",
            "open": "3.725",
            "high": "3.7295",
            "low": "3.725",
            "close": "3.73"
        },
        {
            "time": "01.11.2020 06:26",
            "open": "3.73",
            "high": "3.73",
            "low": "3.73",
            "close": "3.73"
        },
        {
            "time": "01.11.2020 06:39",
            "open": "3.73",
            "high": "3.73",
            "low": "3.73",
            "close": "3.73"
        },
        {
            "time": "01.11.2020 06:41",
            "open": "3.73",
            "high": "3.73",
            "low": "3.73",
            "close": "3.7281"
        },
        {
            "time": "01.11.2020 06:49",
            "open": "3.7281",
            "high": "3.7282",
            "low": "3.7281",
            "close": "3.74"
        },
        {
            "time": "01.11.2020 06:51",
            "open": "3.74",
            "high": "3.74",
            "low": "3.74",
            "close": "3.7372"
        },
        {
            "time": "01.11.2020 07:01",
            "open": "3.7372",
            "high": "3.7372",
            "low": "3.7357",
            "close": "3.7288"
        },
        {
            "time": "01.11.2020 07:07",
            "open": "3.7288",
            "high": "3.7288",
            "low": "3.7288",
            "close": "3.7314"
        },
        {
            "time": "01.11.2020 07:10",
            "open": "3.7314",
            "high": "3.7314",
            "low": "3.7314",
            "close": "3.7317"
        },
        {
            "time": "01.11.2020 07:11",
            "open": "3.7317",
            "high": "3.7317",
            "low": "3.7317",
            "close": "3.7231"
        },
        {
            "time": "01.11.2020 07:34",
            "open": "3.7231",
            "high": "3.7231",
            "low": "3.7231",
            "close": "3.7315"
        },
        {
            "time": "01.11.2020 07:39",
            "open": "3.7315",
            "high": "3.7315",
            "low": "3.7315",
            "close": "3.7317"
        },
        {
            "time": "01.11.2020 07:45",
            "open": "3.7317",
            "high": "3.7342",
            "low": "3.7317",
            "close": "3.729"
        },
        {
            "time": "01.11.2020 07:48",
            "open": "3.729",
            "high": "3.729",
            "low": "3.729",
            "close": "3.7213"
        },
        {
            "time": "01.11.2020 07:51",
            "open": "3.7213",
            "high": "3.7213",
            "low": "3.7213",
            "close": "3.7372"
        },
        {
            "time": "01.11.2020 07:57",
            "open": "3.7372",
            "high": "3.7398",
            "low": "3.7372",
            "close": "3.75"
        },
        {
            "time": "01.11.2020 07:58",
            "open": "3.75",
            "high": "3.7529",
            "low": "3.75",
            "close": "3.7511"
        },
        {
            "time": "01.11.2020 08:03",
            "open": "3.7511",
            "high": "3.7511",
            "low": "3.7511",
            "close": "3.7578"
        },
        {
            "time": "01.11.2020 08:04",
            "open": "3.7578",
            "high": "3.7578",
            "low": "3.7578",
            "close": "3.7563"
        },
        {
            "time": "01.11.2020 08:08",
            "open": "3.7563",
            "high": "3.7563",
            "low": "3.7409",
            "close": "3.7331"
        },
        {
            "time": "01.11.2020 08:15",
            "open": "3.7331",
            "high": "3.7331",
            "low": "3.7294",
            "close": "3.7281"
        },
        {
            "time": "01.11.2020 08:18",
            "open": "3.7281",
            "high": "3.7281",
            "low": "3.7281",
            "close": "3.7361"
        },
        {
            "time": "01.11.2020 08:20",
            "open": "3.7361",
            "high": "3.7362",
            "low": "3.7275",
            "close": "3.7206"
        },
        {
            "time": "01.11.2020 08:21",
            "open": "3.7206",
            "high": "3.7214",
            "low": "3.7206",
            "close": "3.7335"
        },
        {
            "time": "01.11.2020 08:22",
            "open": "3.7335",
            "high": "3.7336",
            "low": "3.7335",
            "close": "3.7273"
        },
        {
            "time": "01.11.2020 08:23",
            "open": "3.7273",
            "high": "3.7273",
            "low": "3.7272",
            "close": "3.7274"
        },
        {
            "time": "01.11.2020 08:26",
            "open": "3.7274",
            "high": "3.7274",
            "low": "3.7274",
            "close": "3.7197"
        },
        {
            "time": "01.11.2020 08:28",
            "open": "3.7197",
            "high": "3.7197",
            "low": "3.7197",
            "close": "3.7081"
        },
        {
            "time": "01.11.2020 08:32",
            "open": "3.7081",
            "high": "3.71",
            "low": "3.7081",
            "close": "3.7113"
        },
        {
            "time": "01.11.2020 08:41",
            "open": "3.7113",
            "high": "3.7132",
            "low": "3.7113",
            "close": "3.7152"
        },
        {
            "time": "01.11.2020 08:45",
            "open": "3.7152",
            "high": "3.7152",
            "low": "3.7152",
            "close": "3.7272"
        },
        {
            "time": "01.11.2020 08:59",
            "open": "3.7272",
            "high": "3.7272",
            "low": "3.7272",
            "close": "3.7282"
        },
        {
            "time": "01.11.2020 09:04",
            "open": "3.7282",
            "high": "3.7282",
            "low": "3.7282",
            "close": "3.7282"
        },
        {
            "time": "01.11.2020 09:06",
            "open": "3.7282",
            "high": "3.7282",
            "low": "3.7282",
            "close": "3.7232"
        },
        {
            "time": "01.11.2020 09:08",
            "open": "3.7232",
            "high": "3.7232",
            "low": "3.7232",
            "close": "3.7215"
        },
        {
            "time": "01.11.2020 09:09",
            "open": "3.7215",
            "high": "3.7216",
            "low": "3.7215",
            "close": "3.7312"
        },
        {
            "time": "01.11.2020 09:16",
            "open": "3.7312",
            "high": "3.7312",
            "low": "3.7312",
            "close": "3.7347"
        },
        {
            "time": "01.11.2020 09:17",
            "open": "3.7347",
            "high": "3.7347",
            "low": "3.7347",
            "close": "3.7377"
        },
        {
            "time": "01.11.2020 09:18",
            "open": "3.7377",
            "high": "3.7377",
            "low": "3.7375",
            "close": "3.7392"
        },
        {
            "time": "01.11.2020 09:21",
            "open": "3.7392",
            "high": "3.7392",
            "low": "3.7311",
            "close": "3.7361"
        },
        {
            "time": "01.11.2020 09:26",
            "open": "3.7361",
            "high": "3.7361",
            "low": "3.7361",
            "close": "3.7203"
        },
        {
            "time": "01.11.2020 09:37",
            "open": "3.7203",
            "high": "3.7203",
            "low": "3.7131",
            "close": "3.7298"
        },
        {
            "time": "01.11.2020 09:44",
            "open": "3.7298",
            "high": "3.7299",
            "low": "3.7298",
            "close": "3.7244"
        },
        {
            "time": "01.11.2020 09:58",
            "open": "3.7244",
            "high": "3.7245",
            "low": "3.7244",
            "close": "3.718"
        },
        {
            "time": "01.11.2020 10:00",
            "open": "3.718",
            "high": "3.718",
            "low": "3.718",
            "close": "3.7156"
        },
        {
            "time": "01.11.2020 10:07",
            "open": "3.7156",
            "high": "3.7156",
            "low": "3.7135",
            "close": "3.7"
        },
        {
            "time": "01.11.2020 10:08",
            "open": "3.7",
            "high": "3.7",
            "low": "3.6941",
            "close": "3.6909"
        },
        {
            "time": "01.11.2020 10:10",
            "open": "3.6909",
            "high": "3.6965",
            "low": "3.682",
            "close": "3.698"
        },
        {
            "time": "01.11.2020 10:11",
            "open": "3.698",
            "high": "3.6993",
            "low": "3.698",
            "close": "3.701"
        },
        {
            "time": "01.11.2020 10:12",
            "open": "3.701",
            "high": "3.701",
            "low": "3.701",
            "close": "3.7032"
        },
        {
            "time": "01.11.2020 10:13",
            "open": "3.7032",
            "high": "3.7032",
            "low": "3.7032",
            "close": "3.6965"
        },
        {
            "time": "01.11.2020 10:15",
            "open": "3.6965",
            "high": "3.6965",
            "low": "3.6927",
            "close": "3.6901"
        },
        {
            "time": "01.11.2020 10:18",
            "open": "3.6901",
            "high": "3.6901",
            "low": "3.6901",
            "close": "3.6861"
        },
        {
            "time": "01.11.2020 10:21",
            "open": "3.6861",
            "high": "3.6861",
            "low": "3.6861",
            "close": "3.6936"
        },
        {
            "time": "01.11.2020 10:22",
            "open": "3.6936",
            "high": "3.6936",
            "low": "3.6936",
            "close": "3.688"
        },
        {
            "time": "01.11.2020 10:26",
            "open": "3.688",
            "high": "3.6883",
            "low": "3.688",
            "close": "3.6812"
        },
        {
            "time": "01.11.2020 10:27",
            "open": "3.6812",
            "high": "3.6812",
            "low": "3.667",
            "close": "3.6655"
        },
        {
            "time": "01.11.2020 10:28",
            "open": "3.6655",
            "high": "3.6658",
            "low": "3.6655",
            "close": "3.668"
        },
        {
            "time": "01.11.2020 10:29",
            "open": "3.668",
            "high": "3.6683",
            "low": "3.668",
            "close": "3.6712"
        },
        {
            "time": "01.11.2020 10:30",
            "open": "3.6712",
            "high": "3.6734",
            "low": "3.6712",
            "close": "3.6761"
        },
        {
            "time": "01.11.2020 10:31",
            "open": "3.6761",
            "high": "3.6781",
            "low": "3.6761",
            "close": "3.6651"
        },
        {
            "time": "01.11.2020 10:34",
            "open": "3.6651",
            "high": "3.6707",
            "low": "3.6651",
            "close": "3.6721"
        },
        {
            "time": "01.11.2020 10:35",
            "open": "3.6721",
            "high": "3.6763",
            "low": "3.6721",
            "close": "3.6746"
        },
        {
            "time": "01.11.2020 10:37",
            "open": "3.6746",
            "high": "3.6756",
            "low": "3.6724",
            "close": "3.6662"
        },
        {
            "time": "01.11.2020 10:44",
            "open": "3.6662",
            "high": "3.6662",
            "low": "3.6615",
            "close": "3.6602"
        },
        {
            "time": "01.11.2020 10:46",
            "open": "3.6602",
            "high": "3.6658",
            "low": "3.6602",
            "close": "3.6686"
        },
        {
            "time": "01.11.2020 10:47",
            "open": "3.6686",
            "high": "3.6686",
            "low": "3.6686",
            "close": "3.6624"
        },
        {
            "time": "01.11.2020 10:48",
            "open": "3.6624",
            "high": "3.6624",
            "low": "3.6624",
            "close": "3.6631"
        },
        {
            "time": "01.11.2020 10:52",
            "open": "3.6631",
            "high": "3.6631",
            "low": "3.6631",
            "close": "3.6652"
        },
        {
            "time": "01.11.2020 10:54",
            "open": "3.6652",
            "high": "3.6652",
            "low": "3.6652",
            "close": "3.6621"
        },
        {
            "time": "01.11.2020 11:00",
            "open": "3.6621",
            "high": "3.6628",
            "low": "3.6621",
            "close": "3.66"
        },
        {
            "time": "01.11.2020 11:01",
            "open": "3.66",
            "high": "3.66",
            "low": "3.6503",
            "close": "3.6728"
        },
        {
            "time": "01.11.2020 11:09",
            "open": "3.6739",
            "high": "3.6739",
            "low": "3.6739",
            "close": "3.6558"
        },
        {
            "time": "01.11.2020 11:30",
            "open": "3.6558",
            "high": "3.6558",
            "low": "3.6558",
            "close": "3.6526"
        },
        {
            "time": "01.11.2020 11:32",
            "open": "3.6526",
            "high": "3.6526",
            "low": "3.6526",
            "close": "3.6854"
        },
        {
            "time": "01.11.2020 12:03",
            "open": "3.6854",
            "high": "3.6854",
            "low": "3.6854",
            "close": "3.6853"
        },
        {
            "time": "01.11.2020 12:04",
            "open": "3.6853",
            "high": "3.6853",
            "low": "3.6852",
            "close": "3.6832"
        },
        {
            "time": "01.11.2020 12:05",
            "open": "3.6832",
            "high": "3.6833",
            "low": "3.6832",
            "close": "3.69"
        },
        {
            "time": "01.11.2020 12:15",
            "open": "3.69",
            "high": "3.69",
            "low": "3.69",
            "close": "3.6898"
        },
        {
            "time": "01.11.2020 12:20",
            "open": "3.6898",
            "high": "3.6898",
            "low": "3.6898",
            "close": "3.7131"
        },
        {
            "time": "01.11.2020 12:24",
            "open": "3.7131",
            "high": "3.7131",
            "low": "3.7131",
            "close": "3.6987"
        },
        {
            "time": "01.11.2020 12:25",
            "open": "3.6987",
            "high": "3.6987",
            "low": "3.6986",
            "close": "3.6821"
        },
        {
            "time": "01.11.2020 12:32",
            "open": "3.6821",
            "high": "3.6821",
            "low": "3.6821",
            "close": "3.6783"
        },
        {
            "time": "01.11.2020 12:38",
            "open": "3.6783",
            "high": "3.6783",
            "low": "3.6782",
            "close": "3.6595"
        },
        {
            "time": "01.11.2020 12:45",
            "open": "3.6595",
            "high": "3.6595",
            "low": "3.6595",
            "close": "3.6642"
        },
        {
            "time": "01.11.2020 12:46",
            "open": "3.6642",
            "high": "3.6694",
            "low": "3.6642",
            "close": "3.6687"
        },
        {
            "time": "01.11.2020 12:47",
            "open": "3.6687",
            "high": "3.6708",
            "low": "3.6687",
            "close": "3.676"
        },
        {
            "time": "01.11.2020 13:01",
            "open": "3.676",
            "high": "3.676",
            "low": "3.6742",
            "close": "3.6749"
        },
        {
            "time": "01.11.2020 13:06",
            "open": "3.6749",
            "high": "3.6774",
            "low": "3.6749",
            "close": "3.6756"
        },
        {
            "time": "01.11.2020 13:07",
            "open": "3.6756",
            "high": "3.6766",
            "low": "3.6734",
            "close": "3.6725"
        },
        {
            "time": "01.11.2020 13:08",
            "open": "3.6725",
            "high": "3.6725",
            "low": "3.6696",
            "close": "3.6659"
        },
        {
            "time": "01.11.2020 13:11",
            "open": "3.6659",
            "high": "3.6659",
            "low": "3.6659",
            "close": "3.6652"
        },
        {
            "time": "01.11.2020 13:13",
            "open": "3.6652",
            "high": "3.6652",
            "low": "3.6652",
            "close": "3.6632"
        },
        {
            "time": "01.11.2020 13:14",
            "open": "3.6632",
            "high": "3.6632",
            "low": "3.6632",
            "close": "3.6706"
        },
        {
            "time": "01.11.2020 13:21",
            "open": "3.6706",
            "high": "3.6706",
            "low": "3.6706",
            "close": "3.6718"
        },
        {
            "time": "01.11.2020 13:24",
            "open": "3.6718",
            "high": "3.6718",
            "low": "3.6718",
            "close": "3.6723"
        },
        {
            "time": "01.11.2020 13:25",
            "open": "3.6723",
            "high": "3.679",
            "low": "3.6722",
            "close": "3.6807"
        },
        {
            "time": "01.11.2020 13:26",
            "open": "3.6807",
            "high": "3.6849",
            "low": "3.6801",
            "close": "3.688"
        },
        {
            "time": "01.11.2020 13:27",
            "open": "3.688",
            "high": "3.6883",
            "low": "3.688",
            "close": "3.6915"
        },
        {
            "time": "01.11.2020 13:29",
            "open": "3.6915",
            "high": "3.6915",
            "low": "3.6915",
            "close": "3.69"
        },
        {
            "time": "01.11.2020 13:31",
            "open": "3.69",
            "high": "3.69",
            "low": "3.69",
            "close": "3.6901"
        },
        {
            "time": "01.11.2020 13:34",
            "open": "3.6901",
            "high": "3.6901",
            "low": "3.6901",
            "close": "3.6801"
        },
        {
            "time": "01.11.2020 13:42",
            "open": "3.6801",
            "high": "3.6801",
            "low": "3.6801",
            "close": "3.6829"
        },
        {
            "time": "01.11.2020 13:48",
            "open": "3.6829",
            "high": "3.6829",
            "low": "3.6829",
            "close": "3.681"
        },
        {
            "time": "01.11.2020 13:51",
            "open": "3.681",
            "high": "3.681",
            "low": "3.681",
            "close": "3.6932"
        },
        {
            "time": "01.11.2020 13:52",
            "open": "3.6932",
            "high": "3.6932",
            "low": "3.6932",
            "close": "3.7"
        },
        {
            "time": "01.11.2020 13:56",
            "open": "3.7",
            "high": "3.7",
            "low": "3.7",
            "close": "3.7006"
        },
        {
            "time": "01.11.2020 13:59",
            "open": "3.7006",
            "high": "3.7006",
            "low": "3.7006",
            "close": "3.7041"
        },
        {
            "time": "01.11.2020 14:06",
            "open": "3.7041",
            "high": "3.707",
            "low": "3.7041",
            "close": "3.6864"
        },
        {
            "time": "01.11.2020 14:14",
            "open": "3.6864",
            "high": "3.6864",
            "low": "3.6864",
            "close": "3.686"
        },
        {
            "time": "01.11.2020 14:24",
            "open": "3.686",
            "high": "3.6861",
            "low": "3.6729",
            "close": "3.6834"
        },
        {
            "time": "01.11.2020 14:53",
            "open": "3.6834",
            "high": "3.6834",
            "low": "3.6834",
            "close": "3.6717"
        },
        {
            "time": "01.11.2020 15:03",
            "open": "3.6717",
            "high": "3.6717",
            "low": "3.6717",
            "close": "3.6712"
        },
        {
            "time": "01.11.2020 15:04",
            "open": "3.6712",
            "high": "3.6736",
            "low": "3.6598",
            "close": "3.66"
        },
        {
            "time": "01.11.2020 15:05",
            "open": "3.66",
            "high": "3.6703",
            "low": "3.66",
            "close": "3.6665"
        },
        {
            "time": "01.11.2020 15:06",
            "open": "3.6665",
            "high": "3.669",
            "low": "3.6414",
            "close": "3.6486"
        },
        {
            "time": "01.11.2020 15:07",
            "open": "3.6486",
            "high": "3.6489",
            "low": "3.6471",
            "close": "3.647"
        },
        {
            "time": "01.11.2020 15:08",
            "open": "3.647",
            "high": "3.647",
            "low": "3.647",
            "close": "3.6508"
        },
        {
            "time": "01.11.2020 15:10",
            "open": "3.6508",
            "high": "3.6508",
            "low": "3.6508",
            "close": "3.6444"
        },
        {
            "time": "01.11.2020 15:11",
            "open": "3.6444",
            "high": "3.6556",
            "low": "3.6444",
            "close": "3.6537"
        },
        {
            "time": "01.11.2020 15:19",
            "open": "3.6537",
            "high": "3.6537",
            "low": "3.6537",
            "close": "3.6533"
        },
        {
            "time": "01.11.2020 15:21",
            "open": "3.6533",
            "high": "3.6533",
            "low": "3.6409",
            "close": "3.6443"
        },
        {
            "time": "01.11.2020 15:27",
            "open": "3.6546",
            "high": "3.6546",
            "low": "3.6546",
            "close": "3.6528"
        },
        {
            "time": "01.11.2020 15:31",
            "open": "3.6528",
            "high": "3.6528",
            "low": "3.6528",
            "close": "3.6449"
        },
        {
            "time": "01.11.2020 15:36",
            "open": "3.6449",
            "high": "3.6449",
            "low": "3.6449",
            "close": "3.6551"
        },
        {
            "time": "01.11.2020 15:54",
            "open": "3.6551",
            "high": "3.6552",
            "low": "3.6551",
            "close": "3.6573"
        },
        {
            "time": "01.11.2020 15:56",
            "open": "3.6573",
            "high": "3.6617",
            "low": "3.6573",
            "close": "3.6803"
        },
        {
            "time": "01.11.2020 16:10",
            "open": "3.6803",
            "high": "3.6803",
            "low": "3.6792",
            "close": "3.6717"
        },
        {
            "time": "01.11.2020 16:16",
            "open": "3.6717",
            "high": "3.6717",
            "low": "3.6608",
            "close": "3.6778"
        },
        {
            "time": "01.11.2020 16:27",
            "open": "3.6778",
            "high": "3.6778",
            "low": "3.6778",
            "close": "3.6785"
        },
        {
            "time": "01.11.2020 16:30",
            "open": "3.6785",
            "high": "3.6785",
            "low": "3.6785",
            "close": "3.6786"
        },
        {
            "time": "01.11.2020 16:34",
            "open": "3.6786",
            "high": "3.6786",
            "low": "3.6786",
            "close": "3.6786"
        },
        {
            "time": "01.11.2020 16:36",
            "open": "3.6786",
            "high": "3.6786",
            "low": "3.6706",
            "close": "3.6789"
        },
        {
            "time": "01.11.2020 16:41",
            "open": "3.6789",
            "high": "3.6789",
            "low": "3.6789",
            "close": "3.6757"
        },
        {
            "time": "01.11.2020 16:51",
            "open": "3.6757",
            "high": "3.6757",
            "low": "3.6757",
            "close": "3.6721"
        },
        {
            "time": "01.11.2020 16:56",
            "open": "3.6721",
            "high": "3.6721",
            "low": "3.6721",
            "close": "3.671"
        },
        {
            "time": "01.11.2020 17:03",
            "open": "3.671",
            "high": "3.6799",
            "low": "3.671",
            "close": "3.674"
        },
        {
            "time": "01.11.2020 17:04",
            "open": "3.674",
            "high": "3.6748",
            "low": "3.674",
            "close": "3.68"
        },
        {
            "time": "01.11.2020 17:18",
            "open": "3.68",
            "high": "3.68",
            "low": "3.68",
            "close": "3.68"
        },
        {
            "time": "01.11.2020 17:19",
            "open": "3.68",
            "high": "3.68",
            "low": "3.68",
            "close": "3.6847"
        },
        {
            "time": "01.11.2020 17:20",
            "open": "3.6847",
            "high": "3.6847",
            "low": "3.6847",
            "close": "3.6899"
        },
        {
            "time": "01.11.2020 17:21",
            "open": "3.6899",
            "high": "3.6899",
            "low": "3.6899",
            "close": "3.69"
        },
        {
            "time": "01.11.2020 17:23",
            "open": "3.69",
            "high": "3.69",
            "low": "3.69",
            "close": "3.6878"
        },
        {
            "time": "01.11.2020 17:27",
            "open": "3.6878",
            "high": "3.69",
            "low": "3.6878",
            "close": "3.6974"
        },
        {
            "time": "01.11.2020 17:29",
            "open": "3.6974",
            "high": "3.6974",
            "low": "3.6974",
            "close": "3.7"
        },
        {
            "time": "01.11.2020 17:30",
            "open": "3.7",
            "high": "3.7027",
            "low": "3.7",
            "close": "3.71"
        },
        {
            "time": "01.11.2020 17:37",
            "open": "3.71",
            "high": "3.71",
            "low": "3.7092",
            "close": "3.7096"
        },
        {
            "time": "01.11.2020 17:40",
            "open": "3.7096",
            "high": "3.7096",
            "low": "3.7096",
            "close": "3.7099"
        },
        {
            "time": "01.11.2020 17:48",
            "open": "3.7099",
            "high": "3.7099",
            "low": "3.7099",
            "close": "3.71"
        },
        {
            "time": "01.11.2020 17:51",
            "open": "3.71",
            "high": "3.7122",
            "low": "3.71",
            "close": "3.7178"
        },
        {
            "time": "01.11.2020 17:54",
            "open": "3.7178",
            "high": "3.7471",
            "low": "3.7178",
            "close": "3.7192"
        },
        {
            "time": "01.11.2020 17:55",
            "open": "3.7192",
            "high": "3.7205",
            "low": "3.7192",
            "close": "3.72"
        },
        {
            "time": "01.11.2020 17:56",
            "open": "3.72",
            "high": "3.7209",
            "low": "3.72",
            "close": "3.7209"
        },
        {
            "time": "01.11.2020 18:09",
            "open": "3.7209",
            "high": "3.721",
            "low": "3.7209",
            "close": "3.7224"
        },
        {
            "time": "01.11.2020 18:13",
            "open": "3.7224",
            "high": "3.7225",
            "low": "3.7224",
            "close": "3.7167"
        },
        {
            "time": "01.11.2020 18:16",
            "open": "3.7167",
            "high": "3.7167",
            "low": "3.7167",
            "close": "3.7249"
        },
        {
            "time": "01.11.2020 18:20",
            "open": "3.7249",
            "high": "3.7249",
            "low": "3.7249",
            "close": "3.7247"
        },
        {
            "time": "01.11.2020 18:25",
            "open": "3.7247",
            "high": "3.7278",
            "low": "3.7239",
            "close": "3.7338"
        },
        {
            "time": "01.11.2020 18:30",
            "open": "3.7338",
            "high": "3.7338",
            "low": "3.7338",
            "close": "3.7472"
        },
        {
            "time": "01.11.2020 18:37",
            "open": "3.7472",
            "high": "3.75",
            "low": "3.7472",
            "close": "3.7597"
        },
        {
            "time": "01.11.2020 18:39",
            "open": "3.7597",
            "high": "3.7597",
            "low": "3.7596",
            "close": "3.7533"
        },
        {
            "time": "01.11.2020 18:42",
            "open": "3.7533",
            "high": "3.7533",
            "low": "3.7498",
            "close": "3.75"
        },
        {
            "time": "01.11.2020 18:44",
            "open": "3.75",
            "high": "3.75",
            "low": "3.75",
            "close": "3.75"
        },
        {
            "time": "01.11.2020 18:45",
            "open": "3.75",
            "high": "3.76",
            "low": "3.75",
            "close": "3.7621"
        },
        {
            "time": "01.11.2020 18:46",
            "open": "3.7621",
            "high": "3.7621",
            "low": "3.7621",
            "close": "3.7612"
        },
        {
            "time": "01.11.2020 18:47",
            "open": "3.7612",
            "high": "3.7612",
            "low": "3.7612",
            "close": "3.7687"
        },
        {
            "time": "01.11.2020 18:54",
            "open": "3.7687",
            "high": "3.7687",
            "low": "3.7687",
            "close": "3.77"
        },
        {
            "time": "01.11.2020 18:55",
            "open": "3.77",
            "high": "3.77",
            "low": "3.77",
            "close": "3.7691"
        },
        {
            "time": "01.11.2020 18:56",
            "open": "3.7691",
            "high": "3.77",
            "low": "3.7678",
            "close": "3.77"
        },
        {
            "time": "01.11.2020 18:57",
            "open": "3.77",
            "high": "3.77",
            "low": "3.77",
            "close": "3.7661"
        },
        {
            "time": "01.11.2020 18:59",
            "open": "3.7661",
            "high": "3.7661",
            "low": "3.7661",
            "close": "3.77"
        },
        {
            "time": "01.11.2020 19:00",
            "open": "3.77",
            "high": "3.77",
            "low": "3.7699",
            "close": "3.7678"
        },
        {
            "time": "01.11.2020 19:01",
            "open": "3.7678",
            "high": "3.7678",
            "low": "3.7678",
            "close": "3.77"
        },
        {
            "time": "01.11.2020 19:03",
            "open": "3.77",
            "high": "3.77",
            "low": "3.7699",
            "close": "3.77"
        },
        {
            "time": "01.11.2020 19:04",
            "open": "3.77",
            "high": "3.77",
            "low": "3.7698",
            "close": "3.7699"
        },
        {
            "time": "01.11.2020 19:05",
            "open": "3.7699",
            "high": "3.7699",
            "low": "3.768",
            "close": "3.768"
        },
        {
            "time": "01.11.2020 19:07",
            "open": "3.768",
            "high": "3.768",
            "low": "3.7676",
            "close": "3.7672"
        },
        {
            "time": "01.11.2020 19:12",
            "open": "3.7672",
            "high": "3.7672",
            "low": "3.7672",
            "close": "3.7649"
        },
        {
            "time": "01.11.2020 19:14",
            "open": "3.7649",
            "high": "3.7649",
            "low": "3.7584",
            "close": "3.7598"
        },
        {
            "time": "01.11.2020 19:16",
            "open": "3.7598",
            "high": "3.7598",
            "low": "3.7579",
            "close": "3.7578"
        },
        {
            "time": "01.11.2020 19:17",
            "open": "3.7578",
            "high": "3.7579",
            "low": "3.7556",
            "close": "3.7541"
        },
        {
            "time": "01.11.2020 19:18",
            "open": "3.7541",
            "high": "3.7541",
            "low": "3.7427",
            "close": "3.7474"
        },
        {
            "time": "01.11.2020 19:19",
            "open": "3.7474",
            "high": "3.7479",
            "low": "3.74",
            "close": "3.7399"
        },
        {
            "time": "01.11.2020 19:20",
            "open": "3.7399",
            "high": "3.7399",
            "low": "3.7397",
            "close": "3.7398"
        },
        {
            "time": "01.11.2020 19:21",
            "open": "3.7398",
            "high": "3.74",
            "low": "3.7376",
            "close": "3.7398"
        },
        {
            "time": "01.11.2020 19:22",
            "open": "3.7398",
            "high": "3.74",
            "low": "3.7398",
            "close": "3.74"
        },
        {
            "time": "01.11.2020 19:23",
            "open": "3.74",
            "high": "3.74",
            "low": "3.7397",
            "close": "3.74"
        },
        {
            "time": "01.11.2020 19:24",
            "open": "3.74",
            "high": "3.74",
            "low": "3.74",
            "close": "3.74"
        },
        {
            "time": "01.11.2020 19:26",
            "open": "3.74",
            "high": "3.74",
            "low": "3.74",
            "close": "3.74"
        },
        {
            "time": "01.11.2020 19:28",
            "open": "3.74",
            "high": "3.7499",
            "low": "3.74",
            "close": "3.7486"
        },
        {
            "time": "01.11.2020 19:29",
            "open": "3.7486",
            "high": "3.7499",
            "low": "3.7474",
            "close": "3.7489"
        },
        {
            "time": "01.11.2020 19:30",
            "open": "3.7489",
            "high": "3.7509",
            "low": "3.7453",
            "close": "3.7384"
        },
        {
            "time": "01.11.2020 19:35",
            "open": "3.7384",
            "high": "3.7384",
            "low": "3.7384",
            "close": "3.7322"
        },
        {
            "time": "01.11.2020 19:36",
            "open": "3.7322",
            "high": "3.7322",
            "low": "3.7317",
            "close": "3.7295"
        },
        {
            "time": "01.11.2020 19:37",
            "open": "3.7295",
            "high": "3.7295",
            "low": "3.7295",
            "close": "3.7333"
        },
        {
            "time": "01.11.2020 19:38",
            "open": "3.7333",
            "high": "3.7333",
            "low": "3.7333",
            "close": "3.7331"
        },
        {
            "time": "01.11.2020 19:41",
            "open": "3.7331",
            "high": "3.7331",
            "low": "3.7271",
            "close": "3.7352"
        },
        {
            "time": "01.11.2020 19:44",
            "open": "3.7352",
            "high": "3.7352",
            "low": "3.7352",
            "close": "3.7349"
        },
        {
            "time": "01.11.2020 19:45",
            "open": "3.7349",
            "high": "3.7349",
            "low": "3.7326",
            "close": "3.7392"
        },
        {
            "time": "01.11.2020 19:57",
            "open": "3.7392",
            "high": "3.7392",
            "low": "3.7363",
            "close": "3.7397"
        },
        {
            "time": "01.11.2020 19:59",
            "open": "3.7397",
            "high": "3.7398",
            "low": "3.7293",
            "close": "3.738"
        },
        {
            "time": "01.11.2020 20:06",
            "open": "3.738",
            "high": "3.738",
            "low": "3.738",
            "close": "3.7368"
        },
        {
            "time": "01.11.2020 20:10",
            "open": "3.7368",
            "high": "3.738",
            "low": "3.7345",
            "close": "3.7444"
        },
        {
            "time": "01.11.2020 20:16",
            "open": "3.7444",
            "high": "3.7444",
            "low": "3.7444",
            "close": "3.7472"
        },
        {
            "time": "01.11.2020 20:39",
            "open": "3.7472",
            "high": "3.7472",
            "low": "3.7466",
            "close": "3.7487"
        },
        {
            "time": "01.11.2020 20:40",
            "open": "3.7487",
            "high": "3.7488",
            "low": "3.7476",
            "close": "3.75"
        },
        {
            "time": "01.11.2020 20:41",
            "open": "3.75",
            "high": "3.7521",
            "low": "3.7495",
            "close": "3.7495"
        },
        {
            "time": "01.11.2020 20:42",
            "open": "3.7495",
            "high": "3.7529",
            "low": "3.7495",
            "close": "3.753"
        },
        {
            "time": "01.11.2020 20:43",
            "open": "3.753",
            "high": "3.755",
            "low": "3.753",
            "close": "3.7454"
        },
        {
            "time": "01.11.2020 20:48",
            "open": "3.7454",
            "high": "3.7454",
            "low": "3.7454",
            "close": "3.7519"
        },
        {
            "time": "01.11.2020 20:51",
            "open": "3.7519",
            "high": "3.7519",
            "low": "3.7519",
            "close": "3.7599"
        },
        {
            "time": "01.11.2020 20:59",
            "open": "3.7599",
            "high": "3.77",
            "low": "3.7599",
            "close": "3.7699"
        },
        {
            "time": "01.11.2020 21:00",
            "open": "3.7699",
            "high": "3.78",
            "low": "3.7698",
            "close": "3.7783"
        },
        {
            "time": "01.11.2020 21:01",
            "open": "3.7783",
            "high": "3.7828",
            "low": "3.776",
            "close": "3.7848"
        },
        {
            "time": "01.11.2020 21:02",
            "open": "3.7848",
            "high": "3.7848",
            "low": "3.7781",
            "close": "3.7737"
        },
        {
            "time": "01.11.2020 21:03",
            "open": "3.7737",
            "high": "3.7737",
            "low": "3.7737",
            "close": "3.7674"
        },
        {
            "time": "01.11.2020 21:04",
            "open": "3.7674",
            "high": "3.7732",
            "low": "3.7673",
            "close": "3.7828"
        },
        {
            "time": "01.11.2020 21:07",
            "open": "3.7828",
            "high": "3.7828",
            "low": "3.7828",
            "close": "3.7794"
        },
        {
            "time": "01.11.2020 21:08",
            "open": "3.7794",
            "high": "3.7794",
            "low": "3.7794",
            "close": "3.782"
        },
        {
            "time": "01.11.2020 21:12",
            "open": "3.782",
            "high": "3.7823",
            "low": "3.782",
            "close": "3.7824"
        },
        {
            "time": "01.11.2020 21:13",
            "open": "3.7824",
            "high": "3.7824",
            "low": "3.7824",
            "close": "3.7793"
        },
        {
            "time": "01.11.2020 21:14",
            "open": "3.7793",
            "high": "3.7796",
            "low": "3.7734",
            "close": "3.7757"
        },
        {
            "time": "01.11.2020 21:15",
            "open": "3.7757",
            "high": "3.7757",
            "low": "3.7748",
            "close": "3.7754"
        },
        {
            "time": "01.11.2020 21:16",
            "open": "3.7754",
            "high": "3.7754",
            "low": "3.7737",
            "close": "3.7742"
        },
        {
            "time": "01.11.2020 21:17",
            "open": "3.7742",
            "high": "3.7742",
            "low": "3.7739",
            "close": "3.7766"
        },
        {
            "time": "01.11.2020 21:19",
            "open": "3.7766",
            "high": "3.7789",
            "low": "3.7766",
            "close": "3.7801"
        },
        {
            "time": "01.11.2020 21:20",
            "open": "3.7801",
            "high": "3.7801",
            "low": "3.7785",
            "close": "3.7802"
        },
        {
            "time": "01.11.2020 21:25",
            "open": "3.7802",
            "high": "3.7813",
            "low": "3.7802",
            "close": "3.7823"
        },
        {
            "time": "01.11.2020 21:26",
            "open": "3.7823",
            "high": "3.7823",
            "low": "3.7823",
            "close": "3.7803"
        },
        {
            "time": "01.11.2020 21:27",
            "open": "3.7803",
            "high": "3.7826",
            "low": "3.7803",
            "close": "3.7828"
        },
        {
            "time": "01.11.2020 21:28",
            "open": "3.7828",
            "high": "3.8",
            "low": "3.7828",
            "close": "3.7893"
        },
        {
            "time": "01.11.2020 21:29",
            "open": "3.7893",
            "high": "3.7894",
            "low": "3.7893",
            "close": "3.7913"
        },
        {
            "time": "01.11.2020 21:30",
            "open": "3.7913",
            "high": "3.8009",
            "low": "3.7913",
            "close": "3.8077"
        },
        {
            "time": "01.11.2020 21:31",
            "open": "3.8077",
            "high": "3.81",
            "low": "3.8074",
            "close": "3.8044"
        },
        {
            "time": "01.11.2020 21:33",
            "open": "3.8044",
            "high": "3.8044",
            "low": "3.8044",
            "close": "3.8144"
        },
        {
            "time": "01.11.2020 21:35",
            "open": "3.8144",
            "high": "3.8145",
            "low": "3.8144",
            "close": "3.8142"
        },
        {
            "time": "01.11.2020 21:36",
            "open": "3.8142",
            "high": "3.8142",
            "low": "3.8142",
            "close": "3.815"
        },
        {
            "time": "01.11.2020 21:38",
            "open": "3.815",
            "high": "3.8153",
            "low": "3.815",
            "close": "3.8154"
        },
        {
            "time": "01.11.2020 21:39",
            "open": "3.8154",
            "high": "3.8199",
            "low": "3.8154",
            "close": "3.8129"
        },
        {
            "time": "01.11.2020 21:40",
            "open": "3.8129",
            "high": "3.8199",
            "low": "3.8129",
            "close": "3.82"
        },
        {
            "time": "01.11.2020 21:41",
            "open": "3.82",
            "high": "3.8284",
            "low": "3.82",
            "close": "3.8188"
        },
        {
            "time": "01.11.2020 21:42",
            "open": "3.8188",
            "high": "3.8263",
            "low": "3.816",
            "close": "3.8294"
        },
        {
            "time": "01.11.2020 21:43",
            "open": "3.8294",
            "high": "3.83",
            "low": "3.8294",
            "close": "3.83"
        },
        {
            "time": "01.11.2020 21:44",
            "open": "3.83",
            "high": "3.86",
            "low": "3.83",
            "close": "3.838"
        },
        {
            "time": "01.11.2020 21:45",
            "open": "3.838",
            "high": "3.8453",
            "low": "3.8256",
            "close": "3.8307"
        },
        {
            "time": "01.11.2020 21:46",
            "open": "3.8307",
            "high": "3.8377",
            "low": "3.8267",
            "close": "3.8204"
        },
        {
            "time": "01.11.2020 21:48",
            "open": "3.8204",
            "high": "3.8204",
            "low": "3.8204",
            "close": "3.8275"
        },
        {
            "time": "01.11.2020 21:51",
            "open": "3.8275",
            "high": "3.8275",
            "low": "3.8275",
            "close": "3.8204"
        },
        {
            "time": "01.11.2020 21:52",
            "open": "3.8204",
            "high": "3.8204",
            "low": "3.8204",
            "close": "3.8204"
        },
        {
            "time": "01.11.2020 21:55",
            "open": "3.8204",
            "high": "3.83",
            "low": "3.8203",
            "close": "3.83"
        },
        {
            "time": "01.11.2020 21:56",
            "open": "3.83",
            "high": "3.8367",
            "low": "3.83",
            "close": "3.84"
        },
        {
            "time": "01.11.2020 21:57",
            "open": "3.84",
            "high": "3.8414",
            "low": "3.84",
            "close": "3.8375"
        },
        {
            "time": "01.11.2020 22:00",
            "open": "3.8375",
            "high": "3.8375",
            "low": "3.8375",
            "close": "3.85"
        },
        {
            "time": "01.11.2020 22:01",
            "open": "3.85",
            "high": "3.85",
            "low": "3.85",
            "close": "3.8528"
        },
        {
            "time": "01.11.2020 22:02",
            "open": "3.8528",
            "high": "3.8528",
            "low": "3.8528",
            "close": "3.856"
        },
        {
            "time": "01.11.2020 22:03",
            "open": "3.856",
            "high": "3.856",
            "low": "3.8536",
            "close": "3.8538"
        },
        {
            "time": "01.11.2020 22:05",
            "open": "3.8538",
            "high": "3.8538",
            "low": "3.8487",
            "close": "3.8505"
        },
        {
            "time": "01.11.2020 22:06",
            "open": "3.8505",
            "high": "3.8505",
            "low": "3.8504",
            "close": "3.8532"
        },
        {
            "time": "01.11.2020 22:07",
            "open": "3.8532",
            "high": "3.8532",
            "low": "3.8499",
            "close": "3.8532"
        },
        {
            "time": "01.11.2020 22:08",
            "open": "3.8532",
            "high": "3.8587",
            "low": "3.8499",
            "close": "3.8528"
        },
        {
            "time": "01.11.2020 22:09",
            "open": "3.8528",
            "high": "3.8569",
            "low": "3.8493",
            "close": "3.8571"
        },
        {
            "time": "01.11.2020 22:10",
            "open": "3.8571",
            "high": "3.8582",
            "low": "3.8565",
            "close": "3.8561"
        },
        {
            "time": "01.11.2020 22:11",
            "open": "3.8561",
            "high": "3.8579",
            "low": "3.8559",
            "close": "3.857"
        },
        {
            "time": "01.11.2020 22:12",
            "open": "3.857",
            "high": "3.857",
            "low": "3.857",
            "close": "3.8586"
        },
        {
            "time": "01.11.2020 22:14",
            "open": "3.8586",
            "high": "3.8599",
            "low": "3.8586",
            "close": "3.86"
        },
        {
            "time": "01.11.2020 22:15",
            "open": "3.86",
            "high": "3.86",
            "low": "3.86",
            "close": "3.87"
        },
        {
            "time": "01.11.2020 22:16",
            "open": "3.87",
            "high": "3.8784",
            "low": "3.87",
            "close": "3.8799"
        },
        {
            "time": "01.11.2020 22:17",
            "open": "3.8799",
            "high": "3.885",
            "low": "3.8798",
            "close": "3.8823"
        },
        {
            "time": "01.11.2020 22:18",
            "open": "3.8823",
            "high": "3.8877",
            "low": "3.8806",
            "close": "3.8857"
        },
        {
            "time": "01.11.2020 22:19",
            "open": "3.8857",
            "high": "3.8993",
            "low": "3.8806",
            "close": "3.8905"
        },
        {
            "time": "01.11.2020 22:20",
            "open": "3.8905",
            "high": "3.8905",
            "low": "3.88",
            "close": "3.87"
        },
        {
            "time": "01.11.2020 22:21",
            "open": "3.87",
            "high": "3.87",
            "low": "3.8577",
            "close": "3.8672"
        },
        {
            "time": "01.11.2020 22:22",
            "open": "3.8672",
            "high": "3.8672",
            "low": "3.8672",
            "close": "3.8672"
        },
        {
            "time": "01.11.2020 22:23",
            "open": "3.8672",
            "high": "3.89",
            "low": "3.8672",
            "close": "3.8975"
        },
        {
            "time": "01.11.2020 22:24",
            "open": "3.8975",
            "high": "3.905",
            "low": "3.8975",
            "close": "3.905"
        },
        {
            "time": "01.11.2020 22:25",
            "open": "3.905",
            "high": "3.9099",
            "low": "3.8998",
            "close": "3.8964"
        },
        {
            "time": "01.11.2020 22:27",
            "open": "3.8964",
            "high": "3.8964",
            "low": "3.8873",
            "close": "3.886"
        },
        {
            "time": "01.11.2020 22:28",
            "open": "3.886",
            "high": "3.886",
            "low": "3.88",
            "close": "3.8837"
        },
        {
            "time": "01.11.2020 22:29",
            "open": "3.8837",
            "high": "3.8847",
            "low": "3.875",
            "close": "3.87"
        },
        {
            "time": "01.11.2020 22:31",
            "open": "3.87",
            "high": "3.87",
            "low": "3.87",
            "close": "3.8721"
        },
        {
            "time": "01.11.2020 22:35",
            "open": "3.8721",
            "high": "3.8721",
            "low": "3.8721",
            "close": "3.865"
        },
        {
            "time": "01.11.2020 22:36",
            "open": "3.865",
            "high": "3.865",
            "low": "3.8544",
            "close": "3.865"
        },
        {
            "time": "01.11.2020 22:37",
            "open": "3.865",
            "high": "3.865",
            "low": "3.865",
            "close": "3.87"
        },
        {
            "time": "01.11.2020 22:40",
            "open": "3.87",
            "high": "3.87",
            "low": "3.87",
            "close": "3.8745"
        },
        {
            "time": "01.11.2020 22:41",
            "open": "3.8745",
            "high": "3.8932",
            "low": "3.8745",
            "close": "3.885"
        },
        {
            "time": "01.11.2020 22:43",
            "open": "3.885",
            "high": "3.885",
            "low": "3.8687",
            "close": "3.8741"
        },
        {
            "time": "01.11.2020 22:44",
            "open": "3.8741",
            "high": "3.8757",
            "low": "3.8741",
            "close": "3.8615"
        },
        {
            "time": "01.11.2020 22:45",
            "open": "3.8615",
            "high": "3.8615",
            "low": "3.8615",
            "close": "3.8595"
        },
        {
            "time": "01.11.2020 22:46",
            "open": "3.8595",
            "high": "3.8595",
            "low": "3.8595",
            "close": "3.8656"
        },
        {
            "time": "01.11.2020 22:47",
            "open": "3.8656",
            "high": "3.8656",
            "low": "3.8656",
            "close": "3.8535"
        },
        {
            "time": "01.11.2020 22:48",
            "open": "3.8535",
            "high": "3.8535",
            "low": "3.8535",
            "close": "3.8631"
        },
        {
            "time": "01.11.2020 22:49",
            "open": "3.8631",
            "high": "3.8631",
            "low": "3.8631",
            "close": "3.8572"
        },
        {
            "time": "01.11.2020 22:51",
            "open": "3.8572",
            "high": "3.8572",
            "low": "3.8572",
            "close": "3.8629"
        },
        {
            "time": "01.11.2020 22:52",
            "open": "3.8629",
            "high": "3.8629",
            "low": "3.8629",
            "close": "3.8629"
        },
        {
            "time": "01.11.2020 23:00",
            "open": "3.8629",
            "high": "3.8629",
            "low": "3.8629",
            "close": "3.8637"
        },
        {
            "time": "01.11.2020 23:01",
            "open": "3.8637",
            "high": "3.8637",
            "low": "3.8576",
            "close": "3.8506"
        },
        {
            "time": "01.11.2020 23:02",
            "open": "3.8506",
            "high": "3.8506",
            "low": "3.85",
            "close": "3.8622"
        },
        {
            "time": "01.11.2020 23:03",
            "open": "3.8622",
            "high": "3.8622",
            "low": "3.8622",
            "close": "3.8612"
        },
        {
            "time": "01.11.2020 23:21",
            "open": "3.8612",
            "high": "3.8626",
            "low": "3.8612",
            "close": "3.8629"
        },
        {
            "time": "01.11.2020 23:24",
            "open": "3.8629",
            "high": "3.8629",
            "low": "3.8629",
            "close": "3.8798"
        },
        {
            "time": "01.11.2020 23:25",
            "open": "3.8798",
            "high": "3.88",
            "low": "3.8798",
            "close": "3.8799"
        },
        {
            "time": "01.11.2020 23:26",
            "open": "3.8799",
            "high": "3.88",
            "low": "3.8799",
            "close": "3.8971"
        },
        {
            "time": "01.11.2020 23:27",
            "open": "3.8971",
            "high": "3.9115",
            "low": "3.8941",
            "close": "3.92"
        },
        {
            "time": "01.11.2020 23:28",
            "open": "3.92",
            "high": "3.92",
            "low": "3.92",
            "close": "3.925"
        },
        {
            "time": "01.11.2020 23:29",
            "open": "3.925",
            "high": "3.9358",
            "low": "3.925",
            "close": "3.9269"
        },
        {
            "time": "01.11.2020 23:30",
            "open": "3.9269",
            "high": "3.9296",
            "low": "3.925",
            "close": "3.9336"
        },
        {
            "time": "01.11.2020 23:31",
            "open": "3.9336",
            "high": "3.934",
            "low": "3.93",
            "close": "3.9305"
        },
        {
            "time": "01.11.2020 23:32",
            "open": "3.9305",
            "high": "3.9332",
            "low": "3.93",
            "close": "3.9327"
        },
        {
            "time": "01.11.2020 23:33",
            "open": "3.9327",
            "high": "3.9349",
            "low": "3.925",
            "close": "3.9208"
        },
        {
            "time": "01.11.2020 23:36",
            "open": "3.9208",
            "high": "3.9209",
            "low": "3.9208",
            "close": "3.9115"
        },
        {
            "time": "01.11.2020 23:37",
            "open": "3.9115",
            "high": "3.9115",
            "low": "3.9115",
            "close": "3.9128"
        },
        {
            "time": "01.11.2020 23:40",
            "open": "3.9128",
            "high": "3.9129",
            "low": "3.9128",
            "close": "3.9203"
        },
        {
            "time": "01.11.2020 23:41",
            "open": "3.9203",
            "high": "3.9203",
            "low": "3.9203",
            "close": "3.9113"
        },
        {
            "time": "01.11.2020 23:43",
            "open": "3.9113",
            "high": "3.9113",
            "low": "3.9113",
            "close": "3.9113"
        },
        {
            "time": "01.11.2020 23:44",
            "open": "3.9113",
            "high": "3.9113",
            "low": "3.9113",
            "close": "3.9003"
        },
        {
            "time": "01.11.2020 23:45",
            "open": "3.9003",
            "high": "3.9003",
            "low": "3.9003",
            "close": "3.8933"
        },
        {
            "time": "01.11.2020 23:46",
            "open": "3.8933",
            "high": "3.8933",
            "low": "3.8933",
            "close": "3.9025"
        },
        {
            "time": "01.11.2020 23:47",
            "open": "3.9025",
            "high": "3.9186",
            "low": "3.9025",
            "close": "3.8877"
        },
        {
            "time": "01.11.2020 23:48",
            "open": "3.8877",
            "high": "3.8877",
            "low": "3.8876",
            "close": "3.891"
        },
        {
            "time": "01.11.2020 23:50",
            "open": "3.891",
            "high": "3.891",
            "low": "3.891",
            "close": "3.913"
        },
        {
            "time": "01.11.2020 23:51",
            "open": "3.913",
            "high": "3.913",
            "low": "3.9105",
            "close": "3.9157"
        },
        {
            "time": "01.11.2020 23:55",
            "open": "3.9157",
            "high": "3.9157",
            "low": "3.9157",
            "close": "3.9208"
        },
        {
            "time": "01.11.2020 23:56",
            "open": "3.9208",
            "high": "3.9311",
            "low": "3.9208",
            "close": "3.9372"
        },
        {
            "time": "01.11.2020 23:57",
            "open": "3.9372",
            "high": "3.9499",
            "low": "3.9372",
            "close": "3.9499"
        },
        {
            "time": "01.11.2020 23:58",
            "open": "3.9499",
            "high": "3.9511",
            "low": "3.9349",
            "close": "3.9239"
        }
    ]
}