{
    "BAND-EUR": [
        {
            "time": "30.12.2020 23:58",
            "open": "4.3945",
            "high": "4.3969",
            "low": "4.3945",
            "close": "4.3911"
        },
        {
            "time": "31.12.2020 00:01",
            "open": "4.3911",
            "high": "4.3911",
            "low": "4.3911",
            "close": "4.3911"
        },
        {
            "time": "31.12.2020 00:02",
            "open": "4.3911",
            "high": "4.3911",
            "low": "4.3911",
            "close": "4.3911"
        },
        {
            "time": "31.12.2020 00:03",
            "open": "4.3911",
            "high": "4.3911",
            "low": "4.3911",
            "close": "4.391"
        },
        {
            "time": "31.12.2020 00:04",
            "open": "4.391",
            "high": "4.391",
            "low": "4.3774",
            "close": "4.3745"
        },
        {
            "time": "31.12.2020 00:05",
            "open": "4.3745",
            "high": "4.3833",
            "low": "4.3745",
            "close": "4.3859"
        },
        {
            "time": "31.12.2020 00:06",
            "open": "4.3859",
            "high": "4.3862",
            "low": "4.3859",
            "close": "4.3947"
        },
        {
            "time": "31.12.2020 00:10",
            "open": "4.3947",
            "high": "4.3948",
            "low": "4.388",
            "close": "4.3888"
        },
        {
            "time": "31.12.2020 00:11",
            "open": "4.3888",
            "high": "4.393",
            "low": "4.388",
            "close": "4.3888"
        },
        {
            "time": "31.12.2020 00:13",
            "open": "4.3888",
            "high": "4.3888",
            "low": "4.3888",
            "close": "4.3888"
        },
        {
            "time": "31.12.2020 00:14",
            "open": "4.3888",
            "high": "4.3888",
            "low": "4.388",
            "close": "4.388"
        },
        {
            "time": "31.12.2020 00:17",
            "open": "4.388",
            "high": "4.388",
            "low": "4.3866",
            "close": "4.377"
        },
        {
            "time": "31.12.2020 00:22",
            "open": "4.377",
            "high": "4.377",
            "low": "4.377",
            "close": "4.3779"
        },
        {
            "time": "31.12.2020 00:23",
            "open": "4.3779",
            "high": "4.418",
            "low": "4.3779",
            "close": "4.3796"
        },
        {
            "time": "31.12.2020 00:25",
            "open": "4.3796",
            "high": "4.3796",
            "low": "4.3796",
            "close": "4.3709"
        },
        {
            "time": "31.12.2020 00:26",
            "open": "4.3709",
            "high": "4.3709",
            "low": "4.3709",
            "close": "4.3819"
        },
        {
            "time": "31.12.2020 00:28",
            "open": "4.3819",
            "high": "4.4146",
            "low": "4.3819",
            "close": "4.3712"
        },
        {
            "time": "31.12.2020 00:29",
            "open": "4.3712",
            "high": "4.4148",
            "low": "4.3712",
            "close": "4.3875"
        },
        {
            "time": "31.12.2020 00:31",
            "open": "4.3875",
            "high": "4.391",
            "low": "4.3875",
            "close": "4.391"
        },
        {
            "time": "31.12.2020 00:33",
            "open": "4.391",
            "high": "4.391",
            "low": "4.3786",
            "close": "4.389"
        },
        {
            "time": "31.12.2020 00:35",
            "open": "4.389",
            "high": "4.389",
            "low": "4.389",
            "close": "4.3782"
        },
        {
            "time": "31.12.2020 00:36",
            "open": "4.3782",
            "high": "4.3782",
            "low": "4.3782",
            "close": "4.378"
        },
        {
            "time": "31.12.2020 00:38",
            "open": "4.378",
            "high": "4.378",
            "low": "4.378",
            "close": "4.378"
        },
        {
            "time": "31.12.2020 00:39",
            "open": "4.378",
            "high": "4.378",
            "low": "4.378",
            "close": "4.3926"
        },
        {
            "time": "31.12.2020 00:46",
            "open": "4.3926",
            "high": "4.3926",
            "low": "4.3926",
            "close": "4.396"
        },
        {
            "time": "31.12.2020 00:50",
            "open": "4.396",
            "high": "4.4028",
            "low": "4.396",
            "close": "4.3964"
        },
        {
            "time": "31.12.2020 00:51",
            "open": "4.3964",
            "high": "4.3964",
            "low": "4.3964",
            "close": "4.3964"
        },
        {
            "time": "31.12.2020 00:53",
            "open": "4.3964",
            "high": "4.3964",
            "low": "4.3865",
            "close": "4.3865"
        },
        {
            "time": "31.12.2020 00:57",
            "open": "4.3865",
            "high": "4.3865",
            "low": "4.3787",
            "close": "4.3791"
        },
        {
            "time": "31.12.2020 00:58",
            "open": "4.3791",
            "high": "4.3791",
            "low": "4.3791",
            "close": "4.384"
        },
        {
            "time": "31.12.2020 01:00",
            "open": "4.384",
            "high": "4.384",
            "low": "4.384",
            "close": "4.3788"
        },
        {
            "time": "31.12.2020 01:01",
            "open": "4.3788",
            "high": "4.3788",
            "low": "4.3788",
            "close": "4.378"
        },
        {
            "time": "31.12.2020 01:03",
            "open": "4.378",
            "high": "4.378",
            "low": "4.37",
            "close": "4.37"
        },
        {
            "time": "31.12.2020 01:05",
            "open": "4.37",
            "high": "4.37",
            "low": "4.3679",
            "close": "4.3679"
        },
        {
            "time": "31.12.2020 01:06",
            "open": "4.3679",
            "high": "4.3679",
            "low": "4.3622",
            "close": "4.361"
        },
        {
            "time": "31.12.2020 01:08",
            "open": "4.361",
            "high": "4.361",
            "low": "4.36",
            "close": "4.3558"
        },
        {
            "time": "31.12.2020 01:09",
            "open": "4.3558",
            "high": "4.3558",
            "low": "4.3508",
            "close": "4.3507"
        },
        {
            "time": "31.12.2020 01:10",
            "open": "4.3507",
            "high": "4.3515",
            "low": "4.3475",
            "close": "4.3504"
        },
        {
            "time": "31.12.2020 01:11",
            "open": "4.3504",
            "high": "4.3633",
            "low": "4.3504",
            "close": "4.3548"
        },
        {
            "time": "31.12.2020 01:17",
            "open": "4.3548",
            "high": "4.3548",
            "low": "4.3548",
            "close": "4.3562"
        },
        {
            "time": "31.12.2020 01:19",
            "open": "4.3562",
            "high": "4.3562",
            "low": "4.3562",
            "close": "4.3589"
        },
        {
            "time": "31.12.2020 01:20",
            "open": "4.3589",
            "high": "4.3589",
            "low": "4.3589",
            "close": "4.3644"
        },
        {
            "time": "31.12.2020 01:26",
            "open": "4.3644",
            "high": "4.3648",
            "low": "4.3644",
            "close": "4.3832"
        },
        {
            "time": "31.12.2020 01:32",
            "open": "4.3832",
            "high": "4.3898",
            "low": "4.3832",
            "close": "4.3943"
        },
        {
            "time": "31.12.2020 01:35",
            "open": "4.3943",
            "high": "4.3943",
            "low": "4.3943",
            "close": "4.3907"
        },
        {
            "time": "31.12.2020 01:36",
            "open": "4.3907",
            "high": "4.4118",
            "low": "4.3907",
            "close": "4.3997"
        },
        {
            "time": "31.12.2020 01:38",
            "open": "4.3997",
            "high": "4.3998",
            "low": "4.3997",
            "close": "4.3898"
        },
        {
            "time": "31.12.2020 01:39",
            "open": "4.3898",
            "high": "4.3898",
            "low": "4.3898",
            "close": "4.385"
        },
        {
            "time": "31.12.2020 01:40",
            "open": "4.385",
            "high": "4.385",
            "low": "4.3633",
            "close": "4.3611"
        },
        {
            "time": "31.12.2020 01:42",
            "open": "4.3611",
            "high": "4.3611",
            "low": "4.3611",
            "close": "4.3611"
        },
        {
            "time": "31.12.2020 01:43",
            "open": "4.3611",
            "high": "4.3611",
            "low": "4.3611",
            "close": "4.362"
        },
        {
            "time": "31.12.2020 01:45",
            "open": "4.362",
            "high": "4.362",
            "low": "4.362",
            "close": "4.3611"
        },
        {
            "time": "31.12.2020 01:47",
            "open": "4.3611",
            "high": "4.3611",
            "low": "4.3608",
            "close": "4.3571"
        },
        {
            "time": "31.12.2020 01:49",
            "open": "4.3571",
            "high": "4.3571",
            "low": "4.3571",
            "close": "4.34"
        },
        {
            "time": "31.12.2020 02:00",
            "open": "4.34",
            "high": "4.34",
            "low": "4.3095",
            "close": "4.3"
        },
        {
            "time": "31.12.2020 02:01",
            "open": "4.3",
            "high": "4.3",
            "low": "4.2946",
            "close": "4.3128"
        },
        {
            "time": "31.12.2020 02:02",
            "open": "4.3128",
            "high": "4.3128",
            "low": "4.3128",
            "close": "4.3277"
        },
        {
            "time": "31.12.2020 02:03",
            "open": "4.3277",
            "high": "4.3277",
            "low": "4.3277",
            "close": "4.328"
        },
        {
            "time": "31.12.2020 02:04",
            "open": "4.328",
            "high": "4.328",
            "low": "4.328",
            "close": "4.334"
        },
        {
            "time": "31.12.2020 02:07",
            "open": "4.334",
            "high": "4.334",
            "low": "4.327",
            "close": "4.3275"
        },
        {
            "time": "31.12.2020 02:08",
            "open": "4.3275",
            "high": "4.3275",
            "low": "4.3275",
            "close": "4.291"
        },
        {
            "time": "31.12.2020 02:09",
            "open": "4.291",
            "high": "4.291",
            "low": "4.291",
            "close": "4.3153"
        },
        {
            "time": "31.12.2020 02:10",
            "open": "4.3153",
            "high": "4.3153",
            "low": "4.3153",
            "close": "4.3179"
        },
        {
            "time": "31.12.2020 02:11",
            "open": "4.3179",
            "high": "4.3196",
            "low": "4.3179",
            "close": "4.307"
        },
        {
            "time": "31.12.2020 02:14",
            "open": "4.307",
            "high": "4.307",
            "low": "4.307",
            "close": "4.3154"
        },
        {
            "time": "31.12.2020 02:15",
            "open": "4.3154",
            "high": "4.3154",
            "low": "4.3154",
            "close": "4.3079"
        },
        {
            "time": "31.12.2020 02:21",
            "open": "4.3079",
            "high": "4.3079",
            "low": "4.3",
            "close": "4.3"
        },
        {
            "time": "31.12.2020 02:23",
            "open": "4.3",
            "high": "4.3",
            "low": "4.3",
            "close": "4.3"
        },
        {
            "time": "31.12.2020 02:24",
            "open": "4.3",
            "high": "4.3",
            "low": "4.2992",
            "close": "4.2992"
        },
        {
            "time": "31.12.2020 02:26",
            "open": "4.2992",
            "high": "4.2992",
            "low": "4.2992",
            "close": "4.2971"
        },
        {
            "time": "31.12.2020 02:28",
            "open": "4.2971",
            "high": "4.2971",
            "low": "4.2859",
            "close": "4.2873"
        },
        {
            "time": "31.12.2020 02:29",
            "open": "4.2873",
            "high": "4.2894",
            "low": "4.2873",
            "close": "4.2988"
        },
        {
            "time": "31.12.2020 02:32",
            "open": "4.2988",
            "high": "4.2988",
            "low": "4.2988",
            "close": "4.312"
        },
        {
            "time": "31.12.2020 02:34",
            "open": "4.312",
            "high": "4.3121",
            "low": "4.312",
            "close": "4.3183"
        },
        {
            "time": "31.12.2020 02:36",
            "open": "4.3183",
            "high": "4.3183",
            "low": "4.3183",
            "close": "4.3109"
        },
        {
            "time": "31.12.2020 02:39",
            "open": "4.3109",
            "high": "4.3109",
            "low": "4.3108",
            "close": "4.2937"
        },
        {
            "time": "31.12.2020 02:45",
            "open": "4.2937",
            "high": "4.2937",
            "low": "4.2926",
            "close": "4.3"
        },
        {
            "time": "31.12.2020 02:51",
            "open": "4.3",
            "high": "4.3",
            "low": "4.3",
            "close": "4.3042"
        },
        {
            "time": "31.12.2020 03:01",
            "open": "4.3042",
            "high": "4.3079",
            "low": "4.3042",
            "close": "4.3112"
        },
        {
            "time": "31.12.2020 03:02",
            "open": "4.3112",
            "high": "4.3113",
            "low": "4.3112",
            "close": "4.313"
        },
        {
            "time": "31.12.2020 03:04",
            "open": "4.313",
            "high": "4.313",
            "low": "4.313",
            "close": "4.3023"
        },
        {
            "time": "31.12.2020 03:06",
            "open": "4.3023",
            "high": "4.3023",
            "low": "4.3023",
            "close": "4.3264"
        },
        {
            "time": "31.12.2020 03:28",
            "open": "4.3264",
            "high": "4.3264",
            "low": "4.3264",
            "close": "4.3263"
        },
        {
            "time": "31.12.2020 03:29",
            "open": "4.3263",
            "high": "4.3263",
            "low": "4.3263",
            "close": "4.3272"
        },
        {
            "time": "31.12.2020 03:30",
            "open": "4.3272",
            "high": "4.3272",
            "low": "4.3272",
            "close": "4.3272"
        },
        {
            "time": "31.12.2020 03:36",
            "open": "4.3272",
            "high": "4.3272",
            "low": "4.3272",
            "close": "4.3295"
        },
        {
            "time": "31.12.2020 03:39",
            "open": "4.3295",
            "high": "4.3295",
            "low": "4.3295",
            "close": "4.3272"
        },
        {
            "time": "31.12.2020 03:41",
            "open": "4.3272",
            "high": "4.3272",
            "low": "4.3272",
            "close": "4.3166"
        },
        {
            "time": "31.12.2020 03:45",
            "open": "4.3166",
            "high": "4.3166",
            "low": "4.3166",
            "close": "4.306"
        },
        {
            "time": "31.12.2020 04:01",
            "open": "4.306",
            "high": "4.306",
            "low": "4.306",
            "close": "4.3072"
        },
        {
            "time": "31.12.2020 04:03",
            "open": "4.3072",
            "high": "4.3114",
            "low": "4.3072",
            "close": "4.305"
        },
        {
            "time": "31.12.2020 04:04",
            "open": "4.305",
            "high": "4.305",
            "low": "4.295",
            "close": "4.2969"
        },
        {
            "time": "31.12.2020 04:06",
            "open": "4.2969",
            "high": "4.2969",
            "low": "4.2969",
            "close": "4.3084"
        },
        {
            "time": "31.12.2020 04:12",
            "open": "4.3084",
            "high": "4.3084",
            "low": "4.3084",
            "close": "4.3237"
        },
        {
            "time": "31.12.2020 04:17",
            "open": "4.3237",
            "high": "4.3237",
            "low": "4.3237",
            "close": "4.3237"
        },
        {
            "time": "31.12.2020 04:19",
            "open": "4.3237",
            "high": "4.3237",
            "low": "4.3237",
            "close": "4.3322"
        },
        {
            "time": "31.12.2020 04:23",
            "open": "4.3322",
            "high": "4.3322",
            "low": "4.3322",
            "close": "4.3375"
        },
        {
            "time": "31.12.2020 04:29",
            "open": "4.3375",
            "high": "4.3375",
            "low": "4.3375",
            "close": "4.3456"
        },
        {
            "time": "31.12.2020 04:30",
            "open": "4.3456",
            "high": "4.3456",
            "low": "4.3456",
            "close": "4.3415"
        },
        {
            "time": "31.12.2020 04:35",
            "open": "4.3415",
            "high": "4.3415",
            "low": "4.3415",
            "close": "4.3437"
        },
        {
            "time": "31.12.2020 04:43",
            "open": "4.3437",
            "high": "4.3437",
            "low": "4.3437",
            "close": "4.3389"
        },
        {
            "time": "31.12.2020 05:20",
            "open": "4.3389",
            "high": "4.3389",
            "low": "4.3389",
            "close": "4.3794"
        },
        {
            "time": "31.12.2020 05:27",
            "open": "4.3794",
            "high": "4.3794",
            "low": "4.3794",
            "close": "4.379"
        },
        {
            "time": "31.12.2020 05:28",
            "open": "4.3648",
            "high": "4.3648",
            "low": "4.3648",
            "close": "4.3794"
        },
        {
            "time": "31.12.2020 05:38",
            "open": "4.3794",
            "high": "4.3794",
            "low": "4.3794",
            "close": "4.3837"
        },
        {
            "time": "31.12.2020 05:42",
            "open": "4.3837",
            "high": "4.3837",
            "low": "4.3798",
            "close": "4.3869"
        },
        {
            "time": "31.12.2020 05:49",
            "open": "4.3869",
            "high": "4.3869",
            "low": "4.3869",
            "close": "4.3685"
        },
        {
            "time": "31.12.2020 06:00",
            "open": "4.3685",
            "high": "4.3685",
            "low": "4.3685",
            "close": "4.3851"
        },
        {
            "time": "31.12.2020 06:10",
            "open": "4.3851",
            "high": "4.3851",
            "low": "4.3851",
            "close": "4.385"
        },
        {
            "time": "31.12.2020 06:20",
            "open": "4.385",
            "high": "4.385",
            "low": "4.385",
            "close": "4.3792"
        },
        {
            "time": "31.12.2020 06:23",
            "open": "4.3792",
            "high": "4.3792",
            "low": "4.379",
            "close": "4.3691"
        },
        {
            "time": "31.12.2020 06:25",
            "open": "4.3691",
            "high": "4.3691",
            "low": "4.3684",
            "close": "4.3741"
        },
        {
            "time": "31.12.2020 06:30",
            "open": "4.3741",
            "high": "4.3741",
            "low": "4.3741",
            "close": "4.3643"
        },
        {
            "time": "31.12.2020 06:37",
            "open": "4.3643",
            "high": "4.3643",
            "low": "4.3643",
            "close": "4.358"
        },
        {
            "time": "31.12.2020 06:38",
            "open": "4.358",
            "high": "4.358",
            "low": "4.358",
            "close": "4.3708"
        },
        {
            "time": "31.12.2020 06:40",
            "open": "4.3708",
            "high": "4.3708",
            "low": "4.3708",
            "close": "4.3826"
        },
        {
            "time": "31.12.2020 06:42",
            "open": "4.3826",
            "high": "4.3827",
            "low": "4.3826",
            "close": "4.391"
        },
        {
            "time": "31.12.2020 06:45",
            "open": "4.391",
            "high": "4.391",
            "low": "4.391",
            "close": "4.3952"
        },
        {
            "time": "31.12.2020 06:47",
            "open": "4.3952",
            "high": "4.3952",
            "low": "4.3952",
            "close": "4.3725"
        },
        {
            "time": "31.12.2020 06:56",
            "open": "4.3725",
            "high": "4.3725",
            "low": "4.3725",
            "close": "4.4067"
        },
        {
            "time": "31.12.2020 07:08",
            "open": "4.4067",
            "high": "4.4067",
            "low": "4.4067",
            "close": "4.4067"
        },
        {
            "time": "31.12.2020 07:10",
            "open": "4.4067",
            "high": "4.4067",
            "low": "4.4067",
            "close": "4.4151"
        },
        {
            "time": "31.12.2020 07:11",
            "open": "4.4151",
            "high": "4.4151",
            "low": "4.4151",
            "close": "4.3949"
        },
        {
            "time": "31.12.2020 07:13",
            "open": "4.3949",
            "high": "4.3949",
            "low": "4.3949",
            "close": "4.4029"
        },
        {
            "time": "31.12.2020 07:17",
            "open": "4.4029",
            "high": "4.4095",
            "low": "4.4029",
            "close": "4.4031"
        },
        {
            "time": "31.12.2020 07:18",
            "open": "4.4031",
            "high": "4.4031",
            "low": "4.4031",
            "close": "4.4152"
        },
        {
            "time": "31.12.2020 07:21",
            "open": "4.4152",
            "high": "4.4152",
            "low": "4.4152",
            "close": "4.4152"
        },
        {
            "time": "31.12.2020 07:23",
            "open": "4.4152",
            "high": "4.4223",
            "low": "4.4152",
            "close": "4.4257"
        },
        {
            "time": "31.12.2020 07:24",
            "open": "4.4257",
            "high": "4.4292",
            "low": "4.4257",
            "close": "4.4421"
        },
        {
            "time": "31.12.2020 07:29",
            "open": "4.4421",
            "high": "4.4421",
            "low": "4.4421",
            "close": "4.4421"
        },
        {
            "time": "31.12.2020 07:31",
            "open": "4.4421",
            "high": "4.4421",
            "low": "4.4421",
            "close": "4.44"
        },
        {
            "time": "31.12.2020 07:32",
            "open": "4.44",
            "high": "4.44",
            "low": "4.427",
            "close": "4.4206"
        },
        {
            "time": "31.12.2020 07:35",
            "open": "4.4206",
            "high": "4.4206",
            "low": "4.4206",
            "close": "4.4133"
        },
        {
            "time": "31.12.2020 07:37",
            "open": "4.4133",
            "high": "4.4133",
            "low": "4.4133",
            "close": "4.4156"
        },
        {
            "time": "31.12.2020 07:53",
            "open": "4.4156",
            "high": "4.4173",
            "low": "4.4156",
            "close": "4.4171"
        },
        {
            "time": "31.12.2020 07:55",
            "open": "4.4171",
            "high": "4.4171",
            "low": "4.4171",
            "close": "4.4172"
        },
        {
            "time": "31.12.2020 08:02",
            "open": "4.4172",
            "high": "4.4443",
            "low": "4.4172",
            "close": "4.4528"
        },
        {
            "time": "31.12.2020 08:03",
            "open": "4.4528",
            "high": "4.4528",
            "low": "4.4526",
            "close": "4.4603"
        },
        {
            "time": "31.12.2020 08:05",
            "open": "4.4603",
            "high": "4.4603",
            "low": "4.4603",
            "close": "4.4654"
        },
        {
            "time": "31.12.2020 08:06",
            "open": "4.4654",
            "high": "4.4654",
            "low": "4.4654",
            "close": "4.4654"
        },
        {
            "time": "31.12.2020 08:08",
            "open": "4.4654",
            "high": "4.4963",
            "low": "4.4654",
            "close": "4.5"
        },
        {
            "time": "31.12.2020 08:09",
            "open": "4.5",
            "high": "4.5191",
            "low": "4.4993",
            "close": "4.5311"
        },
        {
            "time": "31.12.2020 08:10",
            "open": "4.5311",
            "high": "4.5311",
            "low": "4.5311",
            "close": "4.5241"
        },
        {
            "time": "31.12.2020 08:11",
            "open": "4.5241",
            "high": "4.5243",
            "low": "4.5241",
            "close": "4.51"
        },
        {
            "time": "31.12.2020 08:12",
            "open": "4.51",
            "high": "4.51",
            "low": "4.4812",
            "close": "4.4841"
        },
        {
            "time": "31.12.2020 08:13",
            "open": "4.4841",
            "high": "4.4842",
            "low": "4.4841",
            "close": "4.4794"
        },
        {
            "time": "31.12.2020 08:19",
            "open": "4.4794",
            "high": "4.4877",
            "low": "4.4794",
            "close": "4.4832"
        },
        {
            "time": "31.12.2020 08:20",
            "open": "4.4832",
            "high": "4.4832",
            "low": "4.4832",
            "close": "4.4704"
        },
        {
            "time": "31.12.2020 08:21",
            "open": "4.4704",
            "high": "4.4721",
            "low": "4.4704",
            "close": "4.4817"
        },
        {
            "time": "31.12.2020 08:22",
            "open": "4.4817",
            "high": "4.4817",
            "low": "4.4817",
            "close": "4.4599"
        },
        {
            "time": "31.12.2020 08:29",
            "open": "4.4599",
            "high": "4.4599",
            "low": "4.4599",
            "close": "4.469"
        },
        {
            "time": "31.12.2020 08:34",
            "open": "4.469",
            "high": "4.469",
            "low": "4.4672",
            "close": "4.4475"
        },
        {
            "time": "31.12.2020 08:38",
            "open": "4.4475",
            "high": "4.4475",
            "low": "4.442",
            "close": "4.4355"
        },
        {
            "time": "31.12.2020 08:40",
            "open": "4.4355",
            "high": "4.4355",
            "low": "4.4355",
            "close": "4.4419"
        },
        {
            "time": "31.12.2020 08:41",
            "open": "4.4419",
            "high": "4.442",
            "low": "4.441",
            "close": "4.4388"
        },
        {
            "time": "31.12.2020 08:42",
            "open": "4.4388",
            "high": "4.4388",
            "low": "4.4388",
            "close": "4.4354"
        },
        {
            "time": "31.12.2020 08:44",
            "open": "4.4354",
            "high": "4.4354",
            "low": "4.4312",
            "close": "4.442"
        },
        {
            "time": "31.12.2020 08:48",
            "open": "4.442",
            "high": "4.442",
            "low": "4.4314",
            "close": "4.4334"
        },
        {
            "time": "31.12.2020 08:49",
            "open": "4.4334",
            "high": "4.4334",
            "low": "4.4287",
            "close": "4.4319"
        },
        {
            "time": "31.12.2020 08:50",
            "open": "4.4319",
            "high": "4.4319",
            "low": "4.4317",
            "close": "4.4375"
        },
        {
            "time": "31.12.2020 08:52",
            "open": "4.4375",
            "high": "4.4375",
            "low": "4.4375",
            "close": "4.436"
        },
        {
            "time": "31.12.2020 08:53",
            "open": "4.436",
            "high": "4.436",
            "low": "4.436",
            "close": "4.4222"
        },
        {
            "time": "31.12.2020 08:56",
            "open": "4.4222",
            "high": "4.4222",
            "low": "4.4222",
            "close": "4.4222"
        },
        {
            "time": "31.12.2020 09:04",
            "open": "4.4222",
            "high": "4.4222",
            "low": "4.4222",
            "close": "4.4222"
        },
        {
            "time": "31.12.2020 09:05",
            "open": "4.4222",
            "high": "4.4222",
            "low": "4.4024",
            "close": "4.4152"
        },
        {
            "time": "31.12.2020 09:07",
            "open": "4.4152",
            "high": "4.4152",
            "low": "4.4152",
            "close": "4.4226"
        },
        {
            "time": "31.12.2020 09:11",
            "open": "4.4226",
            "high": "4.4293",
            "low": "4.4226",
            "close": "4.4128"
        },
        {
            "time": "31.12.2020 09:19",
            "open": "4.4128",
            "high": "4.4128",
            "low": "4.4128",
            "close": "4.4125"
        },
        {
            "time": "31.12.2020 09:20",
            "open": "4.4125",
            "high": "4.4125",
            "low": "4.4125",
            "close": "4.4243"
        },
        {
            "time": "31.12.2020 09:22",
            "open": "4.4243",
            "high": "4.4243",
            "low": "4.4243",
            "close": "4.4277"
        },
        {
            "time": "31.12.2020 09:25",
            "open": "4.4277",
            "high": "4.4277",
            "low": "4.4226",
            "close": "4.4084"
        },
        {
            "time": "31.12.2020 09:33",
            "open": "4.4084",
            "high": "4.4092",
            "low": "4.4084",
            "close": "4.4084"
        },
        {
            "time": "31.12.2020 09:36",
            "open": "4.4084",
            "high": "4.409",
            "low": "4.4062",
            "close": "4.415"
        },
        {
            "time": "31.12.2020 09:42",
            "open": "4.415",
            "high": "4.415",
            "low": "4.415",
            "close": "4.4004"
        },
        {
            "time": "31.12.2020 09:46",
            "open": "4.4004",
            "high": "4.4004",
            "low": "4.4004",
            "close": "4.4004"
        },
        {
            "time": "31.12.2020 09:48",
            "open": "4.4004",
            "high": "4.4004",
            "low": "4.4004",
            "close": "4.4003"
        },
        {
            "time": "31.12.2020 09:49",
            "open": "4.4003",
            "high": "4.4003",
            "low": "4.4",
            "close": "4.398"
        },
        {
            "time": "31.12.2020 09:50",
            "open": "4.398",
            "high": "4.398",
            "low": "4.398",
            "close": "4.3964"
        },
        {
            "time": "31.12.2020 09:52",
            "open": "4.3964",
            "high": "4.3964",
            "low": "4.3964",
            "close": "4.3998"
        },
        {
            "time": "31.12.2020 09:55",
            "open": "4.3998",
            "high": "4.4004",
            "low": "4.3998",
            "close": "4.3989"
        },
        {
            "time": "31.12.2020 09:58",
            "open": "4.3989",
            "high": "4.3989",
            "low": "4.3989",
            "close": "4.3977"
        },
        {
            "time": "31.12.2020 10:03",
            "open": "4.3977",
            "high": "4.3977",
            "low": "4.3977",
            "close": "4.3964"
        },
        {
            "time": "31.12.2020 10:07",
            "open": "4.3964",
            "high": "4.3964",
            "low": "4.3915",
            "close": "4.3989"
        },
        {
            "time": "31.12.2020 10:13",
            "open": "4.3989",
            "high": "4.3989",
            "low": "4.3989",
            "close": "4.3982"
        },
        {
            "time": "31.12.2020 10:16",
            "open": "4.3982",
            "high": "4.3982",
            "low": "4.3982",
            "close": "4.3824"
        },
        {
            "time": "31.12.2020 10:17",
            "open": "4.3824",
            "high": "4.3824",
            "low": "4.3789",
            "close": "4.4072"
        },
        {
            "time": "31.12.2020 10:20",
            "open": "4.4072",
            "high": "4.4072",
            "low": "4.4072",
            "close": "4.4197"
        },
        {
            "time": "31.12.2020 10:23",
            "open": "4.4197",
            "high": "4.4257",
            "low": "4.4184",
            "close": "4.4139"
        },
        {
            "time": "31.12.2020 10:24",
            "open": "4.4139",
            "high": "4.4139",
            "low": "4.4139",
            "close": "4.4127"
        },
        {
            "time": "31.12.2020 10:39",
            "open": "4.4127",
            "high": "4.4127",
            "low": "4.4127",
            "close": "4.4015"
        },
        {
            "time": "31.12.2020 10:40",
            "open": "4.4015",
            "high": "4.4157",
            "low": "4.4013",
            "close": "4.4104"
        },
        {
            "time": "31.12.2020 10:43",
            "open": "4.4104",
            "high": "4.4104",
            "low": "4.4104",
            "close": "4.422"
        },
        {
            "time": "31.12.2020 10:46",
            "open": "4.422",
            "high": "4.422",
            "low": "4.422",
            "close": "4.4225"
        },
        {
            "time": "31.12.2020 10:47",
            "open": "4.4225",
            "high": "4.4225",
            "low": "4.4225",
            "close": "4.4265"
        },
        {
            "time": "31.12.2020 10:48",
            "open": "4.4265",
            "high": "4.457",
            "low": "4.4265",
            "close": "4.4117"
        },
        {
            "time": "31.12.2020 10:55",
            "open": "4.4117",
            "high": "4.4117",
            "low": "4.4117",
            "close": "4.4154"
        },
        {
            "time": "31.12.2020 10:56",
            "open": "4.4154",
            "high": "4.4154",
            "low": "4.4154",
            "close": "4.4313"
        },
        {
            "time": "31.12.2020 10:57",
            "open": "4.4313",
            "high": "4.4313",
            "low": "4.4313",
            "close": "4.4386"
        },
        {
            "time": "31.12.2020 10:58",
            "open": "4.4386",
            "high": "4.4568",
            "low": "4.4386",
            "close": "4.4259"
        },
        {
            "time": "31.12.2020 10:59",
            "open": "4.4259",
            "high": "4.4259",
            "low": "4.4259",
            "close": "4.4362"
        },
        {
            "time": "31.12.2020 11:00",
            "open": "4.4362",
            "high": "4.4369",
            "low": "4.4362",
            "close": "4.4276"
        },
        {
            "time": "31.12.2020 11:03",
            "open": "4.4276",
            "high": "4.4276",
            "low": "4.4276",
            "close": "4.4212"
        },
        {
            "time": "31.12.2020 11:04",
            "open": "4.4212",
            "high": "4.4212",
            "low": "4.4212",
            "close": "4.4333"
        },
        {
            "time": "31.12.2020 11:09",
            "open": "4.4333",
            "high": "4.4524",
            "low": "4.4333",
            "close": "4.4517"
        },
        {
            "time": "31.12.2020 11:11",
            "open": "4.4517",
            "high": "4.4517",
            "low": "4.4517",
            "close": "4.4671"
        },
        {
            "time": "31.12.2020 11:13",
            "open": "4.4671",
            "high": "4.4671",
            "low": "4.4671",
            "close": "4.4786"
        },
        {
            "time": "31.12.2020 11:17",
            "open": "4.4786",
            "high": "4.4961",
            "low": "4.4786",
            "close": "4.4883"
        },
        {
            "time": "31.12.2020 11:18",
            "open": "4.4883",
            "high": "4.4883",
            "low": "4.4883",
            "close": "4.4845"
        },
        {
            "time": "31.12.2020 11:19",
            "open": "4.4845",
            "high": "4.4845",
            "low": "4.4845",
            "close": "4.4985"
        },
        {
            "time": "31.12.2020 11:21",
            "open": "4.4985",
            "high": "4.5",
            "low": "4.4985",
            "close": "4.5013"
        },
        {
            "time": "31.12.2020 11:22",
            "open": "4.5013",
            "high": "4.5013",
            "low": "4.5013",
            "close": "4.4949"
        },
        {
            "time": "31.12.2020 11:24",
            "open": "4.4949",
            "high": "4.4949",
            "low": "4.4949",
            "close": "4.4866"
        },
        {
            "time": "31.12.2020 11:27",
            "open": "4.4866",
            "high": "4.4866",
            "low": "4.4866",
            "close": "4.4866"
        },
        {
            "time": "31.12.2020 11:29",
            "open": "4.4866",
            "high": "4.4866",
            "low": "4.4803",
            "close": "4.4866"
        },
        {
            "time": "31.12.2020 11:30",
            "open": "4.4866",
            "high": "4.4973",
            "low": "4.4866",
            "close": "4.501"
        },
        {
            "time": "31.12.2020 11:33",
            "open": "4.501",
            "high": "4.501",
            "low": "4.501",
            "close": "4.4923"
        },
        {
            "time": "31.12.2020 11:34",
            "open": "4.4923",
            "high": "4.4969",
            "low": "4.4884",
            "close": "4.4934"
        },
        {
            "time": "31.12.2020 11:36",
            "open": "4.4934",
            "high": "4.496",
            "low": "4.4934",
            "close": "4.4816"
        },
        {
            "time": "31.12.2020 11:42",
            "open": "4.4816",
            "high": "4.4816",
            "low": "4.4816",
            "close": "4.4879"
        },
        {
            "time": "31.12.2020 11:43",
            "open": "4.4879",
            "high": "4.4879",
            "low": "4.4879",
            "close": "4.4804"
        },
        {
            "time": "31.12.2020 11:44",
            "open": "4.4804",
            "high": "4.4804",
            "low": "4.4804",
            "close": "4.4804"
        },
        {
            "time": "31.12.2020 11:45",
            "open": "4.4804",
            "high": "4.4804",
            "low": "4.4804",
            "close": "4.4805"
        },
        {
            "time": "31.12.2020 11:49",
            "open": "4.4805",
            "high": "4.4814",
            "low": "4.4805",
            "close": "4.4805"
        },
        {
            "time": "31.12.2020 11:51",
            "open": "4.4805",
            "high": "4.4805",
            "low": "4.4804",
            "close": "4.4827"
        },
        {
            "time": "31.12.2020 11:53",
            "open": "4.4827",
            "high": "4.4827",
            "low": "4.4827",
            "close": "4.4641"
        },
        {
            "time": "31.12.2020 11:59",
            "open": "4.4641",
            "high": "4.4641",
            "low": "4.4641",
            "close": "4.4575"
        },
        {
            "time": "31.12.2020 12:06",
            "open": "4.4575",
            "high": "4.4575",
            "low": "4.4575",
            "close": "4.4631"
        },
        {
            "time": "31.12.2020 12:10",
            "open": "4.4631",
            "high": "4.4631",
            "low": "4.45",
            "close": "4.445"
        },
        {
            "time": "31.12.2020 12:11",
            "open": "4.445",
            "high": "4.445",
            "low": "4.445",
            "close": "4.4298"
        },
        {
            "time": "31.12.2020 12:14",
            "open": "4.4298",
            "high": "4.4323",
            "low": "4.4276",
            "close": "4.4292"
        },
        {
            "time": "31.12.2020 12:15",
            "open": "4.4292",
            "high": "4.4354",
            "low": "4.4068",
            "close": "4.4202"
        },
        {
            "time": "31.12.2020 12:16",
            "open": "4.4202",
            "high": "4.433",
            "low": "4.4098",
            "close": "4.4302"
        },
        {
            "time": "31.12.2020 12:17",
            "open": "4.4302",
            "high": "4.4302",
            "low": "4.4243",
            "close": "4.4173"
        },
        {
            "time": "31.12.2020 12:18",
            "open": "4.4173",
            "high": "4.4235",
            "low": "4.4166",
            "close": "4.4203"
        },
        {
            "time": "31.12.2020 12:19",
            "open": "4.4203",
            "high": "4.4228",
            "low": "4.4184",
            "close": "4.4221"
        },
        {
            "time": "31.12.2020 12:20",
            "open": "4.4221",
            "high": "4.4251",
            "low": "4.4221",
            "close": "4.4297"
        },
        {
            "time": "31.12.2020 12:23",
            "open": "4.4297",
            "high": "4.4297",
            "low": "4.4297",
            "close": "4.4372"
        },
        {
            "time": "31.12.2020 12:26",
            "open": "4.4372",
            "high": "4.4373",
            "low": "4.4372",
            "close": "4.4408"
        },
        {
            "time": "31.12.2020 12:29",
            "open": "4.4408",
            "high": "4.4408",
            "low": "4.4408",
            "close": "4.4309"
        },
        {
            "time": "31.12.2020 12:31",
            "open": "4.4309",
            "high": "4.4309",
            "low": "4.4309",
            "close": "4.4438"
        },
        {
            "time": "31.12.2020 12:34",
            "open": "4.4438",
            "high": "4.4438",
            "low": "4.4438",
            "close": "4.4438"
        },
        {
            "time": "31.12.2020 12:35",
            "open": "4.4438",
            "high": "4.4438",
            "low": "4.4438",
            "close": "4.4502"
        },
        {
            "time": "31.12.2020 12:40",
            "open": "4.4502",
            "high": "4.4502",
            "low": "4.4502",
            "close": "4.4408"
        },
        {
            "time": "31.12.2020 12:41",
            "open": "4.4408",
            "high": "4.4408",
            "low": "4.4408",
            "close": "4.4502"
        },
        {
            "time": "31.12.2020 12:42",
            "open": "4.4502",
            "high": "4.4502",
            "low": "4.4476",
            "close": "4.4502"
        },
        {
            "time": "31.12.2020 12:44",
            "open": "4.4502",
            "high": "4.4512",
            "low": "4.4502",
            "close": "4.4588"
        },
        {
            "time": "31.12.2020 12:49",
            "open": "4.4588",
            "high": "4.4588",
            "low": "4.4586",
            "close": "4.4662"
        },
        {
            "time": "31.12.2020 12:52",
            "open": "4.4662",
            "high": "4.4662",
            "low": "4.4662",
            "close": "4.4654"
        },
        {
            "time": "31.12.2020 12:59",
            "open": "4.4654",
            "high": "4.4654",
            "low": "4.4654",
            "close": "4.4722"
        },
        {
            "time": "31.12.2020 13:04",
            "open": "4.4722",
            "high": "4.4722",
            "low": "4.4722",
            "close": "4.471"
        },
        {
            "time": "31.12.2020 13:07",
            "open": "4.471",
            "high": "4.471",
            "low": "4.471",
            "close": "4.4685"
        },
        {
            "time": "31.12.2020 13:09",
            "open": "4.4685",
            "high": "4.4685",
            "low": "4.4685",
            "close": "4.4726"
        },
        {
            "time": "31.12.2020 13:11",
            "open": "4.4726",
            "high": "4.4726",
            "low": "4.4726",
            "close": "4.4812"
        },
        {
            "time": "31.12.2020 13:12",
            "open": "4.4812",
            "high": "4.4812",
            "low": "4.4812",
            "close": "4.4702"
        },
        {
            "time": "31.12.2020 13:13",
            "open": "4.4702",
            "high": "4.4702",
            "low": "4.4702",
            "close": "4.478"
        },
        {
            "time": "31.12.2020 13:14",
            "open": "4.478",
            "high": "4.4785",
            "low": "4.4622",
            "close": "4.4513"
        },
        {
            "time": "31.12.2020 13:16",
            "open": "4.4513",
            "high": "4.4685",
            "low": "4.4513",
            "close": "4.4589"
        },
        {
            "time": "31.12.2020 13:17",
            "open": "4.4589",
            "high": "4.4589",
            "low": "4.4589",
            "close": "4.462"
        },
        {
            "time": "31.12.2020 13:18",
            "open": "4.462",
            "high": "4.462",
            "low": "4.4564",
            "close": "4.4738"
        },
        {
            "time": "31.12.2020 13:25",
            "open": "4.4738",
            "high": "4.474",
            "low": "4.4738",
            "close": "4.4683"
        },
        {
            "time": "31.12.2020 13:29",
            "open": "4.4683",
            "high": "4.4697",
            "low": "4.4683",
            "close": "4.4608"
        },
        {
            "time": "31.12.2020 13:30",
            "open": "4.4608",
            "high": "4.4608",
            "low": "4.4608",
            "close": "4.4762"
        },
        {
            "time": "31.12.2020 13:51",
            "open": "4.4762",
            "high": "4.4763",
            "low": "4.4762",
            "close": "4.4738"
        },
        {
            "time": "31.12.2020 13:53",
            "open": "4.4738",
            "high": "4.4738",
            "low": "4.4738",
            "close": "4.4536"
        },
        {
            "time": "31.12.2020 13:56",
            "open": "4.4536",
            "high": "4.4536",
            "low": "4.4536",
            "close": "4.4474"
        },
        {
            "time": "31.12.2020 13:57",
            "open": "4.4474",
            "high": "4.449",
            "low": "4.4001",
            "close": "4.4179"
        },
        {
            "time": "31.12.2020 13:58",
            "open": "4.4179",
            "high": "4.4243",
            "low": "4.4179",
            "close": "4.4014"
        },
        {
            "time": "31.12.2020 14:00",
            "open": "4.4014",
            "high": "4.4014",
            "low": "4.4014",
            "close": "4.4014"
        },
        {
            "time": "31.12.2020 14:05",
            "open": "4.4014",
            "high": "4.4014",
            "low": "4.3616",
            "close": "4.3765"
        },
        {
            "time": "31.12.2020 14:06",
            "open": "4.3765",
            "high": "4.3765",
            "low": "4.355",
            "close": "4.369"
        },
        {
            "time": "31.12.2020 14:08",
            "open": "4.369",
            "high": "4.3897",
            "low": "4.369",
            "close": "4.3662"
        },
        {
            "time": "31.12.2020 14:09",
            "open": "4.3662",
            "high": "4.3662",
            "low": "4.3662",
            "close": "4.3787"
        },
        {
            "time": "31.12.2020 14:10",
            "open": "4.3787",
            "high": "4.3867",
            "low": "4.3784",
            "close": "4.3867"
        },
        {
            "time": "31.12.2020 14:11",
            "open": "4.3867",
            "high": "4.3867",
            "low": "4.3867",
            "close": "4.3682"
        },
        {
            "time": "31.12.2020 14:13",
            "open": "4.3682",
            "high": "4.3682",
            "low": "4.3682",
            "close": "4.3519"
        },
        {
            "time": "31.12.2020 14:14",
            "open": "4.3519",
            "high": "4.3571",
            "low": "4.3519",
            "close": "4.4005"
        },
        {
            "time": "31.12.2020 14:16",
            "open": "4.4005",
            "high": "4.4005",
            "low": "4.3816",
            "close": "4.3825"
        },
        {
            "time": "31.12.2020 14:20",
            "open": "4.3825",
            "high": "4.3825",
            "low": "4.3571",
            "close": "4.3478"
        },
        {
            "time": "31.12.2020 14:21",
            "open": "4.3478",
            "high": "4.3478",
            "low": "4.3445",
            "close": "4.3655"
        },
        {
            "time": "31.12.2020 14:22",
            "open": "4.3655",
            "high": "4.3655",
            "low": "4.3655",
            "close": "4.3655"
        },
        {
            "time": "31.12.2020 14:23",
            "open": "4.3655",
            "high": "4.3939",
            "low": "4.3655",
            "close": "4.3933"
        },
        {
            "time": "31.12.2020 14:25",
            "open": "4.3933",
            "high": "4.3933",
            "low": "4.3933",
            "close": "4.3773"
        },
        {
            "time": "31.12.2020 14:31",
            "open": "4.3773",
            "high": "4.4089",
            "low": "4.3773",
            "close": "4.4052"
        },
        {
            "time": "31.12.2020 14:32",
            "open": "4.4052",
            "high": "4.4052",
            "low": "4.3997",
            "close": "4.4013"
        },
        {
            "time": "31.12.2020 14:33",
            "open": "4.4013",
            "high": "4.4023",
            "low": "4.3957",
            "close": "4.4004"
        },
        {
            "time": "31.12.2020 14:34",
            "open": "4.4004",
            "high": "4.4073",
            "low": "4.4004",
            "close": "4.3978"
        },
        {
            "time": "31.12.2020 14:35",
            "open": "4.3978",
            "high": "4.4034",
            "low": "4.3963",
            "close": "4.4012"
        },
        {
            "time": "31.12.2020 14:36",
            "open": "4.4012",
            "high": "4.4027",
            "low": "4.3879",
            "close": "4.395"
        },
        {
            "time": "31.12.2020 14:37",
            "open": "4.395",
            "high": "4.4007",
            "low": "4.395",
            "close": "4.4"
        },
        {
            "time": "31.12.2020 14:40",
            "open": "4.4",
            "high": "4.4",
            "low": "4.3953",
            "close": "4.4053"
        },
        {
            "time": "31.12.2020 14:43",
            "open": "4.4053",
            "high": "4.4053",
            "low": "4.4015",
            "close": "4.3969"
        },
        {
            "time": "31.12.2020 14:46",
            "open": "4.3969",
            "high": "4.3976",
            "low": "4.3969",
            "close": "4.3953"
        },
        {
            "time": "31.12.2020 14:47",
            "open": "4.3953",
            "high": "4.3953",
            "low": "4.3953",
            "close": "4.3969"
        },
        {
            "time": "31.12.2020 14:48",
            "open": "4.3969",
            "high": "4.3969",
            "low": "4.3969",
            "close": "4.4023"
        },
        {
            "time": "31.12.2020 14:50",
            "open": "4.4023",
            "high": "4.4023",
            "low": "4.4",
            "close": "4.4"
        },
        {
            "time": "31.12.2020 14:51",
            "open": "4.4",
            "high": "4.4",
            "low": "4.3989",
            "close": "4.3996"
        },
        {
            "time": "31.12.2020 14:52",
            "open": "4.3996",
            "high": "4.3996",
            "low": "4.3996",
            "close": "4.4167"
        },
        {
            "time": "31.12.2020 14:54",
            "open": "4.4167",
            "high": "4.4167",
            "low": "4.4077",
            "close": "4.4011"
        },
        {
            "time": "31.12.2020 14:55",
            "open": "4.4011",
            "high": "4.4067",
            "low": "4.4011",
            "close": "4.4067"
        },
        {
            "time": "31.12.2020 14:56",
            "open": "4.4067",
            "high": "4.4067",
            "low": "4.4067",
            "close": "4.4151"
        },
        {
            "time": "31.12.2020 14:57",
            "open": "4.4151",
            "high": "4.4157",
            "low": "4.4151",
            "close": "4.4188"
        },
        {
            "time": "31.12.2020 14:59",
            "open": "4.4188",
            "high": "4.4188",
            "low": "4.4123",
            "close": "4.4021"
        },
        {
            "time": "31.12.2020 15:00",
            "open": "4.4021",
            "high": "4.4021",
            "low": "4.4021",
            "close": "4.3947"
        },
        {
            "time": "31.12.2020 15:01",
            "open": "4.3947",
            "high": "4.4014",
            "low": "4.3947",
            "close": "4.4018"
        },
        {
            "time": "31.12.2020 15:02",
            "open": "4.4018",
            "high": "4.4018",
            "low": "4.3947",
            "close": "4.394"
        },
        {
            "time": "31.12.2020 15:03",
            "open": "4.394",
            "high": "4.394",
            "low": "4.3939",
            "close": "4.3939"
        },
        {
            "time": "31.12.2020 15:04",
            "open": "4.3939",
            "high": "4.3939",
            "low": "4.3933",
            "close": "4.3935"
        },
        {
            "time": "31.12.2020 15:05",
            "open": "4.3935",
            "high": "4.3935",
            "low": "4.3935",
            "close": "4.3918"
        },
        {
            "time": "31.12.2020 15:06",
            "open": "4.3918",
            "high": "4.3918",
            "low": "4.3918",
            "close": "4.3924"
        },
        {
            "time": "31.12.2020 15:07",
            "open": "4.3924",
            "high": "4.4008",
            "low": "4.3924",
            "close": "4.3918"
        },
        {
            "time": "31.12.2020 15:09",
            "open": "4.3918",
            "high": "4.3964",
            "low": "4.3918",
            "close": "4.391"
        },
        {
            "time": "31.12.2020 15:10",
            "open": "4.391",
            "high": "4.3916",
            "low": "4.391",
            "close": "4.3826"
        },
        {
            "time": "31.12.2020 15:11",
            "open": "4.3826",
            "high": "4.3826",
            "low": "4.3826",
            "close": "4.3739"
        },
        {
            "time": "31.12.2020 15:12",
            "open": "4.3739",
            "high": "4.375",
            "low": "4.3683",
            "close": "4.3749"
        },
        {
            "time": "31.12.2020 15:13",
            "open": "4.3749",
            "high": "4.3757",
            "low": "4.3749",
            "close": "4.3892"
        },
        {
            "time": "31.12.2020 15:14",
            "open": "4.3892",
            "high": "4.3894",
            "low": "4.3892",
            "close": "4.3717"
        },
        {
            "time": "31.12.2020 15:17",
            "open": "4.3717",
            "high": "4.3729",
            "low": "4.3717",
            "close": "4.3829"
        },
        {
            "time": "31.12.2020 15:18",
            "open": "4.3829",
            "high": "4.3829",
            "low": "4.3829",
            "close": "4.3925"
        },
        {
            "time": "31.12.2020 15:19",
            "open": "4.3925",
            "high": "4.3925",
            "low": "4.3925",
            "close": "4.3983"
        },
        {
            "time": "31.12.2020 15:20",
            "open": "4.3983",
            "high": "4.3983",
            "low": "4.3983",
            "close": "4.3858"
        },
        {
            "time": "31.12.2020 15:21",
            "open": "4.3858",
            "high": "4.3983",
            "low": "4.3731",
            "close": "4.3743"
        },
        {
            "time": "31.12.2020 15:22",
            "open": "4.3743",
            "high": "4.3743",
            "low": "4.3743",
            "close": "4.3822"
        },
        {
            "time": "31.12.2020 15:24",
            "open": "4.3822",
            "high": "4.3822",
            "low": "4.3766",
            "close": "4.3658"
        },
        {
            "time": "31.12.2020 15:26",
            "open": "4.3658",
            "high": "4.3658",
            "low": "4.3559",
            "close": "4.3526"
        },
        {
            "time": "31.12.2020 15:27",
            "open": "4.3526",
            "high": "4.3705",
            "low": "4.3478",
            "close": "4.3728"
        },
        {
            "time": "31.12.2020 15:28",
            "open": "4.3728",
            "high": "4.3738",
            "low": "4.3573",
            "close": "4.3665"
        },
        {
            "time": "31.12.2020 15:29",
            "open": "4.3665",
            "high": "4.3665",
            "low": "4.3635",
            "close": "4.3701"
        },
        {
            "time": "31.12.2020 15:30",
            "open": "4.3701",
            "high": "4.3701",
            "low": "4.3701",
            "close": "4.3598"
        },
        {
            "time": "31.12.2020 15:31",
            "open": "4.3598",
            "high": "4.3603",
            "low": "4.354",
            "close": "4.3545"
        },
        {
            "time": "31.12.2020 15:32",
            "open": "4.3545",
            "high": "4.3551",
            "low": "4.3479",
            "close": "4.3482"
        },
        {
            "time": "31.12.2020 15:33",
            "open": "4.3482",
            "high": "4.3585",
            "low": "4.3482",
            "close": "4.3508"
        },
        {
            "time": "31.12.2020 15:35",
            "open": "4.3508",
            "high": "4.3618",
            "low": "4.35",
            "close": "4.3604"
        },
        {
            "time": "31.12.2020 15:36",
            "open": "4.3604",
            "high": "4.3645",
            "low": "4.3602",
            "close": "4.3721"
        },
        {
            "time": "31.12.2020 15:37",
            "open": "4.3721",
            "high": "4.3721",
            "low": "4.3721",
            "close": "4.3737"
        },
        {
            "time": "31.12.2020 15:40",
            "open": "4.3737",
            "high": "4.3737",
            "low": "4.3737",
            "close": "4.3773"
        },
        {
            "time": "31.12.2020 15:41",
            "open": "4.3773",
            "high": "4.3773",
            "low": "4.3773",
            "close": "4.3772"
        },
        {
            "time": "31.12.2020 15:43",
            "open": "4.3772",
            "high": "4.3772",
            "low": "4.3772",
            "close": "4.3788"
        },
        {
            "time": "31.12.2020 15:44",
            "open": "4.3788",
            "high": "4.3852",
            "low": "4.3788",
            "close": "4.3822"
        },
        {
            "time": "31.12.2020 15:45",
            "open": "4.3822",
            "high": "4.3983",
            "low": "4.3794",
            "close": "4.3793"
        },
        {
            "time": "31.12.2020 15:46",
            "open": "4.3793",
            "high": "4.3817",
            "low": "4.378",
            "close": "4.3742"
        },
        {
            "time": "31.12.2020 15:47",
            "open": "4.3742",
            "high": "4.3773",
            "low": "4.3591",
            "close": "4.3656"
        },
        {
            "time": "31.12.2020 15:49",
            "open": "4.3656",
            "high": "4.3996",
            "low": "4.3656",
            "close": "4.3996"
        },
        {
            "time": "31.12.2020 15:50",
            "open": "4.3996",
            "high": "4.3996",
            "low": "4.3759",
            "close": "4.3969"
        },
        {
            "time": "31.12.2020 15:51",
            "open": "4.3969",
            "high": "4.3996",
            "low": "4.3969",
            "close": "4.4063"
        },
        {
            "time": "31.12.2020 15:53",
            "open": "4.4063",
            "high": "4.4064",
            "low": "4.4063",
            "close": "4.3975"
        },
        {
            "time": "31.12.2020 15:54",
            "open": "4.3975",
            "high": "4.3975",
            "low": "4.3975",
            "close": "4.4149"
        },
        {
            "time": "31.12.2020 15:55",
            "open": "4.4149",
            "high": "4.415",
            "low": "4.4054",
            "close": "4.4057"
        },
        {
            "time": "31.12.2020 15:56",
            "open": "4.4057",
            "high": "4.4078",
            "low": "4.3989",
            "close": "4.3862"
        },
        {
            "time": "31.12.2020 15:57",
            "open": "4.3862",
            "high": "4.3889",
            "low": "4.3862",
            "close": "4.3839"
        },
        {
            "time": "31.12.2020 15:58",
            "open": "4.3839",
            "high": "4.3839",
            "low": "4.3839",
            "close": "4.3883"
        },
        {
            "time": "31.12.2020 15:59",
            "open": "4.3883",
            "high": "4.39",
            "low": "4.3883",
            "close": "4.3832"
        },
        {
            "time": "31.12.2020 16:00",
            "open": "4.3832",
            "high": "4.3887",
            "low": "4.3832",
            "close": "4.3978"
        },
        {
            "time": "31.12.2020 16:01",
            "open": "4.3978",
            "high": "4.3981",
            "low": "4.3978",
            "close": "4.3911"
        },
        {
            "time": "31.12.2020 16:02",
            "open": "4.3911",
            "high": "4.4093",
            "low": "4.3911",
            "close": "4.4158"
        },
        {
            "time": "31.12.2020 16:05",
            "open": "4.4158",
            "high": "4.4159",
            "low": "4.4151",
            "close": "4.4143"
        },
        {
            "time": "31.12.2020 16:06",
            "open": "4.4143",
            "high": "4.4144",
            "low": "4.4143",
            "close": "4.4195"
        },
        {
            "time": "31.12.2020 16:08",
            "open": "4.4195",
            "high": "4.4235",
            "low": "4.4147",
            "close": "4.4136"
        },
        {
            "time": "31.12.2020 16:09",
            "open": "4.4136",
            "high": "4.4139",
            "low": "4.4136",
            "close": "4.4113"
        },
        {
            "time": "31.12.2020 16:12",
            "open": "4.4113",
            "high": "4.4115",
            "low": "4.4113",
            "close": "4.4014"
        },
        {
            "time": "31.12.2020 16:13",
            "open": "4.4014",
            "high": "4.4014",
            "low": "4.4014",
            "close": "4.3854"
        },
        {
            "time": "31.12.2020 16:16",
            "open": "4.3854",
            "high": "4.3854",
            "low": "4.3851",
            "close": "4.3852"
        },
        {
            "time": "31.12.2020 16:17",
            "open": "4.3852",
            "high": "4.3856",
            "low": "4.3852",
            "close": "4.3888"
        },
        {
            "time": "31.12.2020 16:18",
            "open": "4.3888",
            "high": "4.3888",
            "low": "4.3888",
            "close": "4.3877"
        },
        {
            "time": "31.12.2020 16:19",
            "open": "4.3877",
            "high": "4.3882",
            "low": "4.3877",
            "close": "4.3872"
        },
        {
            "time": "31.12.2020 16:20",
            "open": "4.3872",
            "high": "4.3906",
            "low": "4.3872",
            "close": "4.3934"
        },
        {
            "time": "31.12.2020 16:21",
            "open": "4.3934",
            "high": "4.444",
            "low": "4.3934",
            "close": "4.3982"
        },
        {
            "time": "31.12.2020 16:22",
            "open": "4.3982",
            "high": "4.4011",
            "low": "4.3982",
            "close": "4.3978"
        },
        {
            "time": "31.12.2020 16:23",
            "open": "4.3978",
            "high": "4.3978",
            "low": "4.3978",
            "close": "4.3972"
        },
        {
            "time": "31.12.2020 16:24",
            "open": "4.3972",
            "high": "4.3975",
            "low": "4.3972",
            "close": "4.3998"
        },
        {
            "time": "31.12.2020 16:27",
            "open": "4.3998",
            "high": "4.4006",
            "low": "4.3965",
            "close": "4.3963"
        },
        {
            "time": "31.12.2020 16:29",
            "open": "4.3963",
            "high": "4.3963",
            "low": "4.3963",
            "close": "4.398"
        },
        {
            "time": "31.12.2020 16:31",
            "open": "4.398",
            "high": "4.398",
            "low": "4.3922",
            "close": "4.3973"
        },
        {
            "time": "31.12.2020 16:32",
            "open": "4.3973",
            "high": "4.3992",
            "low": "4.3973",
            "close": "4.3969"
        },
        {
            "time": "31.12.2020 16:33",
            "open": "4.3969",
            "high": "4.3969",
            "low": "4.3969",
            "close": "4.4015"
        },
        {
            "time": "31.12.2020 16:34",
            "open": "4.4015",
            "high": "4.4015",
            "low": "4.4015",
            "close": "4.4021"
        },
        {
            "time": "31.12.2020 16:35",
            "open": "4.4021",
            "high": "4.4021",
            "low": "4.3998",
            "close": "4.4039"
        },
        {
            "time": "31.12.2020 16:38",
            "open": "4.4039",
            "high": "4.4039",
            "low": "4.4034",
            "close": "4.4041"
        },
        {
            "time": "31.12.2020 16:41",
            "open": "4.4041",
            "high": "4.4058",
            "low": "4.4041",
            "close": "4.4086"
        },
        {
            "time": "31.12.2020 16:42",
            "open": "4.4086",
            "high": "4.4086",
            "low": "4.4086",
            "close": "4.4062"
        },
        {
            "time": "31.12.2020 16:44",
            "open": "4.4062",
            "high": "4.4062",
            "low": "4.4062",
            "close": "4.4046"
        },
        {
            "time": "31.12.2020 16:45",
            "open": "4.4046",
            "high": "4.4046",
            "low": "4.4044",
            "close": "4.4086"
        },
        {
            "time": "31.12.2020 16:46",
            "open": "4.4086",
            "high": "4.4086",
            "low": "4.4086",
            "close": "4.415"
        },
        {
            "time": "31.12.2020 16:50",
            "open": "4.415",
            "high": "4.415",
            "low": "4.4099",
            "close": "4.4095"
        },
        {
            "time": "31.12.2020 16:51",
            "open": "4.4095",
            "high": "4.4095",
            "low": "4.4095",
            "close": "4.4174"
        },
        {
            "time": "31.12.2020 16:52",
            "open": "4.4174",
            "high": "4.4174",
            "low": "4.4174",
            "close": "4.4095"
        },
        {
            "time": "31.12.2020 16:54",
            "open": "4.4095",
            "high": "4.4095",
            "low": "4.4095",
            "close": "4.417"
        },
        {
            "time": "31.12.2020 16:56",
            "open": "4.417",
            "high": "4.417",
            "low": "4.4079",
            "close": "4.4242"
        },
        {
            "time": "31.12.2020 17:00",
            "open": "4.4242",
            "high": "4.4268",
            "low": "4.4242",
            "close": "4.41"
        },
        {
            "time": "31.12.2020 17:02",
            "open": "4.41",
            "high": "4.41",
            "low": "4.404",
            "close": "4.412"
        },
        {
            "time": "31.12.2020 17:05",
            "open": "4.412",
            "high": "4.4259",
            "low": "4.412",
            "close": "4.425"
        },
        {
            "time": "31.12.2020 17:09",
            "open": "4.425",
            "high": "4.425",
            "low": "4.4117",
            "close": "4.4247"
        },
        {
            "time": "31.12.2020 17:10",
            "open": "4.4247",
            "high": "4.4247",
            "low": "4.3852",
            "close": "4.4066"
        },
        {
            "time": "31.12.2020 17:12",
            "open": "4.4066",
            "high": "4.4066",
            "low": "4.4066",
            "close": "4.404"
        },
        {
            "time": "31.12.2020 17:13",
            "open": "4.404",
            "high": "4.404",
            "low": "4.404",
            "close": "4.4157"
        },
        {
            "time": "31.12.2020 17:20",
            "open": "4.4157",
            "high": "4.4157",
            "low": "4.4157",
            "close": "4.4158"
        },
        {
            "time": "31.12.2020 17:21",
            "open": "4.4158",
            "high": "4.4158",
            "low": "4.4148",
            "close": "4.4035"
        },
        {
            "time": "31.12.2020 17:22",
            "open": "4.4035",
            "high": "4.4035",
            "low": "4.4035",
            "close": "4.4131"
        },
        {
            "time": "31.12.2020 17:23",
            "open": "4.4131",
            "high": "4.4255",
            "low": "4.4131",
            "close": "4.4232"
        },
        {
            "time": "31.12.2020 17:24",
            "open": "4.4232",
            "high": "4.4232",
            "low": "4.4232",
            "close": "4.4241"
        },
        {
            "time": "31.12.2020 17:25",
            "open": "4.4241",
            "high": "4.4241",
            "low": "4.4241",
            "close": "4.4136"
        },
        {
            "time": "31.12.2020 17:27",
            "open": "4.4136",
            "high": "4.4136",
            "low": "4.4136",
            "close": "4.4196"
        },
        {
            "time": "31.12.2020 17:28",
            "open": "4.4196",
            "high": "4.4196",
            "low": "4.4196",
            "close": "4.4228"
        },
        {
            "time": "31.12.2020 17:38",
            "open": "4.4228",
            "high": "4.4228",
            "low": "4.4228",
            "close": "4.4188"
        },
        {
            "time": "31.12.2020 17:39",
            "open": "4.4188",
            "high": "4.4188",
            "low": "4.4187",
            "close": "4.4165"
        },
        {
            "time": "31.12.2020 17:41",
            "open": "4.4165",
            "high": "4.4165",
            "low": "4.4165",
            "close": "4.4162"
        },
        {
            "time": "31.12.2020 17:42",
            "open": "4.4162",
            "high": "4.4162",
            "low": "4.4162",
            "close": "4.4205"
        },
        {
            "time": "31.12.2020 17:45",
            "open": "4.4205",
            "high": "4.4205",
            "low": "4.4205",
            "close": "4.4038"
        },
        {
            "time": "31.12.2020 17:48",
            "open": "4.4038",
            "high": "4.412",
            "low": "4.4038",
            "close": "4.4018"
        },
        {
            "time": "31.12.2020 17:50",
            "open": "4.4018",
            "high": "4.4018",
            "low": "4.4012",
            "close": "4.4012"
        },
        {
            "time": "31.12.2020 17:51",
            "open": "4.4012",
            "high": "4.4012",
            "low": "4.4012",
            "close": "4.3851"
        },
        {
            "time": "31.12.2020 17:52",
            "open": "4.3851",
            "high": "4.3851",
            "low": "4.3684",
            "close": "4.3775"
        },
        {
            "time": "31.12.2020 17:54",
            "open": "4.3775",
            "high": "4.3775",
            "low": "4.3775",
            "close": "4.3804"
        },
        {
            "time": "31.12.2020 18:03",
            "open": "4.3804",
            "high": "4.3804",
            "low": "4.3804",
            "close": "4.3882"
        },
        {
            "time": "31.12.2020 18:09",
            "open": "4.3882",
            "high": "4.3882",
            "low": "4.3818",
            "close": "4.3965"
        },
        {
            "time": "31.12.2020 18:10",
            "open": "4.3965",
            "high": "4.3965",
            "low": "4.3887",
            "close": "4.4298"
        },
        {
            "time": "31.12.2020 18:14",
            "open": "4.4298",
            "high": "4.4298",
            "low": "4.4298",
            "close": "4.4327"
        },
        {
            "time": "31.12.2020 18:16",
            "open": "4.4327",
            "high": "4.4327",
            "low": "4.4327",
            "close": "4.4193"
        },
        {
            "time": "31.12.2020 18:19",
            "open": "4.4193",
            "high": "4.4193",
            "low": "4.4193",
            "close": "4.4053"
        },
        {
            "time": "31.12.2020 18:20",
            "open": "4.4053",
            "high": "4.4053",
            "low": "4.4053",
            "close": "4.408"
        },
        {
            "time": "31.12.2020 18:21",
            "open": "4.408",
            "high": "4.408",
            "low": "4.408",
            "close": "4.4244"
        },
        {
            "time": "31.12.2020 18:23",
            "open": "4.4244",
            "high": "4.4248",
            "low": "4.4243",
            "close": "4.425"
        },
        {
            "time": "31.12.2020 18:35",
            "open": "4.425",
            "high": "4.425",
            "low": "4.425",
            "close": "4.4249"
        },
        {
            "time": "31.12.2020 18:38",
            "open": "4.4249",
            "high": "4.4249",
            "low": "4.4249",
            "close": "4.4371"
        },
        {
            "time": "31.12.2020 18:39",
            "open": "4.4371",
            "high": "4.4371",
            "low": "4.4371",
            "close": "4.4293"
        },
        {
            "time": "31.12.2020 18:45",
            "open": "4.4293",
            "high": "4.4457",
            "low": "4.4293",
            "close": "4.4326"
        },
        {
            "time": "31.12.2020 18:52",
            "open": "4.4326",
            "high": "4.4326",
            "low": "4.4326",
            "close": "4.4326"
        },
        {
            "time": "31.12.2020 18:56",
            "open": "4.4326",
            "high": "4.4326",
            "low": "4.4326",
            "close": "4.4177"
        },
        {
            "time": "31.12.2020 19:07",
            "open": "4.4177",
            "high": "4.4177",
            "low": "4.4177",
            "close": "4.4231"
        },
        {
            "time": "31.12.2020 19:09",
            "open": "4.4231",
            "high": "4.4231",
            "low": "4.4231",
            "close": "4.4202"
        },
        {
            "time": "31.12.2020 19:16",
            "open": "4.4202",
            "high": "4.4202",
            "low": "4.4118",
            "close": "4.4198"
        },
        {
            "time": "31.12.2020 19:21",
            "open": "4.4198",
            "high": "4.4198",
            "low": "4.4198",
            "close": "4.423"
        },
        {
            "time": "31.12.2020 19:30",
            "open": "4.423",
            "high": "4.423",
            "low": "4.423",
            "close": "4.4237"
        },
        {
            "time": "31.12.2020 19:32",
            "open": "4.4237",
            "high": "4.4237",
            "low": "4.4237",
            "close": "4.4238"
        },
        {
            "time": "31.12.2020 19:34",
            "open": "4.4238",
            "high": "4.4238",
            "low": "4.4238",
            "close": "4.4346"
        },
        {
            "time": "31.12.2020 19:47",
            "open": "4.4346",
            "high": "4.4346",
            "low": "4.4346",
            "close": "4.4422"
        },
        {
            "time": "31.12.2020 19:50",
            "open": "4.4422",
            "high": "4.4422",
            "low": "4.4422",
            "close": "4.4348"
        },
        {
            "time": "31.12.2020 19:52",
            "open": "4.4348",
            "high": "4.4348",
            "low": "4.4234",
            "close": "4.4191"
        },
        {
            "time": "31.12.2020 19:53",
            "open": "4.4191",
            "high": "4.4191",
            "low": "4.4137",
            "close": "4.4287"
        },
        {
            "time": "31.12.2020 20:02",
            "open": "4.4287",
            "high": "4.4287",
            "low": "4.4287",
            "close": "4.4264"
        },
        {
            "time": "31.12.2020 20:12",
            "open": "4.4264",
            "high": "4.4264",
            "low": "4.4264",
            "close": "4.4283"
        },
        {
            "time": "31.12.2020 20:16",
            "open": "4.4283",
            "high": "4.4283",
            "low": "4.4283",
            "close": "4.4262"
        },
        {
            "time": "31.12.2020 20:26",
            "open": "4.4262",
            "high": "4.4262",
            "low": "4.4262",
            "close": "4.4232"
        },
        {
            "time": "31.12.2020 20:27",
            "open": "4.4232",
            "high": "4.4232",
            "low": "4.4209",
            "close": "4.4242"
        },
        {
            "time": "31.12.2020 20:31",
            "open": "4.4242",
            "high": "4.4242",
            "low": "4.4242",
            "close": "4.4139"
        },
        {
            "time": "31.12.2020 20:45",
            "open": "4.4139",
            "high": "4.4139",
            "low": "4.4139",
            "close": "4.4124"
        },
        {
            "time": "31.12.2020 20:53",
            "open": "4.4124",
            "high": "4.4124",
            "low": "4.4124",
            "close": "4.4244"
        },
        {
            "time": "31.12.2020 21:03",
            "open": "4.4244",
            "high": "4.4244",
            "low": "4.4244",
            "close": "4.4241"
        },
        {
            "time": "31.12.2020 21:10",
            "open": "4.4241",
            "high": "4.4249",
            "low": "4.4241",
            "close": "4.4245"
        },
        {
            "time": "31.12.2020 21:11",
            "open": "4.4245",
            "high": "4.4245",
            "low": "4.4245",
            "close": "4.4123"
        },
        {
            "time": "31.12.2020 21:17",
            "open": "4.4123",
            "high": "4.4123",
            "low": "4.4123",
            "close": "4.4147"
        },
        {
            "time": "31.12.2020 21:27",
            "open": "4.4147",
            "high": "4.4147",
            "low": "4.4147",
            "close": "4.42"
        },
        {
            "time": "31.12.2020 21:42",
            "open": "4.42",
            "high": "4.42",
            "low": "4.42",
            "close": "4.4154"
        },
        {
            "time": "31.12.2020 21:45",
            "open": "4.4154",
            "high": "4.4154",
            "low": "4.4154",
            "close": "4.4241"
        },
        {
            "time": "31.12.2020 21:51",
            "open": "4.4241",
            "high": "4.4241",
            "low": "4.4241",
            "close": "4.424"
        },
        {
            "time": "31.12.2020 21:52",
            "open": "4.424",
            "high": "4.424",
            "low": "4.424",
            "close": "4.4186"
        },
        {
            "time": "31.12.2020 21:54",
            "open": "4.4186",
            "high": "4.4186",
            "low": "4.4186",
            "close": "4.4067"
        },
        {
            "time": "31.12.2020 21:55",
            "open": "4.4067",
            "high": "4.4128",
            "low": "4.4067",
            "close": "4.3992"
        },
        {
            "time": "31.12.2020 22:01",
            "open": "4.3992",
            "high": "4.3992",
            "low": "4.3992",
            "close": "4.3992"
        },
        {
            "time": "31.12.2020 22:09",
            "open": "4.3992",
            "high": "4.3992",
            "low": "4.3992",
            "close": "4.3992"
        },
        {
            "time": "31.12.2020 22:15",
            "open": "4.3992",
            "high": "4.3992",
            "low": "4.3992",
            "close": "4.3959"
        },
        {
            "time": "31.12.2020 22:18",
            "open": "4.3959",
            "high": "4.3959",
            "low": "4.3959",
            "close": "4.3959"
        },
        {
            "time": "31.12.2020 22:19",
            "open": "4.3959",
            "high": "4.3959",
            "low": "4.378",
            "close": "4.3738"
        },
        {
            "time": "31.12.2020 22:20",
            "open": "4.3738",
            "high": "4.3738",
            "low": "4.3738",
            "close": "4.3738"
        },
        {
            "time": "31.12.2020 22:21",
            "open": "4.3738",
            "high": "4.3738",
            "low": "4.3627",
            "close": "4.3704"
        },
        {
            "time": "31.12.2020 22:23",
            "open": "4.3704",
            "high": "4.3704",
            "low": "4.3704",
            "close": "4.37"
        },
        {
            "time": "31.12.2020 22:24",
            "open": "4.37",
            "high": "4.37",
            "low": "4.37",
            "close": "4.3691"
        },
        {
            "time": "31.12.2020 22:29",
            "open": "4.3691",
            "high": "4.3691",
            "low": "4.3691",
            "close": "4.3687"
        },
        {
            "time": "31.12.2020 22:34",
            "open": "4.3687",
            "high": "4.3687",
            "low": "4.3687",
            "close": "4.3607"
        },
        {
            "time": "31.12.2020 22:35",
            "open": "4.3607",
            "high": "4.3607",
            "low": "4.3607",
            "close": "4.3691"
        },
        {
            "time": "31.12.2020 22:38",
            "open": "4.3691",
            "high": "4.3691",
            "low": "4.3691",
            "close": "4.3672"
        },
        {
            "time": "31.12.2020 22:54",
            "open": "4.3672",
            "high": "4.3672",
            "low": "4.3672",
            "close": "4.3746"
        },
        {
            "time": "31.12.2020 22:58",
            "open": "4.3746",
            "high": "4.3746",
            "low": "4.3746",
            "close": "4.3801"
        },
        {
            "time": "31.12.2020 23:08",
            "open": "4.3801",
            "high": "4.3801",
            "low": "4.3801",
            "close": "4.3731"
        },
        {
            "time": "31.12.2020 23:16",
            "open": "4.3731",
            "high": "4.3731",
            "low": "4.3731",
            "close": "4.3712"
        },
        {
            "time": "31.12.2020 23:17",
            "open": "4.3712",
            "high": "4.3712",
            "low": "4.3712",
            "close": "4.3712"
        },
        {
            "time": "31.12.2020 23:21",
            "open": "4.3712",
            "high": "4.3712",
            "low": "4.3712",
            "close": "4.3712"
        },
        {
            "time": "31.12.2020 23:22",
            "open": "4.3712",
            "high": "4.3715",
            "low": "4.365",
            "close": "4.364"
        },
        {
            "time": "31.12.2020 23:27",
            "open": "4.364",
            "high": "4.364",
            "low": "4.364",
            "close": "4.3606"
        },
        {
            "time": "31.12.2020 23:28",
            "open": "4.3606",
            "high": "4.3606",
            "low": "4.355",
            "close": "4.3617"
        },
        {
            "time": "31.12.2020 23:29",
            "open": "4.3617",
            "high": "4.3618",
            "low": "4.3617",
            "close": "4.3618"
        },
        {
            "time": "31.12.2020 23:38",
            "open": "4.3618",
            "high": "4.3661",
            "low": "4.3618",
            "close": "4.3598"
        },
        {
            "time": "31.12.2020 23:39",
            "open": "4.3598",
            "high": "4.3598",
            "low": "4.35",
            "close": "4.35"
        },
        {
            "time": "31.12.2020 23:40",
            "open": "4.35",
            "high": "4.3652",
            "low": "4.35",
            "close": "4.3625"
        },
        {
            "time": "31.12.2020 23:50",
            "open": "4.3625",
            "high": "4.3625",
            "low": "4.3625",
            "close": "4.356"
        },
        {
            "time": "31.12.2020 23:56",
            "open": "4.356",
            "high": "4.356",
            "low": "4.356",
            "close": "4.356"
        }
    ]
}