{
    "BAND-EUR": [
        {
            "time": "16.07.2021 23:59",
            "open": "4.375",
            "high": "4.375",
            "low": "4.375",
            "close": "4.37"
        },
        {
            "time": "17.07.2021 00:00",
            "open": "4.37",
            "high": "4.37",
            "low": "4.3662",
            "close": "4.39"
        },
        {
            "time": "17.07.2021 00:04",
            "open": "4.39",
            "high": "4.39",
            "low": "4.39",
            "close": "4.395"
        },
        {
            "time": "17.07.2021 00:05",
            "open": "4.395",
            "high": "4.395",
            "low": "4.395",
            "close": "4.3944"
        },
        {
            "time": "17.07.2021 00:08",
            "open": "4.3944",
            "high": "4.3944",
            "low": "4.3944",
            "close": "4.3881"
        },
        {
            "time": "17.07.2021 00:10",
            "open": "4.3881",
            "high": "4.3881",
            "low": "4.3881",
            "close": "4.3884"
        },
        {
            "time": "17.07.2021 00:11",
            "open": "4.3884",
            "high": "4.3884",
            "low": "4.3884",
            "close": "4.4"
        },
        {
            "time": "17.07.2021 00:15",
            "open": "4.4",
            "high": "4.4",
            "low": "4.4",
            "close": "4.3956"
        },
        {
            "time": "17.07.2021 00:17",
            "open": "4.3956",
            "high": "4.3956",
            "low": "4.3956",
            "close": "4.38"
        },
        {
            "time": "17.07.2021 00:26",
            "open": "4.38",
            "high": "4.38",
            "low": "4.38",
            "close": "4.375"
        },
        {
            "time": "17.07.2021 00:27",
            "open": "4.375",
            "high": "4.375",
            "low": "4.37",
            "close": "4.365"
        },
        {
            "time": "17.07.2021 00:28",
            "open": "4.365",
            "high": "4.3651",
            "low": "4.365",
            "close": "4.365"
        },
        {
            "time": "17.07.2021 00:30",
            "open": "4.365",
            "high": "4.365",
            "low": "4.362",
            "close": "4.36"
        },
        {
            "time": "17.07.2021 00:31",
            "open": "4.36",
            "high": "4.36",
            "low": "4.36",
            "close": "4.355"
        },
        {
            "time": "17.07.2021 00:32",
            "open": "4.355",
            "high": "4.3599",
            "low": "4.355",
            "close": "4.3419"
        },
        {
            "time": "17.07.2021 00:34",
            "open": "4.3419",
            "high": "4.3419",
            "low": "4.335",
            "close": "4.335"
        },
        {
            "time": "17.07.2021 00:35",
            "open": "4.335",
            "high": "4.335",
            "low": "4.3348",
            "close": "4.34"
        },
        {
            "time": "17.07.2021 00:36",
            "open": "4.34",
            "high": "4.34",
            "low": "4.34",
            "close": "4.3274"
        },
        {
            "time": "17.07.2021 00:38",
            "open": "4.3274",
            "high": "4.3274",
            "low": "4.3274",
            "close": "4.329"
        },
        {
            "time": "17.07.2021 00:40",
            "open": "4.329",
            "high": "4.329",
            "low": "4.329",
            "close": "4.3202"
        },
        {
            "time": "17.07.2021 00:41",
            "open": "4.3202",
            "high": "4.3202",
            "low": "4.32",
            "close": "4.32"
        },
        {
            "time": "17.07.2021 00:42",
            "open": "4.32",
            "high": "4.325",
            "low": "4.32",
            "close": "4.33"
        },
        {
            "time": "17.07.2021 00:43",
            "open": "4.33",
            "high": "4.33",
            "low": "4.33",
            "close": "4.335"
        },
        {
            "time": "17.07.2021 00:46",
            "open": "4.335",
            "high": "4.335",
            "low": "4.335",
            "close": "4.3252"
        },
        {
            "time": "17.07.2021 00:51",
            "open": "4.3252",
            "high": "4.3252",
            "low": "4.3252",
            "close": "4.315"
        },
        {
            "time": "17.07.2021 00:54",
            "open": "4.315",
            "high": "4.315",
            "low": "4.31",
            "close": "4.3259"
        },
        {
            "time": "17.07.2021 00:57",
            "open": "4.3259",
            "high": "4.3259",
            "low": "4.3259",
            "close": "4.3214"
        },
        {
            "time": "17.07.2021 00:58",
            "open": "4.3214",
            "high": "4.3214",
            "low": "4.3214",
            "close": "4.33"
        },
        {
            "time": "17.07.2021 01:01",
            "open": "4.33",
            "high": "4.33",
            "low": "4.33",
            "close": "4.335"
        },
        {
            "time": "17.07.2021 01:02",
            "open": "4.335",
            "high": "4.34",
            "low": "4.335",
            "close": "4.345"
        },
        {
            "time": "17.07.2021 01:03",
            "open": "4.345",
            "high": "4.345",
            "low": "4.345",
            "close": "4.35"
        },
        {
            "time": "17.07.2021 01:05",
            "open": "4.35",
            "high": "4.35",
            "low": "4.35",
            "close": "4.338"
        },
        {
            "time": "17.07.2021 01:09",
            "open": "4.338",
            "high": "4.338",
            "low": "4.338",
            "close": "4.3442"
        },
        {
            "time": "17.07.2021 01:15",
            "open": "4.3442",
            "high": "4.3442",
            "low": "4.3442",
            "close": "4.3442"
        },
        {
            "time": "17.07.2021 01:16",
            "open": "4.3442",
            "high": "4.3442",
            "low": "4.3442",
            "close": "4.338"
        },
        {
            "time": "17.07.2021 01:18",
            "open": "4.338",
            "high": "4.338",
            "low": "4.338",
            "close": "4.3345"
        },
        {
            "time": "17.07.2021 01:21",
            "open": "4.3345",
            "high": "4.3345",
            "low": "4.33",
            "close": "4.325"
        },
        {
            "time": "17.07.2021 01:23",
            "open": "4.325",
            "high": "4.325",
            "low": "4.325",
            "close": "4.325"
        },
        {
            "time": "17.07.2021 01:24",
            "open": "4.325",
            "high": "4.325",
            "low": "4.315",
            "close": "4.315"
        },
        {
            "time": "17.07.2021 01:25",
            "open": "4.315",
            "high": "4.315",
            "low": "4.3142",
            "close": "4.31"
        },
        {
            "time": "17.07.2021 01:27",
            "open": "4.31",
            "high": "4.31",
            "low": "4.305",
            "close": "4.305"
        },
        {
            "time": "17.07.2021 01:34",
            "open": "4.305",
            "high": "4.305",
            "low": "4.2938",
            "close": "4.295"
        },
        {
            "time": "17.07.2021 01:35",
            "open": "4.295",
            "high": "4.295",
            "low": "4.295",
            "close": "4.3"
        },
        {
            "time": "17.07.2021 01:36",
            "open": "4.3",
            "high": "4.305",
            "low": "4.3",
            "close": "4.31"
        },
        {
            "time": "17.07.2021 01:37",
            "open": "4.31",
            "high": "4.31",
            "low": "4.31",
            "close": "4.2938"
        },
        {
            "time": "17.07.2021 01:44",
            "open": "4.2938",
            "high": "4.2938",
            "low": "4.28",
            "close": "4.305"
        },
        {
            "time": "17.07.2021 01:45",
            "open": "4.305",
            "high": "4.305",
            "low": "4.305",
            "close": "4.2947"
        },
        {
            "time": "17.07.2021 01:48",
            "open": "4.2947",
            "high": "4.2947",
            "low": "4.2947",
            "close": "4.3039"
        },
        {
            "time": "17.07.2021 01:57",
            "open": "4.3039",
            "high": "4.3039",
            "low": "4.3039",
            "close": "4.2945"
        },
        {
            "time": "17.07.2021 02:00",
            "open": "4.2945",
            "high": "4.2945",
            "low": "4.2945",
            "close": "4.285"
        },
        {
            "time": "17.07.2021 02:02",
            "open": "4.285",
            "high": "4.285",
            "low": "4.27",
            "close": "4.265"
        },
        {
            "time": "17.07.2021 02:04",
            "open": "4.265",
            "high": "4.295",
            "low": "4.265",
            "close": "4.3"
        },
        {
            "time": "17.07.2021 02:05",
            "open": "4.3",
            "high": "4.315",
            "low": "4.3",
            "close": "4.32"
        },
        {
            "time": "17.07.2021 02:06",
            "open": "4.32",
            "high": "4.34",
            "low": "4.32",
            "close": "4.32"
        },
        {
            "time": "17.07.2021 02:08",
            "open": "4.32",
            "high": "4.32",
            "low": "4.315",
            "close": "4.315"
        },
        {
            "time": "17.07.2021 02:09",
            "open": "4.315",
            "high": "4.315",
            "low": "4.3",
            "close": "4.3"
        },
        {
            "time": "17.07.2021 02:10",
            "open": "4.3",
            "high": "4.3",
            "low": "4.2668",
            "close": "4.265"
        },
        {
            "time": "17.07.2021 02:11",
            "open": "4.265",
            "high": "4.265",
            "low": "4.26",
            "close": "4.255"
        },
        {
            "time": "17.07.2021 02:12",
            "open": "4.255",
            "high": "4.255",
            "low": "4.255",
            "close": "4.28"
        },
        {
            "time": "17.07.2021 02:25",
            "open": "4.28",
            "high": "4.285",
            "low": "4.28",
            "close": "4.29"
        },
        {
            "time": "17.07.2021 02:31",
            "open": "4.29",
            "high": "4.305",
            "low": "4.29",
            "close": "4.31"
        },
        {
            "time": "17.07.2021 02:34",
            "open": "4.31",
            "high": "4.3131",
            "low": "4.31",
            "close": "4.315"
        },
        {
            "time": "17.07.2021 02:36",
            "open": "4.315",
            "high": "4.32",
            "low": "4.315",
            "close": "4.325"
        },
        {
            "time": "17.07.2021 02:38",
            "open": "4.325",
            "high": "4.325",
            "low": "4.325",
            "close": "4.33"
        },
        {
            "time": "17.07.2021 02:39",
            "open": "4.33",
            "high": "4.335",
            "low": "4.33",
            "close": "4.3336"
        },
        {
            "time": "17.07.2021 02:40",
            "open": "4.3336",
            "high": "4.3336",
            "low": "4.3336",
            "close": "4.34"
        },
        {
            "time": "17.07.2021 02:45",
            "open": "4.34",
            "high": "4.34",
            "low": "4.34",
            "close": "4.3391"
        },
        {
            "time": "17.07.2021 02:47",
            "open": "4.3391",
            "high": "4.3391",
            "low": "4.3391",
            "close": "4.345"
        },
        {
            "time": "17.07.2021 02:50",
            "open": "4.345",
            "high": "4.345",
            "low": "4.345",
            "close": "4.35"
        },
        {
            "time": "17.07.2021 02:53",
            "open": "4.35",
            "high": "4.36",
            "low": "4.35",
            "close": "4.365"
        },
        {
            "time": "17.07.2021 02:56",
            "open": "4.365",
            "high": "4.365",
            "low": "4.365",
            "close": "4.37"
        },
        {
            "time": "17.07.2021 02:57",
            "open": "4.37",
            "high": "4.375",
            "low": "4.37",
            "close": "4.3773"
        },
        {
            "time": "17.07.2021 02:59",
            "open": "4.3773",
            "high": "4.38",
            "low": "4.3773",
            "close": "4.3601"
        },
        {
            "time": "17.07.2021 03:04",
            "open": "4.3601",
            "high": "4.3601",
            "low": "4.3601",
            "close": "4.36"
        },
        {
            "time": "17.07.2021 03:05",
            "open": "4.36",
            "high": "4.36",
            "low": "4.355",
            "close": "4.35"
        },
        {
            "time": "17.07.2021 03:07",
            "open": "4.35",
            "high": "4.35",
            "low": "4.35",
            "close": "4.345"
        },
        {
            "time": "17.07.2021 03:10",
            "open": "4.345",
            "high": "4.345",
            "low": "4.34",
            "close": "4.34"
        },
        {
            "time": "17.07.2021 03:11",
            "open": "4.34",
            "high": "4.34",
            "low": "4.335",
            "close": "4.335"
        },
        {
            "time": "17.07.2021 03:15",
            "open": "4.335",
            "high": "4.335",
            "low": "4.335",
            "close": "4.33"
        },
        {
            "time": "17.07.2021 03:16",
            "open": "4.33",
            "high": "4.33",
            "low": "4.325",
            "close": "4.325"
        },
        {
            "time": "17.07.2021 03:17",
            "open": "4.325",
            "high": "4.325",
            "low": "4.315",
            "close": "4.315"
        },
        {
            "time": "17.07.2021 03:18",
            "open": "4.315",
            "high": "4.315",
            "low": "4.305",
            "close": "4.305"
        },
        {
            "time": "17.07.2021 03:19",
            "open": "4.305",
            "high": "4.305",
            "low": "4.3006",
            "close": "4.325"
        },
        {
            "time": "17.07.2021 03:25",
            "open": "4.325",
            "high": "4.325",
            "low": "4.325",
            "close": "4.33"
        },
        {
            "time": "17.07.2021 03:26",
            "open": "4.33",
            "high": "4.33",
            "low": "4.33",
            "close": "4.335"
        },
        {
            "time": "17.07.2021 03:27",
            "open": "4.335",
            "high": "4.335",
            "low": "4.335",
            "close": "4.3319"
        },
        {
            "time": "17.07.2021 03:28",
            "open": "4.3319",
            "high": "4.3319",
            "low": "4.3319",
            "close": "4.315"
        },
        {
            "time": "17.07.2021 03:30",
            "open": "4.315",
            "high": "4.315",
            "low": "4.315",
            "close": "4.3243"
        },
        {
            "time": "17.07.2021 03:32",
            "open": "4.3243",
            "high": "4.3243",
            "low": "4.3243",
            "close": "4.31"
        },
        {
            "time": "17.07.2021 03:34",
            "open": "4.31",
            "high": "4.31",
            "low": "4.305",
            "close": "4.305"
        },
        {
            "time": "17.07.2021 03:38",
            "open": "4.305",
            "high": "4.305",
            "low": "4.295",
            "close": "4.295"
        },
        {
            "time": "17.07.2021 03:39",
            "open": "4.295",
            "high": "4.295",
            "low": "4.29",
            "close": "4.285"
        },
        {
            "time": "17.07.2021 03:40",
            "open": "4.285",
            "high": "4.285",
            "low": "4.275",
            "close": "4.275"
        },
        {
            "time": "17.07.2021 03:41",
            "open": "4.275",
            "high": "4.275",
            "low": "4.265",
            "close": "4.265"
        },
        {
            "time": "17.07.2021 03:42",
            "open": "4.265",
            "high": "4.265",
            "low": "4.265",
            "close": "4.26"
        },
        {
            "time": "17.07.2021 03:43",
            "open": "4.26",
            "high": "4.26",
            "low": "4.26",
            "close": "4.255"
        },
        {
            "time": "17.07.2021 03:44",
            "open": "4.255",
            "high": "4.255",
            "low": "4.25",
            "close": "4.2529"
        },
        {
            "time": "17.07.2021 03:45",
            "open": "4.2529",
            "high": "4.27",
            "low": "4.2529",
            "close": "4.2695"
        },
        {
            "time": "17.07.2021 03:49",
            "open": "4.2695",
            "high": "4.2695",
            "low": "4.2695",
            "close": "4.275"
        },
        {
            "time": "17.07.2021 03:50",
            "open": "4.275",
            "high": "4.275",
            "low": "4.2728",
            "close": "4.267"
        },
        {
            "time": "17.07.2021 03:51",
            "open": "4.267",
            "high": "4.267",
            "low": "4.267",
            "close": "4.2653"
        },
        {
            "time": "17.07.2021 03:52",
            "open": "4.2653",
            "high": "4.2653",
            "low": "4.2653",
            "close": "4.255"
        },
        {
            "time": "17.07.2021 03:53",
            "open": "4.255",
            "high": "4.255",
            "low": "4.255",
            "close": "4.255"
        },
        {
            "time": "17.07.2021 03:54",
            "open": "4.255",
            "high": "4.255",
            "low": "4.25",
            "close": "4.245"
        },
        {
            "time": "17.07.2021 03:55",
            "open": "4.245",
            "high": "4.245",
            "low": "4.245",
            "close": "4.25"
        },
        {
            "time": "17.07.2021 03:56",
            "open": "4.25",
            "high": "4.25",
            "low": "4.2485",
            "close": "4.2317"
        },
        {
            "time": "17.07.2021 03:57",
            "open": "4.2317",
            "high": "4.2395",
            "low": "4.2099",
            "close": "4.24"
        },
        {
            "time": "17.07.2021 03:58",
            "open": "4.24",
            "high": "4.25",
            "low": "4.24",
            "close": "4.2507"
        },
        {
            "time": "17.07.2021 04:00",
            "open": "4.2507",
            "high": "4.2507",
            "low": "4.2507",
            "close": "4.23"
        },
        {
            "time": "17.07.2021 04:02",
            "open": "4.23",
            "high": "4.236",
            "low": "4.23",
            "close": "4.2354"
        },
        {
            "time": "17.07.2021 04:03",
            "open": "4.2354",
            "high": "4.2354",
            "low": "4.2354",
            "close": "4.23"
        },
        {
            "time": "17.07.2021 04:05",
            "open": "4.23",
            "high": "4.23",
            "low": "4.23",
            "close": "4.225"
        },
        {
            "time": "17.07.2021 04:06",
            "open": "4.225",
            "high": "4.225",
            "low": "4.225",
            "close": "4.2221"
        },
        {
            "time": "17.07.2021 04:08",
            "open": "4.2207",
            "high": "4.2207",
            "low": "4.2207",
            "close": "4.22"
        },
        {
            "time": "17.07.2021 04:13",
            "open": "4.22",
            "high": "4.22",
            "low": "4.22",
            "close": "4.22"
        },
        {
            "time": "17.07.2021 04:17",
            "open": "4.22",
            "high": "4.22",
            "low": "4.22",
            "close": "4.225"
        },
        {
            "time": "17.07.2021 04:18",
            "open": "4.225",
            "high": "4.23",
            "low": "4.225",
            "close": "4.225"
        },
        {
            "time": "17.07.2021 04:21",
            "open": "4.225",
            "high": "4.225",
            "low": "4.225",
            "close": "4.225"
        },
        {
            "time": "17.07.2021 04:22",
            "open": "4.225",
            "high": "4.225",
            "low": "4.225",
            "close": "4.235"
        },
        {
            "time": "17.07.2021 04:30",
            "open": "4.235",
            "high": "4.24",
            "low": "4.235",
            "close": "4.245"
        },
        {
            "time": "17.07.2021 04:31",
            "open": "4.245",
            "high": "4.255",
            "low": "4.245",
            "close": "4.2499"
        },
        {
            "time": "17.07.2021 04:35",
            "open": "4.2499",
            "high": "4.2499",
            "low": "4.2499",
            "close": "4.26"
        },
        {
            "time": "17.07.2021 04:39",
            "open": "4.26",
            "high": "4.26",
            "low": "4.26",
            "close": "4.2633"
        },
        {
            "time": "17.07.2021 04:40",
            "open": "4.2633",
            "high": "4.2633",
            "low": "4.2633",
            "close": "4.253"
        },
        {
            "time": "17.07.2021 04:42",
            "open": "4.253",
            "high": "4.253",
            "low": "4.253",
            "close": "4.265"
        },
        {
            "time": "17.07.2021 04:43",
            "open": "4.265",
            "high": "4.275",
            "low": "4.265",
            "close": "4.2554"
        },
        {
            "time": "17.07.2021 04:44",
            "open": "4.2554",
            "high": "4.2577",
            "low": "4.255",
            "close": "4.25"
        },
        {
            "time": "17.07.2021 04:46",
            "open": "4.25",
            "high": "4.25",
            "low": "4.25",
            "close": "4.245"
        },
        {
            "time": "17.07.2021 04:48",
            "open": "4.245",
            "high": "4.245",
            "low": "4.245",
            "close": "4.24"
        },
        {
            "time": "17.07.2021 04:50",
            "open": "4.24",
            "high": "4.24",
            "low": "4.23",
            "close": "4.225"
        },
        {
            "time": "17.07.2021 04:51",
            "open": "4.225",
            "high": "4.225",
            "low": "4.215",
            "close": "4.2166"
        },
        {
            "time": "17.07.2021 05:01",
            "open": "4.2166",
            "high": "4.2167",
            "low": "4.2166",
            "close": "4.21"
        },
        {
            "time": "17.07.2021 05:02",
            "open": "4.21",
            "high": "4.21",
            "low": "4.21",
            "close": "4.21"
        },
        {
            "time": "17.07.2021 05:04",
            "open": "4.21",
            "high": "4.21",
            "low": "4.205",
            "close": "4.215"
        },
        {
            "time": "17.07.2021 05:05",
            "open": "4.215",
            "high": "4.22",
            "low": "4.215",
            "close": "4.225"
        },
        {
            "time": "17.07.2021 05:06",
            "open": "4.225",
            "high": "4.23",
            "low": "4.225",
            "close": "4.235"
        },
        {
            "time": "17.07.2021 05:09",
            "open": "4.235",
            "high": "4.235",
            "low": "4.235",
            "close": "4.215"
        },
        {
            "time": "17.07.2021 05:10",
            "open": "4.215",
            "high": "4.215",
            "low": "4.215",
            "close": "4.2101"
        },
        {
            "time": "17.07.2021 05:12",
            "open": "4.2101",
            "high": "4.2101",
            "low": "4.2091",
            "close": "4.23"
        },
        {
            "time": "17.07.2021 05:15",
            "open": "4.23",
            "high": "4.2331",
            "low": "4.23",
            "close": "4.235"
        },
        {
            "time": "17.07.2021 05:16",
            "open": "4.235",
            "high": "4.235",
            "low": "4.235",
            "close": "4.24"
        },
        {
            "time": "17.07.2021 05:17",
            "open": "4.24",
            "high": "4.245",
            "low": "4.24",
            "close": "4.25"
        },
        {
            "time": "17.07.2021 05:18",
            "open": "4.25",
            "high": "4.25",
            "low": "4.25",
            "close": "4.255"
        },
        {
            "time": "17.07.2021 05:19",
            "open": "4.255",
            "high": "4.255",
            "low": "4.255",
            "close": "4.2587"
        },
        {
            "time": "17.07.2021 05:21",
            "open": "4.2587",
            "high": "4.2587",
            "low": "4.2587",
            "close": "4.26"
        },
        {
            "time": "17.07.2021 05:29",
            "open": "4.26",
            "high": "4.27",
            "low": "4.26",
            "close": "4.2734"
        },
        {
            "time": "17.07.2021 05:30",
            "open": "4.2734",
            "high": "4.2734",
            "low": "4.2734",
            "close": "4.2551"
        },
        {
            "time": "17.07.2021 05:35",
            "open": "4.2551",
            "high": "4.2551",
            "low": "4.25",
            "close": "4.245"
        },
        {
            "time": "17.07.2021 05:38",
            "open": "4.245",
            "high": "4.245",
            "low": "4.245",
            "close": "4.2591"
        },
        {
            "time": "17.07.2021 05:45",
            "open": "4.2591",
            "high": "4.2591",
            "low": "4.2591",
            "close": "4.245"
        },
        {
            "time": "17.07.2021 05:46",
            "open": "4.245",
            "high": "4.245",
            "low": "4.245",
            "close": "4.2408"
        },
        {
            "time": "17.07.2021 05:47",
            "open": "4.2408",
            "high": "4.2408",
            "low": "4.2408",
            "close": "4.265"
        },
        {
            "time": "17.07.2021 05:50",
            "open": "4.265",
            "high": "4.265",
            "low": "4.265",
            "close": "4.2451"
        },
        {
            "time": "17.07.2021 05:57",
            "open": "4.2451",
            "high": "4.2451",
            "low": "4.245",
            "close": "4.245"
        },
        {
            "time": "17.07.2021 05:58",
            "open": "4.245",
            "high": "4.245",
            "low": "4.245",
            "close": "4.24"
        },
        {
            "time": "17.07.2021 06:00",
            "open": "4.24",
            "high": "4.24",
            "low": "4.24",
            "close": "4.2524"
        },
        {
            "time": "17.07.2021 06:01",
            "open": "4.2524",
            "high": "4.26",
            "low": "4.2524",
            "close": "4.246"
        },
        {
            "time": "17.07.2021 06:04",
            "open": "4.246",
            "high": "4.246",
            "low": "4.246",
            "close": "4.24"
        },
        {
            "time": "17.07.2021 06:06",
            "open": "4.24",
            "high": "4.24",
            "low": "4.23",
            "close": "4.225"
        },
        {
            "time": "17.07.2021 06:09",
            "open": "4.225",
            "high": "4.225",
            "low": "4.225",
            "close": "4.2316"
        },
        {
            "time": "17.07.2021 06:10",
            "open": "4.2316",
            "high": "4.2316",
            "low": "4.2316",
            "close": "4.245"
        },
        {
            "time": "17.07.2021 06:13",
            "open": "4.245",
            "high": "4.245",
            "low": "4.245",
            "close": "4.25"
        },
        {
            "time": "17.07.2021 06:15",
            "open": "4.25",
            "high": "4.25",
            "low": "4.25",
            "close": "4.255"
        },
        {
            "time": "17.07.2021 06:16",
            "open": "4.255",
            "high": "4.255",
            "low": "4.255",
            "close": "4.26"
        },
        {
            "time": "17.07.2021 06:19",
            "open": "4.26",
            "high": "4.26",
            "low": "4.26",
            "close": "4.265"
        },
        {
            "time": "17.07.2021 06:20",
            "open": "4.265",
            "high": "4.275",
            "low": "4.265",
            "close": "4.25"
        },
        {
            "time": "17.07.2021 06:25",
            "open": "4.25",
            "high": "4.25",
            "low": "4.25",
            "close": "4.27"
        },
        {
            "time": "17.07.2021 06:27",
            "open": "4.27",
            "high": "4.27",
            "low": "4.27",
            "close": "4.275"
        },
        {
            "time": "17.07.2021 06:29",
            "open": "4.275",
            "high": "4.275",
            "low": "4.2749",
            "close": "4.275"
        },
        {
            "time": "17.07.2021 06:30",
            "open": "4.275",
            "high": "4.2836",
            "low": "4.275",
            "close": "4.285"
        },
        {
            "time": "17.07.2021 06:31",
            "open": "4.285",
            "high": "4.295",
            "low": "4.285",
            "close": "4.3"
        },
        {
            "time": "17.07.2021 06:36",
            "open": "4.3",
            "high": "4.3",
            "low": "4.3",
            "close": "4.2941"
        },
        {
            "time": "17.07.2021 06:38",
            "open": "4.2941",
            "high": "4.2941",
            "low": "4.2941",
            "close": "4.293"
        },
        {
            "time": "17.07.2021 06:39",
            "open": "4.293",
            "high": "4.293",
            "low": "4.293",
            "close": "4.2851"
        },
        {
            "time": "17.07.2021 06:41",
            "open": "4.2851",
            "high": "4.2851",
            "low": "4.2851",
            "close": "4.2867"
        },
        {
            "time": "17.07.2021 06:43",
            "open": "4.2867",
            "high": "4.2867",
            "low": "4.2867",
            "close": "4.28"
        },
        {
            "time": "17.07.2021 06:45",
            "open": "4.28",
            "high": "4.28",
            "low": "4.2797",
            "close": "4.275"
        },
        {
            "time": "17.07.2021 06:47",
            "open": "4.275",
            "high": "4.275",
            "low": "4.275",
            "close": "4.27"
        },
        {
            "time": "17.07.2021 06:49",
            "open": "4.27",
            "high": "4.27",
            "low": "4.27",
            "close": "4.2868"
        },
        {
            "time": "17.07.2021 07:08",
            "open": "4.2868",
            "high": "4.2868",
            "low": "4.2868",
            "close": "4.2858"
        },
        {
            "time": "17.07.2021 07:10",
            "open": "4.2858",
            "high": "4.2858",
            "low": "4.2858",
            "close": "4.29"
        },
        {
            "time": "17.07.2021 07:16",
            "open": "4.29",
            "high": "4.29",
            "low": "4.29",
            "close": "4.295"
        },
        {
            "time": "17.07.2021 07:17",
            "open": "4.295",
            "high": "4.295",
            "low": "4.295",
            "close": "4.3"
        },
        {
            "time": "17.07.2021 07:23",
            "open": "4.3",
            "high": "4.3",
            "low": "4.3",
            "close": "4.305"
        },
        {
            "time": "17.07.2021 07:24",
            "open": "4.305",
            "high": "4.305",
            "low": "4.305",
            "close": "4.31"
        },
        {
            "time": "17.07.2021 07:26",
            "open": "4.31",
            "high": "4.314",
            "low": "4.31",
            "close": "4.315"
        },
        {
            "time": "17.07.2021 07:28",
            "open": "4.315",
            "high": "4.319",
            "low": "4.315",
            "close": "4.3191"
        },
        {
            "time": "17.07.2021 07:33",
            "open": "4.3191",
            "high": "4.3211",
            "low": "4.3191",
            "close": "4.325"
        },
        {
            "time": "17.07.2021 07:34",
            "open": "4.325",
            "high": "4.33",
            "low": "4.325",
            "close": "4.31"
        },
        {
            "time": "17.07.2021 07:41",
            "open": "4.31",
            "high": "4.31",
            "low": "4.3083",
            "close": "4.305"
        },
        {
            "time": "17.07.2021 07:42",
            "open": "4.305",
            "high": "4.305",
            "low": "4.305",
            "close": "4.3"
        },
        {
            "time": "17.07.2021 07:48",
            "open": "4.3",
            "high": "4.3",
            "low": "4.3",
            "close": "4.32"
        },
        {
            "time": "17.07.2021 08:10",
            "open": "4.32",
            "high": "4.32",
            "low": "4.32",
            "close": "4.325"
        },
        {
            "time": "17.07.2021 08:13",
            "open": "4.325",
            "high": "4.325",
            "low": "4.325",
            "close": "4.325"
        },
        {
            "time": "17.07.2021 08:14",
            "open": "4.325",
            "high": "4.33",
            "low": "4.325",
            "close": "4.3153"
        },
        {
            "time": "17.07.2021 08:18",
            "open": "4.3153",
            "high": "4.3153",
            "low": "4.3153",
            "close": "4.31"
        },
        {
            "time": "17.07.2021 08:20",
            "open": "4.31",
            "high": "4.31",
            "low": "4.31",
            "close": "4.33"
        },
        {
            "time": "17.07.2021 08:32",
            "open": "4.33",
            "high": "4.3335",
            "low": "4.33",
            "close": "4.31"
        },
        {
            "time": "17.07.2021 08:36",
            "open": "4.31",
            "high": "4.31",
            "low": "4.31",
            "close": "4.31"
        },
        {
            "time": "17.07.2021 08:37",
            "open": "4.31",
            "high": "4.31",
            "low": "4.31",
            "close": "4.305"
        },
        {
            "time": "17.07.2021 08:38",
            "open": "4.305",
            "high": "4.305",
            "low": "4.305",
            "close": "4.3041"
        },
        {
            "time": "17.07.2021 08:48",
            "open": "4.3041",
            "high": "4.3041",
            "low": "4.3041",
            "close": "4.315"
        },
        {
            "time": "17.07.2021 08:52",
            "open": "4.315",
            "high": "4.315",
            "low": "4.315",
            "close": "4.325"
        },
        {
            "time": "17.07.2021 08:57",
            "open": "4.325",
            "high": "4.325",
            "low": "4.325",
            "close": "4.33"
        },
        {
            "time": "17.07.2021 08:59",
            "open": "4.33",
            "high": "4.33",
            "low": "4.33",
            "close": "4.31"
        },
        {
            "time": "17.07.2021 09:11",
            "open": "4.31",
            "high": "4.31",
            "low": "4.31",
            "close": "4.305"
        },
        {
            "time": "17.07.2021 09:15",
            "open": "4.305",
            "high": "4.305",
            "low": "4.295",
            "close": "4.29"
        },
        {
            "time": "17.07.2021 09:16",
            "open": "4.29",
            "high": "4.29",
            "low": "4.285",
            "close": "4.28"
        },
        {
            "time": "17.07.2021 09:18",
            "open": "4.28",
            "high": "4.28",
            "low": "4.28",
            "close": "4.2894"
        },
        {
            "time": "17.07.2021 09:21",
            "open": "4.2894",
            "high": "4.2911",
            "low": "4.2894",
            "close": "4.275"
        },
        {
            "time": "17.07.2021 09:28",
            "open": "4.275",
            "high": "4.275",
            "low": "4.2722",
            "close": "4.27"
        },
        {
            "time": "17.07.2021 09:29",
            "open": "4.27",
            "high": "4.27",
            "low": "4.2699",
            "close": "4.29"
        },
        {
            "time": "17.07.2021 09:33",
            "open": "4.29",
            "high": "4.29",
            "low": "4.29",
            "close": "4.295"
        },
        {
            "time": "17.07.2021 09:49",
            "open": "4.295",
            "high": "4.295",
            "low": "4.295",
            "close": "4.2719"
        },
        {
            "time": "17.07.2021 09:56",
            "open": "4.2719",
            "high": "4.2719",
            "low": "4.2719",
            "close": "4.2768"
        },
        {
            "time": "17.07.2021 09:59",
            "open": "4.2768",
            "high": "4.2769",
            "low": "4.2768",
            "close": "4.27"
        },
        {
            "time": "17.07.2021 10:01",
            "open": "4.27",
            "high": "4.27",
            "low": "4.26",
            "close": "4.255"
        },
        {
            "time": "17.07.2021 10:02",
            "open": "4.255",
            "high": "4.255",
            "low": "4.255",
            "close": "4.25"
        },
        {
            "time": "17.07.2021 10:03",
            "open": "4.25",
            "high": "4.25",
            "low": "4.25",
            "close": "4.245"
        },
        {
            "time": "17.07.2021 10:04",
            "open": "4.245",
            "high": "4.245",
            "low": "4.24",
            "close": "4.2413"
        },
        {
            "time": "17.07.2021 10:05",
            "open": "4.2413",
            "high": "4.2429",
            "low": "4.2413",
            "close": "4.235"
        },
        {
            "time": "17.07.2021 10:08",
            "open": "4.235",
            "high": "4.235",
            "low": "4.23",
            "close": "4.23"
        },
        {
            "time": "17.07.2021 10:09",
            "open": "4.23",
            "high": "4.23",
            "low": "4.225",
            "close": "4.2217"
        },
        {
            "time": "17.07.2021 10:10",
            "open": "4.2217",
            "high": "4.2217",
            "low": "4.2217",
            "close": "4.2202"
        },
        {
            "time": "17.07.2021 10:13",
            "open": "4.2202",
            "high": "4.2202",
            "low": "4.215",
            "close": "4.21"
        },
        {
            "time": "17.07.2021 10:15",
            "open": "4.21",
            "high": "4.21",
            "low": "4.21",
            "close": "4.23"
        },
        {
            "time": "17.07.2021 10:18",
            "open": "4.23",
            "high": "4.2482",
            "low": "4.23",
            "close": "4.2475"
        },
        {
            "time": "17.07.2021 10:21",
            "open": "4.2475",
            "high": "4.2475",
            "low": "4.2475",
            "close": "4.25"
        },
        {
            "time": "17.07.2021 10:22",
            "open": "4.25",
            "high": "4.25",
            "low": "4.25",
            "close": "4.2457"
        },
        {
            "time": "17.07.2021 10:23",
            "open": "4.2457",
            "high": "4.2457",
            "low": "4.2457",
            "close": "4.23"
        },
        {
            "time": "17.07.2021 10:30",
            "open": "4.23",
            "high": "4.23",
            "low": "4.2299",
            "close": "4.225"
        },
        {
            "time": "17.07.2021 10:31",
            "open": "4.225",
            "high": "4.225",
            "low": "4.225",
            "close": "4.245"
        },
        {
            "time": "17.07.2021 10:33",
            "open": "4.245",
            "high": "4.25",
            "low": "4.245",
            "close": "4.2549"
        },
        {
            "time": "17.07.2021 10:34",
            "open": "4.2549",
            "high": "4.26",
            "low": "4.2538",
            "close": "4.2608"
        },
        {
            "time": "17.07.2021 10:35",
            "open": "4.2608",
            "high": "4.2608",
            "low": "4.2608",
            "close": "4.265"
        },
        {
            "time": "17.07.2021 10:37",
            "open": "4.265",
            "high": "4.275",
            "low": "4.265",
            "close": "4.28"
        },
        {
            "time": "17.07.2021 10:38",
            "open": "4.28",
            "high": "4.3",
            "low": "4.28",
            "close": "4.305"
        },
        {
            "time": "17.07.2021 10:39",
            "open": "4.305",
            "high": "4.32",
            "low": "4.305",
            "close": "4.325"
        },
        {
            "time": "17.07.2021 10:40",
            "open": "4.325",
            "high": "4.355",
            "low": "4.325",
            "close": "4.3449"
        },
        {
            "time": "17.07.2021 10:41",
            "open": "4.3449",
            "high": "4.36",
            "low": "4.3449",
            "close": "4.365"
        },
        {
            "time": "17.07.2021 10:42",
            "open": "4.365",
            "high": "4.365",
            "low": "4.3627",
            "close": "4.35"
        },
        {
            "time": "17.07.2021 10:43",
            "open": "4.35",
            "high": "4.3526",
            "low": "4.345",
            "close": "4.3681"
        },
        {
            "time": "17.07.2021 10:44",
            "open": "4.3681",
            "high": "4.37",
            "low": "4.3681",
            "close": "4.375"
        },
        {
            "time": "17.07.2021 10:45",
            "open": "4.375",
            "high": "4.395",
            "low": "4.375",
            "close": "4.375"
        },
        {
            "time": "17.07.2021 10:46",
            "open": "4.375",
            "high": "4.3751",
            "low": "4.375",
            "close": "4.3778"
        },
        {
            "time": "17.07.2021 10:47",
            "open": "4.3778",
            "high": "4.3815",
            "low": "4.3778",
            "close": "4.3886"
        },
        {
            "time": "17.07.2021 10:48",
            "open": "4.3886",
            "high": "4.39",
            "low": "4.3886",
            "close": "4.3871"
        },
        {
            "time": "17.07.2021 10:49",
            "open": "4.3871",
            "high": "4.3871",
            "low": "4.3871",
            "close": "4.375"
        },
        {
            "time": "17.07.2021 10:51",
            "open": "4.375",
            "high": "4.375",
            "low": "4.3451",
            "close": "4.3451"
        },
        {
            "time": "17.07.2021 10:52",
            "open": "4.3451",
            "high": "4.3451",
            "low": "4.3451",
            "close": "4.354"
        },
        {
            "time": "17.07.2021 10:53",
            "open": "4.354",
            "high": "4.354",
            "low": "4.354",
            "close": "4.345"
        },
        {
            "time": "17.07.2021 10:55",
            "open": "4.345",
            "high": "4.345",
            "low": "4.33",
            "close": "4.3326"
        },
        {
            "time": "17.07.2021 10:56",
            "open": "4.3326",
            "high": "4.3326",
            "low": "4.325",
            "close": "4.325"
        },
        {
            "time": "17.07.2021 10:57",
            "open": "4.325",
            "high": "4.325",
            "low": "4.32",
            "close": "4.32"
        },
        {
            "time": "17.07.2021 10:58",
            "open": "4.32",
            "high": "4.32",
            "low": "4.31",
            "close": "4.3217"
        },
        {
            "time": "17.07.2021 11:00",
            "open": "4.3217",
            "high": "4.3217",
            "low": "4.3",
            "close": "4.3002"
        },
        {
            "time": "17.07.2021 11:01",
            "open": "4.3002",
            "high": "4.3074",
            "low": "4.3002",
            "close": "4.3081"
        },
        {
            "time": "17.07.2021 11:02",
            "open": "4.3081",
            "high": "4.3081",
            "low": "4.3051",
            "close": "4.2978"
        },
        {
            "time": "17.07.2021 11:03",
            "open": "4.2978",
            "high": "4.2978",
            "low": "4.2978",
            "close": "4.295"
        },
        {
            "time": "17.07.2021 11:05",
            "open": "4.295",
            "high": "4.295",
            "low": "4.29",
            "close": "4.3032"
        },
        {
            "time": "17.07.2021 11:06",
            "open": "4.3032",
            "high": "4.3066",
            "low": "4.2918",
            "close": "4.2945"
        },
        {
            "time": "17.07.2021 11:07",
            "open": "4.2945",
            "high": "4.2982",
            "low": "4.2945",
            "close": "4.3006"
        },
        {
            "time": "17.07.2021 11:08",
            "open": "4.3006",
            "high": "4.3075",
            "low": "4.3006",
            "close": "4.3005"
        },
        {
            "time": "17.07.2021 11:10",
            "open": "4.3005",
            "high": "4.3005",
            "low": "4.3005",
            "close": "4.31"
        },
        {
            "time": "17.07.2021 11:11",
            "open": "4.31",
            "high": "4.31",
            "low": "4.31",
            "close": "4.315"
        },
        {
            "time": "17.07.2021 11:13",
            "open": "4.315",
            "high": "4.315",
            "low": "4.315",
            "close": "4.32"
        },
        {
            "time": "17.07.2021 11:14",
            "open": "4.32",
            "high": "4.325",
            "low": "4.319",
            "close": "4.33"
        },
        {
            "time": "17.07.2021 11:17",
            "open": "4.33",
            "high": "4.331",
            "low": "4.33",
            "close": "4.3281"
        },
        {
            "time": "17.07.2021 11:20",
            "open": "4.3281",
            "high": "4.34",
            "low": "4.3281",
            "close": "4.3384"
        },
        {
            "time": "17.07.2021 11:21",
            "open": "4.3384",
            "high": "4.3384",
            "low": "4.3384",
            "close": "4.3352"
        },
        {
            "time": "17.07.2021 11:24",
            "open": "4.3352",
            "high": "4.3352",
            "low": "4.3352",
            "close": "4.345"
        },
        {
            "time": "17.07.2021 11:25",
            "open": "4.345",
            "high": "4.35",
            "low": "4.345",
            "close": "4.355"
        },
        {
            "time": "17.07.2021 11:27",
            "open": "4.355",
            "high": "4.355",
            "low": "4.355",
            "close": "4.3475"
        },
        {
            "time": "17.07.2021 11:29",
            "open": "4.3475",
            "high": "4.3475",
            "low": "4.3475",
            "close": "4.335"
        },
        {
            "time": "17.07.2021 11:31",
            "open": "4.335",
            "high": "4.335",
            "low": "4.325",
            "close": "4.32"
        },
        {
            "time": "17.07.2021 11:35",
            "open": "4.32",
            "high": "4.32",
            "low": "4.315",
            "close": "4.3314"
        },
        {
            "time": "17.07.2021 11:40",
            "open": "4.3314",
            "high": "4.3314",
            "low": "4.3314",
            "close": "4.315"
        },
        {
            "time": "17.07.2021 11:43",
            "open": "4.315",
            "high": "4.315",
            "low": "4.315",
            "close": "4.31"
        },
        {
            "time": "17.07.2021 11:44",
            "open": "4.31",
            "high": "4.31",
            "low": "4.31",
            "close": "4.305"
        },
        {
            "time": "17.07.2021 11:45",
            "open": "4.305",
            "high": "4.305",
            "low": "4.305",
            "close": "4.3"
        },
        {
            "time": "17.07.2021 11:46",
            "open": "4.3",
            "high": "4.3",
            "low": "4.3",
            "close": "4.3"
        },
        {
            "time": "17.07.2021 11:52",
            "open": "4.3",
            "high": "4.3",
            "low": "4.3",
            "close": "4.2985"
        },
        {
            "time": "17.07.2021 11:55",
            "open": "4.2985",
            "high": "4.2985",
            "low": "4.2985",
            "close": "4.295"
        },
        {
            "time": "17.07.2021 11:58",
            "open": "4.295",
            "high": "4.295",
            "low": "4.295",
            "close": "4.29"
        },
        {
            "time": "17.07.2021 11:59",
            "open": "4.29",
            "high": "4.29",
            "low": "4.29",
            "close": "4.29"
        },
        {
            "time": "17.07.2021 12:00",
            "open": "4.29",
            "high": "4.29",
            "low": "4.286",
            "close": "4.285"
        },
        {
            "time": "17.07.2021 12:01",
            "open": "4.285",
            "high": "4.285",
            "low": "4.28",
            "close": "4.2771"
        },
        {
            "time": "17.07.2021 12:02",
            "open": "4.2771",
            "high": "4.2771",
            "low": "4.275",
            "close": "4.275"
        },
        {
            "time": "17.07.2021 12:03",
            "open": "4.275",
            "high": "4.275",
            "low": "4.275",
            "close": "4.27"
        },
        {
            "time": "17.07.2021 12:05",
            "open": "4.27",
            "high": "4.27",
            "low": "4.27",
            "close": "4.265"
        },
        {
            "time": "17.07.2021 12:06",
            "open": "4.265",
            "high": "4.265",
            "low": "4.26",
            "close": "4.255"
        },
        {
            "time": "17.07.2021 12:07",
            "open": "4.255",
            "high": "4.255",
            "low": "4.245",
            "close": "4.245"
        },
        {
            "time": "17.07.2021 12:12",
            "open": "4.245",
            "high": "4.245",
            "low": "4.2301",
            "close": "4.23"
        },
        {
            "time": "17.07.2021 12:13",
            "open": "4.23",
            "high": "4.23",
            "low": "4.2202",
            "close": "4.225"
        },
        {
            "time": "17.07.2021 12:14",
            "open": "4.225",
            "high": "4.225",
            "low": "4.225",
            "close": "4.2202"
        },
        {
            "time": "17.07.2021 12:15",
            "open": "4.2202",
            "high": "4.2291",
            "low": "4.22",
            "close": "4.22"
        },
        {
            "time": "17.07.2021 12:25",
            "open": "4.22",
            "high": "4.22",
            "low": "4.22",
            "close": "4.2153"
        },
        {
            "time": "17.07.2021 12:26",
            "open": "4.2153",
            "high": "4.2153",
            "low": "4.21",
            "close": "4.21"
        },
        {
            "time": "17.07.2021 12:27",
            "open": "4.21",
            "high": "4.21",
            "low": "4.21",
            "close": "4.2228"
        },
        {
            "time": "17.07.2021 12:28",
            "open": "4.2228",
            "high": "4.2228",
            "low": "4.2228",
            "close": "4.2255"
        },
        {
            "time": "17.07.2021 12:30",
            "open": "4.2255",
            "high": "4.2255",
            "low": "4.2255",
            "close": "4.23"
        },
        {
            "time": "17.07.2021 12:31",
            "open": "4.23",
            "high": "4.235",
            "low": "4.23",
            "close": "4.24"
        },
        {
            "time": "17.07.2021 12:35",
            "open": "4.24",
            "high": "4.245",
            "low": "4.2354",
            "close": "4.2309"
        },
        {
            "time": "17.07.2021 12:46",
            "open": "4.2309",
            "high": "4.2309",
            "low": "4.2309",
            "close": "4.225"
        },
        {
            "time": "17.07.2021 12:48",
            "open": "4.225",
            "high": "4.225",
            "low": "4.22",
            "close": "4.2216"
        },
        {
            "time": "17.07.2021 12:49",
            "open": "4.2216",
            "high": "4.2216",
            "low": "4.2216",
            "close": "4.215"
        },
        {
            "time": "17.07.2021 12:51",
            "open": "4.215",
            "high": "4.215",
            "low": "4.215",
            "close": "4.215"
        },
        {
            "time": "17.07.2021 12:56",
            "open": "4.215",
            "high": "4.215",
            "low": "4.215",
            "close": "4.21"
        },
        {
            "time": "17.07.2021 12:57",
            "open": "4.21",
            "high": "4.21",
            "low": "4.21",
            "close": "4.21"
        },
        {
            "time": "17.07.2021 12:58",
            "open": "4.21",
            "high": "4.21",
            "low": "4.205",
            "close": "4.205"
        },
        {
            "time": "17.07.2021 13:00",
            "open": "4.205",
            "high": "4.205",
            "low": "4.2",
            "close": "4.2195"
        },
        {
            "time": "17.07.2021 13:01",
            "open": "4.2195",
            "high": "4.235",
            "low": "4.2195",
            "close": "4.2246"
        },
        {
            "time": "17.07.2021 13:03",
            "open": "4.2246",
            "high": "4.2246",
            "low": "4.2246",
            "close": "4.2246"
        },
        {
            "time": "17.07.2021 13:05",
            "open": "4.2246",
            "high": "4.2246",
            "low": "4.2246",
            "close": "4.24"
        },
        {
            "time": "17.07.2021 13:08",
            "open": "4.24",
            "high": "4.24",
            "low": "4.24",
            "close": "4.245"
        },
        {
            "time": "17.07.2021 13:09",
            "open": "4.245",
            "high": "4.245",
            "low": "4.2435",
            "close": "4.245"
        },
        {
            "time": "17.07.2021 13:10",
            "open": "4.245",
            "high": "4.245",
            "low": "4.245",
            "close": "4.244"
        },
        {
            "time": "17.07.2021 13:11",
            "open": "4.244",
            "high": "4.244",
            "low": "4.244",
            "close": "4.2445"
        },
        {
            "time": "17.07.2021 13:13",
            "open": "4.2445",
            "high": "4.2445",
            "low": "4.2441",
            "close": "4.2353"
        },
        {
            "time": "17.07.2021 13:19",
            "open": "4.2353",
            "high": "4.2353",
            "low": "4.2353",
            "close": "4.2273"
        },
        {
            "time": "17.07.2021 13:22",
            "open": "4.2273",
            "high": "4.2273",
            "low": "4.225",
            "close": "4.225"
        },
        {
            "time": "17.07.2021 13:23",
            "open": "4.225",
            "high": "4.225",
            "low": "4.225",
            "close": "4.2337"
        },
        {
            "time": "17.07.2021 13:28",
            "open": "4.2337",
            "high": "4.2372",
            "low": "4.2337",
            "close": "4.2314"
        },
        {
            "time": "17.07.2021 13:30",
            "open": "4.2314",
            "high": "4.2314",
            "low": "4.2314",
            "close": "4.245"
        },
        {
            "time": "17.07.2021 13:35",
            "open": "4.245",
            "high": "4.245",
            "low": "4.245",
            "close": "4.25"
        },
        {
            "time": "17.07.2021 13:40",
            "open": "4.25",
            "high": "4.25",
            "low": "4.25",
            "close": "4.2483"
        },
        {
            "time": "17.07.2021 13:43",
            "open": "4.2483",
            "high": "4.255",
            "low": "4.2483",
            "close": "4.2517"
        },
        {
            "time": "17.07.2021 13:45",
            "open": "4.2517",
            "high": "4.2517",
            "low": "4.2517",
            "close": "4.2516"
        },
        {
            "time": "17.07.2021 13:46",
            "open": "4.2516",
            "high": "4.2516",
            "low": "4.2516",
            "close": "4.2516"
        },
        {
            "time": "17.07.2021 13:47",
            "open": "4.2516",
            "high": "4.2516",
            "low": "4.2516",
            "close": "4.26"
        },
        {
            "time": "17.07.2021 13:50",
            "open": "4.26",
            "high": "4.2622",
            "low": "4.26",
            "close": "4.265"
        },
        {
            "time": "17.07.2021 13:55",
            "open": "4.265",
            "high": "4.265",
            "low": "4.265",
            "close": "4.2536"
        },
        {
            "time": "17.07.2021 13:57",
            "open": "4.2536",
            "high": "4.2536",
            "low": "4.2536",
            "close": "4.2506"
        },
        {
            "time": "17.07.2021 13:58",
            "open": "4.2506",
            "high": "4.2506",
            "low": "4.245",
            "close": "4.2554"
        },
        {
            "time": "17.07.2021 14:06",
            "open": "4.2554",
            "high": "4.2554",
            "low": "4.2554",
            "close": "4.27"
        },
        {
            "time": "17.07.2021 14:12",
            "open": "4.27",
            "high": "4.2739",
            "low": "4.27",
            "close": "4.275"
        },
        {
            "time": "17.07.2021 14:13",
            "open": "4.275",
            "high": "4.275",
            "low": "4.275",
            "close": "4.28"
        },
        {
            "time": "17.07.2021 14:15",
            "open": "4.28",
            "high": "4.28",
            "low": "4.28",
            "close": "4.2804"
        },
        {
            "time": "17.07.2021 14:16",
            "open": "4.2804",
            "high": "4.2804",
            "low": "4.2804",
            "close": "4.275"
        },
        {
            "time": "17.07.2021 14:19",
            "open": "4.275",
            "high": "4.275",
            "low": "4.275",
            "close": "4.2705"
        },
        {
            "time": "17.07.2021 14:20",
            "open": "4.2705",
            "high": "4.2705",
            "low": "4.2705",
            "close": "4.285"
        },
        {
            "time": "17.07.2021 14:25",
            "open": "4.285",
            "high": "4.2919",
            "low": "4.285",
            "close": "4.286"
        },
        {
            "time": "17.07.2021 14:31",
            "open": "4.286",
            "high": "4.286",
            "low": "4.286",
            "close": "4.2822"
        },
        {
            "time": "17.07.2021 14:34",
            "open": "4.2822",
            "high": "4.2822",
            "low": "4.2803",
            "close": "4.2899"
        },
        {
            "time": "17.07.2021 14:36",
            "open": "4.2899",
            "high": "4.2899",
            "low": "4.2899",
            "close": "4.2942"
        },
        {
            "time": "17.07.2021 14:37",
            "open": "4.2942",
            "high": "4.2952",
            "low": "4.2942",
            "close": "4.2795"
        },
        {
            "time": "17.07.2021 14:41",
            "open": "4.2795",
            "high": "4.2795",
            "low": "4.2795",
            "close": "4.275"
        },
        {
            "time": "17.07.2021 14:43",
            "open": "4.275",
            "high": "4.275",
            "low": "4.275",
            "close": "4.27"
        },
        {
            "time": "17.07.2021 14:46",
            "open": "4.27",
            "high": "4.27",
            "low": "4.27",
            "close": "4.2767"
        },
        {
            "time": "17.07.2021 14:50",
            "open": "4.2767",
            "high": "4.2767",
            "low": "4.2767",
            "close": "4.2708"
        },
        {
            "time": "17.07.2021 14:55",
            "open": "4.2708",
            "high": "4.2708",
            "low": "4.2699",
            "close": "4.2831"
        },
        {
            "time": "17.07.2021 15:02",
            "open": "4.2831",
            "high": "4.2831",
            "low": "4.2831",
            "close": "4.2855"
        },
        {
            "time": "17.07.2021 15:07",
            "open": "4.2855",
            "high": "4.2855",
            "low": "4.2855",
            "close": "4.2852"
        },
        {
            "time": "17.07.2021 15:08",
            "open": "4.2852",
            "high": "4.2852",
            "low": "4.2852",
            "close": "4.29"
        },
        {
            "time": "17.07.2021 15:10",
            "open": "4.29",
            "high": "4.29",
            "low": "4.29",
            "close": "4.2861"
        },
        {
            "time": "17.07.2021 15:12",
            "open": "4.2861",
            "high": "4.2861",
            "low": "4.2861",
            "close": "4.295"
        },
        {
            "time": "17.07.2021 15:15",
            "open": "4.295",
            "high": "4.295",
            "low": "4.295",
            "close": "4.275"
        },
        {
            "time": "17.07.2021 15:16",
            "open": "4.275",
            "high": "4.275",
            "low": "4.275",
            "close": "4.27"
        },
        {
            "time": "17.07.2021 15:18",
            "open": "4.27",
            "high": "4.27",
            "low": "4.265",
            "close": "4.26"
        },
        {
            "time": "17.07.2021 15:19",
            "open": "4.26",
            "high": "4.26",
            "low": "4.26",
            "close": "4.2721"
        },
        {
            "time": "17.07.2021 15:21",
            "open": "4.2721",
            "high": "4.2721",
            "low": "4.2721",
            "close": "4.2607"
        },
        {
            "time": "17.07.2021 15:23",
            "open": "4.2607",
            "high": "4.2607",
            "low": "4.2607",
            "close": "4.26"
        },
        {
            "time": "17.07.2021 15:24",
            "open": "4.26",
            "high": "4.26",
            "low": "4.26",
            "close": "4.255"
        },
        {
            "time": "17.07.2021 15:26",
            "open": "4.255",
            "high": "4.255",
            "low": "4.255",
            "close": "4.25"
        },
        {
            "time": "17.07.2021 15:27",
            "open": "4.25",
            "high": "4.25",
            "low": "4.25",
            "close": "4.245"
        },
        {
            "time": "17.07.2021 15:29",
            "open": "4.245",
            "high": "4.245",
            "low": "4.245",
            "close": "4.2409"
        },
        {
            "time": "17.07.2021 15:30",
            "open": "4.2409",
            "high": "4.2477",
            "low": "4.2397",
            "close": "4.26"
        },
        {
            "time": "17.07.2021 15:36",
            "open": "4.26",
            "high": "4.26",
            "low": "4.26",
            "close": "4.265"
        },
        {
            "time": "17.07.2021 15:44",
            "open": "4.265",
            "high": "4.29",
            "low": "4.265",
            "close": "4.295"
        },
        {
            "time": "17.07.2021 15:45",
            "open": "4.295",
            "high": "4.31",
            "low": "4.295",
            "close": "4.3102"
        },
        {
            "time": "17.07.2021 15:46",
            "open": "4.3102",
            "high": "4.3102",
            "low": "4.3102",
            "close": "4.3107"
        },
        {
            "time": "17.07.2021 15:47",
            "open": "4.3107",
            "high": "4.3107",
            "low": "4.3107",
            "close": "4.2945"
        },
        {
            "time": "17.07.2021 15:49",
            "open": "4.2945",
            "high": "4.2945",
            "low": "4.29",
            "close": "4.285"
        },
        {
            "time": "17.07.2021 15:50",
            "open": "4.285",
            "high": "4.285",
            "low": "4.275",
            "close": "4.2738"
        },
        {
            "time": "17.07.2021 15:51",
            "open": "4.2738",
            "high": "4.2738",
            "low": "4.27",
            "close": "4.29"
        },
        {
            "time": "17.07.2021 15:54",
            "open": "4.29",
            "high": "4.29",
            "low": "4.29",
            "close": "4.295"
        },
        {
            "time": "17.07.2021 15:55",
            "open": "4.295",
            "high": "4.295",
            "low": "4.295",
            "close": "4.3"
        },
        {
            "time": "17.07.2021 15:56",
            "open": "4.3",
            "high": "4.3",
            "low": "4.3",
            "close": "4.2945"
        },
        {
            "time": "17.07.2021 16:00",
            "open": "4.2945",
            "high": "4.2945",
            "low": "4.2945",
            "close": "4.305"
        },
        {
            "time": "17.07.2021 16:04",
            "open": "4.305",
            "high": "4.305",
            "low": "4.305",
            "close": "4.31"
        },
        {
            "time": "17.07.2021 16:06",
            "open": "4.31",
            "high": "4.31",
            "low": "4.31",
            "close": "4.315"
        },
        {
            "time": "17.07.2021 16:07",
            "open": "4.315",
            "high": "4.3191",
            "low": "4.315",
            "close": "4.32"
        },
        {
            "time": "17.07.2021 16:08",
            "open": "4.32",
            "high": "4.325",
            "low": "4.32",
            "close": "4.31"
        },
        {
            "time": "17.07.2021 16:12",
            "open": "4.31",
            "high": "4.31",
            "low": "4.31",
            "close": "4.313"
        },
        {
            "time": "17.07.2021 16:13",
            "open": "4.313",
            "high": "4.313",
            "low": "4.313",
            "close": "4.3071"
        },
        {
            "time": "17.07.2021 16:24",
            "open": "4.3071",
            "high": "4.3071",
            "low": "4.295",
            "close": "4.293"
        },
        {
            "time": "17.07.2021 16:26",
            "open": "4.293",
            "high": "4.293",
            "low": "4.293",
            "close": "4.29"
        },
        {
            "time": "17.07.2021 16:30",
            "open": "4.29",
            "high": "4.29",
            "low": "4.29",
            "close": "4.2896"
        },
        {
            "time": "17.07.2021 16:31",
            "open": "4.2896",
            "high": "4.2896",
            "low": "4.2896",
            "close": "4.2852"
        },
        {
            "time": "17.07.2021 16:37",
            "open": "4.2852",
            "high": "4.2852",
            "low": "4.2852",
            "close": "4.2973"
        },
        {
            "time": "17.07.2021 16:43",
            "open": "4.2973",
            "high": "4.2973",
            "low": "4.2973",
            "close": "4.285"
        },
        {
            "time": "17.07.2021 16:45",
            "open": "4.285",
            "high": "4.285",
            "low": "4.285",
            "close": "4.285"
        },
        {
            "time": "17.07.2021 16:49",
            "open": "4.285",
            "high": "4.285",
            "low": "4.28",
            "close": "4.2751"
        },
        {
            "time": "17.07.2021 16:50",
            "open": "4.2751",
            "high": "4.2751",
            "low": "4.275",
            "close": "4.2749"
        },
        {
            "time": "17.07.2021 16:54",
            "open": "4.2749",
            "high": "4.2749",
            "low": "4.27",
            "close": "4.2728"
        },
        {
            "time": "17.07.2021 16:58",
            "open": "4.2728",
            "high": "4.2728",
            "low": "4.2706",
            "close": "4.27"
        },
        {
            "time": "17.07.2021 16:59",
            "open": "4.27",
            "high": "4.27",
            "low": "4.27",
            "close": "4.265"
        },
        {
            "time": "17.07.2021 17:01",
            "open": "4.265",
            "high": "4.265",
            "low": "4.26",
            "close": "4.255"
        },
        {
            "time": "17.07.2021 17:03",
            "open": "4.255",
            "high": "4.255",
            "low": "4.25",
            "close": "4.25"
        },
        {
            "time": "17.07.2021 17:05",
            "open": "4.25",
            "high": "4.25",
            "low": "4.245",
            "close": "4.24"
        },
        {
            "time": "17.07.2021 17:07",
            "open": "4.24",
            "high": "4.24",
            "low": "4.24",
            "close": "4.2429"
        },
        {
            "time": "17.07.2021 17:09",
            "open": "4.2429",
            "high": "4.2429",
            "low": "4.2429",
            "close": "4.2453"
        },
        {
            "time": "17.07.2021 17:17",
            "open": "4.2453",
            "high": "4.2453",
            "low": "4.2453",
            "close": "4.2429"
        },
        {
            "time": "17.07.2021 17:18",
            "open": "4.2429",
            "high": "4.2429",
            "low": "4.2429",
            "close": "4.235"
        },
        {
            "time": "17.07.2021 17:19",
            "open": "4.235",
            "high": "4.235",
            "low": "4.235",
            "close": "4.23"
        },
        {
            "time": "17.07.2021 17:24",
            "open": "4.23",
            "high": "4.23",
            "low": "4.225",
            "close": "4.2414"
        },
        {
            "time": "17.07.2021 17:28",
            "open": "4.2414",
            "high": "4.2446",
            "low": "4.2414",
            "close": "4.2357"
        },
        {
            "time": "17.07.2021 17:31",
            "open": "4.2357",
            "high": "4.2357",
            "low": "4.2357",
            "close": "4.2409"
        },
        {
            "time": "17.07.2021 17:40",
            "open": "4.2409",
            "high": "4.2409",
            "low": "4.2409",
            "close": "4.2385"
        },
        {
            "time": "17.07.2021 17:44",
            "open": "4.2385",
            "high": "4.2385",
            "low": "4.2385",
            "close": "4.25"
        },
        {
            "time": "17.07.2021 17:46",
            "open": "4.25",
            "high": "4.25",
            "low": "4.25",
            "close": "4.255"
        },
        {
            "time": "17.07.2021 17:47",
            "open": "4.255",
            "high": "4.2574",
            "low": "4.255",
            "close": "4.2521"
        },
        {
            "time": "17.07.2021 17:54",
            "open": "4.2521",
            "high": "4.2521",
            "low": "4.2521",
            "close": "4.253"
        },
        {
            "time": "17.07.2021 17:55",
            "open": "4.253",
            "high": "4.253",
            "low": "4.253",
            "close": "4.255"
        },
        {
            "time": "17.07.2021 17:56",
            "open": "4.255",
            "high": "4.255",
            "low": "4.255",
            "close": "4.2579"
        },
        {
            "time": "17.07.2021 17:57",
            "open": "4.2579",
            "high": "4.2579",
            "low": "4.2579",
            "close": "4.2587"
        },
        {
            "time": "17.07.2021 17:58",
            "open": "4.2587",
            "high": "4.2587",
            "low": "4.255",
            "close": "4.26"
        },
        {
            "time": "17.07.2021 17:59",
            "open": "4.26",
            "high": "4.26",
            "low": "4.26",
            "close": "4.2571"
        },
        {
            "time": "17.07.2021 18:00",
            "open": "4.2571",
            "high": "4.2571",
            "low": "4.2571",
            "close": "4.24"
        },
        {
            "time": "17.07.2021 18:06",
            "open": "4.24",
            "high": "4.24",
            "low": "4.24",
            "close": "4.2495"
        },
        {
            "time": "17.07.2021 18:09",
            "open": "4.2495",
            "high": "4.2495",
            "low": "4.2495",
            "close": "4.265"
        },
        {
            "time": "17.07.2021 18:12",
            "open": "4.265",
            "high": "4.265",
            "low": "4.265",
            "close": "4.27"
        },
        {
            "time": "17.07.2021 18:14",
            "open": "4.27",
            "high": "4.27",
            "low": "4.27",
            "close": "4.2728"
        },
        {
            "time": "17.07.2021 18:15",
            "open": "4.2728",
            "high": "4.2728",
            "low": "4.2728",
            "close": "4.275"
        },
        {
            "time": "17.07.2021 18:16",
            "open": "4.275",
            "high": "4.275",
            "low": "4.275",
            "close": "4.28"
        },
        {
            "time": "17.07.2021 18:29",
            "open": "4.28",
            "high": "4.28",
            "low": "4.28",
            "close": "4.285"
        },
        {
            "time": "17.07.2021 18:30",
            "open": "4.285",
            "high": "4.3",
            "low": "4.285",
            "close": "4.305"
        },
        {
            "time": "17.07.2021 18:35",
            "open": "4.305",
            "high": "4.32",
            "low": "4.305",
            "close": "4.325"
        },
        {
            "time": "17.07.2021 18:36",
            "open": "4.325",
            "high": "4.325",
            "low": "4.325",
            "close": "4.3143"
        },
        {
            "time": "17.07.2021 18:42",
            "open": "4.3143",
            "high": "4.3143",
            "low": "4.3143",
            "close": "4.305"
        },
        {
            "time": "17.07.2021 18:48",
            "open": "4.305",
            "high": "4.305",
            "low": "4.295",
            "close": "4.295"
        },
        {
            "time": "17.07.2021 18:49",
            "open": "4.295",
            "high": "4.295",
            "low": "4.29",
            "close": "4.285"
        },
        {
            "time": "17.07.2021 18:51",
            "open": "4.285",
            "high": "4.285",
            "low": "4.28",
            "close": "4.275"
        },
        {
            "time": "17.07.2021 18:55",
            "open": "4.275",
            "high": "4.275",
            "low": "4.275",
            "close": "4.275"
        },
        {
            "time": "17.07.2021 19:04",
            "open": "4.275",
            "high": "4.275",
            "low": "4.275",
            "close": "4.27"
        },
        {
            "time": "17.07.2021 19:05",
            "open": "4.27",
            "high": "4.27",
            "low": "4.265",
            "close": "4.265"
        },
        {
            "time": "17.07.2021 19:10",
            "open": "4.265",
            "high": "4.265",
            "low": "4.265",
            "close": "4.2646"
        },
        {
            "time": "17.07.2021 19:11",
            "open": "4.2646",
            "high": "4.2684",
            "low": "4.2646",
            "close": "4.26"
        },
        {
            "time": "17.07.2021 19:12",
            "open": "4.26",
            "high": "4.26",
            "low": "4.26",
            "close": "4.26"
        },
        {
            "time": "17.07.2021 19:13",
            "open": "4.26",
            "high": "4.26",
            "low": "4.255",
            "close": "4.255"
        },
        {
            "time": "17.07.2021 19:17",
            "open": "4.255",
            "high": "4.255",
            "low": "4.245",
            "close": "4.24"
        },
        {
            "time": "17.07.2021 19:19",
            "open": "4.24",
            "high": "4.24",
            "low": "4.24",
            "close": "4.2532"
        },
        {
            "time": "17.07.2021 19:31",
            "open": "4.2532",
            "high": "4.275",
            "low": "4.2532",
            "close": "4.2737"
        },
        {
            "time": "17.07.2021 19:33",
            "open": "4.2737",
            "high": "4.2737",
            "low": "4.2737",
            "close": "4.2786"
        },
        {
            "time": "17.07.2021 19:36",
            "open": "4.2786",
            "high": "4.28",
            "low": "4.2786",
            "close": "4.285"
        },
        {
            "time": "17.07.2021 19:37",
            "open": "4.285",
            "high": "4.285",
            "low": "4.285",
            "close": "4.29"
        },
        {
            "time": "17.07.2021 19:39",
            "open": "4.29",
            "high": "4.29",
            "low": "4.29",
            "close": "4.295"
        },
        {
            "time": "17.07.2021 19:40",
            "open": "4.295",
            "high": "4.295",
            "low": "4.295",
            "close": "4.2878"
        },
        {
            "time": "17.07.2021 19:41",
            "open": "4.2878",
            "high": "4.2878",
            "low": "4.2878",
            "close": "4.2895"
        },
        {
            "time": "17.07.2021 19:48",
            "open": "4.2895",
            "high": "4.2895",
            "low": "4.2895",
            "close": "4.3"
        },
        {
            "time": "17.07.2021 19:55",
            "open": "4.3",
            "high": "4.3011",
            "low": "4.3",
            "close": "4.305"
        },
        {
            "time": "17.07.2021 19:57",
            "open": "4.305",
            "high": "4.305",
            "low": "4.305",
            "close": "4.2906"
        },
        {
            "time": "17.07.2021 20:01",
            "open": "4.2906",
            "high": "4.2928",
            "low": "4.283",
            "close": "4.305"
        },
        {
            "time": "17.07.2021 20:16",
            "open": "4.305",
            "high": "4.3063",
            "low": "4.305",
            "close": "4.31"
        },
        {
            "time": "17.07.2021 20:21",
            "open": "4.31",
            "high": "4.31",
            "low": "4.31",
            "close": "4.315"
        },
        {
            "time": "17.07.2021 20:23",
            "open": "4.315",
            "high": "4.315",
            "low": "4.315",
            "close": "4.3157"
        },
        {
            "time": "17.07.2021 20:37",
            "open": "4.3157",
            "high": "4.3157",
            "low": "4.3157",
            "close": "4.32"
        },
        {
            "time": "17.07.2021 21:00",
            "open": "4.32",
            "high": "4.32",
            "low": "4.32",
            "close": "4.325"
        },
        {
            "time": "17.07.2021 21:03",
            "open": "4.325",
            "high": "4.325",
            "low": "4.325",
            "close": "4.326"
        },
        {
            "time": "17.07.2021 21:12",
            "open": "4.326",
            "high": "4.326",
            "low": "4.326",
            "close": "4.3177"
        },
        {
            "time": "17.07.2021 21:19",
            "open": "4.3177",
            "high": "4.3177",
            "low": "4.3177",
            "close": "4.33"
        },
        {
            "time": "17.07.2021 21:28",
            "open": "4.33",
            "high": "4.34",
            "low": "4.33",
            "close": "4.345"
        },
        {
            "time": "17.07.2021 21:29",
            "open": "4.345",
            "high": "4.35",
            "low": "4.345",
            "close": "4.3357"
        },
        {
            "time": "17.07.2021 21:34",
            "open": "4.3357",
            "high": "4.3357",
            "low": "4.3357",
            "close": "4.3399"
        },
        {
            "time": "17.07.2021 21:41",
            "open": "4.3399",
            "high": "4.3399",
            "low": "4.3399",
            "close": "4.3471"
        },
        {
            "time": "17.07.2021 21:47",
            "open": "4.3471",
            "high": "4.3471",
            "low": "4.3471",
            "close": "4.35"
        },
        {
            "time": "17.07.2021 21:51",
            "open": "4.35",
            "high": "4.356",
            "low": "4.35",
            "close": "4.356"
        },
        {
            "time": "17.07.2021 21:53",
            "open": "4.356",
            "high": "4.356",
            "low": "4.356",
            "close": "4.36"
        },
        {
            "time": "17.07.2021 21:54",
            "open": "4.36",
            "high": "4.3617",
            "low": "4.3542",
            "close": "4.3555"
        },
        {
            "time": "17.07.2021 21:55",
            "open": "4.3555",
            "high": "4.3555",
            "low": "4.3555",
            "close": "4.3573"
        },
        {
            "time": "17.07.2021 21:57",
            "open": "4.3573",
            "high": "4.359",
            "low": "4.3573",
            "close": "4.3565"
        },
        {
            "time": "17.07.2021 22:00",
            "open": "4.3565",
            "high": "4.3565",
            "low": "4.3565",
            "close": "4.3541"
        },
        {
            "time": "17.07.2021 22:05",
            "open": "4.3541",
            "high": "4.3541",
            "low": "4.3541",
            "close": "4.345"
        },
        {
            "time": "17.07.2021 22:12",
            "open": "4.345",
            "high": "4.345",
            "low": "4.345",
            "close": "4.34"
        },
        {
            "time": "17.07.2021 22:15",
            "open": "4.34",
            "high": "4.34",
            "low": "4.335",
            "close": "4.33"
        },
        {
            "time": "17.07.2021 22:16",
            "open": "4.33",
            "high": "4.33",
            "low": "4.33",
            "close": "4.3333"
        },
        {
            "time": "17.07.2021 22:17",
            "open": "4.3333",
            "high": "4.3333",
            "low": "4.3333",
            "close": "4.3521"
        },
        {
            "time": "17.07.2021 22:26",
            "open": "4.3521",
            "high": "4.3521",
            "low": "4.3521",
            "close": "4.3436"
        },
        {
            "time": "17.07.2021 22:30",
            "open": "4.3436",
            "high": "4.3436",
            "low": "4.3436",
            "close": "4.3358"
        },
        {
            "time": "17.07.2021 22:32",
            "open": "4.3358",
            "high": "4.3358",
            "low": "4.3358",
            "close": "4.3403"
        },
        {
            "time": "17.07.2021 22:41",
            "open": "4.3403",
            "high": "4.3403",
            "low": "4.3403",
            "close": "4.3407"
        },
        {
            "time": "17.07.2021 22:43",
            "open": "4.3407",
            "high": "4.3407",
            "low": "4.3407",
            "close": "4.3456"
        },
        {
            "time": "17.07.2021 22:46",
            "open": "4.3456",
            "high": "4.3456",
            "low": "4.3456",
            "close": "4.3515"
        },
        {
            "time": "17.07.2021 22:50",
            "open": "4.3515",
            "high": "4.3515",
            "low": "4.3515",
            "close": "4.355"
        },
        {
            "time": "17.07.2021 22:51",
            "open": "4.355",
            "high": "4.355",
            "low": "4.355",
            "close": "4.3538"
        },
        {
            "time": "17.07.2021 22:54",
            "open": "4.3538",
            "high": "4.3538",
            "low": "4.3538",
            "close": "4.36"
        },
        {
            "time": "17.07.2021 23:13",
            "open": "4.36",
            "high": "4.36",
            "low": "4.36",
            "close": "4.3617"
        },
        {
            "time": "17.07.2021 23:18",
            "open": "4.3617",
            "high": "4.3635",
            "low": "4.3617",
            "close": "4.3582"
        },
        {
            "time": "17.07.2021 23:26",
            "open": "4.3582",
            "high": "4.3582",
            "low": "4.3582",
            "close": "4.34"
        },
        {
            "time": "17.07.2021 23:32",
            "open": "4.34",
            "high": "4.34",
            "low": "4.34",
            "close": "4.335"
        },
        {
            "time": "17.07.2021 23:50",
            "open": "4.335",
            "high": "4.335",
            "low": "4.335",
            "close": "4.33"
        },
        {
            "time": "17.07.2021 23:51",
            "open": "4.33",
            "high": "4.33",
            "low": "4.32",
            "close": "4.3221"
        },
        {
            "time": "17.07.2021 23:53",
            "open": "4.3221",
            "high": "4.3221",
            "low": "4.3221",
            "close": "4.3221"
        },
        {
            "time": "17.07.2021 23:55",
            "open": "4.3221",
            "high": "4.3221",
            "low": "4.3221",
            "close": "4.3208"
        }
    ]
}