{
    "BAND-EUR": [
        {
            "time": "13.03.2021 23:58",
            "open": "11.4499",
            "high": "11.4499",
            "low": "11.4499",
            "close": "11.4851"
        },
        {
            "time": "14.03.2021 00:01",
            "open": "11.4851",
            "high": "11.4873",
            "low": "11.4851",
            "close": "11.4873"
        },
        {
            "time": "14.03.2021 00:02",
            "open": "11.4873",
            "high": "11.4873",
            "low": "11.4873",
            "close": "11.4539"
        },
        {
            "time": "14.03.2021 00:06",
            "open": "11.4539",
            "high": "11.4539",
            "low": "11.4539",
            "close": "11.5067"
        },
        {
            "time": "14.03.2021 00:09",
            "open": "11.5067",
            "high": "11.5067",
            "low": "11.5067",
            "close": "11.4172"
        },
        {
            "time": "14.03.2021 00:12",
            "open": "11.4172",
            "high": "11.49",
            "low": "11.4172",
            "close": "11.5063"
        },
        {
            "time": "14.03.2021 00:13",
            "open": "11.5063",
            "high": "11.5066",
            "low": "11.4375",
            "close": "11.4999"
        },
        {
            "time": "14.03.2021 00:14",
            "open": "11.4999",
            "high": "11.5",
            "low": "11.4999",
            "close": "11.4999"
        },
        {
            "time": "14.03.2021 00:15",
            "open": "11.4999",
            "high": "11.5065",
            "low": "11.4999",
            "close": "11.5064"
        },
        {
            "time": "14.03.2021 00:17",
            "open": "11.5064",
            "high": "11.5064",
            "low": "11.5063",
            "close": "11.5144"
        },
        {
            "time": "14.03.2021 00:23",
            "open": "11.5144",
            "high": "11.53",
            "low": "11.5144",
            "close": "11.5299"
        },
        {
            "time": "14.03.2021 00:24",
            "open": "11.5299",
            "high": "11.5299",
            "low": "11.5299",
            "close": "11.488"
        },
        {
            "time": "14.03.2021 00:25",
            "open": "11.488",
            "high": "11.488",
            "low": "11.4878",
            "close": "11.4869"
        },
        {
            "time": "14.03.2021 00:27",
            "open": "11.4869",
            "high": "11.4869",
            "low": "11.4867",
            "close": "11.4872"
        },
        {
            "time": "14.03.2021 00:29",
            "open": "11.4872",
            "high": "11.4872",
            "low": "11.4866",
            "close": "11.4864"
        },
        {
            "time": "14.03.2021 00:31",
            "open": "11.4864",
            "high": "11.4864",
            "low": "11.4864",
            "close": "11.521"
        },
        {
            "time": "14.03.2021 00:42",
            "open": "11.521",
            "high": "11.521",
            "low": "11.521",
            "close": "11.5208"
        },
        {
            "time": "14.03.2021 00:43",
            "open": "11.5208",
            "high": "11.5211",
            "low": "11.5208",
            "close": "11.521"
        },
        {
            "time": "14.03.2021 00:44",
            "open": "11.521",
            "high": "11.53",
            "low": "11.4793",
            "close": "11.5412"
        },
        {
            "time": "14.03.2021 00:45",
            "open": "11.5412",
            "high": "11.5412",
            "low": "11.5412",
            "close": "11.5518"
        },
        {
            "time": "14.03.2021 00:46",
            "open": "11.5518",
            "high": "11.6013",
            "low": "11.5518",
            "close": "11.5588"
        },
        {
            "time": "14.03.2021 00:49",
            "open": "11.5588",
            "high": "11.5588",
            "low": "11.5586",
            "close": "11.6011"
        },
        {
            "time": "14.03.2021 00:50",
            "open": "11.6011",
            "high": "11.6012",
            "low": "11.6011",
            "close": "11.6012"
        },
        {
            "time": "14.03.2021 00:51",
            "open": "11.6012",
            "high": "11.6012",
            "low": "11.5999",
            "close": "11.6"
        },
        {
            "time": "14.03.2021 00:52",
            "open": "11.6",
            "high": "11.6013",
            "low": "11.5672",
            "close": "11.6013"
        },
        {
            "time": "14.03.2021 00:53",
            "open": "11.6013",
            "high": "11.6222",
            "low": "11.6013",
            "close": "11.6255"
        },
        {
            "time": "14.03.2021 00:54",
            "open": "11.6255",
            "high": "11.64",
            "low": "11.6255",
            "close": "11.64"
        },
        {
            "time": "14.03.2021 00:55",
            "open": "11.64",
            "high": "11.64",
            "low": "11.64",
            "close": "11.645"
        },
        {
            "time": "14.03.2021 00:56",
            "open": "11.645",
            "high": "11.645",
            "low": "11.6216",
            "close": "11.609"
        },
        {
            "time": "14.03.2021 00:57",
            "open": "11.609",
            "high": "11.609",
            "low": "11.6088",
            "close": "11.64"
        },
        {
            "time": "14.03.2021 00:59",
            "open": "11.64",
            "high": "11.6684",
            "low": "11.6399",
            "close": "11.6684"
        },
        {
            "time": "14.03.2021 01:00",
            "open": "11.6684",
            "high": "11.7244",
            "low": "11.6684",
            "close": "11.7244"
        },
        {
            "time": "14.03.2021 01:01",
            "open": "11.7244",
            "high": "11.75",
            "low": "11.7244",
            "close": "11.76"
        },
        {
            "time": "14.03.2021 01:02",
            "open": "11.76",
            "high": "11.784",
            "low": "11.76",
            "close": "11.7023"
        },
        {
            "time": "14.03.2021 01:05",
            "open": "11.7023",
            "high": "11.7023",
            "low": "11.7023",
            "close": "11.6654"
        },
        {
            "time": "14.03.2021 01:06",
            "open": "11.6654",
            "high": "11.6655",
            "low": "11.5428",
            "close": "11.6504"
        },
        {
            "time": "14.03.2021 01:07",
            "open": "11.6504",
            "high": "11.6504",
            "low": "11.6504",
            "close": "11.5856"
        },
        {
            "time": "14.03.2021 01:13",
            "open": "11.5856",
            "high": "11.5856",
            "low": "11.5856",
            "close": "11.6102"
        },
        {
            "time": "14.03.2021 01:16",
            "open": "11.6102",
            "high": "11.6102",
            "low": "11.6102",
            "close": "11.6238"
        },
        {
            "time": "14.03.2021 01:17",
            "open": "11.6238",
            "high": "11.6729",
            "low": "11.6238",
            "close": "11.7244"
        },
        {
            "time": "14.03.2021 01:20",
            "open": "11.7244",
            "high": "11.8",
            "low": "11.7244",
            "close": "11.7434"
        },
        {
            "time": "14.03.2021 01:21",
            "open": "11.7434",
            "high": "11.7434",
            "low": "11.7434",
            "close": "11.7434"
        },
        {
            "time": "14.03.2021 01:23",
            "open": "11.7434",
            "high": "11.7434",
            "low": "11.6815",
            "close": "11.6165"
        },
        {
            "time": "14.03.2021 01:29",
            "open": "11.6165",
            "high": "11.6165",
            "low": "11.6164",
            "close": "11.7151"
        },
        {
            "time": "14.03.2021 01:31",
            "open": "11.7151",
            "high": "11.7151",
            "low": "11.7151",
            "close": "11.7433"
        },
        {
            "time": "14.03.2021 01:32",
            "open": "11.7433",
            "high": "11.7786",
            "low": "11.7433",
            "close": "11.7995"
        },
        {
            "time": "14.03.2021 01:33",
            "open": "11.7995",
            "high": "11.84",
            "low": "11.7464",
            "close": "11.755"
        },
        {
            "time": "14.03.2021 01:34",
            "open": "11.755",
            "high": "11.755",
            "low": "11.755",
            "close": "11.8399"
        },
        {
            "time": "14.03.2021 01:36",
            "open": "11.8399",
            "high": "11.8405",
            "low": "11.8399",
            "close": "11.7687"
        },
        {
            "time": "14.03.2021 01:37",
            "open": "11.7687",
            "high": "11.7687",
            "low": "11.7686",
            "close": "11.7686"
        },
        {
            "time": "14.03.2021 01:38",
            "open": "11.7686",
            "high": "11.7686",
            "low": "11.7686",
            "close": "11.8202"
        },
        {
            "time": "14.03.2021 01:43",
            "open": "11.8202",
            "high": "11.8202",
            "low": "11.8202",
            "close": "11.7649"
        },
        {
            "time": "14.03.2021 01:44",
            "open": "11.7649",
            "high": "11.7649",
            "low": "11.7482",
            "close": "11.7486"
        },
        {
            "time": "14.03.2021 01:47",
            "open": "11.7486",
            "high": "11.7486",
            "low": "11.748",
            "close": "11.6354"
        },
        {
            "time": "14.03.2021 01:49",
            "open": "11.6354",
            "high": "11.6354",
            "low": "11.6354",
            "close": "11.6715"
        },
        {
            "time": "14.03.2021 01:51",
            "open": "11.6715",
            "high": "11.6715",
            "low": "11.6715",
            "close": "11.7101"
        },
        {
            "time": "14.03.2021 01:52",
            "open": "11.7101",
            "high": "11.7108",
            "low": "11.7101",
            "close": "11.6502"
        },
        {
            "time": "14.03.2021 01:54",
            "open": "11.6502",
            "high": "11.6502",
            "low": "11.65",
            "close": "11.6351"
        },
        {
            "time": "14.03.2021 01:55",
            "open": "11.6351",
            "high": "11.6351",
            "low": "11.635",
            "close": "11.635"
        },
        {
            "time": "14.03.2021 01:56",
            "open": "11.635",
            "high": "11.635",
            "low": "11.635",
            "close": "11.6386"
        },
        {
            "time": "14.03.2021 01:58",
            "open": "11.6386",
            "high": "11.6386",
            "low": "11.6352",
            "close": "11.635"
        },
        {
            "time": "14.03.2021 01:59",
            "open": "11.635",
            "high": "11.635",
            "low": "11.635",
            "close": "11.6349"
        },
        {
            "time": "14.03.2021 02:00",
            "open": "11.6349",
            "high": "11.6349",
            "low": "11.6214",
            "close": "11.6096"
        },
        {
            "time": "14.03.2021 02:01",
            "open": "11.6096",
            "high": "11.6096",
            "low": "11.5931",
            "close": "11.5932"
        },
        {
            "time": "14.03.2021 02:02",
            "open": "11.5932",
            "high": "11.6049",
            "low": "11.5932",
            "close": "11.6392"
        },
        {
            "time": "14.03.2021 02:04",
            "open": "11.6392",
            "high": "11.6392",
            "low": "11.6392",
            "close": "11.5918"
        },
        {
            "time": "14.03.2021 02:05",
            "open": "11.5918",
            "high": "11.5918",
            "low": "11.4856",
            "close": "11.5364"
        },
        {
            "time": "14.03.2021 02:06",
            "open": "11.5364",
            "high": "11.5364",
            "low": "11.4856",
            "close": "11.4969"
        },
        {
            "time": "14.03.2021 02:08",
            "open": "11.4969",
            "high": "11.4969",
            "low": "11.4705",
            "close": "11.4376"
        },
        {
            "time": "14.03.2021 02:09",
            "open": "11.4376",
            "high": "11.4376",
            "low": "11.4376",
            "close": "11.4502"
        },
        {
            "time": "14.03.2021 02:10",
            "open": "11.4502",
            "high": "11.4502",
            "low": "11.4502",
            "close": "11.4695"
        },
        {
            "time": "14.03.2021 02:11",
            "open": "11.4695",
            "high": "11.4696",
            "low": "11.4694",
            "close": "11.5225"
        },
        {
            "time": "14.03.2021 02:15",
            "open": "11.5225",
            "high": "11.5225",
            "low": "11.5225",
            "close": "11.4376"
        },
        {
            "time": "14.03.2021 02:21",
            "open": "11.4376",
            "high": "11.4376",
            "low": "11.413",
            "close": "11.4957"
        },
        {
            "time": "14.03.2021 02:25",
            "open": "11.4957",
            "high": "11.4957",
            "low": "11.4957",
            "close": "11.4957"
        },
        {
            "time": "14.03.2021 02:27",
            "open": "11.4957",
            "high": "11.4957",
            "low": "11.4957",
            "close": "11.442"
        },
        {
            "time": "14.03.2021 02:28",
            "open": "11.442",
            "high": "11.4421",
            "low": "11.442",
            "close": "11.4526"
        },
        {
            "time": "14.03.2021 02:30",
            "open": "11.4526",
            "high": "11.4526",
            "low": "11.4526",
            "close": "11.5129"
        },
        {
            "time": "14.03.2021 02:32",
            "open": "11.5129",
            "high": "11.5129",
            "low": "11.5101",
            "close": "11.4764"
        },
        {
            "time": "14.03.2021 02:33",
            "open": "11.4764",
            "high": "11.4764",
            "low": "11.4764",
            "close": "11.4293"
        },
        {
            "time": "14.03.2021 02:34",
            "open": "11.4293",
            "high": "11.4293",
            "low": "11.4293",
            "close": "11.4946"
        },
        {
            "time": "14.03.2021 02:38",
            "open": "11.4946",
            "high": "11.4946",
            "low": "11.4731",
            "close": "11.4416"
        },
        {
            "time": "14.03.2021 02:43",
            "open": "11.4416",
            "high": "11.4416",
            "low": "11.4416",
            "close": "11.5016"
        },
        {
            "time": "14.03.2021 02:45",
            "open": "11.5016",
            "high": "11.5386",
            "low": "11.5016",
            "close": "11.5786"
        },
        {
            "time": "14.03.2021 02:54",
            "open": "11.5786",
            "high": "11.5786",
            "low": "11.5786",
            "close": "11.6088"
        },
        {
            "time": "14.03.2021 02:55",
            "open": "11.6088",
            "high": "11.6088",
            "low": "11.5663",
            "close": "11.5654"
        },
        {
            "time": "14.03.2021 02:57",
            "open": "11.5654",
            "high": "11.5654",
            "low": "11.5654",
            "close": "11.5253"
        },
        {
            "time": "14.03.2021 02:59",
            "open": "11.5253",
            "high": "11.5253",
            "low": "11.5253",
            "close": "11.6167"
        },
        {
            "time": "14.03.2021 03:12",
            "open": "11.6167",
            "high": "11.6167",
            "low": "11.6167",
            "close": "11.654"
        },
        {
            "time": "14.03.2021 03:13",
            "open": "11.654",
            "high": "11.6902",
            "low": "11.654",
            "close": "11.6332"
        },
        {
            "time": "14.03.2021 03:14",
            "open": "11.6332",
            "high": "11.6332",
            "low": "11.6332",
            "close": "11.5719"
        },
        {
            "time": "14.03.2021 03:15",
            "open": "11.5719",
            "high": "11.5719",
            "low": "11.5577",
            "close": "11.5734"
        },
        {
            "time": "14.03.2021 03:17",
            "open": "11.5734",
            "high": "11.5734",
            "low": "11.5734",
            "close": "11.5627"
        },
        {
            "time": "14.03.2021 03:29",
            "open": "11.5627",
            "high": "11.5627",
            "low": "11.5627",
            "close": "11.5014"
        },
        {
            "time": "14.03.2021 03:36",
            "open": "11.5014",
            "high": "11.5014",
            "low": "11.5014",
            "close": "11.4768"
        },
        {
            "time": "14.03.2021 03:38",
            "open": "11.4768",
            "high": "11.4768",
            "low": "11.4705",
            "close": "11.4755"
        },
        {
            "time": "14.03.2021 03:39",
            "open": "11.4755",
            "high": "11.5489",
            "low": "11.4755",
            "close": "11.559"
        },
        {
            "time": "14.03.2021 03:47",
            "open": "11.559",
            "high": "11.559",
            "low": "11.559",
            "close": "11.4708"
        },
        {
            "time": "14.03.2021 03:55",
            "open": "11.4708",
            "high": "11.4708",
            "low": "11.4708",
            "close": "11.4708"
        },
        {
            "time": "14.03.2021 03:56",
            "open": "11.4708",
            "high": "11.4708",
            "low": "11.4708",
            "close": "11.4962"
        },
        {
            "time": "14.03.2021 04:01",
            "open": "11.4962",
            "high": "11.4962",
            "low": "11.4962",
            "close": "11.4894"
        },
        {
            "time": "14.03.2021 04:13",
            "open": "11.4894",
            "high": "11.4894",
            "low": "11.4894",
            "close": "11.4705"
        },
        {
            "time": "14.03.2021 04:19",
            "open": "11.4705",
            "high": "11.4705",
            "low": "11.4705",
            "close": "11.4443"
        },
        {
            "time": "14.03.2021 04:38",
            "open": "11.4443",
            "high": "11.4444",
            "low": "11.4443",
            "close": "11.4045"
        },
        {
            "time": "14.03.2021 05:07",
            "open": "11.4045",
            "high": "11.4045",
            "low": "11.3779",
            "close": "11.3822"
        },
        {
            "time": "14.03.2021 05:10",
            "open": "11.3822",
            "high": "11.3822",
            "low": "11.3822",
            "close": "11.4348"
        },
        {
            "time": "14.03.2021 05:20",
            "open": "11.4348",
            "high": "11.4348",
            "low": "11.4348",
            "close": "11.495"
        },
        {
            "time": "14.03.2021 05:36",
            "open": "11.495",
            "high": "11.5415",
            "low": "11.495",
            "close": "11.584"
        },
        {
            "time": "14.03.2021 05:37",
            "open": "11.584",
            "high": "11.584",
            "low": "11.584",
            "close": "11.5413"
        },
        {
            "time": "14.03.2021 05:39",
            "open": "11.5413",
            "high": "11.5413",
            "low": "11.5412",
            "close": "11.4808"
        },
        {
            "time": "14.03.2021 05:43",
            "open": "11.4808",
            "high": "11.5252",
            "low": "11.4808",
            "close": "11.5839"
        },
        {
            "time": "14.03.2021 05:49",
            "open": "11.5839",
            "high": "11.5839",
            "low": "11.5839",
            "close": "11.5839"
        },
        {
            "time": "14.03.2021 05:50",
            "open": "11.5839",
            "high": "11.5839",
            "low": "11.5819",
            "close": "11.5452"
        },
        {
            "time": "14.03.2021 05:52",
            "open": "11.5452",
            "high": "11.5452",
            "low": "11.5452",
            "close": "11.4375"
        },
        {
            "time": "14.03.2021 06:08",
            "open": "11.4375",
            "high": "11.4375",
            "low": "11.4375",
            "close": "11.4865"
        },
        {
            "time": "14.03.2021 06:11",
            "open": "11.4865",
            "high": "11.4865",
            "low": "11.4865",
            "close": "11.4586"
        },
        {
            "time": "14.03.2021 06:14",
            "open": "11.4586",
            "high": "11.4586",
            "low": "11.4586",
            "close": "11.4615"
        },
        {
            "time": "14.03.2021 06:20",
            "open": "11.4615",
            "high": "11.4838",
            "low": "11.4615",
            "close": "11.4603"
        },
        {
            "time": "14.03.2021 06:21",
            "open": "11.4603",
            "high": "11.4603",
            "low": "11.4603",
            "close": "11.4979"
        },
        {
            "time": "14.03.2021 06:35",
            "open": "11.4979",
            "high": "11.4979",
            "low": "11.4979",
            "close": "11.5076"
        },
        {
            "time": "14.03.2021 06:48",
            "open": "11.5076",
            "high": "11.5076",
            "low": "11.5076",
            "close": "11.4191"
        },
        {
            "time": "14.03.2021 06:51",
            "open": "11.4191",
            "high": "11.4277",
            "low": "11.4191",
            "close": "11.4548"
        },
        {
            "time": "14.03.2021 06:55",
            "open": "11.4548",
            "high": "11.483",
            "low": "11.4548",
            "close": "11.4768"
        },
        {
            "time": "14.03.2021 06:59",
            "open": "11.4768",
            "high": "11.4768",
            "low": "11.4768",
            "close": "11.4047"
        },
        {
            "time": "14.03.2021 07:03",
            "open": "11.4047",
            "high": "11.4047",
            "low": "11.4047",
            "close": "11.4178"
        },
        {
            "time": "14.03.2021 07:04",
            "open": "11.4178",
            "high": "11.4178",
            "low": "11.4178",
            "close": "11.3702"
        },
        {
            "time": "14.03.2021 07:05",
            "open": "11.3702",
            "high": "11.3702",
            "low": "11.3393",
            "close": "11.3393"
        },
        {
            "time": "14.03.2021 07:06",
            "open": "11.3393",
            "high": "11.3393",
            "low": "11.3393",
            "close": "11.3484"
        },
        {
            "time": "14.03.2021 07:12",
            "open": "11.3484",
            "high": "11.3484",
            "low": "11.3331",
            "close": "11.3331"
        },
        {
            "time": "14.03.2021 07:15",
            "open": "11.3331",
            "high": "11.3331",
            "low": "11.3256",
            "close": "11.3016"
        },
        {
            "time": "14.03.2021 07:18",
            "open": "11.3016",
            "high": "11.3016",
            "low": "11.3016",
            "close": "11.3076"
        },
        {
            "time": "14.03.2021 07:20",
            "open": "11.3076",
            "high": "11.3076",
            "low": "11.3076",
            "close": "11.3089"
        },
        {
            "time": "14.03.2021 07:21",
            "open": "11.3089",
            "high": "11.309",
            "low": "11.3089",
            "close": "11.3533"
        },
        {
            "time": "14.03.2021 07:23",
            "open": "11.3533",
            "high": "11.3533",
            "low": "11.3533",
            "close": "11.3301"
        },
        {
            "time": "14.03.2021 07:24",
            "open": "11.3301",
            "high": "11.3301",
            "low": "11.33",
            "close": "11.3016"
        },
        {
            "time": "14.03.2021 07:30",
            "open": "11.3016",
            "high": "11.3016",
            "low": "11.286",
            "close": "11.2733"
        },
        {
            "time": "14.03.2021 07:33",
            "open": "11.2733",
            "high": "11.2733",
            "low": "11.2733",
            "close": "11.3223"
        },
        {
            "time": "14.03.2021 07:34",
            "open": "11.3223",
            "high": "11.3223",
            "low": "11.3223",
            "close": "11.3482"
        },
        {
            "time": "14.03.2021 07:41",
            "open": "11.3482",
            "high": "11.3482",
            "low": "11.3482",
            "close": "11.3565"
        },
        {
            "time": "14.03.2021 07:42",
            "open": "11.3565",
            "high": "11.3565",
            "low": "11.3565",
            "close": "11.3414"
        },
        {
            "time": "14.03.2021 07:46",
            "open": "11.3414",
            "high": "11.3414",
            "low": "11.3414",
            "close": "11.364"
        },
        {
            "time": "14.03.2021 07:48",
            "open": "11.364",
            "high": "11.364",
            "low": "11.364",
            "close": "11.3781"
        },
        {
            "time": "14.03.2021 07:49",
            "open": "11.3781",
            "high": "11.3781",
            "low": "11.3781",
            "close": "11.3929"
        },
        {
            "time": "14.03.2021 07:52",
            "open": "11.3929",
            "high": "11.3947",
            "low": "11.3929",
            "close": "11.3811"
        },
        {
            "time": "14.03.2021 07:54",
            "open": "11.3811",
            "high": "11.3811",
            "low": "11.381",
            "close": "11.415"
        },
        {
            "time": "14.03.2021 08:00",
            "open": "11.415",
            "high": "11.415",
            "low": "11.415",
            "close": "11.3597"
        },
        {
            "time": "14.03.2021 08:05",
            "open": "11.3597",
            "high": "11.3597",
            "low": "11.3597",
            "close": "11.3924"
        },
        {
            "time": "14.03.2021 08:09",
            "open": "11.3924",
            "high": "11.3924",
            "low": "11.3924",
            "close": "11.3633"
        },
        {
            "time": "14.03.2021 08:10",
            "open": "11.3633",
            "high": "11.3633",
            "low": "11.3633",
            "close": "11.3933"
        },
        {
            "time": "14.03.2021 08:11",
            "open": "11.3933",
            "high": "11.3994",
            "low": "11.3921",
            "close": "11.3847"
        },
        {
            "time": "14.03.2021 08:14",
            "open": "11.3847",
            "high": "11.3898",
            "low": "11.3847",
            "close": "11.3833"
        },
        {
            "time": "14.03.2021 08:16",
            "open": "11.3833",
            "high": "11.3833",
            "low": "11.3709",
            "close": "11.3605"
        },
        {
            "time": "14.03.2021 08:21",
            "open": "11.3605",
            "high": "11.3605",
            "low": "11.3605",
            "close": "11.3999"
        },
        {
            "time": "14.03.2021 08:23",
            "open": "11.3999",
            "high": "11.4098",
            "low": "11.3999",
            "close": "11.4012"
        },
        {
            "time": "14.03.2021 08:24",
            "open": "11.4012",
            "high": "11.4012",
            "low": "11.4012",
            "close": "11.3602"
        },
        {
            "time": "14.03.2021 08:32",
            "open": "11.3602",
            "high": "11.3602",
            "low": "11.3602",
            "close": "11.3966"
        },
        {
            "time": "14.03.2021 08:33",
            "open": "11.3966",
            "high": "11.3966",
            "low": "11.3966",
            "close": "11.3411"
        },
        {
            "time": "14.03.2021 08:38",
            "open": "11.3411",
            "high": "11.3411",
            "low": "11.3407",
            "close": "11.3287"
        },
        {
            "time": "14.03.2021 08:45",
            "open": "11.3287",
            "high": "11.3287",
            "low": "11.3278",
            "close": "11.2856"
        },
        {
            "time": "14.03.2021 08:49",
            "open": "11.2856",
            "high": "11.3047",
            "low": "11.2856",
            "close": "11.3079"
        },
        {
            "time": "14.03.2021 08:50",
            "open": "11.3079",
            "high": "11.3079",
            "low": "11.3079",
            "close": "11.2735"
        },
        {
            "time": "14.03.2021 08:53",
            "open": "11.2735",
            "high": "11.2787",
            "low": "11.2734",
            "close": "11.2733"
        },
        {
            "time": "14.03.2021 08:54",
            "open": "11.2733",
            "high": "11.2733",
            "low": "11.2385",
            "close": "11.2434"
        },
        {
            "time": "14.03.2021 08:55",
            "open": "11.2434",
            "high": "11.2434",
            "low": "11.2434",
            "close": "11.2332"
        },
        {
            "time": "14.03.2021 08:56",
            "open": "11.2332",
            "high": "11.2332",
            "low": "11.2332",
            "close": "11.2332"
        },
        {
            "time": "14.03.2021 08:57",
            "open": "11.2332",
            "high": "11.2332",
            "low": "11.2332",
            "close": "11.2"
        },
        {
            "time": "14.03.2021 08:58",
            "open": "11.2",
            "high": "11.2113",
            "low": "11.1712",
            "close": "11.2112"
        },
        {
            "time": "14.03.2021 09:00",
            "open": "11.2112",
            "high": "11.2113",
            "low": "11.2112",
            "close": "11.2113"
        },
        {
            "time": "14.03.2021 09:01",
            "open": "11.2113",
            "high": "11.233",
            "low": "11.2113",
            "close": "11.2512"
        },
        {
            "time": "14.03.2021 09:04",
            "open": "11.2512",
            "high": "11.2715",
            "low": "11.2336",
            "close": "11.3177"
        },
        {
            "time": "14.03.2021 09:09",
            "open": "11.3177",
            "high": "11.3177",
            "low": "11.3177",
            "close": "11.3284"
        },
        {
            "time": "14.03.2021 09:10",
            "open": "11.3284",
            "high": "11.3284",
            "low": "11.3284",
            "close": "11.2819"
        },
        {
            "time": "14.03.2021 09:11",
            "open": "11.2819",
            "high": "11.2819",
            "low": "11.2819",
            "close": "11.3144"
        },
        {
            "time": "14.03.2021 09:13",
            "open": "11.3144",
            "high": "11.3144",
            "low": "11.3144",
            "close": "11.3078"
        },
        {
            "time": "14.03.2021 09:16",
            "open": "11.3078",
            "high": "11.3078",
            "low": "11.3078",
            "close": "11.3082"
        },
        {
            "time": "14.03.2021 09:17",
            "open": "11.3082",
            "high": "11.3082",
            "low": "11.3082",
            "close": "11.2759"
        },
        {
            "time": "14.03.2021 09:18",
            "open": "11.2759",
            "high": "11.2759",
            "low": "11.2759",
            "close": "11.3195"
        },
        {
            "time": "14.03.2021 09:25",
            "open": "11.3195",
            "high": "11.3195",
            "low": "11.3195",
            "close": "11.3386"
        },
        {
            "time": "14.03.2021 09:26",
            "open": "11.3386",
            "high": "11.3386",
            "low": "11.3386",
            "close": "11.2912"
        },
        {
            "time": "14.03.2021 09:28",
            "open": "11.2912",
            "high": "11.2912",
            "low": "11.2912",
            "close": "11.2972"
        },
        {
            "time": "14.03.2021 09:31",
            "open": "11.2972",
            "high": "11.2972",
            "low": "11.2972",
            "close": "11.2692"
        },
        {
            "time": "14.03.2021 09:34",
            "open": "11.2692",
            "high": "11.2692",
            "low": "11.2686",
            "close": "11.3231"
        },
        {
            "time": "14.03.2021 09:43",
            "open": "11.3231",
            "high": "11.3231",
            "low": "11.3231",
            "close": "11.3257"
        },
        {
            "time": "14.03.2021 09:46",
            "open": "11.3257",
            "high": "11.3257",
            "low": "11.3257",
            "close": "11.3171"
        },
        {
            "time": "14.03.2021 09:48",
            "open": "11.3171",
            "high": "11.3171",
            "low": "11.3171",
            "close": "11.3216"
        },
        {
            "time": "14.03.2021 09:49",
            "open": "11.3216",
            "high": "11.3216",
            "low": "11.3216",
            "close": "11.3257"
        },
        {
            "time": "14.03.2021 09:50",
            "open": "11.3257",
            "high": "11.3257",
            "low": "11.3251",
            "close": "11.3214"
        },
        {
            "time": "14.03.2021 09:51",
            "open": "11.3214",
            "high": "11.3214",
            "low": "11.3214",
            "close": "11.3256"
        },
        {
            "time": "14.03.2021 09:53",
            "open": "11.3256",
            "high": "11.3256",
            "low": "11.3254",
            "close": "11.3159"
        },
        {
            "time": "14.03.2021 09:54",
            "open": "11.3159",
            "high": "11.3256",
            "low": "11.3159",
            "close": "11.3256"
        },
        {
            "time": "14.03.2021 09:55",
            "open": "11.3256",
            "high": "11.3477",
            "low": "11.3255",
            "close": "11.2863"
        },
        {
            "time": "14.03.2021 10:03",
            "open": "11.2863",
            "high": "11.2863",
            "low": "11.2653",
            "close": "11.3272"
        },
        {
            "time": "14.03.2021 10:06",
            "open": "11.3272",
            "high": "11.3272",
            "low": "11.3272",
            "close": "11.3516"
        },
        {
            "time": "14.03.2021 10:08",
            "open": "11.3516",
            "high": "11.3551",
            "low": "11.3516",
            "close": "11.3764"
        },
        {
            "time": "14.03.2021 10:09",
            "open": "11.3764",
            "high": "11.3786",
            "low": "11.3764",
            "close": "11.3881"
        },
        {
            "time": "14.03.2021 10:12",
            "open": "11.3881",
            "high": "11.3881",
            "low": "11.3881",
            "close": "11.3881"
        },
        {
            "time": "14.03.2021 10:13",
            "open": "11.3881",
            "high": "11.3881",
            "low": "11.3881",
            "close": "11.4077"
        },
        {
            "time": "14.03.2021 10:14",
            "open": "11.4077",
            "high": "11.4285",
            "low": "11.4077",
            "close": "11.4352"
        },
        {
            "time": "14.03.2021 10:17",
            "open": "11.4352",
            "high": "11.4352",
            "low": "11.4352",
            "close": "11.4117"
        },
        {
            "time": "14.03.2021 10:18",
            "open": "11.4117",
            "high": "11.4117",
            "low": "11.4117",
            "close": "11.4141"
        },
        {
            "time": "14.03.2021 10:25",
            "open": "11.4141",
            "high": "11.4141",
            "low": "11.4141",
            "close": "11.435"
        },
        {
            "time": "14.03.2021 10:27",
            "open": "11.435",
            "high": "11.435",
            "low": "11.435",
            "close": "11.4352"
        },
        {
            "time": "14.03.2021 10:29",
            "open": "11.4352",
            "high": "11.4703",
            "low": "11.4352",
            "close": "11.47"
        },
        {
            "time": "14.03.2021 10:31",
            "open": "11.47",
            "high": "11.47",
            "low": "11.47",
            "close": "11.4737"
        },
        {
            "time": "14.03.2021 10:32",
            "open": "11.4737",
            "high": "11.4737",
            "low": "11.4737",
            "close": "11.4703"
        },
        {
            "time": "14.03.2021 10:34",
            "open": "11.4703",
            "high": "11.4703",
            "low": "11.4703",
            "close": "11.4703"
        },
        {
            "time": "14.03.2021 10:37",
            "open": "11.4703",
            "high": "11.4979",
            "low": "11.4703",
            "close": "11.4978"
        },
        {
            "time": "14.03.2021 10:38",
            "open": "11.4978",
            "high": "11.4978",
            "low": "11.4948",
            "close": "11.4935"
        },
        {
            "time": "14.03.2021 10:39",
            "open": "11.4935",
            "high": "11.4935",
            "low": "11.4935",
            "close": "11.4978"
        },
        {
            "time": "14.03.2021 10:40",
            "open": "11.4978",
            "high": "11.5144",
            "low": "11.4977",
            "close": "11.5144"
        },
        {
            "time": "14.03.2021 10:41",
            "open": "11.5144",
            "high": "11.5144",
            "low": "11.5144",
            "close": "11.5211"
        },
        {
            "time": "14.03.2021 10:42",
            "open": "11.5211",
            "high": "11.5211",
            "low": "11.5209",
            "close": "11.5163"
        },
        {
            "time": "14.03.2021 10:44",
            "open": "11.5163",
            "high": "11.5163",
            "low": "11.5163",
            "close": "11.5187"
        },
        {
            "time": "14.03.2021 10:45",
            "open": "11.5187",
            "high": "11.5187",
            "low": "11.5187",
            "close": "11.5211"
        },
        {
            "time": "14.03.2021 10:48",
            "open": "11.5211",
            "high": "11.539",
            "low": "11.5211",
            "close": "11.5428"
        },
        {
            "time": "14.03.2021 10:53",
            "open": "11.5428",
            "high": "11.5428",
            "low": "11.5427",
            "close": "11.5428"
        },
        {
            "time": "14.03.2021 10:54",
            "open": "11.5428",
            "high": "11.5428",
            "low": "11.5427",
            "close": "11.5427"
        },
        {
            "time": "14.03.2021 10:57",
            "open": "11.5427",
            "high": "11.5427",
            "low": "11.5022",
            "close": "11.5336"
        },
        {
            "time": "14.03.2021 10:59",
            "open": "11.5336",
            "high": "11.5336",
            "low": "11.5336",
            "close": "11.5255"
        },
        {
            "time": "14.03.2021 11:00",
            "open": "11.5255",
            "high": "11.5255",
            "low": "11.5255",
            "close": "11.4704"
        },
        {
            "time": "14.03.2021 11:02",
            "open": "11.4704",
            "high": "11.4728",
            "low": "11.4704",
            "close": "11.4408"
        },
        {
            "time": "14.03.2021 11:04",
            "open": "11.4408",
            "high": "11.4408",
            "low": "11.4408",
            "close": "11.4471"
        },
        {
            "time": "14.03.2021 11:05",
            "open": "11.4471",
            "high": "11.4471",
            "low": "11.4471",
            "close": "11.4499"
        },
        {
            "time": "14.03.2021 11:08",
            "open": "11.4499",
            "high": "11.4499",
            "low": "11.4499",
            "close": "11.4408"
        },
        {
            "time": "14.03.2021 11:15",
            "open": "11.4408",
            "high": "11.4408",
            "low": "11.4109",
            "close": "11.4264"
        },
        {
            "time": "14.03.2021 11:17",
            "open": "11.4264",
            "high": "11.4264",
            "low": "11.4264",
            "close": "11.4091"
        },
        {
            "time": "14.03.2021 11:22",
            "open": "11.4091",
            "high": "11.4091",
            "low": "11.4091",
            "close": "11.3679"
        },
        {
            "time": "14.03.2021 11:30",
            "open": "11.3679",
            "high": "11.3679",
            "low": "11.3679",
            "close": "11.3679"
        },
        {
            "time": "14.03.2021 11:31",
            "open": "11.3679",
            "high": "11.3679",
            "low": "11.3409",
            "close": "11.3483"
        },
        {
            "time": "14.03.2021 11:34",
            "open": "11.3483",
            "high": "11.3483",
            "low": "11.3483",
            "close": "11.3331"
        },
        {
            "time": "14.03.2021 11:35",
            "open": "11.3331",
            "high": "11.3331",
            "low": "11.3331",
            "close": "11.337"
        },
        {
            "time": "14.03.2021 11:36",
            "open": "11.337",
            "high": "11.337",
            "low": "11.3331",
            "close": "11.333"
        },
        {
            "time": "14.03.2021 11:37",
            "open": "11.333",
            "high": "11.333",
            "low": "11.333",
            "close": "11.304"
        },
        {
            "time": "14.03.2021 11:38",
            "open": "11.304",
            "high": "11.304",
            "low": "11.304",
            "close": "11.304"
        },
        {
            "time": "14.03.2021 11:39",
            "open": "11.304",
            "high": "11.304",
            "low": "11.2903",
            "close": "11.2756"
        },
        {
            "time": "14.03.2021 11:40",
            "open": "11.2756",
            "high": "11.288",
            "low": "11.265",
            "close": "11.265"
        },
        {
            "time": "14.03.2021 11:41",
            "open": "11.265",
            "high": "11.265",
            "low": "11.265",
            "close": "11.265"
        },
        {
            "time": "14.03.2021 11:42",
            "open": "11.265",
            "high": "11.265",
            "low": "11.2332",
            "close": "11.2492"
        },
        {
            "time": "14.03.2021 11:44",
            "open": "11.2492",
            "high": "11.2801",
            "low": "11.2492",
            "close": "11.2801"
        },
        {
            "time": "14.03.2021 11:46",
            "open": "11.2801",
            "high": "11.2801",
            "low": "11.2801",
            "close": "11.2911"
        },
        {
            "time": "14.03.2021 11:47",
            "open": "11.2911",
            "high": "11.2911",
            "low": "11.2911",
            "close": "11.2598"
        },
        {
            "time": "14.03.2021 11:49",
            "open": "11.2598",
            "high": "11.2598",
            "low": "11.2598",
            "close": "11.2332"
        },
        {
            "time": "14.03.2021 11:54",
            "open": "11.2332",
            "high": "11.2332",
            "low": "11.2332",
            "close": "11.2486"
        },
        {
            "time": "14.03.2021 11:55",
            "open": "11.2486",
            "high": "11.2486",
            "low": "11.2486",
            "close": "11.2356"
        },
        {
            "time": "14.03.2021 11:56",
            "open": "11.2356",
            "high": "11.2356",
            "low": "11.2356",
            "close": "11.2352"
        },
        {
            "time": "14.03.2021 12:00",
            "open": "11.2352",
            "high": "11.2352",
            "low": "11.2352",
            "close": "11.2596"
        },
        {
            "time": "14.03.2021 12:04",
            "open": "11.2596",
            "high": "11.2596",
            "low": "11.2596",
            "close": "11.2795"
        },
        {
            "time": "14.03.2021 12:05",
            "open": "11.2795",
            "high": "11.2795",
            "low": "11.2795",
            "close": "11.2668"
        },
        {
            "time": "14.03.2021 12:07",
            "open": "11.2668",
            "high": "11.2668",
            "low": "11.2668",
            "close": "11.2352"
        },
        {
            "time": "14.03.2021 12:08",
            "open": "11.2352",
            "high": "11.2352",
            "low": "11.2352",
            "close": "11.1973"
        },
        {
            "time": "14.03.2021 12:11",
            "open": "11.1973",
            "high": "11.1973",
            "low": "11.1973",
            "close": "11.1973"
        },
        {
            "time": "14.03.2021 12:12",
            "open": "11.1973",
            "high": "11.1973",
            "low": "11.1672",
            "close": "11.1672"
        },
        {
            "time": "14.03.2021 12:13",
            "open": "11.1672",
            "high": "11.1672",
            "low": "11.13",
            "close": "11.1865"
        },
        {
            "time": "14.03.2021 12:14",
            "open": "11.1865",
            "high": "11.2212",
            "low": "11.1865",
            "close": "11.1985"
        },
        {
            "time": "14.03.2021 12:15",
            "open": "11.1985",
            "high": "11.1985",
            "low": "11.1985",
            "close": "11.1699"
        },
        {
            "time": "14.03.2021 12:18",
            "open": "11.1699",
            "high": "11.1699",
            "low": "11.1699",
            "close": "11.2247"
        },
        {
            "time": "14.03.2021 12:20",
            "open": "11.2247",
            "high": "11.2247",
            "low": "11.2247",
            "close": "11.1699"
        },
        {
            "time": "14.03.2021 12:22",
            "open": "11.1699",
            "high": "11.1699",
            "low": "11.1597",
            "close": "11.1597"
        },
        {
            "time": "14.03.2021 12:23",
            "open": "11.1597",
            "high": "11.1597",
            "low": "11.1597",
            "close": "11.1597"
        },
        {
            "time": "14.03.2021 12:24",
            "open": "11.1597",
            "high": "11.1597",
            "low": "11.1327",
            "close": "11.1402"
        },
        {
            "time": "14.03.2021 12:25",
            "open": "11.1402",
            "high": "11.1402",
            "low": "11.1402",
            "close": "11.156"
        },
        {
            "time": "14.03.2021 12:27",
            "open": "11.156",
            "high": "11.156",
            "low": "11.0609",
            "close": "11.0609"
        },
        {
            "time": "14.03.2021 12:28",
            "open": "11.0609",
            "high": "11.0624",
            "low": "11.01",
            "close": "11.2379"
        },
        {
            "time": "14.03.2021 12:30",
            "open": "11.2379",
            "high": "11.2832",
            "low": "11.2379",
            "close": "11.2761"
        },
        {
            "time": "14.03.2021 12:31",
            "open": "11.2761",
            "high": "11.2761",
            "low": "11.2752",
            "close": "11.2958"
        },
        {
            "time": "14.03.2021 12:33",
            "open": "11.2958",
            "high": "11.2958",
            "low": "11.2957",
            "close": "11.2516"
        },
        {
            "time": "14.03.2021 12:34",
            "open": "11.2516",
            "high": "11.2516",
            "low": "11.2516",
            "close": "11.2265"
        },
        {
            "time": "14.03.2021 12:36",
            "open": "11.2265",
            "high": "11.2265",
            "low": "11.2221",
            "close": "11.2709"
        },
        {
            "time": "14.03.2021 12:38",
            "open": "11.2709",
            "high": "11.2709",
            "low": "11.2709",
            "close": "11.2987"
        },
        {
            "time": "14.03.2021 12:39",
            "open": "11.2987",
            "high": "11.2988",
            "low": "11.2987",
            "close": "11.2673"
        },
        {
            "time": "14.03.2021 12:40",
            "open": "11.2673",
            "high": "11.2673",
            "low": "11.2525",
            "close": "11.2308"
        },
        {
            "time": "14.03.2021 12:41",
            "open": "11.2308",
            "high": "11.2485",
            "low": "11.0924",
            "close": "11.2184"
        },
        {
            "time": "14.03.2021 12:42",
            "open": "11.2184",
            "high": "11.2307",
            "low": "11.2184",
            "close": "11.2034"
        },
        {
            "time": "14.03.2021 12:45",
            "open": "11.2034",
            "high": "11.2034",
            "low": "11.2034",
            "close": "11.2119"
        },
        {
            "time": "14.03.2021 12:46",
            "open": "11.2119",
            "high": "11.2119",
            "low": "11.2119",
            "close": "11.2311"
        },
        {
            "time": "14.03.2021 12:47",
            "open": "11.2311",
            "high": "11.2311",
            "low": "11.2311",
            "close": "11.2392"
        },
        {
            "time": "14.03.2021 12:49",
            "open": "11.2392",
            "high": "11.2392",
            "low": "11.2392",
            "close": "11.235"
        },
        {
            "time": "14.03.2021 12:50",
            "open": "11.235",
            "high": "11.235",
            "low": "11.235",
            "close": "11.2551"
        },
        {
            "time": "14.03.2021 12:51",
            "open": "11.2551",
            "high": "11.2551",
            "low": "11.2551",
            "close": "11.2805"
        },
        {
            "time": "14.03.2021 12:53",
            "open": "11.2805",
            "high": "11.2808",
            "low": "11.2805",
            "close": "11.2989"
        },
        {
            "time": "14.03.2021 12:56",
            "open": "11.2989",
            "high": "11.3079",
            "low": "11.2989",
            "close": "11.308"
        },
        {
            "time": "14.03.2021 12:57",
            "open": "11.308",
            "high": "11.308",
            "low": "11.308",
            "close": "11.3062"
        },
        {
            "time": "14.03.2021 13:00",
            "open": "11.3062",
            "high": "11.3203",
            "low": "11.292",
            "close": "11.3302"
        },
        {
            "time": "14.03.2021 13:03",
            "open": "11.3302",
            "high": "11.3302",
            "low": "11.3302",
            "close": "11.3078"
        },
        {
            "time": "14.03.2021 13:04",
            "open": "11.3078",
            "high": "11.344",
            "low": "11.3078",
            "close": "11.3439"
        },
        {
            "time": "14.03.2021 13:06",
            "open": "11.3439",
            "high": "11.3439",
            "low": "11.3389",
            "close": "11.344"
        },
        {
            "time": "14.03.2021 13:07",
            "open": "11.344",
            "high": "11.3576",
            "low": "11.344",
            "close": "11.3509"
        },
        {
            "time": "14.03.2021 13:08",
            "open": "11.3509",
            "high": "11.3509",
            "low": "11.344",
            "close": "11.3206"
        },
        {
            "time": "14.03.2021 13:09",
            "open": "11.3206",
            "high": "11.3206",
            "low": "11.3206",
            "close": "11.3509"
        },
        {
            "time": "14.03.2021 13:20",
            "open": "11.3509",
            "high": "11.3509",
            "low": "11.3509",
            "close": "11.3084"
        },
        {
            "time": "14.03.2021 13:21",
            "open": "11.3084",
            "high": "11.3084",
            "low": "11.3084",
            "close": "11.3127"
        },
        {
            "time": "14.03.2021 13:25",
            "open": "11.3127",
            "high": "11.313",
            "low": "11.3127",
            "close": "11.3134"
        },
        {
            "time": "14.03.2021 13:26",
            "open": "11.3134",
            "high": "11.3134",
            "low": "11.3131",
            "close": "11.3403"
        },
        {
            "time": "14.03.2021 13:38",
            "open": "11.3403",
            "high": "11.3403",
            "low": "11.3403",
            "close": "11.3138"
        },
        {
            "time": "14.03.2021 13:39",
            "open": "11.3138",
            "high": "11.3138",
            "low": "11.313",
            "close": "11.2858"
        },
        {
            "time": "14.03.2021 13:40",
            "open": "11.2858",
            "high": "11.2988",
            "low": "11.2845",
            "close": "11.2847"
        },
        {
            "time": "14.03.2021 13:41",
            "open": "11.2847",
            "high": "11.2875",
            "low": "11.2844",
            "close": "11.2844"
        },
        {
            "time": "14.03.2021 13:42",
            "open": "11.2844",
            "high": "11.2844",
            "low": "11.2808",
            "close": "11.2802"
        },
        {
            "time": "14.03.2021 13:43",
            "open": "11.2802",
            "high": "11.2814",
            "low": "11.2802",
            "close": "11.2308"
        },
        {
            "time": "14.03.2021 13:46",
            "open": "11.2308",
            "high": "11.2308",
            "low": "11.2306",
            "close": "11.2283"
        },
        {
            "time": "14.03.2021 13:49",
            "open": "11.2283",
            "high": "11.2283",
            "low": "11.2283",
            "close": "11.2274"
        },
        {
            "time": "14.03.2021 13:50",
            "open": "11.2274",
            "high": "11.2274",
            "low": "11.2207",
            "close": "11.2358"
        },
        {
            "time": "14.03.2021 13:52",
            "open": "11.2358",
            "high": "11.2443",
            "low": "11.2355",
            "close": "11.2366"
        },
        {
            "time": "14.03.2021 13:55",
            "open": "11.2366",
            "high": "11.2366",
            "low": "11.2366",
            "close": "11.2261"
        },
        {
            "time": "14.03.2021 14:11",
            "open": "11.2261",
            "high": "11.2261",
            "low": "11.2261",
            "close": "11.2086"
        },
        {
            "time": "14.03.2021 14:12",
            "open": "11.2086",
            "high": "11.2086",
            "low": "11.2086",
            "close": "11.2097"
        },
        {
            "time": "14.03.2021 14:18",
            "open": "11.2097",
            "high": "11.2097",
            "low": "11.1899",
            "close": "11.1808"
        },
        {
            "time": "14.03.2021 14:19",
            "open": "11.1808",
            "high": "11.1808",
            "low": "11.1808",
            "close": "11.2215"
        },
        {
            "time": "14.03.2021 14:20",
            "open": "11.2215",
            "high": "11.2215",
            "low": "11.2215",
            "close": "11.1672"
        },
        {
            "time": "14.03.2021 14:29",
            "open": "11.1672",
            "high": "11.1672",
            "low": "11.1672",
            "close": "11.1594"
        },
        {
            "time": "14.03.2021 14:32",
            "open": "11.1594",
            "high": "11.1594",
            "low": "11.1594",
            "close": "11.13"
        },
        {
            "time": "14.03.2021 14:33",
            "open": "11.13",
            "high": "11.13",
            "low": "11.1183",
            "close": "11.0953"
        },
        {
            "time": "14.03.2021 14:34",
            "open": "11.0953",
            "high": "11.0955",
            "low": "11.0951",
            "close": "11.0829"
        },
        {
            "time": "14.03.2021 14:35",
            "open": "11.0829",
            "high": "11.0833",
            "low": "11.0661",
            "close": "11.0631"
        },
        {
            "time": "14.03.2021 14:36",
            "open": "11.0631",
            "high": "11.0631",
            "low": "11.0631",
            "close": "11.0631"
        },
        {
            "time": "14.03.2021 14:37",
            "open": "11.0631",
            "high": "11.0631",
            "low": "11.0631",
            "close": "11.0738"
        },
        {
            "time": "14.03.2021 14:38",
            "open": "11.0738",
            "high": "11.0738",
            "low": "11.0738",
            "close": "11.114"
        },
        {
            "time": "14.03.2021 14:42",
            "open": "11.114",
            "high": "11.114",
            "low": "11.0738",
            "close": "11.0679"
        },
        {
            "time": "14.03.2021 14:46",
            "open": "11.0679",
            "high": "11.0679",
            "low": "11.0679",
            "close": "11.1055"
        },
        {
            "time": "14.03.2021 14:57",
            "open": "11.1055",
            "high": "11.1055",
            "low": "11.1055",
            "close": "11.1958"
        },
        {
            "time": "14.03.2021 15:01",
            "open": "11.1958",
            "high": "11.2173",
            "low": "11.1699",
            "close": "11.2086"
        },
        {
            "time": "14.03.2021 15:02",
            "open": "11.2086",
            "high": "11.2302",
            "low": "11.2086",
            "close": "11.2131"
        },
        {
            "time": "14.03.2021 15:06",
            "open": "11.2131",
            "high": "11.2131",
            "low": "11.2131",
            "close": "11.2143"
        },
        {
            "time": "14.03.2021 15:09",
            "open": "11.2143",
            "high": "11.2143",
            "low": "11.2143",
            "close": "11.2365"
        },
        {
            "time": "14.03.2021 15:11",
            "open": "11.2365",
            "high": "11.2365",
            "low": "11.2365",
            "close": "11.2375"
        },
        {
            "time": "14.03.2021 15:12",
            "open": "11.2375",
            "high": "11.2375",
            "low": "11.2375",
            "close": "11.2401"
        },
        {
            "time": "14.03.2021 15:15",
            "open": "11.2401",
            "high": "11.2401",
            "low": "11.2401",
            "close": "11.2401"
        },
        {
            "time": "14.03.2021 15:16",
            "open": "11.2401",
            "high": "11.2415",
            "low": "11.2401",
            "close": "11.199"
        },
        {
            "time": "14.03.2021 15:20",
            "open": "11.199",
            "high": "11.199",
            "low": "11.199",
            "close": "11.2483"
        },
        {
            "time": "14.03.2021 15:23",
            "open": "11.2483",
            "high": "11.2483",
            "low": "11.2483",
            "close": "11.2483"
        },
        {
            "time": "14.03.2021 15:27",
            "open": "11.2483",
            "high": "11.2483",
            "low": "11.2438",
            "close": "11.21"
        },
        {
            "time": "14.03.2021 15:38",
            "open": "11.21",
            "high": "11.21",
            "low": "11.21",
            "close": "11.21"
        },
        {
            "time": "14.03.2021 15:40",
            "open": "11.21",
            "high": "11.21",
            "low": "11.1943",
            "close": "11.1961"
        },
        {
            "time": "14.03.2021 15:44",
            "open": "11.1961",
            "high": "11.1961",
            "low": "11.1961",
            "close": "11.1635"
        },
        {
            "time": "14.03.2021 15:45",
            "open": "11.1635",
            "high": "11.1635",
            "low": "11.1635",
            "close": "11.1757"
        },
        {
            "time": "14.03.2021 15:51",
            "open": "11.1757",
            "high": "11.1757",
            "low": "11.1757",
            "close": "11.1785"
        },
        {
            "time": "14.03.2021 15:52",
            "open": "11.1785",
            "high": "11.1785",
            "low": "11.1785",
            "close": "11.1519"
        },
        {
            "time": "14.03.2021 15:56",
            "open": "11.1519",
            "high": "11.1519",
            "low": "11.1519",
            "close": "11.1943"
        },
        {
            "time": "14.03.2021 16:02",
            "open": "11.1943",
            "high": "11.1943",
            "low": "11.1943",
            "close": "11.1435"
        },
        {
            "time": "14.03.2021 16:07",
            "open": "11.1435",
            "high": "11.1435",
            "low": "11.1435",
            "close": "11.1642"
        },
        {
            "time": "14.03.2021 16:14",
            "open": "11.1642",
            "high": "11.1642",
            "low": "11.1581",
            "close": "11.2388"
        },
        {
            "time": "14.03.2021 16:16",
            "open": "11.2388",
            "high": "11.2388",
            "low": "11.2388",
            "close": "11.196"
        },
        {
            "time": "14.03.2021 16:19",
            "open": "11.196",
            "high": "11.196",
            "low": "11.1959",
            "close": "11.2016"
        },
        {
            "time": "14.03.2021 16:21",
            "open": "11.2016",
            "high": "11.2016",
            "low": "11.2016",
            "close": "11.2529"
        },
        {
            "time": "14.03.2021 16:24",
            "open": "11.2529",
            "high": "11.31",
            "low": "11.2529",
            "close": "11.301"
        },
        {
            "time": "14.03.2021 16:25",
            "open": "11.301",
            "high": "11.301",
            "low": "11.301",
            "close": "11.344"
        },
        {
            "time": "14.03.2021 16:26",
            "open": "11.344",
            "high": "11.344",
            "low": "11.344",
            "close": "11.3764"
        },
        {
            "time": "14.03.2021 16:27",
            "open": "11.3764",
            "high": "11.3925",
            "low": "11.3764",
            "close": "11.3563"
        },
        {
            "time": "14.03.2021 16:28",
            "open": "11.3563",
            "high": "11.3781",
            "low": "11.3558",
            "close": "11.3875"
        },
        {
            "time": "14.03.2021 16:29",
            "open": "11.3875",
            "high": "11.3875",
            "low": "11.3799",
            "close": "11.3798"
        },
        {
            "time": "14.03.2021 16:31",
            "open": "11.3798",
            "high": "11.3798",
            "low": "11.3798",
            "close": "11.3476"
        },
        {
            "time": "14.03.2021 16:32",
            "open": "11.3476",
            "high": "11.3476",
            "low": "11.3476",
            "close": "11.2532"
        },
        {
            "time": "14.03.2021 16:36",
            "open": "11.2532",
            "high": "11.2532",
            "low": "11.2532",
            "close": "11.2908"
        },
        {
            "time": "14.03.2021 16:37",
            "open": "11.2908",
            "high": "11.2928",
            "low": "11.2908",
            "close": "11.2821"
        },
        {
            "time": "14.03.2021 16:39",
            "open": "11.2821",
            "high": "11.2821",
            "low": "11.2531",
            "close": "11.2493"
        },
        {
            "time": "14.03.2021 16:43",
            "open": "11.2493",
            "high": "11.2493",
            "low": "11.2493",
            "close": "11.3252"
        },
        {
            "time": "14.03.2021 16:46",
            "open": "11.3252",
            "high": "11.3252",
            "low": "11.3252",
            "close": "11.3209"
        },
        {
            "time": "14.03.2021 16:47",
            "open": "11.3209",
            "high": "11.3209",
            "low": "11.3209",
            "close": "11.3848"
        },
        {
            "time": "14.03.2021 16:48",
            "open": "11.3848",
            "high": "11.4036",
            "low": "11.3848",
            "close": "11.4083"
        },
        {
            "time": "14.03.2021 16:50",
            "open": "11.4083",
            "high": "11.4083",
            "low": "11.4083",
            "close": "11.3438"
        },
        {
            "time": "14.03.2021 16:51",
            "open": "11.3438",
            "high": "11.3438",
            "low": "11.3437",
            "close": "11.3084"
        },
        {
            "time": "14.03.2021 16:54",
            "open": "11.3084",
            "high": "11.3084",
            "low": "11.3084",
            "close": "11.307"
        },
        {
            "time": "14.03.2021 16:55",
            "open": "11.307",
            "high": "11.307",
            "low": "11.307",
            "close": "11.3033"
        },
        {
            "time": "14.03.2021 16:57",
            "open": "11.3033",
            "high": "11.3033",
            "low": "11.3033",
            "close": "11.3212"
        },
        {
            "time": "14.03.2021 16:58",
            "open": "11.3212",
            "high": "11.3212",
            "low": "11.3212",
            "close": "11.2857"
        },
        {
            "time": "14.03.2021 17:01",
            "open": "11.2857",
            "high": "11.2857",
            "low": "11.2857",
            "close": "11.2627"
        },
        {
            "time": "14.03.2021 17:02",
            "open": "11.2627",
            "high": "11.2627",
            "low": "11.2627",
            "close": "11.2822"
        },
        {
            "time": "14.03.2021 17:06",
            "open": "11.2822",
            "high": "11.2822",
            "low": "11.2822",
            "close": "11.3066"
        },
        {
            "time": "14.03.2021 17:08",
            "open": "11.3066",
            "high": "11.3408",
            "low": "11.3066",
            "close": "11.39"
        },
        {
            "time": "14.03.2021 17:09",
            "open": "11.39",
            "high": "11.4352",
            "low": "11.39",
            "close": "11.4223"
        },
        {
            "time": "14.03.2021 17:10",
            "open": "11.4223",
            "high": "11.4223",
            "low": "11.4187",
            "close": "11.4352"
        },
        {
            "time": "14.03.2021 17:13",
            "open": "11.4352",
            "high": "11.4452",
            "low": "11.4352",
            "close": "11.4854"
        },
        {
            "time": "14.03.2021 17:14",
            "open": "11.4854",
            "high": "11.5123",
            "low": "11.4706",
            "close": "11.4374"
        },
        {
            "time": "14.03.2021 17:16",
            "open": "11.4374",
            "high": "11.4623",
            "low": "11.4374",
            "close": "11.4701"
        },
        {
            "time": "14.03.2021 17:18",
            "open": "11.4701",
            "high": "11.4701",
            "low": "11.4701",
            "close": "11.4789"
        },
        {
            "time": "14.03.2021 17:19",
            "open": "11.4789",
            "high": "11.4789",
            "low": "11.4789",
            "close": "11.4818"
        },
        {
            "time": "14.03.2021 17:21",
            "open": "11.4818",
            "high": "11.4818",
            "low": "11.4818",
            "close": "11.4241"
        },
        {
            "time": "14.03.2021 17:26",
            "open": "11.4241",
            "high": "11.4241",
            "low": "11.424",
            "close": "11.4091"
        },
        {
            "time": "14.03.2021 17:27",
            "open": "11.4091",
            "high": "11.4091",
            "low": "11.4091",
            "close": "11.3956"
        },
        {
            "time": "14.03.2021 17:30",
            "open": "11.3956",
            "high": "11.3956",
            "low": "11.3788",
            "close": "11.3681"
        },
        {
            "time": "14.03.2021 17:32",
            "open": "11.3681",
            "high": "11.3681",
            "low": "11.3681",
            "close": "11.3408"
        },
        {
            "time": "14.03.2021 17:36",
            "open": "11.3408",
            "high": "11.3408",
            "low": "11.3408",
            "close": "11.3408"
        },
        {
            "time": "14.03.2021 17:37",
            "open": "11.3408",
            "high": "11.3408",
            "low": "11.3253",
            "close": "11.3105"
        },
        {
            "time": "14.03.2021 17:38",
            "open": "11.3105",
            "high": "11.3105",
            "low": "11.3105",
            "close": "11.3106"
        },
        {
            "time": "14.03.2021 17:43",
            "open": "11.3106",
            "high": "11.3106",
            "low": "11.3059",
            "close": "11.2775"
        },
        {
            "time": "14.03.2021 17:47",
            "open": "11.2775",
            "high": "11.2775",
            "low": "11.2775",
            "close": "11.3135"
        },
        {
            "time": "14.03.2021 17:48",
            "open": "11.3135",
            "high": "11.3135",
            "low": "11.3049",
            "close": "11.3128"
        },
        {
            "time": "14.03.2021 17:58",
            "open": "11.3128",
            "high": "11.3129",
            "low": "11.3128",
            "close": "11.3434"
        },
        {
            "time": "14.03.2021 18:00",
            "open": "11.3434",
            "high": "11.3434",
            "low": "11.3434",
            "close": "11.3709"
        },
        {
            "time": "14.03.2021 18:01",
            "open": "11.3709",
            "high": "11.3709",
            "low": "11.3709",
            "close": "11.44"
        },
        {
            "time": "14.03.2021 18:05",
            "open": "11.44",
            "high": "11.44",
            "low": "11.44",
            "close": "11.4114"
        },
        {
            "time": "14.03.2021 18:07",
            "open": "11.4114",
            "high": "11.4114",
            "low": "11.4114",
            "close": "11.4058"
        },
        {
            "time": "14.03.2021 18:09",
            "open": "11.4058",
            "high": "11.4058",
            "low": "11.4058",
            "close": "11.4224"
        },
        {
            "time": "14.03.2021 18:13",
            "open": "11.4224",
            "high": "11.4224",
            "low": "11.4224",
            "close": "11.3962"
        },
        {
            "time": "14.03.2021 18:15",
            "open": "11.3962",
            "high": "11.3962",
            "low": "11.3962",
            "close": "11.3977"
        },
        {
            "time": "14.03.2021 18:18",
            "open": "11.3977",
            "high": "11.3977",
            "low": "11.3977",
            "close": "11.3278"
        },
        {
            "time": "14.03.2021 18:23",
            "open": "11.3278",
            "high": "11.3279",
            "low": "11.3278",
            "close": "11.3362"
        },
        {
            "time": "14.03.2021 18:31",
            "open": "11.3362",
            "high": "11.3362",
            "low": "11.3361",
            "close": "11.3127"
        },
        {
            "time": "14.03.2021 18:38",
            "open": "11.3127",
            "high": "11.3127",
            "low": "11.3127",
            "close": "11.2981"
        },
        {
            "time": "14.03.2021 18:39",
            "open": "11.2981",
            "high": "11.2981",
            "low": "11.2981",
            "close": "11.2979"
        },
        {
            "time": "14.03.2021 18:40",
            "open": "11.2979",
            "high": "11.3141",
            "low": "11.2979",
            "close": "11.2979"
        },
        {
            "time": "14.03.2021 18:41",
            "open": "11.2979",
            "high": "11.2979",
            "low": "11.2979",
            "close": "11.304"
        },
        {
            "time": "14.03.2021 18:46",
            "open": "11.304",
            "high": "11.304",
            "low": "11.304",
            "close": "11.304"
        },
        {
            "time": "14.03.2021 18:47",
            "open": "11.304",
            "high": "11.304",
            "low": "11.304",
            "close": "11.2929"
        },
        {
            "time": "14.03.2021 18:49",
            "open": "11.2929",
            "high": "11.2929",
            "low": "11.2929",
            "close": "11.3174"
        },
        {
            "time": "14.03.2021 18:50",
            "open": "11.3174",
            "high": "11.3411",
            "low": "11.3174",
            "close": "11.3285"
        },
        {
            "time": "14.03.2021 18:52",
            "open": "11.3285",
            "high": "11.3285",
            "low": "11.3283",
            "close": "11.2929"
        },
        {
            "time": "14.03.2021 18:53",
            "open": "11.2929",
            "high": "11.2929",
            "low": "11.2929",
            "close": "11.3228"
        },
        {
            "time": "14.03.2021 18:54",
            "open": "11.3228",
            "high": "11.364",
            "low": "11.3201",
            "close": "11.293"
        },
        {
            "time": "14.03.2021 18:55",
            "open": "11.293",
            "high": "11.293",
            "low": "11.293",
            "close": "11.3039"
        },
        {
            "time": "14.03.2021 18:59",
            "open": "11.3039",
            "high": "11.3039",
            "low": "11.3039",
            "close": "11.3219"
        },
        {
            "time": "14.03.2021 19:00",
            "open": "11.3219",
            "high": "11.3219",
            "low": "11.3219",
            "close": "11.3372"
        },
        {
            "time": "14.03.2021 19:04",
            "open": "11.3372",
            "high": "11.3372",
            "low": "11.3372",
            "close": "11.3468"
        },
        {
            "time": "14.03.2021 19:08",
            "open": "11.3468",
            "high": "11.3468",
            "low": "11.3468",
            "close": "11.3533"
        },
        {
            "time": "14.03.2021 19:09",
            "open": "11.3533",
            "high": "11.3533",
            "low": "11.3533",
            "close": "11.4047"
        },
        {
            "time": "14.03.2021 19:17",
            "open": "11.4047",
            "high": "11.4067",
            "low": "11.4047",
            "close": "11.389"
        },
        {
            "time": "14.03.2021 19:24",
            "open": "11.389",
            "high": "11.389",
            "low": "11.3787",
            "close": "11.3658"
        },
        {
            "time": "14.03.2021 19:25",
            "open": "11.3658",
            "high": "11.3658",
            "low": "11.3658",
            "close": "11.4171"
        },
        {
            "time": "14.03.2021 19:26",
            "open": "11.4171",
            "high": "11.4171",
            "low": "11.417",
            "close": "11.4159"
        },
        {
            "time": "14.03.2021 19:32",
            "open": "11.4159",
            "high": "11.4159",
            "low": "11.4159",
            "close": "11.417"
        },
        {
            "time": "14.03.2021 19:35",
            "open": "11.417",
            "high": "11.417",
            "low": "11.417",
            "close": "11.4449"
        },
        {
            "time": "14.03.2021 19:36",
            "open": "11.4449",
            "high": "11.4449",
            "low": "11.4449",
            "close": "11.4376"
        },
        {
            "time": "14.03.2021 19:38",
            "open": "11.4376",
            "high": "11.4376",
            "low": "11.4376",
            "close": "11.4803"
        },
        {
            "time": "14.03.2021 19:41",
            "open": "11.4803",
            "high": "11.4803",
            "low": "11.4803",
            "close": "11.4803"
        },
        {
            "time": "14.03.2021 19:42",
            "open": "11.4803",
            "high": "11.4803",
            "low": "11.4803",
            "close": "11.4659"
        },
        {
            "time": "14.03.2021 19:48",
            "open": "11.4659",
            "high": "11.4659",
            "low": "11.4659",
            "close": "11.4488"
        },
        {
            "time": "14.03.2021 19:49",
            "open": "11.4488",
            "high": "11.4488",
            "low": "11.4488",
            "close": "11.4046"
        },
        {
            "time": "14.03.2021 19:53",
            "open": "11.4046",
            "high": "11.4046",
            "low": "11.4046",
            "close": "11.4142"
        },
        {
            "time": "14.03.2021 19:55",
            "open": "11.4142",
            "high": "11.4142",
            "low": "11.4142",
            "close": "11.4543"
        },
        {
            "time": "14.03.2021 19:56",
            "open": "11.4543",
            "high": "11.4543",
            "low": "11.4543",
            "close": "11.4543"
        },
        {
            "time": "14.03.2021 19:57",
            "open": "11.4543",
            "high": "11.4543",
            "low": "11.4543",
            "close": "11.4543"
        },
        {
            "time": "14.03.2021 19:58",
            "open": "11.4543",
            "high": "11.4543",
            "low": "11.4543",
            "close": "11.43"
        },
        {
            "time": "14.03.2021 19:59",
            "open": "11.43",
            "high": "11.43",
            "low": "11.4168",
            "close": "11.4543"
        },
        {
            "time": "14.03.2021 20:01",
            "open": "11.4543",
            "high": "11.4543",
            "low": "11.4543",
            "close": "11.4486"
        },
        {
            "time": "14.03.2021 20:02",
            "open": "11.4486",
            "high": "11.4486",
            "low": "11.4486",
            "close": "11.4486"
        },
        {
            "time": "14.03.2021 20:03",
            "open": "11.4486",
            "high": "11.4622",
            "low": "11.4486",
            "close": "11.4524"
        },
        {
            "time": "14.03.2021 20:04",
            "open": "11.4524",
            "high": "11.4524",
            "low": "11.4522",
            "close": "11.47"
        },
        {
            "time": "14.03.2021 20:06",
            "open": "11.47",
            "high": "11.4857",
            "low": "11.47",
            "close": "11.4967"
        },
        {
            "time": "14.03.2021 20:07",
            "open": "11.4967",
            "high": "11.4967",
            "low": "11.4967",
            "close": "11.4879"
        },
        {
            "time": "14.03.2021 20:08",
            "open": "11.4879",
            "high": "11.5086",
            "low": "11.4878",
            "close": "11.5013"
        },
        {
            "time": "14.03.2021 20:11",
            "open": "11.5013",
            "high": "11.5122",
            "low": "11.5013",
            "close": "11.5122"
        },
        {
            "time": "14.03.2021 20:12",
            "open": "11.5122",
            "high": "11.5122",
            "low": "11.5122",
            "close": "11.5123"
        },
        {
            "time": "14.03.2021 20:17",
            "open": "11.5123",
            "high": "11.5123",
            "low": "11.5123",
            "close": "11.5123"
        },
        {
            "time": "14.03.2021 20:18",
            "open": "11.5123",
            "high": "11.5123",
            "low": "11.5123",
            "close": "11.5124"
        },
        {
            "time": "14.03.2021 20:19",
            "open": "11.5124",
            "high": "11.5124",
            "low": "11.5124",
            "close": "11.5124"
        },
        {
            "time": "14.03.2021 20:21",
            "open": "11.5124",
            "high": "11.5124",
            "low": "11.5124",
            "close": "11.5124"
        },
        {
            "time": "14.03.2021 20:23",
            "open": "11.5124",
            "high": "11.5135",
            "low": "11.5124",
            "close": "11.5144"
        },
        {
            "time": "14.03.2021 20:26",
            "open": "11.5144",
            "high": "11.5183",
            "low": "11.5144",
            "close": "11.5178"
        },
        {
            "time": "14.03.2021 20:27",
            "open": "11.5178",
            "high": "11.5178",
            "low": "11.5178",
            "close": "11.5182"
        },
        {
            "time": "14.03.2021 20:28",
            "open": "11.5182",
            "high": "11.5182",
            "low": "11.5182",
            "close": "11.5181"
        },
        {
            "time": "14.03.2021 20:29",
            "open": "11.5181",
            "high": "11.5181",
            "low": "11.5181",
            "close": "11.4809"
        },
        {
            "time": "14.03.2021 20:31",
            "open": "11.4809",
            "high": "11.4809",
            "low": "11.4809",
            "close": "11.5181"
        },
        {
            "time": "14.03.2021 20:38",
            "open": "11.5181",
            "high": "11.5183",
            "low": "11.5181",
            "close": "11.5183"
        },
        {
            "time": "14.03.2021 20:39",
            "open": "11.5183",
            "high": "11.5183",
            "low": "11.5183",
            "close": "11.5429"
        },
        {
            "time": "14.03.2021 20:40",
            "open": "11.5429",
            "high": "11.5429",
            "low": "11.5429",
            "close": "11.5058"
        },
        {
            "time": "14.03.2021 20:43",
            "open": "11.5058",
            "high": "11.5058",
            "low": "11.5058",
            "close": "11.4953"
        },
        {
            "time": "14.03.2021 20:44",
            "open": "11.4953",
            "high": "11.5188",
            "low": "11.4953",
            "close": "11.49"
        },
        {
            "time": "14.03.2021 20:45",
            "open": "11.49",
            "high": "11.49",
            "low": "11.4699",
            "close": "11.47"
        },
        {
            "time": "14.03.2021 20:47",
            "open": "11.47",
            "high": "11.47",
            "low": "11.4532",
            "close": "11.4699"
        },
        {
            "time": "14.03.2021 20:50",
            "open": "11.4699",
            "high": "11.4699",
            "low": "11.4699",
            "close": "11.47"
        },
        {
            "time": "14.03.2021 20:52",
            "open": "11.47",
            "high": "11.4915",
            "low": "11.47",
            "close": "11.4847"
        },
        {
            "time": "14.03.2021 20:53",
            "open": "11.4847",
            "high": "11.4847",
            "low": "11.4847",
            "close": "11.4847"
        },
        {
            "time": "14.03.2021 20:57",
            "open": "11.4847",
            "high": "11.4847",
            "low": "11.4847",
            "close": "11.481"
        },
        {
            "time": "14.03.2021 20:59",
            "open": "11.481",
            "high": "11.481",
            "low": "11.481",
            "close": "11.481"
        },
        {
            "time": "14.03.2021 21:04",
            "open": "11.481",
            "high": "11.481",
            "low": "11.481",
            "close": "11.475"
        },
        {
            "time": "14.03.2021 21:08",
            "open": "11.475",
            "high": "11.475",
            "low": "11.475",
            "close": "11.4834"
        },
        {
            "time": "14.03.2021 21:12",
            "open": "11.4834",
            "high": "11.4834",
            "low": "11.4823",
            "close": "11.4971"
        },
        {
            "time": "14.03.2021 21:13",
            "open": "11.4971",
            "high": "11.4971",
            "low": "11.4971",
            "close": "11.4248"
        },
        {
            "time": "14.03.2021 21:17",
            "open": "11.4248",
            "high": "11.4248",
            "low": "11.4",
            "close": "11.4"
        },
        {
            "time": "14.03.2021 21:18",
            "open": "11.4",
            "high": "11.4",
            "low": "11.4",
            "close": "11.379"
        },
        {
            "time": "14.03.2021 21:22",
            "open": "11.379",
            "high": "11.379",
            "low": "11.343",
            "close": "11.3784"
        },
        {
            "time": "14.03.2021 21:25",
            "open": "11.3784",
            "high": "11.3784",
            "low": "11.3784",
            "close": "11.3723"
        },
        {
            "time": "14.03.2021 21:26",
            "open": "11.3723",
            "high": "11.3723",
            "low": "11.3723",
            "close": "11.3795"
        },
        {
            "time": "14.03.2021 21:27",
            "open": "11.3795",
            "high": "11.3942",
            "low": "11.3795",
            "close": "11.3847"
        },
        {
            "time": "14.03.2021 21:30",
            "open": "11.3847",
            "high": "11.3847",
            "low": "11.3847",
            "close": "11.3605"
        },
        {
            "time": "14.03.2021 21:32",
            "open": "11.3605",
            "high": "11.3605",
            "low": "11.3605",
            "close": "11.387"
        },
        {
            "time": "14.03.2021 21:34",
            "open": "11.387",
            "high": "11.4397",
            "low": "11.3869",
            "close": "11.4063"
        },
        {
            "time": "14.03.2021 21:36",
            "open": "11.4063",
            "high": "11.4063",
            "low": "11.4063",
            "close": "11.3663"
        },
        {
            "time": "14.03.2021 21:44",
            "open": "11.3663",
            "high": "11.3663",
            "low": "11.3662",
            "close": "11.409"
        },
        {
            "time": "14.03.2021 21:48",
            "open": "11.409",
            "high": "11.409",
            "low": "11.409",
            "close": "11.3921"
        },
        {
            "time": "14.03.2021 21:49",
            "open": "11.3921",
            "high": "11.3921",
            "low": "11.3921",
            "close": "11.4256"
        },
        {
            "time": "14.03.2021 22:02",
            "open": "11.4256",
            "high": "11.4256",
            "low": "11.4256",
            "close": "11.3992"
        },
        {
            "time": "14.03.2021 22:03",
            "open": "11.3992",
            "high": "11.4049",
            "low": "11.3991",
            "close": "11.4049"
        },
        {
            "time": "14.03.2021 22:15",
            "open": "11.4049",
            "high": "11.4049",
            "low": "11.4049",
            "close": "11.3958"
        },
        {
            "time": "14.03.2021 22:16",
            "open": "11.3958",
            "high": "11.3958",
            "low": "11.3958",
            "close": "11.4049"
        },
        {
            "time": "14.03.2021 22:19",
            "open": "11.4049",
            "high": "11.4049",
            "low": "11.4049",
            "close": "11.4049"
        },
        {
            "time": "14.03.2021 22:21",
            "open": "11.4049",
            "high": "11.4049",
            "low": "11.4049",
            "close": "11.4624"
        },
        {
            "time": "14.03.2021 22:22",
            "open": "11.4624",
            "high": "11.4624",
            "low": "11.4329",
            "close": "11.4673"
        },
        {
            "time": "14.03.2021 22:23",
            "open": "11.4673",
            "high": "11.4673",
            "low": "11.4673",
            "close": "11.4597"
        },
        {
            "time": "14.03.2021 22:34",
            "open": "11.4597",
            "high": "11.4597",
            "low": "11.4597",
            "close": "11.4311"
        },
        {
            "time": "14.03.2021 22:35",
            "open": "11.4311",
            "high": "11.4311",
            "low": "11.4311",
            "close": "11.4543"
        },
        {
            "time": "14.03.2021 22:37",
            "open": "11.4543",
            "high": "11.4543",
            "low": "11.4543",
            "close": "11.4492"
        },
        {
            "time": "14.03.2021 22:49",
            "open": "11.4492",
            "high": "11.4492",
            "low": "11.4492",
            "close": "11.4534"
        },
        {
            "time": "14.03.2021 22:51",
            "open": "11.4534",
            "high": "11.4534",
            "low": "11.4534",
            "close": "11.4435"
        },
        {
            "time": "14.03.2021 22:55",
            "open": "11.4435",
            "high": "11.4435",
            "low": "11.4435",
            "close": "11.4719"
        },
        {
            "time": "14.03.2021 22:57",
            "open": "11.4719",
            "high": "11.4719",
            "low": "11.4719",
            "close": "11.4534"
        },
        {
            "time": "14.03.2021 23:05",
            "open": "11.4534",
            "high": "11.4534",
            "low": "11.4534",
            "close": "11.3951"
        },
        {
            "time": "14.03.2021 23:11",
            "open": "11.3951",
            "high": "11.3951",
            "low": "11.3951",
            "close": "11.3788"
        },
        {
            "time": "14.03.2021 23:14",
            "open": "11.3788",
            "high": "11.3788",
            "low": "11.3788",
            "close": "11.377"
        },
        {
            "time": "14.03.2021 23:15",
            "open": "11.377",
            "high": "11.3787",
            "low": "11.377",
            "close": "11.3788"
        },
        {
            "time": "14.03.2021 23:16",
            "open": "11.3788",
            "high": "11.3788",
            "low": "11.3788",
            "close": "11.52"
        },
        {
            "time": "14.03.2021 23:21",
            "open": "11.52",
            "high": "11.5426",
            "low": "11.52",
            "close": "11.5156"
        },
        {
            "time": "14.03.2021 23:24",
            "open": "11.5156",
            "high": "11.5439",
            "low": "11.5156",
            "close": "11.5311"
        },
        {
            "time": "14.03.2021 23:25",
            "open": "11.5311",
            "high": "11.5311",
            "low": "11.5309",
            "close": "11.4998"
        },
        {
            "time": "14.03.2021 23:26",
            "open": "11.4998",
            "high": "11.4998",
            "low": "11.4998",
            "close": "11.4526"
        },
        {
            "time": "14.03.2021 23:32",
            "open": "11.4526",
            "high": "11.4526",
            "low": "11.4526",
            "close": "11.4069"
        },
        {
            "time": "14.03.2021 23:35",
            "open": "11.4069",
            "high": "11.4069",
            "low": "11.3872",
            "close": "11.4722"
        },
        {
            "time": "14.03.2021 23:36",
            "open": "11.4722",
            "high": "11.4722",
            "low": "11.4722",
            "close": "11.4507"
        },
        {
            "time": "14.03.2021 23:38",
            "open": "11.4507",
            "high": "11.4507",
            "low": "11.4507",
            "close": "11.4786"
        },
        {
            "time": "14.03.2021 23:40",
            "open": "11.4786",
            "high": "11.4787",
            "low": "11.4786",
            "close": "11.4892"
        },
        {
            "time": "14.03.2021 23:42",
            "open": "11.4892",
            "high": "11.5",
            "low": "11.4892",
            "close": "11.5403"
        },
        {
            "time": "14.03.2021 23:44",
            "open": "11.5403",
            "high": "11.5403",
            "low": "11.5403",
            "close": "11.5163"
        },
        {
            "time": "14.03.2021 23:48",
            "open": "11.5163",
            "high": "11.5415",
            "low": "11.5163",
            "close": "11.5169"
        },
        {
            "time": "14.03.2021 23:49",
            "open": "11.5169",
            "high": "11.5169",
            "low": "11.5169",
            "close": "11.5518"
        }
    ]
}