{
    "BAND-EUR": [
        {
            "time": "12.06.2021 23:55",
            "open": "5.4712",
            "high": "5.4715",
            "low": "5.4712",
            "close": "5.5282"
        },
        {
            "time": "13.06.2021 00:04",
            "open": "5.5282",
            "high": "5.5287",
            "low": "5.5282",
            "close": "5.5337"
        },
        {
            "time": "13.06.2021 00:05",
            "open": "5.5337",
            "high": "5.5337",
            "low": "5.5337",
            "close": "5.5485"
        },
        {
            "time": "13.06.2021 00:06",
            "open": "5.5485",
            "high": "5.5485",
            "low": "5.5485",
            "close": "5.5316"
        },
        {
            "time": "13.06.2021 00:08",
            "open": "5.5316",
            "high": "5.548",
            "low": "5.5316",
            "close": "5.5342"
        },
        {
            "time": "13.06.2021 00:11",
            "open": "5.5342",
            "high": "5.5367",
            "low": "5.5342",
            "close": "5.5293"
        },
        {
            "time": "13.06.2021 00:14",
            "open": "5.5293",
            "high": "5.5294",
            "low": "5.5293",
            "close": "5.4999"
        },
        {
            "time": "13.06.2021 00:17",
            "open": "5.4999",
            "high": "5.4999",
            "low": "5.4999",
            "close": "5.4809"
        },
        {
            "time": "13.06.2021 00:21",
            "open": "5.4809",
            "high": "5.4809",
            "low": "5.4718",
            "close": "5.4342"
        },
        {
            "time": "13.06.2021 00:24",
            "open": "5.4342",
            "high": "5.4368",
            "low": "5.4342",
            "close": "5.4397"
        },
        {
            "time": "13.06.2021 00:25",
            "open": "5.4397",
            "high": "5.4515",
            "low": "5.4397",
            "close": "5.4494"
        },
        {
            "time": "13.06.2021 00:26",
            "open": "5.4494",
            "high": "5.4494",
            "low": "5.4494",
            "close": "5.4501"
        },
        {
            "time": "13.06.2021 00:27",
            "open": "5.4501",
            "high": "5.4501",
            "low": "5.4411",
            "close": "5.4324"
        },
        {
            "time": "13.06.2021 00:28",
            "open": "5.4324",
            "high": "5.4489",
            "low": "5.4324",
            "close": "5.4498"
        },
        {
            "time": "13.06.2021 00:31",
            "open": "5.4498",
            "high": "5.4498",
            "low": "5.4498",
            "close": "5.4651"
        },
        {
            "time": "13.06.2021 00:34",
            "open": "5.4651",
            "high": "5.4651",
            "low": "5.4591",
            "close": "5.4316"
        },
        {
            "time": "13.06.2021 00:36",
            "open": "5.4316",
            "high": "5.4316",
            "low": "5.4274",
            "close": "5.4283"
        },
        {
            "time": "13.06.2021 00:39",
            "open": "5.4283",
            "high": "5.4283",
            "low": "5.4283",
            "close": "5.4445"
        },
        {
            "time": "13.06.2021 00:41",
            "open": "5.4445",
            "high": "5.445",
            "low": "5.4445",
            "close": "5.4404"
        },
        {
            "time": "13.06.2021 00:46",
            "open": "5.4404",
            "high": "5.4404",
            "low": "5.4342",
            "close": "5.4259"
        },
        {
            "time": "13.06.2021 00:48",
            "open": "5.4259",
            "high": "5.4259",
            "low": "5.4259",
            "close": "5.4327"
        },
        {
            "time": "13.06.2021 00:50",
            "open": "5.4327",
            "high": "5.442",
            "low": "5.4327",
            "close": "5.4551"
        },
        {
            "time": "13.06.2021 00:53",
            "open": "5.4551",
            "high": "5.4551",
            "low": "5.4551",
            "close": "5.4551"
        },
        {
            "time": "13.06.2021 00:54",
            "open": "5.4551",
            "high": "5.4551",
            "low": "5.4551",
            "close": "5.4691"
        },
        {
            "time": "13.06.2021 00:56",
            "open": "5.4691",
            "high": "5.4691",
            "low": "5.4691",
            "close": "5.4852"
        },
        {
            "time": "13.06.2021 01:11",
            "open": "5.4852",
            "high": "5.4852",
            "low": "5.4852",
            "close": "5.4932"
        },
        {
            "time": "13.06.2021 01:13",
            "open": "5.4932",
            "high": "5.4932",
            "low": "5.4932",
            "close": "5.5015"
        },
        {
            "time": "13.06.2021 01:26",
            "open": "5.5015",
            "high": "5.5196",
            "low": "5.5015",
            "close": "5.4964"
        },
        {
            "time": "13.06.2021 01:28",
            "open": "5.4964",
            "high": "5.4964",
            "low": "5.4902",
            "close": "5.4902"
        },
        {
            "time": "13.06.2021 01:31",
            "open": "5.4902",
            "high": "5.4902",
            "low": "5.4902",
            "close": "5.4514"
        },
        {
            "time": "13.06.2021 01:36",
            "open": "5.4514",
            "high": "5.4514",
            "low": "5.4513",
            "close": "5.4499"
        },
        {
            "time": "13.06.2021 01:40",
            "open": "5.4499",
            "high": "5.4499",
            "low": "5.4499",
            "close": "5.4496"
        },
        {
            "time": "13.06.2021 01:45",
            "open": "5.4496",
            "high": "5.4496",
            "low": "5.4451",
            "close": "5.4202"
        },
        {
            "time": "13.06.2021 01:48",
            "open": "5.4202",
            "high": "5.4202",
            "low": "5.41",
            "close": "5.3906"
        },
        {
            "time": "13.06.2021 01:50",
            "open": "5.3906",
            "high": "5.3906",
            "low": "5.3844",
            "close": "5.414"
        },
        {
            "time": "13.06.2021 01:52",
            "open": "5.414",
            "high": "5.414",
            "low": "5.414",
            "close": "5.4107"
        },
        {
            "time": "13.06.2021 01:54",
            "open": "5.4107",
            "high": "5.4107",
            "low": "5.4077",
            "close": "5.3842"
        },
        {
            "time": "13.06.2021 01:57",
            "open": "5.3842",
            "high": "5.3842",
            "low": "5.3842",
            "close": "5.3855"
        },
        {
            "time": "13.06.2021 01:58",
            "open": "5.3855",
            "high": "5.3908",
            "low": "5.3855",
            "close": "5.4167"
        },
        {
            "time": "13.06.2021 02:00",
            "open": "5.4167",
            "high": "5.4178",
            "low": "5.4167",
            "close": "5.4079"
        },
        {
            "time": "13.06.2021 02:01",
            "open": "5.4079",
            "high": "5.4079",
            "low": "5.4079",
            "close": "5.396"
        },
        {
            "time": "13.06.2021 02:02",
            "open": "5.396",
            "high": "5.396",
            "low": "5.3905",
            "close": "5.3817"
        },
        {
            "time": "13.06.2021 02:05",
            "open": "5.3817",
            "high": "5.3817",
            "low": "5.3817",
            "close": "5.3711"
        },
        {
            "time": "13.06.2021 02:08",
            "open": "5.3711",
            "high": "5.3711",
            "low": "5.3666",
            "close": "5.3657"
        },
        {
            "time": "13.06.2021 02:12",
            "open": "5.3657",
            "high": "5.3657",
            "low": "5.3655",
            "close": "5.3664"
        },
        {
            "time": "13.06.2021 02:14",
            "open": "5.3664",
            "high": "5.3664",
            "low": "5.3664",
            "close": "5.3809"
        },
        {
            "time": "13.06.2021 02:16",
            "open": "5.3809",
            "high": "5.381",
            "low": "5.3809",
            "close": "5.3811"
        },
        {
            "time": "13.06.2021 02:17",
            "open": "5.3811",
            "high": "5.4588",
            "low": "5.3811",
            "close": "5.3708"
        },
        {
            "time": "13.06.2021 02:18",
            "open": "5.3708",
            "high": "5.3708",
            "low": "5.3703",
            "close": "5.385"
        },
        {
            "time": "13.06.2021 02:19",
            "open": "5.385",
            "high": "5.385",
            "low": "5.3723",
            "close": "5.3689"
        },
        {
            "time": "13.06.2021 02:20",
            "open": "5.3689",
            "high": "5.369",
            "low": "5.3689",
            "close": "5.3439"
        },
        {
            "time": "13.06.2021 02:22",
            "open": "5.3439",
            "high": "5.3439",
            "low": "5.3439",
            "close": "5.3877"
        },
        {
            "time": "13.06.2021 02:26",
            "open": "5.3877",
            "high": "5.3877",
            "low": "5.3877",
            "close": "5.3444"
        },
        {
            "time": "13.06.2021 02:30",
            "open": "5.3444",
            "high": "5.3444",
            "low": "5.3388",
            "close": "5.3759"
        },
        {
            "time": "13.06.2021 02:34",
            "open": "5.3759",
            "high": "5.3759",
            "low": "5.3759",
            "close": "5.3837"
        },
        {
            "time": "13.06.2021 02:41",
            "open": "5.3837",
            "high": "5.4018",
            "low": "5.3837",
            "close": "5.41"
        },
        {
            "time": "13.06.2021 02:45",
            "open": "5.41",
            "high": "5.41",
            "low": "5.41",
            "close": "5.4741"
        },
        {
            "time": "13.06.2021 02:55",
            "open": "5.4741",
            "high": "5.4741",
            "low": "5.4741",
            "close": "5.4775"
        },
        {
            "time": "13.06.2021 02:56",
            "open": "5.4775",
            "high": "5.4775",
            "low": "5.4775",
            "close": "5.4746"
        },
        {
            "time": "13.06.2021 02:57",
            "open": "5.4746",
            "high": "5.4746",
            "low": "5.4664",
            "close": "5.4856"
        },
        {
            "time": "13.06.2021 02:59",
            "open": "5.4856",
            "high": "5.4856",
            "low": "5.4806",
            "close": "5.4856"
        },
        {
            "time": "13.06.2021 03:00",
            "open": "5.4856",
            "high": "5.4969",
            "low": "5.4856",
            "close": "5.5199"
        },
        {
            "time": "13.06.2021 03:01",
            "open": "5.5199",
            "high": "5.52",
            "low": "5.5082",
            "close": "5.5113"
        },
        {
            "time": "13.06.2021 03:03",
            "open": "5.5113",
            "high": "5.5113",
            "low": "5.5113",
            "close": "5.5078"
        },
        {
            "time": "13.06.2021 03:05",
            "open": "5.5078",
            "high": "5.5078",
            "low": "5.5064",
            "close": "5.524"
        },
        {
            "time": "13.06.2021 03:08",
            "open": "5.524",
            "high": "5.524",
            "low": "5.5185",
            "close": "5.5211"
        },
        {
            "time": "13.06.2021 03:12",
            "open": "5.5211",
            "high": "5.5337",
            "low": "5.5211",
            "close": "5.5337"
        },
        {
            "time": "13.06.2021 03:15",
            "open": "5.5337",
            "high": "5.5337",
            "low": "5.5267",
            "close": "5.53"
        },
        {
            "time": "13.06.2021 03:20",
            "open": "5.53",
            "high": "5.53",
            "low": "5.5275",
            "close": "5.5365"
        },
        {
            "time": "13.06.2021 03:31",
            "open": "5.5365",
            "high": "5.5365",
            "low": "5.5275",
            "close": "5.5106"
        },
        {
            "time": "13.06.2021 03:32",
            "open": "5.5106",
            "high": "5.5106",
            "low": "5.5106",
            "close": "5.4969"
        },
        {
            "time": "13.06.2021 03:33",
            "open": "5.4969",
            "high": "5.4969",
            "low": "5.4969",
            "close": "5.5106"
        },
        {
            "time": "13.06.2021 03:34",
            "open": "5.5106",
            "high": "5.5106",
            "low": "5.5106",
            "close": "5.5144"
        },
        {
            "time": "13.06.2021 03:39",
            "open": "5.5144",
            "high": "5.5144",
            "low": "5.5144",
            "close": "5.4959"
        },
        {
            "time": "13.06.2021 03:41",
            "open": "5.4959",
            "high": "5.4959",
            "low": "5.4959",
            "close": "5.4941"
        },
        {
            "time": "13.06.2021 03:43",
            "open": "5.4941",
            "high": "5.4941",
            "low": "5.4941",
            "close": "5.5068"
        },
        {
            "time": "13.06.2021 03:47",
            "open": "5.5068",
            "high": "5.5068",
            "low": "5.5068",
            "close": "5.5054"
        },
        {
            "time": "13.06.2021 04:00",
            "open": "5.5099",
            "high": "5.5099",
            "low": "5.5099",
            "close": "5.4694"
        },
        {
            "time": "13.06.2021 04:19",
            "open": "5.4694",
            "high": "5.4694",
            "low": "5.4694",
            "close": "5.4708"
        },
        {
            "time": "13.06.2021 04:26",
            "open": "5.4708",
            "high": "5.4708",
            "low": "5.4708",
            "close": "5.4598"
        },
        {
            "time": "13.06.2021 04:42",
            "open": "5.4598",
            "high": "5.4599",
            "low": "5.4598",
            "close": "5.4584"
        },
        {
            "time": "13.06.2021 04:43",
            "open": "5.4584",
            "high": "5.4584",
            "low": "5.4584",
            "close": "5.4418"
        },
        {
            "time": "13.06.2021 04:46",
            "open": "5.4418",
            "high": "5.4418",
            "low": "5.4316",
            "close": "5.4314"
        },
        {
            "time": "13.06.2021 04:48",
            "open": "5.4314",
            "high": "5.4314",
            "low": "5.4314",
            "close": "5.4275"
        },
        {
            "time": "13.06.2021 04:59",
            "open": "5.4275",
            "high": "5.4275",
            "low": "5.4275",
            "close": "5.4202"
        },
        {
            "time": "13.06.2021 05:00",
            "open": "5.4202",
            "high": "5.4202",
            "low": "5.4202",
            "close": "5.3926"
        },
        {
            "time": "13.06.2021 05:03",
            "open": "5.3926",
            "high": "5.3926",
            "low": "5.3906",
            "close": "5.3995"
        },
        {
            "time": "13.06.2021 05:04",
            "open": "5.3995",
            "high": "5.4052",
            "low": "5.3995",
            "close": "5.4069"
        },
        {
            "time": "13.06.2021 05:05",
            "open": "5.4069",
            "high": "5.4094",
            "low": "5.4069",
            "close": "5.4038"
        },
        {
            "time": "13.06.2021 05:06",
            "open": "5.4038",
            "high": "5.4065",
            "low": "5.3844",
            "close": "5.3886"
        },
        {
            "time": "13.06.2021 05:08",
            "open": "5.3886",
            "high": "5.3886",
            "low": "5.3885",
            "close": "5.383"
        },
        {
            "time": "13.06.2021 05:09",
            "open": "5.383",
            "high": "5.383",
            "low": "5.3755",
            "close": "5.3715"
        },
        {
            "time": "13.06.2021 05:10",
            "open": "5.3715",
            "high": "5.3802",
            "low": "5.3666",
            "close": "5.3661"
        },
        {
            "time": "13.06.2021 05:14",
            "open": "5.3661",
            "high": "5.3661",
            "low": "5.3661",
            "close": "5.3386"
        },
        {
            "time": "13.06.2021 05:20",
            "open": "5.3386",
            "high": "5.3386",
            "low": "5.3377",
            "close": "5.3246"
        },
        {
            "time": "13.06.2021 05:21",
            "open": "5.3246",
            "high": "5.4051",
            "low": "5.2997",
            "close": "5.3203"
        },
        {
            "time": "13.06.2021 05:24",
            "open": "5.3203",
            "high": "5.3203",
            "low": "5.2996",
            "close": "5.2939"
        },
        {
            "time": "13.06.2021 05:25",
            "open": "5.2939",
            "high": "5.2939",
            "low": "5.2914",
            "close": "5.3004"
        },
        {
            "time": "13.06.2021 05:27",
            "open": "5.3004",
            "high": "5.3004",
            "low": "5.3004",
            "close": "5.3097"
        },
        {
            "time": "13.06.2021 05:32",
            "open": "5.3097",
            "high": "5.3097",
            "low": "5.3097",
            "close": "5.3156"
        },
        {
            "time": "13.06.2021 05:33",
            "open": "5.3156",
            "high": "5.3156",
            "low": "5.3156",
            "close": "5.3014"
        },
        {
            "time": "13.06.2021 05:34",
            "open": "5.3014",
            "high": "5.3014",
            "low": "5.2983",
            "close": "5.2843"
        },
        {
            "time": "13.06.2021 05:38",
            "open": "5.2843",
            "high": "5.2843",
            "low": "5.2702",
            "close": "5.2794"
        },
        {
            "time": "13.06.2021 05:40",
            "open": "5.2794",
            "high": "5.2794",
            "low": "5.2747",
            "close": "5.2759"
        },
        {
            "time": "13.06.2021 05:42",
            "open": "5.2759",
            "high": "5.2759",
            "low": "5.2759",
            "close": "5.2696"
        },
        {
            "time": "13.06.2021 05:45",
            "open": "5.2696",
            "high": "5.2696",
            "low": "5.2696",
            "close": "5.2611"
        },
        {
            "time": "13.06.2021 05:48",
            "open": "5.2611",
            "high": "5.2611",
            "low": "5.2611",
            "close": "5.2611"
        },
        {
            "time": "13.06.2021 05:50",
            "open": "5.2611",
            "high": "5.2611",
            "low": "5.2611",
            "close": "5.2602"
        },
        {
            "time": "13.06.2021 05:58",
            "open": "5.2602",
            "high": "5.2602",
            "low": "5.26",
            "close": "5.26"
        },
        {
            "time": "13.06.2021 06:00",
            "open": "5.26",
            "high": "5.26",
            "low": "5.26",
            "close": "5.26"
        },
        {
            "time": "13.06.2021 06:04",
            "open": "5.26",
            "high": "5.26",
            "low": "5.26",
            "close": "5.2661"
        },
        {
            "time": "13.06.2021 06:11",
            "open": "5.2661",
            "high": "5.2661",
            "low": "5.2661",
            "close": "5.2455"
        },
        {
            "time": "13.06.2021 06:36",
            "open": "5.2455",
            "high": "5.2455",
            "low": "5.2455",
            "close": "5.2959"
        },
        {
            "time": "13.06.2021 06:52",
            "open": "5.2959",
            "high": "5.2959",
            "low": "5.2959",
            "close": "5.3044"
        },
        {
            "time": "13.06.2021 06:54",
            "open": "5.3044",
            "high": "5.3044",
            "low": "5.3044",
            "close": "5.2793"
        },
        {
            "time": "13.06.2021 07:00",
            "open": "5.2793",
            "high": "5.2793",
            "low": "5.2793",
            "close": "5.2455"
        },
        {
            "time": "13.06.2021 07:08",
            "open": "5.2455",
            "high": "5.2455",
            "low": "5.2427",
            "close": "5.2291"
        },
        {
            "time": "13.06.2021 07:10",
            "open": "5.2291",
            "high": "5.2291",
            "low": "5.2291",
            "close": "5.21"
        },
        {
            "time": "13.06.2021 07:16",
            "open": "5.21",
            "high": "5.21",
            "low": "5.2019",
            "close": "5.2054"
        },
        {
            "time": "13.06.2021 07:17",
            "open": "5.2054",
            "high": "5.2055",
            "low": "5.2054",
            "close": "5.2436"
        },
        {
            "time": "13.06.2021 07:20",
            "open": "5.2436",
            "high": "5.2436",
            "low": "5.2436",
            "close": "5.249"
        },
        {
            "time": "13.06.2021 07:23",
            "open": "5.249",
            "high": "5.249",
            "low": "5.249",
            "close": "5.2513"
        },
        {
            "time": "13.06.2021 07:24",
            "open": "5.2513",
            "high": "5.2513",
            "low": "5.2513",
            "close": "5.2393"
        },
        {
            "time": "13.06.2021 07:37",
            "open": "5.2393",
            "high": "5.2512",
            "low": "5.2393",
            "close": "5.2108"
        },
        {
            "time": "13.06.2021 07:50",
            "open": "5.2108",
            "high": "5.2108",
            "low": "5.2097",
            "close": "5.2026"
        },
        {
            "time": "13.06.2021 07:58",
            "open": "5.2026",
            "high": "5.2026",
            "low": "5.2026",
            "close": "5.2"
        },
        {
            "time": "13.06.2021 08:00",
            "open": "5.2",
            "high": "5.2",
            "low": "5.2",
            "close": "5.2137"
        },
        {
            "time": "13.06.2021 08:02",
            "open": "5.2137",
            "high": "5.2137",
            "low": "5.2137",
            "close": "5.2096"
        },
        {
            "time": "13.06.2021 08:05",
            "open": "5.2096",
            "high": "5.2096",
            "low": "5.2008",
            "close": "5.2002"
        },
        {
            "time": "13.06.2021 08:08",
            "open": "5.2002",
            "high": "5.2002",
            "low": "5.2002",
            "close": "5.2023"
        },
        {
            "time": "13.06.2021 08:17",
            "open": "5.2023",
            "high": "5.2023",
            "low": "5.2022",
            "close": "5.2144"
        },
        {
            "time": "13.06.2021 08:27",
            "open": "5.2144",
            "high": "5.2144",
            "low": "5.2144",
            "close": "5.2404"
        },
        {
            "time": "13.06.2021 08:33",
            "open": "5.2404",
            "high": "5.2405",
            "low": "5.2404",
            "close": "5.2726"
        },
        {
            "time": "13.06.2021 09:35",
            "open": "5.2726",
            "high": "5.2726",
            "low": "5.2726",
            "close": "5.2758"
        },
        {
            "time": "13.06.2021 09:36",
            "open": "5.2758",
            "high": "5.2758",
            "low": "5.2758",
            "close": "5.258"
        },
        {
            "time": "13.06.2021 10:06",
            "open": "5.258",
            "high": "5.258",
            "low": "5.258",
            "close": "5.2716"
        },
        {
            "time": "13.06.2021 10:08",
            "open": "5.2716",
            "high": "5.2716",
            "low": "5.2713",
            "close": "5.2695"
        },
        {
            "time": "13.06.2021 10:11",
            "open": "5.2695",
            "high": "5.2695",
            "low": "5.2695",
            "close": "5.2695"
        },
        {
            "time": "13.06.2021 10:28",
            "open": "5.2695",
            "high": "5.2695",
            "low": "5.2695",
            "close": "5.2977"
        },
        {
            "time": "13.06.2021 10:32",
            "open": "5.2977",
            "high": "5.3011",
            "low": "5.2977",
            "close": "5.3134"
        },
        {
            "time": "13.06.2021 10:33",
            "open": "5.3134",
            "high": "5.32",
            "low": "5.3134",
            "close": "5.3264"
        },
        {
            "time": "13.06.2021 10:34",
            "open": "5.3264",
            "high": "5.3264",
            "low": "5.3238",
            "close": "5.3299"
        },
        {
            "time": "13.06.2021 10:35",
            "open": "5.3299",
            "high": "5.3458",
            "low": "5.3299",
            "close": "5.3235"
        },
        {
            "time": "13.06.2021 10:37",
            "open": "5.3235",
            "high": "5.3235",
            "low": "5.3189",
            "close": "5.3462"
        },
        {
            "time": "13.06.2021 10:38",
            "open": "5.3462",
            "high": "5.3495",
            "low": "5.3462",
            "close": "5.3095"
        },
        {
            "time": "13.06.2021 10:39",
            "open": "5.3095",
            "high": "5.3095",
            "low": "5.3095",
            "close": "5.3047"
        },
        {
            "time": "13.06.2021 10:42",
            "open": "5.3047",
            "high": "5.3047",
            "low": "5.3047",
            "close": "5.3013"
        },
        {
            "time": "13.06.2021 10:50",
            "open": "5.3013",
            "high": "5.3013",
            "low": "5.3013",
            "close": "5.32"
        },
        {
            "time": "13.06.2021 11:04",
            "open": "5.32",
            "high": "5.32",
            "low": "5.32",
            "close": "5.3161"
        },
        {
            "time": "13.06.2021 11:39",
            "open": "5.3161",
            "high": "5.3161",
            "low": "5.3161",
            "close": "5.35"
        },
        {
            "time": "13.06.2021 11:59",
            "open": "5.35",
            "high": "5.3528",
            "low": "5.35",
            "close": "5.3281"
        },
        {
            "time": "13.06.2021 12:27",
            "open": "5.3281",
            "high": "5.3281",
            "low": "5.3281",
            "close": "5.3355"
        },
        {
            "time": "13.06.2021 12:39",
            "open": "5.3355",
            "high": "5.3355",
            "low": "5.3355",
            "close": "5.3475"
        },
        {
            "time": "13.06.2021 13:02",
            "open": "5.3475",
            "high": "5.3475",
            "low": "5.3475",
            "close": "5.3625"
        },
        {
            "time": "13.06.2021 13:05",
            "open": "5.3625",
            "high": "5.3625",
            "low": "5.3625",
            "close": "5.3664"
        },
        {
            "time": "13.06.2021 13:06",
            "open": "5.3664",
            "high": "5.3664",
            "low": "5.3664",
            "close": "5.3667"
        },
        {
            "time": "13.06.2021 13:07",
            "open": "5.3667",
            "high": "5.3667",
            "low": "5.3667",
            "close": "5.3685"
        },
        {
            "time": "13.06.2021 13:08",
            "open": "5.3685",
            "high": "5.3685",
            "low": "5.3685",
            "close": "5.3601"
        },
        {
            "time": "13.06.2021 13:41",
            "open": "5.3601",
            "high": "5.3601",
            "low": "5.3568",
            "close": "5.3381"
        },
        {
            "time": "13.06.2021 13:46",
            "open": "5.3381",
            "high": "5.3381",
            "low": "5.3381",
            "close": "5.3205"
        },
        {
            "time": "13.06.2021 13:52",
            "open": "5.3205",
            "high": "5.3205",
            "low": "5.3205",
            "close": "5.3243"
        },
        {
            "time": "13.06.2021 13:55",
            "open": "5.3243",
            "high": "5.3243",
            "low": "5.3243",
            "close": "5.3857"
        },
        {
            "time": "13.06.2021 14:10",
            "open": "5.3857",
            "high": "5.3862",
            "low": "5.3857",
            "close": "5.3696"
        },
        {
            "time": "13.06.2021 14:13",
            "open": "5.3696",
            "high": "5.3696",
            "low": "5.3696",
            "close": "5.3246"
        },
        {
            "time": "13.06.2021 14:33",
            "open": "5.3246",
            "high": "5.3246",
            "low": "5.3246",
            "close": "5.3247"
        },
        {
            "time": "13.06.2021 14:34",
            "open": "5.3247",
            "high": "5.3247",
            "low": "5.3247",
            "close": "5.3422"
        },
        {
            "time": "13.06.2021 14:36",
            "open": "5.3422",
            "high": "5.3423",
            "low": "5.3422",
            "close": "5.3363"
        },
        {
            "time": "13.06.2021 14:38",
            "open": "5.3363",
            "high": "5.3363",
            "low": "5.3363",
            "close": "5.332"
        },
        {
            "time": "13.06.2021 14:41",
            "open": "5.332",
            "high": "5.332",
            "low": "5.332",
            "close": "5.3297"
        },
        {
            "time": "13.06.2021 14:42",
            "open": "5.3297",
            "high": "5.3297",
            "low": "5.3109",
            "close": "5.3131"
        },
        {
            "time": "13.06.2021 14:44",
            "open": "5.3131",
            "high": "5.3131",
            "low": "5.3131",
            "close": "5.317"
        },
        {
            "time": "13.06.2021 14:47",
            "open": "5.317",
            "high": "5.317",
            "low": "5.317",
            "close": "5.3277"
        },
        {
            "time": "13.06.2021 14:48",
            "open": "5.3277",
            "high": "5.3277",
            "low": "5.3277",
            "close": "5.2987"
        },
        {
            "time": "13.06.2021 14:53",
            "open": "5.2987",
            "high": "5.2987",
            "low": "5.2987",
            "close": "5.2872"
        },
        {
            "time": "13.06.2021 14:56",
            "open": "5.2872",
            "high": "5.2872",
            "low": "5.2872",
            "close": "5.2799"
        },
        {
            "time": "13.06.2021 14:57",
            "open": "5.2799",
            "high": "5.2799",
            "low": "5.2799",
            "close": "5.2637"
        },
        {
            "time": "13.06.2021 15:01",
            "open": "5.2637",
            "high": "5.2637",
            "low": "5.2455",
            "close": "5.2477"
        },
        {
            "time": "13.06.2021 15:03",
            "open": "5.2477",
            "high": "5.2477",
            "low": "5.2477",
            "close": "5.2513"
        },
        {
            "time": "13.06.2021 15:05",
            "open": "5.2513",
            "high": "5.2513",
            "low": "5.2513",
            "close": "5.2748"
        },
        {
            "time": "13.06.2021 15:06",
            "open": "5.2748",
            "high": "5.2748",
            "low": "5.2748",
            "close": "5.2854"
        },
        {
            "time": "13.06.2021 15:07",
            "open": "5.2854",
            "high": "5.2854",
            "low": "5.2794",
            "close": "5.2809"
        },
        {
            "time": "13.06.2021 15:09",
            "open": "5.2809",
            "high": "5.2809",
            "low": "5.2809",
            "close": "5.2722"
        },
        {
            "time": "13.06.2021 15:11",
            "open": "5.2722",
            "high": "5.2722",
            "low": "5.2722",
            "close": "5.2675"
        },
        {
            "time": "13.06.2021 15:19",
            "open": "5.2675",
            "high": "5.2675",
            "low": "5.2675",
            "close": "5.2961"
        },
        {
            "time": "13.06.2021 15:31",
            "open": "5.2961",
            "high": "5.2961",
            "low": "5.2961",
            "close": "5.3019"
        },
        {
            "time": "13.06.2021 15:32",
            "open": "5.3019",
            "high": "5.3019",
            "low": "5.3019",
            "close": "5.2961"
        },
        {
            "time": "13.06.2021 15:33",
            "open": "5.2961",
            "high": "5.2961",
            "low": "5.2961",
            "close": "5.2816"
        },
        {
            "time": "13.06.2021 15:37",
            "open": "5.2816",
            "high": "5.2816",
            "low": "5.2816",
            "close": "5.28"
        },
        {
            "time": "13.06.2021 15:38",
            "open": "5.28",
            "high": "5.28",
            "low": "5.28",
            "close": "5.302"
        },
        {
            "time": "13.06.2021 15:39",
            "open": "5.302",
            "high": "5.302",
            "low": "5.302",
            "close": "5.3019"
        },
        {
            "time": "13.06.2021 15:44",
            "open": "5.3019",
            "high": "5.3019",
            "low": "5.3019",
            "close": "5.3019"
        },
        {
            "time": "13.06.2021 15:45",
            "open": "5.3019",
            "high": "5.3073",
            "low": "5.3019",
            "close": "5.2866"
        },
        {
            "time": "13.06.2021 15:47",
            "open": "5.2866",
            "high": "5.2866",
            "low": "5.2866",
            "close": "5.2805"
        },
        {
            "time": "13.06.2021 15:52",
            "open": "5.2805",
            "high": "5.2805",
            "low": "5.2805",
            "close": "5.2623"
        },
        {
            "time": "13.06.2021 16:00",
            "open": "5.2623",
            "high": "5.2623",
            "low": "5.2623",
            "close": "5.2783"
        },
        {
            "time": "13.06.2021 16:07",
            "open": "5.2783",
            "high": "5.2783",
            "low": "5.2782",
            "close": "5.2721"
        },
        {
            "time": "13.06.2021 16:08",
            "open": "5.2721",
            "high": "5.2721",
            "low": "5.2721",
            "close": "5.2455"
        },
        {
            "time": "13.06.2021 16:14",
            "open": "5.2455",
            "high": "5.2455",
            "low": "5.2455",
            "close": "5.2427"
        },
        {
            "time": "13.06.2021 16:15",
            "open": "5.2427",
            "high": "5.2427",
            "low": "5.2291",
            "close": "5.2291"
        },
        {
            "time": "13.06.2021 16:16",
            "open": "5.2291",
            "high": "5.2291",
            "low": "5.2291",
            "close": "5.2152"
        },
        {
            "time": "13.06.2021 16:20",
            "open": "5.2152",
            "high": "5.2152",
            "low": "5.2091",
            "close": "5.2091"
        },
        {
            "time": "13.06.2021 16:21",
            "open": "5.2091",
            "high": "5.2091",
            "low": "5.2034",
            "close": "5.2019"
        },
        {
            "time": "13.06.2021 16:22",
            "open": "5.2019",
            "high": "5.2019",
            "low": "5.1923",
            "close": "5.1936"
        },
        {
            "time": "13.06.2021 16:23",
            "open": "5.1936",
            "high": "5.1938",
            "low": "5.1936",
            "close": "5.1729"
        },
        {
            "time": "13.06.2021 16:25",
            "open": "5.1729",
            "high": "5.1843",
            "low": "5.1595",
            "close": "5.1842"
        },
        {
            "time": "13.06.2021 16:28",
            "open": "5.1842",
            "high": "5.1842",
            "low": "5.1842",
            "close": "5.1769"
        },
        {
            "time": "13.06.2021 16:30",
            "open": "5.1769",
            "high": "5.1769",
            "low": "5.1769",
            "close": "5.1875"
        },
        {
            "time": "13.06.2021 16:31",
            "open": "5.1875",
            "high": "5.1875",
            "low": "5.1663",
            "close": "5.1657"
        },
        {
            "time": "13.06.2021 16:32",
            "open": "5.1657",
            "high": "5.1657",
            "low": "5.1623",
            "close": "5.173"
        },
        {
            "time": "13.06.2021 16:33",
            "open": "5.173",
            "high": "5.173",
            "low": "5.173",
            "close": "5.1724"
        },
        {
            "time": "13.06.2021 16:36",
            "open": "5.1724",
            "high": "5.1724",
            "low": "5.1724",
            "close": "5.1595"
        },
        {
            "time": "13.06.2021 16:39",
            "open": "5.1595",
            "high": "5.1595",
            "low": "5.1576",
            "close": "5.1576"
        },
        {
            "time": "13.06.2021 16:40",
            "open": "5.1576",
            "high": "5.1615",
            "low": "5.1576",
            "close": "5.1788"
        },
        {
            "time": "13.06.2021 16:42",
            "open": "5.1788",
            "high": "5.1821",
            "low": "5.1788",
            "close": "5.1735"
        },
        {
            "time": "13.06.2021 16:45",
            "open": "5.1735",
            "high": "5.1793",
            "low": "5.1735",
            "close": "5.1549"
        },
        {
            "time": "13.06.2021 16:51",
            "open": "5.1549",
            "high": "5.1549",
            "low": "5.1536",
            "close": "5.15"
        },
        {
            "time": "13.06.2021 16:52",
            "open": "5.15",
            "high": "5.15",
            "low": "5.15",
            "close": "5.15"
        },
        {
            "time": "13.06.2021 16:54",
            "open": "5.15",
            "high": "5.15",
            "low": "5.15",
            "close": "5.1559"
        },
        {
            "time": "13.06.2021 16:55",
            "open": "5.1559",
            "high": "5.1559",
            "low": "5.1559",
            "close": "5.14"
        },
        {
            "time": "13.06.2021 16:58",
            "open": "5.14",
            "high": "5.14",
            "low": "5.1265",
            "close": "5.1115"
        },
        {
            "time": "13.06.2021 17:00",
            "open": "5.1115",
            "high": "5.1293",
            "low": "5.1082",
            "close": "5.1357"
        },
        {
            "time": "13.06.2021 17:01",
            "open": "5.1357",
            "high": "5.1357",
            "low": "5.1357",
            "close": "5.1439"
        },
        {
            "time": "13.06.2021 17:03",
            "open": "5.1439",
            "high": "5.144",
            "low": "5.1438",
            "close": "5.1642"
        },
        {
            "time": "13.06.2021 17:09",
            "open": "5.1642",
            "high": "5.1642",
            "low": "5.1642",
            "close": "5.1677"
        },
        {
            "time": "13.06.2021 17:14",
            "open": "5.1677",
            "high": "5.1677",
            "low": "5.162",
            "close": "5.1716"
        },
        {
            "time": "13.06.2021 17:15",
            "open": "5.1716",
            "high": "5.1717",
            "low": "5.1716",
            "close": "5.1547"
        },
        {
            "time": "13.06.2021 17:16",
            "open": "5.1547",
            "high": "5.1603",
            "low": "5.1547",
            "close": "5.1516"
        },
        {
            "time": "13.06.2021 17:19",
            "open": "5.1516",
            "high": "5.1516",
            "low": "5.1514",
            "close": "5.1496"
        },
        {
            "time": "13.06.2021 17:20",
            "open": "5.1496",
            "high": "5.1496",
            "low": "5.1496",
            "close": "5.1371"
        },
        {
            "time": "13.06.2021 17:22",
            "open": "5.1371",
            "high": "5.1371",
            "low": "5.1371",
            "close": "5.1326"
        },
        {
            "time": "13.06.2021 17:23",
            "open": "5.1326",
            "high": "5.1326",
            "low": "5.1326",
            "close": "5.1293"
        },
        {
            "time": "13.06.2021 17:24",
            "open": "5.1293",
            "high": "5.1293",
            "low": "5.1291",
            "close": "5.1315"
        },
        {
            "time": "13.06.2021 17:25",
            "open": "5.1315",
            "high": "5.1315",
            "low": "5.1315",
            "close": "5.1293"
        },
        {
            "time": "13.06.2021 17:26",
            "open": "5.1293",
            "high": "5.132",
            "low": "5.1293",
            "close": "5.142"
        },
        {
            "time": "13.06.2021 17:28",
            "open": "5.142",
            "high": "5.142",
            "low": "5.142",
            "close": "5.1418"
        },
        {
            "time": "13.06.2021 17:34",
            "open": "5.1418",
            "high": "5.1418",
            "low": "5.1418",
            "close": "5.1504"
        },
        {
            "time": "13.06.2021 17:44",
            "open": "5.1504",
            "high": "5.1504",
            "low": "5.1504",
            "close": "5.1641"
        },
        {
            "time": "13.06.2021 17:57",
            "open": "5.1641",
            "high": "5.1641",
            "low": "5.1641",
            "close": "5.1682"
        },
        {
            "time": "13.06.2021 17:58",
            "open": "5.1682",
            "high": "5.17",
            "low": "5.1682",
            "close": "5.1739"
        },
        {
            "time": "13.06.2021 18:03",
            "open": "5.1739",
            "high": "5.1739",
            "low": "5.1739",
            "close": "5.2062"
        },
        {
            "time": "13.06.2021 18:13",
            "open": "5.2062",
            "high": "5.2062",
            "low": "5.2062",
            "close": "5.2517"
        },
        {
            "time": "13.06.2021 18:16",
            "open": "5.2517",
            "high": "5.2518",
            "low": "5.2517",
            "close": "5.2464"
        },
        {
            "time": "13.06.2021 18:17",
            "open": "5.2464",
            "high": "5.2609",
            "low": "5.2463",
            "close": "5.2735"
        },
        {
            "time": "13.06.2021 18:18",
            "open": "5.2735",
            "high": "5.2735",
            "low": "5.2638",
            "close": "5.2621"
        },
        {
            "time": "13.06.2021 18:19",
            "open": "5.2621",
            "high": "5.2642",
            "low": "5.2621",
            "close": "5.2804"
        },
        {
            "time": "13.06.2021 18:22",
            "open": "5.2804",
            "high": "5.2804",
            "low": "5.2804",
            "close": "5.2789"
        },
        {
            "time": "13.06.2021 18:25",
            "open": "5.2789",
            "high": "5.2804",
            "low": "5.2789",
            "close": "5.2914"
        },
        {
            "time": "13.06.2021 18:27",
            "open": "5.2914",
            "high": "5.2943",
            "low": "5.2914",
            "close": "5.2977"
        },
        {
            "time": "13.06.2021 18:28",
            "open": "5.2977",
            "high": "5.2977",
            "low": "5.2977",
            "close": "5.2977"
        },
        {
            "time": "13.06.2021 18:32",
            "open": "5.2977",
            "high": "5.2977",
            "low": "5.2977",
            "close": "5.3134"
        },
        {
            "time": "13.06.2021 18:35",
            "open": "5.3134",
            "high": "5.3134",
            "low": "5.3134",
            "close": "5.317"
        },
        {
            "time": "13.06.2021 18:41",
            "open": "5.317",
            "high": "5.317",
            "low": "5.317",
            "close": "5.3172"
        },
        {
            "time": "13.06.2021 18:42",
            "open": "5.3172",
            "high": "5.3172",
            "low": "5.3172",
            "close": "5.3441"
        },
        {
            "time": "13.06.2021 18:44",
            "open": "5.3441",
            "high": "5.3664",
            "low": "5.3441",
            "close": "5.3685"
        },
        {
            "time": "13.06.2021 18:45",
            "open": "5.3685",
            "high": "5.3713",
            "low": "5.3685",
            "close": "5.3908"
        },
        {
            "time": "13.06.2021 18:47",
            "open": "5.3908",
            "high": "5.3908",
            "low": "5.3908",
            "close": "5.4"
        },
        {
            "time": "13.06.2021 18:49",
            "open": "5.4",
            "high": "5.4",
            "low": "5.4",
            "close": "5.4"
        },
        {
            "time": "13.06.2021 18:50",
            "open": "5.4",
            "high": "5.4",
            "low": "5.3992",
            "close": "5.4"
        },
        {
            "time": "13.06.2021 18:51",
            "open": "5.4",
            "high": "5.4",
            "low": "5.3988",
            "close": "5.3997"
        },
        {
            "time": "13.06.2021 18:53",
            "open": "5.3997",
            "high": "5.3997",
            "low": "5.3997",
            "close": "5.3894"
        },
        {
            "time": "13.06.2021 18:55",
            "open": "5.3894",
            "high": "5.3894",
            "low": "5.3894",
            "close": "5.3955"
        },
        {
            "time": "13.06.2021 18:59",
            "open": "5.3955",
            "high": "5.3955",
            "low": "5.3955",
            "close": "5.4"
        },
        {
            "time": "13.06.2021 19:00",
            "open": "5.4",
            "high": "5.4",
            "low": "5.4",
            "close": "5.3999"
        },
        {
            "time": "13.06.2021 19:01",
            "open": "5.3999",
            "high": "5.3999",
            "low": "5.3935",
            "close": "5.3892"
        },
        {
            "time": "13.06.2021 19:02",
            "open": "5.3892",
            "high": "5.3892",
            "low": "5.3892",
            "close": "5.3947"
        },
        {
            "time": "13.06.2021 19:05",
            "open": "5.3947",
            "high": "5.3947",
            "low": "5.3947",
            "close": "5.3947"
        },
        {
            "time": "13.06.2021 19:11",
            "open": "5.3947",
            "high": "5.4",
            "low": "5.3947",
            "close": "5.4"
        },
        {
            "time": "13.06.2021 19:12",
            "open": "5.4",
            "high": "5.4",
            "low": "5.4",
            "close": "5.401"
        },
        {
            "time": "13.06.2021 19:13",
            "open": "5.401",
            "high": "5.401",
            "low": "5.401",
            "close": "5.4114"
        },
        {
            "time": "13.06.2021 19:16",
            "open": "5.4114",
            "high": "5.4114",
            "low": "5.4114",
            "close": "5.4178"
        },
        {
            "time": "13.06.2021 19:18",
            "open": "5.4178",
            "high": "5.4178",
            "low": "5.4178",
            "close": "5.42"
        },
        {
            "time": "13.06.2021 19:21",
            "open": "5.42",
            "high": "5.4238",
            "low": "5.42",
            "close": "5.4286"
        },
        {
            "time": "13.06.2021 19:22",
            "open": "5.4286",
            "high": "5.4286",
            "low": "5.4286",
            "close": "5.438"
        },
        {
            "time": "13.06.2021 19:27",
            "open": "5.438",
            "high": "5.4407",
            "low": "5.438",
            "close": "5.4423"
        },
        {
            "time": "13.06.2021 19:28",
            "open": "5.4423",
            "high": "5.4434",
            "low": "5.4423",
            "close": "5.4437"
        },
        {
            "time": "13.06.2021 19:29",
            "open": "5.4437",
            "high": "5.4437",
            "low": "5.4437",
            "close": "5.4508"
        },
        {
            "time": "13.06.2021 19:30",
            "open": "5.4508",
            "high": "5.4508",
            "low": "5.4508",
            "close": "5.4508"
        },
        {
            "time": "13.06.2021 19:31",
            "open": "5.4508",
            "high": "5.4508",
            "low": "5.4508",
            "close": "5.455"
        },
        {
            "time": "13.06.2021 19:33",
            "open": "5.455",
            "high": "5.455",
            "low": "5.455",
            "close": "5.4741"
        },
        {
            "time": "13.06.2021 19:38",
            "open": "5.4741",
            "high": "5.4856",
            "low": "5.4741",
            "close": "5.4755"
        },
        {
            "time": "13.06.2021 19:39",
            "open": "5.4755",
            "high": "5.4755",
            "low": "5.4638",
            "close": "5.4856"
        },
        {
            "time": "13.06.2021 19:43",
            "open": "5.4856",
            "high": "5.5199",
            "low": "5.4856",
            "close": "5.5084"
        },
        {
            "time": "13.06.2021 19:44",
            "open": "5.5084",
            "high": "5.5084",
            "low": "5.5019",
            "close": "5.4989"
        },
        {
            "time": "13.06.2021 19:46",
            "open": "5.4989",
            "high": "5.5015",
            "low": "5.4989",
            "close": "5.501"
        },
        {
            "time": "13.06.2021 19:51",
            "open": "5.501",
            "high": "5.501",
            "low": "5.501",
            "close": "5.5224"
        },
        {
            "time": "13.06.2021 19:52",
            "open": "5.5224",
            "high": "5.5226",
            "low": "5.5224",
            "close": "5.5287"
        },
        {
            "time": "13.06.2021 19:53",
            "open": "5.5287",
            "high": "5.5337",
            "low": "5.5287",
            "close": "5.5337"
        },
        {
            "time": "13.06.2021 19:54",
            "open": "5.5337",
            "high": "5.5369",
            "low": "5.5337",
            "close": "5.5693"
        },
        {
            "time": "13.06.2021 19:55",
            "open": "5.5693",
            "high": "5.5693",
            "low": "5.5693",
            "close": "5.571"
        },
        {
            "time": "13.06.2021 19:56",
            "open": "5.571",
            "high": "5.571",
            "low": "5.571",
            "close": "5.571"
        },
        {
            "time": "13.06.2021 19:57",
            "open": "5.571",
            "high": "5.5822",
            "low": "5.5639",
            "close": "5.5624"
        },
        {
            "time": "13.06.2021 20:00",
            "open": "5.5624",
            "high": "5.5822",
            "low": "5.5624",
            "close": "5.5822"
        },
        {
            "time": "13.06.2021 20:01",
            "open": "5.5822",
            "high": "5.5822",
            "low": "5.5822",
            "close": "5.5822"
        },
        {
            "time": "13.06.2021 20:02",
            "open": "5.5822",
            "high": "5.5822",
            "low": "5.5707",
            "close": "5.5746"
        },
        {
            "time": "13.06.2021 20:03",
            "open": "5.5746",
            "high": "5.5746",
            "low": "5.5746",
            "close": "5.5719"
        },
        {
            "time": "13.06.2021 20:07",
            "open": "5.5719",
            "high": "5.5719",
            "low": "5.5719",
            "close": "5.5636"
        },
        {
            "time": "13.06.2021 20:21",
            "open": "5.5636",
            "high": "5.5712",
            "low": "5.5453",
            "close": "5.5549"
        },
        {
            "time": "13.06.2021 20:29",
            "open": "5.5549",
            "high": "5.5549",
            "low": "5.5549",
            "close": "5.552"
        },
        {
            "time": "13.06.2021 20:33",
            "open": "5.552",
            "high": "5.552",
            "low": "5.552",
            "close": "5.5712"
        },
        {
            "time": "13.06.2021 20:35",
            "open": "5.5712",
            "high": "5.5719",
            "low": "5.5712",
            "close": "5.5838"
        },
        {
            "time": "13.06.2021 20:38",
            "open": "5.5838",
            "high": "5.5999",
            "low": "5.5838",
            "close": "5.5909"
        },
        {
            "time": "13.06.2021 20:39",
            "open": "5.5909",
            "high": "5.5909",
            "low": "5.5909",
            "close": "5.6001"
        },
        {
            "time": "13.06.2021 20:41",
            "open": "5.6001",
            "high": "5.6001",
            "low": "5.6001",
            "close": "5.5898"
        },
        {
            "time": "13.06.2021 20:43",
            "open": "5.5898",
            "high": "5.5898",
            "low": "5.589",
            "close": "5.5833"
        },
        {
            "time": "13.06.2021 20:44",
            "open": "5.5833",
            "high": "5.6179",
            "low": "5.5833",
            "close": "5.6148"
        },
        {
            "time": "13.06.2021 20:45",
            "open": "5.6148",
            "high": "5.62",
            "low": "5.6148",
            "close": "5.6181"
        },
        {
            "time": "13.06.2021 20:51",
            "open": "5.6181",
            "high": "5.6181",
            "low": "5.5758",
            "close": "5.6158"
        },
        {
            "time": "13.06.2021 20:52",
            "open": "5.6158",
            "high": "5.6158",
            "low": "5.576",
            "close": "5.5741"
        },
        {
            "time": "13.06.2021 20:57",
            "open": "5.5741",
            "high": "5.5741",
            "low": "5.5741",
            "close": "5.5739"
        },
        {
            "time": "13.06.2021 21:03",
            "open": "5.5739",
            "high": "5.5739",
            "low": "5.5738",
            "close": "5.5719"
        },
        {
            "time": "13.06.2021 21:09",
            "open": "5.5719",
            "high": "5.5719",
            "low": "5.5719",
            "close": "5.5636"
        },
        {
            "time": "13.06.2021 21:16",
            "open": "5.5636",
            "high": "5.5636",
            "low": "5.5458",
            "close": "5.5449"
        },
        {
            "time": "13.06.2021 21:19",
            "open": "5.5449",
            "high": "5.5449",
            "low": "5.5449",
            "close": "5.5449"
        },
        {
            "time": "13.06.2021 21:20",
            "open": "5.5449",
            "high": "5.5471",
            "low": "5.5449",
            "close": "5.5748"
        },
        {
            "time": "13.06.2021 21:22",
            "open": "5.5748",
            "high": "5.5748",
            "low": "5.5748",
            "close": "5.5486"
        },
        {
            "time": "13.06.2021 21:23",
            "open": "5.5486",
            "high": "5.5486",
            "low": "5.5482",
            "close": "5.5504"
        },
        {
            "time": "13.06.2021 21:37",
            "open": "5.5504",
            "high": "5.5504",
            "low": "5.55",
            "close": "5.5631"
        },
        {
            "time": "13.06.2021 21:40",
            "open": "5.5631",
            "high": "5.57",
            "low": "5.5631",
            "close": "5.5712"
        },
        {
            "time": "13.06.2021 21:46",
            "open": "5.5712",
            "high": "5.5712",
            "low": "5.5712",
            "close": "5.57"
        },
        {
            "time": "13.06.2021 21:59",
            "open": "5.57",
            "high": "5.57",
            "low": "5.5554",
            "close": "5.6141"
        },
        {
            "time": "13.06.2021 22:00",
            "open": "5.6141",
            "high": "5.6141",
            "low": "5.6141",
            "close": "5.6125"
        },
        {
            "time": "13.06.2021 22:01",
            "open": "5.6125",
            "high": "5.6125",
            "low": "5.6125",
            "close": "5.6"
        },
        {
            "time": "13.06.2021 22:05",
            "open": "5.6",
            "high": "5.6",
            "low": "5.6",
            "close": "5.6146"
        },
        {
            "time": "13.06.2021 22:06",
            "open": "5.6146",
            "high": "5.615",
            "low": "5.6146",
            "close": "5.6198"
        },
        {
            "time": "13.06.2021 22:07",
            "open": "5.6198",
            "high": "5.62",
            "low": "5.6198",
            "close": "5.6279"
        },
        {
            "time": "13.06.2021 22:08",
            "open": "5.6279",
            "high": "5.6602",
            "low": "5.6279",
            "close": "5.6684"
        },
        {
            "time": "13.06.2021 22:09",
            "open": "5.6684",
            "high": "5.6925",
            "low": "5.6684",
            "close": "5.6718"
        },
        {
            "time": "13.06.2021 22:10",
            "open": "5.6718",
            "high": "5.6718",
            "low": "5.6718",
            "close": "5.6604"
        },
        {
            "time": "13.06.2021 22:12",
            "open": "5.6604",
            "high": "5.6604",
            "low": "5.66",
            "close": "5.6805"
        },
        {
            "time": "13.06.2021 22:14",
            "open": "5.6805",
            "high": "5.6959",
            "low": "5.6805",
            "close": "5.7223"
        },
        {
            "time": "13.06.2021 22:15",
            "open": "5.7223",
            "high": "5.7223",
            "low": "5.6985",
            "close": "5.6841"
        },
        {
            "time": "13.06.2021 22:16",
            "open": "5.6841",
            "high": "5.6846",
            "low": "5.6841",
            "close": "5.6985"
        },
        {
            "time": "13.06.2021 22:17",
            "open": "5.6985",
            "high": "5.6985",
            "low": "5.6985",
            "close": "5.68"
        },
        {
            "time": "13.06.2021 22:20",
            "open": "5.68",
            "high": "5.68",
            "low": "5.6697",
            "close": "5.6698"
        },
        {
            "time": "13.06.2021 22:22",
            "open": "5.6698",
            "high": "5.6698",
            "low": "5.6698",
            "close": "5.6743"
        },
        {
            "time": "13.06.2021 22:24",
            "open": "5.6743",
            "high": "5.6743",
            "low": "5.6742",
            "close": "5.708"
        },
        {
            "time": "13.06.2021 22:27",
            "open": "5.708",
            "high": "5.708",
            "low": "5.708",
            "close": "5.6742"
        },
        {
            "time": "13.06.2021 22:29",
            "open": "5.6742",
            "high": "5.6742",
            "low": "5.6527",
            "close": "5.6873"
        },
        {
            "time": "13.06.2021 22:32",
            "open": "5.6873",
            "high": "5.6874",
            "low": "5.6873",
            "close": "5.7"
        },
        {
            "time": "13.06.2021 22:35",
            "open": "5.7",
            "high": "5.7001",
            "low": "5.7",
            "close": "5.7223"
        },
        {
            "time": "13.06.2021 22:39",
            "open": "5.7223",
            "high": "5.7223",
            "low": "5.7223",
            "close": "5.7144"
        },
        {
            "time": "13.06.2021 22:40",
            "open": "5.7144",
            "high": "5.7299",
            "low": "5.7144",
            "close": "5.7345"
        },
        {
            "time": "13.06.2021 22:41",
            "open": "5.7345",
            "high": "5.7788",
            "low": "5.7345",
            "close": "5.7514"
        },
        {
            "time": "13.06.2021 22:43",
            "open": "5.7514",
            "high": "5.7514",
            "low": "5.7256",
            "close": "5.7256"
        },
        {
            "time": "13.06.2021 22:44",
            "open": "5.7256",
            "high": "5.7256",
            "low": "5.7256",
            "close": "5.74"
        },
        {
            "time": "13.06.2021 22:47",
            "open": "5.74",
            "high": "5.74",
            "low": "5.74",
            "close": "5.74"
        },
        {
            "time": "13.06.2021 22:48",
            "open": "5.74",
            "high": "5.74",
            "low": "5.74",
            "close": "5.7783"
        },
        {
            "time": "13.06.2021 22:50",
            "open": "5.7783",
            "high": "5.7783",
            "low": "5.7408",
            "close": "5.7686"
        },
        {
            "time": "13.06.2021 22:54",
            "open": "5.7686",
            "high": "5.7686",
            "low": "5.7686",
            "close": "5.741"
        },
        {
            "time": "13.06.2021 22:57",
            "open": "5.741",
            "high": "5.741",
            "low": "5.7409",
            "close": "5.77"
        },
        {
            "time": "13.06.2021 22:58",
            "open": "5.77",
            "high": "5.77",
            "low": "5.77",
            "close": "5.748"
        },
        {
            "time": "13.06.2021 23:00",
            "open": "5.748",
            "high": "5.748",
            "low": "5.7479",
            "close": "5.741"
        },
        {
            "time": "13.06.2021 23:01",
            "open": "5.741",
            "high": "5.741",
            "low": "5.74",
            "close": "5.7401"
        },
        {
            "time": "13.06.2021 23:02",
            "open": "5.7401",
            "high": "5.7401",
            "low": "5.74",
            "close": "5.7627"
        },
        {
            "time": "13.06.2021 23:03",
            "open": "5.7627",
            "high": "5.7627",
            "low": "5.74",
            "close": "5.74"
        },
        {
            "time": "13.06.2021 23:04",
            "open": "5.74",
            "high": "5.74",
            "low": "5.74",
            "close": "5.74"
        },
        {
            "time": "13.06.2021 23:05",
            "open": "5.74",
            "high": "5.74",
            "low": "5.7013",
            "close": "5.7433"
        },
        {
            "time": "13.06.2021 23:06",
            "open": "5.7433",
            "high": "5.7433",
            "low": "5.7433",
            "close": "5.7357"
        },
        {
            "time": "13.06.2021 23:07",
            "open": "5.7357",
            "high": "5.7357",
            "low": "5.7357",
            "close": "5.7355"
        },
        {
            "time": "13.06.2021 23:11",
            "open": "5.7355",
            "high": "5.7356",
            "low": "5.7346",
            "close": "5.7497"
        },
        {
            "time": "13.06.2021 23:12",
            "open": "5.7497",
            "high": "5.7681",
            "low": "5.7497",
            "close": "5.7626"
        },
        {
            "time": "13.06.2021 23:13",
            "open": "5.7626",
            "high": "5.7626",
            "low": "5.7626",
            "close": "5.7665"
        },
        {
            "time": "13.06.2021 23:14",
            "open": "5.7665",
            "high": "5.7665",
            "low": "5.7659",
            "close": "5.7594"
        },
        {
            "time": "13.06.2021 23:17",
            "open": "5.7594",
            "high": "5.7594",
            "low": "5.7594",
            "close": "5.7528"
        },
        {
            "time": "13.06.2021 23:18",
            "open": "5.7528",
            "high": "5.7531",
            "low": "5.7528",
            "close": "5.7211"
        },
        {
            "time": "13.06.2021 23:23",
            "open": "5.7211",
            "high": "5.7211",
            "low": "5.7211",
            "close": "5.7148"
        },
        {
            "time": "13.06.2021 23:24",
            "open": "5.7148",
            "high": "5.7148",
            "low": "5.7102",
            "close": "5.7367"
        },
        {
            "time": "13.06.2021 23:25",
            "open": "5.7367",
            "high": "5.7367",
            "low": "5.7367",
            "close": "5.7153"
        },
        {
            "time": "13.06.2021 23:26",
            "open": "5.7153",
            "high": "5.7153",
            "low": "5.7153",
            "close": "5.7429"
        },
        {
            "time": "13.06.2021 23:31",
            "open": "5.7429",
            "high": "5.7429",
            "low": "5.7429",
            "close": "5.7429"
        },
        {
            "time": "13.06.2021 23:32",
            "open": "5.7429",
            "high": "5.7429",
            "low": "5.734",
            "close": "5.7162"
        },
        {
            "time": "13.06.2021 23:35",
            "open": "5.7162",
            "high": "5.7162",
            "low": "5.7162",
            "close": "5.7115"
        },
        {
            "time": "13.06.2021 23:36",
            "open": "5.7115",
            "high": "5.7115",
            "low": "5.6868",
            "close": "5.7183"
        },
        {
            "time": "13.06.2021 23:40",
            "open": "5.7183",
            "high": "5.7183",
            "low": "5.7183",
            "close": "5.7194"
        },
        {
            "time": "13.06.2021 23:50",
            "open": "5.7194",
            "high": "5.7194",
            "low": "5.7194",
            "close": "5.7127"
        },
        {
            "time": "13.06.2021 23:51",
            "open": "5.7127",
            "high": "5.7127",
            "low": "5.71",
            "close": "5.7031"
        },
        {
            "time": "13.06.2021 23:52",
            "open": "5.7031",
            "high": "5.7031",
            "low": "5.7031",
            "close": "5.7325"
        },
        {
            "time": "13.06.2021 23:57",
            "open": "5.7325",
            "high": "5.7325",
            "low": "5.6974",
            "close": "5.7209"
        }
    ]
}