{
    "BAND-EUR": [
        {
            "time": "07.07.2021 23:59",
            "open": "5.8055",
            "high": "5.8055",
            "low": "5.8055",
            "close": "5.797"
        },
        {
            "time": "08.07.2021 00:00",
            "open": "5.797",
            "high": "5.797",
            "low": "5.797",
            "close": "5.7853"
        },
        {
            "time": "08.07.2021 00:03",
            "open": "5.7853",
            "high": "5.7853",
            "low": "5.7853",
            "close": "5.7853"
        },
        {
            "time": "08.07.2021 00:06",
            "open": "5.7853",
            "high": "5.7853",
            "low": "5.7853",
            "close": "5.7853"
        },
        {
            "time": "08.07.2021 00:07",
            "open": "5.7853",
            "high": "5.7853",
            "low": "5.7853",
            "close": "5.786"
        },
        {
            "time": "08.07.2021 00:09",
            "open": "5.786",
            "high": "5.786",
            "low": "5.7847",
            "close": "5.7879"
        },
        {
            "time": "08.07.2021 00:10",
            "open": "5.7879",
            "high": "5.7879",
            "low": "5.7879",
            "close": "5.7854"
        },
        {
            "time": "08.07.2021 00:13",
            "open": "5.7854",
            "high": "5.7855",
            "low": "5.7854",
            "close": "5.7787"
        },
        {
            "time": "08.07.2021 00:15",
            "open": "5.7787",
            "high": "5.7787",
            "low": "5.7661",
            "close": "5.7564"
        },
        {
            "time": "08.07.2021 00:16",
            "open": "5.7564",
            "high": "5.7564",
            "low": "5.7529",
            "close": "5.7515"
        },
        {
            "time": "08.07.2021 00:17",
            "open": "5.7515",
            "high": "5.761",
            "low": "5.7515",
            "close": "5.798"
        },
        {
            "time": "08.07.2021 00:33",
            "open": "5.798",
            "high": "5.798",
            "low": "5.798",
            "close": "5.7673"
        },
        {
            "time": "08.07.2021 00:36",
            "open": "5.7673",
            "high": "5.7673",
            "low": "5.7673",
            "close": "5.7609"
        },
        {
            "time": "08.07.2021 00:38",
            "open": "5.7609",
            "high": "5.7609",
            "low": "5.7609",
            "close": "5.7612"
        },
        {
            "time": "08.07.2021 00:39",
            "open": "5.7612",
            "high": "5.7612",
            "low": "5.7612",
            "close": "5.7651"
        },
        {
            "time": "08.07.2021 00:42",
            "open": "5.7651",
            "high": "5.7651",
            "low": "5.7651",
            "close": "5.7644"
        },
        {
            "time": "08.07.2021 00:43",
            "open": "5.7644",
            "high": "5.7644",
            "low": "5.7644",
            "close": "5.7432"
        },
        {
            "time": "08.07.2021 00:51",
            "open": "5.7432",
            "high": "5.7432",
            "low": "5.7364",
            "close": "5.7409"
        },
        {
            "time": "08.07.2021 01:00",
            "open": "5.7409",
            "high": "5.7409",
            "low": "5.7409",
            "close": "5.7298"
        },
        {
            "time": "08.07.2021 01:01",
            "open": "5.7298",
            "high": "5.7298",
            "low": "5.7298",
            "close": "5.7298"
        },
        {
            "time": "08.07.2021 01:03",
            "open": "5.7298",
            "high": "5.7298",
            "low": "5.7201",
            "close": "5.706"
        },
        {
            "time": "08.07.2021 01:04",
            "open": "5.706",
            "high": "5.7098",
            "low": "5.705",
            "close": "5.6982"
        },
        {
            "time": "08.07.2021 01:06",
            "open": "5.6982",
            "high": "5.6982",
            "low": "5.6831",
            "close": "5.6783"
        },
        {
            "time": "08.07.2021 01:07",
            "open": "5.6783",
            "high": "5.6783",
            "low": "5.6668",
            "close": "5.6934"
        },
        {
            "time": "08.07.2021 01:10",
            "open": "5.6934",
            "high": "5.6939",
            "low": "5.6934",
            "close": "5.6729"
        },
        {
            "time": "08.07.2021 01:14",
            "open": "5.6729",
            "high": "5.6737",
            "low": "5.6729",
            "close": "5.7097"
        },
        {
            "time": "08.07.2021 01:16",
            "open": "5.7097",
            "high": "5.7097",
            "low": "5.7097",
            "close": "5.7149"
        },
        {
            "time": "08.07.2021 01:17",
            "open": "5.7149",
            "high": "5.7149",
            "low": "5.7149",
            "close": "5.715"
        },
        {
            "time": "08.07.2021 01:22",
            "open": "5.715",
            "high": "5.715",
            "low": "5.715",
            "close": "5.7138"
        },
        {
            "time": "08.07.2021 01:24",
            "open": "5.7138",
            "high": "5.7138",
            "low": "5.7031",
            "close": "5.692"
        },
        {
            "time": "08.07.2021 01:42",
            "open": "5.692",
            "high": "5.698",
            "low": "5.692",
            "close": "5.6979"
        },
        {
            "time": "08.07.2021 01:43",
            "open": "5.6979",
            "high": "5.6979",
            "low": "5.6979",
            "close": "5.698"
        },
        {
            "time": "08.07.2021 01:46",
            "open": "5.698",
            "high": "5.698",
            "low": "5.698",
            "close": "5.6837"
        },
        {
            "time": "08.07.2021 01:54",
            "open": "5.6837",
            "high": "5.6837",
            "low": "5.6837",
            "close": "5.673"
        },
        {
            "time": "08.07.2021 01:58",
            "open": "5.673",
            "high": "5.673",
            "low": "5.673",
            "close": "5.6862"
        },
        {
            "time": "08.07.2021 02:04",
            "open": "5.6862",
            "high": "5.6862",
            "low": "5.6862",
            "close": "5.6879"
        },
        {
            "time": "08.07.2021 02:05",
            "open": "5.6879",
            "high": "5.6879",
            "low": "5.6879",
            "close": "5.7004"
        },
        {
            "time": "08.07.2021 02:10",
            "open": "5.7004",
            "high": "5.7004",
            "low": "5.7004",
            "close": "5.6667"
        },
        {
            "time": "08.07.2021 02:16",
            "open": "5.6667",
            "high": "5.6667",
            "low": "5.6667",
            "close": "5.6627"
        },
        {
            "time": "08.07.2021 02:20",
            "open": "5.6627",
            "high": "5.6627",
            "low": "5.6368",
            "close": "5.6281"
        },
        {
            "time": "08.07.2021 02:21",
            "open": "5.6281",
            "high": "5.6281",
            "low": "5.6241",
            "close": "5.6127"
        },
        {
            "time": "08.07.2021 02:22",
            "open": "5.6127",
            "high": "5.6127",
            "low": "5.61",
            "close": "5.5913"
        },
        {
            "time": "08.07.2021 02:23",
            "open": "5.5913",
            "high": "5.5913",
            "low": "5.5841",
            "close": "5.5885"
        },
        {
            "time": "08.07.2021 02:24",
            "open": "5.5885",
            "high": "5.5885",
            "low": "5.5885",
            "close": "5.5877"
        },
        {
            "time": "08.07.2021 02:25",
            "open": "5.5877",
            "high": "5.5877",
            "low": "5.5877",
            "close": "5.5841"
        },
        {
            "time": "08.07.2021 02:26",
            "open": "5.5841",
            "high": "5.5841",
            "low": "5.566",
            "close": "5.5576"
        },
        {
            "time": "08.07.2021 02:27",
            "open": "5.5576",
            "high": "5.5576",
            "low": "5.54",
            "close": "5.5411"
        },
        {
            "time": "08.07.2021 02:28",
            "open": "5.5411",
            "high": "5.5416",
            "low": "5.5289",
            "close": "5.5289"
        },
        {
            "time": "08.07.2021 02:30",
            "open": "5.5289",
            "high": "5.5289",
            "low": "5.4946",
            "close": "5.4827"
        },
        {
            "time": "08.07.2021 02:31",
            "open": "5.4827",
            "high": "5.4827",
            "low": "5.4714",
            "close": "5.471"
        },
        {
            "time": "08.07.2021 02:32",
            "open": "5.471",
            "high": "5.471",
            "low": "5.471",
            "close": "5.4613"
        },
        {
            "time": "08.07.2021 02:33",
            "open": "5.4613",
            "high": "5.4613",
            "low": "5.4435",
            "close": "5.4491"
        },
        {
            "time": "08.07.2021 02:34",
            "open": "5.4491",
            "high": "5.4863",
            "low": "5.4331",
            "close": "5.4683"
        },
        {
            "time": "08.07.2021 02:36",
            "open": "5.4683",
            "high": "5.4713",
            "low": "5.4683",
            "close": "5.4761"
        },
        {
            "time": "08.07.2021 02:38",
            "open": "5.4761",
            "high": "5.4878",
            "low": "5.4761",
            "close": "5.4997"
        },
        {
            "time": "08.07.2021 02:40",
            "open": "5.4997",
            "high": "5.4997",
            "low": "5.4997",
            "close": "5.5073"
        },
        {
            "time": "08.07.2021 02:42",
            "open": "5.5073",
            "high": "5.5073",
            "low": "5.5073",
            "close": "5.4939"
        },
        {
            "time": "08.07.2021 02:46",
            "open": "5.4939",
            "high": "5.4939",
            "low": "5.4939",
            "close": "5.5182"
        },
        {
            "time": "08.07.2021 02:49",
            "open": "5.5182",
            "high": "5.5182",
            "low": "5.5182",
            "close": "5.5243"
        },
        {
            "time": "08.07.2021 02:50",
            "open": "5.5243",
            "high": "5.5243",
            "low": "5.5243",
            "close": "5.5186"
        },
        {
            "time": "08.07.2021 02:51",
            "open": "5.5186",
            "high": "5.5223",
            "low": "5.5186",
            "close": "5.5099"
        },
        {
            "time": "08.07.2021 02:52",
            "open": "5.5099",
            "high": "5.5099",
            "low": "5.5099",
            "close": "5.5068"
        },
        {
            "time": "08.07.2021 02:53",
            "open": "5.5068",
            "high": "5.5068",
            "low": "5.5068",
            "close": "5.5068"
        },
        {
            "time": "08.07.2021 02:55",
            "open": "5.5068",
            "high": "5.5068",
            "low": "5.5068",
            "close": "5.4976"
        },
        {
            "time": "08.07.2021 02:58",
            "open": "5.4976",
            "high": "5.4976",
            "low": "5.4976",
            "close": "5.478"
        },
        {
            "time": "08.07.2021 03:00",
            "open": "5.478",
            "high": "5.478",
            "low": "5.478",
            "close": "5.4969"
        },
        {
            "time": "08.07.2021 03:01",
            "open": "5.4969",
            "high": "5.4969",
            "low": "5.4969",
            "close": "5.5399"
        },
        {
            "time": "08.07.2021 03:08",
            "open": "5.5399",
            "high": "5.5593",
            "low": "5.5399",
            "close": "5.558"
        },
        {
            "time": "08.07.2021 03:09",
            "open": "5.558",
            "high": "5.558",
            "low": "5.558",
            "close": "5.5458"
        },
        {
            "time": "08.07.2021 03:11",
            "open": "5.5458",
            "high": "5.5458",
            "low": "5.5458",
            "close": "5.5565"
        },
        {
            "time": "08.07.2021 03:13",
            "open": "5.5565",
            "high": "5.5565",
            "low": "5.5565",
            "close": "5.5407"
        },
        {
            "time": "08.07.2021 03:16",
            "open": "5.5407",
            "high": "5.5451",
            "low": "5.5407",
            "close": "5.5431"
        },
        {
            "time": "08.07.2021 03:24",
            "open": "5.5431",
            "high": "5.5431",
            "low": "5.5431",
            "close": "5.5368"
        },
        {
            "time": "08.07.2021 03:25",
            "open": "5.5368",
            "high": "5.5368",
            "low": "5.5368",
            "close": "5.53"
        },
        {
            "time": "08.07.2021 03:27",
            "open": "5.53",
            "high": "5.53",
            "low": "5.53",
            "close": "5.5388"
        },
        {
            "time": "08.07.2021 03:29",
            "open": "5.5388",
            "high": "5.5388",
            "low": "5.5388",
            "close": "5.5304"
        },
        {
            "time": "08.07.2021 03:33",
            "open": "5.5304",
            "high": "5.5304",
            "low": "5.5304",
            "close": "5.5226"
        },
        {
            "time": "08.07.2021 03:34",
            "open": "5.5226",
            "high": "5.5226",
            "low": "5.5108",
            "close": "5.5474"
        },
        {
            "time": "08.07.2021 03:37",
            "open": "5.5474",
            "high": "5.5474",
            "low": "5.5474",
            "close": "5.556"
        },
        {
            "time": "08.07.2021 03:40",
            "open": "5.556",
            "high": "5.556",
            "low": "5.556",
            "close": "5.5391"
        },
        {
            "time": "08.07.2021 03:41",
            "open": "5.5391",
            "high": "5.5391",
            "low": "5.5391",
            "close": "5.5376"
        },
        {
            "time": "08.07.2021 03:46",
            "open": "5.5376",
            "high": "5.5376",
            "low": "5.5376",
            "close": "5.553"
        },
        {
            "time": "08.07.2021 03:47",
            "open": "5.553",
            "high": "5.553",
            "low": "5.553",
            "close": "5.552"
        },
        {
            "time": "08.07.2021 03:49",
            "open": "5.552",
            "high": "5.552",
            "low": "5.552",
            "close": "5.571"
        },
        {
            "time": "08.07.2021 03:52",
            "open": "5.571",
            "high": "5.5808",
            "low": "5.571",
            "close": "5.5685"
        },
        {
            "time": "08.07.2021 03:55",
            "open": "5.5685",
            "high": "5.5685",
            "low": "5.5685",
            "close": "5.5473"
        },
        {
            "time": "08.07.2021 03:56",
            "open": "5.5473",
            "high": "5.5473",
            "low": "5.5473",
            "close": "5.5526"
        },
        {
            "time": "08.07.2021 03:57",
            "open": "5.5526",
            "high": "5.5526",
            "low": "5.5526",
            "close": "5.5393"
        },
        {
            "time": "08.07.2021 04:00",
            "open": "5.5393",
            "high": "5.5393",
            "low": "5.5393",
            "close": "5.5659"
        },
        {
            "time": "08.07.2021 04:02",
            "open": "5.5659",
            "high": "5.5659",
            "low": "5.5659",
            "close": "5.5618"
        },
        {
            "time": "08.07.2021 04:03",
            "open": "5.5618",
            "high": "5.5618",
            "low": "5.5618",
            "close": "5.5741"
        },
        {
            "time": "08.07.2021 04:06",
            "open": "5.5741",
            "high": "5.5741",
            "low": "5.5741",
            "close": "5.5599"
        },
        {
            "time": "08.07.2021 04:09",
            "open": "5.5643",
            "high": "5.5643",
            "low": "5.5643",
            "close": "5.5838"
        },
        {
            "time": "08.07.2021 04:11",
            "open": "5.5838",
            "high": "5.5838",
            "low": "5.5838",
            "close": "5.6001"
        },
        {
            "time": "08.07.2021 04:14",
            "open": "5.6001",
            "high": "5.6084",
            "low": "5.6001",
            "close": "5.5924"
        },
        {
            "time": "08.07.2021 04:15",
            "open": "5.5924",
            "high": "5.5924",
            "low": "5.5924",
            "close": "5.5816"
        },
        {
            "time": "08.07.2021 04:19",
            "open": "5.5816",
            "high": "5.5816",
            "low": "5.5816",
            "close": "5.581"
        },
        {
            "time": "08.07.2021 04:20",
            "open": "5.581",
            "high": "5.581",
            "low": "5.581",
            "close": "5.6033"
        },
        {
            "time": "08.07.2021 04:21",
            "open": "5.6033",
            "high": "5.6033",
            "low": "5.6033",
            "close": "5.6147"
        },
        {
            "time": "08.07.2021 04:25",
            "open": "5.6147",
            "high": "5.6147",
            "low": "5.6101",
            "close": "5.6037"
        },
        {
            "time": "08.07.2021 04:30",
            "open": "5.6037",
            "high": "5.6037",
            "low": "5.5959",
            "close": "5.6071"
        },
        {
            "time": "08.07.2021 04:31",
            "open": "5.6071",
            "high": "5.6073",
            "low": "5.6071",
            "close": "5.5872"
        },
        {
            "time": "08.07.2021 04:34",
            "open": "5.5872",
            "high": "5.5982",
            "low": "5.5773",
            "close": "5.5979"
        },
        {
            "time": "08.07.2021 04:35",
            "open": "5.5979",
            "high": "5.5979",
            "low": "5.5976",
            "close": "5.6012"
        },
        {
            "time": "08.07.2021 04:40",
            "open": "5.6012",
            "high": "5.6012",
            "low": "5.6005",
            "close": "5.5926"
        },
        {
            "time": "08.07.2021 04:41",
            "open": "5.5926",
            "high": "5.5926",
            "low": "5.5926",
            "close": "5.6016"
        },
        {
            "time": "08.07.2021 04:45",
            "open": "5.6016",
            "high": "5.6016",
            "low": "5.6016",
            "close": "5.6158"
        },
        {
            "time": "08.07.2021 04:50",
            "open": "5.6158",
            "high": "5.6158",
            "low": "5.6146",
            "close": "5.6184"
        },
        {
            "time": "08.07.2021 04:51",
            "open": "5.6184",
            "high": "5.6249",
            "low": "5.6184",
            "close": "5.6348"
        },
        {
            "time": "08.07.2021 04:58",
            "open": "5.6348",
            "high": "5.6462",
            "low": "5.6348",
            "close": "5.6321"
        },
        {
            "time": "08.07.2021 05:03",
            "open": "5.6321",
            "high": "5.6324",
            "low": "5.629",
            "close": "5.6332"
        },
        {
            "time": "08.07.2021 05:04",
            "open": "5.6332",
            "high": "5.6332",
            "low": "5.6332",
            "close": "5.6466"
        },
        {
            "time": "08.07.2021 05:05",
            "open": "5.6466",
            "high": "5.6494",
            "low": "5.6466",
            "close": "5.6346"
        },
        {
            "time": "08.07.2021 05:06",
            "open": "5.6346",
            "high": "5.644",
            "low": "5.6346",
            "close": "5.6257"
        },
        {
            "time": "08.07.2021 05:08",
            "open": "5.6257",
            "high": "5.6257",
            "low": "5.6078",
            "close": "5.6066"
        },
        {
            "time": "08.07.2021 05:09",
            "open": "5.6066",
            "high": "5.6066",
            "low": "5.5981",
            "close": "5.566"
        },
        {
            "time": "08.07.2021 05:11",
            "open": "5.566",
            "high": "5.566",
            "low": "5.5546",
            "close": "5.5546"
        },
        {
            "time": "08.07.2021 05:12",
            "open": "5.5546",
            "high": "5.5557",
            "low": "5.5272",
            "close": "5.5384"
        },
        {
            "time": "08.07.2021 05:13",
            "open": "5.5384",
            "high": "5.5384",
            "low": "5.5384",
            "close": "5.5381"
        },
        {
            "time": "08.07.2021 05:15",
            "open": "5.5381",
            "high": "5.5494",
            "low": "5.5381",
            "close": "5.5685"
        },
        {
            "time": "08.07.2021 05:16",
            "open": "5.5685",
            "high": "5.5794",
            "low": "5.5685",
            "close": "5.5963"
        },
        {
            "time": "08.07.2021 05:19",
            "open": "5.5963",
            "high": "5.5963",
            "low": "5.5819",
            "close": "5.5743"
        },
        {
            "time": "08.07.2021 05:20",
            "open": "5.5743",
            "high": "5.5854",
            "low": "5.5743",
            "close": "5.5714"
        },
        {
            "time": "08.07.2021 05:22",
            "open": "5.5714",
            "high": "5.5714",
            "low": "5.5714",
            "close": "5.5488"
        },
        {
            "time": "08.07.2021 05:24",
            "open": "5.5488",
            "high": "5.5651",
            "low": "5.5364",
            "close": "5.5373"
        },
        {
            "time": "08.07.2021 05:25",
            "open": "5.5373",
            "high": "5.5373",
            "low": "5.5373",
            "close": "5.5286"
        },
        {
            "time": "08.07.2021 05:27",
            "open": "5.5286",
            "high": "5.5286",
            "low": "5.5169",
            "close": "5.5309"
        },
        {
            "time": "08.07.2021 05:30",
            "open": "5.5309",
            "high": "5.5309",
            "low": "5.5309",
            "close": "5.5519"
        },
        {
            "time": "08.07.2021 05:32",
            "open": "5.5519",
            "high": "5.5519",
            "low": "5.5519",
            "close": "5.5599"
        },
        {
            "time": "08.07.2021 05:34",
            "open": "5.5599",
            "high": "5.5599",
            "low": "5.5599",
            "close": "5.585"
        },
        {
            "time": "08.07.2021 05:35",
            "open": "5.585",
            "high": "5.585",
            "low": "5.585",
            "close": "5.581"
        },
        {
            "time": "08.07.2021 05:36",
            "open": "5.581",
            "high": "5.5828",
            "low": "5.5768",
            "close": "5.6066"
        },
        {
            "time": "08.07.2021 05:39",
            "open": "5.6066",
            "high": "5.6066",
            "low": "5.6066",
            "close": "5.5986"
        },
        {
            "time": "08.07.2021 05:40",
            "open": "5.5986",
            "high": "5.5986",
            "low": "5.5986",
            "close": "5.6111"
        },
        {
            "time": "08.07.2021 05:41",
            "open": "5.6111",
            "high": "5.6111",
            "low": "5.5977",
            "close": "5.5771"
        },
        {
            "time": "08.07.2021 05:48",
            "open": "5.5771",
            "high": "5.5771",
            "low": "5.5771",
            "close": "5.5597"
        },
        {
            "time": "08.07.2021 06:00",
            "open": "5.5597",
            "high": "5.5597",
            "low": "5.5597",
            "close": "5.5565"
        },
        {
            "time": "08.07.2021 06:01",
            "open": "5.5565",
            "high": "5.5565",
            "low": "5.5565",
            "close": "5.5169"
        },
        {
            "time": "08.07.2021 06:03",
            "open": "5.5169",
            "high": "5.5188",
            "low": "5.5169",
            "close": "5.5301"
        },
        {
            "time": "08.07.2021 06:09",
            "open": "5.5301",
            "high": "5.5305",
            "low": "5.5301",
            "close": "5.5132"
        },
        {
            "time": "08.07.2021 06:10",
            "open": "5.5132",
            "high": "5.5253",
            "low": "5.5116",
            "close": "5.5206"
        },
        {
            "time": "08.07.2021 06:11",
            "open": "5.5206",
            "high": "5.5206",
            "low": "5.5131",
            "close": "5.5162"
        },
        {
            "time": "08.07.2021 06:12",
            "open": "5.5162",
            "high": "5.5162",
            "low": "5.5003",
            "close": "5.5175"
        },
        {
            "time": "08.07.2021 06:18",
            "open": "5.5175",
            "high": "5.5175",
            "low": "5.5043",
            "close": "5.5043"
        },
        {
            "time": "08.07.2021 06:19",
            "open": "5.5043",
            "high": "5.5043",
            "low": "5.5",
            "close": "5.501"
        },
        {
            "time": "08.07.2021 06:20",
            "open": "5.501",
            "high": "5.5022",
            "low": "5.501",
            "close": "5.4827"
        },
        {
            "time": "08.07.2021 06:29",
            "open": "5.4827",
            "high": "5.4827",
            "low": "5.476",
            "close": "5.4742"
        },
        {
            "time": "08.07.2021 06:32",
            "open": "5.4742",
            "high": "5.4742",
            "low": "5.4668",
            "close": "5.465"
        },
        {
            "time": "08.07.2021 06:41",
            "open": "5.465",
            "high": "5.465",
            "low": "5.4345",
            "close": "5.431"
        },
        {
            "time": "08.07.2021 06:42",
            "open": "5.431",
            "high": "5.431",
            "low": "5.431",
            "close": "5.4397"
        },
        {
            "time": "08.07.2021 06:43",
            "open": "5.4397",
            "high": "5.4397",
            "low": "5.4377",
            "close": "5.4837"
        },
        {
            "time": "08.07.2021 06:48",
            "open": "5.4837",
            "high": "5.4837",
            "low": "5.4711",
            "close": "5.4826"
        },
        {
            "time": "08.07.2021 06:49",
            "open": "5.4826",
            "high": "5.4842",
            "low": "5.4826",
            "close": "5.4926"
        },
        {
            "time": "08.07.2021 06:52",
            "open": "5.4926",
            "high": "5.4926",
            "low": "5.4858",
            "close": "5.4946"
        },
        {
            "time": "08.07.2021 06:56",
            "open": "5.4946",
            "high": "5.4946",
            "low": "5.4946",
            "close": "5.4894"
        },
        {
            "time": "08.07.2021 06:57",
            "open": "5.4894",
            "high": "5.4909",
            "low": "5.4894",
            "close": "5.4869"
        },
        {
            "time": "08.07.2021 07:00",
            "open": "5.4869",
            "high": "5.4869",
            "low": "5.4869",
            "close": "5.4971"
        },
        {
            "time": "08.07.2021 07:08",
            "open": "5.4971",
            "high": "5.4971",
            "low": "5.4971",
            "close": "5.4706"
        },
        {
            "time": "08.07.2021 07:13",
            "open": "5.4706",
            "high": "5.4802",
            "low": "5.4657",
            "close": "5.4657"
        },
        {
            "time": "08.07.2021 07:16",
            "open": "5.4657",
            "high": "5.4657",
            "low": "5.4657",
            "close": "5.4657"
        },
        {
            "time": "08.07.2021 07:17",
            "open": "5.4657",
            "high": "5.4657",
            "low": "5.4632",
            "close": "5.4631"
        },
        {
            "time": "08.07.2021 07:18",
            "open": "5.4631",
            "high": "5.4631",
            "low": "5.4631",
            "close": "5.4326"
        },
        {
            "time": "08.07.2021 07:19",
            "open": "5.4326",
            "high": "5.4326",
            "low": "5.4326",
            "close": "5.428"
        },
        {
            "time": "08.07.2021 07:22",
            "open": "5.428",
            "high": "5.428",
            "low": "5.428",
            "close": "5.4202"
        },
        {
            "time": "08.07.2021 07:23",
            "open": "5.4202",
            "high": "5.4202",
            "low": "5.4161",
            "close": "5.4161"
        },
        {
            "time": "08.07.2021 07:24",
            "open": "5.4161",
            "high": "5.4161",
            "low": "5.41",
            "close": "5.4115"
        },
        {
            "time": "08.07.2021 07:34",
            "open": "5.4115",
            "high": "5.4115",
            "low": "5.4115",
            "close": "5.4068"
        },
        {
            "time": "08.07.2021 07:35",
            "open": "5.4068",
            "high": "5.4068",
            "low": "5.4066",
            "close": "5.4018"
        },
        {
            "time": "08.07.2021 07:37",
            "open": "5.4018",
            "high": "5.4018",
            "low": "5.4001",
            "close": "5.4057"
        },
        {
            "time": "08.07.2021 07:39",
            "open": "5.4057",
            "high": "5.4057",
            "low": "5.4057",
            "close": "5.4108"
        },
        {
            "time": "08.07.2021 07:42",
            "open": "5.4108",
            "high": "5.4108",
            "low": "5.4108",
            "close": "5.4"
        },
        {
            "time": "08.07.2021 07:43",
            "open": "5.4",
            "high": "5.4",
            "low": "5.4",
            "close": "5.3875"
        },
        {
            "time": "08.07.2021 07:44",
            "open": "5.3875",
            "high": "5.3875",
            "low": "5.3875",
            "close": "5.3772"
        },
        {
            "time": "08.07.2021 07:50",
            "open": "5.3772",
            "high": "5.3772",
            "low": "5.3772",
            "close": "5.3711"
        },
        {
            "time": "08.07.2021 07:51",
            "open": "5.3711",
            "high": "5.3711",
            "low": "5.3711",
            "close": "5.4065"
        },
        {
            "time": "08.07.2021 07:53",
            "open": "5.4065",
            "high": "5.4065",
            "low": "5.4065",
            "close": "5.3711"
        },
        {
            "time": "08.07.2021 07:58",
            "open": "5.3711",
            "high": "5.3711",
            "low": "5.3711",
            "close": "5.3666"
        },
        {
            "time": "08.07.2021 07:59",
            "open": "5.3666",
            "high": "5.3666",
            "low": "5.3393",
            "close": "5.3301"
        },
        {
            "time": "08.07.2021 08:00",
            "open": "5.3301",
            "high": "5.3301",
            "low": "5.3258",
            "close": "5.3432"
        },
        {
            "time": "08.07.2021 08:01",
            "open": "5.3432",
            "high": "5.3432",
            "low": "5.3432",
            "close": "5.3831"
        },
        {
            "time": "08.07.2021 08:02",
            "open": "5.3831",
            "high": "5.3831",
            "low": "5.3831",
            "close": "5.3821"
        },
        {
            "time": "08.07.2021 08:03",
            "open": "5.3821",
            "high": "5.3847",
            "low": "5.3821",
            "close": "5.3955"
        },
        {
            "time": "08.07.2021 08:05",
            "open": "5.3955",
            "high": "5.3955",
            "low": "5.3955",
            "close": "5.4093"
        },
        {
            "time": "08.07.2021 08:09",
            "open": "5.4093",
            "high": "5.4093",
            "low": "5.4093",
            "close": "5.4204"
        },
        {
            "time": "08.07.2021 08:10",
            "open": "5.4204",
            "high": "5.4297",
            "low": "5.4204",
            "close": "5.4331"
        },
        {
            "time": "08.07.2021 08:11",
            "open": "5.4331",
            "high": "5.4331",
            "low": "5.4331",
            "close": "5.424"
        },
        {
            "time": "08.07.2021 08:12",
            "open": "5.424",
            "high": "5.4284",
            "low": "5.424",
            "close": "5.4393"
        },
        {
            "time": "08.07.2021 08:19",
            "open": "5.4393",
            "high": "5.4393",
            "low": "5.4393",
            "close": "5.4284"
        },
        {
            "time": "08.07.2021 08:20",
            "open": "5.4284",
            "high": "5.4284",
            "low": "5.4284",
            "close": "5.4267"
        },
        {
            "time": "08.07.2021 08:25",
            "open": "5.4267",
            "high": "5.4286",
            "low": "5.4267",
            "close": "5.392"
        },
        {
            "time": "08.07.2021 08:29",
            "open": "5.392",
            "high": "5.392",
            "low": "5.3881",
            "close": "5.4071"
        },
        {
            "time": "08.07.2021 08:30",
            "open": "5.4071",
            "high": "5.4071",
            "low": "5.4071",
            "close": "5.4024"
        },
        {
            "time": "08.07.2021 08:31",
            "open": "5.4024",
            "high": "5.4024",
            "low": "5.4024",
            "close": "5.3734"
        },
        {
            "time": "08.07.2021 08:35",
            "open": "5.3734",
            "high": "5.3734",
            "low": "5.3734",
            "close": "5.3715"
        },
        {
            "time": "08.07.2021 08:37",
            "open": "5.3715",
            "high": "5.3715",
            "low": "5.3715",
            "close": "5.3565"
        },
        {
            "time": "08.07.2021 08:40",
            "open": "5.3565",
            "high": "5.3565",
            "low": "5.3565",
            "close": "5.3554"
        },
        {
            "time": "08.07.2021 08:44",
            "open": "5.3554",
            "high": "5.3554",
            "low": "5.3554",
            "close": "5.3554"
        },
        {
            "time": "08.07.2021 08:56",
            "open": "5.3554",
            "high": "5.3554",
            "low": "5.3554",
            "close": "5.3691"
        },
        {
            "time": "08.07.2021 09:01",
            "open": "5.3691",
            "high": "5.3691",
            "low": "5.3691",
            "close": "5.3805"
        },
        {
            "time": "08.07.2021 09:03",
            "open": "5.3805",
            "high": "5.3805",
            "low": "5.3805",
            "close": "5.3985"
        },
        {
            "time": "08.07.2021 09:08",
            "open": "5.3985",
            "high": "5.3985",
            "low": "5.3985",
            "close": "5.3963"
        },
        {
            "time": "08.07.2021 09:09",
            "open": "5.3963",
            "high": "5.3996",
            "low": "5.3963",
            "close": "5.3922"
        },
        {
            "time": "08.07.2021 09:10",
            "open": "5.3922",
            "high": "5.3922",
            "low": "5.3922",
            "close": "5.4237"
        },
        {
            "time": "08.07.2021 09:15",
            "open": "5.4237",
            "high": "5.4237",
            "low": "5.4237",
            "close": "5.3916"
        },
        {
            "time": "08.07.2021 09:20",
            "open": "5.3916",
            "high": "5.3916",
            "low": "5.3916",
            "close": "5.3858"
        },
        {
            "time": "08.07.2021 09:27",
            "open": "5.3858",
            "high": "5.3858",
            "low": "5.3858",
            "close": "5.3329"
        },
        {
            "time": "08.07.2021 09:32",
            "open": "5.3329",
            "high": "5.3329",
            "low": "5.3119",
            "close": "5.3276"
        },
        {
            "time": "08.07.2021 09:33",
            "open": "5.3276",
            "high": "5.3276",
            "low": "5.3276",
            "close": "5.3171"
        },
        {
            "time": "08.07.2021 09:35",
            "open": "5.3171",
            "high": "5.3171",
            "low": "5.3073",
            "close": "5.3073"
        },
        {
            "time": "08.07.2021 09:36",
            "open": "5.3073",
            "high": "5.3073",
            "low": "5.2996",
            "close": "5.2958"
        },
        {
            "time": "08.07.2021 09:37",
            "open": "5.2958",
            "high": "5.3111",
            "low": "5.2939",
            "close": "5.2951"
        },
        {
            "time": "08.07.2021 09:38",
            "open": "5.2951",
            "high": "5.2951",
            "low": "5.2951",
            "close": "5.2939"
        },
        {
            "time": "08.07.2021 09:39",
            "open": "5.2939",
            "high": "5.2939",
            "low": "5.2939",
            "close": "5.2771"
        },
        {
            "time": "08.07.2021 09:40",
            "open": "5.2771",
            "high": "5.2771",
            "low": "5.2569",
            "close": "5.2559"
        },
        {
            "time": "08.07.2021 09:41",
            "open": "5.2559",
            "high": "5.2559",
            "low": "5.2291",
            "close": "5.2291"
        },
        {
            "time": "08.07.2021 09:42",
            "open": "5.2291",
            "high": "5.238",
            "low": "5.2091",
            "close": "5.2472"
        },
        {
            "time": "08.07.2021 09:43",
            "open": "5.2472",
            "high": "5.2472",
            "low": "5.2447",
            "close": "5.2257"
        },
        {
            "time": "08.07.2021 09:45",
            "open": "5.2257",
            "high": "5.2397",
            "low": "5.2257",
            "close": "5.2369"
        },
        {
            "time": "08.07.2021 09:51",
            "open": "5.2369",
            "high": "5.2369",
            "low": "5.2369",
            "close": "5.2303"
        },
        {
            "time": "08.07.2021 09:53",
            "open": "5.2303",
            "high": "5.2303",
            "low": "5.2303",
            "close": "5.2155"
        },
        {
            "time": "08.07.2021 09:56",
            "open": "5.2155",
            "high": "5.2155",
            "low": "5.2019",
            "close": "5.2051"
        },
        {
            "time": "08.07.2021 09:57",
            "open": "5.2051",
            "high": "5.2251",
            "low": "5.2",
            "close": "5.172"
        },
        {
            "time": "08.07.2021 09:58",
            "open": "5.172",
            "high": "5.1946",
            "low": "5.172",
            "close": "5.2036"
        },
        {
            "time": "08.07.2021 10:01",
            "open": "5.2036",
            "high": "5.2036",
            "low": "5.2036",
            "close": "5.2141"
        },
        {
            "time": "08.07.2021 10:02",
            "open": "5.2141",
            "high": "5.2141",
            "low": "5.2141",
            "close": "5.1595"
        },
        {
            "time": "08.07.2021 10:07",
            "open": "5.1595",
            "high": "5.1595",
            "low": "5.1432",
            "close": "5.1466"
        },
        {
            "time": "08.07.2021 10:08",
            "open": "5.1466",
            "high": "5.1466",
            "low": "5.146",
            "close": "5.1439"
        },
        {
            "time": "08.07.2021 10:09",
            "open": "5.1439",
            "high": "5.172",
            "low": "5.1439",
            "close": "5.1323"
        },
        {
            "time": "08.07.2021 10:11",
            "open": "5.1323",
            "high": "5.1342",
            "low": "5.1235",
            "close": "5.1369"
        },
        {
            "time": "08.07.2021 10:12",
            "open": "5.1369",
            "high": "5.1587",
            "low": "5.1369",
            "close": "5.164"
        },
        {
            "time": "08.07.2021 10:13",
            "open": "5.164",
            "high": "5.164",
            "low": "5.164",
            "close": "5.1743"
        },
        {
            "time": "08.07.2021 10:15",
            "open": "5.1743",
            "high": "5.1743",
            "low": "5.1743",
            "close": "5.1714"
        },
        {
            "time": "08.07.2021 10:17",
            "open": "5.1714",
            "high": "5.1784",
            "low": "5.1714",
            "close": "5.1836"
        },
        {
            "time": "08.07.2021 10:18",
            "open": "5.1836",
            "high": "5.1836",
            "low": "5.1805",
            "close": "5.1789"
        },
        {
            "time": "08.07.2021 10:20",
            "open": "5.1789",
            "high": "5.1789",
            "low": "5.1789",
            "close": "5.1754"
        },
        {
            "time": "08.07.2021 10:21",
            "open": "5.1754",
            "high": "5.1754",
            "low": "5.1719",
            "close": "5.1739"
        },
        {
            "time": "08.07.2021 10:23",
            "open": "5.1739",
            "high": "5.1739",
            "low": "5.1719",
            "close": "5.1552"
        },
        {
            "time": "08.07.2021 10:24",
            "open": "5.1552",
            "high": "5.1615",
            "low": "5.1552",
            "close": "5.1603"
        },
        {
            "time": "08.07.2021 10:25",
            "open": "5.1603",
            "high": "5.1603",
            "low": "5.1603",
            "close": "5.1493"
        },
        {
            "time": "08.07.2021 10:26",
            "open": "5.1493",
            "high": "5.1493",
            "low": "5.1442",
            "close": "5.1386"
        },
        {
            "time": "08.07.2021 10:28",
            "open": "5.1386",
            "high": "5.1386",
            "low": "5.1386",
            "close": "5.1434"
        },
        {
            "time": "08.07.2021 10:30",
            "open": "5.1434",
            "high": "5.1434",
            "low": "5.1434",
            "close": "5.1616"
        },
        {
            "time": "08.07.2021 10:33",
            "open": "5.1616",
            "high": "5.1662",
            "low": "5.1535",
            "close": "5.1843"
        },
        {
            "time": "08.07.2021 10:34",
            "open": "5.1843",
            "high": "5.1843",
            "low": "5.1715",
            "close": "5.1483"
        },
        {
            "time": "08.07.2021 10:39",
            "open": "5.1483",
            "high": "5.1483",
            "low": "5.1405",
            "close": "5.1453"
        },
        {
            "time": "08.07.2021 10:40",
            "open": "5.1453",
            "high": "5.1453",
            "low": "5.1453",
            "close": "5.183"
        },
        {
            "time": "08.07.2021 10:42",
            "open": "5.183",
            "high": "5.183",
            "low": "5.183",
            "close": "5.1693"
        },
        {
            "time": "08.07.2021 10:43",
            "open": "5.1693",
            "high": "5.1707",
            "low": "5.1693",
            "close": "5.1669"
        },
        {
            "time": "08.07.2021 10:46",
            "open": "5.1669",
            "high": "5.1703",
            "low": "5.1669",
            "close": "5.1704"
        },
        {
            "time": "08.07.2021 10:51",
            "open": "5.1704",
            "high": "5.1704",
            "low": "5.1704",
            "close": "5.1966"
        },
        {
            "time": "08.07.2021 10:53",
            "open": "5.1966",
            "high": "5.1966",
            "low": "5.1966",
            "close": "5.2037"
        },
        {
            "time": "08.07.2021 10:55",
            "open": "5.2037",
            "high": "5.2066",
            "low": "5.2037",
            "close": "5.2147"
        },
        {
            "time": "08.07.2021 10:58",
            "open": "5.2147",
            "high": "5.2147",
            "low": "5.2147",
            "close": "5.2147"
        },
        {
            "time": "08.07.2021 10:59",
            "open": "5.2147",
            "high": "5.2166",
            "low": "5.2147",
            "close": "5.2226"
        },
        {
            "time": "08.07.2021 11:00",
            "open": "5.2226",
            "high": "5.2361",
            "low": "5.2225",
            "close": "5.2327"
        },
        {
            "time": "08.07.2021 11:01",
            "open": "5.2327",
            "high": "5.2327",
            "low": "5.227",
            "close": "5.2401"
        },
        {
            "time": "08.07.2021 11:03",
            "open": "5.2401",
            "high": "5.2403",
            "low": "5.2401",
            "close": "5.2247"
        },
        {
            "time": "08.07.2021 11:07",
            "open": "5.2247",
            "high": "5.2247",
            "low": "5.2247",
            "close": "5.2147"
        },
        {
            "time": "08.07.2021 11:10",
            "open": "5.2147",
            "high": "5.2147",
            "low": "5.2147",
            "close": "5.1966"
        },
        {
            "time": "08.07.2021 11:12",
            "open": "5.1966",
            "high": "5.1966",
            "low": "5.1966",
            "close": "5.2028"
        },
        {
            "time": "08.07.2021 11:13",
            "open": "5.2028",
            "high": "5.2029",
            "low": "5.1957",
            "close": "5.1957"
        },
        {
            "time": "08.07.2021 11:26",
            "open": "5.1957",
            "high": "5.1957",
            "low": "5.1957",
            "close": "5.1957"
        },
        {
            "time": "08.07.2021 11:28",
            "open": "5.1957",
            "high": "5.1957",
            "low": "5.1957",
            "close": "5.2082"
        },
        {
            "time": "08.07.2021 11:29",
            "open": "5.2082",
            "high": "5.2082",
            "low": "5.2082",
            "close": "5.1957"
        },
        {
            "time": "08.07.2021 11:30",
            "open": "5.1957",
            "high": "5.1995",
            "low": "5.1954",
            "close": "5.2049"
        },
        {
            "time": "08.07.2021 11:31",
            "open": "5.2049",
            "high": "5.2049",
            "low": "5.1995",
            "close": "5.2226"
        },
        {
            "time": "08.07.2021 11:33",
            "open": "5.2226",
            "high": "5.2308",
            "low": "5.2226",
            "close": "5.2332"
        },
        {
            "time": "08.07.2021 11:34",
            "open": "5.2332",
            "high": "5.2332",
            "low": "5.229",
            "close": "5.2285"
        },
        {
            "time": "08.07.2021 11:38",
            "open": "5.2285",
            "high": "5.2285",
            "low": "5.2285",
            "close": "5.2285"
        },
        {
            "time": "08.07.2021 11:41",
            "open": "5.2285",
            "high": "5.2285",
            "low": "5.2285",
            "close": "5.2292"
        },
        {
            "time": "08.07.2021 11:43",
            "open": "5.2292",
            "high": "5.2292",
            "low": "5.2292",
            "close": "5.1966"
        },
        {
            "time": "08.07.2021 11:45",
            "open": "5.1966",
            "high": "5.1976",
            "low": "5.1966",
            "close": "5.2231"
        },
        {
            "time": "08.07.2021 11:47",
            "open": "5.2231",
            "high": "5.2231",
            "low": "5.2231",
            "close": "5.2347"
        },
        {
            "time": "08.07.2021 11:50",
            "open": "5.2347",
            "high": "5.2347",
            "low": "5.2347",
            "close": "5.2043"
        },
        {
            "time": "08.07.2021 11:55",
            "open": "5.2043",
            "high": "5.2043",
            "low": "5.2043",
            "close": "5.2009"
        },
        {
            "time": "08.07.2021 12:00",
            "open": "5.2009",
            "high": "5.2009",
            "low": "5.1844",
            "close": "5.1799"
        },
        {
            "time": "08.07.2021 12:01",
            "open": "5.1799",
            "high": "5.1799",
            "low": "5.1799",
            "close": "5.1852"
        },
        {
            "time": "08.07.2021 12:02",
            "open": "5.1852",
            "high": "5.1852",
            "low": "5.1852",
            "close": "5.2226"
        },
        {
            "time": "08.07.2021 12:07",
            "open": "5.2226",
            "high": "5.2226",
            "low": "5.2226",
            "close": "5.192"
        },
        {
            "time": "08.07.2021 12:10",
            "open": "5.192",
            "high": "5.1992",
            "low": "5.192",
            "close": "5.2053"
        },
        {
            "time": "08.07.2021 12:16",
            "open": "5.2053",
            "high": "5.2053",
            "low": "5.2034",
            "close": "5.2"
        },
        {
            "time": "08.07.2021 12:17",
            "open": "5.2",
            "high": "5.2",
            "low": "5.1913",
            "close": "5.2158"
        },
        {
            "time": "08.07.2021 12:20",
            "open": "5.2158",
            "high": "5.2158",
            "low": "5.2158",
            "close": "5.2155"
        },
        {
            "time": "08.07.2021 12:23",
            "open": "5.2155",
            "high": "5.2155",
            "low": "5.2155",
            "close": "5.2221"
        },
        {
            "time": "08.07.2021 12:25",
            "open": "5.2221",
            "high": "5.2221",
            "low": "5.2221",
            "close": "5.2226"
        },
        {
            "time": "08.07.2021 12:28",
            "open": "5.2226",
            "high": "5.2226",
            "low": "5.2226",
            "close": "5.2164"
        },
        {
            "time": "08.07.2021 12:30",
            "open": "5.2164",
            "high": "5.2164",
            "low": "5.2164",
            "close": "5.2152"
        },
        {
            "time": "08.07.2021 12:33",
            "open": "5.2152",
            "high": "5.2152",
            "low": "5.2152",
            "close": "5.2182"
        },
        {
            "time": "08.07.2021 12:35",
            "open": "5.2182",
            "high": "5.2182",
            "low": "5.2143",
            "close": "5.2253"
        },
        {
            "time": "08.07.2021 12:36",
            "open": "5.2253",
            "high": "5.2253",
            "low": "5.2253",
            "close": "5.2487"
        },
        {
            "time": "08.07.2021 12:39",
            "open": "5.2487",
            "high": "5.2487",
            "low": "5.2487",
            "close": "5.2487"
        },
        {
            "time": "08.07.2021 12:41",
            "open": "5.2487",
            "high": "5.2533",
            "low": "5.2487",
            "close": "5.2353"
        },
        {
            "time": "08.07.2021 12:43",
            "open": "5.2353",
            "high": "5.2353",
            "low": "5.2353",
            "close": "5.2487"
        },
        {
            "time": "08.07.2021 12:44",
            "open": "5.2487",
            "high": "5.2487",
            "low": "5.2487",
            "close": "5.2356"
        },
        {
            "time": "08.07.2021 12:45",
            "open": "5.2356",
            "high": "5.2356",
            "low": "5.2356",
            "close": "5.2317"
        },
        {
            "time": "08.07.2021 12:46",
            "open": "5.2317",
            "high": "5.2317",
            "low": "5.2317",
            "close": "5.2226"
        },
        {
            "time": "08.07.2021 12:47",
            "open": "5.2226",
            "high": "5.2226",
            "low": "5.2226",
            "close": "5.2226"
        },
        {
            "time": "08.07.2021 12:48",
            "open": "5.2226",
            "high": "5.2226",
            "low": "5.222",
            "close": "5.2136"
        },
        {
            "time": "08.07.2021 12:50",
            "open": "5.2136",
            "high": "5.2136",
            "low": "5.2136",
            "close": "5.2017"
        },
        {
            "time": "08.07.2021 12:51",
            "open": "5.2017",
            "high": "5.2018",
            "low": "5.2",
            "close": "5.1966"
        },
        {
            "time": "08.07.2021 12:52",
            "open": "5.1966",
            "high": "5.1966",
            "low": "5.1966",
            "close": "5.1842"
        },
        {
            "time": "08.07.2021 12:54",
            "open": "5.1842",
            "high": "5.1842",
            "low": "5.1842",
            "close": "5.1707"
        },
        {
            "time": "08.07.2021 12:56",
            "open": "5.1707",
            "high": "5.1707",
            "low": "5.1707",
            "close": "5.1645"
        },
        {
            "time": "08.07.2021 12:57",
            "open": "5.1645",
            "high": "5.1661",
            "low": "5.1645",
            "close": "5.1499"
        },
        {
            "time": "08.07.2021 13:00",
            "open": "5.1499",
            "high": "5.1516",
            "low": "5.14",
            "close": "5.1518"
        },
        {
            "time": "08.07.2021 13:01",
            "open": "5.1518",
            "high": "5.1518",
            "low": "5.1351",
            "close": "5.132"
        },
        {
            "time": "08.07.2021 13:02",
            "open": "5.132",
            "high": "5.132",
            "low": "5.132",
            "close": "5.1276"
        },
        {
            "time": "08.07.2021 13:03",
            "open": "5.1276",
            "high": "5.1276",
            "low": "5.0963",
            "close": "5.0988"
        },
        {
            "time": "08.07.2021 13:04",
            "open": "5.0988",
            "high": "5.0988",
            "low": "5.0908",
            "close": "5.1"
        },
        {
            "time": "08.07.2021 13:05",
            "open": "5.1",
            "high": "5.1191",
            "low": "5.1",
            "close": "5.1191"
        },
        {
            "time": "08.07.2021 13:06",
            "open": "5.1191",
            "high": "5.1191",
            "low": "5.1191",
            "close": "5.119"
        },
        {
            "time": "08.07.2021 13:07",
            "open": "5.119",
            "high": "5.119",
            "low": "5.119",
            "close": "5.1229"
        },
        {
            "time": "08.07.2021 13:09",
            "open": "5.1229",
            "high": "5.1229",
            "low": "5.1106",
            "close": "5.1104"
        },
        {
            "time": "08.07.2021 13:10",
            "open": "5.1104",
            "high": "5.1104",
            "low": "5.1104",
            "close": "5.1071"
        },
        {
            "time": "08.07.2021 13:11",
            "open": "5.1071",
            "high": "5.1071",
            "low": "5.1071",
            "close": "5.1055"
        },
        {
            "time": "08.07.2021 13:13",
            "open": "5.1055",
            "high": "5.1055",
            "low": "5.0875",
            "close": "5.0908"
        },
        {
            "time": "08.07.2021 13:14",
            "open": "5.0908",
            "high": "5.0942",
            "low": "5.0908",
            "close": "5.0992"
        },
        {
            "time": "08.07.2021 13:15",
            "open": "5.0992",
            "high": "5.1084",
            "low": "5.0992",
            "close": "5.1137"
        },
        {
            "time": "08.07.2021 13:16",
            "open": "5.1137",
            "high": "5.1191",
            "low": "5.1137",
            "close": "5.1448"
        },
        {
            "time": "08.07.2021 13:18",
            "open": "5.1448",
            "high": "5.1448",
            "low": "5.1448",
            "close": "5.1227"
        },
        {
            "time": "08.07.2021 13:22",
            "open": "5.1227",
            "high": "5.1227",
            "low": "5.1227",
            "close": "5.1448"
        },
        {
            "time": "08.07.2021 13:25",
            "open": "5.1448",
            "high": "5.1448",
            "low": "5.1448",
            "close": "5.1592"
        },
        {
            "time": "08.07.2021 13:27",
            "open": "5.1592",
            "high": "5.1592",
            "low": "5.1592",
            "close": "5.1638"
        },
        {
            "time": "08.07.2021 13:30",
            "open": "5.1638",
            "high": "5.1638",
            "low": "5.1638",
            "close": "5.1707"
        },
        {
            "time": "08.07.2021 13:31",
            "open": "5.1707",
            "high": "5.1707",
            "low": "5.1707",
            "close": "5.1707"
        },
        {
            "time": "08.07.2021 13:33",
            "open": "5.1707",
            "high": "5.1707",
            "low": "5.1707",
            "close": "5.1965"
        },
        {
            "time": "08.07.2021 13:35",
            "open": "5.1965",
            "high": "5.1966",
            "low": "5.1965",
            "close": "5.1966"
        },
        {
            "time": "08.07.2021 13:37",
            "open": "5.1966",
            "high": "5.2184",
            "low": "5.1966",
            "close": "5.2226"
        },
        {
            "time": "08.07.2021 13:38",
            "open": "5.2226",
            "high": "5.2241",
            "low": "5.2226",
            "close": "5.2241"
        },
        {
            "time": "08.07.2021 13:39",
            "open": "5.2241",
            "high": "5.2241",
            "low": "5.2241",
            "close": "5.2241"
        },
        {
            "time": "08.07.2021 13:40",
            "open": "5.2241",
            "high": "5.2241",
            "low": "5.2241",
            "close": "5.2192"
        },
        {
            "time": "08.07.2021 13:46",
            "open": "5.2192",
            "high": "5.2193",
            "low": "5.2186",
            "close": "5.2182"
        },
        {
            "time": "08.07.2021 13:47",
            "open": "5.2182",
            "high": "5.2258",
            "low": "5.2182",
            "close": "5.2438"
        },
        {
            "time": "08.07.2021 13:59",
            "open": "5.2438",
            "high": "5.2487",
            "low": "5.2438",
            "close": "5.2077"
        },
        {
            "time": "08.07.2021 14:02",
            "open": "5.2077",
            "high": "5.2077",
            "low": "5.2077",
            "close": "5.2088"
        },
        {
            "time": "08.07.2021 14:03",
            "open": "5.2088",
            "high": "5.2088",
            "low": "5.1871",
            "close": "5.1707"
        },
        {
            "time": "08.07.2021 14:09",
            "open": "5.1707",
            "high": "5.1707",
            "low": "5.1707",
            "close": "5.1448"
        },
        {
            "time": "08.07.2021 14:13",
            "open": "5.1448",
            "high": "5.1448",
            "low": "5.1448",
            "close": "5.1448"
        },
        {
            "time": "08.07.2021 14:14",
            "open": "5.1448",
            "high": "5.1533",
            "low": "5.1448",
            "close": "5.1673"
        },
        {
            "time": "08.07.2021 14:16",
            "open": "5.1673",
            "high": "5.1673",
            "low": "5.1673",
            "close": "5.1707"
        },
        {
            "time": "08.07.2021 14:22",
            "open": "5.1707",
            "high": "5.1707",
            "low": "5.1707",
            "close": "5.1643"
        },
        {
            "time": "08.07.2021 14:25",
            "open": "5.1643",
            "high": "5.1645",
            "low": "5.1533",
            "close": "5.162"
        },
        {
            "time": "08.07.2021 14:30",
            "open": "5.162",
            "high": "5.17",
            "low": "5.162",
            "close": "5.1966"
        },
        {
            "time": "08.07.2021 14:31",
            "open": "5.1966",
            "high": "5.2252",
            "low": "5.1966",
            "close": "5.2205"
        },
        {
            "time": "08.07.2021 14:32",
            "open": "5.2205",
            "high": "5.2205",
            "low": "5.2201",
            "close": "5.2201"
        },
        {
            "time": "08.07.2021 14:36",
            "open": "5.2201",
            "high": "5.2207",
            "low": "5.2201",
            "close": "5.23"
        },
        {
            "time": "08.07.2021 14:40",
            "open": "5.23",
            "high": "5.23",
            "low": "5.23",
            "close": "5.2237"
        },
        {
            "time": "08.07.2021 14:42",
            "open": "5.2237",
            "high": "5.231",
            "low": "5.2237",
            "close": "5.2201"
        },
        {
            "time": "08.07.2021 14:46",
            "open": "5.2201",
            "high": "5.2201",
            "low": "5.2201",
            "close": "5.2068"
        },
        {
            "time": "08.07.2021 14:49",
            "open": "5.2068",
            "high": "5.2068",
            "low": "5.2068",
            "close": "5.1966"
        },
        {
            "time": "08.07.2021 14:52",
            "open": "5.1966",
            "high": "5.1966",
            "low": "5.1966",
            "close": "5.1848"
        },
        {
            "time": "08.07.2021 14:53",
            "open": "5.1848",
            "high": "5.1848",
            "low": "5.1848",
            "close": "5.2003"
        },
        {
            "time": "08.07.2021 14:59",
            "open": "5.2003",
            "high": "5.3134",
            "low": "5.2003",
            "close": "5.2944"
        },
        {
            "time": "08.07.2021 15:00",
            "open": "5.2944",
            "high": "5.2944",
            "low": "5.2634",
            "close": "5.2738"
        },
        {
            "time": "08.07.2021 15:01",
            "open": "5.2738",
            "high": "5.2738",
            "low": "5.2686",
            "close": "5.2658"
        },
        {
            "time": "08.07.2021 15:03",
            "open": "5.2658",
            "high": "5.2658",
            "low": "5.2487",
            "close": "5.2488"
        },
        {
            "time": "08.07.2021 15:04",
            "open": "5.2488",
            "high": "5.2488",
            "low": "5.2326",
            "close": "5.249"
        },
        {
            "time": "08.07.2021 15:05",
            "open": "5.249",
            "high": "5.249",
            "low": "5.2411",
            "close": "5.2396"
        },
        {
            "time": "08.07.2021 15:06",
            "open": "5.2396",
            "high": "5.2396",
            "low": "5.2226",
            "close": "5.2159"
        },
        {
            "time": "08.07.2021 15:07",
            "open": "5.2159",
            "high": "5.2159",
            "low": "5.2159",
            "close": "5.2134"
        },
        {
            "time": "08.07.2021 15:09",
            "open": "5.2134",
            "high": "5.2134",
            "low": "5.2134",
            "close": "5.2133"
        },
        {
            "time": "08.07.2021 15:10",
            "open": "5.2133",
            "high": "5.2133",
            "low": "5.2133",
            "close": "5.2315"
        },
        {
            "time": "08.07.2021 15:11",
            "open": "5.2315",
            "high": "5.2315",
            "low": "5.2315",
            "close": "5.2452"
        },
        {
            "time": "08.07.2021 15:13",
            "open": "5.2452",
            "high": "5.2452",
            "low": "5.2452",
            "close": "5.2487"
        },
        {
            "time": "08.07.2021 15:14",
            "open": "5.2487",
            "high": "5.2487",
            "low": "5.2484",
            "close": "5.2749"
        },
        {
            "time": "08.07.2021 15:15",
            "open": "5.2749",
            "high": "5.2749",
            "low": "5.2749",
            "close": "5.2906"
        },
        {
            "time": "08.07.2021 15:16",
            "open": "5.2906",
            "high": "5.2983",
            "low": "5.2906",
            "close": "5.2755"
        },
        {
            "time": "08.07.2021 15:17",
            "open": "5.2755",
            "high": "5.2755",
            "low": "5.2647",
            "close": "5.2698"
        },
        {
            "time": "08.07.2021 15:18",
            "open": "5.2698",
            "high": "5.2698",
            "low": "5.2698",
            "close": "5.2487"
        },
        {
            "time": "08.07.2021 15:20",
            "open": "5.2487",
            "high": "5.2487",
            "low": "5.2487",
            "close": "5.2347"
        },
        {
            "time": "08.07.2021 15:25",
            "open": "5.2347",
            "high": "5.2347",
            "low": "5.2346",
            "close": "5.2342"
        },
        {
            "time": "08.07.2021 15:26",
            "open": "5.2342",
            "high": "5.2342",
            "low": "5.2342",
            "close": "5.2568"
        },
        {
            "time": "08.07.2021 15:31",
            "open": "5.2568",
            "high": "5.2568",
            "low": "5.2558",
            "close": "5.2226"
        },
        {
            "time": "08.07.2021 15:32",
            "open": "5.2226",
            "high": "5.2226",
            "low": "5.2161",
            "close": "5.2128"
        },
        {
            "time": "08.07.2021 15:33",
            "open": "5.2128",
            "high": "5.2128",
            "low": "5.1966",
            "close": "5.2161"
        },
        {
            "time": "08.07.2021 15:34",
            "open": "5.2161",
            "high": "5.2161",
            "low": "5.2089",
            "close": "5.206"
        },
        {
            "time": "08.07.2021 15:36",
            "open": "5.206",
            "high": "5.206",
            "low": "5.204",
            "close": "5.1984"
        },
        {
            "time": "08.07.2021 15:38",
            "open": "5.1984",
            "high": "5.2001",
            "low": "5.1984",
            "close": "5.2014"
        },
        {
            "time": "08.07.2021 15:39",
            "open": "5.2014",
            "high": "5.2014",
            "low": "5.2014",
            "close": "5.2132"
        },
        {
            "time": "08.07.2021 15:40",
            "open": "5.2132",
            "high": "5.2146",
            "low": "5.2132",
            "close": "5.2147"
        },
        {
            "time": "08.07.2021 15:41",
            "open": "5.2147",
            "high": "5.2147",
            "low": "5.2108",
            "close": "5.1966"
        },
        {
            "time": "08.07.2021 15:43",
            "open": "5.1966",
            "high": "5.1966",
            "low": "5.1966",
            "close": "5.2062"
        },
        {
            "time": "08.07.2021 15:47",
            "open": "5.2062",
            "high": "5.2062",
            "low": "5.2062",
            "close": "5.2226"
        },
        {
            "time": "08.07.2021 15:51",
            "open": "5.2226",
            "high": "5.2226",
            "low": "5.2226",
            "close": "5.2122"
        },
        {
            "time": "08.07.2021 15:52",
            "open": "5.2122",
            "high": "5.2122",
            "low": "5.2122",
            "close": "5.1966"
        },
        {
            "time": "08.07.2021 15:53",
            "open": "5.1966",
            "high": "5.1967",
            "low": "5.1966",
            "close": "5.1928"
        },
        {
            "time": "08.07.2021 15:56",
            "open": "5.1928",
            "high": "5.1928",
            "low": "5.1928",
            "close": "5.1879"
        },
        {
            "time": "08.07.2021 15:57",
            "open": "5.1879",
            "high": "5.1879",
            "low": "5.1879",
            "close": "5.2226"
        },
        {
            "time": "08.07.2021 16:00",
            "open": "5.2226",
            "high": "5.23",
            "low": "5.2226",
            "close": "5.235"
        },
        {
            "time": "08.07.2021 16:01",
            "open": "5.235",
            "high": "5.235",
            "low": "5.235",
            "close": "5.2487"
        },
        {
            "time": "08.07.2021 16:06",
            "open": "5.2487",
            "high": "5.2518",
            "low": "5.2487",
            "close": "5.2441"
        },
        {
            "time": "08.07.2021 16:08",
            "open": "5.2441",
            "high": "5.2441",
            "low": "5.2441",
            "close": "5.2507"
        },
        {
            "time": "08.07.2021 16:10",
            "open": "5.2507",
            "high": "5.2507",
            "low": "5.2507",
            "close": "5.262"
        },
        {
            "time": "08.07.2021 16:14",
            "open": "5.262",
            "high": "5.262",
            "low": "5.262",
            "close": "5.2749"
        },
        {
            "time": "08.07.2021 16:17",
            "open": "5.2749",
            "high": "5.2749",
            "low": "5.2749",
            "close": "5.2807"
        },
        {
            "time": "08.07.2021 16:19",
            "open": "5.2807",
            "high": "5.2807",
            "low": "5.2807",
            "close": "5.2551"
        },
        {
            "time": "08.07.2021 16:20",
            "open": "5.2551",
            "high": "5.2692",
            "low": "5.2454",
            "close": "5.2458"
        },
        {
            "time": "08.07.2021 16:21",
            "open": "5.2458",
            "high": "5.2548",
            "low": "5.2458",
            "close": "5.2445"
        },
        {
            "time": "08.07.2021 16:22",
            "open": "5.2445",
            "high": "5.2445",
            "low": "5.2445",
            "close": "5.2226"
        },
        {
            "time": "08.07.2021 16:23",
            "open": "5.2226",
            "high": "5.2243",
            "low": "5.2226",
            "close": "5.2226"
        },
        {
            "time": "08.07.2021 16:24",
            "open": "5.2226",
            "high": "5.2226",
            "low": "5.2158",
            "close": "5.2325"
        },
        {
            "time": "08.07.2021 16:26",
            "open": "5.2325",
            "high": "5.2325",
            "low": "5.2325",
            "close": "5.2252"
        },
        {
            "time": "08.07.2021 16:27",
            "open": "5.2252",
            "high": "5.2252",
            "low": "5.2163",
            "close": "5.2343"
        },
        {
            "time": "08.07.2021 16:29",
            "open": "5.2343",
            "high": "5.2343",
            "low": "5.2343",
            "close": "5.2317"
        },
        {
            "time": "08.07.2021 16:34",
            "open": "5.2317",
            "high": "5.2317",
            "low": "5.2317",
            "close": "5.2292"
        },
        {
            "time": "08.07.2021 16:35",
            "open": "5.2292",
            "high": "5.2331",
            "low": "5.2292",
            "close": "5.2378"
        },
        {
            "time": "08.07.2021 16:37",
            "open": "5.2378",
            "high": "5.2378",
            "low": "5.2378",
            "close": "5.2127"
        },
        {
            "time": "08.07.2021 16:38",
            "open": "5.2127",
            "high": "5.2127",
            "low": "5.2111",
            "close": "5.2167"
        },
        {
            "time": "08.07.2021 16:46",
            "open": "5.2167",
            "high": "5.2167",
            "low": "5.2167",
            "close": "5.2004"
        },
        {
            "time": "08.07.2021 16:49",
            "open": "5.2004",
            "high": "5.2004",
            "low": "5.2004",
            "close": "5.1966"
        },
        {
            "time": "08.07.2021 16:50",
            "open": "5.1966",
            "high": "5.1966",
            "low": "5.1966",
            "close": "5.218"
        },
        {
            "time": "08.07.2021 16:57",
            "open": "5.218",
            "high": "5.2283",
            "low": "5.218",
            "close": "5.2425"
        },
        {
            "time": "08.07.2021 17:06",
            "open": "5.2425",
            "high": "5.2487",
            "low": "5.2425",
            "close": "5.2487"
        },
        {
            "time": "08.07.2021 17:07",
            "open": "5.2487",
            "high": "5.259",
            "low": "5.2487",
            "close": "5.2749"
        },
        {
            "time": "08.07.2021 17:10",
            "open": "5.2749",
            "high": "5.276",
            "low": "5.2749",
            "close": "5.2601"
        },
        {
            "time": "08.07.2021 17:11",
            "open": "5.2601",
            "high": "5.2601",
            "low": "5.2601",
            "close": "5.259"
        },
        {
            "time": "08.07.2021 17:12",
            "open": "5.259",
            "high": "5.259",
            "low": "5.259",
            "close": "5.2487"
        },
        {
            "time": "08.07.2021 17:13",
            "open": "5.2487",
            "high": "5.2487",
            "low": "5.2487",
            "close": "5.295"
        },
        {
            "time": "08.07.2021 17:21",
            "open": "5.295",
            "high": "5.2952",
            "low": "5.2939",
            "close": "5.3013"
        },
        {
            "time": "08.07.2021 17:22",
            "open": "5.3013",
            "high": "5.3134",
            "low": "5.3013",
            "close": "5.3123"
        },
        {
            "time": "08.07.2021 17:23",
            "open": "5.3123",
            "high": "5.3123",
            "low": "5.3123",
            "close": "5.3232"
        },
        {
            "time": "08.07.2021 17:25",
            "open": "5.3232",
            "high": "5.3278",
            "low": "5.3232",
            "close": "5.3278"
        },
        {
            "time": "08.07.2021 17:26",
            "open": "5.3278",
            "high": "5.3278",
            "low": "5.3278",
            "close": "5.3116"
        },
        {
            "time": "08.07.2021 17:30",
            "open": "5.3116",
            "high": "5.3116",
            "low": "5.2928",
            "close": "5.3052"
        },
        {
            "time": "08.07.2021 17:38",
            "open": "5.3052",
            "high": "5.3052",
            "low": "5.3052",
            "close": "5.3278"
        },
        {
            "time": "08.07.2021 17:50",
            "open": "5.3278",
            "high": "5.3278",
            "low": "5.3273",
            "close": "5.3185"
        },
        {
            "time": "08.07.2021 17:54",
            "open": "5.3185",
            "high": "5.3186",
            "low": "5.3185",
            "close": "5.3143"
        },
        {
            "time": "08.07.2021 17:55",
            "open": "5.3143",
            "high": "5.3143",
            "low": "5.3143",
            "close": "5.3329"
        },
        {
            "time": "08.07.2021 17:57",
            "open": "5.3329",
            "high": "5.3462",
            "low": "5.3329",
            "close": "5.346"
        },
        {
            "time": "08.07.2021 17:58",
            "open": "5.346",
            "high": "5.3516",
            "low": "5.346",
            "close": "5.3544"
        },
        {
            "time": "08.07.2021 17:59",
            "open": "5.3544",
            "high": "5.3562",
            "low": "5.353",
            "close": "5.3444"
        },
        {
            "time": "08.07.2021 18:00",
            "open": "5.3444",
            "high": "5.3444",
            "low": "5.3412",
            "close": "5.3278"
        },
        {
            "time": "08.07.2021 18:01",
            "open": "5.3278",
            "high": "5.3278",
            "low": "5.3261",
            "close": "5.3263"
        },
        {
            "time": "08.07.2021 18:05",
            "open": "5.3263",
            "high": "5.3454",
            "low": "5.3263",
            "close": "5.3148"
        },
        {
            "time": "08.07.2021 18:17",
            "open": "5.3148",
            "high": "5.3148",
            "low": "5.3013",
            "close": "5.3013"
        },
        {
            "time": "08.07.2021 18:18",
            "open": "5.3013",
            "high": "5.3013",
            "low": "5.3013",
            "close": "5.2816"
        },
        {
            "time": "08.07.2021 18:20",
            "open": "5.2816",
            "high": "5.2816",
            "low": "5.2815",
            "close": "5.2916"
        },
        {
            "time": "08.07.2021 18:21",
            "open": "5.2916",
            "high": "5.2916",
            "low": "5.2916",
            "close": "5.2959"
        },
        {
            "time": "08.07.2021 18:25",
            "open": "5.2959",
            "high": "5.2959",
            "low": "5.2959",
            "close": "5.2946"
        },
        {
            "time": "08.07.2021 18:26",
            "open": "5.2946",
            "high": "5.2946",
            "low": "5.2946",
            "close": "5.2985"
        },
        {
            "time": "08.07.2021 18:27",
            "open": "5.2985",
            "high": "5.2985",
            "low": "5.2985",
            "close": "5.2999"
        },
        {
            "time": "08.07.2021 18:29",
            "open": "5.2999",
            "high": "5.2999",
            "low": "5.2999",
            "close": "5.3114"
        },
        {
            "time": "08.07.2021 18:31",
            "open": "5.3114",
            "high": "5.3114",
            "low": "5.3114",
            "close": "5.3278"
        },
        {
            "time": "08.07.2021 18:33",
            "open": "5.3278",
            "high": "5.3278",
            "low": "5.3278",
            "close": "5.3489"
        },
        {
            "time": "08.07.2021 18:35",
            "open": "5.3489",
            "high": "5.3489",
            "low": "5.3489",
            "close": "5.3113"
        },
        {
            "time": "08.07.2021 18:39",
            "open": "5.3113",
            "high": "5.3113",
            "low": "5.3013",
            "close": "5.3013"
        },
        {
            "time": "08.07.2021 18:41",
            "open": "5.3013",
            "high": "5.3013",
            "low": "5.3013",
            "close": "5.2749"
        },
        {
            "time": "08.07.2021 18:43",
            "open": "5.2749",
            "high": "5.276",
            "low": "5.2749",
            "close": "5.2749"
        },
        {
            "time": "08.07.2021 18:44",
            "open": "5.2749",
            "high": "5.2749",
            "low": "5.2749",
            "close": "5.2698"
        },
        {
            "time": "08.07.2021 18:45",
            "open": "5.2698",
            "high": "5.2698",
            "low": "5.2698",
            "close": "5.2812"
        },
        {
            "time": "08.07.2021 18:46",
            "open": "5.2812",
            "high": "5.2885",
            "low": "5.2812",
            "close": "5.2884"
        },
        {
            "time": "08.07.2021 18:49",
            "open": "5.2884",
            "high": "5.2884",
            "low": "5.2884",
            "close": "5.3013"
        },
        {
            "time": "08.07.2021 18:50",
            "open": "5.3013",
            "high": "5.3013",
            "low": "5.3013",
            "close": "5.3009"
        },
        {
            "time": "08.07.2021 18:51",
            "open": "5.3009",
            "high": "5.3009",
            "low": "5.3009",
            "close": "5.2899"
        },
        {
            "time": "08.07.2021 18:54",
            "open": "5.2899",
            "high": "5.29",
            "low": "5.2899",
            "close": "5.2932"
        },
        {
            "time": "08.07.2021 18:55",
            "open": "5.2932",
            "high": "5.2932",
            "low": "5.2932",
            "close": "5.3278"
        },
        {
            "time": "08.07.2021 19:01",
            "open": "5.3278",
            "high": "5.3278",
            "low": "5.3278",
            "close": "5.3408"
        },
        {
            "time": "08.07.2021 19:04",
            "open": "5.3408",
            "high": "5.3408",
            "low": "5.3408",
            "close": "5.3175"
        },
        {
            "time": "08.07.2021 19:07",
            "open": "5.3175",
            "high": "5.3175",
            "low": "5.3175",
            "close": "5.3356"
        },
        {
            "time": "08.07.2021 19:10",
            "open": "5.3356",
            "high": "5.3356",
            "low": "5.3356",
            "close": "5.3132"
        },
        {
            "time": "08.07.2021 19:14",
            "open": "5.3132",
            "high": "5.3132",
            "low": "5.3013",
            "close": "5.3144"
        },
        {
            "time": "08.07.2021 19:16",
            "open": "5.3144",
            "high": "5.3227",
            "low": "5.3144",
            "close": "5.3013"
        },
        {
            "time": "08.07.2021 19:19",
            "open": "5.3013",
            "high": "5.3013",
            "low": "5.3013",
            "close": "5.3077"
        },
        {
            "time": "08.07.2021 19:23",
            "open": "5.3077",
            "high": "5.3201",
            "low": "5.3077",
            "close": "5.3149"
        },
        {
            "time": "08.07.2021 19:25",
            "open": "5.3149",
            "high": "5.3149",
            "low": "5.3149",
            "close": "5.3278"
        },
        {
            "time": "08.07.2021 19:26",
            "open": "5.3278",
            "high": "5.3278",
            "low": "5.3278",
            "close": "5.3469"
        },
        {
            "time": "08.07.2021 19:29",
            "open": "5.3469",
            "high": "5.3469",
            "low": "5.3469",
            "close": "5.3431"
        },
        {
            "time": "08.07.2021 19:30",
            "open": "5.3431",
            "high": "5.3431",
            "low": "5.3431",
            "close": "5.348"
        },
        {
            "time": "08.07.2021 19:31",
            "open": "5.348",
            "high": "5.348",
            "low": "5.3423",
            "close": "5.3486"
        },
        {
            "time": "08.07.2021 19:34",
            "open": "5.3486",
            "high": "5.3486",
            "low": "5.3447",
            "close": "5.3412"
        },
        {
            "time": "08.07.2021 19:35",
            "open": "5.3412",
            "high": "5.3412",
            "low": "5.3412",
            "close": "5.3544"
        },
        {
            "time": "08.07.2021 19:38",
            "open": "5.3544",
            "high": "5.3544",
            "low": "5.3525",
            "close": "5.355"
        },
        {
            "time": "08.07.2021 19:39",
            "open": "5.355",
            "high": "5.355",
            "low": "5.355",
            "close": "5.3474"
        },
        {
            "time": "08.07.2021 19:40",
            "open": "5.3474",
            "high": "5.3474",
            "low": "5.3474",
            "close": "5.3518"
        },
        {
            "time": "08.07.2021 19:41",
            "open": "5.3518",
            "high": "5.3518",
            "low": "5.3518",
            "close": "5.3411"
        },
        {
            "time": "08.07.2021 19:42",
            "open": "5.3411",
            "high": "5.3411",
            "low": "5.3411",
            "close": "5.3492"
        },
        {
            "time": "08.07.2021 19:51",
            "open": "5.3492",
            "high": "5.3492",
            "low": "5.3492",
            "close": "5.3426"
        },
        {
            "time": "08.07.2021 19:54",
            "open": "5.3426",
            "high": "5.3426",
            "low": "5.3426",
            "close": "5.3278"
        },
        {
            "time": "08.07.2021 19:58",
            "open": "5.3278",
            "high": "5.3278",
            "low": "5.3278",
            "close": "5.344"
        },
        {
            "time": "08.07.2021 20:00",
            "open": "5.344",
            "high": "5.344",
            "low": "5.344",
            "close": "5.3278"
        },
        {
            "time": "08.07.2021 20:04",
            "open": "5.3278",
            "high": "5.3278",
            "low": "5.3278",
            "close": "5.3199"
        },
        {
            "time": "08.07.2021 20:06",
            "open": "5.3199",
            "high": "5.3199",
            "low": "5.3199",
            "close": "5.3173"
        },
        {
            "time": "08.07.2021 20:07",
            "open": "5.3173",
            "high": "5.3173",
            "low": "5.3173",
            "close": "5.3013"
        },
        {
            "time": "08.07.2021 20:09",
            "open": "5.3013",
            "high": "5.3013",
            "low": "5.3013",
            "close": "5.3013"
        },
        {
            "time": "08.07.2021 20:11",
            "open": "5.3013",
            "high": "5.3013",
            "low": "5.2979",
            "close": "5.2924"
        },
        {
            "time": "08.07.2021 20:23",
            "open": "5.2924",
            "high": "5.2924",
            "low": "5.2924",
            "close": "5.2883"
        },
        {
            "time": "08.07.2021 20:29",
            "open": "5.2883",
            "high": "5.2883",
            "low": "5.2883",
            "close": "5.3018"
        },
        {
            "time": "08.07.2021 20:33",
            "open": "5.3018",
            "high": "5.3018",
            "low": "5.3018",
            "close": "5.3139"
        },
        {
            "time": "08.07.2021 20:36",
            "open": "5.3139",
            "high": "5.321",
            "low": "5.3139",
            "close": "5.3149"
        },
        {
            "time": "08.07.2021 20:43",
            "open": "5.3149",
            "high": "5.3149",
            "low": "5.3149",
            "close": "5.288"
        },
        {
            "time": "08.07.2021 20:55",
            "open": "5.288",
            "high": "5.288",
            "low": "5.288",
            "close": "5.2938"
        },
        {
            "time": "08.07.2021 21:03",
            "open": "5.2938",
            "high": "5.2938",
            "low": "5.2938",
            "close": "5.28"
        },
        {
            "time": "08.07.2021 21:04",
            "open": "5.28",
            "high": "5.28",
            "low": "5.28",
            "close": "5.2786"
        },
        {
            "time": "08.07.2021 21:05",
            "open": "5.2786",
            "high": "5.2786",
            "low": "5.2749",
            "close": "5.2749"
        },
        {
            "time": "08.07.2021 21:06",
            "open": "5.2749",
            "high": "5.2749",
            "low": "5.2689",
            "close": "5.2581"
        },
        {
            "time": "08.07.2021 21:08",
            "open": "5.2581",
            "high": "5.2581",
            "low": "5.2581",
            "close": "5.2487"
        },
        {
            "time": "08.07.2021 21:14",
            "open": "5.2487",
            "high": "5.2487",
            "low": "5.2431",
            "close": "5.2393"
        },
        {
            "time": "08.07.2021 21:15",
            "open": "5.2393",
            "high": "5.2393",
            "low": "5.2393",
            "close": "5.2291"
        },
        {
            "time": "08.07.2021 21:16",
            "open": "5.2291",
            "high": "5.2291",
            "low": "5.2291",
            "close": "5.23"
        },
        {
            "time": "08.07.2021 21:17",
            "open": "5.23",
            "high": "5.23",
            "low": "5.23",
            "close": "5.2554"
        },
        {
            "time": "08.07.2021 21:19",
            "open": "5.2554",
            "high": "5.2554",
            "low": "5.2554",
            "close": "5.2554"
        },
        {
            "time": "08.07.2021 21:20",
            "open": "5.2554",
            "high": "5.2554",
            "low": "5.2554",
            "close": "5.2749"
        },
        {
            "time": "08.07.2021 21:23",
            "open": "5.2749",
            "high": "5.2749",
            "low": "5.2749",
            "close": "5.3013"
        },
        {
            "time": "08.07.2021 21:25",
            "open": "5.3013",
            "high": "5.3013",
            "low": "5.3013",
            "close": "5.3013"
        },
        {
            "time": "08.07.2021 21:26",
            "open": "5.3013",
            "high": "5.3013",
            "low": "5.3013",
            "close": "5.3235"
        },
        {
            "time": "08.07.2021 21:29",
            "open": "5.3235",
            "high": "5.3235",
            "low": "5.3235",
            "close": "5.3278"
        },
        {
            "time": "08.07.2021 21:30",
            "open": "5.3278",
            "high": "5.3278",
            "low": "5.3278",
            "close": "5.3101"
        },
        {
            "time": "08.07.2021 21:31",
            "open": "5.3101",
            "high": "5.3101",
            "low": "5.3101",
            "close": "5.3106"
        },
        {
            "time": "08.07.2021 21:33",
            "open": "5.3106",
            "high": "5.3106",
            "low": "5.3106",
            "close": "5.3013"
        },
        {
            "time": "08.07.2021 21:34",
            "open": "5.3013",
            "high": "5.3013",
            "low": "5.3013",
            "close": "5.2997"
        },
        {
            "time": "08.07.2021 21:35",
            "open": "5.2997",
            "high": "5.2997",
            "low": "5.2997",
            "close": "5.2997"
        },
        {
            "time": "08.07.2021 21:36",
            "open": "5.2997",
            "high": "5.2997",
            "low": "5.2997",
            "close": "5.2806"
        },
        {
            "time": "08.07.2021 21:43",
            "open": "5.2806",
            "high": "5.2838",
            "low": "5.2806",
            "close": "5.2749"
        },
        {
            "time": "08.07.2021 21:44",
            "open": "5.2749",
            "high": "5.2749",
            "low": "5.2749",
            "close": "5.2749"
        },
        {
            "time": "08.07.2021 21:45",
            "open": "5.2749",
            "high": "5.2749",
            "low": "5.2749",
            "close": "5.2554"
        },
        {
            "time": "08.07.2021 21:49",
            "open": "5.2554",
            "high": "5.2554",
            "low": "5.2554",
            "close": "5.25"
        },
        {
            "time": "08.07.2021 21:50",
            "open": "5.25",
            "high": "5.2501",
            "low": "5.25",
            "close": "5.2487"
        },
        {
            "time": "08.07.2021 21:51",
            "open": "5.2487",
            "high": "5.2487",
            "low": "5.2487",
            "close": "5.2661"
        },
        {
            "time": "08.07.2021 21:52",
            "open": "5.2661",
            "high": "5.2661",
            "low": "5.2661",
            "close": "5.2749"
        },
        {
            "time": "08.07.2021 21:53",
            "open": "5.2749",
            "high": "5.2749",
            "low": "5.2749",
            "close": "5.3005"
        },
        {
            "time": "08.07.2021 21:55",
            "open": "5.3013",
            "high": "5.3278",
            "low": "5.3013",
            "close": "5.3278"
        },
        {
            "time": "08.07.2021 21:56",
            "open": "5.3278",
            "high": "5.3278",
            "low": "5.3278",
            "close": "5.3013"
        },
        {
            "time": "08.07.2021 22:01",
            "open": "5.3013",
            "high": "5.3013",
            "low": "5.2896",
            "close": "5.2749"
        },
        {
            "time": "08.07.2021 22:02",
            "open": "5.2749",
            "high": "5.2749",
            "low": "5.2749",
            "close": "5.2912"
        },
        {
            "time": "08.07.2021 22:03",
            "open": "5.2912",
            "high": "5.2912",
            "low": "5.2912",
            "close": "5.2857"
        },
        {
            "time": "08.07.2021 22:04",
            "open": "5.2857",
            "high": "5.2857",
            "low": "5.2857",
            "close": "5.2942"
        },
        {
            "time": "08.07.2021 22:05",
            "open": "5.2942",
            "high": "5.3004",
            "low": "5.2942",
            "close": "5.3013"
        },
        {
            "time": "08.07.2021 22:09",
            "open": "5.3013",
            "high": "5.3013",
            "low": "5.3013",
            "close": "5.2764"
        },
        {
            "time": "08.07.2021 22:15",
            "open": "5.2764",
            "high": "5.2764",
            "low": "5.2749",
            "close": "5.2749"
        },
        {
            "time": "08.07.2021 22:16",
            "open": "5.2749",
            "high": "5.2749",
            "low": "5.2722",
            "close": "5.2625"
        },
        {
            "time": "08.07.2021 22:28",
            "open": "5.2625",
            "high": "5.2625",
            "low": "5.2625",
            "close": "5.25"
        },
        {
            "time": "08.07.2021 22:36",
            "open": "5.25",
            "high": "5.25",
            "low": "5.2487",
            "close": "5.2487"
        },
        {
            "time": "08.07.2021 22:39",
            "open": "5.2487",
            "high": "5.2487",
            "low": "5.2487",
            "close": "5.2358"
        },
        {
            "time": "08.07.2021 22:41",
            "open": "5.2358",
            "high": "5.2358",
            "low": "5.2358",
            "close": "5.2366"
        },
        {
            "time": "08.07.2021 22:47",
            "open": "5.2366",
            "high": "5.2366",
            "low": "5.2366",
            "close": "5.2392"
        },
        {
            "time": "08.07.2021 22:54",
            "open": "5.2392",
            "high": "5.2392",
            "low": "5.2392",
            "close": "5.245"
        },
        {
            "time": "08.07.2021 22:55",
            "open": "5.245",
            "high": "5.2452",
            "low": "5.245",
            "close": "5.23"
        },
        {
            "time": "08.07.2021 22:57",
            "open": "5.23",
            "high": "5.23",
            "low": "5.2291",
            "close": "5.2226"
        },
        {
            "time": "08.07.2021 22:58",
            "open": "5.2226",
            "high": "5.2226",
            "low": "5.2226",
            "close": "5.2279"
        },
        {
            "time": "08.07.2021 23:01",
            "open": "5.2279",
            "high": "5.2279",
            "low": "5.2279",
            "close": "5.2487"
        },
        {
            "time": "08.07.2021 23:05",
            "open": "5.2487",
            "high": "5.2511",
            "low": "5.2487",
            "close": "5.2749"
        },
        {
            "time": "08.07.2021 23:07",
            "open": "5.2749",
            "high": "5.275",
            "low": "5.2749",
            "close": "5.278"
        },
        {
            "time": "08.07.2021 23:11",
            "open": "5.278",
            "high": "5.278",
            "low": "5.2688",
            "close": "5.2672"
        },
        {
            "time": "08.07.2021 23:14",
            "open": "5.2672",
            "high": "5.2672",
            "low": "5.2659",
            "close": "5.2487"
        },
        {
            "time": "08.07.2021 23:18",
            "open": "5.2487",
            "high": "5.2487",
            "low": "5.2487",
            "close": "5.2226"
        },
        {
            "time": "08.07.2021 23:19",
            "open": "5.2226",
            "high": "5.2226",
            "low": "5.2226",
            "close": "5.2487"
        },
        {
            "time": "08.07.2021 23:21",
            "open": "5.2487",
            "high": "5.251",
            "low": "5.2487",
            "close": "5.2749"
        },
        {
            "time": "08.07.2021 23:25",
            "open": "5.2749",
            "high": "5.2749",
            "low": "5.2749",
            "close": "5.2738"
        },
        {
            "time": "08.07.2021 23:28",
            "open": "5.2738",
            "high": "5.2738",
            "low": "5.2702",
            "close": "5.2606"
        },
        {
            "time": "08.07.2021 23:45",
            "open": "5.2606",
            "high": "5.2606",
            "low": "5.2606",
            "close": "5.2596"
        },
        {
            "time": "08.07.2021 23:47",
            "open": "5.2596",
            "high": "5.2596",
            "low": "5.2555",
            "close": "5.22"
        },
        {
            "time": "08.07.2021 23:50",
            "open": "5.22",
            "high": "5.22",
            "low": "5.22",
            "close": "5.22"
        },
        {
            "time": "08.07.2021 23:51",
            "open": "5.22",
            "high": "5.22",
            "low": "5.191",
            "close": "5.1901"
        },
        {
            "time": "08.07.2021 23:52",
            "open": "5.1901",
            "high": "5.1901",
            "low": "5.19",
            "close": "5.17"
        }
    ]
}