{
    "BAND-EUR": [
        {
            "time": "03.07.2021 23:59",
            "open": "4.7885",
            "high": "4.7885",
            "low": "4.7851",
            "close": "4.7877"
        },
        {
            "time": "04.07.2021 00:09",
            "open": "4.7877",
            "high": "4.7877",
            "low": "4.7877",
            "close": "4.8577"
        },
        {
            "time": "04.07.2021 00:23",
            "open": "4.8577",
            "high": "4.9109",
            "low": "4.8577",
            "close": "4.9127"
        },
        {
            "time": "04.07.2021 00:24",
            "open": "4.9127",
            "high": "4.9127",
            "low": "4.891",
            "close": "4.8977"
        },
        {
            "time": "04.07.2021 00:25",
            "open": "4.8977",
            "high": "4.8977",
            "low": "4.869",
            "close": "4.8298"
        },
        {
            "time": "04.07.2021 00:28",
            "open": "4.8298",
            "high": "4.8298",
            "low": "4.8298",
            "close": "4.8313"
        },
        {
            "time": "04.07.2021 00:30",
            "open": "4.8313",
            "high": "4.8313",
            "low": "4.8313",
            "close": "4.8313"
        },
        {
            "time": "04.07.2021 00:33",
            "open": "4.8313",
            "high": "4.8313",
            "low": "4.8313",
            "close": "4.8238"
        },
        {
            "time": "04.07.2021 00:34",
            "open": "4.8238",
            "high": "4.8238",
            "low": "4.8238",
            "close": "4.827"
        },
        {
            "time": "04.07.2021 00:35",
            "open": "4.827",
            "high": "4.827",
            "low": "4.827",
            "close": "4.8219"
        },
        {
            "time": "04.07.2021 00:42",
            "open": "4.8219",
            "high": "4.8219",
            "low": "4.8219",
            "close": "4.8146"
        },
        {
            "time": "04.07.2021 00:44",
            "open": "4.8146",
            "high": "4.8146",
            "low": "4.7931",
            "close": "4.7903"
        },
        {
            "time": "04.07.2021 00:45",
            "open": "4.7903",
            "high": "4.7903",
            "low": "4.7903",
            "close": "4.7929"
        },
        {
            "time": "04.07.2021 00:48",
            "open": "4.7929",
            "high": "4.7929",
            "low": "4.7929",
            "close": "4.7917"
        },
        {
            "time": "04.07.2021 00:58",
            "open": "4.7917",
            "high": "4.7917",
            "low": "4.7917",
            "close": "4.788"
        },
        {
            "time": "04.07.2021 01:01",
            "open": "4.788",
            "high": "4.788",
            "low": "4.7851",
            "close": "4.7851"
        },
        {
            "time": "04.07.2021 01:02",
            "open": "4.7851",
            "high": "4.7851",
            "low": "4.7851",
            "close": "4.7836"
        },
        {
            "time": "04.07.2021 01:03",
            "open": "4.7836",
            "high": "4.7836",
            "low": "4.7836",
            "close": "4.7836"
        },
        {
            "time": "04.07.2021 01:05",
            "open": "4.7836",
            "high": "4.7836",
            "low": "4.7836",
            "close": "4.7824"
        },
        {
            "time": "04.07.2021 01:06",
            "open": "4.7824",
            "high": "4.7824",
            "low": "4.7824",
            "close": "4.7758"
        },
        {
            "time": "04.07.2021 01:07",
            "open": "4.7758",
            "high": "4.7758",
            "low": "4.7758",
            "close": "4.7698"
        },
        {
            "time": "04.07.2021 01:09",
            "open": "4.7698",
            "high": "4.7698",
            "low": "4.7698",
            "close": "4.7655"
        },
        {
            "time": "04.07.2021 01:10",
            "open": "4.7655",
            "high": "4.7696",
            "low": "4.7637",
            "close": "4.7795"
        },
        {
            "time": "04.07.2021 01:14",
            "open": "4.7795",
            "high": "4.7795",
            "low": "4.7795",
            "close": "4.795"
        },
        {
            "time": "04.07.2021 01:21",
            "open": "4.795",
            "high": "4.8047",
            "low": "4.795",
            "close": "4.8192"
        },
        {
            "time": "04.07.2021 01:34",
            "open": "4.8192",
            "high": "4.8205",
            "low": "4.8192",
            "close": "4.8205"
        },
        {
            "time": "04.07.2021 01:35",
            "open": "4.8205",
            "high": "4.8205",
            "low": "4.8205",
            "close": "4.8368"
        },
        {
            "time": "04.07.2021 01:37",
            "open": "4.8368",
            "high": "4.8368",
            "low": "4.8368",
            "close": "4.8484"
        },
        {
            "time": "04.07.2021 02:01",
            "open": "4.8484",
            "high": "4.8523",
            "low": "4.8484",
            "close": "4.8624"
        },
        {
            "time": "04.07.2021 02:04",
            "open": "4.8624",
            "high": "4.8624",
            "low": "4.8523",
            "close": "4.8445"
        },
        {
            "time": "04.07.2021 02:08",
            "open": "4.8445",
            "high": "4.8445",
            "low": "4.8445",
            "close": "4.8436"
        },
        {
            "time": "04.07.2021 02:09",
            "open": "4.8436",
            "high": "4.8436",
            "low": "4.8436",
            "close": "4.8592"
        },
        {
            "time": "04.07.2021 02:21",
            "open": "4.8592",
            "high": "4.8592",
            "low": "4.8592",
            "close": "4.8343"
        },
        {
            "time": "04.07.2021 02:31",
            "open": "4.8343",
            "high": "4.8343",
            "low": "4.8343",
            "close": "4.8285"
        },
        {
            "time": "04.07.2021 02:33",
            "open": "4.8285",
            "high": "4.8285",
            "low": "4.8285",
            "close": "4.7911"
        },
        {
            "time": "04.07.2021 02:56",
            "open": "4.7911",
            "high": "4.7911",
            "low": "4.791",
            "close": "4.7889"
        },
        {
            "time": "04.07.2021 03:01",
            "open": "4.7889",
            "high": "4.7889",
            "low": "4.7889",
            "close": "4.7889"
        },
        {
            "time": "04.07.2021 03:03",
            "open": "4.7889",
            "high": "4.7889",
            "low": "4.7889",
            "close": "4.7738"
        },
        {
            "time": "04.07.2021 03:10",
            "open": "4.7738",
            "high": "4.7738",
            "low": "4.7738",
            "close": "4.7671"
        },
        {
            "time": "04.07.2021 03:25",
            "open": "4.7671",
            "high": "4.7671",
            "low": "4.7671",
            "close": "4.7814"
        },
        {
            "time": "04.07.2021 03:33",
            "open": "4.7814",
            "high": "4.7814",
            "low": "4.7814",
            "close": "4.7836"
        },
        {
            "time": "04.07.2021 03:39",
            "open": "4.7836",
            "high": "4.7836",
            "low": "4.7797",
            "close": "4.7797"
        },
        {
            "time": "04.07.2021 03:40",
            "open": "4.7797",
            "high": "4.7797",
            "low": "4.776",
            "close": "4.7712"
        },
        {
            "time": "04.07.2021 03:42",
            "open": "4.7712",
            "high": "4.7918",
            "low": "4.7712",
            "close": "4.7954"
        },
        {
            "time": "04.07.2021 03:43",
            "open": "4.7954",
            "high": "4.7984",
            "low": "4.7954",
            "close": "4.7678"
        },
        {
            "time": "04.07.2021 04:00",
            "open": "4.7678",
            "high": "4.7678",
            "low": "4.7678",
            "close": "4.81"
        },
        {
            "time": "04.07.2021 04:14",
            "open": "4.81",
            "high": "4.81",
            "low": "4.81",
            "close": "4.8235"
        },
        {
            "time": "04.07.2021 04:21",
            "open": "4.8235",
            "high": "4.8235",
            "low": "4.8235",
            "close": "4.85"
        },
        {
            "time": "04.07.2021 04:31",
            "open": "4.85",
            "high": "4.8505",
            "low": "4.85",
            "close": "4.8538"
        },
        {
            "time": "04.07.2021 04:34",
            "open": "4.8538",
            "high": "4.8538",
            "low": "4.8505",
            "close": "4.859"
        },
        {
            "time": "04.07.2021 04:38",
            "open": "4.859",
            "high": "4.8608",
            "low": "4.859",
            "close": "4.8888"
        },
        {
            "time": "04.07.2021 04:52",
            "open": "4.8888",
            "high": "4.8888",
            "low": "4.8888",
            "close": "4.8859"
        },
        {
            "time": "04.07.2021 04:53",
            "open": "4.8859",
            "high": "4.8859",
            "low": "4.8859",
            "close": "4.8912"
        },
        {
            "time": "04.07.2021 04:54",
            "open": "4.8912",
            "high": "4.8977",
            "low": "4.8912",
            "close": "4.9076"
        },
        {
            "time": "04.07.2021 04:57",
            "open": "4.9076",
            "high": "4.9076",
            "low": "4.9076",
            "close": "4.9076"
        },
        {
            "time": "04.07.2021 04:58",
            "open": "4.9076",
            "high": "4.9076",
            "low": "4.9076",
            "close": "4.9118"
        },
        {
            "time": "04.07.2021 05:00",
            "open": "4.9118",
            "high": "4.9118",
            "low": "4.9003",
            "close": "4.9091"
        },
        {
            "time": "04.07.2021 05:03",
            "open": "4.9091",
            "high": "4.9253",
            "low": "4.9091",
            "close": "4.9315"
        },
        {
            "time": "04.07.2021 05:05",
            "open": "4.9315",
            "high": "4.9393",
            "low": "4.9289",
            "close": "4.941"
        },
        {
            "time": "04.07.2021 05:06",
            "open": "4.941",
            "high": "4.941",
            "low": "4.941",
            "close": "4.9566"
        },
        {
            "time": "04.07.2021 05:10",
            "open": "4.9566",
            "high": "4.9566",
            "low": "4.9566",
            "close": "4.955"
        },
        {
            "time": "04.07.2021 05:12",
            "open": "4.955",
            "high": "4.955",
            "low": "4.9284",
            "close": "4.9338"
        },
        {
            "time": "04.07.2021 05:16",
            "open": "4.9338",
            "high": "4.9338",
            "low": "4.9338",
            "close": "4.9274"
        },
        {
            "time": "04.07.2021 05:21",
            "open": "4.9274",
            "high": "4.9274",
            "low": "4.9274",
            "close": "4.9241"
        },
        {
            "time": "04.07.2021 05:22",
            "open": "4.9241",
            "high": "4.9241",
            "low": "4.9241",
            "close": "4.9247"
        },
        {
            "time": "04.07.2021 05:25",
            "open": "4.9247",
            "high": "4.9247",
            "low": "4.9247",
            "close": "4.9219"
        },
        {
            "time": "04.07.2021 05:28",
            "open": "4.9219",
            "high": "4.9219",
            "low": "4.9183",
            "close": "4.9183"
        },
        {
            "time": "04.07.2021 05:31",
            "open": "4.9183",
            "high": "4.9183",
            "low": "4.9183",
            "close": "4.9203"
        },
        {
            "time": "04.07.2021 05:37",
            "open": "4.9203",
            "high": "4.9203",
            "low": "4.9203",
            "close": "4.9183"
        },
        {
            "time": "04.07.2021 05:45",
            "open": "4.9183",
            "high": "4.9183",
            "low": "4.9183",
            "close": "4.9566"
        },
        {
            "time": "04.07.2021 06:20",
            "open": "4.9566",
            "high": "4.9586",
            "low": "4.9566",
            "close": "4.9642"
        },
        {
            "time": "04.07.2021 06:33",
            "open": "4.9642",
            "high": "4.9645",
            "low": "4.9642",
            "close": "4.954"
        },
        {
            "time": "04.07.2021 06:35",
            "open": "4.954",
            "high": "4.954",
            "low": "4.954",
            "close": "4.949"
        },
        {
            "time": "04.07.2021 06:49",
            "open": "4.949",
            "high": "4.949",
            "low": "4.949",
            "close": "4.9534"
        },
        {
            "time": "04.07.2021 07:03",
            "open": "4.9534",
            "high": "4.9534",
            "low": "4.9534",
            "close": "4.9376"
        },
        {
            "time": "04.07.2021 07:08",
            "open": "4.9376",
            "high": "4.9377",
            "low": "4.9376",
            "close": "4.9337"
        },
        {
            "time": "04.07.2021 07:14",
            "open": "4.9337",
            "high": "4.9337",
            "low": "4.9337",
            "close": "4.9337"
        },
        {
            "time": "04.07.2021 07:15",
            "open": "4.9337",
            "high": "4.9337",
            "low": "4.9337",
            "close": "4.9842"
        },
        {
            "time": "04.07.2021 07:41",
            "open": "4.9842",
            "high": "4.9914",
            "low": "4.9842",
            "close": "4.9914"
        },
        {
            "time": "04.07.2021 07:42",
            "open": "4.9914",
            "high": "5",
            "low": "4.9914",
            "close": "5.0049"
        },
        {
            "time": "04.07.2021 07:43",
            "open": "5.0049",
            "high": "5.0061",
            "low": "5.0049",
            "close": "5.0249"
        },
        {
            "time": "04.07.2021 07:45",
            "open": "5.0249",
            "high": "5.0259",
            "low": "5.0249",
            "close": "5.0168"
        },
        {
            "time": "04.07.2021 07:47",
            "open": "5.0168",
            "high": "5.0168",
            "low": "5.0168",
            "close": "5.0124"
        },
        {
            "time": "04.07.2021 07:49",
            "open": "5.0124",
            "high": "5.0242",
            "low": "5.0124",
            "close": "5.037"
        },
        {
            "time": "04.07.2021 07:56",
            "open": "5.037",
            "high": "5.044",
            "low": "5.037",
            "close": "5.0439"
        },
        {
            "time": "04.07.2021 07:58",
            "open": "5.0439",
            "high": "5.0439",
            "low": "5.0439",
            "close": "5.044"
        },
        {
            "time": "04.07.2021 08:02",
            "open": "5.044",
            "high": "5.045",
            "low": "5.044",
            "close": "5.0167"
        },
        {
            "time": "04.07.2021 08:06",
            "open": "5.0167",
            "high": "5.0167",
            "low": "5.0014",
            "close": "5.0048"
        },
        {
            "time": "04.07.2021 08:10",
            "open": "5.0048",
            "high": "5.0048",
            "low": "5.0048",
            "close": "5.0119"
        },
        {
            "time": "04.07.2021 08:15",
            "open": "5.0119",
            "high": "5.0119",
            "low": "5.0119",
            "close": "5.0175"
        },
        {
            "time": "04.07.2021 08:23",
            "open": "5.0175",
            "high": "5.0175",
            "low": "5.0163",
            "close": "5.0201"
        },
        {
            "time": "04.07.2021 08:25",
            "open": "5.0201",
            "high": "5.0418",
            "low": "5.0201",
            "close": "5.0411"
        },
        {
            "time": "04.07.2021 08:26",
            "open": "5.0411",
            "high": "5.0411",
            "low": "5.0263",
            "close": "4.9991"
        },
        {
            "time": "04.07.2021 08:27",
            "open": "4.9991",
            "high": "4.9991",
            "low": "4.9853",
            "close": "5.019"
        },
        {
            "time": "04.07.2021 08:35",
            "open": "5.019",
            "high": "5.0251",
            "low": "5.019",
            "close": "5.045"
        },
        {
            "time": "04.07.2021 08:39",
            "open": "5.045",
            "high": "5.045",
            "low": "5.045",
            "close": "5.045"
        },
        {
            "time": "04.07.2021 08:40",
            "open": "5.045",
            "high": "5.05",
            "low": "5.045",
            "close": "5.0519"
        },
        {
            "time": "04.07.2021 08:41",
            "open": "5.0519",
            "high": "5.056",
            "low": "5.0519",
            "close": "5.0569"
        },
        {
            "time": "04.07.2021 08:42",
            "open": "5.0569",
            "high": "5.0569",
            "low": "5.055",
            "close": "5.055"
        },
        {
            "time": "04.07.2021 08:45",
            "open": "5.055",
            "high": "5.055",
            "low": "5.055",
            "close": "5.0452"
        },
        {
            "time": "04.07.2021 08:49",
            "open": "5.0452",
            "high": "5.0452",
            "low": "5.0452",
            "close": "5.059"
        },
        {
            "time": "04.07.2021 08:52",
            "open": "5.059",
            "high": "5.059",
            "low": "5.059",
            "close": "5.059"
        },
        {
            "time": "04.07.2021 08:55",
            "open": "5.059",
            "high": "5.077",
            "low": "5.059",
            "close": "5.0816"
        },
        {
            "time": "04.07.2021 08:56",
            "open": "5.0816",
            "high": "5.0866",
            "low": "5.0816",
            "close": "5.0917"
        },
        {
            "time": "04.07.2021 09:00",
            "open": "5.0917",
            "high": "5.1018",
            "low": "5.0917",
            "close": "5.1036"
        },
        {
            "time": "04.07.2021 09:01",
            "open": "5.1036",
            "high": "5.1036",
            "low": "5.0919",
            "close": "5.1037"
        },
        {
            "time": "04.07.2021 09:02",
            "open": "5.1037",
            "high": "5.1064",
            "low": "5.1037",
            "close": "5.1064"
        },
        {
            "time": "04.07.2021 09:03",
            "open": "5.1064",
            "high": "5.1192",
            "low": "5.1064",
            "close": "5.1181"
        },
        {
            "time": "04.07.2021 09:08",
            "open": "5.1181",
            "high": "5.1181",
            "low": "5.1181",
            "close": "5.1064"
        },
        {
            "time": "04.07.2021 09:09",
            "open": "5.1064",
            "high": "5.1064",
            "low": "5.0948",
            "close": "5.1165"
        },
        {
            "time": "04.07.2021 09:11",
            "open": "5.1165",
            "high": "5.1207",
            "low": "5.1165",
            "close": "5.1148"
        },
        {
            "time": "04.07.2021 09:12",
            "open": "5.1148",
            "high": "5.1148",
            "low": "5.1148",
            "close": "5.1117"
        },
        {
            "time": "04.07.2021 09:13",
            "open": "5.1117",
            "high": "5.1117",
            "low": "5.1116",
            "close": "5.1008"
        },
        {
            "time": "04.07.2021 09:15",
            "open": "5.1008",
            "high": "5.104",
            "low": "5.1008",
            "close": "5.113"
        },
        {
            "time": "04.07.2021 09:16",
            "open": "5.113",
            "high": "5.113",
            "low": "5.113",
            "close": "5.1077"
        },
        {
            "time": "04.07.2021 09:17",
            "open": "5.1077",
            "high": "5.1077",
            "low": "5.1077",
            "close": "5.124"
        },
        {
            "time": "04.07.2021 09:22",
            "open": "5.124",
            "high": "5.124",
            "low": "5.124",
            "close": "5.1241"
        },
        {
            "time": "04.07.2021 09:24",
            "open": "5.1241",
            "high": "5.1291",
            "low": "5.1241",
            "close": "5.1291"
        },
        {
            "time": "04.07.2021 09:25",
            "open": "5.1291",
            "high": "5.15",
            "low": "5.1291",
            "close": "5.1513"
        },
        {
            "time": "04.07.2021 09:26",
            "open": "5.1513",
            "high": "5.152",
            "low": "5.1411",
            "close": "5.1396"
        },
        {
            "time": "04.07.2021 09:27",
            "open": "5.1396",
            "high": "5.1413",
            "low": "5.1396",
            "close": "5.143"
        },
        {
            "time": "04.07.2021 09:29",
            "open": "5.143",
            "high": "5.143",
            "low": "5.143",
            "close": "5.143"
        },
        {
            "time": "04.07.2021 09:31",
            "open": "5.143",
            "high": "5.143",
            "low": "5.143",
            "close": "5.143"
        },
        {
            "time": "04.07.2021 09:32",
            "open": "5.143",
            "high": "5.143",
            "low": "5.143",
            "close": "5.1496"
        },
        {
            "time": "04.07.2021 09:34",
            "open": "5.1496",
            "high": "5.1496",
            "low": "5.1496",
            "close": "5.1574"
        },
        {
            "time": "04.07.2021 09:35",
            "open": "5.1574",
            "high": "5.1637",
            "low": "5.1574",
            "close": "5.1639"
        },
        {
            "time": "04.07.2021 09:38",
            "open": "5.1639",
            "high": "5.1639",
            "low": "5.1639",
            "close": "5.17"
        },
        {
            "time": "04.07.2021 09:39",
            "open": "5.17",
            "high": "5.17",
            "low": "5.17",
            "close": "5.1667"
        },
        {
            "time": "04.07.2021 09:41",
            "open": "5.1667",
            "high": "5.1667",
            "low": "5.1556",
            "close": "5.143"
        },
        {
            "time": "04.07.2021 09:49",
            "open": "5.143",
            "high": "5.143",
            "low": "5.1381",
            "close": "5.1493"
        },
        {
            "time": "04.07.2021 09:50",
            "open": "5.1493",
            "high": "5.1497",
            "low": "5.1493",
            "close": "5.1601"
        },
        {
            "time": "04.07.2021 09:52",
            "open": "5.1601",
            "high": "5.1601",
            "low": "5.1573",
            "close": "5.1568"
        },
        {
            "time": "04.07.2021 09:54",
            "open": "5.1568",
            "high": "5.1568",
            "low": "5.1568",
            "close": "5.17"
        },
        {
            "time": "04.07.2021 09:55",
            "open": "5.17",
            "high": "5.17",
            "low": "5.17",
            "close": "5.1678"
        },
        {
            "time": "04.07.2021 10:00",
            "open": "5.1678",
            "high": "5.1678",
            "low": "5.1678",
            "close": "5.1678"
        },
        {
            "time": "04.07.2021 10:01",
            "open": "5.1678",
            "high": "5.1678",
            "low": "5.1678",
            "close": "5.1678"
        },
        {
            "time": "04.07.2021 10:02",
            "open": "5.1678",
            "high": "5.1678",
            "low": "5.1631",
            "close": "5.1588"
        },
        {
            "time": "04.07.2021 10:03",
            "open": "5.1588",
            "high": "5.1588",
            "low": "5.1588",
            "close": "5.1433"
        },
        {
            "time": "04.07.2021 10:06",
            "open": "5.1433",
            "high": "5.1433",
            "low": "5.1433",
            "close": "5.1344"
        },
        {
            "time": "04.07.2021 10:08",
            "open": "5.1344",
            "high": "5.1344",
            "low": "5.1344",
            "close": "5.162"
        },
        {
            "time": "04.07.2021 10:10",
            "open": "5.162",
            "high": "5.162",
            "low": "5.162",
            "close": "5.1578"
        },
        {
            "time": "04.07.2021 10:11",
            "open": "5.1578",
            "high": "5.1578",
            "low": "5.1578",
            "close": "5.1845"
        },
        {
            "time": "04.07.2021 10:17",
            "open": "5.1845",
            "high": "5.189",
            "low": "5.1845",
            "close": "5.189"
        },
        {
            "time": "04.07.2021 10:18",
            "open": "5.189",
            "high": "5.222",
            "low": "5.189",
            "close": "5.2108"
        },
        {
            "time": "04.07.2021 10:19",
            "open": "5.2108",
            "high": "5.2108",
            "low": "5.2005",
            "close": "5.2045"
        },
        {
            "time": "04.07.2021 10:20",
            "open": "5.2045",
            "high": "5.2045",
            "low": "5.2042",
            "close": "5.2067"
        },
        {
            "time": "04.07.2021 10:21",
            "open": "5.2067",
            "high": "5.2067",
            "low": "5.2",
            "close": "5.2"
        },
        {
            "time": "04.07.2021 10:22",
            "open": "5.2",
            "high": "5.2",
            "low": "5.1848",
            "close": "5.1848"
        },
        {
            "time": "04.07.2021 10:27",
            "open": "5.1848",
            "high": "5.1848",
            "low": "5.1829",
            "close": "5.179"
        },
        {
            "time": "04.07.2021 10:31",
            "open": "5.179",
            "high": "5.179",
            "low": "5.179",
            "close": "5.1901"
        },
        {
            "time": "04.07.2021 10:33",
            "open": "5.1901",
            "high": "5.1901",
            "low": "5.1901",
            "close": "5.2008"
        },
        {
            "time": "04.07.2021 10:37",
            "open": "5.2008",
            "high": "5.2008",
            "low": "5.2008",
            "close": "5.2078"
        },
        {
            "time": "04.07.2021 10:39",
            "open": "5.2078",
            "high": "5.2078",
            "low": "5.202",
            "close": "5.1918"
        },
        {
            "time": "04.07.2021 10:41",
            "open": "5.1918",
            "high": "5.1918",
            "low": "5.1918",
            "close": "5.1822"
        },
        {
            "time": "04.07.2021 10:47",
            "open": "5.1822",
            "high": "5.1822",
            "low": "5.1822",
            "close": "5.1885"
        },
        {
            "time": "04.07.2021 10:50",
            "open": "5.1885",
            "high": "5.1885",
            "low": "5.1885",
            "close": "5.1908"
        },
        {
            "time": "04.07.2021 10:52",
            "open": "5.1908",
            "high": "5.1908",
            "low": "5.1908",
            "close": "5.1877"
        },
        {
            "time": "04.07.2021 10:59",
            "open": "5.1877",
            "high": "5.1877",
            "low": "5.1863",
            "close": "5.1833"
        },
        {
            "time": "04.07.2021 11:00",
            "open": "5.1833",
            "high": "5.1833",
            "low": "5.1833",
            "close": "5.179"
        },
        {
            "time": "04.07.2021 11:01",
            "open": "5.179",
            "high": "5.179",
            "low": "5.179",
            "close": "5.164"
        },
        {
            "time": "04.07.2021 11:04",
            "open": "5.164",
            "high": "5.164",
            "low": "5.164",
            "close": "5.1241"
        },
        {
            "time": "04.07.2021 11:06",
            "open": "5.1241",
            "high": "5.1241",
            "low": "5.1241",
            "close": "5.1273"
        },
        {
            "time": "04.07.2021 11:07",
            "open": "5.1273",
            "high": "5.1273",
            "low": "5.1273",
            "close": "5.138"
        },
        {
            "time": "04.07.2021 11:08",
            "open": "5.138",
            "high": "5.138",
            "low": "5.138",
            "close": "5.1377"
        },
        {
            "time": "04.07.2021 11:10",
            "open": "5.1377",
            "high": "5.1377",
            "low": "5.1341",
            "close": "5.1439"
        },
        {
            "time": "04.07.2021 11:13",
            "open": "5.1439",
            "high": "5.1439",
            "low": "5.1439",
            "close": "5.1502"
        },
        {
            "time": "04.07.2021 11:18",
            "open": "5.1502",
            "high": "5.1555",
            "low": "5.15",
            "close": "5.1441"
        },
        {
            "time": "04.07.2021 11:19",
            "open": "5.1441",
            "high": "5.1441",
            "low": "5.127",
            "close": "5.1368"
        },
        {
            "time": "04.07.2021 11:23",
            "open": "5.1368",
            "high": "5.1368",
            "low": "5.1368",
            "close": "5.146"
        },
        {
            "time": "04.07.2021 11:27",
            "open": "5.146",
            "high": "5.146",
            "low": "5.146",
            "close": "5.1459"
        },
        {
            "time": "04.07.2021 11:31",
            "open": "5.1459",
            "high": "5.1459",
            "low": "5.1459",
            "close": "5.128"
        },
        {
            "time": "04.07.2021 11:32",
            "open": "5.128",
            "high": "5.128",
            "low": "5.128",
            "close": "5.1185"
        },
        {
            "time": "04.07.2021 11:33",
            "open": "5.1185",
            "high": "5.1185",
            "low": "5.1185",
            "close": "5.1264"
        },
        {
            "time": "04.07.2021 11:34",
            "open": "5.1264",
            "high": "5.1264",
            "low": "5.1255",
            "close": "5.1263"
        },
        {
            "time": "04.07.2021 11:35",
            "open": "5.1263",
            "high": "5.1263",
            "low": "5.1263",
            "close": "5.1263"
        },
        {
            "time": "04.07.2021 11:39",
            "open": "5.1263",
            "high": "5.1263",
            "low": "5.1263",
            "close": "5.1262"
        },
        {
            "time": "04.07.2021 11:41",
            "open": "5.1262",
            "high": "5.1262",
            "low": "5.1262",
            "close": "5.1374"
        },
        {
            "time": "04.07.2021 11:45",
            "open": "5.1374",
            "high": "5.1374",
            "low": "5.1374",
            "close": "5.1285"
        },
        {
            "time": "04.07.2021 11:49",
            "open": "5.1285",
            "high": "5.1285",
            "low": "5.1285",
            "close": "5.1324"
        },
        {
            "time": "04.07.2021 11:52",
            "open": "5.1324",
            "high": "5.1324",
            "low": "5.1324",
            "close": "5.146"
        },
        {
            "time": "04.07.2021 11:58",
            "open": "5.146",
            "high": "5.146",
            "low": "5.146",
            "close": "5.1497"
        },
        {
            "time": "04.07.2021 11:59",
            "open": "5.1497",
            "high": "5.1497",
            "low": "5.139",
            "close": "5.1417"
        },
        {
            "time": "04.07.2021 12:01",
            "open": "5.1417",
            "high": "5.1417",
            "low": "5.1404",
            "close": "5.1421"
        },
        {
            "time": "04.07.2021 12:03",
            "open": "5.1421",
            "high": "5.1421",
            "low": "5.1421",
            "close": "5.1422"
        },
        {
            "time": "04.07.2021 12:04",
            "open": "5.1422",
            "high": "5.1422",
            "low": "5.1422",
            "close": "5.1281"
        },
        {
            "time": "04.07.2021 12:08",
            "open": "5.1281",
            "high": "5.1281",
            "low": "5.1281",
            "close": "5.1359"
        },
        {
            "time": "04.07.2021 12:11",
            "open": "5.1359",
            "high": "5.1359",
            "low": "5.1359",
            "close": "5.1271"
        },
        {
            "time": "04.07.2021 12:15",
            "open": "5.1271",
            "high": "5.1271",
            "low": "5.1259",
            "close": "5.1165"
        },
        {
            "time": "04.07.2021 12:31",
            "open": "5.1165",
            "high": "5.1165",
            "low": "5.1165",
            "close": "5.1165"
        },
        {
            "time": "04.07.2021 12:33",
            "open": "5.1165",
            "high": "5.1165",
            "low": "5.1165",
            "close": "5.1158"
        },
        {
            "time": "04.07.2021 12:40",
            "open": "5.1158",
            "high": "5.1158",
            "low": "5.1158",
            "close": "5.1192"
        },
        {
            "time": "04.07.2021 12:41",
            "open": "5.1192",
            "high": "5.1192",
            "low": "5.1192",
            "close": "5.1227"
        },
        {
            "time": "04.07.2021 12:44",
            "open": "5.1227",
            "high": "5.1227",
            "low": "5.1185",
            "close": "5.1205"
        },
        {
            "time": "04.07.2021 12:48",
            "open": "5.1205",
            "high": "5.1205",
            "low": "5.1185",
            "close": "5.1215"
        },
        {
            "time": "04.07.2021 12:55",
            "open": "5.1215",
            "high": "5.1215",
            "low": "5.1215",
            "close": "5.1347"
        },
        {
            "time": "04.07.2021 12:57",
            "open": "5.1347",
            "high": "5.1347",
            "low": "5.1347",
            "close": "5.1324"
        },
        {
            "time": "04.07.2021 12:58",
            "open": "5.1324",
            "high": "5.1324",
            "low": "5.1324",
            "close": "5.1306"
        },
        {
            "time": "04.07.2021 13:03",
            "open": "5.1306",
            "high": "5.1306",
            "low": "5.1306",
            "close": "5.12"
        },
        {
            "time": "04.07.2021 13:20",
            "open": "5.12",
            "high": "5.12",
            "low": "5.12",
            "close": "5.1067"
        },
        {
            "time": "04.07.2021 13:21",
            "open": "5.1067",
            "high": "5.1067",
            "low": "5.0963",
            "close": "5.0908"
        },
        {
            "time": "04.07.2021 13:22",
            "open": "5.0908",
            "high": "5.0977",
            "low": "5.0905",
            "close": "5.1124"
        },
        {
            "time": "04.07.2021 13:36",
            "open": "5.1124",
            "high": "5.1124",
            "low": "5.1124",
            "close": "5.1124"
        },
        {
            "time": "04.07.2021 13:48",
            "open": "5.1124",
            "high": "5.1124",
            "low": "5.1124",
            "close": "5.0977"
        },
        {
            "time": "04.07.2021 13:52",
            "open": "5.0977",
            "high": "5.0977",
            "low": "5.0977",
            "close": "5.1053"
        },
        {
            "time": "04.07.2021 13:57",
            "open": "5.1053",
            "high": "5.1492",
            "low": "5.1053",
            "close": "5.1483"
        },
        {
            "time": "04.07.2021 13:58",
            "open": "5.1483",
            "high": "5.1483",
            "low": "5.1422",
            "close": "5.1583"
        },
        {
            "time": "04.07.2021 13:59",
            "open": "5.1583",
            "high": "5.1583",
            "low": "5.1583",
            "close": "5.1815"
        },
        {
            "time": "04.07.2021 14:03",
            "open": "5.1815",
            "high": "5.1837",
            "low": "5.1815",
            "close": "5.1905"
        },
        {
            "time": "04.07.2021 14:04",
            "open": "5.1905",
            "high": "5.1998",
            "low": "5.1905",
            "close": "5.209"
        },
        {
            "time": "04.07.2021 14:05",
            "open": "5.209",
            "high": "5.2101",
            "low": "5.209",
            "close": "5.2036"
        },
        {
            "time": "04.07.2021 14:06",
            "open": "5.2036",
            "high": "5.2036",
            "low": "5.2032",
            "close": "5.1815"
        },
        {
            "time": "04.07.2021 14:08",
            "open": "5.1815",
            "high": "5.1939",
            "low": "5.1815",
            "close": "5.1644"
        },
        {
            "time": "04.07.2021 14:19",
            "open": "5.1644",
            "high": "5.1672",
            "low": "5.1644",
            "close": "5.1748"
        },
        {
            "time": "04.07.2021 14:23",
            "open": "5.1748",
            "high": "5.1748",
            "low": "5.1748",
            "close": "5.1767"
        },
        {
            "time": "04.07.2021 14:26",
            "open": "5.1767",
            "high": "5.1767",
            "low": "5.1654",
            "close": "5.1671"
        },
        {
            "time": "04.07.2021 14:28",
            "open": "5.1671",
            "high": "5.1671",
            "low": "5.159",
            "close": "5.1736"
        },
        {
            "time": "04.07.2021 14:30",
            "open": "5.1736",
            "high": "5.1736",
            "low": "5.1736",
            "close": "5.1836"
        },
        {
            "time": "04.07.2021 14:31",
            "open": "5.1836",
            "high": "5.1836",
            "low": "5.1836",
            "close": "5.1836"
        },
        {
            "time": "04.07.2021 14:32",
            "open": "5.1836",
            "high": "5.1836",
            "low": "5.1836",
            "close": "5.1778"
        },
        {
            "time": "04.07.2021 14:33",
            "open": "5.1778",
            "high": "5.1778",
            "low": "5.1726",
            "close": "5.1726"
        },
        {
            "time": "04.07.2021 14:36",
            "open": "5.1726",
            "high": "5.1726",
            "low": "5.1726",
            "close": "5.165"
        },
        {
            "time": "04.07.2021 14:37",
            "open": "5.165",
            "high": "5.165",
            "low": "5.165",
            "close": "5.1718"
        },
        {
            "time": "04.07.2021 14:38",
            "open": "5.1718",
            "high": "5.1718",
            "low": "5.1718",
            "close": "5.1679"
        },
        {
            "time": "04.07.2021 14:40",
            "open": "5.1679",
            "high": "5.172",
            "low": "5.1679",
            "close": "5.1681"
        },
        {
            "time": "04.07.2021 14:43",
            "open": "5.1681",
            "high": "5.1681",
            "low": "5.1681",
            "close": "5.1681"
        },
        {
            "time": "04.07.2021 14:45",
            "open": "5.1681",
            "high": "5.1681",
            "low": "5.1681",
            "close": "5.1775"
        },
        {
            "time": "04.07.2021 14:46",
            "open": "5.1775",
            "high": "5.1775",
            "low": "5.1775",
            "close": "5.1783"
        },
        {
            "time": "04.07.2021 14:49",
            "open": "5.1783",
            "high": "5.1783",
            "low": "5.1754",
            "close": "5.1929"
        },
        {
            "time": "04.07.2021 14:51",
            "open": "5.1929",
            "high": "5.1929",
            "low": "5.1929",
            "close": "5.1598"
        },
        {
            "time": "04.07.2021 14:54",
            "open": "5.1598",
            "high": "5.1598",
            "low": "5.1577",
            "close": "5.1393"
        },
        {
            "time": "04.07.2021 14:55",
            "open": "5.1393",
            "high": "5.1393",
            "low": "5.1383",
            "close": "5.1067"
        },
        {
            "time": "04.07.2021 14:56",
            "open": "5.1067",
            "high": "5.1067",
            "low": "5.0783",
            "close": "5.102"
        },
        {
            "time": "04.07.2021 14:57",
            "open": "5.102",
            "high": "5.102",
            "low": "5.102",
            "close": "5.1115"
        },
        {
            "time": "04.07.2021 14:58",
            "open": "5.1115",
            "high": "5.1137",
            "low": "5.1037",
            "close": "5.0967"
        },
        {
            "time": "04.07.2021 14:59",
            "open": "5.0967",
            "high": "5.0967",
            "low": "5.0967",
            "close": "5.101"
        },
        {
            "time": "04.07.2021 15:00",
            "open": "5.101",
            "high": "5.103",
            "low": "5.101",
            "close": "5.12"
        },
        {
            "time": "04.07.2021 15:01",
            "open": "5.12",
            "high": "5.12",
            "low": "5.12",
            "close": "5.144"
        },
        {
            "time": "04.07.2021 15:05",
            "open": "5.144",
            "high": "5.144",
            "low": "5.144",
            "close": "5.1485"
        },
        {
            "time": "04.07.2021 15:06",
            "open": "5.1485",
            "high": "5.1485",
            "low": "5.1401",
            "close": "5.1232"
        },
        {
            "time": "04.07.2021 15:07",
            "open": "5.1232",
            "high": "5.1232",
            "low": "5.1183",
            "close": "5.1262"
        },
        {
            "time": "04.07.2021 15:08",
            "open": "5.1262",
            "high": "5.1476",
            "low": "5.1262",
            "close": "5.1476"
        },
        {
            "time": "04.07.2021 15:09",
            "open": "5.1476",
            "high": "5.1607",
            "low": "5.1476",
            "close": "5.1475"
        },
        {
            "time": "04.07.2021 15:10",
            "open": "5.1475",
            "high": "5.1602",
            "low": "5.1475",
            "close": "5.1638"
        },
        {
            "time": "04.07.2021 15:11",
            "open": "5.1638",
            "high": "5.1638",
            "low": "5.1638",
            "close": "5.1718"
        },
        {
            "time": "04.07.2021 15:12",
            "open": "5.1718",
            "high": "5.1718",
            "low": "5.1718",
            "close": "5.1763"
        },
        {
            "time": "04.07.2021 15:13",
            "open": "5.1763",
            "high": "5.1763",
            "low": "5.1736",
            "close": "5.1736"
        },
        {
            "time": "04.07.2021 15:14",
            "open": "5.1736",
            "high": "5.1736",
            "low": "5.1736",
            "close": "5.1736"
        },
        {
            "time": "04.07.2021 15:15",
            "open": "5.1736",
            "high": "5.1762",
            "low": "5.1674",
            "close": "5.1958"
        },
        {
            "time": "04.07.2021 15:16",
            "open": "5.1958",
            "high": "5.2014",
            "low": "5.1958",
            "close": "5.1994"
        },
        {
            "time": "04.07.2021 15:17",
            "open": "5.1994",
            "high": "5.1994",
            "low": "5.1903",
            "close": "5.209"
        },
        {
            "time": "04.07.2021 15:20",
            "open": "5.209",
            "high": "5.222",
            "low": "5.209",
            "close": "5.2259"
        },
        {
            "time": "04.07.2021 15:21",
            "open": "5.2259",
            "high": "5.2296",
            "low": "5.2259",
            "close": "5.2439"
        },
        {
            "time": "04.07.2021 15:22",
            "open": "5.2439",
            "high": "5.2439",
            "low": "5.2388",
            "close": "5.2253"
        },
        {
            "time": "04.07.2021 15:23",
            "open": "5.2253",
            "high": "5.2253",
            "low": "5.2102",
            "close": "5.2257"
        },
        {
            "time": "04.07.2021 15:24",
            "open": "5.2257",
            "high": "5.2257",
            "low": "5.2257",
            "close": "5.2188"
        },
        {
            "time": "04.07.2021 15:25",
            "open": "5.2188",
            "high": "5.2188",
            "low": "5.2153",
            "close": "5.1956"
        },
        {
            "time": "04.07.2021 15:26",
            "open": "5.1956",
            "high": "5.1956",
            "low": "5.1924",
            "close": "5.1817"
        },
        {
            "time": "04.07.2021 15:27",
            "open": "5.1817",
            "high": "5.189",
            "low": "5.1817",
            "close": "5.1976"
        },
        {
            "time": "04.07.2021 15:28",
            "open": "5.1976",
            "high": "5.1976",
            "low": "5.1957",
            "close": "5.1957"
        },
        {
            "time": "04.07.2021 15:31",
            "open": "5.1957",
            "high": "5.1961",
            "low": "5.1957",
            "close": "5.1961"
        },
        {
            "time": "04.07.2021 15:32",
            "open": "5.1961",
            "high": "5.1961",
            "low": "5.1945",
            "close": "5.1945"
        },
        {
            "time": "04.07.2021 15:33",
            "open": "5.1945",
            "high": "5.1945",
            "low": "5.1945",
            "close": "5.1922"
        },
        {
            "time": "04.07.2021 15:34",
            "open": "5.1922",
            "high": "5.1922",
            "low": "5.1907",
            "close": "5.1831"
        },
        {
            "time": "04.07.2021 15:35",
            "open": "5.1831",
            "high": "5.192",
            "low": "5.1831",
            "close": "5.1858"
        },
        {
            "time": "04.07.2021 15:39",
            "open": "5.1858",
            "high": "5.1858",
            "low": "5.1858",
            "close": "5.1781"
        },
        {
            "time": "04.07.2021 15:40",
            "open": "5.1781",
            "high": "5.1781",
            "low": "5.168",
            "close": "5.1647"
        },
        {
            "time": "04.07.2021 15:41",
            "open": "5.1647",
            "high": "5.1685",
            "low": "5.1647",
            "close": "5.1718"
        },
        {
            "time": "04.07.2021 15:43",
            "open": "5.1718",
            "high": "5.1718",
            "low": "5.1717",
            "close": "5.1585"
        },
        {
            "time": "04.07.2021 15:45",
            "open": "5.1585",
            "high": "5.1585",
            "low": "5.1572",
            "close": "5.171"
        },
        {
            "time": "04.07.2021 15:46",
            "open": "5.171",
            "high": "5.171",
            "low": "5.1578",
            "close": "5.1576"
        },
        {
            "time": "04.07.2021 15:47",
            "open": "5.1576",
            "high": "5.1683",
            "low": "5.1576",
            "close": "5.1748"
        },
        {
            "time": "04.07.2021 15:50",
            "open": "5.1748",
            "high": "5.1748",
            "low": "5.1748",
            "close": "5.1775"
        },
        {
            "time": "04.07.2021 15:51",
            "open": "5.1775",
            "high": "5.1775",
            "low": "5.1747",
            "close": "5.1689"
        },
        {
            "time": "04.07.2021 15:54",
            "open": "5.1689",
            "high": "5.1689",
            "low": "5.1689",
            "close": "5.1519"
        },
        {
            "time": "04.07.2021 15:58",
            "open": "5.1519",
            "high": "5.1519",
            "low": "5.1519",
            "close": "5.149"
        },
        {
            "time": "04.07.2021 16:00",
            "open": "5.149",
            "high": "5.1506",
            "low": "5.149",
            "close": "5.1496"
        },
        {
            "time": "04.07.2021 16:01",
            "open": "5.1496",
            "high": "5.1496",
            "low": "5.1496",
            "close": "5.1397"
        },
        {
            "time": "04.07.2021 16:03",
            "open": "5.1397",
            "high": "5.1587",
            "low": "5.1397",
            "close": "5.1448"
        },
        {
            "time": "04.07.2021 16:04",
            "open": "5.1448",
            "high": "5.1448",
            "low": "5.1448",
            "close": "5.1662"
        },
        {
            "time": "04.07.2021 16:07",
            "open": "5.1662",
            "high": "5.1662",
            "low": "5.1662",
            "close": "5.1632"
        },
        {
            "time": "04.07.2021 16:08",
            "open": "5.1632",
            "high": "5.1632",
            "low": "5.1632",
            "close": "5.1525"
        },
        {
            "time": "04.07.2021 16:09",
            "open": "5.1525",
            "high": "5.1581",
            "low": "5.1525",
            "close": "5.1535"
        },
        {
            "time": "04.07.2021 16:11",
            "open": "5.1535",
            "high": "5.1535",
            "low": "5.1535",
            "close": "5.1397"
        },
        {
            "time": "04.07.2021 16:16",
            "open": "5.1397",
            "high": "5.1397",
            "low": "5.1397",
            "close": "5.1342"
        },
        {
            "time": "04.07.2021 16:17",
            "open": "5.1342",
            "high": "5.1476",
            "low": "5.1342",
            "close": "5.1521"
        },
        {
            "time": "04.07.2021 16:18",
            "open": "5.1521",
            "high": "5.153",
            "low": "5.1521",
            "close": "5.1691"
        },
        {
            "time": "04.07.2021 16:19",
            "open": "5.1691",
            "high": "5.1691",
            "low": "5.1691",
            "close": "5.18"
        },
        {
            "time": "04.07.2021 16:21",
            "open": "5.18",
            "high": "5.18",
            "low": "5.18",
            "close": "5.1669"
        },
        {
            "time": "04.07.2021 16:24",
            "open": "5.1669",
            "high": "5.1728",
            "low": "5.1669",
            "close": "5.1561"
        },
        {
            "time": "04.07.2021 16:31",
            "open": "5.1561",
            "high": "5.1561",
            "low": "5.1561",
            "close": "5.1561"
        },
        {
            "time": "04.07.2021 16:32",
            "open": "5.1561",
            "high": "5.1561",
            "low": "5.1561",
            "close": "5.1608"
        },
        {
            "time": "04.07.2021 16:33",
            "open": "5.1608",
            "high": "5.1608",
            "low": "5.1608",
            "close": "5.1635"
        },
        {
            "time": "04.07.2021 16:36",
            "open": "5.1635",
            "high": "5.1635",
            "low": "5.1635",
            "close": "5.2136"
        },
        {
            "time": "04.07.2021 16:50",
            "open": "5.2136",
            "high": "5.2136",
            "low": "5.2136",
            "close": "5.2248"
        },
        {
            "time": "04.07.2021 16:57",
            "open": "5.2248",
            "high": "5.2248",
            "low": "5.2248",
            "close": "5.239"
        },
        {
            "time": "04.07.2021 16:58",
            "open": "5.239",
            "high": "5.239",
            "low": "5.2323",
            "close": "5.2107"
        },
        {
            "time": "04.07.2021 16:59",
            "open": "5.2107",
            "high": "5.2107",
            "low": "5.2057",
            "close": "5.2014"
        },
        {
            "time": "04.07.2021 17:00",
            "open": "5.2014",
            "high": "5.2015",
            "low": "5.2014",
            "close": "5.204"
        },
        {
            "time": "04.07.2021 17:01",
            "open": "5.204",
            "high": "5.204",
            "low": "5.204",
            "close": "5.2002"
        },
        {
            "time": "04.07.2021 17:02",
            "open": "5.2002",
            "high": "5.2002",
            "low": "5.1991",
            "close": "5.2073"
        },
        {
            "time": "04.07.2021 17:03",
            "open": "5.2073",
            "high": "5.2073",
            "low": "5.2073",
            "close": "5.2069"
        },
        {
            "time": "04.07.2021 17:06",
            "open": "5.2069",
            "high": "5.2069",
            "low": "5.2039",
            "close": "5.1931"
        },
        {
            "time": "04.07.2021 17:07",
            "open": "5.1931",
            "high": "5.1931",
            "low": "5.1931",
            "close": "5.1713"
        },
        {
            "time": "04.07.2021 17:10",
            "open": "5.1713",
            "high": "5.1713",
            "low": "5.1713",
            "close": "5.1756"
        },
        {
            "time": "04.07.2021 17:14",
            "open": "5.1756",
            "high": "5.179",
            "low": "5.1756",
            "close": "5.173"
        },
        {
            "time": "04.07.2021 17:15",
            "open": "5.173",
            "high": "5.173",
            "low": "5.173",
            "close": "5.2032"
        },
        {
            "time": "04.07.2021 17:18",
            "open": "5.2032",
            "high": "5.2032",
            "low": "5.2032",
            "close": "5.2111"
        },
        {
            "time": "04.07.2021 17:20",
            "open": "5.2111",
            "high": "5.2115",
            "low": "5.2111",
            "close": "5.2293"
        },
        {
            "time": "04.07.2021 17:25",
            "open": "5.2293",
            "high": "5.2293",
            "low": "5.2217",
            "close": "5.2058"
        },
        {
            "time": "04.07.2021 17:26",
            "open": "5.2058",
            "high": "5.2058",
            "low": "5.2058",
            "close": "5.2037"
        },
        {
            "time": "04.07.2021 17:29",
            "open": "5.2037",
            "high": "5.2058",
            "low": "5.2037",
            "close": "5.2092"
        },
        {
            "time": "04.07.2021 17:31",
            "open": "5.2092",
            "high": "5.2092",
            "low": "5.2072",
            "close": "5.2072"
        },
        {
            "time": "04.07.2021 17:32",
            "open": "5.2072",
            "high": "5.2072",
            "low": "5.2058",
            "close": "5.2058"
        },
        {
            "time": "04.07.2021 17:33",
            "open": "5.2058",
            "high": "5.2058",
            "low": "5.2058",
            "close": "5.1953"
        },
        {
            "time": "04.07.2021 17:46",
            "open": "5.1953",
            "high": "5.1953",
            "low": "5.1953",
            "close": "5.1989"
        },
        {
            "time": "04.07.2021 17:49",
            "open": "5.1989",
            "high": "5.1989",
            "low": "5.1989",
            "close": "5.2012"
        },
        {
            "time": "04.07.2021 17:50",
            "open": "5.2012",
            "high": "5.2012",
            "low": "5.2012",
            "close": "5.22"
        },
        {
            "time": "04.07.2021 17:58",
            "open": "5.22",
            "high": "5.22",
            "low": "5.22",
            "close": "5.2266"
        },
        {
            "time": "04.07.2021 17:59",
            "open": "5.2266",
            "high": "5.2266",
            "low": "5.2152",
            "close": "5.2257"
        },
        {
            "time": "04.07.2021 18:00",
            "open": "5.2257",
            "high": "5.2299",
            "low": "5.2169",
            "close": "5.2115"
        },
        {
            "time": "04.07.2021 18:01",
            "open": "5.2115",
            "high": "5.2137",
            "low": "5.2114",
            "close": "5.1991"
        },
        {
            "time": "04.07.2021 18:02",
            "open": "5.1991",
            "high": "5.1991",
            "low": "5.1991",
            "close": "5.1956"
        },
        {
            "time": "04.07.2021 18:03",
            "open": "5.1956",
            "high": "5.2024",
            "low": "5.1956",
            "close": "5.201"
        },
        {
            "time": "04.07.2021 18:04",
            "open": "5.201",
            "high": "5.201",
            "low": "5.201",
            "close": "5.1799"
        },
        {
            "time": "04.07.2021 18:06",
            "open": "5.1799",
            "high": "5.1799",
            "low": "5.1799",
            "close": "5.1821"
        },
        {
            "time": "04.07.2021 18:07",
            "open": "5.1821",
            "high": "5.1821",
            "low": "5.1782",
            "close": "5.2171"
        },
        {
            "time": "04.07.2021 18:14",
            "open": "5.2171",
            "high": "5.2171",
            "low": "5.2171",
            "close": "5.2145"
        },
        {
            "time": "04.07.2021 18:15",
            "open": "5.2145",
            "high": "5.2145",
            "low": "5.2062",
            "close": "5.2378"
        },
        {
            "time": "04.07.2021 18:16",
            "open": "5.2378",
            "high": "5.2378",
            "low": "5.2377",
            "close": "5.2414"
        },
        {
            "time": "04.07.2021 18:17",
            "open": "5.2414",
            "high": "5.2427",
            "low": "5.2408",
            "close": "5.244"
        },
        {
            "time": "04.07.2021 18:18",
            "open": "5.244",
            "high": "5.2702",
            "low": "5.244",
            "close": "5.2724"
        },
        {
            "time": "04.07.2021 18:19",
            "open": "5.2724",
            "high": "5.2791",
            "low": "5.269",
            "close": "5.2757"
        },
        {
            "time": "04.07.2021 18:21",
            "open": "5.2757",
            "high": "5.2757",
            "low": "5.2734",
            "close": "5.2785"
        },
        {
            "time": "04.07.2021 18:22",
            "open": "5.2785",
            "high": "5.2838",
            "low": "5.2641",
            "close": "5.2748"
        },
        {
            "time": "04.07.2021 18:24",
            "open": "5.2748",
            "high": "5.2748",
            "low": "5.2748",
            "close": "5.2794"
        },
        {
            "time": "04.07.2021 18:27",
            "open": "5.2794",
            "high": "5.2794",
            "low": "5.2763",
            "close": "5.2753"
        },
        {
            "time": "04.07.2021 18:31",
            "open": "5.2753",
            "high": "5.2753",
            "low": "5.2753",
            "close": "5.2624"
        },
        {
            "time": "04.07.2021 18:32",
            "open": "5.2624",
            "high": "5.2624",
            "low": "5.2624",
            "close": "5.2524"
        },
        {
            "time": "04.07.2021 18:33",
            "open": "5.2524",
            "high": "5.2524",
            "low": "5.243",
            "close": "5.243"
        },
        {
            "time": "04.07.2021 18:34",
            "open": "5.243",
            "high": "5.263",
            "low": "5.2421",
            "close": "5.2729"
        },
        {
            "time": "04.07.2021 18:35",
            "open": "5.2729",
            "high": "5.2729",
            "low": "5.2729",
            "close": "5.2857"
        },
        {
            "time": "04.07.2021 18:36",
            "open": "5.2857",
            "high": "5.2975",
            "low": "5.2857",
            "close": "5.2999"
        },
        {
            "time": "04.07.2021 18:37",
            "open": "5.2999",
            "high": "5.3053",
            "low": "5.2999",
            "close": "5.3006"
        },
        {
            "time": "04.07.2021 18:38",
            "open": "5.3006",
            "high": "5.3046",
            "low": "5.3006",
            "close": "5.3134"
        },
        {
            "time": "04.07.2021 18:40",
            "open": "5.3134",
            "high": "5.3134",
            "low": "5.3134",
            "close": "5.3246"
        },
        {
            "time": "04.07.2021 18:41",
            "open": "5.3246",
            "high": "5.3246",
            "low": "5.3246",
            "close": "5.3345"
        },
        {
            "time": "04.07.2021 18:45",
            "open": "5.3345",
            "high": "5.3441",
            "low": "5.3345",
            "close": "5.3325"
        },
        {
            "time": "04.07.2021 18:46",
            "open": "5.3325",
            "high": "5.3325",
            "low": "5.3027",
            "close": "5.3024"
        },
        {
            "time": "04.07.2021 18:47",
            "open": "5.3024",
            "high": "5.3118",
            "low": "5.3024",
            "close": "5.3112"
        },
        {
            "time": "04.07.2021 18:48",
            "open": "5.3112",
            "high": "5.3173",
            "low": "5.3112",
            "close": "5.3118"
        },
        {
            "time": "04.07.2021 18:49",
            "open": "5.3118",
            "high": "5.3118",
            "low": "5.3118",
            "close": "5.3001"
        },
        {
            "time": "04.07.2021 18:50",
            "open": "5.3001",
            "high": "5.3001",
            "low": "5.3001",
            "close": "5.2982"
        },
        {
            "time": "04.07.2021 18:51",
            "open": "5.2982",
            "high": "5.3054",
            "low": "5.2982",
            "close": "5.3117"
        },
        {
            "time": "04.07.2021 18:52",
            "open": "5.3117",
            "high": "5.3117",
            "low": "5.31",
            "close": "5.3156"
        },
        {
            "time": "04.07.2021 18:53",
            "open": "5.3156",
            "high": "5.3202",
            "low": "5.3156",
            "close": "5.3145"
        },
        {
            "time": "04.07.2021 18:55",
            "open": "5.3145",
            "high": "5.3182",
            "low": "5.311",
            "close": "5.3297"
        },
        {
            "time": "04.07.2021 18:58",
            "open": "5.3297",
            "high": "5.3638",
            "low": "5.3297",
            "close": "5.3408"
        },
        {
            "time": "04.07.2021 18:59",
            "open": "5.3408",
            "high": "5.364",
            "low": "5.34",
            "close": "5.3536"
        },
        {
            "time": "04.07.2021 19:00",
            "open": "5.3536",
            "high": "5.3551",
            "low": "5.3534",
            "close": "5.357"
        },
        {
            "time": "04.07.2021 19:01",
            "open": "5.357",
            "high": "5.3643",
            "low": "5.3551",
            "close": "5.3603"
        },
        {
            "time": "04.07.2021 19:02",
            "open": "5.3603",
            "high": "5.3603",
            "low": "5.3603",
            "close": "5.3603"
        },
        {
            "time": "04.07.2021 19:03",
            "open": "5.3603",
            "high": "5.3603",
            "low": "5.3542",
            "close": "5.3195"
        },
        {
            "time": "04.07.2021 19:08",
            "open": "5.3195",
            "high": "5.325",
            "low": "5.3195",
            "close": "5.3212"
        },
        {
            "time": "04.07.2021 19:14",
            "open": "5.3212",
            "high": "5.3212",
            "low": "5.3102",
            "close": "5.309"
        },
        {
            "time": "04.07.2021 19:15",
            "open": "5.309",
            "high": "5.3258",
            "low": "5.309",
            "close": "5.3293"
        },
        {
            "time": "04.07.2021 19:16",
            "open": "5.3293",
            "high": "5.3293",
            "low": "5.3293",
            "close": "5.3184"
        },
        {
            "time": "04.07.2021 19:17",
            "open": "5.3184",
            "high": "5.3184",
            "low": "5.3184",
            "close": "5.3222"
        },
        {
            "time": "04.07.2021 19:21",
            "open": "5.3222",
            "high": "5.3222",
            "low": "5.3187",
            "close": "5.318"
        },
        {
            "time": "04.07.2021 19:22",
            "open": "5.318",
            "high": "5.318",
            "low": "5.3047",
            "close": "5.2809"
        },
        {
            "time": "04.07.2021 19:23",
            "open": "5.2809",
            "high": "5.2896",
            "low": "5.2808",
            "close": "5.2927"
        },
        {
            "time": "04.07.2021 19:24",
            "open": "5.2927",
            "high": "5.2927",
            "low": "5.2927",
            "close": "5.2913"
        },
        {
            "time": "04.07.2021 19:25",
            "open": "5.2913",
            "high": "5.3081",
            "low": "5.2913",
            "close": "5.3008"
        },
        {
            "time": "04.07.2021 19:26",
            "open": "5.3008",
            "high": "5.3008",
            "low": "5.3008",
            "close": "5.3008"
        },
        {
            "time": "04.07.2021 19:31",
            "open": "5.3008",
            "high": "5.3008",
            "low": "5.3008",
            "close": "5.2959"
        },
        {
            "time": "04.07.2021 19:32",
            "open": "5.2959",
            "high": "5.2959",
            "low": "5.2959",
            "close": "5.2873"
        },
        {
            "time": "04.07.2021 19:33",
            "open": "5.2873",
            "high": "5.2873",
            "low": "5.2873",
            "close": "5.2873"
        },
        {
            "time": "04.07.2021 19:36",
            "open": "5.2873",
            "high": "5.2873",
            "low": "5.2849",
            "close": "5.2956"
        },
        {
            "time": "04.07.2021 19:38",
            "open": "5.2956",
            "high": "5.2956",
            "low": "5.2956",
            "close": "5.2915"
        },
        {
            "time": "04.07.2021 19:40",
            "open": "5.2915",
            "high": "5.2915",
            "low": "5.2912",
            "close": "5.3005"
        },
        {
            "time": "04.07.2021 19:46",
            "open": "5.3005",
            "high": "5.3005",
            "low": "5.3005",
            "close": "5.2919"
        },
        {
            "time": "04.07.2021 19:47",
            "open": "5.2919",
            "high": "5.2919",
            "low": "5.2918",
            "close": "5.2964"
        },
        {
            "time": "04.07.2021 19:48",
            "open": "5.2964",
            "high": "5.2964",
            "low": "5.2964",
            "close": "5.2969"
        },
        {
            "time": "04.07.2021 19:55",
            "open": "5.2969",
            "high": "5.2969",
            "low": "5.2969",
            "close": "5.2969"
        },
        {
            "time": "04.07.2021 20:00",
            "open": "5.2969",
            "high": "5.2969",
            "low": "5.2969",
            "close": "5.2851"
        },
        {
            "time": "04.07.2021 20:02",
            "open": "5.2851",
            "high": "5.2851",
            "low": "5.2851",
            "close": "5.2851"
        },
        {
            "time": "04.07.2021 20:03",
            "open": "5.2851",
            "high": "5.2851",
            "low": "5.28",
            "close": "5.257"
        },
        {
            "time": "04.07.2021 20:07",
            "open": "5.257",
            "high": "5.2577",
            "low": "5.2538",
            "close": "5.2547"
        },
        {
            "time": "04.07.2021 20:10",
            "open": "5.2547",
            "high": "5.2547",
            "low": "5.2547",
            "close": "5.2538"
        },
        {
            "time": "04.07.2021 20:12",
            "open": "5.2538",
            "high": "5.2538",
            "low": "5.2538",
            "close": "5.2494"
        },
        {
            "time": "04.07.2021 20:15",
            "open": "5.2494",
            "high": "5.2517",
            "low": "5.2494",
            "close": "5.2634"
        },
        {
            "time": "04.07.2021 20:16",
            "open": "5.2634",
            "high": "5.2634",
            "low": "5.2634",
            "close": "5.2601"
        },
        {
            "time": "04.07.2021 20:20",
            "open": "5.2601",
            "high": "5.2601",
            "low": "5.2601",
            "close": "5.2672"
        },
        {
            "time": "04.07.2021 20:23",
            "open": "5.2672",
            "high": "5.2681",
            "low": "5.2672",
            "close": "5.2672"
        },
        {
            "time": "04.07.2021 20:26",
            "open": "5.2672",
            "high": "5.2718",
            "low": "5.2601",
            "close": "5.2643"
        },
        {
            "time": "04.07.2021 20:28",
            "open": "5.2643",
            "high": "5.2643",
            "low": "5.2643",
            "close": "5.2711"
        },
        {
            "time": "04.07.2021 20:30",
            "open": "5.2711",
            "high": "5.2711",
            "low": "5.2711",
            "close": "5.2662"
        },
        {
            "time": "04.07.2021 20:31",
            "open": "5.2662",
            "high": "5.2662",
            "low": "5.2662",
            "close": "5.2662"
        },
        {
            "time": "04.07.2021 20:33",
            "open": "5.2662",
            "high": "5.2662",
            "low": "5.2654",
            "close": "5.2624"
        },
        {
            "time": "04.07.2021 20:35",
            "open": "5.2624",
            "high": "5.2624",
            "low": "5.2624",
            "close": "5.2604"
        },
        {
            "time": "04.07.2021 20:37",
            "open": "5.2604",
            "high": "5.2604",
            "low": "5.2604",
            "close": "5.2595"
        },
        {
            "time": "04.07.2021 20:38",
            "open": "5.2595",
            "high": "5.2595",
            "low": "5.2588",
            "close": "5.2471"
        },
        {
            "time": "04.07.2021 20:46",
            "open": "5.2471",
            "high": "5.2471",
            "low": "5.2471",
            "close": "5.2819"
        },
        {
            "time": "04.07.2021 21:00",
            "open": "5.2819",
            "high": "5.2851",
            "low": "5.2819",
            "close": "5.2851"
        },
        {
            "time": "04.07.2021 21:01",
            "open": "5.2851",
            "high": "5.2851",
            "low": "5.2851",
            "close": "5.2851"
        },
        {
            "time": "04.07.2021 21:02",
            "open": "5.2851",
            "high": "5.2851",
            "low": "5.282",
            "close": "5.2776"
        },
        {
            "time": "04.07.2021 21:03",
            "open": "5.2776",
            "high": "5.2776",
            "low": "5.2776",
            "close": "5.2858"
        },
        {
            "time": "04.07.2021 21:17",
            "open": "5.2858",
            "high": "5.2858",
            "low": "5.2858",
            "close": "5.2694"
        },
        {
            "time": "04.07.2021 21:27",
            "open": "5.2694",
            "high": "5.2694",
            "low": "5.2694",
            "close": "5.2651"
        },
        {
            "time": "04.07.2021 21:29",
            "open": "5.2651",
            "high": "5.2651",
            "low": "5.2651",
            "close": "5.276"
        },
        {
            "time": "04.07.2021 21:34",
            "open": "5.276",
            "high": "5.2948",
            "low": "5.276",
            "close": "5.3007"
        },
        {
            "time": "04.07.2021 21:35",
            "open": "5.3007",
            "high": "5.3034",
            "low": "5.3007",
            "close": "5.3098"
        },
        {
            "time": "04.07.2021 21:36",
            "open": "5.3098",
            "high": "5.3098",
            "low": "5.3097",
            "close": "5.3101"
        },
        {
            "time": "04.07.2021 21:39",
            "open": "5.3101",
            "high": "5.3101",
            "low": "5.3053",
            "close": "5.3002"
        },
        {
            "time": "04.07.2021 21:40",
            "open": "5.3002",
            "high": "5.3002",
            "low": "5.3",
            "close": "5.3143"
        },
        {
            "time": "04.07.2021 21:44",
            "open": "5.3143",
            "high": "5.3143",
            "low": "5.3143",
            "close": "5.322"
        },
        {
            "time": "04.07.2021 21:45",
            "open": "5.322",
            "high": "5.322",
            "low": "5.3187",
            "close": "5.313"
        },
        {
            "time": "04.07.2021 21:46",
            "open": "5.313",
            "high": "5.313",
            "low": "5.313",
            "close": "5.3156"
        },
        {
            "time": "04.07.2021 21:47",
            "open": "5.3156",
            "high": "5.3161",
            "low": "5.3149",
            "close": "5.3135"
        },
        {
            "time": "04.07.2021 21:48",
            "open": "5.3135",
            "high": "5.3135",
            "low": "5.3135",
            "close": "5.3101"
        },
        {
            "time": "04.07.2021 21:49",
            "open": "5.3101",
            "high": "5.3101",
            "low": "5.3101",
            "close": "5.3077"
        },
        {
            "time": "04.07.2021 21:50",
            "open": "5.3077",
            "high": "5.3077",
            "low": "5.3077",
            "close": "5.3155"
        },
        {
            "time": "04.07.2021 21:52",
            "open": "5.3155",
            "high": "5.3155",
            "low": "5.3155",
            "close": "5.3141"
        },
        {
            "time": "04.07.2021 21:59",
            "open": "5.3141",
            "high": "5.3141",
            "low": "5.3141",
            "close": "5.3084"
        },
        {
            "time": "04.07.2021 22:00",
            "open": "5.3084",
            "high": "5.3084",
            "low": "5.3084",
            "close": "5.3032"
        },
        {
            "time": "04.07.2021 22:01",
            "open": "5.3032",
            "high": "5.3032",
            "low": "5.3032",
            "close": "5.315"
        },
        {
            "time": "04.07.2021 22:06",
            "open": "5.315",
            "high": "5.315",
            "low": "5.315",
            "close": "5.311"
        },
        {
            "time": "04.07.2021 22:07",
            "open": "5.311",
            "high": "5.311",
            "low": "5.311",
            "close": "5.3149"
        },
        {
            "time": "04.07.2021 22:08",
            "open": "5.3149",
            "high": "5.3157",
            "low": "5.3149",
            "close": "5.3282"
        },
        {
            "time": "04.07.2021 22:10",
            "open": "5.3282",
            "high": "5.3282",
            "low": "5.3282",
            "close": "5.3329"
        },
        {
            "time": "04.07.2021 22:14",
            "open": "5.3329",
            "high": "5.3329",
            "low": "5.3238",
            "close": "5.3237"
        },
        {
            "time": "04.07.2021 22:15",
            "open": "5.3237",
            "high": "5.3237",
            "low": "5.3237",
            "close": "5.3295"
        },
        {
            "time": "04.07.2021 22:18",
            "open": "5.3295",
            "high": "5.3295",
            "low": "5.3295",
            "close": "5.3366"
        },
        {
            "time": "04.07.2021 22:19",
            "open": "5.3366",
            "high": "5.3366",
            "low": "5.3366",
            "close": "5.3494"
        },
        {
            "time": "04.07.2021 22:21",
            "open": "5.3494",
            "high": "5.3517",
            "low": "5.3494",
            "close": "5.3564"
        },
        {
            "time": "04.07.2021 22:22",
            "open": "5.3564",
            "high": "5.3595",
            "low": "5.3564",
            "close": "5.36"
        },
        {
            "time": "04.07.2021 22:23",
            "open": "5.36",
            "high": "5.36",
            "low": "5.36",
            "close": "5.3664"
        },
        {
            "time": "04.07.2021 22:24",
            "open": "5.3664",
            "high": "5.3672",
            "low": "5.3636",
            "close": "5.3672"
        },
        {
            "time": "04.07.2021 22:25",
            "open": "5.3672",
            "high": "5.37",
            "low": "5.3672",
            "close": "5.37"
        },
        {
            "time": "04.07.2021 22:26",
            "open": "5.37",
            "high": "5.37",
            "low": "5.37",
            "close": "5.3808"
        },
        {
            "time": "04.07.2021 22:28",
            "open": "5.3808",
            "high": "5.3808",
            "low": "5.3808",
            "close": "5.3725"
        },
        {
            "time": "04.07.2021 22:31",
            "open": "5.3725",
            "high": "5.3788",
            "low": "5.3725",
            "close": "5.3857"
        },
        {
            "time": "04.07.2021 22:32",
            "open": "5.3857",
            "high": "5.3857",
            "low": "5.3806",
            "close": "5.375"
        },
        {
            "time": "04.07.2021 22:33",
            "open": "5.375",
            "high": "5.375",
            "low": "5.375",
            "close": "5.3707"
        },
        {
            "time": "04.07.2021 22:34",
            "open": "5.3707",
            "high": "5.3707",
            "low": "5.3707",
            "close": "5.3617"
        },
        {
            "time": "04.07.2021 22:36",
            "open": "5.3617",
            "high": "5.3617",
            "low": "5.3617",
            "close": "5.3548"
        },
        {
            "time": "04.07.2021 22:37",
            "open": "5.3548",
            "high": "5.3548",
            "low": "5.3514",
            "close": "5.3514"
        },
        {
            "time": "04.07.2021 22:38",
            "open": "5.3514",
            "high": "5.3514",
            "low": "5.3514",
            "close": "5.3532"
        },
        {
            "time": "04.07.2021 22:39",
            "open": "5.3532",
            "high": "5.3532",
            "low": "5.3508",
            "close": "5.3344"
        },
        {
            "time": "04.07.2021 22:42",
            "open": "5.3344",
            "high": "5.3344",
            "low": "5.3344",
            "close": "5.3319"
        },
        {
            "time": "04.07.2021 22:43",
            "open": "5.3319",
            "high": "5.3455",
            "low": "5.3316",
            "close": "5.3433"
        },
        {
            "time": "04.07.2021 22:44",
            "open": "5.3433",
            "high": "5.3433",
            "low": "5.3429",
            "close": "5.3405"
        },
        {
            "time": "04.07.2021 22:47",
            "open": "5.3405",
            "high": "5.3405",
            "low": "5.3405",
            "close": "5.3329"
        },
        {
            "time": "04.07.2021 22:49",
            "open": "5.3329",
            "high": "5.3329",
            "low": "5.3329",
            "close": "5.3287"
        },
        {
            "time": "04.07.2021 22:51",
            "open": "5.3287",
            "high": "5.3287",
            "low": "5.3265",
            "close": "5.3231"
        },
        {
            "time": "04.07.2021 22:53",
            "open": "5.3231",
            "high": "5.3231",
            "low": "5.3231",
            "close": "5.3138"
        },
        {
            "time": "04.07.2021 22:54",
            "open": "5.3138",
            "high": "5.3142",
            "low": "5.3138",
            "close": "5.3272"
        },
        {
            "time": "04.07.2021 22:55",
            "open": "5.3272",
            "high": "5.3272",
            "low": "5.3272",
            "close": "5.3239"
        },
        {
            "time": "04.07.2021 22:56",
            "open": "5.3239",
            "high": "5.3239",
            "low": "5.3138",
            "close": "5.3174"
        },
        {
            "time": "04.07.2021 22:58",
            "open": "5.3174",
            "high": "5.3174",
            "low": "5.3174",
            "close": "5.3248"
        },
        {
            "time": "04.07.2021 22:59",
            "open": "5.3248",
            "high": "5.3248",
            "low": "5.3248",
            "close": "5.3301"
        },
        {
            "time": "04.07.2021 23:05",
            "open": "5.3301",
            "high": "5.3301",
            "low": "5.3248",
            "close": "5.3292"
        },
        {
            "time": "04.07.2021 23:07",
            "open": "5.3292",
            "high": "5.3304",
            "low": "5.3292",
            "close": "5.3145"
        },
        {
            "time": "04.07.2021 23:10",
            "open": "5.3145",
            "high": "5.3155",
            "low": "5.3145",
            "close": "5.3202"
        },
        {
            "time": "04.07.2021 23:11",
            "open": "5.3202",
            "high": "5.3219",
            "low": "5.3202",
            "close": "5.3147"
        },
        {
            "time": "04.07.2021 23:12",
            "open": "5.3147",
            "high": "5.3147",
            "low": "5.3147",
            "close": "5.348"
        },
        {
            "time": "04.07.2021 23:16",
            "open": "5.348",
            "high": "5.348",
            "low": "5.348",
            "close": "5.348"
        },
        {
            "time": "04.07.2021 23:18",
            "open": "5.348",
            "high": "5.348",
            "low": "5.3462",
            "close": "5.3583"
        },
        {
            "time": "04.07.2021 23:26",
            "open": "5.3583",
            "high": "5.3614",
            "low": "5.3583",
            "close": "5.3559"
        },
        {
            "time": "04.07.2021 23:27",
            "open": "5.3559",
            "high": "5.3559",
            "low": "5.3559",
            "close": "5.3496"
        },
        {
            "time": "04.07.2021 23:31",
            "open": "5.3496",
            "high": "5.3846",
            "low": "5.3496",
            "close": "5.3846"
        },
        {
            "time": "04.07.2021 23:32",
            "open": "5.3846",
            "high": "5.3846",
            "low": "5.3743",
            "close": "5.3743"
        },
        {
            "time": "04.07.2021 23:33",
            "open": "5.3743",
            "high": "5.3766",
            "low": "5.3743",
            "close": "5.3636"
        },
        {
            "time": "04.07.2021 23:35",
            "open": "5.3636",
            "high": "5.3636",
            "low": "5.3636",
            "close": "5.3878"
        },
        {
            "time": "04.07.2021 23:37",
            "open": "5.3878",
            "high": "5.3878",
            "low": "5.3878",
            "close": "5.379"
        },
        {
            "time": "04.07.2021 23:40",
            "open": "5.379",
            "high": "5.379",
            "low": "5.379",
            "close": "5.3796"
        },
        {
            "time": "04.07.2021 23:44",
            "open": "5.3796",
            "high": "5.3796",
            "low": "5.3796",
            "close": "5.3785"
        },
        {
            "time": "04.07.2021 23:47",
            "open": "5.3785",
            "high": "5.3785",
            "low": "5.3785",
            "close": "5.3723"
        },
        {
            "time": "04.07.2021 23:49",
            "open": "5.3723",
            "high": "5.3761",
            "low": "5.3723",
            "close": "5.3646"
        },
        {
            "time": "04.07.2021 23:52",
            "open": "5.3646",
            "high": "5.3646",
            "low": "5.3628",
            "close": "5.3694"
        },
        {
            "time": "04.07.2021 23:53",
            "open": "5.3694",
            "high": "5.3694",
            "low": "5.3694",
            "close": "5.3694"
        },
        {
            "time": "04.07.2021 23:54",
            "open": "5.3694",
            "high": "5.3694",
            "low": "5.3694",
            "close": "5.3673"
        }
    ]
}