{
    "BAND-EUR": [
        {
            "time": "18.07.2021 23:50",
            "open": "4.285",
            "high": "4.285",
            "low": "4.285",
            "close": "4.2857"
        },
        {
            "time": "19.07.2021 00:07",
            "open": "4.2857",
            "high": "4.291",
            "low": "4.2857",
            "close": "4.2809"
        },
        {
            "time": "19.07.2021 00:08",
            "open": "4.2809",
            "high": "4.2809",
            "low": "4.2809",
            "close": "4.27"
        },
        {
            "time": "19.07.2021 00:11",
            "open": "4.27",
            "high": "4.27",
            "low": "4.27",
            "close": "4.27"
        },
        {
            "time": "19.07.2021 00:12",
            "open": "4.27",
            "high": "4.27",
            "low": "4.26",
            "close": "4.26"
        },
        {
            "time": "19.07.2021 00:15",
            "open": "4.26",
            "high": "4.26",
            "low": "4.26",
            "close": "4.255"
        },
        {
            "time": "19.07.2021 00:16",
            "open": "4.255",
            "high": "4.255",
            "low": "4.245",
            "close": "4.24"
        },
        {
            "time": "19.07.2021 00:17",
            "open": "4.24",
            "high": "4.24",
            "low": "4.22",
            "close": "4.22"
        },
        {
            "time": "19.07.2021 00:18",
            "open": "4.22",
            "high": "4.22",
            "low": "4.22",
            "close": "4.2202"
        },
        {
            "time": "19.07.2021 00:21",
            "open": "4.2202",
            "high": "4.2202",
            "low": "4.2202",
            "close": "4.2153"
        },
        {
            "time": "19.07.2021 00:23",
            "open": "4.2153",
            "high": "4.2153",
            "low": "4.21",
            "close": "4.2165"
        },
        {
            "time": "19.07.2021 00:24",
            "open": "4.2165",
            "high": "4.2165",
            "low": "4.2144",
            "close": "4.2123"
        },
        {
            "time": "19.07.2021 00:28",
            "open": "4.2123",
            "high": "4.2124",
            "low": "4.2123",
            "close": "4.2157"
        },
        {
            "time": "19.07.2021 00:30",
            "open": "4.2157",
            "high": "4.2157",
            "low": "4.2138",
            "close": "4.2209"
        },
        {
            "time": "19.07.2021 00:36",
            "open": "4.2209",
            "high": "4.2209",
            "low": "4.21",
            "close": "4.2117"
        },
        {
            "time": "19.07.2021 00:39",
            "open": "4.2117",
            "high": "4.2117",
            "low": "4.2117",
            "close": "4.205"
        },
        {
            "time": "19.07.2021 00:41",
            "open": "4.205",
            "high": "4.205",
            "low": "4.205",
            "close": "4.205"
        },
        {
            "time": "19.07.2021 00:44",
            "open": "4.205",
            "high": "4.205",
            "low": "4.2",
            "close": "4.2"
        },
        {
            "time": "19.07.2021 00:45",
            "open": "4.2",
            "high": "4.207",
            "low": "4.2",
            "close": "4.2064"
        },
        {
            "time": "19.07.2021 00:46",
            "open": "4.2064",
            "high": "4.2064",
            "low": "4.2064",
            "close": "4.1978"
        },
        {
            "time": "19.07.2021 00:51",
            "open": "4.1978",
            "high": "4.1978",
            "low": "4.1978",
            "close": "4.19"
        },
        {
            "time": "19.07.2021 00:53",
            "open": "4.19",
            "high": "4.19",
            "low": "4.1878",
            "close": "4.1888"
        },
        {
            "time": "19.07.2021 00:54",
            "open": "4.1888",
            "high": "4.1888",
            "low": "4.1888",
            "close": "4.21"
        },
        {
            "time": "19.07.2021 00:59",
            "open": "4.21",
            "high": "4.21",
            "low": "4.21",
            "close": "4.208"
        },
        {
            "time": "19.07.2021 01:25",
            "open": "4.208",
            "high": "4.208",
            "low": "4.208",
            "close": "4.2084"
        },
        {
            "time": "19.07.2021 01:30",
            "open": "4.2084",
            "high": "4.2084",
            "low": "4.2084",
            "close": "4.22"
        },
        {
            "time": "19.07.2021 01:37",
            "open": "4.22",
            "high": "4.22",
            "low": "4.22",
            "close": "4.225"
        },
        {
            "time": "19.07.2021 01:39",
            "open": "4.225",
            "high": "4.225",
            "low": "4.225",
            "close": "4.23"
        },
        {
            "time": "19.07.2021 01:40",
            "open": "4.23",
            "high": "4.23",
            "low": "4.23",
            "close": "4.235"
        },
        {
            "time": "19.07.2021 01:41",
            "open": "4.235",
            "high": "4.235",
            "low": "4.235",
            "close": "4.24"
        },
        {
            "time": "19.07.2021 01:42",
            "open": "4.24",
            "high": "4.24",
            "low": "4.24",
            "close": "4.245"
        },
        {
            "time": "19.07.2021 01:43",
            "open": "4.245",
            "high": "4.245",
            "low": "4.245",
            "close": "4.25"
        },
        {
            "time": "19.07.2021 01:45",
            "open": "4.25",
            "high": "4.25",
            "low": "4.25",
            "close": "4.255"
        },
        {
            "time": "19.07.2021 01:47",
            "open": "4.255",
            "high": "4.255",
            "low": "4.255",
            "close": "4.2524"
        },
        {
            "time": "19.07.2021 01:51",
            "open": "4.2524",
            "high": "4.2524",
            "low": "4.2524",
            "close": "4.2351"
        },
        {
            "time": "19.07.2021 01:53",
            "open": "4.2351",
            "high": "4.2351",
            "low": "4.2351",
            "close": "4.235"
        },
        {
            "time": "19.07.2021 01:54",
            "open": "4.235",
            "high": "4.235",
            "low": "4.23",
            "close": "4.225"
        },
        {
            "time": "19.07.2021 01:56",
            "open": "4.225",
            "high": "4.225",
            "low": "4.22",
            "close": "4.215"
        },
        {
            "time": "19.07.2021 01:59",
            "open": "4.215",
            "high": "4.215",
            "low": "4.215",
            "close": "4.21"
        },
        {
            "time": "19.07.2021 02:00",
            "open": "4.21",
            "high": "4.21",
            "low": "4.205",
            "close": "4.2016"
        },
        {
            "time": "19.07.2021 02:01",
            "open": "4.2016",
            "high": "4.2016",
            "low": "4.2",
            "close": "4.22"
        },
        {
            "time": "19.07.2021 02:05",
            "open": "4.22",
            "high": "4.22",
            "low": "4.22",
            "close": "4.225"
        },
        {
            "time": "19.07.2021 02:06",
            "open": "4.225",
            "high": "4.23",
            "low": "4.225",
            "close": "4.2262"
        },
        {
            "time": "19.07.2021 02:07",
            "open": "4.2262",
            "high": "4.2262",
            "low": "4.2262",
            "close": "4.21"
        },
        {
            "time": "19.07.2021 02:10",
            "open": "4.21",
            "high": "4.21",
            "low": "4.21",
            "close": "4.23"
        },
        {
            "time": "19.07.2021 02:15",
            "open": "4.23",
            "high": "4.23",
            "low": "4.23",
            "close": "4.2163"
        },
        {
            "time": "19.07.2021 02:28",
            "open": "4.2163",
            "high": "4.2163",
            "low": "4.2163",
            "close": "4.21"
        },
        {
            "time": "19.07.2021 02:33",
            "open": "4.21",
            "high": "4.21",
            "low": "4.21",
            "close": "4.205"
        },
        {
            "time": "19.07.2021 02:34",
            "open": "4.205",
            "high": "4.205",
            "low": "4.2",
            "close": "4.2"
        },
        {
            "time": "19.07.2021 02:35",
            "open": "4.2",
            "high": "4.2",
            "low": "4.1984",
            "close": "4.1923"
        },
        {
            "time": "19.07.2021 02:39",
            "open": "4.1923",
            "high": "4.1923",
            "low": "4.1814",
            "close": "4.1804"
        },
        {
            "time": "19.07.2021 02:40",
            "open": "4.1804",
            "high": "4.1804",
            "low": "4.1751",
            "close": "4.175"
        },
        {
            "time": "19.07.2021 02:41",
            "open": "4.175",
            "high": "4.18",
            "low": "4.175",
            "close": "4.17"
        },
        {
            "time": "19.07.2021 02:46",
            "open": "4.17",
            "high": "4.17",
            "low": "4.17",
            "close": "4.1691"
        },
        {
            "time": "19.07.2021 02:47",
            "open": "4.1691",
            "high": "4.1691",
            "low": "4.1687",
            "close": "4.164"
        },
        {
            "time": "19.07.2021 02:48",
            "open": "4.164",
            "high": "4.164",
            "low": "4.15",
            "close": "4.161"
        },
        {
            "time": "19.07.2021 02:49",
            "open": "4.161",
            "high": "4.161",
            "low": "4.161",
            "close": "4.15"
        },
        {
            "time": "19.07.2021 02:51",
            "open": "4.15",
            "high": "4.15",
            "low": "4.15",
            "close": "4.145"
        },
        {
            "time": "19.07.2021 02:52",
            "open": "4.145",
            "high": "4.1471",
            "low": "4.145",
            "close": "4.1516"
        },
        {
            "time": "19.07.2021 02:54",
            "open": "4.1516",
            "high": "4.1516",
            "low": "4.1516",
            "close": "4.1516"
        },
        {
            "time": "19.07.2021 02:55",
            "open": "4.1516",
            "high": "4.17",
            "low": "4.1482",
            "close": "4.15"
        },
        {
            "time": "19.07.2021 02:57",
            "open": "4.15",
            "high": "4.15",
            "low": "4.15",
            "close": "4.15"
        },
        {
            "time": "19.07.2021 03:00",
            "open": "4.15",
            "high": "4.15",
            "low": "4.145",
            "close": "4.145"
        },
        {
            "time": "19.07.2021 03:04",
            "open": "4.145",
            "high": "4.145",
            "low": "4.1336",
            "close": "4.1338"
        },
        {
            "time": "19.07.2021 03:05",
            "open": "4.1338",
            "high": "4.1338",
            "low": "4.1338",
            "close": "4.1353"
        },
        {
            "time": "19.07.2021 03:13",
            "open": "4.1353",
            "high": "4.1353",
            "low": "4.1353",
            "close": "4.1326"
        },
        {
            "time": "19.07.2021 03:14",
            "open": "4.1326",
            "high": "4.1326",
            "low": "4.1326",
            "close": "4.136"
        },
        {
            "time": "19.07.2021 03:16",
            "open": "4.136",
            "high": "4.136",
            "low": "4.136",
            "close": "4.1294"
        },
        {
            "time": "19.07.2021 03:33",
            "open": "4.1294",
            "high": "4.1294",
            "low": "4.1294",
            "close": "4.1373"
        },
        {
            "time": "19.07.2021 03:38",
            "open": "4.1373",
            "high": "4.1373",
            "low": "4.1373",
            "close": "4.1318"
        },
        {
            "time": "19.07.2021 03:39",
            "open": "4.1318",
            "high": "4.1318",
            "low": "4.1258",
            "close": "4.16"
        },
        {
            "time": "19.07.2021 03:42",
            "open": "4.16",
            "high": "4.16",
            "low": "4.16",
            "close": "4.165"
        },
        {
            "time": "19.07.2021 03:45",
            "open": "4.165",
            "high": "4.165",
            "low": "4.165",
            "close": "4.17"
        },
        {
            "time": "19.07.2021 03:46",
            "open": "4.17",
            "high": "4.17",
            "low": "4.17",
            "close": "4.15"
        },
        {
            "time": "19.07.2021 03:51",
            "open": "4.15",
            "high": "4.15",
            "low": "4.15",
            "close": "4.1501"
        },
        {
            "time": "19.07.2021 03:53",
            "open": "4.1501",
            "high": "4.1501",
            "low": "4.145",
            "close": "4.145"
        },
        {
            "time": "19.07.2021 03:54",
            "open": "4.145",
            "high": "4.145",
            "low": "4.14",
            "close": "4.1403"
        },
        {
            "time": "19.07.2021 03:55",
            "open": "4.1403",
            "high": "4.1403",
            "low": "4.1403",
            "close": "4.165"
        },
        {
            "time": "19.07.2021 04:10",
            "open": "4.165",
            "high": "4.175",
            "low": "4.165",
            "close": "4.1797"
        },
        {
            "time": "19.07.2021 04:17",
            "open": "4.1797",
            "high": "4.1797",
            "low": "4.1797",
            "close": "4.155"
        },
        {
            "time": "19.07.2021 04:33",
            "open": "4.155",
            "high": "4.155",
            "low": "4.145",
            "close": "4.145"
        },
        {
            "time": "19.07.2021 04:34",
            "open": "4.145",
            "high": "4.145",
            "low": "4.14",
            "close": "4.16"
        },
        {
            "time": "19.07.2021 04:39",
            "open": "4.16",
            "high": "4.16",
            "low": "4.16",
            "close": "4.165"
        },
        {
            "time": "19.07.2021 04:41",
            "open": "4.165",
            "high": "4.165",
            "low": "4.165",
            "close": "4.17"
        },
        {
            "time": "19.07.2021 04:42",
            "open": "4.17",
            "high": "4.17",
            "low": "4.17",
            "close": "4.175"
        },
        {
            "time": "19.07.2021 04:43",
            "open": "4.175",
            "high": "4.175",
            "low": "4.175",
            "close": "4.1698"
        },
        {
            "time": "19.07.2021 04:44",
            "open": "4.1698",
            "high": "4.1698",
            "low": "4.1646",
            "close": "4.155"
        },
        {
            "time": "19.07.2021 04:49",
            "open": "4.155",
            "high": "4.155",
            "low": "4.15",
            "close": "4.17"
        },
        {
            "time": "19.07.2021 04:55",
            "open": "4.17",
            "high": "4.17",
            "low": "4.17",
            "close": "4.1676"
        },
        {
            "time": "19.07.2021 04:58",
            "open": "4.1676",
            "high": "4.1676",
            "low": "4.1629",
            "close": "4.15"
        },
        {
            "time": "19.07.2021 05:00",
            "open": "4.15",
            "high": "4.15",
            "low": "4.15",
            "close": "4.175"
        },
        {
            "time": "19.07.2021 05:06",
            "open": "4.175",
            "high": "4.175",
            "low": "4.175",
            "close": "4.18"
        },
        {
            "time": "19.07.2021 05:07",
            "open": "4.18",
            "high": "4.18",
            "low": "4.18",
            "close": "4.1601"
        },
        {
            "time": "19.07.2021 05:10",
            "open": "4.1601",
            "high": "4.1601",
            "low": "4.16",
            "close": "4.1659"
        },
        {
            "time": "19.07.2021 05:15",
            "open": "4.1659",
            "high": "4.1659",
            "low": "4.1659",
            "close": "4.1742"
        },
        {
            "time": "19.07.2021 05:24",
            "open": "4.1742",
            "high": "4.1742",
            "low": "4.1742",
            "close": "4.16"
        },
        {
            "time": "19.07.2021 05:31",
            "open": "4.16",
            "high": "4.16",
            "low": "4.155",
            "close": "4.15"
        },
        {
            "time": "19.07.2021 05:33",
            "open": "4.15",
            "high": "4.15",
            "low": "4.145",
            "close": "4.1472"
        },
        {
            "time": "19.07.2021 05:34",
            "open": "4.1472",
            "high": "4.1472",
            "low": "4.145",
            "close": "4.14"
        },
        {
            "time": "19.07.2021 05:35",
            "open": "4.14",
            "high": "4.14",
            "low": "4.14",
            "close": "4.1504"
        },
        {
            "time": "19.07.2021 05:36",
            "open": "4.1504",
            "high": "4.1504",
            "low": "4.1504",
            "close": "4.165"
        },
        {
            "time": "19.07.2021 05:38",
            "open": "4.165",
            "high": "4.17",
            "low": "4.165",
            "close": "4.175"
        },
        {
            "time": "19.07.2021 05:39",
            "open": "4.175",
            "high": "4.18",
            "low": "4.175",
            "close": "4.185"
        },
        {
            "time": "19.07.2021 05:40",
            "open": "4.185",
            "high": "4.185",
            "low": "4.1847",
            "close": "4.19"
        },
        {
            "time": "19.07.2021 05:41",
            "open": "4.19",
            "high": "4.19",
            "low": "4.19",
            "close": "4.1895"
        },
        {
            "time": "19.07.2021 05:46",
            "open": "4.1895",
            "high": "4.1895",
            "low": "4.1895",
            "close": "4.17"
        },
        {
            "time": "19.07.2021 05:53",
            "open": "4.17",
            "high": "4.17",
            "low": "4.165",
            "close": "4.165"
        },
        {
            "time": "19.07.2021 05:54",
            "open": "4.165",
            "high": "4.165",
            "low": "4.165",
            "close": "4.1729"
        },
        {
            "time": "19.07.2021 05:58",
            "open": "4.1729",
            "high": "4.1729",
            "low": "4.1729",
            "close": "4.1824"
        },
        {
            "time": "19.07.2021 06:01",
            "open": "4.1824",
            "high": "4.1824",
            "low": "4.1824",
            "close": "4.185"
        },
        {
            "time": "19.07.2021 06:02",
            "open": "4.185",
            "high": "4.185",
            "low": "4.185",
            "close": "4.19"
        },
        {
            "time": "19.07.2021 06:03",
            "open": "4.19",
            "high": "4.19",
            "low": "4.19",
            "close": "4.1888"
        },
        {
            "time": "19.07.2021 06:04",
            "open": "4.1888",
            "high": "4.1888",
            "low": "4.1888",
            "close": "4.17"
        },
        {
            "time": "19.07.2021 06:08",
            "open": "4.17",
            "high": "4.17",
            "low": "4.165",
            "close": "4.165"
        },
        {
            "time": "19.07.2021 06:09",
            "open": "4.165",
            "high": "4.165",
            "low": "4.165",
            "close": "4.185"
        },
        {
            "time": "19.07.2021 06:15",
            "open": "4.185",
            "high": "4.185",
            "low": "4.185",
            "close": "4.19"
        },
        {
            "time": "19.07.2021 06:16",
            "open": "4.19",
            "high": "4.19",
            "low": "4.19",
            "close": "4.195"
        },
        {
            "time": "19.07.2021 06:23",
            "open": "4.195",
            "high": "4.195",
            "low": "4.195",
            "close": "4.2"
        },
        {
            "time": "19.07.2021 06:26",
            "open": "4.2",
            "high": "4.2",
            "low": "4.2",
            "close": "4.205"
        },
        {
            "time": "19.07.2021 06:27",
            "open": "4.205",
            "high": "4.205",
            "low": "4.205",
            "close": "4.2034"
        },
        {
            "time": "19.07.2021 06:34",
            "open": "4.2034",
            "high": "4.2235",
            "low": "4.2029",
            "close": "4.2236"
        },
        {
            "time": "19.07.2021 06:37",
            "open": "4.2236",
            "high": "4.2322",
            "low": "4.2236",
            "close": "4.2333"
        },
        {
            "time": "19.07.2021 06:38",
            "open": "4.2333",
            "high": "4.2799",
            "low": "4.2333",
            "close": "4.2738"
        },
        {
            "time": "19.07.2021 06:39",
            "open": "4.2738",
            "high": "4.2738",
            "low": "4.2738",
            "close": "4.2722"
        },
        {
            "time": "19.07.2021 06:42",
            "open": "4.2722",
            "high": "4.28",
            "low": "4.2722",
            "close": "4.2785"
        },
        {
            "time": "19.07.2021 06:43",
            "open": "4.2785",
            "high": "4.2785",
            "low": "4.2785",
            "close": "4.2759"
        },
        {
            "time": "19.07.2021 06:44",
            "open": "4.2759",
            "high": "4.2759",
            "low": "4.2759",
            "close": "4.2764"
        },
        {
            "time": "19.07.2021 06:45",
            "open": "4.2764",
            "high": "4.305",
            "low": "4.2764",
            "close": "4.31"
        },
        {
            "time": "19.07.2021 06:46",
            "open": "4.31",
            "high": "4.335",
            "low": "4.31",
            "close": "4.34"
        },
        {
            "time": "19.07.2021 06:47",
            "open": "4.34",
            "high": "4.3457",
            "low": "4.34",
            "close": "4.325"
        },
        {
            "time": "19.07.2021 06:48",
            "open": "4.325",
            "high": "4.325",
            "low": "4.32",
            "close": "4.32"
        },
        {
            "time": "19.07.2021 06:49",
            "open": "4.32",
            "high": "4.32",
            "low": "4.315",
            "close": "4.31"
        },
        {
            "time": "19.07.2021 06:50",
            "open": "4.31",
            "high": "4.31",
            "low": "4.295",
            "close": "4.2906"
        },
        {
            "time": "19.07.2021 06:51",
            "open": "4.2906",
            "high": "4.2925",
            "low": "4.2904",
            "close": "4.29"
        },
        {
            "time": "19.07.2021 06:52",
            "open": "4.29",
            "high": "4.29",
            "low": "4.29",
            "close": "4.2901"
        },
        {
            "time": "19.07.2021 06:53",
            "open": "4.2901",
            "high": "4.2904",
            "low": "4.2901",
            "close": "4.292"
        },
        {
            "time": "19.07.2021 06:57",
            "open": "4.292",
            "high": "4.292",
            "low": "4.292",
            "close": "4.29"
        },
        {
            "time": "19.07.2021 06:58",
            "open": "4.29",
            "high": "4.29",
            "low": "4.29",
            "close": "4.2851"
        },
        {
            "time": "19.07.2021 06:59",
            "open": "4.2851",
            "high": "4.2851",
            "low": "4.2851",
            "close": "4.285"
        },
        {
            "time": "19.07.2021 07:00",
            "open": "4.285",
            "high": "4.285",
            "low": "4.285",
            "close": "4.2851"
        },
        {
            "time": "19.07.2021 07:01",
            "open": "4.2851",
            "high": "4.2899",
            "low": "4.2851",
            "close": "4.3002"
        },
        {
            "time": "19.07.2021 07:02",
            "open": "4.3002",
            "high": "4.3002",
            "low": "4.3002",
            "close": "4.2946"
        },
        {
            "time": "19.07.2021 07:03",
            "open": "4.2946",
            "high": "4.2946",
            "low": "4.2946",
            "close": "4.2871"
        },
        {
            "time": "19.07.2021 07:07",
            "open": "4.2871",
            "high": "4.2871",
            "low": "4.2871",
            "close": "4.285"
        },
        {
            "time": "19.07.2021 07:09",
            "open": "4.285",
            "high": "4.285",
            "low": "4.27",
            "close": "4.27"
        },
        {
            "time": "19.07.2021 07:10",
            "open": "4.27",
            "high": "4.27",
            "low": "4.2674",
            "close": "4.265"
        },
        {
            "time": "19.07.2021 07:11",
            "open": "4.265",
            "high": "4.35",
            "low": "4.265",
            "close": "4.305"
        },
        {
            "time": "19.07.2021 07:12",
            "open": "4.305",
            "high": "4.305",
            "low": "4.295",
            "close": "4.295"
        },
        {
            "time": "19.07.2021 07:13",
            "open": "4.295",
            "high": "4.295",
            "low": "4.28",
            "close": "4.2829"
        },
        {
            "time": "19.07.2021 07:14",
            "open": "4.2829",
            "high": "4.2829",
            "low": "4.2829",
            "close": "4.2801"
        },
        {
            "time": "19.07.2021 07:15",
            "open": "4.2801",
            "high": "4.2821",
            "low": "4.2801",
            "close": "4.28"
        },
        {
            "time": "19.07.2021 07:19",
            "open": "4.28",
            "high": "4.28",
            "low": "4.27",
            "close": "4.268"
        },
        {
            "time": "19.07.2021 07:25",
            "open": "4.268",
            "high": "4.27",
            "low": "4.268",
            "close": "4.2831"
        },
        {
            "time": "19.07.2021 07:40",
            "open": "4.2831",
            "high": "4.2831",
            "low": "4.2831",
            "close": "4.29"
        },
        {
            "time": "19.07.2021 07:46",
            "open": "4.29",
            "high": "4.29",
            "low": "4.29",
            "close": "4.295"
        },
        {
            "time": "19.07.2021 07:47",
            "open": "4.295",
            "high": "4.305",
            "low": "4.295",
            "close": "4.31"
        },
        {
            "time": "19.07.2021 07:48",
            "open": "4.31",
            "high": "4.335",
            "low": "4.31",
            "close": "4.3399"
        },
        {
            "time": "19.07.2021 07:49",
            "open": "4.3399",
            "high": "4.34",
            "low": "4.3351",
            "close": "4.3376"
        },
        {
            "time": "19.07.2021 07:50",
            "open": "4.3376",
            "high": "4.3378",
            "low": "4.3286",
            "close": "4.3257"
        },
        {
            "time": "19.07.2021 07:51",
            "open": "4.3257",
            "high": "4.3257",
            "low": "4.3257",
            "close": "4.315"
        },
        {
            "time": "19.07.2021 07:53",
            "open": "4.315",
            "high": "4.315",
            "low": "4.315",
            "close": "4.3198"
        },
        {
            "time": "19.07.2021 07:54",
            "open": "4.3198",
            "high": "4.3277",
            "low": "4.3198",
            "close": "4.3146"
        },
        {
            "time": "19.07.2021 07:58",
            "open": "4.3146",
            "high": "4.3146",
            "low": "4.3146",
            "close": "4.31"
        },
        {
            "time": "19.07.2021 07:59",
            "open": "4.31",
            "high": "4.31",
            "low": "4.31",
            "close": "4.3125"
        },
        {
            "time": "19.07.2021 08:02",
            "open": "4.3125",
            "high": "4.3137",
            "low": "4.3125",
            "close": "4.3236"
        },
        {
            "time": "19.07.2021 08:06",
            "open": "4.3236",
            "high": "4.3236",
            "low": "4.3236",
            "close": "4.3235"
        },
        {
            "time": "19.07.2021 08:09",
            "open": "4.3235",
            "high": "4.3235",
            "low": "4.3235",
            "close": "4.3265"
        },
        {
            "time": "19.07.2021 08:10",
            "open": "4.3265",
            "high": "4.3397",
            "low": "4.3244",
            "close": "4.3335"
        },
        {
            "time": "19.07.2021 08:11",
            "open": "4.3335",
            "high": "4.3335",
            "low": "4.3335",
            "close": "4.34"
        },
        {
            "time": "19.07.2021 08:12",
            "open": "4.34",
            "high": "4.345",
            "low": "4.34",
            "close": "4.3469"
        },
        {
            "time": "19.07.2021 08:13",
            "open": "4.3469",
            "high": "4.3469",
            "low": "4.3433",
            "close": "4.3471"
        },
        {
            "time": "19.07.2021 08:14",
            "open": "4.3471",
            "high": "4.3471",
            "low": "4.3471",
            "close": "4.3414"
        },
        {
            "time": "19.07.2021 08:18",
            "open": "4.3414",
            "high": "4.3414",
            "low": "4.3414",
            "close": "4.3479"
        },
        {
            "time": "19.07.2021 08:19",
            "open": "4.3479",
            "high": "4.35",
            "low": "4.3441",
            "close": "4.35"
        },
        {
            "time": "19.07.2021 08:20",
            "open": "4.35",
            "high": "4.37",
            "low": "4.35",
            "close": "4.3692"
        },
        {
            "time": "19.07.2021 08:22",
            "open": "4.3692",
            "high": "4.3692",
            "low": "4.3692",
            "close": "4.3729"
        },
        {
            "time": "19.07.2021 08:24",
            "open": "4.3729",
            "high": "4.3729",
            "low": "4.3729",
            "close": "4.3637"
        },
        {
            "time": "19.07.2021 08:25",
            "open": "4.3637",
            "high": "4.3637",
            "low": "4.3636",
            "close": "4.3617"
        },
        {
            "time": "19.07.2021 08:27",
            "open": "4.3617",
            "high": "4.3617",
            "low": "4.3617",
            "close": "4.3628"
        },
        {
            "time": "19.07.2021 13:17",
            "open": "4.2026",
            "high": "4.2026",
            "low": "4.2026",
            "close": "4.2005"
        },
        {
            "time": "19.07.2021 13:19",
            "open": "4.2005",
            "high": "4.2005",
            "low": "4.2",
            "close": "4.2"
        },
        {
            "time": "19.07.2021 13:20",
            "open": "4.2",
            "high": "4.2",
            "low": "4.19",
            "close": "4.187"
        },
        {
            "time": "19.07.2021 13:21",
            "open": "4.187",
            "high": "4.187",
            "low": "4.187",
            "close": "4.185"
        },
        {
            "time": "19.07.2021 13:22",
            "open": "4.185",
            "high": "4.185",
            "low": "4.18",
            "close": "4.175"
        },
        {
            "time": "19.07.2021 13:23",
            "open": "4.175",
            "high": "4.175",
            "low": "4.175",
            "close": "4.1777"
        },
        {
            "time": "19.07.2021 13:27",
            "open": "4.1777",
            "high": "4.1777",
            "low": "4.1777",
            "close": "4.17"
        },
        {
            "time": "19.07.2021 13:32",
            "open": "4.17",
            "high": "4.17",
            "low": "4.165",
            "close": "4.16"
        },
        {
            "time": "19.07.2021 13:33",
            "open": "4.16",
            "high": "4.16",
            "low": "4.16",
            "close": "4.1567"
        },
        {
            "time": "19.07.2021 13:35",
            "open": "4.1567",
            "high": "4.1568",
            "low": "4.1567",
            "close": "4.1601"
        },
        {
            "time": "19.07.2021 13:37",
            "open": "4.1601",
            "high": "4.1741",
            "low": "4.1601",
            "close": "4.175"
        },
        {
            "time": "19.07.2021 13:38",
            "open": "4.175",
            "high": "4.18",
            "low": "4.175",
            "close": "4.185"
        },
        {
            "time": "19.07.2021 13:39",
            "open": "4.185",
            "high": "4.19",
            "low": "4.185",
            "close": "4.18"
        },
        {
            "time": "19.07.2021 13:44",
            "open": "4.18",
            "high": "4.18",
            "low": "4.18",
            "close": "4.175"
        },
        {
            "time": "19.07.2021 13:46",
            "open": "4.175",
            "high": "4.175",
            "low": "4.165",
            "close": "4.1611"
        },
        {
            "time": "19.07.2021 13:48",
            "open": "4.1611",
            "high": "4.1687",
            "low": "4.16",
            "close": "4.1627"
        },
        {
            "time": "19.07.2021 13:49",
            "open": "4.1627",
            "high": "4.1627",
            "low": "4.1627",
            "close": "4.155"
        },
        {
            "time": "19.07.2021 13:52",
            "open": "4.155",
            "high": "4.155",
            "low": "4.155",
            "close": "4.1573"
        },
        {
            "time": "19.07.2021 13:54",
            "open": "4.1573",
            "high": "4.1573",
            "low": "4.1573",
            "close": "4.1573"
        },
        {
            "time": "19.07.2021 13:55",
            "open": "4.1573",
            "high": "4.1573",
            "low": "4.1573",
            "close": "4.1556"
        },
        {
            "time": "19.07.2021 13:56",
            "open": "4.1556",
            "high": "4.1556",
            "low": "4.1556",
            "close": "4.15"
        },
        {
            "time": "19.07.2021 14:00",
            "open": "4.15",
            "high": "4.15",
            "low": "4.145",
            "close": "4.1452"
        },
        {
            "time": "19.07.2021 14:02",
            "open": "4.1452",
            "high": "4.1452",
            "low": "4.1452",
            "close": "4.1484"
        },
        {
            "time": "19.07.2021 14:04",
            "open": "4.1484",
            "high": "4.1484",
            "low": "4.1484",
            "close": "4.155"
        },
        {
            "time": "19.07.2021 14:05",
            "open": "4.155",
            "high": "4.165",
            "low": "4.155",
            "close": "4.17"
        },
        {
            "time": "19.07.2021 14:06",
            "open": "4.17",
            "high": "4.185",
            "low": "4.17",
            "close": "4.188"
        },
        {
            "time": "19.07.2021 14:07",
            "open": "4.188",
            "high": "4.188",
            "low": "4.188",
            "close": "4.175"
        },
        {
            "time": "19.07.2021 14:11",
            "open": "4.175",
            "high": "4.175",
            "low": "4.175",
            "close": "4.17"
        },
        {
            "time": "19.07.2021 14:12",
            "open": "4.17",
            "high": "4.17",
            "low": "4.17",
            "close": "4.165"
        },
        {
            "time": "19.07.2021 14:13",
            "open": "4.165",
            "high": "4.165",
            "low": "4.155",
            "close": "4.156"
        },
        {
            "time": "19.07.2021 14:14",
            "open": "4.156",
            "high": "4.156",
            "low": "4.156",
            "close": "4.1502"
        },
        {
            "time": "19.07.2021 14:15",
            "open": "4.1502",
            "high": "4.1502",
            "low": "4.1391",
            "close": "4.12"
        },
        {
            "time": "19.07.2021 14:16",
            "open": "4.12",
            "high": "4.12",
            "low": "4.1086",
            "close": "4.1206"
        },
        {
            "time": "19.07.2021 14:19",
            "open": "4.1206",
            "high": "4.1206",
            "low": "4.1206",
            "close": "4.1"
        },
        {
            "time": "19.07.2021 14:31",
            "open": "4.1",
            "high": "4.1",
            "low": "4.0866",
            "close": "4.0962"
        },
        {
            "time": "19.07.2021 14:33",
            "open": "4.0962",
            "high": "4.0962",
            "low": "4.0962",
            "close": "4.0866"
        },
        {
            "time": "19.07.2021 14:34",
            "open": "4.0866",
            "high": "4.0866",
            "low": "4.0678",
            "close": "4.059"
        },
        {
            "time": "19.07.2021 14:35",
            "open": "4.059",
            "high": "4.0856",
            "low": "4.0376",
            "close": "4.0451"
        },
        {
            "time": "19.07.2021 14:36",
            "open": "4.0451",
            "high": "4.0451",
            "low": "4.0331",
            "close": "4.0331"
        },
        {
            "time": "19.07.2021 14:37",
            "open": "4.0331",
            "high": "4.0331",
            "low": "4.0217",
            "close": "4.0169"
        },
        {
            "time": "19.07.2021 14:38",
            "open": "4.0169",
            "high": "4.0189",
            "low": "4.0085",
            "close": "4.029"
        },
        {
            "time": "19.07.2021 14:39",
            "open": "4.029",
            "high": "4.0542",
            "low": "4.029",
            "close": "4.0544"
        },
        {
            "time": "19.07.2021 14:40",
            "open": "4.0544",
            "high": "4.0544",
            "low": "4.0416",
            "close": "4.0322"
        },
        {
            "time": "19.07.2021 14:41",
            "open": "4.0322",
            "high": "4.0391",
            "low": "4.0244",
            "close": "4.0307"
        },
        {
            "time": "19.07.2021 14:44",
            "open": "4.0307",
            "high": "4.0344",
            "low": "4.0303",
            "close": "4.023"
        },
        {
            "time": "19.07.2021 14:45",
            "open": "4.023",
            "high": "4.0232",
            "low": "4.0216",
            "close": "4.0152"
        },
        {
            "time": "19.07.2021 14:46",
            "open": "4.0152",
            "high": "4.0152",
            "low": "4.0083",
            "close": "4.008"
        },
        {
            "time": "19.07.2021 14:47",
            "open": "4.008",
            "high": "4.008",
            "low": "4.008",
            "close": "4"
        },
        {
            "time": "19.07.2021 14:48",
            "open": "4",
            "high": "4",
            "low": "3.9953",
            "close": "4.012"
        },
        {
            "time": "19.07.2021 14:49",
            "open": "4.012",
            "high": "4.012",
            "low": "4.012",
            "close": "4.0068"
        },
        {
            "time": "19.07.2021 14:50",
            "open": "4.0068",
            "high": "4.0068",
            "low": "4.0068",
            "close": "4.002"
        },
        {
            "time": "19.07.2021 14:51",
            "open": "4.002",
            "high": "4.002",
            "low": "4.002",
            "close": "4.0141"
        },
        {
            "time": "19.07.2021 14:53",
            "open": "4.0141",
            "high": "4.0141",
            "low": "4.0141",
            "close": "4.0096"
        },
        {
            "time": "19.07.2021 14:54",
            "open": "4.0096",
            "high": "4.0096",
            "low": "4.0083",
            "close": "3.998"
        },
        {
            "time": "19.07.2021 14:58",
            "open": "3.998",
            "high": "3.998",
            "low": "3.998",
            "close": "3.9952"
        },
        {
            "time": "19.07.2021 14:59",
            "open": "3.9952",
            "high": "3.9952",
            "low": "3.9952",
            "close": "3.9854"
        },
        {
            "time": "19.07.2021 15:00",
            "open": "3.9854",
            "high": "3.9854",
            "low": "3.9854",
            "close": "3.9819"
        },
        {
            "time": "19.07.2021 15:01",
            "open": "3.9819",
            "high": "3.9819",
            "low": "3.9524",
            "close": "3.9734"
        },
        {
            "time": "19.07.2021 15:02",
            "open": "3.9734",
            "high": "3.9734",
            "low": "3.9575",
            "close": "3.9701"
        },
        {
            "time": "19.07.2021 15:03",
            "open": "3.9701",
            "high": "3.9701",
            "low": "3.9701",
            "close": "4.0068"
        },
        {
            "time": "19.07.2021 15:06",
            "open": "4.0068",
            "high": "4.0068",
            "low": "4.0068",
            "close": "4.0148"
        },
        {
            "time": "19.07.2021 15:07",
            "open": "4.0148",
            "high": "4.0148",
            "low": "4.0148",
            "close": "3.9842"
        },
        {
            "time": "19.07.2021 15:10",
            "open": "3.9842",
            "high": "3.9842",
            "low": "3.9842",
            "close": "3.981"
        },
        {
            "time": "19.07.2021 15:11",
            "open": "3.981",
            "high": "3.9955",
            "low": "3.981",
            "close": "3.9971"
        },
        {
            "time": "19.07.2021 15:13",
            "open": "3.9971",
            "high": "3.9971",
            "low": "3.9971",
            "close": "4.0143"
        },
        {
            "time": "19.07.2021 15:14",
            "open": "4.0143",
            "high": "4.0143",
            "low": "4.014",
            "close": "4.0049"
        },
        {
            "time": "19.07.2021 15:15",
            "open": "4.0049",
            "high": "4.0049",
            "low": "4.0049",
            "close": "4.0244"
        },
        {
            "time": "19.07.2021 15:17",
            "open": "4.0244",
            "high": "4.0248",
            "low": "4.0244",
            "close": "4.0319"
        },
        {
            "time": "19.07.2021 15:19",
            "open": "4.0319",
            "high": "4.033",
            "low": "4.0319",
            "close": "4.0216"
        },
        {
            "time": "19.07.2021 15:20",
            "open": "4.0216",
            "high": "4.0216",
            "low": "4.0152",
            "close": "4.02"
        },
        {
            "time": "19.07.2021 15:21",
            "open": "4.02",
            "high": "4.02",
            "low": "4.02",
            "close": "4"
        },
        {
            "time": "19.07.2021 15:30",
            "open": "4",
            "high": "4",
            "low": "4",
            "close": "3.9951"
        },
        {
            "time": "19.07.2021 15:38",
            "open": "3.9951",
            "high": "3.9951",
            "low": "3.9951",
            "close": "3.991"
        },
        {
            "time": "19.07.2021 15:39",
            "open": "3.991",
            "high": "3.991",
            "low": "3.991",
            "close": "3.9907"
        },
        {
            "time": "19.07.2021 15:40",
            "open": "3.9907",
            "high": "3.9947",
            "low": "3.9875",
            "close": "3.9857"
        },
        {
            "time": "19.07.2021 15:44",
            "open": "3.9857",
            "high": "3.9857",
            "low": "3.9857",
            "close": "3.9798"
        },
        {
            "time": "19.07.2021 15:46",
            "open": "3.9798",
            "high": "3.9798",
            "low": "3.9787",
            "close": "3.9757"
        },
        {
            "time": "19.07.2021 15:48",
            "open": "3.9757",
            "high": "3.9757",
            "low": "3.9757",
            "close": "3.9701"
        },
        {
            "time": "19.07.2021 15:49",
            "open": "3.9701",
            "high": "3.9701",
            "low": "3.9701",
            "close": "3.9592"
        },
        {
            "time": "19.07.2021 15:57",
            "open": "3.9592",
            "high": "3.9592",
            "low": "3.9592",
            "close": "3.9601"
        },
        {
            "time": "19.07.2021 15:59",
            "open": "3.9601",
            "high": "3.9601",
            "low": "3.9601",
            "close": "3.9976"
        },
        {
            "time": "19.07.2021 16:10",
            "open": "3.9976",
            "high": "3.9983",
            "low": "3.9976",
            "close": "3.9985"
        },
        {
            "time": "19.07.2021 16:11",
            "open": "3.9985",
            "high": "3.9985",
            "low": "3.9985",
            "close": "3.9954"
        },
        {
            "time": "19.07.2021 16:17",
            "open": "3.9954",
            "high": "3.9971",
            "low": "3.9954",
            "close": "4.0016"
        },
        {
            "time": "19.07.2021 16:21",
            "open": "4.0016",
            "high": "4.0016",
            "low": "4.0016",
            "close": "4.0059"
        },
        {
            "time": "19.07.2021 16:22",
            "open": "4.0059",
            "high": "4.0059",
            "low": "4.0059",
            "close": "4.002"
        },
        {
            "time": "19.07.2021 16:24",
            "open": "4.002",
            "high": "4.002",
            "low": "4.002",
            "close": "3.9932"
        },
        {
            "time": "19.07.2021 16:25",
            "open": "3.9932",
            "high": "3.9932",
            "low": "3.9932",
            "close": "3.9811"
        },
        {
            "time": "19.07.2021 16:28",
            "open": "3.9811",
            "high": "3.9811",
            "low": "3.9811",
            "close": "4.0016"
        },
        {
            "time": "19.07.2021 16:32",
            "open": "4.0016",
            "high": "4.0016",
            "low": "4.0016",
            "close": "4.0111"
        },
        {
            "time": "19.07.2021 16:33",
            "open": "4.0111",
            "high": "4.0111",
            "low": "4.0111",
            "close": "4.0272"
        },
        {
            "time": "19.07.2021 16:39",
            "open": "4.0272",
            "high": "4.0272",
            "low": "4.0271",
            "close": "4.0353"
        },
        {
            "time": "19.07.2021 16:40",
            "open": "4.0353",
            "high": "4.0353",
            "low": "4.0353",
            "close": "4.0434"
        },
        {
            "time": "19.07.2021 16:48",
            "open": "4.0434",
            "high": "4.0434",
            "low": "4.0434",
            "close": "4.0342"
        },
        {
            "time": "19.07.2021 16:52",
            "open": "4.0342",
            "high": "4.0342",
            "low": "4.0342",
            "close": "4.0358"
        },
        {
            "time": "19.07.2021 17:00",
            "open": "4.0358",
            "high": "4.0423",
            "low": "4.0358",
            "close": "4.0646"
        },
        {
            "time": "19.07.2021 17:12",
            "open": "4.0646",
            "high": "4.0646",
            "low": "4.0646",
            "close": "4.0771"
        },
        {
            "time": "19.07.2021 17:13",
            "open": "4.0771",
            "high": "4.0771",
            "low": "4.0771",
            "close": "4.0481"
        },
        {
            "time": "19.07.2021 17:27",
            "open": "4.0481",
            "high": "4.0481",
            "low": "4.0398",
            "close": "4.0354"
        },
        {
            "time": "19.07.2021 17:28",
            "open": "4.0354",
            "high": "4.0354",
            "low": "4.0354",
            "close": "4.0078"
        },
        {
            "time": "19.07.2021 17:39",
            "open": "4.0078",
            "high": "4.0078",
            "low": "4.0078",
            "close": "4.0123"
        },
        {
            "time": "19.07.2021 17:40",
            "open": "4.0123",
            "high": "4.0123",
            "low": "4.0123",
            "close": "4.012"
        },
        {
            "time": "19.07.2021 17:42",
            "open": "4.012",
            "high": "4.012",
            "low": "4.012",
            "close": "4.0355"
        },
        {
            "time": "19.07.2021 17:49",
            "open": "4.0355",
            "high": "4.0355",
            "low": "4.0355",
            "close": "4.0167"
        },
        {
            "time": "19.07.2021 17:56",
            "open": "4.0167",
            "high": "4.0167",
            "low": "4.0167",
            "close": "4.0051"
        },
        {
            "time": "19.07.2021 18:33",
            "open": "4.0051",
            "high": "4.0051",
            "low": "4.0051",
            "close": "4.0051"
        },
        {
            "time": "19.07.2021 18:39",
            "open": "4.0051",
            "high": "4.0051",
            "low": "4.0051",
            "close": "4.0184"
        },
        {
            "time": "19.07.2021 18:41",
            "open": "4.0184",
            "high": "4.0184",
            "low": "4.0184",
            "close": "4.0152"
        },
        {
            "time": "19.07.2021 18:45",
            "open": "4.0152",
            "high": "4.0152",
            "low": "4.0152",
            "close": "4.011"
        },
        {
            "time": "19.07.2021 18:46",
            "open": "4.011",
            "high": "4.011",
            "low": "4.011",
            "close": "4.0251"
        },
        {
            "time": "19.07.2021 18:49",
            "open": "4.0251",
            "high": "4.0251",
            "low": "4.0251",
            "close": "4.0189"
        },
        {
            "time": "19.07.2021 18:59",
            "open": "4.0189",
            "high": "4.0189",
            "low": "4.0189",
            "close": "4.0173"
        },
        {
            "time": "19.07.2021 19:05",
            "open": "4.0173",
            "high": "4.0173",
            "low": "4.0173",
            "close": "4.0163"
        },
        {
            "time": "19.07.2021 19:07",
            "open": "4.0163",
            "high": "4.0163",
            "low": "4.0108",
            "close": "4.0104"
        },
        {
            "time": "19.07.2021 19:08",
            "open": "4.0104",
            "high": "4.0104",
            "low": "4.0104",
            "close": "4.0179"
        },
        {
            "time": "19.07.2021 19:09",
            "open": "4.0179",
            "high": "4.0179",
            "low": "4.0179",
            "close": "4.0319"
        },
        {
            "time": "19.07.2021 19:11",
            "open": "4.0319",
            "high": "4.0319",
            "low": "4.0319",
            "close": "4.0338"
        },
        {
            "time": "19.07.2021 19:20",
            "open": "4.0338",
            "high": "4.0338",
            "low": "4.0338",
            "close": "4.0348"
        },
        {
            "time": "19.07.2021 19:21",
            "open": "4.0348",
            "high": "4.0348",
            "low": "4.0348",
            "close": "4.0409"
        },
        {
            "time": "19.07.2021 19:40",
            "open": "4.0409",
            "high": "4.0409",
            "low": "4.0409",
            "close": "4.0398"
        },
        {
            "time": "19.07.2021 19:43",
            "open": "4.0398",
            "high": "4.0398",
            "low": "4.0398",
            "close": "4.0394"
        },
        {
            "time": "19.07.2021 19:55",
            "open": "4.0394",
            "high": "4.0394",
            "low": "4.0394",
            "close": "4.0422"
        },
        {
            "time": "19.07.2021 19:59",
            "open": "4.0422",
            "high": "4.0422",
            "low": "4.0422",
            "close": "4.0455"
        },
        {
            "time": "19.07.2021 20:00",
            "open": "4.0455",
            "high": "4.0455",
            "low": "4.0455",
            "close": "4.0543"
        },
        {
            "time": "19.07.2021 20:03",
            "open": "4.0543",
            "high": "4.0543",
            "low": "4.0543",
            "close": "4.0437"
        },
        {
            "time": "19.07.2021 20:05",
            "open": "4.0437",
            "high": "4.0437",
            "low": "4.0413",
            "close": "4.0474"
        },
        {
            "time": "19.07.2021 20:07",
            "open": "4.0474",
            "high": "4.0475",
            "low": "4.0474",
            "close": "4.0511"
        },
        {
            "time": "19.07.2021 20:10",
            "open": "4.0511",
            "high": "4.0511",
            "low": "4.0511",
            "close": "4.0542"
        },
        {
            "time": "19.07.2021 20:12",
            "open": "4.0542",
            "high": "4.0542",
            "low": "4.0542",
            "close": "4.0482"
        },
        {
            "time": "19.07.2021 20:14",
            "open": "4.0482",
            "high": "4.0482",
            "low": "4.0482",
            "close": "4.0337"
        },
        {
            "time": "19.07.2021 20:17",
            "open": "4.0337",
            "high": "4.0339",
            "low": "4.0337",
            "close": "4.0436"
        },
        {
            "time": "19.07.2021 20:23",
            "open": "4.0436",
            "high": "4.0436",
            "low": "4.0436",
            "close": "4.0421"
        },
        {
            "time": "19.07.2021 20:30",
            "open": "4.0421",
            "high": "4.0421",
            "low": "4.0329",
            "close": "4.0488"
        },
        {
            "time": "19.07.2021 20:42",
            "open": "4.0488",
            "high": "4.0488",
            "low": "4.0488",
            "close": "4.0386"
        },
        {
            "time": "19.07.2021 20:43",
            "open": "4.0386",
            "high": "4.0386",
            "low": "4.0386",
            "close": "4.0052"
        },
        {
            "time": "19.07.2021 20:52",
            "open": "4.0052",
            "high": "4.0052",
            "low": "4.0052",
            "close": "4.0009"
        },
        {
            "time": "19.07.2021 20:57",
            "open": "4.0009",
            "high": "4.0009",
            "low": "3.9917",
            "close": "4.0051"
        },
        {
            "time": "19.07.2021 21:00",
            "open": "4.0051",
            "high": "4.0052",
            "low": "4.0051",
            "close": "4.0043"
        },
        {
            "time": "19.07.2021 21:06",
            "open": "4.0043",
            "high": "4.0043",
            "low": "4.0043",
            "close": "3.9957"
        },
        {
            "time": "19.07.2021 21:20",
            "open": "3.9957",
            "high": "3.9957",
            "low": "3.9957",
            "close": "3.9909"
        },
        {
            "time": "19.07.2021 21:25",
            "open": "3.9909",
            "high": "3.9909",
            "low": "3.9909",
            "close": "4.0055"
        },
        {
            "time": "19.07.2021 21:33",
            "open": "4.0055",
            "high": "4.0055",
            "low": "4.0055",
            "close": "4.0138"
        },
        {
            "time": "19.07.2021 21:42",
            "open": "4.0138",
            "high": "4.0147",
            "low": "4.0138",
            "close": "4.0122"
        },
        {
            "time": "19.07.2021 21:54",
            "open": "4.0122",
            "high": "4.0122",
            "low": "4.0122",
            "close": "4.0134"
        },
        {
            "time": "19.07.2021 22:02",
            "open": "4.0134",
            "high": "4.0134",
            "low": "4.0134",
            "close": "4.0053"
        },
        {
            "time": "19.07.2021 22:06",
            "open": "4.0053",
            "high": "4.0053",
            "low": "3.9994",
            "close": "3.9953"
        },
        {
            "time": "19.07.2021 22:24",
            "open": "3.9953",
            "high": "3.9953",
            "low": "3.9953",
            "close": "3.9905"
        },
        {
            "time": "19.07.2021 22:31",
            "open": "3.9905",
            "high": "3.9905",
            "low": "3.9905",
            "close": "3.9974"
        },
        {
            "time": "19.07.2021 22:38",
            "open": "3.9974",
            "high": "3.9974",
            "low": "3.9974",
            "close": "4.0225"
        },
        {
            "time": "19.07.2021 22:47",
            "open": "4.0225",
            "high": "4.0225",
            "low": "4.0213",
            "close": "4.0043"
        },
        {
            "time": "19.07.2021 23:01",
            "open": "4.0043",
            "high": "4.0043",
            "low": "4.0043",
            "close": "4.026"
        },
        {
            "time": "19.07.2021 23:03",
            "open": "4.026",
            "high": "4.0309",
            "low": "4.026",
            "close": "4.0451"
        },
        {
            "time": "19.07.2021 23:18",
            "open": "4.0451",
            "high": "4.0451",
            "low": "4.0451",
            "close": "4.0559"
        },
        {
            "time": "19.07.2021 23:22",
            "open": "4.0559",
            "high": "4.0573",
            "low": "4.0559",
            "close": "4.0142"
        },
        {
            "time": "19.07.2021 23:46",
            "open": "4.0142",
            "high": "4.0142",
            "low": "4.0142",
            "close": "4.0132"
        },
        {
            "time": "19.07.2021 23:47",
            "open": "4.0132",
            "high": "4.0132",
            "low": "4.0132",
            "close": "3.991"
        }
    ]
}