{
    "CGLD-EUR": [
        {
            "time": "14.12.2020 23:48",
            "open": "1.39",
            "high": "1.39",
            "low": "1.39",
            "close": "1.39"
        },
        {
            "time": "15.12.2020 00:04",
            "open": "1.39",
            "high": "1.39",
            "low": "1.39",
            "close": "1.3932"
        },
        {
            "time": "15.12.2020 00:21",
            "open": "1.3932",
            "high": "1.3935",
            "low": "1.3932",
            "close": "1.3929"
        },
        {
            "time": "15.12.2020 00:22",
            "open": "1.3929",
            "high": "1.393",
            "low": "1.3929",
            "close": "1.39"
        },
        {
            "time": "15.12.2020 00:41",
            "open": "1.39",
            "high": "1.39",
            "low": "1.39",
            "close": "1.39"
        },
        {
            "time": "15.12.2020 00:42",
            "open": "1.39",
            "high": "1.39",
            "low": "1.39",
            "close": "1.3919"
        },
        {
            "time": "15.12.2020 00:43",
            "open": "1.3919",
            "high": "1.3919",
            "low": "1.3919",
            "close": "1.39"
        },
        {
            "time": "15.12.2020 00:57",
            "open": "1.39",
            "high": "1.39",
            "low": "1.39",
            "close": "1.39"
        },
        {
            "time": "15.12.2020 01:01",
            "open": "1.39",
            "high": "1.39",
            "low": "1.39",
            "close": "1.39"
        },
        {
            "time": "15.12.2020 01:05",
            "open": "1.39",
            "high": "1.39",
            "low": "1.39",
            "close": "1.39"
        },
        {
            "time": "15.12.2020 01:28",
            "open": "1.39",
            "high": "1.39",
            "low": "1.39",
            "close": "1.3925"
        },
        {
            "time": "15.12.2020 01:42",
            "open": "1.3925",
            "high": "1.3925",
            "low": "1.3925",
            "close": "1.3928"
        },
        {
            "time": "15.12.2020 02:34",
            "open": "1.3928",
            "high": "1.3928",
            "low": "1.3928",
            "close": "1.3978"
        },
        {
            "time": "15.12.2020 03:05",
            "open": "1.3978",
            "high": "1.3978",
            "low": "1.3978",
            "close": "1.4"
        },
        {
            "time": "15.12.2020 03:08",
            "open": "1.4",
            "high": "1.4",
            "low": "1.4",
            "close": "1.4002"
        },
        {
            "time": "15.12.2020 03:09",
            "open": "1.4002",
            "high": "1.4002",
            "low": "1.4002",
            "close": "1.404"
        },
        {
            "time": "15.12.2020 03:16",
            "open": "1.404",
            "high": "1.404",
            "low": "1.404",
            "close": "1.4052"
        },
        {
            "time": "15.12.2020 03:17",
            "open": "1.4052",
            "high": "1.4078",
            "low": "1.4052",
            "close": "1.4079"
        },
        {
            "time": "15.12.2020 03:23",
            "open": "1.4079",
            "high": "1.4133",
            "low": "1.4079",
            "close": "1.4102"
        },
        {
            "time": "15.12.2020 04:19",
            "open": "1.4102",
            "high": "1.4102",
            "low": "1.4102",
            "close": "1.4099"
        },
        {
            "time": "15.12.2020 04:36",
            "open": "1.4099",
            "high": "1.4156",
            "low": "1.4099",
            "close": "1.4094"
        },
        {
            "time": "15.12.2020 04:45",
            "open": "1.4094",
            "high": "1.4094",
            "low": "1.4094",
            "close": "1.4096"
        },
        {
            "time": "15.12.2020 04:51",
            "open": "1.4096",
            "high": "1.4096",
            "low": "1.4096",
            "close": "1.4135"
        },
        {
            "time": "15.12.2020 05:03",
            "open": "1.4135",
            "high": "1.4135",
            "low": "1.4135",
            "close": "1.4157"
        },
        {
            "time": "15.12.2020 05:38",
            "open": "1.4157",
            "high": "1.4164",
            "low": "1.4157",
            "close": "1.4101"
        },
        {
            "time": "15.12.2020 05:40",
            "open": "1.4101",
            "high": "1.4101",
            "low": "1.4101",
            "close": "1.4096"
        },
        {
            "time": "15.12.2020 05:48",
            "open": "1.4096",
            "high": "1.4167",
            "low": "1.4094",
            "close": "1.4091"
        },
        {
            "time": "15.12.2020 05:53",
            "open": "1.4091",
            "high": "1.4091",
            "low": "1.4091",
            "close": "1.4065"
        },
        {
            "time": "15.12.2020 05:59",
            "open": "1.4065",
            "high": "1.4065",
            "low": "1.4064",
            "close": "1.4094"
        },
        {
            "time": "15.12.2020 06:25",
            "open": "1.4094",
            "high": "1.4103",
            "low": "1.4094",
            "close": "1.4097"
        },
        {
            "time": "15.12.2020 06:27",
            "open": "1.4097",
            "high": "1.4097",
            "low": "1.4097",
            "close": "1.4102"
        },
        {
            "time": "15.12.2020 06:30",
            "open": "1.4102",
            "high": "1.4102",
            "low": "1.4102",
            "close": "1.4105"
        },
        {
            "time": "15.12.2020 06:33",
            "open": "1.4105",
            "high": "1.4105",
            "low": "1.4105",
            "close": "1.4002"
        },
        {
            "time": "15.12.2020 06:51",
            "open": "1.4002",
            "high": "1.4002",
            "low": "1.4002",
            "close": "1.3979"
        },
        {
            "time": "15.12.2020 06:54",
            "open": "1.3979",
            "high": "1.3979",
            "low": "1.3979",
            "close": "1.3984"
        },
        {
            "time": "15.12.2020 06:55",
            "open": "1.3984",
            "high": "1.3984",
            "low": "1.3968",
            "close": "1.3962"
        },
        {
            "time": "15.12.2020 07:03",
            "open": "1.3962",
            "high": "1.3962",
            "low": "1.3962",
            "close": "1.394"
        },
        {
            "time": "15.12.2020 07:18",
            "open": "1.394",
            "high": "1.394",
            "low": "1.3928",
            "close": "1.3928"
        },
        {
            "time": "15.12.2020 07:25",
            "open": "1.3928",
            "high": "1.3928",
            "low": "1.3928",
            "close": "1.3932"
        },
        {
            "time": "15.12.2020 07:50",
            "open": "1.3932",
            "high": "1.3932",
            "low": "1.3932",
            "close": "1.393"
        },
        {
            "time": "15.12.2020 08:05",
            "open": "1.393",
            "high": "1.393",
            "low": "1.3925",
            "close": "1.3929"
        },
        {
            "time": "15.12.2020 08:15",
            "open": "1.3929",
            "high": "1.3929",
            "low": "1.3929",
            "close": "1.3979"
        },
        {
            "time": "15.12.2020 08:16",
            "open": "1.3979",
            "high": "1.3995",
            "low": "1.3979",
            "close": "1.3989"
        },
        {
            "time": "15.12.2020 08:36",
            "open": "1.3989",
            "high": "1.3991",
            "low": "1.3989",
            "close": "1.3934"
        },
        {
            "time": "15.12.2020 08:46",
            "open": "1.3934",
            "high": "1.3934",
            "low": "1.3934",
            "close": "1.3936"
        },
        {
            "time": "15.12.2020 08:52",
            "open": "1.3936",
            "high": "1.3936",
            "low": "1.3936",
            "close": "1.3947"
        },
        {
            "time": "15.12.2020 09:12",
            "open": "1.3947",
            "high": "1.3947",
            "low": "1.3947",
            "close": "1.3944"
        },
        {
            "time": "15.12.2020 09:16",
            "open": "1.3944",
            "high": "1.3944",
            "low": "1.3944",
            "close": "1.3914"
        },
        {
            "time": "15.12.2020 09:19",
            "open": "1.3914",
            "high": "1.3914",
            "low": "1.3899",
            "close": "1.3864"
        },
        {
            "time": "15.12.2020 09:20",
            "open": "1.3864",
            "high": "1.3864",
            "low": "1.3765",
            "close": "1.3765"
        },
        {
            "time": "15.12.2020 09:21",
            "open": "1.3765",
            "high": "1.3765",
            "low": "1.3735",
            "close": "1.3712"
        },
        {
            "time": "15.12.2020 09:22",
            "open": "1.3712",
            "high": "1.3721",
            "low": "1.3708",
            "close": "1.3719"
        },
        {
            "time": "15.12.2020 09:24",
            "open": "1.3719",
            "high": "1.3719",
            "low": "1.3719",
            "close": "1.3737"
        },
        {
            "time": "15.12.2020 09:28",
            "open": "1.3737",
            "high": "1.3737",
            "low": "1.3737",
            "close": "1.373"
        },
        {
            "time": "15.12.2020 09:31",
            "open": "1.373",
            "high": "1.373",
            "low": "1.373",
            "close": "1.373"
        },
        {
            "time": "15.12.2020 09:32",
            "open": "1.373",
            "high": "1.373",
            "low": "1.373",
            "close": "1.3732"
        },
        {
            "time": "15.12.2020 09:35",
            "open": "1.3732",
            "high": "1.3732",
            "low": "1.3732",
            "close": "1.3735"
        },
        {
            "time": "15.12.2020 09:37",
            "open": "1.3735",
            "high": "1.376",
            "low": "1.3735",
            "close": "1.3886"
        },
        {
            "time": "15.12.2020 09:40",
            "open": "1.3886",
            "high": "1.3886",
            "low": "1.388",
            "close": "1.3901"
        },
        {
            "time": "15.12.2020 09:41",
            "open": "1.3901",
            "high": "1.3901",
            "low": "1.389",
            "close": "1.3886"
        },
        {
            "time": "15.12.2020 09:42",
            "open": "1.3886",
            "high": "1.3886",
            "low": "1.388",
            "close": "1.387"
        },
        {
            "time": "15.12.2020 09:43",
            "open": "1.387",
            "high": "1.387",
            "low": "1.387",
            "close": "1.3832"
        },
        {
            "time": "15.12.2020 10:02",
            "open": "1.3832",
            "high": "1.3832",
            "low": "1.3832",
            "close": "1.3821"
        },
        {
            "time": "15.12.2020 10:11",
            "open": "1.3821",
            "high": "1.3881",
            "low": "1.3821",
            "close": "1.3878"
        },
        {
            "time": "15.12.2020 10:19",
            "open": "1.3878",
            "high": "1.3878",
            "low": "1.3878",
            "close": "1.3826"
        },
        {
            "time": "15.12.2020 10:20",
            "open": "1.3826",
            "high": "1.3826",
            "low": "1.3826",
            "close": "1.3871"
        },
        {
            "time": "15.12.2020 10:23",
            "open": "1.3871",
            "high": "1.3874",
            "low": "1.3871",
            "close": "1.3887"
        },
        {
            "time": "15.12.2020 10:27",
            "open": "1.3887",
            "high": "1.3887",
            "low": "1.3887",
            "close": "1.3881"
        },
        {
            "time": "15.12.2020 10:29",
            "open": "1.3881",
            "high": "1.3883",
            "low": "1.3881",
            "close": "1.3887"
        },
        {
            "time": "15.12.2020 10:36",
            "open": "1.3887",
            "high": "1.3888",
            "low": "1.3887",
            "close": "1.3888"
        },
        {
            "time": "15.12.2020 11:06",
            "open": "1.3888",
            "high": "1.3888",
            "low": "1.3888",
            "close": "1.3883"
        },
        {
            "time": "15.12.2020 11:07",
            "open": "1.3883",
            "high": "1.3884",
            "low": "1.3883",
            "close": "1.3828"
        },
        {
            "time": "15.12.2020 11:29",
            "open": "1.3828",
            "high": "1.3828",
            "low": "1.3815",
            "close": "1.3825"
        },
        {
            "time": "15.12.2020 11:32",
            "open": "1.3825",
            "high": "1.3825",
            "low": "1.3825",
            "close": "1.3878"
        },
        {
            "time": "15.12.2020 11:35",
            "open": "1.3878",
            "high": "1.3879",
            "low": "1.3878",
            "close": "1.3879"
        },
        {
            "time": "15.12.2020 11:51",
            "open": "1.3879",
            "high": "1.3879",
            "low": "1.3879",
            "close": "1.384"
        },
        {
            "time": "15.12.2020 11:53",
            "open": "1.384",
            "high": "1.384",
            "low": "1.384",
            "close": "1.3888"
        },
        {
            "time": "15.12.2020 11:55",
            "open": "1.3888",
            "high": "1.3888",
            "low": "1.3888",
            "close": "1.3888"
        },
        {
            "time": "15.12.2020 12:03",
            "open": "1.3888",
            "high": "1.3888",
            "low": "1.3888",
            "close": "1.3922"
        },
        {
            "time": "15.12.2020 12:06",
            "open": "1.3922",
            "high": "1.3923",
            "low": "1.3922",
            "close": "1.3856"
        },
        {
            "time": "15.12.2020 12:20",
            "open": "1.3856",
            "high": "1.3856",
            "low": "1.3856",
            "close": "1.3859"
        },
        {
            "time": "15.12.2020 12:24",
            "open": "1.3859",
            "high": "1.391",
            "low": "1.3859",
            "close": "1.3901"
        },
        {
            "time": "15.12.2020 12:27",
            "open": "1.3901",
            "high": "1.3902",
            "low": "1.3901",
            "close": "1.3849"
        },
        {
            "time": "15.12.2020 12:34",
            "open": "1.3849",
            "high": "1.3849",
            "low": "1.3849",
            "close": "1.3841"
        },
        {
            "time": "15.12.2020 12:37",
            "open": "1.3841",
            "high": "1.3841",
            "low": "1.3841",
            "close": "1.3872"
        },
        {
            "time": "15.12.2020 12:42",
            "open": "1.3872",
            "high": "1.3874",
            "low": "1.3872",
            "close": "1.3807"
        },
        {
            "time": "15.12.2020 12:51",
            "open": "1.3807",
            "high": "1.3807",
            "low": "1.3807",
            "close": "1.38"
        },
        {
            "time": "15.12.2020 12:52",
            "open": "1.38",
            "high": "1.38",
            "low": "1.379",
            "close": "1.3823"
        },
        {
            "time": "15.12.2020 12:53",
            "open": "1.3823",
            "high": "1.3823",
            "low": "1.3823",
            "close": "1.3792"
        },
        {
            "time": "15.12.2020 13:03",
            "open": "1.3792",
            "high": "1.3792",
            "low": "1.3792",
            "close": "1.3796"
        },
        {
            "time": "15.12.2020 13:08",
            "open": "1.3796",
            "high": "1.3796",
            "low": "1.3796",
            "close": "1.3797"
        },
        {
            "time": "15.12.2020 13:09",
            "open": "1.3797",
            "high": "1.3797",
            "low": "1.3797",
            "close": "1.3842"
        },
        {
            "time": "15.12.2020 13:14",
            "open": "1.3842",
            "high": "1.3844",
            "low": "1.3842",
            "close": "1.3843"
        },
        {
            "time": "15.12.2020 13:20",
            "open": "1.3843",
            "high": "1.3845",
            "low": "1.3843",
            "close": "1.3854"
        },
        {
            "time": "15.12.2020 13:21",
            "open": "1.3854",
            "high": "1.3854",
            "low": "1.3854",
            "close": "1.3854"
        },
        {
            "time": "15.12.2020 13:22",
            "open": "1.3854",
            "high": "1.3854",
            "low": "1.3854",
            "close": "1.385"
        },
        {
            "time": "15.12.2020 13:25",
            "open": "1.385",
            "high": "1.385",
            "low": "1.385",
            "close": "1.385"
        },
        {
            "time": "15.12.2020 13:46",
            "open": "1.385",
            "high": "1.385",
            "low": "1.385",
            "close": "1.384"
        },
        {
            "time": "15.12.2020 13:47",
            "open": "1.384",
            "high": "1.384",
            "low": "1.384",
            "close": "1.383"
        },
        {
            "time": "15.12.2020 13:52",
            "open": "1.383",
            "high": "1.383",
            "low": "1.38",
            "close": "1.3827"
        },
        {
            "time": "15.12.2020 13:56",
            "open": "1.3827",
            "high": "1.3834",
            "low": "1.379",
            "close": "1.3826"
        },
        {
            "time": "15.12.2020 14:24",
            "open": "1.3826",
            "high": "1.3826",
            "low": "1.3826",
            "close": "1.3828"
        },
        {
            "time": "15.12.2020 14:26",
            "open": "1.3828",
            "high": "1.3828",
            "low": "1.3828",
            "close": "1.3883"
        },
        {
            "time": "15.12.2020 14:35",
            "open": "1.3883",
            "high": "1.3883",
            "low": "1.3883",
            "close": "1.3828"
        },
        {
            "time": "15.12.2020 14:40",
            "open": "1.3828",
            "high": "1.3828",
            "low": "1.3828",
            "close": "1.3828"
        },
        {
            "time": "15.12.2020 14:44",
            "open": "1.3828",
            "high": "1.3828",
            "low": "1.3828",
            "close": "1.3862"
        },
        {
            "time": "15.12.2020 14:51",
            "open": "1.3862",
            "high": "1.3875",
            "low": "1.3862",
            "close": "1.3875"
        },
        {
            "time": "15.12.2020 14:55",
            "open": "1.3875",
            "high": "1.3875",
            "low": "1.3875",
            "close": "1.3855"
        },
        {
            "time": "15.12.2020 14:58",
            "open": "1.3855",
            "high": "1.3857",
            "low": "1.3855",
            "close": "1.3879"
        },
        {
            "time": "15.12.2020 14:59",
            "open": "1.3879",
            "high": "1.3879",
            "low": "1.3879",
            "close": "1.3879"
        },
        {
            "time": "15.12.2020 15:01",
            "open": "1.3879",
            "high": "1.3879",
            "low": "1.3879",
            "close": "1.3879"
        },
        {
            "time": "15.12.2020 15:03",
            "open": "1.3879",
            "high": "1.3879",
            "low": "1.3879",
            "close": "1.3846"
        },
        {
            "time": "15.12.2020 15:13",
            "open": "1.3846",
            "high": "1.3846",
            "low": "1.3846",
            "close": "1.3888"
        },
        {
            "time": "15.12.2020 15:16",
            "open": "1.3888",
            "high": "1.3888",
            "low": "1.3888",
            "close": "1.3828"
        },
        {
            "time": "15.12.2020 15:30",
            "open": "1.3828",
            "high": "1.3829",
            "low": "1.3826",
            "close": "1.3829"
        },
        {
            "time": "15.12.2020 15:31",
            "open": "1.3829",
            "high": "1.3876",
            "low": "1.3826",
            "close": "1.3826"
        },
        {
            "time": "15.12.2020 15:33",
            "open": "1.3826",
            "high": "1.3826",
            "low": "1.3826",
            "close": "1.3844"
        },
        {
            "time": "15.12.2020 15:44",
            "open": "1.3844",
            "high": "1.3845",
            "low": "1.3844",
            "close": "1.3801"
        },
        {
            "time": "15.12.2020 15:45",
            "open": "1.3801",
            "high": "1.3801",
            "low": "1.379",
            "close": "1.379"
        },
        {
            "time": "15.12.2020 15:46",
            "open": "1.379",
            "high": "1.379",
            "low": "1.379",
            "close": "1.379"
        },
        {
            "time": "15.12.2020 15:47",
            "open": "1.379",
            "high": "1.379",
            "low": "1.379",
            "close": "1.379"
        },
        {
            "time": "15.12.2020 15:48",
            "open": "1.379",
            "high": "1.379",
            "low": "1.379",
            "close": "1.379"
        },
        {
            "time": "15.12.2020 15:49",
            "open": "1.379",
            "high": "1.379",
            "low": "1.379",
            "close": "1.379"
        },
        {
            "time": "15.12.2020 16:00",
            "open": "1.379",
            "high": "1.379",
            "low": "1.379",
            "close": "1.379"
        },
        {
            "time": "15.12.2020 16:02",
            "open": "1.379",
            "high": "1.379",
            "low": "1.379",
            "close": "1.379"
        },
        {
            "time": "15.12.2020 16:04",
            "open": "1.379",
            "high": "1.379",
            "low": "1.379",
            "close": "1.3791"
        },
        {
            "time": "15.12.2020 16:05",
            "open": "1.3791",
            "high": "1.3791",
            "low": "1.3791",
            "close": "1.3835"
        },
        {
            "time": "15.12.2020 16:10",
            "open": "1.3835",
            "high": "1.3835",
            "low": "1.3835",
            "close": "1.3831"
        },
        {
            "time": "15.12.2020 16:20",
            "open": "1.3831",
            "high": "1.3831",
            "low": "1.3831",
            "close": "1.3793"
        },
        {
            "time": "15.12.2020 16:40",
            "open": "1.3793",
            "high": "1.3793",
            "low": "1.3793",
            "close": "1.3791"
        },
        {
            "time": "15.12.2020 16:46",
            "open": "1.3791",
            "high": "1.3791",
            "low": "1.3791",
            "close": "1.3834"
        },
        {
            "time": "15.12.2020 16:50",
            "open": "1.3834",
            "high": "1.3838",
            "low": "1.3834",
            "close": "1.3847"
        },
        {
            "time": "15.12.2020 16:51",
            "open": "1.3847",
            "high": "1.3847",
            "low": "1.3847",
            "close": "1.3794"
        },
        {
            "time": "15.12.2020 16:53",
            "open": "1.3794",
            "high": "1.3794",
            "low": "1.3794",
            "close": "1.3832"
        },
        {
            "time": "15.12.2020 17:07",
            "open": "1.3832",
            "high": "1.3832",
            "low": "1.3832",
            "close": "1.3799"
        },
        {
            "time": "15.12.2020 17:18",
            "open": "1.3799",
            "high": "1.3799",
            "low": "1.3799",
            "close": "1.3807"
        },
        {
            "time": "15.12.2020 17:22",
            "open": "1.3807",
            "high": "1.383",
            "low": "1.3805",
            "close": "1.3804"
        },
        {
            "time": "15.12.2020 17:37",
            "open": "1.3804",
            "high": "1.3804",
            "low": "1.379",
            "close": "1.379"
        },
        {
            "time": "15.12.2020 17:38",
            "open": "1.379",
            "high": "1.379",
            "low": "1.379",
            "close": "1.379"
        },
        {
            "time": "15.12.2020 17:39",
            "open": "1.379",
            "high": "1.379",
            "low": "1.379",
            "close": "1.379"
        },
        {
            "time": "15.12.2020 17:40",
            "open": "1.379",
            "high": "1.379",
            "low": "1.379",
            "close": "1.379"
        },
        {
            "time": "15.12.2020 17:42",
            "open": "1.379",
            "high": "1.379",
            "low": "1.379",
            "close": "1.379"
        },
        {
            "time": "15.12.2020 17:43",
            "open": "1.379",
            "high": "1.379",
            "low": "1.379",
            "close": "1.3806"
        },
        {
            "time": "15.12.2020 17:44",
            "open": "1.3806",
            "high": "1.3806",
            "low": "1.3806",
            "close": "1.379"
        },
        {
            "time": "15.12.2020 17:45",
            "open": "1.379",
            "high": "1.379",
            "low": "1.379",
            "close": "1.3791"
        },
        {
            "time": "15.12.2020 17:47",
            "open": "1.3791",
            "high": "1.3791",
            "low": "1.3791",
            "close": "1.379"
        },
        {
            "time": "15.12.2020 17:48",
            "open": "1.379",
            "high": "1.379",
            "low": "1.379",
            "close": "1.3832"
        },
        {
            "time": "15.12.2020 17:49",
            "open": "1.3832",
            "high": "1.3832",
            "low": "1.3832",
            "close": "1.3852"
        },
        {
            "time": "15.12.2020 17:52",
            "open": "1.3852",
            "high": "1.3852",
            "low": "1.3846",
            "close": "1.3839"
        },
        {
            "time": "15.12.2020 17:53",
            "open": "1.3839",
            "high": "1.3839",
            "low": "1.3833",
            "close": "1.3862"
        },
        {
            "time": "15.12.2020 17:57",
            "open": "1.3862",
            "high": "1.3862",
            "low": "1.3862",
            "close": "1.383"
        },
        {
            "time": "15.12.2020 18:06",
            "open": "1.383",
            "high": "1.383",
            "low": "1.3826",
            "close": "1.3815"
        },
        {
            "time": "15.12.2020 18:14",
            "open": "1.3815",
            "high": "1.3816",
            "low": "1.3814",
            "close": "1.379"
        },
        {
            "time": "15.12.2020 18:17",
            "open": "1.379",
            "high": "1.379",
            "low": "1.379",
            "close": "1.379"
        },
        {
            "time": "15.12.2020 18:18",
            "open": "1.379",
            "high": "1.379",
            "low": "1.379",
            "close": "1.3745"
        },
        {
            "time": "15.12.2020 18:20",
            "open": "1.3745",
            "high": "1.3745",
            "low": "1.3737",
            "close": "1.3739"
        },
        {
            "time": "15.12.2020 18:21",
            "open": "1.3739",
            "high": "1.3739",
            "low": "1.3739",
            "close": "1.3737"
        },
        {
            "time": "15.12.2020 18:22",
            "open": "1.3737",
            "high": "1.3737",
            "low": "1.3737",
            "close": "1.3737"
        },
        {
            "time": "15.12.2020 18:23",
            "open": "1.3737",
            "high": "1.3737",
            "low": "1.3737",
            "close": "1.3768"
        },
        {
            "time": "15.12.2020 18:24",
            "open": "1.3768",
            "high": "1.4099",
            "low": "1.3745",
            "close": "1.3736"
        },
        {
            "time": "15.12.2020 18:25",
            "open": "1.3736",
            "high": "1.3736",
            "low": "1.3735",
            "close": "1.3735"
        },
        {
            "time": "15.12.2020 18:26",
            "open": "1.3735",
            "high": "1.3735",
            "low": "1.3735",
            "close": "1.3735"
        },
        {
            "time": "15.12.2020 18:27",
            "open": "1.3735",
            "high": "1.3735",
            "low": "1.3735",
            "close": "1.3735"
        },
        {
            "time": "15.12.2020 18:28",
            "open": "1.3735",
            "high": "1.3735",
            "low": "1.3735",
            "close": "1.3735"
        },
        {
            "time": "15.12.2020 18:29",
            "open": "1.3735",
            "high": "1.3735",
            "low": "1.3735",
            "close": "1.3747"
        },
        {
            "time": "15.12.2020 18:30",
            "open": "1.3747",
            "high": "1.3749",
            "low": "1.3734",
            "close": "1.3712"
        },
        {
            "time": "15.12.2020 18:31",
            "open": "1.3712",
            "high": "1.3732",
            "low": "1.3712",
            "close": "1.3771"
        },
        {
            "time": "15.12.2020 18:33",
            "open": "1.3771",
            "high": "1.3771",
            "low": "1.3771",
            "close": "1.3795"
        },
        {
            "time": "15.12.2020 18:34",
            "open": "1.3795",
            "high": "1.3795",
            "low": "1.3795",
            "close": "1.3817"
        },
        {
            "time": "15.12.2020 18:36",
            "open": "1.3817",
            "high": "1.3817",
            "low": "1.3817",
            "close": "1.3854"
        },
        {
            "time": "15.12.2020 18:37",
            "open": "1.3854",
            "high": "1.3854",
            "low": "1.3823",
            "close": "1.3869"
        },
        {
            "time": "15.12.2020 18:38",
            "open": "1.3869",
            "high": "1.3877",
            "low": "1.3869",
            "close": "1.3886"
        },
        {
            "time": "15.12.2020 18:40",
            "open": "1.3886",
            "high": "1.3904",
            "low": "1.3886",
            "close": "1.3871"
        },
        {
            "time": "15.12.2020 18:41",
            "open": "1.3871",
            "high": "1.3871",
            "low": "1.3725",
            "close": "1.3851"
        },
        {
            "time": "15.12.2020 18:43",
            "open": "1.3851",
            "high": "1.3851",
            "low": "1.3851",
            "close": "1.381"
        },
        {
            "time": "15.12.2020 18:48",
            "open": "1.381",
            "high": "1.381",
            "low": "1.3782",
            "close": "1.3781"
        },
        {
            "time": "15.12.2020 18:49",
            "open": "1.3781",
            "high": "1.3781",
            "low": "1.3781",
            "close": "1.3755"
        },
        {
            "time": "15.12.2020 18:50",
            "open": "1.3755",
            "high": "1.3755",
            "low": "1.3755",
            "close": "1.3712"
        },
        {
            "time": "15.12.2020 18:52",
            "open": "1.3712",
            "high": "1.3712",
            "low": "1.3557",
            "close": "1.3591"
        },
        {
            "time": "15.12.2020 18:53",
            "open": "1.3591",
            "high": "1.3591",
            "low": "1.3591",
            "close": "1.3577"
        },
        {
            "time": "15.12.2020 18:54",
            "open": "1.3577",
            "high": "1.3577",
            "low": "1.3573",
            "close": "1.3584"
        },
        {
            "time": "15.12.2020 18:55",
            "open": "1.3584",
            "high": "1.3584",
            "low": "1.3564",
            "close": "1.358"
        },
        {
            "time": "15.12.2020 18:56",
            "open": "1.358",
            "high": "1.358",
            "low": "1.358",
            "close": "1.3573"
        },
        {
            "time": "15.12.2020 18:57",
            "open": "1.3573",
            "high": "1.3624",
            "low": "1.3573",
            "close": "1.3635"
        },
        {
            "time": "15.12.2020 18:59",
            "open": "1.3635",
            "high": "1.3635",
            "low": "1.3634",
            "close": "1.362"
        },
        {
            "time": "15.12.2020 19:00",
            "open": "1.362",
            "high": "1.3659",
            "low": "1.362",
            "close": "1.3678"
        },
        {
            "time": "15.12.2020 19:01",
            "open": "1.3678",
            "high": "1.3678",
            "low": "1.3678",
            "close": "1.3635"
        },
        {
            "time": "15.12.2020 19:03",
            "open": "1.3635",
            "high": "1.3635",
            "low": "1.3635",
            "close": "1.3638"
        },
        {
            "time": "15.12.2020 19:04",
            "open": "1.3638",
            "high": "1.3638",
            "low": "1.3638",
            "close": "1.3658"
        },
        {
            "time": "15.12.2020 19:05",
            "open": "1.3658",
            "high": "1.3658",
            "low": "1.3658",
            "close": "1.3652"
        },
        {
            "time": "15.12.2020 19:06",
            "open": "1.3652",
            "high": "1.3653",
            "low": "1.3652",
            "close": "1.3636"
        },
        {
            "time": "15.12.2020 19:10",
            "open": "1.3636",
            "high": "1.3636",
            "low": "1.3636",
            "close": "1.3624"
        },
        {
            "time": "15.12.2020 19:12",
            "open": "1.3624",
            "high": "1.3624",
            "low": "1.3624",
            "close": "1.3624"
        },
        {
            "time": "15.12.2020 19:15",
            "open": "1.3624",
            "high": "1.3624",
            "low": "1.3624",
            "close": "1.3624"
        },
        {
            "time": "15.12.2020 19:18",
            "open": "1.3624",
            "high": "1.3624",
            "low": "1.3624",
            "close": "1.3595"
        },
        {
            "time": "15.12.2020 19:26",
            "open": "1.3595",
            "high": "1.36",
            "low": "1.3595",
            "close": "1.3596"
        },
        {
            "time": "15.12.2020 19:27",
            "open": "1.3596",
            "high": "1.3596",
            "low": "1.3594",
            "close": "1.3635"
        },
        {
            "time": "15.12.2020 19:31",
            "open": "1.3635",
            "high": "1.3636",
            "low": "1.3635",
            "close": "1.3601"
        },
        {
            "time": "15.12.2020 19:33",
            "open": "1.3601",
            "high": "1.3601",
            "low": "1.3601",
            "close": "1.3594"
        },
        {
            "time": "15.12.2020 19:34",
            "open": "1.3594",
            "high": "1.3594",
            "low": "1.3594",
            "close": "1.3554"
        },
        {
            "time": "15.12.2020 19:37",
            "open": "1.3554",
            "high": "1.3554",
            "low": "1.3534",
            "close": "1.3536"
        },
        {
            "time": "15.12.2020 19:39",
            "open": "1.3536",
            "high": "1.3536",
            "low": "1.3536",
            "close": "1.3561"
        },
        {
            "time": "15.12.2020 19:40",
            "open": "1.3561",
            "high": "1.3561",
            "low": "1.3561",
            "close": "1.3536"
        },
        {
            "time": "15.12.2020 19:41",
            "open": "1.3536",
            "high": "1.3536",
            "low": "1.3528",
            "close": "1.3594"
        },
        {
            "time": "15.12.2020 19:43",
            "open": "1.3594",
            "high": "1.3594",
            "low": "1.3594",
            "close": "1.3566"
        },
        {
            "time": "15.12.2020 19:46",
            "open": "1.3566",
            "high": "1.3566",
            "low": "1.3566",
            "close": "1.3571"
        },
        {
            "time": "15.12.2020 19:48",
            "open": "1.3571",
            "high": "1.3571",
            "low": "1.3571",
            "close": "1.3574"
        },
        {
            "time": "15.12.2020 19:52",
            "open": "1.3574",
            "high": "1.3574",
            "low": "1.3574",
            "close": "1.361"
        },
        {
            "time": "15.12.2020 19:54",
            "open": "1.361",
            "high": "1.3613",
            "low": "1.3574",
            "close": "1.3604"
        },
        {
            "time": "15.12.2020 19:55",
            "open": "1.3604",
            "high": "1.3606",
            "low": "1.3604",
            "close": "1.3606"
        },
        {
            "time": "15.12.2020 19:58",
            "open": "1.3606",
            "high": "1.3606",
            "low": "1.3606",
            "close": "1.3614"
        },
        {
            "time": "15.12.2020 20:00",
            "open": "1.3614",
            "high": "1.3614",
            "low": "1.3614",
            "close": "1.36"
        },
        {
            "time": "15.12.2020 20:02",
            "open": "1.36",
            "high": "1.36",
            "low": "1.36",
            "close": "1.36"
        },
        {
            "time": "15.12.2020 20:06",
            "open": "1.36",
            "high": "1.36",
            "low": "1.36",
            "close": "1.3634"
        },
        {
            "time": "15.12.2020 20:09",
            "open": "1.3634",
            "high": "1.3634",
            "low": "1.3634",
            "close": "1.36"
        },
        {
            "time": "15.12.2020 20:17",
            "open": "1.36",
            "high": "1.362",
            "low": "1.3581",
            "close": "1.3616"
        },
        {
            "time": "15.12.2020 20:21",
            "open": "1.3616",
            "high": "1.3616",
            "low": "1.3616",
            "close": "1.3632"
        },
        {
            "time": "15.12.2020 20:23",
            "open": "1.3632",
            "high": "1.3632",
            "low": "1.3632",
            "close": "1.3636"
        },
        {
            "time": "15.12.2020 20:24",
            "open": "1.3636",
            "high": "1.3663",
            "low": "1.3636",
            "close": "1.3652"
        },
        {
            "time": "15.12.2020 20:30",
            "open": "1.3652",
            "high": "1.3652",
            "low": "1.3652",
            "close": "1.3709"
        },
        {
            "time": "15.12.2020 20:32",
            "open": "1.3709",
            "high": "1.3709",
            "low": "1.3709",
            "close": "1.37"
        },
        {
            "time": "15.12.2020 20:34",
            "open": "1.37",
            "high": "1.3701",
            "low": "1.37",
            "close": "1.3701"
        },
        {
            "time": "15.12.2020 20:37",
            "open": "1.3701",
            "high": "1.3701",
            "low": "1.3701",
            "close": "1.3701"
        },
        {
            "time": "15.12.2020 20:41",
            "open": "1.3701",
            "high": "1.3701",
            "low": "1.3701",
            "close": "1.3701"
        },
        {
            "time": "15.12.2020 20:42",
            "open": "1.3701",
            "high": "1.3701",
            "low": "1.37",
            "close": "1.3687"
        },
        {
            "time": "15.12.2020 20:43",
            "open": "1.3687",
            "high": "1.3687",
            "low": "1.3687",
            "close": "1.3687"
        },
        {
            "time": "15.12.2020 20:44",
            "open": "1.3687",
            "high": "1.3687",
            "low": "1.3687",
            "close": "1.3729"
        },
        {
            "time": "15.12.2020 20:48",
            "open": "1.3729",
            "high": "1.3732",
            "low": "1.3729",
            "close": "1.3695"
        },
        {
            "time": "15.12.2020 20:49",
            "open": "1.3695",
            "high": "1.3695",
            "low": "1.3695",
            "close": "1.3728"
        },
        {
            "time": "15.12.2020 20:50",
            "open": "1.3728",
            "high": "1.3728",
            "low": "1.3728",
            "close": "1.3729"
        },
        {
            "time": "15.12.2020 20:52",
            "open": "1.3729",
            "high": "1.3731",
            "low": "1.3729",
            "close": "1.3732"
        },
        {
            "time": "15.12.2020 20:55",
            "open": "1.3732",
            "high": "1.3782",
            "low": "1.3732",
            "close": "1.3771"
        },
        {
            "time": "15.12.2020 20:57",
            "open": "1.3771",
            "high": "1.3771",
            "low": "1.3771",
            "close": "1.38"
        },
        {
            "time": "15.12.2020 20:59",
            "open": "1.38",
            "high": "1.38",
            "low": "1.3769",
            "close": "1.38"
        },
        {
            "time": "15.12.2020 21:00",
            "open": "1.38",
            "high": "1.38",
            "low": "1.378",
            "close": "1.3777"
        },
        {
            "time": "15.12.2020 21:01",
            "open": "1.3777",
            "high": "1.38",
            "low": "1.3777",
            "close": "1.38"
        },
        {
            "time": "15.12.2020 21:03",
            "open": "1.38",
            "high": "1.38",
            "low": "1.38",
            "close": "1.3781"
        },
        {
            "time": "15.12.2020 21:04",
            "open": "1.3781",
            "high": "1.3781",
            "low": "1.3778",
            "close": "1.381"
        },
        {
            "time": "15.12.2020 21:05",
            "open": "1.381",
            "high": "1.381",
            "low": "1.381",
            "close": "1.3767"
        },
        {
            "time": "15.12.2020 21:06",
            "open": "1.3767",
            "high": "1.3767",
            "low": "1.3758",
            "close": "1.3753"
        },
        {
            "time": "15.12.2020 21:07",
            "open": "1.3753",
            "high": "1.3753",
            "low": "1.3753",
            "close": "1.3746"
        },
        {
            "time": "15.12.2020 21:08",
            "open": "1.3746",
            "high": "1.3773",
            "low": "1.374",
            "close": "1.3737"
        },
        {
            "time": "15.12.2020 21:11",
            "open": "1.3737",
            "high": "1.3737",
            "low": "1.3737",
            "close": "1.3738"
        },
        {
            "time": "15.12.2020 21:12",
            "open": "1.3738",
            "high": "1.3738",
            "low": "1.3738",
            "close": "1.3735"
        },
        {
            "time": "15.12.2020 21:13",
            "open": "1.3735",
            "high": "1.3735",
            "low": "1.3735",
            "close": "1.3767"
        },
        {
            "time": "15.12.2020 21:14",
            "open": "1.3767",
            "high": "1.3767",
            "low": "1.3767",
            "close": "1.3752"
        },
        {
            "time": "15.12.2020 21:15",
            "open": "1.3752",
            "high": "1.3752",
            "low": "1.3752",
            "close": "1.3732"
        },
        {
            "time": "15.12.2020 21:16",
            "open": "1.3732",
            "high": "1.3732",
            "low": "1.3732",
            "close": "1.3759"
        },
        {
            "time": "15.12.2020 21:17",
            "open": "1.3759",
            "high": "1.3759",
            "low": "1.3747",
            "close": "1.3748"
        },
        {
            "time": "15.12.2020 21:18",
            "open": "1.3748",
            "high": "1.3748",
            "low": "1.3748",
            "close": "1.3732"
        },
        {
            "time": "15.12.2020 21:19",
            "open": "1.3732",
            "high": "1.3732",
            "low": "1.373",
            "close": "1.373"
        },
        {
            "time": "15.12.2020 21:25",
            "open": "1.373",
            "high": "1.373",
            "low": "1.3703",
            "close": "1.3703"
        },
        {
            "time": "15.12.2020 21:30",
            "open": "1.3703",
            "high": "1.3703",
            "low": "1.3703",
            "close": "1.372"
        },
        {
            "time": "15.12.2020 21:31",
            "open": "1.372",
            "high": "1.372",
            "low": "1.3714",
            "close": "1.3723"
        },
        {
            "time": "15.12.2020 21:33",
            "open": "1.3723",
            "high": "1.3723",
            "low": "1.3723",
            "close": "1.3717"
        },
        {
            "time": "15.12.2020 21:34",
            "open": "1.3717",
            "high": "1.3717",
            "low": "1.3717",
            "close": "1.3716"
        },
        {
            "time": "15.12.2020 21:35",
            "open": "1.3716",
            "high": "1.3716",
            "low": "1.3716",
            "close": "1.371"
        },
        {
            "time": "15.12.2020 21:36",
            "open": "1.371",
            "high": "1.371",
            "low": "1.371",
            "close": "1.3708"
        },
        {
            "time": "15.12.2020 21:37",
            "open": "1.3708",
            "high": "1.3708",
            "low": "1.3708",
            "close": "1.3715"
        },
        {
            "time": "15.12.2020 21:40",
            "open": "1.3715",
            "high": "1.3744",
            "low": "1.3715",
            "close": "1.3714"
        },
        {
            "time": "15.12.2020 21:41",
            "open": "1.3714",
            "high": "1.3714",
            "low": "1.3714",
            "close": "1.3713"
        },
        {
            "time": "15.12.2020 21:43",
            "open": "1.3713",
            "high": "1.3713",
            "low": "1.3713",
            "close": "1.3719"
        },
        {
            "time": "15.12.2020 21:46",
            "open": "1.3719",
            "high": "1.3719",
            "low": "1.3719",
            "close": "1.3713"
        },
        {
            "time": "15.12.2020 21:47",
            "open": "1.3713",
            "high": "1.3718",
            "low": "1.3713",
            "close": "1.3713"
        },
        {
            "time": "15.12.2020 21:51",
            "open": "1.3713",
            "high": "1.3713",
            "low": "1.3711",
            "close": "1.371"
        },
        {
            "time": "15.12.2020 21:52",
            "open": "1.371",
            "high": "1.371",
            "low": "1.371",
            "close": "1.3703"
        },
        {
            "time": "15.12.2020 21:53",
            "open": "1.3703",
            "high": "1.3704",
            "low": "1.3703",
            "close": "1.3753"
        },
        {
            "time": "15.12.2020 21:55",
            "open": "1.3753",
            "high": "1.3755",
            "low": "1.3733",
            "close": "1.3695"
        },
        {
            "time": "15.12.2020 21:57",
            "open": "1.3695",
            "high": "1.3695",
            "low": "1.3695",
            "close": "1.3695"
        },
        {
            "time": "15.12.2020 21:58",
            "open": "1.3695",
            "high": "1.3695",
            "low": "1.3695",
            "close": "1.3686"
        },
        {
            "time": "15.12.2020 21:59",
            "open": "1.3686",
            "high": "1.3686",
            "low": "1.3686",
            "close": "1.3701"
        },
        {
            "time": "15.12.2020 22:00",
            "open": "1.3701",
            "high": "1.3701",
            "low": "1.3682",
            "close": "1.3696"
        },
        {
            "time": "15.12.2020 22:01",
            "open": "1.3696",
            "high": "1.3696",
            "low": "1.3696",
            "close": "1.3728"
        },
        {
            "time": "15.12.2020 22:05",
            "open": "1.3728",
            "high": "1.373",
            "low": "1.3728",
            "close": "1.3721"
        },
        {
            "time": "15.12.2020 22:07",
            "open": "1.3721",
            "high": "1.3721",
            "low": "1.3719",
            "close": "1.3683"
        },
        {
            "time": "15.12.2020 22:11",
            "open": "1.3683",
            "high": "1.3683",
            "low": "1.3683",
            "close": "1.372"
        },
        {
            "time": "15.12.2020 22:16",
            "open": "1.372",
            "high": "1.372",
            "low": "1.372",
            "close": "1.3669"
        },
        {
            "time": "15.12.2020 22:17",
            "open": "1.3669",
            "high": "1.3676",
            "low": "1.3663",
            "close": "1.3661"
        },
        {
            "time": "15.12.2020 22:18",
            "open": "1.3661",
            "high": "1.3673",
            "low": "1.3661",
            "close": "1.3654"
        },
        {
            "time": "15.12.2020 22:21",
            "open": "1.3654",
            "high": "1.3654",
            "low": "1.3654",
            "close": "1.3662"
        },
        {
            "time": "15.12.2020 22:24",
            "open": "1.3662",
            "high": "1.3662",
            "low": "1.3662",
            "close": "1.365"
        },
        {
            "time": "15.12.2020 22:26",
            "open": "1.365",
            "high": "1.365",
            "low": "1.364",
            "close": "1.3644"
        },
        {
            "time": "15.12.2020 22:27",
            "open": "1.3644",
            "high": "1.3644",
            "low": "1.3637",
            "close": "1.3688"
        },
        {
            "time": "15.12.2020 22:31",
            "open": "1.3688",
            "high": "1.3688",
            "low": "1.3681",
            "close": "1.3686"
        },
        {
            "time": "15.12.2020 22:34",
            "open": "1.3686",
            "high": "1.3686",
            "low": "1.3686",
            "close": "1.3683"
        },
        {
            "time": "15.12.2020 22:35",
            "open": "1.3683",
            "high": "1.3683",
            "low": "1.3683",
            "close": "1.3684"
        },
        {
            "time": "15.12.2020 22:37",
            "open": "1.3684",
            "high": "1.3684",
            "low": "1.3679",
            "close": "1.3681"
        },
        {
            "time": "15.12.2020 22:38",
            "open": "1.3681",
            "high": "1.3681",
            "low": "1.3679",
            "close": "1.3684"
        },
        {
            "time": "15.12.2020 22:40",
            "open": "1.3684",
            "high": "1.3684",
            "low": "1.3684",
            "close": "1.3684"
        },
        {
            "time": "15.12.2020 22:43",
            "open": "1.3684",
            "high": "1.3684",
            "low": "1.3684",
            "close": "1.3647"
        },
        {
            "time": "15.12.2020 22:46",
            "open": "1.3647",
            "high": "1.3655",
            "low": "1.3647",
            "close": "1.3685"
        },
        {
            "time": "15.12.2020 22:48",
            "open": "1.3685",
            "high": "1.3685",
            "low": "1.3685",
            "close": "1.3681"
        },
        {
            "time": "15.12.2020 22:50",
            "open": "1.3681",
            "high": "1.3681",
            "low": "1.368",
            "close": "1.3682"
        },
        {
            "time": "15.12.2020 22:51",
            "open": "1.3682",
            "high": "1.3682",
            "low": "1.3682",
            "close": "1.3659"
        },
        {
            "time": "15.12.2020 22:53",
            "open": "1.3659",
            "high": "1.3659",
            "low": "1.365",
            "close": "1.3693"
        },
        {
            "time": "15.12.2020 22:54",
            "open": "1.3693",
            "high": "1.3696",
            "low": "1.3693",
            "close": "1.3719"
        },
        {
            "time": "15.12.2020 22:57",
            "open": "1.3719",
            "high": "1.3719",
            "low": "1.3719",
            "close": "1.3722"
        },
        {
            "time": "15.12.2020 22:59",
            "open": "1.3722",
            "high": "1.3722",
            "low": "1.3714",
            "close": "1.373"
        },
        {
            "time": "15.12.2020 23:01",
            "open": "1.373",
            "high": "1.373",
            "low": "1.373",
            "close": "1.373"
        },
        {
            "time": "15.12.2020 23:02",
            "open": "1.373",
            "high": "1.373",
            "low": "1.373",
            "close": "1.373"
        },
        {
            "time": "15.12.2020 23:03",
            "open": "1.373",
            "high": "1.373",
            "low": "1.373",
            "close": "1.373"
        },
        {
            "time": "15.12.2020 23:04",
            "open": "1.373",
            "high": "1.373",
            "low": "1.3706",
            "close": "1.3696"
        },
        {
            "time": "15.12.2020 23:05",
            "open": "1.3696",
            "high": "1.375",
            "low": "1.3696",
            "close": "1.375"
        },
        {
            "time": "15.12.2020 23:07",
            "open": "1.375",
            "high": "1.375",
            "low": "1.375",
            "close": "1.3619"
        },
        {
            "time": "15.12.2020 23:11",
            "open": "1.3619",
            "high": "1.3619",
            "low": "1.3619",
            "close": "1.3599"
        },
        {
            "time": "15.12.2020 23:13",
            "open": "1.3599",
            "high": "1.3599",
            "low": "1.3594",
            "close": "1.3594"
        },
        {
            "time": "15.12.2020 23:16",
            "open": "1.3594",
            "high": "1.3594",
            "low": "1.3594",
            "close": "1.36"
        },
        {
            "time": "15.12.2020 23:17",
            "open": "1.36",
            "high": "1.36",
            "low": "1.36",
            "close": "1.3603"
        },
        {
            "time": "15.12.2020 23:18",
            "open": "1.3603",
            "high": "1.3603",
            "low": "1.3603",
            "close": "1.3607"
        },
        {
            "time": "15.12.2020 23:19",
            "open": "1.3607",
            "high": "1.3607",
            "low": "1.3603",
            "close": "1.3605"
        },
        {
            "time": "15.12.2020 23:20",
            "open": "1.3605",
            "high": "1.3605",
            "low": "1.3605",
            "close": "1.3594"
        },
        {
            "time": "15.12.2020 23:21",
            "open": "1.3594",
            "high": "1.3594",
            "low": "1.359",
            "close": "1.359"
        },
        {
            "time": "15.12.2020 23:22",
            "open": "1.359",
            "high": "1.3605",
            "low": "1.359",
            "close": "1.3618"
        },
        {
            "time": "15.12.2020 23:23",
            "open": "1.3618",
            "high": "1.3618",
            "low": "1.3609",
            "close": "1.3608"
        },
        {
            "time": "15.12.2020 23:27",
            "open": "1.3608",
            "high": "1.3608",
            "low": "1.3608",
            "close": "1.3599"
        },
        {
            "time": "15.12.2020 23:28",
            "open": "1.3599",
            "high": "1.3599",
            "low": "1.3599",
            "close": "1.359"
        },
        {
            "time": "15.12.2020 23:29",
            "open": "1.359",
            "high": "1.359",
            "low": "1.359",
            "close": "1.3562"
        },
        {
            "time": "15.12.2020 23:30",
            "open": "1.3562",
            "high": "1.3562",
            "low": "1.356",
            "close": "1.3565"
        },
        {
            "time": "15.12.2020 23:31",
            "open": "1.3565",
            "high": "1.3565",
            "low": "1.3557",
            "close": "1.3595"
        },
        {
            "time": "15.12.2020 23:33",
            "open": "1.3595",
            "high": "1.3595",
            "low": "1.3563",
            "close": "1.3558"
        },
        {
            "time": "15.12.2020 23:34",
            "open": "1.3558",
            "high": "1.356",
            "low": "1.3558",
            "close": "1.3574"
        },
        {
            "time": "15.12.2020 23:35",
            "open": "1.3574",
            "high": "1.3574",
            "low": "1.3574",
            "close": "1.3576"
        },
        {
            "time": "15.12.2020 23:36",
            "open": "1.3576",
            "high": "1.3576",
            "low": "1.3576",
            "close": "1.3587"
        },
        {
            "time": "15.12.2020 23:37",
            "open": "1.3587",
            "high": "1.3587",
            "low": "1.3587",
            "close": "1.3624"
        },
        {
            "time": "15.12.2020 23:38",
            "open": "1.3624",
            "high": "1.3628",
            "low": "1.3618",
            "close": "1.3591"
        },
        {
            "time": "15.12.2020 23:39",
            "open": "1.3591",
            "high": "1.3591",
            "low": "1.3591",
            "close": "1.357"
        },
        {
            "time": "15.12.2020 23:40",
            "open": "1.357",
            "high": "1.357",
            "low": "1.357",
            "close": "1.3581"
        },
        {
            "time": "15.12.2020 23:44",
            "open": "1.3581",
            "high": "1.3581",
            "low": "1.3581",
            "close": "1.3608"
        },
        {
            "time": "15.12.2020 23:45",
            "open": "1.3608",
            "high": "1.3608",
            "low": "1.3572",
            "close": "1.3597"
        },
        {
            "time": "15.12.2020 23:48",
            "open": "1.3597",
            "high": "1.3601",
            "low": "1.3597",
            "close": "1.3615"
        },
        {
            "time": "15.12.2020 23:49",
            "open": "1.3615",
            "high": "1.3615",
            "low": "1.3615",
            "close": "1.3613"
        },
        {
            "time": "15.12.2020 23:50",
            "open": "1.3613",
            "high": "1.3656",
            "low": "1.3613",
            "close": "1.3619"
        },
        {
            "time": "15.12.2020 23:51",
            "open": "1.3619",
            "high": "1.363",
            "low": "1.3619",
            "close": "1.3676"
        },
        {
            "time": "15.12.2020 23:52",
            "open": "1.3676",
            "high": "1.3676",
            "low": "1.3676",
            "close": "1.364"
        },
        {
            "time": "15.12.2020 23:57",
            "open": "1.364",
            "high": "1.364",
            "low": "1.364",
            "close": "1.3631"
        }
    ]
}