{
    "CGLD-EUR": [
        {
            "time": "13.11.2020 23:59",
            "open": "1.5316",
            "high": "1.5316",
            "low": "1.5316",
            "close": "1.5357"
        },
        {
            "time": "14.11.2020 00:06",
            "open": "1.5357",
            "high": "1.5358",
            "low": "1.5357",
            "close": "1.5261"
        },
        {
            "time": "14.11.2020 00:16",
            "open": "1.5261",
            "high": "1.5261",
            "low": "1.5261",
            "close": "1.52"
        },
        {
            "time": "14.11.2020 00:17",
            "open": "1.52",
            "high": "1.525",
            "low": "1.52",
            "close": "1.5241"
        },
        {
            "time": "14.11.2020 00:18",
            "open": "1.5241",
            "high": "1.5241",
            "low": "1.52",
            "close": "1.5232"
        },
        {
            "time": "14.11.2020 00:20",
            "open": "1.5232",
            "high": "1.5232",
            "low": "1.5",
            "close": "1.5"
        },
        {
            "time": "14.11.2020 00:21",
            "open": "1.5",
            "high": "1.5",
            "low": "1.4951",
            "close": "1.4952"
        },
        {
            "time": "14.11.2020 00:22",
            "open": "1.4952",
            "high": "1.498",
            "low": "1.4952",
            "close": "1.5189"
        },
        {
            "time": "14.11.2020 00:25",
            "open": "1.5189",
            "high": "1.5252",
            "low": "1.5167",
            "close": "1.5171"
        },
        {
            "time": "14.11.2020 00:27",
            "open": "1.5171",
            "high": "1.5171",
            "low": "1.5171",
            "close": "1.5174"
        },
        {
            "time": "14.11.2020 00:31",
            "open": "1.5174",
            "high": "1.5174",
            "low": "1.5174",
            "close": "1.5228"
        },
        {
            "time": "14.11.2020 00:33",
            "open": "1.5228",
            "high": "1.5228",
            "low": "1.5227",
            "close": "1.5227"
        },
        {
            "time": "14.11.2020 00:34",
            "open": "1.5227",
            "high": "1.5227",
            "low": "1.5227",
            "close": "1.5238"
        },
        {
            "time": "14.11.2020 00:35",
            "open": "1.5238",
            "high": "1.5238",
            "low": "1.5226",
            "close": "1.523"
        },
        {
            "time": "14.11.2020 00:37",
            "open": "1.523",
            "high": "1.523",
            "low": "1.523",
            "close": "1.5231"
        },
        {
            "time": "14.11.2020 00:39",
            "open": "1.5231",
            "high": "1.5231",
            "low": "1.5226",
            "close": "1.5226"
        },
        {
            "time": "14.11.2020 00:43",
            "open": "1.5226",
            "high": "1.5226",
            "low": "1.5226",
            "close": "1.5229"
        },
        {
            "time": "14.11.2020 00:47",
            "open": "1.5229",
            "high": "1.5229",
            "low": "1.5226",
            "close": "1.5226"
        },
        {
            "time": "14.11.2020 00:49",
            "open": "1.5226",
            "high": "1.5226",
            "low": "1.5226",
            "close": "1.5226"
        },
        {
            "time": "14.11.2020 00:52",
            "open": "1.5226",
            "high": "1.5226",
            "low": "1.5226",
            "close": "1.5243"
        },
        {
            "time": "14.11.2020 00:56",
            "open": "1.5243",
            "high": "1.5279",
            "low": "1.5243",
            "close": "1.52"
        },
        {
            "time": "14.11.2020 00:58",
            "open": "1.52",
            "high": "1.52",
            "low": "1.52",
            "close": "1.5158"
        },
        {
            "time": "14.11.2020 01:03",
            "open": "1.5158",
            "high": "1.516",
            "low": "1.5158",
            "close": "1.52"
        },
        {
            "time": "14.11.2020 01:05",
            "open": "1.52",
            "high": "1.5324",
            "low": "1.52",
            "close": "1.5152"
        },
        {
            "time": "14.11.2020 01:07",
            "open": "1.5152",
            "high": "1.5152",
            "low": "1.5152",
            "close": "1.5317"
        },
        {
            "time": "14.11.2020 01:13",
            "open": "1.5317",
            "high": "1.5317",
            "low": "1.5317",
            "close": "1.5326"
        },
        {
            "time": "14.11.2020 01:15",
            "open": "1.5326",
            "high": "1.5363",
            "low": "1.5326",
            "close": "1.519"
        },
        {
            "time": "14.11.2020 01:22",
            "open": "1.519",
            "high": "1.519",
            "low": "1.519",
            "close": "1.519"
        },
        {
            "time": "14.11.2020 01:26",
            "open": "1.519",
            "high": "1.519",
            "low": "1.5093",
            "close": "1.5113"
        },
        {
            "time": "14.11.2020 01:27",
            "open": "1.5113",
            "high": "1.5113",
            "low": "1.5113",
            "close": "1.5217"
        },
        {
            "time": "14.11.2020 01:41",
            "open": "1.5217",
            "high": "1.5217",
            "low": "1.5204",
            "close": "1.53"
        },
        {
            "time": "14.11.2020 01:44",
            "open": "1.53",
            "high": "1.53",
            "low": "1.53",
            "close": "1.5326"
        },
        {
            "time": "14.11.2020 01:45",
            "open": "1.5326",
            "high": "1.5364",
            "low": "1.53",
            "close": "1.5397"
        },
        {
            "time": "14.11.2020 01:52",
            "open": "1.5397",
            "high": "1.5397",
            "low": "1.5397",
            "close": "1.5392"
        },
        {
            "time": "14.11.2020 01:53",
            "open": "1.5392",
            "high": "1.5392",
            "low": "1.5392",
            "close": "1.5388"
        },
        {
            "time": "14.11.2020 02:07",
            "open": "1.5388",
            "high": "1.5388",
            "low": "1.5388",
            "close": "1.5386"
        },
        {
            "time": "14.11.2020 02:08",
            "open": "1.5386",
            "high": "1.5386",
            "low": "1.5386",
            "close": "1.5457"
        },
        {
            "time": "14.11.2020 02:10",
            "open": "1.5457",
            "high": "1.5457",
            "low": "1.5457",
            "close": "1.5391"
        },
        {
            "time": "14.11.2020 02:17",
            "open": "1.5391",
            "high": "1.5391",
            "low": "1.5391",
            "close": "1.5385"
        },
        {
            "time": "14.11.2020 02:18",
            "open": "1.5385",
            "high": "1.5385",
            "low": "1.5385",
            "close": "1.5462"
        },
        {
            "time": "14.11.2020 02:19",
            "open": "1.5462",
            "high": "1.5468",
            "low": "1.5462",
            "close": "1.5411"
        },
        {
            "time": "14.11.2020 02:20",
            "open": "1.5411",
            "high": "1.5411",
            "low": "1.5411",
            "close": "1.5426"
        },
        {
            "time": "14.11.2020 02:24",
            "open": "1.5426",
            "high": "1.5426",
            "low": "1.5426",
            "close": "1.5442"
        },
        {
            "time": "14.11.2020 02:30",
            "open": "1.5442",
            "high": "1.5442",
            "low": "1.5442",
            "close": "1.5422"
        },
        {
            "time": "14.11.2020 02:31",
            "open": "1.5422",
            "high": "1.5422",
            "low": "1.5422",
            "close": "1.5473"
        },
        {
            "time": "14.11.2020 02:40",
            "open": "1.5473",
            "high": "1.5499",
            "low": "1.5422",
            "close": "1.5429"
        },
        {
            "time": "14.11.2020 02:44",
            "open": "1.5429",
            "high": "1.5429",
            "low": "1.5429",
            "close": "1.5422"
        },
        {
            "time": "14.11.2020 02:46",
            "open": "1.5422",
            "high": "1.5422",
            "low": "1.5422",
            "close": "1.5493"
        },
        {
            "time": "14.11.2020 02:49",
            "open": "1.5493",
            "high": "1.5511",
            "low": "1.5493",
            "close": "1.5441"
        },
        {
            "time": "14.11.2020 02:57",
            "open": "1.5441",
            "high": "1.5441",
            "low": "1.5441",
            "close": "1.5434"
        },
        {
            "time": "14.11.2020 02:59",
            "open": "1.5434",
            "high": "1.5434",
            "low": "1.5434",
            "close": "1.5422"
        },
        {
            "time": "14.11.2020 03:00",
            "open": "1.5422",
            "high": "1.5422",
            "low": "1.5422",
            "close": "1.5326"
        },
        {
            "time": "14.11.2020 03:07",
            "open": "1.5326",
            "high": "1.5326",
            "low": "1.5312",
            "close": "1.5297"
        },
        {
            "time": "14.11.2020 03:12",
            "open": "1.5297",
            "high": "1.5297",
            "low": "1.5297",
            "close": "1.5317"
        },
        {
            "time": "14.11.2020 03:15",
            "open": "1.5317",
            "high": "1.5317",
            "low": "1.5317",
            "close": "1.5333"
        },
        {
            "time": "14.11.2020 03:36",
            "open": "1.5333",
            "high": "1.5333",
            "low": "1.5332",
            "close": "1.5334"
        },
        {
            "time": "14.11.2020 03:40",
            "open": "1.5334",
            "high": "1.5334",
            "low": "1.5334",
            "close": "1.5462"
        },
        {
            "time": "14.11.2020 03:48",
            "open": "1.5462",
            "high": "1.5493",
            "low": "1.5462",
            "close": "1.5484"
        },
        {
            "time": "14.11.2020 03:49",
            "open": "1.5484",
            "high": "1.5484",
            "low": "1.5484",
            "close": "1.5365"
        },
        {
            "time": "14.11.2020 04:11",
            "open": "1.5365",
            "high": "1.5466",
            "low": "1.5365",
            "close": "1.544"
        },
        {
            "time": "14.11.2020 04:13",
            "open": "1.544",
            "high": "1.544",
            "low": "1.544",
            "close": "1.5326"
        },
        {
            "time": "14.11.2020 04:30",
            "open": "1.5326",
            "high": "1.5326",
            "low": "1.5326",
            "close": "1.5316"
        },
        {
            "time": "14.11.2020 04:42",
            "open": "1.5316",
            "high": "1.5316",
            "low": "1.5316",
            "close": "1.5264"
        },
        {
            "time": "14.11.2020 04:51",
            "open": "1.5264",
            "high": "1.5264",
            "low": "1.5264",
            "close": "1.527"
        },
        {
            "time": "14.11.2020 05:02",
            "open": "1.527",
            "high": "1.527",
            "low": "1.527",
            "close": "1.5259"
        },
        {
            "time": "14.11.2020 05:18",
            "open": "1.5259",
            "high": "1.5259",
            "low": "1.5259",
            "close": "1.5251"
        },
        {
            "time": "14.11.2020 05:19",
            "open": "1.5251",
            "high": "1.5251",
            "low": "1.5251",
            "close": "1.5435"
        },
        {
            "time": "14.11.2020 05:42",
            "open": "1.5435",
            "high": "1.5435",
            "low": "1.5435",
            "close": "1.5462"
        },
        {
            "time": "14.11.2020 05:45",
            "open": "1.5462",
            "high": "1.5501",
            "low": "1.5462",
            "close": "1.55"
        },
        {
            "time": "14.11.2020 06:07",
            "open": "1.55",
            "high": "1.55",
            "low": "1.55",
            "close": "1.5421"
        },
        {
            "time": "14.11.2020 06:13",
            "open": "1.5421",
            "high": "1.5421",
            "low": "1.5421",
            "close": "1.5301"
        },
        {
            "time": "14.11.2020 06:20",
            "open": "1.5301",
            "high": "1.5301",
            "low": "1.5301",
            "close": "1.5276"
        },
        {
            "time": "14.11.2020 06:23",
            "open": "1.5276",
            "high": "1.5276",
            "low": "1.5276",
            "close": "1.5275"
        },
        {
            "time": "14.11.2020 06:27",
            "open": "1.5275",
            "high": "1.5275",
            "low": "1.5275",
            "close": "1.5282"
        },
        {
            "time": "14.11.2020 06:29",
            "open": "1.5282",
            "high": "1.5282",
            "low": "1.5282",
            "close": "1.5298"
        },
        {
            "time": "14.11.2020 06:31",
            "open": "1.5298",
            "high": "1.5298",
            "low": "1.5298",
            "close": "1.5283"
        },
        {
            "time": "14.11.2020 06:39",
            "open": "1.5283",
            "high": "1.5283",
            "low": "1.5283",
            "close": "1.5284"
        },
        {
            "time": "14.11.2020 06:47",
            "open": "1.5284",
            "high": "1.5284",
            "low": "1.5284",
            "close": "1.5242"
        },
        {
            "time": "14.11.2020 06:51",
            "open": "1.5242",
            "high": "1.5242",
            "low": "1.524",
            "close": "1.5305"
        },
        {
            "time": "14.11.2020 07:02",
            "open": "1.5305",
            "high": "1.5321",
            "low": "1.5305",
            "close": "1.5275"
        },
        {
            "time": "14.11.2020 07:11",
            "open": "1.5275",
            "high": "1.5275",
            "low": "1.5275",
            "close": "1.5353"
        },
        {
            "time": "14.11.2020 07:17",
            "open": "1.5353",
            "high": "1.5353",
            "low": "1.5353",
            "close": "1.5243"
        },
        {
            "time": "14.11.2020 07:21",
            "open": "1.5243",
            "high": "1.5243",
            "low": "1.524",
            "close": "1.519"
        },
        {
            "time": "14.11.2020 07:25",
            "open": "1.519",
            "high": "1.519",
            "low": "1.519",
            "close": "1.519"
        },
        {
            "time": "14.11.2020 07:32",
            "open": "1.519",
            "high": "1.519",
            "low": "1.5163",
            "close": "1.5152"
        },
        {
            "time": "14.11.2020 07:34",
            "open": "1.5152",
            "high": "1.5152",
            "low": "1.5063",
            "close": "1.5063"
        },
        {
            "time": "14.11.2020 07:37",
            "open": "1.5063",
            "high": "1.5063",
            "low": "1.5063",
            "close": "1.5181"
        },
        {
            "time": "14.11.2020 07:42",
            "open": "1.5181",
            "high": "1.5183",
            "low": "1.5181",
            "close": "1.5326"
        },
        {
            "time": "14.11.2020 07:48",
            "open": "1.5326",
            "high": "1.5326",
            "low": "1.5326",
            "close": "1.5326"
        },
        {
            "time": "14.11.2020 08:03",
            "open": "1.5326",
            "high": "1.5394",
            "low": "1.5326",
            "close": "1.5394"
        },
        {
            "time": "14.11.2020 08:16",
            "open": "1.5394",
            "high": "1.5394",
            "low": "1.5394",
            "close": "1.5394"
        },
        {
            "time": "14.11.2020 08:21",
            "open": "1.5394",
            "high": "1.5394",
            "low": "1.5271",
            "close": "1.5266"
        },
        {
            "time": "14.11.2020 08:22",
            "open": "1.5266",
            "high": "1.5267",
            "low": "1.5239",
            "close": "1.5204"
        },
        {
            "time": "14.11.2020 08:28",
            "open": "1.5204",
            "high": "1.5204",
            "low": "1.5204",
            "close": "1.5226"
        },
        {
            "time": "14.11.2020 08:33",
            "open": "1.5226",
            "high": "1.5233",
            "low": "1.5226",
            "close": "1.5272"
        },
        {
            "time": "14.11.2020 08:40",
            "open": "1.5272",
            "high": "1.5272",
            "low": "1.5272",
            "close": "1.5235"
        },
        {
            "time": "14.11.2020 08:42",
            "open": "1.5235",
            "high": "1.526",
            "low": "1.5235",
            "close": "1.5262"
        },
        {
            "time": "14.11.2020 08:44",
            "open": "1.5262",
            "high": "1.5262",
            "low": "1.5232",
            "close": "1.5236"
        },
        {
            "time": "14.11.2020 08:45",
            "open": "1.5236",
            "high": "1.5236",
            "low": "1.5232",
            "close": "1.5239"
        },
        {
            "time": "14.11.2020 08:47",
            "open": "1.5239",
            "high": "1.5239",
            "low": "1.523",
            "close": "1.522"
        },
        {
            "time": "14.11.2020 08:48",
            "open": "1.522",
            "high": "1.5223",
            "low": "1.522",
            "close": "1.5215"
        },
        {
            "time": "14.11.2020 08:50",
            "open": "1.5215",
            "high": "1.5215",
            "low": "1.5168",
            "close": "1.5228"
        },
        {
            "time": "14.11.2020 08:52",
            "open": "1.5228",
            "high": "1.5228",
            "low": "1.5207",
            "close": "1.519"
        },
        {
            "time": "14.11.2020 08:53",
            "open": "1.519",
            "high": "1.519",
            "low": "1.5189",
            "close": "1.5198"
        },
        {
            "time": "14.11.2020 08:57",
            "open": "1.5198",
            "high": "1.5198",
            "low": "1.5198",
            "close": "1.5172"
        },
        {
            "time": "14.11.2020 09:01",
            "open": "1.5172",
            "high": "1.5172",
            "low": "1.5172",
            "close": "1.5282"
        },
        {
            "time": "14.11.2020 09:05",
            "open": "1.5282",
            "high": "1.529",
            "low": "1.5282",
            "close": "1.5162"
        },
        {
            "time": "14.11.2020 09:06",
            "open": "1.5162",
            "high": "1.5162",
            "low": "1.5162",
            "close": "1.5188"
        },
        {
            "time": "14.11.2020 09:08",
            "open": "1.5188",
            "high": "1.5188",
            "low": "1.5188",
            "close": "1.5188"
        },
        {
            "time": "14.11.2020 09:10",
            "open": "1.5188",
            "high": "1.5188",
            "low": "1.5188",
            "close": "1.5179"
        },
        {
            "time": "14.11.2020 09:14",
            "open": "1.5179",
            "high": "1.5179",
            "low": "1.5179",
            "close": "1.5072"
        },
        {
            "time": "14.11.2020 09:17",
            "open": "1.5072",
            "high": "1.5088",
            "low": "1.5055",
            "close": "1.5077"
        },
        {
            "time": "14.11.2020 09:20",
            "open": "1.5077",
            "high": "1.5119",
            "low": "1.5077",
            "close": "1.5119"
        },
        {
            "time": "14.11.2020 09:21",
            "open": "1.5119",
            "high": "1.512",
            "low": "1.5119",
            "close": "1.513"
        },
        {
            "time": "14.11.2020 09:31",
            "open": "1.513",
            "high": "1.513",
            "low": "1.5125",
            "close": "1.5082"
        },
        {
            "time": "14.11.2020 09:34",
            "open": "1.5082",
            "high": "1.5082",
            "low": "1.5082",
            "close": "1.5076"
        },
        {
            "time": "14.11.2020 09:35",
            "open": "1.5076",
            "high": "1.5076",
            "low": "1.5076",
            "close": "1.5063"
        },
        {
            "time": "14.11.2020 09:42",
            "open": "1.5063",
            "high": "1.5063",
            "low": "1.5063",
            "close": "1.5077"
        },
        {
            "time": "14.11.2020 09:46",
            "open": "1.5077",
            "high": "1.5077",
            "low": "1.5077",
            "close": "1.5055"
        },
        {
            "time": "14.11.2020 09:48",
            "open": "1.5055",
            "high": "1.5055",
            "low": "1.5055",
            "close": "1.5067"
        },
        {
            "time": "14.11.2020 09:51",
            "open": "1.5067",
            "high": "1.5068",
            "low": "1.5067",
            "close": "1.5053"
        },
        {
            "time": "14.11.2020 09:54",
            "open": "1.5053",
            "high": "1.5053",
            "low": "1.5053",
            "close": "1.5106"
        },
        {
            "time": "14.11.2020 09:58",
            "open": "1.5106",
            "high": "1.5106",
            "low": "1.5106",
            "close": "1.5092"
        },
        {
            "time": "14.11.2020 10:03",
            "open": "1.5092",
            "high": "1.5092",
            "low": "1.5092",
            "close": "1.509"
        },
        {
            "time": "14.11.2020 10:04",
            "open": "1.509",
            "high": "1.509",
            "low": "1.509",
            "close": "1.5054"
        },
        {
            "time": "14.11.2020 10:05",
            "open": "1.5054",
            "high": "1.5054",
            "low": "1.5054",
            "close": "1.5053"
        },
        {
            "time": "14.11.2020 10:07",
            "open": "1.5053",
            "high": "1.5053",
            "low": "1.504",
            "close": "1.5088"
        },
        {
            "time": "14.11.2020 10:10",
            "open": "1.5088",
            "high": "1.5089",
            "low": "1.5088",
            "close": "1.5035"
        },
        {
            "time": "14.11.2020 10:11",
            "open": "1.5035",
            "high": "1.5035",
            "low": "1.5035",
            "close": "1.5035"
        },
        {
            "time": "14.11.2020 10:13",
            "open": "1.5035",
            "high": "1.5035",
            "low": "1.5035",
            "close": "1.5042"
        },
        {
            "time": "14.11.2020 10:14",
            "open": "1.5042",
            "high": "1.5042",
            "low": "1.5042",
            "close": "1.5001"
        },
        {
            "time": "14.11.2020 10:16",
            "open": "1.5001",
            "high": "1.503",
            "low": "1.5001",
            "close": "1.5023"
        },
        {
            "time": "14.11.2020 10:17",
            "open": "1.5023",
            "high": "1.5088",
            "low": "1.5023",
            "close": "1.5023"
        },
        {
            "time": "14.11.2020 10:19",
            "open": "1.5023",
            "high": "1.5024",
            "low": "1.5022",
            "close": "1.5025"
        },
        {
            "time": "14.11.2020 10:20",
            "open": "1.5025",
            "high": "1.5072",
            "low": "1.5025",
            "close": "1.5022"
        },
        {
            "time": "14.11.2020 10:23",
            "open": "1.5022",
            "high": "1.5022",
            "low": "1.5022",
            "close": "1.5116"
        },
        {
            "time": "14.11.2020 10:28",
            "open": "1.5116",
            "high": "1.5116",
            "low": "1.5044",
            "close": "1.511"
        },
        {
            "time": "14.11.2020 10:29",
            "open": "1.511",
            "high": "1.511",
            "low": "1.511",
            "close": "1.5116"
        },
        {
            "time": "14.11.2020 10:30",
            "open": "1.5116",
            "high": "1.5155",
            "low": "1.5116",
            "close": "1.5161"
        },
        {
            "time": "14.11.2020 10:31",
            "open": "1.5161",
            "high": "1.5162",
            "low": "1.5161",
            "close": "1.5034"
        },
        {
            "time": "14.11.2020 10:35",
            "open": "1.5034",
            "high": "1.5178",
            "low": "1.5034",
            "close": "1.5105"
        },
        {
            "time": "14.11.2020 10:36",
            "open": "1.5105",
            "high": "1.5105",
            "low": "1.501",
            "close": "1.5111"
        },
        {
            "time": "14.11.2020 10:37",
            "open": "1.5111",
            "high": "1.5111",
            "low": "1.5111",
            "close": "1.5119"
        },
        {
            "time": "14.11.2020 10:39",
            "open": "1.5119",
            "high": "1.5119",
            "low": "1.5119",
            "close": "1.5026"
        },
        {
            "time": "14.11.2020 10:40",
            "open": "1.5026",
            "high": "1.5186",
            "low": "1.5013",
            "close": "1.5081"
        },
        {
            "time": "14.11.2020 10:41",
            "open": "1.5081",
            "high": "1.5097",
            "low": "1.5013",
            "close": "1.5089"
        },
        {
            "time": "14.11.2020 10:42",
            "open": "1.5089",
            "high": "1.5089",
            "low": "1.5089",
            "close": "1.5188"
        },
        {
            "time": "14.11.2020 10:43",
            "open": "1.5188",
            "high": "1.5188",
            "low": "1.5188",
            "close": "1.5148"
        },
        {
            "time": "14.11.2020 10:44",
            "open": "1.5148",
            "high": "1.5155",
            "low": "1.5148",
            "close": "1.5155"
        },
        {
            "time": "14.11.2020 10:45",
            "open": "1.5155",
            "high": "1.5155",
            "low": "1.5155",
            "close": "1.5188"
        },
        {
            "time": "14.11.2020 10:47",
            "open": "1.5188",
            "high": "1.5189",
            "low": "1.5188",
            "close": "1.5236"
        },
        {
            "time": "14.11.2020 10:50",
            "open": "1.5236",
            "high": "1.5236",
            "low": "1.5214",
            "close": "1.5326"
        },
        {
            "time": "14.11.2020 10:52",
            "open": "1.5326",
            "high": "1.5377",
            "low": "1.5326",
            "close": "1.5269"
        },
        {
            "time": "14.11.2020 10:53",
            "open": "1.5269",
            "high": "1.5269",
            "low": "1.5218",
            "close": "1.5275"
        },
        {
            "time": "14.11.2020 10:54",
            "open": "1.5275",
            "high": "1.5275",
            "low": "1.5275",
            "close": "1.5281"
        },
        {
            "time": "14.11.2020 10:57",
            "open": "1.5281",
            "high": "1.5281",
            "low": "1.5281",
            "close": "1.5242"
        },
        {
            "time": "14.11.2020 10:58",
            "open": "1.5242",
            "high": "1.5244",
            "low": "1.5242",
            "close": "1.5245"
        },
        {
            "time": "14.11.2020 10:59",
            "open": "1.5245",
            "high": "1.5352",
            "low": "1.5245",
            "close": "1.521"
        },
        {
            "time": "14.11.2020 11:00",
            "open": "1.521",
            "high": "1.521",
            "low": "1.521",
            "close": "1.5234"
        },
        {
            "time": "14.11.2020 11:01",
            "open": "1.5234",
            "high": "1.5234",
            "low": "1.5234",
            "close": "1.525"
        },
        {
            "time": "14.11.2020 11:03",
            "open": "1.525",
            "high": "1.525",
            "low": "1.525",
            "close": "1.5221"
        },
        {
            "time": "14.11.2020 11:04",
            "open": "1.5221",
            "high": "1.5221",
            "low": "1.5221",
            "close": "1.5217"
        },
        {
            "time": "14.11.2020 11:05",
            "open": "1.5217",
            "high": "1.5218",
            "low": "1.5217",
            "close": "1.519"
        },
        {
            "time": "14.11.2020 11:07",
            "open": "1.519",
            "high": "1.519",
            "low": "1.519",
            "close": "1.519"
        },
        {
            "time": "14.11.2020 11:08",
            "open": "1.519",
            "high": "1.519",
            "low": "1.515",
            "close": "1.515"
        },
        {
            "time": "14.11.2020 11:10",
            "open": "1.515",
            "high": "1.515",
            "low": "1.515",
            "close": "1.514"
        },
        {
            "time": "14.11.2020 11:12",
            "open": "1.514",
            "high": "1.514",
            "low": "1.514",
            "close": "1.5101"
        },
        {
            "time": "14.11.2020 11:15",
            "open": "1.5101",
            "high": "1.5101",
            "low": "1.5101",
            "close": "1.5081"
        },
        {
            "time": "14.11.2020 11:16",
            "open": "1.5081",
            "high": "1.5081",
            "low": "1.5081",
            "close": "1.5082"
        },
        {
            "time": "14.11.2020 11:21",
            "open": "1.5082",
            "high": "1.5082",
            "low": "1.5081",
            "close": "1.5082"
        },
        {
            "time": "14.11.2020 11:22",
            "open": "1.5082",
            "high": "1.5082",
            "low": "1.5081",
            "close": "1.5081"
        },
        {
            "time": "14.11.2020 11:25",
            "open": "1.5081",
            "high": "1.5081",
            "low": "1.5081",
            "close": "1.5081"
        },
        {
            "time": "14.11.2020 11:26",
            "open": "1.5081",
            "high": "1.5081",
            "low": "1.5081",
            "close": "1.5063"
        },
        {
            "time": "14.11.2020 11:30",
            "open": "1.5063",
            "high": "1.5063",
            "low": "1.5063",
            "close": "1.5063"
        },
        {
            "time": "14.11.2020 11:33",
            "open": "1.5063",
            "high": "1.5063",
            "low": "1.5063",
            "close": "1.5053"
        },
        {
            "time": "14.11.2020 11:35",
            "open": "1.5053",
            "high": "1.5063",
            "low": "1.5016",
            "close": "1.5011"
        },
        {
            "time": "14.11.2020 11:39",
            "open": "1.5011",
            "high": "1.5011",
            "low": "1.5",
            "close": "1.497"
        },
        {
            "time": "14.11.2020 11:40",
            "open": "1.497",
            "high": "1.5028",
            "low": "1.497",
            "close": "1.4994"
        },
        {
            "time": "14.11.2020 11:41",
            "open": "1.4994",
            "high": "1.4997",
            "low": "1.4928",
            "close": "1.4918"
        },
        {
            "time": "14.11.2020 11:43",
            "open": "1.4918",
            "high": "1.4918",
            "low": "1.4918",
            "close": "1.4917"
        },
        {
            "time": "14.11.2020 11:44",
            "open": "1.4917",
            "high": "1.4917",
            "low": "1.488",
            "close": "1.4887"
        },
        {
            "time": "14.11.2020 11:46",
            "open": "1.4887",
            "high": "1.4888",
            "low": "1.4887",
            "close": "1.4887"
        },
        {
            "time": "14.11.2020 11:47",
            "open": "1.4887",
            "high": "1.4902",
            "low": "1.4881",
            "close": "1.4878"
        },
        {
            "time": "14.11.2020 11:48",
            "open": "1.4878",
            "high": "1.4878",
            "low": "1.4878",
            "close": "1.4868"
        },
        {
            "time": "14.11.2020 11:49",
            "open": "1.4868",
            "high": "1.4897",
            "low": "1.4868",
            "close": "1.4898"
        },
        {
            "time": "14.11.2020 11:52",
            "open": "1.4898",
            "high": "1.4898",
            "low": "1.4898",
            "close": "1.493"
        },
        {
            "time": "14.11.2020 11:54",
            "open": "1.493",
            "high": "1.493",
            "low": "1.493",
            "close": "1.4899"
        },
        {
            "time": "14.11.2020 11:56",
            "open": "1.4899",
            "high": "1.4899",
            "low": "1.4889",
            "close": "1.49"
        },
        {
            "time": "14.11.2020 11:57",
            "open": "1.49",
            "high": "1.491",
            "low": "1.49",
            "close": "1.4899"
        },
        {
            "time": "14.11.2020 11:58",
            "open": "1.4899",
            "high": "1.4899",
            "low": "1.4899",
            "close": "1.4899"
        },
        {
            "time": "14.11.2020 12:00",
            "open": "1.4899",
            "high": "1.4899",
            "low": "1.4899",
            "close": "1.4868"
        },
        {
            "time": "14.11.2020 12:01",
            "open": "1.4868",
            "high": "1.4868",
            "low": "1.4868",
            "close": "1.4869"
        },
        {
            "time": "14.11.2020 12:03",
            "open": "1.4869",
            "high": "1.4869",
            "low": "1.4851",
            "close": "1.4851"
        },
        {
            "time": "14.11.2020 12:04",
            "open": "1.4851",
            "high": "1.4851",
            "low": "1.482",
            "close": "1.4806"
        },
        {
            "time": "14.11.2020 12:05",
            "open": "1.4806",
            "high": "1.4806",
            "low": "1.4798",
            "close": "1.4847"
        },
        {
            "time": "14.11.2020 12:06",
            "open": "1.4847",
            "high": "1.4847",
            "low": "1.4796",
            "close": "1.4837"
        },
        {
            "time": "14.11.2020 12:14",
            "open": "1.4837",
            "high": "1.4837",
            "low": "1.4837",
            "close": "1.4798"
        },
        {
            "time": "14.11.2020 12:16",
            "open": "1.4798",
            "high": "1.4844",
            "low": "1.4798",
            "close": "1.4847"
        },
        {
            "time": "14.11.2020 12:17",
            "open": "1.4847",
            "high": "1.4847",
            "low": "1.4847",
            "close": "1.4844"
        },
        {
            "time": "14.11.2020 12:18",
            "open": "1.4844",
            "high": "1.4844",
            "low": "1.4844",
            "close": "1.4848"
        },
        {
            "time": "14.11.2020 12:19",
            "open": "1.4848",
            "high": "1.4848",
            "low": "1.4848",
            "close": "1.4844"
        },
        {
            "time": "14.11.2020 12:23",
            "open": "1.4844",
            "high": "1.4844",
            "low": "1.4844",
            "close": "1.4844"
        },
        {
            "time": "14.11.2020 12:24",
            "open": "1.4844",
            "high": "1.4844",
            "low": "1.4844",
            "close": "1.4856"
        },
        {
            "time": "14.11.2020 12:25",
            "open": "1.4856",
            "high": "1.4859",
            "low": "1.4856",
            "close": "1.4857"
        },
        {
            "time": "14.11.2020 12:26",
            "open": "1.4857",
            "high": "1.4857",
            "low": "1.4857",
            "close": "1.4844"
        },
        {
            "time": "14.11.2020 12:28",
            "open": "1.4844",
            "high": "1.4844",
            "low": "1.4844",
            "close": "1.4844"
        },
        {
            "time": "14.11.2020 12:31",
            "open": "1.4844",
            "high": "1.4854",
            "low": "1.4799",
            "close": "1.4849"
        },
        {
            "time": "14.11.2020 12:35",
            "open": "1.4849",
            "high": "1.4867",
            "low": "1.481",
            "close": "1.4821"
        },
        {
            "time": "14.11.2020 12:36",
            "open": "1.4821",
            "high": "1.4821",
            "low": "1.4821",
            "close": "1.4822"
        },
        {
            "time": "14.11.2020 12:37",
            "open": "1.4822",
            "high": "1.4858",
            "low": "1.4822",
            "close": "1.4799"
        },
        {
            "time": "14.11.2020 12:41",
            "open": "1.4799",
            "high": "1.4857",
            "low": "1.4799",
            "close": "1.482"
        },
        {
            "time": "14.11.2020 12:45",
            "open": "1.482",
            "high": "1.482",
            "low": "1.4819",
            "close": "1.4817"
        },
        {
            "time": "14.11.2020 12:48",
            "open": "1.4817",
            "high": "1.4817",
            "low": "1.4817",
            "close": "1.4817"
        },
        {
            "time": "14.11.2020 12:49",
            "open": "1.4817",
            "high": "1.4817",
            "low": "1.4817",
            "close": "1.483"
        },
        {
            "time": "14.11.2020 12:52",
            "open": "1.483",
            "high": "1.483",
            "low": "1.483",
            "close": "1.4834"
        },
        {
            "time": "14.11.2020 12:54",
            "open": "1.4834",
            "high": "1.4834",
            "low": "1.4834",
            "close": "1.4857"
        },
        {
            "time": "14.11.2020 12:55",
            "open": "1.4857",
            "high": "1.4857",
            "low": "1.4857",
            "close": "1.486"
        },
        {
            "time": "14.11.2020 12:56",
            "open": "1.486",
            "high": "1.4869",
            "low": "1.486",
            "close": "1.4805"
        },
        {
            "time": "14.11.2020 12:57",
            "open": "1.4805",
            "high": "1.4805",
            "low": "1.4805",
            "close": "1.486"
        },
        {
            "time": "14.11.2020 12:58",
            "open": "1.486",
            "high": "1.486",
            "low": "1.486",
            "close": "1.4816"
        },
        {
            "time": "14.11.2020 13:02",
            "open": "1.4816",
            "high": "1.4816",
            "low": "1.4799",
            "close": "1.487"
        },
        {
            "time": "14.11.2020 13:03",
            "open": "1.487",
            "high": "1.487",
            "low": "1.487",
            "close": "1.4804"
        },
        {
            "time": "14.11.2020 13:06",
            "open": "1.4804",
            "high": "1.4804",
            "low": "1.4804",
            "close": "1.484"
        },
        {
            "time": "14.11.2020 13:12",
            "open": "1.484",
            "high": "1.484",
            "low": "1.484",
            "close": "1.4822"
        },
        {
            "time": "14.11.2020 13:14",
            "open": "1.4822",
            "high": "1.4822",
            "low": "1.4822",
            "close": "1.4822"
        },
        {
            "time": "14.11.2020 13:25",
            "open": "1.4822",
            "high": "1.4822",
            "low": "1.4822",
            "close": "1.484"
        },
        {
            "time": "14.11.2020 13:26",
            "open": "1.484",
            "high": "1.484",
            "low": "1.484",
            "close": "1.4822"
        },
        {
            "time": "14.11.2020 13:28",
            "open": "1.4822",
            "high": "1.4822",
            "low": "1.4822",
            "close": "1.4822"
        },
        {
            "time": "14.11.2020 13:35",
            "open": "1.4822",
            "high": "1.4822",
            "low": "1.4822",
            "close": "1.4822"
        },
        {
            "time": "14.11.2020 13:36",
            "open": "1.4822",
            "high": "1.4822",
            "low": "1.4822",
            "close": "1.4837"
        },
        {
            "time": "14.11.2020 13:38",
            "open": "1.4837",
            "high": "1.4838",
            "low": "1.4837",
            "close": "1.4822"
        },
        {
            "time": "14.11.2020 13:39",
            "open": "1.4822",
            "high": "1.4822",
            "low": "1.4822",
            "close": "1.4805"
        },
        {
            "time": "14.11.2020 13:49",
            "open": "1.4805",
            "high": "1.4805",
            "low": "1.478",
            "close": "1.4762"
        },
        {
            "time": "14.11.2020 13:50",
            "open": "1.4762",
            "high": "1.4762",
            "low": "1.4762",
            "close": "1.4777"
        },
        {
            "time": "14.11.2020 13:52",
            "open": "1.4777",
            "high": "1.4777",
            "low": "1.4777",
            "close": "1.4777"
        },
        {
            "time": "14.11.2020 13:53",
            "open": "1.4777",
            "high": "1.4777",
            "low": "1.4777",
            "close": "1.4762"
        },
        {
            "time": "14.11.2020 13:56",
            "open": "1.4762",
            "high": "1.4762",
            "low": "1.4762",
            "close": "1.4762"
        },
        {
            "time": "14.11.2020 13:58",
            "open": "1.4762",
            "high": "1.4762",
            "low": "1.4762",
            "close": "1.4748"
        },
        {
            "time": "14.11.2020 14:08",
            "open": "1.4748",
            "high": "1.48",
            "low": "1.4748",
            "close": "1.47"
        },
        {
            "time": "14.11.2020 14:12",
            "open": "1.47",
            "high": "1.4727",
            "low": "1.47",
            "close": "1.47"
        },
        {
            "time": "14.11.2020 14:16",
            "open": "1.47",
            "high": "1.47",
            "low": "1.4693",
            "close": "1.4693"
        },
        {
            "time": "14.11.2020 14:20",
            "open": "1.4693",
            "high": "1.4693",
            "low": "1.4693",
            "close": "1.4693"
        },
        {
            "time": "14.11.2020 14:22",
            "open": "1.4693",
            "high": "1.4693",
            "low": "1.4693",
            "close": "1.4686"
        },
        {
            "time": "14.11.2020 14:23",
            "open": "1.4686",
            "high": "1.4686",
            "low": "1.4641",
            "close": "1.4644"
        },
        {
            "time": "14.11.2020 14:24",
            "open": "1.4644",
            "high": "1.4644",
            "low": "1.4644",
            "close": "1.4643"
        },
        {
            "time": "14.11.2020 14:25",
            "open": "1.4643",
            "high": "1.4643",
            "low": "1.4642",
            "close": "1.4642"
        },
        {
            "time": "14.11.2020 14:26",
            "open": "1.4642",
            "high": "1.4642",
            "low": "1.4642",
            "close": "1.4628"
        },
        {
            "time": "14.11.2020 14:27",
            "open": "1.4628",
            "high": "1.4628",
            "low": "1.462",
            "close": "1.4663"
        },
        {
            "time": "14.11.2020 14:29",
            "open": "1.4663",
            "high": "1.4668",
            "low": "1.4663",
            "close": "1.466"
        },
        {
            "time": "14.11.2020 14:30",
            "open": "1.466",
            "high": "1.466",
            "low": "1.466",
            "close": "1.4613"
        },
        {
            "time": "14.11.2020 14:31",
            "open": "1.4613",
            "high": "1.4613",
            "low": "1.4602",
            "close": "1.4745"
        },
        {
            "time": "14.11.2020 14:37",
            "open": "1.4745",
            "high": "1.4746",
            "low": "1.4745",
            "close": "1.467"
        },
        {
            "time": "14.11.2020 14:39",
            "open": "1.467",
            "high": "1.467",
            "low": "1.467",
            "close": "1.4728"
        },
        {
            "time": "14.11.2020 14:40",
            "open": "1.4728",
            "high": "1.4738",
            "low": "1.4728",
            "close": "1.4684"
        },
        {
            "time": "14.11.2020 14:41",
            "open": "1.4684",
            "high": "1.4684",
            "low": "1.4684",
            "close": "1.4679"
        },
        {
            "time": "14.11.2020 14:42",
            "open": "1.4679",
            "high": "1.4679",
            "low": "1.4679",
            "close": "1.4747"
        },
        {
            "time": "14.11.2020 14:45",
            "open": "1.4747",
            "high": "1.481",
            "low": "1.4747",
            "close": "1.4747"
        },
        {
            "time": "14.11.2020 14:49",
            "open": "1.4747",
            "high": "1.4747",
            "low": "1.4747",
            "close": "1.4798"
        },
        {
            "time": "14.11.2020 14:53",
            "open": "1.4798",
            "high": "1.48",
            "low": "1.4798",
            "close": "1.477"
        },
        {
            "time": "14.11.2020 14:55",
            "open": "1.477",
            "high": "1.477",
            "low": "1.477",
            "close": "1.481"
        },
        {
            "time": "14.11.2020 14:56",
            "open": "1.481",
            "high": "1.5",
            "low": "1.4774",
            "close": "1.5008"
        },
        {
            "time": "14.11.2020 14:57",
            "open": "1.5008",
            "high": "1.5063",
            "low": "1.5008",
            "close": "1.5062"
        },
        {
            "time": "14.11.2020 14:58",
            "open": "1.5062",
            "high": "1.5062",
            "low": "1.5062",
            "close": "1.5062"
        },
        {
            "time": "14.11.2020 14:59",
            "open": "1.5062",
            "high": "1.5062",
            "low": "1.506",
            "close": "1.5063"
        },
        {
            "time": "14.11.2020 15:00",
            "open": "1.5063",
            "high": "1.5063",
            "low": "1.5063",
            "close": "1.5111"
        },
        {
            "time": "14.11.2020 15:01",
            "open": "1.5111",
            "high": "1.5111",
            "low": "1.5111",
            "close": "1.5146"
        },
        {
            "time": "14.11.2020 15:02",
            "open": "1.5146",
            "high": "1.5189",
            "low": "1.5146",
            "close": "1.5192"
        },
        {
            "time": "14.11.2020 15:04",
            "open": "1.5192",
            "high": "1.5217",
            "low": "1.5192",
            "close": "1.525"
        },
        {
            "time": "14.11.2020 15:05",
            "open": "1.525",
            "high": "1.5251",
            "low": "1.5248",
            "close": "1.5253"
        },
        {
            "time": "14.11.2020 15:06",
            "open": "1.5253",
            "high": "1.5253",
            "low": "1.5252",
            "close": "1.5262"
        },
        {
            "time": "14.11.2020 15:08",
            "open": "1.5262",
            "high": "1.5262",
            "low": "1.5262",
            "close": "1.528"
        },
        {
            "time": "14.11.2020 15:10",
            "open": "1.528",
            "high": "1.5293",
            "low": "1.528",
            "close": "1.5299"
        },
        {
            "time": "14.11.2020 15:11",
            "open": "1.5299",
            "high": "1.53",
            "low": "1.528",
            "close": "1.5281"
        },
        {
            "time": "14.11.2020 15:12",
            "open": "1.5281",
            "high": "1.5281",
            "low": "1.5281",
            "close": "1.527"
        },
        {
            "time": "14.11.2020 15:14",
            "open": "1.527",
            "high": "1.527",
            "low": "1.527",
            "close": "1.5262"
        },
        {
            "time": "14.11.2020 15:15",
            "open": "1.5262",
            "high": "1.5262",
            "low": "1.5251",
            "close": "1.5251"
        },
        {
            "time": "14.11.2020 15:18",
            "open": "1.5251",
            "high": "1.5251",
            "low": "1.5251",
            "close": "1.5251"
        },
        {
            "time": "14.11.2020 15:19",
            "open": "1.5251",
            "high": "1.5251",
            "low": "1.5251",
            "close": "1.5251"
        },
        {
            "time": "14.11.2020 15:20",
            "open": "1.5251",
            "high": "1.5251",
            "low": "1.5251",
            "close": "1.5251"
        },
        {
            "time": "14.11.2020 15:21",
            "open": "1.5251",
            "high": "1.5251",
            "low": "1.5251",
            "close": "1.52"
        },
        {
            "time": "14.11.2020 15:24",
            "open": "1.52",
            "high": "1.522",
            "low": "1.52",
            "close": "1.5178"
        },
        {
            "time": "14.11.2020 15:28",
            "open": "1.5178",
            "high": "1.5178",
            "low": "1.5176",
            "close": "1.5204"
        },
        {
            "time": "14.11.2020 15:30",
            "open": "1.5204",
            "high": "1.5204",
            "low": "1.5204",
            "close": "1.5211"
        },
        {
            "time": "14.11.2020 15:31",
            "open": "1.5211",
            "high": "1.5211",
            "low": "1.5211",
            "close": "1.5206"
        },
        {
            "time": "14.11.2020 15:33",
            "open": "1.5206",
            "high": "1.5213",
            "low": "1.5206",
            "close": "1.5241"
        },
        {
            "time": "14.11.2020 15:34",
            "open": "1.5241",
            "high": "1.5241",
            "low": "1.5241",
            "close": "1.524"
        },
        {
            "time": "14.11.2020 15:35",
            "open": "1.524",
            "high": "1.524",
            "low": "1.524",
            "close": "1.5241"
        },
        {
            "time": "14.11.2020 15:36",
            "open": "1.5241",
            "high": "1.5241",
            "low": "1.5241",
            "close": "1.523"
        },
        {
            "time": "14.11.2020 15:38",
            "open": "1.523",
            "high": "1.525",
            "low": "1.523",
            "close": "1.5237"
        },
        {
            "time": "14.11.2020 15:44",
            "open": "1.5237",
            "high": "1.5237",
            "low": "1.5237",
            "close": "1.5173"
        },
        {
            "time": "14.11.2020 15:47",
            "open": "1.5173",
            "high": "1.5173",
            "low": "1.5173",
            "close": "1.5171"
        },
        {
            "time": "14.11.2020 15:48",
            "open": "1.5171",
            "high": "1.5172",
            "low": "1.5171",
            "close": "1.5181"
        },
        {
            "time": "14.11.2020 15:49",
            "open": "1.5181",
            "high": "1.5181",
            "low": "1.518",
            "close": "1.52"
        },
        {
            "time": "14.11.2020 15:51",
            "open": "1.52",
            "high": "1.52",
            "low": "1.52",
            "close": "1.521"
        },
        {
            "time": "14.11.2020 15:55",
            "open": "1.521",
            "high": "1.521",
            "low": "1.521",
            "close": "1.5181"
        },
        {
            "time": "14.11.2020 15:57",
            "open": "1.5181",
            "high": "1.5181",
            "low": "1.5181",
            "close": "1.5183"
        },
        {
            "time": "14.11.2020 15:58",
            "open": "1.5183",
            "high": "1.5183",
            "low": "1.5183",
            "close": "1.5137"
        },
        {
            "time": "14.11.2020 16:02",
            "open": "1.5137",
            "high": "1.5236",
            "low": "1.5137",
            "close": "1.5193"
        },
        {
            "time": "14.11.2020 16:05",
            "open": "1.5193",
            "high": "1.5193",
            "low": "1.5192",
            "close": "1.522"
        },
        {
            "time": "14.11.2020 16:08",
            "open": "1.522",
            "high": "1.522",
            "low": "1.522",
            "close": "1.5175"
        },
        {
            "time": "14.11.2020 16:10",
            "open": "1.5175",
            "high": "1.5175",
            "low": "1.5175",
            "close": "1.5152"
        },
        {
            "time": "14.11.2020 16:14",
            "open": "1.5152",
            "high": "1.5152",
            "low": "1.5152",
            "close": "1.5142"
        },
        {
            "time": "14.11.2020 16:17",
            "open": "1.5142",
            "high": "1.5142",
            "low": "1.5142",
            "close": "1.5153"
        },
        {
            "time": "14.11.2020 16:23",
            "open": "1.5153",
            "high": "1.5153",
            "low": "1.5152",
            "close": "1.5174"
        },
        {
            "time": "14.11.2020 16:24",
            "open": "1.5174",
            "high": "1.5174",
            "low": "1.5174",
            "close": "1.5149"
        },
        {
            "time": "14.11.2020 16:27",
            "open": "1.5149",
            "high": "1.5149",
            "low": "1.5149",
            "close": "1.5144"
        },
        {
            "time": "14.11.2020 16:31",
            "open": "1.5144",
            "high": "1.5144",
            "low": "1.5144",
            "close": "1.5108"
        },
        {
            "time": "14.11.2020 16:34",
            "open": "1.5108",
            "high": "1.5108",
            "low": "1.5108",
            "close": "1.5153"
        },
        {
            "time": "14.11.2020 16:35",
            "open": "1.5153",
            "high": "1.5208",
            "low": "1.5153",
            "close": "1.5121"
        },
        {
            "time": "14.11.2020 16:38",
            "open": "1.5121",
            "high": "1.5121",
            "low": "1.5121",
            "close": "1.5209"
        },
        {
            "time": "14.11.2020 16:42",
            "open": "1.5209",
            "high": "1.5209",
            "low": "1.514",
            "close": "1.5197"
        },
        {
            "time": "14.11.2020 16:44",
            "open": "1.5197",
            "high": "1.521",
            "low": "1.5197",
            "close": "1.5131"
        },
        {
            "time": "14.11.2020 16:45",
            "open": "1.5131",
            "high": "1.5131",
            "low": "1.5131",
            "close": "1.5103"
        },
        {
            "time": "14.11.2020 16:52",
            "open": "1.5103",
            "high": "1.5103",
            "low": "1.5102",
            "close": "1.5106"
        },
        {
            "time": "14.11.2020 17:00",
            "open": "1.5106",
            "high": "1.5106",
            "low": "1.5106",
            "close": "1.5053"
        },
        {
            "time": "14.11.2020 17:03",
            "open": "1.5053",
            "high": "1.5078",
            "low": "1.503",
            "close": "1.504"
        },
        {
            "time": "14.11.2020 17:06",
            "open": "1.504",
            "high": "1.504",
            "low": "1.504",
            "close": "1.5031"
        },
        {
            "time": "14.11.2020 17:07",
            "open": "1.5031",
            "high": "1.5086",
            "low": "1.5022",
            "close": "1.5022"
        },
        {
            "time": "14.11.2020 17:09",
            "open": "1.5022",
            "high": "1.5022",
            "low": "1.5022",
            "close": "1.5152"
        },
        {
            "time": "14.11.2020 17:10",
            "open": "1.5152",
            "high": "1.5152",
            "low": "1.5152",
            "close": "1.5153"
        },
        {
            "time": "14.11.2020 17:11",
            "open": "1.5153",
            "high": "1.5153",
            "low": "1.5152",
            "close": "1.5152"
        },
        {
            "time": "14.11.2020 17:12",
            "open": "1.5152",
            "high": "1.5152",
            "low": "1.5152",
            "close": "1.5153"
        },
        {
            "time": "14.11.2020 17:16",
            "open": "1.5153",
            "high": "1.5153",
            "low": "1.5153",
            "close": "1.5051"
        },
        {
            "time": "14.11.2020 17:24",
            "open": "1.5051",
            "high": "1.5051",
            "low": "1.5028",
            "close": "1.5002"
        },
        {
            "time": "14.11.2020 17:34",
            "open": "1.5002",
            "high": "1.5002",
            "low": "1.5002",
            "close": "1.5002"
        },
        {
            "time": "14.11.2020 17:35",
            "open": "1.5002",
            "high": "1.5002",
            "low": "1.5002",
            "close": "1.5"
        },
        {
            "time": "14.11.2020 17:36",
            "open": "1.5",
            "high": "1.5",
            "low": "1.5",
            "close": "1.4935"
        },
        {
            "time": "14.11.2020 17:38",
            "open": "1.4935",
            "high": "1.495",
            "low": "1.4935",
            "close": "1.4917"
        },
        {
            "time": "14.11.2020 17:43",
            "open": "1.4917",
            "high": "1.4933",
            "low": "1.4917",
            "close": "1.4931"
        },
        {
            "time": "14.11.2020 17:45",
            "open": "1.4931",
            "high": "1.4999",
            "low": "1.4931",
            "close": "1.4933"
        },
        {
            "time": "14.11.2020 17:46",
            "open": "1.4933",
            "high": "1.4933",
            "low": "1.4933",
            "close": "1.4994"
        },
        {
            "time": "14.11.2020 17:47",
            "open": "1.4994",
            "high": "1.4994",
            "low": "1.4994",
            "close": "1.4917"
        },
        {
            "time": "14.11.2020 17:48",
            "open": "1.4917",
            "high": "1.4917",
            "low": "1.4916",
            "close": "1.4912"
        },
        {
            "time": "14.11.2020 17:50",
            "open": "1.4912",
            "high": "1.4912",
            "low": "1.4912",
            "close": "1.4905"
        },
        {
            "time": "14.11.2020 17:51",
            "open": "1.4905",
            "high": "1.4905",
            "low": "1.4904",
            "close": "1.49"
        },
        {
            "time": "14.11.2020 17:54",
            "open": "1.49",
            "high": "1.49",
            "low": "1.49",
            "close": "1.4894"
        },
        {
            "time": "14.11.2020 17:58",
            "open": "1.4894",
            "high": "1.4894",
            "low": "1.4892",
            "close": "1.4914"
        },
        {
            "time": "14.11.2020 18:01",
            "open": "1.4914",
            "high": "1.4914",
            "low": "1.4914",
            "close": "1.4895"
        },
        {
            "time": "14.11.2020 18:03",
            "open": "1.4895",
            "high": "1.4902",
            "low": "1.4895",
            "close": "1.4894"
        },
        {
            "time": "14.11.2020 18:05",
            "open": "1.4894",
            "high": "1.4894",
            "low": "1.4894",
            "close": "1.4887"
        },
        {
            "time": "14.11.2020 18:07",
            "open": "1.4887",
            "high": "1.4887",
            "low": "1.4887",
            "close": "1.4868"
        },
        {
            "time": "14.11.2020 18:13",
            "open": "1.4868",
            "high": "1.4868",
            "low": "1.4852",
            "close": "1.4868"
        },
        {
            "time": "14.11.2020 18:14",
            "open": "1.4868",
            "high": "1.4868",
            "low": "1.4868",
            "close": "1.485"
        },
        {
            "time": "14.11.2020 18:16",
            "open": "1.485",
            "high": "1.4851",
            "low": "1.485",
            "close": "1.4851"
        },
        {
            "time": "14.11.2020 18:17",
            "open": "1.4851",
            "high": "1.4931",
            "low": "1.4851",
            "close": "1.4852"
        },
        {
            "time": "14.11.2020 18:18",
            "open": "1.4852",
            "high": "1.4852",
            "low": "1.4851",
            "close": "1.487"
        },
        {
            "time": "14.11.2020 18:22",
            "open": "1.487",
            "high": "1.487",
            "low": "1.487",
            "close": "1.4858"
        },
        {
            "time": "14.11.2020 18:24",
            "open": "1.4858",
            "high": "1.4858",
            "low": "1.4858",
            "close": "1.4855"
        },
        {
            "time": "14.11.2020 18:26",
            "open": "1.4855",
            "high": "1.4855",
            "low": "1.4855",
            "close": "1.4855"
        },
        {
            "time": "14.11.2020 18:33",
            "open": "1.4855",
            "high": "1.4855",
            "low": "1.4855",
            "close": "1.4858"
        },
        {
            "time": "14.11.2020 18:34",
            "open": "1.4858",
            "high": "1.4858",
            "low": "1.4858",
            "close": "1.4865"
        },
        {
            "time": "14.11.2020 18:35",
            "open": "1.4865",
            "high": "1.4865",
            "low": "1.4865",
            "close": "1.4907"
        },
        {
            "time": "14.11.2020 18:36",
            "open": "1.4907",
            "high": "1.492",
            "low": "1.4907",
            "close": "1.4864"
        },
        {
            "time": "14.11.2020 18:37",
            "open": "1.4864",
            "high": "1.4866",
            "low": "1.4864",
            "close": "1.4875"
        },
        {
            "time": "14.11.2020 18:38",
            "open": "1.4875",
            "high": "1.4875",
            "low": "1.4875",
            "close": "1.4865"
        },
        {
            "time": "14.11.2020 18:39",
            "open": "1.4865",
            "high": "1.4875",
            "low": "1.4865",
            "close": "1.4882"
        },
        {
            "time": "14.11.2020 18:42",
            "open": "1.4882",
            "high": "1.4882",
            "low": "1.4882",
            "close": "1.4932"
        },
        {
            "time": "14.11.2020 18:43",
            "open": "1.4932",
            "high": "1.4933",
            "low": "1.4932",
            "close": "1.4884"
        },
        {
            "time": "14.11.2020 18:44",
            "open": "1.4884",
            "high": "1.4884",
            "low": "1.4878",
            "close": "1.4881"
        },
        {
            "time": "14.11.2020 18:46",
            "open": "1.4881",
            "high": "1.4881",
            "low": "1.4881",
            "close": "1.4884"
        },
        {
            "time": "14.11.2020 18:47",
            "open": "1.4884",
            "high": "1.4884",
            "low": "1.4884",
            "close": "1.4943"
        },
        {
            "time": "14.11.2020 18:53",
            "open": "1.4943",
            "high": "1.4943",
            "low": "1.4943",
            "close": "1.4954"
        },
        {
            "time": "14.11.2020 18:54",
            "open": "1.4954",
            "high": "1.4954",
            "low": "1.4954",
            "close": "1.4945"
        },
        {
            "time": "14.11.2020 18:57",
            "open": "1.4945",
            "high": "1.4945",
            "low": "1.4945",
            "close": "1.4963"
        },
        {
            "time": "14.11.2020 18:58",
            "open": "1.4963",
            "high": "1.4963",
            "low": "1.4963",
            "close": "1.4939"
        },
        {
            "time": "14.11.2020 19:04",
            "open": "1.4939",
            "high": "1.494",
            "low": "1.4939",
            "close": "1.4867"
        },
        {
            "time": "14.11.2020 19:05",
            "open": "1.4867",
            "high": "1.4867",
            "low": "1.4867",
            "close": "1.4919"
        },
        {
            "time": "14.11.2020 19:06",
            "open": "1.4919",
            "high": "1.4919",
            "low": "1.4919",
            "close": "1.5"
        },
        {
            "time": "14.11.2020 19:07",
            "open": "1.5",
            "high": "1.5",
            "low": "1.5",
            "close": "1.5024"
        },
        {
            "time": "14.11.2020 19:09",
            "open": "1.5024",
            "high": "1.5024",
            "low": "1.5024",
            "close": "1.5022"
        },
        {
            "time": "14.11.2020 19:10",
            "open": "1.5022",
            "high": "1.5022",
            "low": "1.5022",
            "close": "1.5011"
        },
        {
            "time": "14.11.2020 19:13",
            "open": "1.5011",
            "high": "1.5011",
            "low": "1.5011",
            "close": "1.5053"
        },
        {
            "time": "14.11.2020 19:15",
            "open": "1.5053",
            "high": "1.5097",
            "low": "1.5053",
            "close": "1.506"
        },
        {
            "time": "14.11.2020 19:16",
            "open": "1.506",
            "high": "1.506",
            "low": "1.506",
            "close": "1.5189"
        },
        {
            "time": "14.11.2020 19:21",
            "open": "1.5189",
            "high": "1.52",
            "low": "1.5189",
            "close": "1.529"
        },
        {
            "time": "14.11.2020 19:24",
            "open": "1.529",
            "high": "1.529",
            "low": "1.529",
            "close": "1.5264"
        },
        {
            "time": "14.11.2020 19:26",
            "open": "1.5264",
            "high": "1.5264",
            "low": "1.5245",
            "close": "1.5242"
        },
        {
            "time": "14.11.2020 19:28",
            "open": "1.5242",
            "high": "1.5242",
            "low": "1.5242",
            "close": "1.5154"
        },
        {
            "time": "14.11.2020 19:30",
            "open": "1.5154",
            "high": "1.5154",
            "low": "1.5154",
            "close": "1.5201"
        },
        {
            "time": "14.11.2020 19:31",
            "open": "1.5201",
            "high": "1.5214",
            "low": "1.5201",
            "close": "1.5155"
        },
        {
            "time": "14.11.2020 19:32",
            "open": "1.5155",
            "high": "1.5155",
            "low": "1.5123",
            "close": "1.5166"
        },
        {
            "time": "14.11.2020 19:34",
            "open": "1.5166",
            "high": "1.5166",
            "low": "1.5151",
            "close": "1.5244"
        },
        {
            "time": "14.11.2020 19:35",
            "open": "1.5244",
            "high": "1.5244",
            "low": "1.5244",
            "close": "1.5287"
        },
        {
            "time": "14.11.2020 19:36",
            "open": "1.5287",
            "high": "1.5287",
            "low": "1.5287",
            "close": "1.5163"
        },
        {
            "time": "14.11.2020 19:37",
            "open": "1.5163",
            "high": "1.5182",
            "low": "1.5163",
            "close": "1.5175"
        },
        {
            "time": "14.11.2020 19:41",
            "open": "1.5175",
            "high": "1.5175",
            "low": "1.5175",
            "close": "1.5184"
        },
        {
            "time": "14.11.2020 19:45",
            "open": "1.5184",
            "high": "1.5184",
            "low": "1.5184",
            "close": "1.5164"
        },
        {
            "time": "14.11.2020 19:48",
            "open": "1.5164",
            "high": "1.5164",
            "low": "1.5164",
            "close": "1.5164"
        },
        {
            "time": "14.11.2020 19:49",
            "open": "1.5164",
            "high": "1.5164",
            "low": "1.5164",
            "close": "1.5144"
        },
        {
            "time": "14.11.2020 19:55",
            "open": "1.5144",
            "high": "1.5145",
            "low": "1.5144",
            "close": "1.5154"
        },
        {
            "time": "14.11.2020 19:57",
            "open": "1.5154",
            "high": "1.5154",
            "low": "1.5154",
            "close": "1.5152"
        },
        {
            "time": "14.11.2020 20:01",
            "open": "1.5152",
            "high": "1.5152",
            "low": "1.5152",
            "close": "1.5154"
        },
        {
            "time": "14.11.2020 20:05",
            "open": "1.5154",
            "high": "1.5154",
            "low": "1.5154",
            "close": "1.5154"
        },
        {
            "time": "14.11.2020 20:07",
            "open": "1.5154",
            "high": "1.517",
            "low": "1.5141",
            "close": "1.5174"
        },
        {
            "time": "14.11.2020 20:11",
            "open": "1.5174",
            "high": "1.5174",
            "low": "1.5174",
            "close": "1.521"
        },
        {
            "time": "14.11.2020 20:14",
            "open": "1.521",
            "high": "1.5214",
            "low": "1.521",
            "close": "1.5281"
        },
        {
            "time": "14.11.2020 20:16",
            "open": "1.5281",
            "high": "1.529",
            "low": "1.5281",
            "close": "1.5225"
        },
        {
            "time": "14.11.2020 20:17",
            "open": "1.5225",
            "high": "1.5225",
            "low": "1.5225",
            "close": "1.5223"
        },
        {
            "time": "14.11.2020 20:20",
            "open": "1.5223",
            "high": "1.5223",
            "low": "1.5223",
            "close": "1.5223"
        },
        {
            "time": "14.11.2020 20:21",
            "open": "1.5223",
            "high": "1.5223",
            "low": "1.5223",
            "close": "1.529"
        },
        {
            "time": "14.11.2020 20:23",
            "open": "1.529",
            "high": "1.529",
            "low": "1.529",
            "close": "1.5254"
        },
        {
            "time": "14.11.2020 20:26",
            "open": "1.5254",
            "high": "1.5254",
            "low": "1.5254",
            "close": "1.5254"
        },
        {
            "time": "14.11.2020 20:27",
            "open": "1.5254",
            "high": "1.5254",
            "low": "1.5252",
            "close": "1.5252"
        },
        {
            "time": "14.11.2020 20:28",
            "open": "1.5252",
            "high": "1.5252",
            "low": "1.5252",
            "close": "1.5253"
        },
        {
            "time": "14.11.2020 20:30",
            "open": "1.5253",
            "high": "1.5253",
            "low": "1.5252",
            "close": "1.5252"
        },
        {
            "time": "14.11.2020 20:31",
            "open": "1.5252",
            "high": "1.5252",
            "low": "1.5252",
            "close": "1.5252"
        },
        {
            "time": "14.11.2020 20:34",
            "open": "1.5252",
            "high": "1.5252",
            "low": "1.5252",
            "close": "1.5252"
        },
        {
            "time": "14.11.2020 20:35",
            "open": "1.5252",
            "high": "1.5252",
            "low": "1.525",
            "close": "1.5214"
        },
        {
            "time": "14.11.2020 20:41",
            "open": "1.5214",
            "high": "1.5214",
            "low": "1.5214",
            "close": "1.5185"
        },
        {
            "time": "14.11.2020 20:46",
            "open": "1.5185",
            "high": "1.5185",
            "low": "1.5184",
            "close": "1.524"
        },
        {
            "time": "14.11.2020 20:47",
            "open": "1.524",
            "high": "1.5258",
            "low": "1.524",
            "close": "1.5203"
        },
        {
            "time": "14.11.2020 20:51",
            "open": "1.5203",
            "high": "1.5203",
            "low": "1.5203",
            "close": "1.5203"
        },
        {
            "time": "14.11.2020 20:52",
            "open": "1.5203",
            "high": "1.5203",
            "low": "1.5203",
            "close": "1.5261"
        },
        {
            "time": "14.11.2020 20:54",
            "open": "1.5261",
            "high": "1.5261",
            "low": "1.526",
            "close": "1.5274"
        },
        {
            "time": "14.11.2020 20:57",
            "open": "1.5274",
            "high": "1.5274",
            "low": "1.5254",
            "close": "1.5254"
        },
        {
            "time": "14.11.2020 20:59",
            "open": "1.5254",
            "high": "1.5254",
            "low": "1.5254",
            "close": "1.5254"
        },
        {
            "time": "14.11.2020 21:00",
            "open": "1.5254",
            "high": "1.5254",
            "low": "1.5254",
            "close": "1.5254"
        },
        {
            "time": "14.11.2020 21:01",
            "open": "1.5254",
            "high": "1.5254",
            "low": "1.5254",
            "close": "1.5254"
        },
        {
            "time": "14.11.2020 21:03",
            "open": "1.5254",
            "high": "1.5254",
            "low": "1.5254",
            "close": "1.5274"
        },
        {
            "time": "14.11.2020 21:05",
            "open": "1.5274",
            "high": "1.5274",
            "low": "1.5254",
            "close": "1.5198"
        },
        {
            "time": "14.11.2020 21:10",
            "open": "1.5198",
            "high": "1.5198",
            "low": "1.5157",
            "close": "1.5181"
        },
        {
            "time": "14.11.2020 21:16",
            "open": "1.5181",
            "high": "1.5183",
            "low": "1.5181",
            "close": "1.5251"
        },
        {
            "time": "14.11.2020 21:17",
            "open": "1.5251",
            "high": "1.5251",
            "low": "1.5251",
            "close": "1.5146"
        },
        {
            "time": "14.11.2020 21:19",
            "open": "1.5146",
            "high": "1.5146",
            "low": "1.5146",
            "close": "1.5155"
        },
        {
            "time": "14.11.2020 21:20",
            "open": "1.5155",
            "high": "1.5155",
            "low": "1.5155",
            "close": "1.5155"
        },
        {
            "time": "14.11.2020 21:22",
            "open": "1.5155",
            "high": "1.5155",
            "low": "1.5155",
            "close": "1.5155"
        },
        {
            "time": "14.11.2020 21:25",
            "open": "1.5155",
            "high": "1.5155",
            "low": "1.5155",
            "close": "1.5152"
        },
        {
            "time": "14.11.2020 21:26",
            "open": "1.5152",
            "high": "1.521",
            "low": "1.5152",
            "close": "1.5155"
        },
        {
            "time": "14.11.2020 21:27",
            "open": "1.5155",
            "high": "1.5155",
            "low": "1.5155",
            "close": "1.5179"
        },
        {
            "time": "14.11.2020 21:28",
            "open": "1.5179",
            "high": "1.5179",
            "low": "1.5179",
            "close": "1.5224"
        },
        {
            "time": "14.11.2020 21:29",
            "open": "1.5224",
            "high": "1.5225",
            "low": "1.5224",
            "close": "1.5145"
        },
        {
            "time": "14.11.2020 21:32",
            "open": "1.5145",
            "high": "1.5145",
            "low": "1.5145",
            "close": "1.5146"
        },
        {
            "time": "14.11.2020 21:33",
            "open": "1.5146",
            "high": "1.5209",
            "low": "1.5146",
            "close": "1.514"
        },
        {
            "time": "14.11.2020 21:36",
            "open": "1.514",
            "high": "1.514",
            "low": "1.514",
            "close": "1.5225"
        },
        {
            "time": "14.11.2020 21:40",
            "open": "1.5225",
            "high": "1.5225",
            "low": "1.5161",
            "close": "1.5164"
        },
        {
            "time": "14.11.2020 21:41",
            "open": "1.5164",
            "high": "1.5164",
            "low": "1.5164",
            "close": "1.5188"
        },
        {
            "time": "14.11.2020 21:48",
            "open": "1.5188",
            "high": "1.5206",
            "low": "1.5188",
            "close": "1.5215"
        },
        {
            "time": "14.11.2020 21:51",
            "open": "1.5215",
            "high": "1.5215",
            "low": "1.5215",
            "close": "1.5215"
        },
        {
            "time": "14.11.2020 21:52",
            "open": "1.5215",
            "high": "1.5215",
            "low": "1.5215",
            "close": "1.5205"
        },
        {
            "time": "14.11.2020 21:54",
            "open": "1.5205",
            "high": "1.5205",
            "low": "1.5205",
            "close": "1.5215"
        },
        {
            "time": "14.11.2020 21:57",
            "open": "1.5215",
            "high": "1.5215",
            "low": "1.5215",
            "close": "1.5195"
        },
        {
            "time": "14.11.2020 22:01",
            "open": "1.5195",
            "high": "1.5195",
            "low": "1.5195",
            "close": "1.5195"
        },
        {
            "time": "14.11.2020 22:03",
            "open": "1.5195",
            "high": "1.5195",
            "low": "1.5195",
            "close": "1.5195"
        },
        {
            "time": "14.11.2020 22:05",
            "open": "1.5195",
            "high": "1.5195",
            "low": "1.5184",
            "close": "1.5205"
        },
        {
            "time": "14.11.2020 22:13",
            "open": "1.5205",
            "high": "1.5205",
            "low": "1.5205",
            "close": "1.5205"
        },
        {
            "time": "14.11.2020 22:14",
            "open": "1.5205",
            "high": "1.5205",
            "low": "1.5205",
            "close": "1.5204"
        },
        {
            "time": "14.11.2020 22:17",
            "open": "1.5204",
            "high": "1.5204",
            "low": "1.5204",
            "close": "1.5204"
        },
        {
            "time": "14.11.2020 22:18",
            "open": "1.5204",
            "high": "1.5204",
            "low": "1.5204",
            "close": "1.5204"
        },
        {
            "time": "14.11.2020 22:20",
            "open": "1.5204",
            "high": "1.5204",
            "low": "1.5204",
            "close": "1.5205"
        },
        {
            "time": "14.11.2020 22:30",
            "open": "1.5205",
            "high": "1.5205",
            "low": "1.5205",
            "close": "1.5195"
        },
        {
            "time": "14.11.2020 22:33",
            "open": "1.5195",
            "high": "1.5195",
            "low": "1.5195",
            "close": "1.5227"
        },
        {
            "time": "14.11.2020 22:34",
            "open": "1.5227",
            "high": "1.5259",
            "low": "1.5227",
            "close": "1.5194"
        },
        {
            "time": "14.11.2020 22:40",
            "open": "1.5194",
            "high": "1.5194",
            "low": "1.5194",
            "close": "1.5184"
        },
        {
            "time": "14.11.2020 22:41",
            "open": "1.5184",
            "high": "1.5184",
            "low": "1.5184",
            "close": "1.5185"
        },
        {
            "time": "14.11.2020 22:45",
            "open": "1.5185",
            "high": "1.5185",
            "low": "1.5184",
            "close": "1.5184"
        },
        {
            "time": "14.11.2020 22:46",
            "open": "1.5184",
            "high": "1.519",
            "low": "1.5184",
            "close": "1.5184"
        },
        {
            "time": "14.11.2020 22:48",
            "open": "1.5184",
            "high": "1.5184",
            "low": "1.5184",
            "close": "1.5189"
        },
        {
            "time": "14.11.2020 22:53",
            "open": "1.5189",
            "high": "1.5248",
            "low": "1.5189",
            "close": "1.5141"
        },
        {
            "time": "14.11.2020 22:55",
            "open": "1.5141",
            "high": "1.5141",
            "low": "1.5141",
            "close": "1.5141"
        },
        {
            "time": "14.11.2020 22:56",
            "open": "1.5141",
            "high": "1.5141",
            "low": "1.514",
            "close": "1.514"
        },
        {
            "time": "14.11.2020 23:01",
            "open": "1.514",
            "high": "1.514",
            "low": "1.514",
            "close": "1.514"
        },
        {
            "time": "14.11.2020 23:07",
            "open": "1.514",
            "high": "1.514",
            "low": "1.514",
            "close": "1.5141"
        },
        {
            "time": "14.11.2020 23:09",
            "open": "1.5141",
            "high": "1.5141",
            "low": "1.514",
            "close": "1.514"
        },
        {
            "time": "14.11.2020 23:10",
            "open": "1.514",
            "high": "1.514",
            "low": "1.514",
            "close": "1.514"
        },
        {
            "time": "14.11.2020 23:16",
            "open": "1.514",
            "high": "1.514",
            "low": "1.514",
            "close": "1.5141"
        },
        {
            "time": "14.11.2020 23:18",
            "open": "1.5141",
            "high": "1.5141",
            "low": "1.5141",
            "close": "1.5141"
        },
        {
            "time": "14.11.2020 23:19",
            "open": "1.5141",
            "high": "1.5141",
            "low": "1.5141",
            "close": "1.5141"
        },
        {
            "time": "14.11.2020 23:23",
            "open": "1.5141",
            "high": "1.5141",
            "low": "1.5141",
            "close": "1.5141"
        },
        {
            "time": "14.11.2020 23:25",
            "open": "1.5141",
            "high": "1.5141",
            "low": "1.514",
            "close": "1.514"
        },
        {
            "time": "14.11.2020 23:28",
            "open": "1.514",
            "high": "1.514",
            "low": "1.514",
            "close": "1.514"
        },
        {
            "time": "14.11.2020 23:29",
            "open": "1.514",
            "high": "1.514",
            "low": "1.514",
            "close": "1.514"
        },
        {
            "time": "14.11.2020 23:31",
            "open": "1.514",
            "high": "1.514",
            "low": "1.514",
            "close": "1.514"
        },
        {
            "time": "14.11.2020 23:33",
            "open": "1.514",
            "high": "1.514",
            "low": "1.514",
            "close": "1.514"
        },
        {
            "time": "14.11.2020 23:37",
            "open": "1.514",
            "high": "1.514",
            "low": "1.514",
            "close": "1.514"
        },
        {
            "time": "14.11.2020 23:38",
            "open": "1.514",
            "high": "1.514",
            "low": "1.5065",
            "close": "1.51"
        },
        {
            "time": "14.11.2020 23:39",
            "open": "1.51",
            "high": "1.51",
            "low": "1.51",
            "close": "1.5065"
        },
        {
            "time": "14.11.2020 23:41",
            "open": "1.5065",
            "high": "1.5065",
            "low": "1.5065",
            "close": "1.5093"
        },
        {
            "time": "14.11.2020 23:45",
            "open": "1.5093",
            "high": "1.5157",
            "low": "1.5093",
            "close": "1.5079"
        },
        {
            "time": "14.11.2020 23:47",
            "open": "1.5079",
            "high": "1.51",
            "low": "1.5079",
            "close": "1.5053"
        },
        {
            "time": "14.11.2020 23:50",
            "open": "1.5053",
            "high": "1.5053",
            "low": "1.5053",
            "close": "1.5065"
        }
    ]
}