{
    "CGLD-EUR": [
        {
            "time": "01.11.2020 23:54",
            "open": "1.4444",
            "high": "1.4444",
            "low": "1.4444",
            "close": "1.43"
        },
        {
            "time": "02.11.2020 00:00",
            "open": "1.43",
            "high": "1.43",
            "low": "1.43",
            "close": "1.4422"
        },
        {
            "time": "02.11.2020 00:04",
            "open": "1.4422",
            "high": "1.4431",
            "low": "1.4422",
            "close": "1.4346"
        },
        {
            "time": "02.11.2020 00:11",
            "open": "1.4346",
            "high": "1.4346",
            "low": "1.4346",
            "close": "1.4339"
        },
        {
            "time": "02.11.2020 00:12",
            "open": "1.4339",
            "high": "1.4339",
            "low": "1.4339",
            "close": "1.4342"
        },
        {
            "time": "02.11.2020 00:18",
            "open": "1.4342",
            "high": "1.4342",
            "low": "1.4342",
            "close": "1.4334"
        },
        {
            "time": "02.11.2020 00:20",
            "open": "1.4334",
            "high": "1.4334",
            "low": "1.4334",
            "close": "1.4344"
        },
        {
            "time": "02.11.2020 00:24",
            "open": "1.4344",
            "high": "1.4344",
            "low": "1.4344",
            "close": "1.4357"
        },
        {
            "time": "02.11.2020 00:30",
            "open": "1.4357",
            "high": "1.4357",
            "low": "1.4357",
            "close": "1.4314"
        },
        {
            "time": "02.11.2020 00:31",
            "open": "1.4314",
            "high": "1.4314",
            "low": "1.4314",
            "close": "1.4324"
        },
        {
            "time": "02.11.2020 00:33",
            "open": "1.4324",
            "high": "1.4324",
            "low": "1.4324",
            "close": "1.432"
        },
        {
            "time": "02.11.2020 00:34",
            "open": "1.432",
            "high": "1.432",
            "low": "1.432",
            "close": "1.432"
        },
        {
            "time": "02.11.2020 00:41",
            "open": "1.432",
            "high": "1.432",
            "low": "1.432",
            "close": "1.4324"
        },
        {
            "time": "02.11.2020 00:44",
            "open": "1.4324",
            "high": "1.4324",
            "low": "1.4324",
            "close": "1.4334"
        },
        {
            "time": "02.11.2020 00:47",
            "open": "1.4334",
            "high": "1.4334",
            "low": "1.4334",
            "close": "1.4304"
        },
        {
            "time": "02.11.2020 00:55",
            "open": "1.4304",
            "high": "1.4304",
            "low": "1.4304",
            "close": "1.4295"
        },
        {
            "time": "02.11.2020 01:00",
            "open": "1.4295",
            "high": "1.4295",
            "low": "1.4295",
            "close": "1.4312"
        },
        {
            "time": "02.11.2020 01:06",
            "open": "1.4312",
            "high": "1.4312",
            "low": "1.4312",
            "close": "1.43"
        },
        {
            "time": "02.11.2020 01:11",
            "open": "1.43",
            "high": "1.43",
            "low": "1.43",
            "close": "1.4284"
        },
        {
            "time": "02.11.2020 01:14",
            "open": "1.4284",
            "high": "1.4284",
            "low": "1.4284",
            "close": "1.4285"
        },
        {
            "time": "02.11.2020 01:15",
            "open": "1.4285",
            "high": "1.4285",
            "low": "1.4285",
            "close": "1.43"
        },
        {
            "time": "02.11.2020 01:22",
            "open": "1.43",
            "high": "1.43",
            "low": "1.43",
            "close": "1.4293"
        },
        {
            "time": "02.11.2020 01:28",
            "open": "1.4293",
            "high": "1.4293",
            "low": "1.4292",
            "close": "1.4357"
        },
        {
            "time": "02.11.2020 01:35",
            "open": "1.4357",
            "high": "1.4402",
            "low": "1.4357",
            "close": "1.4455"
        },
        {
            "time": "02.11.2020 01:36",
            "open": "1.4455",
            "high": "1.4455",
            "low": "1.4455",
            "close": "1.4482"
        },
        {
            "time": "02.11.2020 01:38",
            "open": "1.4482",
            "high": "1.4482",
            "low": "1.4482",
            "close": "1.4497"
        },
        {
            "time": "02.11.2020 01:39",
            "open": "1.4497",
            "high": "1.45",
            "low": "1.4497",
            "close": "1.4533"
        },
        {
            "time": "02.11.2020 01:41",
            "open": "1.4533",
            "high": "1.4533",
            "low": "1.4533",
            "close": "1.4533"
        },
        {
            "time": "02.11.2020 01:50",
            "open": "1.4533",
            "high": "1.4533",
            "low": "1.4533",
            "close": "1.454"
        },
        {
            "time": "02.11.2020 01:54",
            "open": "1.454",
            "high": "1.454",
            "low": "1.453",
            "close": "1.453"
        },
        {
            "time": "02.11.2020 01:55",
            "open": "1.453",
            "high": "1.4566",
            "low": "1.4529",
            "close": "1.4567"
        },
        {
            "time": "02.11.2020 01:56",
            "open": "1.4567",
            "high": "1.4571",
            "low": "1.4564",
            "close": "1.457"
        },
        {
            "time": "02.11.2020 01:57",
            "open": "1.457",
            "high": "1.4571",
            "low": "1.455",
            "close": "1.4564"
        },
        {
            "time": "02.11.2020 01:58",
            "open": "1.4564",
            "high": "1.4564",
            "low": "1.455",
            "close": "1.4543"
        },
        {
            "time": "02.11.2020 02:02",
            "open": "1.4543",
            "high": "1.4543",
            "low": "1.4543",
            "close": "1.4567"
        },
        {
            "time": "02.11.2020 02:07",
            "open": "1.4567",
            "high": "1.4567",
            "low": "1.4567",
            "close": "1.4569"
        },
        {
            "time": "02.11.2020 02:10",
            "open": "1.4569",
            "high": "1.4569",
            "low": "1.4569",
            "close": "1.4484"
        },
        {
            "time": "02.11.2020 02:30",
            "open": "1.4484",
            "high": "1.4484",
            "low": "1.4484",
            "close": "1.4324"
        },
        {
            "time": "02.11.2020 02:46",
            "open": "1.4324",
            "high": "1.4324",
            "low": "1.4324",
            "close": "1.4264"
        },
        {
            "time": "02.11.2020 02:55",
            "open": "1.4264",
            "high": "1.4264",
            "low": "1.4264",
            "close": "1.4284"
        },
        {
            "time": "02.11.2020 02:56",
            "open": "1.4284",
            "high": "1.4284",
            "low": "1.4284",
            "close": "1.4263"
        },
        {
            "time": "02.11.2020 03:11",
            "open": "1.4263",
            "high": "1.4263",
            "low": "1.4263",
            "close": "1.4245"
        },
        {
            "time": "02.11.2020 03:14",
            "open": "1.4245",
            "high": "1.4245",
            "low": "1.4245",
            "close": "1.4265"
        },
        {
            "time": "02.11.2020 03:17",
            "open": "1.4265",
            "high": "1.4265",
            "low": "1.4251",
            "close": "1.4157"
        },
        {
            "time": "02.11.2020 03:21",
            "open": "1.4157",
            "high": "1.4161",
            "low": "1.4157",
            "close": "1.432"
        },
        {
            "time": "02.11.2020 03:23",
            "open": "1.432",
            "high": "1.432",
            "low": "1.432",
            "close": "1.4274"
        },
        {
            "time": "02.11.2020 03:25",
            "open": "1.4274",
            "high": "1.4274",
            "low": "1.4272",
            "close": "1.4334"
        },
        {
            "time": "02.11.2020 03:30",
            "open": "1.4334",
            "high": "1.4334",
            "low": "1.4334",
            "close": "1.4448"
        },
        {
            "time": "02.11.2020 03:37",
            "open": "1.4448",
            "high": "1.4448",
            "low": "1.4448",
            "close": "1.4459"
        },
        {
            "time": "02.11.2020 03:40",
            "open": "1.4459",
            "high": "1.4459",
            "low": "1.4459",
            "close": "1.4472"
        },
        {
            "time": "02.11.2020 03:48",
            "open": "1.4472",
            "high": "1.4472",
            "low": "1.4472",
            "close": "1.4464"
        },
        {
            "time": "02.11.2020 03:50",
            "open": "1.4464",
            "high": "1.4464",
            "low": "1.4464",
            "close": "1.4505"
        },
        {
            "time": "02.11.2020 04:01",
            "open": "1.4505",
            "high": "1.4505",
            "low": "1.4505",
            "close": "1.4474"
        },
        {
            "time": "02.11.2020 04:15",
            "open": "1.4474",
            "high": "1.4474",
            "low": "1.4474",
            "close": "1.4513"
        },
        {
            "time": "02.11.2020 04:16",
            "open": "1.4513",
            "high": "1.4541",
            "low": "1.4513",
            "close": "1.4528"
        },
        {
            "time": "02.11.2020 04:17",
            "open": "1.4528",
            "high": "1.4542",
            "low": "1.4528",
            "close": "1.4519"
        },
        {
            "time": "02.11.2020 04:19",
            "open": "1.4519",
            "high": "1.4575",
            "low": "1.4519",
            "close": "1.4315"
        },
        {
            "time": "02.11.2020 05:25",
            "open": "1.4315",
            "high": "1.4315",
            "low": "1.4315",
            "close": "1.4258"
        },
        {
            "time": "02.11.2020 05:32",
            "open": "1.4258",
            "high": "1.4258",
            "low": "1.4258",
            "close": "1.4264"
        },
        {
            "time": "02.11.2020 05:36",
            "open": "1.4264",
            "high": "1.4264",
            "low": "1.4264",
            "close": "1.4254"
        },
        {
            "time": "02.11.2020 05:38",
            "open": "1.4254",
            "high": "1.4329",
            "low": "1.4254",
            "close": "1.4374"
        },
        {
            "time": "02.11.2020 05:44",
            "open": "1.4374",
            "high": "1.4374",
            "low": "1.4374",
            "close": "1.4439"
        },
        {
            "time": "02.11.2020 05:46",
            "open": "1.4439",
            "high": "1.4439",
            "low": "1.4439",
            "close": "1.4204"
        },
        {
            "time": "02.11.2020 06:00",
            "open": "1.4204",
            "high": "1.4204",
            "low": "1.4204",
            "close": "1.4185"
        },
        {
            "time": "02.11.2020 06:15",
            "open": "1.4185",
            "high": "1.4185",
            "low": "1.4185",
            "close": "1.4193"
        },
        {
            "time": "02.11.2020 06:16",
            "open": "1.4193",
            "high": "1.4193",
            "low": "1.4193",
            "close": "1.4254"
        },
        {
            "time": "02.11.2020 06:22",
            "open": "1.4254",
            "high": "1.4254",
            "low": "1.415",
            "close": "1.4223"
        },
        {
            "time": "02.11.2020 06:28",
            "open": "1.4223",
            "high": "1.4223",
            "low": "1.4223",
            "close": "1.4289"
        },
        {
            "time": "02.11.2020 06:32",
            "open": "1.4289",
            "high": "1.4289",
            "low": "1.4289",
            "close": "1.4239"
        },
        {
            "time": "02.11.2020 06:38",
            "open": "1.4239",
            "high": "1.4239",
            "low": "1.4239",
            "close": "1.4203"
        },
        {
            "time": "02.11.2020 07:00",
            "open": "1.4203",
            "high": "1.4203",
            "low": "1.4203",
            "close": "1.4166"
        },
        {
            "time": "02.11.2020 07:07",
            "open": "1.4166",
            "high": "1.4166",
            "low": "1.4166",
            "close": "1.4184"
        },
        {
            "time": "02.11.2020 07:28",
            "open": "1.4184",
            "high": "1.4184",
            "low": "1.4184",
            "close": "1.4269"
        },
        {
            "time": "02.11.2020 07:31",
            "open": "1.4269",
            "high": "1.43",
            "low": "1.4269",
            "close": "1.4355"
        },
        {
            "time": "02.11.2020 07:45",
            "open": "1.4355",
            "high": "1.4355",
            "low": "1.4355",
            "close": "1.4354"
        },
        {
            "time": "02.11.2020 07:50",
            "open": "1.4354",
            "high": "1.4358",
            "low": "1.4354",
            "close": "1.4358"
        },
        {
            "time": "02.11.2020 07:57",
            "open": "1.4358",
            "high": "1.4358",
            "low": "1.4358",
            "close": "1.4343"
        },
        {
            "time": "02.11.2020 08:01",
            "open": "1.4343",
            "high": "1.4343",
            "low": "1.4343",
            "close": "1.4343"
        },
        {
            "time": "02.11.2020 08:02",
            "open": "1.4343",
            "high": "1.4343",
            "low": "1.4343",
            "close": "1.4343"
        },
        {
            "time": "02.11.2020 08:05",
            "open": "1.4343",
            "high": "1.4343",
            "low": "1.4343",
            "close": "1.4391"
        },
        {
            "time": "02.11.2020 08:07",
            "open": "1.4391",
            "high": "1.4391",
            "low": "1.4391",
            "close": "1.4332"
        },
        {
            "time": "02.11.2020 08:09",
            "open": "1.4332",
            "high": "1.4332",
            "low": "1.4332",
            "close": "1.4343"
        },
        {
            "time": "02.11.2020 08:12",
            "open": "1.4343",
            "high": "1.4343",
            "low": "1.4343",
            "close": "1.4343"
        },
        {
            "time": "02.11.2020 08:13",
            "open": "1.4343",
            "high": "1.4343",
            "low": "1.4343",
            "close": "1.4393"
        },
        {
            "time": "02.11.2020 08:14",
            "open": "1.4393",
            "high": "1.4393",
            "low": "1.4393",
            "close": "1.4343"
        },
        {
            "time": "02.11.2020 08:16",
            "open": "1.4343",
            "high": "1.4343",
            "low": "1.4343",
            "close": "1.4325"
        },
        {
            "time": "02.11.2020 08:29",
            "open": "1.4325",
            "high": "1.4325",
            "low": "1.4325",
            "close": "1.4322"
        },
        {
            "time": "02.11.2020 08:31",
            "open": "1.4322",
            "high": "1.4322",
            "low": "1.4322",
            "close": "1.4379"
        },
        {
            "time": "02.11.2020 08:32",
            "open": "1.4379",
            "high": "1.4379",
            "low": "1.4379",
            "close": "1.4324"
        },
        {
            "time": "02.11.2020 08:35",
            "open": "1.4324",
            "high": "1.4324",
            "low": "1.4324",
            "close": "1.436"
        },
        {
            "time": "02.11.2020 08:36",
            "open": "1.436",
            "high": "1.436",
            "low": "1.436",
            "close": "1.4381"
        },
        {
            "time": "02.11.2020 08:43",
            "open": "1.4381",
            "high": "1.4381",
            "low": "1.4381",
            "close": "1.4333"
        },
        {
            "time": "02.11.2020 08:44",
            "open": "1.4333",
            "high": "1.4333",
            "low": "1.4331",
            "close": "1.4322"
        },
        {
            "time": "02.11.2020 08:47",
            "open": "1.4322",
            "high": "1.4322",
            "low": "1.4322",
            "close": "1.43"
        },
        {
            "time": "02.11.2020 08:49",
            "open": "1.43",
            "high": "1.43",
            "low": "1.43",
            "close": "1.424"
        },
        {
            "time": "02.11.2020 08:54",
            "open": "1.424",
            "high": "1.424",
            "low": "1.424",
            "close": "1.4202"
        },
        {
            "time": "02.11.2020 08:56",
            "open": "1.4202",
            "high": "1.4202",
            "low": "1.4202",
            "close": "1.4192"
        },
        {
            "time": "02.11.2020 08:59",
            "open": "1.4192",
            "high": "1.4193",
            "low": "1.4192",
            "close": "1.4182"
        },
        {
            "time": "02.11.2020 09:00",
            "open": "1.4182",
            "high": "1.4182",
            "low": "1.4182",
            "close": "1.4233"
        },
        {
            "time": "02.11.2020 09:05",
            "open": "1.4233",
            "high": "1.4233",
            "low": "1.4233",
            "close": "1.4294"
        },
        {
            "time": "02.11.2020 09:06",
            "open": "1.4294",
            "high": "1.4294",
            "low": "1.4294",
            "close": "1.4242"
        },
        {
            "time": "02.11.2020 09:08",
            "open": "1.4242",
            "high": "1.4242",
            "low": "1.4242",
            "close": "1.4242"
        },
        {
            "time": "02.11.2020 09:09",
            "open": "1.4242",
            "high": "1.4242",
            "low": "1.4242",
            "close": "1.4219"
        },
        {
            "time": "02.11.2020 09:12",
            "open": "1.4219",
            "high": "1.4219",
            "low": "1.4219",
            "close": "1.423"
        },
        {
            "time": "02.11.2020 09:13",
            "open": "1.423",
            "high": "1.4232",
            "low": "1.423",
            "close": "1.4214"
        },
        {
            "time": "02.11.2020 09:17",
            "open": "1.4214",
            "high": "1.4214",
            "low": "1.4212",
            "close": "1.4191"
        },
        {
            "time": "02.11.2020 09:19",
            "open": "1.4191",
            "high": "1.4191",
            "low": "1.4191",
            "close": "1.4189"
        },
        {
            "time": "02.11.2020 09:23",
            "open": "1.4189",
            "high": "1.4191",
            "low": "1.4189",
            "close": "1.4189"
        },
        {
            "time": "02.11.2020 09:24",
            "open": "1.4189",
            "high": "1.4189",
            "low": "1.4186",
            "close": "1.4162"
        },
        {
            "time": "02.11.2020 09:28",
            "open": "1.4162",
            "high": "1.4162",
            "low": "1.4162",
            "close": "1.4163"
        },
        {
            "time": "02.11.2020 09:30",
            "open": "1.4163",
            "high": "1.4163",
            "low": "1.4163",
            "close": "1.417"
        },
        {
            "time": "02.11.2020 09:31",
            "open": "1.417",
            "high": "1.417",
            "low": "1.417",
            "close": "1.4165"
        },
        {
            "time": "02.11.2020 09:34",
            "open": "1.4165",
            "high": "1.4165",
            "low": "1.4165",
            "close": "1.4154"
        },
        {
            "time": "02.11.2020 09:36",
            "open": "1.4154",
            "high": "1.4154",
            "low": "1.4154",
            "close": "1.4117"
        },
        {
            "time": "02.11.2020 09:40",
            "open": "1.4117",
            "high": "1.4117",
            "low": "1.4117",
            "close": "1.4117"
        },
        {
            "time": "02.11.2020 09:41",
            "open": "1.4117",
            "high": "1.4117",
            "low": "1.4117",
            "close": "1.4228"
        },
        {
            "time": "02.11.2020 09:44",
            "open": "1.4228",
            "high": "1.4228",
            "low": "1.4228",
            "close": "1.4171"
        },
        {
            "time": "02.11.2020 09:47",
            "open": "1.4171",
            "high": "1.4171",
            "low": "1.4171",
            "close": "1.4161"
        },
        {
            "time": "02.11.2020 09:53",
            "open": "1.4161",
            "high": "1.4161",
            "low": "1.4161",
            "close": "1.4162"
        },
        {
            "time": "02.11.2020 09:55",
            "open": "1.4162",
            "high": "1.4162",
            "low": "1.4162",
            "close": "1.4161"
        },
        {
            "time": "02.11.2020 09:56",
            "open": "1.4161",
            "high": "1.4161",
            "low": "1.4161",
            "close": "1.4166"
        },
        {
            "time": "02.11.2020 09:57",
            "open": "1.4166",
            "high": "1.4166",
            "low": "1.4166",
            "close": "1.416"
        },
        {
            "time": "02.11.2020 10:00",
            "open": "1.416",
            "high": "1.416",
            "low": "1.416",
            "close": "1.416"
        },
        {
            "time": "02.11.2020 10:01",
            "open": "1.416",
            "high": "1.416",
            "low": "1.4089",
            "close": "1.4122"
        },
        {
            "time": "02.11.2020 10:02",
            "open": "1.4122",
            "high": "1.4122",
            "low": "1.4122",
            "close": "1.4103"
        },
        {
            "time": "02.11.2020 10:03",
            "open": "1.4103",
            "high": "1.4103",
            "low": "1.4103",
            "close": "1.4122"
        },
        {
            "time": "02.11.2020 10:06",
            "open": "1.4122",
            "high": "1.4122",
            "low": "1.4122",
            "close": "1.4178"
        },
        {
            "time": "02.11.2020 10:07",
            "open": "1.4178",
            "high": "1.4178",
            "low": "1.4178",
            "close": "1.4111"
        },
        {
            "time": "02.11.2020 10:11",
            "open": "1.4111",
            "high": "1.4111",
            "low": "1.4111",
            "close": "1.4101"
        },
        {
            "time": "02.11.2020 10:17",
            "open": "1.4101",
            "high": "1.4101",
            "low": "1.4101",
            "close": "1.4101"
        },
        {
            "time": "02.11.2020 10:18",
            "open": "1.4101",
            "high": "1.4101",
            "low": "1.4101",
            "close": "1.411"
        },
        {
            "time": "02.11.2020 10:19",
            "open": "1.411",
            "high": "1.411",
            "low": "1.411",
            "close": "1.409"
        },
        {
            "time": "02.11.2020 10:21",
            "open": "1.409",
            "high": "1.409",
            "low": "1.409",
            "close": "1.4082"
        },
        {
            "time": "02.11.2020 10:26",
            "open": "1.4082",
            "high": "1.4082",
            "low": "1.4082",
            "close": "1.409"
        },
        {
            "time": "02.11.2020 10:29",
            "open": "1.409",
            "high": "1.409",
            "low": "1.409",
            "close": "1.41"
        },
        {
            "time": "02.11.2020 10:32",
            "open": "1.41",
            "high": "1.41",
            "low": "1.41",
            "close": "1.41"
        },
        {
            "time": "02.11.2020 10:33",
            "open": "1.41",
            "high": "1.41",
            "low": "1.41",
            "close": "1.41"
        },
        {
            "time": "02.11.2020 10:35",
            "open": "1.41",
            "high": "1.41",
            "low": "1.41",
            "close": "1.41"
        },
        {
            "time": "02.11.2020 10:36",
            "open": "1.41",
            "high": "1.41",
            "low": "1.41",
            "close": "1.41"
        },
        {
            "time": "02.11.2020 10:37",
            "open": "1.41",
            "high": "1.41",
            "low": "1.41",
            "close": "1.409"
        },
        {
            "time": "02.11.2020 10:43",
            "open": "1.409",
            "high": "1.409",
            "low": "1.409",
            "close": "1.41"
        },
        {
            "time": "02.11.2020 10:49",
            "open": "1.41",
            "high": "1.41",
            "low": "1.41",
            "close": "1.41"
        },
        {
            "time": "02.11.2020 10:50",
            "open": "1.41",
            "high": "1.41",
            "low": "1.41",
            "close": "1.409"
        },
        {
            "time": "02.11.2020 10:52",
            "open": "1.409",
            "high": "1.409",
            "low": "1.409",
            "close": "1.4101"
        },
        {
            "time": "02.11.2020 10:54",
            "open": "1.4101",
            "high": "1.4101",
            "low": "1.4101",
            "close": "1.4101"
        },
        {
            "time": "02.11.2020 10:55",
            "open": "1.4101",
            "high": "1.4101",
            "low": "1.4101",
            "close": "1.4165"
        },
        {
            "time": "02.11.2020 11:01",
            "open": "1.4165",
            "high": "1.4165",
            "low": "1.4165",
            "close": "1.4112"
        },
        {
            "time": "02.11.2020 11:03",
            "open": "1.4112",
            "high": "1.4112",
            "low": "1.4112",
            "close": "1.4114"
        },
        {
            "time": "02.11.2020 11:04",
            "open": "1.4114",
            "high": "1.4114",
            "low": "1.4114",
            "close": "1.4114"
        },
        {
            "time": "02.11.2020 11:06",
            "open": "1.4114",
            "high": "1.4114",
            "low": "1.4114",
            "close": "1.4112"
        },
        {
            "time": "02.11.2020 11:17",
            "open": "1.4112",
            "high": "1.4112",
            "low": "1.4112",
            "close": "1.4101"
        },
        {
            "time": "02.11.2020 11:21",
            "open": "1.4101",
            "high": "1.4101",
            "low": "1.4101",
            "close": "1.4107"
        },
        {
            "time": "02.11.2020 11:22",
            "open": "1.4107",
            "high": "1.4114",
            "low": "1.4107",
            "close": "1.4083"
        },
        {
            "time": "02.11.2020 11:24",
            "open": "1.4083",
            "high": "1.4083",
            "low": "1.4083",
            "close": "1.4114"
        },
        {
            "time": "02.11.2020 11:25",
            "open": "1.4114",
            "high": "1.4114",
            "low": "1.4114",
            "close": "1.412"
        },
        {
            "time": "02.11.2020 11:28",
            "open": "1.412",
            "high": "1.417",
            "low": "1.412",
            "close": "1.4094"
        },
        {
            "time": "02.11.2020 11:29",
            "open": "1.4094",
            "high": "1.4094",
            "low": "1.4094",
            "close": "1.4105"
        },
        {
            "time": "02.11.2020 11:30",
            "open": "1.4105",
            "high": "1.4105",
            "low": "1.4105",
            "close": "1.4101"
        },
        {
            "time": "02.11.2020 11:34",
            "open": "1.4101",
            "high": "1.4101",
            "low": "1.4101",
            "close": "1.4115"
        },
        {
            "time": "02.11.2020 11:35",
            "open": "1.4115",
            "high": "1.4115",
            "low": "1.4115",
            "close": "1.4116"
        },
        {
            "time": "02.11.2020 11:37",
            "open": "1.4116",
            "high": "1.4116",
            "low": "1.4116",
            "close": "1.4077"
        },
        {
            "time": "02.11.2020 11:38",
            "open": "1.4077",
            "high": "1.4077",
            "low": "1.4077",
            "close": "1.4075"
        },
        {
            "time": "02.11.2020 11:45",
            "open": "1.4075",
            "high": "1.4075",
            "low": "1.4075",
            "close": "1.4075"
        },
        {
            "time": "02.11.2020 11:48",
            "open": "1.4075",
            "high": "1.4075",
            "low": "1.4075",
            "close": "1.4075"
        },
        {
            "time": "02.11.2020 11:49",
            "open": "1.4075",
            "high": "1.4075",
            "low": "1.4075",
            "close": "1.408"
        },
        {
            "time": "02.11.2020 11:56",
            "open": "1.408",
            "high": "1.408",
            "low": "1.408",
            "close": "1.408"
        },
        {
            "time": "02.11.2020 11:57",
            "open": "1.408",
            "high": "1.408",
            "low": "1.408",
            "close": "1.408"
        },
        {
            "time": "02.11.2020 12:01",
            "open": "1.408",
            "high": "1.408",
            "low": "1.408",
            "close": "1.408"
        },
        {
            "time": "02.11.2020 12:03",
            "open": "1.408",
            "high": "1.408",
            "low": "1.408",
            "close": "1.408"
        },
        {
            "time": "02.11.2020 12:06",
            "open": "1.408",
            "high": "1.408",
            "low": "1.408",
            "close": "1.408"
        },
        {
            "time": "02.11.2020 12:10",
            "open": "1.408",
            "high": "1.408",
            "low": "1.408",
            "close": "1.408"
        },
        {
            "time": "02.11.2020 12:13",
            "open": "1.408",
            "high": "1.408",
            "low": "1.408",
            "close": "1.408"
        },
        {
            "time": "02.11.2020 12:14",
            "open": "1.408",
            "high": "1.408",
            "low": "1.408",
            "close": "1.4118"
        },
        {
            "time": "02.11.2020 12:15",
            "open": "1.4118",
            "high": "1.4118",
            "low": "1.4118",
            "close": "1.408"
        },
        {
            "time": "02.11.2020 12:16",
            "open": "1.408",
            "high": "1.408",
            "low": "1.408",
            "close": "1.408"
        },
        {
            "time": "02.11.2020 12:19",
            "open": "1.408",
            "high": "1.408",
            "low": "1.408",
            "close": "1.408"
        },
        {
            "time": "02.11.2020 12:24",
            "open": "1.408",
            "high": "1.408",
            "low": "1.408",
            "close": "1.408"
        },
        {
            "time": "02.11.2020 12:28",
            "open": "1.408",
            "high": "1.408",
            "low": "1.408",
            "close": "1.4117"
        },
        {
            "time": "02.11.2020 12:29",
            "open": "1.4117",
            "high": "1.4117",
            "low": "1.4117",
            "close": "1.408"
        },
        {
            "time": "02.11.2020 12:30",
            "open": "1.408",
            "high": "1.408",
            "low": "1.408",
            "close": "1.408"
        },
        {
            "time": "02.11.2020 12:34",
            "open": "1.408",
            "high": "1.408",
            "low": "1.407",
            "close": "1.4069"
        },
        {
            "time": "02.11.2020 12:36",
            "open": "1.4069",
            "high": "1.4069",
            "low": "1.4069",
            "close": "1.4069"
        },
        {
            "time": "02.11.2020 12:38",
            "open": "1.4069",
            "high": "1.4069",
            "low": "1.4069",
            "close": "1.4069"
        },
        {
            "time": "02.11.2020 12:39",
            "open": "1.4069",
            "high": "1.4069",
            "low": "1.4041",
            "close": "1.404"
        },
        {
            "time": "02.11.2020 12:42",
            "open": "1.404",
            "high": "1.404",
            "low": "1.404",
            "close": "1.404"
        },
        {
            "time": "02.11.2020 12:45",
            "open": "1.404",
            "high": "1.404",
            "low": "1.404",
            "close": "1.4031"
        },
        {
            "time": "02.11.2020 12:46",
            "open": "1.4031",
            "high": "1.4031",
            "low": "1.4026",
            "close": "1.4021"
        },
        {
            "time": "02.11.2020 12:49",
            "open": "1.4021",
            "high": "1.4021",
            "low": "1.4021",
            "close": "1.4021"
        },
        {
            "time": "02.11.2020 12:50",
            "open": "1.4021",
            "high": "1.4021",
            "low": "1.4021",
            "close": "1.4021"
        },
        {
            "time": "02.11.2020 12:53",
            "open": "1.4021",
            "high": "1.4021",
            "low": "1.4021",
            "close": "1.4021"
        },
        {
            "time": "02.11.2020 12:54",
            "open": "1.4021",
            "high": "1.4021",
            "low": "1.4021",
            "close": "1.4021"
        },
        {
            "time": "02.11.2020 12:59",
            "open": "1.4021",
            "high": "1.4021",
            "low": "1.4021",
            "close": "1.4021"
        },
        {
            "time": "02.11.2020 13:02",
            "open": "1.4021",
            "high": "1.4021",
            "low": "1.4021",
            "close": "1.4021"
        },
        {
            "time": "02.11.2020 13:03",
            "open": "1.4021",
            "high": "1.4021",
            "low": "1.4021",
            "close": "1.4021"
        },
        {
            "time": "02.11.2020 13:05",
            "open": "1.4021",
            "high": "1.4021",
            "low": "1.4021",
            "close": "1.4021"
        },
        {
            "time": "02.11.2020 13:06",
            "open": "1.4021",
            "high": "1.4021",
            "low": "1.4021",
            "close": "1.4021"
        },
        {
            "time": "02.11.2020 13:11",
            "open": "1.4021",
            "high": "1.4021",
            "low": "1.4021",
            "close": "1.4021"
        },
        {
            "time": "02.11.2020 13:12",
            "open": "1.4021",
            "high": "1.4021",
            "low": "1.4021",
            "close": "1.4021"
        },
        {
            "time": "02.11.2020 13:13",
            "open": "1.4021",
            "high": "1.4042",
            "low": "1.4021",
            "close": "1.4021"
        },
        {
            "time": "02.11.2020 13:17",
            "open": "1.4021",
            "high": "1.4042",
            "low": "1.4021",
            "close": "1.4021"
        },
        {
            "time": "02.11.2020 13:19",
            "open": "1.4021",
            "high": "1.4077",
            "low": "1.4",
            "close": "1.4"
        },
        {
            "time": "02.11.2020 13:24",
            "open": "1.4",
            "high": "1.4038",
            "low": "1.4",
            "close": "1.4"
        },
        {
            "time": "02.11.2020 13:25",
            "open": "1.4",
            "high": "1.404",
            "low": "1.4",
            "close": "1.4"
        },
        {
            "time": "02.11.2020 13:27",
            "open": "1.4",
            "high": "1.4083",
            "low": "1.4",
            "close": "1.4"
        },
        {
            "time": "02.11.2020 13:30",
            "open": "1.4",
            "high": "1.4",
            "low": "1.4",
            "close": "1.399"
        },
        {
            "time": "02.11.2020 13:33",
            "open": "1.399",
            "high": "1.4002",
            "low": "1.3965",
            "close": "1.3993"
        },
        {
            "time": "02.11.2020 13:34",
            "open": "1.3993",
            "high": "1.4001",
            "low": "1.3993",
            "close": "1.4001"
        },
        {
            "time": "02.11.2020 13:36",
            "open": "1.4001",
            "high": "1.4001",
            "low": "1.4001",
            "close": "1.4005"
        },
        {
            "time": "02.11.2020 13:37",
            "open": "1.4005",
            "high": "1.4005",
            "low": "1.4005",
            "close": "1.4001"
        },
        {
            "time": "02.11.2020 13:45",
            "open": "1.4001",
            "high": "1.4001",
            "low": "1.4001",
            "close": "1.4001"
        },
        {
            "time": "02.11.2020 13:46",
            "open": "1.4001",
            "high": "1.4002",
            "low": "1.4001",
            "close": "1.4001"
        },
        {
            "time": "02.11.2020 13:48",
            "open": "1.4001",
            "high": "1.4001",
            "low": "1.4001",
            "close": "1.4001"
        },
        {
            "time": "02.11.2020 13:49",
            "open": "1.4001",
            "high": "1.4001",
            "low": "1.4001",
            "close": "1.4001"
        },
        {
            "time": "02.11.2020 13:50",
            "open": "1.4001",
            "high": "1.4001",
            "low": "1.4001",
            "close": "1.4001"
        },
        {
            "time": "02.11.2020 13:51",
            "open": "1.4001",
            "high": "1.4001",
            "low": "1.4001",
            "close": "1.4001"
        },
        {
            "time": "02.11.2020 13:52",
            "open": "1.4001",
            "high": "1.4001",
            "low": "1.4001",
            "close": "1.4001"
        },
        {
            "time": "02.11.2020 13:56",
            "open": "1.4001",
            "high": "1.4001",
            "low": "1.4001",
            "close": "1.4001"
        },
        {
            "time": "02.11.2020 13:57",
            "open": "1.4001",
            "high": "1.4001",
            "low": "1.4001",
            "close": "1.4001"
        },
        {
            "time": "02.11.2020 13:58",
            "open": "1.4001",
            "high": "1.4001",
            "low": "1.4001",
            "close": "1.4001"
        },
        {
            "time": "02.11.2020 13:59",
            "open": "1.4001",
            "high": "1.4001",
            "low": "1.4001",
            "close": "1.4001"
        },
        {
            "time": "02.11.2020 14:00",
            "open": "1.4001",
            "high": "1.4001",
            "low": "1.4001",
            "close": "1.4001"
        },
        {
            "time": "02.11.2020 14:02",
            "open": "1.4001",
            "high": "1.4001",
            "low": "1.4001",
            "close": "1.4001"
        },
        {
            "time": "02.11.2020 14:04",
            "open": "1.4001",
            "high": "1.4001",
            "low": "1.4001",
            "close": "1.4046"
        },
        {
            "time": "02.11.2020 14:05",
            "open": "1.4046",
            "high": "1.4046",
            "low": "1.4046",
            "close": "1.4014"
        },
        {
            "time": "02.11.2020 14:06",
            "open": "1.4014",
            "high": "1.4014",
            "low": "1.4014",
            "close": "1.402"
        },
        {
            "time": "02.11.2020 14:08",
            "open": "1.402",
            "high": "1.4024",
            "low": "1.402",
            "close": "1.4032"
        },
        {
            "time": "02.11.2020 14:09",
            "open": "1.4032",
            "high": "1.4032",
            "low": "1.4032",
            "close": "1.4032"
        },
        {
            "time": "02.11.2020 14:10",
            "open": "1.4032",
            "high": "1.4032",
            "low": "1.403",
            "close": "1.4006"
        },
        {
            "time": "02.11.2020 14:12",
            "open": "1.4006",
            "high": "1.4006",
            "low": "1.4006",
            "close": "1.402"
        },
        {
            "time": "02.11.2020 14:15",
            "open": "1.402",
            "high": "1.402",
            "low": "1.4012",
            "close": "1.404"
        },
        {
            "time": "02.11.2020 14:20",
            "open": "1.404",
            "high": "1.404",
            "low": "1.404",
            "close": "1.4035"
        },
        {
            "time": "02.11.2020 14:22",
            "open": "1.4035",
            "high": "1.4035",
            "low": "1.4032",
            "close": "1.4032"
        },
        {
            "time": "02.11.2020 14:23",
            "open": "1.4032",
            "high": "1.4032",
            "low": "1.4032",
            "close": "1.4032"
        },
        {
            "time": "02.11.2020 14:24",
            "open": "1.4032",
            "high": "1.4032",
            "low": "1.4032",
            "close": "1.4032"
        },
        {
            "time": "02.11.2020 14:25",
            "open": "1.4032",
            "high": "1.4032",
            "low": "1.4032",
            "close": "1.4123"
        },
        {
            "time": "02.11.2020 14:27",
            "open": "1.4123",
            "high": "1.4123",
            "low": "1.4123",
            "close": "1.4132"
        },
        {
            "time": "02.11.2020 14:28",
            "open": "1.4132",
            "high": "1.4199",
            "low": "1.4132",
            "close": "1.4162"
        },
        {
            "time": "02.11.2020 14:29",
            "open": "1.4162",
            "high": "1.4162",
            "low": "1.4162",
            "close": "1.4164"
        },
        {
            "time": "02.11.2020 14:30",
            "open": "1.4164",
            "high": "1.417",
            "low": "1.4164",
            "close": "1.4172"
        },
        {
            "time": "02.11.2020 14:32",
            "open": "1.4172",
            "high": "1.4172",
            "low": "1.4172",
            "close": "1.4164"
        },
        {
            "time": "02.11.2020 14:34",
            "open": "1.4164",
            "high": "1.4164",
            "low": "1.4164",
            "close": "1.418"
        },
        {
            "time": "02.11.2020 14:37",
            "open": "1.418",
            "high": "1.418",
            "low": "1.418",
            "close": "1.418"
        },
        {
            "time": "02.11.2020 14:39",
            "open": "1.418",
            "high": "1.418",
            "low": "1.418",
            "close": "1.4197"
        },
        {
            "time": "02.11.2020 14:40",
            "open": "1.4197",
            "high": "1.4197",
            "low": "1.418",
            "close": "1.418"
        },
        {
            "time": "02.11.2020 14:42",
            "open": "1.418",
            "high": "1.418",
            "low": "1.418",
            "close": "1.419"
        },
        {
            "time": "02.11.2020 14:43",
            "open": "1.419",
            "high": "1.419",
            "low": "1.419",
            "close": "1.4198"
        },
        {
            "time": "02.11.2020 14:46",
            "open": "1.4198",
            "high": "1.42",
            "low": "1.4166",
            "close": "1.4172"
        },
        {
            "time": "02.11.2020 14:48",
            "open": "1.4038",
            "high": "1.4038",
            "low": "1.4038",
            "close": "1.4032"
        },
        {
            "time": "02.11.2020 14:49",
            "open": "1.4032",
            "high": "1.4032",
            "low": "1.4032",
            "close": "1.4032"
        },
        {
            "time": "02.11.2020 14:52",
            "open": "1.4032",
            "high": "1.4032",
            "low": "1.4032",
            "close": "1.4032"
        },
        {
            "time": "02.11.2020 14:53",
            "open": "1.4032",
            "high": "1.4032",
            "low": "1.4032",
            "close": "1.4032"
        },
        {
            "time": "02.11.2020 14:54",
            "open": "1.4032",
            "high": "1.4032",
            "low": "1.4032",
            "close": "1.4032"
        },
        {
            "time": "02.11.2020 14:56",
            "open": "1.4032",
            "high": "1.4034",
            "low": "1.4032",
            "close": "1.4043"
        },
        {
            "time": "02.11.2020 15:00",
            "open": "1.4043",
            "high": "1.4043",
            "low": "1.4043",
            "close": "1.4032"
        },
        {
            "time": "02.11.2020 15:01",
            "open": "1.4032",
            "high": "1.4032",
            "low": "1.4032",
            "close": "1.4032"
        },
        {
            "time": "02.11.2020 15:04",
            "open": "1.4032",
            "high": "1.4032",
            "low": "1.4032",
            "close": "1.4032"
        },
        {
            "time": "02.11.2020 15:06",
            "open": "1.4032",
            "high": "1.4032",
            "low": "1.4032",
            "close": "1.4032"
        },
        {
            "time": "02.11.2020 15:07",
            "open": "1.4032",
            "high": "1.4032",
            "low": "1.4032",
            "close": "1.4032"
        },
        {
            "time": "02.11.2020 15:13",
            "open": "1.4032",
            "high": "1.4032",
            "low": "1.4032",
            "close": "1.4032"
        },
        {
            "time": "02.11.2020 15:14",
            "open": "1.4032",
            "high": "1.4032",
            "low": "1.4032",
            "close": "1.4034"
        },
        {
            "time": "02.11.2020 15:16",
            "open": "1.4034",
            "high": "1.4034",
            "low": "1.4034",
            "close": "1.4064"
        },
        {
            "time": "02.11.2020 15:18",
            "open": "1.4064",
            "high": "1.4064",
            "low": "1.4064",
            "close": "1.4065"
        },
        {
            "time": "02.11.2020 15:25",
            "open": "1.4065",
            "high": "1.4065",
            "low": "1.4065",
            "close": "1.4074"
        },
        {
            "time": "02.11.2020 15:29",
            "open": "1.4074",
            "high": "1.4074",
            "low": "1.4074",
            "close": "1.4075"
        },
        {
            "time": "02.11.2020 15:30",
            "open": "1.4075",
            "high": "1.4075",
            "low": "1.4075",
            "close": "1.4065"
        },
        {
            "time": "02.11.2020 15:31",
            "open": "1.4065",
            "high": "1.4065",
            "low": "1.4065",
            "close": "1.4036"
        },
        {
            "time": "02.11.2020 15:33",
            "open": "1.4036",
            "high": "1.4036",
            "low": "1.4036",
            "close": "1.4036"
        },
        {
            "time": "02.11.2020 15:34",
            "open": "1.4036",
            "high": "1.4036",
            "low": "1.4036",
            "close": "1.4036"
        },
        {
            "time": "02.11.2020 15:35",
            "open": "1.4036",
            "high": "1.4036",
            "low": "1.4036",
            "close": "1.4034"
        },
        {
            "time": "02.11.2020 15:39",
            "open": "1.4034",
            "high": "1.4034",
            "low": "1.4034",
            "close": "1.4034"
        },
        {
            "time": "02.11.2020 15:44",
            "open": "1.4034",
            "high": "1.4034",
            "low": "1.4034",
            "close": "1.4034"
        },
        {
            "time": "02.11.2020 15:47",
            "open": "1.4034",
            "high": "1.4034",
            "low": "1.4034",
            "close": "1.4032"
        },
        {
            "time": "02.11.2020 15:48",
            "open": "1.4032",
            "high": "1.405",
            "low": "1.4032",
            "close": "1.4034"
        },
        {
            "time": "02.11.2020 15:50",
            "open": "1.4034",
            "high": "1.4034",
            "low": "1.4034",
            "close": "1.4034"
        },
        {
            "time": "02.11.2020 15:51",
            "open": "1.4034",
            "high": "1.4034",
            "low": "1.4034",
            "close": "1.4032"
        },
        {
            "time": "02.11.2020 15:55",
            "open": "1.4032",
            "high": "1.4032",
            "low": "1.4032",
            "close": "1.4034"
        },
        {
            "time": "02.11.2020 15:57",
            "open": "1.4034",
            "high": "1.4034",
            "low": "1.4034",
            "close": "1.4034"
        },
        {
            "time": "02.11.2020 15:59",
            "open": "1.4034",
            "high": "1.4034",
            "low": "1.4034",
            "close": "1.4034"
        },
        {
            "time": "02.11.2020 16:02",
            "open": "1.4034",
            "high": "1.4034",
            "low": "1.397",
            "close": "1.4002"
        },
        {
            "time": "02.11.2020 16:04",
            "open": "1.4002",
            "high": "1.4002",
            "low": "1.4002",
            "close": "1.3972"
        },
        {
            "time": "02.11.2020 16:07",
            "open": "1.3972",
            "high": "1.3972",
            "low": "1.3972",
            "close": "1.3942"
        },
        {
            "time": "02.11.2020 16:08",
            "open": "1.3942",
            "high": "1.3942",
            "low": "1.3942",
            "close": "1.399"
        },
        {
            "time": "02.11.2020 16:10",
            "open": "1.399",
            "high": "1.399",
            "low": "1.399",
            "close": "1.399"
        },
        {
            "time": "02.11.2020 16:12",
            "open": "1.399",
            "high": "1.399",
            "low": "1.399",
            "close": "1.4"
        },
        {
            "time": "02.11.2020 16:14",
            "open": "1.4",
            "high": "1.4",
            "low": "1.4",
            "close": "1.4"
        },
        {
            "time": "02.11.2020 16:15",
            "open": "1.4",
            "high": "1.4",
            "low": "1.4",
            "close": "1.402"
        },
        {
            "time": "02.11.2020 16:17",
            "open": "1.402",
            "high": "1.402",
            "low": "1.402",
            "close": "1.4031"
        },
        {
            "time": "02.11.2020 16:25",
            "open": "1.4031",
            "high": "1.4031",
            "low": "1.4031",
            "close": "1.4049"
        },
        {
            "time": "02.11.2020 16:26",
            "open": "1.4049",
            "high": "1.4049",
            "low": "1.4049",
            "close": "1.406"
        },
        {
            "time": "02.11.2020 16:30",
            "open": "1.406",
            "high": "1.406",
            "low": "1.406",
            "close": "1.41"
        },
        {
            "time": "02.11.2020 16:33",
            "open": "1.41",
            "high": "1.41",
            "low": "1.41",
            "close": "1.4131"
        },
        {
            "time": "02.11.2020 16:36",
            "open": "1.4131",
            "high": "1.4131",
            "low": "1.4131",
            "close": "1.4121"
        },
        {
            "time": "02.11.2020 16:39",
            "open": "1.4121",
            "high": "1.4121",
            "low": "1.4121",
            "close": "1.4111"
        },
        {
            "time": "02.11.2020 16:40",
            "open": "1.4111",
            "high": "1.4111",
            "low": "1.4111",
            "close": "1.414"
        },
        {
            "time": "02.11.2020 16:43",
            "open": "1.414",
            "high": "1.414",
            "low": "1.414",
            "close": "1.415"
        },
        {
            "time": "02.11.2020 16:48",
            "open": "1.415",
            "high": "1.415",
            "low": "1.415",
            "close": "1.4141"
        },
        {
            "time": "02.11.2020 16:51",
            "open": "1.4141",
            "high": "1.4141",
            "low": "1.413",
            "close": "1.413"
        },
        {
            "time": "02.11.2020 16:52",
            "open": "1.413",
            "high": "1.413",
            "low": "1.413",
            "close": "1.413"
        },
        {
            "time": "02.11.2020 16:53",
            "open": "1.413",
            "high": "1.413",
            "low": "1.413",
            "close": "1.4131"
        },
        {
            "time": "02.11.2020 16:59",
            "open": "1.4131",
            "high": "1.4131",
            "low": "1.413",
            "close": "1.4114"
        },
        {
            "time": "02.11.2020 17:03",
            "open": "1.4114",
            "high": "1.4114",
            "low": "1.4114",
            "close": "1.4111"
        },
        {
            "time": "02.11.2020 17:04",
            "open": "1.4111",
            "high": "1.4111",
            "low": "1.4111",
            "close": "1.413"
        },
        {
            "time": "02.11.2020 17:05",
            "open": "1.413",
            "high": "1.413",
            "low": "1.413",
            "close": "1.413"
        },
        {
            "time": "02.11.2020 17:11",
            "open": "1.413",
            "high": "1.413",
            "low": "1.413",
            "close": "1.412"
        },
        {
            "time": "02.11.2020 17:16",
            "open": "1.412",
            "high": "1.412",
            "low": "1.412",
            "close": "1.412"
        },
        {
            "time": "02.11.2020 17:20",
            "open": "1.412",
            "high": "1.412",
            "low": "1.412",
            "close": "1.4111"
        },
        {
            "time": "02.11.2020 17:24",
            "open": "1.4111",
            "high": "1.4111",
            "low": "1.4111",
            "close": "1.4167"
        },
        {
            "time": "02.11.2020 17:25",
            "open": "1.4167",
            "high": "1.4168",
            "low": "1.4167",
            "close": "1.4111"
        },
        {
            "time": "02.11.2020 17:26",
            "open": "1.4111",
            "high": "1.4111",
            "low": "1.4111",
            "close": "1.4111"
        },
        {
            "time": "02.11.2020 17:27",
            "open": "1.4111",
            "high": "1.4111",
            "low": "1.4111",
            "close": "1.4111"
        },
        {
            "time": "02.11.2020 17:32",
            "open": "1.4111",
            "high": "1.4111",
            "low": "1.4111",
            "close": "1.4111"
        },
        {
            "time": "02.11.2020 17:33",
            "open": "1.4111",
            "high": "1.4111",
            "low": "1.4111",
            "close": "1.4111"
        },
        {
            "time": "02.11.2020 17:34",
            "open": "1.4111",
            "high": "1.4111",
            "low": "1.4111",
            "close": "1.4111"
        },
        {
            "time": "02.11.2020 17:36",
            "open": "1.4111",
            "high": "1.4111",
            "low": "1.4111",
            "close": "1.4111"
        },
        {
            "time": "02.11.2020 17:41",
            "open": "1.4111",
            "high": "1.4116",
            "low": "1.4111",
            "close": "1.4111"
        },
        {
            "time": "02.11.2020 17:42",
            "open": "1.4111",
            "high": "1.4131",
            "low": "1.4111",
            "close": "1.4111"
        },
        {
            "time": "02.11.2020 17:51",
            "open": "1.4111",
            "high": "1.4111",
            "low": "1.4111",
            "close": "1.405"
        },
        {
            "time": "02.11.2020 17:52",
            "open": "1.405",
            "high": "1.405",
            "low": "1.405",
            "close": "1.405"
        },
        {
            "time": "02.11.2020 17:58",
            "open": "1.405",
            "high": "1.405",
            "low": "1.4003",
            "close": "1.4"
        },
        {
            "time": "02.11.2020 18:01",
            "open": "1.4",
            "high": "1.4",
            "low": "1.4",
            "close": "1.4057"
        },
        {
            "time": "02.11.2020 18:02",
            "open": "1.4057",
            "high": "1.4057",
            "low": "1.4057",
            "close": "1.4"
        },
        {
            "time": "02.11.2020 18:07",
            "open": "1.4",
            "high": "1.4",
            "low": "1.4",
            "close": "1.4"
        },
        {
            "time": "02.11.2020 18:10",
            "open": "1.4",
            "high": "1.4",
            "low": "1.4",
            "close": "1.3984"
        },
        {
            "time": "02.11.2020 18:13",
            "open": "1.3984",
            "high": "1.3984",
            "low": "1.3984",
            "close": "1.3991"
        },
        {
            "time": "02.11.2020 18:15",
            "open": "1.3991",
            "high": "1.3991",
            "low": "1.3991",
            "close": "1.4001"
        },
        {
            "time": "02.11.2020 18:18",
            "open": "1.4001",
            "high": "1.4001",
            "low": "1.3998",
            "close": "1.4"
        },
        {
            "time": "02.11.2020 18:19",
            "open": "1.4",
            "high": "1.4",
            "low": "1.4",
            "close": "1.4004"
        },
        {
            "time": "02.11.2020 18:24",
            "open": "1.4004",
            "high": "1.4004",
            "low": "1.4004",
            "close": "1.4054"
        },
        {
            "time": "02.11.2020 18:25",
            "open": "1.4054",
            "high": "1.406",
            "low": "1.4005",
            "close": "1.4016"
        },
        {
            "time": "02.11.2020 18:27",
            "open": "1.4016",
            "high": "1.4016",
            "low": "1.4016",
            "close": "1.4016"
        },
        {
            "time": "02.11.2020 18:28",
            "open": "1.4016",
            "high": "1.4016",
            "low": "1.4016",
            "close": "1.4014"
        },
        {
            "time": "02.11.2020 18:29",
            "open": "1.4014",
            "high": "1.4014",
            "low": "1.4014",
            "close": "1.4049"
        },
        {
            "time": "02.11.2020 18:32",
            "open": "1.4049",
            "high": "1.4049",
            "low": "1.3986",
            "close": "1.3984"
        },
        {
            "time": "02.11.2020 18:37",
            "open": "1.3984",
            "high": "1.3984",
            "low": "1.3984",
            "close": "1.3984"
        },
        {
            "time": "02.11.2020 18:41",
            "open": "1.3984",
            "high": "1.3984",
            "low": "1.3984",
            "close": "1.3985"
        },
        {
            "time": "02.11.2020 18:43",
            "open": "1.3985",
            "high": "1.3985",
            "low": "1.3985",
            "close": "1.3984"
        },
        {
            "time": "02.11.2020 18:48",
            "open": "1.3984",
            "high": "1.3984",
            "low": "1.3984",
            "close": "1.3983"
        },
        {
            "time": "02.11.2020 18:50",
            "open": "1.3983",
            "high": "1.3983",
            "low": "1.3983",
            "close": "1.3985"
        },
        {
            "time": "02.11.2020 18:52",
            "open": "1.3985",
            "high": "1.399",
            "low": "1.3985",
            "close": "1.4034"
        },
        {
            "time": "02.11.2020 18:53",
            "open": "1.4034",
            "high": "1.4034",
            "low": "1.4034",
            "close": "1.4034"
        },
        {
            "time": "02.11.2020 18:54",
            "open": "1.4034",
            "high": "1.4034",
            "low": "1.4034",
            "close": "1.3989"
        },
        {
            "time": "02.11.2020 18:55",
            "open": "1.3989",
            "high": "1.3989",
            "low": "1.396",
            "close": "1.3964"
        },
        {
            "time": "02.11.2020 18:59",
            "open": "1.3964",
            "high": "1.3964",
            "low": "1.3964",
            "close": "1.3966"
        },
        {
            "time": "02.11.2020 19:00",
            "open": "1.3966",
            "high": "1.3966",
            "low": "1.3964",
            "close": "1.3959"
        },
        {
            "time": "02.11.2020 19:02",
            "open": "1.3959",
            "high": "1.3959",
            "low": "1.3954",
            "close": "1.3953"
        },
        {
            "time": "02.11.2020 19:04",
            "open": "1.3953",
            "high": "1.3953",
            "low": "1.3953",
            "close": "1.3944"
        },
        {
            "time": "02.11.2020 19:05",
            "open": "1.3944",
            "high": "1.3944",
            "low": "1.3942",
            "close": "1.3942"
        },
        {
            "time": "02.11.2020 19:06",
            "open": "1.3942",
            "high": "1.3942",
            "low": "1.3942",
            "close": "1.3942"
        },
        {
            "time": "02.11.2020 19:07",
            "open": "1.3942",
            "high": "1.3942",
            "low": "1.3942",
            "close": "1.3943"
        },
        {
            "time": "02.11.2020 19:09",
            "open": "1.3943",
            "high": "1.3943",
            "low": "1.3943",
            "close": "1.3944"
        },
        {
            "time": "02.11.2020 19:18",
            "open": "1.3944",
            "high": "1.3944",
            "low": "1.3925",
            "close": "1.39"
        },
        {
            "time": "02.11.2020 19:19",
            "open": "1.39",
            "high": "1.39",
            "low": "1.386",
            "close": "1.386"
        },
        {
            "time": "02.11.2020 19:23",
            "open": "1.386",
            "high": "1.386",
            "low": "1.386",
            "close": "1.386"
        },
        {
            "time": "02.11.2020 19:24",
            "open": "1.386",
            "high": "1.386",
            "low": "1.386",
            "close": "1.386"
        },
        {
            "time": "02.11.2020 19:25",
            "open": "1.386",
            "high": "1.386",
            "low": "1.385",
            "close": "1.3885"
        },
        {
            "time": "02.11.2020 19:26",
            "open": "1.3885",
            "high": "1.3888",
            "low": "1.3885",
            "close": "1.3914"
        },
        {
            "time": "02.11.2020 19:30",
            "open": "1.3914",
            "high": "1.3914",
            "low": "1.3914",
            "close": "1.3922"
        },
        {
            "time": "02.11.2020 19:32",
            "open": "1.3922",
            "high": "1.3922",
            "low": "1.3922",
            "close": "1.3924"
        },
        {
            "time": "02.11.2020 19:36",
            "open": "1.3924",
            "high": "1.3924",
            "low": "1.3924",
            "close": "1.3924"
        },
        {
            "time": "02.11.2020 19:37",
            "open": "1.3924",
            "high": "1.3924",
            "low": "1.392",
            "close": "1.3957"
        },
        {
            "time": "02.11.2020 19:39",
            "open": "1.3957",
            "high": "1.3967",
            "low": "1.3957",
            "close": "1.3904"
        },
        {
            "time": "02.11.2020 19:41",
            "open": "1.3904",
            "high": "1.3904",
            "low": "1.3904",
            "close": "1.3894"
        },
        {
            "time": "02.11.2020 19:43",
            "open": "1.3894",
            "high": "1.3894",
            "low": "1.3894",
            "close": "1.3894"
        },
        {
            "time": "02.11.2020 19:44",
            "open": "1.3894",
            "high": "1.3894",
            "low": "1.3894",
            "close": "1.396"
        },
        {
            "time": "02.11.2020 19:45",
            "open": "1.396",
            "high": "1.396",
            "low": "1.396",
            "close": "1.3904"
        },
        {
            "time": "02.11.2020 19:48",
            "open": "1.3904",
            "high": "1.3904",
            "low": "1.3902",
            "close": "1.39"
        },
        {
            "time": "02.11.2020 19:49",
            "open": "1.39",
            "high": "1.39",
            "low": "1.3887",
            "close": "1.3881"
        },
        {
            "time": "02.11.2020 19:50",
            "open": "1.3881",
            "high": "1.3881",
            "low": "1.3881",
            "close": "1.387"
        },
        {
            "time": "02.11.2020 19:56",
            "open": "1.387",
            "high": "1.387",
            "low": "1.387",
            "close": "1.3872"
        },
        {
            "time": "02.11.2020 19:57",
            "open": "1.3872",
            "high": "1.3872",
            "low": "1.3872",
            "close": "1.387"
        },
        {
            "time": "02.11.2020 19:59",
            "open": "1.387",
            "high": "1.387",
            "low": "1.387",
            "close": "1.3863"
        },
        {
            "time": "02.11.2020 20:00",
            "open": "1.3863",
            "high": "1.3863",
            "low": "1.3863",
            "close": "1.387"
        },
        {
            "time": "02.11.2020 20:04",
            "open": "1.387",
            "high": "1.387",
            "low": "1.387",
            "close": "1.387"
        },
        {
            "time": "02.11.2020 20:08",
            "open": "1.387",
            "high": "1.387",
            "low": "1.387",
            "close": "1.387"
        },
        {
            "time": "02.11.2020 20:09",
            "open": "1.387",
            "high": "1.387",
            "low": "1.387",
            "close": "1.3948"
        },
        {
            "time": "02.11.2020 20:20",
            "open": "1.3948",
            "high": "1.3948",
            "low": "1.3948",
            "close": "1.3968"
        },
        {
            "time": "02.11.2020 20:23",
            "open": "1.3968",
            "high": "1.3968",
            "low": "1.3968",
            "close": "1.3893"
        },
        {
            "time": "02.11.2020 20:26",
            "open": "1.3893",
            "high": "1.3893",
            "low": "1.3893",
            "close": "1.3935"
        },
        {
            "time": "02.11.2020 20:28",
            "open": "1.3935",
            "high": "1.3935",
            "low": "1.3935",
            "close": "1.3948"
        },
        {
            "time": "02.11.2020 20:29",
            "open": "1.3948",
            "high": "1.3948",
            "low": "1.3948",
            "close": "1.3892"
        },
        {
            "time": "02.11.2020 20:30",
            "open": "1.3892",
            "high": "1.3892",
            "low": "1.3892",
            "close": "1.3892"
        },
        {
            "time": "02.11.2020 20:31",
            "open": "1.3892",
            "high": "1.3892",
            "low": "1.3892",
            "close": "1.3892"
        },
        {
            "time": "02.11.2020 20:34",
            "open": "1.3892",
            "high": "1.3892",
            "low": "1.3892",
            "close": "1.3894"
        },
        {
            "time": "02.11.2020 20:35",
            "open": "1.3894",
            "high": "1.3894",
            "low": "1.3894",
            "close": "1.3892"
        },
        {
            "time": "02.11.2020 20:37",
            "open": "1.3892",
            "high": "1.3892",
            "low": "1.3892",
            "close": "1.3901"
        },
        {
            "time": "02.11.2020 20:43",
            "open": "1.3901",
            "high": "1.3901",
            "low": "1.3901",
            "close": "1.3923"
        },
        {
            "time": "02.11.2020 20:49",
            "open": "1.3923",
            "high": "1.3923",
            "low": "1.3923",
            "close": "1.3982"
        },
        {
            "time": "02.11.2020 20:55",
            "open": "1.3982",
            "high": "1.3982",
            "low": "1.3982",
            "close": "1.3973"
        },
        {
            "time": "02.11.2020 21:00",
            "open": "1.3973",
            "high": "1.3973",
            "low": "1.3973",
            "close": "1.3981"
        },
        {
            "time": "02.11.2020 21:01",
            "open": "1.3981",
            "high": "1.3981",
            "low": "1.3981",
            "close": "1.3991"
        },
        {
            "time": "02.11.2020 21:03",
            "open": "1.3991",
            "high": "1.3991",
            "low": "1.3991",
            "close": "1.3991"
        },
        {
            "time": "02.11.2020 21:04",
            "open": "1.3991",
            "high": "1.3991",
            "low": "1.3991",
            "close": "1.3993"
        },
        {
            "time": "02.11.2020 21:07",
            "open": "1.3993",
            "high": "1.3993",
            "low": "1.3992",
            "close": "1.399"
        },
        {
            "time": "02.11.2020 21:08",
            "open": "1.399",
            "high": "1.399",
            "low": "1.3968",
            "close": "1.388"
        },
        {
            "time": "02.11.2020 21:12",
            "open": "1.388",
            "high": "1.388",
            "low": "1.388",
            "close": "1.3872"
        },
        {
            "time": "02.11.2020 21:14",
            "open": "1.3872",
            "high": "1.3872",
            "low": "1.3872",
            "close": "1.3872"
        },
        {
            "time": "02.11.2020 21:15",
            "open": "1.3872",
            "high": "1.3872",
            "low": "1.3872",
            "close": "1.387"
        },
        {
            "time": "02.11.2020 21:16",
            "open": "1.387",
            "high": "1.387",
            "low": "1.387",
            "close": "1.387"
        },
        {
            "time": "02.11.2020 21:17",
            "open": "1.387",
            "high": "1.387",
            "low": "1.387",
            "close": "1.3872"
        },
        {
            "time": "02.11.2020 21:20",
            "open": "1.3872",
            "high": "1.3872",
            "low": "1.3872",
            "close": "1.3872"
        },
        {
            "time": "02.11.2020 21:21",
            "open": "1.3872",
            "high": "1.3872",
            "low": "1.3872",
            "close": "1.3872"
        },
        {
            "time": "02.11.2020 21:25",
            "open": "1.3872",
            "high": "1.3872",
            "low": "1.3872",
            "close": "1.3872"
        },
        {
            "time": "02.11.2020 21:26",
            "open": "1.3872",
            "high": "1.3872",
            "low": "1.385",
            "close": "1.3852"
        },
        {
            "time": "02.11.2020 21:27",
            "open": "1.3852",
            "high": "1.3852",
            "low": "1.38",
            "close": "1.382"
        },
        {
            "time": "02.11.2020 21:28",
            "open": "1.382",
            "high": "1.382",
            "low": "1.382",
            "close": "1.3832"
        },
        {
            "time": "02.11.2020 21:31",
            "open": "1.3832",
            "high": "1.3832",
            "low": "1.3832",
            "close": "1.3855"
        },
        {
            "time": "02.11.2020 21:33",
            "open": "1.3855",
            "high": "1.3885",
            "low": "1.3855",
            "close": "1.3894"
        },
        {
            "time": "02.11.2020 21:35",
            "open": "1.3894",
            "high": "1.3894",
            "low": "1.3894",
            "close": "1.3978"
        },
        {
            "time": "02.11.2020 21:39",
            "open": "1.3978",
            "high": "1.3978",
            "low": "1.3978",
            "close": "1.3987"
        },
        {
            "time": "02.11.2020 21:41",
            "open": "1.3987",
            "high": "1.3987",
            "low": "1.3923",
            "close": "1.3988"
        },
        {
            "time": "02.11.2020 21:42",
            "open": "1.3988",
            "high": "1.3988",
            "low": "1.3923",
            "close": "1.3907"
        },
        {
            "time": "02.11.2020 21:44",
            "open": "1.3907",
            "high": "1.3907",
            "low": "1.3907",
            "close": "1.3911"
        },
        {
            "time": "02.11.2020 21:50",
            "open": "1.3911",
            "high": "1.3911",
            "low": "1.3911",
            "close": "1.3923"
        },
        {
            "time": "02.11.2020 21:52",
            "open": "1.3923",
            "high": "1.3923",
            "low": "1.3923",
            "close": "1.3821"
        },
        {
            "time": "02.11.2020 21:55",
            "open": "1.3821",
            "high": "1.3821",
            "low": "1.3821",
            "close": "1.3851"
        },
        {
            "time": "02.11.2020 21:59",
            "open": "1.3851",
            "high": "1.3851",
            "low": "1.3851",
            "close": "1.3843"
        },
        {
            "time": "02.11.2020 22:00",
            "open": "1.3843",
            "high": "1.3843",
            "low": "1.3825",
            "close": "1.3822"
        },
        {
            "time": "02.11.2020 22:01",
            "open": "1.3822",
            "high": "1.3822",
            "low": "1.382",
            "close": "1.3851"
        },
        {
            "time": "02.11.2020 22:03",
            "open": "1.3851",
            "high": "1.3851",
            "low": "1.3851",
            "close": "1.3844"
        },
        {
            "time": "02.11.2020 22:05",
            "open": "1.3844",
            "high": "1.3844",
            "low": "1.3844",
            "close": "1.3821"
        },
        {
            "time": "02.11.2020 22:10",
            "open": "1.3821",
            "high": "1.3821",
            "low": "1.3821",
            "close": "1.3851"
        },
        {
            "time": "02.11.2020 22:13",
            "open": "1.3851",
            "high": "1.3852",
            "low": "1.3851",
            "close": "1.3834"
        },
        {
            "time": "02.11.2020 22:15",
            "open": "1.3834",
            "high": "1.3834",
            "low": "1.3834",
            "close": "1.385"
        },
        {
            "time": "02.11.2020 22:16",
            "open": "1.385",
            "high": "1.385",
            "low": "1.385",
            "close": "1.385"
        },
        {
            "time": "02.11.2020 22:18",
            "open": "1.385",
            "high": "1.385",
            "low": "1.385",
            "close": "1.385"
        },
        {
            "time": "02.11.2020 22:19",
            "open": "1.385",
            "high": "1.385",
            "low": "1.385",
            "close": "1.385"
        },
        {
            "time": "02.11.2020 22:20",
            "open": "1.385",
            "high": "1.385",
            "low": "1.385",
            "close": "1.385"
        },
        {
            "time": "02.11.2020 22:21",
            "open": "1.385",
            "high": "1.385",
            "low": "1.385",
            "close": "1.385"
        },
        {
            "time": "02.11.2020 22:23",
            "open": "1.385",
            "high": "1.385",
            "low": "1.385",
            "close": "1.3852"
        },
        {
            "time": "02.11.2020 22:24",
            "open": "1.3852",
            "high": "1.3852",
            "low": "1.3852",
            "close": "1.385"
        },
        {
            "time": "02.11.2020 22:25",
            "open": "1.385",
            "high": "1.385",
            "low": "1.385",
            "close": "1.385"
        },
        {
            "time": "02.11.2020 22:26",
            "open": "1.385",
            "high": "1.385",
            "low": "1.385",
            "close": "1.385"
        },
        {
            "time": "02.11.2020 22:30",
            "open": "1.385",
            "high": "1.385",
            "low": "1.385",
            "close": "1.3908"
        },
        {
            "time": "02.11.2020 22:32",
            "open": "1.3908",
            "high": "1.3908",
            "low": "1.385",
            "close": "1.3852"
        },
        {
            "time": "02.11.2020 22:33",
            "open": "1.3852",
            "high": "1.3852",
            "low": "1.3852",
            "close": "1.3852"
        },
        {
            "time": "02.11.2020 22:34",
            "open": "1.3852",
            "high": "1.3852",
            "low": "1.3852",
            "close": "1.385"
        },
        {
            "time": "02.11.2020 22:40",
            "open": "1.385",
            "high": "1.385",
            "low": "1.385",
            "close": "1.385"
        },
        {
            "time": "02.11.2020 22:43",
            "open": "1.385",
            "high": "1.385",
            "low": "1.385",
            "close": "1.385"
        },
        {
            "time": "02.11.2020 22:44",
            "open": "1.385",
            "high": "1.385",
            "low": "1.385",
            "close": "1.385"
        },
        {
            "time": "02.11.2020 22:48",
            "open": "1.385",
            "high": "1.385",
            "low": "1.385",
            "close": "1.3851"
        },
        {
            "time": "02.11.2020 22:49",
            "open": "1.3851",
            "high": "1.3851",
            "low": "1.3851",
            "close": "1.3854"
        },
        {
            "time": "02.11.2020 22:50",
            "open": "1.3854",
            "high": "1.3854",
            "low": "1.3852",
            "close": "1.385"
        },
        {
            "time": "02.11.2020 22:53",
            "open": "1.385",
            "high": "1.385",
            "low": "1.385",
            "close": "1.385"
        },
        {
            "time": "02.11.2020 22:54",
            "open": "1.385",
            "high": "1.385",
            "low": "1.385",
            "close": "1.385"
        },
        {
            "time": "02.11.2020 22:55",
            "open": "1.385",
            "high": "1.385",
            "low": "1.385",
            "close": "1.385"
        },
        {
            "time": "02.11.2020 23:01",
            "open": "1.385",
            "high": "1.385",
            "low": "1.385",
            "close": "1.385"
        },
        {
            "time": "02.11.2020 23:06",
            "open": "1.385",
            "high": "1.385",
            "low": "1.385",
            "close": "1.3852"
        },
        {
            "time": "02.11.2020 23:09",
            "open": "1.3852",
            "high": "1.3852",
            "low": "1.3852",
            "close": "1.385"
        },
        {
            "time": "02.11.2020 23:10",
            "open": "1.385",
            "high": "1.385",
            "low": "1.385",
            "close": "1.385"
        },
        {
            "time": "02.11.2020 23:13",
            "open": "1.385",
            "high": "1.385",
            "low": "1.385",
            "close": "1.3821"
        },
        {
            "time": "02.11.2020 23:15",
            "open": "1.3821",
            "high": "1.3821",
            "low": "1.3821",
            "close": "1.3821"
        },
        {
            "time": "02.11.2020 23:17",
            "open": "1.3821",
            "high": "1.3821",
            "low": "1.3821",
            "close": "1.3821"
        },
        {
            "time": "02.11.2020 23:18",
            "open": "1.3821",
            "high": "1.3821",
            "low": "1.382",
            "close": "1.382"
        },
        {
            "time": "02.11.2020 23:21",
            "open": "1.382",
            "high": "1.382",
            "low": "1.382",
            "close": "1.3824"
        },
        {
            "time": "02.11.2020 23:23",
            "open": "1.3824",
            "high": "1.3824",
            "low": "1.382",
            "close": "1.382"
        },
        {
            "time": "02.11.2020 23:24",
            "open": "1.382",
            "high": "1.382",
            "low": "1.382",
            "close": "1.3888"
        },
        {
            "time": "02.11.2020 23:25",
            "open": "1.3888",
            "high": "1.3888",
            "low": "1.3832",
            "close": "1.382"
        },
        {
            "time": "02.11.2020 23:26",
            "open": "1.382",
            "high": "1.382",
            "low": "1.382",
            "close": "1.3836"
        },
        {
            "time": "02.11.2020 23:28",
            "open": "1.3836",
            "high": "1.3836",
            "low": "1.3836",
            "close": "1.3852"
        },
        {
            "time": "02.11.2020 23:29",
            "open": "1.3852",
            "high": "1.3852",
            "low": "1.3852",
            "close": "1.3832"
        },
        {
            "time": "02.11.2020 23:41",
            "open": "1.3832",
            "high": "1.3832",
            "low": "1.3832",
            "close": "1.3863"
        },
        {
            "time": "02.11.2020 23:43",
            "open": "1.3863",
            "high": "1.3863",
            "low": "1.3863",
            "close": "1.3885"
        },
        {
            "time": "02.11.2020 23:45",
            "open": "1.3885",
            "high": "1.3885",
            "low": "1.3881",
            "close": "1.3884"
        },
        {
            "time": "02.11.2020 23:46",
            "open": "1.3884",
            "high": "1.3884",
            "low": "1.3884",
            "close": "1.3882"
        },
        {
            "time": "02.11.2020 23:47",
            "open": "1.3882",
            "high": "1.3882",
            "low": "1.3882",
            "close": "1.3873"
        },
        {
            "time": "02.11.2020 23:48",
            "open": "1.3873",
            "high": "1.3873",
            "low": "1.3873",
            "close": "1.3891"
        },
        {
            "time": "02.11.2020 23:53",
            "open": "1.3891",
            "high": "1.3891",
            "low": "1.3891",
            "close": "1.3901"
        },
        {
            "time": "02.11.2020 23:54",
            "open": "1.3901",
            "high": "1.3901",
            "low": "1.3901",
            "close": "1.3958"
        },
        {
            "time": "02.11.2020 23:56",
            "open": "1.3958",
            "high": "1.3958",
            "low": "1.3879",
            "close": "1.3888"
        }
    ]
}