{
    "CGLD-EUR": [
        {
            "time": "11.12.2020 23:57",
            "open": "1.3643",
            "high": "1.3643",
            "low": "1.3636",
            "close": "1.374"
        },
        {
            "time": "12.12.2020 00:11",
            "open": "1.374",
            "high": "1.374",
            "low": "1.374",
            "close": "1.3738"
        },
        {
            "time": "12.12.2020 00:12",
            "open": "1.3738",
            "high": "1.374",
            "low": "1.3738",
            "close": "1.3623"
        },
        {
            "time": "12.12.2020 00:28",
            "open": "1.3623",
            "high": "1.3623",
            "low": "1.3623",
            "close": "1.353"
        },
        {
            "time": "12.12.2020 00:29",
            "open": "1.353",
            "high": "1.353",
            "low": "1.35",
            "close": "1.352"
        },
        {
            "time": "12.12.2020 00:30",
            "open": "1.352",
            "high": "1.352",
            "low": "1.3518",
            "close": "1.3515"
        },
        {
            "time": "12.12.2020 00:31",
            "open": "1.3515",
            "high": "1.3517",
            "low": "1.3515",
            "close": "1.3448"
        },
        {
            "time": "12.12.2020 00:33",
            "open": "1.3448",
            "high": "1.3448",
            "low": "1.3448",
            "close": "1.3439"
        },
        {
            "time": "12.12.2020 00:39",
            "open": "1.3439",
            "high": "1.3439",
            "low": "1.3439",
            "close": "1.3355"
        },
        {
            "time": "12.12.2020 00:44",
            "open": "1.3355",
            "high": "1.3355",
            "low": "1.3355",
            "close": "1.3327"
        },
        {
            "time": "12.12.2020 00:55",
            "open": "1.3327",
            "high": "1.3327",
            "low": "1.3314",
            "close": "1.3355"
        },
        {
            "time": "12.12.2020 00:56",
            "open": "1.3355",
            "high": "1.3358",
            "low": "1.3355",
            "close": "1.331"
        },
        {
            "time": "12.12.2020 01:00",
            "open": "1.331",
            "high": "1.3365",
            "low": "1.3306",
            "close": "1.3451"
        },
        {
            "time": "12.12.2020 01:01",
            "open": "1.3451",
            "high": "1.3451",
            "low": "1.3389",
            "close": "1.3505"
        },
        {
            "time": "12.12.2020 01:02",
            "open": "1.3505",
            "high": "1.3505",
            "low": "1.3505",
            "close": "1.3415"
        },
        {
            "time": "12.12.2020 01:03",
            "open": "1.3415",
            "high": "1.3464",
            "low": "1.3384",
            "close": "1.3386"
        },
        {
            "time": "12.12.2020 01:04",
            "open": "1.3386",
            "high": "1.3403",
            "low": "1.3386",
            "close": "1.3394"
        },
        {
            "time": "12.12.2020 01:06",
            "open": "1.3394",
            "high": "1.3394",
            "low": "1.3394",
            "close": "1.3479"
        },
        {
            "time": "12.12.2020 01:08",
            "open": "1.3479",
            "high": "1.348",
            "low": "1.3479",
            "close": "1.348"
        },
        {
            "time": "12.12.2020 01:12",
            "open": "1.348",
            "high": "1.348",
            "low": "1.348",
            "close": "1.348"
        },
        {
            "time": "12.12.2020 01:13",
            "open": "1.348",
            "high": "1.348",
            "low": "1.348",
            "close": "1.34"
        },
        {
            "time": "12.12.2020 01:17",
            "open": "1.34",
            "high": "1.34",
            "low": "1.34",
            "close": "1.34"
        },
        {
            "time": "12.12.2020 01:21",
            "open": "1.34",
            "high": "1.34",
            "low": "1.34",
            "close": "1.332"
        },
        {
            "time": "12.12.2020 01:26",
            "open": "1.332",
            "high": "1.332",
            "low": "1.3318",
            "close": "1.3323"
        },
        {
            "time": "12.12.2020 01:30",
            "open": "1.3323",
            "high": "1.3323",
            "low": "1.3323",
            "close": "1.3407"
        },
        {
            "time": "12.12.2020 01:34",
            "open": "1.3407",
            "high": "1.3408",
            "low": "1.3407",
            "close": "1.3419"
        },
        {
            "time": "12.12.2020 01:41",
            "open": "1.3419",
            "high": "1.342",
            "low": "1.3419",
            "close": "1.3474"
        },
        {
            "time": "12.12.2020 01:54",
            "open": "1.3474",
            "high": "1.348",
            "low": "1.3469",
            "close": "1.3507"
        },
        {
            "time": "12.12.2020 02:02",
            "open": "1.3507",
            "high": "1.3507",
            "low": "1.3507",
            "close": "1.3544"
        },
        {
            "time": "12.12.2020 02:17",
            "open": "1.3544",
            "high": "1.3544",
            "low": "1.3544",
            "close": "1.3578"
        },
        {
            "time": "12.12.2020 02:20",
            "open": "1.3578",
            "high": "1.358",
            "low": "1.3578",
            "close": "1.3517"
        },
        {
            "time": "12.12.2020 02:24",
            "open": "1.3517",
            "high": "1.3517",
            "low": "1.3517",
            "close": "1.3589"
        },
        {
            "time": "12.12.2020 02:26",
            "open": "1.3589",
            "high": "1.3589",
            "low": "1.3589",
            "close": "1.3643"
        },
        {
            "time": "12.12.2020 02:32",
            "open": "1.3643",
            "high": "1.3643",
            "low": "1.3643",
            "close": "1.3744"
        },
        {
            "time": "12.12.2020 02:35",
            "open": "1.3744",
            "high": "1.3744",
            "low": "1.3744",
            "close": "1.3744"
        },
        {
            "time": "12.12.2020 02:36",
            "open": "1.3744",
            "high": "1.3744",
            "low": "1.3744",
            "close": "1.3815"
        },
        {
            "time": "12.12.2020 02:38",
            "open": "1.3815",
            "high": "1.396",
            "low": "1.3815",
            "close": "1.3967"
        },
        {
            "time": "12.12.2020 02:39",
            "open": "1.3967",
            "high": "1.3967",
            "low": "1.3967",
            "close": "1.3956"
        },
        {
            "time": "12.12.2020 02:43",
            "open": "1.3956",
            "high": "1.3956",
            "low": "1.3942",
            "close": "1.3902"
        },
        {
            "time": "12.12.2020 02:44",
            "open": "1.3902",
            "high": "1.3902",
            "low": "1.3889",
            "close": "1.3741"
        },
        {
            "time": "12.12.2020 02:46",
            "open": "1.3741",
            "high": "1.3741",
            "low": "1.3733",
            "close": "1.3708"
        },
        {
            "time": "12.12.2020 02:48",
            "open": "1.3708",
            "high": "1.3708",
            "low": "1.3708",
            "close": "1.3696"
        },
        {
            "time": "12.12.2020 02:50",
            "open": "1.3696",
            "high": "1.3696",
            "low": "1.3696",
            "close": "1.363"
        },
        {
            "time": "12.12.2020 02:56",
            "open": "1.363",
            "high": "1.363",
            "low": "1.363",
            "close": "1.363"
        },
        {
            "time": "12.12.2020 03:02",
            "open": "1.363",
            "high": "1.363",
            "low": "1.363",
            "close": "1.363"
        },
        {
            "time": "12.12.2020 03:03",
            "open": "1.363",
            "high": "1.363",
            "low": "1.363",
            "close": "1.363"
        },
        {
            "time": "12.12.2020 03:07",
            "open": "1.363",
            "high": "1.363",
            "low": "1.363",
            "close": "1.3611"
        },
        {
            "time": "12.12.2020 03:09",
            "open": "1.3611",
            "high": "1.3611",
            "low": "1.3611",
            "close": "1.3655"
        },
        {
            "time": "12.12.2020 03:18",
            "open": "1.3655",
            "high": "1.3655",
            "low": "1.3655",
            "close": "1.3663"
        },
        {
            "time": "12.12.2020 03:20",
            "open": "1.3663",
            "high": "1.3663",
            "low": "1.3663",
            "close": "1.37"
        },
        {
            "time": "12.12.2020 03:22",
            "open": "1.37",
            "high": "1.37",
            "low": "1.37",
            "close": "1.3787"
        },
        {
            "time": "12.12.2020 03:23",
            "open": "1.3787",
            "high": "1.3799",
            "low": "1.3787",
            "close": "1.383"
        },
        {
            "time": "12.12.2020 03:24",
            "open": "1.383",
            "high": "1.383",
            "low": "1.383",
            "close": "1.3971"
        },
        {
            "time": "12.12.2020 03:26",
            "open": "1.3971",
            "high": "1.4",
            "low": "1.3971",
            "close": "1.3979"
        },
        {
            "time": "12.12.2020 03:40",
            "open": "1.3979",
            "high": "1.4019",
            "low": "1.3979",
            "close": "1.3949"
        },
        {
            "time": "12.12.2020 03:43",
            "open": "1.3949",
            "high": "1.3949",
            "low": "1.3949",
            "close": "1.3874"
        },
        {
            "time": "12.12.2020 03:44",
            "open": "1.3874",
            "high": "1.3874",
            "low": "1.385",
            "close": "1.3927"
        },
        {
            "time": "12.12.2020 03:56",
            "open": "1.3927",
            "high": "1.3927",
            "low": "1.3927",
            "close": "1.3858"
        },
        {
            "time": "12.12.2020 04:03",
            "open": "1.3858",
            "high": "1.3858",
            "low": "1.3858",
            "close": "1.393"
        },
        {
            "time": "12.12.2020 04:09",
            "open": "1.393",
            "high": "1.393",
            "low": "1.393",
            "close": "1.4022"
        },
        {
            "time": "12.12.2020 04:13",
            "open": "1.4022",
            "high": "1.4022",
            "low": "1.4022",
            "close": "1.407"
        },
        {
            "time": "12.12.2020 04:15",
            "open": "1.407",
            "high": "1.407",
            "low": "1.407",
            "close": "1.4111"
        },
        {
            "time": "12.12.2020 04:22",
            "open": "1.4111",
            "high": "1.4111",
            "low": "1.407",
            "close": "1.3944"
        },
        {
            "time": "12.12.2020 04:34",
            "open": "1.3944",
            "high": "1.3944",
            "low": "1.3944",
            "close": "1.3939"
        },
        {
            "time": "12.12.2020 04:35",
            "open": "1.3939",
            "high": "1.3939",
            "low": "1.3939",
            "close": "1.3858"
        },
        {
            "time": "12.12.2020 04:47",
            "open": "1.3858",
            "high": "1.3858",
            "low": "1.3858",
            "close": "1.3857"
        },
        {
            "time": "12.12.2020 04:48",
            "open": "1.3857",
            "high": "1.3857",
            "low": "1.383",
            "close": "1.3791"
        },
        {
            "time": "12.12.2020 04:49",
            "open": "1.3791",
            "high": "1.3791",
            "low": "1.3621",
            "close": "1.3635"
        },
        {
            "time": "12.12.2020 04:51",
            "open": "1.3635",
            "high": "1.3635",
            "low": "1.3634",
            "close": "1.3683"
        },
        {
            "time": "12.12.2020 04:52",
            "open": "1.3683",
            "high": "1.3683",
            "low": "1.3683",
            "close": "1.362"
        },
        {
            "time": "12.12.2020 04:55",
            "open": "1.362",
            "high": "1.362",
            "low": "1.362",
            "close": "1.3671"
        },
        {
            "time": "12.12.2020 05:15",
            "open": "1.3671",
            "high": "1.3671",
            "low": "1.367",
            "close": "1.3788"
        },
        {
            "time": "12.12.2020 05:47",
            "open": "1.3788",
            "high": "1.38",
            "low": "1.3788",
            "close": "1.3735"
        },
        {
            "time": "12.12.2020 05:50",
            "open": "1.3735",
            "high": "1.3735",
            "low": "1.3735",
            "close": "1.3695"
        },
        {
            "time": "12.12.2020 06:03",
            "open": "1.3695",
            "high": "1.3695",
            "low": "1.3695",
            "close": "1.36"
        },
        {
            "time": "12.12.2020 06:27",
            "open": "1.36",
            "high": "1.36",
            "low": "1.36",
            "close": "1.364"
        },
        {
            "time": "12.12.2020 06:35",
            "open": "1.364",
            "high": "1.364",
            "low": "1.364",
            "close": "1.364"
        },
        {
            "time": "12.12.2020 06:41",
            "open": "1.364",
            "high": "1.364",
            "low": "1.364",
            "close": "1.3614"
        },
        {
            "time": "12.12.2020 06:50",
            "open": "1.3614",
            "high": "1.3614",
            "low": "1.3614",
            "close": "1.3673"
        },
        {
            "time": "12.12.2020 06:54",
            "open": "1.3673",
            "high": "1.3673",
            "low": "1.3673",
            "close": "1.361"
        },
        {
            "time": "12.12.2020 06:58",
            "open": "1.361",
            "high": "1.361",
            "low": "1.36",
            "close": "1.3652"
        },
        {
            "time": "12.12.2020 07:03",
            "open": "1.3652",
            "high": "1.3652",
            "low": "1.3652",
            "close": "1.3656"
        },
        {
            "time": "12.12.2020 07:06",
            "open": "1.3656",
            "high": "1.3656",
            "low": "1.3656",
            "close": "1.3627"
        },
        {
            "time": "12.12.2020 07:11",
            "open": "1.3627",
            "high": "1.3627",
            "low": "1.3627",
            "close": "1.3631"
        },
        {
            "time": "12.12.2020 07:15",
            "open": "1.3631",
            "high": "1.3631",
            "low": "1.3631",
            "close": "1.3667"
        },
        {
            "time": "12.12.2020 07:48",
            "open": "1.3667",
            "high": "1.3667",
            "low": "1.3667",
            "close": "1.3729"
        },
        {
            "time": "12.12.2020 07:51",
            "open": "1.3729",
            "high": "1.3729",
            "low": "1.3729",
            "close": "1.3676"
        },
        {
            "time": "12.12.2020 07:52",
            "open": "1.3676",
            "high": "1.3676",
            "low": "1.3671",
            "close": "1.3728"
        },
        {
            "time": "12.12.2020 07:56",
            "open": "1.3728",
            "high": "1.373",
            "low": "1.3728",
            "close": "1.373"
        },
        {
            "time": "12.12.2020 07:59",
            "open": "1.373",
            "high": "1.373",
            "low": "1.373",
            "close": "1.3686"
        },
        {
            "time": "12.12.2020 08:13",
            "open": "1.3686",
            "high": "1.3686",
            "low": "1.3686",
            "close": "1.3739"
        },
        {
            "time": "12.12.2020 08:19",
            "open": "1.3739",
            "high": "1.3739",
            "low": "1.3739",
            "close": "1.368"
        },
        {
            "time": "12.12.2020 08:22",
            "open": "1.368",
            "high": "1.368",
            "low": "1.368",
            "close": "1.3685"
        },
        {
            "time": "12.12.2020 08:28",
            "open": "1.3685",
            "high": "1.3685",
            "low": "1.3684",
            "close": "1.3675"
        },
        {
            "time": "12.12.2020 08:34",
            "open": "1.3675",
            "high": "1.3675",
            "low": "1.3675",
            "close": "1.3738"
        },
        {
            "time": "12.12.2020 08:35",
            "open": "1.3738",
            "high": "1.3738",
            "low": "1.3738",
            "close": "1.3737"
        },
        {
            "time": "12.12.2020 08:40",
            "open": "1.3737",
            "high": "1.3738",
            "low": "1.3737",
            "close": "1.3682"
        },
        {
            "time": "12.12.2020 08:43",
            "open": "1.3682",
            "high": "1.3682",
            "low": "1.3682",
            "close": "1.3725"
        },
        {
            "time": "12.12.2020 08:48",
            "open": "1.3725",
            "high": "1.3725",
            "low": "1.3725",
            "close": "1.3672"
        },
        {
            "time": "12.12.2020 08:49",
            "open": "1.3672",
            "high": "1.3672",
            "low": "1.3672",
            "close": "1.3711"
        },
        {
            "time": "12.12.2020 08:53",
            "open": "1.3711",
            "high": "1.3712",
            "low": "1.3711",
            "close": "1.37"
        },
        {
            "time": "12.12.2020 09:05",
            "open": "1.37",
            "high": "1.3702",
            "low": "1.37",
            "close": "1.37"
        },
        {
            "time": "12.12.2020 09:06",
            "open": "1.37",
            "high": "1.37",
            "low": "1.37",
            "close": "1.3733"
        },
        {
            "time": "12.12.2020 09:11",
            "open": "1.3733",
            "high": "1.3733",
            "low": "1.3733",
            "close": "1.37"
        },
        {
            "time": "12.12.2020 09:12",
            "open": "1.37",
            "high": "1.37",
            "low": "1.37",
            "close": "1.37"
        },
        {
            "time": "12.12.2020 09:13",
            "open": "1.37",
            "high": "1.37",
            "low": "1.37",
            "close": "1.3702"
        },
        {
            "time": "12.12.2020 09:14",
            "open": "1.3702",
            "high": "1.3702",
            "low": "1.3702",
            "close": "1.37"
        },
        {
            "time": "12.12.2020 09:16",
            "open": "1.37",
            "high": "1.37",
            "low": "1.37",
            "close": "1.3739"
        },
        {
            "time": "12.12.2020 09:32",
            "open": "1.3739",
            "high": "1.374",
            "low": "1.3739",
            "close": "1.3737"
        },
        {
            "time": "12.12.2020 09:37",
            "open": "1.3737",
            "high": "1.3737",
            "low": "1.3737",
            "close": "1.373"
        },
        {
            "time": "12.12.2020 09:38",
            "open": "1.373",
            "high": "1.373",
            "low": "1.373",
            "close": "1.3739"
        },
        {
            "time": "12.12.2020 09:41",
            "open": "1.3739",
            "high": "1.374",
            "low": "1.3739",
            "close": "1.3799"
        },
        {
            "time": "12.12.2020 09:42",
            "open": "1.3799",
            "high": "1.38",
            "low": "1.3799",
            "close": "1.3753"
        },
        {
            "time": "12.12.2020 09:58",
            "open": "1.3753",
            "high": "1.3753",
            "low": "1.3753",
            "close": "1.3762"
        },
        {
            "time": "12.12.2020 10:01",
            "open": "1.3762",
            "high": "1.3762",
            "low": "1.375",
            "close": "1.3757"
        },
        {
            "time": "12.12.2020 10:02",
            "open": "1.3757",
            "high": "1.3757",
            "low": "1.374",
            "close": "1.3703"
        },
        {
            "time": "12.12.2020 10:11",
            "open": "1.3703",
            "high": "1.376",
            "low": "1.37",
            "close": "1.37"
        },
        {
            "time": "12.12.2020 10:14",
            "open": "1.37",
            "high": "1.37",
            "low": "1.37",
            "close": "1.3703"
        },
        {
            "time": "12.12.2020 10:15",
            "open": "1.3703",
            "high": "1.3703",
            "low": "1.37",
            "close": "1.37"
        },
        {
            "time": "12.12.2020 10:18",
            "open": "1.37",
            "high": "1.37",
            "low": "1.37",
            "close": "1.3711"
        },
        {
            "time": "12.12.2020 10:20",
            "open": "1.3711",
            "high": "1.3711",
            "low": "1.37",
            "close": "1.37"
        },
        {
            "time": "12.12.2020 10:21",
            "open": "1.37",
            "high": "1.37",
            "low": "1.37",
            "close": "1.371"
        },
        {
            "time": "12.12.2020 10:25",
            "open": "1.371",
            "high": "1.371",
            "low": "1.371",
            "close": "1.37"
        },
        {
            "time": "12.12.2020 10:26",
            "open": "1.37",
            "high": "1.37",
            "low": "1.37",
            "close": "1.3706"
        },
        {
            "time": "12.12.2020 10:31",
            "open": "1.3706",
            "high": "1.3706",
            "low": "1.3706",
            "close": "1.3714"
        },
        {
            "time": "12.12.2020 10:37",
            "open": "1.3714",
            "high": "1.3714",
            "low": "1.3714",
            "close": "1.3713"
        },
        {
            "time": "12.12.2020 10:40",
            "open": "1.3713",
            "high": "1.3714",
            "low": "1.3713",
            "close": "1.3716"
        },
        {
            "time": "12.12.2020 10:44",
            "open": "1.3716",
            "high": "1.3716",
            "low": "1.3716",
            "close": "1.3716"
        },
        {
            "time": "12.12.2020 10:46",
            "open": "1.3716",
            "high": "1.3726",
            "low": "1.3716",
            "close": "1.3735"
        },
        {
            "time": "12.12.2020 10:49",
            "open": "1.3735",
            "high": "1.3736",
            "low": "1.3735",
            "close": "1.3733"
        },
        {
            "time": "12.12.2020 10:55",
            "open": "1.3733",
            "high": "1.374",
            "low": "1.3733",
            "close": "1.3702"
        },
        {
            "time": "12.12.2020 11:00",
            "open": "1.3702",
            "high": "1.3702",
            "low": "1.37",
            "close": "1.3752"
        },
        {
            "time": "12.12.2020 11:29",
            "open": "1.3752",
            "high": "1.3754",
            "low": "1.3752",
            "close": "1.3705"
        },
        {
            "time": "12.12.2020 11:33",
            "open": "1.3705",
            "high": "1.3705",
            "low": "1.3705",
            "close": "1.3705"
        },
        {
            "time": "12.12.2020 11:38",
            "open": "1.3705",
            "high": "1.3705",
            "low": "1.3705",
            "close": "1.3703"
        },
        {
            "time": "12.12.2020 11:59",
            "open": "1.3703",
            "high": "1.3703",
            "low": "1.37",
            "close": "1.37"
        },
        {
            "time": "12.12.2020 12:02",
            "open": "1.37",
            "high": "1.37",
            "low": "1.37",
            "close": "1.37"
        },
        {
            "time": "12.12.2020 12:03",
            "open": "1.37",
            "high": "1.37",
            "low": "1.37",
            "close": "1.3685"
        },
        {
            "time": "12.12.2020 12:04",
            "open": "1.3685",
            "high": "1.3687",
            "low": "1.3685",
            "close": "1.3678"
        },
        {
            "time": "12.12.2020 12:10",
            "open": "1.3678",
            "high": "1.3678",
            "low": "1.3678",
            "close": "1.3671"
        },
        {
            "time": "12.12.2020 12:18",
            "open": "1.3671",
            "high": "1.3671",
            "low": "1.3671",
            "close": "1.3671"
        },
        {
            "time": "12.12.2020 12:20",
            "open": "1.3671",
            "high": "1.3671",
            "low": "1.363",
            "close": "1.3662"
        },
        {
            "time": "12.12.2020 12:23",
            "open": "1.3662",
            "high": "1.3666",
            "low": "1.3662",
            "close": "1.3662"
        },
        {
            "time": "12.12.2020 12:33",
            "open": "1.3662",
            "high": "1.3662",
            "low": "1.3662",
            "close": "1.366"
        },
        {
            "time": "12.12.2020 12:34",
            "open": "1.366",
            "high": "1.3662",
            "low": "1.366",
            "close": "1.3631"
        },
        {
            "time": "12.12.2020 12:58",
            "open": "1.3631",
            "high": "1.3631",
            "low": "1.3631",
            "close": "1.361"
        },
        {
            "time": "12.12.2020 13:02",
            "open": "1.361",
            "high": "1.3623",
            "low": "1.358",
            "close": "1.3632"
        },
        {
            "time": "12.12.2020 13:07",
            "open": "1.3632",
            "high": "1.365",
            "low": "1.3625",
            "close": "1.3624"
        },
        {
            "time": "12.12.2020 13:10",
            "open": "1.3624",
            "high": "1.3624",
            "low": "1.3624",
            "close": "1.3641"
        },
        {
            "time": "12.12.2020 13:19",
            "open": "1.3641",
            "high": "1.3641",
            "low": "1.3641",
            "close": "1.3582"
        },
        {
            "time": "12.12.2020 13:20",
            "open": "1.3582",
            "high": "1.3582",
            "low": "1.3582",
            "close": "1.3629"
        },
        {
            "time": "12.12.2020 13:21",
            "open": "1.3629",
            "high": "1.3638",
            "low": "1.3629",
            "close": "1.3582"
        },
        {
            "time": "12.12.2020 13:22",
            "open": "1.3582",
            "high": "1.3582",
            "low": "1.3582",
            "close": "1.3576"
        },
        {
            "time": "12.12.2020 13:36",
            "open": "1.3576",
            "high": "1.3576",
            "low": "1.3576",
            "close": "1.3576"
        },
        {
            "time": "12.12.2020 13:39",
            "open": "1.3576",
            "high": "1.3576",
            "low": "1.352",
            "close": "1.3535"
        },
        {
            "time": "12.12.2020 13:40",
            "open": "1.3535",
            "high": "1.3535",
            "low": "1.3535",
            "close": "1.3582"
        },
        {
            "time": "12.12.2020 13:54",
            "open": "1.3582",
            "high": "1.359",
            "low": "1.3582",
            "close": "1.3587"
        },
        {
            "time": "12.12.2020 13:55",
            "open": "1.3587",
            "high": "1.3587",
            "low": "1.3587",
            "close": "1.3544"
        },
        {
            "time": "12.12.2020 14:01",
            "open": "1.3544",
            "high": "1.3544",
            "low": "1.3544",
            "close": "1.3544"
        },
        {
            "time": "12.12.2020 14:08",
            "open": "1.3544",
            "high": "1.3544",
            "low": "1.3544",
            "close": "1.3593"
        },
        {
            "time": "12.12.2020 14:09",
            "open": "1.3593",
            "high": "1.3593",
            "low": "1.3593",
            "close": "1.358"
        },
        {
            "time": "12.12.2020 14:13",
            "open": "1.358",
            "high": "1.358",
            "low": "1.358",
            "close": "1.365"
        },
        {
            "time": "12.12.2020 14:19",
            "open": "1.365",
            "high": "1.3691",
            "low": "1.365",
            "close": "1.3659"
        },
        {
            "time": "12.12.2020 14:25",
            "open": "1.3659",
            "high": "1.3659",
            "low": "1.3659",
            "close": "1.3673"
        },
        {
            "time": "12.12.2020 14:26",
            "open": "1.3673",
            "high": "1.3673",
            "low": "1.3673",
            "close": "1.368"
        },
        {
            "time": "12.12.2020 14:42",
            "open": "1.368",
            "high": "1.368",
            "low": "1.368",
            "close": "1.3682"
        },
        {
            "time": "12.12.2020 14:44",
            "open": "1.3682",
            "high": "1.3682",
            "low": "1.365",
            "close": "1.3676"
        },
        {
            "time": "12.12.2020 14:45",
            "open": "1.3676",
            "high": "1.368",
            "low": "1.358",
            "close": "1.3596"
        },
        {
            "time": "12.12.2020 14:47",
            "open": "1.3596",
            "high": "1.3596",
            "low": "1.3596",
            "close": "1.3596"
        },
        {
            "time": "12.12.2020 14:48",
            "open": "1.3596",
            "high": "1.3596",
            "low": "1.3596",
            "close": "1.3558"
        },
        {
            "time": "12.12.2020 14:50",
            "open": "1.3558",
            "high": "1.3558",
            "low": "1.3558",
            "close": "1.3555"
        },
        {
            "time": "12.12.2020 14:52",
            "open": "1.3555",
            "high": "1.3555",
            "low": "1.3555",
            "close": "1.3581"
        },
        {
            "time": "12.12.2020 14:59",
            "open": "1.3581",
            "high": "1.3581",
            "low": "1.3581",
            "close": "1.3561"
        },
        {
            "time": "12.12.2020 15:08",
            "open": "1.3561",
            "high": "1.3561",
            "low": "1.356",
            "close": "1.3537"
        },
        {
            "time": "12.12.2020 15:26",
            "open": "1.3537",
            "high": "1.3537",
            "low": "1.3537",
            "close": "1.3604"
        },
        {
            "time": "12.12.2020 15:27",
            "open": "1.3604",
            "high": "1.3606",
            "low": "1.3604",
            "close": "1.3555"
        },
        {
            "time": "12.12.2020 15:28",
            "open": "1.3555",
            "high": "1.3555",
            "low": "1.3555",
            "close": "1.3555"
        },
        {
            "time": "12.12.2020 15:34",
            "open": "1.3555",
            "high": "1.36",
            "low": "1.3555",
            "close": "1.3556"
        },
        {
            "time": "12.12.2020 16:04",
            "open": "1.3556",
            "high": "1.3558",
            "low": "1.3556",
            "close": "1.3564"
        },
        {
            "time": "12.12.2020 16:09",
            "open": "1.3564",
            "high": "1.3564",
            "low": "1.3564",
            "close": "1.3599"
        },
        {
            "time": "12.12.2020 16:33",
            "open": "1.3599",
            "high": "1.36",
            "low": "1.3599",
            "close": "1.3605"
        },
        {
            "time": "12.12.2020 16:35",
            "open": "1.3605",
            "high": "1.3605",
            "low": "1.36",
            "close": "1.3604"
        },
        {
            "time": "12.12.2020 16:38",
            "open": "1.3604",
            "high": "1.3604",
            "low": "1.355",
            "close": "1.3603"
        },
        {
            "time": "12.12.2020 16:39",
            "open": "1.3603",
            "high": "1.3603",
            "low": "1.3603",
            "close": "1.3627"
        },
        {
            "time": "12.12.2020 16:42",
            "open": "1.3627",
            "high": "1.3629",
            "low": "1.3627",
            "close": "1.359"
        },
        {
            "time": "12.12.2020 16:52",
            "open": "1.359",
            "high": "1.359",
            "low": "1.359",
            "close": "1.359"
        },
        {
            "time": "12.12.2020 16:54",
            "open": "1.359",
            "high": "1.359",
            "low": "1.359",
            "close": "1.363"
        },
        {
            "time": "12.12.2020 17:04",
            "open": "1.363",
            "high": "1.3669",
            "low": "1.363",
            "close": "1.3698"
        },
        {
            "time": "12.12.2020 17:19",
            "open": "1.3698",
            "high": "1.3698",
            "low": "1.3698",
            "close": "1.3698"
        },
        {
            "time": "12.12.2020 17:23",
            "open": "1.3698",
            "high": "1.3698",
            "low": "1.3698",
            "close": "1.3663"
        },
        {
            "time": "12.12.2020 17:28",
            "open": "1.3663",
            "high": "1.3663",
            "low": "1.3622",
            "close": "1.3698"
        },
        {
            "time": "12.12.2020 17:31",
            "open": "1.3698",
            "high": "1.3698",
            "low": "1.3698",
            "close": "1.3662"
        },
        {
            "time": "12.12.2020 17:32",
            "open": "1.3662",
            "high": "1.3662",
            "low": "1.3662",
            "close": "1.368"
        },
        {
            "time": "12.12.2020 17:48",
            "open": "1.368",
            "high": "1.368",
            "low": "1.368",
            "close": "1.368"
        },
        {
            "time": "12.12.2020 17:49",
            "open": "1.368",
            "high": "1.368",
            "low": "1.368",
            "close": "1.3698"
        },
        {
            "time": "12.12.2020 17:57",
            "open": "1.3698",
            "high": "1.37",
            "low": "1.3698",
            "close": "1.38"
        },
        {
            "time": "12.12.2020 18:12",
            "open": "1.38",
            "high": "1.3807",
            "low": "1.38",
            "close": "1.3774"
        },
        {
            "time": "12.12.2020 18:14",
            "open": "1.3774",
            "high": "1.3774",
            "low": "1.3774",
            "close": "1.3777"
        },
        {
            "time": "12.12.2020 18:21",
            "open": "1.3777",
            "high": "1.3788",
            "low": "1.3777",
            "close": "1.3777"
        },
        {
            "time": "12.12.2020 18:24",
            "open": "1.3777",
            "high": "1.3777",
            "low": "1.3777",
            "close": "1.3773"
        },
        {
            "time": "12.12.2020 18:25",
            "open": "1.3773",
            "high": "1.3773",
            "low": "1.3773",
            "close": "1.3724"
        },
        {
            "time": "12.12.2020 18:27",
            "open": "1.3724",
            "high": "1.3724",
            "low": "1.3724",
            "close": "1.3724"
        },
        {
            "time": "12.12.2020 18:29",
            "open": "1.3724",
            "high": "1.3724",
            "low": "1.3724",
            "close": "1.3724"
        },
        {
            "time": "12.12.2020 18:31",
            "open": "1.3724",
            "high": "1.3724",
            "low": "1.372",
            "close": "1.372"
        },
        {
            "time": "12.12.2020 18:43",
            "open": "1.372",
            "high": "1.372",
            "low": "1.372",
            "close": "1.3712"
        },
        {
            "time": "12.12.2020 18:44",
            "open": "1.3712",
            "high": "1.3712",
            "low": "1.3712",
            "close": "1.3757"
        },
        {
            "time": "12.12.2020 18:48",
            "open": "1.3757",
            "high": "1.3757",
            "low": "1.3757",
            "close": "1.3756"
        },
        {
            "time": "12.12.2020 18:51",
            "open": "1.3756",
            "high": "1.3756",
            "low": "1.3756",
            "close": "1.3757"
        },
        {
            "time": "12.12.2020 18:57",
            "open": "1.3757",
            "high": "1.3759",
            "low": "1.3757",
            "close": "1.3758"
        },
        {
            "time": "12.12.2020 18:59",
            "open": "1.3758",
            "high": "1.3759",
            "low": "1.3758",
            "close": "1.3852"
        },
        {
            "time": "12.12.2020 19:03",
            "open": "1.3852",
            "high": "1.386",
            "low": "1.3852",
            "close": "1.383"
        },
        {
            "time": "12.12.2020 19:06",
            "open": "1.383",
            "high": "1.383",
            "low": "1.383",
            "close": "1.3889"
        },
        {
            "time": "12.12.2020 19:07",
            "open": "1.3889",
            "high": "1.3896",
            "low": "1.3843",
            "close": "1.3854"
        },
        {
            "time": "12.12.2020 19:12",
            "open": "1.3854",
            "high": "1.3854",
            "low": "1.3854",
            "close": "1.3834"
        },
        {
            "time": "12.12.2020 19:18",
            "open": "1.3834",
            "high": "1.3834",
            "low": "1.3834",
            "close": "1.3842"
        },
        {
            "time": "12.12.2020 19:22",
            "open": "1.3842",
            "high": "1.3842",
            "low": "1.3842",
            "close": "1.3854"
        },
        {
            "time": "12.12.2020 19:26",
            "open": "1.3854",
            "high": "1.3896",
            "low": "1.3854",
            "close": "1.3842"
        },
        {
            "time": "12.12.2020 19:38",
            "open": "1.3842",
            "high": "1.3842",
            "low": "1.3842",
            "close": "1.3889"
        },
        {
            "time": "12.12.2020 19:39",
            "open": "1.3889",
            "high": "1.3889",
            "low": "1.3889",
            "close": "1.3842"
        },
        {
            "time": "12.12.2020 19:49",
            "open": "1.3842",
            "high": "1.3842",
            "low": "1.384",
            "close": "1.3886"
        },
        {
            "time": "12.12.2020 19:50",
            "open": "1.3886",
            "high": "1.3886",
            "low": "1.384",
            "close": "1.389"
        },
        {
            "time": "12.12.2020 19:51",
            "open": "1.389",
            "high": "1.389",
            "low": "1.389",
            "close": "1.3803"
        },
        {
            "time": "12.12.2020 19:54",
            "open": "1.3803",
            "high": "1.3803",
            "low": "1.3803",
            "close": "1.3733"
        },
        {
            "time": "12.12.2020 19:58",
            "open": "1.3733",
            "high": "1.3733",
            "low": "1.3733",
            "close": "1.3734"
        },
        {
            "time": "12.12.2020 20:00",
            "open": "1.3734",
            "high": "1.3807",
            "low": "1.3734",
            "close": "1.372"
        },
        {
            "time": "12.12.2020 20:17",
            "open": "1.372",
            "high": "1.3721",
            "low": "1.372",
            "close": "1.3771"
        },
        {
            "time": "12.12.2020 20:19",
            "open": "1.3771",
            "high": "1.3771",
            "low": "1.3771",
            "close": "1.3724"
        },
        {
            "time": "12.12.2020 20:25",
            "open": "1.3724",
            "high": "1.3724",
            "low": "1.3722",
            "close": "1.3706"
        },
        {
            "time": "12.12.2020 20:59",
            "open": "1.3706",
            "high": "1.3706",
            "low": "1.3706",
            "close": "1.3639"
        },
        {
            "time": "12.12.2020 21:00",
            "open": "1.3639",
            "high": "1.3639",
            "low": "1.3632",
            "close": "1.3583"
        },
        {
            "time": "12.12.2020 21:01",
            "open": "1.3583",
            "high": "1.3583",
            "low": "1.3583",
            "close": "1.351"
        },
        {
            "time": "12.12.2020 21:04",
            "open": "1.351",
            "high": "1.351",
            "low": "1.351",
            "close": "1.35"
        },
        {
            "time": "12.12.2020 21:06",
            "open": "1.35",
            "high": "1.35",
            "low": "1.35",
            "close": "1.35"
        },
        {
            "time": "12.12.2020 21:09",
            "open": "1.35",
            "high": "1.352",
            "low": "1.35",
            "close": "1.3518"
        },
        {
            "time": "12.12.2020 21:10",
            "open": "1.3518",
            "high": "1.3528",
            "low": "1.3518",
            "close": "1.3527"
        },
        {
            "time": "12.12.2020 21:11",
            "open": "1.3527",
            "high": "1.3528",
            "low": "1.3527",
            "close": "1.353"
        },
        {
            "time": "12.12.2020 21:12",
            "open": "1.353",
            "high": "1.353",
            "low": "1.353",
            "close": "1.353"
        },
        {
            "time": "12.12.2020 21:14",
            "open": "1.353",
            "high": "1.353",
            "low": "1.353",
            "close": "1.3504"
        },
        {
            "time": "12.12.2020 21:18",
            "open": "1.3504",
            "high": "1.3504",
            "low": "1.3504",
            "close": "1.356"
        },
        {
            "time": "12.12.2020 21:24",
            "open": "1.356",
            "high": "1.356",
            "low": "1.356",
            "close": "1.356"
        },
        {
            "time": "12.12.2020 21:27",
            "open": "1.356",
            "high": "1.3592",
            "low": "1.356",
            "close": "1.3596"
        },
        {
            "time": "12.12.2020 21:45",
            "open": "1.3596",
            "high": "1.3598",
            "low": "1.3596",
            "close": "1.3598"
        },
        {
            "time": "12.12.2020 21:47",
            "open": "1.3598",
            "high": "1.3598",
            "low": "1.3555",
            "close": "1.3593"
        },
        {
            "time": "12.12.2020 21:48",
            "open": "1.3593",
            "high": "1.3593",
            "low": "1.3593",
            "close": "1.3553"
        },
        {
            "time": "12.12.2020 21:50",
            "open": "1.3553",
            "high": "1.3553",
            "low": "1.3553",
            "close": "1.3646"
        },
        {
            "time": "12.12.2020 21:51",
            "open": "1.3646",
            "high": "1.3646",
            "low": "1.3646",
            "close": "1.365"
        },
        {
            "time": "12.12.2020 21:53",
            "open": "1.365",
            "high": "1.365",
            "low": "1.365",
            "close": "1.3617"
        },
        {
            "time": "12.12.2020 22:16",
            "open": "1.3617",
            "high": "1.3618",
            "low": "1.3617",
            "close": "1.3576"
        },
        {
            "time": "12.12.2020 22:21",
            "open": "1.3576",
            "high": "1.3576",
            "low": "1.3576",
            "close": "1.3566"
        },
        {
            "time": "12.12.2020 22:27",
            "open": "1.3566",
            "high": "1.3566",
            "low": "1.3566",
            "close": "1.3625"
        },
        {
            "time": "12.12.2020 22:39",
            "open": "1.3625",
            "high": "1.3629",
            "low": "1.3625",
            "close": "1.3625"
        },
        {
            "time": "12.12.2020 22:47",
            "open": "1.3625",
            "high": "1.363",
            "low": "1.3625",
            "close": "1.3617"
        },
        {
            "time": "12.12.2020 22:48",
            "open": "1.3617",
            "high": "1.3617",
            "low": "1.3617",
            "close": "1.3677"
        },
        {
            "time": "12.12.2020 22:53",
            "open": "1.3677",
            "high": "1.368",
            "low": "1.3677",
            "close": "1.3634"
        },
        {
            "time": "12.12.2020 22:54",
            "open": "1.3634",
            "high": "1.3634",
            "low": "1.3634",
            "close": "1.3699"
        },
        {
            "time": "12.12.2020 23:01",
            "open": "1.3699",
            "high": "1.3699",
            "low": "1.3699",
            "close": "1.3749"
        },
        {
            "time": "12.12.2020 23:07",
            "open": "1.3749",
            "high": "1.3749",
            "low": "1.3749",
            "close": "1.3749"
        },
        {
            "time": "12.12.2020 23:08",
            "open": "1.3749",
            "high": "1.3749",
            "low": "1.3749",
            "close": "1.3749"
        },
        {
            "time": "12.12.2020 23:09",
            "open": "1.3749",
            "high": "1.3749",
            "low": "1.3749",
            "close": "1.3669"
        },
        {
            "time": "12.12.2020 23:28",
            "open": "1.3669",
            "high": "1.3677",
            "low": "1.3669",
            "close": "1.3639"
        }
    ]
}