{
    "CGLD-EUR": [
        {
            "time": "14.11.2020 23:51",
            "open": "1.5065",
            "high": "1.5065",
            "low": "1.5065",
            "close": "1.508"
        },
        {
            "time": "15.11.2020 00:01",
            "open": "1.508",
            "high": "1.508",
            "low": "1.508",
            "close": "1.5122"
        },
        {
            "time": "15.11.2020 00:03",
            "open": "1.5122",
            "high": "1.5122",
            "low": "1.5122",
            "close": "1.5122"
        },
        {
            "time": "15.11.2020 00:04",
            "open": "1.5122",
            "high": "1.5122",
            "low": "1.4917",
            "close": "1.49"
        },
        {
            "time": "15.11.2020 00:08",
            "open": "1.49",
            "high": "1.49",
            "low": "1.49",
            "close": "1.49"
        },
        {
            "time": "15.11.2020 00:09",
            "open": "1.49",
            "high": "1.4915",
            "low": "1.49",
            "close": "1.4915"
        },
        {
            "time": "15.11.2020 00:11",
            "open": "1.4915",
            "high": "1.496",
            "low": "1.49",
            "close": "1.4947"
        },
        {
            "time": "15.11.2020 00:17",
            "open": "1.4947",
            "high": "1.5",
            "low": "1.4947",
            "close": "1.4922"
        },
        {
            "time": "15.11.2020 00:22",
            "open": "1.4922",
            "high": "1.4922",
            "low": "1.4922",
            "close": "1.4904"
        },
        {
            "time": "15.11.2020 00:24",
            "open": "1.4904",
            "high": "1.4904",
            "low": "1.4904",
            "close": "1.4904"
        },
        {
            "time": "15.11.2020 00:26",
            "open": "1.4904",
            "high": "1.4904",
            "low": "1.4904",
            "close": "1.4921"
        },
        {
            "time": "15.11.2020 00:37",
            "open": "1.4921",
            "high": "1.4921",
            "low": "1.4921",
            "close": "1.4931"
        },
        {
            "time": "15.11.2020 00:38",
            "open": "1.4931",
            "high": "1.4932",
            "low": "1.4931",
            "close": "1.4929"
        },
        {
            "time": "15.11.2020 00:40",
            "open": "1.4929",
            "high": "1.4929",
            "low": "1.4929",
            "close": "1.496"
        },
        {
            "time": "15.11.2020 00:42",
            "open": "1.496",
            "high": "1.496",
            "low": "1.496",
            "close": "1.4955"
        },
        {
            "time": "15.11.2020 00:44",
            "open": "1.4955",
            "high": "1.4955",
            "low": "1.4955",
            "close": "1.4994"
        },
        {
            "time": "15.11.2020 00:48",
            "open": "1.4994",
            "high": "1.4994",
            "low": "1.4994",
            "close": "1.4994"
        },
        {
            "time": "15.11.2020 00:51",
            "open": "1.4994",
            "high": "1.4994",
            "low": "1.4994",
            "close": "1.5053"
        },
        {
            "time": "15.11.2020 00:56",
            "open": "1.5053",
            "high": "1.5098",
            "low": "1.5053",
            "close": "1.5005"
        },
        {
            "time": "15.11.2020 00:58",
            "open": "1.5005",
            "high": "1.5005",
            "low": "1.5005",
            "close": "1.5005"
        },
        {
            "time": "15.11.2020 01:01",
            "open": "1.5005",
            "high": "1.5005",
            "low": "1.5005",
            "close": "1.5005"
        },
        {
            "time": "15.11.2020 01:06",
            "open": "1.5005",
            "high": "1.5005",
            "low": "1.5005",
            "close": "1.5018"
        },
        {
            "time": "15.11.2020 01:10",
            "open": "1.5018",
            "high": "1.5018",
            "low": "1.5018",
            "close": "1.507"
        },
        {
            "time": "15.11.2020 01:14",
            "open": "1.507",
            "high": "1.507",
            "low": "1.507",
            "close": "1.507"
        },
        {
            "time": "15.11.2020 01:16",
            "open": "1.507",
            "high": "1.507",
            "low": "1.507",
            "close": "1.5005"
        },
        {
            "time": "15.11.2020 01:17",
            "open": "1.5005",
            "high": "1.5005",
            "low": "1.5005",
            "close": "1.4985"
        },
        {
            "time": "15.11.2020 01:27",
            "open": "1.4985",
            "high": "1.4985",
            "low": "1.4985",
            "close": "1.4995"
        },
        {
            "time": "15.11.2020 01:30",
            "open": "1.4995",
            "high": "1.4995",
            "low": "1.4994",
            "close": "1.4995"
        },
        {
            "time": "15.11.2020 01:32",
            "open": "1.4995",
            "high": "1.4995",
            "low": "1.4995",
            "close": "1.5039"
        },
        {
            "time": "15.11.2020 01:37",
            "open": "1.5039",
            "high": "1.5039",
            "low": "1.5039",
            "close": "1.4974"
        },
        {
            "time": "15.11.2020 01:42",
            "open": "1.4974",
            "high": "1.4974",
            "low": "1.4974",
            "close": "1.4966"
        },
        {
            "time": "15.11.2020 01:44",
            "open": "1.4966",
            "high": "1.4966",
            "low": "1.4966",
            "close": "1.506"
        },
        {
            "time": "15.11.2020 01:52",
            "open": "1.506",
            "high": "1.506",
            "low": "1.506",
            "close": "1.5002"
        },
        {
            "time": "15.11.2020 01:54",
            "open": "1.5002",
            "high": "1.5002",
            "low": "1.5002",
            "close": "1.505"
        },
        {
            "time": "15.11.2020 01:56",
            "open": "1.505",
            "high": "1.505",
            "low": "1.505",
            "close": "1.5049"
        },
        {
            "time": "15.11.2020 01:57",
            "open": "1.5049",
            "high": "1.5049",
            "low": "1.5049",
            "close": "1.5036"
        },
        {
            "time": "15.11.2020 02:00",
            "open": "1.5036",
            "high": "1.5036",
            "low": "1.5036",
            "close": "1.4985"
        },
        {
            "time": "15.11.2020 02:01",
            "open": "1.4985",
            "high": "1.4985",
            "low": "1.4985",
            "close": "1.4953"
        },
        {
            "time": "15.11.2020 02:08",
            "open": "1.4953",
            "high": "1.4953",
            "low": "1.4953",
            "close": "1.4917"
        },
        {
            "time": "15.11.2020 02:09",
            "open": "1.4917",
            "high": "1.4917",
            "low": "1.4917",
            "close": "1.496"
        },
        {
            "time": "15.11.2020 02:15",
            "open": "1.496",
            "high": "1.496",
            "low": "1.4959",
            "close": "1.4985"
        },
        {
            "time": "15.11.2020 02:17",
            "open": "1.4985",
            "high": "1.4985",
            "low": "1.4985",
            "close": "1.4998"
        },
        {
            "time": "15.11.2020 02:18",
            "open": "1.4998",
            "high": "1.4998",
            "low": "1.4998",
            "close": "1.5052"
        },
        {
            "time": "15.11.2020 02:22",
            "open": "1.5052",
            "high": "1.506",
            "low": "1.5009",
            "close": "1.5011"
        },
        {
            "time": "15.11.2020 02:23",
            "open": "1.5011",
            "high": "1.5011",
            "low": "1.5011",
            "close": "1.5065"
        },
        {
            "time": "15.11.2020 02:24",
            "open": "1.5065",
            "high": "1.5066",
            "low": "1.5062",
            "close": "1.5175"
        },
        {
            "time": "15.11.2020 02:29",
            "open": "1.5179",
            "high": "1.5179",
            "low": "1.5179",
            "close": "1.5098"
        },
        {
            "time": "15.11.2020 02:34",
            "open": "1.5098",
            "high": "1.5098",
            "low": "1.5096",
            "close": "1.5148"
        },
        {
            "time": "15.11.2020 02:38",
            "open": "1.5148",
            "high": "1.5152",
            "low": "1.5148",
            "close": "1.5085"
        },
        {
            "time": "15.11.2020 02:39",
            "open": "1.5085",
            "high": "1.5085",
            "low": "1.5083",
            "close": "1.5093"
        },
        {
            "time": "15.11.2020 02:45",
            "open": "1.5093",
            "high": "1.5093",
            "low": "1.5092",
            "close": "1.5081"
        },
        {
            "time": "15.11.2020 02:48",
            "open": "1.5081",
            "high": "1.5148",
            "low": "1.5081",
            "close": "1.5092"
        },
        {
            "time": "15.11.2020 02:50",
            "open": "1.5092",
            "high": "1.5141",
            "low": "1.509",
            "close": "1.5146"
        },
        {
            "time": "15.11.2020 03:09",
            "open": "1.5146",
            "high": "1.515",
            "low": "1.5146",
            "close": "1.5089"
        },
        {
            "time": "15.11.2020 03:10",
            "open": "1.5089",
            "high": "1.5089",
            "low": "1.5083",
            "close": "1.5082"
        },
        {
            "time": "15.11.2020 03:11",
            "open": "1.5082",
            "high": "1.5082",
            "low": "1.508",
            "close": "1.5091"
        },
        {
            "time": "15.11.2020 03:18",
            "open": "1.5091",
            "high": "1.5091",
            "low": "1.5091",
            "close": "1.5091"
        },
        {
            "time": "15.11.2020 03:29",
            "open": "1.5091",
            "high": "1.5091",
            "low": "1.5091",
            "close": "1.5091"
        },
        {
            "time": "15.11.2020 03:31",
            "open": "1.5091",
            "high": "1.5091",
            "low": "1.5091",
            "close": "1.5176"
        },
        {
            "time": "15.11.2020 03:51",
            "open": "1.5176",
            "high": "1.5176",
            "low": "1.5176",
            "close": "1.5166"
        },
        {
            "time": "15.11.2020 04:05",
            "open": "1.5166",
            "high": "1.5189",
            "low": "1.5166",
            "close": "1.52"
        },
        {
            "time": "15.11.2020 04:06",
            "open": "1.52",
            "high": "1.52",
            "low": "1.52",
            "close": "1.5251"
        },
        {
            "time": "15.11.2020 04:23",
            "open": "1.5251",
            "high": "1.5252",
            "low": "1.5251",
            "close": "1.5195"
        },
        {
            "time": "15.11.2020 04:53",
            "open": "1.5195",
            "high": "1.5195",
            "low": "1.5195",
            "close": "1.5195"
        },
        {
            "time": "15.11.2020 05:11",
            "open": "1.5195",
            "high": "1.5195",
            "low": "1.5195",
            "close": "1.5165"
        },
        {
            "time": "15.11.2020 05:22",
            "open": "1.5165",
            "high": "1.5165",
            "low": "1.5165",
            "close": "1.5274"
        },
        {
            "time": "15.11.2020 06:21",
            "open": "1.5274",
            "high": "1.5274",
            "low": "1.5274",
            "close": "1.5274"
        },
        {
            "time": "15.11.2020 06:45",
            "open": "1.5274",
            "high": "1.5274",
            "low": "1.5242",
            "close": "1.5262"
        },
        {
            "time": "15.11.2020 06:53",
            "open": "1.5262",
            "high": "1.5262",
            "low": "1.5262",
            "close": "1.5274"
        },
        {
            "time": "15.11.2020 06:55",
            "open": "1.5274",
            "high": "1.5274",
            "low": "1.5274",
            "close": "1.5274"
        },
        {
            "time": "15.11.2020 06:56",
            "open": "1.5274",
            "high": "1.5274",
            "low": "1.5274",
            "close": "1.5235"
        },
        {
            "time": "15.11.2020 06:58",
            "open": "1.5235",
            "high": "1.5235",
            "low": "1.519",
            "close": "1.5289"
        },
        {
            "time": "15.11.2020 07:00",
            "open": "1.5289",
            "high": "1.5298",
            "low": "1.5289",
            "close": "1.53"
        },
        {
            "time": "15.11.2020 07:01",
            "open": "1.53",
            "high": "1.5355",
            "low": "1.53",
            "close": "1.5355"
        },
        {
            "time": "15.11.2020 07:02",
            "open": "1.5355",
            "high": "1.54",
            "low": "1.5338",
            "close": "1.5409"
        },
        {
            "time": "15.11.2020 07:03",
            "open": "1.5409",
            "high": "1.543",
            "low": "1.539",
            "close": "1.5435"
        },
        {
            "time": "15.11.2020 07:04",
            "open": "1.5435",
            "high": "1.5435",
            "low": "1.5435",
            "close": "1.5431"
        },
        {
            "time": "15.11.2020 07:26",
            "open": "1.5431",
            "high": "1.5473",
            "low": "1.5431",
            "close": "1.5473"
        },
        {
            "time": "15.11.2020 07:28",
            "open": "1.5473",
            "high": "1.5495",
            "low": "1.5396",
            "close": "1.548"
        },
        {
            "time": "15.11.2020 07:32",
            "open": "1.548",
            "high": "1.548",
            "low": "1.548",
            "close": "1.5489"
        },
        {
            "time": "15.11.2020 07:33",
            "open": "1.5489",
            "high": "1.5489",
            "low": "1.5489",
            "close": "1.5488"
        },
        {
            "time": "15.11.2020 07:36",
            "open": "1.5488",
            "high": "1.5488",
            "low": "1.5488",
            "close": "1.5495"
        },
        {
            "time": "15.11.2020 07:37",
            "open": "1.5495",
            "high": "1.5495",
            "low": "1.5495",
            "close": "1.5488"
        },
        {
            "time": "15.11.2020 07:41",
            "open": "1.5488",
            "high": "1.5488",
            "low": "1.548",
            "close": "1.5495"
        },
        {
            "time": "15.11.2020 07:43",
            "open": "1.5495",
            "high": "1.55",
            "low": "1.5495",
            "close": "1.5475"
        },
        {
            "time": "15.11.2020 07:45",
            "open": "1.5475",
            "high": "1.5475",
            "low": "1.5475",
            "close": "1.5484"
        },
        {
            "time": "15.11.2020 07:47",
            "open": "1.5484",
            "high": "1.5484",
            "low": "1.5361",
            "close": "1.5242"
        },
        {
            "time": "15.11.2020 07:53",
            "open": "1.5242",
            "high": "1.5242",
            "low": "1.523",
            "close": "1.5315"
        },
        {
            "time": "15.11.2020 07:58",
            "open": "1.5315",
            "high": "1.5316",
            "low": "1.5315",
            "close": "1.5211"
        },
        {
            "time": "15.11.2020 08:11",
            "open": "1.5211",
            "high": "1.5211",
            "low": "1.5211",
            "close": "1.521"
        },
        {
            "time": "15.11.2020 08:16",
            "open": "1.521",
            "high": "1.521",
            "low": "1.521",
            "close": "1.52"
        },
        {
            "time": "15.11.2020 08:21",
            "open": "1.52",
            "high": "1.52",
            "low": "1.52",
            "close": "1.519"
        },
        {
            "time": "15.11.2020 08:26",
            "open": "1.519",
            "high": "1.519",
            "low": "1.519",
            "close": "1.5071"
        },
        {
            "time": "15.11.2020 08:32",
            "open": "1.5071",
            "high": "1.5071",
            "low": "1.5071",
            "close": "1.5063"
        },
        {
            "time": "15.11.2020 08:37",
            "open": "1.5063",
            "high": "1.5063",
            "low": "1.5063",
            "close": "1.5063"
        },
        {
            "time": "15.11.2020 08:39",
            "open": "1.5063",
            "high": "1.5063",
            "low": "1.5063",
            "close": "1.5063"
        },
        {
            "time": "15.11.2020 08:44",
            "open": "1.5063",
            "high": "1.5063",
            "low": "1.5054",
            "close": "1.5056"
        },
        {
            "time": "15.11.2020 08:54",
            "open": "1.5056",
            "high": "1.5056",
            "low": "1.5056",
            "close": "1.5054"
        },
        {
            "time": "15.11.2020 08:56",
            "open": "1.5054",
            "high": "1.5054",
            "low": "1.5054",
            "close": "1.5128"
        },
        {
            "time": "15.11.2020 09:06",
            "open": "1.5128",
            "high": "1.5128",
            "low": "1.5128",
            "close": "1.5145"
        },
        {
            "time": "15.11.2020 09:14",
            "open": "1.5145",
            "high": "1.5145",
            "low": "1.5145",
            "close": "1.5198"
        },
        {
            "time": "15.11.2020 09:15",
            "open": "1.5198",
            "high": "1.526",
            "low": "1.5198",
            "close": "1.522"
        },
        {
            "time": "15.11.2020 09:26",
            "open": "1.522",
            "high": "1.522",
            "low": "1.522",
            "close": "1.5199"
        },
        {
            "time": "15.11.2020 09:27",
            "open": "1.5199",
            "high": "1.522",
            "low": "1.5199",
            "close": "1.5239"
        },
        {
            "time": "15.11.2020 09:29",
            "open": "1.5239",
            "high": "1.5239",
            "low": "1.5239",
            "close": "1.5195"
        },
        {
            "time": "15.11.2020 09:31",
            "open": "1.5195",
            "high": "1.5298",
            "low": "1.5195",
            "close": "1.5195"
        },
        {
            "time": "15.11.2020 09:35",
            "open": "1.5195",
            "high": "1.5279",
            "low": "1.5194",
            "close": "1.5243"
        },
        {
            "time": "15.11.2020 09:40",
            "open": "1.5243",
            "high": "1.5243",
            "low": "1.5243",
            "close": "1.527"
        },
        {
            "time": "15.11.2020 09:42",
            "open": "1.527",
            "high": "1.527",
            "low": "1.527",
            "close": "1.5264"
        },
        {
            "time": "15.11.2020 09:44",
            "open": "1.5264",
            "high": "1.5264",
            "low": "1.5264",
            "close": "1.5264"
        },
        {
            "time": "15.11.2020 09:46",
            "open": "1.5264",
            "high": "1.5264",
            "low": "1.5264",
            "close": "1.5268"
        },
        {
            "time": "15.11.2020 09:52",
            "open": "1.5268",
            "high": "1.5268",
            "low": "1.5268",
            "close": "1.5248"
        },
        {
            "time": "15.11.2020 09:59",
            "open": "1.5248",
            "high": "1.525",
            "low": "1.5248",
            "close": "1.5245"
        },
        {
            "time": "15.11.2020 10:03",
            "open": "1.5245",
            "high": "1.5245",
            "low": "1.5245",
            "close": "1.5245"
        },
        {
            "time": "15.11.2020 10:04",
            "open": "1.5245",
            "high": "1.5245",
            "low": "1.5245",
            "close": "1.528"
        },
        {
            "time": "15.11.2020 10:07",
            "open": "1.528",
            "high": "1.528",
            "low": "1.528",
            "close": "1.5231"
        },
        {
            "time": "15.11.2020 10:12",
            "open": "1.5231",
            "high": "1.5254",
            "low": "1.5231",
            "close": "1.5326"
        },
        {
            "time": "15.11.2020 10:17",
            "open": "1.5326",
            "high": "1.5326",
            "low": "1.5326",
            "close": "1.5353"
        },
        {
            "time": "15.11.2020 10:18",
            "open": "1.5353",
            "high": "1.537",
            "low": "1.5312",
            "close": "1.5468"
        },
        {
            "time": "15.11.2020 10:24",
            "open": "1.5468",
            "high": "1.547",
            "low": "1.5395",
            "close": "1.5495"
        },
        {
            "time": "15.11.2020 10:37",
            "open": "1.5495",
            "high": "1.55",
            "low": "1.549",
            "close": "1.546"
        },
        {
            "time": "15.11.2020 10:39",
            "open": "1.546",
            "high": "1.549",
            "low": "1.546",
            "close": "1.545"
        },
        {
            "time": "15.11.2020 10:42",
            "open": "1.545",
            "high": "1.545",
            "low": "1.545",
            "close": "1.549"
        },
        {
            "time": "15.11.2020 10:46",
            "open": "1.549",
            "high": "1.5523",
            "low": "1.549",
            "close": "1.5492"
        },
        {
            "time": "15.11.2020 10:51",
            "open": "1.5492",
            "high": "1.5492",
            "low": "1.5492",
            "close": "1.5489"
        },
        {
            "time": "15.11.2020 10:52",
            "open": "1.5489",
            "high": "1.5489",
            "low": "1.5489",
            "close": "1.5521"
        },
        {
            "time": "15.11.2020 10:53",
            "open": "1.5521",
            "high": "1.5521",
            "low": "1.5521",
            "close": "1.5495"
        },
        {
            "time": "15.11.2020 10:57",
            "open": "1.5495",
            "high": "1.5495",
            "low": "1.5492",
            "close": "1.552"
        },
        {
            "time": "15.11.2020 11:00",
            "open": "1.552",
            "high": "1.554",
            "low": "1.552",
            "close": "1.5475"
        },
        {
            "time": "15.11.2020 11:01",
            "open": "1.5475",
            "high": "1.5475",
            "low": "1.5475",
            "close": "1.5469"
        },
        {
            "time": "15.11.2020 11:15",
            "open": "1.5469",
            "high": "1.5474",
            "low": "1.5469",
            "close": "1.546"
        },
        {
            "time": "15.11.2020 11:19",
            "open": "1.546",
            "high": "1.5509",
            "low": "1.546",
            "close": "1.5396"
        },
        {
            "time": "15.11.2020 11:21",
            "open": "1.5396",
            "high": "1.5396",
            "low": "1.5396",
            "close": "1.5405"
        },
        {
            "time": "15.11.2020 11:22",
            "open": "1.5405",
            "high": "1.5405",
            "low": "1.5405",
            "close": "1.5365"
        },
        {
            "time": "15.11.2020 11:23",
            "open": "1.5365",
            "high": "1.5365",
            "low": "1.5365",
            "close": "1.5315"
        },
        {
            "time": "15.11.2020 11:30",
            "open": "1.5315",
            "high": "1.5315",
            "low": "1.5312",
            "close": "1.5337"
        },
        {
            "time": "15.11.2020 11:31",
            "open": "1.5337",
            "high": "1.5338",
            "low": "1.5337",
            "close": "1.5235"
        },
        {
            "time": "15.11.2020 11:37",
            "open": "1.5235",
            "high": "1.5235",
            "low": "1.5235",
            "close": "1.5297"
        },
        {
            "time": "15.11.2020 11:38",
            "open": "1.5297",
            "high": "1.5297",
            "low": "1.5297",
            "close": "1.5319"
        },
        {
            "time": "15.11.2020 11:48",
            "open": "1.5319",
            "high": "1.5319",
            "low": "1.5319",
            "close": "1.5299"
        },
        {
            "time": "15.11.2020 11:51",
            "open": "1.5299",
            "high": "1.537",
            "low": "1.5299",
            "close": "1.5295"
        },
        {
            "time": "15.11.2020 11:55",
            "open": "1.5295",
            "high": "1.5295",
            "low": "1.5295",
            "close": "1.5295"
        },
        {
            "time": "15.11.2020 11:59",
            "open": "1.5295",
            "high": "1.5295",
            "low": "1.5295",
            "close": "1.5276"
        },
        {
            "time": "15.11.2020 12:01",
            "open": "1.5276",
            "high": "1.5276",
            "low": "1.5276",
            "close": "1.5309"
        },
        {
            "time": "15.11.2020 12:04",
            "open": "1.5309",
            "high": "1.5309",
            "low": "1.5309",
            "close": "1.5374"
        },
        {
            "time": "15.11.2020 12:09",
            "open": "1.5374",
            "high": "1.5374",
            "low": "1.5374",
            "close": "1.5304"
        },
        {
            "time": "15.11.2020 12:16",
            "open": "1.5304",
            "high": "1.5305",
            "low": "1.5304",
            "close": "1.5272"
        },
        {
            "time": "15.11.2020 12:24",
            "open": "1.5272",
            "high": "1.5372",
            "low": "1.5272",
            "close": "1.5431"
        },
        {
            "time": "15.11.2020 12:26",
            "open": "1.5431",
            "high": "1.5431",
            "low": "1.5431",
            "close": "1.5435"
        },
        {
            "time": "15.11.2020 12:27",
            "open": "1.5435",
            "high": "1.5435",
            "low": "1.5435",
            "close": "1.5443"
        },
        {
            "time": "15.11.2020 12:28",
            "open": "1.5443",
            "high": "1.5443",
            "low": "1.5443",
            "close": "1.5454"
        },
        {
            "time": "15.11.2020 12:29",
            "open": "1.5454",
            "high": "1.5454",
            "low": "1.5452",
            "close": "1.5468"
        },
        {
            "time": "15.11.2020 12:31",
            "open": "1.5468",
            "high": "1.5468",
            "low": "1.5468",
            "close": "1.5465"
        },
        {
            "time": "15.11.2020 12:34",
            "open": "1.5465",
            "high": "1.5465",
            "low": "1.5465",
            "close": "1.5474"
        },
        {
            "time": "15.11.2020 12:41",
            "open": "1.5474",
            "high": "1.5474",
            "low": "1.5474",
            "close": "1.5475"
        },
        {
            "time": "15.11.2020 12:42",
            "open": "1.5475",
            "high": "1.5475",
            "low": "1.5475",
            "close": "1.5413"
        },
        {
            "time": "15.11.2020 12:46",
            "open": "1.5413",
            "high": "1.5413",
            "low": "1.5413",
            "close": "1.5414"
        },
        {
            "time": "15.11.2020 12:48",
            "open": "1.5414",
            "high": "1.5414",
            "low": "1.5414",
            "close": "1.5405"
        },
        {
            "time": "15.11.2020 12:49",
            "open": "1.5405",
            "high": "1.5405",
            "low": "1.5405",
            "close": "1.5373"
        },
        {
            "time": "15.11.2020 12:51",
            "open": "1.5373",
            "high": "1.5373",
            "low": "1.5373",
            "close": "1.5356"
        },
        {
            "time": "15.11.2020 12:52",
            "open": "1.5356",
            "high": "1.5356",
            "low": "1.5356",
            "close": "1.5407"
        },
        {
            "time": "15.11.2020 12:53",
            "open": "1.5407",
            "high": "1.5408",
            "low": "1.5407",
            "close": "1.5439"
        },
        {
            "time": "15.11.2020 12:57",
            "open": "1.5439",
            "high": "1.5439",
            "low": "1.5439",
            "close": "1.5361"
        },
        {
            "time": "15.11.2020 13:06",
            "open": "1.5361",
            "high": "1.5367",
            "low": "1.536",
            "close": "1.5353"
        },
        {
            "time": "15.11.2020 13:07",
            "open": "1.5353",
            "high": "1.5353",
            "low": "1.535",
            "close": "1.5349"
        },
        {
            "time": "15.11.2020 13:09",
            "open": "1.5349",
            "high": "1.5383",
            "low": "1.5348",
            "close": "1.531"
        },
        {
            "time": "15.11.2020 13:11",
            "open": "1.531",
            "high": "1.531",
            "low": "1.531",
            "close": "1.5383"
        },
        {
            "time": "15.11.2020 13:14",
            "open": "1.5383",
            "high": "1.5383",
            "low": "1.5383",
            "close": "1.542"
        },
        {
            "time": "15.11.2020 13:15",
            "open": "1.542",
            "high": "1.542",
            "low": "1.542",
            "close": "1.5431"
        },
        {
            "time": "15.11.2020 13:16",
            "open": "1.5431",
            "high": "1.5431",
            "low": "1.543",
            "close": "1.5422"
        },
        {
            "time": "15.11.2020 13:17",
            "open": "1.5422",
            "high": "1.5422",
            "low": "1.54",
            "close": "1.5401"
        },
        {
            "time": "15.11.2020 13:18",
            "open": "1.5401",
            "high": "1.5401",
            "low": "1.5401",
            "close": "1.5412"
        },
        {
            "time": "15.11.2020 13:22",
            "open": "1.5412",
            "high": "1.5412",
            "low": "1.5412",
            "close": "1.5412"
        },
        {
            "time": "15.11.2020 13:24",
            "open": "1.5412",
            "high": "1.5412",
            "low": "1.5412",
            "close": "1.5411"
        },
        {
            "time": "15.11.2020 13:27",
            "open": "1.5411",
            "high": "1.5411",
            "low": "1.5411",
            "close": "1.541"
        },
        {
            "time": "15.11.2020 13:29",
            "open": "1.541",
            "high": "1.5411",
            "low": "1.541",
            "close": "1.5395"
        },
        {
            "time": "15.11.2020 13:31",
            "open": "1.5395",
            "high": "1.5395",
            "low": "1.5395",
            "close": "1.5321"
        },
        {
            "time": "15.11.2020 13:33",
            "open": "1.5321",
            "high": "1.5321",
            "low": "1.5321",
            "close": "1.531"
        },
        {
            "time": "15.11.2020 13:36",
            "open": "1.531",
            "high": "1.5325",
            "low": "1.531",
            "close": "1.5305"
        },
        {
            "time": "15.11.2020 13:39",
            "open": "1.5305",
            "high": "1.5305",
            "low": "1.5305",
            "close": "1.5373"
        },
        {
            "time": "15.11.2020 13:46",
            "open": "1.5373",
            "high": "1.5373",
            "low": "1.5373",
            "close": "1.5306"
        },
        {
            "time": "15.11.2020 13:47",
            "open": "1.5306",
            "high": "1.5368",
            "low": "1.5302",
            "close": "1.5291"
        },
        {
            "time": "15.11.2020 13:48",
            "open": "1.5291",
            "high": "1.5365",
            "low": "1.5291",
            "close": "1.534"
        },
        {
            "time": "15.11.2020 13:49",
            "open": "1.534",
            "high": "1.534",
            "low": "1.534",
            "close": "1.5276"
        },
        {
            "time": "15.11.2020 13:50",
            "open": "1.5276",
            "high": "1.5276",
            "low": "1.5265",
            "close": "1.519"
        },
        {
            "time": "15.11.2020 13:57",
            "open": "1.519",
            "high": "1.519",
            "low": "1.519",
            "close": "1.519"
        },
        {
            "time": "15.11.2020 13:58",
            "open": "1.519",
            "high": "1.522",
            "low": "1.5171",
            "close": "1.522"
        },
        {
            "time": "15.11.2020 13:59",
            "open": "1.522",
            "high": "1.522",
            "low": "1.522",
            "close": "1.5122"
        },
        {
            "time": "15.11.2020 14:05",
            "open": "1.5122",
            "high": "1.5122",
            "low": "1.5122",
            "close": "1.5201"
        },
        {
            "time": "15.11.2020 14:08",
            "open": "1.5201",
            "high": "1.5201",
            "low": "1.5201",
            "close": "1.5232"
        },
        {
            "time": "15.11.2020 14:09",
            "open": "1.5232",
            "high": "1.5232",
            "low": "1.5232",
            "close": "1.5161"
        },
        {
            "time": "15.11.2020 14:10",
            "open": "1.5161",
            "high": "1.5161",
            "low": "1.516",
            "close": "1.515"
        },
        {
            "time": "15.11.2020 14:12",
            "open": "1.515",
            "high": "1.515",
            "low": "1.515",
            "close": "1.5151"
        },
        {
            "time": "15.11.2020 14:14",
            "open": "1.5151",
            "high": "1.5151",
            "low": "1.515",
            "close": "1.5161"
        },
        {
            "time": "15.11.2020 14:15",
            "open": "1.5161",
            "high": "1.5161",
            "low": "1.5161",
            "close": "1.5203"
        },
        {
            "time": "15.11.2020 14:17",
            "open": "1.5203",
            "high": "1.5203",
            "low": "1.5203",
            "close": "1.518"
        },
        {
            "time": "15.11.2020 14:21",
            "open": "1.518",
            "high": "1.518",
            "low": "1.518",
            "close": "1.5251"
        },
        {
            "time": "15.11.2020 14:24",
            "open": "1.5251",
            "high": "1.5251",
            "low": "1.5251",
            "close": "1.5185"
        },
        {
            "time": "15.11.2020 14:25",
            "open": "1.5185",
            "high": "1.5185",
            "low": "1.5184",
            "close": "1.53"
        },
        {
            "time": "15.11.2020 14:30",
            "open": "1.53",
            "high": "1.5318",
            "low": "1.53",
            "close": "1.5244"
        },
        {
            "time": "15.11.2020 14:31",
            "open": "1.5244",
            "high": "1.5244",
            "low": "1.5244",
            "close": "1.5233"
        },
        {
            "time": "15.11.2020 14:33",
            "open": "1.5233",
            "high": "1.5233",
            "low": "1.5233",
            "close": "1.5225"
        },
        {
            "time": "15.11.2020 14:34",
            "open": "1.5225",
            "high": "1.5225",
            "low": "1.5225",
            "close": "1.5326"
        },
        {
            "time": "15.11.2020 14:39",
            "open": "1.5326",
            "high": "1.534",
            "low": "1.5326",
            "close": "1.5339"
        },
        {
            "time": "15.11.2020 14:40",
            "open": "1.5339",
            "high": "1.5339",
            "low": "1.5339",
            "close": "1.5347"
        },
        {
            "time": "15.11.2020 14:42",
            "open": "1.5347",
            "high": "1.5347",
            "low": "1.5347",
            "close": "1.5341"
        },
        {
            "time": "15.11.2020 14:45",
            "open": "1.5341",
            "high": "1.5341",
            "low": "1.5341",
            "close": "1.5339"
        },
        {
            "time": "15.11.2020 14:46",
            "open": "1.5339",
            "high": "1.5339",
            "low": "1.5339",
            "close": "1.5333"
        },
        {
            "time": "15.11.2020 14:47",
            "open": "1.5333",
            "high": "1.5333",
            "low": "1.5333",
            "close": "1.5341"
        },
        {
            "time": "15.11.2020 14:49",
            "open": "1.5341",
            "high": "1.5341",
            "low": "1.5337",
            "close": "1.5333"
        },
        {
            "time": "15.11.2020 14:50",
            "open": "1.5333",
            "high": "1.5333",
            "low": "1.5237",
            "close": "1.5313"
        },
        {
            "time": "15.11.2020 14:52",
            "open": "1.5313",
            "high": "1.5313",
            "low": "1.5312",
            "close": "1.5252"
        },
        {
            "time": "15.11.2020 14:54",
            "open": "1.5252",
            "high": "1.5252",
            "low": "1.5252",
            "close": "1.519"
        },
        {
            "time": "15.11.2020 14:59",
            "open": "1.519",
            "high": "1.519",
            "low": "1.519",
            "close": "1.5182"
        },
        {
            "time": "15.11.2020 15:01",
            "open": "1.5182",
            "high": "1.5182",
            "low": "1.5182",
            "close": "1.5162"
        },
        {
            "time": "15.11.2020 15:03",
            "open": "1.5162",
            "high": "1.5162",
            "low": "1.5162",
            "close": "1.517"
        },
        {
            "time": "15.11.2020 15:04",
            "open": "1.517",
            "high": "1.517",
            "low": "1.517",
            "close": "1.517"
        },
        {
            "time": "15.11.2020 15:05",
            "open": "1.517",
            "high": "1.517",
            "low": "1.517",
            "close": "1.523"
        },
        {
            "time": "15.11.2020 15:06",
            "open": "1.523",
            "high": "1.523",
            "low": "1.523",
            "close": "1.5239"
        },
        {
            "time": "15.11.2020 15:08",
            "open": "1.5239",
            "high": "1.524",
            "low": "1.5239",
            "close": "1.5228"
        },
        {
            "time": "15.11.2020 15:10",
            "open": "1.5228",
            "high": "1.5238",
            "low": "1.5228",
            "close": "1.5177"
        },
        {
            "time": "15.11.2020 15:12",
            "open": "1.5177",
            "high": "1.5177",
            "low": "1.5177",
            "close": "1.5136"
        },
        {
            "time": "15.11.2020 15:20",
            "open": "1.5136",
            "high": "1.5136",
            "low": "1.5136",
            "close": "1.513"
        },
        {
            "time": "15.11.2020 15:23",
            "open": "1.513",
            "high": "1.513",
            "low": "1.5129",
            "close": "1.5178"
        },
        {
            "time": "15.11.2020 15:25",
            "open": "1.5178",
            "high": "1.519",
            "low": "1.5125",
            "close": "1.5116"
        },
        {
            "time": "15.11.2020 15:29",
            "open": "1.5116",
            "high": "1.5116",
            "low": "1.5116",
            "close": "1.512"
        },
        {
            "time": "15.11.2020 15:30",
            "open": "1.512",
            "high": "1.512",
            "low": "1.512",
            "close": "1.5135"
        },
        {
            "time": "15.11.2020 15:33",
            "open": "1.5135",
            "high": "1.5135",
            "low": "1.5135",
            "close": "1.5113"
        },
        {
            "time": "15.11.2020 15:34",
            "open": "1.5113",
            "high": "1.5113",
            "low": "1.5113",
            "close": "1.5137"
        },
        {
            "time": "15.11.2020 15:38",
            "open": "1.5137",
            "high": "1.5137",
            "low": "1.5137",
            "close": "1.5226"
        },
        {
            "time": "15.11.2020 15:40",
            "open": "1.5226",
            "high": "1.5226",
            "low": "1.5226",
            "close": "1.5135"
        },
        {
            "time": "15.11.2020 15:41",
            "open": "1.5135",
            "high": "1.5135",
            "low": "1.5134",
            "close": "1.5132"
        },
        {
            "time": "15.11.2020 15:43",
            "open": "1.5132",
            "high": "1.5132",
            "low": "1.5132",
            "close": "1.5218"
        },
        {
            "time": "15.11.2020 15:47",
            "open": "1.5218",
            "high": "1.5251",
            "low": "1.518",
            "close": "1.5251"
        },
        {
            "time": "15.11.2020 15:51",
            "open": "1.5251",
            "high": "1.5251",
            "low": "1.525",
            "close": "1.5326"
        },
        {
            "time": "15.11.2020 15:52",
            "open": "1.5326",
            "high": "1.5339",
            "low": "1.5282",
            "close": "1.5262"
        },
        {
            "time": "15.11.2020 15:55",
            "open": "1.5262",
            "high": "1.5262",
            "low": "1.5262",
            "close": "1.5272"
        },
        {
            "time": "15.11.2020 16:02",
            "open": "1.5272",
            "high": "1.5272",
            "low": "1.523",
            "close": "1.527"
        },
        {
            "time": "15.11.2020 16:03",
            "open": "1.527",
            "high": "1.527",
            "low": "1.527",
            "close": "1.5248"
        },
        {
            "time": "15.11.2020 16:05",
            "open": "1.5248",
            "high": "1.5248",
            "low": "1.5248",
            "close": "1.5242"
        },
        {
            "time": "15.11.2020 16:06",
            "open": "1.5242",
            "high": "1.5242",
            "low": "1.5242",
            "close": "1.527"
        },
        {
            "time": "15.11.2020 16:10",
            "open": "1.527",
            "high": "1.527",
            "low": "1.527",
            "close": "1.5281"
        },
        {
            "time": "15.11.2020 16:11",
            "open": "1.5281",
            "high": "1.5281",
            "low": "1.528",
            "close": "1.5316"
        },
        {
            "time": "15.11.2020 16:15",
            "open": "1.5316",
            "high": "1.5316",
            "low": "1.5316",
            "close": "1.528"
        },
        {
            "time": "15.11.2020 16:21",
            "open": "1.528",
            "high": "1.528",
            "low": "1.528",
            "close": "1.527"
        },
        {
            "time": "15.11.2020 16:24",
            "open": "1.527",
            "high": "1.527",
            "low": "1.527",
            "close": "1.527"
        },
        {
            "time": "15.11.2020 16:27",
            "open": "1.527",
            "high": "1.527",
            "low": "1.527",
            "close": "1.5281"
        },
        {
            "time": "15.11.2020 16:32",
            "open": "1.5281",
            "high": "1.5281",
            "low": "1.5281",
            "close": "1.528"
        },
        {
            "time": "15.11.2020 16:36",
            "open": "1.528",
            "high": "1.528",
            "low": "1.528",
            "close": "1.528"
        },
        {
            "time": "15.11.2020 16:37",
            "open": "1.528",
            "high": "1.528",
            "low": "1.528",
            "close": "1.5271"
        },
        {
            "time": "15.11.2020 16:40",
            "open": "1.5271",
            "high": "1.5303",
            "low": "1.5271",
            "close": "1.5271"
        },
        {
            "time": "15.11.2020 16:42",
            "open": "1.5271",
            "high": "1.5271",
            "low": "1.5271",
            "close": "1.5277"
        },
        {
            "time": "15.11.2020 16:47",
            "open": "1.5277",
            "high": "1.5277",
            "low": "1.5277",
            "close": "1.5311"
        },
        {
            "time": "15.11.2020 16:50",
            "open": "1.5311",
            "high": "1.5311",
            "low": "1.5311",
            "close": "1.5311"
        },
        {
            "time": "15.11.2020 16:51",
            "open": "1.5311",
            "high": "1.5311",
            "low": "1.5311",
            "close": "1.5272"
        },
        {
            "time": "15.11.2020 16:54",
            "open": "1.5272",
            "high": "1.5272",
            "low": "1.5272",
            "close": "1.5262"
        },
        {
            "time": "15.11.2020 16:58",
            "open": "1.5262",
            "high": "1.5262",
            "low": "1.5262",
            "close": "1.5242"
        },
        {
            "time": "15.11.2020 16:59",
            "open": "1.5242",
            "high": "1.5242",
            "low": "1.5242",
            "close": "1.5252"
        },
        {
            "time": "15.11.2020 17:01",
            "open": "1.5252",
            "high": "1.5252",
            "low": "1.5252",
            "close": "1.5262"
        },
        {
            "time": "15.11.2020 17:02",
            "open": "1.5262",
            "high": "1.5262",
            "low": "1.5262",
            "close": "1.5263"
        },
        {
            "time": "15.11.2020 17:08",
            "open": "1.5263",
            "high": "1.5263",
            "low": "1.5262",
            "close": "1.5241"
        },
        {
            "time": "15.11.2020 17:13",
            "open": "1.5241",
            "high": "1.5241",
            "low": "1.524",
            "close": "1.521"
        },
        {
            "time": "15.11.2020 17:14",
            "open": "1.521",
            "high": "1.521",
            "low": "1.521",
            "close": "1.522"
        },
        {
            "time": "15.11.2020 17:19",
            "open": "1.522",
            "high": "1.522",
            "low": "1.522",
            "close": "1.525"
        },
        {
            "time": "15.11.2020 17:22",
            "open": "1.525",
            "high": "1.525",
            "low": "1.525",
            "close": "1.52"
        },
        {
            "time": "15.11.2020 17:23",
            "open": "1.52",
            "high": "1.52",
            "low": "1.52",
            "close": "1.522"
        },
        {
            "time": "15.11.2020 17:25",
            "open": "1.522",
            "high": "1.522",
            "low": "1.522",
            "close": "1.5231"
        },
        {
            "time": "15.11.2020 17:33",
            "open": "1.5231",
            "high": "1.5231",
            "low": "1.523",
            "close": "1.523"
        },
        {
            "time": "15.11.2020 17:37",
            "open": "1.523",
            "high": "1.523",
            "low": "1.523",
            "close": "1.5241"
        },
        {
            "time": "15.11.2020 17:39",
            "open": "1.5241",
            "high": "1.5241",
            "low": "1.5241",
            "close": "1.5291"
        },
        {
            "time": "15.11.2020 17:41",
            "open": "1.5291",
            "high": "1.5292",
            "low": "1.5291",
            "close": "1.525"
        },
        {
            "time": "15.11.2020 17:42",
            "open": "1.525",
            "high": "1.525",
            "low": "1.525",
            "close": "1.525"
        },
        {
            "time": "15.11.2020 17:45",
            "open": "1.525",
            "high": "1.525",
            "low": "1.525",
            "close": "1.5241"
        },
        {
            "time": "15.11.2020 17:52",
            "open": "1.5241",
            "high": "1.5293",
            "low": "1.524",
            "close": "1.525"
        },
        {
            "time": "15.11.2020 17:55",
            "open": "1.525",
            "high": "1.525",
            "low": "1.525",
            "close": "1.525"
        },
        {
            "time": "15.11.2020 17:56",
            "open": "1.525",
            "high": "1.525",
            "low": "1.525",
            "close": "1.524"
        },
        {
            "time": "15.11.2020 17:58",
            "open": "1.524",
            "high": "1.524",
            "low": "1.524",
            "close": "1.5241"
        },
        {
            "time": "15.11.2020 17:59",
            "open": "1.5241",
            "high": "1.5305",
            "low": "1.5241",
            "close": "1.5304"
        },
        {
            "time": "15.11.2020 18:04",
            "open": "1.5304",
            "high": "1.5304",
            "low": "1.5294",
            "close": "1.5242"
        },
        {
            "time": "15.11.2020 18:07",
            "open": "1.5242",
            "high": "1.5242",
            "low": "1.5239",
            "close": "1.522"
        },
        {
            "time": "15.11.2020 18:08",
            "open": "1.522",
            "high": "1.522",
            "low": "1.522",
            "close": "1.522"
        },
        {
            "time": "15.11.2020 18:09",
            "open": "1.522",
            "high": "1.522",
            "low": "1.522",
            "close": "1.519"
        },
        {
            "time": "15.11.2020 18:17",
            "open": "1.519",
            "high": "1.519",
            "low": "1.5156",
            "close": "1.5215"
        },
        {
            "time": "15.11.2020 18:18",
            "open": "1.5215",
            "high": "1.5219",
            "low": "1.5155",
            "close": "1.5165"
        },
        {
            "time": "15.11.2020 18:19",
            "open": "1.5165",
            "high": "1.5165",
            "low": "1.5165",
            "close": "1.5167"
        },
        {
            "time": "15.11.2020 18:20",
            "open": "1.5167",
            "high": "1.5167",
            "low": "1.516",
            "close": "1.515"
        },
        {
            "time": "15.11.2020 18:23",
            "open": "1.515",
            "high": "1.515",
            "low": "1.51",
            "close": "1.5118"
        },
        {
            "time": "15.11.2020 18:25",
            "open": "1.5118",
            "high": "1.5118",
            "low": "1.5118",
            "close": "1.5101"
        },
        {
            "time": "15.11.2020 18:30",
            "open": "1.5101",
            "high": "1.5101",
            "low": "1.5101",
            "close": "1.5104"
        },
        {
            "time": "15.11.2020 18:33",
            "open": "1.5104",
            "high": "1.5104",
            "low": "1.5104",
            "close": "1.5107"
        },
        {
            "time": "15.11.2020 18:35",
            "open": "1.5107",
            "high": "1.5107",
            "low": "1.5093",
            "close": "1.5102"
        },
        {
            "time": "15.11.2020 18:36",
            "open": "1.5102",
            "high": "1.5303",
            "low": "1.5102",
            "close": "1.511"
        },
        {
            "time": "15.11.2020 18:37",
            "open": "1.511",
            "high": "1.511",
            "low": "1.5",
            "close": "1.5009"
        },
        {
            "time": "15.11.2020 18:38",
            "open": "1.5009",
            "high": "1.5009",
            "low": "1.5009",
            "close": "1.5002"
        },
        {
            "time": "15.11.2020 18:42",
            "open": "1.5002",
            "high": "1.5002",
            "low": "1.5002",
            "close": "1.5001"
        },
        {
            "time": "15.11.2020 18:43",
            "open": "1.5001",
            "high": "1.5098",
            "low": "1.5",
            "close": "1.5028"
        },
        {
            "time": "15.11.2020 18:45",
            "open": "1.5028",
            "high": "1.5029",
            "low": "1.5028",
            "close": "1.5"
        },
        {
            "time": "15.11.2020 18:51",
            "open": "1.5",
            "high": "1.5031",
            "low": "1.4954",
            "close": "1.4982"
        },
        {
            "time": "15.11.2020 18:59",
            "open": "1.4982",
            "high": "1.4982",
            "low": "1.4982",
            "close": "1.4988"
        },
        {
            "time": "15.11.2020 19:01",
            "open": "1.4988",
            "high": "1.5016",
            "low": "1.465",
            "close": "1.493"
        },
        {
            "time": "15.11.2020 19:05",
            "open": "1.493",
            "high": "1.493",
            "low": "1.4899",
            "close": "1.4932"
        },
        {
            "time": "15.11.2020 19:06",
            "open": "1.4932",
            "high": "1.4932",
            "low": "1.4932",
            "close": "1.4903"
        },
        {
            "time": "15.11.2020 19:08",
            "open": "1.4903",
            "high": "1.4903",
            "low": "1.4903",
            "close": "1.4918"
        },
        {
            "time": "15.11.2020 19:10",
            "open": "1.4918",
            "high": "1.4918",
            "low": "1.4918",
            "close": "1.4905"
        },
        {
            "time": "15.11.2020 19:11",
            "open": "1.4905",
            "high": "1.4905",
            "low": "1.4899",
            "close": "1.4875"
        },
        {
            "time": "15.11.2020 19:13",
            "open": "1.4875",
            "high": "1.4875",
            "low": "1.4875",
            "close": "1.4868"
        },
        {
            "time": "15.11.2020 19:14",
            "open": "1.4868",
            "high": "1.4868",
            "low": "1.4868",
            "close": "1.4804"
        },
        {
            "time": "15.11.2020 19:15",
            "open": "1.4804",
            "high": "1.4804",
            "low": "1.4803",
            "close": "1.4847"
        },
        {
            "time": "15.11.2020 19:22",
            "open": "1.4847",
            "high": "1.485",
            "low": "1.4847",
            "close": "1.4814"
        },
        {
            "time": "15.11.2020 19:23",
            "open": "1.4814",
            "high": "1.4814",
            "low": "1.4814",
            "close": "1.4831"
        },
        {
            "time": "15.11.2020 19:24",
            "open": "1.4831",
            "high": "1.4831",
            "low": "1.4831",
            "close": "1.4808"
        },
        {
            "time": "15.11.2020 19:30",
            "open": "1.4808",
            "high": "1.4808",
            "low": "1.4808",
            "close": "1.4811"
        },
        {
            "time": "15.11.2020 19:31",
            "open": "1.4811",
            "high": "1.4811",
            "low": "1.481",
            "close": "1.4809"
        },
        {
            "time": "15.11.2020 19:32",
            "open": "1.4809",
            "high": "1.4809",
            "low": "1.48",
            "close": "1.4816"
        },
        {
            "time": "15.11.2020 19:33",
            "open": "1.4816",
            "high": "1.4816",
            "low": "1.4816",
            "close": "1.4807"
        },
        {
            "time": "15.11.2020 19:36",
            "open": "1.4807",
            "high": "1.4807",
            "low": "1.4807",
            "close": "1.4807"
        },
        {
            "time": "15.11.2020 19:39",
            "open": "1.4807",
            "high": "1.4807",
            "low": "1.4807",
            "close": "1.4807"
        },
        {
            "time": "15.11.2020 19:42",
            "open": "1.4807",
            "high": "1.49",
            "low": "1.4807",
            "close": "1.4879"
        },
        {
            "time": "15.11.2020 19:44",
            "open": "1.4879",
            "high": "1.488",
            "low": "1.4815",
            "close": "1.4814"
        },
        {
            "time": "15.11.2020 19:46",
            "open": "1.4814",
            "high": "1.4814",
            "low": "1.4814",
            "close": "1.4879"
        },
        {
            "time": "15.11.2020 19:50",
            "open": "1.4879",
            "high": "1.488",
            "low": "1.4879",
            "close": "1.488"
        },
        {
            "time": "15.11.2020 19:51",
            "open": "1.488",
            "high": "1.4882",
            "low": "1.488",
            "close": "1.488"
        },
        {
            "time": "15.11.2020 19:53",
            "open": "1.488",
            "high": "1.488",
            "low": "1.488",
            "close": "1.4858"
        },
        {
            "time": "15.11.2020 20:01",
            "open": "1.4858",
            "high": "1.4858",
            "low": "1.4858",
            "close": "1.4858"
        },
        {
            "time": "15.11.2020 20:03",
            "open": "1.4858",
            "high": "1.4858",
            "low": "1.4858",
            "close": "1.4857"
        },
        {
            "time": "15.11.2020 20:04",
            "open": "1.4857",
            "high": "1.4857",
            "low": "1.4857",
            "close": "1.4857"
        },
        {
            "time": "15.11.2020 20:06",
            "open": "1.4857",
            "high": "1.4857",
            "low": "1.4857",
            "close": "1.4857"
        },
        {
            "time": "15.11.2020 20:09",
            "open": "1.4857",
            "high": "1.4857",
            "low": "1.4857",
            "close": "1.4913"
        },
        {
            "time": "15.11.2020 20:11",
            "open": "1.4913",
            "high": "1.4913",
            "low": "1.4913",
            "close": "1.4917"
        },
        {
            "time": "15.11.2020 20:16",
            "open": "1.4917",
            "high": "1.4917",
            "low": "1.4917",
            "close": "1.5017"
        },
        {
            "time": "15.11.2020 20:20",
            "open": "1.5017",
            "high": "1.507",
            "low": "1.5017",
            "close": "1.4984"
        },
        {
            "time": "15.11.2020 20:21",
            "open": "1.4984",
            "high": "1.4984",
            "low": "1.4984",
            "close": "1.5043"
        },
        {
            "time": "15.11.2020 20:23",
            "open": "1.5043",
            "high": "1.5043",
            "low": "1.5043",
            "close": "1.5014"
        },
        {
            "time": "15.11.2020 20:28",
            "open": "1.5014",
            "high": "1.5014",
            "low": "1.5014",
            "close": "1.5021"
        },
        {
            "time": "15.11.2020 20:29",
            "open": "1.5021",
            "high": "1.5021",
            "low": "1.5021",
            "close": "1.5066"
        },
        {
            "time": "15.11.2020 20:31",
            "open": "1.5066",
            "high": "1.5078",
            "low": "1.5066",
            "close": "1.5025"
        },
        {
            "time": "15.11.2020 20:33",
            "open": "1.5025",
            "high": "1.5025",
            "low": "1.5025",
            "close": "1.5014"
        },
        {
            "time": "15.11.2020 20:36",
            "open": "1.5014",
            "high": "1.5014",
            "low": "1.5014",
            "close": "1.5014"
        },
        {
            "time": "15.11.2020 20:38",
            "open": "1.5014",
            "high": "1.5014",
            "low": "1.5014",
            "close": "1.5014"
        },
        {
            "time": "15.11.2020 20:39",
            "open": "1.5014",
            "high": "1.5014",
            "low": "1.5014",
            "close": "1.5014"
        },
        {
            "time": "15.11.2020 20:42",
            "open": "1.5014",
            "high": "1.5014",
            "low": "1.5014",
            "close": "1.5051"
        },
        {
            "time": "15.11.2020 20:44",
            "open": "1.5051",
            "high": "1.5051",
            "low": "1.5051",
            "close": "1.4995"
        },
        {
            "time": "15.11.2020 20:55",
            "open": "1.4995",
            "high": "1.4995",
            "low": "1.4986",
            "close": "1.4995"
        },
        {
            "time": "15.11.2020 21:04",
            "open": "1.4995",
            "high": "1.5047",
            "low": "1.4995",
            "close": "1.4937"
        },
        {
            "time": "15.11.2020 21:10",
            "open": "1.4937",
            "high": "1.4937",
            "low": "1.4937",
            "close": "1.4935"
        },
        {
            "time": "15.11.2020 21:11",
            "open": "1.4935",
            "high": "1.4935",
            "low": "1.4935",
            "close": "1.4935"
        },
        {
            "time": "15.11.2020 21:12",
            "open": "1.4935",
            "high": "1.4935",
            "low": "1.4935",
            "close": "1.4934"
        },
        {
            "time": "15.11.2020 21:14",
            "open": "1.4934",
            "high": "1.497",
            "low": "1.4934",
            "close": "1.4934"
        },
        {
            "time": "15.11.2020 21:15",
            "open": "1.4934",
            "high": "1.4934",
            "low": "1.4934",
            "close": "1.494"
        },
        {
            "time": "15.11.2020 21:17",
            "open": "1.494",
            "high": "1.494",
            "low": "1.494",
            "close": "1.495"
        },
        {
            "time": "15.11.2020 21:23",
            "open": "1.495",
            "high": "1.495",
            "low": "1.4927",
            "close": "1.4946"
        },
        {
            "time": "15.11.2020 21:26",
            "open": "1.4946",
            "high": "1.495",
            "low": "1.4946",
            "close": "1.4918"
        },
        {
            "time": "15.11.2020 21:28",
            "open": "1.4918",
            "high": "1.4918",
            "low": "1.4918",
            "close": "1.4917"
        },
        {
            "time": "15.11.2020 21:29",
            "open": "1.4917",
            "high": "1.4917",
            "low": "1.4917",
            "close": "1.4917"
        },
        {
            "time": "15.11.2020 21:31",
            "open": "1.4917",
            "high": "1.4917",
            "low": "1.4904",
            "close": "1.4934"
        },
        {
            "time": "15.11.2020 21:35",
            "open": "1.4934",
            "high": "1.4934",
            "low": "1.4934",
            "close": "1.4942"
        },
        {
            "time": "15.11.2020 21:36",
            "open": "1.4942",
            "high": "1.4942",
            "low": "1.493",
            "close": "1.4949"
        },
        {
            "time": "15.11.2020 21:37",
            "open": "1.4949",
            "high": "1.502",
            "low": "1.4949",
            "close": "1.4967"
        },
        {
            "time": "15.11.2020 21:38",
            "open": "1.4967",
            "high": "1.4967",
            "low": "1.4967",
            "close": "1.4955"
        },
        {
            "time": "15.11.2020 21:42",
            "open": "1.4955",
            "high": "1.4956",
            "low": "1.4955",
            "close": "1.4957"
        },
        {
            "time": "15.11.2020 21:43",
            "open": "1.4957",
            "high": "1.4957",
            "low": "1.4951",
            "close": "1.4962"
        },
        {
            "time": "15.11.2020 21:47",
            "open": "1.4962",
            "high": "1.4962",
            "low": "1.4962",
            "close": "1.4967"
        },
        {
            "time": "15.11.2020 21:56",
            "open": "1.4967",
            "high": "1.4967",
            "low": "1.4967",
            "close": "1.497"
        },
        {
            "time": "15.11.2020 21:57",
            "open": "1.497",
            "high": "1.497",
            "low": "1.4969",
            "close": "1.4911"
        },
        {
            "time": "15.11.2020 22:06",
            "open": "1.4911",
            "high": "1.4911",
            "low": "1.4911",
            "close": "1.4921"
        },
        {
            "time": "15.11.2020 22:13",
            "open": "1.4921",
            "high": "1.4921",
            "low": "1.4921",
            "close": "1.4968"
        },
        {
            "time": "15.11.2020 22:17",
            "open": "1.4968",
            "high": "1.4968",
            "low": "1.4968",
            "close": "1.491"
        },
        {
            "time": "15.11.2020 22:18",
            "open": "1.491",
            "high": "1.491",
            "low": "1.491",
            "close": "1.4958"
        },
        {
            "time": "15.11.2020 22:21",
            "open": "1.4958",
            "high": "1.4958",
            "low": "1.4958",
            "close": "1.4926"
        },
        {
            "time": "15.11.2020 22:25",
            "open": "1.4926",
            "high": "1.4929",
            "low": "1.4926",
            "close": "1.4911"
        },
        {
            "time": "15.11.2020 22:27",
            "open": "1.4911",
            "high": "1.4911",
            "low": "1.4911",
            "close": "1.4903"
        },
        {
            "time": "15.11.2020 22:28",
            "open": "1.4903",
            "high": "1.4903",
            "low": "1.4903",
            "close": "1.4903"
        },
        {
            "time": "15.11.2020 22:29",
            "open": "1.4903",
            "high": "1.4903",
            "low": "1.4903",
            "close": "1.4903"
        },
        {
            "time": "15.11.2020 22:36",
            "open": "1.4903",
            "high": "1.4903",
            "low": "1.49",
            "close": "1.49"
        },
        {
            "time": "15.11.2020 22:38",
            "open": "1.49",
            "high": "1.49",
            "low": "1.49",
            "close": "1.4902"
        },
        {
            "time": "15.11.2020 22:39",
            "open": "1.4902",
            "high": "1.4902",
            "low": "1.4902",
            "close": "1.4902"
        },
        {
            "time": "15.11.2020 22:42",
            "open": "1.4902",
            "high": "1.4902",
            "low": "1.4902",
            "close": "1.491"
        },
        {
            "time": "15.11.2020 22:44",
            "open": "1.491",
            "high": "1.491",
            "low": "1.491",
            "close": "1.4989"
        },
        {
            "time": "15.11.2020 22:47",
            "open": "1.4989",
            "high": "1.4989",
            "low": "1.4989",
            "close": "1.4901"
        },
        {
            "time": "15.11.2020 22:49",
            "open": "1.4901",
            "high": "1.4901",
            "low": "1.4901",
            "close": "1.49"
        },
        {
            "time": "15.11.2020 22:51",
            "open": "1.49",
            "high": "1.49",
            "low": "1.49",
            "close": "1.4942"
        },
        {
            "time": "15.11.2020 22:54",
            "open": "1.4942",
            "high": "1.4948",
            "low": "1.4942",
            "close": "1.4901"
        },
        {
            "time": "15.11.2020 22:55",
            "open": "1.4901",
            "high": "1.4901",
            "low": "1.4901",
            "close": "1.4901"
        },
        {
            "time": "15.11.2020 22:58",
            "open": "1.4901",
            "high": "1.4901",
            "low": "1.485",
            "close": "1.4871"
        },
        {
            "time": "15.11.2020 23:00",
            "open": "1.4871",
            "high": "1.4871",
            "low": "1.4871",
            "close": "1.4866"
        },
        {
            "time": "15.11.2020 23:02",
            "open": "1.4866",
            "high": "1.4866",
            "low": "1.4866",
            "close": "1.482"
        },
        {
            "time": "15.11.2020 23:09",
            "open": "1.482",
            "high": "1.482",
            "low": "1.482",
            "close": "1.4812"
        },
        {
            "time": "15.11.2020 23:13",
            "open": "1.4812",
            "high": "1.4812",
            "low": "1.4812",
            "close": "1.482"
        },
        {
            "time": "15.11.2020 23:14",
            "open": "1.482",
            "high": "1.482",
            "low": "1.482",
            "close": "1.4811"
        },
        {
            "time": "15.11.2020 23:17",
            "open": "1.4811",
            "high": "1.4811",
            "low": "1.4811",
            "close": "1.4811"
        },
        {
            "time": "15.11.2020 23:18",
            "open": "1.4811",
            "high": "1.4811",
            "low": "1.4811",
            "close": "1.4811"
        },
        {
            "time": "15.11.2020 23:19",
            "open": "1.4811",
            "high": "1.4811",
            "low": "1.479",
            "close": "1.4789"
        },
        {
            "time": "15.11.2020 23:20",
            "open": "1.4789",
            "high": "1.4789",
            "low": "1.4789",
            "close": "1.4789"
        },
        {
            "time": "15.11.2020 23:21",
            "open": "1.4789",
            "high": "1.4789",
            "low": "1.4789",
            "close": "1.4772"
        },
        {
            "time": "15.11.2020 23:22",
            "open": "1.4772",
            "high": "1.4772",
            "low": "1.4772",
            "close": "1.4788"
        },
        {
            "time": "15.11.2020 23:25",
            "open": "1.4788",
            "high": "1.4788",
            "low": "1.4788",
            "close": "1.4788"
        },
        {
            "time": "15.11.2020 23:26",
            "open": "1.4788",
            "high": "1.4788",
            "low": "1.4788",
            "close": "1.4762"
        },
        {
            "time": "15.11.2020 23:27",
            "open": "1.4762",
            "high": "1.4762",
            "low": "1.4744",
            "close": "1.4715"
        },
        {
            "time": "15.11.2020 23:34",
            "open": "1.4715",
            "high": "1.4715",
            "low": "1.4705",
            "close": "1.4715"
        },
        {
            "time": "15.11.2020 23:35",
            "open": "1.4715",
            "high": "1.4715",
            "low": "1.4705",
            "close": "1.47"
        },
        {
            "time": "15.11.2020 23:36",
            "open": "1.47",
            "high": "1.47",
            "low": "1.47",
            "close": "1.47"
        },
        {
            "time": "15.11.2020 23:39",
            "open": "1.47",
            "high": "1.47",
            "low": "1.47",
            "close": "1.4794"
        },
        {
            "time": "15.11.2020 23:43",
            "open": "1.4794",
            "high": "1.4794",
            "low": "1.4794",
            "close": "1.4848"
        },
        {
            "time": "15.11.2020 23:53",
            "open": "1.4848",
            "high": "1.4848",
            "low": "1.4848",
            "close": "1.49"
        },
        {
            "time": "15.11.2020 23:54",
            "open": "1.49",
            "high": "1.49",
            "low": "1.49",
            "close": "1.4907"
        },
        {
            "time": "15.11.2020 23:55",
            "open": "1.4907",
            "high": "1.4965",
            "low": "1.4907",
            "close": "1.4964"
        }
    ]
}