{
    "CGLD-EUR": [
        {
            "time": "03.12.2020 23:56",
            "open": "1.52",
            "high": "1.52",
            "low": "1.52",
            "close": "1.52"
        },
        {
            "time": "04.12.2020 00:00",
            "open": "1.52",
            "high": "1.52",
            "low": "1.52",
            "close": "1.52"
        },
        {
            "time": "04.12.2020 00:02",
            "open": "1.52",
            "high": "1.5247",
            "low": "1.52",
            "close": "1.5113"
        },
        {
            "time": "04.12.2020 00:04",
            "open": "1.5113",
            "high": "1.515",
            "low": "1.5113",
            "close": "1.5101"
        },
        {
            "time": "04.12.2020 00:05",
            "open": "1.5101",
            "high": "1.5101",
            "low": "1.5101",
            "close": "1.5128"
        },
        {
            "time": "04.12.2020 00:07",
            "open": "1.5128",
            "high": "1.5128",
            "low": "1.5128",
            "close": "1.5145"
        },
        {
            "time": "04.12.2020 00:15",
            "open": "1.5145",
            "high": "1.5145",
            "low": "1.5145",
            "close": "1.5248"
        },
        {
            "time": "04.12.2020 00:16",
            "open": "1.5248",
            "high": "1.5428",
            "low": "1.5248",
            "close": "1.5173"
        },
        {
            "time": "04.12.2020 00:22",
            "open": "1.5173",
            "high": "1.5173",
            "low": "1.517",
            "close": "1.5233"
        },
        {
            "time": "04.12.2020 00:26",
            "open": "1.5233",
            "high": "1.5233",
            "low": "1.5169",
            "close": "1.5128"
        },
        {
            "time": "04.12.2020 00:29",
            "open": "1.5128",
            "high": "1.513",
            "low": "1.5128",
            "close": "1.5096"
        },
        {
            "time": "04.12.2020 00:30",
            "open": "1.5096",
            "high": "1.5099",
            "low": "1.5096",
            "close": "1.506"
        },
        {
            "time": "04.12.2020 00:33",
            "open": "1.506",
            "high": "1.506",
            "low": "1.506",
            "close": "1.5086"
        },
        {
            "time": "04.12.2020 00:36",
            "open": "1.5086",
            "high": "1.5086",
            "low": "1.5086",
            "close": "1.506"
        },
        {
            "time": "04.12.2020 00:38",
            "open": "1.506",
            "high": "1.506",
            "low": "1.506",
            "close": "1.5105"
        },
        {
            "time": "04.12.2020 00:40",
            "open": "1.5105",
            "high": "1.5105",
            "low": "1.5105",
            "close": "1.5128"
        },
        {
            "time": "04.12.2020 00:41",
            "open": "1.5128",
            "high": "1.5128",
            "low": "1.5128",
            "close": "1.506"
        },
        {
            "time": "04.12.2020 00:47",
            "open": "1.506",
            "high": "1.506",
            "low": "1.5042",
            "close": "1.506"
        },
        {
            "time": "04.12.2020 00:48",
            "open": "1.506",
            "high": "1.506",
            "low": "1.506",
            "close": "1.5075"
        },
        {
            "time": "04.12.2020 00:49",
            "open": "1.5075",
            "high": "1.5075",
            "low": "1.5075",
            "close": "1.5079"
        },
        {
            "time": "04.12.2020 00:52",
            "open": "1.5079",
            "high": "1.5079",
            "low": "1.5079",
            "close": "1.5109"
        },
        {
            "time": "04.12.2020 01:01",
            "open": "1.5109",
            "high": "1.511",
            "low": "1.5109",
            "close": "1.5075"
        },
        {
            "time": "04.12.2020 01:15",
            "open": "1.5075",
            "high": "1.5075",
            "low": "1.5075",
            "close": "1.5111"
        },
        {
            "time": "04.12.2020 01:19",
            "open": "1.5111",
            "high": "1.5111",
            "low": "1.5111",
            "close": "1.511"
        },
        {
            "time": "04.12.2020 01:21",
            "open": "1.511",
            "high": "1.511",
            "low": "1.511",
            "close": "1.5128"
        },
        {
            "time": "04.12.2020 01:23",
            "open": "1.5128",
            "high": "1.517",
            "low": "1.5107",
            "close": "1.512"
        },
        {
            "time": "04.12.2020 01:24",
            "open": "1.512",
            "high": "1.512",
            "low": "1.512",
            "close": "1.5139"
        },
        {
            "time": "04.12.2020 01:26",
            "open": "1.5139",
            "high": "1.5139",
            "low": "1.5139",
            "close": "1.5089"
        },
        {
            "time": "04.12.2020 01:33",
            "open": "1.5089",
            "high": "1.509",
            "low": "1.5089",
            "close": "1.5089"
        },
        {
            "time": "04.12.2020 01:36",
            "open": "1.5089",
            "high": "1.5089",
            "low": "1.5089",
            "close": "1.514"
        },
        {
            "time": "04.12.2020 01:56",
            "open": "1.514",
            "high": "1.514",
            "low": "1.514",
            "close": "1.5054"
        },
        {
            "time": "04.12.2020 02:02",
            "open": "1.5054",
            "high": "1.5054",
            "low": "1.5054",
            "close": "1.5105"
        },
        {
            "time": "04.12.2020 02:03",
            "open": "1.5105",
            "high": "1.511",
            "low": "1.5105",
            "close": "1.5119"
        },
        {
            "time": "04.12.2020 02:36",
            "open": "1.5119",
            "high": "1.5119",
            "low": "1.5119",
            "close": "1.5043"
        },
        {
            "time": "04.12.2020 02:58",
            "open": "1.5043",
            "high": "1.5043",
            "low": "1.5043",
            "close": "1.508"
        },
        {
            "time": "04.12.2020 03:10",
            "open": "1.508",
            "high": "1.508",
            "low": "1.508",
            "close": "1.5078"
        },
        {
            "time": "04.12.2020 03:17",
            "open": "1.5078",
            "high": "1.5078",
            "low": "1.5078",
            "close": "1.5099"
        },
        {
            "time": "04.12.2020 03:31",
            "open": "1.5099",
            "high": "1.51",
            "low": "1.5099",
            "close": "1.51"
        },
        {
            "time": "04.12.2020 03:37",
            "open": "1.51",
            "high": "1.51",
            "low": "1.51",
            "close": "1.5042"
        },
        {
            "time": "04.12.2020 04:50",
            "open": "1.5042",
            "high": "1.5042",
            "low": "1.5042",
            "close": "1.504"
        },
        {
            "time": "04.12.2020 05:05",
            "open": "1.504",
            "high": "1.504",
            "low": "1.504",
            "close": "1.5031"
        },
        {
            "time": "04.12.2020 05:07",
            "open": "1.5031",
            "high": "1.5031",
            "low": "1.5031",
            "close": "1.5025"
        },
        {
            "time": "04.12.2020 05:08",
            "open": "1.5025",
            "high": "1.5025",
            "low": "1.502",
            "close": "1.5037"
        },
        {
            "time": "04.12.2020 05:10",
            "open": "1.5037",
            "high": "1.51",
            "low": "1.5037",
            "close": "1.5041"
        },
        {
            "time": "04.12.2020 05:17",
            "open": "1.5041",
            "high": "1.5041",
            "low": "1.5041",
            "close": "1.5015"
        },
        {
            "time": "04.12.2020 05:21",
            "open": "1.5015",
            "high": "1.5015",
            "low": "1.5005",
            "close": "1.5005"
        },
        {
            "time": "04.12.2020 05:22",
            "open": "1.5005",
            "high": "1.5005",
            "low": "1.5",
            "close": "1.5039"
        },
        {
            "time": "04.12.2020 05:23",
            "open": "1.5039",
            "high": "1.504",
            "low": "1.5039",
            "close": "1.5028"
        },
        {
            "time": "04.12.2020 05:29",
            "open": "1.5028",
            "high": "1.503",
            "low": "1.5028",
            "close": "1.5"
        },
        {
            "time": "04.12.2020 05:30",
            "open": "1.5",
            "high": "1.5",
            "low": "1.4985",
            "close": "1.497"
        },
        {
            "time": "04.12.2020 05:31",
            "open": "1.497",
            "high": "1.497",
            "low": "1.497",
            "close": "1.496"
        },
        {
            "time": "04.12.2020 05:34",
            "open": "1.496",
            "high": "1.496",
            "low": "1.496",
            "close": "1.4956"
        },
        {
            "time": "04.12.2020 05:36",
            "open": "1.4956",
            "high": "1.4956",
            "low": "1.4955",
            "close": "1.4975"
        },
        {
            "time": "04.12.2020 05:37",
            "open": "1.4975",
            "high": "1.5002",
            "low": "1.4975",
            "close": "1.5025"
        },
        {
            "time": "04.12.2020 05:38",
            "open": "1.5025",
            "high": "1.5025",
            "low": "1.5025",
            "close": "1.4955"
        },
        {
            "time": "04.12.2020 05:47",
            "open": "1.4955",
            "high": "1.4955",
            "low": "1.4955",
            "close": "1.4926"
        },
        {
            "time": "04.12.2020 05:52",
            "open": "1.4926",
            "high": "1.4969",
            "low": "1.4925",
            "close": "1.495"
        },
        {
            "time": "04.12.2020 05:53",
            "open": "1.495",
            "high": "1.496",
            "low": "1.495",
            "close": "1.496"
        },
        {
            "time": "04.12.2020 05:54",
            "open": "1.496",
            "high": "1.496",
            "low": "1.496",
            "close": "1.4983"
        },
        {
            "time": "04.12.2020 05:58",
            "open": "1.4983",
            "high": "1.4983",
            "low": "1.4982",
            "close": "1.4961"
        },
        {
            "time": "04.12.2020 06:02",
            "open": "1.4961",
            "high": "1.4992",
            "low": "1.4954",
            "close": "1.5015"
        },
        {
            "time": "04.12.2020 06:04",
            "open": "1.5015",
            "high": "1.5016",
            "low": "1.4994",
            "close": "1.498"
        },
        {
            "time": "04.12.2020 06:05",
            "open": "1.498",
            "high": "1.498",
            "low": "1.498",
            "close": "1.4993"
        },
        {
            "time": "04.12.2020 06:06",
            "open": "1.4993",
            "high": "1.4993",
            "low": "1.4993",
            "close": "1.4982"
        },
        {
            "time": "04.12.2020 06:17",
            "open": "1.4982",
            "high": "1.4983",
            "low": "1.4982",
            "close": "1.4957"
        },
        {
            "time": "04.12.2020 06:18",
            "open": "1.4957",
            "high": "1.4957",
            "low": "1.4957",
            "close": "1.4969"
        },
        {
            "time": "04.12.2020 06:21",
            "open": "1.4969",
            "high": "1.4969",
            "low": "1.4969",
            "close": "1.4969"
        },
        {
            "time": "04.12.2020 06:27",
            "open": "1.4969",
            "high": "1.4969",
            "low": "1.4969",
            "close": "1.4954"
        },
        {
            "time": "04.12.2020 06:28",
            "open": "1.4954",
            "high": "1.4954",
            "low": "1.495",
            "close": "1.4952"
        },
        {
            "time": "04.12.2020 06:32",
            "open": "1.4952",
            "high": "1.4952",
            "low": "1.4952",
            "close": "1.504"
        },
        {
            "time": "04.12.2020 06:34",
            "open": "1.504",
            "high": "1.504",
            "low": "1.504",
            "close": "1.5019"
        },
        {
            "time": "04.12.2020 06:38",
            "open": "1.5019",
            "high": "1.5019",
            "low": "1.5019",
            "close": "1.5015"
        },
        {
            "time": "04.12.2020 06:40",
            "open": "1.5015",
            "high": "1.502",
            "low": "1.5011",
            "close": "1.499"
        },
        {
            "time": "04.12.2020 06:42",
            "open": "1.499",
            "high": "1.499",
            "low": "1.4989",
            "close": "1.4991"
        },
        {
            "time": "04.12.2020 06:44",
            "open": "1.4991",
            "high": "1.503",
            "low": "1.4991",
            "close": "1.506"
        },
        {
            "time": "04.12.2020 06:45",
            "open": "1.506",
            "high": "1.506",
            "low": "1.506",
            "close": "1.5079"
        },
        {
            "time": "04.12.2020 06:47",
            "open": "1.5079",
            "high": "1.5079",
            "low": "1.5071",
            "close": "1.514"
        },
        {
            "time": "04.12.2020 06:50",
            "open": "1.514",
            "high": "1.5366",
            "low": "1.514",
            "close": "1.5354"
        },
        {
            "time": "04.12.2020 06:52",
            "open": "1.5354",
            "high": "1.5354",
            "low": "1.535",
            "close": "1.5348"
        },
        {
            "time": "04.12.2020 06:53",
            "open": "1.5348",
            "high": "1.5348",
            "low": "1.5348",
            "close": "1.5303"
        },
        {
            "time": "04.12.2020 06:54",
            "open": "1.5303",
            "high": "1.5303",
            "low": "1.5303",
            "close": "1.5293"
        },
        {
            "time": "04.12.2020 06:55",
            "open": "1.5293",
            "high": "1.5293",
            "low": "1.5293",
            "close": "1.5293"
        },
        {
            "time": "04.12.2020 06:58",
            "open": "1.5293",
            "high": "1.5293",
            "low": "1.5217",
            "close": "1.5255"
        },
        {
            "time": "04.12.2020 07:09",
            "open": "1.5255",
            "high": "1.5255",
            "low": "1.5255",
            "close": "1.5114"
        },
        {
            "time": "04.12.2020 07:19",
            "open": "1.5114",
            "high": "1.5114",
            "low": "1.5083",
            "close": "1.5155"
        },
        {
            "time": "04.12.2020 07:23",
            "open": "1.5155",
            "high": "1.5156",
            "low": "1.5155",
            "close": "1.517"
        },
        {
            "time": "04.12.2020 07:29",
            "open": "1.517",
            "high": "1.517",
            "low": "1.517",
            "close": "1.517"
        },
        {
            "time": "04.12.2020 07:33",
            "open": "1.517",
            "high": "1.517",
            "low": "1.5156",
            "close": "1.5157"
        },
        {
            "time": "04.12.2020 07:34",
            "open": "1.5157",
            "high": "1.5157",
            "low": "1.5157",
            "close": "1.5108"
        },
        {
            "time": "04.12.2020 07:35",
            "open": "1.5108",
            "high": "1.5108",
            "low": "1.5108",
            "close": "1.5108"
        },
        {
            "time": "04.12.2020 07:36",
            "open": "1.5108",
            "high": "1.5108",
            "low": "1.5108",
            "close": "1.5109"
        },
        {
            "time": "04.12.2020 07:37",
            "open": "1.5109",
            "high": "1.5109",
            "low": "1.5108",
            "close": "1.5083"
        },
        {
            "time": "04.12.2020 07:38",
            "open": "1.5083",
            "high": "1.5083",
            "low": "1.506",
            "close": "1.501"
        },
        {
            "time": "04.12.2020 07:39",
            "open": "1.501",
            "high": "1.501",
            "low": "1.501",
            "close": "1.5052"
        },
        {
            "time": "04.12.2020 07:40",
            "open": "1.5052",
            "high": "1.5052",
            "low": "1.5052",
            "close": "1.5055"
        },
        {
            "time": "04.12.2020 07:42",
            "open": "1.5055",
            "high": "1.5055",
            "low": "1.5055",
            "close": "1.5045"
        },
        {
            "time": "04.12.2020 07:50",
            "open": "1.5045",
            "high": "1.5048",
            "low": "1.5045",
            "close": "1.5008"
        },
        {
            "time": "04.12.2020 07:51",
            "open": "1.5008",
            "high": "1.5014",
            "low": "1.5008",
            "close": "1.5098"
        },
        {
            "time": "04.12.2020 07:55",
            "open": "1.5098",
            "high": "1.5098",
            "low": "1.5098",
            "close": "1.5151"
        },
        {
            "time": "04.12.2020 08:00",
            "open": "1.5151",
            "high": "1.5151",
            "low": "1.5151",
            "close": "1.5055"
        },
        {
            "time": "04.12.2020 08:12",
            "open": "1.5055",
            "high": "1.5055",
            "low": "1.5055",
            "close": "1.5041"
        },
        {
            "time": "04.12.2020 08:14",
            "open": "1.5041",
            "high": "1.5046",
            "low": "1.5041",
            "close": "1.5045"
        },
        {
            "time": "04.12.2020 08:17",
            "open": "1.5045",
            "high": "1.5045",
            "low": "1.5045",
            "close": "1.5016"
        },
        {
            "time": "04.12.2020 08:22",
            "open": "1.5016",
            "high": "1.5016",
            "low": "1.5016",
            "close": "1.5011"
        },
        {
            "time": "04.12.2020 08:24",
            "open": "1.5011",
            "high": "1.5011",
            "low": "1.5011",
            "close": "1.5053"
        },
        {
            "time": "04.12.2020 08:31",
            "open": "1.5053",
            "high": "1.5053",
            "low": "1.5052",
            "close": "1.5054"
        },
        {
            "time": "04.12.2020 08:43",
            "open": "1.5054",
            "high": "1.5058",
            "low": "1.5054",
            "close": "1.5043"
        },
        {
            "time": "04.12.2020 08:52",
            "open": "1.5043",
            "high": "1.5043",
            "low": "1.5043",
            "close": "1.4987"
        },
        {
            "time": "04.12.2020 09:04",
            "open": "1.4987",
            "high": "1.5046",
            "low": "1.4987",
            "close": "1.5048"
        },
        {
            "time": "04.12.2020 09:12",
            "open": "1.5048",
            "high": "1.505",
            "low": "1.5048",
            "close": "1.4977"
        },
        {
            "time": "04.12.2020 09:13",
            "open": "1.4977",
            "high": "1.4977",
            "low": "1.4977",
            "close": "1.5081"
        },
        {
            "time": "04.12.2020 09:21",
            "open": "1.5081",
            "high": "1.5081",
            "low": "1.5081",
            "close": "1.5085"
        },
        {
            "time": "04.12.2020 09:26",
            "open": "1.5085",
            "high": "1.509",
            "low": "1.5085",
            "close": "1.508"
        },
        {
            "time": "04.12.2020 09:27",
            "open": "1.508",
            "high": "1.508",
            "low": "1.508",
            "close": "1.5018"
        },
        {
            "time": "04.12.2020 09:32",
            "open": "1.5018",
            "high": "1.5018",
            "low": "1.501",
            "close": "1.5062"
        },
        {
            "time": "04.12.2020 09:35",
            "open": "1.5062",
            "high": "1.507",
            "low": "1.5062",
            "close": "1.5064"
        },
        {
            "time": "04.12.2020 09:39",
            "open": "1.5064",
            "high": "1.5065",
            "low": "1.5064",
            "close": "1.5059"
        },
        {
            "time": "04.12.2020 09:42",
            "open": "1.5059",
            "high": "1.506",
            "low": "1.5059",
            "close": "1.5059"
        },
        {
            "time": "04.12.2020 09:44",
            "open": "1.5059",
            "high": "1.5061",
            "low": "1.501",
            "close": "1.5061"
        },
        {
            "time": "04.12.2020 09:45",
            "open": "1.5061",
            "high": "1.5061",
            "low": "1.5061",
            "close": "1.5065"
        },
        {
            "time": "04.12.2020 09:46",
            "open": "1.5065",
            "high": "1.5066",
            "low": "1.5065",
            "close": "1.5169"
        },
        {
            "time": "04.12.2020 09:50",
            "open": "1.5169",
            "high": "1.5169",
            "low": "1.5169",
            "close": "1.5185"
        },
        {
            "time": "04.12.2020 09:52",
            "open": "1.5185",
            "high": "1.5232",
            "low": "1.5185",
            "close": "1.5249"
        },
        {
            "time": "04.12.2020 09:58",
            "open": "1.5249",
            "high": "1.5249",
            "low": "1.5249",
            "close": "1.527"
        },
        {
            "time": "04.12.2020 10:02",
            "open": "1.527",
            "high": "1.527",
            "low": "1.527",
            "close": "1.5278"
        },
        {
            "time": "04.12.2020 10:04",
            "open": "1.5278",
            "high": "1.5283",
            "low": "1.5278",
            "close": "1.5263"
        },
        {
            "time": "04.12.2020 10:21",
            "open": "1.5263",
            "high": "1.5263",
            "low": "1.5263",
            "close": "1.5263"
        },
        {
            "time": "04.12.2020 10:22",
            "open": "1.5263",
            "high": "1.5263",
            "low": "1.5263",
            "close": "1.5273"
        },
        {
            "time": "04.12.2020 10:23",
            "open": "1.5273",
            "high": "1.5273",
            "low": "1.5273",
            "close": "1.5262"
        },
        {
            "time": "04.12.2020 10:26",
            "open": "1.5262",
            "high": "1.5262",
            "low": "1.5262",
            "close": "1.5273"
        },
        {
            "time": "04.12.2020 10:33",
            "open": "1.5273",
            "high": "1.5273",
            "low": "1.5273",
            "close": "1.5273"
        },
        {
            "time": "04.12.2020 10:36",
            "open": "1.5273",
            "high": "1.5273",
            "low": "1.5273",
            "close": "1.5273"
        },
        {
            "time": "04.12.2020 10:38",
            "open": "1.5273",
            "high": "1.533",
            "low": "1.5273",
            "close": "1.5263"
        },
        {
            "time": "04.12.2020 10:45",
            "open": "1.5263",
            "high": "1.5263",
            "low": "1.5263",
            "close": "1.5262"
        },
        {
            "time": "04.12.2020 10:47",
            "open": "1.5262",
            "high": "1.5262",
            "low": "1.526",
            "close": "1.5257"
        },
        {
            "time": "04.12.2020 10:49",
            "open": "1.5257",
            "high": "1.5257",
            "low": "1.5257",
            "close": "1.5202"
        },
        {
            "time": "04.12.2020 11:00",
            "open": "1.5202",
            "high": "1.5202",
            "low": "1.516",
            "close": "1.5165"
        },
        {
            "time": "04.12.2020 11:03",
            "open": "1.5165",
            "high": "1.5165",
            "low": "1.5165",
            "close": "1.5167"
        },
        {
            "time": "04.12.2020 11:13",
            "open": "1.5167",
            "high": "1.5167",
            "low": "1.5167",
            "close": "1.5167"
        },
        {
            "time": "04.12.2020 11:14",
            "open": "1.5167",
            "high": "1.5169",
            "low": "1.5161",
            "close": "1.5092"
        },
        {
            "time": "04.12.2020 11:17",
            "open": "1.5092",
            "high": "1.5146",
            "low": "1.5092",
            "close": "1.506"
        },
        {
            "time": "04.12.2020 11:22",
            "open": "1.506",
            "high": "1.506",
            "low": "1.506",
            "close": "1.5046"
        },
        {
            "time": "04.12.2020 11:25",
            "open": "1.5046",
            "high": "1.5046",
            "low": "1.5046",
            "close": "1.5046"
        },
        {
            "time": "04.12.2020 11:35",
            "open": "1.5046",
            "high": "1.5046",
            "low": "1.5046",
            "close": "1.5"
        },
        {
            "time": "04.12.2020 11:44",
            "open": "1.5",
            "high": "1.5",
            "low": "1.5",
            "close": "1.5044"
        },
        {
            "time": "04.12.2020 11:45",
            "open": "1.5044",
            "high": "1.5044",
            "low": "1.5044",
            "close": "1.5044"
        },
        {
            "time": "04.12.2020 11:56",
            "open": "1.5044",
            "high": "1.5044",
            "low": "1.5044",
            "close": "1.5002"
        },
        {
            "time": "04.12.2020 11:57",
            "open": "1.5002",
            "high": "1.5002",
            "low": "1.5002",
            "close": "1.5044"
        },
        {
            "time": "04.12.2020 12:06",
            "open": "1.5044",
            "high": "1.5046",
            "low": "1.5044",
            "close": "1.5046"
        },
        {
            "time": "04.12.2020 12:07",
            "open": "1.5046",
            "high": "1.5046",
            "low": "1.5046",
            "close": "1.5001"
        },
        {
            "time": "04.12.2020 12:10",
            "open": "1.5001",
            "high": "1.5001",
            "low": "1.4994",
            "close": "1.5004"
        },
        {
            "time": "04.12.2020 12:14",
            "open": "1.5004",
            "high": "1.5004",
            "low": "1.5004",
            "close": "1.5004"
        },
        {
            "time": "04.12.2020 12:15",
            "open": "1.5004",
            "high": "1.5004",
            "low": "1.5004",
            "close": "1.5046"
        },
        {
            "time": "04.12.2020 12:22",
            "open": "1.5046",
            "high": "1.5046",
            "low": "1.5046",
            "close": "1.5042"
        },
        {
            "time": "04.12.2020 12:26",
            "open": "1.5042",
            "high": "1.5046",
            "low": "1.5042",
            "close": "1.5102"
        },
        {
            "time": "04.12.2020 12:31",
            "open": "1.5102",
            "high": "1.5102",
            "low": "1.5102",
            "close": "1.5227"
        },
        {
            "time": "04.12.2020 12:35",
            "open": "1.5227",
            "high": "1.5227",
            "low": "1.5227",
            "close": "1.5169"
        },
        {
            "time": "04.12.2020 13:05",
            "open": "1.5169",
            "high": "1.5169",
            "low": "1.5169",
            "close": "1.5001"
        },
        {
            "time": "04.12.2020 13:13",
            "open": "1.5001",
            "high": "1.5001",
            "low": "1.5001",
            "close": "1.5"
        },
        {
            "time": "04.12.2020 13:15",
            "open": "1.5",
            "high": "1.5",
            "low": "1.5",
            "close": "1.5001"
        },
        {
            "time": "04.12.2020 13:18",
            "open": "1.5001",
            "high": "1.5001",
            "low": "1.5001",
            "close": "1.5015"
        },
        {
            "time": "04.12.2020 13:25",
            "open": "1.5015",
            "high": "1.5015",
            "low": "1.5015",
            "close": "1.5089"
        },
        {
            "time": "04.12.2020 13:26",
            "open": "1.5089",
            "high": "1.509",
            "low": "1.5089",
            "close": "1.5089"
        },
        {
            "time": "04.12.2020 13:34",
            "open": "1.5089",
            "high": "1.5089",
            "low": "1.5089",
            "close": "1.5069"
        },
        {
            "time": "04.12.2020 13:38",
            "open": "1.5069",
            "high": "1.5069",
            "low": "1.5069",
            "close": "1.504"
        },
        {
            "time": "04.12.2020 13:40",
            "open": "1.504",
            "high": "1.5048",
            "low": "1.4984",
            "close": "1.5038"
        },
        {
            "time": "04.12.2020 13:41",
            "open": "1.5038",
            "high": "1.5038",
            "low": "1.5038",
            "close": "1.5054"
        },
        {
            "time": "04.12.2020 13:44",
            "open": "1.5054",
            "high": "1.506",
            "low": "1.5054",
            "close": "1.4992"
        },
        {
            "time": "04.12.2020 13:49",
            "open": "1.4992",
            "high": "1.4992",
            "low": "1.4992",
            "close": "1.5071"
        },
        {
            "time": "04.12.2020 14:00",
            "open": "1.5071",
            "high": "1.5074",
            "low": "1.5071",
            "close": "1.5058"
        },
        {
            "time": "04.12.2020 14:07",
            "open": "1.5058",
            "high": "1.507",
            "low": "1.5058",
            "close": "1.5057"
        },
        {
            "time": "04.12.2020 14:17",
            "open": "1.5057",
            "high": "1.506",
            "low": "1.5057",
            "close": "1.4992"
        },
        {
            "time": "04.12.2020 14:22",
            "open": "1.4992",
            "high": "1.4992",
            "low": "1.4962",
            "close": "1.4989"
        },
        {
            "time": "04.12.2020 14:23",
            "open": "1.4989",
            "high": "1.499",
            "low": "1.4956",
            "close": "1.4985"
        },
        {
            "time": "04.12.2020 14:25",
            "open": "1.4985",
            "high": "1.4985",
            "low": "1.4984",
            "close": "1.5015"
        },
        {
            "time": "04.12.2020 14:29",
            "open": "1.5015",
            "high": "1.5015",
            "low": "1.5015",
            "close": "1.5015"
        },
        {
            "time": "04.12.2020 14:30",
            "open": "1.5015",
            "high": "1.5015",
            "low": "1.4994",
            "close": "1.5061"
        },
        {
            "time": "04.12.2020 14:32",
            "open": "1.5061",
            "high": "1.5061",
            "low": "1.4994",
            "close": "1.4994"
        },
        {
            "time": "04.12.2020 14:33",
            "open": "1.4994",
            "high": "1.4994",
            "low": "1.4994",
            "close": "1.5034"
        },
        {
            "time": "04.12.2020 14:50",
            "open": "1.5034",
            "high": "1.5034",
            "low": "1.5034",
            "close": "1.501"
        },
        {
            "time": "04.12.2020 14:56",
            "open": "1.501",
            "high": "1.501",
            "low": "1.501",
            "close": "1.5012"
        },
        {
            "time": "04.12.2020 14:57",
            "open": "1.5012",
            "high": "1.5012",
            "low": "1.5012",
            "close": "1.5049"
        },
        {
            "time": "04.12.2020 15:12",
            "open": "1.5049",
            "high": "1.5056",
            "low": "1.5049",
            "close": "1.4982"
        },
        {
            "time": "04.12.2020 15:15",
            "open": "1.4982",
            "high": "1.4982",
            "low": "1.4982",
            "close": "1.5017"
        },
        {
            "time": "04.12.2020 15:20",
            "open": "1.5017",
            "high": "1.5053",
            "low": "1.5017",
            "close": "1.5185"
        },
        {
            "time": "04.12.2020 15:24",
            "open": "1.5185",
            "high": "1.5185",
            "low": "1.5184",
            "close": "1.5249"
        },
        {
            "time": "04.12.2020 15:25",
            "open": "1.5249",
            "high": "1.525",
            "low": "1.5249",
            "close": "1.5195"
        },
        {
            "time": "04.12.2020 15:29",
            "open": "1.5195",
            "high": "1.5195",
            "low": "1.5195",
            "close": "1.5184"
        },
        {
            "time": "04.12.2020 15:30",
            "open": "1.5184",
            "high": "1.5184",
            "low": "1.5184",
            "close": "1.5221"
        },
        {
            "time": "04.12.2020 15:32",
            "open": "1.5221",
            "high": "1.5221",
            "low": "1.5221",
            "close": "1.5284"
        },
        {
            "time": "04.12.2020 15:39",
            "open": "1.5284",
            "high": "1.5309",
            "low": "1.5284",
            "close": "1.5302"
        },
        {
            "time": "04.12.2020 15:41",
            "open": "1.5302",
            "high": "1.5302",
            "low": "1.524",
            "close": "1.533"
        },
        {
            "time": "04.12.2020 15:42",
            "open": "1.533",
            "high": "1.533",
            "low": "1.533",
            "close": "1.532"
        },
        {
            "time": "04.12.2020 15:43",
            "open": "1.532",
            "high": "1.532",
            "low": "1.532",
            "close": "1.5334"
        },
        {
            "time": "04.12.2020 15:44",
            "open": "1.5334",
            "high": "1.5334",
            "low": "1.5334",
            "close": "1.5375"
        },
        {
            "time": "04.12.2020 15:46",
            "open": "1.5375",
            "high": "1.5375",
            "low": "1.5375",
            "close": "1.5387"
        },
        {
            "time": "04.12.2020 15:47",
            "open": "1.5387",
            "high": "1.54",
            "low": "1.5387",
            "close": "1.5301"
        },
        {
            "time": "04.12.2020 15:50",
            "open": "1.5301",
            "high": "1.5301",
            "low": "1.5301",
            "close": "1.5233"
        },
        {
            "time": "04.12.2020 15:52",
            "open": "1.5233",
            "high": "1.5273",
            "low": "1.5218",
            "close": "1.5273"
        },
        {
            "time": "04.12.2020 15:53",
            "open": "1.5273",
            "high": "1.5273",
            "low": "1.5273",
            "close": "1.5407"
        },
        {
            "time": "04.12.2020 15:55",
            "open": "1.5407",
            "high": "1.5407",
            "low": "1.5407",
            "close": "1.5361"
        },
        {
            "time": "04.12.2020 16:00",
            "open": "1.5361",
            "high": "1.5361",
            "low": "1.536",
            "close": "1.5402"
        },
        {
            "time": "04.12.2020 16:02",
            "open": "1.5402",
            "high": "1.5403",
            "low": "1.5402",
            "close": "1.536"
        },
        {
            "time": "04.12.2020 16:03",
            "open": "1.536",
            "high": "1.5404",
            "low": "1.536",
            "close": "1.5399"
        },
        {
            "time": "04.12.2020 16:04",
            "open": "1.5399",
            "high": "1.5399",
            "low": "1.5399",
            "close": "1.5371"
        },
        {
            "time": "04.12.2020 16:05",
            "open": "1.5371",
            "high": "1.5371",
            "low": "1.5342",
            "close": "1.5204"
        },
        {
            "time": "04.12.2020 16:06",
            "open": "1.5204",
            "high": "1.5204",
            "low": "1.5204",
            "close": "1.5249"
        },
        {
            "time": "04.12.2020 16:07",
            "open": "1.5249",
            "high": "1.525",
            "low": "1.5202",
            "close": "1.5254"
        },
        {
            "time": "04.12.2020 16:08",
            "open": "1.5254",
            "high": "1.5268",
            "low": "1.5254",
            "close": "1.5224"
        },
        {
            "time": "04.12.2020 16:10",
            "open": "1.5224",
            "high": "1.5238",
            "low": "1.5224",
            "close": "1.5242"
        },
        {
            "time": "04.12.2020 16:11",
            "open": "1.5242",
            "high": "1.5242",
            "low": "1.5242",
            "close": "1.5325"
        },
        {
            "time": "04.12.2020 16:16",
            "open": "1.5325",
            "high": "1.5325",
            "low": "1.527",
            "close": "1.5313"
        },
        {
            "time": "04.12.2020 16:17",
            "open": "1.5313",
            "high": "1.5313",
            "low": "1.5313",
            "close": "1.5341"
        },
        {
            "time": "04.12.2020 16:25",
            "open": "1.5341",
            "high": "1.5341",
            "low": "1.5341",
            "close": "1.5233"
        },
        {
            "time": "04.12.2020 16:30",
            "open": "1.5233",
            "high": "1.5233",
            "low": "1.5211",
            "close": "1.519"
        },
        {
            "time": "04.12.2020 16:34",
            "open": "1.519",
            "high": "1.519",
            "low": "1.519",
            "close": "1.5267"
        },
        {
            "time": "04.12.2020 16:39",
            "open": "1.5267",
            "high": "1.5267",
            "low": "1.5267",
            "close": "1.5173"
        },
        {
            "time": "04.12.2020 16:40",
            "open": "1.5173",
            "high": "1.5173",
            "low": "1.5173",
            "close": "1.512"
        },
        {
            "time": "04.12.2020 16:46",
            "open": "1.512",
            "high": "1.512",
            "low": "1.512",
            "close": "1.5145"
        },
        {
            "time": "04.12.2020 16:50",
            "open": "1.5145",
            "high": "1.5145",
            "low": "1.5145",
            "close": "1.5145"
        },
        {
            "time": "04.12.2020 16:52",
            "open": "1.5145",
            "high": "1.5145",
            "low": "1.5145",
            "close": "1.5221"
        },
        {
            "time": "04.12.2020 16:56",
            "open": "1.5221",
            "high": "1.5222",
            "low": "1.5221",
            "close": "1.5151"
        },
        {
            "time": "04.12.2020 16:57",
            "open": "1.5151",
            "high": "1.5151",
            "low": "1.5151",
            "close": "1.5181"
        },
        {
            "time": "04.12.2020 17:04",
            "open": "1.5181",
            "high": "1.5196",
            "low": "1.5181",
            "close": "1.513"
        },
        {
            "time": "04.12.2020 17:07",
            "open": "1.513",
            "high": "1.513",
            "low": "1.513",
            "close": "1.5125"
        },
        {
            "time": "04.12.2020 17:10",
            "open": "1.5125",
            "high": "1.5182",
            "low": "1.5102",
            "close": "1.5112"
        },
        {
            "time": "04.12.2020 17:15",
            "open": "1.5112",
            "high": "1.5112",
            "low": "1.5111",
            "close": "1.506"
        },
        {
            "time": "04.12.2020 17:18",
            "open": "1.506",
            "high": "1.506",
            "low": "1.506",
            "close": "1.4985"
        },
        {
            "time": "04.12.2020 17:19",
            "open": "1.4985",
            "high": "1.4985",
            "low": "1.4985",
            "close": "1.5036"
        },
        {
            "time": "04.12.2020 17:26",
            "open": "1.5036",
            "high": "1.5036",
            "low": "1.5036",
            "close": "1.504"
        },
        {
            "time": "04.12.2020 17:27",
            "open": "1.504",
            "high": "1.504",
            "low": "1.504",
            "close": "1.504"
        },
        {
            "time": "04.12.2020 17:30",
            "open": "1.504",
            "high": "1.504",
            "low": "1.504",
            "close": "1.504"
        },
        {
            "time": "04.12.2020 17:33",
            "open": "1.504",
            "high": "1.5041",
            "low": "1.504",
            "close": "1.5069"
        },
        {
            "time": "04.12.2020 17:34",
            "open": "1.5069",
            "high": "1.5069",
            "low": "1.5067",
            "close": "1.5062"
        },
        {
            "time": "04.12.2020 17:35",
            "open": "1.5062",
            "high": "1.5067",
            "low": "1.506",
            "close": "1.504"
        },
        {
            "time": "04.12.2020 17:37",
            "open": "1.504",
            "high": "1.504",
            "low": "1.504",
            "close": "1.5003"
        },
        {
            "time": "04.12.2020 17:38",
            "open": "1.5003",
            "high": "1.504",
            "low": "1.4991",
            "close": "1.5052"
        },
        {
            "time": "04.12.2020 17:39",
            "open": "1.5052",
            "high": "1.5052",
            "low": "1.5052",
            "close": "1.4972"
        },
        {
            "time": "04.12.2020 17:40",
            "open": "1.4972",
            "high": "1.5053",
            "low": "1.4972",
            "close": "1.4996"
        },
        {
            "time": "04.12.2020 17:42",
            "open": "1.4996",
            "high": "1.5007",
            "low": "1.4971",
            "close": "1.497"
        },
        {
            "time": "04.12.2020 17:43",
            "open": "1.497",
            "high": "1.5027",
            "low": "1.4962",
            "close": "1.4967"
        },
        {
            "time": "04.12.2020 17:44",
            "open": "1.4967",
            "high": "1.5016",
            "low": "1.4963",
            "close": "1.4966"
        },
        {
            "time": "04.12.2020 17:47",
            "open": "1.4966",
            "high": "1.5009",
            "low": "1.4966",
            "close": "1.4965"
        },
        {
            "time": "04.12.2020 17:48",
            "open": "1.4965",
            "high": "1.5014",
            "low": "1.4965",
            "close": "1.4965"
        },
        {
            "time": "04.12.2020 17:51",
            "open": "1.4965",
            "high": "1.5007",
            "low": "1.4965",
            "close": "1.4965"
        },
        {
            "time": "04.12.2020 17:52",
            "open": "1.4965",
            "high": "1.5018",
            "low": "1.4882",
            "close": "1.49"
        },
        {
            "time": "04.12.2020 17:53",
            "open": "1.49",
            "high": "1.49",
            "low": "1.49",
            "close": "1.4901"
        },
        {
            "time": "04.12.2020 17:54",
            "open": "1.4901",
            "high": "1.4907",
            "low": "1.4901",
            "close": "1.4911"
        },
        {
            "time": "04.12.2020 17:55",
            "open": "1.4911",
            "high": "1.492",
            "low": "1.4911",
            "close": "1.491"
        },
        {
            "time": "04.12.2020 17:56",
            "open": "1.491",
            "high": "1.491",
            "low": "1.491",
            "close": "1.4911"
        },
        {
            "time": "04.12.2020 17:57",
            "open": "1.4911",
            "high": "1.4911",
            "low": "1.4911",
            "close": "1.4943"
        },
        {
            "time": "04.12.2020 17:59",
            "open": "1.4943",
            "high": "1.4944",
            "low": "1.4943",
            "close": "1.5013"
        },
        {
            "time": "04.12.2020 18:03",
            "open": "1.5013",
            "high": "1.5013",
            "low": "1.5013",
            "close": "1.4964"
        },
        {
            "time": "04.12.2020 18:05",
            "open": "1.4964",
            "high": "1.4964",
            "low": "1.4955",
            "close": "1.4961"
        },
        {
            "time": "04.12.2020 18:06",
            "open": "1.4961",
            "high": "1.4961",
            "low": "1.4961",
            "close": "1.5017"
        },
        {
            "time": "04.12.2020 18:12",
            "open": "1.5017",
            "high": "1.5017",
            "low": "1.5017",
            "close": "1.496"
        },
        {
            "time": "04.12.2020 18:25",
            "open": "1.496",
            "high": "1.496",
            "low": "1.496",
            "close": "1.4902"
        },
        {
            "time": "04.12.2020 18:26",
            "open": "1.4902",
            "high": "1.4902",
            "low": "1.4902",
            "close": "1.4889"
        },
        {
            "time": "04.12.2020 18:27",
            "open": "1.4889",
            "high": "1.494",
            "low": "1.4885",
            "close": "1.4871"
        },
        {
            "time": "04.12.2020 18:34",
            "open": "1.4871",
            "high": "1.4871",
            "low": "1.4871",
            "close": "1.4891"
        },
        {
            "time": "04.12.2020 18:35",
            "open": "1.4891",
            "high": "1.4891",
            "low": "1.4891",
            "close": "1.4871"
        },
        {
            "time": "04.12.2020 18:36",
            "open": "1.4871",
            "high": "1.4871",
            "low": "1.4871",
            "close": "1.4869"
        },
        {
            "time": "04.12.2020 18:38",
            "open": "1.4869",
            "high": "1.4869",
            "low": "1.4866",
            "close": "1.4874"
        },
        {
            "time": "04.12.2020 18:41",
            "open": "1.4874",
            "high": "1.4884",
            "low": "1.4874",
            "close": "1.489"
        },
        {
            "time": "04.12.2020 18:42",
            "open": "1.489",
            "high": "1.4891",
            "low": "1.489",
            "close": "1.4866"
        },
        {
            "time": "04.12.2020 18:43",
            "open": "1.4866",
            "high": "1.4866",
            "low": "1.4866",
            "close": "1.4915"
        },
        {
            "time": "04.12.2020 18:48",
            "open": "1.4915",
            "high": "1.4916",
            "low": "1.4915",
            "close": "1.4879"
        },
        {
            "time": "04.12.2020 18:50",
            "open": "1.4879",
            "high": "1.4879",
            "low": "1.4879",
            "close": "1.4929"
        },
        {
            "time": "04.12.2020 18:51",
            "open": "1.4929",
            "high": "1.4929",
            "low": "1.4929",
            "close": "1.4938"
        },
        {
            "time": "04.12.2020 18:55",
            "open": "1.4938",
            "high": "1.4938",
            "low": "1.4938",
            "close": "1.4945"
        },
        {
            "time": "04.12.2020 19:02",
            "open": "1.4945",
            "high": "1.4948",
            "low": "1.4945",
            "close": "1.495"
        },
        {
            "time": "04.12.2020 19:07",
            "open": "1.495",
            "high": "1.495",
            "low": "1.495",
            "close": "1.4892"
        },
        {
            "time": "04.12.2020 19:09",
            "open": "1.4892",
            "high": "1.4892",
            "low": "1.4892",
            "close": "1.4928"
        },
        {
            "time": "04.12.2020 19:21",
            "open": "1.4928",
            "high": "1.4928",
            "low": "1.4928",
            "close": "1.4938"
        },
        {
            "time": "04.12.2020 19:22",
            "open": "1.4938",
            "high": "1.4938",
            "low": "1.4938",
            "close": "1.4938"
        },
        {
            "time": "04.12.2020 19:23",
            "open": "1.4938",
            "high": "1.4938",
            "low": "1.4938",
            "close": "1.4962"
        },
        {
            "time": "04.12.2020 19:27",
            "open": "1.4962",
            "high": "1.4962",
            "low": "1.4962",
            "close": "1.494"
        },
        {
            "time": "04.12.2020 19:32",
            "open": "1.494",
            "high": "1.494",
            "low": "1.494",
            "close": "1.5008"
        },
        {
            "time": "04.12.2020 19:33",
            "open": "1.5008",
            "high": "1.504",
            "low": "1.5008",
            "close": "1.501"
        },
        {
            "time": "04.12.2020 19:36",
            "open": "1.501",
            "high": "1.501",
            "low": "1.501",
            "close": "1.5012"
        },
        {
            "time": "04.12.2020 19:43",
            "open": "1.5012",
            "high": "1.5016",
            "low": "1.5012",
            "close": "1.5012"
        },
        {
            "time": "04.12.2020 19:50",
            "open": "1.5012",
            "high": "1.5012",
            "low": "1.5012",
            "close": "1.506"
        },
        {
            "time": "04.12.2020 20:03",
            "open": "1.506",
            "high": "1.51",
            "low": "1.506",
            "close": "1.5023"
        },
        {
            "time": "04.12.2020 20:04",
            "open": "1.5023",
            "high": "1.5025",
            "low": "1.5022",
            "close": "1.5088"
        },
        {
            "time": "04.12.2020 20:05",
            "open": "1.5088",
            "high": "1.5088",
            "low": "1.5088",
            "close": "1.5058"
        },
        {
            "time": "04.12.2020 20:06",
            "open": "1.5058",
            "high": "1.5066",
            "low": "1.5058",
            "close": "1.4996"
        },
        {
            "time": "04.12.2020 20:09",
            "open": "1.4996",
            "high": "1.5044",
            "low": "1.4996",
            "close": "1.5004"
        },
        {
            "time": "04.12.2020 20:24",
            "open": "1.5004",
            "high": "1.5008",
            "low": "1.5004",
            "close": "1.4941"
        },
        {
            "time": "04.12.2020 20:33",
            "open": "1.4941",
            "high": "1.4941",
            "low": "1.4941",
            "close": "1.5004"
        },
        {
            "time": "04.12.2020 20:34",
            "open": "1.5004",
            "high": "1.5018",
            "low": "1.5004",
            "close": "1.4955"
        },
        {
            "time": "04.12.2020 20:38",
            "open": "1.4955",
            "high": "1.4955",
            "low": "1.4955",
            "close": "1.5005"
        },
        {
            "time": "04.12.2020 20:48",
            "open": "1.5005",
            "high": "1.5005",
            "low": "1.5005",
            "close": "1.5005"
        },
        {
            "time": "04.12.2020 20:55",
            "open": "1.5005",
            "high": "1.5008",
            "low": "1.5005",
            "close": "1.5009"
        },
        {
            "time": "04.12.2020 21:03",
            "open": "1.5009",
            "high": "1.501",
            "low": "1.5009",
            "close": "1.5009"
        },
        {
            "time": "04.12.2020 21:04",
            "open": "1.5009",
            "high": "1.5009",
            "low": "1.5009",
            "close": "1.4973"
        },
        {
            "time": "04.12.2020 21:05",
            "open": "1.4973",
            "high": "1.4973",
            "low": "1.497",
            "close": "1.4976"
        },
        {
            "time": "04.12.2020 21:07",
            "open": "1.4976",
            "high": "1.498",
            "low": "1.4976",
            "close": "1.4979"
        },
        {
            "time": "04.12.2020 21:09",
            "open": "1.4979",
            "high": "1.4988",
            "low": "1.4979",
            "close": "1.4956"
        },
        {
            "time": "04.12.2020 21:10",
            "open": "1.4956",
            "high": "1.4956",
            "low": "1.4956",
            "close": "1.4956"
        },
        {
            "time": "04.12.2020 21:14",
            "open": "1.4956",
            "high": "1.4956",
            "low": "1.4956",
            "close": "1.4956"
        },
        {
            "time": "04.12.2020 21:15",
            "open": "1.4956",
            "high": "1.4956",
            "low": "1.4956",
            "close": "1.4954"
        },
        {
            "time": "04.12.2020 21:16",
            "open": "1.4954",
            "high": "1.4954",
            "low": "1.4954",
            "close": "1.4954"
        },
        {
            "time": "04.12.2020 21:19",
            "open": "1.4954",
            "high": "1.4954",
            "low": "1.492",
            "close": "1.4956"
        },
        {
            "time": "04.12.2020 21:20",
            "open": "1.4956",
            "high": "1.4956",
            "low": "1.4956",
            "close": "1.5016"
        },
        {
            "time": "04.12.2020 21:21",
            "open": "1.5016",
            "high": "1.5016",
            "low": "1.5016",
            "close": "1.4963"
        },
        {
            "time": "04.12.2020 21:22",
            "open": "1.4963",
            "high": "1.4963",
            "low": "1.4963",
            "close": "1.4963"
        },
        {
            "time": "04.12.2020 21:23",
            "open": "1.4963",
            "high": "1.4963",
            "low": "1.4962",
            "close": "1.4923"
        },
        {
            "time": "04.12.2020 21:25",
            "open": "1.4923",
            "high": "1.4923",
            "low": "1.492",
            "close": "1.5039"
        },
        {
            "time": "04.12.2020 21:28",
            "open": "1.5039",
            "high": "1.504",
            "low": "1.5039",
            "close": "1.4958"
        },
        {
            "time": "04.12.2020 21:35",
            "open": "1.4958",
            "high": "1.497",
            "low": "1.4957",
            "close": "1.494"
        },
        {
            "time": "04.12.2020 21:39",
            "open": "1.494",
            "high": "1.494",
            "low": "1.494",
            "close": "1.4895"
        },
        {
            "time": "04.12.2020 21:40",
            "open": "1.4895",
            "high": "1.492",
            "low": "1.4865",
            "close": "1.4865"
        },
        {
            "time": "04.12.2020 21:41",
            "open": "1.4865",
            "high": "1.4865",
            "low": "1.4865",
            "close": "1.4865"
        },
        {
            "time": "04.12.2020 21:42",
            "open": "1.4865",
            "high": "1.4865",
            "low": "1.4865",
            "close": "1.4866"
        },
        {
            "time": "04.12.2020 21:43",
            "open": "1.4866",
            "high": "1.4866",
            "low": "1.4866",
            "close": "1.4887"
        },
        {
            "time": "04.12.2020 21:44",
            "open": "1.4887",
            "high": "1.4898",
            "low": "1.4866",
            "close": "1.4866"
        },
        {
            "time": "04.12.2020 21:45",
            "open": "1.4866",
            "high": "1.4866",
            "low": "1.4866",
            "close": "1.4866"
        },
        {
            "time": "04.12.2020 21:46",
            "open": "1.4866",
            "high": "1.4867",
            "low": "1.4865",
            "close": "1.4865"
        },
        {
            "time": "04.12.2020 21:47",
            "open": "1.4865",
            "high": "1.4865",
            "low": "1.4865",
            "close": "1.4871"
        },
        {
            "time": "04.12.2020 21:48",
            "open": "1.4871",
            "high": "1.4871",
            "low": "1.4871",
            "close": "1.4936"
        },
        {
            "time": "04.12.2020 21:50",
            "open": "1.4936",
            "high": "1.4936",
            "low": "1.4936",
            "close": "1.4987"
        },
        {
            "time": "04.12.2020 21:52",
            "open": "1.4987",
            "high": "1.4987",
            "low": "1.4987",
            "close": "1.5"
        },
        {
            "time": "04.12.2020 21:53",
            "open": "1.5",
            "high": "1.5008",
            "low": "1.499",
            "close": "1.4926"
        },
        {
            "time": "04.12.2020 21:57",
            "open": "1.4926",
            "high": "1.4926",
            "low": "1.4926",
            "close": "1.49"
        },
        {
            "time": "04.12.2020 22:00",
            "open": "1.49",
            "high": "1.49",
            "low": "1.4867",
            "close": "1.4875"
        },
        {
            "time": "04.12.2020 22:02",
            "open": "1.4875",
            "high": "1.4883",
            "low": "1.487",
            "close": "1.4929"
        },
        {
            "time": "04.12.2020 22:06",
            "open": "1.4929",
            "high": "1.4929",
            "low": "1.4929",
            "close": "1.492"
        },
        {
            "time": "04.12.2020 22:09",
            "open": "1.492",
            "high": "1.494",
            "low": "1.492",
            "close": "1.494"
        },
        {
            "time": "04.12.2020 22:12",
            "open": "1.494",
            "high": "1.4978",
            "low": "1.4929",
            "close": "1.4884"
        },
        {
            "time": "04.12.2020 22:13",
            "open": "1.4884",
            "high": "1.4884",
            "low": "1.4884",
            "close": "1.4895"
        },
        {
            "time": "04.12.2020 22:14",
            "open": "1.4895",
            "high": "1.4895",
            "low": "1.489",
            "close": "1.4895"
        },
        {
            "time": "04.12.2020 22:15",
            "open": "1.4895",
            "high": "1.4895",
            "low": "1.489",
            "close": "1.4897"
        },
        {
            "time": "04.12.2020 22:16",
            "open": "1.4897",
            "high": "1.4897",
            "low": "1.4897",
            "close": "1.4958"
        },
        {
            "time": "04.12.2020 22:17",
            "open": "1.4958",
            "high": "1.4958",
            "low": "1.4854",
            "close": "1.4861"
        },
        {
            "time": "04.12.2020 22:19",
            "open": "1.4861",
            "high": "1.4861",
            "low": "1.4861",
            "close": "1.4861"
        },
        {
            "time": "04.12.2020 22:24",
            "open": "1.4861",
            "high": "1.4958",
            "low": "1.4841",
            "close": "1.4914"
        },
        {
            "time": "04.12.2020 22:25",
            "open": "1.4914",
            "high": "1.4914",
            "low": "1.4914",
            "close": "1.4899"
        },
        {
            "time": "04.12.2020 22:26",
            "open": "1.4899",
            "high": "1.4899",
            "low": "1.4899",
            "close": "1.4849"
        },
        {
            "time": "04.12.2020 22:27",
            "open": "1.4849",
            "high": "1.4849",
            "low": "1.4849",
            "close": "1.4915"
        },
        {
            "time": "04.12.2020 22:28",
            "open": "1.4915",
            "high": "1.492",
            "low": "1.4915",
            "close": "1.492"
        },
        {
            "time": "04.12.2020 22:32",
            "open": "1.492",
            "high": "1.492",
            "low": "1.492",
            "close": "1.496"
        },
        {
            "time": "04.12.2020 22:33",
            "open": "1.496",
            "high": "1.496",
            "low": "1.494",
            "close": "1.496"
        },
        {
            "time": "04.12.2020 22:35",
            "open": "1.496",
            "high": "1.4999",
            "low": "1.4959",
            "close": "1.4885"
        },
        {
            "time": "04.12.2020 22:37",
            "open": "1.4885",
            "high": "1.4885",
            "low": "1.4885",
            "close": "1.4899"
        },
        {
            "time": "04.12.2020 22:38",
            "open": "1.4899",
            "high": "1.501",
            "low": "1.4896",
            "close": "1.4943"
        },
        {
            "time": "04.12.2020 22:39",
            "open": "1.4943",
            "high": "1.4943",
            "low": "1.4884",
            "close": "1.4946"
        },
        {
            "time": "04.12.2020 22:43",
            "open": "1.4946",
            "high": "1.4946",
            "low": "1.4946",
            "close": "1.5009"
        },
        {
            "time": "04.12.2020 22:44",
            "open": "1.5009",
            "high": "1.501",
            "low": "1.5009",
            "close": "1.4954"
        },
        {
            "time": "04.12.2020 22:50",
            "open": "1.4954",
            "high": "1.4956",
            "low": "1.4928",
            "close": "1.4849"
        },
        {
            "time": "04.12.2020 22:51",
            "open": "1.4849",
            "high": "1.4849",
            "low": "1.4849",
            "close": "1.4839"
        },
        {
            "time": "04.12.2020 22:52",
            "open": "1.4839",
            "high": "1.4839",
            "low": "1.48",
            "close": "1.48"
        },
        {
            "time": "04.12.2020 22:53",
            "open": "1.48",
            "high": "1.48",
            "low": "1.475",
            "close": "1.4733"
        },
        {
            "time": "04.12.2020 22:54",
            "open": "1.4733",
            "high": "1.4733",
            "low": "1.47",
            "close": "1.4692"
        },
        {
            "time": "04.12.2020 22:55",
            "open": "1.4692",
            "high": "1.4692",
            "low": "1.468",
            "close": "1.47"
        },
        {
            "time": "04.12.2020 22:56",
            "open": "1.47",
            "high": "1.4727",
            "low": "1.47",
            "close": "1.4739"
        },
        {
            "time": "04.12.2020 22:57",
            "open": "1.4739",
            "high": "1.4744",
            "low": "1.4739",
            "close": "1.4807"
        },
        {
            "time": "04.12.2020 23:01",
            "open": "1.4807",
            "high": "1.4807",
            "low": "1.4807",
            "close": "1.4871"
        },
        {
            "time": "04.12.2020 23:03",
            "open": "1.4871",
            "high": "1.4881",
            "low": "1.4871",
            "close": "1.4886"
        },
        {
            "time": "04.12.2020 23:04",
            "open": "1.4886",
            "high": "1.4887",
            "low": "1.4886",
            "close": "1.4867"
        },
        {
            "time": "04.12.2020 23:07",
            "open": "1.4867",
            "high": "1.4867",
            "low": "1.4867",
            "close": "1.476"
        },
        {
            "time": "04.12.2020 23:09",
            "open": "1.476",
            "high": "1.4765",
            "low": "1.476",
            "close": "1.4803"
        },
        {
            "time": "04.12.2020 23:10",
            "open": "1.4803",
            "high": "1.4803",
            "low": "1.48",
            "close": "1.4883"
        },
        {
            "time": "04.12.2020 23:11",
            "open": "1.4883",
            "high": "1.4883",
            "low": "1.4883",
            "close": "1.4922"
        },
        {
            "time": "04.12.2020 23:12",
            "open": "1.4922",
            "high": "1.4922",
            "low": "1.4922",
            "close": "1.482"
        },
        {
            "time": "04.12.2020 23:18",
            "open": "1.482",
            "high": "1.482",
            "low": "1.481",
            "close": "1.4847"
        },
        {
            "time": "04.12.2020 23:19",
            "open": "1.4847",
            "high": "1.4847",
            "low": "1.4847",
            "close": "1.4843"
        },
        {
            "time": "04.12.2020 23:20",
            "open": "1.4843",
            "high": "1.4843",
            "low": "1.4843",
            "close": "1.4838"
        },
        {
            "time": "04.12.2020 23:26",
            "open": "1.4838",
            "high": "1.4839",
            "low": "1.4838",
            "close": "1.4761"
        },
        {
            "time": "04.12.2020 23:30",
            "open": "1.4761",
            "high": "1.4761",
            "low": "1.4761",
            "close": "1.4693"
        },
        {
            "time": "04.12.2020 23:33",
            "open": "1.4693",
            "high": "1.4693",
            "low": "1.469",
            "close": "1.4752"
        },
        {
            "time": "04.12.2020 23:34",
            "open": "1.4752",
            "high": "1.4754",
            "low": "1.4752",
            "close": "1.4685"
        },
        {
            "time": "04.12.2020 23:35",
            "open": "1.4685",
            "high": "1.4685",
            "low": "1.4685",
            "close": "1.4734"
        },
        {
            "time": "04.12.2020 23:41",
            "open": "1.4734",
            "high": "1.4734",
            "low": "1.4725",
            "close": "1.469"
        },
        {
            "time": "04.12.2020 23:43",
            "open": "1.469",
            "high": "1.469",
            "low": "1.469",
            "close": "1.4683"
        },
        {
            "time": "04.12.2020 23:44",
            "open": "1.4683",
            "high": "1.4683",
            "low": "1.4683",
            "close": "1.4727"
        },
        {
            "time": "04.12.2020 23:45",
            "open": "1.4727",
            "high": "1.4748",
            "low": "1.4727",
            "close": "1.4674"
        },
        {
            "time": "04.12.2020 23:46",
            "open": "1.4674",
            "high": "1.4674",
            "low": "1.4671",
            "close": "1.4672"
        },
        {
            "time": "04.12.2020 23:50",
            "open": "1.4672",
            "high": "1.4672",
            "low": "1.4672",
            "close": "1.467"
        },
        {
            "time": "04.12.2020 23:52",
            "open": "1.467",
            "high": "1.467",
            "low": "1.4639",
            "close": "1.4639"
        },
        {
            "time": "04.12.2020 23:53",
            "open": "1.4639",
            "high": "1.4639",
            "low": "1.4639",
            "close": "1.4648"
        },
        {
            "time": "04.12.2020 23:54",
            "open": "1.4648",
            "high": "1.4648",
            "low": "1.4648",
            "close": "1.4619"
        },
        {
            "time": "04.12.2020 23:57",
            "open": "1.4619",
            "high": "1.4619",
            "low": "1.4619",
            "close": "1.4618"
        }
    ]
}